[21:20:02.671] [INFO] log file: E:\Renesas\RA6M5-Robot\Robot_FreeRTOS - Arm\DEBUG\target_state_demo_20260630_212002.log
[21:20:02.672] [INFO] ARM=COM7 JETSON=COM14 baud=115200
[21:20:02.672] [INFO] start frame: AA 01 01 BB
[21:20:02.672] [INFO] stop frame: AA 01 00 BB
[21:20:02.672] [INFO] vision sequence: (9,-10)/2.0s -> (4,-6)/1.0s -> (0,0)/0.0s
[21:20:03.177] [JETSON-TX] TARGET_CTRL STOP: AA 01 00 BB
[21:20:03.225] [ARM] [JETSON_RX] target_ctrl=0
[21:20:03.240] [JETSON-RX] CC 04 00 DD
[21:20:03.240] [JETSON-STATUS] TARGET_CTRL_OFF func=0x04 value=0x00
[21:20:03.441] [ARM-TX] laser_off
[21:20:03.473] [ARM] Found handler for 'laser_off', executing...
[21:20:03.473] [ARM] laser_off
[21:20:03.641] [ARM-TX] soft_reset
[21:20:03.659] [ARM] Found handler for 'soft_reset', executing...
[21:20:03.659] [ARM] ROBOT_SOFT_RESET_EVENT
[21:20:03.659] [ARM] --- Starting soft reset ---
[21:20:03.907] [ARM] Soft reset motors enabled (J1~J5, J6 skipped).
[21:20:03.907] [ARM] Soft resetting joint 4...
[21:20:03.907] [ARM] robot_update_current_angle 4...
[21:20:03.907] [ARM] [4] current:90.00, target:90.00, dir:-1
[21:20:04.030] [ARM] Soft resetting joint 3...
[21:20:04.092] [ARM] robot_update_current_angle 3...
[21:20:04.092] [ARM] [3] current:0.00, target:0.00, dir:-1
[21:20:04.216] [ARM] Soft resetting joint 1...
[21:20:04.216] [ARM] robot_update_current_angle 1...
[21:20:04.216] [ARM] [1] current:90.00, target:90.00, dir:1
[21:20:04.339] [ARM] Soft resetting joint 2...
[21:20:04.339] [ARM] robot_update_current_angle 2...
[21:20:04.339] [ARM] [2] current:-90.13, target:-90.00, dir:1
[21:20:04.463] [ARM] Soft resetting joint 0...
[21:20:04.526] [ARM] robot_update_current_angle 0...
[21:20:04.526] [ARM] [0] current:90.00, target:90.00, dir:1
[21:20:04.713] [ARM] soft reset final verify PASS (issues:0), pose set HOME.
[21:20:04.713] [JETSON-TX] TARGET_CTRL START: AA 01 01 BB
[21:20:04.752] [ARM] [JETSON_RX] target_ctrl=1
[21:20:04.753] [ARM] ROBOT_AUTO_EVENT
[21:20:04.753] [ARM] [0] <0.00 0.00 0.00> result: 90.00 90.00 -90.00 0.00 90.00 0.00 
[21:20:04.753] [ARM] [1] <0.00 -0.00 -0.00> result: 90.00 90.00 -90.00 0.00 90.00 0.00 
[21:20:04.753] [ARM] [2] <0.00 -0.00 -0.00> result: 90.00 90.00 -90.00 0.00 90.00 0.00 
[21:20:04.774] [JETSON-RX] CC 04 01 DD
[21:20:04.774] [JETSON-STATUS] TARGET_CTRL_ON func=0x04 value=0x01
[21:20:04.774] [STEP] waiting READY from RA6...
[21:20:04.776] [ARM] [3] <0.00 -0.01 -0.00> result: 90.00 90.00 -90.00 0.00 90.00 0.00 
[21:20:04.776] [ARM] [4] <0.00 -0.02 -0.00> result: 90.00 90.01 -90.00 0.00 90.00 0.00 
[21:20:04.776] [ARM] [5] <0.00 -0.03 -0.00> result: 90.00 90.01 -89.99 0.00 90.00 0.00 
[21:20:04.776] [ARM] [6] <0.00 -0.05 -0.00> result: 90.00 90.02 -89.99 0.00 90.00 0.00 
[21:20:04.799] [ARM] [7] <0.00 -0.07 -0.00> result: 90.00 90.02 -89.98 0.00 90.00 0.00 
[21:20:04.799] [ARM] [8] <0.00 -0.11 -0.00> result: 90.00 90.03 -89.97 0.00 90.00 0.00 
[21:20:04.799] [ARM] [9] <0.00 -0.15 -0.00> result: 90.00 90.05 -89.96 0.00 90.00 0.00 
[21:20:04.821] [ARM] [10] <0.00 -0.20 -0.01> result: 90.00 90.06 -89.94 0.00 90.01 0.00 
[21:20:04.821] [ARM] [11] <0.00 -0.27 -0.01> result: 90.00 90.08 -89.92 0.00 90.01 0.00 
[21:20:04.821] [ARM] [12] <0.00 -0.34 -0.01> result: 90.00 90.11 -89.90 0.00 90.01 0.00 
[21:20:04.821] [ARM] [13] <0.00 -0.43 -0.01> result: 90.00 90.14 -89.88 0.00 90.01 0.00 
[21:20:04.844] [ARM] [14] <0.00 -0.54 -0.01> result: 90.00 90.17 -89.85 0.00 90.02 0.00 
[21:20:04.844] [ARM] [15] <0.00 -0.65 -0.02> result: 90.00 90.20 -89.81 0.00 90.02 0.00 
[21:20:04.844] [ARM] [16] <0.00 -0.79 -0.02> result: 90.00 90.25 -89.78 0.00 90.02 0.00 
[21:20:04.844] [ARM] [17] <0.00 -0.94 -0.02> result: 90.00 90.29 -89.73 0.00 90.03 0.00 
[21:20:04.867] [ARM] [18] <0.00 -1.10 -0.03> result: 90.00 90.34 -89.69 0.00 90.03 0.00 
[21:20:04.867] [ARM] [19] <0.00 -1.29 -0.03> result: 90.00 90.40 -89.63 0.00 90.03 0.00 
[21:20:04.867] [ARM] [20] <0.00 -1.49 -0.04> result: 90.00 90.46 -89.57 0.00 90.04 0.00 
[21:20:04.867] [ARM] [21] <0.00 -1.72 -0.04> result: 90.00 90.53 -89.51 0.00 90.04 0.00 
[21:20:04.894] [ARM] [22] <0.00 -1.97 -0.05> result: 90.00 90.61 -89.44 0.00 90.05 0.00 
[21:20:04.894] [ARM] [23] <0.00 -2.23 -0.06> result: 90.00 90.69 -89.36 0.00 90.05 0.00 
[21:20:04.894] [ARM] [24] <0.00 -2.52 -0.06> result: 90.00 90.77 -89.28 0.00 90.05 0.00 
[21:20:04.925] [ARM] [25] <0.00 -2.84 -0.07> result: 90.00 90.87 -89.19 0.00 90.06 0.00 
[21:20:04.925] [ARM] [26] <0.00 -3.17 -0.08> result: 90.00 90.97 -89.10 0.00 90.06 0.00 
[21:20:04.925] [ARM] [27] <0.00 -3.53 -0.09> result: 90.00 91.07 -88.99 0.00 90.06 0.00 
[21:20:04.925] [ARM] [28] <0.00 -3.92 -0.10> result: 90.00 91.18 -88.88 0.00 90.07 0.00 
[21:20:04.948] [ARM] [29] <0.00 -4.33 -0.11> result: 90.00 91.30 -88.76 0.00 90.07 0.00 
[21:20:04.948] [ARM] [30] <0.00 -4.77 -0.12> result: 90.00 91.43 -88.64 0.00 90.07 0.00 
[21:20:04.948] [ARM] [31] <0.00 -5.23 -0.13> result: 90.00 91.56 -88.51 0.00 90.07 0.00 
[21:20:04.948] [ARM] [32] <0.00 -5.72 -0.14> result: 90.00 91.70 -88.37 0.00 90.07 0.00 
[21:20:04.970] [ARM] [33] <0.00 -6.24 -0.16> result: 90.00 91.85 -88.22 0.00 90.06 0.00 
[21:20:04.970] [ARM] [34] <0.00 -6.79 -0.17> result: 90.00 92.00 -88.06 0.00 90.06 0.00 
[21:20:04.970] [ARM] [35] <0.00 -7.36 -0.18> result: 90.00 92.16 -87.89 0.00 90.05 0.00 
[21:20:04.970] [ARM] [36] <0.00 -7.96 -0.20> result: 90.00 92.32 -87.72 0.00 90.04 0.00 
[21:20:04.995] [ARM] [37] <0.00 -8.60 -0.21> result: 90.00 92.49 -87.54 0.00 90.03 0.00 
[21:20:04.996] [ARM] [38] <0.00 -9.26 -0.23> result: 90.00 92.67 -87.35 0.00 90.02 0.00 
[21:20:04.996] [ARM] [39] <0.00 -9.95 -0.25> result: 90.00 92.85 -87.15 0.00 90.00 0.00 
[21:20:05.015] [ARM] [40] <0.00 -10.67 -0.27> result: 90.00 93.04 -86.94 0.00 89.98 0.00 
[21:20:05.015] [ARM] [41] <0.00 -11.42 -0.29> result: 90.00 93.24 -86.72 0.00 89.96 0.00 
[21:20:05.015] [ARM] [42] <0.00 -12.20 -0.30> result: 90.00 93.44 -86.50 0.00 89.93 0.00 
[21:20:05.016] [ARM] [43] <0.00 -13.01 -0.33> result: 90.00 93.64 -86.26 0.00 89.91 0.00 
[21:20:05.039] [ARM] [44] <0.00 -13.85 -0.35> result: 90.00 93.85 -86.02 0.00 89.87 0.00 
[21:20:05.039] [ARM] [45] <0.00 -14.72 -0.37> result: 90.00 94.07 -85.77 0.00 89.84 0.00 
[21:20:05.039] [ARM] [46] <0.00 -15.62 -0.39> result: 90.00 94.29 -85.51 0.00 89.80 0.00 
[21:20:05.039] [ARM] [47] <0.00 -16.55 -0.41> result: 90.00 94.52 -85.24 0.00 89.75 0.00 
[21:20:05.061] [ARM] [48] <0.00 -17.51 -0.44> result: 90.00 94.75 -84.96 0.00 89.70 0.00 
[21:20:05.062] [ARM] [49] <0.00 -18.49 -0.46> result: 90.00 94.98 -84.67 0.00 89.65 0.00 
[21:20:05.062] [ARM] [50] <0.00 -19.51 -0.49> result: 90.00 95.22 -84.37 0.00 89.59 0.00 
[21:20:05.062] [ARM] [51] <0.00 -20.56 -0.51> result: 90.00 95.47 -84.06 0.00 89.53 0.00 
[21:20:05.084] [ARM] [52] <0.00 -21.64 -0.54> result: 90.00 95.71 -83.75 0.00 89.46 0.00 
[21:20:05.084] [ARM] [53] <0.00 -22.74 -0.57> result: 90.00 95.97 -83.43 0.00 89.39 0.00 
[21:20:05.085] [ARM] [54] <0.00 -23.88 -0.60> result: 90.00 96.22 -83.09 0.00 89.32 0.00 
[21:20:05.119] [ARM] [55] <0.00 -25.04 -0.63> result: 90.00 96.48 -82.75 0.00 89.23 0.00 
[21:20:05.119] [ARM] [56] <0.00 -26.23 -0.66> result: 90.00 96.74 -82.40 0.00 89.15 0.00 
[21:20:05.119] [ARM] [57] <0.00 -27.44 -0.69> result: 90.00 97.01 -82.05 0.00 89.06 0.00 
[21:20:05.119] [ARM] [58] <0.00 -28.68 -0.72> result: 90.00 97.28 -81.68 0.00 88.96 0.00 
[21:20:05.142] [ARM] [59] <0.00 -29.95 -0.75> result: 90.00 97.55 -81.31 0.00 88.86 0.00 
[21:20:05.142] [ARM] [60] <0.00 -31.25 -0.78> result: 90.00 97.83 -80.92 0.00 88.75 0.00 
[21:20:05.142] [ARM] [61] <0.00 -32.57 -0.81> result: 90.00 98.10 -80.53 0.00 88.64 0.00 
[21:20:05.142] [ARM] [62] <0.00 -33.91 -0.85> result: 90.00 98.39 -80.14 0.00 88.52 0.00 
[21:20:05.164] [ARM] [63] <0.00 -35.28 -0.88> result: 90.00 98.67 -79.73 0.00 88.40 0.00 
[21:20:05.164] [ARM] [64] <0.00 -36.67 -0.92> result: 90.00 98.95 -79.32 0.00 88.27 0.00 
[21:20:05.164] [ARM] [65] <0.00 -38.08 -0.95> result: 90.00 99.24 -78.90 0.00 88.14 0.00 
[21:20:05.188] [ARM] [66] <0.00 -39.51 -0.99> result: 90.00 99.53 -78.47 0.00 88.00 0.00 
[21:20:05.188] [ARM] [67] <0.00 -40.97 -1.02> result: 90.00 99.82 -78.04 0.00 87.86 0.00 
[21:20:05.188] [ARM] [68] <0.00 -42.44 -1.06> result: 90.00 100.11 -77.60 0.00 87.71 0.00 
[21:20:05.188] [ARM] [69] <0.00 -43.94 -1.10> result: 90.00 100.41 -77.15 0.00 87.56 0.00 
[21:20:05.210] [ARM] [70] <0.00 -45.45 -1.14> result: 90.00 100.70 -76.70 0.00 87.41 0.00 
[21:20:05.211] [ARM] [71] <0.00 -46.98 -1.17> result: 90.00 101.00 -76.24 0.00 87.25 0.00 
[21:20:05.211] [ARM] [72] <0.00 -48.53 -1.21> result: 90.00 101.30 -75.78 0.00 87.08 0.00 
[21:20:05.211] [ARM] [73] <0.00 -50.09 -1.25> result: 90.00 101.60 -75.31 0.00 86.91 0.00 
[21:20:05.234] [ARM] [74] <0.00 -51.67 -1.29> result: 90.00 101.90 -74.84 0.00 86.74 0.00 
[21:20:05.234] [ARM] [75] <0.00 -53.26 -1.33> result: 90.00 102.20 -74.36 0.00 86.56 0.00 
[21:20:05.234] [ARM] [76] <0.00 -54.86 -1.37> result: 90.00 102.51 -73.87 0.00 86.38 0.00 
[21:20:05.256] [ARM] [77] <0.00 -56.48 -1.41> result: 90.00 102.81 -73.39 0.00 86.20 0.00 
[21:20:05.256] [ARM] [78] <0.00 -58.11 -1.45> result: 90.00 103.11 -72.89 0.00 86.01 0.00 
[21:20:05.256] [ARM] [79] <0.00 -59.75 -1.49> result: 90.00 103.42 -72.40 0.00 85.82 0.00 
[21:20:05.256] [ARM] [80] <0.00 -60.00 -1.50> result: 90.00 103.47 -72.32 0.00 85.79 0.00 
[21:20:05.290] [ARM] [81] <0.00 -60.00 -1.50> result: 90.00 103.47 -72.32 0.00 85.79 0.00 
[21:20:05.291] [ARM] [82] <0.00 -60.00 -1.50> result: 90.00 103.47 -72.32 0.00 85.79 0.00 
[21:20:05.291] [ARM] [83] <0.00 -60.00 -1.50> result: 90.00 103.47 -72.32 0.00 85.79 0.00 
[21:20:05.291] [ARM] [84] <0.00 -60.00 -1.50> result: 90.00 103.47 -72.32 0.00 85.79 0.00 
[21:20:05.314] [ARM] [85] <0.00 -60.00 -1.50> result: 90.00 103.47 -72.32 0.00 85.79 0.00 
[21:20:05.314] [ARM] [86] <0.00 -60.00 -1.50> result: 90.00 103.47 -72.32 0.00 85.79 0.00 
[21:20:05.314] [ARM] [87] <0.00 -60.00 -1.50> result: 90.00 103.47 -72.32 0.00 85.79 0.00 
[21:20:05.337] [ARM] [88] <0.00 -60.00 -1.50> result: 90.00 103.47 -72.32 0.00 85.79 0.00 
[21:20:05.337] [ARM] [89] <0.00 -60.00 -1.50> result: 90.00 103.47 -72.32 0.00 85.79 0.00 
[21:20:05.337] [ARM] [90] <0.00 -60.00 -1.50> result: 90.00 103.47 -72.32 0.00 85.79 0.00 
[21:20:05.337] [ARM] [91] <0.00 -60.00 -1.50> result: 90.00 103.47 -72.32 0.00 85.79 0.00 
[21:20:05.360] [ARM] [92] <0.00 -60.00 -1.50> result: 90.00 103.47 -72.32 0.00 85.79 0.00 
[21:20:05.360] [ARM] [93] <0.00 -60.00 -1.50> result: 90.00 103.47 -72.32 0.00 85.79 0.00 
[21:20:05.360] [ARM] [94] <0.00 -60.00 -1.50> result: 90.00 103.47 -72.32 0.00 85.79 0.00 
[21:20:05.360] [ARM] [95] <0.00 -60.00 -1.50> result: 90.00 103.47 -72.32 0.00 85.79 0.00 
[21:20:05.382] [ARM] [96] <0.00 -60.00 -1.50> result: 90.00 103.47 -72.32 0.00 85.79 0.00 
[21:20:05.382] [ARM] [97] <0.00 -60.00 -1.50> result: 90.00 103.47 -72.32 0.00 85.79 0.00 
[21:20:05.382] [ARM] [98] <0.00 -60.00 -1.50> result: 90.00 103.47 -72.32 0.00 85.79 0.00 
[21:20:05.405] [ARM] [99] <0.00 -60.00 -1.50> result: 90.00 103.47 -72.32 0.00 85.79 0.00 
[21:20:05.405] [ARM] [100] <0.00 -60.00 -1.50> result: 90.00 103.47 -72.32 0.00 85.79 0.00 
[21:20:05.405] [ARM] [101] <0.00 -60.00 -1.50> result: 90.00 103.47 -72.32 0.00 85.79 0.00 
[21:20:05.405] [ARM] [102] <0.00 -60.00 -1.50> result: 90.00 103.47 -72.32 0.00 85.79 0.00 
[21:20:05.429] [ARM] [103] <0.00 -60.00 -1.50> result: 90.00 103.47 -72.32 0.00 85.79 0.00 
[21:20:05.429] [ARM] [104] <0.00 -60.00 -1.50> result: 90.00 103.47 -72.32 0.00 85.79 0.00 
[21:20:05.429] [ARM] [105] <0.00 -60.00 -1.50> result: 90.00 103.47 -72.32 0.00 85.79 0.00 
[21:20:05.429] [ARM] [106] <0.00 -60.00 -1.50> result: 90.00 103.47 -72.32 0.00 85.79 0.00 
[21:20:05.451] [ARM] [107] <0.00 -60.00 -1.50> result: 90.00 103.47 -72.32 0.00 85.79 0.00 
[21:20:05.451] [ARM] [108] <0.00 -60.00 -1.50> result: 90.00 103.47 -72.32 0.00 85.79 0.00 
[21:20:05.451] [ARM] [109] <0.00 -60.00 -1.50> result: 90.00 103.47 -72.32 0.00 85.79 0.00 
[21:20:05.485] [ARM] [110] <0.00 -60.00 -1.50> result: 90.00 103.47 -72.32 0.00 85.79 0.00 
[21:20:05.485] [ARM] [111] <0.00 -60.00 -1.50> result: 90.00 103.47 -72.32 0.00 85.79 0.00 
[21:20:05.485] [ARM] [112] <0.00 -60.00 -1.50> result: 90.00 103.47 -72.32 0.00 85.79 0.00 
[21:20:05.485] [ARM] [113] <0.00 -60.00 -1.50> result: 90.00 103.47 -72.32 0.00 85.79 0.00 
[21:20:05.509] [ARM] [114] <0.00 -60.00 -1.50> result: 90.00 103.47 -72.32 0.00 85.79 0.00 
[21:20:05.509] [ARM] [115] <0.00 -60.00 -1.50> result: 90.00 103.47 -72.32 0.00 85.79 0.00 
[21:20:05.509] [ARM] [116] <0.00 -60.00 -1.50> result: 90.00 103.47 -72.32 0.00 85.79 0.00 
[21:20:05.531] [ARM] [117] <0.00 -60.00 -1.50> result: 90.00 103.47 -72.32 0.00 85.79 0.00 
[21:20:05.531] [ARM] [118] <0.00 -60.00 -1.50> result: 90.00 103.47 -72.32 0.00 85.79 0.00 
[21:20:05.531] [ARM] [119] <0.00 -60.00 -1.50> result: 90.00 103.47 -72.32 0.00 85.79 0.00 
[21:20:05.531] [ARM] [120] <0.00 -60.00 -1.50> result: 90.00 103.47 -72.32 0.00 85.79 0.00 
[21:20:05.555] [ARM] [121] <0.00 -60.00 -1.50> result: 90.00 103.47 -72.32 0.00 85.79 0.00 
[21:20:05.555] [ARM] [122] <0.00 -60.00 -1.50> result: 90.00 103.47 -72.32 0.00 85.79 0.00 
[21:20:05.555] [ARM] [123] <0.00 -60.00 -1.50> result: 90.00 103.47 -72.32 0.00 85.79 0.00 
[21:20:05.555] [ARM] [124] <0.00 -60.00 -1.50> result: 90.00 103.47 -72.32 0.00 85.79 0.00 
[21:20:05.577] [ARM] [125] <0.00 -60.00 -1.50> result: 90.00 103.47 -72.32 0.00 85.79 0.00 
[21:20:05.577] [ARM] [126] <0.00 -60.00 -1.50> result: 90.00 103.47 -72.32 0.00 85.79 0.00 
[21:20:05.577] [ARM] [127] <0.00 -60.00 -1.50> result: 90.00 103.47 -72.32 0.00 85.79 0.00 
[21:20:05.601] [ARM] [128] <0.00 -60.00 -1.50> result: 90.00 103.47 -72.32 0.00 85.79 0.00 
[21:20:05.601] [ARM] [129] <0.00 -60.00 -1.50> result: 90.00 103.47 -72.32 0.00 85.79 0.00 
[21:20:05.601] [ARM] [130] <0.00 -60.00 -1.50> result: 90.00 103.47 -72.32 0.00 85.79 0.00 
[21:20:05.601] [ARM] [131] <0.00 -60.00 -1.50> result: 90.00 103.47 -72.32 0.00 85.79 0.00 
[21:20:05.623] [ARM] [132] <0.00 -60.00 -1.50> result: 90.00 103.47 -72.32 0.00 85.79 0.00 
[21:20:05.623] [ARM] [133] <0.00 -60.00 -1.50> result: 90.00 103.47 -72.32 0.00 85.79 0.00 
[21:20:05.624] [ARM] [134] <0.00 -60.00 -1.50> result: 90.00 103.47 -72.32 0.00 85.79 0.00 
[21:20:05.658] [ARM] [135] <0.00 -60.00 -1.50> result: 90.00 103.47 -72.32 0.00 85.79 0.00 
[21:20:05.658] [ARM] [136] <0.00 -60.00 -1.50> result: 90.00 103.47 -72.32 0.00 85.79 0.00 
[21:20:05.658] [ARM] [137] <0.00 -60.00 -1.50> result: 90.00 103.47 -72.32 0.00 85.79 0.00 
[21:20:05.658] [ARM] [138] <0.00 -60.00 -1.50> result: 90.00 103.47 -72.32 0.00 85.79 0.00 
[21:20:05.681] [ARM] [139] <0.00 -60.00 -1.50> result: 90.00 103.47 -72.32 0.00 85.79 0.00 
[21:20:05.681] [ARM] [140] <0.00 -60.00 -1.50> result: 90.00 103.47 -72.32 0.00 85.79 0.00 
[21:20:05.681] [ARM] [141] <0.00 -60.00 -1.50> result: 90.00 103.47 -72.32 0.00 85.79 0.00 
[21:20:05.681] [ARM] [142] <0.00 -60.00 -1.50> result: 90.00 103.47 -72.32 0.00 85.79 0.00 
[21:20:05.704] [ARM] [143] <0.00 -60.00 -1.50> result: 90.00 103.47 -72.32 0.00 85.79 0.00 
[21:20:05.704] [ARM] [144] <0.00 -60.00 -1.50> result: 90.00 103.47 -72.32 0.00 85.79 0.00 
[21:20:05.704] [ARM] [145] <0.00 -60.00 -1.50> result: 90.00 103.47 -72.32 0.00 85.79 0.00 
[21:20:05.726] [ARM] [146] <0.00 -60.00 -1.50> result: 90.00 103.47 -72.32 0.00 85.79 0.00 
[21:20:05.726] [ARM] [147] <0.00 -60.00 -1.50> result: 90.00 103.47 -72.32 0.00 85.79 0.00 
[21:20:05.726] [ARM] [148] <0.00 -60.00 -1.50> result: 90.00 103.47 -72.32 0.00 85.79 0.00 
[21:20:05.726] [ARM] [149] <0.00 -60.00 -1.50> result: 90.00 103.47 -72.32 0.00 85.79 0.00 
[21:20:05.749] [ARM] [150] <0.00 -60.00 -1.50> result: 90.00 103.47 -72.32 0.00 85.79 0.00 
[21:20:05.749] [ARM] [151] <0.00 -60.00 -1.50> result: 90.00 103.47 -72.32 0.00 85.79 0.00 
[21:20:05.749] [ARM] [152] <0.00 -60.00 -1.50> result: 90.00 103.47 -72.32 0.00 85.79 0.00 
[21:20:05.773] [ARM] [153] <0.00 -60.00 -1.50> result: 90.00 103.47 -72.32 0.00 85.79 0.00 
[21:20:05.773] [ARM] [154] <0.00 -60.00 -1.50> result: 90.00 103.47 -72.32 0.00 85.79 0.00 
[21:20:05.773] [ARM] [155] <0.00 -60.00 -1.50> result: 90.00 103.47 -72.32 0.00 85.79 0.00 
[21:20:05.773] [ARM] [156] <0.00 -60.00 -1.50> result: 90.00 103.47 -72.32 0.00 85.79 0.00 
[21:20:05.795] [ARM] [157] <0.00 -60.00 -1.50> result: 90.00 103.47 -72.32 0.00 85.79 0.00 
[21:20:05.796] [ARM] [158] <0.00 -60.00 -1.50> result: 90.00 103.47 -72.32 0.00 85.79 0.00 
[21:20:05.796] [ARM] [159] <0.00 -60.00 -1.50> result: 90.00 103.47 -72.32 0.00 85.79 0.00 
[21:20:05.796] [ARM] [160] <0.00 -60.00 -1.50> result: 90.00 103.47 -72.32 0.00 85.79 0.00 
[21:20:05.819] [ARM] [161] <0.00 -60.00 -1.50> result: 90.00 103.47 -72.32 0.00 85.79 0.00 
[21:20:05.819] [ARM] [162] <0.00 -60.00 -1.50> result: 90.00 103.47 -72.32 0.00 85.79 0.00 
[21:20:05.819] [ARM] [163] <0.00 -60.00 -1.50> result: 90.00 103.47 -72.32 0.00 85.79 0.00 
[21:20:05.852] [ARM] [164] <0.00 -60.00 -1.50> result: 90.00 103.47 -72.32 0.00 85.79 0.00 
[21:20:05.852] [ARM] [165] <0.00 -60.00 -1.50> result: 90.00 103.47 -72.32 0.00 85.79 0.00 
[21:20:05.852] [ARM] [166] <0.00 -60.00 -1.50> result: 90.00 103.47 -72.32 0.00 85.79 0.00 
[21:20:05.852] [ARM] [167] <0.00 -60.00 -1.50> result: 90.00 103.47 -72.32 0.00 85.79 0.00 
[21:20:05.876] [ARM] [168] <0.00 -60.00 -1.50> result: 90.00 103.47 -72.32 0.00 85.79 0.00 
[21:20:05.876] [ARM] [169] <0.00 -60.00 -1.50> result: 90.00 103.47 -72.32 0.00 85.79 0.00 
[21:20:05.878] [ARM] [170] <0.00 -60.00 -1.50> result: 90.00 103.47 -72.32 0.00 85.79 0.00 
[21:20:05.899] [ARM] [171] <0.00 -60.00 -1.50> result: 90.00 103.47 -72.32 0.00 85.79 0.00 
[21:20:05.899] [ARM] [172] <0.00 -60.00 -1.50> result: 90.00 103.47 -72.32 0.00 85.79 0.00 
[21:20:05.899] [ARM] [173] <0.00 -60.00 -1.50> result: 90.00 103.47 -72.32 0.00 85.79 0.00 
[21:20:05.899] [ARM] [174] <0.00 -60.00 -1.50> result: 90.00 103.47 -72.32 0.00 85.79 0.00 
[21:20:05.954] [ARM] [175] <0.00 -60.00 -1.50> result: 90.00 103.47 -72.32 0.00 85.79 0.00 
[21:20:05.954] [ARM] [176] <0.00 -60.00 -1.50> result: 90.00 103.47 -72.32 0.00 85.79 0.00 
[21:20:07.835] [JETSON-RX] CC 01 01 DD
[21:20:07.835] [JETSON-STATUS] READY func=0x01 value=0x01
[21:20:07.835] [JETSON-TX] vision sender enabled: period=0.200s.
[21:20:07.835] [STEP] sending vision sequence (9,-10)/2.0s -> (4,-6)/1.0s -> (0,0)/0.0s, waiting ALIGN_DONE...
[21:20:07.882] [ARM] [jpint 1] ave_error:0.00
[21:20:07.882] [ARM] [jpint 2] ave_error:4.00
[21:20:07.882] [ARM] [jpint 3] ave_error:5.56
[21:20:07.882] [ARM] [jpint 4] ave_error:0.00
[21:20:07.882] [ARM] [jpint 5] ave_error:6.10
[21:20:07.882] [ARM] 
[21:20:07.882] [ARM] robot pid run finished!!
[21:20:07.884] [JETSON-TX] vision step 1/3: dcx=9 dcy=-10 hold=2.0s frame=FF 05 03 09 00 F6 FF 06 FE
[21:20:07.932] [ARM] [JETSON_RX] vision dcx=9 dcy=-10
[21:20:07.932] [ARM] [TARGET] vision state=WAIT_DETECT enabled=1 dcx=9 dcy=-10 stable=0
[21:20:07.932] [ARM] ROBOT_AUTO_EVENT
[21:20:07.932] [ARM] [0] <0.00 -60.00 -1.50> result: 90.00 103.47 -72.32 0.00 85.79 0.00 
[21:20:07.955] [ARM] [1] <0.00 -60.00 -1.50> result: 90.00 103.47 -72.32 -0.00 85.79 0.00 
[21:20:07.956] [ARM] [2] <0.01 -60.00 -1.51> result: 90.00 103.47 -72.32 -0.00 85.79 0.00 
[21:20:07.956] [ARM] [3] <0.02 -60.00 -1.52> result: 90.01 103.48 -72.32 -0.01 85.80 0.00 
[21:20:07.956] [ARM] [4] <0.05 -60.00 -1.55> result: 90.02 103.49 -72.32 -0.02 85.81 0.00 
[21:20:07.977] [ARM] [5] <0.08 -60.00 -1.58> result: 90.04 103.51 -72.32 -0.04 85.83 0.00 
[21:20:07.977] [ARM] [6] <0.14 -60.00 -1.64> result: 90.07 103.54 -72.33 -0.07 85.86 0.00 
[21:20:07.977] [ARM] [7] <0.21 -60.00 -1.71> result: 90.11 103.57 -72.33 -0.11 85.90 0.00 
[21:20:07.977] [ARM] [8] <0.29 -60.00 -1.79> result: 90.16 103.62 -72.33 -0.16 85.95 0.00 
[21:20:08.002] [ARM] [9] <0.40 -60.00 -1.90> result: 90.21 103.67 -72.34 -0.22 86.01 0.00 
[21:20:08.002] [ARM] [10] <0.53 -60.00 -2.03> result: 90.28 103.74 -72.34 -0.28 86.08 0.00 
[21:20:08.002] [ARM] [11] <0.68 -60.00 -2.18> result: 90.36 103.82 -72.35 -0.36 86.16 0.00 
[21:20:08.023] [ARM] [12] <0.86 -60.00 -2.36> result: 90.46 103.90 -72.35 -0.46 86.26 0.00 
[21:20:08.023] [ARM] [13] <1.05 -60.00 -2.55> result: 90.56 104.00 -72.36 -0.56 86.36 0.00 
[21:20:08.023] [ARM] [14] <1.26 -60.00 -2.76> result: 90.67 104.11 -72.37 -0.67 86.48 0.00 
[21:20:08.023] [ARM] [15] <1.49 -60.00 -2.99> result: 90.79 104.23 -72.37 -0.79 86.60 0.00 
[21:20:08.047] [ARM] [16] <1.74 -60.00 -3.24> result: 90.92 104.36 -72.38 -0.93 86.74 0.00 
[21:20:08.047] [ARM] [17] <2.00 -60.00 -3.50> result: 91.06 104.49 -72.39 -1.06 86.88 0.00 
[21:20:08.047] [ARM] [18] <2.27 -60.00 -3.77> result: 91.21 104.63 -72.40 -1.21 87.03 0.00 
[21:20:08.047] [ARM] [19] <2.50 -60.00 -4.00> result: 91.33 104.75 -72.40 -1.33 87.15 0.00 
[21:20:08.082] [ARM] [20] <2.50 -60.00 -4.00> result: 91.33 104.75 -72.40 -1.33 87.15 0.00 
[21:20:08.082] [ARM] [21] <2.50 -60.00 -4.00> result: 91.33 104.75 -72.40 -1.33 87.15 0.00 
[21:20:08.082] [ARM] [22] <2.50 -60.00 -4.00> result: 91.33 104.75 -72.40 -1.33 87.15 0.00 
[21:20:08.104] [ARM] [23] <2.50 -60.00 -4.00> result: 91.33 104.75 -72.40 -1.33 87.15 0.00 
[21:20:08.104] [ARM] [24] <2.50 -60.00 -4.00> result: 91.33 104.75 -72.40 -1.33 87.15 0.00 
[21:20:08.105] [ARM] [25] <2.50 -60.00 -4.00> result: 91.33 104.75 -72.40 -1.33 87.15 0.00 
[21:20:08.105] [ARM] [26] <2.50 -60.00 -4.00> result: 91.33 104.75 -72.40 -1.33 87.15 0.00 
[21:20:08.130] [ARM] [27] <2.50 -60.00 -4.00> result: 91.33 104.75 -72.40 -1.33 87.15 0.00 
[21:20:08.130] [ARM] [28] <2.50 -60.00 -4.00> result: 91.33 104.75 -72.40 -1.33 87.15 0.00 
[21:20:08.130] [ARM] [29] <2.50 -60.00 -4.00> result: 91.33 104.75 -72.40 -1.33 87.15 0.00 
[21:20:08.152] [ARM] [30] <2.50 -60.00 -4.00> result: 91.33 104.75 -72.40 -1.33 87.15 0.00 
[21:20:08.152] [ARM] [31] <2.50 -60.00 -4.00> result: 91.33 104.75 -72.40 -1.33 87.15 0.00 
[21:20:08.152] [ARM] [32] <2.50 -60.00 -4.00> result: 91.33 104.75 -72.40 -1.33 87.15 0.00 
[21:20:08.152] [ARM] [33] <2.50 -60.00 -4.00> result: 91.33 104.75 -72.40 -1.33 87.15 0.00 
[21:20:08.175] [ARM] [34] <2.50 -60.00 -4.00> result: 91.33 104.75 -72.40 -1.33 87.15 0.00 
[21:20:08.175] [ARM] [35] <2.50 -60.00 -4.00> result: 91.33 104.75 -72.40 -1.33 87.15 0.00 
[21:20:08.175] [ARM] [36] <2.50 -60.00 -4.00> result: 91.33 104.75 -72.40 -1.33 87.15 0.00 
[21:20:08.177] [ARM] [37] <2.50 -60.00 -4.00> result: 91.33 104.75 -72.40 -1.33 87.15 0.00 
[21:20:08.198] [ARM] [38] <2.50 -60.00 -4.00> result: 91.33 104.75 -72.40 -1.33 87.15 0.00 
[21:20:08.198] [ARM] [39] <2.50 -60.00 -4.00> result: 91.33 104.75 -72.40 -1.33 87.15 0.00 
[21:20:08.198] [ARM] [40] <2.50 -60.00 -4.00> result: 91.33 104.75 -72.40 -1.33 87.15 0.00 
[21:20:08.241] [ARM] [41] <2.50 -60.00 -4.00> result: 91.33 104.75 -72.40 -1.33 87.15 0.00 
[21:20:08.241] [ARM] [42] <2.50 -60.00 -4.00> result: 91.33 104.75 -72.40 -1.33 87.15 0.00 
[21:20:08.241] [ARM] [43] <2.50 -60.00 -4.00> result: 91.33 104.75 -72.40 -1.33 87.15 0.00 
[21:20:08.241] [ARM] [TARGET] vision state=ALIGN enabled=1 dcx=9 dcy=-10 stable=0
[21:20:08.304] [ARM] [TARGET] align step dx=2.50 dz=-2.50 target=<2.50 -60.00 -4.00>
[21:20:08.366] [ARM] [JETSON_RX] vision dcx=9 dcy=-10
[21:20:08.366] [ARM] [TARGET] vision state=ALIGN enabled=1 dcx=9 dcy=-10 stable=0
[21:20:08.550] [ARM] [TARGET] align step dx=2.50 dz=-2.50 target=<2.50 -60.00 -4.00>
[21:20:08.550] [ARM] [JETSON_RX] vision dcx=9 dcy=-10
[21:20:08.550] [ARM] [TARGET] vision state=ALIGN enabled=1 dcx=9 dcy=-10 stable=0
[21:20:08.735] [ARM] [JETSON_RX] vision dcx=9 dcy=-10
[21:20:08.735] [ARM] [TARGET] vision state=ALIGN enabled=1 dcx=9 dcy=-10 stable=0
[21:20:08.798] [ARM] [TARGET] align step dx=2.50 dz=-2.50 target=<2.50 -60.00 -4.00>
[21:20:08.798] [ARM] [jpint 1] ave_error:0.22
[21:20:08.798] [ARM] [jpint 2] ave_error:8.14
[21:20:08.798] [ARM] [jpint 3] ave_error:13.76
[21:20:08.798] [ARM] [jpint 4] ave_error:0.22
[21:20:08.798] [ARM] [jpint 5] ave_error:2.05
[21:20:08.798] [ARM] 
[21:20:08.798] [ARM] robot pid run finished!!
[21:20:08.923] [ARM] ROBOT_AUTO_EVENT
[21:20:08.923] [ARM] [0] <2.50 -60.00 -4.00> result: 91.33 104.75 -72.40 -1.33 87.15 0.00 
[21:20:08.923] [ARM] [JETSON_RX] vision dcx=9 dcy=-10
[21:20:08.923] [ARM] [TARGET] vision state=ALIGN enabled=1 dcx=9 dcy=-10 stable=0
[21:20:08.983] [ARM] [jpint 1] ave_error:91.29
[21:20:08.983] [ARM] [jpint 2] ave_error:110.91
[21:20:08.983] [ARM] [jpint 3] ave_error:61.90
[21:20:08.983] [ARM] [jpint 4] ave_error:1.35
[21:20:08.983] [ARM] [jpint 5] ave_error:88.11
[21:20:08.983] [ARM] 
[21:20:08.983] [ARM] robot pid run finished!!
[21:20:09.046] [ARM] [TARGET] align step dx=2.50 dz=-2.50 target=<5.00 -60.00 -6.50>
[21:20:09.109] [ARM] ROBOT_AUTO_EVENT
[21:20:09.109] [ARM] [0] <2.50 -60.00 -4.00> result: 91.33 104.75 -72.40 -1.33 87.15 0.00 
[21:20:09.171] [ARM] [JETSON_RX] vision dcx=9 dcy=-10
[21:20:09.171] [ARM] [TARGET] vision state=ALIGN enabled=1 dcx=9 dcy=-10 stable=0
[21:20:09.233] [ARM] [jpint 1] ave_error:91.16
[21:20:09.233] [ARM] [jpint 2] ave_error:110.83
[21:20:09.233] [ARM] [jpint 3] ave_error:61.78
[21:20:09.233] [ARM] [jpint 4] ave_error:1.21
[21:20:09.233] [ARM] [jpint 5] ave_error:87.86
[21:20:09.233] [ARM] 
[21:20:09.233] [ARM] robot pid run finished!!
[21:20:09.294] [ARM] [TARGET] align step dx=2.50 dz=-2.50 target=<5.00 -60.00 -6.50>
[21:20:09.355] [ARM] [JETSON_RX] vision dcx=9 dcy=-10
[21:20:09.355] [ARM] [TARGET] vision state=ALIGN enabled=1 dcx=9 dcy=-10 stable=0
[21:20:09.355] [ARM] ROBOT_AUTO_EVENT
[21:20:09.355] [ARM] [0] <2.50 -60.00 -4.00> result: 91.33 104.75 -72.40 -1.33 87.15 0.00 
[21:20:09.480] [ARM] [jpint 1] ave_error:91.03
[21:20:09.480] [ARM] [jpint 2] ave_error:110.76
[21:20:09.480] [ARM] [jpint 3] ave_error:61.66
[21:20:09.480] [ARM] [jpint 4] ave_error:1.07
[21:20:09.480] [ARM] [jpint 5] ave_error:87.60
[21:20:09.480] [ARM] 
[21:20:09.480] [ARM] robot pid run finished!!
[21:20:09.539] [ARM] [JETSON_RX] vision dcx=9 dcy=-10
[21:20:09.539] [ARM] [TARGET] vision state=ALIGN enabled=1 dcx=9 dcy=-10 stable=0
[21:20:09.539] [ARM] [TARGET] align step dx=2.50 dz=-2.50 target=<5.00 -60.00 -6.50>
[21:20:09.539] [ARM] ROBOT_AUTO_EVENT
[21:20:09.539] [ARM] [0] <2.50 -60.00 -4.00> result: 91.33 104.75 -72.40 -1.33 87.15 0.00 
[21:20:09.564] [ARM] [1] <2.50 -60.00 -4.00> result: 91.33 104.75 -72.40 -1.33 87.16 0.00 
[21:20:09.564] [ARM] [2] <2.51 -60.00 -4.01> result: 91.33 104.76 -72.40 -1.34 87.16 0.00 
[21:20:09.564] [ARM] [3] <2.52 -60.00 -4.02> result: 91.34 104.76 -72.40 -1.34 87.17 0.00 
[21:20:09.597] [ARM] [4] <2.55 -60.00 -4.05> result: 91.35 104.78 -72.40 -1.36 87.18 0.00 
[21:20:09.597] [ARM] [5] <2.58 -60.00 -4.08> result: 91.37 104.79 -72.40 -1.38 87.20 0.00 
[21:20:09.597] [ARM] [6] <2.64 -60.00 -4.14> result: 91.40 104.82 -72.41 -1.40 87.23 0.00 
[21:20:09.597] [ARM] [7] <2.71 -60.00 -4.21> result: 91.44 104.86 -72.41 -1.44 87.27 0.00 
[21:20:09.620] [ARM] [8] <2.79 -60.00 -4.29> result: 91.49 104.90 -72.41 -1.49 87.31 0.00 
[21:20:09.621] [ARM] [9] <2.90 -60.00 -4.40> result: 91.55 104.96 -72.41 -1.55 87.37 0.00 
[21:20:09.621] [ARM] [10] <3.03 -60.00 -4.53> result: 91.61 105.03 -72.41 -1.62 87.44 0.00 
[21:20:09.621] [ARM] [11] <3.18 -60.00 -4.68> result: 91.69 105.11 -72.42 -1.70 87.53 0.00 
[21:20:09.643] [ARM] [12] <3.36 -60.00 -4.86> result: 91.79 105.20 -72.42 -1.79 87.62 0.00 
[21:20:09.643] [ARM] [13] <3.55 -60.00 -5.05> result: 91.89 105.30 -72.43 -1.89 87.72 0.00 
[21:20:09.643] [ARM] [14] <3.76 -60.00 -5.26> result: 92.00 105.41 -72.43 -2.00 87.84 0.00 
[21:20:09.666] [ARM] [15] <3.99 -60.00 -5.49> result: 92.12 105.53 -72.43 -2.12 87.96 0.00 
[21:20:09.667] [ARM] [16] <4.24 -60.00 -5.74> result: 92.25 105.66 -72.44 -2.26 88.10 0.00 
[21:20:09.667] [ARM] [17] <4.50 -60.00 -6.00> result: 92.39 105.79 -72.44 -2.39 88.24 0.00 
[21:20:09.667] [ARM] [18] <4.77 -60.00 -6.27> result: 92.54 105.94 -72.45 -2.54 88.38 0.00 
[21:20:09.689] [ARM] [19] <5.00 -60.00 -6.50> result: 92.66 106.06 -72.45 -2.66 88.51 0.00 
[21:20:09.689] [ARM] [20] <5.00 -60.00 -6.50> result: 92.66 106.06 -72.45 -2.66 88.51 0.00 
[21:20:09.689] [ARM] [21] <5.00 -60.00 -6.50> result: 92.66 106.06 -72.45 -2.66 88.51 0.00 
[21:20:09.712] [ARM] [22] <5.00 -60.00 -6.50> result: 92.66 106.06 -72.45 -2.66 88.51 0.00 
[21:20:09.712] [ARM] [23] <5.00 -60.00 -6.50> result: 92.66 106.06 -72.45 -2.66 88.51 0.00 
[21:20:09.713] [ARM] [24] <5.00 -60.00 -6.50> result: 92.66 106.06 -72.45 -2.66 88.51 0.00 
[21:20:09.713] [ARM] [25] <5.00 -60.00 -6.50> result: 92.66 106.06 -72.45 -2.66 88.51 0.00 
[21:20:09.736] [ARM] [26] <5.00 -60.00 -6.50> result: 92.66 106.06 -72.45 -2.66 88.51 0.00 
[21:20:09.737] [ARM] [27] <5.00 -60.00 -6.50> result: 92.66 106.06 -72.45 -2.66 88.51 0.00 
[21:20:09.737] [ARM] [28] <5.00 -60.00 -6.50> result: 92.66 106.06 -72.45 -2.66 88.51 0.00 
[21:20:09.737] [ARM] [29] <5.00 -60.00 -6.50> result: 92.66 106.06 -72.45 -2.66 88.51 0.00 
[21:20:09.760] [ARM] [30] <5.00 -60.00 -6.50> result: 92.66 106.06 -72.45 -2.66 88.51 0.00 
[21:20:09.760] [ARM] [31] <5.00 -60.00 -6.50> result: 92.66 106.06 -72.45 -2.66 88.51 0.00 
[21:20:09.760] [ARM] [32] <5.00 -60.00 -6.50> result: 92.66 106.06 -72.45 -2.66 88.51 0.00 
[21:20:09.793] [ARM] [33] <5.00 -60.00 -6.50> result: 92.66 106.06 -72.45 -2.66 88.51 0.00 
[21:20:09.793] [ARM] [34] <5.00 -60.00 -6.50> result: 92.66 106.06 -72.45 -2.66 88.51 0.00 
[21:20:09.793] [ARM] [35] <5.00 -60.00 -6.50> result: 92.66 106.06 -72.45 -2.66 88.51 0.00 
[21:20:09.793] [ARM] [36] <5.00 -60.00 -6.50> result: 92.66 106.06 -72.45 -2.66 88.51 0.00 
[21:20:09.818] [ARM] [37] <5.00 -60.00 -6.50> result: 92.66 106.06 -72.45 -2.66 88.51 0.00 
[21:20:09.818] [ARM] [38] <5.00 -60.00 -6.50> result: 92.66 106.06 -72.45 -2.66 88.51 0.00 
[21:20:09.818] [ARM] [39] <5.00 -60.00 -6.50> result: 92.66 106.06 -72.45 -2.66 88.51 0.00 
[21:20:09.840] [ARM] [40] <5.00 -60.00 -6.50> result: 92.66 106.06 -72.45 -2.66 88.51 0.00 
[21:20:09.841] [ARM] [41] <5.00 -60.00 -6.50> result: 92.66 106.06 -72.45 -2.66 88.51 0.00 
[21:20:09.841] [ARM] [42] <5.00 -60.00 -6.50> result: 92.66 106.06 -72.45 -2.66 88.51 0.00 
[21:20:09.841] [ARM] [43] <5.00 -60.00 -6.50> result: 92.66 106.06 -72.45 -2.66 88.51 0.00 
[21:20:09.890] [JETSON-TX] vision step 2/3: dcx=4 dcy=-6 hold=1.0s frame=FF 05 03 04 00 FA FF 05 FE
[21:20:09.900] [ARM] [TARGET] vision state=ALIGN enabled=1 dcx=9 dcy=-10 stable=0
[21:20:09.900] [ARM] [TARGET] align step dx=2.50 dz=-2.50 target=<5.00 -60.00 -6.50>
[21:20:09.961] [ARM] [JETSON_RX] vision dcx=4 dcy=-6
[21:20:09.961] [ARM] [TARGET] vision state=ALIGN enabled=1 dcx=4 dcy=-6 stable=0
[21:20:10.149] [ARM] [JETSON_RX] vision dcx=4 dcy=-6
[21:20:10.149] [ARM] [TARGET] vision state=ALIGN enabled=1 dcx=4 dcy=-6 stable=0
[21:20:10.149] [ARM] [TARGET] align step dx=1.52 dz=-2.10 target=<4.02 -60.00 -6.10>
[21:20:10.335] [ARM] [JETSON_RX] vision dcx=4 dcy=-6
[21:20:10.335] [ARM] [TARGET] vision state=ALIGN enabled=1 dcx=4 dcy=-6 stable=0
[21:20:10.397] [ARM] [jpint 1] ave_error:0.52
[21:20:10.397] [ARM] [jpint 2] ave_error:4.19
[21:20:10.397] [ARM] [jpint 3] ave_error:9.39
[21:20:10.397] [ARM] [jpint 4] ave_error:0.47
[21:20:10.397] [ARM] [jpint 5] ave_error:0.39
[21:20:10.397] [ARM] 
[21:20:10.397] [ARM] robot pid run finished!!
[21:20:10.397] [ARM] [TARGET] align step dx=1.52 dz=-2.10 target=<4.02 -60.00 -6.10>
[21:20:10.521] [ARM] ROBOT_AUTO_EVENT
[21:20:10.521] [ARM] [0] <5.00 -60.00 -6.50> result: 92.66 106.06 -72.45 -2.66 88.51 0.00 
[21:20:10.521] [ARM] [JETSON_RX] vision dcx=4 dcy=-6
[21:20:10.521] [ARM] [TARGET] vision state=ALIGN enabled=1 dcx=4 dcy=-6 stable=0
[21:20:10.647] [ARM] [jpint 1] ave_error:92.54
[21:20:10.647] [ARM] [jpint 2] ave_error:108.25
[21:20:10.647] [ARM] [jpint 3] ave_error:66.27
[21:20:10.647] [ARM] [jpint 4] ave_error:2.87
[21:20:10.647] [ARM] [jpint 5] ave_error:88.68
[21:20:10.647] [ARM] 
[21:20:10.647] [ARM] robot pid run finished!!
[21:20:10.647] [ARM] [TARGET] align step dx=1.52 dz=-2.10 target=<6.52 -60.00 -8.60>
[21:20:10.709] [ARM] [JETSON_RX] vision dcx=4 dcy=-6
[21:20:10.709] [ARM] ROBOT_AUTO_EVENT
[21:20:10.709] [ARM] [0] <5.00 -60.00 -6.50> result: 92.66 106.06 -72.45 -2.66 88.51 0.00 
[21:20:10.772] [ARM] [TARGET] vision state=ALIGN enabled=1 dcx=4 dcy=-6 stable=0
[21:20:10.834] [ARM] [jpint 1] ave_error:92.41
[21:20:10.834] [ARM] [jpint 2] ave_error:108.18
[21:20:10.834] [ARM] [jpint 3] ave_error:66.16
[21:20:10.834] [ARM] [jpint 4] ave_error:2.74
[21:20:10.834] [ARM] [jpint 5] ave_error:88.41
[21:20:10.834] [ARM] 
[21:20:10.834] [ARM] robot pid run finished!!
[21:20:10.893] [JETSON-TX] vision step 3/3: dcx=0 dcy=0 hold=0.0s frame=FF 05 03 00 00 00 00 08 FE
[21:20:10.897] [ARM] [TARGET] align step dx=1.52 dz=-2.10 target=<6.52 -60.00 -8.60>
[21:20:10.957] [ARM] [JETSON_RX] vision dcx=0 dcy=0
[21:20:10.957] [ARM] [TARGET] vision state=ALIGN enabled=1 dcx=0 dcy=0 stable=0
[21:20:10.957] [ARM] ROBOT_AUTO_EVENT
[21:20:10.957] [ARM] [0] <5.00 -60.00 -6.50> result: 92.66 106.06 -72.45 -2.66 88.51 0.00 
[21:20:11.081] [ARM] [jpint 1] ave_error:92.28
[21:20:11.081] [ARM] [jpint 2] ave_error:108.10
[21:20:11.081] [ARM] [jpint 3] ave_error:66.03
[21:20:11.081] [ARM] [jpint 4] ave_error:2.60
[21:20:11.081] [ARM] [jpint 5] ave_error:88.13
[21:20:11.081] [ARM] 
[21:20:11.081] [ARM] robot pid run finished!!
[21:20:11.144] [ARM] [JETSON_RX] vision dcx=0 dcy=0
[21:20:11.144] [ARM] [TARGET] vision state=ALIGN enabled=1 dcx=0 dcy=0 stable=1
[21:20:11.182] [ARM] ROBOT_AUTO_EVENT
[21:20:11.182] [ARM] [0] <5.00 -60.00 -6.50> result: 92.66 106.06 -72.45 -2.66 88.51 0.00 
[21:20:11.182] [ARM] [1] <5.00 -60.00 -6.50> result: 92.66 106.06 -72.45 -2.66 88.51 0.00 
[21:20:11.182] [ARM] [2] <4.98 -60.00 -6.49> result: 92.65 106.05 -72.45 -2.65 88.50 0.00 
[21:20:11.205] [ARM] [3] <4.95 -60.00 -6.48> result: 92.63 106.05 -72.45 -2.63 88.50 0.00 
[21:20:11.205] [ARM] [4] <4.90 -60.00 -6.46> result: 92.60 106.04 -72.45 -2.61 88.49 0.00 
[21:20:11.205] [ARM] [5] <4.82 -60.00 -6.42> result: 92.56 106.02 -72.45 -2.56 88.47 0.00 
[21:20:11.205] [ARM] [6] <4.71 -60.00 -6.38> result: 92.50 105.99 -72.45 -2.51 88.45 0.00 
[21:20:11.228] [ARM] [7] <4.57 -60.00 -6.33> result: 92.43 105.97 -72.45 -2.43 88.42 0.00 
[21:20:11.228] [ARM] [8] <4.41 -60.00 -6.26> result: 92.35 105.93 -72.45 -2.35 88.38 0.00 
[21:20:11.229] [ARM] [9] <4.23 -60.00 -6.19> result: 92.25 105.89 -72.45 -2.25 88.34 0.00 
[21:20:11.252] [ARM] [10] <4.04 -60.00 -6.11> result: 92.15 105.85 -72.45 -2.15 88.30 0.00 
[21:20:11.252] [ARM] [11] <4.02 -60.00 -6.10> result: 92.14 105.84 -72.45 -2.14 88.30 0.00 
[21:20:11.252] [ARM] [12] <4.02 -60.00 -6.10> result: 92.14 105.84 -72.45 -2.14 88.30 0.00 
[21:20:11.252] [ARM] [13] <4.02 -60.00 -6.10> result: 92.14 105.84 -72.45 -2.14 88.30 0.00 
[21:20:11.274] [ARM] [14] <4.02 -60.00 -6.10> result: 92.14 105.84 -72.45 -2.14 88.30 0.00 
[21:20:11.274] [ARM] [15] <4.02 -60.00 -6.10> result: 92.14 105.84 -72.45 -2.14 88.30 0.00 
[21:20:11.275] [ARM] [16] <4.02 -60.00 -6.10> result: 92.14 105.84 -72.45 -2.14 88.30 0.00 
[21:20:11.298] [ARM] [17] <4.02 -60.00 -6.10> result: 92.14 105.84 -72.45 -2.14 88.30 0.00 
[21:20:11.298] [ARM] [18] <4.02 -60.00 -6.10> result: 92.14 105.84 -72.45 -2.14 88.30 0.00 
[21:20:11.298] [ARM] [19] <4.02 -60.00 -6.10> result: 92.14 105.84 -72.45 -2.14 88.30 0.00 
[21:20:11.298] [ARM] [20] <4.02 -60.00 -6.10> result: 92.14 105.84 -72.45 -2.14 88.30 0.00 
[21:20:11.326] [ARM] [21] <4.02 -60.00 -6.10> result: 92.14 105.84 -72.45 -2.14 88.30 0.00 
[21:20:11.326] [ARM] [22] <4.02 -60.00 -6.10> result: 92.14 105.84 -72.45 -2.14 88.30 0.00 
[21:20:11.326] [ARM] [23] <4.02 -60.00 -6.10> result: 92.14 105.84 -72.45 -2.14 88.30 0.00 
[21:20:11.326] [ARM] [JETSON_RX] vision dcx=0 dcy=0
[21:20:11.379] [JETSON-RX] CC 02 01 DD
[21:20:11.379] [ARM] [TARGET] vision state=ALIGN enabled=1 dcx=0 dcy=0 stable=2
[21:20:11.379] [JETSON-STATUS] ALIGN_DONE func=0x02 value=0x01
[21:20:11.379] [PROMPT] 已收到 ALIGN_DONE。确认画面和机械臂位置安全后，按 Enter 进入 P000 发射许可步骤。
[21:20:11.563] [ARM] [JETSON_RX] vision dcx=0 dcy=0
[21:20:11.563] [ARM] [TARGET] vision state=CONFIRM enabled=1 dcx=0 dcy=0 stable=3
[21:20:11.686] [ARM] [jpint 1] ave_error:0.22
[21:20:11.686] [ARM] [jpint 2] ave_error:1.88
[21:20:11.686] [ARM] [jpint 3] ave_error:5.98
[21:20:11.686] [ARM] [jpint 4] ave_error:0.08
[21:20:11.686] [ARM] [jpint 5] ave_error:0.46
[21:20:11.686] [ARM] 
[21:20:11.686] [ARM] robot pid run finished!!
[21:20:11.749] [ARM] [JETSON_RX] vision dcx=0 dcy=0
[21:20:11.749] [ARM] [TARGET] vision state=CONFIRM enabled=1 dcx=0 dcy=0 stable=3
[21:20:11.811] [ARM] ROBOT_AUTO_EVENT
[21:20:11.811] [ARM] [0] <4.02 -60.00 -6.10> result: 92.14 105.84 -72.45 -2.14 88.30 0.00 
[21:20:11.935] [ARM] [jpint 1] ave_error:91.98
[21:20:11.935] [ARM] [jpint 2] ave_error:107.11
[21:20:11.935] [ARM] [jpint 3] ave_error:67.69
[21:20:11.935] [ARM] [jpint 4] ave_error:2.08
[21:20:11.935] [ARM] [jpint 5] ave_error:88.07
[21:20:11.935] [ARM] 
[21:20:11.935] [ARM] robot pid run finished!!
[21:20:11.935] [ARM] [JETSON_RX] vision dcx=0 dcy=0
[21:20:11.935] [ARM] [TARGET] vision state=CONFIRM enabled=1 dcx=0 dcy=0 stable=3
[21:20:11.996] [ARM] ROBOT_AUTO_EVENT
[21:20:11.996] [ARM] [0] <4.02 -60.00 -6.10> result: 92.14 105.84 -72.45 -2.14 88.30 0.00 
[21:20:12.027] [ARM] [1] <4.02 -60.00 -6.10> result: 92.14 105.85 -72.45 -2.14 88.30 0.00 
[21:20:12.027] [ARM] [2] <4.03 -60.00 -6.11> result: 92.14 105.85 -72.45 -2.14 88.30 0.00 
[21:20:12.027] [ARM] [3] <4.04 -60.00 -6.12> result: 92.15 105.86 -72.45 -2.15 88.31 0.00 
[21:20:12.027] [ARM] [4] <4.07 -60.00 -6.15> result: 92.16 105.87 -72.45 -2.16 88.32 0.00 
[21:20:12.051] [ARM] [5] <4.10 -60.00 -6.18> result: 92.18 105.89 -72.45 -2.18 88.34 0.00 
[21:20:12.051] [ARM] [6] <4.16 -60.00 -6.24> result: 92.21 105.92 -72.45 -2.21 88.37 0.00 
[21:20:12.051] [ARM] [7] <4.23 -60.00 -6.31> result: 92.25 105.95 -72.45 -2.25 88.41 0.00 
[21:20:12.074] [ARM] [8] <4.31 -60.00 -6.39> result: 92.30 106.00 -72.45 -2.30 88.45 0.00 
[21:20:12.074] [ARM] [9] <4.42 -60.00 -6.50> result: 92.35 106.06 -72.46 -2.35 88.51 0.00 
[21:20:12.074] [ARM] [10] <4.55 -60.00 -6.63> result: 92.42 106.12 -72.46 -2.42 88.58 0.00 
[21:20:12.074] [ARM] [11] <4.70 -60.00 -6.78> result: 92.50 106.20 -72.46 -2.50 88.66 0.00 
[21:20:12.097] [ARM] [12] <4.88 -60.00 -6.96> result: 92.59 106.29 -72.46 -2.59 88.76 0.00 
[21:20:12.097] [ARM] [13] <5.07 -60.00 -7.15> result: 92.70 106.40 -72.46 -2.70 88.86 0.00 
[21:20:12.097] [ARM] [14] <5.28 -60.00 -7.36> result: 92.81 106.51 -72.46 -2.81 88.97 0.00 
[21:20:12.097] [ARM] [15] <5.51 -60.00 -7.59> result: 92.93 106.63 -72.47 -2.93 89.10 0.00 
[21:20:12.120] [ARM] [16] <5.76 -60.00 -7.84> result: 93.06 106.76 -72.47 -3.06 89.23 0.00 
[21:20:12.120] [ARM] [17] <6.02 -60.00 -8.10> result: 93.20 106.90 -72.47 -3.20 89.37 0.00 
[21:20:12.121] [ARM] [18] <6.29 -60.00 -8.37> result: 93.34 107.04 -72.47 -3.34 89.51 0.00 
[21:20:12.142] [ARM] [19] <6.52 -60.00 -8.60> result: 93.47 107.16 -72.47 -3.47 89.64 0.00 
[21:20:12.144] [ARM] [20] <6.52 -60.00 -8.60> result: 93.47 107.16 -72.47 -3.47 89.64 0.00 
[21:20:12.144] [ARM] [21] <6.52 -60.00 -8.60> result: 93.47 107.16 -72.47 -3.47 89.64 0.00 
[21:20:12.144] [ARM] [22] <6.52 -60.00 -8.60> result: 93.47 107.16 -72.47 -3.47 89.64 0.00 
[21:20:12.166] [ARM] [23] <6.52 -60.00 -8.60> result: 93.47 107.16 -72.47 -3.47 89.64 0.00 
[21:20:12.166] [ARM] [24] <6.52 -60.00 -8.60> result: 93.47 107.16 -72.47 -3.47 89.64 0.00 
[21:20:12.166] [ARM] [25] <6.52 -60.00 -8.60> result: 93.47 107.16 -72.47 -3.47 89.64 0.00 
[21:20:12.201] [ARM] [26] <6.52 -60.00 -8.60> result: 93.47 107.16 -72.47 -3.47 89.64 0.00 
[21:20:12.201] [ARM] [27] <6.52 -60.00 -8.60> result: 93.47 107.16 -72.47 -3.47 89.64 0.00 
[21:20:12.201] [ARM] [28] <6.52 -60.00 -8.60> result: 93.47 107.16 -72.47 -3.47 89.64 0.00 
[21:20:12.201] [ARM] [29] <6.52 -60.00 -8.60> result: 93.47 107.16 -72.47 -3.47 89.64 0.00 
[21:20:12.225] [ARM] [30] <6.52 -60.00 -8.60> result: 93.47 107.16 -72.47 -3.47 89.64 0.00 
[21:20:12.225] [ARM] [31] <6.52 -60.00 -8.60> result: 93.47 107.16 -72.47 -3.47 89.64 0.00 
[21:20:12.225] [ARM] [32] <6.52 -60.00 -8.60> result: 93.47 107.16 -72.47 -3.47 89.64 0.00 
[21:20:12.225] [ARM] [33] <6.52 -60.00 -8.60> result: 93.47 107.16 -72.47 -3.47 89.64 0.00 
[21:20:12.248] [ARM] [34] <6.52 -60.00 -8.60> result: 93.47 107.16 -72.47 -3.47 89.64 0.00 
[21:20:12.248] [ARM] [35] <6.52 -60.00 -8.60> result: 93.47 107.16 -72.47 -3.47 89.64 0.00 
[21:20:12.248] [ARM] [36] <6.52 -60.00 -8.60> result: 93.47 107.16 -72.47 -3.47 89.64 0.00 
[21:20:12.271] [ARM] [37] <6.52 -60.00 -8.60> result: 93.47 107.16 -72.47 -3.47 89.64 0.00 
[21:20:12.271] [ARM] [38] <6.52 -60.00 -8.60> result: 93.47 107.16 -72.47 -3.47 89.64 0.00 
[21:20:12.271] [ARM] [39] <6.52 -60.00 -8.60> result: 93.47 107.16 -72.47 -3.47 89.64 0.00 
[21:20:12.271] [ARM] [40] <6.52 -60.00 -8.60> result: 93.47 107.16 -72.47 -3.47 89.64 0.00 
[21:20:12.294] [ARM] [41] <6.52 -60.00 -8.60> result: 93.47 107.16 -72.47 -3.47 89.64 0.00 
[21:20:12.294] [ARM] [42] <6.52 -60.00 -8.60> result: 93.47 107.16 -72.47 -3.47 89.64 0.00 
[21:20:12.294] [ARM] [43] <6.52 -60.00 -8.60> result: 93.47 107.16 -72.47 -3.47 89.64 0.00 
[21:20:12.353] [ARM] [TARGET] vision state=CONFIRM enabled=1 dcx=0 dcy=0 stable=3
[21:20:12.353] [ARM] [JETSON_RX] vision dcx=0 dcy=0
[21:20:12.353] [ARM] [TARGET] vision state=CONFIRM enabled=1 dcx=0 dcy=0 stable=3
[21:20:12.540] [ARM] [JETSON_RX] vision dcx=0 dcy=0
[21:20:12.540] [ARM] [TARGET] vision state=CONFIRM enabled=1 dcx=0 dcy=0 stable=3
[21:20:12.727] [ARM] [JETSON_RX] vision dcx=0 dcy=0
[21:20:12.727] [ARM] [TARGET] vision state=CONFIRM enabled=1 dcx=0 dcy=0 stable=3
[21:20:12.851] [ARM] [jpint 1] ave_error:0.44
[21:20:12.851] [ARM] [jpint 2] ave_error:0.34
[21:20:12.851] [ARM] [jpint 3] ave_error:3.37
[21:20:12.851] [ARM] [jpint 4] ave_error:0.34
[21:20:12.851] [ARM] [jpint 5] ave_error:0.47
[21:20:12.851] [ARM] 
[21:20:12.851] [ARM] robot pid run finished!!
[21:20:12.977] [ARM] [JETSON_RX] vision dcx=0 dcy=0
[21:20:12.977] [ARM] [TARGET] vision state=CONFIRM enabled=1 dcx=0 dcy=0 stable=3
[21:20:12.977] [ARM] ROBOT_AUTO_EVENT
[21:20:12.977] [ARM] [0] <6.52 -60.00 -8.60> result: 93.47 107.16 -72.47 -3.47 89.64 0.00 
[21:20:13.103] [ARM] [jpint 1] ave_error:93.36
[21:20:13.103] [ARM] [jpint 2] ave_error:107.21
[21:20:13.103] [ARM] [jpint 3] ave_error:72.30
[21:20:13.103] [ARM] [jpint 4] ave_error:3.55
[21:20:13.103] [ARM] [jpint 5] ave_error:89.78
[21:20:13.103] [ARM] 
[21:20:13.103] [ARM] robot pid run finished!!
[21:20:13.165] [ARM] [JETSON_RX] vision dcx=0 dcy=0
[21:20:13.165] [ARM] [TARGET] vision state=CONFIRM enabled=1 dcx=0 dcy=0 stable=3
[21:20:13.351] [ARM] [JETSON_RX] vision dcx=0 dcy=0
[21:20:13.351] [ARM] [TARGET] vision state=CONFIRM enabled=1 dcx=0 dcy=0 stable=3
[21:20:13.538] [ARM] [JETSON_RX] vision dcx=0 dcy=0
[21:20:13.538] [ARM] [TARGET] vision state=CONFIRM enabled=1 dcx=0 dcy=0 stable=3
[21:20:13.724] [ARM] [JETSON_RX] vision dcx=0 dcy=0
[21:20:13.724] [ARM] [TARGET] vision state=CONFIRM enabled=1 dcx=0 dcy=0 stable=3
[21:20:13.975] [ARM] [JETSON_RX] vision dcx=0 dcy=0
[21:20:13.975] [ARM] [TARGET] vision state=CONFIRM enabled=1 dcx=0 dcy=0 stable=3
[21:20:14.163] [ARM] [JETSON_RX] vision dcx=0 dcy=0
[21:20:14.163] [ARM] [TARGET] vision state=CONFIRM enabled=1 dcx=0 dcy=0 stable=3
[21:20:14.351] [ARM] [JETSON_RX] vision dcx=0 dcy=0
[21:20:14.351] [ARM] [TARGET] vision state=CONFIRM enabled=1 dcx=0 dcy=0 stable=3
[21:20:14.537] [ARM] [JETSON_RX] vision dcx=0 dcy=0
[21:20:14.537] [ARM] [TARGET] vision state=CONFIRM enabled=1 dcx=0 dcy=0 stable=3
[21:20:14.784] [ARM] [JETSON_RX] vision dcx=0 dcy=0
[21:20:14.784] [ARM] [TARGET] vision state=CONFIRM enabled=1 dcx=0 dcy=0 stable=3
[21:20:14.969] [ARM] [JETSON_RX] vision dcx=0 dcy=0
[21:20:14.969] [ARM] [TARGET] vision state=CONFIRM enabled=1 dcx=0 dcy=0 stable=3
[21:20:15.158] [ARM] [JETSON_RX] vision dcx=0 dcy=0
[21:20:15.158] [ARM] [TARGET] vision state=CONFIRM enabled=1 dcx=0 dcy=0 stable=3
[21:20:15.344] [ARM] [JETSON_RX] vision dcx=0 dcy=0
[21:20:15.344] [ARM] [TARGET] vision state=CONFIRM enabled=1 dcx=0 dcy=0 stable=3
[21:20:15.529] [ARM] [JETSON_RX] vision dcx=0 dcy=0
[21:20:15.529] [ARM] [TARGET] vision state=CONFIRM enabled=1 dcx=0 dcy=0 stable=3
[21:20:15.778] [ARM] [JETSON_RX] vision dcx=0 dcy=0
[21:20:15.778] [ARM] [TARGET] vision state=CONFIRM enabled=1 dcx=0 dcy=0 stable=3
[21:20:15.963] [ARM] [JETSON_RX] vision dcx=0 dcy=0
[21:20:15.963] [ARM] [TARGET] vision state=CONFIRM enabled=1 dcx=0 dcy=0 stable=3
[21:20:16.151] [ARM] [JETSON_RX] vision dcx=0 dcy=0
[21:20:16.151] [ARM] [TARGET] vision state=CONFIRM enabled=1 dcx=0 dcy=0 stable=3
[21:20:16.338] [ARM] [JETSON_RX] vision dcx=0 dcy=0
[21:20:16.338] [ARM] [TARGET] vision state=CONFIRM enabled=1 dcx=0 dcy=0 stable=3
[21:20:16.527] [ARM] [JETSON_RX] vision dcx=0 dcy=0
[21:20:16.527] [ARM] [TARGET] vision state=CONFIRM enabled=1 dcx=0 dcy=0 stable=3
[21:20:16.776] [ARM] [JETSON_RX] vision dcx=0 dcy=0
[21:20:16.776] [ARM] [TARGET] vision state=CONFIRM enabled=1 dcx=0 dcy=0 stable=3
[21:20:16.961] [ARM] [JETSON_RX] vision dcx=0 dcy=0
[21:20:16.961] [ARM] [TARGET] vision state=CONFIRM enabled=1 dcx=0 dcy=0 stable=3
[21:20:17.147] [ARM] [JETSON_RX] vision dcx=0 dcy=0
[21:20:17.147] [ARM] [TARGET] vision state=CONFIRM enabled=1 dcx=0 dcy=0 stable=3
[21:20:17.331] [ARM] [JETSON_RX] vision dcx=0 dcy=0
[21:20:17.331] [ARM] [TARGET] vision state=CONFIRM enabled=1 dcx=0 dcy=0 stable=3
[21:20:17.579] [ARM] [JETSON_RX] vision dcx=0 dcy=0
[21:20:17.579] [ARM] [TARGET] vision state=CONFIRM enabled=1 dcx=0 dcy=0 stable=3
[21:20:17.766] [ARM] [JETSON_RX] vision dcx=0 dcy=0
[21:20:17.766] [ARM] [TARGET] vision state=CONFIRM enabled=1 dcx=0 dcy=0 stable=3
[21:20:17.953] [ARM] [JETSON_RX] vision dcx=0 dcy=0
[21:20:17.953] [ARM] [TARGET] vision state=CONFIRM enabled=1 dcx=0 dcy=0 stable=3
[21:20:18.138] [ARM] [JETSON_RX] vision dcx=0 dcy=0
[21:20:18.138] [ARM] [TARGET] vision state=CONFIRM enabled=1 dcx=0 dcy=0 stable=3
[21:20:18.328] [ARM] [JETSON_RX] vision dcx=0 dcy=0
[21:20:18.328] [ARM] [TARGET] vision state=CONFIRM enabled=1 dcx=0 dcy=0 stable=3
[21:20:18.577] [ARM] [JETSON_RX] vision dcx=0 dcy=0
[21:20:18.577] [ARM] [TARGET] vision state=CONFIRM enabled=1 dcx=0 dcy=0 stable=3
[21:20:18.763] [ARM] [JETSON_RX] vision dcx=0 dcy=0
[21:20:18.763] [ARM] [TARGET] vision state=CONFIRM enabled=1 dcx=0 dcy=0 stable=3
[21:20:18.947] [ARM] [JETSON_RX] vision dcx=0 dcy=0
[21:20:18.947] [ARM] [TARGET] vision state=CONFIRM enabled=1 dcx=0 dcy=0 stable=3
[21:20:19.133] [ARM] [JETSON_RX] vision dcx=0 dcy=0
[21:20:19.133] [ARM] [TARGET] vision state=CONFIRM enabled=1 dcx=0 dcy=0 stable=3
[21:20:19.383] [ARM] [JETSON_RX] vision dcx=0 dcy=0
[21:20:19.383] [ARM] [TARGET] vision state=CONFIRM enabled=1 dcx=0 dcy=0 stable=3
[21:20:19.570] [ARM] [JETSON_RX] vision dcx=0 dcy=0
[21:20:19.570] [ARM] [TARGET] vision state=CONFIRM enabled=1 dcx=0 dcy=0 stable=3
[21:20:19.756] [ARM] [JETSON_RX] vision dcx=0 dcy=0
[21:20:19.756] [ARM] [TARGET] vision state=CONFIRM enabled=1 dcx=0 dcy=0 stable=3
[21:20:19.942] [ARM] [JETSON_RX] vision dcx=0 dcy=0
[21:20:19.942] [ARM] [TARGET] vision state=CONFIRM enabled=1 dcx=0 dcy=0 stable=3
[21:20:20.189] [ARM] [JETSON_RX] vision dcx=0 dcy=0
[21:20:20.189] [ARM] [TARGET] vision state=CONFIRM enabled=1 dcx=0 dcy=0 stable=3
[21:20:20.377] [ARM] [JETSON_RX] vision dcx=0 dcy=0
[21:20:20.377] [ARM] [TARGET] vision state=CONFIRM enabled=1 dcx=0 dcy=0 stable=3
[21:20:20.565] [ARM] [JETSON_RX] vision dcx=0 dcy=0
[21:20:20.565] [ARM] [TARGET] vision state=CONFIRM enabled=1 dcx=0 dcy=0 stable=3
[21:20:20.752] [ARM] [JETSON_RX] vision dcx=0 dcy=0
[21:20:20.752] [ARM] [TARGET] vision state=CONFIRM enabled=1 dcx=0 dcy=0 stable=3
[21:20:20.938] [ARM] [JETSON_RX] vision dcx=0 dcy=0
[21:20:20.938] [ARM] [TARGET] vision state=CONFIRM enabled=1 dcx=0 dcy=0 stable=3
[21:20:21.189] [ARM] [JETSON_RX] vision dcx=0 dcy=0
[21:20:21.189] [ARM] [TARGET] vision state=CONFIRM enabled=1 dcx=0 dcy=0 stable=3
[21:20:21.377] [ARM] [JETSON_RX] vision dcx=0 dcy=0
[21:20:21.377] [ARM] [TARGET] vision state=CONFIRM enabled=1 dcx=0 dcy=0 stable=3
[21:20:21.564] [ARM] [JETSON_RX] vision dcx=0 dcy=0
[21:20:21.564] [ARM] [TARGET] vision state=CONFIRM enabled=1 dcx=0 dcy=0 stable=3
[21:20:21.749] [ARM] [JETSON_RX] vision dcx=0 dcy=0
[21:20:21.749] [ARM] [TARGET] vision state=CONFIRM enabled=1 dcx=0 dcy=0 stable=3
[21:20:21.998] [ARM] [JETSON_RX] vision dcx=0 dcy=0
[21:20:21.998] [ARM] [TARGET] vision state=CONFIRM enabled=1 dcx=0 dcy=0 stable=3
[21:20:22.184] [ARM] [JETSON_RX] vision dcx=0 dcy=0
[21:20:22.184] [ARM] [TARGET] vision state=CONFIRM enabled=1 dcx=0 dcy=0 stable=3
[21:20:22.370] [ARM] [JETSON_RX] vision dcx=0 dcy=0
[21:20:22.370] [ARM] [TARGET] vision state=CONFIRM enabled=1 dcx=0 dcy=0 stable=3
[21:20:22.555] [ARM] [JETSON_RX] vision dcx=0 dcy=0
[21:20:22.555] [ARM] [TARGET] vision state=CONFIRM enabled=1 dcx=0 dcy=0 stable=3
[21:20:22.744] [ARM] [JETSON_RX] vision dcx=0 dcy=0
[21:20:22.744] [ARM] [TARGET] vision state=CONFIRM enabled=1 dcx=0 dcy=0 stable=3
[21:20:22.994] [ARM] [JETSON_RX] vision dcx=0 dcy=0
[21:20:22.994] [ARM] [TARGET] vision state=CONFIRM enabled=1 dcx=0 dcy=0 stable=3
[21:20:23.179] [ARM] [JETSON_RX] vision dcx=0 dcy=0
[21:20:23.179] [ARM] [TARGET] vision state=CONFIRM enabled=1 dcx=0 dcy=0 stable=3
[21:20:23.364] [ARM] [JETSON_RX] vision dcx=0 dcy=0
[21:20:23.364] [ARM] [TARGET] vision state=CONFIRM enabled=1 dcx=0 dcy=0 stable=3
[21:20:23.553] [ARM] [JETSON_RX] vision dcx=0 dcy=0
[21:20:23.553] [ARM] [TARGET] vision state=CONFIRM enabled=1 dcx=0 dcy=0 stable=3
[21:20:23.800] [ARM] [JETSON_RX] vision dcx=0 dcy=0
[21:20:23.800] [ARM] [TARGET] vision state=CONFIRM enabled=1 dcx=0 dcy=0 stable=3
[21:20:23.987] [ARM] [JETSON_RX] vision dcx=0 dcy=0
[21:20:23.987] [ARM] [TARGET] vision state=CONFIRM enabled=1 dcx=0 dcy=0 stable=3
[21:20:24.172] [ARM] [JETSON_RX] vision dcx=0 dcy=0
[21:20:24.172] [ARM] [TARGET] vision state=CONFIRM enabled=1 dcx=0 dcy=0 stable=3
[21:20:24.354] [ARM] [JETSON_RX] vision dcx=0 dcy=0
[21:20:24.354] [ARM] [TARGET] vision state=CONFIRM enabled=1 dcx=0 dcy=0 stable=3
[21:20:24.542] [ARM] [JETSON_RX] vision dcx=0 dcy=0
[21:20:24.542] [ARM] [TARGET] vision state=CONFIRM enabled=1 dcx=0 dcy=0 stable=3
[21:20:24.791] [ARM] [JETSON_RX] vision dcx=0 dcy=0
[21:20:24.791] [ARM] [TARGET] vision state=CONFIRM enabled=1 dcx=0 dcy=0 stable=3
[21:20:24.976] [ARM] [JETSON_RX] vision dcx=0 dcy=0
[21:20:24.976] [ARM] [TARGET] vision state=CONFIRM enabled=1 dcx=0 dcy=0 stable=3
[21:20:25.161] [ARM] [JETSON_RX] vision dcx=0 dcy=0
[21:20:25.161] [ARM] [TARGET] vision state=CONFIRM enabled=1 dcx=0 dcy=0 stable=3
[21:20:25.348] [ARM] [JETSON_RX] vision dcx=0 dcy=0
[21:20:25.348] [ARM] [TARGET] vision state=CONFIRM enabled=1 dcx=0 dcy=0 stable=3
[21:20:25.597] [ARM] [JETSON_RX] vision dcx=0 dcy=0
[21:20:25.597] [ARM] [TARGET] vision state=CONFIRM enabled=1 dcx=0 dcy=0 stable=3
[21:20:25.784] [ARM] [JETSON_RX] vision dcx=0 dcy=0
[21:20:25.784] [ARM] [TARGET] vision state=CONFIRM enabled=1 dcx=0 dcy=0 stable=3
[21:20:25.973] [ARM] [JETSON_RX] vision dcx=0 dcy=0
[21:20:25.973] [ARM] [TARGET] vision state=CONFIRM enabled=1 dcx=0 dcy=0 stable=3
[21:20:26.160] [ARM] [JETSON_RX] vision dcx=0 dcy=0
[21:20:26.160] [ARM] [TARGET] vision state=CONFIRM enabled=1 dcx=0 dcy=0 stable=3
[21:20:26.409] [ARM] [JETSON_RX] vision dcx=0 dcy=0
[21:20:26.409] [ARM] [TARGET] vision state=CONFIRM enabled=1 dcx=0 dcy=0 stable=3
[21:20:26.596] [ARM] [JETSON_RX] vision dcx=0 dcy=0
[21:20:26.596] [ARM] [TARGET] vision state=CONFIRM enabled=1 dcx=0 dcy=0 stable=3
[21:20:26.783] [ARM] [JETSON_RX] vision dcx=0 dcy=0
[21:20:26.783] [ARM] [TARGET] vision state=CONFIRM enabled=1 dcx=0 dcy=0 stable=3
[21:20:26.973] [ARM] [JETSON_RX] vision dcx=0 dcy=0
[21:20:26.973] [ARM] [TARGET] vision state=CONFIRM enabled=1 dcx=0 dcy=0 stable=3
[21:20:27.158] [ARM] [JETSON_RX] vision dcx=0 dcy=0
[21:20:27.158] [ARM] [TARGET] vision state=CONFIRM enabled=1 dcx=0 dcy=0 stable=3
[21:20:27.406] [ARM] [JETSON_RX] vision dcx=0 dcy=0
[21:20:27.408] [ARM] [TARGET] vision state=CONFIRM enabled=1 dcx=0 dcy=0 stable=3
[21:20:27.593] [ARM] [JETSON_RX] vision dcx=0 dcy=0
[21:20:27.593] [ARM] [TARGET] vision state=CONFIRM enabled=1 dcx=0 dcy=0 stable=3
[21:20:27.779] [ARM] [JETSON_RX] vision dcx=0 dcy=0
[21:20:27.779] [ARM] [TARGET] vision state=CONFIRM enabled=1 dcx=0 dcy=0 stable=3
[21:20:27.965] [ARM] [JETSON_RX] vision dcx=0 dcy=0
[21:20:27.965] [ARM] [TARGET] vision state=CONFIRM enabled=1 dcx=0 dcy=0 stable=3
[21:20:28.214] [ARM] [JETSON_RX] vision dcx=0 dcy=0
[21:20:28.214] [ARM] [TARGET] vision state=CONFIRM enabled=1 dcx=0 dcy=0 stable=3
[21:20:28.402] [ARM] [JETSON_RX] vision dcx=0 dcy=0
[21:20:28.402] [ARM] [TARGET] vision state=CONFIRM enabled=1 dcx=0 dcy=0 stable=3
[21:20:28.588] [ARM] [JETSON_RX] vision dcx=0 dcy=0
[21:20:28.588] [ARM] [TARGET] vision state=CONFIRM enabled=1 dcx=0 dcy=0 stable=3
[21:20:28.775] [ARM] [JETSON_RX] vision dcx=0 dcy=0
[21:20:28.775] [ARM] [TARGET] vision state=CONFIRM enabled=1 dcx=0 dcy=0 stable=3
[21:20:28.960] [ARM] [JETSON_RX] vision dcx=0 dcy=0
[21:20:28.960] [ARM] [TARGET] vision state=CONFIRM enabled=1 dcx=0 dcy=0 stable=3
[21:20:29.210] [ARM] [JETSON_RX] vision dcx=0 dcy=0
[21:20:29.210] [ARM] [TARGET] vision state=CONFIRM enabled=1 dcx=0 dcy=0 stable=3
[21:20:29.399] [ARM] [JETSON_RX] vision dcx=0 dcy=0
[21:20:29.399] [ARM] [TARGET] vision state=CONFIRM enabled=1 dcx=0 dcy=0 stable=3
[21:20:29.584] [ARM] [JETSON_RX] vision dcx=0 dcy=0
[21:20:29.584] [ARM] [TARGET] vision state=CONFIRM enabled=1 dcx=0 dcy=0 stable=3
[21:20:29.771] [ARM] [JETSON_RX] vision dcx=0 dcy=0
[21:20:29.771] [ARM] [TARGET] vision state=CONFIRM enabled=1 dcx=0 dcy=0 stable=3
[21:20:29.959] [ARM] [JETSON_RX] vision dcx=0 dcy=0
[21:20:29.959] [ARM] [TARGET] vision state=CONFIRM enabled=1 dcx=0 dcy=0 stable=3
[21:20:30.206] [ARM] [JETSON_RX] vision dcx=0 dcy=0
[21:20:30.206] [ARM] [TARGET] vision state=CONFIRM enabled=1 dcx=0 dcy=0 stable=3
[21:20:30.393] [ARM] [JETSON_RX] vision dcx=0 dcy=0
[21:20:30.393] [ARM] [TARGET] vision state=CONFIRM enabled=1 dcx=0 dcy=0 stable=3
[21:20:30.580] [ARM] [JETSON_RX] vision dcx=0 dcy=0
[21:20:30.580] [ARM] [TARGET] vision state=CONFIRM enabled=1 dcx=0 dcy=0 stable=3
[21:20:30.768] [ARM] [JETSON_RX] vision dcx=0 dcy=0
[21:20:30.768] [ARM] [TARGET] vision state=CONFIRM enabled=1 dcx=0 dcy=0 stable=3
[21:20:31.018] [ARM] [JETSON_RX] vision dcx=0 dcy=0
[21:20:31.018] [ARM] [TARGET] vision state=CONFIRM enabled=1 dcx=0 dcy=0 stable=3
[21:20:31.206] [ARM] [JETSON_RX] vision dcx=0 dcy=0
[21:20:31.206] [ARM] [TARGET] vision state=CONFIRM enabled=1 dcx=0 dcy=0 stable=3
[21:20:31.388] [ARM] [JETSON_RX] vision dcx=0 dcy=0
[21:20:31.388] [ARM] [TARGET] vision state=CONFIRM enabled=1 dcx=0 dcy=0 stable=3
[21:20:31.577] [ARM] [JETSON_RX] vision dcx=0 dcy=0
[21:20:31.577] [ARM] [TARGET] vision state=CONFIRM enabled=1 dcx=0 dcy=0 stable=3
[21:20:31.762] [ARM] [JETSON_RX] vision dcx=0 dcy=0
[21:20:31.762] [ARM] [TARGET] vision state=CONFIRM enabled=1 dcx=0 dcy=0 stable=3
[21:20:32.011] [ARM] [JETSON_RX] vision dcx=0 dcy=0
[21:20:32.011] [ARM] [TARGET] vision state=CONFIRM enabled=1 dcx=0 dcy=0 stable=3
[21:20:32.199] [ARM] [JETSON_RX] vision dcx=0 dcy=0
[21:20:32.199] [ARM] [TARGET] vision state=CONFIRM enabled=1 dcx=0 dcy=0 stable=3
[21:20:32.383] [ARM] [JETSON_RX] vision dcx=0 dcy=0
[21:20:32.383] [ARM] [TARGET] vision state=CONFIRM enabled=1 dcx=0 dcy=0 stable=3
[21:20:32.571] [ARM] [JETSON_RX] vision dcx=0 dcy=0
[21:20:32.571] [ARM] [TARGET] vision state=CONFIRM enabled=1 dcx=0 dcy=0 stable=3
[21:20:32.820] [ARM] [JETSON_RX] vision dcx=0 dcy=0
[21:20:32.820] [ARM] [TARGET] vision state=CONFIRM enabled=1 dcx=0 dcy=0 stable=3
[21:20:33.007] [ARM] [JETSON_RX] vision dcx=0 dcy=0
[21:20:33.007] [ARM] [TARGET] vision state=CONFIRM enabled=1 dcx=0 dcy=0 stable=3
[21:20:33.194] [ARM] [JETSON_RX] vision dcx=0 dcy=0
[21:20:33.194] [ARM] [TARGET] vision state=CONFIRM enabled=1 dcx=0 dcy=0 stable=3
[21:20:33.381] [ARM] [JETSON_RX] vision dcx=0 dcy=0
[21:20:33.381] [ARM] [TARGET] vision state=CONFIRM enabled=1 dcx=0 dcy=0 stable=3
[21:20:33.632] [ARM] [JETSON_RX] vision dcx=0 dcy=0
[21:20:33.632] [ARM] [TARGET] vision state=CONFIRM enabled=1 dcx=0 dcy=0 stable=3
[21:20:33.818] [ARM] [JETSON_RX] vision dcx=0 dcy=0
[21:20:33.818] [ARM] [TARGET] vision state=CONFIRM enabled=1 dcx=0 dcy=0 stable=3
[21:20:34.006] [ARM] [JETSON_RX] vision dcx=0 dcy=0
[21:20:34.006] [ARM] [TARGET] vision state=CONFIRM enabled=1 dcx=0 dcy=0 stable=3
[21:20:34.193] [ARM] [JETSON_RX] vision dcx=0 dcy=0
[21:20:34.193] [ARM] [TARGET] vision state=CONFIRM enabled=1 dcx=0 dcy=0 stable=3
[21:20:34.377] [ARM] [JETSON_RX] vision dcx=0 dcy=0
[21:20:34.377] [ARM] [TARGET] vision state=CONFIRM enabled=1 dcx=0 dcy=0 stable=3
[21:20:34.623] [ARM] [JETSON_RX] vision dcx=0 dcy=0
[21:20:34.623] [ARM] [TARGET] vision state=CONFIRM enabled=1 dcx=0 dcy=0 stable=3
[21:20:34.810] [ARM] [JETSON_RX] vision dcx=0 dcy=0
[21:20:34.810] [ARM] [TARGET] vision state=CONFIRM enabled=1 dcx=0 dcy=0 stable=3
[21:20:34.997] [ARM] [JETSON_RX] vision dcx=0 dcy=0
[21:20:34.997] [ARM] [TARGET] vision state=CONFIRM enabled=1 dcx=0 dcy=0 stable=3
[21:20:35.184] [ARM] [JETSON_RX] vision dcx=0 dcy=0
[21:20:35.184] [ARM] [TARGET] vision state=CONFIRM enabled=1 dcx=0 dcy=0 stable=3
[21:20:35.434] [ARM] [JETSON_RX] vision dcx=0 dcy=0
[21:20:35.434] [ARM] [TARGET] vision state=CONFIRM enabled=1 dcx=0 dcy=0 stable=3
[21:20:35.619] [ARM] [JETSON_RX] vision dcx=0 dcy=0
[21:20:35.619] [ARM] [TARGET] vision state=CONFIRM enabled=1 dcx=0 dcy=0 stable=3
[21:20:35.806] [ARM] [JETSON_RX] vision dcx=0 dcy=0
[21:20:35.806] [ARM] [TARGET] vision state=CONFIRM enabled=1 dcx=0 dcy=0 stable=3
[21:20:35.993] [ARM] [JETSON_RX] vision dcx=0 dcy=0
[21:20:35.993] [ARM] [TARGET] vision state=CONFIRM enabled=1 dcx=0 dcy=0 stable=3
[21:20:36.181] [ARM] [JETSON_RX] vision dcx=0 dcy=0
[21:20:36.181] [ARM] [TARGET] vision state=CONFIRM enabled=1 dcx=0 dcy=0 stable=3
[21:20:36.429] [ARM] [JETSON_RX] vision dcx=0 dcy=0
[21:20:36.429] [ARM] [TARGET] vision state=CONFIRM enabled=1 dcx=0 dcy=0 stable=3
[21:20:36.615] [ARM] [JETSON_RX] vision dcx=0 dcy=0
[21:20:36.615] [ARM] [TARGET] vision state=CONFIRM enabled=1 dcx=0 dcy=0 stable=3
[21:20:36.801] [ARM] [JETSON_RX] vision dcx=0 dcy=0
[21:20:36.801] [ARM] [TARGET] vision state=CONFIRM enabled=1 dcx=0 dcy=0 stable=3
[21:20:36.991] [ARM] [JETSON_RX] vision dcx=0 dcy=0
[21:20:36.991] [ARM] [TARGET] vision state=CONFIRM enabled=1 dcx=0 dcy=0 stable=3
[21:20:37.179] [ARM] [JETSON_RX] vision dcx=0 dcy=0
[21:20:37.179] [ARM] [TARGET] vision state=CONFIRM enabled=1 dcx=0 dcy=0 stable=3
[21:20:37.429] [ARM] [JETSON_RX] vision dcx=0 dcy=0
[21:20:37.429] [ARM] [TARGET] vision state=CONFIRM enabled=1 dcx=0 dcy=0 stable=3
[21:20:37.615] [ARM] [JETSON_RX] vision dcx=0 dcy=0
[21:20:37.615] [ARM] [TARGET] vision state=CONFIRM enabled=1 dcx=0 dcy=0 stable=3
[21:20:37.802] [ARM] [JETSON_RX] vision dcx=0 dcy=0
[21:20:37.802] [ARM] [TARGET] vision state=CONFIRM enabled=1 dcx=0 dcy=0 stable=3
[21:20:37.990] [ARM] [JETSON_RX] vision dcx=0 dcy=0
[21:20:37.990] [ARM] [TARGET] vision state=CONFIRM enabled=1 dcx=0 dcy=0 stable=3
[21:20:38.238] [ARM] [JETSON_RX] vision dcx=0 dcy=0
[21:20:38.238] [ARM] [TARGET] vision state=CONFIRM enabled=1 dcx=0 dcy=0 stable=3
[21:20:38.426] [ARM] [JETSON_RX] vision dcx=0 dcy=0
[21:20:38.426] [ARM] [TARGET] vision state=CONFIRM enabled=1 dcx=0 dcy=0 stable=3
[21:20:38.614] [ARM] [JETSON_RX] vision dcx=0 dcy=0
[21:20:38.614] [ARM] [TARGET] vision state=CONFIRM enabled=1 dcx=0 dcy=0 stable=3
[21:20:38.801] [ARM] [JETSON_RX] vision dcx=0 dcy=0
[21:20:38.801] [ARM] [TARGET] vision state=CONFIRM enabled=1 dcx=0 dcy=0 stable=3
[21:20:38.987] [ARM] [JETSON_RX] vision dcx=0 dcy=0
[21:20:38.987] [ARM] [TARGET] vision state=CONFIRM enabled=1 dcx=0 dcy=0 stable=3
[21:20:39.236] [ARM] [JETSON_RX] vision dcx=0 dcy=0
[21:20:39.236] [ARM] [TARGET] vision state=CONFIRM enabled=1 dcx=0 dcy=0 stable=3
[21:20:39.423] [ARM] [JETSON_RX] vision dcx=0 dcy=0
[21:20:39.423] [ARM] [TARGET] vision state=CONFIRM enabled=1 dcx=0 dcy=0 stable=3
[21:20:39.612] [ARM] [JETSON_RX] vision dcx=0 dcy=0
[21:20:39.612] [ARM] [TARGET] vision state=CONFIRM enabled=1 dcx=0 dcy=0 stable=3
[21:20:39.799] [ARM] [JETSON_RX] vision dcx=0 dcy=0
[21:20:39.799] [ARM] [TARGET] vision state=CONFIRM enabled=1 dcx=0 dcy=0 stable=3
[21:20:40.046] [ARM] [JETSON_RX] vision dcx=0 dcy=0
[21:20:40.046] [ARM] [TARGET] vision state=CONFIRM enabled=1 dcx=0 dcy=0 stable=3
[21:20:40.236] [ARM] [JETSON_RX] vision dcx=0 dcy=0
[21:20:40.236] [ARM] [TARGET] vision state=CONFIRM enabled=1 dcx=0 dcy=0 stable=3
[21:20:40.421] [ARM] [JETSON_RX] vision dcx=0 dcy=0
[21:20:40.421] [ARM] [TARGET] vision state=CONFIRM enabled=1 dcx=0 dcy=0 stable=3
[21:20:40.609] [ARM] [JETSON_RX] vision dcx=0 dcy=0
[21:20:40.609] [ARM] [TARGET] vision state=CONFIRM enabled=1 dcx=0 dcy=0 stable=3
[21:20:40.796] [ARM] [JETSON_RX] vision dcx=0 dcy=0
[21:20:40.796] [ARM] [TARGET] vision state=CONFIRM enabled=1 dcx=0 dcy=0 stable=3
[21:20:41.046] [ARM] [JETSON_RX] vision dcx=0 dcy=0
[21:20:41.046] [ARM] [TARGET] vision state=CONFIRM enabled=1 dcx=0 dcy=0 stable=3
[21:20:41.234] [ARM] [JETSON_RX] vision dcx=0 dcy=0
[21:20:41.234] [ARM] [TARGET] vision state=CONFIRM enabled=1 dcx=0 dcy=0 stable=3
[21:20:41.420] [ARM] [JETSON_RX] vision dcx=0 dcy=0
[21:20:41.420] [ARM] [TARGET] vision state=CONFIRM enabled=1 dcx=0 dcy=0 stable=3
[21:20:41.606] [ARM] [JETSON_RX] vision dcx=0 dcy=0
[21:20:41.606] [ARM] [TARGET] vision state=CONFIRM enabled=1 dcx=0 dcy=0 stable=3
[21:20:41.792] [ARM] [JETSON_RX] vision dcx=0 dcy=0
[21:20:41.792] [ARM] [TARGET] vision state=CONFIRM enabled=1 dcx=0 dcy=0 stable=3
[21:20:42.041] [ARM] [JETSON_RX] vision dcx=0 dcy=0
[21:20:42.041] [ARM] [TARGET] vision state=CONFIRM enabled=1 dcx=0 dcy=0 stable=3
[21:20:42.228] [ARM] [JETSON_RX] vision dcx=0 dcy=0
[21:20:42.228] [ARM] [TARGET] vision state=CONFIRM enabled=1 dcx=0 dcy=0 stable=3
[21:20:42.415] [ARM] [JETSON_RX] vision dcx=0 dcy=0
[21:20:42.416] [ARM] [TARGET] vision state=CONFIRM enabled=1 dcx=0 dcy=0 stable=3
[21:20:42.599] [ARM] [JETSON_RX] vision dcx=0 dcy=0
[21:20:42.599] [ARM] [TARGET] vision state=CONFIRM enabled=1 dcx=0 dcy=0 stable=3
[21:20:42.847] [ARM] [JETSON_RX] vision dcx=0 dcy=0
[21:20:42.847] [ARM] [TARGET] vision state=CONFIRM enabled=1 dcx=0 dcy=0 stable=3
[21:20:43.031] [ARM] [JETSON_RX] vision dcx=0 dcy=0
[21:20:43.031] [ARM] [TARGET] vision state=CONFIRM enabled=1 dcx=0 dcy=0 stable=3
[21:20:43.219] [ARM] [JETSON_RX] vision dcx=0 dcy=0
[21:20:43.219] [ARM] [TARGET] vision state=CONFIRM enabled=1 dcx=0 dcy=0 stable=3
[21:20:43.405] [ARM] [JETSON_RX] vision dcx=0 dcy=0
[21:20:43.405] [ARM] [TARGET] vision state=CONFIRM enabled=1 dcx=0 dcy=0 stable=3
[21:20:43.652] [ARM] [JETSON_RX] vision dcx=0 dcy=0
[21:20:43.652] [ARM] [TARGET] vision state=CONFIRM enabled=1 dcx=0 dcy=0 stable=3
[21:20:43.839] [ARM] [JETSON_RX] vision dcx=0 dcy=0
[21:20:43.839] [ARM] [TARGET] vision state=CONFIRM enabled=1 dcx=0 dcy=0 stable=3
[21:20:44.028] [ARM] [JETSON_RX] vision dcx=0 dcy=0
[21:20:44.028] [ARM] [TARGET] vision state=CONFIRM enabled=1 dcx=0 dcy=0 stable=3
[21:20:44.214] [ARM] [JETSON_RX] vision dcx=0 dcy=0
[21:20:44.214] [ARM] [TARGET] vision state=CONFIRM enabled=1 dcx=0 dcy=0 stable=3
[21:20:44.399] [ARM] [JETSON_RX] vision dcx=0 dcy=0
[21:20:44.399] [ARM] [TARGET] vision state=CONFIRM enabled=1 dcx=0 dcy=0 stable=3
[21:20:44.648] [ARM] [JETSON_RX] vision dcx=0 dcy=0
[21:20:44.648] [ARM] [TARGET] vision state=CONFIRM enabled=1 dcx=0 dcy=0 stable=3
[21:20:44.833] [ARM] [JETSON_RX] vision dcx=0 dcy=0
[21:20:44.833] [ARM] [TARGET] vision state=CONFIRM enabled=1 dcx=0 dcy=0 stable=3
[21:20:45.017] [ARM] [JETSON_RX] vision dcx=0 dcy=0
[21:20:45.017] [ARM] [TARGET] vision state=CONFIRM enabled=1 dcx=0 dcy=0 stable=3
[21:20:45.204] [ARM] [JETSON_RX] vision dcx=0 dcy=0
[21:20:45.204] [ARM] [TARGET] vision state=CONFIRM enabled=1 dcx=0 dcy=0 stable=3
[21:20:45.452] [ARM] [JETSON_RX] vision dcx=0 dcy=0
[21:20:45.452] [ARM] [TARGET] vision state=CONFIRM enabled=1 dcx=0 dcy=0 stable=3
[21:20:45.636] [ARM] [JETSON_RX] vision dcx=0 dcy=0
[21:20:45.636] [ARM] [TARGET] vision state=CONFIRM enabled=1 dcx=0 dcy=0 stable=3
[21:20:45.821] [ARM] [JETSON_RX] vision dcx=0 dcy=0
[21:20:45.821] [ARM] [TARGET] vision state=CONFIRM enabled=1 dcx=0 dcy=0 stable=3
[21:20:46.008] [ARM] [JETSON_RX] vision dcx=0 dcy=0
[21:20:46.008] [ARM] [TARGET] vision state=CONFIRM enabled=1 dcx=0 dcy=0 stable=3
[21:20:46.256] [ARM] [JETSON_RX] vision dcx=0 dcy=0
[21:20:46.256] [ARM] [TARGET] vision state=CONFIRM enabled=1 dcx=0 dcy=0 stable=3
[21:20:46.444] [ARM] [JETSON_RX] vision dcx=0 dcy=0
[21:20:46.444] [ARM] [TARGET] vision state=CONFIRM enabled=1 dcx=0 dcy=0 stable=3
[21:20:46.631] [ARM] [JETSON_RX] vision dcx=0 dcy=0
[21:20:46.631] [ARM] [TARGET] vision state=CONFIRM enabled=1 dcx=0 dcy=0 stable=3
[21:20:46.821] [ARM] [JETSON_RX] vision dcx=0 dcy=0
[21:20:46.821] [ARM] [TARGET] vision state=CONFIRM enabled=1 dcx=0 dcy=0 stable=3
[21:20:47.007] [ARM] [JETSON_RX] vision dcx=0 dcy=0
[21:20:47.007] [ARM] [TARGET] vision state=CONFIRM enabled=1 dcx=0 dcy=0 stable=3
[21:20:47.254] [ARM] [JETSON_RX] vision dcx=0 dcy=0
[21:20:47.254] [ARM] [TARGET] vision state=CONFIRM enabled=1 dcx=0 dcy=0 stable=3
[21:20:47.441] [ARM] [JETSON_RX] vision dcx=0 dcy=0
[21:20:47.441] [ARM] [TARGET] vision state=CONFIRM enabled=1 dcx=0 dcy=0 stable=3
[21:20:47.625] [ARM] [JETSON_RX] vision dcx=0 dcy=0
[21:20:47.625] [ARM] [TARGET] vision state=CONFIRM enabled=1 dcx=0 dcy=0 stable=3
[21:20:47.809] [ARM] [JETSON_RX] vision dcx=0 dcy=0
[21:20:47.809] [ARM] [TARGET] vision state=CONFIRM enabled=1 dcx=0 dcy=0 stable=3
[21:20:48.058] [ARM] [JETSON_RX] vision dcx=0 dcy=0
[21:20:48.058] [ARM] [TARGET] vision state=CONFIRM enabled=1 dcx=0 dcy=0 stable=3
[21:20:48.244] [ARM] [JETSON_RX] vision dcx=0 dcy=0
[21:20:48.244] [ARM] [TARGET] vision state=CONFIRM enabled=1 dcx=0 dcy=0 stable=3
[21:20:48.429] [ARM] [JETSON_RX] vision dcx=0 dcy=0
[21:20:48.429] [ARM] [TARGET] vision state=CONFIRM enabled=1 dcx=0 dcy=0 stable=3
[21:20:48.614] [ARM] [JETSON_RX] vision dcx=0 dcy=0
[21:20:48.614] [ARM] [TARGET] vision state=CONFIRM enabled=1 dcx=0 dcy=0 stable=3
[21:20:48.861] [ARM] [JETSON_RX] vision dcx=0 dcy=0
[21:20:48.861] [ARM] [TARGET] vision state=CONFIRM enabled=1 dcx=0 dcy=0 stable=3
[21:20:49.046] [ARM] [JETSON_RX] vision dcx=0 dcy=0
[21:20:49.046] [ARM] [TARGET] vision state=CONFIRM enabled=1 dcx=0 dcy=0 stable=3
[21:20:49.230] [ARM] [JETSON_RX] vision dcx=0 dcy=0
[21:20:49.230] [ARM] [TARGET] vision state=CONFIRM enabled=1 dcx=0 dcy=0 stable=3
[21:20:49.416] [ARM] [JETSON_RX] vision dcx=0 dcy=0
[21:20:49.416] [ARM] [TARGET] vision state=CONFIRM enabled=1 dcx=0 dcy=0 stable=3
[21:20:49.662] [ARM] [JETSON_RX] vision dcx=0 dcy=0
[21:20:49.662] [ARM] [TARGET] vision state=CONFIRM enabled=1 dcx=0 dcy=0 stable=3
[21:20:49.849] [ARM] [JETSON_RX] vision dcx=0 dcy=0
[21:20:49.849] [ARM] [TARGET] vision state=CONFIRM enabled=1 dcx=0 dcy=0 stable=3
[21:20:50.035] [ARM] [JETSON_RX] vision dcx=0 dcy=0
[21:20:50.035] [ARM] [TARGET] vision state=CONFIRM enabled=1 dcx=0 dcy=0 stable=3
[21:20:50.221] [ARM] [JETSON_RX] vision dcx=0 dcy=0
[21:20:50.221] [ARM] [TARGET] vision state=CONFIRM enabled=1 dcx=0 dcy=0 stable=3
[21:20:50.466] [ARM] [JETSON_RX] vision dcx=0 dcy=0
[21:20:50.466] [ARM] [TARGET] vision state=CONFIRM enabled=1 dcx=0 dcy=0 stable=3
[21:20:50.653] [ARM] [JETSON_RX] vision dcx=0 dcy=0
[21:20:50.653] [ARM] [TARGET] vision state=CONFIRM enabled=1 dcx=0 dcy=0 stable=3
[21:20:50.840] [ARM] [JETSON_RX] vision dcx=0 dcy=0
[21:20:50.840] [ARM] [TARGET] vision state=CONFIRM enabled=1 dcx=0 dcy=0 stable=3
[21:20:51.028] [ARM] [JETSON_RX] vision dcx=0 dcy=0
[21:20:51.028] [ARM] [TARGET] vision state=CONFIRM enabled=1 dcx=0 dcy=0 stable=3
[21:20:51.215] [ARM] [JETSON_RX] vision dcx=0 dcy=0
[21:20:51.215] [ARM] [TARGET] vision state=CONFIRM enabled=1 dcx=0 dcy=0 stable=3
[21:20:51.464] [ARM] [JETSON_RX] vision dcx=0 dcy=0
[21:20:51.464] [ARM] [TARGET] vision state=CONFIRM enabled=1 dcx=0 dcy=0 stable=3
[21:20:51.650] [ARM] [JETSON_RX] vision dcx=0 dcy=0
[21:20:51.650] [ARM] [TARGET] vision state=CONFIRM enabled=1 dcx=0 dcy=0 stable=3
[21:20:51.838] [ARM] [JETSON_RX] vision dcx=0 dcy=0
[21:20:51.838] [ARM] [TARGET] vision state=CONFIRM enabled=1 dcx=0 dcy=0 stable=3
[21:20:52.025] [ARM] [JETSON_RX] vision dcx=0 dcy=0
[21:20:52.025] [ARM] [TARGET] vision state=CONFIRM enabled=1 dcx=0 dcy=0 stable=3
[21:20:52.273] [ARM] [JETSON_RX] vision dcx=0 dcy=0
[21:20:52.273] [ARM] [TARGET] vision state=CONFIRM enabled=1 dcx=0 dcy=0 stable=3
[21:20:52.457] [ARM] [JETSON_RX] vision dcx=0 dcy=0
[21:20:52.457] [ARM] [TARGET] vision state=CONFIRM enabled=1 dcx=0 dcy=0 stable=3
[21:20:52.643] [ARM] [JETSON_RX] vision dcx=0 dcy=0
[21:20:52.643] [ARM] [TARGET] vision state=CONFIRM enabled=1 dcx=0 dcy=0 stable=3
[21:20:53.268] [ARM] [JETSON_RX] vision dcx=0 dcy=0
[21:20:53.268] [ARM] [TARGET] vision state=RECOVER enabled=1 dcx=0 dcy=0 stable=3
[21:20:53.455] [ARM] [JETSON_RX] vision dcx=0 dcy=0
[21:20:53.455] [ARM] [TARGET] vision state=ALIGN enabled=1 dcx=0 dcy=0 stable=0
[21:20:53.641] [ARM] [JETSON_RX] vision dcx=0 dcy=0
[21:20:53.641] [ARM] [TARGET] vision state=ALIGN enabled=1 dcx=0 dcy=0 stable=1
[21:20:53.828] [ARM] [JETSON_RX] vision dcx=0 dcy=0
[21:20:53.828] [ARM] [TARGET] vision state=ALIGN enabled=1 dcx=0 dcy=0 stable=2
[21:20:53.873] [JETSON-RX] CC 02 01 DD
[21:20:53.873] [JETSON-STATUS] ALIGN_DONE func=0x02 value=0x01
[21:20:54.075] [ARM] [JETSON_RX] vision dcx=0 dcy=0
[21:20:54.075] [ARM] [TARGET] vision state=CONFIRM enabled=1 dcx=0 dcy=0 stable=3
[21:20:54.258] [ARM] [JETSON_RX] vision dcx=0 dcy=0
[21:20:54.258] [ARM] [TARGET] vision state=CONFIRM enabled=1 dcx=0 dcy=0 stable=3
[21:20:54.445] [ARM] [JETSON_RX] vision dcx=0 dcy=0
[21:20:54.445] [ARM] [TARGET] vision state=CONFIRM enabled=1 dcx=0 dcy=0 stable=3
[21:20:54.632] [ARM] [JETSON_RX] vision dcx=0 dcy=0
[21:20:54.632] [ARM] [TARGET] vision state=CONFIRM enabled=1 dcx=0 dcy=0 stable=3
[21:20:54.882] [ARM] [JETSON_RX] vision dcx=0 dcy=0
[21:20:54.882] [ARM] [TARGET] vision state=CONFIRM enabled=1 dcx=0 dcy=0 stable=3
[21:20:55.068] [ARM] [JETSON_RX] vision dcx=0 dcy=0
[21:20:55.068] [ARM] [TARGET] vision state=CONFIRM enabled=1 dcx=0 dcy=0 stable=3
[21:20:55.255] [ARM] [JETSON_RX] vision dcx=0 dcy=0
[21:20:55.255] [ARM] [TARGET] vision state=CONFIRM enabled=1 dcx=0 dcy=0 stable=3
[21:20:55.443] [ARM] [JETSON_RX] vision dcx=0 dcy=0
[21:20:55.443] [ARM] [TARGET] vision state=CONFIRM enabled=1 dcx=0 dcy=0 stable=3
[21:20:55.693] [ARM] [JETSON_RX] vision dcx=0 dcy=0
[21:20:55.693] [ARM] [TARGET] vision state=CONFIRM enabled=1 dcx=0 dcy=0 stable=3
[21:20:55.880] [ARM] [JETSON_RX] vision dcx=0 dcy=0
[21:20:55.880] [ARM] [TARGET] vision state=CONFIRM enabled=1 dcx=0 dcy=0 stable=3
[21:20:56.067] [ARM] [JETSON_RX] vision dcx=0 dcy=0
[21:20:56.067] [ARM] [TARGET] vision state=CONFIRM enabled=1 dcx=0 dcy=0 stable=3
[21:20:56.251] [ARM] [JETSON_RX] vision dcx=0 dcy=0
[21:20:56.251] [ARM] [TARGET] vision state=CONFIRM enabled=1 dcx=0 dcy=0 stable=3
[21:20:56.436] [ARM] [JETSON_RX] vision dcx=0 dcy=0
[21:20:56.436] [ARM] [TARGET] vision state=CONFIRM enabled=1 dcx=0 dcy=0 stable=3
[21:20:56.685] [ARM] [JETSON_RX] vision dcx=0 dcy=0
[21:20:56.685] [ARM] [TARGET] vision state=CONFIRM enabled=1 dcx=0 dcy=0 stable=3
[21:20:56.873] [ARM] [JETSON_RX] vision dcx=0 dcy=0
[21:20:56.873] [ARM] [TARGET] vision state=CONFIRM enabled=1 dcx=0 dcy=0 stable=3
[21:20:57.058] [ARM] [JETSON_RX] vision dcx=0 dcy=0
[21:20:57.058] [ARM] [TARGET] vision state=CONFIRM enabled=1 dcx=0 dcy=0 stable=3
[21:20:57.246] [ARM] [JETSON_RX] vision dcx=0 dcy=0
[21:20:57.246] [ARM] [TARGET] vision state=CONFIRM enabled=1 dcx=0 dcy=0 stable=3
[21:20:57.494] [ARM] [JETSON_RX] vision dcx=0 dcy=0
[21:20:57.494] [ARM] [TARGET] vision state=CONFIRM enabled=1 dcx=0 dcy=0 stable=3
[21:20:57.682] [ARM] [JETSON_RX] vision dcx=0 dcy=0
[21:20:57.682] [ARM] [TARGET] vision state=CONFIRM enabled=1 dcx=0 dcy=0 stable=3
[21:20:57.868] [ARM] [JETSON_RX] vision dcx=0 dcy=0
[21:20:57.868] [ARM] [TARGET] vision state=CONFIRM enabled=1 dcx=0 dcy=0 stable=3
[21:20:58.054] [ARM] [JETSON_RX] vision dcx=0 dcy=0
[21:20:58.054] [ARM] [TARGET] vision state=CONFIRM enabled=1 dcx=0 dcy=0 stable=3
[21:20:58.240] [ARM] [JETSON_RX] vision dcx=0 dcy=0
[21:20:58.240] [ARM] [TARGET] vision state=CONFIRM enabled=1 dcx=0 dcy=0 stable=3
[21:20:58.486] [ARM] [JETSON_RX] vision dcx=0 dcy=0
[21:20:58.486] [ARM] [TARGET] vision state=CONFIRM enabled=1 dcx=0 dcy=0 stable=3
[21:20:58.669] [ARM] [JETSON_RX] vision dcx=0 dcy=0
[21:20:58.669] [ARM] [TARGET] vision state=CONFIRM enabled=1 dcx=0 dcy=0 stable=3
[21:20:58.854] [ARM] [JETSON_RX] vision dcx=0 dcy=0
[21:20:58.854] [ARM] [TARGET] vision state=CONFIRM enabled=1 dcx=0 dcy=0 stable=3
[21:20:59.040] [ARM] [JETSON_RX] vision dcx=0 dcy=0
[21:20:59.040] [ARM] [TARGET] vision state=CONFIRM enabled=1 dcx=0 dcy=0 stable=3
[21:20:59.292] [ARM] [JETSON_RX] vision dcx=0 dcy=0
[21:20:59.292] [ARM] [TARGET] vision state=CONFIRM enabled=1 dcx=0 dcy=0 stable=3
[21:20:59.479] [ARM] [JETSON_RX] vision dcx=0 dcy=0
[21:20:59.479] [ARM] [TARGET] vision state=CONFIRM enabled=1 dcx=0 dcy=0 stable=3
[21:20:59.668] [ARM] [JETSON_RX] vision dcx=0 dcy=0
[21:20:59.668] [ARM] [TARGET] vision state=CONFIRM enabled=1 dcx=0 dcy=0 stable=3
[21:20:59.857] [ARM] [JETSON_RX] vision dcx=0 dcy=0
[21:20:59.857] [ARM] [TARGET] vision state=CONFIRM enabled=1 dcx=0 dcy=0 stable=3
[21:21:00.046] [ARM] [JETSON_RX] vision dcx=0 dcy=0
[21:21:00.046] [ARM] [TARGET] vision state=CONFIRM enabled=1 dcx=0 dcy=0 stable=3
[21:21:00.295] [ARM] [JETSON_RX] vision dcx=0 dcy=0
[21:21:00.295] [ARM] [TARGET] vision state=CONFIRM enabled=1 dcx=0 dcy=0 stable=3
[21:21:00.481] [ARM] [JETSON_RX] vision dcx=0 dcy=0
[21:21:00.481] [ARM] [TARGET] vision state=CONFIRM enabled=1 dcx=0 dcy=0 stable=3
[21:21:00.667] [ARM] [JETSON_RX] vision dcx=0 dcy=0
[21:21:00.667] [ARM] [TARGET] vision state=CONFIRM enabled=1 dcx=0 dcy=0 stable=3
[21:21:00.854] [ARM] [JETSON_RX] vision dcx=0 dcy=0
[21:21:00.854] [ARM] [TARGET] vision state=CONFIRM enabled=1 dcx=0 dcy=0 stable=3
[21:21:01.040] [ARM] [JETSON_RX] vision dcx=0 dcy=0
[21:21:01.040] [ARM] [TARGET] vision state=CONFIRM enabled=1 dcx=0 dcy=0 stable=3
[21:21:01.289] [ARM] [JETSON_RX] vision dcx=0 dcy=0
[21:21:01.289] [ARM] [TARGET] vision state=CONFIRM enabled=1 dcx=0 dcy=0 stable=3
[21:21:01.475] [ARM] [JETSON_RX] vision dcx=0 dcy=0
[21:21:01.475] [ARM] [TARGET] vision state=CONFIRM enabled=1 dcx=0 dcy=0 stable=3
[21:21:01.661] [ARM] [JETSON_RX] vision dcx=0 dcy=0
[21:21:01.661] [ARM] [TARGET] vision state=CONFIRM enabled=1 dcx=0 dcy=0 stable=3
[21:21:01.845] [ARM] [JETSON_RX] vision dcx=0 dcy=0
[21:21:01.845] [ARM] [TARGET] vision state=CONFIRM enabled=1 dcx=0 dcy=0 stable=3
[21:21:02.094] [ARM] [JETSON_RX] vision dcx=0 dcy=0
[21:21:02.094] [ARM] [TARGET] vision state=CONFIRM enabled=1 dcx=0 dcy=0 stable=3
[21:21:02.282] [ARM] [JETSON_RX] vision dcx=0 dcy=0
[21:21:02.282] [ARM] [TARGET] vision state=CONFIRM enabled=1 dcx=0 dcy=0 stable=3
[21:21:02.469] [ARM] [JETSON_RX] vision dcx=0 dcy=0
[21:21:02.469] [ARM] [TARGET] vision state=CONFIRM enabled=1 dcx=0 dcy=0 stable=3
[21:21:02.653] [ARM] [JETSON_RX] vision dcx=0 dcy=0
[21:21:02.653] [ARM] [TARGET] vision state=CONFIRM enabled=1 dcx=0 dcy=0 stable=3
[21:21:02.901] [ARM] [JETSON_RX] vision dcx=0 dcy=0
[21:21:02.901] [ARM] [TARGET] vision state=CONFIRM enabled=1 dcx=0 dcy=0 stable=3
[21:21:03.089] [ARM] [JETSON_RX] vision dcx=0 dcy=0
[21:21:03.089] [ARM] [TARGET] vision state=CONFIRM enabled=1 dcx=0 dcy=0 stable=3
[21:21:03.275] [ARM] [JETSON_RX] vision dcx=0 dcy=0
[21:21:03.275] [ARM] [TARGET] vision state=CONFIRM enabled=1 dcx=0 dcy=0 stable=3
[21:21:03.461] [ARM] [JETSON_RX] vision dcx=0 dcy=0
[21:21:03.461] [ARM] [TARGET] vision state=CONFIRM enabled=1 dcx=0 dcy=0 stable=3
[21:21:03.707] [ARM] [JETSON_RX] vision dcx=0 dcy=0
[21:21:03.707] [ARM] [TARGET] vision state=CONFIRM enabled=1 dcx=0 dcy=0 stable=3
[21:21:03.892] [ARM] [JETSON_RX] vision dcx=0 dcy=0
[21:21:03.892] [ARM] [TARGET] vision state=CONFIRM enabled=1 dcx=0 dcy=0 stable=3
[21:21:04.073] [ARM] [JETSON_RX] vision dcx=0 dcy=0
[21:21:04.073] [ARM] [TARGET] vision state=CONFIRM enabled=1 dcx=0 dcy=0 stable=3
[21:21:04.261] [ARM] [JETSON_RX] vision dcx=0 dcy=0
[21:21:04.261] [ARM] [TARGET] vision state=CONFIRM enabled=1 dcx=0 dcy=0 stable=3
[21:21:04.510] [ARM] [JETSON_RX] vision dcx=0 dcy=0
[21:21:04.510] [ARM] [TARGET] vision state=CONFIRM enabled=1 dcx=0 dcy=0 stable=3
[21:21:04.697] [ARM] [JETSON_RX] vision dcx=0 dcy=0
[21:21:04.697] [ARM] [TARGET] vision state=CONFIRM enabled=1 dcx=0 dcy=0 stable=3
[21:21:04.882] [ARM] [JETSON_RX] vision dcx=0 dcy=0
[21:21:04.882] [ARM] [TARGET] vision state=CONFIRM enabled=1 dcx=0 dcy=0 stable=3
[21:21:05.071] [ARM] [JETSON_RX] vision dcx=0 dcy=0
[21:21:05.071] [ARM] [TARGET] vision state=CONFIRM enabled=1 dcx=0 dcy=0 stable=3
[21:21:05.258] [ARM] [JETSON_RX] vision dcx=0 dcy=0
[21:21:05.258] [ARM] [TARGET] vision state=CONFIRM enabled=1 dcx=0 dcy=0 stable=3
[21:21:05.509] [ARM] [JETSON_RX] vision dcx=0 dcy=0
[21:21:05.509] [ARM] [TARGET] vision state=CONFIRM enabled=1 dcx=0 dcy=0 stable=3
[21:21:05.695] [ARM] [JETSON_RX] vision dcx=0 dcy=0
[21:21:05.695] [ARM] [TARGET] vision state=CONFIRM enabled=1 dcx=0 dcy=0 stable=3
[21:21:05.881] [ARM] [JETSON_RX] vision dcx=0 dcy=0
[21:21:05.881] [ARM] [TARGET] vision state=CONFIRM enabled=1 dcx=0 dcy=0 stable=3
[21:21:06.069] [ARM] [JETSON_RX] vision dcx=0 dcy=0
[21:21:06.069] [ARM] [TARGET] vision state=CONFIRM enabled=1 dcx=0 dcy=0 stable=3
[21:21:06.315] [ARM] [JETSON_RX] vision dcx=0 dcy=0
[21:21:06.315] [ARM] [TARGET] vision state=CONFIRM enabled=1 dcx=0 dcy=0 stable=3
[21:21:06.502] [ARM] [JETSON_RX] vision dcx=0 dcy=0
[21:21:06.502] [ARM] [TARGET] vision state=CONFIRM enabled=1 dcx=0 dcy=0 stable=3
[21:21:06.686] [ARM] [JETSON_RX] vision dcx=0 dcy=0
[21:21:06.686] [ARM] [TARGET] vision state=CONFIRM enabled=1 dcx=0 dcy=0 stable=3
[21:21:06.876] [ARM] [JETSON_RX] vision dcx=0 dcy=0
[21:21:06.876] [ARM] [TARGET] vision state=CONFIRM enabled=1 dcx=0 dcy=0 stable=3
[21:21:07.061] [ARM] [JETSON_RX] vision dcx=0 dcy=0
[21:21:07.061] [ARM] [TARGET] vision state=CONFIRM enabled=1 dcx=0 dcy=0 stable=3
[21:21:07.309] [ARM] [JETSON_RX] vision dcx=0 dcy=0
[21:21:07.309] [ARM] [TARGET] vision state=CONFIRM enabled=1 dcx=0 dcy=0 stable=3
[21:21:07.497] [ARM] [JETSON_RX] vision dcx=0 dcy=0
[21:21:07.497] [ARM] [TARGET] vision state=CONFIRM enabled=1 dcx=0 dcy=0 stable=3
[21:21:07.684] [ARM] [JETSON_RX] vision dcx=0 dcy=0
[21:21:07.684] [ARM] [TARGET] vision state=CONFIRM enabled=1 dcx=0 dcy=0 stable=3
[21:21:07.870] [ARM] [JETSON_RX] vision dcx=0 dcy=0
[21:21:07.870] [ARM] [TARGET] vision state=CONFIRM enabled=1 dcx=0 dcy=0 stable=3
[21:21:08.118] [ARM] [JETSON_RX] vision dcx=0 dcy=0
[21:21:08.118] [ARM] [TARGET] vision state=CONFIRM enabled=1 dcx=0 dcy=0 stable=3
[21:21:08.301] [ARM] [JETSON_RX] vision dcx=0 dcy=0
[21:21:08.301] [ARM] [TARGET] vision state=CONFIRM enabled=1 dcx=0 dcy=0 stable=3
[21:21:08.488] [ARM] [JETSON_RX] vision dcx=0 dcy=0
[21:21:08.488] [ARM] [TARGET] vision state=CONFIRM enabled=1 dcx=0 dcy=0 stable=3
[21:21:08.674] [ARM] [JETSON_RX] vision dcx=0 dcy=0
[21:21:08.674] [ARM] [TARGET] vision state=CONFIRM enabled=1 dcx=0 dcy=0 stable=3
[21:21:08.924] [ARM] [JETSON_RX] vision dcx=0 dcy=0
[21:21:08.924] [ARM] [TARGET] vision state=CONFIRM enabled=1 dcx=0 dcy=0 stable=3
[21:21:09.107] [ARM] [JETSON_RX] vision dcx=0 dcy=0
[21:21:09.107] [ARM] [TARGET] vision state=CONFIRM enabled=1 dcx=0 dcy=0 stable=3
[21:21:09.294] [ARM] [JETSON_RX] vision dcx=0 dcy=0
[21:21:09.294] [ARM] [TARGET] vision state=CONFIRM enabled=1 dcx=0 dcy=0 stable=3
[21:21:09.481] [ARM] [JETSON_RX] vision dcx=0 dcy=0
[21:21:09.481] [ARM] [TARGET] vision state=CONFIRM enabled=1 dcx=0 dcy=0 stable=3
[21:21:09.666] [ARM] [JETSON_RX] vision dcx=0 dcy=0
[21:21:09.666] [ARM] [TARGET] vision state=CONFIRM enabled=1 dcx=0 dcy=0 stable=3
[21:21:09.916] [ARM] [JETSON_RX] vision dcx=0 dcy=0
[21:21:09.916] [ARM] [TARGET] vision state=CONFIRM enabled=1 dcx=0 dcy=0 stable=3
[21:21:10.104] [ARM] [JETSON_RX] vision dcx=0 dcy=0
[21:21:10.104] [ARM] [TARGET] vision state=CONFIRM enabled=1 dcx=0 dcy=0 stable=3
[21:21:10.291] [ARM] [JETSON_RX] vision dcx=0 dcy=0
[21:21:10.291] [ARM] [TARGET] vision state=CONFIRM enabled=1 dcx=0 dcy=0 stable=3
[21:21:10.478] [ARM] [JETSON_RX] vision dcx=0 dcy=0
[21:21:10.478] [ARM] [TARGET] vision state=CONFIRM enabled=1 dcx=0 dcy=0 stable=3
[21:21:10.665] [ARM] [JETSON_RX] vision dcx=0 dcy=0
[21:21:10.665] [ARM] [TARGET] vision state=CONFIRM enabled=1 dcx=0 dcy=0 stable=3
[21:21:10.912] [ARM] [JETSON_RX] vision dcx=0 dcy=0
[21:21:10.912] [ARM] [TARGET] vision state=CONFIRM enabled=1 dcx=0 dcy=0 stable=3
[21:21:11.098] [ARM] [JETSON_RX] vision dcx=0 dcy=0
[21:21:11.098] [ARM] [TARGET] vision state=CONFIRM enabled=1 dcx=0 dcy=0 stable=3
[21:21:11.288] [ARM] [JETSON_RX] vision dcx=0 dcy=0
[21:21:11.288] [ARM] [TARGET] vision state=CONFIRM enabled=1 dcx=0 dcy=0 stable=3
[21:21:11.475] [ARM] [JETSON_RX] vision dcx=0 dcy=0
[21:21:11.475] [ARM] [TARGET] vision state=CONFIRM enabled=1 dcx=0 dcy=0 stable=3
[21:21:11.722] [ARM] [JETSON_RX] vision dcx=0 dcy=0
[21:21:11.722] [ARM] [TARGET] vision state=CONFIRM enabled=1 dcx=0 dcy=0 stable=3
[21:21:11.910] [ARM] [JETSON_RX] vision dcx=0 dcy=0
[21:21:11.910] [ARM] [TARGET] vision state=CONFIRM enabled=1 dcx=0 dcy=0 stable=3
[21:21:12.095] [ARM] [JETSON_RX] vision dcx=0 dcy=0
[21:21:12.095] [ARM] [TARGET] vision state=CONFIRM enabled=1 dcx=0 dcy=0 stable=3
[21:21:12.284] [ARM] [JETSON_RX] vision dcx=0 dcy=0
[21:21:12.284] [ARM] [TARGET] vision state=CONFIRM enabled=1 dcx=0 dcy=0 stable=3
[21:21:12.532] [ARM] [JETSON_RX] vision dcx=0 dcy=0
[21:21:12.532] [ARM] [TARGET] vision state=CONFIRM enabled=1 dcx=0 dcy=0 stable=3
[21:21:12.718] [ARM] [JETSON_RX] vision dcx=0 dcy=0
[21:21:12.718] [ARM] [TARGET] vision state=CONFIRM enabled=1 dcx=0 dcy=0 stable=3
[21:21:12.903] [ARM] [JETSON_RX] vision dcx=0 dcy=0
[21:21:12.903] [ARM] [TARGET] vision state=CONFIRM enabled=1 dcx=0 dcy=0 stable=3
[21:21:13.087] [ARM] [JETSON_RX] vision dcx=0 dcy=0
[21:21:13.087] [ARM] [TARGET] vision state=CONFIRM enabled=1 dcx=0 dcy=0 stable=3
[21:21:13.335] [ARM] [JETSON_RX] vision dcx=0 dcy=0
[21:21:13.335] [ARM] [TARGET] vision state=CONFIRM enabled=1 dcx=0 dcy=0 stable=3
[21:21:13.522] [ARM] [JETSON_RX] vision dcx=0 dcy=0
[21:21:13.522] [ARM] [TARGET] vision state=CONFIRM enabled=1 dcx=0 dcy=0 stable=3
[21:21:13.709] [ARM] [JETSON_RX] vision dcx=0 dcy=0
[21:21:13.709] [ARM] [TARGET] vision state=CONFIRM enabled=1 dcx=0 dcy=0 stable=3
[21:21:13.897] [ARM] [JETSON_RX] vision dcx=0 dcy=0
[21:21:13.897] [ARM] [TARGET] vision state=CONFIRM enabled=1 dcx=0 dcy=0 stable=3
[21:21:14.085] [ARM] [JETSON_RX] vision dcx=0 dcy=0
[21:21:14.085] [ARM] [TARGET] vision state=CONFIRM enabled=1 dcx=0 dcy=0 stable=3
[21:21:14.334] [ARM] [JETSON_RX] vision dcx=0 dcy=0
[21:21:14.334] [ARM] [TARGET] vision state=CONFIRM enabled=1 dcx=0 dcy=0 stable=3
[21:21:14.522] [ARM] [JETSON_RX] vision dcx=0 dcy=0
[21:21:14.522] [ARM] [TARGET] vision state=CONFIRM enabled=1 dcx=0 dcy=0 stable=3
[21:21:14.707] [ARM] [JETSON_RX] vision dcx=0 dcy=0
[21:21:14.707] [ARM] [TARGET] vision state=CONFIRM enabled=1 dcx=0 dcy=0 stable=3
[21:21:14.892] [ARM] [JETSON_RX] vision dcx=0 dcy=0
[21:21:14.892] [ARM] [TARGET] vision state=CONFIRM enabled=1 dcx=0 dcy=0 stable=3
[21:21:15.078] [ARM] [JETSON_RX] vision dcx=0 dcy=0
[21:21:15.078] [ARM] [TARGET] vision state=CONFIRM enabled=1 dcx=0 dcy=0 stable=3
[21:21:15.326] [ARM] [JETSON_RX] vision dcx=0 dcy=0
[21:21:15.326] [ARM] [TARGET] vision state=CONFIRM enabled=1 dcx=0 dcy=0 stable=3
[21:21:15.515] [ARM] [JETSON_RX] vision dcx=0 dcy=0
[21:21:15.515] [ARM] [TARGET] vision state=CONFIRM enabled=1 dcx=0 dcy=0 stable=3
[21:21:16.134] [ARM] [JETSON_RX] vision dcx=0 dcy=0
[21:21:16.134] [ARM] [TARGET] vision state=RECOVER enabled=1 dcx=0 dcy=0 stable=3
[21:21:16.319] [ARM] [JETSON_RX] vision dcx=0 dcy=0
[21:21:16.319] [ARM] [TARGET] vision state=ALIGN enabled=1 dcx=0 dcy=0 stable=0
[21:21:16.503] [ARM] [JETSON_RX] vision dcx=0 dcy=0
[21:21:16.503] [ARM] [TARGET] vision state=ALIGN enabled=1 dcx=0 dcy=0 stable=1
[21:21:16.686] [ARM] [JETSON_RX] vision dcx=0 dcy=0
[21:21:16.686] [ARM] [TARGET] vision state=ALIGN enabled=1 dcx=0 dcy=0 stable=2
[21:21:16.748] [JETSON-RX] CC 02 01 DD
[21:21:16.748] [JETSON-STATUS] ALIGN_DONE func=0x02 value=0x01
[21:21:16.932] [ARM] [JETSON_RX] vision dcx=0 dcy=0
[21:21:16.932] [ARM] [TARGET] vision state=CONFIRM enabled=1 dcx=0 dcy=0 stable=3
[21:21:17.118] [ARM] [JETSON_RX] vision dcx=0 dcy=0
[21:21:17.118] [ARM] [TARGET] vision state=CONFIRM enabled=1 dcx=0 dcy=0 stable=3
[21:21:17.306] [ARM] [JETSON_RX] vision dcx=0 dcy=0
[21:21:17.306] [ARM] [TARGET] vision state=CONFIRM enabled=1 dcx=0 dcy=0 stable=3
[21:21:17.491] [ARM] [JETSON_RX] vision dcx=0 dcy=0
[21:21:17.491] [ARM] [TARGET] vision state=CONFIRM enabled=1 dcx=0 dcy=0 stable=3
[21:21:17.738] [ARM] [JETSON_RX] vision dcx=0 dcy=0
[21:21:17.738] [ARM] [TARGET] vision state=CONFIRM enabled=1 dcx=0 dcy=0 stable=3
[21:21:17.925] [ARM] [JETSON_RX] vision dcx=0 dcy=0
[21:21:17.925] [ARM] [TARGET] vision state=CONFIRM enabled=1 dcx=0 dcy=0 stable=3
[21:21:18.110] [ARM] [JETSON_RX] vision dcx=0 dcy=0
[21:21:18.110] [ARM] [TARGET] vision state=CONFIRM enabled=1 dcx=0 dcy=0 stable=3
[21:21:18.296] [ARM] [JETSON_RX] vision dcx=0 dcy=0
[21:21:18.296] [ARM] [TARGET] vision state=CONFIRM enabled=1 dcx=0 dcy=0 stable=3
[21:21:18.545] [ARM] [JETSON_RX] vision dcx=0 dcy=0
[21:21:18.545] [ARM] [TARGET] vision state=CONFIRM enabled=1 dcx=0 dcy=0 stable=3
[21:21:18.731] [ARM] [JETSON_RX] vision dcx=0 dcy=0
[21:21:18.731] [ARM] [TARGET] vision state=CONFIRM enabled=1 dcx=0 dcy=0 stable=3
[21:21:18.916] [ARM] [JETSON_RX] vision dcx=0 dcy=0
[21:21:18.916] [ARM] [TARGET] vision state=CONFIRM enabled=1 dcx=0 dcy=0 stable=3
[21:21:19.102] [ARM] [JETSON_RX] vision dcx=0 dcy=0
[21:21:19.102] [ARM] [TARGET] vision state=CONFIRM enabled=1 dcx=0 dcy=0 stable=3
[21:21:19.352] [ARM] [JETSON_RX] vision dcx=0 dcy=0
[21:21:19.352] [ARM] [TARGET] vision state=CONFIRM enabled=1 dcx=0 dcy=0 stable=3
[21:21:19.538] [ARM] [JETSON_RX] vision dcx=0 dcy=0
[21:21:19.538] [ARM] [TARGET] vision state=CONFIRM enabled=1 dcx=0 dcy=0 stable=3
[21:21:19.724] [ARM] [JETSON_RX] vision dcx=0 dcy=0
[21:21:19.724] [ARM] [TARGET] vision state=CONFIRM enabled=1 dcx=0 dcy=0 stable=3
[21:21:19.911] [ARM] [JETSON_RX] vision dcx=0 dcy=0
[21:21:19.911] [ARM] [TARGET] vision state=CONFIRM enabled=1 dcx=0 dcy=0 stable=3
[21:21:20.097] [ARM] [JETSON_RX] vision dcx=0 dcy=0
[21:21:20.097] [ARM] [TARGET] vision state=CONFIRM enabled=1 dcx=0 dcy=0 stable=3
[21:21:20.348] [ARM] [JETSON_RX] vision dcx=0 dcy=0
[21:21:20.348] [ARM] [TARGET] vision state=CONFIRM enabled=1 dcx=0 dcy=0 stable=3
[21:21:20.534] [ARM] [JETSON_RX] vision dcx=0 dcy=0
[21:21:20.534] [ARM] [TARGET] vision state=CONFIRM enabled=1 dcx=0 dcy=0 stable=3
[21:21:20.719] [ARM] [JETSON_RX] vision dcx=0 dcy=0
[21:21:20.719] [ARM] [TARGET] vision state=CONFIRM enabled=1 dcx=0 dcy=0 stable=3
[21:21:20.907] [ARM] [JETSON_RX] vision dcx=0 dcy=0
[21:21:20.907] [ARM] [TARGET] vision state=CONFIRM enabled=1 dcx=0 dcy=0 stable=3
[21:21:21.094] [ARM] [JETSON_RX] vision dcx=0 dcy=0
[21:21:21.094] [ARM] [TARGET] vision state=CONFIRM enabled=1 dcx=0 dcy=0 stable=3
[21:21:21.345] [ARM] [JETSON_RX] vision dcx=0 dcy=0
[21:21:21.345] [ARM] [TARGET] vision state=CONFIRM enabled=1 dcx=0 dcy=0 stable=3
[21:21:21.533] [ARM] [JETSON_RX] vision dcx=0 dcy=0
[21:21:21.533] [ARM] [TARGET] vision state=CONFIRM enabled=1 dcx=0 dcy=0 stable=3
[21:21:21.721] [ARM] [JETSON_RX] vision dcx=0 dcy=0
[21:21:21.721] [ARM] [TARGET] vision state=CONFIRM enabled=1 dcx=0 dcy=0 stable=3
[21:21:21.911] [ARM] [JETSON_RX] vision dcx=0 dcy=0
[21:21:21.912] [ARM] [TARGET] vision state=CONFIRM enabled=1 dcx=0 dcy=0 stable=3
[21:21:22.093] [ARM] [JETSON_RX] vision dcx=0 dcy=0
[21:21:22.093] [ARM] [TARGET] vision state=CONFIRM enabled=1 dcx=0 dcy=0 stable=3
[21:21:22.340] [ARM] [JETSON_RX] vision dcx=0 dcy=0
[21:21:22.340] [ARM] [TARGET] vision state=CONFIRM enabled=1 dcx=0 dcy=0 stable=3
[21:21:22.527] [ARM] [JETSON_RX] vision dcx=0 dcy=0
[21:21:22.527] [ARM] [TARGET] vision state=CONFIRM enabled=1 dcx=0 dcy=0 stable=3
[21:21:22.714] [ARM] [JETSON_RX] vision dcx=0 dcy=0
[21:21:22.714] [ARM] [TARGET] vision state=CONFIRM enabled=1 dcx=0 dcy=0 stable=3
[21:21:22.899] [ARM] [JETSON_RX] vision dcx=0 dcy=0
[21:21:22.899] [ARM] [TARGET] vision state=CONFIRM enabled=1 dcx=0 dcy=0 stable=3
[21:21:23.149] [ARM] [JETSON_RX] vision dcx=0 dcy=0
[21:21:23.149] [ARM] [TARGET] vision state=CONFIRM enabled=1 dcx=0 dcy=0 stable=3
[21:21:23.336] [ARM] [JETSON_RX] vision dcx=0 dcy=0
[21:21:23.336] [ARM] [TARGET] vision state=CONFIRM enabled=1 dcx=0 dcy=0 stable=3
[21:21:23.523] [ARM] [JETSON_RX] vision dcx=0 dcy=0
[21:21:23.523] [ARM] [TARGET] vision state=CONFIRM enabled=1 dcx=0 dcy=0 stable=3
[21:21:23.711] [ARM] [JETSON_RX] vision dcx=0 dcy=0
[21:21:23.711] [ARM] [TARGET] vision state=CONFIRM enabled=1 dcx=0 dcy=0 stable=3
[21:21:23.958] [ARM] [JETSON_RX] vision dcx=0 dcy=0
[21:21:23.958] [ARM] [TARGET] vision state=CONFIRM enabled=1 dcx=0 dcy=0 stable=3
[21:21:24.146] [ARM] [JETSON_RX] vision dcx=0 dcy=0
[21:21:24.146] [ARM] [TARGET] vision state=CONFIRM enabled=1 dcx=0 dcy=0 stable=3
[21:21:24.334] [ARM] [JETSON_RX] vision dcx=0 dcy=0
[21:21:24.334] [ARM] [TARGET] vision state=CONFIRM enabled=1 dcx=0 dcy=0 stable=3
[21:21:24.517] [ARM] [JETSON_RX] vision dcx=0 dcy=0
[21:21:24.517] [ARM] [TARGET] vision state=CONFIRM enabled=1 dcx=0 dcy=0 stable=3
[21:21:24.765] [ARM] [JETSON_RX] vision dcx=0 dcy=0
[21:21:24.765] [ARM] [TARGET] vision state=CONFIRM enabled=1 dcx=0 dcy=0 stable=3
[21:21:24.952] [ARM] [JETSON_RX] vision dcx=0 dcy=0
[21:21:24.952] [ARM] [TARGET] vision state=CONFIRM enabled=1 dcx=0 dcy=0 stable=3
[21:21:25.138] [ARM] [JETSON_RX] vision dcx=0 dcy=0
[21:21:25.138] [ARM] [TARGET] vision state=CONFIRM enabled=1 dcx=0 dcy=0 stable=3
[21:21:25.323] [ARM] [JETSON_RX] vision dcx=0 dcy=0
[21:21:25.323] [ARM] [TARGET] vision state=CONFIRM enabled=1 dcx=0 dcy=0 stable=3
[21:21:25.511] [ARM] [JETSON_RX] vision dcx=0 dcy=0
[21:21:25.511] [ARM] [TARGET] vision state=CONFIRM enabled=1 dcx=0 dcy=0 stable=3
[21:21:25.760] [ARM] [JETSON_RX] vision dcx=0 dcy=0
[21:21:25.760] [ARM] [TARGET] vision state=CONFIRM enabled=1 dcx=0 dcy=0 stable=3
[21:21:25.949] [ARM] [JETSON_RX] vision dcx=0 dcy=0
[21:21:25.949] [ARM] [TARGET] vision state=CONFIRM enabled=1 dcx=0 dcy=0 stable=3
[21:21:26.134] [ARM] [JETSON_RX] vision dcx=0 dcy=0
[21:21:26.134] [ARM] [TARGET] vision state=CONFIRM enabled=1 dcx=0 dcy=0 stable=3
[21:21:26.319] [ARM] [JETSON_RX] vision dcx=0 dcy=0
[21:21:26.319] [ARM] [TARGET] vision state=CONFIRM enabled=1 dcx=0 dcy=0 stable=3
[21:21:26.569] [ARM] [JETSON_RX] vision dcx=0 dcy=0
[21:21:26.569] [ARM] [TARGET] vision state=CONFIRM enabled=1 dcx=0 dcy=0 stable=3
[21:21:26.755] [ARM] [JETSON_RX] vision dcx=0 dcy=0
[21:21:26.755] [ARM] [TARGET] vision state=CONFIRM enabled=1 dcx=0 dcy=0 stable=3
[21:21:26.943] [ARM] [JETSON_RX] vision dcx=0 dcy=0
[21:21:26.943] [ARM] [TARGET] vision state=CONFIRM enabled=1 dcx=0 dcy=0 stable=3
[21:21:27.126] [ARM] [JETSON_RX] vision dcx=0 dcy=0
[21:21:27.126] [ARM] [TARGET] vision state=CONFIRM enabled=1 dcx=0 dcy=0 stable=3
[21:21:27.313] [ARM] [JETSON_RX] vision dcx=0 dcy=0
[21:21:27.313] [ARM] [TARGET] vision state=CONFIRM enabled=1 dcx=0 dcy=0 stable=3
[21:21:27.561] [ARM] [JETSON_RX] vision dcx=0 dcy=0
[21:21:27.561] [ARM] [TARGET] vision state=CONFIRM enabled=1 dcx=0 dcy=0 stable=3
[21:21:27.746] [ARM] [JETSON_RX] vision dcx=0 dcy=0
[21:21:27.746] [ARM] [TARGET] vision state=CONFIRM enabled=1 dcx=0 dcy=0 stable=3
[21:21:27.931] [ARM] [JETSON_RX] vision dcx=0 dcy=0
[21:21:27.931] [ARM] [TARGET] vision state=CONFIRM enabled=1 dcx=0 dcy=0 stable=3
[21:21:28.118] [ARM] [JETSON_RX] vision dcx=0 dcy=0
[21:21:28.118] [ARM] [TARGET] vision state=CONFIRM enabled=1 dcx=0 dcy=0 stable=3
[21:21:28.366] [ARM] [JETSON_RX] vision dcx=0 dcy=0
[21:21:28.366] [ARM] [TARGET] vision state=CONFIRM enabled=1 dcx=0 dcy=0 stable=3
[21:21:28.552] [ARM] [JETSON_RX] vision dcx=0 dcy=0
[21:21:28.552] [ARM] [TARGET] vision state=CONFIRM enabled=1 dcx=0 dcy=0 stable=3
[21:21:28.739] [ARM] [JETSON_RX] vision dcx=0 dcy=0
[21:21:28.739] [ARM] [TARGET] vision state=CONFIRM enabled=1 dcx=0 dcy=0 stable=3
[21:21:28.923] [ARM] [JETSON_RX] vision dcx=0 dcy=0
[21:21:28.923] [ARM] [TARGET] vision state=CONFIRM enabled=1 dcx=0 dcy=0 stable=3
[21:21:29.173] [ARM] [JETSON_RX] vision dcx=0 dcy=0
[21:21:29.173] [ARM] [TARGET] vision state=CONFIRM enabled=1 dcx=0 dcy=0 stable=3
[21:21:29.359] [ARM] [JETSON_RX] vision dcx=0 dcy=0
[21:21:29.359] [ARM] [TARGET] vision state=CONFIRM enabled=1 dcx=0 dcy=0 stable=3
[21:21:29.543] [ARM] [JETSON_RX] vision dcx=0 dcy=0
[21:21:29.543] [ARM] [TARGET] vision state=CONFIRM enabled=1 dcx=0 dcy=0 stable=3
[21:21:29.729] [ARM] [JETSON_RX] vision dcx=0 dcy=0
[21:21:29.729] [ARM] [TARGET] vision state=CONFIRM enabled=1 dcx=0 dcy=0 stable=3
[21:21:29.915] [ARM] [JETSON_RX] vision dcx=0 dcy=0
[21:21:29.915] [ARM] [TARGET] vision state=CONFIRM enabled=1 dcx=0 dcy=0 stable=3
[21:21:30.165] [ARM] [JETSON_RX] vision dcx=0 dcy=0
[21:21:30.165] [ARM] [TARGET] vision state=CONFIRM enabled=1 dcx=0 dcy=0 stable=3
[21:21:30.353] [ARM] [JETSON_RX] vision dcx=0 dcy=0
[21:21:30.353] [ARM] [TARGET] vision state=CONFIRM enabled=1 dcx=0 dcy=0 stable=3
[21:21:30.540] [ARM] [JETSON_RX] vision dcx=0 dcy=0
[21:21:30.540] [ARM] [TARGET] vision state=CONFIRM enabled=1 dcx=0 dcy=0 stable=3
[21:21:30.727] [ARM] [JETSON_RX] vision dcx=0 dcy=0
[21:21:30.727] [ARM] [TARGET] vision state=CONFIRM enabled=1 dcx=0 dcy=0 stable=3
[21:21:30.974] [ARM] [JETSON_RX] vision dcx=0 dcy=0
[21:21:30.974] [ARM] [TARGET] vision state=CONFIRM enabled=1 dcx=0 dcy=0 stable=3
[21:21:31.162] [ARM] [JETSON_RX] vision dcx=0 dcy=0
[21:21:31.162] [ARM] [TARGET] vision state=CONFIRM enabled=1 dcx=0 dcy=0 stable=3
[21:21:31.347] [ARM] [JETSON_RX] vision dcx=0 dcy=0
[21:21:31.347] [ARM] [TARGET] vision state=CONFIRM enabled=1 dcx=0 dcy=0 stable=3
[21:21:31.534] [ARM] [JETSON_RX] vision dcx=0 dcy=0
[21:21:31.534] [ARM] [TARGET] vision state=CONFIRM enabled=1 dcx=0 dcy=0 stable=3
[21:21:31.782] [ARM] [JETSON_RX] vision dcx=0 dcy=0
[21:21:31.782] [ARM] [TARGET] vision state=CONFIRM enabled=1 dcx=0 dcy=0 stable=3
[21:21:31.965] [ARM] [JETSON_RX] vision dcx=0 dcy=0
[21:21:31.965] [ARM] [TARGET] vision state=CONFIRM enabled=1 dcx=0 dcy=0 stable=3
[21:21:32.150] [ARM] [JETSON_RX] vision dcx=0 dcy=0
[21:21:32.150] [ARM] [TARGET] vision state=CONFIRM enabled=1 dcx=0 dcy=0 stable=3
[21:21:32.335] [ARM] [JETSON_RX] vision dcx=0 dcy=0
[21:21:32.335] [ARM] [TARGET] vision state=CONFIRM enabled=1 dcx=0 dcy=0 stable=3
[21:21:32.586] [ARM] [JETSON_RX] vision dcx=0 dcy=0
[21:21:32.586] [ARM] [TARGET] vision state=CONFIRM enabled=1 dcx=0 dcy=0 stable=3
[21:21:32.773] [ARM] [JETSON_RX] vision dcx=0 dcy=0
[21:21:32.773] [ARM] [TARGET] vision state=CONFIRM enabled=1 dcx=0 dcy=0 stable=3
[21:21:32.960] [ARM] [JETSON_RX] vision dcx=0 dcy=0
[21:21:32.960] [ARM] [TARGET] vision state=CONFIRM enabled=1 dcx=0 dcy=0 stable=3
[21:21:33.146] [ARM] [JETSON_RX] vision dcx=0 dcy=0
[21:21:33.146] [ARM] [TARGET] vision state=CONFIRM enabled=1 dcx=0 dcy=0 stable=3
[21:21:33.333] [ARM] [JETSON_RX] vision dcx=0 dcy=0
[21:21:33.333] [ARM] [TARGET] vision state=CONFIRM enabled=1 dcx=0 dcy=0 stable=3
[21:21:33.581] [ARM] [JETSON_RX] vision dcx=0 dcy=0
[21:21:33.581] [ARM] [TARGET] vision state=CONFIRM enabled=1 dcx=0 dcy=0 stable=3
[21:21:33.769] [ARM] [JETSON_RX] vision dcx=0 dcy=0
[21:21:33.769] [ARM] [TARGET] vision state=CONFIRM enabled=1 dcx=0 dcy=0 stable=3
[21:21:33.951] [ARM] [JETSON_RX] vision dcx=0 dcy=0
[21:21:33.951] [ARM] [TARGET] vision state=CONFIRM enabled=1 dcx=0 dcy=0 stable=3
[21:21:34.138] [ARM] [JETSON_RX] vision dcx=0 dcy=0
[21:21:34.138] [ARM] [TARGET] vision state=CONFIRM enabled=1 dcx=0 dcy=0 stable=3
[21:21:34.384] [ARM] [JETSON_RX] vision dcx=0 dcy=0
[21:21:34.384] [ARM] [TARGET] vision state=CONFIRM enabled=1 dcx=0 dcy=0 stable=3
[21:21:34.570] [ARM] [JETSON_RX] vision dcx=0 dcy=0
[21:21:34.570] [ARM] [TARGET] vision state=CONFIRM enabled=1 dcx=0 dcy=0 stable=3
[21:21:34.757] [ARM] [JETSON_RX] vision dcx=0 dcy=0
[21:21:34.757] [ARM] [TARGET] vision state=CONFIRM enabled=1 dcx=0 dcy=0 stable=3
[21:21:34.944] [ARM] [JETSON_RX] vision dcx=0 dcy=0
[21:21:34.944] [ARM] [TARGET] vision state=CONFIRM enabled=1 dcx=0 dcy=0 stable=3
[21:21:35.132] [ARM] [JETSON_RX] vision dcx=0 dcy=0
[21:21:35.132] [ARM] [TARGET] vision state=CONFIRM enabled=1 dcx=0 dcy=0 stable=3
[21:21:35.381] [ARM] [JETSON_RX] vision dcx=0 dcy=0
[21:21:35.381] [ARM] [TARGET] vision state=CONFIRM enabled=1 dcx=0 dcy=0 stable=3
[21:21:35.568] [ARM] [JETSON_RX] vision dcx=0 dcy=0
[21:21:35.569] [ARM] [TARGET] vision state=CONFIRM enabled=1 dcx=0 dcy=0 stable=3
[21:21:35.755] [ARM] [JETSON_RX] vision dcx=0 dcy=0
[21:21:35.755] [ARM] [TARGET] vision state=CONFIRM enabled=1 dcx=0 dcy=0 stable=3
[21:21:35.942] [ARM] [JETSON_RX] vision dcx=0 dcy=0
[21:21:35.942] [ARM] [TARGET] vision state=CONFIRM enabled=1 dcx=0 dcy=0 stable=3
[21:21:36.191] [ARM] [JETSON_RX] vision dcx=0 dcy=0
[21:21:36.191] [ARM] [TARGET] vision state=CONFIRM enabled=1 dcx=0 dcy=0 stable=3
[21:21:36.377] [ARM] [JETSON_RX] vision dcx=0 dcy=0
[21:21:36.377] [ARM] [TARGET] vision state=CONFIRM enabled=1 dcx=0 dcy=0 stable=3
[21:21:36.563] [ARM] [JETSON_RX] vision dcx=0 dcy=0
[21:21:36.563] [ARM] [TARGET] vision state=CONFIRM enabled=1 dcx=0 dcy=0 stable=3
[21:21:36.746] [ARM] [JETSON_RX] vision dcx=0 dcy=0
[21:21:36.746] [ARM] [TARGET] vision state=CONFIRM enabled=1 dcx=0 dcy=0 stable=3
[21:21:36.995] [ARM] [JETSON_RX] vision dcx=0 dcy=0
[21:21:36.995] [ARM] [TARGET] vision state=CONFIRM enabled=1 dcx=0 dcy=0 stable=3
[21:21:37.180] [ARM] [JETSON_RX] vision dcx=0 dcy=0
[21:21:37.180] [ARM] [TARGET] vision state=CONFIRM enabled=1 dcx=0 dcy=0 stable=3
[21:21:37.365] [ARM] [JETSON_RX] vision dcx=0 dcy=0
[21:21:37.365] [ARM] [TARGET] vision state=CONFIRM enabled=1 dcx=0 dcy=0 stable=3
[21:21:37.550] [ARM] [JETSON_RX] vision dcx=0 dcy=0
[21:21:37.550] [ARM] [TARGET] vision state=CONFIRM enabled=1 dcx=0 dcy=0 stable=3
[21:21:37.795] [ARM] [JETSON_RX] vision dcx=0 dcy=0
[21:21:37.795] [ARM] [TARGET] vision state=CONFIRM enabled=1 dcx=0 dcy=0 stable=3
[21:21:37.979] [ARM] [JETSON_RX] vision dcx=0 dcy=0
[21:21:37.979] [ARM] [TARGET] vision state=CONFIRM enabled=1 dcx=0 dcy=0 stable=3
[21:21:38.166] [ARM] [JETSON_RX] vision dcx=0 dcy=0
[21:21:38.166] [ARM] [TARGET] vision state=CONFIRM enabled=1 dcx=0 dcy=0 stable=3
[21:21:38.354] [ARM] [JETSON_RX] vision dcx=0 dcy=0
[21:21:38.354] [ARM] [TARGET] vision state=CONFIRM enabled=1 dcx=0 dcy=0 stable=3
[21:21:38.980] [ARM] [JETSON_RX] vision dcx=0 dcy=0
[21:21:38.980] [ARM] [TARGET] vision state=RECOVER enabled=1 dcx=0 dcy=0 stable=3
[21:21:39.167] [ARM] [JETSON_RX] vision dcx=0 dcy=0
[21:21:39.167] [ARM] [TARGET] vision state=ALIGN enabled=1 dcx=0 dcy=0 stable=0
[21:21:39.353] [ARM] [JETSON_RX] vision dcx=0 dcy=0
[21:21:39.353] [ARM] [TARGET] vision state=ALIGN enabled=1 dcx=0 dcy=0 stable=1
[21:21:39.603] [JETSON-RX] CC 02 01 DD
[21:21:39.603] [ARM] [JETSON_RX] vision dcx=0 dcy=0
[21:21:39.603] [JETSON-STATUS] ALIGN_DONE func=0x02 value=0x01
[21:21:39.603] [ARM] [TARGET] vision state=ALIGN enabled=1 dcx=0 dcy=0 stable=2
[21:21:39.789] [ARM] [JETSON_RX] vision dcx=0 dcy=0
[21:21:39.789] [ARM] [TARGET] vision state=CONFIRM enabled=1 dcx=0 dcy=0 stable=3
[21:21:39.975] [ARM] [JETSON_RX] vision dcx=0 dcy=0
[21:21:39.975] [ARM] [TARGET] vision state=CONFIRM enabled=1 dcx=0 dcy=0 stable=3
[21:21:40.162] [ARM] [JETSON_RX] vision dcx=0 dcy=0
[21:21:40.162] [ARM] [TARGET] vision state=CONFIRM enabled=1 dcx=0 dcy=0 stable=3
[21:21:40.411] [ARM] [JETSON_RX] vision dcx=0 dcy=0
[21:21:40.411] [ARM] [TARGET] vision state=CONFIRM enabled=1 dcx=0 dcy=0 stable=3
[21:21:40.599] [ARM] [JETSON_RX] vision dcx=0 dcy=0
[21:21:40.599] [ARM] [TARGET] vision state=CONFIRM enabled=1 dcx=0 dcy=0 stable=3
[21:21:40.785] [ARM] [JETSON_RX] vision dcx=0 dcy=0
[21:21:40.785] [ARM] [TARGET] vision state=CONFIRM enabled=1 dcx=0 dcy=0 stable=3
[21:21:40.970] [ARM] [JETSON_RX] vision dcx=0 dcy=0
[21:21:40.970] [ARM] [TARGET] vision state=CONFIRM enabled=1 dcx=0 dcy=0 stable=3
[21:21:41.157] [ARM] [JETSON_RX] vision dcx=0 dcy=0
[21:21:41.157] [ARM] [TARGET] vision state=CONFIRM enabled=1 dcx=0 dcy=0 stable=3
[21:21:41.406] [ARM] [JETSON_RX] vision dcx=0 dcy=0
[21:21:41.406] [ARM] [TARGET] vision state=CONFIRM enabled=1 dcx=0 dcy=0 stable=3
[21:21:41.591] [ARM] [JETSON_RX] vision dcx=0 dcy=0
[21:21:41.591] [ARM] [TARGET] vision state=CONFIRM enabled=1 dcx=0 dcy=0 stable=3
[21:21:41.778] [ARM] [JETSON_RX] vision dcx=0 dcy=0
[21:21:41.778] [ARM] [TARGET] vision state=CONFIRM enabled=1 dcx=0 dcy=0 stable=3
[21:21:41.963] [ARM] [JETSON_RX] vision dcx=0 dcy=0
[21:21:41.963] [ARM] [TARGET] vision state=CONFIRM enabled=1 dcx=0 dcy=0 stable=3
[21:21:42.210] [ARM] [JETSON_RX] vision dcx=0 dcy=0
[21:21:42.210] [ARM] [TARGET] vision state=CONFIRM enabled=1 dcx=0 dcy=0 stable=3
[21:21:42.397] [ARM] [JETSON_RX] vision dcx=0 dcy=0
[21:21:42.397] [ARM] [TARGET] vision state=CONFIRM enabled=1 dcx=0 dcy=0 stable=3
[21:21:42.584] [ARM] [JETSON_RX] vision dcx=0 dcy=0
[21:21:42.584] [ARM] [TARGET] vision state=CONFIRM enabled=1 dcx=0 dcy=0 stable=3
[21:21:42.770] [ARM] [JETSON_RX] vision dcx=0 dcy=0
[21:21:42.770] [ARM] [TARGET] vision state=CONFIRM enabled=1 dcx=0 dcy=0 stable=3
[21:21:43.019] [ARM] [JETSON_RX] vision dcx=0 dcy=0
[21:21:43.019] [ARM] [TARGET] vision state=CONFIRM enabled=1 dcx=0 dcy=0 stable=3
[21:21:43.204] [ARM] [JETSON_RX] vision dcx=0 dcy=0
[21:21:43.204] [ARM] [TARGET] vision state=CONFIRM enabled=1 dcx=0 dcy=0 stable=3
[21:21:43.389] [ARM] [JETSON_RX] vision dcx=0 dcy=0
[21:21:43.389] [ARM] [TARGET] vision state=CONFIRM enabled=1 dcx=0 dcy=0 stable=3
[21:21:43.579] [ARM] [JETSON_RX] vision dcx=0 dcy=0
[21:21:43.579] [ARM] [TARGET] vision state=CONFIRM enabled=1 dcx=0 dcy=0 stable=3
[21:21:43.765] [ARM] [JETSON_RX] vision dcx=0 dcy=0
[21:21:43.765] [ARM] [TARGET] vision state=CONFIRM enabled=1 dcx=0 dcy=0 stable=3
[21:21:44.013] [ARM] [JETSON_RX] vision dcx=0 dcy=0
[21:21:44.013] [ARM] [TARGET] vision state=CONFIRM enabled=1 dcx=0 dcy=0 stable=3
[21:21:44.199] [ARM] [JETSON_RX] vision dcx=0 dcy=0
[21:21:44.199] [ARM] [TARGET] vision state=CONFIRM enabled=1 dcx=0 dcy=0 stable=3
[21:21:44.387] [ARM] [JETSON_RX] vision dcx=0 dcy=0
[21:21:44.387] [ARM] [TARGET] vision state=CONFIRM enabled=1 dcx=0 dcy=0 stable=3
[21:21:44.573] [ARM] [JETSON_RX] vision dcx=0 dcy=0
[21:21:44.573] [ARM] [TARGET] vision state=CONFIRM enabled=1 dcx=0 dcy=0 stable=3
[21:21:44.820] [ARM] [JETSON_RX] vision dcx=0 dcy=0
[21:21:44.820] [ARM] [TARGET] vision state=CONFIRM enabled=1 dcx=0 dcy=0 stable=3
[21:21:45.005] [ARM] [JETSON_RX] vision dcx=0 dcy=0
[21:21:45.005] [ARM] [TARGET] vision state=CONFIRM enabled=1 dcx=0 dcy=0 stable=3
[21:21:45.191] [ARM] [JETSON_RX] vision dcx=0 dcy=0
[21:21:45.191] [ARM] [TARGET] vision state=CONFIRM enabled=1 dcx=0 dcy=0 stable=3
[21:21:45.377] [ARM] [JETSON_RX] vision dcx=0 dcy=0
[21:21:45.377] [ARM] [TARGET] vision state=CONFIRM enabled=1 dcx=0 dcy=0 stable=3
[21:21:45.621] [ARM] [JETSON_RX] vision dcx=0 dcy=0
[21:21:45.621] [ARM] [TARGET] vision state=CONFIRM enabled=1 dcx=0 dcy=0 stable=3
[21:21:45.806] [ARM] [JETSON_RX] vision dcx=0 dcy=0
[21:21:45.806] [ARM] [TARGET] vision state=CONFIRM enabled=1 dcx=0 dcy=0 stable=3
[21:21:45.992] [ARM] [JETSON_RX] vision dcx=0 dcy=0
[21:21:45.992] [ARM] [TARGET] vision state=CONFIRM enabled=1 dcx=0 dcy=0 stable=3
[21:21:46.177] [ARM] [JETSON_RX] vision dcx=0 dcy=0
[21:21:46.177] [ARM] [TARGET] vision state=CONFIRM enabled=1 dcx=0 dcy=0 stable=3
[21:21:46.425] [ARM] [JETSON_RX] vision dcx=0 dcy=0
[21:21:46.425] [ARM] [TARGET] vision state=CONFIRM enabled=1 dcx=0 dcy=0 stable=3
[21:21:46.612] [ARM] [JETSON_RX] vision dcx=0 dcy=0
[21:21:46.612] [ARM] [TARGET] vision state=CONFIRM enabled=1 dcx=0 dcy=0 stable=3
[21:21:46.796] [ARM] [JETSON_RX] vision dcx=0 dcy=0
[21:21:46.796] [ARM] [TARGET] vision state=CONFIRM enabled=1 dcx=0 dcy=0 stable=3
[21:21:46.981] [ARM] [JETSON_RX] vision dcx=0 dcy=0
[21:21:46.982] [ARM] [TARGET] vision state=CONFIRM enabled=1 dcx=0 dcy=0 stable=3
[21:21:47.230] [ARM] [JETSON_RX] vision dcx=0 dcy=0
[21:21:47.230] [ARM] [TARGET] vision state=CONFIRM enabled=1 dcx=0 dcy=0 stable=3
[21:21:47.415] [ARM] [JETSON_RX] vision dcx=0 dcy=0
[21:21:47.415] [ARM] [TARGET] vision state=CONFIRM enabled=1 dcx=0 dcy=0 stable=3
[21:21:47.604] [ARM] [JETSON_RX] vision dcx=0 dcy=0
[21:21:47.604] [ARM] [TARGET] vision state=CONFIRM enabled=1 dcx=0 dcy=0 stable=3
[21:21:47.788] [ARM] [JETSON_RX] vision dcx=0 dcy=0
[21:21:47.788] [ARM] [TARGET] vision state=CONFIRM enabled=1 dcx=0 dcy=0 stable=3
[21:21:48.036] [ARM] [JETSON_RX] vision dcx=0 dcy=0
[21:21:48.036] [ARM] [TARGET] vision state=CONFIRM enabled=1 dcx=0 dcy=0 stable=3
[21:21:48.222] [ARM] [JETSON_RX] vision dcx=0 dcy=0
[21:21:48.222] [ARM] [TARGET] vision state=CONFIRM enabled=1 dcx=0 dcy=0 stable=3
[21:21:48.409] [ARM] [JETSON_RX] vision dcx=0 dcy=0
[21:21:48.409] [ARM] [TARGET] vision state=CONFIRM enabled=1 dcx=0 dcy=0 stable=3
[21:21:48.594] [ARM] [JETSON_RX] vision dcx=0 dcy=0
[21:21:48.594] [ARM] [TARGET] vision state=CONFIRM enabled=1 dcx=0 dcy=0 stable=3
[21:21:48.780] [ARM] [JETSON_RX] vision dcx=0 dcy=0
[21:21:48.780] [ARM] [TARGET] vision state=CONFIRM enabled=1 dcx=0 dcy=0 stable=3
[21:21:49.030] [ARM] [JETSON_RX] vision dcx=0 dcy=0
[21:21:49.030] [ARM] [TARGET] vision state=CONFIRM enabled=1 dcx=0 dcy=0 stable=3
[21:21:49.215] [ARM] [JETSON_RX] vision dcx=0 dcy=0
[21:21:49.215] [ARM] [TARGET] vision state=CONFIRM enabled=1 dcx=0 dcy=0 stable=3
[21:21:49.401] [ARM] [JETSON_RX] vision dcx=0 dcy=0
[21:21:49.401] [ARM] [TARGET] vision state=CONFIRM enabled=1 dcx=0 dcy=0 stable=3
[21:21:49.588] [ARM] [JETSON_RX] vision dcx=0 dcy=0
[21:21:49.588] [ARM] [TARGET] vision state=CONFIRM enabled=1 dcx=0 dcy=0 stable=3
[21:21:49.836] [ARM] [JETSON_RX] vision dcx=0 dcy=0
[21:21:49.836] [ARM] [TARGET] vision state=CONFIRM enabled=1 dcx=0 dcy=0 stable=3
[21:21:50.025] [ARM] [JETSON_RX] vision dcx=0 dcy=0
[21:21:50.025] [ARM] [TARGET] vision state=CONFIRM enabled=1 dcx=0 dcy=0 stable=3
[21:21:50.210] [ARM] [JETSON_RX] vision dcx=0 dcy=0
[21:21:50.210] [ARM] [TARGET] vision state=CONFIRM enabled=1 dcx=0 dcy=0 stable=3
[21:21:50.394] [ARM] [JETSON_RX] vision dcx=0 dcy=0
[21:21:50.394] [ARM] [TARGET] vision state=CONFIRM enabled=1 dcx=0 dcy=0 stable=3
[21:21:50.582] [ARM] [JETSON_RX] vision dcx=0 dcy=0
[21:21:50.582] [ARM] [TARGET] vision state=CONFIRM enabled=1 dcx=0 dcy=0 stable=3
[21:21:50.833] [ARM] [JETSON_RX] vision dcx=0 dcy=0
[21:21:50.833] [ARM] [TARGET] vision state=CONFIRM enabled=1 dcx=0 dcy=0 stable=3
[21:21:51.021] [ARM] [JETSON_RX] vision dcx=0 dcy=0
[21:21:51.021] [ARM] [TARGET] vision state=CONFIRM enabled=1 dcx=0 dcy=0 stable=3
[21:21:51.206] [ARM] [JETSON_RX] vision dcx=0 dcy=0
[21:21:51.206] [ARM] [TARGET] vision state=CONFIRM enabled=1 dcx=0 dcy=0 stable=3
[21:21:51.391] [ARM] [JETSON_RX] vision dcx=0 dcy=0
[21:21:51.391] [ARM] [TARGET] vision state=CONFIRM enabled=1 dcx=0 dcy=0 stable=3
[21:21:51.642] [ARM] [JETSON_RX] vision dcx=0 dcy=0
[21:21:51.642] [ARM] [TARGET] vision state=CONFIRM enabled=1 dcx=0 dcy=0 stable=3
[21:21:51.828] [ARM] [JETSON_RX] vision dcx=0 dcy=0
[21:21:51.828] [ARM] [TARGET] vision state=CONFIRM enabled=1 dcx=0 dcy=0 stable=3
[21:21:52.013] [ARM] [JETSON_RX] vision dcx=0 dcy=0
[21:21:52.013] [ARM] [TARGET] vision state=CONFIRM enabled=1 dcx=0 dcy=0 stable=3
[21:21:52.199] [ARM] [JETSON_RX] vision dcx=0 dcy=0
[21:21:52.199] [ARM] [TARGET] vision state=CONFIRM enabled=1 dcx=0 dcy=0 stable=3
[21:21:52.385] [ARM] [JETSON_RX] vision dcx=0 dcy=0
[21:21:52.385] [ARM] [TARGET] vision state=CONFIRM enabled=1 dcx=0 dcy=0 stable=3
[21:21:52.633] [ARM] [JETSON_RX] vision dcx=0 dcy=0
[21:21:52.633] [ARM] [TARGET] vision state=CONFIRM enabled=1 dcx=0 dcy=0 stable=3
[21:21:52.817] [ARM] [JETSON_RX] vision dcx=0 dcy=0
[21:21:52.817] [ARM] [TARGET] vision state=CONFIRM enabled=1 dcx=0 dcy=0 stable=3
[21:21:53.001] [ARM] [JETSON_RX] vision dcx=0 dcy=0
[21:21:53.001] [ARM] [TARGET] vision state=CONFIRM enabled=1 dcx=0 dcy=0 stable=3
[21:21:53.245] [ARM] [JETSON_RX] vision dcx=0 dcy=0
[21:21:53.245] [ARM] [TARGET] vision state=CONFIRM enabled=1 dcx=0 dcy=0 stable=3
[21:21:53.432] [ARM] [JETSON_RX] vision dcx=0 dcy=0
[21:21:53.432] [ARM] [TARGET] vision state=CONFIRM enabled=1 dcx=0 dcy=0 stable=3
[21:21:53.618] [ARM] [JETSON_RX] vision dcx=0 dcy=0
[21:21:53.618] [ARM] [TARGET] vision state=CONFIRM enabled=1 dcx=0 dcy=0 stable=3
[21:21:53.802] [ARM] [JETSON_RX] vision dcx=0 dcy=0
[21:21:53.802] [ARM] [TARGET] vision state=CONFIRM enabled=1 dcx=0 dcy=0 stable=3
[21:21:54.048] [ARM] [JETSON_RX] vision dcx=0 dcy=0
[21:21:54.048] [ARM] [TARGET] vision state=CONFIRM enabled=1 dcx=0 dcy=0 stable=3
[21:21:54.230] [ARM] [JETSON_RX] vision dcx=0 dcy=0
[21:21:54.230] [ARM] [TARGET] vision state=CONFIRM enabled=1 dcx=0 dcy=0 stable=3
[21:21:54.416] [ARM] [JETSON_RX] vision dcx=0 dcy=0
[21:21:54.416] [ARM] [TARGET] vision state=CONFIRM enabled=1 dcx=0 dcy=0 stable=3
[21:21:54.600] [ARM] [JETSON_RX] vision dcx=0 dcy=0
[21:21:54.600] [ARM] [TARGET] vision state=CONFIRM enabled=1 dcx=0 dcy=0 stable=3
[21:21:54.849] [ARM] [JETSON_RX] vision dcx=0 dcy=0
[21:21:54.849] [ARM] [TARGET] vision state=CONFIRM enabled=1 dcx=0 dcy=0 stable=3
[21:21:55.035] [ARM] [JETSON_RX] vision dcx=0 dcy=0
[21:21:55.035] [ARM] [TARGET] vision state=CONFIRM enabled=1 dcx=0 dcy=0 stable=3
[21:21:55.220] [ARM] [JETSON_RX] vision dcx=0 dcy=0
[21:21:55.221] [ARM] [TARGET] vision state=CONFIRM enabled=1 dcx=0 dcy=0 stable=3
[21:21:55.406] [ARM] [JETSON_RX] vision dcx=0 dcy=0
[21:21:55.406] [ARM] [TARGET] vision state=CONFIRM enabled=1 dcx=0 dcy=0 stable=3
[21:21:55.654] [ARM] [JETSON_RX] vision dcx=0 dcy=0
[21:21:55.654] [ARM] [TARGET] vision state=CONFIRM enabled=1 dcx=0 dcy=0 stable=3
[21:21:55.840] [ARM] [JETSON_RX] vision dcx=0 dcy=0
[21:21:55.840] [ARM] [TARGET] vision state=CONFIRM enabled=1 dcx=0 dcy=0 stable=3
[21:21:56.025] [ARM] [JETSON_RX] vision dcx=0 dcy=0
[21:21:56.025] [ARM] [TARGET] vision state=CONFIRM enabled=1 dcx=0 dcy=0 stable=3
[21:21:56.211] [ARM] [JETSON_RX] vision dcx=0 dcy=0
[21:21:56.211] [ARM] [TARGET] vision state=CONFIRM enabled=1 dcx=0 dcy=0 stable=3
[21:21:56.459] [ARM] [JETSON_RX] vision dcx=0 dcy=0
[21:21:56.459] [ARM] [TARGET] vision state=CONFIRM enabled=1 dcx=0 dcy=0 stable=3
[21:21:56.646] [ARM] [JETSON_RX] vision dcx=0 dcy=0
[21:21:56.646] [ARM] [TARGET] vision state=CONFIRM enabled=1 dcx=0 dcy=0 stable=3
[21:21:56.833] [ARM] [JETSON_RX] vision dcx=0 dcy=0
[21:21:56.833] [ARM] [TARGET] vision state=CONFIRM enabled=1 dcx=0 dcy=0 stable=3
[21:21:57.018] [ARM] [JETSON_RX] vision dcx=0 dcy=0
[21:21:57.018] [ARM] [TARGET] vision state=CONFIRM enabled=1 dcx=0 dcy=0 stable=3
[21:21:57.208] [ARM] [JETSON_RX] vision dcx=0 dcy=0
[21:21:57.208] [ARM] [TARGET] vision state=CONFIRM enabled=1 dcx=0 dcy=0 stable=3
[21:21:57.456] [ARM] [JETSON_RX] vision dcx=0 dcy=0
[21:21:57.456] [ARM] [TARGET] vision state=CONFIRM enabled=1 dcx=0 dcy=0 stable=3
[21:21:57.641] [ARM] [JETSON_RX] vision dcx=0 dcy=0
[21:21:57.641] [ARM] [TARGET] vision state=CONFIRM enabled=1 dcx=0 dcy=0 stable=3
[21:21:57.825] [ARM] [JETSON_RX] vision dcx=0 dcy=0
[21:21:57.825] [ARM] [TARGET] vision state=CONFIRM enabled=1 dcx=0 dcy=0 stable=3
[21:21:58.013] [ARM] [JETSON_RX] vision dcx=0 dcy=0
[21:21:58.013] [ARM] [TARGET] vision state=CONFIRM enabled=1 dcx=0 dcy=0 stable=3
[21:21:58.264] [ARM] [JETSON_RX] vision dcx=0 dcy=0
[21:21:58.264] [ARM] [TARGET] vision state=CONFIRM enabled=1 dcx=0 dcy=0 stable=3
[21:21:58.452] [ARM] [JETSON_RX] vision dcx=0 dcy=0
[21:21:58.452] [ARM] [TARGET] vision state=CONFIRM enabled=1 dcx=0 dcy=0 stable=3
[21:21:58.637] [ARM] [JETSON_RX] vision dcx=0 dcy=0
[21:21:58.637] [ARM] [TARGET] vision state=CONFIRM enabled=1 dcx=0 dcy=0 stable=3
[21:21:58.823] [ARM] [JETSON_RX] vision dcx=0 dcy=0
[21:21:58.823] [ARM] [TARGET] vision state=CONFIRM enabled=1 dcx=0 dcy=0 stable=3
[21:21:59.010] [ARM] [JETSON_RX] vision dcx=0 dcy=0
[21:21:59.010] [ARM] [TARGET] vision state=CONFIRM enabled=1 dcx=0 dcy=0 stable=3
[21:21:59.259] [ARM] [JETSON_RX] vision dcx=0 dcy=0
[21:21:59.259] [ARM] [TARGET] vision state=CONFIRM enabled=1 dcx=0 dcy=0 stable=3
[21:21:59.445] [ARM] [JETSON_RX] vision dcx=0 dcy=0
[21:21:59.445] [ARM] [TARGET] vision state=CONFIRM enabled=1 dcx=0 dcy=0 stable=3
[21:21:59.631] [ARM] [JETSON_RX] vision dcx=0 dcy=0
[21:21:59.631] [ARM] [TARGET] vision state=CONFIRM enabled=1 dcx=0 dcy=0 stable=3
[21:21:59.816] [ARM] [JETSON_RX] vision dcx=0 dcy=0
[21:21:59.816] [ARM] [TARGET] vision state=CONFIRM enabled=1 dcx=0 dcy=0 stable=3
[21:22:00.065] [ARM] [JETSON_RX] vision dcx=0 dcy=0
[21:22:00.065] [ARM] [TARGET] vision state=CONFIRM enabled=1 dcx=0 dcy=0 stable=3
[21:22:00.252] [ARM] [JETSON_RX] vision dcx=0 dcy=0
[21:22:00.252] [ARM] [TARGET] vision state=CONFIRM enabled=1 dcx=0 dcy=0 stable=3
[21:22:00.439] [ARM] [JETSON_RX] vision dcx=0 dcy=0
[21:22:00.439] [ARM] [TARGET] vision state=CONFIRM enabled=1 dcx=0 dcy=0 stable=3
[21:22:00.625] [ARM] [JETSON_RX] vision dcx=0 dcy=0
[21:22:00.625] [ARM] [TARGET] vision state=CONFIRM enabled=1 dcx=0 dcy=0 stable=3
[21:22:00.813] [ARM] [JETSON_RX] vision dcx=0 dcy=0
[21:22:00.813] [ARM] [TARGET] vision state=CONFIRM enabled=1 dcx=0 dcy=0 stable=3
[21:22:01.060] [ARM] [JETSON_RX] vision dcx=0 dcy=0
[21:22:01.060] [ARM] [TARGET] vision state=CONFIRM enabled=1 dcx=0 dcy=0 stable=3
[21:22:01.248] [ARM] [JETSON_RX] vision dcx=0 dcy=0
[21:22:01.248] [ARM] [TARGET] vision state=CONFIRM enabled=1 dcx=0 dcy=0 stable=3
[21:22:01.871] [ARM] [JETSON_RX] vision dcx=0 dcy=0
[21:22:01.871] [ARM] [TARGET] vision state=RECOVER enabled=1 dcx=0 dcy=0 stable=3
[21:22:02.056] [ARM] [JETSON_RX] vision dcx=0 dcy=0
[21:22:02.056] [ARM] [TARGET] vision state=ALIGN enabled=1 dcx=0 dcy=0 stable=0
[21:22:02.242] [ARM] [JETSON_RX] vision dcx=0 dcy=0
[21:22:02.242] [ARM] [TARGET] vision state=ALIGN enabled=1 dcx=0 dcy=0 stable=1
[21:22:02.427] [ARM] [JETSON_RX] vision dcx=0 dcy=0
[21:22:02.427] [ARM] [TARGET] vision state=ALIGN enabled=1 dcx=0 dcy=0 stable=2
[21:22:02.473] [JETSON-RX] CC 02 01 DD
[21:22:02.473] [JETSON-STATUS] ALIGN_DONE func=0x02 value=0x01
[21:22:02.675] [ARM] [JETSON_RX] vision dcx=0 dcy=0
[21:22:02.675] [ARM] [TARGET] vision state=CONFIRM enabled=1 dcx=0 dcy=0 stable=3
[21:22:02.865] [ARM] [JETSON_RX] vision dcx=0 dcy=0
[21:22:02.865] [ARM] [TARGET] vision state=CONFIRM enabled=1 dcx=0 dcy=0 stable=3
[21:22:03.052] [ARM] [JETSON_RX] vision dcx=0 dcy=0
[21:22:03.052] [ARM] [TARGET] vision state=CONFIRM enabled=1 dcx=0 dcy=0 stable=3
[21:22:03.240] [ARM] [JETSON_RX] vision dcx=0 dcy=0
[21:22:03.240] [ARM] [TARGET] vision state=CONFIRM enabled=1 dcx=0 dcy=0 stable=3
[21:22:03.427] [ARM] [JETSON_RX] vision dcx=0 dcy=0
[21:22:03.427] [ARM] [TARGET] vision state=CONFIRM enabled=1 dcx=0 dcy=0 stable=3
[21:22:03.675] [ARM] [JETSON_RX] vision dcx=0 dcy=0
[21:22:03.675] [ARM] [TARGET] vision state=CONFIRM enabled=1 dcx=0 dcy=0 stable=3
[21:22:03.860] [ARM] [JETSON_RX] vision dcx=0 dcy=0
[21:22:03.860] [ARM] [TARGET] vision state=CONFIRM enabled=1 dcx=0 dcy=0 stable=3
[21:22:04.047] [ARM] [JETSON_RX] vision dcx=0 dcy=0
[21:22:04.047] [ARM] [TARGET] vision state=CONFIRM enabled=1 dcx=0 dcy=0 stable=3
[21:22:04.235] [ARM] [JETSON_RX] vision dcx=0 dcy=0
[21:22:04.235] [ARM] [TARGET] vision state=CONFIRM enabled=1 dcx=0 dcy=0 stable=3
[21:22:04.421] [ARM] [JETSON_RX] vision dcx=0 dcy=0
[21:22:04.421] [ARM] [TARGET] vision state=CONFIRM enabled=1 dcx=0 dcy=0 stable=3
[21:22:04.670] [ARM] [JETSON_RX] vision dcx=0 dcy=0
[21:22:04.670] [ARM] [TARGET] vision state=CONFIRM enabled=1 dcx=0 dcy=0 stable=3
[21:22:04.857] [ARM] [JETSON_RX] vision dcx=0 dcy=0
[21:22:04.857] [ARM] [TARGET] vision state=CONFIRM enabled=1 dcx=0 dcy=0 stable=3
[21:22:05.045] [ARM] [JETSON_RX] vision dcx=0 dcy=0
[21:22:05.045] [ARM] [TARGET] vision state=CONFIRM enabled=1 dcx=0 dcy=0 stable=3
[21:22:05.228] [ARM] [JETSON_RX] vision dcx=0 dcy=0
[21:22:05.228] [ARM] [TARGET] vision state=CONFIRM enabled=1 dcx=0 dcy=0 stable=3
[21:22:05.475] [ARM] [JETSON_RX] vision dcx=0 dcy=0
[21:22:05.475] [ARM] [TARGET] vision state=CONFIRM enabled=1 dcx=0 dcy=0 stable=3
[21:22:05.660] [ARM] [JETSON_RX] vision dcx=0 dcy=0
[21:22:05.660] [ARM] [TARGET] vision state=CONFIRM enabled=1 dcx=0 dcy=0 stable=3
[21:22:05.844] [ARM] [JETSON_RX] vision dcx=0 dcy=0
[21:22:05.844] [ARM] [TARGET] vision state=CONFIRM enabled=1 dcx=0 dcy=0 stable=3
[21:22:06.029] [ARM] [JETSON_RX] vision dcx=0 dcy=0
[21:22:06.029] [ARM] [TARGET] vision state=CONFIRM enabled=1 dcx=0 dcy=0 stable=3
[21:22:06.278] [ARM] [JETSON_RX] vision dcx=0 dcy=0
[21:22:06.278] [ARM] [TARGET] vision state=CONFIRM enabled=1 dcx=0 dcy=0 stable=3
[21:22:06.464] [ARM] [JETSON_RX] vision dcx=0 dcy=0
[21:22:06.464] [ARM] [TARGET] vision state=CONFIRM enabled=1 dcx=0 dcy=0 stable=3
[21:22:06.649] [ARM] [JETSON_RX] vision dcx=0 dcy=0
[21:22:06.649] [ARM] [TARGET] vision state=CONFIRM enabled=1 dcx=0 dcy=0 stable=3
[21:22:06.837] [ARM] [JETSON_RX] vision dcx=0 dcy=0
[21:22:06.837] [ARM] [TARGET] vision state=CONFIRM enabled=1 dcx=0 dcy=0 stable=3
[21:22:07.085] [ARM] [JETSON_RX] vision dcx=0 dcy=0
[21:22:07.085] [ARM] [TARGET] vision state=CONFIRM enabled=1 dcx=0 dcy=0 stable=3
[21:22:07.270] [ARM] [JETSON_RX] vision dcx=0 dcy=0
[21:22:07.270] [ARM] [TARGET] vision state=CONFIRM enabled=1 dcx=0 dcy=0 stable=3
[21:22:07.457] [ARM] [JETSON_RX] vision dcx=0 dcy=0
[21:22:07.457] [ARM] [TARGET] vision state=CONFIRM enabled=1 dcx=0 dcy=0 stable=3
[21:22:07.642] [ARM] [JETSON_RX] vision dcx=0 dcy=0
[21:22:07.642] [ARM] [TARGET] vision state=CONFIRM enabled=1 dcx=0 dcy=0 stable=3
[21:22:07.828] [ARM] [JETSON_RX] vision dcx=0 dcy=0
[21:22:07.828] [ARM] [TARGET] vision state=CONFIRM enabled=1 dcx=0 dcy=0 stable=3
[21:22:08.075] [ARM] [JETSON_RX] vision dcx=0 dcy=0
[21:22:08.075] [ARM] [TARGET] vision state=CONFIRM enabled=1 dcx=0 dcy=0 stable=3
[21:22:08.260] [ARM] [JETSON_RX] vision dcx=0 dcy=0
[21:22:08.260] [ARM] [TARGET] vision state=CONFIRM enabled=1 dcx=0 dcy=0 stable=3
[21:22:08.444] [ARM] [JETSON_RX] vision dcx=0 dcy=0
[21:22:08.444] [ARM] [TARGET] vision state=CONFIRM enabled=1 dcx=0 dcy=0 stable=3
[21:22:08.631] [ARM] [JETSON_RX] vision dcx=0 dcy=0
[21:22:08.631] [ARM] [TARGET] vision state=CONFIRM enabled=1 dcx=0 dcy=0 stable=3
[21:22:08.882] [ARM] [JETSON_RX] vision dcx=0 dcy=0
[21:22:08.882] [ARM] [TARGET] vision state=CONFIRM enabled=1 dcx=0 dcy=0 stable=3
[21:22:09.066] [ARM] [JETSON_RX] vision dcx=0 dcy=0
[21:22:09.066] [ARM] [TARGET] vision state=CONFIRM enabled=1 dcx=0 dcy=0 stable=3
[21:22:09.250] [ARM] [JETSON_RX] vision dcx=0 dcy=0
[21:22:09.250] [ARM] [TARGET] vision state=CONFIRM enabled=1 dcx=0 dcy=0 stable=3
[21:22:09.435] [ARM] [JETSON_RX] vision dcx=0 dcy=0
[21:22:09.435] [ARM] [TARGET] vision state=CONFIRM enabled=1 dcx=0 dcy=0 stable=3
[21:22:09.682] [ARM] [JETSON_RX] vision dcx=0 dcy=0
[21:22:09.682] [ARM] [TARGET] vision state=CONFIRM enabled=1 dcx=0 dcy=0 stable=3
[21:22:09.869] [ARM] [JETSON_RX] vision dcx=0 dcy=0
[21:22:09.869] [ARM] [TARGET] vision state=CONFIRM enabled=1 dcx=0 dcy=0 stable=3
[21:22:10.057] [ARM] [JETSON_RX] vision dcx=0 dcy=0
[21:22:10.057] [ARM] [TARGET] vision state=CONFIRM enabled=1 dcx=0 dcy=0 stable=3
[21:22:10.242] [ARM] [JETSON_RX] vision dcx=0 dcy=0
[21:22:10.242] [ARM] [TARGET] vision state=CONFIRM enabled=1 dcx=0 dcy=0 stable=3
[21:22:10.491] [ARM] [JETSON_RX] vision dcx=0 dcy=0
[21:22:10.491] [ARM] [TARGET] vision state=CONFIRM enabled=1 dcx=0 dcy=0 stable=3
[21:22:10.678] [ARM] [JETSON_RX] vision dcx=0 dcy=0
[21:22:10.678] [ARM] [TARGET] vision state=CONFIRM enabled=1 dcx=0 dcy=0 stable=3
[21:22:10.866] [ARM] [JETSON_RX] vision dcx=0 dcy=0
[21:22:10.866] [ARM] [TARGET] vision state=CONFIRM enabled=1 dcx=0 dcy=0 stable=3
[21:22:11.053] [ARM] [JETSON_RX] vision dcx=0 dcy=0
[21:22:11.053] [ARM] [TARGET] vision state=CONFIRM enabled=1 dcx=0 dcy=0 stable=3
[21:22:11.239] [ARM] [JETSON_RX] vision dcx=0 dcy=0
[21:22:11.239] [ARM] [TARGET] vision state=CONFIRM enabled=1 dcx=0 dcy=0 stable=3
[21:22:11.488] [ARM] [JETSON_RX] vision dcx=0 dcy=0
[21:22:11.488] [ARM] [TARGET] vision state=CONFIRM enabled=1 dcx=0 dcy=0 stable=3
[21:22:11.675] [ARM] [JETSON_RX] vision dcx=0 dcy=0
[21:22:11.675] [ARM] [TARGET] vision state=CONFIRM enabled=1 dcx=0 dcy=0 stable=3
[21:22:11.861] [ARM] [JETSON_RX] vision dcx=0 dcy=0
[21:22:11.861] [ARM] [TARGET] vision state=CONFIRM enabled=1 dcx=0 dcy=0 stable=3
[21:22:12.047] [ARM] [JETSON_RX] vision dcx=0 dcy=0
[21:22:12.047] [ARM] [TARGET] vision state=CONFIRM enabled=1 dcx=0 dcy=0 stable=3
[21:22:12.294] [ARM] [JETSON_RX] vision dcx=0 dcy=0
[21:22:12.294] [ARM] [TARGET] vision state=CONFIRM enabled=1 dcx=0 dcy=0 stable=3
[21:22:12.481] [ARM] [JETSON_RX] vision dcx=0 dcy=0
[21:22:12.481] [ARM] [TARGET] vision state=CONFIRM enabled=1 dcx=0 dcy=0 stable=3
[21:22:12.667] [ARM] [JETSON_RX] vision dcx=0 dcy=0
[21:22:12.667] [ARM] [TARGET] vision state=CONFIRM enabled=1 dcx=0 dcy=0 stable=3
[21:22:12.853] [ARM] [JETSON_RX] vision dcx=0 dcy=0
[21:22:12.853] [ARM] [TARGET] vision state=CONFIRM enabled=1 dcx=0 dcy=0 stable=3
[21:22:13.041] [ARM] [JETSON_RX] vision dcx=0 dcy=0
[21:22:13.041] [ARM] [TARGET] vision state=CONFIRM enabled=1 dcx=0 dcy=0 stable=3
[21:22:13.288] [ARM] [JETSON_RX] vision dcx=0 dcy=0
[21:22:13.288] [ARM] [TARGET] vision state=CONFIRM enabled=1 dcx=0 dcy=0 stable=3
[21:22:13.473] [ARM] [JETSON_RX] vision dcx=0 dcy=0
[21:22:13.473] [ARM] [TARGET] vision state=CONFIRM enabled=1 dcx=0 dcy=0 stable=3
[21:22:13.659] [ARM] [JETSON_RX] vision dcx=0 dcy=0
[21:22:13.659] [ARM] [TARGET] vision state=CONFIRM enabled=1 dcx=0 dcy=0 stable=3
[21:22:13.844] [ARM] [JETSON_RX] vision dcx=0 dcy=0
[21:22:13.844] [ARM] [TARGET] vision state=CONFIRM enabled=1 dcx=0 dcy=0 stable=3
[21:22:14.091] [ARM] [JETSON_RX] vision dcx=0 dcy=0
[21:22:14.091] [ARM] [TARGET] vision state=CONFIRM enabled=1 dcx=0 dcy=0 stable=3
[21:22:14.277] [ARM] [JETSON_RX] vision dcx=0 dcy=0
[21:22:14.277] [ARM] [TARGET] vision state=CONFIRM enabled=1 dcx=0 dcy=0 stable=3
[21:22:14.463] [ARM] [JETSON_RX] vision dcx=0 dcy=0
[21:22:14.464] [ARM] [TARGET] vision state=CONFIRM enabled=1 dcx=0 dcy=0 stable=3
[21:22:14.696] [ARM] [JETSON_RX] vision dcx=0 dcy=0
[21:22:14.696] [ARM] [TARGET] vision state=CONFIRM enabled=1 dcx=0 dcy=0 stable=3
[21:22:14.883] [ARM] [JETSON_RX] vision dcx=0 dcy=0
[21:22:14.883] [ARM] [TARGET] vision state=CONFIRM enabled=1 dcx=0 dcy=0 stable=3
[21:22:15.070] [ARM] [JETSON_RX] vision dcx=0 dcy=0
[21:22:15.070] [ARM] [TARGET] vision state=CONFIRM enabled=1 dcx=0 dcy=0 stable=3
[21:22:15.255] [ARM] [JETSON_RX] vision dcx=0 dcy=0
[21:22:15.255] [ARM] [TARGET] vision state=CONFIRM enabled=1 dcx=0 dcy=0 stable=3
[21:22:15.504] [ARM] [JETSON_RX] vision dcx=0 dcy=0
[21:22:15.504] [ARM] [TARGET] vision state=CONFIRM enabled=1 dcx=0 dcy=0 stable=3
[21:22:15.690] [ARM] [JETSON_RX] vision dcx=0 dcy=0
[21:22:15.690] [ARM] [TARGET] vision state=CONFIRM enabled=1 dcx=0 dcy=0 stable=3
[21:22:15.875] [ARM] [JETSON_RX] vision dcx=0 dcy=0
[21:22:15.875] [ARM] [TARGET] vision state=CONFIRM enabled=1 dcx=0 dcy=0 stable=3
[21:22:16.062] [ARM] [JETSON_RX] vision dcx=0 dcy=0
[21:22:16.062] [ARM] [TARGET] vision state=CONFIRM enabled=1 dcx=0 dcy=0 stable=3
[21:22:16.249] [ARM] [JETSON_RX] vision dcx=0 dcy=0
[21:22:16.249] [ARM] [TARGET] vision state=CONFIRM enabled=1 dcx=0 dcy=0 stable=3
[21:22:16.495] [ARM] [JETSON_RX] vision dcx=0 dcy=0
[21:22:16.495] [ARM] [TARGET] vision state=CONFIRM enabled=1 dcx=0 dcy=0 stable=3
[21:22:16.681] [ARM] [JETSON_RX] vision dcx=0 dcy=0
[21:22:16.681] [ARM] [TARGET] vision state=CONFIRM enabled=1 dcx=0 dcy=0 stable=3
[21:22:16.867] [ARM] [JETSON_RX] vision dcx=0 dcy=0
[21:22:16.867] [ARM] [TARGET] vision state=CONFIRM enabled=1 dcx=0 dcy=0 stable=3
[21:22:17.053] [ARM] [JETSON_RX] vision dcx=0 dcy=0
[21:22:17.053] [ARM] [TARGET] vision state=CONFIRM enabled=1 dcx=0 dcy=0 stable=3
[21:22:17.302] [ARM] [JETSON_RX] vision dcx=0 dcy=0
[21:22:17.302] [ARM] [TARGET] vision state=CONFIRM enabled=1 dcx=0 dcy=0 stable=3
[21:22:17.488] [ARM] [JETSON_RX] vision dcx=0 dcy=0
[21:22:17.488] [ARM] [TARGET] vision state=CONFIRM enabled=1 dcx=0 dcy=0 stable=3
[21:22:17.673] [ARM] [JETSON_RX] vision dcx=0 dcy=0
[21:22:17.673] [ARM] [TARGET] vision state=CONFIRM enabled=1 dcx=0 dcy=0 stable=3
[21:22:17.861] [ARM] [JETSON_RX] vision dcx=0 dcy=0
[21:22:17.863] [ARM] [TARGET] vision state=CONFIRM enabled=1 dcx=0 dcy=0 stable=3
[21:22:18.113] [ARM] [JETSON_RX] vision dcx=0 dcy=0
[21:22:18.113] [ARM] [TARGET] vision state=CONFIRM enabled=1 dcx=0 dcy=0 stable=3
[21:22:18.221] [JETSON-RX] CC 03 01 DD
[21:22:18.221] [JETSON-STATUS] OUTPUT_ON func=0x03 value=0x01
[21:22:18.299] [ARM] [JETSON_RX] vision dcx=0 dcy=0
[21:22:18.299] [ARM] [TARGET] vision state=OUTPUT enabled=1 dcx=0 dcy=0 stable=3
[21:22:18.486] [ARM] [JETSON_RX] vision dcx=0 dcy=0
[21:22:18.486] [ARM] [TARGET] vision state=OUTPUT enabled=1 dcx=0 dcy=0 stable=3
[21:22:18.675] [ARM] [JETSON_RX] vision dcx=0 dcy=0
[21:22:18.675] [JETSON-RX] CC 03 00 DD
[21:22:18.675] [ARM] [TARGET] vision state=ALIGN enabled=1 dcx=0 dcy=0 stable=0
[21:22:18.675] [JETSON-STATUS] OUTPUT_OFF func=0x03 value=0x00
[21:22:18.862] [ARM] [JETSON_RX] vision dcx=0 dcy=0
[21:22:18.862] [ARM] [TARGET] vision state=ALIGN enabled=1 dcx=0 dcy=0 stable=1
[21:22:19.107] [ARM] [JETSON_RX] vision dcx=0 dcy=0
[21:22:19.107] [ARM] [TARGET] vision state=ALIGN enabled=1 dcx=0 dcy=0 stable=2
[21:22:19.123] [JETSON-RX] CC 02 01 DD
[21:22:19.123] [JETSON-STATUS] ALIGN_DONE func=0x02 value=0x01
[21:22:19.292] [ARM] [JETSON_RX] vision dcx=0 dcy=0
[21:22:19.292] [ARM] [TARGET] vision state=CONFIRM enabled=1 dcx=0 dcy=0 stable=3
[21:22:19.479] [ARM] [JETSON_RX] vision dcx=0 dcy=0
[21:22:19.479] [ARM] [TARGET] vision state=CONFIRM enabled=1 dcx=0 dcy=0 stable=3
[21:22:19.642] [PROMPT] Enter received; console logging resumed.
[21:22:19.642] [PROMPT] 请按住 P000 KEY，脚本会自动等待 OUTPUT_ON，不需要再按 Enter。
[21:22:19.642] [STEP] waiting OUTPUT_ON from RA6...
[21:22:19.642] [PROMPT] 已进入 OUTPUT。请松开 P000 KEY，脚本会自动等待 OUTPUT_OFF，不需要按 Enter。
[21:22:19.642] [STEP] waiting OUTPUT_OFF from RA6...
[21:22:19.642] [JETSON-TX] vision sender disabled after 657 frames.
[21:22:19.642] [JETSON-TX] TARGET_CTRL STOP: AA 01 00 BB
[21:22:19.666] [ARM] [JETSON_RX] target_ctrl=0
[21:22:19.713] [JETSON-RX] CC 04 00 DD
[21:22:19.713] [JETSON-STATUS] TARGET_CTRL_OFF func=0x04 value=0x00
[21:22:19.913] [ARM-TX] laser_off
[21:22:19.975] [ARM] Found handler for 'laser_off', executing...
[21:22:19.975] [ARM] laser_off
[21:22:20.114] [STEP] final soft_reset to HOME...
[21:22:20.114] [ARM-TX] soft_reset
[21:22:20.163] [ARM] Found handler for 'soft_reset', executing...
[21:22:20.163] [ARM] ROBOT_SOFT_RESET_EVENT
[21:22:20.163] [ARM] --- Starting soft reset ---
[21:22:20.350] [ARM] Soft reset motors enabled (J1~J5, J6 skipped).
[21:22:20.350] [ARM] Soft resetting joint 4...
[21:22:20.411] [ARM] robot_update_current_angle 4...
[21:22:20.411] [ARM] [4] current:89.58, target:90.00, dir:1
[21:22:20.534] [ARM] Soft resetting joint 3...
[21:22:20.534] [ARM] robot_update_current_angle 3...
[21:22:20.534] [ARM] [3] current:-3.45, target:0.00, dir:1
[21:22:21.213] [ARM] Soft resetting joint 1...
[21:22:21.213] [ARM] robot_update_current_angle 1...
[21:22:21.213] [ARM] [1] current:107.15, target:90.00, dir:-1
[21:22:22.947] [ARM] soft reset joint 1 settle timeout, keep going
[21:22:22.947] [ARM] Soft resetting joint 2...
[21:22:22.947] [ARM] robot_update_current_angle 2...
[21:22:22.947] [ARM] [2] current:-72.19, target:-90.00, dir:-1
[21:22:24.558] [ARM] soft reset joint 2 settle timeout, keep going
[21:22:24.558] [ARM] Soft resetting joint 0...
[21:22:24.558] [ARM] robot_update_current_angle 0...
[21:22:24.558] [ARM] [0] current:93.25, target:90.00, dir:-1
[21:22:25.305] [ARM] soft reset final verify PASS (issues:2), pose set HOME.
[21:22:25.305] [DONE] final soft_reset PASS; robot returned HOME.
[21:22:25.305] [DONE] OUTPUT_OFF received; target disabled; demo sequence complete.
[21:22:25.305] [JETSON-TX] TARGET_CTRL STOP: AA 01 00 BB
[21:22:25.305] [ARM-TX] laser_off
[21:22:25.367] [ARM] Found handler for 'laser_off', executing...
[21:22:25.367] [ARM] laser_off
[21:22:25.367] [ARM] [JETSON_RX] target_ctrl=0
[21:22:25.383] [JETSON-RX] CC 04 00 DD
[21:22:25.383] [JETSON-STATUS] TARGET_CTRL_OFF func=0x04 value=0x00
[21:22:25.510] [INFO] ports closed.
