[15:26:38.091] [APP-INFO] 已刷新串口: COM7, COM16, COM22, COM21, COM14
[15:26:38.091] [APP-INFO] log file: E:\Renesas\RA6M5-Robot\Robot_FreeRTOS - Arm\UpperComputer\dist\logs\ra6m5_upper_console_20260706_152638.log
[15:26:41.944] [ARM-INFO] opened COM7 @ 115200
[15:26:42.494] [JETSON-INFO] opened COM14 @ 115200
[15:26:42.498] [JETSON-INFO] heartbeat started: 200 ms
[15:26:44.334] [ARM-TX] 发送命令 target_enable: target_enable
[15:26:44.369] [ARM-RX] Found handler for 'target_enable', executing...
[15:26:44.369] [ARM-RX] target_enable
[15:26:44.370] [ARM-RX] ROBOT_AUTO_EVENT
[15:26:44.370] [ARM-RX] [0] <0.00 0.00 0.00> result: 90.00 90.00 -90.00 0.00 90.00 0.00
[15:26:44.372] [ARM-RX] [1] <0.00 -0.00 -0.00> result: 90.00 90.00 -90.00 0.00 90.00 0.00
[15:26:44.372] [ARM-RX] [2] <0.00 -0.00 -0.00> result: 90.00 90.00 -
[15:26:44.389] [ARM-RX] 90.00 0.00 90.00 0.00
[15:26:44.391] [ARM-RX] [3] <0.00 -0.01 -0.00> result: 90.00 90.00 -90.00 0.00 90.00 0.00
[15:26:44.392] [ARM-RX] [4] <0.00 -0.02 -0.00> result: 90.00 90.01 -90.00 0.00 90.00 0.00
[15:26:44.392] [ARM-RX] [5] <0.00 -0.03 -0.00> result: 90.00 90.01 -89.99 0.00 90.00 0.00
[15:26:44.392] [ARM-RX] [6] <0.00 -0.05 -0.00> result: 9
[15:26:44.420] [ARM-RX] 0.00 90.02 -89.99 0.00 90.00 0.00
[15:26:44.420] [ARM-RX] [7] <0.00 -0.07 -0.00> result: 90.00 90.02 -89.98 0.00 90.00 0.00
[15:26:44.420] [ARM-RX] [8] <0.00 -0.11 -0.00> result: 90.00 90.03 -89.97 0.00 90.00 0.00
[15:26:44.420] [ARM-RX] [9] <0.00 -0.15 -0.00> result: 90.00 90.05 -89.96 0.00 90.00 0.00
[15:26:44.420] [ARM-RX] [10] <0.00 -0.20 -0.
[15:26:44.448] [ARM-RX] 01> result: 90.00 90.06 -89.94 0.00 90.01 0.00
[15:26:44.448] [ARM-RX] [11] <0.00 -0.27 -0.01> result: 90.00 90.08 -89.92 0.00 90.01 0.00
[15:26:44.448] [ARM-RX] [12] <0.00 -0.34 -0.01> result: 90.00 90.11 -89.90 0.00 90.01 0.00
[15:26:44.449] [ARM-RX] [13] <0.00 -0.43 -0.01> result: 90.00 90.14 -89.88 0.00 90.01 0.00
[15:26:44.449] [ARM-RX] [14]
[15:26:44.473] [ARM-RX] <0.00 -0.54 -0.01> result: 90.00 90.17 -89.85 0.00 90.02 0.00
[15:26:44.473] [ARM-RX] [15] <0.00 -0.65 -0.02> result: 90.00 90.20 -89.81 0.00 90.02 0.00
[15:26:44.473] [ARM-RX] [16] <0.00 -0.79 -0.02> result: 90.00 90.25 -89.78 0.00 90.02 0.00
[15:26:44.474] [ARM-RX] [17] <0.00 -0.94 -0.02> result: 90.00 90.29 -89.73 0.00
[15:26:44.494] [ARM-RX] 90.03 0.00
[15:26:44.495] [ARM-RX] [18] <0.00 -1.10 -0.03> result: 90.00 90.34 -89.69 0.00 90.03 0.00
[15:26:44.495] [ARM-RX] [19] <0.00 -1.29 -0.03> result: 90.00 90.40 -89.63 0.00 90.03 0.00
[15:26:44.495] [ARM-RX] [20] <0.00 -1.49 -0.04> result: 90.00 90.46 -89.57 0.00 90.04 0.00
[15:26:44.495] [ARM-RX] [21] <0.00 -1.72 -0.04> result: 90.00 90
[15:26:44.517] [ARM-RX] .53 -89.51 0.00 90.04 0.00
[15:26:44.517] [ARM-RX] [22] <0.00 -1.97 -0.05> result: 90.00 90.61 -89.44 0.00 90.05 0.00
[15:26:44.517] [ARM-RX] [23] <0.00 -2.23 -0.06> result: 90.00 90.69 -89.36 0.00 90.05 0.00
[15:26:44.518] [ARM-RX] [24] <0.00 -2.52 -0.06> result: 90.00 90.77 -89.28 0.00 90.05 0.00
[15:26:44.518] [ARM-RX] [25] <0.00 -2.84 -0.07>
[15:26:44.539] [ARM-RX] result: 90.00 90.87 -89.19 0.00 90.06 0.00
[15:26:44.539] [ARM-RX] [26] <0.00 -3.17 -0.08> result: 90.00 90.97 -89.10 0.00 90.06 0.00
[15:26:44.540] [ARM-RX] [27] <0.00 -3.53 -0.09> result: 90.00 91.07 -88.99 0.00 90.06 0.00
[15:26:44.540] [ARM-RX] [28] <0.00 -3.92 -0.10> result: 90.00 91.18 -88.88 0.00 90.07 0.00
[15:26:44.540] [ARM-RX] [29] <0.
[15:26:44.569] [ARM-RX] 00 -4.33 -0.11> result: 90.00 91.30 -88.76 0.00 90.07 0.00
[15:26:44.569] [ARM-RX] [30] <0.00 -4.77 -0.12> result: 90.00 91.43 -88.64 0.00 90.07 0.00
[15:26:44.569] [ARM-RX] [31] <0.00 -5.23 -0.13> result: 90.00 91.56 -88.51 0.00 90.07 0.00
[15:26:44.569] [ARM-RX] [32] <0.00 -5.72 -0.14> result: 90.00 91.70 -88.37 0.00 90.0
[15:26:44.590] [ARM-RX] 7 0.00
[15:26:44.590] [ARM-RX] [33] <0.00 -6.24 -0.16> result: 90.00 91.85 -88.22 0.00 90.06 0.00
[15:26:44.591] [ARM-RX] [34] <0.00 -6.79 -0.17> result: 90.00 92.00 -88.06 0.00 90.06 0.00
[15:26:44.591] [ARM-RX] [35] <0.00 -7.36 -0.18> result: 90.00 92.16 -87.89 0.00 90.05 0.00
[15:26:44.591] [ARM-RX] [36] <0.00 -7.96 -0.20> result: 90.00 92.32
[15:26:44.609] [ARM-RX] -87.72 0.00 90.04 0.00
[15:26:44.609] [ARM-RX] [37] <0.00 -8.60 -0.21> result: 90.00 92.49 -87.54 0.00 90.03 0.00
[15:26:44.609] [ARM-RX] [38] <0.00 -9.26 -0.23> result: 90.00 92.67 -87.35 0.00 90.02 0.00
[15:26:44.610] [ARM-RX] [39] <0.00 -9.95 -0.25> result: 90.00 92.85 -87.15 0.00 90.00 0.00
[15:26:44.610] [ARM-RX] [40] <0.00 -10.67 -0.27> res
[15:26:44.643] [ARM-RX] ult: 90.00 93.04 -86.94 0.00 89.98 0.00
[15:26:44.643] [ARM-RX] [41] <0.00 -11.42 -0.29> result: 90.00 93.24 -86.72 0.00 89.96 0.00
[15:26:44.644] [ARM-RX] [42] <0.00 -12.20 -0.30> result: 90.00 93.44 -86.50 0.00 89.93 0.00
[15:26:44.644] [ARM-RX] [43] <0.00 -13.01 -0.33> result: 90.00 93.64 -86.26 0.00 89.91 0.00
[15:26:44.644] [ARM-RX] [44] <0.
[15:26:44.668] [ARM-RX] 00 -13.85 -0.35> result: 90.00 93.85 -86.02 0.00 89.87 0.00
[15:26:44.668] [ARM-RX] [45] <0.00 -14.72 -0.37> result: 90.00 94.07 -85.77 0.00 89.84 0.00
[15:26:44.668] [ARM-RX] [46] <0.00 -15.62 -0.39> result: 90.00 94.29 -85.51 0.00 89.80 0.00
[15:26:44.668] [ARM-RX] [47] <0.00 -16.55 -0.41> result: 90.00 94.52 -85.24 0.00
[15:26:44.688] [ARM-RX] 89.75 0.00
[15:26:44.689] [ARM-RX] [48] <0.00 -17.51 -0.44> result: 90.00 94.75 -84.96 0.00 89.70 0.00
[15:26:44.689] [ARM-RX] [49] <0.00 -18.49 -0.46> result: 90.00 94.98 -84.67 0.00 89.65 0.00
[15:26:44.689] [ARM-RX] [50] <0.00 -19.51 -0.49> result: 90.00 95.22 -84.37 0.00 89.59 0.00
[15:26:44.689] [ARM-RX] [51] <0.00 -20.56 -0.51> result: 90.0
[15:26:44.712] [ARM-RX] 0 95.47 -84.06 0.00 89.53 0.00
[15:26:44.712] [ARM-RX] [52] <0.00 -21.64 -0.54> result: 90.00 95.71 -83.75 0.00 89.46 0.00
[15:26:44.712] [ARM-RX] [53] <0.00 -22.74 -0.57> result: 90.00 95.97 -83.43 0.00 89.39 0.00
[15:26:44.713] [ARM-RX] [54] <0.00 -23.88 -0.60> result: 90.00 96.22 -83.09 0.00 89.32 0.00
[15:26:44.713] [ARM-RX] [55] <0.00 -25.04
[15:26:44.737] [ARM-RX] -0.63> result: 90.00 96.48 -82.75 0.00 89.23 0.00
[15:26:44.737] [ARM-RX] [56] <0.00 -26.23 -0.66> result: 90.00 96.74 -82.40 0.00 89.15 0.00
[15:26:44.738] [ARM-RX] [57] <0.00 -27.44 -0.69> result: 90.00 97.01 -82.05 0.00 89.06 0.00
[15:26:44.738] [ARM-RX] [58] <0.00 -28.68 -0.72> result: 90.00 97.28 -81.68 0.00 88.96 0.0
[15:26:44.758] [ARM-RX] 0
[15:26:44.759] [ARM-RX] [59] <0.00 -29.95 -0.75> result: 90.00 97.55 -81.31 0.00 88.86 0.00
[15:26:44.759] [ARM-RX] [60] <0.00 -31.25 -0.78> result: 90.00 97.83 -80.92 0.00 88.75 0.00
[15:26:44.759] [ARM-RX] [61] <0.00 -32.57 -0.81> result: 90.00 98.10 -80.53 0.00 88.64 0.00
[15:26:44.759] [ARM-RX] [62] <0.00 -33.91 -0.85> result: 90.00 98.39 -
[15:26:44.781] [ARM-RX] 80.14 0.00 88.52 0.00
[15:26:44.781] [ARM-RX] [63] <0.00 -35.28 -0.88> result: 90.00 98.67 -79.73 0.00 88.40 0.00
[15:26:44.781] [ARM-RX] [64] <0.00 -36.67 -0.92> result: 90.00 98.95 -79.32 0.00 88.27 0.00
[15:26:44.781] [ARM-RX] [65] <0.00 -38.08 -0.95> result: 90.00 99.24 -78.90 0.00 88.14 0.00
[15:26:44.782] [ARM-RX] [66] <0.00 -39.51 -0.99> r
[15:26:44.814] [ARM-RX] esult: 90.00 99.53 -78.47 0.00 88.00 0.00
[15:26:44.814] [ARM-RX] [67] <0.00 -40.97 -1.02> result: 90.00 99.82 -78.04 0.00 87.86 0.00
[15:26:44.814] [ARM-RX] [68] <0.00 -42.44 -1.06> result: 90.00 100.11 -77.60 0.00 87.71 0.00
[15:26:44.815] [ARM-RX] [69] <0.00 -43.94 -1.10> result: 90.00 100.41 -77.15 0.00 87.56 0.00
[15:26:44.815] [ARM-RX] [70]
[15:26:44.848] [ARM-RX] <0.00 -45.45 -1.14> result: 90.00 100.70 -76.70 0.00 87.41 0.00
[15:26:44.848] [ARM-RX] [71] <0.00 -46.98 -1.17> result: 90.00 101.00 -76.24 0.00 87.25 0.00
[15:26:44.848] [ARM-RX] [72] <0.00 -48.53 -1.21> result: 90.00 101.30 -75.78 0.00 87.08 0.00
[15:26:44.848] [ARM-RX] [73] <0.00 -50.09 -1.25> result: 90.00 101.60 -75.
[15:26:44.861] [ARM-RX] 31 0.00 86.91 0.00
[15:26:44.861] [ARM-RX] [74] <0.00 -51.67 -1.29> result: 90.00 101.90 -74.84 0.00 86.74 0.00
[15:26:44.861] [ARM-RX] [75] <0.00 -53.26 -1.33> result: 90.00 102.20 -74.36 0.00 86.56 0.00
[15:26:44.861] [ARM-RX] [76] <0.00 -54.86 -1.37> result: 90.00 102.51 -73.87 0.00 86.38 0.00
[15:26:44.861] [ARM-RX] [77] <0.00 -56.48 -1.41> r
[15:26:44.884] [ARM-RX] esult: 90.00 102.81 -73.39 0.00 86.20 0.00
[15:26:44.884] [ARM-RX] [78] <0.00 -58.11 -1.45> result: 90.00 103.11 -72.89 0.00 86.01 0.00
[15:26:44.884] [ARM-RX] [79] <0.00 -59.75 -1.49> result: 90.00 103.42 -72.40 0.00 85.82 0.00
[15:26:44.884] [ARM-RX] [80] <0.00 -60.00 -1.50> result: 90.00 103.47 -72.32 0.00 85.79 0.00
[15:26:44.884] [ARM-RX] [8
[15:26:44.906] [ARM-RX] 1] <0.00 -60.00 -1.50> result: 90.00 103.47 -72.32 0.00 85.79 0.00
[15:26:44.907] [ARM-RX] [82] <0.00 -60.00 -1.50> result: 90.00 103.47 -72.32 0.00 85.79 0.00
[15:26:44.907] [ARM-RX] [83] <0.00 -60.00 -1.50> result: 90.00 103.47 -72.32 0.00 85.79 0.00
[15:26:44.907] [ARM-RX] [84] <0.00 -60.00 -1.50> result: 90.00 103.47 -7
[15:26:44.929] [ARM-RX] 2.32 0.00 85.79 0.00
[15:26:44.929] [ARM-RX] [85] <0.00 -60.00 -1.50> result: 90.00 103.47 -72.32 0.00 85.79 0.00
[15:26:44.930] [ARM-RX] [86] <0.00 -60.00 -1.50> result: 90.00 103.47 -72.32 0.00 85.79 0.00
[15:26:44.930] [ARM-RX] [87] <0.00 -60.00 -1.50> result: 90.00 103.47 -72.32 0.00 85.79 0.00
[15:26:44.930] [ARM-RX] [88] <0.00 -60.00 -1.50>
[15:26:44.952] [ARM-RX] result: 90.00 103.47 -72.32 0.00 85.79 0.00
[15:26:44.952] [ARM-RX] [89] <0.00 -60.00 -1.50> result: 90.00 103.47 -72.32 0.00 85.79 0.00
[15:26:44.952] [ARM-RX] [90] <0.00 -60.00 -1.50> result: 90.00 103.47 -72.32 0.00 85.79 0.00
[15:26:44.954] [ARM-RX] [91] <0.00 -60.00 -1.50> result: 90.00 103.47 -72.32 0.00 85.79 0.00
[15:26:44.975] [ARM-RX] [92] <0.00 -60.00 -1.50> result: 90.00 103.47 -72.32 0.00 85.79 0.00
[15:26:44.975] [ARM-RX] [93] <0.00 -60.00 -1.50> result: 90.00 103.47 -72.32 0.00 85.79 0.00
[15:26:44.975] [ARM-RX] [94] <0.00 -60.00 -1.50> result: 90.00 103.47 -72.32 0.00 85.79 0.00
[15:26:44.975] [ARM-RX] [95] <0.00 -60.00 -1.50> result: 90.00 103.47
[15:26:45.009] [ARM-RX] -72.32 0.00 85.79 0.00
[15:26:45.009] [ARM-RX] [96] <0.00 -60.00 -1.50> result: 90.00 103.47 -72.32 0.00 85.79 0.00
[15:26:45.009] [ARM-RX] [97] <0.00 -60.00 -1.50> result: 90.00 103.47 -72.32 0.00 85.79 0.00
[15:26:45.010] [ARM-RX] [98] <0.00 -60.00 -1.50> result: 90.00 103.47 -72.32 0.00 85.79 0.00
[15:26:45.010] [ARM-RX] [99] <0.00 -60.00 -1.5
[15:26:45.034] [ARM-RX] 0> result: 90.00 103.47 -72.32 0.00 85.79 0.00
[15:26:45.034] [ARM-RX] [100] <0.00 -60.00 -1.50> result: 90.00 103.47 -72.32 0.00 85.79 0.00
[15:26:45.034] [ARM-RX] [101] <0.00 -60.00 -1.50> result: 90.00 103.47 -72.32 0.00 85.79 0.00
[15:26:45.038] [ARM-RX] [102] <0.00 -60.00 -1.50> result: 90.00 103.47 -72.32 0.00 85.79 0
[15:26:45.055] [ARM-RX] .00
[15:26:45.055] [ARM-RX] [103] <0.00 -60.00 -1.50> result: 90.00 103.47 -72.32 0.00 85.79 0.00
[15:26:45.057] [ARM-RX] [104] <0.00 -60.00 -1.50> result: 90.00 103.47 -72.32 0.00 85.79 0.00
[15:26:45.057] [ARM-RX] [105] <0.00 -60.00 -1.50> result: 90.00 103.47 -72.32 0.00 85.79 0.00
[15:26:45.057] [ARM-RX] [106] <0.00 -60.00 -1.50> result: 90.0
[15:26:45.079] [ARM-RX] 0 103.47 -72.32 0.00 85.79 0.00
[15:26:45.079] [ARM-RX] [107] <0.00 -60.00 -1.50> result: 90.00 103.47 -72.32 0.00 85.79 0.00
[15:26:45.079] [ARM-RX] [108] <0.00 -60.00 -1.50> result: 90.00 103.47 -72.32 0.00 85.79 0.00
[15:26:45.079] [ARM-RX] [109] <0.00 -60.00 -1.50> result: 90.00 103.47 -72.32 0.00 85.79 0.00
[15:26:45.079] [ARM-RX] [110] <0.0
[15:26:45.103] [ARM-RX] 0 -60.00 -1.50> result: 90.00 103.47 -72.32 0.00 85.79 0.00
[15:26:45.104] [ARM-RX] [111] <0.00 -60.00 -1.50> result: 90.00 103.47 -72.32 0.00 85.79 0.00
[15:26:45.104] [ARM-RX] [112] <0.00 -60.00 -1.50> result: 90.00 103.47 -72.32 0.00 85.79 0.00
[15:26:45.104] [ARM-RX] [113] <0.00 -60.00 -1.50> result: 90.00 103.47 -72.32
[15:26:45.125] [ARM-RX] 0.00 85.79 0.00
[15:26:45.125] [ARM-RX] [114] <0.00 -60.00 -1.50> result: 90.00 103.47 -72.32 0.00 85.79 0.00
[15:26:45.125] [ARM-RX] [115] <0.00 -60.00 -1.50> result: 90.00 103.47 -72.32 0.00 85.79 0.00
[15:26:45.125] [ARM-RX] [116] <0.00 -60.00 -1.50> result: 90.00 103.47 -72.32 0.00 85.79 0.00
[15:26:45.127] [ARM-RX] [117] <0.00 -60.00 -1.50>
[15:26:45.148] [ARM-RX] result: 90.00 103.47 -72.32 0.00 85.79 0.00
[15:26:45.148] [ARM-RX] [118] <0.00 -60.00 -1.50> result: 90.00 103.47 -72.32 0.00 85.79 0.00
[15:26:45.148] [ARM-RX] [119] <0.00 -60.00 -1.50> result: 90.00 103.47 -72.32 0.00 85.79 0.00
[15:26:45.149] [ARM-RX] [120] <0.00 -60.00 -1.50> result: 90.00 103.47 -72.32 0.00 85.79 0.0
[15:26:45.182] [ARM-RX] 0
[15:26:45.182] [ARM-RX] [121] <0.00 -60.00 -1.50> result: 90.00 103.47 -72.32 0.00 85.79 0.00
[15:26:45.182] [ARM-RX] [122] <0.00 -60.00 -1.50> result: 90.00 103.47 -72.32 0.00 85.79 0.00
[15:26:45.182] [ARM-RX] [123] <0.00 -60.00 -1.50> result: 90.00 103.47 -72.32 0.00 85.79 0.00
[15:26:45.183] [ARM-RX] [124] <0.00 -60.00 -1.50> result: 90.00
[15:26:45.205] [ARM-RX] 103.47 -72.32 0.00 85.79 0.00
[15:26:45.206] [ARM-RX] [125] <0.00 -60.00 -1.50> result: 90.00 103.47 -72.32 0.00 85.79 0.00
[15:26:45.206] [ARM-RX] [126] <0.00 -60.00 -1.50> result: 90.00 103.47 -72.32 0.00 85.79 0.00
[15:26:45.206] [ARM-RX] [127] <0.00 -60.00 -1.50> result: 90.00 103.47 -72.32 0.00 85.79 0.00
[15:26:45.206] [ARM-RX] [128] <0.00
[15:26:45.228] [ARM-RX] -60.00 -1.50> result: 90.00 103.47 -72.32 0.00 85.79 0.00
[15:26:45.228] [ARM-RX] [129] <0.00 -60.00 -1.50> result: 90.00 103.47 -72.32 0.00 85.79 0.00
[15:26:45.229] [ARM-RX] [130] <0.00 -60.00 -1.50> result: 90.00 103.47 -72.32 0.00 85.79 0.00
[15:26:45.229] [ARM-RX] [131] <0.00 -60.00 -1.50> result: 90.00 103.47 -72.32 0
[15:26:45.250] [ARM-RX] .00 85.79 0.00
[15:26:45.251] [ARM-RX] [132] <0.00 -60.00 -1.50> result: 90.00 103.47 -72.32 0.00 85.79 0.00
[15:26:45.251] [ARM-RX] [133] <0.00 -60.00 -1.50> result: 90.00 103.47 -72.32 0.00 85.79 0.00
[15:26:45.251] [ARM-RX] [134] <0.00 -60.00 -1.50> result: 90.00 103.47 -72.32 0.00 85.79 0.00
[15:26:45.251] [ARM-RX] [135] <0.00 -60.00 -1.50> r
[15:26:45.274] [ARM-RX] esult: 90.00 103.47 -72.32 0.00 85.79 0.00
[15:26:45.274] [ARM-RX] [136] <0.00 -60.00 -1.50> result: 90.00 103.47 -72.32 0.00 85.79 0.00
[15:26:45.275] [ARM-RX] [137] <0.00 -60.00 -1.50> result: 90.00 103.47 -72.32 0.00 85.79 0.00
[15:26:45.275] [ARM-RX] [138] <0.00 -60.00 -1.50> result: 90.00 103.47 -72.32 0.00 85.79 0.00
[15:26:45.295] [ARM-RX] [139] <0.00 -60.00 -1.50> result: 90.00 103.47 -72.32 0.00 85.79 0.00
[15:26:45.297] [ARM-RX] [140] <0.00 -60.00 -1.50> result: 90.00 103.47 -72.32 0.00 85.79 0.00
[15:26:45.297] [ARM-RX] [141] <0.00 -60.00 -1.50> result: 90.00 103.47 -72.32 0.00 85.79 0.00
[15:26:45.298] [ARM-RX] [142] <0.00 -60.00 -1.50> result: 90.00 10
[15:26:45.323] [ARM-RX] 3.47 -72.32 0.00 85.79 0.00
[15:26:45.323] [ARM-RX] [143] <0.00 -60.00 -1.50> result: 90.00 103.47 -72.32 0.00 85.79 0.00
[15:26:45.323] [ARM-RX] [144] <0.00 -60.00 -1.50> result: 90.00 103.47 -72.32 0.00 85.79 0.00
[15:26:45.323] [ARM-RX] [145] <0.00 -60.00 -1.50> result: 90.00 103.47 -72.32 0.00 85.79 0.00
[15:26:45.324] [ARM-RX] [146] <0.00 -6
[15:26:45.345] [ARM-RX] 0.00 -1.50> result: 90.00 103.47 -72.32 0.00 85.79 0.00
[15:26:45.345] [ARM-RX] [147] <0.00 -60.00 -1.50> result: 90.00 103.47 -72.32 0.00 85.79 0.00
[15:26:45.346] [ARM-RX] [148] <0.00 -60.00 -1.50> result: 90.00 103.47 -72.32 0.00 85.79 0.00
[15:26:45.346] [ARM-RX] [149] <0.00 -60.00 -1.50> result: 90.00 103.47 -72.32 0.0
[15:26:45.376] [ARM-RX] 0 85.79 0.00
[15:26:45.377] [ARM-RX] [150] <0.00 -60.00 -1.50> result: 90.00 103.47 -72.32 0.00 85.79 0.00
[15:26:45.377] [ARM-RX] [151] <0.00 -60.00 -1.50> result: 90.00 103.47 -72.32 0.00 85.79 0.00
[15:26:45.378] [ARM-RX] [152] <0.00 -60.00 -1.50> result: 90.00 103.47 -72.32 0.00 85.79 0.00
[15:26:45.378] [ARM-RX] [153] <0.00 -60.00 -1.50> res
[15:26:45.399] [ARM-RX] ult: 90.00 103.47 -72.32 0.00 85.79 0.00
[15:26:45.400] [ARM-RX] [154] <0.00 -60.00 -1.50> result: 90.00 103.47 -72.32 0.00 85.79 0.00
[15:26:45.400] [ARM-RX] [155] <0.00 -60.00 -1.50> result: 90.00 103.47 -72.32 0.00 85.79 0.00
[15:26:45.400] [ARM-RX] [156] <0.00 -60.00 -1.50> result: 90.00 103.47 -72.32 0.00 85.79 0.00
[15:26:45.400] [ARM-RX] [
[15:26:45.423] [ARM-RX] 157] <0.00 -60.00 -1.50> result: 90.00 103.47 -72.32 0.00 85.79 0.00
[15:26:45.424] [ARM-RX] [158] <0.00 -60.00 -1.50> result: 90.00 103.47 -72.32 0.00 85.79 0.00
[15:26:45.424] [ARM-RX] [159] <0.00 -60.00 -1.50> result: 90.00 103.47 -72.32 0.00 85.79 0.00
[15:26:45.424] [ARM-RX] [160] <0.00 -60.00 -1.50> result: 90.00 103.
[15:26:45.446] [ARM-RX] 47 -72.32 0.00 85.79 0.00
[15:26:45.447] [ARM-RX] [161] <0.00 -60.00 -1.50> result: 90.00 103.47 -72.32 0.00 85.79 0.00
[15:26:45.447] [ARM-RX] [162] <0.00 -60.00 -1.50> result: 90.00 103.47 -72.32 0.00 85.79 0.00
[15:26:45.447] [ARM-RX] [163] <0.00 -60.00 -1.50> result: 90.00 103.47 -72.32 0.00 85.79 0.00
[15:26:45.447] [ARM-RX] [164] <0.00 -60.
[15:26:45.469] [ARM-RX] 00 -1.50> result: 90.00 103.47 -72.32 0.00 85.79 0.00
[15:26:45.469] [ARM-RX] [165] <0.00 -60.00 -1.50> result: 90.00 103.47 -72.32 0.00 85.79 0.00
[15:26:45.469] [ARM-RX] [166] <0.00 -60.00 -1.50> result: 90.00 103.47 -72.32 0.00 85.79 0.00
[15:26:45.469] [ARM-RX] [167] <0.00 -60.00 -1.50> result: 90.00 103.47 -72.32 0.00
[15:26:45.492] [ARM-RX] 85.79 0.00
[15:26:45.493] [ARM-RX] [168] <0.00 -60.00 -1.50> result: 90.00 103.47 -72.32 0.00 85.79 0.00
[15:26:45.493] [ARM-RX] [169] <0.00 -60.00 -1.50> result: 90.00 103.47 -72.32 0.00 85.79 0.00
[15:26:45.493] [ARM-RX] [170] <0.00 -60.00 -1.50> result: 90.00 103.47 -72.32 0.00 85.79 0.00
[15:26:45.493] [ARM-RX] [171] <0.00 -60.00 -1.50> resul
[15:26:45.514] [ARM-RX] t: 90.00 103.47 -72.32 0.00 85.79 0.00
[15:26:45.515] [ARM-RX] [172] <0.00 -60.00 -1.50> result: 90.00 103.47 -72.32 0.00 85.79 0.00
[15:26:45.515] [ARM-RX] [173] <0.00 -60.00 -1.50> result: 90.00 103.47 -72.32 0.00 85.79 0.00
[15:26:45.515] [ARM-RX] [174] <0.00 -60.00 -1.50> result: 90.00 103.47 -72.32 0.00 85.79 0.00
[15:26:45.515] [ARM-RX] [17
[15:26:45.579] [ARM-RX] 5] <0.00 -60.00 -1.50> result: 90.00 103.47 -72.32 0.00 85.79 0.00
[15:26:45.579] [ARM-RX] [176] <0.00 -60.00 -1.50> result: 90.00 103.47 -72.32 0.00 85.79 0.00
[15:26:47.434] [ARM-RX] [joint 1] ave_error:0.00
[15:26:47.434] [ARM-RX] [joint 2] ave_error:2.95
[15:26:47.435] [ARM-RX] [joint 3] ave_error:2.47
[15:26:47.435] [ARM-RX] [joint 4] ave_error:0.00
[15:26:47.435] [ARM-RX] [joint 5] ave_error:0.28
[15:26:47.435] [ARM-RX] robot pid run finished!!
[15:26:47.509] [JETSON-RX] A5 5A 01 81 19 03 01 01 00 58 07
[15:26:47.510] [JETSON-STATUS] READY: A5 5A 01 81 19 03 01 01 00 58 07
[15:26:50.032] [ARM-TX] 发送命令 soft_reset: soft_reset
[15:26:50.078] [ARM-RX] Found handler for 'soft_reset', executing...
[15:26:50.078] [ARM-RX] ROBOT_SOFT_RESET_EVENT
[15:26:50.078] [ARM-RX] --- Starting soft reset ---
[15:26:50.266] [ARM-RX] Soft reset motors enabled (J1~J5, J6 skipped).
[15:26:50.266] [ARM-RX] Soft resetting joint 4...
[15:26:50.328] [ARM-RX] robot_update_current_angle 4...
[15:26:50.328] [ARM-RX] [4] current:85.70, target:90.00, dir:1
[15:26:50.885] [ARM-RX] Soft resetting joint 3...
[15:26:50.945] [ARM-RX] robot_update_current_angle 3...
[15:26:50.946] [ARM-RX] [3] current:0.00, target:0.00, dir:1
[15:26:51.067] [ARM-RX] Soft resetting joint 1...
[15:26:51.067] [ARM-RX] robot_update_current_angle 1...
[15:26:51.067] [ARM-RX] [1] current:105.97, target:90.00, dir:-1
[15:26:52.674] [ARM-RX] soft reset joint 1 settle timeout, keep going
[15:26:52.674] [ARM-RX] Soft resetting joint 2...
[15:26:52.674] [ARM-RX] robot_update_current_angle 2...
[15:26:52.676] [ARM-RX] [2] current:-71.86, target:-90.00, dir:-1
[15:26:54.284] [ARM-RX] soft reset joint 2 settle timeout, keep going
[15:26:54.284] [ARM-RX] Soft resetting joint 0...
[15:26:54.346] [ARM-RX] robot_update_current_angle 0...
[15:26:54.346] [ARM-RX] [0] current:90.00, target:90.00, dir:1
[15:26:54.531] [ARM-RX] soft reset final verify PASS (issues:2), pose set HOME.
[15:26:59.423] [ARM-TX] 发送命令 auto 0 -130 -15: auto 0 -130 -15
[15:26:59.461] [ARM-RX] Found handler for 'auto', executing...
[15:26:59.461] [ARM-RX] ROBOT_AUTO_EVENT
[15:26:59.462] [ARM-RX] [0] <0.00 0.00 0.00> result: 90.00 90.00 -90.00 0.00 90.00 0.00
[15:26:59.462] [ARM-RX] [1] <0.00 -0.00 -0.00> result: 90.00 90.00 -90.00 0.00 90.00 0.00
[15:26:59.462] [ARM-RX] [2] <0.00 -0.00 -0.00> result: 90.00 90.00 -90.00 0.00 90.00 0.00
[15:26:59.462] [ARM-RX] [
[15:26:59.482] [ARM-RX] 3] <0.00 -0.01 -0.00> result: 90.00 90.00 -90.00 0.00 90.00 0.00
[15:26:59.483] [ARM-RX] [4] <0.00 -0.01 -0.00> result: 90.00 90.00 -90.00 0.00 90.00 0.00
[15:26:59.483] [ARM-RX] [5] <0.00 -0.02 -0.00> result: 90.00 90.01 -89.99 0.00 90.00 0.00
[15:26:59.483] [ARM-RX] [6] <0.00 -0.03 -0.00> result: 90.00 90.01 -89.99 0.00 9
[15:26:59.505] [ARM-RX] 0.00 0.00
[15:26:59.506] [ARM-RX] [7] <0.00 -0.05 -0.01> result: 90.00 90.02 -89.99 0.00 90.01 0.00
[15:26:59.506] [ARM-RX] [8] <0.00 -0.07 -0.01> result: 90.00 90.03 -89.98 0.00 90.01 0.00
[15:26:59.506] [ARM-RX] [9] <0.00 -0.10 -0.01> result: 90.00 90.04 -89.97 0.00 90.01 0.00
[15:26:59.506] [ARM-RX] [10] <0.00 -0.14 -0.02> result: 90.00 90.06
[15:26:59.529] [ARM-RX] -89.96 0.00 90.02 0.00
[15:26:59.529] [ARM-RX] [11] <0.00 -0.18 -0.02> result: 90.00 90.08 -89.95 0.00 90.02 0.00
[15:26:59.529] [ARM-RX] [12] <0.00 -0.23 -0.03> result: 90.00 90.10 -89.94 0.00 90.03 0.00
[15:26:59.530] [ARM-RX] [13] <0.00 -0.29 -0.03> result: 90.00 90.12 -89.92 0.00 90.04 0.00
[15:26:59.530] [ARM-RX] [14] <0.00 -0.36 -0.04> resu
[15:26:59.551] [ARM-RX] lt: 90.00 90.15 -89.90 0.00 90.05 0.00
[15:26:59.551] [ARM-RX] [15] <0.00 -0.44 -0.05> result: 90.00 90.18 -89.88 0.00 90.06 0.00
[15:26:59.552] [ARM-RX] [16] <0.00 -0.53 -0.06> result: 90.00 90.22 -89.85 0.00 90.07 0.00
[15:26:59.552] [ARM-RX] [17] <0.00 -0.64 -0.07> result: 90.00 90.26 -89.82 0.00 90.09 0.00
[15:26:59.552] [ARM-RX] [18] <0.00 -
[15:26:59.577] [ARM-RX] 0.75 -0.09> result: 90.00 90.31 -89.79 0.00 90.10 0.00
[15:26:59.577] [ARM-RX] [19] <0.00 -0.88 -0.10> result: 90.00 90.36 -89.76 0.00 90.12 0.00
[15:26:59.578] [ARM-RX] [20] <0.00 -1.02 -0.12> result: 90.00 90.42 -89.72 0.00 90.14 0.00
[15:26:59.578] [ARM-RX] [21] <0.00 -1.18 -0.14> result: 90.00 90.48 -89.68 0.00 90.16 0.
[15:26:59.599] [ARM-RX] 00
[15:26:59.599] [ARM-RX] [22] <0.00 -1.35 -0.16> result: 90.00 90.55 -89.63 0.00 90.18 0.00
[15:26:59.599] [ARM-RX] [23] <0.00 -1.53 -0.18> result: 90.00 90.62 -89.58 0.00 90.20 0.00
[15:26:59.600] [ARM-RX] [24] <0.00 -1.73 -0.20> result: 90.00 90.70 -89.52 0.00 90.22 0.00
[15:26:59.600] [ARM-RX] [25] <0.00 -1.95 -0.23> result: 90.00 90.79 -89.
[15:26:59.631] [ARM-RX] 46 0.00 90.25 0.00
[15:26:59.632] [ARM-RX] [26] <0.00 -2.19 -0.25> result: 90.00 90.88 -89.39 0.00 90.28 0.00
[15:26:59.632] [ARM-RX] [27] <0.00 -2.44 -0.28> result: 90.00 90.98 -89.32 0.00 90.31 0.00
[15:26:59.632] [ARM-RX] [28] <0.00 -2.71 -0.31> result: 90.00 91.09 -89.25 0.00 90.34 0.00
[15:26:59.632] [ARM-RX] [29] <0.00 -3.00 -0.35> result:
[15:26:59.661] [ARM-RX] 90.00 91.20 -89.17 0.00 90.37 0.00
[15:26:59.661] [ARM-RX] [30] <0.00 -3.31 -0.38> result: 90.00 91.32 -89.08 0.00 90.40 0.00
[15:26:59.661] [ARM-RX] [31] <0.00 -3.64 -0.42> result: 90.00 91.45 -88.99 0.00 90.44 0.00
[15:26:59.661] [ARM-RX] [32] <0.00 -3.99 -0.46> result: 90.00 91.58 -88.89 0.00 90.47 0.00
[15:26:59.661] [ARM-RX] [33] <0.00 -4.37
[15:26:59.679] [ARM-RX] -0.50> result: 90.00 91.72 -88.79 0.00 90.51 0.00
[15:26:59.679] [ARM-RX] [34] <0.00 -4.76 -0.55> result: 90.00 91.87 -88.68 0.00 90.54 0.00
[15:26:59.679] [ARM-RX] [35] <0.00 -5.17 -0.60> result: 90.00 92.02 -88.56 0.00 90.58 0.00
[15:26:59.679] [ARM-RX] [36] <0.00 -5.61 -0.65> result: 90.00 92.18 -88.44 0.00 90.62 0.00
[15:26:59.700] [ARM-RX] [37] <0.00 -6.07 -0.70> result: 90.00 92.35 -88.31 0.00 90.66 0.00
[15:26:59.701] [ARM-RX] [38] <0.00 -6.56 -0.76> result: 90.00 92.52 -88.17 0.00 90.69 0.00
[15:26:59.701] [ARM-RX] [39] <0.00 -7.07 -0.82> result: 90.00 92.70 -88.03 0.00 90.73 0.00
[15:26:59.701] [ARM-RX] [40] <0.00 -7.60 -0.88> result: 90.00 92.89 -87.88 0
[15:26:59.723] [ARM-RX] .00 90.77 0.00
[15:26:59.724] [ARM-RX] [41] <0.00 -8.16 -0.94> result: 90.00 93.08 -87.72 0.00 90.81 0.00
[15:26:59.724] [ARM-RX] [42] <0.00 -8.74 -1.01> result: 90.00 93.28 -87.56 0.00 90.84 0.00
[15:26:59.724] [ARM-RX] [43] <0.00 -9.35 -1.08> result: 90.00 93.49 -87.39 0.00 90.88 0.00
[15:26:59.724] [ARM-RX] [44] <0.00 -9.98 -1.15> result: 90.0
[15:26:59.747] [ARM-RX] 0 93.70 -87.21 0.00 90.91 0.00
[15:26:59.754] [ARM-RX] [45] <0.00 -10.64 -1.23> result: 90.00 93.92 -87.02 0.00 90.94 0.00
[15:26:59.754] [ARM-RX] [46] <0.00 -11.33 -1.31> result: 90.00 94.15 -86.83 0.00 90.97 0.00
[15:26:59.754] [ARM-RX] [47] <0.00 -12.04 -1.39> result: 90.00 94.38 -86.62 0.00 91.00 0.00
[15:26:59.755] [ARM-RX] [48] <0.00 -12.78
[15:26:59.770] [ARM-RX] -1.47> result: 90.00 94.62 -86.41 0.00 91.03 0.00
[15:26:59.770] [ARM-RX] [49] <0.00 -13.55 -1.56> result: 90.00 94.86 -86.19 0.00 91.05 0.00
[15:26:59.770] [ARM-RX] [50] <0.00 -14.34 -1.66> result: 90.00 95.11 -85.96 0.00 91.07 0.00
[15:26:59.770] [ARM-RX] [51] <0.00 -15.17 -1.75> result: 90.00 95.36 -85.73 0.00 91.09 0.0
[15:26:59.796] [ARM-RX] 0
[15:26:59.796] [ARM-RX] [52] <0.00 -16.02 -1.85> result: 90.00 95.62 -85.48 0.00 91.11 0.00
[15:26:59.796] [ARM-RX] [53] <0.00 -16.90 -1.95> result: 90.00 95.89 -85.23 0.00 91.12 0.00
[15:26:59.796] [ARM-RX] [54] <0.00 -17.81 -2.05> result: 90.00 96.16 -84.97 0.00 91.13 0.00
[15:26:59.797] [ARM-RX] [55] <0.00 -18.75 -2.16> result: 90.00 96.43 -
[15:26:59.826] [ARM-RX] 84.70 0.00 91.13 0.00
[15:26:59.827] [ARM-RX] [56] <0.00 -19.71 -2.27> result: 90.00 96.71 -84.42 0.00 91.13 0.00
[15:26:59.827] [ARM-RX] [57] <0.00 -20.71 -2.39> result: 90.00 96.99 -84.13 0.00 91.13 0.00
[15:26:59.827] [ARM-RX] [58] <0.00 -21.74 -2.51> result: 90.00 97.28 -83.84 0.00 91.12 0.00
[15:26:59.827] [ARM-RX] [59] <0.00 -22.79 -2.63> r
[15:26:59.848] [ARM-RX] esult: 90.00 97.57 -83.53 0.00 91.11 0.00
[15:26:59.850] [ARM-RX] [60] <0.00 -23.88 -2.75> result: 90.00 97.87 -83.22 0.00 91.09 0.00
[15:26:59.850] [ARM-RX] [61] <0.00 -24.99 -2.88> result: 90.00 98.17 -82.89 0.00 91.06 0.00
[15:26:59.851] [ARM-RX] [62] <0.00 -26.13 -3.02> result: 90.00 98.48 -82.56 0.00 91.04 0.00
[15:26:59.851] [ARM-RX] [63] <
[15:26:59.872] [ARM-RX] 0.00 -27.31 -3.15> result: 90.00 98.78 -82.22 0.00 91.00 0.00
[15:26:59.873] [ARM-RX] [64] <0.00 -28.51 -3.29> result: 90.00 99.10 -81.87 0.00 90.96 0.00
[15:26:59.873] [ARM-RX] [65] <0.00 -29.74 -3.43> result: 90.00 99.41 -81.51 0.00 90.92 0.00
[15:26:59.873] [ARM-RX] [66] <0.00 -31.01 -3.58> result: 90.00 99.73 -81.14 0.0
[15:26:59.896] [ARM-RX] 0 90.87 0.00
[15:26:59.897] [ARM-RX] [67] <0.00 -32.30 -3.73> result: 90.00 100.05 -80.76 0.00 90.81 0.00
[15:26:59.897] [ARM-RX] [68] <0.00 -33.62 -3.88> result: 90.00 100.38 -80.37 0.00 90.75 0.00
[15:26:59.897] [ARM-RX] [69] <0.00 -34.97 -4.04> result: 90.00 100.71 -79.97 0.00 90.68 0.00
[15:26:59.897] [ARM-RX] [70] <0.00 -36.36 -4.19> result:
[15:26:59.919] [ARM-RX] 90.00 101.04 -79.56 0.00 90.60 0.00
[15:26:59.919] [ARM-RX] [71] <0.00 -37.77 -4.36> result: 90.00 101.38 -79.15 0.00 90.52 0.00
[15:26:59.919] [ARM-RX] [72] <0.00 -39.21 -4.52> result: 90.00 101.72 -78.72 0.00 90.44 0.00
[15:26:59.919] [ARM-RX] [73] <0.00 -40.68 -4.69> result: 90.00 102.06 -78.28 0.00 90.34 0.00
[15:26:59.920] [ARM-RX] [74] <0.
[15:26:59.944] [ARM-RX] 00 -42.18 -4.87> result: 90.00 102.40 -77.84 0.00 90.24 0.00
[15:26:59.944] [ARM-RX] [75] <0.00 -43.70 -5.04> result: 90.00 102.75 -77.39 0.00 90.13 0.00
[15:26:59.944] [ARM-RX] [76] <0.00 -45.26 -5.22> result: 90.00 103.10 -76.92 0.00 90.02 0.00
[15:26:59.945] [ARM-RX] [77] <0.00 -46.85 -5.41> result: 90.00 103.45 -76.45 0
[15:26:59.964] [ARM-RX] .00 89.90 0.00
[15:26:59.965] [ARM-RX] [78] <0.00 -48.46 -5.59> result: 90.00 103.81 -75.97 0.00 89.77 0.00
[15:26:59.965] [ARM-RX] [79] <0.00 -50.10 -5.78> result: 90.00 104.17 -75.47 0.00 89.64 0.00
[15:26:59.965] [ARM-RX] [80] <0.00 -51.77 -5.97> result: 90.00 104.53 -74.97 0.00 89.50 0.00
[15:26:59.965] [ARM-RX] [81] <0.00 -53.47 -6.17> resul
[15:27:00.000] [ARM-RX] t: 90.00 104.89 -74.46 0.00 89.36 0.00
[15:27:00.001] [ARM-RX] [82] <0.00 -55.20 -6.37> result: 90.00 105.26 -73.94 0.00 89.20 0.00
[15:27:00.001] [ARM-RX] [83] <0.00 -56.95 -6.57> result: 90.00 105.63 -73.42 0.00 89.04 0.00
[15:27:00.001] [ARM-RX] [84] <0.00 -58.73 -6.78> result: 90.00 106.00 -72.88 0.00 88.88 0.00
[15:27:00.001] [ARM-RX] [85] <
[15:27:00.022] [ARM-RX] 0.00 -60.54 -6.99> result: 90.00 106.37 -72.33 0.00 88.70 0.00
[15:27:00.022] [ARM-RX] [86] <0.00 -62.37 -7.20> result: 90.00 106.75 -71.78 0.00 88.52 0.00
[15:27:00.022] [ARM-RX] [87] <0.00 -64.23 -7.41> result: 90.00 107.13 -71.21 0.00 88.34 0.00
[15:27:00.023] [ARM-RX] [88] <0.00 -66.11 -7.63> result: 90.00 107.51 -70.64
[15:27:00.045] [ARM-RX] 0.00 88.15 0.00
[15:27:00.045] [ARM-RX] [89] <0.00 -68.02 -7.85> result: 90.00 107.89 -70.06 0.00 87.95 0.00
[15:27:00.046] [ARM-RX] [90] <0.00 -69.95 -8.07> result: 90.00 108.28 -69.47 0.00 87.74 0.00
[15:27:00.046] [ARM-RX] [91] <0.00 -71.91 -8.30> result: 90.00 108.67 -68.87 0.00 87.53 0.00
[15:27:00.046] [ARM-RX] [92] <0.00 -73.89 -8.53> res
[15:27:00.067] [ARM-RX] ult: 90.00 109.06 -68.26 0.00 87.31 0.00
[15:27:00.067] [ARM-RX] [93] <0.00 -75.90 -8.76> result: 90.00 109.45 -67.64 0.00 87.09 0.00
[15:27:00.068] [ARM-RX] [94] <0.00 -77.93 -8.99> result: 90.00 109.85 -67.02 0.00 86.86 0.00
[15:27:00.068] [ARM-RX] [95] <0.00 -79.98 -9.23> result: 90.00 110.24 -66.38 0.00 86.62 0.00
[15:27:00.068] [ARM-RX] [96]
[15:27:00.091] [ARM-RX] <0.00 -82.05 -9.47> result: 90.00 110.64 -65.74 0.00 86.38 0.00
[15:27:00.091] [ARM-RX] [97] <0.00 -84.15 -9.71> result: 90.00 111.04 -65.09 0.00 86.13 0.00
[15:27:00.091] [ARM-RX] [98] <0.00 -86.26 -9.95> result: 90.00 111.45 -64.43 0.00 85.88 0.00
[15:27:00.091] [ARM-RX] [99] <0.00 -88.40 -10.20> result: 90.00 111.86 -63
[15:27:00.114] [ARM-RX] .77 0.00 85.62 0.00
[15:27:00.114] [ARM-RX] [100] <0.00 -90.56 -10.45> result: 90.00 112.26 -63.09 0.00 85.36 0.00
[15:27:00.114] [ARM-RX] [101] <0.00 -92.73 -10.70> result: 90.00 112.67 -62.41 0.00 85.09 0.00
[15:27:00.114] [ARM-RX] [102] <0.00 -94.93 -10.95> result: 90.00 113.09 -61.72 0.00 84.81 0.00
[15:27:00.115] [ARM-RX] [103] <0.00 -97.14
[15:27:00.137] [ARM-RX] -11.21> result: 90.00 113.50 -61.02 0.00 84.53 0.00
[15:27:00.137] [ARM-RX] [104] <0.00 -99.37 -11.47> result: 90.00 113.92 -60.32 0.00 84.24 0.00
[15:27:00.137] [ARM-RX] [105] <0.00 -101.62 -11.73> result: 90.00 114.34 -59.61 0.00 83.95 0.00
[15:27:00.138] [ARM-RX] [106] <0.00 -103.88 -11.99> result: 90.00 114.76 -58.89 0.
[15:27:00.160] [ARM-RX] 00 83.65 0.00
[15:27:00.160] [ARM-RX] [107] <0.00 -106.16 -12.25> result: 90.00 115.18 -58.16 0.00 83.35 0.00
[15:27:00.160] [ARM-RX] [108] <0.00 -108.46 -12.51> result: 90.00 115.61 -57.43 0.00 83.04 0.00
[15:27:00.160] [ARM-RX] [109] <0.00 -110.77 -12.78> result: 90.00 116.04 -56.69 0.00 82.72 0.00
[15:27:00.161] [ARM-RX] [110] <0.00 -113.10 -1
[15:27:00.193] [ARM-RX] 3.05> result: 90.00 116.47 -55.94 0.00 82.41 0.00
[15:27:00.193] [ARM-RX] [111] <0.00 -115.44 -13.32> result: 90.00 116.90 -55.19 0.00 82.08 0.00
[15:27:00.194] [ARM-RX] [112] <0.00 -117.79 -13.59> result: 90.00 117.33 -54.43 0.00 81.76 0.00
[15:27:00.194] [ARM-RX] [113] <0.00 -120.15 -13.86> result: 90.00 117.77 -53.66 0.0
[15:27:00.217] [ARM-RX] 0 81.42 0.00
[15:27:00.217] [ARM-RX] [114] <0.00 -122.53 -14.14> result: 90.00 118.20 -52.88 0.00 81.09 0.00
[15:27:00.217] [ARM-RX] [115] <0.00 -124.91 -14.41> result: 90.00 118.64 -52.10 0.00 80.75 0.00
[15:27:00.217] [ARM-RX] [116] <0.00 -127.31 -14.69> result: 90.00 119.08 -51.32 0.00 80.40 0.00
[15:27:00.218] [ARM-RX] [117] <0.00 -129.72 -14
[15:27:00.239] [ARM-RX] .97> result: 90.00 119.52 -50.53 0.00 80.05 0.00
[15:27:00.240] [ARM-RX] [118] <0.00 -130.00 -15.00> result: 90.00 119.58 -50.43 0.00 80.01 0.00
[15:27:00.240] [ARM-RX] [119] <0.00 -130.00 -15.00> result: 90.00 119.58 -50.43 0.00 80.01 0.00
[15:27:00.241] [ARM-RX] [120] <0.00 -130.00 -15.00> result: 90.00 119.58 -50.43 0.00
[15:27:00.263] [ARM-RX] 80.01 0.00
[15:27:00.263] [ARM-RX] [121] <0.00 -130.00 -15.00> result: 90.00 119.58 -50.43 0.00 80.01 0.00
[15:27:00.263] [ARM-RX] [122] <0.00 -130.00 -15.00> result: 90.00 119.58 -50.43 0.00 80.01 0.00
[15:27:00.263] [ARM-RX] [123] <0.00 -130.00 -15.00> result: 90.00 119.58 -50.43 0.00 80.01 0.00
[15:27:00.264] [ARM-RX] [124] <0.00 -130.00 -15.
[15:27:00.284] [ARM-RX] 00> result: 90.00 119.58 -50.43 0.00 80.01 0.00
[15:27:00.286] [ARM-RX] [125] <0.00 -130.00 -15.00> result: 90.00 119.58 -50.43 0.00 80.01 0.00
[15:27:00.286] [ARM-RX] [126] <0.00 -130.00 -15.00> result: 90.00 119.58 -50.43 0.00 80.01 0.00
[15:27:00.286] [ARM-RX] [127] <0.00 -130.00 -15.00> result: 90.00 119.58 -50.43 0.00
[15:27:00.309] [ARM-RX] 80.01 0.00
[15:27:00.309] [ARM-RX] [128] <0.00 -130.00 -15.00> result: 90.00 119.58 -50.43 0.00 80.01 0.00
[15:27:00.309] [ARM-RX] [129] <0.00 -130.00 -15.00> result: 90.00 119.58 -50.43 0.00 80.01 0.00
[15:27:00.309] [ARM-RX] [130] <0.00 -130.00 -15.00> result: 90.00 119.58 -50.43 0.00 80.01 0.00
[15:27:00.310] [ARM-RX] [131] <0.00 -130.00 -15.0
[15:27:00.332] [ARM-RX] 0> result: 90.00 119.58 -50.43 0.00 80.01 0.00
[15:27:00.332] [ARM-RX] [132] <0.00 -130.00 -15.00> result: 90.00 119.58 -50.43 0.00 80.01 0.00
[15:27:00.332] [ARM-RX] [133] <0.00 -130.00 -15.00> result: 90.00 119.58 -50.43 0.00 80.01 0.00
[15:27:00.333] [ARM-RX] [134] <0.00 -130.00 -15.00> result: 90.00 119.58 -50.43 0.00 8
[15:27:00.365] [ARM-RX] 0.01 0.00
[15:27:00.366] [ARM-RX] [135] <0.00 -130.00 -15.00> result: 90.00 119.58 -50.43 0.00 80.01 0.00
[15:27:00.366] [ARM-RX] [136] <0.00 -130.00 -15.00> result: 90.00 119.58 -50.43 0.00 80.01 0.00
[15:27:00.366] [ARM-RX] [137] <0.00 -130.00 -15.00> result: 90.00 119.58 -50.43 0.00 80.01 0.00
[15:27:00.366] [ARM-RX] [138] <0.00 -130.00 -15.00
[15:27:00.391] [ARM-RX] > result: 90.00 119.58 -50.43 0.00 80.01 0.00
[15:27:00.392] [ARM-RX] [139] <0.00 -130.00 -15.00> result: 90.00 119.58 -50.43 0.00 80.01 0.00
[15:27:00.392] [ARM-RX] [140] <0.00 -130.00 -15.00> result: 90.00 119.58 -50.43 0.00 80.01 0.00
[15:27:00.392] [ARM-RX] [141] <0.00 -130.00 -15.00> result: 90.00 119.58 -50.43 0.00 80
[15:27:00.418] [ARM-RX] .01 0.00
[15:27:00.418] [ARM-RX] [142] <0.00 -130.00 -15.00> result: 90.00 119.58 -50.43 0.00 80.01 0.00
[15:27:00.420] [ARM-RX] [143] <0.00 -130.00 -15.00> result: 90.00 119.58 -50.43 0.00 80.01 0.00
[15:27:00.420] [ARM-RX] [144] <0.00 -130.00 -15.00> result: 90.00 119.58 -50.43 0.00 80.01 0.00
[15:27:00.420] [ARM-RX] [145] <0.00 -130.00 -15.00>
[15:27:00.437] [ARM-RX] result: 90.00 119.58 -50.43 0.00 80.01 0.00
[15:27:00.439] [ARM-RX] [146] <0.00 -130.00 -15.00> result: 90.00 119.58 -50.43 0.00 80.01 0.00
[15:27:00.439] [ARM-RX] [147] <0.00 -130.00 -15.00> result: 90.00 119.58 -50.43 0.00 80.01 0.00
[15:27:00.439] [ARM-RX] [148] <0.00 -130.00 -15.00> result: 90.00 119.58 -50.43 0.00 80.
[15:27:00.462] [ARM-RX] 01 0.00
[15:27:00.462] [ARM-RX] [149] <0.00 -130.00 -15.00> result: 90.00 119.58 -50.43 0.00 80.01 0.00
[15:27:00.464] [ARM-RX] [150] <0.00 -130.00 -15.00> result: 90.00 119.58 -50.43 0.00 80.01 0.00
[15:27:00.464] [ARM-RX] [151] <0.00 -130.00 -15.00> result: 90.00 119.58 -50.43 0.00 80.01 0.00
[15:27:00.465] [ARM-RX] [152] <0.00 -130.00 -15.00>
[15:27:00.481] [ARM-RX] result: 90.00 119.58 -50.43 0.00 80.01 0.00
[15:27:00.482] [ARM-RX] [153] <0.00 -130.00 -15.00> result: 90.00 119.58 -50.43 0.00 80.01 0.00
[15:27:00.482] [ARM-RX] [154] <0.00 -130.00 -15.00> result: 90.00 119.58 -50.43 0.00 80.01 0.00
[15:27:00.482] [ARM-RX] [155] <0.00 -130.00 -15.00> result: 90.00 119.58 -50.43 0.00 80.0
[15:27:00.504] [ARM-RX] 1 0.00
[15:27:00.504] [ARM-RX] [156] <0.00 -130.00 -15.00> result: 90.00 119.58 -50.43 0.00 80.01 0.00
[15:27:00.511] [ARM-RX] [157] <0.00 -130.00 -15.00> result: 90.00 119.58 -50.43 0.00 80.01 0.00
[15:27:00.511] [ARM-RX] [158] <0.00 -130.00 -15.00> result: 90.00 119.58 -50.43 0.00 80.01 0.00
[15:27:00.511] [ARM-RX] [159] <0.00 -130.00 -15.00> r
[15:27:00.527] [ARM-RX] esult: 90.00 119.58 -50.43 0.00 80.01 0.00
[15:27:00.528] [ARM-RX] [160] <0.00 -130.00 -15.00> result: 90.00 119.58 -50.43 0.00 80.01 0.00
[15:27:00.528] [ARM-RX] [161] <0.00 -130.00 -15.00> result: 90.00 119.58 -50.43 0.00 80.01 0.00
[15:27:00.528] [ARM-RX] [162] <0.00 -130.00 -15.00> result: 90.00 119.58 -50.43 0.00 80.01
[15:27:00.560] [ARM-RX] 0.00
[15:27:00.561] [ARM-RX] [163] <0.00 -130.00 -15.00> result: 90.00 119.58 -50.43 0.00 80.01 0.00
[15:27:00.561] [ARM-RX] [164] <0.00 -130.00 -15.00> result: 90.00 119.58 -50.43 0.00 80.01 0.00
[15:27:00.562] [ARM-RX] [165] <0.00 -130.00 -15.00> result: 90.00 119.58 -50.43 0.00 80.01 0.00
[15:27:00.562] [ARM-RX] [166] <0.00 -130.00 -15.00> re
[15:27:00.589] [ARM-RX] sult: 90.00 119.58 -50.43 0.00 80.01 0.00
[15:27:00.589] [ARM-RX] [167] <0.00 -130.00 -15.00> result: 90.00 119.58 -50.43 0.00 80.01 0.00
[15:27:00.589] [ARM-RX] [168] <0.00 -130.00 -15.00> result: 90.00 119.58 -50.43 0.00 80.01 0.00
[15:27:00.589] [ARM-RX] [169] <0.00 -130.00 -15.00> result: 90.00 119.58 -50.43 0.00 80.01
[15:27:00.608] [ARM-RX] 0.00
[15:27:00.608] [ARM-RX] [170] <0.00 -130.00 -15.00> result: 90.00 119.58 -50.43 0.00 80.01 0.00
[15:27:00.608] [ARM-RX] [171] <0.00 -130.00 -15.00> result: 90.00 119.58 -50.43 0.00 80.01 0.00
[15:27:00.609] [ARM-RX] [172] <0.00 -130.00 -15.00> result: 90.00 119.58 -50.43 0.00 80.01 0.00
[15:27:00.609] [ARM-RX] [173] <0.00 -130.00 -15.00> res
[15:27:00.631] [ARM-RX] ult: 90.00 119.58 -50.43 0.00 80.01 0.00
[15:27:00.631] [ARM-RX] [174] <0.00 -130.00 -15.00> result: 90.00 119.58 -50.43 0.00 80.01 0.00
[15:27:00.632] [ARM-RX] [175] <0.00 -130.00 -15.00> result: 90.00 119.58 -50.43 0.00 80.01 0.00
[15:27:00.632] [ARM-RX] [176] <0.00 -130.00 -15.00> result: 90.00 119.58 -50.43 0.00 80.01 0
[15:27:00.653] [ARM-RX] .00
[15:27:00.653] [ARM-RX] [177] <0.00 -130.00 -15.00> result: 90.00 119.58 -50.43 0.00 80.01 0.00
[15:27:00.653] [ARM-RX] [178] <0.00 -130.00 -15.00> result: 90.00 119.58 -50.43 0.00 80.01 0.00
[15:27:00.653] [ARM-RX] [179] <0.00 -130.00 -15.00> result: 90.00 119.58 -50.43 0.00 80.01 0.00
[15:27:00.654] [ARM-RX] [180] <0.00 -130.00 -15.00> resu
[15:27:00.677] [ARM-RX] lt: 90.00 119.58 -50.43 0.00 80.01 0.00
[15:27:00.677] [ARM-RX] [181] <0.00 -130.00 -15.00> result: 90.00 119.58 -50.43 0.00 80.01 0.00
[15:27:00.677] [ARM-RX] [182] <0.00 -130.00 -15.00> result: 90.00 119.58 -50.43 0.00 80.01 0.00
[15:27:00.678] [ARM-RX] [183] <0.00 -130.00 -15.00> result: 90.00 119.58 -50.43 0.00 80.01 0.
[15:27:00.699] [ARM-RX] 00
[15:27:00.699] [ARM-RX] [184] <0.00 -130.00 -15.00> result: 90.00 119.58 -50.43 0.00 80.01 0.00
[15:27:00.699] [ARM-RX] [185] <0.00 -130.00 -15.00> result: 90.00 119.58 -50.43 0.00 80.01 0.00
[15:27:00.699] [ARM-RX] [186] <0.00 -130.00 -15.00> result: 90.00 119.58 -50.43 0.00 80.01 0.00
[15:27:00.700] [ARM-RX] [187] <0.00 -130.00 -15.00> resul
[15:27:00.735] [ARM-RX] t: 90.00 119.58 -50.43 0.00 80.01 0.00
[15:27:00.735] [ARM-RX] [188] <0.00 -130.00 -15.00> result: 90.00 119.58 -50.43 0.00 80.01 0.00
[15:27:00.736] [ARM-RX] [189] <0.00 -130.00 -15.00> result: 90.00 119.58 -50.43 0.00 80.01 0.00
[15:27:00.736] [ARM-RX] [190] <0.00 -130.00 -15.00> result: 90.00 119.58 -50.43 0.00 80.01 0.0
[15:27:00.757] [ARM-RX] 0
[15:27:00.757] [ARM-RX] [191] <0.00 -130.00 -15.00> result: 90.00 119.58 -50.43 0.00 80.01 0.00
[15:27:00.757] [ARM-RX] [192] <0.00 -130.00 -15.00> result: 90.00 119.58 -50.43 0.00 80.01 0.00
[15:27:00.758] [ARM-RX] [193] <0.00 -130.00 -15.00> result: 90.00 119.58 -50.43 0.00 80.01 0.00
[15:27:00.758] [ARM-RX] [194] <0.00 -130.00 -15.00> result
[15:27:00.780] [ARM-RX] : 90.00 119.58 -50.43 0.00 80.01 0.00
[15:27:00.780] [ARM-RX] [195] <0.00 -130.00 -15.00> result: 90.00 119.58 -50.43 0.00 80.01 0.00
[15:27:00.780] [ARM-RX] [196] <0.00 -130.00 -15.00> result: 90.00 119.58 -50.43 0.00 80.01 0.00
[15:27:00.781] [ARM-RX] [197] <0.00 -130.00 -15.00> result: 90.00 119.58 -50.43 0.00 80.01 0.00
[15:27:00.803] [ARM-RX] [198] <0.00 -130.00 -15.00> result: 90.00 119.58 -50.43 0.00 80.01 0.00
[15:27:00.803] [ARM-RX] [199] <0.00 -130.00 -15.00> result: 90.00 119.58 -50.43 0.00 80.01 0.00
[15:27:00.803] [ARM-RX] [200] <0.00 -130.00 -15.00> result: 90.00 119.58 -50.43 0.00 80.01 0.00
[15:27:00.803] [ARM-RX] [201] <0.00 -130.00 -15.00> result:
[15:27:00.826] [ARM-RX] 90.00 119.58 -50.43 0.00 80.01 0.00
[15:27:00.826] [ARM-RX] [202] <0.00 -130.00 -15.00> result: 90.00 119.58 -50.43 0.00 80.01 0.00
[15:27:00.826] [ARM-RX] [203] <0.00 -130.00 -15.00> result: 90.00 119.58 -50.43 0.00 80.01 0.00
[15:27:00.826] [ARM-RX] [204] <0.00 -130.00 -15.00> result: 90.00 119.58 -50.43 0.00 80.01 0.00
[15:27:00.849] [ARM-RX] [205] <0.00 -130.00 -15.00> result: 90.00 119.58 -50.43 0.00 80.01 0.00
[15:27:00.849] [ARM-RX] [206] <0.00 -130.00 -15.00> result: 90.00 119.58 -50.43 0.00 80.01 0.00
[15:27:00.849] [ARM-RX] [207] <0.00 -130.00 -15.00> result: 90.00 119.58 -50.43 0.00 80.01 0.00
[15:27:00.849] [ARM-RX] [208] <0.00 -130.00 -15.00> result:
[15:27:00.871] [ARM-RX] 90.00 119.58 -50.43 0.00 80.01 0.00
[15:27:00.871] [ARM-RX] [209] <0.00 -130.00 -15.00> result: 90.00 119.58 -50.43 0.00 80.01 0.00
[15:27:00.871] [ARM-RX] [210] <0.00 -130.00 -15.00> result: 90.00 119.58 -50.43 0.00 80.01 0.00
[15:27:00.871] [ARM-RX] [211] <0.00 -130.00 -15.00> result: 90.00 119.58 -50.43 0.00 80.01 0.00
[15:27:00.894] [ARM-RX] [212] <0.00 -130.00 -15.00> result: 90.00 119.58 -50.43 0.00 80.01 0.00
[15:27:00.895] [ARM-RX] [213] <0.00 -130.00 -15.00> result: 90.00 119.58 -50.43 0.00 80.01 0.00
[15:27:00.895] [ARM-RX] [214] <0.00 -130.00 -15.00> result: 90.00 119.58 -50.43 0.00 80.01 0.00
[15:27:00.895] [ARM-RX] [215] <0.00 -130.00 -15.00> result: 9
[15:27:00.929] [ARM-RX] 0.00 119.58 -50.43 0.00 80.01 0.00
[15:27:00.929] [ARM-RX] [216] <0.00 -130.00 -15.00> result: 90.00 119.58 -50.43 0.00 80.01 0.00
[15:27:00.929] [ARM-RX] [217] <0.00 -130.00 -15.00> result: 90.00 119.58 -50.43 0.00 80.01 0.00
[15:27:00.930] [ARM-RX] [218] <0.00 -130.00 -15.00> result: 90.00 119.58 -50.43 0.00 80.01 0.00
[15:27:00.930] [ARM-RX] [
[15:27:00.952] [ARM-RX] 219] <0.00 -130.00 -15.00> result: 90.00 119.58 -50.43 0.00 80.01 0.00
[15:27:00.953] [ARM-RX] [220] <0.00 -130.00 -15.00> result: 90.00 119.58 -50.43 0.00 80.01 0.00
[15:27:00.953] [ARM-RX] [221] <0.00 -130.00 -15.00> result: 90.00 119.58 -50.43 0.00 80.01 0.00
[15:27:00.953] [ARM-RX] [222] <0.00 -130.00 -15.00> result: 90
[15:27:00.976] [ARM-RX] .00 119.58 -50.43 0.00 80.01 0.00
[15:27:00.976] [ARM-RX] [223] <0.00 -130.00 -15.00> result: 90.00 119.58 -50.43 0.00 80.01 0.00
[15:27:00.976] [ARM-RX] [224] <0.00 -130.00 -15.00> result: 90.00 119.58 -50.43 0.00 80.01 0.00
[15:27:00.977] [ARM-RX] [225] <0.00 -130.00 -15.00> result: 90.00 119.58 -50.43 0.00 80.01 0.00
[15:27:00.977] [ARM-RX] [2
[15:27:00.998] [ARM-RX] 26] <0.00 -130.00 -15.00> result: 90.00 119.58 -50.43 0.00 80.01 0.00
[15:27:00.998] [ARM-RX] [227] <0.00 -130.00 -15.00> result: 90.00 119.58 -50.43 0.00 80.01 0.00
[15:27:00.998] [ARM-RX] [228] <0.00 -130.00 -15.00> result: 90.00 119.58 -50.43 0.00 80.01 0.00
[15:27:00.998] [ARM-RX] [229] <0.00 -130.00 -15.00> result: 90.
[15:27:01.021] [ARM-RX] 00 119.58 -50.43 0.00 80.01 0.00
[15:27:01.021] [ARM-RX] [230] <0.00 -130.00 -15.00> result: 90.00 119.58 -50.43 0.00 80.01 0.00
[15:27:01.021] [ARM-RX] [231] <0.00 -130.00 -15.00> result: 90.00 119.58 -50.43 0.00 80.01 0.00
[15:27:01.021] [ARM-RX] [232] <0.00 -130.00 -15.00> result: 90.00 119.58 -50.43 0.00 80.01 0.00
[15:27:01.022] [ARM-RX] [23
[15:27:01.044] [ARM-RX] 3] <0.00 -130.00 -15.00> result: 90.00 119.58 -50.43 0.00 80.01 0.00
[15:27:01.044] [ARM-RX] [234] <0.00 -130.00 -15.00> result: 90.00 119.58 -50.43 0.00 80.01 0.00
[15:27:01.044] [ARM-RX] [235] <0.00 -130.00 -15.00> result: 90.00 119.58 -50.43 0.00 80.01 0.00
[15:27:01.045] [ARM-RX] [236] <0.00 -130.00 -15.00> result: 90.0
[15:27:01.071] [ARM-RX] 0 119.58 -50.43 0.00 80.01 0.00
[15:27:01.071] [ARM-RX] [237] <0.00 -130.00 -15.00> result: 90.00 119.58 -50.43 0.00 80.01 0.00
[15:27:01.075] [ARM-RX] [238] <0.00 -130.00 -15.00> result: 90.00 119.58 -50.43 0.00 80.01 0.00
[15:27:01.075] [ARM-RX] [239] <0.00 -130.00 -15.00> result: 90.00 119.58 -50.43 0.00 80.01 0.00
[15:27:01.075] [ARM-RX] [240
[15:27:01.101] [ARM-RX] ] <0.00 -130.00 -15.00> result: 90.00 119.58 -50.43 0.00 80.01 0.00
[15:27:01.101] [ARM-RX] [241] <0.00 -130.00 -15.00> result: 90.00 119.58 -50.43 0.00 80.01 0.00
[15:27:01.101] [ARM-RX] [242] <0.00 -130.00 -15.00> result: 90.00 119.58 -50.43 0.00 80.01 0.00
[15:27:01.102] [ARM-RX] [243] <0.00 -130.00 -15.00> result: 90.00
[15:27:01.124] [ARM-RX] 119.58 -50.43 0.00 80.01 0.00
[15:27:01.124] [ARM-RX] [244] <0.00 -130.00 -15.00> result: 90.00 119.58 -50.43 0.00 80.01 0.00
[15:27:01.124] [ARM-RX] [245] <0.00 -130.00 -15.00> result: 90.00 119.58 -50.43 0.00 80.01 0.00
[15:27:01.124] [ARM-RX] [246] <0.00 -130.00 -15.00> result: 90.00 119.58 -50.43 0.00 80.01 0.00
[15:27:01.124] [ARM-RX] [247]
[15:27:01.147] [ARM-RX] <0.00 -130.00 -15.00> result: 90.00 119.58 -50.43 0.00 80.01 0.00
[15:27:01.147] [ARM-RX] [248] <0.00 -130.00 -15.00> result: 90.00 119.58 -50.43 0.00 80.01 0.00
[15:27:01.147] [ARM-RX] [249] <0.00 -130.00 -15.00> result: 90.00 119.58 -50.43 0.00 80.01 0.00
[15:27:01.147] [ARM-RX] [250] <0.00 -130.00 -15.00> result: 90.00
[15:27:01.170] [ARM-RX] 119.58 -50.43 0.00 80.01 0.00
[15:27:01.170] [ARM-RX] [251] <0.00 -130.00 -15.00> result: 90.00 119.58 -50.43 0.00 80.01 0.00
[15:27:01.170] [ARM-RX] [252] <0.00 -130.00 -15.00> result: 90.00 119.58 -50.43 0.00 80.01 0.00
[15:27:01.171] [ARM-RX] [253] <0.00 -130.00 -15.00> result: 90.00 119.58 -50.43 0.00 80.01 0.00
[15:27:01.171] [ARM-RX] [254]
[15:27:01.192] [ARM-RX] <0.00 -130.00 -15.00> result: 90.00 119.58 -50.43 0.00 80.01 0.00
[15:27:01.193] [ARM-RX] [255] <0.00 -130.00 -15.00> result: 90.00 119.58 -50.43 0.00 80.01 0.00
[15:27:01.193] [ARM-RX] [256] <0.00 -130.00 -15.00> result: 90.00 119.58 -50.43 0.00 80.01 0.00
[15:27:01.193] [ARM-RX] [257] <0.00 -130.00 -15.00> result: 90.00 1
[15:27:01.218] [ARM-RX] 19.58 -50.43 0.00 80.01 0.00
[15:27:01.220] [ARM-RX] [258] <0.00 -130.00 -15.00> result: 90.00 119.58 -50.43 0.00 80.01 0.00
[15:27:01.220] [ARM-RX] [259] <0.00 -130.00 -15.00> result: 90.00 119.58 -50.43 0.00 80.01 0.00
[15:27:01.220] [ARM-RX] [260] <0.00 -130.00 -15.00> result: 90.00 119.58 -50.43 0.00 80.01 0.00
[15:27:01.220] [ARM-RX] [JETSON
[15:27:01.277] [ARM-RX] _RX] heartbeat seq=94
[15:27:03.940] [ARM-RX] [joint 1] ave_error:0.00
[15:27:03.940] [ARM-RX] [joint 2] ave_error:7.21
[15:27:03.941] [ARM-RX] [joint 3] ave_error:7.68
[15:27:03.941] [ARM-RX] [joint 4] ave_error:0.00
[15:27:03.941] [ARM-RX] [joint 5] ave_error:1.15
[15:27:03.941] [ARM-RX] robot pid run finished!!
[15:27:04.794] [ARM-RX] AUTO final confirm failed: joint 2 err=11.81deg tol=3.00, pose invalid.
[15:27:04.794] [ARM-RX] J1 cur=90.00 target=90.00 err=0.00
[15:27:04.796] [ARM-RX] J2 cur=130.10 target=119.58 err=-10.52
[15:27:04.796] [ARM-RX] J3 cur=-38.63 target=-50.43 err=-11.81
[15:27:04.796] [ARM-RX] J4 cur=0.00 target=0.00 err=0.00
[15:27:04.796] [ARM-RX] J5 cur=79.72 target=80.
[15:27:04.853] [ARM-RX] 01 err=0.29
[15:28:35.636] [ARM-RX] [JETSON_RX] crc failed type=0x01 rx=0x0101 calc=0x5143
[15:32:19.708] [ARM-RX] [JETSON_RX] crc failed type=0x01 rx=0x5AA5 calc=0x906A
[15:33:45.737] [ARM-RX] [JETSON_RX] crc failed type=0x01 rx=0xA5B4 calc=0x84B4
[15:42:23.243] [ARM-RX] [JETSON_RX] crc failed type=0x01 rx=0x5AA5 calc=0x208A
[15:46:07.629] [ARM-RX] [JETSON_RX] crc failed type=0x01 rx=0x015A calc=0x1EB4
[15:55:18.943] [ARM-INFO] opened COM7 @ 115200
[15:55:19.440] [ARM-INFO] opened COM7 @ 115200
[15:55:19.768] [JETSON-INFO] opened COM14 @ 115200
[15:55:20.148] [ARM-INFO] opened COM7 @ 115200
[15:55:20.784] [JETSON-INFO] opened COM14 @ 115200
[15:55:20.788] [JETSON-INFO] heartbeat started: 200 ms
[15:55:22.125] [APP-INFO] 已刷新串口: COM7, COM16, COM22, COM21, COM14
[15:55:22.628] [APP-INFO] 已刷新串口: COM7, COM16, COM22, COM21, COM14
[15:55:26.397] [ARM-TX] 发送命令 soft_reset: soft_reset
[15:55:36.497] [ARM-ERROR] ClearCommError failed (PermissionError(13, '设备不识别此命令。', None, 22))
[15:56:11.183] [ARM-INFO] 已关闭串口
[15:56:11.722] [JETSON-INFO] 已停止周期视觉发送
[15:56:11.724] [JETSON-INFO] heartbeat stopped
[15:56:11.725] [JETSON-INFO] 已关闭串口
[15:56:12.611] [APP-INFO] 已刷新串口: COM7, COM16, COM22, COM21, COM14
[15:56:12.810] [APP-INFO] 已刷新串口: COM7, COM16, COM22, COM21, COM14
[15:56:16.783] [ARM-INFO] opened COM7 @ 115200
[15:56:17.137] [JETSON-INFO] opened COM14 @ 115200
[15:56:17.140] [JETSON-INFO] heartbeat started: 200 ms
[15:56:17.693] [APP-INFO] 已刷新串口: COM7, COM16, COM22, COM21, COM14
[15:56:19.185] [ARM-TX] 发送命令 soft_reset: soft_reset
[15:56:19.206] [ARM-RX] uart cmd parse error: 'uart cmd parse erro:��'
[15:56:21.443] [ARM-TX] 发送命令 soft_reset: soft_reset
[15:56:21.652] [ARM-RX] Found handler for 'soft_reset', executing...
[15:56:21.714] [ARM-RX] Soft reset motors enabled (J1~J5, J6 skipped).
[15:56:21.714] [ARM-RX] Soft resetting joint 4...
[15:56:21.714] [ARM-RX] robot_update_current_angle 4...
[15:56:21.714] [ARM-RX] [4] current:90.00, target:90.00, dir:-1
[15:56:21.837] [ARM-RX] Soft resetting joint 3...
[15:56:21.900] [ARM-RX] robot_update_current_angle 3...
[15:56:21.900] [ARM-RX] [3] current:0.00, target:0.00, dir:-1
[15:56:22.024] [ARM-RX] Soft resetting joint 1...
[15:56:22.024] [ARM-RX] robot_update_current_angle 1...
[15:56:22.024] [ARM-RX] [1] current:90.00, target:90.00, dir:-1
[15:56:22.149] [ARM-RX] Soft resetting joint 2...
[15:56:22.149] [ARM-RX] robot_update_current_angle 2...
[15:56:22.149] [ARM-RX] [2] current:-90.00, target:-90.00, dir:1
[15:56:22.272] [ARM-RX] Soft resetting joint 0...
[15:56:22.334] [ARM-RX] robot_update_current_angle 0...
[15:56:22.334] [ARM-RX] [0] current:90.00, target:90.00, dir:-1
[15:56:22.521] [ARM-RX] soft reset final verify PASS (issues:0), pose set HOME.
[15:56:24.138] [ARM-TX] 发送命令 auto 0 -130 -15: auto 0 -130 -15
[15:56:24.177] [ARM-RX] Found handler for 'auto', executing...
[15:56:24.177] [ARM-RX] ROBOT_AUTO_EVENT
[15:56:24.177] [ARM-RX] [0] <0.00 0.00 0.00> result: 90.00 90.00 -90.00 0.00 90.00 0.00
[15:56:24.178] [ARM-RX] [1] <0.00 -0.00 -0.00> result: 90.00 90.00 -90.00 0.00 90.00 0.00
[15:56:24.178] [ARM-RX] [2] <0.00 -0.00 -0.00> result: 90.00 90.00 -90.00 0.00 90.00 0.00
[15:56:24.178] [ARM-RX] [
[15:56:24.199] [ARM-RX] 3] <0.00 -0.01 -0.00> result: 90.00 90.00 -90.00 0.00 90.00 0.00
[15:56:24.200] [ARM-RX] [4] <0.00 -0.01 -0.00> result: 90.00 90.00 -90.00 0.00 90.00 0.00
[15:56:24.200] [ARM-RX] [5] <0.00 -0.02 -0.00> result: 90.00 90.01 -89.99 0.00 90.00 0.00
[15:56:24.200] [ARM-RX] [6] <0.00 -0.03 -0.00> result: 90.00 90.01 -89.99 0.00 9
[15:56:24.223] [ARM-RX] 0.00 0.00
[15:56:24.223] [ARM-RX] [7] <0.00 -0.05 -0.01> result: 90.00 90.02 -89.99 0.00 90.01 0.00
[15:56:24.224] [ARM-RX] [8] <0.00 -0.07 -0.01> result: 90.00 90.03 -89.98 0.00 90.01 0.00
[15:56:24.224] [ARM-RX] [9] <0.00 -0.10 -0.01> result: 90.00 90.04 -89.97 0.00 90.01 0.00
[15:56:24.224] [ARM-RX] [10] <0.00 -0.14 -0.02> result: 90.00 90.06
[15:56:24.250] [ARM-RX] -89.96 0.00 90.02 0.00
[15:56:24.250] [ARM-RX] [11] <0.00 -0.18 -0.02> result: 90.00 90.08 -89.95 0.00 90.02 0.00
[15:56:24.250] [ARM-RX] [12] <0.00 -0.23 -0.03> result: 90.00 90.10 -89.94 0.00 90.03 0.00
[15:56:24.251] [ARM-RX] [13] <0.00 -0.29 -0.03> result: 90.00 90.12 -89.92 0.00 90.04 0.00
[15:56:24.251] [ARM-RX] [14] <0.00 -0.36 -0.04> resu
[15:56:24.270] [ARM-RX] lt: 90.00 90.15 -89.90 0.00 90.05 0.00
[15:56:24.272] [ARM-RX] [15] <0.00 -0.44 -0.05> result: 90.00 90.18 -89.88 0.00 90.06 0.00
[15:56:24.272] [ARM-RX] [16] <0.00 -0.53 -0.06> result: 90.00 90.22 -89.85 0.00 90.07 0.00
[15:56:24.272] [ARM-RX] [17] <0.00 -0.64 -0.07> result: 90.00 90.26 -89.82 0.00 90.09 0.00
[15:56:24.272] [ARM-RX] [18] <0.00 -
[15:56:24.292] [ARM-RX] 0.75 -0.09> result: 90.00 90.31 -89.79 0.00 90.10 0.00
[15:56:24.293] [ARM-RX] [19] <0.00 -0.88 -0.10> result: 90.00 90.36 -89.76 0.00 90.12 0.00
[15:56:24.293] [ARM-RX] [20] <0.00 -1.02 -0.12> result: 90.00 90.42 -89.72 0.00 90.14 0.00
[15:56:24.293] [ARM-RX] [21] <0.00 -1.18 -0.14> result: 90.00 90.48 -89.68 0.00 90.16 0.
[15:56:24.316] [ARM-RX] 00
[15:56:24.316] [ARM-RX] [22] <0.00 -1.35 -0.16> result: 90.00 90.55 -89.63 0.00 90.18 0.00
[15:56:24.316] [ARM-RX] [23] <0.00 -1.53 -0.18> result: 90.00 90.62 -89.58 0.00 90.20 0.00
[15:56:24.316] [ARM-RX] [24] <0.00 -1.73 -0.20> result: 90.00 90.70 -89.52 0.00 90.22 0.00
[15:56:24.317] [ARM-RX] [25] <0.00 -1.95 -0.23> result: 90.00 90.79 -89.
[15:56:24.348] [ARM-RX] 46 0.00 90.25 0.00
[15:56:24.350] [ARM-RX] [26] <0.00 -2.19 -0.25> result: 90.00 90.88 -89.39 0.00 90.28 0.00
[15:56:24.350] [ARM-RX] [27] <0.00 -2.44 -0.28> result: 90.00 90.98 -89.32 0.00 90.31 0.00
[15:56:24.350] [ARM-RX] [28] <0.00 -2.71 -0.31> result: 90.00 91.09 -89.25 0.00 90.34 0.00
[15:56:24.350] [ARM-RX] [29] <0.00 -3.00 -0.35> result:
[15:56:24.376] [ARM-RX] 90.00 91.20 -89.17 0.00 90.37 0.00
[15:56:24.377] [ARM-RX] [30] <0.00 -3.31 -0.38> result: 90.00 91.32 -89.08 0.00 90.40 0.00
[15:56:24.377] [ARM-RX] [31] <0.00 -3.64 -0.42> result: 90.00 91.45 -88.99 0.00 90.44 0.00
[15:56:24.377] [ARM-RX] [32] <0.00 -3.99 -0.46> result: 90.00 91.58 -88.89 0.00 90.47 0.00
[15:56:24.377] [ARM-RX] [33] <0.00 -4.37
[15:56:24.395] [ARM-RX] -0.50> result: 90.00 91.72 -88.79 0.00 90.51 0.00
[15:56:24.395] [ARM-RX] [34] <0.00 -4.76 -0.55> result: 90.00 91.87 -88.68 0.00 90.54 0.00
[15:56:24.397] [ARM-RX] [35] <0.00 -5.17 -0.60> result: 90.00 92.02 -88.56 0.00 90.58 0.00
[15:56:24.397] [ARM-RX] [36] <0.00 -5.61 -0.65> result: 90.00 92.18 -88.44 0.00 90.62 0.00
[15:56:24.417] [ARM-RX] [37] <0.00 -6.07 -0.70> result: 90.00 92.35 -88.31 0.00 90.66 0.00
[15:56:24.419] [ARM-RX] [38] <0.00 -6.56 -0.76> result: 90.00 92.52 -88.17 0.00 90.69 0.00
[15:56:24.419] [ARM-RX] [39] <0.00 -7.07 -0.82> result: 90.00 92.70 -88.03 0.00 90.73 0.00
[15:56:24.419] [ARM-RX] [40] <0.00 -7.60 -0.88> result: 90.00 92.89 -87.88 0
[15:56:24.441] [ARM-RX] .00 90.77 0.00
[15:56:24.441] [ARM-RX] [41] <0.00 -8.16 -0.94> result: 90.00 93.08 -87.72 0.00 90.81 0.00
[15:56:24.441] [ARM-RX] [42] <0.00 -8.74 -1.01> result: 90.00 93.28 -87.56 0.00 90.84 0.00
[15:56:24.441] [ARM-RX] [43] <0.00 -9.35 -1.08> result: 90.00 93.49 -87.39 0.00 90.88 0.00
[15:56:24.442] [ARM-RX] [44] <0.00 -9.98 -1.15> result: 90.0
[15:56:24.465] [ARM-RX] 0 93.70 -87.21 0.00 90.91 0.00
[15:56:24.465] [ARM-RX] [45] <0.00 -10.64 -1.23> result: 90.00 93.92 -87.02 0.00 90.94 0.00
[15:56:24.465] [ARM-RX] [46] <0.00 -11.33 -1.31> result: 90.00 94.15 -86.83 0.00 90.97 0.00
[15:56:24.466] [ARM-RX] [47] <0.00 -12.04 -1.39> result: 90.00 94.38 -86.62 0.00 91.00 0.00
[15:56:24.466] [ARM-RX] [48] <0.00 -12.78
[15:56:24.487] [ARM-RX] -1.47> result: 90.00 94.62 -86.41 0.00 91.03 0.00
[15:56:24.487] [ARM-RX] [49] <0.00 -13.55 -1.56> result: 90.00 94.86 -86.19 0.00 91.05 0.00
[15:56:24.487] [ARM-RX] [50] <0.00 -14.34 -1.66> result: 90.00 95.11 -85.96 0.00 91.07 0.00
[15:56:24.487] [ARM-RX] [51] <0.00 -15.17 -1.75> result: 90.00 95.36 -85.73 0.00 91.09 0.0
[15:56:24.509] [ARM-RX] 0
[15:56:24.509] [ARM-RX] [52] <0.00 -16.02 -1.85> result: 90.00 95.62 -85.48 0.00 91.11 0.00
[15:56:24.509] [ARM-RX] [53] <0.00 -16.90 -1.95> result: 90.00 95.89 -85.23 0.00 91.12 0.00
[15:56:24.509] [ARM-RX] [54] <0.00 -17.81 -2.05> result: 90.00 96.16 -84.97 0.00 91.13 0.00
[15:56:24.510] [ARM-RX] [55] <0.00 -18.75 -2.16> result: 90.00 96.43 -
[15:56:24.544] [ARM-RX] 84.70 0.00 91.13 0.00
[15:56:24.544] [ARM-RX] [56] <0.00 -19.71 -2.27> result: 90.00 96.71 -84.42 0.00 91.13 0.00
[15:56:24.544] [ARM-RX] [57] <0.00 -20.71 -2.39> result: 90.00 96.99 -84.13 0.00 91.13 0.00
[15:56:24.544] [ARM-RX] [58] <0.00 -21.74 -2.51> result: 90.00 97.28 -83.84 0.00 91.12 0.00
[15:56:24.544] [ARM-RX] [59] <0.00 -22.79 -2.63> r
[15:56:24.566] [ARM-RX] esult: 90.00 97.57 -83.53 0.00 91.11 0.00
[15:56:24.567] [ARM-RX] [60] <0.00 -23.88 -2.75> result: 90.00 97.87 -83.22 0.00 91.09 0.00
[15:56:24.567] [ARM-RX] [61] <0.00 -24.99 -2.88> result: 90.00 98.17 -82.89 0.00 91.06 0.00
[15:56:24.567] [ARM-RX] [62] <0.00 -26.13 -3.02> result: 90.00 98.48 -82.56 0.00 91.04 0.00
[15:56:24.567] [ARM-RX] [63] <
[15:56:24.590] [ARM-RX] 0.00 -27.31 -3.15> result: 90.00 98.78 -82.22 0.00 91.00 0.00
[15:56:24.590] [ARM-RX] [64] <0.00 -28.51 -3.29> result: 90.00 99.10 -81.87 0.00 90.96 0.00
[15:56:24.590] [ARM-RX] [65] <0.00 -29.74 -3.43> result: 90.00 99.41 -81.51 0.00 90.92 0.00
[15:56:24.591] [ARM-RX] [66] <0.00 -31.01 -3.58> result: 90.00 99.73 -81.14 0.0
[15:56:24.617] [ARM-RX] 0 90.87 0.00
[15:56:24.617] [ARM-RX] [67] <0.00 -32.30 -3.73> result: 90.00 100.05 -80.76 0.00 90.81 0.00
[15:56:24.617] [ARM-RX] [68] <0.00 -33.62 -3.88> result: 90.00 100.38 -80.37 0.00 90.75 0.00
[15:56:24.618] [ARM-RX] [69] <0.00 -34.97 -4.04> result: 90.00 100.71 -79.97 0.00 90.68 0.00
[15:56:24.618] [ARM-RX] [70] <0.00 -36.36 -4.19> result:
[15:56:24.636] [ARM-RX] 90.00 101.04 -79.56 0.00 90.60 0.00
[15:56:24.637] [ARM-RX] [71] <0.00 -37.77 -4.36> result: 90.00 101.38 -79.15 0.00 90.52 0.00
[15:56:24.637] [ARM-RX] [72] <0.00 -39.21 -4.52> result: 90.00 101.72 -78.72 0.00 90.44 0.00
[15:56:24.637] [ARM-RX] [73] <0.00 -40.68 -4.69> result: 90.00 102.06 -78.28 0.00 90.34 0.00
[15:56:24.637] [ARM-RX] [74] <0.
[15:56:24.663] [ARM-RX] 00 -42.18 -4.87> result: 90.00 102.40 -77.84 0.00 90.24 0.00
[15:56:24.663] [ARM-RX] [75] <0.00 -43.70 -5.04> result: 90.00 102.75 -77.39 0.00 90.13 0.00
[15:56:24.664] [ARM-RX] [76] <0.00 -45.26 -5.22> result: 90.00 103.10 -76.92 0.00 90.02 0.00
[15:56:24.664] [ARM-RX] [77] <0.00 -46.85 -5.41> result: 90.00 103.45 -76.45 0
[15:56:24.681] [ARM-RX] .00 89.90 0.00
[15:56:24.681] [ARM-RX] [78] <0.00 -48.46 -5.59> result: 90.00 103.81 -75.97 0.00 89.77 0.00
[15:56:24.681] [ARM-RX] [79] <0.00 -50.10 -5.78> result: 90.00 104.17 -75.47 0.00 89.64 0.00
[15:56:24.682] [ARM-RX] [80] <0.00 -51.77 -5.97> result: 90.00 104.53 -74.97 0.00 89.50 0.00
[15:56:24.682] [ARM-RX] [81] <0.00 -53.47 -6.17> resul
[15:56:24.721] [ARM-RX] t: 90.00 104.89 -74.46 0.00 89.36 0.00
[15:56:24.721] [ARM-RX] [82] <0.00 -55.20 -6.37> result: 90.00 105.26 -73.94 0.00 89.20 0.00
[15:56:24.721] [ARM-RX] [83] <0.00 -56.95 -6.57> result: 90.00 105.63 -73.42 0.00 89.04 0.00
[15:56:24.722] [ARM-RX] [84] <0.00 -58.73 -6.78> result: 90.00 106.00 -72.88 0.00 88.88 0.00
[15:56:24.722] [ARM-RX] [85] <
[15:56:24.740] [ARM-RX] 0.00 -60.54 -6.99> result: 90.00 106.37 -72.33 0.00 88.70 0.00
[15:56:24.740] [ARM-RX] [86] <0.00 -62.37 -7.20> result: 90.00 106.75 -71.78 0.00 88.52 0.00
[15:56:24.740] [ARM-RX] [87] <0.00 -64.23 -7.41> result: 90.00 107.13 -71.21 0.00 88.34 0.00
[15:56:24.741] [ARM-RX] [88] <0.00 -66.11 -7.63> result: 90.00 107.51 -70.64
[15:56:24.763] [ARM-RX] 0.00 88.15 0.00
[15:56:24.763] [ARM-RX] [89] <0.00 -68.02 -7.85> result: 90.00 107.89 -70.06 0.00 87.95 0.00
[15:56:24.763] [ARM-RX] [90] <0.00 -69.95 -8.07> result: 90.00 108.28 -69.47 0.00 87.74 0.00
[15:56:24.764] [ARM-RX] [91] <0.00 -71.91 -8.30> result: 90.00 108.67 -68.87 0.00 87.53 0.00
[15:56:24.764] [ARM-RX] [92] <0.00 -73.89 -8.53> res
[15:56:24.786] [ARM-RX] ult: 90.00 109.06 -68.26 0.00 87.31 0.00
[15:56:24.787] [ARM-RX] [93] <0.00 -75.90 -8.76> result: 90.00 109.45 -67.64 0.00 87.09 0.00
[15:56:24.787] [ARM-RX] [94] <0.00 -77.93 -8.99> result: 90.00 109.85 -67.02 0.00 86.86 0.00
[15:56:24.787] [ARM-RX] [95] <0.00 -79.98 -9.23> result: 90.00 110.24 -66.38 0.00 86.62 0.00
[15:56:24.787] [ARM-RX] [96]
[15:56:24.808] [ARM-RX] <0.00 -82.05 -9.47> result: 90.00 110.64 -65.74 0.00 86.38 0.00
[15:56:24.808] [ARM-RX] [97] <0.00 -84.15 -9.71> result: 90.00 111.04 -65.09 0.00 86.13 0.00
[15:56:24.809] [ARM-RX] [98] <0.00 -86.26 -9.95> result: 90.00 111.45 -64.43 0.00 85.88 0.00
[15:56:24.809] [ARM-RX] [99] <0.00 -88.40 -10.20> result: 90.00 111.86 -63
[15:56:24.831] [ARM-RX] .77 0.00 85.62 0.00
[15:56:24.832] [ARM-RX] [100] <0.00 -90.56 -10.45> result: 90.00 112.26 -63.09 0.00 85.36 0.00
[15:56:24.832] [ARM-RX] [101] <0.00 -92.73 -10.70> result: 90.00 112.67 -62.41 0.00 85.09 0.00
[15:56:24.832] [ARM-RX] [102] <0.00 -94.93 -10.95> result: 90.00 113.09 -61.72 0.00 84.81 0.00
[15:56:24.832] [ARM-RX] [103] <0.00 -97.14
[15:56:24.854] [ARM-RX] -11.21> result: 90.00 113.50 -61.02 0.00 84.53 0.00
[15:56:24.854] [ARM-RX] [104] <0.00 -99.37 -11.47> result: 90.00 113.92 -60.32 0.00 84.24 0.00
[15:56:24.855] [ARM-RX] [105] <0.00 -101.62 -11.73> result: 90.00 114.34 -59.61 0.00 83.95 0.00
[15:56:24.855] [ARM-RX] [106] <0.00 -103.88 -11.99> result: 90.00 114.76 -58.89 0.
[15:56:24.877] [ARM-RX] 00 83.65 0.00
[15:56:24.877] [ARM-RX] [107] <0.00 -106.16 -12.25> result: 90.00 115.18 -58.16 0.00 83.35 0.00
[15:56:24.877] [ARM-RX] [108] <0.00 -108.46 -12.51> result: 90.00 115.61 -57.43 0.00 83.04 0.00
[15:56:24.877] [ARM-RX] [109] <0.00 -110.77 -12.78> result: 90.00 116.04 -56.69 0.00 82.72 0.00
[15:56:24.878] [ARM-RX] [110] <0.00 -113.10 -1
[15:56:24.917] [ARM-RX] 3.05> result: 90.00 116.47 -55.94 0.00 82.41 0.00
[15:56:24.917] [ARM-RX] [111] <0.00 -115.44 -13.32> result: 90.00 116.90 -55.19 0.00 82.08 0.00
[15:56:24.919] [ARM-RX] [112] <0.00 -117.79 -13.59> result: 90.00 117.33 -54.43 0.00 81.76 0.00
[15:56:24.919] [ARM-RX] [113] <0.00 -120.15 -13.86> result: 90.00 117.77 -53.66 0.0
[15:56:24.934] [ARM-RX] 0 81.42 0.00
[15:56:24.934] [ARM-RX] [114] <0.00 -122.53 -14.14> result: 90.00 118.20 -52.88 0.00 81.09 0.00
[15:56:24.934] [ARM-RX] [115] <0.00 -124.91 -14.41> result: 90.00 118.64 -52.10 0.00 80.75 0.00
[15:56:24.934] [ARM-RX] [116] <0.00 -127.31 -14.69> result: 90.00 119.08 -51.32 0.00 80.40 0.00
[15:56:24.934] [ARM-RX] [117] <0.00 -129.72 -14
[15:56:24.957] [ARM-RX] .97> result: 90.00 119.52 -50.53 0.00 80.05 0.00
[15:56:24.957] [ARM-RX] [118] <0.00 -130.00 -15.00> result: 90.00 119.58 -50.43 0.00 80.01 0.00
[15:56:24.958] [ARM-RX] [119] <0.00 -130.00 -15.00> result: 90.00 119.58 -50.43 0.00 80.01 0.00
[15:56:24.958] [ARM-RX] [120] <0.00 -130.00 -15.00> result: 90.00 119.58 -50.43 0.00
[15:56:24.980] [ARM-RX] 80.01 0.00
[15:56:24.980] [ARM-RX] [121] <0.00 -130.00 -15.00> result: 90.00 119.58 -50.43 0.00 80.01 0.00
[15:56:24.980] [ARM-RX] [122] <0.00 -130.00 -15.00> result: 90.00 119.58 -50.43 0.00 80.01 0.00
[15:56:24.980] [ARM-RX] [123] <0.00 -130.00 -15.00> result: 90.00 119.58 -50.43 0.00 80.01 0.00
[15:56:24.981] [ARM-RX] [124] <0.00 -130.00 -15.
[15:56:25.005] [ARM-RX] 00> result: 90.00 119.58 -50.43 0.00 80.01 0.00
[15:56:25.005] [ARM-RX] [125] <0.00 -130.00 -15.00> result: 90.00 119.58 -50.43 0.00 80.01 0.00
[15:56:25.005] [ARM-RX] [126] <0.00 -130.00 -15.00> result: 90.00 119.58 -50.43 0.00 80.01 0.00
[15:56:25.006] [ARM-RX] [127] <0.00 -130.00 -15.00> result: 90.00 119.58 -50.43 0.00
[15:56:25.027] [ARM-RX] 80.01 0.00
[15:56:25.027] [ARM-RX] [128] <0.00 -130.00 -15.00> result: 90.00 119.58 -50.43 0.00 80.01 0.00
[15:56:25.028] [ARM-RX] [129] <0.00 -130.00 -15.00> result: 90.00 119.58 -50.43 0.00 80.01 0.00
[15:56:25.028] [ARM-RX] [130] <0.00 -130.00 -15.00> result: 90.00 119.58 -50.43 0.00 80.01 0.00
[15:56:25.028] [ARM-RX] [131] <0.00 -130.00 -15.0
[15:56:25.048] [ARM-RX] 0> result: 90.00 119.58 -50.43 0.00 80.01 0.00
[15:56:25.049] [ARM-RX] [132] <0.00 -130.00 -15.00> result: 90.00 119.58 -50.43 0.00 80.01 0.00
[15:56:25.049] [ARM-RX] [133] <0.00 -130.00 -15.00> result: 90.00 119.58 -50.43 0.00 80.01 0.00
[15:56:25.049] [ARM-RX] [134] <0.00 -130.00 -15.00> result: 90.00 119.58 -50.43 0.00 8
[15:56:25.083] [ARM-RX] 0.01 0.00
[15:56:25.084] [ARM-RX] [135] <0.00 -130.00 -15.00> result: 90.00 119.58 -50.43 0.00 80.01 0.00
[15:56:25.084] [ARM-RX] [136] <0.00 -130.00 -15.00> result: 90.00 119.58 -50.43 0.00 80.01 0.00
[15:56:25.084] [ARM-RX] [137] <0.00 -130.00 -15.00> result: 90.00 119.58 -50.43 0.00 80.01 0.00
[15:56:25.084] [ARM-RX] [138] <0.00 -130.00 -15.00
[15:56:25.106] [ARM-RX] > result: 90.00 119.58 -50.43 0.00 80.01 0.00
[15:56:25.106] [ARM-RX] [139] <0.00 -130.00 -15.00> result: 90.00 119.58 -50.43 0.00 80.01 0.00
[15:56:25.106] [ARM-RX] [140] <0.00 -130.00 -15.00> result: 90.00 119.58 -50.43 0.00 80.01 0.00
[15:56:25.106] [ARM-RX] [141] <0.00 -130.00 -15.00> result: 90.00 119.58 -50.43 0.00 80
[15:56:25.129] [ARM-RX] .01 0.00
[15:56:25.130] [ARM-RX] [142] <0.00 -130.00 -15.00> result: 90.00 119.58 -50.43 0.00 80.01 0.00
[15:56:25.130] [ARM-RX] [143] <0.00 -130.00 -15.00> result: 90.00 119.58 -50.43 0.00 80.01 0.00
[15:56:25.130] [ARM-RX] [144] <0.00 -130.00 -15.00> result: 90.00 119.58 -50.43 0.00 80.01 0.00
[15:56:25.130] [ARM-RX] [145] <0.00 -130.00 -15.00>
[15:56:25.155] [ARM-RX] result: 90.00 119.58 -50.43 0.00 80.01 0.00
[15:56:25.155] [ARM-RX] [146] <0.00 -130.00 -15.00> result: 90.00 119.58 -50.43 0.00 80.01 0.00
[15:56:25.155] [ARM-RX] [147] <0.00 -130.00 -15.00> result: 90.00 119.58 -50.43 0.00 80.01 0.00
[15:56:25.155] [ARM-RX] [148] <0.00 -130.00 -15.00> result: 90.00 119.58 -50.43 0.00 80.
[15:56:25.175] [ARM-RX] 01 0.00
[15:56:25.175] [ARM-RX] [149] <0.00 -130.00 -15.00> result: 90.00 119.58 -50.43 0.00 80.01 0.00
[15:56:25.176] [ARM-RX] [150] <0.00 -130.00 -15.00> result: 90.00 119.58 -50.43 0.00 80.01 0.00
[15:56:25.176] [ARM-RX] [151] <0.00 -130.00 -15.00> result: 90.00 119.58 -50.43 0.00 80.01 0.00
[15:56:25.176] [ARM-RX] [152] <0.00 -130.00 -15.00>
[15:56:25.199] [ARM-RX] result: 90.00 119.58 -50.43 0.00 80.01 0.00
[15:56:25.199] [ARM-RX] [153] <0.00 -130.00 -15.00> result: 90.00 119.58 -50.43 0.00 80.01 0.00
[15:56:25.199] [ARM-RX] [154] <0.00 -130.00 -15.00> result: 90.00 119.58 -50.43 0.00 80.01 0.00
[15:56:25.199] [ARM-RX] [155] <0.00 -130.00 -15.00> result: 90.00 119.58 -50.43 0.00 80.0
[15:56:25.221] [ARM-RX] 1 0.00
[15:56:25.222] [ARM-RX] [156] <0.00 -130.00 -15.00> result: 90.00 119.58 -50.43 0.00 80.01 0.00
[15:56:25.222] [ARM-RX] [157] <0.00 -130.00 -15.00> result: 90.00 119.58 -50.43 0.00 80.01 0.00
[15:56:25.222] [ARM-RX] [158] <0.00 -130.00 -15.00> result: 90.00 119.58 -50.43 0.00 80.01 0.00
[15:56:25.222] [ARM-RX] [159] <0.00 -130.00 -15.00> r
[15:56:25.244] [ARM-RX] esult: 90.00 119.58 -50.43 0.00 80.01 0.00
[15:56:25.244] [ARM-RX] [160] <0.00 -130.00 -15.00> result: 90.00 119.58 -50.43 0.00 80.01 0.00
[15:56:25.245] [ARM-RX] [161] <0.00 -130.00 -15.00> result: 90.00 119.58 -50.43 0.00 80.01 0.00
[15:56:25.245] [ARM-RX] [162] <0.00 -130.00 -15.00> result: 90.00 119.58 -50.43 0.00 80.01
[15:56:25.278] [ARM-RX] 0.00
[15:56:25.279] [ARM-RX] [163] <0.00 -130.00 -15.00> result: 90.00 119.58 -50.43 0.00 80.01 0.00
[15:56:25.279] [ARM-RX] [164] <0.00 -130.00 -15.00> result: 90.00 119.58 -50.43 0.00 80.01 0.00
[15:56:25.279] [ARM-RX] [165] <0.00 -130.00 -15.00> result: 90.00 119.58 -50.43 0.00 80.01 0.00
[15:56:25.279] [ARM-RX] [166] <0.00 -130.00 -15.00> re
[15:56:25.301] [ARM-RX] sult: 90.00 119.58 -50.43 0.00 80.01 0.00
[15:56:25.302] [ARM-RX] [167] <0.00 -130.00 -15.00> result: 90.00 119.58 -50.43 0.00 80.01 0.00
[15:56:25.302] [ARM-RX] [168] <0.00 -130.00 -15.00> result: 90.00 119.58 -50.43 0.00 80.01 0.00
[15:56:25.302] [ARM-RX] [169] <0.00 -130.00 -15.00> result: 90.00 119.58 -50.43 0.00 80.01
[15:56:25.324] [ARM-RX] 0.00
[15:56:25.324] [ARM-RX] [170] <0.00 -130.00 -15.00> result: 90.00 119.58 -50.43 0.00 80.01 0.00
[15:56:25.325] [ARM-RX] [171] <0.00 -130.00 -15.00> result: 90.00 119.58 -50.43 0.00 80.01 0.00
[15:56:25.325] [ARM-RX] [172] <0.00 -130.00 -15.00> result: 90.00 119.58 -50.43 0.00 80.01 0.00
[15:56:25.325] [ARM-RX] [173] <0.00 -130.00 -15.00> res
[15:56:25.347] [ARM-RX] ult: 90.00 119.58 -50.43 0.00 80.01 0.00
[15:56:25.347] [ARM-RX] [174] <0.00 -130.00 -15.00> result: 90.00 119.58 -50.43 0.00 80.01 0.00
[15:56:25.347] [ARM-RX] [175] <0.00 -130.00 -15.00> result: 90.00 119.58 -50.43 0.00 80.01 0.00
[15:56:25.347] [ARM-RX] [176] <0.00 -130.00 -15.00> result: 90.00 119.58 -50.43 0.00 80.01 0
[15:56:25.371] [ARM-RX] .00
[15:56:25.371] [ARM-RX] [177] <0.00 -130.00 -15.00> result: 90.00 119.58 -50.43 0.00 80.01 0.00
[15:56:25.371] [ARM-RX] [178] <0.00 -130.00 -15.00> result: 90.00 119.58 -50.43 0.00 80.01 0.00
[15:56:25.371] [ARM-RX] [179] <0.00 -130.00 -15.00> result: 90.00 119.58 -50.43 0.00 80.01 0.00
[15:56:25.371] [ARM-RX] [180] <0.00 -130.00 -15.00> resu
[15:56:25.398] [ARM-RX] lt: 90.00 119.58 -50.43 0.00 80.01 0.00
[15:56:25.398] [ARM-RX] [181] <0.00 -130.00 -15.00> result: 90.00 119.58 -50.43 0.00 80.01 0.00
[15:56:25.398] [ARM-RX] [182] <0.00 -130.00 -15.00> result: 90.00 119.58 -50.43 0.00 80.01 0.00
[15:56:25.398] [ARM-RX] [183] <0.00 -130.00 -15.00> result: 90.00 119.58 -50.43 0.00 80.01 0.
[15:56:25.416] [ARM-RX] 00
[15:56:25.416] [ARM-RX] [184] <0.00 -130.00 -15.00> result: 90.00 119.58 -50.43 0.00 80.01 0.00
[15:56:25.416] [ARM-RX] [185] <0.00 -130.00 -15.00> result: 90.00 119.58 -50.43 0.00 80.01 0.00
[15:56:25.417] [ARM-RX] [186] <0.00 -130.00 -15.00> result: 90.00 119.58 -50.43 0.00 80.01 0.00
[15:56:25.417] [ARM-RX] [187] <0.00 -130.00 -15.00> resul
[15:56:25.450] [ARM-RX] t: 90.00 119.58 -50.43 0.00 80.01 0.00
[15:56:25.450] [ARM-RX] [188] <0.00 -130.00 -15.00> result: 90.00 119.58 -50.43 0.00 80.01 0.00
[15:56:25.450] [ARM-RX] [189] <0.00 -130.00 -15.00> result: 90.00 119.58 -50.43 0.00 80.01 0.00
[15:56:25.451] [ARM-RX] [190] <0.00 -130.00 -15.00> result: 90.00 119.58 -50.43 0.00 80.01 0.0
[15:56:25.473] [ARM-RX] 0
[15:56:25.473] [ARM-RX] [191] <0.00 -130.00 -15.00> result: 90.00 119.58 -50.43 0.00 80.01 0.00
[15:56:25.473] [ARM-RX] [192] <0.00 -130.00 -15.00> result: 90.00 119.58 -50.43 0.00 80.01 0.00
[15:56:25.474] [ARM-RX] [193] <0.00 -130.00 -15.00> result: 90.00 119.58 -50.43 0.00 80.01 0.00
[15:56:25.474] [ARM-RX] [194] <0.00 -130.00 -15.00> result
[15:56:25.500] [ARM-RX] : 90.00 119.58 -50.43 0.00 80.01 0.00
[15:56:25.500] [ARM-RX] [195] <0.00 -130.00 -15.00> result: 90.00 119.58 -50.43 0.00 80.01 0.00
[15:56:25.500] [ARM-RX] [196] <0.00 -130.00 -15.00> result: 90.00 119.58 -50.43 0.00 80.01 0.00
[15:56:25.501] [ARM-RX] [197] <0.00 -130.00 -15.00> result: 90.00 119.58 -50.43 0.00 80.01 0.00
[15:56:25.522] [ARM-RX] [198] <0.00 -130.00 -15.00> result: 90.00 119.58 -50.43 0.00 80.01 0.00
[15:56:25.522] [ARM-RX] [199] <0.00 -130.00 -15.00> result: 90.00 119.58 -50.43 0.00 80.01 0.00
[15:56:25.523] [ARM-RX] [200] <0.00 -130.00 -15.00> result: 90.00 119.58 -50.43 0.00 80.01 0.00
[15:56:25.523] [ARM-RX] [201] <0.00 -130.00 -15.00> result:
[15:56:25.542] [ARM-RX] 90.00 119.58 -50.43 0.00 80.01 0.00
[15:56:25.542] [ARM-RX] [202] <0.00 -130.00 -15.00> result: 90.00 119.58 -50.43 0.00 80.01 0.00
[15:56:25.542] [ARM-RX] [203] <0.00 -130.00 -15.00> result: 90.00 119.58 -50.43 0.00 80.01 0.00
[15:56:25.543] [ARM-RX] [204] <0.00 -130.00 -15.00> result: 90.00 119.58 -50.43 0.00 80.01 0.00
[15:56:25.566] [ARM-RX] [205] <0.00 -130.00 -15.00> result: 90.00 119.58 -50.43 0.00 80.01 0.00
[15:56:25.566] [ARM-RX] [206] <0.00 -130.00 -15.00> result: 90.00 119.58 -50.43 0.00 80.01 0.00
[15:56:25.566] [ARM-RX] [207] <0.00 -130.00 -15.00> result: 90.00 119.58 -50.43 0.00 80.01 0.00
[15:56:25.567] [ARM-RX] [208] <0.00 -130.00 -15.00> result:
[15:56:25.588] [ARM-RX] 90.00 119.58 -50.43 0.00 80.01 0.00
[15:56:25.588] [ARM-RX] [209] <0.00 -130.00 -15.00> result: 90.00 119.58 -50.43 0.00 80.01 0.00
[15:56:25.588] [ARM-RX] [210] <0.00 -130.00 -15.00> result: 90.00 119.58 -50.43 0.00 80.01 0.00
[15:56:25.588] [ARM-RX] [211] <0.00 -130.00 -15.00> result: 90.00 119.58 -50.43 0.00 80.01 0.00
[15:56:25.611] [ARM-RX] [212] <0.00 -130.00 -15.00> result: 90.00 119.58 -50.43 0.00 80.01 0.00
[15:56:25.611] [ARM-RX] [213] <0.00 -130.00 -15.00> result: 90.00 119.58 -50.43 0.00 80.01 0.00
[15:56:25.611] [ARM-RX] [214] <0.00 -130.00 -15.00> result: 90.00 119.58 -50.43 0.00 80.01 0.00
[15:56:25.612] [ARM-RX] [215] <0.00 -130.00 -15.00> result: 9
[15:56:25.644] [ARM-RX] 0.00 119.58 -50.43 0.00 80.01 0.00
[15:56:25.645] [ARM-RX] [216] <0.00 -130.00 -15.00> result: 90.00 119.58 -50.43 0.00 80.01 0.00
[15:56:25.645] [ARM-RX] [217] <0.00 -130.00 -15.00> result: 90.00 119.58 -50.43 0.00 80.01 0.00
[15:56:25.645] [ARM-RX] [218] <0.00 -130.00 -15.00> result: 90.00 119.58 -50.43 0.00 80.01 0.00
[15:56:25.645] [ARM-RX] [
[15:56:25.668] [ARM-RX] 219] <0.00 -130.00 -15.00> result: 90.00 119.58 -50.43 0.00 80.01 0.00
[15:56:25.668] [ARM-RX] [220] <0.00 -130.00 -15.00> result: 90.00 119.58 -50.43 0.00 80.01 0.00
[15:56:25.668] [ARM-RX] [221] <0.00 -130.00 -15.00> result: 90.00 119.58 -50.43 0.00 80.01 0.00
[15:56:25.668] [ARM-RX] [222] <0.00 -130.00 -15.00> result: 90
[15:56:25.693] [ARM-RX] .00 119.58 -50.43 0.00 80.01 0.00
[15:56:25.693] [ARM-RX] [223] <0.00 -130.00 -15.00> result: 90.00 119.58 -50.43 0.00 80.01 0.00
[15:56:25.693] [ARM-RX] [224] <0.00 -130.00 -15.00> result: 90.00 119.58 -50.43 0.00 80.01 0.00
[15:56:25.693] [ARM-RX] [225] <0.00 -130.00 -15.00> result: 90.00 119.58 -50.43 0.00 80.01 0.00
[15:56:25.693] [ARM-RX] [2
[15:56:25.713] [ARM-RX] 26] <0.00 -130.00 -15.00> result: 90.00 119.58 -50.43 0.00 80.01 0.00
[15:56:25.714] [ARM-RX] [227] <0.00 -130.00 -15.00> result: 90.00 119.58 -50.43 0.00 80.01 0.00
[15:56:25.714] [ARM-RX] [228] <0.00 -130.00 -15.00> result: 90.00 119.58 -50.43 0.00 80.01 0.00
[15:56:25.714] [ARM-RX] [229] <0.00 -130.00 -15.00> result: 90.
[15:56:25.743] [ARM-RX] 00 119.58 -50.43 0.00 80.01 0.00
[15:56:25.743] [ARM-RX] [230] <0.00 -130.00 -15.00> result: 90.00 119.58 -50.43 0.00 80.01 0.00
[15:56:25.743] [ARM-RX] [231] <0.00 -130.00 -15.00> result: 90.00 119.58 -50.43 0.00 80.01 0.00
[15:56:25.744] [ARM-RX] [232] <0.00 -130.00 -15.00> result: 90.00 119.58 -50.43 0.00 80.01 0.00
[15:56:25.744] [ARM-RX] [23
[15:56:25.760] [ARM-RX] 3] <0.00 -130.00 -15.00> result: 90.00 119.58 -50.43 0.00 80.01 0.00
[15:56:25.760] [ARM-RX] [234] <0.00 -130.00 -15.00> result: 90.00 119.58 -50.43 0.00 80.01 0.00
[15:56:25.760] [ARM-RX] [235] <0.00 -130.00 -15.00> result: 90.00 119.58 -50.43 0.00 80.01 0.00
[15:56:25.760] [ARM-RX] [236] <0.00 -130.00 -15.00> result: 90.0
[15:56:25.787] [ARM-RX] 0 119.58 -50.43 0.00 80.01 0.00
[15:56:25.787] [ARM-RX] [237] <0.00 -130.00 -15.00> result: 90.00 119.58 -50.43 0.00 80.01 0.00
[15:56:25.788] [ARM-RX] [238] <0.00 -130.00 -15.00> result: 90.00 119.58 -50.43 0.00 80.01 0.00
[15:56:25.788] [ARM-RX] [239] <0.00 -130.00 -15.00> result: 90.00 119.58 -50.43 0.00 80.01 0.00
[15:56:25.788] [ARM-RX] [240
[15:56:25.818] [ARM-RX] ] <0.00 -130.00 -15.00> result: 90.00 119.58 -50.43 0.00 80.01 0.00
[15:56:25.818] [ARM-RX] [241] <0.00 -130.00 -15.00> result: 90.00 119.58 -50.43 0.00 80.01 0.00
[15:56:25.818] [ARM-RX] [242] <0.00 -130.00 -15.00> result: 90.00 119.58 -50.43 0.00 80.01 0.00
[15:56:25.819] [ARM-RX] [243] <0.00 -130.00 -15.00> result: 90.00
[15:56:25.841] [ARM-RX] 119.58 -50.43 0.00 80.01 0.00
[15:56:25.846] [ARM-RX] [244] <0.00 -130.00 -15.00> result: 90.00 119.58 -50.43 0.00 80.01 0.00
[15:56:25.847] [ARM-RX] [245] <0.00 -130.00 -15.00> result: 90.00 119.58 -50.43 0.00 80.01 0.00
[15:56:25.847] [ARM-RX] [246] <0.00 -130.00 -15.00> result: 90.00 119.58 -50.43 0.00 80.01 0.00
[15:56:25.847] [ARM-RX] [247]
[15:56:25.863] [ARM-RX] <0.00 -130.00 -15.00> result: 90.00 119.58 -50.43 0.00 80.01 0.00
[15:56:25.863] [ARM-RX] [248] <0.00 -130.00 -15.00> result: 90.00 119.58 -50.43 0.00 80.01 0.00
[15:56:25.863] [ARM-RX] [249] <0.00 -130.00 -15.00> result: 90.00 119.58 -50.43 0.00 80.01 0.00
[15:56:25.864] [ARM-RX] [250] <0.00 -130.00 -15.00> result: 90.00
[15:56:25.886] [ARM-RX] 119.58 -50.43 0.00 80.01 0.00
[15:56:25.886] [ARM-RX] [251] <0.00 -130.00 -15.00> result: 90.00 119.58 -50.43 0.00 80.01 0.00
[15:56:25.886] [ARM-RX] [252] <0.00 -130.00 -15.00> result: 90.00 119.58 -50.43 0.00 80.01 0.00
[15:56:25.886] [ARM-RX] [253] <0.00 -130.00 -15.00> result: 90.00 119.58 -50.43 0.00 80.01 0.00
[15:56:25.886] [ARM-RX] [254]
[15:56:25.913] [ARM-RX] <0.00 -130.00 -15.00> result: 90.00 119.58 -50.43 0.00 80.01 0.00
[15:56:25.914] [ARM-RX] [255] <0.00 -130.00 -15.00> result: 90.00 119.58 -50.43 0.00 80.01 0.00
[15:56:25.914] [ARM-RX] [256] <0.00 -130.00 -15.00> result: 90.00 119.58 -50.43 0.00 80.01 0.00
[15:56:25.914] [ARM-RX] [257] <0.00 -130.00 -15.00> result: 90.00 1
[15:56:25.938] [ARM-RX] 19.58 -50.43 0.00 80.01 0.00
[15:56:25.938] [ARM-RX] [258] <0.00 -130.00 -15.00> result: 90.00 119.58 -50.43 0.00 80.01 0.00
[15:56:25.938] [ARM-RX] [259] <0.00 -130.00 -15.00> result: 90.00 119.58 -50.43 0.00 80.01 0.00
[15:56:25.938] [ARM-RX] [260] <0.00 -130.00 -15.00> result: 90.00 119.58 -50.43 0.00 80.01 0.00
[15:56:25.938] [ARM-RX] [JETSON
[15:56:25.994] [ARM-RX] _RX] heartbeat seq=158
[15:56:28.670] [ARM-RX] [joint 1] ave_error:0.00
[15:56:28.670] [ARM-RX] [joint 2] ave_error:14.03
[15:56:28.670] [ARM-RX] [joint 3] ave_error:7.69
[15:56:28.670] [ARM-RX] [joint 4] ave_error:0.00
[15:56:28.671] [ARM-RX] [joint 5] ave_error:1.15
[15:56:28.671] [ARM-RX] robot pid run finished!!
[15:56:28.794] [ARM-RX] batch angle read timeout/missing mask=0x02 elapsed=8 ms
[15:56:28.857] [ARM-RX] batch angle read timeout/missing mask=0x02 elapsed=8 ms
[15:56:28.857] [ARM-RX] batch angle read timeout/missing mask=0x02 elapsed=8 ms
[15:56:28.919] [ARM-RX] batch angle read timeout/missing mask=0x02 elapsed=8 ms
[15:56:28.981] [ARM-RX] batch angle read timeout/missing mask=0x02 elapsed=8 ms
[15:56:29.043] [ARM-RX] batch angle read timeout/missing mask=0x02 elapsed=8 ms
[15:56:29.105] [ARM-RX] batch angle read timeout/missing mask=0x02 elapsed=8 ms
[15:56:29.168] [ARM-RX] batch angle read timeout/missing mask=0x02 elapsed=8 ms
[15:56:29.168] [ARM-RX] batch angle read timeout/missing mask=0x02 elapsed=8 ms
[15:56:29.230] [ARM-RX] batch angle read timeout/missing mask=0x02 elapsed=8 ms
[15:56:29.294] [ARM-RX] batch angle read timeout/missing mask=0x02 elapsed=8 ms
[15:56:29.355] [ARM-RX] batch angle read timeout/missing mask=0x02 elapsed=8 ms
[15:56:29.418] [ARM-RX] batch angle read timeout/missing mask=0x02 elapsed=8 ms
[15:56:29.481] [ARM-RX] batch angle read timeout/missing mask=0x02 elapsed=8 ms
[15:56:29.496] [ARM-RX] AUTO final confirm failed: joint 1 err=19.73deg tol=3.00, pose invalid.
[15:56:29.496] [ARM-RX] J1 cur=90.00 target=90.00 err=-0.00
[15:56:29.496] [ARM-RX] J2 cur=99.84 target=119.58 err=19.73
[15:56:29.497] [ARM-RX] J3 cur=-38.57 target=-50.43 err=-11.87
[15:56:29.497] [ARM-RX] J4 cur=0.00 target=0.00 err=-0.00
[15:56:29.497] [ARM-RX] J5 cur=79.71 target=80.
[15:56:29.558] [ARM-RX] 01 err=0.30
[15:57:22.770] [ARM-RX] BSP_UART_Init Success!!!
[15:57:22.770] [ARM-RX] BSP_CAN_Init Success!!!
[15:57:22.770] [ARM-RX] robot control task runing!!!
[15:57:22.770] [ARM-RX] robot cmd service task ready and running!
[15:57:27.278] [ARM-TX] 发送命令 soft_reset: soft_reset
[15:57:27.302] [ARM-RX] Found handler for 'soft_reset', executing...
[15:57:27.302] [ARM-RX] ROBOT_SOFT_RESET_EVENT
[15:57:27.302] [ARM-RX] --- Starting soft reset ---
[15:57:27.551] [ARM-RX] Soft reset motors enabled (J1~J5, J6 skipped).
[15:57:27.551] [ARM-RX] Soft resetting joint 4...
[15:57:27.551] [ARM-RX] robot_update_current_angle 4...
[15:57:27.551] [ARM-RX] [4] current:90.00, target:90.00, dir:1
[15:57:27.675] [ARM-RX] Soft resetting joint 3...
[15:57:27.675] [ARM-RX] robot_update_current_angle 3...
[15:57:27.675] [ARM-RX] [3] current:0.00, target:0.00, dir:1
[15:57:27.798] [ARM-RX] Soft resetting joint 1...
[15:57:27.861] [ARM-RX] robot_update_current_angle 1...
[15:57:27.861] [ARM-RX] [1] current:90.00, target:90.00, dir:-1
[15:57:27.986] [ARM-RX] Soft resetting joint 2...
[15:57:27.986] [ARM-RX] robot_update_current_angle 2...
[15:57:27.986] [ARM-RX] [2] current:-90.00, target:-90.00, dir:1
[15:57:28.111] [ARM-RX] Soft resetting joint 0...
[15:57:28.173] [ARM-RX] robot_update_current_angle 0...
[15:57:28.173] [ARM-RX] [0] current:90.00, target:90.00, dir:1
[15:57:28.362] [ARM-RX] soft reset final verify PASS (issues:0), pose set HOME.
[15:57:31.601] [ARM-TX] 发送命令 auto 0 -130 -15: auto 0 -130 -15
[15:57:31.638] [ARM-RX] Found handler for 'auto', executing...
[15:57:31.639] [ARM-RX] ROBOT_AUTO_EVENT
[15:57:31.639] [ARM-RX] [0] <0.00 0.00 0.00> result: 90.00 90.00 -90.00 0.00 90.00 0.00
[15:57:31.639] [ARM-RX] [1] <0.00 -0.00 -0.00> result: 90.00 90.00 -90.00 0.00 90.00 0.00
[15:57:31.639] [ARM-RX] [2] <0.00 -0.00 -0.00> result: 90.00
[15:57:31.662] [ARM-RX] 90.00 -90.00 0.00 90.00 0.00
[15:57:31.662] [ARM-RX] [3] <0.00 -0.01 -0.00> result: 90.00 90.00 -90.00 0.00 90.00 0.00
[15:57:31.663] [ARM-RX] [4] <0.00 -0.01 -0.00> result: 90.00 90.00 -90.00 0.00 90.00 0.00
[15:57:31.663] [ARM-RX] [5] <0.00 -0.02 -0.00> result: 90.00 90.01 -89.99 0.00 90.00 0.00
[15:57:31.663] [ARM-RX] [6] <0.00 -0.03 -0.00> re
[15:57:31.684] [ARM-RX] sult: 90.00 90.01 -89.99 0.00 90.00 0.00
[15:57:31.684] [ARM-RX] [7] <0.00 -0.05 -0.01> result: 90.00 90.02 -89.99 0.00 90.01 0.00
[15:57:31.685] [ARM-RX] [8] <0.00 -0.07 -0.01> result: 90.00 90.03 -89.98 0.00 90.01 0.00
[15:57:31.685] [ARM-RX] [9] <0.00 -0.10 -0.01> result: 90.00 90.04 -89.97 0.00 90.01 0.00
[15:57:31.685] [ARM-RX] [10] <0.00 -0
[15:57:31.707] [ARM-RX] .14 -0.02> result: 90.00 90.06 -89.96 0.00 90.02 0.00
[15:57:31.707] [ARM-RX] [11] <0.00 -0.18 -0.02> result: 90.00 90.08 -89.95 0.00 90.02 0.00
[15:57:31.708] [ARM-RX] [12] <0.00 -0.23 -0.03> result: 90.00 90.10 -89.94 0.00 90.03 0.00
[15:57:31.708] [ARM-RX] [13] <0.00 -0.29 -0.03> result: 90.00 90.12 -89.92 0.00 90.04 0.0
[15:57:31.730] [ARM-RX] 0
[15:57:31.730] [ARM-RX] [14] <0.00 -0.36 -0.04> result: 90.00 90.15 -89.90 0.00 90.05 0.00
[15:57:31.730] [ARM-RX] [15] <0.00 -0.44 -0.05> result: 90.00 90.18 -89.88 0.00 90.06 0.00
[15:57:31.730] [ARM-RX] [16] <0.00 -0.53 -0.06> result: 90.00 90.22 -89.85 0.00 90.07 0.00
[15:57:31.730] [ARM-RX] [17] <0.00 -0.64 -0.07> result: 90.00 90.26 -89.8
[15:57:31.758] [ARM-RX] 2 0.00 90.09 0.00
[15:57:31.758] [ARM-RX] [18] <0.00 -0.75 -0.09> result: 90.00 90.31 -89.79 0.00 90.10 0.00
[15:57:31.759] [ARM-RX] [19] <0.00 -0.88 -0.10> result: 90.00 90.36 -89.76 0.00 90.12 0.00
[15:57:31.759] [ARM-RX] [20] <0.00 -1.02 -0.12> result: 90.00 90.42 -89.72 0.00 90.14 0.00
[15:57:31.759] [ARM-RX] [21] <0.00 -1.18 -0.14> result: 9
[15:57:31.777] [ARM-RX] 0.00 90.48 -89.68 0.00 90.16 0.00
[15:57:31.778] [ARM-RX] [22] <0.00 -1.35 -0.16> result: 90.00 90.55 -89.63 0.00 90.18 0.00
[15:57:31.778] [ARM-RX] [23] <0.00 -1.53 -0.18> result: 90.00 90.62 -89.58 0.00 90.20 0.00
[15:57:31.778] [ARM-RX] [24] <0.00 -1.73 -0.20> result: 90.00 90.70 -89.52 0.00 90.22 0.00
[15:57:31.778] [ARM-RX] [25] <0.00 -1.95
[15:57:31.810] [ARM-RX] -0.23> result: 90.00 90.79 -89.46 0.00 90.25 0.00
[15:57:31.810] [ARM-RX] [26] <0.00 -2.19 -0.25> result: 90.00 90.88 -89.39 0.00 90.28 0.00
[15:57:31.810] [ARM-RX] [27] <0.00 -2.44 -0.28> result: 90.00 90.98 -89.32 0.00 90.31 0.00
[15:57:31.810] [ARM-RX] [28] <0.00 -2.71 -0.31> result: 90.00 91.09 -89.25 0.00 90.34 0.00
[15:57:31.811] [ARM-RX] [
[15:57:31.833] [ARM-RX] 29] <0.00 -3.00 -0.35> result: 90.00 91.20 -89.17 0.00 90.37 0.00
[15:57:31.833] [ARM-RX] [30] <0.00 -3.31 -0.38> result: 90.00 91.32 -89.08 0.00 90.40 0.00
[15:57:31.833] [ARM-RX] [31] <0.00 -3.64 -0.42> result: 90.00 91.45 -88.99 0.00 90.44 0.00
[15:57:31.833] [ARM-RX] [32] <0.00 -3.99 -0.46> result: 90.00 91.58 -88.89 0.
[15:57:31.861] [ARM-RX] 00 90.47 0.00
[15:57:31.862] [ARM-RX] [33] <0.00 -4.37 -0.50> result: 90.00 91.72 -88.79 0.00 90.51 0.00
[15:57:31.862] [ARM-RX] [34] <0.00 -4.76 -0.55> result: 90.00 91.87 -88.68 0.00 90.54 0.00
[15:57:31.862] [ARM-RX] [35] <0.00 -5.17 -0.60> result: 90.00 92.02 -88.56 0.00 90.58 0.00
[15:57:31.862] [ARM-RX] [36] <0.00 -5.61 -0.65> result: 90.00
[15:57:31.879] [ARM-RX] 92.18 -88.44 0.00 90.62 0.00
[15:57:31.879] [ARM-RX] [37] <0.00 -6.07 -0.70> result: 90.00 92.35 -88.31 0.00 90.66 0.00
[15:57:31.879] [ARM-RX] [38] <0.00 -6.56 -0.76> result: 90.00 92.52 -88.17 0.00 90.69 0.00
[15:57:31.879] [ARM-RX] [39] <0.00 -7.07 -0.82> result: 90.00 92.70 -88.03 0.00 90.73 0.00
[15:57:31.880] [ARM-RX] [40] <0.00 -7.60 -0.8
[15:57:31.902] [ARM-RX] 8> result: 90.00 92.89 -87.88 0.00 90.77 0.00
[15:57:31.902] [ARM-RX] [41] <0.00 -8.16 -0.94> result: 90.00 93.08 -87.72 0.00 90.81 0.00
[15:57:31.902] [ARM-RX] [42] <0.00 -8.74 -1.01> result: 90.00 93.28 -87.56 0.00 90.84 0.00
[15:57:31.903] [ARM-RX] [43] <0.00 -9.35 -1.08> result: 90.00 93.49 -87.39 0.00 90.88 0.00
[15:57:31.903] [ARM-RX] [44]
[15:57:31.926] [ARM-RX] <0.00 -9.98 -1.15> result: 90.00 93.70 -87.21 0.00 90.91 0.00
[15:57:31.926] [ARM-RX] [45] <0.00 -10.64 -1.23> result: 90.00 93.92 -87.02 0.00 90.94 0.00
[15:57:31.926] [ARM-RX] [46] <0.00 -11.33 -1.31> result: 90.00 94.15 -86.83 0.00 90.97 0.00
[15:57:31.926] [ARM-RX] [47] <0.00 -12.04 -1.39> result: 90.00 94.38 -86.62 0.0
[15:57:31.947] [ARM-RX] 0 91.00 0.00
[15:57:31.948] [ARM-RX] [48] <0.00 -12.78 -1.47> result: 90.00 94.62 -86.41 0.00 91.03 0.00
[15:57:31.948] [ARM-RX] [49] <0.00 -13.55 -1.56> result: 90.00 94.86 -86.19 0.00 91.05 0.00
[15:57:31.948] [ARM-RX] [50] <0.00 -14.34 -1.66> result: 90.00 95.11 -85.96 0.00 91.07 0.00
[15:57:31.948] [ARM-RX] [51] <0.00 -15.17 -1.75> result: 90
[15:57:31.973] [ARM-RX] .00 95.36 -85.73 0.00 91.09 0.00
[15:57:31.973] [ARM-RX] [52] <0.00 -16.02 -1.85> result: 90.00 95.62 -85.48 0.00 91.11 0.00
[15:57:31.973] [ARM-RX] [53] <0.00 -16.90 -1.95> result: 90.00 95.89 -85.23 0.00 91.12 0.00
[15:57:31.973] [ARM-RX] [54] <0.00 -17.81 -2.05> result: 90.00 96.16 -84.97 0.00 91.13 0.00
[15:57:31.975] [ARM-RX] [55] <0.00 -18.
[15:57:32.005] [ARM-RX] 75 -2.16> result: 90.00 96.43 -84.70 0.00 91.13 0.00
[15:57:32.005] [ARM-RX] [56] <0.00 -19.71 -2.27> result: 90.00 96.71 -84.42 0.00 91.13 0.00
[15:57:32.005] [ARM-RX] [57] <0.00 -20.71 -2.39> result: 90.00 96.99 -84.13 0.00 91.13 0.00
[15:57:32.005] [ARM-RX] [58] <0.00 -21.74 -2.51> result: 90.00 97.28 -83.84 0.00 91.12 0
[15:57:32.028] [ARM-RX] .00
[15:57:32.028] [ARM-RX] [59] <0.00 -22.79 -2.63> result: 90.00 97.57 -83.53 0.00 91.11 0.00
[15:57:32.029] [ARM-RX] [60] <0.00 -23.88 -2.75> result: 90.00 97.87 -83.22 0.00 91.09 0.00
[15:57:32.029] [ARM-RX] [61] <0.00 -24.99 -2.88> result: 90.00 98.17 -82.89 0.00 91.06 0.00
[15:57:32.029] [ARM-RX] [62] <0.00 -26.13 -3.02> result: 90.00 98.48
[15:57:32.051] [ARM-RX] -82.56 0.00 91.04 0.00
[15:57:32.051] [ARM-RX] [63] <0.00 -27.31 -3.15> result: 90.00 98.78 -82.22 0.00 91.00 0.00
[15:57:32.051] [ARM-RX] [64] <0.00 -28.51 -3.29> result: 90.00 99.10 -81.87 0.00 90.96 0.00
[15:57:32.051] [ARM-RX] [65] <0.00 -29.74 -3.43> result: 90.00 99.41 -81.51 0.00 90.92 0.00
[15:57:32.052] [ARM-RX] [66] <0.00 -31.01 -3.58>
[15:57:32.073] [ARM-RX] result: 90.00 99.73 -81.14 0.00 90.87 0.00
[15:57:32.074] [ARM-RX] [67] <0.00 -32.30 -3.73> result: 90.00 100.05 -80.76 0.00 90.81 0.00
[15:57:32.074] [ARM-RX] [68] <0.00 -33.62 -3.88> result: 90.00 100.38 -80.37 0.00 90.75 0.00
[15:57:32.074] [ARM-RX] [69] <0.00 -34.97 -4.04> result: 90.00 100.71 -79.97 0.00 90.68 0.00
[15:57:32.074] [ARM-RX] [
[15:57:32.098] [ARM-RX] 70] <0.00 -36.36 -4.19> result: 90.00 101.04 -79.56 0.00 90.60 0.00
[15:57:32.098] [ARM-RX] [71] <0.00 -37.77 -4.36> result: 90.00 101.38 -79.15 0.00 90.52 0.00
[15:57:32.099] [ARM-RX] [72] <0.00 -39.21 -4.52> result: 90.00 101.72 -78.72 0.00 90.44 0.00
[15:57:32.099] [ARM-RX] [73] <0.00 -40.68 -4.69> result: 90.00 102.06 -
[15:57:32.121] [ARM-RX] 78.28 0.00 90.34 0.00
[15:57:32.121] [ARM-RX] [74] <0.00 -42.18 -4.87> result: 90.00 102.40 -77.84 0.00 90.24 0.00
[15:57:32.121] [ARM-RX] [75] <0.00 -43.70 -5.04> result: 90.00 102.75 -77.39 0.00 90.13 0.00
[15:57:32.121] [ARM-RX] [76] <0.00 -45.26 -5.22> result: 90.00 103.10 -76.92 0.00 90.02 0.00
[15:57:32.121] [ARM-RX] [77] <0.00 -46.85 -5.41
[15:57:32.143] [ARM-RX] > result: 90.00 103.45 -76.45 0.00 89.90 0.00
[15:57:32.143] [ARM-RX] [78] <0.00 -48.46 -5.59> result: 90.00 103.81 -75.97 0.00 89.77 0.00
[15:57:32.143] [ARM-RX] [79] <0.00 -50.10 -5.78> result: 90.00 104.17 -75.47 0.00 89.64 0.00
[15:57:32.143] [ARM-RX] [80] <0.00 -51.77 -5.97> result: 90.00 104.53 -74.97 0.00 89.50 0.00
[15:57:32.179] [ARM-RX] [81] <0.00 -53.47 -6.17> result: 90.00 104.89 -74.46 0.00 89.36 0.00
[15:57:32.179] [ARM-RX] [82] <0.00 -55.20 -6.37> result: 90.00 105.26 -73.94 0.00 89.20 0.00
[15:57:32.179] [ARM-RX] [83] <0.00 -56.95 -6.57> result: 90.00 105.63 -73.42 0.00 89.04 0.00
[15:57:32.179] [ARM-RX] [84] <0.00 -58.73 -6.78> result: 90.00 106.00
[15:57:32.201] [ARM-RX] -72.88 0.00 88.88 0.00
[15:57:32.201] [ARM-RX] [85] <0.00 -60.54 -6.99> result: 90.00 106.37 -72.33 0.00 88.70 0.00
[15:57:32.203] [ARM-RX] [86] <0.00 -62.37 -7.20> result: 90.00 106.75 -71.78 0.00 88.52 0.00
[15:57:32.203] [ARM-RX] [87] <0.00 -64.23 -7.41> result: 90.00 107.13 -71.21 0.00 88.34 0.00
[15:57:32.203] [ARM-RX] [88] <0.00 -66.11 -7.
[15:57:32.223] [ARM-RX] 63> result: 90.00 107.51 -70.64 0.00 88.15 0.00
[15:57:32.224] [ARM-RX] [89] <0.00 -68.02 -7.85> result: 90.00 107.89 -70.06 0.00 87.95 0.00
[15:57:32.224] [ARM-RX] [90] <0.00 -69.95 -8.07> result: 90.00 108.28 -69.47 0.00 87.74 0.00
[15:57:32.224] [ARM-RX] [91] <0.00 -71.91 -8.30> result: 90.00 108.67 -68.87 0.00 87.53 0.0
[15:57:32.247] [ARM-RX] 0
[15:57:32.249] [ARM-RX] [92] <0.00 -73.89 -8.53> result: 90.00 109.06 -68.26 0.00 87.31 0.00
[15:57:32.249] [ARM-RX] [93] <0.00 -75.90 -8.76> result: 90.00 109.45 -67.64 0.00 87.09 0.00
[15:57:32.249] [ARM-RX] [94] <0.00 -77.93 -8.99> result: 90.00 109.85 -67.02 0.00 86.86 0.00
[15:57:32.249] [ARM-RX] [95] <0.00 -79.98 -9.23> result: 90.00 110.
[15:57:32.269] [ARM-RX] 24 -66.38 0.00 86.62 0.00
[15:57:32.270] [ARM-RX] [96] <0.00 -82.05 -9.47> result: 90.00 110.64 -65.74 0.00 86.38 0.00
[15:57:32.270] [ARM-RX] [97] <0.00 -84.15 -9.71> result: 90.00 111.04 -65.09 0.00 86.13 0.00
[15:57:32.270] [ARM-RX] [98] <0.00 -86.26 -9.95> result: 90.00 111.45 -64.43 0.00 85.88 0.00
[15:57:32.270] [ARM-RX] [99] <0.00 -88.40 -
[15:57:32.295] [ARM-RX] 10.20> result: 90.00 111.86 -63.77 0.00 85.62 0.00
[15:57:32.295] [ARM-RX] [100] <0.00 -90.56 -10.45> result: 90.00 112.26 -63.09 0.00 85.36 0.00
[15:57:32.295] [ARM-RX] [101] <0.00 -92.73 -10.70> result: 90.00 112.67 -62.41 0.00 85.09 0.00
[15:57:32.297] [ARM-RX] [102] <0.00 -94.93 -10.95> result: 90.00 113.09 -61.72 0.00
[15:57:32.317] [ARM-RX] 84.81 0.00
[15:57:32.317] [ARM-RX] [103] <0.00 -97.14 -11.21> result: 90.00 113.50 -61.02 0.00 84.53 0.00
[15:57:32.318] [ARM-RX] [104] <0.00 -99.37 -11.47> result: 90.00 113.92 -60.32 0.00 84.24 0.00
[15:57:32.318] [ARM-RX] [105] <0.00 -101.62 -11.73> result: 90.00 114.34 -59.61 0.00 83.95 0.00
[15:57:32.318] [ARM-RX] [106] <0.00 -103.88 -11.99>
[15:57:32.338] [ARM-RX] result: 90.00 114.76 -58.89 0.00 83.65 0.00
[15:57:32.338] [ARM-RX] [107] <0.00 -106.16 -12.25> result: 90.00 115.18 -58.16 0.00 83.35 0.00
[15:57:32.339] [ARM-RX] [108] <0.00 -108.46 -12.51> result: 90.00 115.61 -57.43 0.00 83.04 0.00
[15:57:32.339] [ARM-RX] [109] <0.00 -110.77 -12.78> result: 90.00 116.04 -56.69 0.00 82.
[15:57:32.374] [ARM-RX] 72 0.00
[15:57:32.374] [ARM-RX] [110] <0.00 -113.10 -13.05> result: 90.00 116.47 -55.94 0.00 82.41 0.00
[15:57:32.374] [ARM-RX] [111] <0.00 -115.44 -13.32> result: 90.00 116.90 -55.19 0.00 82.08 0.00
[15:57:32.374] [ARM-RX] [112] <0.00 -117.79 -13.59> result: 90.00 117.33 -54.43 0.00 81.76 0.00
[15:57:32.375] [ARM-RX] [113] <0.00 -120.15 -13.86>
[15:57:32.395] [ARM-RX] result: 90.00 117.77 -53.66 0.00 81.42 0.00
[15:57:32.395] [ARM-RX] [114] <0.00 -122.53 -14.14> result: 90.00 118.20 -52.88 0.00 81.09 0.00
[15:57:32.396] [ARM-RX] [115] <0.00 -124.91 -14.41> result: 90.00 118.64 -52.10 0.00 80.75 0.00
[15:57:32.396] [ARM-RX] [116] <0.00 -127.31 -14.69> result: 90.00 119.08 -51.32 0.00 80.4
[15:57:32.418] [ARM-RX] 0 0.00
[15:57:32.418] [ARM-RX] [117] <0.00 -129.72 -14.97> result: 90.00 119.52 -50.53 0.00 80.05 0.00
[15:57:32.419] [ARM-RX] [118] <0.00 -130.00 -15.00> result: 90.00 119.58 -50.43 0.00 80.01 0.00
[15:57:32.419] [ARM-RX] [119] <0.00 -130.00 -15.00> result: 90.00 119.58 -50.43 0.00 80.01 0.00
[15:57:32.419] [ARM-RX] [120] <0.00 -130.00 -15.00> r
[15:57:32.441] [ARM-RX] esult: 90.00 119.58 -50.43 0.00 80.01 0.00
[15:57:32.441] [ARM-RX] [121] <0.00 -130.00 -15.00> result: 90.00 119.58 -50.43 0.00 80.01 0.00
[15:57:32.441] [ARM-RX] [122] <0.00 -130.00 -15.00> result: 90.00 119.58 -50.43 0.00 80.01 0.00
[15:57:32.441] [ARM-RX] [123] <0.00 -130.00 -15.00> result: 90.00 119.58 -50.43 0.00 80.01
[15:57:32.464] [ARM-RX] 0.00
[15:57:32.464] [ARM-RX] [124] <0.00 -130.00 -15.00> result: 90.00 119.58 -50.43 0.00 80.01 0.00
[15:57:32.465] [ARM-RX] [125] <0.00 -130.00 -15.00> result: 90.00 119.58 -50.43 0.00 80.01 0.00
[15:57:32.465] [ARM-RX] [126] <0.00 -130.00 -15.00> result: 90.00 119.58 -50.43 0.00 80.01 0.00
[15:57:32.465] [ARM-RX] [127] <0.00 -130.00 -15.00> re
[15:57:32.488] [ARM-RX] sult: 90.00 119.58 -50.43 0.00 80.01 0.00
[15:57:32.488] [ARM-RX] [128] <0.00 -130.00 -15.00> result: 90.00 119.58 -50.43 0.00 80.01 0.00
[15:57:32.488] [ARM-RX] [129] <0.00 -130.00 -15.00> result: 90.00 119.58 -50.43 0.00 80.01 0.00
[15:57:32.489] [ARM-RX] [130] <0.00 -130.00 -15.00> result: 90.00 119.58 -50.43 0.00 80.01
[15:57:32.510] [ARM-RX] 0.00
[15:57:32.510] [ARM-RX] [131] <0.00 -130.00 -15.00> result: 90.00 119.58 -50.43 0.00 80.01 0.00
[15:57:32.510] [ARM-RX] [132] <0.00 -130.00 -15.00> result: 90.00 119.58 -50.43 0.00 80.01 0.00
[15:57:32.510] [ARM-RX] [133] <0.00 -130.00 -15.00> result: 90.00 119.58 -50.43 0.00 80.01 0.00
[15:57:32.511] [ARM-RX] [134] <0.00 -130.00 -15.00> res
[15:57:32.545] [ARM-RX] ult: 90.00 119.58 -50.43 0.00 80.01 0.00
[15:57:32.545] [ARM-RX] [135] <0.00 -130.00 -15.00> result: 90.00 119.58 -50.43 0.00 80.01 0.00
[15:57:32.545] [ARM-RX] [136] <0.00 -130.00 -15.00> result: 90.00 119.58 -50.43 0.00 80.01 0.00
[15:57:32.545] [ARM-RX] [137] <0.00 -130.00 -15.00> result: 90.00 119.58 -50.43 0.00 80.01 0
[15:57:32.568] [ARM-RX] .00
[15:57:32.569] [ARM-RX] [138] <0.00 -130.00 -15.00> result: 90.00 119.58 -50.43 0.00 80.01 0.00
[15:57:32.569] [ARM-RX] [139] <0.00 -130.00 -15.00> result: 90.00 119.58 -50.43 0.00 80.01 0.00
[15:57:32.569] [ARM-RX] [140] <0.00 -130.00 -15.00> result: 90.00 119.58 -50.43 0.00 80.01 0.00
[15:57:32.569] [ARM-RX] [141] <0.00 -130.00 -15.00> resu
[15:57:32.595] [ARM-RX] lt: 90.00 119.58 -50.43 0.00 80.01 0.00
[15:57:32.595] [ARM-RX] [142] <0.00 -130.00 -15.00> result: 90.00 119.58 -50.43 0.00 80.01 0.00
[15:57:32.595] [ARM-RX] [143] <0.00 -130.00 -15.00> result: 90.00 119.58 -50.43 0.00 80.01 0.00
[15:57:32.595] [ARM-RX] [144] <0.00 -130.00 -15.00> result: 90.00 119.58 -50.43 0.00 80.01 0.
[15:57:32.613] [ARM-RX] 00
[15:57:32.613] [ARM-RX] [145] <0.00 -130.00 -15.00> result: 90.00 119.58 -50.43 0.00 80.01 0.00
[15:57:32.614] [ARM-RX] [146] <0.00 -130.00 -15.00> result: 90.00 119.58 -50.43 0.00 80.01 0.00
[15:57:32.614] [ARM-RX] [147] <0.00 -130.00 -15.00> result: 90.00 119.58 -50.43 0.00 80.01 0.00
[15:57:32.614] [ARM-RX] [148] <0.00 -130.00 -15.00> resul
[15:57:32.636] [ARM-RX] t: 90.00 119.58 -50.43 0.00 80.01 0.00
[15:57:32.636] [ARM-RX] [149] <0.00 -130.00 -15.00> result: 90.00 119.58 -50.43 0.00 80.01 0.00
[15:57:32.636] [ARM-RX] [150] <0.00 -130.00 -15.00> result: 90.00 119.58 -50.43 0.00 80.01 0.00
[15:57:32.636] [ARM-RX] [151] <0.00 -130.00 -15.00> result: 90.00 119.58 -50.43 0.00 80.01 0.0
[15:57:32.662] [ARM-RX] 0
[15:57:32.662] [ARM-RX] [152] <0.00 -130.00 -15.00> result: 90.00 119.58 -50.43 0.00 80.01 0.00
[15:57:32.662] [ARM-RX] [153] <0.00 -130.00 -15.00> result: 90.00 119.58 -50.43 0.00 80.01 0.00
[15:57:32.662] [ARM-RX] [154] <0.00 -130.00 -15.00> result: 90.00 119.58 -50.43 0.00 80.01 0.00
[15:57:32.664] [ARM-RX] [155] <0.00 -130.00 -15.00> result
[15:57:32.682] [ARM-RX] : 90.00 119.58 -50.43 0.00 80.01 0.00
[15:57:32.683] [ARM-RX] [156] <0.00 -130.00 -15.00> result: 90.00 119.58 -50.43 0.00 80.01 0.00
[15:57:32.683] [ARM-RX] [157] <0.00 -130.00 -15.00> result: 90.00 119.58 -50.43 0.00 80.01 0.00
[15:57:32.683] [ARM-RX] [158] <0.00 -130.00 -15.00> result: 90.00 119.58 -50.43 0.00 80.01 0.00
[15:57:32.707] [ARM-RX] [159] <0.00 -130.00 -15.00> result: 90.00 119.58 -50.43 0.00 80.01 0.00
[15:57:32.707] [ARM-RX] [160] <0.00 -130.00 -15.00> result: 90.00 119.58 -50.43 0.00 80.01 0.00
[15:57:32.707] [ARM-RX] [161] <0.00 -130.00 -15.00> result: 90.00 119.58 -50.43 0.00 80.01 0.00
[15:57:32.707] [ARM-RX] [162] <0.00 -130.00 -15.00> result:
[15:57:32.740] [ARM-RX] 90.00 119.58 -50.43 0.00 80.01 0.00
[15:57:32.740] [ARM-RX] [163] <0.00 -130.00 -15.00> result: 90.00 119.58 -50.43 0.00 80.01 0.00
[15:57:32.740] [ARM-RX] [164] <0.00 -130.00 -15.00> result: 90.00 119.58 -50.43 0.00 80.01 0.00
[15:57:32.740] [ARM-RX] [165] <0.00 -130.00 -15.00> result: 90.00 119.58 -50.43 0.00 80.01 0.00
[15:57:32.765] [ARM-RX] [166] <0.00 -130.00 -15.00> result: 90.00 119.58 -50.43 0.00 80.01 0.00
[15:57:32.765] [ARM-RX] [167] <0.00 -130.00 -15.00> result: 90.00 119.58 -50.43 0.00 80.01 0.00
[15:57:32.766] [ARM-RX] [168] <0.00 -130.00 -15.00> result: 90.00 119.58 -50.43 0.00 80.01 0.00
[15:57:32.766] [ARM-RX] [169] <0.00 -130.00 -15.00> result:
[15:57:32.786] [ARM-RX] 90.00 119.58 -50.43 0.00 80.01 0.00
[15:57:32.786] [ARM-RX] [170] <0.00 -130.00 -15.00> result: 90.00 119.58 -50.43 0.00 80.01 0.00
[15:57:32.787] [ARM-RX] [171] <0.00 -130.00 -15.00> result: 90.00 119.58 -50.43 0.00 80.01 0.00
[15:57:32.787] [ARM-RX] [172] <0.00 -130.00 -15.00> result: 90.00 119.58 -50.43 0.00 80.01 0.00
[15:57:32.809] [ARM-RX] [173] <0.00 -130.00 -15.00> result: 90.00 119.58 -50.43 0.00 80.01 0.00
[15:57:32.809] [ARM-RX] [174] <0.00 -130.00 -15.00> result: 90.00 119.58 -50.43 0.00 80.01 0.00
[15:57:32.810] [ARM-RX] [175] <0.00 -130.00 -15.00> result: 90.00 119.58 -50.43 0.00 80.01 0.00
[15:57:32.810] [ARM-RX] [176] <0.00 -130.00 -15.00> result: 9
[15:57:32.832] [ARM-RX] 0.00 119.58 -50.43 0.00 80.01 0.00
[15:57:32.832] [ARM-RX] [177] <0.00 -130.00 -15.00> result: 90.00 119.58 -50.43 0.00 80.01 0.00
[15:57:32.832] [ARM-RX] [178] <0.00 -130.00 -15.00> result: 90.00 119.58 -50.43 0.00 80.01 0.00
[15:57:32.833] [ARM-RX] [179] <0.00 -130.00 -15.00> result: 90.00 119.58 -50.43 0.00 80.01 0.00
[15:57:32.833] [ARM-RX] [
[15:57:32.855] [ARM-RX] 180] <0.00 -130.00 -15.00> result: 90.00 119.58 -50.43 0.00 80.01 0.00
[15:57:32.855] [ARM-RX] [181] <0.00 -130.00 -15.00> result: 90.00 119.58 -50.43 0.00 80.01 0.00
[15:57:32.855] [ARM-RX] [182] <0.00 -130.00 -15.00> result: 90.00 119.58 -50.43 0.00 80.01 0.00
[15:57:32.856] [ARM-RX] [183] <0.00 -130.00 -15.00> result: 90
[15:57:32.878] [ARM-RX] .00 119.58 -50.43 0.00 80.01 0.00
[15:57:32.879] [ARM-RX] [184] <0.00 -130.00 -15.00> result: 90.00 119.58 -50.43 0.00 80.01 0.00
[15:57:32.879] [ARM-RX] [185] <0.00 -130.00 -15.00> result: 90.00 119.58 -50.43 0.00 80.01 0.00
[15:57:32.879] [ARM-RX] [186] <0.00 -130.00 -15.00> result: 90.00 119.58 -50.43 0.00 80.01 0.00
[15:57:32.879] [ARM-RX] [1
[15:57:32.918] [ARM-RX] 87] <0.00 -130.00 -15.00> result: 90.00 119.58 -50.43 0.00 80.01 0.00
[15:57:32.918] [ARM-RX] [188] <0.00 -130.00 -15.00> result: 90.00 119.58 -50.43 0.00 80.01 0.00
[15:57:32.918] [ARM-RX] [189] <0.00 -130.00 -15.00> result: 90.00 119.58 -50.43 0.00 80.01 0.00
[15:57:32.918] [ARM-RX] [190] <0.00 -130.00 -15.00> result: 90.
[15:57:32.935] [ARM-RX] 00 119.58 -50.43 0.00 80.01 0.00
[15:57:32.935] [ARM-RX] [191] <0.00 -130.00 -15.00> result: 90.00 119.58 -50.43 0.00 80.01 0.00
[15:57:32.935] [ARM-RX] [192] <0.00 -130.00 -15.00> result: 90.00 119.58 -50.43 0.00 80.01 0.00
[15:57:32.935] [ARM-RX] [193] <0.00 -130.00 -15.00> result: 90.00 119.58 -50.43 0.00 80.01 0.00
[15:57:32.935] [ARM-RX] [19
[15:57:32.958] [ARM-RX] 4] <0.00 -130.00 -15.00> result: 90.00 119.58 -50.43 0.00 80.01 0.00
[15:57:32.958] [ARM-RX] [195] <0.00 -130.00 -15.00> result: 90.00 119.58 -50.43 0.00 80.01 0.00
[15:57:32.959] [ARM-RX] [196] <0.00 -130.00 -15.00> result: 90.00 119.58 -50.43 0.00 80.01 0.00
[15:57:32.959] [ARM-RX] [197] <0.00 -130.00 -15.00> result: 90.0
[15:57:32.981] [ARM-RX] 0 119.58 -50.43 0.00 80.01 0.00
[15:57:32.981] [ARM-RX] [198] <0.00 -130.00 -15.00> result: 90.00 119.58 -50.43 0.00 80.01 0.00
[15:57:32.981] [ARM-RX] [199] <0.00 -130.00 -15.00> result: 90.00 119.58 -50.43 0.00 80.01 0.00
[15:57:32.981] [ARM-RX] [200] <0.00 -130.00 -15.00> result: 90.00 119.58 -50.43 0.00 80.01 0.00
[15:57:32.982] [ARM-RX] [201
[15:57:33.005] [ARM-RX] ] <0.00 -130.00 -15.00> result: 90.00 119.58 -50.43 0.00 80.01 0.00
[15:57:33.006] [ARM-RX] [202] <0.00 -130.00 -15.00> result: 90.00 119.58 -50.43 0.00 80.01 0.00
[15:57:33.006] [ARM-RX] [203] <0.00 -130.00 -15.00> result: 90.00 119.58 -50.43 0.00 80.01 0.00
[15:57:33.006] [ARM-RX] [204] <0.00 -130.00 -15.00> result: 90.00
[15:57:33.026] [ARM-RX] 119.58 -50.43 0.00 80.01 0.00
[15:57:33.027] [ARM-RX] [205] <0.00 -130.00 -15.00> result: 90.00 119.58 -50.43 0.00 80.01 0.00
[15:57:33.027] [ARM-RX] [206] <0.00 -130.00 -15.00> result: 90.00 119.58 -50.43 0.00 80.01 0.00
[15:57:33.027] [ARM-RX] [207] <0.00 -130.00 -15.00> result: 90.00 119.58 -50.43 0.00 80.01 0.00
[15:57:33.027] [ARM-RX] [208]
[15:57:33.051] [ARM-RX] <0.00 -130.00 -15.00> result: 90.00 119.58 -50.43 0.00 80.01 0.00
[15:57:33.052] [ARM-RX] [209] <0.00 -130.00 -15.00> result: 90.00 119.58 -50.43 0.00 80.01 0.00
[15:57:33.052] [ARM-RX] [210] <0.00 -130.00 -15.00> result: 90.00 119.58 -50.43 0.00 80.01 0.00
[15:57:33.052] [ARM-RX] [211] <0.00 -130.00 -15.00> result: 90.00
[15:57:33.073] [ARM-RX] 119.58 -50.43 0.00 80.01 0.00
[15:57:33.073] [ARM-RX] [212] <0.00 -130.00 -15.00> result: 90.00 119.58 -50.43 0.00 80.01 0.00
[15:57:33.073] [ARM-RX] [213] <0.00 -130.00 -15.00> result: 90.00 119.58 -50.43 0.00 80.01 0.00
[15:57:33.074] [ARM-RX] [214] <0.00 -130.00 -15.00> result: 90.00 119.58 -50.43 0.00 80.01 0.00
[15:57:33.074] [ARM-RX] [215]
[15:57:33.107] [ARM-RX] <0.00 -130.00 -15.00> result: 90.00 119.58 -50.43 0.00 80.01 0.00
[15:57:33.107] [ARM-RX] [216] <0.00 -130.00 -15.00> result: 90.00 119.58 -50.43 0.00 80.01 0.00
[15:57:33.108] [ARM-RX] [217] <0.00 -130.00 -15.00> result: 90.00 119.58 -50.43 0.00 80.01 0.00
[15:57:33.108] [ARM-RX] [218] <0.00 -130.00 -15.00> result: 90.00 1
[15:57:33.135] [ARM-RX] 19.58 -50.43 0.00 80.01 0.00
[15:57:33.135] [ARM-RX] [219] <0.00 -130.00 -15.00> result: 90.00 119.58 -50.43 0.00 80.01 0.00
[15:57:33.136] [ARM-RX] [220] <0.00 -130.00 -15.00> result: 90.00 119.58 -50.43 0.00 80.01 0.00
[15:57:33.136] [ARM-RX] [221] <0.00 -130.00 -15.00> result: 90.00 119.58 -50.43 0.00 80.01 0.00
[15:57:33.136] [ARM-RX] [222] <
[15:57:33.155] [ARM-RX] 0.00 -130.00 -15.00> result: 90.00 119.58 -50.43 0.00 80.01 0.00
[15:57:33.155] [ARM-RX] [223] <0.00 -130.00 -15.00> result: 90.00 119.58 -50.43 0.00 80.01 0.00
[15:57:33.156] [ARM-RX] [224] <0.00 -130.00 -15.00> result: 90.00 119.58 -50.43 0.00 80.01 0.00
[15:57:33.156] [ARM-RX] [225] <0.00 -130.00 -15.00> result: 90.00 11
[15:57:33.176] [ARM-RX] 9.58 -50.43 0.00 80.01 0.00
[15:57:33.176] [ARM-RX] [226] <0.00 -130.00 -15.00> result: 90.00 119.58 -50.43 0.00 80.01 0.00
[15:57:33.176] [ARM-RX] [227] <0.00 -130.00 -15.00> result: 90.00 119.58 -50.43 0.00 80.01 0.00
[15:57:33.176] [ARM-RX] [228] <0.00 -130.00 -15.00> result: 90.00 119.58 -50.43 0.00 80.01 0.00
[15:57:33.177] [ARM-RX] [229] <0
[15:57:33.200] [ARM-RX] .00 -130.00 -15.00> result: 90.00 119.58 -50.43 0.00 80.01 0.00
[15:57:33.200] [ARM-RX] [230] <0.00 -130.00 -15.00> result: 90.00 119.58 -50.43 0.00 80.01 0.00
[15:57:33.202] [ARM-RX] [231] <0.00 -130.00 -15.00> result: 90.00 119.58 -50.43 0.00 80.01 0.00
[15:57:33.202] [ARM-RX] [232] <0.00 -130.00 -15.00> result: 90.00 119
[15:57:33.224] [ARM-RX] .58 -50.43 0.00 80.01 0.00
[15:57:33.224] [ARM-RX] [233] <0.00 -130.00 -15.00> result: 90.00 119.58 -50.43 0.00 80.01 0.00
[15:57:33.225] [ARM-RX] [234] <0.00 -130.00 -15.00> result: 90.00 119.58 -50.43 0.00 80.01 0.00
[15:57:33.225] [ARM-RX] [235] <0.00 -130.00 -15.00> result: 90.00 119.58 -50.43 0.00 80.01 0.00
[15:57:33.225] [ARM-RX] [236] <0.
[15:57:33.245] [ARM-RX] 00 -130.00 -15.00> result: 90.00 119.58 -50.43 0.00 80.01 0.00
[15:57:33.246] [ARM-RX] [237] <0.00 -130.00 -15.00> result: 90.00 119.58 -50.43 0.00 80.01 0.00
[15:57:33.246] [ARM-RX] [238] <0.00 -130.00 -15.00> result: 90.00 119.58 -50.43 0.00 80.01 0.00
[15:57:33.246] [ARM-RX] [239] <0.00 -130.00 -15.00> result: 90.00 119.
[15:57:33.278] [ARM-RX] 58 -50.43 0.00 80.01 0.00
[15:57:33.279] [ARM-RX] [240] <0.00 -130.00 -15.00> result: 90.00 119.58 -50.43 0.00 80.01 0.00
[15:57:33.279] [ARM-RX] [241] <0.00 -130.00 -15.00> result: 90.00 119.58 -50.43 0.00 80.01 0.00
[15:57:33.279] [ARM-RX] [242] <0.00 -130.00 -15.00> result: 90.00 119.58 -50.43 0.00 80.01 0.00
[15:57:33.279] [ARM-RX] [243] <0.0
[15:57:33.302] [ARM-RX] 0 -130.00 -15.00> result: 90.00 119.58 -50.43 0.00 80.01 0.00
[15:57:33.302] [ARM-RX] [244] <0.00 -130.00 -15.00> result: 90.00 119.58 -50.43 0.00 80.01 0.00
[15:57:33.303] [ARM-RX] [245] <0.00 -130.00 -15.00> result: 90.00 119.58 -50.43 0.00 80.01 0.00
[15:57:33.303] [ARM-RX] [246] <0.00 -130.00 -15.00> result: 90.00 119.5
[15:57:33.327] [ARM-RX] 8 -50.43 0.00 80.01 0.00
[15:57:33.327] [ARM-RX] [247] <0.00 -130.00 -15.00> result: 90.00 119.58 -50.43 0.00 80.01 0.00
[15:57:33.328] [ARM-RX] [248] <0.00 -130.00 -15.00> result: 90.00 119.58 -50.43 0.00 80.01 0.00
[15:57:33.328] [ARM-RX] [249] <0.00 -130.00 -15.00> result: 90.00 119.58 -50.43 0.00 80.01 0.00
[15:57:33.328] [ARM-RX] [250] <0.00
[15:57:33.348] [ARM-RX] -130.00 -15.00> result: 90.00 119.58 -50.43 0.00 80.01 0.00
[15:57:33.349] [ARM-RX] [251] <0.00 -130.00 -15.00> result: 90.00 119.58 -50.43 0.00 80.01 0.00
[15:57:33.349] [ARM-RX] [252] <0.00 -130.00 -15.00> result: 90.00 119.58 -50.43 0.00 80.01 0.00
[15:57:33.349] [ARM-RX] [253] <0.00 -130.00 -15.00> result: 90.00 119.58
[15:57:33.370] [ARM-RX] -50.43 0.00 80.01 0.00
[15:57:33.371] [ARM-RX] [254] <0.00 -130.00 -15.00> result: 90.00 119.58 -50.43 0.00 80.01 0.00
[15:57:33.371] [ARM-RX] [255] <0.00 -130.00 -15.00> result: 90.00 119.58 -50.43 0.00 80.01 0.00
[15:57:33.371] [ARM-RX] [256] <0.00 -130.00 -15.00> result: 90.00 119.58 -50.43 0.00 80.01 0.00
[15:57:33.371] [ARM-RX] [257] <0.00
[15:57:33.393] [ARM-RX] -130.00 -15.00> result: 90.00 119.58 -50.43 0.00 80.01 0.00
[15:57:33.393] [ARM-RX] [258] <0.00 -130.00 -15.00> result: 90.00 119.58 -50.43 0.00 80.01 0.00
[15:57:33.393] [ARM-RX] [259] <0.00 -130.00 -15.00> result: 90.00 119.58 -50.43 0.00 80.01 0.00
[15:57:33.395] [ARM-RX] [260] <0.00 -130.00 -15.00> result: 90.00 119.58
[15:57:33.455] [ARM-RX] -50.43 0.00 80.01 0.00
[15:57:36.117] [ARM-RX] [joint 1] ave_error:0.00
[15:57:36.117] [ARM-RX] [joint 2] ave_error:7.21
[15:57:36.117] [ARM-RX] [joint 3] ave_error:7.66
[15:57:36.117] [ARM-RX] [joint 4] ave_error:0.00
[15:57:36.118] [ARM-RX] [joint 5] ave_error:1.15
[15:57:36.118] [ARM-RX] robot pid run finished!!
[15:57:36.972] [ARM-RX] AUTO final confirm failed: joint 2 err=11.72deg tol=3.00, pose invalid.
[15:57:36.973] [ARM-RX] J1 cur=90.00 target=90.00 err=0.00
[15:57:36.973] [ARM-RX] J2 cur=130.08 target=119.58 err=-10.50
[15:57:36.973] [ARM-RX] J3 cur=-38.71 target=-50.43 err=-11.72
[15:57:36.973] [ARM-RX] J4 cur=0.00 target=0.00 err=-0.00
[15:57:36.973] [ARM-RX] J5 cur=79.71 target=80
[15:57:37.031] [ARM-RX] .01 err=0.30
[16:09:10.020] [ARM-RX] [JETSON_RX] crc failed type=0x01 rx=0x0101 calc=0x16D0
[16:16:38.482] [ARM-RX] [JETSON_RX] crc failed type=0x01 rx=0x5AA5 calc=0x47C6
[16:26:42.219] [ARM-RX] [JETSON_RX] crc failed type=0x01 rx=0x0101 calc=0x5BA6
[16:30:09.042] [ARM-RX] [JETSON_RX] crc failed type=0x01 rx=0xA5A8 calc=0x69A8
[16:43:22.659] [ARM-RX] [JETSON_RX] crc failed type=0x01 rx=0x015A calc=0x2CA3
[16:48:50.316] [ARM-RX] [JETSON_RX] crc failed type=0x01 rx=0x015A calc=0x49B5
[16:51:25.388] [ARM-RX] [JETSON_RX] crc failed type=0x01 rx=0x0101 calc=0x3DC3
[16:52:34.227] [ARM-RX] [JETSON_RX] crc failed type=0x01 rx=0x0101 calc=0xD93F
[16:57:27.467] [ARM-RX] [JETSON_RX] crc failed type=0x01 rx=0x015A calc=0x2074
[16:59:28.295] [ARM-RX] [JETSON_RX] crc failed type=0xA5 rx=0x0441 calc=0x4FDB
[17:00:02.600] [ARM-RX] [JETSON_RX] crc failed type=0x01 rx=0x5AA5 calc=0x355C
[17:00:54.171] [ARM-RX] [JETSON_RX] crc failed type=0x01 rx=0x0101 calc=0x7672
[17:01:45.922] [ARM-RX] [JETSON_RX] crc failed type=0x01 rx=0x015A calc=0x8F2E
[17:04:03.773] [ARM-RX] [JETSON_RX] crc failed type=0x01 rx=0x015A calc=0x9816
[17:06:18.688] [ARM-RX] Horco CMSIS-DAP V2
[17:06:18.689] [ARM-RX] Ver: Release 0.2
[17:06:18.690] [ARM-RX] The DAPLink is an open source project:
[17:06:18.691] [ARM-RX] https://oshwhub.com/ylj2000/dap_hs_esp_open
[17:06:18.691] [ARM-RX] Contact author: ylj20000606@gmail.com
[17:06:18.691] [ARM-RX] Unauthorized commercial use prohibited
[17:06:18.692] [ARM-RX]  
[17:06:31.315] [ARM-RX] BSP_UART_Init Success!!!
[17:06:31.315] [ARM-RX] BSP_CAN_Init Success!!!
[17:06:31.316] [ARM-RX] robot control task runing!!!
[17:06:31.316] [ARM-RX] robot cmd service task ready and running!
[17:15:09.034] [ARM-RX] [JETSON_RX] crc failed type=0x01 rx=0x015A calc=0x1761
