[17:12:03.155] [APP-INFO] 已刷新串口: COM7, COM16, COM22, COM21, COM14
[17:12:03.156] [APP-INFO] log file: E:\Renesas\RA6M5-Robot\Robot_FreeRTOS - Arm\UpperComputer\dist\logs\ra6m5_upper_console_20260707_171203.log
[17:13:03.018] [ARM-INFO] opened COM7 @ 115200
[17:13:03.985] [JETSON-INFO] opened COM14 @ 115200
[17:13:03.988] [JETSON-INFO] heartbeat started: 200 ms
[17:13:03.989] [JETSON-INFO] safe distance started: 120 mm, 200 ms
[17:13:04.805] [ARM-TX] 发送命令 soft_reset: soft_reset
[17:13:04.822] [ARM-RX] uart cmd parse error: 'uart cmd par'
[17:13:07.244] [ARM-TX] 发送命令 soft_reset: soft_reset
[17:13:07.312] [ARM-RX] Found handler for 'soft_reset', executing...
[17:13:07.314] [ARM-RX] ROBOT_SOFT_RESET_EVENT
[17:13:07.315] [ARM-RX] --- Starting soft reset ---
[17:13:07.500] [ARM-RX] Soft reset motors enabled (J1~J5, J6 skipped).
[17:13:07.500] [ARM-RX] Soft resetting joint 4...
[17:13:07.500] [ARM-RX] robot_update_current_angle 4...
[17:13:07.500] [ARM-RX] [4] current:90.00, target:90.00, dir:-1
[17:13:07.623] [ARM-RX] Soft resetting joint 3...
[17:13:07.686] [ARM-RX] robot_update_current_angle 3...
[17:13:07.686] [ARM-RX] [3] current:-0.00, target:0.00, dir:1
[17:13:07.810] [ARM-RX] Soft resetting joint 1...
[17:13:07.810] [ARM-RX] robot_update_current_angle 1...
[17:13:07.811] [ARM-RX] [1] current:90.00, target:90.00, dir:1
[17:13:07.935] [ARM-RX] Soft resetting joint 2...
[17:13:07.996] [ARM-RX] robot_update_current_angle 2...
[17:13:07.996] [ARM-RX] [2] current:-90.00, target:-90.00, dir:-1
[17:13:08.120] [ARM-RX] Soft resetting joint 0...
[17:13:08.120] [ARM-RX] robot_update_current_angle 0...
[17:13:08.120] [ARM-RX] [0] current:90.00, target:90.00, dir:1
[17:13:08.371] [ARM-RX] soft reset final verify PASS (issues:0), pose set HOME.
[17:13:11.785] [ARM-TX] 发送命令 auto 23.15 -123.45 -15.2: auto 23.15 -123.45 -15.2
[17:13:11.824] [ARM-RX] Found handler for 'auto', executing...
[17:13:11.824] [ARM-RX] ROBOT_AUTO_EVENT
[17:13:11.825] [ARM-RX] AUTO slow profile scale=0.40 target=<23.15 -123.45 -15.20>
[17:13:11.825] [ARM-RX] [0] <0.00 0.00 0.00> result: 90.00 90.00 -90.00 0.00 90.00 0.00
[17:13:11.825] [ARM-RX] [1] <0.00 -0.00 -0.00> result: 90.00 90.00 -90.00 0.00 90.00 0.00
[17:13:11.825] [ARM-RX] [2] <0.0
[17:13:11.848] [ARM-RX] 0 -0.00 -0.00> result: 90.00 90.00 -90.00 -0.00 90.00 0.00
[17:13:11.848] [ARM-RX] [3] <0.00 -0.00 -0.00> result: 90.00 90.00 -90.00 -0.00 90.00 0.00
[17:13:11.848] [ARM-RX] [4] <0.00 -0.01 -0.00> result: 90.00 90.00 -90.00 -0.00 90.00 0.00
[17:13:11.849] [ARM-RX] [5] <0.00 -0.01 -0.00> result: 90.00 90.00 -90.00 -0.00 90.0
[17:13:11.875] [ARM-RX] 0 0.00
[17:13:11.876] [ARM-RX] [6] <0.00 -0.02 -0.00> result: 90.00 90.01 -90.00 -0.00 90.00 0.00
[17:13:11.876] [ARM-RX] [7] <0.01 -0.03 -0.00> result: 90.01 90.01 -89.99 -0.01 90.00 0.00
[17:13:11.876] [ARM-RX] [8] <0.01 -0.04 -0.00> result: 90.01 90.02 -89.99 -0.01 90.01 0.00
[17:13:11.876] [ARM-RX] [9] <0.01 -0.06 -0.01> result: 90.01 90.02 -
[17:13:11.893] [ARM-RX] 89.98 -0.01 90.01 0.00
[17:13:11.894] [ARM-RX] [10] <0.01 -0.07 -0.01> result: 90.02 90.03 -89.98 -0.02 90.01 0.00
[17:13:11.894] [ARM-RX] [11] <0.02 -0.10 -0.01> result: 90.02 90.04 -89.97 -0.02 90.01 0.00
[17:13:11.894] [ARM-RX] [12] <0.02 -0.13 -0.02> result: 90.03 90.05 -89.97 -0.03 90.02 0.00
[17:13:11.894] [ARM-RX] [13] <0.03 -0.16 -0.02> r
[17:13:11.918] [ARM-RX] esult: 90.04 90.07 -89.96 -0.04 90.02 0.00
[17:13:11.919] [ARM-RX] [14] <0.04 -0.20 -0.02> result: 90.04 90.08 -89.95 -0.04 90.03 0.00
[17:13:11.919] [ARM-RX] [15] <0.04 -0.24 -0.03> result: 90.05 90.10 -89.93 -0.05 90.04 0.00
[17:13:11.919] [ARM-RX] [16] <0.05 -0.29 -0.04> result: 90.06 90.12 -89.92 -0.06 90.04 0.00
[17:13:11.919] [ARM-RX] [17]
[17:13:11.939] [ARM-RX] <0.06 -0.34 -0.04> result: 90.08 90.14 -89.91 -0.08 90.05 0.00
[17:13:11.939] [ARM-RX] [18] <0.08 -0.40 -0.05> result: 90.09 90.17 -89.89 -0.09 90.06 0.00
[17:13:11.940] [ARM-RX] [19] <0.09 -0.47 -0.06> result: 90.11 90.20 -89.87 -0.11 90.07 0.00
[17:13:11.940] [ARM-RX] [20] <0.10 -0.55 -0.07> result: 90.12 90.23 -89.85 -0.
[17:13:11.962] [ARM-RX] 12 90.08 0.00
[17:13:11.963] [ARM-RX] [21] <0.12 -0.63 -0.08> result: 90.14 90.26 -89.83 -0.14 90.09 0.00
[17:13:11.963] [ARM-RX] [22] <0.14 -0.72 -0.09> result: 90.16 90.30 -89.80 -0.16 90.10 0.00
[17:13:11.963] [ARM-RX] [23] <0.15 -0.82 -0.10> result: 90.18 90.34 -89.77 -0.18 90.12 0.00
[17:13:11.963] [ARM-RX] [24] <0.17 -0.92 -0.11> result: 90
[17:13:12.001] [ARM-RX] .20 90.39 -89.75 -0.20 90.13 0.00
[17:13:12.001] [ARM-RX] [25] <0.20 -1.04 -0.13> result: 90.23 90.43 -89.71 -0.23 90.15 0.00
[17:13:12.001] [ARM-RX] [26] <0.22 -1.16 -0.14> result: 90.26 90.49 -89.68 -0.26 90.16 0.00
[17:13:12.002] [ARM-RX] [27] <0.24 -1.30 -0.16> result: 90.28 90.54 -89.64 -0.28 90.18 0.00
[17:13:12.002] [ARM-RX] [28] <0.27 -1.
[17:13:12.021] [ARM-RX] 44 -0.18> result: 90.32 90.60 -89.60 -0.32 90.20 0.00
[17:13:12.021] [ARM-RX] [29] <0.30 -1.59 -0.20> result: 90.35 90.66 -89.56 -0.35 90.22 0.00
[17:13:12.021] [ARM-RX] [30] <0.33 -1.75 -0.22> result: 90.38 90.73 -89.52 -0.38 90.24 0.00
[17:13:12.021] [ARM-RX] [31] <0.36 -1.92 -0.24> result: 90.42 90.80 -89.47 -0.42 90.26
[17:13:12.042] [ARM-RX] 0.00
[17:13:12.042] [ARM-RX] [32] <0.39 -2.11 -0.26> result: 90.45 90.87 -89.42 -0.45 90.29 0.00
[17:13:12.042] [ARM-RX] [33] <0.43 -2.30 -0.28> result: 90.49 90.95 -89.37 -0.49 90.31 0.00
[17:13:12.042] [ARM-RX] [34] <0.47 -2.50 -0.31> result: 90.54 91.03 -89.31 -0.54 90.34 0.00
[17:13:12.042] [ARM-RX] [35] <0.51 -2.71 -0.33> result: 90.58 91.11
[17:13:12.066] [ARM-RX] -89.25 -0.58 90.36 0.00
[17:13:12.066] [ARM-RX] [36] <0.55 -2.94 -0.36> result: 90.62 91.20 -89.19 -0.62 90.39 0.00
[17:13:12.067] [ARM-RX] [37] <0.59 -3.17 -0.39> result: 90.67 91.29 -89.12 -0.67 90.41 0.00
[17:13:12.067] [ARM-RX] [38] <0.64 -3.42 -0.42> result: 90.72 91.39 -89.05 -0.72 90.44 0.00
[17:13:12.067] [ARM-RX] [39] <0.69 -3.68 -0.45>
[17:13:12.091] [ARM-RX] result: 90.77 91.49 -88.98 -0.77 90.47 0.00
[17:13:12.092] [ARM-RX] [40] <0.74 -3.94 -0.49> result: 90.82 91.59 -88.91 -0.82 90.50 0.00
[17:13:12.092] [ARM-RX] [41] <0.79 -4.22 -0.52> result: 90.88 91.70 -88.83 -0.88 90.53 0.00
[17:13:12.092] [ARM-RX] [42] <0.85 -4.52 -0.56> result: 90.93 91.81 -88.75 -0.93 90.56 0.00
[17:13:12.092] [ARM-RX] [43
[17:13:12.112] [ARM-RX] ] <0.90 -4.82 -0.59> result: 90.99 91.93 -88.66 -0.99 90.59 0.00
[17:13:12.112] [ARM-RX] [44] <0.96 -5.13 -0.63> result: 91.05 92.05 -88.57 -1.05 90.62 0.00
[17:13:12.112] [ARM-RX] [45] <1.02 -5.46 -0.67> result: 91.10 92.17 -88.48 -1.10 90.65 0.00
[17:13:12.112] [ARM-RX] [46] <1.09 -5.80 -0.71> result: 91.17 92.29 -88.39 -
[17:13:12.136] [ARM-RX] 1.17 90.68 0.00
[17:13:12.136] [ARM-RX] [47] <1.15 -6.15 -0.76> result: 91.23 92.42 -88.29 -1.23 90.71 0.00
[17:13:12.136] [ARM-RX] [48] <1.22 -6.51 -0.80> result: 91.29 92.56 -88.19 -1.29 90.74 0.00
[17:13:12.136] [ARM-RX] [49] <1.29 -6.88 -0.85> result: 91.36 92.69 -88.08 -1.36 90.77 0.00
[17:13:12.137] [ARM-RX] [50] <1.36 -7.27 -0.89> result:
[17:13:12.158] [ARM-RX] 91.42 92.83 -87.97 -1.42 90.80 0.00
[17:13:12.159] [ARM-RX] [51] <1.44 -7.66 -0.94> result: 91.49 92.97 -87.86 -1.49 90.83 0.00
[17:13:12.159] [ARM-RX] [52] <1.51 -8.07 -0.99> result: 91.56 93.12 -87.75 -1.56 90.86 0.00
[17:13:12.159] [ARM-RX] [53] <1.59 -8.49 -1.05> result: 91.63 93.27 -87.63 -1.63 90.89 0.00
[17:13:12.159] [ARM-RX] [54] <1.67 -
[17:13:12.194] [ARM-RX] 8.92 -1.10> result: 91.69 93.42 -87.50 -1.69 90.92 0.00
[17:13:12.194] [ARM-RX] [55] <1.76 -9.36 -1.15> result: 91.76 93.57 -87.38 -1.77 90.95 0.00
[17:13:12.194] [ARM-RX] [56] <1.84 -9.82 -1.21> result: 91.84 93.73 -87.25 -1.84 90.98 0.00
[17:13:12.195] [ARM-RX] [57] <1.93 -10.28 -1.27> result: 91.91 93.89 -87.12 -1.91 91.
[17:13:12.221] [ARM-RX] 00 0.00
[17:13:12.222] [ARM-RX] [58] <2.02 -10.76 -1.32> result: 91.98 94.05 -86.98 -1.98 91.03 0.00
[17:13:12.222] [ARM-RX] [59] <2.11 -11.25 -1.38> result: 92.05 94.21 -86.84 -2.05 91.05 0.00
[17:13:12.222] [ARM-RX] [60] <2.20 -11.74 -1.45> result: 92.12 94.38 -86.70 -2.12 91.08 0.00
[17:13:12.222] [ARM-RX] [61] <2.30 -12.25 -1.51> result: 92.2
[17:13:12.239] [ARM-RX] 0 94.54 -86.56 -2.20 91.10 0.00
[17:13:12.239] [ARM-RX] [62] <2.39 -12.77 -1.57> result: 92.27 94.71 -86.41 -2.27 91.12 0.00
[17:13:12.239] [ARM-RX] [63] <2.49 -13.30 -1.64> result: 92.34 94.88 -86.26 -2.34 91.14 0.00
[17:13:12.240] [ARM-RX] [64] <2.59 -13.84 -1.70> result: 92.42 95.06 -86.10 -2.42 91.16 0.00
[17:13:12.240] [ARM-RX] [65] <2.70 -1
[17:13:12.262] [ARM-RX] 4.39 -1.77> result: 92.49 95.23 -85.94 -2.49 91.17 0.00
[17:13:12.262] [ARM-RX] [66] <2.80 -14.94 -1.84> result: 92.56 95.41 -85.78 -2.56 91.19 0.00
[17:13:12.262] [ARM-RX] [67] <2.91 -15.51 -1.91> result: 92.64 95.59 -85.62 -2.64 91.20 0.00
[17:13:12.263] [ARM-RX] [68] <3.02 -16.09 -1.98> result: 92.71 95.76 -85.45 -2.71 9
[17:13:12.288] [ARM-RX] 1.22 0.00
[17:13:12.288] [ARM-RX] [69] <3.13 -16.67 -2.05> result: 92.78 95.94 -85.28 -2.78 91.23 0.00
[17:13:12.288] [ARM-RX] [70] <3.24 -17.27 -2.13> result: 92.86 96.12 -85.11 -2.86 91.23 0.00
[17:13:12.289] [ARM-RX] [71] <3.35 -17.87 -2.20> result: 92.93 96.31 -84.94 -2.93 91.24 0.00
[17:13:12.289] [ARM-RX] [72] <3.47 -18.48 -2.28> result: 93
[17:13:12.321] [ARM-RX] .00 96.49 -84.76 -3.00 91.25 0.00
[17:13:12.321] [ARM-RX] [73] <3.58 -19.10 -2.35> result: 93.07 96.67 -84.58 -3.07 91.25 0.00
[17:13:12.321] [ARM-RX] [74] <3.70 -19.72 -2.43> result: 93.14 96.86 -84.40 -3.14 91.25 0.00
[17:13:12.321] [ARM-RX] [75] <3.82 -20.36 -2.51> result: 93.21 97.04 -84.21 -3.21 91.25 0.00
[17:13:12.323] [ARM-RX] [76] <3.94
[17:13:12.332] [ARM-RX] -20.99 -2.59> result: 93.28 97.22 -84.03 -3.28 91.25 0.00
[17:13:12.332] [ARM-RX] [77] <4.06 -21.64 -2.66> result: 93.35 97.41 -83.84 -3.35 91.25 0.00
[17:13:12.332] [ARM-RX] [78] <4.18 -22.29 -2.74> result: 93.42 97.59 -83.65 -3.42 91.24 0.00
[17:13:12.333] [ARM-RX] [79] <4.30 -22.95 -2.83> result: 93.49 97.78 -83.46 -3.49
[17:13:12.375] [ARM-RX] 91.23 0.00
[17:13:12.375] [ARM-RX] [80] <4.43 -23.62 -2.91> result: 93.56 97.97 -83.26 -3.56 91.23 0.00
[17:13:12.375] [ARM-RX] [81] <4.55 -24.28 -2.99> result: 93.62 98.15 -83.07 -3.62 91.21 0.00
[17:13:12.376] [ARM-RX] [82] <4.68 -24.96 -3.07> result: 93.69 98.34 -82.87 -3.69 91.20 0.00
[17:13:12.376] [ARM-RX] [83] <4.81 -25.64 -3.16> result:
[17:13:12.401] [ARM-RX] 93.75 98.52 -82.67 -3.75 91.19 0.00
[17:13:12.401] [ARM-RX] [84] <4.94 -26.32 -3.24> result: 93.82 98.71 -82.47 -3.82 91.17 0.00
[17:13:12.401] [ARM-RX] [85] <5.06 -27.00 -3.32> result: 93.88 98.89 -82.27 -3.88 91.15 0.00
[17:13:12.401] [ARM-RX] [86] <5.19 -27.69 -3.41> result: 93.94 99.07 -82.06 -3.94 91.13 0.00
[17:13:12.402] [ARM-RX] [87] <5.3
[17:13:12.414] [ARM-RX] 2 -28.39 -3.50> result: 94.01 99.26 -81.86 -4.01 91.11 0.00
[17:13:12.414] [ARM-RX] [88] <5.45 -29.08 -3.58> result: 94.07 99.44 -81.65 -4.07 91.09 0.00
[17:13:12.414] [ARM-RX] [89] <5.58 -29.78 -3.67> result: 94.13 99.62 -81.45 -4.13 91.06 0.00
[17:13:12.414] [ARM-RX] [90] <5.72 -30.48 -3.75> result: 94.18 99.80 -81.24 -4.
[17:13:12.437] [ARM-RX] 19 91.04 0.00
[17:13:12.437] [ARM-RX] [91] <5.85 -31.18 -3.84> result: 94.24 99.98 -81.03 -4.24 91.01 0.00
[17:13:12.437] [ARM-RX] [92] <5.98 -31.88 -3.93> result: 94.30 100.16 -80.82 -4.30 90.98 0.00
[17:13:12.437] [ARM-RX] [93] <6.11 -32.58 -4.01> result: 94.36 100.34 -80.62 -4.36 90.95 0.00
[17:13:12.437] [ARM-RX] [94] <6.24 -33.28 -4.10> resu
[17:13:12.461] [ARM-RX] lt: 94.41 100.51 -80.41 -4.41 90.92 0.00
[17:13:12.462] [ARM-RX] [95] <6.37 -33.99 -4.18> result: 94.47 100.69 -80.20 -4.47 90.88 0.00
[17:13:12.462] [ARM-RX] [96] <6.50 -34.69 -4.27> result: 94.52 100.86 -79.99 -4.52 90.85 0.00
[17:13:12.462] [ARM-RX] [97] <6.64 -35.39 -4.36> result: 94.57 101.04 -79.78 -4.57 90.81 0.00
[17:13:12.462] [ARM-RX] [
[17:13:12.483] [ARM-RX] 98] <6.77 -36.09 -4.44> result: 94.62 101.21 -79.57 -4.62 90.78 0.00
[17:13:12.483] [ARM-RX] [99] <6.90 -36.80 -4.53> result: 94.67 101.38 -79.36 -4.67 90.74 0.00
[17:13:12.484] [ARM-RX] [100] <7.03 -37.50 -4.62> result: 94.72 101.55 -79.15 -4.72 90.70 0.00
[17:13:12.484] [ARM-RX] [101] <7.16 -38.20 -4.70> result: 94.77 101
[17:13:12.505] [ARM-RX] .72 -78.94 -4.77 90.66 0.00
[17:13:12.506] [ARM-RX] [102] <7.30 -38.90 -4.79> result: 94.82 101.89 -78.73 -4.82 90.61 0.00
[17:13:12.506] [ARM-RX] [103] <7.43 -39.61 -4.88> result: 94.87 102.05 -78.52 -4.87 90.57 0.00
[17:13:12.506] [ARM-RX] [104] <7.56 -40.31 -4.96> result: 94.91 102.22 -78.31 -4.91 90.53 0.00
[17:13:12.507] [ARM-RX] [105] <7.69
[17:13:12.533] [ARM-RX] -41.01 -5.05> result: 94.96 102.39 -78.10 -4.96 90.48 0.00
[17:13:12.534] [ARM-RX] [106] <7.82 -41.71 -5.14> result: 95.00 102.55 -77.89 -5.00 90.43 0.00
[17:13:12.534] [ARM-RX] [107] <7.95 -42.42 -5.22> result: 95.05 102.71 -77.67 -5.05 90.39 0.00
[17:13:12.534] [ARM-RX] [108] <8.09 -43.12 -5.31> result: 95.09 102.88 -77.
[17:13:12.564] [ARM-RX] 46 -5.09 90.34 0.00
[17:13:12.565] [ARM-RX] [109] <8.22 -43.82 -5.40> result: 95.13 103.04 -77.25 -5.13 90.29 0.00
[17:13:12.565] [ARM-RX] [110] <8.35 -44.52 -5.48> result: 95.18 103.20 -77.04 -5.18 90.24 0.00
[17:13:12.565] [ARM-RX] [111] <8.48 -45.23 -5.57> result: 95.22 103.36 -76.83 -5.22 90.19 0.00
[17:13:12.565] [ARM-RX] [112] <8.61 -45.93
[17:13:12.591] [ARM-RX] -5.66> result: 95.26 103.52 -76.61 -5.26 90.13 0.00
[17:13:12.593] [ARM-RX] [113] <8.74 -46.63 -5.74> result: 95.30 103.68 -76.40 -5.30 90.08 0.00
[17:13:12.593] [ARM-RX] [114] <8.88 -47.33 -5.83> result: 95.34 103.84 -76.19 -5.34 90.03 0.00
[17:13:12.593] [ARM-RX] [115] <9.01 -48.04 -5.91> result: 95.38 104.00 -75.98 -5.38
[17:13:12.612] [ARM-RX] 89.97 0.00
[17:13:12.613] [ARM-RX] [116] <9.14 -48.74 -6.00> result: 95.42 104.15 -75.76 -5.42 89.92 0.00
[17:13:12.613] [ARM-RX] [117] <9.27 -49.44 -6.09> result: 95.46 104.31 -75.55 -5.46 89.86 0.00
[17:13:12.613] [ARM-RX] [118] <9.40 -50.14 -6.17> result: 95.49 104.47 -75.34 -5.49 89.80 0.00
[17:13:12.613] [ARM-RX] [119] <9.54 -50.85 -6.26> r
[17:13:12.636] [ARM-RX] esult: 95.53 104.62 -75.12 -5.53 89.74 0.00
[17:13:12.636] [ARM-RX] [120] <9.67 -51.55 -6.35> result: 95.57 104.77 -74.91 -5.57 89.69 0.00
[17:13:12.636] [ARM-RX] [121] <9.80 -52.25 -6.43> result: 95.60 104.93 -74.70 -5.60 89.63 0.00
[17:13:12.636] [ARM-RX] [122] <9.93 -52.95 -6.52> result: 95.64 105.08 -74.48 -5.64 89.57 0
[17:13:12.657] [ARM-RX] .00
[17:13:12.658] [ARM-RX] [123] <10.06 -53.66 -6.61> result: 95.67 105.23 -74.27 -5.67 89.50 0.00
[17:13:12.658] [ARM-RX] [124] <10.19 -54.36 -6.69> result: 95.71 105.39 -74.05 -5.71 89.44 0.00
[17:13:12.658] [ARM-RX] [125] <10.33 -55.06 -6.78> result: 95.74 105.54 -73.84 -5.74 89.38 0.00
[17:13:12.658] [ARM-RX] [126] <10.46 -55.76 -6.87> resul
[17:13:12.679] [ARM-RX] t: 95.78 105.69 -73.62 -5.78 89.32 0.00
[17:13:12.680] [ARM-RX] [127] <10.59 -56.47 -6.95> result: 95.81 105.84 -73.41 -5.81 89.25 0.00
[17:13:12.680] [ARM-RX] [128] <10.72 -57.17 -7.04> result: 95.84 105.99 -73.19 -5.84 89.19 0.00
[17:13:12.680] [ARM-RX] [129] <10.85 -57.87 -7.13> result: 95.87 106.14 -72.98 -5.87 89.12 0.
[17:13:12.705] [ARM-RX] 00
[17:13:12.706] [ARM-RX] [130] <10.98 -58.57 -7.21> result: 95.90 106.29 -72.76 -5.91 89.06 0.00
[17:13:12.706] [ARM-RX] [131] <11.12 -59.28 -7.30> result: 95.94 106.44 -72.55 -5.94 88.99 0.00
[17:13:12.706] [ARM-RX] [132] <11.25 -59.98 -7.39> result: 95.97 106.58 -72.33 -5.97 88.92 0.00
[17:13:12.706] [ARM-RX] [133] <11.38 -60.68 -7.47> result
[17:13:12.741] [ARM-RX] : 96.00 106.73 -72.12 -6.00 88.85 0.00
[17:13:12.741] [ARM-RX] [134] <11.51 -61.39 -7.56> result: 96.03 106.88 -71.90 -6.03 88.79 0.00
[17:13:12.741] [ARM-RX] [135] <11.64 -62.09 -7.64> result: 96.06 107.03 -71.68 -6.06 88.72 0.00
[17:13:12.741] [ARM-RX] [136] <11.77 -62.79 -7.73> result: 96.09 107.17 -71.47 -6.09 88.65 0.0
[17:13:12.761] [ARM-RX] 0
[17:13:12.762] [ARM-RX] [137] <11.91 -63.49 -7.82> result: 96.12 107.32 -71.25 -6.12 88.58 0.00
[17:13:12.762] [ARM-RX] [138] <12.04 -64.20 -7.90> result: 96.14 107.46 -71.03 -6.15 88.51 0.00
[17:13:12.762] [ARM-RX] [139] <12.17 -64.90 -7.99> result: 96.17 107.61 -70.82 -6.17 88.43 0.00
[17:13:12.762] [ARM-RX] [140] <12.30 -65.60 -8.08> result:
[17:13:12.784] [ARM-RX] 96.20 107.75 -70.60 -6.20 88.36 0.00
[17:13:12.785] [ARM-RX] [141] <12.43 -66.30 -8.16> result: 96.23 107.90 -70.38 -6.23 88.29 0.00
[17:13:12.785] [ARM-RX] [142] <12.57 -67.01 -8.25> result: 96.26 108.04 -70.16 -6.26 88.22 0.00
[17:13:12.785] [ARM-RX] [143] <12.70 -67.71 -8.34> result: 96.28 108.18 -69.95 -6.29 88.14 0.00
[17:13:12.807] [ARM-RX] [144] <12.83 -68.41 -8.42> result: 96.31 108.33 -69.73 -6.31 88.07 0.00
[17:13:12.807] [ARM-RX] [145] <12.96 -69.11 -8.51> result: 96.33 108.47 -69.51 -6.34 87.99 0.00
[17:13:12.808] [ARM-RX] [146] <13.09 -69.82 -8.60> result: 96.36 108.61 -69.29 -6.36 87.92 0.00
[17:13:12.808] [ARM-RX] [147] <13.22 -70.52 -8.68> result:
[17:13:12.830] [ARM-RX] 96.39 108.75 -69.08 -6.39 87.84 0.00
[17:13:12.830] [ARM-RX] [148] <13.36 -71.22 -8.77> result: 96.41 108.90 -68.86 -6.42 87.77 0.00
[17:13:12.831] [ARM-RX] [149] <13.49 -71.92 -8.86> result: 96.44 109.04 -68.64 -6.44 87.69 0.00
[17:13:12.831] [ARM-RX] [150] <13.62 -72.63 -8.94> result: 96.46 109.18 -68.42 -6.47 87.61 0.00
[17:13:12.853] [ARM-RX] [151] <13.75 -73.33 -9.03> result: 96.49 109.32 -68.20 -6.49 87.54 0.00
[17:13:12.853] [ARM-RX] [152] <13.88 -74.03 -9.12> result: 96.51 109.46 -67.98 -6.52 87.46 0.00
[17:13:12.854] [ARM-RX] [153] <14.01 -74.73 -9.20> result: 96.53 109.60 -67.76 -6.54 87.38 0.00
[17:13:12.854] [ARM-RX] [154] <14.15 -75.44 -9.29> result: 9
[17:13:12.883] [ARM-RX] 6.56 109.74 -67.54 -6.56 87.30 0.00
[17:13:12.883] [ARM-RX] [155] <14.28 -76.14 -9.37> result: 96.58 109.88 -67.32 -6.59 87.22 0.00
[17:13:12.883] [ARM-RX] [156] <14.41 -76.84 -9.46> result: 96.60 110.02 -67.10 -6.61 87.14 0.00
[17:13:12.883] [ARM-RX] [157] <14.54 -77.54 -9.55> result: 96.63 110.16 -66.88 -6.64 87.06 0.00
[17:13:12.920] [ARM-RX] [158] <14.67 -78.25 -9.63> result: 96.65 110.30 -66.66 -6.66 86.98 0.00
[17:13:12.920] [ARM-RX] [159] <14.80 -78.95 -9.72> result: 96.67 110.44 -66.44 -6.68 86.90 0.00
[17:13:12.920] [ARM-RX] [160] <14.94 -79.65 -9.81> result: 96.69 110.58 -66.22 -6.70 86.82 0.00
[17:13:12.921] [ARM-RX] [161] <15.07 -80.35 -9.89> result: 96
[17:13:12.934] [ARM-RX] .71 110.71 -66.00 -6.73 86.74 0.00
[17:13:12.935] [ARM-RX] [162] <15.20 -81.06 -9.98> result: 96.74 110.85 -65.78 -6.75 86.65 0.00
[17:13:12.935] [ARM-RX] [163] <15.33 -81.76 -10.07> result: 96.76 110.99 -65.56 -6.77 86.57 0.00
[17:13:12.935] [ARM-RX] [164] <15.46 -82.46 -10.15> result: 96.78 111.13 -65.34 -6.79 86.49 0.00
[17:13:12.960] [ARM-RX] [165] <15.60 -83.16 -10.24> result: 96.80 111.26 -65.11 -6.81 86.40 0.00
[17:13:12.960] [ARM-RX] [166] <15.73 -83.87 -10.33> result: 96.82 111.40 -64.89 -6.83 86.32 0.00
[17:13:12.961] [ARM-RX] [167] <15.86 -84.57 -10.41> result: 96.84 111.54 -64.67 -6.86 86.24 0.00
[17:13:12.961] [ARM-RX] [168] <15.99 -85.27 -10.50> resul
[17:13:12.980] [ARM-RX] t: 96.86 111.67 -64.45 -6.88 86.15 0.00
[17:13:12.980] [ARM-RX] [169] <16.12 -85.97 -10.59> result: 96.88 111.81 -64.23 -6.90 86.07 0.00
[17:13:12.981] [ARM-RX] [170] <16.25 -86.68 -10.67> result: 96.90 111.95 -64.00 -6.92 85.98 0.00
[17:13:12.981] [ARM-RX] [171] <16.39 -87.38 -10.76> result: 96.92 112.08 -63.78 -6.94 85.90
[17:13:13.004] [ARM-RX] 0.00
[17:13:13.004] [ARM-RX] [172] <16.52 -88.08 -10.85> result: 96.94 112.22 -63.56 -6.96 85.81 0.00
[17:13:13.004] [ARM-RX] [173] <16.65 -88.78 -10.93> result: 96.96 112.36 -63.34 -6.98 85.72 0.00
[17:13:13.004] [ARM-RX] [174] <16.78 -89.49 -11.02> result: 96.98 112.49 -63.11 -7.00 85.64 0.00
[17:13:13.005] [ARM-RX] [175] <16.91 -90.19 -11.10>
[17:13:13.026] [ARM-RX] result: 97.00 112.63 -62.89 -7.02 85.55 0.00
[17:13:13.026] [ARM-RX] [176] <17.04 -90.89 -11.19> result: 97.01 112.76 -62.67 -7.04 85.46 0.00
[17:13:13.026] [ARM-RX] [177] <17.18 -91.59 -11.28> result: 97.03 112.90 -62.44 -7.06 85.37 0.00
[17:13:13.026] [ARM-RX] [178] <17.31 -92.30 -11.36> result: 97.05 113.03 -62.22 -7.08
[17:13:13.049] [ARM-RX] 85.29 0.00
[17:13:13.050] [ARM-RX] [179] <17.44 -93.00 -11.45> result: 97.07 113.17 -61.99 -7.09 85.20 0.00
[17:13:13.050] [ARM-RX] [180] <17.57 -93.69 -11.54> result: 97.09 113.30 -61.77 -7.11 85.11 0.00
[17:13:13.050] [ARM-RX] [181] <17.70 -94.39 -11.62> result: 97.10 113.43 -61.55 -7.13 85.02 0.00
[17:13:13.050] [ARM-RX] [182] <17.83 -95.09 -
[17:13:13.073] [ARM-RX] 11.71> result: 97.12 113.57 -61.33 -7.15 84.93 0.00
[17:13:13.074] [ARM-RX] [183] <17.96 -95.78 -11.79> result: 97.14 113.70 -61.10 -7.17 84.84 0.00
[17:13:13.074] [ARM-RX] [184] <18.09 -96.47 -11.88> result: 97.16 113.83 -60.88 -7.19 84.76 0.00
[17:13:13.074] [ARM-RX] [185] <18.22 -97.15 -11.96> result: 97.17 113.96 -60.66
[17:13:13.108] [ARM-RX] -7.20 84.67 0.00
[17:13:13.108] [ARM-RX] [186] <18.35 -97.84 -12.05> result: 97.19 114.09 -60.45 -7.22 84.58 0.00
[17:13:13.108] [ARM-RX] [187] <18.47 -98.51 -12.13> result: 97.20 114.22 -60.23 -7.24 84.49 0.00
[17:13:13.108] [ARM-RX] [188] <18.60 -99.19 -12.21> result: 97.22 114.35 -60.01 -7.26 84.40 0.00
[17:13:13.109] [ARM-RX] [189] <18.73 -9
[17:13:13.132] [ARM-RX] 9.86 -12.30> result: 97.24 114.48 -59.80 -7.27 84.32 0.00
[17:13:13.132] [ARM-RX] [190] <18.85 -100.52 -12.38> result: 97.25 114.60 -59.58 -7.29 84.23 0.00
[17:13:13.133] [ARM-RX] [191] <18.97 -101.18 -12.46> result: 97.27 114.73 -59.37 -7.30 84.14 0.00
[17:13:13.133] [ARM-RX] [192] <19.10 -101.83 -12.54> result: 97.28 114.
[17:13:13.154] [ARM-RX] 85 -59.16 -7.32 84.06 0.00
[17:13:13.155] [ARM-RX] [193] <19.22 -102.48 -12.62> result: 97.30 114.97 -58.95 -7.34 83.97 0.00
[17:13:13.155] [ARM-RX] [194] <19.34 -103.12 -12.70> result: 97.31 115.09 -58.74 -7.35 83.89 0.00
[17:13:13.155] [ARM-RX] [195] <19.46 -103.75 -12.77> result: 97.32 115.21 -58.54 -7.37 83.80 0.00
[17:13:13.155] [ARM-RX] [19
[17:13:13.177] [ARM-RX] 6] <19.57 -104.37 -12.85> result: 97.34 115.33 -58.34 -7.38 83.72 0.00
[17:13:13.178] [ARM-RX] [197] <19.69 -104.99 -12.93> result: 97.35 115.45 -58.14 -7.40 83.64 0.00
[17:13:13.178] [ARM-RX] [198] <19.80 -105.60 -13.00> result: 97.36 115.56 -57.94 -7.41 83.56 0.00
[17:13:13.178] [ARM-RX] [199] <19.92 -106.20 -13.08> resul
[17:13:13.201] [ARM-RX] t: 97.38 115.68 -57.74 -7.43 83.47 0.00
[17:13:13.201] [ARM-RX] [200] <20.03 -106.80 -13.15> result: 97.39 115.79 -57.55 -7.44 83.39 0.00
[17:13:13.201] [ARM-RX] [201] <20.14 -107.38 -13.22> result: 97.40 115.90 -57.36 -7.45 83.32 0.00
[17:13:13.201] [ARM-RX] [202] <20.24 -107.96 -13.29> result: 97.41 116.01 -57.17 -7.47 83
[17:13:13.226] [ARM-RX] .24 0.00
[17:13:13.226] [ARM-RX] [203] <20.35 -108.52 -13.36> result: 97.43 116.11 -56.99 -7.48 83.16 0.00
[17:13:13.226] [ARM-RX] [204] <20.46 -109.08 -13.43> result: 97.44 116.22 -56.81 -7.49 83.09 0.00
[17:13:13.226] [ARM-RX] [205] <20.56 -109.63 -13.50> result: 97.45 116.32 -56.63 -7.50 83.01 0.00
[17:13:13.226] [ARM-RX] [206] <20.66 -110.17
[17:13:13.246] [ARM-RX] -13.56> result: 97.46 116.42 -56.45 -7.52 82.94 0.00
[17:13:13.247] [ARM-RX] [207] <20.76 -110.70 -13.63> result: 97.47 116.52 -56.28 -7.53 82.86 0.00
[17:13:13.247] [ARM-RX] [208] <20.86 -111.22 -13.69> result: 97.48 116.62 -56.11 -7.54 82.79 0.00
[17:13:13.247] [ARM-RX] [209] <20.95 -111.72 -13.76> result: 97.49 116.72 -5
[17:13:13.270] [ARM-RX] 5.94 -7.55 82.72 0.00
[17:13:13.270] [ARM-RX] [210] <21.04 -112.22 -13.82> result: 97.50 116.81 -55.78 -7.56 82.66 0.00
[17:13:13.270] [ARM-RX] [211] <21.14 -112.71 -13.88> result: 97.51 116.90 -55.62 -7.57 82.59 0.00
[17:13:13.271] [ARM-RX] [212] <21.22 -113.18 -13.94> result: 97.52 116.99 -55.47 -7.58 82.52 0.00
[17:13:13.271] [ARM-RX] [213] <2
[17:13:13.311] [ARM-RX] 1.31 -113.65 -13.99> result: 97.53 117.08 -55.31 -7.59 82.46 0.00
[17:13:13.311] [ARM-RX] [214] <21.40 -114.10 -14.05> result: 97.54 117.16 -55.17 -7.60 82.40 0.00
[17:13:13.311] [ARM-RX] [215] <21.48 -114.54 -14.10> result: 97.54 117.25 -55.02 -7.61 82.33 0.00
[17:13:13.312] [ARM-RX] [216] <21.56 -114.97 -14.16> result: 97
[17:13:13.328] [ARM-RX] .55 117.33 -54.88 -7.62 82.27 0.00
[17:13:13.328] [ARM-RX] [217] <21.64 -115.39 -14.21> result: 97.56 117.41 -54.74 -7.63 82.22 0.00
[17:13:13.328] [ARM-RX] [218] <21.72 -115.80 -14.26> result: 97.57 117.48 -54.61 -7.64 82.16 0.00
[17:13:13.329] [ARM-RX] [219] <21.79 -116.20 -14.31> result: 97.58 117.56 -54.48 -7.65 82.10 0
[17:13:13.352] [ARM-RX] .00
[17:13:13.353] [ARM-RX] [220] <21.86 -116.58 -14.35> result: 97.58 117.63 -54.35 -7.66 82.05 0.00
[17:13:13.353] [ARM-RX] [221] <21.93 -116.95 -14.40> result: 97.59 117.70 -54.23 -7.67 82.00 0.00
[17:13:13.353] [ARM-RX] [222] <22.00 -117.31 -14.44> result: 97.60 117.77 -54.11 -7.67 81.95 0.00
[17:13:13.353] [ARM-RX] [223] <22.06 -117.66 -14.4
[17:13:13.373] [ARM-RX] 9> result: 97.60 117.83 -53.99 -7.68 81.90 0.00
[17:13:13.374] [ARM-RX] [224] <22.13 -118.00 -14.53> result: 97.61 117.90 -53.88 -7.69 81.85 0.00
[17:13:13.374] [ARM-RX] [225] <22.19 -118.33 -14.57> result: 97.62 117.96 -53.77 -7.69 81.80 0.00
[17:13:13.374] [ARM-RX] [226] <22.25 -118.64 -14.61> result: 97.62 118.02 -53.67
[17:13:13.413] [ARM-RX] -7.70 81.76 0.00
[17:13:13.413] [ARM-RX] [227] <22.31 -118.94 -14.65> result: 97.63 118.07 -53.57 -7.71 81.72 0.00
[17:13:13.413] [ARM-RX] [228] <22.36 -119.24 -14.68> result: 97.63 118.13 -53.47 -7.71 81.67 0.00
[17:13:13.413] [ARM-RX] [229] <22.41 -119.52 -14.72> result: 97.64 118.18 -53.38 -7.72 81.64 0.00
[17:13:13.414] [ARM-RX] [230] <22.46
[17:13:13.422] [ARM-RX] -119.78 -14.75> result: 97.64 118.23 -53.29 -7.73 81.60 0.00
[17:13:13.422] [ARM-RX] [231] <22.51 -120.04 -14.78> result: 97.65 118.28 -53.21 -7.73 81.56 0.00
[17:13:13.423] [ARM-RX] [232] <22.56 -120.29 -14.81> result: 97.65 118.32 -53.13 -7.74 81.53 0.00
[17:13:13.423] [ARM-RX] [233] <22.60 -120.52 -14.84> result: 97.66 1
[17:13:13.444] [ARM-RX] 18.37 -53.05 -7.74 81.49 0.00
[17:13:13.444] [ARM-RX] [234] <22.64 -120.74 -14.87> result: 97.66 118.41 -52.97 -7.75 81.46 0.00
[17:13:13.444] [ARM-RX] [235] <22.68 -120.96 -14.89> result: 97.66 118.45 -52.90 -7.75 81.43 0.00
[17:13:13.444] [ARM-RX] [236] <22.72 -121.16 -14.92> result: 97.67 118.49 -52.84 -7.75 81.40 0.00
[17:13:13.477] [ARM-RX] [237] <22.76 -121.35 -14.94> result: 97.67 118.52 -52.77 -7.76 81.37 0.00
[17:13:13.478] [ARM-RX] [238] <22.79 -121.53 -14.96> result: 97.67 118.56 -52.71 -7.76 81.35 0.00
[17:13:13.478] [ARM-RX] [239] <22.82 -121.70 -14.98> result: 97.68 118.59 -52.66 -7.77 81.32 0.00
[17:13:13.478] [ARM-RX] [240] <22.85 -121.86 -15.00> re
[17:13:13.501] [ARM-RX] sult: 97.68 118.62 -52.60 -7.77 81.30 0.00
[17:13:13.506] [ARM-RX] [241] <22.88 -122.02 -15.02> result: 97.68 118.65 -52.55 -7.77 81.28 0.00
[17:13:13.506] [ARM-RX] [242] <22.91 -122.16 -15.04> result: 97.68 118.67 -52.50 -7.77 81.26 0.00
[17:13:13.506] [ARM-RX] [243] <22.93 -122.29 -15.06> result: 97.69 118.70 -52.46 -7.78
[17:13:13.527] [ARM-RX] 81.24 0.00
[17:13:13.527] [ARM-RX] [244] <22.96 -122.41 -15.07> result: 97.69 118.72 -52.42 -7.78 81.22 0.00
[17:13:13.529] [ARM-RX] [245] <22.98 -122.53 -15.09> result: 97.69 118.74 -52.38 -7.78 81.21 0.00
[17:13:13.529] [ARM-RX] [246] <23.00 -122.64 -15.10> result: 97.69 118.76 -52.35 -7.78 81.19 0.00
[17:13:13.529] [ARM-RX] [247] <23.02 -122.
[17:13:13.548] [ARM-RX] 73 -15.11> result: 97.69 118.78 -52.31 -7.79 81.18 0.00
[17:13:13.548] [ARM-RX] [248] <23.03 -122.82 -15.12> result: 97.70 118.80 -52.28 -7.79 81.16 0.00
[17:13:13.548] [ARM-RX] [249] <23.05 -122.91 -15.13> result: 97.70 118.81 -52.26 -7.79 81.15 0.00
[17:13:13.548] [ARM-RX] [250] <23.06 -122.98 -15.14> result: 97.70 118.83
[17:13:13.570] [ARM-RX] -52.23 -7.79 81.14 0.00
[17:13:13.570] [ARM-RX] [251] <23.07 -123.05 -15.15> result: 97.70 118.84 -52.21 -7.79 81.13 0.00
[17:13:13.570] [ARM-RX] [252] <23.09 -123.11 -15.16> result: 97.70 118.85 -52.19 -7.79 81.12 0.00
[17:13:13.570] [ARM-RX] [253] <23.10 -123.16 -15.16> result: 97.70 118.86 -52.17 -7.80 81.11 0.00
[17:13:13.571] [ARM-RX] [254]
[17:13:13.602] [ARM-RX] <23.11 -123.21 -15.17> result: 97.70 118.87 -52.15 -7.80 81.11 0.00
[17:13:13.603] [ARM-RX] [255] <23.11 -123.26 -15.18> result: 97.70 118.88 -52.14 -7.80 81.10 0.00
[17:13:13.603] [ARM-RX] [256] <23.12 -123.29 -15.18> result: 97.70 118.89 -52.13 -7.80 81.10 0.00
[17:13:13.603] [ARM-RX] [257] <23.13 -123.33 -15.18> result:
[17:13:13.617] [ARM-RX] 97.70 118.89 -52.12 -7.80 81.09 0.00
[17:13:13.618] [ARM-RX] [258] <23.13 -123.35 -15.19> result: 97.70 118.90 -52.11 -7.80 81.09 0.00
[17:13:13.618] [ARM-RX] [259] <23.14 -123.38 -15.19> result: 97.71 118.90 -52.10 -7.80 81.08 0.00
[17:13:13.618] [ARM-RX] [260] <23.14 -123.40 -15.19> result: 97.71 118.91 -52.09 -7.80 81.0
[17:13:13.640] [ARM-RX] 8 0.00
[17:13:13.640] [ARM-RX] [261] <23.14 -123.41 -15.20> result: 97.71 118.91 -52.09 -7.80 81.08 0.00
[17:13:13.640] [ARM-RX] [262] <23.14 -123.42 -15.20> result: 97.71 118.91 -52.08 -7.80 81.08 0.00
[17:13:13.640] [ARM-RX] [263] <23.15 -123.43 -15.20> result: 97.71 118.91 -52.08 -7.80 81.08 0.00
[17:13:13.640] [ARM-RX] [264] <23.15 -123.44 -1
[17:13:13.675] [ARM-RX] 5.20> result: 97.71 118.91 -52.08 -7.80 81.07 0.00
[17:13:13.676] [ARM-RX] [265] <23.15 -123.44 -15.20> result: 97.71 118.92 -52.08 -7.80 81.07 0.00
[17:13:13.676] [ARM-RX] [266] <23.15 -123.45 -15.20> result: 97.71 118.92 -52.08 -7.80 81.07 0.00
[17:13:13.676] [ARM-RX] [267] <23.15 -123.45 -15.20> result: 97.71 118.92 -52.
[17:13:13.700] [ARM-RX] 08 -7.80 81.07 0.00
[17:13:13.701] [ARM-RX] [268] <23.15 -123.45 -15.20> result: 97.71 118.92 -52.07 -7.80 81.07 0.00
[17:13:13.701] [ARM-RX] [269] <23.15 -123.45 -15.20> result: 97.71 118.92 -52.07 -7.80 81.07 0.00
[17:13:13.701] [ARM-RX] [270] <23.15 -123.45 -15.20> result: 97.71 118.92 -52.07 -7.80 81.07 0.00
[17:13:13.701] [ARM-RX] [JETSON_RX
[17:13:13.766] [ARM-RX] ] heartbeat seq=97
[17:13:16.506] [ARM-RX] [joint 1] ave_error:0.09
[17:13:16.506] [ARM-RX] [joint 2] ave_error:1.88
[17:13:16.506] [ARM-RX] [joint 3] ave_error:2.03
[17:13:16.507] [ARM-RX] [joint 4] ave_error:0.04
[17:13:16.508] [ARM-RX] [joint 5] ave_error:0.64
[17:13:16.508] [ARM-RX] robot pid run finished!!
[17:13:22.244] [ARM-TX] 发送命令 read_all: read_all
[17:13:22.274] [ARM-RX] Found handler for 'read_all', executing...
[17:13:22.274] [ARM-RX] ROBOT_READ_ALL_EVENT
[17:13:22.275] [ARM-RX] read_all ret=0 elapsed=3 ms missing=0x00
[17:13:22.275] [ARM-RX] J1 angle=97.64
[17:13:22.275] [ARM-RX] J2 angle=118.71
[17:13:22.275] [ARM-RX] J3 angle=307.27
[17:13:22.275] [ARM-RX] J4 angle=352.22
[17:13:22.275] [ARM-RX] J5 angle=81.5
[17:13:22.330] [ARM-RX] 2
[17:13:29.073] [ARM-TX] 发送命令 soft_reset: soft_reset
[17:13:29.123] [ARM-RX] Found handler for 'soft_reset', executing...
[17:13:29.123] [ARM-RX] ROBOT_SOFT_RESET_EVENT
[17:13:29.123] [ARM-RX] --- Starting soft reset ---
[17:13:29.309] [ARM-RX] Soft reset motors enabled (J1~J5, J6 skipped).
[17:13:29.309] [ARM-RX] Soft resetting joint 4...
[17:13:29.373] [ARM-RX] robot_update_current_angle 4...
[17:13:29.373] [ARM-RX] [4] current:81.52, target:90.00, dir:1
[17:13:30.240] [ARM-RX] Soft resetting joint 3...
[17:13:30.302] [ARM-RX] robot_update_current_angle 3...
[17:13:30.304] [ARM-RX] [3] current:-7.78, target:0.00, dir:1
[17:13:31.425] [ARM-RX] Soft resetting joint 1...
[17:13:31.488] [ARM-RX] robot_update_current_angle 1...
[17:13:31.488] [ARM-RX] [1] current:118.71, target:90.00, dir:-1
[17:13:33.349] [ARM-RX] soft reset joint 1 settle timeout, keep going
[17:13:33.349] [ARM-RX] Soft resetting joint 2...
[17:13:33.350] [ARM-RX] robot_update_current_angle 2...
[17:13:33.350] [ARM-RX] [2] current:-52.73, target:-90.00, dir:-1
[17:13:35.467] [ARM-RX] soft reset joint 2 settle timeout, keep going
[17:13:35.467] [ARM-RX] Soft resetting joint 0...
[17:13:35.467] [ARM-RX] robot_update_current_angle 0...
[17:13:35.469] [ARM-RX] [0] current:97.64, target:90.00, dir:-1
[17:13:36.714] [ARM-RX] soft reset final verify PASS (issues:2), pose set HOME.
[17:17:08.585] [JETSON-TX] CAPTURE_CTRL a=1 p=1: A5 5A 01 04 8A 02 01 01 BB 82
[17:17:08.669] [ARM-RX] [JETSON_RX] unsupported unified type=0x04 len=2
[17:17:12.555] [JETSON-TX] CAPTURE_CTRL a=1 p=1: A5 5A 01 04 B2 02 01 01 B6 E2
[17:17:12.598] [ARM-RX] [JETSON_RX] unsupported unified type=0x04 len=2
[17:17:15.455] [JETSON-TX] TARGET_CTRL_START_NEW: A5 5A 01 02 D1 01 01 88 11
[17:17:15.468] [ARM-RX] [JETSON_RX] target_ctrl=1
[17:17:15.513] [JETSON-RX] A5 5A 01 81 D1 03 04 01 00 A9 D6
[17:17:15.513] [JETSON-STATUS] TARGET_CTRL_ON: A5 5A 01 81 D1 03 04 01 00 A9 D6
[17:17:15.623] [ARM-RX] ROBOT_AUTO_EVENT
[17:17:15.623] [ARM-RX] AUTO slow profile scale=0.40 target=<0.00 -130.00 -15.00>
[17:17:15.624] [ARM-RX] [0] <0.00 0.00 0.00> result: 90.00 90.00 -90.00 0.00 90.00 0.00
[17:17:15.624] [ARM-RX] [1] <0.00 -0.00 -0.00> result: 90.00 90.00 -90.00 0.00 90.00 0.00
[17:17:15.653] [JETSON-RX] A5 5A 01 81 D3 03 06 01 00 71 D6
[17:17:15.653] [JETSON-STATUS] SAFE_DISTANCE_OK: A5 5A 01 81 D3 03 06 01 00 71 D6
[17:17:15.672] [ARM-RX] [2] <0.00 -0.00 -0.00> result: 90.00 90.00 -90.00 0.00 90.00 0.00
[17:17:15.677] [ARM-RX] [3] <0.00 -0.00 -0.00> result: 90.00 90.00 -90.00 0.00 90.00 0.00
[17:17:15.677] [ARM-RX] [4] <0.00 -0.01 -0.00> result: 90.00 90.00 -90.00 0.00 90.00 0.00
[17:17:15.677] [ARM-RX] [5] <0.00 -0.01 -0.00> result: 90.00 90.00 -90.00 0.00
[17:17:15.677] [ARM-RX] 90.00 0.00
[17:17:15.678] [ARM-RX] [6] <0.00 -0.02 -0.00> result: 90.00 90.01 -90.00 0.00 90.00 0.00
[17:17:15.678] [ARM-RX] [7] <0.00 -0.03 -0.00> result: 90.00 90.01 -89.99 0.00 90.00 0.00
[17:17:15.678] [ARM-RX] [8] <0.00 -0.04 -0.00> result: 90.00 90.02 -89.99 0.00 90.01 0.00
[17:17:15.678] [ARM-RX] [9] <0.00 -0.06 -0.01> result: 90.00 90.02
[17:17:15.691] [ARM-RX] -89.98 0.00 90.01 0.00
[17:17:15.692] [ARM-RX] [10] <0.00 -0.08 -0.01> result: 90.00 90.03 -89.98 0.00 90.01 0.00
[17:17:15.692] [ARM-RX] [11] <0.00 -0.10 -0.01> result: 90.00 90.04 -89.97 0.00 90.01 0.00
[17:17:15.692] [ARM-RX] [12] <0.00 -0.13 -0.01> result: 90.00 90.05 -89.96 0.00 90.02 0.00
[17:17:15.692] [ARM-RX] [13] <0.00 -0.16 -0.02> resu
[17:17:15.712] [ARM-RX] lt: 90.00 90.07 -89.96 0.00 90.02 0.00
[17:17:15.713] [ARM-RX] [14] <0.00 -0.20 -0.02> result: 90.00 90.08 -89.95 0.00 90.03 0.00
[17:17:15.713] [ARM-RX] [15] <0.00 -0.24 -0.03> result: 90.00 90.10 -89.93 0.00 90.03 0.00
[17:17:15.713] [ARM-RX] [16] <0.00 -0.29 -0.03> result: 90.00 90.12 -89.92 0.00 90.04 0.00
[17:17:15.713] [ARM-RX] [17] <0.00 -
[17:17:15.736] [ARM-RX] 0.35 -0.04> result: 90.00 90.14 -89.90 0.00 90.05 0.00
[17:17:15.736] [ARM-RX] [18] <0.00 -0.41 -0.05> result: 90.00 90.17 -89.89 0.00 90.06 0.00
[17:17:15.736] [ARM-RX] [19] <0.00 -0.48 -0.06> result: 90.00 90.20 -89.87 0.00 90.07 0.00
[17:17:15.736] [ARM-RX] [20] <0.00 -0.56 -0.06> result: 90.00 90.23 -89.85 0.00 90.08 0.
[17:17:15.758] [ARM-RX] 00
[17:17:15.758] [ARM-RX] [21] <0.00 -0.64 -0.07> result: 90.00 90.26 -89.82 0.00 90.09 0.00
[17:17:15.758] [ARM-RX] [22] <0.00 -0.73 -0.08> result: 90.00 90.30 -89.80 0.00 90.10 0.00
[17:17:15.758] [ARM-RX] [23] <0.00 -0.83 -0.10> result: 90.00 90.34 -89.77 0.00 90.11 0.00
[17:17:15.759] [ARM-RX] [24] <0.00 -0.94 -0.11> result: 90.00 90.39 -89.
[17:17:15.794] [ARM-RX] 74 0.00 90.13 0.00
[17:17:15.794] [ARM-RX] [25] <0.00 -1.06 -0.12> result: 90.00 90.43 -89.71 0.00 90.14 0.00
[17:17:15.794] [ARM-RX] [26] <0.00 -1.18 -0.14> result: 90.00 90.48 -89.67 0.00 90.16 0.00
[17:17:15.795] [ARM-RX] [27] <0.00 -1.32 -0.15> result: 90.00 90.54 -89.64 0.00 90.17 0.00
[17:17:15.795] [ARM-RX] [28] <0.00 -1.46 -0.17> result:
[17:17:15.815] [ARM-RX] 90.00 90.60 -89.60 0.00 90.19 0.00
[17:17:15.815] [ARM-RX] [29] <0.00 -1.62 -0.19> result: 90.00 90.66 -89.55 0.00 90.21 0.00
[17:17:15.816] [ARM-RX] [30] <0.00 -1.78 -0.21> result: 90.00 90.72 -89.51 0.00 90.23 0.00
[17:17:15.816] [ARM-RX] [31] <0.00 -1.96 -0.23> result: 90.00 90.79 -89.46 0.00 90.25 0.00
[17:17:15.816] [ARM-RX] [32] <0.00 -2.14
[17:17:15.838] [ARM-RX] -0.25> result: 90.00 90.87 -89.41 0.00 90.27 0.00
[17:17:15.838] [ARM-RX] [33] <0.00 -2.34 -0.27> result: 90.00 90.94 -89.35 0.00 90.30 0.00
[17:17:15.838] [ARM-RX] [34] <0.00 -2.54 -0.29> result: 90.00 91.02 -89.30 0.00 90.32 0.00
[17:17:15.838] [ARM-RX] [35] <0.00 -2.76 -0.32> result: 90.00 91.11 -89.24 0.00 90.34 0.00
[17:17:15.861] [ARM-RX] [36] <0.00 -2.99 -0.34> result: 90.00 91.20 -89.17 0.00 90.37 0.00
[17:17:15.861] [ARM-RX] [37] <0.00 -3.23 -0.37> result: 90.00 91.29 -89.10 0.00 90.39 0.00
[17:17:15.861] [ARM-RX] [38] <0.00 -3.48 -0.40> result: 90.00 91.38 -89.04 0.00 90.42 0.00
[17:17:15.861] [ARM-RX] [39] <0.00 -3.74 -0.43> result: 90.00 91.48 -88.96 0
[17:17:15.892] [ARM-RX] .00 90.45 0.00
[17:17:15.892] [ARM-RX] [40] <0.00 -4.02 -0.46> result: 90.00 91.59 -88.89 0.00 90.47 0.00
[17:17:15.892] [ARM-RX] [41] <0.00 -4.30 -0.50> result: 90.00 91.69 -88.81 0.00 90.50 0.00
[17:17:15.892] [ARM-RX] [42] <0.00 -4.60 -0.53> result: 90.00 91.81 -88.72 0.00 90.53 0.00
[17:17:15.892] [ARM-RX] [43] <0.00 -4.91 -0.57> result: 90.0
[17:17:15.907] [ARM-RX] 0 91.92 -88.64 0.00 90.56 0.00
[17:17:15.908] [ARM-RX] [44] <0.00 -5.23 -0.60> result: 90.00 92.04 -88.55 0.00 90.58 0.00
[17:17:15.908] [ARM-RX] [45] <0.00 -5.56 -0.64> result: 90.00 92.16 -88.45 0.00 90.61 0.00
[17:17:15.908] [ARM-RX] [46] <0.00 -5.90 -0.68> result: 90.00 92.28 -88.36 0.00 90.64 0.00
[17:17:15.908] [ARM-RX] [47] <0.00 -6.26 -0.
[17:17:15.930] [ARM-RX] 72> result: 90.00 92.41 -88.26 0.00 90.67 0.00
[17:17:15.931] [ARM-RX] [48] <0.00 -6.63 -0.76> result: 90.00 92.55 -88.15 0.00 90.70 0.00
[17:17:15.931] [ARM-RX] [49] <0.00 -7.01 -0.81> result: 90.00 92.68 -88.05 0.00 90.73 0.00
[17:17:15.931] [ARM-RX] [50] <0.00 -7.40 -0.85> result: 90.00 92.82 -87.94 0.00 90.76 0.00
[17:17:15.931] [ARM-RX] [51]
[17:17:15.956] [ARM-RX] <0.00 -7.80 -0.90> result: 90.00 92.96 -87.82 0.00 90.78 0.00
[17:17:15.956] [ARM-RX] [52] <0.00 -8.22 -0.95> result: 90.00 93.10 -87.71 0.00 90.81 0.00
[17:17:15.956] [ARM-RX] [53] <0.00 -8.65 -1.00> result: 90.00 93.25 -87.58 0.00 90.84 0.00
[17:17:15.956] [ARM-RX] [54] <0.00 -9.08 -1.05> result: 90.00 93.40 -87.46 0.00
[17:17:15.989] [ARM-RX] 90.86 0.00
[17:17:15.989] [ARM-RX] [55] <0.00 -9.53 -1.10> result: 90.00 93.55 -87.33 0.00 90.89 0.00
[17:17:15.989] [ARM-RX] [56] <0.00 -10.00 -1.15> result: 90.00 93.71 -87.20 0.00 90.91 0.00
[17:17:15.989] [ARM-RX] [57] <0.00 -10.47 -1.21> result: 90.00 93.87 -87.07 0.00 90.94 0.00
[17:17:15.990] [ARM-RX] [58] <0.00 -10.95 -1.26> result: 90.00
[17:17:16.010] [ARM-RX] 94.03 -86.93 0.00 90.96 0.00
[17:17:16.011] [ARM-RX] [59] <0.00 -11.45 -1.32> result: 90.00 94.19 -86.79 0.00 90.98 0.00
[17:17:16.011] [ARM-RX] [60] <0.00 -11.96 -1.38> result: 90.00 94.35 -86.65 0.00 91.00 0.00
[17:17:16.011] [ARM-RX] [61] <0.00 -12.47 -1.44> result: 90.00 94.52 -86.50 0.00 91.02 0.00
[17:17:16.018] [ARM-RX] [62] <0.00 -13.00
[17:17:16.035] [ARM-RX] -1.50> result: 90.00 94.69 -86.35 0.00 91.04 0.00
[17:17:16.035] [ARM-RX] [63] <0.00 -13.54 -1.56> result: 90.00 94.86 -86.19 0.00 91.05 0.00
[17:17:16.036] [ARM-RX] [64] <0.00 -14.09 -1.63> result: 90.00 95.03 -86.04 0.00 91.07 0.00
[17:17:16.036] [ARM-RX] [65] <0.00 -14.65 -1.69> result: 90.00 95.20 -85.88 0.00 91.08 0.00
[17:17:16.056] [ARM-RX] [66] <0.00 -15.21 -1.76> result: 90.00 95.38 -85.72 0.00 91.09 0.00
[17:17:16.056] [ARM-RX] [67] <0.00 -15.79 -1.82> result: 90.00 95.55 -85.55 0.00 91.10 0.00
[17:17:16.056] [ARM-RX] [68] <0.00 -16.38 -1.89> result: 90.00 95.73 -85.38 0.00 91.11 0.00
[17:17:16.056] [ARM-RX] [69] <0.00 -16.97 -1.96> result: 90.00 95.91 -8
[17:17:16.080] [ARM-RX] 5.21 0.00 91.12 0.00
[17:17:16.080] [ARM-RX] [70] <0.00 -17.58 -2.03> result: 90.00 96.09 -85.04 0.00 91.13 0.00
[17:17:16.080] [ARM-RX] [71] <0.00 -18.19 -2.10> result: 90.00 96.27 -84.86 0.00 91.13 0.00
[17:17:16.081] [ARM-RX] [72] <0.00 -18.81 -2.17> result: 90.00 96.45 -84.68 0.00 91.13 0.00
[17:17:16.081] [ARM-RX] [73] <0.00 -19.44 -2.24> re
[17:17:16.102] [ARM-RX] sult: 90.00 96.63 -84.50 0.00 91.13 0.00
[17:17:16.103] [ARM-RX] [74] <0.00 -20.08 -2.32> result: 90.00 96.81 -84.32 0.00 91.13 0.00
[17:17:16.103] [ARM-RX] [75] <0.00 -20.72 -2.39> result: 90.00 97.00 -84.13 0.00 91.13 0.00
[17:17:16.103] [ARM-RX] [76] <0.00 -21.37 -2.47> result: 90.00 97.18 -83.94 0.00 91.12 0.00
[17:17:16.103] [ARM-RX] [77] <0
[17:17:16.126] [ARM-RX] .00 -22.03 -2.54> result: 90.00 97.36 -83.75 0.00 91.12 0.00
[17:17:16.126] [ARM-RX] [78] <0.00 -22.70 -2.62> result: 90.00 97.55 -83.56 0.00 91.11 0.00
[17:17:16.126] [ARM-RX] [79] <0.00 -23.37 -2.70> result: 90.00 97.73 -83.37 0.00 91.10 0.00
[17:17:16.126] [ARM-RX] [80] <0.00 -24.04 -2.77> result: 90.00 97.92 -83.17 0.00
[17:17:16.160] [ARM-RX] 91.08 0.00
[17:17:16.160] [ARM-RX] [81] <0.00 -24.72 -2.85> result: 90.00 98.10 -82.97 0.00 91.07 0.00
[17:17:16.161] [ARM-RX] [82] <0.00 -25.41 -2.93> result: 90.00 98.28 -82.77 0.00 91.05 0.00
[17:17:16.161] [ARM-RX] [83] <0.00 -26.10 -3.01> result: 90.00 98.47 -82.57 0.00 91.04 0.00
[17:17:16.161] [ARM-RX] [84] <0.00 -26.79 -3.09> result: 90.
[17:17:16.183] [ARM-RX] 00 98.65 -82.37 0.00 91.02 0.00
[17:17:16.184] [ARM-RX] [85] <0.00 -27.49 -3.17> result: 90.00 98.83 -82.16 0.00 91.00 0.00
[17:17:16.184] [ARM-RX] [86] <0.00 -28.19 -3.25> result: 90.00 99.01 -81.96 0.00 90.97 0.00
[17:17:16.184] [ARM-RX] [87] <0.00 -28.90 -3.33> result: 90.00 99.20 -81.75 0.00 90.95 0.00
[17:17:16.184] [ARM-RX] [88] <0.00 -29.6
[17:17:16.206] [ARM-RX] 1 -3.42> result: 90.00 99.38 -81.55 0.00 90.92 0.00
[17:17:16.208] [ARM-RX] [89] <0.00 -30.32 -3.50> result: 90.00 99.56 -81.34 0.00 90.90 0.00
[17:17:16.208] [ARM-RX] [90] <0.00 -31.03 -3.58> result: 90.00 99.74 -81.13 0.00 90.87 0.00
[17:17:16.208] [ARM-RX] [91] <0.00 -31.74 -3.66> result: 90.00 99.92 -80.92 0.00 90.84 0.
[17:17:16.260] [ARM-RX] 00
[17:17:16.260] [ARM-RX] [92] <0.00 -32.46 -3.74> result: 90.00 100.09 -80.71 0.00 90.80 0.00
[17:17:16.260] [ARM-RX] [93] <0.00 -33.17 -3.83> result: 90.00 100.27 -80.50 0.00 90.77 0.00
[17:17:16.260] [ARM-RX] [94] <0.00 -33.89 -3.91> result: 90.00 100.44 -80.29 0.0
[17:17:16.285] [ARM-RX] 0 90.74 0.00
[17:17:16.286] [ARM-RX] [95] <0.00 -34.60 -3.99> result: 90.00 100.62 -80.08 0.00 90.70 0.00
[17:17:16.286] [ARM-RX] [96] <0.00 -35.32 -4.07> result: 90.00 100.79 -79.87 0.00 90.66 0.00
[17:17:16.286] [ARM-RX] [97] <0.00 -36.03 -4.16> result: 90.00 100.96 -79.66 0.00 90.62 0.00
[17:17:16.286] [ARM-RX] [98] <0.00 -36.75 -4.24> result:
[17:17:16.287] [ARM-RX] 90.00 101.14 -79.45 0.00 90.58 0.00
[17:17:16.288] [ARM-RX] [99] <0.00 -37.46 -4.32> result: 90.00 101.31 -79.24 0.00 90.54 0.00
[17:17:16.288] [ARM-RX] [100] <0.00 -38.18 -4.41> result: 90.00 101.47 -79.02 0.00 90.50 0.00
[17:17:16.288] [ARM-RX] [101] <0.00 -38.89 -4.49> result: 90.00 101.64 -78.81 0.00 90.46 0.00
[17:17:16.288] [ARM-RX] [102]
[17:17:16.301] [ARM-RX] <0.00 -39.61 -4.57> result: 90.00 101.81 -78.60 0.00 90.41 0.00
[17:17:16.303] [ARM-RX] [103] <0.00 -40.32 -4.65> result: 90.00 101.98 -78.39 0.00 90.37 0.00
[17:17:16.303] [ARM-RX] [104] <0.00 -41.04 -4.74> result: 90.00 102.14 -78.18 0.00 90.32 0.00
[17:17:16.303] [ARM-RX] [105] <0.00 -41.75 -4.82> result: 90.00 102.31 -7
[17:17:16.321] [ARM-RX] 7.96 0.00 90.27 0.00
[17:17:16.321] [ARM-RX] [106] <0.00 -42.47 -4.90> result: 90.00 102.47 -77.75 0.00 90.22 0.00
[17:17:16.322] [ARM-RX] [107] <0.00 -43.18 -4.98> result: 90.00 102.63 -77.54 0.00 90.17 0.00
[17:17:16.322] [ARM-RX] [108] <0.00 -43.90 -5.07> result: 90.00 102.79 -77.33 0.00 90.12 0.00
[17:17:16.322] [ARM-RX] [109] <0.00 -44.61 -5
[17:17:16.342] [ARM-RX] .15> result: 90.00 102.95 -77.11 0.00 90.07 0.00
[17:17:16.344] [ARM-RX] [110] <0.00 -45.33 -5.23> result: 90.00 103.12 -76.90 0.00 90.02 0.00
[17:17:16.344] [ARM-RX] [111] <0.00 -46.05 -5.31> result: 90.00 103.27 -76.69 0.00 89.96 0.00
[17:17:16.344] [ARM-RX] [112] <0.00 -46.76 -5.40> result: 90.00 103.43 -76.47 0.00 89.91
[17:17:16.381] [ARM-RX] 0.00
[17:17:16.382] [ARM-RX] [113] <0.00 -47.48 -5.48> result: 90.00 103.59 -76.26 0.00 89.85 0.00
[17:17:16.382] [ARM-RX] [114] <0.00 -48.19 -5.56> result: 90.00 103.75 -76.05 0.00 89.80 0.00
[17:17:16.382] [ARM-RX] [115] <0.00 -48.91 -5.64> result: 90.00 103.91 -75.83 0.00 89.74 0.00
[17:17:16.382] [ARM-RX] [116] <0.00 -49.62 -5.73> result: 90
[17:17:16.390] [ARM-RX] .00 104.06 -75.62 0.00 89.68 0.00
[17:17:16.391] [ARM-RX] [117] <0.00 -50.34 -5.81> result: 90.00 104.22 -75.40 0.00 89.62 0.00
[17:17:16.391] [ARM-RX] [118] <0.00 -51.05 -5.89> result: 90.00 104.37 -75.19 0.00 89.56 0.00
[17:17:16.391] [ARM-RX] [119] <0.00 -51.77 -5.97> result: 90.00 104.53 -74.98 0.00 89.50 0.00
[17:17:16.391] [ARM-RX] [120] <0
[17:17:16.426] [ARM-RX] .00 -52.48 -6.06> result: 90.00 104.68 -74.76 0.00 89.44 0.00
[17:17:16.426] [ARM-RX] [121] <0.00 -53.20 -6.14> result: 90.00 104.83 -74.55 0.00 89.38 0.00
[17:17:16.426] [ARM-RX] [122] <0.00 -53.91 -6.22> result: 90.00 104.99 -74.33 0.00 89.32 0.00
[17:17:16.426] [ARM-RX] [123] <0.00 -54.63 -6.30> result: 90.00 105.14 -74.
[17:17:16.449] [ARM-RX] 12 0.00 89.25 0.00
[17:17:16.450] [ARM-RX] [124] <0.00 -55.34 -6.39> result: 90.00 105.29 -73.90 0.00 89.19 0.00
[17:17:16.450] [ARM-RX] [125] <0.00 -56.06 -6.47> result: 90.00 105.44 -73.68 0.00 89.12 0.00
[17:17:16.450] [ARM-RX] [126] <0.00 -56.77 -6.55> result: 90.00 105.59 -73.47 0.00 89.06 0.00
[17:17:16.450] [ARM-RX] [127] <0.00 -57.49 -6.6
[17:17:16.470] [ARM-RX] 3> result: 90.00 105.74 -73.25 0.00 88.99 0.00
[17:17:16.472] [ARM-RX] [128] <0.00 -58.20 -6.72> result: 90.00 105.89 -73.04 0.00 88.93 0.00
[17:17:16.472] [ARM-RX] [129] <0.00 -58.92 -6.80> result: 90.00 106.04 -72.82 0.00 88.86 0.00
[17:17:16.472] [ARM-RX] [130] <0.00 -59.64 -6.88> result: 90.00 106.19 -72.60 0.00 88.79 0
[17:17:16.492] [ARM-RX] .00
[17:17:16.493] [ARM-RX] [131] <0.00 -60.35 -6.96> result: 90.00 106.33 -72.39 0.00 88.72 0.00
[17:17:16.493] [ARM-RX] [132] <0.00 -61.07 -7.05> result: 90.00 106.48 -72.17 0.00 88.65 0.00
[17:17:16.493] [ARM-RX] [133] <0.00 -61.78 -7.13> result: 90.00 106.63 -71.95 0.00 88.58 0.00
[17:17:16.493] [ARM-RX] [134] <0.00 -62.50 -7.21> result: 90.0
[17:17:16.518] [ARM-RX] 0 106.77 -71.74 0.00 88.51 0.00
[17:17:16.518] [ARM-RX] [135] <0.00 -63.21 -7.29> result: 90.00 106.92 -71.52 0.00 88.44 0.00
[17:17:16.518] [ARM-RX] [136] <0.00 -63.93 -7.38> result: 90.00 107.07 -71.30 0.00 88.37 0.00
[17:17:16.519] [ARM-RX] [137] <0.00 -64.64 -7.46> result: 90.00 107.21 -71.09 0.00 88.30 0.00
[17:17:16.519] [ARM-RX] [138] <0.0
[17:17:16.539] [ARM-RX] 0 -65.36 -7.54> result: 90.00 107.36 -70.87 0.00 88.22 0.00
[17:17:16.539] [ARM-RX] [139] <0.00 -66.07 -7.62> result: 90.00 107.50 -70.65 0.00 88.15 0.00
[17:17:16.539] [ARM-RX] [140] <0.00 -66.79 -7.71> result: 90.00 107.64 -70.43 0.00 88.08 0.00
[17:17:16.539] [ARM-RX] [141] <0.00 -67.50 -7.79> result: 90.00 107.79 -70.21
[17:17:16.561] [ARM-RX] 0.00 88.00 0.00
[17:17:16.561] [ARM-RX] [142] <0.00 -68.22 -7.87> result: 90.00 107.93 -70.00 0.00 87.93 0.00
[17:17:16.561] [ARM-RX] [143] <0.00 -68.93 -7.95> result: 90.00 108.07 -69.78 0.00 87.85 0.00
[17:17:16.562] [ARM-RX] [144] <0.00 -69.65 -8.04> result: 90.00 108.22 -69.56 0.00 87.78 0.00
[17:17:16.562] [ARM-RX] [145] <0.00 -70.36 -8.12>
[17:17:16.585] [ARM-RX] result: 90.00 108.36 -69.34 0.00 87.70 0.00
[17:17:16.585] [ARM-RX] [146] <0.00 -71.08 -8.20> result: 90.00 108.50 -69.12 0.00 87.62 0.00
[17:17:16.585] [ARM-RX] [147] <0.00 -71.79 -8.28> result: 90.00 108.64 -68.90 0.00 87.54 0.00
[17:17:16.585] [ARM-RX] [148] <0.00 -72.51 -8.37> result: 90.00 108.78 -68.68 0.00 87.47 0.0
[17:17:16.620] [ARM-RX] 0
[17:17:16.620] [ARM-RX] [149] <0.00 -73.23 -8.45> result: 90.00 108.93 -68.46 0.00 87.39 0.00
[17:17:16.620] [ARM-RX] [150] <0.00 -73.94 -8.53> result: 90.00 109.07 -68.24 0.00 87.31 0.00
[17:17:16.620] [ARM-RX] [151] <0.00 -74.66 -8.61> result: 90.00 109.21 -68.02 0.00 87.23 0.00
[17:17:16.620] [ARM-RX] [152] <0.00 -75.37 -8.70> result: 90.00
[17:17:16.645] [ARM-RX] 109.35 -67.80 0.00 87.15 0.00
[17:17:16.645] [ARM-RX] [153] <0.00 -76.09 -8.78> result: 90.00 109.49 -67.58 0.00 87.07 0.00
[17:17:16.646] [ARM-RX] [154] <0.00 -76.80 -8.86> result: 90.00 109.63 -67.36 0.00 86.99 0.00
[17:17:16.646] [ARM-RX] [155] <0.00 -77.52 -8.94> result: 90.00 109.76 -67.14 0.00 86.91 0.00
[17:17:16.646] [ARM-RX] [156] <0.00
[17:17:16.665] [ARM-RX] -78.23 -9.03> result: 90.00 109.90 -66.92 0.00 86.83 0.00
[17:17:16.665] [ARM-RX] [157] <0.00 -78.95 -9.11> result: 90.00 110.04 -66.70 0.00 86.74 0.00
[17:17:16.665] [ARM-RX] [158] <0.00 -79.66 -9.19> result: 90.00 110.18 -66.48 0.00 86.66 0.00
[17:17:16.673] [ARM-RX] [159] <0.00 -80.38 -9.27> result: 90.00 110.32 -66.26 0
[17:17:16.688] [ARM-RX] .00 86.58 0.00
[17:17:16.689] [ARM-RX] [160] <0.00 -81.09 -9.36> result: 90.00 110.46 -66.04 0.00 86.50 0.00
[17:17:16.689] [ARM-RX] [161] <0.00 -81.81 -9.44> result: 90.00 110.60 -65.82 0.00 86.41 0.00
[17:17:16.689] [ARM-RX] [162] <0.00 -82.52 -9.52> result: 90.00 110.73 -65.59 0.00 86.33 0.00
[17:17:16.689] [ARM-RX] [163] <0.00 -83.24 -9.60> r
[17:17:16.711] [ARM-RX] esult: 90.00 110.87 -65.37 0.00 86.24 0.00
[17:17:16.712] [ARM-RX] [164] <0.00 -83.95 -9.69> result: 90.00 111.01 -65.15 0.00 86.16 0.00
[17:17:16.712] [ARM-RX] [165] <0.00 -84.67 -9.77> result: 90.00 111.14 -64.93 0.00 86.07 0.00
[17:17:16.712] [ARM-RX] [166] <0.00 -85.38 -9.85> result: 90.00 111.28 -64.71 0.00 85.99 0.00
[17:17:16.734] [ARM-RX] [167] <0.00 -86.10 -9.93> result: 90.00 111.42 -64.48 0.00 85.90 0.00
[17:17:16.734] [ARM-RX] [168] <0.00 -86.81 -10.02> result: 90.00 111.55 -64.26 0.00 85.81 0.00
[17:17:16.734] [ARM-RX] [169] <0.00 -87.53 -10.10> result: 90.00 111.69 -64.04 0.00 85.73 0.00
[17:17:16.734] [ARM-RX] [170] <0.00 -88.25 -10.18> result: 90.00
[17:17:16.758] [ARM-RX] 111.83 -63.81 0.00 85.64 0.00
[17:17:16.758] [ARM-RX] [171] <0.00 -88.96 -10.26> result: 90.00 111.96 -63.59 0.00 85.55 0.00
[17:17:16.758] [ARM-RX] [172] <0.00 -89.68 -10.35> result: 90.00 112.10 -63.37 0.00 85.46 0.00
[17:17:16.759] [ARM-RX] [173] <0.00 -90.39 -10.43> result: 90.00 112.23 -63.14 0.00 85.38 0.00
[17:17:16.759] [ARM-RX] [174] <0
[17:17:16.793] [ARM-RX] .00 -91.11 -10.51> result: 90.00 112.37 -62.92 0.00 85.29 0.00
[17:17:16.793] [ARM-RX] [175] <0.00 -91.82 -10.59> result: 90.00 112.50 -62.70 0.00 85.20 0.00
[17:17:16.794] [ARM-RX] [176] <0.00 -92.54 -10.68> result: 90.00 112.64 -62.47 0.00 85.11 0.00
[17:17:16.794] [ARM-RX] [177] <0.00 -93.25 -10.76> result: 90.00 112.77
[17:17:16.814] [ARM-RX] -62.25 0.00 85.02 0.00
[17:17:16.815] [ARM-RX] [178] <0.00 -93.97 -10.84> result: 90.00 112.91 -62.02 0.00 84.93 0.00
[17:17:16.815] [ARM-RX] [179] <0.00 -94.68 -10.92> result: 90.00 113.04 -61.80 0.00 84.84 0.00
[17:17:16.815] [ARM-RX] [180] <0.00 -95.40 -11.01> result: 90.00 113.18 -61.57 0.00 84.75 0.00
[17:17:16.815] [ARM-RX] [181] <0.00 -96.
[17:17:16.837] [ARM-RX] 11 -11.09> result: 90.00 113.31 -61.35 0.00 84.66 0.00
[17:17:16.838] [ARM-RX] [182] <0.00 -96.83 -11.17> result: 90.00 113.44 -61.12 0.00 84.57 0.00
[17:17:16.838] [ARM-RX] [183] <0.00 -97.54 -11.26> result: 90.00 113.58 -60.90 0.00 84.48 0.00
[17:17:16.838] [ARM-RX] [184] <0.00 -98.26 -11.34> result: 90.00 113.71 -60.67 0
[17:17:16.860] [ARM-RX] .00 84.38 0.00
[17:17:16.860] [ARM-RX] [185] <0.00 -98.97 -11.42> result: 90.00 113.85 -60.45 0.00 84.29 0.00
[17:17:16.860] [ARM-RX] [186] <0.00 -99.68 -11.50> result: 90.00 113.98 -60.22 0.00 84.20 0.00
[17:17:16.861] [ARM-RX] [187] <0.00 -100.39 -11.58> result: 90.00 114.11 -60.00 0.00 84.11 0.00
[17:17:16.861] [ARM-RX] [188] <0.00 -101.10 -11
[17:17:16.883] [ARM-RX] .67> result: 90.00 114.24 -59.77 0.00 84.01 0.00
[17:17:16.884] [ARM-RX] [189] <0.00 -101.80 -11.75> result: 90.00 114.37 -59.55 0.00 83.92 0.00
[17:17:16.884] [ARM-RX] [190] <0.00 -102.51 -11.83> result: 90.00 114.50 -59.33 0.00 83.83 0.00
[17:17:16.884] [ARM-RX] [191] <0.00 -103.20 -11.91> result: 90.00 114.63 -59.10 0.00
[17:17:16.936] [ARM-RX] 83.74 0.00
[17:17:16.937] [ARM-RX] [192] <0.00 -103.90 -11.99> result: 90.00 114.76 -58.88 0.00 83.65 0.00
[17:17:16.937] [ARM-RX] [193] <0.00 -104.59 -12.07> result: 90.00 114.89 -58.66 0.00 83.56 0.00
[17:17:16.937] [ARM-RX] [194] <0.00 -105.28 -12.15> result: 90.00 115.02 -58.44 0.00 83.46 0.00
[17:17:16.937] [ARM-RX] [195] <0.00 -105.96 -12.
[17:17:16.938] [ARM-RX] 23> result: 90.00 115.15 -58.23 0.00 83.37 0.00
[17:17:16.938] [ARM-RX] [196] <0.00 -106.63 -12.30> result: 90.00 115.27 -58.01 0.00 83.28 0.00
[17:17:16.938] [ARM-RX] [197] <0.00 -107.30 -12.38> result: 90.00 115.40 -57.80 0.00 83.19 0.00
[17:17:16.938] [ARM-RX] [198] <0.00 -107.97 -12.46> result: 90.00 115.52 -57.59 0.00
[17:17:16.952] [ARM-RX] 83.10 0.00
[17:17:16.952] [ARM-RX] [199] <0.00 -108.62 -12.53> result: 90.00 115.64 -57.38 0.00 83.02 0.00
[17:17:16.952] [ARM-RX] [200] <0.00 -109.28 -12.61> result: 90.00 115.76 -57.17 0.00 82.93 0.00
[17:17:16.953] [ARM-RX] [201] <0.00 -109.92 -12.68> result: 90.00 115.88 -56.96 0.00 82.84 0.00
[17:17:16.953] [ARM-RX] [202] <0.00 -110.56 -12.7
[17:17:16.987] [ARM-RX] 6> result: 90.00 116.00 -56.76 0.00 82.75 0.00
[17:17:16.988] [ARM-RX] [203] <0.00 -111.19 -12.83> result: 90.00 116.11 -56.55 0.00 82.67 0.00
[17:17:16.988] [ARM-RX] [204] <0.00 -111.81 -12.90> result: 90.00 116.23 -56.36 0.00 82.58 0.00
[17:17:16.988] [ARM-RX] [205] <0.00 -112.42 -12.97> result: 90.00 116.34 -56.16 0.00 8
[17:17:17.010] [ARM-RX] 2.50 0.00
[17:17:17.010] [ARM-RX] [206] <0.00 -113.02 -13.04> result: 90.00 116.45 -55.96 0.00 82.42 0.00
[17:17:17.010] [ARM-RX] [207] <0.00 -113.62 -13.11> result: 90.00 116.56 -55.77 0.00 82.33 0.00
[17:17:17.010] [ARM-RX] [208] <0.00 -114.21 -13.18> result: 90.00 116.67 -55.58 0.00 82.25 0.00
[17:17:17.010] [ARM-RX] [209] <0.00 -114.79 -13.24
[17:17:17.032] [ARM-RX] > result: 90.00 116.78 -55.40 0.00 82.17 0.00
[17:17:17.033] [ARM-RX] [210] <0.00 -115.35 -13.31> result: 90.00 116.88 -55.21 0.00 82.10 0.00
[17:17:17.033] [ARM-RX] [211] <0.00 -115.91 -13.37> result: 90.00 116.99 -55.03 0.00 82.02 0.00
[17:17:17.033] [ARM-RX] [212] <0.00 -116.46 -13.44> result: 90.00 117.09 -54.86 0.00 81
[17:17:17.058] [ARM-RX] .94 0.00
[17:17:17.059] [ARM-RX] [213] <0.00 -117.00 -13.50> result: 90.00 117.19 -54.68 0.00 81.87 0.00
[17:17:17.059] [ARM-RX] [214] <0.00 -117.53 -13.56> result: 90.00 117.28 -54.51 0.00 81.79 0.00
[17:17:17.059] [ARM-RX] [215] <0.00 -118.04 -13.62> result: 90.00 117.38 -54.34 0.00 81.72 0.00
[17:17:17.059] [ARM-RX] [216] <0.00 -118.55 -13.68>
[17:17:17.080] [ARM-RX] result: 90.00 117.47 -54.18 0.00 81.65 0.00
[17:17:17.080] [ARM-RX] [217] <0.00 -119.05 -13.74> result: 90.00 117.56 -54.02 0.00 81.58 0.00
[17:17:17.080] [ARM-RX] [218] <0.00 -119.53 -13.79> result: 90.00 117.65 -53.86 0.00 81.51 0.00
[17:17:17.080] [ARM-RX] [219] <0.00 -120.00 -13.85> result: 90.00 117.74 -53.71 0.00 81.
[17:17:17.101] [ARM-RX] 45 0.00
[17:17:17.101] [ARM-RX] [220] <0.00 -120.47 -13.90> result: 90.00 117.82 -53.56 0.00 81.38 0.00
[17:17:17.102] [ARM-RX] [221] <0.00 -120.92 -13.95> result: 90.00 117.91 -53.41 0.00 81.32 0.00
[17:17:17.102] [ARM-RX] [222] <0.00 -121.35 -14.00> result: 90.00 117.99 -53.27 0.00 81.25 0.00
[17:17:17.102] [ARM-RX] [223] <0.00 -121.78 -14.05>
[17:17:17.125] [ARM-RX] result: 90.00 118.07 -53.13 0.00 81.19 0.00
[17:17:17.125] [ARM-RX] [224] <0.00 -122.20 -14.10> result: 90.00 118.14 -52.99 0.00 81.13 0.00
[17:17:17.125] [ARM-RX] [225] <0.00 -122.60 -14.15> result: 90.00 118.22 -52.86 0.00 81.08 0.00
[17:17:17.125] [ARM-RX] [226] <0.00 -122.99 -14.19> result: 90.00 118.29 -52.73 0.00 81.0
[17:17:17.158] [ARM-RX] 2 0.00
[17:17:17.158] [ARM-RX] [227] <0.00 -123.37 -14.24> result: 90.00 118.36 -52.61 0.00 80.97 0.00
[17:17:17.159] [ARM-RX] [228] <0.00 -123.74 -14.28> result: 90.00 118.43 -52.49 0.00 80.91 0.00
[17:17:17.159] [ARM-RX] [229] <0.00 -124.10 -14.32> result: 90.00 118.49 -52.37 0.00 80.86 0.00
[17:17:17.159] [ARM-RX] [230] <0.00 -124.44 -14.36> r
[17:17:17.181] [ARM-RX] esult: 90.00 118.55 -52.26 0.00 80.81 0.00
[17:17:17.182] [ARM-RX] [231] <0.00 -124.77 -14.40> result: 90.00 118.62 -52.15 0.00 80.77 0.00
[17:17:17.182] [ARM-RX] [232] <0.00 -125.09 -14.43> result: 90.00 118.67 -52.05 0.00 80.72 0.00
[17:17:17.182] [ARM-RX] [233] <0.00 -125.40 -14.47> result: 90.00 118.73 -51.94 0.00 80.68
[17:17:17.206] [ARM-RX] 0.00
[17:17:17.207] [ARM-RX] [234] <0.00 -125.70 -14.50> result: 90.00 118.79 -51.85 0.00 80.63 0.00
[17:17:17.207] [ARM-RX] [235] <0.00 -125.98 -14.54> result: 90.00 118.84 -51.75 0.00 80.59 0.00
[17:17:17.207] [ARM-RX] [236] <0.00 -126.26 -14.57> result: 90.00 118.89 -51.66 0.00 80.55 0.00
[17:17:17.207] [ARM-RX] [237] <0.00 -126.52 -14.60> re
[17:17:17.227] [ARM-RX] sult: 90.00 118.94 -51.58 0.00 80.52 0.00
[17:17:17.227] [ARM-RX] [238] <0.00 -126.77 -14.63> result: 90.00 118.98 -51.50 0.00 80.48 0.00
[17:17:17.228] [ARM-RX] [239] <0.00 -127.01 -14.66> result: 90.00 119.03 -51.42 0.00 80.44 0.00
[17:17:17.228] [ARM-RX] [240] <0.00 -127.24 -14.68> result: 90.00 119.07 -51.34 0.00 80.41
[17:17:17.251] [ARM-RX] 0.00
[17:17:17.251] [ARM-RX] [241] <0.00 -127.46 -14.71> result: 90.00 119.11 -51.27 0.00 80.38 0.00
[17:17:17.251] [ARM-RX] [242] <0.00 -127.66 -14.73> result: 90.00 119.15 -51.20 0.00 80.35 0.00
[17:17:17.252] [ARM-RX] [243] <0.00 -127.86 -14.75> result: 90.00 119.18 -51.14 0.00 80.32 0.00
[17:17:17.252] [ARM-RX] [244] <0.00 -128.04 -14.77> res
[17:17:17.277] [ARM-RX] ult: 90.00 119.22 -51.08 0.00 80.30 0.00
[17:17:17.277] [ARM-RX] [245] <0.00 -128.22 -14.79> result: 90.00 119.25 -51.02 0.00 80.27 0.00
[17:17:17.278] [ARM-RX] [246] <0.00 -128.38 -14.81> result: 90.00 119.28 -50.97 0.00 80.25 0.00
[17:17:17.278] [ARM-RX] [247] <0.00 -128.53 -14.83> result: 90.00 119.31 -50.92 0.00 80.22 0
[17:17:17.298] [ARM-RX] .00
[17:17:17.299] [ARM-RX] [248] <0.00 -128.68 -14.85> result: 90.00 119.33 -50.87 0.00 80.20 0.00
[17:17:17.299] [ARM-RX] [249] <0.00 -128.82 -14.86> result: 90.00 119.36 -50.82 0.00 80.18 0.00
[17:17:17.299] [ARM-RX] [250] <0.00 -128.94 -14.88> result: 90.00 119.38 -50.78 0.00 80.16 0.00
[17:17:17.299] [ARM-RX] [251] <0.00 -129.06 -14.89> resu
[17:17:17.329] [ARM-RX] lt: 90.00 119.40 -50.74 0.00 80.15 0.00
[17:17:17.329] [ARM-RX] [252] <0.00 -129.17 -14.90> result: 90.00 119.42 -50.71 0.00 80.13 0.00
[17:17:17.329] [ARM-RX] [253] <0.00 -129.27 -14.92> result: 90.00 119.44 -50.68 0.00 80.12 0.00
[17:17:17.330] [ARM-RX] [254] <0.00 -129.36 -14.93> result: 90.00 119.46 -50.65 0.00 80.10 0.
[17:17:17.354] [ARM-RX] 00
[17:17:17.354] [ARM-RX] [255] <0.00 -129.44 -14.94> result: 90.00 119.47 -50.62 0.00 80.09 0.00
[17:17:17.354] [ARM-RX] [256] <0.00 -129.52 -14.94> result: 90.00 119.49 -50.59 0.00 80.08 0.00
[17:17:17.354] [ARM-RX] [257] <0.00 -129.59 -14.95> result: 90.00 119.50 -50.57 0.00 80.07 0.00
[17:17:17.354] [ARM-RX] [258] <0.00 -129.65 -14.96> resul
[17:17:17.376] [ARM-RX] t: 90.00 119.51 -50.55 0.00 80.06 0.00
[17:17:17.376] [ARM-RX] [259] <0.00 -129.71 -14.97> result: 90.00 119.52 -50.53 0.00 80.05 0.00
[17:17:17.377] [ARM-RX] [260] <0.00 -129.76 -14.97> result: 90.00 119.53 -50.51 0.00 80.05 0.00
[17:17:17.377] [ARM-RX] [261] <0.00 -129.80 -14.98> result: 90.00 119.54 -50.50 0.00 80.04 0.0
[17:17:17.406] [ARM-RX] 0
[17:17:17.407] [ARM-RX] [262] <0.00 -129.84 -14.98> result: 90.00 119.55 -50.49 0.00 80.03 0.00
[17:17:17.407] [ARM-RX] [263] <0.00 -129.87 -14.99> result: 90.00 119.55 -50.48 0.00 80.03 0.00
[17:17:17.407] [ARM-RX] [264] <0.00 -129.90 -14.99> result: 90.00 119.56 -50.47 0.00 80.02 0.00
[17:17:17.407] [ARM-RX] [265] <0.00 -129.92 -14.99> result
[17:17:17.429] [ARM-RX] : 90.00 119.56 -50.46 0.00 80.02 0.00
[17:17:17.429] [ARM-RX] [266] <0.00 -129.94 -14.99> result: 90.00 119.57 -50.45 0.00 80.02 0.00
[17:17:17.429] [ARM-RX] [267] <0.00 -129.96 -15.00> result: 90.00 119.57 -50.45 0.00 80.02 0.00
[17:17:17.429] [ARM-RX] [268] <0.00 -129.97 -15.00> result: 90.00 119.57 -50.44 0.00 80.01 0.00
[17:17:17.452] [ARM-RX] [269] <0.00 -129.98 -15.00> result: 90.00 119.57 -50.44 0.00 80.01 0.00
[17:17:17.452] [ARM-RX] [270] <0.00 -129.99 -15.00> result: 90.00 119.57 -50.44 0.00 80.01 0.00
[17:17:17.453] [ARM-RX] [271] <0.00 -129.99 -15.00> result: 90.00 119.58 -50.44 0.00 80.01 0.00
[17:17:17.453] [ARM-RX] [272] <0.00 -130.00 -15.00> result:
[17:17:17.468] [ARM-RX] 90.00 119.58 -50.43 0.00 80.01 0.00
[17:17:17.469] [ARM-RX] [273] <0.00 -130.00 -15.00> result: 90.00 119.58 -50.43 0.00 80.01 0.00
[17:17:17.469] [ARM-RX] [274] <0.00 -130.00 -15.00> result: 90.00 119.58 -50.43 0.00 80.01 0.00
[17:17:17.469] [ARM-RX] [275] <0.00 -130.00 -15.00> result: 90.00 119.58 -50.43 0.00 80.01 0.00
[17:17:17.503] [ARM-RX] [276] <0.00 -130.00 -15.00> result: 90.00 119.58 -50.43 0.00 80.01 0.00
[17:17:17.566] [ARM-RX] se=0
[17:17:20.370] [ARM-RX] [joint 1] ave_error:0.00
[17:17:20.370] [ARM-RX] [joint 2] ave_error:1.85
[17:17:20.370] [ARM-RX] [joint 3] ave_error:2.07
[17:17:20.370] [ARM-RX] [joint 4] ave_error:0.00
[17:17:20.371] [ARM-RX] [joint 5] ave_error:0.69
[17:17:20.371] [ARM-RX] robot pid run finished!!
[17:17:20.433] [ARM-RX] [TARGET] PRE_POSITION -> WAIT_DETECT
[17:17:20.463] [JETSON-RX] A5 5A 01 81 02 03 01 01 00 3C 05
[17:17:20.463] [JETSON-STATUS] READY: A5 5A 01 81 02 03 01 01 00 3C 05
[17:17:20.761] [JETSON-RX] A5 5A 01 81 05 03 01 01 00 89 C5
[17:17:20.761] [JETSON-STATUS] READY: A5 5A 01 81 05 03 01 01 00 89 C5
[17:17:21.071] [JETSON-RX] A5 5A 01 81 09 03 01 01 00 99 C4
[17:17:21.071] [JETSON-STATUS] READY: A5 5A 01 81 09 03 01 01 00 99 C4
[17:17:21.367] [JETSON-RX] A5 5A 01 81 0B 03 01 01 00 E0 04
[17:17:21.367] [JETSON-STATUS] READY: A5 5A 01 81 0B 03 01 01 00 E0 04
[17:17:21.676] [JETSON-RX] A5 5A 01 81 0F 03 01 01 00 11 C4
[17:17:21.676] [JETSON-STATUS] READY: A5 5A 01 81 0F 03 01 01 00 11 C4
[17:17:21.971] [JETSON-RX] A5 5A 01 81 11 03 01 01 00 B9 C6
[17:17:21.971] [JETSON-STATUS] READY: A5 5A 01 81 11 03 01 01 00 B9 C6
[17:17:22.282] [JETSON-RX] A5 5A 01 81 15 03 01 01 00 48 06
[17:17:22.282] [JETSON-STATUS] READY: A5 5A 01 81 15 03 01 01 00 48 06
[17:17:22.394] [JETSON-TX] CAPTURE_CTRL a=1 p=1: A5 5A 01 04 17 02 01 01 94 2E
[17:17:22.423] [ARM-RX] [JETSON_RX] unsupported unified type=0x04 len=2
[17:17:22.423] [ARM-RX] [J
[17:17:22.486] [ARM-RX] ETSON_RX] safe_distance=120 valid=1
[17:17:22.596] [JETSON-RX] A5 5A 01 81 19 03 01 01 00 58 07
[17:17:22.597] [JETSON-STATUS] READY: A5 5A 01 81 19 03 01 01 00 58 07
[17:17:22.893] [JETSON-RX] A5 5A 01 81 1D 03 01 01 00 A9 C7
[17:17:22.893] [JETSON-STATUS] READY: A5 5A 01 81 1D 03 01 01 00 A9 C7
[17:17:23.190] [JETSON-RX] A5 5A 01 81 1F 03 01 01 00 D0 07
[17:17:23.190] [JETSON-STATUS] READY: A5 5A 01 81 1F 03 01 01 00 D0 07
[17:17:23.486] [JETSON-RX] A5 5A 01 81 23 03 01 01 00 80 02
[17:17:23.486] [JETSON-STATUS] READY: A5 5A 01 81 23 03 01 01 00 80 02
[17:17:23.798] [JETSON-RX] A5 5A 01 81 25 03 01 01 00 08 02
[17:17:23.798] [JETSON-STATUS] READY: A5 5A 01 81 25 03 01 01 00 08 02
[17:17:24.091] [JETSON-RX] A5 5A 01 81 29 03 01 01 00 18 03
[17:17:24.091] [JETSON-STATUS] READY: A5 5A 01 81 29 03 01 01 00 18 03
[17:17:24.403] [JETSON-RX] A5 5A 01 81 2B 03 01 01 00 61 C3
[17:17:24.403] [JETSON-STATUS] READY: A5 5A 01 81 2B 03 01 01 00 61 C3
[17:17:24.702] [JETSON-RX] A5 5A 01 81 2F 03 01 01 00 90 03
[17:17:24.702] [JETSON-STATUS] READY: A5 5A 01 81 2F 03 01 01 00 90 03
[17:17:24.998] [JETSON-RX] A5 5A 01 81 31 03 01 01 00 38 01
[17:17:24.998] [JETSON-STATUS] READY: A5 5A 01 81 31 03 01 01 00 38 01
[17:17:25.309] [JETSON-RX] A5 5A 01 81 34 03 01 01 00 F4 01
[17:17:25.309] [JETSON-STATUS] READY: A5 5A 01 81 34 03 01 01 00 F4 01
[17:17:25.607] [JETSON-RX] A5 5A 01 81 37 03 01 01 00 B0 01
[17:17:25.607] [JETSON-STATUS] READY: A5 5A 01 81 37 03 01 01 00 B0 01
[17:17:25.904] [JETSON-RX] A5 5A 01 81 3B 03 01 01 00 A0 00
[17:17:25.904] [JETSON-STATUS] READY: A5 5A 01 81 3B 03 01 01 00 A0 00
[17:17:26.213] [JETSON-RX] A5 5A 01 81 3D 03 01 01 00 28 00
[17:17:26.213] [JETSON-STATUS] READY: A5 5A 01 81 3D 03 01 01 00 28 00
[17:17:26.505] [JETSON-RX] A5 5A 01 81 41 03 01 01 00 79 CA
[17:17:26.505] [JETSON-STATUS] READY: A5 5A 01 81 41 03 01 01 00 79 CA
[17:17:26.811] [JETSON-RX] A5 5A 01 81 43 03 01 01 00 00 0A
[17:17:26.811] [JETSON-STATUS] READY: A5 5A 01 81 43 03 01 01 00 00 0A
[17:17:27.103] [JETSON-RX] A5 5A 01 81 47 03 01 01 00 F1 CA
[17:17:27.103] [JETSON-STATUS] READY: A5 5A 01 81 47 03 01 01 00 F1 CA
[17:17:27.409] [JETSON-RX] A5 5A 01 81 49 03 01 01 00 98 0B
[17:17:27.409] [JETSON-STATUS] READY: A5 5A 01 81 49 03 01 01 00 98 0B
[17:17:27.726] [JETSON-RX] A5 5A 01 81 4D 03 01 01 00 69 CB
[17:17:27.726] [JETSON-STATUS] READY: A5 5A 01 81 4D 03 01 01 00 69 CB
[17:17:28.020] [JETSON-RX] A5 5A 01 81 4F 03 01 01 00 10 0B
[17:17:28.020] [JETSON-STATUS] READY: A5 5A 01 81 4F 03 01 01 00 10 0B
[17:17:28.315] [JETSON-RX] A5 5A 01 81 53 03 01 01 00 C1 C9
[17:17:28.315] [JETSON-STATUS] READY: A5 5A 01 81 53 03 01 01 00 C1 C9
[17:17:28.622] [JETSON-RX] A5 5A 01 81 55 03 01 01 00 49 C9
[17:17:28.622] [JETSON-STATUS] READY: A5 5A 01 81 55 03 01 01 00 49 C9
[17:17:28.862] [JETSON-TX] CAPTURE_CTRL a=3 p=2: A5 5A 01 04 5B 02 03 02 C3 DF
[17:17:28.916] [JETSON-RX] A5 5A 01 81 59 03 01 01 00 59 C8
[17:17:28.916] [JETSON-STATUS] READY: A5 5A 01 81 59 03 01 01 00 59 C8
[17:17:28.931] [ARM-RX] [JETSON_RX] unsupported unified type=0x04 len=2
[17:17:29.221] [JETSON-RX] A5 5A 01 81 5D 03 01 01 00 A8 08
[17:17:29.221] [JETSON-STATUS] READY: A5 5A 01 81 5D 03 01 01 00 A8 08
[17:17:29.528] [JETSON-RX] A5 5A 01 81 61 03 01 01 00 F8 0D
[17:17:29.528] [JETSON-STATUS] READY: A5 5A 01 81 61 03 01 01 00 F8 0D
[17:17:29.820] [JETSON-RX] A5 5A 01 81 63 03 01 01 00 81 CD
[17:17:29.822] [JETSON-STATUS] READY: A5 5A 01 81 63 03 01 01 00 81 CD
[17:17:30.113] [JETSON-RX] A5 5A 01 81 67 03 01 01 00 70 0D
[17:17:30.113] [JETSON-STATUS] READY: A5 5A 01 81 67 03 01 01 00 70 0D
[17:17:30.426] [JETSON-RX] A5 5A 01 81 69 03 01 01 00 19 CC
[17:17:30.426] [JETSON-STATUS] READY: A5 5A 01 81 69 03 01 01 00 19 CC
[17:17:30.721] [JETSON-RX] A5 5A 01 81 6D 03 01 01 00 E8 0C
[17:17:30.721] [JETSON-STATUS] READY: A5 5A 01 81 6D 03 01 01 00 E8 0C
[17:17:31.016] [JETSON-RX] A5 5A 01 81 6F 03 01 01 00 91 CC
[17:17:31.016] [JETSON-STATUS] READY: A5 5A 01 81 6F 03 01 01 00 91 CC
[17:17:31.327] [JETSON-RX] A5 5A 01 81 73 03 01 01 00 40 0E
[17:17:31.327] [JETSON-STATUS] READY: A5 5A 01 81 73 03 01 01 00 40 0E
[17:17:31.354] [JETSON-TX] CAPTURE_CTRL a=1 p=3: A5 5A 01 04 75 02 01 03 0A 57
[17:17:31.405] [ARM-RX] [JETSON_RX] unsupported unified type=0x04 len=2
[17:17:31.638] [JETSON-RX] A5 5A 01 81 77 03 01 01 00 B1 CE
[17:17:31.638] [JETSON-STATUS] READY: A5 5A 01 81 77 03 01 01 00 B1 CE
[17:17:31.934] [JETSON-RX] A5 5A 01 81 7B 03 01 01 00 A1 CF
[17:17:31.934] [JETSON-STATUS] READY: A5 5A 01 81 7B 03 01 01 00 A1 CF
[17:17:32.172] [JETSON-TX] CAPTURE_CTRL a=3 p=3: A5 5A 01 04 7F 02 03 03 08 EF
[17:17:32.213] [ARM-RX] [JETSON_RX] unsupported unified type=0x04 len=2
[17:17:32.229] [JETSON-RX] A5 5A 01 81 7D 03 01 01 00 29 CF
[17:17:32.230] [JETSON-STATUS] READY: A5 5A 01 81 7D 03 01 01 00 29 CF
[17:17:32.526] [JETSON-RX] A5 5A 01 81 83 03 01 01 00 00 1B
[17:17:32.526] [JETSON-STATUS] READY: A5 5A 01 81 83 03 01 01 00 00 1B
[17:17:32.839] [JETSON-RX] A5 5A 01 81 85 03 01 01 00 88 1B
[17:17:32.839] [JETSON-STATUS] READY: A5 5A 01 81 85 03 01 01 00 88 1B
[17:17:33.134] [JETSON-RX] A5 5A 01 81 89 03 01 01 00 98 1A
[17:17:33.134] [JETSON-STATUS] READY: A5 5A 01 81 89 03 01 01 00 98 1A
[17:17:33.429] [JETSON-RX] A5 5A 01 81 8B 03 01 01 00 E1 DA
[17:17:33.429] [JETSON-STATUS] READY: A5 5A 01 81 8B 03 01 01 00 E1 DA
[17:17:33.738] [JETSON-RX] A5 5A 01 81 8E 03 01 01 00 2D DA
[17:17:33.738] [JETSON-STATUS] READY: A5 5A 01 81 8E 03 01 01 00 2D DA
[17:17:33.894] [ARM-RX] [JETSON_RX] crc failed type=0x05 rx=0x9005 calc=0x4DB5
[17:17:34.047] [JETSON-RX] A5 5A 01 81 91 03 01 01 00 B8 18
[17:17:34.047] [JETSON-STATUS] READY: A5 5A 01 81 91 03 01 01 00 B8 18
[17:17:34.340] [JETSON-RX] A5 5A 01 81 95 03 01 01 00 49 D8
[17:17:34.340] [JETSON-STATUS] READY: A5 5A 01 81 95 03 01 01 00 49 D8
[17:17:34.646] [JETSON-RX] A5 5A 01 81 97 03 01 01 00 30 18
[17:17:34.647] [JETSON-STATUS] READY: A5 5A 01 81 97 03 01 01 00 30 18
[17:17:34.957] [JETSON-RX] A5 5A 01 81 9B 03 01 01 00 20 19
[17:17:34.957] [JETSON-STATUS] READY: A5 5A 01 81 9B 03 01 01 00 20 19
[17:17:35.256] [JETSON-RX] A5 5A 01 81 9D 03 01 01 00 A8 19
[17:17:35.256] [JETSON-STATUS] READY: A5 5A 01 81 9D 03 01 01 00 A8 19
[17:17:35.552] [JETSON-RX] A5 5A 01 81 A1 03 01 01 00 F8 1C
[17:17:35.552] [JETSON-STATUS] READY: A5 5A 01 81 A1 03 01 01 00 F8 1C
[17:17:35.847] [JETSON-RX] A5 5A 01 81 A3 03 01 01 00 81 DC
[17:17:35.847] [JETSON-STATUS] READY: A5 5A 01 81 A3 03 01 01 00 81 DC
[17:17:36.156] [JETSON-RX] A5 5A 01 81 A7 03 01 01 00 70 1C
[17:17:36.156] [JETSON-STATUS] READY: A5 5A 01 81 A7 03 01 01 00 70 1C
[17:17:36.448] [JETSON-RX] A5 5A 01 81 A9 03 01 01 00 19 DD
[17:17:36.449] [JETSON-STATUS] READY: A5 5A 01 81 A9 03 01 01 00 19 DD
[17:17:36.743] [JETSON-RX] A5 5A 01 81 AD 03 01 01 00 E8 1D
[17:17:36.743] [JETSON-STATUS] READY: A5 5A 01 81 AD 03 01 01 00 E8 1D
[17:17:36.851] [JETSON-INFO] heartbeat stopped
[17:17:36.852] [JETSON-INFO] safe distance stopped
[17:17:36.852] [JETSON-TX] TARGET_CTRL_STOP_NEW: A5 5A 01 02 B0 01 00 18 0F
[17:17:36.929] [JETSON-RX] A5 5A 01 81 B0 03 04 00 00 15 8E
[17:17:36.929] [ARM-RX] [JETSON_RX] target_ctrl=0
[17:17:36.930] [JETSON-STATUS] TARGET_CTRL_OFF: A5 5A 01 81 B0 03 04 00 00 15 8E
[17:17:36.930] [ARM-RX] ROBOT_SOFT_RESET_EVENT
[17:17:36.931] [ARM-RX] --- Starting soft reset ---
[17:17:36.932] [ARM-RX] [TARGET] WAIT_DETECT -> INIT
[17:17:37.114] [ARM-RX] Soft reset motors enabled (J1~J5, J6 skipped).
[17:17:37.114] [ARM-RX] Soft resetting joint 4...
[17:17:37.114] [ARM-RX] robot_update_current_angle 4...
[17:17:37.114] [ARM-RX] [4] current:80.49, target:90.00, dir:1
[17:17:38.098] [ARM-RX] Soft resetting joint 3...
[17:17:38.098] [ARM-RX] robot_update_current_angle 3...
[17:17:38.098] [ARM-RX] [3] current:-0.00, target:0.00, dir:1
[17:17:38.222] [ARM-RX] Soft resetting joint 1...
[17:17:38.285] [ARM-RX] robot_update_current_angle 1...
[17:17:38.285] [ARM-RX] [1] current:119.37, target:90.00, dir:-1
[17:17:40.196] [ARM-RX] soft reset joint 1 settle timeout, keep going
[17:17:40.196] [ARM-RX] Soft resetting joint 2...
[17:17:40.258] [ARM-RX] robot_update_current_angle 2...
[17:17:40.258] [ARM-RX] [2] current:-51.09, target:-90.00, dir:-1
[17:17:42.475] [ARM-RX] soft reset joint 2 settle timeout, keep going
[17:17:42.475] [ARM-RX] Soft resetting joint 0...
[17:17:42.476] [ARM-RX] robot_update_current_angle 0...
[17:17:42.476] [ARM-RX] [0] current:90.00, target:90.00, dir:1
[17:17:42.597] [ARM-RX] soft reset verify not pass, start refine loop...
[17:17:42.721] [ARM-RX] soft reset refine joint 2 round 1: cur=-85.67 target=-90.00 err=4.33 dir=-1
[17:17:43.708] [ARM-RX] soft reset refine pass 1 success.
[17:17:43.708] [ARM-RX] soft reset final verify PASS (issues:2), pose set HOME.
[17:35:02.833] [ARM-INFO] 已关闭串口
[17:54:21.657] [ARM-INFO] opened COM7 @ 115200
[17:54:24.358] [ARM-TX] 发送命令 soft_reset: soft_reset
[17:54:24.517] [ARM-RX] Found handler for 'soft_reset', executing...
[17:54:24.517] [ARM-RX] ROBOT_SOFT_RESET_EVENT
[17:54:24.517] [ARM-RX] --- Starting soft reset ---
[17:54:24.704] [ARM-RX] Soft reset motors enabled (J1~J5, J6 skipped).
[17:54:24.704] [ARM-RX] Soft resetting joint 4...
[17:54:24.768] [ARM-RX] robot_update_current_angle 4...
[17:54:24.768] [ARM-RX] [4] current:81.53, target:90.00, dir:1
[17:54:25.637] [ARM-RX] Soft resetting joint 3...
[17:54:25.699] [ARM-RX] robot_update_current_angle 3...
[17:54:25.699] [ARM-RX] [3] current:-7.78, target:0.00, dir:1
[17:54:26.883] [ARM-RX] Soft resetting joint 1...
[17:54:26.883] [ARM-RX] robot_update_current_angle 1...
[17:54:26.883] [ARM-RX] [1] current:118.70, target:90.00, dir:-1
[17:54:28.686] [ARM-RX] soft reset joint 1 settle timeout, keep going
[17:54:28.686] [ARM-RX] Soft resetting joint 2...
[17:54:28.749] [ARM-RX] robot_update_current_angle 2...
[17:54:28.749] [ARM-RX] [2] current:-52.72, target:-90.00, dir:-1
[17:54:30.868] [ARM-RX] soft reset joint 2 settle timeout, keep going
[17:54:30.868] [ARM-RX] Soft resetting joint 0...
[17:54:30.868] [ARM-RX] robot_update_current_angle 0...
[17:54:30.870] [ARM-RX] [0] current:97.64, target:90.00, dir:-1
[17:54:32.177] [ARM-RX] soft reset final verify PASS (issues:2), pose set HOME.
[17:54:34.099] [ARM-INFO] 已关闭串口
[17:54:37.236] [JETSON-INFO] heartbeat started: 200 ms
[17:54:37.238] [JETSON-INFO] safe distance started: 120 mm, 200 ms
[17:54:37.239] [JETSON-TX] CAPTURE_CTRL a=1 p=1: A5 5A 01 04 B4 02 01 01 B6 6A
[17:55:43.286] [ARM-INFO] opened COM7 @ 115200
[17:55:45.456] [JETSON-TX] CAPTURE_CTRL a=1 p=1: A5 5A 01 04 5E 02 01 01 82 72
[17:55:45.486] [ARM-RX] [JETSON_RX] capture_ctrl action=1 point=1
[17:55:45.487] [ARM-RX] [CAPTURE] request action=1 point=1
[17:55:45.487] [ARM-RX] ROBOT_AUTO_EVENT
[17:55:45.487] [ARM-RX] AUTO slow profile scale=0.40 target=<0.00 -130.00 -1
[17:55:45.511] [ARM-RX] 5.00>
[17:55:45.511] [ARM-RX] [0] <0.00 0.00 0.00> result: 90.00 90.00 -90.00 0.00 90.00 0.00
[17:55:45.511] [ARM-RX] [1] <0.00 -0.00 -0.00> result: 90.00 90.00 -90.00 0.00 90.00 0.00
[17:55:45.511] [ARM-RX] [2] <0.00 -0.00 -0.00> result: 90.00 90.00 -90.00 0.00 90.00 0.00
[17:55:45.511] [ARM-RX] [3] <0.00 -0.00 -0.00> result: 90.00 90.00 -90.00
[17:55:45.543] [ARM-RX] 0.00 90.00 0.00
[17:55:45.543] [ARM-RX] [4] <0.00 -0.01 -0.00> result: 90.00 90.00 -90.00 0.00 90.00 0.00
[17:55:45.543] [ARM-RX] [5] <0.00 -0.01 -0.00> result: 90.00 90.00 -90.00 0.00 90.00 0.00
[17:55:45.544] [ARM-RX] [6] <0.00 -0.02 -0.00> result: 90.00 90.01 -90.00 0.00 90.00 0.00
[17:55:45.544] [ARM-RX] [7] <0.00 -0.03 -0.00> result: 90.00 9
[17:55:45.565] [ARM-RX] 0.01 -89.99 0.00 90.00 0.00
[17:55:45.565] [ARM-RX] [8] <0.00 -0.04 -0.00> result: 90.00 90.02 -89.99 0.00 90.01 0.00
[17:55:45.565] [ARM-RX] [9] <0.00 -0.06 -0.01> result: 90.00 90.02 -89.98 0.00 90.01 0.00
[17:55:45.565] [ARM-RX] [10] <0.00 -0.08 -0.01> result: 90.00 90.03 -89.98 0.00 90.01 0.00
[17:55:45.566] [ARM-RX] [11] <0.00 -0.10 -0.01> r
[17:55:45.588] [ARM-RX] esult: 90.00 90.04 -89.97 0.00 90.01 0.00
[17:55:45.588] [ARM-RX] [12] <0.00 -0.13 -0.01> result: 90.00 90.05 -89.96 0.00 90.02 0.00
[17:55:45.589] [ARM-RX] [13] <0.00 -0.16 -0.02> result: 90.00 90.07 -89.96 0.00 90.02 0.00
[17:55:45.589] [ARM-RX] [14] <0.00 -0.20 -0.02> result: 90.00 90.08 -89.95 0.00 90.03 0.00
[17:55:45.589] [ARM-RX] [15] <0.0
[17:55:45.613] [ARM-RX] 0 -0.24 -0.03> result: 90.00 90.10 -89.93 0.00 90.03 0.00
[17:55:45.613] [ARM-RX] [16] <0.00 -0.29 -0.03> result: 90.00 90.12 -89.92 0.00 90.04 0.00
[17:55:45.614] [ARM-RX] [17] <0.00 -0.35 -0.04> result: 90.00 90.14 -89.90 0.00 90.05 0.00
[17:55:45.614] [ARM-RX] [18] <0.00 -0.41 -0.05> result: 90.00 90.17 -89.89 0.00 90.06
[17:55:45.634] [ARM-RX] 0.00
[17:55:45.634] [ARM-RX] [19] <0.00 -0.48 -0.06> result: 90.00 90.20 -89.87 0.00 90.07 0.00
[17:55:45.634] [ARM-RX] [20] <0.00 -0.56 -0.06> result: 90.00 90.23 -89.85 0.00 90.08 0.00
[17:55:45.634] [ARM-RX] [21] <0.00 -0.64 -0.07> result: 90.00 90.26 -89.82 0.00 90.09 0.00
[17:55:45.635] [ARM-RX] [22] <0.00 -0.73 -0.08> result: 90.00 90.30 -
[17:55:45.657] [ARM-RX] 89.80 0.00 90.10 0.00
[17:55:45.657] [ARM-RX] [23] <0.00 -0.83 -0.10> result: 90.00 90.34 -89.77 0.00 90.11 0.00
[17:55:45.658] [ARM-RX] [24] <0.00 -0.94 -0.11> result: 90.00 90.39 -89.74 0.00 90.13 0.00
[17:55:45.658] [ARM-RX] [25] <0.00 -1.06 -0.12> result: 90.00 90.43 -89.71 0.00 90.14 0.00
[17:55:45.658] [ARM-RX] [26] <0.00 -1.18 -0.14> resul
[17:55:45.680] [ARM-RX] t: 90.00 90.48 -89.67 0.00 90.16 0.00
[17:55:45.680] [ARM-RX] [27] <0.00 -1.32 -0.15> result: 90.00 90.54 -89.64 0.00 90.17 0.00
[17:55:45.680] [ARM-RX] [28] <0.00 -1.46 -0.17> result: 90.00 90.60 -89.60 0.00 90.19 0.00
[17:55:45.680] [ARM-RX] [29] <0.00 -1.62 -0.19> result: 90.00 90.66 -89.55 0.00 90.21 0.00
[17:55:45.681] [ARM-RX] [30] <0.00 -1
[17:55:45.716] [ARM-RX] .78 -0.21> result: 90.00 90.72 -89.51 0.00 90.23 0.00
[17:55:45.716] [ARM-RX] [31] <0.00 -1.96 -0.23> result: 90.00 90.79 -89.46 0.00 90.25 0.00
[17:55:45.717] [ARM-RX] [32] <0.00 -2.14 -0.25> result: 90.00 90.87 -89.41 0.00 90.27 0.00
[17:55:45.717] [ARM-RX] [33] <0.00 -2.34 -0.27> result: 90.00 90.94 -89.35 0.00 90.30 0.0
[17:55:45.737] [ARM-RX] 0
[17:55:45.737] [ARM-RX] [34] <0.00 -2.54 -0.29> result: 90.00 91.02 -89.30 0.00 90.32 0.00
[17:55:45.738] [ARM-RX] [35] <0.00 -2.76 -0.32> result: 90.00 91.11 -89.24 0.00 90.34 0.00
[17:55:45.738] [ARM-RX] [36] <0.00 -2.99 -0.34> result: 90.00 91.20 -89.17 0.00 90.37 0.00
[17:55:45.738] [ARM-RX] [37] <0.00 -3.23 -0.37> result: 90.00 91.29 -89.1
[17:55:45.765] [ARM-RX] 0 0.00 90.39 0.00
[17:55:45.765] [ARM-RX] [38] <0.00 -3.48 -0.40> result: 90.00 91.38 -89.04 0.00 90.42 0.00
[17:55:45.765] [ARM-RX] [39] <0.00 -3.74 -0.43> result: 90.00 91.48 -88.96 0.00 90.45 0.00
[17:55:45.766] [ARM-RX] [40] <0.00 -4.02 -0.46> result: 90.00 91.59 -88.89 0.00 90.47 0.00
[17:55:45.766] [ARM-RX] [41] <0.00 -4.30 -0.50> result: 9
[17:55:45.783] [ARM-RX] 0.00 91.69 -88.81 0.00 90.50 0.00
[17:55:45.783] [ARM-RX] [42] <0.00 -4.60 -0.53> result: 90.00 91.81 -88.72 0.00 90.53 0.00
[17:55:45.783] [ARM-RX] [43] <0.00 -4.91 -0.57> result: 90.00 91.92 -88.64 0.00 90.56 0.00
[17:55:45.784] [ARM-RX] [44] <0.00 -5.23 -0.60> result: 90.00 92.04 -88.55 0.00 90.58 0.00
[17:55:45.784] [ARM-RX] [45] <0.00 -5.56
[17:55:45.805] [ARM-RX] -0.64> result: 90.00 92.16 -88.45 0.00 90.61 0.00
[17:55:45.806] [ARM-RX] [46] <0.00 -5.90 -0.68> result: 90.00 92.28 -88.36 0.00 90.64 0.00
[17:55:45.806] [ARM-RX] [47] <0.00 -6.26 -0.72> result: 90.00 92.41 -88.26 0.00 90.67 0.00
[17:55:45.806] [ARM-RX] [48] <0.00 -6.63 -0.76> result: 90.00 92.55 -88.15 0.00 90.70 0.00
[17:55:45.807] [ARM-RX] [
[17:55:45.829] [ARM-RX] 49] <0.00 -7.01 -0.81> result: 90.00 92.68 -88.05 0.00 90.73 0.00
[17:55:45.829] [ARM-RX] [50] <0.00 -7.40 -0.85> result: 90.00 92.82 -87.94 0.00 90.76 0.00
[17:55:45.829] [ARM-RX] [51] <0.00 -7.80 -0.90> result: 90.00 92.96 -87.82 0.00 90.78 0.00
[17:55:45.829] [ARM-RX] [52] <0.00 -8.22 -0.95> result: 90.00 93.10 -87.71 0.
[17:55:45.852] [ARM-RX] 00 90.81 0.00
[17:55:45.852] [ARM-RX] [53] <0.00 -8.65 -1.00> result: 90.00 93.25 -87.58 0.00 90.84 0.00
[17:55:45.852] [ARM-RX] [54] <0.00 -9.08 -1.05> result: 90.00 93.40 -87.46 0.00 90.86 0.00
[17:55:45.852] [ARM-RX] [55] <0.00 -9.53 -1.10> result: 90.00 93.55 -87.33 0.00 90.89 0.00
[17:55:45.852] [ARM-RX] [56] <0.00 -10.00 -1.15> result: 90.0
[17:55:45.875] [ARM-RX] 0 93.71 -87.20 0.00 90.91 0.00
[17:55:45.875] [ARM-RX] [57] <0.00 -10.47 -1.21> result: 90.00 93.87 -87.07 0.00 90.94 0.00
[17:55:45.875] [ARM-RX] [58] <0.00 -10.95 -1.26> result: 90.00 94.03 -86.93 0.00 90.96 0.00
[17:55:45.875] [ARM-RX] [59] <0.00 -11.45 -1.32> result: 90.00 94.19 -86.79 0.00 90.98 0.00
[17:55:45.875] [ARM-RX] [60] <0.00 -11.96
[17:55:45.934] [ARM-RX] -1.38> result: 90.00 94.35 -86.65 0.00 91.00 0.00
[17:55:45.935] [ARM-RX] [61] <0.00 -12.47 -1.44> result: 90.00 94.52 -86.50 0.00 91.02 0.00
[17:55:45.935] [ARM-RX] [62] <0.00 -13.00 -1.50> result: 90.00 94.69 -86.35 0.00 91.04 0.00
[17:55:45.935] [ARM-RX] [63] <0.00 -13.54 -1.56> result: 90.00 94.86 -86.19 0.00
[17:55:45.944] [ARM-RX] 91.05 0.00
[17:55:45.945] [ARM-RX] [64] <0.00 -14.09 -1.63> result: 90.00 95.03 -86.04 0.00 91.07 0.00
[17:55:45.945] [ARM-RX] [65] <0.00 -14.65 -1.69> result: 90.00 95.20 -85.88 0.00 91.08 0.00
[17:55:45.945] [ARM-RX] [66] <0.00 -15.21 -1.76> result: 90.00 95.38 -85.72 0.00 91.09 0.00
[17:55:45.945] [ARM-RX] [67] <0.00 -15.79 -1.82> result: 90.0
[17:55:45.955] [ARM-RX] 0 95.55 -85.55 0.00 91.10 0.00
[17:55:45.955] [ARM-RX] [68] <0.00 -16.38 -1.89> result: 90.00 95.73 -85.38 0.00 91.11 0.00
[17:55:45.956] [ARM-RX] [69] <0.00 -16.97 -1.96> result: 90.00 95.91 -85.21 0.00 91.12 0.00
[17:55:45.956] [ARM-RX] [70] <0.00 -17.58 -2.03> result: 90.00 96.09 -85.04 0.00 91.13 0.00
[17:55:45.956] [ARM-RX] [71] <0.00 -18.19
[17:55:45.981] [ARM-RX] -2.10> result: 90.00 96.27 -84.86 0.00 91.13 0.00
[17:55:45.981] [ARM-RX] [72] <0.00 -18.81 -2.17> result: 90.00 96.45 -84.68 0.00 91.13 0.00
[17:55:45.982] [ARM-RX] [73] <0.00 -19.44 -2.24> result: 90.00 96.63 -84.50 0.00 91.13 0.00
[17:55:45.982] [ARM-RX] [74] <0.00 -20.08 -2.32> result: 90.00 96.81 -84.32 0.00 91.13 0.0
[17:55:46.002] [ARM-RX] 0
[17:55:46.003] [ARM-RX] [75] <0.00 -20.72 -2.39> result: 90.00 97.00 -84.13 0.00 91.13 0.00
[17:55:46.003] [ARM-RX] [76] <0.00 -21.37 -2.47> result: 90.00 97.18 -83.94 0.00 91.12 0.00
[17:55:46.003] [ARM-RX] [77] <0.00 -22.03 -2.54> result: 90.00 97.36 -83.75 0.00 91.12 0.00
[17:55:46.003] [ARM-RX] [78] <0.00 -22.70 -2.62> result: 90.00 97.55 -
[17:55:46.024] [ARM-RX] 83.56 0.00 91.11 0.00
[17:55:46.024] [ARM-RX] [79] <0.00 -23.37 -2.70> result: 90.00 97.73 -83.37 0.00 91.10 0.00
[17:55:46.025] [ARM-RX] [80] <0.00 -24.04 -2.77> result: 90.00 97.92 -83.17 0.00 91.08 0.00
[17:55:46.025] [ARM-RX] [81] <0.00 -24.72 -2.85> result: 90.00 98.10 -82.97 0.00 91.07 0.00
[17:55:46.025] [ARM-RX] [82] <0.00 -25.41 -2.93> r
[17:55:46.047] [ARM-RX] esult: 90.00 98.28 -82.77 0.00 91.05 0.00
[17:55:46.047] [ARM-RX] [83] <0.00 -26.10 -3.01> result: 90.00 98.47 -82.57 0.00 91.04 0.00
[17:55:46.048] [ARM-RX] [84] <0.00 -26.79 -3.09> result: 90.00 98.65 -82.37 0.00 91.02 0.00
[17:55:46.048] [ARM-RX] [85] <0.00 -27.49 -3.17> result: 90.00 98.83 -82.16 0.00 91.00 0.00
[17:55:46.048] [ARM-RX] [86] <
[17:55:46.070] [ARM-RX] 0.00 -28.19 -3.25> result: 90.00 99.01 -81.96 0.00 90.97 0.00
[17:55:46.070] [ARM-RX] [87] <0.00 -28.90 -3.33> result: 90.00 99.20 -81.75 0.00 90.95 0.00
[17:55:46.070] [ARM-RX] [88] <0.00 -29.61 -3.42> result: 90.00 99.38 -81.55 0.00 90.92 0.00
[17:55:46.070] [ARM-RX] [89] <0.00 -30.32 -3.50> result: 90.00 99.56 -81.34 0.0
[17:55:46.110] [ARM-RX] 0 90.90 0.00
[17:55:46.111] [ARM-RX] [90] <0.00 -31.03 -3.58> result: 90.00 99.74 -81.13 0.00 90.87 0.00
[17:55:46.111] [ARM-RX] [91] <0.00 -31.74 -3.66> result: 90.00 99.92 -80.92 0.00 90.84 0.00
[17:55:46.111] [ARM-RX] [92] <0.00 -32.46 -3.74> result: 90.00 100.09 -80.71 0.00 90.80 0.00
[17:55:46.112] [ARM-RX] [93] <0.00 -33.17 -3.83> result: 9
[17:55:46.127] [ARM-RX] 0.00 100.27 -80.50 0.00 90.77 0.00
[17:55:46.128] [ARM-RX] [94] <0.00 -33.89 -3.91> result: 90.00 100.44 -80.29 0.00 90.74 0.00
[17:55:46.128] [ARM-RX] [95] <0.00 -34.60 -3.99> result: 90.00 100.62 -80.08 0.00 90.70 0.00
[17:55:46.128] [ARM-RX] [96] <0.00 -35.32 -4.07> result: 90.00 100.79 -79.87 0.00 90.66 0.00
[17:55:46.128] [ARM-RX] [97] <0.00
[17:55:46.149] [ARM-RX] -36.03 -4.16> result: 90.00 100.96 -79.66 0.00 90.62 0.00
[17:55:46.150] [ARM-RX] [98] <0.00 -36.75 -4.24> result: 90.00 101.14 -79.45 0.00 90.58 0.00
[17:55:46.150] [ARM-RX] [99] <0.00 -37.46 -4.32> result: 90.00 101.31 -79.24 0.00 90.54 0.00
[17:55:46.150] [ARM-RX] [100] <0.00 -38.18 -4.41> result: 90.00 101.47 -79.02 0.
[17:55:46.175] [ARM-RX] 00 90.50 0.00
[17:55:46.175] [ARM-RX] [101] <0.00 -38.89 -4.49> result: 90.00 101.64 -78.81 0.00 90.46 0.00
[17:55:46.175] [ARM-RX] [102] <0.00 -39.61 -4.57> result: 90.00 101.81 -78.60 0.00 90.41 0.00
[17:55:46.175] [ARM-RX] [103] <0.00 -40.32 -4.65> result: 90.00 101.98 -78.39 0.00 90.37 0.00
[17:55:46.176] [ARM-RX] [104] <0.00 -41.04 -4.74> re
[17:55:46.198] [ARM-RX] sult: 90.00 102.14 -78.18 0.00 90.32 0.00
[17:55:46.198] [ARM-RX] [105] <0.00 -41.75 -4.82> result: 90.00 102.31 -77.96 0.00 90.27 0.00
[17:55:46.199] [ARM-RX] [106] <0.00 -42.47 -4.90> result: 90.00 102.47 -77.75 0.00 90.22 0.00
[17:55:46.199] [ARM-RX] [107] <0.00 -43.18 -4.98> result: 90.00 102.63 -77.54 0.00 90.17 0.00
[17:55:46.224] [ARM-RX] [108] <0.00 -43.90 -5.07> result: 90.00 102.79 -77.33 0.00 90.12 0.00
[17:55:46.224] [ARM-RX] [109] <0.00 -44.61 -5.15> result: 90.00 102.95 -77.11 0.00 90.07 0.00
[17:55:46.225] [ARM-RX] [110] <0.00 -45.33 -5.23> result: 90.00 103.12 -76.90 0.00 90.02 0.00
[17:55:46.225] [ARM-RX] [111] <0.00 -46.05 -5.31> result: 90.00 103
[17:55:46.244] [ARM-RX] .27 -76.69 0.00 89.96 0.00
[17:55:46.244] [ARM-RX] [112] <0.00 -46.76 -5.40> result: 90.00 103.43 -76.47 0.00 89.91 0.00
[17:55:46.245] [ARM-RX] [113] <0.00 -47.48 -5.48> result: 90.00 103.59 -76.26 0.00 89.85 0.00
[17:55:46.245] [ARM-RX] [114] <0.00 -48.19 -5.56> result: 90.00 103.75 -76.05 0.00 89.80 0.00
[17:55:46.245] [ARM-RX] [115] <0.00 -48
[17:55:46.265] [ARM-RX] .91 -5.64> result: 90.00 103.91 -75.83 0.00 89.74 0.00
[17:55:46.265] [ARM-RX] [116] <0.00 -49.62 -5.73> result: 90.00 104.06 -75.62 0.00 89.68 0.00
[17:55:46.266] [ARM-RX] [117] <0.00 -50.34 -5.81> result: 90.00 104.22 -75.40 0.00 89.62 0.00
[17:55:46.266] [ARM-RX] [118] <0.00 -51.05 -5.89> result: 90.00 104.37 -75.19 0.00
[17:55:46.300] [ARM-RX] 89.56 0.00
[17:55:46.300] [ARM-RX] [119] <0.00 -51.77 -5.97> result: 90.00 104.53 -74.98 0.00 89.50 0.00
[17:55:46.300] [ARM-RX] [120] <0.00 -52.48 -6.06> result: 90.00 104.68 -74.76 0.00 89.44 0.00
[17:55:46.300] [ARM-RX] [121] <0.00 -53.20 -6.14> result: 90.00 104.83 -74.55 0.00 89.38 0.00
[17:55:46.301] [ARM-RX] [122] <0.00 -53.91 -6.22> resu
[17:55:46.326] [ARM-RX] lt: 90.00 104.99 -74.33 0.00 89.32 0.00
[17:55:46.326] [ARM-RX] [123] <0.00 -54.63 -6.30> result: 90.00 105.14 -74.12 0.00 89.25 0.00
[17:55:46.327] [ARM-RX] [124] <0.00 -55.34 -6.39> result: 90.00 105.29 -73.90 0.00 89.19 0.00
[17:55:46.327] [ARM-RX] [125] <0.00 -56.06 -6.47> result: 90.00 105.44 -73.68 0.00 89.12 0.00
[17:55:46.327] [ARM-RX] [1
[17:55:46.348] [ARM-RX] 26] <0.00 -56.77 -6.55> result: 90.00 105.59 -73.47 0.00 89.06 0.00
[17:55:46.348] [ARM-RX] [127] <0.00 -57.49 -6.63> result: 90.00 105.74 -73.25 0.00 88.99 0.00
[17:55:46.349] [ARM-RX] [128] <0.00 -58.20 -6.72> result: 90.00 105.89 -73.04 0.00 88.93 0.00
[17:55:46.349] [ARM-RX] [129] <0.00 -58.92 -6.80> result: 90.00 106.0
[17:55:46.369] [ARM-RX] 4 -72.82 0.00 88.86 0.00
[17:55:46.369] [ARM-RX] [130] <0.00 -59.64 -6.88> result: 90.00 106.19 -72.60 0.00 88.79 0.00
[17:55:46.369] [ARM-RX] [131] <0.00 -60.35 -6.96> result: 90.00 106.33 -72.39 0.00 88.72 0.00
[17:55:46.369] [ARM-RX] [132] <0.00 -61.07 -7.05> result: 90.00 106.48 -72.17 0.00 88.65 0.00
[17:55:46.369] [ARM-RX] [133] <0.00 -61.7
[17:55:46.392] [ARM-RX] 8 -7.13> result: 90.00 106.63 -71.95 0.00 88.58 0.00
[17:55:46.392] [ARM-RX] [134] <0.00 -62.50 -7.21> result: 90.00 106.77 -71.74 0.00 88.51 0.00
[17:55:46.393] [ARM-RX] [135] <0.00 -63.21 -7.29> result: 90.00 106.92 -71.52 0.00 88.44 0.00
[17:55:46.393] [ARM-RX] [136] <0.00 -63.93 -7.38> result: 90.00 107.07 -71.30 0.00 8
[17:55:46.415] [ARM-RX] 8.37 0.00
[17:55:46.416] [ARM-RX] [137] <0.00 -64.64 -7.46> result: 90.00 107.21 -71.09 0.00 88.30 0.00
[17:55:46.416] [ARM-RX] [138] <0.00 -65.36 -7.54> result: 90.00 107.36 -70.87 0.00 88.22 0.00
[17:55:46.416] [ARM-RX] [139] <0.00 -66.07 -7.62> result: 90.00 107.50 -70.65 0.00 88.15 0.00
[17:55:46.416] [ARM-RX] [140] <0.00 -66.79 -7.71> result
[17:55:46.438] [ARM-RX] : 90.00 107.64 -70.43 0.00 88.08 0.00
[17:55:46.438] [ARM-RX] [141] <0.00 -67.50 -7.79> result: 90.00 107.79 -70.21 0.00 88.00 0.00
[17:55:46.438] [ARM-RX] [142] <0.00 -68.22 -7.87> result: 90.00 107.93 -70.00 0.00 87.93 0.00
[17:55:46.439] [ARM-RX] [143] <0.00 -68.93 -7.95> result: 90.00 108.07 -69.78 0.00 87.85 0.00
[17:55:46.439] [ARM-RX] [144
[17:55:46.495] [ARM-RX] ] <0.00 -69.65 -8.04> result: 90.00 108.22 -69.56 0.00 87.78 0.00
[17:55:46.495] [ARM-RX] [145] <0.00 -70.36 -8.12> result: 90.00 108.36 -69.34 0.00 87.70 0.00
[17:55:46.495] [ARM-RX] [146] <0.00 -71.08 -8.20> result: 90.00 108.50 -69.12 0.00 87.62 0.00
[17:55:46.495] [ARM-RX] [147] <0.00 -71.79 -8.28> result: 90.00
[17:55:46.508] [ARM-RX] 108.64 -68.90 0.00 87.54 0.00
[17:55:46.508] [ARM-RX] [148] <0.00 -72.51 -8.37> result: 90.00 108.78 -68.68 0.00 87.47 0.00
[17:55:46.508] [ARM-RX] [149] <0.00 -73.23 -8.45> result: 90.00 108.93 -68.46 0.00 87.39 0.00
[17:55:46.509] [ARM-RX] [150] <0.00 -73.94 -8.53> result: 90.00 109.07 -68.24 0.00 87.31 0.00
[17:55:46.509] [ARM-RX] [151] <0.00
[17:55:46.520] [ARM-RX] -74.66 -8.61> result: 90.00 109.21 -68.02 0.00 87.23 0.00
[17:55:46.520] [ARM-RX] [152] <0.00 -75.37 -8.70> result: 90.00 109.35 -67.80 0.00 87.15 0.00
[17:55:46.520] [ARM-RX] [153] <0.00 -76.09 -8.78> result: 90.00 109.49 -67.58 0.00 87.07 0.00
[17:55:46.521] [ARM-RX] [154] <0.00 -76.80 -8.86> result: 90.00 109.63 -67.36
[17:55:46.540] [ARM-RX] 0.00 86.99 0.00
[17:55:46.541] [ARM-RX] [155] <0.00 -77.52 -8.94> result: 90.00 109.76 -67.14 0.00 86.91 0.00
[17:55:46.541] [ARM-RX] [156] <0.00 -78.23 -9.03> result: 90.00 109.90 -66.92 0.00 86.83 0.00
[17:55:46.541] [ARM-RX] [157] <0.00 -78.95 -9.11> result: 90.00 110.04 -66.70 0.00 86.74 0.00
[17:55:46.546] [ARM-RX] [158] <0.00 -79.66 -9.19>
[17:55:46.564] [ARM-RX] result: 90.00 110.18 -66.48 0.00 86.66 0.00
[17:55:46.564] [ARM-RX] [159] <0.00 -80.38 -9.27> result: 90.00 110.32 -66.26 0.00 86.58 0.00
[17:55:46.564] [ARM-RX] [160] <0.00 -81.09 -9.36> result: 90.00 110.46 -66.04 0.00 86.50 0.00
[17:55:46.565] [ARM-RX] [161] <0.00 -81.81 -9.44> result: 90.00 110.60 -65.82 0.00 86.41 0.00
[17:55:46.586] [ARM-RX] [162] <0.00 -82.52 -9.52> result: 90.00 110.73 -65.59 0.00 86.33 0.00
[17:55:46.588] [ARM-RX] [163] <0.00 -83.24 -9.60> result: 90.00 110.87 -65.37 0.00 86.24 0.00
[17:55:46.588] [ARM-RX] [164] <0.00 -83.95 -9.69> result: 90.00 111.01 -65.15 0.00 86.16 0.00
[17:55:46.588] [ARM-RX] [165] <0.00 -84.67 -9.77> result: 90.00 1
[17:55:46.610] [ARM-RX] 11.14 -64.93 0.00 86.07 0.00
[17:55:46.610] [ARM-RX] [166] <0.00 -85.38 -9.85> result: 90.00 111.28 -64.71 0.00 85.99 0.00
[17:55:46.610] [ARM-RX] [167] <0.00 -86.10 -9.93> result: 90.00 111.42 -64.48 0.00 85.90 0.00
[17:55:46.611] [ARM-RX] [168] <0.00 -86.81 -10.02> result: 90.00 111.55 -64.26 0.00 85.81 0.00
[17:55:46.611] [ARM-RX] [169] <0.00
[17:55:46.632] [ARM-RX] -87.53 -10.10> result: 90.00 111.69 -64.04 0.00 85.73 0.00
[17:55:46.634] [ARM-RX] [170] <0.00 -88.25 -10.18> result: 90.00 111.83 -63.81 0.00 85.64 0.00
[17:55:46.634] [ARM-RX] [171] <0.00 -88.96 -10.26> result: 90.00 111.96 -63.59 0.00 85.55 0.00
[17:55:46.634] [ARM-RX] [172] <0.00 -89.68 -10.35> result: 90.00 112.10 -63.
[17:55:46.667] [ARM-RX] 37 0.00 85.46 0.00
[17:55:46.667] [ARM-RX] [173] <0.00 -90.39 -10.43> result: 90.00 112.23 -63.14 0.00 85.38 0.00
[17:55:46.667] [ARM-RX] [174] <0.00 -91.11 -10.51> result: 90.00 112.37 -62.92 0.00 85.29 0.00
[17:55:46.668] [ARM-RX] [175] <0.00 -91.82 -10.59> result: 90.00 112.50 -62.70 0.00 85.20 0.00
[17:55:46.668] [ARM-RX] [176] <0.00 -92.54 -
[17:55:46.690] [ARM-RX] 10.68> result: 90.00 112.64 -62.47 0.00 85.11 0.00
[17:55:46.690] [ARM-RX] [177] <0.00 -93.25 -10.76> result: 90.00 112.77 -62.25 0.00 85.02 0.00
[17:55:46.690] [ARM-RX] [178] <0.00 -93.97 -10.84> result: 90.00 112.91 -62.02 0.00 84.93 0.00
[17:55:46.690] [ARM-RX] [179] <0.00 -94.68 -10.92> result: 90.00 113.04 -61.80 0.00
[17:55:46.713] [ARM-RX] 84.84 0.00
[17:55:46.713] [ARM-RX] [180] <0.00 -95.40 -11.01> result: 90.00 113.18 -61.57 0.00 84.75 0.00
[17:55:46.713] [ARM-RX] [181] <0.00 -96.11 -11.09> result: 90.00 113.31 -61.35 0.00 84.66 0.00
[17:55:46.714] [ARM-RX] [182] <0.00 -96.83 -11.17> result: 90.00 113.44 -61.12 0.00 84.57 0.00
[17:55:46.714] [ARM-RX] [183] <0.00 -97.54 -11.26> r
[17:55:46.736] [ARM-RX] esult: 90.00 113.58 -60.90 0.00 84.48 0.00
[17:55:46.736] [ARM-RX] [184] <0.00 -98.26 -11.34> result: 90.00 113.71 -60.67 0.00 84.38 0.00
[17:55:46.737] [ARM-RX] [185] <0.00 -98.97 -11.42> result: 90.00 113.85 -60.45 0.00 84.29 0.00
[17:55:46.737] [ARM-RX] [186] <0.00 -99.68 -11.50> result: 90.00 113.98 -60.22 0.00 84.20 0.
[17:55:46.759] [ARM-RX] 00
[17:55:46.759] [ARM-RX] [187] <0.00 -100.39 -11.58> result: 90.00 114.11 -60.00 0.00 84.11 0.00
[17:55:46.759] [ARM-RX] [188] <0.00 -101.10 -11.67> result: 90.00 114.24 -59.77 0.00 84.01 0.00
[17:55:46.760] [ARM-RX] [189] <0.00 -101.80 -11.75> result: 90.00 114.37 -59.55 0.00 83.92 0.00
[17:55:46.760] [ARM-RX] [190] <0.00 -102.51 -11.83> resul
[17:55:46.788] [ARM-RX] t: 90.00 114.50 -59.33 0.00 83.83 0.00
[17:55:46.788] [ARM-RX] [191] <0.00 -103.20 -11.91> result: 90.00 114.63 -59.10 0.00 83.74 0.00
[17:55:46.788] [ARM-RX] [192] <0.00 -103.90 -11.99> result: 90.00 114.76 -58.88 0.00 83.65 0.00
[17:55:46.789] [ARM-RX] [193] <0.00 -104.59 -12.07> result: 90.00 114.89 -58.66 0.00 83.56 0.0
[17:55:46.805] [ARM-RX] 0
[17:55:46.805] [ARM-RX] [194] <0.00 -105.28 -12.15> result: 90.00 115.02 -58.44 0.00 83.46 0.00
[17:55:46.806] [ARM-RX] [195] <0.00 -105.96 -12.23> result: 90.00 115.15 -58.23 0.00 83.37 0.00
[17:55:46.806] [ARM-RX] [196] <0.00 -106.63 -12.30> result: 90.00 115.27 -58.01 0.00 83.28 0.00
[17:55:46.806] [ARM-RX] [197] <0.00 -107.30 -12.38> result
[17:55:46.829] [ARM-RX] : 90.00 115.40 -57.80 0.00 83.19 0.00
[17:55:46.829] [ARM-RX] [198] <0.00 -107.97 -12.46> result: 90.00 115.52 -57.59 0.00 83.10 0.00
[17:55:46.830] [ARM-RX] [199] <0.00 -108.62 -12.53> result: 90.00 115.64 -57.38 0.00 83.02 0.00
[17:55:46.830] [ARM-RX] [200] <0.00 -109.28 -12.61> result: 90.00 115.76 -57.17 0.00 82.93 0.00
[17:55:46.862] [ARM-RX] [201] <0.00 -109.92 -12.68> result: 90.00 115.88 -56.96 0.00 82.84 0.00
[17:55:46.862] [ARM-RX] [202] <0.00 -110.56 -12.76> result: 90.00 116.00 -56.76 0.00 82.75 0.00
[17:55:46.862] [ARM-RX] [203] <0.00 -111.19 -12.83> result: 90.00 116.11 -56.55 0.00 82.67 0.00
[17:55:46.862] [ARM-RX] [204] <0.00 -111.81 -12.90> result:
[17:55:46.887] [ARM-RX] 90.00 116.23 -56.36 0.00 82.58 0.00
[17:55:46.887] [ARM-RX] [205] <0.00 -112.42 -12.97> result: 90.00 116.34 -56.16 0.00 82.50 0.00
[17:55:46.887] [ARM-RX] [206] <0.00 -113.02 -13.04> result: 90.00 116.45 -55.96 0.00 82.42 0.00
[17:55:46.887] [ARM-RX] [207] <0.00 -113.62 -13.11> result: 90.00 116.56 -55.77 0.00 82.33 0.00
[17:55:46.908] [ARM-RX] [208] <0.00 -114.21 -13.18> result: 90.00 116.67 -55.58 0.00 82.25 0.00
[17:55:46.908] [ARM-RX] [209] <0.00 -114.79 -13.24> result: 90.00 116.78 -55.40 0.00 82.17 0.00
[17:55:46.909] [ARM-RX] [210] <0.00 -115.35 -13.31> result: 90.00 116.88 -55.21 0.00 82.10 0.00
[17:55:46.909] [ARM-RX] [211] <0.00 -115.91 -13.37> result:
[17:55:46.931] [ARM-RX] 90.00 116.99 -55.03 0.00 82.02 0.00
[17:55:46.931] [ARM-RX] [212] <0.00 -116.46 -13.44> result: 90.00 117.09 -54.86 0.00 81.94 0.00
[17:55:46.931] [ARM-RX] [213] <0.00 -117.00 -13.50> result: 90.00 117.19 -54.68 0.00 81.87 0.00
[17:55:46.932] [ARM-RX] [214] <0.00 -117.53 -13.56> result: 90.00 117.28 -54.51 0.00 81.79 0.00
[17:55:46.953] [ARM-RX] [215] <0.00 -118.04 -13.62> result: 90.00 117.38 -54.34 0.00 81.72 0.00
[17:55:46.954] [ARM-RX] [216] <0.00 -118.55 -13.68> result: 90.00 117.47 -54.18 0.00 81.65 0.00
[17:55:46.954] [ARM-RX] [217] <0.00 -119.05 -13.74> result: 90.00 117.56 -54.02 0.00 81.58 0.00
[17:55:46.954] [ARM-RX] [218] <0.00 -119.53 -13.79> result: 9
[17:55:46.977] [ARM-RX] 0.00 117.65 -53.86 0.00 81.51 0.00
[17:55:46.978] [ARM-RX] [219] <0.00 -120.00 -13.85> result: 90.00 117.74 -53.71 0.00 81.45 0.00
[17:55:46.978] [ARM-RX] [220] <0.00 -120.47 -13.90> result: 90.00 117.82 -53.56 0.00 81.38 0.00
[17:55:46.978] [ARM-RX] [221] <0.00 -120.92 -13.95> result: 90.00 117.91 -53.41 0.00 81.32 0.00
[17:55:46.978] [ARM-RX] [
[17:55:47.004] [ARM-RX] 222] <0.00 -121.35 -14.00> result: 90.00 117.99 -53.27 0.00 81.25 0.00
[17:55:47.004] [ARM-RX] [223] <0.00 -121.78 -14.05> result: 90.00 118.07 -53.13 0.00 81.19 0.00
[17:55:47.004] [ARM-RX] [224] <0.00 -122.20 -14.10> result: 90.00 118.14 -52.99 0.00 81.13 0.00
[17:55:47.005] [ARM-RX] [225] <0.00 -122.60 -14.15> result: 90
[17:55:47.057] [ARM-RX] .00 118.22 -52.86 0.00 81.08 0.00
[17:55:47.057] [ARM-RX] [226] <0.00 -122.99 -14.19> result: 90.00 118.29 -52.73 0.00 81.02 0.00
[17:55:47.057] [ARM-RX] [227] <0.00 -123.37 -14.24> result: 90.00 118.36 -52.61 0.00 80.97 0.00
[17:55:47.058] [ARM-RX] [228] <0.00 -123.74 -14.28> result: 90.00 118.43 -52.49 0.00 80.91 0.00
[17:55:47.058] [ARM-RX] [2
[17:55:47.059] [ARM-RX] 29] <0.00 -124.10 -14.32> result: 90.00 118.49 -52.37 0.00 80.86 0.00
[17:55:47.059] [ARM-RX] [230] <0.00 -124.44 -14.36> result: 90.00 118.55 -52.26 0.00 80.81 0.00
[17:55:47.059] [ARM-RX] [231] <0.00 -124.77 -14.40> result: 90.00 118.62 -52.15 0.00 80.77 0.00
[17:55:47.059] [ARM-RX] [232] <0.00 -125.09 -14.43> result: 90.
[17:55:47.079] [ARM-RX] 00 118.67 -52.05 0.00 80.72 0.00
[17:55:47.080] [ARM-RX] [233] <0.00 -125.40 -14.47> result: 90.00 118.73 -51.94 0.00 80.68 0.00
[17:55:47.080] [ARM-RX] [234] <0.00 -125.70 -14.50> result: 90.00 118.79 -51.85 0.00 80.63 0.00
[17:55:47.080] [ARM-RX] [235] <0.00 -125.98 -14.54> result: 90.00 118.84 -51.75 0.00 80.59 0.00
[17:55:47.080] [ARM-RX] [23
[17:55:47.114] [ARM-RX] 6] <0.00 -126.26 -14.57> result: 90.00 118.89 -51.66 0.00 80.55 0.00
[17:55:47.114] [ARM-RX] [237] <0.00 -126.52 -14.60> result: 90.00 118.94 -51.58 0.00 80.52 0.00
[17:55:47.114] [ARM-RX] [238] <0.00 -126.77 -14.63> result: 90.00 118.98 -51.50 0.00 80.48 0.00
[17:55:47.114] [ARM-RX] [239] <0.00 -127.01 -14.66> result: 90.0
[17:55:47.125] [ARM-RX] 0 119.03 -51.42 0.00 80.44 0.00
[17:55:47.126] [ARM-RX] [240] <0.00 -127.24 -14.68> result: 90.00 119.07 -51.34 0.00 80.41 0.00
[17:55:47.126] [ARM-RX] [241] <0.00 -127.46 -14.71> result: 90.00 119.11 -51.27 0.00 80.38 0.00
[17:55:47.126] [ARM-RX] [242] <0.00 -127.66 -14.73> result: 90.00 119.15 -51.20 0.00 80.35 0.00
[17:55:47.126] [ARM-RX] [243
[17:55:47.149] [ARM-RX] ] <0.00 -127.86 -14.75> result: 90.00 119.18 -51.14 0.00 80.32 0.00
[17:55:47.150] [ARM-RX] [244] <0.00 -128.04 -14.77> result: 90.00 119.22 -51.08 0.00 80.30 0.00
[17:55:47.150] [ARM-RX] [245] <0.00 -128.22 -14.79> result: 90.00 119.25 -51.02 0.00 80.27 0.00
[17:55:47.150] [ARM-RX] [246] <0.00 -128.38 -14.81> result: 90.00
[17:55:47.187] [ARM-RX] 119.28 -50.97 0.00 80.25 0.00
[17:55:47.188] [ARM-RX] [247] <0.00 -128.53 -14.83> result: 90.00 119.31 -50.92 0.00 80.22 0.00
[17:55:47.188] [ARM-RX] [248] <0.00 -128.68 -14.85> result: 90.00 119.33 -50.87 0.00 80.20 0.00
[17:55:47.188] [ARM-RX] [249] <0.00 -128.82 -14.86> result: 90.00 119.36 -50.82 0.00 80.18 0.00
[17:55:47.188] [ARM-RX] [250]
[17:55:47.195] [ARM-RX] <0.00 -128.94 -14.88> result: 90.00 119.38 -50.78 0.00 80.16 0.00
[17:55:47.195] [ARM-RX] [251] <0.00 -129.06 -14.89> result: 90.00 119.40 -50.74 0.00 80.15 0.00
[17:55:47.196] [ARM-RX] [252] <0.00 -129.17 -14.90> result: 90.00 119.42 -50.71 0.00 80.13 0.00
[17:55:47.196] [ARM-RX] [253] <0.00 -129.27 -14.92> result: 90.00
[17:55:47.230] [ARM-RX] 119.44 -50.68 0.00 80.12 0.00
[17:55:47.230] [ARM-RX] [254] <0.00 -129.36 -14.93> result: 90.00 119.46 -50.65 0.00 80.10 0.00
[17:55:47.230] [ARM-RX] [255] <0.00 -129.44 -14.94> result: 90.00 119.47 -50.62 0.00 80.09 0.00
[17:55:47.230] [ARM-RX] [256] <0.00 -129.52 -14.94> result: 90.00 119.49 -50.59 0.00 80.08 0.00
[17:55:47.230] [ARM-RX] [257]
[17:55:47.252] [ARM-RX] <0.00 -129.59 -14.95> result: 90.00 119.50 -50.57 0.00 80.07 0.00
[17:55:47.252] [ARM-RX] [258] <0.00 -129.65 -14.96> result: 90.00 119.51 -50.55 0.00 80.06 0.00
[17:55:47.252] [ARM-RX] [259] <0.00 -129.71 -14.97> result: 90.00 119.52 -50.53 0.00 80.05 0.00
[17:55:47.253] [ARM-RX] [260] <0.00 -129.76 -14.97> result: 90.00 1
[17:55:47.276] [ARM-RX] 19.53 -50.51 0.00 80.05 0.00
[17:55:47.276] [ARM-RX] [261] <0.00 -129.80 -14.98> result: 90.00 119.54 -50.50 0.00 80.04 0.00
[17:55:47.277] [ARM-RX] [262] <0.00 -129.84 -14.98> result: 90.00 119.55 -50.49 0.00 80.03 0.00
[17:55:47.277] [ARM-RX] [263] <0.00 -129.87 -14.99> result: 90.00 119.55 -50.48 0.00 80.03 0.00
[17:55:47.277] [ARM-RX] [264] <
[17:55:47.298] [ARM-RX] 0.00 -129.90 -14.99> result: 90.00 119.56 -50.47 0.00 80.02 0.00
[17:55:47.298] [ARM-RX] [265] <0.00 -129.92 -14.99> result: 90.00 119.56 -50.46 0.00 80.02 0.00
[17:55:47.298] [ARM-RX] [266] <0.00 -129.94 -14.99> result: 90.00 119.57 -50.45 0.00 80.02 0.00
[17:55:47.300] [ARM-RX] [267] <0.00 -129.96 -15.00> result: 90.00 11
[17:55:47.321] [ARM-RX] 9.57 -50.45 0.00 80.02 0.00
[17:55:47.321] [ARM-RX] [268] <0.00 -129.97 -15.00> result: 90.00 119.57 -50.44 0.00 80.01 0.00
[17:55:47.322] [ARM-RX] [269] <0.00 -129.98 -15.00> result: 90.00 119.57 -50.44 0.00 80.01 0.00
[17:55:47.322] [ARM-RX] [270] <0.00 -129.99 -15.00> result: 90.00 119.57 -50.44 0.00 80.01 0.00
[17:55:47.322] [ARM-RX] [271] <0
[17:55:47.344] [ARM-RX] .00 -129.99 -15.00> result: 90.00 119.58 -50.44 0.00 80.01 0.00
[17:55:47.344] [ARM-RX] [272] <0.00 -130.00 -15.00> result: 90.00 119.58 -50.43 0.00 80.01 0.00
[17:55:47.344] [ARM-RX] [273] <0.00 -130.00 -15.00> result: 90.00 119.58 -50.43 0.00 80.01 0.00
[17:55:47.344] [ARM-RX] [274] <0.00 -130.00 -15.00> result: 90.00 119
[17:55:47.402] [ARM-RX] .58 -50.43 0.00 80.01 0.00
[17:55:47.402] [ARM-RX] [275] <0.00 -130.00 -15.00> result: 90.00 119.58 -50.43 0.00 80.01 0.00
[17:55:47.402] [ARM-RX] [276] <0.00 -130.00 -15.00> result: 90.00 119.58 -50.43 0.00 80.01 0.00
[17:55:50.270] [ARM-RX] [joint 1] ave_error:0.00
[17:55:50.270] [ARM-RX] [joint 2] ave_error:1.85
[17:55:50.270] [ARM-RX] [joint 3] ave_error:2.08
[17:55:50.270] [ARM-RX] [joint 4] ave_error:0.00
[17:55:50.270] [ARM-RX] [joint 5] ave_error:0.69
[17:55:50.271] [ARM-RX] robot pid run finished!!
[17:55:50.333] [ARM-RX] [joint_id: 0] ROBOT_JOINT_ABS_ROTATE 65.000000
[17:55:51.583] [ARM-RX] [joint_id: 3] ROBOT_JOINT_ABS_ROTATE 330.000000
[17:55:53.086] [ARM-RX] [joint_id: 4] ROBOT_JOINT_ABS_ROTATE 85.000000
[17:55:53.399] [JETSON-RX] A5 5A 01 81 AC 03 10 01 00 85 D8
[17:55:53.399] [JETSON-STATUS] CAPTURE_POINT_LEFT: A5 5A 01 81 AC 03 10 01 00 85 D8
[17:55:56.107] [JETSON-TX] CAPTURE_CTRL a=2 p=0: A5 5A 01 04 CA 02 02 00 6F 72
[17:55:56.149] [ARM-RX] [JETSON_RX] capture_ctrl action=2 point=0
[17:55:56.149] [ARM-RX] [CAPTURE] request action=2 point=0
[17:55:56.149] [ARM-RX] ROBOT_SOFT_RESET_EVENT
[17:55:56.149] [ARM-RX] --- Starting soft reset ---
[17:55:56.337] [ARM-RX] Soft reset motors enabled (J1~J5, J6 skipped).
[17:55:56.337] [ARM-RX] Soft resetting joint 4...
[17:55:56.400] [ARM-RX] robot_update_current_angle 4...
[17:55:56.400] [ARM-RX] [4] current:85.02, target:90.00, dir:1
[17:55:57.025] [ARM-RX] Soft resetting joint 3...
[17:55:57.087] [ARM-RX] robot_update_current_angle 3...
[17:55:57.087] [ARM-RX] [3] current:-30.00, target:0.00, dir:1
[17:55:59.016] [ARM-RX] soft reset joint 3 settle timeout, keep going
[17:55:59.016] [ARM-RX] Soft resetting joint 1...
[17:55:59.078] [ARM-RX] robot_update_current_angle 1...
[17:55:59.078] [ARM-RX] [1] current:119.37, target:90.00, dir:-1
[17:56:00.949] [ARM-RX] soft reset joint 1 settle timeout, keep going
[17:56:00.949] [ARM-RX] Soft resetting joint 2...
[17:56:01.010] [ARM-RX] robot_update_current_angle 2...
[17:56:01.010] [ARM-RX] [2] current:-51.09, target:-90.00, dir:-1
[17:56:03.128] [ARM-RX] soft reset joint 2 settle timeout, keep going
[17:56:03.128] [ARM-RX] Soft resetting joint 0...
[17:56:03.191] [ARM-RX] robot_update_current_angle 0...
[17:56:03.191] [ARM-RX] [0] current:65.00, target:90.00, dir:1
[17:56:04.994] [ARM-RX] soft reset joint 0 settle timeout, keep going
[17:56:04.994] [ARM-RX] soft reset verify not pass, start refine loop...
[17:56:05.119] [ARM-RX] soft reset refine joint 0 round 1: cur=86.99 target=90.00 err=3.01 dir=1
[17:56:05.866] [ARM-RX] soft reset refine pass 1 success.
[17:56:05.866] [ARM-RX] soft reset final verify PASS (issues:4), pose set HOME.
[17:56:05.945] [JETSON-RX] A5 5A 01 81 2A 03 11 01 00 5D C6
[17:56:05.945] [JETSON-STATUS] CAPTURE_DONE_HOME: A5 5A 01 81 2A 03 11 01 00 5D C6
[18:13:29.230] [JETSON-INFO] 已停止周期视觉发送
[18:13:29.230] [JETSON-INFO] heartbeat stopped
[18:13:29.231] [JETSON-INFO] safe distance stopped
