[12:54:55.957] [APP-INFO] 已刷新串口: COM7, COM16, COM22, COM21, COM14
[12:54:55.958] [APP-INFO] log file: E:\Renesas\RA6M5-Robot\Robot_FreeRTOS - Arm\UpperComputer\dist\logs\ra6m5_upper_console_20260706_125455.log
[12:55:05.133] [ARM-INFO] opened COM7 @ 115200
[12:55:05.481] [JETSON-INFO] opened COM14 @ 115200
[12:55:05.485] [JETSON-INFO] heartbeat started: 200 ms
[12:55:05.503] [ARM-RX] BSP_UART_Init Success!!!
[12:55:05.503] [ARM-RX] BSP_CAN_Init Success!!!
[12:55:16.284] [ARM-TX] 发送命令 soft_reset: soft_reset
[12:55:16.373] [ARM-RX] Found handler for 'soft_reset', executing...
[12:55:16.562] [ARM-RX] Soft reset motors enabled (J1~J5, J6 skipped).
[12:55:16.564] [ARM-RX] Soft resetting joint 4...
[12:55:16.564] [ARM-RX] robot_update_current_angle 4...
[12:55:16.564] [ARM-RX] [4] current:90.00, target:90.00, dir:1
[12:55:16.684] [ARM-RX] Soft resetting joint 3...
[12:55:16.684] [ARM-RX] robot_update_current_angle 3...
[12:55:16.684] [ARM-RX] [3] current:0.00, target:0.00, dir:-1
[12:55:16.810] [ARM-RX] Soft resetting joint 1...
[12:55:16.873] [ARM-RX] robot_update_current_angle 1...
[12:55:16.873] [ARM-RX] [1] current:90.00, target:90.00, dir:-1
[12:55:16.998] [ARM-RX] Soft resetting joint 2...
[12:55:16.998] [ARM-RX] robot_update_current_angle 2...
[12:55:16.998] [ARM-RX] [2] current:-90.00, target:-90.00, dir:1
[12:55:17.124] [ARM-RX] Soft resetting joint 0...
[12:55:17.185] [ARM-RX] robot_update_current_angle 0...
[12:55:17.185] [ARM-RX] [0] current:90.00, target:90.00, dir:-1
[12:55:17.373] [ARM-RX] soft reset final verify PASS (issues:0), pose set HOME.
[12:55:19.972] [JETSON-INFO] heartbeat started: 200 ms
[12:55:19.972] [JETSON-TX] TARGET_CTRL_START_NEW: A5 5A 01 02 4B 01 01 A8 3E
[12:55:19.992] [ARM-RX] [JETSON_RX] target_ctrl=1
[12:55:20.015] [ARM-RX] ROBOT_AUTO_EVENT
[12:55:20.016] [ARM-RX] [0] <0.00 0.00 0.00> result: 90.00 90.00 -90.00 0.00 90.00 0.00
[12:55:20.016] [ARM-RX] [1] <0.00 -0.00 -0.00> result: 90.00 90.00 -90.00 0.00 90.00 0.00
[12:55:20.016] [ARM-RX] [2] <0.00 -0.00 -0.00> result: 90.00 90.00 -90.00 0.00 90.00 0.00
[12:55:20.016] [ARM-RX] [3] <0.00 -0.01 -0.00> result: 90.00 90.
[12:55:20.039] [ARM-RX] 00 -90.00 0.00 90.00 0.00
[12:55:20.039] [ARM-RX] [4] <0.00 -0.02 -0.00> result: 90.00 90.01 -90.00 0.00 90.00 0.00
[12:55:20.039] [ARM-RX] [5] <0.00 -0.03 -0.00> result: 90.00 90.01 -89.99 0.00 90.00 0.00
[12:55:20.039] [ARM-RX] [6] <0.00 -0.05 -0.00> result: 90.00 90.02 -89.99 0.00 90.00 0.00
[12:55:20.040] [ARM-RX] [7] <0.00 -0.07 -0.00> resul
[12:55:20.041] [JETSON-RX] A5 5A 01 81 4B 03 04 01 00 F1 CA
[12:55:20.041] [JETSON-STATUS] TARGET_CTRL_ON: A5 5A 01 81 4B 03 04 01 00 F1 CA
[12:55:20.060] [ARM-RX] t: 90.00 90.02 -89.98 0.00 90.00 0.00
[12:55:20.060] [ARM-RX] [8] <0.00 -0.11 -0.00> result: 90.00 90.03 -89.97 0.00 90.00 0.00
[12:55:20.060] [ARM-RX] [9] <0.00 -0.15 -0.00> result: 90.00 90.05 -89.96 0.00 90.00 0.00
[12:55:20.060] [ARM-RX] [10] <0.00 -0.20 -0.01> result: 90.00 90.06 -89.94 0.00 90.01 0.00
[12:55:20.062] [ARM-RX] [11] <0.00 -0.2
[12:55:20.083] [ARM-RX] 7 -0.01> result: 90.00 90.08 -89.92 0.00 90.01 0.00
[12:55:20.083] [ARM-RX] [12] <0.00 -0.34 -0.01> result: 90.00 90.11 -89.90 0.00 90.01 0.00
[12:55:20.083] [ARM-RX] [13] <0.00 -0.43 -0.01> result: 90.00 90.14 -89.88 0.00 90.01 0.00
[12:55:20.083] [ARM-RX] [14] <0.00 -0.54 -0.01> result: 90.00 90.17 -89.85 0.00 90.02 0.00
[12:55:20.106] [ARM-RX] [15] <0.00 -0.65 -0.02> result: 90.00 90.20 -89.81 0.00 90.02 0.00
[12:55:20.106] [ARM-RX] [16] <0.00 -0.79 -0.02> result: 90.00 90.25 -89.78 0.00 90.02 0.00
[12:55:20.106] [ARM-RX] [17] <0.00 -0.94 -0.02> result: 90.00 90.29 -89.73 0.00 90.03 0.00
[12:55:20.107] [ARM-RX] [18] <0.00 -1.10 -0.03> result: 90.00 90.34 -89.69
[12:55:20.130] [ARM-RX] 0.00 90.03 0.00
[12:55:20.130] [ARM-RX] [19] <0.00 -1.29 -0.03> result: 90.00 90.40 -89.63 0.00 90.03 0.00
[12:55:20.130] [ARM-RX] [20] <0.00 -1.49 -0.04> result: 90.00 90.46 -89.57 0.00 90.04 0.00
[12:55:20.130] [ARM-RX] [21] <0.00 -1.72 -0.04> result: 90.00 90.53 -89.51 0.00 90.04 0.00
[12:55:20.130] [ARM-RX] [22] <0.00 -1.97 -0.05> result: 90.
[12:55:20.152] [ARM-RX] 00 90.61 -89.44 0.00 90.05 0.00
[12:55:20.152] [ARM-RX] [23] <0.00 -2.23 -0.06> result: 90.00 90.69 -89.36 0.00 90.05 0.00
[12:55:20.153] [ARM-RX] [24] <0.00 -2.52 -0.06> result: 90.00 90.77 -89.28 0.00 90.05 0.00
[12:55:20.153] [ARM-RX] [25] <0.00 -2.84 -0.07> result: 90.00 90.87 -89.19 0.00 90.06 0.00
[12:55:20.153] [ARM-RX] [26] <0.00 -3.17 -0
[12:55:20.186] [ARM-RX] .08> result: 90.00 90.97 -89.10 0.00 90.06 0.00
[12:55:20.186] [ARM-RX] [27] <0.00 -3.53 -0.09> result: 90.00 91.07 -88.99 0.00 90.06 0.00
[12:55:20.186] [ARM-RX] [28] <0.00 -3.92 -0.10> result: 90.00 91.18 -88.88 0.00 90.07 0.00
[12:55:20.187] [ARM-RX] [29] <0.00 -4.33 -0.11> result: 90.00 91.30 -88.76 0.00 90.07 0.00
[12:55:20.187] [ARM-RX] [30
[12:55:20.209] [ARM-RX] ] <0.00 -4.77 -0.12> result: 90.00 91.43 -88.64 0.00 90.07 0.00
[12:55:20.210] [ARM-RX] [31] <0.00 -5.23 -0.13> result: 90.00 91.56 -88.51 0.00 90.07 0.00
[12:55:20.210] [ARM-RX] [32] <0.00 -5.72 -0.14> result: 90.00 91.70 -88.37 0.00 90.07 0.00
[12:55:20.210] [ARM-RX] [33] <0.00 -6.24 -0.16> result: 90.00 91.85 -88.22 0.00
[12:55:20.232] [ARM-RX] 90.06 0.00
[12:55:20.233] [ARM-RX] [34] <0.00 -6.79 -0.17> result: 90.00 92.00 -88.06 0.00 90.06 0.00
[12:55:20.233] [ARM-RX] [35] <0.00 -7.36 -0.18> result: 90.00 92.16 -87.89 0.00 90.05 0.00
[12:55:20.233] [ARM-RX] [36] <0.00 -7.96 -0.20> result: 90.00 92.32 -87.72 0.00 90.04 0.00
[12:55:20.233] [ARM-RX] [37] <0.00 -8.60 -0.21> result: 90.00 9
[12:55:20.256] [ARM-RX] 2.49 -87.54 0.00 90.03 0.00
[12:55:20.256] [ARM-RX] [38] <0.00 -9.26 -0.23> result: 90.00 92.67 -87.35 0.00 90.02 0.00
[12:55:20.256] [ARM-RX] [39] <0.00 -9.95 -0.25> result: 90.00 92.85 -87.15 0.00 90.00 0.00
[12:55:20.256] [ARM-RX] [40] <0.00 -10.67 -0.27> result: 90.00 93.04 -86.94 0.00 89.98 0.00
[12:55:20.256] [ARM-RX] [41] <0.00 -11.42 -0.2
[12:55:20.278] [ARM-RX] 9> result: 90.00 93.24 -86.72 0.00 89.96 0.00
[12:55:20.278] [ARM-RX] [42] <0.00 -12.20 -0.30> result: 90.00 93.44 -86.50 0.00 89.93 0.00
[12:55:20.278] [ARM-RX] [43] <0.00 -13.01 -0.33> result: 90.00 93.64 -86.26 0.00 89.91 0.00
[12:55:20.278] [ARM-RX] [44] <0.00 -13.85 -0.35> result: 90.00 93.85 -86.02 0.00 89.87 0.00
[12:55:20.280] [ARM-RX] [4
[12:55:20.301] [ARM-RX] 5] <0.00 -14.72 -0.37> result: 90.00 94.07 -85.77 0.00 89.84 0.00
[12:55:20.301] [ARM-RX] [46] <0.00 -15.62 -0.39> result: 90.00 94.29 -85.51 0.00 89.80 0.00
[12:55:20.302] [ARM-RX] [47] <0.00 -16.55 -0.41> result: 90.00 94.52 -85.24 0.00 89.75 0.00
[12:55:20.302] [ARM-RX] [48] <0.00 -17.51 -0.44> result: 90.00 94.75 -84.96
[12:55:20.326] [ARM-RX] 0.00 89.70 0.00
[12:55:20.327] [ARM-RX] [49] <0.00 -18.49 -0.46> result: 90.00 94.98 -84.67 0.00 89.65 0.00
[12:55:20.327] [ARM-RX] [50] <0.00 -19.51 -0.49> result: 90.00 95.22 -84.37 0.00 89.59 0.00
[12:55:20.327] [ARM-RX] [51] <0.00 -20.56 -0.51> result: 90.00 95.47 -84.06 0.00 89.53 0.00
[12:55:20.328] [ARM-RX] [52] <0.00 -21.64 -0.54> result
[12:55:20.347] [ARM-RX] : 90.00 95.71 -83.75 0.00 89.46 0.00
[12:55:20.347] [ARM-RX] [53] <0.00 -22.74 -0.57> result: 90.00 95.97 -83.43 0.00 89.39 0.00
[12:55:20.348] [ARM-RX] [54] <0.00 -23.88 -0.60> result: 90.00 96.22 -83.09 0.00 89.32 0.00
[12:55:20.348] [ARM-RX] [55] <0.00 -25.04 -0.63> result: 90.00 96.48 -82.75 0.00 89.23 0.00
[12:55:20.348] [ARM-RX] [56] <0.00
[12:55:20.381] [ARM-RX] -26.23 -0.66> result: 90.00 96.74 -82.40 0.00 89.15 0.00
[12:55:20.382] [ARM-RX] [57] <0.00 -27.44 -0.69> result: 90.00 97.01 -82.05 0.00 89.06 0.00
[12:55:20.382] [ARM-RX] [58] <0.00 -28.68 -0.72> result: 90.00 97.28 -81.68 0.00 88.96 0.00
[12:55:20.382] [ARM-RX] [59] <0.00 -29.95 -0.75> result: 90.00 97.55 -81.31 0.00 88.
[12:55:20.404] [ARM-RX] 86 0.00
[12:55:20.405] [ARM-RX] [60] <0.00 -31.25 -0.78> result: 90.00 97.83 -80.92 0.00 88.75 0.00
[12:55:20.405] [ARM-RX] [61] <0.00 -32.57 -0.81> result: 90.00 98.10 -80.53 0.00 88.64 0.00
[12:55:20.405] [ARM-RX] [62] <0.00 -33.91 -0.85> result: 90.00 98.39 -80.14 0.00 88.52 0.00
[12:55:20.405] [ARM-RX] [63] <0.00 -35.28 -0.88> result: 90.00 9
[12:55:20.427] [ARM-RX] 8.67 -79.73 0.00 88.40 0.00
[12:55:20.428] [ARM-RX] [64] <0.00 -36.67 -0.92> result: 90.00 98.95 -79.32 0.00 88.27 0.00
[12:55:20.428] [ARM-RX] [65] <0.00 -38.08 -0.95> result: 90.00 99.24 -78.90 0.00 88.14 0.00
[12:55:20.428] [ARM-RX] [66] <0.00 -39.51 -0.99> result: 90.00 99.53 -78.47 0.00 88.00 0.00
[12:55:20.428] [ARM-RX] [67] <0.00 -40.97 -1
[12:55:20.450] [ARM-RX] .02> result: 90.00 99.82 -78.04 0.00 87.86 0.00
[12:55:20.450] [ARM-RX] [68] <0.00 -42.44 -1.06> result: 90.00 100.11 -77.60 0.00 87.71 0.00
[12:55:20.450] [ARM-RX] [69] <0.00 -43.94 -1.10> result: 90.00 100.41 -77.15 0.00 87.56 0.00
[12:55:20.451] [ARM-RX] [70] <0.00 -45.45 -1.14> result: 90.00 100.70 -76.70 0.00 87.41 0.0
[12:55:20.473] [ARM-RX] 0
[12:55:20.473] [ARM-RX] [71] <0.00 -46.98 -1.17> result: 90.00 101.00 -76.24 0.00 87.25 0.00
[12:55:20.473] [ARM-RX] [72] <0.00 -48.53 -1.21> result: 90.00 101.30 -75.78 0.00 87.08 0.00
[12:55:20.474] [ARM-RX] [73] <0.00 -50.09 -1.25> result: 90.00 101.60 -75.31 0.00 86.91 0.00
[12:55:20.474] [ARM-RX] [74] <0.00 -51.67 -1.29> result: 90.00 101.
[12:55:20.496] [ARM-RX] 90 -74.84 0.00 86.74 0.00
[12:55:20.496] [ARM-RX] [75] <0.00 -53.26 -1.33> result: 90.00 102.20 -74.36 0.00 86.56 0.00
[12:55:20.496] [ARM-RX] [76] <0.00 -54.86 -1.37> result: 90.00 102.51 -73.87 0.00 86.38 0.00
[12:55:20.496] [ARM-RX] [77] <0.00 -56.48 -1.41> result: 90.00 102.81 -73.39 0.00 86.20 0.00
[12:55:20.496] [ARM-RX] [78] <0.00 -58.11 -
[12:55:20.519] [ARM-RX] 1.45> result: 90.00 103.11 -72.89 0.00 86.01 0.00
[12:55:20.519] [ARM-RX] [79] <0.00 -59.75 -1.49> result: 90.00 103.42 -72.40 0.00 85.82 0.00
[12:55:20.519] [ARM-RX] [80] <0.00 -60.00 -1.50> result: 90.00 103.47 -72.32 0.00 85.79 0.00
[12:55:20.520] [ARM-RX] [81] <0.00 -60.00 -1.50> result: 90.00 103.47 -72.32 0.00 85.79 0
[12:55:20.555] [ARM-RX] .00
[12:55:20.555] [ARM-RX] [82] <0.00 -60.00 -1.50> result: 90.00 103.47 -72.32 0.00 85.79 0.00
[12:55:20.555] [ARM-RX] [83] <0.00 -60.00 -1.50> result: 90.00 103.47 -72.32 0.00 85.79 0.00
[12:55:20.555] [ARM-RX] [84] <0.00 -60.00 -1.50> result: 90.00 103.47 -72.32 0.00 85.79 0.00
[12:55:20.555] [ARM-RX] [85] <0.00 -60.00 -1.50> result: 90.00 10
[12:55:20.576] [ARM-RX] 3.47 -72.32 0.00 85.79 0.00
[12:55:20.577] [ARM-RX] [86] <0.00 -60.00 -1.50> result: 90.00 103.47 -72.32 0.00 85.79 0.00
[12:55:20.577] [ARM-RX] [87] <0.00 -60.00 -1.50> result: 90.00 103.47 -72.32 0.00 85.79 0.00
[12:55:20.578] [ARM-RX] [88] <0.00 -60.00 -1.50> result: 90.00 103.47 -72.32 0.00 85.79 0.00
[12:55:20.578] [ARM-RX] [89] <0.00 -60.00
[12:55:20.601] [ARM-RX] -1.50> result: 90.00 103.47 -72.32 0.00 85.79 0.00
[12:55:20.601] [ARM-RX] [90] <0.00 -60.00 -1.50> result: 90.00 103.47 -72.32 0.00 85.79 0.00
[12:55:20.601] [ARM-RX] [91] <0.00 -60.00 -1.50> result: 90.00 103.47 -72.32 0.00 85.79 0.00
[12:55:20.601] [ARM-RX] [92] <0.00 -60.00 -1.50> result: 90.00 103.47 -72.32 0.00 85.79
[12:55:20.623] [ARM-RX] 0.00
[12:55:20.623] [ARM-RX] [93] <0.00 -60.00 -1.50> result: 90.00 103.47 -72.32 0.00 85.79 0.00
[12:55:20.623] [ARM-RX] [94] <0.00 -60.00 -1.50> result: 90.00 103.47 -72.32 0.00 85.79 0.00
[12:55:20.623] [ARM-RX] [95] <0.00 -60.00 -1.50> result: 90.00 103.47 -72.32 0.00 85.79 0.00
[12:55:20.624] [ARM-RX] [96] <0.00 -60.00 -1.50> result: 90.00
[12:55:20.645] [ARM-RX] 103.47 -72.32 0.00 85.79 0.00
[12:55:20.645] [ARM-RX] [97] <0.00 -60.00 -1.50> result: 90.00 103.47 -72.32 0.00 85.79 0.00
[12:55:20.645] [ARM-RX] [98] <0.00 -60.00 -1.50> result: 90.00 103.47 -72.32 0.00 85.79 0.00
[12:55:20.645] [ARM-RX] [99] <0.00 -60.00 -1.50> result: 90.00 103.47 -72.32 0.00 85.79 0.00
[12:55:20.646] [ARM-RX] [100] <0.00 -60
[12:55:20.667] [ARM-RX] .00 -1.50> result: 90.00 103.47 -72.32 0.00 85.79 0.00
[12:55:20.669] [ARM-RX] [101] <0.00 -60.00 -1.50> result: 90.00 103.47 -72.32 0.00 85.79 0.00
[12:55:20.670] [ARM-RX] [102] <0.00 -60.00 -1.50> result: 90.00 103.47 -72.32 0.00 85.79 0.00
[12:55:20.670] [ARM-RX] [103] <0.00 -60.00 -1.50> result: 90.00 103.47 -72.32 0.00
[12:55:20.692] [ARM-RX] 85.79 0.00
[12:55:20.692] [ARM-RX] [104] <0.00 -60.00 -1.50> result: 90.00 103.47 -72.32 0.00 85.79 0.00
[12:55:20.692] [ARM-RX] [105] <0.00 -60.00 -1.50> result: 90.00 103.47 -72.32 0.00 85.79 0.00
[12:55:20.692] [ARM-RX] [106] <0.00 -60.00 -1.50> result: 90.00 103.47 -72.32 0.00 85.79 0.00
[12:55:20.693] [ARM-RX] [107] <0.00 -60.00 -1.50> resu
[12:55:20.714] [ARM-RX] lt: 90.00 103.47 -72.32 0.00 85.79 0.00
[12:55:20.714] [ARM-RX] [108] <0.00 -60.00 -1.50> result: 90.00 103.47 -72.32 0.00 85.79 0.00
[12:55:20.715] [ARM-RX] [109] <0.00 -60.00 -1.50> result: 90.00 103.47 -72.32 0.00 85.79 0.00
[12:55:20.715] [ARM-RX] [110] <0.00 -60.00 -1.50> result: 90.00 103.47 -72.32 0.00 85.79 0.00
[12:55:20.715] [ARM-RX] [1
[12:55:20.749] [ARM-RX] 11] <0.00 -60.00 -1.50> result: 90.00 103.47 -72.32 0.00 85.79 0.00
[12:55:20.749] [ARM-RX] [112] <0.00 -60.00 -1.50> result: 90.00 103.47 -72.32 0.00 85.79 0.00
[12:55:20.749] [ARM-RX] [113] <0.00 -60.00 -1.50> result: 90.00 103.47 -72.32 0.00 85.79 0.00
[12:55:20.750] [ARM-RX] [114] <0.00 -60.00 -1.50> result: 90.00 103.4
[12:55:20.772] [ARM-RX] 7 -72.32 0.00 85.79 0.00
[12:55:20.772] [ARM-RX] [115] <0.00 -60.00 -1.50> result: 90.00 103.47 -72.32 0.00 85.79 0.00
[12:55:20.772] [ARM-RX] [116] <0.00 -60.00 -1.50> result: 90.00 103.47 -72.32 0.00 85.79 0.00
[12:55:20.772] [ARM-RX] [117] <0.00 -60.00 -1.50> result: 90.00 103.47 -72.32 0.00 85.79 0.00
[12:55:20.774] [ARM-RX] [118] <0.00 -60.0
[12:55:20.795] [ARM-RX] 0 -1.50> result: 90.00 103.47 -72.32 0.00 85.79 0.00
[12:55:20.795] [ARM-RX] [119] <0.00 -60.00 -1.50> result: 90.00 103.47 -72.32 0.00 85.79 0.00
[12:55:20.795] [ARM-RX] [120] <0.00 -60.00 -1.50> result: 90.00 103.47 -72.32 0.00 85.79 0.00
[12:55:20.796] [ARM-RX] [121] <0.00 -60.00 -1.50> result: 90.00 103.47 -72.32 0.00 8
[12:55:20.818] [ARM-RX] 5.79 0.00
[12:55:20.818] [ARM-RX] [122] <0.00 -60.00 -1.50> result: 90.00 103.47 -72.32 0.00 85.79 0.00
[12:55:20.818] [ARM-RX] [123] <0.00 -60.00 -1.50> result: 90.00 103.47 -72.32 0.00 85.79 0.00
[12:55:20.819] [ARM-RX] [124] <0.00 -60.00 -1.50> result: 90.00 103.47 -72.32 0.00 85.79 0.00
[12:55:20.819] [ARM-RX] [125] <0.00 -60.00 -1.50> result
[12:55:20.840] [ARM-RX] : 90.00 103.47 -72.32 0.00 85.79 0.00
[12:55:20.840] [ARM-RX] [126] <0.00 -60.00 -1.50> result: 90.00 103.47 -72.32 0.00 85.79 0.00
[12:55:20.841] [ARM-RX] [127] <0.00 -60.00 -1.50> result: 90.00 103.47 -72.32 0.00 85.79 0.00
[12:55:20.841] [ARM-RX] [128] <0.00 -60.00 -1.50> result: 90.00 103.47 -72.32 0.00 85.79 0.00
[12:55:20.841] [ARM-RX] [129
[12:55:20.863] [ARM-RX] ] <0.00 -60.00 -1.50> result: 90.00 103.47 -72.32 0.00 85.79 0.00
[12:55:20.864] [ARM-RX] [130] <0.00 -60.00 -1.50> result: 90.00 103.47 -72.32 0.00 85.79 0.00
[12:55:20.864] [ARM-RX] [131] <0.00 -60.00 -1.50> result: 90.00 103.47 -72.32 0.00 85.79 0.00
[12:55:20.864] [ARM-RX] [132] <0.00 -60.00 -1.50> result: 90.00 103.47
[12:55:20.888] [ARM-RX] -72.32 0.00 85.79 0.00
[12:55:20.889] [ARM-RX] [133] <0.00 -60.00 -1.50> result: 90.00 103.47 -72.32 0.00 85.79 0.00
[12:55:20.889] [ARM-RX] [134] <0.00 -60.00 -1.50> result: 90.00 103.47 -72.32 0.00 85.79 0.00
[12:55:20.889] [ARM-RX] [135] <0.00 -60.00 -1.50> result: 90.00 103.47 -72.32 0.00 85.79 0.00
[12:55:20.889] [ARM-RX] [136] <0.00 -60.00
[12:55:20.923] [ARM-RX] -1.50> result: 90.00 103.47 -72.32 0.00 85.79 0.00
[12:55:20.923] [ARM-RX] [137] <0.00 -60.00 -1.50> result: 90.00 103.47 -72.32 0.00 85.79 0.00
[12:55:20.923] [ARM-RX] [138] <0.00 -60.00 -1.50> result: 90.00 103.47 -72.32 0.00 85.79 0.00
[12:55:20.924] [ARM-RX] [139] <0.00 -60.00 -1.50> result: 90.00 103.47 -72.32 0.00 85.
[12:55:20.944] [ARM-RX] 79 0.00
[12:55:20.944] [ARM-RX] [140] <0.00 -60.00 -1.50> result: 90.00 103.47 -72.32 0.00 85.79 0.00
[12:55:20.944] [ARM-RX] [141] <0.00 -60.00 -1.50> result: 90.00 103.47 -72.32 0.00 85.79 0.00
[12:55:20.945] [ARM-RX] [142] <0.00 -60.00 -1.50> result: 90.00 103.47 -72.32 0.00 85.79 0.00
[12:55:20.945] [ARM-RX] [143] <0.00 -60.00 -1.50> result:
[12:55:20.967] [ARM-RX] 90.00 103.47 -72.32 0.00 85.79 0.00
[12:55:20.968] [ARM-RX] [144] <0.00 -60.00 -1.50> result: 90.00 103.47 -72.32 0.00 85.79 0.00
[12:55:20.968] [ARM-RX] [145] <0.00 -60.00 -1.50> result: 90.00 103.47 -72.32 0.00 85.79 0.00
[12:55:20.968] [ARM-RX] [146] <0.00 -60.00 -1.50> result: 90.00 103.47 -72.32 0.00 85.79 0.00
[12:55:20.969] [ARM-RX] [147]
[12:55:20.991] [ARM-RX] <0.00 -60.00 -1.50> result: 90.00 103.47 -72.32 0.00 85.79 0.00
[12:55:20.991] [ARM-RX] [148] <0.00 -60.00 -1.50> result: 90.00 103.47 -72.32 0.00 85.79 0.00
[12:55:20.991] [ARM-RX] [149] <0.00 -60.00 -1.50> result: 90.00 103.47 -72.32 0.00 85.79 0.00
[12:55:20.991] [ARM-RX] [150] <0.00 -60.00 -1.50> result: 90.00 103.47 -7
[12:55:21.014] [ARM-RX] 2.32 0.00 85.79 0.00
[12:55:21.014] [ARM-RX] [151] <0.00 -60.00 -1.50> result: 90.00 103.47 -72.32 0.00 85.79 0.00
[12:55:21.015] [ARM-RX] [152] <0.00 -60.00 -1.50> result: 90.00 103.47 -72.32 0.00 85.79 0.00
[12:55:21.015] [ARM-RX] [153] <0.00 -60.00 -1.50> result: 90.00 103.47 -72.32 0.00 85.79 0.00
[12:55:21.015] [ARM-RX] [154] <0.00 -60.00 -1
[12:55:21.036] [ARM-RX] .50> result: 90.00 103.47 -72.32 0.00 85.79 0.00
[12:55:21.036] [ARM-RX] [155] <0.00 -60.00 -1.50> result: 90.00 103.47 -72.32 0.00 85.79 0.00
[12:55:21.036] [ARM-RX] [156] <0.00 -60.00 -1.50> result: 90.00 103.47 -72.32 0.00 85.79 0.00
[12:55:21.036] [ARM-RX] [157] <0.00 -60.00 -1.50> result: 90.00 103.47 -72.32 0.00 85.79
[12:55:21.059] [ARM-RX] 0.00
[12:55:21.059] [ARM-RX] [158] <0.00 -60.00 -1.50> result: 90.00 103.47 -72.32 0.00 85.79 0.00
[12:55:21.059] [ARM-RX] [159] <0.00 -60.00 -1.50> result: 90.00 103.47 -72.32 0.00 85.79 0.00
[12:55:21.060] [ARM-RX] [160] <0.00 -60.00 -1.50> result: 90.00 103.47 -72.32 0.00 85.79 0.00
[12:55:21.060] [ARM-RX] [161] <0.00 -60.00 -1.50> result: 90
[12:55:21.083] [ARM-RX] .00 103.47 -72.32 0.00 85.79 0.00
[12:55:21.083] [ARM-RX] [162] <0.00 -60.00 -1.50> result: 90.00 103.47 -72.32 0.00 85.79 0.00
[12:55:21.084] [ARM-RX] [163] <0.00 -60.00 -1.50> result: 90.00 103.47 -72.32 0.00 85.79 0.00
[12:55:21.084] [ARM-RX] [164] <0.00 -60.00 -1.50> result: 90.00 103.47 -72.32 0.00 85.79 0.00
[12:55:21.084] [ARM-RX] [165] <0
[12:55:21.117] [ARM-RX] .00 -60.00 -1.50> result: 90.00 103.47 -72.32 0.00 85.79 0.00
[12:55:21.117] [ARM-RX] [166] <0.00 -60.00 -1.50> result: 90.00 103.47 -72.32 0.00 85.79 0.00
[12:55:21.117] [ARM-RX] [167] <0.00 -60.00 -1.50> result: 90.00 103.47 -72.32 0.00 85.79 0.00
[12:55:21.117] [ARM-RX] [168] <0.00 -60.00 -1.50> result: 90.00 103.47 -72.
[12:55:21.139] [ARM-RX] 32 0.00 85.79 0.00
[12:55:21.139] [ARM-RX] [169] <0.00 -60.00 -1.50> result: 90.00 103.47 -72.32 0.00 85.79 0.00
[12:55:21.139] [ARM-RX] [170] <0.00 -60.00 -1.50> result: 90.00 103.47 -72.32 0.00 85.79 0.00
[12:55:21.140] [ARM-RX] [171] <0.00 -60.00 -1.50> result: 90.00 103.47 -72.32 0.00 85.79 0.00
[12:55:21.140] [ARM-RX] [172] <0.00 -60.00 -1.5
[12:55:21.163] [ARM-RX] 0> result: 90.00 103.47 -72.32 0.00 85.79 0.00
[12:55:21.163] [ARM-RX] [173] <0.00 -60.00 -1.50> result: 90.00 103.47 -72.32 0.00 85.79 0.00
[12:55:21.164] [ARM-RX] [174] <0.00 -60.00 -1.50> result: 90.00 103.47 -72.32 0.00 85.79 0.00
[12:55:21.164] [ARM-RX] [175] <0.00 -60.00 -1.50> result: 90.00 103.47 -72.32 0.00 85.79 0
[12:55:21.225] [ARM-RX] .00
[12:55:21.225] [ARM-RX] [176] <0.00 -60.00 -1.50> result: 90.00 103.47 -72.32 0.00 85.79 0.00
[12:55:21.413] [ARM-RX] [JETSON_RX] crc failed type=0x01 rx=0x5801 calc=0xE2A6
[12:55:23.097] [ARM-RX] [joint 1] ave_error:0.00
[12:55:23.097] [ARM-RX] [joint 2] ave_error:2.94
[12:55:23.097] [ARM-RX] [joint 3] ave_error:2.47
[12:55:23.097] [ARM-RX] [joint 4] ave_error:0.00
[12:55:23.097] [ARM-RX] [joint 5] ave_error:0.28
[12:55:23.097] [ARM-RX] robot pid run finished!!
[12:55:23.144] [JETSON-RX] A5 5A 01 81 69 03 01 01 00 19 CC
[12:55:23.146] [JETSON-STATUS] READY: A5 5A 01 81 69 03 01 01 00 19 CC
[12:55:25.689] [JETSON-INFO] heartbeat stopped
[12:55:25.690] [JETSON-TX] TARGET_CTRL_STOP_NEW: A5 5A 01 02 84 01 00 59 C1
[12:55:25.715] [ARM-RX] [JETSON_RX] target_ctrl=0
[12:55:25.715] [ARM-RX] ROBOT_SOFT_RESET_EVENT
[12:55:25.715] [ARM-RX] --- Starting soft reset ---
[12:55:25.762] [JETSON-RX] A5 5A 01 81 84 03 04 00 00 A4 4A
[12:55:25.762] [JETSON-STATUS] TARGET_CTRL_OFF: A5 5A 01 81 84 03 04 00 00 A4 4A
[12:55:25.957] [ARM-RX] Soft reset motors enabled (J1~J5, J6 skipped).
[12:55:25.957] [ARM-RX] Soft resetting joint 4...
[12:55:25.957] [ARM-RX] robot_update_current_angle 4...
[12:55:25.957] [ARM-RX] [4] current:85.69, target:90.00, dir:1
[12:55:26.580] [ARM-RX] Soft resetting joint 3...
[12:55:26.580] [ARM-RX] robot_update_current_angle 3...
[12:55:26.582] [ARM-RX] [3] current:0.00, target:0.00, dir:-1
[12:55:26.701] [ARM-RX] Soft resetting joint 1...
[12:55:26.762] [ARM-RX] robot_update_current_angle 1...
[12:55:26.762] [ARM-RX] [1] current:105.98, target:90.00, dir:-1
[12:55:28.381] [ARM-RX] soft reset joint 1 settle timeout, keep going
[12:55:28.381] [ARM-RX] Soft resetting joint 2...
[12:55:28.381] [ARM-RX] robot_update_current_angle 2...
[12:55:28.382] [ARM-RX] [2] current:-71.86, target:-90.00, dir:-1
[12:55:30.000] [ARM-RX] soft reset joint 2 settle timeout, keep going
[12:55:30.000] [ARM-RX] Soft resetting joint 0...
[12:55:30.000] [ARM-RX] robot_update_current_angle 0...
[12:55:30.001] [ARM-RX] [0] current:90.00, target:90.00, dir:-1
[12:55:30.187] [ARM-RX] soft reset final verify PASS (issues:2), pose set HOME.
[12:55:33.222] [DEMO-INFO] 演示配置已保存
[12:55:33.222] [JETSON-INFO] heartbeat started: 200 ms
[12:55:33.224] [DEMO-INFO] 一键定靶演示开始
[12:55:33.224] [JETSON-INFO] heartbeat started: 200 ms
[12:55:33.224] [JETSON-TX] TARGET_CTRL_START_NEW: A5 5A 01 02 87 01 01 68 01
[12:55:33.297] [ARM-RX] [JETSON_RX] target_ctrl=1
[12:55:33.299] [ARM-RX] ROBOT_AUTO_EVENT
[12:55:33.299] [ARM-RX] [0] <0.00 0.00 0.00> result: 90.00 90.00 -90.00 0.00 90.00 0.00
[12:55:33.299] [ARM-RX] [1] <0.00 -0.00 -0.00> result: 90.00 90.00 -90.00 0.00 90.00 0.00
[12:55:33.299] [ARM-RX] [2] <0.00 -0.00 -0
[12:55:33.300] [ARM-RX] .00> result: 90.00 90.00 -90.00 0.00 90.00 0.00
[12:55:33.300] [ARM-RX] [3] <0.00 -0.01 -0.00> result: 90.00 90.00 -90.00 0.00 90.00 0.00
[12:55:33.300] [ARM-RX] [4] <0.00 -0.02 -0.00> result: 90.00 90.01 -90.00 0.00 90.00 0.00
[12:55:33.301] [ARM-RX] [5] <0.00 -0.03 -0.00> result: 90.00 90.01 -89.99 0.00 90.00 0.00
[12:55:33.301] [ARM-RX] [6] <0
[12:55:33.306] [JETSON-RX] A5 5A 01 81 87 03 04 01 00 E1 DA
[12:55:33.306] [JETSON-STATUS] TARGET_CTRL_ON: A5 5A 01 81 87 03 04 01 00 E1 DA
[12:55:33.313] [ARM-RX] .00 -0.05 -0.00> result: 90.00 90.02 -89.99 0.00 90.00 0.00
[12:55:33.313] [ARM-RX] [7] <0.00 -0.07 -0.00> result: 90.00 90.02 -89.98 0.00 90.00 0.00
[12:55:33.313] [ARM-RX] [8] <0.00 -0.11 -0.00> result: 90.00 90.03 -89.97 0.00 90.00 0.00
[12:55:33.314] [ARM-RX] [9] <0.00 -0.15 -0.00> result: 90.00 90.05 -89.96 0.00 90.00
[12:55:33.336] [ARM-RX] 0.00
[12:55:33.337] [ARM-RX] [10] <0.00 -0.20 -0.01> result: 90.00 90.06 -89.94 0.00 90.01 0.00
[12:55:33.337] [ARM-RX] [11] <0.00 -0.27 -0.01> result: 90.00 90.08 -89.92 0.00 90.01 0.00
[12:55:33.337] [ARM-RX] [12] <0.00 -0.34 -0.01> result: 90.00 90.11 -89.90 0.00 90.01 0.00
[12:55:33.337] [ARM-RX] [13] <0.00 -0.43 -0.01> result: 90.00 90.14 -8
[12:55:33.359] [ARM-RX] 9.88 0.00 90.01 0.00
[12:55:33.359] [ARM-RX] [14] <0.00 -0.54 -0.01> result: 90.00 90.17 -89.85 0.00 90.02 0.00
[12:55:33.359] [ARM-RX] [15] <0.00 -0.65 -0.02> result: 90.00 90.20 -89.81 0.00 90.02 0.00
[12:55:33.359] [ARM-RX] [16] <0.00 -0.79 -0.02> result: 90.00 90.25 -89.78 0.00 90.02 0.00
[12:55:33.359] [ARM-RX] [17] <0.00 -0.94 -0.02> result
[12:55:33.393] [ARM-RX] : 90.00 90.29 -89.73 0.00 90.03 0.00
[12:55:33.394] [ARM-RX] [18] <0.00 -1.10 -0.03> result: 90.00 90.34 -89.69 0.00 90.03 0.00
[12:55:33.394] [ARM-RX] [19] <0.00 -1.29 -0.03> result: 90.00 90.40 -89.63 0.00 90.03 0.00
[12:55:33.394] [ARM-RX] [20] <0.00 -1.49 -0.04> result: 90.00 90.46 -89.57 0.00 90.04 0.00
[12:55:33.394] [ARM-RX] [21] <0.00 -1.
[12:55:33.416] [ARM-RX] 72 -0.04> result: 90.00 90.53 -89.51 0.00 90.04 0.00
[12:55:33.416] [ARM-RX] [22] <0.00 -1.97 -0.05> result: 90.00 90.61 -89.44 0.00 90.05 0.00
[12:55:33.417] [ARM-RX] [23] <0.00 -2.23 -0.06> result: 90.00 90.69 -89.36 0.00 90.05 0.00
[12:55:33.417] [ARM-RX] [24] <0.00 -2.52 -0.06> result: 90.00 90.77 -89.28 0.00 90.05 0.00
[12:55:33.441] [ARM-RX] [25] <0.00 -2.84 -0.07> result: 90.00 90.87 -89.19 0.00 90.06 0.00
[12:55:33.441] [ARM-RX] [26] <0.00 -3.17 -0.08> result: 90.00 90.97 -89.10 0.00 90.06 0.00
[12:55:33.442] [ARM-RX] [27] <0.00 -3.53 -0.09> result: 90.00 91.07 -88.99 0.00 90.06 0.00
[12:55:33.442] [ARM-RX] [28] <0.00 -3.92 -0.10> result: 90.00 91.18 -88.88
[12:55:33.462] [ARM-RX] 0.00 90.07 0.00
[12:55:33.462] [ARM-RX] [29] <0.00 -4.33 -0.11> result: 90.00 91.30 -88.76 0.00 90.07 0.00
[12:55:33.462] [ARM-RX] [30] <0.00 -4.77 -0.12> result: 90.00 91.43 -88.64 0.00 90.07 0.00
[12:55:33.462] [ARM-RX] [31] <0.00 -5.23 -0.13> result: 90.00 91.56 -88.51 0.00 90.07 0.00
[12:55:33.462] [ARM-RX] [32] <0.00 -5.72 -0.14> result: 90
[12:55:33.486] [ARM-RX] .00 91.70 -88.37 0.00 90.07 0.00
[12:55:33.486] [ARM-RX] [33] <0.00 -6.24 -0.16> result: 90.00 91.85 -88.22 0.00 90.06 0.00
[12:55:33.486] [ARM-RX] [34] <0.00 -6.79 -0.17> result: 90.00 92.00 -88.06 0.00 90.06 0.00
[12:55:33.486] [ARM-RX] [35] <0.00 -7.36 -0.18> result: 90.00 92.16 -87.89 0.00 90.05 0.00
[12:55:33.486] [ARM-RX] [36] <0.00 -7.96 -
[12:55:33.507] [ARM-RX] 0.20> result: 90.00 92.32 -87.72 0.00 90.04 0.00
[12:55:33.508] [ARM-RX] [37] <0.00 -8.60 -0.21> result: 90.00 92.49 -87.54 0.00 90.03 0.00
[12:55:33.508] [ARM-RX] [38] <0.00 -9.26 -0.23> result: 90.00 92.67 -87.35 0.00 90.02 0.00
[12:55:33.508] [ARM-RX] [39] <0.00 -9.95 -0.25> result: 90.00 92.85 -87.15 0.00 90.00 0.00
[12:55:33.508] [ARM-RX] [4
[12:55:33.531] [ARM-RX] 0] <0.00 -10.67 -0.27> result: 90.00 93.04 -86.94 0.00 89.98 0.00
[12:55:33.531] [ARM-RX] [41] <0.00 -11.42 -0.29> result: 90.00 93.24 -86.72 0.00 89.96 0.00
[12:55:33.531] [ARM-RX] [42] <0.00 -12.20 -0.30> result: 90.00 93.44 -86.50 0.00 89.93 0.00
[12:55:33.531] [ARM-RX] [43] <0.00 -13.01 -0.33> result: 90.00 93.64 -86.26
[12:55:33.553] [ARM-RX] 0.00 89.91 0.00
[12:55:33.553] [ARM-RX] [44] <0.00 -13.85 -0.35> result: 90.00 93.85 -86.02 0.00 89.87 0.00
[12:55:33.554] [ARM-RX] [45] <0.00 -14.72 -0.37> result: 90.00 94.07 -85.77 0.00 89.84 0.00
[12:55:33.554] [ARM-RX] [46] <0.00 -15.62 -0.39> result: 90.00 94.29 -85.51 0.00 89.80 0.00
[12:55:33.554] [ARM-RX] [47] <0.00 -16.55 -0.41> result
[12:55:33.589] [ARM-RX] : 90.00 94.52 -85.24 0.00 89.75 0.00
[12:55:33.589] [ARM-RX] [48] <0.00 -17.51 -0.44> result: 90.00 94.75 -84.96 0.00 89.70 0.00
[12:55:33.589] [ARM-RX] [49] <0.00 -18.49 -0.46> result: 90.00 94.98 -84.67 0.00 89.65 0.00
[12:55:33.590] [ARM-RX] [50] <0.00 -19.51 -0.49> result: 90.00 95.22 -84.37 0.00 89.59 0.00
[12:55:33.590] [ARM-RX] [51] <0.00
[12:55:33.611] [ARM-RX] -20.56 -0.51> result: 90.00 95.47 -84.06 0.00 89.53 0.00
[12:55:33.611] [ARM-RX] [52] <0.00 -21.64 -0.54> result: 90.00 95.71 -83.75 0.00 89.46 0.00
[12:55:33.611] [ARM-RX] [53] <0.00 -22.74 -0.57> result: 90.00 95.97 -83.43 0.00 89.39 0.00
[12:55:33.612] [ARM-RX] [54] <0.00 -23.88 -0.60> result: 90.00 96.22 -83.09 0.00 89.
[12:55:33.634] [ARM-RX] 32 0.00
[12:55:33.635] [ARM-RX] [55] <0.00 -25.04 -0.63> result: 90.00 96.48 -82.75 0.00 89.23 0.00
[12:55:33.635] [ARM-RX] [56] <0.00 -26.23 -0.66> result: 90.00 96.74 -82.40 0.00 89.15 0.00
[12:55:33.635] [ARM-RX] [57] <0.00 -27.44 -0.69> result: 90.00 97.01 -82.05 0.00 89.06 0.00
[12:55:33.635] [ARM-RX] [58] <0.00 -28.68 -0.72> result: 90.00 9
[12:55:33.658] [ARM-RX] 7.28 -81.68 0.00 88.96 0.00
[12:55:33.658] [ARM-RX] [59] <0.00 -29.95 -0.75> result: 90.00 97.55 -81.31 0.00 88.86 0.00
[12:55:33.658] [ARM-RX] [60] <0.00 -31.25 -0.78> result: 90.00 97.83 -80.92 0.00 88.75 0.00
[12:55:33.659] [ARM-RX] [61] <0.00 -32.57 -0.81> result: 90.00 98.10 -80.53 0.00 88.64 0.00
[12:55:33.659] [ARM-RX] [62] <0.00 -33.91 -0
[12:55:33.680] [ARM-RX] .85> result: 90.00 98.39 -80.14 0.00 88.52 0.00
[12:55:33.680] [ARM-RX] [63] <0.00 -35.28 -0.88> result: 90.00 98.67 -79.73 0.00 88.40 0.00
[12:55:33.681] [ARM-RX] [64] <0.00 -36.67 -0.92> result: 90.00 98.95 -79.32 0.00 88.27 0.00
[12:55:33.681] [ARM-RX] [65] <0.00 -38.08 -0.95> result: 90.00 99.24 -78.90 0.00 88.14 0.00
[12:55:33.703] [ARM-RX] [66] <0.00 -39.51 -0.99> result: 90.00 99.53 -78.47 0.00 88.00 0.00
[12:55:33.704] [ARM-RX] [67] <0.00 -40.97 -1.02> result: 90.00 99.82 -78.04 0.00 87.86 0.00
[12:55:33.704] [ARM-RX] [68] <0.00 -42.44 -1.06> result: 90.00 100.11 -77.60 0.00 87.71 0.00
[12:55:33.704] [ARM-RX] [69] <0.00 -43.94 -1.10> result: 90.00 100.41 -7
[12:55:33.725] [ARM-RX] 7.15 0.00 87.56 0.00
[12:55:33.726] [ARM-RX] [70] <0.00 -45.45 -1.14> result: 90.00 100.70 -76.70 0.00 87.41 0.00
[12:55:33.726] [ARM-RX] [71] <0.00 -46.98 -1.17> result: 90.00 101.00 -76.24 0.00 87.25 0.00
[12:55:33.726] [ARM-RX] [72] <0.00 -48.53 -1.21> result: 90.00 101.30 -75.78 0.00 87.08 0.00
[12:55:33.726] [ARM-RX] [73] <0.00 -50.09 -1.25>
[12:55:33.760] [ARM-RX] result: 90.00 101.60 -75.31 0.00 86.91 0.00
[12:55:33.760] [ARM-RX] [74] <0.00 -51.67 -1.29> result: 90.00 101.90 -74.84 0.00 86.74 0.00
[12:55:33.760] [ARM-RX] [75] <0.00 -53.26 -1.33> result: 90.00 102.20 -74.36 0.00 86.56 0.00
[12:55:33.761] [ARM-RX] [76] <0.00 -54.86 -1.37> result: 90.00 102.51 -73.87 0.00 86.38 0.00
[12:55:33.783] [ARM-RX] [77] <0.00 -56.48 -1.41> result: 90.00 102.81 -73.39 0.00 86.20 0.00
[12:55:33.783] [ARM-RX] [78] <0.00 -58.11 -1.45> result: 90.00 103.11 -72.89 0.00 86.01 0.00
[12:55:33.783] [ARM-RX] [79] <0.00 -59.75 -1.49> result: 90.00 103.42 -72.40 0.00 85.82 0.00
[12:55:33.783] [ARM-RX] [80] <0.00 -60.00 -1.50> result: 90.00 103.47
[12:55:33.806] [ARM-RX] -72.32 0.00 85.79 0.00
[12:55:33.806] [ARM-RX] [81] <0.00 -60.00 -1.50> result: 90.00 103.47 -72.32 0.00 85.79 0.00
[12:55:33.807] [ARM-RX] [82] <0.00 -60.00 -1.50> result: 90.00 103.47 -72.32 0.00 85.79 0.00
[12:55:33.807] [ARM-RX] [83] <0.00 -60.00 -1.50> result: 90.00 103.47 -72.32 0.00 85.79 0.00
[12:55:33.807] [ARM-RX] [84] <0.00 -60.00 -1.5
[12:55:33.829] [ARM-RX] 0> result: 90.00 103.47 -72.32 0.00 85.79 0.00
[12:55:33.829] [ARM-RX] [85] <0.00 -60.00 -1.50> result: 90.00 103.47 -72.32 0.00 85.79 0.00
[12:55:33.830] [ARM-RX] [86] <0.00 -60.00 -1.50> result: 90.00 103.47 -72.32 0.00 85.79 0.00
[12:55:33.830] [ARM-RX] [87] <0.00 -60.00 -1.50> result: 90.00 103.47 -72.32 0.00 85.79 0.00
[12:55:33.852] [ARM-RX] [88] <0.00 -60.00 -1.50> result: 90.00 103.47 -72.32 0.00 85.79 0.00
[12:55:33.853] [ARM-RX] [89] <0.00 -60.00 -1.50> result: 90.00 103.47 -72.32 0.00 85.79 0.00
[12:55:33.853] [ARM-RX] [90] <0.00 -60.00 -1.50> result: 90.00 103.47 -72.32 0.00 85.79 0.00
[12:55:33.853] [ARM-RX] [91] <0.00 -60.00 -1.50> result: 90.00 103.4
[12:55:33.875] [ARM-RX] 7 -72.32 0.00 85.79 0.00
[12:55:33.875] [ARM-RX] [92] <0.00 -60.00 -1.50> result: 90.00 103.47 -72.32 0.00 85.79 0.00
[12:55:33.876] [ARM-RX] [93] <0.00 -60.00 -1.50> result: 90.00 103.47 -72.32 0.00 85.79 0.00
[12:55:33.876] [ARM-RX] [94] <0.00 -60.00 -1.50> result: 90.00 103.47 -72.32 0.00 85.79 0.00
[12:55:33.876] [ARM-RX] [95] <0.00 -60.00 -1
[12:55:33.898] [ARM-RX] .50> result: 90.00 103.47 -72.32 0.00 85.79 0.00
[12:55:33.898] [ARM-RX] [96] <0.00 -60.00 -1.50> result: 90.00 103.47 -72.32 0.00 85.79 0.00
[12:55:33.899] [ARM-RX] [97] <0.00 -60.00 -1.50> result: 90.00 103.47 -72.32 0.00 85.79 0.00
[12:55:33.899] [ARM-RX] [98] <0.00 -60.00 -1.50> result: 90.00 103.47 -72.32 0.00 85.79 0.
[12:55:33.922] [ARM-RX] 00
[12:55:33.922] [ARM-RX] [99] <0.00 -60.00 -1.50> result: 90.00 103.47 -72.32 0.00 85.79 0.00
[12:55:33.922] [ARM-RX] [100] <0.00 -60.00 -1.50> result: 90.00 103.47 -72.32 0.00 85.79 0.00
[12:55:33.922] [ARM-RX] [101] <0.00 -60.00 -1.50> result: 90.00 103.47 -72.32 0.00 85.79 0.00
[12:55:33.922] [ARM-RX] [102] <0.00 -60.00 -1.50> result: 90.00
[12:55:33.955] [ARM-RX] 103.47 -72.32 0.00 85.79 0.00
[12:55:33.955] [ARM-RX] [103] <0.00 -60.00 -1.50> result: 90.00 103.47 -72.32 0.00 85.79 0.00
[12:55:33.955] [ARM-RX] [104] <0.00 -60.00 -1.50> result: 90.00 103.47 -72.32 0.00 85.79 0.00
[12:55:33.955] [ARM-RX] [105] <0.00 -60.00 -1.50> result: 90.00 103.47 -72.32 0.00 85.79 0.00
[12:55:33.956] [ARM-RX] [106] <0.00
[12:55:33.978] [ARM-RX] -60.00 -1.50> result: 90.00 103.47 -72.32 0.00 85.79 0.00
[12:55:33.979] [ARM-RX] [107] <0.00 -60.00 -1.50> result: 90.00 103.47 -72.32 0.00 85.79 0.00
[12:55:33.979] [ARM-RX] [108] <0.00 -60.00 -1.50> result: 90.00 103.47 -72.32 0.00 85.79 0.00
[12:55:33.979] [ARM-RX] [109] <0.00 -60.00 -1.50> result: 90.00 103.47 -72.32 0
[12:55:34.002] [ARM-RX] .00 85.79 0.00
[12:55:34.003] [ARM-RX] [110] <0.00 -60.00 -1.50> result: 90.00 103.47 -72.32 0.00 85.79 0.00
[12:55:34.003] [ARM-RX] [111] <0.00 -60.00 -1.50> result: 90.00 103.47 -72.32 0.00 85.79 0.00
[12:55:34.003] [ARM-RX] [112] <0.00 -60.00 -1.50> result: 90.00 103.47 -72.32 0.00 85.79 0.00
[12:55:34.003] [ARM-RX] [113] <0.00 -60.00 -1.50> r
[12:55:34.030] [ARM-RX] esult: 90.00 103.47 -72.32 0.00 85.79 0.00
[12:55:34.030] [ARM-RX] [114] <0.00 -60.00 -1.50> result: 90.00 103.47 -72.32 0.00 85.79 0.00
[12:55:34.030] [ARM-RX] [115] <0.00 -60.00 -1.50> result: 90.00 103.47 -72.32 0.00 85.79 0.00
[12:55:34.030] [ARM-RX] [116] <0.00 -60.00 -1.50> result: 90.00 103.47 -72.32 0.00 85.79 0.00
[12:55:34.048] [ARM-RX] [117] <0.00 -60.00 -1.50> result: 90.00 103.47 -72.32 0.00 85.79 0.00
[12:55:34.048] [ARM-RX] [118] <0.00 -60.00 -1.50> result: 90.00 103.47 -72.32 0.00 85.79 0.00
[12:55:34.048] [ARM-RX] [119] <0.00 -60.00 -1.50> result: 90.00 103.47 -72.32 0.00 85.79 0.00
[12:55:34.048] [ARM-RX] [120] <0.00 -60.00 -1.50> result: 90.00 10
[12:55:34.070] [ARM-RX] 3.47 -72.32 0.00 85.79 0.00
[12:55:34.070] [ARM-RX] [121] <0.00 -60.00 -1.50> result: 90.00 103.47 -72.32 0.00 85.79 0.00
[12:55:34.071] [ARM-RX] [122] <0.00 -60.00 -1.50> result: 90.00 103.47 -72.32 0.00 85.79 0.00
[12:55:34.071] [ARM-RX] [123] <0.00 -60.00 -1.50> result: 90.00 103.47 -72.32 0.00 85.79 0.00
[12:55:34.071] [ARM-RX] [124] <0.00 -6
[12:55:34.093] [ARM-RX] 0.00 -1.50> result: 90.00 103.47 -72.32 0.00 85.79 0.00
[12:55:34.093] [ARM-RX] [125] <0.00 -60.00 -1.50> result: 90.00 103.47 -72.32 0.00 85.79 0.00
[12:55:34.094] [ARM-RX] [126] <0.00 -60.00 -1.50> result: 90.00 103.47 -72.32 0.00 85.79 0.00
[12:55:34.094] [ARM-RX] [127] <0.00 -60.00 -1.50> result: 90.00 103.47 -72.32 0.0
[12:55:34.127] [ARM-RX] 0 85.79 0.00
[12:55:34.128] [ARM-RX] [128] <0.00 -60.00 -1.50> result: 90.00 103.47 -72.32 0.00 85.79 0.00
[12:55:34.128] [ARM-RX] [129] <0.00 -60.00 -1.50> result: 90.00 103.47 -72.32 0.00 85.79 0.00
[12:55:34.128] [ARM-RX] [130] <0.00 -60.00 -1.50> result: 90.00 103.47 -72.32 0.00 85.79 0.00
[12:55:34.128] [ARM-RX] [131] <0.00 -60.00 -1.50> res
[12:55:34.150] [ARM-RX] ult: 90.00 103.47 -72.32 0.00 85.79 0.00
[12:55:34.150] [ARM-RX] [132] <0.00 -60.00 -1.50> result: 90.00 103.47 -72.32 0.00 85.79 0.00
[12:55:34.150] [ARM-RX] [133] <0.00 -60.00 -1.50> result: 90.00 103.47 -72.32 0.00 85.79 0.00
[12:55:34.150] [ARM-RX] [134] <0.00 -60.00 -1.50> result: 90.00 103.47 -72.32 0.00 85.79 0.00
[12:55:34.151] [ARM-RX] [
[12:55:34.173] [ARM-RX] 135] <0.00 -60.00 -1.50> result: 90.00 103.47 -72.32 0.00 85.79 0.00
[12:55:34.174] [ARM-RX] [136] <0.00 -60.00 -1.50> result: 90.00 103.47 -72.32 0.00 85.79 0.00
[12:55:34.174] [ARM-RX] [137] <0.00 -60.00 -1.50> result: 90.00 103.47 -72.32 0.00 85.79 0.00
[12:55:34.174] [ARM-RX] [138] <0.00 -60.00 -1.50> result: 90.00 103.
[12:55:34.196] [ARM-RX] 47 -72.32 0.00 85.79 0.00
[12:55:34.197] [ARM-RX] [139] <0.00 -60.00 -1.50> result: 90.00 103.47 -72.32 0.00 85.79 0.00
[12:55:34.197] [ARM-RX] [140] <0.00 -60.00 -1.50> result: 90.00 103.47 -72.32 0.00 85.79 0.00
[12:55:34.197] [ARM-RX] [141] <0.00 -60.00 -1.50> result: 90.00 103.47 -72.32 0.00 85.79 0.00
[12:55:34.197] [ARM-RX] [142] <0.00 -60.
[12:55:34.222] [ARM-RX] 00 -1.50> result: 90.00 103.47 -72.32 0.00 85.79 0.00
[12:55:34.222] [ARM-RX] [143] <0.00 -60.00 -1.50> result: 90.00 103.47 -72.32 0.00 85.79 0.00
[12:55:34.222] [ARM-RX] [144] <0.00 -60.00 -1.50> result: 90.00 103.47 -72.32 0.00 85.79 0.00
[12:55:34.223] [ARM-RX] [145] <0.00 -60.00 -1.50> result: 90.00 103.47 -72.32 0.00
[12:55:34.242] [ARM-RX] 85.79 0.00
[12:55:34.242] [ARM-RX] [146] <0.00 -60.00 -1.50> result: 90.00 103.47 -72.32 0.00 85.79 0.00
[12:55:34.243] [ARM-RX] [147] <0.00 -60.00 -1.50> result: 90.00 103.47 -72.32 0.00 85.79 0.00
[12:55:34.243] [ARM-RX] [148] <0.00 -60.00 -1.50> result: 90.00 103.47 -72.32 0.00 85.79 0.00
[12:55:34.243] [ARM-RX] [149] <0.00 -60.00 -1.50> resul
[12:55:34.265] [ARM-RX] t: 90.00 103.47 -72.32 0.00 85.79 0.00
[12:55:34.265] [ARM-RX] [150] <0.00 -60.00 -1.50> result: 90.00 103.47 -72.32 0.00 85.79 0.00
[12:55:34.265] [ARM-RX] [151] <0.00 -60.00 -1.50> result: 90.00 103.47 -72.32 0.00 85.79 0.00
[12:55:34.266] [ARM-RX] [152] <0.00 -60.00 -1.50> result: 90.00 103.47 -72.32 0.00 85.79 0.00
[12:55:34.266] [ARM-RX] [15
[12:55:34.288] [ARM-RX] 3] <0.00 -60.00 -1.50> result: 90.00 103.47 -72.32 0.00 85.79 0.00
[12:55:34.288] [ARM-RX] [154] <0.00 -60.00 -1.50> result: 90.00 103.47 -72.32 0.00 85.79 0.00
[12:55:34.288] [ARM-RX] [155] <0.00 -60.00 -1.50> result: 90.00 103.47 -72.32 0.00 85.79 0.00
[12:55:34.288] [ARM-RX] [156] <0.00 -60.00 -1.50> result: 90.00 103.47
[12:55:34.323] [ARM-RX] -72.32 0.00 85.79 0.00
[12:55:34.324] [ARM-RX] [157] <0.00 -60.00 -1.50> result: 90.00 103.47 -72.32 0.00 85.79 0.00
[12:55:34.324] [ARM-RX] [158] <0.00 -60.00 -1.50> result: 90.00 103.47 -72.32 0.00 85.79 0.00
[12:55:34.324] [ARM-RX] [159] <0.00 -60.00 -1.50> result: 90.00 103.47 -72.32 0.00 85.79 0.00
[12:55:34.324] [ARM-RX] [160] <0.00 -60.00
[12:55:34.346] [ARM-RX] -1.50> result: 90.00 103.47 -72.32 0.00 85.79 0.00
[12:55:34.347] [ARM-RX] [161] <0.00 -60.00 -1.50> result: 90.00 103.47 -72.32 0.00 85.79 0.00
[12:55:34.347] [ARM-RX] [162] <0.00 -60.00 -1.50> result: 90.00 103.47 -72.32 0.00 85.79 0.00
[12:55:34.347] [ARM-RX] [163] <0.00 -60.00 -1.50> result: 90.00 103.47 -72.32 0.00 85
[12:55:34.368] [ARM-RX] .79 0.00
[12:55:34.369] [ARM-RX] [164] <0.00 -60.00 -1.50> result: 90.00 103.47 -72.32 0.00 85.79 0.00
[12:55:34.369] [ARM-RX] [165] <0.00 -60.00 -1.50> result: 90.00 103.47 -72.32 0.00 85.79 0.00
[12:55:34.369] [ARM-RX] [166] <0.00 -60.00 -1.50> result: 90.00 103.47 -72.32 0.00 85.79 0.00
[12:55:34.369] [ARM-RX] [167] <0.00 -60.00 -1.50> result:
[12:55:34.391] [ARM-RX] 90.00 103.47 -72.32 0.00 85.79 0.00
[12:55:34.391] [ARM-RX] [168] <0.00 -60.00 -1.50> result: 90.00 103.47 -72.32 0.00 85.79 0.00
[12:55:34.392] [ARM-RX] [169] <0.00 -60.00 -1.50> result: 90.00 103.47 -72.32 0.00 85.79 0.00
[12:55:34.392] [ARM-RX] [170] <0.00 -60.00 -1.50> result: 90.00 103.47 -72.32 0.00 85.79 0.00
[12:55:34.392] [ARM-RX] [171]
[12:55:34.415] [ARM-RX] <0.00 -60.00 -1.50> result: 90.00 103.47 -72.32 0.00 85.79 0.00
[12:55:34.415] [ARM-RX] [172] <0.00 -60.00 -1.50> result: 90.00 103.47 -72.32 0.00 85.79 0.00
[12:55:34.415] [ARM-RX] [173] <0.00 -60.00 -1.50> result: 90.00 103.47 -72.32 0.00 85.79 0.00
[12:55:34.415] [ARM-RX] [174] <0.00 -60.00 -1.50> result: 90.00 103.47 -
[12:55:34.449] [ARM-RX] 72.32 0.00 85.79 0.00
[12:55:34.449] [ARM-RX] [175] <0.00 -60.00 -1.50> result: 90.00 103.47 -72.32 0.00 85.79 0.00
[12:55:34.449] [ARM-RX] [176] <0.00 -60.00 -1.50> result: 90.00 103.47 -72.32 0.00 85.79 0.00
[12:55:36.319] [ARM-RX] [joint 1] ave_error:0.00
[12:55:36.319] [ARM-RX] [joint 2] ave_error:2.95
[12:55:36.319] [ARM-RX] [joint 3] ave_error:2.46
[12:55:36.319] [ARM-RX] [joint 4] ave_error:0.00
[12:55:36.320] [ARM-RX] [joint 5] ave_error:0.28
[12:55:36.320] [ARM-RX] robot pid run finished!!
[12:55:36.415] [JETSON-RX] A5 5A 01 81 A5 03 01 01 00 09 DC
[12:55:36.416] [JETSON-STATUS] READY: A5 5A 01 81 A5 03 01 01 00 09 DC
[12:55:36.417] [DEMO-INFO] 开始发送视觉序列: 30,-20:5;15,-10:5;8,-5:5;0,0:30
[12:55:36.417] [JETSON-TX] VISION_NEW dcx=30 dcy=-20: A5 5A 01 03 A6 05 1E 00 EC FF 01 68 ED
[12:55:36.445] [ARM-RX] [JETSON_RX] vision dcx=30 dcy=-20
[12:55:36.445] [ARM-RX] [TARGET] vision state=WAIT_DETECT enabled=1 dcx=30 dcy=-20 stable=0
[12:55:36.445] [ARM-RX] ROBOT_VISUAL_SERVO_EVENT
[12:55:36.445] [ARM-RX] robot visual servo start
[12:55:36.619] [JETSON-TX] VISION_NEW dcx=30 dcy=-20: A5 5A 01 03 A9 05 1E 00 EC FF 01 97 ED
[12:55:36.693] [ARM-RX] [JETSON_RX] vision dcx=30 dcy=-20
[12:55:36.693] [ARM-RX] [TARGET] vision state=ALIGN enabled=1 dcx=30 dcy=-20 stable=0
[12:55:36.693] [ARM-RX] [TARGET] visual servo vx=8.00 vz=-7.00 dcx=30 dcy=-20
[12:55:36.820] [JETSON-TX] VISION_NEW dcx=30 dcy=-20: A5 5A 01 03 AC 05 1E 00 EC FF 01 C2 ED
[12:55:36.880] [ARM-RX] [JETSON_RX] vision dcx=30 dcy=-20
[12:55:36.880] [ARM-RX] [TARGET] vision state=ALIGN enabled=1 dcx=30 dcy=-20 stable=0
[12:55:36.880] [ARM-RX] [TARGET] visual servo vx=8.00 vz=-7.00 dcx=30 dcy=-20
[12:55:37.021] [JETSON-TX] VISION_NEW dcx=30 dcy=-20: A5 5A 01 03 AF 05 1E 00 EC FF 01 F1 ED
[12:55:37.068] [ARM-RX] [JETSON_RX] crc failed type=0x01 rx=0xAF03 calc=0x7D92
[12:55:37.223] [JETSON-TX] VISION_NEW dcx=30 dcy=-20: A5 5A 01 03 B2 05 1E 00 EC FF 01 3C EC
[12:55:37.254] [ARM-RX] [JETSON_RX] vision dcx=30 dcy=-20
[12:55:37.254] [ARM-RX] [TARGET] vision state=ALIGN enabled=1 dcx=30 dcy=-20 stable=0
[12:55:37.255] [ARM-RX] [TARGET] visual servo vx=8.00 vz=-7.00 dcx=30 dcy=-20
[12:55:37.424] [JETSON-TX] VISION_NEW dcx=15 dcy=-10: A5 5A 01 03 B5 05 0F 00 F6 FF 01 97 E8
[12:55:37.443] [ARM-RX] [JETSON_RX] vision dcx=15 dcy=-10
[12:55:37.505] [ARM-RX] [TARGET] vision state=ALIGN enabled=1 dcx=15 dcy=-10 stable=0
[12:55:37.505] [ARM-RX] [TARGET] visual servo vx=3.00 vz=-3.00 dcx=15 dcy=-10
[12:55:37.625] [JETSON-TX] VISION_NEW dcx=15 dcy=-10: A5 5A 01 03 B8 05 0F 00 F6 FF 01 4B 28
[12:55:37.692] [ARM-RX] [JETSON_RX] vision dcx=15 dcy=-10
[12:55:37.692] [ARM-RX] [TARGET] vision state=ALIGN enabled=1 dcx=15 dcy=-10 stable=0
[12:55:37.692] [ARM-RX] [TARGET] visual servo vx=3.00 vz=-3.00 dcx=15 dcy=-10
[12:55:37.827] [JETSON-TX] VISION_NEW dcx=15 dcy=-10: A5 5A 01 03 BB 05 0F 00 F6 FF 01 78 28
[12:55:37.877] [ARM-RX] [JETSON_RX] vision dcx=15 dcy=-10
[12:55:37.877] [ARM-RX] [TARGET] vision state=ALIGN enabled=1 dcx=15 dcy=-10 stable=0
[12:55:37.877] [ARM-RX] [TARGET] visual servo vx=3.00 vz=-3.00 dcx=15 dcy=-10
[12:55:38.028] [JETSON-TX] VISION_NEW dcx=15 dcy=-10: A5 5A 01 03 BE 05 0F 00 F6 FF 01 2D 28
[12:55:38.065] [ARM-RX] [JETSON_RX] vision dcx=15 dcy=-10
[12:55:38.065] [ARM-RX] [TARGET] vision state=ALIGN enabled=1 dcx=15 dcy=-10 stable=0
[12:55:38.065] [ARM-RX] [TARGET] visual servo vx=3.00 vz=-3.00 dcx=15 dcy=-10
[12:55:38.229] [JETSON-TX] VISION_NEW dcx=15 dcy=-10: A5 5A 01 03 C1 05 0F 00 F6 FF 01 A3 EF
[12:55:38.254] [ARM-RX] [JETSON_RX] vision dcx=15 dcy=-10
[12:55:38.254] [ARM-RX] [TARGET] vision state=ALIGN enabled=1 dcx=15 dcy=-10 stable=0
[12:55:38.254] [ARM-RX] [TARGET] visual servo
[12:55:38.306] [ARM-RX] vx=3.00 vz=-3.00 dcx=15 dcy=-10
[12:55:38.429] [JETSON-TX] VISION_NEW dcx=8 dcy=-5: A5 5A 01 03 C4 05 08 00 FB FF 01 D2 EC
[12:55:38.490] [ARM-RX] [JETSON_RX] vision dcx=8 dcy=-5
[12:55:38.490] [ARM-RX] [TARGET] vision state=ALIGN enabled=1 dcx=8 dcy=-5 stable=0
[12:55:38.490] [ARM-RX] [TARGET] visual servo vx=2.80 vz=-1.75 dcx=8 dcy=-5
[12:55:38.630] [JETSON-TX] VISION_NEW dcx=8 dcy=-5: A5 5A 01 03 C7 05 08 00 FB FF 01 E1 EC
[12:55:38.676] [ARM-RX] [JETSON_RX] vision dcx=8 dcy=-5
[12:55:38.676] [ARM-RX] [TARGET] vision state=ALIGN enabled=1 dcx=8 dcy=-5 stable=0
[12:55:38.676] [ARM-RX] [TARGET] visual servo vx=2.80 vz=-1.75 dcx=8 dcy=-5
[12:55:38.801] [ARM-RX] batch angle read timeout/missing mask=0x08 elapsed=11 ms
[12:55:38.835] [JETSON-TX] VISION_NEW dcx=8 dcy=-5: A5 5A 01 03 CA 05 08 00 FB FF 01 3D 2C
[12:55:38.863] [ARM-RX] [JETSON_RX] vision dcx=8 dcy=-5
[12:55:38.863] [ARM-RX] [TARGET] vision state=ALIGN enabled=1 dcx=8 dcy=-5 stable=0
[12:55:38.864] [ARM-RX] [TARGET] visual servo vx=2.80 vz=-1.75 dcx=8 dcy=-5
[12:55:39.035] [JETSON-TX] VISION_NEW dcx=8 dcy=-5: A5 5A 01 03 CD 05 08 00 FB FF 01 4B EC
[12:55:39.113] [ARM-RX] [JETSON_RX] vision dcx=8 dcy=-5
[12:55:39.113] [ARM-RX] [TARGET] vision state=ALIGN enabled=1 dcx=8 dcy=-5 stable=0
[12:55:39.115] [ARM-RX] [TARGET] visual servo vx=2.80 vz=-1.75 dcx=8 dcy=-5
[12:55:39.236] [JETSON-TX] VISION_NEW dcx=8 dcy=-5: A5 5A 01 03 D0 05 08 00 FB FF 01 86 ED
[12:55:39.296] [ARM-RX] [JETSON_RX] vision dcx=8 dcy=-5
[12:55:39.296] [ARM-RX] [TARGET] vision state=ALIGN enabled=1 dcx=8 dcy=-5 stable=0
[12:55:39.298] [ARM-RX] [TARGET] visual servo vx=2.80 vz=-1.75 dcx=8 dcy=-5
[12:55:39.437] [JETSON-TX] VISION_NEW dcx=0 dcy=0: A5 5A 01 03 D3 05 00 00 00 00 01 64 2D
[12:55:39.484] [ARM-RX] [JETSON_RX] vision dcx=0 dcy=0
[12:55:39.484] [ARM-RX] [TARGET] vision state=ALIGN enabled=1 dcx=0 dcy=0 stable=0
[12:55:39.639] [JETSON-TX] VISION_NEW dcx=0 dcy=0: A5 5A 01 03 D6 05 00 00 00 00 01 31 2D
[12:55:39.673] [ARM-RX] [JETSON_RX] vision dcx=0 dcy=0
[12:55:39.674] [ARM-RX] [TARGET] vision state=ALIGN enabled=1 dcx=0 dcy=0 stable=1
[12:55:39.840] [JETSON-TX] VISION_NEW dcx=0 dcy=0: A5 5A 01 03 D9 05 00 00 00 00 01 CE 2D
[12:55:39.860] [ARM-RX] [JETSON_RX] vision dcx=0 dcy=0
[12:55:39.860] [ARM-RX] [TARGET] vision state=ALIGN enabled=1 dcx=0 dcy=0 stable=2
[12:55:39.908] [JETSON-RX] A5 5A 01 81 D9 03 02 01 00 A8 16
[12:55:39.908] [JETSON-STATUS] ALIGN_DONE: A5 5A 01 81 D9 03 02 01 00 A8 16
[12:55:39.909] [DEMO-ACTION] 已对准：请按住 P000 KEY 允许激光输出。
[12:55:40.042] [JETSON-TX] VISION_NEW dcx=0 dcy=0: A5 5A 01 03 DC 05 00 00 00 00 01 9B 2D
[12:55:40.106] [ARM-RX] [JETSON_RX] vision dcx=0 dcy=0
[12:55:40.106] [ARM-RX] [TARGET] vision state=CONFIRM enabled=1 dcx=0 dcy=0 stable=0
[12:55:40.243] [JETSON-TX] VISION_NEW dcx=0 dcy=0: A5 5A 01 03 DF 05 00 00 00 00 01 A8 2D
[12:55:40.292] [ARM-RX] [JETSON_RX] vision dcx=0 dcy=0
[12:55:40.292] [ARM-RX] [TARGET] vision state=CONFIRM enabled=1 dcx=0 dcy=0 stable=0
[12:55:40.446] [JETSON-TX] VISION_NEW dcx=0 dcy=0: A5 5A 01 03 E2 05 00 00 00 00 01 44 EE
[12:55:40.482] [ARM-RX] [JETSON_RX] vision dcx=0 dcy=0
[12:55:40.482] [ARM-RX] [TARGET] vision state=CONFIRM enabled=1 dcx=0 dcy=0 stable=0
[12:55:40.647] [JETSON-TX] VISION_NEW dcx=0 dcy=0: A5 5A 01 03 E5 05 00 00 00 00 01 32 2E
[12:55:40.670] [ARM-RX] [JETSON_RX] vision dcx=0 dcy=0
[12:55:40.670] [ARM-RX] [TARGET] vision state=CONFIRM enabled=1 dcx=0 dcy=0 stable=0
[12:55:40.730] [JETSON-RX] A5 5A 01 81 E5 03 03 01 00 A9 D3
[12:55:40.730] [ARM-RX] robot visual servo stopped
[12:55:40.730] [JETSON-STATUS] OUTPUT_ON: A5 5A 01 81 E5 03 03 01 00 A9 D3
[12:55:40.732] [DEMO-ACTION] 激光已输出：需要关闭时松开 P000 KEY。
[12:55:40.848] [JETSON-TX] VISION_NEW dcx=0 dcy=0: A5 5A 01 03 E8 05 00 00 00 00 01 EE EE
[12:55:40.918] [ARM-RX] [JETSON_RX] vision dcx=0 dcy=0
[12:55:40.919] [ARM-RX] [TARGET] vision state=OUTPUT enabled=1 dcx=0 dcy=0 stable=0
[12:55:41.048] [JETSON-TX] VISION_NEW dcx=0 dcy=0: A5 5A 01 03 EB 05 00 00 00 00 01 DD EE
[12:55:41.103] [ARM-RX] [JETSON_RX] vision dcx=0 dcy=0
[12:55:41.104] [ARM-RX] [TARGET] vision state=OUTPUT enabled=1 dcx=0 dcy=0 stable=0
[12:55:41.249] [JETSON-TX] VISION_NEW dcx=0 dcy=0: A5 5A 01 03 EE 05 00 00 00 00 01 88 EE
[12:55:41.291] [ARM-RX] [JETSON_RX] vision dcx=0 dcy=0
[12:55:41.291] [ARM-RX] [TARGET] vision state=OUTPUT enabled=1 dcx=0 dcy=0 stable=0
[12:55:41.450] [JETSON-TX] VISION_NEW dcx=0 dcy=0: A5 5A 01 03 F1 05 00 00 00 00 01 66 2F
[12:55:41.482] [ARM-RX] [JETSON_RX] vision dcx=0 dcy=0
[12:55:41.483] [ARM-RX] [TARGET] vision state=OUTPUT enabled=1 dcx=0 dcy=0 stable=0
[12:55:41.652] [JETSON-TX] VISION_NEW dcx=0 dcy=0: A5 5A 01 03 F4 05 00 00 00 00 01 33 2F
[12:55:41.714] [ARM-RX] [JETSON_RX] vision dcx=0 dcy=0
[12:55:41.714] [ARM-RX] [TARGET] vision state=OUTPUT enabled=1 dcx=0 dcy=0 stable=0
[12:55:41.858] [JETSON-TX] VISION_NEW dcx=0 dcy=0: A5 5A 01 03 F7 05 00 00 00 00 01 00 2F
[12:55:41.901] [ARM-RX] [JETSON_RX] vision dcx=0 dcy=0
[12:55:41.901] [ARM-RX] [TARGET] vision state=OUTPUT enabled=1 dcx=0 dcy=0 stable=0
[12:55:42.060] [JETSON-TX] VISION_NEW dcx=0 dcy=0: A5 5A 01 03 FA 05 00 00 00 00 01 DC EF
[12:55:42.088] [ARM-RX] [JETSON_RX] vision dcx=0 dcy=0
[12:55:42.088] [ARM-RX] [TARGET] vision state=DONE enabled=1 dcx=0 dcy=0 stable=0
[12:55:42.107] [JETSON-RX] A5 5A 01 81 F9 03 03 00 00 79 81
[12:55:42.107] [JETSON-STATUS] OUTPUT_OFF: A5 5A 01 81 F9 03 03 00 00 79 81
[12:55:42.109] [JETSON-INFO] 已停止周期视觉发送
[12:55:42.109] [JETSON-INFO] heartbeat stopped
[12:55:42.111] [JETSON-TX] TARGET_CTRL_STOP_NEW: A5 5A 01 02 FD 01 00 88 18
[12:55:42.111] [DEMO-INFO] 检测到 OUTPUT_OFF，演示流程结束。
[12:55:42.151] [ARM-RX] [JETSON_RX] target_ctrl=0
[12:55:42.152] [ARM-RX] ROBOT_SOFT_RESET_EVENT
[12:55:42.152] [ARM-RX] --- Starting soft reset ---
[12:55:42.182] [JETSON-RX] A5 5A 01 81 FD 03 04 00 00 39 80
[12:55:42.182] [JETSON-STATUS] TARGET_CTRL_OFF: A5 5A 01 81 FD 03 04 00 00 39 80
[12:55:42.337] [ARM-RX] Soft reset motors enabled (J1~J5, J6 skipped).
[12:55:42.338] [ARM-RX] Soft resetting joint 4...
[12:55:42.406] [ARM-RX] robot_update_current_angle 4...
[12:55:42.406] [ARM-RX] [4] current:90.70, target:90.00, dir:-1
[12:55:42.513] [ARM-RX] Soft resetting joint 3...
[12:55:42.513] [ARM-RX] robot_update_current_angle 3...
[12:55:42.515] [ARM-RX] [3] current:-5.92, target:0.00, dir:1
[12:55:43.507] [ARM-RX] Soft resetting joint 1...
[12:55:43.507] [ARM-RX] robot_update_current_angle 1...
[12:55:43.507] [ARM-RX] [1] current:108.38, target:90.00, dir:-1
[12:55:45.206] [ARM-RX] soft reset joint 1 settle timeout, keep going
[12:55:45.206] [ARM-RX] Soft resetting joint 2...
[12:55:45.267] [ARM-RX] robot_update_current_angle 2...
[12:55:45.270] [ARM-RX] [2] current:-72.41, target:-90.00, dir:-1
[12:55:46.886] [ARM-RX] soft reset joint 2 settle timeout, keep going
[12:55:46.887] [ARM-RX] Soft resetting joint 0...
[12:55:46.887] [ARM-RX] robot_update_current_angle 0...
[12:55:46.887] [ARM-RX] [0] current:95.82, target:90.00, dir:-1
[12:55:48.006] [ARM-RX] soft reset final verify PASS (issues:2), pose set HOME.
[13:06:27.931] [DEMO-INFO] 演示配置已保存
[13:06:27.931] [JETSON-INFO] heartbeat started: 200 ms
[13:06:27.932] [DEMO-INFO] 一键定靶演示开始
[13:06:27.932] [JETSON-INFO] heartbeat started: 200 ms
[13:06:27.933] [JETSON-TX] TARGET_CTRL_START_NEW: A5 5A 01 02 00 01 01 D8 28
[13:06:28.001] [JETSON-RX] A5 5A 01 81 00 03 04 01 00 55 C4
[13:06:28.001] [JETSON-STATUS] TARGET_CTRL_ON: A5 5A 01 81 00 03 04 01 00 55 C4
[13:06:28.026] [ARM-RX] [JETSON_RX] target_ctrl=1
[13:06:28.027] [ARM-RX] ROBOT_AUTO_EVENT
[13:06:28.027] [ARM-RX] [0] <0.00 0.00 0.00> result: 90.00 90.00 -90.00 0.00 90.00 0.00
[13:06:28.027] [ARM-RX] [1] <0.00 -0.00 -0.00> result: 90.00 90.00 -90.00 0.00 90.00 0.00
[13:06:28.027] [ARM-RX] [2] <0.00 -0.00 -0
[13:06:28.029] [ARM-RX] .00> result: 90.00 90.00 -90.00 0.00 90.00 0.00
[13:06:28.029] [ARM-RX] [3] <0.00 -0.01 -0.00> result: 90.00 90.00 -90.00 0.00 90.00 0.00
[13:06:28.029] [ARM-RX] [4] <0.00 -0.02 -0.00> result: 90.00 90.01 -90.00 0.00 90.00 0.00
[13:06:28.029] [ARM-RX] [5] <0.00 -0.03 -0.00> result: 90.00 90.01 -89.99 0.00 90.00 0.00
[13:06:28.030] [ARM-RX] [6] <0
[13:06:28.030] [ARM-RX] .00 -0.05 -0.00> result: 90.00 90.02 -89.99 0.00 90.00 0.00
[13:06:28.030] [ARM-RX] [7] <0.00 -0.07 -0.00> result: 90.00 90.02 -89.98 0.00 90.00 0.00
[13:06:28.031] [ARM-RX] [8] <0.00 -0.11 -0.00> result: 90.00 90.03 -89.97 0.00 90.00 0.00
[13:06:28.031] [ARM-RX] [9] <0.00 -0.15 -0.00> result: 90.00 90.05 -89.96 0.00 90.00
[13:06:28.035] [ARM-RX] 0.00
[13:06:28.035] [ARM-RX] [10] <0.00 -0.20 -0.01> result: 90.00 90.06 -89.94 0.00 90.01 0.00
[13:06:28.035] [ARM-RX] [11] <0.00 -0.27 -0.01> result: 90.00 90.08 -89.92 0.00 90.01 0.00
[13:06:28.036] [ARM-RX] [12] <0.00 -0.34 -0.01> result: 90.00 90.11 -89.90 0.00 90.01 0.00
[13:06:28.036] [ARM-RX] [13] <0.00 -0.43 -0.01> result: 90.00 90.14 -8
[13:06:28.059] [ARM-RX] 9.88 0.00 90.01 0.00
[13:06:28.059] [ARM-RX] [14] <0.00 -0.54 -0.01> result: 90.00 90.17 -89.85 0.00 90.02 0.00
[13:06:28.059] [ARM-RX] [15] <0.00 -0.65 -0.02> result: 90.00 90.20 -89.81 0.00 90.02 0.00
[13:06:28.060] [ARM-RX] [16] <0.00 -0.79 -0.02> result: 90.00 90.25 -89.78 0.00 90.02 0.00
[13:06:28.060] [ARM-RX] [17] <0.00 -0.94 -0.02> result
[13:06:28.097] [ARM-RX] : 90.00 90.29 -89.73 0.00 90.03 0.00
[13:06:28.097] [ARM-RX] [18] <0.00 -1.10 -0.03> result: 90.00 90.34 -89.69 0.00 90.03 0.00
[13:06:28.098] [ARM-RX] [19] <0.00 -1.29 -0.03> result: 90.00 90.40 -89.63 0.00 90.03 0.00
[13:06:28.098] [ARM-RX] [20] <0.00 -1.49 -0.04> result: 90.00 90.46 -89.57 0.00 90.04 0.00
[13:06:28.098] [ARM-RX] [21] <0.00 -1.
[13:06:28.115] [ARM-RX] 72 -0.04> result: 90.00 90.53 -89.51 0.00 90.04 0.00
[13:06:28.116] [ARM-RX] [22] <0.00 -1.97 -0.05> result: 90.00 90.61 -89.44 0.00 90.05 0.00
[13:06:28.116] [ARM-RX] [23] <0.00 -2.23 -0.06> result: 90.00 90.69 -89.36 0.00 90.05 0.00
[13:06:28.116] [ARM-RX] [24] <0.00 -2.52 -0.06> result: 90.00 90.77 -89.28 0.00 90.05 0.00
[13:06:28.139] [ARM-RX] [25] <0.00 -2.84 -0.07> result: 90.00 90.87 -89.19 0.00 90.06 0.00
[13:06:28.139] [ARM-RX] [26] <0.00 -3.17 -0.08> result: 90.00 90.97 -89.10 0.00 90.06 0.00
[13:06:28.139] [ARM-RX] [27] <0.00 -3.53 -0.09> result: 90.00 91.07 -88.99 0.00 90.06 0.00
[13:06:28.140] [ARM-RX] [28] <0.00 -3.92 -0.10> result: 90.00 91.18 -88.88
[13:06:28.161] [ARM-RX] 0.00 90.07 0.00
[13:06:28.161] [ARM-RX] [29] <0.00 -4.33 -0.11> result: 90.00 91.30 -88.76 0.00 90.07 0.00
[13:06:28.162] [ARM-RX] [30] <0.00 -4.77 -0.12> result: 90.00 91.43 -88.64 0.00 90.07 0.00
[13:06:28.162] [ARM-RX] [31] <0.00 -5.23 -0.13> result: 90.00 91.56 -88.51 0.00 90.07 0.00
[13:06:28.162] [ARM-RX] [32] <0.00 -5.72 -0.14> result: 90
[13:06:28.184] [ARM-RX] .00 91.70 -88.37 0.00 90.07 0.00
[13:06:28.184] [ARM-RX] [33] <0.00 -6.24 -0.16> result: 90.00 91.85 -88.22 0.00 90.06 0.00
[13:06:28.185] [ARM-RX] [34] <0.00 -6.79 -0.17> result: 90.00 92.00 -88.06 0.00 90.06 0.00
[13:06:28.185] [ARM-RX] [35] <0.00 -7.36 -0.18> result: 90.00 92.16 -87.89 0.00 90.05 0.00
[13:06:28.185] [ARM-RX] [36] <0.00 -7.96 -
[13:06:28.207] [ARM-RX] 0.20> result: 90.00 92.32 -87.72 0.00 90.04 0.00
[13:06:28.207] [ARM-RX] [37] <0.00 -8.60 -0.21> result: 90.00 92.49 -87.54 0.00 90.03 0.00
[13:06:28.207] [ARM-RX] [38] <0.00 -9.26 -0.23> result: 90.00 92.67 -87.35 0.00 90.02 0.00
[13:06:28.209] [ARM-RX] [39] <0.00 -9.95 -0.25> result: 90.00 92.85 -87.15 0.00 90.00 0.00
[13:06:28.209] [ARM-RX] [4
[13:06:28.231] [ARM-RX] 0] <0.00 -10.67 -0.27> result: 90.00 93.04 -86.94 0.00 89.98 0.00
[13:06:28.231] [ARM-RX] [41] <0.00 -11.42 -0.29> result: 90.00 93.24 -86.72 0.00 89.96 0.00
[13:06:28.231] [ARM-RX] [42] <0.00 -12.20 -0.30> result: 90.00 93.44 -86.50 0.00 89.93 0.00
[13:06:28.233] [ARM-RX] [43] <0.00 -13.01 -0.33> result: 90.00 93.64 -86.26
[13:06:28.253] [ARM-RX] 0.00 89.91 0.00
[13:06:28.254] [ARM-RX] [44] <0.00 -13.85 -0.35> result: 90.00 93.85 -86.02 0.00 89.87 0.00
[13:06:28.254] [ARM-RX] [45] <0.00 -14.72 -0.37> result: 90.00 94.07 -85.77 0.00 89.84 0.00
[13:06:28.254] [ARM-RX] [46] <0.00 -15.62 -0.39> result: 90.00 94.29 -85.51 0.00 89.80 0.00
[13:06:28.254] [ARM-RX] [47] <0.00 -16.55 -0.41> result
[13:06:28.287] [ARM-RX] : 90.00 94.52 -85.24 0.00 89.75 0.00
[13:06:28.287] [ARM-RX] [48] <0.00 -17.51 -0.44> result: 90.00 94.75 -84.96 0.00 89.70 0.00
[13:06:28.288] [ARM-RX] [49] <0.00 -18.49 -0.46> result: 90.00 94.98 -84.67 0.00 89.65 0.00
[13:06:28.288] [ARM-RX] [50] <0.00 -19.51 -0.49> result: 90.00 95.22 -84.37 0.00 89.59 0.00
[13:06:28.288] [ARM-RX] [51] <0.00
[13:06:28.310] [ARM-RX] -20.56 -0.51> result: 90.00 95.47 -84.06 0.00 89.53 0.00
[13:06:28.311] [ARM-RX] [52] <0.00 -21.64 -0.54> result: 90.00 95.71 -83.75 0.00 89.46 0.00
[13:06:28.311] [ARM-RX] [53] <0.00 -22.74 -0.57> result: 90.00 95.97 -83.43 0.00 89.39 0.00
[13:06:28.311] [ARM-RX] [54] <0.00 -23.88 -0.60> result: 90.00 96.22 -83.09 0.00 89.
[13:06:28.334] [ARM-RX] 32 0.00
[13:06:28.334] [ARM-RX] [55] <0.00 -25.04 -0.63> result: 90.00 96.48 -82.75 0.00 89.23 0.00
[13:06:28.334] [ARM-RX] [56] <0.00 -26.23 -0.66> result: 90.00 96.74 -82.40 0.00 89.15 0.00
[13:06:28.334] [ARM-RX] [57] <0.00 -27.44 -0.69> result: 90.00 97.01 -82.05 0.00 89.06 0.00
[13:06:28.334] [ARM-RX] [58] <0.00 -28.68 -0.72> result: 90.00 9
[13:06:28.357] [ARM-RX] 7.28 -81.68 0.00 88.96 0.00
[13:06:28.357] [ARM-RX] [59] <0.00 -29.95 -0.75> result: 90.00 97.55 -81.31 0.00 88.86 0.00
[13:06:28.357] [ARM-RX] [60] <0.00 -31.25 -0.78> result: 90.00 97.83 -80.92 0.00 88.75 0.00
[13:06:28.358] [ARM-RX] [61] <0.00 -32.57 -0.81> result: 90.00 98.10 -80.53 0.00 88.64 0.00
[13:06:28.358] [ARM-RX] [62] <0.00 -33.91 -0
[13:06:28.379] [ARM-RX] .85> result: 90.00 98.39 -80.14 0.00 88.52 0.00
[13:06:28.380] [ARM-RX] [63] <0.00 -35.28 -0.88> result: 90.00 98.67 -79.73 0.00 88.40 0.00
[13:06:28.380] [ARM-RX] [64] <0.00 -36.67 -0.92> result: 90.00 98.95 -79.32 0.00 88.27 0.00
[13:06:28.380] [ARM-RX] [65] <0.00 -38.08 -0.95> result: 90.00 99.24 -78.90 0.00 88.14 0.00
[13:06:28.410] [ARM-RX] [66] <0.00 -39.51 -0.99> result: 90.00 99.53 -78.47 0.00 88.00 0.00
[13:06:28.410] [ARM-RX] [67] <0.00 -40.97 -1.02> result: 90.00 99.82 -78.04 0.00 87.86 0.00
[13:06:28.410] [ARM-RX] [68] <0.00 -42.44 -1.06> result: 90.00 100.11 -77.60 0.00 87.71 0.00
[13:06:28.411] [ARM-RX] [69] <0.00 -43.94 -1.10> result: 90.00 100.41 -7
[13:06:28.426] [ARM-RX] 7.15 0.00 87.56 0.00
[13:06:28.426] [ARM-RX] [70] <0.00 -45.45 -1.14> result: 90.00 100.70 -76.70 0.00 87.41 0.00
[13:06:28.426] [ARM-RX] [71] <0.00 -46.98 -1.17> result: 90.00 101.00 -76.24 0.00 87.25 0.00
[13:06:28.426] [ARM-RX] [72] <0.00 -48.53 -1.21> result: 90.00 101.30 -75.78 0.00 87.08 0.00
[13:06:28.426] [ARM-RX] [73] <0.00 -50.09 -1.25>
[13:06:28.459] [ARM-RX] result: 90.00 101.60 -75.31 0.00 86.91 0.00
[13:06:28.459] [ARM-RX] [74] <0.00 -51.67 -1.29> result: 90.00 101.90 -74.84 0.00 86.74 0.00
[13:06:28.460] [ARM-RX] [75] <0.00 -53.26 -1.33> result: 90.00 102.20 -74.36 0.00 86.56 0.00
[13:06:28.460] [ARM-RX] [76] <0.00 -54.86 -1.37> result: 90.00 102.51 -73.87 0.00 86.38 0.00
[13:06:28.483] [ARM-RX] [77] <0.00 -56.48 -1.41> result: 90.00 102.81 -73.39 0.00 86.20 0.00
[13:06:28.483] [ARM-RX] [78] <0.00 -58.11 -1.45> result: 90.00 103.11 -72.89 0.00 86.01 0.00
[13:06:28.483] [ARM-RX] [79] <0.00 -59.75 -1.49> result: 90.00 103.42 -72.40 0.00 85.82 0.00
[13:06:28.483] [ARM-RX] [80] <0.00 -60.00 -1.50> result: 90.00 103.47
[13:06:28.507] [ARM-RX] -72.32 0.00 85.79 0.00
[13:06:28.508] [ARM-RX] [81] <0.00 -60.00 -1.50> result: 90.00 103.47 -72.32 0.00 85.79 0.00
[13:06:28.508] [ARM-RX] [82] <0.00 -60.00 -1.50> result: 90.00 103.47 -72.32 0.00 85.79 0.00
[13:06:28.508] [ARM-RX] [83] <0.00 -60.00 -1.50> result: 90.00 103.47 -72.32 0.00 85.79 0.00
[13:06:28.508] [ARM-RX] [84] <0.00 -60.00 -1.5
[13:06:28.529] [ARM-RX] 0> result: 90.00 103.47 -72.32 0.00 85.79 0.00
[13:06:28.529] [ARM-RX] [85] <0.00 -60.00 -1.50> result: 90.00 103.47 -72.32 0.00 85.79 0.00
[13:06:28.529] [ARM-RX] [86] <0.00 -60.00 -1.50> result: 90.00 103.47 -72.32 0.00 85.79 0.00
[13:06:28.529] [ARM-RX] [87] <0.00 -60.00 -1.50> result: 90.00 103.47 -72.32 0.00 85.79 0.00
[13:06:28.552] [ARM-RX] [88] <0.00 -60.00 -1.50> result: 90.00 103.47 -72.32 0.00 85.79 0.00
[13:06:28.552] [ARM-RX] [89] <0.00 -60.00 -1.50> result: 90.00 103.47 -72.32 0.00 85.79 0.00
[13:06:28.552] [ARM-RX] [90] <0.00 -60.00 -1.50> result: 90.00 103.47 -72.32 0.00 85.79 0.00
[13:06:28.553] [ARM-RX] [91] <0.00 -60.00 -1.50> result: 90.00 103.4
[13:06:28.574] [ARM-RX] 7 -72.32 0.00 85.79 0.00
[13:06:28.574] [ARM-RX] [92] <0.00 -60.00 -1.50> result: 90.00 103.47 -72.32 0.00 85.79 0.00
[13:06:28.574] [ARM-RX] [93] <0.00 -60.00 -1.50> result: 90.00 103.47 -72.32 0.00 85.79 0.00
[13:06:28.576] [ARM-RX] [94] <0.00 -60.00 -1.50> result: 90.00 103.47 -72.32 0.00 85.79 0.00
[13:06:28.576] [ARM-RX] [95] <0.00 -60.00 -1
[13:06:28.598] [ARM-RX] .50> result: 90.00 103.47 -72.32 0.00 85.79 0.00
[13:06:28.598] [ARM-RX] [96] <0.00 -60.00 -1.50> result: 90.00 103.47 -72.32 0.00 85.79 0.00
[13:06:28.598] [ARM-RX] [97] <0.00 -60.00 -1.50> result: 90.00 103.47 -72.32 0.00 85.79 0.00
[13:06:28.598] [ARM-RX] [98] <0.00 -60.00 -1.50> result: 90.00 103.47 -72.32 0.00 85.79 0.
[13:06:28.620] [ARM-RX] 00
[13:06:28.620] [ARM-RX] [99] <0.00 -60.00 -1.50> result: 90.00 103.47 -72.32 0.00 85.79 0.00
[13:06:28.620] [ARM-RX] [100] <0.00 -60.00 -1.50> result: 90.00 103.47 -72.32 0.00 85.79 0.00
[13:06:28.621] [ARM-RX] [101] <0.00 -60.00 -1.50> result: 90.00 103.47 -72.32 0.00 85.79 0.00
[13:06:28.621] [ARM-RX] [102] <0.00 -60.00 -1.50> result: 90.00
[13:06:28.655] [ARM-RX] 103.47 -72.32 0.00 85.79 0.00
[13:06:28.655] [ARM-RX] [103] <0.00 -60.00 -1.50> result: 90.00 103.47 -72.32 0.00 85.79 0.00
[13:06:28.655] [ARM-RX] [104] <0.00 -60.00 -1.50> result: 90.00 103.47 -72.32 0.00 85.79 0.00
[13:06:28.655] [ARM-RX] [105] <0.00 -60.00 -1.50> result: 90.00 103.47 -72.32 0.00 85.79 0.00
[13:06:28.655] [ARM-RX] [106] <0.00
[13:06:28.681] [ARM-RX] -60.00 -1.50> result: 90.00 103.47 -72.32 0.00 85.79 0.00
[13:06:28.681] [ARM-RX] [107] <0.00 -60.00 -1.50> result: 90.00 103.47 -72.32 0.00 85.79 0.00
[13:06:28.681] [ARM-RX] [108] <0.00 -60.00 -1.50> result: 90.00 103.47 -72.32 0.00 85.79 0.00
[13:06:28.681] [ARM-RX] [109] <0.00 -60.00 -1.50> result: 90.00 103.47 -72.32 0
[13:06:28.701] [ARM-RX] .00 85.79 0.00
[13:06:28.701] [ARM-RX] [110] <0.00 -60.00 -1.50> result: 90.00 103.47 -72.32 0.00 85.79 0.00
[13:06:28.702] [ARM-RX] [111] <0.00 -60.00 -1.50> result: 90.00 103.47 -72.32 0.00 85.79 0.00
[13:06:28.702] [ARM-RX] [112] <0.00 -60.00 -1.50> result: 90.00 103.47 -72.32 0.00 85.79 0.00
[13:06:28.702] [ARM-RX] [113] <0.00 -60.00 -1.50> r
[13:06:28.723] [ARM-RX] esult: 90.00 103.47 -72.32 0.00 85.79 0.00
[13:06:28.723] [ARM-RX] [114] <0.00 -60.00 -1.50> result: 90.00 103.47 -72.32 0.00 85.79 0.00
[13:06:28.723] [ARM-RX] [115] <0.00 -60.00 -1.50> result: 90.00 103.47 -72.32 0.00 85.79 0.00
[13:06:28.725] [ARM-RX] [116] <0.00 -60.00 -1.50> result: 90.00 103.47 -72.32 0.00 85.79 0.00
[13:06:28.747] [ARM-RX] [117] <0.00 -60.00 -1.50> result: 90.00 103.47 -72.32 0.00 85.79 0.00
[13:06:28.747] [ARM-RX] [118] <0.00 -60.00 -1.50> result: 90.00 103.47 -72.32 0.00 85.79 0.00
[13:06:28.747] [ARM-RX] [119] <0.00 -60.00 -1.50> result: 90.00 103.47 -72.32 0.00 85.79 0.00
[13:06:28.747] [ARM-RX] [120] <0.00 -60.00 -1.50> result: 90.00 10
[13:06:28.769] [ARM-RX] 3.47 -72.32 0.00 85.79 0.00
[13:06:28.770] [ARM-RX] [121] <0.00 -60.00 -1.50> result: 90.00 103.47 -72.32 0.00 85.79 0.00
[13:06:28.770] [ARM-RX] [122] <0.00 -60.00 -1.50> result: 90.00 103.47 -72.32 0.00 85.79 0.00
[13:06:28.770] [ARM-RX] [123] <0.00 -60.00 -1.50> result: 90.00 103.47 -72.32 0.00 85.79 0.00
[13:06:28.771] [ARM-RX] [124] <0.00 -6
[13:06:28.793] [ARM-RX] 0.00 -1.50> result: 90.00 103.47 -72.32 0.00 85.79 0.00
[13:06:28.793] [ARM-RX] [125] <0.00 -60.00 -1.50> result: 90.00 103.47 -72.32 0.00 85.79 0.00
[13:06:28.793] [ARM-RX] [126] <0.00 -60.00 -1.50> result: 90.00 103.47 -72.32 0.00 85.79 0.00
[13:06:28.794] [ARM-RX] [127] <0.00 -60.00 -1.50> result: 90.00 103.47 -72.32 0.0
[13:06:28.827] [ARM-RX] 0 85.79 0.00
[13:06:28.828] [ARM-RX] [128] <0.00 -60.00 -1.50> result: 90.00 103.47 -72.32 0.00 85.79 0.00
[13:06:28.828] [ARM-RX] [129] <0.00 -60.00 -1.50> result: 90.00 103.47 -72.32 0.00 85.79 0.00
[13:06:28.828] [ARM-RX] [130] <0.00 -60.00 -1.50> result: 90.00 103.47 -72.32 0.00 85.79 0.00
[13:06:28.828] [ARM-RX] [131] <0.00 -60.00 -1.50> res
[13:06:28.851] [ARM-RX] ult: 90.00 103.47 -72.32 0.00 85.79 0.00
[13:06:28.851] [ARM-RX] [132] <0.00 -60.00 -1.50> result: 90.00 103.47 -72.32 0.00 85.79 0.00
[13:06:28.851] [ARM-RX] [133] <0.00 -60.00 -1.50> result: 90.00 103.47 -72.32 0.00 85.79 0.00
[13:06:28.851] [ARM-RX] [134] <0.00 -60.00 -1.50> result: 90.00 103.47 -72.32 0.00 85.79 0.00
[13:06:28.852] [ARM-RX] [
[13:06:28.876] [ARM-RX] 135] <0.00 -60.00 -1.50> result: 90.00 103.47 -72.32 0.00 85.79 0.00
[13:06:28.877] [ARM-RX] [136] <0.00 -60.00 -1.50> result: 90.00 103.47 -72.32 0.00 85.79 0.00
[13:06:28.877] [ARM-RX] [137] <0.00 -60.00 -1.50> result: 90.00 103.47 -72.32 0.00 85.79 0.00
[13:06:28.877] [ARM-RX] [138] <0.00 -60.00 -1.50> result: 90.00 103.
[13:06:28.897] [ARM-RX] 47 -72.32 0.00 85.79 0.00
[13:06:28.897] [ARM-RX] [139] <0.00 -60.00 -1.50> result: 90.00 103.47 -72.32 0.00 85.79 0.00
[13:06:28.897] [ARM-RX] [140] <0.00 -60.00 -1.50> result: 90.00 103.47 -72.32 0.00 85.79 0.00
[13:06:28.897] [ARM-RX] [141] <0.00 -60.00 -1.50> result: 90.00 103.47 -72.32 0.00 85.79 0.00
[13:06:28.898] [ARM-RX] [142] <0.00 -60.
[13:06:28.918] [ARM-RX] 00 -1.50> result: 90.00 103.47 -72.32 0.00 85.79 0.00
[13:06:28.918] [ARM-RX] [143] <0.00 -60.00 -1.50> result: 90.00 103.47 -72.32 0.00 85.79 0.00
[13:06:28.918] [ARM-RX] [144] <0.00 -60.00 -1.50> result: 90.00 103.47 -72.32 0.00 85.79 0.00
[13:06:28.918] [ARM-RX] [145] <0.00 -60.00 -1.50> result: 90.00 103.47 -72.32 0.00
[13:06:28.941] [ARM-RX] 85.79 0.00
[13:06:28.942] [ARM-RX] [146] <0.00 -60.00 -1.50> result: 90.00 103.47 -72.32 0.00 85.79 0.00
[13:06:28.942] [ARM-RX] [147] <0.00 -60.00 -1.50> result: 90.00 103.47 -72.32 0.00 85.79 0.00
[13:06:28.942] [ARM-RX] [148] <0.00 -60.00 -1.50> result: 90.00 103.47 -72.32 0.00 85.79 0.00
[13:06:28.942] [ARM-RX] [149] <0.00 -60.00 -1.50> resul
[13:06:28.968] [ARM-RX] t: 90.00 103.47 -72.32 0.00 85.79 0.00
[13:06:28.968] [ARM-RX] [150] <0.00 -60.00 -1.50> result: 90.00 103.47 -72.32 0.00 85.79 0.00
[13:06:28.969] [ARM-RX] [151] <0.00 -60.00 -1.50> result: 90.00 103.47 -72.32 0.00 85.79 0.00
[13:06:28.969] [ARM-RX] [152] <0.00 -60.00 -1.50> result: 90.00 103.47 -72.32 0.00 85.79 0.00
[13:06:28.969] [ARM-RX] [15
[13:06:28.987] [ARM-RX] 3] <0.00 -60.00 -1.50> result: 90.00 103.47 -72.32 0.00 85.79 0.00
[13:06:28.988] [ARM-RX] [154] <0.00 -60.00 -1.50> result: 90.00 103.47 -72.32 0.00 85.79 0.00
[13:06:28.988] [ARM-RX] [155] <0.00 -60.00 -1.50> result: 90.00 103.47 -72.32 0.00 85.79 0.00
[13:06:28.988] [ARM-RX] [156] <0.00 -60.00 -1.50> result: 90.00 103.47
[13:06:29.023] [ARM-RX] -72.32 0.00 85.79 0.00
[13:06:29.023] [ARM-RX] [157] <0.00 -60.00 -1.50> result: 90.00 103.47 -72.32 0.00 85.79 0.00
[13:06:29.023] [ARM-RX] [158] <0.00 -60.00 -1.50> result: 90.00 103.47 -72.32 0.00 85.79 0.00
[13:06:29.023] [ARM-RX] [159] <0.00 -60.00 -1.50> result: 90.00 103.47 -72.32 0.00 85.79 0.00
[13:06:29.024] [ARM-RX] [160] <0.00 -60.00
[13:06:29.046] [ARM-RX] -1.50> result: 90.00 103.47 -72.32 0.00 85.79 0.00
[13:06:29.046] [ARM-RX] [161] <0.00 -60.00 -1.50> result: 90.00 103.47 -72.32 0.00 85.79 0.00
[13:06:29.046] [ARM-RX] [162] <0.00 -60.00 -1.50> result: 90.00 103.47 -72.32 0.00 85.79 0.00
[13:06:29.047] [ARM-RX] [163] <0.00 -60.00 -1.50> result: 90.00 103.47 -72.32 0.00 85
[13:06:29.068] [ARM-RX] .79 0.00
[13:06:29.069] [ARM-RX] [164] <0.00 -60.00 -1.50> result: 90.00 103.47 -72.32 0.00 85.79 0.00
[13:06:29.069] [ARM-RX] [165] <0.00 -60.00 -1.50> result: 90.00 103.47 -72.32 0.00 85.79 0.00
[13:06:29.069] [ARM-RX] [166] <0.00 -60.00 -1.50> result: 90.00 103.47 -72.32 0.00 85.79 0.00
[13:06:29.069] [ARM-RX] [167] <0.00 -60.00 -1.50> result:
[13:06:29.092] [ARM-RX] 90.00 103.47 -72.32 0.00 85.79 0.00
[13:06:29.092] [ARM-RX] [168] <0.00 -60.00 -1.50> result: 90.00 103.47 -72.32 0.00 85.79 0.00
[13:06:29.092] [ARM-RX] [169] <0.00 -60.00 -1.50> result: 90.00 103.47 -72.32 0.00 85.79 0.00
[13:06:29.093] [ARM-RX] [170] <0.00 -60.00 -1.50> result: 90.00 103.47 -72.32 0.00 85.79 0.00
[13:06:29.093] [ARM-RX] [171]
[13:06:29.114] [ARM-RX] <0.00 -60.00 -1.50> result: 90.00 103.47 -72.32 0.00 85.79 0.00
[13:06:29.115] [ARM-RX] [172] <0.00 -60.00 -1.50> result: 90.00 103.47 -72.32 0.00 85.79 0.00
[13:06:29.115] [ARM-RX] [173] <0.00 -60.00 -1.50> result: 90.00 103.47 -72.32 0.00 85.79 0.00
[13:06:29.115] [ARM-RX] [174] <0.00 -60.00 -1.50> result: 90.00 103.47 -
[13:06:29.177] [ARM-RX] 72.32 0.00 85.79 0.00
[13:06:29.177] [ARM-RX] [175] <0.00 -60.00 -1.50> result: 90.00 103.47 -72.32 0.00 85.79 0.00
[13:06:29.177] [ARM-RX] [176] <0.00 -60.00 -1.50> result: 90.00 103.47 -72.32 0.00 85.79 0.00
[13:06:29.215] [ARM-RX] [CAN][TX] timeout id=0x00000100 dlc=2
[13:06:29.216] [ARM-RX] [CAN][timeout] status=0x000000A8 tx_err=128 rx_err=0 err_code=0x00000401
[13:06:29.216] [ARM-RX] CAN Send chunk for Motor ID 1 failed with err: 20
[13:06:29.216] [ARM-RX] [CAN][TX] write failed id=0x00000200 dlc=2 err=60003
[13:06:29.217] [ARM-RX] [CAN][write_fail] status=0x000000A8 tx
[13:06:29.237] [ARM-RX] _err=128 rx_err=0 err_code=0x00000401
[13:06:29.237] [ARM-RX] CAN Send chunk for Motor ID 2 failed with err: 60003
[13:06:29.237] [ARM-RX] [CAN][TX] write failed id=0x00000300 dlc=2 err=60003
[13:06:29.237] [ARM-RX] [CAN][write_fail] status=0x000000A8 tx_err=128 rx_err=0 err_code=0x00000401
[13:06:29.238] [ARM-RX] CAN Send chunk for Motor ID 3 fa
[13:06:29.259] [ARM-RX] iled with err: 60003
[13:06:29.259] [ARM-RX] [CAN][TX] write failed id=0x00000400 dlc=2 err=60003
[13:06:29.260] [ARM-RX] [CAN][write_fail] status=0x000000A8 tx_err=128 rx_err=0 err_code=0x00000401
[13:06:29.260] [ARM-RX] CAN Send chunk for Motor ID 4 failed with err: 60003
[13:06:29.260] [ARM-RX] [CAN][TX] write failed id=0x00000500 dlc=2 err=60
[13:06:29.280] [ARM-RX] 003
[13:06:29.280] [ARM-RX] [CAN][write_fail] status=0x000000A8 tx_err=128 rx_err=0 err_code=0x00000401
[13:06:29.281] [ARM-RX] CAN Send chunk for Motor ID 5 failed with err: 60003
[13:06:29.281] [ARM-RX] batch angle read timeout/missing mask=0x1F elapsed=144 ms
[13:06:29.281] [ARM-RX] [CAN][TX] write failed id=0x00000100 dlc=7 err=60003
[13:06:29.281] [ARM-RX] [CAN][w
[13:06:29.311] [ARM-RX] rite_fail] status=0x000000A8 tx_err=128 rx_err=0 err_code=0x00000401
[13:06:29.311] [ARM-RX] CAN Send chunk for Motor ID 1 failed with err: 60003
[13:06:29.312] [ARM-RX] [CAN][TX] write failed id=0x00000200 dlc=7 err=60003
[13:06:29.312] [ARM-RX] [CAN][write_fail] status=0x000000A8 tx_err=128 rx_err=0 err_code=0x00000401
[13:06:29.312] [ARM-RX] C
[13:06:29.334] [ARM-RX] AN Send chunk for Motor ID 2 failed with err: 60003
[13:06:29.334] [ARM-RX] [CAN][TX] write failed id=0x00000300 dlc=7 err=60003
[13:06:29.334] [ARM-RX] [CAN][write_fail] status=0x000000A8 tx_err=128 rx_err=0 err_code=0x00000401
[13:06:29.334] [ARM-RX] CAN Send chunk for Motor ID 3 failed with err: 60003
[13:06:29.335] [ARM-RX] [CAN][TX] write fa
[13:06:29.354] [ARM-RX] iled id=0x00000400 dlc=7 err=60003
[13:06:29.355] [ARM-RX] [CAN][write_fail] status=0x000000A8 tx_err=128 rx_err=0 err_code=0x00000401
[13:06:29.355] [ARM-RX] CAN Send chunk for Motor ID 4 failed with err: 60003
[13:06:29.355] [ARM-RX] [CAN][TX] write failed id=0x00000500 dlc=7 err=60003
[13:06:29.355] [ARM-RX] [CAN][write_fail] status=0x000000A8
[13:06:29.375] [ARM-RX] tx_err=128 rx_err=0 err_code=0x00000401
[13:06:29.376] [ARM-RX] CAN Send chunk for Motor ID 5 failed with err: 60003
[13:06:29.376] [ARM-RX] [CAN][TX] write failed id=0x00000100 dlc=2 err=60003
[13:06:29.376] [ARM-RX] [CAN][write_fail] status=0x000000A8 tx_err=128 rx_err=0 err_code=0x00000401
[13:06:29.376] [ARM-RX] CAN Send chunk for Motor ID 1
[13:06:29.397] [ARM-RX] failed with err: 60003
[13:06:29.397] [ARM-RX] [CAN][TX] write failed id=0x00000200 dlc=2 err=60003
[13:06:29.397] [ARM-RX] [CAN][write_fail] status=0x000000A8 tx_err=128 rx_err=0 err_code=0x00000401
[13:06:29.398] [ARM-RX] CAN Send chunk for Motor ID 2 failed with err: 60003
[13:06:29.398] [ARM-RX] [CAN][TX] write failed id=0x00000300 dlc=2 err
[13:06:29.417] [ARM-RX] =60003
[13:06:29.418] [ARM-RX] [CAN][write_fail] status=0x000000A8 tx_err=128 rx_err=0 err_code=0x00000401
[13:06:29.418] [ARM-RX] CAN Send chunk for Motor ID 3 failed with err: 60003
[13:06:29.418] [ARM-RX] [CAN][TX] write failed id=0x00000400 dlc=2 err=60003
[13:06:29.418] [ARM-RX] [CAN][write_fail] status=0x000000A8 tx_err=128 rx_err=0 err_cod
[13:06:29.456] [ARM-RX] e=0x00000401
[13:06:29.456] [ARM-RX] CAN Send chunk for Motor ID 4 failed with err: 60003
[13:06:29.456] [ARM-RX] [CAN][TX] write failed id=0x00000500 dlc=2 err=60003
[13:06:29.456] [ARM-RX] [CAN][write_fail] status=0x000000A8 tx_err=128 rx_err=0 err_code=0x00000401
[13:06:29.456] [ARM-RX] CAN Send chunk for Motor ID 5 failed with err: 60003
[13:06:29.457] [ARM-RX] bat
[13:06:29.477] [ARM-RX] ch angle read timeout/missing mask=0x1F elapsed=89 ms
[13:06:29.477] [ARM-RX] [CAN][TX] write failed id=0x00000100 dlc=7 err=60003
[13:06:29.477] [ARM-RX] [CAN][write_fail] status=0x000000A8 tx_err=128 rx_err=0 err_code=0x00000401
[13:06:29.477] [ARM-RX] CAN Send chunk for Motor ID 1 failed with err: 60003
[13:06:29.477] [ARM-RX] [CAN][TX] write
[13:06:29.499] [ARM-RX] failed id=0x00000200 dlc=7 err=60003
[13:06:29.500] [ARM-RX] [CAN][write_fail] status=0x000000A8 tx_err=128 rx_err=0 err_code=0x00000401
[13:06:29.500] [ARM-RX] CAN Send chunk for Motor ID 2 failed with err: 60003
[13:06:29.500] [ARM-RX] [CAN][TX] write failed id=0x00000300 dlc=7 err=60003
[13:06:29.500] [ARM-RX] [CAN][write_fail] status=0x000000
[13:06:29.518] [ARM-RX] A8 tx_err=128 rx_err=0 err_code=0x00000401
[13:06:29.518] [ARM-RX] CAN Send chunk for Motor ID 3 failed with err: 60003
[13:06:29.519] [ARM-RX] [CAN][TX] write failed id=0x00000400 dlc=7 err=60003
[13:06:29.519] [ARM-RX] [CAN][write_fail] status=0x000000A8 tx_err=128 rx_err=0 err_code=0x00000401
[13:06:29.519] [ARM-RX] CAN Send chunk for Motor ID
[13:06:29.540] [ARM-RX] 4 failed with err: 60003
[13:06:29.541] [ARM-RX] [CAN][TX] write failed id=0x00000500 dlc=7 err=60003
[13:06:29.541] [ARM-RX] [CAN][write_fail] status=0x000000A8 tx_err=128 rx_err=0 err_code=0x00000401
[13:06:29.541] [ARM-RX] CAN Send chunk for Motor ID 5 failed with err: 60003
[13:06:29.541] [ARM-RX] [CAN][TX] write failed id=0x00000100 dlc=2 e
[13:06:29.561] [ARM-RX] rr=60003
[13:06:29.562] [ARM-RX] [CAN][write_fail] status=0x000000A8 tx_err=128 rx_err=0 err_code=0x00000401
[13:06:29.562] [ARM-RX] CAN Send chunk for Motor ID 1 failed with err: 60003
[13:06:29.562] [ARM-RX] [CAN][TX] write failed id=0x00000200 dlc=2 err=60003
[13:06:29.562] [ARM-RX] [CAN][write_fail] status=0x000000A8 tx_err=128 rx_err=0 err_c
[13:06:29.582] [ARM-RX] ode=0x00000401
[13:06:29.583] [ARM-RX] CAN Send chunk for Motor ID 2 failed with err: 60003
[13:06:29.583] [ARM-RX] [CAN][TX] write failed id=0x00000300 dlc=2 err=60003
[13:06:29.583] [ARM-RX] [CAN][write_fail] status=0x000000A8 tx_err=128 rx_err=0 err_code=0x00000401
[13:06:29.583] [ARM-RX] CAN Send chunk for Motor ID 3 failed with err: 60003
[13:06:29.584] [ARM-RX] [
[13:06:29.604] [ARM-RX] CAN][TX] write failed id=0x00000400 dlc=2 err=60003
[13:06:29.604] [ARM-RX] [CAN][write_fail] status=0x000000A8 tx_err=128 rx_err=0 err_code=0x00000401
[13:06:29.604] [ARM-RX] CAN Send chunk for Motor ID 4 failed with err: 60003
[13:06:29.604] [ARM-RX] [CAN][TX] write failed id=0x00000500 dlc=2 err=60003
[13:06:29.605] [ARM-RX] [CAN][write_fail]
[13:06:29.641] [ARM-RX] status=0x000000A8 tx_err=128 rx_err=0 err_code=0x00000401
[13:06:29.641] [ARM-RX] CAN Send chunk for Motor ID 5 failed with err: 60003
[13:06:29.641] [ARM-RX] batch angle read timeout/missing mask=0x1F elapsed=89 ms
[13:06:29.641] [ARM-RX] [CAN][TX] write failed id=0x00000100 dlc=7 err=60003
[13:06:29.642] [ARM-RX] [CAN][write_fail] status=0x0000
[13:06:29.661] [ARM-RX] 00A8 tx_err=128 rx_err=0 err_code=0x00000401
[13:06:29.662] [ARM-RX] CAN Send chunk for Motor ID 1 failed with err: 60003
[13:06:29.662] [ARM-RX] [CAN][TX] write failed id=0x00000200 dlc=7 err=60003
[13:06:29.662] [ARM-RX] [CAN][write_fail] status=0x000000A8 tx_err=128 rx_err=0 err_code=0x00000401
[13:06:29.662] [ARM-RX] CAN Send chunk for Motor
[13:06:29.683] [ARM-RX] ID 2 failed with err: 60003
[13:06:29.684] [ARM-RX] [CAN][TX] write failed id=0x00000300 dlc=7 err=60003
[13:06:29.684] [ARM-RX] [CAN][write_fail] status=0x000000A8 tx_err=128 rx_err=0 err_code=0x00000401
[13:06:29.684] [ARM-RX] CAN Send chunk for Motor ID 3 failed with err: 60003
[13:06:29.684] [ARM-RX] [CAN][TX] write failed id=0x00000400 dlc=7
[13:06:29.704] [ARM-RX] err=60003
[13:06:29.704] [ARM-RX] [CAN][write_fail] status=0x000000A8 tx_err=128 rx_err=0 err_code=0x00000401
[13:06:29.705] [ARM-RX] CAN Send chunk for Motor ID 4 failed with err: 60003
[13:06:29.705] [ARM-RX] [CAN][TX] write failed id=0x00000500 dlc=7 err=60003
[13:06:29.705] [ARM-RX] [CAN][write_fail] status=0x000000A8 tx_err=128 rx_err=0 err
[13:06:29.729] [ARM-RX] _code=0x00000401
[13:06:29.729] [ARM-RX] CAN Send chunk for Motor ID 5 failed with err: 60003
[13:06:29.730] [ARM-RX] [CAN][TX] write failed id=0x00000100 dlc=2 err=60003
[13:06:29.730] [ARM-RX] [CAN][write_fail] status=0x000000A8 tx_err=128 rx_err=0 err_code=0x00000401
[13:06:29.730] [ARM-RX] CAN Send chunk for Motor ID 1 failed with err: 60003
[13:06:29.747] [ARM-RX] [CAN][TX] write failed id=0x00000200 dlc=2 err=60003
[13:06:29.747] [ARM-RX] [CAN][write_fail] status=0x000000A8 tx_err=128 rx_err=0 err_code=0x00000401
[13:06:29.747] [ARM-RX] CAN Send chunk for Motor ID 2 failed with err: 60003
[13:06:29.747] [ARM-RX] [CAN][TX] write failed id=0x00000300 dlc=2 err=60003
[13:06:29.747] [ARM-RX] [CAN][write_fail
[13:06:29.767] [ARM-RX] ] status=0x000000A8 tx_err=128 rx_err=0 err_code=0x00000401
[13:06:29.768] [ARM-RX] CAN Send chunk for Motor ID 3 failed with err: 60003
[13:06:29.768] [ARM-RX] [CAN][TX] write failed id=0x00000400 dlc=2 err=60003
[13:06:29.768] [ARM-RX] [CAN][write_fail] status=0x000000A8 tx_err=128 rx_err=0 err_code=0x00000401
[13:06:29.768] [ARM-RX] CAN Send c
[13:06:29.807] [ARM-RX] hunk for Motor ID 4 failed with err: 60003
[13:06:29.807] [ARM-RX] [CAN][TX] write failed id=0x00000500 dlc=2 err=60003
[13:06:29.807] [ARM-RX] [CAN][write_fail] status=0x000000A8 tx_err=128 rx_err=0 err_code=0x00000401
[13:06:29.807] [ARM-RX] CAN Send chunk for Motor ID 5 failed with err: 60003
[13:06:29.807] [ARM-RX] batch angle read timeout/mi
[13:06:29.826] [ARM-RX] ssing mask=0x1F elapsed=89 ms
[13:06:29.826] [ARM-RX] [CAN][TX] write failed id=0x00000100 dlc=7 err=60003
[13:06:29.826] [ARM-RX] [CAN][write_fail] status=0x000000A8 tx_err=128 rx_err=0 err_code=0x00000401
[13:06:29.826] [ARM-RX] CAN Send chunk for Motor ID 1 failed with err: 60003
[13:06:29.826] [ARM-RX] [CAN][TX] write failed id=0x00000200 dlc
[13:06:29.847] [ARM-RX] =7 err=60003
[13:06:29.848] [ARM-RX] [CAN][write_fail] status=0x000000A8 tx_err=128 rx_err=0 err_code=0x00000401
[13:06:29.848] [ARM-RX] CAN Send chunk for Motor ID 2 failed with err: 60003
[13:06:29.848] [ARM-RX] [CAN][TX] write failed id=0x00000300 dlc=7 err=60003
[13:06:29.848] [ARM-RX] [CAN][write_fail] status=0x000000A8 tx_err=128 rx_err=0 e
[13:06:29.869] [ARM-RX] rr_code=0x00000401
[13:06:29.869] [ARM-RX] CAN Send chunk for Motor ID 3 failed with err: 60003
[13:06:29.869] [ARM-RX] [CAN][TX] write failed id=0x00000400 dlc=7 err=60003
[13:06:29.869] [ARM-RX] [CAN][write_fail] status=0x000000A8 tx_err=128 rx_err=0 err_code=0x00000401
[13:06:29.869] [ARM-RX] CAN Send chunk for Motor ID 4 failed with err: 6000
[13:06:29.891] [ARM-RX] 3
[13:06:29.891] [ARM-RX] [CAN][TX] write failed id=0x00000500 dlc=7 err=60003
[13:06:29.892] [ARM-RX] [CAN][write_fail] status=0x000000A8 tx_err=128 rx_err=0 err_code=0x00000401
[13:06:29.892] [ARM-RX] CAN Send chunk for Motor ID 5 failed with err: 60003
[13:06:29.892] [ARM-RX] [CAN][TX] write failed id=0x00000100 dlc=2 err=60003
[13:06:29.892] [ARM-RX] [CAN][write_fa
[13:06:29.916] [ARM-RX] il] status=0x000000A8 tx_err=128 rx_err=0 err_code=0x00000401
[13:06:29.916] [ARM-RX] CAN Send chunk for Motor ID 1 failed with err: 60003
[13:06:29.916] [ARM-RX] [CAN][TX] write failed id=0x00000200 dlc=2 err=60003
[13:06:29.917] [ARM-RX] [CAN][write_fail] status=0x000000A8 tx_err=128 rx_err=0 err_code=0x00000401
[13:06:29.917] [ARM-RX] CAN Send
[13:06:29.942] [ARM-RX] chunk for Motor ID 2 failed with err: 60003
[13:06:29.943] [ARM-RX] [CAN][TX] write failed id=0x00000300 dlc=2 err=60003
[13:06:29.943] [ARM-RX] [CAN][write_fail] status=0x000000A8 tx_err=128 rx_err=0 err_code=0x00000401
[13:06:29.943] [ARM-RX] CAN Send chunk for Motor ID 3 failed with err: 60003
[13:06:29.943] [ARM-RX] [CAN][TX] write failed id
[13:06:29.964] [ARM-RX] =0x00000400 dlc=2 err=60003
[13:06:29.964] [ARM-RX] [CAN][write_fail] status=0x000000A8 tx_err=128 rx_err=0 err_code=0x00000401
[13:06:29.964] [ARM-RX] CAN Send chunk for Motor ID 4 failed with err: 60003
[13:06:29.964] [ARM-RX] [CAN][TX] write failed id=0x00000500 dlc=2 err=60003
[13:06:29.964] [ARM-RX] [CAN][write_fail] status=0x000000A8 tx_err
[13:06:29.990] [ARM-RX] =128 rx_err=0 err_code=0x00000401
[13:06:29.990] [ARM-RX] CAN Send chunk for Motor ID 5 failed with err: 60003
[13:06:29.991] [ARM-RX] batch angle read timeout/missing mask=0x1F elapsed=89 ms
[13:06:29.991] [ARM-RX] [CAN][TX] write failed id=0x00000100 dlc=7 err=60003
[13:06:29.991] [ARM-RX] [CAN][write_fail] status=0x000000A8 tx_err=128 rx_err=0
[13:06:30.012] [ARM-RX] err_code=0x00000401
[13:06:30.012] [ARM-RX] CAN Send chunk for Motor ID 1 failed with err: 60003
[13:06:30.012] [ARM-RX] [CAN][TX] write failed id=0x00000200 dlc=7 err=60003
[13:06:30.013] [ARM-RX] [CAN][write_fail] status=0x000000A8 tx_err=128 rx_err=0 err_code=0x00000401
[13:06:30.013] [ARM-RX] CAN Send chunk for Motor ID 2 failed with err: 60
[13:06:30.034] [ARM-RX] 003
[13:06:30.034] [ARM-RX] [CAN][TX] write failed id=0x00000300 dlc=7 err=60003
[13:06:30.034] [ARM-RX] [CAN][write_fail] status=0x000000A8 tx_err=128 rx_err=0 err_code=0x00000401
[13:06:30.034] [ARM-RX] CAN Send chunk for Motor ID 3 failed with err: 60003
[13:06:30.034] [ARM-RX] [CAN][TX] write failed id=0x00000400 dlc=7 err=60003
[13:06:30.034] [ARM-RX] [CAN][write_
[13:06:30.054] [ARM-RX] fail] status=0x000000A8 tx_err=128 rx_err=0 err_code=0x00000401
[13:06:30.055] [ARM-RX] CAN Send chunk for Motor ID 4 failed with err: 60003
[13:06:30.055] [ARM-RX] [CAN][TX] write failed id=0x00000500 dlc=7 err=60003
[13:06:30.055] [ARM-RX] [CAN][write_fail] status=0x000000A8 tx_err=128 rx_err=0 err_code=0x00000401
[13:06:30.055] [ARM-RX] CAN Se
[13:06:30.075] [ARM-RX] nd chunk for Motor ID 5 failed with err: 60003
[13:06:30.076] [ARM-RX] [CAN][TX] write failed id=0x00000100 dlc=2 err=60003
[13:06:30.076] [ARM-RX] [CAN][write_fail] status=0x000000A8 tx_err=128 rx_err=0 err_code=0x00000401
[13:06:30.076] [ARM-RX] CAN Send chunk for Motor ID 1 failed with err: 60003
[13:06:30.076] [ARM-RX] [CAN][TX] write failed
[13:06:30.107] [ARM-RX] id=0x00000200 dlc=2 err=60003
[13:06:30.107] [ARM-RX] [CAN][write_fail] status=0x000000A8 tx_err=128 rx_err=0 err_code=0x00000401
[13:06:30.107] [ARM-RX] CAN Send chunk for Motor ID 2 failed with err: 60003
[13:06:30.108] [ARM-RX] [CAN][TX] write failed id=0x00000300 dlc=2 err=60003
[13:06:30.108] [ARM-RX] [CAN][write_fail] status=0x000000A8 tx_e
[13:06:30.129] [ARM-RX] rr=128 rx_err=0 err_code=0x00000401
[13:06:30.129] [ARM-RX] CAN Send chunk for Motor ID 3 failed with err: 60003
[13:06:30.129] [ARM-RX] [CAN][TX] write failed id=0x00000400 dlc=2 err=60003
[13:06:30.129] [ARM-RX] [CAN][write_fail] status=0x000000A8 tx_err=128 rx_err=0 err_code=0x00000401
[13:06:30.130] [ARM-RX] CAN Send chunk for Motor ID 4 fail
[13:06:30.156] [ARM-RX] ed with err: 60003
[13:06:30.156] [ARM-RX] [CAN][TX] write failed id=0x00000500 dlc=2 err=60003
[13:06:30.156] [ARM-RX] [CAN][write_fail] status=0x000000A8 tx_err=128 rx_err=0 err_code=0x00000401
[13:06:30.156] [ARM-RX] CAN Send chunk for Motor ID 5 failed with err: 60003
[13:06:30.157] [ARM-RX] batch angle read timeout/missing mask=0x1F elapsed=
[13:06:30.177] [ARM-RX] 89 ms
[13:06:30.177] [ARM-RX] [CAN][TX] write failed id=0x00000100 dlc=7 err=60003
[13:06:30.177] [ARM-RX] [CAN][write_fail] status=0x000000A8 tx_err=128 rx_err=0 err_code=0x00000401
[13:06:30.177] [ARM-RX] CAN Send chunk for Motor ID 1 failed with err: 60003
[13:06:30.178] [ARM-RX] [CAN][TX] write failed id=0x00000200 dlc=7 err=60003
[13:06:30.178] [ARM-RX] [CAN][writ
[13:06:30.198] [ARM-RX] e_fail] status=0x000000A8 tx_err=128 rx_err=0 err_code=0x00000401
[13:06:30.198] [ARM-RX] CAN Send chunk for Motor ID 2 failed with err: 60003
[13:06:30.198] [ARM-RX] [CAN][TX] write failed id=0x00000300 dlc=7 err=60003
[13:06:30.199] [ARM-RX] [CAN][write_fail] status=0x000000A8 tx_err=128 rx_err=0 err_code=0x00000401
[13:06:30.199] [ARM-RX] CAN
[13:06:30.218] [ARM-RX] Send chunk for Motor ID 3 failed with err: 60003
[13:06:30.219] [ARM-RX] [CAN][TX] write failed id=0x00000400 dlc=7 err=60003
[13:06:30.219] [ARM-RX] [CAN][write_fail] status=0x000000A8 tx_err=128 rx_err=0 err_code=0x00000401
[13:06:30.219] [ARM-RX] CAN Send chunk for Motor ID 4 failed with err: 60003
[13:06:30.219] [ARM-RX] [CAN][TX] write faile
[13:06:30.239] [ARM-RX] d id=0x00000500 dlc=7 err=60003
[13:06:30.239] [ARM-RX] [CAN][write_fail] status=0x000000A8 tx_err=128 rx_err=0 err_code=0x00000401
[13:06:30.240] [ARM-RX] CAN Send chunk for Motor ID 5 failed with err: 60003
[13:06:30.240] [ARM-RX] [CAN][TX] write failed id=0x00000100 dlc=2 err=60003
[13:06:30.240] [ARM-RX] [CAN][write_fail] status=0x000000A8 tx
[13:06:30.272] [ARM-RX] _err=128 rx_err=0 err_code=0x00000401
[13:06:30.272] [ARM-RX] CAN Send chunk for Motor ID 1 failed with err: 60003
[13:06:30.272] [ARM-RX] [CAN][TX] write failed id=0x00000200 dlc=2 err=60003
[13:06:30.272] [ARM-RX] [CAN][write_fail] status=0x000000A8 tx_err=128 rx_err=0 err_code=0x00000401
[13:06:30.272] [ARM-RX] CAN Send chunk for Motor ID 2 fa
[13:06:30.293] [ARM-RX] iled with err: 60003
[13:06:30.293] [ARM-RX] [CAN][TX] write failed id=0x00000300 dlc=2 err=60003
[13:06:30.293] [ARM-RX] [CAN][write_fail] status=0x000000A8 tx_err=128 rx_err=0 err_code=0x00000401
[13:06:30.293] [ARM-RX] CAN Send chunk for Motor ID 3 failed with err: 60003
[13:06:30.294] [ARM-RX] [CAN][TX] write failed id=0x00000400 dlc=2 err=60
[13:06:30.314] [ARM-RX] 003
[13:06:30.314] [ARM-RX] [CAN][write_fail] status=0x000000A8 tx_err=128 rx_err=0 err_code=0x00000401
[13:06:30.314] [ARM-RX] CAN Send chunk for Motor ID 4 failed with err: 60003
[13:06:30.314] [ARM-RX] [CAN][TX] write failed id=0x00000500 dlc=2 err=60003
[13:06:30.315] [ARM-RX] [CAN][write_fail] status=0x000000A8 tx_err=128 rx_err=0 err_code=0
[13:06:30.341] [ARM-RX] x00000401
[13:06:30.341] [ARM-RX] CAN Send chunk for Motor ID 5 failed with err: 60003
[13:06:30.341] [ARM-RX] batch angle read timeout/missing mask=0x1F elapsed=89 ms
[13:06:30.341] [ARM-RX] [CAN][TX] write failed id=0x00000100 dlc=7 err=60003
[13:06:30.341] [ARM-RX] [CAN][write_fail] status=0x000000A8 tx_err=128 rx_err=0 err_code=0x00000401
[13:06:30.342] [ARM-RX] CA
[13:06:30.362] [ARM-RX] N Send chunk for Motor ID 1 failed with err: 60003
[13:06:30.362] [ARM-RX] [CAN][TX] write failed id=0x00000200 dlc=7 err=60003
[13:06:30.362] [ARM-RX] [CAN][write_fail] status=0x000000A8 tx_err=128 rx_err=0 err_code=0x00000401
[13:06:30.362] [ARM-RX] CAN Send chunk for Motor ID 2 failed with err: 60003
[13:06:30.362] [ARM-RX] [CAN][TX] write fai
[13:06:30.383] [ARM-RX] led id=0x00000300 dlc=7 err=60003
[13:06:30.384] [ARM-RX] [CAN][write_fail] status=0x000000A8 tx_err=128 rx_err=0 err_code=0x00000401
[13:06:30.384] [ARM-RX] CAN Send chunk for Motor ID 3 failed with err: 60003
[13:06:30.384] [ARM-RX] [CAN][TX] write failed id=0x00000400 dlc=7 err=60003
[13:06:30.385] [ARM-RX] [CAN][write_fail] status=0x000000A8
[13:06:30.405] [ARM-RX] tx_err=128 rx_err=0 err_code=0x00000401
[13:06:30.405] [ARM-RX] CAN Send chunk for Motor ID 4 failed with err: 60003
[13:06:30.405] [ARM-RX] [CAN][TX] write failed id=0x00000500 dlc=7 err=60003
[13:06:30.405] [ARM-RX] [CAN][write_fail] status=0x000000A8 tx_err=128 rx_err=0 err_code=0x00000401
[13:06:30.406] [ARM-RX] CAN Send chunk for Motor ID 5
[13:06:30.437] [ARM-RX] failed with err: 60003
[13:06:30.437] [ARM-RX] [CAN][TX] write failed id=0x00000100 dlc=2 err=60003
[13:06:30.437] [ARM-RX] [CAN][write_fail] status=0x000000A8 tx_err=128 rx_err=0 err_code=0x00000401
[13:06:30.437] [ARM-RX] CAN Send chunk for Motor ID 1 failed with err: 60003
[13:06:30.437] [ARM-RX] [CAN][TX] write failed id=0x00000200 dlc=2 err=
[13:06:30.457] [ARM-RX] 60003
[13:06:30.458] [ARM-RX] [CAN][write_fail] status=0x000000A8 tx_err=128 rx_err=0 err_code=0x00000401
[13:06:30.458] [ARM-RX] CAN Send chunk for Motor ID 2 failed with err: 60003
[13:06:30.458] [ARM-RX] [CAN][TX] write failed id=0x00000300 dlc=2 err=60003
[13:06:30.458] [ARM-RX] [CAN][write_fail] status=0x000000A8 tx_err=128 rx_err=0 err_code
[13:06:30.478] [ARM-RX] =0x00000401
[13:06:30.479] [ARM-RX] CAN Send chunk for Motor ID 3 failed with err: 60003
[13:06:30.479] [ARM-RX] [CAN][TX] write failed id=0x00000400 dlc=2 err=60003
[13:06:30.479] [ARM-RX] [CAN][write_fail] status=0x000000A8 tx_err=128 rx_err=0 err_code=0x00000401
[13:06:30.479] [ARM-RX] CAN Send chunk for Motor ID 4 failed with err: 60003
[13:06:30.479] [ARM-RX] [CAN
[13:06:30.505] [ARM-RX] ][TX] write failed id=0x00000500 dlc=2 err=60003
[13:06:30.506] [ARM-RX] [CAN][write_fail] status=0x000000A8 tx_err=128 rx_err=0 err_code=0x00000401
[13:06:30.506] [ARM-RX] CAN Send chunk for Motor ID 5 failed with err: 60003
[13:06:30.506] [ARM-RX] batch angle read timeout/missing mask=0x1F elapsed=89 ms
[13:06:30.506] [ARM-RX] [CAN][TX] write f
[13:06:30.526] [ARM-RX] ailed id=0x00000100 dlc=7 err=60003
[13:06:30.527] [ARM-RX] [CAN][write_fail] status=0x000000A8 tx_err=128 rx_err=0 err_code=0x00000401
[13:06:30.527] [ARM-RX] CAN Send chunk for Motor ID 1 failed with err: 60003
[13:06:30.527] [ARM-RX] [CAN][TX] write failed id=0x00000200 dlc=7 err=60003
[13:06:30.527] [ARM-RX] [CAN][write_fail] status=0x000000A
[13:06:30.547] [ARM-RX] 8 tx_err=128 rx_err=0 err_code=0x00000401
[13:06:30.547] [ARM-RX] CAN Send chunk for Motor ID 2 failed with err: 60003
[13:06:30.547] [ARM-RX] [CAN][TX] write failed id=0x00000300 dlc=7 err=60003
[13:06:30.547] [ARM-RX] [CAN][write_fail] status=0x000000A8 tx_err=128 rx_err=0 err_code=0x00000401
[13:06:30.549] [ARM-RX] CAN Send chunk for Motor ID
[13:06:30.579] [ARM-RX] 3 failed with err: 60003
[13:06:30.579] [ARM-RX] [CAN][TX] write failed id=0x00000400 dlc=7 err=60003
[13:06:30.580] [ARM-RX] [CAN][write_fail] status=0x000000A8 tx_err=128 rx_err=0 err_code=0x00000401
[13:06:30.580] [ARM-RX] CAN Send chunk for Motor ID 4 failed with err: 60003
[13:06:30.580] [ARM-RX] [CAN][TX] write failed id=0x00000500 dlc=7 er
[13:06:30.601] [ARM-RX] r=60003
[13:06:30.602] [ARM-RX] [CAN][write_fail] status=0x000000A8 tx_err=128 rx_err=0 err_code=0x00000401
[13:06:30.602] [ARM-RX] CAN Send chunk for Motor ID 5 failed with err: 60003
[13:06:30.602] [ARM-RX] [CAN][TX] write failed id=0x00000100 dlc=2 err=60003
[13:06:30.602] [ARM-RX] [CAN][write_fail] status=0x000000A8 tx_err=128 rx_err=0 err_co
[13:06:30.621] [ARM-RX] de=0x00000401
[13:06:30.621] [ARM-RX] CAN Send chunk for Motor ID 1 failed with err: 60003
[13:06:30.622] [ARM-RX] [CAN][TX] write failed id=0x00000200 dlc=2 err=60003
[13:06:30.622] [ARM-RX] [CAN][write_fail] status=0x000000A8 tx_err=128 rx_err=0 err_code=0x00000401
[13:06:30.622] [ARM-RX] CAN Send chunk for Motor ID 2 failed with err: 60003
[13:06:30.622] [ARM-RX] [C
[13:06:30.643] [ARM-RX] AN][TX] write failed id=0x00000300 dlc=2 err=60003
[13:06:30.643] [ARM-RX] [CAN][write_fail] status=0x000000A8 tx_err=128 rx_err=0 err_code=0x00000401
[13:06:30.643] [ARM-RX] CAN Send chunk for Motor ID 3 failed with err: 60003
[13:06:30.643] [ARM-RX] [CAN][TX] write failed id=0x00000400 dlc=2 err=60003
[13:06:30.644] [ARM-RX] [CAN][write_fail] s
[13:06:30.663] [ARM-RX] tatus=0x000000A8 tx_err=128 rx_err=0 err_code=0x00000401
[13:06:30.663] [ARM-RX] CAN Send chunk for Motor ID 4 failed with err: 60003
[13:06:30.663] [ARM-RX] [CAN][TX] write failed id=0x00000500 dlc=2 err=60003
[13:06:30.664] [ARM-RX] [CAN][write_fail] status=0x000000A8 tx_err=128 rx_err=0 err_code=0x00000401
[13:06:30.664] [ARM-RX] CAN Send chun
[13:06:30.690] [ARM-RX] k for Motor ID 5 failed with err: 60003
[13:06:30.690] [ARM-RX] batch angle read timeout/missing mask=0x1F elapsed=89 ms
[13:06:30.690] [ARM-RX] [CAN][TX] write failed id=0x00000100 dlc=7 err=60003
[13:06:30.691] [ARM-RX] [CAN][write_fail] status=0x000000A8 tx_err=128 rx_err=0 err_code=0x00000401
[13:06:30.691] [ARM-RX] CAN Send chunk for Motor I
[13:06:30.711] [ARM-RX] D 1 failed with err: 60003
[13:06:30.711] [ARM-RX] [CAN][TX] write failed id=0x00000200 dlc=7 err=60003
[13:06:30.712] [ARM-RX] [CAN][write_fail] status=0x000000A8 tx_err=128 rx_err=0 err_code=0x00000401
[13:06:30.712] [ARM-RX] CAN Send chunk for Motor ID 2 failed with err: 60003
[13:06:30.712] [ARM-RX] [CAN][TX] write failed id=0x00000300 dlc=7
[13:06:30.744] [ARM-RX] err=60003
[13:06:30.744] [ARM-RX] [CAN][write_fail] status=0x000000A8 tx_err=128 rx_err=0 err_code=0x00000401
[13:06:30.744] [ARM-RX] CAN Send chunk for Motor ID 3 failed with err: 60003
[13:06:30.744] [ARM-RX] [CAN][TX] write failed id=0x00000400 dlc=7 err=60003
[13:06:30.745] [ARM-RX] [CAN][write_fail] status=0x000000A8 tx_err=128 rx_err=0 err_
[13:06:30.764] [ARM-RX] code=0x00000401
[13:06:30.765] [ARM-RX] CAN Send chunk for Motor ID 4 failed with err: 60003
[13:06:30.765] [ARM-RX] [CAN][TX] write failed id=0x00000500 dlc=7 err=60003
[13:06:30.765] [ARM-RX] [CAN][write_fail] status=0x000000A8 tx_err=128 rx_err=0 err_code=0x00000401
[13:06:30.765] [ARM-RX] CAN Send chunk for Motor ID 5 failed with err: 60003
[13:06:30.786] [ARM-RX] [CAN][TX] write failed id=0x00000100 dlc=2 err=60003
[13:06:30.787] [ARM-RX] [CAN][write_fail] status=0x000000A8 tx_err=128 rx_err=0 err_code=0x00000401
[13:06:30.787] [ARM-RX] CAN Send chunk for Motor ID 1 failed with err: 60003
[13:06:30.787] [ARM-RX] [CAN][TX] write failed id=0x00000200 dlc=2 err=60003
[13:06:30.787] [ARM-RX] [CAN][write_fail]
[13:06:30.808] [ARM-RX] status=0x000000A8 tx_err=128 rx_err=0 err_code=0x00000401
[13:06:30.808] [ARM-RX] CAN Send chunk for Motor ID 2 failed with err: 60003
[13:06:30.808] [ARM-RX] [CAN][TX] write failed id=0x00000300 dlc=2 err=60003
[13:06:30.809] [ARM-RX] [CAN][write_fail] status=0x000000A8 tx_err=128 rx_err=0 err_code=0x00000401
[13:06:30.809] [ARM-RX] CAN Send ch
[13:06:30.831] [ARM-RX] unk for Motor ID 3 failed with err: 60003
[13:06:30.831] [ARM-RX] [CAN][TX] write failed id=0x00000400 dlc=2 err=60003
[13:06:30.832] [ARM-RX] [CAN][write_fail] status=0x000000A8 tx_err=128 rx_err=0 err_code=0x00000401
[13:06:30.832] [ARM-RX] CAN Send chunk for Motor ID 4 failed with err: 60003
[13:06:30.832] [ARM-RX] [CAN][TX] write failed id=0x
[13:06:30.858] [ARM-RX] 00000500 dlc=2 err=60003
[13:06:30.858] [ARM-RX] [CAN][write_fail] status=0x000000A8 tx_err=128 rx_err=0 err_code=0x00000401
[13:06:30.859] [ARM-RX] CAN Send chunk for Motor ID 5 failed with err: 60003
[13:06:30.859] [ARM-RX] batch angle read timeout/missing mask=0x1F elapsed=89 ms
[13:06:30.859] [ARM-RX] [CAN][TX] write failed id=0x00000100 dlc=
[13:06:30.876] [ARM-RX] 7 err=60003
[13:06:30.876] [ARM-RX] [CAN][write_fail] status=0x000000A8 tx_err=128 rx_err=0 err_code=0x00000401
[13:06:30.877] [ARM-RX] CAN Send chunk for Motor ID 1 failed with err: 60003
[13:06:30.877] [ARM-RX] [CAN][TX] write failed id=0x00000200 dlc=7 err=60003
[13:06:30.877] [ARM-RX] [CAN][write_fail] status=0x000000A8 tx_err=128 rx_err=0 er
[13:06:30.908] [ARM-RX] r_code=0x00000401
[13:06:30.909] [ARM-RX] CAN Send chunk for Motor ID 2 failed with err: 60003
[13:06:30.909] [ARM-RX] [CAN][TX] write failed id=0x00000300 dlc=7 err=60003
[13:06:30.909] [ARM-RX] [CAN][write_fail] status=0x000000A8 tx_err=128 rx_err=0 err_code=0x00000401
[13:06:30.909] [ARM-RX] CAN Send chunk for Motor ID 3 failed with err: 60003
[13:06:30.929] [ARM-RX] [CAN][TX] write failed id=0x00000400 dlc=7 err=60003
[13:06:30.930] [ARM-RX] [CAN][write_fail] status=0x000000A8 tx_err=128 rx_err=0 err_code=0x00000401
[13:06:30.930] [ARM-RX] CAN Send chunk for Motor ID 4 failed with err: 60003
[13:06:30.936] [ARM-RX] [CAN][TX] write failed id=0x00000500 dlc=7 err=60003
[13:06:30.937] [ARM-RX] [CAN][write_fai
[13:06:30.950] [ARM-RX] l] status=0x000000A8 tx_err=128 rx_err=0 err_code=0x00000401
[13:06:30.950] [ARM-RX] CAN Send chunk for Motor ID 5 failed with err: 60003
[13:06:30.951] [ARM-RX] [CAN][TX] write failed id=0x00000100 dlc=2 err=60003
[13:06:30.951] [ARM-RX] [CAN][write_fail] status=0x000000A8 tx_err=128 rx_err=0 err_code=0x00000401
[13:06:30.951] [ARM-RX] CAN Send
[13:06:30.971] [ARM-RX] chunk for Motor ID 1 failed with err: 60003
[13:06:30.972] [ARM-RX] [CAN][TX] write failed id=0x00000200 dlc=2 err=60003
[13:06:30.972] [ARM-RX] [CAN][write_fail] status=0x000000A8 tx_err=128 rx_err=0 err_code=0x00000401
[13:06:30.972] [ARM-RX] CAN Send chunk for Motor ID 2 failed with err: 60003
[13:06:30.972] [ARM-RX] [CAN][TX] write failed id=
[13:06:30.993] [ARM-RX] 0x00000300 dlc=2 err=60003
[13:06:30.993] [ARM-RX] [CAN][write_fail] status=0x000000A8 tx_err=128 rx_err=0 err_code=0x00000401
[13:06:30.993] [ARM-RX] CAN Send chunk for Motor ID 3 failed with err: 60003
[13:06:30.994] [ARM-RX] [CAN][TX] write failed id=0x00000400 dlc=2 err=60003
[13:06:30.994] [ARM-RX] [CAN][write_fail] status=0x000000A8 tx_err=
[13:06:31.013] [ARM-RX] 128 rx_err=0 err_code=0x00000401
[13:06:31.014] [ARM-RX] CAN Send chunk for Motor ID 4 failed with err: 60003
[13:06:31.014] [ARM-RX] [CAN][TX] write failed id=0x00000500 dlc=2 err=60003
[13:06:31.014] [ARM-RX] [CAN][write_fail] status=0x000000A8 tx_err=128 rx_err=0 err_code=0x00000401
[13:06:31.014] [ARM-RX] CAN Send chunk for Motor ID 5 failed
[13:06:31.041] [ARM-RX] with err: 60003
[13:06:31.041] [ARM-RX] batch angle read timeout/missing mask=0x1F elapsed=89 ms
[13:06:31.041] [ARM-RX] [CAN][TX] write failed id=0x00000100 dlc=7 err=60003
[13:06:31.041] [ARM-RX] [CAN][write_fail] status=0x000000A8 tx_err=128 rx_err=0 err_code=0x00000401
[13:06:31.041] [ARM-RX] CAN Send chunk for Motor ID 1 failed with err: 600
[13:06:31.072] [ARM-RX] 03
[13:06:31.072] [ARM-RX] [CAN][TX] write failed id=0x00000200 dlc=7 err=60003
[13:06:31.073] [ARM-RX] [CAN][write_fail] status=0x000000A8 tx_err=128 rx_err=0 err_code=0x00000401
[13:06:31.073] [ARM-RX] CAN Send chunk for Motor ID 2 failed with err: 60003
[13:06:31.073] [ARM-RX] [CAN][TX] write failed id=0x00000300 dlc=7 err=60003
[13:06:31.073] [ARM-RX] [CAN][write_f
[13:06:31.094] [ARM-RX] ail] status=0x000000A8 tx_err=128 rx_err=0 err_code=0x00000401
[13:06:31.095] [ARM-RX] CAN Send chunk for Motor ID 3 failed with err: 60003
[13:06:31.095] [ARM-RX] [CAN][TX] write failed id=0x00000400 dlc=7 err=60003
[13:06:31.095] [ARM-RX] [CAN][write_fail] status=0x000000A8 tx_err=128 rx_err=0 err_code=0x00000401
[13:06:31.095] [ARM-RX] CAN Sen
[13:06:31.115] [ARM-RX] d chunk for Motor ID 4 failed with err: 60003
[13:06:31.115] [ARM-RX] [CAN][TX] write failed id=0x00000500 dlc=7 err=60003
[13:06:31.115] [ARM-RX] [CAN][write_fail] status=0x000000A8 tx_err=128 rx_err=0 err_code=0x00000401
[13:06:31.115] [ARM-RX] CAN Send chunk for Motor ID 5 failed with err: 60003
[13:06:31.116] [ARM-RX] [CAN][TX] write failed i
[13:06:31.138] [ARM-RX] d=0x00000100 dlc=2 err=60003
[13:06:31.139] [ARM-RX] [CAN][write_fail] status=0x000000A8 tx_err=128 rx_err=0 err_code=0x00000401
[13:06:31.139] [ARM-RX] CAN Send chunk for Motor ID 1 failed with err: 60003
[13:06:31.139] [ARM-RX] [CAN][TX] write failed id=0x00000200 dlc=2 err=60003
[13:06:31.140] [ARM-RX] [CAN][write_fail] status=0x000000A8 tx_er
[13:06:31.157] [ARM-RX] r=128 rx_err=0 err_code=0x00000401
[13:06:31.157] [ARM-RX] CAN Send chunk for Motor ID 2 failed with err: 60003
[13:06:31.157] [ARM-RX] [CAN][TX] write failed id=0x00000300 dlc=2 err=60003
[13:06:31.158] [ARM-RX] [CAN][write_fail] status=0x000000A8 tx_err=128 rx_err=0 err_code=0x00000401
[13:06:31.158] [ARM-RX] CAN Send chunk for Motor ID 3 faile
[13:06:31.178] [ARM-RX] d with err: 60003
[13:06:31.178] [ARM-RX] [CAN][TX] write failed id=0x00000400 dlc=2 err=60003
[13:06:31.178] [ARM-RX] [CAN][write_fail] status=0x000000A8 tx_err=128 rx_err=0 err_code=0x00000401
[13:06:31.179] [ARM-RX] CAN Send chunk for Motor ID 4 failed with err: 60003
[13:06:31.179] [ARM-RX] [CAN][TX] write failed id=0x00000500 dlc=2 err=60003
[13:06:31.218] [ARM-RX] [CAN][write_fail] status=0x000000A8 tx_err=128 rx_err=0 err_code=0x00000401
[13:06:31.218] [ARM-RX] CAN Send chunk for Motor ID 5 failed with err: 60003
[13:06:31.218] [ARM-RX] batch angle read timeout/missing mask=0x1F elapsed=89 ms
[13:06:31.219] [ARM-RX] [CAN][TX] write failed id=0x00000100 dlc=7 err=60003
[13:06:31.219] [ARM-RX] [CAN][write
[13:06:31.236] [ARM-RX] _fail] status=0x000000A8 tx_err=128 rx_err=0 err_code=0x00000401
[13:06:31.237] [ARM-RX] CAN Send chunk for Motor ID 1 failed with err: 60003
[13:06:31.237] [ARM-RX] [CAN][TX] write failed id=0x00000200 dlc=7 err=60003
[13:06:31.237] [ARM-RX] [CAN][write_fail] status=0x000000A8 tx_err=128 rx_err=0 err_code=0x00000401
[13:06:31.237] [ARM-RX] CAN S
[13:06:31.258] [ARM-RX] end chunk for Motor ID 2 failed with err: 60003
[13:06:31.259] [ARM-RX] [CAN][TX] write failed id=0x00000300 dlc=7 err=60003
[13:06:31.259] [ARM-RX] [CAN][write_fail] status=0x000000A8 tx_err=128 rx_err=0 err_code=0x00000401
[13:06:31.259] [ARM-RX] CAN Send chunk for Motor ID 3 failed with err: 60003
[13:06:31.259] [ARM-RX] [CAN][TX] write failed
[13:06:31.279] [ARM-RX] id=0x00000400 dlc=7 err=60003
[13:06:31.280] [ARM-RX] [CAN][write_fail] status=0x000000A8 tx_err=128 rx_err=0 err_code=0x00000401
[13:06:31.280] [ARM-RX] CAN Send chunk for Motor ID 4 failed with err: 60003
[13:06:31.280] [ARM-RX] [CAN][TX] write failed id=0x00000500 dlc=7 err=60003
[13:06:31.280] [ARM-RX] [CAN][write_fail] status=0x000000A8 tx_
[13:06:31.300] [ARM-RX] err=128 rx_err=0 err_code=0x00000401
[13:06:31.301] [ARM-RX] CAN Send chunk for Motor ID 5 failed with err: 60003
[13:06:31.301] [ARM-RX] [CAN][TX] write failed id=0x00000100 dlc=2 err=60003
[13:06:31.301] [ARM-RX] [CAN][write_fail] status=0x000000A8 tx_err=128 rx_err=0 err_code=0x00000401
[13:06:31.301] [ARM-RX] CAN Send chunk for Motor ID 1 fai
[13:06:31.321] [ARM-RX] led with err: 60003
[13:06:31.321] [ARM-RX] [CAN][TX] write failed id=0x00000200 dlc=2 err=60003
[13:06:31.322] [ARM-RX] [CAN][write_fail] status=0x000000A8 tx_err=128 rx_err=0 err_code=0x00000401
[13:06:31.322] [ARM-RX] CAN Send chunk for Motor ID 2 failed with err: 60003
[13:06:31.322] [ARM-RX] [CAN][TX] write failed id=0x00000300 dlc=2 err=600
[13:06:31.343] [ARM-RX] 03
[13:06:31.343] [ARM-RX] [CAN][write_fail] status=0x000000A8 tx_err=128 rx_err=0 err_code=0x00000401
[13:06:31.343] [ARM-RX] CAN Send chunk for Motor ID 3 failed with err: 60003
[13:06:31.343] [ARM-RX] [CAN][TX] write failed id=0x00000400 dlc=2 err=60003
[13:06:31.344] [ARM-RX] [CAN][write_fail] status=0x000000A8 tx_err=128 rx_err=0 err_code=0x
[13:06:31.380] [ARM-RX] 00000401
[13:06:31.380] [ARM-RX] CAN Send chunk for Motor ID 4 failed with err: 60003
[13:06:31.380] [ARM-RX] [CAN][TX] write failed id=0x00000500 dlc=2 err=60003
[13:06:31.382] [ARM-RX] [CAN][write_fail] status=0x000000A8 tx_err=128 rx_err=0 err_code=0x00000401
[13:06:31.382] [ARM-RX] CAN Send chunk for Motor ID 5 failed with err: 60003
[13:06:31.382] [ARM-RX] batch a
[13:06:31.404] [ARM-RX] ngle read timeout/missing mask=0x1F elapsed=89 ms
[13:06:31.404] [ARM-RX] [CAN][TX] write failed id=0x00000100 dlc=7 err=60003
[13:06:31.404] [ARM-RX] [CAN][write_fail] status=0x000000A8 tx_err=128 rx_err=0 err_code=0x00000401
[13:06:31.405] [ARM-RX] CAN Send chunk for Motor ID 1 failed with err: 60003
[13:06:31.405] [ARM-RX] [CAN][TX] write fail
[13:06:31.423] [ARM-RX] ed id=0x00000200 dlc=7 err=60003
[13:06:31.423] [ARM-RX] [CAN][write_fail] status=0x000000A8 tx_err=128 rx_err=0 err_code=0x00000401
[13:06:31.423] [ARM-RX] CAN Send chunk for Motor ID 2 failed with err: 60003
[13:06:31.424] [ARM-RX] [CAN][TX] write failed id=0x00000300 dlc=7 err=60003
[13:06:31.424] [ARM-RX] [CAN][write_fail] status=0x000000A8 t
[13:06:31.445] [ARM-RX] x_err=128 rx_err=0 err_code=0x00000401
[13:06:31.446] [ARM-RX] CAN Send chunk for Motor ID 3 failed with err: 60003
[13:06:31.446] [ARM-RX] [CAN][TX] write failed id=0x00000400 dlc=7 err=60003
[13:06:31.446] [ARM-RX] [CAN][write_fail] status=0x000000A8 tx_err=128 rx_err=0 err_code=0x00000401
[13:06:31.446] [ARM-RX] CAN Send chunk for Motor ID 4 f
[13:06:31.464] [ARM-RX] ailed with err: 60003
[13:06:31.464] [ARM-RX] [CAN][TX] write failed id=0x00000500 dlc=7 err=60003
[13:06:31.465] [ARM-RX] [CAN][write_fail] status=0x000000A8 tx_err=128 rx_err=0 err_code=0x00000401
[13:06:31.465] [ARM-RX] CAN Send chunk for Motor ID 5 failed with err: 60003
[13:06:31.465] [ARM-RX] [CAN][TX] write failed id=0x00000100 dlc=2 err=6
[13:06:31.486] [ARM-RX] 0003
[13:06:31.486] [ARM-RX] [CAN][write_fail] status=0x000000A8 tx_err=128 rx_err=0 err_code=0x00000401
[13:06:31.486] [ARM-RX] CAN Send chunk for Motor ID 1 failed with err: 60003
[13:06:31.487] [ARM-RX] [CAN][TX] write failed id=0x00000200 dlc=2 err=60003
[13:06:31.487] [ARM-RX] [CAN][write_fail] status=0x000000A8 tx_err=128 rx_err=0 err_code=
[13:06:31.511] [ARM-RX] 0x00000401
[13:06:31.511] [ARM-RX] CAN Send chunk for Motor ID 2 failed with err: 60003
[13:06:31.511] [ARM-RX] [CAN][TX] write failed id=0x00000300 dlc=2 err=60003
[13:06:31.511] [ARM-RX] [CAN][write_fail] status=0x000000A8 tx_err=128 rx_err=0 err_code=0x00000401
[13:06:31.511] [ARM-RX] CAN Send chunk for Motor ID 3 failed with err: 60003
[13:06:31.512] [ARM-RX] [CAN]
[13:06:31.531] [ARM-RX] [TX] write failed id=0x00000400 dlc=2 err=60003
[13:06:31.531] [ARM-RX] [CAN][write_fail] status=0x000000A8 tx_err=128 rx_err=0 err_code=0x00000401
[13:06:31.531] [ARM-RX] CAN Send chunk for Motor ID 4 failed with err: 60003
[13:06:31.531] [ARM-RX] [CAN][TX] write failed id=0x00000500 dlc=2 err=60003
[13:06:31.531] [ARM-RX] [CAN][write_fail] stat
[13:06:31.565] [ARM-RX] us=0x000000A8 tx_err=128 rx_err=0 err_code=0x00000401
[13:06:31.566] [ARM-RX] CAN Send chunk for Motor ID 5 failed with err: 60003
[13:06:31.566] [ARM-RX] batch angle read timeout/missing mask=0x1F elapsed=89 ms
[13:06:31.566] [ARM-RX] [CAN][TX] write failed id=0x00000100 dlc=7 err=60003
[13:06:31.566] [ARM-RX] [CAN][write_fail] status=0x000000A8
[13:06:31.587] [ARM-RX] tx_err=128 rx_err=0 err_code=0x00000401
[13:06:31.587] [ARM-RX] CAN Send chunk for Motor ID 1 failed with err: 60003
[13:06:31.587] [ARM-RX] [CAN][TX] write failed id=0x00000200 dlc=7 err=60003
[13:06:31.587] [ARM-RX] [CAN][write_fail] status=0x000000A8 tx_err=128 rx_err=0 err_code=0x00000401
[13:06:31.588] [ARM-RX] CAN Send chunk for Motor ID 2
[13:06:31.608] [ARM-RX] failed with err: 60003
[13:06:31.609] [ARM-RX] [CAN][TX] write failed id=0x00000300 dlc=7 err=60003
[13:06:31.609] [ARM-RX] [CAN][write_fail] status=0x000000A8 tx_err=128 rx_err=0 err_code=0x00000401
[13:06:31.609] [ARM-RX] CAN Send chunk for Motor ID 3 failed with err: 60003
[13:06:31.609] [ARM-RX] [CAN][TX] write failed id=0x00000400 dlc=7 err
[13:06:31.629] [ARM-RX] =60003
[13:06:31.629] [ARM-RX] [CAN][write_fail] status=0x000000A8 tx_err=128 rx_err=0 err_code=0x00000401
[13:06:31.630] [ARM-RX] CAN Send chunk for Motor ID 4 failed with err: 60003
[13:06:31.630] [ARM-RX] [CAN][TX] write failed id=0x00000500 dlc=7 err=60003
[13:06:31.630] [ARM-RX] [CAN][write_fail] status=0x000000A8 tx_err=128 rx_err=0 err_cod
[13:06:31.650] [ARM-RX] e=0x00000401
[13:06:31.650] [ARM-RX] CAN Send chunk for Motor ID 5 failed with err: 60003
[13:06:31.651] [ARM-RX] [CAN][TX] write failed id=0x00000100 dlc=2 err=60003
[13:06:31.651] [ARM-RX] [CAN][write_fail] status=0x000000A8 tx_err=128 rx_err=0 err_code=0x00000401
[13:06:31.651] [ARM-RX] CAN Send chunk for Motor ID 1 failed with err: 60003
[13:06:31.651] [ARM-RX] [CA
[13:06:31.672] [ARM-RX] N][TX] write failed id=0x00000200 dlc=2 err=60003
[13:06:31.672] [ARM-RX] [CAN][write_fail] status=0x000000A8 tx_err=128 rx_err=0 err_code=0x00000401
[13:06:31.672] [ARM-RX] CAN Send chunk for Motor ID 2 failed with err: 60003
[13:06:31.672] [ARM-RX] [CAN][TX] write failed id=0x00000300 dlc=2 err=60003
[13:06:31.672] [ARM-RX] [CAN][write_fail] st
[13:06:31.704] [ARM-RX] atus=0x000000A8 tx_err=128 rx_err=0 err_code=0x00000401
[13:06:31.704] [ARM-RX] CAN Send chunk for Motor ID 3 failed with err: 60003
[13:06:31.704] [ARM-RX] [CAN][TX] write failed id=0x00000400 dlc=2 err=60003
[13:06:31.705] [ARM-RX] [CAN][write_fail] status=0x000000A8 tx_err=128 rx_err=0 err_code=0x00000401
[13:06:31.705] [ARM-RX] CAN Send chunk
[13:06:31.730] [ARM-RX] for Motor ID 4 failed with err: 60003
[13:06:31.731] [ARM-RX] [CAN][TX] write failed id=0x00000500 dlc=2 err=60003
[13:06:31.731] [ARM-RX] [CAN][write_fail] status=0x000000A8 tx_err=128 rx_err=0 err_code=0x00000401
[13:06:31.731] [ARM-RX] CAN Send chunk for Motor ID 5 failed with err: 60003
[13:06:31.731] [ARM-RX] batch angle read timeout/missin
[13:06:31.753] [ARM-RX] g mask=0x1F elapsed=89 ms
[13:06:31.753] [ARM-RX] [CAN][TX] write failed id=0x00000100 dlc=7 err=60003
[13:06:31.753] [ARM-RX] [CAN][write_fail] status=0x000000A8 tx_err=128 rx_err=0 err_code=0x00000401
[13:06:31.753] [ARM-RX] CAN Send chunk for Motor ID 1 failed with err: 60003
[13:06:31.754] [ARM-RX] [CAN][TX] write failed id=0x00000200 dlc=7 e
[13:06:31.772] [ARM-RX] rr=60003
[13:06:31.773] [ARM-RX] [CAN][write_fail] status=0x000000A8 tx_err=128 rx_err=0 err_code=0x00000401
[13:06:31.773] [ARM-RX] CAN Send chunk for Motor ID 2 failed with err: 60003
[13:06:31.773] [ARM-RX] [CAN][TX] write failed id=0x00000300 dlc=7 err=60003
[13:06:31.773] [ARM-RX] [CAN][write_fail] status=0x000000A8 tx_err=128 rx_err=0 err_c
[13:06:31.793] [ARM-RX] ode=0x00000401
[13:06:31.794] [ARM-RX] CAN Send chunk for Motor ID 3 failed with err: 60003
[13:06:31.794] [ARM-RX] [CAN][TX] write failed id=0x00000400 dlc=7 err=60003
[13:06:31.794] [ARM-RX] [CAN][write_fail] status=0x000000A8 tx_err=128 rx_err=0 err_code=0x00000401
[13:06:31.794] [ARM-RX] CAN Send chunk for Motor ID 4 failed with err: 60003
[13:06:31.794] [ARM-RX] [
[13:06:31.815] [ARM-RX] CAN][TX] write failed id=0x00000500 dlc=7 err=60003
[13:06:31.815] [ARM-RX] [CAN][write_fail] status=0x000000A8 tx_err=128 rx_err=0 err_code=0x00000401
[13:06:31.815] [ARM-RX] CAN Send chunk for Motor ID 5 failed with err: 60003
[13:06:31.815] [ARM-RX] [CAN][TX] write failed id=0x00000100 dlc=2 err=60003
[13:06:31.815] [ARM-RX] [CAN][write_fail]
[13:06:31.836] [ARM-RX] status=0x000000A8 tx_err=128 rx_err=0 err_code=0x00000401
[13:06:31.837] [ARM-RX] CAN Send chunk for Motor ID 1 failed with err: 60003
[13:06:31.837] [ARM-RX] [CAN][TX] write failed id=0x00000200 dlc=2 err=60003
[13:06:31.837] [ARM-RX] [CAN][write_fail] status=0x000000A8 tx_err=128 rx_err=0 err_code=0x00000401
[13:06:31.837] [ARM-RX] CAN Send chu
[13:06:31.868] [ARM-RX] nk for Motor ID 2 failed with err: 60003
[13:06:31.868] [ARM-RX] [CAN][TX] write failed id=0x00000300 dlc=2 err=60003
[13:06:31.868] [ARM-RX] [CAN][write_fail] status=0x000000A8 tx_err=128 rx_err=0 err_code=0x00000401
[13:06:31.868] [ARM-RX] CAN Send chunk for Motor ID 3 failed with err: 60003
[13:06:31.869] [ARM-RX] [CAN][TX] write failed id=0x0
[13:06:31.888] [ARM-RX] 0000400 dlc=2 err=60003
[13:06:31.888] [ARM-RX] [CAN][write_fail] status=0x000000A8 tx_err=128 rx_err=0 err_code=0x00000401
[13:06:31.889] [ARM-RX] CAN Send chunk for Motor ID 4 failed with err: 60003
[13:06:31.889] [ARM-RX] [CAN][TX] write failed id=0x00000500 dlc=2 err=60003
[13:06:31.889] [ARM-RX] [CAN][write_fail] status=0x000000A8 tx_err=128
[13:06:31.915] [ARM-RX] rx_err=0 err_code=0x00000401
[13:06:31.916] [ARM-RX] CAN Send chunk for Motor ID 5 failed with err: 60003
[13:06:31.916] [ARM-RX] batch angle read timeout/missing mask=0x1F elapsed=89 ms
[13:06:31.916] [ARM-RX] [CAN][TX] write failed id=0x00000100 dlc=7 err=60003
[13:06:31.916] [ARM-RX] [CAN][write_fail] status=0x000000A8 tx_err=128 rx_err=0 err
[13:06:31.937] [ARM-RX] _code=0x00000401
[13:06:31.937] [ARM-RX] CAN Send chunk for Motor ID 1 failed with err: 60003
[13:06:31.937] [ARM-RX] [CAN][TX] write failed id=0x00000200 dlc=7 err=60003
[13:06:31.938] [ARM-RX] [CAN][write_fail] status=0x000000A8 tx_err=128 rx_err=0 err_code=0x00000401
[13:06:31.938] [ARM-RX] CAN Send chunk for Motor ID 2 failed with err: 60003
[13:06:31.958] [ARM-RX] [CAN][TX] write failed id=0x00000300 dlc=7 err=60003
[13:06:31.958] [ARM-RX] [CAN][write_fail] status=0x000000A8 tx_err=128 rx_err=0 err_code=0x00000401
[13:06:31.958] [ARM-RX] CAN Send chunk for Motor ID 3 failed with err: 60003
[13:06:31.959] [ARM-RX] [CAN][TX] write failed id=0x00000400 dlc=7 err=60003
[13:06:31.959] [ARM-RX] [CAN][write_fail
[13:06:31.980] [ARM-RX] ] status=0x000000A8 tx_err=128 rx_err=0 err_code=0x00000401
[13:06:31.980] [ARM-RX] CAN Send chunk for Motor ID 4 failed with err: 60003
[13:06:31.980] [ARM-RX] [CAN][TX] write failed id=0x00000500 dlc=7 err=60003
[13:06:31.980] [ARM-RX] [CAN][write_fail] status=0x000000A8 tx_err=128 rx_err=0 err_code=0x00000401
[13:06:31.981] [ARM-RX] CAN Send c
[13:06:32.000] [ARM-RX] hunk for Motor ID 5 failed with err: 60003
[13:06:32.000] [ARM-RX] [CAN][TX] write failed id=0x00000100 dlc=2 err=60003
[13:06:32.000] [ARM-RX] [CAN][write_fail] status=0x000000A8 tx_err=128 rx_err=0 err_code=0x00000401
[13:06:32.000] [ARM-RX] CAN Send chunk for Motor ID 1 failed with err: 60003
[13:06:32.002] [ARM-RX] [CAN][TX] write failed id=0
[13:06:32.032] [ARM-RX] x00000200 dlc=2 err=60003
[13:06:32.032] [ARM-RX] [CAN][write_fail] status=0x000000A8 tx_err=128 rx_err=0 err_code=0x00000401
[13:06:32.033] [ARM-RX] CAN Send chunk for Motor ID 2 failed with err: 60003
[13:06:32.033] [ARM-RX] [CAN][TX] write failed id=0x00000300 dlc=2 err=60003
[13:06:32.033] [ARM-RX] [CAN][write_fail] status=0x000000A8 tx_err=1
[13:06:32.053] [ARM-RX] 28 rx_err=0 err_code=0x00000401
[13:06:32.054] [ARM-RX] CAN Send chunk for Motor ID 3 failed with err: 60003
[13:06:32.054] [ARM-RX] [CAN][TX] write failed id=0x00000400 dlc=2 err=60003
[13:06:32.054] [ARM-RX] [CAN][write_fail] status=0x000000A8 tx_err=128 rx_err=0 err_code=0x00000401
[13:06:32.054] [ARM-RX] CAN Send chunk for Motor ID 4 failed w
[13:06:32.080] [ARM-RX] ith err: 60003
[13:06:32.081] [ARM-RX] [CAN][TX] write failed id=0x00000500 dlc=2 err=60003
[13:06:32.081] [ARM-RX] [CAN][write_fail] status=0x000000A8 tx_err=128 rx_err=0 err_code=0x00000401
[13:06:32.081] [ARM-RX] CAN Send chunk for Motor ID 5 failed with err: 60003
[13:06:32.081] [ARM-RX] batch angle read timeout/missing mask=0x1F elapsed=89 m
[13:06:32.102] [ARM-RX] s
[13:06:32.102] [ARM-RX] [CAN][TX] write failed id=0x00000100 dlc=7 err=60003
[13:06:32.102] [ARM-RX] [CAN][write_fail] status=0x000000A8 tx_err=128 rx_err=0 err_code=0x00000401
[13:06:32.102] [ARM-RX] CAN Send chunk for Motor ID 1 failed with err: 60003
[13:06:32.103] [ARM-RX] [CAN][TX] write failed id=0x00000200 dlc=7 err=60003
[13:06:32.103] [ARM-RX] [CAN][write_fa
[13:06:32.122] [ARM-RX] il] status=0x000000A8 tx_err=128 rx_err=0 err_code=0x00000401
[13:06:32.122] [ARM-RX] CAN Send chunk for Motor ID 2 failed with err: 60003
[13:06:32.122] [ARM-RX] [CAN][TX] write failed id=0x00000300 dlc=7 err=60003
[13:06:32.122] [ARM-RX] [CAN][write_fail] status=0x000000A8 tx_err=128 rx_err=0 err_code=0x00000401
[13:06:32.124] [ARM-RX] CAN Send
[13:06:32.143] [ARM-RX] chunk for Motor ID 3 failed with err: 60003
[13:06:32.143] [ARM-RX] [CAN][TX] write failed id=0x00000400 dlc=7 err=60003
[13:06:32.144] [ARM-RX] [CAN][write_fail] status=0x000000A8 tx_err=128 rx_err=0 err_code=0x00000401
[13:06:32.144] [ARM-RX] CAN Send chunk for Motor ID 4 failed with err: 60003
[13:06:32.144] [ARM-RX] [CAN][TX] write failed id
[13:06:32.167] [ARM-RX] =0x00000500 dlc=7 err=60003
[13:06:32.168] [ARM-RX] [CAN][write_fail] status=0x000000A8 tx_err=128 rx_err=0 err_code=0x00000401
[13:06:32.168] [ARM-RX] CAN Send chunk for Motor ID 5 failed with err: 60003
[13:06:32.168] [ARM-RX] [CAN][TX] write failed id=0x00000100 dlc=2 err=60003
[13:06:32.168] [ARM-RX] [CAN][write_fail] status=0x000000A8 tx_err
[13:06:32.196] [ARM-RX] =128 rx_err=0 err_code=0x00000401
[13:06:32.196] [ARM-RX] CAN Send chunk for Motor ID 1 failed with err: 60003
[13:06:32.197] [ARM-RX] [CAN][TX] write failed id=0x00000200 dlc=2 err=60003
[13:06:32.197] [ARM-RX] [CAN][write_fail] status=0x000000A8 tx_err=128 rx_err=0 err_code=0x00000401
[13:06:32.197] [ARM-RX] CAN Send chunk for Motor ID 2 failed
[13:06:32.218] [ARM-RX] with err: 60003
[13:06:32.218] [ARM-RX] [CAN][TX] write failed id=0x00000300 dlc=2 err=60003
[13:06:32.218] [ARM-RX] [CAN][write_fail] status=0x000000A8 tx_err=128 rx_err=0 err_code=0x00000401
[13:06:32.218] [ARM-RX] CAN Send chunk for Motor ID 3 failed with err: 60003
[13:06:32.219] [ARM-RX] [CAN][TX] write failed id=0x00000400 dlc=2 err=60003
[13:06:32.239] [ARM-RX] [CAN][write_fail] status=0x000000A8 tx_err=128 rx_err=0 err_code=0x00000401
[13:06:32.239] [ARM-RX] CAN Send chunk for Motor ID 4 failed with err: 60003
[13:06:32.239] [ARM-RX] [CAN][TX] write failed id=0x00000500 dlc=2 err=60003
[13:06:32.239] [ARM-RX] [CAN][write_fail] status=0x000000A8 tx_err=128 rx_err=0 err_code=0x000
[13:06:32.265] [ARM-RX] 00401
[13:06:32.265] [ARM-RX] CAN Send chunk for Motor ID 5 failed with err: 60003
[13:06:32.265] [ARM-RX] batch angle read timeout/missing mask=0x1F elapsed=89 ms
[13:06:32.266] [ARM-RX] [CAN][TX] write failed id=0x00000100 dlc=7 err=60003
[13:06:32.266] [ARM-RX] [CAN][write_fail] status=0x000000A8 tx_err=128 rx_err=0 err_code=0x00000401
[13:06:32.266] [ARM-RX] CAN Se
[13:06:32.287] [ARM-RX] nd chunk for Motor ID 1 failed with err: 60003
[13:06:32.287] [ARM-RX] [CAN][TX] write failed id=0x00000200 dlc=7 err=60003
[13:06:32.287] [ARM-RX] [CAN][write_fail] status=0x000000A8 tx_err=128 rx_err=0 err_code=0x00000401
[13:06:32.287] [ARM-RX] CAN Send chunk for Motor ID 2 failed with err: 60003
[13:06:32.287] [ARM-RX] [CAN][TX] write failed
[13:06:32.308] [ARM-RX] id=0x00000300 dlc=7 err=60003
[13:06:32.308] [ARM-RX] [CAN][write_fail] status=0x000000A8 tx_err=128 rx_err=0 err_code=0x00000401
[13:06:32.308] [ARM-RX] CAN Send chunk for Motor ID 3 failed with err: 60003
[13:06:32.310] [ARM-RX] [CAN][TX] write failed id=0x00000400 dlc=7 err=60003
[13:06:32.310] [ARM-RX] [CAN][write_fail] status=0x000000A8 tx_e
[13:06:32.341] [ARM-RX] rr=128 rx_err=0 err_code=0x00000401
[13:06:32.342] [ARM-RX] CAN Send chunk for Motor ID 4 failed with err: 60003
[13:06:32.342] [ARM-RX] [CAN][TX] write failed id=0x00000500 dlc=7 err=60003
[13:06:32.342] [ARM-RX] [CAN][write_fail] status=0x000000A8 tx_err=128 rx_err=0 err_code=0x00000401
[13:06:32.342] [ARM-RX] CAN Send chunk for Motor ID 5 fail
[13:06:32.361] [ARM-RX] ed with err: 60003
[13:06:32.361] [ARM-RX] [CAN][TX] write failed id=0x00000100 dlc=2 err=60003
[13:06:32.362] [ARM-RX] [CAN][write_fail] status=0x000000A8 tx_err=128 rx_err=0 err_code=0x00000401
[13:06:32.362] [ARM-RX] CAN Send chunk for Motor ID 1 failed with err: 60003
[13:06:32.362] [ARM-RX] [CAN][TX] write failed id=0x00000200 dlc=2 err=6000
[13:06:32.382] [ARM-RX] 3
[13:06:32.383] [ARM-RX] [CAN][write_fail] status=0x000000A8 tx_err=128 rx_err=0 err_code=0x00000401
[13:06:32.383] [ARM-RX] CAN Send chunk for Motor ID 2 failed with err: 60003
[13:06:32.383] [ARM-RX] [CAN][TX] write failed id=0x00000300 dlc=2 err=60003
[13:06:32.383] [ARM-RX] [CAN][write_fail] status=0x000000A8 tx_err=128 rx_err=0 err_code=0x0
[13:06:32.404] [ARM-RX] 0000401
[13:06:32.404] [ARM-RX] CAN Send chunk for Motor ID 3 failed with err: 60003
[13:06:32.404] [ARM-RX] [CAN][TX] write failed id=0x00000400 dlc=2 err=60003
[13:06:32.404] [ARM-RX] [CAN][write_fail] status=0x000000A8 tx_err=128 rx_err=0 err_code=0x00000401
[13:06:32.405] [ARM-RX] CAN Send chunk for Motor ID 4 failed with err: 60003
[13:06:32.405] [ARM-RX] [CAN][TX
[13:06:32.430] [ARM-RX] ] write failed id=0x00000500 dlc=2 err=60003
[13:06:32.431] [ARM-RX] [CAN][write_fail] status=0x000000A8 tx_err=128 rx_err=0 err_code=0x00000401
[13:06:32.431] [ARM-RX] CAN Send chunk for Motor ID 5 failed with err: 60003
[13:06:32.431] [ARM-RX] batch angle read timeout/missing mask=0x1F elapsed=89 ms
[13:06:32.431] [ARM-RX] [CAN][TX] write faile
[13:06:32.452] [ARM-RX] d id=0x00000100 dlc=7 err=60003
[13:06:32.452] [ARM-RX] [CAN][write_fail] status=0x000000A8 tx_err=128 rx_err=0 err_code=0x00000401
[13:06:32.452] [ARM-RX] CAN Send chunk for Motor ID 1 failed with err: 60003
[13:06:32.452] [ARM-RX] [CAN][TX] write failed id=0x00000200 dlc=7 err=60003
[13:06:32.452] [ARM-RX] [CAN][write_fail] status=0x000000A8 tx
[13:06:32.472] [ARM-RX] _err=128 rx_err=0 err_code=0x00000401
[13:06:32.473] [ARM-RX] CAN Send chunk for Motor ID 2 failed with err: 60003
[13:06:32.473] [ARM-RX] [CAN][TX] write failed id=0x00000300 dlc=7 err=60003
[13:06:32.473] [ARM-RX] [CAN][write_fail] status=0x000000A8 tx_err=128 rx_err=0 err_code=0x00000401
[13:06:32.473] [ARM-RX] CAN Send chunk for Motor ID 3 fa
[13:06:32.504] [ARM-RX] iled with err: 60003
[13:06:32.504] [ARM-RX] [CAN][TX] write failed id=0x00000400 dlc=7 err=60003
[13:06:32.505] [ARM-RX] [CAN][write_fail] status=0x000000A8 tx_err=128 rx_err=0 err_code=0x00000401
[13:06:32.505] [ARM-RX] CAN Send chunk for Motor ID 4 failed with err: 60003
[13:06:32.505] [ARM-RX] [CAN][TX] write failed id=0x00000500 dlc=7 err=60
[13:06:32.527] [ARM-RX] 003
[13:06:32.527] [ARM-RX] [CAN][write_fail] status=0x000000A8 tx_err=128 rx_err=0 err_code=0x00000401
[13:06:32.527] [ARM-RX] CAN Send chunk for Motor ID 5 failed with err: 60003
[13:06:32.527] [ARM-RX] [CAN][TX] write failed id=0x00000100 dlc=2 err=60003
[13:06:32.527] [ARM-RX] [CAN][write_fail] status=0x000000A8 tx_err=128 rx_err=0 err_code=0
[13:06:32.546] [ARM-RX] x00000401
[13:06:32.546] [ARM-RX] CAN Send chunk for Motor ID 1 failed with err: 60003
[13:06:32.546] [ARM-RX] [CAN][TX] write failed id=0x00000200 dlc=2 err=60003
[13:06:32.547] [ARM-RX] [CAN][write_fail] status=0x000000A8 tx_err=128 rx_err=0 err_code=0x00000401
[13:06:32.547] [ARM-RX] CAN Send chunk for Motor ID 2 failed with err: 60003
[13:06:32.547] [ARM-RX] [CAN][
[13:06:32.568] [ARM-RX] TX] write failed id=0x00000300 dlc=2 err=60003
[13:06:32.568] [ARM-RX] [CAN][write_fail] status=0x000000A8 tx_err=128 rx_err=0 err_code=0x00000401
[13:06:32.568] [ARM-RX] CAN Send chunk for Motor ID 3 failed with err: 60003
[13:06:32.568] [ARM-RX] [CAN][TX] write failed id=0x00000400 dlc=2 err=60003
[13:06:32.569] [ARM-RX] [CAN][write_fail] statu
[13:06:32.589] [ARM-RX] s=0x000000A8 tx_err=128 rx_err=0 err_code=0x00000401
[13:06:32.589] [ARM-RX] CAN Send chunk for Motor ID 4 failed with err: 60003
[13:06:32.589] [ARM-RX] [CAN][TX] write failed id=0x00000500 dlc=2 err=60003
[13:06:32.589] [ARM-RX] [CAN][write_fail] status=0x000000A8 tx_err=128 rx_err=0 err_code=0x00000401
[13:06:32.590] [ARM-RX] CAN Send chunk fo
[13:06:32.615] [ARM-RX] r Motor ID 5 failed with err: 60003
[13:06:32.615] [ARM-RX] batch angle read timeout/missing mask=0x1F elapsed=89 ms
[13:06:32.616] [ARM-RX] [CAN][TX] write failed id=0x00000100 dlc=7 err=60003
[13:06:32.616] [ARM-RX] [CAN][write_fail] status=0x000000A8 tx_err=128 rx_err=0 err_code=0x00000401
[13:06:32.616] [ARM-RX] CAN Send chunk for Motor ID 1
[13:06:32.636] [ARM-RX] failed with err: 60003
[13:06:32.636] [ARM-RX] [CAN][TX] write failed id=0x00000200 dlc=7 err=60003
[13:06:32.637] [ARM-RX] [CAN][write_fail] status=0x000000A8 tx_err=128 rx_err=0 err_code=0x00000401
[13:06:32.637] [ARM-RX] CAN Send chunk for Motor ID 2 failed with err: 60003
[13:06:32.637] [ARM-RX] [CAN][TX] write failed id=0x00000300 dlc=7 err=
[13:06:32.668] [ARM-RX] 60003
[13:06:32.668] [ARM-RX] [CAN][write_fail] status=0x000000A8 tx_err=128 rx_err=0 err_code=0x00000401
[13:06:32.669] [ARM-RX] CAN Send chunk for Motor ID 3 failed with err: 60003
[13:06:32.669] [ARM-RX] [CAN][TX] write failed id=0x00000400 dlc=7 err=60003
[13:06:32.669] [ARM-RX] [CAN][write_fail] status=0x000000A8 tx_err=128 rx_err=0 err_code
[13:06:32.689] [ARM-RX] =0x00000401
[13:06:32.690] [ARM-RX] CAN Send chunk for Motor ID 4 failed with err: 60003
[13:06:32.690] [ARM-RX] [CAN][TX] write failed id=0x00000500 dlc=7 err=60003
[13:06:32.690] [ARM-RX] [CAN][write_fail] status=0x000000A8 tx_err=128 rx_err=0 err_code=0x00000401
[13:06:32.690] [ARM-RX] CAN Send chunk for Motor ID 5 failed with err: 60003
[13:06:32.690] [ARM-RX] [CAN
[13:06:32.711] [ARM-RX] ][TX] write failed id=0x00000100 dlc=2 err=60003
[13:06:32.711] [ARM-RX] [CAN][write_fail] status=0x000000A8 tx_err=128 rx_err=0 err_code=0x00000401
[13:06:32.711] [ARM-RX] CAN Send chunk for Motor ID 1 failed with err: 60003
[13:06:32.721] [ARM-RX] [CAN][TX] write failed id=0x00000200 dlc=2 err=60003
[13:06:32.721] [ARM-RX] [CAN][write_fail] sta
[13:06:32.733] [ARM-RX] tus=0x000000A8 tx_err=128 rx_err=0 err_code=0x00000401
[13:06:32.733] [ARM-RX] CAN Send chunk for Motor ID 2 failed with err: 60003
[13:06:32.733] [ARM-RX] [CAN][TX] write failed id=0x00000300 dlc=2 err=60003
[13:06:32.733] [ARM-RX] [CAN][write_fail] status=0x000000A8 tx_err=128 rx_err=0 err_code=0x00000401
[13:06:32.733] [ARM-RX] CAN Send chunk
[13:06:32.754] [ARM-RX] for Motor ID 3 failed with err: 60003
[13:06:32.754] [ARM-RX] [CAN][TX] write failed id=0x00000400 dlc=2 err=60003
[13:06:32.754] [ARM-RX] [CAN][write_fail] status=0x000000A8 tx_err=128 rx_err=0 err_code=0x00000401
[13:06:32.754] [ARM-RX] CAN Send chunk for Motor ID 4 failed with err: 60003
[13:06:32.755] [ARM-RX] [CAN][TX] write failed id=0x0000
[13:06:32.780] [ARM-RX] 0500 dlc=2 err=60003
[13:06:32.780] [ARM-RX] [CAN][write_fail] status=0x000000A8 tx_err=128 rx_err=0 err_code=0x00000401
[13:06:32.780] [ARM-RX] CAN Send chunk for Motor ID 5 failed with err: 60003
[13:06:32.780] [ARM-RX] batch angle read timeout/missing mask=0x1F elapsed=89 ms
[13:06:32.782] [ARM-RX] [CAN][TX] write failed id=0x00000100 dlc=7 er
[13:06:32.803] [ARM-RX] r=60003
[13:06:32.803] [ARM-RX] [CAN][write_fail] status=0x000000A8 tx_err=128 rx_err=0 err_code=0x00000401
[13:06:32.803] [ARM-RX] CAN Send chunk for Motor ID 1 failed with err: 60003
[13:06:32.803] [ARM-RX] [CAN][TX] write failed id=0x00000200 dlc=7 err=60003
[13:06:32.803] [ARM-RX] [CAN][write_fail] status=0x000000A8 tx_err=128 rx_err=0 err_co
[13:06:32.834] [ARM-RX] de=0x00000401
[13:06:32.834] [ARM-RX] CAN Send chunk for Motor ID 2 failed with err: 60003
[13:06:32.834] [ARM-RX] [CAN][TX] write failed id=0x00000300 dlc=7 err=60003
[13:06:32.834] [ARM-RX] [CAN][write_fail] status=0x000000A8 tx_err=128 rx_err=0 err_code=0x00000401
[13:06:32.835] [ARM-RX] CAN Send chunk for Motor ID 3 failed with err: 60003
[13:06:32.835] [ARM-RX] [C
[13:06:32.855] [ARM-RX] AN][TX] write failed id=0x00000400 dlc=7 err=60003
[13:06:32.855] [ARM-RX] [CAN][write_fail] status=0x000000A8 tx_err=128 rx_err=0 err_code=0x00000401
[13:06:32.855] [ARM-RX] CAN Send chunk for Motor ID 4 failed with err: 60003
[13:06:32.855] [ARM-RX] [CAN][TX] write failed id=0x00000500 dlc=7 err=60003
[13:06:32.856] [ARM-RX] [CAN][write_fail] s
[13:06:32.875] [ARM-RX] tatus=0x000000A8 tx_err=128 rx_err=0 err_code=0x00000401
[13:06:32.875] [ARM-RX] CAN Send chunk for Motor ID 5 failed with err: 60003
[13:06:32.875] [ARM-RX] [CAN][TX] write failed id=0x00000100 dlc=2 err=60003
[13:06:32.875] [ARM-RX] [CAN][write_fail] status=0x000000A8 tx_err=128 rx_err=0 err_code=0x00000401
[13:06:32.877] [ARM-RX] CAN Send chun
[13:06:32.896] [ARM-RX] k for Motor ID 1 failed with err: 60003
[13:06:32.896] [ARM-RX] [CAN][TX] write failed id=0x00000200 dlc=2 err=60003
[13:06:32.897] [ARM-RX] [CAN][write_fail] status=0x000000A8 tx_err=128 rx_err=0 err_code=0x00000401
[13:06:32.897] [ARM-RX] CAN Send chunk for Motor ID 2 failed with err: 60003
[13:06:32.897] [ARM-RX] [CAN][TX] write failed id=0x00
[13:06:32.918] [ARM-RX] 000300 dlc=2 err=60003
[13:06:32.918] [ARM-RX] [CAN][write_fail] status=0x000000A8 tx_err=128 rx_err=0 err_code=0x00000401
[13:06:32.918] [ARM-RX] CAN Send chunk for Motor ID 3 failed with err: 60003
[13:06:32.918] [ARM-RX] [CAN][TX] write failed id=0x00000400 dlc=2 err=60003
[13:06:32.919] [ARM-RX] [CAN][write_fail] status=0x000000A8 tx_err=128
[13:06:32.938] [ARM-RX] rx_err=0 err_code=0x00000401
[13:06:32.938] [ARM-RX] CAN Send chunk for Motor ID 4 failed with err: 60003
[13:06:32.938] [ARM-RX] [CAN][TX] write failed id=0x00000500 dlc=2 err=60003
[13:06:32.939] [ARM-RX] [CAN][write_fail] status=0x000000A8 tx_err=128 rx_err=0 err_code=0x00000401
[13:06:32.939] [ARM-RX] CAN Send chunk for Motor ID 5 failed with
[13:06:32.977] [ARM-RX] err: 60003
[13:06:32.977] [ARM-RX] batch angle read timeout/missing mask=0x1F elapsed=89 ms
[13:06:32.977] [ARM-RX] [CAN][TX] write failed id=0x00000100 dlc=7 err=60003
[13:06:32.977] [ARM-RX] [CAN][write_fail] status=0x000000A8 tx_err=128 rx_err=0 err_code=0x00000401
[13:06:32.978] [ARM-RX] CAN Send chunk for Motor ID 1 failed with err: 60003
[13:06:32.998] [ARM-RX] [CAN][TX] write failed id=0x00000200 dlc=7 err=60003
[13:06:33.002] [ARM-RX] [CAN][write_fail] status=0x000000A8 tx_err=128 rx_err=0 err_code=0x00000401
[13:06:33.003] [ARM-RX] CAN Send chunk for Motor ID 2 failed with err: 60003
[13:06:33.003] [ARM-RX] [CAN][TX] write failed id=0x00000300 dlc=7 err=60003
[13:06:33.003] [ARM-RX] [CAN][write_fail]
[13:06:33.019] [ARM-RX] status=0x000000A8 tx_err=128 rx_err=0 err_code=0x00000401
[13:06:33.019] [ARM-RX] CAN Send chunk for Motor ID 3 failed with err: 60003
[13:06:33.019] [ARM-RX] [CAN][TX] write failed id=0x00000400 dlc=7 err=60003
[13:06:33.020] [ARM-RX] [CAN][write_fail] status=0x000000A8 tx_err=128 rx_err=0 err_code=0x00000401
[13:06:33.020] [ARM-RX] CAN Send ch
[13:06:33.040] [ARM-RX] unk for Motor ID 4 failed with err: 60003
[13:06:33.040] [ARM-RX] [CAN][TX] write failed id=0x00000500 dlc=7 err=60003
[13:06:33.040] [ARM-RX] [CAN][write_fail] status=0x000000A8 tx_err=128 rx_err=0 err_code=0x00000401
[13:06:33.040] [ARM-RX] CAN Send chunk for Motor ID 5 failed with err: 60003
[13:06:33.041] [ARM-RX] [CAN][TX] write failed id=0x
[13:06:33.061] [ARM-RX] 00000100 dlc=2 err=60003
[13:06:33.061] [ARM-RX] [CAN][write_fail] status=0x000000A8 tx_err=128 rx_err=0 err_code=0x00000401
[13:06:33.061] [ARM-RX] CAN Send chunk for Motor ID 1 failed with err: 60003
[13:06:33.061] [ARM-RX] [CAN][TX] write failed id=0x00000200 dlc=2 err=60003
[13:06:33.061] [ARM-RX] [CAN][write_fail] status=0x000000A8 tx_err=12
[13:06:33.083] [ARM-RX] 8 rx_err=0 err_code=0x00000401
[13:06:33.084] [ARM-RX] CAN Send chunk for Motor ID 2 failed with err: 60003
[13:06:33.084] [ARM-RX] [CAN][TX] write failed id=0x00000300 dlc=2 err=60003
[13:06:33.084] [ARM-RX] [CAN][write_fail] status=0x000000A8 tx_err=128 rx_err=0 err_code=0x00000401
[13:06:33.084] [ARM-RX] CAN Send chunk for Motor ID 3 failed wi
[13:06:33.103] [ARM-RX] th err: 60003
[13:06:33.104] [ARM-RX] [CAN][TX] write failed id=0x00000400 dlc=2 err=60003
[13:06:33.104] [ARM-RX] [CAN][write_fail] status=0x000000A8 tx_err=128 rx_err=0 err_code=0x00000401
[13:06:33.104] [ARM-RX] CAN Send chunk for Motor ID 4 failed with err: 60003
[13:06:33.104] [ARM-RX] [CAN][TX] write failed id=0x00000500 dlc=2 err=60003
[13:06:33.104] [ARM-RX] [C
[13:06:33.140] [ARM-RX] AN][write_fail] status=0x000000A8 tx_err=128 rx_err=0 err_code=0x00000401
[13:06:33.140] [ARM-RX] CAN Send chunk for Motor ID 5 failed with err: 60003
[13:06:33.141] [ARM-RX] batch angle read timeout/missing mask=0x1F elapsed=89 ms
[13:06:33.141] [ARM-RX] [CAN][TX] write failed id=0x00000100 dlc=7 err=60003
[13:06:33.141] [ARM-RX] [CAN][write_fai
[13:06:33.161] [ARM-RX] l] status=0x000000A8 tx_err=128 rx_err=0 err_code=0x00000401
[13:06:33.161] [ARM-RX] CAN Send chunk for Motor ID 1 failed with err: 60003
[13:06:33.161] [ARM-RX] [CAN][TX] write failed id=0x00000200 dlc=7 err=60003
[13:06:33.163] [ARM-RX] [CAN][write_fail] status=0x000000A8 tx_err=128 rx_err=0 err_code=0x00000401
[13:06:33.163] [ARM-RX] CAN Send
[13:06:33.188] [ARM-RX] chunk for Motor ID 2 failed with err: 60003
[13:06:33.188] [ARM-RX] [CAN][TX] write failed id=0x00000300 dlc=7 err=60003
[13:06:33.188] [ARM-RX] [CAN][write_fail] status=0x000000A8 tx_err=128 rx_err=0 err_code=0x00000401
[13:06:33.189] [ARM-RX] CAN Send chunk for Motor ID 3 failed with err: 60003
[13:06:33.189] [ARM-RX] [CAN][TX] write failed id=
[13:06:33.204] [ARM-RX] 0x00000400 dlc=7 err=60003
[13:06:33.204] [ARM-RX] [CAN][write_fail] status=0x000000A8 tx_err=128 rx_err=0 err_code=0x00000401
[13:06:33.204] [ARM-RX] CAN Send chunk for Motor ID 4 failed with err: 60003
[13:06:33.204] [ARM-RX] [CAN][TX] write failed id=0x00000500 dlc=7 err=60003
[13:06:33.206] [ARM-RX] [CAN][write_fail] status=0x000000A8 tx_err=
[13:06:33.225] [ARM-RX] 128 rx_err=0 err_code=0x00000401
[13:06:33.225] [ARM-RX] CAN Send chunk for Motor ID 5 failed with err: 60003
[13:06:33.226] [ARM-RX] [CAN][TX] write failed id=0x00000100 dlc=2 err=60003
[13:06:33.226] [ARM-RX] [CAN][write_fail] status=0x000000A8 tx_err=128 rx_err=0 err_code=0x00000401
[13:06:33.226] [ARM-RX] CAN Send chunk for Motor ID 1 failed
[13:06:33.247] [ARM-RX] with err: 60003
[13:06:33.247] [ARM-RX] [CAN][TX] write failed id=0x00000200 dlc=2 err=60003
[13:06:33.247] [ARM-RX] [CAN][write_fail] status=0x000000A8 tx_err=128 rx_err=0 err_code=0x00000401
[13:06:33.247] [ARM-RX] CAN Send chunk for Motor ID 2 failed with err: 60003
[13:06:33.248] [ARM-RX] [CAN][TX] write failed id=0x00000300 dlc=2 err=60003
[13:06:33.268] [ARM-RX] [CAN][write_fail] status=0x000000A8 tx_err=128 rx_err=0 err_code=0x00000401
[13:06:33.268] [ARM-RX] CAN Send chunk for Motor ID 3 failed with err: 60003
[13:06:33.268] [ARM-RX] [CAN][TX] write failed id=0x00000400 dlc=2 err=60003
[13:06:33.268] [ARM-RX] [CAN][write_fail] status=0x000000A8 tx_err=128 rx_err=0 err_code=0x0000
[13:06:33.305] [ARM-RX] 0401
[13:06:33.306] [ARM-RX] CAN Send chunk for Motor ID 4 failed with err: 60003
[13:06:33.306] [ARM-RX] [CAN][TX] write failed id=0x00000500 dlc=2 err=60003
[13:06:33.306] [ARM-RX] [CAN][write_fail] status=0x000000A8 tx_err=128 rx_err=0 err_code=0x00000401
[13:06:33.306] [ARM-RX] CAN Send chunk for Motor ID 5 failed with err: 60003
[13:06:33.306] [ARM-RX] batch angle
[13:06:33.326] [ARM-RX] read timeout/missing mask=0x1F elapsed=89 ms
[13:06:33.327] [ARM-RX] [CAN][TX] write failed id=0x00000100 dlc=7 err=60003
[13:06:33.327] [ARM-RX] [CAN][write_fail] status=0x000000A8 tx_err=128 rx_err=0 err_code=0x00000401
[13:06:33.327] [ARM-RX] CAN Send chunk for Motor ID 1 failed with err: 60003
[13:06:33.327] [ARM-RX] [CAN][TX] write failed i
[13:06:33.347] [ARM-RX] d=0x00000200 dlc=7 err=60003
[13:06:33.347] [ARM-RX] [CAN][write_fail] status=0x000000A8 tx_err=128 rx_err=0 err_code=0x00000401
[13:06:33.348] [ARM-RX] CAN Send chunk for Motor ID 2 failed with err: 60003
[13:06:33.348] [ARM-RX] [CAN][TX] write failed id=0x00000300 dlc=7 err=60003
[13:06:33.348] [ARM-RX] [CAN][write_fail] status=0x000000A8 tx_er
[13:06:33.369] [ARM-RX] r=128 rx_err=0 err_code=0x00000401
[13:06:33.369] [ARM-RX] CAN Send chunk for Motor ID 3 failed with err: 60003
[13:06:33.370] [ARM-RX] [CAN][TX] write failed id=0x00000400 dlc=7 err=60003
[13:06:33.370] [ARM-RX] [CAN][write_fail] status=0x000000A8 tx_err=128 rx_err=0 err_code=0x00000401
[13:06:33.370] [ARM-RX] CAN Send chunk for Motor ID 4 faile
[13:06:33.390] [ARM-RX] d with err: 60003
[13:06:33.390] [ARM-RX] [CAN][TX] write failed id=0x00000500 dlc=7 err=60003
[13:06:33.390] [ARM-RX] [CAN][write_fail] status=0x000000A8 tx_err=128 rx_err=0 err_code=0x00000401
[13:06:33.390] [ARM-RX] CAN Send chunk for Motor ID 5 failed with err: 60003
[13:06:33.391] [ARM-RX] [CAN][TX] write failed id=0x00000100 dlc=2 err=60003
[13:06:33.411] [ARM-RX] [CAN][write_fail] status=0x000000A8 tx_err=128 rx_err=0 err_code=0x00000401
[13:06:33.411] [ARM-RX] CAN Send chunk for Motor ID 1 failed with err: 60003
[13:06:33.411] [ARM-RX] [CAN][TX] write failed id=0x00000200 dlc=2 err=60003
[13:06:33.411] [ARM-RX] [CAN][write_fail] status=0x000000A8 tx_err=128 rx_err=0 err_code=0x00
[13:06:33.432] [ARM-RX] 000401
[13:06:33.433] [ARM-RX] CAN Send chunk for Motor ID 2 failed with err: 60003
[13:06:33.433] [ARM-RX] [CAN][TX] write failed id=0x00000300 dlc=2 err=60003
[13:06:33.433] [ARM-RX] [CAN][write_fail] status=0x000000A8 tx_err=128 rx_err=0 err_code=0x00000401
[13:06:33.434] [ARM-RX] CAN Send chunk for Motor ID 3 failed with err: 60003
[13:06:33.434] [ARM-RX] [CAN][TX]
[13:06:33.442] [JETSON-INFO] 已停止周期视觉发送
[13:06:33.442] [JETSON-INFO] heartbeat stopped
[13:06:33.442] [JETSON-TX] TARGET_CTRL_STOP_NEW: A5 5A 01 02 37 01 00 A8 26
[13:06:33.444] [ARM-TX] 发送命令 laser_off: laser_off
[13:06:33.444] [DEMO-INFO] 演示已停止，已关闭视觉发送、激光输出，并请求回 HOME
[13:06:33.470] [ARM-RX] write failed id=0x00000400 dlc=2 err=60003
[13:06:33.472] [ARM-RX] [CAN][write_fail] status=0x000000A8 tx_err=128 rx_err=0 err_code=0x00000401
[13:06:33.472] [ARM-RX] CAN Send chunk for Motor ID 4 failed with err: 60003
[13:06:33.472] [ARM-RX] [CAN][TX] write failed id=0x00000500 dlc=2 err=60003
[13:06:33.472] [ARM-RX] [CAN][write_fail] status=0
[13:06:33.478] [JETSON-INFO] 已停止周期视觉发送
[13:06:33.479] [JETSON-INFO] heartbeat stopped
[13:06:33.479] [JETSON-TX] TARGET_CTRL_STOP_NEW: A5 5A 01 02 38 01 00 98 25
[13:06:33.479] [DEMO-ERROR] 未收到 READY，演示停止。请先确认 soft_reset 和状态机启动。
[13:06:33.490] [ARM-RX] x000000A8 tx_err=128 rx_err=0 err_code=0x00000401
[13:06:33.490] [ARM-RX] CAN Send chunk for Motor ID 5 failed with err: 60003
[13:06:33.490] [ARM-RX] batch angle read timeout/missing mask=0x1F elapsed=89 ms
[13:06:33.491] [ARM-RX] [CAN][TX] write failed id=0x00000100 dlc=7 err=60003
[13:06:33.491] [ARM-RX] [CAN][write_fail] status=0x000000A8 tx_
[13:06:33.511] [ARM-RX] err=128 rx_err=0 err_code=0x00000401
[13:06:33.511] [ARM-RX] CAN Send chunk for Motor ID 1 failed with err: 60003
[13:06:33.511] [ARM-RX] [CAN][TX] write failed id=0x00000200 dlc=7 err=60003
[13:06:33.512] [ARM-RX] [CAN][write_fail] status=0x000000A8 tx_err=128 rx_err=0 err_code=0x00000401
[13:06:33.512] [ARM-RX] CAN Send chunk for Motor ID 2 fai
[13:06:33.534] [ARM-RX] led with err: 60003
[13:06:33.535] [ARM-RX] [CAN][TX] write failed id=0x00000300 dlc=7 err=60003
[13:06:33.535] [ARM-RX] [CAN][write_fail] status=0x000000A8 tx_err=128 rx_err=0 err_code=0x00000401
[13:06:33.535] [ARM-RX] CAN Send chunk for Motor ID 3 failed with err: 60003
[13:06:33.535] [ARM-RX] [CAN][TX] write failed id=0x00000400 dlc=7 err=600
[13:06:33.555] [ARM-RX] 03
[13:06:33.555] [ARM-RX] [CAN][write_fail] status=0x000000A8 tx_err=128 rx_err=0 err_code=0x00000401
[13:06:33.555] [ARM-RX] CAN Send chunk for Motor ID 4 failed with err: 60003
[13:06:33.555] [ARM-RX] [CAN][TX] write failed id=0x00000500 dlc=7 err=60003
[13:06:33.556] [ARM-RX] [CAN][write_fail] status=0x000000A8 tx_err=128 rx_err=0 err_code=0x
[13:06:33.576] [ARM-RX] 00000401
[13:06:33.576] [ARM-RX] CAN Send chunk for Motor ID 5 failed with err: 60003
[13:06:33.576] [ARM-RX] [CAN][TX] write failed id=0x00000100 dlc=2 err=60003
[13:06:33.577] [ARM-RX] [CAN][write_fail] status=0x000000A8 tx_err=128 rx_err=0 err_code=0x00000401
[13:06:33.577] [ARM-RX] CAN Send chunk for Motor ID 1 failed with err: 60003
[13:06:33.577] [ARM-RX] [CAN][T
[13:06:33.596] [ARM-RX] X] write failed id=0x00000200 dlc=2 err=60003
[13:06:33.596] [ARM-RX] [CAN][write_fail] status=0x000000A8 tx_err=128 rx_err=0 err_code=0x00000401
[13:06:33.596] [ARM-RX] CAN Send chunk for Motor ID 2 failed with err: 60003
[13:06:33.597] [ARM-RX] [CAN][TX] write failed id=0x00000300 dlc=2 err=60003
[13:06:33.597] [ARM-RX] [CAN][write_fail] status
[13:06:33.629] [ARM-RX] =0x000000A8 tx_err=128 rx_err=0 err_code=0x00000401
[13:06:33.629] [ARM-RX] CAN Send chunk for Motor ID 3 failed with err: 60003
[13:06:33.629] [ARM-RX] [CAN][TX] write failed id=0x00000400 dlc=2 err=60003
[13:06:33.629] [ARM-RX] [CAN][write_fail] status=0x000000A8 tx_err=128 rx_err=0 err_code=0x00000401
[13:06:33.629] [ARM-RX] CAN Send chunk for
[13:06:33.655] [ARM-RX] Motor ID 4 failed with err: 60003
[13:06:33.655] [ARM-RX] [CAN][TX] write failed id=0x00000500 dlc=2 err=60003
[13:06:33.655] [ARM-RX] [CAN][write_fail] status=0x000000A8 tx_err=128 rx_err=0 err_code=0x00000401
[13:06:33.657] [ARM-RX] CAN Send chunk for Motor ID 5 failed with err: 60003
[13:06:33.657] [ARM-RX] batch angle read timeout/missing ma
[13:06:33.678] [ARM-RX] sk=0x1F elapsed=89 ms
[13:06:33.678] [ARM-RX] [CAN][TX] write failed id=0x00000100 dlc=7 err=60003
[13:06:33.678] [ARM-RX] [CAN][write_fail] status=0x000000A8 tx_err=128 rx_err=0 err_code=0x00000401
[13:06:33.678] [ARM-RX] CAN Send chunk for Motor ID 1 failed with err: 60003
[13:06:33.679] [ARM-RX] [CAN][TX] write failed id=0x00000200 dlc=7 err=6
[13:06:33.698] [ARM-RX] 0003
[13:06:33.699] [ARM-RX] [CAN][write_fail] status=0x000000A8 tx_err=128 rx_err=0 err_code=0x00000401
[13:06:33.699] [ARM-RX] CAN Send chunk for Motor ID 2 failed with err: 60003
[13:06:33.699] [ARM-RX] [CAN][TX] write failed id=0x00000300 dlc=7 err=60003
[13:06:33.699] [ARM-RX] [CAN][write_fail] status=0x000000A8 tx_err=128 rx_err=0 err_code=
[13:06:33.718] [ARM-RX] 0x00000401
[13:06:33.719] [ARM-RX] CAN Send chunk for Motor ID 3 failed with err: 60003
[13:06:33.719] [ARM-RX] [CAN][TX] write failed id=0x00000400 dlc=7 err=60003
[13:06:33.719] [ARM-RX] [CAN][write_fail] status=0x000000A8 tx_err=128 rx_err=0 err_code=0x00000401
[13:06:33.719] [ARM-RX] CAN Send chunk for Motor ID 4 failed with err: 60003
[13:06:33.720] [ARM-RX] [CAN]
[13:06:33.739] [ARM-RX] [TX] write failed id=0x00000500 dlc=7 err=60003
[13:06:33.740] [ARM-RX] [CAN][write_fail] status=0x000000A8 tx_err=128 rx_err=0 err_code=0x00000401
[13:06:33.740] [ARM-RX] CAN Send chunk for Motor ID 5 failed with err: 60003
[13:06:33.740] [ARM-RX] [CAN][TX] write failed id=0x00000100 dlc=2 err=60003
[13:06:33.741] [ARM-RX] [CAN][write_fail] stat
[13:06:33.764] [ARM-RX] us=0x000000A8 tx_err=128 rx_err=0 err_code=0x00000401
[13:06:33.765] [ARM-RX] CAN Send chunk for Motor ID 1 failed with err: 60003
[13:06:33.765] [ARM-RX] [CAN][TX] write failed id=0x00000200 dlc=2 err=60003
[13:06:33.765] [ARM-RX] [CAN][write_fail] status=0x000000A8 tx_err=128 rx_err=0 err_code=0x00000401
[13:06:33.765] [ARM-RX] CAN Send chunk f
[13:06:33.793] [ARM-RX] or Motor ID 2 failed with err: 60003
[13:06:33.793] [ARM-RX] [CAN][TX] write failed id=0x00000300 dlc=2 err=60003
[13:06:33.793] [ARM-RX] [CAN][write_fail] status=0x000000A8 tx_err=128 rx_err=0 err_code=0x00000401
[13:06:33.793] [ARM-RX] CAN Send chunk for Motor ID 3 failed with err: 60003
[13:06:33.794] [ARM-RX] [CAN][TX] write failed id=0x00000
[13:06:33.813] [ARM-RX] 400 dlc=2 err=60003
[13:06:33.814] [ARM-RX] [CAN][write_fail] status=0x000000A8 tx_err=128 rx_err=0 err_code=0x00000401
[13:06:33.814] [ARM-RX] CAN Send chunk for Motor ID 4 failed with err: 60003
[13:06:33.814] [ARM-RX] [CAN][TX] write failed id=0x00000500 dlc=2 err=60003
[13:06:33.814] [ARM-RX] [CAN][write_fail] status=0x000000A8 tx_err=128 rx_
[13:06:33.842] [ARM-RX] err=0 err_code=0x00000401
[13:06:33.842] [ARM-RX] CAN Send chunk for Motor ID 5 failed with err: 60003
[13:06:33.842] [ARM-RX] batch angle read timeout/missing mask=0x1F elapsed=89 ms
[13:06:33.842] [ARM-RX] [CAN][TX] write failed id=0x00000100 dlc=7 err=60003
[13:06:33.843] [ARM-RX] [CAN][write_fail] status=0x000000A8 tx_err=128 rx_err=0 err_cod
[13:06:33.861] [ARM-RX] e=0x00000401
[13:06:33.862] [ARM-RX] CAN Send chunk for Motor ID 1 failed with err: 60003
[13:06:33.862] [ARM-RX] [CAN][TX] write failed id=0x00000200 dlc=7 err=60003
[13:06:33.862] [ARM-RX] [CAN][write_fail] status=0x000000A8 tx_err=128 rx_err=0 err_code=0x00000401
[13:06:33.863] [ARM-RX] CAN Send chunk for Motor ID 2 failed with err: 60003
[13:06:33.863] [ARM-RX] [CA
[13:06:33.883] [ARM-RX] N][TX] write failed id=0x00000300 dlc=7 err=60003
[13:06:33.884] [ARM-RX] [CAN][write_fail] status=0x000000A8 tx_err=128 rx_err=0 err_code=0x00000401
[13:06:33.884] [ARM-RX] CAN Send chunk for Motor ID 3 failed with err: 60003
[13:06:33.884] [ARM-RX] [CAN][TX] write failed id=0x00000400 dlc=7 err=60003
[13:06:33.884] [ARM-RX] [CAN][write_fail] st
[13:06:33.904] [ARM-RX] atus=0x000000A8 tx_err=128 rx_err=0 err_code=0x00000401
[13:06:33.905] [ARM-RX] CAN Send chunk for Motor ID 4 failed with err: 60003
[13:06:33.905] [ARM-RX] [CAN][TX] write failed id=0x00000500 dlc=7 err=60003
[13:06:33.905] [ARM-RX] [CAN][write_fail] status=0x000000A8 tx_err=128 rx_err=0 err_code=0x00000401
[13:06:33.905] [ARM-RX] CAN Send chunk
[13:06:33.926] [ARM-RX] for Motor ID 5 failed with err: 60003
[13:06:33.926] [ARM-RX] [CAN][TX] write failed id=0x00000100 dlc=2 err=60003
[13:06:33.926] [ARM-RX] [CAN][write_fail] status=0x000000A8 tx_err=128 rx_err=0 err_code=0x00000401
[13:06:33.926] [ARM-RX] CAN Send chunk for Motor ID 1 failed with err: 60003
[13:06:33.926] [ARM-RX] [CAN][TX] write failed id=0x000
[13:06:33.957] [ARM-RX] 00200 dlc=2 err=60003
[13:06:33.958] [ARM-RX] [CAN][write_fail] status=0x000000A8 tx_err=128 rx_err=0 err_code=0x00000401
[13:06:33.958] [ARM-RX] CAN Send chunk for Motor ID 2 failed with err: 60003
[13:06:33.958] [ARM-RX] [CAN][TX] write failed id=0x00000300 dlc=2 err=60003
[13:06:33.958] [ARM-RX] [CAN][write_fail] status=0x000000A8 tx_err=128 r
[13:06:33.979] [ARM-RX] x_err=0 err_code=0x00000401
[13:06:33.979] [ARM-RX] CAN Send chunk for Motor ID 3 failed with err: 60003
[13:06:33.979] [ARM-RX] [CAN][TX] write failed id=0x00000400 dlc=2 err=60003
[13:06:33.980] [ARM-RX] [CAN][write_fail] status=0x000000A8 tx_err=128 rx_err=0 err_code=0x00000401
[13:06:33.980] [ARM-RX] CAN Send chunk for Motor ID 4 failed with
[13:06:34.005] [ARM-RX] err: 60003
[13:06:34.005] [ARM-RX] [CAN][TX] write failed id=0x00000500 dlc=2 err=60003
[13:06:34.005] [ARM-RX] [CAN][write_fail] status=0x000000A8 tx_err=128 rx_err=0 err_code=0x00000401
[13:06:34.007] [ARM-RX] CAN Send chunk for Motor ID 5 failed with err: 60003
[13:06:34.007] [ARM-RX] batch angle read timeout/missing mask=0x1F elapsed=89 ms
[13:06:34.007] [ARM-RX] [
[13:06:34.026] [ARM-RX] CAN][TX] write failed id=0x00000100 dlc=7 err=60003
[13:06:34.026] [ARM-RX] [CAN][write_fail] status=0x000000A8 tx_err=128 rx_err=0 err_code=0x00000401
[13:06:34.027] [ARM-RX] CAN Send chunk for Motor ID 1 failed with err: 60003
[13:06:34.027] [ARM-RX] [CAN][TX] write failed id=0x00000200 dlc=7 err=60003
[13:06:34.027] [ARM-RX] [CAN][write_fail]
[13:06:34.048] [ARM-RX] status=0x000000A8 tx_err=128 rx_err=0 err_code=0x00000401
[13:06:34.048] [ARM-RX] CAN Send chunk for Motor ID 2 failed with err: 60003
[13:06:34.048] [ARM-RX] [CAN][TX] write failed id=0x00000300 dlc=7 err=60003
[13:06:34.049] [ARM-RX] [CAN][write_fail] status=0x000000A8 tx_err=128 rx_err=0 err_code=0x00000401
[13:06:34.049] [ARM-RX] CAN Send chu
[13:06:34.052] [JETSON-RX] A5 5A 01 81 38 03 04 00 00 F5 91
[13:06:34.052] [JETSON-STATUS] TARGET_CTRL_OFF: A5 5A 01 81 38 03 04 00 00 F5 91
[13:06:34.068] [ARM-RX] nk for Motor ID 3 failed with err: 60003
[13:06:34.069] [ARM-RX] [CAN][TX] write failed id=0x00000400 dlc=7 err=60003
[13:06:34.069] [ARM-RX] [CAN][write_fail] status=0x000000A8 tx_err=128 rx_err=0 err_code=0x00000401
[13:06:34.069] [ARM-RX] CAN Send chunk for Motor ID 4 failed with err: 60003
[13:06:34.069] [ARM-RX] [CAN][TX] write failed id=0x0
[13:06:34.100] [ARM-RX] 0000500 dlc=7 err=60003
[13:06:34.101] [ARM-RX] [CAN][write_fail] status=0x000000A8 tx_err=128 rx_err=0 err_code=0x00000401
[13:06:34.101] [ARM-RX] CAN Send chunk for Motor ID 5 failed with err: 60003
[13:06:34.101] [ARM-RX] [CAN][TX] write failed id=0x00000100 dlc=2 err=60003
[13:06:34.101] [ARM-RX] [CAN][write_fail] status=0x000000A8 tx_err=128
[13:06:34.122] [ARM-RX] rx_err=0 err_code=0x00000401
[13:06:34.122] [ARM-RX] CAN Send chunk for Motor ID 1 failed with err: 60003
[13:06:34.123] [ARM-RX] [CAN][TX] write failed id=0x00000200 dlc=2 err=60003
[13:06:34.123] [ARM-RX] [CAN][write_fail] status=0x000000A8 tx_err=128 rx_err=0 err_code=0x00000401
[13:06:34.123] [ARM-RX] CAN Send chunk for Motor ID 2 failed wit
[13:06:34.143] [ARM-RX] h err: 60003
[13:06:34.143] [ARM-RX] [CAN][TX] write failed id=0x00000300 dlc=2 err=60003
[13:06:34.143] [ARM-RX] [CAN][write_fail] status=0x000000A8 tx_err=128 rx_err=0 err_code=0x00000401
[13:06:34.144] [ARM-RX] CAN Send chunk for Motor ID 3 failed with err: 60003
[13:06:34.144] [ARM-RX] [CAN][TX] write failed id=0x00000400 dlc=2 err=60003
[13:06:34.144] [ARM-RX] [CA
[13:06:34.164] [ARM-RX] N][write_fail] status=0x000000A8 tx_err=128 rx_err=0 err_code=0x00000401
[13:06:34.164] [ARM-RX] CAN Send chunk for Motor ID 4 failed with err: 60003
[13:06:34.164] [ARM-RX] [CAN][TX] write failed id=0x00000500 dlc=2 err=60003
[13:06:34.164] [ARM-RX] [CAN][write_fail] status=0x000000A8 tx_err=128 rx_err=0 err_code=0x0000040
[13:06:34.190] [ARM-RX] 1
[13:06:34.190] [ARM-RX] CAN Send chunk for Motor ID 5 failed with err: 60003
[13:06:34.190] [ARM-RX] batch angle read timeout/missing mask=0x1F elapsed=89 ms
[13:06:34.192] [ARM-RX] [CAN][TX] write failed id=0x00000100 dlc=7 err=60003
[13:06:34.192] [ARM-RX] [CAN][write_fail] status=0x000000A8 tx_err=128 rx_err=0 err_code=0x00000401
[13:06:34.192] [ARM-RX] CAN Send c
[13:06:34.212] [ARM-RX] hunk for Motor ID 1 failed with err: 60003
[13:06:34.212] [ARM-RX] [CAN][TX] write failed id=0x00000200 dlc=7 err=60003
[13:06:34.212] [ARM-RX] [CAN][write_fail] status=0x000000A8 tx_err=128 rx_err=0 err_code=0x00000401
[13:06:34.212] [ARM-RX] CAN Send chunk for Motor ID 2 failed with err: 60003
[13:06:34.217] [ARM-RX] [CAN][TX] write failed id=0
[13:06:34.233] [ARM-RX] x00000300 dlc=7 err=60003
[13:06:34.233] [ARM-RX] [CAN][write_fail] status=0x000000A8 tx_err=128 rx_err=0 err_code=0x00000401
[13:06:34.233] [ARM-RX] CAN Send chunk for Motor ID 3 failed with err: 60003
[13:06:34.233] [ARM-RX] [CAN][TX] write failed id=0x00000400 dlc=7 err=60003
[13:06:34.234] [ARM-RX] [CAN][write_fail] status=0x000000A8 tx_err=1
[13:06:34.264] [ARM-RX] 28 rx_err=0 err_code=0x00000401
[13:06:34.264] [ARM-RX] CAN Send chunk for Motor ID 4 failed with err: 60003
[13:06:34.264] [ARM-RX] [CAN][TX] write failed id=0x00000500 dlc=7 err=60003
[13:06:34.266] [ARM-RX] [CAN][write_fail] status=0x000000A8 tx_err=128 rx_err=0 err_code=0x00000401
[13:06:34.266] [ARM-RX] CAN Send chunk for Motor ID 5 failed w
[13:06:34.285] [ARM-RX] ith err: 60003
[13:06:34.285] [ARM-RX] [CAN][TX] write failed id=0x00000100 dlc=2 err=60003
[13:06:34.285] [ARM-RX] [CAN][write_fail] status=0x000000A8 tx_err=128 rx_err=0 err_code=0x00000401
[13:06:34.286] [ARM-RX] CAN Send chunk for Motor ID 1 failed with err: 60003
[13:06:34.286] [ARM-RX] [CAN][TX] write failed id=0x00000200 dlc=2 err=60003
[13:06:34.286] [ARM-RX] [
[13:06:34.310] [ARM-RX] CAN][write_fail] status=0x000000A8 tx_err=128 rx_err=0 err_code=0x00000401
[13:06:34.311] [ARM-RX] CAN Send chunk for Motor ID 2 failed with err: 60003
[13:06:34.311] [ARM-RX] [CAN][TX] write failed id=0x00000300 dlc=2 err=60003
[13:06:34.311] [ARM-RX] [CAN][write_fail] status=0x000000A8 tx_err=128 rx_err=0 err_code=0x00000
[13:06:34.330] [ARM-RX] 401
[13:06:34.331] [ARM-RX] CAN Send chunk for Motor ID 3 failed with err: 60003
[13:06:34.331] [ARM-RX] [CAN][TX] write failed id=0x00000400 dlc=2 err=60003
[13:06:34.331] [ARM-RX] [CAN][write_fail] status=0x000000A8 tx_err=128 rx_err=0 err_code=0x00000401
[13:06:34.331] [ARM-RX] CAN Send chunk for Motor ID 4 failed with err: 60003
[13:06:34.331] [ARM-RX] [CAN][TX] wr
[13:06:34.355] [ARM-RX] ite failed id=0x00000500 dlc=2 err=60003
[13:06:34.356] [ARM-RX] [CAN][write_fail] status=0x000000A8 tx_err=128 rx_err=0 err_code=0x00000401
[13:06:34.356] [ARM-RX] CAN Send chunk for Motor ID 5 failed with err: 60003
[13:06:34.356] [ARM-RX] batch angle read timeout/missing mask=0x1F elapsed=89 ms
[13:06:34.356] [ARM-RX] [CAN][TX] write failed id
[13:06:34.376] [ARM-RX] =0x00000100 dlc=7 err=60003
[13:06:34.376] [ARM-RX] [CAN][write_fail] status=0x000000A8 tx_err=128 rx_err=0 err_code=0x00000401
[13:06:34.377] [ARM-RX] CAN Send chunk for Motor ID 1 failed with err: 60003
[13:06:34.377] [ARM-RX] [CAN][TX] write failed id=0x00000200 dlc=7 err=60003
[13:06:34.377] [ARM-RX] [CAN][write_fail] status=0x000000A8 tx_err
[13:06:34.397] [ARM-RX] =128 rx_err=0 err_code=0x00000401
[13:06:34.398] [ARM-RX] CAN Send chunk for Motor ID 2 failed with err: 60003
[13:06:34.398] [ARM-RX] [CAN][TX] write failed id=0x00000300 dlc=7 err=60003
[13:06:34.398] [ARM-RX] [CAN][write_fail] status=0x000000A8 tx_err=128 rx_err=0 err_code=0x00000401
[13:06:34.398] [ARM-RX] CAN Send chunk for Motor ID 3 failed
[13:06:34.431] [ARM-RX] with err: 60003
[13:06:34.431] [ARM-RX] [CAN][TX] write failed id=0x00000400 dlc=7 err=60003
[13:06:34.432] [ARM-RX] [CAN][write_fail] status=0x000000A8 tx_err=128 rx_err=0 err_code=0x00000401
[13:06:34.432] [ARM-RX] CAN Send chunk for Motor ID 4 failed with err: 60003
[13:06:34.432] [ARM-RX] [CAN][TX] write failed id=0x00000500 dlc=7 err=60003
[13:06:34.450] [ARM-RX] [CAN][write_fail] status=0x000000A8 tx_err=128 rx_err=0 err_code=0x00000401
[13:06:34.450] [ARM-RX] CAN Send chunk for Motor ID 5 failed with err: 60003
[13:06:34.451] [ARM-RX] [CAN][TX] write failed id=0x00000100 dlc=2 err=60003
[13:06:34.451] [ARM-RX] [CAN][write_fail] status=0x000000A8 tx_err=128 rx_err=0 err_code=0x000
[13:06:34.472] [ARM-RX] 00401
[13:06:34.472] [ARM-RX] CAN Send chunk for Motor ID 1 failed with err: 60003
[13:06:34.472] [ARM-RX] [CAN][TX] write failed id=0x00000200 dlc=2 err=60003
[13:06:34.473] [ARM-RX] [CAN][write_fail] status=0x000000A8 tx_err=128 rx_err=0 err_code=0x00000401
[13:06:34.473] [ARM-RX] CAN Send chunk for Motor ID 2 failed with err: 60003
[13:06:34.473] [ARM-RX] [CAN][TX]
[13:06:34.493] [ARM-RX] write failed id=0x00000300 dlc=2 err=60003
[13:06:34.493] [ARM-RX] [CAN][write_fail] status=0x000000A8 tx_err=128 rx_err=0 err_code=0x00000401
[13:06:34.493] [ARM-RX] CAN Send chunk for Motor ID 3 failed with err: 60003
[13:06:34.493] [ARM-RX] [CAN][TX] write failed id=0x00000400 dlc=2 err=60003
[13:06:34.493] [ARM-RX] [CAN][write_fail] status=0x
[13:06:34.513] [ARM-RX] 000000A8 tx_err=128 rx_err=0 err_code=0x00000401
[13:06:34.513] [ARM-RX] CAN Send chunk for Motor ID 4 failed with err: 60003
[13:06:34.514] [ARM-RX] [CAN][TX] write failed id=0x00000500 dlc=2 err=60003
[13:06:34.514] [ARM-RX] [CAN][write_fail] status=0x000000A8 tx_err=128 rx_err=0 err_code=0x00000401
[13:06:34.514] [ARM-RX] CAN Send chunk for Mo
[13:06:34.540] [ARM-RX] tor ID 5 failed with err: 60003
[13:06:34.541] [ARM-RX] batch angle read timeout/missing mask=0x1F elapsed=89 ms
[13:06:34.541] [ARM-RX] [CAN][TX] write failed id=0x00000100 dlc=7 err=60003
[13:06:34.541] [ARM-RX] [CAN][write_fail] status=0x000000A8 tx_err=128 rx_err=0 err_code=0x00000401
[13:06:34.541] [ARM-RX] CAN Send chunk for Motor ID 1 fail
[13:06:34.561] [ARM-RX] ed with err: 60003
[13:06:34.561] [ARM-RX] [CAN][TX] write failed id=0x00000200 dlc=7 err=60003
[13:06:34.562] [ARM-RX] [CAN][write_fail] status=0x000000A8 tx_err=128 rx_err=0 err_code=0x00000401
[13:06:34.562] [ARM-RX] CAN Send chunk for Motor ID 2 failed with err: 60003
[13:06:34.562] [ARM-RX] [CAN][TX] write failed id=0x00000300 dlc=7 err=6000
[13:06:34.593] [ARM-RX] 3
[13:06:34.593] [ARM-RX] [CAN][write_fail] status=0x000000A8 tx_err=128 rx_err=0 err_code=0x00000401
[13:06:34.594] [ARM-RX] CAN Send chunk for Motor ID 3 failed with err: 60003
[13:06:34.594] [ARM-RX] [CAN][TX] write failed id=0x00000400 dlc=7 err=60003
[13:06:34.604] [ARM-RX] [CAN][write_fail] status=0x000000A8 tx_err=128 rx_err=0 err_code=0x0
[13:06:34.614] [ARM-RX] 0000401
[13:06:34.617] [ARM-RX] CAN Send chunk for Motor ID 4 failed with err: 60003
[13:06:34.617] [ARM-RX] [CAN][TX] write failed id=0x00000500 dlc=7 err=60003
[13:06:34.618] [ARM-RX] [CAN][write_fail] status=0x000000A8 tx_err=128 rx_err=0 err_code=0x00000401
[13:06:34.618] [ARM-RX] CAN Send chunk for Motor ID 5 failed with err: 60003
[13:06:34.619] [ARM-RX] [CAN][TX
[13:06:34.635] [ARM-RX] ] write failed id=0x00000100 dlc=2 err=60003
[13:06:34.635] [ARM-RX] [CAN][write_fail] status=0x000000A8 tx_err=128 rx_err=0 err_code=0x00000401
[13:06:34.636] [ARM-RX] CAN Send chunk for Motor ID 1 failed with err: 60003
[13:06:34.636] [ARM-RX] [CAN][TX] write failed id=0x00000200 dlc=2 err=60003
[13:06:34.636] [ARM-RX] [CAN][write_fail] status=
[13:06:34.658] [ARM-RX] 0x000000A8 tx_err=128 rx_err=0 err_code=0x00000401
[13:06:34.658] [ARM-RX] CAN Send chunk for Motor ID 2 failed with err: 60003
[13:06:34.658] [ARM-RX] [CAN][TX] write failed id=0x00000300 dlc=2 err=60003
[13:06:34.658] [ARM-RX] [CAN][write_fail] status=0x000000A8 tx_err=128 rx_err=0 err_code=0x00000401
[13:06:34.659] [ARM-RX] CAN Send chunk for
[13:06:34.678] [ARM-RX] Motor ID 3 failed with err: 60003
[13:06:34.679] [ARM-RX] [CAN][TX] write failed id=0x00000400 dlc=2 err=60003
[13:06:34.679] [ARM-RX] [CAN][write_fail] status=0x000000A8 tx_err=128 rx_err=0 err_code=0x00000401
[13:06:34.679] [ARM-RX] CAN Send chunk for Motor ID 4 failed with err: 60003
[13:06:34.679] [ARM-RX] [CAN][TX] write failed id=0x00000500
[13:06:34.706] [ARM-RX] dlc=2 err=60003
[13:06:34.706] [ARM-RX] [CAN][write_fail] status=0x000000A8 tx_err=128 rx_err=0 err_code=0x00000401
[13:06:34.706] [ARM-RX] CAN Send chunk for Motor ID 5 failed with err: 60003
[13:06:34.707] [ARM-RX] batch angle read timeout/missing mask=0x1F elapsed=89 ms
[13:06:34.707] [ARM-RX] [CAN][TX] write failed id=0x00000100 dlc=7 err=60
[13:06:34.737] [ARM-RX] 003
[13:06:34.737] [ARM-RX] [CAN][write_fail] status=0x000000A8 tx_err=128 rx_err=0 err_code=0x00000401
[13:06:34.737] [ARM-RX] CAN Send chunk for Motor ID 1 failed with err: 60003
[13:06:34.737] [ARM-RX] [CAN][TX] write failed id=0x00000200 dlc=7 err=60003
[13:06:34.738] [ARM-RX] [CAN][write_fail] status=0x000000A8 tx_err=128 rx_err=0 err_code=0
[13:06:34.758] [ARM-RX] x00000401
[13:06:34.758] [ARM-RX] CAN Send chunk for Motor ID 2 failed with err: 60003
[13:06:34.758] [ARM-RX] [CAN][TX] write failed id=0x00000300 dlc=7 err=60003
[13:06:34.758] [ARM-RX] [CAN][write_fail] status=0x000000A8 tx_err=128 rx_err=0 err_code=0x00000401
[13:06:34.759] [ARM-RX] CAN Send chunk for Motor ID 3 failed with err: 60003
[13:06:34.761] [ARM-RX] [CAN][
[13:06:34.779] [ARM-RX] TX] write failed id=0x00000400 dlc=7 err=60003
[13:06:34.780] [ARM-RX] [CAN][write_fail] status=0x000000A8 tx_err=128 rx_err=0 err_code=0x00000401
[13:06:34.780] [ARM-RX] CAN Send chunk for Motor ID 4 failed with err: 60003
[13:06:34.780] [ARM-RX] [CAN][TX] write failed id=0x00000500 dlc=7 err=60003
[13:06:34.780] [ARM-RX] [CAN][write_fail] statu
[13:06:34.801] [ARM-RX] s=0x000000A8 tx_err=128 rx_err=0 err_code=0x00000401
[13:06:34.801] [ARM-RX] CAN Send chunk for Motor ID 5 failed with err: 60003
[13:06:34.801] [ARM-RX] [CAN][TX] write failed id=0x00000100 dlc=2 err=60003
[13:06:34.802] [ARM-RX] [CAN][write_fail] status=0x000000A8 tx_err=128 rx_err=0 err_code=0x00000401
[13:06:34.802] [ARM-RX] CAN Send chunk fo
[13:06:34.821] [ARM-RX] r Motor ID 1 failed with err: 60003
[13:06:34.822] [ARM-RX] [CAN][TX] write failed id=0x00000200 dlc=2 err=60003
[13:06:34.822] [ARM-RX] [CAN][write_fail] status=0x000000A8 tx_err=128 rx_err=0 err_code=0x00000401
[13:06:34.822] [ARM-RX] CAN Send chunk for Motor ID 2 failed with err: 60003
[13:06:34.822] [ARM-RX] [CAN][TX] write failed id=0x000003
[13:06:34.842] [ARM-RX] 00 dlc=2 err=60003
[13:06:34.843] [ARM-RX] [CAN][write_fail] status=0x000000A8 tx_err=128 rx_err=0 err_code=0x00000401
[13:06:34.843] [ARM-RX] CAN Send chunk for Motor ID 3 failed with err: 60003
[13:06:34.843] [ARM-RX] [CAN][TX] write failed id=0x00000400 dlc=2 err=60003
[13:06:34.843] [ARM-RX] [CAN][write_fail] status=0x000000A8 tx_err=128 rx_e
[13:06:34.864] [ARM-RX] rr=0 err_code=0x00000401
[13:06:34.864] [ARM-RX] CAN Send chunk for Motor ID 4 failed with err: 60003
[13:06:34.864] [ARM-RX] [CAN][TX] write failed id=0x00000500 dlc=2 err=60003
[13:06:34.864] [ARM-RX] [CAN][write_fail] status=0x000000A8 tx_err=128 rx_err=0 err_code=0x00000401
[13:06:34.865] [ARM-RX] CAN Send chunk for Motor ID 5 failed with err
[13:06:34.901] [ARM-RX] : 60003
[13:06:34.902] [ARM-RX] batch angle read timeout/missing mask=0x1F elapsed=89 ms
[13:06:34.902] [ARM-RX] [CAN][TX] write failed id=0x00000100 dlc=7 err=60003
[13:06:34.902] [ARM-RX] [CAN][write_fail] status=0x000000A8 tx_err=128 rx_err=0 err_code=0x00000401
[13:06:34.902] [ARM-RX] CAN Send chunk for Motor ID 1 failed with err: 60003
[13:06:34.903] [ARM-RX] [CAN
[13:06:34.923] [ARM-RX] ][TX] write failed id=0x00000200 dlc=7 err=60003
[13:06:34.923] [ARM-RX] [CAN][write_fail] status=0x000000A8 tx_err=128 rx_err=0 err_code=0x00000401
[13:06:34.923] [ARM-RX] CAN Send chunk for Motor ID 2 failed with err: 60003
[13:06:34.924] [ARM-RX] [CAN][TX] write failed id=0x00000300 dlc=7 err=60003
[13:06:34.924] [ARM-RX] [CAN][write_fail] sta
[13:06:34.944] [ARM-RX] tus=0x000000A8 tx_err=128 rx_err=0 err_code=0x00000401
[13:06:34.944] [ARM-RX] CAN Send chunk for Motor ID 3 failed with err: 60003
[13:06:34.944] [ARM-RX] [CAN][TX] write failed id=0x00000400 dlc=7 err=60003
[13:06:34.944] [ARM-RX] [CAN][write_fail] status=0x000000A8 tx_err=128 rx_err=0 err_code=0x00000401
[13:06:34.945] [ARM-RX] CAN Send chunk
[13:06:34.968] [ARM-RX] for Motor ID 4 failed with err: 60003
[13:06:34.969] [ARM-RX] [CAN][TX] write failed id=0x00000500 dlc=7 err=60003
[13:06:34.969] [ARM-RX] [CAN][write_fail] status=0x000000A8 tx_err=128 rx_err=0 err_code=0x00000401
[13:06:34.969] [ARM-RX] CAN Send chunk for Motor ID 5 failed with err: 60003
[13:06:34.969] [ARM-RX] [CAN][TX] write failed id=0x0000
[13:06:34.986] [ARM-RX] 0100 dlc=2 err=60003
[13:06:34.986] [ARM-RX] [CAN][write_fail] status=0x000000A8 tx_err=128 rx_err=0 err_code=0x00000401
[13:06:34.986] [ARM-RX] CAN Send chunk for Motor ID 1 failed with err: 60003
[13:06:34.986] [ARM-RX] [CAN][TX] write failed id=0x00000200 dlc=2 err=60003
[13:06:34.987] [ARM-RX] [CAN][write_fail] status=0x000000A8 tx_err=128 rx
[13:06:35.007] [ARM-RX] _err=0 err_code=0x00000401
[13:06:35.007] [ARM-RX] CAN Send chunk for Motor ID 2 failed with err: 60003
[13:06:35.008] [ARM-RX] [CAN][TX] write failed id=0x00000300 dlc=2 err=60003
[13:06:35.008] [ARM-RX] [CAN][write_fail] status=0x000000A8 tx_err=128 rx_err=0 err_code=0x00000401
[13:06:35.008] [ARM-RX] CAN Send chunk for Motor ID 3 failed with e
[13:06:35.029] [ARM-RX] rr: 60003
[13:06:35.029] [ARM-RX] [CAN][TX] write failed id=0x00000400 dlc=2 err=60003
[13:06:35.030] [ARM-RX] [CAN][write_fail] status=0x000000A8 tx_err=128 rx_err=0 err_code=0x00000401
[13:06:35.030] [ARM-RX] CAN Send chunk for Motor ID 4 failed with err: 60003
[13:06:35.030] [ARM-RX] [CAN][TX] write failed id=0x00000500 dlc=2 err=60003
[13:06:35.030] [ARM-RX] [CAN][
[13:06:35.067] [ARM-RX] write_fail] status=0x000000A8 tx_err=128 rx_err=0 err_code=0x00000401
[13:06:35.067] [ARM-RX] CAN Send chunk for Motor ID 5 failed with err: 60003
[13:06:35.068] [ARM-RX] batch angle read timeout/missing mask=0x1F elapsed=89 ms
[13:06:35.068] [ARM-RX] [CAN][TX] write failed id=0x00000100 dlc=7 err=60003
[13:06:35.068] [ARM-RX] [CAN][write_fail] s
[13:06:35.087] [ARM-RX] tatus=0x000000A8 tx_err=128 rx_err=0 err_code=0x00000401
[13:06:35.087] [ARM-RX] CAN Send chunk for Motor ID 1 failed with err: 60003
[13:06:35.087] [ARM-RX] [CAN][TX] write failed id=0x00000200 dlc=7 err=60003
[13:06:35.088] [ARM-RX] [CAN][write_fail] status=0x000000A8 tx_err=128 rx_err=0 err_code=0x00000401
[13:06:35.088] [ARM-RX] CAN Send chun
[13:06:35.108] [ARM-RX] k for Motor ID 2 failed with err: 60003
[13:06:35.108] [ARM-RX] [CAN][TX] write failed id=0x00000300 dlc=7 err=60003
[13:06:35.108] [ARM-RX] [CAN][write_fail] status=0x000000A8 tx_err=128 rx_err=0 err_code=0x00000401
[13:06:35.108] [ARM-RX] CAN Send chunk for Motor ID 3 failed with err: 60003
[13:06:35.108] [ARM-RX] [CAN][TX] write failed id=0x00
[13:06:35.132] [ARM-RX] 000400 dlc=7 err=60003
[13:06:35.132] [ARM-RX] [CAN][write_fail] status=0x000000A8 tx_err=128 rx_err=0 err_code=0x00000401
[13:06:35.133] [ARM-RX] CAN Send chunk for Motor ID 4 failed with err: 60003
[13:06:35.133] [ARM-RX] [CAN][TX] write failed id=0x00000500 dlc=7 err=60003
[13:06:35.133] [ARM-RX] [CAN][write_fail] status=0x000000A8 tx_err=128
[13:06:35.151] [ARM-RX] rx_err=0 err_code=0x00000401
[13:06:35.151] [ARM-RX] CAN Send chunk for Motor ID 5 failed with err: 60003
[13:06:35.152] [ARM-RX] [CAN][TX] write failed id=0x00000100 dlc=2 err=60003
[13:06:35.152] [ARM-RX] [CAN][write_fail] status=0x000000A8 tx_err=128 rx_err=0 err_code=0x00000401
[13:06:35.152] [ARM-RX] CAN Send chunk for Motor ID 1 failed with
[13:06:35.171] [ARM-RX] err: 60003
[13:06:35.171] [ARM-RX] [CAN][TX] write failed id=0x00000200 dlc=2 err=60003
[13:06:35.171] [ARM-RX] [CAN][write_fail] status=0x000000A8 tx_err=128 rx_err=0 err_code=0x00000401
[13:06:35.172] [ARM-RX] CAN Send chunk for Motor ID 2 failed with err: 60003
[13:06:35.172] [ARM-RX] [CAN][TX] write failed id=0x00000300 dlc=2 err=60003
[13:06:35.172] [ARM-RX] [CAN
[13:06:35.192] [ARM-RX] ][write_fail] status=0x000000A8 tx_err=128 rx_err=0 err_code=0x00000401
[13:06:35.193] [ARM-RX] CAN Send chunk for Motor ID 3 failed with err: 60003
[13:06:35.193] [ARM-RX] [CAN][TX] write failed id=0x00000400 dlc=2 err=60003
[13:06:35.193] [ARM-RX] [CAN][write_fail] status=0x000000A8 tx_err=128 rx_err=0 err_code=0x00000401
[13:06:35.230] [ARM-RX] CAN Send chunk for Motor ID 4 failed with err: 60003
[13:06:35.231] [ARM-RX] [CAN][TX] write failed id=0x00000500 dlc=2 err=60003
[13:06:35.231] [ARM-RX] [CAN][write_fail] status=0x000000A8 tx_err=128 rx_err=0 err_code=0x00000401
[13:06:35.231] [ARM-RX] CAN Send chunk for Motor ID 5 failed with err: 60003
[13:06:35.231] [ARM-RX] batch angle rea
[13:06:35.253] [ARM-RX] d timeout/missing mask=0x1F elapsed=89 ms
[13:06:35.253] [ARM-RX] [CAN][TX] write failed id=0x00000100 dlc=7 err=60003
[13:06:35.253] [ARM-RX] [CAN][write_fail] status=0x000000A8 tx_err=128 rx_err=0 err_code=0x00000401
[13:06:35.253] [ARM-RX] CAN Send chunk for Motor ID 1 failed with err: 60003
[13:06:35.254] [ARM-RX] [CAN][TX] write failed id=0x
[13:06:35.273] [ARM-RX] 00000200 dlc=7 err=60003
[13:06:35.273] [ARM-RX] [CAN][write_fail] status=0x000000A8 tx_err=128 rx_err=0 err_code=0x00000401
[13:06:35.273] [ARM-RX] CAN Send chunk for Motor ID 2 failed with err: 60003
[13:06:35.273] [ARM-RX] [CAN][TX] write failed id=0x00000300 dlc=7 err=60003
[13:06:35.273] [ARM-RX] [CAN][write_fail] status=0x000000A8 tx_err=12
[13:06:35.293] [ARM-RX] 8 rx_err=0 err_code=0x00000401
[13:06:35.294] [ARM-RX] CAN Send chunk for Motor ID 3 failed with err: 60003
[13:06:35.294] [ARM-RX] [CAN][TX] write failed id=0x00000400 dlc=7 err=60003
[13:06:35.294] [ARM-RX] [CAN][write_fail] status=0x000000A8 tx_err=128 rx_err=0 err_code=0x00000401
[13:06:35.294] [ARM-RX] CAN Send chunk for Motor ID 4 failed wi
[13:06:35.314] [ARM-RX] th err: 60003
[13:06:35.315] [ARM-RX] [CAN][TX] write failed id=0x00000500 dlc=7 err=60003
[13:06:35.315] [ARM-RX] [CAN][write_fail] status=0x000000A8 tx_err=128 rx_err=0 err_code=0x00000401
[13:06:35.315] [ARM-RX] CAN Send chunk for Motor ID 5 failed with err: 60003
[13:06:35.315] [ARM-RX] [CAN][TX] write failed id=0x00000100 dlc=2 err=60003
[13:06:35.315] [ARM-RX] [C
[13:06:35.336] [ARM-RX] AN][write_fail] status=0x000000A8 tx_err=128 rx_err=0 err_code=0x00000401
[13:06:35.336] [ARM-RX] CAN Send chunk for Motor ID 1 failed with err: 60003
[13:06:35.336] [ARM-RX] [CAN][TX] write failed id=0x00000200 dlc=2 err=60003
[13:06:35.336] [ARM-RX] [CAN][write_fail] status=0x000000A8 tx_err=128 rx_err=0 err_code=0x000004
[13:06:35.358] [ARM-RX] 01
[13:06:35.359] [ARM-RX] CAN Send chunk for Motor ID 2 failed with err: 60003
[13:06:35.359] [ARM-RX] [CAN][TX] write failed id=0x00000300 dlc=2 err=60003
[13:06:35.359] [ARM-RX] [CAN][write_fail] status=0x000000A8 tx_err=128 rx_err=0 err_code=0x00000401
[13:06:35.360] [ARM-RX] CAN Send chunk for Motor ID 3 failed with err: 60003
[13:06:35.360] [ARM-RX] [CAN][TX] wri
[13:06:35.388] [ARM-RX] te failed id=0x00000400 dlc=2 err=60003
[13:06:35.390] [ARM-RX] [CAN][write_fail] status=0x000000A8 tx_err=128 rx_err=0 err_code=0x00000401
[13:06:35.390] [ARM-RX] CAN Send chunk for Motor ID 4 failed with err: 60003
[13:06:35.390] [ARM-RX] [CAN][TX] write failed id=0x00000500 dlc=2 err=60003
[13:06:35.390] [ARM-RX] [CAN][write_fail] status=0x000
[13:06:35.415] [ARM-RX] 000A8 tx_err=128 rx_err=0 err_code=0x00000401
[13:06:35.416] [ARM-RX] CAN Send chunk for Motor ID 5 failed with err: 60003
[13:06:35.416] [ARM-RX] batch angle read timeout/missing mask=0x1F elapsed=89 ms
[13:06:35.416] [ARM-RX] [CAN][TX] write failed id=0x00000100 dlc=7 err=60003
[13:06:35.416] [ARM-RX] [CAN][write_fail] status=0x000000A8 tx_err=
[13:06:35.439] [ARM-RX] 128 rx_err=0 err_code=0x00000401
[13:06:35.440] [ARM-RX] CAN Send chunk for Motor ID 1 failed with err: 60003
[13:06:35.440] [ARM-RX] [CAN][TX] write failed id=0x00000200 dlc=7 err=60003
[13:06:35.440] [ARM-RX] [CAN][write_fail] status=0x000000A8 tx_err=128 rx_err=0 err_code=0x00000401
[13:06:35.440] [ARM-RX] CAN Send chunk for Motor ID 2 failed
[13:06:35.457] [ARM-RX] with err: 60003
[13:06:35.457] [ARM-RX] [CAN][TX] write failed id=0x00000300 dlc=7 err=60003
[13:06:35.458] [ARM-RX] [CAN][write_fail] status=0x000000A8 tx_err=128 rx_err=0 err_code=0x00000401
[13:06:35.458] [ARM-RX] CAN Send chunk for Motor ID 3 failed with err: 60003
[13:06:35.458] [ARM-RX] [CAN][TX] write failed id=0x00000400 dlc=7 err=60003
[13:06:35.479] [ARM-RX] [CAN][write_fail] status=0x000000A8 tx_err=128 rx_err=0 err_code=0x00000401
[13:06:35.480] [ARM-RX] CAN Send chunk for Motor ID 4 failed with err: 60003
[13:06:35.480] [ARM-RX] [CAN][TX] write failed id=0x00000500 dlc=7 err=60003
[13:06:35.480] [ARM-RX] [CAN][write_fail] status=0x000000A8 tx_err=128 rx_err=0 err_code=0x0000
[13:06:35.500] [ARM-RX] 0401
[13:06:35.500] [ARM-RX] CAN Send chunk for Motor ID 5 failed with err: 60003
[13:06:35.501] [ARM-RX] [CAN][TX] write failed id=0x00000100 dlc=2 err=60003
[13:06:35.501] [ARM-RX] [CAN][write_fail] status=0x000000A8 tx_err=128 rx_err=0 err_code=0x00000401
[13:06:35.501] [ARM-RX] CAN Send chunk for Motor ID 1 failed with err: 60003
[13:06:35.501] [ARM-RX] [CAN][TX] w
[13:06:35.521] [ARM-RX] rite failed id=0x00000200 dlc=2 err=60003
[13:06:35.522] [ARM-RX] [CAN][write_fail] status=0x000000A8 tx_err=128 rx_err=0 err_code=0x00000401
[13:06:35.522] [ARM-RX] CAN Send chunk for Motor ID 2 failed with err: 60003
[13:06:35.522] [ARM-RX] [CAN][TX] write failed id=0x00000300 dlc=2 err=60003
[13:06:35.522] [ARM-RX] [CAN][write_fail] status=0x0
[13:06:35.554] [ARM-RX] 00000A8 tx_err=128 rx_err=0 err_code=0x00000401
[13:06:35.554] [ARM-RX] CAN Send chunk for Motor ID 3 failed with err: 60003
[13:06:35.554] [ARM-RX] [CAN][TX] write failed id=0x00000400 dlc=2 err=60003
[13:06:35.555] [ARM-RX] [CAN][write_fail] status=0x000000A8 tx_err=128 rx_err=0 err_code=0x00000401
[13:06:35.555] [ARM-RX] CAN Send chunk for Mot
[13:06:35.580] [ARM-RX] or ID 4 failed with err: 60003
[13:06:35.581] [ARM-RX] [CAN][TX] write failed id=0x00000500 dlc=2 err=60003
[13:06:35.581] [ARM-RX] [CAN][write_fail] status=0x000000A8 tx_err=128 rx_err=0 err_code=0x00000401
[13:06:35.581] [ARM-RX] CAN Send chunk for Motor ID 5 failed with err: 60003
[13:06:35.581] [ARM-RX] batch angle read timeout/missing mask=0
[13:06:35.601] [ARM-RX] x1F elapsed=89 ms
[13:06:35.601] [ARM-RX] [CAN][TX] write failed id=0x00000100 dlc=7 err=60003
[13:06:35.602] [ARM-RX] [CAN][write_fail] status=0x000000A8 tx_err=128 rx_err=0 err_code=0x00000401
[13:06:35.602] [ARM-RX] CAN Send chunk for Motor ID 1 failed with err: 60003
[13:06:35.602] [ARM-RX] [CAN][TX] write failed id=0x00000200 dlc=7 err=60003
[13:06:35.623] [ARM-RX] [CAN][write_fail] status=0x000000A8 tx_err=128 rx_err=0 err_code=0x00000401
[13:06:35.623] [ARM-RX] CAN Send chunk for Motor ID 2 failed with err: 60003
[13:06:35.623] [ARM-RX] [CAN][TX] write failed id=0x00000300 dlc=7 err=60003
[13:06:35.624] [ARM-RX] [CAN][write_fail] status=0x000000A8 tx_err=128 rx_err=0 err_code=0x00
[13:06:35.643] [ARM-RX] 000401
[13:06:35.644] [ARM-RX] CAN Send chunk for Motor ID 3 failed with err: 60003
[13:06:35.644] [ARM-RX] [CAN][TX] write failed id=0x00000400 dlc=7 err=60003
[13:06:35.644] [ARM-RX] [CAN][write_fail] status=0x000000A8 tx_err=128 rx_err=0 err_code=0x00000401
[13:06:35.644] [ARM-RX] CAN Send chunk for Motor ID 4 failed with err: 60003
[13:06:35.644] [ARM-RX] [CAN][TX]
[13:06:35.665] [ARM-RX] write failed id=0x00000500 dlc=7 err=60003
[13:06:35.665] [ARM-RX] [CAN][write_fail] status=0x000000A8 tx_err=128 rx_err=0 err_code=0x00000401
[13:06:35.665] [ARM-RX] CAN Send chunk for Motor ID 5 failed with err: 60003
[13:06:35.666] [ARM-RX] [CAN][TX] write failed id=0x00000100 dlc=2 err=60003
[13:06:35.666] [ARM-RX] [CAN][write_fail] status=0
[13:06:35.685] [ARM-RX] x000000A8 tx_err=128 rx_err=0 err_code=0x00000401
[13:06:35.686] [ARM-RX] CAN Send chunk for Motor ID 1 failed with err: 60003
[13:06:35.686] [ARM-RX] [CAN][TX] write failed id=0x00000200 dlc=2 err=60003
[13:06:35.686] [ARM-RX] [CAN][write_fail] status=0x000000A8 tx_err=128 rx_err=0 err_code=0x00000401
[13:06:35.686] [ARM-RX] CAN Send chunk for M
[13:06:35.717] [ARM-RX] otor ID 2 failed with err: 60003
[13:06:35.718] [ARM-RX] [CAN][TX] write failed id=0x00000300 dlc=2 err=60003
[13:06:35.718] [ARM-RX] [CAN][write_fail] status=0x000000A8 tx_err=128 rx_err=0 err_code=0x00000401
[13:06:35.718] [ARM-RX] CAN Send chunk for Motor ID 3 failed with err: 60003
[13:06:35.718] [ARM-RX] [CAN][TX] write failed id=0x00000400
[13:06:35.739] [ARM-RX] dlc=2 err=60003
[13:06:35.739] [ARM-RX] [CAN][write_fail] status=0x000000A8 tx_err=128 rx_err=0 err_code=0x00000401
[13:06:35.739] [ARM-RX] CAN Send chunk for Motor ID 4 failed with err: 60003
[13:06:35.739] [ARM-RX] [CAN][TX] write failed id=0x00000500 dlc=2 err=60003
[13:06:35.740] [ARM-RX] [CAN][write_fail] status=0x000000A8 tx_err=128 rx_err=
[13:06:35.766] [ARM-RX] 0 err_code=0x00000401
[13:06:35.766] [ARM-RX] CAN Send chunk for Motor ID 5 failed with err: 60003
[13:06:35.766] [ARM-RX] batch angle read timeout/missing mask=0x1F elapsed=89 ms
[13:06:35.766] [ARM-RX] [CAN][TX] write failed id=0x00000100 dlc=7 err=60003
[13:06:35.767] [ARM-RX] [CAN][write_fail] status=0x000000A8 tx_err=128 rx_err=0 err_code=0x
[13:06:35.786] [ARM-RX] 00000401
[13:06:35.786] [ARM-RX] CAN Send chunk for Motor ID 1 failed with err: 60003
[13:06:35.786] [ARM-RX] [CAN][TX] write failed id=0x00000200 dlc=7 err=60003
[13:06:35.787] [ARM-RX] [CAN][write_fail] status=0x000000A8 tx_err=128 rx_err=0 err_code=0x00000401
[13:06:35.787] [ARM-RX] CAN Send chunk for Motor ID 2 failed with err: 60003
[13:06:35.787] [ARM-RX] [CAN][T
[13:06:35.811] [ARM-RX] X] write failed id=0x00000300 dlc=7 err=60003
[13:06:35.812] [ARM-RX] [CAN][write_fail] status=0x000000A8 tx_err=128 rx_err=0 err_code=0x00000401
[13:06:35.812] [ARM-RX] CAN Send chunk for Motor ID 3 failed with err: 60003
[13:06:35.812] [ARM-RX] [CAN][TX] write failed id=0x00000400 dlc=7 err=60003
[13:06:35.812] [ARM-RX] [CAN][write_fail] status
[13:06:35.829] [ARM-RX] =0x000000A8 tx_err=128 rx_err=0 err_code=0x00000401
[13:06:35.830] [ARM-RX] CAN Send chunk for Motor ID 4 failed with err: 60003
[13:06:35.830] [ARM-RX] [CAN][TX] write failed id=0x00000500 dlc=7 err=60003
[13:06:35.830] [ARM-RX] [CAN][write_fail] status=0x000000A8 tx_err=128 rx_err=0 err_code=0x00000401
[13:06:35.830] [ARM-RX] CAN Send chunk for
[13:06:35.860] [ARM-RX] Motor ID 5 failed with err: 60003
[13:06:35.861] [ARM-RX] [CAN][TX] write failed id=0x00000100 dlc=2 err=60003
[13:06:35.861] [ARM-RX] [CAN][write_fail] status=0x000000A8 tx_err=128 rx_err=0 err_code=0x00000401
[13:06:35.861] [ARM-RX] CAN Send chunk for Motor ID 1 failed with err: 60003
[13:06:35.861] [ARM-RX] [CAN][TX] write failed id=0x0000020
[13:06:35.882] [ARM-RX] 0 dlc=2 err=60003
[13:06:35.883] [ARM-RX] [CAN][write_fail] status=0x000000A8 tx_err=128 rx_err=0 err_code=0x00000401
[13:06:35.883] [ARM-RX] CAN Send chunk for Motor ID 2 failed with err: 60003
[13:06:35.883] [ARM-RX] [CAN][TX] write failed id=0x00000300 dlc=2 err=60003
[13:06:35.883] [ARM-RX] [CAN][write_fail] status=0x000000A8 tx_err=128 rx_er
[13:06:35.907] [ARM-RX] r=0 err_code=0x00000401
[13:06:35.907] [ARM-RX] CAN Send chunk for Motor ID 3 failed with err: 60003
[13:06:35.907] [ARM-RX] [CAN][TX] write failed id=0x00000400 dlc=2 err=60003
[13:06:35.907] [ARM-RX] [CAN][write_fail] status=0x000000A8 tx_err=128 rx_err=0 err_code=0x00000401
[13:06:35.907] [ARM-RX] CAN Send chunk for Motor ID 4 failed with err:
[13:06:35.931] [ARM-RX] 60003
[13:06:35.931] [ARM-RX] [CAN][TX] write failed id=0x00000500 dlc=2 err=60003
[13:06:35.931] [ARM-RX] [CAN][write_fail] status=0x000000A8 tx_err=128 rx_err=0 err_code=0x00000401
[13:06:35.931] [ARM-RX] CAN Send chunk for Motor ID 5 failed with err: 60003
[13:06:35.931] [ARM-RX] batch angle read timeout/missing mask=0x1F elapsed=89 ms
[13:06:35.932] [ARM-RX] [CAN]
[13:06:35.952] [ARM-RX] [TX] write failed id=0x00000100 dlc=7 err=60003
[13:06:35.952] [ARM-RX] [CAN][write_fail] status=0x000000A8 tx_err=128 rx_err=0 err_code=0x00000401
[13:06:35.952] [ARM-RX] CAN Send chunk for Motor ID 1 failed with err: 60003
[13:06:35.952] [ARM-RX] [CAN][TX] write failed id=0x00000200 dlc=7 err=60003
[13:06:35.952] [ARM-RX] [CAN][write_fail] stat
[13:06:35.972] [ARM-RX] us=0x000000A8 tx_err=128 rx_err=0 err_code=0x00000401
[13:06:35.973] [ARM-RX] CAN Send chunk for Motor ID 2 failed with err: 60003
[13:06:35.973] [ARM-RX] [CAN][TX] write failed id=0x00000300 dlc=7 err=60003
[13:06:35.973] [ARM-RX] [CAN][write_fail] status=0x000000A8 tx_err=128 rx_err=0 err_code=0x00000401
[13:06:35.973] [ARM-RX] CAN Send chunk f
[13:06:35.993] [ARM-RX] or Motor ID 3 failed with err: 60003
[13:06:35.994] [ARM-RX] [CAN][TX] write failed id=0x00000400 dlc=7 err=60003
[13:06:35.994] [ARM-RX] [CAN][write_fail] status=0x000000A8 tx_err=128 rx_err=0 err_code=0x00000401
[13:06:35.994] [ARM-RX] CAN Send chunk for Motor ID 4 failed with err: 60003
[13:06:35.994] [ARM-RX] [CAN][TX] write failed id=0x00000
[13:06:36.025] [ARM-RX] 500 dlc=7 err=60003
[13:06:36.026] [ARM-RX] [CAN][write_fail] status=0x000000A8 tx_err=128 rx_err=0 err_code=0x00000401
[13:06:36.026] [ARM-RX] CAN Send chunk for Motor ID 5 failed with err: 60003
[13:06:36.026] [ARM-RX] [CAN][TX] write failed id=0x00000100 dlc=2 err=60003
[13:06:36.026] [ARM-RX] [CAN][write_fail] status=0x000000A8 tx_err=128 rx_
[13:06:36.046] [ARM-RX] err=0 err_code=0x00000401
[13:06:36.046] [ARM-RX] CAN Send chunk for Motor ID 1 failed with err: 60003
[13:06:36.047] [ARM-RX] [CAN][TX] write failed id=0x00000200 dlc=2 err=60003
[13:06:36.047] [ARM-RX] [CAN][write_fail] status=0x000000A8 tx_err=128 rx_err=0 err_code=0x00000401
[13:06:36.047] [ARM-RX] CAN Send chunk for Motor ID 2 failed with er
[13:06:36.067] [ARM-RX] r: 60003
[13:06:36.068] [ARM-RX] [CAN][TX] write failed id=0x00000300 dlc=2 err=60003
[13:06:36.068] [ARM-RX] [CAN][write_fail] status=0x000000A8 tx_err=128 rx_err=0 err_code=0x00000401
[13:06:36.068] [ARM-RX] CAN Send chunk for Motor ID 3 failed with err: 60003
[13:06:36.068] [ARM-RX] [CAN][TX] write failed id=0x00000400 dlc=2 err=60003
[13:06:36.068] [ARM-RX] [CAN][w
[13:06:36.089] [ARM-RX] rite_fail] status=0x000000A8 tx_err=128 rx_err=0 err_code=0x00000401
[13:06:36.089] [ARM-RX] CAN Send chunk for Motor ID 4 failed with err: 60003
[13:06:36.089] [ARM-RX] [CAN][TX] write failed id=0x00000500 dlc=2 err=60003
[13:06:36.090] [ARM-RX] [CAN][write_fail] status=0x000000A8 tx_err=128 rx_err=0 err_code=0x00000401
[13:06:36.094] [ARM-RX] C
[13:06:36.117] [ARM-RX] AN Send chunk for Motor ID 5 failed with err: 60003
[13:06:36.117] [ARM-RX] batch angle read timeout/missing mask=0x1F elapsed=89 ms
[13:06:36.118] [ARM-RX] [CAN][TX] write failed id=0x00000100 dlc=7 err=60003
[13:06:36.118] [ARM-RX] [CAN][write_fail] status=0x000000A8 tx_err=128 rx_err=0 err_code=0x00000401
[13:06:36.118] [ARM-RX] CAN Send chunk
[13:06:36.137] [ARM-RX] for Motor ID 1 failed with err: 60003
[13:06:36.137] [ARM-RX] [CAN][TX] write failed id=0x00000200 dlc=7 err=60003
[13:06:36.137] [ARM-RX] [CAN][write_fail] status=0x000000A8 tx_err=128 rx_err=0 err_code=0x00000401
[13:06:36.137] [ARM-RX] CAN Send chunk for Motor ID 2 failed with err: 60003
[13:06:36.137] [ARM-RX] [CAN][TX] write failed id=0x000
[13:06:36.157] [ARM-RX] 00300 dlc=7 err=60003
[13:06:36.157] [ARM-RX] [CAN][write_fail] status=0x000000A8 tx_err=128 rx_err=0 err_code=0x00000401
[13:06:36.158] [ARM-RX] CAN Send chunk for Motor ID 3 failed with err: 60003
[13:06:36.158] [ARM-RX] [CAN][TX] write failed id=0x00000400 dlc=7 err=60003
[13:06:36.158] [ARM-RX] [CAN][write_fail] status=0x000000A8 tx_err=128 r
[13:06:36.189] [ARM-RX] x_err=0 err_code=0x00000401
[13:06:36.189] [ARM-RX] CAN Send chunk for Motor ID 4 failed with err: 60003
[13:06:36.190] [ARM-RX] [CAN][TX] write failed id=0x00000500 dlc=7 err=60003
[13:06:36.190] [ARM-RX] [CAN][write_fail] status=0x000000A8 tx_err=128 rx_err=0 err_code=0x00000401
[13:06:36.190] [ARM-RX] CAN Send chunk for Motor ID 5 failed with
[13:06:36.210] [ARM-RX] err: 60003
[13:06:36.210] [ARM-RX] [CAN][TX] write failed id=0x00000100 dlc=2 err=60003
[13:06:36.211] [ARM-RX] [CAN][write_fail] status=0x000000A8 tx_err=128 rx_err=0 err_code=0x00000401
[13:06:36.211] [ARM-RX] CAN Send chunk for Motor ID 1 failed with err: 60003
[13:06:36.211] [ARM-RX] [CAN][TX] write failed id=0x00000200 dlc=2 err=60003
[13:06:36.211] [ARM-RX] [CAN]
[13:06:36.232] [ARM-RX] [write_fail] status=0x000000A8 tx_err=128 rx_err=0 err_code=0x00000401
[13:06:36.233] [ARM-RX] CAN Send chunk for Motor ID 2 failed with err: 60003
[13:06:36.233] [ARM-RX] [CAN][TX] write failed id=0x00000300 dlc=2 err=60003
[13:06:36.233] [ARM-RX] [CAN][write_fail] status=0x000000A8 tx_err=128 rx_err=0 err_code=0x00000401
[13:06:36.253] [ARM-RX] CAN Send chunk for Motor ID 3 failed with err: 60003
[13:06:36.254] [ARM-RX] [CAN][TX] write failed id=0x00000400 dlc=2 err=60003
[13:06:36.254] [ARM-RX] [CAN][write_fail] status=0x000000A8 tx_err=128 rx_err=0 err_code=0x00000401
[13:06:36.254] [ARM-RX] CAN Send chunk for Motor ID 4 failed with err: 60003
[13:06:36.254] [ARM-RX] [CAN][TX] write
[13:06:36.281] [ARM-RX] failed id=0x00000500 dlc=2 err=60003
[13:06:36.281] [ARM-RX] [CAN][write_fail] status=0x000000A8 tx_err=128 rx_err=0 err_code=0x00000401
[13:06:36.282] [ARM-RX] CAN Send chunk for Motor ID 5 failed with err: 60003
[13:06:36.282] [ARM-RX] batch angle read timeout/missing mask=0x1F elapsed=89 ms
[13:06:36.282] [ARM-RX] [CAN][TX] write failed id=0x0
[13:06:36.302] [ARM-RX] 0000100 dlc=7 err=60003
[13:06:36.302] [ARM-RX] [CAN][write_fail] status=0x000000A8 tx_err=128 rx_err=0 err_code=0x00000401
[13:06:36.302] [ARM-RX] CAN Send chunk for Motor ID 1 failed with err: 60003
[13:06:36.302] [ARM-RX] [CAN][TX] write failed id=0x00000200 dlc=7 err=60003
[13:06:36.302] [ARM-RX] [CAN][write_fail] status=0x000000A8 tx_err=128
[13:06:36.322] [ARM-RX] rx_err=0 err_code=0x00000401
[13:06:36.322] [ARM-RX] CAN Send chunk for Motor ID 2 failed with err: 60003
[13:06:36.323] [ARM-RX] [CAN][TX] write failed id=0x00000300 dlc=7 err=60003
[13:06:36.323] [ARM-RX] [CAN][write_fail] status=0x000000A8 tx_err=128 rx_err=0 err_code=0x00000401
[13:06:36.323] [ARM-RX] CAN Send chunk for Motor ID 3 failed wit
[13:06:36.355] [ARM-RX] h err: 60003
[13:06:36.355] [ARM-RX] [CAN][TX] write failed id=0x00000400 dlc=7 err=60003
[13:06:36.355] [ARM-RX] [CAN][write_fail] status=0x000000A8 tx_err=128 rx_err=0 err_code=0x00000401
[13:06:36.355] [ARM-RX] CAN Send chunk for Motor ID 4 failed with err: 60003
[13:06:36.356] [ARM-RX] [CAN][TX] write failed id=0x00000500 dlc=7 err=60003
[13:06:36.356] [ARM-RX] [CA
[13:06:36.375] [ARM-RX] N][write_fail] status=0x000000A8 tx_err=128 rx_err=0 err_code=0x00000401
[13:06:36.375] [ARM-RX] CAN Send chunk for Motor ID 5 failed with err: 60003
[13:06:36.375] [ARM-RX] [CAN][TX] write failed id=0x00000100 dlc=2 err=60003
[13:06:36.376] [ARM-RX] [CAN][write_fail] status=0x000000A8 tx_err=128 rx_err=0 err_code=0x0000040
[13:06:36.396] [ARM-RX] 1
[13:06:36.396] [ARM-RX] CAN Send chunk for Motor ID 1 failed with err: 60003
[13:06:36.396] [ARM-RX] [CAN][TX] write failed id=0x00000200 dlc=2 err=60003
[13:06:36.396] [ARM-RX] [CAN][write_fail] status=0x000000A8 tx_err=128 rx_err=0 err_code=0x00000401
[13:06:36.398] [ARM-RX] CAN Send chunk for Motor ID 2 failed with err: 60003
[13:06:36.398] [ARM-RX] [CAN][TX] writ
[13:06:36.417] [ARM-RX] e failed id=0x00000300 dlc=2 err=60003
[13:06:36.417] [ARM-RX] [CAN][write_fail] status=0x000000A8 tx_err=128 rx_err=0 err_code=0x00000401
[13:06:36.417] [ARM-RX] CAN Send chunk for Motor ID 3 failed with err: 60003
[13:06:36.419] [ARM-RX] [CAN][TX] write failed id=0x00000400 dlc=2 err=60003
[13:06:36.419] [ARM-RX] [CAN][write_fail] status=0x0000
[13:06:36.439] [ARM-RX] 00A8 tx_err=128 rx_err=0 err_code=0x00000401
[13:06:36.439] [ARM-RX] CAN Send chunk for Motor ID 4 failed with err: 60003
[13:06:36.439] [ARM-RX] [CAN][TX] write failed id=0x00000500 dlc=2 err=60003
[13:06:36.439] [ARM-RX] [CAN][write_fail] status=0x000000A8 tx_err=128 rx_err=0 err_code=0x00000401
[13:06:36.440] [ARM-RX] CAN Send chunk for Motor
[13:06:36.465] [ARM-RX] ID 5 failed with err: 60003
[13:06:36.466] [ARM-RX] batch angle read timeout/missing mask=0x1F elapsed=89 ms
[13:06:36.466] [ARM-RX] [CAN][TX] write failed id=0x00000100 dlc=7 err=60003
[13:06:36.466] [ARM-RX] [CAN][write_fail] status=0x000000A8 tx_err=128 rx_err=0 err_code=0x00000401
[13:06:36.466] [ARM-RX] CAN Send chunk for Motor ID 1 failed w
[13:06:36.497] [ARM-RX] ith err: 60003
[13:06:36.497] [ARM-RX] [CAN][TX] write failed id=0x00000200 dlc=7 err=60003
[13:06:36.498] [ARM-RX] [CAN][write_fail] status=0x000000A8 tx_err=128 rx_err=0 err_code=0x00000401
[13:06:36.498] [ARM-RX] CAN Send chunk for Motor ID 2 failed with err: 60003
[13:06:36.498] [ARM-RX] [CAN][TX] write failed id=0x00000300 dlc=7 err=60003
[13:06:36.498] [ARM-RX] [
[13:06:36.519] [ARM-RX] CAN][write_fail] status=0x000000A8 tx_err=128 rx_err=0 err_code=0x00000401
[13:06:36.519] [ARM-RX] CAN Send chunk for Motor ID 3 failed with err: 60003
[13:06:36.520] [ARM-RX] [CAN][TX] write failed id=0x00000400 dlc=7 err=60003
[13:06:36.520] [ARM-RX] [CAN][write_fail] status=0x000000A8 tx_err=128 rx_err=0 err_code=0x00000
[13:06:36.539] [ARM-RX] 401
[13:06:36.539] [ARM-RX] CAN Send chunk for Motor ID 4 failed with err: 60003
[13:06:36.540] [ARM-RX] [CAN][TX] write failed id=0x00000500 dlc=7 err=60003
[13:06:36.540] [ARM-RX] [CAN][write_fail] status=0x000000A8 tx_err=128 rx_err=0 err_code=0x00000401
[13:06:36.540] [ARM-RX] CAN Send chunk for Motor ID 5 failed with err: 60003
[13:06:36.540] [ARM-RX] [CAN][TX] wr
[13:06:36.560] [ARM-RX] ite failed id=0x00000100 dlc=2 err=60003
[13:06:36.560] [ARM-RX] [CAN][write_fail] status=0x000000A8 tx_err=128 rx_err=0 err_code=0x00000401
[13:06:36.561] [ARM-RX] CAN Send chunk for Motor ID 1 failed with err: 60003
[13:06:36.561] [ARM-RX] [CAN][TX] write failed id=0x00000200 dlc=2 err=60003
[13:06:36.561] [ARM-RX] [CAN][write_fail] status=0x00
[13:06:36.582] [ARM-RX] 0000A8 tx_err=128 rx_err=0 err_code=0x00000401
[13:06:36.583] [ARM-RX] CAN Send chunk for Motor ID 2 failed with err: 60003
[13:06:36.583] [ARM-RX] [CAN][TX] write failed id=0x00000300 dlc=2 err=60003
[13:06:36.583] [ARM-RX] [CAN][write_fail] status=0x000000A8 tx_err=128 rx_err=0 err_code=0x00000401
[13:06:36.583] [ARM-RX] CAN Send chunk for Moto
[13:06:36.603] [ARM-RX] r ID 3 failed with err: 60003
[13:06:36.604] [ARM-RX] [CAN][TX] write failed id=0x00000400 dlc=2 err=60003
[13:06:36.604] [ARM-RX] [CAN][write_fail] status=0x000000A8 tx_err=128 rx_err=0 err_code=0x00000401
[13:06:36.604] [ARM-RX] CAN Send chunk for Motor ID 4 failed with err: 60003
[13:06:36.604] [ARM-RX] [CAN][TX] write failed id=0x00000500 dlc
[13:06:36.630] [ARM-RX] =2 err=60003
[13:06:36.631] [ARM-RX] [CAN][write_fail] status=0x000000A8 tx_err=128 rx_err=0 err_code=0x00000401
[13:06:36.631] [ARM-RX] CAN Send chunk for Motor ID 5 failed with err: 60003
[13:06:36.631] [ARM-RX] batch angle read timeout/missing mask=0x1F elapsed=89 ms
[13:06:36.631] [ARM-RX] [CAN][TX] write failed id=0x00000100 dlc=7 err=60003
[13:06:36.665] [ARM-RX] [CAN][write_fail] status=0x000000A8 tx_err=128 rx_err=0 err_code=0x00000401
[13:06:36.665] [ARM-RX] CAN Send chunk for Motor ID 1 failed with err: 60003
[13:06:36.665] [ARM-RX] [CAN][TX] write failed id=0x00000200 dlc=7 err=60003
[13:06:36.665] [ARM-RX] [CAN][write_fail] status=0x000000A8 tx_err=128 rx_err=0 err_code=0x000
[13:06:36.682] [ARM-RX] 00401
[13:06:36.682] [ARM-RX] CAN Send chunk for Motor ID 2 failed with err: 60003
[13:06:36.683] [ARM-RX] [CAN][TX] write failed id=0x00000300 dlc=7 err=60003
[13:06:36.683] [ARM-RX] [CAN][write_fail] status=0x000000A8 tx_err=128 rx_err=0 err_code=0x00000401
[13:06:36.683] [ARM-RX] CAN Send chunk for Motor ID 3 failed with err: 60003
[13:06:36.683] [ARM-RX] [CAN][TX]
[13:06:36.704] [ARM-RX] write failed id=0x00000400 dlc=7 err=60003
[13:06:36.704] [ARM-RX] [CAN][write_fail] status=0x000000A8 tx_err=128 rx_err=0 err_code=0x00000401
[13:06:36.705] [ARM-RX] CAN Send chunk for Motor ID 4 failed with err: 60003
[13:06:36.705] [ARM-RX] [CAN][TX] write failed id=0x00000500 dlc=7 err=60003
[13:06:36.705] [ARM-RX] [CAN][write_fail] status=0x
[13:06:36.725] [ARM-RX] 000000A8 tx_err=128 rx_err=0 err_code=0x00000401
[13:06:36.725] [ARM-RX] CAN Send chunk for Motor ID 5 failed with err: 60003
[13:06:36.726] [ARM-RX] [CAN][TX] write failed id=0x00000100 dlc=2 err=60003
[13:06:36.726] [ARM-RX] [CAN][write_fail] status=0x000000A8 tx_err=128 rx_err=0 err_code=0x00000401
[13:06:36.726] [ARM-RX] CAN Send chunk for Mo
[13:06:36.746] [ARM-RX] tor ID 1 failed with err: 60003
[13:06:36.746] [ARM-RX] [CAN][TX] write failed id=0x00000200 dlc=2 err=60003
[13:06:36.747] [ARM-RX] [CAN][write_fail] status=0x000000A8 tx_err=128 rx_err=0 err_code=0x00000401
[13:06:36.747] [ARM-RX] CAN Send chunk for Motor ID 2 failed with err: 60003
[13:06:36.747] [ARM-RX] [CAN][TX] write failed id=0x00000300 d
[13:06:36.770] [ARM-RX] lc=2 err=60003
[13:06:36.770] [ARM-RX] [CAN][write_fail] status=0x000000A8 tx_err=128 rx_err=0 err_code=0x00000401
[13:06:36.771] [ARM-RX] CAN Send chunk for Motor ID 3 failed with err: 60003
[13:06:36.771] [ARM-RX] [CAN][TX] write failed id=0x00000400 dlc=2 err=60003
[13:06:36.771] [ARM-RX] [CAN][write_fail] status=0x000000A8 tx_err=128 rx_err=0
[13:06:36.788] [ARM-RX] err_code=0x00000401
[13:06:36.788] [ARM-RX] CAN Send chunk for Motor ID 4 failed with err: 60003
[13:06:36.788] [ARM-RX] [CAN][TX] write failed id=0x00000500 dlc=2 err=60003
[13:06:36.789] [ARM-RX] [CAN][write_fail] status=0x000000A8 tx_err=128 rx_err=0 err_code=0x00000401
[13:06:36.789] [ARM-RX] CAN Send chunk for Motor ID 5 failed with err: 60
[13:06:36.826] [ARM-RX] 003
[13:06:36.826] [ARM-RX] batch angle read timeout/missing mask=0x1F elapsed=89 ms
[13:06:36.827] [ARM-RX] [CAN][TX] write failed id=0x00000100 dlc=7 err=60003
[13:06:36.827] [ARM-RX] [CAN][write_fail] status=0x000000A8 tx_err=128 rx_err=0 err_code=0x00000401
[13:06:36.827] [ARM-RX] CAN Send chunk for Motor ID 1 failed with err: 60003
[13:06:36.827] [ARM-RX] [CAN][TX
[13:06:36.847] [ARM-RX] ] write failed id=0x00000200 dlc=7 err=60003
[13:06:36.848] [ARM-RX] [CAN][write_fail] status=0x000000A8 tx_err=128 rx_err=0 err_code=0x00000401
[13:06:36.848] [ARM-RX] CAN Send chunk for Motor ID 2 failed with err: 60003
[13:06:36.848] [ARM-RX] [CAN][TX] write failed id=0x00000300 dlc=7 err=60003
[13:06:36.848] [ARM-RX] [CAN][write_fail] status=
[13:06:36.869] [ARM-RX] 0x000000A8 tx_err=128 rx_err=0 err_code=0x00000401
[13:06:36.869] [ARM-RX] CAN Send chunk for Motor ID 3 failed with err: 60003
[13:06:36.869] [ARM-RX] [CAN][TX] write failed id=0x00000400 dlc=7 err=60003
[13:06:36.869] [ARM-RX] [CAN][write_fail] status=0x000000A8 tx_err=128 rx_err=0 err_code=0x00000401
[13:06:36.870] [ARM-RX] CAN Send chunk for
[13:06:36.889] [ARM-RX] Motor ID 4 failed with err: 60003
[13:06:36.890] [ARM-RX] [CAN][TX] write failed id=0x00000500 dlc=7 err=60003
[13:06:36.890] [ARM-RX] [CAN][write_fail] status=0x000000A8 tx_err=128 rx_err=0 err_code=0x00000401
[13:06:36.890] [ARM-RX] CAN Send chunk for Motor ID 5 failed with err: 60003
[13:06:36.890] [ARM-RX] [CAN][TX] write failed id=0x00000100
[13:06:36.910] [ARM-RX] dlc=2 err=60003
[13:06:36.910] [ARM-RX] [CAN][write_fail] status=0x000000A8 tx_err=128 rx_err=0 err_code=0x00000401
[13:06:36.911] [ARM-RX] CAN Send chunk for Motor ID 1 failed with err: 60003
[13:06:36.911] [ARM-RX] [CAN][TX] write failed id=0x00000200 dlc=2 err=60003
[13:06:36.911] [ARM-RX] [CAN][write_fail] status=0x000000A8 tx_err=128 rx_err
[13:06:36.932] [ARM-RX] =0 err_code=0x00000401
[13:06:36.933] [ARM-RX] CAN Send chunk for Motor ID 2 failed with err: 60003
[13:06:36.933] [ARM-RX] [CAN][TX] write failed id=0x00000300 dlc=2 err=60003
[13:06:36.933] [ARM-RX] [CAN][write_fail] status=0x000000A8 tx_err=128 rx_err=0 err_code=0x00000401
[13:06:36.933] [ARM-RX] CAN Send chunk for Motor ID 3 failed with err:
[13:06:36.953] [ARM-RX] 60003
[13:06:36.953] [ARM-RX] [CAN][TX] write failed id=0x00000400 dlc=2 err=60003
[13:06:36.953] [ARM-RX] [CAN][write_fail] status=0x000000A8 tx_err=128 rx_err=0 err_code=0x00000401
[13:06:36.954] [ARM-RX] CAN Send chunk for Motor ID 4 failed with err: 60003
[13:06:36.954] [ARM-RX] [CAN][TX] write failed id=0x00000500 dlc=2 err=60003
[13:06:36.954] [ARM-RX] [CAN][writ
[13:06:36.990] [ARM-RX] e_fail] status=0x000000A8 tx_err=128 rx_err=0 err_code=0x00000401
[13:06:36.991] [ARM-RX] CAN Send chunk for Motor ID 5 failed with err: 60003
[13:06:36.991] [ARM-RX] batch angle read timeout/missing mask=0x1F elapsed=89 ms
[13:06:36.991] [ARM-RX] [CAN][TX] write failed id=0x00000100 dlc=7 err=60003
[13:06:36.991] [ARM-RX] [CAN][write_fail] statu
[13:06:37.013] [ARM-RX] s=0x000000A8 tx_err=128 rx_err=0 err_code=0x00000401
[13:06:37.013] [ARM-RX] CAN Send chunk for Motor ID 1 failed with err: 60003
[13:06:37.013] [ARM-RX] [CAN][TX] write failed id=0x00000200 dlc=7 err=60003
[13:06:37.014] [ARM-RX] [CAN][write_fail] status=0x000000A8 tx_err=128 rx_err=0 err_code=0x00000401
[13:06:37.014] [ARM-RX] CAN Send chunk fo
[13:06:37.032] [ARM-RX] r Motor ID 2 failed with err: 60003
[13:06:37.032] [ARM-RX] [CAN][TX] write failed id=0x00000300 dlc=7 err=60003
[13:06:37.032] [ARM-RX] [CAN][write_fail] status=0x000000A8 tx_err=128 rx_err=0 err_code=0x00000401
[13:06:37.032] [ARM-RX] CAN Send chunk for Motor ID 3 failed with err: 60003
[13:06:37.034] [ARM-RX] [CAN][TX] write failed id=0x000004
[13:06:37.054] [ARM-RX] 00 dlc=7 err=60003
[13:06:37.055] [ARM-RX] [CAN][write_fail] status=0x000000A8 tx_err=128 rx_err=0 err_code=0x00000401
[13:06:37.055] [ARM-RX] CAN Send chunk for Motor ID 4 failed with err: 60003
[13:06:37.055] [ARM-RX] [CAN][TX] write failed id=0x00000500 dlc=7 err=60003
[13:06:37.055] [ARM-RX] [CAN][write_fail] status=0x000000A8 tx_err=128 rx_e
[13:06:37.077] [ARM-RX] rr=0 err_code=0x00000401
[13:06:37.077] [ARM-RX] CAN Send chunk for Motor ID 5 failed with err: 60003
[13:06:37.077] [ARM-RX] [CAN][TX] write failed id=0x00000100 dlc=2 err=60003
[13:06:37.079] [ARM-RX] [CAN][write_fail] status=0x000000A8 tx_err=128 rx_err=0 err_code=0x00000401
[13:06:37.079] [ARM-RX] CAN Send chunk for Motor ID 1 failed with err
[13:06:37.096] [ARM-RX] : 60003
[13:06:37.096] [ARM-RX] [CAN][TX] write failed id=0x00000200 dlc=2 err=60003
[13:06:37.097] [ARM-RX] [CAN][write_fail] status=0x000000A8 tx_err=128 rx_err=0 err_code=0x00000401
[13:06:37.097] [ARM-RX] CAN Send chunk for Motor ID 2 failed with err: 60003
[13:06:37.097] [ARM-RX] [CAN][TX] write failed id=0x00000300 dlc=2 err=60003
[13:06:37.097] [ARM-RX] [CAN][wr
[13:06:37.118] [ARM-RX] ite_fail] status=0x000000A8 tx_err=128 rx_err=0 err_code=0x00000401
[13:06:37.118] [ARM-RX] CAN Send chunk for Motor ID 3 failed with err: 60003
[13:06:37.118] [ARM-RX] [CAN][TX] write failed id=0x00000400 dlc=2 err=60003
[13:06:37.118] [ARM-RX] [CAN][write_fail] status=0x000000A8 tx_err=128 rx_err=0 err_code=0x00000401
[13:06:37.119] [ARM-RX] CA
[13:06:37.155] [ARM-RX] N Send chunk for Motor ID 4 failed with err: 60003
[13:06:37.155] [ARM-RX] [CAN][TX] write failed id=0x00000500 dlc=2 err=60003
[13:06:37.155] [ARM-RX] [CAN][write_fail] status=0x000000A8 tx_err=128 rx_err=0 err_code=0x00000401
[13:06:37.156] [ARM-RX] CAN Send chunk for Motor ID 5 failed with err: 60003
[13:06:37.156] [ARM-RX] batch angle read ti
[13:06:37.177] [ARM-RX] meout/missing mask=0x1F elapsed=89 ms
[13:06:37.177] [ARM-RX] [CAN][TX] write failed id=0x00000100 dlc=7 err=60003
[13:06:37.177] [ARM-RX] [CAN][write_fail] status=0x000000A8 tx_err=128 rx_err=0 err_code=0x00000401
[13:06:37.177] [ARM-RX] CAN Send chunk for Motor ID 1 failed with err: 60003
[13:06:37.178] [ARM-RX] [CAN][TX] write failed id=0x0000
[13:06:37.197] [ARM-RX] 0200 dlc=7 err=60003
[13:06:37.197] [ARM-RX] [CAN][write_fail] status=0x000000A8 tx_err=128 rx_err=0 err_code=0x00000401
[13:06:37.198] [ARM-RX] CAN Send chunk for Motor ID 2 failed with err: 60003
[13:06:37.198] [ARM-RX] [CAN][TX] write failed id=0x00000300 dlc=7 err=60003
[13:06:37.198] [ARM-RX] [CAN][write_fail] status=0x000000A8 tx_err=128 rx
[13:06:37.223] [ARM-RX] _err=0 err_code=0x00000401
[13:06:37.223] [ARM-RX] CAN Send chunk for Motor ID 3 failed with err: 60003
[13:06:37.223] [ARM-RX] [CAN][TX] write failed id=0x00000400 dlc=7 err=60003
[13:06:37.224] [ARM-RX] [CAN][write_fail] status=0x000000A8 tx_err=128 rx_err=0 err_code=0x00000401
[13:06:37.224] [ARM-RX] CAN Send chunk for Motor ID 4 failed with e
[13:06:37.239] [ARM-RX] rr: 60003
[13:06:37.240] [ARM-RX] [CAN][TX] write failed id=0x00000500 dlc=7 err=60003
[13:06:37.240] [ARM-RX] [CAN][write_fail] status=0x000000A8 tx_err=128 rx_err=0 err_code=0x00000401
[13:06:37.240] [ARM-RX] CAN Send chunk for Motor ID 5 failed with err: 60003
[13:06:37.240] [ARM-RX] [CAN][TX] write failed id=0x00000100 dlc=2 err=60003
[13:06:37.240] [ARM-RX] [CAN][
[13:06:37.260] [ARM-RX] write_fail] status=0x000000A8 tx_err=128 rx_err=0 err_code=0x00000401
[13:06:37.260] [ARM-RX] CAN Send chunk for Motor ID 1 failed with err: 60003
[13:06:37.260] [ARM-RX] [CAN][TX] write failed id=0x00000200 dlc=2 err=60003
[13:06:37.261] [ARM-RX] [CAN][write_fail] status=0x000000A8 tx_err=128 rx_err=0 err_code=0x00000401
[13:06:37.282] [ARM-RX] CAN Send chunk for Motor ID 2 failed with err: 60003
[13:06:37.283] [ARM-RX] [CAN][TX] write failed id=0x00000300 dlc=2 err=60003
[13:06:37.283] [ARM-RX] [CAN][write_fail] status=0x000000A8 tx_err=128 rx_err=0 err_code=0x00000401
[13:06:37.283] [ARM-RX] CAN Send chunk for Motor ID 3 failed with err: 60003
[13:06:37.283] [ARM-RX] [CAN][TX] write f
[13:06:37.313] [ARM-RX] ailed id=0x00000400 dlc=2 err=60003
[13:06:37.314] [ARM-RX] [CAN][write_fail] status=0x000000A8 tx_err=128 rx_err=0 err_code=0x00000401
[13:06:37.314] [ARM-RX] CAN Send chunk for Motor ID 4 failed with err: 60003
[13:06:37.314] [ARM-RX] [CAN][TX] write failed id=0x00000500 dlc=2 err=60003
[13:06:37.315] [ARM-RX] [CAN][write_fail] status=0x000000A
[13:06:37.340] [ARM-RX] 8 tx_err=128 rx_err=0 err_code=0x00000401
[13:06:37.341] [ARM-RX] CAN Send chunk for Motor ID 5 failed with err: 60003
[13:06:37.341] [ARM-RX] batch angle read timeout/missing mask=0x1F elapsed=89 ms
[13:06:37.341] [ARM-RX] [CAN][TX] write failed id=0x00000100 dlc=7 err=60003
[13:06:37.341] [ARM-RX] [CAN][write_fail] status=0x000000A8 tx_err=128
[13:06:37.361] [ARM-RX] rx_err=0 err_code=0x00000401
[13:06:37.362] [ARM-RX] CAN Send chunk for Motor ID 1 failed with err: 60003
[13:06:37.362] [ARM-RX] [CAN][TX] write failed id=0x00000200 dlc=7 err=60003
[13:06:37.362] [ARM-RX] [CAN][write_fail] status=0x000000A8 tx_err=128 rx_err=0 err_code=0x00000401
[13:06:37.362] [ARM-RX] CAN Send chunk for Motor ID 2 failed with
[13:06:37.384] [ARM-RX] err: 60003
[13:06:37.384] [ARM-RX] [CAN][TX] write failed id=0x00000300 dlc=7 err=60003
[13:06:37.385] [ARM-RX] [CAN][write_fail] status=0x000000A8 tx_err=128 rx_err=0 err_code=0x00000401
[13:06:37.385] [ARM-RX] CAN Send chunk for Motor ID 3 failed with err: 60003
[13:06:37.385] [ARM-RX] [CAN][TX] write failed id=0x00000400 dlc=7 err=60003
[13:06:37.385] [ARM-RX] [CAN
[13:06:37.404] [ARM-RX] ][write_fail] status=0x000000A8 tx_err=128 rx_err=0 err_code=0x00000401
[13:06:37.404] [ARM-RX] CAN Send chunk for Motor ID 4 failed with err: 60003
[13:06:37.405] [ARM-RX] [CAN][TX] write failed id=0x00000500 dlc=7 err=60003
[13:06:37.405] [ARM-RX] [CAN][write_fail] status=0x000000A8 tx_err=128 rx_err=0 err_code=0x00000401
[13:06:37.425] [ARM-RX] CAN Send chunk for Motor ID 5 failed with err: 60003
[13:06:37.425] [ARM-RX] [CAN][TX] write failed id=0x00000100 dlc=2 err=60003
[13:06:37.426] [ARM-RX] [CAN][write_fail] status=0x000000A8 tx_err=128 rx_err=0 err_code=0x00000401
[13:06:37.426] [ARM-RX] CAN Send chunk for Motor ID 1 failed with err: 60003
[13:06:37.426] [ARM-RX] [CAN][TX] write
[13:06:37.447] [ARM-RX] failed id=0x00000200 dlc=2 err=60003
[13:06:37.447] [ARM-RX] [CAN][write_fail] status=0x000000A8 tx_err=128 rx_err=0 err_code=0x00000401
[13:06:37.447] [ARM-RX] CAN Send chunk for Motor ID 2 failed with err: 60003
[13:06:37.447] [ARM-RX] [CAN][TX] write failed id=0x00000300 dlc=2 err=60003
[13:06:37.448] [ARM-RX] [CAN][write_fail] status=0x00000
[13:06:37.478] [ARM-RX] 0A8 tx_err=128 rx_err=0 err_code=0x00000401
[13:06:37.479] [ARM-RX] CAN Send chunk for Motor ID 3 failed with err: 60003
[13:06:37.479] [ARM-RX] [CAN][TX] write failed id=0x00000400 dlc=2 err=60003
[13:06:37.479] [ARM-RX] [CAN][write_fail] status=0x000000A8 tx_err=128 rx_err=0 err_code=0x00000401
[13:06:37.479] [ARM-RX] CAN Send chunk for Motor I
[13:06:37.505] [ARM-RX] D 4 failed with err: 60003
[13:06:37.506] [ARM-RX] [CAN][TX] write failed id=0x00000500 dlc=2 err=60003
[13:06:37.506] [ARM-RX] [CAN][write_fail] status=0x000000A8 tx_err=128 rx_err=0 err_code=0x00000401
[13:06:37.506] [ARM-RX] CAN Send chunk for Motor ID 5 failed with err: 60003
[13:06:37.506] [ARM-RX] batch angle read timeout/missing mask=0x1F
[13:06:37.526] [ARM-RX] elapsed=89 ms
[13:06:37.527] [ARM-RX] [CAN][TX] write failed id=0x00000100 dlc=7 err=60003
[13:06:37.527] [ARM-RX] [CAN][write_fail] status=0x000000A8 tx_err=128 rx_err=0 err_code=0x00000401
[13:06:37.527] [ARM-RX] CAN Send chunk for Motor ID 1 failed with err: 60003
[13:06:37.527] [ARM-RX] [CAN][TX] write failed id=0x00000200 dlc=7 err=60003
[13:06:37.528] [ARM-RX] [C
[13:06:37.547] [ARM-RX] AN][write_fail] status=0x000000A8 tx_err=128 rx_err=0 err_code=0x00000401
[13:06:37.548] [ARM-RX] CAN Send chunk for Motor ID 2 failed with err: 60003
[13:06:37.548] [ARM-RX] [CAN][TX] write failed id=0x00000300 dlc=7 err=60003
[13:06:37.548] [ARM-RX] [CAN][write_fail] status=0x000000A8 tx_err=128 rx_err=0 err_code=0x000004
[13:06:37.568] [ARM-RX] 01
[13:06:37.569] [ARM-RX] CAN Send chunk for Motor ID 3 failed with err: 60003
[13:06:37.569] [ARM-RX] [CAN][TX] write failed id=0x00000400 dlc=7 err=60003
[13:06:37.569] [ARM-RX] [CAN][write_fail] status=0x000000A8 tx_err=128 rx_err=0 err_code=0x00000401
[13:06:37.569] [ARM-RX] CAN Send chunk for Motor ID 4 failed with err: 60003
[13:06:37.569] [ARM-RX] [CAN][TX] wri
[13:06:37.590] [ARM-RX] te failed id=0x00000500 dlc=7 err=60003
[13:06:37.590] [ARM-RX] [CAN][write_fail] status=0x000000A8 tx_err=128 rx_err=0 err_code=0x00000401
[13:06:37.591] [ARM-RX] CAN Send chunk for Motor ID 5 failed with err: 60003
[13:06:37.591] [ARM-RX] [CAN][TX] write failed id=0x00000100 dlc=2 err=60003
[13:06:37.591] [ARM-RX] [CAN][write_fail] status=0x000
[13:06:37.621] [ARM-RX] 000A8 tx_err=128 rx_err=0 err_code=0x00000401
[13:06:37.622] [ARM-RX] CAN Send chunk for Motor ID 1 failed with err: 60003
[13:06:37.622] [ARM-RX] [CAN][TX] write failed id=0x00000200 dlc=2 err=60003
[13:06:37.622] [ARM-RX] [CAN][write_fail] status=0x000000A8 tx_err=128 rx_err=0 err_code=0x00000401
[13:06:37.623] [ARM-RX] CAN Send chunk for Motor
[13:06:37.642] [ARM-RX] ID 2 failed with err: 60003
[13:06:37.643] [ARM-RX] [CAN][TX] write failed id=0x00000300 dlc=2 err=60003
[13:06:37.643] [ARM-RX] [CAN][write_fail] status=0x000000A8 tx_err=128 rx_err=0 err_code=0x00000401
[13:06:37.643] [ARM-RX] CAN Send chunk for Motor ID 3 failed with err: 60003
[13:06:37.643] [ARM-RX] [CAN][TX] write failed id=0x00000400 dlc=
[13:06:37.664] [ARM-RX] 2 err=60003
[13:06:37.664] [ARM-RX] [CAN][write_fail] status=0x000000A8 tx_err=128 rx_err=0 err_code=0x00000401
[13:06:37.664] [ARM-RX] CAN Send chunk for Motor ID 4 failed with err: 60003
[13:06:37.665] [ARM-RX] [CAN][TX] write failed id=0x00000500 dlc=2 err=60003
[13:06:37.665] [ARM-RX] [CAN][write_fail] status=0x000000A8 tx_err=128 rx_err=0 er
[13:06:37.692] [ARM-RX] r_code=0x00000401
[13:06:37.692] [ARM-RX] CAN Send chunk for Motor ID 5 failed with err: 60003
[13:06:37.692] [ARM-RX] batch angle read timeout/missing mask=0x1F elapsed=89 ms
[13:06:37.693] [ARM-RX] [CAN][TX] write failed id=0x00000100 dlc=7 err=60003
[13:06:37.693] [ARM-RX] [CAN][write_fail] status=0x000000A8 tx_err=128 rx_err=0 err_code=0x0000
[13:06:37.711] [ARM-RX] 0401
[13:06:37.712] [ARM-RX] CAN Send chunk for Motor ID 1 failed with err: 60003
[13:06:37.712] [ARM-RX] [CAN][TX] write failed id=0x00000200 dlc=7 err=60003
[13:06:37.712] [ARM-RX] [CAN][write_fail] status=0x000000A8 tx_err=128 rx_err=0 err_code=0x00000401
[13:06:37.712] [ARM-RX] CAN Send chunk for Motor ID 2 failed with err: 60003
[13:06:37.713] [ARM-RX] [CAN][TX] w
[13:06:37.732] [ARM-RX] rite failed id=0x00000300 dlc=7 err=60003
[13:06:37.732] [ARM-RX] [CAN][write_fail] status=0x000000A8 tx_err=128 rx_err=0 err_code=0x00000401
[13:06:37.733] [ARM-RX] CAN Send chunk for Motor ID 3 failed with err: 60003
[13:06:37.733] [ARM-RX] [CAN][TX] write failed id=0x00000400 dlc=7 err=60003
[13:06:37.733] [ARM-RX] [CAN][write_fail] status=0x0
[13:06:37.755] [ARM-RX] 00000A8 tx_err=128 rx_err=0 err_code=0x00000401
[13:06:37.755] [ARM-RX] CAN Send chunk for Motor ID 4 failed with err: 60003
[13:06:37.755] [ARM-RX] [CAN][TX] write failed id=0x00000500 dlc=7 err=60003
[13:06:37.755] [ARM-RX] [CAN][write_fail] status=0x000000A8 tx_err=128 rx_err=0 err_code=0x00000401
[13:06:37.755] [ARM-RX] CAN Send chunk for Mot
[13:06:37.786] [ARM-RX] or ID 5 failed with err: 60003
[13:06:37.786] [ARM-RX] [CAN][TX] write failed id=0x00000100 dlc=2 err=60003
[13:06:37.786] [ARM-RX] [CAN][write_fail] status=0x000000A8 tx_err=128 rx_err=0 err_code=0x00000401
[13:06:37.786] [ARM-RX] CAN Send chunk for Motor ID 1 failed with err: 60003
[13:06:37.786] [ARM-RX] [CAN][TX] write failed id=0x00000200 dl
[13:06:37.807] [ARM-RX] c=2 err=60003
[13:06:37.808] [ARM-RX] [CAN][write_fail] status=0x000000A8 tx_err=128 rx_err=0 err_code=0x00000401
[13:06:37.808] [ARM-RX] CAN Send chunk for Motor ID 2 failed with err: 60003
[13:06:37.808] [ARM-RX] [CAN][TX] write failed id=0x00000300 dlc=2 err=60003
[13:06:37.809] [ARM-RX] [CAN][write_fail] status=0x000000A8 tx_err=128 rx_err=0
[13:06:37.828] [ARM-RX] err_code=0x00000401
[13:06:37.828] [ARM-RX] CAN Send chunk for Motor ID 3 failed with err: 60003
[13:06:37.829] [ARM-RX] [CAN][TX] write failed id=0x00000400 dlc=2 err=60003
[13:06:37.829] [ARM-RX] [CAN][write_fail] status=0x000000A8 tx_err=128 rx_err=0 err_code=0x00000401
[13:06:37.829] [ARM-RX] CAN Send chunk for Motor ID 4 failed with err: 600
[13:06:37.854] [ARM-RX] 03
[13:06:37.854] [ARM-RX] [CAN][TX] write failed id=0x00000500 dlc=2 err=60003
[13:06:37.855] [ARM-RX] [CAN][write_fail] status=0x000000A8 tx_err=128 rx_err=0 err_code=0x00000401
[13:06:37.855] [ARM-RX] CAN Send chunk for Motor ID 5 failed with err: 60003
[13:06:37.855] [ARM-RX] batch angle read timeout/missing mask=0x1F elapsed=89 ms
[13:06:37.855] [ARM-RX] [CAN][TX]
[13:06:37.876] [ARM-RX] write failed id=0x00000100 dlc=7 err=60003
[13:06:37.876] [ARM-RX] [CAN][write_fail] status=0x000000A8 tx_err=128 rx_err=0 err_code=0x00000401
[13:06:37.876] [ARM-RX] CAN Send chunk for Motor ID 1 failed with err: 60003
[13:06:37.877] [ARM-RX] [CAN][TX] write failed id=0x00000200 dlc=7 err=60003
[13:06:37.877] [ARM-RX] [CAN][write_fail] status=0
[13:06:37.897] [ARM-RX] x000000A8 tx_err=128 rx_err=0 err_code=0x00000401
[13:06:37.897] [ARM-RX] CAN Send chunk for Motor ID 2 failed with err: 60003
[13:06:37.897] [ARM-RX] [CAN][TX] write failed id=0x00000300 dlc=7 err=60003
[13:06:37.898] [ARM-RX] [CAN][write_fail] status=0x000000A8 tx_err=128 rx_err=0 err_code=0x00000401
[13:06:37.898] [ARM-RX] CAN Send chunk for M
[13:06:37.918] [ARM-RX] otor ID 3 failed with err: 60003
[13:06:37.918] [ARM-RX] [CAN][TX] write failed id=0x00000400 dlc=7 err=60003
[13:06:37.919] [ARM-RX] [CAN][write_fail] status=0x000000A8 tx_err=128 rx_err=0 err_code=0x00000401
[13:06:37.919] [ARM-RX] CAN Send chunk for Motor ID 4 failed with err: 60003
[13:06:37.919] [ARM-RX] [CAN][TX] write failed id=0x00000500
[13:06:37.950] [ARM-RX] dlc=7 err=60003
[13:06:37.950] [ARM-RX] [CAN][write_fail] status=0x000000A8 tx_err=128 rx_err=0 err_code=0x00000401
[13:06:37.950] [ARM-RX] CAN Send chunk for Motor ID 5 failed with err: 60003
[13:06:37.950] [ARM-RX] [CAN][TX] write failed id=0x00000100 dlc=2 err=60003
[13:06:37.952] [ARM-RX] [CAN][write_fail] status=0x000000A8 tx_err=128 rx_err=
[13:06:37.972] [ARM-RX] 0 err_code=0x00000401
[13:06:37.972] [ARM-RX] CAN Send chunk for Motor ID 1 failed with err: 60003
[13:06:37.972] [ARM-RX] [CAN][TX] write failed id=0x00000200 dlc=2 err=60003
[13:06:37.973] [ARM-RX] [CAN][write_fail] status=0x000000A8 tx_err=128 rx_err=0 err_code=0x00000401
[13:06:37.973] [ARM-RX] CAN Send chunk for Motor ID 2 failed with err: 6
[13:06:37.992] [ARM-RX] 0003
[13:06:37.992] [ARM-RX] [CAN][TX] write failed id=0x00000300 dlc=2 err=60003
[13:06:37.993] [ARM-RX] [CAN][write_fail] status=0x000000A8 tx_err=128 rx_err=0 err_code=0x00000401
[13:06:37.993] [ARM-RX] CAN Send chunk for Motor ID 3 failed with err: 60003
[13:06:37.993] [ARM-RX] [CAN][TX] write failed id=0x00000400 dlc=2 err=60003
[13:06:37.993] [ARM-RX] [CAN][write
[13:06:38.013] [ARM-RX] _fail] status=0x000000A8 tx_err=128 rx_err=0 err_code=0x00000401
[13:06:38.014] [ARM-RX] CAN Send chunk for Motor ID 4 failed with err: 60003
[13:06:38.014] [ARM-RX] [CAN][TX] write failed id=0x00000500 dlc=2 err=60003
[13:06:38.014] [ARM-RX] [CAN][write_fail] status=0x000000A8 tx_err=128 rx_err=0 err_code=0x00000401
[13:06:38.015] [ARM-RX] CAN S
[13:06:38.040] [ARM-RX] end chunk for Motor ID 5 failed with err: 60003
[13:06:38.040] [ARM-RX] batch angle read timeout/missing mask=0x1F elapsed=89 ms
[13:06:38.040] [ARM-RX] [CAN][TX] write failed id=0x00000100 dlc=7 err=60003
[13:06:38.041] [ARM-RX] [CAN][write_fail] status=0x000000A8 tx_err=128 rx_err=0 err_code=0x00000401
[13:06:38.041] [ARM-RX] CAN Send chunk for
[13:06:38.065] [ARM-RX] Motor ID 1 failed with err: 60003
[13:06:38.065] [ARM-RX] [CAN][TX] write failed id=0x00000200 dlc=7 err=60003
[13:06:38.065] [ARM-RX] [CAN][write_fail] status=0x000000A8 tx_err=128 rx_err=0 err_code=0x00000401
[13:06:38.066] [ARM-RX] CAN Send chunk for Motor ID 2 failed with err: 60003
[13:06:38.066] [ARM-RX] [CAN][TX] write failed id=0x0000030
[13:06:38.082] [ARM-RX] 0 dlc=7 err=60003
[13:06:38.083] [ARM-RX] [CAN][write_fail] status=0x000000A8 tx_err=128 rx_err=0 err_code=0x00000401
[13:06:38.083] [ARM-RX] CAN Send chunk for Motor ID 3 failed with err: 60003
[13:06:38.083] [ARM-RX] [CAN][TX] write failed id=0x00000400 dlc=7 err=60003
[13:06:38.083] [ARM-RX] [CAN][write_fail] status=0x000000A8 tx_err=128 rx_er
[13:06:38.115] [ARM-RX] r=0 err_code=0x00000401
[13:06:38.115] [ARM-RX] CAN Send chunk for Motor ID 4 failed with err: 60003
[13:06:38.115] [ARM-RX] [CAN][TX] write failed id=0x00000500 dlc=7 err=60003
[13:06:38.116] [ARM-RX] [CAN][write_fail] status=0x000000A8 tx_err=128 rx_err=0 err_code=0x00000401
[13:06:38.116] [ARM-RX] CAN Send chunk for Motor ID 5 failed with err:
[13:06:38.135] [ARM-RX] 60003
[13:06:38.136] [ARM-RX] [CAN][TX] write failed id=0x00000100 dlc=2 err=60003
[13:06:38.136] [ARM-RX] [CAN][write_fail] status=0x000000A8 tx_err=128 rx_err=0 err_code=0x00000401
[13:06:38.137] [ARM-RX] CAN Send chunk for Motor ID 1 failed with err: 60003
[13:06:38.137] [ARM-RX] [CAN][TX] write failed id=0x00000200 dlc=2 err=60003
[13:06:38.137] [ARM-RX] [CAN][wri
[13:06:38.158] [ARM-RX] te_fail] status=0x000000A8 tx_err=128 rx_err=0 err_code=0x00000401
[13:06:38.158] [ARM-RX] CAN Send chunk for Motor ID 2 failed with err: 60003
[13:06:38.158] [ARM-RX] [CAN][TX] write failed id=0x00000300 dlc=2 err=60003
[13:06:38.158] [ARM-RX] [CAN][write_fail] status=0x000000A8 tx_err=128 rx_err=0 err_code=0x00000401
[13:06:38.159] [ARM-RX] CAN
[13:06:38.179] [ARM-RX] Send chunk for Motor ID 3 failed with err: 60003
[13:06:38.179] [ARM-RX] [CAN][TX] write failed id=0x00000400 dlc=2 err=60003
[13:06:38.179] [ARM-RX] [CAN][write_fail] status=0x000000A8 tx_err=128 rx_err=0 err_code=0x00000401
[13:06:38.179] [ARM-RX] CAN Send chunk for Motor ID 4 failed with err: 60003
[13:06:38.180] [ARM-RX] [CAN][TX] write fail
[13:06:38.205] [ARM-RX] ed id=0x00000500 dlc=2 err=60003
[13:06:38.205] [ARM-RX] [CAN][write_fail] status=0x000000A8 tx_err=128 rx_err=0 err_code=0x00000401
[13:06:38.205] [ARM-RX] CAN Send chunk for Motor ID 5 failed with err: 60003
[13:06:38.205] [ARM-RX] batch angle read timeout/missing mask=0x1F elapsed=89 ms
[13:06:38.206] [ARM-RX] [CAN][TX] write failed id=0x00000
[13:06:38.227] [ARM-RX] 100 dlc=7 err=60003
[13:06:38.227] [ARM-RX] [CAN][write_fail] status=0x000000A8 tx_err=128 rx_err=0 err_code=0x00000401
[13:06:38.227] [ARM-RX] CAN Send chunk for Motor ID 1 failed with err: 60003
[13:06:38.228] [ARM-RX] [CAN][TX] write failed id=0x00000200 dlc=7 err=60003
[13:06:38.228] [ARM-RX] [CAN][write_fail] status=0x000000A8 tx_err=128 rx_
[13:06:38.257] [ARM-RX] err=0 err_code=0x00000401
[13:06:38.257] [ARM-RX] CAN Send chunk for Motor ID 2 failed with err: 60003
[13:06:38.257] [ARM-RX] [CAN][TX] write failed id=0x00000300 dlc=7 err=60003
[13:06:38.258] [ARM-RX] [CAN][write_fail] status=0x000000A8 tx_err=128 rx_err=0 err_code=0x00000401
[13:06:38.258] [ARM-RX] CAN Send chunk for Motor ID 3 failed with er
[13:06:38.280] [ARM-RX] r: 60003
[13:06:38.281] [ARM-RX] [CAN][TX] write failed id=0x00000400 dlc=7 err=60003
[13:06:38.281] [ARM-RX] [CAN][write_fail] status=0x000000A8 tx_err=128 rx_err=0 err_code=0x00000401
[13:06:38.281] [ARM-RX] CAN Send chunk for Motor ID 4 failed with err: 60003
[13:06:38.281] [ARM-RX] [CAN][TX] write failed id=0x00000500 dlc=7 err=60003
[13:06:38.282] [ARM-RX] [CAN][w
[13:06:38.301] [ARM-RX] rite_fail] status=0x000000A8 tx_err=128 rx_err=0 err_code=0x00000401
[13:06:38.301] [ARM-RX] CAN Send chunk for Motor ID 5 failed with err: 60003
[13:06:38.302] [ARM-RX] [CAN][TX] write failed id=0x00000100 dlc=2 err=60003
[13:06:38.302] [ARM-RX] [CAN][write_fail] status=0x000000A8 tx_err=128 rx_err=0 err_code=0x00000401
[13:06:38.302] [ARM-RX] C
[13:06:38.321] [ARM-RX] AN Send chunk for Motor ID 1 failed with err: 60003
[13:06:38.321] [ARM-RX] [CAN][TX] write failed id=0x00000200 dlc=2 err=60003
[13:06:38.322] [ARM-RX] [CAN][write_fail] status=0x000000A8 tx_err=128 rx_err=0 err_code=0x00000401
[13:06:38.322] [ARM-RX] CAN Send chunk for Motor ID 2 failed with err: 60003
[13:06:38.322] [ARM-RX] [CAN][TX] write fa
[13:06:38.342] [ARM-RX] iled id=0x00000300 dlc=2 err=60003
[13:06:38.342] [ARM-RX] [CAN][write_fail] status=0x000000A8 tx_err=128 rx_err=0 err_code=0x00000401
[13:06:38.342] [ARM-RX] CAN Send chunk for Motor ID 3 failed with err: 60003
[13:06:38.343] [ARM-RX] [CAN][TX] write failed id=0x00000400 dlc=2 err=60003
[13:06:38.343] [ARM-RX] [CAN][write_fail] status=0x000000A8
[13:06:38.364] [ARM-RX] tx_err=128 rx_err=0 err_code=0x00000401
[13:06:38.364] [ARM-RX] CAN Send chunk for Motor ID 4 failed with err: 60003
[13:06:38.364] [ARM-RX] [CAN][TX] write failed id=0x00000500 dlc=2 err=60003
[13:06:38.364] [ARM-RX] [CAN][write_fail] status=0x000000A8 tx_err=128 rx_err=0 err_code=0x00000401
[13:06:38.365] [ARM-RX] CAN Send chunk for Motor ID 5
[13:06:38.390] [ARM-RX] failed with err: 60003
[13:06:38.391] [ARM-RX] batch angle read timeout/missing mask=0x1F elapsed=89 ms
[13:06:38.391] [ARM-RX] [CAN][TX] write failed id=0x00000100 dlc=7 err=60003
[13:06:38.391] [ARM-RX] [CAN][write_fail] status=0x000000A8 tx_err=128 rx_err=0 err_code=0x00000401
[13:06:38.391] [ARM-RX] CAN Send chunk for Motor ID 1 failed with
[13:06:38.423] [ARM-RX] err: 60003
[13:06:38.423] [ARM-RX] [CAN][TX] write failed id=0x00000200 dlc=7 err=60003
[13:06:38.423] [ARM-RX] [CAN][write_fail] status=0x000000A8 tx_err=128 rx_err=0 err_code=0x00000401
[13:06:38.423] [ARM-RX] CAN Send chunk for Motor ID 2 failed with err: 60003
[13:06:38.423] [ARM-RX] [CAN][TX] write failed id=0x00000300 dlc=7 err=60003
[13:06:38.424] [ARM-RX] [CAN]
[13:06:38.444] [ARM-RX] [write_fail] status=0x000000A8 tx_err=128 rx_err=0 err_code=0x00000401
[13:06:38.444] [ARM-RX] CAN Send chunk for Motor ID 3 failed with err: 60003
[13:06:38.444] [ARM-RX] [CAN][TX] write failed id=0x00000400 dlc=7 err=60003
[13:06:38.444] [ARM-RX] [CAN][write_fail] status=0x000000A8 tx_err=128 rx_err=0 err_code=0x00000401
[13:06:38.464] [ARM-RX] CAN Send chunk for Motor ID 4 failed with err: 60003
[13:06:38.465] [ARM-RX] [CAN][TX] write failed id=0x00000500 dlc=7 err=60003
[13:06:38.465] [ARM-RX] [CAN][write_fail] status=0x000000A8 tx_err=128 rx_err=0 err_code=0x00000401
[13:06:38.465] [ARM-RX] CAN Send chunk for Motor ID 5 failed with err: 60003
[13:06:38.466] [ARM-RX] [CAN][TX] write
[13:06:38.485] [ARM-RX] failed id=0x00000100 dlc=2 err=60003
[13:06:38.487] [ARM-RX] [CAN][write_fail] status=0x000000A8 tx_err=128 rx_err=0 err_code=0x00000401
[13:06:38.487] [ARM-RX] CAN Send chunk for Motor ID 1 failed with err: 60003
[13:06:38.487] [ARM-RX] [CAN][TX] write failed id=0x00000200 dlc=2 err=60003
[13:06:38.488] [ARM-RX] [CAN][write_fail] status=0x000000
[13:06:38.488] [JETSON-INFO] 已停止周期视觉发送
[13:06:38.489] [JETSON-INFO] heartbeat stopped
[13:06:38.489] [JETSON-TX] TARGET_CTRL_STOP_NEW: A5 5A 01 02 39 01 00 C9 E5
[13:06:38.490] [ARM-TX] 发送命令 laser_off: laser_off
[13:06:38.491] [DEMO-INFO] 演示已停止，已关闭视觉发送、激光输出，并请求回 HOME
[13:06:38.507] [ARM-RX] A8 tx_err=128 rx_err=0 err_code=0x00000401
[13:06:38.508] [ARM-RX] CAN Send chunk for Motor ID 2 failed with err: 60003
[13:06:38.508] [ARM-RX] [CAN][TX] write failed id=0x00000300 dlc=2 err=60003
[13:06:38.508] [ARM-RX] [CAN][write_fail] status=0x000000A8 tx_err=128 rx_err=0 err_code=0x00000401
[13:06:38.508] [ARM-RX] CAN Send chunk for Motor ID
[13:06:38.534] [ARM-RX] 3 failed with err: 60003
[13:06:38.535] [ARM-RX] [CAN][TX] write failed id=0x00000400 dlc=2 err=60003
[13:06:38.535] [ARM-RX] [CAN][write_fail] status=0x000000A8 tx_err=128 rx_err=0 err_code=0x00000401
[13:06:38.535] [ARM-RX] CAN Send chunk for Motor ID 4 failed with err: 60003
[13:06:38.535] [ARM-RX] [CAN][TX] write failed id=0x00000500 dlc=2 e
[13:06:38.555] [ARM-RX] rr=60003
[13:06:38.555] [ARM-RX] [CAN][write_fail] status=0x000000A8 tx_err=128 rx_err=0 err_code=0x00000401
[13:06:38.555] [ARM-RX] CAN Send chunk for Motor ID 5 failed with err: 60003
[13:06:38.556] [ARM-RX] batch angle read timeout/missing mask=0x1F elapsed=89 ms
[13:06:38.556] [ARM-RX] [CAN][TX] write failed id=0x00000100 dlc=7 err=60003
[13:06:38.556] [ARM-RX] [CA
[13:06:38.586] [ARM-RX] N][write_fail] status=0x000000A8 tx_err=128 rx_err=0 err_code=0x00000401
[13:06:38.587] [ARM-RX] CAN Send chunk for Motor ID 1 failed with err: 60003
[13:06:38.587] [ARM-RX] [CAN][TX] write failed id=0x00000200 dlc=7 err=60003
[13:06:38.587] [ARM-RX] [CAN][write_fail] status=0x000000A8 tx_err=128 rx_err=0 err_code=0x0000040
[13:06:38.610] [ARM-RX] 1
[13:06:38.610] [ARM-RX] CAN Send chunk for Motor ID 2 failed with err: 60003
[13:06:38.610] [ARM-RX] [CAN][TX] write failed id=0x00000300 dlc=7 err=60003
[13:06:38.610] [ARM-RX] [CAN][write_fail] status=0x000000A8 tx_err=128 rx_err=0 err_code=0x00000401
[13:06:38.610] [ARM-RX] CAN Send chunk for Motor ID 3 failed with err: 60003
[13:06:38.611] [ARM-RX] [CAN][TX] writ
[13:06:38.630] [ARM-RX] e failed id=0x00000400 dlc=7 err=60003
[13:06:38.630] [ARM-RX] [CAN][write_fail] status=0x000000A8 tx_err=128 rx_err=0 err_code=0x00000401
[13:06:38.630] [ARM-RX] CAN Send chunk for Motor ID 4 failed with err: 60003
[13:06:38.631] [ARM-RX] [CAN][TX] write failed id=0x00000500 dlc=7 err=60003
[13:06:38.631] [ARM-RX] [CAN][write_fail] status=0x0000
[13:06:38.650] [ARM-RX] 00A8 tx_err=128 rx_err=0 err_code=0x00000401
[13:06:38.651] [ARM-RX] CAN Send chunk for Motor ID 5 failed with err: 60003
[13:06:38.651] [ARM-RX] [CAN][TX] write failed id=0x00000100 dlc=2 err=60003
[13:06:38.651] [ARM-RX] [CAN][write_fail] status=0x000000A8 tx_err=128 rx_err=0 err_code=0x00000401
[13:06:38.651] [ARM-RX] CAN Send chunk for Motor
[13:06:38.665] [JETSON-RX] A5 5A 01 81 39 03 04 00 00 C8 51
[13:06:38.665] [JETSON-STATUS] TARGET_CTRL_OFF: A5 5A 01 81 39 03 04 00 00 C8 51
[13:06:38.669] [JETSON-INFO] 已停止周期视觉发送
[13:06:38.669] [JETSON-INFO] heartbeat stopped
[13:06:38.670] [JETSON-TX] TARGET_CTRL_STOP_NEW: A5 5A 01 02 3A 01 00 39 E5
[13:06:38.672] [ARM-RX] ID 1 failed with err: 60003
[13:06:38.672] [ARM-TX] 发送命令 laser_off: laser_off
[13:06:38.672] [ARM-RX] [CAN][TX] write failed id=0x00000200 dlc=2 err=60003
[13:06:38.672] [DEMO-INFO] 演示已停止，已关闭视觉发送、激光输出，并请求回 HOME
[13:06:38.672] [ARM-RX] [CAN][write_fail] status=0x000000A8 tx_err=128 rx_err=0 err_code=0x00000401
[13:06:38.674] [ARM-RX] CAN Send chunk for Motor ID 2 failed with err: 60003
[13:06:38.674] [ARM-RX] [CAN][TX] write failed id=0x00000300 dlc=2
[13:06:38.693] [ARM-RX] err=60003
[13:06:38.693] [ARM-RX] [CAN][write_fail] status=0x000000A8 tx_err=128 rx_err=0 err_code=0x00000401
[13:06:38.693] [ARM-RX] CAN Send chunk for Motor ID 3 failed with err: 60003
[13:06:38.693] [ARM-RX] [CAN][TX] write failed id=0x00000400 dlc=2 err=60003
[13:06:38.694] [ARM-RX] [CAN][write_fail] status=0x000000A8 tx_err=128 rx_err=0 err
[13:06:38.716] [ARM-RX] _code=0x00000401
[13:06:38.716] [ARM-RX] CAN Send chunk for Motor ID 4 failed with err: 60003
[13:06:38.716] [ARM-RX] [CAN][TX] write failed id=0x00000500 dlc=2 err=60003
[13:06:38.716] [ARM-RX] [CAN][write_fail] status=0x000000A8 tx_err=128 rx_err=0 err_code=0x00000401
[13:06:38.717] [ARM-RX] CAN Send chunk for Motor ID 5 failed with err: 60003
[13:06:38.752] [ARM-RX] batch angle read timeout/missing mask=0x1F elapsed=89 ms
[13:06:38.752] [ARM-RX] [CAN][TX] write failed id=0x00000100 dlc=7 err=60003
[13:06:38.752] [ARM-RX] [CAN][write_fail] status=0x000000A8 tx_err=128 rx_err=0 err_code=0x00000401
[13:06:38.752] [ARM-RX] CAN Send chunk for Motor ID 1 failed with err: 60003
[13:06:38.753] [ARM-RX] [CAN][TX] wr
[13:06:38.773] [ARM-RX] ite failed id=0x00000200 dlc=7 err=60003
[13:06:38.773] [ARM-RX] [CAN][write_fail] status=0x000000A8 tx_err=128 rx_err=0 err_code=0x00000401
[13:06:38.773] [ARM-RX] CAN Send chunk for Motor ID 2 failed with err: 60003
[13:06:38.773] [ARM-RX] [CAN][TX] write failed id=0x00000300 dlc=7 err=60003
[13:06:38.773] [ARM-RX] [CAN][write_fail] status=0x00
[13:06:38.793] [ARM-RX] 0000A8 tx_err=128 rx_err=0 err_code=0x00000401
[13:06:38.794] [ARM-RX] CAN Send chunk for Motor ID 3 failed with err: 60003
[13:06:38.794] [ARM-RX] [CAN][TX] write failed id=0x00000400 dlc=7 err=60003
[13:06:38.794] [ARM-RX] [CAN][write_fail] status=0x000000A8 tx_err=128 rx_err=0 err_code=0x00000401
[13:06:38.794] [ARM-RX] CAN Send chunk for Moto
[13:06:38.814] [ARM-RX] r ID 4 failed with err: 60003
[13:06:38.814] [ARM-RX] [CAN][TX] write failed id=0x00000500 dlc=7 err=60003
[13:06:38.815] [ARM-RX] [CAN][write_fail] status=0x000000A8 tx_err=128 rx_err=0 err_code=0x00000401
[13:06:38.815] [ARM-RX] CAN Send chunk for Motor ID 5 failed with err: 60003
[13:06:38.815] [ARM-RX] [CAN][TX] write failed id=0x00000100 dlc
[13:06:38.835] [JETSON-RX] A5 5A 01 81 3A 03 04 00 00 8C 51
[13:06:38.835] [ARM-RX] =2 err=60003
[13:06:38.835] [JETSON-STATUS] TARGET_CTRL_OFF: A5 5A 01 81 3A 03 04 00 00 8C 51
[13:06:38.835] [ARM-RX] [CAN][write_fail] status=0x000000A8 tx_err=128 rx_err=0 err_code=0x00000401
[13:06:38.837] [ARM-RX] CAN Send chunk for Motor ID 1 failed with err: 60003
[13:06:38.837] [ARM-RX] [CAN][TX] write failed id=0x00000200 dlc=2 err=60003
[13:06:38.837] [ARM-RX] [CAN][write_fail] status=0x000000A8 tx_err=128 rx_err=0 e
[13:06:38.847] [JETSON-INFO] 已停止周期视觉发送
[13:06:38.848] [JETSON-INFO] heartbeat stopped
[13:06:38.848] [JETSON-TX] TARGET_CTRL_STOP_NEW: A5 5A 01 02 3B 01 00 68 25
[13:06:38.850] [ARM-TX] 发送命令 laser_off: laser_off
[13:06:38.850] [DEMO-INFO] 演示已停止，已关闭视觉发送、激光输出，并请求回 HOME
[13:06:38.856] [ARM-RX] rr_code=0x00000401
[13:06:38.856] [ARM-RX] CAN Send chunk for Motor ID 2 failed with err: 60003
[13:06:38.856] [ARM-RX] [CAN][TX] write failed id=0x00000300 dlc=2 err=60003
[13:06:38.857] [ARM-RX] [CAN][write_fail] status=0x000000A8 tx_err=128 rx_err=0 err_code=0x00000401
[13:06:38.857] [ARM-RX] CAN Send chunk for Motor ID 3 failed with err: 6000
[13:06:38.879] [ARM-RX] 3
[13:06:38.879] [ARM-RX] [CAN][TX] write failed id=0x00000400 dlc=2 err=60003
[13:06:38.879] [ARM-RX] [CAN][write_fail] status=0x000000A8 tx_err=128 rx_err=0 err_code=0x00000401
[13:06:38.880] [ARM-RX] CAN Send chunk for Motor ID 4 failed with err: 60003
[13:06:38.880] [ARM-RX] [CAN][TX] write failed id=0x00000500 dlc=2 err=60003
[13:06:38.880] [ARM-RX] [CAN][write_fa
[13:06:38.921] [ARM-RX] il] status=0x000000A8 tx_err=128 rx_err=0 err_code=0x00000401
[13:06:38.922] [ARM-RX] CAN Send chunk for Motor ID 5 failed with err: 60003
[13:06:38.922] [ARM-RX] batch angle read timeout/missing mask=0x1F elapsed=89 ms
[13:06:38.922] [ARM-RX] [CAN][TX] write failed id=0x00000100 dlc=7 err=60003
[13:06:38.922] [ARM-RX] [CAN][write_fail] status=0x
[13:06:38.936] [ARM-RX] 000000A8 tx_err=128 rx_err=0 err_code=0x00000401
[13:06:38.936] [ARM-RX] CAN Send chunk for Motor ID 1 failed with err: 60003
[13:06:38.937] [ARM-RX] [CAN][TX] write failed id=0x00000200 dlc=7 err=60003
[13:06:38.937] [ARM-RX] [CAN][write_fail] status=0x000000A8 tx_err=128 rx_err=0 err_code=0x00000401
[13:06:38.937] [ARM-RX] CAN Send chunk for Mo
[13:06:38.958] [ARM-RX] tor ID 2 failed with err: 60003
[13:06:38.958] [ARM-RX] [CAN][TX] write failed id=0x00000300 dlc=7 err=60003
[13:06:38.958] [ARM-RX] [CAN][write_fail] status=0x000000A8 tx_err=128 rx_err=0 err_code=0x00000401
[13:06:38.958] [ARM-RX] CAN Send chunk for Motor ID 3 failed with err: 60003
[13:06:38.959] [ARM-RX] [CAN][TX] write failed id=0x00000400 d
[13:06:38.979] [ARM-RX] lc=7 err=60003
[13:06:38.979] [ARM-RX] [CAN][write_fail] status=0x000000A8 tx_err=128 rx_err=0 err_code=0x00000401
[13:06:38.980] [ARM-RX] CAN Send chunk for Motor ID 4 failed with err: 60003
[13:06:38.980] [ARM-RX] [CAN][TX] write failed id=0x00000500 dlc=7 err=60003
[13:06:38.980] [ARM-RX] [CAN][write_fail] status=0x000000A8 tx_err=128 rx_err=0
[13:06:39.000] [ARM-RX] err_code=0x00000401
[13:06:39.001] [ARM-RX] CAN Send chunk for Motor ID 5 failed with err: 60003
[13:06:39.001] [ARM-RX] [CAN][TX] write failed id=0x00000100 dlc=2 err=60003
[13:06:39.001] [ARM-RX] [CAN][write_fail] status=0x000000A8 tx_err=128 rx_err=0 err_code=0x00000401
[13:06:39.001] [ARM-RX] CAN Send chunk for Motor ID 1 failed with err: 60
[13:06:39.020] [JETSON-RX] A5 5A 01 81 3B 03 04 00 00 B1 91
[13:06:39.020] [JETSON-STATUS] TARGET_CTRL_OFF: A5 5A 01 81 3B 03 04 00 00 B1 91
[13:06:39.022] [ARM-RX] 003
[13:06:39.023] [ARM-RX] [CAN][TX] write failed id=0x00000200 dlc=2 err=60003
[13:06:39.023] [ARM-RX] [CAN][write_fail] status=0x000000A8 tx_err=128 rx_err=0 err_code=0x00000401
[13:06:39.023] [ARM-RX] CAN Send chunk for Motor ID 2 failed with err: 60003
[13:06:39.023] [ARM-RX] [CAN][TX] write failed id=0x00000300 dlc=2 err=60003
[13:06:39.025] [ARM-RX] [CAN][write_
[13:06:39.030] [JETSON-INFO] 已停止周期视觉发送
[13:06:39.030] [JETSON-INFO] heartbeat stopped
[13:06:39.030] [JETSON-TX] TARGET_CTRL_STOP_NEW: A5 5A 01 02 3C 01 00 D9 E4
[13:06:39.031] [ARM-TX] 发送命令 laser_off: laser_off
[13:06:39.032] [DEMO-INFO] 演示已停止，已关闭视觉发送、激光输出，并请求回 HOME
[13:06:39.042] [ARM-RX] fail] status=0x000000A8 tx_err=128 rx_err=0 err_code=0x00000401
[13:06:39.043] [ARM-RX] CAN Send chunk for Motor ID 3 failed with err: 60003
[13:06:39.043] [ARM-RX] [CAN][TX] write failed id=0x00000400 dlc=2 err=60003
[13:06:39.043] [ARM-RX] [CAN][write_fail] status=0x000000A8 tx_err=128 rx_err=0 err_code=0x00000401
[13:06:39.043] [ARM-RX] CAN Se
[13:06:39.079] [ARM-RX] nd chunk for Motor ID 4 failed with err: 60003
[13:06:39.080] [ARM-RX] [CAN][TX] write failed id=0x00000500 dlc=2 err=60003
[13:06:39.080] [ARM-RX] [CAN][write_fail] status=0x000000A8 tx_err=128 rx_err=0 err_code=0x00000401
[13:06:39.080] [ARM-RX] CAN Send chunk for Motor ID 5 failed with err: 60003
[13:06:39.080] [ARM-RX] batch angle read timeou
[13:06:39.105] [ARM-RX] t/missing mask=0x1F elapsed=89 ms
[13:06:39.106] [ARM-RX] [CAN][TX] write failed id=0x00000100 dlc=7 err=60003
[13:06:39.106] [ARM-RX] [CAN][write_fail] status=0x000000A8 tx_err=128 rx_err=0 err_code=0x00000401
[13:06:39.106] [ARM-RX] CAN Send chunk for Motor ID 1 failed with err: 60003
[13:06:39.107] [ARM-RX] [CAN][TX] write failed id=0x00000200
[13:06:39.125] [ARM-RX] dlc=7 err=60003
[13:06:39.125] [ARM-RX] [CAN][write_fail] status=0x000000A8 tx_err=128 rx_err=0 err_code=0x00000401
[13:06:39.125] [ARM-RX] CAN Send chunk for Motor ID 2 failed with err: 60003
[13:06:39.125] [ARM-RX] [CAN][TX] write failed id=0x00000300 dlc=7 err=60003
[13:06:39.127] [ARM-RX] [CAN][write_fail] status=0x000000A8 tx_err=128 rx_err
[13:06:39.144] [ARM-RX] =0 err_code=0x00000401
[13:06:39.144] [ARM-RX] CAN Send chunk for Motor ID 3 failed with err: 60003
[13:06:39.144] [ARM-RX] [CAN][TX] write failed id=0x00000400 dlc=7 err=60003
[13:06:39.144] [ARM-RX] [CAN][write_fail] status=0x000000A8 tx_err=128 rx_err=0 err_code=0x00000401
[13:06:39.144] [ARM-RX] CAN Send chunk for Motor ID 4 failed with err:
[13:06:39.164] [ARM-RX] 60003
[13:06:39.165] [ARM-RX] [CAN][TX] write failed id=0x00000500 dlc=7 err=60003
[13:06:39.165] [ARM-RX] [CAN][write_fail] status=0x000000A8 tx_err=128 rx_err=0 err_code=0x00000401
[13:06:39.165] [ARM-RX] CAN Send chunk for Motor ID 5 failed with err: 60003
[13:06:39.165] [ARM-RX] [CAN][TX] write failed id=0x00000100 dlc=2 err=60003
[13:06:39.166] [ARM-RX] [CAN][writ
[13:06:39.186] [ARM-RX] e_fail] status=0x000000A8 tx_err=128 rx_err=0 err_code=0x00000401
[13:06:39.186] [ARM-RX] CAN Send chunk for Motor ID 1 failed with err: 60003
[13:06:39.186] [ARM-RX] [CAN][TX] write failed id=0x00000200 dlc=2 err=60003
[13:06:39.187] [ARM-RX] [CAN][write_fail] status=0x000000A8 tx_err=128 rx_err=0 err_code=0x00000401
[13:06:39.187] [ARM-RX] CAN
[13:06:39.191] [JETSON-RX] A5 5A 01 81 3C 03 04 00 00 04 51
[13:06:39.197] [JETSON-STATUS] TARGET_CTRL_OFF: A5 5A 01 81 3C 03 04 00 00 04 51
[13:06:39.201] [JETSON-INFO] 已停止周期视觉发送
[13:06:39.202] [JETSON-INFO] heartbeat stopped
[13:06:39.202] [JETSON-TX] TARGET_CTRL_STOP_NEW: A5 5A 01 02 3D 01 00 88 24
[13:06:39.204] [ARM-TX] 发送命令 laser_off: laser_off
[13:06:39.204] [DEMO-INFO] 演示已停止，已关闭视觉发送、激光输出，并请求回 HOME
[13:06:39.206] [ARM-RX] Send chunk for Motor ID 2 failed with err: 60003
[13:06:39.206] [ARM-RX] [CAN][TX] write failed id=0x00000300 dlc=2 err=60003
[13:06:39.208] [ARM-RX] [CAN][write_fail] status=0x000000A8 tx_err=128 rx_err=0 err_code=0x00000401
[13:06:39.208] [ARM-RX] CAN Send chunk for Motor ID 3 failed with err: 60003
[13:06:39.208] [ARM-RX] [CAN][TX] write faile
[13:06:39.239] [ARM-RX] d id=0x00000400 dlc=2 err=60003
[13:06:39.239] [ARM-RX] [CAN][write_fail] status=0x000000A8 tx_err=128 rx_err=0 err_code=0x00000401
[13:06:39.239] [ARM-RX] CAN Send chunk for Motor ID 4 failed with err: 60003
[13:06:39.239] [ARM-RX] [CAN][TX] write failed id=0x00000500 dlc=2 err=60003
[13:06:39.240] [ARM-RX] [CAN][write_fail] status=0x000000A8 tx
[13:06:39.265] [ARM-RX] _err=128 rx_err=0 err_code=0x00000401
[13:06:39.266] [ARM-RX] CAN Send chunk for Motor ID 5 failed with err: 60003
[13:06:39.266] [ARM-RX] batch angle read timeout/missing mask=0x1F elapsed=89 ms
[13:06:39.266] [ARM-RX] [CAN][TX] write failed id=0x00000100 dlc=7 err=60003
[13:06:39.266] [ARM-RX] [CAN][write_fail] status=0x000000A8 tx_err=128 rx_e
[13:06:39.287] [ARM-RX] rr=0 err_code=0x00000401
[13:06:39.287] [ARM-RX] CAN Send chunk for Motor ID 1 failed with err: 60003
[13:06:39.287] [ARM-RX] [CAN][TX] write failed id=0x00000200 dlc=7 err=60003
[13:06:39.287] [ARM-RX] [CAN][write_fail] status=0x000000A8 tx_err=128 rx_err=0 err_code=0x00000401
[13:06:39.287] [ARM-RX] CAN Send chunk for Motor ID 2 failed with err
[13:06:39.308] [ARM-RX] : 60003
[13:06:39.308] [ARM-RX] [CAN][TX] write failed id=0x00000300 dlc=7 err=60003
[13:06:39.308] [ARM-RX] [CAN][write_fail] status=0x000000A8 tx_err=128 rx_err=0 err_code=0x00000401
[13:06:39.308] [ARM-RX] CAN Send chunk for Motor ID 3 failed with err: 60003
[13:06:39.309] [ARM-RX] [CAN][TX] write failed id=0x00000400 dlc=7 err=60003
[13:06:39.309] [ARM-RX] [CAN][wr
[13:06:39.330] [ARM-RX] ite_fail] status=0x000000A8 tx_err=128 rx_err=0 err_code=0x00000401
[13:06:39.331] [ARM-RX] CAN Send chunk for Motor ID 4 failed with err: 60003
[13:06:39.331] [ARM-RX] [CAN][TX] write failed id=0x00000500 dlc=7 err=60003
[13:06:39.331] [ARM-RX] [CAN][write_fail] status=0x000000A8 tx_err=128 rx_err=0 err_code=0x00000401
[13:06:39.332] [ARM-RX] CA
[13:06:39.350] [ARM-RX] N Send chunk for Motor ID 5 failed with err: 60003
[13:06:39.350] [ARM-RX] [CAN][TX] write failed id=0x00000100 dlc=2 err=60003
[13:06:39.351] [ARM-RX] [CAN][write_fail] status=0x000000A8 tx_err=128 rx_err=0 err_code=0x00000401
[13:06:39.351] [ARM-RX] CAN Send chunk for Motor ID 1 failed with err: 60003
[13:06:39.351] [ARM-RX] [CAN][TX] write fai
[13:06:39.377] [JETSON-RX] A5 5A 01 81 3D 03 04 00 00 39 91
[13:06:39.377] [JETSON-STATUS] TARGET_CTRL_OFF: A5 5A 01 81 3D 03 04 00 00 39 91
[13:06:39.384] [ARM-RX] led id=0x00000200 dlc=2 err=60003
[13:06:39.385] [ARM-RX] [CAN][write_fail] status=0x000000A8 tx_err=128 rx_err=0 err_code=0x00000401
[13:06:39.385] [ARM-RX] CAN Send chunk for Motor ID 2 failed with err: 60003
[13:06:39.385] [ARM-RX] [CAN][TX] write failed id=0x00000300 dlc=2 err=60003
[13:06:39.385] [ARM-RX] [CAN][write_fail] status=0x000000A8
[13:06:39.388] [JETSON-INFO] 已停止周期视觉发送
[13:06:39.389] [JETSON-INFO] heartbeat stopped
[13:06:39.389] [JETSON-TX] TARGET_CTRL_STOP_NEW: A5 5A 01 02 3E 01 00 78 24
[13:06:39.391] [ARM-TX] 发送命令 laser_off: laser_off
[13:06:39.391] [DEMO-INFO] 演示已停止，已关闭视觉发送、激光输出，并请求回 HOME
[13:06:39.403] [ARM-RX] tx_err=128 rx_err=0 err_code=0x00000401
[13:06:39.403] [ARM-RX] CAN Send chunk for Motor ID 3 failed with err: 60003
[13:06:39.404] [ARM-RX] [CAN][TX] write failed id=0x00000400 dlc=2 err=60003
[13:06:39.404] [ARM-RX] [CAN][write_fail] status=0x000000A8 tx_err=128 rx_err=0 err_code=0x00000401
[13:06:39.404] [ARM-RX] CAN Send chunk for Motor ID 4
[13:06:39.429] [ARM-RX] failed with err: 60003
[13:06:39.430] [ARM-RX] [CAN][TX] write failed id=0x00000500 dlc=2 err=60003
[13:06:39.430] [ARM-RX] [CAN][write_fail] status=0x000000A8 tx_err=128 rx_err=0 err_code=0x00000401
[13:06:39.430] [ARM-RX] CAN Send chunk for Motor ID 5 failed with err: 60003
[13:06:39.430] [ARM-RX] batch angle read timeout/missing mask=0x1F elap
[13:06:39.451] [ARM-RX] sed=89 ms
[13:06:39.451] [ARM-RX] [CAN][TX] write failed id=0x00000100 dlc=7 err=60003
[13:06:39.452] [ARM-RX] [CAN][write_fail] status=0x000000A8 tx_err=128 rx_err=0 err_code=0x00000401
[13:06:39.452] [ARM-RX] CAN Send chunk for Motor ID 1 failed with err: 60003
[13:06:39.452] [ARM-RX] [CAN][TX] write failed id=0x00000200 dlc=7 err=60003
[13:06:39.452] [ARM-RX] [CAN][
[13:06:39.477] [ARM-RX] write_fail] status=0x000000A8 tx_err=128 rx_err=0 err_code=0x00000401
[13:06:39.479] [ARM-RX] CAN Send chunk for Motor ID 2 failed with err: 60003
[13:06:39.479] [ARM-RX] [CAN][TX] write failed id=0x00000300 dlc=7 err=60003
[13:06:39.479] [ARM-RX] [CAN][write_fail] status=0x000000A8 tx_err=128 rx_err=0 err_code=0x00000401
[13:06:39.494] [ARM-RX] CAN Send chunk for Motor ID 3 failed with err: 60003
[13:06:39.494] [ARM-RX] [CAN][TX] write failed id=0x00000400 dlc=7 err=60003
[13:06:39.494] [ARM-RX] [CAN][write_fail] status=0x000000A8 tx_err=128 rx_err=0 err_code=0x00000401
[13:06:39.495] [ARM-RX] CAN Send chunk for Motor ID 4 failed with err: 60003
[13:06:39.495] [ARM-RX] [CAN][TX] write f
[13:06:39.515] [ARM-RX] ailed id=0x00000500 dlc=7 err=60003
[13:06:39.515] [ARM-RX] [CAN][write_fail] status=0x000000A8 tx_err=128 rx_err=0 err_code=0x00000401
[13:06:39.515] [ARM-RX] CAN Send chunk for Motor ID 5 failed with err: 60003
[13:06:39.515] [ARM-RX] [CAN][TX] write failed id=0x00000100 dlc=2 err=60003
[13:06:39.515] [ARM-RX] [CAN][write_fail] status=0x000000A
[13:06:39.530] [JETSON-INFO] 已停止周期视觉发送
[13:06:39.531] [JETSON-INFO] heartbeat stopped
[13:06:39.531] [JETSON-TX] TARGET_CTRL_STOP_NEW: A5 5A 01 02 3F 01 00 29 E4
[13:06:39.532] [ARM-TX] 发送命令 laser_off: laser_off
[13:06:39.532] [DEMO-INFO] 演示已停止，已关闭视觉发送、激光输出，并请求回 HOME
[13:06:39.547] [ARM-RX] 8 tx_err=128 rx_err=0 err_code=0x00000401
[13:06:39.547] [ARM-RX] CAN Send chunk for Motor ID 1 failed with err: 60003
[13:06:39.547] [ARM-RX] [CAN][TX] write failed id=0x00000200 dlc=2 err=60003
[13:06:39.547] [ARM-RX] [CAN][write_fail] status=0x000000A8 tx_err=128 rx_err=0 err_code=0x00000401
[13:06:39.547] [ARM-RX] CAN Send chunk for Motor ID
[13:06:39.561] [JETSON-RX] A5 5A 01 81 3E 03 04 00 00 7D 91
[13:06:39.561] [JETSON-STATUS] TARGET_CTRL_OFF: A5 5A 01 81 3E 03 04 00 00 7D 91
[13:06:39.572] [ARM-RX] 2 failed with err: 60003
[13:06:39.572] [ARM-RX] [CAN][TX] write failed id=0x00000300 dlc=2 err=60003
[13:06:39.572] [ARM-RX] [CAN][write_fail] status=0x000000A8 tx_err=128 rx_err=0 err_code=0x00000401
[13:06:39.572] [ARM-RX] CAN Send chunk for Motor ID 3 failed with err: 60003
[13:06:39.572] [ARM-RX] [CAN][TX] write failed id=0x00000400 dlc=2 er
[13:06:39.588] [ARM-RX] r=60003
[13:06:39.589] [ARM-RX] [CAN][write_fail] status=0x000000A8 tx_err=128 rx_err=0 err_code=0x00000401
[13:06:39.589] [ARM-RX] CAN Send chunk for Motor ID 4 failed with err: 60003
[13:06:39.589] [ARM-RX] [CAN][TX] write failed id=0x00000500 dlc=2 err=60003
[13:06:39.589] [ARM-RX] [CAN][write_fail] status=0x000000A8 tx_err=128 rx_err=0 err_co
[13:06:39.616] [ARM-RX] de=0x00000401
[13:06:39.616] [ARM-RX] CAN Send chunk for Motor ID 5 failed with err: 60003
[13:06:39.616] [ARM-RX] batch angle read timeout/missing mask=0x1F elapsed=89 ms
[13:06:39.616] [ARM-RX] [CAN][TX] write failed id=0x00000100 dlc=7 err=60003
[13:06:39.617] [ARM-RX] [CAN][write_fail] status=0x000000A8 tx_err=128 rx_err=0 err_code=0x00000401
[13:06:39.637] [ARM-RX] CAN Send chunk for Motor ID 1 failed with err: 60003
[13:06:39.639] [ARM-RX] [CAN][TX] write failed id=0x00000200 dlc=7 err=60003
[13:06:39.639] [ARM-RX] [CAN][write_fail] status=0x000000A8 tx_err=128 rx_err=0 err_code=0x00000401
[13:06:39.640] [ARM-RX] CAN Send chunk for Motor ID 2 failed with err: 60003
[13:06:39.640] [ARM-RX] [CAN][TX] write
[13:06:39.657] [ARM-RX] failed id=0x00000300 dlc=7 err=60003
[13:06:39.658] [ARM-RX] [CAN][write_fail] status=0x000000A8 tx_err=128 rx_err=0 err_code=0x00000401
[13:06:39.658] [ARM-RX] CAN Send chunk for Motor ID 3 failed with err: 60003
[13:06:39.658] [ARM-RX] [CAN][TX] write failed id=0x00000400 dlc=7 err=60003
[13:06:39.658] [ARM-RX] [CAN][write_fail] status=0x00000
[13:06:39.678] [ARM-RX] 0A8 tx_err=128 rx_err=0 err_code=0x00000401
[13:06:39.679] [ARM-RX] CAN Send chunk for Motor ID 4 failed with err: 60003
[13:06:39.679] [ARM-RX] [CAN][TX] write failed id=0x00000500 dlc=7 err=60003
[13:06:39.679] [ARM-RX] [CAN][write_fail] status=0x000000A8 tx_err=128 rx_err=0 err_code=0x00000401
[13:06:39.679] [ARM-RX] CAN Send chunk for Motor I
[13:06:39.699] [JETSON-RX] A5 5A 01 81 3F 03 04 00 00 40 51
[13:06:39.699] [JETSON-STATUS] TARGET_CTRL_OFF: A5 5A 01 81 3F 03 04 00 00 40 51
[13:06:39.710] [ARM-RX] D 5 failed with err: 60003
[13:06:39.711] [ARM-RX] [CAN][TX] write failed id=0x00000100 dlc=2 err=60003
[13:06:39.711] [ARM-RX] [CAN][write_fail] status=0x000000A8 tx_err=128 rx_err=0 err_code=0x00000401
[13:06:39.711] [ARM-RX] CAN Send chunk for Motor ID 1 failed with err: 60003
[13:06:39.711] [ARM-RX] [CAN][TX] write failed id=0x00000200 dlc=2
[13:06:39.731] [ARM-RX] err=60003
[13:06:39.731] [ARM-RX] [CAN][write_fail] status=0x000000A8 tx_err=128 rx_err=0 err_code=0x00000401
[13:06:39.731] [ARM-RX] CAN Send chunk for Motor ID 2 failed with err: 60003
[13:06:39.732] [ARM-RX] [CAN][TX] write failed id=0x00000300 dlc=2 err=60003
[13:06:39.732] [ARM-RX] [CAN][write_fail] status=0x000000A8 tx_err=128 rx_err=0 err_
[13:06:39.753] [ARM-RX] code=0x00000401
[13:06:39.754] [ARM-RX] CAN Send chunk for Motor ID 3 failed with err: 60003
[13:06:39.754] [ARM-RX] [CAN][TX] write failed id=0x00000400 dlc=2 err=60003
[13:06:39.754] [ARM-RX] [CAN][write_fail] status=0x000000A8 tx_err=128 rx_err=0 err_code=0x00000401
[13:06:39.754] [ARM-RX] CAN Send chunk for Motor ID 4 failed with err: 60003
[13:06:39.780] [ARM-RX] [CAN][TX] write failed id=0x00000500 dlc=2 err=60003
[13:06:39.780] [ARM-RX] [CAN][write_fail] status=0x000000A8 tx_err=128 rx_err=0 err_code=0x00000401
[13:06:39.780] [ARM-RX] CAN Send chunk for Motor ID 5 failed with err: 60003
[13:06:39.780] [ARM-RX] batch angle read timeout/missing mask=0x1F elapsed=89 ms
[13:06:39.781] [ARM-RX] [CAN][TX] wri
[13:06:39.802] [ARM-RX] te failed id=0x00000100 dlc=7 err=60003
[13:06:39.802] [ARM-RX] [CAN][write_fail] status=0x000000A8 tx_err=128 rx_err=0 err_code=0x00000401
[13:06:39.802] [ARM-RX] CAN Send chunk for Motor ID 1 failed with err: 60003
[13:06:39.802] [ARM-RX] [CAN][TX] write failed id=0x00000200 dlc=7 err=60003
[13:06:39.802] [ARM-RX] [CAN][write_fail] status=0x000
[13:06:39.822] [ARM-RX] 000A8 tx_err=128 rx_err=0 err_code=0x00000401
[13:06:39.823] [ARM-RX] CAN Send chunk for Motor ID 2 failed with err: 60003
[13:06:39.823] [ARM-RX] [CAN][TX] write failed id=0x00000300 dlc=7 err=60003
[13:06:39.823] [ARM-RX] [CAN][write_fail] status=0x000000A8 tx_err=128 rx_err=0 err_code=0x00000401
[13:06:39.823] [ARM-RX] CAN Send chunk for Motor
[13:06:39.844] [ARM-RX] ID 3 failed with err: 60003
[13:06:39.844] [ARM-RX] [CAN][TX] write failed id=0x00000400 dlc=7 err=60003
[13:06:39.844] [ARM-RX] [CAN][write_fail] status=0x000000A8 tx_err=128 rx_err=0 err_code=0x00000401
[13:06:39.844] [ARM-RX] CAN Send chunk for Motor ID 4 failed with err: 60003
[13:06:39.844] [ARM-RX] [CAN][TX] write failed id=0x00000500 dlc=
[13:06:39.875] [ARM-RX] 7 err=60003
[13:06:39.875] [ARM-RX] [CAN][write_fail] status=0x000000A8 tx_err=128 rx_err=0 err_code=0x00000401
[13:06:39.876] [ARM-RX] CAN Send chunk for Motor ID 5 failed with err: 60003
[13:06:39.876] [ARM-RX] [CAN][TX] write failed id=0x00000100 dlc=2 err=60003
[13:06:39.876] [ARM-RX] [CAN][write_fail] status=0x000000A8 tx_err=128 rx_err=0 er
[13:06:39.896] [ARM-RX] r_code=0x00000401
[13:06:39.897] [ARM-RX] CAN Send chunk for Motor ID 1 failed with err: 60003
[13:06:39.897] [ARM-RX] [CAN][TX] write failed id=0x00000200 dlc=2 err=60003
[13:06:39.897] [ARM-RX] [CAN][write_fail] status=0x000000A8 tx_err=128 rx_err=0 err_code=0x00000401
[13:06:39.897] [ARM-RX] CAN Send chunk for Motor ID 2 failed with err: 60003
[13:06:39.918] [ARM-RX] [CAN][TX] write failed id=0x00000300 dlc=2 err=60003
[13:06:39.918] [ARM-RX] [CAN][write_fail] status=0x000000A8 tx_err=128 rx_err=0 err_code=0x00000401
[13:06:39.918] [ARM-RX] CAN Send chunk for Motor ID 3 failed with err: 60003
[13:06:39.918] [ARM-RX] [CAN][TX] write failed id=0x00000400 dlc=2 err=60003
[13:06:39.919] [ARM-RX] [CAN][write_fai
[13:06:39.938] [ARM-RX] l] status=0x000000A8 tx_err=128 rx_err=0 err_code=0x00000401
[13:06:39.938] [ARM-RX] CAN Send chunk for Motor ID 4 failed with err: 60003
[13:06:39.939] [ARM-RX] [CAN][TX] write failed id=0x00000500 dlc=2 err=60003
[13:06:39.939] [ARM-RX] [CAN][write_fail] status=0x000000A8 tx_err=128 rx_err=0 err_code=0x00000401
[13:06:39.939] [ARM-RX] CAN Send
[13:06:39.965] [ARM-RX] chunk for Motor ID 5 failed with err: 60003
[13:06:39.966] [ARM-RX] batch angle read timeout/missing mask=0x1F elapsed=89 ms
[13:06:39.966] [ARM-RX] [CAN][TX] write failed id=0x00000100 dlc=7 err=60003
[13:06:39.966] [ARM-RX] [CAN][write_fail] status=0x000000A8 tx_err=128 rx_err=0 err_code=0x00000401
[13:06:39.967] [ARM-RX] CAN Send chunk for Mot
[13:06:39.988] [ARM-RX] or ID 1 failed with err: 60003
[13:06:39.989] [ARM-RX] [CAN][TX] write failed id=0x00000200 dlc=7 err=60003
[13:06:39.989] [ARM-RX] [CAN][write_fail] status=0x000000A8 tx_err=128 rx_err=0 err_code=0x00000401
[13:06:39.990] [ARM-RX] CAN Send chunk for Motor ID 2 failed with err: 60003
[13:06:39.990] [ARM-RX] [CAN][TX] write failed id=0x00000300 dl
[13:06:40.019] [ARM-RX] c=7 err=60003
[13:06:40.019] [ARM-RX] [CAN][write_fail] status=0x000000A8 tx_err=128 rx_err=0 err_code=0x00000401
[13:06:40.019] [ARM-RX] CAN Send chunk for Motor ID 3 failed with err: 60003
[13:06:40.019] [ARM-RX] [CAN][TX] write failed id=0x00000400 dlc=7 err=60003
[13:06:40.020] [ARM-RX] [CAN][write_fail] status=0x000000A8 tx_err=128 rx_err=0
[13:06:40.039] [ARM-RX] err_code=0x00000401
[13:06:40.040] [ARM-RX] CAN Send chunk for Motor ID 4 failed with err: 60003
[13:06:40.040] [ARM-RX] [CAN][TX] write failed id=0x00000500 dlc=7 err=60003
[13:06:40.040] [ARM-RX] [CAN][write_fail] status=0x000000A8 tx_err=128 rx_err=0 err_code=0x00000401
[13:06:40.040] [ARM-RX] CAN Send chunk for Motor ID 5 failed with err: 600
[13:06:40.060] [ARM-RX] 03
[13:06:40.060] [ARM-RX] [CAN][TX] write failed id=0x00000100 dlc=2 err=60003
[13:06:40.061] [ARM-RX] [CAN][write_fail] status=0x000000A8 tx_err=128 rx_err=0 err_code=0x00000401
[13:06:40.061] [ARM-RX] CAN Send chunk for Motor ID 1 failed with err: 60003
[13:06:40.061] [ARM-RX] [CAN][TX] write failed id=0x00000200 dlc=2 err=60003
[13:06:40.061] [ARM-RX] [CAN][write_f
[13:06:40.081] [ARM-RX] ail] status=0x000000A8 tx_err=128 rx_err=0 err_code=0x00000401
[13:06:40.082] [ARM-RX] CAN Send chunk for Motor ID 2 failed with err: 60003
[13:06:40.082] [ARM-RX] [CAN][TX] write failed id=0x00000300 dlc=2 err=60003
[13:06:40.082] [ARM-RX] [CAN][write_fail] status=0x000000A8 tx_err=128 rx_err=0 err_code=0x00000401
[13:06:40.082] [ARM-RX] CAN Sen
[13:06:40.103] [ARM-RX] d chunk for Motor ID 3 failed with err: 60003
[13:06:40.103] [ARM-RX] [CAN][TX] write failed id=0x00000400 dlc=2 err=60003
[13:06:40.104] [ARM-RX] [CAN][write_fail] status=0x000000A8 tx_err=128 rx_err=0 err_code=0x00000401
[13:06:40.104] [ARM-RX] CAN Send chunk for Motor ID 4 failed with err: 60003
[13:06:40.104] [ARM-RX] [CAN][TX] write failed i
[13:06:40.129] [ARM-RX] d=0x00000500 dlc=2 err=60003
[13:06:40.129] [ARM-RX] [CAN][write_fail] status=0x000000A8 tx_err=128 rx_err=0 err_code=0x00000401
[13:06:40.130] [ARM-RX] CAN Send chunk for Motor ID 5 failed with err: 60003
[13:06:40.130] [ARM-RX] batch angle read timeout/missing mask=0x1F elapsed=89 ms
[13:06:40.130] [ARM-RX] [CAN][TX] write failed id=0x00000100
[13:06:40.151] [ARM-RX] dlc=7 err=60003
[13:06:40.151] [ARM-RX] [CAN][write_fail] status=0x000000A8 tx_err=128 rx_err=0 err_code=0x00000401
[13:06:40.152] [ARM-RX] CAN Send chunk for Motor ID 1 failed with err: 60003
[13:06:40.152] [ARM-RX] [CAN][TX] write failed id=0x00000200 dlc=7 err=60003
[13:06:40.152] [ARM-RX] [CAN][write_fail] status=0x000000A8 tx_err=128 rx_err=
[13:06:40.182] [ARM-RX] 0 err_code=0x00000401
[13:06:40.182] [ARM-RX] CAN Send chunk for Motor ID 2 failed with err: 60003
[13:06:40.182] [ARM-RX] [CAN][TX] write failed id=0x00000300 dlc=7 err=60003
[13:06:40.183] [ARM-RX] [CAN][write_fail] status=0x000000A8 tx_err=128 rx_err=0 err_code=0x00000401
[13:06:40.183] [ARM-RX] CAN Send chunk for Motor ID 3 failed with err: 6
[13:06:40.204] [ARM-RX] 0003
[13:06:40.204] [ARM-RX] [CAN][TX] write failed id=0x00000400 dlc=7 err=60003
[13:06:40.204] [ARM-RX] [CAN][write_fail] status=0x000000A8 tx_err=128 rx_err=0 err_code=0x00000401
[13:06:40.205] [ARM-RX] CAN Send chunk for Motor ID 4 failed with err: 60003
[13:06:40.205] [ARM-RX] [CAN][TX] write failed id=0x00000500 dlc=7 err=60003
[13:06:40.205] [ARM-RX] [CAN][write
[13:06:40.225] [ARM-RX] _fail] status=0x000000A8 tx_err=128 rx_err=0 err_code=0x00000401
[13:06:40.225] [ARM-RX] CAN Send chunk for Motor ID 5 failed with err: 60003
[13:06:40.226] [ARM-RX] [CAN][TX] write failed id=0x00000100 dlc=2 err=60003
[13:06:40.226] [ARM-RX] [CAN][write_fail] status=0x000000A8 tx_err=128 rx_err=0 err_code=0x00000401
[13:06:40.226] [ARM-RX] CAN S
[13:06:40.247] [ARM-RX] end chunk for Motor ID 1 failed with err: 60003
[13:06:40.247] [ARM-RX] [CAN][TX] write failed id=0x00000200 dlc=2 err=60003
[13:06:40.247] [ARM-RX] [CAN][write_fail] status=0x000000A8 tx_err=128 rx_err=0 err_code=0x00000401
[13:06:40.248] [ARM-RX] CAN Send chunk for Motor ID 2 failed with err: 60003
[13:06:40.248] [ARM-RX] [CAN][TX] write failed
[13:06:40.268] [ARM-RX] id=0x00000300 dlc=2 err=60003
[13:06:40.268] [ARM-RX] [CAN][write_fail] status=0x000000A8 tx_err=128 rx_err=0 err_code=0x00000401
[13:06:40.268] [ARM-RX] CAN Send chunk for Motor ID 3 failed with err: 60003
[13:06:40.269] [ARM-RX] [CAN][TX] write failed id=0x00000400 dlc=2 err=60003
[13:06:40.269] [ARM-RX] [CAN][write_fail] status=0x000000A8 tx_
[13:06:40.288] [ARM-RX] err=128 rx_err=0 err_code=0x00000401
[13:06:40.288] [ARM-RX] CAN Send chunk for Motor ID 4 failed with err: 60003
[13:06:40.288] [ARM-RX] [CAN][TX] write failed id=0x00000500 dlc=2 err=60003
[13:06:40.289] [ARM-RX] [CAN][write_fail] status=0x000000A8 tx_err=128 rx_err=0 err_code=0x00000401
[13:06:40.289] [ARM-RX] CAN Send chunk for Motor ID 5 fai
[13:06:40.316] [ARM-RX] led with err: 60003
[13:06:40.316] [ARM-RX] batch angle read timeout/missing mask=0x1F elapsed=89 ms
[13:06:40.316] [ARM-RX] [CAN][TX] write failed id=0x00000100 dlc=7 err=60003
[13:06:40.316] [ARM-RX] [CAN][write_fail] status=0x000000A8 tx_err=128 rx_err=0 err_code=0x00000401
[13:06:40.317] [ARM-RX] CAN Send chunk for Motor ID 1 failed with err:
[13:06:40.347] [ARM-RX] 60003
[13:06:40.348] [ARM-RX] [CAN][TX] write failed id=0x00000200 dlc=7 err=60003
[13:06:40.348] [ARM-RX] [CAN][write_fail] status=0x000000A8 tx_err=128 rx_err=0 err_code=0x00000401
[13:06:40.348] [ARM-RX] CAN Send chunk for Motor ID 2 failed with err: 60003
[13:06:40.348] [ARM-RX] [CAN][TX] write failed id=0x00000300 dlc=7 err=60003
[13:06:40.348] [ARM-RX] [CAN][wri
[13:06:40.368] [ARM-RX] te_fail] status=0x000000A8 tx_err=128 rx_err=0 err_code=0x00000401
[13:06:40.368] [ARM-RX] CAN Send chunk for Motor ID 3 failed with err: 60003
[13:06:40.369] [ARM-RX] [CAN][TX] write failed id=0x00000400 dlc=7 err=60003
[13:06:40.369] [ARM-RX] [CAN][write_fail] status=0x000000A8 tx_err=128 rx_err=0 err_code=0x00000401
[13:06:40.369] [ARM-RX] CAN
[13:06:40.389] [ARM-RX] Send chunk for Motor ID 4 failed with err: 60003
[13:06:40.390] [ARM-RX] [CAN][TX] write failed id=0x00000500 dlc=7 err=60003
[13:06:40.390] [ARM-RX] [CAN][write_fail] status=0x000000A8 tx_err=128 rx_err=0 err_code=0x00000401
[13:06:40.390] [ARM-RX] CAN Send chunk for Motor ID 5 failed with err: 60003
[13:06:40.390] [ARM-RX] [CAN][TX] write fail
[13:06:40.410] [ARM-RX] ed id=0x00000100 dlc=2 err=60003
[13:06:40.410] [ARM-RX] [CAN][write_fail] status=0x000000A8 tx_err=128 rx_err=0 err_code=0x00000401
[13:06:40.410] [ARM-RX] CAN Send chunk for Motor ID 1 failed with err: 60003
[13:06:40.411] [ARM-RX] [CAN][TX] write failed id=0x00000200 dlc=2 err=60003
[13:06:40.411] [ARM-RX] [CAN][write_fail] status=0x000000A8 t
[13:06:40.432] [ARM-RX] x_err=128 rx_err=0 err_code=0x00000401
[13:06:40.432] [ARM-RX] CAN Send chunk for Motor ID 2 failed with err: 60003
[13:06:40.432] [ARM-RX] [CAN][TX] write failed id=0x00000300 dlc=2 err=60003
[13:06:40.432] [ARM-RX] [CAN][write_fail] status=0x000000A8 tx_err=128 rx_err=0 err_code=0x00000401
[13:06:40.433] [ARM-RX] CAN Send chunk for Motor ID 3 f
[13:06:40.453] [ARM-RX] ailed with err: 60003
[13:06:40.454] [ARM-RX] [CAN][TX] write failed id=0x00000400 dlc=2 err=60003
[13:06:40.454] [ARM-RX] [CAN][write_fail] status=0x000000A8 tx_err=128 rx_err=0 err_code=0x00000401
[13:06:40.454] [ARM-RX] CAN Send chunk for Motor ID 4 failed with err: 60003
[13:06:40.454] [ARM-RX] [CAN][TX] write failed id=0x00000500 dlc=2 err=6
[13:06:40.479] [ARM-RX] 0003
[13:06:40.480] [ARM-RX] [CAN][write_fail] status=0x000000A8 tx_err=128 rx_err=0 err_code=0x00000401
[13:06:40.481] [ARM-RX] CAN Send chunk for Motor ID 5 failed with err: 60003
[13:06:40.481] [ARM-RX] batch angle read timeout/missing mask=0x1F elapsed=89 ms
[13:06:40.481] [ARM-RX] [CAN][TX] write failed id=0x00000100 dlc=7 err=60003
[13:06:40.481] [ARM-RX] [CAN][w
[13:06:40.510] [ARM-RX] rite_fail] status=0x000000A8 tx_err=128 rx_err=0 err_code=0x00000401
[13:06:40.512] [ARM-RX] CAN Send chunk for Motor ID 1 failed with err: 60003
[13:06:40.512] [ARM-RX] [CAN][TX] write failed id=0x00000200 dlc=7 err=60003
[13:06:40.512] [ARM-RX] [CAN][write_fail] status=0x000000A8 tx_err=128 rx_err=0 err_code=0x00000401
[13:06:40.512] [ARM-RX] C
[13:06:40.532] [ARM-RX] AN Send chunk for Motor ID 2 failed with err: 60003
[13:06:40.533] [ARM-RX] [CAN][TX] write failed id=0x00000300 dlc=7 err=60003
[13:06:40.533] [ARM-RX] [CAN][write_fail] status=0x000000A8 tx_err=128 rx_err=0 err_code=0x00000401
[13:06:40.533] [ARM-RX] CAN Send chunk for Motor ID 3 failed with err: 60003
[13:06:40.533] [ARM-RX] [CAN][TX] write fa
[13:06:40.554] [ARM-RX] iled id=0x00000400 dlc=7 err=60003
[13:06:40.554] [ARM-RX] [CAN][write_fail] status=0x000000A8 tx_err=128 rx_err=0 err_code=0x00000401
[13:06:40.554] [ARM-RX] CAN Send chunk for Motor ID 4 failed with err: 60003
[13:06:40.554] [ARM-RX] [CAN][TX] write failed id=0x00000500 dlc=7 err=60003
[13:06:40.555] [ARM-RX] [CAN][write_fail] status=0x000000A8
[13:06:40.579] [ARM-RX] tx_err=128 rx_err=0 err_code=0x00000401
[13:06:40.579] [ARM-RX] CAN Send chunk for Motor ID 5 failed with err: 60003
[13:06:40.580] [ARM-RX] [CAN][TX] write failed id=0x00000100 dlc=2 err=60003
[13:06:40.580] [ARM-RX] [CAN][write_fail] status=0x000000A8 tx_err=128 rx_err=0 err_code=0x00000401
[13:06:40.580] [ARM-RX] CAN Send chunk for Motor ID 1
[13:06:40.596] [ARM-RX] failed with err: 60003
[13:06:40.596] [ARM-RX] [CAN][TX] write failed id=0x00000200 dlc=2 err=60003
[13:06:40.596] [ARM-RX] [CAN][write_fail] status=0x000000A8 tx_err=128 rx_err=0 err_code=0x00000401
[13:06:40.598] [ARM-RX] CAN Send chunk for Motor ID 2 failed with err: 60003
[13:06:40.598] [ARM-RX] [CAN][TX] write failed id=0x00000300 dlc=2 err
[13:06:40.618] [ARM-RX] =60003
[13:06:40.618] [ARM-RX] [CAN][write_fail] status=0x000000A8 tx_err=128 rx_err=0 err_code=0x00000401
[13:06:40.618] [ARM-RX] CAN Send chunk for Motor ID 3 failed with err: 60003
[13:06:40.618] [ARM-RX] [CAN][TX] write failed id=0x00000400 dlc=2 err=60003
[13:06:40.619] [ARM-RX] [CAN][write_fail] status=0x000000A8 tx_err=128 rx_err=0 err_cod
[13:06:40.654] [ARM-RX] e=0x00000401
[13:06:40.655] [ARM-RX] CAN Send chunk for Motor ID 4 failed with err: 60003
[13:06:40.655] [ARM-RX] [CAN][TX] write failed id=0x00000500 dlc=2 err=60003
[13:06:40.655] [ARM-RX] [CAN][write_fail] status=0x000000A8 tx_err=128 rx_err=0 err_code=0x00000401
[13:06:40.658] [ARM-RX] CAN Send chunk for Motor ID 5 failed with err: 60003
[13:06:40.658] [ARM-RX] bat
[13:06:40.675] [ARM-RX] ch angle read timeout/missing mask=0x1F elapsed=89 ms
[13:06:40.676] [ARM-RX] [CAN][TX] write failed id=0x00000100 dlc=7 err=60003
[13:06:40.676] [ARM-RX] [CAN][write_fail] status=0x000000A8 tx_err=128 rx_err=0 err_code=0x00000401
[13:06:40.676] [ARM-RX] CAN Send chunk for Motor ID 1 failed with err: 60003
[13:06:40.676] [ARM-RX] [CAN][TX] write
[13:06:40.698] [ARM-RX] failed id=0x00000200 dlc=7 err=60003
[13:06:40.698] [ARM-RX] [CAN][write_fail] status=0x000000A8 tx_err=128 rx_err=0 err_code=0x00000401
[13:06:40.698] [ARM-RX] CAN Send chunk for Motor ID 2 failed with err: 60003
[13:06:40.698] [ARM-RX] [CAN][TX] write failed id=0x00000300 dlc=7 err=60003
[13:06:40.698] [ARM-RX] [CAN][write_fail] status=0x000000
[13:06:40.719] [ARM-RX] A8 tx_err=128 rx_err=0 err_code=0x00000401
[13:06:40.719] [ARM-RX] CAN Send chunk for Motor ID 3 failed with err: 60003
[13:06:40.719] [ARM-RX] [CAN][TX] write failed id=0x00000400 dlc=7 err=60003
[13:06:40.719] [ARM-RX] [CAN][write_fail] status=0x000000A8 tx_err=128 rx_err=0 err_code=0x00000401
[13:06:40.720] [ARM-RX] CAN Send chunk for Motor ID
[13:06:40.739] [ARM-RX] 4 failed with err: 60003
[13:06:40.739] [ARM-RX] [CAN][TX] write failed id=0x00000500 dlc=7 err=60003
[13:06:40.739] [ARM-RX] [CAN][write_fail] status=0x000000A8 tx_err=128 rx_err=0 err_code=0x00000401
[13:06:40.740] [ARM-RX] CAN Send chunk for Motor ID 5 failed with err: 60003
[13:06:40.740] [ARM-RX] [CAN][TX] write failed id=0x00000100 dlc=2 e
[13:06:40.761] [ARM-RX] rr=60003
[13:06:40.761] [ARM-RX] [CAN][write_fail] status=0x000000A8 tx_err=128 rx_err=0 err_code=0x00000401
[13:06:40.761] [ARM-RX] CAN Send chunk for Motor ID 1 failed with err: 60003
[13:06:40.762] [ARM-RX] [CAN][TX] write failed id=0x00000200 dlc=2 err=60003
[13:06:40.762] [ARM-RX] [CAN][write_fail] status=0x000000A8 tx_err=128 rx_err=0 err_c
[13:06:40.783] [ARM-RX] ode=0x00000401
[13:06:40.783] [ARM-RX] CAN Send chunk for Motor ID 2 failed with err: 60003
[13:06:40.783] [ARM-RX] [CAN][TX] write failed id=0x00000300 dlc=2 err=60003
[13:06:40.783] [ARM-RX] [CAN][write_fail] status=0x000000A8 tx_err=128 rx_err=0 err_code=0x00000401
[13:06:40.783] [ARM-RX] CAN Send chunk for Motor ID 3 failed with err: 60003
[13:06:40.785] [ARM-RX] [
[13:06:40.804] [ARM-RX] CAN][TX] write failed id=0x00000400 dlc=2 err=60003
[13:06:40.804] [ARM-RX] [CAN][write_fail] status=0x000000A8 tx_err=128 rx_err=0 err_code=0x00000401
[13:06:40.804] [ARM-RX] CAN Send chunk for Motor ID 4 failed with err: 60003
[13:06:40.804] [ARM-RX] [CAN][TX] write failed id=0x00000500 dlc=2 err=60003
[13:06:40.804] [ARM-RX] [CAN][write_fail]
[13:06:40.840] [ARM-RX] status=0x000000A8 tx_err=128 rx_err=0 err_code=0x00000401
[13:06:40.840] [ARM-RX] CAN Send chunk for Motor ID 5 failed with err: 60003
[13:06:40.841] [ARM-RX] batch angle read timeout/missing mask=0x1F elapsed=89 ms
[13:06:40.841] [ARM-RX] [CAN][TX] write failed id=0x00000100 dlc=7 err=60003
[13:06:40.841] [ARM-RX] [CAN][write_fail] status=0x0000
[13:06:40.861] [ARM-RX] 00A8 tx_err=128 rx_err=0 err_code=0x00000401
[13:06:40.862] [ARM-RX] CAN Send chunk for Motor ID 1 failed with err: 60003
[13:06:40.862] [ARM-RX] [CAN][TX] write failed id=0x00000200 dlc=7 err=60003
[13:06:40.862] [ARM-RX] [CAN][write_fail] status=0x000000A8 tx_err=128 rx_err=0 err_code=0x00000401
[13:06:40.862] [ARM-RX] CAN Send chunk for Motor
[13:06:40.884] [ARM-RX] ID 2 failed with err: 60003
[13:06:40.884] [ARM-RX] [CAN][TX] write failed id=0x00000300 dlc=7 err=60003
[13:06:40.884] [ARM-RX] [CAN][write_fail] status=0x000000A8 tx_err=128 rx_err=0 err_code=0x00000401
[13:06:40.884] [ARM-RX] CAN Send chunk for Motor ID 3 failed with err: 60003
[13:06:40.884] [ARM-RX] [CAN][TX] write failed id=0x00000400 dlc=7
[13:06:40.903] [ARM-RX] err=60003
[13:06:40.903] [ARM-RX] [CAN][write_fail] status=0x000000A8 tx_err=128 rx_err=0 err_code=0x00000401
[13:06:40.904] [ARM-RX] CAN Send chunk for Motor ID 4 failed with err: 60003
[13:06:40.904] [ARM-RX] [CAN][TX] write failed id=0x00000500 dlc=7 err=60003
[13:06:40.904] [ARM-RX] [CAN][write_fail] status=0x000000A8 tx_err=128 rx_err=0 err
[13:06:40.926] [ARM-RX] _code=0x00000401
[13:06:40.926] [ARM-RX] CAN Send chunk for Motor ID 5 failed with err: 60003
[13:06:40.926] [ARM-RX] [CAN][TX] write failed id=0x00000100 dlc=2 err=60003
[13:06:40.926] [ARM-RX] [CAN][write_fail] status=0x000000A8 tx_err=128 rx_err=0 err_code=0x00000401
[13:06:40.927] [ARM-RX] CAN Send chunk for Motor ID 1 failed with err: 60003
[13:06:40.947] [ARM-RX] [CAN][TX] write failed id=0x00000200 dlc=2 err=60003
[13:06:40.947] [ARM-RX] [CAN][write_fail] status=0x000000A8 tx_err=128 rx_err=0 err_code=0x00000401
[13:06:40.947] [ARM-RX] CAN Send chunk for Motor ID 2 failed with err: 60003
[13:06:40.947] [ARM-RX] [CAN][TX] write failed id=0x00000300 dlc=2 err=60003
[13:06:40.948] [ARM-RX] [CAN][write_fail
[13:06:40.969] [ARM-RX] ] status=0x000000A8 tx_err=128 rx_err=0 err_code=0x00000401
[13:06:40.969] [ARM-RX] CAN Send chunk for Motor ID 3 failed with err: 60003
[13:06:40.969] [ARM-RX] [CAN][TX] write failed id=0x00000400 dlc=2 err=60003
[13:06:40.969] [ARM-RX] [CAN][write_fail] status=0x000000A8 tx_err=128 rx_err=0 err_code=0x00000401
[13:06:40.970] [ARM-RX] CAN Send c
[13:06:41.004] [ARM-RX] hunk for Motor ID 4 failed with err: 60003
[13:06:41.005] [ARM-RX] [CAN][TX] write failed id=0x00000500 dlc=2 err=60003
[13:06:41.005] [ARM-RX] [CAN][write_fail] status=0x000000A8 tx_err=128 rx_err=0 err_code=0x00000401
[13:06:41.005] [ARM-RX] CAN Send chunk for Motor ID 5 failed with err: 60003
[13:06:41.005] [ARM-RX] batch angle read timeout/mi
[13:06:41.025] [ARM-RX] ssing mask=0x1F elapsed=89 ms
[13:06:41.026] [ARM-RX] [CAN][TX] write failed id=0x00000100 dlc=7 err=60003
[13:06:41.026] [ARM-RX] [CAN][write_fail] status=0x000000A8 tx_err=128 rx_err=0 err_code=0x00000401
[13:06:41.026] [ARM-RX] CAN Send chunk for Motor ID 1 failed with err: 60003
[13:06:41.026] [ARM-RX] [CAN][TX] write failed id=0x00000200 dlc
[13:06:41.047] [ARM-RX] =7 err=60003
[13:06:41.048] [ARM-RX] [CAN][write_fail] status=0x000000A8 tx_err=128 rx_err=0 err_code=0x00000401
[13:06:41.048] [ARM-RX] CAN Send chunk for Motor ID 2 failed with err: 60003
[13:06:41.048] [ARM-RX] [CAN][TX] write failed id=0x00000300 dlc=7 err=60003
[13:06:41.048] [ARM-RX] [CAN][write_fail] status=0x000000A8 tx_err=128 rx_err=0 e
[13:06:41.071] [ARM-RX] rr_code=0x00000401
[13:06:41.071] [ARM-RX] CAN Send chunk for Motor ID 3 failed with err: 60003
[13:06:41.071] [ARM-RX] [CAN][TX] write failed id=0x00000400 dlc=7 err=60003
[13:06:41.072] [ARM-RX] [CAN][write_fail] status=0x000000A8 tx_err=128 rx_err=0 err_code=0x00000401
[13:06:41.072] [ARM-RX] CAN Send chunk for Motor ID 4 failed with err: 6000
[13:06:41.090] [ARM-RX] 3
[13:06:41.090] [ARM-RX] [CAN][TX] write failed id=0x00000500 dlc=7 err=60003
[13:06:41.090] [ARM-RX] [CAN][write_fail] status=0x000000A8 tx_err=128 rx_err=0 err_code=0x00000401
[13:06:41.090] [ARM-RX] CAN Send chunk for Motor ID 5 failed with err: 60003
[13:06:41.091] [ARM-RX] [CAN][TX] write failed id=0x00000100 dlc=2 err=60003
[13:06:41.091] [ARM-RX] [CAN][write_fa
[13:06:41.111] [ARM-RX] il] status=0x000000A8 tx_err=128 rx_err=0 err_code=0x00000401
[13:06:41.111] [ARM-RX] CAN Send chunk for Motor ID 1 failed with err: 60003
[13:06:41.111] [ARM-RX] [CAN][TX] write failed id=0x00000200 dlc=2 err=60003
[13:06:41.111] [ARM-RX] [CAN][write_fail] status=0x000000A8 tx_err=128 rx_err=0 err_code=0x00000401
[13:06:41.111] [ARM-RX] CAN Send
[13:06:41.143] [ARM-RX] chunk for Motor ID 2 failed with err: 60003
[13:06:41.143] [ARM-RX] [CAN][TX] write failed id=0x00000300 dlc=2 err=60003
[13:06:41.143] [ARM-RX] [CAN][write_fail] status=0x000000A8 tx_err=128 rx_err=0 err_code=0x00000401
[13:06:41.143] [ARM-RX] CAN Send chunk for Motor ID 3 failed with err: 60003
[13:06:41.143] [ARM-RX] [CAN][TX] write failed id
[13:06:41.163] [ARM-RX] =0x00000400 dlc=2 err=60003
[13:06:41.163] [ARM-RX] [CAN][write_fail] status=0x000000A8 tx_err=128 rx_err=0 err_code=0x00000401
[13:06:41.164] [ARM-RX] CAN Send chunk for Motor ID 4 failed with err: 60003
[13:06:41.164] [ARM-RX] [CAN][TX] write failed id=0x00000500 dlc=2 err=60003
[13:06:41.164] [ARM-RX] [CAN][write_fail] status=0x000000A8 tx_err
[13:06:41.191] [ARM-RX] =128 rx_err=0 err_code=0x00000401
[13:06:41.191] [ARM-RX] CAN Send chunk for Motor ID 5 failed with err: 60003
[13:06:41.191] [ARM-RX] batch angle read timeout/missing mask=0x1F elapsed=89 ms
[13:06:41.191] [ARM-RX] [CAN][TX] write failed id=0x00000100 dlc=7 err=60003
[13:06:41.192] [ARM-RX] [CAN][write_fail] status=0x000000A8 tx_err=128 rx_err=0
[13:06:41.212] [ARM-RX] err_code=0x00000401
[13:06:41.213] [ARM-RX] CAN Send chunk for Motor ID 1 failed with err: 60003
[13:06:41.213] [ARM-RX] [CAN][TX] write failed id=0x00000200 dlc=7 err=60003
[13:06:41.213] [ARM-RX] [CAN][write_fail] status=0x000000A8 tx_err=128 rx_err=0 err_code=0x00000401
[13:06:41.214] [ARM-RX] CAN Send chunk for Motor ID 2 failed with err: 60
[13:06:41.232] [ARM-RX] 003
[13:06:41.232] [ARM-RX] [CAN][TX] write failed id=0x00000300 dlc=7 err=60003
[13:06:41.232] [ARM-RX] [CAN][write_fail] status=0x000000A8 tx_err=128 rx_err=0 err_code=0x00000401
[13:06:41.233] [ARM-RX] CAN Send chunk for Motor ID 3 failed with err: 60003
[13:06:41.233] [ARM-RX] [CAN][TX] write failed id=0x00000400 dlc=7 err=60003
[13:06:41.233] [ARM-RX] [CAN][write_
[13:06:41.257] [ARM-RX] fail] status=0x000000A8 tx_err=128 rx_err=0 err_code=0x00000401
[13:06:41.257] [ARM-RX] CAN Send chunk for Motor ID 4 failed with err: 60003
[13:06:41.258] [ARM-RX] [CAN][TX] write failed id=0x00000500 dlc=7 err=60003
[13:06:41.258] [ARM-RX] [CAN][write_fail] status=0x000000A8 tx_err=128 rx_err=0 err_code=0x00000401
[13:06:41.258] [ARM-RX] CAN Se
[13:06:41.275] [ARM-RX] nd chunk for Motor ID 5 failed with err: 60003
[13:06:41.276] [ARM-RX] [CAN][TX] write failed id=0x00000100 dlc=2 err=60003
[13:06:41.276] [ARM-RX] [CAN][write_fail] status=0x000000A8 tx_err=128 rx_err=0 err_code=0x00000401
[13:06:41.276] [ARM-RX] CAN Send chunk for Motor ID 1 failed with err: 60003
[13:06:41.276] [ARM-RX] [CAN][TX] write failed
[13:06:41.306] [ARM-RX] id=0x00000200 dlc=2 err=60003
[13:06:41.307] [ARM-RX] [CAN][write_fail] status=0x000000A8 tx_err=128 rx_err=0 err_code=0x00000401
[13:06:41.307] [ARM-RX] CAN Send chunk for Motor ID 2 failed with err: 60003
[13:06:41.307] [ARM-RX] [CAN][TX] write failed id=0x00000300 dlc=2 err=60003
[13:06:41.307] [ARM-RX] [CAN][write_fail] status=0x000000A8 tx_e
[13:06:41.329] [ARM-RX] rr=128 rx_err=0 err_code=0x00000401
[13:06:41.329] [ARM-RX] CAN Send chunk for Motor ID 3 failed with err: 60003
[13:06:41.329] [ARM-RX] [CAN][TX] write failed id=0x00000400 dlc=2 err=60003
[13:06:41.329] [ARM-RX] [CAN][write_fail] status=0x000000A8 tx_err=128 rx_err=0 err_code=0x00000401
[13:06:41.330] [ARM-RX] CAN Send chunk for Motor ID 4 fail
[13:06:41.355] [ARM-RX] ed with err: 60003
[13:06:41.355] [ARM-RX] [CAN][TX] write failed id=0x00000500 dlc=2 err=60003
[13:06:41.355] [ARM-RX] [CAN][write_fail] status=0x000000A8 tx_err=128 rx_err=0 err_code=0x00000401
[13:06:41.355] [ARM-RX] CAN Send chunk for Motor ID 5 failed with err: 60003
[13:06:41.355] [ARM-RX] batch angle read timeout/missing mask=0x1F elapsed=
[13:06:41.378] [ARM-RX] 89 ms
[13:06:41.378] [ARM-RX] [CAN][TX] write failed id=0x00000100 dlc=7 err=60003
[13:06:41.379] [ARM-RX] [CAN][write_fail] status=0x000000A8 tx_err=128 rx_err=0 err_code=0x00000401
[13:06:41.379] [ARM-RX] CAN Send chunk for Motor ID 1 failed with err: 60003
[13:06:41.379] [ARM-RX] [CAN][TX] write failed id=0x00000200 dlc=7 err=60003
[13:06:41.379] [ARM-RX] [CAN][writ
[13:06:41.397] [ARM-RX] e_fail] status=0x000000A8 tx_err=128 rx_err=0 err_code=0x00000401
[13:06:41.397] [ARM-RX] CAN Send chunk for Motor ID 2 failed with err: 60003
[13:06:41.398] [ARM-RX] [CAN][TX] write failed id=0x00000300 dlc=7 err=60003
[13:06:41.398] [ARM-RX] [CAN][write_fail] status=0x000000A8 tx_err=128 rx_err=0 err_code=0x00000401
[13:06:41.398] [ARM-RX] CAN
[13:06:41.418] [ARM-RX] Send chunk for Motor ID 3 failed with err: 60003
[13:06:41.419] [ARM-RX] [CAN][TX] write failed id=0x00000400 dlc=7 err=60003
[13:06:41.419] [ARM-RX] [CAN][write_fail] status=0x000000A8 tx_err=128 rx_err=0 err_code=0x00000401
[13:06:41.419] [ARM-RX] CAN Send chunk for Motor ID 4 failed with err: 60003
[13:06:41.420] [ARM-RX] [CAN][TX] write faile
[13:06:41.442] [ARM-RX] d id=0x00000500 dlc=7 err=60003
[13:06:41.442] [ARM-RX] [CAN][write_fail] status=0x000000A8 tx_err=128 rx_err=0 err_code=0x00000401
[13:06:41.442] [ARM-RX] CAN Send chunk for Motor ID 5 failed with err: 60003
[13:06:41.442] [ARM-RX] [CAN][TX] write failed id=0x00000100 dlc=2 err=60003
[13:06:41.443] [ARM-RX] [CAN][write_fail] status=0x000000A8 tx
[13:06:41.474] [ARM-RX] _err=128 rx_err=0 err_code=0x00000401
[13:06:41.474] [ARM-RX] CAN Send chunk for Motor ID 1 failed with err: 60003
[13:06:41.474] [ARM-RX] [CAN][TX] write failed id=0x00000200 dlc=2 err=60003
[13:06:41.474] [ARM-RX] [CAN][write_fail] status=0x000000A8 tx_err=128 rx_err=0 err_code=0x00000401
[13:06:41.475] [ARM-RX] CAN Send chunk for Motor ID 2 fa
[13:06:41.492] [ARM-RX] iled with err: 60003
[13:06:41.492] [ARM-RX] [CAN][TX] write failed id=0x00000300 dlc=2 err=60003
[13:06:41.493] [ARM-RX] [CAN][write_fail] status=0x000000A8 tx_err=128 rx_err=0 err_code=0x00000401
[13:06:41.493] [ARM-RX] CAN Send chunk for Motor ID 3 failed with err: 60003
[13:06:41.493] [ARM-RX] [CAN][TX] write failed id=0x00000400 dlc=2 err=60
[13:06:41.513] [ARM-RX] 003
[13:06:41.513] [ARM-RX] [CAN][write_fail] status=0x000000A8 tx_err=128 rx_err=0 err_code=0x00000401
[13:06:41.513] [ARM-RX] CAN Send chunk for Motor ID 4 failed with err: 60003
[13:06:41.514] [ARM-RX] [CAN][TX] write failed id=0x00000500 dlc=2 err=60003
[13:06:41.514] [ARM-RX] [CAN][write_fail] status=0x000000A8 tx_err=128 rx_err=0 err_code=0
[13:06:41.540] [ARM-RX] x00000401
[13:06:41.541] [ARM-RX] CAN Send chunk for Motor ID 5 failed with err: 60003
[13:06:41.541] [ARM-RX] batch angle read timeout/missing mask=0x1F elapsed=89 ms
[13:06:41.541] [ARM-RX] [CAN][TX] write failed id=0x00000100 dlc=7 err=60003
[13:06:41.541] [ARM-RX] [CAN][write_fail] status=0x000000A8 tx_err=128 rx_err=0 err_code=0x00000401
[13:06:41.542] [ARM-RX] CA
[13:06:41.562] [ARM-RX] N Send chunk for Motor ID 1 failed with err: 60003
[13:06:41.562] [ARM-RX] [CAN][TX] write failed id=0x00000200 dlc=7 err=60003
[13:06:41.563] [ARM-RX] [CAN][write_fail] status=0x000000A8 tx_err=128 rx_err=0 err_code=0x00000401
[13:06:41.563] [ARM-RX] CAN Send chunk for Motor ID 2 failed with err: 60003
[13:06:41.564] [ARM-RX] [CAN][TX] write fai
[13:06:41.583] [ARM-RX] led id=0x00000300 dlc=7 err=60003
[13:06:41.583] [ARM-RX] [CAN][write_fail] status=0x000000A8 tx_err=128 rx_err=0 err_code=0x00000401
[13:06:41.583] [ARM-RX] CAN Send chunk for Motor ID 3 failed with err: 60003
[13:06:41.583] [ARM-RX] [CAN][TX] write failed id=0x00000400 dlc=7 err=60003
[13:06:41.584] [ARM-RX] [CAN][write_fail] status=0x000000A8
[13:06:41.603] [ARM-RX] tx_err=128 rx_err=0 err_code=0x00000401
[13:06:41.605] [ARM-RX] CAN Send chunk for Motor ID 4 failed with err: 60003
[13:06:41.605] [ARM-RX] [CAN][TX] write failed id=0x00000500 dlc=7 err=60003
[13:06:41.605] [ARM-RX] [CAN][write_fail] status=0x000000A8 tx_err=128 rx_err=0 err_code=0x00000401
[13:06:41.605] [ARM-RX] CAN Send chunk for Motor ID 5
[13:06:41.635] [ARM-RX] failed with err: 60003
[13:06:41.636] [ARM-RX] [CAN][TX] write failed id=0x00000100 dlc=2 err=60003
[13:06:41.636] [ARM-RX] [CAN][write_fail] status=0x000000A8 tx_err=128 rx_err=0 err_code=0x00000401
[13:06:41.636] [ARM-RX] CAN Send chunk for Motor ID 1 failed with err: 60003
[13:06:41.636] [ARM-RX] [CAN][TX] write failed id=0x00000200 dlc=2 err=
[13:06:41.656] [ARM-RX] 60003
[13:06:41.657] [ARM-RX] [CAN][write_fail] status=0x000000A8 tx_err=128 rx_err=0 err_code=0x00000401
[13:06:41.657] [ARM-RX] CAN Send chunk for Motor ID 2 failed with err: 60003
[13:06:41.657] [ARM-RX] [CAN][TX] write failed id=0x00000300 dlc=2 err=60003
[13:06:41.657] [ARM-RX] [CAN][write_fail] status=0x000000A8 tx_err=128 rx_err=0 err_code
[13:06:41.678] [ARM-RX] =0x00000401
[13:06:41.678] [ARM-RX] CAN Send chunk for Motor ID 3 failed with err: 60003
[13:06:41.679] [ARM-RX] [CAN][TX] write failed id=0x00000400 dlc=2 err=60003
[13:06:41.679] [ARM-RX] [CAN][write_fail] status=0x000000A8 tx_err=128 rx_err=0 err_code=0x00000401
[13:06:41.679] [ARM-RX] CAN Send chunk for Motor ID 4 failed with err: 60003
[13:06:41.679] [ARM-RX] [CAN
[13:06:41.705] [ARM-RX] ][TX] write failed id=0x00000500 dlc=2 err=60003
[13:06:41.705] [ARM-RX] [CAN][write_fail] status=0x000000A8 tx_err=128 rx_err=0 err_code=0x00000401
[13:06:41.705] [ARM-RX] CAN Send chunk for Motor ID 5 failed with err: 60003
[13:06:41.706] [ARM-RX] batch angle read timeout/missing mask=0x1F elapsed=89 ms
[13:06:41.706] [ARM-RX] [CAN][TX] write f
[13:06:41.725] [ARM-RX] ailed id=0x00000100 dlc=7 err=60003
[13:06:41.726] [ARM-RX] [CAN][write_fail] status=0x000000A8 tx_err=128 rx_err=0 err_code=0x00000401
[13:06:41.726] [ARM-RX] CAN Send chunk for Motor ID 1 failed with err: 60003
[13:06:41.726] [ARM-RX] [CAN][TX] write failed id=0x00000200 dlc=7 err=60003
[13:06:41.726] [ARM-RX] [CAN][write_fail] status=0x000000A
[13:06:41.747] [ARM-RX] 8 tx_err=128 rx_err=0 err_code=0x00000401
[13:06:41.748] [ARM-RX] CAN Send chunk for Motor ID 2 failed with err: 60003
[13:06:41.748] [ARM-RX] [CAN][TX] write failed id=0x00000300 dlc=7 err=60003
[13:06:41.748] [ARM-RX] [CAN][write_fail] status=0x000000A8 tx_err=128 rx_err=0 err_code=0x00000401
[13:06:41.748] [ARM-RX] CAN Send chunk for Motor ID
[13:06:41.778] [ARM-RX] 3 failed with err: 60003
[13:06:41.779] [ARM-RX] [CAN][TX] write failed id=0x00000400 dlc=7 err=60003
[13:06:41.779] [ARM-RX] [CAN][write_fail] status=0x000000A8 tx_err=128 rx_err=0 err_code=0x00000401
[13:06:41.779] [ARM-RX] CAN Send chunk for Motor ID 4 failed with err: 60003
[13:06:41.779] [ARM-RX] [CAN][TX] write failed id=0x00000500 dlc=7 er
[13:06:41.801] [ARM-RX] r=60003
[13:06:41.801] [ARM-RX] [CAN][write_fail] status=0x000000A8 tx_err=128 rx_err=0 err_code=0x00000401
[13:06:41.801] [ARM-RX] CAN Send chunk for Motor ID 5 failed with err: 60003
[13:06:41.801] [ARM-RX] [CAN][TX] write failed id=0x00000100 dlc=2 err=60003
[13:06:41.802] [ARM-RX] [CAN][write_fail] status=0x000000A8 tx_err=128 rx_err=0 err_co
[13:06:41.821] [ARM-RX] de=0x00000401
[13:06:41.821] [ARM-RX] CAN Send chunk for Motor ID 1 failed with err: 60003
[13:06:41.821] [ARM-RX] [CAN][TX] write failed id=0x00000200 dlc=2 err=60003
[13:06:41.821] [ARM-RX] [CAN][write_fail] status=0x000000A8 tx_err=128 rx_err=0 err_code=0x00000401
[13:06:41.823] [ARM-RX] CAN Send chunk for Motor ID 2 failed with err: 60003
[13:06:41.823] [ARM-RX] [C
[13:06:41.843] [ARM-RX] AN][TX] write failed id=0x00000300 dlc=2 err=60003
[13:06:41.843] [ARM-RX] [CAN][write_fail] status=0x000000A8 tx_err=128 rx_err=0 err_code=0x00000401
[13:06:41.843] [ARM-RX] CAN Send chunk for Motor ID 3 failed with err: 60003
[13:06:41.843] [ARM-RX] [CAN][TX] write failed id=0x00000400 dlc=2 err=60003
[13:06:41.844] [ARM-RX] [CAN][write_fail] s
[13:06:41.863] [ARM-RX] tatus=0x000000A8 tx_err=128 rx_err=0 err_code=0x00000401
[13:06:41.863] [ARM-RX] CAN Send chunk for Motor ID 4 failed with err: 60003
[13:06:41.863] [ARM-RX] [CAN][TX] write failed id=0x00000500 dlc=2 err=60003
[13:06:41.864] [ARM-RX] [CAN][write_fail] status=0x000000A8 tx_err=128 rx_err=0 err_code=0x00000401
[13:06:41.864] [ARM-RX] CAN Send chun
[13:06:41.891] [ARM-RX] k for Motor ID 5 failed with err: 60003
[13:06:41.891] [ARM-RX] batch angle read timeout/missing mask=0x1F elapsed=89 ms
[13:06:41.891] [ARM-RX] [CAN][TX] write failed id=0x00000100 dlc=7 err=60003
[13:06:41.891] [ARM-RX] [CAN][write_fail] status=0x000000A8 tx_err=128 rx_err=0 err_code=0x00000401
[13:06:41.892] [ARM-RX] CAN Send chunk for Motor I
[13:06:41.912] [ARM-RX] D 1 failed with err: 60003
[13:06:41.912] [ARM-RX] [CAN][TX] write failed id=0x00000200 dlc=7 err=60003
[13:06:41.912] [ARM-RX] [CAN][write_fail] status=0x000000A8 tx_err=128 rx_err=0 err_code=0x00000401
[13:06:41.912] [ARM-RX] CAN Send chunk for Motor ID 2 failed with err: 60003
[13:06:41.913] [ARM-RX] [CAN][TX] write failed id=0x00000300 dlc=7
[13:06:41.944] [ARM-RX] err=60003
[13:06:41.944] [ARM-RX] [CAN][write_fail] status=0x000000A8 tx_err=128 rx_err=0 err_code=0x00000401
[13:06:41.944] [ARM-RX] CAN Send chunk for Motor ID 3 failed with err: 60003
[13:06:41.944] [ARM-RX] [CAN][TX] write failed id=0x00000400 dlc=7 err=60003
[13:06:41.944] [ARM-RX] [CAN][write_fail] status=0x000000A8 tx_err=128 rx_err=0 err_
[13:06:41.964] [ARM-RX] code=0x00000401
[13:06:41.965] [ARM-RX] CAN Send chunk for Motor ID 4 failed with err: 60003
[13:06:41.965] [ARM-RX] [CAN][TX] write failed id=0x00000500 dlc=7 err=60003
[13:06:41.965] [ARM-RX] [CAN][write_fail] status=0x000000A8 tx_err=128 rx_err=0 err_code=0x00000401
[13:06:41.965] [ARM-RX] CAN Send chunk for Motor ID 5 failed with err: 60003
[13:06:41.985] [ARM-RX] [CAN][TX] write failed id=0x00000100 dlc=2 err=60003
[13:06:41.985] [ARM-RX] [CAN][write_fail] status=0x000000A8 tx_err=128 rx_err=0 err_code=0x00000401
[13:06:41.986] [ARM-RX] CAN Send chunk for Motor ID 1 failed with err: 60003
[13:06:41.986] [ARM-RX] [CAN][TX] write failed id=0x00000200 dlc=2 err=60003
[13:06:41.986] [ARM-RX] [CAN][write_fail]
[13:06:42.006] [ARM-RX] status=0x000000A8 tx_err=128 rx_err=0 err_code=0x00000401
[13:06:42.006] [ARM-RX] CAN Send chunk for Motor ID 2 failed with err: 60003
[13:06:42.007] [ARM-RX] [CAN][TX] write failed id=0x00000300 dlc=2 err=60003
[13:06:42.007] [ARM-RX] [CAN][write_fail] status=0x000000A8 tx_err=128 rx_err=0 err_code=0x00000401
[13:06:42.007] [ARM-RX] CAN Send ch
[13:06:42.028] [ARM-RX] unk for Motor ID 3 failed with err: 60003
[13:06:42.029] [ARM-RX] [CAN][TX] write failed id=0x00000400 dlc=2 err=60003
[13:06:42.029] [ARM-RX] [CAN][write_fail] status=0x000000A8 tx_err=128 rx_err=0 err_code=0x00000401
[13:06:42.029] [ARM-RX] CAN Send chunk for Motor ID 4 failed with err: 60003
[13:06:42.029] [ARM-RX] [CAN][TX] write failed id=0x
[13:06:42.054] [ARM-RX] 00000500 dlc=2 err=60003
[13:06:42.055] [ARM-RX] [CAN][write_fail] status=0x000000A8 tx_err=128 rx_err=0 err_code=0x00000401
[13:06:42.055] [ARM-RX] CAN Send chunk for Motor ID 5 failed with err: 60003
[13:06:42.055] [ARM-RX] batch angle read timeout/missing mask=0x1F elapsed=89 ms
[13:06:42.055] [ARM-RX] [CAN][TX] write failed id=0x00000100 dlc=
[13:06:42.076] [ARM-RX] 7 err=60003
[13:06:42.076] [ARM-RX] [CAN][write_fail] status=0x000000A8 tx_err=128 rx_err=0 err_code=0x00000401
[13:06:42.076] [ARM-RX] CAN Send chunk for Motor ID 1 failed with err: 60003
[13:06:42.076] [ARM-RX] [CAN][TX] write failed id=0x00000200 dlc=7 err=60003
[13:06:42.077] [ARM-RX] [CAN][write_fail] status=0x000000A8 tx_err=128 rx_err=0 er
[13:06:42.107] [ARM-RX] r_code=0x00000401
[13:06:42.107] [ARM-RX] CAN Send chunk for Motor ID 2 failed with err: 60003
[13:06:42.107] [ARM-RX] [CAN][TX] write failed id=0x00000300 dlc=7 err=60003
[13:06:42.107] [ARM-RX] [CAN][write_fail] status=0x000000A8 tx_err=128 rx_err=0 err_code=0x00000401
[13:06:42.109] [ARM-RX] CAN Send chunk for Motor ID 3 failed with err: 60003
[13:06:42.129] [ARM-RX] [CAN][TX] write failed id=0x00000400 dlc=7 err=60003
[13:06:42.129] [ARM-RX] [CAN][write_fail] status=0x000000A8 tx_err=128 rx_err=0 err_code=0x00000401
[13:06:42.129] [ARM-RX] CAN Send chunk for Motor ID 4 failed with err: 60003
[13:06:42.130] [ARM-RX] [CAN][TX] write failed id=0x00000500 dlc=7 err=60003
[13:06:42.130] [ARM-RX] [CAN][write_fai
[13:06:42.150] [ARM-RX] l] status=0x000000A8 tx_err=128 rx_err=0 err_code=0x00000401
[13:06:42.151] [ARM-RX] CAN Send chunk for Motor ID 5 failed with err: 60003
[13:06:42.151] [ARM-RX] [CAN][TX] write failed id=0x00000100 dlc=2 err=60003
[13:06:42.151] [ARM-RX] [CAN][write_fail] status=0x000000A8 tx_err=128 rx_err=0 err_code=0x00000401
[13:06:42.151] [ARM-RX] CAN Send
[13:06:42.171] [ARM-RX] chunk for Motor ID 1 failed with err: 60003
[13:06:42.172] [ARM-RX] [CAN][TX] write failed id=0x00000200 dlc=2 err=60003
[13:06:42.172] [ARM-RX] [CAN][write_fail] status=0x000000A8 tx_err=128 rx_err=0 err_code=0x00000401
[13:06:42.172] [ARM-RX] CAN Send chunk for Motor ID 2 failed with err: 60003
[13:06:42.172] [ARM-RX] [CAN][TX] write failed id=
[13:06:42.192] [ARM-RX] 0x00000300 dlc=2 err=60003
[13:06:42.193] [ARM-RX] [CAN][write_fail] status=0x000000A8 tx_err=128 rx_err=0 err_code=0x00000401
[13:06:42.193] [ARM-RX] CAN Send chunk for Motor ID 3 failed with err: 60003
[13:06:42.201] [ARM-RX] [CAN][TX] write failed id=0x00000400 dlc=2 err=60003
[13:06:42.201] [ARM-RX] [CAN][write_fail] status=0x000000A8 tx_err=
[13:06:42.213] [ARM-RX] 128 rx_err=0 err_code=0x00000401
[13:06:42.214] [ARM-RX] CAN Send chunk for Motor ID 4 failed with err: 60003
[13:06:42.214] [ARM-RX] [CAN][TX] write failed id=0x00000500 dlc=2 err=60003
[13:06:42.214] [ARM-RX] [CAN][write_fail] status=0x000000A8 tx_err=128 rx_err=0 err_code=0x00000401
[13:06:42.214] [ARM-RX] CAN Send chunk for Motor ID 5 failed
[13:06:42.239] [ARM-RX] with err: 60003
[13:06:42.241] [ARM-RX] batch angle read timeout/missing mask=0x1F elapsed=89 ms
[13:06:42.241] [ARM-RX] [CAN][TX] write failed id=0x00000100 dlc=7 err=60003
[13:06:42.241] [ARM-RX] [CAN][write_fail] status=0x000000A8 tx_err=128 rx_err=0 err_code=0x00000401
[13:06:42.241] [ARM-RX] CAN Send chunk for Motor ID 1 failed with err: 600
[13:06:42.273] [ARM-RX] 03
[13:06:42.273] [ARM-RX] [CAN][TX] write failed id=0x00000200 dlc=7 err=60003
[13:06:42.273] [ARM-RX] [CAN][write_fail] status=0x000000A8 tx_err=128 rx_err=0 err_code=0x00000401
[13:06:42.274] [ARM-RX] CAN Send chunk for Motor ID 2 failed with err: 60003
[13:06:42.274] [ARM-RX] [CAN][TX] write failed id=0x00000300 dlc=7 err=60003
[13:06:42.274] [ARM-RX] [CAN][write_f
[13:06:42.293] [ARM-RX] ail] status=0x000000A8 tx_err=128 rx_err=0 err_code=0x00000401
[13:06:42.293] [ARM-RX] CAN Send chunk for Motor ID 3 failed with err: 60003
[13:06:42.294] [ARM-RX] [CAN][TX] write failed id=0x00000400 dlc=7 err=60003
[13:06:42.294] [ARM-RX] [CAN][write_fail] status=0x000000A8 tx_err=128 rx_err=0 err_code=0x00000401
[13:06:42.294] [ARM-RX] CAN Sen
[13:06:42.314] [ARM-RX] d chunk for Motor ID 4 failed with err: 60003
[13:06:42.315] [ARM-RX] [CAN][TX] write failed id=0x00000500 dlc=7 err=60003
[13:06:42.315] [ARM-RX] [CAN][write_fail] status=0x000000A8 tx_err=128 rx_err=0 err_code=0x00000401
[13:06:42.315] [ARM-RX] CAN Send chunk for Motor ID 5 failed with err: 60003
[13:06:42.315] [ARM-RX] [CAN][TX] write failed i
[13:06:42.336] [ARM-RX] d=0x00000100 dlc=2 err=60003
[13:06:42.336] [ARM-RX] [CAN][write_fail] status=0x000000A8 tx_err=128 rx_err=0 err_code=0x00000401
[13:06:42.336] [ARM-RX] CAN Send chunk for Motor ID 1 failed with err: 60003
[13:06:42.336] [ARM-RX] [CAN][TX] write failed id=0x00000200 dlc=2 err=60003
[13:06:42.337] [ARM-RX] [CAN][write_fail] status=0x000000A8 tx_er
[13:06:42.356] [ARM-RX] r=128 rx_err=0 err_code=0x00000401
[13:06:42.357] [ARM-RX] CAN Send chunk for Motor ID 2 failed with err: 60003
[13:06:42.357] [ARM-RX] [CAN][TX] write failed id=0x00000300 dlc=2 err=60003
[13:06:42.357] [ARM-RX] [CAN][write_fail] status=0x000000A8 tx_err=128 rx_err=0 err_code=0x00000401
[13:06:42.357] [ARM-RX] CAN Send chunk for Motor ID 3 faile
[13:06:42.384] [ARM-RX] d with err: 60003
[13:06:42.384] [ARM-RX] [CAN][TX] write failed id=0x00000400 dlc=2 err=60003
[13:06:42.384] [ARM-RX] [CAN][write_fail] status=0x000000A8 tx_err=128 rx_err=0 err_code=0x00000401
[13:06:42.384] [ARM-RX] CAN Send chunk for Motor ID 4 failed with err: 60003
[13:06:42.384] [ARM-RX] [CAN][TX] write failed id=0x00000500 dlc=2 err=60003
[13:06:42.416] [ARM-RX] [CAN][write_fail] status=0x000000A8 tx_err=128 rx_err=0 err_code=0x00000401
[13:06:42.416] [ARM-RX] CAN Send chunk for Motor ID 5 failed with err: 60003
[13:06:42.417] [ARM-RX] batch angle read timeout/missing mask=0x1F elapsed=89 ms
[13:06:42.417] [ARM-RX] [CAN][TX] write failed id=0x00000100 dlc=7 err=60003
[13:06:42.417] [ARM-RX] [CAN][write
[13:06:42.436] [ARM-RX] _fail] status=0x000000A8 tx_err=128 rx_err=0 err_code=0x00000401
[13:06:42.437] [ARM-RX] CAN Send chunk for Motor ID 1 failed with err: 60003
[13:06:42.437] [ARM-RX] [CAN][TX] write failed id=0x00000200 dlc=7 err=60003
[13:06:42.437] [ARM-RX] [CAN][write_fail] status=0x000000A8 tx_err=128 rx_err=0 err_code=0x00000401
[13:06:42.437] [ARM-RX] CAN S
[13:06:42.458] [ARM-RX] end chunk for Motor ID 2 failed with err: 60003
[13:06:42.458] [ARM-RX] [CAN][TX] write failed id=0x00000300 dlc=7 err=60003
[13:06:42.458] [ARM-RX] [CAN][write_fail] status=0x000000A8 tx_err=128 rx_err=0 err_code=0x00000401
[13:06:42.458] [ARM-RX] CAN Send chunk for Motor ID 3 failed with err: 60003
[13:06:42.458] [ARM-RX] [CAN][TX] write failed
[13:06:42.478] [ARM-RX] id=0x00000400 dlc=7 err=60003
[13:06:42.478] [ARM-RX] [CAN][write_fail] status=0x000000A8 tx_err=128 rx_err=0 err_code=0x00000401
[13:06:42.481] [ARM-RX] CAN Send chunk for Motor ID 4 failed with err: 60003
[13:06:42.481] [ARM-RX] [CAN][TX] write failed id=0x00000500 dlc=7 err=60003
[13:06:42.482] [ARM-RX] [CAN][write_fail] status=0x000000A8 tx_
[13:06:42.499] [ARM-RX] err=128 rx_err=0 err_code=0x00000401
[13:06:42.501] [ARM-RX] CAN Send chunk for Motor ID 5 failed with err: 60003
[13:06:42.501] [ARM-RX] [CAN][TX] write failed id=0x00000100 dlc=2 err=60003
[13:06:42.501] [ARM-RX] [CAN][write_fail] status=0x000000A8 tx_err=128 rx_err=0 err_code=0x00000401
[13:06:42.501] [ARM-RX] CAN Send chunk for Motor ID 1 fai
[13:06:42.521] [ARM-RX] led with err: 60003
[13:06:42.522] [ARM-RX] [CAN][TX] write failed id=0x00000200 dlc=2 err=60003
[13:06:42.522] [ARM-RX] [CAN][write_fail] status=0x000000A8 tx_err=128 rx_err=0 err_code=0x00000401
[13:06:42.522] [ARM-RX] CAN Send chunk for Motor ID 2 failed with err: 60003
[13:06:42.522] [ARM-RX] [CAN][TX] write failed id=0x00000300 dlc=2 err=600
[13:06:42.543] [ARM-RX] 03
[13:06:42.543] [ARM-RX] [CAN][write_fail] status=0x000000A8 tx_err=128 rx_err=0 err_code=0x00000401
[13:06:42.543] [ARM-RX] CAN Send chunk for Motor ID 3 failed with err: 60003
[13:06:42.543] [ARM-RX] [CAN][TX] write failed id=0x00000400 dlc=2 err=60003
[13:06:42.544] [ARM-RX] [CAN][write_fail] status=0x000000A8 tx_err=128 rx_err=0 err_code=0x
[13:06:42.579] [ARM-RX] 00000401
[13:06:42.580] [ARM-RX] CAN Send chunk for Motor ID 4 failed with err: 60003
[13:06:42.580] [ARM-RX] [CAN][TX] write failed id=0x00000500 dlc=2 err=60003
[13:06:42.580] [ARM-RX] [CAN][write_fail] status=0x000000A8 tx_err=128 rx_err=0 err_code=0x00000401
[13:06:42.580] [ARM-RX] CAN Send chunk for Motor ID 5 failed with err: 60003
[13:06:42.581] [ARM-RX] batch a
[13:06:42.601] [ARM-RX] ngle read timeout/missing mask=0x1F elapsed=89 ms
[13:06:42.601] [ARM-RX] [CAN][TX] write failed id=0x00000100 dlc=7 err=60003
[13:06:42.602] [ARM-RX] [CAN][write_fail] status=0x000000A8 tx_err=128 rx_err=0 err_code=0x00000401
[13:06:42.602] [ARM-RX] CAN Send chunk for Motor ID 1 failed with err: 60003
[13:06:42.602] [ARM-RX] [CAN][TX] write fail
[13:06:42.622] [ARM-RX] ed id=0x00000200 dlc=7 err=60003
[13:06:42.623] [ARM-RX] [CAN][write_fail] status=0x000000A8 tx_err=128 rx_err=0 err_code=0x00000401
[13:06:42.623] [ARM-RX] CAN Send chunk for Motor ID 2 failed with err: 60003
[13:06:42.623] [ARM-RX] [CAN][TX] write failed id=0x00000300 dlc=7 err=60003
[13:06:42.623] [ARM-RX] [CAN][write_fail] status=0x000000A8 t
[13:06:42.643] [ARM-RX] x_err=128 rx_err=0 err_code=0x00000401
[13:06:42.645] [ARM-RX] CAN Send chunk for Motor ID 3 failed with err: 60003
[13:06:42.645] [ARM-RX] [CAN][TX] write failed id=0x00000400 dlc=7 err=60003
[13:06:42.645] [ARM-RX] [CAN][write_fail] status=0x000000A8 tx_err=128 rx_err=0 err_code=0x00000401
[13:06:42.645] [ARM-RX] CAN Send chunk for Motor ID 4 f
[13:06:42.664] [ARM-RX] ailed with err: 60003
[13:06:42.664] [ARM-RX] [CAN][TX] write failed id=0x00000500 dlc=7 err=60003
[13:06:42.672] [ARM-RX] [CAN][write_fail] status=0x000000A8 tx_err=128 rx_err=0 err_code=0x00000401
[13:06:42.672] [ARM-RX] CAN Send chunk for Motor ID 5 failed with err: 60003
[13:06:42.673] [ARM-RX] [CAN][TX] write failed id=0x00000100 dlc=2 err=6
[13:06:42.685] [ARM-RX] 0003
[13:06:42.685] [ARM-RX] [CAN][write_fail] status=0x000000A8 tx_err=128 rx_err=0 err_code=0x00000401
[13:06:42.686] [ARM-RX] CAN Send chunk for Motor ID 1 failed with err: 60003
[13:06:42.686] [ARM-RX] [CAN][TX] write failed id=0x00000200 dlc=2 err=60003
[13:06:42.686] [ARM-RX] [CAN][write_fail] status=0x000000A8 tx_err=128 rx_err=0 err_code=
[13:06:42.706] [ARM-RX] 0x00000401
[13:06:42.707] [ARM-RX] CAN Send chunk for Motor ID 2 failed with err: 60003
[13:06:42.707] [ARM-RX] [CAN][TX] write failed id=0x00000300 dlc=2 err=60003
[13:06:42.707] [ARM-RX] [CAN][write_fail] status=0x000000A8 tx_err=128 rx_err=0 err_code=0x00000401
[13:06:42.707] [ARM-RX] CAN Send chunk for Motor ID 3 failed with err: 60003
[13:06:42.707] [ARM-RX] [CAN]
[13:06:42.729] [ARM-RX] [TX] write failed id=0x00000400 dlc=2 err=60003
[13:06:42.729] [ARM-RX] [CAN][write_fail] status=0x000000A8 tx_err=128 rx_err=0 err_code=0x00000401
[13:06:42.729] [ARM-RX] CAN Send chunk for Motor ID 4 failed with err: 60003
[13:06:42.729] [ARM-RX] [CAN][TX] write failed id=0x00000500 dlc=2 err=60003
[13:06:42.730] [ARM-RX] [CAN][write_fail] stat
[13:06:42.765] [ARM-RX] us=0x000000A8 tx_err=128 rx_err=0 err_code=0x00000401
[13:06:42.765] [ARM-RX] CAN Send chunk for Motor ID 5 failed with err: 60003
[13:06:42.766] [ARM-RX] batch angle read timeout/missing mask=0x1F elapsed=89 ms
[13:06:42.766] [ARM-RX] [CAN][TX] write failed id=0x00000100 dlc=7 err=60003
[13:06:42.766] [ARM-RX] [CAN][write_fail] status=0x000000A8
[13:06:42.787] [ARM-RX] tx_err=128 rx_err=0 err_code=0x00000401
[13:06:42.787] [ARM-RX] CAN Send chunk for Motor ID 1 failed with err: 60003
[13:06:42.787] [ARM-RX] [CAN][TX] write failed id=0x00000200 dlc=7 err=60003
[13:06:42.787] [ARM-RX] [CAN][write_fail] status=0x000000A8 tx_err=128 rx_err=0 err_code=0x00000401
[13:06:42.787] [ARM-RX] CAN Send chunk for Motor ID 2
[13:06:42.807] [ARM-RX] failed with err: 60003
[13:06:42.808] [ARM-RX] [CAN][TX] write failed id=0x00000300 dlc=7 err=60003
[13:06:42.808] [ARM-RX] [CAN][write_fail] status=0x000000A8 tx_err=128 rx_err=0 err_code=0x00000401
[13:06:42.808] [ARM-RX] CAN Send chunk for Motor ID 3 failed with err: 60003
[13:06:42.808] [ARM-RX] [CAN][TX] write failed id=0x00000400 dlc=7 err
[13:06:42.828] [ARM-RX] =60003
[13:06:42.828] [ARM-RX] [CAN][write_fail] status=0x000000A8 tx_err=128 rx_err=0 err_code=0x00000401
[13:06:42.828] [ARM-RX] CAN Send chunk for Motor ID 4 failed with err: 60003
[13:06:42.829] [ARM-RX] [CAN][TX] write failed id=0x00000500 dlc=7 err=60003
[13:06:42.829] [ARM-RX] [CAN][write_fail] status=0x000000A8 tx_err=128 rx_err=0 err_cod
[13:06:42.850] [ARM-RX] e=0x00000401
[13:06:42.850] [ARM-RX] CAN Send chunk for Motor ID 5 failed with err: 60003
[13:06:42.851] [ARM-RX] [CAN][TX] write failed id=0x00000100 dlc=2 err=60003
[13:06:42.851] [ARM-RX] [CAN][write_fail] status=0x000000A8 tx_err=128 rx_err=0 err_code=0x00000401
[13:06:42.851] [ARM-RX] CAN Send chunk for Motor ID 1 failed with err: 60003
[13:06:42.851] [ARM-RX] [CA
[13:06:42.873] [ARM-RX] N][TX] write failed id=0x00000200 dlc=2 err=60003
[13:06:42.874] [ARM-RX] [CAN][write_fail] status=0x000000A8 tx_err=128 rx_err=0 err_code=0x00000401
[13:06:42.874] [ARM-RX] CAN Send chunk for Motor ID 2 failed with err: 60003
[13:06:42.874] [ARM-RX] [CAN][TX] write failed id=0x00000300 dlc=2 err=60003
[13:06:42.874] [ARM-RX] [CAN][write_fail] st
[13:06:42.903] [ARM-RX] atus=0x000000A8 tx_err=128 rx_err=0 err_code=0x00000401
[13:06:42.904] [ARM-RX] CAN Send chunk for Motor ID 3 failed with err: 60003
[13:06:42.904] [ARM-RX] [CAN][TX] write failed id=0x00000400 dlc=2 err=60003
[13:06:42.904] [ARM-RX] [CAN][write_fail] status=0x000000A8 tx_err=128 rx_err=0 err_code=0x00000401
[13:06:42.904] [ARM-RX] CAN Send chunk
[13:06:42.930] [ARM-RX] for Motor ID 4 failed with err: 60003
[13:06:42.930] [ARM-RX] [CAN][TX] write failed id=0x00000500 dlc=2 err=60003
[13:06:42.930] [ARM-RX] [CAN][write_fail] status=0x000000A8 tx_err=128 rx_err=0 err_code=0x00000401
[13:06:42.930] [ARM-RX] CAN Send chunk for Motor ID 5 failed with err: 60003
[13:06:42.931] [ARM-RX] batch angle read timeout/missin
[13:06:42.951] [ARM-RX] g mask=0x1F elapsed=89 ms
[13:06:42.951] [ARM-RX] [CAN][TX] write failed id=0x00000100 dlc=7 err=60003
[13:06:42.951] [ARM-RX] [CAN][write_fail] status=0x000000A8 tx_err=128 rx_err=0 err_code=0x00000401
[13:06:42.951] [ARM-RX] CAN Send chunk for Motor ID 1 failed with err: 60003
[13:06:42.952] [ARM-RX] [CAN][TX] write failed id=0x00000200 dlc=7 e
[13:06:42.972] [ARM-RX] rr=60003
[13:06:42.973] [ARM-RX] [CAN][write_fail] status=0x000000A8 tx_err=128 rx_err=0 err_code=0x00000401
[13:06:42.973] [ARM-RX] CAN Send chunk for Motor ID 2 failed with err: 60003
[13:06:42.973] [ARM-RX] [CAN][TX] write failed id=0x00000300 dlc=7 err=60003
[13:06:42.973] [ARM-RX] [CAN][write_fail] status=0x000000A8 tx_err=128 rx_err=0 err_c
[13:06:42.994] [ARM-RX] ode=0x00000401
[13:06:42.994] [ARM-RX] CAN Send chunk for Motor ID 3 failed with err: 60003
[13:06:42.995] [ARM-RX] [CAN][TX] write failed id=0x00000400 dlc=7 err=60003
[13:06:42.995] [ARM-RX] [CAN][write_fail] status=0x000000A8 tx_err=128 rx_err=0 err_code=0x00000401
[13:06:42.995] [ARM-RX] CAN Send chunk for Motor ID 4 failed with err: 60003
[13:06:42.995] [ARM-RX] [
[13:06:43.016] [ARM-RX] CAN][TX] write failed id=0x00000500 dlc=7 err=60003
[13:06:43.017] [ARM-RX] [CAN][write_fail] status=0x000000A8 tx_err=128 rx_err=0 err_code=0x00000401
[13:06:43.017] [ARM-RX] CAN Send chunk for Motor ID 5 failed with err: 60003
[13:06:43.017] [ARM-RX] [CAN][TX] write failed id=0x00000100 dlc=2 err=60003
[13:06:43.017] [ARM-RX] [CAN][write_fail]
[13:06:43.035] [ARM-RX] status=0x000000A8 tx_err=128 rx_err=0 err_code=0x00000401
[13:06:43.035] [ARM-RX] CAN Send chunk for Motor ID 1 failed with err: 60003
[13:06:43.036] [ARM-RX] [CAN][TX] write failed id=0x00000200 dlc=2 err=60003
[13:06:43.036] [ARM-RX] [CAN][write_fail] status=0x000000A8 tx_err=128 rx_err=0 err_code=0x00000401
[13:06:43.036] [ARM-RX] CAN Send chu
[13:06:43.067] [ARM-RX] nk for Motor ID 2 failed with err: 60003
[13:06:43.068] [ARM-RX] [CAN][TX] write failed id=0x00000300 dlc=2 err=60003
[13:06:43.068] [ARM-RX] [CAN][write_fail] status=0x000000A8 tx_err=128 rx_err=0 err_code=0x00000401
[13:06:43.068] [ARM-RX] CAN Send chunk for Motor ID 3 failed with err: 60003
[13:06:43.069] [ARM-RX] [CAN][TX] write failed id=0x0
[13:06:43.088] [ARM-RX] 0000400 dlc=2 err=60003
[13:06:43.088] [ARM-RX] [CAN][write_fail] status=0x000000A8 tx_err=128 rx_err=0 err_code=0x00000401
[13:06:43.089] [ARM-RX] CAN Send chunk for Motor ID 4 failed with err: 60003
[13:06:43.089] [ARM-RX] [CAN][TX] write failed id=0x00000500 dlc=2 err=60003
[13:06:43.089] [ARM-RX] [CAN][write_fail] status=0x000000A8 tx_err=128
[13:06:43.115] [ARM-RX] rx_err=0 err_code=0x00000401
[13:06:43.116] [ARM-RX] CAN Send chunk for Motor ID 5 failed with err: 60003
[13:06:43.116] [ARM-RX] batch angle read timeout/missing mask=0x1F elapsed=89 ms
[13:06:43.116] [ARM-RX] [CAN][TX] write failed id=0x00000100 dlc=7 err=60003
[13:06:43.117] [ARM-RX] [CAN][write_fail] status=0x000000A8 tx_err=128 rx_err=0 err
[13:06:43.137] [ARM-RX] _code=0x00000401
[13:06:43.137] [ARM-RX] CAN Send chunk for Motor ID 1 failed with err: 60003
[13:06:43.137] [ARM-RX] [CAN][TX] write failed id=0x00000200 dlc=7 err=60003
[13:06:43.137] [ARM-RX] [CAN][write_fail] status=0x000000A8 tx_err=128 rx_err=0 err_code=0x00000401
[13:06:43.138] [ARM-RX] CAN Send chunk for Motor ID 2 failed with err: 60003
[13:06:43.158] [ARM-RX] [CAN][TX] write failed id=0x00000300 dlc=7 err=60003
[13:06:43.158] [ARM-RX] [CAN][write_fail] status=0x000000A8 tx_err=128 rx_err=0 err_code=0x00000401
[13:06:43.158] [ARM-RX] CAN Send chunk for Motor ID 3 failed with err: 60003
[13:06:43.158] [ARM-RX] [CAN][TX] write failed id=0x00000400 dlc=7 err=60003
[13:06:43.159] [ARM-RX] [CAN][write_fail
[13:06:43.179] [ARM-RX] ] status=0x000000A8 tx_err=128 rx_err=0 err_code=0x00000401
[13:06:43.179] [ARM-RX] CAN Send chunk for Motor ID 4 failed with err: 60003
[13:06:43.179] [ARM-RX] [CAN][TX] write failed id=0x00000500 dlc=7 err=60003
[13:06:43.179] [ARM-RX] [CAN][write_fail] status=0x000000A8 tx_err=128 rx_err=0 err_code=0x00000401
[13:06:43.180] [ARM-RX] CAN Send c
[13:06:43.201] [ARM-RX] hunk for Motor ID 5 failed with err: 60003
[13:06:43.201] [ARM-RX] [CAN][TX] write failed id=0x00000100 dlc=2 err=60003
[13:06:43.201] [ARM-RX] [CAN][write_fail] status=0x000000A8 tx_err=128 rx_err=0 err_code=0x00000401
[13:06:43.201] [ARM-RX] CAN Send chunk for Motor ID 1 failed with err: 60003
[13:06:43.202] [ARM-RX] [CAN][TX] write failed id=0
[13:06:43.231] [ARM-RX] x00000200 dlc=2 err=60003
[13:06:43.231] [ARM-RX] [CAN][write_fail] status=0x000000A8 tx_err=128 rx_err=0 err_code=0x00000401
[13:06:43.232] [ARM-RX] CAN Send chunk for Motor ID 2 failed with err: 60003
[13:06:43.232] [ARM-RX] [CAN][TX] write failed id=0x00000300 dlc=2 err=60003
[13:06:43.232] [ARM-RX] [CAN][write_fail] status=0x000000A8 tx_err=1
[13:06:43.253] [ARM-RX] 28 rx_err=0 err_code=0x00000401
[13:06:43.253] [ARM-RX] CAN Send chunk for Motor ID 3 failed with err: 60003
[13:06:43.253] [ARM-RX] [CAN][TX] write failed id=0x00000400 dlc=2 err=60003
[13:06:43.253] [ARM-RX] [CAN][write_fail] status=0x000000A8 tx_err=128 rx_err=0 err_code=0x00000401
[13:06:43.253] [ARM-RX] CAN Send chunk for Motor ID 4 failed w
[13:06:43.279] [ARM-RX] ith err: 60003
[13:06:43.279] [ARM-RX] [CAN][TX] write failed id=0x00000500 dlc=2 err=60003
[13:06:43.279] [ARM-RX] [CAN][write_fail] status=0x000000A8 tx_err=128 rx_err=0 err_code=0x00000401
[13:06:43.280] [ARM-RX] CAN Send chunk for Motor ID 5 failed with err: 60003
[13:06:43.280] [ARM-RX] batch angle read timeout/missing mask=0x1F elapsed=89 m
[13:06:43.300] [ARM-RX] s
[13:06:43.300] [ARM-RX] [CAN][TX] write failed id=0x00000100 dlc=7 err=60003
[13:06:43.301] [ARM-RX] [CAN][write_fail] status=0x000000A8 tx_err=128 rx_err=0 err_code=0x00000401
[13:06:43.301] [ARM-RX] CAN Send chunk for Motor ID 1 failed with err: 60003
[13:06:43.301] [ARM-RX] [CAN][TX] write failed id=0x00000200 dlc=7 err=60003
[13:06:43.301] [ARM-RX] [CAN][write_fa
[13:06:43.324] [ARM-RX] il] status=0x000000A8 tx_err=128 rx_err=0 err_code=0x00000401
[13:06:43.324] [ARM-RX] CAN Send chunk for Motor ID 2 failed with err: 60003
[13:06:43.324] [ARM-RX] [CAN][TX] write failed id=0x00000300 dlc=7 err=60003
[13:06:43.324] [ARM-RX] [CAN][write_fail] status=0x000000A8 tx_err=128 rx_err=0 err_code=0x00000401
[13:06:43.325] [ARM-RX] CAN Send
[13:06:43.344] [ARM-RX] chunk for Motor ID 3 failed with err: 60003
[13:06:43.344] [ARM-RX] [CAN][TX] write failed id=0x00000400 dlc=7 err=60003
[13:06:43.344] [ARM-RX] [CAN][write_fail] status=0x000000A8 tx_err=128 rx_err=0 err_code=0x00000401
[13:06:43.344] [ARM-RX] CAN Send chunk for Motor ID 4 failed with err: 60003
[13:06:43.344] [ARM-RX] [CAN][TX] write failed id
[13:06:43.364] [ARM-RX] =0x00000500 dlc=7 err=60003
[13:06:43.364] [ARM-RX] [CAN][write_fail] status=0x000000A8 tx_err=128 rx_err=0 err_code=0x00000401
[13:06:43.365] [ARM-RX] CAN Send chunk for Motor ID 5 failed with err: 60003
[13:06:43.365] [ARM-RX] [CAN][TX] write failed id=0x00000100 dlc=2 err=60003
[13:06:43.365] [ARM-RX] [CAN][write_fail] status=0x000000A8 tx_err
[13:06:43.397] [ARM-RX] =128 rx_err=0 err_code=0x00000401
[13:06:43.397] [ARM-RX] CAN Send chunk for Motor ID 1 failed with err: 60003
[13:06:43.397] [ARM-RX] [CAN][TX] write failed id=0x00000200 dlc=2 err=60003
[13:06:43.397] [ARM-RX] [CAN][write_fail] status=0x000000A8 tx_err=128 rx_err=0 err_code=0x00000401
[13:06:43.397] [ARM-RX] CAN Send chunk for Motor ID 2 failed
[13:06:43.418] [ARM-RX] with err: 60003
[13:06:43.419] [ARM-RX] [CAN][TX] write failed id=0x00000300 dlc=2 err=60003
[13:06:43.419] [ARM-RX] [CAN][write_fail] status=0x000000A8 tx_err=128 rx_err=0 err_code=0x00000401
[13:06:43.419] [ARM-RX] CAN Send chunk for Motor ID 3 failed with err: 60003
[13:06:43.419] [ARM-RX] [CAN][TX] write failed id=0x00000400 dlc=2 err=60003
[13:06:43.438] [ARM-RX] [CAN][write_fail] status=0x000000A8 tx_err=128 rx_err=0 err_code=0x00000401
[13:06:43.439] [ARM-RX] CAN Send chunk for Motor ID 4 failed with err: 60003
[13:06:43.439] [ARM-RX] [CAN][TX] write failed id=0x00000500 dlc=2 err=60003
[13:06:43.439] [ARM-RX] [CAN][write_fail] status=0x000000A8 tx_err=128 rx_err=0 err_code=0x000
[13:06:43.465] [ARM-RX] 00401
[13:06:43.466] [ARM-RX] CAN Send chunk for Motor ID 5 failed with err: 60003
[13:06:43.466] [ARM-RX] batch angle read timeout/missing mask=0x1F elapsed=89 ms
[13:06:43.466] [ARM-RX] [CAN][TX] write failed id=0x00000100 dlc=7 err=60003
[13:06:43.466] [ARM-RX] [CAN][write_fail] status=0x000000A8 tx_err=128 rx_err=0 err_code=0x00000401
[13:06:43.466] [ARM-RX] CAN Se
[13:06:43.486] [ARM-RX] nd chunk for Motor ID 1 failed with err: 60003
[13:06:43.487] [ARM-RX] [CAN][TX] write failed id=0x00000200 dlc=7 err=60003
[13:06:43.487] [ARM-RX] [CAN][write_fail] status=0x000000A8 tx_err=128 rx_err=0 err_code=0x00000401
[13:06:43.487] [ARM-RX] CAN Send chunk for Motor ID 2 failed with err: 60003
[13:06:43.487] [ARM-RX] [CAN][TX] write failed
[13:06:43.507] [ARM-RX] id=0x00000300 dlc=7 err=60003
[13:06:43.507] [ARM-RX] [CAN][write_fail] status=0x000000A8 tx_err=128 rx_err=0 err_code=0x00000401
[13:06:43.507] [ARM-RX] CAN Send chunk for Motor ID 3 failed with err: 60003
[13:06:43.509] [ARM-RX] [CAN][TX] write failed id=0x00000400 dlc=7 err=60003
[13:06:43.509] [ARM-RX] [CAN][write_fail] status=0x000000A8 tx_e
[13:06:43.539] [ARM-RX] rr=128 rx_err=0 err_code=0x00000401
[13:06:43.540] [ARM-RX] CAN Send chunk for Motor ID 4 failed with err: 60003
[13:06:43.540] [ARM-RX] [CAN][TX] write failed id=0x00000500 dlc=7 err=60003
[13:06:43.540] [ARM-RX] [CAN][write_fail] status=0x000000A8 tx_err=128 rx_err=0 err_code=0x00000401
[13:06:43.540] [ARM-RX] CAN Send chunk for Motor ID 5 fail
[13:06:43.560] [ARM-RX] ed with err: 60003
[13:06:43.560] [ARM-RX] [CAN][TX] write failed id=0x00000100 dlc=2 err=60003
[13:06:43.561] [ARM-RX] [CAN][write_fail] status=0x000000A8 tx_err=128 rx_err=0 err_code=0x00000401
[13:06:43.561] [ARM-RX] CAN Send chunk for Motor ID 1 failed with err: 60003
[13:06:43.561] [ARM-RX] [CAN][TX] write failed id=0x00000200 dlc=2 err=6000
[13:06:43.581] [ARM-RX] 3
[13:06:43.582] [ARM-RX] [CAN][write_fail] status=0x000000A8 tx_err=128 rx_err=0 err_code=0x00000401
[13:06:43.582] [ARM-RX] CAN Send chunk for Motor ID 2 failed with err: 60003
[13:06:43.582] [ARM-RX] [CAN][TX] write failed id=0x00000300 dlc=2 err=60003
[13:06:43.582] [ARM-RX] [CAN][write_fail] status=0x000000A8 tx_err=128 rx_err=0 err_code=0x0
[13:06:43.604] [ARM-RX] 0000401
[13:06:43.604] [ARM-RX] CAN Send chunk for Motor ID 3 failed with err: 60003
[13:06:43.604] [ARM-RX] [CAN][TX] write failed id=0x00000400 dlc=2 err=60003
[13:06:43.604] [ARM-RX] [CAN][write_fail] status=0x000000A8 tx_err=128 rx_err=0 err_code=0x00000401
[13:06:43.605] [ARM-RX] CAN Send chunk for Motor ID 4 failed with err: 60003
[13:06:43.605] [ARM-RX] [CAN][TX
[13:06:43.631] [ARM-RX] ] write failed id=0x00000500 dlc=2 err=60003
[13:06:43.632] [ARM-RX] [CAN][write_fail] status=0x000000A8 tx_err=128 rx_err=0 err_code=0x00000401
[13:06:43.632] [ARM-RX] CAN Send chunk for Motor ID 5 failed with err: 60003
[13:06:43.632] [ARM-RX] batch angle read timeout/missing mask=0x1F elapsed=89 ms
[13:06:43.632] [ARM-RX] [CAN][TX] write faile
[13:06:43.650] [ARM-RX] d id=0x00000100 dlc=7 err=60003
[13:06:43.651] [ARM-RX] [CAN][write_fail] status=0x000000A8 tx_err=128 rx_err=0 err_code=0x00000401
[13:06:43.651] [ARM-RX] CAN Send chunk for Motor ID 1 failed with err: 60003
[13:06:43.651] [ARM-RX] [CAN][TX] write failed id=0x00000200 dlc=7 err=60003
[13:06:43.651] [ARM-RX] [CAN][write_fail] status=0x000000A8 tx
[13:06:43.672] [ARM-RX] _err=128 rx_err=0 err_code=0x00000401
[13:06:43.672] [ARM-RX] CAN Send chunk for Motor ID 2 failed with err: 60003
[13:06:43.672] [ARM-RX] [CAN][TX] write failed id=0x00000300 dlc=7 err=60003
[13:06:43.674] [ARM-RX] [CAN][write_fail] status=0x000000A8 tx_err=128 rx_err=0 err_code=0x00000401
[13:06:43.674] [ARM-RX] CAN Send chunk for Motor ID 3 fa
[13:06:43.703] [ARM-RX] iled with err: 60003
[13:06:43.703] [ARM-RX] [CAN][TX] write failed id=0x00000400 dlc=7 err=60003
[13:06:43.704] [ARM-RX] [CAN][write_fail] status=0x000000A8 tx_err=128 rx_err=0 err_code=0x00000401
[13:06:43.704] [ARM-RX] CAN Send chunk for Motor ID 4 failed with err: 60003
[13:06:43.704] [ARM-RX] [CAN][TX] write failed id=0x00000500 dlc=7 err=60
[13:06:43.726] [ARM-RX] 003
[13:06:43.726] [ARM-RX] [CAN][write_fail] status=0x000000A8 tx_err=128 rx_err=0 err_code=0x00000401
[13:06:43.726] [ARM-RX] CAN Send chunk for Motor ID 5 failed with err: 60003
[13:06:43.726] [ARM-RX] [CAN][TX] write failed id=0x00000100 dlc=2 err=60003
[13:06:43.727] [ARM-RX] [CAN][write_fail] status=0x000000A8 tx_err=128 rx_err=0 err_code=0
[13:06:43.746] [ARM-RX] x00000401
[13:06:43.747] [ARM-RX] CAN Send chunk for Motor ID 1 failed with err: 60003
[13:06:43.747] [ARM-RX] [CAN][TX] write failed id=0x00000200 dlc=2 err=60003
[13:06:43.747] [ARM-RX] [CAN][write_fail] status=0x000000A8 tx_err=128 rx_err=0 err_code=0x00000401
[13:06:43.747] [ARM-RX] CAN Send chunk for Motor ID 2 failed with err: 60003
[13:06:43.748] [ARM-RX] [CAN][
[13:06:43.767] [ARM-RX] TX] write failed id=0x00000300 dlc=2 err=60003
[13:06:43.768] [ARM-RX] [CAN][write_fail] status=0x000000A8 tx_err=128 rx_err=0 err_code=0x00000401
[13:06:43.768] [ARM-RX] CAN Send chunk for Motor ID 3 failed with err: 60003
[13:06:43.768] [ARM-RX] [CAN][TX] write failed id=0x00000400 dlc=2 err=60003
[13:06:43.769] [ARM-RX] [CAN][write_fail] statu
[13:06:43.788] [ARM-RX] s=0x000000A8 tx_err=128 rx_err=0 err_code=0x00000401
[13:06:43.788] [ARM-RX] CAN Send chunk for Motor ID 4 failed with err: 60003
[13:06:43.788] [ARM-RX] [CAN][TX] write failed id=0x00000500 dlc=2 err=60003
[13:06:43.790] [ARM-RX] [CAN][write_fail] status=0x000000A8 tx_err=128 rx_err=0 err_code=0x00000401
[13:06:43.790] [ARM-RX] CAN Send chunk fo
[13:06:43.816] [ARM-RX] r Motor ID 5 failed with err: 60003
[13:06:43.816] [ARM-RX] batch angle read timeout/missing mask=0x1F elapsed=89 ms
[13:06:43.816] [ARM-RX] [CAN][TX] write failed id=0x00000100 dlc=7 err=60003
[13:06:43.817] [ARM-RX] [CAN][write_fail] status=0x000000A8 tx_err=128 rx_err=0 err_code=0x00000401
[13:06:43.817] [ARM-RX] CAN Send chunk for Motor ID 1
[13:06:43.836] [ARM-RX] failed with err: 60003
[13:06:43.836] [ARM-RX] [CAN][TX] write failed id=0x00000200 dlc=7 err=60003
[13:06:43.837] [ARM-RX] [CAN][write_fail] status=0x000000A8 tx_err=128 rx_err=0 err_code=0x00000401
[13:06:43.837] [ARM-RX] CAN Send chunk for Motor ID 2 failed with err: 60003
[13:06:43.837] [ARM-RX] [CAN][TX] write failed id=0x00000300 dlc=7 err=
[13:06:43.869] [ARM-RX] 60003
[13:06:43.869] [ARM-RX] [CAN][write_fail] status=0x000000A8 tx_err=128 rx_err=0 err_code=0x00000401
[13:06:43.869] [ARM-RX] CAN Send chunk for Motor ID 3 failed with err: 60003
[13:06:43.869] [ARM-RX] [CAN][TX] write failed id=0x00000400 dlc=7 err=60003
[13:06:43.869] [ARM-RX] [CAN][write_fail] status=0x000000A8 tx_err=128 rx_err=0 err_code
[13:06:43.889] [ARM-RX] =0x00000401
[13:06:43.889] [ARM-RX] CAN Send chunk for Motor ID 4 failed with err: 60003
[13:06:43.890] [ARM-RX] [CAN][TX] write failed id=0x00000500 dlc=7 err=60003
[13:06:43.890] [ARM-RX] [CAN][write_fail] status=0x000000A8 tx_err=128 rx_err=0 err_code=0x00000401
[13:06:43.890] [ARM-RX] CAN Send chunk for Motor ID 5 failed with err: 60003
[13:06:43.890] [ARM-RX] [CAN
[13:06:43.910] [ARM-RX] ][TX] write failed id=0x00000100 dlc=2 err=60003
[13:06:43.910] [ARM-RX] [CAN][write_fail] status=0x000000A8 tx_err=128 rx_err=0 err_code=0x00000401
[13:06:43.911] [ARM-RX] CAN Send chunk for Motor ID 1 failed with err: 60003
[13:06:43.911] [ARM-RX] [CAN][TX] write failed id=0x00000200 dlc=2 err=60003
[13:06:43.911] [ARM-RX] [CAN][write_fail] sta
[13:06:43.931] [ARM-RX] tus=0x000000A8 tx_err=128 rx_err=0 err_code=0x00000401
[13:06:43.932] [ARM-RX] CAN Send chunk for Motor ID 2 failed with err: 60003
[13:06:43.932] [ARM-RX] [CAN][TX] write failed id=0x00000300 dlc=2 err=60003
[13:06:43.932] [ARM-RX] [CAN][write_fail] status=0x000000A8 tx_err=128 rx_err=0 err_code=0x00000401
[13:06:43.932] [ARM-RX] CAN Send chunk
[13:06:43.953] [ARM-RX] for Motor ID 3 failed with err: 60003
[13:06:43.953] [ARM-RX] [CAN][TX] write failed id=0x00000400 dlc=2 err=60003
[13:06:43.953] [ARM-RX] [CAN][write_fail] status=0x000000A8 tx_err=128 rx_err=0 err_code=0x00000401
[13:06:43.954] [ARM-RX] CAN Send chunk for Motor ID 4 failed with err: 60003
[13:06:43.954] [ARM-RX] [CAN][TX] write failed id=0x0000
[13:06:43.979] [ARM-RX] 0500 dlc=2 err=60003
[13:06:43.980] [ARM-RX] [CAN][write_fail] status=0x000000A8 tx_err=128 rx_err=0 err_code=0x00000401
[13:06:43.980] [ARM-RX] CAN Send chunk for Motor ID 5 failed with err: 60003
[13:06:43.980] [ARM-RX] batch angle read timeout/missing mask=0x1F elapsed=89 ms
[13:06:43.980] [ARM-RX] [CAN][TX] write failed id=0x00000100 dlc=7 er
[13:06:44.001] [ARM-RX] r=60003
[13:06:44.002] [ARM-RX] [CAN][write_fail] status=0x000000A8 tx_err=128 rx_err=0 err_code=0x00000401
[13:06:44.003] [ARM-RX] CAN Send chunk for Motor ID 1 failed with err: 60003
[13:06:44.003] [ARM-RX] [CAN][TX] write failed id=0x00000200 dlc=7 err=60003
[13:06:44.003] [ARM-RX] [CAN][write_fail] status=0x000000A8 tx_err=128 rx_err=0 err_co
[13:06:44.032] [ARM-RX] de=0x00000401
[13:06:44.033] [ARM-RX] CAN Send chunk for Motor ID 2 failed with err: 60003
[13:06:44.033] [ARM-RX] [CAN][TX] write failed id=0x00000300 dlc=7 err=60003
[13:06:44.033] [ARM-RX] [CAN][write_fail] status=0x000000A8 tx_err=128 rx_err=0 err_code=0x00000401
[13:06:44.033] [ARM-RX] CAN Send chunk for Motor ID 3 failed with err: 60003
[13:06:44.033] [ARM-RX] [C
[13:06:44.053] [ARM-RX] AN][TX] write failed id=0x00000400 dlc=7 err=60003
[13:06:44.054] [ARM-RX] [CAN][write_fail] status=0x000000A8 tx_err=128 rx_err=0 err_code=0x00000401
[13:06:44.054] [ARM-RX] CAN Send chunk for Motor ID 4 failed with err: 60003
[13:06:44.054] [ARM-RX] [CAN][TX] write failed id=0x00000500 dlc=7 err=60003
[13:06:44.054] [ARM-RX] [CAN][write_fail] s
[13:06:44.078] [ARM-RX] tatus=0x000000A8 tx_err=128 rx_err=0 err_code=0x00000401
[13:06:44.079] [ARM-RX] CAN Send chunk for Motor ID 5 failed with err: 60003
[13:06:44.079] [ARM-RX] [CAN][TX] write failed id=0x00000100 dlc=2 err=60003
[13:06:44.079] [ARM-RX] [CAN][write_fail] status=0x000000A8 tx_err=128 rx_err=0 err_code=0x00000401
[13:06:44.079] [ARM-RX] CAN Send chun
[13:06:44.096] [ARM-RX] k for Motor ID 1 failed with err: 60003
[13:06:44.096] [ARM-RX] [CAN][TX] write failed id=0x00000200 dlc=2 err=60003
[13:06:44.097] [ARM-RX] [CAN][write_fail] status=0x000000A8 tx_err=128 rx_err=0 err_code=0x00000401
[13:06:44.097] [ARM-RX] CAN Send chunk for Motor ID 2 failed with err: 60003
[13:06:44.097] [ARM-RX] [CAN][TX] write failed id=0x00
[13:06:44.117] [ARM-RX] 000300 dlc=2 err=60003
[13:06:44.117] [ARM-RX] [CAN][write_fail] status=0x000000A8 tx_err=128 rx_err=0 err_code=0x00000401
[13:06:44.118] [ARM-RX] CAN Send chunk for Motor ID 3 failed with err: 60003
[13:06:44.118] [ARM-RX] [CAN][TX] write failed id=0x00000400 dlc=2 err=60003
[13:06:44.118] [ARM-RX] [CAN][write_fail] status=0x000000A8 tx_err=128
[13:06:44.137] [ARM-RX] rx_err=0 err_code=0x00000401
[13:06:44.139] [ARM-RX] CAN Send chunk for Motor ID 4 failed with err: 60003
[13:06:44.139] [ARM-RX] [CAN][TX] write failed id=0x00000500 dlc=2 err=60003
[13:06:44.139] [ARM-RX] [CAN][write_fail] status=0x000000A8 tx_err=128 rx_err=0 err_code=0x00000401
[13:06:44.139] [ARM-RX] CAN Send chunk for Motor ID 5 failed with
[13:06:44.175] [ARM-RX] err: 60003
[13:06:44.175] [ARM-RX] batch angle read timeout/missing mask=0x1F elapsed=89 ms
[13:06:44.176] [ARM-RX] [CAN][TX] write failed id=0x00000100 dlc=7 err=60003
[13:06:44.176] [ARM-RX] [CAN][write_fail] status=0x000000A8 tx_err=128 rx_err=0 err_code=0x00000401
[13:06:44.176] [ARM-RX] CAN Send chunk for Motor ID 1 failed with err: 60003
[13:06:44.198] [ARM-RX] [CAN][TX] write failed id=0x00000200 dlc=7 err=60003
[13:06:44.198] [ARM-RX] [CAN][write_fail] status=0x000000A8 tx_err=128 rx_err=0 err_code=0x00000401
[13:06:44.198] [ARM-RX] CAN Send chunk for Motor ID 2 failed with err: 60003
[13:06:44.199] [ARM-RX] [CAN][TX] write failed id=0x00000300 dlc=7 err=60003
[13:06:44.199] [ARM-RX] [CAN][write_fail]
[13:06:44.218] [ARM-RX] status=0x000000A8 tx_err=128 rx_err=0 err_code=0x00000401
[13:06:44.218] [ARM-RX] CAN Send chunk for Motor ID 3 failed with err: 60003
[13:06:44.218] [ARM-RX] [CAN][TX] write failed id=0x00000400 dlc=7 err=60003
[13:06:44.218] [ARM-RX] [CAN][write_fail] status=0x000000A8 tx_err=128 rx_err=0 err_code=0x00000401
[13:06:44.220] [ARM-RX] CAN Send ch
[13:06:44.239] [ARM-RX] unk for Motor ID 4 failed with err: 60003
[13:06:44.239] [ARM-RX] [CAN][TX] write failed id=0x00000500 dlc=7 err=60003
[13:06:44.240] [ARM-RX] [CAN][write_fail] status=0x000000A8 tx_err=128 rx_err=0 err_code=0x00000401
[13:06:44.240] [ARM-RX] CAN Send chunk for Motor ID 5 failed with err: 60003
[13:06:44.240] [ARM-RX] [CAN][TX] write failed id=0x
[13:06:44.267] [ARM-RX] 00000100 dlc=2 err=60003
[13:06:44.268] [ARM-RX] [CAN][write_fail] status=0x000000A8 tx_err=128 rx_err=0 err_code=0x00000401
[13:06:44.268] [ARM-RX] CAN Send chunk for Motor ID 1 failed with err: 60003
[13:06:44.268] [ARM-RX] [CAN][TX] write failed id=0x00000200 dlc=2 err=60003
[13:06:44.268] [ARM-RX] [CAN][write_fail] status=0x000000A8 tx_err=12
[13:06:44.282] [ARM-RX] 8 rx_err=0 err_code=0x00000401
[13:06:44.282] [ARM-RX] CAN Send chunk for Motor ID 2 failed with err: 60003
[13:06:44.282] [ARM-RX] [CAN][TX] write failed id=0x00000300 dlc=2 err=60003
[13:06:44.283] [ARM-RX] [CAN][write_fail] status=0x000000A8 tx_err=128 rx_err=0 err_code=0x00000401
[13:06:44.283] [ARM-RX] CAN Send chunk for Motor ID 3 failed wi
[13:06:44.303] [ARM-RX] th err: 60003
[13:06:44.303] [ARM-RX] [CAN][TX] write failed id=0x00000400 dlc=2 err=60003
[13:06:44.304] [ARM-RX] [CAN][write_fail] status=0x000000A8 tx_err=128 rx_err=0 err_code=0x00000401
[13:06:44.304] [ARM-RX] CAN Send chunk for Motor ID 4 failed with err: 60003
[13:06:44.304] [ARM-RX] [CAN][TX] write failed id=0x00000500 dlc=2 err=60003
[13:06:44.304] [ARM-RX] [C
[13:06:44.341] [ARM-RX] AN][write_fail] status=0x000000A8 tx_err=128 rx_err=0 err_code=0x00000401
[13:06:44.341] [ARM-RX] CAN Send chunk for Motor ID 5 failed with err: 60003
[13:06:44.341] [ARM-RX] batch angle read timeout/missing mask=0x1F elapsed=89 ms
[13:06:44.341] [ARM-RX] [CAN][TX] write failed id=0x00000100 dlc=7 err=60003
[13:06:44.342] [ARM-RX] [CAN][write_fai
[13:06:44.362] [ARM-RX] l] status=0x000000A8 tx_err=128 rx_err=0 err_code=0x00000401
[13:06:44.362] [ARM-RX] CAN Send chunk for Motor ID 1 failed with err: 60003
[13:06:44.362] [ARM-RX] [CAN][TX] write failed id=0x00000200 dlc=7 err=60003
[13:06:44.362] [ARM-RX] [CAN][write_fail] status=0x000000A8 tx_err=128 rx_err=0 err_code=0x00000401
[13:06:44.363] [ARM-RX] CAN Send
[13:06:44.382] [ARM-RX] chunk for Motor ID 2 failed with err: 60003
[13:06:44.382] [ARM-RX] [CAN][TX] write failed id=0x00000300 dlc=7 err=60003
[13:06:44.383] [ARM-RX] [CAN][write_fail] status=0x000000A8 tx_err=128 rx_err=0 err_code=0x00000401
[13:06:44.383] [ARM-RX] CAN Send chunk for Motor ID 3 failed with err: 60003
[13:06:44.383] [ARM-RX] [CAN][TX] write failed id=
[13:06:44.403] [ARM-RX] 0x00000400 dlc=7 err=60003
[13:06:44.404] [ARM-RX] [CAN][write_fail] status=0x000000A8 tx_err=128 rx_err=0 err_code=0x00000401
[13:06:44.404] [ARM-RX] CAN Send chunk for Motor ID 4 failed with err: 60003
[13:06:44.404] [ARM-RX] [CAN][TX] write failed id=0x00000500 dlc=7 err=60003
[13:06:44.404] [ARM-RX] [CAN][write_fail] status=0x000000A8 tx_err=
[13:06:44.425] [ARM-RX] 128 rx_err=0 err_code=0x00000401
[13:06:44.425] [ARM-RX] CAN Send chunk for Motor ID 5 failed with err: 60003
[13:06:44.426] [ARM-RX] [CAN][TX] write failed id=0x00000100 dlc=2 err=60003
[13:06:44.426] [ARM-RX] [CAN][write_fail] status=0x000000A8 tx_err=128 rx_err=0 err_code=0x00000401
[13:06:44.426] [ARM-RX] CAN Send chunk for Motor ID 1 failed
[13:06:44.447] [ARM-RX] with err: 60003
[13:06:44.447] [ARM-RX] [CAN][TX] write failed id=0x00000200 dlc=2 err=60003
[13:06:44.447] [ARM-RX] [CAN][write_fail] status=0x000000A8 tx_err=128 rx_err=0 err_code=0x00000401
[13:06:44.447] [ARM-RX] CAN Send chunk for Motor ID 2 failed with err: 60003
[13:06:44.453] [ARM-RX] [CAN][TX] write failed id=0x00000300 dlc=2 err=60003
[13:06:44.467] [ARM-RX] [CAN][write_fail] status=0x000000A8 tx_err=128 rx_err=0 err_code=0x00000401
[13:06:44.468] [ARM-RX] CAN Send chunk for Motor ID 3 failed with err: 60003
[13:06:44.468] [ARM-RX] [CAN][TX] write failed id=0x00000400 dlc=2 err=60003
[13:06:44.468] [ARM-RX] [CAN][write_fail] status=0x000000A8 tx_err=128 rx_err=0 err_code=0x0000
[13:06:44.504] [ARM-RX] 0401
[13:06:44.504] [ARM-RX] CAN Send chunk for Motor ID 4 failed with err: 60003
[13:06:44.504] [ARM-RX] [CAN][TX] write failed id=0x00000500 dlc=2 err=60003
[13:06:44.504] [ARM-RX] [CAN][write_fail] status=0x000000A8 tx_err=128 rx_err=0 err_code=0x00000401
[13:06:44.506] [ARM-RX] CAN Send chunk for Motor ID 5 failed with err: 60003
[13:06:44.506] [ARM-RX] batch angle
[13:06:44.525] [ARM-RX] read timeout/missing mask=0x1F elapsed=89 ms
[13:06:44.525] [ARM-RX] [CAN][TX] write failed id=0x00000100 dlc=7 err=60003
[13:06:44.526] [ARM-RX] [CAN][write_fail] status=0x000000A8 tx_err=128 rx_err=0 err_code=0x00000401
[13:06:44.526] [ARM-RX] CAN Send chunk for Motor ID 1 failed with err: 60003
[13:06:44.526] [ARM-RX] [CAN][TX] write failed i
[13:06:44.548] [ARM-RX] d=0x00000200 dlc=7 err=60003
[13:06:44.548] [ARM-RX] [CAN][write_fail] status=0x000000A8 tx_err=128 rx_err=0 err_code=0x00000401
[13:06:44.548] [ARM-RX] CAN Send chunk for Motor ID 2 failed with err: 60003
[13:06:44.548] [ARM-RX] [CAN][TX] write failed id=0x00000300 dlc=7 err=60003
[13:06:44.549] [ARM-RX] [CAN][write_fail] status=0x000000A8 tx_er
[13:06:44.568] [ARM-RX] r=128 rx_err=0 err_code=0x00000401
[13:06:44.568] [ARM-RX] CAN Send chunk for Motor ID 3 failed with err: 60003
[13:06:44.569] [ARM-RX] [CAN][TX] write failed id=0x00000400 dlc=7 err=60003
[13:06:44.569] [ARM-RX] [CAN][write_fail] status=0x000000A8 tx_err=128 rx_err=0 err_code=0x00000401
[13:06:44.569] [ARM-RX] CAN Send chunk for Motor ID 4 faile
[13:06:44.589] [ARM-RX] d with err: 60003
[13:06:44.590] [ARM-RX] [CAN][TX] write failed id=0x00000500 dlc=7 err=60003
[13:06:44.590] [ARM-RX] [CAN][write_fail] status=0x000000A8 tx_err=128 rx_err=0 err_code=0x00000401
[13:06:44.590] [ARM-RX] CAN Send chunk for Motor ID 5 failed with err: 60003
[13:06:44.590] [ARM-RX] [CAN][TX] write failed id=0x00000100 dlc=2 err=60003
[13:06:44.611] [ARM-RX] [CAN][write_fail] status=0x000000A8 tx_err=128 rx_err=0 err_code=0x00000401
[13:06:44.611] [ARM-RX] CAN Send chunk for Motor ID 1 failed with err: 60003
[13:06:44.611] [ARM-RX] [CAN][TX] write failed id=0x00000200 dlc=2 err=60003
[13:06:44.611] [ARM-RX] [CAN][write_fail] status=0x000000A8 tx_err=128 rx_err=0 err_code=0x00
[13:06:44.632] [ARM-RX] 000401
[13:06:44.632] [ARM-RX] CAN Send chunk for Motor ID 2 failed with err: 60003
[13:06:44.632] [ARM-RX] [CAN][TX] write failed id=0x00000300 dlc=2 err=60003
[13:06:44.632] [ARM-RX] [CAN][write_fail] status=0x000000A8 tx_err=128 rx_err=0 err_code=0x00000401
[13:06:44.632] [ARM-RX] CAN Send chunk for Motor ID 3 failed with err: 60003
[13:06:44.632] [ARM-RX] [CAN][TX]
[13:06:44.664] [ARM-RX] write failed id=0x00000400 dlc=2 err=60003
[13:06:44.664] [ARM-RX] [CAN][write_fail] status=0x000000A8 tx_err=128 rx_err=0 err_code=0x00000401
[13:06:44.664] [ARM-RX] CAN Send chunk for Motor ID 4 failed with err: 60003
[13:06:44.664] [ARM-RX] [CAN][TX] write failed id=0x00000500 dlc=2 err=60003
[13:06:44.665] [ARM-RX] [CAN][write_fail] status=0
[13:06:44.690] [ARM-RX] x000000A8 tx_err=128 rx_err=0 err_code=0x00000401
[13:06:44.690] [ARM-RX] CAN Send chunk for Motor ID 5 failed with err: 60003
[13:06:44.690] [ARM-RX] batch angle read timeout/missing mask=0x1F elapsed=89 ms
[13:06:44.691] [ARM-RX] [CAN][TX] write failed id=0x00000100 dlc=7 err=60003
[13:06:44.691] [ARM-RX] [CAN][write_fail] status=0x000000A8 tx_
[13:06:44.711] [ARM-RX] err=128 rx_err=0 err_code=0x00000401
[13:06:44.712] [ARM-RX] CAN Send chunk for Motor ID 1 failed with err: 60003
[13:06:44.712] [ARM-RX] [CAN][TX] write failed id=0x00000200 dlc=7 err=60003
[13:06:44.712] [ARM-RX] [CAN][write_fail] status=0x000000A8 tx_err=128 rx_err=0 err_code=0x00000401
[13:06:44.712] [ARM-RX] CAN Send chunk for Motor ID 2 fai
[13:06:44.732] [ARM-RX] led with err: 60003
[13:06:44.732] [ARM-RX] [CAN][TX] write failed id=0x00000300 dlc=7 err=60003
[13:06:44.732] [ARM-RX] [CAN][write_fail] status=0x000000A8 tx_err=128 rx_err=0 err_code=0x00000401
[13:06:44.732] [ARM-RX] CAN Send chunk for Motor ID 3 failed with err: 60003
[13:06:44.734] [ARM-RX] [CAN][TX] write failed id=0x00000400 dlc=7 err=600
[13:06:44.753] [ARM-RX] 03
[13:06:44.754] [ARM-RX] [CAN][write_fail] status=0x000000A8 tx_err=128 rx_err=0 err_code=0x00000401
[13:06:44.754] [ARM-RX] CAN Send chunk for Motor ID 4 failed with err: 60003
[13:06:44.754] [ARM-RX] [CAN][TX] write failed id=0x00000500 dlc=7 err=60003
[13:06:44.754] [ARM-RX] [CAN][write_fail] status=0x000000A8 tx_err=128 rx_err=0 err_code=0x
[13:06:44.775] [ARM-RX] 00000401
[13:06:44.776] [ARM-RX] CAN Send chunk for Motor ID 5 failed with err: 60003
[13:06:44.776] [ARM-RX] [CAN][TX] write failed id=0x00000100 dlc=2 err=60003
[13:06:44.776] [ARM-RX] [CAN][write_fail] status=0x000000A8 tx_err=128 rx_err=0 err_code=0x00000401
[13:06:44.776] [ARM-RX] CAN Send chunk for Motor ID 1 failed with err: 60003
[13:06:44.777] [ARM-RX] [CAN][T
[13:06:44.797] [ARM-RX] X] write failed id=0x00000200 dlc=2 err=60003
[13:06:44.797] [ARM-RX] [CAN][write_fail] status=0x000000A8 tx_err=128 rx_err=0 err_code=0x00000401
[13:06:44.797] [ARM-RX] CAN Send chunk for Motor ID 2 failed with err: 60003
[13:06:44.797] [ARM-RX] [CAN][TX] write failed id=0x00000300 dlc=2 err=60003
[13:06:44.797] [ARM-RX] [CAN][write_fail] status
[13:06:44.828] [ARM-RX] =0x000000A8 tx_err=128 rx_err=0 err_code=0x00000401
[13:06:44.828] [ARM-RX] CAN Send chunk for Motor ID 3 failed with err: 60003
[13:06:44.828] [ARM-RX] [CAN][TX] write failed id=0x00000400 dlc=2 err=60003
[13:06:44.828] [ARM-RX] [CAN][write_fail] status=0x000000A8 tx_err=128 rx_err=0 err_code=0x00000401
[13:06:44.828] [ARM-RX] CAN Send chunk for
[13:06:44.855] [ARM-RX] Motor ID 4 failed with err: 60003
[13:06:44.855] [ARM-RX] [CAN][TX] write failed id=0x00000500 dlc=2 err=60003
[13:06:44.855] [ARM-RX] [CAN][write_fail] status=0x000000A8 tx_err=128 rx_err=0 err_code=0x00000401
[13:06:44.855] [ARM-RX] CAN Send chunk for Motor ID 5 failed with err: 60003
[13:06:44.856] [ARM-RX] batch angle read timeout/missing ma
[13:06:44.875] [ARM-RX] sk=0x1F elapsed=89 ms
[13:06:44.876] [ARM-RX] [CAN][TX] write failed id=0x00000100 dlc=7 err=60003
[13:06:44.876] [ARM-RX] [CAN][write_fail] status=0x000000A8 tx_err=128 rx_err=0 err_code=0x00000401
[13:06:44.876] [ARM-RX] CAN Send chunk for Motor ID 1 failed with err: 60003
[13:06:44.876] [ARM-RX] [CAN][TX] write failed id=0x00000200 dlc=7 err=6
[13:06:44.897] [ARM-RX] 0003
[13:06:44.898] [ARM-RX] [CAN][write_fail] status=0x000000A8 tx_err=128 rx_err=0 err_code=0x00000401
[13:06:44.898] [ARM-RX] CAN Send chunk for Motor ID 2 failed with err: 60003
[13:06:44.898] [ARM-RX] [CAN][TX] write failed id=0x00000300 dlc=7 err=60003
[13:06:44.898] [ARM-RX] [CAN][write_fail] status=0x000000A8 tx_err=128 rx_err=0 err_code=
[13:06:44.920] [ARM-RX] 0x00000401
[13:06:44.920] [ARM-RX] CAN Send chunk for Motor ID 3 failed with err: 60003
[13:06:44.920] [ARM-RX] [CAN][TX] write failed id=0x00000400 dlc=7 err=60003
[13:06:44.921] [ARM-RX] [CAN][write_fail] status=0x000000A8 tx_err=128 rx_err=0 err_code=0x00000401
[13:06:44.921] [ARM-RX] CAN Send chunk for Motor ID 4 failed with err: 60003
[13:06:44.921] [ARM-RX] [CAN]
[13:06:44.939] [ARM-RX] [TX] write failed id=0x00000500 dlc=7 err=60003
[13:06:44.942] [ARM-RX] [CAN][write_fail] status=0x000000A8 tx_err=128 rx_err=0 err_code=0x00000401
[13:06:44.943] [ARM-RX] CAN Send chunk for Motor ID 5 failed with err: 60003
[13:06:44.943] [ARM-RX] [CAN][TX] write failed id=0x00000100 dlc=2 err=60003
[13:06:44.943] [ARM-RX] [CAN][write_fail] stat
[13:06:44.960] [ARM-RX] us=0x000000A8 tx_err=128 rx_err=0 err_code=0x00000401
[13:06:44.960] [ARM-RX] CAN Send chunk for Motor ID 1 failed with err: 60003
[13:06:44.960] [ARM-RX] [CAN][TX] write failed id=0x00000200 dlc=2 err=60003
[13:06:44.962] [ARM-RX] [CAN][write_fail] status=0x000000A8 tx_err=128 rx_err=0 err_code=0x00000401
[13:06:44.962] [ARM-RX] CAN Send chunk f
[13:06:44.993] [ARM-RX] or Motor ID 2 failed with err: 60003
[13:06:44.993] [ARM-RX] [CAN][TX] write failed id=0x00000300 dlc=2 err=60003
[13:06:44.994] [ARM-RX] [CAN][write_fail] status=0x000000A8 tx_err=128 rx_err=0 err_code=0x00000401
[13:06:44.994] [ARM-RX] CAN Send chunk for Motor ID 3 failed with err: 60003
[13:06:44.994] [ARM-RX] [CAN][TX] write failed id=0x00000
[13:06:45.014] [ARM-RX] 400 dlc=2 err=60003
[13:06:45.014] [ARM-RX] [CAN][write_fail] status=0x000000A8 tx_err=128 rx_err=0 err_code=0x00000401
[13:06:45.014] [ARM-RX] CAN Send chunk for Motor ID 4 failed with err: 60003
[13:06:45.014] [ARM-RX] [CAN][TX] write failed id=0x00000500 dlc=2 err=60003
[13:06:45.015] [ARM-RX] [CAN][write_fail] status=0x000000A8 tx_err=128 rx_
[13:06:45.041] [ARM-RX] err=0 err_code=0x00000401
[13:06:45.041] [ARM-RX] CAN Send chunk for Motor ID 5 failed with err: 60003
[13:06:45.041] [ARM-RX] batch angle read timeout/missing mask=0x1F elapsed=89 ms
[13:06:45.041] [ARM-RX] [CAN][TX] write failed id=0x00000100 dlc=7 err=60003
[13:06:45.041] [ARM-RX] [CAN][write_fail] status=0x000000A8 tx_err=128 rx_err=0 err_cod
[13:06:45.061] [ARM-RX] e=0x00000401
[13:06:45.061] [ARM-RX] CAN Send chunk for Motor ID 1 failed with err: 60003
[13:06:45.063] [ARM-RX] [CAN][TX] write failed id=0x00000200 dlc=7 err=60003
[13:06:45.063] [ARM-RX] [CAN][write_fail] status=0x000000A8 tx_err=128 rx_err=0 err_code=0x00000401
[13:06:45.063] [ARM-RX] CAN Send chunk for Motor ID 2 failed with err: 60003
[13:06:45.063] [ARM-RX] [CA
[13:06:45.082] [ARM-RX] N][TX] write failed id=0x00000300 dlc=7 err=60003
[13:06:45.083] [ARM-RX] [CAN][write_fail] status=0x000000A8 tx_err=128 rx_err=0 err_code=0x00000401
[13:06:45.083] [ARM-RX] CAN Send chunk for Motor ID 3 failed with err: 60003
[13:06:45.083] [ARM-RX] [CAN][TX] write failed id=0x00000400 dlc=7 err=60003
[13:06:45.083] [ARM-RX] [CAN][write_fail] st
[13:06:45.106] [ARM-RX] atus=0x000000A8 tx_err=128 rx_err=0 err_code=0x00000401
[13:06:45.108] [ARM-RX] CAN Send chunk for Motor ID 4 failed with err: 60003
[13:06:45.108] [ARM-RX] [CAN][TX] write failed id=0x00000500 dlc=7 err=60003
[13:06:45.108] [ARM-RX] [CAN][write_fail] status=0x000000A8 tx_err=128 rx_err=0 err_code=0x00000401
[13:06:45.108] [ARM-RX] CAN Send chunk
[13:06:45.125] [ARM-RX] for Motor ID 5 failed with err: 60003
[13:06:45.126] [ARM-RX] [CAN][TX] write failed id=0x00000100 dlc=2 err=60003
[13:06:45.126] [ARM-RX] [CAN][write_fail] status=0x000000A8 tx_err=128 rx_err=0 err_code=0x00000401
[13:06:45.126] [ARM-RX] CAN Send chunk for Motor ID 1 failed with err: 60003
[13:06:45.126] [ARM-RX] [CAN][TX] write failed id=0x000
[13:06:45.157] [ARM-RX] 00200 dlc=2 err=60003
[13:06:45.157] [ARM-RX] [CAN][write_fail] status=0x000000A8 tx_err=128 rx_err=0 err_code=0x00000401
[13:06:45.157] [ARM-RX] CAN Send chunk for Motor ID 2 failed with err: 60003
[13:06:45.157] [ARM-RX] [CAN][TX] write failed id=0x00000300 dlc=2 err=60003
[13:06:45.158] [ARM-RX] [CAN][write_fail] status=0x000000A8 tx_err=128 r
[13:06:45.177] [ARM-RX] x_err=0 err_code=0x00000401
[13:06:45.178] [ARM-RX] CAN Send chunk for Motor ID 3 failed with err: 60003
[13:06:45.178] [ARM-RX] [CAN][TX] write failed id=0x00000400 dlc=2 err=60003
[13:06:45.178] [ARM-RX] [CAN][write_fail] status=0x000000A8 tx_err=128 rx_err=0 err_code=0x00000401
[13:06:45.178] [ARM-RX] CAN Send chunk for Motor ID 4 failed with
[13:06:45.205] [ARM-RX] err: 60003
[13:06:45.205] [ARM-RX] [CAN][TX] write failed id=0x00000500 dlc=2 err=60003
[13:06:45.205] [ARM-RX] [CAN][write_fail] status=0x000000A8 tx_err=128 rx_err=0 err_code=0x00000401
[13:06:45.206] [ARM-RX] CAN Send chunk for Motor ID 5 failed with err: 60003
[13:06:45.206] [ARM-RX] batch angle read timeout/missing mask=0x1F elapsed=89 ms
[13:06:45.206] [ARM-RX] [
[13:06:45.226] [ARM-RX] CAN][TX] write failed id=0x00000100 dlc=7 err=60003
[13:06:45.226] [ARM-RX] [CAN][write_fail] status=0x000000A8 tx_err=128 rx_err=0 err_code=0x00000401
[13:06:45.226] [ARM-RX] CAN Send chunk for Motor ID 1 failed with err: 60003
[13:06:45.227] [ARM-RX] [CAN][TX] write failed id=0x00000200 dlc=7 err=60003
[13:06:45.227] [ARM-RX] [CAN][write_fail]
[13:06:45.248] [ARM-RX] status=0x000000A8 tx_err=128 rx_err=0 err_code=0x00000401
[13:06:45.248] [ARM-RX] CAN Send chunk for Motor ID 2 failed with err: 60003
[13:06:45.248] [ARM-RX] [CAN][TX] write failed id=0x00000300 dlc=7 err=60003
[13:06:45.248] [ARM-RX] [CAN][write_fail] status=0x000000A8 tx_err=128 rx_err=0 err_code=0x00000401
[13:06:45.249] [ARM-RX] CAN Send chu
[13:06:45.269] [ARM-RX] nk for Motor ID 3 failed with err: 60003
[13:06:45.269] [ARM-RX] [CAN][TX] write failed id=0x00000400 dlc=7 err=60003
[13:06:45.269] [ARM-RX] [CAN][write_fail] status=0x000000A8 tx_err=128 rx_err=0 err_code=0x00000401
[13:06:45.269] [ARM-RX] CAN Send chunk for Motor ID 4 failed with err: 60003
[13:06:45.269] [ARM-RX] [CAN][TX] write failed id=0x0
[13:06:45.299] [ARM-RX] 0000500 dlc=7 err=60003
[13:06:45.299] [ARM-RX] [CAN][write_fail] status=0x000000A8 tx_err=128 rx_err=0 err_code=0x00000401
[13:06:45.299] [ARM-RX] CAN Send chunk for Motor ID 5 failed with err: 60003
[13:06:45.300] [ARM-RX] [CAN][TX] write failed id=0x00000100 dlc=2 err=60003
[13:06:45.300] [ARM-RX] [CAN][write_fail] status=0x000000A8 tx_err=128
[13:06:45.321] [ARM-RX] rx_err=0 err_code=0x00000401
[13:06:45.321] [ARM-RX] CAN Send chunk for Motor ID 1 failed with err: 60003
[13:06:45.322] [ARM-RX] [CAN][TX] write failed id=0x00000200 dlc=2 err=60003
[13:06:45.322] [ARM-RX] [CAN][write_fail] status=0x000000A8 tx_err=128 rx_err=0 err_code=0x00000401
[13:06:45.322] [ARM-RX] CAN Send chunk for Motor ID 2 failed wit
[13:06:45.343] [ARM-RX] h err: 60003
[13:06:45.343] [ARM-RX] [CAN][TX] write failed id=0x00000300 dlc=2 err=60003
[13:06:45.343] [ARM-RX] [CAN][write_fail] status=0x000000A8 tx_err=128 rx_err=0 err_code=0x00000401
[13:06:45.343] [ARM-RX] CAN Send chunk for Motor ID 3 failed with err: 60003
[13:06:45.344] [ARM-RX] [CAN][TX] write failed id=0x00000400 dlc=2 err=60003
[13:06:45.344] [ARM-RX] [CA
[13:06:45.363] [ARM-RX] N][write_fail] status=0x000000A8 tx_err=128 rx_err=0 err_code=0x00000401
[13:06:45.364] [ARM-RX] CAN Send chunk for Motor ID 4 failed with err: 60003
[13:06:45.364] [ARM-RX] [CAN][TX] write failed id=0x00000500 dlc=2 err=60003
[13:06:45.364] [ARM-RX] [CAN][write_fail] status=0x000000A8 tx_err=128 rx_err=0 err_code=0x0000040
[13:06:45.390] [ARM-RX] 1
[13:06:45.390] [ARM-RX] CAN Send chunk for Motor ID 5 failed with err: 60003
[13:06:45.391] [ARM-RX] batch angle read timeout/missing mask=0x1F elapsed=89 ms
[13:06:45.391] [ARM-RX] [CAN][TX] write failed id=0x00000100 dlc=7 err=60003
[13:06:45.391] [ARM-RX] [CAN][write_fail] status=0x000000A8 tx_err=128 rx_err=0 err_code=0x00000401
[13:06:45.391] [ARM-RX] CAN Send c
[13:06:45.411] [ARM-RX] hunk for Motor ID 1 failed with err: 60003
[13:06:45.411] [ARM-RX] [CAN][TX] write failed id=0x00000200 dlc=7 err=60003
[13:06:45.411] [ARM-RX] [CAN][write_fail] status=0x000000A8 tx_err=128 rx_err=0 err_code=0x00000401
[13:06:45.411] [ARM-RX] CAN Send chunk for Motor ID 2 failed with err: 60003
[13:06:45.411] [ARM-RX] [CAN][TX] write failed id=0
[13:06:45.432] [ARM-RX] x00000300 dlc=7 err=60003
[13:06:45.432] [ARM-RX] [CAN][write_fail] status=0x000000A8 tx_err=128 rx_err=0 err_code=0x00000401
[13:06:45.433] [ARM-RX] CAN Send chunk for Motor ID 3 failed with err: 60003
[13:06:45.433] [ARM-RX] [CAN][TX] write failed id=0x00000400 dlc=7 err=60003
[13:06:45.433] [ARM-RX] [CAN][write_fail] status=0x000000A8 tx_err=1
[13:06:45.465] [ARM-RX] 28 rx_err=0 err_code=0x00000401
[13:06:45.465] [ARM-RX] CAN Send chunk for Motor ID 4 failed with err: 60003
[13:06:45.465] [ARM-RX] [CAN][TX] write failed id=0x00000500 dlc=7 err=60003
[13:06:45.465] [ARM-RX] [CAN][write_fail] status=0x000000A8 tx_err=128 rx_err=0 err_code=0x00000401
[13:06:45.466] [ARM-RX] CAN Send chunk for Motor ID 5 failed w
[13:06:45.486] [ARM-RX] ith err: 60003
[13:06:45.486] [ARM-RX] [CAN][TX] write failed id=0x00000100 dlc=2 err=60003
[13:06:45.486] [ARM-RX] [CAN][write_fail] status=0x000000A8 tx_err=128 rx_err=0 err_code=0x00000401
[13:06:45.486] [ARM-RX] CAN Send chunk for Motor ID 1 failed with err: 60003
[13:06:45.487] [ARM-RX] [CAN][TX] write failed id=0x00000200 dlc=2 err=60003
[13:06:45.487] [ARM-RX] [
[13:06:45.506] [ARM-RX] CAN][write_fail] status=0x000000A8 tx_err=128 rx_err=0 err_code=0x00000401
[13:06:45.506] [ARM-RX] CAN Send chunk for Motor ID 2 failed with err: 60003
[13:06:45.507] [ARM-RX] [CAN][TX] write failed id=0x00000300 dlc=2 err=60003
[13:06:45.507] [ARM-RX] [CAN][write_fail] status=0x000000A8 tx_err=128 rx_err=0 err_code=0x00000
[13:06:45.527] [ARM-RX] 401
[13:06:45.528] [ARM-RX] CAN Send chunk for Motor ID 3 failed with err: 60003
[13:06:45.528] [ARM-RX] [CAN][TX] write failed id=0x00000400 dlc=2 err=60003
[13:06:45.528] [ARM-RX] [CAN][write_fail] status=0x000000A8 tx_err=128 rx_err=0 err_code=0x00000401
[13:06:45.528] [ARM-RX] CAN Send chunk for Motor ID 4 failed with err: 60003
[13:06:45.528] [ARM-RX] [CAN][TX] wr
[13:06:45.558] [ARM-RX] ite failed id=0x00000500 dlc=2 err=60003
[13:06:45.558] [ARM-RX] [CAN][write_fail] status=0x000000A8 tx_err=128 rx_err=0 err_code=0x00000401
[13:06:45.558] [ARM-RX] CAN Send chunk for Motor ID 5 failed with err: 60003
[13:06:45.559] [ARM-RX] batch angle read timeout/missing mask=0x1F elapsed=89 ms
[13:06:45.559] [ARM-RX] [CAN][TX] write failed id
[13:06:45.576] [ARM-RX] =0x00000100 dlc=7 err=60003
[13:06:45.577] [ARM-RX] [CAN][write_fail] status=0x000000A8 tx_err=128 rx_err=0 err_code=0x00000401
[13:06:45.577] [ARM-RX] CAN Send chunk for Motor ID 1 failed with err: 60003
[13:06:45.577] [ARM-RX] [CAN][TX] write failed id=0x00000200 dlc=7 err=60003
[13:06:45.577] [ARM-RX] [CAN][write_fail] status=0x000000A8 tx_err
[13:06:45.596] [ARM-RX] =128 rx_err=0 err_code=0x00000401
[13:06:45.596] [ARM-RX] CAN Send chunk for Motor ID 2 failed with err: 60003
[13:06:45.596] [ARM-RX] [CAN][TX] write failed id=0x00000300 dlc=7 err=60003
[13:06:45.596] [ARM-RX] [CAN][write_fail] status=0x000000A8 tx_err=128 rx_err=0 err_code=0x00000401
[13:06:45.596] [ARM-RX] CAN Send chunk for Motor ID 3 failed
[13:06:45.629] [ARM-RX] with err: 60003
[13:06:45.629] [ARM-RX] [CAN][TX] write failed id=0x00000400 dlc=7 err=60003
[13:06:45.629] [ARM-RX] [CAN][write_fail] status=0x000000A8 tx_err=128 rx_err=0 err_code=0x00000401
[13:06:45.629] [ARM-RX] CAN Send chunk for Motor ID 4 failed with err: 60003
[13:06:45.630] [ARM-RX] [CAN][TX] write failed id=0x00000500 dlc=7 err=60003
[13:06:45.652] [ARM-RX] [CAN][write_fail] status=0x000000A8 tx_err=128 rx_err=0 err_code=0x00000401
[13:06:45.652] [ARM-RX] CAN Send chunk for Motor ID 5 failed with err: 60003
[13:06:45.652] [ARM-RX] [CAN][TX] write failed id=0x00000100 dlc=2 err=60003
[13:06:45.652] [ARM-RX] [CAN][write_fail] status=0x000000A8 tx_err=128 rx_err=0 err_code=0x000
[13:06:45.671] [ARM-RX] 00401
[13:06:45.672] [ARM-RX] CAN Send chunk for Motor ID 1 failed with err: 60003
[13:06:45.672] [ARM-RX] [CAN][TX] write failed id=0x00000200 dlc=2 err=60003
[13:06:45.672] [ARM-RX] [CAN][write_fail] status=0x000000A8 tx_err=128 rx_err=0 err_code=0x00000401
[13:06:45.672] [ARM-RX] CAN Send chunk for Motor ID 2 failed with err: 60003
[13:06:45.672] [ARM-RX] [CAN][TX]
[13:06:45.694] [ARM-RX] write failed id=0x00000300 dlc=2 err=60003
[13:06:45.694] [ARM-RX] [CAN][write_fail] status=0x000000A8 tx_err=128 rx_err=0 err_code=0x00000401
[13:06:45.694] [ARM-RX] CAN Send chunk for Motor ID 3 failed with err: 60003
[13:06:45.694] [ARM-RX] [CAN][TX] write failed id=0x00000400 dlc=2 err=60003
[13:06:45.695] [ARM-RX] [CAN][write_fail] status=0x
[13:06:45.715] [ARM-RX] 000000A8 tx_err=128 rx_err=0 err_code=0x00000401
[13:06:45.717] [ARM-RX] CAN Send chunk for Motor ID 4 failed with err: 60003
[13:06:45.717] [ARM-RX] [CAN][TX] write failed id=0x00000500 dlc=2 err=60003
[13:06:45.717] [ARM-RX] [CAN][write_fail] status=0x000000A8 tx_err=128 rx_err=0 err_code=0x00000401
[13:06:45.717] [ARM-RX] CAN Send chunk for Mo
[13:06:45.741] [ARM-RX] tor ID 5 failed with err: 60003
[13:06:45.741] [ARM-RX] batch angle read timeout/missing mask=0x1F elapsed=89 ms
[13:06:45.741] [ARM-RX] [CAN][TX] write failed id=0x00000100 dlc=7 err=60003
[13:06:45.741] [ARM-RX] [CAN][write_fail] status=0x000000A8 tx_err=128 rx_err=0 err_code=0x00000401
[13:06:45.741] [ARM-RX] CAN Send chunk for Motor ID 1 fail
[13:06:45.762] [ARM-RX] ed with err: 60003
[13:06:45.762] [ARM-RX] [CAN][TX] write failed id=0x00000200 dlc=7 err=60003
[13:06:45.762] [ARM-RX] [CAN][write_fail] status=0x000000A8 tx_err=128 rx_err=0 err_code=0x00000401
[13:06:45.763] [ARM-RX] CAN Send chunk for Motor ID 2 failed with err: 60003
[13:06:45.763] [ARM-RX] [CAN][TX] write failed id=0x00000300 dlc=7 err=6000
[13:06:45.793] [ARM-RX] 3
[13:06:45.793] [ARM-RX] [CAN][write_fail] status=0x000000A8 tx_err=128 rx_err=0 err_code=0x00000401
[13:06:45.794] [ARM-RX] CAN Send chunk for Motor ID 3 failed with err: 60003
[13:06:45.794] [ARM-RX] [CAN][TX] write failed id=0x00000400 dlc=7 err=60003
[13:06:45.794] [ARM-RX] [CAN][write_fail] status=0x000000A8 tx_err=128 rx_err=0 err_code=0x0
[13:06:45.814] [ARM-RX] 0000401
[13:06:45.814] [ARM-RX] CAN Send chunk for Motor ID 4 failed with err: 60003
[13:06:45.815] [ARM-RX] [CAN][TX] write failed id=0x00000500 dlc=7 err=60003
[13:06:45.815] [ARM-RX] [CAN][write_fail] status=0x000000A8 tx_err=128 rx_err=0 err_code=0x00000401
[13:06:45.815] [ARM-RX] CAN Send chunk for Motor ID 5 failed with err: 60003
[13:06:45.815] [ARM-RX] [CAN][TX
[13:06:45.835] [ARM-RX] ] write failed id=0x00000100 dlc=2 err=60003
[13:06:45.836] [ARM-RX] [CAN][write_fail] status=0x000000A8 tx_err=128 rx_err=0 err_code=0x00000401
[13:06:45.836] [ARM-RX] CAN Send chunk for Motor ID 1 failed with err: 60003
[13:06:45.836] [ARM-RX] [CAN][TX] write failed id=0x00000200 dlc=2 err=60003
[13:06:45.836] [ARM-RX] [CAN][write_fail] status=
[13:06:45.856] [ARM-RX] 0x000000A8 tx_err=128 rx_err=0 err_code=0x00000401
[13:06:45.856] [ARM-RX] CAN Send chunk for Motor ID 2 failed with err: 60003
[13:06:45.856] [ARM-RX] [CAN][TX] write failed id=0x00000300 dlc=2 err=60003
[13:06:45.856] [ARM-RX] [CAN][write_fail] status=0x000000A8 tx_err=128 rx_err=0 err_code=0x00000401
[13:06:45.856] [ARM-RX] CAN Send chunk for
[13:06:45.878] [ARM-RX] Motor ID 3 failed with err: 60003
[13:06:45.878] [ARM-RX] [CAN][TX] write failed id=0x00000400 dlc=2 err=60003
[13:06:45.878] [ARM-RX] [CAN][write_fail] status=0x000000A8 tx_err=128 rx_err=0 err_code=0x00000401
[13:06:45.878] [ARM-RX] CAN Send chunk for Motor ID 4 failed with err: 60003
[13:06:45.878] [ARM-RX] [CAN][TX] write failed id=0x00000500
[13:06:45.904] [ARM-RX] dlc=2 err=60003
[13:06:45.905] [ARM-RX] [CAN][write_fail] status=0x000000A8 tx_err=128 rx_err=0 err_code=0x00000401
[13:06:45.905] [ARM-RX] CAN Send chunk for Motor ID 5 failed with err: 60003
[13:06:45.905] [ARM-RX] batch angle read timeout/missing mask=0x1F elapsed=89 ms
[13:06:45.905] [ARM-RX] [CAN][TX] write failed id=0x00000100 dlc=7 err=60
[13:06:45.937] [ARM-RX] 003
[13:06:45.937] [ARM-RX] [CAN][write_fail] status=0x000000A8 tx_err=128 rx_err=0 err_code=0x00000401
[13:06:45.937] [ARM-RX] CAN Send chunk for Motor ID 1 failed with err: 60003
[13:06:45.938] [ARM-RX] [CAN][TX] write failed id=0x00000200 dlc=7 err=60003
[13:06:45.938] [ARM-RX] [CAN][write_fail] status=0x000000A8 tx_err=128 rx_err=0 err_code=0
[13:06:45.962] [ARM-RX] x00000401
[13:06:45.962] [ARM-RX] CAN Send chunk for Motor ID 2 failed with err: 60003
[13:06:45.962] [ARM-RX] [CAN][TX] write failed id=0x00000300 dlc=7 err=60003
[13:06:45.962] [ARM-RX] [CAN][write_fail] status=0x000000A8 tx_err=128 rx_err=0 err_code=0x00000401
[13:06:45.963] [ARM-RX] CAN Send chunk for Motor ID 3 failed with err: 60003
[13:06:45.963] [ARM-RX] [CAN][
[13:06:45.978] [ARM-RX] TX] write failed id=0x00000400 dlc=7 err=60003
[13:06:45.979] [ARM-RX] [CAN][write_fail] status=0x000000A8 tx_err=128 rx_err=0 err_code=0x00000401
[13:06:45.979] [ARM-RX] CAN Send chunk for Motor ID 4 failed with err: 60003
[13:06:45.979] [ARM-RX] [CAN][TX] write failed id=0x00000500 dlc=7 err=60003
[13:06:45.979] [ARM-RX] [CAN][write_fail] statu
[13:06:46.000] [ARM-RX] s=0x000000A8 tx_err=128 rx_err=0 err_code=0x00000401
[13:06:46.000] [ARM-RX] CAN Send chunk for Motor ID 5 failed with err: 60003
[13:06:46.000] [ARM-RX] [CAN][TX] write failed id=0x00000100 dlc=2 err=60003
[13:06:46.000] [ARM-RX] [CAN][write_fail] status=0x000000A8 tx_err=128 rx_err=0 err_code=0x00000401
[13:06:46.000] [ARM-RX] CAN Send chunk fo
[13:06:46.023] [ARM-RX] r Motor ID 1 failed with err: 60003
[13:06:46.023] [ARM-RX] [CAN][TX] write failed id=0x00000200 dlc=2 err=60003
[13:06:46.023] [ARM-RX] [CAN][write_fail] status=0x000000A8 tx_err=128 rx_err=0 err_code=0x00000401
[13:06:46.025] [ARM-RX] CAN Send chunk for Motor ID 2 failed with err: 60003
[13:06:46.025] [ARM-RX] [CAN][TX] write failed id=0x000003
[13:06:46.043] [ARM-RX] 00 dlc=2 err=60003
[13:06:46.043] [ARM-RX] [CAN][write_fail] status=0x000000A8 tx_err=128 rx_err=0 err_code=0x00000401
[13:06:46.044] [ARM-RX] CAN Send chunk for Motor ID 3 failed with err: 60003
[13:06:46.044] [ARM-RX] [CAN][TX] write failed id=0x00000400 dlc=2 err=60003
[13:06:46.044] [ARM-RX] [CAN][write_fail] status=0x000000A8 tx_err=128 rx_e
[13:06:46.064] [ARM-RX] rr=0 err_code=0x00000401
[13:06:46.064] [ARM-RX] CAN Send chunk for Motor ID 4 failed with err: 60003
[13:06:46.065] [ARM-RX] [CAN][TX] write failed id=0x00000500 dlc=2 err=60003
[13:06:46.065] [ARM-RX] [CAN][write_fail] status=0x000000A8 tx_err=128 rx_err=0 err_code=0x00000401
[13:06:46.065] [ARM-RX] CAN Send chunk for Motor ID 5 failed with err
[13:06:46.100] [ARM-RX] : 60003
[13:06:46.100] [ARM-RX] batch angle read timeout/missing mask=0x1F elapsed=89 ms
[13:06:46.101] [ARM-RX] [CAN][TX] write failed id=0x00000100 dlc=7 err=60003
[13:06:46.101] [ARM-RX] [CAN][write_fail] status=0x000000A8 tx_err=128 rx_err=0 err_code=0x00000401
[13:06:46.101] [ARM-RX] CAN Send chunk for Motor ID 1 failed with err: 60003
[13:06:46.101] [ARM-RX] [CAN
[13:06:46.121] [ARM-RX] ][TX] write failed id=0x00000200 dlc=7 err=60003
[13:06:46.122] [ARM-RX] [CAN][write_fail] status=0x000000A8 tx_err=128 rx_err=0 err_code=0x00000401
[13:06:46.122] [ARM-RX] CAN Send chunk for Motor ID 2 failed with err: 60003
[13:06:46.122] [ARM-RX] [CAN][TX] write failed id=0x00000300 dlc=7 err=60003
[13:06:46.122] [ARM-RX] [CAN][write_fail] sta
[13:06:46.144] [ARM-RX] tus=0x000000A8 tx_err=128 rx_err=0 err_code=0x00000401
[13:06:46.144] [ARM-RX] CAN Send chunk for Motor ID 3 failed with err: 60003
[13:06:46.145] [ARM-RX] [CAN][TX] write failed id=0x00000400 dlc=7 err=60003
[13:06:46.145] [ARM-RX] [CAN][write_fail] status=0x000000A8 tx_err=128 rx_err=0 err_code=0x00000401
[13:06:46.145] [ARM-RX] CAN Send chunk
[13:06:46.164] [ARM-RX] for Motor ID 4 failed with err: 60003
[13:06:46.165] [ARM-RX] [CAN][TX] write failed id=0x00000500 dlc=7 err=60003
[13:06:46.165] [ARM-RX] [CAN][write_fail] status=0x000000A8 tx_err=128 rx_err=0 err_code=0x00000401
[13:06:46.165] [ARM-RX] CAN Send chunk for Motor ID 5 failed with err: 60003
[13:06:46.165] [ARM-RX] [CAN][TX] write failed id=0x0000
[13:06:46.185] [ARM-RX] 0100 dlc=2 err=60003
[13:06:46.185] [ARM-RX] [CAN][write_fail] status=0x000000A8 tx_err=128 rx_err=0 err_code=0x00000401
[13:06:46.186] [ARM-RX] CAN Send chunk for Motor ID 1 failed with err: 60003
[13:06:46.186] [ARM-RX] [CAN][TX] write failed id=0x00000200 dlc=2 err=60003
[13:06:46.186] [ARM-RX] [CAN][write_fail] status=0x000000A8 tx_err=128 rx
[13:06:46.206] [ARM-RX] _err=0 err_code=0x00000401
[13:06:46.207] [ARM-RX] CAN Send chunk for Motor ID 2 failed with err: 60003
[13:06:46.207] [ARM-RX] [CAN][TX] write failed id=0x00000300 dlc=2 err=60003
[13:06:46.207] [ARM-RX] [CAN][write_fail] status=0x000000A8 tx_err=136 rx_err=0 err_code=0x00000401
[13:06:46.207] [ARM-RX] CAN Send chunk for Motor ID 3 failed with e
[13:06:46.227] [ARM-RX] rr: 60003
[13:06:46.228] [ARM-RX] [CAN][TX] write failed id=0x00000400 dlc=2 err=60003
[13:06:46.228] [ARM-RX] [CAN][write_fail] status=0x000000A8 tx_err=136 rx_err=0 err_code=0x00000401
[13:06:46.228] [ARM-RX] CAN Send chunk for Motor ID 4 failed with err: 60003
[13:06:46.228] [ARM-RX] [CAN][TX] write failed id=0x00000500 dlc=2 err=60003
[13:06:46.228] [ARM-RX] [CAN][
[13:06:46.266] [ARM-RX] write_fail] status=0x000000A8 tx_err=136 rx_err=0 err_code=0x00000401
[13:06:46.266] [ARM-RX] CAN Send chunk for Motor ID 5 failed with err: 60003
[13:06:46.266] [ARM-RX] batch angle read timeout/missing mask=0x1F elapsed=89 ms
[13:06:46.266] [ARM-RX] [CAN][TX] write failed id=0x00000100 dlc=7 err=60003
[13:06:46.266] [ARM-RX] [CAN][write_fail] s
[13:06:46.287] [ARM-RX] tatus=0x000000A8 tx_err=136 rx_err=0 err_code=0x00000401
[13:06:46.287] [ARM-RX] CAN Send chunk for Motor ID 1 failed with err: 60003
[13:06:46.287] [ARM-RX] [CAN][TX] write failed id=0x00000200 dlc=7 err=60003
[13:06:46.287] [ARM-RX] [CAN][write_fail] status=0x000000A8 tx_err=136 rx_err=0 err_code=0x00000401
[13:06:46.287] [ARM-RX] CAN Send chun
[13:06:46.307] [ARM-RX] k for Motor ID 2 failed with err: 60003
[13:06:46.308] [ARM-RX] [CAN][TX] write failed id=0x00000300 dlc=7 err=60003
[13:06:46.308] [ARM-RX] [CAN][write_fail] status=0x000000A8 tx_err=136 rx_err=0 err_code=0x00000401
[13:06:46.308] [ARM-RX] CAN Send chunk for Motor ID 3 failed with err: 60003
[13:06:46.308] [ARM-RX] [CAN][TX] write failed id=0x00
[13:06:46.332] [ARM-RX] 000400 dlc=7 err=60003
[13:06:46.332] [ARM-RX] [CAN][write_fail] status=0x000000A8 tx_err=136 rx_err=0 err_code=0x00000401
[13:06:46.332] [ARM-RX] CAN Send chunk for Motor ID 4 failed with err: 60003
[13:06:46.332] [ARM-RX] [CAN][TX] write failed id=0x00000500 dlc=7 err=60003
[13:06:46.333] [ARM-RX] [CAN][write_fail] status=0x000000A8 tx_err=136
[13:06:46.349] [ARM-RX] rx_err=0 err_code=0x00000401
[13:06:46.349] [ARM-RX] CAN Send chunk for Motor ID 5 failed with err: 60003
[13:06:46.351] [ARM-RX] [CAN][TX] write failed id=0x00000100 dlc=2 err=60003
[13:06:46.351] [ARM-RX] [CAN][write_fail] status=0x000000A8 tx_err=136 rx_err=0 err_code=0x00000401
[13:06:46.351] [ARM-RX] CAN Send chunk for Motor ID 1 failed with
[13:06:46.403] [ARM-RX] err: 60003
[13:06:46.403] [ARM-RX] [CAN][TX] write failed id=0x0000
[13:06:47.835] [ARM-RX] ��"���7 err=60003
[13:06:47.835] [ARM-RX] [CAN][write_fail] status=0x000000A8 tx_err=136 rx_err=0 err_code=0x00000401
[13:06:47.835] [ARM-RX] CAN Send chunk for Moto
[13:06:50.243] [ARM-RX] robot_update_current_angle 3...
[13:06:50.243] [ARM-RX] [3] current:0.00, target:0.00, dir:1
[13:06:50.243] [ARM-RX] Soft resetting joint 1...
[13:06:50.244] [ARM-RX] robot_update_current_angle 1...
[13:06:50.244] [ARM-RX] [1] current:95.80, target:90.00, dir:-1
[13:06:50.500] [JETSON-INFO] 已停止周期视觉发送
[13:06:50.500] [JETSON-INFO] heartbeat stopped
[13:06:50.501] [JETSON-TX] TARGET_CTRL_STOP_NEW: A5 5A 01 02 40 01 00 18 3C
[13:06:50.502] [ARM-TX] 发送命令 laser_off: laser_off
[13:06:50.502] [DEMO-INFO] 演示已停止，已关闭视觉发送、激光输出，并请求回 HOME
[13:06:50.554] [ARM-RX] [JETSON_RX] target_ctrl=0
[13:06:50.554] [ARM-RX] uart cmd parse error: '[CAN][write_fail] status=0x000000A8 tx_er���uɥѕ}����ustatus=0x000000A8 tx_err=136 rx_err=0 err_code=laser_off'
[13:06:50.569] [JETSON-RX] A5 5A 01 81 40 03 04 00 00 55 9B
[13:06:50.569] [JETSON-STATUS] TARGET_CTRL_OFF: A5 5A 01 81 40 03 04 00 00 55 9B
[13:06:50.988] [ARM-RX] Soft resetting joint 2...
[13:06:51.050] [ARM-RX] robot_update_current_angle 2...
[13:06:51.050] [ARM-RX] [2] current:-77.88, target:-90.00, dir:-1
[13:06:52.539] [ARM-RX] Soft resetting joint 0...
[13:06:52.539] [ARM-RX] robot_update_current_angle 0...
[13:06:52.539] [ARM-RX] [0] current:90.00, target:90.00, dir:1
[13:06:52.786] [ARM-RX] soft reset final verify PASS (issues:0), pose set HOME.
[13:06:52.786] [ARM-RX] ROBOT_SOFT_RESET_EVENT
[13:06:52.786] [ARM-RX] --- Starting soft reset ---
[13:06:52.973] [ARM-RX] Soft reset motors enabled (J1~J5, J6 skipped).
[13:06:52.973] [ARM-RX] Soft resetting joint 4...
[13:06:53.036] [ARM-RX] robot_update_current_angle 4...
[13:06:53.036] [ARM-RX] [4] current:90.00, target:90.00, dir:-1
[13:06:53.160] [ARM-RX] Soft resetting joint 3...
[13:06:53.160] [ARM-RX] robot_update_current_angle 3...
[13:06:53.162] [ARM-RX] [3] current:0.00, target:0.00, dir:1
[13:06:53.286] [ARM-RX] Soft resetting joint 1...
[13:06:53.348] [ARM-RX] robot_update_current_angle 1...
[13:06:53.348] [ARM-RX] [1] current:90.00, target:90.00, dir:1
[13:06:53.473] [ARM-RX] Soft resetting joint 2...
[13:06:53.473] [ARM-RX] robot_update_current_angle 2...
[13:06:53.473] [ARM-RX] [2] current:-90.01, target:-90.00, dir:1
[13:06:53.596] [ARM-RX] Soft resetting joint 0...
[13:06:53.596] [ARM-RX] robot_update_current_angle 0...
[13:06:53.596] [ARM-RX] [0] current:90.00, target:90.00, dir:1
[13:06:53.845] [ARM-RX] soft reset final verify PASS (issues:0), pose set HOME.
[13:06:53.845] [ARM-RX] ROBOT_SOFT_RESET_EVENT
[13:06:53.845] [ARM-RX] --- Starting soft reset ---
[13:06:54.031] [ARM-RX] Soft reset motors enabled (J1~J5, J6 skipped).
[13:06:54.031] [ARM-RX] Soft resetting joint 4...
[13:06:54.094] [ARM-RX] robot_update_current_angle 4...
[13:06:54.094] [ARM-RX] [4] current:90.00, target:90.00, dir:-1
[13:06:54.218] [ARM-RX] Soft resetting joint 3...
[13:06:54.218] [ARM-RX] robot_update_current_angle 3...
[13:06:54.218] [ARM-RX] [3] current:0.00, target:0.00, dir:1
[13:06:54.342] [ARM-RX] Soft resetting joint 1...
[13:06:54.403] [ARM-RX] robot_update_current_angle 1...
[13:06:54.403] [ARM-RX] [1] current:90.00, target:90.00, dir:1
[13:06:54.527] [ARM-RX] Soft resetting joint 2...
[13:06:54.527] [ARM-RX] robot_update_current_angle 2...
[13:06:54.527] [ARM-RX] [2] current:-90.00, target:-90.00, dir:1
[13:06:54.650] [ARM-RX] Soft resetting joint 0...
[13:06:54.650] [ARM-RX] robot_update_current_angle 0...
[13:06:54.650] [ARM-RX] [0] current:90.00, target:90.00, dir:1
[13:06:54.900] [ARM-RX] soft reset final verify PASS (issues:0), pose set HOME.
[13:06:54.901] [ARM-RX] ROBOT_SOFT_RESET_EVENT
[13:06:54.901] [ARM-RX] --- Starting soft reset ---
[13:06:55.088] [ARM-RX] Soft reset motors enabled (J1~J5, J6 skipped).
[13:06:55.088] [ARM-RX] Soft resetting joint 4...
[13:06:55.149] [ARM-RX] robot_update_current_angle 4...
[13:06:55.149] [ARM-RX] [4] current:90.00, target:90.00, dir:-1
[13:06:55.274] [ARM-RX] Soft resetting joint 3...
[13:06:55.274] [ARM-RX] robot_update_current_angle 3...
[13:06:55.274] [ARM-RX] [3] current:0.00, target:0.00, dir:1
[13:06:55.397] [ARM-RX] Soft resetting joint 1...
[13:06:55.461] [ARM-RX] robot_update_current_angle 1...
[13:06:55.461] [ARM-RX] [1] current:90.00, target:90.00, dir:1
[13:06:55.585] [ARM-RX] Soft resetting joint 2...
[13:06:55.585] [ARM-RX] robot_update_current_angle 2...
[13:06:55.585] [ARM-RX] [2] current:-90.00, target:-90.00, dir:-1
[13:06:55.710] [ARM-RX] Soft resetting joint 0...
[13:06:55.710] [ARM-RX] robot_update_current_angle 0...
[13:06:55.710] [ARM-RX] [0] current:90.00, target:90.00, dir:1
[13:06:55.959] [ARM-RX] soft reset final verify PASS (issues:0), pose set HOME.
[13:06:55.959] [ARM-RX] ROBOT_SOFT_RESET_EVENT
[13:06:55.959] [ARM-RX] --- Starting soft reset ---
[13:06:56.145] [ARM-RX] Soft reset motors enabled (J1~J5, J6 skipped).
[13:06:56.145] [ARM-RX] Soft resetting joint 4...
[13:06:56.207] [ARM-RX] robot_update_current_angle 4...
[13:06:56.207] [ARM-RX] [4] current:90.00, target:90.00, dir:-1
[13:06:56.332] [ARM-RX] Soft resetting joint 3...
[13:06:56.332] [ARM-RX] robot_update_current_angle 3...
[13:06:56.333] [ARM-RX] [3] current:0.00, target:0.00, dir:1
[13:06:56.454] [ARM-RX] Soft resetting joint 1...
[13:06:56.517] [ARM-RX] robot_update_current_angle 1...
[13:06:56.517] [ARM-RX] [1] current:90.00, target:90.00, dir:1
[13:06:56.640] [ARM-RX] Soft resetting joint 2...
[13:06:56.640] [ARM-RX] robot_update_current_angle 2...
[13:06:56.640] [ARM-RX] [2] current:-90.00, target:-90.00, dir:-1
[13:06:56.764] [ARM-RX] Soft resetting joint 0...
[13:06:56.827] [ARM-RX] robot_update_current_angle 0...
[13:06:56.827] [ARM-RX] [0] current:90.00, target:90.00, dir:1
[13:06:57.013] [ARM-RX] soft reset final verify PASS (issues:0), pose set HOME.
[13:06:57.014] [ARM-RX] ROBOT_SOFT_RESET_EVENT
[13:06:57.014] [ARM-RX] --- Starting soft reset ---
[13:06:57.201] [ARM-RX] Soft reset motors enabled (J1~J5, J6 skipped).
[13:06:57.201] [ARM-RX] Soft resetting joint 4...
[13:06:57.264] [ARM-RX] robot_update_current_angle 4...
[13:06:57.264] [ARM-RX] [4] current:90.00, target:90.00, dir:-1
[13:06:57.388] [ARM-RX] Soft resetting joint 3...
[13:06:57.388] [ARM-RX] robot_update_current_angle 3...
[13:06:57.391] [ARM-RX] [3] current:0.00, target:0.00, dir:1
[13:06:57.512] [ARM-RX] Soft resetting joint 1...
[13:06:57.574] [ARM-RX] robot_update_current_angle 1...
[13:06:57.574] [ARM-RX] [1] current:90.00, target:90.00, dir:1
[13:06:57.699] [ARM-RX] Soft resetting joint 2...
[13:06:57.699] [ARM-RX] robot_update_current_angle 2...
[13:06:57.699] [ARM-RX] [2] current:-90.00, target:-90.00, dir:-1
[13:06:57.822] [ARM-RX] Soft resetting joint 0...
[13:06:57.822] [ARM-RX] robot_update_current_angle 0...
[13:06:57.822] [ARM-RX] [0] current:90.00, target:90.00, dir:1
[13:06:58.072] [ARM-RX] soft reset final verify PASS (issues:0), pose set HOME.
[13:06:58.072] [ARM-RX] ROBOT_SOFT_RESET_EVENT
[13:06:58.072] [ARM-RX] --- Starting soft reset ---
[13:06:58.258] [ARM-RX] Soft reset motors enabled (J1~J5, J6 skipped).
[13:06:58.258] [ARM-RX] Soft resetting joint 4...
[13:06:58.320] [ARM-RX] robot_update_current_angle 4...
[13:06:58.320] [ARM-RX] [4] current:90.00, target:90.00, dir:-1
[13:06:58.444] [ARM-RX] Soft resetting joint 3...
[13:06:58.444] [ARM-RX] robot_update_current_angle 3...
[13:06:58.444] [ARM-RX] [3] current:0.00, target:0.00, dir:1
[13:06:58.569] [ARM-RX] Soft resetting joint 1...
[13:06:58.630] [ARM-RX] robot_update_current_angle 1...
[13:06:58.630] [ARM-RX] [1] current:90.00, target:90.00, dir:1
[13:06:58.755] [ARM-RX] Soft resetting joint 2...
[13:06:58.755] [ARM-RX] robot_update_current_angle 2...
[13:06:58.755] [ARM-RX] [2] current:-90.00, target:-90.00, dir:-1
[13:06:58.879] [ARM-RX] Soft resetting joint 0...
[13:06:58.879] [ARM-RX] robot_update_current_angle 0...
[13:06:58.879] [ARM-RX] [0] current:90.00, target:90.00, dir:1
[13:06:59.127] [ARM-RX] soft reset final verify PASS (issues:0), pose set HOME.
[13:06:59.128] [ARM-RX] ROBOT_SOFT_RESET_EVENT
[13:06:59.128] [ARM-RX] --- Starting soft reset ---
[13:06:59.374] [ARM-RX] Soft reset motors enabled (J1~J5, J6 skipped).
[13:06:59.374] [ARM-RX] Soft resetting joint 4...
[13:06:59.374] [ARM-RX] robot_update_current_angle 4...
[13:06:59.374] [ARM-RX] [4] current:90.00, target:90.00, dir:-1
[13:06:59.499] [ARM-RX] Soft resetting joint 3...
[13:06:59.499] [ARM-RX] robot_update_current_angle 3...
[13:06:59.499] [ARM-RX] [3] current:0.00, target:0.00, dir:1
[13:06:59.623] [ARM-RX] Soft resetting joint 1...
[13:06:59.685] [ARM-RX] robot_update_current_angle 1...
[13:06:59.685] [ARM-RX] [1] current:90.00, target:90.00, dir:1
[13:06:59.810] [ARM-RX] Soft resetting joint 2...
[13:06:59.810] [ARM-RX] robot_update_current_angle 2...
[13:06:59.810] [ARM-RX] [2] current:-90.00, target:-90.00, dir:-1
[13:06:59.934] [ARM-RX] Soft resetting joint 0...
[13:06:59.996] [ARM-RX] robot_update_current_angle 0...
[13:06:59.996] [ARM-RX] [0] current:90.00, target:90.00, dir:1
[13:07:00.183] [ARM-RX] soft reset final verify PASS (issues:0), pose set HOME.
[13:07:00.183] [ARM-RX] ROBOT_SOFT_RESET_EVENT
[13:07:00.184] [ARM-RX] --- Starting soft reset ---
[13:07:00.432] [ARM-RX] Soft reset motors enabled (J1~J5, J6 skipped).
[13:07:00.432] [ARM-RX] Soft resetting joint 4...
[13:07:00.432] [ARM-RX] robot_update_current_angle 4...
[13:07:00.432] [ARM-RX] [4] current:90.00, target:90.00, dir:-1
[13:07:00.557] [ARM-RX] Soft resetting joint 3...
[13:07:00.557] [ARM-RX] robot_update_current_angle 3...
[13:07:00.557] [ARM-RX] [3] current:0.00, target:0.00, dir:1
[13:07:00.680] [ARM-RX] Soft resetting joint 1...
[13:07:00.743] [ARM-RX] robot_update_current_angle 1...
[13:07:00.743] [ARM-RX] [1] current:90.00, target:90.00, dir:1
[13:07:00.868] [ARM-RX] Soft resetting joint 2...
[13:07:00.868] [ARM-RX] robot_update_current_angle 2...
[13:07:00.869] [ARM-RX] [2] current:-90.00, target:-90.00, dir:-1
[13:07:00.992] [ARM-RX] Soft resetting joint 0...
[13:07:01.055] [ARM-RX] robot_update_current_angle 0...
[13:07:01.055] [ARM-RX] [0] current:90.00, target:90.00, dir:1
[13:07:01.239] [ARM-RX] soft reset final verify PASS (issues:0), pose set HOME.
[13:07:32.313] [DEMO-INFO] 演示配置已保存
[13:07:32.316] [JETSON-INFO] heartbeat started: 200 ms
[13:07:32.317] [DEMO-INFO] 一键定靶演示开始
[13:07:32.317] [JETSON-INFO] heartbeat started: 200 ms
[13:07:32.318] [JETSON-TX] TARGET_CTRL_START_NEW: A5 5A 01 02 43 01 01 29 FC
[13:07:32.341] [ARM-RX] [JETSON_RX] target_ctrl=1
[13:07:32.370] [ARM-RX] ROBOT_AUTO_EVENT
[13:07:32.370] [ARM-RX] [0] <0.00 0.00 0.00> result: 90.00 90.00 -90.00 0.00 90.00 0.00
[13:07:32.370] [ARM-RX] [1] <0.00 -0.00 -0.00> result: 90.00 90.00 -90.00 0.00 90.00 0.00
[13:07:32.371] [ARM-RX] [2] <0.00 -0.00 -0.00> result: 90.00 90.00 -90.00 0.00 90.00 0.00
[13:07:32.371] [ARM-RX] [3] <0.00 -0.01 -0.00> result: 90.00 90.
[13:07:32.387] [JETSON-RX] A5 5A 01 81 43 03 04 01 00 10 0B
[13:07:32.387] [JETSON-STATUS] TARGET_CTRL_ON: A5 5A 01 81 43 03 04 01 00 10 0B
[13:07:32.391] [ARM-RX] 00 -90.00 0.00 90.00 0.00
[13:07:32.392] [ARM-RX] [4] <0.00 -0.02 -0.00> result: 90.00 90.01 -90.00 0.00 90.00 0.00
[13:07:32.392] [ARM-RX] [5] <0.00 -0.03 -0.00> result: 90.00 90.01 -89.99 0.00 90.00 0.00
[13:07:32.392] [ARM-RX] [6] <0.00 -0.05 -0.00> result: 90.00 90.02 -89.99 0.00 90.00 0.00
[13:07:32.392] [ARM-RX] [7] <0.00 -0.07 -0.00> resul
[13:07:32.414] [ARM-RX] t: 90.00 90.02 -89.98 0.00 90.00 0.00
[13:07:32.415] [ARM-RX] [8] <0.00 -0.11 -0.00> result: 90.00 90.03 -89.97 0.00 90.00 0.00
[13:07:32.415] [ARM-RX] [9] <0.00 -0.15 -0.00> result: 90.00 90.05 -89.96 0.00 90.00 0.00
[13:07:32.415] [ARM-RX] [10] <0.00 -0.20 -0.01> result: 90.00 90.06 -89.94 0.00 90.01 0.00
[13:07:32.415] [ARM-RX] [11] <0.00 -0.2
[13:07:32.439] [ARM-RX] 7 -0.01> result: 90.00 90.08 -89.92 0.00 90.01 0.00
[13:07:32.439] [ARM-RX] [12] <0.00 -0.34 -0.01> result: 90.00 90.11 -89.90 0.00 90.01 0.00
[13:07:32.439] [ARM-RX] [13] <0.00 -0.43 -0.01> result: 90.00 90.14 -89.88 0.00 90.01 0.00
[13:07:32.439] [ARM-RX] [14] <0.00 -0.54 -0.01> result: 90.00 90.17 -89.85 0.00 90.02 0.00
[13:07:32.460] [ARM-RX] [15] <0.00 -0.65 -0.02> result: 90.00 90.20 -89.81 0.00 90.02 0.00
[13:07:32.460] [ARM-RX] [16] <0.00 -0.79 -0.02> result: 90.00 90.25 -89.78 0.00 90.02 0.00
[13:07:32.461] [ARM-RX] [17] <0.00 -0.94 -0.02> result: 90.00 90.29 -89.73 0.00 90.03 0.00
[13:07:32.461] [ARM-RX] [18] <0.00 -1.10 -0.03> result: 90.00 90.34 -89.69
[13:07:32.486] [ARM-RX] 0.00 90.03 0.00
[13:07:32.486] [ARM-RX] [19] <0.00 -1.29 -0.03> result: 90.00 90.40 -89.63 0.00 90.03 0.00
[13:07:32.486] [ARM-RX] [20] <0.00 -1.49 -0.04> result: 90.00 90.46 -89.57 0.00 90.04 0.00
[13:07:32.486] [ARM-RX] [21] <0.00 -1.72 -0.04> result: 90.00 90.53 -89.51 0.00 90.04 0.00
[13:07:32.487] [ARM-RX] [22] <0.00 -1.97 -0.05> result: 90.
[13:07:32.507] [ARM-RX] 00 90.61 -89.44 0.00 90.05 0.00
[13:07:32.507] [ARM-RX] [23] <0.00 -2.23 -0.06> result: 90.00 90.69 -89.36 0.00 90.05 0.00
[13:07:32.507] [ARM-RX] [24] <0.00 -2.52 -0.06> result: 90.00 90.77 -89.28 0.00 90.05 0.00
[13:07:32.508] [ARM-RX] [25] <0.00 -2.84 -0.07> result: 90.00 90.87 -89.19 0.00 90.06 0.00
[13:07:32.508] [ARM-RX] [26] <0.00 -3.17 -0
[13:07:32.541] [ARM-RX] .08> result: 90.00 90.97 -89.10 0.00 90.06 0.00
[13:07:32.541] [ARM-RX] [27] <0.00 -3.53 -0.09> result: 90.00 91.07 -88.99 0.00 90.06 0.00
[13:07:32.541] [ARM-RX] [28] <0.00 -3.92 -0.10> result: 90.00 91.18 -88.88 0.00 90.07 0.00
[13:07:32.541] [ARM-RX] [29] <0.00 -4.33 -0.11> result: 90.00 91.30 -88.76 0.00 90.07 0.00
[13:07:32.542] [ARM-RX] [30
[13:07:32.563] [ARM-RX] ] <0.00 -4.77 -0.12> result: 90.00 91.43 -88.64 0.00 90.07 0.00
[13:07:32.563] [ARM-RX] [31] <0.00 -5.23 -0.13> result: 90.00 91.56 -88.51 0.00 90.07 0.00
[13:07:32.564] [ARM-RX] [32] <0.00 -5.72 -0.14> result: 90.00 91.70 -88.37 0.00 90.07 0.00
[13:07:32.564] [ARM-RX] [33] <0.00 -6.24 -0.16> result: 90.00 91.85 -88.22 0.00
[13:07:32.586] [ARM-RX] 90.06 0.00
[13:07:32.586] [ARM-RX] [34] <0.00 -6.79 -0.17> result: 90.00 92.00 -88.06 0.00 90.06 0.00
[13:07:32.587] [ARM-RX] [35] <0.00 -7.36 -0.18> result: 90.00 92.16 -87.89 0.00 90.05 0.00
[13:07:32.587] [ARM-RX] [36] <0.00 -7.96 -0.20> result: 90.00 92.32 -87.72 0.00 90.04 0.00
[13:07:32.587] [ARM-RX] [37] <0.00 -8.60 -0.21> result: 90.00 9
[13:07:32.610] [ARM-RX] 2.49 -87.54 0.00 90.03 0.00
[13:07:32.610] [ARM-RX] [38] <0.00 -9.26 -0.23> result: 90.00 92.67 -87.35 0.00 90.02 0.00
[13:07:32.610] [ARM-RX] [39] <0.00 -9.95 -0.25> result: 90.00 92.85 -87.15 0.00 90.00 0.00
[13:07:32.611] [ARM-RX] [40] <0.00 -10.67 -0.27> result: 90.00 93.04 -86.94 0.00 89.98 0.00
[13:07:32.611] [ARM-RX] [41] <0.00 -11.42 -0.2
[13:07:32.632] [ARM-RX] 9> result: 90.00 93.24 -86.72 0.00 89.96 0.00
[13:07:32.633] [ARM-RX] [42] <0.00 -12.20 -0.30> result: 90.00 93.44 -86.50 0.00 89.93 0.00
[13:07:32.633] [ARM-RX] [43] <0.00 -13.01 -0.33> result: 90.00 93.64 -86.26 0.00 89.91 0.00
[13:07:32.633] [ARM-RX] [44] <0.00 -13.85 -0.35> result: 90.00 93.85 -86.02 0.00 89.87 0.00
[13:07:32.633] [ARM-RX] [4
[13:07:32.655] [ARM-RX] 5] <0.00 -14.72 -0.37> result: 90.00 94.07 -85.77 0.00 89.84 0.00
[13:07:32.655] [ARM-RX] [46] <0.00 -15.62 -0.39> result: 90.00 94.29 -85.51 0.00 89.80 0.00
[13:07:32.655] [ARM-RX] [47] <0.00 -16.55 -0.41> result: 90.00 94.52 -85.24 0.00 89.75 0.00
[13:07:32.656] [ARM-RX] [48] <0.00 -17.51 -0.44> result: 90.00 94.75 -84.96
[13:07:32.681] [ARM-RX] 0.00 89.70 0.00
[13:07:32.681] [ARM-RX] [49] <0.00 -18.49 -0.46> result: 90.00 94.98 -84.67 0.00 89.65 0.00
[13:07:32.681] [ARM-RX] [50] <0.00 -19.51 -0.49> result: 90.00 95.22 -84.37 0.00 89.59 0.00
[13:07:32.682] [ARM-RX] [51] <0.00 -20.56 -0.51> result: 90.00 95.47 -84.06 0.00 89.53 0.00
[13:07:32.682] [ARM-RX] [52] <0.00 -21.64 -0.54> result
[13:07:32.701] [ARM-RX] : 90.00 95.71 -83.75 0.00 89.46 0.00
[13:07:32.701] [ARM-RX] [53] <0.00 -22.74 -0.57> result: 90.00 95.97 -83.43 0.00 89.39 0.00
[13:07:32.701] [ARM-RX] [54] <0.00 -23.88 -0.60> result: 90.00 96.22 -83.09 0.00 89.32 0.00
[13:07:32.702] [ARM-RX] [55] <0.00 -25.04 -0.63> result: 90.00 96.48 -82.75 0.00 89.23 0.00
[13:07:32.702] [ARM-RX] [56] <0.00
[13:07:32.736] [ARM-RX] -26.23 -0.66> result: 90.00 96.74 -82.40 0.00 89.15 0.00
[13:07:32.736] [ARM-RX] [57] <0.00 -27.44 -0.69> result: 90.00 97.01 -82.05 0.00 89.06 0.00
[13:07:32.736] [ARM-RX] [58] <0.00 -28.68 -0.72> result: 90.00 97.28 -81.68 0.00 88.96 0.00
[13:07:32.736] [ARM-RX] [59] <0.00 -29.95 -0.75> result: 90.00 97.55 -81.31 0.00 88.
[13:07:32.758] [ARM-RX] 86 0.00
[13:07:32.759] [ARM-RX] [60] <0.00 -31.25 -0.78> result: 90.00 97.83 -80.92 0.00 88.75 0.00
[13:07:32.759] [ARM-RX] [61] <0.00 -32.57 -0.81> result: 90.00 98.10 -80.53 0.00 88.64 0.00
[13:07:32.759] [ARM-RX] [62] <0.00 -33.91 -0.85> result: 90.00 98.39 -80.14 0.00 88.52 0.00
[13:07:32.759] [ARM-RX] [63] <0.00 -35.28 -0.88> result: 90.00 9
[13:07:32.782] [ARM-RX] 8.67 -79.73 0.00 88.40 0.00
[13:07:32.783] [ARM-RX] [64] <0.00 -36.67 -0.92> result: 90.00 98.95 -79.32 0.00 88.27 0.00
[13:07:32.783] [ARM-RX] [65] <0.00 -38.08 -0.95> result: 90.00 99.24 -78.90 0.00 88.14 0.00
[13:07:32.783] [ARM-RX] [66] <0.00 -39.51 -0.99> result: 90.00 99.53 -78.47 0.00 88.00 0.00
[13:07:32.783] [ARM-RX] [67] <0.00 -40.97 -1
[13:07:32.805] [ARM-RX] .02> result: 90.00 99.82 -78.04 0.00 87.86 0.00
[13:07:32.805] [ARM-RX] [68] <0.00 -42.44 -1.06> result: 90.00 100.11 -77.60 0.00 87.71 0.00
[13:07:32.805] [ARM-RX] [69] <0.00 -43.94 -1.10> result: 90.00 100.41 -77.15 0.00 87.56 0.00
[13:07:32.805] [ARM-RX] [70] <0.00 -45.45 -1.14> result: 90.00 100.70 -76.70 0.00 87.41 0.0
[13:07:32.827] [ARM-RX] 0
[13:07:32.828] [ARM-RX] [71] <0.00 -46.98 -1.17> result: 90.00 101.00 -76.24 0.00 87.25 0.00
[13:07:32.828] [ARM-RX] [72] <0.00 -48.53 -1.21> result: 90.00 101.30 -75.78 0.00 87.08 0.00
[13:07:32.828] [ARM-RX] [73] <0.00 -50.09 -1.25> result: 90.00 101.60 -75.31 0.00 86.91 0.00
[13:07:32.828] [ARM-RX] [74] <0.00 -51.67 -1.29> result: 90.00 101.
[13:07:32.851] [ARM-RX] 90 -74.84 0.00 86.74 0.00
[13:07:32.851] [ARM-RX] [75] <0.00 -53.26 -1.33> result: 90.00 102.20 -74.36 0.00 86.56 0.00
[13:07:32.851] [ARM-RX] [76] <0.00 -54.86 -1.37> result: 90.00 102.51 -73.87 0.00 86.38 0.00
[13:07:32.851] [ARM-RX] [77] <0.00 -56.48 -1.41> result: 90.00 102.81 -73.39 0.00 86.20 0.00
[13:07:32.852] [ARM-RX] [78] <0.00 -58.11 -
[13:07:32.874] [ARM-RX] 1.45> result: 90.00 103.11 -72.89 0.00 86.01 0.00
[13:07:32.874] [ARM-RX] [79] <0.00 -59.75 -1.49> result: 90.00 103.42 -72.40 0.00 85.82 0.00
[13:07:32.874] [ARM-RX] [80] <0.00 -60.00 -1.50> result: 90.00 103.47 -72.32 0.00 85.79 0.00
[13:07:32.874] [ARM-RX] [81] <0.00 -60.00 -1.50> result: 90.00 103.47 -72.32 0.00 85.79 0
[13:07:32.907] [ARM-RX] .00
[13:07:32.908] [ARM-RX] [82] <0.00 -60.00 -1.50> result: 90.00 103.47 -72.32 0.00 85.79 0.00
[13:07:32.908] [ARM-RX] [83] <0.00 -60.00 -1.50> result: 90.00 103.47 -72.32 0.00 85.79 0.00
[13:07:32.908] [ARM-RX] [84] <0.00 -60.00 -1.50> result: 90.00 103.47 -72.32 0.00 85.79 0.00
[13:07:32.908] [ARM-RX] [85] <0.00 -60.00 -1.50> result: 90.00 10
[13:07:32.931] [ARM-RX] 3.47 -72.32 0.00 85.79 0.00
[13:07:32.931] [ARM-RX] [86] <0.00 -60.00 -1.50> result: 90.00 103.47 -72.32 0.00 85.79 0.00
[13:07:32.931] [ARM-RX] [87] <0.00 -60.00 -1.50> result: 90.00 103.47 -72.32 0.00 85.79 0.00
[13:07:32.932] [ARM-RX] [88] <0.00 -60.00 -1.50> result: 90.00 103.47 -72.32 0.00 85.79 0.00
[13:07:32.932] [ARM-RX] [89] <0.00 -60.00
[13:07:32.956] [ARM-RX] -1.50> result: 90.00 103.47 -72.32 0.00 85.79 0.00
[13:07:32.956] [ARM-RX] [90] <0.00 -60.00 -1.50> result: 90.00 103.47 -72.32 0.00 85.79 0.00
[13:07:32.957] [ARM-RX] [91] <0.00 -60.00 -1.50> result: 90.00 103.47 -72.32 0.00 85.79 0.00
[13:07:32.957] [ARM-RX] [92] <0.00 -60.00 -1.50> result: 90.00 103.47 -72.32 0.00 85.79
[13:07:32.976] [ARM-RX] 0.00
[13:07:32.977] [ARM-RX] [93] <0.00 -60.00 -1.50> result: 90.00 103.47 -72.32 0.00 85.79 0.00
[13:07:32.977] [ARM-RX] [94] <0.00 -60.00 -1.50> result: 90.00 103.47 -72.32 0.00 85.79 0.00
[13:07:32.977] [ARM-RX] [95] <0.00 -60.00 -1.50> result: 90.00 103.47 -72.32 0.00 85.79 0.00
[13:07:32.977] [ARM-RX] [96] <0.00 -60.00 -1.50> result: 90.00
[13:07:32.999] [ARM-RX] 103.47 -72.32 0.00 85.79 0.00
[13:07:32.999] [ARM-RX] [97] <0.00 -60.00 -1.50> result: 90.00 103.47 -72.32 0.00 85.79 0.00
[13:07:32.999] [ARM-RX] [98] <0.00 -60.00 -1.50> result: 90.00 103.47 -72.32 0.00 85.79 0.00
[13:07:33.000] [ARM-RX] [99] <0.00 -60.00 -1.50> result: 90.00 103.47 -72.32 0.00 85.79 0.00
[13:07:33.000] [ARM-RX] [100] <0.00 -60
[13:07:33.023] [ARM-RX] .00 -1.50> result: 90.00 103.47 -72.32 0.00 85.79 0.00
[13:07:33.023] [ARM-RX] [101] <0.00 -60.00 -1.50> result: 90.00 103.47 -72.32 0.00 85.79 0.00
[13:07:33.023] [ARM-RX] [102] <0.00 -60.00 -1.50> result: 90.00 103.47 -72.32 0.00 85.79 0.00
[13:07:33.023] [ARM-RX] [103] <0.00 -60.00 -1.50> result: 90.00 103.47 -72.32 0.00
[13:07:33.046] [ARM-RX] 85.79 0.00
[13:07:33.046] [ARM-RX] [104] <0.00 -60.00 -1.50> result: 90.00 103.47 -72.32 0.00 85.79 0.00
[13:07:33.046] [ARM-RX] [105] <0.00 -60.00 -1.50> result: 90.00 103.47 -72.32 0.00 85.79 0.00
[13:07:33.047] [ARM-RX] [106] <0.00 -60.00 -1.50> result: 90.00 103.47 -72.32 0.00 85.79 0.00
[13:07:33.047] [ARM-RX] [107] <0.00 -60.00 -1.50> resu
[13:07:33.069] [ARM-RX] lt: 90.00 103.47 -72.32 0.00 85.79 0.00
[13:07:33.069] [ARM-RX] [108] <0.00 -60.00 -1.50> result: 90.00 103.47 -72.32 0.00 85.79 0.00
[13:07:33.069] [ARM-RX] [109] <0.00 -60.00 -1.50> result: 90.00 103.47 -72.32 0.00 85.79 0.00
[13:07:33.070] [ARM-RX] [110] <0.00 -60.00 -1.50> result: 90.00 103.47 -72.32 0.00 85.79 0.00
[13:07:33.070] [ARM-RX] [1
[13:07:33.104] [ARM-RX] 11] <0.00 -60.00 -1.50> result: 90.00 103.47 -72.32 0.00 85.79 0.00
[13:07:33.104] [ARM-RX] [112] <0.00 -60.00 -1.50> result: 90.00 103.47 -72.32 0.00 85.79 0.00
[13:07:33.104] [ARM-RX] [113] <0.00 -60.00 -1.50> result: 90.00 103.47 -72.32 0.00 85.79 0.00
[13:07:33.104] [ARM-RX] [114] <0.00 -60.00 -1.50> result: 90.00 103.4
[13:07:33.126] [ARM-RX] 7 -72.32 0.00 85.79 0.00
[13:07:33.126] [ARM-RX] [115] <0.00 -60.00 -1.50> result: 90.00 103.47 -72.32 0.00 85.79 0.00
[13:07:33.126] [ARM-RX] [116] <0.00 -60.00 -1.50> result: 90.00 103.47 -72.32 0.00 85.79 0.00
[13:07:33.126] [ARM-RX] [117] <0.00 -60.00 -1.50> result: 90.00 103.47 -72.32 0.00 85.79 0.00
[13:07:33.126] [ARM-RX] [118] <0.00 -60.0
[13:07:33.150] [ARM-RX] 0 -1.50> result: 90.00 103.47 -72.32 0.00 85.79 0.00
[13:07:33.152] [ARM-RX] [119] <0.00 -60.00 -1.50> result: 90.00 103.47 -72.32 0.00 85.79 0.00
[13:07:33.152] [ARM-RX] [120] <0.00 -60.00 -1.50> result: 90.00 103.47 -72.32 0.00 85.79 0.00
[13:07:33.152] [ARM-RX] [121] <0.00 -60.00 -1.50> result: 90.00 103.47 -72.32 0.00 8
[13:07:33.171] [ARM-RX] 5.79 0.00
[13:07:33.172] [ARM-RX] [122] <0.00 -60.00 -1.50> result: 90.00 103.47 -72.32 0.00 85.79 0.00
[13:07:33.172] [ARM-RX] [123] <0.00 -60.00 -1.50> result: 90.00 103.47 -72.32 0.00 85.79 0.00
[13:07:33.172] [ARM-RX] [124] <0.00 -60.00 -1.50> result: 90.00 103.47 -72.32 0.00 85.79 0.00
[13:07:33.172] [ARM-RX] [125] <0.00 -60.00 -1.50> result
[13:07:33.194] [ARM-RX] : 90.00 103.47 -72.32 0.00 85.79 0.00
[13:07:33.194] [ARM-RX] [126] <0.00 -60.00 -1.50> result: 90.00 103.47 -72.32 0.00 85.79 0.00
[13:07:33.195] [ARM-RX] [127] <0.00 -60.00 -1.50> result: 90.00 103.47 -72.32 0.00 85.79 0.00
[13:07:33.195] [ARM-RX] [128] <0.00 -60.00 -1.50> result: 90.00 103.47 -72.32 0.00 85.79 0.00
[13:07:33.195] [ARM-RX] [129
[13:07:33.219] [ARM-RX] ] <0.00 -60.00 -1.50> result: 90.00 103.47 -72.32 0.00 85.79 0.00
[13:07:33.220] [ARM-RX] [130] <0.00 -60.00 -1.50> result: 90.00 103.47 -72.32 0.00 85.79 0.00
[13:07:33.220] [ARM-RX] [131] <0.00 -60.00 -1.50> result: 90.00 103.47 -72.32 0.00 85.79 0.00
[13:07:33.220] [ARM-RX] [132] <0.00 -60.00 -1.50> result: 90.00 103.47
[13:07:33.243] [ARM-RX] -72.32 0.00 85.79 0.00
[13:07:33.243] [ARM-RX] [133] <0.00 -60.00 -1.50> result: 90.00 103.47 -72.32 0.00 85.79 0.00
[13:07:33.244] [ARM-RX] [134] <0.00 -60.00 -1.50> result: 90.00 103.47 -72.32 0.00 85.79 0.00
[13:07:33.244] [ARM-RX] [135] <0.00 -60.00 -1.50> result: 90.00 103.47 -72.32 0.00 85.79 0.00
[13:07:33.244] [ARM-RX] [136] <0.00 -60.00
[13:07:33.275] [ARM-RX] -1.50> result: 90.00 103.47 -72.32 0.00 85.79 0.00
[13:07:33.276] [ARM-RX] [137] <0.00 -60.00 -1.50> result: 90.00 103.47 -72.32 0.00 85.79 0.00
[13:07:33.276] [ARM-RX] [138] <0.00 -60.00 -1.50> result: 90.00 103.47 -72.32 0.00 85.79 0.00
[13:07:33.276] [ARM-RX] [139] <0.00 -60.00 -1.50> result: 90.00 103.47 -72.32 0.00 85.
[13:07:33.299] [ARM-RX] 79 0.00
[13:07:33.299] [ARM-RX] [140] <0.00 -60.00 -1.50> result: 90.00 103.47 -72.32 0.00 85.79 0.00
[13:07:33.299] [ARM-RX] [141] <0.00 -60.00 -1.50> result: 90.00 103.47 -72.32 0.00 85.79 0.00
[13:07:33.300] [ARM-RX] [142] <0.00 -60.00 -1.50> result: 90.00 103.47 -72.32 0.00 85.79 0.00
[13:07:33.300] [ARM-RX] [143] <0.00 -60.00 -1.50> result:
[13:07:33.324] [ARM-RX] 90.00 103.47 -72.32 0.00 85.79 0.00
[13:07:33.324] [ARM-RX] [144] <0.00 -60.00 -1.50> result: 90.00 103.47 -72.32 0.00 85.79 0.00
[13:07:33.325] [ARM-RX] [145] <0.00 -60.00 -1.50> result: 90.00 103.47 -72.32 0.00 85.79 0.00
[13:07:33.325] [ARM-RX] [146] <0.00 -60.00 -1.50> result: 90.00 103.47 -72.32 0.00 85.79 0.00
[13:07:33.325] [ARM-RX] [147]
[13:07:33.345] [ARM-RX] <0.00 -60.00 -1.50> result: 90.00 103.47 -72.32 0.00 85.79 0.00
[13:07:33.345] [ARM-RX] [148] <0.00 -60.00 -1.50> result: 90.00 103.47 -72.32 0.00 85.79 0.00
[13:07:33.345] [ARM-RX] [149] <0.00 -60.00 -1.50> result: 90.00 103.47 -72.32 0.00 85.79 0.00
[13:07:33.345] [ARM-RX] [150] <0.00 -60.00 -1.50> result: 90.00 103.47 -7
[13:07:33.367] [ARM-RX] 2.32 0.00 85.79 0.00
[13:07:33.367] [ARM-RX] [151] <0.00 -60.00 -1.50> result: 90.00 103.47 -72.32 0.00 85.79 0.00
[13:07:33.367] [ARM-RX] [152] <0.00 -60.00 -1.50> result: 90.00 103.47 -72.32 0.00 85.79 0.00
[13:07:33.368] [ARM-RX] [153] <0.00 -60.00 -1.50> result: 90.00 103.47 -72.32 0.00 85.79 0.00
[13:07:33.368] [ARM-RX] [154] <0.00 -60.00 -1
[13:07:33.389] [ARM-RX] .50> result: 90.00 103.47 -72.32 0.00 85.79 0.00
[13:07:33.389] [ARM-RX] [155] <0.00 -60.00 -1.50> result: 90.00 103.47 -72.32 0.00 85.79 0.00
[13:07:33.389] [ARM-RX] [156] <0.00 -60.00 -1.50> result: 90.00 103.47 -72.32 0.00 85.79 0.00
[13:07:33.391] [ARM-RX] [157] <0.00 -60.00 -1.50> result: 90.00 103.47 -72.32 0.00 85.79
[13:07:33.413] [ARM-RX] 0.00
[13:07:33.413] [ARM-RX] [158] <0.00 -60.00 -1.50> result: 90.00 103.47 -72.32 0.00 85.79 0.00
[13:07:33.413] [ARM-RX] [159] <0.00 -60.00 -1.50> result: 90.00 103.47 -72.32 0.00 85.79 0.00
[13:07:33.413] [ARM-RX] [160] <0.00 -60.00 -1.50> result: 90.00 103.47 -72.32 0.00 85.79 0.00
[13:07:33.414] [ARM-RX] [161] <0.00 -60.00 -1.50> result: 90
[13:07:33.437] [ARM-RX] .00 103.47 -72.32 0.00 85.79 0.00
[13:07:33.437] [ARM-RX] [162] <0.00 -60.00 -1.50> result: 90.00 103.47 -72.32 0.00 85.79 0.00
[13:07:33.437] [ARM-RX] [163] <0.00 -60.00 -1.50> result: 90.00 103.47 -72.32 0.00 85.79 0.00
[13:07:33.437] [ARM-RX] [164] <0.00 -60.00 -1.50> result: 90.00 103.47 -72.32 0.00 85.79 0.00
[13:07:33.438] [ARM-RX] [165] <0
[13:07:33.470] [ARM-RX] .00 -60.00 -1.50> result: 90.00 103.47 -72.32 0.00 85.79 0.00
[13:07:33.471] [ARM-RX] [166] <0.00 -60.00 -1.50> result: 90.00 103.47 -72.32 0.00 85.79 0.00
[13:07:33.471] [ARM-RX] [167] <0.00 -60.00 -1.50> result: 90.00 103.47 -72.32 0.00 85.79 0.00
[13:07:33.471] [ARM-RX] [168] <0.00 -60.00 -1.50> result: 90.00 103.47 -72.
[13:07:33.493] [ARM-RX] 32 0.00 85.79 0.00
[13:07:33.494] [ARM-RX] [169] <0.00 -60.00 -1.50> result: 90.00 103.47 -72.32 0.00 85.79 0.00
[13:07:33.494] [ARM-RX] [170] <0.00 -60.00 -1.50> result: 90.00 103.47 -72.32 0.00 85.79 0.00
[13:07:33.494] [ARM-RX] [171] <0.00 -60.00 -1.50> result: 90.00 103.47 -72.32 0.00 85.79 0.00
[13:07:33.495] [ARM-RX] [172] <0.00 -60.00 -1.5
[13:07:33.521] [ARM-RX] 0> result: 90.00 103.47 -72.32 0.00 85.79 0.00
[13:07:33.523] [ARM-RX] [173] <0.00 -60.00 -1.50> result: 90.00 103.47 -72.32 0.00 85.79 0.00
[13:07:33.523] [ARM-RX] [174] <0.00 -60.00 -1.50> result: 90.00 103.47 -72.32 0.00 85.79 0.00
[13:07:33.523] [ARM-RX] [175] <0.00 -60.00 -1.50> result: 90.00 103.47 -72.32 0.00 85.79 0
[13:07:33.577] [ARM-RX] .00
[13:07:33.577] [ARM-RX] [176] <0.00 -60.00 -1.50> result: 90.00 103.47 -72.32 0.00 85.79 0.00
[13:07:35.501] [JETSON-RX] A5 5A 01 81 60 03 01 01 00 C5 CD
[13:07:35.501] [JETSON-STATUS] READY: A5 5A 01 81 60 03 01 01 00 C5 CD
[13:07:35.502] [DEMO-INFO] 开始发送视觉序列: 30,-20:5;15,-10:5;8,-5:5;0,0:30
[13:07:35.502] [JETSON-ERROR] Write timeout
[13:07:36.863] [ARM-RX] robot visual servo stopped
[13:08:10.140] [JETSON-INFO] 已停止周期视觉发送
[13:08:10.140] [JETSON-INFO] heartbeat stopped
[13:08:10.209] [JETSON-RX] A5 5A 01 81 62 03 04 00 00 AD 9C
[13:08:10.209] [JETSON-STATUS] TARGET_CTRL_OFF: A5 5A 01 81 62 03 04 00 00 AD 9C
[13:08:10.224] [ARM-RX] [JETSON_RX] target_ctrl=0
[13:08:10.224] [ARM-RX] ROBOT_SOFT_RESET_EVENT
[13:08:10.224] [ARM-RX] --- Starting soft reset ---
[13:08:10.410] [ARM-RX] Soft reset motors enabled (J1~J5, J6 skipped).
[13:08:10.410] [ARM-RX] Soft resetting joint 4...
[13:08:10.410] [ARM-RX] robot_update_current_angle 4...
[13:08:10.410] [ARM-RX] [4] current:85.69, target:90.00, dir:1
[13:08:11.033] [ARM-RX] Soft resetting joint 3...
[13:08:11.033] [ARM-RX] robot_update_current_angle 3...
[13:08:11.033] [ARM-RX] [3] current:0.00, target:0.00, dir:1
[13:08:11.158] [ARM-RX] Soft resetting joint 1...
[13:08:11.220] [ARM-RX] robot_update_current_angle 1...
[13:08:11.220] [ARM-RX] [1] current:104.33, target:90.00, dir:-1
[13:08:12.714] [ARM-RX] soft reset joint 1 settle timeout, keep going
[13:08:12.714] [ARM-RX] Soft resetting joint 2...
[13:08:12.714] [ARM-RX] robot_update_current_angle 2...
[13:08:12.714] [ARM-RX] [2] current:-72.20, target:-90.00, dir:-1
[13:08:14.331] [ARM-RX] soft reset joint 2 settle timeout, keep going
[13:08:14.331] [ARM-RX] Soft resetting joint 0...
[13:08:14.394] [ARM-RX] robot_update_current_angle 0...
[13:08:14.394] [ARM-RX] [0] current:90.00, target:90.00, dir:1
[13:08:14.583] [ARM-RX] soft reset final verify PASS (issues:2), pose set HOME.
