[09:44:35.590] [APP-INFO] 已刷新串口: COM22, COM21
[09:44:35.590] [APP-INFO] log file: E:\Renesas\RA6M5-Robot\Robot_FreeRTOS - Arm\UpperComputer\dist\logs\ra6m5_upper_console_20260705_094435.log
[09:44:38.158] [APP-INFO] 已刷新串口: COM22, COM21
[09:44:38.619] [APP-INFO] 已刷新串口: COM22, COM21
[09:44:38.791] [APP-INFO] 已刷新串口: COM22, COM21
[09:44:40.750] [APP-INFO] 已刷新串口: COM22, COM21
[09:44:40.909] [APP-INFO] 已刷新串口: COM22, COM21
[09:44:41.065] [APP-INFO] 已刷新串口: COM22, COM21
[09:45:23.694] [APP-INFO] 已刷新串口: COM7, COM16, COM22, COM21, COM14
[09:45:30.605] [ARM-INFO] opened COM7 @ 115200
[09:45:31.165] [JETSON-INFO] opened COM14 @ 115200
[09:46:04.714] [ARM-TX] 发送命令 soft_reset: soft_reset
[09:46:04.833] [ARM-RX] uart cmd parse error: 'robot cmd sesoft_reset'
[09:46:11.424] [ARM-TX] 发送命令 soft_reset: soft_reset
[09:46:11.452] [ARM-RX] Found handler for 'soft_reset', executing...
[09:46:11.452] [ARM-RX] ROBOT_SOFT_RESET_EVENT
[09:46:11.452] [ARM-RX] --- Starting soft reset ---
[09:46:11.701] [ARM-RX] Soft reset motors enabled (J1~J5, J6 skipped).
[09:46:11.701] [ARM-RX] Soft resetting joint 4...
[09:46:11.701] [ARM-RX] robot_update_current_angle 4...
[09:46:11.701] [ARM-RX] [4] current:90.00, target:90.00, dir:-1
[09:46:11.826] [ARM-RX] Soft resetting joint 3...
[09:46:11.826] [ARM-RX] robot_update_current_angle 3...
[09:46:11.826] [ARM-RX] [3] current:0.00, target:0.00, dir:-1
[09:46:11.950] [ARM-RX] Soft resetting joint 1...
[09:46:12.011] [ARM-RX] robot_update_current_angle 1...
[09:46:12.011] [ARM-RX] [1] current:90.00, target:90.00, dir:-1
[09:46:12.138] [ARM-RX] Soft resetting joint 2...
[09:46:12.138] [ARM-RX] robot_update_current_angle 2...
[09:46:12.138] [ARM-RX] [2] current:-90.00, target:-90.00, dir:-1
[09:46:12.262] [ARM-RX] Soft resetting joint 0...
[09:46:12.325] [ARM-RX] robot_update_current_angle 0...
[09:46:12.325] [ARM-RX] [0] current:90.00, target:90.00, dir:-1
[09:46:12.512] [ARM-RX] soft reset final verify PASS (issues:0), pose set HOME.
[09:46:25.994] [DEMO-INFO] 演示配置已保存
[09:46:25.995] [DEMO-INFO] 一键定靶演示开始
[09:46:25.995] [JETSON-TX] TARGET_CTRL_START: AA 01 01 BB
[09:46:26.016] [ARM-RX] [JETSON_RX] target_ctrl=1
[09:46:26.018] [ARM-RX] ROBOT_AUTO_EVENT
[09:46:26.018] [ARM-RX] [0] <0.00 0.00 0.00> result: 90.00 90.00 -90.00 0.00 90.00 0.00
[09:46:26.018] [ARM-RX] [1] <0.00 -
[09:46:26.049] [ARM-RX] 0.00 -0.00> result: 90.00 90.00 -90.00 0.00 90.00 0.00
[09:46:26.050] [ARM-RX] [2] <0.00 -0.00 -0.00> result: 90.00 90.00 -90.00 0.00 90.00 0.00
[09:46:26.050] [ARM-RX] [3] <0.00 -0.01 -0.00> result: 90.00 90.00 -90.00 0.00 90.00 0.00
[09:46:26.050] [ARM-RX] [4] <0.00 -0.02 -0.00> result: 90.00 90.01 -90.00 0.00 90.00 0.00
[09:46:26.064] [JETSON-RX] CC 04 01 DD
[09:46:26.064] [JETSON-STATUS] TARGET_CTRL_ON: CC 04 01 DD
[09:46:26.071] [ARM-RX] [5] <0.00 -0.03 -0.00> result: 90.00 90.01 -89.99 0.00 90.00 0.00
[09:46:26.071] [ARM-RX] [6] <0.00 -0.05 -0.00> result: 90.00 90.02 -89.99 0.00 90.00 0.00
[09:46:26.072] [ARM-RX] [7] <0.00 -0.07 -0.00> result: 90.00 90.02 -89.98 0.00 90.00 0.00
[09:46:26.072] [ARM-RX] [8] <0.00 -0.11 -0.00> result: 90.00 90.03 -89.97 0.00
[09:46:26.093] [ARM-RX] 90.00 0.00
[09:46:26.093] [ARM-RX] [9] <0.00 -0.15 -0.00> result: 90.00 90.05 -89.96 0.00 90.00 0.00
[09:46:26.093] [ARM-RX] [10] <0.00 -0.20 -0.01> result: 90.00 90.06 -89.94 0.00 90.01 0.00
[09:46:26.093] [ARM-RX] [11] <0.00 -0.27 -0.01> result: 90.00 90.08 -89.92 0.00 90.01 0.00
[09:46:26.094] [ARM-RX] [12] <0.00 -0.34 -0.01> result: 90.00 90
[09:46:26.116] [ARM-RX] .11 -89.90 0.00 90.01 0.00
[09:46:26.116] [ARM-RX] [13] <0.00 -0.43 -0.01> result: 90.00 90.14 -89.88 0.00 90.01 0.00
[09:46:26.116] [ARM-RX] [14] <0.00 -0.54 -0.01> result: 90.00 90.17 -89.85 0.00 90.02 0.00
[09:46:26.116] [ARM-RX] [15] <0.00 -0.65 -0.02> result: 90.00 90.20 -89.81 0.00 90.02 0.00
[09:46:26.116] [ARM-RX] [16] <0.00 -0.79 -0.02>
[09:46:26.138] [ARM-RX] result: 90.00 90.25 -89.78 0.00 90.02 0.00
[09:46:26.138] [ARM-RX] [17] <0.00 -0.94 -0.02> result: 90.00 90.29 -89.73 0.00 90.03 0.00
[09:46:26.138] [ARM-RX] [18] <0.00 -1.10 -0.03> result: 90.00 90.34 -89.69 0.00 90.03 0.00
[09:46:26.138] [ARM-RX] [19] <0.00 -1.29 -0.03> result: 90.00 90.40 -89.63 0.00 90.03 0.00
[09:46:26.138] [ARM-RX] [20] <0.
[09:46:26.161] [ARM-RX] 00 -1.49 -0.04> result: 90.00 90.46 -89.57 0.00 90.04 0.00
[09:46:26.161] [ARM-RX] [21] <0.00 -1.72 -0.04> result: 90.00 90.53 -89.51 0.00 90.04 0.00
[09:46:26.161] [ARM-RX] [22] <0.00 -1.97 -0.05> result: 90.00 90.61 -89.44 0.00 90.05 0.00
[09:46:26.161] [ARM-RX] [23] <0.00 -2.23 -0.06> result: 90.00 90.69 -89.36 0.00 90.0
[09:46:26.183] [ARM-RX] 5 0.00
[09:46:26.183] [ARM-RX] [24] <0.00 -2.52 -0.06> result: 90.00 90.77 -89.28 0.00 90.05 0.00
[09:46:26.184] [ARM-RX] [25] <0.00 -2.84 -0.07> result: 90.00 90.87 -89.19 0.00 90.06 0.00
[09:46:26.184] [ARM-RX] [26] <0.00 -3.17 -0.08> result: 90.00 90.97 -89.10 0.00 90.06 0.00
[09:46:26.184] [ARM-RX] [27] <0.00 -3.53 -0.09> result: 90.00 91.07
[09:46:26.219] [ARM-RX] -88.99 0.00 90.06 0.00
[09:46:26.219] [ARM-RX] [28] <0.00 -3.92 -0.10> result: 90.00 91.18 -88.88 0.00 90.07 0.00
[09:46:26.219] [ARM-RX] [29] <0.00 -4.33 -0.11> result: 90.00 91.30 -88.76 0.00 90.07 0.00
[09:46:26.220] [ARM-RX] [30] <0.00 -4.77 -0.12> result: 90.00 91.43 -88.64 0.00 90.07 0.00
[09:46:26.220] [ARM-RX] [31] <0.00 -5.23 -0.13> resu
[09:46:26.241] [ARM-RX] lt: 90.00 91.56 -88.51 0.00 90.07 0.00
[09:46:26.241] [ARM-RX] [32] <0.00 -5.72 -0.14> result: 90.00 91.70 -88.37 0.00 90.07 0.00
[09:46:26.242] [ARM-RX] [33] <0.00 -6.24 -0.16> result: 90.00 91.85 -88.22 0.00 90.06 0.00
[09:46:26.242] [ARM-RX] [34] <0.00 -6.79 -0.17> result: 90.00 92.00 -88.06 0.00 90.06 0.00
[09:46:26.242] [ARM-RX] [35] <0.00 -
[09:46:26.265] [ARM-RX] 7.36 -0.18> result: 90.00 92.16 -87.89 0.00 90.05 0.00
[09:46:26.266] [ARM-RX] [36] <0.00 -7.96 -0.20> result: 90.00 92.32 -87.72 0.00 90.04 0.00
[09:46:26.266] [ARM-RX] [37] <0.00 -8.60 -0.21> result: 90.00 92.49 -87.54 0.00 90.03 0.00
[09:46:26.266] [ARM-RX] [38] <0.00 -9.26 -0.23> result: 90.00 92.67 -87.35 0.00 90.02 0.
[09:46:26.289] [ARM-RX] 00
[09:46:26.289] [ARM-RX] [39] <0.00 -9.95 -0.25> result: 90.00 92.85 -87.15 0.00 90.00 0.00
[09:46:26.290] [ARM-RX] [40] <0.00 -10.67 -0.27> result: 90.00 93.04 -86.94 0.00 89.98 0.00
[09:46:26.290] [ARM-RX] [41] <0.00 -11.42 -0.29> result: 90.00 93.24 -86.72 0.00 89.96 0.00
[09:46:26.290] [ARM-RX] [42] <0.00 -12.20 -0.30> result: 90.00 93.44 -
[09:46:26.309] [ARM-RX] 86.50 0.00 89.93 0.00
[09:46:26.310] [ARM-RX] [43] <0.00 -13.01 -0.33> result: 90.00 93.64 -86.26 0.00 89.91 0.00
[09:46:26.310] [ARM-RX] [44] <0.00 -13.85 -0.35> result: 90.00 93.85 -86.02 0.00 89.87 0.00
[09:46:26.310] [ARM-RX] [45] <0.00 -14.72 -0.37> result: 90.00 94.07 -85.77 0.00 89.84 0.00
[09:46:26.310] [ARM-RX] [46] <0.00 -15.62 -0.39> r
[09:46:26.332] [ARM-RX] esult: 90.00 94.29 -85.51 0.00 89.80 0.00
[09:46:26.332] [ARM-RX] [47] <0.00 -16.55 -0.41> result: 90.00 94.52 -85.24 0.00 89.75 0.00
[09:46:26.333] [ARM-RX] [48] <0.00 -17.51 -0.44> result: 90.00 94.75 -84.96 0.00 89.70 0.00
[09:46:26.333] [ARM-RX] [49] <0.00 -18.49 -0.46> result: 90.00 94.98 -84.67 0.00 89.65 0.00
[09:46:26.333] [ARM-RX] [50] <
[09:46:26.356] [ARM-RX] 0.00 -19.51 -0.49> result: 90.00 95.22 -84.37 0.00 89.59 0.00
[09:46:26.356] [ARM-RX] [51] <0.00 -20.56 -0.51> result: 90.00 95.47 -84.06 0.00 89.53 0.00
[09:46:26.357] [ARM-RX] [52] <0.00 -21.64 -0.54> result: 90.00 95.71 -83.75 0.00 89.46 0.00
[09:46:26.357] [ARM-RX] [53] <0.00 -22.74 -0.57> result: 90.00 95.97 -83.43 0.0
[09:46:26.378] [ARM-RX] 0 89.39 0.00
[09:46:26.379] [ARM-RX] [54] <0.00 -23.88 -0.60> result: 90.00 96.22 -83.09 0.00 89.32 0.00
[09:46:26.379] [ARM-RX] [55] <0.00 -25.04 -0.63> result: 90.00 96.48 -82.75 0.00 89.23 0.00
[09:46:26.379] [ARM-RX] [56] <0.00 -26.23 -0.66> result: 90.00 96.74 -82.40 0.00 89.15 0.00
[09:46:26.379] [ARM-RX] [57] <0.00 -27.44 -0.69> result: 90
[09:46:26.414] [ARM-RX] .00 97.01 -82.05 0.00 89.06 0.00
[09:46:26.416] [ARM-RX] [58] <0.00 -28.68 -0.72> result: 90.00 97.28 -81.68 0.00 88.96 0.00
[09:46:26.416] [ARM-RX] [59] <0.00 -29.95 -0.75> result: 90.00 97.55 -81.31 0.00 88.86 0.00
[09:46:26.416] [ARM-RX] [60] <0.00 -31.25 -0.78> result: 90.00 97.83 -80.92 0.00 88.75 0.00
[09:46:26.417] [ARM-RX] [61] <0.00 -32.
[09:46:26.435] [ARM-RX] 57 -0.81> result: 90.00 98.10 -80.53 0.00 88.64 0.00
[09:46:26.436] [ARM-RX] [62] <0.00 -33.91 -0.85> result: 90.00 98.39 -80.14 0.00 88.52 0.00
[09:46:26.436] [ARM-RX] [63] <0.00 -35.28 -0.88> result: 90.00 98.67 -79.73 0.00 88.40 0.00
[09:46:26.436] [ARM-RX] [64] <0.00 -36.67 -0.92> result: 90.00 98.95 -79.32 0.00 88.27 0
[09:46:26.463] [ARM-RX] .00
[09:46:26.464] [ARM-RX] [65] <0.00 -38.08 -0.95> result: 90.00 99.24 -78.90 0.00 88.14 0.00
[09:46:26.464] [ARM-RX] [66] <0.00 -39.51 -0.99> result: 90.00 99.53 -78.47 0.00 88.00 0.00
[09:46:26.464] [ARM-RX] [67] <0.00 -40.97 -1.02> result: 90.00 99.82 -78.04 0.00 87.86 0.00
[09:46:26.464] [ARM-RX] [68] <0.00 -42.44 -1.06> result: 90.00 100.1
[09:46:26.483] [ARM-RX] 1 -77.60 0.00 87.71 0.00
[09:46:26.484] [ARM-RX] [69] <0.00 -43.94 -1.10> result: 90.00 100.41 -77.15 0.00 87.56 0.00
[09:46:26.484] [ARM-RX] [70] <0.00 -45.45 -1.14> result: 90.00 100.70 -76.70 0.00 87.41 0.00
[09:46:26.484] [ARM-RX] [71] <0.00 -46.98 -1.17> result: 90.00 101.00 -76.24 0.00 87.25 0.00
[09:46:26.484] [ARM-RX] [72] <0.00 -48.53 -1
[09:46:26.506] [ARM-RX] .21> result: 90.00 101.30 -75.78 0.00 87.08 0.00
[09:46:26.507] [ARM-RX] [73] <0.00 -50.09 -1.25> result: 90.00 101.60 -75.31 0.00 86.91 0.00
[09:46:26.507] [ARM-RX] [74] <0.00 -51.67 -1.29> result: 90.00 101.90 -74.84 0.00 86.74 0.00
[09:46:26.507] [ARM-RX] [75] <0.00 -53.26 -1.33> result: 90.00 102.20 -74.36 0.00 86.56 0.
[09:46:26.527] [ARM-RX] 00
[09:46:26.527] [ARM-RX] [76] <0.00 -54.86 -1.37> result: 90.00 102.51 -73.87 0.00 86.38 0.00
[09:46:26.528] [ARM-RX] [77] <0.00 -56.48 -1.41> result: 90.00 102.81 -73.39 0.00 86.20 0.00
[09:46:26.528] [ARM-RX] [78] <0.00 -58.11 -1.45> result: 90.00 103.11 -72.89 0.00 86.01 0.00
[09:46:26.528] [ARM-RX] [79] <0.00 -59.75 -1.49> result: 90.00 103
[09:46:26.550] [ARM-RX] .42 -72.40 0.00 85.82 0.00
[09:46:26.550] [ARM-RX] [80] <0.00 -60.00 -1.50> result: 90.00 103.47 -72.32 0.00 85.79 0.00
[09:46:26.551] [ARM-RX] [81] <0.00 -60.00 -1.50> result: 90.00 103.47 -72.32 0.00 85.79 0.00
[09:46:26.551] [ARM-RX] [82] <0.00 -60.00 -1.50> result: 90.00 103.47 -72.32 0.00 85.79 0.00
[09:46:26.551] [ARM-RX] [83] <0.00 -60.00
[09:46:26.589] [ARM-RX] -1.50> result: 90.00 103.47 -72.32 0.00 85.79 0.00
[09:46:26.589] [ARM-RX] [84] <0.00 -60.00 -1.50> result: 90.00 103.47 -72.32 0.00 85.79 0.00
[09:46:26.589] [ARM-RX] [85] <0.00 -60.00 -1.50> result: 90.00 103.47 -72.32 0.00 85.79 0.00
[09:46:26.589] [ARM-RX] [86] <0.00 -60.00 -1.50> result: 90.00 103.47 -72.32 0.00 85.79
[09:46:26.609] [ARM-RX] 0.00
[09:46:26.609] [ARM-RX] [87] <0.00 -60.00 -1.50> result: 90.00 103.47 -72.32 0.00 85.79 0.00
[09:46:26.610] [ARM-RX] [88] <0.00 -60.00 -1.50> result: 90.00 103.47 -72.32 0.00 85.79 0.00
[09:46:26.610] [ARM-RX] [89] <0.00 -60.00 -1.50> result: 90.00 103.47 -72.32 0.00 85.79 0.00
[09:46:26.610] [ARM-RX] [90] <0.00 -60.00 -1.50> result: 90.00 1
[09:46:26.630] [ARM-RX] 03.47 -72.32 0.00 85.79 0.00
[09:46:26.630] [ARM-RX] [91] <0.00 -60.00 -1.50> result: 90.00 103.47 -72.32 0.00 85.79 0.00
[09:46:26.631] [ARM-RX] [92] <0.00 -60.00 -1.50> result: 90.00 103.47 -72.32 0.00 85.79 0.00
[09:46:26.631] [ARM-RX] [93] <0.00 -60.00 -1.50> result: 90.00 103.47 -72.32 0.00 85.79 0.00
[09:46:26.631] [ARM-RX] [94] <0.00 -60.0
[09:46:26.653] [ARM-RX] 0 -1.50> result: 90.00 103.47 -72.32 0.00 85.79 0.00
[09:46:26.653] [ARM-RX] [95] <0.00 -60.00 -1.50> result: 90.00 103.47 -72.32 0.00 85.79 0.00
[09:46:26.654] [ARM-RX] [96] <0.00 -60.00 -1.50> result: 90.00 103.47 -72.32 0.00 85.79 0.00
[09:46:26.654] [ARM-RX] [97] <0.00 -60.00 -1.50> result: 90.00 103.47 -72.32 0.00 85.7
[09:46:26.678] [ARM-RX] 9 0.00
[09:46:26.678] [ARM-RX] [98] <0.00 -60.00 -1.50> result: 90.00 103.47 -72.32 0.00 85.79 0.00
[09:46:26.678] [ARM-RX] [99] <0.00 -60.00 -1.50> result: 90.00 103.47 -72.32 0.00 85.79 0.00
[09:46:26.680] [ARM-RX] [100] <0.00 -60.00 -1.50> result: 90.00 103.47 -72.32 0.00 85.79 0.00
[09:46:26.680] [ARM-RX] [101] <0.00 -60.00 -1.50> result: 90.
[09:46:26.702] [ARM-RX] 00 103.47 -72.32 0.00 85.79 0.00
[09:46:26.702] [ARM-RX] [102] <0.00 -60.00 -1.50> result: 90.00 103.47 -72.32 0.00 85.79 0.00
[09:46:26.702] [ARM-RX] [103] <0.00 -60.00 -1.50> result: 90.00 103.47 -72.32 0.00 85.79 0.00
[09:46:26.703] [ARM-RX] [104] <0.00 -60.00 -1.50> result: 90.00 103.47 -72.32 0.00 85.79 0.00
[09:46:26.703] [ARM-RX] [105] <0.
[09:46:26.723] [ARM-RX] 00 -60.00 -1.50> result: 90.00 103.47 -72.32 0.00 85.79 0.00
[09:46:26.723] [ARM-RX] [106] <0.00 -60.00 -1.50> result: 90.00 103.47 -72.32 0.00 85.79 0.00
[09:46:26.723] [ARM-RX] [107] <0.00 -60.00 -1.50> result: 90.00 103.47 -72.32 0.00 85.79 0.00
[09:46:26.723] [ARM-RX] [108] <0.00 -60.00 -1.50> result: 90.00 103.47 -72.3
[09:46:26.746] [ARM-RX] 2 0.00 85.79 0.00
[09:46:26.746] [ARM-RX] [109] <0.00 -60.00 -1.50> result: 90.00 103.47 -72.32 0.00 85.79 0.00
[09:46:26.746] [ARM-RX] [110] <0.00 -60.00 -1.50> result: 90.00 103.47 -72.32 0.00 85.79 0.00
[09:46:26.747] [ARM-RX] [111] <0.00 -60.00 -1.50> result: 90.00 103.47 -72.32 0.00 85.79 0.00
[09:46:26.747] [ARM-RX] [112] <0.00 -60.00 -1.50
[09:46:26.779] [ARM-RX] > result: 90.00 103.47 -72.32 0.00 85.79 0.00
[09:46:26.780] [ARM-RX] [113] <0.00 -60.00 -1.50> result: 90.00 103.47 -72.32 0.00 85.79 0.00
[09:46:26.780] [ARM-RX] [114] <0.00 -60.00 -1.50> result: 90.00 103.47 -72.32 0.00 85.79 0.00
[09:46:26.780] [ARM-RX] [115] <0.00 -60.00 -1.50> result: 90.00 103.47 -72.32 0.00 85.79 0.
[09:46:26.803] [ARM-RX] 00
[09:46:26.803] [ARM-RX] [116] <0.00 -60.00 -1.50> result: 90.00 103.47 -72.32 0.00 85.79 0.00
[09:46:26.803] [ARM-RX] [117] <0.00 -60.00 -1.50> result: 90.00 103.47 -72.32 0.00 85.79 0.00
[09:46:26.803] [ARM-RX] [118] <0.00 -60.00 -1.50> result: 90.00 103.47 -72.32 0.00 85.79 0.00
[09:46:26.804] [ARM-RX] [119] <0.00 -60.00 -1.50> result: 90.00
[09:46:26.825] [ARM-RX] 103.47 -72.32 0.00 85.79 0.00
[09:46:26.825] [ARM-RX] [120] <0.00 -60.00 -1.50> result: 90.00 103.47 -72.32 0.00 85.79 0.00
[09:46:26.825] [ARM-RX] [121] <0.00 -60.00 -1.50> result: 90.00 103.47 -72.32 0.00 85.79 0.00
[09:46:26.825] [ARM-RX] [122] <0.00 -60.00 -1.50> result: 90.00 103.47 -72.32 0.00 85.79 0.00
[09:46:26.827] [ARM-RX] [123] <0.00
[09:46:26.849] [ARM-RX] -60.00 -1.50> result: 90.00 103.47 -72.32 0.00 85.79 0.00
[09:46:26.849] [ARM-RX] [124] <0.00 -60.00 -1.50> result: 90.00 103.47 -72.32 0.00 85.79 0.00
[09:46:26.849] [ARM-RX] [125] <0.00 -60.00 -1.50> result: 90.00 103.47 -72.32 0.00 85.79 0.00
[09:46:26.849] [ARM-RX] [126] <0.00 -60.00 -1.50> result: 90.00 103.47 -72.32
[09:46:26.873] [ARM-RX] 0.00 85.79 0.00
[09:46:26.873] [ARM-RX] [127] <0.00 -60.00 -1.50> result: 90.00 103.47 -72.32 0.00 85.79 0.00
[09:46:26.873] [ARM-RX] [128] <0.00 -60.00 -1.50> result: 90.00 103.47 -72.32 0.00 85.79 0.00
[09:46:26.874] [ARM-RX] [129] <0.00 -60.00 -1.50> result: 90.00 103.47 -72.32 0.00 85.79 0.00
[09:46:26.874] [ARM-RX] [130] <0.00 -60.00 -1.50>
[09:46:26.894] [ARM-RX] result: 90.00 103.47 -72.32 0.00 85.79 0.00
[09:46:26.895] [ARM-RX] [131] <0.00 -60.00 -1.50> result: 90.00 103.47 -72.32 0.00 85.79 0.00
[09:46:26.895] [ARM-RX] [132] <0.00 -60.00 -1.50> result: 90.00 103.47 -72.32 0.00 85.79 0.00
[09:46:26.895] [ARM-RX] [133] <0.00 -60.00 -1.50> result: 90.00 103.47 -72.32 0.00 85.79 0.00
[09:46:26.916] [ARM-RX] [134] <0.00 -60.00 -1.50> result: 90.00 103.47 -72.32 0.00 85.79 0.00
[09:46:26.916] [ARM-RX] [135] <0.00 -60.00 -1.50> result: 90.00 103.47 -72.32 0.00 85.79 0.00
[09:46:26.917] [ARM-RX] [136] <0.00 -60.00 -1.50> result: 90.00 103.47 -72.32 0.00 85.79 0.00
[09:46:26.917] [ARM-RX] [137] <0.00 -60.00 -1.50> result: 90.00 1
[09:46:26.952] [ARM-RX] 03.47 -72.32 0.00 85.79 0.00
[09:46:26.952] [ARM-RX] [138] <0.00 -60.00 -1.50> result: 90.00 103.47 -72.32 0.00 85.79 0.00
[09:46:26.952] [ARM-RX] [139] <0.00 -60.00 -1.50> result: 90.00 103.47 -72.32 0.00 85.79 0.00
[09:46:26.952] [ARM-RX] [140] <0.00 -60.00 -1.50> result: 90.00 103.47 -72.32 0.00 85.79 0.00
[09:46:26.953] [ARM-RX] [141] <0.00 -
[09:46:26.977] [ARM-RX] 60.00 -1.50> result: 90.00 103.47 -72.32 0.00 85.79 0.00
[09:46:26.978] [ARM-RX] [142] <0.00 -60.00 -1.50> result: 90.00 103.47 -72.32 0.00 85.79 0.00
[09:46:26.978] [ARM-RX] [143] <0.00 -60.00 -1.50> result: 90.00 103.47 -72.32 0.00 85.79 0.00
[09:46:26.978] [ARM-RX] [144] <0.00 -60.00 -1.50> result: 90.00 103.47 -72.32 0.
[09:46:26.998] [ARM-RX] 00 85.79 0.00
[09:46:26.998] [ARM-RX] [145] <0.00 -60.00 -1.50> result: 90.00 103.47 -72.32 0.00 85.79 0.00
[09:46:26.998] [ARM-RX] [146] <0.00 -60.00 -1.50> result: 90.00 103.47 -72.32 0.00 85.79 0.00
[09:46:26.999] [ARM-RX] [147] <0.00 -60.00 -1.50> result: 90.00 103.47 -72.32 0.00 85.79 0.00
[09:46:26.999] [ARM-RX] [148] <0.00 -60.00 -1.50> re
[09:46:27.021] [ARM-RX] sult: 90.00 103.47 -72.32 0.00 85.79 0.00
[09:46:27.021] [ARM-RX] [149] <0.00 -60.00 -1.50> result: 90.00 103.47 -72.32 0.00 85.79 0.00
[09:46:27.021] [ARM-RX] [150] <0.00 -60.00 -1.50> result: 90.00 103.47 -72.32 0.00 85.79 0.00
[09:46:27.022] [ARM-RX] [151] <0.00 -60.00 -1.50> result: 90.00 103.47 -72.32 0.00 85.79 0.00
[09:46:27.043] [ARM-RX] [152] <0.00 -60.00 -1.50> result: 90.00 103.47 -72.32 0.00 85.79 0.00
[09:46:27.044] [ARM-RX] [153] <0.00 -60.00 -1.50> result: 90.00 103.47 -72.32 0.00 85.79 0.00
[09:46:27.044] [ARM-RX] [154] <0.00 -60.00 -1.50> result: 90.00 103.47 -72.32 0.00 85.79 0.00
[09:46:27.044] [ARM-RX] [155] <0.00 -60.00 -1.50> result: 90.00 103
[09:46:27.065] [ARM-RX] .47 -72.32 0.00 85.79 0.00
[09:46:27.067] [ARM-RX] [156] <0.00 -60.00 -1.50> result: 90.00 103.47 -72.32 0.00 85.79 0.00
[09:46:27.067] [ARM-RX] [157] <0.00 -60.00 -1.50> result: 90.00 103.47 -72.32 0.00 85.79 0.00
[09:46:27.067] [ARM-RX] [158] <0.00 -60.00 -1.50> result: 90.00 103.47 -72.32 0.00 85.79 0.00
[09:46:27.067] [ARM-RX] [159] <0.00 -60
[09:46:27.095] [ARM-RX] .00 -1.50> result: 90.00 103.47 -72.32 0.00 85.79 0.00
[09:46:27.095] [ARM-RX] [160] <0.00 -60.00 -1.50> result: 90.00 103.47 -72.32 0.00 85.79 0.00
[09:46:27.095] [ARM-RX] [161] <0.00 -60.00 -1.50> result: 90.00 103.47 -72.32 0.00 85.79 0.00
[09:46:27.095] [ARM-RX] [162] <0.00 -60.00 -1.50> result: 90.00 103.47 -72.32 0.00
[09:46:27.112] [ARM-RX] 85.79 0.00
[09:46:27.112] [ARM-RX] [163] <0.00 -60.00 -1.50> result: 90.00 103.47 -72.32 0.00 85.79 0.00
[09:46:27.112] [ARM-RX] [164] <0.00 -60.00 -1.50> result: 90.00 103.47 -72.32 0.00 85.79 0.00
[09:46:27.113] [ARM-RX] [165] <0.00 -60.00 -1.50> result: 90.00 103.47 -72.32 0.00 85.79 0.00
[09:46:27.113] [ARM-RX] [166] <0.00 -60.00 -1.50> resu
[09:46:27.148] [ARM-RX] lt: 90.00 103.47 -72.32 0.00 85.79 0.00
[09:46:27.150] [ARM-RX] [167] <0.00 -60.00 -1.50> result: 90.00 103.47 -72.32 0.00 85.79 0.00
[09:46:27.150] [ARM-RX] [168] <0.00 -60.00 -1.50> result: 90.00 103.47 -72.32 0.00 85.79 0.00
[09:46:27.150] [ARM-RX] [169] <0.00 -60.00 -1.50> result: 90.00 103.47 -72.32 0.00 85.79 0.00
[09:46:27.150] [ARM-RX] [1
[09:46:27.169] [ARM-RX] 70] <0.00 -60.00 -1.50> result: 90.00 103.47 -72.32 0.00 85.79 0.00
[09:46:27.170] [ARM-RX] [171] <0.00 -60.00 -1.50> result: 90.00 103.47 -72.32 0.00 85.79 0.00
[09:46:27.170] [ARM-RX] [172] <0.00 -60.00 -1.50> result: 90.00 103.47 -72.32 0.00 85.79 0.00
[09:46:27.170] [ARM-RX] [173] <0.00 -60.00 -1.50> result: 90.00 103.4
[09:46:27.234] [ARM-RX] 7 -72.32 0.00 85.79 0.00
[09:46:27.234] [ARM-RX] [174] <0.00 -60.00 -1.50> result: 90.00 103.47 -72.32 0.00 85.79 0.00
[09:46:27.237] [ARM-RX] [175] <0.00 -60.00 -1.50> result: 90.00 103.47 -72.32 0.00 85.79 0.00
[09:46:27.237] [ARM-RX] [176] <0.00 -60.00 -1.50> result: 90.00 103.47 -72.32 0.00 85.79 0.00
[09:46:29.167] [JETSON-RX] CC 01 01 DD
[09:46:29.167] [ARM-RX] [joint 1] ave_error:0.00
[09:46:29.167] [ARM-RX] [joint 2] ave_error:2.94
[09:46:29.167] [ARM-RX] [joint 3] ave_error:2.47
[09:46:29.167] [ARM-RX] [joint 4] ave_error:0.00
[09:46:29.167] [JETSON-STATUS] READY: CC 01 01 DD
[09:46:29.167] [ARM-RX] [joint 5] ave_error:0.28
[09:46:29.168] [DEMO-INFO] 开始发送视觉序列: 30,-20:5;15,-10:5;8,-5:5;0,0:30
[09:46:29.168] [JETSON-TX] VISION dcx=30 dcy=-20: FF 05 03 1E 00 EC FF 11 FE
[09:46:29.168] [ARM-RX] robot pid run finished!!
[09:46:29.219] [ARM-RX] [JETSON_RX] vision dcx=30 dcy=-20
[09:46:29.219] [ARM-RX] [TARGET] vision state=WAIT_DETECT enabled=1 dcx=30 dcy=-20 stable=0
[09:46:29.219] [ARM-RX] ROBOT_AUTO_EVENT
[09:46:29.219] [ARM-RX] [0] <0.00 -60.00 -1.50> result: 90.00 103.47 -72.32 0.00 85.79 0.00
[09:46:29.220] [ARM-RX] [1] <0.00 -60.00 -1.50> result: 90.00 103.47 -72.32 -0.00 85.79 0.
[09:46:29.241] [ARM-RX] 00
[09:46:29.241] [ARM-RX] [2] <0.01 -60.00 -1.51> result: 90.00 103.47 -72.32 -0.00 85.79 0.00
[09:46:29.242] [ARM-RX] [3] <0.02 -60.00 -1.52> result: 90.01 103.48 -72.32 -0.01 85.80 0.00
[09:46:29.242] [ARM-RX] [4] <0.05 -60.00 -1.55> result: 90.02 103.49 -72.32 -0.02 85.81 0.00
[09:46:29.242] [ARM-RX] [5] <0.08 -60.00 -1.58> result: 90.04 103.
[09:46:29.265] [ARM-RX] 51 -72.32 -0.04 85.83 0.00
[09:46:29.265] [ARM-RX] [6] <0.14 -60.00 -1.64> result: 90.07 103.54 -72.33 -0.07 85.86 0.00
[09:46:29.265] [ARM-RX] [7] <0.21 -60.00 -1.71> result: 90.11 103.57 -72.33 -0.11 85.90 0.00
[09:46:29.266] [ARM-RX] [8] <0.29 -60.00 -1.79> result: 90.16 103.62 -72.33 -0.16 85.95 0.00
[09:46:29.266] [ARM-RX] [9] <0.40 -60.00 -
[09:46:29.288] [ARM-RX] 1.90> result: 90.21 103.67 -72.34 -0.22 86.01 0.00
[09:46:29.288] [ARM-RX] [10] <0.53 -60.00 -2.03> result: 90.28 103.74 -72.34 -0.28 86.08 0.00
[09:46:29.288] [ARM-RX] [11] <0.68 -60.00 -2.18> result: 90.36 103.82 -72.35 -0.36 86.16 0.00
[09:46:29.288] [ARM-RX] [12] <0.86 -60.00 -2.36> result: 90.46 103.90 -72.35 -0.46 86.
[09:46:29.311] [ARM-RX] 26 0.00
[09:46:29.311] [ARM-RX] [13] <1.05 -60.00 -2.55> result: 90.56 104.00 -72.36 -0.56 86.36 0.00
[09:46:29.312] [ARM-RX] [14] <1.26 -60.00 -2.76> result: 90.67 104.11 -72.37 -0.67 86.48 0.00
[09:46:29.312] [ARM-RX] [15] <1.49 -60.00 -2.99> result: 90.79 104.23 -72.37 -0.79 86.60 0.00
[09:46:29.312] [ARM-RX] [16] <1.74 -60.00 -3.24> result: 9
[09:46:29.334] [ARM-RX] 0.92 104.36 -72.38 -0.93 86.74 0.00
[09:46:29.335] [ARM-RX] [17] <2.00 -60.00 -3.50> result: 91.06 104.49 -72.39 -1.06 86.88 0.00
[09:46:29.335] [ARM-RX] [18] <2.27 -60.00 -3.77> result: 91.21 104.63 -72.40 -1.21 87.03 0.00
[09:46:29.335] [ARM-RX] [19] <2.50 -60.00 -4.00> result: 91.33 104.75 -72.40 -1.33 87.15 0.00
[09:46:29.335] [ARM-RX] [20] <
[09:46:29.370] [JETSON-TX] VISION dcx=30 dcy=-20: FF 05 03 1E 00 EC FF 11 FE
[09:46:29.371] [ARM-RX] 2.50 -60.00 -4.00> result: 91.33 104.75 -72.40 -1.33 87.15 0.00
[09:46:29.371] [ARM-RX] [21] <2.50 -60.00 -4.00> result: 91.33 104.75 -72.40 -1.33 87.15 0.00
[09:46:29.371] [ARM-RX] [22] <2.50 -60.00 -4.00> result: 91.33 104.75 -72.40 -1.33 87.15 0.00
[09:46:29.372] [ARM-RX] [23] <2.50 -60.00 -4.00> result: 91.33 104.75 -72
[09:46:29.391] [ARM-RX] .40 -1.33 87.15 0.00
[09:46:29.392] [ARM-RX] [24] <2.50 -60.00 -4.00> result: 91.33 104.75 -72.40 -1.33 87.15 0.00
[09:46:29.392] [ARM-RX] [25] <2.50 -60.00 -4.00> result: 91.33 104.75 -72.40 -1.33 87.15 0.00
[09:46:29.392] [ARM-RX] [26] <2.50 -60.00 -4.00> result: 91.33 104.75 -72.40 -1.33 87.15 0.00
[09:46:29.392] [ARM-RX] [27] <2.50 -60.00 -4.
[09:46:29.417] [ARM-RX] 00> result: 91.33 104.75 -72.40 -1.33 87.15 0.00
[09:46:29.417] [ARM-RX] [28] <2.50 -60.00 -4.00> result: 91.33 104.75 -72.40 -1.33 87.15 0.00
[09:46:29.417] [ARM-RX] [29] <2.50 -60.00 -4.00> result: 91.33 104.75 -72.40 -1.33 87.15 0.00
[09:46:29.417] [ARM-RX] [30] <2.50 -60.00 -4.00> result: 91.33 104.75 -72.40 -1.33 87.15
[09:46:29.440] [ARM-RX] 0.00
[09:46:29.440] [ARM-RX] [31] <2.50 -60.00 -4.00> result: 91.33 104.75 -72.40 -1.33 87.15 0.00
[09:46:29.441] [ARM-RX] [32] <2.50 -60.00 -4.00> result: 91.33 104.75 -72.40 -1.33 87.15 0.00
[09:46:29.441] [ARM-RX] [33] <2.50 -60.00 -4.00> result: 91.33 104.75 -72.40 -1.33 87.15 0.00
[09:46:29.441] [ARM-RX] [34] <2.50 -60.00 -4.00> result: 91.
[09:46:29.463] [ARM-RX] 33 104.75 -72.40 -1.33 87.15 0.00
[09:46:29.463] [ARM-RX] [35] <2.50 -60.00 -4.00> result: 91.33 104.75 -72.40 -1.33 87.15 0.00
[09:46:29.463] [ARM-RX] [36] <2.50 -60.00 -4.00> result: 91.33 104.75 -72.40 -1.33 87.15 0.00
[09:46:29.463] [ARM-RX] [37] <2.50 -60.00 -4.00> result: 91.33 104.75 -72.40 -1.33 87.15 0.00
[09:46:29.463] [ARM-RX] [38] <2.
[09:46:29.484] [ARM-RX] 50 -60.00 -4.00> result: 91.33 104.75 -72.40 -1.33 87.15 0.00
[09:46:29.485] [ARM-RX] [39] <2.50 -60.00 -4.00> result: 91.33 104.75 -72.40 -1.33 87.15 0.00
[09:46:29.485] [ARM-RX] [40] <2.50 -60.00 -4.00> result: 91.33 104.75 -72.40 -1.33 87.15 0.00
[09:46:29.485] [ARM-RX] [41] <2.50 -60.00 -4.00> result: 91.33 104.75 -72.4
[09:46:29.539] [ARM-RX] 0 -1.33 87.15 0.00
[09:46:29.539] [ARM-RX] [42] <2.50 -60.00 -4.00> result: 91.33 104.75 -72.40 -1.33 87.15 0.00
[09:46:29.539] [ARM-RX] [43] <2.50 -60.00 -4.00> result: 91.33 104.75 -72.40 -1.33 87.15 0.00
[09:46:29.539] [ARM-RX] [TARGET] vision state=ALIGN enabled=1 dcx=30 dcy=-20 stable=0
[09:46:29.571] [JETSON-TX] VISION dcx=30 dcy=-20: FF 05 03 1E 00 EC FF 11 FE
[09:46:29.601] [ARM-RX] [JETSON_RX] vision dcx=30 dcy=-20
[09:46:29.601] [ARM-RX] [TARGET] vision state=ALIGN enabled=1 dcx=30 dcy=-20 stable=0
[09:46:29.771] [JETSON-TX] VISION dcx=30 dcy=-20: FF 05 03 1E 00 EC FF 11 FE
[09:46:29.848] [ARM-RX] [JETSON_RX] vision dcx=30 dcy=-20
[09:46:29.850] [ARM-RX] [TARGET] vision state=ALIGN enabled=1 dcx=30 dcy=-20 stable=0
[09:46:29.972] [JETSON-TX] VISION dcx=30 dcy=-20: FF 05 03 1E 00 EC FF 11 FE
[09:46:30.037] [ARM-RX] [JETSON_RX] vision dcx=30 dcy=-20
[09:46:30.037] [ARM-RX] [TARGET] vision state=ALIGN enabled=1 dcx=30 dcy=-20 stable=0
[09:46:30.099] [ARM-RX] [joint 1] ave_error:0.32
[09:46:30.099] [ARM-RX] [joint 2] ave_error:1.24
[09:46:30.099] [ARM-RX] [joint 3] ave_error:0.28
[09:46:30.099] [ARM-RX] [joint 4] ave_error:0.33
[09:46:30.100] [ARM-RX] [joint 5] ave_error:0.20
[09:46:30.101] [ARM-RX] robot pid run finished!!
[09:46:30.128] [ARM-RX] ROBOT_AUTO_EVENT
[09:46:30.128] [ARM-RX] [0] <2.50 -60.00 -4.00> result: 91.33 104.75 -72.40 -1.33 87.15 0.00
[09:46:30.128] [ARM-RX] [1] <2.50 -60.00 -4.00> result: 91.33 104.75 -72.40 -1.33 87.16 0.00
[09:46:30.128] [ARM-RX] [2] <2.51 -60.00 -4.01> result: 91.33 104.76 -72.40 -1.34 87.16 0.00
[09:46:30.128] [ARM-RX] [3] <2.52 -60.00 -4.02> resul
[09:46:30.149] [ARM-RX] t: 91.34 104.76 -72.40 -1.34 87.17 0.00
[09:46:30.149] [ARM-RX] [4] <2.55 -60.00 -4.05> result: 91.35 104.78 -72.40 -1.36 87.18 0.00
[09:46:30.149] [ARM-RX] [5] <2.58 -60.00 -4.08> result: 91.37 104.79 -72.40 -1.38 87.20 0.00
[09:46:30.149] [ARM-RX] [6] <2.64 -60.00 -4.14> result: 91.40 104.82 -72.41 -1.40 87.23 0.00
[09:46:30.150] [ARM-RX] [7] <
[09:46:30.173] [JETSON-TX] VISION dcx=15 dcy=-10: FF 05 03 0F 00 F6 FF 0C FE
[09:46:30.173] [ARM-RX] 2.71 -60.00 -4.21> result: 91.44 104.86 -72.41 -1.44 87.27 0.00
[09:46:30.174] [ARM-RX] [8] <2.79 -60.00 -4.29> result: 91.49 104.90 -72.41 -1.49 87.31 0.00
[09:46:30.174] [ARM-RX] [9] <2.90 -60.00 -4.40> result: 91.55 104.96 -72.41 -1.55 87.37 0.00
[09:46:30.174] [ARM-RX] [10] <3.03 -60.00 -4.53> result: 91.61 105.03 -72.4
[09:46:30.195] [ARM-RX] 1 -1.62 87.44 0.00
[09:46:30.195] [ARM-RX] [11] <3.18 -60.00 -4.68> result: 91.69 105.11 -72.42 -1.70 87.53 0.00
[09:46:30.196] [ARM-RX] [12] <3.36 -60.00 -4.86> result: 91.79 105.20 -72.42 -1.79 87.62 0.00
[09:46:30.196] [ARM-RX] [13] <3.55 -60.00 -5.05> result: 91.89 105.30 -72.43 -1.89 87.72 0.00
[09:46:30.196] [ARM-RX] [14] <3.76 -60.00 -5.26
[09:46:30.218] [ARM-RX] > result: 92.00 105.41 -72.43 -2.00 87.84 0.00
[09:46:30.218] [ARM-RX] [15] <3.99 -60.00 -5.49> result: 92.12 105.53 -72.43 -2.12 87.96 0.00
[09:46:30.219] [ARM-RX] [16] <4.24 -60.00 -5.74> result: 92.25 105.66 -72.44 -2.26 88.10 0.00
[09:46:30.219] [ARM-RX] [17] <4.50 -60.00 -6.00> result: 92.39 105.79 -72.44 -2.39 88.24 0
[09:46:30.243] [ARM-RX] .00
[09:46:30.243] [ARM-RX] [18] <4.77 -60.00 -6.27> result: 92.54 105.94 -72.45 -2.54 88.38 0.00
[09:46:30.243] [ARM-RX] [19] <5.00 -60.00 -6.50> result: 92.66 106.06 -72.45 -2.66 88.51 0.00
[09:46:30.244] [ARM-RX] [20] <5.00 -60.00 -6.50> result: 92.66 106.06 -72.45 -2.66 88.51 0.00
[09:46:30.244] [ARM-RX] [21] <5.00 -60.00 -6.50> result: 92.66
[09:46:30.265] [ARM-RX] 106.06 -72.45 -2.66 88.51 0.00
[09:46:30.265] [ARM-RX] [22] <5.00 -60.00 -6.50> result: 92.66 106.06 -72.45 -2.66 88.51 0.00
[09:46:30.265] [ARM-RX] [23] <5.00 -60.00 -6.50> result: 92.66 106.06 -72.45 -2.66 88.51 0.00
[09:46:30.266] [ARM-RX] [24] <5.00 -60.00 -6.50> result: 92.66 106.06 -72.45 -2.66 88.51 0.00
[09:46:30.266] [ARM-RX] [25] <5.00
[09:46:30.300] [ARM-RX] -60.00 -6.50> result: 92.66 106.06 -72.45 -2.66 88.51 0.00
[09:46:30.300] [ARM-RX] [26] <5.00 -60.00 -6.50> result: 92.66 106.06 -72.45 -2.66 88.51 0.00
[09:46:30.301] [ARM-RX] [27] <5.00 -60.00 -6.50> result: 92.66 106.06 -72.45 -2.66 88.51 0.00
[09:46:30.301] [ARM-RX] [28] <5.00 -60.00 -6.50> result: 92.66 106.06 -72.45
[09:46:30.322] [ARM-RX] -2.66 88.51 0.00
[09:46:30.322] [ARM-RX] [29] <5.00 -60.00 -6.50> result: 92.66 106.06 -72.45 -2.66 88.51 0.00
[09:46:30.322] [ARM-RX] [30] <5.00 -60.00 -6.50> result: 92.66 106.06 -72.45 -2.66 88.51 0.00
[09:46:30.322] [ARM-RX] [31] <5.00 -60.00 -6.50> result: 92.66 106.06 -72.45 -2.66 88.51 0.00
[09:46:30.322] [ARM-RX] [32] <5.00 -60.00 -6.50>
[09:46:30.348] [ARM-RX] result: 92.66 106.06 -72.45 -2.66 88.51 0.00
[09:46:30.348] [ARM-RX] [33] <5.00 -60.00 -6.50> result: 92.66 106.06 -72.45 -2.66 88.51 0.00
[09:46:30.348] [ARM-RX] [34] <5.00 -60.00 -6.50> result: 92.66 106.06 -72.45 -2.66 88.51 0.00
[09:46:30.348] [ARM-RX] [35] <5.00 -60.00 -6.50> result: 92.66 106.06 -72.45 -2.66 88.51 0.0
[09:46:30.368] [ARM-RX] 0
[09:46:30.372] [ARM-RX] [36] <5.00 -60.00 -6.50> result: 92.66 106.06 -72.45 -2.66 88.51 0.00
[09:46:30.372] [ARM-RX] [37] <5.00 -60.00 -6.50> result: 92.66 106.06 -72.45 -2.66 88.51 0.00
[09:46:30.373] [ARM-RX] [38] <5.00 -60.00 -6.50> result: 92.66 106.06 -72.45 -2.66 88.51 0.00
[09:46:30.373] [ARM-RX] [39] <5.00 -60.00 -6.50> result: 92.66 1
[09:46:30.374] [JETSON-TX] VISION dcx=15 dcy=-10: FF 05 03 0F 00 F6 FF 0C FE
[09:46:30.392] [ARM-RX] 06.06 -72.45 -2.66 88.51 0.00
[09:46:30.392] [ARM-RX] [40] <5.00 -60.00 -6.50> result: 92.66 106.06 -72.45 -2.66 88.51 0.00
[09:46:30.392] [ARM-RX] [41] <5.00 -60.00 -6.50> result: 92.66 106.06 -72.45 -2.66 88.51 0.00
[09:46:30.392] [ARM-RX] [42] <5.00 -60.00 -6.50> result: 92.66 106.06 -72.45 -2.66 88.51 0.00
[09:46:30.392] [ARM-RX] [43] <5.00 -
[09:46:30.444] [ARM-RX] 60.00 -6.50> result: 92.66 106.06 -72.45 -2.66 88.51 0.00
[09:46:30.444] [ARM-RX] [TARGET] vision state=ALIGN enabled=1 dcx=15 dcy=-10 stable=0
[09:46:30.444] [ARM-RX] [JETSON_RX] vision dcx=15 dcy=-10
[09:46:30.444] [ARM-RX] [TARGET] vision state=ALIGN enabled=1 dcx=15 dcy=-10 stable=0
[09:46:30.575] [JETSON-TX] VISION dcx=15 dcy=-10: FF 05 03 0F 00 F6 FF 0C FE
[09:46:30.631] [ARM-RX] [JETSON_RX] vision dcx=15 dcy=-10
[09:46:30.631] [ARM-RX] [TARGET] vision state=ALIGN enabled=1 dcx=15 dcy=-10 stable=0
[09:46:30.776] [JETSON-TX] VISION dcx=15 dcy=-10: FF 05 03 0F 00 F6 FF 0C FE
[09:46:30.817] [ARM-RX] [JETSON_RX] vision dcx=15 dcy=-10
[09:46:30.817] [ARM-RX] [TARGET] vision state=ALIGN enabled=1 dcx=15 dcy=-10 stable=0
[09:46:30.942] [ARM-RX] [joint 1] ave_error:0.48
[09:46:30.942] [ARM-RX] [joint 2] ave_error:0.43
[09:46:30.942] [ARM-RX] [joint 3] ave_error:0.08
[09:46:30.942] [ARM-RX] [joint 4] ave_error:0.42
[09:46:30.942] [ARM-RX] [joint 5] ave_error:0.17
[09:46:30.943] [ARM-RX] robot pid run finished!!
[09:46:30.976] [JETSON-TX] VISION dcx=15 dcy=-10: FF 05 03 0F 00 F6 FF 0C FE
[09:46:31.003] [ARM-RX] [JETSON_RX] vision dcx=15 dcy=-10
[09:46:31.003] [ARM-RX] [TARGET] vision state=ALIGN enabled=1 dcx=15 dcy=-10 stable=0
[09:46:31.003] [ARM-RX] ROBOT_AUTO_EVENT
[09:46:31.004] [ARM-RX] [0] <
[09:46:31.032] [ARM-RX] 5.00 -60.00 -6.50> result: 92.66 106.06 -72.45 -2.66 88.51 0.00
[09:46:31.032] [ARM-RX] [1] <5.00 -60.00 -6.50> result: 92.66 106.06 -72.45 -2.66 88.51 0.00
[09:46:31.032] [ARM-RX] [2] <5.01 -60.00 -6.51> result: 92.67 106.07 -72.45 -2.67 88.52 0.00
[09:46:31.032] [ARM-RX] [3] <5.04 -60.00 -6.54> result: 92.68 106.08 -72.45
[09:46:31.055] [ARM-RX] -2.68 88.53 0.00
[09:46:31.055] [ARM-RX] [4] <5.08 -60.00 -6.58> result: 92.70 106.10 -72.45 -2.70 88.55 0.00
[09:46:31.056] [ARM-RX] [5] <5.14 -60.00 -6.64> result: 92.73 106.13 -72.45 -2.73 88.58 0.00
[09:46:31.056] [ARM-RX] [6] <5.22 -60.00 -6.72> result: 92.78 106.17 -72.45 -2.78 88.63 0.00
[09:46:31.056] [ARM-RX] [7] <5.32 -60.00 -6.82> res
[09:46:31.079] [ARM-RX] ult: 92.83 106.23 -72.45 -2.83 88.68 0.00
[09:46:31.080] [ARM-RX] [8] <5.44 -60.00 -6.94> result: 92.89 106.29 -72.45 -2.89 88.74 0.00
[09:46:31.080] [ARM-RX] [9] <5.58 -60.00 -7.08> result: 92.97 106.36 -72.45 -2.97 88.82 0.00
[09:46:31.080] [ARM-RX] [10] <5.73 -60.00 -7.23> result: 93.05 106.44 -72.45 -3.05 88.90 0.00
[09:46:31.080] [ARM-RX] [1
[09:46:31.101] [ARM-RX] 1] <5.80 -60.00 -7.30> result: 93.08 106.48 -72.46 -3.09 88.94 0.00
[09:46:31.101] [ARM-RX] [12] <5.80 -60.00 -7.30> result: 93.08 106.48 -72.46 -3.09 88.94 0.00
[09:46:31.101] [ARM-RX] [13] <5.80 -60.00 -7.30> result: 93.08 106.48 -72.46 -3.09 88.94 0.00
[09:46:31.101] [ARM-RX] [14] <5.80 -60.00 -7.30> result: 93.08 106.48
[09:46:31.123] [ARM-RX] -72.46 -3.09 88.94 0.00
[09:46:31.123] [ARM-RX] [15] <5.80 -60.00 -7.30> result: 93.08 106.48 -72.46 -3.09 88.94 0.00
[09:46:31.123] [ARM-RX] [16] <5.80 -60.00 -7.30> result: 93.08 106.48 -72.46 -3.09 88.94 0.00
[09:46:31.123] [ARM-RX] [17] <5.80 -60.00 -7.30> result: 93.08 106.48 -72.46 -3.09 88.94 0.00
[09:46:31.123] [ARM-RX] [18] <5.80 -60.00
[09:46:31.147] [ARM-RX] -7.30> result: 93.08 106.48 -72.46 -3.09 88.94 0.00
[09:46:31.147] [ARM-RX] [19] <5.80 -60.00 -7.30> result: 93.08 106.48 -72.46 -3.09 88.94 0.00
[09:46:31.147] [ARM-RX] [20] <5.80 -60.00 -7.30> result: 93.08 106.48 -72.46 -3.09 88.94 0.00
[09:46:31.147] [ARM-RX] [21] <5.80 -60.00 -7.30> result: 93.08 106.48 -72.46 -3.09 8
[09:46:31.177] [JETSON-TX] VISION dcx=8 dcy=-5: FF 05 03 08 00 FB FF 0A FE
[09:46:31.187] [ARM-RX] 8.94 0.00
[09:46:31.187] [ARM-RX] [22] <5.80 -60.00 -7.30> result: 93.08 106.48 -72.46 -3.09 88.94 0.00
[09:46:31.188] [ARM-RX] [23] <5.80 -60.00 -7.30> result: 93.08 106.48 -72.46 -3.09 88.94 0.00
[09:46:31.188] [ARM-RX] [24] <5.80 -60.00 -7.30> result: 93.08 106.48 -72.46 -3.09 88.94 0.00
[09:46:31.188] [ARM-RX] [JETSON_RX] vision dcx=8 dcy=-5
[09:46:31.239] [ARM-RX] [TARGET] vision state=ALIGN enabled=1 dcx=8 dcy=-5 stable=0
[09:46:31.381] [JETSON-TX] VISION dcx=8 dcy=-5: FF 05 03 08 00 FB FF 0A FE
[09:46:31.426] [ARM-RX] [JETSON_RX] vision dcx=8 dcy=-5
[09:46:31.426] [ARM-RX] [TARGET] vision state=ALIGN enabled=1 dcx=8 dcy=-5 stable=0
[09:46:31.552] [ARM-RX] [joint 1] ave_error:0.41
[09:46:31.552] [ARM-RX] [joint 2] ave_error:0.42
[09:46:31.553] [ARM-RX] [joint 3] ave_error:0.04
[09:46:31.553] [ARM-RX] [joint 4] ave_error:0.27
[09:46:31.553] [ARM-RX] [joint 5] ave_error:0.05
[09:46:31.553] [ARM-RX] robot pid run finished!!
[09:46:31.582] [JETSON-TX] VISION dcx=8 dcy=-5: FF 05 03 08 00 FB FF 0A FE
[09:46:31.600] [ARM-RX] ROBOT_AUTO_EVENT
[09:46:31.600] [ARM-RX] [0] <5.80 -60.00 -7.30> result: 93.08 106.48 -72.46 -3.09 88.94 0.00
[09:46:31.600] [ARM-RX] [1] <5.80 -60.00 -7.30> result: 93.09 106.48 -72.46 -3.09 88.94 0.00
[09:46:31.600] [ARM-RX] [2] <5.81 -60.00 -7.31> result: 93.09 106.49 -72.46 -3.09 88.94 0.00
[09:46:31.601] [ARM-RX] [3] <5.84 -60.00 -7.34> resul
[09:46:31.622] [ARM-RX] t: 93.10 106.50 -72.46 -3.10 88.96 0.00
[09:46:31.623] [ARM-RX] [4] <5.88 -60.00 -7.38> result: 93.13 106.52 -72.46 -3.13 88.98 0.00
[09:46:31.623] [ARM-RX] [5] <5.94 -60.00 -7.44> result: 93.16 106.55 -72.46 -3.16 89.01 0.00
[09:46:31.623] [ARM-RX] [6] <6.02 -60.00 -7.52> result: 93.20 106.60 -72.46 -3.20 89.05 0.00
[09:46:31.624] [ARM-RX] [7] <
[09:46:31.645] [ARM-RX] 6.12 -60.00 -7.62> result: 93.25 106.65 -72.46 -3.25 89.11 0.00
[09:46:31.646] [ARM-RX] [8] <6.24 -60.00 -7.74> result: 93.32 106.71 -72.46 -3.32 89.17 0.00
[09:46:31.646] [ARM-RX] [9] <6.38 -60.00 -7.88> result: 93.39 106.79 -72.46 -3.39 89.25 0.00
[09:46:31.646] [ARM-RX] [10] <6.53 -60.00 -8.03> result: 93.47 106.87 -72.4
[09:46:31.670] [ARM-RX] 6 -3.47 89.33 0.00
[09:46:31.670] [ARM-RX] [11] <6.60 -60.00 -8.10> result: 93.51 106.90 -72.46 -3.51 89.36 0.00
[09:46:31.670] [ARM-RX] [12] <6.60 -60.00 -8.10> result: 93.51 106.90 -72.46 -3.51 89.36 0.00
[09:46:31.671] [ARM-RX] [13] <6.60 -60.00 -8.10> result: 93.51 106.90 -72.46 -3.51 89.36 0.00
[09:46:31.671] [ARM-RX] [14] <6.60 -60.00 -8.10
[09:46:31.695] [ARM-RX] > result: 93.51 106.90 -72.46 -3.51 89.36 0.00
[09:46:31.696] [ARM-RX] [15] <6.60 -60.00 -8.10> result: 93.51 106.90 -72.46 -3.51 89.36 0.00
[09:46:31.696] [ARM-RX] [16] <6.60 -60.00 -8.10> result: 93.51 106.90 -72.46 -3.51 89.36 0.00
[09:46:31.696] [ARM-RX] [17] <6.60 -60.00 -8.10> result: 93.51 106.90 -72.46 -3.51 89.36 0
[09:46:31.715] [ARM-RX] .00
[09:46:31.715] [ARM-RX] [18] <6.60 -60.00 -8.10> result: 93.51 106.90 -72.46 -3.51 89.36 0.00
[09:46:31.715] [ARM-RX] [19] <6.60 -60.00 -8.10> result: 93.51 106.90 -72.46 -3.51 89.36 0.00
[09:46:31.715] [ARM-RX] [20] <6.60 -60.00 -8.10> result: 93.51 106.90 -72.46 -3.51 89.36 0.00
[09:46:31.717] [ARM-RX] [21] <6.60 -60.00 -8.10> result: 93.51
[09:46:31.751] [ARM-RX] 106.90 -72.46 -3.51 89.36 0.00
[09:46:31.751] [ARM-RX] [22] <6.60 -60.00 -8.10> result: 93.51 106.90 -72.46 -3.51 89.36 0.00
[09:46:31.751] [ARM-RX] [23] <6.60 -60.00 -8.10> result: 93.51 106.90 -72.46 -3.51 89.36 0.00
[09:46:31.751] [ARM-RX] [24] <6.60 -60.00 -8.10> result: 93.51 106.90 -72.46 -3.51 89.36 0.00
[09:46:31.752] [ARM-RX] [JETSON_RX
[09:46:31.783] [JETSON-TX] VISION dcx=8 dcy=-5: FF 05 03 08 00 FB FF 0A FE
[09:46:31.802] [ARM-RX] ] vision dcx=8 dcy=-5
[09:46:31.802] [ARM-RX] [TARGET] vision state=ALIGN enabled=1 dcx=8 dcy=-5 stable=0
[09:46:31.802] [ARM-RX] [JETSON_RX] vision dcx=8 dcy=-5
[09:46:31.803] [ARM-RX] [TARGET] vision state=ALIGN enabled=1 dcx=8 dcy=-5 stable=0
[09:46:31.984] [JETSON-TX] VISION dcx=8 dcy=-5: FF 05 03 08 00 FB FF 0A FE
[09:46:32.052] [ARM-RX] [JETSON_RX] vision dcx=8 dcy=-5
[09:46:32.052] [ARM-RX] [TARGET] vision state=ALIGN enabled=1 dcx=8 dcy=-5 stable=0
[09:46:32.114] [ARM-RX] [joint 1] ave_error:0.40
[09:46:32.117] [ARM-RX] [joint 2] ave_error:0.44
[09:46:32.117] [ARM-RX] [joint 3] ave_error:0.03
[09:46:32.117] [ARM-RX] [joint 4] ave_error:0.23
[09:46:32.117] [ARM-RX] [joint 5] ave_error:0.06
[09:46:32.118] [ARM-RX] robot pid run finished!!
[09:46:32.176] [ARM-RX] ROBOT_AUTO_EVENT
[09:46:32.176] [ARM-RX] [0] <6.60 -60.00 -8.10> result: 93.51 106.90 -72.46 -3.51 89.36 0.00
[09:46:32.176] [ARM-RX] [1] <6.60 -60.00 -8.10> result: 93.51 106.91 -72.46 -3.51 89.37 0.00
[09:46:32.176] [ARM-RX] [2] <6.61 -60.00 -8.11> result: 93.52 106.91 -72.46 -3.52 89.37 0.00
[09:46:32.177] [ARM-RX] [3] <6.64 -60.00 -8.14> resul
[09:46:32.185] [JETSON-TX] VISION dcx=0 dcy=0: FF 05 03 00 00 00 00 08 FE
[09:46:32.198] [ARM-RX] t: 93.53 106.92 -72.46 -3.53 89.38 0.00
[09:46:32.198] [ARM-RX] [4] <6.68 -60.00 -8.18> result: 93.55 106.94 -72.46 -3.55 89.41 0.00
[09:46:32.199] [ARM-RX] [5] <6.74 -60.00 -8.24> result: 93.58 106.98 -72.46 -3.58 89.44 0.00
[09:46:32.199] [ARM-RX] [6] <6.82 -60.00 -8.32> result: 93.62 107.02 -72.46 -3.62 89.48 0.00
[09:46:32.199] [ARM-RX] [7] <
[09:46:32.222] [ARM-RX] 6.92 -60.00 -8.42> result: 93.68 107.07 -72.46 -3.68 89.53 0.00
[09:46:32.222] [ARM-RX] [8] <7.04 -60.00 -8.54> result: 93.74 107.14 -72.46 -3.74 89.60 0.00
[09:46:32.222] [ARM-RX] [9] <7.18 -60.00 -8.68> result: 93.82 107.21 -72.46 -3.82 89.67 0.00
[09:46:32.222] [ARM-RX] [10] <7.33 -60.00 -8.83> result: 93.90 107.29 -72.4
[09:46:32.245] [ARM-RX] 6 -3.90 89.75 0.00
[09:46:32.245] [ARM-RX] [11] <7.40 -60.00 -8.90> result: 93.93 107.33 -72.46 -3.93 89.79 0.00
[09:46:32.245] [ARM-RX] [12] <7.40 -60.00 -8.90> result: 93.93 107.33 -72.46 -3.93 89.79 0.00
[09:46:32.246] [ARM-RX] [13] <7.40 -60.00 -8.90> result: 93.93 107.33 -72.46 -3.93 89.79 0.00
[09:46:32.246] [ARM-RX] [14] <7.40 -60.00 -8.90
[09:46:32.268] [ARM-RX] > result: 93.93 107.33 -72.46 -3.93 89.79 0.00
[09:46:32.268] [ARM-RX] [15] <7.40 -60.00 -8.90> result: 93.93 107.33 -72.46 -3.93 89.79 0.00
[09:46:32.268] [ARM-RX] [16] <7.40 -60.00 -8.90> result: 93.93 107.33 -72.46 -3.93 89.79 0.00
[09:46:32.268] [ARM-RX] [17] <7.40 -60.00 -8.90> result: 93.93 107.33 -72.46 -3.93 89.79 0
[09:46:32.290] [ARM-RX] .00
[09:46:32.290] [ARM-RX] [18] <7.40 -60.00 -8.90> result: 93.93 107.33 -72.46 -3.93 89.79 0.00
[09:46:32.292] [ARM-RX] [19] <7.40 -60.00 -8.90> result: 93.93 107.33 -72.46 -3.93 89.79 0.00
[09:46:32.292] [ARM-RX] [20] <7.40 -60.00 -8.90> result: 93.93 107.33 -72.46 -3.93 89.79 0.00
[09:46:32.292] [ARM-RX] [21] <7.40 -60.00 -8.90> result: 93.93
[09:46:32.326] [ARM-RX] 107.33 -72.46 -3.93 89.79 0.00
[09:46:32.326] [ARM-RX] [22] <7.40 -60.00 -8.90> result: 93.93 107.33 -72.46 -3.93 89.79 0.00
[09:46:32.326] [ARM-RX] [23] <7.40 -60.00 -8.90> result: 93.93 107.33 -72.46 -3.93 89.79 0.00
[09:46:32.326] [ARM-RX] [24] <7.40 -60.00 -8.90> result: 93.93 107.33 -72.46 -3.93 89.79 0.00
[09:46:32.327] [ARM-RX] [JETSON_RX
[09:46:32.379] [ARM-RX] ] vision dcx=0 dcy=0
[09:46:32.379] [ARM-RX] [TARGET] vision state=ALIGN enabled=1 dcx=0 dcy=0 stable=0
[09:46:32.386] [JETSON-TX] VISION dcx=0 dcy=0: FF 05 03 00 00 00 00 08 FE
[09:46:32.441] [ARM-RX] [JETSON_RX] vision dcx=0 dcy=0
[09:46:32.441] [ARM-RX] [TARGET] vision state=ALIGN enabled=1 dcx=0 dcy=0 stable=1
[09:46:32.587] [JETSON-TX] VISION dcx=0 dcy=0: FF 05 03 00 00 00 00 08 FE
[09:46:32.629] [ARM-RX] [JETSON_RX] vision dcx=0 dcy=0
[09:46:32.629] [ARM-RX] [TARGET] vision state=ALIGN enabled=1 dcx=0 dcy=0 stable=2
[09:46:32.662] [JETSON-RX] CC 02 01 DD
[09:46:32.662] [JETSON-STATUS] ALIGN_DONE: CC 02 01 DD
[09:46:32.662] [DEMO-ACTION] 已对准：请按住 P000 KEY 允许激光输出。
[09:46:32.692] [ARM-RX] [joint 1] ave_error:0.40
[09:46:32.692] [ARM-RX] [joint 2] ave_error:0.46
[09:46:32.692] [ARM-RX] [joint 3] ave_error:0.03
[09:46:32.692] [ARM-RX] [joint 4] ave_error:0.20
[09:46:32.692] [ARM-RX] [joint 5] ave_error:0.06
[09:46:32.693] [ARM-RX] robot pid run finished!!
[09:46:32.787] [JETSON-TX] VISION dcx=0 dcy=0: FF 05 03 00 00 00 00 08 FE
[09:46:32.816] [ARM-RX] [JETSON_RX] vision dcx=0 dcy=0
[09:46:32.816] [ARM-RX] [TARGET] vision state=CONFIRM enabled=1 dcx=0 dcy=0 stable=0
[09:46:32.988] [JETSON-TX] VISION dcx=0 dcy=0: FF 05 03 00 00 00 00 08 FE
[09:46:33.003] [ARM-RX] [JETSON_RX] vision dcx=0 dcy=0
[09:46:33.003] [ARM-RX] [TARGET] vision state=CONFIRM enabled=1 dcx=0 dcy=0 stable=0
[09:46:33.189] [JETSON-TX] VISION dcx=0 dcy=0: FF 05 03 00 00 00 00 08 FE
[09:46:33.252] [ARM-RX] [JETSON_RX] vision dcx=0 dcy=0
[09:46:33.252] [ARM-RX] [TARGET] vision state=CONFIRM enabled=1 dcx=0 dcy=0 stable=0
[09:46:33.390] [JETSON-TX] VISION dcx=0 dcy=0: FF 05 03 00 00 00 00 08 FE
[09:46:33.440] [ARM-RX] [JETSON_RX] vision dcx=0 dcy=0
[09:46:33.440] [ARM-RX] [TARGET] vision state=CONFIRM enabled=1 dcx=0 dcy=0 stable=0
[09:46:33.591] [JETSON-TX] VISION dcx=0 dcy=0: FF 05 03 00 00 00 00 08 FE
[09:46:33.628] [ARM-RX] [JETSON_RX] vision dcx=0 dcy=0
[09:46:33.628] [ARM-RX] [TARGET] vision state=CONFIRM enabled=1 dcx=0 dcy=0 stable=0
[09:46:33.792] [JETSON-TX] VISION dcx=0 dcy=0: FF 05 03 00 00 00 00 08 FE
[09:46:33.814] [ARM-RX] [JETSON_RX] vision dcx=0 dcy=0
[09:46:33.814] [ARM-RX] [TARGET] vision state=CONFIRM enabled=1 dcx=0 dcy=0 stable=0
[09:46:33.993] [JETSON-TX] VISION dcx=0 dcy=0: FF 05 03 00 00 00 00 08 FE
[09:46:34.065] [ARM-RX] [JETSON_RX] vision dcx=0 dcy=0
[09:46:34.065] [ARM-RX] [TARGET] vision state=CONFIRM enabled=1 dcx=0 dcy=0 stable=0
[09:46:34.193] [JETSON-TX] VISION dcx=0 dcy=0: FF 05 03 00 00 00 00 08 FE
[09:46:34.251] [ARM-RX] [JETSON_RX] vision dcx=0 dcy=0
[09:46:34.253] [ARM-RX] [TARGET] vision state=CONFIRM enabled=1 dcx=0 dcy=0 stable=0
[09:46:34.394] [JETSON-TX] VISION dcx=0 dcy=0: FF 05 03 00 00 00 00 08 FE
[09:46:34.438] [ARM-RX] [JETSON_RX] vision dcx=0 dcy=0
[09:46:34.438] [ARM-RX] [TARGET] vision state=CONFIRM enabled=1 dcx=0 dcy=0 stable=0
[09:46:34.595] [JETSON-TX] VISION dcx=0 dcy=0: FF 05 03 00 00 00 00 08 FE
[09:46:34.627] [ARM-RX] [JETSON_RX] vision dcx=0 dcy=0
[09:46:34.627] [ARM-RX] [TARGET] vision state=CONFIRM enabled=1 dcx=0 dcy=0 stable=0
[09:46:34.796] [JETSON-TX] VISION dcx=0 dcy=0: FF 05 03 00 00 00 00 08 FE
[09:46:34.874] [ARM-RX] [JETSON_RX] vision dcx=0 dcy=0
[09:46:34.874] [ARM-RX] [TARGET] vision state=CONFIRM enabled=1 dcx=0 dcy=0 stable=0
[09:46:34.997] [JETSON-TX] VISION dcx=0 dcy=0: FF 05 03 00 00 00 00 08 FE
[09:46:35.062] [ARM-RX] [JETSON_RX] vision dcx=0 dcy=0
[09:46:35.062] [ARM-RX] [TARGET] vision state=CONFIRM enabled=1 dcx=0 dcy=0 stable=0
[09:46:35.198] [JETSON-TX] VISION dcx=0 dcy=0: FF 05 03 00 00 00 00 08 FE
[09:46:35.250] [ARM-RX] [JETSON_RX] vision dcx=0 dcy=0
[09:46:35.250] [ARM-RX] [TARGET] vision state=CONFIRM enabled=1 dcx=0 dcy=0 stable=0
[09:46:35.399] [JETSON-TX] VISION dcx=0 dcy=0: FF 05 03 00 00 00 00 08 FE
[09:46:35.438] [ARM-RX] [JETSON_RX] vision dcx=0 dcy=0
[09:46:35.439] [ARM-RX] [TARGET] vision state=CONFIRM enabled=1 dcx=0 dcy=0 stable=0
[09:46:35.600] [JETSON-TX] VISION dcx=0 dcy=0: FF 05 03 00 00 00 00 08 FE
[09:46:35.625] [ARM-RX] [JETSON_RX] vision dcx=0 dcy=0
[09:46:35.625] [ARM-RX] [TARGET] vision state=CONFIRM enabled=1 dcx=0 dcy=0 stable=0
[09:46:35.801] [JETSON-TX] VISION dcx=0 dcy=0: FF 05 03 00 00 00 00 08 FE
[09:46:35.873] [ARM-RX] [JETSON_RX] vision dcx=0 dcy=0
[09:46:35.873] [ARM-RX] [TARGET] vision state=CONFIRM enabled=1 dcx=0 dcy=0 stable=0
[09:46:36.003] [JETSON-TX] VISION dcx=0 dcy=0: FF 05 03 00 00 00 00 08 FE
[09:46:36.060] [ARM-RX] [JETSON_RX] vision dcx=0 dcy=0
[09:46:36.060] [ARM-RX] [TARGET] vision state=CONFIRM enabled=1 dcx=0 dcy=0 stable=0
[09:46:36.204] [JETSON-TX] VISION dcx=0 dcy=0: FF 05 03 00 00 00 00 08 FE
[09:46:36.248] [ARM-RX] [JETSON_RX] vision dcx=0 dcy=0
[09:46:36.248] [ARM-RX] [TARGET] vision state=CONFIRM enabled=1 dcx=0 dcy=0 stable=0
[09:46:36.405] [JETSON-TX] VISION dcx=0 dcy=0: FF 05 03 00 00 00 00 08 FE
[09:46:36.437] [ARM-RX] [JETSON_RX] vision dcx=0 dcy=0
[09:46:36.437] [ARM-RX] [TARGET] vision state=CONFIRM enabled=1 dcx=0 dcy=0 stable=0
[09:46:36.483] [JETSON-RX] CC 03 01 DD
[09:46:36.484] [JETSON-STATUS] OUTPUT_ON: CC 03 01 DD
[09:46:36.484] [DEMO-ACTION] 激光已输出：需要关闭时松开 P000 KEY。
[09:46:36.606] [JETSON-TX] VISION dcx=0 dcy=0: FF 05 03 00 00 00 00 08 FE
[09:46:36.622] [ARM-RX] [JETSON_RX] vision dcx=0 dcy=0
[09:46:36.622] [ARM-RX] [TARGET] vision state=OUTPUT enabled=1 dcx=0 dcy=0 stable=0
[09:46:36.807] [JETSON-TX] VISION dcx=0 dcy=0: FF 05 03 00 00 00 00 08 FE
[09:46:36.872] [ARM-RX] [JETSON_RX] vision dcx=0 dcy=0
[09:46:36.872] [ARM-RX] [TARGET] vision state=OUTPUT enabled=1 dcx=0 dcy=0 stable=0
[09:46:37.008] [JETSON-TX] VISION dcx=0 dcy=0: FF 05 03 00 00 00 00 08 FE
[09:46:37.059] [ARM-RX] [JETSON_RX] vision dcx=0 dcy=0
[09:46:37.059] [ARM-RX] [TARGET] vision state=OUTPUT enabled=1 dcx=0 dcy=0 stable=0
[09:46:37.209] [JETSON-TX] VISION dcx=0 dcy=0: FF 05 03 00 00 00 00 08 FE
[09:46:37.247] [ARM-RX] [JETSON_RX] vision dcx=0 dcy=0
[09:46:37.247] [ARM-RX] [TARGET] vision state=OUTPUT enabled=1 dcx=0 dcy=0 stable=0
[09:46:37.409] [JETSON-TX] VISION dcx=0 dcy=0: FF 05 03 00 00 00 00 08 FE
[09:46:37.436] [ARM-RX] [JETSON_RX] vision dcx=0 dcy=0
[09:46:37.436] [ARM-RX] [TARGET] vision state=OUTPUT enabled=1 dcx=0 dcy=0 stable=0
[09:46:37.610] [JETSON-TX] VISION dcx=0 dcy=0: FF 05 03 00 00 00 00 08 FE
[09:46:37.684] [ARM-RX] [JETSON_RX] vision dcx=0 dcy=0
[09:46:37.684] [ARM-RX] [TARGET] vision state=OUTPUT enabled=1 dcx=0 dcy=0 stable=0
[09:46:37.811] [JETSON-TX] VISION dcx=0 dcy=0: FF 05 03 00 00 00 00 08 FE
[09:46:37.871] [ARM-RX] [JETSON_RX] vision dcx=0 dcy=0
[09:46:37.871] [ARM-RX] [TARGET] vision state=OUTPUT enabled=1 dcx=0 dcy=0 stable=0
[09:46:38.012] [JETSON-TX] VISION dcx=0 dcy=0: FF 05 03 00 00 00 00 08 FE
[09:46:38.059] [ARM-RX] [JETSON_RX] vision dcx=0 dcy=0
[09:46:38.060] [ARM-RX] [TARGET] vision state=OUTPUT enabled=1 dcx=0 dcy=0 stable=0
[09:46:38.590] [JETSON-RX] CC 03 00 DD
[09:46:38.590] [JETSON-STATUS] OUTPUT_OFF: CC 03 00 DD
[09:46:38.590] [JETSON-INFO] 已停止周期视觉发送
[09:46:38.591] [JETSON-TX] TARGET_CTRL_STOP: AA 01 00 BB
[09:46:38.591] [DEMO-INFO] 检测到 OUTPUT_OFF，演示流程结束。
[09:46:38.622] [ARM-RX] [JETSON_RX] target_ctrl=0
[09:46:38.667] [JETSON-RX] CC 04 00 DD
[09:46:38.667] [JETSON-STATUS] TARGET_CTRL_OFF: CC 04 00 DD
[09:46:55.123] [JETSON-TX] TARGET_CTRL_STOP: AA 01 00 BB
[09:46:55.154] [ARM-RX] [JETSON_RX] target_ctrl=0
[09:46:55.201] [JETSON-RX] CC 04 00 DD
[09:46:55.201] [JETSON-STATUS] TARGET_CTRL_OFF: CC 04 00 DD
[09:46:59.662] [JETSON-TX] TARGET_CTRL_STOP: AA 01 00 BB
[09:46:59.722] [JETSON-RX] CC 04 00 DD
[09:46:59.722] [JETSON-STATUS] TARGET_CTRL_OFF: CC 04 00 DD
[09:46:59.769] [ARM-RX] [JETSON_RX] target_ctrl=0
[09:47:00.312] [JETSON-TX] TARGET_CTRL_STOP: AA 01 00 BB
[09:47:00.328] [ARM-RX] [JETSON_RX] target_ctrl=0
[09:47:00.377] [JETSON-RX] CC 04 00 DD
[09:47:00.377] [JETSON-STATUS] TARGET_CTRL_OFF: CC 04 00 DD
[09:47:01.093] [JETSON-TX] TARGET_CTRL_STOP: AA 01 00 BB
[09:47:01.135] [ARM-RX] [JETSON_RX] target_ctrl=0
[09:47:01.167] [JETSON-RX] CC 04 00 DD
[09:47:01.167] [JETSON-STATUS] TARGET_CTRL_OFF: CC 04 00 DD
[09:47:06.442] [ARM-TX] 发送命令 soft_reset: soft_reset
[09:47:06.563] [ARM-RX] Found handler for 'soft_reset', executing...
[09:47:06.564] [ARM-RX] ROBOT_SOFT_RESET_EVENT
[09:47:06.564] [ARM-RX] --- Starting soft reset ---
[09:47:06.748] [ARM-RX] Soft reset motors enabled (J1~J5, J6 skipped).
[09:47:06.749] [ARM-RX] Soft resetting joint 4...
[09:47:06.811] [ARM-RX] robot_update_current_angle 4...
[09:47:06.811] [ARM-RX] [4] current:89.78, target:90.00, dir:1
[09:47:06.935] [ARM-RX] Soft resetting joint 3...
[09:47:06.935] [ARM-RX] robot_update_current_angle 3...
[09:47:06.935] [ARM-RX] [3] current:-3.82, target:0.00, dir:1
[09:47:07.683] [ARM-RX] Soft resetting joint 1...
[09:47:07.683] [ARM-RX] robot_update_current_angle 1...
[09:47:07.683] [ARM-RX] [1] current:107.01, target:90.00, dir:-1
[09:47:09.431] [ARM-RX] soft reset joint 1 settle timeout, keep going
[09:47:09.431] [ARM-RX] Soft resetting joint 2...
[09:47:09.431] [ARM-RX] robot_update_current_angle 2...
[09:47:09.431] [ARM-RX] [2] current:-72.43, target:-90.00, dir:-1
[09:47:11.051] [ARM-RX] soft reset joint 2 settle timeout, keep going
[09:47:11.051] [ARM-RX] Soft resetting joint 0...
[09:47:11.051] [ARM-RX] robot_update_current_angle 0...
[09:47:11.051] [ARM-RX] [0] current:93.60, target:90.00, dir:-1
[09:47:11.806] [ARM-RX] soft reset final verify PASS (issues:2), pose set HOME.
[09:47:14.084] [JETSON-TX] TARGET_CTRL_START: AA 01 01 BB
[09:47:14.119] [ARM-RX] [JETSON_RX] target_ctrl=1
[09:47:14.119] [ARM-RX] ROBOT_AUTO_EVENT
[09:47:14.120] [ARM-RX] [0] <0.00 0.00 0.00> result: 90.00 90.00 -90.00 0.00 90.00 0.00
[09:47:14.120] [ARM-RX] [1] <0.00 -0.00 -0.00> result: 90.00 90.00 -90.00 0.00 90.00 0.00
[09:47:14.120] [ARM-RX] [2] <0.00 -0.00 -0.00> result: 90.00 90.00 -90.00 0.00 90.00 0.0
[09:47:14.151] [JETSON-RX] CC 04 01 DD
[09:47:14.151] [JETSON-STATUS] TARGET_CTRL_ON: CC 04 01 DD
[09:47:14.151] [ARM-RX] 0
[09:47:14.152] [ARM-RX] [3] <0.00 -0.01 -0.00> result: 90.00 90.00 -90.00 0.00 90.00 0.00
[09:47:14.152] [ARM-RX] [4] <0.00 -0.02 -0.00> result: 90.00 90.01 -90.00 0.00 90.00 0.00
[09:47:14.152] [ARM-RX] [5] <0.00 -0.03 -0.00> result: 90.00 90.01 -89.99 0.00 90.00 0.00
[09:47:14.152] [ARM-RX] [6] <0.00 -0.05 -0.00> result: 90.00 90.02 -89.99 0.
[09:47:14.170] [ARM-RX] 00 90.00 0.00
[09:47:14.170] [ARM-RX] [7] <0.00 -0.07 -0.00> result: 90.00 90.02 -89.98 0.00 90.00 0.00
[09:47:14.171] [ARM-RX] [8] <0.00 -0.11 -0.00> result: 90.00 90.03 -89.97 0.00 90.00 0.00
[09:47:14.171] [ARM-RX] [9] <0.00 -0.15 -0.00> result: 90.00 90.05 -89.96 0.00 90.00 0.00
[09:47:14.171] [ARM-RX] [10] <0.00 -0.20 -0.01> result: 90.00 90
[09:47:14.193] [ARM-RX] .06 -89.94 0.00 90.01 0.00
[09:47:14.193] [ARM-RX] [11] <0.00 -0.27 -0.01> result: 90.00 90.08 -89.92 0.00 90.01 0.00
[09:47:14.193] [ARM-RX] [12] <0.00 -0.34 -0.01> result: 90.00 90.11 -89.90 0.00 90.01 0.00
[09:47:14.193] [ARM-RX] [13] <0.00 -0.43 -0.01> result: 90.00 90.14 -89.88 0.00 90.01 0.00
[09:47:14.195] [ARM-RX] [14] <0.00 -0.54 -0.01>
[09:47:14.220] [ARM-RX] result: 90.00 90.17 -89.85 0.00 90.02 0.00
[09:47:14.221] [ARM-RX] [15] <0.00 -0.65 -0.02> result: 90.00 90.20 -89.81 0.00 90.02 0.00
[09:47:14.221] [ARM-RX] [16] <0.00 -0.79 -0.02> result: 90.00 90.25 -89.78 0.00 90.02 0.00
[09:47:14.221] [ARM-RX] [17] <0.00 -0.94 -0.02> result: 90.00 90.29 -89.73 0.00 90.03 0.00
[09:47:14.221] [ARM-RX] [18] <0.
[09:47:14.239] [ARM-RX] 00 -1.10 -0.03> result: 90.00 90.34 -89.69 0.00 90.03 0.00
[09:47:14.240] [ARM-RX] [19] <0.00 -1.29 -0.03> result: 90.00 90.40 -89.63 0.00 90.03 0.00
[09:47:14.240] [ARM-RX] [20] <0.00 -1.49 -0.04> result: 90.00 90.46 -89.57 0.00 90.04 0.00
[09:47:14.241] [ARM-RX] [21] <0.00 -1.72 -0.04> result: 90.00 90.53 -89.51 0.00 90.0
[09:47:14.261] [ARM-RX] 4 0.00
[09:47:14.262] [ARM-RX] [22] <0.00 -1.97 -0.05> result: 90.00 90.61 -89.44 0.00 90.05 0.00
[09:47:14.262] [ARM-RX] [23] <0.00 -2.23 -0.06> result: 90.00 90.69 -89.36 0.00 90.05 0.00
[09:47:14.262] [ARM-RX] [24] <0.00 -2.52 -0.06> result: 90.00 90.77 -89.28 0.00 90.05 0.00
[09:47:14.262] [ARM-RX] [25] <0.00 -2.84 -0.07> result: 90.00 90.87
[09:47:14.285] [ARM-RX] -89.19 0.00 90.06 0.00
[09:47:14.285] [ARM-RX] [26] <0.00 -3.17 -0.08> result: 90.00 90.97 -89.10 0.00 90.06 0.00
[09:47:14.285] [ARM-RX] [27] <0.00 -3.53 -0.09> result: 90.00 91.07 -88.99 0.00 90.06 0.00
[09:47:14.285] [ARM-RX] [28] <0.00 -3.92 -0.10> result: 90.00 91.18 -88.88 0.00 90.07 0.00
[09:47:14.286] [ARM-RX] [29] <0.00 -4.33 -0.11> resu
[09:47:14.320] [ARM-RX] lt: 90.00 91.30 -88.76 0.00 90.07 0.00
[09:47:14.322] [ARM-RX] [30] <0.00 -4.77 -0.12> result: 90.00 91.43 -88.64 0.00 90.07 0.00
[09:47:14.322] [ARM-RX] [31] <0.00 -5.23 -0.13> result: 90.00 91.56 -88.51 0.00 90.07 0.00
[09:47:14.322] [ARM-RX] [32] <0.00 -5.72 -0.14> result: 90.00 91.70 -88.37 0.00 90.07 0.00
[09:47:14.322] [ARM-RX] [33] <0.00 -
[09:47:14.344] [ARM-RX] 6.24 -0.16> result: 90.00 91.85 -88.22 0.00 90.06 0.00
[09:47:14.344] [ARM-RX] [34] <0.00 -6.79 -0.17> result: 90.00 92.00 -88.06 0.00 90.06 0.00
[09:47:14.345] [ARM-RX] [35] <0.00 -7.36 -0.18> result: 90.00 92.16 -87.89 0.00 90.05 0.00
[09:47:14.345] [ARM-RX] [36] <0.00 -7.96 -0.20> result: 90.00 92.32 -87.72 0.00 90.04 0.
[09:47:14.364] [ARM-RX] 00
[09:47:14.365] [ARM-RX] [37] <0.00 -8.60 -0.21> result: 90.00 92.49 -87.54 0.00 90.03 0.00
[09:47:14.365] [ARM-RX] [38] <0.00 -9.26 -0.23> result: 90.00 92.67 -87.35 0.00 90.02 0.00
[09:47:14.365] [ARM-RX] [39] <0.00 -9.95 -0.25> result: 90.00 92.85 -87.15 0.00 90.00 0.00
[09:47:14.365] [ARM-RX] [40] <0.00 -10.67 -0.27> result: 90.00 93.04 -86
[09:47:14.387] [ARM-RX] .94 0.00 89.98 0.00
[09:47:14.388] [ARM-RX] [41] <0.00 -11.42 -0.29> result: 90.00 93.24 -86.72 0.00 89.96 0.00
[09:47:14.388] [ARM-RX] [42] <0.00 -12.20 -0.30> result: 90.00 93.44 -86.50 0.00 89.93 0.00
[09:47:14.388] [ARM-RX] [43] <0.00 -13.01 -0.33> result: 90.00 93.64 -86.26 0.00 89.91 0.00
[09:47:14.388] [ARM-RX] [44] <0.00 -13.85 -0.35> res
[09:47:14.410] [ARM-RX] ult: 90.00 93.85 -86.02 0.00 89.87 0.00
[09:47:14.411] [ARM-RX] [45] <0.00 -14.72 -0.37> result: 90.00 94.07 -85.77 0.00 89.84 0.00
[09:47:14.411] [ARM-RX] [46] <0.00 -15.62 -0.39> result: 90.00 94.29 -85.51 0.00 89.80 0.00
[09:47:14.411] [ARM-RX] [47] <0.00 -16.55 -0.41> result: 90.00 94.52 -85.24 0.00 89.75 0.00
[09:47:14.411] [ARM-RX] [48] <0.
[09:47:14.432] [ARM-RX] 00 -17.51 -0.44> result: 90.00 94.75 -84.96 0.00 89.70 0.00
[09:47:14.434] [ARM-RX] [49] <0.00 -18.49 -0.46> result: 90.00 94.98 -84.67 0.00 89.65 0.00
[09:47:14.434] [ARM-RX] [50] <0.00 -19.51 -0.49> result: 90.00 95.22 -84.37 0.00 89.59 0.00
[09:47:14.434] [ARM-RX] [51] <0.00 -20.56 -0.51> result: 90.00 95.47 -84.06 0.00
[09:47:14.457] [ARM-RX] 89.53 0.00
[09:47:14.457] [ARM-RX] [52] <0.00 -21.64 -0.54> result: 90.00 95.71 -83.75 0.00 89.46 0.00
[09:47:14.457] [ARM-RX] [53] <0.00 -22.74 -0.57> result: 90.00 95.97 -83.43 0.00 89.39 0.00
[09:47:14.457] [ARM-RX] [54] <0.00 -23.88 -0.60> result: 90.00 96.22 -83.09 0.00 89.32 0.00
[09:47:14.458] [ARM-RX] [55] <0.00 -25.04 -0.63> result: 90.0
[09:47:14.480] [ARM-RX] 0 96.48 -82.75 0.00 89.23 0.00
[09:47:14.480] [ARM-RX] [56] <0.00 -26.23 -0.66> result: 90.00 96.74 -82.40 0.00 89.15 0.00
[09:47:14.480] [ARM-RX] [57] <0.00 -27.44 -0.69> result: 90.00 97.01 -82.05 0.00 89.06 0.00
[09:47:14.480] [ARM-RX] [58] <0.00 -28.68 -0.72> result: 90.00 97.28 -81.68 0.00 88.96 0.00
[09:47:14.480] [ARM-RX] [59] <0.00 -29.95
[09:47:14.513] [ARM-RX] -0.75> result: 90.00 97.55 -81.31 0.00 88.86 0.00
[09:47:14.514] [ARM-RX] [60] <0.00 -31.25 -0.78> result: 90.00 97.83 -80.92 0.00 88.75 0.00
[09:47:14.514] [ARM-RX] [61] <0.00 -32.57 -0.81> result: 90.00 98.10 -80.53 0.00 88.64 0.00
[09:47:14.514] [ARM-RX] [62] <0.00 -33.91 -0.85> result: 90.00 98.39 -80.14 0.00 88.52 0.0
[09:47:14.536] [ARM-RX] 0
[09:47:14.536] [ARM-RX] [63] <0.00 -35.28 -0.88> result: 90.00 98.67 -79.73 0.00 88.40 0.00
[09:47:14.536] [ARM-RX] [64] <0.00 -36.67 -0.92> result: 90.00 98.95 -79.32 0.00 88.27 0.00
[09:47:14.537] [ARM-RX] [65] <0.00 -38.08 -0.95> result: 90.00 99.24 -78.90 0.00 88.14 0.00
[09:47:14.537] [ARM-RX] [66] <0.00 -39.51 -0.99> result: 90.00 99.53 -
[09:47:14.559] [ARM-RX] 78.47 0.00 88.00 0.00
[09:47:14.559] [ARM-RX] [67] <0.00 -40.97 -1.02> result: 90.00 99.82 -78.04 0.00 87.86 0.00
[09:47:14.560] [ARM-RX] [68] <0.00 -42.44 -1.06> result: 90.00 100.11 -77.60 0.00 87.71 0.00
[09:47:14.560] [ARM-RX] [69] <0.00 -43.94 -1.10> result: 90.00 100.41 -77.15 0.00 87.56 0.00
[09:47:14.560] [ARM-RX] [70] <0.00 -45.45 -1.14>
[09:47:14.585] [ARM-RX] result: 90.00 100.70 -76.70 0.00 87.41 0.00
[09:47:14.586] [ARM-RX] [71] <0.00 -46.98 -1.17> result: 90.00 101.00 -76.24 0.00 87.25 0.00
[09:47:14.586] [ARM-RX] [72] <0.00 -48.53 -1.21> result: 90.00 101.30 -75.78 0.00 87.08 0.00
[09:47:14.586] [ARM-RX] [73] <0.00 -50.09 -1.25> result: 90.00 101.60 -75.31 0.00 86.91 0.00
[09:47:14.605] [ARM-RX] [74] <0.00 -51.67 -1.29> result: 90.00 101.90 -74.84 0.00 86.74 0.00
[09:47:14.605] [ARM-RX] [75] <0.00 -53.26 -1.33> result: 90.00 102.20 -74.36 0.00 86.56 0.00
[09:47:14.605] [ARM-RX] [76] <0.00 -54.86 -1.37> result: 90.00 102.51 -73.87 0.00 86.38 0.00
[09:47:14.606] [ARM-RX] [77] <0.00 -56.48 -1.41> result: 90.00 102.81
[09:47:14.628] [ARM-RX] -73.39 0.00 86.20 0.00
[09:47:14.628] [ARM-RX] [78] <0.00 -58.11 -1.45> result: 90.00 103.11 -72.89 0.00 86.01 0.00
[09:47:14.628] [ARM-RX] [79] <0.00 -59.75 -1.49> result: 90.00 103.42 -72.40 0.00 85.82 0.00
[09:47:14.628] [ARM-RX] [80] <0.00 -60.00 -1.50> result: 90.00 103.47 -72.32 0.00 85.79 0.00
[09:47:14.628] [ARM-RX] [81] <0.00 -60.00 -1.5
[09:47:14.652] [ARM-RX] 0> result: 90.00 103.47 -72.32 0.00 85.79 0.00
[09:47:14.652] [ARM-RX] [82] <0.00 -60.00 -1.50> result: 90.00 103.47 -72.32 0.00 85.79 0.00
[09:47:14.652] [ARM-RX] [83] <0.00 -60.00 -1.50> result: 90.00 103.47 -72.32 0.00 85.79 0.00
[09:47:14.652] [ARM-RX] [84] <0.00 -60.00 -1.50> result: 90.00 103.47 -72.32 0.00 85.79 0.00
[09:47:14.686] [ARM-RX] [85] <0.00 -60.00 -1.50> result: 90.00 103.47 -72.32 0.00 85.79 0.00
[09:47:14.686] [ARM-RX] [86] <0.00 -60.00 -1.50> result: 90.00 103.47 -72.32 0.00 85.79 0.00
[09:47:14.686] [ARM-RX] [87] <0.00 -60.00 -1.50> result: 90.00 103.47 -72.32 0.00 85.79 0.00
[09:47:14.686] [ARM-RX] [88] <0.00 -60.00 -1.50> result: 90.00 103.4
[09:47:14.710] [ARM-RX] 7 -72.32 0.00 85.79 0.00
[09:47:14.710] [ARM-RX] [89] <0.00 -60.00 -1.50> result: 90.00 103.47 -72.32 0.00 85.79 0.00
[09:47:14.710] [ARM-RX] [90] <0.00 -60.00 -1.50> result: 90.00 103.47 -72.32 0.00 85.79 0.00
[09:47:14.711] [ARM-RX] [91] <0.00 -60.00 -1.50> result: 90.00 103.47 -72.32 0.00 85.79 0.00
[09:47:14.711] [ARM-RX] [92] <0.00 -60.00 -1
[09:47:14.731] [ARM-RX] .50> result: 90.00 103.47 -72.32 0.00 85.79 0.00
[09:47:14.731] [ARM-RX] [93] <0.00 -60.00 -1.50> result: 90.00 103.47 -72.32 0.00 85.79 0.00
[09:47:14.731] [ARM-RX] [94] <0.00 -60.00 -1.50> result: 90.00 103.47 -72.32 0.00 85.79 0.00
[09:47:14.731] [ARM-RX] [95] <0.00 -60.00 -1.50> result: 90.00 103.47 -72.32 0.00 85.79 0.
[09:47:14.754] [ARM-RX] 00
[09:47:14.754] [ARM-RX] [96] <0.00 -60.00 -1.50> result: 90.00 103.47 -72.32 0.00 85.79 0.00
[09:47:14.754] [ARM-RX] [97] <0.00 -60.00 -1.50> result: 90.00 103.47 -72.32 0.00 85.79 0.00
[09:47:14.754] [ARM-RX] [98] <0.00 -60.00 -1.50> result: 90.00 103.47 -72.32 0.00 85.79 0.00
[09:47:14.756] [ARM-RX] [99] <0.00 -60.00 -1.50> result: 90.00 103
[09:47:14.779] [ARM-RX] .47 -72.32 0.00 85.79 0.00
[09:47:14.779] [ARM-RX] [100] <0.00 -60.00 -1.50> result: 90.00 103.47 -72.32 0.00 85.79 0.00
[09:47:14.780] [ARM-RX] [101] <0.00 -60.00 -1.50> result: 90.00 103.47 -72.32 0.00 85.79 0.00
[09:47:14.780] [ARM-RX] [102] <0.00 -60.00 -1.50> result: 90.00 103.47 -72.32 0.00 85.79 0.00
[09:47:14.780] [ARM-RX] [103] <0.00 -60
[09:47:14.801] [ARM-RX] .00 -1.50> result: 90.00 103.47 -72.32 0.00 85.79 0.00
[09:47:14.802] [ARM-RX] [104] <0.00 -60.00 -1.50> result: 90.00 103.47 -72.32 0.00 85.79 0.00
[09:47:14.802] [ARM-RX] [105] <0.00 -60.00 -1.50> result: 90.00 103.47 -72.32 0.00 85.79 0.00
[09:47:14.802] [ARM-RX] [106] <0.00 -60.00 -1.50> result: 90.00 103.47 -72.32 0.00
[09:47:14.823] [ARM-RX] 85.79 0.00
[09:47:14.823] [ARM-RX] [107] <0.00 -60.00 -1.50> result: 90.00 103.47 -72.32 0.00 85.79 0.00
[09:47:14.824] [ARM-RX] [108] <0.00 -60.00 -1.50> result: 90.00 103.47 -72.32 0.00 85.79 0.00
[09:47:14.824] [ARM-RX] [109] <0.00 -60.00 -1.50> result: 90.00 103.47 -72.32 0.00 85.79 0.00
[09:47:14.824] [ARM-RX] [110] <0.00 -60.00 -1.50> resu
[09:47:14.846] [ARM-RX] lt: 90.00 103.47 -72.32 0.00 85.79 0.00
[09:47:14.846] [ARM-RX] [111] <0.00 -60.00 -1.50> result: 90.00 103.47 -72.32 0.00 85.79 0.00
[09:47:14.847] [ARM-RX] [112] <0.00 -60.00 -1.50> result: 90.00 103.47 -72.32 0.00 85.79 0.00
[09:47:14.847] [ARM-RX] [113] <0.00 -60.00 -1.50> result: 90.00 103.47 -72.32 0.00 85.79 0.00
[09:47:14.847] [ARM-RX] [1
[09:47:14.880] [ARM-RX] 14] <0.00 -60.00 -1.50> result: 90.00 103.47 -72.32 0.00 85.79 0.00
[09:47:14.880] [ARM-RX] [115] <0.00 -60.00 -1.50> result: 90.00 103.47 -72.32 0.00 85.79 0.00
[09:47:14.880] [ARM-RX] [116] <0.00 -60.00 -1.50> result: 90.00 103.47 -72.32 0.00 85.79 0.00
[09:47:14.882] [ARM-RX] [117] <0.00 -60.00 -1.50> result: 90.00 103.4
[09:47:14.904] [ARM-RX] 7 -72.32 0.00 85.79 0.00
[09:47:14.904] [ARM-RX] [118] <0.00 -60.00 -1.50> result: 90.00 103.47 -72.32 0.00 85.79 0.00
[09:47:14.904] [ARM-RX] [119] <0.00 -60.00 -1.50> result: 90.00 103.47 -72.32 0.00 85.79 0.00
[09:47:14.904] [ARM-RX] [120] <0.00 -60.00 -1.50> result: 90.00 103.47 -72.32 0.00 85.79 0.00
[09:47:14.905] [ARM-RX] [121] <0.00 -60.0
[09:47:14.926] [ARM-RX] 0 -1.50> result: 90.00 103.47 -72.32 0.00 85.79 0.00
[09:47:14.926] [ARM-RX] [122] <0.00 -60.00 -1.50> result: 90.00 103.47 -72.32 0.00 85.79 0.00
[09:47:14.927] [ARM-RX] [123] <0.00 -60.00 -1.50> result: 90.00 103.47 -72.32 0.00 85.79 0.00
[09:47:14.927] [ARM-RX] [124] <0.00 -60.00 -1.50> result: 90.00 103.47 -72.32 0.00 8
[09:47:14.949] [ARM-RX] 5.79 0.00
[09:47:14.950] [ARM-RX] [125] <0.00 -60.00 -1.50> result: 90.00 103.47 -72.32 0.00 85.79 0.00
[09:47:14.950] [ARM-RX] [126] <0.00 -60.00 -1.50> result: 90.00 103.47 -72.32 0.00 85.79 0.00
[09:47:14.950] [ARM-RX] [127] <0.00 -60.00 -1.50> result: 90.00 103.47 -72.32 0.00 85.79 0.00
[09:47:14.950] [ARM-RX] [128] <0.00 -60.00 -1.50> result
[09:47:14.972] [ARM-RX] : 90.00 103.47 -72.32 0.00 85.79 0.00
[09:47:14.972] [ARM-RX] [129] <0.00 -60.00 -1.50> result: 90.00 103.47 -72.32 0.00 85.79 0.00
[09:47:14.972] [ARM-RX] [130] <0.00 -60.00 -1.50> result: 90.00 103.47 -72.32 0.00 85.79 0.00
[09:47:14.973] [ARM-RX] [131] <0.00 -60.00 -1.50> result: 90.00 103.47 -72.32 0.00 85.79 0.00
[09:47:14.973] [ARM-RX] [132
[09:47:14.995] [ARM-RX] ] <0.00 -60.00 -1.50> result: 90.00 103.47 -72.32 0.00 85.79 0.00
[09:47:14.995] [ARM-RX] [133] <0.00 -60.00 -1.50> result: 90.00 103.47 -72.32 0.00 85.79 0.00
[09:47:14.995] [ARM-RX] [134] <0.00 -60.00 -1.50> result: 90.00 103.47 -72.32 0.00 85.79 0.00
[09:47:14.995] [ARM-RX] [135] <0.00 -60.00 -1.50> result: 90.00 103.47
[09:47:15.018] [ARM-RX] -72.32 0.00 85.79 0.00
[09:47:15.018] [ARM-RX] [136] <0.00 -60.00 -1.50> result: 90.00 103.47 -72.32 0.00 85.79 0.00
[09:47:15.018] [ARM-RX] [137] <0.00 -60.00 -1.50> result: 90.00 103.47 -72.32 0.00 85.79 0.00
[09:47:15.018] [ARM-RX] [138] <0.00 -60.00 -1.50> result: 90.00 103.47 -72.32 0.00 85.79 0.00
[09:47:15.020] [ARM-RX] [139] <0.00 -60.00
[09:47:15.053] [ARM-RX] -1.50> result: 90.00 103.47 -72.32 0.00 85.79 0.00
[09:47:15.053] [ARM-RX] [140] <0.00 -60.00 -1.50> result: 90.00 103.47 -72.32 0.00 85.79 0.00
[09:47:15.053] [ARM-RX] [141] <0.00 -60.00 -1.50> result: 90.00 103.47 -72.32 0.00 85.79 0.00
[09:47:15.053] [ARM-RX] [142] <0.00 -60.00 -1.50> result: 90.00 103.47 -72.32 0.00 85.
[09:47:15.075] [ARM-RX] 79 0.00
[09:47:15.075] [ARM-RX] [143] <0.00 -60.00 -1.50> result: 90.00 103.47 -72.32 0.00 85.79 0.00
[09:47:15.076] [ARM-RX] [144] <0.00 -60.00 -1.50> result: 90.00 103.47 -72.32 0.00 85.79 0.00
[09:47:15.076] [ARM-RX] [145] <0.00 -60.00 -1.50> result: 90.00 103.47 -72.32 0.00 85.79 0.00
[09:47:15.077] [ARM-RX] [146] <0.00 -60.00 -1.50> result:
[09:47:15.098] [ARM-RX] 90.00 103.47 -72.32 0.00 85.79 0.00
[09:47:15.098] [ARM-RX] [147] <0.00 -60.00 -1.50> result: 90.00 103.47 -72.32 0.00 85.79 0.00
[09:47:15.099] [ARM-RX] [148] <0.00 -60.00 -1.50> result: 90.00 103.47 -72.32 0.00 85.79 0.00
[09:47:15.099] [ARM-RX] [149] <0.00 -60.00 -1.50> result: 90.00 103.47 -72.32 0.00 85.79 0.00
[09:47:15.099] [ARM-RX] [150]
[09:47:15.122] [ARM-RX] <0.00 -60.00 -1.50> result: 90.00 103.47 -72.32 0.00 85.79 0.00
[09:47:15.123] [ARM-RX] [151] <0.00 -60.00 -1.50> result: 90.00 103.47 -72.32 0.00 85.79 0.00
[09:47:15.123] [ARM-RX] [152] <0.00 -60.00 -1.50> result: 90.00 103.47 -72.32 0.00 85.79 0.00
[09:47:15.123] [ARM-RX] [153] <0.00 -60.00 -1.50> result: 90.00 103.47 -7
[09:47:15.147] [ARM-RX] 2.32 0.00 85.79 0.00
[09:47:15.147] [ARM-RX] [154] <0.00 -60.00 -1.50> result: 90.00 103.47 -72.32 0.00 85.79 0.00
[09:47:15.147] [ARM-RX] [155] <0.00 -60.00 -1.50> result: 90.00 103.47 -72.32 0.00 85.79 0.00
[09:47:15.148] [ARM-RX] [156] <0.00 -60.00 -1.50> result: 90.00 103.47 -72.32 0.00 85.79 0.00
[09:47:15.148] [ARM-RX] [157] <0.00 -60.00 -1
[09:47:15.168] [ARM-RX] .50> result: 90.00 103.47 -72.32 0.00 85.79 0.00
[09:47:15.168] [ARM-RX] [158] <0.00 -60.00 -1.50> result: 90.00 103.47 -72.32 0.00 85.79 0.00
[09:47:15.172] [ARM-RX] [159] <0.00 -60.00 -1.50> result: 90.00 103.47 -72.32 0.00 85.79 0.00
[09:47:15.172] [ARM-RX] [160] <0.00 -60.00 -1.50> result: 90.00 103.47 -72.32 0.00 85.79
[09:47:15.189] [ARM-RX] 0.00
[09:47:15.189] [ARM-RX] [161] <0.00 -60.00 -1.50> result: 90.00 103.47 -72.32 0.00 85.79 0.00
[09:47:15.190] [ARM-RX] [162] <0.00 -60.00 -1.50> result: 90.00 103.47 -72.32 0.00 85.79 0.00
[09:47:15.190] [ARM-RX] [163] <0.00 -60.00 -1.50> result: 90.00 103.47 -72.32 0.00 85.79 0.00
[09:47:15.190] [ARM-RX] [164] <0.00 -60.00 -1.50> result: 90
[09:47:15.213] [ARM-RX] .00 103.47 -72.32 0.00 85.79 0.00
[09:47:15.213] [ARM-RX] [165] <0.00 -60.00 -1.50> result: 90.00 103.47 -72.32 0.00 85.79 0.00
[09:47:15.214] [ARM-RX] [166] <0.00 -60.00 -1.50> result: 90.00 103.47 -72.32 0.00 85.79 0.00
[09:47:15.214] [ARM-RX] [167] <0.00 -60.00 -1.50> result: 90.00 103.47 -72.32 0.00 85.79 0.00
[09:47:15.214] [ARM-RX] [168] <0
[09:47:15.247] [ARM-RX] .00 -60.00 -1.50> result: 90.00 103.47 -72.32 0.00 85.79 0.00
[09:47:15.247] [ARM-RX] [169] <0.00 -60.00 -1.50> result: 90.00 103.47 -72.32 0.00 85.79 0.00
[09:47:15.248] [ARM-RX] [170] <0.00 -60.00 -1.50> result: 90.00 103.47 -72.32 0.00 85.79 0.00
[09:47:15.248] [ARM-RX] [171] <0.00 -60.00 -1.50> result: 90.00 103.47 -72.
[09:47:15.271] [ARM-RX] 32 0.00 85.79 0.00
[09:47:15.271] [ARM-RX] [172] <0.00 -60.00 -1.50> result: 90.00 103.47 -72.32 0.00 85.79 0.00
[09:47:15.271] [ARM-RX] [173] <0.00 -60.00 -1.50> result: 90.00 103.47 -72.32 0.00 85.79 0.00
[09:47:15.271] [ARM-RX] [174] <0.00 -60.00 -1.50> result: 90.00 103.47 -72.32 0.00 85.79 0.00
[09:47:15.271] [ARM-RX] [175] <0.00 -60.00 -1.5
[09:47:15.322] [ARM-RX] 0> result: 90.00 103.47 -72.32 0.00 85.79 0.00
[09:47:15.322] [ARM-RX] [176] <0.00 -60.00 -1.50> result: 90.00 103.47 -72.32 0.00 85.79 0.00
[09:47:17.191] [ARM-RX] [joint 1] ave_error:0.00
[09:47:17.191] [ARM-RX] [joint 2] ave_error:2.94
[09:47:17.191] [ARM-RX] [joint 3] ave_error:2.47
[09:47:17.191] [ARM-RX] [joint 4] ave_error:0.00
[09:47:17.191] [ARM-RX] [joint 5] ave_error:0.28
[09:47:17.193] [ARM-RX] robot pid run finished!!
[09:47:17.253] [JETSON-RX] CC 01 01 DD
[09:47:17.253] [JETSON-STATUS] READY: CC 01 01 DD
[09:47:21.784] [DEMO-INFO] 演示配置已保存
[09:47:21.785] [DEMO-INFO] 一键定靶演示开始
[09:47:21.785] [JETSON-TX] TARGET_CTRL_START: AA 01 01 BB
[09:47:21.816] [ARM-RX] [JETSON_RX] target_ctrl=1
[09:47:21.862] [JETSON-RX] CC 04 01 DD
[09:47:21.862] [JETSON-STATUS] TARGET_CTRL_ON: CC 04 01 DD
[09:47:30.952] [JETSON-INFO] 已停止周期视觉发送
[09:47:30.952] [JETSON-TX] TARGET_CTRL_STOP: AA 01 00 BB
[09:47:30.954] [ARM-TX] 发送命令 laser_off: laser_off
[09:47:30.954] [DEMO-INFO] 演示已停止，已关闭视觉发送和激光输出
[09:47:30.957] [DEMO-ERROR] 未收到 READY，演示停止。请先确认 soft_reset 和状态机启动。
[09:47:30.989] [ARM-RX] [JETSON_RX] target_ctrl=0
[09:47:30.989] [ARM-RX] Found handler for 'laser_off', executing...
[09:47:30.989] [ARM-RX] laser_off
[09:47:31.019] [JETSON-RX] CC 04 00 DD
[09:47:31.019] [JETSON-STATUS] TARGET_CTRL_OFF: CC 04 00 DD
[09:47:33.603] [ARM-TX] 发送命令 soft_reset: soft_reset
[09:47:33.737] [ARM-RX] Found handler for 'soft_reset', executing...
[09:47:33.737] [ARM-RX] ROBOT_SOFT_RESET_EVENT
[09:47:33.737] [ARM-RX] --- Starting soft reset ---
[09:47:33.926] [ARM-RX] Soft reset motors enabled (J1~J5, J6 skipped).
[09:47:33.926] [ARM-RX] Soft resetting joint 4...
[09:47:33.989] [ARM-RX] robot_update_current_angle 4...
[09:47:33.989] [ARM-RX] [4] current:85.69, target:90.00, dir:1
[09:47:34.551] [ARM-RX] Soft resetting joint 3...
[09:47:34.614] [ARM-RX] robot_update_current_angle 3...
[09:47:34.614] [ARM-RX] [3] current:-0.00, target:0.00, dir:1
[09:47:34.739] [ARM-RX] Soft resetting joint 1...
[09:47:34.739] [ARM-RX] robot_update_current_angle 1...
[09:47:34.739] [ARM-RX] [1] current:105.98, target:90.00, dir:-1
[09:47:36.360] [ARM-RX] soft reset joint 1 settle timeout, keep going
[09:47:36.360] [ARM-RX] Soft resetting joint 2...
[09:47:36.361] [ARM-RX] robot_update_current_angle 2...
[09:47:36.361] [ARM-RX] [2] current:-71.87, target:-90.00, dir:-1
[09:47:37.980] [ARM-RX] soft reset joint 2 settle timeout, keep going
[09:47:37.980] [ARM-RX] Soft resetting joint 0...
[09:47:37.980] [ARM-RX] robot_update_current_angle 0...
[09:47:37.981] [ARM-RX] [0] current:90.00, target:90.00, dir:-1
[09:47:38.232] [ARM-RX] soft reset final verify PASS (issues:2), pose set HOME.
[09:47:41.488] [ARM-INFO] 已关闭串口
[09:47:42.023] [JETSON-INFO] 已停止周期视觉发送
[09:47:42.025] [JETSON-INFO] 已关闭串口
[09:47:43.056] [ARM-INFO] opened COM7 @ 115200
[09:47:43.525] [JETSON-INFO] opened COM14 @ 115200
[09:47:45.593] [DEMO-INFO] 演示配置已保存
[09:47:45.593] [DEMO-INFO] 一键定靶演示开始
[09:47:45.594] [JETSON-TX] TARGET_CTRL_START: AA 01 01 BB
[09:47:45.656] [JETSON-RX] CC 04 01 DD
[09:47:45.657] [JETSON-STATUS] TARGET_CTRL_ON: CC 04 01 DD
[09:47:45.680] [ARM-RX] [JETSON_RX] target_ctrl=1
[09:47:45.680] [ARM-RX] ROBOT_AUTO_EVENT
[09:47:45.680] [ARM-RX] [0] <0.00 0.00 0.00> result: 90.00 90.00 -90.00 0.00 90.00 0.00
[09:47:45.681] [ARM-RX] [1] <0.00 -0.00 -0.00> result: 90.00 90.00 -90.00 0.00 90.00 0.00
[09:47:45.681] [ARM-RX] [2] <0.00 -0.00 -0.00> result: 90.00 90.00 -90.00 0.00 90.00 0.00
[09:47:45.681] [ARM-RX] [3] <0.00 -0.
[09:47:45.682] [ARM-RX] 01 -0.00> result: 90.00 90.00 -90.00 0.00 90.00 0.00
[09:47:45.682] [ARM-RX] [4] <0.00 -0.02 -0.00> result: 90.00 90.01 -90.00 0.00 90.00 0.00
[09:47:45.683] [ARM-RX] [5] <0.00 -0.03 -0.00> result: 90.00 90.01 -89.99 0.00 90.00 0.00
[09:47:45.683] [ARM-RX] [6] <0.00 -0.05 -0.00> result: 90.00 90.02 -89.99 0.00 90.00 0.00
[09:47:45.683] [ARM-RX] [
[09:47:45.683] [ARM-RX] 7] <0.00 -0.07 -0.00> result: 90.00 90.02 -89.98 0.00 90.00 0.00
[09:47:45.684] [ARM-RX] [8] <0.00 -0.11 -0.00> result: 90.00 90.03 -89.97 0.00 90.00 0.00
[09:47:45.684] [ARM-RX] [9] <0.00 -0.15 -0.00> result: 90.00 90.05 -89.96 0.00 90.00 0.00
[09:47:45.684] [ARM-RX] [10] <0.00 -0.20 -0.01> result: 90.00 90.06 -89.94 0.00
[09:47:45.703] [ARM-RX] 90.01 0.00
[09:47:45.704] [ARM-RX] [11] <0.00 -0.27 -0.01> result: 90.00 90.08 -89.92 0.00 90.01 0.00
[09:47:45.704] [ARM-RX] [12] <0.00 -0.34 -0.01> result: 90.00 90.11 -89.90 0.00 90.01 0.00
[09:47:45.704] [ARM-RX] [13] <0.00 -0.43 -0.01> result: 90.00 90.14 -89.88 0.00 90.01 0.00
[09:47:45.704] [ARM-RX] [14] <0.00 -0.54 -0.01> result: 90.00 90
[09:47:45.726] [ARM-RX] .17 -89.85 0.00 90.02 0.00
[09:47:45.726] [ARM-RX] [15] <0.00 -0.65 -0.02> result: 90.00 90.20 -89.81 0.00 90.02 0.00
[09:47:45.728] [ARM-RX] [16] <0.00 -0.79 -0.02> result: 90.00 90.25 -89.78 0.00 90.02 0.00
[09:47:45.728] [ARM-RX] [17] <0.00 -0.94 -0.02> result: 90.00 90.29 -89.73 0.00 90.03 0.00
[09:47:45.728] [ARM-RX] [18] <0.00 -1.10 -0.03>
[09:47:45.753] [ARM-RX] result: 90.00 90.34 -89.69 0.00 90.03 0.00
[09:47:45.753] [ARM-RX] [19] <0.00 -1.29 -0.03> result: 90.00 90.40 -89.63 0.00 90.03 0.00
[09:47:45.754] [ARM-RX] [20] <0.00 -1.49 -0.04> result: 90.00 90.46 -89.57 0.00 90.04 0.00
[09:47:45.754] [ARM-RX] [21] <0.00 -1.72 -0.04> result: 90.00 90.53 -89.51 0.00 90.04 0.00
[09:47:45.754] [ARM-RX] [22] <0.
[09:47:45.770] [ARM-RX] 00 -1.97 -0.05> result: 90.00 90.61 -89.44 0.00 90.05 0.00
[09:47:45.770] [ARM-RX] [23] <0.00 -2.23 -0.06> result: 90.00 90.69 -89.36 0.00 90.05 0.00
[09:47:45.771] [ARM-RX] [24] <0.00 -2.52 -0.06> result: 90.00 90.77 -89.28 0.00 90.05 0.00
[09:47:45.771] [ARM-RX] [25] <0.00 -2.84 -0.07> result: 90.00 90.87 -89.19 0.00 90.0
[09:47:45.809] [ARM-RX] 6 0.00
[09:47:45.809] [ARM-RX] [26] <0.00 -3.17 -0.08> result: 90.00 90.97 -89.10 0.00 90.06 0.00
[09:47:45.809] [ARM-RX] [27] <0.00 -3.53 -0.09> result: 90.00 91.07 -88.99 0.00 90.06 0.00
[09:47:45.809] [ARM-RX] [28] <0.00 -3.92 -0.10> result: 90.00 91.18 -88.88 0.00 90.07 0.00
[09:47:45.811] [ARM-RX] [29] <0.00 -4.33 -0.11> result: 90.00 91.30
[09:47:45.828] [ARM-RX] -88.76 0.00 90.07 0.00
[09:47:45.828] [ARM-RX] [30] <0.00 -4.77 -0.12> result: 90.00 91.43 -88.64 0.00 90.07 0.00
[09:47:45.828] [ARM-RX] [31] <0.00 -5.23 -0.13> result: 90.00 91.56 -88.51 0.00 90.07 0.00
[09:47:45.828] [ARM-RX] [32] <0.00 -5.72 -0.14> result: 90.00 91.70 -88.37 0.00 90.07 0.00
[09:47:45.829] [ARM-RX] [33] <0.00 -6.24 -0.16> resu
[09:47:45.850] [ARM-RX] lt: 90.00 91.85 -88.22 0.00 90.06 0.00
[09:47:45.851] [ARM-RX] [34] <0.00 -6.79 -0.17> result: 90.00 92.00 -88.06 0.00 90.06 0.00
[09:47:45.851] [ARM-RX] [35] <0.00 -7.36 -0.18> result: 90.00 92.16 -87.89 0.00 90.05 0.00
[09:47:45.851] [ARM-RX] [36] <0.00 -7.96 -0.20> result: 90.00 92.32 -87.72 0.00 90.04 0.00
[09:47:45.851] [ARM-RX] [37] <0.00 -
[09:47:45.873] [ARM-RX] 8.60 -0.21> result: 90.00 92.49 -87.54 0.00 90.03 0.00
[09:47:45.873] [ARM-RX] [38] <0.00 -9.26 -0.23> result: 90.00 92.67 -87.35 0.00 90.02 0.00
[09:47:45.874] [ARM-RX] [39] <0.00 -9.95 -0.25> result: 90.00 92.85 -87.15 0.00 90.00 0.00
[09:47:45.874] [ARM-RX] [40] <0.00 -10.67 -0.27> result: 90.00 93.04 -86.94 0.00 89.98 0
[09:47:45.896] [ARM-RX] .00
[09:47:45.897] [ARM-RX] [41] <0.00 -11.42 -0.29> result: 90.00 93.24 -86.72 0.00 89.96 0.00
[09:47:45.897] [ARM-RX] [42] <0.00 -12.20 -0.30> result: 90.00 93.44 -86.50 0.00 89.93 0.00
[09:47:45.897] [ARM-RX] [43] <0.00 -13.01 -0.33> result: 90.00 93.64 -86.26 0.00 89.91 0.00
[09:47:45.897] [ARM-RX] [44] <0.00 -13.85 -0.35> result: 90.00 93.85
[09:47:45.919] [ARM-RX] -86.02 0.00 89.87 0.00
[09:47:45.919] [ARM-RX] [45] <0.00 -14.72 -0.37> result: 90.00 94.07 -85.77 0.00 89.84 0.00
[09:47:45.919] [ARM-RX] [46] <0.00 -15.62 -0.39> result: 90.00 94.29 -85.51 0.00 89.80 0.00
[09:47:45.919] [ARM-RX] [47] <0.00 -16.55 -0.41> result: 90.00 94.52 -85.24 0.00 89.75 0.00
[09:47:45.920] [ARM-RX] [48] <0.00 -17.51 -0.44>
[09:47:45.942] [ARM-RX] result: 90.00 94.75 -84.96 0.00 89.70 0.00
[09:47:45.942] [ARM-RX] [49] <0.00 -18.49 -0.46> result: 90.00 94.98 -84.67 0.00 89.65 0.00
[09:47:45.942] [ARM-RX] [50] <0.00 -19.51 -0.49> result: 90.00 95.22 -84.37 0.00 89.59 0.00
[09:47:45.942] [ARM-RX] [51] <0.00 -20.56 -0.51> result: 90.00 95.47 -84.06 0.00 89.53 0.00
[09:47:45.943] [ARM-RX] [52]
[09:47:45.964] [ARM-RX] <0.00 -21.64 -0.54> result: 90.00 95.71 -83.75 0.00 89.46 0.00
[09:47:45.966] [ARM-RX] [53] <0.00 -22.74 -0.57> result: 90.00 95.97 -83.43 0.00 89.39 0.00
[09:47:45.966] [ARM-RX] [54] <0.00 -23.88 -0.60> result: 90.00 96.22 -83.09 0.00 89.32 0.00
[09:47:45.966] [ARM-RX] [55] <0.00 -25.04 -0.63> result: 90.00 96.48 -82.75 0
[09:47:45.999] [ARM-RX] .00 89.23 0.00
[09:47:45.999] [ARM-RX] [56] <0.00 -26.23 -0.66> result: 90.00 96.74 -82.40 0.00 89.15 0.00
[09:47:45.999] [ARM-RX] [57] <0.00 -27.44 -0.69> result: 90.00 97.01 -82.05 0.00 89.06 0.00
[09:47:45.999] [ARM-RX] [58] <0.00 -28.68 -0.72> result: 90.00 97.28 -81.68 0.00 88.96 0.00
[09:47:45.999] [ARM-RX] [59] <0.00 -29.95 -0.75> result:
[09:47:46.025] [ARM-RX] 90.00 97.55 -81.31 0.00 88.86 0.00
[09:47:46.025] [ARM-RX] [60] <0.00 -31.25 -0.78> result: 90.00 97.83 -80.92 0.00 88.75 0.00
[09:47:46.026] [ARM-RX] [61] <0.00 -32.57 -0.81> result: 90.00 98.10 -80.53 0.00 88.64 0.00
[09:47:46.026] [ARM-RX] [62] <0.00 -33.91 -0.85> result: 90.00 98.39 -80.14 0.00 88.52 0.00
[09:47:46.026] [ARM-RX] [63] <0.00 -3
[09:47:46.045] [ARM-RX] 5.28 -0.88> result: 90.00 98.67 -79.73 0.00 88.40 0.00
[09:47:46.045] [ARM-RX] [64] <0.00 -36.67 -0.92> result: 90.00 98.95 -79.32 0.00 88.27 0.00
[09:47:46.046] [ARM-RX] [65] <0.00 -38.08 -0.95> result: 90.00 99.24 -78.90 0.00 88.14 0.00
[09:47:46.046] [ARM-RX] [66] <0.00 -39.51 -0.99> result: 90.00 99.53 -78.47 0.00 88.00
[09:47:46.068] [ARM-RX] 0.00
[09:47:46.068] [ARM-RX] [67] <0.00 -40.97 -1.02> result: 90.00 99.82 -78.04 0.00 87.86 0.00
[09:47:46.068] [ARM-RX] [68] <0.00 -42.44 -1.06> result: 90.00 100.11 -77.60 0.00 87.71 0.00
[09:47:46.069] [ARM-RX] [69] <0.00 -43.94 -1.10> result: 90.00 100.41 -77.15 0.00 87.56 0.00
[09:47:46.069] [ARM-RX] [70] <0.00 -45.45 -1.14> result: 90.00 1
[09:47:46.092] [ARM-RX] 00.70 -76.70 0.00 87.41 0.00
[09:47:46.092] [ARM-RX] [71] <0.00 -46.98 -1.17> result: 90.00 101.00 -76.24 0.00 87.25 0.00
[09:47:46.092] [ARM-RX] [72] <0.00 -48.53 -1.21> result: 90.00 101.30 -75.78 0.00 87.08 0.00
[09:47:46.092] [ARM-RX] [73] <0.00 -50.09 -1.25> result: 90.00 101.60 -75.31 0.00 86.91 0.00
[09:47:46.092] [ARM-RX] [74] <0.00 -51.6
[09:47:46.115] [ARM-RX] 7 -1.29> result: 90.00 101.90 -74.84 0.00 86.74 0.00
[09:47:46.115] [ARM-RX] [75] <0.00 -53.26 -1.33> result: 90.00 102.20 -74.36 0.00 86.56 0.00
[09:47:46.116] [ARM-RX] [76] <0.00 -54.86 -1.37> result: 90.00 102.51 -73.87 0.00 86.38 0.00
[09:47:46.116] [ARM-RX] [77] <0.00 -56.48 -1.41> result: 90.00 102.81 -73.39 0.00 86.2
[09:47:46.138] [ARM-RX] 0 0.00
[09:47:46.138] [ARM-RX] [78] <0.00 -58.11 -1.45> result: 90.00 103.11 -72.89 0.00 86.01 0.00
[09:47:46.139] [ARM-RX] [79] <0.00 -59.75 -1.49> result: 90.00 103.42 -72.40 0.00 85.82 0.00
[09:47:46.139] [ARM-RX] [80] <0.00 -60.00 -1.50> result: 90.00 103.47 -72.32 0.00 85.79 0.00
[09:47:46.139] [ARM-RX] [81] <0.00 -60.00 -1.50> result: 90.00
[09:47:46.171] [ARM-RX] 103.47 -72.32 0.00 85.79 0.00
[09:47:46.171] [ARM-RX] [82] <0.00 -60.00 -1.50> result: 90.00 103.47 -72.32 0.00 85.79 0.00
[09:47:46.172] [ARM-RX] [83] <0.00 -60.00 -1.50> result: 90.00 103.47 -72.32 0.00 85.79 0.00
[09:47:46.172] [ARM-RX] [84] <0.00 -60.00 -1.50> result: 90.00 103.47 -72.32 0.00 85.79 0.00
[09:47:46.172] [ARM-RX] [85] <0.00 -60
[09:47:46.199] [ARM-RX] .00 -1.50> result: 90.00 103.47 -72.32 0.00 85.79 0.00
[09:47:46.201] [ARM-RX] [86] <0.00 -60.00 -1.50> result: 90.00 103.47 -72.32 0.00 85.79 0.00
[09:47:46.201] [ARM-RX] [87] <0.00 -60.00 -1.50> result: 90.00 103.47 -72.32 0.00 85.79 0.00
[09:47:46.201] [ARM-RX] [88] <0.00 -60.00 -1.50> result: 90.00 103.47 -72.32 0.00 85
[09:47:46.220] [ARM-RX] .79 0.00
[09:47:46.220] [ARM-RX] [89] <0.00 -60.00 -1.50> result: 90.00 103.47 -72.32 0.00 85.79 0.00
[09:47:46.220] [ARM-RX] [90] <0.00 -60.00 -1.50> result: 90.00 103.47 -72.32 0.00 85.79 0.00
[09:47:46.220] [ARM-RX] [91] <0.00 -60.00 -1.50> result: 90.00 103.47 -72.32 0.00 85.79 0.00
[09:47:46.220] [ARM-RX] [92] <0.00 -60.00 -1.50> result: 90.
[09:47:46.242] [ARM-RX] 00 103.47 -72.32 0.00 85.79 0.00
[09:47:46.242] [ARM-RX] [93] <0.00 -60.00 -1.50> result: 90.00 103.47 -72.32 0.00 85.79 0.00
[09:47:46.243] [ARM-RX] [94] <0.00 -60.00 -1.50> result: 90.00 103.47 -72.32 0.00 85.79 0.00
[09:47:46.243] [ARM-RX] [95] <0.00 -60.00 -1.50> result: 90.00 103.47 -72.32 0.00 85.79 0.00
[09:47:46.243] [ARM-RX] [96] <0.00 -
[09:47:46.263] [ARM-RX] 60.00 -1.50> result: 90.00 103.47 -72.32 0.00 85.79 0.00
[09:47:46.263] [ARM-RX] [97] <0.00 -60.00 -1.50> result: 90.00 103.47 -72.32 0.00 85.79 0.00
[09:47:46.263] [ARM-RX] [98] <0.00 -60.00 -1.50> result: 90.00 103.47 -72.32 0.00 85.79 0.00
[09:47:46.264] [ARM-RX] [99] <0.00 -60.00 -1.50> result: 90.00 103.47 -72.32 0.00
[09:47:46.286] [ARM-RX] 85.79 0.00
[09:47:46.286] [ARM-RX] [100] <0.00 -60.00 -1.50> result: 90.00 103.47 -72.32 0.00 85.79 0.00
[09:47:46.287] [ARM-RX] [101] <0.00 -60.00 -1.50> result: 90.00 103.47 -72.32 0.00 85.79 0.00
[09:47:46.287] [ARM-RX] [102] <0.00 -60.00 -1.50> result: 90.00 103.47 -72.32 0.00 85.79 0.00
[09:47:46.287] [ARM-RX] [103] <0.00 -60.00 -1.50> resul
[09:47:46.309] [ARM-RX] t: 90.00 103.47 -72.32 0.00 85.79 0.00
[09:47:46.310] [ARM-RX] [104] <0.00 -60.00 -1.50> result: 90.00 103.47 -72.32 0.00 85.79 0.00
[09:47:46.310] [ARM-RX] [105] <0.00 -60.00 -1.50> result: 90.00 103.47 -72.32 0.00 85.79 0.00
[09:47:46.310] [ARM-RX] [106] <0.00 -60.00 -1.50> result: 90.00 103.47 -72.32 0.00 85.79 0.00
[09:47:46.310] [ARM-RX] [10
[09:47:46.332] [ARM-RX] 7] <0.00 -60.00 -1.50> result: 90.00 103.47 -72.32 0.00 85.79 0.00
[09:47:46.332] [ARM-RX] [108] <0.00 -60.00 -1.50> result: 90.00 103.47 -72.32 0.00 85.79 0.00
[09:47:46.333] [ARM-RX] [109] <0.00 -60.00 -1.50> result: 90.00 103.47 -72.32 0.00 85.79 0.00
[09:47:46.333] [ARM-RX] [110] <0.00 -60.00 -1.50> result: 90.00 103.47
[09:47:46.366] [ARM-RX] -72.32 0.00 85.79 0.00
[09:47:46.366] [ARM-RX] [111] <0.00 -60.00 -1.50> result: 90.00 103.47 -72.32 0.00 85.79 0.00
[09:47:46.366] [ARM-RX] [112] <0.00 -60.00 -1.50> result: 90.00 103.47 -72.32 0.00 85.79 0.00
[09:47:46.366] [ARM-RX] [113] <0.00 -60.00 -1.50> result: 90.00 103.47 -72.32 0.00 85.79 0.00
[09:47:46.367] [ARM-RX] [114] <0.00 -60.00
[09:47:46.390] [ARM-RX] -1.50> result: 90.00 103.47 -72.32 0.00 85.79 0.00
[09:47:46.390] [ARM-RX] [115] <0.00 -60.00 -1.50> result: 90.00 103.47 -72.32 0.00 85.79 0.00
[09:47:46.390] [ARM-RX] [116] <0.00 -60.00 -1.50> result: 90.00 103.47 -72.32 0.00 85.79 0.00
[09:47:46.391] [ARM-RX] [117] <0.00 -60.00 -1.50> result: 90.00 103.47 -72.32 0.00 85
[09:47:46.412] [ARM-RX] .79 0.00
[09:47:46.412] [ARM-RX] [118] <0.00 -60.00 -1.50> result: 90.00 103.47 -72.32 0.00 85.79 0.00
[09:47:46.412] [ARM-RX] [119] <0.00 -60.00 -1.50> result: 90.00 103.47 -72.32 0.00 85.79 0.00
[09:47:46.412] [ARM-RX] [120] <0.00 -60.00 -1.50> result: 90.00 103.47 -72.32 0.00 85.79 0.00
[09:47:46.413] [ARM-RX] [121] <0.00 -60.00 -1.50> result:
[09:47:46.435] [ARM-RX] 90.00 103.47 -72.32 0.00 85.79 0.00
[09:47:46.435] [ARM-RX] [122] <0.00 -60.00 -1.50> result: 90.00 103.47 -72.32 0.00 85.79 0.00
[09:47:46.435] [ARM-RX] [123] <0.00 -60.00 -1.50> result: 90.00 103.47 -72.32 0.00 85.79 0.00
[09:47:46.436] [ARM-RX] [124] <0.00 -60.00 -1.50> result: 90.00 103.47 -72.32 0.00 85.79 0.00
[09:47:46.436] [ARM-RX] [125]
[09:47:46.458] [ARM-RX] <0.00 -60.00 -1.50> result: 90.00 103.47 -72.32 0.00 85.79 0.00
[09:47:46.458] [ARM-RX] [126] <0.00 -60.00 -1.50> result: 90.00 103.47 -72.32 0.00 85.79 0.00
[09:47:46.458] [ARM-RX] [127] <0.00 -60.00 -1.50> result: 90.00 103.47 -72.32 0.00 85.79 0.00
[09:47:46.458] [ARM-RX] [128] <0.00 -60.00 -1.50> result: 90.00 103.47 -
[09:47:46.482] [ARM-RX] 72.32 0.00 85.79 0.00
[09:47:46.482] [ARM-RX] [129] <0.00 -60.00 -1.50> result: 90.00 103.47 -72.32 0.00 85.79 0.00
[09:47:46.483] [ARM-RX] [130] <0.00 -60.00 -1.50> result: 90.00 103.47 -72.32 0.00 85.79 0.00
[09:47:46.483] [ARM-RX] [131] <0.00 -60.00 -1.50> result: 90.00 103.47 -72.32 0.00 85.79 0.00
[09:47:46.483] [ARM-RX] [132] <0.00 -60.00 -
[09:47:46.504] [ARM-RX] 1.50> result: 90.00 103.47 -72.32 0.00 85.79 0.00
[09:47:46.504] [ARM-RX] [133] <0.00 -60.00 -1.50> result: 90.00 103.47 -72.32 0.00 85.79 0.00
[09:47:46.504] [ARM-RX] [134] <0.00 -60.00 -1.50> result: 90.00 103.47 -72.32 0.00 85.79 0.00
[09:47:46.504] [ARM-RX] [135] <0.00 -60.00 -1.50> result: 90.00 103.47 -72.32 0.00 85.7
[09:47:46.538] [ARM-RX] 9 0.00
[09:47:46.538] [ARM-RX] [136] <0.00 -60.00 -1.50> result: 90.00 103.47 -72.32 0.00 85.79 0.00
[09:47:46.539] [ARM-RX] [137] <0.00 -60.00 -1.50> result: 90.00 103.47 -72.32 0.00 85.79 0.00
[09:47:46.539] [ARM-RX] [138] <0.00 -60.00 -1.50> result: 90.00 103.47 -72.32 0.00 85.79 0.00
[09:47:46.539] [ARM-RX] [139] <0.00 -60.00 -1.50> result: 9
[09:47:46.561] [ARM-RX] 0.00 103.47 -72.32 0.00 85.79 0.00
[09:47:46.562] [ARM-RX] [140] <0.00 -60.00 -1.50> result: 90.00 103.47 -72.32 0.00 85.79 0.00
[09:47:46.562] [ARM-RX] [141] <0.00 -60.00 -1.50> result: 90.00 103.47 -72.32 0.00 85.79 0.00
[09:47:46.562] [ARM-RX] [142] <0.00 -60.00 -1.50> result: 90.00 103.47 -72.32 0.00 85.79 0.00
[09:47:46.562] [ARM-RX] [143] <
[09:47:46.584] [ARM-RX] 0.00 -60.00 -1.50> result: 90.00 103.47 -72.32 0.00 85.79 0.00
[09:47:46.584] [ARM-RX] [144] <0.00 -60.00 -1.50> result: 90.00 103.47 -72.32 0.00 85.79 0.00
[09:47:46.584] [ARM-RX] [145] <0.00 -60.00 -1.50> result: 90.00 103.47 -72.32 0.00 85.79 0.00
[09:47:46.585] [ARM-RX] [146] <0.00 -60.00 -1.50> result: 90.00 103.47 -72
[09:47:46.607] [ARM-RX] .32 0.00 85.79 0.00
[09:47:46.608] [ARM-RX] [147] <0.00 -60.00 -1.50> result: 90.00 103.47 -72.32 0.00 85.79 0.00
[09:47:46.608] [ARM-RX] [148] <0.00 -60.00 -1.50> result: 90.00 103.47 -72.32 0.00 85.79 0.00
[09:47:46.608] [ARM-RX] [149] <0.00 -60.00 -1.50> result: 90.00 103.47 -72.32 0.00 85.79 0.00
[09:47:46.608] [ARM-RX] [150] <0.00 -60.00 -1.
[09:47:46.630] [ARM-RX] 50> result: 90.00 103.47 -72.32 0.00 85.79 0.00
[09:47:46.630] [ARM-RX] [151] <0.00 -60.00 -1.50> result: 90.00 103.47 -72.32 0.00 85.79 0.00
[09:47:46.630] [ARM-RX] [152] <0.00 -60.00 -1.50> result: 90.00 103.47 -72.32 0.00 85.79 0.00
[09:47:46.630] [ARM-RX] [153] <0.00 -60.00 -1.50> result: 90.00 103.47 -72.32 0.00 85.79
[09:47:46.654] [ARM-RX] 0.00
[09:47:46.655] [ARM-RX] [154] <0.00 -60.00 -1.50> result: 90.00 103.47 -72.32 0.00 85.79 0.00
[09:47:46.655] [ARM-RX] [155] <0.00 -60.00 -1.50> result: 90.00 103.47 -72.32 0.00 85.79 0.00
[09:47:46.655] [ARM-RX] [156] <0.00 -60.00 -1.50> result: 90.00 103.47 -72.32 0.00 85.79 0.00
[09:47:46.655] [ARM-RX] [157] <0.00 -60.00 -1.50> result: 90.
[09:47:46.676] [ARM-RX] 00 103.47 -72.32 0.00 85.79 0.00
[09:47:46.677] [ARM-RX] [158] <0.00 -60.00 -1.50> result: 90.00 103.47 -72.32 0.00 85.79 0.00
[09:47:46.677] [ARM-RX] [159] <0.00 -60.00 -1.50> result: 90.00 103.47 -72.32 0.00 85.79 0.00
[09:47:46.677] [ARM-RX] [160] <0.00 -60.00 -1.50> result: 90.00 103.47 -72.32 0.00 85.79 0.00
[09:47:46.677] [ARM-RX] [161] <0.
[09:47:46.698] [ARM-RX] 00 -60.00 -1.50> result: 90.00 103.47 -72.32 0.00 85.79 0.00
[09:47:46.699] [ARM-RX] [162] <0.00 -60.00 -1.50> result: 90.00 103.47 -72.32 0.00 85.79 0.00
[09:47:46.699] [ARM-RX] [163] <0.00 -60.00 -1.50> result: 90.00 103.47 -72.32 0.00 85.79 0.00
[09:47:46.699] [ARM-RX] [164] <0.00 -60.00 -1.50> result: 90.00 103.47 -72.3
[09:47:46.733] [ARM-RX] 2 0.00 85.79 0.00
[09:47:46.733] [ARM-RX] [165] <0.00 -60.00 -1.50> result: 90.00 103.47 -72.32 0.00 85.79 0.00
[09:47:46.734] [ARM-RX] [166] <0.00 -60.00 -1.50> result: 90.00 103.47 -72.32 0.00 85.79 0.00
[09:47:46.734] [ARM-RX] [167] <0.00 -60.00 -1.50> result: 90.00 103.47 -72.32 0.00 85.79 0.00
[09:47:46.734] [ARM-RX] [168] <0.00 -60.00 -1.50
[09:47:46.756] [ARM-RX] > result: 90.00 103.47 -72.32 0.00 85.79 0.00
[09:47:46.756] [ARM-RX] [169] <0.00 -60.00 -1.50> result: 90.00 103.47 -72.32 0.00 85.79 0.00
[09:47:46.756] [ARM-RX] [170] <0.00 -60.00 -1.50> result: 90.00 103.47 -72.32 0.00 85.79 0.00
[09:47:46.757] [ARM-RX] [171] <0.00 -60.00 -1.50> result: 90.00 103.47 -72.32 0.00 85.79 0.
[09:47:46.782] [ARM-RX] 00
[09:47:46.782] [ARM-RX] [172] <0.00 -60.00 -1.50> result: 90.00 103.47 -72.32 0.00 85.79 0.00
[09:47:46.782] [ARM-RX] [173] <0.00 -60.00 -1.50> result: 90.00 103.47 -72.32 0.00 85.79 0.00
[09:47:46.782] [ARM-RX] [174] <0.00 -60.00 -1.50> result: 90.00 103.47 -72.32 0.00 85.79 0.00
[09:47:46.783] [ARM-RX] [175] <0.00 -60.00 -1.50> result: 90.00
[09:47:46.839] [ARM-RX] 103.47 -72.32 0.00 85.79 0.00
[09:47:46.839] [ARM-RX] [176] <0.00 -60.00 -1.50> result: 90.00 103.47 -72.32 0.00 85.79 0.00
[09:47:48.714] [ARM-RX] [joint 1] ave_error:0.00
[09:47:48.714] [ARM-RX] [joint 2] ave_error:2.95
[09:47:48.715] [ARM-RX] [joint 3] ave_error:2.47
[09:47:48.715] [ARM-RX] [joint 4] ave_error:0.00
[09:47:48.715] [ARM-RX] [joint 5] ave_error:0.28
[09:47:48.715] [ARM-RX] robot pid run finished!!
[09:47:48.761] [JETSON-RX] CC 01 01 DD
[09:47:48.761] [JETSON-STATUS] READY: CC 01 01 DD
[09:47:48.762] [DEMO-INFO] 开始发送视觉序列: 30,-20:5;15,-10:5;8,-5:5;0,0:30
[09:47:48.762] [JETSON-TX] VISION dcx=30 dcy=-20: FF 05 03 1E 00 EC FF 11 FE
[09:47:48.777] [ARM-RX] [JETSON_RX] vision dcx=30 dcy=-20
[09:47:48.777] [ARM-RX] [TARGET] vision state=WAIT_DETECT enabled=1 dcx=30 dcy=-20 stable=0
[09:47:48.818] [ARM-RX] ROBOT_AUTO_EVENT
[09:47:48.818] [ARM-RX] [0] <0.00 -60.00 -1.50> result: 90.00 103.47 -72.32 0.00 85.79 0.00
[09:47:48.818] [ARM-RX] [1] <0.00 -60.00 -1.50> result: 90.00 103.47 -72.32 -0.00 85.79 0.00
[09:47:48.818] [ARM-RX] [2] <0.01 -60.00 -1.51> result: 90.00 103.47 -72.32 -0.00 85.79 0.00
[09:47:48.819] [ARM-RX] [3] <0.02 -60.00 -1.52> result
[09:47:48.843] [ARM-RX] : 90.01 103.48 -72.32 -0.01 85.80 0.00
[09:47:48.843] [ARM-RX] [4] <0.05 -60.00 -1.55> result: 90.02 103.49 -72.32 -0.02 85.81 0.00
[09:47:48.843] [ARM-RX] [5] <0.08 -60.00 -1.58> result: 90.04 103.51 -72.32 -0.04 85.83 0.00
[09:47:48.843] [ARM-RX] [6] <0.14 -60.00 -1.64> result: 90.07 103.54 -72.33 -0.07 85.86 0.00
[09:47:48.843] [ARM-RX] [7] <0
[09:47:48.864] [ARM-RX] .21 -60.00 -1.71> result: 90.11 103.57 -72.33 -0.11 85.90 0.00
[09:47:48.864] [ARM-RX] [8] <0.29 -60.00 -1.79> result: 90.16 103.62 -72.33 -0.16 85.95 0.00
[09:47:48.864] [ARM-RX] [9] <0.40 -60.00 -1.90> result: 90.21 103.67 -72.34 -0.22 86.01 0.00
[09:47:48.865] [ARM-RX] [10] <0.53 -60.00 -2.03> result: 90.28 103.74 -72.34
[09:47:48.889] [ARM-RX] -0.28 86.08 0.00
[09:47:48.889] [ARM-RX] [11] <0.68 -60.00 -2.18> result: 90.36 103.82 -72.35 -0.36 86.16 0.00
[09:47:48.889] [ARM-RX] [12] <0.86 -60.00 -2.36> result: 90.46 103.90 -72.35 -0.46 86.26 0.00
[09:47:48.889] [ARM-RX] [13] <1.05 -60.00 -2.55> result: 90.56 104.00 -72.36 -0.56 86.36 0.00
[09:47:48.890] [ARM-RX] [14] <1.26 -60.00 -2.76>
[09:47:48.910] [ARM-RX] result: 90.67 104.11 -72.37 -0.67 86.48 0.00
[09:47:48.912] [ARM-RX] [15] <1.49 -60.00 -2.99> result: 90.79 104.23 -72.37 -0.79 86.60 0.00
[09:47:48.912] [ARM-RX] [16] <1.74 -60.00 -3.24> result: 90.92 104.36 -72.38 -0.93 86.74 0.00
[09:47:48.912] [ARM-RX] [17] <2.00 -60.00 -3.50> result: 91.06 104.49 -72.39 -1.06 86.88 0.
[09:47:48.939] [ARM-RX] 00
[09:47:48.939] [ARM-RX] [18] <2.27 -60.00 -3.77> result: 91.21 104.63 -72.40 -1.21 87.03 0.00
[09:47:48.939] [ARM-RX] [19] <2.50 -60.00 -4.00> result: 91.33 104.75 -72.40 -1.33 87.15 0.00
[09:47:48.939] [ARM-RX] [20] <2.50 -60.00 -4.00> result: 91.33 104.75 -72.40 -1.33 87.15 0.00
[09:47:48.939] [ARM-RX] [21] <2.50 -60.00 -4.00> result: 91.33
[09:47:48.957] [ARM-RX] 104.75 -72.40 -1.33 87.15 0.00
[09:47:48.957] [ARM-RX] [22] <2.50 -60.00 -4.00> result: 91.33 104.75 -72.40 -1.33 87.15 0.00
[09:47:48.957] [ARM-RX] [23] <2.50 -60.00 -4.00> result: 91.33 104.75 -72.40 -1.33 87.15 0.00
[09:47:48.957] [ARM-RX] [24] <2.50 -60.00 -4.00> result: 91.33 104.75 -72.40 -1.33 87.15 0.00
[09:47:48.958] [ARM-RX] [25] <2.50
[09:47:48.963] [JETSON-TX] VISION dcx=30 dcy=-20: FF 05 03 1E 00 EC FF 11 FE
[09:47:48.992] [ARM-RX] -60.00 -4.00> result: 91.33 104.75 -72.40 -1.33 87.15 0.00
[09:47:48.992] [ARM-RX] [26] <2.50 -60.00 -4.00> result: 91.33 104.75 -72.40 -1.33 87.15 0.00
[09:47:48.992] [ARM-RX] [27] <2.50 -60.00 -4.00> result: 91.33 104.75 -72.40 -1.33 87.15 0.00
[09:47:48.992] [ARM-RX] [28] <2.50 -60.00 -4.00> result: 91.33 104.75 -72.40 -
[09:47:49.017] [ARM-RX] 1.33 87.15 0.00
[09:47:49.019] [ARM-RX] [29] <2.50 -60.00 -4.00> result: 91.33 104.75 -72.40 -1.33 87.15 0.00
[09:47:49.019] [ARM-RX] [30] <2.50 -60.00 -4.00> result: 91.33 104.75 -72.40 -1.33 87.15 0.00
[09:47:49.019] [ARM-RX] [31] <2.50 -60.00 -4.00> result: 91.33 104.75 -72.40 -1.33 87.15 0.00
[09:47:49.019] [ARM-RX] [32] <2.50 -60.00 -4.00> r
[09:47:49.038] [ARM-RX] esult: 91.33 104.75 -72.40 -1.33 87.15 0.00
[09:47:49.038] [ARM-RX] [33] <2.50 -60.00 -4.00> result: 91.33 104.75 -72.40 -1.33 87.15 0.00
[09:47:49.038] [ARM-RX] [34] <2.50 -60.00 -4.00> result: 91.33 104.75 -72.40 -1.33 87.15 0.00
[09:47:49.038] [ARM-RX] [35] <2.50 -60.00 -4.00> result: 91.33 104.75 -72.40 -1.33 87.15 0.00
[09:47:49.061] [ARM-RX] [36] <2.50 -60.00 -4.00> result: 91.33 104.75 -72.40 -1.33 87.15 0.00
[09:47:49.062] [ARM-RX] [37] <2.50 -60.00 -4.00> result: 91.33 104.75 -72.40 -1.33 87.15 0.00
[09:47:49.062] [ARM-RX] [38] <2.50 -60.00 -4.00> result: 91.33 104.75 -72.40 -1.33 87.15 0.00
[09:47:49.062] [ARM-RX] [39] <2.50 -60.00 -4.00> result: 91.33 10
[09:47:49.084] [ARM-RX] 4.75 -72.40 -1.33 87.15 0.00
[09:47:49.084] [ARM-RX] [40] <2.50 -60.00 -4.00> result: 91.33 104.75 -72.40 -1.33 87.15 0.00
[09:47:49.085] [ARM-RX] [41] <2.50 -60.00 -4.00> result: 91.33 104.75 -72.40 -1.33 87.15 0.00
[09:47:49.085] [ARM-RX] [42] <2.50 -60.00 -4.00> result: 91.33 104.75 -72.40 -1.33 87.15 0.00
[09:47:49.085] [ARM-RX] [43] <2.50 -6
[09:47:49.138] [ARM-RX] 0.00 -4.00> result: 91.33 104.75 -72.40 -1.33 87.15 0.00
[09:47:49.138] [ARM-RX] [TARGET] vision state=ALIGN enabled=1 dcx=30 dcy=-20 stable=0
[09:47:49.165] [JETSON-TX] VISION dcx=30 dcy=-20: FF 05 03 1E 00 EC FF 11 FE
[09:47:49.200] [ARM-RX] [JETSON_RX] vision dcx=30 dcy=-20
[09:47:49.200] [ARM-RX] [TARGET] vision state=ALIGN enabled=1 dcx=30 dcy=-20 stable=0
[09:47:49.365] [JETSON-TX] VISION dcx=30 dcy=-20: FF 05 03 1E 00 EC FF 11 FE
[09:47:49.388] [ARM-RX] [JETSON_RX] vision dcx=30 dcy=-20
[09:47:49.388] [ARM-RX] [TARGET] vision state=ALIGN enabled=1 dcx=30 dcy=-20 stable=0
[09:47:49.566] [JETSON-TX] VISION dcx=30 dcy=-20: FF 05 03 1E 00 EC FF 11 FE
[09:47:49.638] [ARM-RX] [JETSON_RX] vision dcx=30 dcy=-20
[09:47:49.638] [ARM-RX] [TARGET] vision state=ALIGN enabled=1 dcx=30 dcy=-20 stable=0
[09:47:49.638] [ARM-RX] [joint 1] ave_error:0.32
[09:47:49.638] [ARM-RX] [joint 2] ave_error:1.24
[09:47:49.640] [ARM-RX] [joint 3] ave_error:0.28
[09:47:49.640] [ARM-RX] [joint 4] ave_error:0.33
[09:47:49.640] [ARM-RX] [joint 5] ave_error:0.21
[09:47:49.640] [ARM-RX] robot pid run finished!!
[09:47:49.700] [ARM-RX] ROBOT_AUTO_EVENT
[09:47:49.700] [ARM-RX] [0] <2.50 -60.00 -4.00> result: 91.33 104.75 -72.40 -1.33 87.15 0.00
[09:47:49.700] [ARM-RX] [1] <2.50 -60.00 -4.00> result: 9
[09:47:49.727] [ARM-RX] 1.33 104.75 -72.40 -1.33 87.16 0.00
[09:47:49.728] [ARM-RX] [2] <2.51 -60.00 -4.01> result: 91.33 104.76 -72.40 -1.34 87.16 0.00
[09:47:49.728] [ARM-RX] [3] <2.52 -60.00 -4.02> result: 91.34 104.76 -72.40 -1.34 87.17 0.00
[09:47:49.728] [ARM-RX] [4] <2.55 -60.00 -4.05> result: 91.35 104.78 -72.40 -1.36 87.18 0.00
[09:47:49.728] [ARM-RX] [5] <2.58
[09:47:49.748] [ARM-RX] -60.00 -4.08> result: 91.37 104.79 -72.40 -1.38 87.20 0.00
[09:47:49.748] [ARM-RX] [6] <2.64 -60.00 -4.14> result: 91.40 104.82 -72.41 -1.40 87.23 0.00
[09:47:49.749] [ARM-RX] [7] <2.71 -60.00 -4.21> result: 91.44 104.86 -72.41 -1.44 87.27 0.00
[09:47:49.749] [ARM-RX] [8] <2.79 -60.00 -4.29> result: 91.49 104.90 -72.41 -1.
[09:47:49.767] [JETSON-TX] VISION dcx=15 dcy=-10: FF 05 03 0F 00 F6 FF 0C FE
[09:47:49.776] [ARM-RX] 49 87.31 0.00
[09:47:49.776] [ARM-RX] [9] <2.90 -60.00 -4.40> result: 91.55 104.96 -72.41 -1.55 87.37 0.00
[09:47:49.776] [ARM-RX] [10] <3.03 -60.00 -4.53> result: 91.61 105.03 -72.41 -1.62 87.44 0.00
[09:47:49.776] [ARM-RX] [11] <3.18 -60.00 -4.68> result: 91.69 105.11 -72.42 -1.70 87.53 0.00
[09:47:49.777] [ARM-RX] [12] <3.36 -60.00 -4.86> resu
[09:47:49.793] [ARM-RX] lt: 91.79 105.20 -72.42 -1.79 87.62 0.00
[09:47:49.795] [ARM-RX] [13] <3.55 -60.00 -5.05> result: 91.89 105.30 -72.43 -1.89 87.72 0.00
[09:47:49.795] [ARM-RX] [14] <3.76 -60.00 -5.26> result: 92.00 105.41 -72.43 -2.00 87.84 0.00
[09:47:49.795] [ARM-RX] [15] <3.99 -60.00 -5.49> result: 92.12 105.53 -72.43 -2.12 87.96 0.00
[09:47:49.795] [ARM-RX] [
[09:47:49.818] [ARM-RX] 16] <4.24 -60.00 -5.74> result: 92.25 105.66 -72.44 -2.26 88.10 0.00
[09:47:49.818] [ARM-RX] [17] <4.50 -60.00 -6.00> result: 92.39 105.79 -72.44 -2.39 88.24 0.00
[09:47:49.818] [ARM-RX] [18] <4.77 -60.00 -6.27> result: 92.54 105.94 -72.45 -2.54 88.38 0.00
[09:47:49.818] [ARM-RX] [19] <5.00 -60.00 -6.50> result: 92.66 106.0
[09:47:49.841] [ARM-RX] 6 -72.45 -2.66 88.51 0.00
[09:47:49.841] [ARM-RX] [20] <5.00 -60.00 -6.50> result: 92.66 106.06 -72.45 -2.66 88.51 0.00
[09:47:49.841] [ARM-RX] [21] <5.00 -60.00 -6.50> result: 92.66 106.06 -72.45 -2.66 88.51 0.00
[09:47:49.841] [ARM-RX] [22] <5.00 -60.00 -6.50> result: 92.66 106.06 -72.45 -2.66 88.51 0.00
[09:47:49.841] [ARM-RX] [23] <5.00 -60.0
[09:47:49.864] [ARM-RX] 0 -6.50> result: 92.66 106.06 -72.45 -2.66 88.51 0.00
[09:47:49.864] [ARM-RX] [24] <5.00 -60.00 -6.50> result: 92.66 106.06 -72.45 -2.66 88.51 0.00
[09:47:49.865] [ARM-RX] [25] <5.00 -60.00 -6.50> result: 92.66 106.06 -72.45 -2.66 88.51 0.00
[09:47:49.865] [ARM-RX] [26] <5.00 -60.00 -6.50> result: 92.66 106.06 -72.45 -2.66
[09:47:49.899] [ARM-RX] 88.51 0.00
[09:47:49.900] [ARM-RX] [27] <5.00 -60.00 -6.50> result: 92.66 106.06 -72.45 -2.66 88.51 0.00
[09:47:49.900] [ARM-RX] [28] <5.00 -60.00 -6.50> result: 92.66 106.06 -72.45 -2.66 88.51 0.00
[09:47:49.900] [ARM-RX] [29] <5.00 -60.00 -6.50> result: 92.66 106.06 -72.45 -2.66 88.51 0.00
[09:47:49.900] [ARM-RX] [30] <5.00 -60.00 -6.50> result
[09:47:49.926] [ARM-RX] : 92.66 106.06 -72.45 -2.66 88.51 0.00
[09:47:49.926] [ARM-RX] [31] <5.00 -60.00 -6.50> result: 92.66 106.06 -72.45 -2.66 88.51 0.00
[09:47:49.927] [ARM-RX] [32] <5.00 -60.00 -6.50> result: 92.66 106.06 -72.45 -2.66 88.51 0.00
[09:47:49.927] [ARM-RX] [33] <5.00 -60.00 -6.50> result: 92.66 106.06 -72.45 -2.66 88.51 0.00
[09:47:49.927] [ARM-RX] [34
[09:47:49.946] [ARM-RX] ] <5.00 -60.00 -6.50> result: 92.66 106.06 -72.45 -2.66 88.51 0.00
[09:47:49.947] [ARM-RX] [35] <5.00 -60.00 -6.50> result: 92.66 106.06 -72.45 -2.66 88.51 0.00
[09:47:49.947] [ARM-RX] [36] <5.00 -60.00 -6.50> result: 92.66 106.06 -72.45 -2.66 88.51 0.00
[09:47:49.947] [ARM-RX] [37] <5.00 -60.00 -6.50> result: 92.66 106.06
[09:47:49.969] [ARM-RX] -72.45 -2.66 88.51 0.00
[09:47:49.969] [JETSON-TX] VISION dcx=15 dcy=-10: FF 05 03 0F 00 F6 FF 0C FE
[09:47:49.969] [ARM-RX] [38] <5.00 -60.00 -6.50> result: 92.66 106.06 -72.45 -2.66 88.51 0.00
[09:47:49.971] [ARM-RX] [39] <5.00 -60.00 -6.50> result: 92.66 106.06 -72.45 -2.66 88.51 0.00
[09:47:49.971] [ARM-RX] [40] <5.00 -60.00 -6.50> result: 92.66 106.06 -72.45 -2.66 88.51 0.00
[09:47:49.971] [ARM-RX] [41] <5.00 -60.00
[09:47:49.995] [ARM-RX] -6.50> result: 92.66 106.06 -72.45 -2.66 88.51 0.00
[09:47:49.995] [ARM-RX] [42] <5.00 -60.00 -6.50> result: 92.66 106.06 -72.45 -2.66 88.51 0.00
[09:47:49.996] [ARM-RX] [43] <5.00 -60.00 -6.50> result: 92.66 106.06 -72.45 -2.66 88.51 0.00
[09:47:49.996] [ARM-RX] [TARGET] vision state=ALIGN enabled=1 dcx=15 dcy=-10 stable=0
[09:47:50.058] [ARM-RX] [JETSON_RX] vision dcx=15 dcy=-10
[09:47:50.062] [ARM-RX] [TARGET] vision state=ALIGN enabled=1 dcx=15 dcy=-10 stable=0
[09:47:50.171] [JETSON-TX] VISION dcx=15 dcy=-10: FF 05 03 0F 00 F6 FF 0C FE
[09:47:50.246] [ARM-RX] [JETSON_RX] vision dcx=15 dcy=-10
[09:47:50.248] [ARM-RX] [TARGET] vision state=ALIGN enabled=1 dcx=15 dcy=-10 stable=0
[09:47:50.372] [JETSON-TX] VISION dcx=15 dcy=-10: FF 05 03 0F 00 F6 FF 0C FE
[09:47:50.435] [ARM-RX] [JETSON_RX] vision dcx=15 dcy=-10
[09:47:50.436] [ARM-RX] [TARGET] vision state=ALIGN enabled=1 dcx=15 dcy=-10 stable=0
[09:47:50.559] [ARM-RX] [joint 1] ave_error:0.48
[09:47:50.559] [ARM-RX] [joint 2] ave_error:0.43
[09:47:50.559] [ARM-RX] [joint 3] ave_error:0.08
[09:47:50.561] [ARM-RX] [joint 4] ave_error:0.42
[09:47:50.561] [ARM-RX] [joint 5] ave_error:0.17
[09:47:50.561] [ARM-RX] robot pid run finished!!
[09:47:50.573] [JETSON-TX] VISION dcx=15 dcy=-10: FF 05 03 0F 00 F6 FF 0C FE
[09:47:50.609] [ARM-RX] ROBOT_AUTO_EVENT
[09:47:50.609] [ARM-RX] [0] <5.00 -60.00 -6.50> result: 92.66 106.06 -72.45 -2.66 88.51 0.00
[09:47:50.609] [ARM-RX] [1] <5.00 -60.00 -6.50> result: 92.66 106.06 -72.45 -2.66 88.51 0.00
[09:47:50.609] [ARM-RX] [2] <5.01 -60.00 -6.51> result: 92.67 106.07 -72.45 -2.67 88.52 0.00
[09:47:50.610] [ARM-RX] [3] <5.04 -60.00 -6.54> resul
[09:47:50.637] [ARM-RX] t: 92.68 106.08 -72.45 -2.68 88.53 0.00
[09:47:50.637] [ARM-RX] [4] <5.08 -60.00 -6.58> result: 92.70 106.10 -72.45 -2.70 88.55 0.00
[09:47:50.637] [ARM-RX] [5] <5.14 -60.00 -6.64> result: 92.73 106.13 -72.45 -2.73 88.58 0.00
[09:47:50.637] [ARM-RX] [6] <5.22 -60.00 -6.72> result: 92.78 106.17 -72.45 -2.78 88.63 0.00
[09:47:50.638] [ARM-RX] [7] <
[09:47:50.657] [ARM-RX] 5.32 -60.00 -6.82> result: 92.83 106.23 -72.45 -2.83 88.68 0.00
[09:47:50.658] [ARM-RX] [8] <5.44 -60.00 -6.94> result: 92.89 106.29 -72.45 -2.89 88.74 0.00
[09:47:50.658] [ARM-RX] [9] <5.58 -60.00 -7.08> result: 92.97 106.36 -72.45 -2.97 88.82 0.00
[09:47:50.658] [ARM-RX] [10] <5.73 -60.00 -7.23> result: 93.05 106.44 -72.4
[09:47:50.681] [ARM-RX] 5 -3.05 88.90 0.00
[09:47:50.682] [ARM-RX] [11] <5.80 -60.00 -7.30> result: 93.08 106.48 -72.46 -3.09 88.94 0.00
[09:47:50.682] [ARM-RX] [12] <5.80 -60.00 -7.30> result: 93.08 106.48 -72.46 -3.09 88.94 0.00
[09:47:50.682] [ARM-RX] [13] <5.80 -60.00 -7.30> result: 93.08 106.48 -72.46 -3.09 88.94 0.00
[09:47:50.682] [ARM-RX] [14] <5.80 -60.00 -7.30
[09:47:50.706] [ARM-RX] > result: 93.08 106.48 -72.46 -3.09 88.94 0.00
[09:47:50.706] [ARM-RX] [15] <5.80 -60.00 -7.30> result: 93.08 106.48 -72.46 -3.09 88.94 0.00
[09:47:50.706] [ARM-RX] [16] <5.80 -60.00 -7.30> result: 93.08 106.48 -72.46 -3.09 88.94 0.00
[09:47:50.706] [ARM-RX] [17] <5.80 -60.00 -7.30> result: 93.08 106.48 -72.46 -3.09 88.94 0
[09:47:50.725] [ARM-RX] .00
[09:47:50.725] [ARM-RX] [18] <5.80 -60.00 -7.30> result: 93.08 106.48 -72.46 -3.09 88.94 0.00
[09:47:50.725] [ARM-RX] [19] <5.80 -60.00 -7.30> result: 93.08 106.48 -72.46 -3.09 88.94 0.00
[09:47:50.725] [ARM-RX] [20] <5.80 -60.00 -7.30> result: 93.08 106.48 -72.46 -3.09 88.94 0.00
[09:47:50.726] [ARM-RX] [21] <5.80 -60.00 -7.30> result: 93.08
[09:47:50.762] [ARM-RX] 106.48 -72.46 -3.09 88.94 0.00
[09:47:50.762] [ARM-RX] [22] <5.80 -60.00 -7.30> result: 93.08 106.48 -72.46 -3.09 88.94 0.00
[09:47:50.762] [ARM-RX] [23] <5.80 -60.00 -7.30> result: 93.08 106.48 -72.46 -3.09 88.94 0.00
[09:47:50.762] [ARM-RX] [24] <5.80 -60.00 -7.30> result: 93.08 106.48 -72.46 -3.09 88.94 0.00
[09:47:50.762] [ARM-RX] [JETSON_RX
[09:47:50.774] [JETSON-TX] VISION dcx=8 dcy=-5: FF 05 03 08 00 FB FF 0A FE
[09:47:50.824] [ARM-RX] ] vision dcx=15 dcy=-10
[09:47:50.824] [ARM-RX] [TARGET] vision state=ALIGN enabled=1 dcx=15 dcy=-10 stable=0
[09:47:50.824] [ARM-RX] [JETSON_RX] vision dcx=8 dcy=-5
[09:47:50.824] [ARM-RX] [TARGET] vision state=ALIGN enabled=1 dcx=8 dcy=-5 stable=0
[09:47:50.975] [JETSON-TX] VISION dcx=8 dcy=-5: FF 05 03 08 00 FB FF 0A FE
[09:47:51.011] [ARM-RX] [JETSON_RX] vision dcx=8 dcy=-5
[09:47:51.011] [ARM-RX] [TARGET] vision state=ALIGN enabled=1 dcx=8 dcy=-5 stable=0
[09:47:51.137] [ARM-RX] [joint 1] ave_error:0.40
[09:47:51.137] [ARM-RX] [joint 2] ave_error:0.42
[09:47:51.137] [ARM-RX] [joint 3] ave_error:0.04
[09:47:51.138] [ARM-RX] [joint 4] ave_error:0.28
[09:47:51.138] [ARM-RX] [joint 5] ave_error:0.05
[09:47:51.138] [ARM-RX] robot pid run finished!!
[09:47:51.175] [JETSON-TX] VISION dcx=8 dcy=-5: FF 05 03 08 00 FB FF 0A FE
[09:47:51.184] [ARM-RX] ROBOT_AUTO_EVENT
[09:47:51.184] [ARM-RX] [0] <5.80 -60.00 -7.30> result: 93.08 106.48 -72.46 -3.09 88.94 0.00
[09:47:51.186] [ARM-RX] [1] <5.80 -60.00 -7.30> result: 93.09 106.48 -72.46 -3.09 88.94 0.00
[09:47:51.186] [ARM-RX] [2] <5.81 -60.00 -7.31> result: 93.09 106.49 -72.46 -3.09 88.94 0.00
[09:47:51.186] [ARM-RX] [3] <5.84 -60.00 -7.34> resul
[09:47:51.209] [ARM-RX] t: 93.10 106.50 -72.46 -3.10 88.96 0.00
[09:47:51.209] [ARM-RX] [4] <5.88 -60.00 -7.38> result: 93.13 106.52 -72.46 -3.13 88.98 0.00
[09:47:51.210] [ARM-RX] [5] <5.94 -60.00 -7.44> result: 93.16 106.55 -72.46 -3.16 89.01 0.00
[09:47:51.210] [ARM-RX] [6] <6.02 -60.00 -7.52> result: 93.20 106.60 -72.46 -3.20 89.05 0.00
[09:47:51.210] [ARM-RX] [7] <
[09:47:51.230] [ARM-RX] 6.12 -60.00 -7.62> result: 93.25 106.65 -72.46 -3.25 89.11 0.00
[09:47:51.230] [ARM-RX] [8] <6.24 -60.00 -7.74> result: 93.32 106.71 -72.46 -3.32 89.17 0.00
[09:47:51.230] [ARM-RX] [9] <6.38 -60.00 -7.88> result: 93.39 106.79 -72.46 -3.39 89.25 0.00
[09:47:51.230] [ARM-RX] [10] <6.53 -60.00 -8.03> result: 93.47 106.87 -72.4
[09:47:51.253] [ARM-RX] 6 -3.47 89.33 0.00
[09:47:51.253] [ARM-RX] [11] <6.60 -60.00 -8.10> result: 93.51 106.90 -72.46 -3.51 89.36 0.00
[09:47:51.254] [ARM-RX] [12] <6.60 -60.00 -8.10> result: 93.51 106.90 -72.46 -3.51 89.36 0.00
[09:47:51.254] [ARM-RX] [13] <6.60 -60.00 -8.10> result: 93.51 106.90 -72.46 -3.51 89.36 0.00
[09:47:51.254] [ARM-RX] [14] <6.60 -60.00 -8.10
[09:47:51.277] [ARM-RX] > result: 93.51 106.90 -72.46 -3.51 89.36 0.00
[09:47:51.277] [ARM-RX] [15] <6.60 -60.00 -8.10> result: 93.51 106.90 -72.46 -3.51 89.36 0.00
[09:47:51.282] [ARM-RX] [16] <6.60 -60.00 -8.10> result: 93.51 106.90 -72.46 -3.51 89.36 0.00
[09:47:51.282] [ARM-RX] [17] <6.60 -60.00 -8.10> result: 93.51 106.90 -72.46 -3.51 89.36 0
[09:47:51.304] [ARM-RX] .00
[09:47:51.306] [ARM-RX] [18] <6.60 -60.00 -8.10> result: 93.51 106.90 -72.46 -3.51 89.36 0.00
[09:47:51.306] [ARM-RX] [19] <6.60 -60.00 -8.10> result: 93.51 106.90 -72.46 -3.51 89.36 0.00
[09:47:51.306] [ARM-RX] [20] <6.60 -60.00 -8.10> result: 93.51 106.90 -72.46 -3.51 89.36 0.00
[09:47:51.306] [ARM-RX] [21] <6.60 -60.00 -8.10> result: 93.51
[09:47:51.336] [ARM-RX] 106.90 -72.46 -3.51 89.36 0.00
[09:47:51.336] [ARM-RX] [22] <6.60 -60.00 -8.10> result: 93.51 106.90 -72.46 -3.51 89.36 0.00
[09:47:51.336] [ARM-RX] [23] <6.60 -60.00 -8.10> result: 93.51 106.90 -72.46 -3.51 89.36 0.00
[09:47:51.336] [ARM-RX] [24] <6.60 -60.00 -8.10> result: 93.51 106.90 -72.46 -3.51 89.36 0.00
[09:47:51.336] [ARM-RX] [JETSON_RX
[09:47:51.376] [JETSON-TX] VISION dcx=8 dcy=-5: FF 05 03 08 00 FB FF 0A FE
[09:47:51.387] [ARM-RX] ] vision dcx=8 dcy=-5
[09:47:51.387] [ARM-RX] [TARGET] vision state=ALIGN enabled=1 dcx=8 dcy=-5 stable=0
[09:47:51.449] [ARM-RX] [JETSON_RX] vision dcx=8 dcy=-5
[09:47:51.449] [ARM-RX] [TARGET] vision state=ALIGN enabled=1 dcx=8 dcy=-5 stable=0
[09:47:51.577] [JETSON-TX] VISION dcx=8 dcy=-5: FF 05 03 08 00 FB FF 0A FE
[09:47:51.636] [ARM-RX] [JETSON_RX] vision dcx=8 dcy=-5
[09:47:51.636] [ARM-RX] [TARGET] vision state=ALIGN enabled=1 dcx=8 dcy=-5 stable=0
[09:47:51.698] [ARM-RX] [joint 1] ave_error:0.40
[09:47:51.698] [ARM-RX] [joint 2] ave_error:0.44
[09:47:51.698] [ARM-RX] [joint 3] ave_error:0.03
[09:47:51.698] [ARM-RX] [joint 4] ave_error:0.23
[09:47:51.698] [ARM-RX] [joint 5] ave_error:0.06
[09:47:51.699] [ARM-RX] robot pid run finished!!
[09:47:51.759] [ARM-RX] ROBOT_AUTO_EVENT
[09:47:51.759] [ARM-RX] [0] <6.60 -60.00 -8.10> result: 93.51 106.90 -72.46 -3.51 89.36 0.00
[09:47:51.759] [ARM-RX] [1] <6.60 -60.00 -8.10> result: 93.51 106.91 -72.46 -3.51 89.37 0.00
[09:47:51.759] [ARM-RX] [2] <6.61 -60.00 -8.11> result: 93.52 106.91 -72.46 -3.52 89.37 0.00
[09:47:51.760] [ARM-RX] [3] <6.64 -60
[09:47:51.778] [JETSON-TX] VISION dcx=0 dcy=0: FF 05 03 00 00 00 00 08 FE
[09:47:51.783] [ARM-RX] .00 -8.14> result: 93.53 106.92 -72.46 -3.53 89.38 0.00
[09:47:51.784] [ARM-RX] [4] <6.68 -60.00 -8.18> result: 93.55 106.94 -72.46 -3.55 89.41 0.00
[09:47:51.784] [ARM-RX] [5] <6.74 -60.00 -8.24> result: 93.58 106.98 -72.46 -3.58 89.44 0.00
[09:47:51.784] [ARM-RX] [6] <6.82 -60.00 -8.32> result: 93.62 107.02 -72.46 -3.62 8
[09:47:51.808] [ARM-RX] 9.48 0.00
[09:47:51.808] [ARM-RX] [7] <6.92 -60.00 -8.42> result: 93.68 107.07 -72.46 -3.68 89.53 0.00
[09:47:51.808] [ARM-RX] [8] <7.04 -60.00 -8.54> result: 93.74 107.14 -72.46 -3.74 89.60 0.00
[09:47:51.808] [ARM-RX] [9] <7.18 -60.00 -8.68> result: 93.82 107.21 -72.46 -3.82 89.67 0.00
[09:47:51.808] [ARM-RX] [10] <7.33 -60.00 -8.83> result: 93
[09:47:51.829] [ARM-RX] .90 107.29 -72.46 -3.90 89.75 0.00
[09:47:51.829] [ARM-RX] [11] <7.40 -60.00 -8.90> result: 93.93 107.33 -72.46 -3.93 89.79 0.00
[09:47:51.830] [ARM-RX] [12] <7.40 -60.00 -8.90> result: 93.93 107.33 -72.46 -3.93 89.79 0.00
[09:47:51.830] [ARM-RX] [13] <7.40 -60.00 -8.90> result: 93.93 107.33 -72.46 -3.93 89.79 0.00
[09:47:51.830] [ARM-RX] [14] <7
[09:47:51.862] [ARM-RX] .40 -60.00 -8.90> result: 93.93 107.33 -72.46 -3.93 89.79 0.00
[09:47:51.862] [ARM-RX] [15] <7.40 -60.00 -8.90> result: 93.93 107.33 -72.46 -3.93 89.79 0.00
[09:47:51.862] [ARM-RX] [16] <7.40 -60.00 -8.90> result: 93.93 107.33 -72.46 -3.93 89.79 0.00
[09:47:51.862] [ARM-RX] [17] <7.40 -60.00 -8.90> result: 93.93 107.33 -72.
[09:47:51.877] [ARM-RX] 46 -3.93 89.79 0.00
[09:47:51.877] [ARM-RX] [18] <7.40 -60.00 -8.90> result: 93.93 107.33 -72.46 -3.93 89.79 0.00
[09:47:51.878] [ARM-RX] [19] <7.40 -60.00 -8.90> result: 93.93 107.33 -72.46 -3.93 89.79 0.00
[09:47:51.878] [ARM-RX] [20] <7.40 -60.00 -8.90> result: 93.93 107.33 -72.46 -3.93 89.79 0.00
[09:47:51.878] [ARM-RX] [21] <7.40 -60.00 -8.9
[09:47:51.899] [ARM-RX] 0> result: 93.93 107.33 -72.46 -3.93 89.79 0.00
[09:47:51.900] [ARM-RX] [22] <7.40 -60.00 -8.90> result: 93.93 107.33 -72.46 -3.93 89.79 0.00
[09:47:51.900] [ARM-RX] [23] <7.40 -60.00 -8.90> result: 93.93 107.33 -72.46 -3.93 89.79 0.00
[09:47:51.900] [ARM-RX] [24] <7.40 -60.00 -8.90> result: 93.93 107.33 -72.46 -3.93 89.79
[09:47:51.962] [ARM-RX] 0.00
[09:47:51.962] [ARM-RX] [JETSON_RX] vision dcx=0 dcy=0
[09:47:51.962] [ARM-RX] [TARGET] vision state=ALIGN enabled=1 dcx=0 dcy=0 stable=0
[09:47:51.979] [JETSON-TX] VISION dcx=0 dcy=0: FF 05 03 00 00 00 00 08 FE
[09:47:52.024] [ARM-RX] [JETSON_RX] vision dcx=0 dcy=0
[09:47:52.026] [ARM-RX] [TARGET] vision state=ALIGN enabled=1 dcx=0 dcy=0 stable=1
[09:47:52.187] [JETSON-TX] VISION dcx=0 dcy=0: FF 05 03 00 00 00 00 08 FE
[09:47:52.213] [ARM-RX] [JETSON_RX] vision dcx=0 dcy=0
[09:47:52.214] [ARM-RX] [TARGET] vision state=ALIGN enabled=1 dcx=0 dcy=0 stable=2
[09:47:52.260] [JETSON-RX] CC 02 01 DD
[09:47:52.260] [JETSON-STATUS] ALIGN_DONE: CC 02 01 DD
[09:47:52.260] [DEMO-ACTION] 已对准：请按住 P000 KEY 允许激光输出。
[09:47:52.276] [ARM-RX] [joint 1] ave_error:0.40
[09:47:52.276] [ARM-RX] [joint 2] ave_error:0.46
[09:47:52.276] [ARM-RX] [joint 3] ave_error:0.03
[09:47:52.276] [ARM-RX] [joint 4] ave_error:0.20
[09:47:52.277] [ARM-RX] [joint 5] ave_error:0.06
[09:47:52.277] [ARM-RX] robot pid run finished!!
[09:47:52.388] [JETSON-TX] VISION dcx=0 dcy=0: FF 05 03 00 00 00 00 08 FE
[09:47:52.462] [ARM-RX] [JETSON_RX] vision dcx=0 dcy=0
[09:47:52.462] [ARM-RX] [TARGET] vision state=CONFIRM enabled=1 dcx=0 dcy=0 stable=0
[09:47:52.589] [JETSON-TX] VISION dcx=0 dcy=0: FF 05 03 00 00 00 00 08 FE
[09:47:52.650] [ARM-RX] [JETSON_RX] vision dcx=0 dcy=0
[09:47:52.650] [ARM-RX] [TARGET] vision state=CONFIRM enabled=1 dcx=0 dcy=0 stable=0
[09:47:52.789] [JETSON-TX] VISION dcx=0 dcy=0: FF 05 03 00 00 00 00 08 FE
[09:47:52.837] [ARM-RX] [JETSON_RX] vision dcx=0 dcy=0
[09:47:52.837] [ARM-RX] [TARGET] vision state=CONFIRM enabled=1 dcx=0 dcy=0 stable=0
[09:47:52.990] [JETSON-TX] VISION dcx=0 dcy=0: FF 05 03 00 00 00 00 08 FE
[09:47:53.027] [ARM-RX] [JETSON_RX] vision dcx=0 dcy=0
[09:47:53.027] [ARM-RX] [TARGET] vision state=CONFIRM enabled=1 dcx=0 dcy=0 stable=0
[09:47:53.191] [JETSON-TX] VISION dcx=0 dcy=0: FF 05 03 00 00 00 00 08 FE
[09:47:53.278] [ARM-RX] [JETSON_RX] vision dcx=0 dcy=0
[09:47:53.278] [ARM-RX] [TARGET] vision state=CONFIRM enabled=1 dcx=0 dcy=0 stable=0
[09:47:53.392] [JETSON-TX] VISION dcx=0 dcy=0: FF 05 03 00 00 00 00 08 FE
[09:47:53.467] [ARM-RX] [JETSON_RX] vision dcx=0 dcy=0
[09:47:53.467] [ARM-RX] [TARGET] vision state=CONFIRM enabled=1 dcx=0 dcy=0 stable=0
[09:47:53.593] [JETSON-TX] VISION dcx=0 dcy=0: FF 05 03 00 00 00 00 08 FE
[09:47:53.655] [ARM-RX] [JETSON_RX] vision dcx=0 dcy=0
[09:47:53.655] [ARM-RX] [TARGET] vision state=CONFIRM enabled=1 dcx=0 dcy=0 stable=0
[09:47:53.794] [JETSON-TX] VISION dcx=0 dcy=0: FF 05 03 00 00 00 00 08 FE
[09:47:53.844] [ARM-RX] [JETSON_RX] vision dcx=0 dcy=0
[09:47:53.844] [ARM-RX] [TARGET] vision state=CONFIRM enabled=1 dcx=0 dcy=0 stable=0
[09:47:53.995] [JETSON-TX] VISION dcx=0 dcy=0: FF 05 03 00 00 00 00 08 FE
[09:47:54.033] [ARM-RX] [JETSON_RX] vision dcx=0 dcy=0
[09:47:54.033] [ARM-RX] [TARGET] vision state=CONFIRM enabled=1 dcx=0 dcy=0 stable=0
[09:47:54.196] [JETSON-TX] VISION dcx=0 dcy=0: FF 05 03 00 00 00 00 08 FE
[09:47:54.220] [ARM-RX] [JETSON_RX] vision dcx=0 dcy=0
[09:47:54.220] [ARM-RX] [TARGET] vision state=CONFIRM enabled=1 dcx=0 dcy=0 stable=0
[09:47:54.397] [JETSON-TX] VISION dcx=0 dcy=0: FF 05 03 00 00 00 00 08 FE
[09:47:54.409] [ARM-RX] [JETSON_RX] vision dcx=0 dcy=0
[09:47:54.409] [ARM-RX] [TARGET] vision state=CONFIRM enabled=1 dcx=0 dcy=0 stable=0
[09:47:54.597] [JETSON-TX] VISION dcx=0 dcy=0: FF 05 03 00 00 00 00 08 FE
[09:47:54.659] [ARM-RX] [JETSON_RX] vision dcx=0 dcy=0
[09:47:54.659] [ARM-RX] [TARGET] vision state=CONFIRM enabled=1 dcx=0 dcy=0 stable=0
[09:47:54.798] [JETSON-TX] VISION dcx=0 dcy=0: FF 05 03 00 00 00 00 08 FE
[09:47:54.847] [ARM-RX] [JETSON_RX] vision dcx=0 dcy=0
[09:47:54.847] [ARM-RX] [TARGET] vision state=CONFIRM enabled=1 dcx=0 dcy=0 stable=0
[09:47:54.999] [JETSON-TX] VISION dcx=0 dcy=0: FF 05 03 00 00 00 00 08 FE
[09:47:55.033] [ARM-RX] [JETSON_RX] vision dcx=0 dcy=0
[09:47:55.033] [ARM-RX] [TARGET] vision state=CONFIRM enabled=1 dcx=0 dcy=0 stable=0
[09:47:55.200] [JETSON-TX] VISION dcx=0 dcy=0: FF 05 03 00 00 00 00 08 FE
[09:47:55.282] [ARM-RX] [JETSON_RX] vision dcx=0 dcy=0
[09:47:55.282] [ARM-RX] [TARGET] vision state=CONFIRM enabled=1 dcx=0 dcy=0 stable=0
[09:47:55.401] [JETSON-TX] VISION dcx=0 dcy=0: FF 05 03 00 00 00 00 08 FE
[09:47:55.470] [ARM-RX] [JETSON_RX] vision dcx=0 dcy=0
[09:47:55.470] [ARM-RX] [TARGET] vision state=CONFIRM enabled=1 dcx=0 dcy=0 stable=0
[09:47:55.602] [JETSON-TX] VISION dcx=0 dcy=0: FF 05 03 00 00 00 00 08 FE
[09:47:55.659] [ARM-RX] [JETSON_RX] vision dcx=0 dcy=0
[09:47:55.659] [ARM-RX] [TARGET] vision state=CONFIRM enabled=1 dcx=0 dcy=0 stable=0
[09:47:55.802] [JETSON-TX] VISION dcx=0 dcy=0: FF 05 03 00 00 00 00 08 FE
[09:47:55.846] [ARM-RX] [JETSON_RX] vision dcx=0 dcy=0
[09:47:55.846] [ARM-RX] [TARGET] vision state=CONFIRM enabled=1 dcx=0 dcy=0 stable=0
[09:47:56.003] [JETSON-TX] VISION dcx=0 dcy=0: FF 05 03 00 00 00 00 08 FE
[09:47:56.034] [ARM-RX] [JETSON_RX] vision dcx=0 dcy=0
[09:47:56.034] [ARM-RX] [TARGET] vision state=CONFIRM enabled=1 dcx=0 dcy=0 stable=0
[09:47:56.204] [JETSON-TX] VISION dcx=0 dcy=0: FF 05 03 00 00 00 00 08 FE
[09:47:56.280] [ARM-RX] [JETSON_RX] vision dcx=0 dcy=0
[09:47:56.280] [ARM-RX] [TARGET] vision state=CONFIRM enabled=1 dcx=0 dcy=0 stable=0
[09:47:56.405] [JETSON-TX] VISION dcx=0 dcy=0: FF 05 03 00 00 00 00 08 FE
[09:47:56.468] [ARM-RX] [JETSON_RX] vision dcx=0 dcy=0
[09:47:56.468] [ARM-RX] [TARGET] vision state=CONFIRM enabled=1 dcx=0 dcy=0 stable=0
[09:47:56.606] [JETSON-TX] VISION dcx=0 dcy=0: FF 05 03 00 00 00 00 08 FE
[09:47:56.655] [ARM-RX] [JETSON_RX] vision dcx=0 dcy=0
[09:47:56.655] [ARM-RX] [TARGET] vision state=CONFIRM enabled=1 dcx=0 dcy=0 stable=0
[09:47:56.807] [JETSON-TX] VISION dcx=0 dcy=0: FF 05 03 00 00 00 00 08 FE
[09:47:56.844] [ARM-RX] [JETSON_RX] vision dcx=0 dcy=0
[09:47:56.844] [ARM-RX] [TARGET] vision state=CONFIRM enabled=1 dcx=0 dcy=0 stable=0
[09:47:57.008] [JETSON-TX] VISION dcx=0 dcy=0: FF 05 03 00 00 00 00 08 FE
[09:47:57.031] [ARM-RX] [JETSON_RX] vision dcx=0 dcy=0
[09:47:57.031] [ARM-RX] [TARGET] vision state=CONFIRM enabled=1 dcx=0 dcy=0 stable=0
[09:47:57.209] [JETSON-TX] VISION dcx=0 dcy=0: FF 05 03 00 00 00 00 08 FE
[09:47:57.281] [ARM-RX] [JETSON_RX] vision dcx=0 dcy=0
[09:47:57.281] [ARM-RX] [TARGET] vision state=CONFIRM enabled=1 dcx=0 dcy=0 stable=0
[09:47:57.409] [JETSON-TX] VISION dcx=0 dcy=0: FF 05 03 00 00 00 00 08 FE
[09:47:57.468] [ARM-RX] [JETSON_RX] vision dcx=0 dcy=0
[09:47:57.468] [ARM-RX] [TARGET] vision state=CONFIRM enabled=1 dcx=0 dcy=0 stable=0
[09:47:57.611] [JETSON-TX] VISION dcx=0 dcy=0: FF 05 03 00 00 00 00 08 FE
[09:47:57.623] [JETSON-RX] CC 03 01 DD
[09:47:57.623] [JETSON-STATUS] OUTPUT_ON: CC 03 01 DD
[09:47:57.623] [DEMO-ACTION] 激光已输出：需要关闭时松开 P000 KEY。
[09:47:57.654] [ARM-RX] [JETSON_RX] vision dcx=0 dcy=0
[09:47:57.654] [ARM-RX] [TARGET] vision state=OUTPUT enabled=1 dcx=0 dcy=0 stable=0
[09:47:58.184] [JETSON-RX] CC 03 00 DD
[09:47:58.184] [JETSON-STATUS] OUTPUT_OFF: CC 03 00 DD
[09:47:58.184] [JETSON-INFO] 已停止周期视觉发送
[09:47:58.185] [JETSON-TX] TARGET_CTRL_STOP: AA 01 00 BB
[09:47:58.185] [DEMO-INFO] 检测到 OUTPUT_OFF，演示流程结束。
[09:47:58.215] [ARM-RX] [JETSON_RX] target_ctrl=0
[09:47:58.262] [JETSON-RX] CC 04 00 DD
[09:47:58.262] [JETSON-STATUS] TARGET_CTRL_OFF: CC 04 00 DD
[09:49:12.524] [ARM-TX] 发送命令 soft_reset: soft_reset
[09:49:12.584] [ARM-RX] Found handler for 'soft_reset', executing...
[09:49:12.584] [ARM-RX] ROBOT_SOFT_RESET_EVENT
[09:49:12.584] [ARM-RX] --- Starting soft reset ---
[09:49:12.771] [ARM-RX] Soft reset motors enabled (J1~J5, J6 skipped).
[09:49:12.771] [ARM-RX] Soft resetting joint 4...
[09:49:12.833] [ARM-RX] robot_update_current_angle 4...
[09:49:12.833] [ARM-RX] [4] current:89.78, target:90.00, dir:1
[09:49:12.961] [ARM-RX] Soft resetting joint 3...
[09:49:12.961] [ARM-RX] robot_update_current_angle 3...
[09:49:12.961] [ARM-RX] [3] current:-3.82, target:0.00, dir:1
[09:49:13.712] [ARM-RX] Soft resetting joint 1...
[09:49:13.712] [ARM-RX] robot_update_current_angle 1...
[09:49:13.712] [ARM-RX] [1] current:107.01, target:90.00, dir:-1
[09:49:15.333] [ARM-RX] soft reset joint 1 settle timeout, keep going
[09:49:15.333] [ARM-RX] Soft resetting joint 2...
[09:49:15.333] [ARM-RX] robot_update_current_angle 2...
[09:49:15.333] [ARM-RX] [2] current:-72.43, target:-90.00, dir:-1
[09:49:17.079] [ARM-RX] soft reset joint 2 settle timeout, keep going
[09:49:17.079] [ARM-RX] Soft resetting joint 0...
[09:49:17.080] [ARM-RX] robot_update_current_angle 0...
[09:49:17.080] [ARM-RX] [0] current:93.61, target:90.00, dir:-1
[09:49:17.829] [ARM-RX] soft reset final verify PASS (issues:2), pose set HOME.
[09:49:19.674] [DEMO-INFO] 演示配置已保存
[09:49:19.674] [DEMO-INFO] 一键定靶演示开始
[09:49:19.675] [JETSON-TX] TARGET_CTRL_START: AA 01 01 BB
[09:49:19.728] [ARM-RX] [JETSON_RX] target_ctrl=1
[09:49:19.728] [ARM-RX] ROBOT_AUTO_EVENT
[09:49:19.728] [ARM-RX] [0] <0.00 0.00 0.00> result: 90.00 90.00 -90.00 0.00 90.00 0.00
[09:49:19.728] [ARM-RX] [1] <0.00 -0.00 -0.00> result: 90.00 90.00 -90.00 0.00 90.00 0.00
[09:49:19.728] [ARM-RX] [2] <0.00 -0.00 -0.00> result: 90.00 90.00 -90.00 0.00 90.00 0.00
[09:49:19.729] [ARM-RX] [3] <0.00 -0.
[09:49:19.742] [ARM-RX] 01 -0.00> result: 90.00 90.00 -90.00 0.00 90.00 0.00
[09:49:19.742] [ARM-RX] [4] <0.00 -0.02 -0.00> result: 90.00 90.01 -90.00 0.00 90.00 0.00
[09:49:19.742] [ARM-RX] [5] <0.00 -0.03 -0.00> result: 90.00 90.01 -89.99 0.00 90.00 0.00
[09:49:19.742] [ARM-RX] [6] <0.00 -0.05 -0.00> result: 90.00 90.02 -89.99 0.00 90.00 0.00
[09:49:19.743] [JETSON-RX] CC 04 01 DD
[09:49:19.743] [JETSON-STATUS] TARGET_CTRL_ON: CC 04 01 DD
[09:49:19.743] [ARM-RX] [
[09:49:19.763] [ARM-RX] 7] <0.00 -0.07 -0.00> result: 90.00 90.02 -89.98 0.00 90.00 0.00
[09:49:19.763] [ARM-RX] [8] <0.00 -0.11 -0.00> result: 90.00 90.03 -89.97 0.00 90.00 0.00
[09:49:19.764] [ARM-RX] [9] <0.00 -0.15 -0.00> result: 90.00 90.05 -89.96 0.00 90.00 0.00
[09:49:19.764] [ARM-RX] [10] <0.00 -0.20 -0.01> result: 90.00 90.06 -89.94 0.00
[09:49:19.787] [ARM-RX] 90.01 0.00
[09:49:19.787] [ARM-RX] [11] <0.00 -0.27 -0.01> result: 90.00 90.08 -89.92 0.00 90.01 0.00
[09:49:19.788] [ARM-RX] [12] <0.00 -0.34 -0.01> result: 90.00 90.11 -89.90 0.00 90.01 0.00
[09:49:19.788] [ARM-RX] [13] <0.00 -0.43 -0.01> result: 90.00 90.14 -89.88 0.00 90.01 0.00
[09:49:19.788] [ARM-RX] [14] <0.00 -0.54 -0.01> result: 90.00 90
[09:49:19.809] [ARM-RX] .17 -89.85 0.00 90.02 0.00
[09:49:19.810] [ARM-RX] [15] <0.00 -0.65 -0.02> result: 90.00 90.20 -89.81 0.00 90.02 0.00
[09:49:19.810] [ARM-RX] [16] <0.00 -0.79 -0.02> result: 90.00 90.25 -89.78 0.00 90.02 0.00
[09:49:19.810] [ARM-RX] [17] <0.00 -0.94 -0.02> result: 90.00 90.29 -89.73 0.00 90.03 0.00
[09:49:19.810] [ARM-RX] [18] <0.00 -1.10 -0.03>
[09:49:19.833] [ARM-RX] result: 90.00 90.34 -89.69 0.00 90.03 0.00
[09:49:19.834] [ARM-RX] [19] <0.00 -1.29 -0.03> result: 90.00 90.40 -89.63 0.00 90.03 0.00
[09:49:19.834] [ARM-RX] [20] <0.00 -1.49 -0.04> result: 90.00 90.46 -89.57 0.00 90.04 0.00
[09:49:19.834] [ARM-RX] [21] <0.00 -1.72 -0.04> result: 90.00 90.53 -89.51 0.00 90.04 0.00
[09:49:19.835] [ARM-RX] [22] <0.
[09:49:19.854] [ARM-RX] 00 -1.97 -0.05> result: 90.00 90.61 -89.44 0.00 90.05 0.00
[09:49:19.855] [ARM-RX] [23] <0.00 -2.23 -0.06> result: 90.00 90.69 -89.36 0.00 90.05 0.00
[09:49:19.855] [ARM-RX] [24] <0.00 -2.52 -0.06> result: 90.00 90.77 -89.28 0.00 90.05 0.00
[09:49:19.855] [ARM-RX] [25] <0.00 -2.84 -0.07> result: 90.00 90.87 -89.19 0.00 90.0
[09:49:19.889] [ARM-RX] 6 0.00
[09:49:19.890] [ARM-RX] [26] <0.00 -3.17 -0.08> result: 90.00 90.97 -89.10 0.00 90.06 0.00
[09:49:19.890] [ARM-RX] [27] <0.00 -3.53 -0.09> result: 90.00 91.07 -88.99 0.00 90.06 0.00
[09:49:19.890] [ARM-RX] [28] <0.00 -3.92 -0.10> result: 90.00 91.18 -88.88 0.00 90.07 0.00
[09:49:19.890] [ARM-RX] [29] <0.00 -4.33 -0.11> result: 90.00 91.30
[09:49:19.912] [ARM-RX] -88.76 0.00 90.07 0.00
[09:49:19.912] [ARM-RX] [30] <0.00 -4.77 -0.12> result: 90.00 91.43 -88.64 0.00 90.07 0.00
[09:49:19.913] [ARM-RX] [31] <0.00 -5.23 -0.13> result: 90.00 91.56 -88.51 0.00 90.07 0.00
[09:49:19.913] [ARM-RX] [32] <0.00 -5.72 -0.14> result: 90.00 91.70 -88.37 0.00 90.07 0.00
[09:49:19.913] [ARM-RX] [33] <0.00 -6.24 -0.16> resu
[09:49:19.936] [ARM-RX] lt: 90.00 91.85 -88.22 0.00 90.06 0.00
[09:49:19.936] [ARM-RX] [34] <0.00 -6.79 -0.17> result: 90.00 92.00 -88.06 0.00 90.06 0.00
[09:49:19.936] [ARM-RX] [35] <0.00 -7.36 -0.18> result: 90.00 92.16 -87.89 0.00 90.05 0.00
[09:49:19.936] [ARM-RX] [36] <0.00 -7.96 -0.20> result: 90.00 92.32 -87.72 0.00 90.04 0.00
[09:49:19.937] [ARM-RX] [37] <0.00 -
[09:49:19.958] [ARM-RX] 8.60 -0.21> result: 90.00 92.49 -87.54 0.00 90.03 0.00
[09:49:19.958] [ARM-RX] [38] <0.00 -9.26 -0.23> result: 90.00 92.67 -87.35 0.00 90.02 0.00
[09:49:19.958] [ARM-RX] [39] <0.00 -9.95 -0.25> result: 90.00 92.85 -87.15 0.00 90.00 0.00
[09:49:19.958] [ARM-RX] [40] <0.00 -10.67 -0.27> result: 90.00 93.04 -86.94 0.00 89.98 0
[09:49:19.980] [ARM-RX] .00
[09:49:19.987] [ARM-RX] [41] <0.00 -11.42 -0.29> result: 90.00 93.24 -86.72 0.00 89.96 0.00
[09:49:19.987] [ARM-RX] [42] <0.00 -12.20 -0.30> result: 90.00 93.44 -86.50 0.00 89.93 0.00
[09:49:19.987] [ARM-RX] [43] <0.00 -13.01 -0.33> result: 90.00 93.64 -86.26 0.00 89.91 0.00
[09:49:19.987] [ARM-RX] [44] <0.00 -13.85 -0.35> result: 90.00 93.85
[09:49:20.004] [ARM-RX] -86.02 0.00 89.87 0.00
[09:49:20.004] [ARM-RX] [45] <0.00 -14.72 -0.37> result: 90.00 94.07 -85.77 0.00 89.84 0.00
[09:49:20.004] [ARM-RX] [46] <0.00 -15.62 -0.39> result: 90.00 94.29 -85.51 0.00 89.80 0.00
[09:49:20.004] [ARM-RX] [47] <0.00 -16.55 -0.41> result: 90.00 94.52 -85.24 0.00 89.75 0.00
[09:49:20.005] [ARM-RX] [48] <0.00 -17.51 -0.44>
[09:49:20.027] [ARM-RX] result: 90.00 94.75 -84.96 0.00 89.70 0.00
[09:49:20.027] [ARM-RX] [49] <0.00 -18.49 -0.46> result: 90.00 94.98 -84.67 0.00 89.65 0.00
[09:49:20.027] [ARM-RX] [50] <0.00 -19.51 -0.49> result: 90.00 95.22 -84.37 0.00 89.59 0.00
[09:49:20.028] [ARM-RX] [51] <0.00 -20.56 -0.51> result: 90.00 95.47 -84.06 0.00 89.53 0.00
[09:49:20.028] [ARM-RX] [52]
[09:49:20.054] [ARM-RX] <0.00 -21.64 -0.54> result: 90.00 95.71 -83.75 0.00 89.46 0.00
[09:49:20.054] [ARM-RX] [53] <0.00 -22.74 -0.57> result: 90.00 95.97 -83.43 0.00 89.39 0.00
[09:49:20.054] [ARM-RX] [54] <0.00 -23.88 -0.60> result: 90.00 96.22 -83.09 0.00 89.32 0.00
[09:49:20.054] [ARM-RX] [55] <0.00 -25.04 -0.63> result: 90.00 96.48 -82.75 0
[09:49:20.083] [ARM-RX] .00 89.23 0.00
[09:49:20.083] [ARM-RX] [56] <0.00 -26.23 -0.66> result: 90.00 96.74 -82.40 0.00 89.15 0.00
[09:49:20.084] [ARM-RX] [57] <0.00 -27.44 -0.69> result: 90.00 97.01 -82.05 0.00 89.06 0.00
[09:49:20.084] [ARM-RX] [58] <0.00 -28.68 -0.72> result: 90.00 97.28 -81.68 0.00 88.96 0.00
[09:49:20.084] [ARM-RX] [59] <0.00 -29.95 -0.75> result:
[09:49:20.106] [ARM-RX] 90.00 97.55 -81.31 0.00 88.86 0.00
[09:49:20.106] [ARM-RX] [60] <0.00 -31.25 -0.78> result: 90.00 97.83 -80.92 0.00 88.75 0.00
[09:49:20.106] [ARM-RX] [61] <0.00 -32.57 -0.81> result: 90.00 98.10 -80.53 0.00 88.64 0.00
[09:49:20.106] [ARM-RX] [62] <0.00 -33.91 -0.85> result: 90.00 98.39 -80.14 0.00 88.52 0.00
[09:49:20.107] [ARM-RX] [63] <0.00 -3
[09:49:20.129] [ARM-RX] 5.28 -0.88> result: 90.00 98.67 -79.73 0.00 88.40 0.00
[09:49:20.129] [ARM-RX] [64] <0.00 -36.67 -0.92> result: 90.00 98.95 -79.32 0.00 88.27 0.00
[09:49:20.129] [ARM-RX] [65] <0.00 -38.08 -0.95> result: 90.00 99.24 -78.90 0.00 88.14 0.00
[09:49:20.129] [ARM-RX] [66] <0.00 -39.51 -0.99> result: 90.00 99.53 -78.47 0.00 88.00
[09:49:20.153] [ARM-RX] 0.00
[09:49:20.153] [ARM-RX] [67] <0.00 -40.97 -1.02> result: 90.00 99.82 -78.04 0.00 87.86 0.00
[09:49:20.153] [ARM-RX] [68] <0.00 -42.44 -1.06> result: 90.00 100.11 -77.60 0.00 87.71 0.00
[09:49:20.153] [ARM-RX] [69] <0.00 -43.94 -1.10> result: 90.00 100.41 -77.15 0.00 87.56 0.00
[09:49:20.153] [ARM-RX] [70] <0.00 -45.45 -1.14> result: 90.00 1
[09:49:20.176] [ARM-RX] 00.70 -76.70 0.00 87.41 0.00
[09:49:20.176] [ARM-RX] [71] <0.00 -46.98 -1.17> result: 90.00 101.00 -76.24 0.00 87.25 0.00
[09:49:20.176] [ARM-RX] [72] <0.00 -48.53 -1.21> result: 90.00 101.30 -75.78 0.00 87.08 0.00
[09:49:20.176] [ARM-RX] [73] <0.00 -50.09 -1.25> result: 90.00 101.60 -75.31 0.00 86.91 0.00
[09:49:20.177] [ARM-RX] [74] <0.00 -51.6
[09:49:20.199] [ARM-RX] 7 -1.29> result: 90.00 101.90 -74.84 0.00 86.74 0.00
[09:49:20.199] [ARM-RX] [75] <0.00 -53.26 -1.33> result: 90.00 102.20 -74.36 0.00 86.56 0.00
[09:49:20.199] [ARM-RX] [76] <0.00 -54.86 -1.37> result: 90.00 102.51 -73.87 0.00 86.38 0.00
[09:49:20.199] [ARM-RX] [77] <0.00 -56.48 -1.41> result: 90.00 102.81 -73.39 0.00 86.2
[09:49:20.221] [ARM-RX] 0 0.00
[09:49:20.222] [ARM-RX] [78] <0.00 -58.11 -1.45> result: 90.00 103.11 -72.89 0.00 86.01 0.00
[09:49:20.222] [ARM-RX] [79] <0.00 -59.75 -1.49> result: 90.00 103.42 -72.40 0.00 85.82 0.00
[09:49:20.222] [ARM-RX] [80] <0.00 -60.00 -1.50> result: 90.00 103.47 -72.32 0.00 85.79 0.00
[09:49:20.222] [ARM-RX] [81] <0.00 -60.00 -1.50> result: 90.00
[09:49:20.256] [ARM-RX] 103.47 -72.32 0.00 85.79 0.00
[09:49:20.256] [ARM-RX] [82] <0.00 -60.00 -1.50> result: 90.00 103.47 -72.32 0.00 85.79 0.00
[09:49:20.256] [ARM-RX] [83] <0.00 -60.00 -1.50> result: 90.00 103.47 -72.32 0.00 85.79 0.00
[09:49:20.256] [ARM-RX] [84] <0.00 -60.00 -1.50> result: 90.00 103.47 -72.32 0.00 85.79 0.00
[09:49:20.257] [ARM-RX] [85] <0.00 -60
[09:49:20.278] [ARM-RX] .00 -1.50> result: 90.00 103.47 -72.32 0.00 85.79 0.00
[09:49:20.278] [ARM-RX] [86] <0.00 -60.00 -1.50> result: 90.00 103.47 -72.32 0.00 85.79 0.00
[09:49:20.279] [ARM-RX] [87] <0.00 -60.00 -1.50> result: 90.00 103.47 -72.32 0.00 85.79 0.00
[09:49:20.279] [ARM-RX] [88] <0.00 -60.00 -1.50> result: 90.00 103.47 -72.32 0.00 85
[09:49:20.304] [ARM-RX] .79 0.00
[09:49:20.304] [ARM-RX] [89] <0.00 -60.00 -1.50> result: 90.00 103.47 -72.32 0.00 85.79 0.00
[09:49:20.304] [ARM-RX] [90] <0.00 -60.00 -1.50> result: 90.00 103.47 -72.32 0.00 85.79 0.00
[09:49:20.305] [ARM-RX] [91] <0.00 -60.00 -1.50> result: 90.00 103.47 -72.32 0.00 85.79 0.00
[09:49:20.305] [ARM-RX] [92] <0.00 -60.00 -1.50> result: 90.
[09:49:20.324] [ARM-RX] 00 103.47 -72.32 0.00 85.79 0.00
[09:49:20.324] [ARM-RX] [93] <0.00 -60.00 -1.50> result: 90.00 103.47 -72.32 0.00 85.79 0.00
[09:49:20.324] [ARM-RX] [94] <0.00 -60.00 -1.50> result: 90.00 103.47 -72.32 0.00 85.79 0.00
[09:49:20.324] [ARM-RX] [95] <0.00 -60.00 -1.50> result: 90.00 103.47 -72.32 0.00 85.79 0.00
[09:49:20.326] [ARM-RX] [96] <0.00 -
[09:49:20.348] [ARM-RX] 60.00 -1.50> result: 90.00 103.47 -72.32 0.00 85.79 0.00
[09:49:20.348] [ARM-RX] [97] <0.00 -60.00 -1.50> result: 90.00 103.47 -72.32 0.00 85.79 0.00
[09:49:20.348] [ARM-RX] [98] <0.00 -60.00 -1.50> result: 90.00 103.47 -72.32 0.00 85.79 0.00
[09:49:20.348] [ARM-RX] [99] <0.00 -60.00 -1.50> result: 90.00 103.47 -72.32 0.00
[09:49:20.370] [ARM-RX] 85.79 0.00
[09:49:20.371] [ARM-RX] [100] <0.00 -60.00 -1.50> result: 90.00 103.47 -72.32 0.00 85.79 0.00
[09:49:20.371] [ARM-RX] [101] <0.00 -60.00 -1.50> result: 90.00 103.47 -72.32 0.00 85.79 0.00
[09:49:20.371] [ARM-RX] [102] <0.00 -60.00 -1.50> result: 90.00 103.47 -72.32 0.00 85.79 0.00
[09:49:20.371] [ARM-RX] [103] <0.00 -60.00 -1.50> resul
[09:49:20.393] [ARM-RX] t: 90.00 103.47 -72.32 0.00 85.79 0.00
[09:49:20.394] [ARM-RX] [104] <0.00 -60.00 -1.50> result: 90.00 103.47 -72.32 0.00 85.79 0.00
[09:49:20.394] [ARM-RX] [105] <0.00 -60.00 -1.50> result: 90.00 103.47 -72.32 0.00 85.79 0.00
[09:49:20.394] [ARM-RX] [106] <0.00 -60.00 -1.50> result: 90.00 103.47 -72.32 0.00 85.79 0.00
[09:49:20.394] [ARM-RX] [10
[09:49:20.416] [ARM-RX] 7] <0.00 -60.00 -1.50> result: 90.00 103.47 -72.32 0.00 85.79 0.00
[09:49:20.417] [ARM-RX] [108] <0.00 -60.00 -1.50> result: 90.00 103.47 -72.32 0.00 85.79 0.00
[09:49:20.417] [ARM-RX] [109] <0.00 -60.00 -1.50> result: 90.00 103.47 -72.32 0.00 85.79 0.00
[09:49:20.417] [ARM-RX] [110] <0.00 -60.00 -1.50> result: 90.00 103.47
[09:49:20.450] [ARM-RX] -72.32 0.00 85.79 0.00
[09:49:20.450] [ARM-RX] [111] <0.00 -60.00 -1.50> result: 90.00 103.47 -72.32 0.00 85.79 0.00
[09:49:20.450] [ARM-RX] [112] <0.00 -60.00 -1.50> result: 90.00 103.47 -72.32 0.00 85.79 0.00
[09:49:20.450] [ARM-RX] [113] <0.00 -60.00 -1.50> result: 90.00 103.47 -72.32 0.00 85.79 0.00
[09:49:20.452] [ARM-RX] [114] <0.00 -60.00
[09:49:20.473] [ARM-RX] -1.50> result: 90.00 103.47 -72.32 0.00 85.79 0.00
[09:49:20.474] [ARM-RX] [115] <0.00 -60.00 -1.50> result: 90.00 103.47 -72.32 0.00 85.79 0.00
[09:49:20.474] [ARM-RX] [116] <0.00 -60.00 -1.50> result: 90.00 103.47 -72.32 0.00 85.79 0.00
[09:49:20.474] [ARM-RX] [117] <0.00 -60.00 -1.50> result: 90.00 103.47 -72.32 0.00 85
[09:49:20.496] [ARM-RX] .79 0.00
[09:49:20.496] [ARM-RX] [118] <0.00 -60.00 -1.50> result: 90.00 103.47 -72.32 0.00 85.79 0.00
[09:49:20.496] [ARM-RX] [119] <0.00 -60.00 -1.50> result: 90.00 103.47 -72.32 0.00 85.79 0.00
[09:49:20.496] [ARM-RX] [120] <0.00 -60.00 -1.50> result: 90.00 103.47 -72.32 0.00 85.79 0.00
[09:49:20.496] [ARM-RX] [121] <0.00 -60.00 -1.50> result:
[09:49:20.519] [ARM-RX] 90.00 103.47 -72.32 0.00 85.79 0.00
[09:49:20.520] [ARM-RX] [122] <0.00 -60.00 -1.50> result: 90.00 103.47 -72.32 0.00 85.79 0.00
[09:49:20.520] [ARM-RX] [123] <0.00 -60.00 -1.50> result: 90.00 103.47 -72.32 0.00 85.79 0.00
[09:49:20.520] [ARM-RX] [124] <0.00 -60.00 -1.50> result: 90.00 103.47 -72.32 0.00 85.79 0.00
[09:49:20.520] [ARM-RX] [125]
[09:49:20.542] [ARM-RX] <0.00 -60.00 -1.50> result: 90.00 103.47 -72.32 0.00 85.79 0.00
[09:49:20.543] [ARM-RX] [126] <0.00 -60.00 -1.50> result: 90.00 103.47 -72.32 0.00 85.79 0.00
[09:49:20.543] [ARM-RX] [127] <0.00 -60.00 -1.50> result: 90.00 103.47 -72.32 0.00 85.79 0.00
[09:49:20.543] [ARM-RX] [128] <0.00 -60.00 -1.50> result: 90.00 103.47 -
[09:49:20.565] [ARM-RX] 72.32 0.00 85.79 0.00
[09:49:20.566] [ARM-RX] [129] <0.00 -60.00 -1.50> result: 90.00 103.47 -72.32 0.00 85.79 0.00
[09:49:20.566] [ARM-RX] [130] <0.00 -60.00 -1.50> result: 90.00 103.47 -72.32 0.00 85.79 0.00
[09:49:20.567] [ARM-RX] [131] <0.00 -60.00 -1.50> result: 90.00 103.47 -72.32 0.00 85.79 0.00
[09:49:20.567] [ARM-RX] [132] <0.00 -60.00 -
[09:49:20.588] [ARM-RX] 1.50> result: 90.00 103.47 -72.32 0.00 85.79 0.00
[09:49:20.588] [ARM-RX] [133] <0.00 -60.00 -1.50> result: 90.00 103.47 -72.32 0.00 85.79 0.00
[09:49:20.588] [ARM-RX] [134] <0.00 -60.00 -1.50> result: 90.00 103.47 -72.32 0.00 85.79 0.00
[09:49:20.588] [ARM-RX] [135] <0.00 -60.00 -1.50> result: 90.00 103.47 -72.32 0.00 85.7
[09:49:20.622] [ARM-RX] 9 0.00
[09:49:20.623] [ARM-RX] [136] <0.00 -60.00 -1.50> result: 90.00 103.47 -72.32 0.00 85.79 0.00
[09:49:20.623] [ARM-RX] [137] <0.00 -60.00 -1.50> result: 90.00 103.47 -72.32 0.00 85.79 0.00
[09:49:20.623] [ARM-RX] [138] <0.00 -60.00 -1.50> result: 90.00 103.47 -72.32 0.00 85.79 0.00
[09:49:20.623] [ARM-RX] [139] <0.00 -60.00 -1.50> result: 9
[09:49:20.646] [ARM-RX] 0.00 103.47 -72.32 0.00 85.79 0.00
[09:49:20.646] [ARM-RX] [140] <0.00 -60.00 -1.50> result: 90.00 103.47 -72.32 0.00 85.79 0.00
[09:49:20.646] [ARM-RX] [141] <0.00 -60.00 -1.50> result: 90.00 103.47 -72.32 0.00 85.79 0.00
[09:49:20.646] [ARM-RX] [142] <0.00 -60.00 -1.50> result: 90.00 103.47 -72.32 0.00 85.79 0.00
[09:49:20.646] [ARM-RX] [143] <
[09:49:20.672] [ARM-RX] 0.00 -60.00 -1.50> result: 90.00 103.47 -72.32 0.00 85.79 0.00
[09:49:20.672] [ARM-RX] [144] <0.00 -60.00 -1.50> result: 90.00 103.47 -72.32 0.00 85.79 0.00
[09:49:20.672] [ARM-RX] [145] <0.00 -60.00 -1.50> result: 90.00 103.47 -72.32 0.00 85.79 0.00
[09:49:20.673] [ARM-RX] [146] <0.00 -60.00 -1.50> result: 90.00 103.47 -72
[09:49:20.692] [ARM-RX] .32 0.00 85.79 0.00
[09:49:20.692] [ARM-RX] [147] <0.00 -60.00 -1.50> result: 90.00 103.47 -72.32 0.00 85.79 0.00
[09:49:20.692] [ARM-RX] [148] <0.00 -60.00 -1.50> result: 90.00 103.47 -72.32 0.00 85.79 0.00
[09:49:20.692] [ARM-RX] [149] <0.00 -60.00 -1.50> result: 90.00 103.47 -72.32 0.00 85.79 0.00
[09:49:20.693] [ARM-RX] [150] <0.00 -60.00 -1.
[09:49:20.717] [ARM-RX] 50> result: 90.00 103.47 -72.32 0.00 85.79 0.00
[09:49:20.717] [ARM-RX] [151] <0.00 -60.00 -1.50> result: 90.00 103.47 -72.32 0.00 85.79 0.00
[09:49:20.718] [ARM-RX] [152] <0.00 -60.00 -1.50> result: 90.00 103.47 -72.32 0.00 85.79 0.00
[09:49:20.718] [ARM-RX] [153] <0.00 -60.00 -1.50> result: 90.00 103.47 -72.32 0.00 85.79
[09:49:20.740] [ARM-RX] 0.00
[09:49:20.740] [ARM-RX] [154] <0.00 -60.00 -1.50> result: 90.00 103.47 -72.32 0.00 85.79 0.00
[09:49:20.740] [ARM-RX] [155] <0.00 -60.00 -1.50> result: 90.00 103.47 -72.32 0.00 85.79 0.00
[09:49:20.741] [ARM-RX] [156] <0.00 -60.00 -1.50> result: 90.00 103.47 -72.32 0.00 85.79 0.00
[09:49:20.741] [ARM-RX] [157] <0.00 -60.00 -1.50> result: 90.
[09:49:20.760] [ARM-RX] 00 103.47 -72.32 0.00 85.79 0.00
[09:49:20.761] [ARM-RX] [158] <0.00 -60.00 -1.50> result: 90.00 103.47 -72.32 0.00 85.79 0.00
[09:49:20.761] [ARM-RX] [159] <0.00 -60.00 -1.50> result: 90.00 103.47 -72.32 0.00 85.79 0.00
[09:49:20.761] [ARM-RX] [160] <0.00 -60.00 -1.50> result: 90.00 103.47 -72.32 0.00 85.79 0.00
[09:49:20.762] [ARM-RX] [161] <0.
[09:49:20.793] [ARM-RX] 00 -60.00 -1.50> result: 90.00 103.47 -72.32 0.00 85.79 0.00
[09:49:20.794] [ARM-RX] [162] <0.00 -60.00 -1.50> result: 90.00 103.47 -72.32 0.00 85.79 0.00
[09:49:20.794] [ARM-RX] [163] <0.00 -60.00 -1.50> result: 90.00 103.47 -72.32 0.00 85.79 0.00
[09:49:20.794] [ARM-RX] [164] <0.00 -60.00 -1.50> result: 90.00 103.47 -72.3
[09:49:20.819] [ARM-RX] 2 0.00 85.79 0.00
[09:49:20.819] [ARM-RX] [165] <0.00 -60.00 -1.50> result: 90.00 103.47 -72.32 0.00 85.79 0.00
[09:49:20.820] [ARM-RX] [166] <0.00 -60.00 -1.50> result: 90.00 103.47 -72.32 0.00 85.79 0.00
[09:49:20.820] [ARM-RX] [167] <0.00 -60.00 -1.50> result: 90.00 103.47 -72.32 0.00 85.79 0.00
[09:49:20.820] [ARM-RX] [168] <0.00 -60.00 -1.50
[09:49:20.840] [ARM-RX] > result: 90.00 103.47 -72.32 0.00 85.79 0.00
[09:49:20.840] [ARM-RX] [169] <0.00 -60.00 -1.50> result: 90.00 103.47 -72.32 0.00 85.79 0.00
[09:49:20.841] [ARM-RX] [170] <0.00 -60.00 -1.50> result: 90.00 103.47 -72.32 0.00 85.79 0.00
[09:49:20.841] [ARM-RX] [171] <0.00 -60.00 -1.50> result: 90.00 103.47 -72.32 0.00 85.79 0.
[09:49:20.863] [ARM-RX] 00
[09:49:20.864] [ARM-RX] [172] <0.00 -60.00 -1.50> result: 90.00 103.47 -72.32 0.00 85.79 0.00
[09:49:20.864] [ARM-RX] [173] <0.00 -60.00 -1.50> result: 90.00 103.47 -72.32 0.00 85.79 0.00
[09:49:20.864] [ARM-RX] [174] <0.00 -60.00 -1.50> result: 90.00 103.47 -72.32 0.00 85.79 0.00
[09:49:20.864] [ARM-RX] [175] <0.00 -60.00 -1.50> result: 90.00
[09:49:20.917] [ARM-RX] 103.47 -72.32 0.00 85.79 0.00
[09:49:20.917] [ARM-RX] [176] <0.00 -60.00 -1.50> result: 90.00 103.47 -72.32 0.00 85.79 0.00
[09:49:22.790] [ARM-RX] [joint 1] ave_error:0.00
[09:49:22.790] [ARM-RX] [joint 2] ave_error:2.94
[09:49:22.790] [ARM-RX] [joint 3] ave_error:2.47
[09:49:22.792] [ARM-RX] [joint 4] ave_error:0.00
[09:49:22.792] [ARM-RX] [joint 5] ave_error:0.28
[09:49:22.792] [ARM-RX] robot pid run finished!!
[09:49:22.854] [JETSON-RX] CC 01 01 DD
[09:49:22.854] [JETSON-STATUS] READY: CC 01 01 DD
[09:49:22.854] [DEMO-INFO] 开始发送视觉序列: 30,-20:5;15,-10:5;8,-5:5;0,0:30
[09:49:22.855] [JETSON-TX] VISION dcx=30 dcy=-20: FF 05 03 1E 00 EC FF 11 FE
[09:49:22.901] [ARM-RX] [JETSON_RX] vision dcx=30 dcy=-20
[09:49:22.901] [ARM-RX] [TARGET] vision state=WAIT_DETECT enabled=1 dcx=30 dcy=-20 stable=0
[09:49:22.902] [ARM-RX] ROBOT_AUTO_EVENT
[09:49:22.902] [ARM-RX] [0] <0.00 -60.00 -1.50> result: 90.00 103.47 -72.32 0.00 85.79 0.00
[09:49:22.902] [ARM-RX] [1] <0.00 -60.00 -1.50> result: 90.00 103.47 -72.32 -0.00 85.79 0.
[09:49:22.925] [ARM-RX] 00
[09:49:22.925] [ARM-RX] [2] <0.01 -60.00 -1.51> result: 90.00 103.47 -72.32 -0.00 85.79 0.00
[09:49:22.925] [ARM-RX] [3] <0.02 -60.00 -1.52> result: 90.01 103.48 -72.32 -0.01 85.80 0.00
[09:49:22.925] [ARM-RX] [4] <0.05 -60.00 -1.55> result: 90.02 103.49 -72.32 -0.02 85.81 0.00
[09:49:22.925] [ARM-RX] [5] <0.08 -60.00 -1.58> result: 90.04 103.
[09:49:22.947] [ARM-RX] 51 -72.32 -0.04 85.83 0.00
[09:49:22.948] [ARM-RX] [6] <0.14 -60.00 -1.64> result: 90.07 103.54 -72.33 -0.07 85.86 0.00
[09:49:22.948] [ARM-RX] [7] <0.21 -60.00 -1.71> result: 90.11 103.57 -72.33 -0.11 85.90 0.00
[09:49:22.948] [ARM-RX] [8] <0.29 -60.00 -1.79> result: 90.16 103.62 -72.33 -0.16 85.95 0.00
[09:49:22.948] [ARM-RX] [9] <0.40 -60.00 -
[09:49:22.970] [ARM-RX] 1.90> result: 90.21 103.67 -72.34 -0.22 86.01 0.00
[09:49:22.970] [ARM-RX] [10] <0.53 -60.00 -2.03> result: 90.28 103.74 -72.34 -0.28 86.08 0.00
[09:49:22.970] [ARM-RX] [11] <0.68 -60.00 -2.18> result: 90.36 103.82 -72.35 -0.36 86.16 0.00
[09:49:22.970] [ARM-RX] [12] <0.86 -60.00 -2.36> result: 90.46 103.90 -72.35 -0.46 86.
[09:49:22.993] [ARM-RX] 26 0.00
[09:49:22.994] [ARM-RX] [13] <1.05 -60.00 -2.55> result: 90.56 104.00 -72.36 -0.56 86.36 0.00
[09:49:22.994] [ARM-RX] [14] <1.26 -60.00 -2.76> result: 90.67 104.11 -72.37 -0.67 86.48 0.00
[09:49:22.994] [ARM-RX] [15] <1.49 -60.00 -2.99> result: 90.79 104.23 -72.37 -0.79 86.60 0.00
[09:49:22.994] [ARM-RX] [16] <1.74 -60.00 -3.24> result: 9
[09:49:23.028] [ARM-RX] 0.92 104.36 -72.38 -0.93 86.74 0.00
[09:49:23.029] [ARM-RX] [17] <2.00 -60.00 -3.50> result: 91.06 104.49 -72.39 -1.06 86.88 0.00
[09:49:23.029] [ARM-RX] [18] <2.27 -60.00 -3.77> result: 91.21 104.63 -72.40 -1.21 87.03 0.00
[09:49:23.029] [ARM-RX] [19] <2.50 -60.00 -4.00> result: 91.33 104.75 -72.40 -1.33 87.15 0.00
[09:49:23.029] [ARM-RX] [20] <
[09:49:23.052] [ARM-RX] 2.50 -60.00 -4.00> result: 91.33 104.75 -72.40 -1.33 87.15 0.00
[09:49:23.052] [ARM-RX] [21] <2.50 -60.00 -4.00> result: 91.33 104.75 -72.40 -1.33 87.15 0.00
[09:49:23.052] [ARM-RX] [22] <2.50 -60.00 -4.00> result: 91.33 104.75 -72.40 -1.33 87.15 0.00
[09:49:23.052] [ARM-RX] [23] <2.50 -60.00 -4.00> result: 91.33 104.75 -72
[09:49:23.055] [JETSON-TX] VISION dcx=30 dcy=-20: FF 05 03 1E 00 EC FF 11 FE
[09:49:23.074] [ARM-RX] .40 -1.33 87.15 0.00
[09:49:23.075] [ARM-RX] [24] <2.50 -60.00 -4.00> result: 91.33 104.75 -72.40 -1.33 87.15 0.00
[09:49:23.075] [ARM-RX] [25] <2.50 -60.00 -4.00> result: 91.33 104.75 -72.40 -1.33 87.15 0.00
[09:49:23.075] [ARM-RX] [26] <2.50 -60.00 -4.00> result: 91.33 104.75 -72.40 -1.33 87.15 0.00
[09:49:23.075] [ARM-RX] [27] <2.50 -60.00 -4.
[09:49:23.099] [ARM-RX] 00> result: 91.33 104.75 -72.40 -1.33 87.15 0.00
[09:49:23.100] [ARM-RX] [28] <2.50 -60.00 -4.00> result: 91.33 104.75 -72.40 -1.33 87.15 0.00
[09:49:23.100] [ARM-RX] [29] <2.50 -60.00 -4.00> result: 91.33 104.75 -72.40 -1.33 87.15 0.00
[09:49:23.100] [ARM-RX] [30] <2.50 -60.00 -4.00> result: 91.33 104.75 -72.40 -1.33 87.15
[09:49:23.120] [ARM-RX] 0.00
[09:49:23.121] [ARM-RX] [31] <2.50 -60.00 -4.00> result: 91.33 104.75 -72.40 -1.33 87.15 0.00
[09:49:23.121] [ARM-RX] [32] <2.50 -60.00 -4.00> result: 91.33 104.75 -72.40 -1.33 87.15 0.00
[09:49:23.121] [ARM-RX] [33] <2.50 -60.00 -4.00> result: 91.33 104.75 -72.40 -1.33 87.15 0.00
[09:49:23.121] [ARM-RX] [34] <2.50 -60.00 -4.00> result: 91.
[09:49:23.145] [ARM-RX] 33 104.75 -72.40 -1.33 87.15 0.00
[09:49:23.145] [ARM-RX] [35] <2.50 -60.00 -4.00> result: 91.33 104.75 -72.40 -1.33 87.15 0.00
[09:49:23.145] [ARM-RX] [36] <2.50 -60.00 -4.00> result: 91.33 104.75 -72.40 -1.33 87.15 0.00
[09:49:23.146] [ARM-RX] [37] <2.50 -60.00 -4.00> result: 91.33 104.75 -72.40 -1.33 87.15 0.00
[09:49:23.146] [ARM-RX] [38] <2.
[09:49:23.167] [ARM-RX] 50 -60.00 -4.00> result: 91.33 104.75 -72.40 -1.33 87.15 0.00
[09:49:23.168] [ARM-RX] [39] <2.50 -60.00 -4.00> result: 91.33 104.75 -72.40 -1.33 87.15 0.00
[09:49:23.168] [ARM-RX] [40] <2.50 -60.00 -4.00> result: 91.33 104.75 -72.40 -1.33 87.15 0.00
[09:49:23.168] [ARM-RX] [41] <2.50 -60.00 -4.00> result: 91.33 104.75 -72.4
[09:49:23.225] [ARM-RX] 0 -1.33 87.15 0.00
[09:49:23.225] [ARM-RX] [42] <2.50 -60.00 -4.00> result: 91.33 104.75 -72.40 -1.33 87.15 0.00
[09:49:23.225] [ARM-RX] [43] <2.50 -60.00 -4.00> result: 91.33 104.75 -72.40 -1.33 87.15 0.00
[09:49:23.225] [ARM-RX] [TARGET] vision state=ALIGN enabled=1 dcx=30 dcy=-20 stable=0
[09:49:23.262] [JETSON-TX] VISION dcx=30 dcy=-20: FF 05 03 1E 00 EC FF 11 FE
[09:49:23.288] [ARM-RX] [JETSON_RX] vision dcx=30 dcy=-20
[09:49:23.288] [ARM-RX] [TARGET] vision state=ALIGN enabled=1 dcx=30 dcy=-20 stable=0
[09:49:23.462] [JETSON-TX] VISION dcx=30 dcy=-20: FF 05 03 1E 00 EC FF 11 FE
[09:49:23.536] [ARM-RX] [JETSON_RX] vision dcx=30 dcy=-20
[09:49:23.538] [ARM-RX] [TARGET] vision state=ALIGN enabled=1 dcx=30 dcy=-20 stable=0
[09:49:23.663] [JETSON-TX] VISION dcx=30 dcy=-20: FF 05 03 1E 00 EC FF 11 FE
[09:49:23.724] [ARM-RX] [JETSON_RX] vision dcx=30 dcy=-20
[09:49:23.724] [ARM-RX] [TARGET] vision state=ALIGN enabled=1 dcx=30 dcy=-20 stable=0
[09:49:23.786] [ARM-RX] [joint 1] ave_error:0.32
[09:49:23.786] [ARM-RX] [joint 2] ave_error:1.23
[09:49:23.786] [ARM-RX] [joint 3] ave_error:0.26
[09:49:23.786] [ARM-RX] [joint 4] ave_error:0.33
[09:49:23.786] [ARM-RX] [joint 5] ave_error:0.20
[09:49:23.787] [ARM-RX] robot pid run finished!!
[09:49:23.809] [ARM-RX] ROBOT_AUTO_EVENT
[09:49:23.809] [ARM-RX] [0] <2.50 -60.00 -4.00> result: 91.33 104.75 -72.40 -1.33 87.15 0.00
[09:49:23.809] [ARM-RX] [1] <2.50 -60.00 -4.00> result: 91.33 104.75 -72.40 -1.33 87.16 0.00
[09:49:23.809] [ARM-RX] [2] <2.51 -60.00 -4.01> result: 91.33 104.76 -72.40 -1.34 87.16 0.00
[09:49:23.809] [ARM-RX] [3] <2.52 -60.00 -4.02> resul
[09:49:23.831] [ARM-RX] t: 91.34 104.76 -72.40 -1.34 87.17 0.00
[09:49:23.831] [ARM-RX] [4] <2.55 -60.00 -4.05> result: 91.35 104.78 -72.40 -1.36 87.18 0.00
[09:49:23.831] [ARM-RX] [5] <2.58 -60.00 -4.08> result: 91.37 104.79 -72.40 -1.38 87.20 0.00
[09:49:23.831] [ARM-RX] [6] <2.64 -60.00 -4.14> result: 91.40 104.82 -72.41 -1.40 87.23 0.00
[09:49:23.832] [ARM-RX] [7] <
[09:49:23.856] [ARM-RX] 2.71 -60.00 -4.21> result: 91.44 104.86 -72.41 -1.44 87.27 0.00
[09:49:23.856] [ARM-RX] [8] <2.79 -60.00 -4.29> result: 91.49 104.90 -72.41 -1.49 87.31 0.00
[09:49:23.856] [ARM-RX] [9] <2.90 -60.00 -4.40> result: 91.55 104.96 -72.41 -1.55 87.37 0.00
[09:49:23.856] [ARM-RX] [10] <3.03 -60.00 -4.53> result: 91.61 105.03 -72.4
[09:49:23.864] [JETSON-TX] VISION dcx=15 dcy=-10: FF 05 03 0F 00 F6 FF 0C FE
[09:49:23.877] [ARM-RX] 1 -1.62 87.44 0.00
[09:49:23.879] [ARM-RX] [11] <3.18 -60.00 -4.68> result: 91.69 105.11 -72.42 -1.70 87.53 0.00
[09:49:23.879] [ARM-RX] [12] <3.36 -60.00 -4.86> result: 91.79 105.20 -72.42 -1.79 87.62 0.00
[09:49:23.879] [ARM-RX] [13] <3.55 -60.00 -5.05> result: 91.89 105.30 -72.43 -1.89 87.72 0.00
[09:49:23.879] [ARM-RX] [14] <3.76 -60.00 -5.26
[09:49:23.902] [ARM-RX] > result: 92.00 105.41 -72.43 -2.00 87.84 0.00
[09:49:23.902] [ARM-RX] [15] <3.99 -60.00 -5.49> result: 92.12 105.53 -72.43 -2.12 87.96 0.00
[09:49:23.902] [ARM-RX] [16] <4.24 -60.00 -5.74> result: 92.25 105.66 -72.44 -2.26 88.10 0.00
[09:49:23.902] [ARM-RX] [17] <4.50 -60.00 -6.00> result: 92.39 105.79 -72.44 -2.39 88.24 0
[09:49:23.925] [ARM-RX] .00
[09:49:23.925] [ARM-RX] [18] <4.77 -60.00 -6.27> result: 92.54 105.94 -72.45 -2.54 88.38 0.00
[09:49:23.925] [ARM-RX] [19] <5.00 -60.00 -6.50> result: 92.66 106.06 -72.45 -2.66 88.51 0.00
[09:49:23.925] [ARM-RX] [20] <5.00 -60.00 -6.50> result: 92.66 106.06 -72.45 -2.66 88.51 0.00
[09:49:23.926] [ARM-RX] [21] <5.00 -60.00 -6.50> result: 92.66
[09:49:23.946] [ARM-RX] 106.06 -72.45 -2.66 88.51 0.00
[09:49:23.948] [ARM-RX] [22] <5.00 -60.00 -6.50> result: 92.66 106.06 -72.45 -2.66 88.51 0.00
[09:49:23.948] [ARM-RX] [23] <5.00 -60.00 -6.50> result: 92.66 106.06 -72.45 -2.66 88.51 0.00
[09:49:23.948] [ARM-RX] [24] <5.00 -60.00 -6.50> result: 92.66 106.06 -72.45 -2.66 88.51 0.00
[09:49:23.948] [ARM-RX] [25] <5.00
[09:49:23.981] [ARM-RX] -60.00 -6.50> result: 92.66 106.06 -72.45 -2.66 88.51 0.00
[09:49:23.981] [ARM-RX] [26] <5.00 -60.00 -6.50> result: 92.66 106.06 -72.45 -2.66 88.51 0.00
[09:49:23.982] [ARM-RX] [27] <5.00 -60.00 -6.50> result: 92.66 106.06 -72.45 -2.66 88.51 0.00
[09:49:23.982] [ARM-RX] [28] <5.00 -60.00 -6.50> result: 92.66 106.06 -72.45
[09:49:24.004] [ARM-RX] -2.66 88.51 0.00
[09:49:24.004] [ARM-RX] [29] <5.00 -60.00 -6.50> result: 92.66 106.06 -72.45 -2.66 88.51 0.00
[09:49:24.005] [ARM-RX] [30] <5.00 -60.00 -6.50> result: 92.66 106.06 -72.45 -2.66 88.51 0.00
[09:49:24.005] [ARM-RX] [31] <5.00 -60.00 -6.50> result: 92.66 106.06 -72.45 -2.66 88.51 0.00
[09:49:24.005] [ARM-RX] [32] <5.00 -60.00 -6.50>
[09:49:24.037] [ARM-RX] result: 92.66 106.06 -72.45 -2.66 88.51 0.00
[09:49:24.037] [ARM-RX] [33] <5.00 -60.00 -6.50> result: 92.66 106.06 -72.45 -2.66 88.51 0.00
[09:49:24.038] [ARM-RX] [34] <5.00 -60.00 -6.50> result: 92.66 106.06 -72.45 -2.66 88.51 0.00
[09:49:24.038] [ARM-RX] [35] <5.00 -60.00 -6.50> result: 92.66 106.06 -72.45 -2.66 88.51 0.0
[09:49:24.052] [ARM-RX] 0
[09:49:24.052] [ARM-RX] [36] <5.00 -60.00 -6.50> result: 92.66 106.06 -72.45 -2.66 88.51 0.00
[09:49:24.052] [ARM-RX] [37] <5.00 -60.00 -6.50> result: 92.66 106.06 -72.45 -2.66 88.51 0.00
[09:49:24.052] [ARM-RX] [38] <5.00 -60.00 -6.50> result: 92.66 106.06 -72.45 -2.66 88.51 0.00
[09:49:24.052] [ARM-RX] [39] <5.00 -60.00 -6.50> result: 92.66 1
[09:49:24.065] [JETSON-TX] VISION dcx=15 dcy=-10: FF 05 03 0F 00 F6 FF 0C FE
[09:49:24.074] [ARM-RX] 06.06 -72.45 -2.66 88.51 0.00
[09:49:24.074] [ARM-RX] [40] <5.00 -60.00 -6.50> result: 92.66 106.06 -72.45 -2.66 88.51 0.00
[09:49:24.074] [ARM-RX] [41] <5.00 -60.00 -6.50> result: 92.66 106.06 -72.45 -2.66 88.51 0.00
[09:49:24.074] [ARM-RX] [42] <5.00 -60.00 -6.50> result: 92.66 106.06 -72.45 -2.66 88.51 0.00
[09:49:24.075] [ARM-RX] [43] <5.00 -
[09:49:24.131] [ARM-RX] 60.00 -6.50> result: 92.66 106.06 -72.45 -2.66 88.51 0.00
[09:49:24.131] [ARM-RX] [TARGET] vision state=ALIGN enabled=1 dcx=15 dcy=-10 stable=0
[09:49:24.131] [ARM-RX] [JETSON_RX] vision dcx=15 dcy=-10
[09:49:24.131] [ARM-RX] [TARGET] vision state=ALIGN enabled=1 dcx=15 dcy=-10 stable=0
[09:49:24.266] [JETSON-TX] VISION dcx=15 dcy=-10: FF 05 03 0F 00 F6 FF 0C FE
[09:49:24.316] [ARM-RX] [JETSON_RX] vision dcx=15 dcy=-10
[09:49:24.316] [ARM-RX] [TARGET] vision state=ALIGN enabled=1 dcx=15 dcy=-10 stable=0
[09:49:24.467] [JETSON-TX] VISION dcx=15 dcy=-10: FF 05 03 0F 00 F6 FF 0C FE
[09:49:24.504] [ARM-RX] [JETSON_RX] vision dcx=15 dcy=-10
[09:49:24.504] [ARM-RX] [TARGET] vision state=ALIGN enabled=1 dcx=15 dcy=-10 stable=0
[09:49:24.628] [ARM-RX] [joint 1] ave_error:0.48
[09:49:24.628] [ARM-RX] [joint 2] ave_error:0.43
[09:49:24.628] [ARM-RX] [joint 3] ave_error:0.08
[09:49:24.628] [ARM-RX] [joint 4] ave_error:0.42
[09:49:24.628] [ARM-RX] [joint 5] ave_error:0.17
[09:49:24.629] [ARM-RX] robot pid run finished!!
[09:49:24.667] [JETSON-TX] VISION dcx=15 dcy=-10: FF 05 03 0F 00 F6 FF 0C FE
[09:49:24.690] [ARM-RX] ROBOT_AUTO_EVENT
[09:49:24.690] [ARM-RX] [0] <5.00 -60.00 -6.50> result: 92.66 106.06 -72.45 -2.66 88.51 0.00
[09:49:24.690] [ARM-RX] [1] <5.00 -60.00 -6.50> result: 9
[09:49:24.715] [ARM-RX] 2.66 106.06 -72.45 -2.66 88.51 0.00
[09:49:24.715] [ARM-RX] [2] <5.01 -60.00 -6.51> result: 92.67 106.07 -72.45 -2.67 88.52 0.00
[09:49:24.715] [ARM-RX] [3] <5.04 -60.00 -6.54> result: 92.68 106.08 -72.45 -2.68 88.53 0.00
[09:49:24.715] [ARM-RX] [4] <5.08 -60.00 -6.58> result: 92.70 106.10 -72.45 -2.70 88.55 0.00
[09:49:24.716] [ARM-RX] [5] <5.14
[09:49:24.740] [ARM-RX] -60.00 -6.64> result: 92.73 106.13 -72.45 -2.73 88.58 0.00
[09:49:24.740] [ARM-RX] [6] <5.22 -60.00 -6.72> result: 92.78 106.17 -72.45 -2.78 88.63 0.00
[09:49:24.740] [ARM-RX] [7] <5.32 -60.00 -6.82> result: 92.83 106.23 -72.45 -2.83 88.68 0.00
[09:49:24.740] [ARM-RX] [8] <5.44 -60.00 -6.94> result: 92.89 106.29 -72.45 -2.
[09:49:24.763] [ARM-RX] 89 88.74 0.00
[09:49:24.763] [ARM-RX] [9] <5.58 -60.00 -7.08> result: 92.97 106.36 -72.45 -2.97 88.82 0.00
[09:49:24.763] [ARM-RX] [10] <5.73 -60.00 -7.23> result: 93.05 106.44 -72.45 -3.05 88.90 0.00
[09:49:24.763] [ARM-RX] [11] <5.80 -60.00 -7.30> result: 93.08 106.48 -72.46 -3.09 88.94 0.00
[09:49:24.763] [ARM-RX] [12] <5.80 -60.00 -7.30> resu
[09:49:24.784] [ARM-RX] lt: 93.08 106.48 -72.46 -3.09 88.94 0.00
[09:49:24.784] [ARM-RX] [13] <5.80 -60.00 -7.30> result: 93.08 106.48 -72.46 -3.09 88.94 0.00
[09:49:24.785] [ARM-RX] [14] <5.80 -60.00 -7.30> result: 93.08 106.48 -72.46 -3.09 88.94 0.00
[09:49:24.785] [ARM-RX] [15] <5.80 -60.00 -7.30> result: 93.08 106.48 -72.46 -3.09 88.94 0.00
[09:49:24.785] [ARM-RX] [
[09:49:24.807] [ARM-RX] 16] <5.80 -60.00 -7.30> result: 93.08 106.48 -72.46 -3.09 88.94 0.00
[09:49:24.808] [ARM-RX] [17] <5.80 -60.00 -7.30> result: 93.08 106.48 -72.46 -3.09 88.94 0.00
[09:49:24.808] [ARM-RX] [18] <5.80 -60.00 -7.30> result: 93.08 106.48 -72.46 -3.09 88.94 0.00
[09:49:24.808] [ARM-RX] [19] <5.80 -60.00 -7.30> result: 93.08 106.4
[09:49:24.830] [ARM-RX] 8 -72.46 -3.09 88.94 0.00
[09:49:24.831] [ARM-RX] [20] <5.80 -60.00 -7.30> result: 93.08 106.48 -72.46 -3.09 88.94 0.00
[09:49:24.831] [ARM-RX] [21] <5.80 -60.00 -7.30> result: 93.08 106.48 -72.46 -3.09 88.94 0.00
[09:49:24.831] [ARM-RX] [22] <5.80 -60.00 -7.30> result: 93.08 106.48 -72.46 -3.09 88.94 0.00
[09:49:24.831] [ARM-RX] [23] <5.80 -60.0
[09:49:24.868] [JETSON-TX] VISION dcx=8 dcy=-5: FF 05 03 08 00 FB FF 0A FE
[09:49:24.883] [ARM-RX] 0 -7.30> result: 93.08 106.48 -72.46 -3.09 88.94 0.00
[09:49:24.883] [ARM-RX] [24] <5.80 -60.00 -7.30> result: 93.08 106.48 -72.46 -3.09 88.94 0.00
[09:49:24.883] [ARM-RX] [JETSON_RX] vision dcx=15 dcy=-10
[09:49:24.884] [ARM-RX] [TARGET] vision state=ALIGN enabled=1 dcx=15 dcy=-10 stable=0
[09:49:24.884] [ARM-RX] [JETSON_RX] vision dcx=8 dcy=-5
[09:49:24.943] [ARM-RX] [TARGET] vision state=ALIGN enabled=1 dcx=8 dcy=-5 stable=0
[09:49:25.071] [JETSON-TX] VISION dcx=8 dcy=-5: FF 05 03 08 00 FB FF 0A FE
[09:49:25.130] [ARM-RX] [JETSON_RX] vision dcx=8 dcy=-5
[09:49:25.130] [ARM-RX] [TARGET] vision state=ALIGN enabled=1 dcx=8 dcy=-5 stable=0
[09:49:25.254] [ARM-RX] [joint 1] ave_error:0.40
[09:49:25.254] [ARM-RX] [joint 2] ave_error:0.42
[09:49:25.254] [ARM-RX] [joint 3] ave_error:0.04
[09:49:25.254] [ARM-RX] [joint 4] ave_error:0.27
[09:49:25.254] [ARM-RX] [joint 5] ave_error:0.05
[09:49:25.254] [ARM-RX] robot pid run finished!!
[09:49:25.272] [JETSON-TX] VISION dcx=8 dcy=-5: FF 05 03 08 00 FB FF 0A FE
[09:49:25.280] [ARM-RX] ROBOT_AUTO_EVENT
[09:49:25.281] [ARM-RX] [0] <5.80 -60.00 -7.30> result: 93.08 106.48 -72.46 -3.09 88.94 0.00
[09:49:25.281] [ARM-RX] [1] <5.80 -60.00 -7.30> result: 93.09 106.48 -72.46 -3.09 88.94 0.00
[09:49:25.281] [ARM-RX] [2] <5.81 -60.00 -7.31> result: 93.09 106.49 -72.46 -3.09 88.94 0.00
[09:49:25.281] [ARM-RX] [3] <5.84 -60.00 -7.34> resul
[09:49:25.304] [ARM-RX] t: 93.10 106.50 -72.46 -3.10 88.96 0.00
[09:49:25.304] [ARM-RX] [4] <5.88 -60.00 -7.38> result: 93.13 106.52 -72.46 -3.13 88.98 0.00
[09:49:25.304] [ARM-RX] [5] <5.94 -60.00 -7.44> result: 93.16 106.55 -72.46 -3.16 89.01 0.00
[09:49:25.305] [ARM-RX] [6] <6.02 -60.00 -7.52> result: 93.20 106.60 -72.46 -3.20 89.05 0.00
[09:49:25.305] [ARM-RX] [7] <
[09:49:25.324] [ARM-RX] 6.12 -60.00 -7.62> result: 93.25 106.65 -72.46 -3.25 89.11 0.00
[09:49:25.324] [ARM-RX] [8] <6.24 -60.00 -7.74> result: 93.32 106.71 -72.46 -3.32 89.17 0.00
[09:49:25.324] [ARM-RX] [9] <6.38 -60.00 -7.88> result: 93.39 106.79 -72.46 -3.39 89.25 0.00
[09:49:25.325] [ARM-RX] [10] <6.53 -60.00 -8.03> result: 93.47 106.87 -72.4
[09:49:25.351] [ARM-RX] 6 -3.47 89.33 0.00
[09:49:25.351] [ARM-RX] [11] <6.60 -60.00 -8.10> result: 93.51 106.90 -72.46 -3.51 89.36 0.00
[09:49:25.351] [ARM-RX] [12] <6.60 -60.00 -8.10> result: 93.51 106.90 -72.46 -3.51 89.36 0.00
[09:49:25.352] [ARM-RX] [13] <6.60 -60.00 -8.10> result: 93.51 106.90 -72.46 -3.51 89.36 0.00
[09:49:25.352] [ARM-RX] [14] <6.60 -60.00 -8.10
[09:49:25.371] [ARM-RX] > result: 93.51 106.90 -72.46 -3.51 89.36 0.00
[09:49:25.371] [ARM-RX] [15] <6.60 -60.00 -8.10> result: 93.51 106.90 -72.46 -3.51 89.36 0.00
[09:49:25.371] [ARM-RX] [16] <6.60 -60.00 -8.10> result: 93.51 106.90 -72.46 -3.51 89.36 0.00
[09:49:25.371] [ARM-RX] [17] <6.60 -60.00 -8.10> result: 93.51 106.90 -72.46 -3.51 89.36 0
[09:49:25.397] [ARM-RX] .00
[09:49:25.397] [ARM-RX] [18] <6.60 -60.00 -8.10> result: 93.51 106.90 -72.46 -3.51 89.36 0.00
[09:49:25.398] [ARM-RX] [19] <6.60 -60.00 -8.10> result: 93.51 106.90 -72.46 -3.51 89.36 0.00
[09:49:25.398] [ARM-RX] [20] <6.60 -60.00 -8.10> result: 93.51 106.90 -72.46 -3.51 89.36 0.00
[09:49:25.398] [ARM-RX] [21] <6.60 -60.00 -8.10> result: 93.51
[09:49:25.430] [ARM-RX] 106.90 -72.46 -3.51 89.36 0.00
[09:49:25.430] [ARM-RX] [22] <6.60 -60.00 -8.10> result: 93.51 106.90 -72.46 -3.51 89.36 0.00
[09:49:25.431] [ARM-RX] [23] <6.60 -60.00 -8.10> result: 93.51 106.90 -72.46 -3.51 89.36 0.00
[09:49:25.431] [ARM-RX] [24] <6.60 -60.00 -8.10> result: 93.51 106.90 -72.46 -3.51 89.36 0.00
[09:49:25.431] [ARM-RX] [JETSON_RX
[09:49:25.472] [JETSON-TX] VISION dcx=8 dcy=-5: FF 05 03 08 00 FB FF 0A FE
[09:49:25.487] [ARM-RX] ] vision dcx=8 dcy=-5
[09:49:25.487] [ARM-RX] [TARGET] vision state=ALIGN enabled=1 dcx=8 dcy=-5 stable=0
[09:49:25.549] [ARM-RX] [JETSON_RX] vision dcx=8 dcy=-5
[09:49:25.549] [ARM-RX] [TARGET] vision state=ALIGN enabled=1 dcx=8 dcy=-5 stable=0
[09:49:25.673] [JETSON-TX] VISION dcx=8 dcy=-5: FF 05 03 08 00 FB FF 0A FE
[09:49:25.738] [ARM-RX] [JETSON_RX] vision dcx=8 dcy=-5
[09:49:25.738] [ARM-RX] [TARGET] vision state=ALIGN enabled=1 dcx=8 dcy=-5 stable=0
[09:49:25.801] [ARM-RX] [joint 1] ave_error:0.40
[09:49:25.801] [ARM-RX] [joint 2] ave_error:0.44
[09:49:25.801] [ARM-RX] [joint 3] ave_error:0.03
[09:49:25.801] [ARM-RX] [joint 4] ave_error:0.23
[09:49:25.801] [ARM-RX] [joint 5] ave_error:0.06
[09:49:25.802] [ARM-RX] robot pid run finished!!
[09:49:25.861] [ARM-RX] ROBOT_AUTO_EVENT
[09:49:25.862] [ARM-RX] [0] <6.60 -60.00 -8.10> result: 93.51 106.90 -72.46 -3.51 89.36 0.00
[09:49:25.863] [ARM-RX] [1] <6.60 -60.00 -8.10> result: 93.51 106.91 -72.46 -3.51 89.37 0.00
[09:49:25.863] [ARM-RX] [2] <6.61 -60.00 -8.11> result: 93.52 106.91 -72.46 -3.52 89.37 0.00
[09:49:25.864] [ARM-RX] [3] <6.64 -60.00 -8.14> resul
[09:49:25.874] [JETSON-TX] VISION dcx=0 dcy=0: FF 05 03 00 00 00 00 08 FE
[09:49:25.876] [ARM-RX] t: 93.53 106.92 -72.46 -3.53 89.38 0.00
[09:49:25.876] [ARM-RX] [4] <6.68 -60.00 -8.18> result: 93.55 106.94 -72.46 -3.55 89.41 0.00
[09:49:25.877] [ARM-RX] [5] <6.74 -60.00 -8.24> result: 93.58 106.98 -72.46 -3.58 89.44 0.00
[09:49:25.877] [ARM-RX] [6] <6.82 -60.00 -8.32> result: 93.62 107.02 -72.46 -3.62 89.48 0.00
[09:49:25.877] [ARM-RX] [7] <
[09:49:25.899] [ARM-RX] 6.92 -60.00 -8.42> result: 93.68 107.07 -72.46 -3.68 89.53 0.00
[09:49:25.899] [ARM-RX] [8] <7.04 -60.00 -8.54> result: 93.74 107.14 -72.46 -3.74 89.60 0.00
[09:49:25.900] [ARM-RX] [9] <7.18 -60.00 -8.68> result: 93.82 107.21 -72.46 -3.82 89.67 0.00
[09:49:25.900] [ARM-RX] [10] <7.33 -60.00 -8.83> result: 93.90 107.29 -72.4
[09:49:25.922] [ARM-RX] 6 -3.90 89.75 0.00
[09:49:25.922] [ARM-RX] [11] <7.40 -60.00 -8.90> result: 93.93 107.33 -72.46 -3.93 89.79 0.00
[09:49:25.923] [ARM-RX] [12] <7.40 -60.00 -8.90> result: 93.93 107.33 -72.46 -3.93 89.79 0.00
[09:49:25.923] [ARM-RX] [13] <7.40 -60.00 -8.90> result: 93.93 107.33 -72.46 -3.93 89.79 0.00
[09:49:25.923] [ARM-RX] [14] <7.40 -60.00 -8.90
[09:49:25.947] [ARM-RX] > result: 93.93 107.33 -72.46 -3.93 89.79 0.00
[09:49:25.948] [ARM-RX] [15] <7.40 -60.00 -8.90> result: 93.93 107.33 -72.46 -3.93 89.79 0.00
[09:49:25.948] [ARM-RX] [16] <7.40 -60.00 -8.90> result: 93.93 107.33 -72.46 -3.93 89.79 0.00
[09:49:25.948] [ARM-RX] [17] <7.40 -60.00 -8.90> result: 93.93 107.33 -72.46 -3.93 89.79 0
[09:49:25.997] [ARM-RX] .00
[09:49:25.997] [ARM-RX] [18] <7.40 -60.00 -8.90> result: 93.93 107.33 -72.46 -3.93 89.79 0.00
[09:49:25.997] [ARM-RX] [19] <7.40 -60.00 -8.90> result: 93.93 107.33 -72.46 -3.93 89.79 0.00
[09:49:25.997] [ARM-RX] [20] <7.40 -60.00 -8.90> result: 93.93 107.33 -72.46 -3.93 89.79 0.00
[09:49:25.998] [ARM-RX] [21] <7.40 -60.00 -8.90> result: 93.93
[09:49:26.002] [ARM-RX] 107.33 -72.46 -3.93 89.79 0.00
[09:49:26.004] [ARM-RX] [22] <7.40 -60.00 -8.90> result: 93.93 107.33 -72.46 -3.93 89.79 0.00
[09:49:26.004] [ARM-RX] [23] <7.40 -60.00 -8.90> result: 93.93 107.33 -72.46 -3.93 89.79 0.00
[09:49:26.004] [ARM-RX] [24] <7.40 -60.00 -8.90> result: 93.93 107.33 -72.46 -3.93 89.79 0.00
[09:49:26.004] [ARM-RX] [JETSON_RX
[09:49:26.065] [ARM-RX] ] vision dcx=0 dcy=0
[09:49:26.065] [ARM-RX] [TARGET] vision state=ALIGN enabled=1 dcx=0 dcy=0 stable=0
[09:49:26.075] [JETSON-TX] VISION dcx=0 dcy=0: FF 05 03 00 00 00 00 08 FE
[09:49:26.127] [ARM-RX] [JETSON_RX] vision dcx=0 dcy=0
[09:49:26.127] [ARM-RX] [TARGET] vision state=ALIGN enabled=1 dcx=0 dcy=0 stable=1
[09:49:26.276] [JETSON-TX] VISION dcx=0 dcy=0: FF 05 03 00 00 00 00 08 FE
[09:49:26.314] [ARM-RX] [JETSON_RX] vision dcx=0 dcy=0
[09:49:26.314] [ARM-RX] [TARGET] vision state=ALIGN enabled=1 dcx=0 dcy=0 stable=2
[09:49:26.346] [JETSON-RX] CC 02 01 DD
[09:49:26.346] [JETSON-STATUS] ALIGN_DONE: CC 02 01 DD
[09:49:26.347] [DEMO-ACTION] 已对准：请按住 P000 KEY 允许激光输出。
[09:49:26.376] [ARM-RX] [joint 1] ave_error:0.40
[09:49:26.376] [ARM-RX] [joint 2] ave_error:0.46
[09:49:26.376] [ARM-RX] [joint 3] ave_error:0.03
[09:49:26.376] [ARM-RX] [joint 4] ave_error:0.20
[09:49:26.376] [ARM-RX] [joint 5] ave_error:0.07
[09:49:26.376] [ARM-RX] robot pid run finished!!
[09:49:26.477] [JETSON-TX] VISION dcx=0 dcy=0: FF 05 03 00 00 00 00 08 FE
[09:49:26.677] [JETSON-TX] VISION dcx=0 dcy=0: FF 05 03 00 00 00 00 08 FE
[09:49:26.878] [JETSON-TX] VISION dcx=0 dcy=0: FF 05 03 00 00 00 00 08 FE
[09:49:26.939] [ARM-RX] [JETSON_RX] vision dcx=0 dcy=0
[09:49:26.939] [ARM-RX] [TARGET] vision state=RECOVER enabled=1 dcx=0 dcy=0 stable=0
[09:49:27.079] [JETSON-TX] VISION dcx=0 dcy=0: FF 05 03 00 00 00 00 08 FE
[09:49:27.127] [ARM-RX] [JETSON_RX] vision dcx=0 dcy=0
[09:49:27.127] [ARM-RX] [TARGET] vision state=ALIGN enabled=1 dcx=0 dcy=0 stable=0
[09:49:27.280] [JETSON-TX] VISION dcx=0 dcy=0: FF 05 03 00 00 00 00 08 FE
[09:49:27.316] [ARM-RX] [JETSON_RX] vision dcx=0 dcy=0
[09:49:27.316] [ARM-RX] [TARGET] vision state=ALIGN enabled=1 dcx=0 dcy=0 stable=1
[09:49:27.481] [JETSON-TX] VISION dcx=0 dcy=0: FF 05 03 00 00 00 00 08 FE
[09:49:27.503] [ARM-RX] [JETSON_RX] vision dcx=0 dcy=0
[09:49:27.503] [ARM-RX] [TARGET] vision state=ALIGN enabled=1 dcx=0 dcy=0 stable=2
[09:49:27.550] [JETSON-RX] CC 02 01 DD
[09:49:27.551] [JETSON-STATUS] ALIGN_DONE: CC 02 01 DD
[09:49:27.682] [JETSON-TX] VISION dcx=0 dcy=0: FF 05 03 00 00 00 00 08 FE
[09:49:27.753] [ARM-RX] [JETSON_RX] vision dcx=0 dcy=0
[09:49:27.753] [ARM-RX] [TARGET] vision state=CONFIRM enabled=1 dcx=0 dcy=0 stable=0
[09:49:27.883] [JETSON-TX] VISION dcx=0 dcy=0: FF 05 03 00 00 00 00 08 FE
[09:49:27.941] [ARM-RX] [JETSON_RX] vision dcx=0 dcy=0
[09:49:27.941] [ARM-RX] [TARGET] vision state=CONFIRM enabled=1 dcx=0 dcy=0 stable=0
[09:49:28.083] [JETSON-TX] VISION dcx=0 dcy=0: FF 05 03 00 00 00 00 08 FE
[09:49:28.130] [ARM-RX] [JETSON_RX] vision dcx=0 dcy=0
[09:49:28.130] [ARM-RX] [TARGET] vision state=CONFIRM enabled=1 dcx=0 dcy=0 stable=0
[09:49:28.284] [JETSON-TX] VISION dcx=0 dcy=0: FF 05 03 00 00 00 00 08 FE
[09:49:28.317] [ARM-RX] [JETSON_RX] vision dcx=0 dcy=0
[09:49:28.317] [ARM-RX] [TARGET] vision state=CONFIRM enabled=1 dcx=0 dcy=0 stable=0
[09:49:28.363] [JETSON-RX] CC 03 01 DD
[09:49:28.363] [JETSON-STATUS] OUTPUT_ON: CC 03 01 DD
[09:49:28.364] [DEMO-ACTION] 激光已输出：需要关闭时松开 P000 KEY。
[09:49:28.485] [JETSON-TX] VISION dcx=0 dcy=0: FF 05 03 00 00 00 00 08 FE
[09:49:28.502] [ARM-RX] [JETSON_RX] vision dcx=0 dcy=0
[09:49:28.502] [ARM-RX] [TARGET] vision state=OUTPUT enabled=1 dcx=0 dcy=0 stable=0
[09:49:28.686] [JETSON-TX] VISION dcx=0 dcy=0: FF 05 03 00 00 00 00 08 FE
[09:49:28.753] [ARM-RX] [JETSON_RX] vision dcx=0 dcy=0
[09:49:28.753] [ARM-RX] [TARGET] vision state=OUTPUT enabled=1 dcx=0 dcy=0 stable=0
[09:49:28.887] [JETSON-TX] VISION dcx=0 dcy=0: FF 05 03 00 00 00 00 08 FE
[09:49:28.941] [ARM-RX] [JETSON_RX] vision dcx=0 dcy=0
[09:49:28.941] [ARM-RX] [TARGET] vision state=OUTPUT enabled=1 dcx=0 dcy=0 stable=0
[09:49:29.089] [JETSON-TX] VISION dcx=0 dcy=0: FF 05 03 00 00 00 00 08 FE
[09:49:29.128] [ARM-RX] [JETSON_RX] vision dcx=0 dcy=0
[09:49:29.128] [ARM-RX] [TARGET] vision state=OUTPUT enabled=1 dcx=0 dcy=0 stable=0
[09:49:29.290] [JETSON-TX] VISION dcx=0 dcy=0: FF 05 03 00 00 00 00 08 FE
[09:49:29.315] [ARM-RX] [JETSON_RX] vision dcx=0 dcy=0
[09:49:29.315] [ARM-RX] [TARGET] vision state=OUTPUT enabled=1 dcx=0 dcy=0 stable=0
[09:49:29.491] [JETSON-TX] VISION dcx=0 dcy=0: FF 05 03 00 00 00 00 08 FE
[09:49:29.534] [JETSON-RX] CC 03 00 DD
[09:49:29.535] [JETSON-STATUS] OUTPUT_OFF: CC 03 00 DD
[09:49:29.535] [JETSON-INFO] 已停止周期视觉发送
[09:49:29.535] [JETSON-TX] TARGET_CTRL_STOP: AA 01 00 BB
[09:49:29.535] [DEMO-INFO] 检测到 OUTPUT_OFF，演示流程结束。
[09:49:29.565] [ARM-RX] [JETSON_RX] vision dcx=0 dcy=0
[09:49:29.567] [ARM-RX] [TARGET] vision state=WAIT_DETECT enabled=1 dcx=0 dcy=0 stable=0
[09:49:29.567] [ARM-RX] [JETSON_RX] target_ctrl=0
[09:49:29.613] [JETSON-RX] CC 04 00 DD
[09:49:29.617] [JETSON-STATUS] TARGET_CTRL_OFF: CC 04 00 DD
[09:49:31.433] [JETSON-INFO] 已停止周期视觉发送
[09:49:31.435] [JETSON-TX] TARGET_CTRL_STOP: AA 01 00 BB
[09:49:31.436] [ARM-TX] 发送命令 laser_off: laser_off
[09:49:31.436] [DEMO-INFO] 演示已停止，已关闭视觉发送和激光输出
[09:49:31.441] [ARM-RX] [JETSON_RX] target_ctrl=0
[09:49:31.503] [JETSON-RX] CC 04 00 DD
[09:49:31.503] [ARM-RX] Found handler for 'laser_off', executing...
[09:49:31.503] [JETSON-STATUS] TARGET_CTRL_OFF: CC 04 00 DD
[09:49:31.503] [ARM-RX] laser_off
[09:49:36.043] [JETSON-TX] TARGET_CTRL_STOP: AA 01 00 BB
[09:49:36.103] [JETSON-RX] CC 04 00 DD
[09:49:36.103] [ARM-RX] [JETSON_RX] target_ctrl=0
[09:49:36.103] [JETSON-STATUS] TARGET_CTRL_OFF: CC 04 00 DD
[09:57:36.351] [ARM-TX] 发送命令 soft_reset: soft_reset
[09:57:36.431] [ARM-RX] Found handler for 'soft_reset', executing...
[09:57:36.431] [ARM-RX] ROBOT_SOFT_RESET_EVENT
[09:57:36.432] [ARM-RX] --- Starting soft reset ---
[09:57:36.618] [ARM-RX] Soft reset motors enabled (J1~J5, J6 skipped).
[09:57:36.618] [ARM-RX] Soft resetting joint 4...
[09:57:36.680] [ARM-RX] robot_update_current_angle 4...
[09:57:36.680] [ARM-RX] [4] current:89.78, target:90.00, dir:1
[09:57:36.806] [ARM-RX] Soft resetting joint 3...
[09:57:36.806] [ARM-RX] robot_update_current_angle 3...
[09:57:36.806] [ARM-RX] [3] current:-3.82, target:0.00, dir:1
[09:57:37.552] [ARM-RX] Soft resetting joint 1...
[09:57:37.552] [ARM-RX] robot_update_current_angle 1...
[09:57:37.552] [ARM-RX] [1] current:107.01, target:90.00, dir:-1
[09:57:39.301] [ARM-RX] soft reset joint 1 settle timeout, keep going
[09:57:39.301] [ARM-RX] Soft resetting joint 2...
[09:57:39.301] [ARM-RX] robot_update_current_angle 2...
[09:57:39.301] [ARM-RX] [2] current:-72.43, target:-90.00, dir:-1
[09:57:40.922] [ARM-RX] soft reset joint 2 settle timeout, keep going
[09:57:40.922] [ARM-RX] Soft resetting joint 0...
[09:57:40.922] [ARM-RX] robot_update_current_angle 0...
[09:57:40.922] [ARM-RX] [0] current:93.61, target:90.00, dir:-1
[09:57:41.679] [ARM-RX] soft reset final verify PASS (issues:2), pose set HOME.
[09:57:48.582] [DEMO-INFO] 演示配置已保存
[09:57:48.582] [DEMO-INFO] 一键定靶演示开始
[09:57:48.582] [JETSON-TX] TARGET_CTRL_START: AA 01 01 BB
[09:57:48.657] [JETSON-RX] CC 04 01 DD
[09:57:48.657] [JETSON-STATUS] TARGET_CTRL_ON: CC 04 01 DD
[09:57:48.682] [ARM-RX] [JETSON_RX] target_ctrl=1
[09:57:48.683] [ARM-RX] ROBOT_AUTO_EVENT
[09:57:48.683] [ARM-RX] [0] <0.00 0.00 0.00> result: 90.00 90.00 -90.00 0.00 90.00 0.00
[09:57:48.683] [ARM-RX] [1] <0.00 -0.00 -0.00> result: 90.00 90.00 -90.00 0.00 90.00 0.00
[09:57:48.683] [ARM-RX] [2] <0.00 -0.00 -0.00> result: 90.00 90.00 -90.00 0.00 90.00 0.00
[09:57:48.683] [ARM-RX] [3] <0.00 -0.
[09:57:48.684] [ARM-RX] 01 -0.00> result: 90.00 90.00 -90.00 0.00 90.00 0.00
[09:57:48.684] [ARM-RX] [4] <0.00 -0.02 -0.00> result: 90.00 90.01 -90.00 0.00 90.00 0.00
[09:57:48.684] [ARM-RX] [5] <0.00 -0.03 -0.00> result: 90.00 90.01 -89.99 0.00 90.00 0.00
[09:57:48.685] [ARM-RX] [6] <0.00 -0.05 -0.00> result: 90.00 90.02 -89.99 0.00 90.00 0.00
[09:57:48.685] [ARM-RX] [
[09:57:48.686] [ARM-RX] 7] <0.00 -0.07 -0.00> result: 90.00 90.02 -89.98 0.00 90.00 0.00
[09:57:48.686] [ARM-RX] [8] <0.00 -0.11 -0.00> result: 90.00 90.03 -89.97 0.00 90.00 0.00
[09:57:48.687] [ARM-RX] [9] <0.00 -0.15 -0.00> result: 90.00 90.05 -89.96 0.00 90.00 0.00
[09:57:48.687] [ARM-RX] [10] <0.00 -0.20 -0.01> result: 90.00 90.06 -89.94 0.00
[09:57:48.696] [ARM-RX] 90.01 0.00
[09:57:48.697] [ARM-RX] [11] <0.00 -0.27 -0.01> result: 90.00 90.08 -89.92 0.00 90.01 0.00
[09:57:48.697] [ARM-RX] [12] <0.00 -0.34 -0.01> result: 90.00 90.11 -89.90 0.00 90.01 0.00
[09:57:48.697] [ARM-RX] [13] <0.00 -0.43 -0.01> result: 90.00 90.14 -89.88 0.00 90.01 0.00
[09:57:48.697] [ARM-RX] [14] <0.00 -0.54 -0.01> result: 90.00 90
[09:57:48.717] [ARM-RX] .17 -89.85 0.00 90.02 0.00
[09:57:48.717] [ARM-RX] [15] <0.00 -0.65 -0.02> result: 90.00 90.20 -89.81 0.00 90.02 0.00
[09:57:48.718] [ARM-RX] [16] <0.00 -0.79 -0.02> result: 90.00 90.25 -89.78 0.00 90.02 0.00
[09:57:48.718] [ARM-RX] [17] <0.00 -0.94 -0.02> result: 90.00 90.29 -89.73 0.00 90.03 0.00
[09:57:48.718] [ARM-RX] [18] <0.00 -1.10 -0.03>
[09:57:48.742] [ARM-RX] result: 90.00 90.34 -89.69 0.00 90.03 0.00
[09:57:48.742] [ARM-RX] [19] <0.00 -1.29 -0.03> result: 90.00 90.40 -89.63 0.00 90.03 0.00
[09:57:48.742] [ARM-RX] [20] <0.00 -1.49 -0.04> result: 90.00 90.46 -89.57 0.00 90.04 0.00
[09:57:48.742] [ARM-RX] [21] <0.00 -1.72 -0.04> result: 90.00 90.53 -89.51 0.00 90.04 0.00
[09:57:48.742] [ARM-RX] [22] <0.
[09:57:48.785] [ARM-RX] 00 -1.97 -0.05> result: 90.00 90.61 -89.44 0.00 90.05 0.00
[09:57:48.786] [ARM-RX] [23] <0.00 -2.23 -0.06> result: 90.00 90.69 -89.36 0.00 90.05 0.00
[09:57:48.786] [ARM-RX] [24] <0.00 -2.52 -0.06> result: 90.00 90.77 -89.28 0.00 90.05 0.00
[09:57:48.786] [ARM-RX] [25] <0.00 -2.84 -0.07> result: 90.00 90.87 -89.19 0.00 90.0
[09:57:48.801] [ARM-RX] 6 0.00
[09:57:48.801] [ARM-RX] [26] <0.00 -3.17 -0.08> result: 90.00 90.97 -89.10 0.00 90.06 0.00
[09:57:48.801] [ARM-RX] [27] <0.00 -3.53 -0.09> result: 90.00 91.07 -88.99 0.00 90.06 0.00
[09:57:48.802] [ARM-RX] [28] <0.00 -3.92 -0.10> result: 90.00 91.18 -88.88 0.00 90.07 0.00
[09:57:48.802] [ARM-RX] [29] <0.00 -4.33 -0.11> result: 90.00 91.30
[09:57:48.821] [ARM-RX] -88.76 0.00 90.07 0.00
[09:57:48.821] [ARM-RX] [30] <0.00 -4.77 -0.12> result: 90.00 91.43 -88.64 0.00 90.07 0.00
[09:57:48.821] [ARM-RX] [31] <0.00 -5.23 -0.13> result: 90.00 91.56 -88.51 0.00 90.07 0.00
[09:57:48.821] [ARM-RX] [32] <0.00 -5.72 -0.14> result: 90.00 91.70 -88.37 0.00 90.07 0.00
[09:57:48.822] [ARM-RX] [33] <0.00 -6.24 -0.16> resu
[09:57:48.844] [ARM-RX] lt: 90.00 91.85 -88.22 0.00 90.06 0.00
[09:57:48.844] [ARM-RX] [34] <0.00 -6.79 -0.17> result: 90.00 92.00 -88.06 0.00 90.06 0.00
[09:57:48.845] [ARM-RX] [35] <0.00 -7.36 -0.18> result: 90.00 92.16 -87.89 0.00 90.05 0.00
[09:57:48.845] [ARM-RX] [36] <0.00 -7.96 -0.20> result: 90.00 92.32 -87.72 0.00 90.04 0.00
[09:57:48.845] [ARM-RX] [37] <0.00 -
[09:57:48.871] [ARM-RX] 8.60 -0.21> result: 90.00 92.49 -87.54 0.00 90.03 0.00
[09:57:48.871] [ARM-RX] [38] <0.00 -9.26 -0.23> result: 90.00 92.67 -87.35 0.00 90.02 0.00
[09:57:48.872] [ARM-RX] [39] <0.00 -9.95 -0.25> result: 90.00 92.85 -87.15 0.00 90.00 0.00
[09:57:48.872] [ARM-RX] [40] <0.00 -10.67 -0.27> result: 90.00 93.04 -86.94 0.00 89.98 0
[09:57:48.890] [ARM-RX] .00
[09:57:48.894] [ARM-RX] [41] <0.00 -11.42 -0.29> result: 90.00 93.24 -86.72 0.00 89.96 0.00
[09:57:48.894] [ARM-RX] [42] <0.00 -12.20 -0.30> result: 90.00 93.44 -86.50 0.00 89.93 0.00
[09:57:48.894] [ARM-RX] [43] <0.00 -13.01 -0.33> result: 90.00 93.64 -86.26 0.00 89.91 0.00
[09:57:48.894] [ARM-RX] [44] <0.00 -13.85 -0.35> result: 90.00 93.85
[09:57:48.912] [ARM-RX] -86.02 0.00 89.87 0.00
[09:57:48.912] [ARM-RX] [45] <0.00 -14.72 -0.37> result: 90.00 94.07 -85.77 0.00 89.84 0.00
[09:57:48.913] [ARM-RX] [46] <0.00 -15.62 -0.39> result: 90.00 94.29 -85.51 0.00 89.80 0.00
[09:57:48.913] [ARM-RX] [47] <0.00 -16.55 -0.41> result: 90.00 94.52 -85.24 0.00 89.75 0.00
[09:57:48.913] [ARM-RX] [48] <0.00 -17.51 -0.44>
[09:57:48.935] [ARM-RX] result: 90.00 94.75 -84.96 0.00 89.70 0.00
[09:57:48.936] [ARM-RX] [49] <0.00 -18.49 -0.46> result: 90.00 94.98 -84.67 0.00 89.65 0.00
[09:57:48.936] [ARM-RX] [50] <0.00 -19.51 -0.49> result: 90.00 95.22 -84.37 0.00 89.59 0.00
[09:57:48.936] [ARM-RX] [51] <0.00 -20.56 -0.51> result: 90.00 95.47 -84.06 0.00 89.53 0.00
[09:57:48.936] [ARM-RX] [52]
[09:57:48.961] [ARM-RX] <0.00 -21.64 -0.54> result: 90.00 95.71 -83.75 0.00 89.46 0.00
[09:57:48.961] [ARM-RX] [53] <0.00 -22.74 -0.57> result: 90.00 95.97 -83.43 0.00 89.39 0.00
[09:57:48.961] [ARM-RX] [54] <0.00 -23.88 -0.60> result: 90.00 96.22 -83.09 0.00 89.32 0.00
[09:57:48.961] [ARM-RX] [55] <0.00 -25.04 -0.63> result: 90.00 96.48 -82.75 0
[09:57:48.992] [ARM-RX] .00 89.23 0.00
[09:57:48.993] [ARM-RX] [56] <0.00 -26.23 -0.66> result: 90.00 96.74 -82.40 0.00 89.15 0.00
[09:57:48.993] [ARM-RX] [57] <0.00 -27.44 -0.69> result: 90.00 97.01 -82.05 0.00 89.06 0.00
[09:57:48.993] [ARM-RX] [58] <0.00 -28.68 -0.72> result: 90.00 97.28 -81.68 0.00 88.96 0.00
[09:57:48.993] [ARM-RX] [59] <0.00 -29.95 -0.75> result:
[09:57:49.015] [ARM-RX] 90.00 97.55 -81.31 0.00 88.86 0.00
[09:57:49.015] [ARM-RX] [60] <0.00 -31.25 -0.78> result: 90.00 97.83 -80.92 0.00 88.75 0.00
[09:57:49.016] [ARM-RX] [61] <0.00 -32.57 -0.81> result: 90.00 98.10 -80.53 0.00 88.64 0.00
[09:57:49.016] [ARM-RX] [62] <0.00 -33.91 -0.85> result: 90.00 98.39 -80.14 0.00 88.52 0.00
[09:57:49.016] [ARM-RX] [63] <0.00 -3
[09:57:49.038] [ARM-RX] 5.28 -0.88> result: 90.00 98.67 -79.73 0.00 88.40 0.00
[09:57:49.038] [ARM-RX] [64] <0.00 -36.67 -0.92> result: 90.00 98.95 -79.32 0.00 88.27 0.00
[09:57:49.039] [ARM-RX] [65] <0.00 -38.08 -0.95> result: 90.00 99.24 -78.90 0.00 88.14 0.00
[09:57:49.039] [ARM-RX] [66] <0.00 -39.51 -0.99> result: 90.00 99.53 -78.47 0.00 88.00
[09:57:49.061] [ARM-RX] 0.00
[09:57:49.061] [ARM-RX] [67] <0.00 -40.97 -1.02> result: 90.00 99.82 -78.04 0.00 87.86 0.00
[09:57:49.062] [ARM-RX] [68] <0.00 -42.44 -1.06> result: 90.00 100.11 -77.60 0.00 87.71 0.00
[09:57:49.062] [ARM-RX] [69] <0.00 -43.94 -1.10> result: 90.00 100.41 -77.15 0.00 87.56 0.00
[09:57:49.062] [ARM-RX] [70] <0.00 -45.45 -1.14> result: 90.00 1
[09:57:49.086] [ARM-RX] 00.70 -76.70 0.00 87.41 0.00
[09:57:49.086] [ARM-RX] [71] <0.00 -46.98 -1.17> result: 90.00 101.00 -76.24 0.00 87.25 0.00
[09:57:49.087] [ARM-RX] [72] <0.00 -48.53 -1.21> result: 90.00 101.30 -75.78 0.00 87.08 0.00
[09:57:49.087] [ARM-RX] [73] <0.00 -50.09 -1.25> result: 90.00 101.60 -75.31 0.00 86.91 0.00
[09:57:49.087] [ARM-RX] [74] <0.00 -51.6
[09:57:49.107] [ARM-RX] 7 -1.29> result: 90.00 101.90 -74.84 0.00 86.74 0.00
[09:57:49.107] [ARM-RX] [75] <0.00 -53.26 -1.33> result: 90.00 102.20 -74.36 0.00 86.56 0.00
[09:57:49.107] [ARM-RX] [76] <0.00 -54.86 -1.37> result: 90.00 102.51 -73.87 0.00 86.38 0.00
[09:57:49.107] [ARM-RX] [77] <0.00 -56.48 -1.41> result: 90.00 102.81 -73.39 0.00 86.2
[09:57:49.130] [ARM-RX] 0 0.00
[09:57:49.131] [ARM-RX] [78] <0.00 -58.11 -1.45> result: 90.00 103.11 -72.89 0.00 86.01 0.00
[09:57:49.131] [ARM-RX] [79] <0.00 -59.75 -1.49> result: 90.00 103.42 -72.40 0.00 85.82 0.00
[09:57:49.131] [ARM-RX] [80] <0.00 -60.00 -1.50> result: 90.00 103.47 -72.32 0.00 85.79 0.00
[09:57:49.131] [ARM-RX] [81] <0.00 -60.00 -1.50> result: 90.00
[09:57:49.164] [ARM-RX] 103.47 -72.32 0.00 85.79 0.00
[09:57:49.164] [ARM-RX] [82] <0.00 -60.00 -1.50> result: 90.00 103.47 -72.32 0.00 85.79 0.00
[09:57:49.165] [ARM-RX] [83] <0.00 -60.00 -1.50> result: 90.00 103.47 -72.32 0.00 85.79 0.00
[09:57:49.165] [ARM-RX] [84] <0.00 -60.00 -1.50> result: 90.00 103.47 -72.32 0.00 85.79 0.00
[09:57:49.165] [ARM-RX] [85] <0.00 -60
[09:57:49.187] [ARM-RX] .00 -1.50> result: 90.00 103.47 -72.32 0.00 85.79 0.00
[09:57:49.187] [ARM-RX] [86] <0.00 -60.00 -1.50> result: 90.00 103.47 -72.32 0.00 85.79 0.00
[09:57:49.187] [ARM-RX] [87] <0.00 -60.00 -1.50> result: 90.00 103.47 -72.32 0.00 85.79 0.00
[09:57:49.188] [ARM-RX] [88] <0.00 -60.00 -1.50> result: 90.00 103.47 -72.32 0.00 85
[09:57:49.210] [ARM-RX] .79 0.00
[09:57:49.210] [ARM-RX] [89] <0.00 -60.00 -1.50> result: 90.00 103.47 -72.32 0.00 85.79 0.00
[09:57:49.211] [ARM-RX] [90] <0.00 -60.00 -1.50> result: 90.00 103.47 -72.32 0.00 85.79 0.00
[09:57:49.211] [ARM-RX] [91] <0.00 -60.00 -1.50> result: 90.00 103.47 -72.32 0.00 85.79 0.00
[09:57:49.211] [ARM-RX] [92] <0.00 -60.00 -1.50> result: 90.
[09:57:49.233] [ARM-RX] 00 103.47 -72.32 0.00 85.79 0.00
[09:57:49.233] [ARM-RX] [93] <0.00 -60.00 -1.50> result: 90.00 103.47 -72.32 0.00 85.79 0.00
[09:57:49.233] [ARM-RX] [94] <0.00 -60.00 -1.50> result: 90.00 103.47 -72.32 0.00 85.79 0.00
[09:57:49.233] [ARM-RX] [95] <0.00 -60.00 -1.50> result: 90.00 103.47 -72.32 0.00 85.79 0.00
[09:57:49.234] [ARM-RX] [96] <0.00 -
[09:57:49.257] [ARM-RX] 60.00 -1.50> result: 90.00 103.47 -72.32 0.00 85.79 0.00
[09:57:49.257] [ARM-RX] [97] <0.00 -60.00 -1.50> result: 90.00 103.47 -72.32 0.00 85.79 0.00
[09:57:49.257] [ARM-RX] [98] <0.00 -60.00 -1.50> result: 90.00 103.47 -72.32 0.00 85.79 0.00
[09:57:49.258] [ARM-RX] [99] <0.00 -60.00 -1.50> result: 90.00 103.47 -72.32 0.00
[09:57:49.279] [ARM-RX] 85.79 0.00
[09:57:49.279] [ARM-RX] [100] <0.00 -60.00 -1.50> result: 90.00 103.47 -72.32 0.00 85.79 0.00
[09:57:49.279] [ARM-RX] [101] <0.00 -60.00 -1.50> result: 90.00 103.47 -72.32 0.00 85.79 0.00
[09:57:49.280] [ARM-RX] [102] <0.00 -60.00 -1.50> result: 90.00 103.47 -72.32 0.00 85.79 0.00
[09:57:49.280] [ARM-RX] [103] <0.00 -60.00 -1.50> resul
[09:57:49.302] [ARM-RX] t: 90.00 103.47 -72.32 0.00 85.79 0.00
[09:57:49.303] [ARM-RX] [104] <0.00 -60.00 -1.50> result: 90.00 103.47 -72.32 0.00 85.79 0.00
[09:57:49.303] [ARM-RX] [105] <0.00 -60.00 -1.50> result: 90.00 103.47 -72.32 0.00 85.79 0.00
[09:57:49.303] [ARM-RX] [106] <0.00 -60.00 -1.50> result: 90.00 103.47 -72.32 0.00 85.79 0.00
[09:57:49.303] [ARM-RX] [10
[09:57:49.325] [ARM-RX] 7] <0.00 -60.00 -1.50> result: 90.00 103.47 -72.32 0.00 85.79 0.00
[09:57:49.325] [ARM-RX] [108] <0.00 -60.00 -1.50> result: 90.00 103.47 -72.32 0.00 85.79 0.00
[09:57:49.326] [ARM-RX] [109] <0.00 -60.00 -1.50> result: 90.00 103.47 -72.32 0.00 85.79 0.00
[09:57:49.326] [ARM-RX] [110] <0.00 -60.00 -1.50> result: 90.00 103.47
[09:57:49.360] [ARM-RX] -72.32 0.00 85.79 0.00
[09:57:49.360] [ARM-RX] [111] <0.00 -60.00 -1.50> result: 90.00 103.47 -72.32 0.00 85.79 0.00
[09:57:49.360] [ARM-RX] [112] <0.00 -60.00 -1.50> result: 90.00 103.47 -72.32 0.00 85.79 0.00
[09:57:49.360] [ARM-RX] [113] <0.00 -60.00 -1.50> result: 90.00 103.47 -72.32 0.00 85.79 0.00
[09:57:49.360] [ARM-RX] [114] <0.00 -60.00
[09:57:49.382] [ARM-RX] -1.50> result: 90.00 103.47 -72.32 0.00 85.79 0.00
[09:57:49.382] [ARM-RX] [115] <0.00 -60.00 -1.50> result: 90.00 103.47 -72.32 0.00 85.79 0.00
[09:57:49.382] [ARM-RX] [116] <0.00 -60.00 -1.50> result: 90.00 103.47 -72.32 0.00 85.79 0.00
[09:57:49.383] [ARM-RX] [117] <0.00 -60.00 -1.50> result: 90.00 103.47 -72.32 0.00 85
[09:57:49.407] [ARM-RX] .79 0.00
[09:57:49.407] [ARM-RX] [118] <0.00 -60.00 -1.50> result: 90.00 103.47 -72.32 0.00 85.79 0.00
[09:57:49.407] [ARM-RX] [119] <0.00 -60.00 -1.50> result: 90.00 103.47 -72.32 0.00 85.79 0.00
[09:57:49.407] [ARM-RX] [120] <0.00 -60.00 -1.50> result: 90.00 103.47 -72.32 0.00 85.79 0.00
[09:57:49.407] [ARM-RX] [121] <0.00 -60.00 -1.50> result:
[09:57:49.431] [ARM-RX] 90.00 103.47 -72.32 0.00 85.79 0.00
[09:57:49.431] [ARM-RX] [122] <0.00 -60.00 -1.50> result: 90.00 103.47 -72.32 0.00 85.79 0.00
[09:57:49.431] [ARM-RX] [123] <0.00 -60.00 -1.50> result: 90.00 103.47 -72.32 0.00 85.79 0.00
[09:57:49.431] [ARM-RX] [124] <0.00 -60.00 -1.50> result: 90.00 103.47 -72.32 0.00 85.79 0.00
[09:57:49.431] [ARM-RX] [125]
[09:57:49.451] [ARM-RX] <0.00 -60.00 -1.50> result: 90.00 103.47 -72.32 0.00 85.79 0.00
[09:57:49.451] [ARM-RX] [126] <0.00 -60.00 -1.50> result: 90.00 103.47 -72.32 0.00 85.79 0.00
[09:57:49.451] [ARM-RX] [127] <0.00 -60.00 -1.50> result: 90.00 103.47 -72.32 0.00 85.79 0.00
[09:57:49.451] [ARM-RX] [128] <0.00 -60.00 -1.50> result: 90.00 103.47 -
[09:57:49.475] [ARM-RX] 72.32 0.00 85.79 0.00
[09:57:49.475] [ARM-RX] [129] <0.00 -60.00 -1.50> result: 90.00 103.47 -72.32 0.00 85.79 0.00
[09:57:49.475] [ARM-RX] [130] <0.00 -60.00 -1.50> result: 90.00 103.47 -72.32 0.00 85.79 0.00
[09:57:49.475] [ARM-RX] [131] <0.00 -60.00 -1.50> result: 90.00 103.47 -72.32 0.00 85.79 0.00
[09:57:49.476] [ARM-RX] [132] <0.00 -60.00 -
[09:57:49.496] [ARM-RX] 1.50> result: 90.00 103.47 -72.32 0.00 85.79 0.00
[09:57:49.496] [ARM-RX] [133] <0.00 -60.00 -1.50> result: 90.00 103.47 -72.32 0.00 85.79 0.00
[09:57:49.496] [ARM-RX] [134] <0.00 -60.00 -1.50> result: 90.00 103.47 -72.32 0.00 85.79 0.00
[09:57:49.496] [ARM-RX] [135] <0.00 -60.00 -1.50> result: 90.00 103.47 -72.32 0.00 85.7
[09:57:49.533] [ARM-RX] 9 0.00
[09:57:49.533] [ARM-RX] [136] <0.00 -60.00 -1.50> result: 90.00 103.47 -72.32 0.00 85.79 0.00
[09:57:49.533] [ARM-RX] [137] <0.00 -60.00 -1.50> result: 90.00 103.47 -72.32 0.00 85.79 0.00
[09:57:49.533] [ARM-RX] [138] <0.00 -60.00 -1.50> result: 90.00 103.47 -72.32 0.00 85.79 0.00
[09:57:49.533] [ARM-RX] [139] <0.00 -60.00 -1.50> result: 9
[09:57:49.554] [ARM-RX] 0.00 103.47 -72.32 0.00 85.79 0.00
[09:57:49.555] [ARM-RX] [140] <0.00 -60.00 -1.50> result: 90.00 103.47 -72.32 0.00 85.79 0.00
[09:57:49.555] [ARM-RX] [141] <0.00 -60.00 -1.50> result: 90.00 103.47 -72.32 0.00 85.79 0.00
[09:57:49.555] [ARM-RX] [142] <0.00 -60.00 -1.50> result: 90.00 103.47 -72.32 0.00 85.79 0.00
[09:57:49.555] [ARM-RX] [143] <
[09:57:49.577] [ARM-RX] 0.00 -60.00 -1.50> result: 90.00 103.47 -72.32 0.00 85.79 0.00
[09:57:49.579] [ARM-RX] [144] <0.00 -60.00 -1.50> result: 90.00 103.47 -72.32 0.00 85.79 0.00
[09:57:49.579] [ARM-RX] [145] <0.00 -60.00 -1.50> result: 90.00 103.47 -72.32 0.00 85.79 0.00
[09:57:49.579] [ARM-RX] [146] <0.00 -60.00 -1.50> result: 90.00 103.47 -72
[09:57:49.604] [ARM-RX] .32 0.00 85.79 0.00
[09:57:49.604] [ARM-RX] [147] <0.00 -60.00 -1.50> result: 90.00 103.47 -72.32 0.00 85.79 0.00
[09:57:49.605] [ARM-RX] [148] <0.00 -60.00 -1.50> result: 90.00 103.47 -72.32 0.00 85.79 0.00
[09:57:49.605] [ARM-RX] [149] <0.00 -60.00 -1.50> result: 90.00 103.47 -72.32 0.00 85.79 0.00
[09:57:49.605] [ARM-RX] [150] <0.00 -60.00 -1.
[09:57:49.623] [ARM-RX] 50> result: 90.00 103.47 -72.32 0.00 85.79 0.00
[09:57:49.623] [ARM-RX] [151] <0.00 -60.00 -1.50> result: 90.00 103.47 -72.32 0.00 85.79 0.00
[09:57:49.623] [ARM-RX] [152] <0.00 -60.00 -1.50> result: 90.00 103.47 -72.32 0.00 85.79 0.00
[09:57:49.625] [ARM-RX] [153] <0.00 -60.00 -1.50> result: 90.00 103.47 -72.32 0.00 85.79
[09:57:49.647] [ARM-RX] 0.00
[09:57:49.647] [ARM-RX] [154] <0.00 -60.00 -1.50> result: 90.00 103.47 -72.32 0.00 85.79 0.00
[09:57:49.647] [ARM-RX] [155] <0.00 -60.00 -1.50> result: 90.00 103.47 -72.32 0.00 85.79 0.00
[09:57:49.648] [ARM-RX] [156] <0.00 -60.00 -1.50> result: 90.00 103.47 -72.32 0.00 85.79 0.00
[09:57:49.648] [ARM-RX] [157] <0.00 -60.00 -1.50> result: 90.
[09:57:49.668] [ARM-RX] 00 103.47 -72.32 0.00 85.79 0.00
[09:57:49.668] [ARM-RX] [158] <0.00 -60.00 -1.50> result: 90.00 103.47 -72.32 0.00 85.79 0.00
[09:57:49.669] [ARM-RX] [159] <0.00 -60.00 -1.50> result: 90.00 103.47 -72.32 0.00 85.79 0.00
[09:57:49.669] [ARM-RX] [160] <0.00 -60.00 -1.50> result: 90.00 103.47 -72.32 0.00 85.79 0.00
[09:57:49.669] [ARM-RX] [161] <0.
[09:57:49.691] [ARM-RX] 00 -60.00 -1.50> result: 90.00 103.47 -72.32 0.00 85.79 0.00
[09:57:49.692] [ARM-RX] [162] <0.00 -60.00 -1.50> result: 90.00 103.47 -72.32 0.00 85.79 0.00
[09:57:49.692] [ARM-RX] [163] <0.00 -60.00 -1.50> result: 90.00 103.47 -72.32 0.00 85.79 0.00
[09:57:49.692] [ARM-RX] [164] <0.00 -60.00 -1.50> result: 90.00 103.47 -72.3
[09:57:49.726] [ARM-RX] 2 0.00 85.79 0.00
[09:57:49.727] [ARM-RX] [165] <0.00 -60.00 -1.50> result: 90.00 103.47 -72.32 0.00 85.79 0.00
[09:57:49.727] [ARM-RX] [166] <0.00 -60.00 -1.50> result: 90.00 103.47 -72.32 0.00 85.79 0.00
[09:57:49.727] [ARM-RX] [167] <0.00 -60.00 -1.50> result: 90.00 103.47 -72.32 0.00 85.79 0.00
[09:57:49.727] [ARM-RX] [168] <0.00 -60.00 -1.50
[09:57:49.752] [ARM-RX] > result: 90.00 103.47 -72.32 0.00 85.79 0.00
[09:57:49.753] [ARM-RX] [169] <0.00 -60.00 -1.50> result: 90.00 103.47 -72.32 0.00 85.79 0.00
[09:57:49.753] [ARM-RX] [170] <0.00 -60.00 -1.50> result: 90.00 103.47 -72.32 0.00 85.79 0.00
[09:57:49.753] [ARM-RX] [171] <0.00 -60.00 -1.50> result: 90.00 103.47 -72.32 0.00 85.79 0.
[09:57:49.772] [ARM-RX] 00
[09:57:49.773] [ARM-RX] [172] <0.00 -60.00 -1.50> result: 90.00 103.47 -72.32 0.00 85.79 0.00
[09:57:49.773] [ARM-RX] [173] <0.00 -60.00 -1.50> result: 90.00 103.47 -72.32 0.00 85.79 0.00
[09:57:49.773] [ARM-RX] [174] <0.00 -60.00 -1.50> result: 90.00 103.47 -72.32 0.00 85.79 0.00
[09:57:49.773] [ARM-RX] [175] <0.00 -60.00 -1.50> result: 90.00
[09:57:49.826] [ARM-RX] 103.47 -72.32 0.00 85.79 0.00
[09:57:49.826] [ARM-RX] [176] <0.00 -60.00 -1.50> result: 90.00 103.47 -72.32 0.00 85.79 0.00
[09:57:51.699] [ARM-RX] [joint 1] ave_error:0.00
[09:57:51.699] [ARM-RX] [joint 2] ave_error:2.94
[09:57:51.700] [ARM-RX] [joint 3] ave_error:2.47
[09:57:51.700] [ARM-RX] [joint 4] ave_error:0.00
[09:57:51.700] [ARM-RX] [joint 5] ave_error:0.28
[09:57:51.700] [ARM-RX] robot pid run finished!!
[09:57:51.760] [JETSON-RX] CC 01 01 DD
[09:57:51.760] [JETSON-STATUS] READY: CC 01 01 DD
[09:57:51.761] [DEMO-INFO] 开始发送视觉序列: 30,-20:5;15,-10:5;8,-5:5;0,0:30
[09:57:51.761] [JETSON-TX] VISION dcx=30 dcy=-20: FF 05 03 1E 00 EC FF 11 FE
[09:57:51.810] [ARM-RX] [JETSON_RX] vision dcx=30 dcy=-20
[09:57:51.810] [ARM-RX] [TARGET] vision state=WAIT_DETECT enabled=1 dcx=30 dcy=-20 stable=0
[09:57:51.810] [ARM-RX] ROBOT_AUTO_EVENT
[09:57:51.811] [ARM-RX] [0] <0.00 -60.00 -1.50> result: 90.00 103.47 -72.32 0.00 85.79 0.00
[09:57:51.811] [ARM-RX] [1] <0.00 -60.00 -1.50> result: 90.00 103.47 -72.32 -0.00 85.79 0.
[09:57:51.833] [ARM-RX] 00
[09:57:51.833] [ARM-RX] [2] <0.01 -60.00 -1.51> result: 90.00 103.47 -72.32 -0.00 85.79 0.00
[09:57:51.833] [ARM-RX] [3] <0.02 -60.00 -1.52> result: 90.01 103.48 -72.32 -0.01 85.80 0.00
[09:57:51.833] [ARM-RX] [4] <0.05 -60.00 -1.55> result: 90.02 103.49 -72.32 -0.02 85.81 0.00
[09:57:51.835] [ARM-RX] [5] <0.08 -60.00 -1.58> result: 90.04 103.
[09:57:51.857] [ARM-RX] 51 -72.32 -0.04 85.83 0.00
[09:57:51.857] [ARM-RX] [6] <0.14 -60.00 -1.64> result: 90.07 103.54 -72.33 -0.07 85.86 0.00
[09:57:51.857] [ARM-RX] [7] <0.21 -60.00 -1.71> result: 90.11 103.57 -72.33 -0.11 85.90 0.00
[09:57:51.858] [ARM-RX] [8] <0.29 -60.00 -1.79> result: 90.16 103.62 -72.33 -0.16 85.95 0.00
[09:57:51.858] [ARM-RX] [9] <0.40 -60.00 -
[09:57:51.879] [ARM-RX] 1.90> result: 90.21 103.67 -72.34 -0.22 86.01 0.00
[09:57:51.880] [ARM-RX] [10] <0.53 -60.00 -2.03> result: 90.28 103.74 -72.34 -0.28 86.08 0.00
[09:57:51.880] [ARM-RX] [11] <0.68 -60.00 -2.18> result: 90.36 103.82 -72.35 -0.36 86.16 0.00
[09:57:51.880] [ARM-RX] [12] <0.86 -60.00 -2.36> result: 90.46 103.90 -72.35 -0.46 86.
[09:57:51.906] [ARM-RX] 26 0.00
[09:57:51.906] [ARM-RX] [13] <1.05 -60.00 -2.55> result: 90.56 104.00 -72.36 -0.56 86.36 0.00
[09:57:51.907] [ARM-RX] [14] <1.26 -60.00 -2.76> result: 90.67 104.11 -72.37 -0.67 86.48 0.00
[09:57:51.907] [ARM-RX] [15] <1.49 -60.00 -2.99> result: 90.79 104.23 -72.37 -0.79 86.60 0.00
[09:57:51.907] [ARM-RX] [16] <1.74 -60.00 -3.24> result: 9
[09:57:51.925] [ARM-RX] 0.92 104.36 -72.38 -0.93 86.74 0.00
[09:57:51.925] [ARM-RX] [17] <2.00 -60.00 -3.50> result: 91.06 104.49 -72.39 -1.06 86.88 0.00
[09:57:51.926] [ARM-RX] [18] <2.27 -60.00 -3.77> result: 91.21 104.63 -72.40 -1.21 87.03 0.00
[09:57:51.926] [ARM-RX] [19] <2.50 -60.00 -4.00> result: 91.33 104.75 -72.40 -1.33 87.15 0.00
[09:57:51.926] [ARM-RX] [20] <
[09:57:51.960] [ARM-RX] 2.50 -60.00 -4.00> result: 91.33 104.75 -72.40 -1.33 87.15 0.00
[09:57:51.960] [ARM-RX] [21] <2.50 -60.00 -4.00> result: 91.33 104.75 -72.40 -1.33 87.15 0.00
[09:57:51.960] [ARM-RX] [22] <2.50 -60.00 -4.00> result: 91.33 104.75 -72.40 -1.33 87.15 0.00
[09:57:51.960] [ARM-RX] [23] <2.50 -60.00 -4.00> result: 91.33 104.75 -72
[09:57:51.962] [JETSON-TX] VISION dcx=30 dcy=-20: FF 05 03 1E 00 EC FF 11 FE
[09:57:51.983] [ARM-RX] .40 -1.33 87.15 0.00
[09:57:51.983] [ARM-RX] [24] <2.50 -60.00 -4.00> result: 91.33 104.75 -72.40 -1.33 87.15 0.00
[09:57:51.983] [ARM-RX] [25] <2.50 -60.00 -4.00> result: 91.33 104.75 -72.40 -1.33 87.15 0.00
[09:57:51.984] [ARM-RX] [26] <2.50 -60.00 -4.00> result: 91.33 104.75 -72.40 -1.33 87.15 0.00
[09:57:51.984] [ARM-RX] [27] <2.50 -60.00 -4.
[09:57:52.006] [ARM-RX] 00> result: 91.33 104.75 -72.40 -1.33 87.15 0.00
[09:57:52.007] [ARM-RX] [28] <2.50 -60.00 -4.00> result: 91.33 104.75 -72.40 -1.33 87.15 0.00
[09:57:52.007] [ARM-RX] [29] <2.50 -60.00 -4.00> result: 91.33 104.75 -72.40 -1.33 87.15 0.00
[09:57:52.007] [ARM-RX] [30] <2.50 -60.00 -4.00> result: 91.33 104.75 -72.40 -1.33 87.15
[09:57:52.031] [ARM-RX] 0.00
[09:57:52.031] [ARM-RX] [31] <2.50 -60.00 -4.00> result: 91.33 104.75 -72.40 -1.33 87.15 0.00
[09:57:52.031] [ARM-RX] [32] <2.50 -60.00 -4.00> result: 91.33 104.75 -72.40 -1.33 87.15 0.00
[09:57:52.031] [ARM-RX] [33] <2.50 -60.00 -4.00> result: 91.33 104.75 -72.40 -1.33 87.15 0.00
[09:57:52.032] [ARM-RX] [34] <2.50 -60.00 -4.00> result: 91.
[09:57:52.053] [ARM-RX] 33 104.75 -72.40 -1.33 87.15 0.00
[09:57:52.054] [ARM-RX] [35] <2.50 -60.00 -4.00> result: 91.33 104.75 -72.40 -1.33 87.15 0.00
[09:57:52.054] [ARM-RX] [36] <2.50 -60.00 -4.00> result: 91.33 104.75 -72.40 -1.33 87.15 0.00
[09:57:52.054] [ARM-RX] [37] <2.50 -60.00 -4.00> result: 91.33 104.75 -72.40 -1.33 87.15 0.00
[09:57:52.054] [ARM-RX] [38] <2.
[09:57:52.079] [ARM-RX] 50 -60.00 -4.00> result: 91.33 104.75 -72.40 -1.33 87.15 0.00
[09:57:52.079] [ARM-RX] [39] <2.50 -60.00 -4.00> result: 91.33 104.75 -72.40 -1.33 87.15 0.00
[09:57:52.079] [ARM-RX] [40] <2.50 -60.00 -4.00> result: 91.33 104.75 -72.40 -1.33 87.15 0.00
[09:57:52.080] [ARM-RX] [41] <2.50 -60.00 -4.00> result: 91.33 104.75 -72.4
[09:57:52.134] [ARM-RX] 0 -1.33 87.15 0.00
[09:57:52.134] [ARM-RX] [42] <2.50 -60.00 -4.00> result: 91.33 104.75 -72.40 -1.33 87.15 0.00
[09:57:52.134] [ARM-RX] [43] <2.50 -60.00 -4.00> result: 91.33 104.75 -72.40 -1.33 87.15 0.00
[09:57:52.134] [ARM-RX] [TARGET] vision state=ALIGN enabled=1 dcx=30 dcy=-20 stable=0
[09:57:52.163] [JETSON-TX] VISION dcx=30 dcy=-20: FF 05 03 1E 00 EC FF 11 FE
[09:57:52.197] [ARM-RX] [JETSON_RX] vision dcx=30 dcy=-20
[09:57:52.197] [ARM-RX] [TARGET] vision state=ALIGN enabled=1 dcx=30 dcy=-20 stable=0
[09:57:52.363] [JETSON-TX] VISION dcx=30 dcy=-20: FF 05 03 1E 00 EC FF 11 FE
[09:57:52.384] [ARM-RX] [JETSON_RX] vision dcx=30 dcy=-20
[09:57:52.384] [ARM-RX] [TARGET] vision state=ALIGN enabled=1 dcx=30 dcy=-20 stable=0
[09:57:52.564] [JETSON-TX] VISION dcx=30 dcy=-20: FF 05 03 1E 00 EC FF 11 FE
[09:57:52.634] [ARM-RX] [JETSON_RX] vision dcx=30 dcy=-20
[09:57:52.634] [ARM-RX] [TARGET] vision state=ALIGN enabled=1 dcx=30 dcy=-20 stable=0
[09:57:52.634] [ARM-RX] [joint 1] ave_error:0.32
[09:57:52.636] [ARM-RX] [joint 2] ave_error:1.24
[09:57:52.636] [ARM-RX] [joint 3] ave_error:0.28
[09:57:52.636] [ARM-RX] [joint 4] ave_error:0.33
[09:57:52.636] [ARM-RX] [joint 5] ave_error:
[09:57:52.697] [ARM-RX] 0.20
[09:57:52.697] [ARM-RX] robot pid run finished!!
[09:57:52.697] [ARM-RX] ROBOT_AUTO_EVENT
[09:57:52.697] [ARM-RX] [0] <2.50 -60.00 -4.00> result: 91.33 104.75 -72.40 -1.33 87.15 0.00
[09:57:52.698] [ARM-RX] [1] <2.50 -60.00 -4.00> result: 9
[09:57:52.728] [ARM-RX] 1.33 104.75 -72.40 -1.33 87.16 0.00
[09:57:52.728] [ARM-RX] [2] <2.51 -60.00 -4.01> result: 91.33 104.76 -72.40 -1.34 87.16 0.00
[09:57:52.729] [ARM-RX] [3] <2.52 -60.00 -4.02> result: 91.34 104.76 -72.40 -1.34 87.17 0.00
[09:57:52.729] [ARM-RX] [4] <2.55 -60.00 -4.05> result: 91.35 104.78 -72.40 -1.36 87.18 0.00
[09:57:52.729] [ARM-RX] [5] <2.58
[09:57:52.755] [ARM-RX] -60.00 -4.08> result: 91.37 104.79 -72.40 -1.38 87.20 0.00
[09:57:52.755] [ARM-RX] [6] <2.64 -60.00 -4.14> result: 91.40 104.82 -72.41 -1.40 87.23 0.00
[09:57:52.755] [ARM-RX] [7] <2.71 -60.00 -4.21> result: 91.44 104.86 -72.41 -1.44 87.27 0.00
[09:57:52.757] [ARM-RX] [8] <2.79 -60.00 -4.29> result: 91.49 104.90 -72.41 -1.
[09:57:52.765] [JETSON-TX] VISION dcx=15 dcy=-10: FF 05 03 0F 00 F6 FF 0C FE
[09:57:52.774] [ARM-RX] 49 87.31 0.00
[09:57:52.775] [ARM-RX] [9] <2.90 -60.00 -4.40> result: 91.55 104.96 -72.41 -1.55 87.37 0.00
[09:57:52.775] [ARM-RX] [10] <3.03 -60.00 -4.53> result: 91.61 105.03 -72.41 -1.62 87.44 0.00
[09:57:52.775] [ARM-RX] [11] <3.18 -60.00 -4.68> result: 91.69 105.11 -72.42 -1.70 87.53 0.00
[09:57:52.775] [ARM-RX] [12] <3.36 -60.00 -4.86> resu
[09:57:52.797] [ARM-RX] lt: 91.79 105.20 -72.42 -1.79 87.62 0.00
[09:57:52.798] [ARM-RX] [13] <3.55 -60.00 -5.05> result: 91.89 105.30 -72.43 -1.89 87.72 0.00
[09:57:52.798] [ARM-RX] [14] <3.76 -60.00 -5.26> result: 92.00 105.41 -72.43 -2.00 87.84 0.00
[09:57:52.798] [ARM-RX] [15] <3.99 -60.00 -5.49> result: 92.12 105.53 -72.43 -2.12 87.96 0.00
[09:57:52.798] [ARM-RX] [
[09:57:52.822] [ARM-RX] 16] <4.24 -60.00 -5.74> result: 92.25 105.66 -72.44 -2.26 88.10 0.00
[09:57:52.822] [ARM-RX] [17] <4.50 -60.00 -6.00> result: 92.39 105.79 -72.44 -2.39 88.24 0.00
[09:57:52.822] [ARM-RX] [18] <4.77 -60.00 -6.27> result: 92.54 105.94 -72.45 -2.54 88.38 0.00
[09:57:52.822] [ARM-RX] [19] <5.00 -60.00 -6.50> result: 92.66 106.0
[09:57:52.844] [ARM-RX] 6 -72.45 -2.66 88.51 0.00
[09:57:52.845] [ARM-RX] [20] <5.00 -60.00 -6.50> result: 92.66 106.06 -72.45 -2.66 88.51 0.00
[09:57:52.845] [ARM-RX] [21] <5.00 -60.00 -6.50> result: 92.66 106.06 -72.45 -2.66 88.51 0.00
[09:57:52.845] [ARM-RX] [22] <5.00 -60.00 -6.50> result: 92.66 106.06 -72.45 -2.66 88.51 0.00
[09:57:52.845] [ARM-RX] [23] <5.00 -60.0
[09:57:52.868] [ARM-RX] 0 -6.50> result: 92.66 106.06 -72.45 -2.66 88.51 0.00
[09:57:52.869] [ARM-RX] [24] <5.00 -60.00 -6.50> result: 92.66 106.06 -72.45 -2.66 88.51 0.00
[09:57:52.869] [ARM-RX] [25] <5.00 -60.00 -6.50> result: 92.66 106.06 -72.45 -2.66 88.51 0.00
[09:57:52.869] [ARM-RX] [26] <5.00 -60.00 -6.50> result: 92.66 106.06 -72.45 -2.66
[09:57:52.905] [ARM-RX] 88.51 0.00
[09:57:52.905] [ARM-RX] [27] <5.00 -60.00 -6.50> result: 92.66 106.06 -72.45 -2.66 88.51 0.00
[09:57:52.905] [ARM-RX] [28] <5.00 -60.00 -6.50> result: 92.66 106.06 -72.45 -2.66 88.51 0.00
[09:57:52.905] [ARM-RX] [29] <5.00 -60.00 -6.50> result: 92.66 106.06 -72.45 -2.66 88.51 0.00
[09:57:52.906] [ARM-RX] [30] <5.00 -60.00 -6.50> result
[09:57:52.925] [ARM-RX] : 92.66 106.06 -72.45 -2.66 88.51 0.00
[09:57:52.926] [ARM-RX] [31] <5.00 -60.00 -6.50> result: 92.66 106.06 -72.45 -2.66 88.51 0.00
[09:57:52.926] [ARM-RX] [32] <5.00 -60.00 -6.50> result: 92.66 106.06 -72.45 -2.66 88.51 0.00
[09:57:52.926] [ARM-RX] [33] <5.00 -60.00 -6.50> result: 92.66 106.06 -72.45 -2.66 88.51 0.00
[09:57:52.927] [ARM-RX] [34
[09:57:52.950] [ARM-RX] ] <5.00 -60.00 -6.50> result: 92.66 106.06 -72.45 -2.66 88.51 0.00
[09:57:52.950] [ARM-RX] [35] <5.00 -60.00 -6.50> result: 92.66 106.06 -72.45 -2.66 88.51 0.00
[09:57:52.950] [ARM-RX] [36] <5.00 -60.00 -6.50> result: 92.66 106.06 -72.45 -2.66 88.51 0.00
[09:57:52.950] [ARM-RX] [37] <5.00 -60.00 -6.50> result: 92.66 106.06
[09:57:52.966] [JETSON-TX] VISION dcx=15 dcy=-10: FF 05 03 0F 00 F6 FF 0C FE
[09:57:52.971] [ARM-RX] -72.45 -2.66 88.51 0.00
[09:57:52.971] [ARM-RX] [38] <5.00 -60.00 -6.50> result: 92.66 106.06 -72.45 -2.66 88.51 0.00
[09:57:52.972] [ARM-RX] [39] <5.00 -60.00 -6.50> result: 92.66 106.06 -72.45 -2.66 88.51 0.00
[09:57:52.972] [ARM-RX] [40] <5.00 -60.00 -6.50> result: 92.66 106.06 -72.45 -2.66 88.51 0.00
[09:57:52.972] [ARM-RX] [41] <5.00 -60.00
[09:57:52.994] [ARM-RX] -6.50> result: 92.66 106.06 -72.45 -2.66 88.51 0.00
[09:57:52.994] [ARM-RX] [42] <5.00 -60.00 -6.50> result: 92.66 106.06 -72.45 -2.66 88.51 0.00
[09:57:52.996] [ARM-RX] [43] <5.00 -60.00 -6.50> result: 92.66 106.06 -72.45 -2.66 88.51 0.00
[09:57:52.996] [ARM-RX] [TARGET] vision state=ALIGN enabled=1 dcx=15 dcy=-10 stable=0
[09:57:53.057] [ARM-RX] [JETSON_RX] vision dcx=15 dcy=-10
[09:57:53.057] [ARM-RX] [TARGET] vision state=ALIGN enabled=1 dcx=15 dcy=-10 stable=0
[09:57:53.167] [JETSON-TX] VISION dcx=15 dcy=-10: FF 05 03 0F 00 F6 FF 0C FE
[09:57:53.245] [ARM-RX] [JETSON_RX] vision dcx=15 dcy=-10
[09:57:53.245] [ARM-RX] [TARGET] vision state=ALIGN enabled=1 dcx=15 dcy=-10 stable=0
[09:57:53.368] [JETSON-TX] VISION dcx=15 dcy=-10: FF 05 03 0F 00 F6 FF 0C FE
[09:57:53.430] [ARM-RX] [JETSON_RX] vision dcx=15 dcy=-10
[09:57:53.430] [ARM-RX] [TARGET] vision state=ALIGN enabled=1 dcx=15 dcy=-10 stable=0
[09:57:53.557] [ARM-RX] [joint 1] ave_error:0.48
[09:57:53.557] [ARM-RX] [joint 2] ave_error:0.43
[09:57:53.557] [ARM-RX] [joint 3] ave_error:0.08
[09:57:53.557] [ARM-RX] [joint 4] ave_error:0.42
[09:57:53.557] [ARM-RX] [joint 5] ave_error:0.17
[09:57:53.557] [ARM-RX] robot pid run finished!!
[09:57:53.568] [JETSON-TX] VISION dcx=15 dcy=-10: FF 05 03 0F 00 F6 FF 0C FE
[09:57:53.610] [ARM-RX] [JETSON_RX] vision dcx=15 dcy=-10
[09:57:53.612] [ARM-RX] [TARGET] vision state=ALIGN enabled=1 dcx=15 dcy=-10 stable=0
[09:57:53.612] [ARM-RX] ROBOT_AUTO_EVENT
[09:57:53.612] [ARM-RX] [0] <5.00 -60.00 -6.50> result: 92.66 106.06 -72.45 -2.66 88.51 0.00
[09:57:53.612] [ARM-RX] [1] <5.00 -60.00 -6.50> result: 92.66 106.06 -72.45 -2.66 88.51 0.00
[09:57:53.612] [ARM-RX] [
[09:57:53.635] [ARM-RX] 2] <5.01 -60.00 -6.51> result: 92.67 106.07 -72.45 -2.67 88.52 0.00
[09:57:53.635] [ARM-RX] [3] <5.04 -60.00 -6.54> result: 92.68 106.08 -72.45 -2.68 88.53 0.00
[09:57:53.635] [ARM-RX] [4] <5.08 -60.00 -6.58> result: 92.70 106.10 -72.45 -2.70 88.55 0.00
[09:57:53.636] [ARM-RX] [5] <5.14 -60.00 -6.64> result: 92.73 106.13 -7
[09:57:53.659] [ARM-RX] 2.45 -2.73 88.58 0.00
[09:57:53.659] [ARM-RX] [6] <5.22 -60.00 -6.72> result: 92.78 106.17 -72.45 -2.78 88.63 0.00
[09:57:53.660] [ARM-RX] [7] <5.32 -60.00 -6.82> result: 92.83 106.23 -72.45 -2.83 88.68 0.00
[09:57:53.660] [ARM-RX] [8] <5.44 -60.00 -6.94> result: 92.89 106.29 -72.45 -2.89 88.74 0.00
[09:57:53.660] [ARM-RX] [9] <5.58 -60.00 -7.08>
[09:57:53.680] [ARM-RX] result: 92.97 106.36 -72.45 -2.97 88.82 0.00
[09:57:53.681] [ARM-RX] [10] <5.73 -60.00 -7.23> result: 93.05 106.44 -72.45 -3.05 88.90 0.00
[09:57:53.681] [ARM-RX] [11] <5.80 -60.00 -7.30> result: 93.08 106.48 -72.46 -3.09 88.94 0.00
[09:57:53.681] [ARM-RX] [12] <5.80 -60.00 -7.30> result: 93.08 106.48 -72.46 -3.09 88.94 0.
[09:57:53.705] [ARM-RX] 00
[09:57:53.706] [ARM-RX] [13] <5.80 -60.00 -7.30> result: 93.08 106.48 -72.46 -3.09 88.94 0.00
[09:57:53.706] [ARM-RX] [14] <5.80 -60.00 -7.30> result: 93.08 106.48 -72.46 -3.09 88.94 0.00
[09:57:53.706] [ARM-RX] [15] <5.80 -60.00 -7.30> result: 93.08 106.48 -72.46 -3.09 88.94 0.00
[09:57:53.706] [ARM-RX] [16] <5.80 -60.00 -7.30> result: 93.08
[09:57:53.727] [ARM-RX] 106.48 -72.46 -3.09 88.94 0.00
[09:57:53.727] [ARM-RX] [17] <5.80 -60.00 -7.30> result: 93.08 106.48 -72.46 -3.09 88.94 0.00
[09:57:53.727] [ARM-RX] [18] <5.80 -60.00 -7.30> result: 93.08 106.48 -72.46 -3.09 88.94 0.00
[09:57:53.728] [ARM-RX] [19] <5.80 -60.00 -7.30> result: 93.08 106.48 -72.46 -3.09 88.94 0.00
[09:57:53.728] [ARM-RX] [20] <5.80
[09:57:53.751] [ARM-RX] -60.00 -7.30> result: 93.08 106.48 -72.46 -3.09 88.94 0.00
[09:57:53.751] [ARM-RX] [21] <5.80 -60.00 -7.30> result: 93.08 106.48 -72.46 -3.09 88.94 0.00
[09:57:53.751] [ARM-RX] [22] <5.80 -60.00 -7.30> result: 93.08 106.48 -72.46 -3.09 88.94 0.00
[09:57:53.752] [ARM-RX] [23] <5.80 -60.00 -7.30> result: 93.08 106.48 -72.46 -
[09:57:53.769] [JETSON-TX] VISION dcx=8 dcy=-5: FF 05 03 08 00 FB FF 0A FE
[09:57:53.809] [ARM-RX] 3.09 88.94 0.00
[09:57:53.809] [ARM-RX] [24] <5.80 -60.00 -7.30> result: 93.08 106.48 -72.46 -3.09 88.94 0.00
[09:57:53.809] [ARM-RX] [JETSON_RX] vision dcx=8 dcy=-5
[09:57:53.809] [ARM-RX] [TARGET] vision state=ALIGN enabled=1 dcx=8 dcy=-5 stable=0
[09:57:53.970] [JETSON-TX] VISION dcx=8 dcy=-5: FF 05 03 08 00 FB FF 0A FE
[09:57:53.995] [ARM-RX] [JETSON_RX] vision dcx=8 dcy=-5
[09:57:53.995] [ARM-RX] [TARGET] vision state=ALIGN enabled=1 dcx=8 dcy=-5 stable=0
[09:57:54.120] [ARM-RX] [joint 1] ave_error:0.40
[09:57:54.120] [ARM-RX] [joint 2] ave_error:0.42
[09:57:54.120] [ARM-RX] [joint 3] ave_error:0.04
[09:57:54.120] [ARM-RX] [joint 4] ave_error:0.28
[09:57:54.121] [ARM-RX] [joint 5] ave_error:0.05
[09:57:54.121] [ARM-RX] robot pid run finished!!
[09:57:54.171] [JETSON-TX] VISION dcx=8 dcy=-5: FF 05 03 08 00 FB FF 0A FE
[09:57:54.181] [ARM-RX] ROBOT_AUTO_EVENT
[09:57:54.181] [ARM-RX] [0] <5.80 -60.00 -7.30> result: 93.08 106.48 -72.46 -3.09 88.94 0.00
[09:57:54.181] [ARM-RX] [1] <5.80 -60.00 -7.30> result: 93.09 106.48 -72.46 -3.09 88.94 0.00
[09:57:54.181] [ARM-RX] [2] <5.81 -60.00 -7.31> result: 93.09 106.49 -72.46 -3.09 88.94 0.00
[09:57:54.181] [ARM-RX] [3] <5.84 -60
[09:57:54.215] [ARM-RX] .00 -7.34> result: 93.10 106.50 -72.46 -3.10 88.96 0.00
[09:57:54.215] [ARM-RX] [4] <5.88 -60.00 -7.38> result: 93.13 106.52 -72.46 -3.13 88.98 0.00
[09:57:54.215] [ARM-RX] [5] <5.94 -60.00 -7.44> result: 93.16 106.55 -72.46 -3.16 89.01 0.00
[09:57:54.215] [ARM-RX] [6] <6.02 -60.00 -7.52> result: 93.20 106.60 -72.46 -3.20 8
[09:57:54.237] [ARM-RX] 9.05 0.00
[09:57:54.237] [ARM-RX] [7] <6.12 -60.00 -7.62> result: 93.25 106.65 -72.46 -3.25 89.11 0.00
[09:57:54.237] [ARM-RX] [8] <6.24 -60.00 -7.74> result: 93.32 106.71 -72.46 -3.32 89.17 0.00
[09:57:54.237] [ARM-RX] [9] <6.38 -60.00 -7.88> result: 93.39 106.79 -72.46 -3.39 89.25 0.00
[09:57:54.238] [ARM-RX] [10] <6.53 -60.00 -8.03> result: 93
[09:57:54.262] [ARM-RX] .47 106.87 -72.46 -3.47 89.33 0.00
[09:57:54.262] [ARM-RX] [11] <6.60 -60.00 -8.10> result: 93.51 106.90 -72.46 -3.51 89.36 0.00
[09:57:54.262] [ARM-RX] [12] <6.60 -60.00 -8.10> result: 93.51 106.90 -72.46 -3.51 89.36 0.00
[09:57:54.263] [ARM-RX] [13] <6.60 -60.00 -8.10> result: 93.51 106.90 -72.46 -3.51 89.36 0.00
[09:57:54.263] [ARM-RX] [14] <6
[09:57:54.283] [ARM-RX] .60 -60.00 -8.10> result: 93.51 106.90 -72.46 -3.51 89.36 0.00
[09:57:54.284] [ARM-RX] [15] <6.60 -60.00 -8.10> result: 93.51 106.90 -72.46 -3.51 89.36 0.00
[09:57:54.284] [ARM-RX] [16] <6.60 -60.00 -8.10> result: 93.51 106.90 -72.46 -3.51 89.36 0.00
[09:57:54.284] [ARM-RX] [17] <6.60 -60.00 -8.10> result: 93.51 106.90 -72.
[09:57:54.307] [ARM-RX] 46 -3.51 89.36 0.00
[09:57:54.307] [ARM-RX] [18] <6.60 -60.00 -8.10> result: 93.51 106.90 -72.46 -3.51 89.36 0.00
[09:57:54.308] [ARM-RX] [19] <6.60 -60.00 -8.10> result: 93.51 106.90 -72.46 -3.51 89.36 0.00
[09:57:54.308] [ARM-RX] [20] <6.60 -60.00 -8.10> result: 93.51 106.90 -72.46 -3.51 89.36 0.00
[09:57:54.308] [ARM-RX] [21] <6.60 -60.00 -8.1
[09:57:54.331] [ARM-RX] 0> result: 93.51 106.90 -72.46 -3.51 89.36 0.00
[09:57:54.331] [ARM-RX] [22] <6.60 -60.00 -8.10> result: 93.51 106.90 -72.46 -3.51 89.36 0.00
[09:57:54.332] [ARM-RX] [23] <6.60 -60.00 -8.10> result: 93.51 106.90 -72.46 -3.51 89.36 0.00
[09:57:54.332] [ARM-RX] [24] <6.60 -60.00 -8.10> result: 93.51 106.90 -72.46 -3.51 89.36
[09:57:54.371] [JETSON-TX] VISION dcx=8 dcy=-5: FF 05 03 08 00 FB FF 0A FE
[09:57:54.384] [ARM-RX] 0.00
[09:57:54.384] [ARM-RX] [JETSON_RX] vision dcx=8 dcy=-5
[09:57:54.384] [ARM-RX] [TARGET] vision state=ALIGN enabled=1 dcx=8 dcy=-5 stable=0
[09:57:54.447] [ARM-RX] [JETSON_RX] vision dcx=8 dcy=-5
[09:57:54.447] [ARM-RX] [TARGET] vision state=ALIGN enabled=1 dcx=8 dcy=-5 stable=0
[09:57:54.572] [JETSON-TX] VISION dcx=8 dcy=-5: FF 05 03 08 00 FB FF 0A FE
[09:57:54.634] [ARM-RX] [JETSON_RX] vision dcx=8 dcy=-5
[09:57:54.634] [ARM-RX] [TARGET] vision state=ALIGN enabled=1 dcx=8 dcy=-5 stable=0
[09:57:54.697] [ARM-RX] [joint 1] ave_error:0.40
[09:57:54.697] [ARM-RX] [joint 2] ave_error:0.44
[09:57:54.697] [ARM-RX] [joint 3] ave_error:0.03
[09:57:54.697] [ARM-RX] [joint 4] ave_error:0.23
[09:57:54.697] [ARM-RX] [joint 5] ave_error:0.06
[09:57:54.698] [ARM-RX] robot pid run finished!!
[09:57:54.758] [ARM-RX] ROBOT_AUTO_EVENT
[09:57:54.758] [ARM-RX] [0] <6.60 -60.00 -8.10> result: 93.51 106.90 -72.46 -3.51 89.36 0.00
[09:57:54.758] [ARM-RX] [1] <6.60 -60.00 -8.10> result: 93.51 106.91 -72.46 -3.51 89.37 0.00
[09:57:54.758] [ARM-RX] [2] <6.61 -60.00 -8.11> result: 93.52 106.91 -72.46 -3.52 89.37 0.00
[09:57:54.758] [ARM-RX] [3] <6.64 -60
[09:57:54.773] [JETSON-TX] VISION dcx=0 dcy=0: FF 05 03 00 00 00 00 08 FE
[09:57:54.792] [ARM-RX] .00 -8.14> result: 93.53 106.92 -72.46 -3.53 89.38 0.00
[09:57:54.792] [ARM-RX] [4] <6.68 -60.00 -8.18> result: 93.55 106.94 -72.46 -3.55 89.41 0.00
[09:57:54.792] [ARM-RX] [5] <6.74 -60.00 -8.24> result: 93.58 106.98 -72.46 -3.58 89.44 0.00
[09:57:54.792] [ARM-RX] [6] <6.82 -60.00 -8.32> result: 93.62 107.02 -72.46 -3.62 8
[09:57:54.813] [ARM-RX] 9.48 0.00
[09:57:54.813] [ARM-RX] [7] <6.92 -60.00 -8.42> result: 93.68 107.07 -72.46 -3.68 89.53 0.00
[09:57:54.814] [ARM-RX] [8] <7.04 -60.00 -8.54> result: 93.74 107.14 -72.46 -3.74 89.60 0.00
[09:57:54.814] [ARM-RX] [9] <7.18 -60.00 -8.68> result: 93.82 107.21 -72.46 -3.82 89.67 0.00
[09:57:54.814] [ARM-RX] [10] <7.33 -60.00 -8.83> result: 93
[09:57:54.836] [ARM-RX] .90 107.29 -72.46 -3.90 89.75 0.00
[09:57:54.836] [ARM-RX] [11] <7.40 -60.00 -8.90> result: 93.93 107.33 -72.46 -3.93 89.79 0.00
[09:57:54.838] [ARM-RX] [12] <7.40 -60.00 -8.90> result: 93.93 107.33 -72.46 -3.93 89.79 0.00
[09:57:54.838] [ARM-RX] [13] <7.40 -60.00 -8.90> result: 93.93 107.33 -72.46 -3.93 89.79 0.00
[09:57:54.838] [ARM-RX] [14] <7
[09:57:54.859] [ARM-RX] .40 -60.00 -8.90> result: 93.93 107.33 -72.46 -3.93 89.79 0.00
[09:57:54.860] [ARM-RX] [15] <7.40 -60.00 -8.90> result: 93.93 107.33 -72.46 -3.93 89.79 0.00
[09:57:54.860] [ARM-RX] [16] <7.40 -60.00 -8.90> result: 93.93 107.33 -72.46 -3.93 89.79 0.00
[09:57:54.860] [ARM-RX] [17] <7.40 -60.00 -8.90> result: 93.93 107.33 -72.
[09:57:54.883] [ARM-RX] 46 -3.93 89.79 0.00
[09:57:54.883] [ARM-RX] [18] <7.40 -60.00 -8.90> result: 93.93 107.33 -72.46 -3.93 89.79 0.00
[09:57:54.883] [ARM-RX] [19] <7.40 -60.00 -8.90> result: 93.93 107.33 -72.46 -3.93 89.79 0.00
[09:57:54.883] [ARM-RX] [20] <7.40 -60.00 -8.90> result: 93.93 107.33 -72.46 -3.93 89.79 0.00
[09:57:54.883] [ARM-RX] [21] <7.40 -60.00 -8.9
[09:57:54.904] [ARM-RX] 0> result: 93.93 107.33 -72.46 -3.93 89.79 0.00
[09:57:54.905] [ARM-RX] [22] <7.40 -60.00 -8.90> result: 93.93 107.33 -72.46 -3.93 89.79 0.00
[09:57:54.905] [ARM-RX] [23] <7.40 -60.00 -8.90> result: 93.93 107.33 -72.46 -3.93 89.79 0.00
[09:57:54.905] [ARM-RX] [24] <7.40 -60.00 -8.90> result: 93.93 107.33 -72.46 -3.93 89.79
[09:57:54.960] [ARM-RX] 0.00
[09:57:54.960] [ARM-RX] [JETSON_RX] vision dcx=0 dcy=0
[09:57:54.960] [ARM-RX] [TARGET] vision state=ALIGN enabled=1 dcx=0 dcy=0 stable=0
[09:57:54.974] [JETSON-TX] VISION dcx=0 dcy=0: FF 05 03 00 00 00 00 08 FE
[09:57:55.023] [ARM-RX] [JETSON_RX] vision dcx=0 dcy=0
[09:57:55.023] [ARM-RX] [TARGET] vision state=ALIGN enabled=1 dcx=0 dcy=0 stable=1
[09:57:55.176] [JETSON-TX] VISION dcx=0 dcy=0: FF 05 03 00 00 00 00 08 FE
[09:57:55.210] [ARM-RX] [JETSON_RX] vision dcx=0 dcy=0
[09:57:55.210] [ARM-RX] [TARGET] vision state=ALIGN enabled=1 dcx=0 dcy=0 stable=2
[09:57:55.257] [JETSON-RX] CC 02 01 DD
[09:57:55.257] [JETSON-STATUS] ALIGN_DONE: CC 02 01 DD
[09:57:55.257] [DEMO-ACTION] 已对准：请按住 P000 KEY 允许激光输出。
[09:57:55.272] [ARM-RX] [joint 1] ave_error:0.40
[09:57:55.274] [ARM-RX] [joint 2] ave_error:0.46
[09:57:55.274] [ARM-RX] [joint 3] ave_error:0.03
[09:57:55.274] [ARM-RX] [joint 4] ave_error:0.20
[09:57:55.274] [ARM-RX] [joint 5] ave_error:0.06
[09:57:55.275] [ARM-RX] robot pid run finished!!
[09:57:55.376] [JETSON-TX] VISION dcx=0 dcy=0: FF 05 03 00 00 00 00 08 FE
[09:57:55.398] [ARM-RX] [JETSON_RX] vision dcx=0 dcy=0
[09:57:55.398] [ARM-RX] [TARGET] vision state=CONFIRM enabled=1 dcx=0 dcy=0 stable=0
[09:57:55.577] [JETSON-TX] VISION dcx=0 dcy=0: FF 05 03 00 00 00 00 08 FE
[09:57:55.649] [ARM-RX] [JETSON_RX] vision dcx=0 dcy=0
[09:57:55.649] [ARM-RX] [TARGET] vision state=CONFIRM enabled=1 dcx=0 dcy=0 stable=0
[09:57:55.778] [JETSON-TX] VISION dcx=0 dcy=0: FF 05 03 00 00 00 00 08 FE
[09:57:55.838] [ARM-RX] [JETSON_RX] vision dcx=0 dcy=0
[09:57:55.839] [ARM-RX] [TARGET] vision state=CONFIRM enabled=1 dcx=0 dcy=0 stable=0
[09:57:55.979] [JETSON-TX] VISION dcx=0 dcy=0: FF 05 03 00 00 00 00 08 FE
[09:57:56.025] [ARM-RX] [JETSON_RX] vision dcx=0 dcy=0
[09:57:56.025] [ARM-RX] [TARGET] vision state=CONFIRM enabled=1 dcx=0 dcy=0 stable=0
[09:57:56.180] [JETSON-TX] VISION dcx=0 dcy=0: FF 05 03 00 00 00 00 08 FE
[09:57:56.183] [JETSON-RX] CC 03 01 DD
[09:57:56.183] [JETSON-STATUS] OUTPUT_ON: CC 03 01 DD
[09:57:56.184] [DEMO-ACTION] 激光已输出：需要关闭时松开 P000 KEY。
[09:57:56.215] [ARM-RX] [JETSON_RX] vision dcx=0 dcy=0
[09:57:56.216] [ARM-RX] [TARGET] vision state=OUTPUT enabled=1 dcx=0 dcy=0 stable=0
[09:57:56.381] [JETSON-TX] VISION dcx=0 dcy=0: FF 05 03 00 00 00 00 08 FE
[09:57:56.405] [ARM-RX] [JETSON_RX] vision dcx=0 dcy=0
[09:57:56.405] [ARM-RX] [TARGET] vision state=OUTPUT enabled=1 dcx=0 dcy=0 stable=0
[09:57:56.581] [JETSON-TX] VISION dcx=0 dcy=0: FF 05 03 00 00 00 00 08 FE
[09:57:56.655] [ARM-RX] [JETSON_RX] vision dcx=0 dcy=0
[09:57:56.655] [ARM-RX] [TARGET] vision state=OUTPUT enabled=1 dcx=0 dcy=0 stable=0
[09:57:56.782] [JETSON-TX] VISION dcx=0 dcy=0: FF 05 03 00 00 00 00 08 FE
[09:57:56.843] [ARM-RX] [JETSON_RX] vision dcx=0 dcy=0
[09:57:56.843] [ARM-RX] [TARGET] vision state=OUTPUT enabled=1 dcx=0 dcy=0 stable=0
[09:57:56.983] [JETSON-TX] VISION dcx=0 dcy=0: FF 05 03 00 00 00 00 08 FE
[09:57:57.031] [ARM-RX] [JETSON_RX] vision dcx=0 dcy=0
[09:57:57.031] [ARM-RX] [TARGET] vision state=OUTPUT enabled=1 dcx=0 dcy=0 stable=0
[09:57:57.184] [JETSON-TX] VISION dcx=0 dcy=0: FF 05 03 00 00 00 00 08 FE
[09:57:57.218] [ARM-RX] [JETSON_RX] vision dcx=0 dcy=0
[09:57:57.218] [ARM-RX] [TARGET] vision state=OUTPUT enabled=1 dcx=0 dcy=0 stable=0
[09:57:57.384] [JETSON-TX] VISION dcx=0 dcy=0: FF 05 03 00 00 00 00 08 FE
[09:57:57.407] [ARM-RX] [JETSON_RX] vision dcx=0 dcy=0
[09:57:57.407] [ARM-RX] [TARGET] vision state=OUTPUT enabled=1 dcx=0 dcy=0 stable=0
[09:57:57.585] [JETSON-TX] VISION dcx=0 dcy=0: FF 05 03 00 00 00 00 08 FE
[09:57:57.655] [ARM-RX] [JETSON_RX] vision dcx=0 dcy=0
[09:57:57.655] [ARM-RX] [TARGET] vision state=OUTPUT enabled=1 dcx=0 dcy=0 stable=0
[09:57:57.786] [JETSON-TX] VISION dcx=0 dcy=0: FF 05 03 00 00 00 00 08 FE
[09:57:57.845] [ARM-RX] [JETSON_RX] vision dcx=0 dcy=0
[09:57:57.845] [ARM-RX] [TARGET] vision state=OUTPUT enabled=1 dcx=0 dcy=0 stable=0
[09:57:57.986] [JETSON-TX] VISION dcx=0 dcy=0: FF 05 03 00 00 00 00 08 FE
[09:57:58.033] [ARM-RX] [JETSON_RX] vision dcx=0 dcy=0
[09:57:58.033] [ARM-RX] [TARGET] vision state=OUTPUT enabled=1 dcx=0 dcy=0 stable=0
[09:57:58.187] [JETSON-TX] VISION dcx=0 dcy=0: FF 05 03 00 00 00 00 08 FE
[09:57:58.219] [ARM-RX] [JETSON_RX] vision dcx=0 dcy=0
[09:57:58.219] [ARM-RX] [TARGET] vision state=OUTPUT enabled=1 dcx=0 dcy=0 stable=0
[09:57:58.389] [JETSON-TX] VISION dcx=0 dcy=0: FF 05 03 00 00 00 00 08 FE
[09:57:58.468] [ARM-RX] [JETSON_RX] vision dcx=0 dcy=0
[09:57:58.468] [ARM-RX] [TARGET] vision state=OUTPUT enabled=1 dcx=0 dcy=0 stable=0
[09:57:58.590] [JETSON-TX] VISION dcx=0 dcy=0: FF 05 03 00 00 00 00 08 FE
[09:57:58.655] [ARM-RX] [JETSON_RX] vision dcx=0 dcy=0
[09:57:58.656] [ARM-RX] [TARGET] vision state=OUTPUT enabled=1 dcx=0 dcy=0 stable=0
[09:57:58.791] [JETSON-TX] VISION dcx=0 dcy=0: FF 05 03 00 00 00 00 08 FE
[09:57:58.842] [ARM-RX] [JETSON_RX] vision dcx=0 dcy=0
[09:57:58.842] [ARM-RX] [TARGET] vision state=OUTPUT enabled=1 dcx=0 dcy=0 stable=0
[09:57:58.992] [JETSON-TX] VISION dcx=0 dcy=0: FF 05 03 00 00 00 00 08 FE
[09:57:59.031] [ARM-RX] [JETSON_RX] vision dcx=0 dcy=0
[09:57:59.031] [ARM-RX] [TARGET] vision state=OUTPUT enabled=1 dcx=0 dcy=0 stable=0
[09:57:59.192] [JETSON-TX] VISION dcx=0 dcy=0: FF 05 03 00 00 00 00 08 FE
[09:57:59.218] [ARM-RX] [JETSON_RX] vision dcx=0 dcy=0
[09:57:59.220] [ARM-RX] [TARGET] vision state=OUTPUT enabled=1 dcx=0 dcy=0 stable=0
[09:57:59.393] [JETSON-TX] VISION dcx=0 dcy=0: FF 05 03 00 00 00 00 08 FE
[09:57:59.466] [ARM-RX] [JETSON_RX] vision dcx=0 dcy=0
[09:57:59.466] [ARM-RX] [TARGET] vision state=OUTPUT enabled=1 dcx=0 dcy=0 stable=0
[09:57:59.594] [JETSON-TX] VISION dcx=0 dcy=0: FF 05 03 00 00 00 00 08 FE
[09:57:59.652] [ARM-RX] [JETSON_RX] vision dcx=0 dcy=0
[09:57:59.652] [ARM-RX] [TARGET] vision state=OUTPUT enabled=1 dcx=0 dcy=0 stable=0
[09:57:59.795] [JETSON-TX] VISION dcx=0 dcy=0: FF 05 03 00 00 00 00 08 FE
[09:57:59.839] [ARM-RX] [JETSON_RX] vision dcx=0 dcy=0
[09:57:59.839] [ARM-RX] [TARGET] vision state=OUTPUT enabled=1 dcx=0 dcy=0 stable=0
[09:57:59.995] [JETSON-TX] VISION dcx=0 dcy=0: FF 05 03 00 00 00 00 08 FE
[09:58:00.027] [ARM-RX] [JETSON_RX] vision dcx=0 dcy=0
[09:58:00.027] [ARM-RX] [TARGET] vision state=OUTPUT enabled=1 dcx=0 dcy=0 stable=0
[09:58:00.196] [JETSON-TX] VISION dcx=0 dcy=0: FF 05 03 00 00 00 00 08 FE
[09:58:00.214] [ARM-RX] [JETSON_RX] vision dcx=0 dcy=0
[09:58:00.214] [ARM-RX] [TARGET] vision state=OUTPUT enabled=1 dcx=0 dcy=0 stable=0
[09:58:00.397] [JETSON-TX] VISION dcx=0 dcy=0: FF 05 03 00 00 00 00 08 FE
[09:58:00.462] [ARM-RX] [JETSON_RX] vision dcx=0 dcy=0
[09:58:00.462] [ARM-RX] [TARGET] vision state=OUTPUT enabled=1 dcx=0 dcy=0 stable=0
[09:58:00.598] [JETSON-TX] VISION dcx=0 dcy=0: FF 05 03 00 00 00 00 08 FE
[09:58:00.649] [ARM-RX] [JETSON_RX] vision dcx=0 dcy=0
[09:58:00.649] [ARM-RX] [TARGET] vision state=OUTPUT enabled=1 dcx=0 dcy=0 stable=0
[09:58:00.725] [JETSON-RX] CC 03 00 DD
[09:58:00.726] [JETSON-STATUS] OUTPUT_OFF: CC 03 00 DD
[09:58:00.727] [JETSON-INFO] 已停止周期视觉发送
[09:58:00.727] [JETSON-TX] TARGET_CTRL_STOP: AA 01 00 BB
[09:58:00.727] [DEMO-INFO] 检测到 OUTPUT_OFF，演示流程结束。
[09:58:00.771] [ARM-RX] [JETSON_RX] target_ctrl=0
[09:58:00.802] [JETSON-RX] CC 04 00 DD
[09:58:00.802] [JETSON-STATUS] TARGET_CTRL_OFF: CC 04 00 DD
