[13:53:36.701] [APP-INFO] 已刷新串口: COM16, COM22, COM21, COM12
[13:53:36.701] [APP-INFO] log file: E:\Renesas\RA6M5-Robot\Robot_FreeRTOS - Arm\UpperComputer\dist\logs\ra6m5_upper_console_20260717_135336.log
[13:53:42.057] [ARM-ERROR] could not open port 'COM16': PermissionError(13, '拒绝访问。', None, 5)
[13:53:46.437] [APP-INFO] 已刷新串口: COM16, COM22, COM21, COM12
[13:53:46.605] [APP-INFO] 已刷新串口: COM16, COM22, COM21, COM12
[13:53:46.784] [APP-INFO] 已刷新串口: COM16, COM22, COM21, COM12
[13:53:49.047] [ARM-ERROR] could not open port 'COM16': PermissionError(13, '拒绝访问。', None, 5)
[13:53:56.483] [APP-INFO] 已刷新串口: COM16, COM22, COM21, COM13
[13:53:56.653] [APP-INFO] 已刷新串口: COM16, COM22, COM21, COM13
[13:53:56.836] [APP-INFO] 已刷新串口: COM16, COM22, COM21, COM13
[13:53:58.058] [ARM-ERROR] could not open port 'COM16': PermissionError(13, '拒绝访问。', None, 5)
[13:54:09.266] [ARM-INFO] 已关闭串口
[13:54:09.997] [ARM-ERROR] could not open port 'COM16': PermissionError(13, '拒绝访问。', None, 5)
[13:54:31.504] [APP-INFO] 已刷新串口: COM16, COM22, COM21, COM17
[13:54:31.953] [APP-INFO] 已刷新串口: COM16, COM22, COM21, COM17
[13:54:32.134] [APP-INFO] 已刷新串口: COM16, COM22, COM21, COM17
[13:54:34.660] [ARM-INFO] opened COM16 @ 115200
[13:54:51.508] [ARM-TX] 发送命令 soft_reset: soft_reset
[13:54:53.308] [ARM-TX] 发送命令 soft_reset: soft_reset
[13:54:53.847] [ARM-TX] 发送命令 soft_reset: soft_reset
[13:54:54.028] [ARM-TX] 发送命令 soft_reset: soft_reset
[13:54:59.732] [ARM-TX] 发送命令 soft_reset: soft_reset
[13:55:06.037] [ARM-TX] 发送命令 soft_reset: soft_reset
[13:55:13.988] [ARM-ERROR] ClearCommError failed (PermissionError(13, '设备不识别此命令。', None, 22))
[13:56:46.388] [ARM-INFO] opened COM16 @ 115200
[13:56:47.820] [ARM-TX] 发送命令 soft_reset: soft_reset
[13:56:51.324] [JETSON-INFO] 已停止周期视觉发送
[13:56:51.324] [JETSON-INFO] heartbeat stopped
[13:56:51.325] [JETSON-INFO] safe distance stopped
[13:56:51.325] [ARM-TX] 发送命令 target_disable: target_disable
[13:56:51.327] [ARM-TX] 发送命令 laser_off: laser_off
[13:56:51.328] [APP-SAFETY] 已停止视觉发送，并发送 target_disable / laser_off
[13:56:52.842] [APP-INFO] 已刷新串口: COM16, COM22, COM21, COM17
[13:56:53.510] [APP-INFO] 已刷新串口: COM16, COM22, COM21, COM17
[13:56:53.682] [APP-INFO] 已刷新串口: COM16, COM22, COM21, COM17
[13:56:56.533] [ARM-INFO] opened COM17 @ 115200
[13:56:58.080] [ARM-TX] 发送命令 soft_reset: soft_reset
[13:56:58.153] [ARM-RX] Found handler for 'soft_reset', executing...
[13:56:58.153] [ARM-RX] ROBOT_SOFT_RESET_EVENT
[13:56:58.153] [ARM-RX] --- Starting soft reset ---
[13:56:58.432] [ARM-RX] Soft reset motors enabled (J1~J5, J6 skipped).
[13:56:58.433] [ARM-RX] Soft resetting joint 4...
[13:56:58.433] [ARM-RX] robot_update_current_angle 4...
[13:56:58.433] [ARM-RX] [4] current:90.00, target:90.00, dir:1
[13:56:58.525] [ARM-RX] Soft resetting joint 3...
[13:56:58.525] [ARM-RX] robot_update_current_angle 3...
[13:56:58.526] [ARM-RX] [3] current:0.00, target:0.00, dir:-1
[13:56:58.683] [ARM-RX] Soft resetting joint 1...
[13:56:58.683] [ARM-RX] robot_update_current_angle 1...
[13:56:58.684] [ARM-RX] [1] current:90.00, target:90.00, dir:1
[13:56:58.824] [ARM-RX] Soft resetting joint 2...
[13:56:58.824] [ARM-RX] robot_update_current_angle 2...
[13:56:58.824] [ARM-RX] [2] current:-90.00, target:-90.00, dir:1
[13:56:58.980] [ARM-RX] Soft resetting joint 0...
[13:56:58.980] [ARM-RX] robot_update_current_angle 0...
[13:56:58.980] [ARM-RX] [0] current:90.00, target:90.00, dir:1
[13:56:59.263] [ARM-RX] soft reset final verify PASS (issues:0), pose set HOME.
[13:58:10.518] [ARM-RX] [JETSON_RX] workflow_ctrl seq=43 action=1
[13:58:10.518] [ARM-RX] [TARGET] INIT -> HOLD
[13:58:10.518] [ARM-RX] ROBOT_SOFT_RESET_EVENT
[13:58:10.519] [ARM-RX] --- Starting soft reset ---
[13:58:10.519] [ARM-RX] [WORKFLOW] IDLE -> HOMING
[13:58:10.752] [ARM-RX] Soft reset motors enabled (J1~J5, J6 skipped).
[13:58:10.752] [ARM-RX] Soft resetting joint 4...
[13:58:10.752] [ARM-RX] robot_update_current_angle 4...
[13:58:10.752] [ARM-RX] [4] current:90.00, target:90.00, dir:1
[13:58:10.921] [ARM-RX] Soft resetting joint 3...
[13:58:10.921] [ARM-RX] robot_update_current_angle 3...
[13:58:10.921] [ARM-RX] [3] current:0.00, target:0.00, dir:-1
[13:58:11.093] [ARM-RX] Soft resetting joint 1...
[13:58:11.093] [ARM-RX] robot_update_current_angle 1...
[13:58:11.093] [ARM-RX] [1] current:90.00, target:90.00, dir:-1
[13:58:11.250] [ARM-RX] Soft resetting joint 2...
[13:58:11.250] [ARM-RX] robot_update_current_angle 2...
[13:58:11.250] [ARM-RX] [2] current:-90.00, target:-90.00, dir:1
[13:58:11.344] [ARM-RX] Soft resetting joint 0...
[13:58:11.344] [ARM-RX] robot_update_current_angle 0...
[13:58:11.344] [ARM-RX] [0] current:90.00, target:90.00, dir:-1
[13:58:11.534] [ARM-RX] soft reset final verify PASS (issues:0), pose set HOME.
[13:58:11.535] [ARM-RX] ROBOT_AUTO_EVENT
[13:58:11.535] [ARM-RX] AUTO slow profile scale=0.40 target=<0.00 -130.00 -15.00>
[13:58:11.535] [ARM-RX] [0] <0.00 0.00 0.00> result: 90.00 90.00 -90.00 0.00 90.00 0.00
[13:58:11.535] [ARM-RX] [1] <0.00 -0.00 -0.00> resul
[13:58:11.558] [ARM-RX] t: 90.00 90.00 -90.00 0.00 90.00 0.00
[13:58:11.559] [ARM-RX] [2] <0.00 -0.00 -0.00> result: 90.00 90.00 -90.00 0.00 90.00 0.00
[13:58:11.559] [ARM-RX] [3] <0.00 -0.00 -0.00> result: 90.00 90.00 -90.00 0.00 90.00 0.00
[13:58:11.559] [ARM-RX] [4] <0.00 -0.01 -0.00> result: 90.00 90.00 -90.00 0.00 90.00 0.00
[13:58:11.559] [ARM-RX] [5] <0.00 -0.01
[13:58:11.583] [ARM-RX] -0.00> result: 90.00 90.00 -90.00 0.00 90.00 0.00
[13:58:11.583] [ARM-RX] [6] <0.00 -0.02 -0.00> result: 90.00 90.01 -90.00 0.00 90.00 0.00
[13:58:11.584] [ARM-RX] [7] <0.00 -0.03 -0.00> result: 90.00 90.01 -89.99 0.00 90.00 0.00
[13:58:11.584] [ARM-RX] [8] <0.00 -0.04 -0.00> result: 90.00 90.02 -89.99 0.00 90.01 0.00
[13:58:11.584] [ARM-RX] [9]
[13:58:11.608] [ARM-RX] <0.00 -0.06 -0.01> result: 90.00 90.02 -89.98 0.00 90.01 0.00
[13:58:11.608] [ARM-RX] [10] <0.00 -0.08 -0.01> result: 90.00 90.03 -89.98 0.00 90.01 0.00
[13:58:11.608] [ARM-RX] [11] <0.00 -0.10 -0.01> result: 90.00 90.04 -89.97 0.00 90.01 0.00
[13:58:11.608] [ARM-RX] [12] <0.00 -0.13 -0.01> result: 90.00 90.05 -89.96 0.00 9
[13:58:11.631] [ARM-RX] 0.02 0.00
[13:58:11.632] [ARM-RX] [13] <0.00 -0.16 -0.02> result: 90.00 90.07 -89.96 0.00 90.02 0.00
[13:58:11.632] [ARM-RX] [14] <0.00 -0.20 -0.02> result: 90.00 90.08 -89.95 0.00 90.03 0.00
[13:58:11.632] [ARM-RX] [15] <0.00 -0.24 -0.03> result: 90.00 90.10 -89.93 0.00 90.03 0.00
[13:58:11.632] [ARM-RX] [16] <0.00 -0.29 -0.03> result: 90.00 90.
[13:58:11.656] [ARM-RX] 12 -89.92 0.00 90.04 0.00
[13:58:11.657] [ARM-RX] [17] <0.00 -0.35 -0.04> result: 90.00 90.14 -89.90 0.00 90.05 0.00
[13:58:11.657] [ARM-RX] [18] <0.00 -0.41 -0.05> result: 90.00 90.17 -89.89 0.00 90.06 0.00
[13:58:11.657] [ARM-RX] [19] <0.00 -0.48 -0.06> result: 90.00 90.20 -89.87 0.00 90.07 0.00
[13:58:11.657] [ARM-RX] [20] <0.00 -0.56 -0.06> r
[13:58:11.680] [ARM-RX] esult: 90.00 90.23 -89.85 0.00 90.08 0.00
[13:58:11.681] [ARM-RX] [21] <0.00 -0.64 -0.07> result: 90.00 90.26 -89.82 0.00 90.09 0.00
[13:58:11.681] [ARM-RX] [22] <0.00 -0.73 -0.08> result: 90.00 90.30 -89.80 0.00 90.10 0.00
[13:58:11.681] [ARM-RX] [23] <0.00 -0.83 -0.10> result: 90.00 90.34 -89.77 0.00 90.11 0.00
[13:58:11.681] [ARM-RX] [24] <0.0
[13:58:11.712] [ARM-RX] 0 -0.94 -0.11> result: 90.00 90.39 -89.74 0.00 90.13 0.00
[13:58:11.712] [ARM-RX] [25] <0.00 -1.06 -0.12> result: 90.00 90.43 -89.71 0.00 90.14 0.00
[13:58:11.713] [ARM-RX] [26] <0.00 -1.18 -0.14> result: 90.00 90.48 -89.67 0.00 90.16 0.00
[13:58:11.713] [ARM-RX] [27] <0.00 -1.32 -0.15> result: 90.00 90.54 -89.64 0.00 90.17
[13:58:11.729] [ARM-RX] 0.00
[13:58:11.729] [ARM-RX] [28] <0.00 -1.46 -0.17> result: 90.00 90.60 -89.60 0.00 90.19 0.00
[13:58:11.730] [ARM-RX] [29] <0.00 -1.62 -0.19> result: 90.00 90.66 -89.55 0.00 90.21 0.00
[13:58:11.730] [ARM-RX] [30] <0.00 -1.78 -0.21> result: 90.00 90.72 -89.51 0.00 90.23 0.00
[13:58:11.730] [ARM-RX] [31] <0.00 -1.96 -0.23> result: 90.00 90.79 -
[13:58:11.754] [ARM-RX] 89.46 0.00 90.25 0.00
[13:58:11.754] [ARM-RX] [32] <0.00 -2.14 -0.25> result: 90.00 90.87 -89.41 0.00 90.27 0.00
[13:58:11.754] [ARM-RX] [33] <0.00 -2.34 -0.27> result: 90.00 90.94 -89.35 0.00 90.30 0.00
[13:58:11.754] [ARM-RX] [34] <0.00 -2.54 -0.29> result: 90.00 91.02 -89.30 0.00 90.32 0.00
[13:58:11.754] [ARM-RX] [35] <0.00 -2.76 -0.32> resul
[13:58:11.778] [ARM-RX] t: 90.00 91.11 -89.24 0.00 90.34 0.00
[13:58:11.779] [ARM-RX] [36] <0.00 -2.99 -0.34> result: 90.00 91.20 -89.17 0.00 90.37 0.00
[13:58:11.779] [ARM-RX] [37] <0.00 -3.23 -0.37> result: 90.00 91.29 -89.10 0.00 90.39 0.00
[13:58:11.779] [ARM-RX] [38] <0.00 -3.48 -0.40> result: 90.00 91.38 -89.04 0.00 90.42 0.00
[13:58:11.779] [ARM-RX] [39] <0.00 -3
[13:58:11.804] [ARM-RX] .74 -0.43> result: 90.00 91.48 -88.96 0.00 90.45 0.00
[13:58:11.804] [ARM-RX] [40] <0.00 -4.02 -0.46> result: 90.00 91.59 -88.89 0.00 90.47 0.00
[13:58:11.804] [ARM-RX] [41] <0.00 -4.30 -0.50> result: 90.00 91.69 -88.81 0.00 90.50 0.00
[13:58:11.804] [ARM-RX] [42] <0.00 -4.60 -0.53> result: 90.00 91.81 -88.72 0.00 90.53 0.0
[13:58:11.828] [ARM-RX] 0
[13:58:11.828] [ARM-RX] [43] <0.00 -4.91 -0.57> result: 90.00 91.92 -88.64 0.00 90.56 0.00
[13:58:11.828] [ARM-RX] [44] <0.00 -5.23 -0.60> result: 90.00 92.04 -88.55 0.00 90.58 0.00
[13:58:11.828] [ARM-RX] [45] <0.00 -5.56 -0.64> result: 90.00 92.16 -88.45 0.00 90.61 0.00
[13:58:11.828] [ARM-RX] [46] <0.00 -5.90 -0.68> result: 90.00 92.28 -88.3
[13:58:11.851] [ARM-RX] 6 0.00 90.64 0.00
[13:58:11.852] [ARM-RX] [47] <0.00 -6.26 -0.72> result: 90.00 92.41 -88.26 0.00 90.67 0.00
[13:58:11.852] [ARM-RX] [48] <0.00 -6.63 -0.76> result: 90.00 92.55 -88.15 0.00 90.70 0.00
[13:58:11.852] [ARM-RX] [49] <0.00 -7.01 -0.81> result: 90.00 92.68 -88.05 0.00 90.73 0.00
[13:58:11.852] [ARM-RX] [50] <0.00 -7.40 -0.85> result: 9
[13:58:11.876] [ARM-RX] 0.00 92.82 -87.94 0.00 90.76 0.00
[13:58:11.876] [ARM-RX] [51] <0.00 -7.80 -0.90> result: 90.00 92.96 -87.82 0.00 90.78 0.00
[13:58:11.876] [ARM-RX] [52] <0.00 -8.22 -0.95> result: 90.00 93.10 -87.71 0.00 90.81 0.00
[13:58:11.876] [ARM-RX] [53] <0.00 -8.65 -1.00> result: 90.00 93.25 -87.58 0.00 90.84 0.00
[13:58:11.877] [ARM-RX] [54] <0.00 -9.08
[13:58:11.900] [ARM-RX] -1.05> result: 90.00 93.40 -87.46 0.00 90.86 0.00
[13:58:11.901] [ARM-RX] [55] <0.00 -9.53 -1.10> result: 90.00 93.55 -87.33 0.00 90.89 0.00
[13:58:11.901] [ARM-RX] [56] <0.00 -10.00 -1.15> result: 90.00 93.71 -87.20 0.00 90.91 0.00
[13:58:11.901] [ARM-RX] [57] <0.00 -10.47 -1.21> result: 90.00 93.87 -87.07 0.00 90.94 0.00
[13:58:11.925] [ARM-RX] [58] <0.00 -10.95 -1.26> result: 90.00 94.03 -86.93 0.00 90.96 0.00
[13:58:11.925] [ARM-RX] [59] <0.00 -11.45 -1.32> result: 90.00 94.19 -86.79 0.00 90.98 0.00
[13:58:11.925] [ARM-RX] [60] <0.00 -11.96 -1.38> result: 90.00 94.35 -86.65 0.00 91.00 0.00
[13:58:11.926] [ARM-RX] [61] <0.00 -12.47 -1.44> result: 90.00 94.52 -86
[13:58:11.949] [ARM-RX] .50 0.00 91.02 0.00
[13:58:11.950] [ARM-RX] [62] <0.00 -13.00 -1.50> result: 90.00 94.69 -86.35 0.00 91.04 0.00
[13:58:11.950] [ARM-RX] [63] <0.00 -13.54 -1.56> result: 90.00 94.86 -86.19 0.00 91.05 0.00
[13:58:11.950] [ARM-RX] [64] <0.00 -14.09 -1.63> result: 90.00 95.03 -86.04 0.00 91.07 0.00
[13:58:11.950] [ARM-RX] [65] <0.00 -14.65 -1.69> res
[13:58:11.974] [ARM-RX] ult: 90.00 95.20 -85.88 0.00 91.08 0.00
[13:58:11.974] [ARM-RX] [66] <0.00 -15.21 -1.76> result: 90.00 95.38 -85.72 0.00 91.09 0.00
[13:58:11.974] [ARM-RX] [67] <0.00 -15.79 -1.82> result: 90.00 95.55 -85.55 0.00 91.10 0.00
[13:58:11.975] [ARM-RX] [68] <0.00 -16.38 -1.89> result: 90.00 95.73 -85.38 0.00 91.11 0.00
[13:58:11.975] [ARM-RX] [69] <0.
[13:58:11.998] [ARM-RX] 00 -16.97 -1.96> result: 90.00 95.91 -85.21 0.00 91.12 0.00
[13:58:11.999] [ARM-RX] [70] <0.00 -17.58 -2.03> result: 90.00 96.09 -85.04 0.00 91.13 0.00
[13:58:11.999] [ARM-RX] [71] <0.00 -18.19 -2.10> result: 90.00 96.27 -84.86 0.00 91.13 0.00
[13:58:11.999] [ARM-RX] [72] <0.00 -18.81 -2.17> result: 90.00 96.45 -84.68 0.00
[13:58:12.023] [ARM-RX] 91.13 0.00
[13:58:12.023] [ARM-RX] [73] <0.00 -19.44 -2.24> result: 90.00 96.63 -84.50 0.00 91.13 0.00
[13:58:12.023] [ARM-RX] [74] <0.00 -20.08 -2.32> result: 90.00 96.81 -84.32 0.00 91.13 0.00
[13:58:12.023] [ARM-RX] [75] <0.00 -20.72 -2.39> result: 90.00 97.00 -84.13 0.00 91.13 0.00
[13:58:12.024] [ARM-RX] [76] <0.00 -21.37 -2.47> result: 90.0
[13:58:12.047] [ARM-RX] 0 97.18 -83.94 0.00 91.12 0.00
[13:58:12.048] [ARM-RX] [77] <0.00 -22.03 -2.54> result: 90.00 97.36 -83.75 0.00 91.12 0.00
[13:58:12.048] [ARM-RX] [78] <0.00 -22.70 -2.62> result: 90.00 97.55 -83.56 0.00 91.11 0.00
[13:58:12.048] [ARM-RX] [79] <0.00 -23.37 -2.70> result: 90.00 97.73 -83.37 0.00 91.10 0.00
[13:58:12.048] [ARM-RX] [80] <0.00 -24.04
[13:58:12.072] [ARM-RX] -2.77> result: 90.00 97.92 -83.17 0.00 91.08 0.00
[13:58:12.072] [ARM-RX] [81] <0.00 -24.72 -2.85> result: 90.00 98.10 -82.97 0.00 91.07 0.00
[13:58:12.073] [ARM-RX] [82] <0.00 -25.41 -2.93> result: 90.00 98.28 -82.77 0.00 91.05 0.00
[13:58:12.073] [ARM-RX] [83] <0.00 -26.10 -3.01> result: 90.00 98.47 -82.57 0.00 91.04 0.0
[13:58:12.097] [ARM-RX] 0
[13:58:12.097] [ARM-RX] [84] <0.00 -26.79 -3.09> result: 90.00 98.65 -82.37 0.00 91.02 0.00
[13:58:12.097] [ARM-RX] [85] <0.00 -27.49 -3.17> result: 90.00 98.83 -82.16 0.00 91.00 0.00
[13:58:12.098] [ARM-RX] [86] <0.00 -28.19 -3.25> result: 90.00 99.01 -81.96 0.00 90.97 0.00
[13:58:12.098] [ARM-RX] [87] <0.00 -28.90 -3.33> result: 90.00 99.20 -
[13:58:12.121] [ARM-RX] 81.75 0.00 90.95 0.00
[13:58:12.121] [ARM-RX] [88] <0.00 -29.61 -3.42> result: 90.00 99.38 -81.55 0.00 90.92 0.00
[13:58:12.121] [ARM-RX] [89] <0.00 -30.32 -3.50> result: 90.00 99.56 -81.34 0.00 90.90 0.00
[13:58:12.121] [ARM-RX] [90] <0.00 -31.03 -3.58> result: 90.00 99.74 -81.13 0.00 90.87 0.00
[13:58:12.121] [ARM-RX] [91] <0.00 -31.74 -3.66> r
[13:58:12.145] [ARM-RX] esult: 90.00 99.92 -80.92 0.00 90.84 0.00
[13:58:12.145] [ARM-RX] [92] <0.00 -32.46 -3.74> result: 90.00 100.09 -80.71 0.00 90.80 0.00
[13:58:12.146] [ARM-RX] [93] <0.00 -33.17 -3.83> result: 90.00 100.27 -80.50 0.00 90.77 0.00
[13:58:12.146] [ARM-RX] [94] <0.00 -33.89 -3.91> result: 90.00 100.44 -80.29 0.00 90.74 0.00
[13:58:12.146] [ARM-RX] [95
[13:58:12.170] [ARM-RX] ] <0.00 -34.60 -3.99> result: 90.00 100.62 -80.08 0.00 90.70 0.00
[13:58:12.170] [ARM-RX] [96] <0.00 -35.32 -4.07> result: 90.00 100.79 -79.87 0.00 90.66 0.00
[13:58:12.170] [ARM-RX] [97] <0.00 -36.03 -4.16> result: 90.00 100.96 -79.66 0.00 90.62 0.00
[13:58:12.170] [ARM-RX] [98] <0.00 -36.75 -4.24> result: 90.00 101.14 -79
[13:58:12.194] [ARM-RX] .45 0.00 90.58 0.00
[13:58:12.195] [ARM-RX] [99] <0.00 -37.46 -4.32> result: 90.00 101.31 -79.24 0.00 90.54 0.00
[13:58:12.195] [ARM-RX] [100] <0.00 -38.18 -4.41> result: 90.00 101.47 -79.02 0.00 90.50 0.00
[13:58:12.195] [ARM-RX] [101] <0.00 -38.89 -4.49> result: 90.00 101.64 -78.81 0.00 90.46 0.00
[13:58:12.195] [ARM-RX] [102] <0.00 -39.61 -4.5
[13:58:12.219] [ARM-RX] 7> result: 90.00 101.81 -78.60 0.00 90.41 0.00
[13:58:12.220] [ARM-RX] [103] <0.00 -40.32 -4.65> result: 90.00 101.98 -78.39 0.00 90.37 0.00
[13:58:12.220] [ARM-RX] [104] <0.00 -41.04 -4.74> result: 90.00 102.14 -78.18 0.00 90.32 0.00
[13:58:12.220] [ARM-RX] [105] <0.00 -41.75 -4.82> result: 90.00 102.31 -77.96 0.00 90.27 0
[13:58:12.243] [ARM-RX] .00
[13:58:12.244] [ARM-RX] [106] <0.00 -42.47 -4.90> result: 90.00 102.47 -77.75 0.00 90.22 0.00
[13:58:12.244] [ARM-RX] [107] <0.00 -43.18 -4.98> result: 90.00 102.63 -77.54 0.00 90.17 0.00
[13:58:12.244] [ARM-RX] [108] <0.00 -43.90 -5.07> result: 90.00 102.79 -77.33 0.00 90.12 0.00
[13:58:12.244] [ARM-RX] [109] <0.00 -44.61 -5.15> result: 90.0
[13:58:12.270] [ARM-RX] 0 102.95 -77.11 0.00 90.07 0.00
[13:58:12.272] [ARM-RX] [110] <0.00 -45.33 -5.23> result: 90.00 103.12 -76.90 0.00 90.02 0.00
[13:58:12.272] [ARM-RX] [111] <0.00 -46.05 -5.31> result: 90.00 103.27 -76.69 0.00 89.96 0.00
[13:58:12.272] [ARM-RX] [112] <0.00 -46.76 -5.40> result: 90.00 103.43 -76.47 0.00 89.91 0.00
[13:58:12.272] [ARM-RX] [113] <0.0
[13:58:12.293] [ARM-RX] 0 -47.48 -5.48> result: 90.00 103.59 -76.26 0.00 89.85 0.00
[13:58:12.294] [ARM-RX] [114] <0.00 -48.19 -5.56> result: 90.00 103.75 -76.05 0.00 89.80 0.00
[13:58:12.294] [ARM-RX] [115] <0.00 -48.91 -5.64> result: 90.00 103.91 -75.83 0.00 89.74 0.00
[13:58:12.294] [ARM-RX] [116] <0.00 -49.62 -5.73> result: 90.00 104.06 -75.62
[13:58:12.318] [ARM-RX] 0.00 89.68 0.00
[13:58:12.318] [ARM-RX] [117] <0.00 -50.34 -5.81> result: 90.00 104.22 -75.40 0.00 89.62 0.00
[13:58:12.318] [ARM-RX] [118] <0.00 -51.05 -5.89> result: 90.00 104.37 -75.19 0.00 89.56 0.00
[13:58:12.318] [ARM-RX] [119] <0.00 -51.77 -5.97> result: 90.00 104.53 -74.98 0.00 89.50 0.00
[13:58:12.319] [ARM-RX] [120] <0.00 -52.48 -6.06>
[13:58:12.342] [ARM-RX] result: 90.00 104.68 -74.76 0.00 89.44 0.00
[13:58:12.343] [ARM-RX] [121] <0.00 -53.20 -6.14> result: 90.00 104.83 -74.55 0.00 89.38 0.00
[13:58:12.343] [ARM-RX] [122] <0.00 -53.91 -6.22> result: 90.00 104.99 -74.33 0.00 89.32 0.00
[13:58:12.343] [ARM-RX] [123] <0.00 -54.63 -6.30> result: 90.00 105.14 -74.12 0.00 89.25 0.0
[13:58:12.366] [ARM-RX] 0
[13:58:12.366] [ARM-RX] [124] <0.00 -55.34 -6.39> result: 90.00 105.29 -73.90 0.00 89.19 0.00
[13:58:12.367] [ARM-RX] [125] <0.00 -56.06 -6.47> result: 90.00 105.44 -73.68 0.00 89.12 0.00
[13:58:12.367] [ARM-RX] [126] <0.00 -56.77 -6.55> result: 90.00 105.59 -73.47 0.00 89.06 0.00
[13:58:12.367] [ARM-RX] [127] <0.00 -57.49 -6.63> result: 90.00
[13:58:12.391] [ARM-RX] 105.74 -73.25 0.00 88.99 0.00
[13:58:12.391] [ARM-RX] [128] <0.00 -58.20 -6.72> result: 90.00 105.89 -73.04 0.00 88.93 0.00
[13:58:12.391] [ARM-RX] [129] <0.00 -58.92 -6.80> result: 90.00 106.04 -72.82 0.00 88.86 0.00
[13:58:12.391] [ARM-RX] [130] <0.00 -59.64 -6.88> result: 90.00 106.19 -72.60 0.00 88.79 0.00
[13:58:12.391] [ARM-RX] [131] <0.00
[13:58:12.416] [ARM-RX] -60.35 -6.96> result: 90.00 106.33 -72.39 0.00 88.72 0.00
[13:58:12.416] [ARM-RX] [132] <0.00 -61.07 -7.05> result: 90.00 106.48 -72.17 0.00 88.65 0.00
[13:58:12.416] [ARM-RX] [133] <0.00 -61.78 -7.13> result: 90.00 106.63 -71.95 0.00 88.58 0.00
[13:58:12.416] [ARM-RX] [134] <0.00 -62.50 -7.21> result: 90.00 106.77 -71.74 0
[13:58:12.439] [ARM-RX] .00 88.51 0.00
[13:58:12.440] [ARM-RX] [135] <0.00 -63.21 -7.29> result: 90.00 106.92 -71.52 0.00 88.44 0.00
[13:58:12.440] [ARM-RX] [136] <0.00 -63.93 -7.38> result: 90.00 107.07 -71.30 0.00 88.37 0.00
[13:58:12.440] [ARM-RX] [137] <0.00 -64.64 -7.46> result: 90.00 107.21 -71.09 0.00 88.30 0.00
[13:58:12.440] [ARM-RX] [138] <0.00 -65.36 -7.54> r
[13:58:12.464] [ARM-RX] esult: 90.00 107.36 -70.87 0.00 88.22 0.00
[13:58:12.464] [ARM-RX] [139] <0.00 -66.07 -7.62> result: 90.00 107.50 -70.65 0.00 88.15 0.00
[13:58:12.465] [ARM-RX] [140] <0.00 -66.79 -7.71> result: 90.00 107.64 -70.43 0.00 88.08 0.00
[13:58:12.465] [ARM-RX] [141] <0.00 -67.50 -7.79> result: 90.00 107.79 -70.21 0.00 88.00 0.00
[13:58:12.489] [ARM-RX] [142] <0.00 -68.22 -7.87> result: 90.00 107.93 -70.00 0.00 87.93 0.00
[13:58:12.489] [ARM-RX] [143] <0.00 -68.93 -7.95> result: 90.00 108.07 -69.78 0.00 87.85 0.00
[13:58:12.489] [ARM-RX] [144] <0.00 -69.65 -8.04> result: 90.00 108.22 -69.56 0.00 87.78 0.00
[13:58:12.490] [ARM-RX] [145] <0.00 -70.36 -8.12> result: 90.00 10
[13:58:12.513] [ARM-RX] 8.36 -69.34 0.00 87.70 0.00
[13:58:12.513] [ARM-RX] [146] <0.00 -71.08 -8.20> result: 90.00 108.50 -69.12 0.00 87.62 0.00
[13:58:12.514] [ARM-RX] [147] <0.00 -71.79 -8.28> result: 90.00 108.64 -68.90 0.00 87.54 0.00
[13:58:12.514] [ARM-RX] [148] <0.00 -72.51 -8.37> result: 90.00 108.78 -68.68 0.00 87.47 0.00
[13:58:12.514] [ARM-RX] [149] <0.00 -7
[13:58:12.537] [ARM-RX] 3.23 -8.45> result: 90.00 108.93 -68.46 0.00 87.39 0.00
[13:58:12.538] [ARM-RX] [150] <0.00 -73.94 -8.53> result: 90.00 109.07 -68.24 0.00 87.31 0.00
[13:58:12.538] [ARM-RX] [151] <0.00 -74.66 -8.61> result: 90.00 109.21 -68.02 0.00 87.23 0.00
[13:58:12.538] [ARM-RX] [152] <0.00 -75.37 -8.70> result: 90.00 109.35 -67.80 0.0
[13:58:12.562] [ARM-RX] 0 87.15 0.00
[13:58:12.562] [ARM-RX] [153] <0.00 -76.09 -8.78> result: 90.00 109.49 -67.58 0.00 87.07 0.00
[13:58:12.562] [ARM-RX] [154] <0.00 -76.80 -8.86> result: 90.00 109.63 -67.36 0.00 86.99 0.00
[13:58:12.562] [ARM-RX] [155] <0.00 -77.52 -8.94> result: 90.00 109.76 -67.14 0.00 86.91 0.00
[13:58:12.563] [ARM-RX] [156] <0.00 -78.23 -9.03> res
[13:58:12.587] [ARM-RX] ult: 90.00 109.90 -66.92 0.00 86.83 0.00
[13:58:12.587] [ARM-RX] [157] <0.00 -78.95 -9.11> result: 90.00 110.04 -66.70 0.00 86.74 0.00
[13:58:12.587] [ARM-RX] [158] <0.00 -79.66 -9.19> result: 90.00 110.18 -66.48 0.00 86.66 0.00
[13:58:12.587] [ARM-RX] [159] <0.00 -80.38 -9.27> result: 90.00 110.32 -66.26 0.00 86.58 0.00
[13:58:12.588] [ARM-RX] [
[13:58:12.611] [ARM-RX] 160] <0.00 -81.09 -9.36> result: 90.00 110.46 -66.04 0.00 86.50 0.00
[13:58:12.612] [ARM-RX] [161] <0.00 -81.81 -9.44> result: 90.00 110.60 -65.82 0.00 86.41 0.00
[13:58:12.612] [ARM-RX] [162] <0.00 -82.52 -9.52> result: 90.00 110.73 -65.59 0.00 86.33 0.00
[13:58:12.612] [ARM-RX] [163] <0.00 -83.24 -9.60> result: 90.00 110.
[13:58:12.636] [ARM-RX] 87 -65.37 0.00 86.24 0.00
[13:58:12.636] [ARM-RX] [164] <0.00 -83.95 -9.69> result: 90.00 111.01 -65.15 0.00 86.16 0.00
[13:58:12.636] [ARM-RX] [165] <0.00 -84.67 -9.77> result: 90.00 111.14 -64.93 0.00 86.07 0.00
[13:58:12.637] [ARM-RX] [166] <0.00 -85.38 -9.85> result: 90.00 111.28 -64.71 0.00 85.99 0.00
[13:58:12.637] [ARM-RX] [167] <0.00 -86.
[13:58:12.660] [ARM-RX] 10 -9.93> result: 90.00 111.42 -64.48 0.00 85.90 0.00
[13:58:12.660] [ARM-RX] [168] <0.00 -86.81 -10.02> result: 90.00 111.55 -64.26 0.00 85.81 0.00
[13:58:12.660] [ARM-RX] [169] <0.00 -87.53 -10.10> result: 90.00 111.69 -64.04 0.00 85.73 0.00
[13:58:12.660] [ARM-RX] [170] <0.00 -88.25 -10.18> result: 90.00 111.83 -63.81 0.
[13:58:12.685] [ARM-RX] 00 85.64 0.00
[13:58:12.685] [ARM-RX] [171] <0.00 -88.96 -10.26> result: 90.00 111.96 -63.59 0.00 85.55 0.00
[13:58:12.685] [ARM-RX] [172] <0.00 -89.68 -10.35> result: 90.00 112.10 -63.37 0.00 85.46 0.00
[13:58:12.685] [ARM-RX] [173] <0.00 -90.39 -10.43> result: 90.00 112.23 -63.14 0.00 85.38 0.00
[13:58:12.685] [ARM-RX] [174] <0.00 -91.11 -10.51
[13:58:12.710] [ARM-RX] > result: 90.00 112.37 -62.92 0.00 85.29 0.00
[13:58:12.710] [ARM-RX] [175] <0.00 -91.82 -10.59> result: 90.00 112.50 -62.70 0.00 85.20 0.00
[13:58:12.710] [ARM-RX] [176] <0.00 -92.54 -10.68> result: 90.00 112.64 -62.47 0.00 85.11 0.00
[13:58:12.710] [ARM-RX] [177] <0.00 -93.25 -10.76> result: 90.00 112.77 -62.25 0.00 85.02
[13:58:12.734] [ARM-RX] 0.00
[13:58:12.734] [ARM-RX] [178] <0.00 -93.97 -10.84> result: 90.00 112.91 -62.02 0.00 84.93 0.00
[13:58:12.734] [ARM-RX] [179] <0.00 -94.68 -10.92> result: 90.00 113.04 -61.80 0.00 84.84 0.00
[13:58:12.735] [ARM-RX] [180] <0.00 -95.40 -11.01> result: 90.00 113.18 -61.57 0.00 84.75 0.00
[13:58:12.735] [ARM-RX] [181] <0.00 -96.11 -11.09> result
[13:58:12.758] [ARM-RX] : 90.00 113.31 -61.35 0.00 84.66 0.00
[13:58:12.758] [ARM-RX] [182] <0.00 -96.83 -11.17> result: 90.00 113.44 -61.12 0.00 84.57 0.00
[13:58:12.758] [ARM-RX] [183] <0.00 -97.54 -11.26> result: 90.00 113.58 -60.90 0.00 84.48 0.00
[13:58:12.758] [ARM-RX] [184] <0.00 -98.26 -11.34> result: 90.00 113.71 -60.67 0.00 84.38 0.00
[13:58:12.760] [ARM-RX] [
[13:58:12.783] [ARM-RX] 185] <0.00 -98.97 -11.42> result: 90.00 113.85 -60.45 0.00 84.29 0.00
[13:58:12.783] [ARM-RX] [186] <0.00 -99.68 -11.50> result: 90.00 113.98 -60.22 0.00 84.20 0.00
[13:58:12.783] [ARM-RX] [187] <0.00 -100.39 -11.58> result: 90.00 114.11 -60.00 0.00 84.11 0.00
[13:58:12.784] [ARM-RX] [188] <0.00 -101.10 -11.67> result: 90.0
[13:58:12.807] [ARM-RX] 0 114.24 -59.77 0.00 84.01 0.00
[13:58:12.808] [ARM-RX] [189] <0.00 -101.80 -11.75> result: 90.00 114.37 -59.55 0.00 83.92 0.00
[13:58:12.808] [ARM-RX] [190] <0.00 -102.51 -11.83> result: 90.00 114.50 -59.33 0.00 83.83 0.00
[13:58:12.808] [ARM-RX] [191] <0.00 -103.20 -11.91> result: 90.00 114.63 -59.10 0.00 83.74 0.00
[13:58:12.808] [ARM-RX] [192
[13:58:12.833] [ARM-RX] ] <0.00 -103.90 -11.99> result: 90.00 114.76 -58.88 0.00 83.65 0.00
[13:58:12.833] [ARM-RX] [193] <0.00 -104.59 -12.07> result: 90.00 114.89 -58.66 0.00 83.56 0.00
[13:58:12.833] [ARM-RX] [194] <0.00 -105.28 -12.15> result: 90.00 115.02 -58.44 0.00 83.46 0.00
[13:58:12.833] [ARM-RX] [195] <0.00 -105.96 -12.23> result: 90.00
[13:58:12.856] [ARM-RX] 115.15 -58.23 0.00 83.37 0.00
[13:58:12.856] [ARM-RX] [196] <0.00 -106.63 -12.30> result: 90.00 115.27 -58.01 0.00 83.28 0.00
[13:58:12.856] [ARM-RX] [197] <0.00 -107.30 -12.38> result: 90.00 115.40 -57.80 0.00 83.19 0.00
[13:58:12.856] [ARM-RX] [198] <0.00 -107.97 -12.46> result: 90.00 115.52 -57.59 0.00 83.10 0.00
[13:58:12.856] [ARM-RX] [199]
[13:58:12.881] [ARM-RX] <0.00 -108.62 -12.53> result: 90.00 115.64 -57.38 0.00 83.02 0.00
[13:58:12.881] [ARM-RX] [200] <0.00 -109.28 -12.61> result: 90.00 115.76 -57.17 0.00 82.93 0.00
[13:58:12.881] [ARM-RX] [201] <0.00 -109.92 -12.68> result: 90.00 115.88 -56.96 0.00 82.84 0.00
[13:58:12.881] [ARM-RX] [202] <0.00 -110.56 -12.76> result: 90.00
[13:58:12.906] [ARM-RX] 116.00 -56.76 0.00 82.75 0.00
[13:58:12.906] [ARM-RX] [203] <0.00 -111.19 -12.83> result: 90.00 116.11 -56.55 0.00 82.67 0.00
[13:58:12.906] [ARM-RX] [204] <0.00 -111.81 -12.90> result: 90.00 116.23 -56.36 0.00 82.58 0.00
[13:58:12.906] [ARM-RX] [205] <0.00 -112.42 -12.97> result: 90.00 116.34 -56.16 0.00 82.50 0.00
[13:58:12.907] [ARM-RX] [206]
[13:58:12.930] [ARM-RX] <0.00 -113.02 -13.04> result: 90.00 116.45 -55.96 0.00 82.42 0.00
[13:58:12.930] [ARM-RX] [207] <0.00 -113.62 -13.11> result: 90.00 116.56 -55.77 0.00 82.33 0.00
[13:58:12.931] [ARM-RX] [208] <0.00 -114.21 -13.18> result: 90.00 116.67 -55.58 0.00 82.25 0.00
[13:58:12.931] [ARM-RX] [209] <0.00 -114.79 -13.24> result: 90.00 1
[13:58:12.954] [ARM-RX] 16.78 -55.40 0.00 82.17 0.00
[13:58:12.955] [ARM-RX] [210] <0.00 -115.35 -13.31> result: 90.00 116.88 -55.21 0.00 82.10 0.00
[13:58:12.955] [ARM-RX] [211] <0.00 -115.91 -13.37> result: 90.00 116.99 -55.03 0.00 82.02 0.00
[13:58:12.955] [ARM-RX] [212] <0.00 -116.46 -13.44> result: 90.00 117.09 -54.86 0.00 81.94 0.00
[13:58:12.955] [ARM-RX] [213] <
[13:58:12.979] [ARM-RX] 0.00 -117.00 -13.50> result: 90.00 117.19 -54.68 0.00 81.87 0.00
[13:58:12.979] [ARM-RX] [214] <0.00 -117.53 -13.56> result: 90.00 117.28 -54.51 0.00 81.79 0.00
[13:58:12.979] [ARM-RX] [215] <0.00 -118.04 -13.62> result: 90.00 117.38 -54.34 0.00 81.72 0.00
[13:58:12.980] [ARM-RX] [216] <0.00 -118.55 -13.68> result: 90.00 11
[13:58:13.003] [ARM-RX] 7.47 -54.18 0.00 81.65 0.00
[13:58:13.003] [ARM-RX] [217] <0.00 -119.05 -13.74> result: 90.00 117.56 -54.02 0.00 81.58 0.00
[13:58:13.004] [ARM-RX] [218] <0.00 -119.53 -13.79> result: 90.00 117.65 -53.86 0.00 81.51 0.00
[13:58:13.004] [ARM-RX] [219] <0.00 -120.00 -13.85> result: 90.00 117.74 -53.71 0.00 81.45 0.00
[13:58:13.004] [ARM-RX] [220] <0
[13:58:13.028] [ARM-RX] .00 -120.47 -13.90> result: 90.00 117.82 -53.56 0.00 81.38 0.00
[13:58:13.028] [ARM-RX] [221] <0.00 -120.92 -13.95> result: 90.00 117.91 -53.41 0.00 81.32 0.00
[13:58:13.028] [ARM-RX] [222] <0.00 -121.35 -14.00> result: 90.00 117.99 -53.27 0.00 81.25 0.00
[13:58:13.028] [ARM-RX] [223] <0.00 -121.78 -14.05> result: 90.00 118
[13:58:13.053] [ARM-RX] .07 -53.13 0.00 81.19 0.00
[13:58:13.053] [ARM-RX] [224] <0.00 -122.20 -14.10> result: 90.00 118.14 -52.99 0.00 81.13 0.00
[13:58:13.053] [ARM-RX] [225] <0.00 -122.60 -14.15> result: 90.00 118.22 -52.86 0.00 81.08 0.00
[13:58:13.054] [ARM-RX] [226] <0.00 -122.99 -14.19> result: 90.00 118.29 -52.73 0.00 81.02 0.00
[13:58:13.054] [ARM-RX] [227] <0.
[13:58:13.077] [ARM-RX] 00 -123.37 -14.24> result: 90.00 118.36 -52.61 0.00 80.97 0.00
[13:58:13.077] [ARM-RX] [228] <0.00 -123.74 -14.28> result: 90.00 118.43 -52.49 0.00 80.91 0.00
[13:58:13.078] [ARM-RX] [229] <0.00 -124.10 -14.32> result: 90.00 118.49 -52.37 0.00 80.86 0.00
[13:58:13.078] [ARM-RX] [230] <0.00 -124.44 -14.36> result: 90.00 118.
[13:58:13.101] [ARM-RX] 55 -52.26 0.00 80.81 0.00
[13:58:13.101] [ARM-RX] [231] <0.00 -124.77 -14.40> result: 90.00 118.62 -52.15 0.00 80.77 0.00
[13:58:13.101] [ARM-RX] [232] <0.00 -125.09 -14.43> result: 90.00 118.67 -52.05 0.00 80.72 0.00
[13:58:13.102] [ARM-RX] [233] <0.00 -125.40 -14.47> result: 90.00 118.73 -51.94 0.00 80.68 0.00
[13:58:13.102] [ARM-RX] [234] <0.0
[13:58:13.126] [ARM-RX] 0 -125.70 -14.50> result: 90.00 118.79 -51.85 0.00 80.63 0.00
[13:58:13.126] [ARM-RX] [235] <0.00 -125.98 -14.54> result: 90.00 118.84 -51.75 0.00 80.59 0.00
[13:58:13.126] [ARM-RX] [236] <0.00 -126.26 -14.57> result: 90.00 118.89 -51.66 0.00 80.55 0.00
[13:58:13.127] [ARM-RX] [237] <0.00 -126.52 -14.60> result: 90.00 118.9
[13:58:13.150] [ARM-RX] 4 -51.58 0.00 80.52 0.00
[13:58:13.150] [ARM-RX] [238] <0.00 -126.77 -14.63> result: 90.00 118.98 -51.50 0.00 80.48 0.00
[13:58:13.151] [ARM-RX] [239] <0.00 -127.01 -14.66> result: 90.00 119.03 -51.42 0.00 80.44 0.00
[13:58:13.151] [ARM-RX] [240] <0.00 -127.24 -14.68> result: 90.00 119.07 -51.34 0.00 80.41 0.00
[13:58:13.151] [ARM-RX] [241] <0.00
[13:58:13.175] [ARM-RX] -127.46 -14.71> result: 90.00 119.11 -51.27 0.00 80.38 0.00
[13:58:13.176] [ARM-RX] [242] <0.00 -127.66 -14.73> result: 90.00 119.15 -51.20 0.00 80.35 0.00
[13:58:13.176] [ARM-RX] [243] <0.00 -127.86 -14.75> result: 90.00 119.18 -51.14 0.00 80.32 0.00
[13:58:13.176] [ARM-RX] [244] <0.00 -128.04 -14.77> result: 90.00 119.22
[13:58:13.199] [ARM-RX] -51.08 0.00 80.30 0.00
[13:58:13.199] [ARM-RX] [245] <0.00 -128.22 -14.79> result: 90.00 119.25 -51.02 0.00 80.27 0.00
[13:58:13.199] [ARM-RX] [246] <0.00 -128.38 -14.81> result: 90.00 119.28 -50.97 0.00 80.25 0.00
[13:58:13.201] [ARM-RX] [247] <0.00 -128.53 -14.83> result: 90.00 119.31 -50.92 0.00 80.22 0.00
[13:58:13.201] [ARM-RX] [248] <0.00
[13:58:13.225] [ARM-RX] -128.68 -14.85> result: 90.00 119.33 -50.87 0.00 80.20 0.00
[13:58:13.225] [ARM-RX] [249] <0.00 -128.82 -14.86> result: 90.00 119.36 -50.82 0.00 80.18 0.00
[13:58:13.225] [ARM-RX] [250] <0.00 -128.94 -14.88> result: 90.00 119.38 -50.78 0.00 80.16 0.00
[13:58:13.225] [ARM-RX] [251] <0.00 -129.06 -14.89> result: 90.00 119.40
[13:58:13.248] [ARM-RX] -50.74 0.00 80.15 0.00
[13:58:13.249] [ARM-RX] [252] <0.00 -129.17 -14.90> result: 90.00 119.42 -50.71 0.00 80.13 0.00
[13:58:13.249] [ARM-RX] [253] <0.00 -129.27 -14.92> result: 90.00 119.44 -50.68 0.00 80.12 0.00
[13:58:13.249] [ARM-RX] [254] <0.00 -129.36 -14.93> result: 90.00 119.46 -50.65 0.00 80.10 0.00
[13:58:13.249] [ARM-RX] [255] <0.00 -
[13:58:13.273] [ARM-RX] 129.44 -14.94> result: 90.00 119.47 -50.62 0.00 80.09 0.00
[13:58:13.274] [ARM-RX] [256] <0.00 -129.52 -14.94> result: 90.00 119.49 -50.59 0.00 80.08 0.00
[13:58:13.274] [ARM-RX] [257] <0.00 -129.59 -14.95> result: 90.00 119.50 -50.57 0.00 80.07 0.00
[13:58:13.274] [ARM-RX] [258] <0.00 -129.65 -14.96> result: 90.00 119.51 -
[13:58:13.298] [ARM-RX] 50.55 0.00 80.06 0.00
[13:58:13.298] [ARM-RX] [259] <0.00 -129.71 -14.97> result: 90.00 119.52 -50.53 0.00 80.05 0.00
[13:58:13.298] [ARM-RX] [260] <0.00 -129.76 -14.97> result: 90.00 119.53 -50.51 0.00 80.05 0.00
[13:58:13.298] [ARM-RX] [261] <0.00 -129.80 -14.98> result: 90.00 119.54 -50.50 0.00 80.04 0.00
[13:58:13.298] [ARM-RX] [262] <0.00 -1
[13:58:13.322] [ARM-RX] 29.84 -14.98> result: 90.00 119.55 -50.49 0.00 80.03 0.00
[13:58:13.322] [ARM-RX] [263] <0.00 -129.87 -14.99> result: 90.00 119.55 -50.48 0.00 80.03 0.00
[13:58:13.322] [ARM-RX] [264] <0.00 -129.90 -14.99> result: 90.00 119.56 -50.47 0.00 80.02 0.00
[13:58:13.323] [ARM-RX] [265] <0.00 -129.92 -14.99> result: 90.00 119.56 -5
[13:58:13.346] [ARM-RX] 0.46 0.00 80.02 0.00
[13:58:13.347] [ARM-RX] [266] <0.00 -129.94 -14.99> result: 90.00 119.57 -50.45 0.00 80.02 0.00
[13:58:13.347] [ARM-RX] [267] <0.00 -129.96 -15.00> result: 90.00 119.57 -50.45 0.00 80.02 0.00
[13:58:13.347] [ARM-RX] [268] <0.00 -129.97 -15.00> result: 90.00 119.57 -50.44 0.00 80.01 0.00
[13:58:13.348] [ARM-RX] [269] <0.00 -12
[13:58:13.372] [ARM-RX] 9.98 -15.00> result: 90.00 119.57 -50.44 0.00 80.01 0.00
[13:58:13.372] [ARM-RX] [270] <0.00 -129.99 -15.00> result: 90.00 119.57 -50.44 0.00 80.01 0.00
[13:58:13.372] [ARM-RX] [271] <0.00 -129.99 -15.00> result: 90.00 119.58 -50.44 0.00 80.01 0.00
[13:58:13.372] [ARM-RX] [272] <0.00 -130.00 -15.00> result: 90.00 119.58 -50
[13:58:13.395] [ARM-RX] .43 0.00 80.01 0.00
[13:58:13.396] [ARM-RX] [273] <0.00 -130.00 -15.00> result: 90.00 119.58 -50.43 0.00 80.01 0.00
[13:58:13.396] [ARM-RX] [274] <0.00 -130.00 -15.00> result: 90.00 119.58 -50.43 0.00 80.01 0.00
[13:58:13.396] [ARM-RX] [275] <0.00 -130.00 -15.00> result: 90.00 119.58 -50.43 0.00 80.01 0.00
[13:58:13.396] [ARM-RX] [276] <0.00 -130
[13:58:13.471] [ARM-RX] .00 -15.00> result: 90.00 119.58 -50.43 0.00 80.01 0.00
[13:58:16.379] [ARM-RX] [joint 1] ave_error:0.00
[13:58:16.379] [ARM-RX] [joint 2] ave_error:1.85
[13:58:16.379] [ARM-RX] [joint 3] ave_error:2.08
[13:58:16.379] [ARM-RX] [joint 4] ave_error:0.00
[13:58:16.379] [ARM-RX] [joint 5] ave_error:0.68
[13:58:16.380] [ARM-RX] robot pid run finished!!
[13:58:16.380] [ARM-RX] [WORKFLOW] MEASURE_POSITION -> WAIT_SAFE_DISTANCE
[13:58:17.597] [ARM-RX] [WORKFLOW] WAIT_SAFE_DISTANCE -> SAFE_READY
[13:58:18.079] [ARM-RX] [JETSON_RX] crc failed type=0x01 rx=0xA5D3 calc=0xD32F
[13:58:32.080] [ARM-RX] [JETSON_RX] crc failed type=0xA5 rx=0x04B3 calc=0x4FDB
[13:58:39.619] [ARM-RX] [JETSON_RX] capture_ctrl action=2 point=0
[13:58:39.619] [ARM-RX] [CAPTURE] request action=2 point=0
[13:58:39.620] [ARM-RX] ROBOT_SOFT_RESET_EVENT
[13:58:39.620] [ARM-RX] --- Starting soft reset ---
[13:58:39.853] [ARM-RX] Soft reset motors enabled (J1~J5, J6 skipped).
[13:58:39.853] [ARM-RX] Soft resetting joint 4...
[13:58:39.853] [ARM-RX] robot_update_current_angle 4...
[13:58:39.853] [ARM-RX] [4] current:80.49, target:90.00, dir:1
[13:58:40.880] [ARM-RX] Soft resetting joint 3...
[13:58:40.880] [ARM-RX] robot_update_current_angle 3...
[13:58:40.880] [ARM-RX] [3] current:0.00, target:0.00, dir:-1
[13:58:40.989] [ARM-RX] Soft resetting joint 1...
[13:58:40.989] [ARM-RX] robot_update_current_angle 1...
[13:58:40.989] [ARM-RX] [1] current:119.37, target:90.00, dir:-1
[13:58:43.010] [ARM-RX] soft reset joint 1 settle timeout, keep going
[13:58:43.010] [ARM-RX] Soft resetting joint 2...
[13:58:43.010] [ARM-RX] robot_update_current_angle 2...
[13:58:43.010] [ARM-RX] [2] current:-51.09, target:-90.00, dir:-1
[13:58:45.147] [ARM-RX] soft reset joint 2 settle timeout, keep going
[13:58:45.147] [ARM-RX] Soft resetting joint 0...
[13:58:45.147] [ARM-RX] robot_update_current_angle 0...
[13:58:45.147] [ARM-RX] [0] current:90.00, target:90.00, dir:-1
[13:58:45.319] [ARM-RX] soft reset verify not pass, start refine loop...
[13:58:45.444] [ARM-RX] soft reset refine joint 2 round 1: cur=-85.66 target=-90.00 err=4.34 dir=-1
[13:58:45.942] [ARM-RX] [JETSON_RX] crc failed type=0x01 rx=0x040A calc=0xD1A2
[13:58:46.460] [ARM-RX] soft reset refine pass 1 success.
[13:58:46.460] [ARM-RX] soft reset final verify PASS (issues:2), pose set HOME.
[13:58:46.460] [ARM-RX] [WORKFLOW] SAFE_READY -> CAPTURE
[13:58:46.511] [ARM-RX] [JETSON_RX] capture_ctrl action=1 point=1
[13:58:46.511] [ARM-RX] [CAPTURE] request action=1 point=1
[13:58:46.511] [ARM-RX] ROBOT_AUTO_EVENT
[13:58:46.511] [ARM-RX] AUTO slow profile scale=0.40 target=<0.00 -130.00 -15.00>
[13:58:46.511] [ARM-RX] [0] <0.00 0.00 0.00> result: 90.00 90.00 -90.00 0.00 90.00 0.00
[13:58:46.512] [ARM-RX] [1] <0.00 -0.00 -0.00> result: 90.00
[13:58:46.535] [ARM-RX] 90.00 -90.00 0.00 90.00 0.00
[13:58:46.536] [ARM-RX] [2] <0.00 -0.00 -0.00> result: 90.00 90.00 -90.00 0.00 90.00 0.00
[13:58:46.536] [ARM-RX] [3] <0.00 -0.00 -0.00> result: 90.00 90.00 -90.00 0.00 90.00 0.00
[13:58:46.536] [ARM-RX] [4] <0.00 -0.01 -0.00> result: 90.00 90.00 -90.00 0.00 90.00 0.00
[13:58:46.536] [ARM-RX] [5] <0.00 -0.01 -0.00> r
[13:58:46.559] [ARM-RX] esult: 90.00 90.00 -90.00 0.00 90.00 0.00
[13:58:46.560] [ARM-RX] [6] <0.00 -0.02 -0.00> result: 90.00 90.01 -90.00 0.00 90.00 0.00
[13:58:46.560] [ARM-RX] [7] <0.00 -0.03 -0.00> result: 90.00 90.01 -89.99 0.00 90.00 0.00
[13:58:46.560] [ARM-RX] [8] <0.00 -0.04 -0.00> result: 90.00 90.02 -89.99 0.00 90.01 0.00
[13:58:46.560] [ARM-RX] [9] <0.00 -0
[13:58:46.584] [ARM-RX] .06 -0.01> result: 90.00 90.02 -89.98 0.00 90.01 0.00
[13:58:46.584] [ARM-RX] [10] <0.00 -0.08 -0.01> result: 90.00 90.03 -89.98 0.00 90.01 0.00
[13:58:46.584] [ARM-RX] [11] <0.00 -0.10 -0.01> result: 90.00 90.04 -89.97 0.00 90.01 0.00
[13:58:46.584] [ARM-RX] [12] <0.00 -0.13 -0.01> result: 90.00 90.05 -89.96 0.00 90.02 0.0
[13:58:46.608] [ARM-RX] 0
[13:58:46.609] [ARM-RX] [13] <0.00 -0.16 -0.02> result: 90.00 90.07 -89.96 0.00 90.02 0.00
[13:58:46.609] [ARM-RX] [14] <0.00 -0.20 -0.02> result: 90.00 90.08 -89.95 0.00 90.03 0.00
[13:58:46.609] [ARM-RX] [15] <0.00 -0.24 -0.03> result: 90.00 90.10 -89.93 0.00 90.03 0.00
[13:58:46.609] [ARM-RX] [16] <0.00 -0.29 -0.03> result: 90.00 90.12 -89.9
[13:58:46.633] [ARM-RX] 2 0.00 90.04 0.00
[13:58:46.633] [ARM-RX] [17] <0.00 -0.35 -0.04> result: 90.00 90.14 -89.90 0.00 90.05 0.00
[13:58:46.633] [ARM-RX] [18] <0.00 -0.41 -0.05> result: 90.00 90.17 -89.89 0.00 90.06 0.00
[13:58:46.633] [ARM-RX] [19] <0.00 -0.48 -0.06> result: 90.00 90.20 -89.87 0.00 90.07 0.00
[13:58:46.633] [ARM-RX] [20] <0.00 -0.56 -0.06> result: 9
[13:58:46.657] [ARM-RX] 0.00 90.23 -89.85 0.00 90.08 0.00
[13:58:46.657] [ARM-RX] [21] <0.00 -0.64 -0.07> result: 90.00 90.26 -89.82 0.00 90.09 0.00
[13:58:46.657] [ARM-RX] [22] <0.00 -0.73 -0.08> result: 90.00 90.30 -89.80 0.00 90.10 0.00
[13:58:46.658] [ARM-RX] [23] <0.00 -0.83 -0.10> result: 90.00 90.34 -89.77 0.00 90.11 0.00
[13:58:46.658] [ARM-RX] [24] <0.00 -0.94
[13:58:46.685] [ARM-RX] -0.11> result: 90.00 90.39 -89.74 0.00 90.13 0.00
[13:58:46.685] [ARM-RX] [25] <0.00 -1.06 -0.12> result: 90.00 90.43 -89.71 0.00 90.14 0.00
[13:58:46.685] [ARM-RX] [26] <0.00 -1.18 -0.14> result: 90.00 90.48 -89.67 0.00 90.16 0.00
[13:58:46.685] [ARM-RX] [27] <0.00 -1.32 -0.15> result: 90.00 90.54 -89.64 0.00 90.17 0.00
[13:58:46.685] [ARM-RX] [
[13:58:46.707] [ARM-RX] 28] <0.00 -1.46 -0.17> result: 90.00 90.60 -89.60 0.00 90.19 0.00
[13:58:46.707] [ARM-RX] [29] <0.00 -1.62 -0.19> result: 90.00 90.66 -89.55 0.00 90.21 0.00
[13:58:46.707] [ARM-RX] [30] <0.00 -1.78 -0.21> result: 90.00 90.72 -89.51 0.00 90.23 0.00
[13:58:46.707] [ARM-RX] [31] <0.00 -1.96 -0.23> result: 90.00 90.79 -89.46 0.
[13:58:46.730] [ARM-RX] 00 90.25 0.00
[13:58:46.731] [ARM-RX] [32] <0.00 -2.14 -0.25> result: 90.00 90.87 -89.41 0.00 90.27 0.00
[13:58:46.731] [ARM-RX] [33] <0.00 -2.34 -0.27> result: 90.00 90.94 -89.35 0.00 90.30 0.00
[13:58:46.731] [ARM-RX] [34] <0.00 -2.54 -0.29> result: 90.00 91.02 -89.30 0.00 90.32 0.00
[13:58:46.731] [ARM-RX] [35] <0.00 -2.76 -0.32> result: 90.00
[13:58:46.755] [ARM-RX] 91.11 -89.24 0.00 90.34 0.00
[13:58:46.755] [ARM-RX] [36] <0.00 -2.99 -0.34> result: 90.00 91.20 -89.17 0.00 90.37 0.00
[13:58:46.756] [ARM-RX] [37] <0.00 -3.23 -0.37> result: 90.00 91.29 -89.10 0.00 90.39 0.00
[13:58:46.756] [ARM-RX] [38] <0.00 -3.48 -0.40> result: 90.00 91.38 -89.04 0.00 90.42 0.00
[13:58:46.756] [ARM-RX] [39] <0.00 -3.74 -0.4
[13:58:46.782] [ARM-RX] 3> result: 90.00 91.48 -88.96 0.00 90.45 0.00
[13:58:46.783] [ARM-RX] [40] <0.00 -4.02 -0.46> result: 90.00 91.59 -88.89 0.00 90.47 0.00
[13:58:46.783] [ARM-RX] [41] <0.00 -4.30 -0.50> result: 90.00 91.69 -88.81 0.00 90.50 0.00
[13:58:46.783] [ARM-RX] [42] <0.00 -4.60 -0.53> result: 90.00 91.81 -88.72 0.00 90.53 0.00
[13:58:46.783] [ARM-RX] [43]
[13:58:46.803] [ARM-RX] <0.00 -4.91 -0.57> result: 90.00 91.92 -88.64 0.00 90.56 0.00
[13:58:46.805] [ARM-RX] [44] <0.00 -5.23 -0.60> result: 90.00 92.04 -88.55 0.00 90.58 0.00
[13:58:46.805] [ARM-RX] [45] <0.00 -5.56 -0.64> result: 90.00 92.16 -88.45 0.00 90.61 0.00
[13:58:46.805] [ARM-RX] [46] <0.00 -5.90 -0.68> result: 90.00 92.28 -88.36 0.00 9
[13:58:46.828] [ARM-RX] 0.64 0.00
[13:58:46.828] [ARM-RX] [47] <0.00 -6.26 -0.72> result: 90.00 92.41 -88.26 0.00 90.67 0.00
[13:58:46.829] [ARM-RX] [48] <0.00 -6.63 -0.76> result: 90.00 92.55 -88.15 0.00 90.70 0.00
[13:58:46.829] [ARM-RX] [49] <0.00 -7.01 -0.81> result: 90.00 92.68 -88.05 0.00 90.73 0.00
[13:58:46.829] [ARM-RX] [50] <0.00 -7.40 -0.85> result: 90.00 92.
[13:58:46.853] [ARM-RX] 82 -87.94 0.00 90.76 0.00
[13:58:46.853] [ARM-RX] [51] <0.00 -7.80 -0.90> result: 90.00 92.96 -87.82 0.00 90.78 0.00
[13:58:46.854] [ARM-RX] [52] <0.00 -8.22 -0.95> result: 90.00 93.10 -87.71 0.00 90.81 0.00
[13:58:46.854] [ARM-RX] [53] <0.00 -8.65 -1.00> result: 90.00 93.25 -87.58 0.00 90.84 0.00
[13:58:46.854] [ARM-RX] [54] <0.00 -9.08 -1.05> r
[13:58:46.878] [ARM-RX] esult: 90.00 93.40 -87.46 0.00 90.86 0.00
[13:58:46.878] [ARM-RX] [55] <0.00 -9.53 -1.10> result: 90.00 93.55 -87.33 0.00 90.89 0.00
[13:58:46.878] [ARM-RX] [56] <0.00 -10.00 -1.15> result: 90.00 93.71 -87.20 0.00 90.91 0.00
[13:58:46.878] [ARM-RX] [57] <0.00 -10.47 -1.21> result: 90.00 93.87 -87.07 0.00 90.94 0.00
[13:58:46.879] [ARM-RX] [58] <0
[13:58:46.902] [ARM-RX] .00 -10.95 -1.26> result: 90.00 94.03 -86.93 0.00 90.96 0.00
[13:58:46.903] [ARM-RX] [59] <0.00 -11.45 -1.32> result: 90.00 94.19 -86.79 0.00 90.98 0.00
[13:58:46.903] [ARM-RX] [60] <0.00 -11.96 -1.38> result: 90.00 94.35 -86.65 0.00 91.00 0.00
[13:58:46.903] [ARM-RX] [61] <0.00 -12.47 -1.44> result: 90.00 94.52 -86.50 0.00
[13:58:46.927] [ARM-RX] 91.02 0.00
[13:58:46.927] [ARM-RX] [62] <0.00 -13.00 -1.50> result: 90.00 94.69 -86.35 0.00 91.04 0.00
[13:58:46.927] [ARM-RX] [63] <0.00 -13.54 -1.56> result: 90.00 94.86 -86.19 0.00 91.05 0.00
[13:58:46.928] [ARM-RX] [64] <0.00 -14.09 -1.63> result: 90.00 95.03 -86.04 0.00 91.07 0.00
[13:58:46.928] [ARM-RX] [65] <0.00 -14.65 -1.69> result: 90.
[13:58:46.951] [ARM-RX] 00 95.20 -85.88 0.00 91.08 0.00
[13:58:46.952] [ARM-RX] [66] <0.00 -15.21 -1.76> result: 90.00 95.38 -85.72 0.00 91.09 0.00
[13:58:46.952] [ARM-RX] [67] <0.00 -15.79 -1.82> result: 90.00 95.55 -85.55 0.00 91.10 0.00
[13:58:46.952] [ARM-RX] [68] <0.00 -16.38 -1.89> result: 90.00 95.73 -85.38 0.00 91.11 0.00
[13:58:46.952] [ARM-RX] [69] <0.00 -16.9
[13:58:46.976] [ARM-RX] 7 -1.96> result: 90.00 95.91 -85.21 0.00 91.12 0.00
[13:58:46.976] [ARM-RX] [70] <0.00 -17.58 -2.03> result: 90.00 96.09 -85.04 0.00 91.13 0.00
[13:58:46.976] [ARM-RX] [71] <0.00 -18.19 -2.10> result: 90.00 96.27 -84.86 0.00 91.13 0.00
[13:58:46.976] [ARM-RX] [72] <0.00 -18.81 -2.17> result: 90.00 96.45 -84.68 0.00 91.13 0.
[13:58:47.000] [ARM-RX] 00
[13:58:47.000] [ARM-RX] [73] <0.00 -19.44 -2.24> result: 90.00 96.63 -84.50 0.00 91.13 0.00
[13:58:47.000] [ARM-RX] [74] <0.00 -20.08 -2.32> result: 90.00 96.81 -84.32 0.00 91.13 0.00
[13:58:47.001] [ARM-RX] [75] <0.00 -20.72 -2.39> result: 90.00 97.00 -84.13 0.00 91.13 0.00
[13:58:47.001] [ARM-RX] [76] <0.00 -21.37 -2.47> result: 90.00 97.18
[13:58:47.025] [ARM-RX] -83.94 0.00 91.12 0.00
[13:58:47.025] [ARM-RX] [77] <0.00 -22.03 -2.54> result: 90.00 97.36 -83.75 0.00 91.12 0.00
[13:58:47.025] [ARM-RX] [78] <0.00 -22.70 -2.62> result: 90.00 97.55 -83.56 0.00 91.11 0.00
[13:58:47.025] [ARM-RX] [79] <0.00 -23.37 -2.70> result: 90.00 97.73 -83.37 0.00 91.10 0.00
[13:58:47.026] [ARM-RX] [80] <0.00 -24.04 -2.77>
[13:58:47.049] [ARM-RX] result: 90.00 97.92 -83.17 0.00 91.08 0.00
[13:58:47.049] [ARM-RX] [81] <0.00 -24.72 -2.85> result: 90.00 98.10 -82.97 0.00 91.07 0.00
[13:58:47.049] [ARM-RX] [82] <0.00 -25.41 -2.93> result: 90.00 98.28 -82.77 0.00 91.05 0.00
[13:58:47.049] [ARM-RX] [83] <0.00 -26.10 -3.01> result: 90.00 98.47 -82.57 0.00 91.04 0.00
[13:58:47.049] [ARM-RX] [84]
[13:58:47.073] [ARM-RX] <0.00 -26.79 -3.09> result: 90.00 98.65 -82.37 0.00 91.02 0.00
[13:58:47.074] [ARM-RX] [85] <0.00 -27.49 -3.17> result: 90.00 98.83 -82.16 0.00 91.00 0.00
[13:58:47.074] [ARM-RX] [86] <0.00 -28.19 -3.25> result: 90.00 99.01 -81.96 0.00 90.97 0.00
[13:58:47.074] [ARM-RX] [87] <0.00 -28.90 -3.33> result: 90.00 99.20 -81.75 0.
[13:58:47.098] [ARM-RX] 00 90.95 0.00
[13:58:47.098] [ARM-RX] [88] <0.00 -29.61 -3.42> result: 90.00 99.38 -81.55 0.00 90.92 0.00
[13:58:47.098] [ARM-RX] [89] <0.00 -30.32 -3.50> result: 90.00 99.56 -81.34 0.00 90.90 0.00
[13:58:47.098] [ARM-RX] [90] <0.00 -31.03 -3.58> result: 90.00 99.74 -81.13 0.00 90.87 0.00
[13:58:47.099] [ARM-RX] [91] <0.00 -31.74 -3.66> result: 9
[13:58:47.122] [ARM-RX] 0.00 99.92 -80.92 0.00 90.84 0.00
[13:58:47.122] [ARM-RX] [92] <0.00 -32.46 -3.74> result: 90.00 100.09 -80.71 0.00 90.80 0.00
[13:58:47.123] [ARM-RX] [93] <0.00 -33.17 -3.83> result: 90.00 100.27 -80.50 0.00 90.77 0.00
[13:58:47.123] [ARM-RX] [94] <0.00 -33.89 -3.91> result: 90.00 100.44 -80.29 0.00 90.74 0.00
[13:58:47.123] [ARM-RX] [95] <0.00
[13:58:47.147] [ARM-RX] -34.60 -3.99> result: 90.00 100.62 -80.08 0.00 90.70 0.00
[13:58:47.147] [ARM-RX] [96] <0.00 -35.32 -4.07> result: 90.00 100.79 -79.87 0.00 90.66 0.00
[13:58:47.147] [ARM-RX] [97] <0.00 -36.03 -4.16> result: 90.00 100.96 -79.66 0.00 90.62 0.00
[13:58:47.148] [ARM-RX] [98] <0.00 -36.75 -4.24> result: 90.00 101.14 -79.45 0.00
[13:58:47.171] [ARM-RX] 90.58 0.00
[13:58:47.172] [ARM-RX] [99] <0.00 -37.46 -4.32> result: 90.00 101.31 -79.24 0.00 90.54 0.00
[13:58:47.172] [ARM-RX] [100] <0.00 -38.18 -4.41> result: 90.00 101.47 -79.02 0.00 90.50 0.00
[13:58:47.172] [ARM-RX] [101] <0.00 -38.89 -4.49> result: 90.00 101.64 -78.81 0.00 90.46 0.00
[13:58:47.172] [ARM-RX] [102] <0.00 -39.61 -4.57> resul
[13:58:47.196] [ARM-RX] t: 90.00 101.81 -78.60 0.00 90.41 0.00
[13:58:47.196] [ARM-RX] [103] <0.00 -40.32 -4.65> result: 90.00 101.98 -78.39 0.00 90.37 0.00
[13:58:47.196] [ARM-RX] [104] <0.00 -41.04 -4.74> result: 90.00 102.14 -78.18 0.00 90.32 0.00
[13:58:47.196] [ARM-RX] [105] <0.00 -41.75 -4.82> result: 90.00 102.31 -77.96 0.00 90.27 0.00
[13:58:47.196] [ARM-RX] [10
[13:58:47.221] [ARM-RX] 6] <0.00 -42.47 -4.90> result: 90.00 102.47 -77.75 0.00 90.22 0.00
[13:58:47.221] [ARM-RX] [107] <0.00 -43.18 -4.98> result: 90.00 102.63 -77.54 0.00 90.17 0.00
[13:58:47.221] [ARM-RX] [108] <0.00 -43.90 -5.07> result: 90.00 102.79 -77.33 0.00 90.12 0.00
[13:58:47.221] [ARM-RX] [109] <0.00 -44.61 -5.15> result: 90.00 102.95
[13:58:47.248] [ARM-RX] -77.11 0.00 90.07 0.00
[13:58:47.248] [ARM-RX] [110] <0.00 -45.33 -5.23> result: 90.00 103.12 -76.90 0.00 90.02 0.00
[13:58:47.248] [ARM-RX] [111] <0.00 -46.05 -5.31> result: 90.00 103.27 -76.69 0.00 89.96 0.00
[13:58:47.249] [ARM-RX] [112] <0.00 -46.76 -5.40> result: 90.00 103.43 -76.47 0.00 89.91 0.00
[13:58:47.249] [ARM-RX] [113] <0.00 -47.48
[13:58:47.270] [ARM-RX] -5.48> result: 90.00 103.59 -76.26 0.00 89.85 0.00
[13:58:47.270] [ARM-RX] [114] <0.00 -48.19 -5.56> result: 90.00 103.75 -76.05 0.00 89.80 0.00
[13:58:47.270] [ARM-RX] [115] <0.00 -48.91 -5.64> result: 90.00 103.91 -75.83 0.00 89.74 0.00
[13:58:47.270] [ARM-RX] [116] <0.00 -49.62 -5.73> result: 90.00 104.06 -75.62 0.00 89
[13:58:47.294] [ARM-RX] .68 0.00
[13:58:47.294] [ARM-RX] [117] <0.00 -50.34 -5.81> result: 90.00 104.22 -75.40 0.00 89.62 0.00
[13:58:47.295] [ARM-RX] [118] <0.00 -51.05 -5.89> result: 90.00 104.37 -75.19 0.00 89.56 0.00
[13:58:47.295] [ARM-RX] [119] <0.00 -51.77 -5.97> result: 90.00 104.53 -74.98 0.00 89.50 0.00
[13:58:47.296] [ARM-RX] [120] <0.00 -52.48 -6.06> result:
[13:58:47.318] [ARM-RX] 90.00 104.68 -74.76 0.00 89.44 0.00
[13:58:47.319] [ARM-RX] [121] <0.00 -53.20 -6.14> result: 90.00 104.83 -74.55 0.00 89.38 0.00
[13:58:47.319] [ARM-RX] [122] <0.00 -53.91 -6.22> result: 90.00 104.99 -74.33 0.00 89.32 0.00
[13:58:47.319] [ARM-RX] [123] <0.00 -54.63 -6.30> result: 90.00 105.14 -74.12 0.00 89.25 0.00
[13:58:47.319] [ARM-RX] [124]
[13:58:47.343] [ARM-RX] <0.00 -55.34 -6.39> result: 90.00 105.29 -73.90 0.00 89.19 0.00
[13:58:47.343] [ARM-RX] [125] <0.00 -56.06 -6.47> result: 90.00 105.44 -73.68 0.00 89.12 0.00
[13:58:47.344] [ARM-RX] [126] <0.00 -56.77 -6.55> result: 90.00 105.59 -73.47 0.00 89.06 0.00
[13:58:47.344] [ARM-RX] [127] <0.00 -57.49 -6.63> result: 90.00 105.74 -
[13:58:47.367] [ARM-RX] 73.25 0.00 88.99 0.00
[13:58:47.368] [ARM-RX] [128] <0.00 -58.20 -6.72> result: 90.00 105.89 -73.04 0.00 88.93 0.00
[13:58:47.368] [ARM-RX] [129] <0.00 -58.92 -6.80> result: 90.00 106.04 -72.82 0.00 88.86 0.00
[13:58:47.368] [ARM-RX] [130] <0.00 -59.64 -6.88> result: 90.00 106.19 -72.60 0.00 88.79 0.00
[13:58:47.369] [ARM-RX] [131] <0.00 -60.35 -
[13:58:47.391] [ARM-RX] 6.96> result: 90.00 106.33 -72.39 0.00 88.72 0.00
[13:58:47.393] [ARM-RX] [132] <0.00 -61.07 -7.05> result: 90.00 106.48 -72.17 0.00 88.65 0.00
[13:58:47.393] [ARM-RX] [133] <0.00 -61.78 -7.13> result: 90.00 106.63 -71.95 0.00 88.58 0.00
[13:58:47.393] [ARM-RX] [134] <0.00 -62.50 -7.21> result: 90.00 106.77 -71.74 0.00 88.5
[13:58:47.416] [ARM-RX] 1 0.00
[13:58:47.417] [ARM-RX] [135] <0.00 -63.21 -7.29> result: 90.00 106.92 -71.52 0.00 88.44 0.00
[13:58:47.417] [ARM-RX] [136] <0.00 -63.93 -7.38> result: 90.00 107.07 -71.30 0.00 88.37 0.00
[13:58:47.417] [ARM-RX] [137] <0.00 -64.64 -7.46> result: 90.00 107.21 -71.09 0.00 88.30 0.00
[13:58:47.417] [ARM-RX] [138] <0.00 -65.36 -7.54> result: 9
[13:58:47.441] [ARM-RX] 0.00 107.36 -70.87 0.00 88.22 0.00
[13:58:47.441] [ARM-RX] [139] <0.00 -66.07 -7.62> result: 90.00 107.50 -70.65 0.00 88.15 0.00
[13:58:47.441] [ARM-RX] [140] <0.00 -66.79 -7.71> result: 90.00 107.64 -70.43 0.00 88.08 0.00
[13:58:47.442] [ARM-RX] [141] <0.00 -67.50 -7.79> result: 90.00 107.79 -70.21 0.00 88.00 0.00
[13:58:47.442] [ARM-RX] [142] <
[13:58:47.466] [ARM-RX] 0.00 -68.22 -7.87> result: 90.00 107.93 -70.00 0.00 87.93 0.00
[13:58:47.466] [ARM-RX] [143] <0.00 -68.93 -7.95> result: 90.00 108.07 -69.78 0.00 87.85 0.00
[13:58:47.466] [ARM-RX] [144] <0.00 -69.65 -8.04> result: 90.00 108.22 -69.56 0.00 87.78 0.00
[13:58:47.467] [ARM-RX] [145] <0.00 -70.36 -8.12> result: 90.00 108.36 -69
[13:58:47.489] [ARM-RX] .34 0.00 87.70 0.00
[13:58:47.491] [ARM-RX] [146] <0.00 -71.08 -8.20> result: 90.00 108.50 -69.12 0.00 87.62 0.00
[13:58:47.491] [ARM-RX] [147] <0.00 -71.79 -8.28> result: 90.00 108.64 -68.90 0.00 87.54 0.00
[13:58:47.491] [ARM-RX] [148] <0.00 -72.51 -8.37> result: 90.00 108.78 -68.68 0.00 87.47 0.00
[13:58:47.491] [ARM-RX] [149] <0.00 -73.23 -8.
[13:58:47.514] [ARM-RX] 45> result: 90.00 108.93 -68.46 0.00 87.39 0.00
[13:58:47.515] [ARM-RX] [150] <0.00 -73.94 -8.53> result: 90.00 109.07 -68.24 0.00 87.31 0.00
[13:58:47.515] [ARM-RX] [151] <0.00 -74.66 -8.61> result: 90.00 109.21 -68.02 0.00 87.23 0.00
[13:58:47.515] [ARM-RX] [152] <0.00 -75.37 -8.70> result: 90.00 109.35 -67.80 0.00 87.15
[13:58:47.539] [ARM-RX] 0.00
[13:58:47.539] [ARM-RX] [153] <0.00 -76.09 -8.78> result: 90.00 109.49 -67.58 0.00 87.07 0.00
[13:58:47.539] [ARM-RX] [154] <0.00 -76.80 -8.86> result: 90.00 109.63 -67.36 0.00 86.99 0.00
[13:58:47.540] [ARM-RX] [155] <0.00 -77.52 -8.94> result: 90.00 109.76 -67.14 0.00 86.91 0.00
[13:58:47.540] [ARM-RX] [156] <0.00 -78.23 -9.03> result: 90.
[13:58:47.563] [ARM-RX] 00 109.90 -66.92 0.00 86.83 0.00
[13:58:47.563] [ARM-RX] [157] <0.00 -78.95 -9.11> result: 90.00 110.04 -66.70 0.00 86.74 0.00
[13:58:47.563] [ARM-RX] [158] <0.00 -79.66 -9.19> result: 90.00 110.18 -66.48 0.00 86.66 0.00
[13:58:47.564] [ARM-RX] [159] <0.00 -80.38 -9.27> result: 90.00 110.32 -66.26 0.00 86.58 0.00
[13:58:47.564] [ARM-RX] [160] <0.
[13:58:47.588] [ARM-RX] 00 -81.09 -9.36> result: 90.00 110.46 -66.04 0.00 86.50 0.00
[13:58:47.588] [ARM-RX] [161] <0.00 -81.81 -9.44> result: 90.00 110.60 -65.82 0.00 86.41 0.00
[13:58:47.589] [ARM-RX] [162] <0.00 -82.52 -9.52> result: 90.00 110.73 -65.59 0.00 86.33 0.00
[13:58:47.589] [ARM-RX] [163] <0.00 -83.24 -9.60> result: 90.00 110.87 -65.3
[13:58:47.612] [ARM-RX] 7 0.00 86.24 0.00
[13:58:47.612] [ARM-RX] [164] <0.00 -83.95 -9.69> result: 90.00 111.01 -65.15 0.00 86.16 0.00
[13:58:47.613] [ARM-RX] [165] <0.00 -84.67 -9.77> result: 90.00 111.14 -64.93 0.00 86.07 0.00
[13:58:47.613] [ARM-RX] [166] <0.00 -85.38 -9.85> result: 90.00 111.28 -64.71 0.00 85.99 0.00
[13:58:47.613] [ARM-RX] [167] <0.00 -86.10 -9.93
[13:58:47.637] [ARM-RX] > result: 90.00 111.42 -64.48 0.00 85.90 0.00
[13:58:47.638] [ARM-RX] [168] <0.00 -86.81 -10.02> result: 90.00 111.55 -64.26 0.00 85.81 0.00
[13:58:47.638] [ARM-RX] [169] <0.00 -87.53 -10.10> result: 90.00 111.69 -64.04 0.00 85.73 0.00
[13:58:47.638] [ARM-RX] [170] <0.00 -88.25 -10.18> result: 90.00 111.83 -63.81 0.00 85.64
[13:58:47.662] [ARM-RX] 0.00
[13:58:47.662] [ARM-RX] [171] <0.00 -88.96 -10.26> result: 90.00 111.96 -63.59 0.00 85.55 0.00
[13:58:47.662] [ARM-RX] [172] <0.00 -89.68 -10.35> result: 90.00 112.10 -63.37 0.00 85.46 0.00
[13:58:47.662] [ARM-RX] [173] <0.00 -90.39 -10.43> result: 90.00 112.23 -63.14 0.00 85.38 0.00
[13:58:47.663] [ARM-RX] [174] <0.00 -91.11 -10.51> result
[13:58:47.686] [ARM-RX] : 90.00 112.37 -62.92 0.00 85.29 0.00
[13:58:47.686] [ARM-RX] [175] <0.00 -91.82 -10.59> result: 90.00 112.50 -62.70 0.00 85.20 0.00
[13:58:47.687] [ARM-RX] [176] <0.00 -92.54 -10.68> result: 90.00 112.64 -62.47 0.00 85.11 0.00
[13:58:47.687] [ARM-RX] [177] <0.00 -93.25 -10.76> result: 90.00 112.77 -62.25 0.00 85.02 0.00
[13:58:47.687] [ARM-RX] [
[13:58:47.711] [ARM-RX] 178] <0.00 -93.97 -10.84> result: 90.00 112.91 -62.02 0.00 84.93 0.00
[13:58:47.711] [ARM-RX] [179] <0.00 -94.68 -10.92> result: 90.00 113.04 -61.80 0.00 84.84 0.00
[13:58:47.711] [ARM-RX] [180] <0.00 -95.40 -11.01> result: 90.00 113.18 -61.57 0.00 84.75 0.00
[13:58:47.711] [ARM-RX] [181] <0.00 -96.11 -11.09> result: 90.00
[13:58:47.735] [ARM-RX] 113.31 -61.35 0.00 84.66 0.00
[13:58:47.735] [ARM-RX] [182] <0.00 -96.83 -11.17> result: 90.00 113.44 -61.12 0.00 84.57 0.00
[13:58:47.735] [ARM-RX] [183] <0.00 -97.54 -11.26> result: 90.00 113.58 -60.90 0.00 84.48 0.00
[13:58:47.736] [ARM-RX] [184] <0.00 -98.26 -11.34> result: 90.00 113.71 -60.67 0.00 84.38 0.00
[13:58:47.736] [ARM-RX] [185] <0.
[13:58:47.759] [ARM-RX] 00 -98.97 -11.42> result: 90.00 113.85 -60.45 0.00 84.29 0.00
[13:58:47.759] [ARM-RX] [186] <0.00 -99.68 -11.50> result: 90.00 113.98 -60.22 0.00 84.20 0.00
[13:58:47.760] [ARM-RX] [187] <0.00 -100.39 -11.58> result: 90.00 114.11 -60.00 0.00 84.11 0.00
[13:58:47.760] [ARM-RX] [188] <0.00 -101.10 -11.67> result: 90.00 114.24
[13:58:47.784] [ARM-RX] -59.77 0.00 84.01 0.00
[13:58:47.785] [ARM-RX] [189] <0.00 -101.80 -11.75> result: 90.00 114.37 -59.55 0.00 83.92 0.00
[13:58:47.785] [ARM-RX] [190] <0.00 -102.51 -11.83> result: 90.00 114.50 -59.33 0.00 83.83 0.00
[13:58:47.785] [ARM-RX] [191] <0.00 -103.20 -11.91> result: 90.00 114.63 -59.10 0.00 83.74 0.00
[13:58:47.785] [ARM-RX] [192] <0.00
[13:58:47.811] [ARM-RX] -103.90 -11.99> result: 90.00 114.76 -58.88 0.00 83.65 0.00
[13:58:47.811] [ARM-RX] [193] <0.00 -104.59 -12.07> result: 90.00 114.89 -58.66 0.00 83.56 0.00
[13:58:47.811] [ARM-RX] [194] <0.00 -105.28 -12.15> result: 90.00 115.02 -58.44 0.00 83.46 0.00
[13:58:47.811] [ARM-RX] [195] <0.00 -105.96 -12.23> result: 90.00 115.15
[13:58:47.833] [ARM-RX] -58.23 0.00 83.37 0.00
[13:58:47.833] [ARM-RX] [196] <0.00 -106.63 -12.30> result: 90.00 115.27 -58.01 0.00 83.28 0.00
[13:58:47.833] [ARM-RX] [197] <0.00 -107.30 -12.38> result: 90.00 115.40 -57.80 0.00 83.19 0.00
[13:58:47.833] [ARM-RX] [198] <0.00 -107.97 -12.46> result: 90.00 115.52 -57.59 0.00 83.10 0.00
[13:58:47.834] [ARM-RX] [199] <0.00 -
[13:58:47.857] [ARM-RX] 108.62 -12.53> result: 90.00 115.64 -57.38 0.00 83.02 0.00
[13:58:47.858] [ARM-RX] [200] <0.00 -109.28 -12.61> result: 90.00 115.76 -57.17 0.00 82.93 0.00
[13:58:47.858] [ARM-RX] [201] <0.00 -109.92 -12.68> result: 90.00 115.88 -56.96 0.00 82.84 0.00
[13:58:47.858] [ARM-RX] [202] <0.00 -110.56 -12.76> result: 90.00 116.00 -
[13:58:47.882] [ARM-RX] 56.76 0.00 82.75 0.00
[13:58:47.882] [ARM-RX] [203] <0.00 -111.19 -12.83> result: 90.00 116.11 -56.55 0.00 82.67 0.00
[13:58:47.882] [ARM-RX] [204] <0.00 -111.81 -12.90> result: 90.00 116.23 -56.36 0.00 82.58 0.00
[13:58:47.882] [ARM-RX] [205] <0.00 -112.42 -12.97> result: 90.00 116.34 -56.16 0.00 82.50 0.00
[13:58:47.883] [ARM-RX] [206] <0.00 -1
[13:58:47.907] [ARM-RX] 13.02 -13.04> result: 90.00 116.45 -55.96 0.00 82.42 0.00
[13:58:47.907] [ARM-RX] [207] <0.00 -113.62 -13.11> result: 90.00 116.56 -55.77 0.00 82.33 0.00
[13:58:47.907] [ARM-RX] [208] <0.00 -114.21 -13.18> result: 90.00 116.67 -55.58 0.00 82.25 0.00
[13:58:47.908] [ARM-RX] [209] <0.00 -114.79 -13.24> result: 90.00 116.78 -5
[13:58:47.931] [ARM-RX] 5.40 0.00 82.17 0.00
[13:58:47.931] [ARM-RX] [210] <0.00 -115.35 -13.31> result: 90.00 116.88 -55.21 0.00 82.10 0.00
[13:58:47.931] [ARM-RX] [211] <0.00 -115.91 -13.37> result: 90.00 116.99 -55.03 0.00 82.02 0.00
[13:58:47.931] [ARM-RX] [212] <0.00 -116.46 -13.44> result: 90.00 117.09 -54.86 0.00 81.94 0.00
[13:58:47.932] [ARM-RX] [213] <0.00 -11
[13:58:47.956] [ARM-RX] 7.00 -13.50> result: 90.00 117.19 -54.68 0.00 81.87 0.00
[13:58:47.956] [ARM-RX] [214] <0.00 -117.53 -13.56> result: 90.00 117.28 -54.51 0.00 81.79 0.00
[13:58:47.956] [ARM-RX] [215] <0.00 -118.04 -13.62> result: 90.00 117.38 -54.34 0.00 81.72 0.00
[13:58:47.956] [ARM-RX] [216] <0.00 -118.55 -13.68> result: 90.00 117.47 -54
[13:58:47.980] [ARM-RX] .18 0.00 81.65 0.00
[13:58:47.980] [ARM-RX] [217] <0.00 -119.05 -13.74> result: 90.00 117.56 -54.02 0.00 81.58 0.00
[13:58:47.980] [ARM-RX] [218] <0.00 -119.53 -13.79> result: 90.00 117.65 -53.86 0.00 81.51 0.00
[13:58:47.981] [ARM-RX] [219] <0.00 -120.00 -13.85> result: 90.00 117.74 -53.71 0.00 81.45 0.00
[13:58:47.981] [ARM-RX] [220] <0.00 -120
[13:58:48.004] [ARM-RX] .47 -13.90> result: 90.00 117.82 -53.56 0.00 81.38 0.00
[13:58:48.004] [ARM-RX] [221] <0.00 -120.92 -13.95> result: 90.00 117.91 -53.41 0.00 81.32 0.00
[13:58:48.004] [ARM-RX] [222] <0.00 -121.35 -14.00> result: 90.00 117.99 -53.27 0.00 81.25 0.00
[13:58:48.004] [ARM-RX] [223] <0.00 -121.78 -14.05> result: 90.00 118.07 -53.
[13:58:48.030] [ARM-RX] 13 0.00 81.19 0.00
[13:58:48.030] [ARM-RX] [224] <0.00 -122.20 -14.10> result: 90.00 118.14 -52.99 0.00 81.13 0.00
[13:58:48.030] [ARM-RX] [225] <0.00 -122.60 -14.15> result: 90.00 118.22 -52.86 0.00 81.08 0.00
[13:58:48.030] [ARM-RX] [226] <0.00 -122.99 -14.19> result: 90.00 118.29 -52.73 0.00 81.02 0.00
[13:58:48.031] [ARM-RX] [227] <0.00 -123.
[13:58:48.054] [ARM-RX] 37 -14.24> result: 90.00 118.36 -52.61 0.00 80.97 0.00
[13:58:48.054] [ARM-RX] [228] <0.00 -123.74 -14.28> result: 90.00 118.43 -52.49 0.00 80.91 0.00
[13:58:48.054] [ARM-RX] [229] <0.00 -124.10 -14.32> result: 90.00 118.49 -52.37 0.00 80.86 0.00
[13:58:48.054] [ARM-RX] [230] <0.00 -124.44 -14.36> result: 90.00 118.55 -52.2
[13:58:48.078] [ARM-RX] 6 0.00 80.81 0.00
[13:58:48.078] [ARM-RX] [231] <0.00 -124.77 -14.40> result: 90.00 118.62 -52.15 0.00 80.77 0.00
[13:58:48.079] [ARM-RX] [232] <0.00 -125.09 -14.43> result: 90.00 118.67 -52.05 0.00 80.72 0.00
[13:58:48.079] [ARM-RX] [233] <0.00 -125.40 -14.47> result: 90.00 118.73 -51.94 0.00 80.68 0.00
[13:58:48.079] [ARM-RX] [234] <0.00 -125.7
[13:58:48.102] [ARM-RX] 0 -14.50> result: 90.00 118.79 -51.85 0.00 80.63 0.00
[13:58:48.102] [ARM-RX] [235] <0.00 -125.98 -14.54> result: 90.00 118.84 -51.75 0.00 80.59 0.00
[13:58:48.104] [ARM-RX] [236] <0.00 -126.26 -14.57> result: 90.00 118.89 -51.66 0.00 80.55 0.00
[13:58:48.104] [ARM-RX] [237] <0.00 -126.52 -14.60> result: 90.00 118.94 -51.58
[13:58:48.127] [ARM-RX] 0.00 80.52 0.00
[13:58:48.127] [ARM-RX] [238] <0.00 -126.77 -14.63> result: 90.00 118.98 -51.50 0.00 80.48 0.00
[13:58:48.128] [ARM-RX] [239] <0.00 -127.01 -14.66> result: 90.00 119.03 -51.42 0.00 80.44 0.00
[13:58:48.128] [ARM-RX] [240] <0.00 -127.24 -14.68> result: 90.00 119.07 -51.34 0.00 80.41 0.00
[13:58:48.128] [ARM-RX] [241] <0.00 -127.46
[13:58:48.151] [ARM-RX] -14.71> result: 90.00 119.11 -51.27 0.00 80.38 0.00
[13:58:48.152] [ARM-RX] [242] <0.00 -127.66 -14.73> result: 90.00 119.15 -51.20 0.00 80.35 0.00
[13:58:48.152] [ARM-RX] [243] <0.00 -127.86 -14.75> result: 90.00 119.18 -51.14 0.00 80.32 0.00
[13:58:48.152] [ARM-RX] [244] <0.00 -128.04 -14.77> result: 90.00 119.22 -51.08
[13:58:48.176] [ARM-RX] 0.00 80.30 0.00
[13:58:48.177] [ARM-RX] [245] <0.00 -128.22 -14.79> result: 90.00 119.25 -51.02 0.00 80.27 0.00
[13:58:48.177] [ARM-RX] [246] <0.00 -128.38 -14.81> result: 90.00 119.28 -50.97 0.00 80.25 0.00
[13:58:48.177] [ARM-RX] [247] <0.00 -128.53 -14.83> result: 90.00 119.31 -50.92 0.00 80.22 0.00
[13:58:48.177] [ARM-RX] [248] <0.00 -128.68
[13:58:48.201] [ARM-RX] -14.85> result: 90.00 119.33 -50.87 0.00 80.20 0.00
[13:58:48.201] [ARM-RX] [249] <0.00 -128.82 -14.86> result: 90.00 119.36 -50.82 0.00 80.18 0.00
[13:58:48.201] [ARM-RX] [250] <0.00 -128.94 -14.88> result: 90.00 119.38 -50.78 0.00 80.16 0.00
[13:58:48.201] [ARM-RX] [251] <0.00 -129.06 -14.89> result: 90.00 119.40 -50.74 0
[13:58:48.226] [ARM-RX] .00 80.15 0.00
[13:58:48.226] [ARM-RX] [252] <0.00 -129.17 -14.90> result: 90.00 119.42 -50.71 0.00 80.13 0.00
[13:58:48.226] [ARM-RX] [253] <0.00 -129.27 -14.92> result: 90.00 119.44 -50.68 0.00 80.12 0.00
[13:58:48.226] [ARM-RX] [254] <0.00 -129.36 -14.93> result: 90.00 119.46 -50.65 0.00 80.10 0.00
[13:58:48.227] [ARM-RX] [255] <0.00 -129.44 -
[13:58:48.250] [ARM-RX] 14.94> result: 90.00 119.47 -50.62 0.00 80.09 0.00
[13:58:48.251] [ARM-RX] [256] <0.00 -129.52 -14.94> result: 90.00 119.49 -50.59 0.00 80.08 0.00
[13:58:48.251] [ARM-RX] [257] <0.00 -129.59 -14.95> result: 90.00 119.50 -50.57 0.00 80.07 0.00
[13:58:48.251] [ARM-RX] [258] <0.00 -129.65 -14.96> result: 90.00 119.51 -50.55 0.
[13:58:48.278] [ARM-RX] 00 80.06 0.00
[13:58:48.278] [ARM-RX] [259] <0.00 -129.71 -14.97> result: 90.00 119.52 -50.53 0.00 80.05 0.00
[13:58:48.280] [ARM-RX] [260] <0.00 -129.76 -14.97> result: 90.00 119.53 -50.51 0.00 80.05 0.00
[13:58:48.280] [ARM-RX] [261] <0.00 -129.80 -14.98> result: 90.00 119.54 -50.50 0.00 80.04 0.00
[13:58:48.280] [ARM-RX] [262] <0.00 -129.84 -1
[13:58:48.299] [ARM-RX] 4.98> result: 90.00 119.55 -50.49 0.00 80.03 0.00
[13:58:48.300] [ARM-RX] [263] <0.00 -129.87 -14.99> result: 90.00 119.55 -50.48 0.00 80.03 0.00
[13:58:48.300] [ARM-RX] [264] <0.00 -129.90 -14.99> result: 90.00 119.56 -50.47 0.00 80.02 0.00
[13:58:48.300] [ARM-RX] [265] <0.00 -129.92 -14.99> result: 90.00 119.56 -50.46 0.0
[13:58:48.323] [ARM-RX] 0 80.02 0.00
[13:58:48.323] [ARM-RX] [266] <0.00 -129.94 -14.99> result: 90.00 119.57 -50.45 0.00 80.02 0.00
[13:58:48.324] [ARM-RX] [267] <0.00 -129.96 -15.00> result: 90.00 119.57 -50.45 0.00 80.02 0.00
[13:58:48.324] [ARM-RX] [268] <0.00 -129.97 -15.00> result: 90.00 119.57 -50.44 0.00 80.01 0.00
[13:58:48.324] [ARM-RX] [269] <0.00 -129.98 -15
[13:58:48.348] [ARM-RX] .00> result: 90.00 119.57 -50.44 0.00 80.01 0.00
[13:58:48.348] [ARM-RX] [270] <0.00 -129.99 -15.00> result: 90.00 119.57 -50.44 0.00 80.01 0.00
[13:58:48.348] [ARM-RX] [271] <0.00 -129.99 -15.00> result: 90.00 119.58 -50.44 0.00 80.01 0.00
[13:58:48.348] [ARM-RX] [272] <0.00 -130.00 -15.00> result: 90.00 119.58 -50.43 0.00
[13:58:48.373] [ARM-RX] 80.01 0.00
[13:58:48.373] [ARM-RX] [273] <0.00 -130.00 -15.00> result: 90.00 119.58 -50.43 0.00 80.01 0.00
[13:58:48.374] [ARM-RX] [274] <0.00 -130.00 -15.00> result: 90.00 119.58 -50.43 0.00 80.01 0.00
[13:58:48.374] [ARM-RX] [275] <0.00 -130.00 -15.00> result: 90.00 119.58 -50.43 0.00 80.01 0.00
[13:58:48.374] [ARM-RX] [276] <0.00 -130.00 -15.
[13:58:48.447] [ARM-RX] 00> result: 90.00 119.58 -50.43 0.00 80.01 0.00
[13:58:51.369] [ARM-RX] [joint 1] ave_error:0.00
[13:58:51.369] [ARM-RX] [joint 2] ave_error:1.85
[13:58:51.369] [ARM-RX] [joint 3] ave_error:2.08
[13:58:51.369] [ARM-RX] [joint 4] ave_error:0.00
[13:58:51.370] [ARM-RX] [joint 5] ave_error:0.69
[13:58:51.370] [ARM-RX] robot pid run finished!!
[13:58:51.370] [ARM-RX] [joint_id: 0] ROBOT_JOINT_ABS_ROTATE 65.000000
[13:58:52.649] [ARM-RX] [joint_id: 3] ROBOT_JOINT_ABS_ROTATE 330.000000
[13:58:54.100] [ARM-RX] [joint_id: 4] ROBOT_JOINT_ABS_ROTATE 85.000000
[13:58:54.896] [ARM-RX] [JETSON_RX] capture_ctrl action=1 point=2
[13:58:54.896] [ARM-RX] [CAPTURE] request action=1 point=2
[13:58:54.896] [ARM-RX] [joint_id: 0] ROBOT_JOINT_ABS_ROTATE 90.000000
[13:58:56.232] [ARM-RX] [joint_id: 3] ROBOT_JOINT_ABS_ROTATE 0.000000
[13:58:57.684] [ARM-RX] [joint_id: 4] ROBOT_JOINT_ABS_ROTATE 80.000000
[13:58:58.496] [ARM-RX] [JETSON_RX] capture_ctrl action=1 point=3
[13:58:58.496] [ARM-RX] [CAPTURE] request action=1 point=3
[13:58:58.496] [ARM-RX] [joint_id: 0] ROBOT_JOINT_ABS_ROTATE 115.000000
[13:58:59.454] [ARM-RX] [JETSON_RX] crc failed type=0x01 rx=0x5AA5 calc=0x7678
[13:58:59.793] [ARM-RX] [joint_id: 3] ROBOT_JOINT_ABS_ROTATE 35.000000
[13:59:01.407] [ARM-RX] [joint_id: 4] ROBOT_JOINT_ABS_ROTATE 80.000000
[13:59:01.642] [ARM-RX] [JETSON_RX] capture_ctrl action=2 point=0
[13:59:01.642] [ARM-RX] [CAPTURE] request action=2 point=0
[13:59:01.642] [ARM-RX] ROBOT_SOFT_RESET_EVENT
[13:59:01.642] [ARM-RX] --- Starting soft reset ---
[13:59:01.904] [ARM-RX] Soft reset motors enabled (J1~J5, J6 skipped).
[13:59:01.904] [ARM-RX] Soft resetting joint 4...
[13:59:01.904] [ARM-RX] robot_update_current_angle 4...
[13:59:01.905] [ARM-RX] [4] current:79.27, target:90.00, dir:1
[13:59:02.919] [ARM-RX] Soft resetting joint 3...
[13:59:02.919] [ARM-RX] robot_update_current_angle 3...
[13:59:02.919] [ARM-RX] [3] current:35.94, target:0.00, dir:-1
[13:59:05.008] [ARM-RX] soft reset joint 3 settle timeout, keep going
[13:59:05.008] [ARM-RX] Soft resetting joint 1...
[13:59:05.008] [ARM-RX] robot_update_current_angle 1...
[13:59:05.008] [ARM-RX] [1] current:119.37, target:90.00, dir:-1
[13:59:06.955] [ARM-RX] soft reset joint 1 settle timeout, keep going
[13:59:06.955] [ARM-RX] Soft resetting joint 2...
[13:59:06.955] [ARM-RX] robot_update_current_angle 2...
[13:59:06.955] [ARM-RX] [2] current:-51.09, target:-90.00, dir:-1
[13:59:09.141] [ARM-RX] soft reset joint 2 settle timeout, keep going
[13:59:09.141] [ARM-RX] Soft resetting joint 0...
[13:59:09.141] [ARM-RX] robot_update_current_angle 0...
[13:59:09.141] [ARM-RX] [0] current:115.52, target:90.00, dir:-1
[13:59:10.960] [ARM-RX] soft reset joint 0 settle timeout, keep going
[13:59:10.960] [ARM-RX] soft reset verify not pass, start refine loop...
[13:59:11.069] [ARM-RX] soft reset refine joint 0 round 1: cur=93.29 target=90.00 err=3.29 dir=-1
[13:59:11.913] [ARM-RX] soft reset refine pass 1 success.
[13:59:11.914] [ARM-RX] soft reset final verify PASS (issues:4), pose set HOME.
[13:59:11.914] [ARM-RX] [WORKFLOW] CAPTURE -> CAPTURE_HOME
[13:59:13.297] [ARM-RX] [JETSON_RX] crc failed type=0x01 rx=0x04B6 calc=0x2DB8
[14:00:29.893] [ARM-RX] [JETSON_RX] capture_ctrl action=3 point=3
[14:00:29.893] [ARM-RX] [CAPTURE] request action=3 point=3
[14:00:29.894] [ARM-RX] ROBOT_AUTO_EVENT
[14:00:29.894] [ARM-RX] AUTO slow profile scale=0.40 target=<0.00 -130.00 -15.00>
[14:00:29.894] [ARM-RX] [0] <0.00 0.00 0.00> result: 90.00 90.00 -90.00 0.00 90.00 0.00
[14:00:29.894] [ARM-RX] [1] <0.00 -0.00 -0.00> result: 90.00
[14:00:29.917] [ARM-RX] 90.00 -90.00 0.00 90.00 0.00
[14:00:29.917] [ARM-RX] [2] <0.00 -0.00 -0.00> result: 90.00 90.00 -90.00 0.00 90.00 0.00
[14:00:29.918] [ARM-RX] [3] <0.00 -0.00 -0.00> result: 90.00 90.00 -90.00 0.00 90.00 0.00
[14:00:29.918] [ARM-RX] [4] <0.00 -0.01 -0.00> result: 90.00 90.00 -90.00 0.00 90.00 0.00
[14:00:29.918] [ARM-RX] [5] <0.00 -0.01 -0.00> r
[14:00:29.942] [ARM-RX] esult: 90.00 90.00 -90.00 0.00 90.00 0.00
[14:00:29.942] [ARM-RX] [6] <0.00 -0.02 -0.00> result: 90.00 90.01 -90.00 0.00 90.00 0.00
[14:00:29.942] [ARM-RX] [7] <0.00 -0.03 -0.00> result: 90.00 90.01 -89.99 0.00 90.00 0.00
[14:00:29.942] [ARM-RX] [8] <0.00 -0.04 -0.00> result: 90.00 90.02 -89.99 0.00 90.01 0.00
[14:00:29.942] [ARM-RX] [9] <0.00 -0
[14:00:29.966] [ARM-RX] .06 -0.01> result: 90.00 90.02 -89.98 0.00 90.01 0.00
[14:00:29.967] [ARM-RX] [10] <0.00 -0.08 -0.01> result: 90.00 90.03 -89.98 0.00 90.01 0.00
[14:00:29.967] [ARM-RX] [11] <0.00 -0.10 -0.01> result: 90.00 90.04 -89.97 0.00 90.01 0.00
[14:00:29.967] [ARM-RX] [12] <0.00 -0.13 -0.01> result: 90.00 90.05 -89.96 0.00 90.02 0.0
[14:00:29.991] [ARM-RX] 0
[14:00:29.991] [ARM-RX] [13] <0.00 -0.16 -0.02> result: 90.00 90.07 -89.96 0.00 90.02 0.00
[14:00:29.991] [ARM-RX] [14] <0.00 -0.20 -0.02> result: 90.00 90.08 -89.95 0.00 90.03 0.00
[14:00:29.991] [ARM-RX] [15] <0.00 -0.24 -0.03> result: 90.00 90.10 -89.93 0.00 90.03 0.00
[14:00:29.991] [ARM-RX] [16] <0.00 -0.29 -0.03> result: 90.00 90.12 -89.9
[14:00:30.015] [ARM-RX] 2 0.00 90.04 0.00
[14:00:30.016] [ARM-RX] [17] <0.00 -0.35 -0.04> result: 90.00 90.14 -89.90 0.00 90.05 0.00
[14:00:30.016] [ARM-RX] [18] <0.00 -0.41 -0.05> result: 90.00 90.17 -89.89 0.00 90.06 0.00
[14:00:30.016] [ARM-RX] [19] <0.00 -0.48 -0.06> result: 90.00 90.20 -89.87 0.00 90.07 0.00
[14:00:30.016] [ARM-RX] [20] <0.00 -0.56 -0.06> result: 9
[14:00:30.039] [ARM-RX] 0.00 90.23 -89.85 0.00 90.08 0.00
[14:00:30.040] [ARM-RX] [21] <0.00 -0.64 -0.07> result: 90.00 90.26 -89.82 0.00 90.09 0.00
[14:00:30.040] [ARM-RX] [22] <0.00 -0.73 -0.08> result: 90.00 90.30 -89.80 0.00 90.10 0.00
[14:00:30.040] [ARM-RX] [23] <0.00 -0.83 -0.10> result: 90.00 90.34 -89.77 0.00 90.11 0.00
[14:00:30.040] [ARM-RX] [24] <0.00 -0.94
[14:00:30.063] [ARM-RX] -0.11> result: 90.00 90.39 -89.74 0.00 90.13 0.00
[14:00:30.064] [ARM-RX] [25] <0.00 -1.06 -0.12> result: 90.00 90.43 -89.71 0.00 90.14 0.00
[14:00:30.064] [ARM-RX] [26] <0.00 -1.18 -0.14> result: 90.00 90.48 -89.67 0.00 90.16 0.00
[14:00:30.064] [ARM-RX] [27] <0.00 -1.32 -0.15> result: 90.00 90.54 -89.64 0.00 90.17 0.00
[14:00:30.064] [ARM-RX] [
[14:00:30.088] [ARM-RX] 28] <0.00 -1.46 -0.17> result: 90.00 90.60 -89.60 0.00 90.19 0.00
[14:00:30.088] [ARM-RX] [29] <0.00 -1.62 -0.19> result: 90.00 90.66 -89.55 0.00 90.21 0.00
[14:00:30.088] [ARM-RX] [30] <0.00 -1.78 -0.21> result: 90.00 90.72 -89.51 0.00 90.23 0.00
[14:00:30.088] [ARM-RX] [31] <0.00 -1.96 -0.23> result: 90.00 90.79 -89.46 0.
[14:00:30.112] [ARM-RX] 00 90.25 0.00
[14:00:30.113] [ARM-RX] [32] <0.00 -2.14 -0.25> result: 90.00 90.87 -89.41 0.00 90.27 0.00
[14:00:30.113] [ARM-RX] [33] <0.00 -2.34 -0.27> result: 90.00 90.94 -89.35 0.00 90.30 0.00
[14:00:30.113] [ARM-RX] [34] <0.00 -2.54 -0.29> result: 90.00 91.02 -89.30 0.00 90.32 0.00
[14:00:30.113] [ARM-RX] [35] <0.00 -2.76 -0.32> result: 90.00
[14:00:30.137] [ARM-RX] 91.11 -89.24 0.00 90.34 0.00
[14:00:30.138] [ARM-RX] [36] <0.00 -2.99 -0.34> result: 90.00 91.20 -89.17 0.00 90.37 0.00
[14:00:30.138] [ARM-RX] [37] <0.00 -3.23 -0.37> result: 90.00 91.29 -89.10 0.00 90.39 0.00
[14:00:30.138] [ARM-RX] [38] <0.00 -3.48 -0.40> result: 90.00 91.38 -89.04 0.00 90.42 0.00
[14:00:30.138] [ARM-RX] [39] <0.00 -3.74 -0.4
[14:00:30.162] [ARM-RX] 3> result: 90.00 91.48 -88.96 0.00 90.45 0.00
[14:00:30.162] [ARM-RX] [40] <0.00 -4.02 -0.46> result: 90.00 91.59 -88.89 0.00 90.47 0.00
[14:00:30.162] [ARM-RX] [41] <0.00 -4.30 -0.50> result: 90.00 91.69 -88.81 0.00 90.50 0.00
[14:00:30.162] [ARM-RX] [42] <0.00 -4.60 -0.53> result: 90.00 91.81 -88.72 0.00 90.53 0.00
[14:00:30.162] [ARM-RX] [43]
[14:00:30.186] [ARM-RX] <0.00 -4.91 -0.57> result: 90.00 91.92 -88.64 0.00 90.56 0.00
[14:00:30.187] [ARM-RX] [44] <0.00 -5.23 -0.60> result: 90.00 92.04 -88.55 0.00 90.58 0.00
[14:00:30.187] [ARM-RX] [45] <0.00 -5.56 -0.64> result: 90.00 92.16 -88.45 0.00 90.61 0.00
[14:00:30.187] [ARM-RX] [46] <0.00 -5.90 -0.68> result: 90.00 92.28 -88.36 0.00 9
[14:00:30.211] [ARM-RX] 0.64 0.00
[14:00:30.211] [ARM-RX] [47] <0.00 -6.26 -0.72> result: 90.00 92.41 -88.26 0.00 90.67 0.00
[14:00:30.211] [ARM-RX] [48] <0.00 -6.63 -0.76> result: 90.00 92.55 -88.15 0.00 90.70 0.00
[14:00:30.211] [ARM-RX] [49] <0.00 -7.01 -0.81> result: 90.00 92.68 -88.05 0.00 90.73 0.00
[14:00:30.212] [ARM-RX] [50] <0.00 -7.40 -0.85> result: 90.00 92.
[14:00:30.235] [ARM-RX] 82 -87.94 0.00 90.76 0.00
[14:00:30.235] [ARM-RX] [51] <0.00 -7.80 -0.90> result: 90.00 92.96 -87.82 0.00 90.78 0.00
[14:00:30.235] [ARM-RX] [52] <0.00 -8.22 -0.95> result: 90.00 93.10 -87.71 0.00 90.81 0.00
[14:00:30.235] [ARM-RX] [53] <0.00 -8.65 -1.00> result: 90.00 93.25 -87.58 0.00 90.84 0.00
[14:00:30.236] [ARM-RX] [54] <0.00 -9.08 -1.05> r
[14:00:30.259] [ARM-RX] esult: 90.00 93.40 -87.46 0.00 90.86 0.00
[14:00:30.259] [ARM-RX] [55] <0.00 -9.53 -1.10> result: 90.00 93.55 -87.33 0.00 90.89 0.00
[14:00:30.260] [ARM-RX] [56] <0.00 -10.00 -1.15> result: 90.00 93.71 -87.20 0.00 90.91 0.00
[14:00:30.260] [ARM-RX] [57] <0.00 -10.47 -1.21> result: 90.00 93.87 -87.07 0.00 90.94 0.00
[14:00:30.260] [ARM-RX] [58] <0
[14:00:30.285] [ARM-RX] .00 -10.95 -1.26> result: 90.00 94.03 -86.93 0.00 90.96 0.00
[14:00:30.285] [ARM-RX] [59] <0.00 -11.45 -1.32> result: 90.00 94.19 -86.79 0.00 90.98 0.00
[14:00:30.285] [ARM-RX] [60] <0.00 -11.96 -1.38> result: 90.00 94.35 -86.65 0.00 91.00 0.00
[14:00:30.285] [ARM-RX] [61] <0.00 -12.47 -1.44> result: 90.00 94.52 -86.50 0.00
[14:00:30.308] [ARM-RX] 91.02 0.00
[14:00:30.309] [ARM-RX] [62] <0.00 -13.00 -1.50> result: 90.00 94.69 -86.35 0.00 91.04 0.00
[14:00:30.309] [ARM-RX] [63] <0.00 -13.54 -1.56> result: 90.00 94.86 -86.19 0.00 91.05 0.00
[14:00:30.309] [ARM-RX] [64] <0.00 -14.09 -1.63> result: 90.00 95.03 -86.04 0.00 91.07 0.00
[14:00:30.309] [ARM-RX] [65] <0.00 -14.65 -1.69> result: 90.
[14:00:30.333] [ARM-RX] 00 95.20 -85.88 0.00 91.08 0.00
[14:00:30.333] [ARM-RX] [66] <0.00 -15.21 -1.76> result: 90.00 95.38 -85.72 0.00 91.09 0.00
[14:00:30.333] [ARM-RX] [67] <0.00 -15.79 -1.82> result: 90.00 95.55 -85.55 0.00 91.10 0.00
[14:00:30.333] [ARM-RX] [68] <0.00 -16.38 -1.89> result: 90.00 95.73 -85.38 0.00 91.11 0.00
[14:00:30.335] [ARM-RX] [69] <0.00 -16.9
[14:00:30.357] [ARM-RX] 7 -1.96> result: 90.00 95.91 -85.21 0.00 91.12 0.00
[14:00:30.358] [ARM-RX] [70] <0.00 -17.58 -2.03> result: 90.00 96.09 -85.04 0.00 91.13 0.00
[14:00:30.358] [ARM-RX] [71] <0.00 -18.19 -2.10> result: 90.00 96.27 -84.86 0.00 91.13 0.00
[14:00:30.358] [ARM-RX] [72] <0.00 -18.81 -2.17> result: 90.00 96.45 -84.68 0.00 91.13 0.
[14:00:30.385] [ARM-RX] 00
[14:00:30.385] [ARM-RX] [73] <0.00 -19.44 -2.24> result: 90.00 96.63 -84.50 0.00 91.13 0.00
[14:00:30.386] [ARM-RX] [74] <0.00 -20.08 -2.32> result: 90.00 96.81 -84.32 0.00 91.13 0.00
[14:00:30.386] [ARM-RX] [75] <0.00 -20.72 -2.39> result: 90.00 97.00 -84.13 0.00 91.13 0.00
[14:00:30.386] [ARM-RX] [76] <0.00 -21.37 -2.47> result: 90.00 97.18
[14:00:30.407] [ARM-RX] -83.94 0.00 91.12 0.00
[14:00:30.407] [ARM-RX] [77] <0.00 -22.03 -2.54> result: 90.00 97.36 -83.75 0.00 91.12 0.00
[14:00:30.407] [ARM-RX] [78] <0.00 -22.70 -2.62> result: 90.00 97.55 -83.56 0.00 91.11 0.00
[14:00:30.408] [ARM-RX] [79] <0.00 -23.37 -2.70> result: 90.00 97.73 -83.37 0.00 91.10 0.00
[14:00:30.408] [ARM-RX] [80] <0.00 -24.04 -2.77>
[14:00:30.431] [ARM-RX] result: 90.00 97.92 -83.17 0.00 91.08 0.00
[14:00:30.431] [ARM-RX] [81] <0.00 -24.72 -2.85> result: 90.00 98.10 -82.97 0.00 91.07 0.00
[14:00:30.431] [ARM-RX] [82] <0.00 -25.41 -2.93> result: 90.00 98.28 -82.77 0.00 91.05 0.00
[14:00:30.431] [ARM-RX] [83] <0.00 -26.10 -3.01> result: 90.00 98.47 -82.57 0.00 91.04 0.00
[14:00:30.432] [ARM-RX] [84]
[14:00:30.455] [ARM-RX] <0.00 -26.79 -3.09> result: 90.00 98.65 -82.37 0.00 91.02 0.00
[14:00:30.456] [ARM-RX] [85] <0.00 -27.49 -3.17> result: 90.00 98.83 -82.16 0.00 91.00 0.00
[14:00:30.456] [ARM-RX] [86] <0.00 -28.19 -3.25> result: 90.00 99.01 -81.96 0.00 90.97 0.00
[14:00:30.456] [ARM-RX] [87] <0.00 -28.90 -3.33> result: 90.00 99.20 -81.75 0.
[14:00:30.485] [ARM-RX] 00 90.95 0.00
[14:00:30.485] [ARM-RX] [88] <0.00 -29.61 -3.42> result: 90.00 99.38 -81.55 0.00 90.92 0.00
[14:00:30.486] [ARM-RX] [89] <0.00 -30.32 -3.50> result: 90.00 99.56 -81.34 0.00 90.90 0.00
[14:00:30.486] [ARM-RX] [90] <0.00 -31.03 -3.58> result: 90.00 99.74 -81.13 0.00 90.87 0.00
[14:00:30.486] [ARM-RX] [91] <0.00 -31.74 -3.66> result: 9
[14:00:30.505] [ARM-RX] 0.00 99.92 -80.92 0.00 90.84 0.00
[14:00:30.505] [ARM-RX] [92] <0.00 -32.46 -3.74> result: 90.00 100.09 -80.71 0.00 90.80 0.00
[14:00:30.505] [ARM-RX] [93] <0.00 -33.17 -3.83> result: 90.00 100.27 -80.50 0.00 90.77 0.00
[14:00:30.505] [ARM-RX] [94] <0.00 -33.89 -3.91> result: 90.00 100.44 -80.29 0.00 90.74 0.00
[14:00:30.506] [ARM-RX] [95] <0.00
[14:00:30.529] [ARM-RX] -34.60 -3.99> result: 90.00 100.62 -80.08 0.00 90.70 0.00
[14:00:30.529] [ARM-RX] [96] <0.00 -35.32 -4.07> result: 90.00 100.79 -79.87 0.00 90.66 0.00
[14:00:30.529] [ARM-RX] [97] <0.00 -36.03 -4.16> result: 90.00 100.96 -79.66 0.00 90.62 0.00
[14:00:30.530] [ARM-RX] [98] <0.00 -36.75 -4.24> result: 90.00 101.14 -79.45 0.00
[14:00:30.553] [ARM-RX] 90.58 0.00
[14:00:30.553] [ARM-RX] [99] <0.00 -37.46 -4.32> result: 90.00 101.31 -79.24 0.00 90.54 0.00
[14:00:30.554] [ARM-RX] [100] <0.00 -38.18 -4.41> result: 90.00 101.47 -79.02 0.00 90.50 0.00
[14:00:30.554] [ARM-RX] [101] <0.00 -38.89 -4.49> result: 90.00 101.64 -78.81 0.00 90.46 0.00
[14:00:30.554] [ARM-RX] [102] <0.00 -39.61 -4.57> resul
[14:00:30.578] [ARM-RX] t: 90.00 101.81 -78.60 0.00 90.41 0.00
[14:00:30.578] [ARM-RX] [103] <0.00 -40.32 -4.65> result: 90.00 101.98 -78.39 0.00 90.37 0.00
[14:00:30.579] [ARM-RX] [104] <0.00 -41.04 -4.74> result: 90.00 102.14 -78.18 0.00 90.32 0.00
[14:00:30.579] [ARM-RX] [105] <0.00 -41.75 -4.82> result: 90.00 102.31 -77.96 0.00 90.27 0.00
[14:00:30.579] [ARM-RX] [10
[14:00:30.602] [ARM-RX] 6] <0.00 -42.47 -4.90> result: 90.00 102.47 -77.75 0.00 90.22 0.00
[14:00:30.602] [ARM-RX] [107] <0.00 -43.18 -4.98> result: 90.00 102.63 -77.54 0.00 90.17 0.00
[14:00:30.602] [ARM-RX] [108] <0.00 -43.90 -5.07> result: 90.00 102.79 -77.33 0.00 90.12 0.00
[14:00:30.604] [ARM-RX] [109] <0.00 -44.61 -5.15> result: 90.00 102.95
[14:00:30.627] [ARM-RX] -77.11 0.00 90.07 0.00
[14:00:30.627] [ARM-RX] [110] <0.00 -45.33 -5.23> result: 90.00 103.12 -76.90 0.00 90.02 0.00
[14:00:30.627] [ARM-RX] [111] <0.00 -46.05 -5.31> result: 90.00 103.27 -76.69 0.00 89.96 0.00
[14:00:30.627] [ARM-RX] [112] <0.00 -46.76 -5.40> result: 90.00 103.43 -76.47 0.00 89.91 0.00
[14:00:30.627] [ARM-RX] [113] <0.00 -47.48
[14:00:30.652] [ARM-RX] -5.48> result: 90.00 103.59 -76.26 0.00 89.85 0.00
[14:00:30.652] [ARM-RX] [114] <0.00 -48.19 -5.56> result: 90.00 103.75 -76.05 0.00 89.80 0.00
[14:00:30.652] [ARM-RX] [115] <0.00 -48.91 -5.64> result: 90.00 103.91 -75.83 0.00 89.74 0.00
[14:00:30.652] [ARM-RX] [116] <0.00 -49.62 -5.73> result: 90.00 104.06 -75.62 0.00 89
[14:00:30.676] [ARM-RX] .68 0.00
[14:00:30.676] [ARM-RX] [117] <0.00 -50.34 -5.81> result: 90.00 104.22 -75.40 0.00 89.62 0.00
[14:00:30.677] [ARM-RX] [118] <0.00 -51.05 -5.89> result: 90.00 104.37 -75.19 0.00 89.56 0.00
[14:00:30.677] [ARM-RX] [119] <0.00 -51.77 -5.97> result: 90.00 104.53 -74.98 0.00 89.50 0.00
[14:00:30.677] [ARM-RX] [120] <0.00 -52.48 -6.06> result:
[14:00:30.700] [ARM-RX] 90.00 104.68 -74.76 0.00 89.44 0.00
[14:00:30.700] [ARM-RX] [121] <0.00 -53.20 -6.14> result: 90.00 104.83 -74.55 0.00 89.38 0.00
[14:00:30.701] [ARM-RX] [122] <0.00 -53.91 -6.22> result: 90.00 104.99 -74.33 0.00 89.32 0.00
[14:00:30.701] [ARM-RX] [123] <0.00 -54.63 -6.30> result: 90.00 105.14 -74.12 0.00 89.25 0.00
[14:00:30.701] [ARM-RX] [124]
[14:00:30.725] [ARM-RX] <0.00 -55.34 -6.39> result: 90.00 105.29 -73.90 0.00 89.19 0.00
[14:00:30.725] [ARM-RX] [125] <0.00 -56.06 -6.47> result: 90.00 105.44 -73.68 0.00 89.12 0.00
[14:00:30.726] [ARM-RX] [126] <0.00 -56.77 -6.55> result: 90.00 105.59 -73.47 0.00 89.06 0.00
[14:00:30.726] [ARM-RX] [127] <0.00 -57.49 -6.63> result: 90.00 105.74 -
[14:00:30.749] [ARM-RX] 73.25 0.00 88.99 0.00
[14:00:30.749] [ARM-RX] [128] <0.00 -58.20 -6.72> result: 90.00 105.89 -73.04 0.00 88.93 0.00
[14:00:30.750] [ARM-RX] [129] <0.00 -58.92 -6.80> result: 90.00 106.04 -72.82 0.00 88.86 0.00
[14:00:30.750] [ARM-RX] [130] <0.00 -59.64 -6.88> result: 90.00 106.19 -72.60 0.00 88.79 0.00
[14:00:30.750] [ARM-RX] [131] <0.00 -60.35 -
[14:00:30.774] [ARM-RX] 6.96> result: 90.00 106.33 -72.39 0.00 88.72 0.00
[14:00:30.774] [ARM-RX] [132] <0.00 -61.07 -7.05> result: 90.00 106.48 -72.17 0.00 88.65 0.00
[14:00:30.774] [ARM-RX] [133] <0.00 -61.78 -7.13> result: 90.00 106.63 -71.95 0.00 88.58 0.00
[14:00:30.774] [ARM-RX] [134] <0.00 -62.50 -7.21> result: 90.00 106.77 -71.74 0.00 88.5
[14:00:30.799] [ARM-RX] 1 0.00
[14:00:30.799] [ARM-RX] [135] <0.00 -63.21 -7.29> result: 90.00 106.92 -71.52 0.00 88.44 0.00
[14:00:30.799] [ARM-RX] [136] <0.00 -63.93 -7.38> result: 90.00 107.07 -71.30 0.00 88.37 0.00
[14:00:30.800] [ARM-RX] [137] <0.00 -64.64 -7.46> result: 90.00 107.21 -71.09 0.00 88.30 0.00
[14:00:30.800] [ARM-RX] [138] <0.00 -65.36 -7.54> result: 9
[14:00:30.823] [ARM-RX] 0.00 107.36 -70.87 0.00 88.22 0.00
[14:00:30.823] [ARM-RX] [139] <0.00 -66.07 -7.62> result: 90.00 107.50 -70.65 0.00 88.15 0.00
[14:00:30.824] [ARM-RX] [140] <0.00 -66.79 -7.71> result: 90.00 107.64 -70.43 0.00 88.08 0.00
[14:00:30.824] [ARM-RX] [141] <0.00 -67.50 -7.79> result: 90.00 107.79 -70.21 0.00 88.00 0.00
[14:00:30.824] [ARM-RX] [142] <
[14:00:30.848] [ARM-RX] 0.00 -68.22 -7.87> result: 90.00 107.93 -70.00 0.00 87.93 0.00
[14:00:30.848] [ARM-RX] [143] <0.00 -68.93 -7.95> result: 90.00 108.07 -69.78 0.00 87.85 0.00
[14:00:30.848] [ARM-RX] [144] <0.00 -69.65 -8.04> result: 90.00 108.22 -69.56 0.00 87.78 0.00
[14:00:30.848] [ARM-RX] [145] <0.00 -70.36 -8.12> result: 90.00 108.36 -69
[14:00:30.872] [ARM-RX] .34 0.00 87.70 0.00
[14:00:30.873] [ARM-RX] [146] <0.00 -71.08 -8.20> result: 90.00 108.50 -69.12 0.00 87.62 0.00
[14:00:30.873] [ARM-RX] [147] <0.00 -71.79 -8.28> result: 90.00 108.64 -68.90 0.00 87.54 0.00
[14:00:30.873] [ARM-RX] [148] <0.00 -72.51 -8.37> result: 90.00 108.78 -68.68 0.00 87.47 0.00
[14:00:30.873] [ARM-RX] [149] <0.00 -73.23 -8.
[14:00:30.897] [ARM-RX] 45> result: 90.00 108.93 -68.46 0.00 87.39 0.00
[14:00:30.897] [ARM-RX] [150] <0.00 -73.94 -8.53> result: 90.00 109.07 -68.24 0.00 87.31 0.00
[14:00:30.898] [ARM-RX] [151] <0.00 -74.66 -8.61> result: 90.00 109.21 -68.02 0.00 87.23 0.00
[14:00:30.898] [ARM-RX] [152] <0.00 -75.37 -8.70> result: 90.00 109.35 -67.80 0.00 87.15
[14:00:30.921] [ARM-RX] 0.00
[14:00:30.921] [ARM-RX] [153] <0.00 -76.09 -8.78> result: 90.00 109.49 -67.58 0.00 87.07 0.00
[14:00:30.921] [ARM-RX] [154] <0.00 -76.80 -8.86> result: 90.00 109.63 -67.36 0.00 86.99 0.00
[14:00:30.922] [ARM-RX] [155] <0.00 -77.52 -8.94> result: 90.00 109.76 -67.14 0.00 86.91 0.00
[14:00:30.922] [ARM-RX] [156] <0.00 -78.23 -9.03> result: 90.
[14:00:30.945] [ARM-RX] 00 109.90 -66.92 0.00 86.83 0.00
[14:00:30.945] [ARM-RX] [157] <0.00 -78.95 -9.11> result: 90.00 110.04 -66.70 0.00 86.74 0.00
[14:00:30.945] [ARM-RX] [158] <0.00 -79.66 -9.19> result: 90.00 110.18 -66.48 0.00 86.66 0.00
[14:00:30.945] [ARM-RX] [159] <0.00 -80.38 -9.27> result: 90.00 110.32 -66.26 0.00 86.58 0.00
[14:00:30.947] [ARM-RX] [160] <0.
[14:00:30.970] [ARM-RX] 00 -81.09 -9.36> result: 90.00 110.46 -66.04 0.00 86.50 0.00
[14:00:30.970] [ARM-RX] [161] <0.00 -81.81 -9.44> result: 90.00 110.60 -65.82 0.00 86.41 0.00
[14:00:30.971] [ARM-RX] [162] <0.00 -82.52 -9.52> result: 90.00 110.73 -65.59 0.00 86.33 0.00
[14:00:30.971] [ARM-RX] [163] <0.00 -83.24 -9.60> result: 90.00 110.87 -65.3
[14:00:30.994] [ARM-RX] 7 0.00 86.24 0.00
[14:00:30.994] [ARM-RX] [164] <0.00 -83.95 -9.69> result: 90.00 111.01 -65.15 0.00 86.16 0.00
[14:00:30.995] [ARM-RX] [165] <0.00 -84.67 -9.77> result: 90.00 111.14 -64.93 0.00 86.07 0.00
[14:00:30.995] [ARM-RX] [166] <0.00 -85.38 -9.85> result: 90.00 111.28 -64.71 0.00 85.99 0.00
[14:00:30.995] [ARM-RX] [167] <0.00 -86.10 -9.93
[14:00:31.020] [ARM-RX] > result: 90.00 111.42 -64.48 0.00 85.90 0.00
[14:00:31.020] [ARM-RX] [168] <0.00 -86.81 -10.02> result: 90.00 111.55 -64.26 0.00 85.81 0.00
[14:00:31.020] [ARM-RX] [169] <0.00 -87.53 -10.10> result: 90.00 111.69 -64.04 0.00 85.73 0.00
[14:00:31.020] [ARM-RX] [170] <0.00 -88.25 -10.18> result: 90.00 111.83 -63.81 0.00 85.64
[14:00:31.044] [ARM-RX] 0.00
[14:00:31.047] [ARM-RX] [171] <0.00 -88.96 -10.26> result: 90.00 111.96 -63.59 0.00 85.55 0.00
[14:00:31.048] [ARM-RX] [172] <0.00 -89.68 -10.35> result: 90.00 112.10 -63.37 0.00 85.46 0.00
[14:00:31.048] [ARM-RX] [173] <0.00 -90.39 -10.43> result: 90.00 112.23 -63.14 0.00 85.38 0.00
[14:00:31.048] [ARM-RX] [174] <0.00 -91.11 -10.51> result
[14:00:31.068] [ARM-RX] : 90.00 112.37 -62.92 0.00 85.29 0.00
[14:00:31.069] [ARM-RX] [175] <0.00 -91.82 -10.59> result: 90.00 112.50 -62.70 0.00 85.20 0.00
[14:00:31.069] [ARM-RX] [176] <0.00 -92.54 -10.68> result: 90.00 112.64 -62.47 0.00 85.11 0.00
[14:00:31.069] [ARM-RX] [177] <0.00 -93.25 -10.76> result: 90.00 112.77 -62.25 0.00 85.02 0.00
[14:00:31.069] [ARM-RX] [
[14:00:31.093] [ARM-RX] 178] <0.00 -93.97 -10.84> result: 90.00 112.91 -62.02 0.00 84.93 0.00
[14:00:31.093] [ARM-RX] [179] <0.00 -94.68 -10.92> result: 90.00 113.04 -61.80 0.00 84.84 0.00
[14:00:31.094] [ARM-RX] [180] <0.00 -95.40 -11.01> result: 90.00 113.18 -61.57 0.00 84.75 0.00
[14:00:31.094] [ARM-RX] [181] <0.00 -96.11 -11.09> result: 90.00
[14:00:31.117] [ARM-RX] 113.31 -61.35 0.00 84.66 0.00
[14:00:31.118] [ARM-RX] [182] <0.00 -96.83 -11.17> result: 90.00 113.44 -61.12 0.00 84.57 0.00
[14:00:31.118] [ARM-RX] [183] <0.00 -97.54 -11.26> result: 90.00 113.58 -60.90 0.00 84.48 0.00
[14:00:31.118] [ARM-RX] [184] <0.00 -98.26 -11.34> result: 90.00 113.71 -60.67 0.00 84.38 0.00
[14:00:31.118] [ARM-RX] [185] <0.
[14:00:31.142] [ARM-RX] 00 -98.97 -11.42> result: 90.00 113.85 -60.45 0.00 84.29 0.00
[14:00:31.142] [ARM-RX] [186] <0.00 -99.68 -11.50> result: 90.00 113.98 -60.22 0.00 84.20 0.00
[14:00:31.142] [ARM-RX] [187] <0.00 -100.39 -11.58> result: 90.00 114.11 -60.00 0.00 84.11 0.00
[14:00:31.142] [ARM-RX] [188] <0.00 -101.10 -11.67> result: 90.00 114.24
[14:00:31.166] [ARM-RX] -59.77 0.00 84.01 0.00
[14:00:31.166] [ARM-RX] [189] <0.00 -101.80 -11.75> result: 90.00 114.37 -59.55 0.00 83.92 0.00
[14:00:31.167] [ARM-RX] [190] <0.00 -102.51 -11.83> result: 90.00 114.50 -59.33 0.00 83.83 0.00
[14:00:31.167] [ARM-RX] [191] <0.00 -103.20 -11.91> result: 90.00 114.63 -59.10 0.00 83.74 0.00
[14:00:31.167] [ARM-RX] [192] <0.00
[14:00:31.191] [ARM-RX] -103.90 -11.99> result: 90.00 114.76 -58.88 0.00 83.65 0.00
[14:00:31.191] [ARM-RX] [193] <0.00 -104.59 -12.07> result: 90.00 114.89 -58.66 0.00 83.56 0.00
[14:00:31.191] [ARM-RX] [194] <0.00 -105.28 -12.15> result: 90.00 115.02 -58.44 0.00 83.46 0.00
[14:00:31.192] [ARM-RX] [195] <0.00 -105.96 -12.23> result: 90.00 115.15
[14:00:31.215] [ARM-RX] -58.23 0.00 83.37 0.00
[14:00:31.215] [ARM-RX] [196] <0.00 -106.63 -12.30> result: 90.00 115.27 -58.01 0.00 83.28 0.00
[14:00:31.215] [ARM-RX] [197] <0.00 -107.30 -12.38> result: 90.00 115.40 -57.80 0.00 83.19 0.00
[14:00:31.215] [ARM-RX] [198] <0.00 -107.97 -12.46> result: 90.00 115.52 -57.59 0.00 83.10 0.00
[14:00:31.216] [ARM-RX] [199] <0.00 -
[14:00:31.240] [ARM-RX] 108.62 -12.53> result: 90.00 115.64 -57.38 0.00 83.02 0.00
[14:00:31.240] [ARM-RX] [200] <0.00 -109.28 -12.61> result: 90.00 115.76 -57.17 0.00 82.93 0.00
[14:00:31.240] [ARM-RX] [201] <0.00 -109.92 -12.68> result: 90.00 115.88 -56.96 0.00 82.84 0.00
[14:00:31.240] [ARM-RX] [202] <0.00 -110.56 -12.76> result: 90.00 116.00 -
[14:00:31.264] [ARM-RX] 56.76 0.00 82.75 0.00
[14:00:31.265] [ARM-RX] [203] <0.00 -111.19 -12.83> result: 90.00 116.11 -56.55 0.00 82.67 0.00
[14:00:31.265] [ARM-RX] [204] <0.00 -111.81 -12.90> result: 90.00 116.23 -56.36 0.00 82.58 0.00
[14:00:31.265] [ARM-RX] [205] <0.00 -112.42 -12.97> result: 90.00 116.34 -56.16 0.00 82.50 0.00
[14:00:31.265] [ARM-RX] [206] <0.00 -1
[14:00:31.288] [ARM-RX] 13.02 -13.04> result: 90.00 116.45 -55.96 0.00 82.42 0.00
[14:00:31.288] [ARM-RX] [207] <0.00 -113.62 -13.11> result: 90.00 116.56 -55.77 0.00 82.33 0.00
[14:00:31.288] [ARM-RX] [208] <0.00 -114.21 -13.18> result: 90.00 116.67 -55.58 0.00 82.25 0.00
[14:00:31.290] [ARM-RX] [209] <0.00 -114.79 -13.24> result: 90.00 116.78 -5
[14:00:31.313] [ARM-RX] 5.40 0.00 82.17 0.00
[14:00:31.313] [ARM-RX] [210] <0.00 -115.35 -13.31> result: 90.00 116.88 -55.21 0.00 82.10 0.00
[14:00:31.314] [ARM-RX] [211] <0.00 -115.91 -13.37> result: 90.00 116.99 -55.03 0.00 82.02 0.00
[14:00:31.314] [ARM-RX] [212] <0.00 -116.46 -13.44> result: 90.00 117.09 -54.86 0.00 81.94 0.00
[14:00:31.314] [ARM-RX] [213] <0.00 -11
[14:00:31.338] [ARM-RX] 7.00 -13.50> result: 90.00 117.19 -54.68 0.00 81.87 0.00
[14:00:31.338] [ARM-RX] [214] <0.00 -117.53 -13.56> result: 90.00 117.28 -54.51 0.00 81.79 0.00
[14:00:31.338] [ARM-RX] [215] <0.00 -118.04 -13.62> result: 90.00 117.38 -54.34 0.00 81.72 0.00
[14:00:31.338] [ARM-RX] [216] <0.00 -118.55 -13.68> result: 90.00 117.47 -54
[14:00:31.363] [ARM-RX] .18 0.00 81.65 0.00
[14:00:31.363] [ARM-RX] [217] <0.00 -119.05 -13.74> result: 90.00 117.56 -54.02 0.00 81.58 0.00
[14:00:31.363] [ARM-RX] [218] <0.00 -119.53 -13.79> result: 90.00 117.65 -53.86 0.00 81.51 0.00
[14:00:31.363] [ARM-RX] [219] <0.00 -120.00 -13.85> result: 90.00 117.74 -53.71 0.00 81.45 0.00
[14:00:31.363] [ARM-RX] [220] <0.00 -120
[14:00:31.387] [ARM-RX] .47 -13.90> result: 90.00 117.82 -53.56 0.00 81.38 0.00
[14:00:31.387] [ARM-RX] [221] <0.00 -120.92 -13.95> result: 90.00 117.91 -53.41 0.00 81.32 0.00
[14:00:31.387] [ARM-RX] [222] <0.00 -121.35 -14.00> result: 90.00 117.99 -53.27 0.00 81.25 0.00
[14:00:31.387] [ARM-RX] [223] <0.00 -121.78 -14.05> result: 90.00 118.07 -53.
[14:00:31.411] [ARM-RX] 13 0.00 81.19 0.00
[14:00:31.412] [ARM-RX] [224] <0.00 -122.20 -14.10> result: 90.00 118.14 -52.99 0.00 81.13 0.00
[14:00:31.412] [ARM-RX] [225] <0.00 -122.60 -14.15> result: 90.00 118.22 -52.86 0.00 81.08 0.00
[14:00:31.412] [ARM-RX] [226] <0.00 -122.99 -14.19> result: 90.00 118.29 -52.73 0.00 81.02 0.00
[14:00:31.412] [ARM-RX] [227] <0.00 -123.
[14:00:31.436] [ARM-RX] 37 -14.24> result: 90.00 118.36 -52.61 0.00 80.97 0.00
[14:00:31.436] [ARM-RX] [228] <0.00 -123.74 -14.28> result: 90.00 118.43 -52.49 0.00 80.91 0.00
[14:00:31.436] [ARM-RX] [229] <0.00 -124.10 -14.32> result: 90.00 118.49 -52.37 0.00 80.86 0.00
[14:00:31.436] [ARM-RX] [230] <0.00 -124.44 -14.36> result: 90.00 118.55 -52.2
[14:00:31.460] [ARM-RX] 6 0.00 80.81 0.00
[14:00:31.460] [ARM-RX] [231] <0.00 -124.77 -14.40> result: 90.00 118.62 -52.15 0.00 80.77 0.00
[14:00:31.461] [ARM-RX] [232] <0.00 -125.09 -14.43> result: 90.00 118.67 -52.05 0.00 80.72 0.00
[14:00:31.461] [ARM-RX] [233] <0.00 -125.40 -14.47> result: 90.00 118.73 -51.94 0.00 80.68 0.00
[14:00:31.461] [ARM-RX] [234] <0.00 -125.7
[14:00:31.484] [ARM-RX] 0 -14.50> result: 90.00 118.79 -51.85 0.00 80.63 0.00
[14:00:31.485] [ARM-RX] [235] <0.00 -125.98 -14.54> result: 90.00 118.84 -51.75 0.00 80.59 0.00
[14:00:31.485] [ARM-RX] [236] <0.00 -126.26 -14.57> result: 90.00 118.89 -51.66 0.00 80.55 0.00
[14:00:31.485] [ARM-RX] [237] <0.00 -126.52 -14.60> result: 90.00 118.94 -51.58
[14:00:31.510] [ARM-RX] 0.00 80.52 0.00
[14:00:31.510] [ARM-RX] [238] <0.00 -126.77 -14.63> result: 90.00 118.98 -51.50 0.00 80.48 0.00
[14:00:31.510] [ARM-RX] [239] <0.00 -127.01 -14.66> result: 90.00 119.03 -51.42 0.00 80.44 0.00
[14:00:31.510] [ARM-RX] [240] <0.00 -127.24 -14.68> result: 90.00 119.07 -51.34 0.00 80.41 0.00
[14:00:31.511] [ARM-RX] [241] <0.00 -127.46
[14:00:31.534] [ARM-RX] -14.71> result: 90.00 119.11 -51.27 0.00 80.38 0.00
[14:00:31.534] [ARM-RX] [242] <0.00 -127.66 -14.73> result: 90.00 119.15 -51.20 0.00 80.35 0.00
[14:00:31.534] [ARM-RX] [243] <0.00 -127.86 -14.75> result: 90.00 119.18 -51.14 0.00 80.32 0.00
[14:00:31.535] [ARM-RX] [244] <0.00 -128.04 -14.77> result: 90.00 119.22 -51.08
[14:00:31.558] [ARM-RX] 0.00 80.30 0.00
[14:00:31.559] [ARM-RX] [245] <0.00 -128.22 -14.79> result: 90.00 119.25 -51.02 0.00 80.27 0.00
[14:00:31.559] [ARM-RX] [246] <0.00 -128.38 -14.81> result: 90.00 119.28 -50.97 0.00 80.25 0.00
[14:00:31.559] [ARM-RX] [247] <0.00 -128.53 -14.83> result: 90.00 119.31 -50.92 0.00 80.22 0.00
[14:00:31.559] [ARM-RX] [248] <0.00 -128.68
[14:00:31.583] [ARM-RX] -14.85> result: 90.00 119.33 -50.87 0.00 80.20 0.00
[14:00:31.583] [ARM-RX] [249] <0.00 -128.82 -14.86> result: 90.00 119.36 -50.82 0.00 80.18 0.00
[14:00:31.583] [ARM-RX] [250] <0.00 -128.94 -14.88> result: 90.00 119.38 -50.78 0.00 80.16 0.00
[14:00:31.583] [ARM-RX] [251] <0.00 -129.06 -14.89> result: 90.00 119.40 -50.74 0
[14:00:31.607] [ARM-RX] .00 80.15 0.00
[14:00:31.607] [ARM-RX] [252] <0.00 -129.17 -14.90> result: 90.00 119.42 -50.71 0.00 80.13 0.00
[14:00:31.607] [ARM-RX] [253] <0.00 -129.27 -14.92> result: 90.00 119.44 -50.68 0.00 80.12 0.00
[14:00:31.608] [ARM-RX] [254] <0.00 -129.36 -14.93> result: 90.00 119.46 -50.65 0.00 80.10 0.00
[14:00:31.608] [ARM-RX] [255] <0.00 -129.44 -
[14:00:31.632] [ARM-RX] 14.94> result: 90.00 119.47 -50.62 0.00 80.09 0.00
[14:00:31.632] [ARM-RX] [256] <0.00 -129.52 -14.94> result: 90.00 119.49 -50.59 0.00 80.08 0.00
[14:00:31.633] [ARM-RX] [257] <0.00 -129.59 -14.95> result: 90.00 119.50 -50.57 0.00 80.07 0.00
[14:00:31.633] [ARM-RX] [258] <0.00 -129.65 -14.96> result: 90.00 119.51 -50.55 0.
[14:00:31.657] [ARM-RX] 00 80.06 0.00
[14:00:31.657] [ARM-RX] [259] <0.00 -129.71 -14.97> result: 90.00 119.52 -50.53 0.00 80.05 0.00
[14:00:31.657] [ARM-RX] [260] <0.00 -129.76 -14.97> result: 90.00 119.53 -50.51 0.00 80.05 0.00
[14:00:31.657] [ARM-RX] [261] <0.00 -129.80 -14.98> result: 90.00 119.54 -50.50 0.00 80.04 0.00
[14:00:31.658] [ARM-RX] [262] <0.00 -129.84 -1
[14:00:31.682] [ARM-RX] 4.98> result: 90.00 119.55 -50.49 0.00 80.03 0.00
[14:00:31.682] [ARM-RX] [263] <0.00 -129.87 -14.99> result: 90.00 119.55 -50.48 0.00 80.03 0.00
[14:00:31.682] [ARM-RX] [264] <0.00 -129.90 -14.99> result: 90.00 119.56 -50.47 0.00 80.02 0.00
[14:00:31.682] [ARM-RX] [265] <0.00 -129.92 -14.99> result: 90.00 119.56 -50.46 0.0
[14:00:31.706] [ARM-RX] 0 80.02 0.00
[14:00:31.706] [ARM-RX] [266] <0.00 -129.94 -14.99> result: 90.00 119.57 -50.45 0.00 80.02 0.00
[14:00:31.706] [ARM-RX] [267] <0.00 -129.96 -15.00> result: 90.00 119.57 -50.45 0.00 80.02 0.00
[14:00:31.706] [ARM-RX] [268] <0.00 -129.97 -15.00> result: 90.00 119.57 -50.44 0.00 80.01 0.00
[14:00:31.707] [ARM-RX] [269] <0.00 -129.98 -15
[14:00:31.730] [ARM-RX] .00> result: 90.00 119.57 -50.44 0.00 80.01 0.00
[14:00:31.730] [ARM-RX] [270] <0.00 -129.99 -15.00> result: 90.00 119.57 -50.44 0.00 80.01 0.00
[14:00:31.730] [ARM-RX] [271] <0.00 -129.99 -15.00> result: 90.00 119.58 -50.44 0.00 80.01 0.00
[14:00:31.730] [ARM-RX] [272] <0.00 -130.00 -15.00> result: 90.00 119.58 -50.43 0.00
[14:00:31.754] [ARM-RX] 80.01 0.00
[14:00:31.755] [ARM-RX] [273] <0.00 -130.00 -15.00> result: 90.00 119.58 -50.43 0.00 80.01 0.00
[14:00:31.755] [ARM-RX] [274] <0.00 -130.00 -15.00> result: 90.00 119.58 -50.43 0.00 80.01 0.00
[14:00:31.755] [ARM-RX] [275] <0.00 -130.00 -15.00> result: 90.00 119.58 -50.43 0.00 80.01 0.00
[14:00:31.755] [ARM-RX] [276] <0.00 -130.00 -15.
[14:00:31.819] [ARM-RX] 00> result: 90.00 119.58 -50.43 0.00 80.01 0.00
[14:00:34.753] [ARM-RX] [joint 1] ave_error:0.13
[14:00:34.753] [ARM-RX] [joint 2] ave_error:1.85
[14:00:34.753] [ARM-RX] [joint 3] ave_error:2.07
[14:00:34.753] [ARM-RX] [joint 4] ave_error:0.01
[14:00:34.755] [ARM-RX] [joint 5] ave_error:0.69
[14:00:34.755] [ARM-RX] robot pid run finished!!
[14:00:34.755] [ARM-RX] [joint_id: 0] ROBOT_JOINT_ABS_ROTATE 115.000000
[14:00:36.051] [ARM-RX] [joint_id: 3] ROBOT_JOINT_ABS_ROTATE 35.000000
[14:00:37.020] [ARM-RX] [JETSON_RX] crc failed type=0x01 rx=0x04BC calc=0x03B9
[14:00:37.675] [ARM-RX] [joint_id: 4] ROBOT_JOINT_ABS_ROTATE 80.000000
[14:00:37.770] [ARM-RX] [WORKFLOW] CAPTURE_HOME -> SELECTED_VIEW
[14:01:31.436] [ARM-RX] [JETSON_RX] target_ctrl=1
[14:01:31.436] [ARM-RX] [TARGET] HOLD -> WAIT_DETECT
[14:01:31.436] [ARM-RX] [WORKFLOW] SELECTED_VIEW -> TARGET_ACTIVE
[14:01:31.436] [ARM-RX] [JETSON_RX] vision seq=13 valid=0 dcx=0 dcy=0
[14:01:31.625] [ARM-RX] [JETSON_RX] vision seq=15 valid=1 dcx=90 dcy=49
[14:01:31.625] [ARM-RX] [TARGET] vision state=WAIT_DETECT dcx=90 dcy=49 stable=0
[14:01:31.625] [ARM-RX] ROBOT_VISUAL_SERVO_EVENT
[14:01:31.625] [ARM-RX] robot visual servo start
[14:01:31.626] [ARM-RX] [TARGET] WAIT_DETECT -> ALIGN
[14:01:31.765] [ARM-RX] [JETSON_RX] vision seq=17 valid=1 dcx=90 dcy=49
[14:01:31.765] [ARM-RX] [TARGET] vision state=ALIGN dcx=90 dcy=49 stable=0
[14:01:31.765] [ARM-RX] [TARGET] visual servo vx=8.00 vz=8.00 dcx=90 dcy=49
[14:01:31.937] [ARM-RX] [JETSON_RX] vision seq=19 valid=1 dcx=90 dcy=49
[14:01:31.937] [ARM-RX] [TARGET] vision state=ALIGN dcx=90 dcy=49 stable=0
[14:01:31.937] [ARM-RX] [TARGET] visual servo vx=8.00 vz=8.00 dcx=90 dcy=49
[14:01:32.094] [ARM-RX] [JETSON_RX] crc failed type=0xA5 rx=0x0416 calc=0x4FDB
[14:01:32.266] [ARM-RX] [JETSON_RX] vision seq=23 valid=0 dcx=0 dcy=0
[14:01:32.266] [ARM-RX] [TARGET] ALIGN -> WAIT_DETECT
[14:01:32.267] [ARM-RX] robot visual servo stopped
[14:01:32.423] [ARM-RX] [JETSON_RX] vision seq=25 valid=0 dcx=0 dcy=0
[14:01:32.597] [ARM-RX] [JETSON_RX] vision seq=27 valid=0 dcx=0 dcy=0
[14:01:32.750] [ARM-RX] [JETSON_RX] vision seq=29 valid=0 dcx=0 dcy=0
[14:01:32.920] [ARM-RX] [JETSON_RX] vision seq=31 valid=0 dcx=0 dcy=0
[14:01:33.076] [ARM-RX] [JETSON_RX] vision seq=33 valid=0 dcx=0 dcy=0
[14:01:33.233] [ARM-RX] [JETSON_RX] vision seq=35 valid=0 dcx=0 dcy=0
[14:01:33.405] [ARM-RX] [JETSON_RX] vision seq=37 valid=0 dcx=0 dcy=0
[14:01:33.578] [ARM-RX] [JETSON_RX] vision seq=39 valid=0 dcx=0 dcy=0
[14:01:33.733] [ARM-RX] [JETSON_RX] vision seq=41 valid=0 dcx=0 dcy=0
[14:01:33.905] [ARM-RX] [JETSON_RX] vision seq=43 valid=0 dcx=0 dcy=0
[14:01:34.063] [ARM-RX] [JETSON_RX] vision seq=45 valid=0 dcx=0 dcy=0
[14:01:34.234] [ARM-RX] [JETSON_RX] vision seq=47 valid=1 dcx=94 dcy=72
[14:01:34.234] [ARM-RX] [TARGET] vision state=WAIT_DETECT dcx=94 dcy=72 stable=0
[14:01:34.234] [ARM-RX] ROBOT_VISUAL_SERVO_EVENT
[14:01:34.234] [ARM-RX] robot visual servo start
[14:01:34.235] [ARM-RX] [TARGET] WAIT_DETECT -> ALIGN
[14:01:34.389] [ARM-RX] [JETSON_RX] vision seq=49 valid=1 dcx=94 dcy=72
[14:01:34.389] [ARM-RX] [TARGET] vision state=ALIGN dcx=94 dcy=72 stable=0
[14:01:34.389] [ARM-RX] [TARGET] visual servo vx=8.00 vz=8.00 dcx=94 dcy=72
[14:01:34.561] [ARM-RX] [JETSON_RX] vision seq=51 valid=1 dcx=93 dcy=72
[14:01:34.561] [ARM-RX] [TARGET] vision state=ALIGN dcx=93 dcy=72 stable=0
[14:01:34.561] [ARM-RX] [TARGET] visual servo vx=8.00 vz=8.00 dcx=93 dcy=72
[14:01:34.717] [ARM-RX] [JETSON_RX] vision seq=53 valid=1 dcx=92 dcy=72
[14:01:34.717] [ARM-RX] [TARGET] vision state=ALIGN dcx=92 dcy=72 stable=0
[14:01:34.717] [ARM-RX] [TARGET] visual servo vx=8.00 vz=8.00 dcx=92 dcy=72
[14:01:34.888] [ARM-RX] [JETSON_RX] vision seq=55 valid=0 dcx=0 dcy=0
[14:01:34.888] [ARM-RX] [TARGET] ALIGN -> WAIT_DETECT
[14:01:34.888] [ARM-RX] robot visual servo stopped
[14:01:35.045] [ARM-RX] [JETSON_RX] vision seq=57 valid=0 dcx=0 dcy=0
[14:01:35.202] [ARM-RX] [JETSON_RX] vision seq=59 valid=0 dcx=0 dcy=0
[14:01:35.374] [ARM-RX] [JETSON_RX] vision seq=61 valid=0 dcx=0 dcy=0
[14:01:35.530] [ARM-RX] [JETSON_RX] vision seq=63 valid=0 dcx=0 dcy=0
[14:01:35.700] [ARM-RX] [JETSON_RX] vision seq=65 valid=0 dcx=0 dcy=0
[14:01:35.872] [ARM-RX] [JETSON_RX] vision seq=67 valid=0 dcx=0 dcy=0
[14:01:36.029] [ARM-RX] [JETSON_RX] vision seq=69 valid=0 dcx=0 dcy=0
[14:01:36.184] [ARM-RX] [JETSON_RX] vision seq=71 valid=0 dcx=0 dcy=0
[14:01:36.338] [ARM-RX] [JETSON_RX] vision seq=73 valid=0 dcx=0 dcy=0
[14:01:36.510] [ARM-RX] [JETSON_RX] vision seq=75 valid=0 dcx=0 dcy=0
[14:01:36.666] [ARM-RX] [JETSON_RX] vision seq=77 valid=0 dcx=0 dcy=0
[14:01:36.837] [ARM-RX] [JETSON_RX] vision seq=79 valid=0 dcx=0 dcy=0
[14:01:36.995] [ARM-RX] [JETSON_RX] vision seq=81 valid=0 dcx=0 dcy=0
[14:01:37.151] [ARM-RX] [JETSON_RX] vision seq=83 valid=0 dcx=0 dcy=0
[14:01:37.325] [ARM-RX] [JETSON_RX] vision seq=85 valid=0 dcx=0 dcy=0
[14:01:37.481] [ARM-RX] [JETSON_RX] vision seq=87 valid=0 dcx=0 dcy=0
[14:01:37.636] [ARM-RX] [JETSON_RX] vision seq=89 valid=0 dcx=0 dcy=0
[14:01:37.806] [ARM-RX] [JETSON_RX] vision seq=91 valid=0 dcx=0 dcy=0
[14:01:37.977] [ARM-RX] [JETSON_RX] vision seq=93 valid=0 dcx=0 dcy=0
[14:01:38.135] [ARM-RX] [JETSON_RX] vision seq=95 valid=0 dcx=0 dcy=0
[14:01:38.291] [ARM-RX] [JETSON_RX] vision seq=97 valid=0 dcx=0 dcy=0
[14:01:38.464] [ARM-RX] [JETSON_RX] vision seq=99 valid=0 dcx=0 dcy=0
[14:01:38.622] [ARM-RX] [JETSON_RX] vision seq=101 valid=0 dcx=0 dcy=0
[14:01:38.794] [ARM-RX] [JETSON_RX] crc failed type=0x03 rx=0xA551 calc=0xE651
[14:01:38.951] [ARM-RX] [JETSON_RX] vision seq=105 valid=0 dcx=0 dcy=0
[14:01:39.108] [ARM-RX] [JETSON_RX] vision seq=107 valid=0 dcx=0 dcy=0
[14:01:39.266] [ARM-RX] [JETSON_RX] vision seq=109 valid=0 dcx=0 dcy=0
[14:01:39.437] [ARM-RX] [JETSON_RX] vision seq=111 valid=0 dcx=0 dcy=0
[14:01:39.609] [ARM-RX] [JETSON_RX] vision seq=113 valid=0 dcx=0 dcy=0
[14:01:39.765] [ARM-RX] [JETSON_RX] vision seq=115 valid=0 dcx=0 dcy=0
[14:01:39.922] [ARM-RX] [JETSON_RX] vision seq=117 valid=0 dcx=0 dcy=0
[14:01:40.093] [ARM-RX] [JETSON_RX] vision seq=119 valid=0 dcx=0 dcy=0
[14:01:40.250] [ARM-RX] [JETSON_RX] vision seq=121 valid=0 dcx=0 dcy=0
[14:01:40.407] [ARM-RX] [JETSON_RX] vision seq=123 valid=0 dcx=0 dcy=0
[14:01:40.580] [ARM-RX] [JETSON_RX] vision seq=125 valid=0 dcx=0 dcy=0
[14:01:40.752] [ARM-RX] [JETSON_RX] vision seq=127 valid=0 dcx=0 dcy=0
[14:01:40.894] [ARM-RX] [JETSON_RX] vision seq=129 valid=0 dcx=0 dcy=0
[14:01:41.065] [ARM-RX] [JETSON_RX] vision seq=131 valid=0 dcx=0 dcy=0
[14:01:41.237] [ARM-RX] [JETSON_RX] vision seq=133 valid=0 dcx=0 dcy=0
[14:01:41.406] [ARM-RX] [JETSON_RX] vision seq=135 valid=0 dcx=0 dcy=0
[14:01:41.562] [ARM-RX] [JETSON_RX] vision seq=137 valid=0 dcx=0 dcy=0
[14:01:41.718] [ARM-RX] [JETSON_RX] vision seq=139 valid=0 dcx=0 dcy=0
[14:01:41.890] [ARM-RX] [JETSON_RX] vision seq=141 valid=0 dcx=0 dcy=0
[14:01:42.045] [ARM-RX] [JETSON_RX] vision seq=143 valid=0 dcx=0 dcy=0
[14:01:42.216] [ARM-RX] [JETSON_RX] vision seq=145 valid=0 dcx=0 dcy=0
[14:01:42.373] [ARM-RX] [JETSON_RX] vision seq=147 valid=0 dcx=0 dcy=0
[14:01:42.545] [ARM-RX] [JETSON_RX] vision seq=149 valid=0 dcx=0 dcy=0
[14:01:42.702] [ARM-RX] [JETSON_RX] vision seq=151 valid=0 dcx=0 dcy=0
[14:01:42.857] [ARM-RX] [JETSON_RX] vision seq=153 valid=0 dcx=0 dcy=0
[14:01:43.030] [ARM-RX] [JETSON_RX] vision seq=155 valid=0 dcx=0 dcy=0
[14:01:43.201] [ARM-RX] [JETSON_RX] vision seq=157 valid=0 dcx=0 dcy=0
[14:01:43.359] [ARM-RX] [JETSON_RX] vision seq=159 valid=0 dcx=0 dcy=0
[14:01:43.514] [ARM-RX] [JETSON_RX] vision seq=161 valid=0 dcx=0 dcy=0
[14:01:43.687] [ARM-RX] [JETSON_RX] vision seq=163 valid=0 dcx=0 dcy=0
[14:01:43.857] [ARM-RX] [JETSON_RX] vision seq=165 valid=0 dcx=0 dcy=0
[14:01:44.013] [ARM-RX] [JETSON_RX] vision seq=167 valid=0 dcx=0 dcy=0
[14:01:44.186] [ARM-RX] [JETSON_RX] vision seq=169 valid=0 dcx=0 dcy=0
[14:01:44.342] [ARM-RX] [JETSON_RX] vision seq=171 valid=0 dcx=0 dcy=0
[14:01:44.498] [ARM-RX] [JETSON_RX] vision seq=173 valid=0 dcx=0 dcy=0
[14:01:44.670] [ARM-RX] [JETSON_RX] vision seq=175 valid=0 dcx=0 dcy=0
[14:01:44.826] [ARM-RX] [JETSON_RX] vision seq=177 valid=0 dcx=0 dcy=0
[14:01:44.983] [ARM-RX] [JETSON_RX] vision seq=179 valid=0 dcx=0 dcy=0
[14:01:45.155] [ARM-RX] [JETSON_RX] vision seq=181 valid=0 dcx=0 dcy=0
[14:01:45.328] [ARM-RX] [JETSON_RX] vision seq=183 valid=0 dcx=0 dcy=0
[14:01:45.484] [ARM-RX] [JETSON_RX] crc failed type=0x03 rx=0xA56F calc=0xEB6F
[14:01:45.641] [ARM-RX] [JETSON_RX] vision seq=187 valid=0 dcx=0 dcy=0
[14:01:45.814] [ARM-RX] [JETSON_RX] vision seq=189 valid=0 dcx=0 dcy=0
[14:01:45.972] [ARM-RX] [JETSON_RX] vision seq=191 valid=0 dcx=0 dcy=0
[14:01:46.145] [ARM-RX] [JETSON_RX] vision seq=193 valid=0 dcx=0 dcy=0
[14:01:46.299] [ARM-RX] [JETSON_RX] vision seq=195 valid=0 dcx=0 dcy=0
[14:01:46.455] [ARM-RX] [JETSON_RX] vision seq=197 valid=0 dcx=0 dcy=0
[14:01:46.626] [ARM-RX] [JETSON_RX] vision seq=199 valid=0 dcx=0 dcy=0
[14:01:46.799] [ARM-RX] [JETSON_RX] vision seq=201 valid=0 dcx=0 dcy=0
[14:01:46.955] [ARM-RX] [JETSON_RX] vision seq=203 valid=0 dcx=0 dcy=0
[14:01:47.127] [ARM-RX] [JETSON_RX] vision seq=205 valid=0 dcx=0 dcy=0
[14:01:47.284] [ARM-RX] [JETSON_RX] vision seq=207 valid=0 dcx=0 dcy=0
[14:01:47.441] [ARM-RX] [JETSON_RX] vision seq=209 valid=0 dcx=0 dcy=0
[14:01:47.613] [ARM-RX] [JETSON_RX] vision seq=211 valid=0 dcx=0 dcy=0
[14:01:47.784] [ARM-RX] [JETSON_RX] vision seq=213 valid=0 dcx=0 dcy=0
[14:01:47.938] [ARM-RX] [JETSON_RX] vision seq=215 valid=0 dcx=0 dcy=0
[14:01:48.096] [ARM-RX] [JETSON_RX] vision seq=217 valid=0 dcx=0 dcy=0
[14:01:48.266] [ARM-RX] [JETSON_RX] vision seq=219 valid=0 dcx=0 dcy=0
[14:01:48.439] [ARM-RX] [JETSON_RX] vision seq=221 valid=0 dcx=0 dcy=0
[14:01:48.595] [ARM-RX] [JETSON_RX] vision seq=223 valid=0 dcx=0 dcy=0
[14:01:48.752] [ARM-RX] [JETSON_RX] vision seq=225 valid=0 dcx=0 dcy=0
[14:01:48.922] [ARM-RX] [JETSON_RX] vision seq=227 valid=0 dcx=0 dcy=0
[14:01:49.094] [ARM-RX] [JETSON_RX] vision seq=229 valid=0 dcx=0 dcy=0
[14:01:49.252] [ARM-RX] [JETSON_RX] vision seq=231 valid=0 dcx=0 dcy=0
[14:01:49.406] [ARM-RX] [JETSON_RX] vision seq=233 valid=0 dcx=0 dcy=0
[14:01:49.576] [ARM-RX] [JETSON_RX] vision seq=235 valid=0 dcx=0 dcy=0
[14:01:49.748] [ARM-RX] [JETSON_RX] vision seq=237 valid=0 dcx=0 dcy=0
[14:01:49.904] [ARM-RX] [JETSON_RX] vision seq=239 valid=0 dcx=0 dcy=0
[14:01:50.061] [ARM-RX] [JETSON_RX] vision seq=241 valid=0 dcx=0 dcy=0
[14:01:50.231] [ARM-RX] [JETSON_RX] vision seq=243 valid=0 dcx=0 dcy=0
[14:01:50.402] [ARM-RX] [JETSON_RX] vision seq=245 valid=0 dcx=0 dcy=0
[14:01:50.559] [ARM-RX] [JETSON_RX] vision seq=247 valid=0 dcx=0 dcy=0
[14:01:50.715] [ARM-RX] [JETSON_RX] vision seq=249 valid=0 dcx=0 dcy=0
[14:01:50.886] [ARM-RX] [JETSON_RX] vision seq=251 valid=0 dcx=0 dcy=0
[14:01:51.042] [ARM-RX] [JETSON_RX] vision seq=253 valid=0 dcx=0 dcy=0
[14:01:51.214] [ARM-RX] [JETSON_RX] vision seq=255 valid=0 dcx=0 dcy=0
[14:01:51.371] [ARM-RX] [JETSON_RX] vision seq=2 valid=0 dcx=0 dcy=0
[14:01:51.528] [ARM-RX] [JETSON_RX] vision seq=4 valid=0 dcx=0 dcy=0
[14:01:51.699] [ARM-RX] [JETSON_RX] vision seq=6 valid=0 dcx=0 dcy=0
[14:01:51.856] [ARM-RX] [JETSON_RX] vision seq=8 valid=0 dcx=0 dcy=0
[14:01:52.012] [ARM-RX] [JETSON_RX] vision seq=10 valid=0 dcx=0 dcy=0
[14:01:52.185] [ARM-RX] [JETSON_RX] crc failed type=0x03 rx=0xA58B calc=0x208B
[14:01:52.342] [ARM-RX] [JETSON_RX] vision seq=14 valid=0 dcx=0 dcy=0
[14:01:52.514] [ARM-RX] [JETSON_RX] vision seq=16 valid=0 dcx=0 dcy=0
[14:01:52.670] [ARM-RX] [JETSON_RX] vision seq=18 valid=0 dcx=0 dcy=0
[14:01:52.841] [ARM-RX] [JETSON_RX] vision seq=20 valid=0 dcx=0 dcy=0
[14:01:52.996] [ARM-RX] [JETSON_RX] vision seq=22 valid=0 dcx=0 dcy=0
[14:01:53.152] [ARM-RX] [JETSON_RX] vision seq=24 valid=0 dcx=0 dcy=0
[14:01:53.325] [ARM-RX] [JETSON_RX] vision seq=26 valid=0 dcx=0 dcy=0
[14:01:53.496] [ARM-RX] [JETSON_RX] vision seq=28 valid=0 dcx=0 dcy=0
[14:01:53.651] [ARM-RX] [JETSON_RX] vision seq=30 valid=0 dcx=0 dcy=0
[14:01:53.807] [ARM-RX] [JETSON_RX] vision seq=32 valid=0 dcx=0 dcy=0
[14:01:53.980] [ARM-RX] [JETSON_RX] vision seq=34 valid=0 dcx=0 dcy=0
[14:01:54.136] [ARM-RX] [JETSON_RX] vision seq=36 valid=0 dcx=0 dcy=0
[14:01:54.292] [ARM-RX] [JETSON_RX] vision seq=38 valid=0 dcx=0 dcy=0
[14:01:54.464] [ARM-RX] [JETSON_RX] vision seq=40 valid=0 dcx=0 dcy=0
[14:01:54.635] [ARM-RX] [JETSON_RX] vision seq=42 valid=0 dcx=0 dcy=0
[14:01:54.790] [ARM-RX] [JETSON_RX] vision seq=44 valid=0 dcx=0 dcy=0
[14:01:54.963] [ARM-RX] [JETSON_RX] vision seq=46 valid=0 dcx=0 dcy=0
[14:01:55.135] [ARM-RX] [JETSON_RX] vision seq=48 valid=0 dcx=0 dcy=0
[14:01:55.289] [ARM-RX] [JETSON_RX] vision seq=50 valid=0 dcx=0 dcy=0
[14:01:55.444] [ARM-RX] [JETSON_RX] vision seq=52 valid=0 dcx=0 dcy=0
[14:01:55.601] [ARM-RX] [JETSON_RX] vision seq=54 valid=0 dcx=0 dcy=0
[14:01:55.773] [ARM-RX] [JETSON_RX] vision seq=56 valid=0 dcx=0 dcy=0
[14:01:55.946] [ARM-RX] [JETSON_RX] vision seq=58 valid=0 dcx=0 dcy=0
[14:01:56.101] [ARM-RX] [JETSON_RX] vision seq=60 valid=0 dcx=0 dcy=0
[14:01:56.256] [ARM-RX] [JETSON_RX] vision seq=62 valid=0 dcx=0 dcy=0
[14:01:56.427] [ARM-RX] [JETSON_RX] vision seq=64 valid=0 dcx=0 dcy=0
[14:01:56.598] [ARM-RX] [JETSON_RX] vision seq=66 valid=0 dcx=0 dcy=0
[14:01:56.755] [ARM-RX] [JETSON_RX] vision seq=68 valid=0 dcx=0 dcy=0
[14:01:56.911] [ARM-RX] [JETSON_RX] vision seq=70 valid=0 dcx=0 dcy=0
[14:01:57.066] [ARM-RX] [JETSON_RX] vision seq=72 valid=0 dcx=0 dcy=0
[14:01:57.238] [ARM-RX] [JETSON_RX] vision seq=74 valid=0 dcx=0 dcy=0
[14:01:57.409] [ARM-RX] [JETSON_RX] vision seq=76 valid=0 dcx=0 dcy=0
[14:01:57.551] [ARM-RX] [JETSON_RX] vision seq=78 valid=0 dcx=0 dcy=0
[14:01:57.724] [ARM-RX] [JETSON_RX] vision seq=80 valid=0 dcx=0 dcy=0
[14:01:57.895] [ARM-RX] [JETSON_RX] vision seq=82 valid=0 dcx=0 dcy=0
[14:01:58.051] [ARM-RX] [JETSON_RX] vision seq=84 valid=0 dcx=0 dcy=0
[14:01:58.224] [ARM-RX] [JETSON_RX] vision seq=86 valid=0 dcx=0 dcy=0
[14:01:58.395] [ARM-RX] [JETSON_RX] vision seq=88 valid=0 dcx=0 dcy=0
[14:01:58.552] [ARM-RX] [JETSON_RX] vision seq=90 valid=0 dcx=0 dcy=0
[14:01:58.706] [ARM-RX] [JETSON_RX] vision seq=92 valid=0 dcx=0 dcy=0
[14:01:58.878] [ARM-RX] [JETSON_RX] crc failed type=0x03 rx=0xA5F8 calc=0xE5F8
[14:01:59.033] [ARM-RX] [JETSON_RX] vision seq=96 valid=0 dcx=0 dcy=0
[14:01:59.189] [ARM-RX] [JETSON_RX] vision seq=98 valid=0 dcx=0 dcy=0
[14:01:59.362] [ARM-RX] [JETSON_RX] vision seq=100 valid=0 dcx=0 dcy=0
[14:01:59.519] [ARM-RX] [JETSON_RX] vision seq=102 valid=0 dcx=0 dcy=0
[14:01:59.690] [ARM-RX] [JETSON_RX] vision seq=104 valid=0 dcx=0 dcy=0
[14:01:59.846] [ARM-RX] [JETSON_RX] vision seq=106 valid=0 dcx=0 dcy=0
[14:02:00.000] [ARM-RX] [JETSON_RX] vision seq=108 valid=0 dcx=0 dcy=0
[14:02:00.171] [ARM-RX] [JETSON_RX] vision seq=110 valid=0 dcx=0 dcy=0
[14:02:00.343] [ARM-RX] [JETSON_RX] vision seq=112 valid=0 dcx=0 dcy=0
[14:02:00.498] [ARM-RX] [JETSON_RX] vision seq=114 valid=0 dcx=0 dcy=0
[14:02:00.654] [ARM-RX] [JETSON_RX] vision seq=116 valid=0 dcx=0 dcy=0
[14:02:00.826] [ARM-RX] [JETSON_RX] vision seq=118 valid=0 dcx=0 dcy=0
[14:02:00.999] [ARM-RX] [JETSON_RX] vision seq=120 valid=0 dcx=0 dcy=0
[14:02:01.156] [ARM-RX] [JETSON_RX] vision seq=122 valid=0 dcx=0 dcy=0
[14:02:01.312] [ARM-RX] [JETSON_RX] vision seq=124 valid=0 dcx=0 dcy=0
[14:02:01.486] [ARM-RX] [JETSON_RX] vision seq=126 valid=0 dcx=0 dcy=0
[14:02:01.643] [ARM-RX] [JETSON_RX] vision seq=128 valid=0 dcx=0 dcy=0
[14:02:01.800] [ARM-RX] [JETSON_RX] vision seq=130 valid=0 dcx=0 dcy=0
[14:02:01.970] [ARM-RX] [JETSON_RX] vision seq=132 valid=0 dcx=0 dcy=0
[14:02:02.140] [ARM-RX] [JETSON_RX] vision seq=134 valid=0 dcx=0 dcy=0
[14:02:02.296] [ARM-RX] [JETSON_RX] vision seq=136 valid=0 dcx=0 dcy=0
[14:02:02.453] [ARM-RX] [JETSON_RX] vision seq=138 valid=0 dcx=0 dcy=0
[14:02:02.624] [ARM-RX] [JETSON_RX] vision seq=140 valid=0 dcx=0 dcy=0
[14:02:02.796] [ARM-RX] [JETSON_RX] vision seq=142 valid=0 dcx=0 dcy=0
[14:02:02.953] [ARM-RX] [JETSON_RX] vision seq=144 valid=0 dcx=0 dcy=0
[14:02:03.109] [ARM-RX] [JETSON_RX] vision seq=146 valid=0 dcx=0 dcy=0
[14:02:03.280] [ARM-RX] [JETSON_RX] vision seq=148 valid=0 dcx=0 dcy=0
[14:02:03.437] [ARM-RX] [JETSON_RX] vision seq=150 valid=0 dcx=0 dcy=0
[14:02:03.593] [ARM-RX] [JETSON_RX] vision seq=152 valid=0 dcx=0 dcy=0
[14:02:03.764] [ARM-RX] [JETSON_RX] vision seq=154 valid=0 dcx=0 dcy=0
[14:02:03.921] [ARM-RX] [JETSON_RX] vision seq=156 valid=0 dcx=0 dcy=0
[14:02:04.092] [ARM-RX] [JETSON_RX] vision seq=158 valid=0 dcx=0 dcy=0
[14:02:04.248] [ARM-RX] [JETSON_RX] vision seq=160 valid=0 dcx=0 dcy=0
[14:02:04.405] [ARM-RX] [JETSON_RX] vision seq=162 valid=0 dcx=0 dcy=0
[14:02:04.575] [ARM-RX] [JETSON_RX] vision seq=164 valid=0 dcx=0 dcy=0
[14:02:04.747] [ARM-RX] [JETSON_RX] vision seq=166 valid=0 dcx=0 dcy=0
[14:02:04.889] [ARM-RX] [JETSON_RX] vision seq=168 valid=0 dcx=0 dcy=0
[14:02:05.062] [ARM-RX] [JETSON_RX] vision seq=170 valid=0 dcx=0 dcy=0
[14:02:05.234] [ARM-RX] [JETSON_RX] vision seq=172 valid=0 dcx=0 dcy=0
[14:02:05.391] [ARM-RX] [JETSON_RX] vision seq=174 valid=0 dcx=0 dcy=0
[14:02:05.549] [ARM-RX] [JETSON_RX] crc failed type=0x03 rx=0xA5F6 calc=0xEBF6
[14:02:05.718] [ARM-RX] [JETSON_RX] vision seq=178 valid=0 dcx=0 dcy=0
[14:02:05.874] [ARM-RX] [JETSON_RX] vision seq=180 valid=0 dcx=0 dcy=0
[14:02:06.030] [ARM-RX] [JETSON_RX] vision seq=182 valid=0 dcx=0 dcy=0
[14:02:06.201] [ARM-RX] [JETSON_RX] vision seq=184 valid=0 dcx=0 dcy=0
[14:02:06.358] [ARM-RX] [JETSON_RX] vision seq=186 valid=0 dcx=0 dcy=0
[14:02:06.530] [ARM-RX] [JETSON_RX] vision seq=188 valid=0 dcx=0 dcy=0
[14:02:06.686] [ARM-RX] [JETSON_RX] vision seq=190 valid=0 dcx=0 dcy=0
[14:02:06.856] [ARM-RX] [JETSON_RX] vision seq=192 valid=0 dcx=0 dcy=0
[14:02:07.027] [ARM-RX] [JETSON_RX] vision seq=194 valid=0 dcx=0 dcy=0
[14:02:07.184] [ARM-RX] [JETSON_RX] vision seq=196 valid=0 dcx=0 dcy=0
[14:02:07.340] [ARM-RX] [JETSON_RX] vision seq=198 valid=0 dcx=0 dcy=0
[14:02:07.513] [ARM-RX] [JETSON_RX] vision seq=200 valid=0 dcx=0 dcy=0
[14:02:07.669] [ARM-RX] [JETSON_RX] vision seq=202 valid=0 dcx=0 dcy=0
[14:02:07.826] [ARM-RX] [JETSON_RX] vision seq=204 valid=0 dcx=0 dcy=0
[14:02:07.996] [ARM-RX] [JETSON_RX] vision seq=206 valid=0 dcx=0 dcy=0
[14:02:08.167] [ARM-RX] [JETSON_RX] vision seq=208 valid=0 dcx=0 dcy=0
[14:02:08.323] [ARM-RX] [JETSON_RX] vision seq=210 valid=0 dcx=0 dcy=0
[14:02:08.481] [ARM-RX] [JETSON_RX] vision seq=212 valid=0 dcx=0 dcy=0
[14:02:08.652] [ARM-RX] [JETSON_RX] vision seq=214 valid=0 dcx=0 dcy=0
[14:02:08.823] [ARM-RX] [JETSON_RX] vision seq=216 valid=0 dcx=0 dcy=0
[14:02:08.978] [ARM-RX] [JETSON_RX] vision seq=218 valid=0 dcx=0 dcy=0
[14:02:09.134] [ARM-RX] [JETSON_RX] vision seq=220 valid=0 dcx=0 dcy=0
[14:02:09.305] [ARM-RX] [JETSON_RX] vision seq=222 valid=0 dcx=0 dcy=0
[14:02:09.478] [ARM-RX] [JETSON_RX] vision seq=224 valid=0 dcx=0 dcy=0
[14:02:09.634] [ARM-RX] [JETSON_RX] vision seq=226 valid=0 dcx=0 dcy=0
[14:02:09.790] [ARM-RX] [JETSON_RX] vision seq=228 valid=0 dcx=0 dcy=0
[14:02:09.962] [ARM-RX] [JETSON_RX] vision seq=230 valid=0 dcx=0 dcy=0
[14:02:10.118] [ARM-RX] [JETSON_RX] vision seq=232 valid=0 dcx=0 dcy=0
[14:02:10.274] [ARM-RX] [JETSON_RX] vision seq=234 valid=0 dcx=0 dcy=0
[14:02:10.445] [ARM-RX] [JETSON_RX] vision seq=236 valid=0 dcx=0 dcy=0
[14:02:10.616] [ARM-RX] [JETSON_RX] vision seq=238 valid=0 dcx=0 dcy=0
[14:02:10.772] [ARM-RX] [JETSON_RX] vision seq=240 valid=0 dcx=0 dcy=0
[14:02:10.929] [ARM-RX] [JETSON_RX] vision seq=242 valid=0 dcx=0 dcy=0
[14:02:11.100] [ARM-RX] [JETSON_RX] vision seq=244 valid=0 dcx=0 dcy=0
[14:02:11.271] [ARM-RX] [JETSON_RX] vision seq=246 valid=0 dcx=0 dcy=0
[14:02:11.427] [ARM-RX] [JETSON_RX] vision seq=248 valid=0 dcx=0 dcy=0
[14:02:11.585] [ARM-RX] [JETSON_RX] vision seq=250 valid=0 dcx=0 dcy=0
[14:02:11.755] [ARM-RX] [JETSON_RX] vision seq=252 valid=0 dcx=0 dcy=0
[14:02:11.928] [ARM-RX] [JETSON_RX] vision seq=254 valid=0 dcx=0 dcy=0
[14:02:12.083] [ARM-RX] [JETSON_RX] vision seq=1 valid=0 dcx=0 dcy=0
[14:02:12.240] [ARM-RX] [JETSON_RX] crc failed type=0x03 rx=0xA574 calc=0x2074
[14:02:12.413] [ARM-RX] [JETSON_RX] vision seq=5 valid=0 dcx=0 dcy=0
[14:02:12.567] [ARM-RX] [JETSON_RX] vision seq=7 valid=0 dcx=0 dcy=0
[14:02:12.738] [ARM-RX] [JETSON_RX] vision seq=9 valid=0 dcx=0 dcy=0
[14:02:12.894] [ARM-RX] [JETSON_RX] vision seq=11 valid=0 dcx=0 dcy=0
[14:02:13.066] [ARM-RX] [JETSON_RX] vision seq=13 valid=0 dcx=0 dcy=0
[14:02:13.223] [ARM-RX] [JETSON_RX] vision seq=15 valid=0 dcx=0 dcy=0
[14:02:13.395] [ARM-RX] [JETSON_RX] vision seq=17 valid=0 dcx=0 dcy=0
[14:02:13.551] [ARM-RX] [JETSON_RX] vision seq=19 valid=0 dcx=0 dcy=0
[14:02:13.708] [ARM-RX] [JETSON_RX] vision seq=21 valid=0 dcx=0 dcy=0
[14:02:13.878] [ARM-RX] [JETSON_RX] vision seq=23 valid=0 dcx=0 dcy=0
[14:02:14.050] [ARM-RX] [JETSON_RX] vision seq=25 valid=0 dcx=0 dcy=0
[14:02:14.221] [ARM-RX] [JETSON_RX] vision seq=27 valid=0 dcx=0 dcy=0
[14:02:14.377] [ARM-RX] [JETSON_RX] vision seq=29 valid=0 dcx=0 dcy=0
[14:02:14.532] [ARM-RX] [JETSON_RX] vision seq=31 valid=0 dcx=0 dcy=0
[14:02:14.705] [ARM-RX] [JETSON_RX] vision seq=33 valid=0 dcx=0 dcy=0
[14:02:14.861] [ARM-RX] [JETSON_RX] vision seq=35 valid=0 dcx=0 dcy=0
[14:02:15.017] [ARM-RX] [JETSON_RX] vision seq=37 valid=0 dcx=0 dcy=0
[14:02:15.188] [ARM-RX] [JETSON_RX] vision seq=39 valid=0 dcx=0 dcy=0
[14:02:15.343] [ARM-RX] [JETSON_RX] vision seq=41 valid=0 dcx=0 dcy=0
[14:02:15.514] [ARM-RX] [JETSON_RX] vision seq=43 valid=0 dcx=0 dcy=0
[14:02:15.672] [ARM-RX] [JETSON_RX] vision seq=45 valid=0 dcx=0 dcy=0
[14:02:15.828] [ARM-RX] [JETSON_RX] vision seq=47 valid=0 dcx=0 dcy=0
[14:02:16.000] [ARM-RX] [JETSON_RX] vision seq=49 valid=0 dcx=0 dcy=0
[14:02:16.173] [ARM-RX] [JETSON_RX] vision seq=51 valid=0 dcx=0 dcy=0
[14:02:16.328] [ARM-RX] [JETSON_RX] vision seq=53 valid=0 dcx=0 dcy=0
[14:02:16.484] [ARM-RX] [JETSON_RX] vision seq=55 valid=0 dcx=0 dcy=0
[14:02:16.655] [ARM-RX] [JETSON_RX] vision seq=57 valid=0 dcx=0 dcy=0
[14:02:16.813] [ARM-RX] [JETSON_RX] vision seq=59 valid=0 dcx=0 dcy=0
[14:02:16.983] [ARM-RX] [JETSON_RX] vision seq=61 valid=0 dcx=0 dcy=0
[14:02:17.139] [ARM-RX] [JETSON_RX] vision seq=63 valid=0 dcx=0 dcy=0
[14:02:17.311] [ARM-RX] [JETSON_RX] vision seq=65 valid=0 dcx=0 dcy=0
[14:02:17.467] [ARM-RX] [JETSON_RX] vision seq=67 valid=0 dcx=0 dcy=0
[14:02:17.637] [ARM-RX] [JETSON_RX] vision seq=69 valid=0 dcx=0 dcy=0
[14:02:17.794] [ARM-RX] [JETSON_RX] vision seq=71 valid=0 dcx=0 dcy=0
[14:02:17.949] [ARM-RX] [JETSON_RX] vision seq=73 valid=0 dcx=0 dcy=0
[14:02:18.122] [ARM-RX] [JETSON_RX] vision seq=75 valid=0 dcx=0 dcy=0
[14:02:18.279] [ARM-RX] [JETSON_RX] vision seq=77 valid=0 dcx=0 dcy=0
[14:02:18.453] [ARM-RX] [JETSON_RX] vision seq=79 valid=0 dcx=0 dcy=0
[14:02:18.610] [ARM-RX] [JETSON_RX] vision seq=81 valid=0 dcx=0 dcy=0
[14:02:18.766] [ARM-RX] [JETSON_RX] vision seq=83 valid=0 dcx=0 dcy=0
[14:02:18.938] [ARM-RX] [JETSON_RX] crc failed type=0x03 rx=0xA542 calc=0x2542
[14:02:19.096] [ARM-RX] [JETSON_RX] vision seq=87 valid=0 dcx=0 dcy=0
[14:02:19.252] [ARM-RX] [JETSON_RX] vision seq=89 valid=0 dcx=0 dcy=0
[14:02:19.425] [ARM-RX] [JETSON_RX] vision seq=91 valid=0 dcx=0 dcy=0
[14:02:19.596] [ARM-RX] [JETSON_RX] vision seq=93 valid=0 dcx=0 dcy=0
[14:02:19.752] [ARM-RX] [JETSON_RX] vision seq=95 valid=0 dcx=0 dcy=0
[14:02:19.907] [ARM-RX] [JETSON_RX] vision seq=97 valid=0 dcx=0 dcy=0
[14:02:20.080] [ARM-RX] [JETSON_RX] vision seq=99 valid=0 dcx=0 dcy=0
[14:02:20.236] [ARM-RX] [JETSON_RX] vision seq=101 valid=0 dcx=0 dcy=0
[14:02:20.393] [ARM-RX] [JETSON_RX] vision seq=103 valid=0 dcx=0 dcy=0
[14:02:20.563] [ARM-RX] [JETSON_RX] vision seq=105 valid=0 dcx=0 dcy=0
[14:02:20.719] [ARM-RX] [JETSON_RX] vision seq=107 valid=0 dcx=0 dcy=0
[14:02:20.890] [ARM-RX] [JETSON_RX] vision seq=109 valid=0 dcx=0 dcy=0
[14:02:21.046] [ARM-RX] [JETSON_RX] vision seq=111 valid=0 dcx=0 dcy=0
[14:02:21.203] [ARM-RX] [JETSON_RX] vision seq=113 valid=0 dcx=0 dcy=0
[14:02:21.376] [ARM-RX] [JETSON_RX] vision seq=115 valid=0 dcx=0 dcy=0
[14:02:21.547] [ARM-RX] [JETSON_RX] vision seq=117 valid=0 dcx=0 dcy=0
[14:02:21.702] [ARM-RX] [JETSON_RX] vision seq=119 valid=0 dcx=0 dcy=0
[14:02:21.859] [ARM-RX] [JETSON_RX] vision seq=121 valid=0 dcx=0 dcy=0
[14:02:22.030] [ARM-RX] [JETSON_RX] vision seq=123 valid=0 dcx=0 dcy=0
[14:02:22.202] [ARM-RX] [JETSON_RX] vision seq=125 valid=0 dcx=0 dcy=0
[14:02:22.344] [ARM-RX] [JETSON_RX] vision seq=127 valid=0 dcx=0 dcy=0
[14:02:22.516] [ARM-RX] [JETSON_RX] vision seq=129 valid=0 dcx=0 dcy=0
[14:02:22.688] [ARM-RX] [JETSON_RX] vision seq=131 valid=0 dcx=0 dcy=0
[14:02:22.845] [ARM-RX] [JETSON_RX] vision seq=133 valid=0 dcx=0 dcy=0
[14:02:23.003] [ARM-RX] [JETSON_RX] vision seq=135 valid=0 dcx=0 dcy=0
[14:02:23.174] [ARM-RX] [JETSON_RX] vision seq=137 valid=0 dcx=0 dcy=0
[14:02:23.345] [ARM-RX] [JETSON_RX] vision seq=139 valid=0 dcx=0 dcy=0
[14:02:23.486] [ARM-RX] [JETSON_RX] vision seq=141 valid=0 dcx=0 dcy=0
[14:02:23.658] [ARM-RX] [JETSON_RX] vision seq=143 valid=0 dcx=0 dcy=0
[14:02:23.827] [ARM-RX] [JETSON_RX] vision seq=145 valid=0 dcx=0 dcy=0
[14:02:23.985] [ARM-RX] [JETSON_RX] vision seq=147 valid=0 dcx=0 dcy=0
[14:02:24.142] [ARM-RX] [JETSON_RX] vision seq=149 valid=0 dcx=0 dcy=0
[14:02:24.313] [ARM-RX] [JETSON_RX] vision seq=151 valid=0 dcx=0 dcy=0
[14:02:24.485] [ARM-RX] [JETSON_RX] vision seq=153 valid=0 dcx=0 dcy=0
[14:02:24.641] [ARM-RX] [JETSON_RX] vision seq=155 valid=0 dcx=0 dcy=0
[14:02:24.797] [ARM-RX] [JETSON_RX] vision seq=157 valid=0 dcx=0 dcy=0
[14:02:24.968] [ARM-RX] [JETSON_RX] vision seq=159 valid=0 dcx=0 dcy=0
[14:02:25.140] [ARM-RX] [JETSON_RX] vision seq=161 valid=0 dcx=0 dcy=0
[14:02:25.296] [ARM-RX] [JETSON_RX] vision seq=163 valid=0 dcx=0 dcy=0
[14:02:25.452] [ARM-RX] [JETSON_RX] vision seq=165 valid=0 dcx=0 dcy=0
[14:02:25.623] [ARM-RX] [JETSON_RX] crc failed type=0x03 rx=0xA591 calc=0xEA91
[14:02:25.777] [ARM-RX] [JETSON_RX] vision seq=169 valid=0 dcx=0 dcy=0
[14:02:25.947] [ARM-RX] [JETSON_RX] vision seq=171 valid=0 dcx=0 dcy=0
[14:02:26.105] [ARM-RX] [JETSON_RX] vision seq=173 valid=0 dcx=0 dcy=0
[14:02:26.259] [ARM-RX] [JETSON_RX] vision seq=175 valid=0 dcx=0 dcy=0
[14:02:26.431] [ARM-RX] [JETSON_RX] vision seq=177 valid=0 dcx=0 dcy=0
[14:02:26.601] [ARM-RX] [JETSON_RX] vision seq=179 valid=0 dcx=0 dcy=0
[14:02:26.758] [ARM-RX] [JETSON_RX] vision seq=181 valid=0 dcx=0 dcy=0
[14:02:26.913] [ARM-RX] [JETSON_RX] vision seq=183 valid=0 dcx=0 dcy=0
[14:02:27.084] [ARM-RX] [JETSON_RX] vision seq=185 valid=0 dcx=0 dcy=0
[14:02:27.239] [ARM-RX] [JETSON_RX] vision seq=187 valid=0 dcx=0 dcy=0
[14:02:27.412] [ARM-RX] [JETSON_RX] vision seq=189 valid=0 dcx=0 dcy=0
[14:02:27.568] [ARM-RX] [JETSON_RX] vision seq=191 valid=0 dcx=0 dcy=0
[14:02:27.738] [ARM-RX] [JETSON_RX] vision seq=193 valid=0 dcx=0 dcy=0
[14:02:27.894] [ARM-RX] [JETSON_RX] vision seq=195 valid=0 dcx=0 dcy=0
[14:02:28.065] [ARM-RX] [JETSON_RX] vision seq=197 valid=0 dcx=0 dcy=0
[14:02:28.221] [ARM-RX] [JETSON_RX] vision seq=199 valid=0 dcx=0 dcy=0
[14:02:28.378] [ARM-RX] [JETSON_RX] vision seq=201 valid=0 dcx=0 dcy=0
[14:02:28.549] [ARM-RX] [JETSON_RX] vision seq=203 valid=0 dcx=0 dcy=0
[14:02:28.719] [ARM-RX] [JETSON_RX] vision seq=205 valid=0 dcx=0 dcy=0
[14:02:28.872] [ARM-RX] [JETSON_RX] vision seq=207 valid=0 dcx=0 dcy=0
[14:02:29.029] [ARM-RX] [JETSON_RX] vision seq=209 valid=0 dcx=0 dcy=0
[14:02:29.201] [ARM-RX] [JETSON_RX] vision seq=211 valid=0 dcx=0 dcy=0
[14:02:29.358] [ARM-RX] [JETSON_RX] vision seq=213 valid=0 dcx=0 dcy=0
[14:02:29.516] [ARM-RX] [JETSON_RX] vision seq=215 valid=0 dcx=0 dcy=0
[14:02:29.687] [ARM-RX] [JETSON_RX] vision seq=217 valid=0 dcx=0 dcy=0
[14:02:29.859] [ARM-RX] [JETSON_RX] vision seq=219 valid=0 dcx=0 dcy=0
[14:02:30.014] [ARM-RX] [JETSON_RX] vision seq=221 valid=0 dcx=0 dcy=0
[14:02:30.185] [ARM-RX] [JETSON_RX] vision seq=223 valid=0 dcx=0 dcy=0
[14:02:30.341] [ARM-RX] [JETSON_RX] vision seq=225 valid=0 dcx=0 dcy=0
[14:02:30.514] [ARM-RX] [JETSON_RX] vision seq=227 valid=0 dcx=0 dcy=0
[14:02:30.670] [ARM-RX] [JETSON_RX] vision seq=229 valid=0 dcx=0 dcy=0
[14:02:30.826] [ARM-RX] [JETSON_RX] vision seq=231 valid=0 dcx=0 dcy=0
[14:02:30.998] [ARM-RX] [JETSON_RX] vision seq=233 valid=0 dcx=0 dcy=0
[14:02:31.168] [ARM-RX] [JETSON_RX] vision seq=235 valid=0 dcx=0 dcy=0
[14:02:31.325] [ARM-RX] [JETSON_RX] vision seq=237 valid=0 dcx=0 dcy=0
[14:02:31.497] [ARM-RX] [JETSON_RX] vision seq=239 valid=0 dcx=0 dcy=0
[14:02:31.653] [ARM-RX] [JETSON_RX] vision seq=241 valid=0 dcx=0 dcy=0
[14:02:31.825] [ARM-RX] [JETSON_RX] vision seq=243 valid=0 dcx=0 dcy=0
[14:02:31.980] [ARM-RX] [JETSON_RX] vision seq=245 valid=0 dcx=0 dcy=0
[14:02:32.151] [ARM-RX] [JETSON_RX] vision seq=247 valid=0 dcx=0 dcy=0
[14:02:32.308] [ARM-RX] [JETSON_RX] crc failed type=0x03 rx=0xA52E calc=0x2F2E
[14:02:32.464] [ARM-RX] [JETSON_RX] vision seq=251 valid=0 dcx=0 dcy=0
[14:02:32.636] [ARM-RX] [JETSON_RX] vision seq=253 valid=0 dcx=0 dcy=0
[14:02:32.808] [ARM-RX] [JETSON_RX] vision seq=255 valid=0 dcx=0 dcy=0
[14:02:32.964] [ARM-RX] [JETSON_RX] vision seq=2 valid=0 dcx=0 dcy=0
[14:02:33.137] [ARM-RX] [JETSON_RX] vision seq=4 valid=0 dcx=0 dcy=0
[14:02:33.292] [ARM-RX] [JETSON_RX] vision seq=6 valid=0 dcx=0 dcy=0
[14:02:33.449] [ARM-RX] [JETSON_RX] vision seq=8 valid=0 dcx=0 dcy=0
[14:02:33.622] [ARM-RX] [JETSON_RX] vision seq=10 valid=0 dcx=0 dcy=0
[14:02:33.777] [ARM-RX] [JETSON_RX] vision seq=12 valid=0 dcx=0 dcy=0
[14:02:33.951] [ARM-RX] [JETSON_RX] vision seq=14 valid=0 dcx=0 dcy=0
[14:02:34.107] [ARM-RX] [JETSON_RX] vision seq=16 valid=0 dcx=0 dcy=0
[14:02:34.263] [ARM-RX] [JETSON_RX] vision seq=18 valid=0 dcx=0 dcy=0
[14:02:34.437] [ARM-RX] [JETSON_RX] vision seq=20 valid=0 dcx=0 dcy=0
[14:02:34.592] [ARM-RX] [JETSON_RX] vision seq=22 valid=0 dcx=0 dcy=0
[14:02:34.766] [ARM-RX] [JETSON_RX] vision seq=24 valid=0 dcx=0 dcy=0
[14:02:34.922] [ARM-RX] [JETSON_RX] vision seq=26 valid=0 dcx=0 dcy=0
[14:02:35.079] [ARM-RX] [JETSON_RX] vision seq=28 valid=0 dcx=0 dcy=0
[14:02:35.250] [ARM-RX] [JETSON_RX] vision seq=30 valid=0 dcx=0 dcy=0
[14:02:35.408] [ARM-RX] [JETSON_RX] vision seq=32 valid=0 dcx=0 dcy=0
[14:02:35.580] [ARM-RX] [JETSON_RX] vision seq=34 valid=0 dcx=0 dcy=0
[14:02:35.736] [ARM-RX] [JETSON_RX] vision seq=36 valid=0 dcx=0 dcy=0
[14:02:35.909] [ARM-RX] [JETSON_RX] vision seq=38 valid=0 dcx=0 dcy=0
[14:02:36.066] [ARM-RX] [JETSON_RX] vision seq=40 valid=0 dcx=0 dcy=0
[14:02:36.223] [ARM-RX] [JETSON_RX] vision seq=42 valid=0 dcx=0 dcy=0
[14:02:36.394] [ARM-RX] [JETSON_RX] vision seq=44 valid=0 dcx=0 dcy=0
[14:02:36.567] [ARM-RX] [JETSON_RX] vision seq=46 valid=0 dcx=0 dcy=0
[14:02:36.724] [ARM-RX] [JETSON_RX] vision seq=48 valid=0 dcx=0 dcy=0
[14:02:36.879] [ARM-RX] [JETSON_RX] vision seq=50 valid=0 dcx=0 dcy=0
[14:02:37.051] [ARM-RX] [JETSON_RX] vision seq=52 valid=0 dcx=0 dcy=0
[14:02:37.207] [ARM-RX] [JETSON_RX] vision seq=54 valid=0 dcx=0 dcy=0
[14:02:37.364] [ARM-RX] [JETSON_RX] vision seq=56 valid=0 dcx=0 dcy=0
[14:02:37.537] [ARM-RX] [JETSON_RX] vision seq=58 valid=0 dcx=0 dcy=0
[14:02:37.694] [ARM-RX] [JETSON_RX] vision seq=60 valid=0 dcx=0 dcy=0
[14:02:37.867] [ARM-RX] [JETSON_RX] vision seq=62 valid=0 dcx=0 dcy=0
[14:02:38.038] [ARM-RX] [JETSON_RX] vision seq=64 valid=0 dcx=0 dcy=0
[14:02:38.195] [ARM-RX] [JETSON_RX] vision seq=66 valid=0 dcx=0 dcy=0
[14:02:38.351] [ARM-RX] [JETSON_RX] vision seq=68 valid=0 dcx=0 dcy=0
[14:02:38.525] [ARM-RX] [JETSON_RX] vision seq=70 valid=0 dcx=0 dcy=0
[14:02:38.682] [ARM-RX] [JETSON_RX] vision seq=72 valid=0 dcx=0 dcy=0
[14:02:38.851] [ARM-RX] [JETSON_RX] vision seq=74 valid=0 dcx=0 dcy=0
[14:02:39.023] [ARM-RX] [JETSON_RX] crc failed type=0x03 rx=0xA5CA calc=0xE4CA
[14:02:39.179] [ARM-RX] [JETSON_RX] vision seq=78 valid=0 dcx=0 dcy=0
[14:02:39.334] [ARM-RX] [JETSON_RX] vision seq=80 valid=0 dcx=0 dcy=0
[14:02:39.492] [ARM-RX] [JETSON_RX] vision seq=82 valid=0 dcx=0 dcy=0
[14:02:39.664] [ARM-RX] [JETSON_RX] vision seq=84 valid=0 dcx=0 dcy=0
[14:02:39.819] [ARM-RX] [JETSON_RX] vision seq=86 valid=0 dcx=0 dcy=0
[14:02:39.992] [ARM-RX] [JETSON_RX] vision seq=88 valid=0 dcx=0 dcy=0
[14:02:40.148] [ARM-RX] [JETSON_RX] vision seq=90 valid=0 dcx=0 dcy=0
[14:02:40.318] [ARM-RX] [JETSON_RX] vision seq=92 valid=0 dcx=0 dcy=0
[14:02:40.476] [ARM-RX] [JETSON_RX] vision seq=94 valid=0 dcx=0 dcy=0
[14:02:40.645] [ARM-RX] [JETSON_RX] vision seq=96 valid=0 dcx=0 dcy=0
[14:02:40.818] [ARM-RX] [JETSON_RX] vision seq=98 valid=0 dcx=0 dcy=0
[14:02:40.973] [ARM-RX] [JETSON_RX] vision seq=100 valid=0 dcx=0 dcy=0
[14:02:41.129] [ARM-RX] [JETSON_RX] vision seq=102 valid=0 dcx=0 dcy=0
[14:02:41.302] [ARM-RX] [JETSON_RX] vision seq=104 valid=0 dcx=0 dcy=0
[14:02:41.475] [ARM-RX] [JETSON_RX] vision seq=106 valid=0 dcx=0 dcy=0
[14:02:41.631] [ARM-RX] [JETSON_RX] vision seq=108 valid=0 dcx=0 dcy=0
[14:02:41.787] [ARM-RX] [JETSON_RX] vision seq=110 valid=0 dcx=0 dcy=0
[14:02:41.960] [ARM-RX] [JETSON_RX] vision seq=112 valid=0 dcx=0 dcy=0
[14:02:42.115] [ARM-RX] [JETSON_RX] vision seq=114 valid=0 dcx=0 dcy=0
[14:02:42.271] [ARM-RX] [JETSON_RX] vision seq=116 valid=0 dcx=0 dcy=0
[14:02:42.442] [ARM-RX] [JETSON_RX] vision seq=118 valid=0 dcx=0 dcy=0
[14:02:42.614] [ARM-RX] [JETSON_RX] vision seq=120 valid=0 dcx=0 dcy=0
[14:02:42.770] [ARM-RX] [JETSON_RX] vision seq=122 valid=0 dcx=0 dcy=0
[14:02:42.926] [ARM-RX] [JETSON_RX] vision seq=124 valid=0 dcx=0 dcy=0
[14:02:43.098] [ARM-RX] [JETSON_RX] vision seq=126 valid=0 dcx=0 dcy=0
[14:02:43.269] [ARM-RX] [JETSON_RX] vision seq=128 valid=0 dcx=0 dcy=0
[14:02:43.425] [ARM-RX] [JETSON_RX] vision seq=130 valid=0 dcx=0 dcy=0
[14:02:43.581] [ARM-RX] [JETSON_RX] vision seq=132 valid=0 dcx=0 dcy=0
[14:02:43.752] [ARM-RX] [JETSON_RX] vision seq=134 valid=0 dcx=0 dcy=0
[14:02:43.924] [ARM-RX] [JETSON_RX] vision seq=136 valid=0 dcx=0 dcy=0
[14:02:44.080] [ARM-RX] [JETSON_RX] vision seq=138 valid=0 dcx=0 dcy=0
[14:02:44.252] [ARM-RX] [JETSON_RX] vision seq=140 valid=0 dcx=0 dcy=0
[14:02:44.409] [ARM-RX] [JETSON_RX] vision seq=142 valid=0 dcx=0 dcy=0
[14:02:44.564] [ARM-RX] [JETSON_RX] vision seq=144 valid=0 dcx=0 dcy=0
[14:02:44.735] [ARM-RX] [JETSON_RX] vision seq=146 valid=0 dcx=0 dcy=0
[14:02:44.891] [ARM-RX] [JETSON_RX] vision seq=148 valid=0 dcx=0 dcy=0
[14:02:45.064] [ARM-RX] [JETSON_RX] vision seq=150 valid=0 dcx=0 dcy=0
[14:02:45.219] [ARM-RX] [JETSON_RX] vision seq=152 valid=0 dcx=0 dcy=0
[14:02:45.376] [ARM-RX] [JETSON_RX] vision seq=154 valid=0 dcx=0 dcy=0
[14:02:45.548] [ARM-RX] [JETSON_RX] vision seq=156 valid=0 dcx=0 dcy=0
[14:02:45.719] [ARM-RX] [JETSON_RX] crc failed type=0x03 rx=0xA538 calc=0xE938
[14:02:45.874] [ARM-RX] [JETSON_RX] vision seq=160 valid=0 dcx=0 dcy=0
[14:02:46.032] [ARM-RX] [JETSON_RX] vision seq=162 valid=0 dcx=0 dcy=0
[14:02:46.204] [ARM-RX] [JETSON_RX] vision seq=164 valid=0 dcx=0 dcy=0
[14:02:46.361] [ARM-RX] [JETSON_RX] vision seq=166 valid=0 dcx=0 dcy=0
[14:02:46.533] [ARM-RX] [JETSON_RX] vision seq=168 valid=0 dcx=0 dcy=0
[14:02:46.687] [ARM-RX] [JETSON_RX] vision seq=170 valid=0 dcx=0 dcy=0
[14:02:46.859] [ARM-RX] [JETSON_RX] vision seq=172 valid=0 dcx=0 dcy=0
[14:02:47.014] [ARM-RX] [JETSON_RX] vision seq=174 valid=0 dcx=0 dcy=0
[14:02:47.169] [ARM-RX] [JETSON_RX] vision seq=176 valid=0 dcx=0 dcy=0
[14:02:47.342] [ARM-RX] [JETSON_RX] vision seq=178 valid=0 dcx=0 dcy=0
[14:02:47.499] [ARM-RX] [JETSON_RX] vision seq=180 valid=0 dcx=0 dcy=0
[14:02:47.656] [ARM-RX] [JETSON_RX] vision seq=182 valid=0 dcx=0 dcy=0
[14:02:47.828] [ARM-RX] [JETSON_RX] vision seq=184 valid=0 dcx=0 dcy=0
[14:02:48.000] [ARM-RX] [JETSON_RX] vision seq=186 valid=0 dcx=0 dcy=0
[14:02:48.155] [ARM-RX] [JETSON_RX] vision seq=188 valid=0 dcx=0 dcy=0
[14:02:48.312] [ARM-RX] [JETSON_RX] vision seq=190 valid=0 dcx=0 dcy=0
[14:02:48.484] [ARM-RX] [JETSON_RX] vision seq=192 valid=0 dcx=0 dcy=0
[14:02:48.655] [ARM-RX] [JETSON_RX] vision seq=194 valid=0 dcx=0 dcy=0
[14:02:48.811] [ARM-RX] [JETSON_RX] vision seq=196 valid=0 dcx=0 dcy=0
[14:02:48.966] [ARM-RX] [JETSON_RX] vision seq=198 valid=0 dcx=0 dcy=0
[14:02:49.139] [ARM-RX] [JETSON_RX] vision seq=200 valid=0 dcx=0 dcy=0
[14:02:49.297] [ARM-RX] [JETSON_RX] vision seq=202 valid=0 dcx=0 dcy=0
[14:02:49.452] [ARM-RX] [JETSON_RX] vision seq=204 valid=0 dcx=0 dcy=0
[14:02:49.625] [ARM-RX] [JETSON_RX] vision seq=206 valid=0 dcx=0 dcy=0
[14:02:49.781] [ARM-RX] [JETSON_RX] vision seq=208 valid=0 dcx=0 dcy=0
[14:02:49.953] [ARM-RX] [JETSON_RX] vision seq=210 valid=0 dcx=0 dcy=0
[14:02:50.110] [ARM-RX] [JETSON_RX] vision seq=212 valid=0 dcx=0 dcy=0
[14:02:50.266] [ARM-RX] [JETSON_RX] vision seq=214 valid=0 dcx=0 dcy=0
[14:02:50.436] [ARM-RX] [JETSON_RX] vision seq=216 valid=0 dcx=0 dcy=0
[14:02:50.607] [ARM-RX] [JETSON_RX] vision seq=218 valid=0 dcx=0 dcy=0
[14:02:50.764] [ARM-RX] [JETSON_RX] vision seq=220 valid=0 dcx=0 dcy=0
[14:02:50.920] [ARM-RX] [JETSON_RX] vision seq=222 valid=0 dcx=0 dcy=0
[14:02:51.092] [ARM-RX] [JETSON_RX] vision seq=224 valid=0 dcx=0 dcy=0
[14:02:51.248] [ARM-RX] [JETSON_RX] vision seq=226 valid=0 dcx=0 dcy=0
[14:02:51.418] [ARM-RX] [JETSON_RX] vision seq=228 valid=0 dcx=0 dcy=0
[14:02:51.576] [ARM-RX] [JETSON_RX] vision seq=230 valid=0 dcx=0 dcy=0
[14:02:51.747] [ARM-RX] [JETSON_RX] vision seq=232 valid=0 dcx=0 dcy=0
[14:02:51.902] [ARM-RX] [JETSON_RX] vision seq=234 valid=0 dcx=0 dcy=0
[14:02:52.060] [ARM-RX] [JETSON_RX] vision seq=236 valid=0 dcx=0 dcy=0
[14:02:52.233] [ARM-RX] [JETSON_RX] vision seq=238 valid=0 dcx=0 dcy=0
[14:02:52.389] [ARM-RX] [JETSON_RX] crc failed type=0x03 rx=0xA5B7 calc=0x2FB7
[14:02:52.562] [ARM-RX] [JETSON_RX] vision seq=242 valid=0 dcx=0 dcy=0
[14:02:52.718] [ARM-RX] [JETSON_RX] vision seq=244 valid=0 dcx=0 dcy=0
[14:02:52.889] [ARM-RX] [JETSON_RX] vision seq=246 valid=0 dcx=0 dcy=0
[14:02:53.044] [ARM-RX] [JETSON_RX] vision seq=248 valid=0 dcx=0 dcy=0
[14:02:53.216] [ARM-RX] [JETSON_RX] vision seq=250 valid=0 dcx=0 dcy=0
[14:02:53.371] [ARM-RX] [JETSON_RX] vision seq=252 valid=0 dcx=0 dcy=0
[14:02:53.544] [ARM-RX] [JETSON_RX] vision seq=254 valid=0 dcx=0 dcy=0
[14:02:53.700] [ARM-RX] [JETSON_RX] vision seq=1 valid=0 dcx=0 dcy=0
[14:02:53.873] [ARM-RX] [JETSON_RX] vision seq=3 valid=0 dcx=0 dcy=0
[14:02:54.029] [ARM-RX] [JETSON_RX] vision seq=5 valid=0 dcx=0 dcy=0
[14:02:54.184] [ARM-RX] [JETSON_RX] vision seq=7 valid=0 dcx=0 dcy=0
[14:02:54.354] [ARM-RX] [JETSON_RX] vision seq=9 valid=0 dcx=0 dcy=0
[14:02:54.526] [ARM-RX] [JETSON_RX] vision seq=11 valid=0 dcx=0 dcy=0
[14:02:54.681] [ARM-RX] [JETSON_RX] vision seq=13 valid=0 dcx=0 dcy=0
[14:02:54.839] [ARM-RX] [JETSON_RX] vision seq=15 valid=0 dcx=0 dcy=0
[14:02:55.010] [ARM-RX] [JETSON_RX] vision seq=17 valid=0 dcx=0 dcy=0
[14:02:55.182] [ARM-RX] [JETSON_RX] vision seq=19 valid=0 dcx=0 dcy=0
[14:02:55.338] [ARM-RX] [JETSON_RX] vision seq=21 valid=0 dcx=0 dcy=0
[14:02:55.495] [ARM-RX] [JETSON_RX] vision seq=23 valid=0 dcx=0 dcy=0
[14:02:55.666] [ARM-RX] [JETSON_RX] vision seq=25 valid=0 dcx=0 dcy=0
[14:02:55.837] [ARM-RX] [JETSON_RX] vision seq=27 valid=0 dcx=0 dcy=0
[14:02:55.994] [ARM-RX] [JETSON_RX] vision seq=29 valid=0 dcx=0 dcy=0
[14:02:56.152] [ARM-RX] [JETSON_RX] vision seq=31 valid=0 dcx=0 dcy=0
[14:02:56.324] [ARM-RX] [JETSON_RX] vision seq=33 valid=0 dcx=0 dcy=0
[14:02:56.479] [ARM-RX] [JETSON_RX] vision seq=35 valid=0 dcx=0 dcy=0
[14:02:56.635] [ARM-RX] [JETSON_RX] vision seq=37 valid=0 dcx=0 dcy=0
[14:02:56.808] [ARM-RX] [JETSON_RX] vision seq=39 valid=0 dcx=0 dcy=0
[14:02:56.965] [ARM-RX] [JETSON_RX] vision seq=41 valid=0 dcx=0 dcy=0
[14:02:57.136] [ARM-RX] [JETSON_RX] vision seq=43 valid=0 dcx=0 dcy=0
[14:02:57.292] [ARM-RX] [JETSON_RX] vision seq=45 valid=0 dcx=0 dcy=0
[14:02:57.463] [ARM-RX] [JETSON_RX] vision seq=47 valid=0 dcx=0 dcy=0
[14:02:57.633] [ARM-RX] [JETSON_RX] vision seq=49 valid=0 dcx=0 dcy=0
[14:02:57.791] [ARM-RX] [JETSON_RX] vision seq=51 valid=0 dcx=0 dcy=0
[14:02:57.947] [ARM-RX] [JETSON_RX] vision seq=53 valid=0 dcx=0 dcy=0
[14:02:58.119] [ARM-RX] [JETSON_RX] vision seq=55 valid=0 dcx=0 dcy=0
[14:02:58.276] [ARM-RX] [JETSON_RX] vision seq=57 valid=0 dcx=0 dcy=0
[14:02:58.432] [ARM-RX] [JETSON_RX] vision seq=59 valid=0 dcx=0 dcy=0
[14:02:58.606] [ARM-RX] [JETSON_RX] vision seq=61 valid=0 dcx=0 dcy=0
[14:02:58.763] [ARM-RX] [JETSON_RX] vision seq=63 valid=0 dcx=0 dcy=0
[14:02:58.933] [ARM-RX] [JETSON_RX] vision seq=65 valid=0 dcx=0 dcy=0
[14:02:59.105] [ARM-RX] [JETSON_RX] crc failed type=0x03 rx=0xA535 calc=0xE435
[14:02:59.262] [ARM-RX] [JETSON_RX] vision seq=69 valid=0 dcx=0 dcy=0
[14:02:59.418] [ARM-RX] [JETSON_RX] vision seq=71 valid=0 dcx=0 dcy=0
[14:02:59.591] [ARM-RX] [JETSON_RX] vision seq=73 valid=0 dcx=0 dcy=0
[14:02:59.747] [ARM-RX] [JETSON_RX] vision seq=75 valid=0 dcx=0 dcy=0
[14:02:59.902] [ARM-RX] [JETSON_RX] vision seq=77 valid=0 dcx=0 dcy=0
[14:03:00.072] [ARM-RX] [JETSON_RX] vision seq=79 valid=0 dcx=0 dcy=0
[14:03:00.244] [ARM-RX] [JETSON_RX] vision seq=81 valid=0 dcx=0 dcy=0
[14:03:00.400] [ARM-RX] [JETSON_RX] vision seq=83 valid=0 dcx=0 dcy=0
[14:03:00.555] [ARM-RX] [JETSON_RX] vision seq=85 valid=0 dcx=0 dcy=0
[14:03:00.727] [ARM-RX] [JETSON_RX] vision seq=87 valid=0 dcx=0 dcy=0
[14:03:00.899] [ARM-RX] [JETSON_RX] vision seq=89 valid=0 dcx=0 dcy=0
[14:03:01.055] [ARM-RX] [JETSON_RX] vision seq=91 valid=0 dcx=0 dcy=0
[14:03:01.212] [ARM-RX] [JETSON_RX] vision seq=93 valid=0 dcx=0 dcy=0
[14:03:01.383] [ARM-RX] [JETSON_RX] vision seq=95 valid=0 dcx=0 dcy=0
[14:03:01.553] [ARM-RX] [JETSON_RX] vision seq=97 valid=0 dcx=0 dcy=0
[14:03:01.706] [ARM-RX] [JETSON_RX] vision seq=99 valid=0 dcx=0 dcy=0
[14:03:01.863] [ARM-RX] [JETSON_RX] vision seq=101 valid=0 dcx=0 dcy=0
[14:03:02.035] [ARM-RX] [JETSON_RX] vision seq=103 valid=0 dcx=0 dcy=0
[14:03:02.191] [ARM-RX] [JETSON_RX] vision seq=105 valid=0 dcx=0 dcy=0
[14:03:02.365] [ARM-RX] [JETSON_RX] vision seq=107 valid=0 dcx=0 dcy=0
[14:03:02.521] [ARM-RX] [JETSON_RX] vision seq=109 valid=0 dcx=0 dcy=0
[14:03:02.677] [ARM-RX] [JETSON_RX] vision seq=111 valid=0 dcx=0 dcy=0
[14:03:02.848] [ARM-RX] [JETSON_RX] vision seq=113 valid=0 dcx=0 dcy=0
[14:03:03.007] [ARM-RX] [JETSON_RX] vision seq=115 valid=0 dcx=0 dcy=0
[14:03:03.178] [ARM-RX] [JETSON_RX] vision seq=117 valid=0 dcx=0 dcy=0
[14:03:03.349] [ARM-RX] [JETSON_RX] vision seq=119 valid=0 dcx=0 dcy=0
[14:03:03.505] [ARM-RX] [JETSON_RX] vision seq=121 valid=0 dcx=0 dcy=0
[14:03:03.661] [ARM-RX] [JETSON_RX] vision seq=123 valid=0 dcx=0 dcy=0
[14:03:03.830] [ARM-RX] [JETSON_RX] vision seq=125 valid=0 dcx=0 dcy=0
[14:03:04.002] [ARM-RX] [JETSON_RX] vision seq=127 valid=0 dcx=0 dcy=0
[14:03:04.159] [ARM-RX] [JETSON_RX] vision seq=129 valid=0 dcx=0 dcy=0
[14:03:04.332] [ARM-RX] [JETSON_RX] vision seq=131 valid=0 dcx=0 dcy=0
[14:03:04.489] [ARM-RX] [JETSON_RX] vision seq=133 valid=0 dcx=0 dcy=0
[14:03:04.645] [ARM-RX] [JETSON_RX] vision seq=135 valid=0 dcx=0 dcy=0
[14:03:04.817] [ARM-RX] [JETSON_RX] vision seq=137 valid=0 dcx=0 dcy=0
[14:03:04.988] [ARM-RX] [JETSON_RX] vision seq=139 valid=0 dcx=0 dcy=0
[14:03:05.145] [ARM-RX] [JETSON_RX] vision seq=141 valid=0 dcx=0 dcy=0
[14:03:05.302] [ARM-RX] [JETSON_RX] vision seq=143 valid=0 dcx=0 dcy=0
[14:03:05.474] [ARM-RX] [JETSON_RX] vision seq=145 valid=0 dcx=0 dcy=0
[14:03:05.645] [ARM-RX] [JETSON_RX] vision seq=147 valid=0 dcx=0 dcy=0
[14:03:05.801] [ARM-RX] [JETSON_RX] crc failed type=0x03 rx=0xA582 calc=0x2982
[14:03:05.956] [ARM-RX] [JETSON_RX] vision seq=151 valid=0 dcx=0 dcy=0
[14:03:06.127] [ARM-RX] [JETSON_RX] vision seq=153 valid=0 dcx=0 dcy=0
[14:03:06.284] [ARM-RX] [JETSON_RX] vision seq=155 valid=0 dcx=0 dcy=0
[14:03:06.441] [ARM-RX] [JETSON_RX] vision seq=157 valid=0 dcx=0 dcy=0
[14:03:06.612] [ARM-RX] [JETSON_RX] vision seq=159 valid=0 dcx=0 dcy=0
[14:03:06.785] [ARM-RX] [JETSON_RX] vision seq=161 valid=0 dcx=0 dcy=0
[14:03:06.941] [ARM-RX] [JETSON_RX] vision seq=163 valid=0 dcx=0 dcy=0
[14:03:07.097] [ARM-RX] [JETSON_RX] vision seq=165 valid=0 dcx=0 dcy=0
[14:03:07.272] [ARM-RX] [JETSON_RX] vision seq=167 valid=0 dcx=0 dcy=0
[14:03:07.430] [ARM-RX] [JETSON_RX] vision seq=169 valid=0 dcx=0 dcy=0
[14:03:07.604] [ARM-RX] [JETSON_RX] vision seq=171 valid=0 dcx=0 dcy=0
[14:03:07.760] [ARM-RX] [JETSON_RX] vision seq=173 valid=0 dcx=0 dcy=0
[14:03:07.916] [ARM-RX] [JETSON_RX] vision seq=175 valid=0 dcx=0 dcy=0
[14:03:08.088] [ARM-RX] [JETSON_RX] vision seq=177 valid=0 dcx=0 dcy=0
[14:03:08.259] [ARM-RX] [JETSON_RX] vision seq=179 valid=0 dcx=0 dcy=0
[14:03:08.414] [ARM-RX] [JETSON_RX] vision seq=181 valid=0 dcx=0 dcy=0
[14:03:08.572] [ARM-RX] [JETSON_RX] vision seq=183 valid=0 dcx=0 dcy=0
[14:03:08.743] [ARM-RX] [JETSON_RX] vision seq=185 valid=0 dcx=0 dcy=0
[14:03:08.899] [ARM-RX] [JETSON_RX] vision seq=187 valid=0 dcx=0 dcy=0
[14:03:09.069] [ARM-RX] [JETSON_RX] vision seq=189 valid=0 dcx=0 dcy=0
[14:03:09.226] [ARM-RX] [JETSON_RX] vision seq=191 valid=0 dcx=0 dcy=0
[14:03:09.397] [ARM-RX] [JETSON_RX] vision seq=193 valid=0 dcx=0 dcy=0
[14:03:09.552] [ARM-RX] [JETSON_RX] vision seq=195 valid=0 dcx=0 dcy=0
[14:03:09.725] [ARM-RX] [JETSON_RX] vision seq=197 valid=0 dcx=0 dcy=0
[14:03:09.897] [ARM-RX] [JETSON_RX] vision seq=199 valid=0 dcx=0 dcy=0
[14:03:10.053] [ARM-RX] [JETSON_RX] vision seq=201 valid=0 dcx=0 dcy=0
[14:03:10.209] [ARM-RX] [JETSON_RX] vision seq=203 valid=0 dcx=0 dcy=0
[14:03:10.380] [ARM-RX] [JETSON_RX] vision seq=205 valid=0 dcx=0 dcy=0
[14:03:10.552] [ARM-RX] [JETSON_RX] vision seq=207 valid=0 dcx=0 dcy=0
[14:03:10.709] [ARM-RX] [JETSON_RX] vision seq=209 valid=0 dcx=0 dcy=0
[14:03:10.865] [ARM-RX] [JETSON_RX] vision seq=211 valid=0 dcx=0 dcy=0
[14:03:11.038] [ARM-RX] [JETSON_RX] vision seq=213 valid=0 dcx=0 dcy=0
[14:03:11.194] [ARM-RX] [JETSON_RX] vision seq=215 valid=0 dcx=0 dcy=0
[14:03:11.365] [ARM-RX] [JETSON_RX] vision seq=217 valid=0 dcx=0 dcy=0
[14:03:11.522] [ARM-RX] [JETSON_RX] vision seq=219 valid=0 dcx=0 dcy=0
[14:03:11.693] [ARM-RX] [JETSON_RX] vision seq=221 valid=0 dcx=0 dcy=0
[14:03:11.850] [ARM-RX] [JETSON_RX] vision seq=223 valid=0 dcx=0 dcy=0
[14:03:12.006] [ARM-RX] [JETSON_RX] vision seq=225 valid=0 dcx=0 dcy=0
[14:03:12.180] [ARM-RX] [JETSON_RX] vision seq=227 valid=0 dcx=0 dcy=0
[14:03:12.337] [ARM-RX] [JETSON_RX] vision seq=229 valid=0 dcx=0 dcy=0
[14:03:12.509] [ARM-RX] [JETSON_RX] crc failed type=0x03 rx=0xA5D0 calc=0x2ED0
[14:03:12.666] [ARM-RX] [JETSON_RX] vision seq=233 valid=0 dcx=0 dcy=0
[14:03:12.825] [ARM-RX] [JETSON_RX] vision seq=235 valid=0 dcx=0 dcy=0
[14:03:12.997] [ARM-RX] [JETSON_RX] vision seq=237 valid=0 dcx=0 dcy=0
[14:03:13.153] [ARM-RX] [JETSON_RX] vision seq=239 valid=0 dcx=0 dcy=0
[14:03:13.310] [ARM-RX] [JETSON_RX] vision seq=241 valid=0 dcx=0 dcy=0
[14:03:13.483] [ARM-RX] [JETSON_RX] vision seq=243 valid=0 dcx=0 dcy=0
[14:03:13.654] [ARM-RX] [JETSON_RX] vision seq=245 valid=0 dcx=0 dcy=0
[14:03:13.811] [ARM-RX] [JETSON_RX] vision seq=247 valid=0 dcx=0 dcy=0
[14:03:13.969] [ARM-RX] [JETSON_RX] vision seq=249 valid=0 dcx=0 dcy=0
[14:03:14.141] [ARM-RX] [JETSON_RX] vision seq=251 valid=0 dcx=0 dcy=0
[14:03:14.298] [ARM-RX] [JETSON_RX] vision seq=253 valid=0 dcx=0 dcy=0
[14:03:14.469] [ARM-RX] [JETSON_RX] vision seq=255 valid=0 dcx=0 dcy=0
[14:03:14.627] [ARM-RX] [JETSON_RX] vision seq=2 valid=0 dcx=0 dcy=0
[14:03:14.785] [ARM-RX] [JETSON_RX] vision seq=4 valid=0 dcx=0 dcy=0
[14:03:14.958] [ARM-RX] [JETSON_RX] vision seq=6 valid=0 dcx=0 dcy=0
[14:03:15.115] [ARM-RX] [JETSON_RX] vision seq=8 valid=0 dcx=0 dcy=0
[14:03:15.289] [ARM-RX] [JETSON_RX] vision seq=10 valid=0 dcx=0 dcy=0
[14:03:15.444] [ARM-RX] [JETSON_RX] vision seq=12 valid=0 dcx=0 dcy=0
[14:03:15.602] [ARM-RX] [JETSON_RX] vision seq=14 valid=0 dcx=0 dcy=0
[14:03:15.773] [ARM-RX] [JETSON_RX] vision seq=16 valid=0 dcx=0 dcy=0
[14:03:15.947] [ARM-RX] [JETSON_RX] vision seq=18 valid=0 dcx=0 dcy=0
[14:03:16.103] [ARM-RX] [JETSON_RX] vision seq=20 valid=0 dcx=0 dcy=0
[14:03:16.261] [ARM-RX] [JETSON_RX] vision seq=22 valid=0 dcx=0 dcy=0
[14:03:16.434] [ARM-RX] [JETSON_RX] vision seq=24 valid=0 dcx=0 dcy=0
[14:03:16.592] [ARM-RX] [JETSON_RX] vision seq=26 valid=0 dcx=0 dcy=0
[14:03:16.765] [ARM-RX] [JETSON_RX] vision seq=28 valid=0 dcx=0 dcy=0
[14:03:16.921] [ARM-RX] [JETSON_RX] vision seq=30 valid=0 dcx=0 dcy=0
[14:03:17.077] [ARM-RX] [JETSON_RX] vision seq=32 valid=0 dcx=0 dcy=0
[14:03:17.249] [ARM-RX] [JETSON_RX] vision seq=34 valid=0 dcx=0 dcy=0
[14:03:17.420] [ARM-RX] [JETSON_RX] vision seq=36 valid=0 dcx=0 dcy=0
[14:03:17.577] [ARM-RX] [JETSON_RX] vision seq=38 valid=0 dcx=0 dcy=0
[14:03:17.732] [ARM-RX] [JETSON_RX] vision seq=40 valid=0 dcx=0 dcy=0
[14:03:17.904] [ARM-RX] [JETSON_RX] vision seq=42 valid=0 dcx=0 dcy=0
[14:03:18.074] [ARM-RX] [JETSON_RX] vision seq=44 valid=0 dcx=0 dcy=0
[14:03:18.230] [ARM-RX] [JETSON_RX] vision seq=46 valid=0 dcx=0 dcy=0
[14:03:18.403] [ARM-RX] [JETSON_RX] vision seq=48 valid=0 dcx=0 dcy=0
[14:03:18.558] [ARM-RX] [JETSON_RX] vision seq=50 valid=0 dcx=0 dcy=0
[14:03:18.728] [ARM-RX] [JETSON_RX] vision seq=52 valid=0 dcx=0 dcy=0
[14:03:18.886] [ARM-RX] [JETSON_RX] vision seq=54 valid=0 dcx=0 dcy=0
[14:03:19.058] [ARM-RX] [JETSON_RX] vision seq=56 valid=0 dcx=0 dcy=0
[14:03:19.214] [ARM-RX] [JETSON_RX] crc failed type=0x03 rx=0xA5DD calc=0x23DD
[14:03:19.383] [ARM-RX] [JETSON_RX] vision seq=60 valid=0 dcx=0 dcy=0
[14:03:19.539] [ARM-RX] [JETSON_RX] vision seq=62 valid=0 dcx=0 dcy=0
[14:03:19.710] [ARM-RX] [JETSON_RX] vision seq=64 valid=0 dcx=0 dcy=0
[14:03:19.866] [ARM-RX] [JETSON_RX] vision seq=66 valid=0 dcx=0 dcy=0
[14:03:20.039] [ARM-RX] [JETSON_RX] vision seq=68 valid=0 dcx=0 dcy=0
[14:03:20.197] [ARM-RX] [JETSON_RX] vision seq=70 valid=0 dcx=0 dcy=0
[14:03:20.368] [ARM-RX] [JETSON_RX] vision seq=72 valid=0 dcx=0 dcy=0
[14:03:20.525] [ARM-RX] [JETSON_RX] vision seq=74 valid=0 dcx=0 dcy=0
[14:03:20.696] [ARM-RX] [JETSON_RX] vision seq=76 valid=0 dcx=0 dcy=0
[14:03:20.854] [ARM-RX] [JETSON_RX] vision seq=78 valid=0 dcx=0 dcy=0
[14:03:21.027] [ARM-RX] [JETSON_RX] vision seq=80 valid=0 dcx=0 dcy=0
[14:03:21.184] [ARM-RX] [JETSON_RX] vision seq=82 valid=0 dcx=0 dcy=0
[14:03:21.355] [ARM-RX] [JETSON_RX] vision seq=84 valid=0 dcx=0 dcy=0
[14:03:21.513] [ARM-RX] [JETSON_RX] vision seq=86 valid=0 dcx=0 dcy=0
[14:03:21.686] [ARM-RX] [JETSON_RX] vision seq=88 valid=0 dcx=0 dcy=0
[14:03:21.844] [ARM-RX] [JETSON_RX] vision seq=90 valid=0 dcx=0 dcy=0
[14:03:22.014] [ARM-RX] [JETSON_RX] vision seq=92 valid=0 dcx=0 dcy=0
[14:03:22.170] [ARM-RX] [JETSON_RX] vision seq=94 valid=0 dcx=0 dcy=0
[14:03:22.328] [ARM-RX] [JETSON_RX] vision seq=96 valid=0 dcx=0 dcy=0
[14:03:22.502] [ARM-RX] [JETSON_RX] vision seq=98 valid=0 dcx=0 dcy=0
[14:03:22.659] [ARM-RX] [JETSON_RX] vision seq=100 valid=0 dcx=0 dcy=0
[14:03:22.816] [ARM-RX] [JETSON_RX] vision seq=102 valid=0 dcx=0 dcy=0
[14:03:22.988] [ARM-RX] [JETSON_RX] vision seq=104 valid=0 dcx=0 dcy=0
[14:03:23.159] [ARM-RX] [JETSON_RX] vision seq=106 valid=0 dcx=0 dcy=0
[14:03:23.315] [ARM-RX] [JETSON_RX] vision seq=108 valid=0 dcx=0 dcy=0
[14:03:23.472] [ARM-RX] [JETSON_RX] vision seq=110 valid=0 dcx=0 dcy=0
[14:03:23.642] [ARM-RX] [JETSON_RX] vision seq=112 valid=0 dcx=0 dcy=0
[14:03:23.813] [ARM-RX] [JETSON_RX] vision seq=114 valid=0 dcx=0 dcy=0
[14:03:23.968] [ARM-RX] [JETSON_RX] vision seq=116 valid=0 dcx=0 dcy=0
[14:03:24.123] [ARM-RX] [JETSON_RX] vision seq=118 valid=0 dcx=0 dcy=0
[14:03:24.293] [ARM-RX] [JETSON_RX] vision seq=120 valid=0 dcx=0 dcy=0
[14:03:24.465] [ARM-RX] [JETSON_RX] vision seq=122 valid=0 dcx=0 dcy=0
[14:03:24.620] [ARM-RX] [JETSON_RX] vision seq=124 valid=0 dcx=0 dcy=0
[14:03:24.789] [ARM-RX] [JETSON_RX] vision seq=126 valid=0 dcx=0 dcy=0
[14:03:24.943] [ARM-RX] [JETSON_RX] vision seq=128 valid=0 dcx=0 dcy=0
[14:03:25.113] [ARM-RX] [JETSON_RX] vision seq=130 valid=0 dcx=0 dcy=0
[14:03:25.286] [ARM-RX] [JETSON_RX] vision seq=132 valid=0 dcx=0 dcy=0
[14:03:25.443] [ARM-RX] [JETSON_RX] vision seq=134 valid=0 dcx=0 dcy=0
[14:03:25.598] [ARM-RX] [JETSON_RX] vision seq=136 valid=0 dcx=0 dcy=0
[14:03:25.768] [ARM-RX] [JETSON_RX] vision seq=138 valid=0 dcx=0 dcy=0
[14:03:25.939] [ARM-RX] [JETSON_RX] crc failed type=0x03 rx=0xA50A calc=0xE80A
[14:03:26.093] [ARM-RX] [JETSON_RX] vision seq=142 valid=0 dcx=0 dcy=0
[14:03:26.265] [ARM-RX] [JETSON_RX] vision seq=144 valid=0 dcx=0 dcy=0
[14:03:26.436] [ARM-RX] [JETSON_RX] vision seq=146 valid=0 dcx=0 dcy=0
[14:03:26.592] [ARM-RX] [JETSON_RX] vision seq=148 valid=0 dcx=0 dcy=0
[14:03:26.763] [ARM-RX] [JETSON_RX] vision seq=150 valid=0 dcx=0 dcy=0
[14:03:26.918] [ARM-RX] [JETSON_RX] vision seq=152 valid=0 dcx=0 dcy=0
[14:03:27.089] [ARM-RX] [JETSON_RX] vision seq=154 valid=0 dcx=0 dcy=0
[14:03:27.245] [ARM-RX] [JETSON_RX] vision seq=156 valid=0 dcx=0 dcy=0
[14:03:27.401] [ARM-RX] [JETSON_RX] vision seq=158 valid=0 dcx=0 dcy=0
[14:03:27.574] [ARM-RX] [JETSON_RX] vision seq=160 valid=0 dcx=0 dcy=0
[14:03:27.744] [ARM-RX] [JETSON_RX] vision seq=162 valid=0 dcx=0 dcy=0
[14:03:27.898] [ARM-RX] [JETSON_RX] vision seq=164 valid=0 dcx=0 dcy=0
[14:03:28.054] [ARM-RX] [JETSON_RX] vision seq=166 valid=0 dcx=0 dcy=0
[14:03:28.224] [ARM-RX] [JETSON_RX] vision seq=168 valid=0 dcx=0 dcy=0
[14:03:28.379] [ARM-RX] [JETSON_RX] vision seq=170 valid=0 dcx=0 dcy=0
[14:03:28.550] [ARM-RX] [JETSON_RX] vision seq=172 valid=0 dcx=0 dcy=0
[14:03:28.706] [ARM-RX] [JETSON_RX] vision seq=174 valid=0 dcx=0 dcy=0
[14:03:28.879] [ARM-RX] [JETSON_RX] vision seq=176 valid=0 dcx=0 dcy=0
[14:03:29.034] [ARM-RX] [JETSON_RX] vision seq=178 valid=0 dcx=0 dcy=0
[14:03:29.205] [ARM-RX] [JETSON_RX] vision seq=180 valid=0 dcx=0 dcy=0
[14:03:29.360] [ARM-RX] [JETSON_RX] vision seq=182 valid=0 dcx=0 dcy=0
[14:03:29.532] [ARM-RX] [JETSON_RX] vision seq=184 valid=0 dcx=0 dcy=0
[14:03:29.689] [ARM-RX] [JETSON_RX] vision seq=186 valid=0 dcx=0 dcy=0
[14:03:29.859] [ARM-RX] [JETSON_RX] vision seq=188 valid=0 dcx=0 dcy=0
[14:03:30.015] [ARM-RX] [JETSON_RX] vision seq=190 valid=0 dcx=0 dcy=0
[14:03:30.187] [ARM-RX] [JETSON_RX] vision seq=192 valid=0 dcx=0 dcy=0
[14:03:30.341] [ARM-RX] [JETSON_RX] vision seq=194 valid=0 dcx=0 dcy=0
[14:03:30.512] [ARM-RX] [JETSON_RX] vision seq=196 valid=0 dcx=0 dcy=0
[14:03:30.667] [ARM-RX] [JETSON_RX] vision seq=198 valid=0 dcx=0 dcy=0
[14:03:30.839] [ARM-RX] [JETSON_RX] vision seq=200 valid=0 dcx=0 dcy=0
[14:03:30.994] [ARM-RX] [JETSON_RX] vision seq=202 valid=0 dcx=0 dcy=0
[14:03:31.148] [ARM-RX] [JETSON_RX] vision seq=204 valid=0 dcx=0 dcy=0
[14:03:31.318] [ARM-RX] [JETSON_RX] vision seq=206 valid=0 dcx=0 dcy=0
[14:03:31.490] [ARM-RX] [JETSON_RX] vision seq=208 valid=0 dcx=0 dcy=0
[14:03:31.647] [ARM-RX] [JETSON_RX] vision seq=210 valid=0 dcx=0 dcy=0
[14:03:31.803] [ARM-RX] [JETSON_RX] vision seq=212 valid=0 dcx=0 dcy=0
[14:03:31.977] [ARM-RX] [JETSON_RX] vision seq=214 valid=0 dcx=0 dcy=0
[14:03:32.149] [ARM-RX] [JETSON_RX] vision seq=216 valid=0 dcx=0 dcy=0
[14:03:32.305] [ARM-RX] [JETSON_RX] vision seq=218 valid=0 dcx=0 dcy=0
[14:03:32.461] [ARM-RX] [JETSON_RX] vision seq=220 valid=0 dcx=0 dcy=0
[14:03:32.633] [ARM-RX] [JETSON_RX] crc failed type=0x03 rx=0xA579 calc=0x2D79
[14:03:32.789] [ARM-RX] [JETSON_RX] vision seq=224 valid=0 dcx=0 dcy=0
[14:03:32.961] [ARM-RX] [JETSON_RX] vision seq=226 valid=0 dcx=0 dcy=0
[14:03:33.119] [ARM-RX] [JETSON_RX] vision seq=228 valid=0 dcx=0 dcy=0
[14:03:33.275] [ARM-RX] [JETSON_RX] vision seq=230 valid=0 dcx=0 dcy=0
[14:03:33.447] [ARM-RX] [JETSON_RX] vision seq=232 valid=0 dcx=0 dcy=0
[14:03:33.620] [ARM-RX] [JETSON_RX] vision seq=234 valid=0 dcx=0 dcy=0
[14:03:33.776] [ARM-RX] [JETSON_RX] vision seq=236 valid=0 dcx=0 dcy=0
[14:03:33.933] [ARM-RX] [JETSON_RX] vision seq=238 valid=0 dcx=0 dcy=0
[14:03:34.106] [ARM-RX] [JETSON_RX] vision seq=240 valid=0 dcx=0 dcy=0
[14:03:34.262] [ARM-RX] [JETSON_RX] vision seq=242 valid=0 dcx=0 dcy=0
[14:03:34.435] [ARM-RX] [JETSON_RX] vision seq=244 valid=0 dcx=0 dcy=0
[14:03:34.591] [ARM-RX] [JETSON_RX] vision seq=246 valid=0 dcx=0 dcy=0
[14:03:34.761] [ARM-RX] [JETSON_RX] vision seq=248 valid=0 dcx=0 dcy=0
[14:03:34.918] [ARM-RX] [JETSON_RX] vision seq=250 valid=0 dcx=0 dcy=0
[14:03:35.074] [ARM-RX] [JETSON_RX] vision seq=252 valid=0 dcx=0 dcy=0
[14:03:35.247] [ARM-RX] [JETSON_RX] vision seq=254 valid=0 dcx=0 dcy=0
[14:03:35.405] [ARM-RX] [JETSON_RX] vision seq=1 valid=0 dcx=0 dcy=0
[14:03:35.577] [ARM-RX] [JETSON_RX] vision seq=3 valid=0 dcx=0 dcy=0
[14:03:35.746] [ARM-RX] [JETSON_RX] vision seq=5 valid=0 dcx=0 dcy=0
[14:03:35.903] [ARM-RX] [JETSON_RX] vision seq=7 valid=0 dcx=0 dcy=0
[14:03:36.059] [ARM-RX] [JETSON_RX] vision seq=9 valid=0 dcx=0 dcy=0
[14:03:36.231] [ARM-RX] [JETSON_RX] vision seq=11 valid=0 dcx=0 dcy=0
[14:03:36.401] [ARM-RX] [JETSON_RX] vision seq=13 valid=0 dcx=0 dcy=0
[14:03:36.558] [ARM-RX] [JETSON_RX] vision seq=15 valid=0 dcx=0 dcy=0
[14:03:36.714] [ARM-RX] [JETSON_RX] vision seq=17 valid=0 dcx=0 dcy=0
[14:03:36.886] [ARM-RX] [JETSON_RX] vision seq=19 valid=0 dcx=0 dcy=0
[14:03:37.042] [ARM-RX] [JETSON_RX] vision seq=21 valid=0 dcx=0 dcy=0
[14:03:37.212] [ARM-RX] [JETSON_RX] vision seq=23 valid=0 dcx=0 dcy=0
[14:03:37.367] [ARM-RX] [JETSON_RX] vision seq=25 valid=0 dcx=0 dcy=0
[14:03:37.540] [ARM-RX] [JETSON_RX] vision seq=27 valid=0 dcx=0 dcy=0
[14:03:37.710] [ARM-RX] [JETSON_RX] vision seq=29 valid=0 dcx=0 dcy=0
[14:03:37.867] [ARM-RX] [JETSON_RX] vision seq=31 valid=0 dcx=0 dcy=0
[14:03:38.040] [ARM-RX] [JETSON_RX] vision seq=33 valid=0 dcx=0 dcy=0
[14:03:38.198] [ARM-RX] [JETSON_RX] vision seq=35 valid=0 dcx=0 dcy=0
[14:03:38.353] [ARM-RX] [JETSON_RX] vision seq=37 valid=0 dcx=0 dcy=0
[14:03:38.524] [ARM-RX] [JETSON_RX] vision seq=39 valid=0 dcx=0 dcy=0
[14:03:38.696] [ARM-RX] [JETSON_RX] vision seq=41 valid=0 dcx=0 dcy=0
[14:03:38.853] [ARM-RX] [JETSON_RX] vision seq=43 valid=0 dcx=0 dcy=0
[14:03:39.009] [ARM-RX] [JETSON_RX] vision seq=45 valid=0 dcx=0 dcy=0
[14:03:39.181] [ARM-RX] [JETSON_RX] vision seq=47 valid=0 dcx=0 dcy=0
[14:03:39.338] [ARM-RX] [JETSON_RX] crc failed type=0x03 rx=0xA567 calc=0xE367
[14:03:39.493] [ARM-RX] [JETSON_RX] vision seq=51 valid=0 dcx=0 dcy=0
[14:03:39.666] [ARM-RX] [JETSON_RX] vision seq=53 valid=0 dcx=0 dcy=0
[14:03:39.837] [ARM-RX] [JETSON_RX] vision seq=55 valid=0 dcx=0 dcy=0
[14:03:39.977] [ARM-RX] [JETSON_RX] vision seq=57 valid=0 dcx=0 dcy=0
[14:03:40.148] [ARM-RX] [JETSON_RX] vision seq=59 valid=0 dcx=0 dcy=0
[14:03:40.317] [ARM-RX] [JETSON_RX] vision seq=61 valid=0 dcx=0 dcy=0
[14:03:40.490] [ARM-RX] [JETSON_RX] vision seq=63 valid=0 dcx=0 dcy=0
[14:03:40.646] [ARM-RX] [JETSON_RX] vision seq=65 valid=0 dcx=0 dcy=0
[14:03:40.801] [ARM-RX] [JETSON_RX] vision seq=67 valid=0 dcx=0 dcy=0
[14:03:40.974] [ARM-RX] [JETSON_RX] vision seq=69 valid=0 dcx=0 dcy=0
[14:03:41.130] [ARM-RX] [JETSON_RX] vision seq=71 valid=0 dcx=0 dcy=0
[14:03:41.287] [ARM-RX] [JETSON_RX] vision seq=73 valid=0 dcx=0 dcy=0
[14:03:41.458] [ARM-RX] [JETSON_RX] vision seq=75 valid=0 dcx=0 dcy=0
[14:03:41.627] [ARM-RX] [JETSON_RX] vision seq=77 valid=0 dcx=0 dcy=0
[14:03:41.785] [ARM-RX] [JETSON_RX] vision seq=79 valid=0 dcx=0 dcy=0
[14:03:41.959] [ARM-RX] [JETSON_RX] vision seq=81 valid=0 dcx=0 dcy=0
[14:03:42.129] [ARM-RX] [JETSON_RX] vision seq=83 valid=0 dcx=0 dcy=0
[14:03:42.286] [ARM-RX] [JETSON_RX] vision seq=85 valid=0 dcx=0 dcy=0
[14:03:42.440] [ARM-RX] [JETSON_RX] vision seq=87 valid=0 dcx=0 dcy=0
[14:03:42.611] [ARM-RX] [JETSON_RX] vision seq=89 valid=0 dcx=0 dcy=0
[14:03:42.784] [ARM-RX] [JETSON_RX] vision seq=91 valid=0 dcx=0 dcy=0
[14:03:42.939] [ARM-RX] [JETSON_RX] vision seq=93 valid=0 dcx=0 dcy=0
[14:03:43.112] [ARM-RX] [JETSON_RX] vision seq=95 valid=0 dcx=0 dcy=0
[14:03:43.267] [ARM-RX] [JETSON_RX] vision seq=97 valid=0 dcx=0 dcy=0
[14:03:43.438] [ARM-RX] [JETSON_RX] vision seq=99 valid=0 dcx=0 dcy=0
[14:03:43.594] [ARM-RX] [JETSON_RX] vision seq=101 valid=0 dcx=0 dcy=0
[14:03:43.749] [ARM-RX] [JETSON_RX] vision seq=103 valid=0 dcx=0 dcy=0
[14:03:43.919] [ARM-RX] [JETSON_RX] vision seq=105 valid=0 dcx=0 dcy=0
[14:03:44.091] [ARM-RX] [JETSON_RX] vision seq=107 valid=0 dcx=0 dcy=0
[14:03:44.246] [ARM-RX] [JETSON_RX] vision seq=109 valid=0 dcx=0 dcy=0
[14:03:44.402] [ARM-RX] [JETSON_RX] vision seq=111 valid=0 dcx=0 dcy=0
[14:03:44.574] [ARM-RX] [JETSON_RX] vision seq=113 valid=0 dcx=0 dcy=0
[14:03:44.746] [ARM-RX] [JETSON_RX] vision seq=115 valid=0 dcx=0 dcy=0
[14:03:44.901] [ARM-RX] [JETSON_RX] vision seq=117 valid=0 dcx=0 dcy=0
[14:03:45.057] [ARM-RX] [JETSON_RX] vision seq=119 valid=0 dcx=0 dcy=0
[14:03:45.227] [ARM-RX] [JETSON_RX] vision seq=121 valid=0 dcx=0 dcy=0
[14:03:45.398] [ARM-RX] [JETSON_RX] vision seq=123 valid=0 dcx=0 dcy=0
[14:03:45.555] [ARM-RX] [JETSON_RX] vision seq=125 valid=0 dcx=0 dcy=0
[14:03:45.711] [ARM-RX] [JETSON_RX] vision seq=127 valid=0 dcx=0 dcy=0
[14:03:45.883] [ARM-RX] [JETSON_RX] vision seq=129 valid=0 dcx=0 dcy=0
[14:03:46.038] [ARM-RX] [JETSON_RX] crc failed type=0x03 rx=0xA5F5 calc=0xE8F5
[14:03:46.211] [ARM-RX] [JETSON_RX] vision seq=133 valid=0 dcx=0 dcy=0
[14:03:46.366] [ARM-RX] [JETSON_RX] vision seq=135 valid=0 dcx=0 dcy=0
[14:03:46.538] [ARM-RX] [JETSON_RX] vision seq=137 valid=0 dcx=0 dcy=0
[14:03:46.695] [ARM-RX] [JETSON_RX] vision seq=139 valid=0 dcx=0 dcy=0
[14:03:46.866] [ARM-RX] [JETSON_RX] vision seq=141 valid=0 dcx=0 dcy=0
[14:03:47.022] [ARM-RX] [JETSON_RX] vision seq=143 valid=0 dcx=0 dcy=0
[14:03:47.193] [ARM-RX] [JETSON_RX] vision seq=145 valid=0 dcx=0 dcy=0
[14:03:47.350] [ARM-RX] [JETSON_RX] vision seq=147 valid=0 dcx=0 dcy=0
[14:03:47.521] [ARM-RX] [JETSON_RX] vision seq=149 valid=0 dcx=0 dcy=0
[14:03:47.692] [ARM-RX] [JETSON_RX] vision seq=151 valid=0 dcx=0 dcy=0
[14:03:47.850] [ARM-RX] [JETSON_RX] vision seq=153 valid=0 dcx=0 dcy=0
[14:03:48.005] [ARM-RX] [JETSON_RX] vision seq=155 valid=0 dcx=0 dcy=0
[14:03:48.177] [ARM-RX] [JETSON_RX] vision seq=157 valid=0 dcx=0 dcy=0
[14:03:48.334] [ARM-RX] [JETSON_RX] vision seq=159 valid=0 dcx=0 dcy=0
[14:03:48.506] [ARM-RX] [JETSON_RX] vision seq=161 valid=0 dcx=0 dcy=0
[14:03:48.662] [ARM-RX] [JETSON_RX] vision seq=163 valid=0 dcx=0 dcy=0
[14:03:48.834] [ARM-RX] [JETSON_RX] vision seq=165 valid=0 dcx=0 dcy=0
[14:03:48.988] [ARM-RX] [JETSON_RX] vision seq=167 valid=0 dcx=0 dcy=0
[14:03:49.145] [ARM-RX] [JETSON_RX] vision seq=169 valid=0 dcx=0 dcy=0
[14:03:49.318] [ARM-RX] [JETSON_RX] vision seq=171 valid=0 dcx=0 dcy=0
[14:03:49.475] [ARM-RX] [JETSON_RX] vision seq=173 valid=0 dcx=0 dcy=0
[14:03:49.648] [ARM-RX] [JETSON_RX] vision seq=175 valid=0 dcx=0 dcy=0
[14:03:49.804] [ARM-RX] [JETSON_RX] vision seq=177 valid=0 dcx=0 dcy=0
[14:03:49.978] [ARM-RX] [JETSON_RX] vision seq=179 valid=0 dcx=0 dcy=0
[14:03:50.134] [ARM-RX] [JETSON_RX] vision seq=181 valid=0 dcx=0 dcy=0
[14:03:50.305] [ARM-RX] [JETSON_RX] vision seq=183 valid=0 dcx=0 dcy=0
[14:03:50.462] [ARM-RX] [JETSON_RX] vision seq=185 valid=0 dcx=0 dcy=0
[14:03:50.635] [ARM-RX] [JETSON_RX] vision seq=187 valid=0 dcx=0 dcy=0
[14:03:50.790] [ARM-RX] [JETSON_RX] vision seq=189 valid=0 dcx=0 dcy=0
[14:03:50.961] [ARM-RX] [JETSON_RX] vision seq=191 valid=0 dcx=0 dcy=0
[14:03:51.119] [ARM-RX] [JETSON_RX] vision seq=193 valid=0 dcx=0 dcy=0
[14:03:51.291] [ARM-RX] [JETSON_RX] vision seq=195 valid=0 dcx=0 dcy=0
[14:03:51.448] [ARM-RX] [JETSON_RX] vision seq=197 valid=0 dcx=0 dcy=0
[14:03:51.606] [ARM-RX] [JETSON_RX] vision seq=199 valid=0 dcx=0 dcy=0
[14:03:51.781] [ARM-RX] [JETSON_RX] vision seq=201 valid=0 dcx=0 dcy=0
[14:03:51.938] [ARM-RX] [JETSON_RX] vision seq=203 valid=0 dcx=0 dcy=0
[14:03:52.110] [ARM-RX] [JETSON_RX] vision seq=205 valid=0 dcx=0 dcy=0
[14:03:52.268] [ARM-RX] [JETSON_RX] vision seq=207 valid=0 dcx=0 dcy=0
[14:03:52.425] [ARM-RX] [JETSON_RX] vision seq=209 valid=0 dcx=0 dcy=0
[14:03:52.598] [ARM-RX] [JETSON_RX] vision seq=211 valid=0 dcx=0 dcy=0
[14:03:52.755] [ARM-RX] [JETSON_RX] crc failed type=0x03 rx=0xA5C3 calc=0xEDC3
[14:03:52.926] [ARM-RX] [JETSON_RX] vision seq=215 valid=0 dcx=0 dcy=0
[14:03:53.084] [ARM-RX] [JETSON_RX] vision seq=217 valid=0 dcx=0 dcy=0
[14:03:53.240] [ARM-RX] [JETSON_RX] vision seq=219 valid=0 dcx=0 dcy=0
[14:03:53.411] [ARM-RX] [JETSON_RX] vision seq=221 valid=0 dcx=0 dcy=0
[14:03:53.582] [ARM-RX] [JETSON_RX] vision seq=223 valid=0 dcx=0 dcy=0
[14:03:53.738] [ARM-RX] [JETSON_RX] vision seq=225 valid=0 dcx=0 dcy=0
[14:03:53.910] [ARM-RX] [JETSON_RX] vision seq=227 valid=0 dcx=0 dcy=0
[14:03:54.082] [ARM-RX] [JETSON_RX] vision seq=229 valid=0 dcx=0 dcy=0
[14:03:54.239] [ARM-RX] [JETSON_RX] vision seq=231 valid=0 dcx=0 dcy=0
[14:03:54.396] [ARM-RX] [JETSON_RX] vision seq=233 valid=0 dcx=0 dcy=0
[14:03:54.567] [ARM-RX] [JETSON_RX] vision seq=235 valid=0 dcx=0 dcy=0
[14:03:54.724] [ARM-RX] [JETSON_RX] vision seq=237 valid=0 dcx=0 dcy=0
[14:03:54.896] [ARM-RX] [JETSON_RX] vision seq=239 valid=0 dcx=0 dcy=0
[14:03:55.053] [ARM-RX] [JETSON_RX] vision seq=241 valid=0 dcx=0 dcy=0
[14:03:55.225] [ARM-RX] [JETSON_RX] vision seq=243 valid=0 dcx=0 dcy=0
[14:03:55.381] [ARM-RX] [JETSON_RX] vision seq=245 valid=0 dcx=0 dcy=0
[14:03:55.551] [ARM-RX] [JETSON_RX] vision seq=247 valid=0 dcx=0 dcy=0
[14:03:55.722] [ARM-RX] [JETSON_RX] vision seq=249 valid=0 dcx=0 dcy=0
[14:03:55.878] [ARM-RX] [JETSON_RX] vision seq=251 valid=0 dcx=0 dcy=0
[14:03:56.050] [ARM-RX] [JETSON_RX] vision seq=253 valid=0 dcx=0 dcy=0
[14:03:56.221] [ARM-RX] [JETSON_RX] vision seq=255 valid=0 dcx=0 dcy=0
[14:03:56.377] [ARM-RX] [JETSON_RX] vision seq=2 valid=0 dcx=0 dcy=0
[14:03:56.533] [ARM-RX] [JETSON_RX] vision seq=4 valid=0 dcx=0 dcy=0
[14:03:56.705] [ARM-RX] [JETSON_RX] vision seq=6 valid=0 dcx=0 dcy=0
[14:03:56.862] [ARM-RX] [JETSON_RX] vision seq=8 valid=0 dcx=0 dcy=0
[14:03:57.017] [ARM-RX] [JETSON_RX] vision seq=10 valid=0 dcx=0 dcy=0
[14:03:57.188] [ARM-RX] [JETSON_RX] vision seq=12 valid=0 dcx=0 dcy=0
[14:03:57.362] [ARM-RX] [JETSON_RX] vision seq=14 valid=0 dcx=0 dcy=0
[14:03:57.517] [ARM-RX] [JETSON_RX] vision seq=16 valid=0 dcx=0 dcy=0
[14:03:57.673] [ARM-RX] [JETSON_RX] vision seq=18 valid=0 dcx=0 dcy=0
[14:03:57.844] [ARM-RX] [JETSON_RX] vision seq=20 valid=0 dcx=0 dcy=0
[14:03:58.015] [ARM-RX] [JETSON_RX] vision seq=22 valid=0 dcx=0 dcy=0
[14:03:58.173] [ARM-RX] [JETSON_RX] vision seq=24 valid=0 dcx=0 dcy=0
[14:03:58.346] [ARM-RX] [JETSON_RX] vision seq=26 valid=0 dcx=0 dcy=0
[14:03:58.502] [ARM-RX] [JETSON_RX] vision seq=28 valid=0 dcx=0 dcy=0
[14:03:58.659] [ARM-RX] [JETSON_RX] vision seq=30 valid=0 dcx=0 dcy=0
[14:03:58.832] [ARM-RX] [JETSON_RX] vision seq=32 valid=0 dcx=0 dcy=0
[14:03:58.989] [ARM-RX] [JETSON_RX] vision seq=34 valid=0 dcx=0 dcy=0
[14:03:59.160] [ARM-RX] [JETSON_RX] vision seq=36 valid=0 dcx=0 dcy=0
[14:03:59.316] [ARM-RX] [JETSON_RX] vision seq=38 valid=0 dcx=0 dcy=0
[14:03:59.487] [ARM-RX] [JETSON_RX] crc failed type=0x03 rx=0xA5EF calc=0x22EF
[14:03:59.644] [ARM-RX] [JETSON_RX] vision seq=42 valid=0 dcx=0 dcy=0
[14:03:59.815] [ARM-RX] [JETSON_RX] vision seq=44 valid=0 dcx=0 dcy=0
[14:03:59.972] [ARM-RX] [JETSON_RX] vision seq=46 valid=0 dcx=0 dcy=0
[14:04:00.144] [ARM-RX] [JETSON_RX] vision seq=48 valid=0 dcx=0 dcy=0
[14:04:00.300] [ARM-RX] [JETSON_RX] vision seq=50 valid=0 dcx=0 dcy=0
[14:04:00.473] [ARM-RX] [JETSON_RX] vision seq=52 valid=0 dcx=0 dcy=0
[14:04:00.630] [ARM-RX] [JETSON_RX] vision seq=54 valid=0 dcx=0 dcy=0
[14:04:00.787] [ARM-RX] [JETSON_RX] vision seq=56 valid=0 dcx=0 dcy=0
[14:04:00.907] [ARM-INFO] 已关闭串口
[14:38:30.267] [ARM-INFO] 已关闭串口
[14:38:30.850] [ARM-INFO] opened COM17 @ 115200
[14:38:32.515] [ARM-RX] [JETSON_RX] crc failed type=0x01 rx=0xBEC6 calc=0x8851
[14:38:32.557] [ARM-TX] 发送命令 soft_reset: soft_reset
[14:38:32.671] [ARM-RX] Found handler for 'soft_reset', executing...
[14:38:32.671] [ARM-RX] ROBOT_SOFT_RESET_EVENT
[14:38:32.671] [ARM-RX] --- Starting soft reset ---
[14:38:32.858] [ARM-RX] Soft reset motors enabled (J1~J5, J6 skipped).
[14:38:32.858] [ARM-RX] Soft resetting joint 4...
[14:38:32.858] [ARM-RX] robot_update_current_angle 4...
[14:38:32.858] [ARM-RX] [4] current:90.00, target:90.00, dir:-1
[14:38:33.012] [ARM-RX] Soft resetting joint 3...
[14:38:33.012] [ARM-RX] robot_update_current_angle 3...
[14:38:33.012] [ARM-RX] [3] current:-0.04, target:0.00, dir:1
[14:38:33.167] [ARM-RX] Soft resetting joint 1...
[14:38:33.167] [ARM-RX] robot_update_current_angle 1...
[14:38:33.167] [ARM-RX] [1] current:114.76, target:90.00, dir:-1
[14:38:34.990] [ARM-RX] soft reset joint 1 settle timeout, keep going
[14:38:34.990] [ARM-RX] Soft resetting joint 2...
[14:38:34.990] [ARM-RX] robot_update_current_angle 2...
[14:38:34.990] [ARM-RX] [2] current:-51.09, target:-90.00, dir:-1
[14:38:37.247] [ARM-RX] soft reset joint 2 settle timeout, keep going
[14:38:37.247] [ARM-RX] Soft resetting joint 0...
[14:38:37.247] [ARM-RX] robot_update_current_angle 0...
[14:38:37.247] [ARM-RX] [0] current:115.52, target:90.00, dir:-1
[14:38:39.021] [ARM-RX] soft reset joint 0 settle timeout, keep going
[14:38:39.021] [ARM-RX] soft reset verify not pass, start refine loop...
[14:38:39.114] [ARM-RX] soft reset refine joint 0 round 1: cur=93.29 target=90.00 err=3.29 dir=-1
[14:38:39.944] [ARM-RX] soft reset refine pass 1 success.
[14:38:39.944] [ARM-RX] soft reset final verify PASS (issues:3), pose set HOME.
[14:38:45.708] [ARM-INFO] 已关闭串口
[14:44:33.358] [ARM-INFO] opened COM17 @ 115200
[14:44:35.432] [ARM-RX] soft reset joint 3 settle timeout, keep going
[14:44:35.432] [ARM-RX] Soft resetting joint 1...
[14:44:35.433] [ARM-RX] robot_update_current_angle 1...
[14:44:35.433] [ARM-RX] [1] current:119.37, target:90.00, dir:-1
[14:44:37.381] [ARM-RX] soft reset joint 1 settle timeout, keep going
[14:44:37.381] [ARM-RX] Soft resetting joint 2...
[14:44:37.382] [ARM-RX] robot_update_current_angle 2...
[14:44:37.382] [ARM-RX] [2] current:-51.10, target:-90.00, dir:-1
[14:44:37.506] [ARM-RX] [JETSON_RX] crc failed type=0x01 rx=0x5AA5 calc=0x376A
[14:44:39.628] [ARM-RX] soft reset joint 2 settle timeout, keep going
[14:44:39.628] [ARM-RX] Soft resetting joint 0...
[14:44:39.628] [ARM-RX] robot_update_current_angle 0...
[14:44:39.628] [ARM-RX] [0] current:115.52, target:90.00, dir:-1
[14:44:41.418] [ARM-RX] soft reset joint 0 settle timeout, keep going
[14:44:41.418] [ARM-RX] soft reset verify not pass, start refine loop...
[14:44:41.511] [ARM-RX] soft reset refine joint 0 round 1: cur=93.29 target=90.00 err=3.29 dir=-1
[14:44:42.386] [ARM-RX] soft reset refine pass 1 success.
[14:44:42.386] [ARM-RX] soft reset final verify PASS (issues:4), pose set HOME.
[14:44:42.386] [ARM-RX] [WORKFLOW] CAPTURE -> CAPTURE_HOME
[14:44:52.467] [ARM-ERROR] GetOverlappedResult failed (PermissionError(13, '拒绝访问。', None, 5))
[14:45:36.665] [APP-INFO] 已刷新串口: COM16, COM22, COM21, COM17
[14:45:37.336] [APP-INFO] 已刷新串口: COM16, COM22, COM21, COM17
[14:45:37.945] [APP-INFO] 已刷新串口: COM16, COM22, COM21, COM17
[16:32:28.641] [ARM-INFO] opened COM17 @ 115200
[16:32:30.366] [ARM-TX] 发送命令 soft_reset: soft_reset
[16:32:30.434] [ARM-RX] Found handler for 'soft_reset', executing...
[16:32:30.435] [ARM-RX] ROBOT_SOFT_RESET_EVENT
[16:32:30.435] [ARM-RX] --- Starting soft reset ---
[16:32:30.668] [ARM-RX] Soft reset motors enabled (J1~J5, J6 skipped).
[16:32:30.668] [ARM-RX] Soft resetting joint 4...
[16:32:30.668] [ARM-RX] robot_update_current_angle 4...
[16:32:30.669] [ARM-RX] [4] current:76.99, target:90.00, dir:1
[16:32:31.897] [ARM-RX] Soft resetting joint 3...
[16:32:31.897] [ARM-RX] robot_update_current_angle 3...
[16:32:31.897] [ARM-RX] [3] current:-0.29, target:0.00, dir:1
[16:32:32.054] [ARM-RX] Soft resetting joint 1...
[16:32:32.054] [ARM-RX] robot_update_current_angle 1...
[16:32:32.054] [ARM-RX] [1] current:116.63, target:90.00, dir:-1
[16:32:33.948] [ARM-RX] soft reset joint 1 settle timeout, keep going
[16:32:33.948] [ARM-RX] Soft resetting joint 2...
[16:32:33.948] [ARM-RX] robot_update_current_angle 2...
[16:32:33.948] [ARM-RX] [2] current:-50.29, target:-90.00, dir:-1
[16:32:36.128] [ARM-RX] soft reset joint 2 settle timeout, keep going
[16:32:36.130] [ARM-RX] Soft resetting joint 0...
[16:32:36.130] [ARM-RX] robot_update_current_angle 0...
[16:32:36.130] [ARM-RX] [0] current:94.53, target:90.00, dir:-1
[16:32:36.856] [ARM-INFO] 已关闭串口
[17:06:41.765] [JETSON-INFO] 已停止周期视觉发送
[17:06:41.765] [JETSON-INFO] heartbeat stopped
[17:06:41.766] [JETSON-INFO] safe distance stopped
