[10:54:57.276] [APP-INFO] 已刷新串口: COM7, COM16, COM22, COM21, COM14
[10:54:57.277] [APP-INFO] log file: E:\Renesas\RA6M5-Robot\Robot_FreeRTOS - Arm\UpperComputer\dist\logs\ra6m5_upper_console_20260705_105457.log
[10:55:02.363] [ARM-INFO] opened COM7 @ 115200
[10:55:02.740] [JETSON-INFO] opened COM14 @ 115200
[10:55:03.791] [ARM-TX] 发送命令 soft_reset: soft_reset
[10:55:04.080] [ARM-RX] Horco CMSIS-DAP V2
[10:55:04.081] [ARM-RX] Ver: Release 0.2
[10:55:04.081] [ARM-RX] The DAPLink is an open souFound handler for 'soft_reset', executing...
[10:55:04.081] [ARM-RX] ROBOT_SOFT_RESET_EVSoft reset motors enabled (J1~J5, J6 skipped).
[10:55:04.081] [ARM-RX] Soft resetting joint 4...
[10:55:04.083] [ARM-RX] robot_update_current_angle 4...
[10:55:04.083] [ARM-RX] [4] current:89.78, t
[10:55:04.143] [ARM-RX] arget:90.00, dir:1
[10:55:04.205] [ARM-RX] Soft resetting joint 3...
[10:55:04.266] [ARM-RX] robot_update_current_angle 3...
[10:55:04.266] [ARM-RX] [3] current:-3.82, target:0.00, dir:1
[10:55:05.014] [ARM-RX] Soft resetting joint 1...
[10:55:05.014] [ARM-RX] robot_update_current_angle 1...
[10:55:05.014] [ARM-RX] [1] current:107.01, target:90.00, dir:-1
[10:55:06.635] [ARM-RX] soft reset joint 1 settle timeout, keep going
[10:55:06.635] [ARM-RX] Soft resetting joint 2...
[10:55:06.635] [ARM-RX] robot_update_current_angle 2...
[10:55:06.637] [ARM-RX] [2] current:-72.43, target:-90.00, dir:-1
[10:55:08.375] [ARM-RX] soft reset joint 2 settle timeout, keep going
[10:55:08.375] [ARM-RX] Soft resetting joint 0...
[10:55:08.375] [ARM-RX] robot_update_current_angle 0...
[10:55:08.375] [ARM-RX] [0] current:93.61, target:90.00, dir:-1
[10:55:09.121] [ARM-RX] soft reset final verify PASS (issues:2), pose set HOME.
[10:55:36.729] [DEMO-INFO] 演示配置已保存
[10:55:36.729] [DEMO-INFO] 一键定靶演示开始
[10:55:36.729] [JETSON-TX] TARGET_CTRL_START: AA 01 01 BB
[10:55:36.800] [JETSON-RX] CC 04 01 DD
[10:55:36.801] [JETSON-STATUS] TARGET_CTRL_ON: CC 04 01 DD
[10:55:36.838] [ARM-RX] [JETSON_RX] target_ctrl=1
[10:55:36.839] [ARM-RX] ROBOT_AUTO_EVENT
[10:55:36.839] [ARM-RX] [0] <0.00 0.00 0.00> result: 90.00 90.00 -90.00 0.00 90.00 0.00
[10:55:36.839] [ARM-RX] [1] <0.00 -0.00 -0.00> result: 90.00 90.00 -90.00 0.00 90.00 0.00
[10:55:36.839] [ARM-RX] [2] <0.00 -0.00 -0.00> result: 90.00 90.00 -90.00 0.00 90.00 0.00
[10:55:36.839] [ARM-RX] [3] <0.00 -0.
[10:55:36.840] [ARM-RX] 01 -0.00> result: 90.00 90.00 -90.00 0.00 90.00 0.00
[10:55:36.840] [ARM-RX] [4] <0.00 -0.02 -0.00> result: 90.00 90.01 -90.00 0.00 90.00 0.00
[10:55:36.841] [ARM-RX] [5] <0.00 -0.03 -0.00> result: 90.00 90.01 -89.99 0.00 90.00 0.00
[10:55:36.841] [ARM-RX] [6] <0.00 -0.05 -0.00> result: 90.00 90.02 -89.99 0.00 90.00 0.00
[10:55:36.841] [ARM-RX] [
[10:55:36.842] [ARM-RX] 7] <0.00 -0.07 -0.00> result: 90.00 90.02 -89.98 0.00 90.00 0.00
[10:55:36.842] [ARM-RX] [8] <0.00 -0.11 -0.00> result: 90.00 90.03 -89.97 0.00 90.00 0.00
[10:55:36.842] [ARM-RX] [9] <0.00 -0.15 -0.00> result: 90.00 90.05 -89.96 0.00 90.00 0.00
[10:55:36.842] [ARM-RX] [10] <0.00 -0.20 -0.01> result: 90.00 90.06 -89.94 0.00
[10:55:36.844] [ARM-RX] 90.01 0.00
[10:55:36.844] [ARM-RX] [11] <0.00 -0.27 -0.01> result: 90.00 90.08 -89.92 0.00 90.01 0.00
[10:55:36.844] [ARM-RX] [12] <0.00 -0.34 -0.01> result: 90.00 90.11 -89.90 0.00 90.01 0.00
[10:55:36.844] [ARM-RX] [13] <0.00 -0.43 -0.01> result: 90.00 90.14 -89.88 0.00 90.01 0.00
[10:55:36.845] [ARM-RX] [14] <0.00 -0.54 -0.01> result: 90.00 90
[10:55:36.866] [ARM-RX] .17 -89.85 0.00 90.02 0.00
[10:55:36.866] [ARM-RX] [15] <0.00 -0.65 -0.02> result: 90.00 90.20 -89.81 0.00 90.02 0.00
[10:55:36.866] [ARM-RX] [16] <0.00 -0.79 -0.02> result: 90.00 90.25 -89.78 0.00 90.02 0.00
[10:55:36.867] [ARM-RX] [17] <0.00 -0.94 -0.02> result: 90.00 90.29 -89.73 0.00 90.03 0.00
[10:55:36.867] [ARM-RX] [18] <0.00 -1.10 -0.03>
[10:55:36.888] [ARM-RX] result: 90.00 90.34 -89.69 0.00 90.03 0.00
[10:55:36.889] [ARM-RX] [19] <0.00 -1.29 -0.03> result: 90.00 90.40 -89.63 0.00 90.03 0.00
[10:55:36.889] [ARM-RX] [20] <0.00 -1.49 -0.04> result: 90.00 90.46 -89.57 0.00 90.04 0.00
[10:55:36.889] [ARM-RX] [21] <0.00 -1.72 -0.04> result: 90.00 90.53 -89.51 0.00 90.04 0.00
[10:55:36.889] [ARM-RX] [22] <0.
[10:55:36.914] [ARM-RX] 00 -1.97 -0.05> result: 90.00 90.61 -89.44 0.00 90.05 0.00
[10:55:36.914] [ARM-RX] [23] <0.00 -2.23 -0.06> result: 90.00 90.69 -89.36 0.00 90.05 0.00
[10:55:36.914] [ARM-RX] [24] <0.00 -2.52 -0.06> result: 90.00 90.77 -89.28 0.00 90.05 0.00
[10:55:36.914] [ARM-RX] [25] <0.00 -2.84 -0.07> result: 90.00 90.87 -89.19 0.00 90.0
[10:55:36.946] [ARM-RX] 6 0.00
[10:55:36.946] [ARM-RX] [26] <0.00 -3.17 -0.08> result: 90.00 90.97 -89.10 0.00 90.06 0.00
[10:55:36.947] [ARM-RX] [27] <0.00 -3.53 -0.09> result: 90.00 91.07 -88.99 0.00 90.06 0.00
[10:55:36.947] [ARM-RX] [28] <0.00 -3.92 -0.10> result: 90.00 91.18 -88.88 0.00 90.07 0.00
[10:55:36.947] [ARM-RX] [29] <0.00 -4.33 -0.11> result: 90.00 91.30
[10:55:36.969] [ARM-RX] -88.76 0.00 90.07 0.00
[10:55:36.970] [ARM-RX] [30] <0.00 -4.77 -0.12> result: 90.00 91.43 -88.64 0.00 90.07 0.00
[10:55:36.970] [ARM-RX] [31] <0.00 -5.23 -0.13> result: 90.00 91.56 -88.51 0.00 90.07 0.00
[10:55:36.970] [ARM-RX] [32] <0.00 -5.72 -0.14> result: 90.00 91.70 -88.37 0.00 90.07 0.00
[10:55:36.970] [ARM-RX] [33] <0.00 -6.24 -0.16> resu
[10:55:36.992] [ARM-RX] lt: 90.00 91.85 -88.22 0.00 90.06 0.00
[10:55:36.992] [ARM-RX] [34] <0.00 -6.79 -0.17> result: 90.00 92.00 -88.06 0.00 90.06 0.00
[10:55:36.992] [ARM-RX] [35] <0.00 -7.36 -0.18> result: 90.00 92.16 -87.89 0.00 90.05 0.00
[10:55:36.993] [ARM-RX] [36] <0.00 -7.96 -0.20> result: 90.00 92.32 -87.72 0.00 90.04 0.00
[10:55:36.993] [ARM-RX] [37] <0.00 -
[10:55:37.014] [ARM-RX] 8.60 -0.21> result: 90.00 92.49 -87.54 0.00 90.03 0.00
[10:55:37.015] [ARM-RX] [38] <0.00 -9.26 -0.23> result: 90.00 92.67 -87.35 0.00 90.02 0.00
[10:55:37.015] [ARM-RX] [39] <0.00 -9.95 -0.25> result: 90.00 92.85 -87.15 0.00 90.00 0.00
[10:55:37.015] [ARM-RX] [40] <0.00 -10.67 -0.27> result: 90.00 93.04 -86.94 0.00 89.98 0
[10:55:37.038] [ARM-RX] .00
[10:55:37.038] [ARM-RX] [41] <0.00 -11.42 -0.29> result: 90.00 93.24 -86.72 0.00 89.96 0.00
[10:55:37.039] [ARM-RX] [42] <0.00 -12.20 -0.30> result: 90.00 93.44 -86.50 0.00 89.93 0.00
[10:55:37.039] [ARM-RX] [43] <0.00 -13.01 -0.33> result: 90.00 93.64 -86.26 0.00 89.91 0.00
[10:55:37.039] [ARM-RX] [44] <0.00 -13.85 -0.35> result: 90.00 93.85
[10:55:37.061] [ARM-RX] -86.02 0.00 89.87 0.00
[10:55:37.061] [ARM-RX] [45] <0.00 -14.72 -0.37> result: 90.00 94.07 -85.77 0.00 89.84 0.00
[10:55:37.062] [ARM-RX] [46] <0.00 -15.62 -0.39> result: 90.00 94.29 -85.51 0.00 89.80 0.00
[10:55:37.062] [ARM-RX] [47] <0.00 -16.55 -0.41> result: 90.00 94.52 -85.24 0.00 89.75 0.00
[10:55:37.062] [ARM-RX] [48] <0.00 -17.51 -0.44>
[10:55:37.085] [ARM-RX] result: 90.00 94.75 -84.96 0.00 89.70 0.00
[10:55:37.085] [ARM-RX] [49] <0.00 -18.49 -0.46> result: 90.00 94.98 -84.67 0.00 89.65 0.00
[10:55:37.085] [ARM-RX] [50] <0.00 -19.51 -0.49> result: 90.00 95.22 -84.37 0.00 89.59 0.00
[10:55:37.086] [ARM-RX] [51] <0.00 -20.56 -0.51> result: 90.00 95.47 -84.06 0.00 89.53 0.00
[10:55:37.086] [ARM-RX] [52]
[10:55:37.106] [ARM-RX] <0.00 -21.64 -0.54> result: 90.00 95.71 -83.75 0.00 89.46 0.00
[10:55:37.106] [ARM-RX] [53] <0.00 -22.74 -0.57> result: 90.00 95.97 -83.43 0.00 89.39 0.00
[10:55:37.107] [ARM-RX] [54] <0.00 -23.88 -0.60> result: 90.00 96.22 -83.09 0.00 89.32 0.00
[10:55:37.107] [ARM-RX] [55] <0.00 -25.04 -0.63> result: 90.00 96.48 -82.75 0
[10:55:37.141] [ARM-RX] .00 89.23 0.00
[10:55:37.141] [ARM-RX] [56] <0.00 -26.23 -0.66> result: 90.00 96.74 -82.40 0.00 89.15 0.00
[10:55:37.141] [ARM-RX] [57] <0.00 -27.44 -0.69> result: 90.00 97.01 -82.05 0.00 89.06 0.00
[10:55:37.142] [ARM-RX] [58] <0.00 -28.68 -0.72> result: 90.00 97.28 -81.68 0.00 88.96 0.00
[10:55:37.142] [ARM-RX] [59] <0.00 -29.95 -0.75> result:
[10:55:37.164] [ARM-RX] 90.00 97.55 -81.31 0.00 88.86 0.00
[10:55:37.164] [ARM-RX] [60] <0.00 -31.25 -0.78> result: 90.00 97.83 -80.92 0.00 88.75 0.00
[10:55:37.164] [ARM-RX] [61] <0.00 -32.57 -0.81> result: 90.00 98.10 -80.53 0.00 88.64 0.00
[10:55:37.165] [ARM-RX] [62] <0.00 -33.91 -0.85> result: 90.00 98.39 -80.14 0.00 88.52 0.00
[10:55:37.165] [ARM-RX] [63] <0.00 -3
[10:55:37.187] [ARM-RX] 5.28 -0.88> result: 90.00 98.67 -79.73 0.00 88.40 0.00
[10:55:37.188] [ARM-RX] [64] <0.00 -36.67 -0.92> result: 90.00 98.95 -79.32 0.00 88.27 0.00
[10:55:37.188] [ARM-RX] [65] <0.00 -38.08 -0.95> result: 90.00 99.24 -78.90 0.00 88.14 0.00
[10:55:37.188] [ARM-RX] [66] <0.00 -39.51 -0.99> result: 90.00 99.53 -78.47 0.00 88.00
[10:55:37.210] [ARM-RX] 0.00
[10:55:37.210] [ARM-RX] [67] <0.00 -40.97 -1.02> result: 90.00 99.82 -78.04 0.00 87.86 0.00
[10:55:37.210] [ARM-RX] [68] <0.00 -42.44 -1.06> result: 90.00 100.11 -77.60 0.00 87.71 0.00
[10:55:37.210] [ARM-RX] [69] <0.00 -43.94 -1.10> result: 90.00 100.41 -77.15 0.00 87.56 0.00
[10:55:37.211] [ARM-RX] [70] <0.00 -45.45 -1.14> result: 90.00 1
[10:55:37.232] [ARM-RX] 00.70 -76.70 0.00 87.41 0.00
[10:55:37.232] [ARM-RX] [71] <0.00 -46.98 -1.17> result: 90.00 101.00 -76.24 0.00 87.25 0.00
[10:55:37.232] [ARM-RX] [72] <0.00 -48.53 -1.21> result: 90.00 101.30 -75.78 0.00 87.08 0.00
[10:55:37.232] [ARM-RX] [73] <0.00 -50.09 -1.25> result: 90.00 101.60 -75.31 0.00 86.91 0.00
[10:55:37.232] [ARM-RX] [74] <0.00 -51.6
[10:55:37.255] [ARM-RX] 7 -1.29> result: 90.00 101.90 -74.84 0.00 86.74 0.00
[10:55:37.256] [ARM-RX] [75] <0.00 -53.26 -1.33> result: 90.00 102.20 -74.36 0.00 86.56 0.00
[10:55:37.257] [ARM-RX] [76] <0.00 -54.86 -1.37> result: 90.00 102.51 -73.87 0.00 86.38 0.00
[10:55:37.257] [ARM-RX] [77] <0.00 -56.48 -1.41> result: 90.00 102.81 -73.39 0.00 86.2
[10:55:37.278] [ARM-RX] 0 0.00
[10:55:37.279] [ARM-RX] [78] <0.00 -58.11 -1.45> result: 90.00 103.11 -72.89 0.00 86.01 0.00
[10:55:37.279] [ARM-RX] [79] <0.00 -59.75 -1.49> result: 90.00 103.42 -72.40 0.00 85.82 0.00
[10:55:37.279] [ARM-RX] [80] <0.00 -60.00 -1.50> result: 90.00 103.47 -72.32 0.00 85.79 0.00
[10:55:37.279] [ARM-RX] [81] <0.00 -60.00 -1.50> result: 90.00
[10:55:37.313] [ARM-RX] 103.47 -72.32 0.00 85.79 0.00
[10:55:37.313] [ARM-RX] [82] <0.00 -60.00 -1.50> result: 90.00 103.47 -72.32 0.00 85.79 0.00
[10:55:37.314] [ARM-RX] [83] <0.00 -60.00 -1.50> result: 90.00 103.47 -72.32 0.00 85.79 0.00
[10:55:37.314] [ARM-RX] [84] <0.00 -60.00 -1.50> result: 90.00 103.47 -72.32 0.00 85.79 0.00
[10:55:37.314] [ARM-RX] [85] <0.00 -60
[10:55:37.336] [ARM-RX] .00 -1.50> result: 90.00 103.47 -72.32 0.00 85.79 0.00
[10:55:37.336] [ARM-RX] [86] <0.00 -60.00 -1.50> result: 90.00 103.47 -72.32 0.00 85.79 0.00
[10:55:37.337] [ARM-RX] [87] <0.00 -60.00 -1.50> result: 90.00 103.47 -72.32 0.00 85.79 0.00
[10:55:37.337] [ARM-RX] [88] <0.00 -60.00 -1.50> result: 90.00 103.47 -72.32 0.00 85
[10:55:37.359] [ARM-RX] .79 0.00
[10:55:37.360] [ARM-RX] [89] <0.00 -60.00 -1.50> result: 90.00 103.47 -72.32 0.00 85.79 0.00
[10:55:37.360] [ARM-RX] [90] <0.00 -60.00 -1.50> result: 90.00 103.47 -72.32 0.00 85.79 0.00
[10:55:37.360] [ARM-RX] [91] <0.00 -60.00 -1.50> result: 90.00 103.47 -72.32 0.00 85.79 0.00
[10:55:37.360] [ARM-RX] [92] <0.00 -60.00 -1.50> result: 90.
[10:55:37.381] [ARM-RX] 00 103.47 -72.32 0.00 85.79 0.00
[10:55:37.382] [ARM-RX] [93] <0.00 -60.00 -1.50> result: 90.00 103.47 -72.32 0.00 85.79 0.00
[10:55:37.382] [ARM-RX] [94] <0.00 -60.00 -1.50> result: 90.00 103.47 -72.32 0.00 85.79 0.00
[10:55:37.382] [ARM-RX] [95] <0.00 -60.00 -1.50> result: 90.00 103.47 -72.32 0.00 85.79 0.00
[10:55:37.382] [ARM-RX] [96] <0.00 -
[10:55:37.403] [ARM-RX] 60.00 -1.50> result: 90.00 103.47 -72.32 0.00 85.79 0.00
[10:55:37.404] [ARM-RX] [97] <0.00 -60.00 -1.50> result: 90.00 103.47 -72.32 0.00 85.79 0.00
[10:55:37.404] [ARM-RX] [98] <0.00 -60.00 -1.50> result: 90.00 103.47 -72.32 0.00 85.79 0.00
[10:55:37.404] [ARM-RX] [99] <0.00 -60.00 -1.50> result: 90.00 103.47 -72.32 0.00
[10:55:37.427] [ARM-RX] 85.79 0.00
[10:55:37.427] [ARM-RX] [100] <0.00 -60.00 -1.50> result: 90.00 103.47 -72.32 0.00 85.79 0.00
[10:55:37.427] [ARM-RX] [101] <0.00 -60.00 -1.50> result: 90.00 103.47 -72.32 0.00 85.79 0.00
[10:55:37.428] [ARM-RX] [102] <0.00 -60.00 -1.50> result: 90.00 103.47 -72.32 0.00 85.79 0.00
[10:55:37.428] [ARM-RX] [103] <0.00 -60.00 -1.50> resul
[10:55:37.451] [ARM-RX] t: 90.00 103.47 -72.32 0.00 85.79 0.00
[10:55:37.451] [ARM-RX] [104] <0.00 -60.00 -1.50> result: 90.00 103.47 -72.32 0.00 85.79 0.00
[10:55:37.451] [ARM-RX] [105] <0.00 -60.00 -1.50> result: 90.00 103.47 -72.32 0.00 85.79 0.00
[10:55:37.451] [ARM-RX] [106] <0.00 -60.00 -1.50> result: 90.00 103.47 -72.32 0.00 85.79 0.00
[10:55:37.451] [ARM-RX] [10
[10:55:37.475] [ARM-RX] 7] <0.00 -60.00 -1.50> result: 90.00 103.47 -72.32 0.00 85.79 0.00
[10:55:37.475] [ARM-RX] [108] <0.00 -60.00 -1.50> result: 90.00 103.47 -72.32 0.00 85.79 0.00
[10:55:37.475] [ARM-RX] [109] <0.00 -60.00 -1.50> result: 90.00 103.47 -72.32 0.00 85.79 0.00
[10:55:37.476] [ARM-RX] [110] <0.00 -60.00 -1.50> result: 90.00 103.47
[10:55:37.508] [ARM-RX] -72.32 0.00 85.79 0.00
[10:55:37.508] [ARM-RX] [111] <0.00 -60.00 -1.50> result: 90.00 103.47 -72.32 0.00 85.79 0.00
[10:55:37.508] [ARM-RX] [112] <0.00 -60.00 -1.50> result: 90.00 103.47 -72.32 0.00 85.79 0.00
[10:55:37.508] [ARM-RX] [113] <0.00 -60.00 -1.50> result: 90.00 103.47 -72.32 0.00 85.79 0.00
[10:55:37.508] [ARM-RX] [114] <0.00 -60.00
[10:55:37.534] [ARM-RX] -1.50> result: 90.00 103.47 -72.32 0.00 85.79 0.00
[10:55:37.535] [ARM-RX] [115] <0.00 -60.00 -1.50> result: 90.00 103.47 -72.32 0.00 85.79 0.00
[10:55:37.535] [ARM-RX] [116] <0.00 -60.00 -1.50> result: 90.00 103.47 -72.32 0.00 85.79 0.00
[10:55:37.535] [ARM-RX] [117] <0.00 -60.00 -1.50> result: 90.00 103.47 -72.32 0.00 85
[10:55:37.553] [ARM-RX] .79 0.00
[10:55:37.553] [ARM-RX] [118] <0.00 -60.00 -1.50> result: 90.00 103.47 -72.32 0.00 85.79 0.00
[10:55:37.553] [ARM-RX] [119] <0.00 -60.00 -1.50> result: 90.00 103.47 -72.32 0.00 85.79 0.00
[10:55:37.553] [ARM-RX] [120] <0.00 -60.00 -1.50> result: 90.00 103.47 -72.32 0.00 85.79 0.00
[10:55:37.553] [ARM-RX] [121] <0.00 -60.00 -1.50> result:
[10:55:37.576] [ARM-RX] 90.00 103.47 -72.32 0.00 85.79 0.00
[10:55:37.576] [ARM-RX] [122] <0.00 -60.00 -1.50> result: 90.00 103.47 -72.32 0.00 85.79 0.00
[10:55:37.576] [ARM-RX] [123] <0.00 -60.00 -1.50> result: 90.00 103.47 -72.32 0.00 85.79 0.00
[10:55:37.576] [ARM-RX] [124] <0.00 -60.00 -1.50> result: 90.00 103.47 -72.32 0.00 85.79 0.00
[10:55:37.577] [ARM-RX] [125]
[10:55:37.598] [ARM-RX] <0.00 -60.00 -1.50> result: 90.00 103.47 -72.32 0.00 85.79 0.00
[10:55:37.598] [ARM-RX] [126] <0.00 -60.00 -1.50> result: 90.00 103.47 -72.32 0.00 85.79 0.00
[10:55:37.600] [ARM-RX] [127] <0.00 -60.00 -1.50> result: 90.00 103.47 -72.32 0.00 85.79 0.00
[10:55:37.600] [ARM-RX] [128] <0.00 -60.00 -1.50> result: 90.00 103.47 -
[10:55:37.622] [ARM-RX] 72.32 0.00 85.79 0.00
[10:55:37.622] [ARM-RX] [129] <0.00 -60.00 -1.50> result: 90.00 103.47 -72.32 0.00 85.79 0.00
[10:55:37.623] [ARM-RX] [130] <0.00 -60.00 -1.50> result: 90.00 103.47 -72.32 0.00 85.79 0.00
[10:55:37.623] [ARM-RX] [131] <0.00 -60.00 -1.50> result: 90.00 103.47 -72.32 0.00 85.79 0.00
[10:55:37.623] [ARM-RX] [132] <0.00 -60.00 -
[10:55:37.646] [ARM-RX] 1.50> result: 90.00 103.47 -72.32 0.00 85.79 0.00
[10:55:37.646] [ARM-RX] [133] <0.00 -60.00 -1.50> result: 90.00 103.47 -72.32 0.00 85.79 0.00
[10:55:37.646] [ARM-RX] [134] <0.00 -60.00 -1.50> result: 90.00 103.47 -72.32 0.00 85.79 0.00
[10:55:37.646] [ARM-RX] [135] <0.00 -60.00 -1.50> result: 90.00 103.47 -72.32 0.00 85.7
[10:55:37.680] [ARM-RX] 9 0.00
[10:55:37.680] [ARM-RX] [136] <0.00 -60.00 -1.50> result: 90.00 103.47 -72.32 0.00 85.79 0.00
[10:55:37.681] [ARM-RX] [137] <0.00 -60.00 -1.50> result: 90.00 103.47 -72.32 0.00 85.79 0.00
[10:55:37.681] [ARM-RX] [138] <0.00 -60.00 -1.50> result: 90.00 103.47 -72.32 0.00 85.79 0.00
[10:55:37.681] [ARM-RX] [139] <0.00 -60.00 -1.50> result: 9
[10:55:37.701] [ARM-RX] 0.00 103.47 -72.32 0.00 85.79 0.00
[10:55:37.702] [ARM-RX] [140] <0.00 -60.00 -1.50> result: 90.00 103.47 -72.32 0.00 85.79 0.00
[10:55:37.702] [ARM-RX] [141] <0.00 -60.00 -1.50> result: 90.00 103.47 -72.32 0.00 85.79 0.00
[10:55:37.702] [ARM-RX] [142] <0.00 -60.00 -1.50> result: 90.00 103.47 -72.32 0.00 85.79 0.00
[10:55:37.702] [ARM-RX] [143] <
[10:55:37.725] [ARM-RX] 0.00 -60.00 -1.50> result: 90.00 103.47 -72.32 0.00 85.79 0.00
[10:55:37.725] [ARM-RX] [144] <0.00 -60.00 -1.50> result: 90.00 103.47 -72.32 0.00 85.79 0.00
[10:55:37.725] [ARM-RX] [145] <0.00 -60.00 -1.50> result: 90.00 103.47 -72.32 0.00 85.79 0.00
[10:55:37.725] [ARM-RX] [146] <0.00 -60.00 -1.50> result: 90.00 103.47 -72
[10:55:37.751] [ARM-RX] .32 0.00 85.79 0.00
[10:55:37.751] [ARM-RX] [147] <0.00 -60.00 -1.50> result: 90.00 103.47 -72.32 0.00 85.79 0.00
[10:55:37.751] [ARM-RX] [148] <0.00 -60.00 -1.50> result: 90.00 103.47 -72.32 0.00 85.79 0.00
[10:55:37.752] [ARM-RX] [149] <0.00 -60.00 -1.50> result: 90.00 103.47 -72.32 0.00 85.79 0.00
[10:55:37.752] [ARM-RX] [150] <0.00 -60.00 -1.
[10:55:37.771] [ARM-RX] 50> result: 90.00 103.47 -72.32 0.00 85.79 0.00
[10:55:37.771] [ARM-RX] [151] <0.00 -60.00 -1.50> result: 90.00 103.47 -72.32 0.00 85.79 0.00
[10:55:37.772] [ARM-RX] [152] <0.00 -60.00 -1.50> result: 90.00 103.47 -72.32 0.00 85.79 0.00
[10:55:37.772] [ARM-RX] [153] <0.00 -60.00 -1.50> result: 90.00 103.47 -72.32 0.00 85.79
[10:55:37.793] [ARM-RX] 0.00
[10:55:37.794] [ARM-RX] [154] <0.00 -60.00 -1.50> result: 90.00 103.47 -72.32 0.00 85.79 0.00
[10:55:37.794] [ARM-RX] [155] <0.00 -60.00 -1.50> result: 90.00 103.47 -72.32 0.00 85.79 0.00
[10:55:37.794] [ARM-RX] [156] <0.00 -60.00 -1.50> result: 90.00 103.47 -72.32 0.00 85.79 0.00
[10:55:37.794] [ARM-RX] [157] <0.00 -60.00 -1.50> result: 90.
[10:55:37.817] [ARM-RX] 00 103.47 -72.32 0.00 85.79 0.00
[10:55:37.817] [ARM-RX] [158] <0.00 -60.00 -1.50> result: 90.00 103.47 -72.32 0.00 85.79 0.00
[10:55:37.817] [ARM-RX] [159] <0.00 -60.00 -1.50> result: 90.00 103.47 -72.32 0.00 85.79 0.00
[10:55:37.817] [ARM-RX] [160] <0.00 -60.00 -1.50> result: 90.00 103.47 -72.32 0.00 85.79 0.00
[10:55:37.819] [ARM-RX] [161] <0.
[10:55:37.840] [ARM-RX] 00 -60.00 -1.50> result: 90.00 103.47 -72.32 0.00 85.79 0.00
[10:55:37.840] [ARM-RX] [162] <0.00 -60.00 -1.50> result: 90.00 103.47 -72.32 0.00 85.79 0.00
[10:55:37.841] [ARM-RX] [163] <0.00 -60.00 -1.50> result: 90.00 103.47 -72.32 0.00 85.79 0.00
[10:55:37.841] [ARM-RX] [164] <0.00 -60.00 -1.50> result: 90.00 103.47 -72.3
[10:55:37.873] [ARM-RX] 2 0.00 85.79 0.00
[10:55:37.873] [ARM-RX] [165] <0.00 -60.00 -1.50> result: 90.00 103.47 -72.32 0.00 85.79 0.00
[10:55:37.875] [ARM-RX] [166] <0.00 -60.00 -1.50> result: 90.00 103.47 -72.32 0.00 85.79 0.00
[10:55:37.875] [ARM-RX] [167] <0.00 -60.00 -1.50> result: 90.00 103.47 -72.32 0.00 85.79 0.00
[10:55:37.875] [ARM-RX] [168] <0.00 -60.00 -1.50
[10:55:37.897] [ARM-RX] > result: 90.00 103.47 -72.32 0.00 85.79 0.00
[10:55:37.897] [ARM-RX] [169] <0.00 -60.00 -1.50> result: 90.00 103.47 -72.32 0.00 85.79 0.00
[10:55:37.898] [ARM-RX] [170] <0.00 -60.00 -1.50> result: 90.00 103.47 -72.32 0.00 85.79 0.00
[10:55:37.898] [ARM-RX] [171] <0.00 -60.00 -1.50> result: 90.00 103.47 -72.32 0.00 85.79 0.
[10:55:37.920] [ARM-RX] 00
[10:55:37.921] [ARM-RX] [172] <0.00 -60.00 -1.50> result: 90.00 103.47 -72.32 0.00 85.79 0.00
[10:55:37.921] [ARM-RX] [173] <0.00 -60.00 -1.50> result: 90.00 103.47 -72.32 0.00 85.79 0.00
[10:55:37.921] [ARM-RX] [174] <0.00 -60.00 -1.50> result: 90.00 103.47 -72.32 0.00 85.79 0.00
[10:55:37.921] [ARM-RX] [175] <0.00 -60.00 -1.50> result: 90.00
[10:55:37.984] [ARM-RX] 103.47 -72.32 0.00 85.79 0.00
[10:55:37.984] [ARM-RX] [176] <0.00 -60.00 -1.50> result: 90.00 103.47 -72.32 0.00 85.79 0.00
[10:55:39.856] [ARM-RX] [joint 1] ave_error:0.00
[10:55:39.856] [ARM-RX] [joint 2] ave_error:2.95
[10:55:39.856] [ARM-RX] [joint 3] ave_error:2.47
[10:55:39.856] [ARM-RX] [joint 4] ave_error:0.00
[10:55:39.856] [ARM-RX] [joint 5] ave_error:0.28
[10:55:39.856] [ARM-RX] robot pid run finished!!
[10:55:39.903] [JETSON-RX] CC 01 01 DD
[10:55:39.903] [JETSON-STATUS] READY: CC 01 01 DD
[10:55:39.903] [DEMO-INFO] 开始发送视觉序列: 30,-20:5;15,-10:5;8,-5:5;0,0:30
[10:55:39.904] [JETSON-TX] VISION dcx=30 dcy=-20: FF 05 03 1E 00 EC FF 11 FE
[10:55:39.918] [ARM-RX] [JETSON_RX] vision dcx=30 dcy=-20
[10:55:39.921] [ARM-RX] [TARGET] vision state=WAIT_DETECT enabled=1 dcx=30 dcy=-20 stable=0
[10:55:39.961] [ARM-RX] ROBOT_AUTO_EVENT
[10:55:39.961] [ARM-RX] [0] <0.00 -60.00 -1.50> result: 90.00 103.47 -72.32 0.00 85.79 0.00
[10:55:39.961] [ARM-RX] [1] <0.00 -60.00 -1.50> result: 90.00 103.47 -72.32 -0.00 85.79 0.00
[10:55:39.961] [ARM-RX] [2] <0.01 -60.00 -1.51> result: 90.00 103.47 -72.32 -0.00 85.79 0.00
[10:55:39.962] [ARM-RX] [3] <0.02 -60.00 -1.52> result
[10:55:39.983] [ARM-RX] : 90.01 103.48 -72.32 -0.01 85.80 0.00
[10:55:39.983] [ARM-RX] [4] <0.05 -60.00 -1.55> result: 90.02 103.49 -72.32 -0.02 85.81 0.00
[10:55:39.983] [ARM-RX] [5] <0.08 -60.00 -1.58> result: 90.04 103.51 -72.32 -0.04 85.83 0.00
[10:55:39.984] [ARM-RX] [6] <0.14 -60.00 -1.64> result: 90.07 103.54 -72.33 -0.07 85.86 0.00
[10:55:39.984] [ARM-RX] [7] <0
[10:55:40.006] [ARM-RX] .21 -60.00 -1.71> result: 90.11 103.57 -72.33 -0.11 85.90 0.00
[10:55:40.006] [ARM-RX] [8] <0.29 -60.00 -1.79> result: 90.16 103.62 -72.33 -0.16 85.95 0.00
[10:55:40.006] [ARM-RX] [9] <0.40 -60.00 -1.90> result: 90.21 103.67 -72.34 -0.22 86.01 0.00
[10:55:40.007] [ARM-RX] [10] <0.53 -60.00 -2.03> result: 90.28 103.74 -72.34
[10:55:40.029] [ARM-RX] -0.28 86.08 0.00
[10:55:40.029] [ARM-RX] [11] <0.68 -60.00 -2.18> result: 90.36 103.82 -72.35 -0.36 86.16 0.00
[10:55:40.030] [ARM-RX] [12] <0.86 -60.00 -2.36> result: 90.46 103.90 -72.35 -0.46 86.26 0.00
[10:55:40.030] [ARM-RX] [13] <1.05 -60.00 -2.55> result: 90.56 104.00 -72.36 -0.56 86.36 0.00
[10:55:40.030] [ARM-RX] [14] <1.26 -60.00 -2.76>
[10:55:40.052] [ARM-RX] result: 90.67 104.11 -72.37 -0.67 86.48 0.00
[10:55:40.053] [ARM-RX] [15] <1.49 -60.00 -2.99> result: 90.79 104.23 -72.37 -0.79 86.60 0.00
[10:55:40.053] [ARM-RX] [16] <1.74 -60.00 -3.24> result: 90.92 104.36 -72.38 -0.93 86.74 0.00
[10:55:40.053] [ARM-RX] [17] <2.00 -60.00 -3.50> result: 91.06 104.49 -72.39 -1.06 86.88 0.
[10:55:40.075] [ARM-RX] 00
[10:55:40.075] [ARM-RX] [18] <2.27 -60.00 -3.77> result: 91.21 104.63 -72.40 -1.21 87.03 0.00
[10:55:40.075] [ARM-RX] [19] <2.50 -60.00 -4.00> result: 91.33 104.75 -72.40 -1.33 87.15 0.00
[10:55:40.075] [ARM-RX] [20] <2.50 -60.00 -4.00> result: 91.33 104.75 -72.40 -1.33 87.15 0.00
[10:55:40.076] [ARM-RX] [21] <2.50 -60.00 -4.00> result: 91.33
[10:55:40.100] [ARM-RX] 104.75 -72.40 -1.33 87.15 0.00
[10:55:40.100] [ARM-RX] [22] <2.50 -60.00 -4.00> result: 91.33 104.75 -72.40 -1.33 87.15 0.00
[10:55:40.100] [ARM-RX] [23] <2.50 -60.00 -4.00> result: 91.33 104.75 -72.40 -1.33 87.15 0.00
[10:55:40.100] [ARM-RX] [24] <2.50 -60.00 -4.00> result: 91.33 104.75 -72.40 -1.33 87.15 0.00
[10:55:40.101] [ARM-RX] [25] <2.50
[10:55:40.105] [JETSON-TX] VISION dcx=30 dcy=-20: FF 05 03 1E 00 EC FF 11 FE
[10:55:40.133] [ARM-RX] -60.00 -4.00> result: 91.33 104.75 -72.40 -1.33 87.15 0.00
[10:55:40.133] [ARM-RX] [26] <2.50 -60.00 -4.00> result: 91.33 104.75 -72.40 -1.33 87.15 0.00
[10:55:40.133] [ARM-RX] [27] <2.50 -60.00 -4.00> result: 91.33 104.75 -72.40 -1.33 87.15 0.00
[10:55:40.134] [ARM-RX] [28] <2.50 -60.00 -4.00> result: 91.33 104.75 -72.40 -
[10:55:40.157] [ARM-RX] 1.33 87.15 0.00
[10:55:40.157] [ARM-RX] [29] <2.50 -60.00 -4.00> result: 91.33 104.75 -72.40 -1.33 87.15 0.00
[10:55:40.158] [ARM-RX] [30] <2.50 -60.00 -4.00> result: 91.33 104.75 -72.40 -1.33 87.15 0.00
[10:55:40.158] [ARM-RX] [31] <2.50 -60.00 -4.00> result: 91.33 104.75 -72.40 -1.33 87.15 0.00
[10:55:40.158] [ARM-RX] [32] <2.50 -60.00 -4.00> r
[10:55:40.179] [ARM-RX] esult: 91.33 104.75 -72.40 -1.33 87.15 0.00
[10:55:40.180] [ARM-RX] [33] <2.50 -60.00 -4.00> result: 91.33 104.75 -72.40 -1.33 87.15 0.00
[10:55:40.180] [ARM-RX] [34] <2.50 -60.00 -4.00> result: 91.33 104.75 -72.40 -1.33 87.15 0.00
[10:55:40.180] [ARM-RX] [35] <2.50 -60.00 -4.00> result: 91.33 104.75 -72.40 -1.33 87.15 0.00
[10:55:40.205] [ARM-RX] [36] <2.50 -60.00 -4.00> result: 91.33 104.75 -72.40 -1.33 87.15 0.00
[10:55:40.205] [ARM-RX] [37] <2.50 -60.00 -4.00> result: 91.33 104.75 -72.40 -1.33 87.15 0.00
[10:55:40.206] [ARM-RX] [38] <2.50 -60.00 -4.00> result: 91.33 104.75 -72.40 -1.33 87.15 0.00
[10:55:40.206] [ARM-RX] [39] <2.50 -60.00 -4.00> result: 91.33 10
[10:55:40.226] [ARM-RX] 4.75 -72.40 -1.33 87.15 0.00
[10:55:40.226] [ARM-RX] [40] <2.50 -60.00 -4.00> result: 91.33 104.75 -72.40 -1.33 87.15 0.00
[10:55:40.226] [ARM-RX] [41] <2.50 -60.00 -4.00> result: 91.33 104.75 -72.40 -1.33 87.15 0.00
[10:55:40.226] [ARM-RX] [42] <2.50 -60.00 -4.00> result: 91.33 104.75 -72.40 -1.33 87.15 0.00
[10:55:40.227] [ARM-RX] [43] <2.50 -6
[10:55:40.278] [ARM-RX] 0.00 -4.00> result: 91.33 104.75 -72.40 -1.33 87.15 0.00
[10:55:40.278] [ARM-RX] [TARGET] vision state=ALIGN enabled=1 dcx=30 dcy=-20 stable=0
[10:55:40.306] [JETSON-TX] VISION dcx=30 dcy=-20: FF 05 03 1E 00 EC FF 11 FE
[10:55:40.341] [ARM-RX] [JETSON_RX] vision dcx=30 dcy=-20
[10:55:40.341] [ARM-RX] [TARGET] vision state=ALIGN enabled=1 dcx=30 dcy=-20 stable=0
[10:55:40.507] [JETSON-TX] VISION dcx=30 dcy=-20: FF 05 03 1E 00 EC FF 11 FE
[10:55:40.589] [ARM-RX] [JETSON_RX] vision dcx=30 dcy=-20
[10:55:40.589] [ARM-RX] [TARGET] vision state=ALIGN enabled=1 dcx=30 dcy=-20 stable=0
[10:55:40.708] [JETSON-TX] VISION dcx=30 dcy=-20: FF 05 03 1E 00 EC FF 11 FE
[10:55:40.777] [ARM-RX] [JETSON_RX] vision dcx=30 dcy=-20
[10:55:40.777] [ARM-RX] [TARGET] vision state=ALIGN enabled=1 dcx=30 dcy=-20 stable=0
[10:55:40.777] [ARM-RX] [joint 1] ave_error:0.32
[10:55:40.777] [ARM-RX] [joint 2] ave_error:1.27
[10:55:40.778] [ARM-RX] [joint 3] ave_error:0.28
[10:55:40.778] [ARM-RX] [joint 4] ave_error:0.33
[10:55:40.778] [ARM-RX] [joint 5] ave_error:0.20
[10:55:40.778] [ARM-RX] robot pid run finished!!
[10:55:40.839] [ARM-RX] ROBOT_AUTO_EVENT
[10:55:40.839] [ARM-RX] [0] <2.50 -60.00 -4.00> result: 91.33 104.75 -72.40 -1.33 87.15 0.00
[10:55:40.839] [ARM-RX] [1] <2.50 -60.00 -4.00> result: 9
[10:55:40.866] [ARM-RX] 1.33 104.75 -72.40 -1.33 87.16 0.00
[10:55:40.867] [ARM-RX] [2] <2.51 -60.00 -4.01> result: 91.33 104.76 -72.40 -1.34 87.16 0.00
[10:55:40.867] [ARM-RX] [3] <2.52 -60.00 -4.02> result: 91.34 104.76 -72.40 -1.34 87.17 0.00
[10:55:40.867] [ARM-RX] [4] <2.55 -60.00 -4.05> result: 91.35 104.78 -72.40 -1.36 87.18 0.00
[10:55:40.867] [ARM-RX] [5] <2.58
[10:55:40.891] [ARM-RX] -60.00 -4.08> result: 91.37 104.79 -72.40 -1.38 87.20 0.00
[10:55:40.891] [ARM-RX] [6] <2.64 -60.00 -4.14> result: 91.40 104.82 -72.41 -1.40 87.23 0.00
[10:55:40.891] [ARM-RX] [7] <2.71 -60.00 -4.21> result: 91.44 104.86 -72.41 -1.44 87.27 0.00
[10:55:40.891] [ARM-RX] [8] <2.79 -60.00 -4.29> result: 91.49 104.90 -72.41 -1.
[10:55:40.909] [JETSON-TX] VISION dcx=15 dcy=-10: FF 05 03 0F 00 F6 FF 0C FE
[10:55:40.912] [ARM-RX] 49 87.31 0.00
[10:55:40.912] [ARM-RX] [9] <2.90 -60.00 -4.40> result: 91.55 104.96 -72.41 -1.55 87.37 0.00
[10:55:40.914] [ARM-RX] [10] <3.03 -60.00 -4.53> result: 91.61 105.03 -72.41 -1.62 87.44 0.00
[10:55:40.914] [ARM-RX] [11] <3.18 -60.00 -4.68> result: 91.69 105.11 -72.42 -1.70 87.53 0.00
[10:55:40.914] [ARM-RX] [12] <3.36 -60.00 -4.86> resu
[10:55:40.936] [ARM-RX] lt: 91.79 105.20 -72.42 -1.79 87.62 0.00
[10:55:40.936] [ARM-RX] [13] <3.55 -60.00 -5.05> result: 91.89 105.30 -72.43 -1.89 87.72 0.00
[10:55:40.936] [ARM-RX] [14] <3.76 -60.00 -5.26> result: 92.00 105.41 -72.43 -2.00 87.84 0.00
[10:55:40.936] [ARM-RX] [15] <3.99 -60.00 -5.49> result: 92.12 105.53 -72.43 -2.12 87.96 0.00
[10:55:40.936] [ARM-RX] [
[10:55:40.959] [ARM-RX] 16] <4.24 -60.00 -5.74> result: 92.25 105.66 -72.44 -2.26 88.10 0.00
[10:55:40.959] [ARM-RX] [17] <4.50 -60.00 -6.00> result: 92.39 105.79 -72.44 -2.39 88.24 0.00
[10:55:40.959] [ARM-RX] [18] <4.77 -60.00 -6.27> result: 92.54 105.94 -72.45 -2.54 88.38 0.00
[10:55:40.960] [ARM-RX] [19] <5.00 -60.00 -6.50> result: 92.66 106.0
[10:55:40.981] [ARM-RX] 6 -72.45 -2.66 88.51 0.00
[10:55:40.982] [ARM-RX] [20] <5.00 -60.00 -6.50> result: 92.66 106.06 -72.45 -2.66 88.51 0.00
[10:55:40.982] [ARM-RX] [21] <5.00 -60.00 -6.50> result: 92.66 106.06 -72.45 -2.66 88.51 0.00
[10:55:40.982] [ARM-RX] [22] <5.00 -60.00 -6.50> result: 92.66 106.06 -72.45 -2.66 88.51 0.00
[10:55:40.982] [ARM-RX] [23] <5.00 -60.0
[10:55:41.006] [ARM-RX] 0 -6.50> result: 92.66 106.06 -72.45 -2.66 88.51 0.00
[10:55:41.006] [ARM-RX] [24] <5.00 -60.00 -6.50> result: 92.66 106.06 -72.45 -2.66 88.51 0.00
[10:55:41.006] [ARM-RX] [25] <5.00 -60.00 -6.50> result: 92.66 106.06 -72.45 -2.66 88.51 0.00
[10:55:41.006] [ARM-RX] [26] <5.00 -60.00 -6.50> result: 92.66 106.06 -72.45 -2.66
[10:55:41.044] [ARM-RX] 88.51 0.00
[10:55:41.044] [ARM-RX] [27] <5.00 -60.00 -6.50> result: 92.66 106.06 -72.45 -2.66 88.51 0.00
[10:55:41.044] [ARM-RX] [28] <5.00 -60.00 -6.50> result: 92.66 106.06 -72.45 -2.66 88.51 0.00
[10:55:41.044] [ARM-RX] [29] <5.00 -60.00 -6.50> result: 92.66 106.06 -72.45 -2.66 88.51 0.00
[10:55:41.045] [ARM-RX] [30] <5.00 -60.00 -6.50> result
[10:55:41.063] [ARM-RX] : 92.66 106.06 -72.45 -2.66 88.51 0.00
[10:55:41.063] [ARM-RX] [31] <5.00 -60.00 -6.50> result: 92.66 106.06 -72.45 -2.66 88.51 0.00
[10:55:41.064] [ARM-RX] [32] <5.00 -60.00 -6.50> result: 92.66 106.06 -72.45 -2.66 88.51 0.00
[10:55:41.064] [ARM-RX] [33] <5.00 -60.00 -6.50> result: 92.66 106.06 -72.45 -2.66 88.51 0.00
[10:55:41.064] [ARM-RX] [34
[10:55:41.086] [ARM-RX] ] <5.00 -60.00 -6.50> result: 92.66 106.06 -72.45 -2.66 88.51 0.00
[10:55:41.087] [ARM-RX] [35] <5.00 -60.00 -6.50> result: 92.66 106.06 -72.45 -2.66 88.51 0.00
[10:55:41.087] [ARM-RX] [36] <5.00 -60.00 -6.50> result: 92.66 106.06 -72.45 -2.66 88.51 0.00
[10:55:41.087] [ARM-RX] [37] <5.00 -60.00 -6.50> result: 92.66 106.06
[10:55:41.109] [ARM-RX] -72.45 -2.66 88.51 0.00
[10:55:41.110] [JETSON-TX] VISION dcx=15 dcy=-10: FF 05 03 0F 00 F6 FF 0C FE
[10:55:41.110] [ARM-RX] [38] <5.00 -60.00 -6.50> result: 92.66 106.06 -72.45 -2.66 88.51 0.00
[10:55:41.110] [ARM-RX] [39] <5.00 -60.00 -6.50> result: 92.66 106.06 -72.45 -2.66 88.51 0.00
[10:55:41.110] [ARM-RX] [40] <5.00 -60.00 -6.50> result: 92.66 106.06 -72.45 -2.66 88.51 0.00
[10:55:41.110] [ARM-RX] [41] <5.00 -60.00
[10:55:41.133] [ARM-RX] -6.50> result: 92.66 106.06 -72.45 -2.66 88.51 0.00
[10:55:41.133] [ARM-RX] [42] <5.00 -60.00 -6.50> result: 92.66 106.06 -72.45 -2.66 88.51 0.00
[10:55:41.133] [ARM-RX] [43] <5.00 -60.00 -6.50> result: 92.66 106.06 -72.45 -2.66 88.51 0.00
[10:55:41.134] [ARM-RX] [TARGET] vision state=ALIGN enabled=1 dcx=15 dcy=-10 stable=0
[10:55:41.197] [ARM-RX] [JETSON_RX] vision dcx=15 dcy=-10
[10:55:41.197] [ARM-RX] [TARGET] vision state=ALIGN enabled=1 dcx=15 dcy=-10 stable=0
[10:55:41.311] [JETSON-TX] VISION dcx=15 dcy=-10: FF 05 03 0F 00 F6 FF 0C FE
[10:55:41.386] [ARM-RX] [JETSON_RX] vision dcx=15 dcy=-10
[10:55:41.386] [ARM-RX] [TARGET] vision state=ALIGN enabled=1 dcx=15 dcy=-10 stable=0
[10:55:41.512] [JETSON-TX] VISION dcx=15 dcy=-10: FF 05 03 0F 00 F6 FF 0C FE
[10:55:41.573] [ARM-RX] [JETSON_RX] vision dcx=15 dcy=-10
[10:55:41.575] [ARM-RX] [TARGET] vision state=ALIGN enabled=1 dcx=15 dcy=-10 stable=0
[10:55:41.697] [ARM-RX] [joint 1] ave_error:0.48
[10:55:41.697] [ARM-RX] [joint 2] ave_error:0.43
[10:55:41.698] [ARM-RX] [joint 3] ave_error:0.08
[10:55:41.698] [ARM-RX] [joint 4] ave_error:0.42
[10:55:41.699] [ARM-RX] [joint 5] ave_error:0.17
[10:55:41.699] [ARM-RX] robot pid run finished!!
[10:55:41.714] [JETSON-TX] VISION dcx=15 dcy=-10: FF 05 03 0F 00 F6 FF 0C FE
[10:55:41.750] [ARM-RX] [JETSON_RX] vision dcx=15 dcy=-10
[10:55:41.750] [ARM-RX] [TARGET] vision state=ALIGN enabled=1 dcx=15 dcy=-10 stable=0
[10:55:41.751] [ARM-RX] ROBOT_AUTO_EVENT
[10:55:41.751] [ARM-RX] [0] <5.00 -60.00 -6.50> result: 92.66 106.06 -72.45 -2.66 88.51 0.00
[10:55:41.751] [ARM-RX] [1] <5.00 -60.00 -6.50> result: 92.66 106.06 -72.45 -2.66 88.51 0.00
[10:55:41.751] [ARM-RX] [
[10:55:41.773] [ARM-RX] 2] <5.01 -60.00 -6.51> result: 92.67 106.07 -72.45 -2.67 88.52 0.00
[10:55:41.773] [ARM-RX] [3] <5.04 -60.00 -6.54> result: 92.68 106.08 -72.45 -2.68 88.53 0.00
[10:55:41.774] [ARM-RX] [4] <5.08 -60.00 -6.58> result: 92.70 106.10 -72.45 -2.70 88.55 0.00
[10:55:41.774] [ARM-RX] [5] <5.14 -60.00 -6.64> result: 92.73 106.13 -7
[10:55:41.795] [ARM-RX] 2.45 -2.73 88.58 0.00
[10:55:41.796] [ARM-RX] [6] <5.22 -60.00 -6.72> result: 92.78 106.17 -72.45 -2.78 88.63 0.00
[10:55:41.796] [ARM-RX] [7] <5.32 -60.00 -6.82> result: 92.83 106.23 -72.45 -2.83 88.68 0.00
[10:55:41.796] [ARM-RX] [8] <5.44 -60.00 -6.94> result: 92.89 106.29 -72.45 -2.89 88.74 0.00
[10:55:41.796] [ARM-RX] [9] <5.58 -60.00 -7.08>
[10:55:41.819] [ARM-RX] result: 92.97 106.36 -72.45 -2.97 88.82 0.00
[10:55:41.820] [ARM-RX] [10] <5.73 -60.00 -7.23> result: 93.05 106.44 -72.45 -3.05 88.90 0.00
[10:55:41.820] [ARM-RX] [11] <5.80 -60.00 -7.30> result: 93.08 106.48 -72.46 -3.09 88.94 0.00
[10:55:41.820] [ARM-RX] [12] <5.80 -60.00 -7.30> result: 93.08 106.48 -72.46 -3.09 88.94 0.
[10:55:41.843] [ARM-RX] 00
[10:55:41.843] [ARM-RX] [13] <5.80 -60.00 -7.30> result: 93.08 106.48 -72.46 -3.09 88.94 0.00
[10:55:41.843] [ARM-RX] [14] <5.80 -60.00 -7.30> result: 93.08 106.48 -72.46 -3.09 88.94 0.00
[10:55:41.843] [ARM-RX] [15] <5.80 -60.00 -7.30> result: 93.08 106.48 -72.46 -3.09 88.94 0.00
[10:55:41.844] [ARM-RX] [16] <5.80 -60.00 -7.30> result: 93.08
[10:55:41.866] [ARM-RX] 106.48 -72.46 -3.09 88.94 0.00
[10:55:41.866] [ARM-RX] [17] <5.80 -60.00 -7.30> result: 93.08 106.48 -72.46 -3.09 88.94 0.00
[10:55:41.866] [ARM-RX] [18] <5.80 -60.00 -7.30> result: 93.08 106.48 -72.46 -3.09 88.94 0.00
[10:55:41.866] [ARM-RX] [19] <5.80 -60.00 -7.30> result: 93.08 106.48 -72.46 -3.09 88.94 0.00
[10:55:41.867] [ARM-RX] [20] <5.80
[10:55:41.889] [ARM-RX] -60.00 -7.30> result: 93.08 106.48 -72.46 -3.09 88.94 0.00
[10:55:41.889] [ARM-RX] [21] <5.80 -60.00 -7.30> result: 93.08 106.48 -72.46 -3.09 88.94 0.00
[10:55:41.889] [ARM-RX] [22] <5.80 -60.00 -7.30> result: 93.08 106.48 -72.46 -3.09 88.94 0.00
[10:55:41.889] [ARM-RX] [23] <5.80 -60.00 -7.30> result: 93.08 106.48 -72.46 -
[10:55:41.915] [JETSON-TX] VISION dcx=8 dcy=-5: FF 05 03 08 00 FB FF 0A FE
[10:55:41.945] [ARM-RX] 3.09 88.94 0.00
[10:55:41.945] [ARM-RX] [24] <5.80 -60.00 -7.30> result: 93.08 106.48 -72.46 -3.09 88.94 0.00
[10:55:41.945] [ARM-RX] [JETSON_RX] vision dcx=8 dcy=-5
[10:55:41.945] [ARM-RX] [TARGET] vision state=ALIGN enabled=1 dcx=8 dcy=-5 stable=0
[10:55:42.116] [JETSON-TX] VISION dcx=8 dcy=-5: FF 05 03 08 00 FB FF 0A FE
[10:55:42.132] [ARM-RX] [JETSON_RX] vision dcx=8 dcy=-5
[10:55:42.195] [ARM-RX] [TARGET] vision state=ALIGN enabled=1 dcx=8 dcy=-5 stable=0
[10:55:42.256] [ARM-RX] [joint 1] ave_error:0.40
[10:55:42.258] [ARM-RX] [joint 2] ave_error:0.42
[10:55:42.259] [ARM-RX] [joint 3] ave_error:0.04
[10:55:42.261] [ARM-RX] [joint 4] ave_error:0.28
[10:55:42.261] [ARM-RX] [joint 5] ave_error:0.05
[10:55:42.261] [ARM-RX] robot pid run finished!!
[10:55:42.316] [JETSON-TX] VISION dcx=8 dcy=-5: FF 05 03 08 00 FB FF 0A FE
[10:55:42.318] [ARM-RX] ROBOT_AUTO_EVENT
[10:55:42.318] [ARM-RX] [0] <5.80 -60.00 -7.30> result: 93.08 106.48 -72.46 -3.09 88.94 0.00
[10:55:42.318] [ARM-RX] [1] <5.80 -60.00 -7.30> result: 9
[10:55:42.342] [ARM-RX] 3.09 106.48 -72.46 -3.09 88.94 0.00
[10:55:42.343] [ARM-RX] [2] <5.81 -60.00 -7.31> result: 93.09 106.49 -72.46 -3.09 88.94 0.00
[10:55:42.343] [ARM-RX] [3] <5.84 -60.00 -7.34> result: 93.10 106.50 -72.46 -3.10 88.96 0.00
[10:55:42.343] [ARM-RX] [4] <5.88 -60.00 -7.38> result: 93.13 106.52 -72.46 -3.13 88.98 0.00
[10:55:42.343] [ARM-RX] [5] <5.94
[10:55:42.366] [ARM-RX] -60.00 -7.44> result: 93.16 106.55 -72.46 -3.16 89.01 0.00
[10:55:42.366] [ARM-RX] [6] <6.02 -60.00 -7.52> result: 93.20 106.60 -72.46 -3.20 89.05 0.00
[10:55:42.366] [ARM-RX] [7] <6.12 -60.00 -7.62> result: 93.25 106.65 -72.46 -3.25 89.11 0.00
[10:55:42.367] [ARM-RX] [8] <6.24 -60.00 -7.74> result: 93.32 106.71 -72.46 -3.
[10:55:42.388] [ARM-RX] 32 89.17 0.00
[10:55:42.389] [ARM-RX] [9] <6.38 -60.00 -7.88> result: 93.39 106.79 -72.46 -3.39 89.25 0.00
[10:55:42.389] [ARM-RX] [10] <6.53 -60.00 -8.03> result: 93.47 106.87 -72.46 -3.47 89.33 0.00
[10:55:42.389] [ARM-RX] [11] <6.60 -60.00 -8.10> result: 93.51 106.90 -72.46 -3.51 89.36 0.00
[10:55:42.389] [ARM-RX] [12] <6.60 -60.00 -8.10> resu
[10:55:42.410] [ARM-RX] lt: 93.51 106.90 -72.46 -3.51 89.36 0.00
[10:55:42.411] [ARM-RX] [13] <6.60 -60.00 -8.10> result: 93.51 106.90 -72.46 -3.51 89.36 0.00
[10:55:42.411] [ARM-RX] [14] <6.60 -60.00 -8.10> result: 93.51 106.90 -72.46 -3.51 89.36 0.00
[10:55:42.411] [ARM-RX] [15] <6.60 -60.00 -8.10> result: 93.51 106.90 -72.46 -3.51 89.36 0.00
[10:55:42.411] [ARM-RX] [
[10:55:42.447] [ARM-RX] 16] <6.60 -60.00 -8.10> result: 93.51 106.90 -72.46 -3.51 89.36 0.00
[10:55:42.447] [ARM-RX] [17] <6.60 -60.00 -8.10> result: 93.51 106.90 -72.46 -3.51 89.36 0.00
[10:55:42.447] [ARM-RX] [18] <6.60 -60.00 -8.10> result: 93.51 106.90 -72.46 -3.51 89.36 0.00
[10:55:42.447] [ARM-RX] [19] <6.60 -60.00 -8.10> result: 93.51 106.9
[10:55:42.468] [ARM-RX] 0 -72.46 -3.51 89.36 0.00
[10:55:42.468] [ARM-RX] [20] <6.60 -60.00 -8.10> result: 93.51 106.90 -72.46 -3.51 89.36 0.00
[10:55:42.468] [ARM-RX] [21] <6.60 -60.00 -8.10> result: 93.51 106.90 -72.46 -3.51 89.36 0.00
[10:55:42.469] [ARM-RX] [22] <6.60 -60.00 -8.10> result: 93.51 106.90 -72.46 -3.51 89.36 0.00
[10:55:42.469] [ARM-RX] [23] <6.60 -60.0
[10:55:42.517] [JETSON-TX] VISION dcx=8 dcy=-5: FF 05 03 08 00 FB FF 0A FE
[10:55:42.521] [ARM-RX] 0 -8.10> result: 93.51 106.90 -72.46 -3.51 89.36 0.00
[10:55:42.521] [ARM-RX] [24] <6.60 -60.00 -8.10> result: 93.51 106.90 -72.46 -3.51 89.36 0.00
[10:55:42.521] [ARM-RX] [JETSON_RX] vision dcx=8 dcy=-5
[10:55:42.521] [ARM-RX] [TARGET] vision state=ALIGN enabled=1 dcx=8 dcy=-5 stable=0
[10:55:42.584] [ARM-RX] [JETSON_RX] vision dcx=8 dcy=-5
[10:55:42.584] [ARM-RX] [TARGET] vision state=ALIGN enabled=1 dcx=8 dcy=-5 stable=0
[10:55:42.718] [JETSON-TX] VISION dcx=8 dcy=-5: FF 05 03 08 00 FB FF 0A FE
[10:55:42.771] [ARM-RX] [JETSON_RX] vision dcx=8 dcy=-5
[10:55:42.771] [ARM-RX] [TARGET] vision state=ALIGN enabled=1 dcx=8 dcy=-5 stable=0
[10:55:42.834] [ARM-RX] [joint 1] ave_error:0.40
[10:55:42.834] [ARM-RX] [joint 2] ave_error:0.44
[10:55:42.834] [ARM-RX] [joint 3] ave_error:0.03
[10:55:42.834] [ARM-RX] [joint 4] ave_error:0.23
[10:55:42.834] [ARM-RX] [joint 5] ave_error:0.06
[10:55:42.836] [ARM-RX] robot pid run finished!!
[10:55:42.896] [ARM-RX] ROBOT_AUTO_EVENT
[10:55:42.896] [ARM-RX] [0] <6.60 -60.00 -8.10> result: 93.51 106.90 -72.46 -3.51 89.36 0.00
[10:55:42.896] [ARM-RX] [1] <6.60 -60.00 -8.10> result: 9
[10:55:42.919] [JETSON-TX] VISION dcx=0 dcy=0: FF 05 03 00 00 00 00 08 FE
[10:55:42.923] [ARM-RX] 3.51 106.91 -72.46 -3.51 89.37 0.00
[10:55:42.924] [ARM-RX] [2] <6.61 -60.00 -8.11> result: 93.52 106.91 -72.46 -3.52 89.37 0.00
[10:55:42.924] [ARM-RX] [3] <6.64 -60.00 -8.14> result: 93.53 106.92 -72.46 -3.53 89.38 0.00
[10:55:42.924] [ARM-RX] [4] <6.68 -60.00 -8.18> result: 93.55 106.94 -72.46 -3.55 89.41 0.00
[10:55:42.924] [ARM-RX] [5] <6.74
[10:55:42.943] [ARM-RX] -60.00 -8.24> result: 93.58 106.98 -72.46 -3.58 89.44 0.00
[10:55:42.943] [ARM-RX] [6] <6.82 -60.00 -8.32> result: 93.62 107.02 -72.46 -3.62 89.48 0.00
[10:55:42.943] [ARM-RX] [7] <6.92 -60.00 -8.42> result: 93.68 107.07 -72.46 -3.68 89.53 0.00
[10:55:42.943] [ARM-RX] [8] <7.04 -60.00 -8.54> result: 93.74 107.14 -72.46 -3.
[10:55:42.964] [ARM-RX] 74 89.60 0.00
[10:55:42.964] [ARM-RX] [9] <7.18 -60.00 -8.68> result: 93.82 107.21 -72.46 -3.82 89.67 0.00
[10:55:42.964] [ARM-RX] [10] <7.33 -60.00 -8.83> result: 93.90 107.29 -72.46 -3.90 89.75 0.00
[10:55:42.965] [ARM-RX] [11] <7.40 -60.00 -8.90> result: 93.93 107.33 -72.46 -3.93 89.79 0.00
[10:55:42.965] [ARM-RX] [12] <7.40 -60.00 -8.90> resu
[10:55:42.987] [ARM-RX] lt: 93.93 107.33 -72.46 -3.93 89.79 0.00
[10:55:42.987] [ARM-RX] [13] <7.40 -60.00 -8.90> result: 93.93 107.33 -72.46 -3.93 89.79 0.00
[10:55:42.988] [ARM-RX] [14] <7.40 -60.00 -8.90> result: 93.93 107.33 -72.46 -3.93 89.79 0.00
[10:55:42.988] [ARM-RX] [15] <7.40 -60.00 -8.90> result: 93.93 107.33 -72.46 -3.93 89.79 0.00
[10:55:42.988] [ARM-RX] [
[10:55:43.010] [ARM-RX] 16] <7.40 -60.00 -8.90> result: 93.93 107.33 -72.46 -3.93 89.79 0.00
[10:55:43.010] [ARM-RX] [17] <7.40 -60.00 -8.90> result: 93.93 107.33 -72.46 -3.93 89.79 0.00
[10:55:43.010] [ARM-RX] [18] <7.40 -60.00 -8.90> result: 93.93 107.33 -72.46 -3.93 89.79 0.00
[10:55:43.010] [ARM-RX] [19] <7.40 -60.00 -8.90> result: 93.93 107.3
[10:55:43.033] [ARM-RX] 3 -72.46 -3.93 89.79 0.00
[10:55:43.033] [ARM-RX] [20] <7.40 -60.00 -8.90> result: 93.93 107.33 -72.46 -3.93 89.79 0.00
[10:55:43.034] [ARM-RX] [21] <7.40 -60.00 -8.90> result: 93.93 107.33 -72.46 -3.93 89.79 0.00
[10:55:43.034] [ARM-RX] [22] <7.40 -60.00 -8.90> result: 93.93 107.33 -72.46 -3.93 89.79 0.00
[10:55:43.034] [ARM-RX] [23] <7.40 -60.0
[10:55:43.084] [ARM-RX] 0 -8.90> result: 93.93 107.33 -72.46 -3.93 89.79 0.00
[10:55:43.084] [ARM-RX] [24] <7.40 -60.00 -8.90> result: 93.93 107.33 -72.46 -3.93 89.79 0.00
[10:55:43.084] [ARM-RX] [JETSON_RX] vision dcx=0 dcy=0
[10:55:43.084] [ARM-RX] [TARGET] vision state=ALIGN enabled=1 dcx=0 dcy=0 stable=0
[10:55:43.120] [JETSON-TX] VISION dcx=0 dcy=0: FF 05 03 00 00 00 00 08 FE
[10:55:43.147] [ARM-RX] [JETSON_RX] vision dcx=0 dcy=0
[10:55:43.147] [ARM-RX] [TARGET] vision state=ALIGN enabled=1 dcx=0 dcy=0 stable=1
[10:55:43.321] [JETSON-TX] VISION dcx=0 dcy=0: FF 05 03 00 00 00 00 08 FE
[10:55:43.398] [JETSON-RX] CC 02 01 DD
[10:55:43.398] [ARM-RX] [JETSON_RX] vision dcx=0 dcy=0
[10:55:43.398] [ARM-RX] [TARGET] vision state=ALIGN enabled=1 dcx=0 dcy=0 stable=2
[10:55:43.398] [JETSON-STATUS] ALIGN_DONE: CC 02 01 DD
[10:55:43.399] [DEMO-ACTION] 已对准：请按住 P000 KEY 允许激光输出。
[10:55:43.460] [ARM-RX] [joint 1] ave_error:0.40
[10:55:43.460] [ARM-RX] [joint 2] ave_error:0.46
[10:55:43.460] [ARM-RX] [joint 3] ave_error:0.03
[10:55:43.460] [ARM-RX] [joint 4] ave_error:0.20
[10:55:43.460] [ARM-RX] [joint 5] ave_error:0.06
[10:55:43.461] [ARM-RX] robot pid run finished!!
[10:55:43.521] [JETSON-TX] VISION dcx=0 dcy=0: FF 05 03 00 00 00 00 08 FE
[10:55:43.584] [ARM-RX] [JETSON_RX] vision dcx=0 dcy=0
[10:55:43.584] [ARM-RX] [TARGET] vision state=CONFIRM enabled=1 dcx=0 dcy=0 stable=0
[10:55:43.722] [JETSON-TX] VISION dcx=0 dcy=0: FF 05 03 00 00 00 00 08 FE
[10:55:43.769] [ARM-RX] [JETSON_RX] vision dcx=0 dcy=0
[10:55:43.769] [ARM-RX] [TARGET] vision state=CONFIRM enabled=1 dcx=0 dcy=0 stable=0
[10:55:43.923] [JETSON-TX] VISION dcx=0 dcy=0: FF 05 03 00 00 00 00 08 FE
[10:55:43.956] [ARM-RX] [JETSON_RX] vision dcx=0 dcy=0
[10:55:43.956] [ARM-RX] [TARGET] vision state=CONFIRM enabled=1 dcx=0 dcy=0 stable=0
[10:55:44.125] [JETSON-TX] VISION dcx=0 dcy=0: FF 05 03 00 00 00 00 08 FE
[10:55:44.144] [ARM-RX] [JETSON_RX] vision dcx=0 dcy=0
[10:55:44.144] [ARM-RX] [TARGET] vision state=CONFIRM enabled=1 dcx=0 dcy=0 stable=0
[10:55:44.326] [JETSON-TX] VISION dcx=0 dcy=0: FF 05 03 00 00 00 00 08 FE
[10:55:44.392] [ARM-RX] [JETSON_RX] vision dcx=0 dcy=0
[10:55:44.392] [ARM-RX] [TARGET] vision state=CONFIRM enabled=1 dcx=0 dcy=0 stable=0
[10:55:44.526] [JETSON-TX] VISION dcx=0 dcy=0: FF 05 03 00 00 00 00 08 FE
[10:55:44.582] [ARM-RX] [JETSON_RX] vision dcx=0 dcy=0
[10:55:44.582] [ARM-RX] [TARGET] vision state=CONFIRM enabled=1 dcx=0 dcy=0 stable=0
[10:55:44.727] [JETSON-TX] VISION dcx=0 dcy=0: FF 05 03 00 00 00 00 08 FE
[10:55:44.770] [ARM-RX] [JETSON_RX] vision dcx=0 dcy=0
[10:55:44.771] [ARM-RX] [TARGET] vision state=CONFIRM enabled=1 dcx=0 dcy=0 stable=0
[10:55:44.928] [JETSON-TX] VISION dcx=0 dcy=0: FF 05 03 00 00 00 00 08 FE
[10:55:44.955] [ARM-RX] [JETSON_RX] vision dcx=0 dcy=0
[10:55:44.955] [ARM-RX] [TARGET] vision state=CONFIRM enabled=1 dcx=0 dcy=0 stable=0
[10:55:45.129] [JETSON-TX] VISION dcx=0 dcy=0: FF 05 03 00 00 00 00 08 FE
[10:55:45.205] [ARM-RX] [JETSON_RX] vision dcx=0 dcy=0
[10:55:45.205] [ARM-RX] [TARGET] vision state=CONFIRM enabled=1 dcx=0 dcy=0 stable=0
[10:55:45.330] [JETSON-TX] VISION dcx=0 dcy=0: FF 05 03 00 00 00 00 08 FE
[10:55:45.393] [ARM-RX] [JETSON_RX] vision dcx=0 dcy=0
[10:55:45.393] [ARM-RX] [TARGET] vision state=CONFIRM enabled=1 dcx=0 dcy=0 stable=0
[10:55:45.530] [JETSON-TX] VISION dcx=0 dcy=0: FF 05 03 00 00 00 00 08 FE
[10:55:45.578] [ARM-RX] [JETSON_RX] vision dcx=0 dcy=0
[10:55:45.578] [ARM-RX] [TARGET] vision state=CONFIRM enabled=1 dcx=0 dcy=0 stable=0
[10:55:45.731] [JETSON-TX] VISION dcx=0 dcy=0: FF 05 03 00 00 00 00 08 FE
[10:55:45.765] [ARM-RX] [JETSON_RX] vision dcx=0 dcy=0
[10:55:45.765] [ARM-RX] [TARGET] vision state=CONFIRM enabled=1 dcx=0 dcy=0 stable=0
[10:55:45.932] [JETSON-TX] VISION dcx=0 dcy=0: FF 05 03 00 00 00 00 08 FE
[10:55:46.013] [ARM-RX] [JETSON_RX] vision dcx=0 dcy=0
[10:55:46.013] [ARM-RX] [TARGET] vision state=CONFIRM enabled=1 dcx=0 dcy=0 stable=0
[10:55:46.134] [JETSON-TX] VISION dcx=0 dcy=0: FF 05 03 00 00 00 00 08 FE
[10:55:46.200] [ARM-RX] [JETSON_RX] vision dcx=0 dcy=0
[10:55:46.202] [ARM-RX] [TARGET] vision state=CONFIRM enabled=1 dcx=0 dcy=0 stable=0
[10:55:46.334] [JETSON-TX] VISION dcx=0 dcy=0: FF 05 03 00 00 00 00 08 FE
[10:55:46.390] [ARM-RX] [JETSON_RX] vision dcx=0 dcy=0
[10:55:46.390] [ARM-RX] [TARGET] vision state=CONFIRM enabled=1 dcx=0 dcy=0 stable=0
[10:55:46.535] [JETSON-TX] VISION dcx=0 dcy=0: FF 05 03 00 00 00 00 08 FE
[10:55:46.577] [ARM-RX] [JETSON_RX] vision dcx=0 dcy=0
[10:55:46.577] [ARM-RX] [TARGET] vision state=CONFIRM enabled=1 dcx=0 dcy=0 stable=0
[10:55:46.736] [JETSON-TX] VISION dcx=0 dcy=0: FF 05 03 00 00 00 00 08 FE
[10:55:46.766] [ARM-RX] [JETSON_RX] vision dcx=0 dcy=0
[10:55:46.766] [ARM-RX] [TARGET] vision state=OUTPUT enabled=1 dcx=0 dcy=0 stable=0
[10:55:46.798] [JETSON-RX] CC 03 01 DD
[10:55:46.798] [JETSON-STATUS] OUTPUT_ON: CC 03 01 DD
[10:55:46.799] [DEMO-ACTION] 激光已输出：需要关闭时松开 P000 KEY。
[10:55:46.937] [JETSON-TX] VISION dcx=0 dcy=0: FF 05 03 00 00 00 00 08 FE
[10:55:47.015] [ARM-RX] [JETSON_RX] vision dcx=0 dcy=0
[10:55:47.015] [ARM-RX] [TARGET] vision state=OUTPUT enabled=1 dcx=0 dcy=0 stable=0
[10:55:47.139] [JETSON-TX] VISION dcx=0 dcy=0: FF 05 03 00 00 00 00 08 FE
[10:55:47.200] [ARM-RX] [JETSON_RX] vision dcx=0 dcy=0
[10:55:47.200] [ARM-RX] [TARGET] vision state=OUTPUT enabled=1 dcx=0 dcy=0 stable=0
[10:55:47.339] [JETSON-TX] VISION dcx=0 dcy=0: FF 05 03 00 00 00 00 08 FE
[10:55:47.388] [ARM-RX] [JETSON_RX] vision dcx=0 dcy=0
[10:55:47.388] [ARM-RX] [TARGET] vision state=OUTPUT enabled=1 dcx=0 dcy=0 stable=0
[10:55:47.540] [JETSON-TX] VISION dcx=0 dcy=0: FF 05 03 00 00 00 00 08 FE
[10:55:47.576] [ARM-RX] [JETSON_RX] vision dcx=0 dcy=0
[10:55:47.576] [ARM-RX] [TARGET] vision state=OUTPUT enabled=1 dcx=0 dcy=0 stable=0
[10:55:47.741] [JETSON-TX] VISION dcx=0 dcy=0: FF 05 03 00 00 00 00 08 FE
[10:55:47.764] [ARM-RX] [JETSON_RX] vision dcx=0 dcy=0
[10:55:47.764] [ARM-RX] [TARGET] vision state=OUTPUT enabled=1 dcx=0 dcy=0 stable=0
[10:55:47.942] [JETSON-TX] VISION dcx=0 dcy=0: FF 05 03 00 00 00 00 08 FE
[10:55:47.967] [JETSON-RX] CC 03 00 DD
[10:55:47.968] [JETSON-STATUS] OUTPUT_OFF: CC 03 00 DD
[10:55:47.968] [JETSON-INFO] 已停止周期视觉发送
[10:55:47.969] [JETSON-TX] TARGET_CTRL_STOP: AA 01 00 BB
[10:55:47.969] [DEMO-INFO] 检测到 OUTPUT_OFF，演示流程结束。
[10:55:48.012] [ARM-RX] [JETSON_RX] vision dcx=0 dcy=0
[10:55:48.012] [ARM-RX] [TARGET] vision state=ALIGN enabled=1 dcx=0 dcy=0 stable=0
[10:55:48.013] [ARM-RX] [JETSON_RX] target_ctrl=0
[10:55:48.013] [ARM-RX] ROBOT_SOFT_RESET_EVENT
[10:55:48.013] [ARM-RX] --- Starting soft reset ---
[10:55:48.044] [JETSON-RX] CC 04 00 DD
[10:55:48.044] [JETSON-STATUS] TARGET_CTRL_OFF: CC 04 00 DD
[10:55:48.201] [ARM-RX] Soft reset motors enabled (J1~J5, J6 skipped).
[10:55:48.201] [ARM-RX] Soft resetting joint 4...
[10:55:48.263] [ARM-RX] robot_update_current_angle 4...
[10:55:48.263] [ARM-RX] [4] current:89.77, target:90.00, dir:1
[10:55:48.387] [ARM-RX] Soft resetting joint 3...
[10:55:48.387] [ARM-RX] robot_update_current_angle 3...
[10:55:48.387] [ARM-RX] [3] current:-3.82, target:0.00, dir:1
[10:55:49.137] [ARM-RX] Soft resetting joint 1...
[10:55:49.137] [ARM-RX] robot_update_current_angle 1...
[10:55:49.137] [ARM-RX] [1] current:107.01, target:90.00, dir:-1
[10:55:50.757] [ARM-RX] soft reset joint 1 settle timeout, keep going
[10:55:50.757] [ARM-RX] Soft resetting joint 2...
[10:55:50.819] [ARM-RX] robot_update_current_angle 2...
[10:55:50.819] [ARM-RX] [2] current:-72.43, target:-90.00, dir:-1
[10:55:52.495] [ARM-RX] soft reset joint 2 settle timeout, keep going
[10:55:52.495] [ARM-RX] Soft resetting joint 0...
[10:55:52.495] [ARM-RX] robot_update_current_angle 0...
[10:55:52.495] [ARM-RX] [0] current:93.61, target:90.00, dir:-1
[10:55:53.304] [ARM-RX] soft reset final verify PASS (issues:2), pose set HOME.
[10:57:44.889] [ARM-WARN] 空命令已忽略。
[10:57:45.628] [ARM-WARN] 空命令已忽略。
[10:57:45.849] [ARM-WARN] 空命令已忽略。
[10:57:49.069] [ARM-TX] 发送命令 read_all: read_all
[10:57:49.132] [ARM-RX] Found handler for 'read_all', executing...
[10:57:49.132] [ARM-RX] ROBOT_READ_ALL_EVENT
[10:57:49.132] [ARM-RX] read_all ret=0 elapsed=2 ms missing=0x00
[10:57:49.132] [ARM-RX] J1 angle=90.00
[10:57:49.133] [ARM-RX] J2 angle=90.00
[10:57:49.133] [ARM-RX] J3 angle=270.00
[10:57:49.133] [ARM-RX] J4 angle=0.00
[10:57:49.134] [ARM-RX] J5 angle=90.00
[10:57:52.004] [ARM-TX] 发送命令 soft_reset: soft_reset
[10:57:52.067] [ARM-RX] Found handler for 'soft_reset', executing...
[10:57:52.068] [ARM-RX] ROBOT_SOFT_RESET_EVENT
[10:57:52.068] [ARM-RX] --- Starting soft reset ---
[10:57:52.312] [ARM-RX] Soft reset motors enabled (J1~J5, J6 skipped).
[10:57:52.312] [ARM-RX] Soft resetting joint 4...
[10:57:52.312] [ARM-RX] robot_update_current_angle 4...
[10:57:52.312] [ARM-RX] [4] current:90.00, target:90.00, dir:-1
[10:57:52.436] [ARM-RX] Soft resetting joint 3...
[10:57:52.436] [ARM-RX] robot_update_current_angle 3...
[10:57:52.436] [ARM-RX] [3] current:0.00, target:0.00, dir:-1
[10:57:52.623] [ARM-RX] Soft resetting joint 1...
[10:57:52.623] [ARM-RX] robot_update_current_angle 1...
[10:57:52.623] [ARM-RX] [1] current:90.00, target:90.00, dir:-1
[10:57:52.750] [ARM-RX] Soft resetting joint 2...
[10:57:52.750] [ARM-RX] robot_update_current_angle 2...
[10:57:52.750] [ARM-RX] [2] current:-90.00, target:-90.00, dir:-1
[10:57:52.873] [ARM-RX] Soft resetting joint 0...
[10:57:52.935] [ARM-RX] robot_update_current_angle 0...
[10:57:52.935] [ARM-RX] [0] current:90.00, target:90.00, dir:1
[10:57:53.124] [ARM-RX] soft reset final verify PASS (issues:0), pose set HOME.
[10:57:53.891] [ARM-TX] 发送命令 auto 0 -50 0: auto 0 -50 0
[10:57:53.929] [ARM-RX] Found handler for 'auto', executing...
[10:57:53.930] [ARM-RX] ROBOT_AUTO_EVENT
[10:57:53.930] [ARM-RX] [0] <0.00 0.00 0.00> result: 90.00 90.00 -90.00 0.00 90.00 0.00
[10:57:53.930] [ARM-RX] [1] <0.00 -0.00 0.00> result: 90.00 90.00 -90.00 0.00 90.00 0.00
[10:57:53.930] [ARM-RX] [2] <0.00 -0.00 0.00> result: 90.00 90.00 -90.00 0.00 90.00 0.00
[10:57:53.931] [ARM-RX] [3]
[10:57:53.952] [ARM-RX] <0.00 -0.01 0.00> result: 90.00 90.00 -90.00 0.00 90.00 0.00
[10:57:53.952] [ARM-RX] [4] <0.00 -0.02 0.00> result: 90.00 90.00 -89.99 0.00 90.00 0.00
[10:57:53.952] [ARM-RX] [5] <0.00 -0.03 0.00> result: 90.00 90.01 -89.99 0.00 90.00 0.00
[10:57:53.952] [ARM-RX] [6] <0.00 -0.05 0.00> result: 90.00 90.02 -89.98 0.00 90.00 0
[10:57:53.975] [ARM-RX] .00
[10:57:53.975] [ARM-RX] [7] <0.00 -0.08 0.00> result: 90.00 90.02 -89.98 0.00 90.00 0.00
[10:57:53.975] [ARM-RX] [8] <0.00 -0.12 0.00> result: 90.00 90.03 -89.97 0.00 90.00 0.00
[10:57:53.975] [ARM-RX] [9] <0.00 -0.17 0.00> result: 90.00 90.05 -89.95 0.00 90.00 0.00
[10:57:53.975] [ARM-RX] [10] <0.00 -0.22 0.00> result: 90.00 90.06 -89.94 0.0
[10:57:53.997] [ARM-RX] 0 90.00 0.00
[10:57:53.998] [ARM-RX] [11] <0.00 -0.29 0.00> result: 90.00 90.08 -89.92 0.00 90.00 0.00
[10:57:53.998] [ARM-RX] [12] <0.00 -0.38 0.00> result: 90.00 90.11 -89.89 0.00 90.00 0.00
[10:57:53.998] [ARM-RX] [13] <0.00 -0.47 0.00> result: 90.00 90.14 -89.86 0.00 90.00 0.00
[10:57:53.998] [ARM-RX] [14] <0.00 -0.59 0.00> result: 90.00 90.1
[10:57:54.019] [ARM-RX] 7 -89.83 0.00 90.00 0.00
[10:57:54.020] [ARM-RX] [15] <0.00 -0.71 0.00> result: 90.00 90.20 -89.80 0.00 90.00 0.00
[10:57:54.020] [ARM-RX] [16] <0.00 -0.86 0.00> result: 90.00 90.24 -89.75 0.00 90.00 0.00
[10:57:54.020] [ARM-RX] [17] <0.00 -1.02 0.00> result: 90.00 90.29 -89.71 0.00 90.00 0.00
[10:57:54.020] [ARM-RX] [18] <0.00 -1.20 0.00> result
[10:57:54.043] [ARM-RX] : 90.00 90.34 -89.65 0.00 90.00 0.00
[10:57:54.050] [ARM-RX] [19] <0.00 -1.41 0.00> result: 90.00 90.40 -89.60 0.00 89.99 0.00
[10:57:54.050] [ARM-RX] [20] <0.00 -1.63 0.00> result: 90.00 90.46 -89.53 0.00 89.99 0.00
[10:57:54.050] [ARM-RX] [21] <0.00 -1.87 0.00> result: 90.00 90.53 -89.46 0.00 89.99 0.00
[10:57:54.050] [ARM-RX] [22] <0.00 -2.14
[10:57:54.077] [ARM-RX] 0.00> result: 90.00 90.60 -89.39 0.00 89.99 0.00
[10:57:54.079] [ARM-RX] [23] <0.00 -2.43 0.00> result: 90.00 90.68 -89.30 0.00 89.98 0.00
[10:57:54.079] [ARM-RX] [24] <0.00 -2.74 0.00> result: 90.00 90.77 -89.21 0.00 89.98 0.00
[10:57:54.079] [ARM-RX] [25] <0.00 -3.08 0.00> result: 90.00 90.86 -89.11 0.00 89.97 0.00
[10:57:54.079] [ARM-RX] [26]
[10:57:54.100] [ARM-RX] <0.00 -3.45 0.00> result: 90.00 90.96 -89.01 0.00 89.97 0.00
[10:57:54.100] [ARM-RX] [27] <0.00 -3.83 0.00> result: 90.00 91.06 -88.90 0.00 89.96 0.00
[10:57:54.101] [ARM-RX] [28] <0.00 -4.25 0.00> result: 90.00 91.17 -88.78 0.00 89.95 0.00
[10:57:54.101] [ARM-RX] [29] <0.00 -4.69 0.00> result: 90.00 91.29 -88.65 0.00 89.94
[10:57:54.123] [ARM-RX] 0.00
[10:57:54.123] [ARM-RX] [30] <0.00 -5.16 0.00> result: 90.00 91.41 -88.52 0.00 89.93 0.00
[10:57:54.123] [ARM-RX] [31] <0.00 -5.66 0.00> result: 90.00 91.54 -88.37 0.00 89.91 0.00
[10:57:54.124] [ARM-RX] [32] <0.00 -6.19 0.00> result: 90.00 91.68 -88.22 0.00 89.90 0.00
[10:57:54.124] [ARM-RX] [33] <0.00 -6.74 0.00> result: 90.00 91.82 -88.0
[10:57:54.146] [ARM-RX] 6 0.00 89.88 0.00
[10:57:54.146] [ARM-RX] [34] <0.00 -7.33 0.00> result: 90.00 91.97 -87.89 0.00 89.86 0.00
[10:57:54.146] [ARM-RX] [35] <0.00 -7.94 0.00> result: 90.00 92.12 -87.71 0.00 89.84 0.00
[10:57:54.146] [ARM-RX] [36] <0.00 -8.58 0.00> result: 90.00 92.28 -87.53 0.00 89.81 0.00
[10:57:54.147] [ARM-RX] [37] <0.00 -9.25 0.00> result: 90.00
[10:57:54.170] [ARM-RX] 92.45 -87.33 0.00 89.78 0.00
[10:57:54.170] [ARM-RX] [38] <0.00 -9.95 0.00> result: 90.00 92.62 -87.13 0.00 89.75 0.00
[10:57:54.170] [ARM-RX] [39] <0.00 -10.69 0.00> result: 90.00 92.80 -86.92 0.00 89.72 0.00
[10:57:54.170] [ARM-RX] [40] <0.00 -11.45 0.00> result: 90.00 92.98 -86.69 0.00 89.68 0.00
[10:57:54.171] [ARM-RX] [41] <0.00 -12.24 0.00
[10:57:54.191] [ARM-RX] > result: 90.00 93.17 -86.46 0.00 89.64 0.00
[10:57:54.191] [ARM-RX] [42] <0.00 -13.06 0.00> result: 90.00 93.37 -86.22 0.00 89.59 0.00
[10:57:54.191] [ARM-RX] [43] <0.00 -13.91 0.00> result: 90.00 93.57 -85.98 0.00 89.54 0.00
[10:57:54.192] [ARM-RX] [44] <0.00 -14.80 0.00> result: 90.00 93.77 -85.72 0.00 89.49 0.00
[10:57:54.192] [ARM-RX] [45] <
[10:57:54.214] [ARM-RX] 0.00 -15.71 0.00> result: 90.00 93.98 -85.45 0.00 89.43 0.00
[10:57:54.215] [ARM-RX] [46] <0.00 -16.65 0.00> result: 90.00 94.19 -85.18 0.00 89.37 0.00
[10:57:54.215] [ARM-RX] [47] <0.00 -17.62 0.00> result: 90.00 94.41 -84.89 0.00 89.30 0.00
[10:57:54.215] [ARM-RX] [48] <0.00 -18.62 0.00> result: 90.00 94.63 -84.60 0.00 89
[10:57:54.237] [ARM-RX] .23 0.00
[10:57:54.237] [ARM-RX] [49] <0.00 -19.64 0.00> result: 90.00 94.86 -84.30 0.00 89.16 0.00
[10:57:54.237] [ARM-RX] [50] <0.00 -20.70 0.00> result: 90.00 95.09 -83.99 0.00 89.08 0.00
[10:57:54.238] [ARM-RX] [51] <0.00 -21.78 0.00> result: 90.00 95.32 -83.67 0.00 89.00 0.00
[10:57:54.239] [ARM-RX] [52] <0.00 -22.89 0.00> result: 90.00 95.5
[10:57:54.260] [ARM-RX] 6 -83.35 0.00 88.91 0.00
[10:57:54.260] [ARM-RX] [53] <0.00 -24.02 0.00> result: 90.00 95.80 -83.01 0.00 88.81 0.00
[10:57:54.260] [ARM-RX] [54] <0.00 -25.19 0.00> result: 90.00 96.05 -82.67 0.00 88.72 0.00
[10:57:54.260] [ARM-RX] [55] <0.00 -26.37 0.00> result: 90.00 96.29 -82.32 0.00 88.61 0.00
[10:57:54.261] [ARM-RX] [56] <0.00 -27.59 0.00> re
[10:57:54.295] [ARM-RX] sult: 90.00 96.54 -81.96 0.00 88.51 0.00
[10:57:54.295] [ARM-RX] [57] <0.00 -28.82 0.00> result: 90.00 96.80 -81.60 0.00 88.40 0.00
[10:57:54.295] [ARM-RX] [58] <0.00 -30.08 0.00> result: 90.00 97.05 -81.22 0.00 88.28 0.00
[10:57:54.295] [ARM-RX] [59] <0.00 -31.36 0.00> result: 90.00 97.31 -80.84 0.00 88.16 0.00
[10:57:54.295] [ARM-RX] [60] <0.00
[10:57:54.317] [ARM-RX] -32.67 0.00> result: 90.00 97.57 -80.46 0.00 88.03 0.00
[10:57:54.318] [ARM-RX] [61] <0.00 -33.99 0.00> result: 90.00 97.84 -80.06 0.00 87.90 0.00
[10:57:54.318] [ARM-RX] [62] <0.00 -35.34 0.00> result: 90.00 98.10 -79.66 0.00 87.77 0.00
[10:57:54.318] [ARM-RX] [63] <0.00 -36.70 0.00> result: 90.00 98.37 -79.26 0.00 87.63
[10:57:54.340] [ARM-RX] 0.00
[10:57:54.340] [ARM-RX] [64] <0.00 -38.09 0.00> result: 90.00 98.64 -78.85 0.00 87.48 0.00
[10:57:54.340] [ARM-RX] [65] <0.00 -39.49 0.00> result: 90.00 98.91 -78.43 0.00 87.34 0.00
[10:57:54.340] [ARM-RX] [66] <0.00 -40.91 0.00> result: 90.00 99.18 -78.01 0.00 87.19 0.00
[10:57:54.341] [ARM-RX] [67] <0.00 -42.34 0.00> result: 90.00 99.45 -7
[10:57:54.363] [ARM-RX] 7.58 0.00 87.03 0.00
[10:57:54.363] [ARM-RX] [68] <0.00 -43.78 0.00> result: 90.00 99.73 -77.15 0.00 86.87 0.00
[10:57:54.363] [ARM-RX] [69] <0.00 -45.25 0.00> result: 90.00 100.00 -76.71 0.00 86.71 0.00
[10:57:54.364] [ARM-RX] [70] <0.00 -46.72 0.00> result: 90.00 100.28 -76.27 0.00 86.54 0.00
[10:57:54.364] [ARM-RX] [71] <0.00 -48.20 0.00> resu
[10:57:54.388] [ARM-RX] lt: 90.00 100.55 -75.82 0.00 86.37 0.00
[10:57:54.389] [ARM-RX] [72] <0.00 -49.70 0.00> result: 90.00 100.83 -75.37 0.00 86.20 0.00
[10:57:54.389] [ARM-RX] [73] <0.00 -50.00 0.00> result: 90.00 100.89 -75.28 0.00 86.17 0.00
[10:57:54.389] [ARM-RX] [74] <0.00 -50.00 0.00> result: 90.00 100.89 -75.28 0.00 86.17 0.00
[10:57:54.389] [ARM-RX] [75] <0.
[10:57:54.408] [ARM-RX] 00 -50.00 0.00> result: 90.00 100.89 -75.28 0.00 86.17 0.00
[10:57:54.408] [ARM-RX] [76] <0.00 -50.00 0.00> result: 90.00 100.89 -75.28 0.00 86.17 0.00
[10:57:54.409] [ARM-RX] [77] <0.00 -50.00 0.00> result: 90.00 100.89 -75.28 0.00 86.17 0.00
[10:57:54.409] [ARM-RX] [78] <0.00 -50.00 0.00> result: 90.00 100.89 -75.28 0.00
[10:57:54.430] [ARM-RX] 86.17 0.00
[10:57:54.430] [ARM-RX] [79] <0.00 -50.00 0.00> result: 90.00 100.89 -75.28 0.00 86.17 0.00
[10:57:54.432] [ARM-RX] [80] <0.00 -50.00 0.00> result: 90.00 100.89 -75.28 0.00 86.17 0.00
[10:57:54.432] [ARM-RX] [81] <0.00 -50.00 0.00> result: 90.00 100.89 -75.28 0.00 86.17 0.00
[10:57:54.432] [ARM-RX] [82] <0.00 -50.00 0.00> result: 90.00
[10:57:54.465] [ARM-RX] 100.89 -75.28 0.00 86.17 0.00
[10:57:54.465] [ARM-RX] [83] <0.00 -50.00 0.00> result: 90.00 100.89 -75.28 0.00 86.17 0.00
[10:57:54.465] [ARM-RX] [84] <0.00 -50.00 0.00> result: 90.00 100.89 -75.28 0.00 86.17 0.00
[10:57:54.466] [ARM-RX] [85] <0.00 -50.00 0.00> result: 90.00 100.89 -75.28 0.00 86.17 0.00
[10:57:54.466] [ARM-RX] [86] <0.00 -50.00
[10:57:54.488] [ARM-RX] 0.00> result: 90.00 100.89 -75.28 0.00 86.17 0.00
[10:57:54.488] [ARM-RX] [87] <0.00 -50.00 0.00> result: 90.00 100.89 -75.28 0.00 86.17 0.00
[10:57:54.488] [ARM-RX] [88] <0.00 -50.00 0.00> result: 90.00 100.89 -75.28 0.00 86.17 0.00
[10:57:54.488] [ARM-RX] [89] <0.00 -50.00 0.00> result: 90.00 100.89 -75.28 0.00 86.17 0.0
[10:57:54.515] [ARM-RX] 0
[10:57:54.515] [ARM-RX] [90] <0.00 -50.00 0.00> result: 90.00 100.89 -75.28 0.00 86.17 0.00
[10:57:54.515] [ARM-RX] [91] <0.00 -50.00 0.00> result: 90.00 100.89 -75.28 0.00 86.17 0.00
[10:57:54.515] [ARM-RX] [92] <0.00 -50.00 0.00> result: 90.00 100.89 -75.28 0.00 86.17 0.00
[10:57:54.516] [ARM-RX] [93] <0.00 -50.00 0.00> result: 90.00 100.89 -
[10:57:54.534] [ARM-RX] 75.28 0.00 86.17 0.00
[10:57:54.534] [ARM-RX] [94] <0.00 -50.00 0.00> result: 90.00 100.89 -75.28 0.00 86.17 0.00
[10:57:54.534] [ARM-RX] [95] <0.00 -50.00 0.00> result: 90.00 100.89 -75.28 0.00 86.17 0.00
[10:57:54.534] [ARM-RX] [96] <0.00 -50.00 0.00> result: 90.00 100.89 -75.28 0.00 86.17 0.00
[10:57:54.535] [ARM-RX] [97] <0.00 -50.00 0.00> re
[10:57:54.557] [ARM-RX] sult: 90.00 100.89 -75.28 0.00 86.17 0.00
[10:57:54.557] [ARM-RX] [98] <0.00 -50.00 0.00> result: 90.00 100.89 -75.28 0.00 86.17 0.00
[10:57:54.557] [ARM-RX] [99] <0.00 -50.00 0.00> result: 90.00 100.89 -75.28 0.00 86.17 0.00
[10:57:54.557] [ARM-RX] [100] <0.00 -50.00 0.00> result: 90.00 100.89 -75.28 0.00 86.17 0.00
[10:57:54.557] [ARM-RX] [101]
[10:57:54.581] [ARM-RX] <0.00 -50.00 0.00> result: 90.00 100.89 -75.28 0.00 86.17 0.00
[10:57:54.581] [ARM-RX] [102] <0.00 -50.00 0.00> result: 90.00 100.89 -75.28 0.00 86.17 0.00
[10:57:54.581] [ARM-RX] [103] <0.00 -50.00 0.00> result: 90.00 100.89 -75.28 0.00 86.17 0.00
[10:57:54.582] [ARM-RX] [104] <0.00 -50.00 0.00> result: 90.00 100.89 -75.2
[10:57:54.602] [ARM-RX] 8 0.00 86.17 0.00
[10:57:54.603] [ARM-RX] [105] <0.00 -50.00 0.00> result: 90.00 100.89 -75.28 0.00 86.17 0.00
[10:57:54.603] [ARM-RX] [106] <0.00 -50.00 0.00> result: 90.00 100.89 -75.28 0.00 86.17 0.00
[10:57:54.603] [ARM-RX] [107] <0.00 -50.00 0.00> result: 90.00 100.89 -75.28 0.00 86.17 0.00
[10:57:54.603] [ARM-RX] [108] <0.00 -50.00 0.00> re
[10:57:54.626] [ARM-RX] sult: 90.00 100.89 -75.28 0.00 86.17 0.00
[10:57:54.627] [ARM-RX] [109] <0.00 -50.00 0.00> result: 90.00 100.89 -75.28 0.00 86.17 0.00
[10:57:54.627] [ARM-RX] [110] <0.00 -50.00 0.00> result: 90.00 100.89 -75.28 0.00 86.17 0.00
[10:57:54.627] [ARM-RX] [111] <0.00 -50.00 0.00> result: 90.00 100.89 -75.28 0.00 86.17 0.00
[10:57:54.627] [ARM-RX] [11
[10:57:54.660] [ARM-RX] 2] <0.00 -50.00 0.00> result: 90.00 100.89 -75.28 0.00 86.17 0.00
[10:57:54.660] [ARM-RX] [113] <0.00 -50.00 0.00> result: 90.00 100.89 -75.28 0.00 86.17 0.00
[10:57:54.660] [ARM-RX] [114] <0.00 -50.00 0.00> result: 90.00 100.89 -75.28 0.00 86.17 0.00
[10:57:54.661] [ARM-RX] [115] <0.00 -50.00 0.00> result: 90.00 100.89 -75
[10:57:54.684] [ARM-RX] .28 0.00 86.17 0.00
[10:57:54.684] [ARM-RX] [116] <0.00 -50.00 0.00> result: 90.00 100.89 -75.28 0.00 86.17 0.00
[10:57:54.684] [ARM-RX] [117] <0.00 -50.00 0.00> result: 90.00 100.89 -75.28 0.00 86.17 0.00
[10:57:54.685] [ARM-RX] [118] <0.00 -50.00 0.00> result: 90.00 100.89 -75.28 0.00 86.17 0.00
[10:57:54.685] [ARM-RX] [119] <0.00 -50.00 0.00>
[10:57:54.705] [ARM-RX] result: 90.00 100.89 -75.28 0.00 86.17 0.00
[10:57:54.705] [ARM-RX] [120] <0.00 -50.00 0.00> result: 90.00 100.89 -75.28 0.00 86.17 0.00
[10:57:54.705] [ARM-RX] [121] <0.00 -50.00 0.00> result: 90.00 100.89 -75.28 0.00 86.17 0.00
[10:57:54.705] [ARM-RX] [122] <0.00 -50.00 0.00> result: 90.00 100.89 -75.28 0.00 86.17 0.00
[10:57:54.705] [ARM-RX] [
[10:57:54.731] [ARM-RX] 123] <0.00 -50.00 0.00> result: 90.00 100.89 -75.28 0.00 86.17 0.00
[10:57:54.731] [ARM-RX] [124] <0.00 -50.00 0.00> result: 90.00 100.89 -75.28 0.00 86.17 0.00
[10:57:54.732] [ARM-RX] [125] <0.00 -50.00 0.00> result: 90.00 100.89 -75.28 0.00 86.17 0.00
[10:57:54.732] [ARM-RX] [126] <0.00 -50.00 0.00> result: 90.00 100.89 -
[10:57:54.750] [ARM-RX] 75.28 0.00 86.17 0.00
[10:57:54.751] [ARM-RX] [127] <0.00 -50.00 0.00> result: 90.00 100.89 -75.28 0.00 86.17 0.00
[10:57:54.751] [ARM-RX] [128] <0.00 -50.00 0.00> result: 90.00 100.89 -75.28 0.00 86.17 0.00
[10:57:54.751] [ARM-RX] [129] <0.00 -50.00 0.00> result: 90.00 100.89 -75.28 0.00 86.17 0.00
[10:57:54.751] [ARM-RX] [130] <0.00 -50.00 0.00
[10:57:54.774] [ARM-RX] > result: 90.00 100.89 -75.28 0.00 86.17 0.00
[10:57:54.774] [ARM-RX] [131] <0.00 -50.00 0.00> result: 90.00 100.89 -75.28 0.00 86.17 0.00
[10:57:54.775] [ARM-RX] [132] <0.00 -50.00 0.00> result: 90.00 100.89 -75.28 0.00 86.17 0.00
[10:57:54.775] [ARM-RX] [133] <0.00 -50.00 0.00> result: 90.00 100.89 -75.28 0.00 86.17 0.00
[10:57:54.797] [ARM-RX] [134] <0.00 -50.00 0.00> result: 90.00 100.89 -75.28 0.00 86.17 0.00
[10:57:54.797] [ARM-RX] [135] <0.00 -50.00 0.00> result: 90.00 100.89 -75.28 0.00 86.17 0.00
[10:57:54.797] [ARM-RX] [136] <0.00 -50.00 0.00> result: 90.00 100.89 -75.28 0.00 86.17 0.00
[10:57:54.797] [ARM-RX] [137] <0.00 -50.00 0.00> result: 90.00 100.89
[10:57:54.831] [ARM-RX] -75.28 0.00 86.17 0.00
[10:57:54.832] [ARM-RX] [138] <0.00 -50.00 0.00> result: 90.00 100.89 -75.28 0.00 86.17 0.00
[10:57:54.832] [ARM-RX] [139] <0.00 -50.00 0.00> result: 90.00 100.89 -75.28 0.00 86.17 0.00
[10:57:54.832] [ARM-RX] [140] <0.00 -50.00 0.00> result: 90.00 100.89 -75.28 0.00 86.17 0.00
[10:57:54.832] [ARM-RX] [141] <0.00 -50.00 0.
[10:57:54.854] [ARM-RX] 00> result: 90.00 100.89 -75.28 0.00 86.17 0.00
[10:57:54.854] [ARM-RX] [142] <0.00 -50.00 0.00> result: 90.00 100.89 -75.28 0.00 86.17 0.00
[10:57:54.854] [ARM-RX] [143] <0.00 -50.00 0.00> result: 90.00 100.89 -75.28 0.00 86.17 0.00
[10:57:54.855] [ARM-RX] [144] <0.00 -50.00 0.00> result: 90.00 100.89 -75.28 0.00 86.17 0.0
[10:57:54.881] [ARM-RX] 0
[10:57:54.881] [ARM-RX] [145] <0.00 -50.00 0.00> result: 90.00 100.89 -75.28 0.00 86.17 0.00
[10:57:54.881] [ARM-RX] [146] <0.00 -50.00 0.00> result: 90.00 100.89 -75.28 0.00 86.17 0.00
[10:57:54.882] [ARM-RX] [147] <0.00 -50.00 0.00> result: 90.00 100.89 -75.28 0.00 86.17 0.00
[10:57:54.882] [ARM-RX] [148] <0.00 -50.00 0.00> result: 90.00 100.
[10:57:54.900] [ARM-RX] 89 -75.28 0.00 86.17 0.00
[10:57:54.900] [ARM-RX] [149] <0.00 -50.00 0.00> result: 90.00 100.89 -75.28 0.00 86.17 0.00
[10:57:54.900] [ARM-RX] [150] <0.00 -50.00 0.00> result: 90.00 100.89 -75.28 0.00 86.17 0.00
[10:57:54.900] [ARM-RX] [151] <0.00 -50.00 0.00> result: 90.00 100.89 -75.28 0.00 86.17 0.00
[10:57:54.900] [ARM-RX] [152] <0.00 -50.00
[10:57:54.922] [ARM-RX] 0.00> result: 90.00 100.89 -75.28 0.00 86.17 0.00
[10:57:54.922] [ARM-RX] [153] <0.00 -50.00 0.00> result: 90.00 100.89 -75.28 0.00 86.17 0.00
[10:57:54.922] [ARM-RX] [154] <0.00 -50.00 0.00> result: 90.00 100.89 -75.28 0.00 86.17 0.00
[10:57:54.922] [ARM-RX] [155] <0.00 -50.00 0.00> result: 90.00 100.89 -75.28 0.00 86.17 0
[10:57:54.945] [ARM-RX] .00
[10:57:54.945] [ARM-RX] [156] <0.00 -50.00 0.00> result: 90.00 100.89 -75.28 0.00 86.17 0.00
[10:57:54.945] [ARM-RX] [157] <0.00 -50.00 0.00> result: 90.00 100.89 -75.28 0.00 86.17 0.00
[10:57:54.945] [ARM-RX] [158] <0.00 -50.00 0.00> result: 90.00 100.89 -75.28 0.00 86.17 0.00
[10:57:54.946] [ARM-RX] [159] <0.00 -50.00 0.00> result: 90.00 10
[10:57:55.012] [ARM-RX] 0.89 -75.28 0.00 86.17 0.00
[10:57:55.012] [ARM-RX] [160] <0.00 -50.00 0.00> result: 90.00 100.89 -75.28 0.00 86.17 0.00
[10:57:55.012] [ARM-RX] [161] <0.00 -50.00 0.00> result: 90.00 100.89 -75.28 0.00 86.17 0.00
[10:57:56.699] [ARM-RX] [joint 1] ave_error:0.00
[10:57:56.700] [ARM-RX] [joint 2] ave_error:2.26
[10:57:56.700] [ARM-RX] [joint 3] ave_error:2.02
[10:57:56.700] [ARM-RX] [joint 4] ave_error:0.00
[10:57:56.700] [ARM-RX] [joint 5] ave_error:0.25
[10:57:56.700] [ARM-RX] robot pid run finished!!
[10:57:57.689] [ARM-TX] 发送命令 read_all: read_all
[10:57:57.761] [ARM-RX] Found handler for 'read_all', executing...
[10:57:57.762] [ARM-RX] ROBOT_READ_ALL_EVENT
[10:57:57.762] [ARM-RX] read_all ret=0 elapsed=3 ms missing=0x00
[10:57:57.762] [ARM-RX] J1 angle=90.00
[10:57:57.762] [ARM-RX] J2 angle=102.29
[10:57:57.762] [ARM-RX] J3 angle=284.69
[10:57:57.763] [ARM-RX] J4 angle=0.00
[10:57:57.763] [ARM-RX] J5 angle=86.07
[10:57:59.150] [ARM-TX] 发送命令 read_all: read_all
[10:57:59.261] [ARM-RX] Found handler for 'read_all', executing...
[10:57:59.261] [ARM-RX] ROBOT_READ_ALL_EVENT
[10:57:59.261] [ARM-RX] read_all ret=0 elapsed=2 ms missing=0x00
[10:57:59.261] [ARM-RX] J1 angle=90.00
[10:57:59.262] [ARM-RX] J2 angle=102.28
[10:57:59.262] [ARM-RX] J3 angle=284.68
[10:57:59.262] [ARM-RX] J4 angle=0.00
[10:57:59.262] [ARM-RX] J5 angle=86.07
[10:57:59.919] [ARM-TX] 发送命令 soft_reset: soft_reset
[10:57:59.945] [ARM-RX] Found handler for 'soft_reset', executing...
[10:57:59.945] [ARM-RX] ROBOT_SOFT_RESET_EVENT
[10:57:59.945] [ARM-RX] --- Starting soft reset ---
[10:58:00.196] [ARM-RX] Soft reset motors enabled (J1~J5, J6 skipped).
[10:58:00.197] [ARM-RX] Soft resetting joint 4...
[10:58:00.197] [ARM-RX] robot_update_current_angle 4...
[10:58:00.197] [ARM-RX] [4] current:86.07, target:90.00, dir:1
[10:58:00.760] [ARM-RX] Soft resetting joint 3...
[10:58:00.760] [ARM-RX] robot_update_current_angle 3...
[10:58:00.760] [ARM-RX] [3] current:0.00, target:0.00, dir:-1
[10:58:00.885] [ARM-RX] Soft resetting joint 1...
[10:58:00.885] [ARM-RX] robot_update_current_angle 1...
[10:58:00.885] [ARM-RX] [1] current:102.28, target:90.00, dir:-1
[10:58:02.448] [ARM-RX] soft reset joint 1 settle timeout, keep going
[10:58:02.448] [ARM-RX] Soft resetting joint 2...
[10:58:02.448] [ARM-RX] robot_update_current_angle 2...
[10:58:02.448] [ARM-RX] [2] current:-75.32, target:-90.00, dir:-1
[10:58:04.070] [ARM-RX] soft reset joint 2 settle timeout, keep going
[10:58:04.070] [ARM-RX] Soft resetting joint 0...
[10:58:04.070] [ARM-RX] robot_update_current_angle 0...
[10:58:04.070] [ARM-RX] [0] current:90.00, target:90.00, dir:1
[10:58:04.256] [ARM-RX] soft reset final verify PASS (issues:2), pose set HOME.
[10:58:06.048] [ARM-TX] 发送命令 read_all: read_all
[10:58:06.124] [ARM-RX] Found handler for 'read_all', executing...
[10:58:06.124] [ARM-RX] ROBOT_READ_ALL_EVENT
[10:58:06.124] [ARM-RX] read_all ret=0 elapsed=2 ms missing=0x00
[10:58:06.124] [ARM-RX] J1 angle=90.00
[10:58:06.124] [ARM-RX] J2 angle=90.00
[10:58:06.125] [ARM-RX] J3 angle=269.99
[10:58:06.125] [ARM-RX] J4 angle=0.00
[10:58:06.125] [ARM-RX] J5 angle=90.00
[10:58:07.370] [ARM-TX] 发送命令 read_all: read_all
[10:58:07.432] [ARM-RX] Found handler for 'read_all', executing...
[10:58:07.432] [ARM-RX] ROBOT_READ_ALL_EVENT
[10:58:07.432] [ARM-RX] read_all ret=0 elapsed=3 ms missing=0x00
[10:58:07.432] [ARM-RX] J1 angle=90.00
[10:58:07.432] [ARM-RX] J2 angle=90.00
[10:58:07.433] [ARM-RX] J3 angle=270.00
[10:58:07.433] [ARM-RX] J4 angle=0.00
[10:58:07.433] [ARM-RX] J5 angle=90.00
[10:58:07.859] [ARM-TX] 发送命令 read_all: read_all
[10:58:07.932] [ARM-RX] Found handler for 'read_all', executing...
[10:58:07.932] [ARM-RX] ROBOT_READ_ALL_EVENT
[10:58:07.932] [ARM-RX] read_all ret=0 elapsed=2 ms missing=0x00
[10:58:07.932] [ARM-RX] J1 angle=90.00
[10:58:07.933] [ARM-RX] J2 angle=90.00
[10:58:07.933] [ARM-RX] J3 angle=270.00
[10:58:07.933] [ARM-RX] J4 angle=0.00
[10:58:07.933] [ARM-RX] J5 angle=90.00
[10:58:09.770] [ARM-TX] 发送命令 read_all: read_all
[10:58:09.868] [ARM-RX] Found handler for 'read_all', executing...
[10:58:09.868] [ARM-RX] ROBOT_READ_ALL_EVENT
[10:58:09.868] [ARM-RX] read_all ret=0 elapsed=2 ms missing=0x00
[10:58:09.868] [ARM-RX] J1 angle=90.00
[10:58:09.868] [ARM-RX] J2 angle=90.00
[10:58:09.869] [ARM-RX] J3 angle=270.00
[10:58:09.869] [ARM-RX] J4 angle=0.00
[10:58:09.869] [ARM-RX] J5 angle=90.00
[10:58:10.328] [ARM-TX] 发送命令 read_all: read_all
[10:58:10.362] [ARM-RX] Found handler for 'read_all', executing...
[10:58:10.362] [ARM-RX] ROBOT_READ_ALL_EVENT
[10:58:10.362] [ARM-RX] read_all ret=0 elapsed=2 ms missing=0x00
[10:58:10.362] [ARM-RX] J1 angle=90.00
[10:58:10.363] [ARM-RX] J2 angle=90.00
[10:58:10.363] [ARM-RX] J3 angle=270.00
[10:58:10.363] [ARM-RX] J4 angle=0.00
[10:58:10.363] [ARM-RX] J5 angle=90.00
[10:58:10.979] [ARM-TX] 发送命令 read_all: read_all
[10:58:11.042] [ARM-RX] Found handler for 'read_all', executing...
[10:58:11.042] [ARM-RX] ROBOT_READ_ALL_EVENT
[10:58:11.042] [ARM-RX] read_all ret=0 elapsed=2 ms missing=0x00
[10:58:11.042] [ARM-RX] J1 angle=90.00
[10:58:11.042] [ARM-RX] J2 angle=90.00
[10:58:11.043] [ARM-RX] J3 angle=270.00
[10:58:11.043] [ARM-RX] J4 angle=0.00
[10:58:11.043] [ARM-RX] J5 angle=90.00
[10:58:11.639] [ARM-TX] 发送命令 read_all: read_all
[10:58:11.721] [ARM-RX] Found handler for 'read_all', executing...
[10:58:11.721] [ARM-RX] ROBOT_READ_ALL_EVENT
[10:58:11.721] [ARM-RX] read_all ret=0 elapsed=2 ms missing=0x00
[10:58:11.721] [ARM-RX] J1 angle=90.00
[10:58:11.722] [ARM-RX] J2 angle=90.00
[10:58:11.722] [ARM-RX] J3 angle=270.00
[10:58:11.722] [ARM-RX] J4 angle=0.00
[10:58:11.722] [ARM-RX] J5 angle=90.00
[10:58:27.879] [ARM-TX] 发送命令 auto 23.21 -96.32 21: auto 23.21 -96.32 21
[10:58:27.919] [ARM-RX] Found handler for 'auto', executing...
[10:58:27.920] [ARM-RX] ROBOT_AUTO_EVENT
[10:58:27.920] [ARM-RX] [0] <0.00 0.00 0.00> result: 90.00 90.00 -90.00 0.00 90.00 0.00
[10:58:27.920] [ARM-RX] [1] <0.00 -0.00 0.00> result: 90.00 90.00 -90.00 -0.00 90.00 0.00
[10:58:27.920] [ARM-RX] [2] <0.00 -0.00 0.00> result: 90.00 90.00 -90.00 -0.00 90.00 0.00
[10:58:27.921] [ARM-RX] [
[10:58:27.942] [ARM-RX] 3] <0.00 -0.01 0.00> result: 90.00 90.00 -90.00 -0.00 90.00 0.00
[10:58:27.943] [ARM-RX] [4] <0.00 -0.01 0.00> result: 90.00 90.00 -90.00 -0.00 90.00 0.00
[10:58:27.943] [ARM-RX] [5] <0.01 -0.02 0.00> result: 90.01 90.00 -89.99 -0.01 89.99 0.00
[10:58:27.943] [ARM-RX] [6] <0.01 -0.04 0.01> result: 90.01 90.00 -89.99 -0.01 8
[10:58:27.964] [ARM-RX] 9.99 0.00
[10:58:27.965] [ARM-RX] [7] <0.01 -0.05 0.01> result: 90.02 90.00 -89.98 -0.02 89.99 0.00
[10:58:27.965] [ARM-RX] [8] <0.02 -0.08 0.02> result: 90.02 90.00 -89.98 -0.02 89.98 0.00
[10:58:27.965] [ARM-RX] [9] <0.03 -0.11 0.02> result: 90.03 90.00 -89.97 -0.03 89.97 0.00
[10:58:27.965] [ARM-RX] [10] <0.04 -0.15 0.03> result: 90.04 90.01 -
[10:58:27.987] [ARM-RX] 89.95 -0.04 89.96 0.00
[10:58:27.988] [ARM-RX] [11] <0.05 -0.20 0.04> result: 90.06 90.01 -89.94 -0.06 89.95 0.00
[10:58:27.988] [ARM-RX] [12] <0.06 -0.25 0.06> result: 90.07 90.01 -89.92 -0.07 89.93 0.00
[10:58:27.988] [ARM-RX] [13] <0.08 -0.32 0.07> result: 90.09 90.01 -89.90 -0.09 89.92 0.00
[10:58:27.988] [ARM-RX] [14] <0.10 -0.39 0.09> resul
[10:58:28.010] [ARM-RX] t: 90.11 90.02 -89.88 -0.11 89.90 0.00
[10:58:28.011] [ARM-RX] [15] <0.12 -0.48 0.10> result: 90.14 90.02 -89.85 -0.14 89.87 0.00
[10:58:28.011] [ARM-RX] [16] <0.14 -0.58 0.13> result: 90.17 90.03 -89.82 -0.17 89.85 0.00
[10:58:28.011] [ARM-RX] [17] <0.17 -0.69 0.15> result: 90.20 90.03 -89.79 -0.20 89.82 0.00
[10:58:28.011] [ARM-RX] [18] <0.20 -
[10:58:28.037] [ARM-RX] 0.82 0.18> result: 90.23 90.04 -89.75 -0.23 89.79 0.00
[10:58:28.038] [ARM-RX] [19] <0.23 -0.95 0.21> result: 90.27 90.04 -89.71 -0.27 89.75 0.00
[10:58:28.038] [ARM-RX] [20] <0.27 -1.11 0.24> result: 90.31 90.05 -89.66 -0.31 89.71 0.00
[10:58:28.038] [ARM-RX] [21] <0.31 -1.27 0.28> result: 90.36 90.06 -89.61 -0.36 89.67 0.
[10:58:28.056] [ARM-RX] 00
[10:58:28.057] [ARM-RX] [22] <0.35 -1.46 0.32> result: 90.41 90.07 -89.55 -0.41 89.62 0.00
[10:58:28.057] [ARM-RX] [23] <0.40 -1.66 0.36> result: 90.46 90.08 -89.49 -0.46 89.57 0.00
[10:58:28.057] [ARM-RX] [24] <0.45 -1.88 0.41> result: 90.52 90.09 -89.42 -0.52 89.52 0.00
[10:58:28.057] [ARM-RX] [25] <0.51 -2.11 0.46> result: 90.59 90.10 -89.3
[10:58:28.092] [ARM-RX] 5 -0.59 89.46 0.00
[10:58:28.092] [ARM-RX] [26] <0.57 -2.37 0.52> result: 90.65 90.12 -89.27 -0.65 89.39 0.00
[10:58:28.093] [ARM-RX] [27] <0.64 -2.64 0.58> result: 90.72 90.13 -89.19 -0.72 89.32 0.00
[10:58:28.093] [ARM-RX] [28] <0.71 -2.93 0.64> result: 90.80 90.15 -89.10 -0.80 89.25 0.00
[10:58:28.093] [ARM-RX] [29] <0.78 -3.24 0.71> result: 9
[10:58:28.116] [ARM-RX] 0.88 90.17 -89.00 -0.88 89.17 0.00
[10:58:28.116] [ARM-RX] [30] <0.86 -3.58 0.78> result: 90.96 90.19 -88.90 -0.96 89.09 0.00
[10:58:28.117] [ARM-RX] [31] <0.95 -3.93 0.86> result: 91.05 90.21 -88.79 -1.05 89.00 0.00
[10:58:28.117] [ARM-RX] [32] <1.04 -4.31 0.94> result: 91.14 90.23 -88.68 -1.15 88.91 0.00
[10:58:28.117] [ARM-RX] [33] <1.13 -4.71
[10:58:28.138] [ARM-RX] 1.03> result: 91.24 90.26 -88.55 -1.24 88.81 0.00
[10:58:28.138] [ARM-RX] [34] <1.24 -5.13 1.12> result: 91.34 90.29 -88.42 -1.34 88.71 0.00
[10:58:28.138] [ARM-RX] [35] <1.34 -5.57 1.21> result: 91.45 90.31 -88.29 -1.45 88.60 0.00
[10:58:28.138] [ARM-RX] [36] <1.45 -6.04 1.32> result: 91.55 90.35 -88.14 -1.55 88.49 0.00
[10:58:28.162] [ARM-RX] [37] <1.57 -6.53 1.42> result: 91.66 90.38 -87.99 -1.66 88.37 0.00
[10:58:28.163] [ARM-RX] [38] <1.70 -7.05 1.54> result: 91.78 90.42 -87.83 -1.78 88.25 0.00
[10:58:28.163] [ARM-RX] [39] <1.83 -7.59 1.65> result: 91.90 90.46 -87.66 -1.90 88.12 0.00
[10:58:28.163] [ARM-RX] [40] <1.96 -8.15 1.78> result: 92.02 90.50 -87.49 -2
[10:58:28.188] [ARM-RX] .02 87.99 0.00
[10:58:28.188] [ARM-RX] [41] <2.11 -8.75 1.91> result: 92.14 90.54 -87.31 -2.14 87.85 0.00
[10:58:28.188] [ARM-RX] [42] <2.26 -9.36 2.04> result: 92.27 90.59 -87.12 -2.27 87.71 0.00
[10:58:28.188] [ARM-RX] [43] <2.41 -10.01 2.18> result: 92.40 90.64 -86.92 -2.40 87.56 0.00
[10:58:28.189] [ARM-RX] [44] <2.57 -10.68 2.33> result: 92.
[10:58:28.207] [ARM-RX] 53 90.70 -86.71 -2.53 87.41 0.00
[10:58:28.207] [ARM-RX] [45] <2.74 -11.38 2.48> result: 92.66 90.76 -86.49 -2.66 87.25 0.00
[10:58:28.207] [ARM-RX] [46] <2.92 -12.10 2.64> result: 92.79 90.82 -86.27 -2.80 87.09 0.00
[10:58:28.207] [ARM-RX] [47] <3.10 -12.85 2.80> result: 92.93 90.88 -86.04 -2.94 86.92 0.00
[10:58:28.207] [ARM-RX] [48] <3.28 -13.
[10:58:28.233] [ARM-RX] 63 2.97> result: 93.07 90.95 -85.79 -3.07 86.75 0.00
[10:58:28.233] [ARM-RX] [49] <3.48 -14.44 3.15> result: 93.21 91.03 -85.54 -3.21 86.58 0.00
[10:58:28.233] [ARM-RX] [50] <3.68 -15.27 3.33> result: 93.35 91.10 -85.28 -3.36 86.39 0.00
[10:58:28.234] [ARM-RX] [51] <3.89 -16.14 3.52> result: 93.49 91.18 -85.02 -3.50 86.21 0
[10:58:28.256] [ARM-RX] .00
[10:58:28.256] [ARM-RX] [52] <4.10 -17.03 3.71> result: 93.63 91.27 -84.74 -3.64 86.02 0.00
[10:58:28.256] [ARM-RX] [53] <4.32 -17.95 3.91> result: 93.77 91.36 -84.45 -3.78 85.82 0.00
[10:58:28.256] [ARM-RX] [54] <4.55 -18.89 4.12> result: 93.92 91.45 -84.16 -3.93 85.62 0.00
[10:58:28.256] [ARM-RX] [55] <4.79 -19.87 4.33> result: 94.06 91.55
[10:58:28.288] [ARM-RX] -83.85 -4.07 85.42 0.00
[10:58:28.288] [ARM-RX] [56] <5.03 -20.88 4.55> result: 94.20 91.66 -83.54 -4.21 85.21 0.00
[10:58:28.290] [ARM-RX] [57] <5.28 -21.91 4.78> result: 94.34 91.76 -83.22 -4.36 85.00 0.00
[10:58:28.290] [ARM-RX] [58] <5.54 -22.97 5.01> result: 94.48 91.88 -82.89 -4.50 84.78 0.00
[10:58:28.290] [ARM-RX] [59] <5.80 -24.06 5.25>
[10:58:28.312] [ARM-RX] result: 94.62 91.99 -82.55 -4.64 84.56 0.00
[10:58:28.312] [ARM-RX] [60] <6.07 -25.18 5.49> result: 94.76 92.12 -82.20 -4.79 84.33 0.00
[10:58:28.312] [ARM-RX] [61] <6.34 -26.33 5.74> result: 94.90 92.24 -81.84 -4.93 84.10 0.00
[10:58:28.313] [ARM-RX] [62] <6.63 -27.50 6.00> result: 95.04 92.38 -81.47 -5.07 83.87 0.00
[10:58:28.313] [ARM-RX] [63]
[10:58:28.335] [ARM-RX] <6.92 -28.71 6.26> result: 95.18 92.51 -81.09 -5.21 83.63 0.00
[10:58:28.336] [ARM-RX] [64] <7.21 -29.94 6.53> result: 95.31 92.66 -80.71 -5.35 83.39 0.00
[10:58:28.336] [ARM-RX] [65] <7.52 -31.20 6.80> result: 95.45 92.80 -80.31 -5.49 83.15 0.00
[10:58:28.336] [ARM-RX] [66] <7.83 -32.49 7.08> result: 95.58 92.95 -79.91 -5
[10:58:28.357] [ARM-RX] .62 82.90 0.00
[10:58:28.358] [ARM-RX] [67] <8.14 -33.80 7.37> result: 95.71 93.11 -79.49 -5.76 82.64 0.00
[10:58:28.358] [ARM-RX] [68] <8.47 -35.14 7.66> result: 95.84 93.27 -79.07 -5.89 82.39 0.00
[10:58:28.358] [ARM-RX] [69] <8.80 -36.51 7.96> result: 95.97 93.44 -78.64 -6.03 82.12 0.00
[10:58:28.358] [ARM-RX] [70] <9.14 -37.91 8.27> result: 9
[10:58:28.382] [ARM-RX] 6.10 93.61 -78.20 -6.16 81.86 0.00
[10:58:28.382] [ARM-RX] [71] <9.48 -39.33 8.58> result: 96.22 93.79 -77.75 -6.29 81.59 0.00
[10:58:28.382] [ARM-RX] [72] <9.83 -40.78 8.89> result: 96.34 93.97 -77.29 -6.42 81.32 0.00
[10:58:28.384] [ARM-RX] [73] <10.18 -42.26 9.21> result: 96.46 94.16 -76.82 -6.54 81.04 0.00
[10:58:28.384] [ARM-RX] [74] <10.54
[10:58:28.405] [ARM-RX] -43.76 9.54> result: 96.58 94.35 -76.35 -6.67 80.76 0.00
[10:58:28.406] [ARM-RX] [75] <10.91 -45.29 9.87> result: 96.70 94.55 -75.86 -6.79 80.48 0.00
[10:58:28.406] [ARM-RX] [76] <11.29 -46.84 10.21> result: 96.81 94.75 -75.37 -6.91 80.20 0.00
[10:58:28.406] [ARM-RX] [77] <11.67 -48.42 10.56> result: 96.93 94.96 -74.87 -7.0
[10:58:28.427] [ARM-RX] 4 79.91 0.00
[10:58:28.428] [ARM-RX] [78] <12.05 -50.02 10.90> result: 97.04 95.17 -74.36 -7.15 79.61 0.00
[10:58:28.428] [ARM-RX] [79] <12.44 -51.64 11.26> result: 97.14 95.39 -73.84 -7.27 79.32 0.00
[10:58:28.428] [ARM-RX] [80] <12.84 -53.29 11.62> result: 97.25 95.61 -73.32 -7.39 79.02 0.00
[10:58:28.428] [ARM-RX] [81] <13.24 -54.96 11.98> res
[10:58:28.464] [ARM-RX] ult: 97.36 95.84 -72.78 -7.50 78.72 0.00
[10:58:28.464] [ARM-RX] [82] <13.65 -56.65 12.35> result: 97.46 96.07 -72.24 -7.61 78.41 0.00
[10:58:28.464] [ARM-RX] [83] <14.06 -58.37 12.73> result: 97.56 96.31 -71.69 -7.73 78.10 0.00
[10:58:28.465] [ARM-RX] [84] <14.48 -60.10 13.10> result: 97.66 96.55 -71.13 -7.83 77.79 0.00
[10:58:28.465] [ARM-RX] [
[10:58:28.486] [ARM-RX] 85] <14.91 -61.86 13.49> result: 97.75 96.79 -70.57 -7.94 77.48 0.00
[10:58:28.487] [ARM-RX] [86] <15.33 -63.64 13.87> result: 97.85 97.04 -70.00 -8.05 77.16 0.00
[10:58:28.487] [ARM-RX] [87] <15.77 -65.44 14.27> result: 97.94 97.30 -69.42 -8.15 76.84 0.00
[10:58:28.487] [ARM-RX] [88] <16.21 -67.25 14.66> result: 98.03 97.5
[10:58:28.509] [ARM-RX] 5 -68.83 -8.26 76.52 0.00
[10:58:28.509] [ARM-RX] [89] <16.65 -69.09 15.06> result: 98.12 97.82 -68.23 -8.36 76.19 0.00
[10:58:28.509] [ARM-RX] [90] <17.09 -70.94 15.47> result: 98.20 98.08 -67.63 -8.46 75.87 0.00
[10:58:28.509] [ARM-RX] [91] <17.55 -72.81 15.87> result: 98.29 98.35 -67.03 -8.56 75.54 0.00
[10:58:28.509] [ARM-RX] [92] <18.00 -74.
[10:58:28.532] [ARM-RX] 70 16.29> result: 98.37 98.63 -66.41 -8.66 75.20 0.00
[10:58:28.532] [ARM-RX] [93] <18.46 -76.60 16.70> result: 98.45 98.91 -65.79 -8.76 74.87 0.00
[10:58:28.532] [ARM-RX] [94] <18.92 -78.52 17.12> result: 98.53 99.19 -65.16 -8.85 74.53 0.00
[10:58:28.533] [ARM-RX] [95] <19.39 -80.46 17.54> result: 98.61 99.47 -64.53 -8.95
[10:58:28.554] [ARM-RX] 74.19 0.00
[10:58:28.555] [ARM-RX] [96] <19.86 -82.40 17.97> result: 98.68 99.76 -63.89 -9.04 73.85 0.00
[10:58:28.555] [ARM-RX] [97] <20.33 -84.37 18.39> result: 98.76 100.05 -63.25 -9.13 73.50 0.00
[10:58:28.555] [ARM-RX] [98] <20.81 -86.34 18.82> result: 98.83 100.35 -62.60 -9.23 73.16 0.00
[10:58:28.555] [ARM-RX] [99] <21.28 -88.33 19.26> res
[10:58:28.577] [ARM-RX] ult: 98.90 100.65 -61.94 -9.32 72.81 0.00
[10:58:28.578] [ARM-RX] [100] <21.77 -90.32 19.69> result: 98.97 100.95 -61.28 -9.41 72.46 0.00
[10:58:28.578] [ARM-RX] [101] <22.25 -92.33 20.13> result: 99.03 101.26 -60.61 -9.50 72.10 0.00
[10:58:28.578] [ARM-RX] [102] <22.74 -94.35 20.57> result: 99.10 101.57 -59.94 -9.58 71.75
[10:58:28.601] [ARM-RX] 0.00
[10:58:28.601] [ARM-RX] [103] <23.21 -96.32 21.00> result: 99.16 101.87 -59.29 -9.67 71.40 0.00
[10:58:28.601] [ARM-RX] [104] <23.21 -96.32 21.00> result: 99.16 101.87 -59.29 -9.67 71.40 0.00
[10:58:28.601] [ARM-RX] [105] <23.21 -96.32 21.00> result: 99.16 101.87 -59.29 -9.67 71.40 0.00
[10:58:28.601] [ARM-RX] [106] <23.21 -96.32 21.00> resu
[10:58:28.625] [ARM-RX] lt: 99.16 101.87 -59.29 -9.67 71.40 0.00
[10:58:28.625] [ARM-RX] [107] <23.21 -96.32 21.00> result: 99.16 101.87 -59.29 -9.67 71.40 0.00
[10:58:28.626] [ARM-RX] [108] <23.21 -96.32 21.00> result: 99.16 101.87 -59.29 -9.67 71.40 0.00
[10:58:28.626] [ARM-RX] [109] <23.21 -96.32 21.00> result: 99.16 101.87 -59.29 -9.67 71.40 0
[10:58:28.659] [ARM-RX] .00
[10:58:28.659] [ARM-RX] [110] <23.21 -96.32 21.00> result: 99.16 101.87 -59.29 -9.67 71.40 0.00
[10:58:28.659] [ARM-RX] [111] <23.21 -96.32 21.00> result: 99.16 101.87 -59.29 -9.67 71.40 0.00
[10:58:28.660] [ARM-RX] [112] <23.21 -96.32 21.00> result: 99.16 101.87 -59.29 -9.67 71.40 0.00
[10:58:28.660] [ARM-RX] [113] <23.21 -96.32 21.00> resul
[10:58:28.682] [ARM-RX] t: 99.16 101.87 -59.29 -9.67 71.40 0.00
[10:58:28.682] [ARM-RX] [114] <23.21 -96.32 21.00> result: 99.16 101.87 -59.29 -9.67 71.40 0.00
[10:58:28.682] [ARM-RX] [115] <23.21 -96.32 21.00> result: 99.16 101.87 -59.29 -9.67 71.40 0.00
[10:58:28.683] [ARM-RX] [116] <23.21 -96.32 21.00> result: 99.16 101.87 -59.29 -9.67 71.40 0.
[10:58:28.704] [ARM-RX] 00
[10:58:28.705] [ARM-RX] [117] <23.21 -96.32 21.00> result: 99.16 101.87 -59.29 -9.67 71.40 0.00
[10:58:28.705] [ARM-RX] [118] <23.21 -96.32 21.00> result: 99.16 101.87 -59.29 -9.67 71.40 0.00
[10:58:28.705] [ARM-RX] [119] <23.21 -96.32 21.00> result: 99.16 101.87 -59.29 -9.67 71.40 0.00
[10:58:28.705] [ARM-RX] [120] <23.21 -96.32 21.00> result
[10:58:28.729] [ARM-RX] : 99.16 101.87 -59.29 -9.67 71.40 0.00
[10:58:28.729] [ARM-RX] [121] <23.21 -96.32 21.00> result: 99.16 101.87 -59.29 -9.67 71.40 0.00
[10:58:28.729] [ARM-RX] [122] <23.21 -96.32 21.00> result: 99.16 101.87 -59.29 -9.67 71.40 0.00
[10:58:28.729] [ARM-RX] [123] <23.21 -96.32 21.00> result: 99.16 101.87 -59.29 -9.67 71.40 0.0
[10:58:28.751] [ARM-RX] 0
[10:58:28.752] [ARM-RX] [124] <23.21 -96.32 21.00> result: 99.16 101.87 -59.29 -9.67 71.40 0.00
[10:58:28.752] [ARM-RX] [125] <23.21 -96.32 21.00> result: 99.16 101.87 -59.29 -9.67 71.40 0.00
[10:58:28.752] [ARM-RX] [126] <23.21 -96.32 21.00> result: 99.16 101.87 -59.29 -9.67 71.40 0.00
[10:58:28.752] [ARM-RX] [127] <23.21 -96.32 21.00> result:
[10:58:28.774] [ARM-RX] 99.16 101.87 -59.29 -9.67 71.40 0.00
[10:58:28.775] [ARM-RX] [128] <23.21 -96.32 21.00> result: 99.16 101.87 -59.29 -9.67 71.40 0.00
[10:58:28.775] [ARM-RX] [129] <23.21 -96.32 21.00> result: 99.16 101.87 -59.29 -9.67 71.40 0.00
[10:58:28.775] [ARM-RX] [130] <23.21 -96.32 21.00> result: 99.16 101.87 -59.29 -9.67 71.40 0.00
[10:58:28.797] [ARM-RX] [131] <23.21 -96.32 21.00> result: 99.16 101.87 -59.29 -9.67 71.40 0.00
[10:58:28.798] [ARM-RX] [132] <23.21 -96.32 21.00> result: 99.16 101.87 -59.29 -9.67 71.40 0.00
[10:58:28.798] [ARM-RX] [133] <23.21 -96.32 21.00> result: 99.16 101.87 -59.29 -9.67 71.40 0.00
[10:58:28.798] [ARM-RX] [134] <23.21 -96.32 21.00> result:
[10:58:28.833] [ARM-RX] 99.16 101.87 -59.29 -9.67 71.40 0.00
[10:58:28.833] [ARM-RX] [135] <23.21 -96.32 21.00> result: 99.16 101.87 -59.29 -9.67 71.40 0.00
[10:58:28.833] [ARM-RX] [136] <23.21 -96.32 21.00> result: 99.16 101.87 -59.29 -9.67 71.40 0.00
[10:58:28.834] [ARM-RX] [137] <23.21 -96.32 21.00> result: 99.16 101.87 -59.29 -9.67 71.40 0.00
[10:58:28.856] [ARM-RX] [138] <23.21 -96.32 21.00> result: 99.16 101.87 -59.29 -9.67 71.40 0.00
[10:58:28.856] [ARM-RX] [139] <23.21 -96.32 21.00> result: 99.16 101.87 -59.29 -9.67 71.40 0.00
[10:58:28.856] [ARM-RX] [140] <23.21 -96.32 21.00> result: 99.16 101.87 -59.29 -9.67 71.40 0.00
[10:58:28.857] [ARM-RX] [141] <23.21 -96.32 21.00> result: 9
[10:58:28.881] [ARM-RX] 9.16 101.87 -59.29 -9.67 71.40 0.00
[10:58:28.881] [ARM-RX] [142] <23.21 -96.32 21.00> result: 99.16 101.87 -59.29 -9.67 71.40 0.00
[10:58:28.881] [ARM-RX] [143] <23.21 -96.32 21.00> result: 99.16 101.87 -59.29 -9.67 71.40 0.00
[10:58:28.882] [ARM-RX] [144] <23.21 -96.32 21.00> result: 99.16 101.87 -59.29 -9.67 71.40 0.00
[10:58:28.902] [ARM-RX] [145] <23.21 -96.32 21.00> result: 99.16 101.87 -59.29 -9.67 71.40 0.00
[10:58:28.902] [ARM-RX] [146] <23.21 -96.32 21.00> result: 99.16 101.87 -59.29 -9.67 71.40 0.00
[10:58:28.902] [ARM-RX] [147] <23.21 -96.32 21.00> result: 99.16 101.87 -59.29 -9.67 71.40 0.00
[10:58:28.902] [ARM-RX] [148] <23.21 -96.32 21.00> result: 99
[10:58:28.925] [ARM-RX] .16 101.87 -59.29 -9.67 71.40 0.00
[10:58:28.926] [ARM-RX] [149] <23.21 -96.32 21.00> result: 99.16 101.87 -59.29 -9.67 71.40 0.00
[10:58:28.926] [ARM-RX] [150] <23.21 -96.32 21.00> result: 99.16 101.87 -59.29 -9.67 71.40 0.00
[10:58:28.926] [ARM-RX] [151] <23.21 -96.32 21.00> result: 99.16 101.87 -59.29 -9.67 71.40 0.00
[10:58:28.926] [ARM-RX] [
[10:58:28.950] [ARM-RX] 152] <23.21 -96.32 21.00> result: 99.16 101.87 -59.29 -9.67 71.40 0.00
[10:58:28.950] [ARM-RX] [153] <23.21 -96.32 21.00> result: 99.16 101.87 -59.29 -9.67 71.40 0.00
[10:58:28.950] [ARM-RX] [154] <23.21 -96.32 21.00> result: 99.16 101.87 -59.29 -9.67 71.40 0.00
[10:58:28.950] [ARM-RX] [155] <23.21 -96.32 21.00> result: 99.
[10:58:28.971] [ARM-RX] 16 101.87 -59.29 -9.67 71.40 0.00
[10:58:28.972] [ARM-RX] [156] <23.21 -96.32 21.00> result: 99.16 101.87 -59.29 -9.67 71.40 0.00
[10:58:28.972] [ARM-RX] [157] <23.21 -96.32 21.00> result: 99.16 101.87 -59.29 -9.67 71.40 0.00
[10:58:28.972] [ARM-RX] [158] <23.21 -96.32 21.00> result: 99.16 101.87 -59.29 -9.67 71.40 0.00
[10:58:28.972] [ARM-RX] [1
[10:58:28.995] [ARM-RX] 59] <23.21 -96.32 21.00> result: 99.16 101.87 -59.29 -9.67 71.40 0.00
[10:58:28.995] [ARM-RX] [160] <23.21 -96.32 21.00> result: 99.16 101.87 -59.29 -9.67 71.40 0.00
[10:58:28.995] [ARM-RX] [161] <23.21 -96.32 21.00> result: 99.16 101.87 -59.29 -9.67 71.40 0.00
[10:58:28.995] [ARM-RX] [162] <23.21 -96.32 21.00> result: 99.1
[10:58:29.028] [ARM-RX] 6 101.87 -59.29 -9.67 71.40 0.00
[10:58:29.029] [ARM-RX] [163] <23.21 -96.32 21.00> result: 99.16 101.87 -59.29 -9.67 71.40 0.00
[10:58:29.029] [ARM-RX] [164] <23.21 -96.32 21.00> result: 99.16 101.87 -59.29 -9.67 71.40 0.00
[10:58:29.029] [ARM-RX] [165] <23.21 -96.32 21.00> result: 99.16 101.87 -59.29 -9.67 71.40 0.00
[10:58:29.029] [ARM-RX] [16
[10:58:29.053] [ARM-RX] 6] <23.21 -96.32 21.00> result: 99.16 101.87 -59.29 -9.67 71.40 0.00
[10:58:29.053] [ARM-RX] [167] <23.21 -96.32 21.00> result: 99.16 101.87 -59.29 -9.67 71.40 0.00
[10:58:29.053] [ARM-RX] [168] <23.21 -96.32 21.00> result: 99.16 101.87 -59.29 -9.67 71.40 0.00
[10:58:29.053] [ARM-RX] [169] <23.21 -96.32 21.00> result: 99.16
[10:58:29.076] [ARM-RX] 101.87 -59.29 -9.67 71.40 0.00
[10:58:29.076] [ARM-RX] [170] <23.21 -96.32 21.00> result: 99.16 101.87 -59.29 -9.67 71.40 0.00
[10:58:29.076] [ARM-RX] [171] <23.21 -96.32 21.00> result: 99.16 101.87 -59.29 -9.67 71.40 0.00
[10:58:29.076] [ARM-RX] [172] <23.21 -96.32 21.00> result: 99.16 101.87 -59.29 -9.67 71.40 0.00
[10:58:29.077] [ARM-RX] [173
[10:58:29.098] [ARM-RX] ] <23.21 -96.32 21.00> result: 99.16 101.87 -59.29 -9.67 71.40 0.00
[10:58:29.099] [ARM-RX] [174] <23.21 -96.32 21.00> result: 99.16 101.87 -59.29 -9.67 71.40 0.00
[10:58:29.099] [ARM-RX] [175] <23.21 -96.32 21.00> result: 99.16 101.87 -59.29 -9.67 71.40 0.00
[10:58:29.099] [ARM-RX] [176] <23.21 -96.32 21.00> result: 99.16
[10:58:29.124] [ARM-RX] 101.87 -59.29 -9.67 71.40 0.00
[10:58:29.125] [ARM-RX] [177] <23.21 -96.32 21.00> result: 99.16 101.87 -59.29 -9.67 71.40 0.00
[10:58:29.125] [ARM-RX] [178] <23.21 -96.32 21.00> result: 99.16 101.87 -59.29 -9.67 71.40 0.00
[10:58:29.125] [ARM-RX] [179] <23.21 -96.32 21.00> result: 99.16 101.87 -59.29 -9.67 71.40 0.00
[10:58:29.125] [ARM-RX] [180]
[10:58:29.144] [ARM-RX] <23.21 -96.32 21.00> result: 99.16 101.87 -59.29 -9.67 71.40 0.00
[10:58:29.144] [ARM-RX] [181] <23.21 -96.32 21.00> result: 99.16 101.87 -59.29 -9.67 71.40 0.00
[10:58:29.145] [ARM-RX] [182] <23.21 -96.32 21.00> result: 99.16 101.87 -59.29 -9.67 71.40 0.00
[10:58:29.145] [ARM-RX] [183] <23.21 -96.32 21.00> result: 99.16 1
[10:58:29.170] [ARM-RX] 01.87 -59.29 -9.67 71.40 0.00
[10:58:29.170] [ARM-RX] [184] <23.21 -96.32 21.00> result: 99.16 101.87 -59.29 -9.67 71.40 0.00
[10:58:29.170] [ARM-RX] [185] <23.21 -96.32 21.00> result: 99.16 101.87 -59.29 -9.67 71.40 0.00
[10:58:29.172] [ARM-RX] [186] <23.21 -96.32 21.00> result: 99.16 101.87 -59.29 -9.67 71.40 0.00
[10:58:29.172] [ARM-RX] [187]
[10:58:29.202] [ARM-RX] <23.21 -96.32 21.00> result: 99.16 101.87 -59.29 -9.67 71.40 0.00
[10:58:29.203] [ARM-RX] [188] <23.21 -96.32 21.00> result: 99.16 101.87 -59.29 -9.67 71.40 0.00
[10:58:29.203] [ARM-RX] [189] <23.21 -96.32 21.00> result: 99.16 101.87 -59.29 -9.67 71.40 0.00
[10:58:29.203] [ARM-RX] [190] <23.21 -96.32 21.00> result: 99.16 10
[10:58:29.226] [ARM-RX] 1.87 -59.29 -9.67 71.40 0.00
[10:58:29.226] [ARM-RX] [191] <23.21 -96.32 21.00> result: 99.16 101.87 -59.29 -9.67 71.40 0.00
[10:58:29.226] [ARM-RX] [192] <23.21 -96.32 21.00> result: 99.16 101.87 -59.29 -9.67 71.40 0.00
[10:58:29.227] [ARM-RX] [193] <23.21 -96.32 21.00> result: 99.16 101.87 -59.29 -9.67 71.40 0.00
[10:58:29.227] [ARM-RX] [194] <
[10:58:29.248] [ARM-RX] 23.21 -96.32 21.00> result: 99.16 101.87 -59.29 -9.67 71.40 0.00
[10:58:29.249] [ARM-RX] [195] <23.21 -96.32 21.00> result: 99.16 101.87 -59.29 -9.67 71.40 0.00
[10:58:29.249] [ARM-RX] [196] <23.21 -96.32 21.00> result: 99.16 101.87 -59.29 -9.67 71.40 0.00
[10:58:29.249] [ARM-RX] [197] <23.21 -96.32 21.00> result: 99.16 101
[10:58:29.273] [ARM-RX] .87 -59.29 -9.67 71.40 0.00
[10:58:29.273] [ARM-RX] [198] <23.21 -96.32 21.00> result: 99.16 101.87 -59.29 -9.67 71.40 0.00
[10:58:29.273] [ARM-RX] [199] <23.21 -96.32 21.00> result: 99.16 101.87 -59.29 -9.67 71.40 0.00
[10:58:29.273] [ARM-RX] [200] <23.21 -96.32 21.00> result: 99.16 101.87 -59.29 -9.67 71.40 0.00
[10:58:29.273] [ARM-RX] [201] <2
[10:58:29.295] [ARM-RX] 3.21 -96.32 21.00> result: 99.16 101.87 -59.29 -9.67 71.40 0.00
[10:58:29.295] [ARM-RX] [202] <23.21 -96.32 21.00> result: 99.16 101.87 -59.29 -9.67 71.40 0.00
[10:58:29.296] [ARM-RX] [203] <23.21 -96.32 21.00> result: 99.16 101.87 -59.29 -9.67 71.40 0.00
[10:58:29.296] [ARM-RX] [204] <23.21 -96.32 21.00> result: 99.16 101.
[10:58:29.318] [ARM-RX] 87 -59.29 -9.67 71.40 0.00
[10:58:29.319] [ARM-RX] [205] <23.21 -96.32 21.00> result: 99.16 101.87 -59.29 -9.67 71.40 0.00
[10:58:29.319] [ARM-RX] [206] <23.21 -96.32 21.00> result: 99.16 101.87 -59.29 -9.67 71.40 0.00
[10:58:29.319] [ARM-RX] [207] <23.21 -96.32 21.00> result: 99.16 101.87 -59.29 -9.67 71.40 0.00
[10:58:29.319] [ARM-RX] [208] <23
[10:58:29.342] [ARM-RX] .21 -96.32 21.00> result: 99.16 101.87 -59.29 -9.67 71.40 0.00
[10:58:29.342] [ARM-RX] [209] <23.21 -96.32 21.00> result: 99.16 101.87 -59.29 -9.67 71.40 0.00
[10:58:29.343] [ARM-RX] [210] <23.21 -96.32 21.00> result: 99.16 101.87 -59.29 -9.67 71.40 0.00
[10:58:29.343] [ARM-RX] [211] <23.21 -96.32 21.00> result: 99.16 101.8
[10:58:29.364] [ARM-RX] 7 -59.29 -9.67 71.40 0.00
[10:58:29.365] [ARM-RX] [212] <23.21 -96.32 21.00> result: 99.16 101.87 -59.29 -9.67 71.40 0.00
[10:58:29.365] [ARM-RX] [213] <23.21 -96.32 21.00> result: 99.16 101.87 -59.29 -9.67 71.40 0.00
[10:58:29.365] [ARM-RX] [214] <23.21 -96.32 21.00> result: 99.16 101.87 -59.29 -9.67 71.40 0.00
[10:58:29.365] [ARM-RX] [215] <23.
[10:58:29.400] [ARM-RX] 21 -96.32 21.00> result: 99.16 101.87 -59.29 -9.67 71.40 0.00
[10:58:29.401] [ARM-RX] [216] <23.21 -96.32 21.00> result: 99.16 101.87 -59.29 -9.67 71.40 0.00
[10:58:29.401] [ARM-RX] [217] <23.21 -96.32 21.00> result: 99.16 101.87 -59.29 -9.67 71.40 0.00
[10:58:29.401] [ARM-RX] [218] <23.21 -96.32 21.00> result: 99.16 101.87
[10:58:29.423] [ARM-RX] -59.29 -9.67 71.40 0.00
[10:58:29.423] [ARM-RX] [219] <23.21 -96.32 21.00> result: 99.16 101.87 -59.29 -9.67 71.40 0.00
[10:58:29.423] [ARM-RX] [220] <23.21 -96.32 21.00> result: 99.16 101.87 -59.29 -9.67 71.40 0.00
[10:58:29.424] [ARM-RX] [221] <23.21 -96.32 21.00> result: 99.16 101.87 -59.29 -9.67 71.40 0.00
[10:58:29.424] [ARM-RX] [222] <23.2
[10:58:29.447] [ARM-RX] 1 -96.32 21.00> result: 99.16 101.87 -59.29 -9.67 71.40 0.00
[10:58:29.447] [ARM-RX] [223] <23.21 -96.32 21.00> result: 99.16 101.87 -59.29 -9.67 71.40 0.00
[10:58:29.447] [ARM-RX] [224] <23.21 -96.32 21.00> result: 99.16 101.87 -59.29 -9.67 71.40 0.00
[10:58:29.448] [ARM-RX] [225] <23.21 -96.32 21.00> result: 99.16 101.87
[10:58:29.471] [ARM-RX] -59.29 -9.67 71.40 0.00
[10:58:29.472] [ARM-RX] [226] <23.21 -96.32 21.00> result: 99.16 101.87 -59.29 -9.67 71.40 0.00
[10:58:29.472] [ARM-RX] [227] <23.21 -96.32 21.00> result: 99.16 101.87 -59.29 -9.67 71.40 0.00
[10:58:29.472] [ARM-RX] [228] <23.21 -96.32 21.00> result: 99.16 101.87 -59.29 -9.67 71.40 0.00
[10:58:29.472] [ARM-RX] [229] <23.21
[10:58:29.525] [ARM-RX] -96.32 21.00> result: 99.16 101.87 -59.29 -9.67 71.40 0.00
[10:58:31.946] [ARM-RX] [joint 1] ave_error:0.30
[10:58:31.946] [ARM-RX] [joint 2] ave_error:1.66
[10:58:31.946] [ARM-RX] [joint 3] ave_error:5.46
[10:58:31.946] [ARM-RX] [joint 4] ave_error:0.39
[10:58:31.946] [ARM-RX] [joint 5] ave_error:1.66
[10:58:31.948] [ARM-RX] robot pid run finished!!
[10:58:32.739] [ARM-RX] AUTO final confirm failed: joint 2 err=6.27deg tol=3.00, pose invalid.
[10:58:32.740] [ARM-RX] J1 cur=99.38 target=99.16 err=-0.22
[10:58:32.740] [ARM-RX] J2 cur=102.59 target=101.87 err=-0.72
[10:58:32.740] [ARM-RX] J3 cur=-53.01 target=-59.29 err=-6.27
[10:58:32.741] [ARM-RX] J4 cur=-9.81 target=-9.67 err=0.14
[10:58:32.741] [ARM-RX] J5 cur=70.96 target=71.
[10:58:32.799] [ARM-RX] 40 err=0.44
[10:58:42.200] [ARM-TX] 发送命令 read_all: read_all
[10:58:42.323] [ARM-RX] Found handler for 'read_all', executing...
[10:58:42.323] [ARM-RX] ROBOT_READ_ALL_EVENT
[10:58:42.323] [ARM-RX] read_all ret=0 elapsed=3 ms missing=0x00
[10:58:42.324] [ARM-RX] J1 angle=99.38
[10:58:42.324] [ARM-RX] J2 angle=102.59
[10:58:42.324] [ARM-RX] J3 angle=306.98
[10:58:42.324] [ARM-RX] J4 angle=350.19
[10:58:42.324] [ARM-RX] J5 angle=70.95
[10:58:57.381] [ARM-TX] 发送命令 auto 53.21 -96.32 21: auto 53.21 -96.32 21
[10:58:57.463] [ARM-RX] Found handler for 'auto', executing...
[10:58:57.463] [ARM-RX] reject AUTO: pose invalid, please do hard_reset/soft_reset first.
[10:58:57.463] [ARM-RX] [ERROR] event_type:auto failed
[10:59:01.128] [ARM-TX] 发送命令 soft_reset: soft_reset
[10:59:01.147] [ARM-RX] Found handler for 'soft_reset', executing...
[10:59:01.147] [ARM-RX] ROBOT_SOFT_RESET_EVENT
[10:59:01.147] [ARM-RX] --- Starting soft reset ---
[10:59:01.396] [ARM-RX] Soft reset motors enabled (J1~J5, J6 skipped).
[10:59:01.396] [ARM-RX] Soft resetting joint 4...
[10:59:01.396] [ARM-RX] robot_update_current_angle 4...
[10:59:01.396] [ARM-RX] [4] current:70.95, target:90.00, dir:1
[10:59:02.893] [ARM-RX] Soft resetting joint 3...
[10:59:02.893] [ARM-RX] robot_update_current_angle 3...
[10:59:02.893] [ARM-RX] [3] current:-9.81, target:0.00, dir:1
[10:59:04.267] [ARM-RX] Soft resetting joint 1...
[10:59:04.267] [ARM-RX] robot_update_current_angle 1...
[10:59:04.267] [ARM-RX] [1] current:102.59, target:90.00, dir:-1
[10:59:05.762] [ARM-RX] soft reset joint 1 settle timeout, keep going
[10:59:05.762] [ARM-RX] Soft resetting joint 2...
[10:59:05.762] [ARM-RX] robot_update_current_angle 2...
[10:59:05.762] [ARM-RX] [2] current:-53.02, target:-90.00, dir:-1
[10:59:07.882] [ARM-RX] soft reset joint 2 settle timeout, keep going
[10:59:07.882] [ARM-RX] Soft resetting joint 0...
[10:59:07.882] [ARM-RX] robot_update_current_angle 0...
[10:59:07.882] [ARM-RX] [0] current:99.38, target:90.00, dir:-1
[10:59:09.381] [ARM-RX] soft reset final verify PASS (issues:2), pose set HOME.
[10:59:16.126] [ARM-TX] 发送命令 auto 53.21 -96.32 21: auto 53.21 -96.32 21
[10:59:16.235] [ARM-RX] Found handler for 'auto', executing...
[10:59:16.235] [ARM-RX] ROBOT_AUTO_EVENT
[10:59:16.235] [ARM-RX] [0] <0.00 0.00 0.00> result: 90.00 90.00 -90.00 0.00 90.00 0.00
[10:59:16.235] [ARM-RX] [1] <0.00 -0.00 0.00> result: 90.00 90.00 -90.00 -0.00 90.00 0.00
[10:59:16.235] [ARM-RX] [2] <0.00 -0.00 0.00> result: 90.00 90.00 -90.00 -0.00 90.00 0.00
[10:59:16.236] [ARM-RX] [
[10:59:16.258] [ARM-RX] 3] <0.00 -0.00 0.00> result: 90.00 90.00 -90.00 -0.00 90.00 0.00
[10:59:16.258] [ARM-RX] [4] <0.01 -0.01 0.00> result: 90.01 90.00 -90.00 -0.01 90.00 0.00
[10:59:16.258] [ARM-RX] [5] <0.01 -0.02 0.00> result: 90.01 90.00 -89.99 -0.01 90.00 0.00
[10:59:16.259] [ARM-RX] [6] <0.02 -0.03 0.01> result: 90.02 90.00 -89.99 -0.02 8
[10:59:16.280] [ARM-RX] 9.99 0.00
[10:59:16.280] [ARM-RX] [7] <0.03 -0.05 0.01> result: 90.03 90.00 -89.99 -0.03 89.99 0.00
[10:59:16.280] [ARM-RX] [8] <0.04 -0.07 0.01> result: 90.05 90.00 -89.98 -0.05 89.98 0.00
[10:59:16.280] [ARM-RX] [9] <0.05 -0.10 0.02> result: 90.06 90.00 -89.97 -0.06 89.97 0.00
[10:59:16.282] [ARM-RX] [10] <0.07 -0.13 0.03> result: 90.09 90.01 -
[10:59:16.303] [ARM-RX] 89.96 -0.09 89.97 0.00
[10:59:16.304] [ARM-RX] [11] <0.09 -0.17 0.04> result: 90.11 90.01 -89.95 -0.11 89.96 0.00
[10:59:16.304] [ARM-RX] [12] <0.12 -0.22 0.05> result: 90.14 90.01 -89.93 -0.14 89.94 0.00
[10:59:16.304] [ARM-RX] [13] <0.15 -0.27 0.06> result: 90.18 90.01 -89.92 -0.18 89.93 0.00
[10:59:16.304] [ARM-RX] [14] <0.19 -0.34 0.07> resul
[10:59:16.326] [ARM-RX] t: 90.22 90.02 -89.90 -0.22 89.91 0.00
[10:59:16.326] [ARM-RX] [15] <0.23 -0.41 0.09> result: 90.27 90.02 -89.87 -0.27 89.89 0.00
[10:59:16.327] [ARM-RX] [16] <0.28 -0.50 0.11> result: 90.33 90.02 -89.85 -0.33 89.87 0.00
[10:59:16.327] [ARM-RX] [17] <0.33 -0.59 0.13> result: 90.39 90.03 -89.82 -0.39 89.84 0.00
[10:59:16.327] [ARM-RX] [18] <0.39 -
[10:59:16.349] [ARM-RX] 0.70 0.15> result: 90.46 90.03 -89.78 -0.46 89.82 0.00
[10:59:16.349] [ARM-RX] [19] <0.45 -0.82 0.18> result: 90.54 90.04 -89.75 -0.54 89.79 0.00
[10:59:16.350] [ARM-RX] [20] <0.53 -0.95 0.21> result: 90.62 90.05 -89.71 -0.62 89.75 0.00
[10:59:16.350] [ARM-RX] [21] <0.61 -1.10 0.24> result: 90.71 90.05 -89.66 -0.71 89.71 0.
[10:59:16.372] [ARM-RX] 00
[10:59:16.373] [ARM-RX] [22] <0.69 -1.26 0.27> result: 90.81 90.06 -89.61 -0.81 89.67 0.00
[10:59:16.373] [ARM-RX] [23] <0.79 -1.43 0.31> result: 90.92 90.07 -89.56 -0.92 89.63 0.00
[10:59:16.373] [ARM-RX] [24] <0.89 -1.62 0.35> result: 91.04 90.08 -89.50 -1.04 89.58 0.00
[10:59:16.373] [ARM-RX] [25] <1.01 -1.82 0.40> result: 91.16 90.09 -89.4
[10:59:16.408] [ARM-RX] 4 -1.16 89.53 0.00
[10:59:16.408] [ARM-RX] [26] <1.13 -2.04 0.44> result: 91.30 90.10 -89.37 -1.30 89.47 0.00
[10:59:16.408] [ARM-RX] [27] <1.26 -2.27 0.50> result: 91.44 90.12 -89.30 -1.44 89.41 0.00
[10:59:16.409] [ARM-RX] [28] <1.40 -2.53 0.55> result: 91.59 90.13 -89.22 -1.59 89.35 0.00
[10:59:16.409] [ARM-RX] [29] <1.55 -2.80 0.61> result: 9
[10:59:16.431] [ARM-RX] 1.76 90.15 -89.14 -1.76 89.28 0.00
[10:59:16.431] [ARM-RX] [30] <1.70 -3.08 0.67> result: 91.92 90.17 -89.05 -1.92 89.21 0.00
[10:59:16.431] [ARM-RX] [31] <1.87 -3.39 0.74> result: 92.10 90.18 -88.95 -2.10 89.14 0.00
[10:59:16.431] [ARM-RX] [32] <2.05 -3.72 0.81> result: 92.29 90.21 -88.85 -2.29 89.05 0.00
[10:59:16.431] [ARM-RX] [33] <2.24 -4.06
[10:59:16.453] [ARM-RX] 0.89> result: 92.49 90.23 -88.74 -2.49 88.97 0.00
[10:59:16.453] [ARM-RX] [34] <2.44 -4.43 0.96> result: 92.69 90.25 -88.63 -2.69 88.88 0.00
[10:59:16.454] [ARM-RX] [35] <2.66 -4.81 1.05> result: 92.90 90.28 -88.51 -2.90 88.79 0.00
[10:59:16.454] [ARM-RX] [36] <2.88 -5.22 1.14> result: 93.12 90.31 -88.38 -3.12 88.69 0.00
[10:59:16.477] [ARM-RX] [37] <3.12 -5.64 1.23> result: 93.35 90.34 -88.24 -3.35 88.59 0.00
[10:59:16.477] [ARM-RX] [38] <3.36 -6.09 1.33> result: 93.58 90.37 -88.10 -3.58 88.48 0.00
[10:59:16.477] [ARM-RX] [39] <3.62 -6.56 1.43> result: 93.83 90.41 -87.95 -3.83 88.37 0.00
[10:59:16.477] [ARM-RX] [40] <3.89 -7.05 1.54> result: 94.07 90.45 -87.80 -4
[10:59:16.500] [ARM-RX] .08 88.25 0.00
[10:59:16.501] [ARM-RX] [41] <4.18 -7.56 1.65> result: 94.33 90.49 -87.63 -4.33 88.13 0.00
[10:59:16.501] [ARM-RX] [42] <4.48 -8.10 1.77> result: 94.59 90.54 -87.46 -4.59 88.01 0.00
[10:59:16.501] [ARM-RX] [43] <4.78 -8.66 1.89> result: 94.86 90.58 -87.29 -4.86 87.88 0.00
[10:59:16.501] [ARM-RX] [44] <5.11 -9.24 2.02> result: 95.13
[10:59:16.523] [ARM-RX] 90.63 -87.10 -5.14 87.74 0.00
[10:59:16.523] [ARM-RX] [45] <5.44 -9.85 2.15> result: 95.41 90.69 -86.90 -5.41 87.60 0.00
[10:59:16.523] [ARM-RX] [46] <5.79 -10.48 2.29> result: 95.69 90.75 -86.70 -5.70 87.46 0.00
[10:59:16.523] [ARM-RX] [47] <6.15 -11.14 2.43> result: 95.98 90.81 -86.49 -5.98 87.31 0.00
[10:59:16.523] [ARM-RX] [48] <6.53 -11.82
[10:59:16.546] [ARM-RX] 2.58> result: 96.27 90.87 -86.27 -6.27 87.16 0.00
[10:59:16.546] [ARM-RX] [49] <6.92 -12.52 2.73> result: 96.56 90.94 -86.05 -6.57 87.01 0.00
[10:59:16.546] [ARM-RX] [50] <7.32 -13.25 2.89> result: 96.86 91.02 -85.81 -6.87 86.85 0.00
[10:59:16.548] [ARM-RX] [51] <7.74 -14.00 3.05> result: 97.15 91.09 -85.57 -7.17 86.68 0.00
[10:59:16.569] [ARM-RX] [52] <8.17 -14.78 3.22> result: 97.45 91.17 -85.31 -7.47 86.52 0.00
[10:59:16.570] [ARM-RX] [53] <8.61 -15.59 3.40> result: 97.76 91.26 -85.05 -7.77 86.34 0.00
[10:59:16.570] [ARM-RX] [54] <9.07 -16.42 3.58> result: 98.06 91.35 -84.78 -8.08 86.17 0.00
[10:59:16.570] [ARM-RX] [55] <9.54 -17.27 3.77> result: 98.36 91.45 -84
[10:59:16.603] [ARM-RX] .50 -8.38 85.99 0.00
[10:59:16.603] [ARM-RX] [56] <10.03 -18.15 3.96> result: 98.67 91.54 -84.21 -8.69 85.80 0.00
[10:59:16.603] [ARM-RX] [57] <10.53 -19.06 4.16> result: 98.97 91.65 -83.91 -9.00 85.62 0.00
[10:59:16.604] [ARM-RX] [58] <11.04 -19.99 4.36> result: 99.28 91.76 -83.61 -9.31 85.43 0.00
[10:59:16.604] [ARM-RX] [59] <11.57 -20.95 4.57>
[10:59:16.631] [ARM-RX] result: 99.58 91.87 -83.29 -9.61 85.23 0.00
[10:59:16.631] [ARM-RX] [60] <12.12 -21.93 4.78> result: 99.88 91.99 -82.97 -9.92 85.03 0.00
[10:59:16.632] [ARM-RX] [61] <12.68 -22.94 5.00> result: 100.18 92.11 -82.63 -10.22 84.83 0.00
[10:59:16.632] [ARM-RX] [62] <13.25 -23.98 5.23> result: 100.48 92.24 -82.29 -10.53 84.62 0.
[10:59:16.652] [ARM-RX] 00
[10:59:16.652] [ARM-RX] [63] <13.83 -25.04 5.46> result: 100.78 92.38 -81.93 -10.83 84.41 0.00
[10:59:16.652] [ARM-RX] [64] <14.43 -26.13 5.70> result: 101.07 92.51 -81.57 -11.13 84.20 0.00
[10:59:16.652] [ARM-RX] [65] <15.05 -27.24 5.94> result: 101.36 92.66 -81.20 -11.43 83.98 0.00
[10:59:16.653] [ARM-RX] [66] <15.68 -28.38 6.19> result: 101
[10:59:16.673] [ARM-RX] .65 92.81 -80.82 -11.72 83.76 0.00
[10:59:16.673] [ARM-RX] [67] <16.32 -29.54 6.44> result: 101.94 92.96 -80.43 -12.02 83.53 0.00
[10:59:16.673] [ARM-RX] [68] <16.98 -30.73 6.70> result: 102.22 93.12 -80.03 -12.31 83.31 0.00
[10:59:16.673] [ARM-RX] [69] <17.65 -31.94 6.96> result: 102.50 93.28 -79.62 -12.60 83.08 0.00
[10:59:16.673] [ARM-RX] [70]
[10:59:16.696] [ARM-RX] <18.33 -33.18 7.23> result: 102.78 93.45 -79.20 -12.88 82.84 0.00
[10:59:16.696] [ARM-RX] [71] <19.03 -34.45 7.51> result: 103.05 93.63 -78.78 -13.16 82.60 0.00
[10:59:16.696] [ARM-RX] [72] <19.74 -35.74 7.79> result: 103.32 93.81 -78.34 -13.44 82.36 0.00
[10:59:16.696] [ARM-RX] [73] <20.47 -37.05 8.08> result: 103.59 94.0
[10:59:16.720] [ARM-RX] 0 -77.89 -13.72 82.12 0.00
[10:59:16.720] [ARM-RX] [74] <21.21 -38.39 8.37> result: 103.85 94.19 -77.44 -13.99 81.87 0.00
[10:59:16.720] [ARM-RX] [75] <21.96 -39.75 8.67> result: 104.11 94.38 -76.98 -14.26 81.62 0.00
[10:59:16.720] [ARM-RX] [76] <22.72 -41.13 8.97> result: 104.36 94.58 -76.50 -14.53 81.37 0.00
[10:59:16.721] [ARM-RX] [77] <23.50
[10:59:16.744] [ARM-RX] -42.54 9.27> result: 104.61 94.79 -76.02 -14.79 81.11 0.00
[10:59:16.745] [ARM-RX] [78] <24.29 -43.97 9.59> result: 104.85 95.00 -75.53 -15.05 80.85 0.00
[10:59:16.745] [ARM-RX] [79] <25.10 -45.43 9.90> result: 105.09 95.22 -75.03 -15.30 80.59 0.00
[10:59:16.745] [ARM-RX] [80] <25.91 -46.90 10.23> result: 105.33 95.44 -74.5
[10:59:16.778] [ARM-RX] 2 -15.55 80.32 0.00
[10:59:16.778] [ARM-RX] [81] <26.74 -48.40 10.55> result: 105.56 95.67 -74.00 -15.80 80.05 0.00
[10:59:16.778] [ARM-RX] [82] <27.58 -49.92 10.88> result: 105.79 95.90 -73.48 -16.05 79.78 0.00
[10:59:16.778] [ARM-RX] [83] <28.43 -51.47 11.22> result: 106.01 96.13 -72.94 -16.29 79.51 0.00
[10:59:16.779] [ARM-RX] [84] <29.30 -53.
[10:59:16.800] [ARM-RX] 03 11.56> result: 106.23 96.38 -72.40 -16.53 79.23 0.00
[10:59:16.800] [ARM-RX] [85] <30.17 -54.62 11.91> result: 106.44 96.62 -71.85 -16.76 78.95 0.00
[10:59:16.801] [ARM-RX] [86] <31.06 -56.22 12.26> result: 106.65 96.87 -71.29 -16.99 78.67 0.00
[10:59:16.801] [ARM-RX] [87] <31.96 -57.85 12.61> result: 106.86 97.13 -70.72
[10:59:16.824] [ARM-RX] -17.22 78.38 0.00
[10:59:16.825] [ARM-RX] [88] <32.86 -59.49 12.97> result: 107.06 97.39 -70.15 -17.44 78.09 0.00
[10:59:16.825] [ARM-RX] [89] <33.78 -61.15 13.33> result: 107.25 97.65 -69.56 -17.66 77.80 0.00
[10:59:16.825] [ARM-RX] [90] <34.71 -62.84 13.70> result: 107.44 97.92 -68.97 -17.88 77.51 0.00
[10:59:16.825] [ARM-RX] [91] <35.65 -64.5
[10:59:16.847] [ARM-RX] 4 14.07> result: 107.63 98.19 -68.37 -18.10 77.21 0.00
[10:59:16.847] [ARM-RX] [92] <36.60 -66.25 14.44> result: 107.82 98.47 -67.77 -18.31 76.91 0.00
[10:59:16.848] [ARM-RX] [93] <37.56 -67.99 14.82> result: 108.00 98.75 -67.15 -18.52 76.61 0.00
[10:59:16.848] [ARM-RX] [94] <38.53 -69.74 15.20> result: 108.17 99.04 -66.53
[10:59:16.872] [ARM-RX] -18.72 76.30 0.00
[10:59:16.873] [ARM-RX] [95] <39.50 -71.51 15.59> result: 108.34 99.33 -65.90 -18.93 76.00 0.00
[10:59:16.873] [ARM-RX] [96] <40.49 -73.29 15.98> result: 108.51 99.63 -65.26 -19.13 75.69 0.00
[10:59:16.873] [ARM-RX] [97] <41.48 -75.09 16.37> result: 108.68 99.92 -64.62 -19.33 75.38 0.00
[10:59:16.873] [ARM-RX] [98] <42.48 -76.90
[10:59:16.893] [ARM-RX] 16.77> result: 108.84 100.23 -63.97 -19.52 75.06 0.00
[10:59:16.893] [ARM-RX] [99] <43.49 -78.73 17.16> result: 108.99 100.53 -63.32 -19.71 74.75 0.00
[10:59:16.893] [ARM-RX] [100] <44.51 -80.57 17.57> result: 109.15 100.84 -62.65 -19.91 74.43 0.00
[10:59:16.893] [ARM-RX] [101] <45.53 -82.42 17.97> result: 109.30 101.15 -6
[10:59:16.917] [ARM-RX] 1.98 -20.09 74.11 0.00
[10:59:16.917] [ARM-RX] [102] <46.56 -84.29 18.38> result: 109.44 101.47 -61.31 -20.28 73.79 0.00
[10:59:16.917] [ARM-RX] [103] <47.60 -86.16 18.79> result: 109.58 101.79 -60.63 -20.47 73.47 0.00
[10:59:16.917] [ARM-RX] [104] <48.64 -88.05 19.20> result: 109.72 102.12 -59.94 -20.65 73.14 0.00
[10:59:16.917] [ARM-RX] [105] <
[10:59:16.940] [ARM-RX] 49.69 -89.95 19.61> result: 109.86 102.44 -59.25 -20.83 72.81 0.00
[10:59:16.940] [ARM-RX] [106] <50.74 -91.85 20.03> result: 109.99 102.77 -58.55 -21.01 72.48 0.00
[10:59:16.940] [ARM-RX] [107] <51.80 -93.77 20.44> result: 110.12 103.10 -57.84 -21.19 72.15 0.00
[10:59:16.940] [ARM-RX] [108] <52.86 -95.70 20.86> result: 110
[10:59:16.975] [ARM-RX] .25 103.44 -57.14 -21.36 71.82 0.00
[10:59:16.975] [ARM-RX] [109] <53.21 -96.32 21.00> result: 110.29 103.55 -56.90 -21.42 71.71 0.00
[10:59:16.975] [ARM-RX] [110] <53.21 -96.32 21.00> result: 110.29 103.55 -56.90 -21.42 71.71 0.00
[10:59:16.975] [ARM-RX] [111] <53.21 -96.32 21.00> result: 110.29 103.55 -56.90 -21.42 71.71
[10:59:16.998] [ARM-RX] 0.00
[10:59:16.998] [ARM-RX] [112] <53.21 -96.32 21.00> result: 110.29 103.55 -56.90 -21.42 71.71 0.00
[10:59:16.998] [ARM-RX] [113] <53.21 -96.32 21.00> result: 110.29 103.55 -56.90 -21.42 71.71 0.00
[10:59:16.998] [ARM-RX] [114] <53.21 -96.32 21.00> result: 110.29 103.55 -56.90 -21.42 71.71 0.00
[10:59:16.998] [ARM-RX] [115] <53.21 -96.32 21.00
[10:59:17.021] [ARM-RX] > result: 110.29 103.55 -56.90 -21.42 71.71 0.00
[10:59:17.021] [ARM-RX] [116] <53.21 -96.32 21.00> result: 110.29 103.55 -56.90 -21.42 71.71 0.00
[10:59:17.021] [ARM-RX] [117] <53.21 -96.32 21.00> result: 110.29 103.55 -56.90 -21.42 71.71 0.00
[10:59:17.021] [ARM-RX] [118] <53.21 -96.32 21.00> result: 110.29 103.55 -56.90
[10:59:17.043] [ARM-RX] -21.42 71.71 0.00
[10:59:17.044] [ARM-RX] [119] <53.21 -96.32 21.00> result: 110.29 103.55 -56.90 -21.42 71.71 0.00
[10:59:17.044] [ARM-RX] [120] <53.21 -96.32 21.00> result: 110.29 103.55 -56.90 -21.42 71.71 0.00
[10:59:17.044] [ARM-RX] [121] <53.21 -96.32 21.00> result: 110.29 103.55 -56.90 -21.42 71.71 0.00
[10:59:17.044] [ARM-RX] [122] <53.21
[10:59:17.067] [ARM-RX] -96.32 21.00> result: 110.29 103.55 -56.90 -21.42 71.71 0.00
[10:59:17.068] [ARM-RX] [123] <53.21 -96.32 21.00> result: 110.29 103.55 -56.90 -21.42 71.71 0.00
[10:59:17.068] [ARM-RX] [124] <53.21 -96.32 21.00> result: 110.29 103.55 -56.90 -21.42 71.71 0.00
[10:59:17.068] [ARM-RX] [125] <53.21 -96.32 21.00> result: 110.29 1
[10:59:17.090] [ARM-RX] 03.55 -56.90 -21.42 71.71 0.00
[10:59:17.090] [ARM-RX] [126] <53.21 -96.32 21.00> result: 110.29 103.55 -56.90 -21.42 71.71 0.00
[10:59:17.090] [ARM-RX] [127] <53.21 -96.32 21.00> result: 110.29 103.55 -56.90 -21.42 71.71 0.00
[10:59:17.090] [ARM-RX] [128] <53.21 -96.32 21.00> result: 110.29 103.55 -56.90 -21.42 71.71 0.00
[10:59:17.115] [ARM-RX] [129] <53.21 -96.32 21.00> result: 110.29 103.55 -56.90 -21.42 71.71 0.00
[10:59:17.115] [ARM-RX] [130] <53.21 -96.32 21.00> result: 110.29 103.55 -56.90 -21.42 71.71 0.00
[10:59:17.116] [ARM-RX] [131] <53.21 -96.32 21.00> result: 110.29 103.55 -56.90 -21.42 71.71 0.00
[10:59:17.116] [ARM-RX] [132] <53.21 -96.32 21.00> res
[10:59:17.147] [ARM-RX] ult: 110.29 103.55 -56.90 -21.42 71.71 0.00
[10:59:17.148] [ARM-RX] [133] <53.21 -96.32 21.00> result: 110.29 103.55 -56.90 -21.42 71.71 0.00
[10:59:17.148] [ARM-RX] [134] <53.21 -96.32 21.00> result: 110.29 103.55 -56.90 -21.42 71.71 0.00
[10:59:17.148] [ARM-RX] [135] <53.21 -96.32 21.00> result: 110.29 103.55 -56.90 -21.4
[10:59:17.171] [ARM-RX] 2 71.71 0.00
[10:59:17.171] [ARM-RX] [136] <53.21 -96.32 21.00> result: 110.29 103.55 -56.90 -21.42 71.71 0.00
[10:59:17.171] [ARM-RX] [137] <53.21 -96.32 21.00> result: 110.29 103.55 -56.90 -21.42 71.71 0.00
[10:59:17.172] [ARM-RX] [138] <53.21 -96.32 21.00> result: 110.29 103.55 -56.90 -21.42 71.71 0.00
[10:59:17.172] [ARM-RX] [139] <53.21 -96.
[10:59:17.194] [ARM-RX] 32 21.00> result: 110.29 103.55 -56.90 -21.42 71.71 0.00
[10:59:17.194] [ARM-RX] [140] <53.21 -96.32 21.00> result: 110.29 103.55 -56.90 -21.42 71.71 0.00
[10:59:17.195] [ARM-RX] [141] <53.21 -96.32 21.00> result: 110.29 103.55 -56.90 -21.42 71.71 0.00
[10:59:17.195] [ARM-RX] [142] <53.21 -96.32 21.00> result: 110.29 103.55
[10:59:17.217] [ARM-RX] -56.90 -21.42 71.71 0.00
[10:59:17.217] [ARM-RX] [143] <53.21 -96.32 21.00> result: 110.29 103.55 -56.90 -21.42 71.71 0.00
[10:59:17.220] [ARM-RX] [144] <53.21 -96.32 21.00> result: 110.29 103.55 -56.90 -21.42 71.71 0.00
[10:59:17.220] [ARM-RX] [145] <53.21 -96.32 21.00> result: 110.29 103.55 -56.90 -21.42 71.71 0.00
[10:59:17.220] [ARM-RX] [146
[10:59:17.240] [ARM-RX] ] <53.21 -96.32 21.00> result: 110.29 103.55 -56.90 -21.42 71.71 0.00
[10:59:17.241] [ARM-RX] [147] <53.21 -96.32 21.00> result: 110.29 103.55 -56.90 -21.42 71.71 0.00
[10:59:17.241] [ARM-RX] [148] <53.21 -96.32 21.00> result: 110.29 103.55 -56.90 -21.42 71.71 0.00
[10:59:17.241] [ARM-RX] [149] <53.21 -96.32 21.00> result:
[10:59:17.264] [ARM-RX] 110.29 103.55 -56.90 -21.42 71.71 0.00
[10:59:17.264] [ARM-RX] [150] <53.21 -96.32 21.00> result: 110.29 103.55 -56.90 -21.42 71.71 0.00
[10:59:17.264] [ARM-RX] [151] <53.21 -96.32 21.00> result: 110.29 103.55 -56.90 -21.42 71.71 0.00
[10:59:17.265] [ARM-RX] [152] <53.21 -96.32 21.00> result: 110.29 103.55 -56.90 -21.42 71.
[10:59:17.289] [ARM-RX] 71 0.00
[10:59:17.289] [ARM-RX] [153] <53.21 -96.32 21.00> result: 110.29 103.55 -56.90 -21.42 71.71 0.00
[10:59:17.289] [ARM-RX] [154] <53.21 -96.32 21.00> result: 110.29 103.55 -56.90 -21.42 71.71 0.00
[10:59:17.289] [ARM-RX] [155] <53.21 -96.32 21.00> result: 110.29 103.55 -56.90 -21.42 71.71 0.00
[10:59:17.289] [ARM-RX] [156] <53.21 -96.32 21
[10:59:17.309] [ARM-RX] .00> result: 110.29 103.55 -56.90 -21.42 71.71 0.00
[10:59:17.310] [ARM-RX] [157] <53.21 -96.32 21.00> result: 110.29 103.55 -56.90 -21.42 71.71 0.00
[10:59:17.310] [ARM-RX] [158] <53.21 -96.32 21.00> result: 110.29 103.55 -56.90 -21.42 71.71 0.00
[10:59:17.310] [ARM-RX] [159] <53.21 -96.32 21.00> result: 110.29 103.55 -56.
[10:59:17.345] [ARM-RX] 90 -21.42 71.71 0.00
[10:59:17.345] [ARM-RX] [160] <53.21 -96.32 21.00> result: 110.29 103.55 -56.90 -21.42 71.71 0.00
[10:59:17.345] [ARM-RX] [161] <53.21 -96.32 21.00> result: 110.29 103.55 -56.90 -21.42 71.71 0.00
[10:59:17.345] [ARM-RX] [162] <53.21 -96.32 21.00> result: 110.29 103.55 -56.90 -21.42 71.71 0.00
[10:59:17.346] [ARM-RX] [163] <53
[10:59:17.368] [ARM-RX] .21 -96.32 21.00> result: 110.29 103.55 -56.90 -21.42 71.71 0.00
[10:59:17.368] [ARM-RX] [164] <53.21 -96.32 21.00> result: 110.29 103.55 -56.90 -21.42 71.71 0.00
[10:59:17.368] [ARM-RX] [165] <53.21 -96.32 21.00> result: 110.29 103.55 -56.90 -21.42 71.71 0.00
[10:59:17.369] [ARM-RX] [166] <53.21 -96.32 21.00> result: 110.2
[10:59:17.390] [ARM-RX] 9 103.55 -56.90 -21.42 71.71 0.00
[10:59:17.391] [ARM-RX] [167] <53.21 -96.32 21.00> result: 110.29 103.55 -56.90 -21.42 71.71 0.00
[10:59:17.391] [ARM-RX] [168] <53.21 -96.32 21.00> result: 110.29 103.55 -56.90 -21.42 71.71 0.00
[10:59:17.391] [ARM-RX] [169] <53.21 -96.32 21.00> result: 110.29 103.55 -56.90 -21.42 71.71 0.
[10:59:17.414] [ARM-RX] 00
[10:59:17.414] [ARM-RX] [170] <53.21 -96.32 21.00> result: 110.29 103.55 -56.90 -21.42 71.71 0.00
[10:59:17.415] [ARM-RX] [171] <53.21 -96.32 21.00> result: 110.29 103.55 -56.90 -21.42 71.71 0.00
[10:59:17.415] [ARM-RX] [172] <53.21 -96.32 21.00> result: 110.29 103.55 -56.90 -21.42 71.71 0.00
[10:59:17.415] [ARM-RX] [173] <53.21 -96.32 21.00>
[10:59:17.437] [ARM-RX] result: 110.29 103.55 -56.90 -21.42 71.71 0.00
[10:59:17.437] [ARM-RX] [174] <53.21 -96.32 21.00> result: 110.29 103.55 -56.90 -21.42 71.71 0.00
[10:59:17.437] [ARM-RX] [175] <53.21 -96.32 21.00> result: 110.29 103.55 -56.90 -21.42 71.71 0.00
[10:59:17.438] [ARM-RX] [176] <53.21 -96.32 21.00> result: 110.29 103.55 -56.90 -2
[10:59:17.460] [ARM-RX] 1.42 71.71 0.00
[10:59:17.460] [ARM-RX] [177] <53.21 -96.32 21.00> result: 110.29 103.55 -56.90 -21.42 71.71 0.00
[10:59:17.461] [ARM-RX] [178] <53.21 -96.32 21.00> result: 110.29 103.55 -56.90 -21.42 71.71 0.00
[10:59:17.461] [ARM-RX] [179] <53.21 -96.32 21.00> result: 110.29 103.55 -56.90 -21.42 71.71 0.00
[10:59:17.461] [ARM-RX] [180] <53.21 -
[10:59:17.484] [ARM-RX] 96.32 21.00> result: 110.29 103.55 -56.90 -21.42 71.71 0.00
[10:59:17.484] [ARM-RX] [181] <53.21 -96.32 21.00> result: 110.29 103.55 -56.90 -21.42 71.71 0.00
[10:59:17.484] [ARM-RX] [182] <53.21 -96.32 21.00> result: 110.29 103.55 -56.90 -21.42 71.71 0.00
[10:59:17.484] [ARM-RX] [183] <53.21 -96.32 21.00> result: 110.29 103
[10:59:17.518] [ARM-RX] .55 -56.90 -21.42 71.71 0.00
[10:59:17.519] [ARM-RX] [184] <53.21 -96.32 21.00> result: 110.29 103.55 -56.90 -21.42 71.71 0.00
[10:59:17.519] [ARM-RX] [185] <53.21 -96.32 21.00> result: 110.29 103.55 -56.90 -21.42 71.71 0.00
[10:59:17.519] [ARM-RX] [186] <53.21 -96.32 21.00> result: 110.29 103.55 -56.90 -21.42 71.71 0.00
[10:59:17.519] [ARM-RX] [
[10:59:17.542] [ARM-RX] 187] <53.21 -96.32 21.00> result: 110.29 103.55 -56.90 -21.42 71.71 0.00
[10:59:17.542] [ARM-RX] [188] <53.21 -96.32 21.00> result: 110.29 103.55 -56.90 -21.42 71.71 0.00
[10:59:17.542] [ARM-RX] [189] <53.21 -96.32 21.00> result: 110.29 103.55 -56.90 -21.42 71.71 0.00
[10:59:17.542] [ARM-RX] [190] <53.21 -96.32 21.00> resul
[10:59:17.564] [ARM-RX] t: 110.29 103.55 -56.90 -21.42 71.71 0.00
[10:59:17.564] [ARM-RX] [191] <53.21 -96.32 21.00> result: 110.29 103.55 -56.90 -21.42 71.71 0.00
[10:59:17.564] [ARM-RX] [192] <53.21 -96.32 21.00> result: 110.29 103.55 -56.90 -21.42 71.71 0.00
[10:59:17.565] [ARM-RX] [193] <53.21 -96.32 21.00> result: 110.29 103.55 -56.90 -21.42
[10:59:17.590] [ARM-RX] 71.71 0.00
[10:59:17.590] [ARM-RX] [194] <53.21 -96.32 21.00> result: 110.29 103.55 -56.90 -21.42 71.71 0.00
[10:59:17.590] [ARM-RX] [195] <53.21 -96.32 21.00> result: 110.29 103.55 -56.90 -21.42 71.71 0.00
[10:59:17.590] [ARM-RX] [196] <53.21 -96.32 21.00> result: 110.29 103.55 -56.90 -21.42 71.71 0.00
[10:59:17.591] [ARM-RX] [197] <53.21 -96.32
[10:59:17.610] [ARM-RX] 21.00> result: 110.29 103.55 -56.90 -21.42 71.71 0.00
[10:59:17.611] [ARM-RX] [198] <53.21 -96.32 21.00> result: 110.29 103.55 -56.90 -21.42 71.71 0.00
[10:59:17.611] [ARM-RX] [199] <53.21 -96.32 21.00> result: 110.29 103.55 -56.90 -21.42 71.71 0.00
[10:59:17.611] [ARM-RX] [200] <53.21 -96.32 21.00> result: 110.29 103.55 -
[10:59:17.633] [ARM-RX] 56.90 -21.42 71.71 0.00
[10:59:17.634] [ARM-RX] [201] <53.21 -96.32 21.00> result: 110.29 103.55 -56.90 -21.42 71.71 0.00
[10:59:17.634] [ARM-RX] [202] <53.21 -96.32 21.00> result: 110.29 103.55 -56.90 -21.42 71.71 0.00
[10:59:17.634] [ARM-RX] [203] <53.21 -96.32 21.00> result: 110.29 103.55 -56.90 -21.42 71.71 0.00
[10:59:17.634] [ARM-RX] [204]
[10:59:17.657] [ARM-RX] <53.21 -96.32 21.00> result: 110.29 103.55 -56.90 -21.42 71.71 0.00
[10:59:17.658] [ARM-RX] [205] <53.21 -96.32 21.00> result: 110.29 103.55 -56.90 -21.42 71.71 0.00
[10:59:17.658] [ARM-RX] [206] <53.21 -96.32 21.00> result: 110.29 103.55 -56.90 -21.42 71.71 0.00
[10:59:17.658] [ARM-RX] [207] <53.21 -96.32 21.00> result: 11
[10:59:17.680] [ARM-RX] 0.29 103.55 -56.90 -21.42 71.71 0.00
[10:59:17.681] [ARM-RX] [208] <53.21 -96.32 21.00> result: 110.29 103.55 -56.90 -21.42 71.71 0.00
[10:59:17.681] [ARM-RX] [209] <53.21 -96.32 21.00> result: 110.29 103.55 -56.90 -21.42 71.71 0.00
[10:59:17.681] [ARM-RX] [210] <53.21 -96.32 21.00> result: 110.29 103.55 -56.90 -21.42 71.71
[10:59:17.715] [ARM-RX] 0.00
[10:59:17.715] [ARM-RX] [211] <53.21 -96.32 21.00> result: 110.29 103.55 -56.90 -21.42 71.71 0.00
[10:59:17.715] [ARM-RX] [212] <53.21 -96.32 21.00> result: 110.29 103.55 -56.90 -21.42 71.71 0.00
[10:59:17.715] [ARM-RX] [213] <53.21 -96.32 21.00> result: 110.29 103.55 -56.90 -21.42 71.71 0.00
[10:59:17.715] [ARM-RX] [214] <53.21 -96.32 21.0
[10:59:17.738] [ARM-RX] 0> result: 110.29 103.55 -56.90 -21.42 71.71 0.00
[10:59:17.738] [ARM-RX] [215] <53.21 -96.32 21.00> result: 110.29 103.55 -56.90 -21.42 71.71 0.00
[10:59:17.739] [ARM-RX] [216] <53.21 -96.32 21.00> result: 110.29 103.55 -56.90 -21.42 71.71 0.00
[10:59:17.739] [ARM-RX] [217] <53.21 -96.32 21.00> result: 110.29 103.55 -56.90
[10:59:17.761] [ARM-RX] -21.42 71.71 0.00
[10:59:17.762] [ARM-RX] [218] <53.21 -96.32 21.00> result: 110.29 103.55 -56.90 -21.42 71.71 0.00
[10:59:17.762] [ARM-RX] [219] <53.21 -96.32 21.00> result: 110.29 103.55 -56.90 -21.42 71.71 0.00
[10:59:17.762] [ARM-RX] [220] <53.21 -96.32 21.00> result: 110.29 103.55 -56.90 -21.42 71.71 0.00
[10:59:17.762] [ARM-RX] [221] <53.2
[10:59:17.785] [ARM-RX] 1 -96.32 21.00> result: 110.29 103.55 -56.90 -21.42 71.71 0.00
[10:59:17.785] [ARM-RX] [222] <53.21 -96.32 21.00> result: 110.29 103.55 -56.90 -21.42 71.71 0.00
[10:59:17.785] [ARM-RX] [223] <53.21 -96.32 21.00> result: 110.29 103.55 -56.90 -21.42 71.71 0.00
[10:59:17.785] [ARM-RX] [224] <53.21 -96.32 21.00> result: 110.29
[10:59:17.809] [ARM-RX] 103.55 -56.90 -21.42 71.71 0.00
[10:59:17.810] [ARM-RX] [225] <53.21 -96.32 21.00> result: 110.29 103.55 -56.90 -21.42 71.71 0.00
[10:59:17.811] [ARM-RX] [226] <53.21 -96.32 21.00> result: 110.29 103.55 -56.90 -21.42 71.71 0.00
[10:59:17.811] [ARM-RX] [227] <53.21 -96.32 21.00> result: 110.29 103.55 -56.90 -21.42 71.71 0.00
[10:59:17.832] [ARM-RX] [228] <53.21 -96.32 21.00> result: 110.29 103.55 -56.90 -21.42 71.71 0.00
[10:59:17.832] [ARM-RX] [229] <53.21 -96.32 21.00> result: 110.29 103.55 -56.90 -21.42 71.71 0.00
[10:59:17.832] [ARM-RX] [230] <53.21 -96.32 21.00> result: 110.29 103.55 -56.90 -21.42 71.71 0.00
[10:59:17.833] [ARM-RX] [231] <53.21 -96.32 21.00> re
[10:59:17.853] [ARM-RX] sult: 110.29 103.55 -56.90 -21.42 71.71 0.00
[10:59:17.854] [ARM-RX] [232] <53.21 -96.32 21.00> result: 110.29 103.55 -56.90 -21.42 71.71 0.00
[10:59:17.854] [ARM-RX] [233] <53.21 -96.32 21.00> result: 110.29 103.55 -56.90 -21.42 71.71 0.00
[10:59:17.854] [ARM-RX] [234] <53.21 -96.32 21.00> result: 110.29 103.55 -56.90 -21.
[10:59:17.888] [ARM-RX] 42 71.71 0.00
[10:59:17.889] [ARM-RX] [235] <53.21 -96.32 21.00> result: 110.29 103.55 -56.90 -21.42 71.71 0.00
[10:59:17.889] [ARM-RX] [236] <53.21 -96.32 21.00> result: 110.29 103.55 -56.90 -21.42 71.71 0.00
[10:59:17.889] [ARM-RX] [237] <53.21 -96.32 21.00> result: 110.29 103.55 -56.90 -21.42 71.71 0.00
[10:59:17.889] [ARM-RX] [238] <53.21 -96
[10:59:17.905] [ARM-RX] .32 21.00> result: 110.29 103.55 -56.90 -21.42 71.71 0.00
[10:59:17.905] [ARM-RX] [239] <53.21 -96.32 21.00> result: 110.29 103.55 -56.90 -21.42 71.71 0.00
[10:59:17.906] [ARM-RX] [240] <53.21 -96.32 21.00> result: 110.29 103.55 -56.90 -21.42 71.71 0.00
[10:59:17.906] [ARM-RX] [241] <53.21 -96.32 21.00> result: 110.29 103.5
[10:59:17.970] [ARM-RX] 5 -56.90 -21.42 71.71 0.00
[10:59:20.471] [ARM-RX] [joint 1] ave_error:1.62
[10:59:20.471] [ARM-RX] [joint 2] ave_error:2.08
[10:59:20.472] [ARM-RX] [joint 3] ave_error:6.07
[10:59:20.472] [ARM-RX] [joint 4] ave_error:3.56
[10:59:20.472] [ARM-RX] [joint 5] ave_error:1.44
[10:59:20.474] [ARM-RX] robot pid run finished!!
[10:59:21.295] [ARM-RX] AUTO final confirm failed: joint 2 err=7.93deg tol=3.00, pose invalid.
[10:59:21.295] [ARM-RX] J1 cur=110.42 target=110.29 err=-0.13
[10:59:21.295] [ARM-RX] J2 cur=104.86 target=103.55 err=-1.31
[10:59:21.296] [ARM-RX] J3 cur=-48.97 target=-56.90 err=-7.93
[10:59:21.296] [ARM-RX] J4 cur=-23.45 target=-21.42 err=2.04
[10:59:21.296] [ARM-RX] J5 cur=71.41 target
[10:59:21.359] [ARM-RX] =71.71 err=0.30
[10:59:43.550] [ARM-TX] 发送命令 soft_reset: soft_reset
[10:59:43.670] [ARM-RX] Found handler for 'soft_reset', executing...
[10:59:43.670] [ARM-RX] ROBOT_SOFT_RESET_EVENT
[10:59:43.670] [ARM-RX] --- Starting soft reset ---
[10:59:43.855] [ARM-RX] Soft reset motors enabled (J1~J5, J6 skipped).
[10:59:43.855] [ARM-RX] Soft resetting joint 4...
[10:59:43.917] [ARM-RX] robot_update_current_angle 4...
[10:59:43.917] [ARM-RX] [4] current:71.40, target:90.00, dir:1
[10:59:45.394] [ARM-RX] Soft resetting joint 3...
[10:59:45.394] [ARM-RX] robot_update_current_angle 3...
[10:59:45.394] [ARM-RX] [3] current:-23.46, target:0.00, dir:1
[10:59:47.124] [ARM-RX] soft reset joint 3 settle timeout, keep going
[10:59:47.124] [ARM-RX] Soft resetting joint 1...
[10:59:47.124] [ARM-RX] robot_update_current_angle 1...
[10:59:47.124] [ARM-RX] [1] current:104.86, target:90.00, dir:-1
[10:59:48.732] [ARM-RX] soft reset joint 1 settle timeout, keep going
[10:59:48.732] [ARM-RX] Soft resetting joint 2...
[10:59:48.732] [ARM-RX] robot_update_current_angle 2...
[10:59:48.732] [ARM-RX] [2] current:-48.98, target:-90.00, dir:-1
[10:59:50.960] [ARM-RX] soft reset joint 2 settle timeout, keep going
[10:59:50.960] [ARM-RX] Soft resetting joint 0...
[10:59:50.960] [ARM-RX] robot_update_current_angle 0...
[10:59:50.960] [ARM-RX] [0] current:110.42, target:90.00, dir:-1
[10:59:52.693] [ARM-RX] soft reset joint 0 settle timeout, keep going
[10:59:52.694] [ARM-RX] soft reset verify not pass, start refine loop...
[10:59:52.816] [ARM-RX] soft reset refine joint 0 round 1: cur=91.93 target=90.00 err=1.93 dir=-1
[10:59:53.372] [ARM-RX] soft reset refine pass 1 success.
[10:59:53.373] [ARM-RX] soft reset final verify PASS (issues:4), pose set HOME.
[10:59:55.488] [ARM-TX] 发送命令 read_all: read_all
[10:59:55.594] [ARM-RX] Found handler for 'read_all', executing...
[10:59:55.594] [ARM-RX] ROBOT_READ_ALL_EVENT
[10:59:55.594] [ARM-RX] read_all ret=0 elapsed=2 ms missing=0x00
[10:59:55.594] [ARM-RX] J1 angle=89.91
[10:59:55.595] [ARM-RX] J2 angle=90.00
[10:59:55.595] [ARM-RX] J3 angle=270.00
[10:59:55.595] [ARM-RX] J4 angle=360.00
[10:59:55.595] [ARM-RX] J5 angle=90.00
[10:59:57.007] [ARM-TX] 发送命令 auto 53.21 -96.32 -21: auto 53.21 -96.32 -21
[10:59:57.046] [ARM-RX] Found handler for 'auto', executing...
[10:59:57.046] [ARM-RX] ROBOT_AUTO_EVENT
[10:59:57.046] [ARM-RX] [0] <0.00 0.00 0.00> result: 90.00 90.00 -90.00 0.00 90.00 0.00
[10:59:57.046] [ARM-RX] [1] <0.00 -0.00 -0.00> result: 90.00 90.00 -90.00 -0.00 90.00 0.00
[10:59:57.047] [ARM-RX] [2] <0.00 -0.00 -0.00> result: 90.00 90.00 -90.00 -0.00 90.00 0.00
[10:59:57.069] [ARM-RX] [3] <0.00 -0.00 -0.00> result: 90.00 90.00 -90.00 -0.00 90.00 0.00
[10:59:57.070] [ARM-RX] [4] <0.01 -0.01 -0.00> result: 90.01 90.01 -90.00 -0.01 90.00 0.00
[10:59:57.071] [ARM-RX] [5] <0.01 -0.02 -0.00> result: 90.01 90.01 -90.00 -0.01 90.00 0.00
[10:59:57.072] [ARM-RX] [6] <0.02 -0.03 -0.01> result: 90.02 90.02 -89.99 -
[10:59:57.092] [ARM-RX] 0.02 90.01 0.00
[10:59:57.092] [ARM-RX] [7] <0.03 -0.05 -0.01> result: 90.03 90.02 -89.99 -0.03 90.01 0.00
[10:59:57.092] [ARM-RX] [8] <0.04 -0.07 -0.01> result: 90.05 90.04 -89.98 -0.05 90.02 0.00
[10:59:57.093] [ARM-RX] [9] <0.05 -0.10 -0.02> result: 90.06 90.05 -89.97 -0.06 90.03 0.00
[10:59:57.093] [ARM-RX] [10] <0.07 -0.13 -0.03> result: 90.
[10:59:57.116] [ARM-RX] 09 90.07 -89.97 -0.09 90.03 0.00
[10:59:57.117] [ARM-RX] [11] <0.09 -0.17 -0.04> result: 90.11 90.09 -89.95 -0.11 90.04 0.00
[10:59:57.117] [ARM-RX] [12] <0.12 -0.22 -0.05> result: 90.14 90.11 -89.94 -0.14 90.06 0.00
[10:59:57.117] [ARM-RX] [13] <0.15 -0.27 -0.06> result: 90.18 90.14 -89.93 -0.18 90.07 0.00
[10:59:57.118] [ARM-RX] [14] <0.19 -0.3
[10:59:57.141] [ARM-RX] 4 -0.07> result: 90.22 90.18 -89.91 -0.22 90.09 0.00
[10:59:57.141] [ARM-RX] [15] <0.23 -0.41 -0.09> result: 90.27 90.22 -89.89 -0.27 90.11 0.00
[10:59:57.141] [ARM-RX] [16] <0.28 -0.50 -0.11> result: 90.33 90.26 -89.87 -0.33 90.13 0.00
[10:59:57.141] [ARM-RX] [17] <0.33 -0.59 -0.13> result: 90.39 90.31 -89.84 -0.39 90.15 0
[10:59:57.161] [ARM-RX] .00
[10:59:57.161] [ARM-RX] [18] <0.39 -0.70 -0.15> result: 90.46 90.37 -89.81 -0.46 90.18 0.00
[10:59:57.162] [ARM-RX] [19] <0.45 -0.82 -0.18> result: 90.54 90.43 -89.78 -0.54 90.21 0.00
[10:59:57.162] [ARM-RX] [20] <0.53 -0.95 -0.21> result: 90.62 90.50 -89.74 -0.62 90.24 0.00
[10:59:57.162] [ARM-RX] [21] <0.61 -1.10 -0.24> result: 90.71 90.57
[10:59:57.184] [ARM-RX] -89.71 -0.71 90.28 0.00
[10:59:57.185] [ARM-RX] [22] <0.69 -1.26 -0.27> result: 90.81 90.65 -89.66 -0.81 90.32 0.00
[10:59:57.185] [ARM-RX] [23] <0.79 -1.43 -0.31> result: 90.92 90.74 -89.62 -0.92 90.36 0.00
[10:59:57.185] [ARM-RX] [24] <0.89 -1.62 -0.35> result: 91.04 90.84 -89.57 -1.04 90.40 0.00
[10:59:57.185] [ARM-RX] [25] <1.01 -1.82 -0.40>
[10:59:57.219] [ARM-RX] result: 91.16 90.94 -89.51 -1.16 90.45 0.00
[10:59:57.219] [ARM-RX] [26] <1.13 -2.04 -0.44> result: 91.30 91.05 -89.45 -1.30 90.50 0.00
[10:59:57.219] [ARM-RX] [27] <1.26 -2.27 -0.50> result: 91.44 91.17 -89.39 -1.44 90.56 0.00
[10:59:57.219] [ARM-RX] [28] <1.40 -2.53 -0.55> result: 91.59 91.30 -89.32 -1.59 90.61 0.00
[10:59:57.220] [ARM-RX] [29]
[10:59:57.242] [ARM-RX] <1.55 -2.80 -0.61> result: 91.76 91.43 -89.24 -1.76 90.67 0.00
[10:59:57.242] [ARM-RX] [30] <1.70 -3.08 -0.67> result: 91.92 91.57 -89.16 -1.92 90.74 0.00
[10:59:57.242] [ARM-RX] [31] <1.87 -3.39 -0.74> result: 92.10 91.72 -89.08 -2.10 90.80 0.00
[10:59:57.242] [ARM-RX] [32] <2.05 -3.72 -0.81> result: 92.29 91.88 -88.99 -2
[10:59:57.265] [ARM-RX] .29 90.87 0.00
[10:59:57.266] [ARM-RX] [33] <2.24 -4.06 -0.89> result: 92.49 92.05 -88.89 -2.49 90.94 0.00
[10:59:57.266] [ARM-RX] [34] <2.44 -4.43 -0.96> result: 92.69 92.22 -88.79 -2.69 91.01 0.00
[10:59:57.266] [ARM-RX] [35] <2.66 -4.81 -1.05> result: 92.90 92.41 -88.68 -2.90 91.09 0.00
[10:59:57.266] [ARM-RX] [36] <2.88 -5.22 -1.14> result: 9
[10:59:57.289] [ARM-RX] 3.12 92.60 -88.57 -3.12 91.17 0.00
[10:59:57.290] [ARM-RX] [37] <3.12 -5.64 -1.23> result: 93.35 92.80 -88.45 -3.35 91.24 0.00
[10:59:57.290] [ARM-RX] [38] <3.36 -6.09 -1.33> result: 93.58 93.00 -88.32 -3.58 91.32 0.00
[10:59:57.290] [ARM-RX] [39] <3.62 -6.56 -1.43> result: 93.83 93.22 -88.19 -3.83 91.40 0.00
[10:59:57.290] [ARM-RX] [40] <3.89 -7
[10:59:57.311] [ARM-RX] .05 -1.54> result: 94.07 93.44 -88.05 -4.08 91.49 0.00
[10:59:57.311] [ARM-RX] [41] <4.18 -7.56 -1.65> result: 94.33 93.67 -87.90 -4.33 91.57 0.00
[10:59:57.311] [ARM-RX] [42] <4.48 -8.10 -1.77> result: 94.59 93.91 -87.75 -4.59 91.65 0.00
[10:59:57.311] [ARM-RX] [43] <4.78 -8.66 -1.89> result: 94.86 94.16 -87.59 -4.86 91.74
[10:59:57.336] [ARM-RX] 0.00
[10:59:57.336] [ARM-RX] [44] <5.11 -9.24 -2.02> result: 95.13 94.41 -87.42 -5.13 91.82 0.00
[10:59:57.336] [ARM-RX] [45] <5.44 -9.85 -2.15> result: 95.41 94.67 -87.24 -5.41 91.90 0.00
[10:59:57.337] [ARM-RX] [46] <5.79 -10.48 -2.29> result: 95.69 94.94 -87.05 -5.69 91.98 0.00
[10:59:57.337] [ARM-RX] robot_auto_move_interpolation robot kinem
[10:59:57.395] [ARM-RX] atics inverse failed
[11:00:05.178] [ARM-TX] 发送命令 auto 53.21 -96.32 -11: auto 53.21 -96.32 -11
[11:00:05.283] [ARM-RX] Found handler for 'auto', executing...
[11:00:05.283] [ARM-RX] ROBOT_AUTO_EVENT
[11:00:05.283] [ARM-RX] [0] <0.00 0.00 0.00> result: 90.00 90.00 -90.00 0.00 90.00 0.00
[11:00:05.283] [ARM-RX] [1] <0.00 -0.00 -0.00> result: 90.00 90.00 -90.00 -0.00 90.00 0.00
[11:00:05.283] [ARM-RX] [2] <0.00 -0.00 -0.00> result: 90.00 90.00 -90.00 -
[11:00:05.308] [ARM-RX] 0.00 90.00 0.00
[11:00:05.308] [ARM-RX] [3] <0.00 -0.00 -0.00> result: 90.00 90.00 -90.00 -0.00 90.00 0.00
[11:00:05.308] [ARM-RX] [4] <0.01 -0.01 -0.00> result: 90.01 90.00 -90.00 -0.01 90.00 0.00
[11:00:05.308] [ARM-RX] [5] <0.01 -0.02 -0.00> result: 90.01 90.01 -89.99 -0.01 90.00 0.00
[11:00:05.309] [ARM-RX] [6] <0.02 -0.03 -0.00> result: 90.0
[11:00:05.330] [ARM-RX] 2 90.01 -89.99 -0.02 90.00 0.00
[11:00:05.331] [ARM-RX] [7] <0.03 -0.05 -0.01> result: 90.03 90.02 -89.99 -0.03 90.01 0.00
[11:00:05.331] [ARM-RX] [8] <0.04 -0.07 -0.01> result: 90.05 90.03 -89.98 -0.05 90.01 0.00
[11:00:05.331] [ARM-RX] [9] <0.05 -0.10 -0.01> result: 90.06 90.04 -89.97 -0.06 90.01 0.00
[11:00:05.331] [ARM-RX] [10] <0.07 -0.13 -0
[11:00:05.354] [ARM-RX] .02> result: 90.09 90.05 -89.96 -0.09 90.02 0.00
[11:00:05.354] [ARM-RX] [11] <0.10 -0.17 -0.02> result: 90.11 90.07 -89.95 -0.11 90.02 0.00
[11:00:05.354] [ARM-RX] [12] <0.12 -0.22 -0.03> result: 90.15 90.09 -89.94 -0.15 90.03 0.00
[11:00:05.355] [ARM-RX] [13] <0.15 -0.28 -0.03> result: 90.18 90.12 -89.92 -0.18 90.04 0.00
[11:00:05.376] [ARM-RX] [14] <0.19 -0.35 -0.04> result: 90.23 90.14 -89.90 -0.23 90.05 0.00
[11:00:05.376] [ARM-RX] [15] <0.23 -0.42 -0.05> result: 90.28 90.17 -89.88 -0.28 90.06 0.00
[11:00:05.376] [ARM-RX] [16] <0.28 -0.51 -0.06> result: 90.33 90.21 -89.86 -0.33 90.07 0.00
[11:00:05.376] [ARM-RX] [17] <0.34 -0.61 -0.07> result: 90.40 90.25 -89.
[11:00:05.399] [ARM-RX] 83 -0.40 90.08 0.00
[11:00:05.399] [ARM-RX] [18] <0.40 -0.72 -0.08> result: 90.47 90.29 -89.80 -0.47 90.10 0.00
[11:00:05.399] [ARM-RX] [19] <0.46 -0.84 -0.10> result: 90.55 90.34 -89.77 -0.55 90.11 0.00
[11:00:05.399] [ARM-RX] [20] <0.54 -0.97 -0.11> result: 90.63 90.40 -89.73 -0.63 90.13 0.00
[11:00:05.399] [ARM-RX] [21] <0.62 -1.12 -0.13> resu
[11:00:05.422] [ARM-RX] lt: 90.73 90.46 -89.69 -0.73 90.15 0.00
[11:00:05.422] [ARM-RX] [22] <0.71 -1.28 -0.15> result: 90.83 90.52 -89.64 -0.83 90.17 0.00
[11:00:05.422] [ARM-RX] [23] <0.80 -1.46 -0.17> result: 90.94 90.59 -89.60 -0.94 90.19 0.00
[11:00:05.422] [ARM-RX] [24] <0.91 -1.65 -0.19> result: 91.06 90.67 -89.54 -1.06 90.21 0.00
[11:00:05.422] [ARM-RX] [25] <1.
[11:00:05.445] [ARM-RX] 02 -1.86 -0.21> result: 91.19 90.75 -89.48 -1.19 90.24 0.00
[11:00:05.445] [ARM-RX] [26] <1.15 -2.08 -0.24> result: 91.32 90.84 -89.42 -1.32 90.26 0.00
[11:00:05.446] [ARM-RX] [27] <1.28 -2.32 -0.26> result: 91.47 90.94 -89.35 -1.47 90.29 0.00
[11:00:05.446] [ARM-RX] [28] <1.42 -2.58 -0.29> result: 91.62 91.04 -89.28 -1.62
[11:00:05.480] [ARM-RX] 90.32 0.00
[11:00:05.480] [ARM-RX] [29] <1.57 -2.85 -0.33> result: 91.79 91.14 -89.20 -1.79 90.35 0.00
[11:00:05.480] [ARM-RX] [30] <1.74 -3.14 -0.36> result: 91.96 91.26 -89.12 -1.96 90.38 0.00
[11:00:05.481] [ARM-RX] [31] <1.91 -3.46 -0.39> result: 92.14 91.38 -89.03 -2.14 90.41 0.00
[11:00:05.481] [ARM-RX] [32] <2.09 -3.79 -0.43> result: 92.33
[11:00:05.506] [ARM-RX] 91.51 -88.94 -2.33 90.44 0.00
[11:00:05.507] [ARM-RX] [33] <2.29 -4.14 -0.47> result: 92.53 91.64 -88.84 -2.53 90.48 0.00
[11:00:05.507] [ARM-RX] [34] <2.49 -4.51 -0.52> result: 92.74 91.78 -88.73 -2.74 90.51 0.00
[11:00:05.507] [ARM-RX] [35] <2.71 -4.90 -0.56> result: 92.95 91.93 -88.62 -2.95 90.55 0.00
[11:00:05.507] [ARM-RX] [36] <2.94 -5.31
[11:00:05.526] [ARM-RX] -0.61> result: 93.17 92.08 -88.50 -3.17 90.58 0.00
[11:00:05.526] [ARM-RX] [37] <3.18 -5.75 -0.66> result: 93.40 92.25 -88.37 -3.40 90.62 0.00
[11:00:05.526] [ARM-RX] [38] <3.43 -6.20 -0.71> result: 93.64 92.41 -88.24 -3.64 90.65 0.00
[11:00:05.526] [ARM-RX] [39] <3.69 -6.68 -0.76> result: 93.89 92.59 -88.10 -3.89 90.69 0.0
[11:00:05.550] [ARM-RX] 0
[11:00:05.550] [ARM-RX] [40] <3.97 -7.18 -0.82> result: 94.14 92.77 -87.95 -4.14 90.72 0.00
[11:00:05.551] [ARM-RX] [41] <4.26 -7.71 -0.88> result: 94.40 92.96 -87.80 -4.40 90.76 0.00
[11:00:05.551] [ARM-RX] [42] <4.56 -8.25 -0.94> result: 94.66 93.15 -87.64 -4.66 90.79 0.00
[11:00:05.551] [ARM-RX] [43] <4.87 -8.82 -1.01> result: 94.93 93.35 -8
[11:00:05.574] [ARM-RX] 7.47 -4.94 90.82 0.00
[11:00:05.577] [ARM-RX] [44] <5.20 -9.42 -1.08> result: 95.21 93.56 -87.30 -5.21 90.85 0.00
[11:00:05.577] [ARM-RX] [45] <5.54 -10.04 -1.15> result: 95.49 93.77 -87.11 -5.49 90.88 0.00
[11:00:05.577] [ARM-RX] [46] <5.90 -10.68 -1.22> result: 95.78 93.99 -86.92 -5.78 90.91 0.00
[11:00:05.578] [ARM-RX] [47] <6.27 -11.34 -1.30>
[11:00:05.601] [ARM-RX] result: 96.07 94.22 -86.72 -6.07 90.93 0.00
[11:00:05.601] [ARM-RX] [48] <6.65 -12.04 -1.37> result: 96.36 94.45 -86.51 -6.36 90.95 0.00
[11:00:05.602] [ARM-RX] [49] <7.05 -12.75 -1.46> result: 96.65 94.68 -86.30 -6.66 90.97 0.00
[11:00:05.602] [ARM-RX] [50] <7.45 -13.49 -1.54> result: 96.95 94.93 -86.07 -6.95 90.99 0.00
[11:00:05.618] [ARM-RX] [51] <7.88 -14.26 -1.63> result: 97.25 95.17 -85.84 -7.26 91.01 0.00
[11:00:05.618] [ARM-RX] [52] <8.32 -15.05 -1.72> result: 97.56 95.43 -85.60 -7.56 91.02 0.00
[11:00:05.618] [ARM-RX] [53] <8.77 -15.87 -1.81> result: 97.86 95.68 -85.35 -7.86 91.02 0.00
[11:00:05.618] [ARM-RX] [54] <9.23 -16.72 -1.91> result: 98.17 95.95 -
[11:00:05.641] [ARM-RX] 85.09 -8.17 91.03 0.00
[11:00:05.641] [ARM-RX] [55] <9.72 -17.59 -2.01> result: 98.47 96.22 -84.82 -8.47 91.03 0.00
[11:00:05.641] [ARM-RX] [56] <10.21 -18.48 -2.11> result: 98.78 96.49 -84.54 -8.78 91.02 0.00
[11:00:05.641] [ARM-RX] [57] <10.72 -19.40 -2.22> result: 99.09 96.77 -84.26 -9.09 91.01 0.00
[11:00:05.643] [ARM-RX] [58] <11.24 -20.35 -
[11:00:05.676] [ARM-RX] 2.32> result: 99.39 97.05 -83.96 -9.39 91.00 0.00
[11:00:05.676] [ARM-RX] [59] <11.78 -21.33 -2.44> result: 99.70 97.34 -83.66 -9.70 90.98 0.00
[11:00:05.676] [ARM-RX] [60] <12.33 -22.33 -2.55> result: 100.00 97.63 -83.35 -10.00 90.96 0.00
[11:00:05.677] [ARM-RX] [61] <12.90 -23.35 -2.67> result: 100.30 97.92 -83.02 -10.30
[11:00:05.699] [ARM-RX] 90.93 0.00
[11:00:05.699] [ARM-RX] [62] <13.48 -24.41 -2.79> result: 100.60 98.22 -82.69 -10.60 90.89 0.00
[11:00:05.699] [ARM-RX] [63] <14.08 -25.48 -2.91> result: 100.90 98.52 -82.35 -10.90 90.85 0.00
[11:00:05.699] [ARM-RX] [64] <14.69 -26.59 -3.04> result: 101.19 98.83 -82.00 -11.20 90.81 0.00
[11:00:05.701] [ARM-RX] [65] <15.31 -27.72 -3.17>
[11:00:05.722] [ARM-RX] result: 101.49 99.14 -81.64 -11.49 90.76 0.00
[11:00:05.722] [ARM-RX] [66] <15.95 -28.88 -3.30> result: 101.78 99.45 -81.27 -11.78 90.70 0.00
[11:00:05.723] [ARM-RX] [67] <16.61 -30.06 -3.43> result: 102.06 99.77 -80.89 -12.07 90.64 0.00
[11:00:05.723] [ARM-RX] [68] <17.27 -31.27 -3.57> result: 102.35 100.09 -80.50 -12.35
[11:00:05.746] [ARM-RX] 90.57 0.00
[11:00:05.746] [ARM-RX] [69] <17.95 -32.50 -3.71> result: 102.63 100.41 -80.10 -12.63 90.50 0.00
[11:00:05.747] [ARM-RX] [70] <18.65 -33.76 -3.86> result: 102.91 100.74 -79.70 -12.91 90.42 0.00
[11:00:05.747] [ARM-RX] [71] <19.36 -35.04 -4.00> result: 103.18 101.07 -79.28 -13.18 90.34 0.00
[11:00:05.747] [ARM-RX] [72] <20.08 -36.35 -4.
[11:00:05.769] [ARM-RX] 15> result: 103.45 101.40 -78.85 -13.45 90.24 0.00
[11:00:05.770] [ARM-RX] [73] <20.82 -37.68 -4.30> result: 103.71 101.73 -78.42 -13.71 90.15 0.00
[11:00:05.770] [ARM-RX] [74] <21.57 -39.04 -4.46> result: 103.97 102.07 -77.97 -13.97 90.04 0.00
[11:00:05.770] [ARM-RX] [75] <22.33 -40.42 -4.62> result: 104.23 102.41 -77.52 -
[11:00:05.792] [ARM-RX] 14.23 89.93 0.00
[11:00:05.793] [ARM-RX] [76] <23.11 -41.83 -4.78> result: 104.48 102.75 -77.06 -14.48 89.82 0.00
[11:00:05.793] [ARM-RX] [77] <23.90 -43.26 -4.94> result: 104.73 103.10 -76.58 -14.73 89.70 0.00
[11:00:05.793] [ARM-RX] [78] <24.70 -44.71 -5.11> result: 104.97 103.45 -76.10 -14.98 89.57 0.00
[11:00:05.793] [ARM-RX] [79] <25.51 -46.
[11:00:05.815] [ARM-RX] 18 -5.27> result: 105.21 103.80 -75.61 -15.21 89.43 0.00
[11:00:05.815] [ARM-RX] [80] <26.34 -47.68 -5.45> result: 105.45 104.15 -75.11 -15.45 89.29 0.00
[11:00:05.816] [ARM-RX] [81] <27.18 -49.20 -5.62> result: 105.68 104.51 -74.61 -15.68 89.15 0.00
[11:00:05.816] [ARM-RX] [82] <28.03 -50.75 -5.80> result: 105.91 104.87 -7
[11:00:05.849] [ARM-RX] 4.09 -15.91 89.00 0.00
[11:00:05.849] [ARM-RX] [83] <28.90 -52.31 -5.97> result: 106.13 105.23 -73.57 -16.13 88.84 0.00
[11:00:05.849] [ARM-RX] [84] <29.77 -53.90 -6.16> result: 106.34 105.59 -73.03 -16.35 88.68 0.00
[11:00:05.849] [ARM-RX] [85] <30.66 -55.50 -6.34> result: 106.56 105.95 -72.49 -16.56 88.51 0.00
[11:00:05.850] [ARM-RX] [86] <31.5
[11:00:05.872] [ARM-RX] 6 -57.13 -6.52> result: 106.77 106.32 -71.94 -16.77 88.33 0.00
[11:00:05.873] [ARM-RX] [87] <32.47 -58.78 -6.71> result: 106.97 106.69 -71.38 -16.98 88.15 0.00
[11:00:05.873] [ARM-RX] [88] <33.39 -60.44 -6.90> result: 107.17 107.06 -70.82 -17.18 87.97 0.00
[11:00:05.873] [ARM-RX] [89] <34.32 -62.13 -7.09> result: 107.36 107
[11:00:05.896] [ARM-RX] .43 -70.24 -17.38 87.78 0.00
[11:00:05.896] [ARM-RX] [90] <35.26 -63.83 -7.29> result: 107.56 107.80 -69.66 -17.57 87.58 0.00
[11:00:05.896] [ARM-RX] [91] <36.21 -65.55 -7.49> result: 107.74 108.18 -69.07 -17.76 87.38 0.00
[11:00:05.897] [ARM-RX] [92] <37.17 -67.29 -7.68> result: 107.92 108.56 -68.47 -17.95 87.17 0.00
[11:00:05.897] [ARM-RX] [93]
[11:00:05.919] [ARM-RX] <38.14 -69.05 -7.89> result: 108.10 108.94 -67.87 -18.13 86.96 0.00
[11:00:05.919] [ARM-RX] [94] <39.12 -70.82 -8.09> result: 108.28 109.32 -67.25 -18.31 86.75 0.00
[11:00:05.919] [ARM-RX] [95] <40.11 -72.61 -8.29> result: 108.45 109.70 -66.63 -18.48 86.53 0.00
[11:00:05.919] [ARM-RX] [96] <41.11 -74.41 -8.50> result: 108.
[11:00:05.942] [ARM-RX] 62 110.09 -66.01 -18.66 86.30 0.00
[11:00:05.942] [ARM-RX] [97] <42.11 -76.23 -8.71> result: 108.78 110.48 -65.37 -18.82 86.07 0.00
[11:00:05.943] [ARM-RX] [98] <43.13 -78.07 -8.92> result: 108.94 110.87 -64.73 -18.99 85.84 0.00
[11:00:05.943] [ARM-RX] [99] <44.15 -79.91 -9.13> result: 109.09 111.26 -64.08 -19.15 85.60 0.00
[11:00:05.965] [ARM-RX] [100] <45.17 -81.77 -9.34> result: 109.24 111.65 -63.43 -19.31 85.35 0.00
[11:00:05.966] [ARM-RX] [101] <46.21 -83.65 -9.55> result: 109.39 112.04 -62.77 -19.47 85.11 0.00
[11:00:05.966] [ARM-RX] [102] <47.25 -85.53 -9.77> result: 109.54 112.43 -62.11 -19.62 84.86 0.00
[11:00:05.966] [ARM-RX] [103] <48.30 -87.43 -9.98> re
[11:00:05.988] [ARM-RX] sult: 109.68 112.83 -61.43 -19.77 84.60 0.00
[11:00:05.988] [ARM-RX] [104] <49.35 -89.33 -10.20> result: 109.81 113.23 -60.76 -19.92 84.34 0.00
[11:00:05.989] [ARM-RX] [105] <50.41 -91.25 -10.42> result: 109.95 113.63 -60.07 -20.06 84.08 0.00
[11:00:05.989] [ARM-RX] [106] <51.47 -93.18 -10.64> result: 110.08 114.03 -59.38 -
[11:00:06.011] [ARM-RX] 20.20 83.81 0.00
[11:00:06.011] [ARM-RX] [107] <52.54 -95.11 -10.86> result: 110.21 114.43 -58.69 -20.34 83.54 0.00
[11:00:06.012] [ARM-RX] [108] <53.21 -96.32 -11.00> result: 110.29 114.68 -58.26 -20.43 83.37 0.00
[11:00:06.012] [ARM-RX] [109] <53.21 -96.32 -11.00> result: 110.29 114.68 -58.26 -20.43 83.37 0.00
[11:00:06.012] [ARM-RX] [110] <53.
[11:00:06.046] [ARM-RX] 21 -96.32 -11.00> result: 110.29 114.68 -58.26 -20.43 83.37 0.00
[11:00:06.047] [ARM-RX] [111] <53.21 -96.32 -11.00> result: 110.29 114.68 -58.26 -20.43 83.37 0.00
[11:00:06.047] [ARM-RX] [112] <53.21 -96.32 -11.00> result: 110.29 114.68 -58.26 -20.43 83.37 0.00
[11:00:06.047] [ARM-RX] [113] <53.21 -96.32 -11.00> result: 11
[11:00:06.069] [ARM-RX] 0.29 114.68 -58.26 -20.43 83.37 0.00
[11:00:06.070] [ARM-RX] [114] <53.21 -96.32 -11.00> result: 110.29 114.68 -58.26 -20.43 83.37 0.00
[11:00:06.070] [ARM-RX] [115] <53.21 -96.32 -11.00> result: 110.29 114.68 -58.26 -20.43 83.37 0.00
[11:00:06.071] [ARM-RX] [116] <53.21 -96.32 -11.00> result: 110.29 114.68 -58.26 -20.43 83
[11:00:06.092] [ARM-RX] .37 0.00
[11:00:06.093] [ARM-RX] [117] <53.21 -96.32 -11.00> result: 110.29 114.68 -58.26 -20.43 83.37 0.00
[11:00:06.093] [ARM-RX] [118] <53.21 -96.32 -11.00> result: 110.29 114.68 -58.26 -20.43 83.37 0.00
[11:00:06.093] [ARM-RX] [119] <53.21 -96.32 -11.00> result: 110.29 114.68 -58.26 -20.43 83.37 0.00
[11:00:06.093] [ARM-RX] [120] <53.21 -96.3
[11:00:06.114] [ARM-RX] 2 -11.00> result: 110.29 114.68 -58.26 -20.43 83.37 0.00
[11:00:06.116] [ARM-RX] [121] <53.21 -96.32 -11.00> result: 110.29 114.68 -58.26 -20.43 83.37 0.00
[11:00:06.116] [ARM-RX] [122] <53.21 -96.32 -11.00> result: 110.29 114.68 -58.26 -20.43 83.37 0.00
[11:00:06.116] [ARM-RX] [123] <53.21 -96.32 -11.00> result: 110.29 114
[11:00:06.140] [ARM-RX] .68 -58.26 -20.43 83.37 0.00
[11:00:06.140] [ARM-RX] [124] <53.21 -96.32 -11.00> result: 110.29 114.68 -58.26 -20.43 83.37 0.00
[11:00:06.140] [ARM-RX] [125] <53.21 -96.32 -11.00> result: 110.29 114.68 -58.26 -20.43 83.37 0.00
[11:00:06.140] [ARM-RX] [126] <53.21 -96.32 -11.00> result: 110.29 114.68 -58.26 -20.43 83.37 0.00
[11:00:06.166] [ARM-RX] [127] <53.21 -96.32 -11.00> result: 110.29 114.68 -58.26 -20.43 83.37 0.00
[11:00:06.167] [ARM-RX] [128] <53.21 -96.32 -11.00> result: 110.29 114.68 -58.26 -20.43 83.37 0.00
[11:00:06.167] [ARM-RX] [129] <53.21 -96.32 -11.00> result: 110.29 114.68 -58.26 -20.43 83.37 0.00
[11:00:06.167] [ARM-RX] [130] <53.21 -96.32 -11.00
[11:00:06.185] [ARM-RX] > result: 110.29 114.68 -58.26 -20.43 83.37 0.00
[11:00:06.185] [ARM-RX] [131] <53.21 -96.32 -11.00> result: 110.29 114.68 -58.26 -20.43 83.37 0.00
[11:00:06.186] [ARM-RX] [132] <53.21 -96.32 -11.00> result: 110.29 114.68 -58.26 -20.43 83.37 0.00
[11:00:06.186] [ARM-RX] [133] <53.21 -96.32 -11.00> result: 110.29 114.68 -58.
[11:00:06.218] [ARM-RX] 26 -20.43 83.37 0.00
[11:00:06.219] [ARM-RX] [134] <53.21 -96.32 -11.00> result: 110.29 114.68 -58.26 -20.43 83.37 0.00
[11:00:06.219] [ARM-RX] [135] <53.21 -96.32 -11.00> result: 110.29 114.68 -58.26 -20.43 83.37 0.00
[11:00:06.219] [ARM-RX] [136] <53.21 -96.32 -11.00> result: 110.29 114.68 -58.26 -20.43 83.37 0.00
[11:00:06.219] [ARM-RX] [137]
[11:00:06.242] [ARM-RX] <53.21 -96.32 -11.00> result: 110.29 114.68 -58.26 -20.43 83.37 0.00
[11:00:06.243] [ARM-RX] [138] <53.21 -96.32 -11.00> result: 110.29 114.68 -58.26 -20.43 83.37 0.00
[11:00:06.243] [ARM-RX] [139] <53.21 -96.32 -11.00> result: 110.29 114.68 -58.26 -20.43 83.37 0.00
[11:00:06.243] [ARM-RX] [140] <53.21 -96.32 -11.00> result
[11:00:06.267] [ARM-RX] : 110.29 114.68 -58.26 -20.43 83.37 0.00
[11:00:06.267] [ARM-RX] [141] <53.21 -96.32 -11.00> result: 110.29 114.68 -58.26 -20.43 83.37 0.00
[11:00:06.268] [ARM-RX] [142] <53.21 -96.32 -11.00> result: 110.29 114.68 -58.26 -20.43 83.37 0.00
[11:00:06.268] [ARM-RX] [143] <53.21 -96.32 -11.00> result: 110.29 114.68 -58.26 -20.4
[11:00:06.289] [ARM-RX] 3 83.37 0.00
[11:00:06.290] [ARM-RX] [144] <53.21 -96.32 -11.00> result: 110.29 114.68 -58.26 -20.43 83.37 0.00
[11:00:06.290] [ARM-RX] [145] <53.21 -96.32 -11.00> result: 110.29 114.68 -58.26 -20.43 83.37 0.00
[11:00:06.290] [ARM-RX] [146] <53.21 -96.32 -11.00> result: 110.29 114.68 -58.26 -20.43 83.37 0.00
[11:00:06.290] [ARM-RX] [147] <53.21 -
[11:00:06.315] [ARM-RX] 96.32 -11.00> result: 110.29 114.68 -58.26 -20.43 83.37 0.00
[11:00:06.315] [ARM-RX] [148] <53.21 -96.32 -11.00> result: 110.29 114.68 -58.26 -20.43 83.37 0.00
[11:00:06.315] [ARM-RX] [149] <53.21 -96.32 -11.00> result: 110.29 114.68 -58.26 -20.43 83.37 0.00
[11:00:06.316] [ARM-RX] [150] <53.21 -96.32 -11.00> result: 110.29
[11:00:06.335] [ARM-RX] 114.68 -58.26 -20.43 83.37 0.00
[11:00:06.335] [ARM-RX] [151] <53.21 -96.32 -11.00> result: 110.29 114.68 -58.26 -20.43 83.37 0.00
[11:00:06.336] [ARM-RX] [152] <53.21 -96.32 -11.00> result: 110.29 114.68 -58.26 -20.43 83.37 0.00
[11:00:06.336] [ARM-RX] [153] <53.21 -96.32 -11.00> result: 110.29 114.68 -58.26 -20.43 83.37
[11:00:06.360] [ARM-RX] 0.00
[11:00:06.361] [ARM-RX] [154] <53.21 -96.32 -11.00> result: 110.29 114.68 -58.26 -20.43 83.37 0.00
[11:00:06.361] [ARM-RX] [155] <53.21 -96.32 -11.00> result: 110.29 114.68 -58.26 -20.43 83.37 0.00
[11:00:06.361] [ARM-RX] [156] <53.21 -96.32 -11.00> result: 110.29 114.68 -58.26 -20.43 83.37 0.00
[11:00:06.361] [ARM-RX] [157] <53.21 -96.32 -1
[11:00:06.381] [ARM-RX] 1.00> result: 110.29 114.68 -58.26 -20.43 83.37 0.00
[11:00:06.381] [ARM-RX] [158] <53.21 -96.32 -11.00> result: 110.29 114.68 -58.26 -20.43 83.37 0.00
[11:00:06.382] [ARM-RX] [159] <53.21 -96.32 -11.00> result: 110.29 114.68 -58.26 -20.43 83.37 0.00
[11:00:06.382] [ARM-RX] [160] <53.21 -96.32 -11.00> result: 110.29 114.68
[11:00:06.416] [ARM-RX] -58.26 -20.43 83.37 0.00
[11:00:06.417] [ARM-RX] [161] <53.21 -96.32 -11.00> result: 110.29 114.68 -58.26 -20.43 83.37 0.00
[11:00:06.417] [ARM-RX] [162] <53.21 -96.32 -11.00> result: 110.29 114.68 -58.26 -20.43 83.37 0.00
[11:00:06.417] [ARM-RX] [163] <53.21 -96.32 -11.00> result: 110.29 114.68 -58.26 -20.43 83.37 0.00
[11:00:06.417] [ARM-RX] [1
[11:00:06.439] [ARM-RX] 64] <53.21 -96.32 -11.00> result: 110.29 114.68 -58.26 -20.43 83.37 0.00
[11:00:06.439] [ARM-RX] [165] <53.21 -96.32 -11.00> result: 110.29 114.68 -58.26 -20.43 83.37 0.00
[11:00:06.439] [ARM-RX] [166] <53.21 -96.32 -11.00> result: 110.29 114.68 -58.26 -20.43 83.37 0.00
[11:00:06.439] [ARM-RX] [167] <53.21 -96.32 -11.00> re
[11:00:06.464] [ARM-RX] sult: 110.29 114.68 -58.26 -20.43 83.37 0.00
[11:00:06.464] [ARM-RX] [168] <53.21 -96.32 -11.00> result: 110.29 114.68 -58.26 -20.43 83.37 0.00
[11:00:06.465] [ARM-RX] [169] <53.21 -96.32 -11.00> result: 110.29 114.68 -58.26 -20.43 83.37 0.00
[11:00:06.465] [ARM-RX] [170] <53.21 -96.32 -11.00> result: 110.29 114.68 -58.26 -
[11:00:06.485] [ARM-RX] 20.43 83.37 0.00
[11:00:06.486] [ARM-RX] [171] <53.21 -96.32 -11.00> result: 110.29 114.68 -58.26 -20.43 83.37 0.00
[11:00:06.486] [ARM-RX] [172] <53.21 -96.32 -11.00> result: 110.29 114.68 -58.26 -20.43 83.37 0.00
[11:00:06.486] [ARM-RX] [173] <53.21 -96.32 -11.00> result: 110.29 114.68 -58.26 -20.43 83.37 0.00
[11:00:06.486] [ARM-RX] [174] <53.
[11:00:06.509] [ARM-RX] 21 -96.32 -11.00> result: 110.29 114.68 -58.26 -20.43 83.37 0.00
[11:00:06.510] [ARM-RX] [175] <53.21 -96.32 -11.00> result: 110.29 114.68 -58.26 -20.43 83.37 0.00
[11:00:06.510] [ARM-RX] [176] <53.21 -96.32 -11.00> result: 110.29 114.68 -58.26 -20.43 83.37 0.00
[11:00:06.510] [ARM-RX] [177] <53.21 -96.32 -11.00> result: 11
[11:00:06.536] [ARM-RX] 0.29 114.68 -58.26 -20.43 83.37 0.00
[11:00:06.537] [ARM-RX] [178] <53.21 -96.32 -11.00> result: 110.29 114.68 -58.26 -20.43 83.37 0.00
[11:00:06.537] [ARM-RX] [179] <53.21 -96.32 -11.00> result: 110.29 114.68 -58.26 -20.43 83.37 0.00
[11:00:06.537] [ARM-RX] [180] <53.21 -96.32 -11.00> result: 110.29 114.68 -58.26 -20.43 83
[11:00:06.557] [ARM-RX] .37 0.00
[11:00:06.557] [ARM-RX] [181] <53.21 -96.32 -11.00> result: 110.29 114.68 -58.26 -20.43 83.37 0.00
[11:00:06.557] [ARM-RX] [182] <53.21 -96.32 -11.00> result: 110.29 114.68 -58.26 -20.43 83.37 0.00
[11:00:06.557] [ARM-RX] [183] <53.21 -96.32 -11.00> result: 110.29 114.68 -58.26 -20.43 83.37 0.00
[11:00:06.558] [ARM-RX] [184] <53.21 -96.3
[11:00:06.590] [ARM-RX] 2 -11.00> result: 110.29 114.68 -58.26 -20.43 83.37 0.00
[11:00:06.590] [ARM-RX] [185] <53.21 -96.32 -11.00> result: 110.29 114.68 -58.26 -20.43 83.37 0.00
[11:00:06.590] [ARM-RX] [186] <53.21 -96.32 -11.00> result: 110.29 114.68 -58.26 -20.43 83.37 0.00
[11:00:06.591] [ARM-RX] [187] <53.21 -96.32 -11.00> result: 110.29 114
[11:00:06.615] [ARM-RX] .68 -58.26 -20.43 83.37 0.00
[11:00:06.615] [ARM-RX] [188] <53.21 -96.32 -11.00> result: 110.29 114.68 -58.26 -20.43 83.37 0.00
[11:00:06.615] [ARM-RX] [189] <53.21 -96.32 -11.00> result: 110.29 114.68 -58.26 -20.43 83.37 0.00
[11:00:06.616] [ARM-RX] [190] <53.21 -96.32 -11.00> result: 110.29 114.68 -58.26 -20.43 83.37 0.00
[11:00:06.635] [ARM-RX] [191] <53.21 -96.32 -11.00> result: 110.29 114.68 -58.26 -20.43 83.37 0.00
[11:00:06.637] [ARM-RX] [192] <53.21 -96.32 -11.00> result: 110.29 114.68 -58.26 -20.43 83.37 0.00
[11:00:06.640] [ARM-RX] [193] <53.21 -96.32 -11.00> result: 110.29 114.68 -58.26 -20.43 83.37 0.00
[11:00:06.640] [ARM-RX] [194] <53.21 -96.32 -11.00
[11:00:06.659] [ARM-RX] > result: 110.29 114.68 -58.26 -20.43 83.37 0.00
[11:00:06.659] [ARM-RX] [195] <53.21 -96.32 -11.00> result: 110.29 114.68 -58.26 -20.43 83.37 0.00
[11:00:06.659] [ARM-RX] [196] <53.21 -96.32 -11.00> result: 110.29 114.68 -58.26 -20.43 83.37 0.00
[11:00:06.659] [ARM-RX] [197] <53.21 -96.32 -11.00> result: 110.29 114.68 -58.
[11:00:06.683] [ARM-RX] 26 -20.43 83.37 0.00
[11:00:06.683] [ARM-RX] [198] <53.21 -96.32 -11.00> result: 110.29 114.68 -58.26 -20.43 83.37 0.00
[11:00:06.684] [ARM-RX] [199] <53.21 -96.32 -11.00> result: 110.29 114.68 -58.26 -20.43 83.37 0.00
[11:00:06.684] [ARM-RX] [200] <53.21 -96.32 -11.00> result: 110.29 114.68 -58.26 -20.43 83.37 0.00
[11:00:06.684] [ARM-RX] [201]
[11:00:06.705] [ARM-RX] <53.21 -96.32 -11.00> result: 110.29 114.68 -58.26 -20.43 83.37 0.00
[11:00:06.705] [ARM-RX] [202] <53.21 -96.32 -11.00> result: 110.29 114.68 -58.26 -20.43 83.37 0.00
[11:00:06.706] [ARM-RX] [203] <53.21 -96.32 -11.00> result: 110.29 114.68 -58.26 -20.43 83.37 0.00
[11:00:06.706] [ARM-RX] [204] <53.21 -96.32 -11.00> result
[11:00:06.732] [ARM-RX] : 110.29 114.68 -58.26 -20.43 83.37 0.00
[11:00:06.732] [ARM-RX] [205] <53.21 -96.32 -11.00> result: 110.29 114.68 -58.26 -20.43 83.37 0.00
[11:00:06.732] [ARM-RX] [206] <53.21 -96.32 -11.00> result: 110.29 114.68 -58.26 -20.43 83.37 0.00
[11:00:06.732] [ARM-RX] [207] <53.21 -96.32 -11.00> result: 110.29 114.68 -58.26 -20.4
[11:00:06.751] [ARM-RX] 3 83.37 0.00
[11:00:06.751] [ARM-RX] [208] <53.21 -96.32 -11.00> result: 110.29 114.68 -58.26 -20.43 83.37 0.00
[11:00:06.751] [ARM-RX] [209] <53.21 -96.32 -11.00> result: 110.29 114.68 -58.26 -20.43 83.37 0.00
[11:00:06.752] [ARM-RX] [210] <53.21 -96.32 -11.00> result: 110.29 114.68 -58.26 -20.43 83.37 0.00
[11:00:06.752] [ARM-RX] [211] <53.21 -
[11:00:06.786] [ARM-RX] 96.32 -11.00> result: 110.29 114.68 -58.26 -20.43 83.37 0.00
[11:00:06.787] [ARM-RX] [212] <53.21 -96.32 -11.00> result: 110.29 114.68 -58.26 -20.43 83.37 0.00
[11:00:06.787] [ARM-RX] [213] <53.21 -96.32 -11.00> result: 110.29 114.68 -58.26 -20.43 83.37 0.00
[11:00:06.787] [ARM-RX] [214] <53.21 -96.32 -11.00> result: 110.29
[11:00:06.809] [ARM-RX] 114.68 -58.26 -20.43 83.37 0.00
[11:00:06.810] [ARM-RX] [215] <53.21 -96.32 -11.00> result: 110.29 114.68 -58.26 -20.43 83.37 0.00
[11:00:06.810] [ARM-RX] [216] <53.21 -96.32 -11.00> result: 110.29 114.68 -58.26 -20.43 83.37 0.00
[11:00:06.810] [ARM-RX] [217] <53.21 -96.32 -11.00> result: 110.29 114.68 -58.26 -20.43 83.37
[11:00:06.831] [ARM-RX] 0.00
[11:00:06.833] [ARM-RX] [218] <53.21 -96.32 -11.00> result: 110.29 114.68 -58.26 -20.43 83.37 0.00
[11:00:06.833] [ARM-RX] [219] <53.21 -96.32 -11.00> result: 110.29 114.68 -58.26 -20.43 83.37 0.00
[11:00:06.833] [ARM-RX] [220] <53.21 -96.32 -11.00> result: 110.29 114.68 -58.26 -20.43 83.37 0.00
[11:00:06.833] [ARM-RX] [221] <53.21 -96.32 -1
[11:00:06.855] [ARM-RX] 1.00> result: 110.29 114.68 -58.26 -20.43 83.37 0.00
[11:00:06.855] [ARM-RX] [222] <53.21 -96.32 -11.00> result: 110.29 114.68 -58.26 -20.43 83.37 0.00
[11:00:06.855] [ARM-RX] [223] <53.21 -96.32 -11.00> result: 110.29 114.68 -58.26 -20.43 83.37 0.00
[11:00:06.855] [ARM-RX] [224] <53.21 -96.32 -11.00> result: 110.29 114.68
[11:00:06.878] [ARM-RX] -58.26 -20.43 83.37 0.00
[11:00:06.879] [ARM-RX] [225] <53.21 -96.32 -11.00> result: 110.29 114.68 -58.26 -20.43 83.37 0.00
[11:00:06.879] [ARM-RX] [226] <53.21 -96.32 -11.00> result: 110.29 114.68 -58.26 -20.43 83.37 0.00
[11:00:06.879] [ARM-RX] [227] <53.21 -96.32 -11.00> result: 110.29 114.68 -58.26 -20.43 83.37 0.00
[11:00:06.879] [ARM-RX] [2
[11:00:06.902] [ARM-RX] 28] <53.21 -96.32 -11.00> result: 110.29 114.68 -58.26 -20.43 83.37 0.00
[11:00:06.904] [ARM-RX] [229] <53.21 -96.32 -11.00> result: 110.29 114.68 -58.26 -20.43 83.37 0.00
[11:00:06.904] [ARM-RX] [230] <53.21 -96.32 -11.00> result: 110.29 114.68 -58.26 -20.43 83.37 0.00
[11:00:06.904] [ARM-RX] [231] <53.21 -96.32 -11.00> re
[11:00:06.925] [ARM-RX] sult: 110.29 114.68 -58.26 -20.43 83.37 0.00
[11:00:06.925] [ARM-RX] [232] <53.21 -96.32 -11.00> result: 110.29 114.68 -58.26 -20.43 83.37 0.00
[11:00:06.925] [ARM-RX] [233] <53.21 -96.32 -11.00> result: 110.29 114.68 -58.26 -20.43 83.37 0.00
[11:00:06.926] [ARM-RX] [234] <53.21 -96.32 -11.00> result: 110.29 114.68 -58.26 -
[11:00:06.959] [ARM-RX] 20.43 83.37 0.00
[11:00:06.960] [ARM-RX] [235] <53.21 -96.32 -11.00> result: 110.29 114.68 -58.26 -20.43 83.37 0.00
[11:00:06.960] [ARM-RX] [236] <53.21 -96.32 -11.00> result: 110.29 114.68 -58.26 -20.43 83.37 0.00
[11:00:06.960] [ARM-RX] [237] <53.21 -96.32 -11.00> result: 110.29 114.68 -58.26 -20.43 83.37 0.00
[11:00:06.960] [ARM-RX] [238] <53.
[11:00:07.024] [ARM-RX] 21 -96.32 -11.00> result: 110.29 114.68 -58.26 -20.43 83.37 0.00
[11:00:07.024] [ARM-RX] [239] <53.21 -96.32 -11.00> result: 110.29 114.68 -58.26 -20.43 83.37 0.00
[11:00:09.520] [ARM-RX] [joint 1] ave_error:1.69
[11:00:09.520] [ARM-RX] [joint 2] ave_error:5.87
[11:00:09.520] [ARM-RX] [joint 3] ave_error:5.63
[11:00:09.520] [ARM-RX] [joint 4] ave_error:3.02
[11:00:09.521] [ARM-RX] [joint 5] ave_error:0.58
[11:00:09.521] [ARM-RX] robot pid run finished!!
[11:00:10.327] [ARM-RX] AUTO final confirm failed: joint 1 err=8.09deg tol=3.00, pose invalid.
[11:00:10.327] [ARM-RX] J1 cur=110.33 target=110.29 err=-0.04
[11:00:10.328] [ARM-RX] J2 cu
[11:00:10.390] [ARM-RX] r=122.77 target=114.68 err=-8.09
[11:00:10.391] [ARM-RX] J3 cur=-51.43 target=-58.26 err=-6.83
[11:00:10.392] [ARM-RX] J4 cur=-21.81 target=-20.43 err=1.38
[11:00:10.392] [ARM-RX] J5 cur=83.23 target=83.37 err=0.14
[11:00:28.119] [ARM-TX] 发送命令 abs_rotate 0 0: abs_rotate 0 0
[11:00:28.198] [ARM-RX] Found handler for 'abs_rotate', executing...
[11:00:28.198] [ARM-RX] [joint_id: 0] ROBOT_JOINT_ABS_ROTATE 0.000000
[11:00:49.689] [ARM-TX] 发送命令 soft_reset: soft_reset
[11:00:49.846] [ARM-RX] Found handler for 'soft_reset', executing...
[11:00:49.846] [ARM-RX] ROBOT_SOFT_RESET_EVENT
[11:00:49.846] [ARM-RX] --- Starting soft reset ---
[11:00:50.030] [ARM-RX] Soft reset motors enabled (J1~J5, J6 skipped).
[11:00:50.030] [ARM-RX] Soft resetting joint 4...
[11:00:50.030] [ARM-RX] robot_update_current_angle 4...
[11:00:50.030] [ARM-RX] [4] current:83.23, target:90.00, dir:1
[11:00:50.836] [ARM-RX] Soft resetting joint 3...
[11:00:50.897] [ARM-RX] robot_update_current_angle 3...
[11:00:50.897] [ARM-RX] [3] current:-21.82, target:0.00, dir:1
[11:00:52.683] [ARM-RX] soft reset joint 3 settle timeout, keep going
[11:00:52.683] [ARM-RX] Soft resetting joint 1...
[11:00:52.683] [ARM-RX] robot_update_current_angle 1...
[11:00:52.683] [ARM-RX] [1] current:122.76, target:90.00, dir:-1
[11:00:54.721] [ARM-RX] soft reset joint 1 settle timeout, keep going
[11:00:54.721] [ARM-RX] Soft resetting joint 2...
[11:00:54.721] [ARM-RX] robot_update_current_angle 2...
[11:00:54.722] [ARM-RX] [2] current:-51.43, target:-90.00, dir:-1
[11:00:56.828] [ARM-RX] soft reset joint 2 settle timeout, keep going
[11:00:56.828] [ARM-RX] Soft resetting joint 0...
[11:00:56.828] [ARM-RX] robot_update_current_angle 0...
[11:00:56.830] [ARM-RX] [0] current:360.00, target:90.00, dir:1
[11:01:01.539] [ARM-RX] soft reset final verify PASS (issues:3), pose set HOME.
[11:01:03.881] [ARM-TX] 发送命令 circle 8000 5: circle 8000 5
[11:01:03.933] [ARM-RX] Found handler for 'circle', executing...
[11:01:03.933] [ARM-RX] time_func 8000 ms radius 5.0 mm
[11:01:03.934] [ARM-RX] ROBOT_TIME_FUNC_EVENT
[11:01:03.934] [ARM-RX] [0] <0.00 0.00 0.00> result: 90.00 90.00 -90.00 0.00 90.00 0.00
[11:01:03.934] [ARM-RX] [1] <0.00 -0.70 0.00> result: 90.00 90.20 -89.80 0.00 90.00 0.00
[11:01:03.934] [ARM-RX] [2] <0.00 -1.40 0.00> result:
[11:01:03.960] [ARM-RX] 90.00 90.40 -89.60 0.00 89.99 0.00
[11:01:03.960] [ARM-RX] [3] <0.00 -2.10 0.00> result: 90.00 90.59 -89.40 0.00 89.99 0.00
[11:01:03.961] [ARM-RX] [4] <0.00 -2.80 0.00> result: 90.00 90.78 -89.20 0.00 89.98 0.00
[11:01:03.961] [ARM-RX] [5] <0.00 -3.50 0.00> result: 90.00 90.97 -88.99 0.00 89.97 0.00
[11:01:03.961] [ARM-RX] [6] <0.00 -4.20 0.00>
[11:01:03.981] [ARM-RX] result: 90.00 91.16 -88.79 0.00 89.95 0.00
[11:01:03.981] [ARM-RX] [7] <0.00 -4.90 0.00> result: 90.00 91.34 -88.59 0.00 89.93 0.00
[11:01:03.981] [ARM-RX] [8] <0.00 -5.60 0.00> result: 90.00 91.53 -88.39 0.00 89.91 0.00
[11:01:03.981] [ARM-RX] [9] <0.00 -6.30 0.00> result: 90.00 91.71 -88.19 0.00 89.89 0.00
[11:01:03.982] [ARM-RX] [10] <0.00 -7
[11:01:04.002] [ARM-RX] .00 0.00> result: 90.00 91.89 -87.98 0.00 89.87 0.00
[11:01:04.002] [ARM-RX] [11] <0.00 -7.70 0.00> result: 90.00 92.06 -87.78 0.00 89.84 0.00
[11:01:04.002] [ARM-RX] [12] <0.00 -8.40 0.00> result: 90.00 92.24 -87.58 0.00 89.82 0.00
[11:01:04.003] [ARM-RX] [13] <0.00 -9.10 0.00> result: 90.00 92.41 -87.38 0.00 89.79 0.00
[11:01:04.003] [ARM-RX] [
[11:01:04.025] [ARM-RX] 14] <0.00 -9.80 0.00> result: 90.00 92.58 -87.17 0.00 89.76 0.00
[11:01:04.025] [ARM-RX] [15] <0.00 -10.50 0.00> result: 90.00 92.76 -86.97 0.00 89.72 0.00
[11:01:04.025] [ARM-RX] [16] <0.00 -11.20 0.00> result: 90.00 92.92 -86.77 0.00 89.69 0.00
[11:01:04.026] [ARM-RX] [17] <0.00 -11.90 0.00> result: 90.00 93.09 -86.56 0.0
[11:01:04.047] [ARM-RX] 0 89.65 0.00
[11:01:04.048] [ARM-RX] [18] <0.00 -12.60 0.00> result: 90.00 93.26 -86.36 0.00 89.62 0.00
[11:01:04.048] [ARM-RX] [19] <0.00 -13.30 0.00> result: 90.00 93.42 -86.15 0.00 89.58 0.00
[11:01:04.048] [ARM-RX] [20] <0.00 -14.00 0.00> result: 90.00 93.59 -85.95 0.00 89.54 0.00
[11:01:04.048] [ARM-RX] [21] <0.00 -14.70 0.00> result: 90.00
[11:01:04.081] [ARM-RX] 93.75 -85.75 0.00 89.49 0.00
[11:01:04.081] [ARM-RX] [22] <0.00 -15.40 0.00> result: 90.00 93.91 -85.54 0.00 89.45 0.00
[11:01:04.081] [ARM-RX] [23] <0.00 -16.10 0.00> result: 90.00 94.07 -85.34 0.00 89.41 0.00
[11:01:04.083] [ARM-RX] [24] <0.00 -16.80 0.00> result: 90.00 94.23 -85.13 0.00 89.36 0.00
[11:01:04.083] [ARM-RX] [25] <0.00 -17.50 0.00
[11:01:04.107] [ARM-RX] > result: 90.00 94.38 -84.93 0.00 89.31 0.00
[11:01:04.107] [ARM-RX] [26] <0.00 -18.20 0.00> result: 90.00 94.54 -84.72 0.00 89.26 0.00
[11:01:04.107] [ARM-RX] [27] <0.00 -18.90 0.00> result: 90.00 94.70 -84.52 0.00 89.21 0.00
[11:01:04.108] [ARM-RX] [28] <0.00 -19.60 0.00> result: 90.00 94.85 -84.31 0.00 89.16 0.00
[11:01:04.108] [ARM-RX] [29] <
[11:01:04.128] [ARM-RX] 0.00 -20.30 0.00> result: 90.00 95.00 -84.11 0.00 89.11 0.00
[11:01:04.132] [ARM-RX] [30] <0.00 -21.00 0.00> result: 90.00 95.15 -83.90 0.00 89.06 0.00
[11:01:04.133] [ARM-RX] [31] <0.00 -21.70 0.00> result: 90.00 95.31 -83.70 0.00 89.00 0.00
[11:01:04.133] [ARM-RX] [32] <0.00 -22.40 0.00> result: 90.00 95.46 -83.49 0.00 88
[11:01:04.150] [ARM-RX] .95 0.00
[11:01:04.150] [ARM-RX] [33] <0.00 -23.10 0.00> result: 90.00 95.61 -83.28 0.00 88.89 0.00
[11:01:04.151] [ARM-RX] [34] <0.00 -23.80 0.00> result: 90.00 95.75 -83.08 0.00 88.83 0.00
[11:01:04.151] [ARM-RX] [35] <0.00 -24.50 0.00> result: 90.00 95.90 -82.87 0.00 88.78 0.00
[11:01:04.151] [ARM-RX] [36] <0.00 -25.20 0.00> result: 90.00 96.0
[11:01:04.173] [ARM-RX] 5 -82.67 0.00 88.72 0.00
[11:01:04.174] [ARM-RX] [37] <0.00 -25.90 0.00> result: 90.00 96.20 -82.46 0.00 88.66 0.00
[11:01:04.174] [ARM-RX] [38] <0.00 -26.60 0.00> result: 90.00 96.34 -82.25 0.00 88.59 0.00
[11:01:04.174] [ARM-RX] [39] <0.00 -27.30 0.00> result: 90.00 96.49 -82.05 0.00 88.53 0.00
[11:01:04.174] [ARM-RX] [40] <0.00 -28.00 0.00> re
[11:01:04.197] [ARM-RX] sult: 90.00 96.63 -81.84 0.00 88.47 0.00
[11:01:04.197] [ARM-RX] [41] <0.00 -28.70 0.00> result: 90.00 96.77 -81.63 0.00 88.41 0.00
[11:01:04.197] [ARM-RX] [42] <0.00 -29.40 0.00> result: 90.00 96.92 -81.43 0.00 88.34 0.00
[11:01:04.197] [ARM-RX] [43] <0.00 -30.10 0.00> result: 90.00 97.06 -81.22 0.00 88.28 0.00
[11:01:04.198] [ARM-RX] [44] <0.00
[11:01:04.219] [ARM-RX] -30.80 0.00> result: 90.00 97.20 -81.01 0.00 88.21 0.00
[11:01:04.219] [ARM-RX] [45] <0.00 -31.50 0.00> result: 90.00 97.34 -80.80 0.00 88.14 0.00
[11:01:04.220] [ARM-RX] [46] <0.00 -32.20 0.00> result: 90.00 97.48 -80.60 0.00 88.08 0.00
[11:01:04.220] [ARM-RX] [47] <0.00 -32.90 0.00> result: 90.00 97.62 -80.39 0.00 88.01
[11:01:04.254] [ARM-RX] 0.00
[11:01:04.254] [ARM-RX] [48] <0.00 -33.60 0.00> result: 90.00 97.76 -80.18 0.00 87.94 0.00
[11:01:04.254] [ARM-RX] [49] <0.00 -34.30 0.00> result: 90.00 97.90 -79.97 0.00 87.87 0.00
[11:01:04.255] [ARM-RX] [50] <0.00 -35.00 0.00> result: 90.00 98.04 -79.77 0.00 87.80 0.00
[11:01:04.255] [ARM-RX] [51] <0.00 -35.70 0.00> result: 90.00 98.17 -7
[11:01:04.281] [ARM-RX] 9.56 0.00 87.73 0.00
[11:01:04.281] [ARM-RX] [52] <0.00 -36.40 0.00> result: 90.00 98.31 -79.35 0.00 87.66 0.00
[11:01:04.281] [ARM-RX] [53] <0.00 -37.10 0.00> result: 90.00 98.45 -79.14 0.00 87.59 0.00
[11:01:04.281] [ARM-RX] [54] <0.00 -37.80 0.00> result: 90.00 98.58 -78.93 0.00 87.51 0.00
[11:01:04.282] [ARM-RX] [55] <0.00 -38.50 0.00> result
[11:01:04.299] [ARM-RX] : 90.00 98.72 -78.72 0.00 87.44 0.00
[11:01:04.299] [ARM-RX] [56] <0.00 -39.20 0.00> result: 90.00 98.85 -78.52 0.00 87.37 0.00
[11:01:04.299] [ARM-RX] [57] <0.00 -39.90 0.00> result: 90.00 98.99 -78.31 0.00 87.29 0.00
[11:01:04.299] [ARM-RX] [58] <0.00 -40.60 0.00> result: 90.00 99.12 -78.10 0.00 87.22 0.00
[11:01:04.299] [ARM-RX] [59] <0.00 -41
[11:01:04.322] [ARM-RX] .30 0.00> result: 90.00 99.25 -77.89 0.00 87.14 0.00
[11:01:04.322] [ARM-RX] [60] <0.00 -42.00 0.00> result: 90.00 99.39 -77.68 0.00 87.07 0.00
[11:01:04.322] [ARM-RX] [61] <0.00 -42.70 0.00> result: 90.00 99.52 -77.47 0.00 86.99 0.00
[11:01:04.322] [ARM-RX] [62] <0.00 -43.40 0.00> result: 90.00 99.65 -77.26 0.00 86.91 0.00
[11:01:04.344] [ARM-RX] [63] <0.00 -44.10 0.00> result: 90.00 99.79 -77.05 0.00 86.84 0.00
[11:01:04.345] [ARM-RX] [64] <0.00 -44.80 0.00> result: 90.00 99.92 -76.84 0.00 86.76 0.00
[11:01:04.345] [ARM-RX] [65] <0.00 -45.50 0.00> result: 90.00 100.05 -76.63 0.00 86.68 0.00
[11:01:04.345] [ARM-RX] [66] <0.00 -46.20 0.00> result: 90.00 100.18 -76.
[11:01:04.367] [ARM-RX] 42 0.00 86.60 0.00
[11:01:04.367] [ARM-RX] [67] <0.00 -46.90 0.00> result: 90.00 100.31 -76.21 0.00 86.52 0.00
[11:01:04.368] [ARM-RX] [68] <0.00 -47.60 0.00> result: 90.00 100.44 -76.00 0.00 86.44 0.00
[11:01:04.368] [ARM-RX] [69] <0.00 -48.30 0.00> result: 90.00 100.57 -75.79 0.00 86.36 0.00
[11:01:04.368] [ARM-RX] [70] <0.00 -49.00 0.00> resul
[11:01:04.394] [ARM-RX] t: 90.00 100.70 -75.58 0.00 86.28 0.00
[11:01:04.394] [ARM-RX] [71] <0.00 -49.70 0.00> result: 90.00 100.83 -75.37 0.00 86.20 0.00
[11:01:04.395] [ARM-RX] [72] <0.00 -50.40 0.00> result: 90.00 100.96 -75.16 0.00 86.12 0.00
[11:01:04.395] [ARM-RX] [73] <0.00 -51.10 0.00> result: 90.00 101.09 -74.95 0.00 86.04 0.00
[11:01:04.395] [ARM-RX] [74] <0.0
[11:01:04.415] [ARM-RX] 0 -51.80 0.00> result: 90.00 101.22 -74.74 0.00 85.95 0.00
[11:01:04.415] [ARM-RX] [75] <0.00 -52.50 0.00> result: 90.00 101.34 -74.53 0.00 85.87 0.00
[11:01:04.416] [ARM-RX] [76] <0.00 -53.20 0.00> result: 90.00 101.47 -74.32 0.00 85.79 0.00
[11:01:04.416] [ARM-RX] [77] <0.00 -53.90 0.00> result: 90.00 101.60 -74.10 0.00 8
[11:01:04.448] [ARM-RX] 5.71 0.00
[11:01:04.448] [ARM-RX] [78] <0.00 -54.60 0.00> result: 90.00 101.73 -73.89 0.00 85.62 0.00
[11:01:04.448] [ARM-RX] [79] <0.00 -55.30 0.00> result: 90.00 101.85 -73.68 0.00 85.54 0.00
[11:01:04.449] [ARM-RX] [80] <0.00 -56.00 0.00> result: 90.00 101.98 -73.47 0.00 85.45 0.00
[11:01:04.449] [ARM-RX] [81] <0.00 -56.70 0.00> result: 90.00
[11:01:04.476] [ARM-RX] 102.11 -73.26 0.00 85.37 0.00
[11:01:04.476] [ARM-RX] [82] <0.00 -57.40 0.00> result: 90.00 102.24 -73.05 0.00 85.28 0.00
[11:01:04.477] [ARM-RX] [83] <0.00 -58.10 0.00> result: 90.00 102.36 -72.83 0.00 85.20 0.00
[11:01:04.477] [ARM-RX] [84] <0.00 -58.80 0.00> result: 90.00 102.49 -72.62 0.00 85.11 0.00
[11:01:04.477] [ARM-RX] [85] <0.00 -59.50
[11:01:04.498] [ARM-RX] 0.00> result: 90.00 102.61 -72.41 0.00 85.02 0.00
[11:01:04.498] [ARM-RX] [86] <0.00 -60.20 0.00> result: 90.00 102.74 -72.20 0.00 84.94 0.00
[11:01:04.498] [ARM-RX] [87] <0.00 -60.90 0.00> result: 90.00 102.86 -71.98 0.00 84.85 0.00
[11:01:04.499] [ARM-RX] [88] <0.00 -61.60 0.00> result: 90.00 102.99 -71.77 0.00 84.76 0.00
[11:01:04.517] [ARM-RX] [89] <0.00 -62.30 0.00> result: 90.00 103.12 -71.56 0.00 84.67 0.00
[11:01:04.517] [ARM-RX] [90] <0.00 -63.00 0.00> result: 90.00 103.24 -71.35 0.00 84.59 0.00
[11:01:04.517] [ARM-RX] [91] <0.00 -63.70 0.00> result: 90.00 103.36 -71.13 0.00 84.50 0.00
[11:01:04.518] [ARM-RX] [92] <0.00 -64.40 0.00> result: 90.00 103.49 -7
[11:01:04.539] [ARM-RX] 0.92 0.00 84.41 0.00
[11:01:04.539] [ARM-RX] [93] <0.00 -65.10 0.00> result: 90.00 103.61 -70.71 0.00 84.32 0.00
[11:01:04.539] [ARM-RX] [94] <0.00 -65.80 0.00> result: 90.00 103.74 -70.49 0.00 84.23 0.00
[11:01:04.539] [ARM-RX] [95] <0.00 -66.50 0.00> result: 90.00 103.86 -70.28 0.00 84.14 0.00
[11:01:04.539] [ARM-RX] [96] <0.00 -67.20 0.00> res
[11:01:04.561] [ARM-RX] ult: 90.00 103.99 -70.07 0.00 84.05 0.00
[11:01:04.561] [ARM-RX] [97] <0.00 -67.90 0.00> result: 90.00 104.11 -69.85 0.00 83.96 0.00
[11:01:04.562] [ARM-RX] [98] <0.00 -68.60 0.00> result: 90.00 104.23 -69.64 0.00 83.87 0.00
[11:01:04.562] [ARM-RX] [99] <0.00 -69.30 0.00> result: 90.00 104.36 -69.42 0.00 83.78 0.00
[11:01:04.562] [ARM-RX] [100] <
[11:01:04.585] [ARM-RX] 0.00 -70.00 0.00> result: 90.00 104.48 -69.21 0.00 83.69 0.00
[11:01:04.585] [ARM-RX] [101] <0.06 -70.00 0.00> result: 90.03 104.48 -69.21 -0.03 83.69 0.00
[11:01:04.585] [ARM-RX] [102] <0.13 -70.00 0.00> result: 90.06 104.48 -69.21 -0.06 83.69 0.00
[11:01:04.585] [ARM-RX] [103] <0.19 -70.00 0.00> result: 90.09 104.48 -69.2
[11:01:04.620] [ARM-RX] 1 -0.09 83.69 0.00
[11:01:04.621] [ARM-RX] [104] <0.25 -70.00 0.01> result: 90.12 104.48 -69.21 -0.12 83.69 0.00
[11:01:04.621] [ARM-RX] [105] <0.31 -70.00 0.01> result: 90.15 104.48 -69.21 -0.15 83.68 0.00
[11:01:04.621] [ARM-RX] [106] <0.38 -70.00 0.01> result: 90.18 104.47 -69.21 -0.18 83.68 0.00
[11:01:04.621] [ARM-RX] [107] <0.44 -70.00 0.02
[11:01:04.643] [ARM-RX] > result: 90.21 104.47 -69.21 -0.22 83.68 0.00
[11:01:04.644] [ARM-RX] [108] <0.50 -70.00 0.03> result: 90.24 104.47 -69.21 -0.25 83.68 0.00
[11:01:04.644] [ARM-RX] [109] <0.56 -70.00 0.03> result: 90.27 104.47 -69.21 -0.28 83.67 0.00
[11:01:04.644] [ARM-RX] [110] <0.63 -70.00 0.04> result: 90.31 104.46 -69.21 -0.31 83.67 0
[11:01:04.665] [ARM-RX] .00
[11:01:04.666] [ARM-RX] [111] <0.69 -70.00 0.05> result: 90.34 104.46 -69.21 -0.34 83.67 0.00
[11:01:04.666] [ARM-RX] [112] <0.75 -70.00 0.06> result: 90.37 104.45 -69.21 -0.37 83.66 0.00
[11:01:04.666] [ARM-RX] [113] <0.81 -70.00 0.07> result: 90.40 104.45 -69.21 -0.40 83.66 0.00
[11:01:04.666] [ARM-RX] [114] <0.88 -70.00 0.08> result: 90.43
[11:01:04.693] [ARM-RX] 104.44 -69.21 -0.43 83.65 0.00
[11:01:04.693] [ARM-RX] [115] <0.94 -70.00 0.09> result: 90.46 104.44 -69.20 -0.46 83.64 0.00
[11:01:04.693] [ARM-RX] [116] <1.00 -70.00 0.10> result: 90.49 104.43 -69.20 -0.49 83.64 0.00
[11:01:04.693] [ARM-RX] [117] <1.06 -70.00 0.11> result: 90.52 104.43 -69.20 -0.52 83.63 0.00
[11:01:04.693] [ARM-RX] [118] <1.1
[11:01:04.712] [ARM-RX] 2 -70.00 0.13> result: 90.55 104.42 -69.20 -0.55 83.62 0.00
[11:01:04.712] [ARM-RX] [119] <1.18 -70.00 0.14> result: 90.58 104.42 -69.20 -0.58 83.62 0.00
[11:01:04.712] [ARM-RX] [120] <1.24 -70.00 0.16> result: 90.61 104.41 -69.20 -0.61 83.61 0.00
[11:01:04.712] [ARM-RX] [121] <1.30 -70.00 0.17> result: 90.64 104.40 -69.20
[11:01:04.737] [ARM-RX] -0.64 83.60 0.00
[11:01:04.737] [ARM-RX] [122] <1.36 -70.00 0.19> result: 90.66 104.39 -69.20 -0.67 83.59 0.00
[11:01:04.737] [ARM-RX] [123] <1.43 -70.00 0.21> result: 90.69 104.39 -69.20 -0.70 83.58 0.00
[11:01:04.737] [ARM-RX] [124] <1.49 -70.00 0.23> result: 90.72 104.38 -69.20 -0.73 83.58 0.00
[11:01:04.737] [ARM-RX] [125] <1.55 -70.00 0.24>
[11:01:04.757] [ARM-RX] result: 90.75 104.37 -69.20 -0.76 83.57 0.00
[11:01:04.757] [ARM-RX] [126] <1.60 -70.00 0.26> result: 90.78 104.36 -69.20 -0.79 83.56 0.00
[11:01:04.758] [ARM-RX] [127] <1.66 -70.00 0.29> result: 90.81 104.35 -69.19 -0.82 83.54 0.00
[11:01:04.758] [ARM-RX] [128] <1.72 -70.00 0.31> result: 90.84 104.34 -69.19 -0.84 83.53 0.0
[11:01:04.781] [ARM-RX] 0
[11:01:04.781] [ARM-RX] [129] <1.78 -70.00 0.33> result: 90.87 104.33 -69.19 -0.87 83.52 0.00
[11:01:04.781] [ARM-RX] [130] <1.84 -70.00 0.35> result: 90.90 104.32 -69.19 -0.90 83.51 0.00
[11:01:04.781] [ARM-RX] [131] <1.90 -70.00 0.37> result: 90.92 104.31 -69.19 -0.93 83.50 0.00
[11:01:04.782] [ARM-RX] [132] <1.96 -70.00 0.40> result: 90.95 1
[11:01:04.816] [ARM-RX] 04.30 -69.19 -0.96 83.49 0.00
[11:01:04.816] [ARM-RX] [133] <2.01 -70.00 0.42> result: 90.98 104.29 -69.19 -0.99 83.47 0.00
[11:01:04.816] [ARM-RX] [134] <2.07 -70.00 0.45> result: 91.01 104.28 -69.19 -1.02 83.46 0.00
[11:01:04.817] [ARM-RX] [135] <2.13 -70.00 0.48> result: 91.04 104.26 -69.18 -1.04 83.45 0.00
[11:01:04.817] [ARM-RX] [136] <2.19
[11:01:04.839] [ARM-RX] -70.00 0.50> result: 91.06 104.25 -69.18 -1.07 83.43 0.00
[11:01:04.839] [ARM-RX] [137] <2.24 -70.00 0.53> result: 91.09 104.24 -69.18 -1.10 83.42 0.00
[11:01:04.839] [ARM-RX] [138] <2.30 -70.00 0.56> result: 91.12 104.23 -69.18 -1.13 83.41 0.00
[11:01:04.840] [ARM-RX] [139] <2.35 -70.00 0.59> result: 91.15 104.21 -69.18 -1
[11:01:04.861] [ARM-RX] .15 83.39 0.00
[11:01:04.861] [ARM-RX] [140] <2.41 -70.00 0.62> result: 91.17 104.20 -69.18 -1.18 83.38 0.00
[11:01:04.863] [ARM-RX] [141] <2.46 -70.00 0.65> result: 91.20 104.18 -69.17 -1.21 83.36 0.00
[11:01:04.863] [ARM-RX] [142] <2.52 -70.00 0.68> result: 91.23 104.17 -69.17 -1.23 83.34 0.00
[11:01:04.863] [ARM-RX] [143] <2.57 -70.00 0.71> re
[11:01:04.887] [ARM-RX] sult: 91.25 104.16 -69.17 -1.26 83.33 0.00
[11:01:04.887] [ARM-RX] [144] <2.63 -70.00 0.75> result: 91.28 104.14 -69.17 -1.29 83.31 0.00
[11:01:04.887] [ARM-RX] [145] <2.68 -70.00 0.78> result: 91.30 104.13 -69.17 -1.31 83.29 0.00
[11:01:04.887] [ARM-RX] [146] <2.73 -70.00 0.81> result: 91.33 104.11 -69.17 -1.34 83.28 0.00
[11:01:04.908] [ARM-RX] [147] <2.78 -70.00 0.85> result: 91.36 104.09 -69.16 -1.37 83.26 0.00
[11:01:04.908] [ARM-RX] [148] <2.84 -70.00 0.88> result: 91.38 104.08 -69.16 -1.39 83.24 0.00
[11:01:04.908] [ARM-RX] [149] <2.89 -70.00 0.92> result: 91.41 104.06 -69.16 -1.42 83.22 0.00
[11:01:04.909] [ARM-RX] [150] <2.94 -70.00 0.95> result: 91.43 104
[11:01:04.932] [ARM-RX] .04 -69.16 -1.44 83.21 0.00
[11:01:04.932] [ARM-RX] [151] <2.99 -70.00 0.99> result: 91.46 104.03 -69.16 -1.47 83.19 0.00
[11:01:04.932] [ARM-RX] [152] <3.04 -70.00 1.03> result: 91.48 104.01 -69.15 -1.49 83.17 0.00
[11:01:04.932] [ARM-RX] [153] <3.09 -70.00 1.07> result: 91.50 103.99 -69.15 -1.52 83.15 0.00
[11:01:04.933] [ARM-RX] [154] <3.14 -7
[11:01:04.957] [ARM-RX] 0.00 1.11> result: 91.53 103.98 -69.15 -1.54 83.13 0.00
[11:01:04.957] [ARM-RX] [155] <3.19 -70.00 1.15> result: 91.55 103.96 -69.15 -1.56 83.11 0.00
[11:01:04.957] [ARM-RX] [156] <3.24 -70.00 1.19> result: 91.58 103.94 -69.15 -1.59 83.09 0.00
[11:01:04.957] [ARM-RX] [157] <3.28 -70.00 1.23> result: 91.60 103.92 -69.14 -1.6
[11:01:04.989] [ARM-RX] 1 83.07 0.00
[11:01:04.989] [ARM-RX] [158] <3.33 -70.00 1.27> result: 91.62 103.90 -69.14 -1.63 83.05 0.00
[11:01:04.989] [ARM-RX] [159] <3.38 -70.00 1.31> result: 91.64 103.88 -69.14 -1.66 83.02 0.00
[11:01:04.989] [ARM-RX] [160] <3.42 -70.00 1.36> result: 91.67 103.86 -69.14 -1.68 83.00 0.00
[11:01:04.990] [ARM-RX] [161] <3.47 -70.00 1.40> resu
[11:01:05.013] [ARM-RX] lt: 91.69 103.84 -69.13 -1.70 82.98 0.00
[11:01:05.013] [ARM-RX] [162] <3.51 -70.00 1.44> result: 91.71 103.82 -69.13 -1.72 82.96 0.00
[11:01:05.014] [ARM-RX] [163] <3.56 -70.00 1.49> result: 91.73 103.80 -69.13 -1.75 82.94 0.00
[11:01:05.014] [ARM-RX] [164] <3.60 -70.00 1.53> result: 91.75 103.78 -69.13 -1.77 82.91 0.00
[11:01:05.014] [ARM-RX] [
[11:01:05.036] [ARM-RX] 165] <3.64 -70.00 1.58> result: 91.77 103.76 -69.13 -1.79 82.89 0.00
[11:01:05.036] [ARM-RX] [166] <3.69 -70.00 1.62> result: 91.80 103.74 -69.12 -1.81 82.87 0.00
[11:01:05.036] [ARM-RX] [167] <3.73 -70.00 1.67> result: 91.82 103.72 -69.12 -1.83 82.84 0.00
[11:01:05.036] [ARM-RX] [168] <3.77 -70.00 1.72> result: 91.84 103.7
[11:01:05.059] [ARM-RX] 0 -69.12 -1.85 82.82 0.00
[11:01:05.060] [ARM-RX] [169] <3.81 -70.00 1.76> result: 91.86 103.68 -69.12 -1.87 82.80 0.00
[11:01:05.060] [ARM-RX] [170] <3.85 -70.00 1.81> result: 91.88 103.65 -69.11 -1.89 82.77 0.00
[11:01:05.061] [ARM-RX] [171] <3.89 -70.00 1.86> result: 91.90 103.63 -69.11 -1.91 82.75 0.00
[11:01:05.061] [ARM-RX] [172] <3.93 -70.
[11:01:05.082] [ARM-RX] 00 1.91> result: 91.91 103.61 -69.11 -1.93 82.72 0.00
[11:01:05.082] [ARM-RX] [173] <3.97 -70.00 1.96> result: 91.93 103.59 -69.10 -1.95 82.70 0.00
[11:01:05.083] [ARM-RX] [174] <4.01 -70.00 2.01> result: 91.95 103.56 -69.10 -1.97 82.67 0.00
[11:01:05.083] [ARM-RX] [175] <4.05 -70.00 2.06> result: 91.97 103.54 -69.10 -1.99
[11:01:05.104] [ARM-RX] 82.65 0.00
[11:01:05.105] [ARM-RX] [176] <4.08 -70.00 2.11> result: 91.99 103.52 -69.10 -2.00 82.62 0.00
[11:01:05.105] [ARM-RX] [177] <4.12 -70.00 2.16> result: 92.00 103.49 -69.09 -2.02 82.59 0.00
[11:01:05.105] [ARM-RX] [178] <4.15 -70.00 2.22> result: 92.02 103.47 -69.09 -2.04 82.57 0.00
[11:01:05.105] [ARM-RX] [179] <4.19 -70.00 2.27> result
[11:01:05.129] [ARM-RX] : 92.04 103.45 -69.09 -2.06 82.54 0.00
[11:01:05.129] [ARM-RX] [180] <4.22 -70.00 2.32> result: 92.06 103.42 -69.09 -2.07 82.51 0.00
[11:01:05.129] [ARM-RX] [181] <4.25 -70.00 2.37> result: 92.07 103.40 -69.08 -2.09 82.49 0.00
[11:01:05.129] [ARM-RX] [182] <4.29 -70.00 2.43> result: 92.09 103.37 -69.08 -2.11 82.46 0.00
[11:01:05.130] [ARM-RX] [18
[11:01:05.150] [ARM-RX] 3] <4.32 -70.00 2.48> result: 92.10 103.35 -69.08 -2.12 82.43 0.00
[11:01:05.151] [ARM-RX] [184] <4.35 -70.00 2.54> result: 92.12 103.33 -69.07 -2.14 82.40 0.00
[11:01:05.151] [ARM-RX] [185] <4.38 -70.00 2.59> result: 92.13 103.30 -69.07 -2.15 82.38 0.00
[11:01:05.151] [ARM-RX] [186] <4.41 -70.00 2.65> result: 92.15 103.28
[11:01:05.185] [ARM-RX] -69.07 -2.17 82.35 0.00
[11:01:05.186] [ARM-RX] [187] <4.44 -70.00 2.70> result: 92.16 103.25 -69.07 -2.18 82.32 0.00
[11:01:05.186] [ARM-RX] [188] <4.47 -70.00 2.76> result: 92.18 103.22 -69.06 -2.20 82.29 0.00
[11:01:05.186] [ARM-RX] [189] <4.50 -70.00 2.81> result: 92.19 103.20 -69.06 -2.21 82.26 0.00
[11:01:05.186] [ARM-RX] [190] <4.52 -70.00
[11:01:05.211] [ARM-RX] 2.87> result: 92.20 103.17 -69.06 -2.22 82.24 0.00
[11:01:05.212] [ARM-RX] [191] <4.55 -70.00 2.93> result: 92.22 103.15 -69.05 -2.24 82.21 0.00
[11:01:05.212] [ARM-RX] [192] <4.58 -70.00 2.99> result: 92.23 103.12 -69.05 -2.25 82.18 0.00
[11:01:05.212] [ARM-RX] [193] <4.60 -70.00 3.04> result: 92.24 103.10 -69.05 -2.26 82
[11:01:05.234] [ARM-RX] .15 0.00
[11:01:05.234] [ARM-RX] [194] <4.63 -70.00 3.10> result: 92.25 103.07 -69.04 -2.27 82.12 0.00
[11:01:05.234] [ARM-RX] [195] <4.65 -70.00 3.16> result: 92.26 103.04 -69.04 -2.28 82.09 0.00
[11:01:05.235] [ARM-RX] [196] <4.67 -70.00 3.22> result: 92.27 103.02 -69.04 -2.30 82.06 0.00
[11:01:05.235] [ARM-RX] [197] <4.69 -70.00 3.28> result:
[11:01:05.256] [ARM-RX] 92.28 102.99 -69.03 -2.31 82.03 0.00
[11:01:05.256] [ARM-RX] [198] <4.71 -70.00 3.34> result: 92.30 102.96 -69.03 -2.32 82.00 0.00
[11:01:05.256] [ARM-RX] [199] <4.74 -70.00 3.40> result: 92.31 102.94 -69.03 -2.33 81.97 0.00
[11:01:05.258] [ARM-RX] [200] <4.76 -70.00 3.45> result: 92.31 102.91 -69.03 -2.34 81.94 0.00
[11:01:05.258] [ARM-RX] [201]
[11:01:05.280] [ARM-RX] <4.77 -70.00 3.51> result: 92.32 102.88 -69.02 -2.35 81.91 0.00
[11:01:05.280] [ARM-RX] [202] <4.79 -70.00 3.57> result: 92.33 102.85 -69.02 -2.36 81.88 0.00
[11:01:05.281] [ARM-RX] [203] <4.81 -70.00 3.64> result: 92.34 102.83 -69.02 -2.37 81.85 0.00
[11:01:05.281] [ARM-RX] [204] <4.83 -70.00 3.70> result: 92.35 102.80 -6
[11:01:05.302] [ARM-RX] 9.01 -2.37 81.82 0.00
[11:01:05.302] [ARM-RX] [205] <4.84 -70.00 3.76> result: 92.36 102.77 -69.01 -2.38 81.79 0.00
[11:01:05.302] [ARM-RX] [206] <4.86 -70.00 3.82> result: 92.36 102.74 -69.01 -2.39 81.76 0.00
[11:01:05.302] [ARM-RX] [207] <4.87 -70.00 3.88> result: 92.37 102.72 -69.00 -2.40 81.73 0.00
[11:01:05.303] [ARM-RX] [208] <4.89 -70.00 3
[11:01:05.324] [ARM-RX] .94> result: 92.38 102.69 -69.00 -2.40 81.69 0.00
[11:01:05.325] [ARM-RX] [209] <4.90 -70.00 4.00> result: 92.38 102.66 -69.00 -2.41 81.66 0.00
[11:01:05.325] [ARM-RX] [210] <4.91 -70.00 4.06> result: 92.39 102.63 -68.99 -2.42 81.63 0.00
[11:01:05.325] [ARM-RX] [211] <4.92 -70.00 4.12> result: 92.40 102.60 -68.99 -2.42 81.6
[11:01:05.360] [ARM-RX] 0 0.00
[11:01:05.360] [ARM-RX] [212] <4.93 -70.00 4.19> result: 92.40 102.58 -68.99 -2.43 81.57 0.00
[11:01:05.361] [ARM-RX] [213] <4.94 -70.00 4.25> result: 92.41 102.55 -68.98 -2.43 81.54 0.00
[11:01:05.361] [ARM-RX] [214] <4.95 -70.00 4.31> result: 92.41 102.52 -68.98 -2.44 81.51 0.00
[11:01:05.361] [ARM-RX] [215] <4.96 -70.00 4.37> result: 92
[11:01:05.384] [ARM-RX] .41 102.49 -68.98 -2.44 81.48 0.00
[11:01:05.384] [ARM-RX] [216] <4.97 -70.00 4.44> result: 92.42 102.46 -68.97 -2.45 81.44 0.00
[11:01:05.384] [ARM-RX] [217] <4.97 -70.00 4.50> result: 92.42 102.44 -68.97 -2.45 81.41 0.00
[11:01:05.385] [ARM-RX] [218] <4.98 -70.00 4.56> result: 92.42 102.41 -68.97 -2.45 81.38 0.00
[11:01:05.385] [ARM-RX] [219] <
[11:01:05.405] [ARM-RX] 4.99 -70.00 4.62> result: 92.43 102.38 -68.96 -2.45 81.35 0.00
[11:01:05.406] [ARM-RX] [220] <4.99 -70.00 4.69> result: 92.43 102.35 -68.96 -2.46 81.32 0.00
[11:01:05.406] [ARM-RX] [221] <4.99 -70.00 4.75> result: 92.43 102.32 -68.96 -2.46 81.29 0.00
[11:01:05.406] [ARM-RX] [222] <5.00 -70.00 4.81> result: 92.43 102.29 -68.
[11:01:05.430] [ARM-RX] 95 -2.46 81.25 0.00
[11:01:05.431] [ARM-RX] [223] <5.00 -70.00 4.87> result: 92.43 102.26 -68.95 -2.46 81.22 0.00
[11:01:05.431] [ARM-RX] [224] <5.00 -70.00 4.94> result: 92.43 102.24 -68.95 -2.46 81.19 0.00
[11:01:05.431] [ARM-RX] [225] <5.00 -70.00 5.00> result: 92.43 102.21 -68.94 -2.46 81.16 0.00
[11:01:05.431] [ARM-RX] [226] <5.00 -70.00 5.0
[11:01:05.454] [ARM-RX] 6> result: 92.43 102.18 -68.94 -2.46 81.13 0.00
[11:01:05.454] [ARM-RX] [227] <5.00 -70.00 5.13> result: 92.43 102.15 -68.94 -2.46 81.10 0.00
[11:01:05.455] [ARM-RX] [228] <5.00 -70.00 5.19> result: 92.43 102.12 -68.93 -2.46 81.06 0.00
[11:01:05.455] [ARM-RX] [229] <4.99 -70.00 5.25> result: 92.43 102.09 -68.93 -2.46 81.03
[11:01:05.476] [ARM-RX] 0.00
[11:01:05.476] [ARM-RX] [230] <4.99 -70.00 5.31> result: 92.43 102.07 -68.93 -2.46 81.00 0.00
[11:01:05.476] [ARM-RX] [231] <4.99 -70.00 5.38> result: 92.43 102.04 -68.92 -2.46 80.97 0.00
[11:01:05.476] [ARM-RX] [232] <4.98 -70.00 5.44> result: 92.42 102.01 -68.92 -2.46 80.94 0.00
[11:01:05.476] [ARM-RX] [233] <4.97 -70.00 5.50> result: 92.4
[11:01:05.498] [ARM-RX] 2 101.98 -68.92 -2.45 80.91 0.00
[11:01:05.498] [ARM-RX] [234] <4.97 -70.00 5.56> result: 92.42 101.95 -68.91 -2.45 80.87 0.00
[11:01:05.499] [ARM-RX] [235] <4.96 -70.00 5.63> result: 92.41 101.92 -68.91 -2.45 80.84 0.00
[11:01:05.499] [ARM-RX] [236] <4.95 -70.00 5.69> result: 92.41 101.90 -68.91 -2.44 80.81 0.00
[11:01:05.499] [ARM-RX] [237] <4.
[11:01:05.522] [ARM-RX] 94 -70.00 5.75> result: 92.41 101.87 -68.90 -2.44 80.78 0.00
[11:01:05.522] [ARM-RX] [238] <4.93 -70.00 5.81> result: 92.40 101.84 -68.90 -2.43 80.75 0.00
[11:01:05.523] [ARM-RX] [239] <4.92 -70.00 5.88> result: 92.40 101.81 -68.90 -2.43 80.72 0.00
[11:01:05.523] [ARM-RX] [240] <4.91 -70.00 5.94> result: 92.39 101.78 -68.89
[11:01:05.556] [ARM-RX] -2.42 80.69 0.00
[11:01:05.557] [ARM-RX] [241] <4.90 -70.00 6.00> result: 92.38 101.76 -68.89 -2.42 80.65 0.00
[11:01:05.557] [ARM-RX] [242] <4.89 -70.00 6.06> result: 92.38 101.73 -68.89 -2.41 80.62 0.00
[11:01:05.557] [ARM-RX] [243] <4.87 -70.00 6.12> result: 92.37 101.70 -68.88 -2.40 80.59 0.00
[11:01:05.557] [ARM-RX] [244] <4.86 -70.00 6.18>
[11:01:05.580] [ARM-RX] result: 92.36 101.67 -68.88 -2.40 80.56 0.00
[11:01:05.580] [ARM-RX] [245] <4.84 -70.00 6.24> result: 92.36 101.65 -68.88 -2.39 80.53 0.00
[11:01:05.580] [ARM-RX] [246] <4.83 -70.00 6.30> result: 92.35 101.62 -68.87 -2.38 80.50 0.00
[11:01:05.580] [ARM-RX] [247] <4.81 -70.00 6.36> result: 92.34 101.59 -68.87 -2.37 80.47 0.
[11:01:05.602] [ARM-RX] 00
[11:01:05.603] [ARM-RX] [248] <4.79 -70.00 6.43> result: 92.33 101.56 -68.87 -2.37 80.44 0.00
[11:01:05.603] [ARM-RX] [249] <4.77 -70.00 6.49> result: 92.32 101.54 -68.86 -2.36 80.41 0.00
[11:01:05.603] [ARM-RX] [250] <4.76 -70.00 6.55> result: 92.31 101.51 -68.86 -2.35 80.38 0.00
[11:01:05.604] [ARM-RX] [251] <4.74 -70.00 6.60> result: 92.31
[11:01:05.627] [ARM-RX] 101.48 -68.86 -2.34 80.35 0.00
[11:01:05.628] [ARM-RX] [252] <4.71 -70.00 6.66> result: 92.30 101.46 -68.86 -2.33 80.32 0.00
[11:01:05.628] [ARM-RX] [253] <4.69 -70.00 6.72> result: 92.28 101.43 -68.85 -2.32 80.29 0.00
[11:01:05.628] [ARM-RX] [254] <4.67 -70.00 6.78> result: 92.27 101.40 -68.85 -2.31 80.26 0.00
[11:01:05.629] [ARM-RX] [255] <4.65
[11:01:05.649] [ARM-RX] -70.00 6.84> result: 92.26 101.38 -68.85 -2.30 80.23 0.00
[11:01:05.649] [ARM-RX] [256] <4.63 -70.00 6.90> result: 92.25 101.35 -68.84 -2.29 80.20 0.00
[11:01:05.650] [ARM-RX] [257] <4.60 -70.00 6.96> result: 92.24 101.32 -68.84 -2.27 80.17 0.00
[11:01:05.650] [ARM-RX] [258] <4.58 -70.00 7.01> result: 92.23 101.30 -68.84 -
[11:01:05.673] [ARM-RX] 2.26 80.14 0.00
[11:01:05.673] [ARM-RX] [259] <4.55 -70.00 7.07> result: 92.22 101.27 -68.83 -2.25 80.11 0.00
[11:01:05.674] [ARM-RX] [260] <4.52 -70.00 7.13> result: 92.20 101.25 -68.83 -2.24 80.08 0.00
[11:01:05.674] [ARM-RX] [261] <4.50 -70.00 7.19> result: 92.19 101.22 -68.83 -2.22 80.06 0.00
[11:01:05.674] [ARM-RX] [262] <4.47 -70.00 7.24> r
[11:01:05.696] [ARM-RX] esult: 92.18 101.19 -68.82 -2.21 80.03 0.00
[11:01:05.696] [ARM-RX] [263] <4.44 -70.00 7.30> result: 92.16 101.17 -68.82 -2.20 80.00 0.00
[11:01:05.696] [ARM-RX] [264] <4.41 -70.00 7.35> result: 92.15 101.14 -68.82 -2.18 79.97 0.00
[11:01:05.697] [ARM-RX] [265] <4.38 -70.00 7.41> result: 92.13 101.12 -68.82 -2.17 79.94 0.00
[11:01:05.733] [ARM-RX] [266] <4.35 -70.00 7.46> result: 92.12 101.09 -68.81 -2.15 79.91 0.00
[11:01:05.733] [ARM-RX] [267] <4.32 -70.00 7.52> result: 92.10 101.07 -68.81 -2.14 79.89 0.00
[11:01:05.734] [ARM-RX] [268] <4.29 -70.00 7.57> result: 92.09 101.05 -68.81 -2.12 79.86 0.00
[11:01:05.734] [ARM-RX] [269] <4.25 -70.00 7.63> result: 92.07 10
[11:01:05.753] [ARM-RX] 1.02 -68.80 -2.10 79.83 0.00
[11:01:05.753] [ARM-RX] [270] <4.22 -70.00 7.68> result: 92.06 101.00 -68.80 -2.09 79.81 0.00
[11:01:05.754] [ARM-RX] [271] <4.19 -70.00 7.73> result: 92.04 100.97 -68.80 -2.07 79.78 0.00
[11:01:05.754] [ARM-RX] [272] <4.15 -70.00 7.78> result: 92.02 100.95 -68.80 -2.05 79.75 0.00
[11:01:05.754] [ARM-RX] [273] <4.12 -
[11:01:05.776] [ARM-RX] 70.00 7.84> result: 92.00 100.93 -68.79 -2.04 79.73 0.00
[11:01:05.777] [ARM-RX] [274] <4.08 -70.00 7.89> result: 91.99 100.90 -68.79 -2.02 79.70 0.00
[11:01:05.777] [ARM-RX] [275] <4.05 -70.00 7.94> result: 91.97 100.88 -68.79 -2.00 79.67 0.00
[11:01:05.777] [ARM-RX] [276] <4.01 -70.00 7.99> result: 91.95 100.86 -68.79 -1.
[11:01:05.799] [ARM-RX] 98 79.65 0.00
[11:01:05.800] [ARM-RX] [277] <3.97 -70.00 8.04> result: 91.93 100.83 -68.78 -1.97 79.62 0.00
[11:01:05.800] [ARM-RX] [278] <3.93 -70.00 8.09> result: 91.91 100.81 -68.78 -1.95 79.60 0.00
[11:01:05.800] [ARM-RX] [279] <3.89 -70.00 8.14> result: 91.90 100.79 -68.78 -1.93 79.57 0.00
[11:01:05.800] [ARM-RX] [280] <3.85 -70.00 8.19> res
[11:01:05.826] [ARM-RX] ult: 91.88 100.77 -68.77 -1.91 79.55 0.00
[11:01:05.826] [ARM-RX] [281] <3.81 -70.00 8.24> result: 91.86 100.75 -68.77 -1.89 79.52 0.00
[11:01:05.826] [ARM-RX] [282] <3.77 -70.00 8.28> result: 91.84 100.73 -68.77 -1.87 79.50 0.00
[11:01:05.827] [ARM-RX] [283] <3.73 -70.00 8.33> result: 91.82 100.70 -68.77 -1.85 79.48 0.00
[11:01:05.847] [ARM-RX] [284] <3.69 -70.00 8.38> result: 91.80 100.68 -68.76 -1.83 79.45 0.00
[11:01:05.847] [ARM-RX] [285] <3.64 -70.00 8.42> result: 91.77 100.66 -68.76 -1.81 79.43 0.00
[11:01:05.847] [ARM-RX] [286] <3.60 -70.00 8.47> result: 91.75 100.64 -68.76 -1.78 79.41 0.00
[11:01:05.847] [ARM-RX] [287] <3.56 -70.00 8.51> result: 91.73 100.
[11:01:05.868] [ARM-RX] 62 -68.76 -1.76 79.38 0.00
[11:01:05.869] [ARM-RX] [288] <3.51 -70.00 8.56> result: 91.71 100.60 -68.76 -1.74 79.36 0.00
[11:01:05.869] [ARM-RX] [289] <3.47 -70.00 8.60> result: 91.69 100.58 -68.75 -1.72 79.34 0.00
[11:01:05.869] [ARM-RX] [290] <3.42 -70.00 8.64> result: 91.67 100.56 -68.75 -1.70 79.32 0.00
[11:01:05.869] [ARM-RX] [291] <3.38 -70
[11:01:05.893] [ARM-RX] .00 8.69> result: 91.64 100.54 -68.75 -1.67 79.30 0.00
[11:01:05.894] [ARM-RX] [292] <3.33 -70.00 8.73> result: 91.62 100.52 -68.75 -1.65 79.27 0.00
[11:01:05.894] [ARM-RX] [293] <3.28 -70.00 8.77> result: 91.60 100.51 -68.74 -1.63 79.25 0.00
[11:01:05.894] [ARM-RX] [294] <3.24 -70.00 8.81> result: 91.58 100.49 -68.74 -1.60
[11:01:05.928] [ARM-RX] 79.23 0.00
[11:01:05.928] [ARM-RX] [295] <3.19 -70.00 8.85> result: 91.55 100.47 -68.74 -1.58 79.21 0.00
[11:01:05.928] [ARM-RX] [296] <3.14 -70.00 8.89> result: 91.53 100.45 -68.74 -1.56 79.19 0.00
[11:01:05.928] [ARM-RX] [297] <3.09 -70.00 8.93> result: 91.50 100.43 -68.74 -1.53 79.17 0.00
[11:01:05.928] [ARM-RX] [298] <3.04 -70.00 8.97> resul
[11:01:05.950] [ARM-RX] t: 91.48 100.42 -68.73 -1.51 79.15 0.00
[11:01:05.951] [ARM-RX] [299] <2.99 -70.00 9.01> result: 91.46 100.40 -68.73 -1.48 79.13 0.00
[11:01:05.951] [ARM-RX] [300] <2.94 -70.00 9.05> result: 91.43 100.38 -68.73 -1.46 79.11 0.00
[11:01:05.951] [ARM-RX] [301] <2.89 -70.00 9.08> result: 91.41 100.37 -68.73 -1.43 79.10 0.00
[11:01:05.951] [ARM-RX] [3
[11:01:05.973] [ARM-RX] 02] <2.84 -70.00 9.12> result: 91.38 100.35 -68.73 -1.41 79.08 0.00
[11:01:05.974] [ARM-RX] [303] <2.78 -70.00 9.15> result: 91.36 100.33 -68.72 -1.38 79.06 0.00
[11:01:05.974] [ARM-RX] [304] <2.73 -70.00 9.19> result: 91.33 100.32 -68.72 -1.36 79.04 0.00
[11:01:05.974] [ARM-RX] [305] <2.68 -70.00 9.22> result: 91.30 100.30
[11:01:05.999] [ARM-RX] -68.72 -1.33 79.03 0.00
[11:01:05.999] [ARM-RX] [306] <2.63 -70.00 9.25> result: 91.28 100.29 -68.72 -1.30 79.01 0.00
[11:01:05.999] [ARM-RX] [307] <2.57 -70.00 9.29> result: 91.25 100.27 -68.72 -1.28 78.99 0.00
[11:01:05.999] [ARM-RX] [308] <2.52 -70.00 9.32> result: 91.23 100.26 -68.71 -1.25 78.98 0.00
[11:01:06.000] [ARM-RX] [309] <2.46 -70.0
[11:01:06.019] [ARM-RX] 0 9.35> result: 91.20 100.24 -68.71 -1.22 78.96 0.00
[11:01:06.019] [ARM-RX] [310] <2.41 -70.00 9.38> result: 91.17 100.23 -68.71 -1.20 78.94 0.00
[11:01:06.020] [ARM-RX] [311] <2.35 -70.00 9.41> result: 91.15 100.22 -68.71 -1.17 78.93 0.00
[11:01:06.020] [ARM-RX] [312] <2.30 -70.00 9.44> result: 91.12 100.20 -68.71 -1.14 7
[11:01:06.043] [ARM-RX] 8.91 0.00
[11:01:06.043] [ARM-RX] [313] <2.24 -70.00 9.47> result: 91.09 100.19 -68.71 -1.11 78.90 0.00
[11:01:06.043] [ARM-RX] [314] <2.19 -70.00 9.50> result: 91.06 100.18 -68.71 -1.08 78.89 0.00
[11:01:06.044] [ARM-RX] [315] <2.13 -70.00 9.52> result: 91.04 100.17 -68.70 -1.06 78.87 0.00
[11:01:06.044] [ARM-RX] [316] <2.07 -70.00 9.55> result:
[11:01:06.068] [ARM-RX] 91.01 100.15 -68.70 -1.03 78.86 0.00
[11:01:06.069] [ARM-RX] [317] <2.01 -70.00 9.58> result: 90.98 100.14 -68.70 -1.00 78.85 0.00
[11:01:06.069] [ARM-RX] [318] <1.96 -70.00 9.60> result: 90.95 100.13 -68.70 -0.97 78.83 0.00
[11:01:06.069] [ARM-RX] [319] <1.90 -70.00 9.63> result: 90.92 100.12 -68.70 -0.94 78.82 0.00
[11:01:06.069] [ARM-RX] [320
[11:01:06.101] [ARM-RX] ] <1.84 -70.00 9.65> result: 90.90 100.11 -68.70 -0.91 78.81 0.00
[11:01:06.103] [ARM-RX] [321] <1.78 -70.00 9.67> result: 90.87 100.10 -68.70 -0.88 78.80 0.00
[11:01:06.103] [ARM-RX] [322] <1.72 -70.00 9.69> result: 90.84 100.09 -68.70 -0.86 78.79 0.00
[11:01:06.103] [ARM-RX] [323] <1.66 -70.00 9.71> result: 90.81 100.08 -
[11:01:06.126] [ARM-RX] 68.69 -0.83 78.78 0.00
[11:01:06.126] [ARM-RX] [324] <1.60 -70.00 9.74> result: 90.78 100.07 -68.69 -0.80 78.77 0.00
[11:01:06.126] [ARM-RX] [325] <1.55 -70.00 9.76> result: 90.75 100.06 -68.69 -0.77 78.75 0.00
[11:01:06.126] [ARM-RX] [326] <1.49 -70.00 9.77> result: 90.72 100.05 -68.69 -0.74 78.75 0.00
[11:01:06.126] [ARM-RX] [327] <1.43 -70.00
[11:01:06.147] [ARM-RX] 9.79> result: 90.69 100.05 -68.69 -0.71 78.74 0.00
[11:01:06.147] [ARM-RX] [328] <1.36 -70.00 9.81> result: 90.66 100.04 -68.69 -0.68 78.73 0.00
[11:01:06.147] [ARM-RX] [329] <1.30 -70.00 9.83> result: 90.64 100.03 -68.69 -0.65 78.72 0.00
[11:01:06.147] [ARM-RX] [330] <1.24 -70.00 9.84> result: 90.61 100.02 -68.69 -0.62 78.
[11:01:06.171] [ARM-RX] 71 0.00
[11:01:06.171] [ARM-RX] [331] <1.18 -70.00 9.86> result: 90.58 100.02 -68.69 -0.59 78.70 0.00
[11:01:06.171] [ARM-RX] [332] <1.12 -70.00 9.87> result: 90.55 100.01 -68.69 -0.56 78.70 0.00
[11:01:06.171] [ARM-RX] [333] <1.06 -70.00 9.89> result: 90.52 100.00 -68.68 -0.53 78.69 0.00
[11:01:06.172] [ARM-RX] [334] <1.00 -70.00 9.90> result: 9
[11:01:06.196] [ARM-RX] 0.49 100.00 -68.68 -0.50 78.68 0.00
[11:01:06.196] [ARM-RX] [335] <0.94 -70.00 9.91> result: 90.46 99.99 -68.68 -0.47 78.68 0.00
[11:01:06.196] [ARM-RX] [336] <0.88 -70.00 9.92> result: 90.43 99.99 -68.68 -0.43 78.67 0.00
[11:01:06.197] [ARM-RX] [337] <0.81 -70.00 9.93> result: 90.40 99.98 -68.68 -0.40 78.66 0.00
[11:01:06.197] [ARM-RX] [338] <0.
[11:01:06.217] [ARM-RX] 75 -70.00 9.94> result: 90.37 99.98 -68.68 -0.37 78.66 0.00
[11:01:06.217] [ARM-RX] [339] <0.69 -70.00 9.95> result: 90.34 99.97 -68.68 -0.34 78.66 0.00
[11:01:06.217] [ARM-RX] [340] <0.63 -70.00 9.96> result: 90.31 99.97 -68.68 -0.31 78.65 0.00
[11:01:06.217] [ARM-RX] [341] <0.56 -70.00 9.97> result: 90.27 99.97 -68.68 -0.
[11:01:06.241] [ARM-RX] 28 78.65 0.00
[11:01:06.241] [ARM-RX] [342] <0.50 -70.00 9.97> result: 90.24 99.96 -68.68 -0.25 78.64 0.00
[11:01:06.241] [ARM-RX] [343] <0.44 -70.00 9.98> result: 90.21 99.96 -68.68 -0.22 78.64 0.00
[11:01:06.241] [ARM-RX] [344] <0.38 -70.00 9.99> result: 90.18 99.96 -68.68 -0.19 78.64 0.00
[11:01:06.241] [ARM-RX] [345] <0.31 -70.00 9.99> result
[11:01:06.263] [ARM-RX] : 90.15 99.96 -68.68 -0.16 78.64 0.00
[11:01:06.263] [ARM-RX] [346] <0.25 -70.00 9.99> result: 90.12 99.95 -68.68 -0.12 78.63 0.00
[11:01:06.264] [ARM-RX] [347] <0.19 -70.00 10.00> result: 90.09 99.95 -68.68 -0.09 78.63 0.00
[11:01:06.264] [ARM-RX] [348] <0.13 -70.00 10.00> result: 90.06 99.95 -68.68 -0.06 78.63 0.00
[11:01:06.264] [ARM-RX] [349]
[11:01:06.299] [ARM-RX] <0.06 -70.00 10.00> result: 90.03 99.95 -68.68 -0.03 78.63 0.00
[11:01:06.299] [ARM-RX] [350] <-0.00 -70.00 10.00> result: 90.00 99.95 -68.68 0.00 78.63 0.00
[11:01:06.299] [ARM-RX] [351] <-0.06 -70.00 10.00> result: 89.97 99.95 -68.68 0.03 78.63 0.00
[11:01:06.299] [ARM-RX] [352] <-0.13 -70.00 10.00> result: 89.94 99.95 -
[11:01:06.321] [ARM-RX] 68.68 0.06 78.63 0.00
[11:01:06.321] [ARM-RX] [353] <-0.19 -70.00 10.00> result: 89.91 99.95 -68.68 0.09 78.63 0.00
[11:01:06.321] [ARM-RX] [354] <-0.25 -70.00 9.99> result: 89.88 99.95 -68.68 0.12 78.63 0.00
[11:01:06.322] [ARM-RX] [355] <-0.31 -70.00 9.99> result: 89.85 99.96 -68.68 0.16 78.64 0.00
[11:01:06.322] [ARM-RX] [356] <-0.38 -70.00 9.
[11:01:06.343] [ARM-RX] 99> result: 89.82 99.96 -68.68 0.19 78.64 0.00
[11:01:06.344] [ARM-RX] [357] <-0.44 -70.00 9.98> result: 89.79 99.96 -68.68 0.22 78.64 0.00
[11:01:06.344] [ARM-RX] [358] <-0.50 -70.00 9.97> result: 89.76 99.96 -68.68 0.25 78.64 0.00
[11:01:06.344] [ARM-RX] [359] <-0.56 -70.00 9.97> result: 89.73 99.97 -68.68 0.28 78.65 0.00
[11:01:06.368] [ARM-RX] [360] <-0.63 -70.00 9.96> result: 89.69 99.97 -68.68 0.31 78.65 0.00
[11:01:06.368] [ARM-RX] [361] <-0.69 -70.00 9.95> result: 89.66 99.97 -68.68 0.34 78.66 0.00
[11:01:06.368] [ARM-RX] [362] <-0.75 -70.00 9.94> result: 89.63 99.98 -68.68 0.37 78.66 0.00
[11:01:06.369] [ARM-RX] [363] <-0.81 -70.00 9.93> result: 89.60 99.9
[11:01:06.389] [ARM-RX] 8 -68.68 0.40 78.66 0.00
[11:01:06.389] [ARM-RX] [364] <-0.88 -70.00 9.92> result: 89.57 99.99 -68.68 0.43 78.67 0.00
[11:01:06.390] [ARM-RX] [365] <-0.94 -70.00 9.91> result: 89.54 99.99 -68.68 0.47 78.68 0.00
[11:01:06.390] [ARM-RX] [366] <-1.00 -70.00 9.90> result: 89.51 100.00 -68.68 0.50 78.68 0.00
[11:01:06.390] [ARM-RX] [367] <-1.06 -70.00
[11:01:06.413] [ARM-RX] 9.89> result: 89.48 100.00 -68.68 0.53 78.69 0.00
[11:01:06.413] [ARM-RX] [368] <-1.12 -70.00 9.87> result: 89.45 100.01 -68.69 0.56 78.70 0.00
[11:01:06.413] [ARM-RX] [369] <-1.18 -70.00 9.86> result: 89.42 100.02 -68.69 0.59 78.70 0.00
[11:01:06.413] [ARM-RX] [370] <-1.24 -70.00 9.84> result: 89.39 100.02 -68.69 0.62 78.
[11:01:06.435] [ARM-RX] 71 0.00
[11:01:06.436] [ARM-RX] [371] <-1.30 -70.00 9.83> result: 89.36 100.03 -68.69 0.65 78.72 0.00
[11:01:06.436] [ARM-RX] [372] <-1.36 -70.00 9.81> result: 89.34 100.04 -68.69 0.68 78.73 0.00
[11:01:06.436] [ARM-RX] [373] <-1.43 -70.00 9.79> result: 89.31 100.05 -68.69 0.71 78.74 0.00
[11:01:06.436] [ARM-RX] [374] <-1.49 -70.00 9.77> result:
[11:01:06.473] [ARM-RX] 89.28 100.05 -68.69 0.74 78.75 0.00
[11:01:06.473] [ARM-RX] [375] <-1.55 -70.00 9.76> result: 89.25 100.06 -68.69 0.77 78.75 0.00
[11:01:06.473] [ARM-RX] [376] <-1.60 -70.00 9.74> result: 89.22 100.07 -68.69 0.80 78.77 0.00
[11:01:06.474] [ARM-RX] [377] <-1.66 -70.00 9.71> result: 89.19 100.08 -68.69 0.83 78.78 0.00
[11:01:06.474] [ARM-RX] [378]
[11:01:06.493] [ARM-RX] <-1.72 -70.00 9.69> result: 89.16 100.09 -68.70 0.86 78.79 0.00
[11:01:06.494] [ARM-RX] [379] <-1.78 -70.00 9.67> result: 89.13 100.10 -68.70 0.88 78.80 0.00
[11:01:06.494] [ARM-RX] [380] <-1.84 -70.00 9.65> result: 89.10 100.11 -68.70 0.91 78.81 0.00
[11:01:06.494] [ARM-RX] [381] <-1.90 -70.00 9.63> result: 89.08 100.12 -6
[11:01:06.521] [ARM-RX] 8.70 0.94 78.82 0.00
[11:01:06.521] [ARM-RX] [382] <-1.96 -70.00 9.60> result: 89.05 100.13 -68.70 0.97 78.83 0.00
[11:01:06.522] [ARM-RX] [383] <-2.01 -70.00 9.58> result: 89.02 100.14 -68.70 1.00 78.85 0.00
[11:01:06.522] [ARM-RX] [384] <-2.07 -70.00 9.55> result: 88.99 100.15 -68.70 1.03 78.86 0.00
[11:01:06.522] [ARM-RX] [385] <-2.13 -70.00 9
[11:01:06.539] [ARM-RX] .52> result: 88.96 100.17 -68.70 1.06 78.87 0.00
[11:01:06.540] [ARM-RX] [386] <-2.19 -70.00 9.50> result: 88.94 100.18 -68.71 1.08 78.89 0.00
[11:01:06.540] [ARM-RX] [387] <-2.24 -70.00 9.47> result: 88.91 100.19 -68.71 1.11 78.90 0.00
[11:01:06.540] [ARM-RX] [388] <-2.30 -70.00 9.44> result: 88.88 100.20 -68.71 1.14 78.91
[11:01:06.567] [ARM-RX] 0.00
[11:01:06.567] [ARM-RX] [389] <-2.35 -70.00 9.41> result: 88.85 100.22 -68.71 1.17 78.93 0.00
[11:01:06.569] [ARM-RX] [390] <-2.41 -70.00 9.38> result: 88.83 100.23 -68.71 1.20 78.94 0.00
[11:01:06.570] [ARM-RX] [391] <-2.46 -70.00 9.35> result: 88.80 100.24 -68.71 1.22 78.96 0.00
[11:01:06.570] [ARM-RX] [392] <-2.52 -70.00 9.32> result: 88
[11:01:06.586] [ARM-RX] .77 100.26 -68.71 1.25 78.98 0.00
[11:01:06.587] [ARM-RX] [393] <-2.57 -70.00 9.29> result: 88.75 100.27 -68.72 1.28 78.99 0.00
[11:01:06.587] [ARM-RX] [394] <-2.63 -70.00 9.25> result: 88.72 100.29 -68.72 1.30 79.01 0.00
[11:01:06.587] [ARM-RX] [395] <-2.68 -70.00 9.22> result: 88.70 100.30 -68.72 1.33 79.03 0.00
[11:01:06.587] [ARM-RX] [396] <-
[11:01:06.609] [ARM-RX] 2.73 -70.00 9.19> result: 88.67 100.32 -68.72 1.36 79.04 0.00
[11:01:06.610] [ARM-RX] [397] <-2.78 -70.00 9.15> result: 88.64 100.33 -68.72 1.38 79.06 0.00
[11:01:06.610] [ARM-RX] [398] <-2.84 -70.00 9.12> result: 88.62 100.35 -68.73 1.41 79.08 0.00
[11:01:06.610] [ARM-RX] [399] <-2.89 -70.00 9.08> result: 88.59 100.37 -68.
[11:01:06.634] [ARM-RX] 73 1.43 79.10 0.00
[11:01:06.634] [ARM-RX] [400] <-2.94 -70.00 9.05> result: 88.57 100.38 -68.73 1.46 79.11 0.00
[11:01:06.635] [ARM-RX] [401] <-2.99 -70.00 9.01> result: 88.54 100.40 -68.73 1.48 79.13 0.00
[11:01:06.635] [ARM-RX] [402] <-3.04 -70.00 8.97> result: 88.52 100.42 -68.73 1.51 79.15 0.00
[11:01:06.635] [ARM-RX] [403] <-3.09 -70.00 8.9
[11:01:06.668] [ARM-RX] 3> result: 88.50 100.43 -68.74 1.53 79.17 0.00
[11:01:06.668] [ARM-RX] [404] <-3.14 -70.00 8.89> result: 88.47 100.45 -68.74 1.56 79.19 0.00
[11:01:06.668] [ARM-RX] [405] <-3.19 -70.00 8.85> result: 88.45 100.47 -68.74 1.58 79.21 0.00
[11:01:06.668] [ARM-RX] [406] <-3.24 -70.00 8.81> result: 88.42 100.49 -68.74 1.60 79.23 0
[11:01:06.691] [ARM-RX] .00
[11:01:06.691] [ARM-RX] [407] <-3.28 -70.00 8.77> result: 88.40 100.51 -68.74 1.63 79.25 0.00
[11:01:06.691] [ARM-RX] [408] <-3.33 -70.00 8.73> result: 88.38 100.52 -68.75 1.65 79.27 0.00
[11:01:06.691] [ARM-RX] [409] <-3.38 -70.00 8.69> result: 88.36 100.54 -68.75 1.67 79.30 0.00
[11:01:06.692] [ARM-RX] [410] <-3.42 -70.00 8.64> result: 88.3
[11:01:06.714] [ARM-RX] 3 100.56 -68.75 1.70 79.32 0.00
[11:01:06.714] [ARM-RX] [411] <-3.47 -70.00 8.60> result: 88.31 100.58 -68.75 1.72 79.34 0.00
[11:01:06.714] [ARM-RX] [412] <-3.51 -70.00 8.56> result: 88.29 100.60 -68.76 1.74 79.36 0.00
[11:01:06.715] [ARM-RX] [413] <-3.56 -70.00 8.51> result: 88.27 100.62 -68.76 1.76 79.38 0.00
[11:01:06.715] [ARM-RX] [414] <-3.
[11:01:06.736] [ARM-RX] 60 -70.00 8.47> result: 88.25 100.64 -68.76 1.78 79.41 0.00
[11:01:06.737] [ARM-RX] [415] <-3.64 -70.00 8.42> result: 88.23 100.66 -68.76 1.81 79.43 0.00
[11:01:06.737] [ARM-RX] [416] <-3.69 -70.00 8.38> result: 88.20 100.68 -68.76 1.83 79.45 0.00
[11:01:06.737] [ARM-RX] [417] <-3.73 -70.00 8.33> result: 88.18 100.70 -68.77
[11:01:06.759] [ARM-RX] 1.85 79.48 0.00
[11:01:06.760] [ARM-RX] [418] <-3.77 -70.00 8.28> result: 88.16 100.73 -68.77 1.87 79.50 0.00
[11:01:06.760] [ARM-RX] [419] <-3.81 -70.00 8.24> result: 88.14 100.75 -68.77 1.89 79.52 0.00
[11:01:06.761] [ARM-RX] [420] <-3.85 -70.00 8.19> result: 88.12 100.77 -68.77 1.91 79.55 0.00
[11:01:06.761] [ARM-RX] [421] <-3.89 -70.00 8.14>
[11:01:06.785] [ARM-RX] result: 88.10 100.79 -68.78 1.93 79.57 0.00
[11:01:06.785] [ARM-RX] [422] <-3.93 -70.00 8.09> result: 88.09 100.81 -68.78 1.95 79.60 0.00
[11:01:06.785] [ARM-RX] [423] <-3.97 -70.00 8.04> result: 88.07 100.83 -68.78 1.97 79.62 0.00
[11:01:06.785] [ARM-RX] [424] <-4.01 -70.00 7.99> result: 88.05 100.86 -68.79 1.98 79.65 0.0
[11:01:06.806] [ARM-RX] 0
[11:01:06.806] [ARM-RX] [425] <-4.05 -70.00 7.94> result: 88.03 100.88 -68.79 2.00 79.67 0.00
[11:01:06.807] [ARM-RX] [426] <-4.08 -70.00 7.89> result: 88.01 100.90 -68.79 2.02 79.70 0.00
[11:01:06.807] [ARM-RX] [427] <-4.12 -70.00 7.84> result: 88.00 100.93 -68.79 2.04 79.73 0.00
[11:01:06.807] [ARM-RX] [428] <-4.15 -70.00 7.78> result: 87.98
[11:01:06.842] [ARM-RX] 100.95 -68.80 2.05 79.75 0.00
[11:01:06.842] [ARM-RX] [429] <-4.19 -70.00 7.73> result: 87.96 100.97 -68.80 2.07 79.78 0.00
[11:01:06.842] [ARM-RX] [430] <-4.22 -70.00 7.68> result: 87.94 101.00 -68.80 2.09 79.81 0.00
[11:01:06.842] [ARM-RX] [431] <-4.25 -70.00 7.63> result: 87.93 101.02 -68.80 2.10 79.83 0.00
[11:01:06.843] [ARM-RX] [432] <-4.29
[11:01:06.864] [ARM-RX] -70.00 7.57> result: 87.91 101.05 -68.81 2.12 79.86 0.00
[11:01:06.865] [ARM-RX] [433] <-4.32 -70.00 7.52> result: 87.90 101.07 -68.81 2.14 79.89 0.00
[11:01:06.865] [ARM-RX] [434] <-4.35 -70.00 7.46> result: 87.88 101.09 -68.81 2.15 79.91 0.00
[11:01:06.865] [ARM-RX] [435] <-4.38 -70.00 7.41> result: 87.87 101.12 -68.82 2
[11:01:06.887] [ARM-RX] .17 79.94 0.00
[11:01:06.887] [ARM-RX] [436] <-4.41 -70.00 7.35> result: 87.85 101.14 -68.82 2.18 79.97 0.00
[11:01:06.888] [ARM-RX] [437] <-4.44 -70.00 7.30> result: 87.84 101.17 -68.82 2.20 80.00 0.00
[11:01:06.888] [ARM-RX] [438] <-4.47 -70.00 7.24> result: 87.82 101.19 -68.82 2.21 80.03 0.00
[11:01:06.888] [ARM-RX] [439] <-4.50 -70.00 7.19> r
[11:01:06.911] [ARM-RX] esult: 87.81 101.22 -68.83 2.22 80.06 0.00
[11:01:06.911] [ARM-RX] [440] <-4.52 -70.00 7.13> result: 87.80 101.25 -68.83 2.24 80.08 0.00
[11:01:06.911] [ARM-RX] [441] <-4.55 -70.00 7.07> result: 87.78 101.27 -68.83 2.25 80.11 0.00
[11:01:06.911] [ARM-RX] [442] <-4.58 -70.00 7.01> result: 87.77 101.30 -68.84 2.26 80.14 0.00
[11:01:06.933] [ARM-RX] [443] <-4.60 -70.00 6.96> result: 87.76 101.32 -68.84 2.27 80.17 0.00
[11:01:06.934] [ARM-RX] [444] <-4.63 -70.00 6.90> result: 87.75 101.35 -68.84 2.29 80.20 0.00
[11:01:06.934] [ARM-RX] [445] <-4.65 -70.00 6.84> result: 87.74 101.38 -68.85 2.30 80.23 0.00
[11:01:06.934] [ARM-RX] [446] <-4.67 -70.00 6.78> result: 87.73 10
[11:01:06.956] [ARM-RX] 1.40 -68.85 2.31 80.26 0.00
[11:01:06.957] [ARM-RX] [447] <-4.69 -70.00 6.72> result: 87.71 101.43 -68.85 2.32 80.29 0.00
[11:01:06.957] [ARM-RX] [448] <-4.71 -70.00 6.66> result: 87.70 101.46 -68.86 2.33 80.32 0.00
[11:01:06.957] [ARM-RX] [449] <-4.74 -70.00 6.60> result: 87.69 101.48 -68.86 2.34 80.35 0.00
[11:01:06.957] [ARM-RX] [450] <-4.76 -
[11:01:06.981] [ARM-RX] 70.00 6.55> result: 87.69 101.51 -68.86 2.35 80.38 0.00
[11:01:06.981] [ARM-RX] [451] <-4.77 -70.00 6.49> result: 87.68 101.54 -68.86 2.36 80.41 0.00
[11:01:06.981] [ARM-RX] [452] <-4.79 -70.00 6.43> result: 87.67 101.56 -68.87 2.37 80.44 0.00
[11:01:06.981] [ARM-RX] [453] <-4.81 -70.00 6.36> result: 87.66 101.59 -68.87 2.3
[11:01:07.003] [ARM-RX] 7 80.47 0.00
[11:01:07.004] [ARM-RX] [454] <-4.83 -70.00 6.30> result: 87.65 101.62 -68.87 2.38 80.50 0.00
[11:01:07.004] [ARM-RX] [455] <-4.84 -70.00 6.24> result: 87.64 101.65 -68.88 2.39 80.53 0.00
[11:01:07.004] [ARM-RX] [456] <-4.86 -70.00 6.18> result: 87.64 101.67 -68.88 2.40 80.56 0.00
[11:01:07.004] [ARM-RX] [457] <-4.87 -70.00 6.12> res
[11:01:07.037] [ARM-RX] ult: 87.63 101.70 -68.88 2.40 80.59 0.00
[11:01:07.038] [ARM-RX] [458] <-4.89 -70.00 6.06> result: 87.62 101.73 -68.89 2.41 80.62 0.00
[11:01:07.038] [ARM-RX] [459] <-4.90 -70.00 6.00> result: 87.62 101.76 -68.89 2.42 80.65 0.00
[11:01:07.038] [ARM-RX] [460] <-4.91 -70.00 5.94> result: 87.61 101.78 -68.89 2.42 80.69 0.00
[11:01:07.038] [ARM-RX] [
[11:01:07.065] [ARM-RX] 461] <-4.92 -70.00 5.88> result: 87.60 101.81 -68.90 2.43 80.72 0.00
[11:01:07.066] [ARM-RX] [462] <-4.93 -70.00 5.81> result: 87.60 101.84 -68.90 2.43 80.75 0.00
[11:01:07.066] [ARM-RX] [463] <-4.94 -70.00 5.75> result: 87.59 101.87 -68.90 2.44 80.78 0.00
[11:01:07.066] [ARM-RX] [464] <-4.95 -70.00 5.69> result: 87.59 101.
[11:01:07.084] [ARM-RX] 90 -68.91 2.44 80.81 0.00
[11:01:07.084] [ARM-RX] [465] <-4.96 -70.00 5.63> result: 87.59 101.92 -68.91 2.45 80.84 0.00
[11:01:07.084] [ARM-RX] [466] <-4.97 -70.00 5.56> result: 87.58 101.95 -68.91 2.45 80.87 0.00
[11:01:07.084] [ARM-RX] [467] <-4.97 -70.00 5.50> result: 87.58 101.98 -68.92 2.45 80.91 0.00
[11:01:07.086] [ARM-RX] [468] <-4.98 -70
[11:01:07.108] [ARM-RX] .00 5.44> result: 87.58 102.01 -68.92 2.46 80.94 0.00
[11:01:07.108] [ARM-RX] [469] <-4.99 -70.00 5.38> result: 87.57 102.04 -68.92 2.46 80.97 0.00
[11:01:07.108] [ARM-RX] [470] <-4.99 -70.00 5.31> result: 87.57 102.07 -68.93 2.46 81.00 0.00
[11:01:07.109] [ARM-RX] [471] <-4.99 -70.00 5.25> result: 87.57 102.09 -68.93 2.46
[11:01:07.130] [ARM-RX] 81.03 0.00
[11:01:07.131] [ARM-RX] [472] <-5.00 -70.00 5.19> result: 87.57 102.12 -68.93 2.46 81.06 0.00
[11:01:07.131] [ARM-RX] [473] <-5.00 -70.00 5.13> result: 87.57 102.15 -68.94 2.46 81.10 0.00
[11:01:07.131] [ARM-RX] [474] <-5.00 -70.00 5.06> result: 87.57 102.18 -68.94 2.46 81.13 0.00
[11:01:07.131] [ARM-RX] [475] <-5.00 -70.00 5.00> resul
[11:01:07.153] [ARM-RX] t: 87.57 102.21 -68.94 2.46 81.16 0.00
[11:01:07.154] [ARM-RX] [476] <-5.00 -70.00 4.94> result: 87.57 102.24 -68.95 2.46 81.19 0.00
[11:01:07.154] [ARM-RX] [477] <-5.00 -70.00 4.87> result: 87.57 102.26 -68.95 2.46 81.22 0.00
[11:01:07.154] [ARM-RX] [478] <-5.00 -70.00 4.81> result: 87.57 102.29 -68.95 2.46 81.25 0.00
[11:01:07.154] [ARM-RX] [47
[11:01:07.177] [ARM-RX] 9] <-4.99 -70.00 4.75> result: 87.57 102.32 -68.96 2.46 81.29 0.00
[11:01:07.177] [ARM-RX] [480] <-4.99 -70.00 4.69> result: 87.57 102.35 -68.96 2.46 81.32 0.00
[11:01:07.177] [ARM-RX] [481] <-4.99 -70.00 4.62> result: 87.57 102.38 -68.96 2.45 81.35 0.00
[11:01:07.178] [ARM-RX] [482] <-4.98 -70.00 4.56> result: 87.58 102.41
[11:01:07.227] [ARM-RX] -68.97 2.45 81.38 0.00
[11:01:07.227] [ARM-RX] [483] <-4.97 -70.00 4.50> result: 87.58 102.44 -68.97 2.45 81.41 0.00
[11:01:07.229] [ARM-RX] [484] <-4.97 -70.00 4.44> result: 87.58 102.46 -68.97 2.45 81.44 0.00
[11:01:07.229] [ARM-RX] [485] <-4.96 -70.00 4.37> result: 87.59 102.49 -68.98 2.44 81.48 0.00
[11:01:07.229] [ARM-RX] [486] <-4.95 -70.0
[11:01:07.237] [ARM-RX] 0 4.31> result: 87.59 102.52 -68.98 2.44 81.51 0.00
[11:01:07.237] [ARM-RX] [487] <-4.94 -70.00 4.25> result: 87.59 102.55 -68.98 2.43 81.54 0.00
[11:01:07.237] [ARM-RX] [488] <-4.93 -70.00 4.19> result: 87.60 102.58 -68.99 2.43 81.57 0.00
[11:01:07.238] [ARM-RX] [489] <-4.92 -70.00 4.12> result: 87.60 102.60 -68.99 2.42 81
[11:01:07.259] [ARM-RX] .60 0.00
[11:01:07.259] [ARM-RX] [490] <-4.91 -70.00 4.06> result: 87.61 102.63 -68.99 2.42 81.63 0.00
[11:01:07.260] [ARM-RX] [491] <-4.90 -70.00 4.00> result: 87.62 102.66 -69.00 2.41 81.66 0.00
[11:01:07.260] [ARM-RX] [492] <-4.89 -70.00 3.94> result: 87.62 102.69 -69.00 2.40 81.69 0.00
[11:01:07.260] [ARM-RX] [493] <-4.87 -70.00 3.88> result:
[11:01:07.281] [ARM-RX] 87.63 102.72 -69.00 2.40 81.73 0.00
[11:01:07.282] [ARM-RX] [494] <-4.86 -70.00 3.82> result: 87.64 102.74 -69.01 2.39 81.76 0.00
[11:01:07.282] [ARM-RX] [495] <-4.84 -70.00 3.76> result: 87.64 102.77 -69.01 2.38 81.79 0.00
[11:01:07.282] [ARM-RX] [496] <-4.83 -70.00 3.70> result: 87.65 102.80 -69.01 2.37 81.82 0.00
[11:01:07.282] [ARM-RX] [497]
[11:01:07.306] [ARM-RX] <-4.81 -70.00 3.64> result: 87.66 102.83 -69.02 2.37 81.85 0.00
[11:01:07.307] [ARM-RX] [498] <-4.79 -70.00 3.57> result: 87.67 102.85 -69.02 2.36 81.88 0.00
[11:01:07.307] [ARM-RX] [499] <-4.77 -70.00 3.51> result: 87.68 102.88 -69.02 2.35 81.91 0.00
[11:01:07.307] [ARM-RX] [500] <-4.76 -70.00 3.45> result: 87.69 102.91 -
[11:01:07.335] [ARM-RX] 69.03 2.34 81.94 0.00
[11:01:07.335] [ARM-RX] [501] <-4.74 -70.00 3.40> result: 87.69 102.94 -69.03 2.33 81.97 0.00
[11:01:07.335] [ARM-RX] [502] <-4.71 -70.00 3.34> result: 87.70 102.96 -69.03 2.32 82.00 0.00
[11:01:07.335] [ARM-RX] [503] <-4.69 -70.00 3.28> result: 87.71 102.99 -69.03 2.31 82.03 0.00
[11:01:07.335] [ARM-RX] [504] <-4.67 -70.00
[11:01:07.350] [ARM-RX] 3.22> result: 87.73 103.02 -69.04 2.30 82.06 0.00
[11:01:07.351] [ARM-RX] [505] <-4.65 -70.00 3.16> result: 87.74 103.04 -69.04 2.28 82.09 0.00
[11:01:07.351] [ARM-RX] [506] <-4.63 -70.00 3.10> result: 87.75 103.07 -69.04 2.27 82.12 0.00
[11:01:07.351] [ARM-RX] [507] <-4.60 -70.00 3.04> result: 87.76 103.10 -69.05 2.26 82.1
[11:01:07.374] [ARM-RX] 5 0.00
[11:01:07.374] [ARM-RX] [508] <-4.58 -70.00 2.99> result: 87.77 103.12 -69.05 2.25 82.18 0.00
[11:01:07.375] [ARM-RX] [509] <-4.55 -70.00 2.93> result: 87.78 103.15 -69.05 2.24 82.21 0.00
[11:01:07.375] [ARM-RX] [510] <-4.52 -70.00 2.87> result: 87.80 103.17 -69.06 2.22 82.24 0.00
[11:01:07.375] [ARM-RX] [511] <-4.50 -70.00 2.81> result: 8
[11:01:07.408] [ARM-RX] 7.81 103.20 -69.06 2.21 82.26 0.00
[11:01:07.409] [ARM-RX] [512] <-4.47 -70.00 2.76> result: 87.82 103.22 -69.06 2.20 82.29 0.00
[11:01:07.409] [ARM-RX] [513] <-4.44 -70.00 2.70> result: 87.84 103.25 -69.07 2.18 82.32 0.00
[11:01:07.409] [ARM-RX] [514] <-4.41 -70.00 2.65> result: 87.85 103.28 -69.07 2.17 82.35 0.00
[11:01:07.411] [ARM-RX] [515] <
[11:01:07.434] [ARM-RX] -4.38 -70.00 2.59> result: 87.87 103.30 -69.07 2.15 82.38 0.00
[11:01:07.434] [ARM-RX] [516] <-4.35 -70.00 2.54> result: 87.88 103.33 -69.07 2.14 82.40 0.00
[11:01:07.435] [ARM-RX] [517] <-4.32 -70.00 2.48> result: 87.90 103.35 -69.08 2.12 82.43 0.00
[11:01:07.435] [ARM-RX] [518] <-4.29 -70.00 2.43> result: 87.91 103.37 -69
[11:01:07.455] [ARM-RX] .08 2.11 82.46 0.00
[11:01:07.456] [ARM-RX] [519] <-4.25 -70.00 2.37> result: 87.93 103.40 -69.08 2.09 82.49 0.00
[11:01:07.456] [ARM-RX] [520] <-4.22 -70.00 2.32> result: 87.94 103.42 -69.09 2.07 82.51 0.00
[11:01:07.456] [ARM-RX] [521] <-4.19 -70.00 2.27> result: 87.96 103.45 -69.09 2.06 82.54 0.00
[11:01:07.456] [ARM-RX] [522] <-4.15 -70.00 2.
[11:01:07.482] [ARM-RX] 22> result: 87.98 103.47 -69.09 2.04 82.57 0.00
[11:01:07.482] [ARM-RX] [523] <-4.12 -70.00 2.16> result: 88.00 103.49 -69.09 2.02 82.59 0.00
[11:01:07.482] [ARM-RX] [524] <-4.08 -70.00 2.11> result: 88.01 103.52 -69.10 2.00 82.62 0.00
[11:01:07.483] [ARM-RX] [525] <-4.05 -70.00 2.06> result: 88.03 103.54 -69.10 1.99 82.65
[11:01:07.502] [ARM-RX] 0.00
[11:01:07.502] [ARM-RX] [526] <-4.01 -70.00 2.01> result: 88.05 103.56 -69.10 1.97 82.67 0.00
[11:01:07.502] [ARM-RX] [527] <-3.97 -70.00 1.96> result: 88.07 103.59 -69.10 1.95 82.70 0.00
[11:01:07.503] [ARM-RX] [528] <-3.93 -70.00 1.91> result: 88.09 103.61 -69.11 1.93 82.72 0.00
[11:01:07.503] [ARM-RX] [529] <-3.89 -70.00 1.86> result: 88.
[11:01:07.527] [ARM-RX] 10 103.63 -69.11 1.91 82.75 0.00
[11:01:07.527] [ARM-RX] [530] <-3.85 -70.00 1.81> result: 88.12 103.65 -69.11 1.89 82.77 0.00
[11:01:07.527] [ARM-RX] [531] <-3.81 -70.00 1.76> result: 88.14 103.68 -69.12 1.87 82.80 0.00
[11:01:07.527] [ARM-RX] [532] <-3.77 -70.00 1.72> result: 88.16 103.70 -69.12 1.85 82.82 0.00
[11:01:07.528] [ARM-RX] [533] <-3
[11:01:07.548] [ARM-RX] .73 -70.00 1.67> result: 88.18 103.72 -69.12 1.83 82.84 0.00
[11:01:07.548] [ARM-RX] [534] <-3.69 -70.00 1.62> result: 88.20 103.74 -69.12 1.81 82.87 0.00
[11:01:07.548] [ARM-RX] [535] <-3.64 -70.00 1.58> result: 88.23 103.76 -69.13 1.79 82.89 0.00
[11:01:07.548] [ARM-RX] [536] <-3.60 -70.00 1.53> result: 88.25 103.78 -69.1
[11:01:07.583] [ARM-RX] 3 1.77 82.91 0.00
[11:01:07.583] [ARM-RX] [537] <-3.56 -70.00 1.49> result: 88.27 103.80 -69.13 1.75 82.94 0.00
[11:01:07.583] [ARM-RX] [538] <-3.51 -70.00 1.44> result: 88.29 103.82 -69.13 1.72 82.96 0.00
[11:01:07.584] [ARM-RX] [539] <-3.47 -70.00 1.40> result: 88.31 103.84 -69.13 1.70 82.98 0.00
[11:01:07.584] [ARM-RX] [540] <-3.42 -70.00 1.36
[11:01:07.619] [ARM-RX] > result: 88.33 103.86 -69.14 1.68 83.00 0.00
[11:01:07.619] [ARM-RX] [541] <-3.38 -70.00 1.31> result: 88.36 103.88 -69.14 1.66 83.02 0.00
[11:01:07.619] [ARM-RX] [542] <-3.33 -70.00 1.27> result: 88.38 103.90 -69.14 1.63 83.05 0.00
[11:01:07.620] [ARM-RX] [543] <-3.28 -70.00 1.23> result: 88.40 103.92 -69.14 1.61 83.07 0.
[11:01:07.636] [ARM-RX] 00
[11:01:07.636] [ARM-RX] [544] <-3.24 -70.00 1.19> result: 88.42 103.94 -69.15 1.59 83.09 0.00
[11:01:07.636] [ARM-RX] [545] <-3.19 -70.00 1.15> result: 88.45 103.96 -69.15 1.56 83.11 0.00
[11:01:07.636] [ARM-RX] [546] <-3.14 -70.00 1.11> result: 88.47 103.98 -69.15 1.54 83.13 0.00
[11:01:07.636] [ARM-RX] [547] <-3.09 -70.00 1.07> result: 88.50
[11:01:07.652] [ARM-RX] 103.99 -69.15 1.52 83.15 0.00
[11:01:07.652] [ARM-RX] [548] <-3.04 -70.00 1.03> result: 88.52 104.01 -69.15 1.49 83.17 0.00
[11:01:07.654] [ARM-RX] [549] <-2.99 -70.00 0.99> result: 88.54 104.03 -69.16 1.47 83.19 0.00
[11:01:07.654] [ARM-RX] [550] <-2.94 -70.00 0.95> result: 88.57 104.04 -69.16 1.44 83.21 0.00
[11:01:07.654] [ARM-RX] [551] <-2.8
[11:01:07.677] [ARM-RX] 9 -70.00 0.92> result: 88.59 104.06 -69.16 1.42 83.22 0.00
[11:01:07.677] [ARM-RX] [552] <-2.84 -70.00 0.88> result: 88.62 104.08 -69.16 1.39 83.24 0.00
[11:01:07.677] [ARM-RX] [553] <-2.78 -70.00 0.85> result: 88.64 104.09 -69.16 1.37 83.26 0.00
[11:01:07.677] [ARM-RX] [554] <-2.73 -70.00 0.81> result: 88.67 104.11 -69.17
[11:01:07.698] [ARM-RX] 1.34 83.28 0.00
[11:01:07.699] [ARM-RX] [555] <-2.68 -70.00 0.78> result: 88.70 104.13 -69.17 1.31 83.29 0.00
[11:01:07.704] [ARM-RX] [556] <-2.63 -70.00 0.75> result: 88.72 104.14 -69.17 1.29 83.31 0.00
[11:01:07.704] [ARM-RX] [557] <-2.57 -70.00 0.71> result: 88.75 104.16 -69.17 1.26 83.33 0.00
[11:01:07.704] [ARM-RX] [558] <-2.52 -70.00 0.68>
[11:01:07.722] [ARM-RX] result: 88.77 104.17 -69.17 1.23 83.34 0.00
[11:01:07.722] [ARM-RX] [559] <-2.46 -70.00 0.65> result: 88.80 104.18 -69.17 1.21 83.36 0.00
[11:01:07.722] [ARM-RX] [560] <-2.41 -70.00 0.62> result: 88.83 104.20 -69.18 1.18 83.38 0.00
[11:01:07.722] [ARM-RX] [561] <-2.35 -70.00 0.59> result: 88.85 104.21 -69.18 1.15 83.39 0.00
[11:01:07.745] [ARM-RX] [562] <-2.30 -70.00 0.56> result: 88.88 104.23 -69.18 1.13 83.41 0.00
[11:01:07.745] [ARM-RX] [563] <-2.24 -70.00 0.53> result: 88.91 104.24 -69.18 1.10 83.42 0.00
[11:01:07.745] [ARM-RX] [564] <-2.19 -70.00 0.50> result: 88.94 104.25 -69.18 1.07 83.43 0.00
[11:01:07.746] [ARM-RX] [565] <-2.13 -70.00 0.48> result: 88.96 1
[11:01:07.780] [ARM-RX] 04.26 -69.18 1.04 83.45 0.00
[11:01:07.780] [ARM-RX] [566] <-2.07 -70.00 0.45> result: 88.99 104.28 -69.19 1.02 83.46 0.00
[11:01:07.781] [ARM-RX] [567] <-2.01 -70.00 0.42> result: 89.02 104.29 -69.19 0.99 83.47 0.00
[11:01:07.782] [ARM-RX] [568] <-1.96 -70.00 0.40> result: 89.05 104.30 -69.19 0.96 83.49 0.00
[11:01:07.782] [ARM-RX] [569] <-1.90
[11:01:07.804] [ARM-RX] -70.00 0.37> result: 89.08 104.31 -69.19 0.93 83.50 0.00
[11:01:07.804] [ARM-RX] [570] <-1.84 -70.00 0.35> result: 89.10 104.32 -69.19 0.90 83.51 0.00
[11:01:07.804] [ARM-RX] [571] <-1.78 -70.00 0.33> result: 89.13 104.33 -69.19 0.87 83.52 0.00
[11:01:07.804] [ARM-RX] [572] <-1.72 -70.00 0.31> result: 89.16 104.34 -69.19 0.
[11:01:07.825] [ARM-RX] 84 83.53 0.00
[11:01:07.825] [ARM-RX] [573] <-1.66 -70.00 0.29> result: 89.19 104.35 -69.19 0.82 83.54 0.00
[11:01:07.826] [ARM-RX] [574] <-1.60 -70.00 0.26> result: 89.22 104.36 -69.20 0.79 83.56 0.00
[11:01:07.826] [ARM-RX] [575] <-1.55 -70.00 0.24> result: 89.25 104.37 -69.20 0.76 83.57 0.00
[11:01:07.826] [ARM-RX] [576] <-1.49 -70.00 0.23> re
[11:01:07.849] [ARM-RX] sult: 89.28 104.38 -69.20 0.73 83.58 0.00
[11:01:07.850] [ARM-RX] [577] <-1.43 -70.00 0.21> result: 89.31 104.39 -69.20 0.70 83.58 0.00
[11:01:07.850] [ARM-RX] [578] <-1.36 -70.00 0.19> result: 89.34 104.39 -69.20 0.67 83.59 0.00
[11:01:07.850] [ARM-RX] [579] <-1.30 -70.00 0.17> result: 89.36 104.40 -69.20 0.64 83.60 0.00
[11:01:07.873] [ARM-RX] [580] <-1.24 -70.00 0.16> result: 89.39 104.41 -69.20 0.61 83.61 0.00
[11:01:07.873] [ARM-RX] [581] <-1.18 -70.00 0.14> result: 89.42 104.42 -69.20 0.58 83.62 0.00
[11:01:07.874] [ARM-RX] [582] <-1.12 -70.00 0.13> result: 89.45 104.42 -69.20 0.55 83.62 0.00
[11:01:07.874] [ARM-RX] [583] <-1.06 -70.00 0.11> result: 89.48 104
[11:01:07.932] [ARM-RX] .43 -69.20 0.52 83.63 0.00
[11:01:07.932] [ARM-RX] [584] <-1.00 -70.00 0.10> result: 89.51 104.43 -69.20 0.49 83.64 0.00
[11:01:07.932] [ARM-RX] [585] <-0.94 -70.00 0.09> result: 89.54 104.44 -69.20 0.46 83
[11:01:07.951] [ARM-RX] .64 0.00
[11:01:07.951] [ARM-RX] [586] <-0.88 -70.00 0.08> result: 89.57 104.44 -69.21 0.43 83.65 0.00
[11:01:07.951] [ARM-RX] [587] <-0.81 -70.00 0.07> result: 89.60 104.45 -69.21 0.40 83.66 0.00
[11:01:07.952] [ARM-RX] [588] <-0.75 -70.00 0.06> result: 89.63 104.45 -69.21 0.37 83.66 0.00
[11:01:07.952] [ARM-RX] [589] <-0.69 -70.00 0.05> result:
[11:01:07.953] [ARM-RX] 89.66 104.46 -69.21 0.34 83.67 0.00
[11:01:07.953] [ARM-RX] [590] <-0.63 -70.00 0.04> result: 89.69 104.46 -69.21 0.31 83.67 0.00
[11:01:07.953] [ARM-RX] [591] <-0.56 -70.00 0.03> result: 89.73 104.47 -69.21 0.28 83.67 0.00
[11:01:07.953] [ARM-RX] [592] <-0.50 -70.00 0.03> result: 89.76 104.47 -69.21 0.25 83.68 0.00
[11:01:07.953] [ARM-RX] [593]
[11:01:07.965] [ARM-RX] <-0.44 -70.00 0.02> result: 89.79 104.47 -69.21 0.22 83.68 0.00
[11:01:07.965] [ARM-RX] [594] <-0.38 -70.00 0.01> result: 89.82 104.47 -69.21 0.18 83.68 0.00
[11:01:07.965] [ARM-RX] [595] <-0.31 -70.00 0.01> result: 89.85 104.48 -69.21 0.15 83.68 0.00
[11:01:07.965] [ARM-RX] [596] <-0.25 -70.00 0.01> result: 89.88 104.48 -
[11:01:07.986] [ARM-RX] 69.21 0.12 83.69 0.00
[11:01:07.986] [ARM-RX] [597] <-0.19 -70.00 0.00> result: 89.91 104.48 -69.21 0.09 83.69 0.00
[11:01:07.987] [ARM-RX] [598] <-0.13 -70.00 0.00> result: 89.94 104.48 -69.21 0.06 83.69 0.00
[11:01:07.987] [ARM-RX] [599] <-0.06 -70.00 0.00> result: 89.97 104.48 -69.21 0.03 83.69 0.00
[11:01:07.987] [ARM-RX] [600] <0.00 -70.00 0
[11:01:08.010] [ARM-RX] .00> result: 90.00 104.48 -69.21 0.00 83.69 0.00
[11:01:08.010] [ARM-RX] [601] <0.06 -70.00 0.00> result: 90.03 104.48 -69.21 -0.03 83.69 0.00
[11:01:08.010] [ARM-RX] [602] <0.13 -70.00 0.00> result: 90.06 104.48 -69.21 -0.06 83.69 0.00
[11:01:08.010] [ARM-RX] [603] <0.19 -70.00 0.00> result: 90.09 104.48 -69.21 -0.09 83.69
[11:01:08.034] [ARM-RX] 0.00
[11:01:08.034] [ARM-RX] [604] <0.25 -70.00 0.01> result: 90.12 104.48 -69.21 -0.12 83.69 0.00
[11:01:08.034] [ARM-RX] [605] <0.31 -70.00 0.01> result: 90.15 104.48 -69.21 -0.15 83.68 0.00
[11:01:08.034] [ARM-RX] [606] <0.38 -70.00 0.01> result: 90.18 104.47 -69.21 -0.18 83.68 0.00
[11:01:08.034] [ARM-RX] [607] <0.44 -70.00 0.02> result: 90.
[11:01:08.055] [ARM-RX] 21 104.47 -69.21 -0.22 83.68 0.00
[11:01:08.056] [ARM-RX] [608] <0.50 -70.00 0.03> result: 90.24 104.47 -69.21 -0.25 83.68 0.00
[11:01:08.056] [ARM-RX] [609] <0.56 -70.00 0.03> result: 90.27 104.47 -69.21 -0.28 83.67 0.00
[11:01:08.056] [ARM-RX] [610] <0.63 -70.00 0.04> result: 90.31 104.46 -69.21 -0.31 83.67 0.00
[11:01:08.056] [ARM-RX] [611] <0
[11:01:08.091] [ARM-RX] .69 -70.00 0.05> result: 90.34 104.46 -69.21 -0.34 83.67 0.00
[11:01:08.091] [ARM-RX] [612] <0.75 -70.00 0.06> result: 90.37 104.45 -69.21 -0.37 83.66 0.00
[11:01:08.091] [ARM-RX] [613] <0.81 -70.00 0.07> result: 90.40 104.45 -69.21 -0.40 83.66 0.00
[11:01:08.092] [ARM-RX] [614] <0.88 -70.00 0.08> result: 90.43 104.44 -69.2
[11:01:08.114] [ARM-RX] 1 -0.43 83.65 0.00
[11:01:08.114] [ARM-RX] [615] <0.94 -70.00 0.09> result: 90.46 104.44 -69.20 -0.46 83.64 0.00
[11:01:08.114] [ARM-RX] [616] <1.00 -70.00 0.10> result: 90.49 104.43 -69.20 -0.49 83.64 0.00
[11:01:08.114] [ARM-RX] [617] <1.06 -70.00 0.11> result: 90.52 104.43 -69.20 -0.52 83.63 0.00
[11:01:08.115] [ARM-RX] [618] <1.12 -70.00 0.13
[11:01:08.137] [ARM-RX] > result: 90.55 104.42 -69.20 -0.55 83.62 0.00
[11:01:08.137] [ARM-RX] [619] <1.18 -70.00 0.14> result: 90.58 104.42 -69.20 -0.58 83.62 0.00
[11:01:08.137] [ARM-RX] [620] <1.24 -70.00 0.16> result: 90.61 104.41 -69.20 -0.61 83.61 0.00
[11:01:08.138] [ARM-RX] [621] <1.30 -70.00 0.17> result: 90.64 104.40 -69.20 -0.64 83.60 0
[11:01:08.160] [ARM-RX] .00
[11:01:08.160] [ARM-RX] [622] <1.36 -70.00 0.19> result: 90.66 104.39 -69.20 -0.67 83.59 0.00
[11:01:08.160] [ARM-RX] [623] <1.43 -70.00 0.21> result: 90.69 104.39 -69.20 -0.70 83.58 0.00
[11:01:08.160] [ARM-RX] [624] <1.49 -70.00 0.23> result: 90.72 104.38 -69.20 -0.73 83.58 0.00
[11:01:08.160] [ARM-RX] [625] <1.55 -70.00 0.24> result: 90.75
[11:01:08.184] [ARM-RX] 104.37 -69.20 -0.76 83.57 0.00
[11:01:08.184] [ARM-RX] [626] <1.60 -70.00 0.26> result: 90.78 104.36 -69.20 -0.79 83.56 0.00
[11:01:08.184] [ARM-RX] [627] <1.66 -70.00 0.29> result: 90.81 104.35 -69.19 -0.82 83.54 0.00
[11:01:08.184] [ARM-RX] [628] <1.72 -70.00 0.31> result: 90.84 104.34 -69.19 -0.84 83.53 0.00
[11:01:08.185] [ARM-RX] [629] <1.7
[11:01:08.207] [ARM-RX] 8 -70.00 0.33> result: 90.87 104.33 -69.19 -0.87 83.52 0.00
[11:01:08.207] [ARM-RX] [630] <1.84 -70.00 0.35> result: 90.90 104.32 -69.19 -0.90 83.51 0.00
[11:01:08.207] [ARM-RX] [631] <1.90 -70.00 0.37> result: 90.92 104.31 -69.19 -0.93 83.50 0.00
[11:01:08.208] [ARM-RX] [632] <1.96 -70.00 0.40> result: 90.95 104.30 -69.19
[11:01:08.231] [ARM-RX] -0.96 83.49 0.00
[11:01:08.232] [ARM-RX] [633] <2.01 -70.00 0.42> result: 90.98 104.29 -69.19 -0.99 83.47 0.00
[11:01:08.232] [ARM-RX] [634] <2.07 -70.00 0.45> result: 91.01 104.28 -69.19 -1.02 83.46 0.00
[11:01:08.232] [ARM-RX] [635] <2.13 -70.00 0.48> result: 91.04 104.26 -69.18 -1.04 83.45 0.00
[11:01:08.232] [ARM-RX] [636] <2.19 -70.00 0.50>
[11:01:08.253] [ARM-RX] result: 91.06 104.25 -69.18 -1.07 83.43 0.00
[11:01:08.253] [ARM-RX] [637] <2.24 -70.00 0.53> result: 91.09 104.24 -69.18 -1.10 83.42 0.00
[11:01:08.253] [ARM-RX] [638] <2.30 -70.00 0.56> result: 91.12 104.23 -69.18 -1.13 83.41 0.00
[11:01:08.254] [ARM-RX] [639] <2.35 -70.00 0.59> result: 91.15 104.21 -69.18 -1.15 83.39 0.0
[11:01:08.288] [ARM-RX] 0
[11:01:08.288] [ARM-RX] [640] <2.41 -70.00 0.62> result: 91.17 104.20 -69.18 -1.18 83.38 0.00
[11:01:08.288] [ARM-RX] [641] <2.46 -70.00 0.65> result: 91.20 104.18 -69.17 -1.21 83.36 0.00
[11:01:08.288] [ARM-RX] [642] <2.52 -70.00 0.68> result: 91.23 104.17 -69.17 -1.23 83.34 0.00
[11:01:08.288] [ARM-RX] [643] <2.57 -70.00 0.71> result: 91.25 1
[11:01:08.310] [ARM-RX] 04.16 -69.17 -1.26 83.33 0.00
[11:01:08.311] [ARM-RX] [644] <2.63 -70.00 0.75> result: 91.28 104.14 -69.17 -1.29 83.31 0.00
[11:01:08.311] [ARM-RX] [645] <2.68 -70.00 0.78> result: 91.30 104.13 -69.17 -1.31 83.29 0.00
[11:01:08.311] [ARM-RX] [646] <2.73 -70.00 0.81> result: 91.33 104.11 -69.17 -1.34 83.28 0.00
[11:01:08.311] [ARM-RX] [647] <2.78
[11:01:08.333] [ARM-RX] -70.00 0.85> result: 91.36 104.09 -69.16 -1.37 83.26 0.00
[11:01:08.334] [ARM-RX] [648] <2.84 -70.00 0.88> result: 91.38 104.08 -69.16 -1.39 83.24 0.00
[11:01:08.334] [ARM-RX] [649] <2.89 -70.00 0.92> result: 91.41 104.06 -69.16 -1.42 83.22 0.00
[11:01:08.334] [ARM-RX] [650] <2.94 -70.00 0.95> result: 91.43 104.04 -69.16 -1
[11:01:08.357] [ARM-RX] .44 83.21 0.00
[11:01:08.357] [ARM-RX] [651] <2.99 -70.00 0.99> result: 91.46 104.03 -69.16 -1.47 83.19 0.00
[11:01:08.357] [ARM-RX] [652] <3.04 -70.00 1.03> result: 91.48 104.01 -69.15 -1.49 83.17 0.00
[11:01:08.357] [ARM-RX] [653] <3.09 -70.00 1.07> result: 91.50 103.99 -69.15 -1.52 83.15 0.00
[11:01:08.358] [ARM-RX] [654] <3.14 -70.00 1.11> re
[11:01:08.379] [ARM-RX] sult: 91.53 103.98 -69.15 -1.54 83.13 0.00
[11:01:08.379] [ARM-RX] [655] <3.19 -70.00 1.15> result: 91.55 103.96 -69.15 -1.56 83.11 0.00
[11:01:08.381] [ARM-RX] [656] <3.24 -70.00 1.19> result: 91.58 103.94 -69.15 -1.59 83.09 0.00
[11:01:08.381] [ARM-RX] [657] <3.28 -70.00 1.23> result: 91.60 103.92 -69.14 -1.61 83.07 0.00
[11:01:08.402] [ARM-RX] [658] <3.33 -70.00 1.27> result: 91.62 103.90 -69.14 -1.63 83.05 0.00
[11:01:08.403] [ARM-RX] [659] <3.38 -70.00 1.31> result: 91.64 103.88 -69.14 -1.66 83.02 0.00
[11:01:08.403] [ARM-RX] [660] <3.42 -70.00 1.36> result: 91.67 103.86 -69.14 -1.68 83.00 0.00
[11:01:08.403] [ARM-RX] [661] <3.47 -70.00 1.40> result: 91.69 103
[11:01:08.426] [ARM-RX] .84 -69.13 -1.70 82.98 0.00
[11:01:08.426] [ARM-RX] [662] <3.51 -70.00 1.44> result: 91.71 103.82 -69.13 -1.72 82.96 0.00
[11:01:08.426] [ARM-RX] [663] <3.56 -70.00 1.49> result: 91.73 103.80 -69.13 -1.75 82.94 0.00
[11:01:08.427] [ARM-RX] [664] <3.60 -70.00 1.53> result: 91.75 103.78 -69.13 -1.77 82.91 0.00
[11:01:08.427] [ARM-RX] [665] <3.64 -7
[11:01:08.461] [ARM-RX] 0.00 1.58> result: 91.77 103.76 -69.13 -1.79 82.89 0.00
[11:01:08.461] [ARM-RX] [666] <3.69 -70.00 1.62> result: 91.80 103.74 -69.12 -1.81 82.87 0.00
[11:01:08.461] [ARM-RX] [667] <3.73 -70.00 1.67> result: 91.82 103.72 -69.12 -1.83 82.84 0.00
[11:01:08.462] [ARM-RX] [668] <3.77 -70.00 1.72> result: 91.84 103.70 -69.12 -1.8
[11:01:08.483] [ARM-RX] 5 82.82 0.00
[11:01:08.483] [ARM-RX] [669] <3.81 -70.00 1.76> result: 91.86 103.68 -69.12 -1.87 82.80 0.00
[11:01:08.484] [ARM-RX] [670] <3.85 -70.00 1.81> result: 91.88 103.65 -69.11 -1.89 82.77 0.00
[11:01:08.484] [ARM-RX] [671] <3.89 -70.00 1.86> result: 91.90 103.63 -69.11 -1.91 82.75 0.00
[11:01:08.484] [ARM-RX] [672] <3.93 -70.00 1.91> resu
[11:01:08.506] [ARM-RX] lt: 91.91 103.61 -69.11 -1.93 82.72 0.00
[11:01:08.507] [ARM-RX] [673] <3.97 -70.00 1.96> result: 91.93 103.59 -69.10 -1.95 82.70 0.00
[11:01:08.507] [ARM-RX] [674] <4.01 -70.00 2.01> result: 91.95 103.56 -69.10 -1.97 82.67 0.00
[11:01:08.507] [ARM-RX] [675] <4.05 -70.00 2.06> result: 91.97 103.54 -69.10 -1.99 82.65 0.00
[11:01:08.507] [ARM-RX] [
[11:01:08.529] [ARM-RX] 676] <4.08 -70.00 2.11> result: 91.99 103.52 -69.10 -2.00 82.62 0.00
[11:01:08.529] [ARM-RX] [677] <4.12 -70.00 2.16> result: 92.00 103.49 -69.09 -2.02 82.59 0.00
[11:01:08.530] [ARM-RX] [678] <4.15 -70.00 2.22> result: 92.02 103.47 -69.09 -2.04 82.57 0.00
[11:01:08.530] [ARM-RX] [679] <4.19 -70.00 2.27> result: 92.04 103.4
[11:01:08.554] [ARM-RX] 5 -69.09 -2.06 82.54 0.00
[11:01:08.554] [ARM-RX] [680] <4.22 -70.00 2.32> result: 92.06 103.42 -69.09 -2.07 82.51 0.00
[11:01:08.554] [ARM-RX] [681] <4.25 -70.00 2.37> result: 92.07 103.40 -69.08 -2.09 82.49 0.00
[11:01:08.554] [ARM-RX] [682] <4.29 -70.00 2.43> result: 92.09 103.37 -69.08 -2.11 82.46 0.00
[11:01:08.554] [ARM-RX] [683] <4.32 -70.
[11:01:08.576] [ARM-RX] 00 2.48> result: 92.10 103.35 -69.08 -2.12 82.43 0.00
[11:01:08.577] [ARM-RX] [684] <4.35 -70.00 2.54> result: 92.12 103.33 -69.07 -2.14 82.40 0.00
[11:01:08.577] [ARM-RX] [685] <4.38 -70.00 2.59> result: 92.13 103.30 -69.07 -2.15 82.38 0.00
[11:01:08.577] [ARM-RX] [686] <4.41 -70.00 2.65> result: 92.15 103.28 -69.07 -2.17
[11:01:08.600] [ARM-RX] 82.35 0.00
[11:01:08.600] [ARM-RX] [687] <4.44 -70.00 2.70> result: 92.16 103.25 -69.07 -2.18 82.32 0.00
[11:01:08.600] [ARM-RX] [688] <4.47 -70.00 2.76> result: 92.18 103.22 -69.06 -2.20 82.29 0.00
[11:01:08.600] [ARM-RX] [689] <4.50 -70.00 2.81> result: 92.19 103.20 -69.06 -2.21 82.26 0.00
[11:01:08.600] [ARM-RX] [690] <4.52 -70.00 2.87> result
[11:01:08.623] [ARM-RX] : 92.20 103.17 -69.06 -2.22 82.24 0.00
[11:01:08.623] [ARM-RX] [691] <4.55 -70.00 2.93> result: 92.22 103.15 -69.05 -2.24 82.21 0.00
[11:01:08.623] [ARM-RX] [692] <4.58 -70.00 2.99> result: 92.23 103.12 -69.05 -2.25 82.18 0.00
[11:01:08.623] [ARM-RX] [693] <4.60 -70.00 3.04> result: 92.24 103.10 -69.05 -2.26 82.15 0.00
[11:01:08.623] [ARM-RX] [69
[11:01:08.658] [ARM-RX] 4] <4.63 -70.00 3.10> result: 92.25 103.07 -69.04 -2.27 82.12 0.00
[11:01:08.658] [ARM-RX] [695] <4.65 -70.00 3.16> result: 92.26 103.04 -69.04 -2.28 82.09 0.00
[11:01:08.659] [ARM-RX] [696] <4.67 -70.00 3.22> result: 92.27 103.02 -69.04 -2.30 82.06 0.00
[11:01:08.659] [ARM-RX] [697] <4.69 -70.00 3.28> result: 92.28 102.99
[11:01:08.680] [ARM-RX] -69.03 -2.31 82.03 0.00
[11:01:08.680] [ARM-RX] [698] <4.71 -70.00 3.34> result: 92.30 102.96 -69.03 -2.32 82.00 0.00
[11:01:08.680] [ARM-RX] [699] <4.74 -70.00 3.40> result: 92.31 102.94 -69.03 -2.33 81.97 0.00
[11:01:08.682] [ARM-RX] [700] <4.76 -70.00 3.45> result: 92.31 102.91 -69.03 -2.34 81.94 0.00
[11:01:08.682] [ARM-RX] [701] <4.77 -70.00
[11:01:08.704] [ARM-RX] 3.51> result: 92.32 102.88 -69.02 -2.35 81.91 0.00
[11:01:08.704] [ARM-RX] [702] <4.79 -70.00 3.57> result: 92.33 102.85 -69.02 -2.36 81.88 0.00
[11:01:08.704] [ARM-RX] [703] <4.81 -70.00 3.64> result: 92.34 102.83 -69.02 -2.37 81.85 0.00
[11:01:08.704] [ARM-RX] [704] <4.83 -70.00 3.70> result: 92.35 102.80 -69.01 -2.37 81
[11:01:08.727] [ARM-RX] .82 0.00
[11:01:08.727] [ARM-RX] [705] <4.84 -70.00 3.76> result: 92.36 102.77 -69.01 -2.38 81.79 0.00
[11:01:08.727] [ARM-RX] [706] <4.86 -70.00 3.82> result: 92.36 102.74 -69.01 -2.39 81.76 0.00
[11:01:08.727] [ARM-RX] [707] <4.87 -70.00 3.88> result: 92.37 102.72 -69.00 -2.40 81.73 0.00
[11:01:08.732] [ARM-RX] [708] <4.89 -70.00 3.94> result:
[11:01:08.751] [ARM-RX] 92.38 102.69 -69.00 -2.40 81.69 0.00
[11:01:08.751] [ARM-RX] [709] <4.90 -70.00 4.00> result: 92.38 102.66 -69.00 -2.41 81.66 0.00
[11:01:08.751] [ARM-RX] [710] <4.91 -70.00 4.06> result: 92.39 102.63 -68.99 -2.42 81.63 0.00
[11:01:08.752] [ARM-RX] [711] <4.92 -70.00 4.12> result: 92.40 102.60 -68.99 -2.42 81.60 0.00
[11:01:08.752] [ARM-RX] [712]
[11:01:08.773] [ARM-RX] <4.93 -70.00 4.19> result: 92.40 102.58 -68.99 -2.43 81.57 0.00
[11:01:08.773] [ARM-RX] [713] <4.94 -70.00 4.25> result: 92.41 102.55 -68.98 -2.43 81.54 0.00
[11:01:08.775] [ARM-RX] [714] <4.95 -70.00 4.31> result: 92.41 102.52 -68.98 -2.44 81.51 0.00
[11:01:08.775] [ARM-RX] [715] <4.96 -70.00 4.37> result: 92.41 102.49 -6
[11:01:08.796] [ARM-RX] 8.98 -2.44 81.48 0.00
[11:01:08.797] [ARM-RX] [716] <4.97 -70.00 4.44> result: 92.42 102.46 -68.97 -2.45 81.44 0.00
[11:01:08.797] [ARM-RX] [717] <4.97 -70.00 4.50> result: 92.42 102.44 -68.97 -2.45 81.41 0.00
[11:01:08.797] [ARM-RX] [718] <4.98 -70.00 4.56> result: 92.42 102.41 -68.97 -2.45 81.38 0.00
[11:01:08.797] [ARM-RX] [719] <4.99 -70.00 4
[11:01:08.833] [ARM-RX] .62> result: 92.43 102.38 -68.96 -2.45 81.35 0.00
[11:01:08.833] [ARM-RX] [720] <4.99 -70.00 4.69> result: 92.43 102.35 -68.96 -2.46 81.32 0.00
[11:01:08.833] [ARM-RX] [721] <4.99 -70.00 4.75> result: 92.43 102.32 -68.96 -2.46 81.29 0.00
[11:01:08.834] [ARM-RX] [722] <5.00 -70.00 4.81> result: 92.43 102.29 -68.95 -2.46 81.2
[11:01:08.855] [ARM-RX] 5 0.00
[11:01:08.855] [ARM-RX] [723] <5.00 -70.00 4.87> result: 92.43 102.26 -68.95 -2.46 81.22 0.00
[11:01:08.855] [ARM-RX] [724] <5.00 -70.00 4.94> result: 92.43 102.24 -68.95 -2.46 81.19 0.00
[11:01:08.856] [ARM-RX] [725] <5.00 -70.00 5.00> result: 92.43 102.21 -68.94 -2.46 81.16 0.00
[11:01:08.856] [ARM-RX] [726] <5.00 -70.00 5.06> result: 92
[11:01:08.878] [ARM-RX] .43 102.18 -68.94 -2.46 81.13 0.00
[11:01:08.879] [ARM-RX] [727] <5.00 -70.00 5.13> result: 92.43 102.15 -68.94 -2.46 81.10 0.00
[11:01:08.879] [ARM-RX] [728] <5.00 -70.00 5.19> result: 92.43 102.12 -68.93 -2.46 81.06 0.00
[11:01:08.879] [ARM-RX] [729] <4.99 -70.00 5.25> result: 92.43 102.09 -68.93 -2.46 81.03 0.00
[11:01:08.879] [ARM-RX] [730] <
[11:01:08.901] [ARM-RX] 4.99 -70.00 5.31> result: 92.43 102.07 -68.93 -2.46 81.00 0.00
[11:01:08.901] [ARM-RX] [731] <4.99 -70.00 5.38> result: 92.43 102.04 -68.92 -2.46 80.97 0.00
[11:01:08.901] [ARM-RX] [732] <4.98 -70.00 5.44> result: 92.42 102.01 -68.92 -2.46 80.94 0.00
[11:01:08.901] [ARM-RX] [733] <4.97 -70.00 5.50> result: 92.42 101.98 -68.
[11:01:08.923] [ARM-RX] 92 -2.45 80.91 0.00
[11:01:08.924] [ARM-RX] [734] <4.97 -70.00 5.56> result: 92.42 101.95 -68.91 -2.45 80.87 0.00
[11:01:08.924] [ARM-RX] [735] <4.96 -70.00 5.63> result: 92.41 101.92 -68.91 -2.45 80.84 0.00
[11:01:08.924] [ARM-RX] [736] <4.95 -70.00 5.69> result: 92.41 101.90 -68.91 -2.44 80.81 0.00
[11:01:08.925] [ARM-RX] [737] <4.94 -70.00 5.7
[11:01:08.946] [ARM-RX] 5> result: 92.41 101.87 -68.90 -2.44 80.78 0.00
[11:01:08.947] [ARM-RX] [738] <4.93 -70.00 5.81> result: 92.40 101.84 -68.90 -2.43 80.75 0.00
[11:01:08.947] [ARM-RX] [739] <4.92 -70.00 5.88> result: 92.40 101.81 -68.90 -2.43 80.72 0.00
[11:01:08.947] [ARM-RX] [740] <4.91 -70.00 5.94> result: 92.39 101.78 -68.89 -2.42 80.69
[11:01:08.971] [ARM-RX] 0.00
[11:01:08.971] [ARM-RX] [741] <4.90 -70.00 6.00> result: 92.38 101.76 -68.89 -2.42 80.65 0.00
[11:01:08.971] [ARM-RX] [742] <4.89 -70.00 6.06> result: 92.38 101.73 -68.89 -2.41 80.62 0.00
[11:01:08.972] [ARM-RX] [743] <4.87 -70.00 6.12> result: 92.37 101.70 -68.88 -2.40 80.59 0.00
[11:01:08.972] [ARM-RX] [744] <4.86 -70.00 6.18> result: 92.3
[11:01:08.994] [ARM-RX] 6 101.67 -68.88 -2.40 80.56 0.00
[11:01:08.994] [ARM-RX] [745] <4.84 -70.00 6.24> result: 92.36 101.65 -68.88 -2.39 80.53 0.00
[11:01:08.994] [ARM-RX] [746] <4.83 -70.00 6.30> result: 92.35 101.62 -68.87 -2.38 80.50 0.00
[11:01:08.994] [ARM-RX] [747] <4.81 -70.00 6.36> result: 92.34 101.59 -68.87 -2.37 80.47 0.00
[11:01:08.995] [ARM-RX] [748] <4.
[11:01:09.029] [ARM-RX] 79 -70.00 6.43> result: 92.33 101.56 -68.87 -2.37 80.44 0.00
[11:01:09.029] [ARM-RX] [749] <4.77 -70.00 6.49> result: 92.32 101.54 -68.86 -2.36 80.41 0.00
[11:01:09.029] [ARM-RX] [750] <4.76 -70.00 6.55> result: 92.31 101.51 -68.86 -2.35 80.38 0.00
[11:01:09.029] [ARM-RX] [751] <4.74 -70.00 6.60> result: 92.31 101.48 -68.86
[11:01:09.051] [ARM-RX] -2.34 80.35 0.00
[11:01:09.051] [ARM-RX] [752] <4.71 -70.00 6.66> result: 92.30 101.46 -68.86 -2.33 80.32 0.00
[11:01:09.053] [ARM-RX] [753] <4.69 -70.00 6.72> result: 92.28 101.43 -68.85 -2.32 80.29 0.00
[11:01:09.055] [ARM-RX] [754] <4.67 -70.00 6.78> result: 92.27 101.40 -68.85 -2.31 80.26 0.00
[11:01:09.055] [ARM-RX] [755] <4.65 -70.00 6.84>
[11:01:09.075] [ARM-RX] result: 92.26 101.38 -68.85 -2.30 80.23 0.00
[11:01:09.075] [ARM-RX] [756] <4.63 -70.00 6.90> result: 92.25 101.35 -68.84 -2.29 80.20 0.00
[11:01:09.075] [ARM-RX] [757] <4.60 -70.00 6.96> result: 92.24 101.32 -68.84 -2.27 80.17 0.00
[11:01:09.076] [ARM-RX] [758] <4.58 -70.00 7.01> result: 92.23 101.30 -68.84 -2.26 80.14 0.
[11:01:09.098] [ARM-RX] 00
[11:01:09.098] [ARM-RX] [759] <4.55 -70.00 7.07> result: 92.22 101.27 -68.83 -2.25 80.11 0.00
[11:01:09.098] [ARM-RX] [760] <4.52 -70.00 7.13> result: 92.20 101.25 -68.83 -2.24 80.08 0.00
[11:01:09.099] [ARM-RX] [761] <4.50 -70.00 7.19> result: 92.19 101.22 -68.83 -2.22 80.06 0.00
[11:01:09.099] [ARM-RX] [762] <4.47 -70.00 7.24> result: 92.18
[11:01:09.121] [ARM-RX] 101.19 -68.82 -2.21 80.03 0.00
[11:01:09.121] [ARM-RX] [763] <4.44 -70.00 7.30> result: 92.16 101.17 -68.82 -2.20 80.00 0.00
[11:01:09.121] [ARM-RX] [764] <4.41 -70.00 7.35> result: 92.15 101.14 -68.82 -2.18 79.97 0.00
[11:01:09.121] [ARM-RX] [765] <4.38 -70.00 7.41> result: 92.13 101.12 -68.82 -2.17 79.94 0.00
[11:01:09.122] [ARM-RX] [766] <4.35
[11:01:09.144] [ARM-RX] -70.00 7.46> result: 92.12 101.09 -68.81 -2.15 79.91 0.00
[11:01:09.144] [ARM-RX] [767] <4.32 -70.00 7.52> result: 92.10 101.07 -68.81 -2.14 79.89 0.00
[11:01:09.145] [ARM-RX] [768] <4.29 -70.00 7.57> result: 92.09 101.05 -68.81 -2.12 79.86 0.00
[11:01:09.145] [ARM-RX] [769] <4.25 -70.00 7.63> result: 92.07 101.02 -68.80 -
[11:01:09.168] [ARM-RX] 2.10 79.83 0.00
[11:01:09.168] [ARM-RX] [770] <4.22 -70.00 7.68> result: 92.06 101.00 -68.80 -2.09 79.81 0.00
[11:01:09.168] [ARM-RX] [771] <4.19 -70.00 7.73> result: 92.04 100.97 -68.80 -2.07 79.78 0.00
[11:01:09.168] [ARM-RX] [772] <4.15 -70.00 7.78> result: 92.02 100.95 -68.80 -2.05 79.75 0.00
[11:01:09.168] [ARM-RX] [773] <4.12 -70.00 7.84> r
[11:01:09.201] [ARM-RX] esult: 92.00 100.93 -68.79 -2.04 79.73 0.00
[11:01:09.201] [ARM-RX] [774] <4.08 -70.00 7.89> result: 91.99 100.90 -68.79 -2.02 79.70 0.00
[11:01:09.202] [ARM-RX] [775] <4.05 -70.00 7.94> result: 91.97 100.88 -68.79 -2.00 79.67 0.00
[11:01:09.202] [ARM-RX] [776] <4.01 -70.00 7.99> result: 91.95 100.86 -68.79 -1.98 79.65 0.00
[11:01:09.227] [ARM-RX] [777] <3.97 -70.00 8.04> result: 91.93 100.83 -68.78 -1.97 79.62 0.00
[11:01:09.227] [ARM-RX] [778] <3.93 -70.00 8.09> result: 91.91 100.81 -68.78 -1.95 79.60 0.00
[11:01:09.227] [ARM-RX] [779] <3.89 -70.00 8.14> result: 91.90 100.79 -68.78 -1.93 79.57 0.00
[11:01:09.227] [ARM-RX] [780] <3.85 -70.00 8.19> result: 91.88 10
[11:01:09.254] [ARM-RX] 0.77 -68.77 -1.91 79.55 0.00
[11:01:09.254] [ARM-RX] [781] <3.81 -70.00 8.24> result: 91.86 100.75 -68.77 -1.89 79.52 0.00
[11:01:09.254] [ARM-RX] [782] <3.77 -70.00 8.28> result: 91.84 100.73 -68.77 -1.87 79.50 0.00
[11:01:09.254] [ARM-RX] [783] <3.73 -70.00 8.33> result: 91.82 100.70 -68.77 -1.85 79.48 0.00
[11:01:09.255] [ARM-RX] [784] <3.69 -
[11:01:09.271] [ARM-RX] 70.00 8.38> result: 91.80 100.68 -68.76 -1.83 79.45 0.00
[11:01:09.272] [ARM-RX] [785] <3.64 -70.00 8.42> result: 91.77 100.66 -68.76 -1.81 79.43 0.00
[11:01:09.272] [ARM-RX] [786] <3.60 -70.00 8.47> result: 91.75 100.64 -68.76 -1.78 79.41 0.00
[11:01:09.272] [ARM-RX] [787] <3.56 -70.00 8.51> result: 91.73 100.62 -68.76 -1.
[11:01:09.296] [ARM-RX] 76 79.38 0.00
[11:01:09.296] [ARM-RX] [788] <3.51 -70.00 8.56> result: 91.71 100.60 -68.76 -1.74 79.36 0.00
[11:01:09.296] [ARM-RX] [789] <3.47 -70.00 8.60> result: 91.69 100.58 -68.75 -1.72 79.34 0.00
[11:01:09.296] [ARM-RX] [790] <3.42 -70.00 8.64> result: 91.67 100.56 -68.75 -1.70 79.32 0.00
[11:01:09.296] [ARM-RX] [791] <3.38 -70.00 8.69> res
[11:01:09.317] [ARM-RX] ult: 91.64 100.54 -68.75 -1.67 79.30 0.00
[11:01:09.317] [ARM-RX] [792] <3.33 -70.00 8.73> result: 91.62 100.52 -68.75 -1.65 79.27 0.00
[11:01:09.318] [ARM-RX] [793] <3.28 -70.00 8.77> result: 91.60 100.51 -68.74 -1.63 79.25 0.00
[11:01:09.318] [ARM-RX] [794] <3.24 -70.00 8.81> result: 91.58 100.49 -68.74 -1.60 79.23 0.00
[11:01:09.341] [ARM-RX] [795] <3.19 -70.00 8.85> result: 91.55 100.47 -68.74 -1.58 79.21 0.00
[11:01:09.341] [ARM-RX] [796] <3.14 -70.00 8.89> result: 91.53 100.45 -68.74 -1.56 79.19 0.00
[11:01:09.341] [ARM-RX] [797] <3.09 -70.00 8.93> result: 91.50 100.43 -68.74 -1.53 79.17 0.00
[11:01:09.342] [ARM-RX] [798] <3.04 -70.00 8.97> result: 91.48 100.
[11:01:09.392] [ARM-RX] 42 -68.73 -1.51 79.15 0.00
[11:01:09.392] [ARM-RX] [799] <2.99 -70.00 9.01> result: 91.46 100.40 -68.73 -1.48 79.13 0.00
[11:01:17.479] [ARM-RX] [joint 1] ave_error:0.06
[11:01:17.479] [ARM-RX] [joint 2] ave_error:1.58
[11:01:17.479] [ARM-RX] [joint 3] ave_error:1.18
[11:01:17.479] [ARM-RX] [joint 4] ave_error:0.04
[11:01:17.479] [ARM-RX] [joint 5] ave_error:0.44
[11:01:17.481] [ARM-RX] robot pid run finished!!
[11:01:20.526] [ARM-TX] 发送命令 soft_reset: soft_reset
[11:01:20.658] [ARM-RX] Found handler for 'soft_reset', executing...
[11:01:20.659] [ARM-RX] ROBOT_SOFT_RESET_EVENT
[11:01:20.660] [ARM-RX] --- Starting soft reset ---
[11:01:20.843] [ARM-RX] Soft reset motors enabled (J1~J5, J6 skipped).
[11:01:20.843] [ARM-RX] Soft resetting joint 4...
[11:01:20.843] [ARM-RX] robot_update_current_angle 4...
[11:01:20.844] [ARM-RX] [4] current:79.50, target:90.00, dir:1
[11:01:21.961] [ARM-RX] Soft resetting joint 3...
[11:01:21.961] [ARM-RX] robot_update_current_angle 3...
[11:01:21.962] [ARM-RX] [3] current:-1.40, target:0.00, dir:1
[11:01:22.209] [ARM-RX] Soft resetting joint 1...
[11:01:22.271] [ARM-RX] robot_update_current_angle 1...
[11:01:22.271] [ARM-RX] [1] current:100.54, target:90.00, dir:-1
[11:01:23.757] [ARM-RX] soft reset joint 1 settle timeout, keep going
[11:01:23.757] [ARM-RX] Soft resetting joint 2...
[11:01:23.757] [ARM-RX] robot_update_current_angle 2...
[11:01:23.758] [ARM-RX] [2] current:-68.78, target:-90.00, dir:-1
[11:01:25.495] [ARM-RX] soft reset joint 2 settle timeout, keep going
[11:01:25.495] [ARM-RX] Soft resetting joint 0...
[11:01:25.495] [ARM-RX] robot_update_current_angle 0...
[11:01:25.495] [ARM-RX] [0] current:91.37, target:90.00, dir:-1
[11:01:25.864] [ARM-RX] soft reset final verify PASS (issues:2), pose set HOME.
[11:01:45.849] [ARM-TX] 发送命令 abs_rotate 0 5: abs_rotate 0 5
[11:01:45.956] [ARM-RX] Found handler for 'abs_rotate', executing...
[11:01:45.956] [ARM-RX] [joint_id: 0] ROBOT_JOINT_ABS_ROTATE 5.000000
[11:01:58.459] [ARM-TX] 发送命令 abs_rotate 0 95: abs_rotate 0 95
[11:01:58.508] [ARM-RX] Found handler for 'abs_rotate', executing...
[11:01:58.508] [ARM-RX] [joint_id: 0] ROBOT_JOINT_ABS_ROTATE 95.000000
[11:02:36.445] [ARM-TX] 发送命令 abs_rotate 0 90: abs_rotate 0 90
[11:02:36.516] [ARM-RX] Found handler for 'abs_rotate', executing...
[11:02:36.516] [ARM-RX] [joint_id: 0] ROBOT_JOINT_ABS_ROTATE 90.000000
[11:02:44.548] [ARM-TX] 发送命令 abs_rotate 0 45: abs_rotate 0 45
[11:02:44.668] [ARM-RX] Found handler for 'abs_rotate', executing...
[11:02:44.668] [ARM-RX] [joint_id: 0] ROBOT_JOINT_ABS_ROTATE 45.000000
[11:02:47.759] [ARM-TX] 发送命令 auto 53.21 -96.32 -11: auto 53.21 -96.32 -11
[11:02:47.887] [ARM-RX] Found handler for 'auto', executing...
[11:02:47.887] [ARM-RX] ROBOT_AUTO_EVENT
[11:02:47.887] [ARM-RX] [0] <0.00 0.00 0.00> result: 90.00 90.00 -90.00 0.00 90.00 0.00
[11:02:47.888] [ARM-RX] [1] <0.00 -0.00 -0.00> result: 90.00 90.00 -90.00 -0.00 90.00 0.00
[11:02:47.888] [ARM-RX] [2] <0.00 -0.00 -0.00> result: 90.00 90.00 -90.00 -0.00 90.00 0.00
[11:02:47.910] [ARM-RX] [3] <0.00 -0.00 -0.00> result: 90.00 90.00 -90.00 -0.00 90.00 0.00
[11:02:47.910] [ARM-RX] [4] <0.01 -0.01 -0.00> result: 90.01 90.00 -90.00 -0.01 90.00 0.00
[11:02:47.910] [ARM-RX] [5] <0.01 -0.02 -0.00> result: 90.01 90.01 -89.99 -0.01 90.00 0.00
[11:02:47.910] [ARM-RX] [6] <0.02 -0.03 -0.00> result: 90.02 90.01 -89.99 -
[11:02:47.932] [ARM-RX] 0.02 90.00 0.00
[11:02:47.932] [ARM-RX] [7] <0.03 -0.05 -0.01> result: 90.03 90.02 -89.99 -0.03 90.01 0.00
[11:02:47.932] [ARM-RX] [8] <0.04 -0.07 -0.01> result: 90.05 90.03 -89.98 -0.05 90.01 0.00
[11:02:47.932] [ARM-RX] [9] <0.05 -0.10 -0.01> result: 90.06 90.04 -89.97 -0.06 90.01 0.00
[11:02:47.932] [ARM-RX] [10] <0.07 -0.13 -0.02> result: 90.
[11:02:47.957] [ARM-RX] 09 90.05 -89.96 -0.09 90.02 0.00
[11:02:47.958] [ARM-RX] [11] <0.10 -0.17 -0.02> result: 90.11 90.07 -89.95 -0.11 90.02 0.00
[11:02:47.958] [ARM-RX] [12] <0.12 -0.22 -0.03> result: 90.15 90.09 -89.94 -0.15 90.03 0.00
[11:02:47.958] [ARM-RX] [13] <0.15 -0.28 -0.03> result: 90.18 90.12 -89.92 -0.18 90.04 0.00
[11:02:47.958] [ARM-RX] [14] <0.19 -0.3
[11:02:47.978] [ARM-RX] 5 -0.04> result: 90.23 90.14 -89.90 -0.23 90.05 0.00
[11:02:47.978] [ARM-RX] [15] <0.23 -0.42 -0.05> result: 90.28 90.17 -89.88 -0.28 90.06 0.00
[11:02:47.979] [ARM-RX] [16] <0.28 -0.51 -0.06> result: 90.33 90.21 -89.86 -0.33 90.07 0.00
[11:02:47.979] [ARM-RX] [17] <0.34 -0.61 -0.07> result: 90.40 90.25 -89.83 -0.40 90.08 0
[11:02:48.001] [ARM-RX] .00
[11:02:48.001] [ARM-RX] [18] <0.40 -0.72 -0.08> result: 90.47 90.29 -89.80 -0.47 90.10 0.00
[11:02:48.002] [ARM-RX] [19] <0.46 -0.84 -0.10> result: 90.55 90.34 -89.77 -0.55 90.11 0.00
[11:02:48.002] [ARM-RX] [20] <0.54 -0.97 -0.11> result: 90.63 90.40 -89.73 -0.63 90.13 0.00
[11:02:48.002] [ARM-RX] [21] <0.62 -1.12 -0.13> result: 90.73 90.46
[11:02:48.024] [ARM-RX] -89.69 -0.73 90.15 0.00
[11:02:48.024] [ARM-RX] [22] <0.71 -1.28 -0.15> result: 90.83 90.52 -89.64 -0.83 90.17 0.00
[11:02:48.024] [ARM-RX] [23] <0.80 -1.46 -0.17> result: 90.94 90.59 -89.60 -0.94 90.19 0.00
[11:02:48.024] [ARM-RX] [24] <0.91 -1.65 -0.19> result: 91.06 90.67 -89.54 -1.06 90.21 0.00
[11:02:48.025] [ARM-RX] [25] <1.02 -1.86 -0.21>
[11:02:48.059] [ARM-RX] result: 91.19 90.75 -89.48 -1.19 90.24 0.00
[11:02:48.059] [ARM-RX] [26] <1.15 -2.08 -0.24> result: 91.32 90.84 -89.42 -1.32 90.26 0.00
[11:02:48.059] [ARM-RX] [27] <1.28 -2.32 -0.26> result: 91.47 90.94 -89.35 -1.47 90.29 0.00
[11:02:48.059] [ARM-RX] [28] <1.42 -2.58 -0.29> result: 91.62 91.04 -89.28 -1.62 90.32 0.00
[11:02:48.059] [ARM-RX] [29]
[11:02:48.082] [ARM-RX] <1.57 -2.85 -0.33> result: 91.79 91.14 -89.20 -1.79 90.35 0.00
[11:02:48.083] [ARM-RX] [30] <1.74 -3.14 -0.36> result: 91.96 91.26 -89.12 -1.96 90.38 0.00
[11:02:48.083] [ARM-RX] [31] <1.91 -3.46 -0.39> result: 92.14 91.38 -89.03 -2.14 90.41 0.00
[11:02:48.083] [ARM-RX] [32] <2.09 -3.79 -0.43> result: 92.33 91.51 -88.94 -2
[11:02:48.106] [ARM-RX] .33 90.44 0.00
[11:02:48.106] [ARM-RX] [33] <2.29 -4.14 -0.47> result: 92.53 91.64 -88.84 -2.53 90.48 0.00
[11:02:48.106] [ARM-RX] [34] <2.49 -4.51 -0.52> result: 92.74 91.78 -88.73 -2.74 90.51 0.00
[11:02:48.106] [ARM-RX] [35] <2.71 -4.90 -0.56> result: 92.95 91.93 -88.62 -2.95 90.55 0.00
[11:02:48.107] [ARM-RX] [36] <2.94 -5.31 -0.61> result: 9
[11:02:48.130] [ARM-RX] 3.17 92.08 -88.50 -3.17 90.58 0.00
[11:02:48.130] [ARM-RX] [37] <3.18 -5.75 -0.66> result: 93.40 92.25 -88.37 -3.40 90.62 0.00
[11:02:48.131] [ARM-RX] [38] <3.43 -6.20 -0.71> result: 93.64 92.41 -88.24 -3.64 90.65 0.00
[11:02:48.131] [ARM-RX] [39] <3.69 -6.68 -0.76> result: 93.89 92.59 -88.10 -3.89 90.69 0.00
[11:02:48.131] [ARM-RX] [40] <3.97 -7
[11:02:48.152] [ARM-RX] .18 -0.82> result: 94.14 92.77 -87.95 -4.14 90.72 0.00
[11:02:48.153] [ARM-RX] [41] <4.26 -7.71 -0.88> result: 94.40 92.96 -87.80 -4.40 90.76 0.00
[11:02:48.153] [ARM-RX] [42] <4.56 -8.25 -0.94> result: 94.66 93.15 -87.64 -4.66 90.79 0.00
[11:02:48.153] [ARM-RX] [43] <4.87 -8.82 -1.01> result: 94.93 93.35 -87.47 -4.94 90.82
[11:02:48.175] [ARM-RX] 0.00
[11:02:48.175] [ARM-RX] [44] <5.20 -9.42 -1.08> result: 95.21 93.56 -87.30 -5.21 90.85 0.00
[11:02:48.175] [ARM-RX] [45] <5.54 -10.04 -1.15> result: 95.49 93.77 -87.11 -5.49 90.88 0.00
[11:02:48.175] [ARM-RX] [46] <5.90 -10.68 -1.22> result: 95.78 93.99 -86.92 -5.78 90.91 0.00
[11:02:48.177] [ARM-RX] [47] <6.27 -11.34 -1.30> result: 96.07 9
[11:02:48.198] [ARM-RX] 4.22 -86.72 -6.07 90.93 0.00
[11:02:48.199] [ARM-RX] [48] <6.65 -12.04 -1.37> result: 96.36 94.45 -86.51 -6.36 90.95 0.00
[11:02:48.199] [ARM-RX] [49] <7.05 -12.75 -1.46> result: 96.65 94.68 -86.30 -6.66 90.97 0.00
[11:02:48.199] [ARM-RX] [50] <7.45 -13.49 -1.54> result: 96.95 94.93 -86.07 -6.95 90.99 0.00
[11:02:48.199] [ARM-RX] [51] <7.88 -14.2
[11:02:48.221] [ARM-RX] 6 -1.63> result: 97.25 95.17 -85.84 -7.26 91.01 0.00
[11:02:48.221] [ARM-RX] [52] <8.32 -15.05 -1.72> result: 97.56 95.43 -85.60 -7.56 91.02 0.00
[11:02:48.222] [ARM-RX] [53] <8.77 -15.87 -1.81> result: 97.86 95.68 -85.35 -7.86 91.02 0.00
[11:02:48.222] [ARM-RX] [54] <9.23 -16.72 -1.91> result: 98.17 95.95 -85.09 -8.17 91.0
[11:02:48.256] [ARM-RX] 3 0.00
[11:02:48.256] [ARM-RX] [55] <9.72 -17.59 -2.01> result: 98.47 96.22 -84.82 -8.47 91.03 0.00
[11:02:48.257] [ARM-RX] [56] <10.21 -18.48 -2.11> result: 98.78 96.49 -84.54 -8.78 91.02 0.00
[11:02:48.257] [ARM-RX] [57] <10.72 -19.40 -2.22> result: 99.09 96.77 -84.26 -9.09 91.01 0.00
[11:02:48.257] [ARM-RX] [58] <11.24 -20.35 -2.32> result: 99
[11:02:48.279] [ARM-RX] .39 97.05 -83.96 -9.39 91.00 0.00
[11:02:48.279] [ARM-RX] [59] <11.78 -21.33 -2.44> result: 99.70 97.34 -83.66 -9.70 90.98 0.00
[11:02:48.279] [ARM-RX] [60] <12.33 -22.33 -2.55> result: 100.00 97.63 -83.35 -10.00 90.96 0.00
[11:02:48.279] [ARM-RX] [61] <12.90 -23.35 -2.67> result: 100.30 97.92 -83.02 -10.30 90.93 0.00
[11:02:48.280] [ARM-RX] [62]
[11:02:48.302] [ARM-RX] <13.48 -24.41 -2.79> result: 100.60 98.22 -82.69 -10.60 90.89 0.00
[11:02:48.302] [ARM-RX] [63] <14.08 -25.48 -2.91> result: 100.90 98.52 -82.35 -10.90 90.85 0.00
[11:02:48.303] [ARM-RX] [64] <14.69 -26.59 -3.04> result: 101.19 98.83 -82.00 -11.20 90.81 0.00
[11:02:48.303] [ARM-RX] [65] <15.31 -27.72 -3.17> result: 101.49
[11:02:48.325] [ARM-RX] 99.14 -81.64 -11.49 90.76 0.00
[11:02:48.325] [ARM-RX] [66] <15.95 -28.88 -3.30> result: 101.78 99.45 -81.27 -11.78 90.70 0.00
[11:02:48.325] [ARM-RX] [67] <16.61 -30.06 -3.43> result: 102.06 99.77 -80.89 -12.07 90.64 0.00
[11:02:48.325] [ARM-RX] [68] <17.27 -31.27 -3.57> result: 102.35 100.09 -80.50 -12.35 90.57 0.00
[11:02:48.326] [ARM-RX] [69]
[11:02:48.348] [ARM-RX] <17.95 -32.50 -3.71> result: 102.63 100.41 -80.10 -12.63 90.50 0.00
[11:02:48.348] [ARM-RX] [70] <18.65 -33.76 -3.86> result: 102.91 100.74 -79.70 -12.91 90.42 0.00
[11:02:48.348] [ARM-RX] [71] <19.36 -35.04 -4.00> result: 103.18 101.07 -79.28 -13.18 90.34 0.00
[11:02:48.349] [ARM-RX] [72] <20.08 -36.35 -4.15> result: 103.
[11:02:48.371] [ARM-RX] 45 101.40 -78.85 -13.45 90.24 0.00
[11:02:48.372] [ARM-RX] [73] <20.82 -37.68 -4.30> result: 103.71 101.73 -78.42 -13.71 90.15 0.00
[11:02:48.372] [ARM-RX] [74] <21.57 -39.04 -4.46> result: 103.97 102.07 -77.97 -13.97 90.04 0.00
[11:02:48.372] [ARM-RX] [75] <22.33 -40.42 -4.62> result: 104.23 102.41 -77.52 -14.23 89.93 0.00
[11:02:48.393] [ARM-RX] [76] <23.11 -41.83 -4.78> result: 104.48 102.75 -77.06 -14.48 89.82 0.00
[11:02:48.394] [ARM-RX] [77] <23.90 -43.26 -4.94> result: 104.73 103.10 -76.58 -14.73 89.70 0.00
[11:02:48.394] [ARM-RX] [78] <24.70 -44.71 -5.11> result: 104.97 103.45 -76.10 -14.98 89.57 0.00
[11:02:48.394] [ARM-RX] [79] <25.51 -46.18 -5.27> result
[11:02:48.430] [ARM-RX] : 105.21 103.80 -75.61 -15.21 89.43 0.00
[11:02:48.430] [ARM-RX] [80] <26.34 -47.68 -5.45> result: 105.45 104.15 -75.11 -15.45 89.29 0.00
[11:02:48.430] [ARM-RX] [81] <27.18 -49.20 -5.62> result: 105.68 104.51 -74.61 -15.68 89.15 0.00
[11:02:48.431] [ARM-RX] [82] <28.03 -50.75 -5.80> result: 105.91 104.87 -74.09 -15.91 89.0
[11:02:48.452] [ARM-RX] 0 0.00
[11:02:48.452] [ARM-RX] [83] <28.90 -52.31 -5.97> result: 106.13 105.23 -73.57 -16.13 88.84 0.00
[11:02:48.452] [ARM-RX] [84] <29.77 -53.90 -6.16> result: 106.34 105.59 -73.03 -16.35 88.68 0.00
[11:02:48.453] [ARM-RX] [85] <30.66 -55.50 -6.34> result: 106.56 105.95 -72.49 -16.56 88.51 0.00
[11:02:48.453] [ARM-RX] [86] <31.56 -57.13 -6.52>
[11:02:48.475] [ARM-RX] result: 106.77 106.32 -71.94 -16.77 88.33 0.00
[11:02:48.475] [ARM-RX] [87] <32.47 -58.78 -6.71> result: 106.97 106.69 -71.38 -16.98 88.15 0.00
[11:02:48.476] [ARM-RX] [88] <33.39 -60.44 -6.90> result: 107.17 107.06 -70.82 -17.18 87.97 0.00
[11:02:48.476] [ARM-RX] [89] <34.32 -62.13 -7.09> result: 107.36 107.43 -70.24 -17.3
[11:02:48.498] [ARM-RX] 8 87.78 0.00
[11:02:48.499] [ARM-RX] [90] <35.26 -63.83 -7.29> result: 107.56 107.80 -69.66 -17.57 87.58 0.00
[11:02:48.499] [ARM-RX] [91] <36.21 -65.55 -7.49> result: 107.74 108.18 -69.07 -17.76 87.38 0.00
[11:02:48.499] [ARM-RX] [92] <37.17 -67.29 -7.68> result: 107.92 108.56 -68.47 -17.95 87.17 0.00
[11:02:48.499] [ARM-RX] [93] <38.14 -69.05 -
[11:02:48.522] [ARM-RX] 7.89> result: 108.10 108.94 -67.87 -18.13 86.96 0.00
[11:02:48.523] [ARM-RX] [94] <39.12 -70.82 -8.09> result: 108.28 109.32 -67.25 -18.31 86.75 0.00
[11:02:48.523] [ARM-RX] [95] <40.11 -72.61 -8.29> result: 108.45 109.70 -66.63 -18.48 86.53 0.00
[11:02:48.523] [ARM-RX] [96] <41.11 -74.41 -8.50> result: 108.62 110.09 -66.01
[11:02:48.544] [ARM-RX] -18.66 86.30 0.00
[11:02:48.546] [ARM-RX] [97] <42.11 -76.23 -8.71> result: 108.78 110.48 -65.37 -18.82 86.07 0.00
[11:02:48.546] [ARM-RX] [98] <43.13 -78.07 -8.92> result: 108.94 110.87 -64.73 -18.99 85.84 0.00
[11:02:48.546] [ARM-RX] [99] <44.15 -79.91 -9.13> result: 109.09 111.26 -64.08 -19.15 85.60 0.00
[11:02:48.546] [ARM-RX] [100] <45.17 -
[11:02:48.571] [ARM-RX] 81.77 -9.34> result: 109.24 111.65 -63.43 -19.31 85.35 0.00
[11:02:48.571] [ARM-RX] [101] <46.21 -83.65 -9.55> result: 109.39 112.04 -62.77 -19.47 85.11 0.00
[11:02:48.571] [ARM-RX] [102] <47.25 -85.53 -9.77> result: 109.54 112.43 -62.11 -19.62 84.86 0.00
[11:02:48.571] [ARM-RX] [103] <48.30 -87.43 -9.98> result: 109.68 112
[11:02:48.590] [ARM-RX] .83 -61.43 -19.77 84.60 0.00
[11:02:48.591] [ARM-RX] [104] <49.35 -89.33 -10.20> result: 109.81 113.23 -60.76 -19.92 84.34 0.00
[11:02:48.591] [ARM-RX] [105] <50.41 -91.25 -10.42> result: 109.95 113.63 -60.07 -20.06 84.08 0.00
[11:02:48.591] [ARM-RX] [106] <51.47 -93.18 -10.64> result: 110.08 114.03 -59.38 -20.20 83.81 0.00
[11:02:48.626] [ARM-RX] [107] <52.54 -95.11 -10.86> result: 110.21 114.43 -58.69 -20.34 83.54 0.00
[11:02:48.626] [ARM-RX] [108] <53.21 -96.32 -11.00> result: 110.29 114.68 -58.26 -20.43 83.37 0.00
[11:02:48.626] [ARM-RX] [109] <53.21 -96.32 -11.00> result: 110.29 114.68 -58.26 -20.43 83.37 0.00
[11:02:48.627] [ARM-RX] [110] <53.21 -96.32 -11.00
[11:02:48.648] [ARM-RX] > result: 110.29 114.68 -58.26 -20.43 83.37 0.00
[11:02:48.649] [ARM-RX] [111] <53.21 -96.32 -11.00> result: 110.29 114.68 -58.26 -20.43 83.37 0.00
[11:02:48.649] [ARM-RX] [112] <53.21 -96.32 -11.00> result: 110.29 114.68 -58.26 -20.43 83.37 0.00
[11:02:48.649] [ARM-RX] [113] <53.21 -96.32 -11.00> result: 110.29 114.68 -58.
[11:02:48.672] [ARM-RX] 26 -20.43 83.37 0.00
[11:02:48.672] [ARM-RX] [114] <53.21 -96.32 -11.00> result: 110.29 114.68 -58.26 -20.43 83.37 0.00
[11:02:48.672] [ARM-RX] [115] <53.21 -96.32 -11.00> result: 110.29 114.68 -58.26 -20.43 83.37 0.00
[11:02:48.673] [ARM-RX] [116] <53.21 -96.32 -11.00> result: 110.29 114.68 -58.26 -20.43 83.37 0.00
[11:02:48.673] [ARM-RX] [117]
[11:02:48.695] [ARM-RX] <53.21 -96.32 -11.00> result: 110.29 114.68 -58.26 -20.43 83.37 0.00
[11:02:48.695] [ARM-RX] [118] <53.21 -96.32 -11.00> result: 110.29 114.68 -58.26 -20.43 83.37 0.00
[11:02:48.696] [ARM-RX] [119] <53.21 -96.32 -11.00> result: 110.29 114.68 -58.26 -20.43 83.37 0.00
[11:02:48.696] [ARM-RX] [120] <53.21 -96.32 -11.00> result
[11:02:48.718] [ARM-RX] : 110.29 114.68 -58.26 -20.43 83.37 0.00
[11:02:48.719] [ARM-RX] [121] <53.21 -96.32 -11.00> result: 110.29 114.68 -58.26 -20.43 83.37 0.00
[11:02:48.719] [ARM-RX] [122] <53.21 -96.32 -11.00> result: 110.29 114.68 -58.26 -20.43 83.37 0.00
[11:02:48.719] [ARM-RX] [123] <53.21 -96.32 -11.00> result: 110.29 114.68 -58.26 -20.4
[11:02:48.741] [ARM-RX] 3 83.37 0.00
[11:02:48.741] [ARM-RX] [124] <53.21 -96.32 -11.00> result: 110.29 114.68 -58.26 -20.43 83.37 0.00
[11:02:48.742] [ARM-RX] [125] <53.21 -96.32 -11.00> result: 110.29 114.68 -58.26 -20.43 83.37 0.00
[11:02:48.742] [ARM-RX] [126] <53.21 -96.32 -11.00> result: 110.29 114.68 -58.26 -20.43 83.37 0.00
[11:02:48.742] [ARM-RX] [127] <53.21 -
[11:02:48.763] [ARM-RX] 96.32 -11.00> result: 110.29 114.68 -58.26 -20.43 83.37 0.00
[11:02:48.763] [ARM-RX] [128] <53.21 -96.32 -11.00> result: 110.29 114.68 -58.26 -20.43 83.37 0.00
[11:02:48.763] [ARM-RX] [129] <53.21 -96.32 -11.00> result: 110.29 114.68 -58.26 -20.43 83.37 0.00
[11:02:48.765] [ARM-RX] [130] <53.21 -96.32 -11.00> result: 110.29
[11:02:48.798] [ARM-RX] 114.68 -58.26 -20.43 83.37 0.00
[11:02:48.800] [ARM-RX] [131] <53.21 -96.32 -11.00> result: 110.29 114.68 -58.26 -20.43 83.37 0.00
[11:02:48.800] [ARM-RX] [132] <53.21 -96.32 -11.00> result: 110.29 114.68 -58.26 -20.43 83.37 0.00
[11:02:48.801] [ARM-RX] [133] <53.21 -96.32 -11.00> result: 110.29 114.68 -58.26 -20.43 83.37
[11:02:48.823] [ARM-RX] 0.00
[11:02:48.823] [ARM-RX] [134] <53.21 -96.32 -11.00> result: 110.29 114.68 -58.26 -20.43 83.37 0.00
[11:02:48.823] [ARM-RX] [135] <53.21 -96.32 -11.00> result: 110.29 114.68 -58.26 -20.43 83.37 0.00
[11:02:48.823] [ARM-RX] [136] <53.21 -96.32 -11.00> result: 110.29 114.68 -58.26 -20.43 83.37 0.00
[11:02:48.823] [ARM-RX] [137] <53.21 -96.32 -1
[11:02:48.845] [ARM-RX] 1.00> result: 110.29 114.68 -58.26 -20.43 83.37 0.00
[11:02:48.845] [ARM-RX] [138] <53.21 -96.32 -11.00> result: 110.29 114.68 -58.26 -20.43 83.37 0.00
[11:02:48.845] [ARM-RX] [139] <53.21 -96.32 -11.00> result: 110.29 114.68 -58.26 -20.43 83.37 0.00
[11:02:48.845] [ARM-RX] [140] <53.21 -96.32 -11.00> result: 110.29 114.68
[11:02:48.867] [ARM-RX] -58.26 -20.43 83.37 0.00
[11:02:48.870] [ARM-RX] [141] <53.21 -96.32 -11.00> result: 110.29 114.68 -58.26 -20.43 83.37 0.00
[11:02:48.870] [ARM-RX] [142] <53.21 -96.32 -11.00> result: 110.29 114.68 -58.26 -20.43 83.37 0.00
[11:02:48.871] [ARM-RX] [143] <53.21 -96.32 -11.00> result: 110.29 114.68 -58.26 -20.43 83.37 0.00
[11:02:48.871] [ARM-RX] [1
[11:02:48.892] [ARM-RX] 44] <53.21 -96.32 -11.00> result: 110.29 114.68 -58.26 -20.43 83.37 0.00
[11:02:48.893] [ARM-RX] [145] <53.21 -96.32 -11.00> result: 110.29 114.68 -58.26 -20.43 83.37 0.00
[11:02:48.893] [ARM-RX] [146] <53.21 -96.32 -11.00> result: 110.29 114.68 -58.26 -20.43 83.37 0.00
[11:02:48.893] [ARM-RX] [147] <53.21 -96.32 -11.00> re
[11:02:48.916] [ARM-RX] sult: 110.29 114.68 -58.26 -20.43 83.37 0.00
[11:02:48.916] [ARM-RX] [148] <53.21 -96.32 -11.00> result: 110.29 114.68 -58.26 -20.43 83.37 0.00
[11:02:48.916] [ARM-RX] [149] <53.21 -96.32 -11.00> result: 110.29 114.68 -58.26 -20.43 83.37 0.00
[11:02:48.916] [ARM-RX] [150] <53.21 -96.32 -11.00> result: 110.29 114.68 -58.26 -
[11:02:48.938] [ARM-RX] 20.43 83.37 0.00
[11:02:48.939] [ARM-RX] [151] <53.21 -96.32 -11.00> result: 110.29 114.68 -58.26 -20.43 83.37 0.00
[11:02:48.939] [ARM-RX] [152] <53.21 -96.32 -11.00> result: 110.29 114.68 -58.26 -20.43 83.37 0.00
[11:02:48.939] [ARM-RX] [153] <53.21 -96.32 -11.00> result: 110.29 114.68 -58.26 -20.43 83.37 0.00
[11:02:48.939] [ARM-RX] [154] <53.
[11:02:48.961] [ARM-RX] 21 -96.32 -11.00> result: 110.29 114.68 -58.26 -20.43 83.37 0.00
[11:02:48.961] [ARM-RX] [155] <53.21 -96.32 -11.00> result: 110.29 114.68 -58.26 -20.43 83.37 0.00
[11:02:48.961] [ARM-RX] [156] <53.21 -96.32 -11.00> result: 110.29 114.68 -58.26 -20.43 83.37 0.00
[11:02:48.961] [ARM-RX] [157] <53.21 -96.32 -11.00> result: 11
[11:02:48.996] [ARM-RX] 0.29 114.68 -58.26 -20.43 83.37 0.00
[11:02:48.996] [ARM-RX] [158] <53.21 -96.32 -11.00> result: 110.29 114.68 -58.26 -20.43 83.37 0.00
[11:02:48.996] [ARM-RX] [159] <53.21 -96.32 -11.00> result: 110.29 114.68 -58.26 -20.43 83.37 0.00
[11:02:48.996] [ARM-RX] [160] <53.21 -96.32 -11.00> result: 110.29 114.68 -58.26 -20.43 83
[11:02:49.019] [ARM-RX] .37 0.00
[11:02:49.023] [ARM-RX] [161] <53.21 -96.32 -11.00> result: 110.29 114.68 -58.26 -20.43 83.37 0.00
[11:02:49.024] [ARM-RX] [162] <53.21 -96.32 -11.00> result: 110.29 114.68 -58.26 -20.43 83.37 0.00
[11:02:49.024] [ARM-RX] [163] <53.21 -96.32 -11.00> result: 110.29 114.68 -58.26 -20.43 83.37 0.00
[11:02:49.024] [ARM-RX] [164] <53.21 -96.3
[11:02:49.042] [ARM-RX] 2 -11.00> result: 110.29 114.68 -58.26 -20.43 83.37 0.00
[11:02:49.043] [ARM-RX] [165] <53.21 -96.32 -11.00> result: 110.29 114.68 -58.26 -20.43 83.37 0.00
[11:02:49.043] [ARM-RX] [166] <53.21 -96.32 -11.00> result: 110.29 114.68 -58.26 -20.43 83.37 0.00
[11:02:49.043] [ARM-RX] [167] <53.21 -96.32 -11.00> result: 110.29 114
[11:02:49.066] [ARM-RX] .68 -58.26 -20.43 83.37 0.00
[11:02:49.066] [ARM-RX] [168] <53.21 -96.32 -11.00> result: 110.29 114.68 -58.26 -20.43 83.37 0.00
[11:02:49.066] [ARM-RX] [169] <53.21 -96.32 -11.00> result: 110.29 114.68 -58.26 -20.43 83.37 0.00
[11:02:49.066] [ARM-RX] [170] <53.21 -96.32 -11.00> result: 110.29 114.68 -58.26 -20.43 83.37 0.00
[11:02:49.087] [ARM-RX] [171] <53.21 -96.32 -11.00> result: 110.29 114.68 -58.26 -20.43 83.37 0.00
[11:02:49.087] [ARM-RX] [172] <53.21 -96.32 -11.00> result: 110.29 114.68 -58.26 -20.43 83.37 0.00
[11:02:49.089] [ARM-RX] [173] <53.21 -96.32 -11.00> result: 110.29 114.68 -58.26 -20.43 83.37 0.00
[11:02:49.089] [ARM-RX] [174] <53.21 -96.32 -11.00
[11:02:49.114] [ARM-RX] > result: 110.29 114.68 -58.26 -20.43 83.37 0.00
[11:02:49.115] [ARM-RX] [175] <53.21 -96.32 -11.00> result: 110.29 114.68 -58.26 -20.43 83.37 0.00
[11:02:49.115] [ARM-RX] [176] <53.21 -96.32 -11.00> result: 110.29 114.68 -58.26 -20.43 83.37 0.00
[11:02:49.115] [ARM-RX] [177] <53.21 -96.32 -11.00> result: 110.29 114.68 -58.
[11:02:49.133] [ARM-RX] 26 -20.43 83.37 0.00
[11:02:49.134] [ARM-RX] [178] <53.21 -96.32 -11.00> result: 110.29 114.68 -58.26 -20.43 83.37 0.00
[11:02:49.134] [ARM-RX] [179] <53.21 -96.32 -11.00> result: 110.29 114.68 -58.26 -20.43 83.37 0.00
[11:02:49.134] [ARM-RX] [180] <53.21 -96.32 -11.00> result: 110.29 114.68 -58.26 -20.43 83.37 0.00
[11:02:49.134] [ARM-RX] [181]
[11:02:49.169] [ARM-RX] <53.21 -96.32 -11.00> result: 110.29 114.68 -58.26 -20.43 83.37 0.00
[11:02:49.169] [ARM-RX] [182] <53.21 -96.32 -11.00> result: 110.29 114.68 -58.26 -20.43 83.37 0.00
[11:02:49.169] [ARM-RX] [183] <53.21 -96.32 -11.00> result: 110.29 114.68 -58.26 -20.43 83.37 0.00
[11:02:49.170] [ARM-RX] [184] <53.21 -96.32 -11.00> result
[11:02:49.192] [ARM-RX] : 110.29 114.68 -58.26 -20.43 83.37 0.00
[11:02:49.192] [ARM-RX] [185] <53.21 -96.32 -11.00> result: 110.29 114.68 -58.26 -20.43 83.37 0.00
[11:02:49.193] [ARM-RX] [186] <53.21 -96.32 -11.00> result: 110.29 114.68 -58.26 -20.43 83.37 0.00
[11:02:49.193] [ARM-RX] [187] <53.21 -96.32 -11.00> result: 110.29 114.68 -58.26 -20.4
[11:02:49.214] [ARM-RX] 3 83.37 0.00
[11:02:49.216] [ARM-RX] [188] <53.21 -96.32 -11.00> result: 110.29 114.68 -58.26 -20.43 83.37 0.00
[11:02:49.216] [ARM-RX] [189] <53.21 -96.32 -11.00> result: 110.29 114.68 -58.26 -20.43 83.37 0.00
[11:02:49.216] [ARM-RX] [190] <53.21 -96.32 -11.00> result: 110.29 114.68 -58.26 -20.43 83.37 0.00
[11:02:49.216] [ARM-RX] [191] <53.21 -
[11:02:49.238] [ARM-RX] 96.32 -11.00> result: 110.29 114.68 -58.26 -20.43 83.37 0.00
[11:02:49.238] [ARM-RX] [192] <53.21 -96.32 -11.00> result: 110.29 114.68 -58.26 -20.43 83.37 0.00
[11:02:49.239] [ARM-RX] [193] <53.21 -96.32 -11.00> result: 110.29 114.68 -58.26 -20.43 83.37 0.00
[11:02:49.239] [ARM-RX] [194] <53.21 -96.32 -11.00> result: 110.29
[11:02:49.261] [ARM-RX] 114.68 -58.26 -20.43 83.37 0.00
[11:02:49.261] [ARM-RX] [195] <53.21 -96.32 -11.00> result: 110.29 114.68 -58.26 -20.43 83.37 0.00
[11:02:49.261] [ARM-RX] [196] <53.21 -96.32 -11.00> result: 110.29 114.68 -58.26 -20.43 83.37 0.00
[11:02:49.262] [ARM-RX] [197] <53.21 -96.32 -11.00> result: 110.29 114.68 -58.26 -20.43 83.37
[11:02:49.284] [ARM-RX] 0.00
[11:02:49.284] [ARM-RX] [198] <53.21 -96.32 -11.00> result: 110.29 114.68 -58.26 -20.43 83.37 0.00
[11:02:49.284] [ARM-RX] [199] <53.21 -96.32 -11.00> result: 110.29 114.68 -58.26 -20.43 83.37 0.00
[11:02:49.285] [ARM-RX] [200] <53.21 -96.32 -11.00> result: 110.29 114.68 -58.26 -20.43 83.37 0.00
[11:02:49.285] [ARM-RX] [201] <53.21 -96.32 -1
[11:02:49.307] [ARM-RX] 1.00> result: 110.29 114.68 -58.26 -20.43 83.37 0.00
[11:02:49.307] [ARM-RX] [202] <53.21 -96.32 -11.00> result: 110.29 114.68 -58.26 -20.43 83.37 0.00
[11:02:49.307] [ARM-RX] [203] <53.21 -96.32 -11.00> result: 110.29 114.68 -58.26 -20.43 83.37 0.00
[11:02:49.309] [ARM-RX] [204] <53.21 -96.32 -11.00> result: 110.29 114.68
[11:02:49.331] [ARM-RX] -58.26 -20.43 83.37 0.00
[11:02:49.331] [ARM-RX] [205] <53.21 -96.32 -11.00> result: 110.29 114.68 -58.26 -20.43 83.37 0.00
[11:02:49.331] [ARM-RX] [206] <53.21 -96.32 -11.00> result: 110.29 114.68 -58.26 -20.43 83.37 0.00
[11:02:49.331] [ARM-RX] [207] <53.21 -96.32 -11.00> result: 110.29 114.68 -58.26 -20.43 83.37 0.00
[11:02:49.332] [ARM-RX] [2
[11:02:49.365] [ARM-RX] 08] <53.21 -96.32 -11.00> result: 110.29 114.68 -58.26 -20.43 83.37 0.00
[11:02:49.365] [ARM-RX] [209] <53.21 -96.32 -11.00> result: 110.29 114.68 -58.26 -20.43 83.37 0.00
[11:02:49.365] [ARM-RX] [210] <53.21 -96.32 -11.00> result: 110.29 114.68 -58.26 -20.43 83.37 0.00
[11:02:49.365] [ARM-RX] [211] <53.21 -96.32 -11.00> re
[11:02:49.389] [ARM-RX] sult: 110.29 114.68 -58.26 -20.43 83.37 0.00
[11:02:49.389] [ARM-RX] [212] <53.21 -96.32 -11.00> result: 110.29 114.68 -58.26 -20.43 83.37 0.00
[11:02:49.390] [ARM-RX] [213] <53.21 -96.32 -11.00> result: 110.29 114.68 -58.26 -20.43 83.37 0.00
[11:02:49.390] [ARM-RX] [214] <53.21 -96.32 -11.00> result: 110.29 114.68 -58.26 -
[11:02:49.412] [ARM-RX] 20.43 83.37 0.00
[11:02:49.412] [ARM-RX] [215] <53.21 -96.32 -11.00> result: 110.29 114.68 -58.26 -20.43 83.37 0.00
[11:02:49.413] [ARM-RX] [216] <53.21 -96.32 -11.00> result: 110.29 114.68 -58.26 -20.43 83.37 0.00
[11:02:49.413] [ARM-RX] [217] <53.21 -96.32 -11.00> result: 110.29 114.68 -58.26 -20.43 83.37 0.00
[11:02:49.413] [ARM-RX] [218] <53.
[11:02:49.434] [ARM-RX] 21 -96.32 -11.00> result: 110.29 114.68 -58.26 -20.43 83.37 0.00
[11:02:49.435] [ARM-RX] [219] <53.21 -96.32 -11.00> result: 110.29 114.68 -58.26 -20.43 83.37 0.00
[11:02:49.435] [ARM-RX] [220] <53.21 -96.32 -11.00> result: 110.29 114.68 -58.26 -20.43 83.37 0.00
[11:02:49.435] [ARM-RX] [221] <53.21 -96.32 -11.00> result: 11
[11:02:49.457] [ARM-RX] 0.29 114.68 -58.26 -20.43 83.37 0.00
[11:02:49.458] [ARM-RX] [222] <53.21 -96.32 -11.00> result: 110.29 114.68 -58.26 -20.43 83.37 0.00
[11:02:49.458] [ARM-RX] [223] <53.21 -96.32 -11.00> result: 110.29 114.68 -58.26 -20.43 83.37 0.00
[11:02:49.458] [ARM-RX] [224] <53.21 -96.32 -11.00> result: 110.29 114.68 -58.26 -20.43 83
[11:02:49.484] [ARM-RX] .37 0.00
[11:02:49.484] [ARM-RX] [225] <53.21 -96.32 -11.00> result: 110.29 114.68 -58.26 -20.43 83.37 0.00
[11:02:49.484] [ARM-RX] [226] <53.21 -96.32 -11.00> result: 110.29 114.68 -58.26 -20.43 83.37 0.00
[11:02:49.484] [ARM-RX] [227] <53.21 -96.32 -11.00> result: 110.29 114.68 -58.26 -20.43 83.37 0.00
[11:02:49.484] [ARM-RX] [228] <53.21 -96.3
[11:02:49.506] [ARM-RX] 2 -11.00> result: 110.29 114.68 -58.26 -20.43 83.37 0.00
[11:02:49.506] [ARM-RX] [229] <53.21 -96.32 -11.00> result: 110.29 114.68 -58.26 -20.43 83.37 0.00
[11:02:49.506] [ARM-RX] [230] <53.21 -96.32 -11.00> result: 110.29 114.68 -58.26 -20.43 83.37 0.00
[11:02:49.506] [ARM-RX] [231] <53.21 -96.32 -11.00> result: 110.29 114
[11:02:49.540] [ARM-RX] .68 -58.26 -20.43 83.37 0.00
[11:02:49.540] [ARM-RX] [232] <53.21 -96.32 -11.00> result: 110.29 114.68 -58.26 -20.43 83.37 0.00
[11:02:49.540] [ARM-RX] [233] <53.21 -96.32 -11.00> result: 110.29 114.68 -58.26 -20.43 83.37 0.00
[11:02:49.541] [ARM-RX] [234] <53.21 -96.32 -11.00> result: 110.29 114.68 -58.26 -20.43 83.37 0.00
[11:02:49.561] [ARM-RX] [235] <53.21 -96.32 -11.00> result: 110.29 114.68 -58.26 -20.43 83.37 0.00
[11:02:49.562] [ARM-RX] [236] <53.21 -96.32 -11.00> result: 110.29 114.68 -58.26 -20.43 83.37 0.00
[11:02:49.562] [ARM-RX] [237] <53.21 -96.32 -11.00> result: 110.29 114.68 -58.26 -20.43 83.37 0.00
[11:02:49.562] [ARM-RX] [238] <53.21 -96.32 -11.00
[11:02:49.617] [ARM-RX] > result: 110.29 114.68 -58.26 -20.43 83.37 0.00
[11:02:49.617] [ARM-RX] [239] <53.21 -96.32 -11.00> result: 110.29 114.68 -58.26 -20.43 83.37 0.00
[11:02:52.108] [ARM-RX] [joint 1] ave_error:38.38
[11:02:52.108] [ARM-RX] [joint 2] ave_error:5.87
[11:02:52.108] [ARM-RX] [joint 3] ave_error:5.64
[11:02:52.108] [ARM-RX] [joint 4] ave_error:3.02
[11:02:52.109] [ARM-RX] [joint 5] ave_error:0.58
[11:02:52.109] [ARM-RX] robot pid run finished!!
[11:02:52.936] [ARM-RX] AUTO final confirm failed: joint 0 err=17.99deg tol=3.00, pose invalid.
[11:02:52.936] [ARM-RX] J1 cur=92.30 target=110.29 err=17.99
[11:02:52.936] [ARM-RX] J2 cur=122.76 target=114.68 err=-8.08
[11:02:52.937] [ARM-RX] J3 cur=-51.41 target=-58.26 err=-6.85
[11:02:52.937] [ARM-RX] J4 cur=-21.81 target=-20.43 err=1.38
[11:02:52.937] [ARM-RX] J5 cur=83.23 target
[11:02:52.997] [ARM-RX] =83.37 err=0.14
[11:03:05.418] [ARM-TX] 发送命令 soft_reset: soft_reset
[11:03:05.506] [ARM-RX] Found handler for 'soft_reset', executing...
[11:03:05.506] [ARM-RX] ROBOT_SOFT_RESET_EVENT
[11:03:05.508] [ARM-RX] --- Starting soft reset ---
[11:03:05.692] [ARM-RX] Soft reset motors enabled (J1~J5, J6 skipped).
[11:03:05.692] [ARM-RX] Soft resetting joint 4...
[11:03:05.755] [ARM-RX] robot_update_current_angle 4...
[11:03:05.755] [ARM-RX] [4] current:83.23, target:90.00, dir:1
[11:03:06.499] [ARM-RX] Soft resetting joint 3...
[11:03:06.561] [ARM-RX] robot_update_current_angle 3...
[11:03:06.561] [ARM-RX] [3] current:-21.82, target:0.00, dir:1
[11:03:08.365] [ARM-RX] soft reset joint 3 settle timeout, keep going
[11:03:08.365] [ARM-RX] Soft resetting joint 1...
[11:03:08.365] [ARM-RX] robot_update_current_angle 1...
[11:03:08.366] [ARM-RX] [1] current:122.75, target:90.00, dir:-1
[11:03:10.363] [ARM-RX] soft reset joint 1 settle timeout, keep going
[11:03:10.363] [ARM-RX] Soft resetting joint 2...
[11:03:10.363] [ARM-RX] robot_update_current_angle 2...
[11:03:10.363] [ARM-RX] [2] current:-51.41, target:-90.00, dir:-1
[11:03:12.476] [ARM-RX] soft reset joint 2 settle timeout, keep going
[11:03:12.476] [ARM-RX] Soft resetting joint 0...
[11:03:12.538] [ARM-RX] robot_update_current_angle 0...
[11:03:12.540] [ARM-RX] [0] current:92.28, target:90.00, dir:-1
[11:03:13.035] [ARM-RX] soft reset verify not pass, start refine loop...
[11:03:13.160] [ARM-RX] soft reset refine joint 2 round 1: cur=-88.96 target=-90.00 err=1.04 dir=-1
[11:03:13.411] [ARM-RX] soft reset refine pass 1 success.
[11:03:13.411] [ARM-RX] soft reset final verify PASS (issues:3), pose set HOME.
[11:03:19.360] [ARM-TX] 发送命令 abs_rotate 0 45: abs_rotate 0 45
[11:03:19.394] [ARM-RX] Found handler for 'abs_rotate', executing...
[11:03:19.394] [ARM-RX] [joint_id: 0] ROBOT_JOINT_ABS_ROTATE 45.000000
[11:03:23.666] [ARM-TX] 发送命令 auto 33.21 -96.32 -11: auto 33.21 -96.32 -11
[11:03:23.749] [ARM-RX] Found handler for 'auto', executing...
[11:03:23.749] [ARM-RX] ROBOT_AUTO_EVENT
[11:03:23.749] [ARM-RX] [0] <0.00 0.00 0.00> result: 90.00 90.00 -90.00 0.00 90.00 0.00
[11:03:23.749] [ARM-RX] [1] <0.00 -0.00 -0.00> result: 90.00 90.00 -90.00 -0.00 90.00 0.00
[11:03:23.749] [ARM-RX] [2] <0.00 -0.00 -0.00> result: 90.00 90.00 -90.00 -
[11:03:23.776] [ARM-RX] 0.00 90.00 0.00
[11:03:23.776] [ARM-RX] [3] <0.00 -0.01 -0.00> result: 90.00 90.00 -90.00 -0.00 90.00 0.00
[11:03:23.776] [ARM-RX] [4] <0.00 -0.01 -0.00> result: 90.00 90.00 -90.00 -0.00 90.00 0.00
[11:03:23.776] [ARM-RX] [5] <0.01 -0.02 -0.00> result: 90.01 90.01 -89.99 -0.01 90.00 0.00
[11:03:23.777] [ARM-RX] [6] <0.01 -0.03 -0.00> result: 90.0
[11:03:23.797] [ARM-RX] 1 90.01 -89.99 -0.01 90.00 0.00
[11:03:23.798] [ARM-RX] [7] <0.02 -0.05 -0.01> result: 90.02 90.02 -89.99 -0.02 90.01 0.00
[11:03:23.798] [ARM-RX] [8] <0.03 -0.08 -0.01> result: 90.03 90.03 -89.98 -0.03 90.01 0.00
[11:03:23.798] [ARM-RX] [9] <0.04 -0.11 -0.01> result: 90.05 90.05 -89.97 -0.05 90.01 0.00
[11:03:23.798] [ARM-RX] [10] <0.05 -0.15 -0
[11:03:23.820] [ARM-RX] .02> result: 90.06 90.06 -89.96 -0.06 90.02 0.00
[11:03:23.821] [ARM-RX] [11] <0.07 -0.19 -0.02> result: 90.08 90.08 -89.95 -0.08 90.03 0.00
[11:03:23.821] [ARM-RX] [12] <0.09 -0.25 -0.03> result: 90.10 90.10 -89.93 -0.10 90.03 0.00
[11:03:23.821] [ARM-RX] [13] <0.11 -0.31 -0.04> result: 90.13 90.13 -89.91 -0.13 90.04 0.00
[11:03:23.848] [ARM-RX] [14] <0.13 -0.39 -0.04> result: 90.16 90.16 -89.89 -0.16 90.05 0.00
[11:03:23.849] [ARM-RX] [15] <0.16 -0.47 -0.05> result: 90.19 90.19 -89.87 -0.19 90.06 0.00
[11:03:23.849] [ARM-RX] [16] <0.20 -0.57 -0.07> result: 90.23 90.23 -89.84 -0.23 90.08 0.00
[11:03:23.849] [ARM-RX] [17] <0.23 -0.68 -0.08> result: 90.28 90.28 -89.
[11:03:23.869] [ARM-RX] 81 -0.28 90.09 0.00
[11:03:23.869] [ARM-RX] [18] <0.28 -0.80 -0.09> result: 90.33 90.33 -89.78 -0.33 90.11 0.00
[11:03:23.870] [ARM-RX] [19] <0.32 -0.94 -0.11> result: 90.38 90.38 -89.74 -0.38 90.12 0.00
[11:03:23.870] [ARM-RX] [20] <0.38 -1.09 -0.12> result: 90.44 90.44 -89.70 -0.44 90.14 0.00
[11:03:23.870] [ARM-RX] [21] <0.43 -1.25 -0.14> resu
[11:03:23.889] [ARM-RX] lt: 90.51 90.51 -89.65 -0.51 90.16 0.00
[11:03:23.890] [ARM-RX] [22] <0.49 -1.43 -0.16> result: 90.58 90.58 -89.60 -0.58 90.19 0.00
[11:03:23.890] [ARM-RX] [23] <0.56 -1.63 -0.19> result: 90.65 90.66 -89.55 -0.65 90.21 0.00
[11:03:23.890] [ARM-RX] [24] <0.64 -1.84 -0.21> result: 90.74 90.75 -89.49 -0.74 90.23 0.00
[11:03:23.890] [ARM-RX] [25] <0.
[11:03:23.916] [ARM-RX] 72 -2.08 -0.24> result: 90.82 90.84 -89.42 -0.82 90.26 0.00
[11:03:23.917] [ARM-RX] [26] <0.80 -2.33 -0.27> result: 90.92 90.94 -89.35 -0.92 90.29 0.00
[11:03:23.917] [ARM-RX] [27] <0.89 -2.59 -0.30> result: 91.02 91.04 -89.28 -1.02 90.32 0.00
[11:03:23.917] [ARM-RX] [28] <0.99 -2.88 -0.33> result: 91.13 91.15 -89.20 -1.13
[11:03:23.947] [ARM-RX] 90.35 0.00
[11:03:23.947] [ARM-RX] [29] <1.10 -3.19 -0.36> result: 91.24 91.27 -89.11 -1.24 90.38 0.00
[11:03:23.947] [ARM-RX] [30] <1.21 -3.52 -0.40> result: 91.36 91.40 -89.02 -1.36 90.42 0.00
[11:03:23.947] [ARM-RX] [31] <1.33 -3.86 -0.44> result: 91.48 91.53 -88.92 -1.48 90.45 0.00
[11:03:23.948] [ARM-RX] [32] <1.46 -4.23 -0.48> result: 91.61
[11:03:23.969] [ARM-RX] 91.67 -88.82 -1.61 90.49 0.00
[11:03:23.970] [ARM-RX] [33] <1.59 -4.63 -0.53> result: 91.75 91.82 -88.71 -1.75 90.52 0.00
[11:03:23.970] [ARM-RX] [34] <1.74 -5.04 -0.58> result: 91.89 91.97 -88.59 -1.89 90.56 0.00
[11:03:23.970] [ARM-RX] [35] <1.89 -5.48 -0.63> result: 92.04 92.13 -88.47 -2.04 90.60 0.00
[11:03:23.970] [ARM-RX] [36] <2.05 -5.94
[11:03:23.994] [ARM-RX] -0.68> result: 92.19 92.30 -88.34 -2.19 90.63 0.00
[11:03:23.996] [ARM-RX] [37] <2.21 -6.42 -0.73> result: 92.35 92.47 -88.20 -2.35 90.67 0.00
[11:03:23.996] [ARM-RX] [38] <2.39 -6.93 -0.79> result: 92.51 92.66 -88.05 -2.51 90.71 0.00
[11:03:23.996] [ARM-RX] [39] <2.57 -7.46 -0.85> result: 92.67 92.85 -87.90 -2.67 90.75 0.0
[11:03:24.017] [ARM-RX] 0
[11:03:24.017] [ARM-RX] [40] <2.76 -8.02 -0.92> result: 92.84 93.04 -87.74 -2.84 90.78 0.00
[11:03:24.017] [ARM-RX] [41] <2.96 -8.60 -0.98> result: 93.02 93.24 -87.57 -3.02 90.82 0.00
[11:03:24.017] [ARM-RX] [42] <3.17 -9.21 -1.05> result: 93.20 93.45 -87.40 -3.20 90.85 0.00
[11:03:24.018] [ARM-RX] [43] <3.39 -9.84 -1.12> result: 93.38 93.67 -8
[11:03:24.040] [ARM-RX] 7.22 -3.38 90.88 0.00
[11:03:24.040] [ARM-RX] [44] <3.62 -10.50 -1.20> result: 93.56 93.89 -87.03 -3.56 90.91 0.00
[11:03:24.040] [ARM-RX] [45] <3.86 -11.19 -1.28> result: 93.75 94.12 -86.83 -3.75 90.94 0.00
[11:03:24.040] [ARM-RX] [46] <4.10 -11.90 -1.36> result: 93.94 94.35 -86.62 -3.94 90.97 0.00
[11:03:24.041] [ARM-RX] [47] <4.36 -12.64 -1.44
[11:03:24.066] [ARM-RX] > result: 94.14 94.59 -86.40 -4.14 90.99 0.00
[11:03:24.066] [ARM-RX] [48] <4.62 -13.41 -1.53> result: 94.33 94.84 -86.18 -4.33 91.02 0.00
[11:03:24.067] [ARM-RX] [49] <4.90 -14.20 -1.62> result: 94.53 95.09 -85.95 -4.53 91.04 0.00
[11:03:24.067] [ARM-RX] [50] <5.18 -15.02 -1.72> result: 94.73 95.35 -85.71 -4.73 91.05 0.00
[11:03:24.085] [ARM-RX] [51] <5.47 -15.87 -1.81> result: 94.93 95.61 -85.46 -4.93 91.06 0.00
[11:03:24.086] [ARM-RX] [52] <5.78 -16.75 -1.91> result: 95.13 95.88 -85.20 -5.13 91.07 0.00
[11:03:24.086] [ARM-RX] [53] <6.09 -17.65 -2.02> result: 95.33 96.15 -84.93 -5.33 91.08 0.00
[11:03:24.086] [ARM-RX] [54] <6.41 -18.59 -2.12> result: 95.53 96.43
[11:03:24.109] [ARM-RX] -84.65 -5.53 91.08 0.00
[11:03:24.109] [ARM-RX] [55] <6.74 -19.55 -2.23> result: 95.73 96.71 -84.37 -5.73 91.07 0.00
[11:03:24.109] [ARM-RX] [56] <7.08 -20.54 -2.35> result: 95.93 97.00 -84.07 -5.93 91.06 0.00
[11:03:24.110] [ARM-RX] [57] <7.43 -21.56 -2.46> result: 96.13 97.29 -83.77 -6.13 91.05 0.00
[11:03:24.110] [ARM-RX] [58] <7.79 -22.60 -2.
[11:03:24.144] [ARM-RX] 58> result: 96.33 97.58 -83.46 -6.33 91.03 0.00
[11:03:24.144] [ARM-RX] [59] <8.16 -23.68 -2.70> result: 96.53 97.88 -83.14 -6.53 91.01 0.00
[11:03:24.144] [ARM-RX] [60] <8.54 -24.78 -2.83> result: 96.73 98.18 -82.80 -6.73 90.98 0.00
[11:03:24.144] [ARM-RX] [61] <8.93 -25.91 -2.96> result: 96.93 98.49 -82.46 -6.93 90.95 0.0
[11:03:24.168] [ARM-RX] 0
[11:03:24.168] [ARM-RX] [62] <9.33 -27.07 -3.09> result: 97.12 98.80 -82.11 -7.12 90.91 0.00
[11:03:24.168] [ARM-RX] [63] <9.74 -28.25 -3.23> result: 97.32 99.11 -81.75 -7.32 90.86 0.00
[11:03:24.168] [ARM-RX] [64] <10.16 -29.47 -3.37> result: 97.51 99.43 -81.39 -7.51 90.81 0.00
[11:03:24.169] [ARM-RX] [65] <10.59 -30.71 -3.51> result: 97.70 99
[11:03:24.190] [ARM-RX] .75 -81.01 -7.70 90.75 0.00
[11:03:24.190] [ARM-RX] [66] <11.03 -31.98 -3.65> result: 97.89 100.08 -80.62 -7.89 90.69 0.00
[11:03:24.190] [ARM-RX] [67] <11.47 -33.28 -3.80> result: 98.07 100.40 -80.23 -8.07 90.62 0.00
[11:03:24.191] [ARM-RX] [68] <11.93 -34.60 -3.95> result: 98.25 100.73 -79.82 -8.26 90.55 0.00
[11:03:24.191] [ARM-RX] [69] <12.40
[11:03:24.213] [ARM-RX] -35.95 -4.11> result: 98.44 101.07 -79.41 -8.44 90.47 0.00
[11:03:24.214] [ARM-RX] [70] <12.87 -37.33 -4.26> result: 98.61 101.40 -78.98 -8.61 90.38 0.00
[11:03:24.214] [ARM-RX] [71] <13.35 -38.73 -4.42> result: 98.79 101.74 -78.55 -8.79 90.29 0.00
[11:03:24.214] [ARM-RX] [72] <13.85 -40.16 -4.59> result: 98.96 102.08 -78.
[11:03:24.236] [ARM-RX] 11 -8.96 90.19 0.00
[11:03:24.236] [ARM-RX] [73] <14.35 -41.62 -4.75> result: 99.13 102.43 -77.66 -9.13 90.08 0.00
[11:03:24.236] [ARM-RX] [74] <14.86 -43.10 -4.92> result: 99.30 102.77 -77.20 -9.30 89.97 0.00
[11:03:24.236] [ARM-RX] [75] <15.38 -44.61 -5.09> result: 99.47 103.12 -76.73 -9.47 89.85 0.00
[11:03:24.236] [ARM-RX] [76] <15.91 -46.14
[11:03:24.260] [ARM-RX] -5.27> result: 99.63 103.47 -76.25 -9.63 89.73 0.00
[11:03:24.260] [ARM-RX] [77] <16.45 -47.70 -5.45> result: 99.79 103.82 -75.77 -9.79 89.60 0.00
[11:03:24.260] [ARM-RX] [78] <16.99 -49.28 -5.63> result: 99.94 104.18 -75.27 -9.94 89.46 0.00
[11:03:24.261] [ARM-RX] [79] <17.54 -50.88 -5.81> result: 100.10 104.54 -74.77 -10.
[11:03:24.283] [ARM-RX] 10 89.32 0.00
[11:03:24.283] [ARM-RX] [80] <18.10 -52.51 -6.00> result: 100.25 104.90 -74.26 -10.25 89.17 0.00
[11:03:24.283] [ARM-RX] [81] <18.67 -54.16 -6.19> result: 100.40 105.26 -73.74 -10.40 89.01 0.00
[11:03:24.284] [ARM-RX] [82] <19.25 -55.83 -6.38> result: 100.54 105.62 -73.21 -10.54 88.85 0.00
[11:03:24.284] [ARM-RX] [83] <19.83 -57.53
[11:03:24.319] [ARM-RX] -6.57> result: 100.68 105.99 -72.67 -10.68 88.68 0.00
[11:03:24.319] [ARM-RX] [84] <20.43 -59.24 -6.77> result: 100.82 106.35 -72.13 -10.82 88.51 0.00
[11:03:24.319] [ARM-RX] [85] <21.02 -60.98 -6.96> result: 100.96 106.72 -71.58 -10.96 88.33 0.00
[11:03:24.319] [ARM-RX] [86] <21.63 -62.73 -7.16> result: 101.09 107.09 -71.0
[11:03:24.342] [ARM-RX] 2 -11.09 88.15 0.00
[11:03:24.342] [ARM-RX] [87] <22.24 -64.51 -7.37> result: 101.22 107.46 -70.45 -11.23 87.96 0.00
[11:03:24.342] [ARM-RX] [88] <22.86 -66.31 -7.57> result: 101.35 107.84 -69.88 -11.35 87.76 0.00
[11:03:24.342] [ARM-RX] [89] <23.49 -68.12 -7.78> result: 101.47 108.21 -69.30 -11.48 87.56 0.00
[11:03:24.343] [ARM-RX] [90] <24.12 -
[11:03:24.365] [ARM-RX] 69.96 -7.99> result: 101.59 108.59 -68.71 -11.60 87.36 0.00
[11:03:24.365] [ARM-RX] [91] <24.76 -71.81 -8.20> result: 101.71 108.97 -68.11 -11.73 87.14 0.00
[11:03:24.366] [ARM-RX] [92] <25.40 -73.67 -8.41> result: 101.83 109.35 -67.51 -11.84 86.93 0.00
[11:03:24.366] [ARM-RX] [93] <26.05 -75.56 -8.63> result: 101.94 109.73
[11:03:24.390] [ARM-RX] -66.90 -11.96 86.71 0.00
[11:03:24.391] [ARM-RX] [94] <26.71 -77.46 -8.85> result: 102.05 110.12 -66.28 -12.07 86.48 0.00
[11:03:24.391] [ARM-RX] [95] <27.37 -79.37 -9.06> result: 102.16 110.50 -65.66 -12.19 86.25 0.00
[11:03:24.392] [ARM-RX] [96] <28.03 -81.30 -9.28> result: 102.27 110.89 -65.03 -12.30 86.01 0.00
[11:03:24.392] [ARM-RX] [97] <2
[11:03:24.411] [ARM-RX] 8.70 -83.24 -9.51> result: 102.37 111.27 -64.40 -12.40 85.77 0.00
[11:03:24.412] [ARM-RX] [98] <29.38 -85.20 -9.73> result: 102.47 111.66 -63.76 -12.51 85.53 0.00
[11:03:24.412] [ARM-RX] [99] <30.05 -87.17 -9.95> result: 102.57 112.05 -63.11 -12.61 85.28 0.00
[11:03:24.412] [ARM-RX] [100] <30.74 -89.15 -10.18> result: 102.6
[11:03:24.433] [ARM-RX] 7 112.44 -62.46 -12.71 85.02 0.00
[11:03:24.433] [ARM-RX] [101] <31.42 -91.14 -10.41> result: 102.76 112.83 -61.80 -12.81 84.77 0.00
[11:03:24.434] [ARM-RX] [102] <32.11 -93.14 -10.64> result: 102.85 113.22 -61.14 -12.91 84.51 0.00
[11:03:24.434] [ARM-RX] [103] <32.81 -95.15 -10.87> result: 102.94 113.62 -60.47 -13.01 84.24
[11:03:24.456] [ARM-RX] 0.00
[11:03:24.456] [ARM-RX] [104] <33.21 -96.32 -11.00> result: 102.99 113.85 -60.08 -13.06 84.08 0.00
[11:03:24.456] [ARM-RX] [105] <33.21 -96.32 -11.00> result: 102.99 113.85 -60.08 -13.06 84.08 0.00
[11:03:24.457] [ARM-RX] [106] <33.21 -96.32 -11.00> result: 102.99 113.85 -60.08 -13.06 84.08 0.00
[11:03:24.457] [ARM-RX] [107] <33.21 -96.32 -
[11:03:24.481] [ARM-RX] 11.00> result: 102.99 113.85 -60.08 -13.06 84.08 0.00
[11:03:24.481] [ARM-RX] [108] <33.21 -96.32 -11.00> result: 102.99 113.85 -60.08 -13.06 84.08 0.00
[11:03:24.481] [ARM-RX] [109] <33.21 -96.32 -11.00> result: 102.99 113.85 -60.08 -13.06 84.08 0.00
[11:03:24.481] [ARM-RX] [110] <33.21 -96.32 -11.00> result: 102.99 113.85
[11:03:24.514] [ARM-RX] -60.08 -13.06 84.08 0.00
[11:03:24.514] [ARM-RX] [111] <33.21 -96.32 -11.00> result: 102.99 113.85 -60.08 -13.06 84.08 0.00
[11:03:24.515] [ARM-RX] [112] <33.21 -96.32 -11.00> result: 102.99 113.85 -60.08 -13.06 84.08 0.00
[11:03:24.515] [ARM-RX] [113] <33.21 -96.32 -11.00> result: 102.99 113.85 -60.08 -13.06 84.08 0.00
[11:03:24.515] [ARM-RX] [
[11:03:24.536] [ARM-RX] 114] <33.21 -96.32 -11.00> result: 102.99 113.85 -60.08 -13.06 84.08 0.00
[11:03:24.537] [ARM-RX] [115] <33.21 -96.32 -11.00> result: 102.99 113.85 -60.08 -13.06 84.08 0.00
[11:03:24.537] [ARM-RX] [116] <33.21 -96.32 -11.00> result: 102.99 113.85 -60.08 -13.06 84.08 0.00
[11:03:24.537] [ARM-RX] [117] <33.21 -96.32 -11.00> r
[11:03:24.559] [ARM-RX] esult: 102.99 113.85 -60.08 -13.06 84.08 0.00
[11:03:24.560] [ARM-RX] [118] <33.21 -96.32 -11.00> result: 102.99 113.85 -60.08 -13.06 84.08 0.00
[11:03:24.560] [ARM-RX] [119] <33.21 -96.32 -11.00> result: 102.99 113.85 -60.08 -13.06 84.08 0.00
[11:03:24.560] [ARM-RX] [120] <33.21 -96.32 -11.00> result: 102.99 113.85 -60.08
[11:03:24.586] [ARM-RX] -13.06 84.08 0.00
[11:03:24.587] [ARM-RX] [121] <33.21 -96.32 -11.00> result: 102.99 113.85 -60.08 -13.06 84.08 0.00
[11:03:24.587] [ARM-RX] [122] <33.21 -96.32 -11.00> result: 102.99 113.85 -60.08 -13.06 84.08 0.00
[11:03:24.587] [ARM-RX] [123] <33.21 -96.32 -11.00> result: 102.99 113.85 -60.08 -13.06 84.08 0.00
[11:03:24.587] [ARM-RX] [124] <33
[11:03:24.607] [ARM-RX] .21 -96.32 -11.00> result: 102.99 113.85 -60.08 -13.06 84.08 0.00
[11:03:24.607] [ARM-RX] [125] <33.21 -96.32 -11.00> result: 102.99 113.85 -60.08 -13.06 84.08 0.00
[11:03:24.607] [ARM-RX] [126] <33.21 -96.32 -11.00> result: 102.99 113.85 -60.08 -13.06 84.08 0.00
[11:03:24.607] [ARM-RX] [127] <33.21 -96.32 -11.00> result: 1
[11:03:24.630] [ARM-RX] 02.99 113.85 -60.08 -13.06 84.08 0.00
[11:03:24.630] [ARM-RX] [128] <33.21 -96.32 -11.00> result: 102.99 113.85 -60.08 -13.06 84.08 0.00
[11:03:24.630] [ARM-RX] [129] <33.21 -96.32 -11.00> result: 102.99 113.85 -60.08 -13.06 84.08 0.00
[11:03:24.631] [ARM-RX] [130] <33.21 -96.32 -11.00> result: 102.99 113.85 -60.08 -13.06 8
[11:03:24.653] [ARM-RX] 4.08 0.00
[11:03:24.653] [ARM-RX] [131] <33.21 -96.32 -11.00> result: 102.99 113.85 -60.08 -13.06 84.08 0.00
[11:03:24.653] [ARM-RX] [132] <33.21 -96.32 -11.00> result: 102.99 113.85 -60.08 -13.06 84.08 0.00
[11:03:24.653] [ARM-RX] [133] <33.21 -96.32 -11.00> result: 102.99 113.85 -60.08 -13.06 84.08 0.00
[11:03:24.653] [ARM-RX] [134] <33.21 -96.
[11:03:24.689] [ARM-RX] 32 -11.00> result: 102.99 113.85 -60.08 -13.06 84.08 0.00
[11:03:24.690] [ARM-RX] [135] <33.21 -96.32 -11.00> result: 102.99 113.85 -60.08 -13.06 84.08 0.00
[11:03:24.690] [ARM-RX] [136] <33.21 -96.32 -11.00> result: 102.99 113.85 -60.08 -13.06 84.08 0.00
[11:03:24.690] [ARM-RX] [137] <33.21 -96.32 -11.00> result: 102.99 11
[11:03:24.710] [ARM-RX] 3.85 -60.08 -13.06 84.08 0.00
[11:03:24.710] [ARM-RX] [138] <33.21 -96.32 -11.00> result: 102.99 113.85 -60.08 -13.06 84.08 0.00
[11:03:24.710] [ARM-RX] [139] <33.21 -96.32 -11.00> result: 102.99 113.85 -60.08 -13.06 84.08 0.00
[11:03:24.711] [ARM-RX] [140] <33.21 -96.32 -11.00> result: 102.99 113.85 -60.08 -13.06 84.08 0.0
[11:03:24.733] [ARM-RX] 0
[11:03:24.733] [ARM-RX] [141] <33.21 -96.32 -11.00> result: 102.99 113.85 -60.08 -13.06 84.08 0.00
[11:03:24.733] [ARM-RX] [142] <33.21 -96.32 -11.00> result: 102.99 113.85 -60.08 -13.06 84.08 0.00
[11:03:24.734] [ARM-RX] [143] <33.21 -96.32 -11.00> result: 102.99 113.85 -60.08 -13.06 84.08 0.00
[11:03:24.734] [ARM-RX] [144] <33.21 -96.32 -11.0
[11:03:24.756] [ARM-RX] 0> result: 102.99 113.85 -60.08 -13.06 84.08 0.00
[11:03:24.757] [ARM-RX] [145] <33.21 -96.32 -11.00> result: 102.99 113.85 -60.08 -13.06 84.08 0.00
[11:03:24.757] [ARM-RX] [146] <33.21 -96.32 -11.00> result: 102.99 113.85 -60.08 -13.06 84.08 0.00
[11:03:24.757] [ARM-RX] [147] <33.21 -96.32 -11.00> result: 102.99 113.85 -60
[11:03:24.785] [ARM-RX] .08 -13.06 84.08 0.00
[11:03:24.785] [ARM-RX] [148] <33.21 -96.32 -11.00> result: 102.99 113.85 -60.08 -13.06 84.08 0.00
[11:03:24.785] [ARM-RX] [149] <33.21 -96.32 -11.00> result: 102.99 113.85 -60.08 -13.06 84.08 0.00
[11:03:24.785] [ARM-RX] [150] <33.21 -96.32 -11.00> result: 102.99 113.85 -60.08 -13.06 84.08 0.00
[11:03:24.785] [ARM-RX] [151]
[11:03:24.802] [ARM-RX] <33.21 -96.32 -11.00> result: 102.99 113.85 -60.08 -13.06 84.08 0.00
[11:03:24.803] [ARM-RX] [152] <33.21 -96.32 -11.00> result: 102.99 113.85 -60.08 -13.06 84.08 0.00
[11:03:24.803] [ARM-RX] [153] <33.21 -96.32 -11.00> result: 102.99 113.85 -60.08 -13.06 84.08 0.00
[11:03:24.803] [ARM-RX] [154] <33.21 -96.32 -11.00> resul
[11:03:24.826] [ARM-RX] t: 102.99 113.85 -60.08 -13.06 84.08 0.00
[11:03:24.826] [ARM-RX] [155] <33.21 -96.32 -11.00> result: 102.99 113.85 -60.08 -13.06 84.08 0.00
[11:03:24.827] [ARM-RX] [156] <33.21 -96.32 -11.00> result: 102.99 113.85 -60.08 -13.06 84.08 0.00
[11:03:24.827] [ARM-RX] [157] <33.21 -96.32 -11.00> result: 102.99 113.85 -60.08 -13.
[11:03:24.848] [ARM-RX] 06 84.08 0.00
[11:03:24.849] [ARM-RX] [158] <33.21 -96.32 -11.00> result: 102.99 113.85 -60.08 -13.06 84.08 0.00
[11:03:24.849] [ARM-RX] [159] <33.21 -96.32 -11.00> result: 102.99 113.85 -60.08 -13.06 84.08 0.00
[11:03:24.849] [ARM-RX] [160] <33.21 -96.32 -11.00> result: 102.99 113.85 -60.08 -13.06 84.08 0.00
[11:03:24.849] [ARM-RX] [161] <33.21
[11:03:24.885] [ARM-RX] -96.32 -11.00> result: 102.99 113.85 -60.08 -13.06 84.08 0.00
[11:03:24.885] [ARM-RX] [162] <33.21 -96.32 -11.00> result: 102.99 113.85 -60.08 -13.06 84.08 0.00
[11:03:24.885] [ARM-RX] [163] <33.21 -96.32 -11.00> result: 102.99 113.85 -60.08 -13.06 84.08 0.00
[11:03:24.886] [ARM-RX] [164] <33.21 -96.32 -11.00> result: 102.9
[11:03:24.907] [ARM-RX] 9 113.85 -60.08 -13.06 84.08 0.00
[11:03:24.907] [ARM-RX] [165] <33.21 -96.32 -11.00> result: 102.99 113.85 -60.08 -13.06 84.08 0.00
[11:03:24.907] [ARM-RX] [166] <33.21 -96.32 -11.00> result: 102.99 113.85 -60.08 -13.06 84.08 0.00
[11:03:24.908] [ARM-RX] [167] <33.21 -96.32 -11.00> result: 102.99 113.85 -60.08 -13.06 84.08
[11:03:24.930] [ARM-RX] 0.00
[11:03:24.930] [ARM-RX] [168] <33.21 -96.32 -11.00> result: 102.99 113.85 -60.08 -13.06 84.08 0.00
[11:03:24.930] [ARM-RX] [169] <33.21 -96.32 -11.00> result: 102.99 113.85 -60.08 -13.06 84.08 0.00
[11:03:24.931] [ARM-RX] [170] <33.21 -96.32 -11.00> result: 102.99 113.85 -60.08 -13.06 84.08 0.00
[11:03:24.931] [ARM-RX] [171] <33.21 -96.32 -
[11:03:24.952] [ARM-RX] 11.00> result: 102.99 113.85 -60.08 -13.06 84.08 0.00
[11:03:24.954] [ARM-RX] [172] <33.21 -96.32 -11.00> result: 102.99 113.85 -60.08 -13.06 84.08 0.00
[11:03:24.954] [ARM-RX] [173] <33.21 -96.32 -11.00> result: 102.99 113.85 -60.08 -13.06 84.08 0.00
[11:03:24.954] [ARM-RX] [174] <33.21 -96.32 -11.00> result: 102.99 113.85
[11:03:24.975] [ARM-RX] -60.08 -13.06 84.08 0.00
[11:03:24.977] [ARM-RX] [175] <33.21 -96.32 -11.00> result: 102.99 113.85 -60.08 -13.06 84.08 0.00
[11:03:24.977] [ARM-RX] [176] <33.21 -96.32 -11.00> result: 102.99 113.85 -60.08 -13.06 84.08 0.00
[11:03:24.977] [ARM-RX] [177] <33.21 -96.32 -11.00> result: 102.99 113.85 -60.08 -13.06 84.08 0.00
[11:03:24.977] [ARM-RX] [
[11:03:24.999] [ARM-RX] 178] <33.21 -96.32 -11.00> result: 102.99 113.85 -60.08 -13.06 84.08 0.00
[11:03:25.000] [ARM-RX] [179] <33.21 -96.32 -11.00> result: 102.99 113.85 -60.08 -13.06 84.08 0.00
[11:03:25.000] [ARM-RX] [180] <33.21 -96.32 -11.00> result: 102.99 113.85 -60.08 -13.06 84.08 0.00
[11:03:25.000] [ARM-RX] [181] <33.21 -96.32 -11.00> r
[11:03:25.024] [ARM-RX] esult: 102.99 113.85 -60.08 -13.06 84.08 0.00
[11:03:25.024] [ARM-RX] [182] <33.21 -96.32 -11.00> result: 102.99 113.85 -60.08 -13.06 84.08 0.00
[11:03:25.024] [ARM-RX] [183] <33.21 -96.32 -11.00> result: 102.99 113.85 -60.08 -13.06 84.08 0.00
[11:03:25.024] [ARM-RX] [184] <33.21 -96.32 -11.00> result: 102.99 113.85 -60.08
[11:03:25.057] [ARM-RX] -13.06 84.08 0.00
[11:03:25.058] [ARM-RX] [185] <33.21 -96.32 -11.00> result: 102.99 113.85 -60.08 -13.06 84.08 0.00
[11:03:25.058] [ARM-RX] [186] <33.21 -96.32 -11.00> result: 102.99 113.85 -60.08 -13.06 84.08 0.00
[11:03:25.065] [ARM-RX] [187] <33.21 -96.32 -11.00> result: 102.99 113.85 -60.08 -13.06 84.08 0.00
[11:03:25.065] [ARM-RX] [188] <33
[11:03:25.081] [ARM-RX] .21 -96.32 -11.00> result: 102.99 113.85 -60.08 -13.06 84.08 0.00
[11:03:25.081] [ARM-RX] [189] <33.21 -96.32 -11.00> result: 102.99 113.85 -60.08 -13.06 84.08 0.00
[11:03:25.081] [ARM-RX] [190] <33.21 -96.32 -11.00> result: 102.99 113.85 -60.08 -13.06 84.08 0.00
[11:03:25.081] [ARM-RX] [191] <33.21 -96.32 -11.00> result: 1
[11:03:25.102] [ARM-RX] 02.99 113.85 -60.08 -13.06 84.08 0.00
[11:03:25.103] [ARM-RX] [192] <33.21 -96.32 -11.00> result: 102.99 113.85 -60.08 -13.06 84.08 0.00
[11:03:25.103] [ARM-RX] [193] <33.21 -96.32 -11.00> result: 102.99 113.85 -60.08 -13.06 84.08 0.00
[11:03:25.103] [ARM-RX] [194] <33.21 -96.32 -11.00> result: 102.99 113.85 -60.08 -13.06 8
[11:03:25.126] [ARM-RX] 4.08 0.00
[11:03:25.127] [ARM-RX] [195] <33.21 -96.32 -11.00> result: 102.99 113.85 -60.08 -13.06 84.08 0.00
[11:03:25.127] [ARM-RX] [196] <33.21 -96.32 -11.00> result: 102.99 113.85 -60.08 -13.06 84.08 0.00
[11:03:25.127] [ARM-RX] [197] <33.21 -96.32 -11.00> result: 102.99 113.85 -60.08 -13.06 84.08 0.00
[11:03:25.128] [ARM-RX] [198] <33.21 -96.
[11:03:25.149] [ARM-RX] 32 -11.00> result: 102.99 113.85 -60.08 -13.06 84.08 0.00
[11:03:25.150] [ARM-RX] [199] <33.21 -96.32 -11.00> result: 102.99 113.85 -60.08 -13.06 84.08 0.00
[11:03:25.150] [ARM-RX] [200] <33.21 -96.32 -11.00> result: 102.99 113.85 -60.08 -13.06 84.08 0.00
[11:03:25.150] [ARM-RX] [201] <33.21 -96.32 -11.00> result: 102.99 11
[11:03:25.173] [ARM-RX] 3.85 -60.08 -13.06 84.08 0.00
[11:03:25.173] [ARM-RX] [202] <33.21 -96.32 -11.00> result: 102.99 113.85 -60.08 -13.06 84.08 0.00
[11:03:25.173] [ARM-RX] [203] <33.21 -96.32 -11.00> result: 102.99 113.85 -60.08 -13.06 84.08 0.00
[11:03:25.173] [ARM-RX] [204] <33.21 -96.32 -11.00> result: 102.99 113.85 -60.08 -13.06 84.08 0.0
[11:03:25.196] [ARM-RX] 0
[11:03:25.196] [ARM-RX] [205] <33.21 -96.32 -11.00> result: 102.99 113.85 -60.08 -13.06 84.08 0.00
[11:03:25.196] [ARM-RX] [206] <33.21 -96.32 -11.00> result: 102.99 113.85 -60.08 -13.06 84.08 0.00
[11:03:25.197] [ARM-RX] [207] <33.21 -96.32 -11.00> result: 102.99 113.85 -60.08 -13.06 84.08 0.00
[11:03:25.197] [ARM-RX] [208] <33.21 -96.32 -11.0
[11:03:25.218] [ARM-RX] 0> result: 102.99 113.85 -60.08 -13.06 84.08 0.00
[11:03:25.220] [ARM-RX] [209] <33.21 -96.32 -11.00> result: 102.99 113.85 -60.08 -13.06 84.08 0.00
[11:03:25.220] [ARM-RX] [210] <33.21 -96.32 -11.00> result: 102.99 113.85 -60.08 -13.06 84.08 0.00
[11:03:25.220] [ARM-RX] [211] <33.21 -96.32 -11.00> result: 102.99 113.85 -60
[11:03:25.254] [ARM-RX] .08 -13.06 84.08 0.00
[11:03:25.254] [ARM-RX] [212] <33.21 -96.32 -11.00> result: 102.99 113.85 -60.08 -13.06 84.08 0.00
[11:03:25.255] [ARM-RX] [213] <33.21 -96.32 -11.00> result: 102.99 113.85 -60.08 -13.06 84.08 0.00
[11:03:25.255] [ARM-RX] [214] <33.21 -96.32 -11.00> result: 102.99 113.85 -60.08 -13.06 84.08 0.00
[11:03:25.255] [ARM-RX] [215]
[11:03:25.279] [ARM-RX] <33.21 -96.32 -11.00> result: 102.99 113.85 -60.08 -13.06 84.08 0.00
[11:03:25.279] [ARM-RX] [216] <33.21 -96.32 -11.00> result: 102.99 113.85 -60.08 -13.06 84.08 0.00
[11:03:25.279] [ARM-RX] [217] <33.21 -96.32 -11.00> result: 102.99 113.85 -60.08 -13.06 84.08 0.00
[11:03:25.280] [ARM-RX] [218] <33.21 -96.32 -11.00> resul
[11:03:25.300] [ARM-RX] t: 102.99 113.85 -60.08 -13.06 84.08 0.00
[11:03:25.300] [ARM-RX] [219] <33.21 -96.32 -11.00> result: 102.99 113.85 -60.08 -13.06 84.08 0.00
[11:03:25.301] [ARM-RX] [220] <33.21 -96.32 -11.00> result: 102.99 113.85 -60.08 -13.06 84.08 0.00
[11:03:25.301] [ARM-RX] [221] <33.21 -96.32 -11.00> result: 102.99 113.85 -60.08 -13.
[11:03:25.323] [ARM-RX] 06 84.08 0.00
[11:03:25.323] [ARM-RX] [222] <33.21 -96.32 -11.00> result: 102.99 113.85 -60.08 -13.06 84.08 0.00
[11:03:25.324] [ARM-RX] [223] <33.21 -96.32 -11.00> result: 102.99 113.85 -60.08 -13.06 84.08 0.00
[11:03:25.324] [ARM-RX] [224] <33.21 -96.32 -11.00> result: 102.99 113.85 -60.08 -13.06 84.08 0.00
[11:03:25.324] [ARM-RX] [225] <33.21
[11:03:25.346] [ARM-RX] -96.32 -11.00> result: 102.99 113.85 -60.08 -13.06 84.08 0.00
[11:03:25.346] [ARM-RX] [226] <33.21 -96.32 -11.00> result: 102.99 113.85 -60.08 -13.06 84.08 0.00
[11:03:25.346] [ARM-RX] [227] <33.21 -96.32 -11.00> result: 102.99 113.85 -60.08 -13.06 84.08 0.00
[11:03:25.347] [ARM-RX] [228] <33.21 -96.32 -11.00> result: 102.9
[11:03:25.402] [ARM-RX] 9 113.85 -60.08 -13.06 84.08 0.00
[11:03:25.402] [ARM-RX] [229] <33.21 -96.32 -11.00> result: 102.99 113.85 -60.08 -13.06 84.08 0.00
[11:03:25.403] [ARM-RX] [230] <33.21 -96.32 -11.00> result: 102.99 113.85 -60.08 -13.06 84.08 0.00
[11:03:27.833] [ARM-RX] [joint 1] ave_error:33.20
[11:03:27.833] [ARM-RX] [joint 2] ave_error:5.72
[11:03:27.833] [ARM-RX] [joint 3] ave_error:5.23
[11:03:27.833] [ARM-RX] [joint 4] ave_error:0.71
[11:03:27.833] [ARM-RX] [joint 5] ave_error:0.55
[11:03:27.834] [ARM-RX] robot pid run finished!!
[11:03:28.641] [ARM-RX] AUTO final confirm failed: joint 0 err=15.10deg tol=3.00, pose invalid.
[11:03:28.642] [ARM-RX] J1 cur=87.89 target=102.99 err=15.10
[11:03:28.642] [ARM-RX] J2 cur=121.05 target=113.85 err=-7.21
[11:03:28.642] [ARM-RX] J3 cur=-54.18 target=-60.08 err=-5.91
[11:03:28.642] [ARM-RX] J4 cur=-13.22 target=-13.06 err=0.16
[11:03:28.642] [ARM-RX] J5 cur=83.94 target
[11:03:28.692] [ARM-RX] =84.08 err=0.15
[11:04:39.547] [ARM-TX] 发送命令 abs_rotate 0 90: abs_rotate 0 90
[11:04:39.621] [ARM-RX] Found handler for 'abs_rotate', executing...
[11:04:39.621] [ARM-RX] [joint_id: 0] ROBOT_JOINT_ABS_ROTATE 90.000000
[11:04:48.296] [ARM-TX] 发送命令 abs_rotate 0 45: abs_rotate 0 45
[11:04:48.326] [ARM-RX] Found handler for 'abs_rotate', executing...
[11:04:48.327] [ARM-RX] [joint_id: 0] ROBOT_JOINT_ABS_ROTATE 45.000000
[11:04:53.176] [ARM-TX] 发送命令 auto 33.21 -96.32 -11: auto 33.21 -96.32 -11
[11:04:53.298] [ARM-RX] Found handler for 'auto', executing...
[11:04:53.298] [ARM-RX] reject AUTO: pose invalid, please do hard_reset/soft_reset first.
[11:04:53.298] [ARM-RX] [ERROR] event_type:auto failed
[11:04:55.296] [ARM-TX] 发送命令 soft_reset: soft_reset
[11:04:55.404] [ARM-RX] Found handler for 'soft_reset', executing...
[11:04:55.404] [ARM-RX] ROBOT_SOFT_RESET_EVENT
[11:04:55.406] [ARM-RX] --- Starting soft reset ---
[11:04:55.590] [ARM-RX] Soft reset motors enabled (J1~J5, J6 skipped).
[11:04:55.590] [ARM-RX] Soft resetting joint 4...
[11:04:55.652] [ARM-RX] robot_update_current_angle 4...
[11:04:55.652] [ARM-RX] [4] current:83.94, target:90.00, dir:1
[11:04:56.334] [ARM-RX] Soft resetting joint 3...
[11:04:56.397] [ARM-RX] robot_update_current_angle 3...
[11:04:56.397] [ARM-RX] [3] current:-13.22, target:0.00, dir:1
[11:04:57.889] [ARM-RX] soft reset joint 3 settle timeout, keep going
[11:04:57.889] [ARM-RX] Soft resetting joint 1...
[11:04:57.889] [ARM-RX] robot_update_current_angle 1...
[11:04:57.889] [ARM-RX] [1] current:121.05, target:90.00, dir:-1
[11:04:59.823] [ARM-RX] soft reset joint 1 settle timeout, keep going
[11:04:59.823] [ARM-RX] Soft resetting joint 2...
[11:04:59.886] [ARM-RX] robot_update_current_angle 2...
[11:04:59.886] [ARM-RX] [2] current:-54.18, target:-90.00, dir:-1
[11:05:01.999] [ARM-RX] soft reset joint 2 settle timeout, keep going
[11:05:01.999] [ARM-RX] Soft resetting joint 0...
[11:05:01.999] [ARM-RX] robot_update_current_angle 0...
[11:05:01.999] [ARM-RX] [0] current:46.84, target:90.00, dir:1
[11:05:04.240] [ARM-RX] soft reset joint 0 settle timeout, keep going
[11:05:04.240] [ARM-RX] soft reset verify not pass, start refine loop...
[11:05:04.302] [ARM-RX] soft reset refine joint 0 round 1: cur=82.15 target=90.00 err=7.85 dir=1
[11:05:05.729] [ARM-RX] soft reset refine pass 1 success.
[11:05:05.729] [ARM-RX] soft reset final verify PASS (issues:4), pose set HOME.
[11:05:21.437] [ARM-TX] 发送命令 auto -33.21 -96.32 -11: auto -33.21 -96.32 -11
[11:05:21.541] [ARM-RX] Found handler for 'auto', executing...
[11:05:21.541] [ARM-RX] ROBOT_AUTO_EVENT
[11:05:21.541] [ARM-RX] [0] <0.00 0.00 0.00> result: 90.00 90.00 -90.00 0.00 90.00 0.00
[11:05:21.564] [ARM-RX] [1] <-0.00 -0.00 -0.00> result: 90.00 90.00 -90.00 0.00 90.00 0.00
[11:05:21.565] [ARM-RX] [2] <-0.00 -0.00 -0.00> result: 90.00 90.00 -90.00 0.00 90.00 0.00
[11:05:21.565] [ARM-RX] [3] <-0.00 -0.01 -0.00> result: 90.00 90.00 -90.00 0.00 90.00 0.00
[11:05:21.567] [ARM-RX] [4] <-0.00 -0.01 -0.00> result: 90.00 90.00 -90.00
[11:05:21.586] [ARM-RX] 0.00 90.00 0.00
[11:05:21.586] [ARM-RX] [5] <-0.01 -0.02 -0.00> result: 89.99 90.01 -89.99 0.01 90.00 0.00
[11:05:21.586] [ARM-RX] [6] <-0.01 -0.03 -0.00> result: 89.99 90.01 -89.99 0.01 90.00 0.00
[11:05:21.587] [ARM-RX] [7] <-0.02 -0.05 -0.01> result: 89.98 90.02 -89.99 0.02 90.01 0.00
[11:05:21.587] [ARM-RX] [8] <-0.03 -0.08 -0.01> result: 89.
[11:05:21.609] [ARM-RX] 97 90.03 -89.98 0.03 90.01 0.00
[11:05:21.610] [ARM-RX] [9] <-0.04 -0.11 -0.01> result: 89.95 90.05 -89.97 0.05 90.01 0.00
[11:05:21.610] [ARM-RX] [10] <-0.05 -0.15 -0.02> result: 89.94 90.06 -89.96 0.06 90.02 0.00
[11:05:21.610] [ARM-RX] [11] <-0.07 -0.19 -0.02> result: 89.92 90.08 -89.95 0.08 90.03 0.00
[11:05:21.610] [ARM-RX] [12] <-0.09 -0.25
[11:05:21.633] [ARM-RX] -0.03> result: 89.90 90.10 -89.93 0.10 90.03 0.00
[11:05:21.633] [ARM-RX] [13] <-0.11 -0.31 -0.04> result: 89.87 90.13 -89.91 0.13 90.04 0.00
[11:05:21.633] [ARM-RX] [14] <-0.13 -0.39 -0.04> result: 89.84 90.16 -89.89 0.16 90.05 0.00
[11:05:21.634] [ARM-RX] [15] <-0.16 -0.47 -0.05> result: 89.81 90.19 -89.87 0.19 90.06 0.0
[11:05:21.657] [ARM-RX] 0
[11:05:21.657] [ARM-RX] [16] <-0.20 -0.57 -0.07> result: 89.77 90.23 -89.84 0.23 90.08 0.00
[11:05:21.658] [ARM-RX] [17] <-0.23 -0.68 -0.08> result: 89.72 90.28 -89.81 0.28 90.09 0.00
[11:05:21.658] [ARM-RX] [18] <-0.28 -0.80 -0.09> result: 89.67 90.33 -89.78 0.33 90.11 0.00
[11:05:21.658] [ARM-RX] [19] <-0.32 -0.94 -0.11> result: 89.62 90.38 -
[11:05:21.691] [ARM-RX] 89.74 0.38 90.12 0.00
[11:05:21.692] [ARM-RX] [20] <-0.38 -1.09 -0.12> result: 89.56 90.44 -89.70 0.44 90.14 0.00
[11:05:21.692] [ARM-RX] [21] <-0.43 -1.25 -0.14> result: 89.49 90.51 -89.65 0.51 90.16 0.00
[11:05:21.693] [ARM-RX] [22] <-0.49 -1.43 -0.16> result: 89.42 90.58 -89.60 0.58 90.19 0.00
[11:05:21.693] [ARM-RX] [23] <-0.56 -1.63 -0.19> r
[11:05:21.701] [ARM-RX] esult: 89.35 90.66 -89.55 0.65 90.21 0.00
[11:05:21.702] [ARM-RX] [24] <-0.64 -1.84 -0.21> result: 89.26 90.75 -89.49 0.74 90.23 0.00
[11:05:21.702] [ARM-RX] [25] <-0.72 -2.08 -0.24> result: 89.18 90.84 -89.42 0.82 90.26 0.00
[11:05:21.702] [ARM-RX] [26] <-0.80 -2.33 -0.27> result: 89.08 90.94 -89.35 0.92 90.29 0.00
[11:05:21.702] [ARM-RX] [27] <
[11:05:21.737] [ARM-RX] -0.89 -2.59 -0.30> result: 88.98 91.04 -89.28 1.02 90.32 0.00
[11:05:21.737] [ARM-RX] [28] <-0.99 -2.88 -0.33> result: 88.87 91.15 -89.20 1.13 90.35 0.00
[11:05:21.737] [ARM-RX] [29] <-1.10 -3.19 -0.36> result: 88.76 91.27 -89.11 1.24 90.38 0.00
[11:05:21.737] [ARM-RX] [30] <-1.21 -3.52 -0.40> result: 88.64 91.40 -89.02 1.3
[11:05:21.759] [ARM-RX] 6 90.42 0.00
[11:05:21.759] [ARM-RX] [31] <-1.33 -3.86 -0.44> result: 88.52 91.53 -88.92 1.48 90.45 0.00
[11:05:21.759] [ARM-RX] [32] <-1.46 -4.23 -0.48> result: 88.39 91.67 -88.82 1.61 90.49 0.00
[11:05:21.760] [ARM-RX] [33] <-1.59 -4.63 -0.53> result: 88.25 91.82 -88.71 1.75 90.52 0.00
[11:05:21.760] [ARM-RX] [34] <-1.74 -5.04 -0.58> result: 88
[11:05:21.783] [ARM-RX] .11 91.97 -88.59 1.89 90.56 0.00
[11:05:21.783] [ARM-RX] [35] <-1.89 -5.48 -0.63> result: 87.96 92.13 -88.47 2.04 90.60 0.00
[11:05:21.783] [ARM-RX] [36] <-2.05 -5.94 -0.68> result: 87.81 92.30 -88.34 2.19 90.63 0.00
[11:05:21.783] [ARM-RX] [37] <-2.21 -6.42 -0.73> result: 87.65 92.47 -88.20 2.35 90.67 0.00
[11:05:21.783] [ARM-RX] [38] <-2.39 -6.
[11:05:21.808] [ARM-RX] 93 -0.79> result: 87.49 92.66 -88.05 2.51 90.71 0.00
[11:05:21.809] [ARM-RX] [39] <-2.57 -7.46 -0.85> result: 87.33 92.85 -87.90 2.67 90.75 0.00
[11:05:21.809] [ARM-RX] [40] <-2.76 -8.02 -0.92> result: 87.16 93.04 -87.74 2.84 90.78 0.00
[11:05:21.809] [ARM-RX] [41] <-2.96 -8.60 -0.98> result: 86.98 93.24 -87.57 3.02 90.82 0
[11:05:21.831] [ARM-RX] .00
[11:05:21.831] [ARM-RX] [42] <-3.17 -9.21 -1.05> result: 86.80 93.45 -87.40 3.20 90.85 0.00
[11:05:21.831] [ARM-RX] [43] <-3.39 -9.84 -1.12> result: 86.62 93.67 -87.22 3.38 90.88 0.00
[11:05:21.831] [ARM-RX] [44] <-3.62 -10.50 -1.20> result: 86.44 93.89 -87.03 3.56 90.91 0.00
[11:05:21.832] [ARM-RX] [45] <-3.86 -11.19 -1.28> result: 86.25 94.
[11:05:21.857] [ARM-RX] 12 -86.83 3.75 90.94 0.00
[11:05:21.857] [ARM-RX] [46] <-4.10 -11.90 -1.36> result: 86.06 94.35 -86.62 3.94 90.97 0.00
[11:05:21.857] [ARM-RX] [47] <-4.36 -12.64 -1.44> result: 85.86 94.59 -86.40 4.14 90.99 0.00
[11:05:21.857] [ARM-RX] [48] <-4.62 -13.41 -1.53> result: 85.67 94.84 -86.18 4.33 91.02 0.00
[11:05:21.858] [ARM-RX] [49] <-4.90 -14.20
[11:05:21.875] [ARM-RX] -1.62> result: 85.47 95.09 -85.95 4.53 91.04 0.00
[11:05:21.875] [ARM-RX] [50] <-5.18 -15.02 -1.72> result: 85.27 95.35 -85.71 4.73 91.05 0.00
[11:05:21.875] [ARM-RX] [51] <-5.47 -15.87 -1.81> result: 85.07 95.61 -85.46 4.93 91.06 0.00
[11:05:21.876] [ARM-RX] [52] <-5.78 -16.75 -1.91> result: 84.87 95.88 -85.20 5.13 91.07 0
[11:05:21.900] [ARM-RX] .00
[11:05:21.900] [ARM-RX] [53] <-6.09 -17.65 -2.02> result: 84.67 96.15 -84.93 5.33 91.08 0.00
[11:05:21.900] [ARM-RX] [54] <-6.41 -18.59 -2.12> result: 84.47 96.43 -84.65 5.53 91.08 0.00
[11:05:21.900] [ARM-RX] [55] <-6.74 -19.55 -2.23> result: 84.27 96.71 -84.37 5.73 91.07 0.00
[11:05:21.902] [ARM-RX] [56] <-7.08 -20.54 -2.35> result: 84.07 9
[11:05:21.942] [ARM-RX] 7.00 -84.07 5.93 91.06 0.00
[11:05:21.942] [ARM-RX] [57] <-7.43 -21.56 -2.46> result: 83.87 97.29 -83.77 6.13 91.05 0.00
[11:05:21.943] [ARM-RX] [58] <-7.79 -22.60 -2.58> result: 83.67 97.58 -83.46 6.33 91.03 0.00
[11:05:21.943] [ARM-RX] [59] <-8.16 -23.68 -2.70> result: 83.47 97.88 -83.14 6.53 91.01 0.00
[11:05:21.943] [ARM-RX] [60] <-8.54 -24.7
[11:05:21.977] [ARM-RX] 8 -2.83> result: 83.27 98.18 -82.80 6.73 90.98 0.00
[11:05:21.977] [ARM-RX] [61] <-8.93 -25.91 -2.96> result: 83.07 98.49 -82.46 6.93 90.95 0.00
[11:05:21.977] [ARM-RX] [62] <-9.33 -27.07 -3.09> result: 82.88 98.80 -82.11 7.12 90.91 0.00
[11:05:21.977] [ARM-RX] [63] <-9.74 -28.25 -3.23> result: 82.68 99.11 -81.75 7.32 90.86
[11:05:22.039] [ARM-RX] 0.00
[11:05:22.039] [ARM-RX] [64] <-10.16 -29.47 -3.37> result: 82.49 99.43 -81.39 7.51 90.81 0.00
[11:05:22.043] [ARM-RX] [65] <-10.59 -30.71 -3.51> result: 82.30 99.75 -81.01 7.70 90.75 0.00
[11:05:22.044] [ARM-RX] [66] <-11.03 -31.98 -3.65> result: 82.11 100.08 -80.62 7.89 90.69 0.00
[11:05:22.044] [ARM-RX] [67] <-11.47 -33.28 -3.80> result:
[11:05:22.044] [ARM-RX] 81.93 100.40 -80.23 8.07 90.62 0.00
[11:05:22.044] [ARM-RX] [68] <-11.93 -34.60 -3.95> result: 81.75 100.73 -79.82 8.26 90.55 0.00
[11:05:22.044] [ARM-RX] [69] <-12.40 -35.95 -4.11> result: 81.56 101.07 -79.41 8.44 90.47 0.00
[11:05:22.045] [ARM-RX] [70] <-12.87 -37.33 -4.26> result: 81.39 101.40 -78.98 8.61 90.38 0.00
[11:05:22.045] [ARM-RX] [71
[11:05:22.045] [ARM-RX] ] <-13.35 -38.73 -4.42> result: 81.21 101.74 -78.55 8.79 90.29 0.00
[11:05:22.045] [ARM-RX] [72] <-13.85 -40.16 -4.59> result: 81.04 102.08 -78.11 8.96 90.19 0.00
[11:05:22.045] [ARM-RX] [73] <-14.35 -41.62 -4.75> result: 80.87 102.43 -77.66 9.13 90.08 0.00
[11:05:22.045] [ARM-RX] [74] <-14.86 -43.10 -4.92> result: 80.70 10
[11:05:22.061] [ARM-RX] 2.77 -77.20 9.30 89.97 0.00
[11:05:22.061] [ARM-RX] [75] <-15.38 -44.61 -5.09> result: 80.53 103.12 -76.73 9.47 89.85 0.00
[11:05:22.061] [ARM-RX] [76] <-15.91 -46.14 -5.27> result: 80.37 103.47 -76.25 9.63 89.73 0.00
[11:05:22.062] [ARM-RX] [77] <-16.45 -47.70 -5.45> result: 80.21 103.82 -75.77 9.79 89.60 0.00
[11:05:22.062] [ARM-RX] [78] <-16.9
[11:05:22.071] [ARM-RX] 9 -49.28 -5.63> result: 80.06 104.18 -75.27 9.94 89.46 0.00
[11:05:22.072] [ARM-RX] [79] <-17.54 -50.88 -5.81> result: 79.90 104.54 -74.77 10.10 89.32 0.00
[11:05:22.072] [ARM-RX] [80] <-18.10 -52.51 -6.00> result: 79.75 104.90 -74.26 10.25 89.17 0.00
[11:05:22.072] [ARM-RX] [81] <-18.67 -54.16 -6.19> result: 79.60 105.26 -
[11:05:22.107] [ARM-RX] 73.74 10.40 89.01 0.00
[11:05:22.107] [ARM-RX] [82] <-19.25 -55.83 -6.38> result: 79.46 105.62 -73.21 10.54 88.85 0.00
[11:05:22.107] [ARM-RX] [83] <-19.83 -57.53 -6.57> result: 79.32 105.99 -72.67 10.68 88.68 0.00
[11:05:22.107] [ARM-RX] [84] <-20.43 -59.24 -6.77> result: 79.18 106.35 -72.13 10.82 88.51 0.00
[11:05:22.108] [ARM-RX] [85] <-21.02
[11:05:22.129] [ARM-RX] -60.98 -6.96> result: 79.04 106.72 -71.58 10.96 88.33 0.00
[11:05:22.129] [ARM-RX] [86] <-21.63 -62.73 -7.16> result: 78.91 107.09 -71.02 11.09 88.15 0.00
[11:05:22.130] [ARM-RX] [87] <-22.24 -64.51 -7.37> result: 78.78 107.46 -70.45 11.23 87.96 0.00
[11:05:22.130] [ARM-RX] [88] <-22.86 -66.31 -7.57> result: 78.65 107.84 -6
[11:05:22.152] [ARM-RX] 9.88 11.35 87.76 0.00
[11:05:22.153] [ARM-RX] [89] <-23.49 -68.12 -7.78> result: 78.53 108.21 -69.30 11.48 87.56 0.00
[11:05:22.153] [ARM-RX] [90] <-24.12 -69.96 -7.99> result: 78.41 108.59 -68.71 11.60 87.36 0.00
[11:05:22.153] [ARM-RX] [91] <-24.76 -71.81 -8.20> result: 78.29 108.97 -68.11 11.73 87.14 0.00
[11:05:22.153] [ARM-RX] [92] <-25.40 -
[11:05:22.178] [ARM-RX] 73.67 -8.41> result: 78.17 109.35 -67.51 11.84 86.93 0.00
[11:05:22.178] [ARM-RX] [93] <-26.05 -75.56 -8.63> result: 78.06 109.73 -66.90 11.96 86.71 0.00
[11:05:22.179] [ARM-RX] [94] <-26.71 -77.46 -8.85> result: 77.95 110.12 -66.28 12.07 86.48 0.00
[11:05:22.179] [ARM-RX] [95] <-27.37 -79.37 -9.06> result: 77.84 110.50 -65
[11:05:22.199] [ARM-RX] .66 12.19 86.25 0.00
[11:05:22.199] [ARM-RX] [96] <-28.03 -81.30 -9.28> result: 77.73 110.89 -65.03 12.30 86.01 0.00
[11:05:22.200] [ARM-RX] [97] <-28.70 -83.24 -9.51> result: 77.63 111.27 -64.40 12.40 85.77 0.00
[11:05:22.200] [ARM-RX] [98] <-29.38 -85.20 -9.73> result: 77.53 111.66 -63.76 12.51 85.53 0.00
[11:05:22.200] [ARM-RX] [99] <-30.05 -8
[11:05:22.222] [ARM-RX] 7.17 -9.95> result: 77.43 112.05 -63.11 12.61 85.28 0.00
[11:05:22.222] [ARM-RX] [100] <-30.74 -89.15 -10.18> result: 77.33 112.44 -62.46 12.71 85.02 0.00
[11:05:22.222] [ARM-RX] [101] <-31.42 -91.14 -10.41> result: 77.24 112.83 -61.80 12.81 84.77 0.00
[11:05:22.222] [ARM-RX] [102] <-32.11 -93.14 -10.64> result: 77.15 113.2
[11:05:22.246] [ARM-RX] 2 -61.14 12.91 84.51 0.00
[11:05:22.246] [ARM-RX] [103] <-32.81 -95.15 -10.87> result: 77.06 113.62 -60.47 13.01 84.24 0.00
[11:05:22.246] [ARM-RX] [104] <-33.21 -96.32 -11.00> result: 77.01 113.85 -60.08 13.06 84.08 0.00
[11:05:22.246] [ARM-RX] [105] <-33.21 -96.32 -11.00> result: 77.01 113.85 -60.08 13.06 84.08 0.00
[11:05:22.247] [ARM-RX] [106
[11:05:22.268] [ARM-RX] ] <-33.21 -96.32 -11.00> result: 77.01 113.85 -60.08 13.06 84.08 0.00
[11:05:22.269] [ARM-RX] [107] <-33.21 -96.32 -11.00> result: 77.01 113.85 -60.08 13.06 84.08 0.00
[11:05:22.269] [ARM-RX] [108] <-33.21 -96.32 -11.00> result: 77.01 113.85 -60.08 13.06 84.08 0.00
[11:05:22.269] [ARM-RX] [109] <-33.21 -96.32 -11.00> result
[11:05:22.304] [ARM-RX] : 77.01 113.85 -60.08 13.06 84.08 0.00
[11:05:22.304] [ARM-RX] [110] <-33.21 -96.32 -11.00> result: 77.01 113.85 -60.08 13.06 84.08 0.00
[11:05:22.304] [ARM-RX] [111] <-33.21 -96.32 -11.00> result: 77.01 113.85 -60.08 13.06 84.08 0.00
[11:05:22.304] [ARM-RX] [112] <-33.21 -96.32 -11.00> result: 77.01 113.85 -60.08 13.06 84.
[11:05:22.327] [ARM-RX] 08 0.00
[11:05:22.327] [ARM-RX] [113] <-33.21 -96.32 -11.00> result: 77.01 113.85 -60.08 13.06 84.08 0.00
[11:05:22.327] [ARM-RX] [114] <-33.21 -96.32 -11.00> result: 77.01 113.85 -60.08 13.06 84.08 0.00
[11:05:22.328] [ARM-RX] [115] <-33.21 -96.32 -11.00> result: 77.01 113.85 -60.08 13.06 84.08 0.00
[11:05:22.328] [ARM-RX] [116] <-33.21 -96.32 -
[11:05:22.349] [ARM-RX] 11.00> result: 77.01 113.85 -60.08 13.06 84.08 0.00
[11:05:22.349] [ARM-RX] [117] <-33.21 -96.32 -11.00> result: 77.01 113.85 -60.08 13.06 84.08 0.00
[11:05:22.349] [ARM-RX] [118] <-33.21 -96.32 -11.00> result: 77.01 113.85 -60.08 13.06 84.08 0.00
[11:05:22.350] [ARM-RX] [119] <-33.21 -96.32 -11.00> result: 77.01 113.85 -60
[11:05:22.374] [ARM-RX] .08 13.06 84.08 0.00
[11:05:22.374] [ARM-RX] [120] <-33.21 -96.32 -11.00> result: 77.01 113.85 -60.08 13.06 84.08 0.00
[11:05:22.374] [ARM-RX] [121] <-33.21 -96.32 -11.00> result: 77.01 113.85 -60.08 13.06 84.08 0.00
[11:05:22.375] [ARM-RX] [122] <-33.21 -96.32 -11.00> result: 77.01 113.85 -60.08 13.06 84.08 0.00
[11:05:22.375] [ARM-RX] [123] <-3
[11:05:22.408] [ARM-RX] 3.21 -96.32 -11.00> result: 77.01 113.85 -60.08 13.06 84.08 0.00
[11:05:22.409] [ARM-RX] [124] <-33.21 -96.32 -11.00> result: 77.01 113.85 -60.08 13.06 84.08 0.00
[11:05:22.409] [ARM-RX] [125] <-33.21 -96.32 -11.00> result: 77.01 113.85 -60.08 13.06 84.08 0.00
[11:05:22.409] [ARM-RX] [126] <-33.21 -96.32 -11.00> result: 77.
[11:05:22.418] [ARM-RX] 01 113.85 -60.08 13.06 84.08 0.00
[11:05:22.419] [ARM-RX] [127] <-33.21 -96.32 -11.00> result: 77.01 113.85 -60.08 13.06 84.08 0.00
[11:05:22.419] [ARM-RX] [128] <-33.21 -96.32 -11.00> result: 77.01 113.85 -60.08 13.06 84.08 0.00
[11:05:22.419] [ARM-RX] [129] <-33.21 -96.32 -11.00> result: 77.01 113.85 -60.08 13.06 84.08 0.
[11:05:22.441] [ARM-RX] 00
[11:05:22.443] [ARM-RX] [130] <-33.21 -96.32 -11.00> result: 77.01 113.85 -60.08 13.06 84.08 0.00
[11:05:22.443] [ARM-RX] [131] <-33.21 -96.32 -11.00> result: 77.01 113.85 -60.08 13.06 84.08 0.00
[11:05:22.443] [ARM-RX] [132] <-33.21 -96.32 -11.00> result: 77.01 113.85 -60.08 13.06 84.08 0.00
[11:05:22.443] [ARM-RX] [133] <-33.21 -96.32 -11.00
[11:05:22.496] [ARM-RX] > result: 77.01 113.85 -60.08 13.06 84.08 0.00
[11:05:22.497] [ARM-RX] [134] <-33.21 -96.32 -11.00> result: 77.01 113.85 -60.08 13.06 84.08 0.00
[11:05:22.497] [ARM-RX] [135] <-33.21 -96.32 -11.00> result: 77.01 113.85 -60.08 13.06 84.08 0.00
[11:05:22.497] [ARM-RX] [136] <-33.21 -96.32 -11.00> result: 77.01 113.85 -60.08 1
[11:05:22.506] [ARM-RX] 3.06 84.08 0.00
[11:05:22.510] [ARM-RX] [137] <-33.21 -96.32 -11.00> result: 77.01 113.85 -60.08 13.06 84.08 0.00
[11:05:22.510] [ARM-RX] [138] <-33.21 -96.32 -11.00> result: 77.01 113.85 -60.08 13.06 84.08 0.00
[11:05:22.510] [ARM-RX] [139] <-33.21 -96.32 -11.00> result: 77.01 113.85 -60.08 13.06 84.08 0.00
[11:05:22.510] [ARM-RX] [140] <-33.21
[11:05:22.522] [ARM-RX] -96.32 -11.00> result: 77.01 113.85 -60.08 13.06 84.08 0.00
[11:05:22.523] [ARM-RX] [141] <-33.21 -96.32 -11.00> result: 77.01 113.85 -60.08 13.06 84.08 0.00
[11:05:22.523] [ARM-RX] [142] <-33.21 -96.32 -11.00> result: 77.01 113.85 -60.08 13.06 84.08 0.00
[11:05:22.523] [ARM-RX] [143] <-33.21 -96.32 -11.00> result: 77.01 11
[11:05:22.546] [ARM-RX] 3.85 -60.08 13.06 84.08 0.00
[11:05:22.547] [ARM-RX] [144] <-33.21 -96.32 -11.00> result: 77.01 113.85 -60.08 13.06 84.08 0.00
[11:05:22.547] [ARM-RX] [145] <-33.21 -96.32 -11.00> result: 77.01 113.85 -60.08 13.06 84.08 0.00
[11:05:22.547] [ARM-RX] [146] <-33.21 -96.32 -11.00> result: 77.01 113.85 -60.08 13.06 84.08 0.00
[11:05:22.547] [ARM-RX] [
[11:05:22.572] [ARM-RX] 147] <-33.21 -96.32 -11.00> result: 77.01 113.85 -60.08 13.06 84.08 0.00
[11:05:22.572] [ARM-RX] [148] <-33.21 -96.32 -11.00> result: 77.01 113.85 -60.08 13.06 84.08 0.00
[11:05:22.572] [ARM-RX] [149] <-33.21 -96.32 -11.00> result: 77.01 113.85 -60.08 13.06 84.08 0.00
[11:05:22.573] [ARM-RX] [150] <-33.21 -96.32 -11.00> res
[11:05:22.607] [ARM-RX] ult: 77.01 113.85 -60.08 13.06 84.08 0.00
[11:05:22.608] [ARM-RX] [151] <-33.21 -96.32 -11.00> result: 77.01 113.85 -60.08 13.06 84.08 0.00
[11:05:22.608] [ARM-RX] [152] <-33.21 -96.32 -11.00> result: 77.01 113.85 -60.08 13.06 84.08 0.00
[11:05:22.608] [ARM-RX] [153] <-33.21 -96.32 -11.00> result: 77.01 113.85 -60.08 13.06
[11:05:22.618] [ARM-RX] 84.08 0.00
[11:05:22.618] [ARM-RX] [154] <-33.21 -96.32 -11.00> result: 77.01 113.85 -60.08 13.06 84.08 0.00
[11:05:22.618] [ARM-RX] [155] <-33.21 -96.32 -11.00> result: 77.01 113.85 -60.08 13.06 84.08 0.00
[11:05:22.618] [ARM-RX] [156] <-33.21 -96.32 -11.00> result: 77.01 113.85 -60.08 13.06 84.08 0.00
[11:05:22.619] [ARM-RX] [157] <-33.21 -96.3
[11:05:22.642] [ARM-RX] 2 -11.00> result: 77.01 113.85 -60.08 13.06 84.08 0.00
[11:05:22.642] [ARM-RX] [158] <-33.21 -96.32 -11.00> result: 77.01 113.85 -60.08 13.06 84.08 0.00
[11:05:22.642] [ARM-RX] [159] <-33.21 -96.32 -11.00> result: 77.01 113.85 -60.08 13.06 84.08 0.00
[11:05:22.643] [ARM-RX] [160] <-33.21 -96.32 -11.00> result: 77.01 113.85
[11:05:22.673] [ARM-RX] -60.08 13.06 84.08 0.00
[11:05:22.673] [ARM-RX] [161] <-33.21 -96.32 -11.00> result: 77.01 113.85 -60.08 13.06 84.08 0.00
[11:05:22.674] [ARM-RX] [162] <-33.21 -96.32 -11.00> result: 77.01 113.85 -60.08 13.06 84.08 0.00
[11:05:22.674] [ARM-RX] [163] <-33.21 -96.32 -11.00> result: 77.01 113.85 -60.08 13.06 84.08 0.00
[11:05:22.674] [ARM-RX] [164]
[11:05:22.702] [ARM-RX] <-33.21 -96.32 -11.00> result: 77.01 113.85 -60.08 13.06 84.08 0.00
[11:05:22.703] [ARM-RX] [165] <-33.21 -96.32 -11.00> result: 77.01 113.85 -60.08 13.06 84.08 0.00
[11:05:22.703] [ARM-RX] [166] <-33.21 -96.32 -11.00> result: 77.01 113.85 -60.08 13.06 84.08 0.00
[11:05:22.703] [ARM-RX] [167] <-33.21 -96.32 -11.00> result:
[11:05:22.719] [ARM-RX] 77.01 113.85 -60.08 13.06 84.08 0.00
[11:05:22.720] [ARM-RX] [168] <-33.21 -96.32 -11.00> result: 77.01 113.85 -60.08 13.06 84.08 0.00
[11:05:22.720] [ARM-RX] [169] <-33.21 -96.32 -11.00> result: 77.01 113.85 -60.08 13.06 84.08 0.00
[11:05:22.720] [ARM-RX] [170] <-33.21 -96.32 -11.00> result: 77.01 113.85 -60.08 13.06 84.08
[11:05:22.742] [ARM-RX] 0.00
[11:05:22.742] [ARM-RX] [171] <-33.21 -96.32 -11.00> result: 77.01 113.85 -60.08 13.06 84.08 0.00
[11:05:22.742] [ARM-RX] [172] <-33.21 -96.32 -11.00> result: 77.01 113.85 -60.08 13.06 84.08 0.00
[11:05:22.742] [ARM-RX] [173] <-33.21 -96.32 -11.00> result: 77.01 113.85 -60.08 13.06 84.08 0.00
[11:05:22.744] [ARM-RX] [174] <-33.21 -96.32 -11
[11:05:22.765] [ARM-RX] .00> result: 77.01 113.85 -60.08 13.06 84.08 0.00
[11:05:22.766] [ARM-RX] [175] <-33.21 -96.32 -11.00> result: 77.01 113.85 -60.08 13.06 84.08 0.00
[11:05:22.766] [ARM-RX] [176] <-33.21 -96.32 -11.00> result: 77.01 113.85 -60.08 13.06 84.08 0.00
[11:05:22.766] [ARM-RX] [177] <-33.21 -96.32 -11.00> result: 77.01 113.85 -60.0
[11:05:22.788] [ARM-RX] 8 13.06 84.08 0.00
[11:05:22.789] [ARM-RX] [178] <-33.21 -96.32 -11.00> result: 77.01 113.85 -60.08 13.06 84.08 0.00
[11:05:22.793] [ARM-RX] [179] <-33.21 -96.32 -11.00> result: 77.01 113.85 -60.08 13.06 84.08 0.00
[11:05:22.794] [ARM-RX] [180] <-33.21 -96.32 -11.00> result: 77.01 113.85 -60.08 13.06 84.08 0.00
[11:05:22.794] [ARM-RX] [181] <-33.
[11:05:22.813] [ARM-RX] 21 -96.32 -11.00> result: 77.01 113.85 -60.08 13.06 84.08 0.00
[11:05:22.814] [ARM-RX] [182] <-33.21 -96.32 -11.00> result: 77.01 113.85 -60.08 13.06 84.08 0.00
[11:05:22.814] [ARM-RX] [183] <-33.21 -96.32 -11.00> result: 77.01 113.85 -60.08 13.06 84.08 0.00
[11:05:22.814] [ARM-RX] [184] <-33.21 -96.32 -11.00> result: 77.01
[11:05:22.850] [ARM-RX] 113.85 -60.08 13.06 84.08 0.00
[11:05:22.850] [ARM-RX] [185] <-33.21 -96.32 -11.00> result: 77.01 113.85 -60.08 13.06 84.08 0.00
[11:05:22.852] [ARM-RX] [186] <-33.21 -96.32 -11.00> result: 77.01 113.85 -60.08 13.06 84.08 0.00
[11:05:22.852] [ARM-RX] [187] <-33.21 -96.32 -11.00> result: 77.01 113.85 -60.08 13.06 84.08 0.00
[11:05:22.910] [ARM-RX] [188] <-33.21 -96.32 -11.00> result: 77.01 113.85 -60.08 13.06 84.08 0.00
[11:05:22.910] [ARM-RX] [189] <-33.21 -96.32 -11.00> result: 77.01 113.85 -60.08 13.06 84.08 0.00
[11:05:22.910] [ARM-RX] [190] <-33.21 -96.32 -11.00> result: 77.01 113.85 -60.08 13.06 84.08 0.00
[11:05:22.910] [ARM-RX] [191]
[11:05:22.921] [ARM-RX] <-33.21 -96.32 -11.00> result: 77.01 113.85 -60.08 13.06 84.08 0.00
[11:05:22.922] [ARM-RX] [192] <-33.21 -96.32 -11.00> result: 77.01 113.85 -60.08 13.06 84.08 0.00
[11:05:22.922] [ARM-RX] [193] <-33.21 -96.32 -11.00> result: 77.01 113.85 -60.08 13.06 84.08 0.00
[11:05:22.922] [ARM-RX] [194] <-33.21 -96.32 -11.00> result:
[11:05:22.923] [ARM-RX] 77.01 113.85 -60.08 13.06 84.08 0.00
[11:05:22.924] [ARM-RX] [195] <-33.21 -96.32 -11.00> result: 77.01 113.85 -60.08 13.06 84.08 0.00
[11:05:22.924] [ARM-RX] [196] <-33.21 -96.32 -11.00> result: 77.01 113.85 -60.08 13.06 84.08 0.00
[11:05:22.924] [ARM-RX] [197] <-33.21 -96.32 -11.00> result: 77.01 113.85 -60.08 13.06 84.0
[11:05:22.939] [ARM-RX] 8 0.00
[11:05:22.940] [ARM-RX] [198] <-33.21 -96.32 -11.00> result: 77.01 113.85 -60.08 13.06 84.08 0.00
[11:05:22.940] [ARM-RX] [199] <-33.21 -96.32 -11.00> result: 77.01 113.85 -60.08 13.06 84.08 0.00
[11:05:22.940] [ARM-RX] [200] <-33.21 -96.32 -11.00> result: 77.01 113.85 -60.08 13.06 84.08 0.00
[11:05:22.940] [ARM-RX] [201] <-33.21 -96.32 -1
[11:05:22.962] [ARM-RX] 1.00> result: 77.01 113.85 -60.08 13.06 84.08 0.00
[11:05:22.962] [ARM-RX] [202] <-33.21 -96.32 -11.00> result: 77.01 113.85 -60.08 13.06 84.08 0.00
[11:05:22.962] [ARM-RX] [203] <-33.21 -96.32 -11.00> result: 77.01 113.85 -60.08 13.06 84.08 0.00
[11:05:22.963] [ARM-RX] [204] <-33.21 -96.32 -11.00> result: 77.01 113.85 -60.
[11:05:22.989] [ARM-RX] 08 13.06 84.08 0.00
[11:05:22.990] [ARM-RX] [205] <-33.21 -96.32 -11.00> result: 77.01 113.85 -60.08 13.06 84.08 0.00
[11:05:22.990] [ARM-RX] [206] <-33.21 -96.32 -11.00> result: 77.01 113.85 -60.08 13.06 84.08 0.00
[11:05:22.990] [ARM-RX] [207] <-33.21 -96.32 -11.00> result: 77.01 113.85 -60.08 13.06 84.08 0.00
[11:05:22.990] [ARM-RX] [208] <-33
[11:05:23.010] [ARM-RX] .21 -96.32 -11.00> result: 77.01 113.85 -60.08 13.06 84.08 0.00
[11:05:23.010] [ARM-RX] [209] <-33.21 -96.32 -11.00> result: 77.01 113.85 -60.08 13.06 84.08 0.00
[11:05:23.011] [ARM-RX] [210] <-33.21 -96.32 -11.00> result: 77.01 113.85 -60.08 13.06 84.08 0.00
[11:05:23.011] [ARM-RX] [211] <-33.21 -96.32 -11.00> result: 77.0
[11:05:23.030] [ARM-RX] 1 113.85 -60.08 13.06 84.08 0.00
[11:05:23.032] [ARM-RX] [212] <-33.21 -96.32 -11.00> result: 77.01 113.85 -60.08 13.06 84.08 0.00
[11:05:23.032] [ARM-RX] [213] <-33.21 -96.32 -11.00> result: 77.01 113.85 -60.08 13.06 84.08 0.00
[11:05:23.032] [ARM-RX] [214] <-33.21 -96.32 -11.00> result: 77.01 113.85 -60.08 13.06 84.08 0.0
[11:05:23.066] [ARM-RX] 0
[11:05:23.067] [ARM-RX] [215] <-33.21 -96.32 -11.00> result: 77.01 113.85 -60.08 13.06 84.08 0.00
[11:05:23.067] [ARM-RX] [216] <-33.21 -96.32 -11.00> result: 77.01 113.85 -60.08 13.06 84.08 0.00
[11:05:23.071] [ARM-RX] [217] <-33.21 -96.32 -11.00> result: 77.01 113.85 -60.08 13.06 84.08 0.00
[11:05:23.071] [ARM-RX] [218] <-33.21 -96.32 -11.00>
[11:05:23.090] [ARM-RX] result: 77.01 113.85 -60.08 13.06 84.08 0.00
[11:05:23.090] [ARM-RX] [219] <-33.21 -96.32 -11.00> result: 77.01 113.85 -60.08 13.06 84.08 0.00
[11:05:23.091] [ARM-RX] [220] <-33.21 -96.32 -11.00> result: 77.01 113.85 -60.08 13.06 84.08 0.00
[11:05:23.091] [ARM-RX] [221] <-33.21 -96.32 -11.00> result: 77.01 113.85 -60.08 13
[11:05:23.113] [ARM-RX] .06 84.08 0.00
[11:05:23.113] [ARM-RX] [222] <-33.21 -96.32 -11.00> result: 77.01 113.85 -60.08 13.06 84.08 0.00
[11:05:23.113] [ARM-RX] [223] <-33.21 -96.32 -11.00> result: 77.01 113.85 -60.08 13.06 84.08 0.00
[11:05:23.114] [ARM-RX] [224] <-33.21 -96.32 -11.00> result: 77.01 113.85 -60.08 13.06 84.08 0.00
[11:05:23.114] [ARM-RX] [225] <-33.21 -
[11:05:23.135] [ARM-RX] 96.32 -11.00> result: 77.01 113.85 -60.08 13.06 84.08 0.00
[11:05:23.135] [ARM-RX] [226] <-33.21 -96.32 -11.00> result: 77.01 113.85 -60.08 13.06 84.08 0.00
[11:05:23.135] [ARM-RX] [227] <-33.21 -96.32 -11.00> result: 77.01 113.85 -60.08 13.06 84.08 0.00
[11:05:23.137] [ARM-RX] [228] <-33.21 -96.32 -11.00> result: 77.01 113
[11:05:23.191] [ARM-RX] .85 -60.08 13.06 84.08 0.00
[11:05:23.191] [ARM-RX] [229] <-33.21 -96.32 -11.00> result: 77.01 113.85 -60.08 13.06 84.08 0.00
[11:05:23.191] [ARM-RX] [230] <-33.21 -96.32 -11.00> result: 77.01 113.85 -60.08 13.06 84.08 0.00
[11:05:25.614] [ARM-RX] [joint 1] ave_error:0.59
[11:05:25.614] [ARM-RX] [joint 2] ave_error:5.72
[11:05:25.614] [ARM-RX] [joint 3] ave_error:5.24
[11:05:25.614] [ARM-RX] [joint 4] ave_error:0.70
[11:05:25.615] [ARM-RX] [joint 5] ave_error:0.55
[11:05:25.615] [ARM-RX] robot pid run finished!!
[11:05:26.420] [ARM-RX] AUTO final confirm failed: joint 1 err=7.20deg tol=3.00, pose invalid.
[11:05:26.420] [ARM-RX] J1 cur=76.95 target=77.01 err=0.06
[11:05:26.420] [ARM-RX] J2 cur=1
[11:05:26.483] [ARM-RX] 21.05 target=113.85 err=-7.20
[11:05:26.483] [ARM-RX] J3 cur=-54.16 target=-60.08 err=-5.92
[11:05:26.484] [ARM-RX] J4 cur=13.22 target=13.06 err=-0.16
[11:05:26.484] [ARM-RX] J5 cur=83.93 target=84.08 err=0.15
[11:05:33.045] [ARM-TX] 发送命令 abs_rotate 0 135: abs_rotate 0 135
[11:05:33.070] [ARM-RX] Found handler for 'abs_rotate', executing...
[11:05:33.070] [ARM-RX] [joint_id: 0] ROBOT_JOINT_ABS_ROTATE 135.000000
[11:05:43.178] [ARM-TX] 发送命令 abs_rotate 0 100: abs_rotate 0 100
[11:05:43.252] [ARM-RX] Found handler for 'abs_rotate', executing...
[11:05:43.252] [ARM-RX] [joint_id: 0] ROBOT_JOINT_ABS_ROTATE 100.000000
[11:05:58.267] [ARM-TX] 发送命令 abs_rotate 0 80: abs_rotate 0 80
[11:05:58.355] [ARM-RX] Found handler for 'abs_rotate', executing...
[11:05:58.355] [ARM-RX] [joint_id: 0] ROBOT_JOINT_ABS_ROTATE 80.000000
[11:06:00.455] [ARM-TX] 发送命令 soft_reset: soft_reset
[11:06:00.595] [ARM-RX] Found handler for 'soft_reset', executing...
[11:06:00.595] [ARM-RX] ROBOT_SOFT_RESET_EVENT
[11:06:00.596] [ARM-RX] --- Starting soft reset ---
[11:06:00.782] [ARM-RX] Soft reset motors enabled (J1~J5, J6 skipped).
[11:06:00.782] [ARM-RX] Soft resetting joint 4...
[11:06:00.782] [ARM-RX] robot_update_current_angle 4...
[11:06:00.783] [ARM-RX] [4] current:83.94, target:90.00, dir:1
[11:06:01.530] [ARM-RX] Soft resetting joint 3...
[11:06:01.593] [ARM-RX] robot_update_current_angle 3...
[11:06:01.593] [ARM-RX] [3] current:13.22, target:0.00, dir:-1
[11:06:03.089] [ARM-RX] soft reset joint 3 settle timeout, keep going
[11:06:03.091] [ARM-RX] Soft resetting joint 1...
[11:06:03.092] [ARM-RX] robot_update_current_angle 1...
[11:06:03.092] [ARM-RX] [1] current:121.04, target:90.00, dir:-1
[11:06:05.138] [ARM-RX] soft reset joint 1 settle timeout, keep going
[11:06:05.138] [ARM-RX] Soft resetting joint 2...
[11:06:05.139] [ARM-RX] robot_update_current_angle 2...
[11:06:05.139] [ARM-RX] [2] current:-54.16, target:-90.00, dir:-1
[11:06:07.132] [ARM-RX] soft reset joint 2 settle timeout, keep going
[11:06:07.132] [ARM-RX] Soft resetting joint 0...
[11:06:07.132] [ARM-RX] robot_update_current_angle 0...
[11:06:07.132] [ARM-RX] [0] current:79.67, target:90.00, dir:1
[11:06:08.685] [ARM-RX] soft reset final verify PASS (issues:3), pose set HOME.
[11:32:39.993] [ARM-TX] 发送命令 abs_rotate 0 80: abs_rotate 0 80
[11:32:40.122] [ARM-RX] Found handler for 'abs_rotate', executing...
[11:32:40.122] [ARM-RX] [joint_id: 0] ROBOT_JOINT_ABS_ROTATE 80.000000
[11:32:54.230] [ARM-TX] 发送命令 abs_rotate 0 100: abs_rotate 0 100
[11:32:54.348] [ARM-RX] Found handler for 'abs_rotate', executing...
[11:32:54.348] [ARM-RX] [joint_id: 0] ROBOT_JOINT_ABS_ROTATE 100.000000
[11:32:56.229] [ARM-TX] 发送命令 auto -33.21 -96.32 -11: auto -33.21 -96.32 -11
[11:32:56.275] [ARM-RX] Found handler for 'auto', executing...
[11:32:56.275] [ARM-RX] ROBOT_AUTO_EVENT
[11:32:56.276] [ARM-RX] [0] <0.00 0.00 0.00> result: 90.00 90.00 -90.00 0.00 90.00 0.00
[11:32:56.276] [ARM-RX] [1] <-0.00 -0.00 -0.00> result: 90.00 90.00 -90.00 0.00 90.00 0.00
[11:32:56.276] [ARM-RX] [2] <-0.00 -0.00 -0.00> result: 90.00 90.00 -90.00 0.00 90.00 0.00
[11:32:56.299] [ARM-RX] [3] <-0.00 -0.01 -0.00> result: 90.00 90.00 -90.00 0.00 90.00 0.00
[11:32:56.299] [ARM-RX] [4] <-0.00 -0.01 -0.00> result: 90.00 90.00 -90.00 0.00 90.00 0.00
[11:32:56.300] [ARM-RX] [5] <-0.01 -0.02 -0.00> result: 89.99 90.01 -89.99 0.01 90.00 0.00
[11:32:56.300] [ARM-RX] [6] <-0.01 -0.03 -0.00> result: 89.99 90.01 -89.99
[11:32:56.321] [ARM-RX] 0.01 90.00 0.00
[11:32:56.321] [ARM-RX] [7] <-0.02 -0.05 -0.01> result: 89.98 90.02 -89.99 0.02 90.01 0.00
[11:32:56.322] [ARM-RX] [8] <-0.03 -0.08 -0.01> result: 89.97 90.03 -89.98 0.03 90.01 0.00
[11:32:56.322] [ARM-RX] [9] <-0.04 -0.11 -0.01> result: 89.95 90.05 -89.97 0.05 90.01 0.00
[11:32:56.322] [ARM-RX] [10] <-0.05 -0.15 -0.02> result: 89
[11:32:56.344] [ARM-RX] .94 90.06 -89.96 0.06 90.02 0.00
[11:32:56.345] [ARM-RX] [11] <-0.07 -0.19 -0.02> result: 89.92 90.08 -89.95 0.08 90.03 0.00
[11:32:56.345] [ARM-RX] [12] <-0.09 -0.25 -0.03> result: 89.90 90.10 -89.93 0.10 90.03 0.00
[11:32:56.345] [ARM-RX] [13] <-0.11 -0.31 -0.04> result: 89.87 90.13 -89.91 0.13 90.04 0.00
[11:32:56.345] [ARM-RX] [14] <-0.13 -0.
[11:32:56.370] [ARM-RX] 39 -0.04> result: 89.84 90.16 -89.89 0.16 90.05 0.00
[11:32:56.370] [ARM-RX] [15] <-0.16 -0.47 -0.05> result: 89.81 90.19 -89.87 0.19 90.06 0.00
[11:32:56.371] [ARM-RX] [16] <-0.20 -0.57 -0.07> result: 89.77 90.23 -89.84 0.23 90.08 0.00
[11:32:56.371] [ARM-RX] [17] <-0.23 -0.68 -0.08> result: 89.72 90.28 -89.81 0.28 90.09 0
[11:32:56.390] [ARM-RX] .00
[11:32:56.390] [ARM-RX] [18] <-0.28 -0.80 -0.09> result: 89.67 90.33 -89.78 0.33 90.11 0.00
[11:32:56.390] [ARM-RX] [19] <-0.32 -0.94 -0.11> result: 89.62 90.38 -89.74 0.38 90.12 0.00
[11:32:56.392] [ARM-RX] [20] <-0.38 -1.09 -0.12> result: 89.56 90.44 -89.70 0.44 90.14 0.00
[11:32:56.392] [ARM-RX] [21] <-0.43 -1.25 -0.14> result: 89.49 90.51
[11:32:56.414] [ARM-RX] -89.65 0.51 90.16 0.00
[11:32:56.414] [ARM-RX] [22] <-0.49 -1.43 -0.16> result: 89.42 90.58 -89.60 0.58 90.19 0.00
[11:32:56.414] [ARM-RX] [23] <-0.56 -1.63 -0.19> result: 89.35 90.66 -89.55 0.65 90.21 0.00
[11:32:56.414] [ARM-RX] [24] <-0.64 -1.84 -0.21> result: 89.26 90.75 -89.49 0.74 90.23 0.00
[11:32:56.414] [ARM-RX] [25] <-0.72 -2.08 -0.24>
[11:32:56.450] [ARM-RX] result: 89.18 90.84 -89.42 0.82 90.26 0.00
[11:32:56.450] [ARM-RX] [26] <-0.80 -2.33 -0.27> result: 89.08 90.94 -89.35 0.92 90.29 0.00
[11:32:56.450] [ARM-RX] [27] <-0.89 -2.59 -0.30> result: 88.98 91.04 -89.28 1.02 90.32 0.00
[11:32:56.450] [ARM-RX] [28] <-0.99 -2.88 -0.33> result: 88.87 91.15 -89.20 1.13 90.35 0.00
[11:32:56.452] [ARM-RX] [29]
[11:32:56.471] [ARM-RX] <-1.10 -3.19 -0.36> result: 88.76 91.27 -89.11 1.24 90.38 0.00
[11:32:56.471] [ARM-RX] [30] <-1.21 -3.52 -0.40> result: 88.64 91.40 -89.02 1.36 90.42 0.00
[11:32:56.471] [ARM-RX] [31] <-1.33 -3.86 -0.44> result: 88.52 91.53 -88.92 1.48 90.45 0.00
[11:32:56.472] [ARM-RX] [32] <-1.46 -4.23 -0.48> result: 88.39 91.67 -88.82 1
[11:32:56.494] [ARM-RX] .61 90.49 0.00
[11:32:56.495] [ARM-RX] [33] <-1.59 -4.63 -0.53> result: 88.25 91.82 -88.71 1.75 90.52 0.00
[11:32:56.495] [ARM-RX] [34] <-1.74 -5.04 -0.58> result: 88.11 91.97 -88.59 1.89 90.56 0.00
[11:32:56.495] [ARM-RX] [35] <-1.89 -5.48 -0.63> result: 87.96 92.13 -88.47 2.04 90.60 0.00
[11:32:56.495] [ARM-RX] [36] <-2.05 -5.94 -0.68> result:
[11:32:56.517] [ARM-RX] 87.81 92.30 -88.34 2.19 90.63 0.00
[11:32:56.518] [ARM-RX] [37] <-2.21 -6.42 -0.73> result: 87.65 92.47 -88.20 2.35 90.67 0.00
[11:32:56.518] [ARM-RX] [38] <-2.39 -6.93 -0.79> result: 87.49 92.66 -88.05 2.51 90.71 0.00
[11:32:56.518] [ARM-RX] [39] <-2.57 -7.46 -0.85> result: 87.33 92.85 -87.90 2.67 90.75 0.00
[11:32:56.519] [ARM-RX] [40] <-2.76 -
[11:32:56.540] [ARM-RX] 8.02 -0.92> result: 87.16 93.04 -87.74 2.84 90.78 0.00
[11:32:56.540] [ARM-RX] [41] <-2.96 -8.60 -0.98> result: 86.98 93.24 -87.57 3.02 90.82 0.00
[11:32:56.540] [ARM-RX] [42] <-3.17 -9.21 -1.05> result: 86.80 93.45 -87.40 3.20 90.85 0.00
[11:32:56.540] [ARM-RX] [43] <-3.39 -9.84 -1.12> result: 86.62 93.67 -87.22 3.38 90.88
[11:32:56.564] [ARM-RX] 0.00
[11:32:56.564] [ARM-RX] [44] <-3.62 -10.50 -1.20> result: 86.44 93.89 -87.03 3.56 90.91 0.00
[11:32:56.565] [ARM-RX] [45] <-3.86 -11.19 -1.28> result: 86.25 94.12 -86.83 3.75 90.94 0.00
[11:32:56.565] [ARM-RX] [46] <-4.10 -11.90 -1.36> result: 86.06 94.35 -86.62 3.94 90.97 0.00
[11:32:56.565] [ARM-RX] [47] <-4.36 -12.64 -1.44> result: 85.86
[11:32:56.587] [ARM-RX] 94.59 -86.40 4.14 90.99 0.00
[11:32:56.588] [ARM-RX] [48] <-4.62 -13.41 -1.53> result: 85.67 94.84 -86.18 4.33 91.02 0.00
[11:32:56.588] [ARM-RX] [49] <-4.90 -14.20 -1.62> result: 85.47 95.09 -85.95 4.53 91.04 0.00
[11:32:56.588] [ARM-RX] [50] <-5.18 -15.02 -1.72> result: 85.27 95.35 -85.71 4.73 91.05 0.00
[11:32:56.588] [ARM-RX] [51] <-5.47 -15
[11:32:56.610] [ARM-RX] .87 -1.81> result: 85.07 95.61 -85.46 4.93 91.06 0.00
[11:32:56.611] [ARM-RX] [52] <-5.78 -16.75 -1.91> result: 84.87 95.88 -85.20 5.13 91.07 0.00
[11:32:56.611] [ARM-RX] [53] <-6.09 -17.65 -2.02> result: 84.67 96.15 -84.93 5.33 91.08 0.00
[11:32:56.611] [ARM-RX] [54] <-6.41 -18.59 -2.12> result: 84.47 96.43 -84.65 5.53 91.
[11:32:56.645] [ARM-RX] 08 0.00
[11:32:56.645] [ARM-RX] [55] <-6.74 -19.55 -2.23> result: 84.27 96.71 -84.37 5.73 91.07 0.00
[11:32:56.646] [ARM-RX] [56] <-7.08 -20.54 -2.35> result: 84.07 97.00 -84.07 5.93 91.06 0.00
[11:32:56.646] [ARM-RX] [57] <-7.43 -21.56 -2.46> result: 83.87 97.29 -83.77 6.13 91.05 0.00
[11:32:56.646] [ARM-RX] [58] <-7.79 -22.60 -2.58> result: 83.
[11:32:56.668] [ARM-RX] 67 97.58 -83.46 6.33 91.03 0.00
[11:32:56.669] [ARM-RX] [59] <-8.16 -23.68 -2.70> result: 83.47 97.88 -83.14 6.53 91.01 0.00
[11:32:56.669] [ARM-RX] [60] <-8.54 -24.78 -2.83> result: 83.27 98.18 -82.80 6.73 90.98 0.00
[11:32:56.669] [ARM-RX] [61] <-8.93 -25.91 -2.96> result: 83.07 98.49 -82.46 6.93 90.95 0.00
[11:32:56.670] [ARM-RX] [62] <-9.33 -
[11:32:56.691] [ARM-RX] 27.07 -3.09> result: 82.88 98.80 -82.11 7.12 90.91 0.00
[11:32:56.692] [ARM-RX] [63] <-9.74 -28.25 -3.23> result: 82.68 99.11 -81.75 7.32 90.86 0.00
[11:32:56.692] [ARM-RX] [64] <-10.16 -29.47 -3.37> result: 82.49 99.43 -81.39 7.51 90.81 0.00
[11:32:56.692] [ARM-RX] [65] <-10.59 -30.71 -3.51> result: 82.30 99.75 -81.01 7.70
[11:32:56.714] [ARM-RX] 90.75 0.00
[11:32:56.715] [ARM-RX] [66] <-11.03 -31.98 -3.65> result: 82.11 100.08 -80.62 7.89 90.69 0.00
[11:32:56.715] [ARM-RX] [67] <-11.47 -33.28 -3.80> result: 81.93 100.40 -80.23 8.07 90.62 0.00
[11:32:56.715] [ARM-RX] [68] <-11.93 -34.60 -3.95> result: 81.75 100.73 -79.82 8.26 90.55 0.00
[11:32:56.715] [ARM-RX] [69] <-12.40 -35.95 -4.11>
[11:32:56.738] [ARM-RX] result: 81.56 101.07 -79.41 8.44 90.47 0.00
[11:32:56.738] [ARM-RX] [70] <-12.87 -37.33 -4.26> result: 81.39 101.40 -78.98 8.61 90.38 0.00
[11:32:56.738] [ARM-RX] [71] <-13.35 -38.73 -4.42> result: 81.21 101.74 -78.55 8.79 90.29 0.00
[11:32:56.738] [ARM-RX] [72] <-13.85 -40.16 -4.59> result: 81.04 102.08 -78.11 8.96 90.19 0
[11:32:56.761] [ARM-RX] .00
[11:32:56.761] [ARM-RX] [73] <-14.35 -41.62 -4.75> result: 80.87 102.43 -77.66 9.13 90.08 0.00
[11:32:56.761] [ARM-RX] [74] <-14.86 -43.10 -4.92> result: 80.70 102.77 -77.20 9.30 89.97 0.00
[11:32:56.762] [ARM-RX] [75] <-15.38 -44.61 -5.09> result: 80.53 103.12 -76.73 9.47 89.85 0.00
[11:32:56.762] [ARM-RX] [76] <-15.91 -46.14 -5.27> result:
[11:32:56.783] [ARM-RX] 80.37 103.47 -76.25 9.63 89.73 0.00
[11:32:56.784] [ARM-RX] [77] <-16.45 -47.70 -5.45> result: 80.21 103.82 -75.77 9.79 89.60 0.00
[11:32:56.784] [ARM-RX] [78] <-16.99 -49.28 -5.63> result: 80.06 104.18 -75.27 9.94 89.46 0.00
[11:32:56.784] [ARM-RX] [79] <-17.54 -50.88 -5.81> result: 79.90 104.54 -74.77 10.10 89.32 0.00
[11:32:56.784] [ARM-RX] [8
[11:32:56.818] [ARM-RX] 0] <-18.10 -52.51 -6.00> result: 79.75 104.90 -74.26 10.25 89.17 0.00
[11:32:56.818] [ARM-RX] [81] <-18.67 -54.16 -6.19> result: 79.60 105.26 -73.74 10.40 89.01 0.00
[11:32:56.818] [ARM-RX] [82] <-19.25 -55.83 -6.38> result: 79.46 105.62 -73.21 10.54 88.85 0.00
[11:32:56.819] [ARM-RX] [83] <-19.83 -57.53 -6.57> result: 79.3
[11:32:56.841] [ARM-RX] 2 105.99 -72.67 10.68 88.68 0.00
[11:32:56.841] [ARM-RX] [84] <-20.43 -59.24 -6.77> result: 79.18 106.35 -72.13 10.82 88.51 0.00
[11:32:56.843] [ARM-RX] [85] <-21.02 -60.98 -6.96> result: 79.04 106.72 -71.58 10.96 88.33 0.00
[11:32:56.843] [ARM-RX] [86] <-21.63 -62.73 -7.16> result: 78.91 107.09 -71.02 11.09 88.15 0.00
[11:32:56.843] [ARM-RX] [87
[11:32:56.864] [ARM-RX] ] <-22.24 -64.51 -7.37> result: 78.78 107.46 -70.45 11.23 87.96 0.00
[11:32:56.864] [ARM-RX] [88] <-22.86 -66.31 -7.57> result: 78.65 107.84 -69.88 11.35 87.76 0.00
[11:32:56.865] [ARM-RX] [89] <-23.49 -68.12 -7.78> result: 78.53 108.21 -69.30 11.48 87.56 0.00
[11:32:56.865] [ARM-RX] [90] <-24.12 -69.96 -7.99> result: 78.41
[11:32:56.887] [ARM-RX] 108.59 -68.71 11.60 87.36 0.00
[11:32:56.887] [ARM-RX] [91] <-24.76 -71.81 -8.20> result: 78.29 108.97 -68.11 11.73 87.14 0.00
[11:32:56.887] [ARM-RX] [92] <-25.40 -73.67 -8.41> result: 78.17 109.35 -67.51 11.84 86.93 0.00
[11:32:56.888] [ARM-RX] [93] <-26.05 -75.56 -8.63> result: 78.06 109.73 -66.90 11.96 86.71 0.00
[11:32:56.888] [ARM-RX] [94]
[11:32:56.910] [ARM-RX] <-26.71 -77.46 -8.85> result: 77.95 110.12 -66.28 12.07 86.48 0.00
[11:32:56.912] [ARM-RX] [95] <-27.37 -79.37 -9.06> result: 77.84 110.50 -65.66 12.19 86.25 0.00
[11:32:56.912] [ARM-RX] [96] <-28.03 -81.30 -9.28> result: 77.73 110.89 -65.03 12.30 86.01 0.00
[11:32:56.912] [ARM-RX] [97] <-28.70 -83.24 -9.51> result: 77.63
[11:32:56.938] [ARM-RX] 111.27 -64.40 12.40 85.77 0.00
[11:32:56.938] [ARM-RX] [98] <-29.38 -85.20 -9.73> result: 77.53 111.66 -63.76 12.51 85.53 0.00
[11:32:56.938] [ARM-RX] [99] <-30.05 -87.17 -9.95> result: 77.43 112.05 -63.11 12.61 85.28 0.00
[11:32:56.939] [ARM-RX] [100] <-30.74 -89.15 -10.18> result: 77.33 112.44 -62.46 12.71 85.02 0.00
[11:32:56.939] [ARM-RX] [10
[11:32:56.957] [ARM-RX] 1] <-31.42 -91.14 -10.41> result: 77.24 112.83 -61.80 12.81 84.77 0.00
[11:32:56.957] [ARM-RX] [102] <-32.11 -93.14 -10.64> result: 77.15 113.22 -61.14 12.91 84.51 0.00
[11:32:56.958] [ARM-RX] [103] <-32.81 -95.15 -10.87> result: 77.06 113.62 -60.47 13.01 84.24 0.00
[11:32:56.958] [ARM-RX] [104] <-33.21 -96.32 -11.00> resul
[11:32:56.980] [ARM-RX] t: 77.01 113.85 -60.08 13.06 84.08 0.00
[11:32:56.981] [ARM-RX] [105] <-33.21 -96.32 -11.00> result: 77.01 113.85 -60.08 13.06 84.08 0.00
[11:32:56.981] [ARM-RX] [106] <-33.21 -96.32 -11.00> result: 77.01 113.85 -60.08 13.06 84.08 0.00
[11:32:56.981] [ARM-RX] [107] <-33.21 -96.32 -11.00> result: 77.01 113.85 -60.08 13.06 84
[11:32:57.014] [ARM-RX] .08 0.00
[11:32:57.014] [ARM-RX] [108] <-33.21 -96.32 -11.00> result: 77.01 113.85 -60.08 13.06 84.08 0.00
[11:32:57.015] [ARM-RX] [109] <-33.21 -96.32 -11.00> result: 77.01 113.85 -60.08 13.06 84.08 0.00
[11:32:57.015] [ARM-RX] [110] <-33.21 -96.32 -11.00> result: 77.01 113.85 -60.08 13.06 84.08 0.00
[11:32:57.015] [ARM-RX] [111] <-33.21 -96.32
[11:32:57.038] [ARM-RX] -11.00> result: 77.01 113.85 -60.08 13.06 84.08 0.00
[11:32:57.038] [ARM-RX] [112] <-33.21 -96.32 -11.00> result: 77.01 113.85 -60.08 13.06 84.08 0.00
[11:32:57.039] [ARM-RX] [113] <-33.21 -96.32 -11.00> result: 77.01 113.85 -60.08 13.06 84.08 0.00
[11:32:57.039] [ARM-RX] [114] <-33.21 -96.32 -11.00> result: 77.01 113.85 -6
[11:32:57.062] [ARM-RX] 0.08 13.06 84.08 0.00
[11:32:57.062] [ARM-RX] [115] <-33.21 -96.32 -11.00> result: 77.01 113.85 -60.08 13.06 84.08 0.00
[11:32:57.062] [ARM-RX] [116] <-33.21 -96.32 -11.00> result: 77.01 113.85 -60.08 13.06 84.08 0.00
[11:32:57.062] [ARM-RX] [117] <-33.21 -96.32 -11.00> result: 77.01 113.85 -60.08 13.06 84.08 0.00
[11:32:57.062] [ARM-RX] [118] <-
[11:32:57.084] [ARM-RX] 33.21 -96.32 -11.00> result: 77.01 113.85 -60.08 13.06 84.08 0.00
[11:32:57.085] [ARM-RX] [119] <-33.21 -96.32 -11.00> result: 77.01 113.85 -60.08 13.06 84.08 0.00
[11:32:57.085] [ARM-RX] [120] <-33.21 -96.32 -11.00> result: 77.01 113.85 -60.08 13.06 84.08 0.00
[11:32:57.085] [ARM-RX] [121] <-33.21 -96.32 -11.00> result: 77
[11:32:57.107] [ARM-RX] .01 113.85 -60.08 13.06 84.08 0.00
[11:32:57.108] [ARM-RX] [122] <-33.21 -96.32 -11.00> result: 77.01 113.85 -60.08 13.06 84.08 0.00
[11:32:57.108] [ARM-RX] [123] <-33.21 -96.32 -11.00> result: 77.01 113.85 -60.08 13.06 84.08 0.00
[11:32:57.108] [ARM-RX] [124] <-33.21 -96.32 -11.00> result: 77.01 113.85 -60.08 13.06 84.08 0
[11:32:57.130] [ARM-RX] .00
[11:32:57.131] [ARM-RX] [125] <-33.21 -96.32 -11.00> result: 77.01 113.85 -60.08 13.06 84.08 0.00
[11:32:57.131] [ARM-RX] [126] <-33.21 -96.32 -11.00> result: 77.01 113.85 -60.08 13.06 84.08 0.00
[11:32:57.131] [ARM-RX] [127] <-33.21 -96.32 -11.00> result: 77.01 113.85 -60.08 13.06 84.08 0.00
[11:32:57.132] [ARM-RX] [128] <-33.21 -96.32 -11.0
[11:32:57.154] [ARM-RX] 0> result: 77.01 113.85 -60.08 13.06 84.08 0.00
[11:32:57.154] [ARM-RX] [129] <-33.21 -96.32 -11.00> result: 77.01 113.85 -60.08 13.06 84.08 0.00
[11:32:57.154] [ARM-RX] [130] <-33.21 -96.32 -11.00> result: 77.01 113.85 -60.08 13.06 84.08 0.00
[11:32:57.154] [ARM-RX] [131] <-33.21 -96.32 -11.00> result: 77.01 113.85 -60.08
[11:32:57.191] [ARM-RX] 13.06 84.08 0.00
[11:32:57.192] [ARM-RX] [132] <-33.21 -96.32 -11.00> result: 77.01 113.85 -60.08 13.06 84.08 0.00
[11:32:57.192] [ARM-RX] [133] <-33.21 -96.32 -11.00> result: 77.01 113.85 -60.08 13.06 84.08 0.00
[11:32:57.192] [ARM-RX] [134] <-33.21 -96.32 -11.00> result: 77.01 113.85 -60.08 13.06 84.08 0.00
[11:32:57.192] [ARM-RX] [135] <-33.21
[11:32:57.211] [ARM-RX] -96.32 -11.00> result: 77.01 113.85 -60.08 13.06 84.08 0.00
[11:32:57.211] [ARM-RX] [136] <-33.21 -96.32 -11.00> result: 77.01 113.85 -60.08 13.06 84.08 0.00
[11:32:57.211] [ARM-RX] [137] <-33.21 -96.32 -11.00> result: 77.01 113.85 -60.08 13.06 84.08 0.00
[11:32:57.212] [ARM-RX] [138] <-33.21 -96.32 -11.00> result: 77.01 1
[11:32:57.234] [ARM-RX] 13.85 -60.08 13.06 84.08 0.00
[11:32:57.235] [ARM-RX] [139] <-33.21 -96.32 -11.00> result: 77.01 113.85 -60.08 13.06 84.08 0.00
[11:32:57.235] [ARM-RX] [140] <-33.21 -96.32 -11.00> result: 77.01 113.85 -60.08 13.06 84.08 0.00
[11:32:57.235] [ARM-RX] [141] <-33.21 -96.32 -11.00> result: 77.01 113.85 -60.08 13.06 84.08 0.00
[11:32:57.257] [ARM-RX] [142] <-33.21 -96.32 -11.00> result: 77.01 113.85 -60.08 13.06 84.08 0.00
[11:32:57.258] [ARM-RX] [143] <-33.21 -96.32 -11.00> result: 77.01 113.85 -60.08 13.06 84.08 0.00
[11:32:57.258] [ARM-RX] [144] <-33.21 -96.32 -11.00> result: 77.01 113.85 -60.08 13.06 84.08 0.00
[11:32:57.258] [ARM-RX] [145] <-33.21 -96.32 -11.00> re
[11:32:57.281] [ARM-RX] sult: 77.01 113.85 -60.08 13.06 84.08 0.00
[11:32:57.281] [ARM-RX] [146] <-33.21 -96.32 -11.00> result: 77.01 113.85 -60.08 13.06 84.08 0.00
[11:32:57.281] [ARM-RX] [147] <-33.21 -96.32 -11.00> result: 77.01 113.85 -60.08 13.06 84.08 0.00
[11:32:57.281] [ARM-RX] [148] <-33.21 -96.32 -11.00> result: 77.01 113.85 -60.08 13.06
[11:32:57.304] [ARM-RX] 84.08 0.00
[11:32:57.304] [ARM-RX] [149] <-33.21 -96.32 -11.00> result: 77.01 113.85 -60.08 13.06 84.08 0.00
[11:32:57.305] [ARM-RX] [150] <-33.21 -96.32 -11.00> result: 77.01 113.85 -60.08 13.06 84.08 0.00
[11:32:57.305] [ARM-RX] [151] <-33.21 -96.32 -11.00> result: 77.01 113.85 -60.08 13.06 84.08 0.00
[11:32:57.305] [ARM-RX] [152] <-33.21 -96.
[11:32:57.327] [ARM-RX] 32 -11.00> result: 77.01 113.85 -60.08 13.06 84.08 0.00
[11:32:57.328] [ARM-RX] [153] <-33.21 -96.32 -11.00> result: 77.01 113.85 -60.08 13.06 84.08 0.00
[11:32:57.328] [ARM-RX] [154] <-33.21 -96.32 -11.00> result: 77.01 113.85 -60.08 13.06 84.08 0.00
[11:32:57.328] [ARM-RX] [155] <-33.21 -96.32 -11.00> result: 77.01 113.85
[11:32:57.350] [ARM-RX] -60.08 13.06 84.08 0.00
[11:32:57.350] [ARM-RX] [156] <-33.21 -96.32 -11.00> result: 77.01 113.85 -60.08 13.06 84.08 0.00
[11:32:57.350] [ARM-RX] [157] <-33.21 -96.32 -11.00> result: 77.01 113.85 -60.08 13.06 84.08 0.00
[11:32:57.352] [ARM-RX] [158] <-33.21 -96.32 -11.00> result: 77.01 113.85 -60.08 13.06 84.08 0.00
[11:32:57.352] [ARM-RX] [159]
[11:32:57.385] [ARM-RX] <-33.21 -96.32 -11.00> result: 77.01 113.85 -60.08 13.06 84.08 0.00
[11:32:57.386] [ARM-RX] [160] <-33.21 -96.32 -11.00> result: 77.01 113.85 -60.08 13.06 84.08 0.00
[11:32:57.386] [ARM-RX] [161] <-33.21 -96.32 -11.00> result: 77.01 113.85 -60.08 13.06 84.08 0.00
[11:32:57.386] [ARM-RX] [162] <-33.21 -96.32 -11.00> result:
[11:32:57.411] [ARM-RX] 77.01 113.85 -60.08 13.06 84.08 0.00
[11:32:57.411] [ARM-RX] [163] <-33.21 -96.32 -11.00> result: 77.01 113.85 -60.08 13.06 84.08 0.00
[11:32:57.414] [ARM-RX] [164] <-33.21 -96.32 -11.00> result: 77.01 113.85 -60.08 13.06 84.08 0.00
[11:32:57.416] [ARM-RX] [165] <-33.21 -96.32 -11.00> result: 77.01 113.85 -60.08 13.06 84.0
[11:32:57.431] [ARM-RX] 8 0.00
[11:32:57.431] [ARM-RX] [166] <-33.21 -96.32 -11.00> result: 77.01 113.85 -60.08 13.06 84.08 0.00
[11:32:57.431] [ARM-RX] [167] <-33.21 -96.32 -11.00> result: 77.01 113.85 -60.08 13.06 84.08 0.00
[11:32:57.432] [ARM-RX] [168] <-33.21 -96.32 -11.00> result: 77.01 113.85 -60.08 13.06 84.08 0.00
[11:32:57.432] [ARM-RX] [169] <-33.21 -96.32 -1
[11:32:57.455] [ARM-RX] 1.00> result: 77.01 113.85 -60.08 13.06 84.08 0.00
[11:32:57.455] [ARM-RX] [170] <-33.21 -96.32 -11.00> result: 77.01 113.85 -60.08 13.06 84.08 0.00
[11:32:57.455] [ARM-RX] [171] <-33.21 -96.32 -11.00> result: 77.01 113.85 -60.08 13.06 84.08 0.00
[11:32:57.455] [ARM-RX] [172] <-33.21 -96.32 -11.00> result: 77.01 113.85 -60.
[11:32:57.477] [ARM-RX] 08 13.06 84.08 0.00
[11:32:57.478] [ARM-RX] [173] <-33.21 -96.32 -11.00> result: 77.01 113.85 -60.08 13.06 84.08 0.00
[11:32:57.478] [ARM-RX] [174] <-33.21 -96.32 -11.00> result: 77.01 113.85 -60.08 13.06 84.08 0.00
[11:32:57.478] [ARM-RX] [175] <-33.21 -96.32 -11.00> result: 77.01 113.85 -60.08 13.06 84.08 0.00
[11:32:57.478] [ARM-RX] [176] <-33
[11:32:57.502] [ARM-RX] .21 -96.32 -11.00> result: 77.01 113.85 -60.08 13.06 84.08 0.00
[11:32:57.503] [ARM-RX] [177] <-33.21 -96.32 -11.00> result: 77.01 113.85 -60.08 13.06 84.08 0.00
[11:32:57.503] [ARM-RX] [178] <-33.21 -96.32 -11.00> result: 77.01 113.85 -60.08 13.06 84.08 0.00
[11:32:57.503] [ARM-RX] [179] <-33.21 -96.32 -11.00> result: 77.0
[11:32:57.523] [ARM-RX] 1 113.85 -60.08 13.06 84.08 0.00
[11:32:57.524] [ARM-RX] [180] <-33.21 -96.32 -11.00> result: 77.01 113.85 -60.08 13.06 84.08 0.00
[11:32:57.524] [ARM-RX] [181] <-33.21 -96.32 -11.00> result: 77.01 113.85 -60.08 13.06 84.08 0.00
[11:32:57.524] [ARM-RX] [182] <-33.21 -96.32 -11.00> result: 77.01 113.85 -60.08 13.06 84.08 0.0
[11:32:57.558] [ARM-RX] 0
[11:32:57.559] [ARM-RX] [183] <-33.21 -96.32 -11.00> result: 77.01 113.85 -60.08 13.06 84.08 0.00
[11:32:57.559] [ARM-RX] [184] <-33.21 -96.32 -11.00> result: 77.01 113.85 -60.08 13.06 84.08 0.00
[11:32:57.559] [ARM-RX] [185] <-33.21 -96.32 -11.00> result: 77.01 113.85 -60.08 13.06 84.08 0.00
[11:32:57.559] [ARM-RX] [186] <-33.21 -96.32 -11.00>
[11:32:57.595] [ARM-RX] result: 77.01 113.85 -60.08 13.06 84.08 0.00
[11:32:57.600] [ARM-RX] [187] <-33.21 -96.32 -11.00> result: 77.01 113.85 -60.08 13.06 84.08 0.00
[11:32:57.600] [ARM-RX] [188] <-33.21 -96.32 -11.00> result: 77.01 113.85 -60.08 13.06 84.08 0.00
[11:32:57.600] [ARM-RX] [189] <-33.21 -96.32 -11.00> result: 77.01 113.85 -60.08 13
[11:32:57.604] [ARM-RX] .06 84.08 0.00
[11:32:57.604] [ARM-RX] [190] <-33.21 -96.32 -11.00> result: 77.01 113.85 -60.08 13.06 84.08 0.00
[11:32:57.604] [ARM-RX] [191] <-33.21 -96.32 -11.00> result: 77.01 113.85 -60.08 13.06 84.08 0.00
[11:32:57.605] [ARM-RX] [192] <-33.21 -96.32 -11.00> result: 77.01 113.85 -60.08 13.06 84.08 0.00
[11:32:57.605] [ARM-RX] [193] <-33.21 -
[11:32:57.627] [ARM-RX] 96.32 -11.00> result: 77.01 113.85 -60.08 13.06 84.08 0.00
[11:32:57.627] [ARM-RX] [194] <-33.21 -96.32 -11.00> result: 77.01 113.85 -60.08 13.06 84.08 0.00
[11:32:57.628] [ARM-RX] [195] <-33.21 -96.32 -11.00> result: 77.01 113.85 -60.08 13.06 84.08 0.00
[11:32:57.628] [ARM-RX] [196] <-33.21 -96.32 -11.00> result: 77.01 113
[11:32:57.651] [ARM-RX] .85 -60.08 13.06 84.08 0.00
[11:32:57.651] [ARM-RX] [197] <-33.21 -96.32 -11.00> result: 77.01 113.85 -60.08 13.06 84.08 0.00
[11:32:57.651] [ARM-RX] [198] <-33.21 -96.32 -11.00> result: 77.01 113.85 -60.08 13.06 84.08 0.00
[11:32:57.651] [ARM-RX] [199] <-33.21 -96.32 -11.00> result: 77.01 113.85 -60.08 13.06 84.08 0.00
[11:32:57.651] [ARM-RX] [2
[11:32:57.674] [ARM-RX] 00] <-33.21 -96.32 -11.00> result: 77.01 113.85 -60.08 13.06 84.08 0.00
[11:32:57.674] [ARM-RX] [201] <-33.21 -96.32 -11.00> result: 77.01 113.85 -60.08 13.06 84.08 0.00
[11:32:57.675] [ARM-RX] [202] <-33.21 -96.32 -11.00> result: 77.01 113.85 -60.08 13.06 84.08 0.00
[11:32:57.675] [ARM-RX] [203] <-33.21 -96.32 -11.00> resu
[11:32:57.696] [ARM-RX] lt: 77.01 113.85 -60.08 13.06 84.08 0.00
[11:32:57.698] [ARM-RX] [204] <-33.21 -96.32 -11.00> result: 77.01 113.85 -60.08 13.06 84.08 0.00
[11:32:57.698] [ARM-RX] [205] <-33.21 -96.32 -11.00> result: 77.01 113.85 -60.08 13.06 84.08 0.00
[11:32:57.698] [ARM-RX] [206] <-33.21 -96.32 -11.00> result: 77.01 113.85 -60.08 13.06 8
[11:32:57.721] [ARM-RX] 4.08 0.00
[11:32:57.721] [ARM-RX] [207] <-33.21 -96.32 -11.00> result: 77.01 113.85 -60.08 13.06 84.08 0.00
[11:32:57.721] [ARM-RX] [208] <-33.21 -96.32 -11.00> result: 77.01 113.85 -60.08 13.06 84.08 0.00
[11:32:57.722] [ARM-RX] [209] <-33.21 -96.32 -11.00> result: 77.01 113.85 -60.08 13.06 84.08 0.00
[11:32:57.722] [ARM-RX] [210] <-33.21 -96.32
[11:32:57.756] [ARM-RX] -11.00> result: 77.01 113.85 -60.08 13.06 84.08 0.00
[11:32:57.756] [ARM-RX] [211] <-33.21 -96.32 -11.00> result: 77.01 113.85 -60.08 13.06 84.08 0.00
[11:32:57.756] [ARM-RX] [212] <-33.21 -96.32 -11.00> result: 77.01 113.85 -60.08 13.06 84.08 0.00
[11:32:57.757] [ARM-RX] [213] <-33.21 -96.32 -11.00> result: 77.01 113.85 -
[11:32:57.780] [ARM-RX] 60.08 13.06 84.08 0.00
[11:32:57.780] [ARM-RX] [214] <-33.21 -96.32 -11.00> result: 77.01 113.85 -60.08 13.06 84.08 0.00
[11:32:57.781] [ARM-RX] [215] <-33.21 -96.32 -11.00> result: 77.01 113.85 -60.08 13.06 84.08 0.00
[11:32:57.781] [ARM-RX] [216] <-33.21 -96.32 -11.00> result: 77.01 113.85 -60.08 13.06 84.08 0.00
[11:32:57.781] [ARM-RX] [217] <
[11:32:57.801] [ARM-RX] -33.21 -96.32 -11.00> result: 77.01 113.85 -60.08 13.06 84.08 0.00
[11:32:57.801] [ARM-RX] [218] <-33.21 -96.32 -11.00> result: 77.01 113.85 -60.08 13.06 84.08 0.00
[11:32:57.802] [ARM-RX] [219] <-33.21 -96.32 -11.00> result: 77.01 113.85 -60.08 13.06 84.08 0.00
[11:32:57.802] [ARM-RX] [220] <-33.21 -96.32 -11.00> result: 7
[11:32:57.825] [ARM-RX] 7.01 113.85 -60.08 13.06 84.08 0.00
[11:32:57.825] [ARM-RX] [221] <-33.21 -96.32 -11.00> result: 77.01 113.85 -60.08 13.06 84.08 0.00
[11:32:57.825] [ARM-RX] [222] <-33.21 -96.32 -11.00> result: 77.01 113.85 -60.08 13.06 84.08 0.00
[11:32:57.825] [ARM-RX] [223] <-33.21 -96.32 -11.00> result: 77.01 113.85 -60.08 13.06 84.08
[11:32:57.849] [ARM-RX] 0.00
[11:32:57.850] [ARM-RX] [224] <-33.21 -96.32 -11.00> result: 77.01 113.85 -60.08 13.06 84.08 0.00
[11:32:57.850] [ARM-RX] [225] <-33.21 -96.32 -11.00> result: 77.01 113.85 -60.08 13.06 84.08 0.00
[11:32:57.850] [ARM-RX] [226] <-33.21 -96.32 -11.00> result: 77.01 113.85 -60.08 13.06 84.08 0.00
[11:32:57.850] [ARM-RX] [227] <-33.21 -96.32 -11.
[11:32:57.874] [ARM-RX] 00> result: 77.01 113.85 -60.08 13.06 84.08 0.00
[11:32:57.874] [ARM-RX] [228] <-33.21 -96.32 -11.00> result: 77.01 113.85 -60.08 13.06 84.08 0.00
[11:32:57.874] [ARM-RX] [229] <-33.21 -96.32 -11.00> result: 77.01 113.85 -60.08 13.06 84.08 0.00
[11:32:57.874] [ARM-RX] [230] <-33.21 -96.32 -11.00> result: 77.01 113.85 -60.08
[11:32:57.932] [ARM-RX] 13.06 84.08 0.00
[11:33:00.308] [ARM-RX] [joint 1] ave_error:5.98
[11:33:00.308] [ARM-RX] [joint 2] ave_error:5.72
[11:33:00.308] [ARM-RX] [joint 3] ave_error:5.24
[11:33:00.310] [ARM-RX] [joint 4] ave_error:0.71
[11:33:00.310] [ARM-RX] [joint 5] ave_error:0.55
[11:33:00.311] [ARM-RX] robot pid run finished!!
[11:33:01.149] [ARM-RX] AUTO final confirm failed: joint 1 err=7.20deg tol=3.00, pose invalid.
[11:33:01.149] [ARM-RX] J1 cur=79.37 target=77.01 err=-2.36
[11:33:01.150] [ARM-RX] J2 cur=121.05 target=113.85 err=-7.20
[11:33:01.150] [ARM-RX] J3 cur=-54.11 target=-60.08 err=-5.97
[11:33:01.150] [ARM-RX] J4 cur=13.22 target=13.06 err=-0.16
[11:33:01.150] [ARM-RX] J5 cur=83.94 target=84
[11:33:01.209] [ARM-RX] .08 err=0.15
[11:33:06.200] [ARM-TX] 发送命令 soft_reset: soft_reset
[11:33:06.335] [ARM-RX] Found handler for 'soft_reset', executing...
[11:33:06.335] [ARM-RX] ROBOT_SOFT_RESET_EVENT
[11:33:06.335] [ARM-RX] --- Starting soft reset ---
[11:33:06.522] [ARM-RX] Soft reset motors enabled (J1~J5, J6 skipped).
[11:33:06.522] [ARM-RX] Soft resetting joint 4...
[11:33:06.522] [ARM-RX] robot_update_current_angle 4...
[11:33:06.522] [ARM-RX] [4] current:83.94, target:90.00, dir:1
[11:33:07.271] [ARM-RX] Soft resetting joint 3...
[11:33:07.271] [ARM-RX] robot_update_current_angle 3...
[11:33:07.271] [ARM-RX] [3] current:13.22, target:0.00, dir:-1
[11:33:08.834] [ARM-RX] soft reset joint 3 settle timeout, keep going
[11:33:08.834] [ARM-RX] Soft resetting joint 1...
[11:33:08.834] [ARM-RX] robot_update_current_angle 1...
[11:33:08.834] [ARM-RX] [1] current:121.04, target:90.00, dir:-1
[11:33:10.829] [ARM-RX] soft reset joint 1 settle timeout, keep going
[11:33:10.829] [ARM-RX] Soft resetting joint 2...
[11:33:10.829] [ARM-RX] robot_update_current_angle 2...
[11:33:10.830] [ARM-RX] [2] current:-54.12, target:-90.00, dir:-1
[11:33:12.886] [ARM-RX] soft reset joint 2 settle timeout, keep going
[11:33:12.886] [ARM-RX] Soft resetting joint 0...
[11:33:12.888] [ARM-RX] robot_update_current_angle 0...
[11:33:12.892] [ARM-RX] [0] current:79.38, target:90.00, dir:1
[11:33:14.381] [ARM-RX] soft reset final verify PASS (issues:3), pose set HOME.
[11:33:20.652] [ARM-TX] 发送命令 auto -33.21 -96.32 -11: auto -33.21 -96.32 -11
[11:33:20.743] [ARM-RX] Found handler for 'auto', executing...
[11:33:20.743] [ARM-RX] ROBOT_AUTO_EVENT
[11:33:20.743] [ARM-RX] [0] <0.00 0.00 0.00> result: 90.00 90.00 -90.00 0.00 90.00 0.00
[11:33:20.768] [ARM-RX] [1] <-0.00 -0.00 -0.00> result: 90.00 90.00 -90.00 0.00 90.00 0.00
[11:33:20.768] [ARM-RX] [2] <-0.00 -0.00 -0.00> result: 90.00 90.00 -90.00 0.00 90.00 0.00
[11:33:20.768] [ARM-RX] [3] <-0.00 -0.01 -0.00> result: 90.00 90.00 -90.00 0.00 90.00 0.00
[11:33:20.769] [ARM-RX] [4] <-0.00 -0.01 -0.00> result: 90.00 90.00 -90.00
[11:33:20.791] [ARM-RX] 0.00 90.00 0.00
[11:33:20.791] [ARM-RX] [5] <-0.01 -0.02 -0.00> result: 89.99 90.01 -89.99 0.01 90.00 0.00
[11:33:20.791] [ARM-RX] [6] <-0.01 -0.03 -0.00> result: 89.99 90.01 -89.99 0.01 90.00 0.00
[11:33:20.791] [ARM-RX] [7] <-0.02 -0.05 -0.01> result: 89.98 90.02 -89.99 0.02 90.01 0.00
[11:33:20.793] [ARM-RX] [8] <-0.03 -0.08 -0.01> result: 89.
[11:33:20.815] [ARM-RX] 97 90.03 -89.98 0.03 90.01 0.00
[11:33:20.815] [ARM-RX] [9] <-0.04 -0.11 -0.01> result: 89.95 90.05 -89.97 0.05 90.01 0.00
[11:33:20.815] [ARM-RX] [10] <-0.05 -0.15 -0.02> result: 89.94 90.06 -89.96 0.06 90.02 0.00
[11:33:20.815] [ARM-RX] [11] <-0.07 -0.19 -0.02> result: 89.92 90.08 -89.95 0.08 90.03 0.00
[11:33:20.816] [ARM-RX] [12] <-0.09 -0.25
[11:33:20.838] [ARM-RX] -0.03> result: 89.90 90.10 -89.93 0.10 90.03 0.00
[11:33:20.838] [ARM-RX] [13] <-0.11 -0.31 -0.04> result: 89.87 90.13 -89.91 0.13 90.04 0.00
[11:33:20.838] [ARM-RX] [14] <-0.13 -0.39 -0.04> result: 89.84 90.16 -89.89 0.16 90.05 0.00
[11:33:20.838] [ARM-RX] [15] <-0.16 -0.47 -0.05> result: 89.81 90.19 -89.87 0.19 90.06 0.0
[11:33:20.860] [ARM-RX] 0
[11:33:20.860] [ARM-RX] [16] <-0.20 -0.57 -0.07> result: 89.77 90.23 -89.84 0.23 90.08 0.00
[11:33:20.860] [ARM-RX] [17] <-0.23 -0.68 -0.08> result: 89.72 90.28 -89.81 0.28 90.09 0.00
[11:33:20.860] [ARM-RX] [18] <-0.28 -0.80 -0.09> result: 89.67 90.33 -89.78 0.33 90.11 0.00
[11:33:20.860] [ARM-RX] [19] <-0.32 -0.94 -0.11> result: 89.62 90.38 -
[11:33:20.885] [ARM-RX] 89.74 0.38 90.12 0.00
[11:33:20.886] [ARM-RX] [20] <-0.38 -1.09 -0.12> result: 89.56 90.44 -89.70 0.44 90.14 0.00
[11:33:20.886] [ARM-RX] [21] <-0.43 -1.25 -0.14> result: 89.49 90.51 -89.65 0.51 90.16 0.00
[11:33:20.886] [ARM-RX] [22] <-0.49 -1.43 -0.16> result: 89.42 90.58 -89.60 0.58 90.19 0.00
[11:33:20.886] [ARM-RX] [23] <-0.56 -1.63 -0.19> r
[11:33:20.906] [ARM-RX] esult: 89.35 90.66 -89.55 0.65 90.21 0.00
[11:33:20.907] [ARM-RX] [24] <-0.64 -1.84 -0.21> result: 89.26 90.75 -89.49 0.74 90.23 0.00
[11:33:20.907] [ARM-RX] [25] <-0.72 -2.08 -0.24> result: 89.18 90.84 -89.42 0.82 90.26 0.00
[11:33:20.907] [ARM-RX] [26] <-0.80 -2.33 -0.27> result: 89.08 90.94 -89.35 0.92 90.29 0.00
[11:33:20.907] [ARM-RX] [27] <
[11:33:20.941] [ARM-RX] -0.89 -2.59 -0.30> result: 88.98 91.04 -89.28 1.02 90.32 0.00
[11:33:20.941] [ARM-RX] [28] <-0.99 -2.88 -0.33> result: 88.87 91.15 -89.20 1.13 90.35 0.00
[11:33:20.941] [ARM-RX] [29] <-1.10 -3.19 -0.36> result: 88.76 91.27 -89.11 1.24 90.38 0.00
[11:33:20.942] [ARM-RX] [30] <-1.21 -3.52 -0.40> result: 88.64 91.40 -89.02 1.3
[11:33:20.964] [ARM-RX] 6 90.42 0.00
[11:33:20.966] [ARM-RX] [31] <-1.33 -3.86 -0.44> result: 88.52 91.53 -88.92 1.48 90.45 0.00
[11:33:20.966] [ARM-RX] [32] <-1.46 -4.23 -0.48> result: 88.39 91.67 -88.82 1.61 90.49 0.00
[11:33:20.967] [ARM-RX] [33] <-1.59 -4.63 -0.53> result: 88.25 91.82 -88.71 1.75 90.52 0.00
[11:33:20.967] [ARM-RX] [34] <-1.74 -5.04 -0.58> result: 88
[11:33:20.988] [ARM-RX] .11 91.97 -88.59 1.89 90.56 0.00
[11:33:20.988] [ARM-RX] [35] <-1.89 -5.48 -0.63> result: 87.96 92.13 -88.47 2.04 90.60 0.00
[11:33:20.988] [ARM-RX] [36] <-2.05 -5.94 -0.68> result: 87.81 92.30 -88.34 2.19 90.63 0.00
[11:33:20.988] [ARM-RX] [37] <-2.21 -6.42 -0.73> result: 87.65 92.47 -88.20 2.35 90.67 0.00
[11:33:20.988] [ARM-RX] [38] <-2.39 -6.
[11:33:21.010] [ARM-RX] 93 -0.79> result: 87.49 92.66 -88.05 2.51 90.71 0.00
[11:33:21.010] [ARM-RX] [39] <-2.57 -7.46 -0.85> result: 87.33 92.85 -87.90 2.67 90.75 0.00
[11:33:21.010] [ARM-RX] [40] <-2.76 -8.02 -0.92> result: 87.16 93.04 -87.74 2.84 90.78 0.00
[11:33:21.011] [ARM-RX] [41] <-2.96 -8.60 -0.98> result: 86.98 93.24 -87.57 3.02 90.82 0
[11:33:21.033] [ARM-RX] .00
[11:33:21.033] [ARM-RX] [42] <-3.17 -9.21 -1.05> result: 86.80 93.45 -87.40 3.20 90.85 0.00
[11:33:21.034] [ARM-RX] [43] <-3.39 -9.84 -1.12> result: 86.62 93.67 -87.22 3.38 90.88 0.00
[11:33:21.034] [ARM-RX] [44] <-3.62 -10.50 -1.20> result: 86.44 93.89 -87.03 3.56 90.91 0.00
[11:33:21.034] [ARM-RX] [45] <-3.86 -11.19 -1.28> result: 86.25 94.
[11:33:21.056] [ARM-RX] 12 -86.83 3.75 90.94 0.00
[11:33:21.056] [ARM-RX] [46] <-4.10 -11.90 -1.36> result: 86.06 94.35 -86.62 3.94 90.97 0.00
[11:33:21.057] [ARM-RX] [47] <-4.36 -12.64 -1.44> result: 85.86 94.59 -86.40 4.14 90.99 0.00
[11:33:21.057] [ARM-RX] [48] <-4.62 -13.41 -1.53> result: 85.67 94.84 -86.18 4.33 91.02 0.00
[11:33:21.057] [ARM-RX] [49] <-4.90 -14.20
[11:33:21.079] [ARM-RX] -1.62> result: 85.47 95.09 -85.95 4.53 91.04 0.00
[11:33:21.080] [ARM-RX] [50] <-5.18 -15.02 -1.72> result: 85.27 95.35 -85.71 4.73 91.05 0.00
[11:33:21.080] [ARM-RX] [51] <-5.47 -15.87 -1.81> result: 85.07 95.61 -85.46 4.93 91.06 0.00
[11:33:21.080] [ARM-RX] [52] <-5.78 -16.75 -1.91> result: 84.87 95.88 -85.20 5.13 91.07 0
[11:33:21.102] [ARM-RX] .00
[11:33:21.103] [ARM-RX] [53] <-6.09 -17.65 -2.02> result: 84.67 96.15 -84.93 5.33 91.08 0.00
[11:33:21.103] [ARM-RX] [54] <-6.41 -18.59 -2.12> result: 84.47 96.43 -84.65 5.53 91.08 0.00
[11:33:21.103] [ARM-RX] [55] <-6.74 -19.55 -2.23> result: 84.27 96.71 -84.37 5.73 91.07 0.00
[11:33:21.103] [ARM-RX] [56] <-7.08 -20.54 -2.35> result: 84.07 9
[11:33:21.138] [ARM-RX] 7.00 -84.07 5.93 91.06 0.00
[11:33:21.138] [ARM-RX] [57] <-7.43 -21.56 -2.46> result: 83.87 97.29 -83.77 6.13 91.05 0.00
[11:33:21.138] [ARM-RX] [58] <-7.79 -22.60 -2.58> result: 83.67 97.58 -83.46 6.33 91.03 0.00
[11:33:21.138] [ARM-RX] [59] <-8.16 -23.68 -2.70> result: 83.47 97.88 -83.14 6.53 91.01 0.00
[11:33:21.139] [ARM-RX] [60] <-8.54 -24.7
[11:33:21.160] [ARM-RX] 8 -2.83> result: 83.27 98.18 -82.80 6.73 90.98 0.00
[11:33:21.161] [ARM-RX] [61] <-8.93 -25.91 -2.96> result: 83.07 98.49 -82.46 6.93 90.95 0.00
[11:33:21.171] [ARM-RX] [62] <-9.33 -27.07 -3.09> result: 82.88 98.80 -82.11 7.12 90.91 0.00
[11:33:21.171] [ARM-RX] [63] <-9.74 -28.25 -3.23> result: 82.68 99.11 -81.75 7.32 90.86
[11:33:21.183] [ARM-RX] 0.00
[11:33:21.184] [ARM-RX] [64] <-10.16 -29.47 -3.37> result: 82.49 99.43 -81.39 7.51 90.81 0.00
[11:33:21.184] [ARM-RX] [65] <-10.59 -30.71 -3.51> result: 82.30 99.75 -81.01 7.70 90.75 0.00
[11:33:21.184] [ARM-RX] [66] <-11.03 -31.98 -3.65> result: 82.11 100.08 -80.62 7.89 90.69 0.00
[11:33:21.184] [ARM-RX] [67] <-11.47 -33.28 -3.80> result:
[11:33:21.206] [ARM-RX] 81.93 100.40 -80.23 8.07 90.62 0.00
[11:33:21.208] [ARM-RX] [68] <-11.93 -34.60 -3.95> result: 81.75 100.73 -79.82 8.26 90.55 0.00
[11:33:21.208] [ARM-RX] [69] <-12.40 -35.95 -4.11> result: 81.56 101.07 -79.41 8.44 90.47 0.00
[11:33:21.208] [ARM-RX] [70] <-12.87 -37.33 -4.26> result: 81.39 101.40 -78.98 8.61 90.38 0.00
[11:33:21.208] [ARM-RX] [71
[11:33:21.230] [ARM-RX] ] <-13.35 -38.73 -4.42> result: 81.21 101.74 -78.55 8.79 90.29 0.00
[11:33:21.230] [ARM-RX] [72] <-13.85 -40.16 -4.59> result: 81.04 102.08 -78.11 8.96 90.19 0.00
[11:33:21.231] [ARM-RX] [73] <-14.35 -41.62 -4.75> result: 80.87 102.43 -77.66 9.13 90.08 0.00
[11:33:21.231] [ARM-RX] [74] <-14.86 -43.10 -4.92> result: 80.70 10
[11:33:21.253] [ARM-RX] 2.77 -77.20 9.30 89.97 0.00
[11:33:21.254] [ARM-RX] [75] <-15.38 -44.61 -5.09> result: 80.53 103.12 -76.73 9.47 89.85 0.00
[11:33:21.258] [ARM-RX] [76] <-15.91 -46.14 -5.27> result: 80.37 103.47 -76.25 9.63 89.73 0.00
[11:33:21.258] [ARM-RX] [77] <-16.45 -47.70 -5.45> result: 80.21 103.82 -75.77 9.79 89.60 0.00
[11:33:21.258] [ARM-RX] [78] <-16.9
[11:33:21.278] [ARM-RX] 9 -49.28 -5.63> result: 80.06 104.18 -75.27 9.94 89.46 0.00
[11:33:21.278] [ARM-RX] [79] <-17.54 -50.88 -5.81> result: 79.90 104.54 -74.77 10.10 89.32 0.00
[11:33:21.278] [ARM-RX] [80] <-18.10 -52.51 -6.00> result: 79.75 104.90 -74.26 10.25 89.17 0.00
[11:33:21.279] [ARM-RX] [81] <-18.67 -54.16 -6.19> result: 79.60 105.26 -
[11:33:21.312] [ARM-RX] 73.74 10.40 89.01 0.00
[11:33:21.312] [ARM-RX] [82] <-19.25 -55.83 -6.38> result: 79.46 105.62 -73.21 10.54 88.85 0.00
[11:33:21.312] [ARM-RX] [83] <-19.83 -57.53 -6.57> result: 79.32 105.99 -72.67 10.68 88.68 0.00
[11:33:21.312] [ARM-RX] [84] <-20.43 -59.24 -6.77> result: 79.18 106.35 -72.13 10.82 88.51 0.00
[11:33:21.312] [ARM-RX] [85] <-21.02
[11:33:21.334] [ARM-RX] -60.98 -6.96> result: 79.04 106.72 -71.58 10.96 88.33 0.00
[11:33:21.335] [ARM-RX] [86] <-21.63 -62.73 -7.16> result: 78.91 107.09 -71.02 11.09 88.15 0.00
[11:33:21.335] [ARM-RX] [87] <-22.24 -64.51 -7.37> result: 78.78 107.46 -70.45 11.23 87.96 0.00
[11:33:21.335] [ARM-RX] [88] <-22.86 -66.31 -7.57> result: 78.65 107.84 -6
[11:33:21.358] [ARM-RX] 9.88 11.35 87.76 0.00
[11:33:21.358] [ARM-RX] [89] <-23.49 -68.12 -7.78> result: 78.53 108.21 -69.30 11.48 87.56 0.00
[11:33:21.359] [ARM-RX] [90] <-24.12 -69.96 -7.99> result: 78.41 108.59 -68.71 11.60 87.36 0.00
[11:33:21.359] [ARM-RX] [91] <-24.76 -71.81 -8.20> result: 78.29 108.97 -68.11 11.73 87.14 0.00
[11:33:21.359] [ARM-RX] [92] <-25.40 -
[11:33:21.382] [ARM-RX] 73.67 -8.41> result: 78.17 109.35 -67.51 11.84 86.93 0.00
[11:33:21.382] [ARM-RX] [93] <-26.05 -75.56 -8.63> result: 78.06 109.73 -66.90 11.96 86.71 0.00
[11:33:21.383] [ARM-RX] [94] <-26.71 -77.46 -8.85> result: 77.95 110.12 -66.28 12.07 86.48 0.00
[11:33:21.383] [ARM-RX] [95] <-27.37 -79.37 -9.06> result: 77.84 110.50 -65
[11:33:21.404] [ARM-RX] .66 12.19 86.25 0.00
[11:33:21.404] [ARM-RX] [96] <-28.03 -81.30 -9.28> result: 77.73 110.89 -65.03 12.30 86.01 0.00
[11:33:21.404] [ARM-RX] [97] <-28.70 -83.24 -9.51> result: 77.63 111.27 -64.40 12.40 85.77 0.00
[11:33:21.405] [ARM-RX] [98] <-29.38 -85.20 -9.73> result: 77.53 111.66 -63.76 12.51 85.53 0.00
[11:33:21.405] [ARM-RX] [99] <-30.05 -8
[11:33:21.426] [ARM-RX] 7.17 -9.95> result: 77.43 112.05 -63.11 12.61 85.28 0.00
[11:33:21.426] [ARM-RX] [100] <-30.74 -89.15 -10.18> result: 77.33 112.44 -62.46 12.71 85.02 0.00
[11:33:21.427] [ARM-RX] [101] <-31.42 -91.14 -10.41> result: 77.24 112.83 -61.80 12.81 84.77 0.00
[11:33:21.427] [ARM-RX] [102] <-32.11 -93.14 -10.64> result: 77.15 113.2
[11:33:21.449] [ARM-RX] 2 -61.14 12.91 84.51 0.00
[11:33:21.450] [ARM-RX] [103] <-32.81 -95.15 -10.87> result: 77.06 113.62 -60.47 13.01 84.24 0.00
[11:33:21.451] [ARM-RX] [104] <-33.21 -96.32 -11.00> result: 77.01 113.85 -60.08 13.06 84.08 0.00
[11:33:21.451] [ARM-RX] [105] <-33.21 -96.32 -11.00> result: 77.01 113.85 -60.08 13.06 84.08 0.00
[11:33:21.451] [ARM-RX] [106
[11:33:21.473] [ARM-RX] ] <-33.21 -96.32 -11.00> result: 77.01 113.85 -60.08 13.06 84.08 0.00
[11:33:21.473] [ARM-RX] [107] <-33.21 -96.32 -11.00> result: 77.01 113.85 -60.08 13.06 84.08 0.00
[11:33:21.473] [ARM-RX] [108] <-33.21 -96.32 -11.00> result: 77.01 113.85 -60.08 13.06 84.08 0.00
[11:33:21.473] [ARM-RX] [109] <-33.21 -96.32 -11.00> result
[11:33:21.507] [ARM-RX] : 77.01 113.85 -60.08 13.06 84.08 0.00
[11:33:21.507] [ARM-RX] [110] <-33.21 -96.32 -11.00> result: 77.01 113.85 -60.08 13.06 84.08 0.00
[11:33:21.508] [ARM-RX] [111] <-33.21 -96.32 -11.00> result: 77.01 113.85 -60.08 13.06 84.08 0.00
[11:33:21.508] [ARM-RX] [112] <-33.21 -96.32 -11.00> result: 77.01 113.85 -60.08 13.06 84.
[11:33:21.530] [ARM-RX] 08 0.00
[11:33:21.531] [ARM-RX] [113] <-33.21 -96.32 -11.00> result: 77.01 113.85 -60.08 13.06 84.08 0.00
[11:33:21.531] [ARM-RX] [114] <-33.21 -96.32 -11.00> result: 77.01 113.85 -60.08 13.06 84.08 0.00
[11:33:21.531] [ARM-RX] [115] <-33.21 -96.32 -11.00> result: 77.01 113.85 -60.08 13.06 84.08 0.00
[11:33:21.532] [ARM-RX] [116] <-33.21 -96.32 -
[11:33:21.553] [ARM-RX] 11.00> result: 77.01 113.85 -60.08 13.06 84.08 0.00
[11:33:21.554] [ARM-RX] [117] <-33.21 -96.32 -11.00> result: 77.01 113.85 -60.08 13.06 84.08 0.00
[11:33:21.554] [ARM-RX] [118] <-33.21 -96.32 -11.00> result: 77.01 113.85 -60.08 13.06 84.08 0.00
[11:33:21.554] [ARM-RX] [119] <-33.21 -96.32 -11.00> result: 77.01 113.85 -60
[11:33:21.578] [ARM-RX] .08 13.06 84.08 0.00
[11:33:21.578] [ARM-RX] [120] <-33.21 -96.32 -11.00> result: 77.01 113.85 -60.08 13.06 84.08 0.00
[11:33:21.578] [ARM-RX] [121] <-33.21 -96.32 -11.00> result: 77.01 113.85 -60.08 13.06 84.08 0.00
[11:33:21.579] [ARM-RX] [122] <-33.21 -96.32 -11.00> result: 77.01 113.85 -60.08 13.06 84.08 0.00
[11:33:21.579] [ARM-RX] [123] <-3
[11:33:21.601] [ARM-RX] 3.21 -96.32 -11.00> result: 77.01 113.85 -60.08 13.06 84.08 0.00
[11:33:21.601] [ARM-RX] [124] <-33.21 -96.32 -11.00> result: 77.01 113.85 -60.08 13.06 84.08 0.00
[11:33:21.601] [ARM-RX] [125] <-33.21 -96.32 -11.00> result: 77.01 113.85 -60.08 13.06 84.08 0.00
[11:33:21.601] [ARM-RX] [126] <-33.21 -96.32 -11.00> result: 77.
[11:33:21.624] [ARM-RX] 01 113.85 -60.08 13.06 84.08 0.00
[11:33:21.624] [ARM-RX] [127] <-33.21 -96.32 -11.00> result: 77.01 113.85 -60.08 13.06 84.08 0.00
[11:33:21.624] [ARM-RX] [128] <-33.21 -96.32 -11.00> result: 77.01 113.85 -60.08 13.06 84.08 0.00
[11:33:21.625] [ARM-RX] [129] <-33.21 -96.32 -11.00> result: 77.01 113.85 -60.08 13.06 84.08 0.
[11:33:21.645] [ARM-RX] 00
[11:33:21.647] [ARM-RX] [130] <-33.21 -96.32 -11.00> result: 77.01 113.85 -60.08 13.06 84.08 0.00
[11:33:21.647] [ARM-RX] [131] <-33.21 -96.32 -11.00> result: 77.01 113.85 -60.08 13.06 84.08 0.00
[11:33:21.647] [ARM-RX] [132] <-33.21 -96.32 -11.00> result: 77.01 113.85 -60.08 13.06 84.08 0.00
[11:33:21.647] [ARM-RX] [133] <-33.21 -96.32 -11.00
[11:33:21.681] [ARM-RX] > result: 77.01 113.85 -60.08 13.06 84.08 0.00
[11:33:21.681] [ARM-RX] [134] <-33.21 -96.32 -11.00> result: 77.01 113.85 -60.08 13.06 84.08 0.00
[11:33:21.681] [ARM-RX] [135] <-33.21 -96.32 -11.00> result: 77.01 113.85 -60.08 13.06 84.08 0.00
[11:33:21.681] [ARM-RX] [136] <-33.21 -96.32 -11.00> result: 77.01 113.85 -60.08 1
[11:33:21.706] [ARM-RX] 3.06 84.08 0.00
[11:33:21.706] [ARM-RX] [137] <-33.21 -96.32 -11.00> result: 77.01 113.85 -60.08 13.06 84.08 0.00
[11:33:21.706] [ARM-RX] [138] <-33.21 -96.32 -11.00> result: 77.01 113.85 -60.08 13.06 84.08 0.00
[11:33:21.707] [ARM-RX] [139] <-33.21 -96.32 -11.00> result: 77.01 113.85 -60.08 13.06 84.08 0.00
[11:33:21.707] [ARM-RX] [140] <-33.21
[11:33:21.730] [ARM-RX] -96.32 -11.00> result: 77.01 113.85 -60.08 13.06 84.08 0.00
[11:33:21.731] [ARM-RX] [141] <-33.21 -96.32 -11.00> result: 77.01 113.85 -60.08 13.06 84.08 0.00
[11:33:21.731] [ARM-RX] [142] <-33.21 -96.32 -11.00> result: 77.01 113.85 -60.08 13.06 84.08 0.00
[11:33:21.731] [ARM-RX] [143] <-33.21 -96.32 -11.00> result: 77.01 11
[11:33:21.750] [ARM-RX] 3.85 -60.08 13.06 84.08 0.00
[11:33:21.750] [ARM-RX] [144] <-33.21 -96.32 -11.00> result: 77.01 113.85 -60.08 13.06 84.08 0.00
[11:33:21.750] [ARM-RX] [145] <-33.21 -96.32 -11.00> result: 77.01 113.85 -60.08 13.06 84.08 0.00
[11:33:21.751] [ARM-RX] [146] <-33.21 -96.32 -11.00> result: 77.01 113.85 -60.08 13.06 84.08 0.00
[11:33:21.751] [ARM-RX] [
[11:33:21.773] [ARM-RX] 147] <-33.21 -96.32 -11.00> result: 77.01 113.85 -60.08 13.06 84.08 0.00
[11:33:21.773] [ARM-RX] [148] <-33.21 -96.32 -11.00> result: 77.01 113.85 -60.08 13.06 84.08 0.00
[11:33:21.773] [ARM-RX] [149] <-33.21 -96.32 -11.00> result: 77.01 113.85 -60.08 13.06 84.08 0.00
[11:33:21.775] [ARM-RX] [150] <-33.21 -96.32 -11.00> res
[11:33:21.798] [ARM-RX] ult: 77.01 113.85 -60.08 13.06 84.08 0.00
[11:33:21.798] [ARM-RX] [151] <-33.21 -96.32 -11.00> result: 77.01 113.85 -60.08 13.06 84.08 0.00
[11:33:21.798] [ARM-RX] [152] <-33.21 -96.32 -11.00> result: 77.01 113.85 -60.08 13.06 84.08 0.00
[11:33:21.799] [ARM-RX] [153] <-33.21 -96.32 -11.00> result: 77.01 113.85 -60.08 13.06
[11:33:21.824] [ARM-RX] 84.08 0.00
[11:33:21.825] [ARM-RX] [154] <-33.21 -96.32 -11.00> result: 77.01 113.85 -60.08 13.06 84.08 0.00
[11:33:21.825] [ARM-RX] [155] <-33.21 -96.32 -11.00> result: 77.01 113.85 -60.08 13.06 84.08 0.00
[11:33:21.825] [ARM-RX] [156] <-33.21 -96.32 -11.00> result: 77.01 113.85 -60.08 13.06 84.08 0.00
[11:33:21.825] [ARM-RX] [157] <-33.21 -96.3
[11:33:21.843] [ARM-RX] 2 -11.00> result: 77.01 113.85 -60.08 13.06 84.08 0.00
[11:33:21.843] [ARM-RX] [158] <-33.21 -96.32 -11.00> result: 77.01 113.85 -60.08 13.06 84.08 0.00
[11:33:21.843] [ARM-RX] [159] <-33.21 -96.32 -11.00> result: 77.01 113.85 -60.08 13.06 84.08 0.00
[11:33:21.844] [ARM-RX] [160] <-33.21 -96.32 -11.00> result: 77.01 113.85
[11:33:21.877] [ARM-RX] -60.08 13.06 84.08 0.00
[11:33:21.877] [ARM-RX] [161] <-33.21 -96.32 -11.00> result: 77.01 113.85 -60.08 13.06 84.08 0.00
[11:33:21.877] [ARM-RX] [162] <-33.21 -96.32 -11.00> result: 77.01 113.85 -60.08 13.06 84.08 0.00
[11:33:21.878] [ARM-RX] [163] <-33.21 -96.32 -11.00> result: 77.01 113.85 -60.08 13.06 84.08 0.00
[11:33:21.878] [ARM-RX] [164]
[11:33:21.900] [ARM-RX] <-33.21 -96.32 -11.00> result: 77.01 113.85 -60.08 13.06 84.08 0.00
[11:33:21.900] [ARM-RX] [165] <-33.21 -96.32 -11.00> result: 77.01 113.85 -60.08 13.06 84.08 0.00
[11:33:21.901] [ARM-RX] [166] <-33.21 -96.32 -11.00> result: 77.01 113.85 -60.08 13.06 84.08 0.00
[11:33:21.901] [ARM-RX] [167] <-33.21 -96.32 -11.00> result:
[11:33:21.924] [ARM-RX] 77.01 113.85 -60.08 13.06 84.08 0.00
[11:33:21.925] [ARM-RX] [168] <-33.21 -96.32 -11.00> result: 77.01 113.85 -60.08 13.06 84.08 0.00
[11:33:21.925] [ARM-RX] [169] <-33.21 -96.32 -11.00> result: 77.01 113.85 -60.08 13.06 84.08 0.00
[11:33:21.925] [ARM-RX] [170] <-33.21 -96.32 -11.00> result: 77.01 113.85 -60.08 13.06 84.08
[11:33:21.948] [ARM-RX] 0.00
[11:33:21.948] [ARM-RX] [171] <-33.21 -96.32 -11.00> result: 77.01 113.85 -60.08 13.06 84.08 0.00
[11:33:21.948] [ARM-RX] [172] <-33.21 -96.32 -11.00> result: 77.01 113.85 -60.08 13.06 84.08 0.00
[11:33:21.948] [ARM-RX] [173] <-33.21 -96.32 -11.00> result: 77.01 113.85 -60.08 13.06 84.08 0.00
[11:33:21.949] [ARM-RX] [174] <-33.21 -96.32 -11
[11:33:21.970] [ARM-RX] .00> result: 77.01 113.85 -60.08 13.06 84.08 0.00
[11:33:21.970] [ARM-RX] [175] <-33.21 -96.32 -11.00> result: 77.01 113.85 -60.08 13.06 84.08 0.00
[11:33:21.970] [ARM-RX] [176] <-33.21 -96.32 -11.00> result: 77.01 113.85 -60.08 13.06 84.08 0.00
[11:33:21.971] [ARM-RX] [177] <-33.21 -96.32 -11.00> result: 77.01 113.85 -60.0
[11:33:21.993] [ARM-RX] 8 13.06 84.08 0.00
[11:33:21.993] [ARM-RX] [178] <-33.21 -96.32 -11.00> result: 77.01 113.85 -60.08 13.06 84.08 0.00
[11:33:21.993] [ARM-RX] [179] <-33.21 -96.32 -11.00> result: 77.01 113.85 -60.08 13.06 84.08 0.00
[11:33:21.994] [ARM-RX] [180] <-33.21 -96.32 -11.00> result: 77.01 113.85 -60.08 13.06 84.08 0.00
[11:33:21.994] [ARM-RX] [181] <-33.
[11:33:22.016] [ARM-RX] 21 -96.32 -11.00> result: 77.01 113.85 -60.08 13.06 84.08 0.00
[11:33:22.016] [ARM-RX] [182] <-33.21 -96.32 -11.00> result: 77.01 113.85 -60.08 13.06 84.08 0.00
[11:33:22.016] [ARM-RX] [183] <-33.21 -96.32 -11.00> result: 77.01 113.85 -60.08 13.06 84.08 0.00
[11:33:22.016] [ARM-RX] [184] <-33.21 -96.32 -11.00> result: 77.01
[11:33:22.051] [ARM-RX] 113.85 -60.08 13.06 84.08 0.00
[11:33:22.051] [ARM-RX] [185] <-33.21 -96.32 -11.00> result: 77.01 113.85 -60.08 13.06 84.08 0.00
[11:33:22.051] [ARM-RX] [186] <-33.21 -96.32 -11.00> result: 77.01 113.85 -60.08 13.06 84.08 0.00
[11:33:22.051] [ARM-RX] [187] <-33.21 -96.32 -11.00> result: 77.01 113.85 -60.08 13.06 84.08 0.00
[11:33:22.074] [ARM-RX] [188] <-33.21 -96.32 -11.00> result: 77.01 113.85 -60.08 13.06 84.08 0.00
[11:33:22.075] [ARM-RX] [189] <-33.21 -96.32 -11.00> result: 77.01 113.85 -60.08 13.06 84.08 0.00
[11:33:22.075] [ARM-RX] [190] <-33.21 -96.32 -11.00> result: 77.01 113.85 -60.08 13.06 84.08 0.00
[11:33:22.075] [ARM-RX] [191] <-33.21 -96.32 -11.00>
[11:33:22.097] [ARM-RX] result: 77.01 113.85 -60.08 13.06 84.08 0.00
[11:33:22.098] [ARM-RX] [192] <-33.21 -96.32 -11.00> result: 77.01 113.85 -60.08 13.06 84.08 0.00
[11:33:22.098] [ARM-RX] [193] <-33.21 -96.32 -11.00> result: 77.01 113.85 -60.08 13.06 84.08 0.00
[11:33:22.098] [ARM-RX] [194] <-33.21 -96.32 -11.00> result: 77.01 113.85 -60.08 13.
[11:33:22.120] [ARM-RX] 06 84.08 0.00
[11:33:22.121] [ARM-RX] [195] <-33.21 -96.32 -11.00> result: 77.01 113.85 -60.08 13.06 84.08 0.00
[11:33:22.121] [ARM-RX] [196] <-33.21 -96.32 -11.00> result: 77.01 113.85 -60.08 13.06 84.08 0.00
[11:33:22.121] [ARM-RX] [197] <-33.21 -96.32 -11.00> result: 77.01 113.85 -60.08 13.06 84.08 0.00
[11:33:22.121] [ARM-RX] [198] <-33.21 -9
[11:33:22.143] [ARM-RX] 6.32 -11.00> result: 77.01 113.85 -60.08 13.06 84.08 0.00
[11:33:22.143] [ARM-RX] [199] <-33.21 -96.32 -11.00> result: 77.01 113.85 -60.08 13.06 84.08 0.00
[11:33:22.144] [ARM-RX] [200] <-33.21 -96.32 -11.00> result: 77.01 113.85 -60.08 13.06 84.08 0.00
[11:33:22.144] [ARM-RX] [201] <-33.21 -96.32 -11.00> result: 77.01 113.
[11:33:22.166] [ARM-RX] 85 -60.08 13.06 84.08 0.00
[11:33:22.166] [ARM-RX] [202] <-33.21 -96.32 -11.00> result: 77.01 113.85 -60.08 13.06 84.08 0.00
[11:33:22.167] [ARM-RX] [203] <-33.21 -96.32 -11.00> result: 77.01 113.85 -60.08 13.06 84.08 0.00
[11:33:22.167] [ARM-RX] [204] <-33.21 -96.32 -11.00> result: 77.01 113.85 -60.08 13.06 84.08 0.00
[11:33:22.167] [ARM-RX] [20
[11:33:22.190] [ARM-RX] 5] <-33.21 -96.32 -11.00> result: 77.01 113.85 -60.08 13.06 84.08 0.00
[11:33:22.190] [ARM-RX] [206] <-33.21 -96.32 -11.00> result: 77.01 113.85 -60.08 13.06 84.08 0.00
[11:33:22.190] [ARM-RX] [207] <-33.21 -96.32 -11.00> result: 77.01 113.85 -60.08 13.06 84.08 0.00
[11:33:22.190] [ARM-RX] [208] <-33.21 -96.32 -11.00> resul
[11:33:22.213] [ARM-RX] t: 77.01 113.85 -60.08 13.06 84.08 0.00
[11:33:22.213] [ARM-RX] [209] <-33.21 -96.32 -11.00> result: 77.01 113.85 -60.08 13.06 84.08 0.00
[11:33:22.213] [ARM-RX] [210] <-33.21 -96.32 -11.00> result: 77.01 113.85 -60.08 13.06 84.08 0.00
[11:33:22.214] [ARM-RX] [211] <-33.21 -96.32 -11.00> result: 77.01 113.85 -60.08 13.06 84
[11:33:22.247] [ARM-RX] .08 0.00
[11:33:22.247] [ARM-RX] [212] <-33.21 -96.32 -11.00> result: 77.01 113.85 -60.08 13.06 84.08 0.00
[11:33:22.248] [ARM-RX] [213] <-33.21 -96.32 -11.00> result: 77.01 113.85 -60.08 13.06 84.08 0.00
[11:33:22.248] [ARM-RX] [214] <-33.21 -96.32 -11.00> result: 77.01 113.85 -60.08 13.06 84.08 0.00
[11:33:22.248] [ARM-RX] [215] <-33.21 -96.32
[11:33:22.270] [ARM-RX] -11.00> result: 77.01 113.85 -60.08 13.06 84.08 0.00
[11:33:22.270] [ARM-RX] [216] <-33.21 -96.32 -11.00> result: 77.01 113.85 -60.08 13.06 84.08 0.00
[11:33:22.271] [ARM-RX] [217] <-33.21 -96.32 -11.00> result: 77.01 113.85 -60.08 13.06 84.08 0.00
[11:33:22.271] [ARM-RX] [218] <-33.21 -96.32 -11.00> result: 77.01 113.85 -6
[11:33:22.295] [ARM-RX] 0.08 13.06 84.08 0.00
[11:33:22.295] [ARM-RX] [219] <-33.21 -96.32 -11.00> result: 77.01 113.85 -60.08 13.06 84.08 0.00
[11:33:22.295] [ARM-RX] [220] <-33.21 -96.32 -11.00> result: 77.01 113.85 -60.08 13.06 84.08 0.00
[11:33:22.295] [ARM-RX] [221] <-33.21 -96.32 -11.00> result: 77.01 113.85 -60.08 13.06 84.08 0.00
[11:33:22.296] [ARM-RX] [222] <-
[11:33:22.317] [ARM-RX] 33.21 -96.32 -11.00> result: 77.01 113.85 -60.08 13.06 84.08 0.00
[11:33:22.318] [ARM-RX] [223] <-33.21 -96.32 -11.00> result: 77.01 113.85 -60.08 13.06 84.08 0.00
[11:33:22.318] [ARM-RX] [224] <-33.21 -96.32 -11.00> result: 77.01 113.85 -60.08 13.06 84.08 0.00
[11:33:22.318] [ARM-RX] [225] <-33.21 -96.32 -11.00> result: 77
[11:33:22.342] [ARM-RX] .01 113.85 -60.08 13.06 84.08 0.00
[11:33:22.342] [ARM-RX] [226] <-33.21 -96.32 -11.00> result: 77.01 113.85 -60.08 13.06 84.08 0.00
[11:33:22.342] [ARM-RX] [227] <-33.21 -96.32 -11.00> result: 77.01 113.85 -60.08 13.06 84.08 0.00
[11:33:22.343] [ARM-RX] [228] <-33.21 -96.32 -11.00> result: 77.01 113.85 -60.08 13.06 84.08 0
[11:33:22.399] [ARM-RX] .00
[11:33:22.399] [ARM-RX] [229] <-33.21 -96.32 -11.00> result: 77.01 113.85 -60.08 13.06 84.08 0.00
[11:33:22.399] [ARM-RX] [230] <-33.21 -96.32 -11.00> result: 77.01 113.85 -60.08 13.06 84.08 0.00
[11:33:24.899] [ARM-RX] [joint 1] ave_error:0.57
[11:33:24.899] [ARM-RX] [joint 2] ave_error:5.72
[11:33:24.899] [ARM-RX] [joint 3] ave_error:5.24
[11:33:24.900] [ARM-RX] [joint 4] ave_error:0.71
[11:33:24.900] [ARM-RX] [joint 5] ave_error:0.55
[11:33:24.900] [ARM-RX] robot pid run finished!!
[11:33:25.631] [ARM-RX] AUTO final confirm failed: joint 1 err=7.20deg tol=3.00, pose invalid.
[11:33:25.631] [ARM-RX] J1 cur=76.84 target=77.01 err=0.17
[11:33:25.631] [ARM-RX] J2 cur=121.04 target=113.85 err=-7.20
[11:33:25.632] [ARM-RX] J3 cur=-54.10 target=-60.08 err=-5.99
[11:33:25.632] [ARM-RX] J4 cur=13.22 target=13.06 err=-0.16
[11:33:25.632] [ARM-RX] J5 cur=83.94 target=84.
[11:33:25.692] [ARM-RX] 08 err=0.15
[11:33:32.301] [JETSON-INFO] 已停止周期视觉发送
