[22:44:49.788] [APP-INFO] 已刷新串口: COM7, COM16, COM14
[22:44:49.788] [APP-INFO] log file: E:\Renesas\RA6M5-Robot\Robot_FreeRTOS - Arm\UpperComputer\dist\logs\ra6m5_upper_console_20260704_224449.log
[22:45:10.312] [ARM-ERROR] ARM串口未打开，命令未发送: soft_reset
[22:45:12.204] [ARM-INFO] opened COM7 @ 115200
[22:45:12.692] [JETSON-INFO] opened COM14 @ 115200
[22:45:24.502] [ARM-TX] 发送命令 soft_reset: soft_reset
[22:45:24.595] [ARM-RX] Found handler for 'soft_reset', executing...
[22:45:24.595] [ARM-RX] ROBOT_SOFT_RESET_EVENT
[22:45:24.595] [ARM-RX] --- Starting soft reset ---
[22:45:24.783] [ARM-RX] Soft reset motors enabled (J1~J5, J6 skipped).
[22:45:24.784] [ARM-RX] Soft resetting joint 4...
[22:45:24.784] [ARM-RX] robot_update_current_angle 4...
[22:45:24.785] [ARM-RX] [4] current:90.00, target:90.00, dir:-1
[22:45:24.906] [ARM-RX] Soft resetting joint 3...
[22:45:24.968] [ARM-RX] robot_update_current_angle 3...
[22:45:24.968] [ARM-RX] [3] current:0.00, target:0.00, dir:-1
[22:45:25.092] [ARM-RX] Soft resetting joint 1...
[22:45:25.092] [ARM-RX] robot_update_current_angle 1...
[22:45:25.092] [ARM-RX] [1] current:90.00, target:90.00, dir:1
[22:45:25.216] [ARM-RX] Soft resetting joint 2...
[22:45:25.216] [ARM-RX] robot_update_current_angle 2...
[22:45:25.216] [ARM-RX] [2] current:-90.00, target:-90.00, dir:-1
[22:45:25.340] [ARM-RX] Soft resetting joint 0...
[22:45:25.403] [ARM-RX] robot_update_current_angle 0...
[22:45:25.403] [ARM-RX] [0] current:90.00, target:90.00, dir:-1
[22:45:25.590] [ARM-RX] soft reset final verify PASS (issues:0), pose set HOME.
[22:45:46.843] [ARM-TX] 发送命令 read_all: read_all
[22:45:46.937] [ARM-RX] Found handler for 'read_all', executing...
[22:45:46.937] [ARM-RX] ROBOT_READ_ALL_EVENT
[22:45:46.937] [ARM-RX] read_all ret=0 elapsed=3 ms missing=0x00
[22:45:46.937] [ARM-RX] J1 angle=90.00
[22:45:46.937] [ARM-RX] J2 angle=90.00
[22:45:46.939] [ARM-RX] J3 angle=270.00
[22:45:46.939] [ARM-RX] J4 angle=360.00
[22:45:46.939] [ARM-RX] J5 angle=90.00
[22:45:51.842] [ARM-TX] 发送命令 target_enable: target_enable
[22:45:51.910] [ARM-RX] Found handler for 'target_enable', executing...
[22:45:51.910] [ARM-RX] target_enable
[22:46:01.130] [ARM-TX] 发送命令 target_enable: target_enable
[22:46:01.183] [ARM-RX] Found handler for 'target_enable', executing...
[22:46:01.183] [ARM-RX] target_enable
[22:46:15.948] [ARM-TX] 发送命令 soft_reset: soft_reset
[22:46:16.044] [ARM-RX] Found handler for 'soft_reset', executing...
[22:46:16.044] [ARM-RX] ROBOT_SOFT_RESET_EVENT
[22:46:16.044] [ARM-RX] --- Starting soft reset ---
[22:46:16.230] [ARM-RX] Soft reset motors enabled (J1~J5, J6 skipped).
[22:46:16.230] [ARM-RX] Soft resetting joint 4...
[22:46:16.292] [ARM-RX] robot_update_current_angle 4...
[22:46:16.292] [ARM-RX] [4] current:90.00, target:90.00, dir:-1
[22:46:16.416] [ARM-RX] Soft resetting joint 3...
[22:46:16.416] [ARM-RX] robot_update_current_angle 3...
[22:46:16.416] [ARM-RX] [3] current:0.00, target:0.00, dir:-1
[22:46:16.542] [ARM-RX] Soft resetting joint 1...
[22:46:16.605] [ARM-RX] robot_update_current_angle 1...
[22:46:16.605] [ARM-RX] [1] current:90.00, target:90.00, dir:-1
[22:46:16.729] [ARM-RX] Soft resetting joint 2...
[22:46:16.729] [ARM-RX] robot_update_current_angle 2...
[22:46:16.729] [ARM-RX] [2] current:-90.00, target:-90.00, dir:-1
[22:46:16.854] [ARM-RX] Soft resetting joint 0...
[22:46:16.854] [ARM-RX] robot_update_current_angle 0...
[22:46:16.854] [ARM-RX] [0] current:90.00, target:90.00, dir:-1
[22:46:17.102] [ARM-RX] soft reset final verify PASS (issues:0), pose set HOME.
[22:46:21.989] [ARM-TX] 发送命令 target_enable: target_enable
[22:46:22.130] [ARM-RX] Found handler for 'target_enable', executing...
[22:46:22.130] [ARM-RX] target_enable
[22:47:07.991] [ARM-TX] 发送命令 target_disable: target_disable
[22:47:08.067] [ARM-RX] Found handler for 'target_disable', executing...
[22:47:08.068] [ARM-RX] target_disable
[22:47:12.491] [ARM-TX] 发送命令 soft_reset: soft_reset
[22:47:12.548] [ARM-RX] Found handler for 'soft_reset', executing...
[22:47:12.548] [ARM-RX] ROBOT_SOFT_RESET_EVENT
[22:47:12.548] [ARM-RX] --- Starting soft reset ---
[22:47:12.793] [ARM-RX] Soft reset motors enabled (J1~J5, J6 skipped).
[22:47:12.793] [ARM-RX] Soft resetting joint 4...
[22:47:12.793] [ARM-RX] robot_update_current_angle 4...
[22:47:12.793] [ARM-RX] [4] current:90.00, target:90.00, dir:-1
[22:47:12.916] [ARM-RX] Soft resetting joint 3...
[22:47:12.978] [ARM-RX] robot_update_current_angle 3...
[22:47:12.978] [ARM-RX] [3] current:0.00, target:0.00, dir:-1
[22:47:13.101] [ARM-RX] Soft resetting joint 1...
[22:47:13.101] [ARM-RX] robot_update_current_angle 1...
[22:47:13.102] [ARM-RX] [1] current:90.00, target:90.00, dir:-1
[22:47:13.225] [ARM-RX] Soft resetting joint 2...
[22:47:13.226] [ARM-RX] robot_update_current_angle 2...
[22:47:13.227] [ARM-RX] [2] current:-90.00, target:-90.00, dir:-1
[22:47:13.350] [ARM-RX] Soft resetting joint 0...
[22:47:13.412] [ARM-RX] robot_update_current_angle 0...
[22:47:13.412] [ARM-RX] [0] current:90.00, target:90.00, dir:1
[22:47:13.658] [ARM-RX] soft reset final verify PASS (issues:0), pose set HOME.
[22:47:25.040] [ARM-RX] BSP_UART_Init Success!!!
[22:47:25.040] [ARM-RX] BSP_CAN_Init Success!!!
[22:47:25.041] [ARM-RX] robot control task runing!!!
[22:47:25.041] [ARM-RX] robot cmd service task ready and running!
[22:47:26.033] [ARM-RX] BSP_UART_Init Success!!!
[22:47:26.034] [ARM-RX] BSP_CAN_Init Success!!!
[22:47:26.034] [ARM-RX] robot control task runing!!!
[22:47:26.034] [ARM-RX] robot cmd service task ready and running!
[22:47:31.039] [ARM-TX] 发送命令 soft_reset: soft_reset
[22:47:31.138] [ARM-RX] Found handler for 'soft_reset', executing...
[22:47:31.138] [ARM-RX] ROBOT_SOFT_RESET_EVENT
[22:47:31.138] [ARM-RX] --- Starting soft reset ---
[22:47:31.325] [ARM-RX] Soft reset motors enabled (J1~J5, J6 skipped).
[22:47:31.325] [ARM-RX] Soft resetting joint 4...
[22:47:31.387] [ARM-RX] robot_update_current_angle 4...
[22:47:31.388] [ARM-RX] [4] current:90.00, target:90.00, dir:-1
[22:47:31.510] [ARM-RX] Soft resetting joint 3...
[22:47:31.510] [ARM-RX] robot_update_current_angle 3...
[22:47:31.510] [ARM-RX] [3] current:-0.00, target:0.00, dir:1
[22:47:31.637] [ARM-RX] Soft resetting joint 1...
[22:47:31.637] [ARM-RX] robot_update_current_angle 1...
[22:47:31.637] [ARM-RX] [1] current:90.00, target:90.00, dir:1
[22:47:31.760] [ARM-RX] Soft resetting joint 2...
[22:47:31.823] [ARM-RX] robot_update_current_angle 2...
[22:47:31.823] [ARM-RX] [2] current:-90.00, target:-90.00, dir:-1
[22:47:31.947] [ARM-RX] Soft resetting joint 0...
[22:47:31.947] [ARM-RX] robot_update_current_angle 0...
[22:47:31.947] [ARM-RX] [0] current:90.00, target:90.00, dir:1
[22:47:32.199] [ARM-RX] soft reset final verify PASS (issues:0), pose set HOME.
[22:47:35.249] [ARM-TX] 发送命令 target_enable: target_enable
[22:47:35.305] [ARM-RX] Found handler for 'target_enable', executing...
[22:47:35.305] [ARM-RX] target_enable
[22:47:35.305] [ARM-RX] ROBOT_AUTO_EVENT
[22:47:35.307] [ARM-RX] [0] <0.00 0.00 0.00> result: 90.00 90.00 -90.00 0.00 90.00 0.00
[22:47:35.307] [ARM-RX] [1] <0.00 -0.00 -0.00> result: 90.00 90.00 -90.00 0.00 90.00 0.00
[22:47:35.307] [ARM-RX] [2] <0.00 -0.00 -0.00> resul
[22:47:35.330] [ARM-RX] t: 90.00 90.00 -90.00 0.00 90.00 0.00
[22:47:35.330] [ARM-RX] [3] <0.00 -0.01 -0.00> result: 90.00 90.00 -90.00 0.00 90.00 0.00
[22:47:35.330] [ARM-RX] [4] <0.00 -0.02 -0.00> result: 90.00 90.01 -90.00 0.00 90.00 0.00
[22:47:35.330] [ARM-RX] [5] <0.00 -0.03 -0.00> result: 90.00 90.01 -89.99 0.00 90.00 0.00
[22:47:35.330] [ARM-RX] [6] <0.00 -0.05
[22:47:35.353] [ARM-RX] -0.00> result: 90.00 90.02 -89.99 0.00 90.00 0.00
[22:47:35.354] [ARM-RX] [7] <0.00 -0.07 -0.00> result: 90.00 90.02 -89.98 0.00 90.00 0.00
[22:47:35.354] [ARM-RX] [8] <0.00 -0.11 -0.00> result: 90.00 90.03 -89.97 0.00 90.00 0.00
[22:47:35.354] [ARM-RX] [9] <0.00 -0.15 -0.00> result: 90.00 90.05 -89.96 0.00 90.00 0.00
[22:47:35.354] [ARM-RX] [10]
[22:47:35.376] [ARM-RX] <0.00 -0.20 -0.01> result: 90.00 90.06 -89.94 0.00 90.01 0.00
[22:47:35.376] [ARM-RX] [11] <0.00 -0.27 -0.01> result: 90.00 90.08 -89.92 0.00 90.01 0.00
[22:47:35.377] [ARM-RX] [12] <0.00 -0.34 -0.01> result: 90.00 90.11 -89.90 0.00 90.01 0.00
[22:47:35.377] [ARM-RX] [13] <0.00 -0.43 -0.01> result: 90.00 90.14 -89.88 0.00
[22:47:35.399] [ARM-RX] 90.01 0.00
[22:47:35.400] [ARM-RX] [14] <0.00 -0.54 -0.01> result: 90.00 90.17 -89.85 0.00 90.02 0.00
[22:47:35.400] [ARM-RX] [15] <0.00 -0.65 -0.02> result: 90.00 90.20 -89.81 0.00 90.02 0.00
[22:47:35.400] [ARM-RX] [16] <0.00 -0.79 -0.02> result: 90.00 90.25 -89.78 0.00 90.02 0.00
[22:47:35.401] [ARM-RX] [17] <0.00 -0.94 -0.02> result: 90.00 90
[22:47:35.422] [ARM-RX] .29 -89.73 0.00 90.03 0.00
[22:47:35.422] [ARM-RX] [18] <0.00 -1.10 -0.03> result: 90.00 90.34 -89.69 0.00 90.03 0.00
[22:47:35.422] [ARM-RX] [19] <0.00 -1.29 -0.03> result: 90.00 90.40 -89.63 0.00 90.03 0.00
[22:47:35.423] [ARM-RX] [20] <0.00 -1.49 -0.04> result: 90.00 90.46 -89.57 0.00 90.04 0.00
[22:47:35.423] [ARM-RX] [21] <0.00 -1.72 -0.04>
[22:47:35.446] [ARM-RX] result: 90.00 90.53 -89.51 0.00 90.04 0.00
[22:47:35.447] [ARM-RX] [22] <0.00 -1.97 -0.05> result: 90.00 90.61 -89.44 0.00 90.05 0.00
[22:47:35.447] [ARM-RX] [23] <0.00 -2.23 -0.06> result: 90.00 90.69 -89.36 0.00 90.05 0.00
[22:47:35.447] [ARM-RX] [24] <0.00 -2.52 -0.06> result: 90.00 90.77 -89.28 0.00 90.05 0.00
[22:47:35.447] [ARM-RX] [25] <0.
[22:47:35.468] [ARM-RX] 00 -2.84 -0.07> result: 90.00 90.87 -89.19 0.00 90.06 0.00
[22:47:35.468] [ARM-RX] [26] <0.00 -3.17 -0.08> result: 90.00 90.97 -89.10 0.00 90.06 0.00
[22:47:35.468] [ARM-RX] [27] <0.00 -3.53 -0.09> result: 90.00 91.07 -88.99 0.00 90.06 0.00
[22:47:35.471] [ARM-RX] [28] <0.00 -3.92 -0.10> result: 90.00 91.18 -88.88 0.00 90.0
[22:47:35.502] [ARM-RX] 7 0.00
[22:47:35.503] [ARM-RX] [29] <0.00 -4.33 -0.11> result: 90.00 91.30 -88.76 0.00 90.07 0.00
[22:47:35.503] [ARM-RX] [30] <0.00 -4.77 -0.12> result: 90.00 91.43 -88.64 0.00 90.07 0.00
[22:47:35.503] [ARM-RX] [31] <0.00 -5.23 -0.13> result: 90.00 91.56 -88.51 0.00 90.07 0.00
[22:47:35.503] [ARM-RX] [32] <0.00 -5.72 -0.14> result: 90.00 91.70
[22:47:35.525] [ARM-RX] -88.37 0.00 90.07 0.00
[22:47:35.525] [ARM-RX] [33] <0.00 -6.24 -0.16> result: 90.00 91.85 -88.22 0.00 90.06 0.00
[22:47:35.525] [ARM-RX] [34] <0.00 -6.79 -0.17> result: 90.00 92.00 -88.06 0.00 90.06 0.00
[22:47:35.526] [ARM-RX] [35] <0.00 -7.36 -0.18> result: 90.00 92.16 -87.89 0.00 90.05 0.00
[22:47:35.526] [ARM-RX] [36] <0.00 -7.96 -0.20> resu
[22:47:35.548] [ARM-RX] lt: 90.00 92.32 -87.72 0.00 90.04 0.00
[22:47:35.548] [ARM-RX] [37] <0.00 -8.60 -0.21> result: 90.00 92.49 -87.54 0.00 90.03 0.00
[22:47:35.548] [ARM-RX] [38] <0.00 -9.26 -0.23> result: 90.00 92.67 -87.35 0.00 90.02 0.00
[22:47:35.549] [ARM-RX] [39] <0.00 -9.95 -0.25> result: 90.00 92.85 -87.15 0.00 90.00 0.00
[22:47:35.549] [ARM-RX] [40] <0.00 -
[22:47:35.571] [ARM-RX] 10.67 -0.27> result: 90.00 93.04 -86.94 0.00 89.98 0.00
[22:47:35.571] [ARM-RX] [41] <0.00 -11.42 -0.29> result: 90.00 93.24 -86.72 0.00 89.96 0.00
[22:47:35.572] [ARM-RX] [42] <0.00 -12.20 -0.30> result: 90.00 93.44 -86.50 0.00 89.93 0.00
[22:47:35.572] [ARM-RX] [43] <0.00 -13.01 -0.33> result: 90.00 93.64 -86.26 0.00 89.9
[22:47:35.594] [ARM-RX] 1 0.00
[22:47:35.595] [ARM-RX] [44] <0.00 -13.85 -0.35> result: 90.00 93.85 -86.02 0.00 89.87 0.00
[22:47:35.595] [ARM-RX] [45] <0.00 -14.72 -0.37> result: 90.00 94.07 -85.77 0.00 89.84 0.00
[22:47:35.595] [ARM-RX] [46] <0.00 -15.62 -0.39> result: 90.00 94.29 -85.51 0.00 89.80 0.00
[22:47:35.595] [ARM-RX] [47] <0.00 -16.55 -0.41> result: 90.00 94
[22:47:35.618] [ARM-RX] .52 -85.24 0.00 89.75 0.00
[22:47:35.618] [ARM-RX] [48] <0.00 -17.51 -0.44> result: 90.00 94.75 -84.96 0.00 89.70 0.00
[22:47:35.618] [ARM-RX] [49] <0.00 -18.49 -0.46> result: 90.00 94.98 -84.67 0.00 89.65 0.00
[22:47:35.618] [ARM-RX] [50] <0.00 -19.51 -0.49> result: 90.00 95.22 -84.37 0.00 89.59 0.00
[22:47:35.619] [ARM-RX] [51] <0.00 -20.56 -0.
[22:47:35.640] [ARM-RX] 51> result: 90.00 95.47 -84.06 0.00 89.53 0.00
[22:47:35.640] [ARM-RX] [52] <0.00 -21.64 -0.54> result: 90.00 95.71 -83.75 0.00 89.46 0.00
[22:47:35.640] [ARM-RX] [53] <0.00 -22.74 -0.57> result: 90.00 95.97 -83.43 0.00 89.39 0.00
[22:47:35.640] [ARM-RX] [54] <0.00 -23.88 -0.60> result: 90.00 96.22 -83.09 0.00 89.32 0.00
[22:47:35.640] [ARM-RX] [
[22:47:35.663] [ARM-RX] 55] <0.00 -25.04 -0.63> result: 90.00 96.48 -82.75 0.00 89.23 0.00
[22:47:35.663] [ARM-RX] [56] <0.00 -26.23 -0.66> result: 90.00 96.74 -82.40 0.00 89.15 0.00
[22:47:35.663] [ARM-RX] [57] <0.00 -27.44 -0.69> result: 90.00 97.01 -82.05 0.00 89.06 0.00
[22:47:35.663] [ARM-RX] [58] <0.00 -28.68 -0.72> result: 90.00 97.28 -81.6
[22:47:35.697] [ARM-RX] 8 0.00 88.96 0.00
[22:47:35.697] [ARM-RX] [59] <0.00 -29.95 -0.75> result: 90.00 97.55 -81.31 0.00 88.86 0.00
[22:47:35.697] [ARM-RX] [60] <0.00 -31.25 -0.78> result: 90.00 97.83 -80.92 0.00 88.75 0.00
[22:47:35.698] [ARM-RX] [61] <0.00 -32.57 -0.81> result: 90.00 98.10 -80.53 0.00 88.64 0.00
[22:47:35.698] [ARM-RX] [62] <0.00 -33.91 -0.85> resul
[22:47:35.721] [ARM-RX] t: 90.00 98.39 -80.14 0.00 88.52 0.00
[22:47:35.721] [ARM-RX] [63] <0.00 -35.28 -0.88> result: 90.00 98.67 -79.73 0.00 88.40 0.00
[22:47:35.721] [ARM-RX] [64] <0.00 -36.67 -0.92> result: 90.00 98.95 -79.32 0.00 88.27 0.00
[22:47:35.721] [ARM-RX] [65] <0.00 -38.08 -0.95> result: 90.00 99.24 -78.90 0.00 88.14 0.00
[22:47:35.722] [ARM-RX] [66] <0.00
[22:47:35.742] [ARM-RX] -39.51 -0.99> result: 90.00 99.53 -78.47 0.00 88.00 0.00
[22:47:35.742] [ARM-RX] [67] <0.00 -40.97 -1.02> result: 90.00 99.82 -78.04 0.00 87.86 0.00
[22:47:35.743] [ARM-RX] [68] <0.00 -42.44 -1.06> result: 90.00 100.11 -77.60 0.00 87.71 0.00
[22:47:35.743] [ARM-RX] [69] <0.00 -43.94 -1.10> result: 90.00 100.41 -77.15 0.00
[22:47:35.766] [ARM-RX] 87.56 0.00
[22:47:35.766] [ARM-RX] [70] <0.00 -45.45 -1.14> result: 90.00 100.70 -76.70 0.00 87.41 0.00
[22:47:35.767] [ARM-RX] [71] <0.00 -46.98 -1.17> result: 90.00 101.00 -76.24 0.00 87.25 0.00
[22:47:35.767] [ARM-RX] [72] <0.00 -48.53 -1.21> result: 90.00 101.30 -75.78 0.00 87.08 0.00
[22:47:35.767] [ARM-RX] [73] <0.00 -50.09 -1.25> result: 9
[22:47:35.788] [ARM-RX] 0.00 101.60 -75.31 0.00 86.91 0.00
[22:47:35.788] [ARM-RX] [74] <0.00 -51.67 -1.29> result: 90.00 101.90 -74.84 0.00 86.74 0.00
[22:47:35.789] [ARM-RX] [75] <0.00 -53.26 -1.33> result: 90.00 102.20 -74.36 0.00 86.56 0.00
[22:47:35.789] [ARM-RX] [76] <0.00 -54.86 -1.37> result: 90.00 102.51 -73.87 0.00 86.38 0.00
[22:47:35.789] [ARM-RX] [77] <0.00
[22:47:35.811] [ARM-RX] -56.48 -1.41> result: 90.00 102.81 -73.39 0.00 86.20 0.00
[22:47:35.811] [ARM-RX] [78] <0.00 -58.11 -1.45> result: 90.00 103.11 -72.89 0.00 86.01 0.00
[22:47:35.812] [ARM-RX] [79] <0.00 -59.75 -1.49> result: 90.00 103.42 -72.40 0.00 85.82 0.00
[22:47:35.812] [ARM-RX] [80] <0.00 -60.00 -1.50> result: 90.00 103.47 -72.32 0.0
[22:47:35.834] [ARM-RX] 0 85.79 0.00
[22:47:35.834] [ARM-RX] [81] <0.00 -60.00 -1.50> result: 90.00 103.47 -72.32 0.00 85.79 0.00
[22:47:35.835] [ARM-RX] [82] <0.00 -60.00 -1.50> result: 90.00 103.47 -72.32 0.00 85.79 0.00
[22:47:35.835] [ARM-RX] [83] <0.00 -60.00 -1.50> result: 90.00 103.47 -72.32 0.00 85.79 0.00
[22:47:35.835] [ARM-RX] [84] <0.00 -60.00 -1.50> result:
[22:47:35.869] [ARM-RX] 90.00 103.47 -72.32 0.00 85.79 0.00
[22:47:35.870] [ARM-RX] [85] <0.00 -60.00 -1.50> result: 90.00 103.47 -72.32 0.00 85.79 0.00
[22:47:35.870] [ARM-RX] [86] <0.00 -60.00 -1.50> result: 90.00 103.47 -72.32 0.00 85.79 0.00
[22:47:35.870] [ARM-RX] [87] <0.00 -60.00 -1.50> result: 90.00 103.47 -72.32 0.00 85.79 0.00
[22:47:35.871] [ARM-RX] [88] <0.
[22:47:35.892] [ARM-RX] 00 -60.00 -1.50> result: 90.00 103.47 -72.32 0.00 85.79 0.00
[22:47:35.893] [ARM-RX] [89] <0.00 -60.00 -1.50> result: 90.00 103.47 -72.32 0.00 85.79 0.00
[22:47:35.893] [ARM-RX] [90] <0.00 -60.00 -1.50> result: 90.00 103.47 -72.32 0.00 85.79 0.00
[22:47:35.893] [ARM-RX] [91] <0.00 -60.00 -1.50> result: 90.00 103.47 -72.32 0
[22:47:35.915] [ARM-RX] .00 85.79 0.00
[22:47:35.915] [ARM-RX] [92] <0.00 -60.00 -1.50> result: 90.00 103.47 -72.32 0.00 85.79 0.00
[22:47:35.915] [ARM-RX] [93] <0.00 -60.00 -1.50> result: 90.00 103.47 -72.32 0.00 85.79 0.00
[22:47:35.915] [ARM-RX] [94] <0.00 -60.00 -1.50> result: 90.00 103.47 -72.32 0.00 85.79 0.00
[22:47:35.916] [ARM-RX] [95] <0.00 -60.00 -1.50> resul
[22:47:35.938] [ARM-RX] t: 90.00 103.47 -72.32 0.00 85.79 0.00
[22:47:35.938] [ARM-RX] [96] <0.00 -60.00 -1.50> result: 90.00 103.47 -72.32 0.00 85.79 0.00
[22:47:35.938] [ARM-RX] [97] <0.00 -60.00 -1.50> result: 90.00 103.47 -72.32 0.00 85.79 0.00
[22:47:35.938] [ARM-RX] [98] <0.00 -60.00 -1.50> result: 90.00 103.47 -72.32 0.00 85.79 0.00
[22:47:35.938] [ARM-RX] [99] <
[22:47:35.961] [ARM-RX] 0.00 -60.00 -1.50> result: 90.00 103.47 -72.32 0.00 85.79 0.00
[22:47:35.961] [ARM-RX] [100] <0.00 -60.00 -1.50> result: 90.00 103.47 -72.32 0.00 85.79 0.00
[22:47:35.961] [ARM-RX] [101] <0.00 -60.00 -1.50> result: 90.00 103.47 -72.32 0.00 85.79 0.00
[22:47:35.961] [ARM-RX] [102] <0.00 -60.00 -1.50> result: 90.00 103.47 -72
[22:47:35.984] [ARM-RX] .32 0.00 85.79 0.00
[22:47:35.984] [ARM-RX] [103] <0.00 -60.00 -1.50> result: 90.00 103.47 -72.32 0.00 85.79 0.00
[22:47:35.984] [ARM-RX] [104] <0.00 -60.00 -1.50> result: 90.00 103.47 -72.32 0.00 85.79 0.00
[22:47:35.984] [ARM-RX] [105] <0.00 -60.00 -1.50> result: 90.00 103.47 -72.32 0.00 85.79 0.00
[22:47:35.984] [ARM-RX] [106] <0.00 -60.00 -1.
[22:47:36.007] [ARM-RX] 50> result: 90.00 103.47 -72.32 0.00 85.79 0.00
[22:47:36.007] [ARM-RX] [107] <0.00 -60.00 -1.50> result: 90.00 103.47 -72.32 0.00 85.79 0.00
[22:47:36.007] [ARM-RX] [108] <0.00 -60.00 -1.50> result: 90.00 103.47 -72.32 0.00 85.79 0.00
[22:47:36.007] [ARM-RX] [109] <0.00 -60.00 -1.50> result: 90.00 103.47 -72.32 0.00 85.79
[22:47:36.029] [ARM-RX] 0.00
[22:47:36.030] [ARM-RX] [110] <0.00 -60.00 -1.50> result: 90.00 103.47 -72.32 0.00 85.79 0.00
[22:47:36.030] [ARM-RX] [111] <0.00 -60.00 -1.50> result: 90.00 103.47 -72.32 0.00 85.79 0.00
[22:47:36.030] [ARM-RX] [112] <0.00 -60.00 -1.50> result: 90.00 103.47 -72.32 0.00 85.79 0.00
[22:47:36.030] [ARM-RX] [113] <0.00 -60.00 -1.50> result: 90.
[22:47:36.063] [ARM-RX] 00 103.47 -72.32 0.00 85.79 0.00
[22:47:36.063] [ARM-RX] [114] <0.00 -60.00 -1.50> result: 90.00 103.47 -72.32 0.00 85.79 0.00
[22:47:36.064] [ARM-RX] [115] <0.00 -60.00 -1.50> result: 90.00 103.47 -72.32 0.00 85.79 0.00
[22:47:36.064] [ARM-RX] [116] <0.00 -60.00 -1.50> result: 90.00 103.47 -72.32 0.00 85.79 0.00
[22:47:36.064] [ARM-RX] [117] <0.
[22:47:36.089] [ARM-RX] 00 -60.00 -1.50> result: 90.00 103.47 -72.32 0.00 85.79 0.00
[22:47:36.089] [ARM-RX] [118] <0.00 -60.00 -1.50> result: 90.00 103.47 -72.32 0.00 85.79 0.00
[22:47:36.089] [ARM-RX] [119] <0.00 -60.00 -1.50> result: 90.00 103.47 -72.32 0.00 85.79 0.00
[22:47:36.090] [ARM-RX] [120] <0.00 -60.00 -1.50> result: 90.00 103.47 -72.3
[22:47:36.109] [ARM-RX] 2 0.00 85.79 0.00
[22:47:36.110] [ARM-RX] [121] <0.00 -60.00 -1.50> result: 90.00 103.47 -72.32 0.00 85.79 0.00
[22:47:36.110] [ARM-RX] [122] <0.00 -60.00 -1.50> result: 90.00 103.47 -72.32 0.00 85.79 0.00
[22:47:36.110] [ARM-RX] [123] <0.00 -60.00 -1.50> result: 90.00 103.47 -72.32 0.00 85.79 0.00
[22:47:36.110] [ARM-RX] [124] <0.00 -60.00 -1.50
[22:47:36.132] [ARM-RX] > result: 90.00 103.47 -72.32 0.00 85.79 0.00
[22:47:36.133] [ARM-RX] [125] <0.00 -60.00 -1.50> result: 90.00 103.47 -72.32 0.00 85.79 0.00
[22:47:36.133] [ARM-RX] [126] <0.00 -60.00 -1.50> result: 90.00 103.47 -72.32 0.00 85.79 0.00
[22:47:36.133] [ARM-RX] [127] <0.00 -60.00 -1.50> result: 90.00 103.47 -72.32 0.00 85.79 0.
[22:47:36.156] [ARM-RX] 00
[22:47:36.156] [ARM-RX] [128] <0.00 -60.00 -1.50> result: 90.00 103.47 -72.32 0.00 85.79 0.00
[22:47:36.156] [ARM-RX] [129] <0.00 -60.00 -1.50> result: 90.00 103.47 -72.32 0.00 85.79 0.00
[22:47:36.156] [ARM-RX] [130] <0.00 -60.00 -1.50> result: 90.00 103.47 -72.32 0.00 85.79 0.00
[22:47:36.157] [ARM-RX] [131] <0.00 -60.00 -1.50> result: 90.00
[22:47:36.182] [ARM-RX] 103.47 -72.32 0.00 85.79 0.00
[22:47:36.182] [ARM-RX] [132] <0.00 -60.00 -1.50> result: 90.00 103.47 -72.32 0.00 85.79 0.00
[22:47:36.183] [ARM-RX] [133] <0.00 -60.00 -1.50> result: 90.00 103.47 -72.32 0.00 85.79 0.00
[22:47:36.183] [ARM-RX] [134] <0.00 -60.00 -1.50> result: 90.00 103.47 -72.32 0.00 85.79 0.00
[22:47:36.183] [ARM-RX] [135] <0.00
[22:47:36.201] [ARM-RX] -60.00 -1.50> result: 90.00 103.47 -72.32 0.00 85.79 0.00
[22:47:36.201] [ARM-RX] [136] <0.00 -60.00 -1.50> result: 90.00 103.47 -72.32 0.00 85.79 0.00
[22:47:36.201] [ARM-RX] [137] <0.00 -60.00 -1.50> result: 90.00 103.47 -72.32 0.00 85.79 0.00
[22:47:36.202] [ARM-RX] [138] <0.00 -60.00 -1.50> result: 90.00 103.47 -72.32
[22:47:36.235] [ARM-RX] 0.00 85.79 0.00
[22:47:36.236] [ARM-RX] [139] <0.00 -60.00 -1.50> result: 90.00 103.47 -72.32 0.00 85.79 0.00
[22:47:36.236] [ARM-RX] [140] <0.00 -60.00 -1.50> result: 90.00 103.47 -72.32 0.00 85.79 0.00
[22:47:36.236] [ARM-RX] [141] <0.00 -60.00 -1.50> result: 90.00 103.47 -72.32 0.00 85.79 0.00
[22:47:36.236] [ARM-RX] [142] <0.00 -60.00 -1.50>
[22:47:36.258] [ARM-RX] result: 90.00 103.47 -72.32 0.00 85.79 0.00
[22:47:36.258] [ARM-RX] [143] <0.00 -60.00 -1.50> result: 90.00 103.47 -72.32 0.00 85.79 0.00
[22:47:36.258] [ARM-RX] [144] <0.00 -60.00 -1.50> result: 90.00 103.47 -72.32 0.00 85.79 0.00
[22:47:36.259] [ARM-RX] [145] <0.00 -60.00 -1.50> result: 90.00 103.47 -72.32 0.00 85.79 0.00
[22:47:36.281] [ARM-RX] [146] <0.00 -60.00 -1.50> result: 90.00 103.47 -72.32 0.00 85.79 0.00
[22:47:36.281] [ARM-RX] [147] <0.00 -60.00 -1.50> result: 90.00 103.47 -72.32 0.00 85.79 0.00
[22:47:36.281] [ARM-RX] [148] <0.00 -60.00 -1.50> result: 90.00 103.47 -72.32 0.00 85.79 0.00
[22:47:36.281] [ARM-RX] [149] <0.00 -60.00 -1.50> result: 90.00 1
[22:47:36.304] [ARM-RX] 03.47 -72.32 0.00 85.79 0.00
[22:47:36.304] [ARM-RX] [150] <0.00 -60.00 -1.50> result: 90.00 103.47 -72.32 0.00 85.79 0.00
[22:47:36.305] [ARM-RX] [151] <0.00 -60.00 -1.50> result: 90.00 103.47 -72.32 0.00 85.79 0.00
[22:47:36.305] [ARM-RX] [152] <0.00 -60.00 -1.50> result: 90.00 103.47 -72.32 0.00 85.79 0.00
[22:47:36.305] [ARM-RX] [153] <0.00 -
[22:47:36.330] [ARM-RX] 60.00 -1.50> result: 90.00 103.47 -72.32 0.00 85.79 0.00
[22:47:36.330] [ARM-RX] [154] <0.00 -60.00 -1.50> result: 90.00 103.47 -72.32 0.00 85.79 0.00
[22:47:36.331] [ARM-RX] [155] <0.00 -60.00 -1.50> result: 90.00 103.47 -72.32 0.00 85.79 0.00
[22:47:36.331] [ARM-RX] [156] <0.00 -60.00 -1.50> result: 90.00 103.47 -72.32 0.
[22:47:36.350] [ARM-RX] 00 85.79 0.00
[22:47:36.350] [ARM-RX] [157] <0.00 -60.00 -1.50> result: 90.00 103.47 -72.32 0.00 85.79 0.00
[22:47:36.350] [ARM-RX] [158] <0.00 -60.00 -1.50> result: 90.00 103.47 -72.32 0.00 85.79 0.00
[22:47:36.350] [ARM-RX] [159] <0.00 -60.00 -1.50> result: 90.00 103.47 -72.32 0.00 85.79 0.00
[22:47:36.350] [ARM-RX] [160] <0.00 -60.00 -1.50> re
[22:47:36.372] [ARM-RX] sult: 90.00 103.47 -72.32 0.00 85.79 0.00
[22:47:36.374] [ARM-RX] [161] <0.00 -60.00 -1.50> result: 90.00 103.47 -72.32 0.00 85.79 0.00
[22:47:36.374] [ARM-RX] [162] <0.00 -60.00 -1.50> result: 90.00 103.47 -72.32 0.00 85.79 0.00
[22:47:36.374] [ARM-RX] [163] <0.00 -60.00 -1.50> result: 90.00 103.47 -72.32 0.00 85.79 0.00
[22:47:36.396] [ARM-RX] [164] <0.00 -60.00 -1.50> result: 90.00 103.47 -72.32 0.00 85.79 0.00
[22:47:36.397] [ARM-RX] [165] <0.00 -60.00 -1.50> result: 90.00 103.47 -72.32 0.00 85.79 0.00
[22:47:36.397] [ARM-RX] [166] <0.00 -60.00 -1.50> result: 90.00 103.47 -72.32 0.00 85.79 0.00
[22:47:36.397] [ARM-RX] [167] <0.00 -60.00 -1.50> result: 90.00 103
[22:47:36.431] [ARM-RX] .47 -72.32 0.00 85.79 0.00
[22:47:36.432] [ARM-RX] [168] <0.00 -60.00 -1.50> result: 90.00 103.47 -72.32 0.00 85.79 0.00
[22:47:36.432] [ARM-RX] [169] <0.00 -60.00 -1.50> result: 90.00 103.47 -72.32 0.00 85.79 0.00
[22:47:36.432] [ARM-RX] [170] <0.00 -60.00 -1.50> result: 90.00 103.47 -72.32 0.00 85.79 0.00
[22:47:36.432] [ARM-RX] [171] <0.00 -60
[22:47:36.454] [ARM-RX] .00 -1.50> result: 90.00 103.47 -72.32 0.00 85.79 0.00
[22:47:36.454] [ARM-RX] [172] <0.00 -60.00 -1.50> result: 90.00 103.47 -72.32 0.00 85.79 0.00
[22:47:36.454] [ARM-RX] [173] <0.00 -60.00 -1.50> result: 90.00 103.47 -72.32 0.00 85.79 0.00
[22:47:36.454] [ARM-RX] [174] <0.00 -60.00 -1.50> result: 90.00 103.47 -72.32 0.00
[22:47:36.519] [ARM-RX] 85.79 0.00
[22:47:36.519] [ARM-RX] [175] <0.00 -60.00 -1.50> result: 90.00 103.47 -72.32 0.00 85.79 0.00
[22:47:36.519] [ARM-RX] [176] <0.00 -60.00 -1.50> result: 90.00 103.47 -72.32 0.00 85.79 0.00
[22:47:38.389] [ARM-RX] [joint 1] ave_error:0.00
[22:47:38.389] [ARM-RX] [joint 2] ave_error:2.94
[22:47:38.389] [ARM-RX] [joint 3] ave_error:2.47
[22:47:38.389] [ARM-RX] [joint 4] ave_error:0.00
[22:47:38.389] [ARM-RX] [joint 5] ave_error:0.28
[22:47:38.390] [ARM-RX] robot pid run finished!!
[22:47:38.451] [JETSON-RX] CC 01 01 DD
[22:47:38.451] [JETSON-STATUS] READY: CC 01 01 DD
[22:48:04.609] [ARM-TX] 发送命令 target_disable: target_disable
[22:48:04.769] [ARM-RX] Found handler for 'target_disable', executing...
[22:48:04.769] [ARM-RX] target_disable
[22:48:05.368] [ARM-TX] 发送命令 soft_reset: soft_reset
[22:48:05.388] [ARM-RX] Found handler for 'soft_reset', executing...
[22:48:05.388] [ARM-RX] ROBOT_SOFT_RESET_EVENT
[22:48:05.388] [ARM-RX] --- Starting soft reset ---
[22:48:05.636] [ARM-RX] Soft reset motors enabled (J1~J5, J6 skipped).
[22:48:05.636] [ARM-RX] Soft resetting joint 4...
[22:48:05.636] [ARM-RX] robot_update_current_angle 4...
[22:48:05.636] [ARM-RX] [4] current:85.70, target:90.00, dir:1
[22:48:06.257] [ARM-RX] Soft resetting joint 3...
[22:48:06.257] [ARM-RX] robot_update_current_angle 3...
[22:48:06.257] [ARM-RX] [3] current:0.00, target:0.00, dir:-1
[22:48:06.381] [ARM-RX] Soft resetting joint 1...
[22:48:06.441] [ARM-RX] robot_update_current_angle 1...
[22:48:06.441] [ARM-RX] [1] current:105.98, target:90.00, dir:-1
[22:48:08.061] [ARM-RX] soft reset joint 1 settle timeout, keep going
[22:48:08.061] [ARM-RX] Soft resetting joint 2...
[22:48:08.061] [ARM-RX] robot_update_current_angle 2...
[22:48:08.062] [ARM-RX] [2] current:-71.87, target:-90.00, dir:-1
[22:48:09.678] [ARM-RX] soft reset joint 2 settle timeout, keep going
[22:48:09.678] [ARM-RX] Soft resetting joint 0...
[22:48:09.679] [ARM-RX] robot_update_current_angle 0...
[22:48:09.679] [ARM-RX] [0] current:90.00, target:90.00, dir:1
[22:48:09.928] [ARM-RX] soft reset final verify PASS (issues:2), pose set HOME.
[22:48:14.860] [DEMO-INFO] 演示配置已保存
[22:48:14.860] [DEMO-INFO] 一键定靶演示开始
[22:48:14.860] [JETSON-TX] TARGET_CTRL_START: AA 01 01 BB
[22:48:14.896] [ARM-RX] [JETSON_RX] target_ctrl=1
[22:48:14.896] [ARM-RX] ROBOT_AUTO_EVENT
[22:48:14.896] [ARM-RX] [0] <0.00 0.00 0.00> result: 90.00 90.00 -90.00 0.00 90.00 0.00
[22:48:14.897] [ARM-RX] [1] <0.00 -0.00 -0.00> result: 90.00 90.00 -90.00 0.00 90.00 0.00
[22:48:14.897] [ARM-RX] [2] <0.00 -0.00 -0.00> result: 90.00 90.00 -90.00 0.00 90.00 0.00
[22:48:14.897] [ARM-RX] [3] <0.00 -0.
[22:48:14.919] [ARM-RX] 01 -0.00> result: 90.00 90.00 -90.00 0.00 90.00 0.00
[22:48:14.919] [ARM-RX] [4] <0.00 -0.02 -0.00> result: 90.00 90.01 -90.00 0.00 90.00 0.00
[22:48:14.919] [ARM-RX] [5] <0.00 -0.03 -0.00> result: 90.00 90.01 -89.99 0.00 90.00 0.00
[22:48:14.920] [ARM-RX] [6] <0.00 -0.05 -0.00> result: 90.00 90.02 -89.99 0.00 90.00 0.00
[22:48:14.920] [ARM-RX] [
[22:48:14.929] [JETSON-RX] CC 04 01 DD
[22:48:14.929] [JETSON-STATUS] TARGET_CTRL_ON: CC 04 01 DD
[22:48:14.942] [ARM-RX] 7] <0.00 -0.07 -0.00> result: 90.00 90.02 -89.98 0.00 90.00 0.00
[22:48:14.943] [ARM-RX] [8] <0.00 -0.11 -0.00> result: 90.00 90.03 -89.97 0.00 90.00 0.00
[22:48:14.943] [ARM-RX] [9] <0.00 -0.15 -0.00> result: 90.00 90.05 -89.96 0.00 90.00 0.00
[22:48:14.943] [ARM-RX] [10] <0.00 -0.20 -0.01> result: 90.00 90.06 -89.94 0.00
[22:48:14.967] [ARM-RX] 90.01 0.00
[22:48:14.968] [ARM-RX] [11] <0.00 -0.27 -0.01> result: 90.00 90.08 -89.92 0.00 90.01 0.00
[22:48:14.968] [ARM-RX] [12] <0.00 -0.34 -0.01> result: 90.00 90.11 -89.90 0.00 90.01 0.00
[22:48:14.968] [ARM-RX] [13] <0.00 -0.43 -0.01> result: 90.00 90.14 -89.88 0.00 90.01 0.00
[22:48:14.968] [ARM-RX] [14] <0.00 -0.54 -0.01> result: 90.00 90
[22:48:14.989] [ARM-RX] .17 -89.85 0.00 90.02 0.00
[22:48:14.989] [ARM-RX] [15] <0.00 -0.65 -0.02> result: 90.00 90.20 -89.81 0.00 90.02 0.00
[22:48:14.989] [ARM-RX] [16] <0.00 -0.79 -0.02> result: 90.00 90.25 -89.78 0.00 90.02 0.00
[22:48:14.989] [ARM-RX] [17] <0.00 -0.94 -0.02> result: 90.00 90.29 -89.73 0.00 90.03 0.00
[22:48:14.989] [ARM-RX] [18] <0.00 -1.10 -0.03>
[22:48:15.011] [ARM-RX] result: 90.00 90.34 -89.69 0.00 90.03 0.00
[22:48:15.012] [ARM-RX] [19] <0.00 -1.29 -0.03> result: 90.00 90.40 -89.63 0.00 90.03 0.00
[22:48:15.012] [ARM-RX] [20] <0.00 -1.49 -0.04> result: 90.00 90.46 -89.57 0.00 90.04 0.00
[22:48:15.012] [ARM-RX] [21] <0.00 -1.72 -0.04> result: 90.00 90.53 -89.51 0.00 90.04 0.00
[22:48:15.012] [ARM-RX] [22] <0.
[22:48:15.034] [ARM-RX] 00 -1.97 -0.05> result: 90.00 90.61 -89.44 0.00 90.05 0.00
[22:48:15.035] [ARM-RX] [23] <0.00 -2.23 -0.06> result: 90.00 90.69 -89.36 0.00 90.05 0.00
[22:48:15.035] [ARM-RX] [24] <0.00 -2.52 -0.06> result: 90.00 90.77 -89.28 0.00 90.05 0.00
[22:48:15.035] [ARM-RX] [25] <0.00 -2.84 -0.07> result: 90.00 90.87 -89.19 0.00 90.0
[22:48:15.068] [ARM-RX] 6 0.00
[22:48:15.068] [ARM-RX] [26] <0.00 -3.17 -0.08> result: 90.00 90.97 -89.10 0.00 90.06 0.00
[22:48:15.070] [ARM-RX] [27] <0.00 -3.53 -0.09> result: 90.00 91.07 -88.99 0.00 90.06 0.00
[22:48:15.071] [ARM-RX] [28] <0.00 -3.92 -0.10> result: 90.00 91.18 -88.88 0.00 90.07 0.00
[22:48:15.071] [ARM-RX] [29] <0.00 -4.33 -0.11> result: 90.00 91.30
[22:48:15.091] [ARM-RX] -88.76 0.00 90.07 0.00
[22:48:15.091] [ARM-RX] [30] <0.00 -4.77 -0.12> result: 90.00 91.43 -88.64 0.00 90.07 0.00
[22:48:15.091] [ARM-RX] [31] <0.00 -5.23 -0.13> result: 90.00 91.56 -88.51 0.00 90.07 0.00
[22:48:15.091] [ARM-RX] [32] <0.00 -5.72 -0.14> result: 90.00 91.70 -88.37 0.00 90.07 0.00
[22:48:15.092] [ARM-RX] [33] <0.00 -6.24 -0.16> resu
[22:48:15.114] [ARM-RX] lt: 90.00 91.85 -88.22 0.00 90.06 0.00
[22:48:15.114] [ARM-RX] [34] <0.00 -6.79 -0.17> result: 90.00 92.00 -88.06 0.00 90.06 0.00
[22:48:15.114] [ARM-RX] [35] <0.00 -7.36 -0.18> result: 90.00 92.16 -87.89 0.00 90.05 0.00
[22:48:15.114] [ARM-RX] [36] <0.00 -7.96 -0.20> result: 90.00 92.32 -87.72 0.00 90.04 0.00
[22:48:15.115] [ARM-RX] [37] <0.00 -
[22:48:15.136] [ARM-RX] 8.60 -0.21> result: 90.00 92.49 -87.54 0.00 90.03 0.00
[22:48:15.138] [ARM-RX] [38] <0.00 -9.26 -0.23> result: 90.00 92.67 -87.35 0.00 90.02 0.00
[22:48:15.138] [ARM-RX] [39] <0.00 -9.95 -0.25> result: 90.00 92.85 -87.15 0.00 90.00 0.00
[22:48:15.138] [ARM-RX] [40] <0.00 -10.67 -0.27> result: 90.00 93.04 -86.94 0.00 89.98 0
[22:48:15.159] [ARM-RX] .00
[22:48:15.159] [ARM-RX] [41] <0.00 -11.42 -0.29> result: 90.00 93.24 -86.72 0.00 89.96 0.00
[22:48:15.159] [ARM-RX] [42] <0.00 -12.20 -0.30> result: 90.00 93.44 -86.50 0.00 89.93 0.00
[22:48:15.160] [ARM-RX] [43] <0.00 -13.01 -0.33> result: 90.00 93.64 -86.26 0.00 89.91 0.00
[22:48:15.160] [ARM-RX] [44] <0.00 -13.85 -0.35> result: 90.00 93.85
[22:48:15.182] [ARM-RX] -86.02 0.00 89.87 0.00
[22:48:15.182] [ARM-RX] [45] <0.00 -14.72 -0.37> result: 90.00 94.07 -85.77 0.00 89.84 0.00
[22:48:15.182] [ARM-RX] [46] <0.00 -15.62 -0.39> result: 90.00 94.29 -85.51 0.00 89.80 0.00
[22:48:15.182] [ARM-RX] [47] <0.00 -16.55 -0.41> result: 90.00 94.52 -85.24 0.00 89.75 0.00
[22:48:15.183] [ARM-RX] [48] <0.00 -17.51 -0.44>
[22:48:15.205] [ARM-RX] result: 90.00 94.75 -84.96 0.00 89.70 0.00
[22:48:15.205] [ARM-RX] [49] <0.00 -18.49 -0.46> result: 90.00 94.98 -84.67 0.00 89.65 0.00
[22:48:15.206] [ARM-RX] [50] <0.00 -19.51 -0.49> result: 90.00 95.22 -84.37 0.00 89.59 0.00
[22:48:15.206] [ARM-RX] [51] <0.00 -20.56 -0.51> result: 90.00 95.47 -84.06 0.00 89.53 0.00
[22:48:15.206] [ARM-RX] [52]
[22:48:15.228] [ARM-RX] <0.00 -21.64 -0.54> result: 90.00 95.71 -83.75 0.00 89.46 0.00
[22:48:15.229] [ARM-RX] [53] <0.00 -22.74 -0.57> result: 90.00 95.97 -83.43 0.00 89.39 0.00
[22:48:15.229] [ARM-RX] [54] <0.00 -23.88 -0.60> result: 90.00 96.22 -83.09 0.00 89.32 0.00
[22:48:15.229] [ARM-RX] [55] <0.00 -25.04 -0.63> result: 90.00 96.48 -82.75 0
[22:48:15.262] [ARM-RX] .00 89.23 0.00
[22:48:15.262] [ARM-RX] [56] <0.00 -26.23 -0.66> result: 90.00 96.74 -82.40 0.00 89.15 0.00
[22:48:15.263] [ARM-RX] [57] <0.00 -27.44 -0.69> result: 90.00 97.01 -82.05 0.00 89.06 0.00
[22:48:15.263] [ARM-RX] [58] <0.00 -28.68 -0.72> result: 90.00 97.28 -81.68 0.00 88.96 0.00
[22:48:15.263] [ARM-RX] [59] <0.00 -29.95 -0.75> result:
[22:48:15.285] [ARM-RX] 90.00 97.55 -81.31 0.00 88.86 0.00
[22:48:15.286] [ARM-RX] [60] <0.00 -31.25 -0.78> result: 90.00 97.83 -80.92 0.00 88.75 0.00
[22:48:15.286] [ARM-RX] [61] <0.00 -32.57 -0.81> result: 90.00 98.10 -80.53 0.00 88.64 0.00
[22:48:15.286] [ARM-RX] [62] <0.00 -33.91 -0.85> result: 90.00 98.39 -80.14 0.00 88.52 0.00
[22:48:15.286] [ARM-RX] [63] <0.00 -3
[22:48:15.308] [ARM-RX] 5.28 -0.88> result: 90.00 98.67 -79.73 0.00 88.40 0.00
[22:48:15.308] [ARM-RX] [64] <0.00 -36.67 -0.92> result: 90.00 98.95 -79.32 0.00 88.27 0.00
[22:48:15.309] [ARM-RX] [65] <0.00 -38.08 -0.95> result: 90.00 99.24 -78.90 0.00 88.14 0.00
[22:48:15.309] [ARM-RX] [66] <0.00 -39.51 -0.99> result: 90.00 99.53 -78.47 0.00 88.00
[22:48:15.331] [ARM-RX] 0.00
[22:48:15.331] [ARM-RX] [67] <0.00 -40.97 -1.02> result: 90.00 99.82 -78.04 0.00 87.86 0.00
[22:48:15.331] [ARM-RX] [68] <0.00 -42.44 -1.06> result: 90.00 100.11 -77.60 0.00 87.71 0.00
[22:48:15.332] [ARM-RX] [69] <0.00 -43.94 -1.10> result: 90.00 100.41 -77.15 0.00 87.56 0.00
[22:48:15.332] [ARM-RX] [70] <0.00 -45.45 -1.14> result: 90.00 1
[22:48:15.354] [ARM-RX] 00.70 -76.70 0.00 87.41 0.00
[22:48:15.354] [ARM-RX] [71] <0.00 -46.98 -1.17> result: 90.00 101.00 -76.24 0.00 87.25 0.00
[22:48:15.354] [ARM-RX] [72] <0.00 -48.53 -1.21> result: 90.00 101.30 -75.78 0.00 87.08 0.00
[22:48:15.354] [ARM-RX] [73] <0.00 -50.09 -1.25> result: 90.00 101.60 -75.31 0.00 86.91 0.00
[22:48:15.355] [ARM-RX] [74] <0.00 -51.6
[22:48:15.377] [ARM-RX] 7 -1.29> result: 90.00 101.90 -74.84 0.00 86.74 0.00
[22:48:15.378] [ARM-RX] [75] <0.00 -53.26 -1.33> result: 90.00 102.20 -74.36 0.00 86.56 0.00
[22:48:15.379] [ARM-RX] [76] <0.00 -54.86 -1.37> result: 90.00 102.51 -73.87 0.00 86.38 0.00
[22:48:15.379] [ARM-RX] [77] <0.00 -56.48 -1.41> result: 90.00 102.81 -73.39 0.00 86.2
[22:48:15.401] [ARM-RX] 0 0.00
[22:48:15.401] [ARM-RX] [78] <0.00 -58.11 -1.45> result: 90.00 103.11 -72.89 0.00 86.01 0.00
[22:48:15.401] [ARM-RX] [79] <0.00 -59.75 -1.49> result: 90.00 103.42 -72.40 0.00 85.82 0.00
[22:48:15.404] [ARM-RX] [80] <0.00 -60.00 -1.50> result: 90.00 103.47 -72.32 0.00 85.79 0.00
[22:48:15.405] [ARM-RX] [81] <0.00 -60.00 -1.50> result: 90.00
[22:48:15.434] [ARM-RX] 103.47 -72.32 0.00 85.79 0.00
[22:48:15.434] [ARM-RX] [82] <0.00 -60.00 -1.50> result: 90.00 103.47 -72.32 0.00 85.79 0.00
[22:48:15.434] [ARM-RX] [83] <0.00 -60.00 -1.50> result: 90.00 103.47 -72.32 0.00 85.79 0.00
[22:48:15.435] [ARM-RX] [84] <0.00 -60.00 -1.50> result: 90.00 103.47 -72.32 0.00 85.79 0.00
[22:48:15.435] [ARM-RX] [85] <0.00 -60
[22:48:15.458] [ARM-RX] .00 -1.50> result: 90.00 103.47 -72.32 0.00 85.79 0.00
[22:48:15.458] [ARM-RX] [86] <0.00 -60.00 -1.50> result: 90.00 103.47 -72.32 0.00 85.79 0.00
[22:48:15.458] [ARM-RX] [87] <0.00 -60.00 -1.50> result: 90.00 103.47 -72.32 0.00 85.79 0.00
[22:48:15.458] [ARM-RX] [88] <0.00 -60.00 -1.50> result: 90.00 103.47 -72.32 0.00 85
[22:48:15.480] [ARM-RX] .79 0.00
[22:48:15.480] [ARM-RX] [89] <0.00 -60.00 -1.50> result: 90.00 103.47 -72.32 0.00 85.79 0.00
[22:48:15.480] [ARM-RX] [90] <0.00 -60.00 -1.50> result: 90.00 103.47 -72.32 0.00 85.79 0.00
[22:48:15.481] [ARM-RX] [91] <0.00 -60.00 -1.50> result: 90.00 103.47 -72.32 0.00 85.79 0.00
[22:48:15.481] [ARM-RX] [92] <0.00 -60.00 -1.50> result: 90.
[22:48:15.504] [ARM-RX] 00 103.47 -72.32 0.00 85.79 0.00
[22:48:15.504] [ARM-RX] [93] <0.00 -60.00 -1.50> result: 90.00 103.47 -72.32 0.00 85.79 0.00
[22:48:15.504] [ARM-RX] [94] <0.00 -60.00 -1.50> result: 90.00 103.47 -72.32 0.00 85.79 0.00
[22:48:15.504] [ARM-RX] [95] <0.00 -60.00 -1.50> result: 90.00 103.47 -72.32 0.00 85.79 0.00
[22:48:15.505] [ARM-RX] [96] <0.00 -
[22:48:15.526] [ARM-RX] 60.00 -1.50> result: 90.00 103.47 -72.32 0.00 85.79 0.00
[22:48:15.526] [ARM-RX] [97] <0.00 -60.00 -1.50> result: 90.00 103.47 -72.32 0.00 85.79 0.00
[22:48:15.527] [ARM-RX] [98] <0.00 -60.00 -1.50> result: 90.00 103.47 -72.32 0.00 85.79 0.00
[22:48:15.527] [ARM-RX] [99] <0.00 -60.00 -1.50> result: 90.00 103.47 -72.32 0.00
[22:48:15.551] [ARM-RX] 85.79 0.00
[22:48:15.551] [ARM-RX] [100] <0.00 -60.00 -1.50> result: 90.00 103.47 -72.32 0.00 85.79 0.00
[22:48:15.551] [ARM-RX] [101] <0.00 -60.00 -1.50> result: 90.00 103.47 -72.32 0.00 85.79 0.00
[22:48:15.552] [ARM-RX] [102] <0.00 -60.00 -1.50> result: 90.00 103.47 -72.32 0.00 85.79 0.00
[22:48:15.552] [ARM-RX] [103] <0.00 -60.00 -1.50> resul
[22:48:15.573] [ARM-RX] t: 90.00 103.47 -72.32 0.00 85.79 0.00
[22:48:15.574] [ARM-RX] [104] <0.00 -60.00 -1.50> result: 90.00 103.47 -72.32 0.00 85.79 0.00
[22:48:15.574] [ARM-RX] [105] <0.00 -60.00 -1.50> result: 90.00 103.47 -72.32 0.00 85.79 0.00
[22:48:15.574] [ARM-RX] [106] <0.00 -60.00 -1.50> result: 90.00 103.47 -72.32 0.00 85.79 0.00
[22:48:15.574] [ARM-RX] [10
[22:48:15.595] [ARM-RX] 7] <0.00 -60.00 -1.50> result: 90.00 103.47 -72.32 0.00 85.79 0.00
[22:48:15.595] [ARM-RX] [108] <0.00 -60.00 -1.50> result: 90.00 103.47 -72.32 0.00 85.79 0.00
[22:48:15.596] [ARM-RX] [109] <0.00 -60.00 -1.50> result: 90.00 103.47 -72.32 0.00 85.79 0.00
[22:48:15.596] [ARM-RX] [110] <0.00 -60.00 -1.50> result: 90.00 103.47
[22:48:15.629] [ARM-RX] -72.32 0.00 85.79 0.00
[22:48:15.630] [ARM-RX] [111] <0.00 -60.00 -1.50> result: 90.00 103.47 -72.32 0.00 85.79 0.00
[22:48:15.630] [ARM-RX] [112] <0.00 -60.00 -1.50> result: 90.00 103.47 -72.32 0.00 85.79 0.00
[22:48:15.630] [ARM-RX] [113] <0.00 -60.00 -1.50> result: 90.00 103.47 -72.32 0.00 85.79 0.00
[22:48:15.631] [ARM-RX] [114] <0.00 -60.00
[22:48:15.653] [ARM-RX] -1.50> result: 90.00 103.47 -72.32 0.00 85.79 0.00
[22:48:15.654] [ARM-RX] [115] <0.00 -60.00 -1.50> result: 90.00 103.47 -72.32 0.00 85.79 0.00
[22:48:15.654] [ARM-RX] [116] <0.00 -60.00 -1.50> result: 90.00 103.47 -72.32 0.00 85.79 0.00
[22:48:15.654] [ARM-RX] [117] <0.00 -60.00 -1.50> result: 90.00 103.47 -72.32 0.00 85
[22:48:15.675] [ARM-RX] .79 0.00
[22:48:15.675] [ARM-RX] [118] <0.00 -60.00 -1.50> result: 90.00 103.47 -72.32 0.00 85.79 0.00
[22:48:15.676] [ARM-RX] [119] <0.00 -60.00 -1.50> result: 90.00 103.47 -72.32 0.00 85.79 0.00
[22:48:15.677] [ARM-RX] [120] <0.00 -60.00 -1.50> result: 90.00 103.47 -72.32 0.00 85.79 0.00
[22:48:15.677] [ARM-RX] [121] <0.00 -60.00 -1.50> result:
[22:48:15.698] [ARM-RX] 90.00 103.47 -72.32 0.00 85.79 0.00
[22:48:15.699] [ARM-RX] [122] <0.00 -60.00 -1.50> result: 90.00 103.47 -72.32 0.00 85.79 0.00
[22:48:15.699] [ARM-RX] [123] <0.00 -60.00 -1.50> result: 90.00 103.47 -72.32 0.00 85.79 0.00
[22:48:15.699] [ARM-RX] [124] <0.00 -60.00 -1.50> result: 90.00 103.47 -72.32 0.00 85.79 0.00
[22:48:15.699] [ARM-RX] [125]
[22:48:15.721] [ARM-RX] <0.00 -60.00 -1.50> result: 90.00 103.47 -72.32 0.00 85.79 0.00
[22:48:15.721] [ARM-RX] [126] <0.00 -60.00 -1.50> result: 90.00 103.47 -72.32 0.00 85.79 0.00
[22:48:15.721] [ARM-RX] [127] <0.00 -60.00 -1.50> result: 90.00 103.47 -72.32 0.00 85.79 0.00
[22:48:15.722] [ARM-RX] [128] <0.00 -60.00 -1.50> result: 90.00 103.47 -
[22:48:15.744] [ARM-RX] 72.32 0.00 85.79 0.00
[22:48:15.745] [ARM-RX] [129] <0.00 -60.00 -1.50> result: 90.00 103.47 -72.32 0.00 85.79 0.00
[22:48:15.745] [ARM-RX] [130] <0.00 -60.00 -1.50> result: 90.00 103.47 -72.32 0.00 85.79 0.00
[22:48:15.745] [ARM-RX] [131] <0.00 -60.00 -1.50> result: 90.00 103.47 -72.32 0.00 85.79 0.00
[22:48:15.745] [ARM-RX] [132] <0.00 -60.00 -
[22:48:15.767] [ARM-RX] 1.50> result: 90.00 103.47 -72.32 0.00 85.79 0.00
[22:48:15.767] [ARM-RX] [133] <0.00 -60.00 -1.50> result: 90.00 103.47 -72.32 0.00 85.79 0.00
[22:48:15.768] [ARM-RX] [134] <0.00 -60.00 -1.50> result: 90.00 103.47 -72.32 0.00 85.79 0.00
[22:48:15.768] [ARM-RX] [135] <0.00 -60.00 -1.50> result: 90.00 103.47 -72.32 0.00 85.7
[22:48:15.801] [ARM-RX] 9 0.00
[22:48:15.802] [ARM-RX] [136] <0.00 -60.00 -1.50> result: 90.00 103.47 -72.32 0.00 85.79 0.00
[22:48:15.802] [ARM-RX] [137] <0.00 -60.00 -1.50> result: 90.00 103.47 -72.32 0.00 85.79 0.00
[22:48:15.802] [ARM-RX] [138] <0.00 -60.00 -1.50> result: 90.00 103.47 -72.32 0.00 85.79 0.00
[22:48:15.802] [ARM-RX] [139] <0.00 -60.00 -1.50> result: 9
[22:48:15.825] [ARM-RX] 0.00 103.47 -72.32 0.00 85.79 0.00
[22:48:15.825] [ARM-RX] [140] <0.00 -60.00 -1.50> result: 90.00 103.47 -72.32 0.00 85.79 0.00
[22:48:15.825] [ARM-RX] [141] <0.00 -60.00 -1.50> result: 90.00 103.47 -72.32 0.00 85.79 0.00
[22:48:15.825] [ARM-RX] [142] <0.00 -60.00 -1.50> result: 90.00 103.47 -72.32 0.00 85.79 0.00
[22:48:15.825] [ARM-RX] [143] <
[22:48:15.847] [ARM-RX] 0.00 -60.00 -1.50> result: 90.00 103.47 -72.32 0.00 85.79 0.00
[22:48:15.848] [ARM-RX] [144] <0.00 -60.00 -1.50> result: 90.00 103.47 -72.32 0.00 85.79 0.00
[22:48:15.848] [ARM-RX] [145] <0.00 -60.00 -1.50> result: 90.00 103.47 -72.32 0.00 85.79 0.00
[22:48:15.848] [ARM-RX] [146] <0.00 -60.00 -1.50> result: 90.00 103.47 -72
[22:48:15.870] [ARM-RX] .32 0.00 85.79 0.00
[22:48:15.870] [ARM-RX] [147] <0.00 -60.00 -1.50> result: 90.00 103.47 -72.32 0.00 85.79 0.00
[22:48:15.870] [ARM-RX] [148] <0.00 -60.00 -1.50> result: 90.00 103.47 -72.32 0.00 85.79 0.00
[22:48:15.870] [ARM-RX] [149] <0.00 -60.00 -1.50> result: 90.00 103.47 -72.32 0.00 85.79 0.00
[22:48:15.872] [ARM-RX] [150] <0.00 -60.00 -1.
[22:48:15.894] [ARM-RX] 50> result: 90.00 103.47 -72.32 0.00 85.79 0.00
[22:48:15.894] [ARM-RX] [151] <0.00 -60.00 -1.50> result: 90.00 103.47 -72.32 0.00 85.79 0.00
[22:48:15.894] [ARM-RX] [152] <0.00 -60.00 -1.50> result: 90.00 103.47 -72.32 0.00 85.79 0.00
[22:48:15.894] [ARM-RX] [153] <0.00 -60.00 -1.50> result: 90.00 103.47 -72.32 0.00 85.79
[22:48:15.916] [ARM-RX] 0.00
[22:48:15.916] [ARM-RX] [154] <0.00 -60.00 -1.50> result: 90.00 103.47 -72.32 0.00 85.79 0.00
[22:48:15.916] [ARM-RX] [155] <0.00 -60.00 -1.50> result: 90.00 103.47 -72.32 0.00 85.79 0.00
[22:48:15.916] [ARM-RX] [156] <0.00 -60.00 -1.50> result: 90.00 103.47 -72.32 0.00 85.79 0.00
[22:48:15.918] [ARM-RX] [157] <0.00 -60.00 -1.50> result: 90.
[22:48:15.939] [ARM-RX] 00 103.47 -72.32 0.00 85.79 0.00
[22:48:15.939] [ARM-RX] [158] <0.00 -60.00 -1.50> result: 90.00 103.47 -72.32 0.00 85.79 0.00
[22:48:15.940] [ARM-RX] [159] <0.00 -60.00 -1.50> result: 90.00 103.47 -72.32 0.00 85.79 0.00
[22:48:15.940] [ARM-RX] [160] <0.00 -60.00 -1.50> result: 90.00 103.47 -72.32 0.00 85.79 0.00
[22:48:15.940] [ARM-RX] [161] <0.
[22:48:15.962] [ARM-RX] 00 -60.00 -1.50> result: 90.00 103.47 -72.32 0.00 85.79 0.00
[22:48:15.962] [ARM-RX] [162] <0.00 -60.00 -1.50> result: 90.00 103.47 -72.32 0.00 85.79 0.00
[22:48:15.962] [ARM-RX] [163] <0.00 -60.00 -1.50> result: 90.00 103.47 -72.32 0.00 85.79 0.00
[22:48:15.963] [ARM-RX] [164] <0.00 -60.00 -1.50> result: 90.00 103.47 -72.3
[22:48:15.996] [ARM-RX] 2 0.00 85.79 0.00
[22:48:15.996] [ARM-RX] [165] <0.00 -60.00 -1.50> result: 90.00 103.47 -72.32 0.00 85.79 0.00
[22:48:15.997] [ARM-RX] [166] <0.00 -60.00 -1.50> result: 90.00 103.47 -72.32 0.00 85.79 0.00
[22:48:15.997] [ARM-RX] [167] <0.00 -60.00 -1.50> result: 90.00 103.47 -72.32 0.00 85.79 0.00
[22:48:15.997] [ARM-RX] [168] <0.00 -60.00 -1.50
[22:48:16.019] [ARM-RX] > result: 90.00 103.47 -72.32 0.00 85.79 0.00
[22:48:16.020] [ARM-RX] [169] <0.00 -60.00 -1.50> result: 90.00 103.47 -72.32 0.00 85.79 0.00
[22:48:16.020] [ARM-RX] [170] <0.00 -60.00 -1.50> result: 90.00 103.47 -72.32 0.00 85.79 0.00
[22:48:16.020] [ARM-RX] [171] <0.00 -60.00 -1.50> result: 90.00 103.47 -72.32 0.00 85.79 0.
[22:48:16.042] [ARM-RX] 00
[22:48:16.042] [ARM-RX] [172] <0.00 -60.00 -1.50> result: 90.00 103.47 -72.32 0.00 85.79 0.00
[22:48:16.043] [ARM-RX] [173] <0.00 -60.00 -1.50> result: 90.00 103.47 -72.32 0.00 85.79 0.00
[22:48:16.043] [ARM-RX] [174] <0.00 -60.00 -1.50> result: 90.00 103.47 -72.32 0.00 85.79 0.00
[22:48:16.043] [ARM-RX] [175] <0.00 -60.00 -1.50> result: 90.00
[22:48:16.098] [ARM-RX] 103.47 -72.32 0.00 85.79 0.00
[22:48:16.098] [ARM-RX] [176] <0.00 -60.00 -1.50> result: 90.00 103.47 -72.32 0.00 85.79 0.00
[22:48:18.025] [JETSON-RX] CC 01 01 DD
[22:48:18.025] [ARM-RX] [joint 1] ave_error:0.00
[22:48:18.025] [JETSON-STATUS] READY: CC 01 01 DD
[22:48:18.025] [ARM-RX] [joint 2] ave_error:2.94
[22:48:18.027] [ARM-RX] [joint 3] ave_error:2.47
[22:48:18.028] [DEMO-INFO] 开始发送视觉序列: 30,-20:5;15,-10:5;8,-5:5;0,0:30
[22:48:18.028] [JETSON-TX] VISION dcx=30 dcy=-20: FF 05 03 1E 00 EC FF 11 FE
[22:48:18.028] [ARM-RX] [joint 4] ave_error:0.00
[22:48:18.029] [ARM-RX] [joint 5] ave_error:0.28
[22:48:18.029] [ARM-RX] robot pid run finished!!
[22:48:18.080] [ARM-RX] [JETSON_RX] vision dcx=30 dcy=-20
[22:48:18.080] [ARM-RX] [TARGET] vision state=WAIT_DETECT enabled=1 dcx=30 dcy=-20 stable=0
[22:48:18.081] [ARM-RX] ROBOT_AUTO_EVENT
[22:48:18.081] [ARM-RX] [0] <0.00 -60.00 -1.50> result: 90.00 103.47 -72.32 0.00 85.79 0.00
[22:48:18.081] [ARM-RX] [1] <0.00 -60.00 -1.50> result: 90.00 103.47 -72.32 -0.00 85.79 0.
[22:48:18.103] [ARM-RX] 00
[22:48:18.103] [ARM-RX] [2] <0.01 -60.00 -1.51> result: 90.00 103.47 -72.32 -0.00 85.79 0.00
[22:48:18.103] [ARM-RX] [3] <0.02 -60.00 -1.52> result: 90.01 103.48 -72.32 -0.01 85.80 0.00
[22:48:18.103] [ARM-RX] [4] <0.05 -60.00 -1.55> result: 90.02 103.49 -72.32 -0.02 85.81 0.00
[22:48:18.105] [ARM-RX] [5] <0.08 -60.00 -1.58> result: 90.04 103.
[22:48:18.126] [ARM-RX] 51 -72.32 -0.04 85.83 0.00
[22:48:18.126] [ARM-RX] [6] <0.14 -60.00 -1.64> result: 90.07 103.54 -72.33 -0.07 85.86 0.00
[22:48:18.126] [ARM-RX] [7] <0.21 -60.00 -1.71> result: 90.11 103.57 -72.33 -0.11 85.90 0.00
[22:48:18.126] [ARM-RX] [8] <0.29 -60.00 -1.79> result: 90.16 103.62 -72.33 -0.16 85.95 0.00
[22:48:18.128] [ARM-RX] [9] <0.40 -60.00 -
[22:48:18.149] [ARM-RX] 1.90> result: 90.21 103.67 -72.34 -0.22 86.01 0.00
[22:48:18.149] [ARM-RX] [10] <0.53 -60.00 -2.03> result: 90.28 103.74 -72.34 -0.28 86.08 0.00
[22:48:18.149] [ARM-RX] [11] <0.68 -60.00 -2.18> result: 90.36 103.82 -72.35 -0.36 86.16 0.00
[22:48:18.149] [ARM-RX] [12] <0.86 -60.00 -2.36> result: 90.46 103.90 -72.35 -0.46 86.
[22:48:18.173] [ARM-RX] 26 0.00
[22:48:18.173] [ARM-RX] [13] <1.05 -60.00 -2.55> result: 90.56 104.00 -72.36 -0.56 86.36 0.00
[22:48:18.173] [ARM-RX] [14] <1.26 -60.00 -2.76> result: 90.67 104.11 -72.37 -0.67 86.48 0.00
[22:48:18.173] [ARM-RX] [15] <1.49 -60.00 -2.99> result: 90.79 104.23 -72.37 -0.79 86.60 0.00
[22:48:18.173] [ARM-RX] [16] <1.74 -60.00 -3.24> result: 9
[22:48:18.195] [ARM-RX] 0.92 104.36 -72.38 -0.93 86.74 0.00
[22:48:18.196] [ARM-RX] [17] <2.00 -60.00 -3.50> result: 91.06 104.49 -72.39 -1.06 86.88 0.00
[22:48:18.196] [ARM-RX] [18] <2.27 -60.00 -3.77> result: 91.21 104.63 -72.40 -1.21 87.03 0.00
[22:48:18.196] [ARM-RX] [19] <2.50 -60.00 -4.00> result: 91.33 104.75 -72.40 -1.33 87.15 0.00
[22:48:18.196] [ARM-RX] [20] <
[22:48:18.229] [JETSON-TX] VISION dcx=30 dcy=-20: FF 05 03 1E 00 EC FF 11 FE
[22:48:18.231] [ARM-RX] 2.50 -60.00 -4.00> result: 91.33 104.75 -72.40 -1.33 87.15 0.00
[22:48:18.231] [ARM-RX] [21] <2.50 -60.00 -4.00> result: 91.33 104.75 -72.40 -1.33 87.15 0.00
[22:48:18.231] [ARM-RX] [22] <2.50 -60.00 -4.00> result: 91.33 104.75 -72.40 -1.33 87.15 0.00
[22:48:18.231] [ARM-RX] [23] <2.50 -60.00 -4.00> result: 91.33 104.75 -72
[22:48:18.253] [ARM-RX] .40 -1.33 87.15 0.00
[22:48:18.254] [ARM-RX] [24] <2.50 -60.00 -4.00> result: 91.33 104.75 -72.40 -1.33 87.15 0.00
[22:48:18.254] [ARM-RX] [25] <2.50 -60.00 -4.00> result: 91.33 104.75 -72.40 -1.33 87.15 0.00
[22:48:18.254] [ARM-RX] [26] <2.50 -60.00 -4.00> result: 91.33 104.75 -72.40 -1.33 87.15 0.00
[22:48:18.254] [ARM-RX] [27] <2.50 -60.00 -4.
[22:48:18.277] [ARM-RX] 00> result: 91.33 104.75 -72.40 -1.33 87.15 0.00
[22:48:18.277] [ARM-RX] [28] <2.50 -60.00 -4.00> result: 91.33 104.75 -72.40 -1.33 87.15 0.00
[22:48:18.278] [ARM-RX] [29] <2.50 -60.00 -4.00> result: 91.33 104.75 -72.40 -1.33 87.15 0.00
[22:48:18.278] [ARM-RX] [30] <2.50 -60.00 -4.00> result: 91.33 104.75 -72.40 -1.33 87.15
[22:48:18.300] [ARM-RX] 0.00
[22:48:18.300] [ARM-RX] [31] <2.50 -60.00 -4.00> result: 91.33 104.75 -72.40 -1.33 87.15 0.00
[22:48:18.300] [ARM-RX] [32] <2.50 -60.00 -4.00> result: 91.33 104.75 -72.40 -1.33 87.15 0.00
[22:48:18.300] [ARM-RX] [33] <2.50 -60.00 -4.00> result: 91.33 104.75 -72.40 -1.33 87.15 0.00
[22:48:18.300] [ARM-RX] [34] <2.50 -60.00 -4.00> result: 91.
[22:48:18.323] [ARM-RX] 33 104.75 -72.40 -1.33 87.15 0.00
[22:48:18.324] [ARM-RX] [35] <2.50 -60.00 -4.00> result: 91.33 104.75 -72.40 -1.33 87.15 0.00
[22:48:18.324] [ARM-RX] [36] <2.50 -60.00 -4.00> result: 91.33 104.75 -72.40 -1.33 87.15 0.00
[22:48:18.324] [ARM-RX] [37] <2.50 -60.00 -4.00> result: 91.33 104.75 -72.40 -1.33 87.15 0.00
[22:48:18.324] [ARM-RX] [38] <2.
[22:48:18.346] [ARM-RX] 50 -60.00 -4.00> result: 91.33 104.75 -72.40 -1.33 87.15 0.00
[22:48:18.347] [ARM-RX] [39] <2.50 -60.00 -4.00> result: 91.33 104.75 -72.40 -1.33 87.15 0.00
[22:48:18.347] [ARM-RX] [40] <2.50 -60.00 -4.00> result: 91.33 104.75 -72.40 -1.33 87.15 0.00
[22:48:18.347] [ARM-RX] [41] <2.50 -60.00 -4.00> result: 91.33 104.75 -72.4
[22:48:18.400] [ARM-RX] 0 -1.33 87.15 0.00
[22:48:18.400] [ARM-RX] [42] <2.50 -60.00 -4.00> result: 91.33 104.75 -72.40 -1.33 87.15 0.00
[22:48:18.400] [ARM-RX] [43] <2.50 -60.00 -4.00> result: 91.33 104.75 -72.40 -1.33 87.15 0.00
[22:48:18.400] [ARM-RX] [TARGET] vision state=ALIGN enabled=1 dcx=30 dcy=-20 stable=0
[22:48:18.431] [JETSON-TX] VISION dcx=30 dcy=-20: FF 05 03 1E 00 EC FF 11 FE
[22:48:18.462] [ARM-RX] [JETSON_RX] vision dcx=30 dcy=-20
[22:48:18.462] [ARM-RX] [TARGET] vision state=ALIGN enabled=1 dcx=30 dcy=-20 stable=0
[22:48:18.633] [JETSON-TX] VISION dcx=30 dcy=-20: FF 05 03 1E 00 EC FF 11 FE
[22:48:18.713] [ARM-RX] [JETSON_RX] vision dcx=30 dcy=-20
[22:48:18.713] [ARM-RX] [TARGET] vision state=ALIGN enabled=1 dcx=30 dcy=-20 stable=0
[22:48:18.834] [JETSON-TX] VISION dcx=30 dcy=-20: FF 05 03 1E 00 EC FF 11 FE
[22:48:18.899] [ARM-RX] [JETSON_RX] vision dcx=30 dcy=-20
[22:48:18.899] [ARM-RX] [TARGET] vision state=ALIGN enabled=1 dcx=30 dcy=-20 stable=0
[22:48:18.961] [ARM-RX] [joint 1] ave_error:0.32
[22:48:18.961] [ARM-RX] [joint 2] ave_error:1.24
[22:48:18.961] [ARM-RX] [joint 3] ave_error:0.28
[22:48:18.961] [ARM-RX] [joint 4] ave_error:0.33
[22:48:18.962] [ARM-RX] [joint 5] ave_error:0.21
[22:48:18.962] [ARM-RX] robot pid run finished!!
[22:48:18.987] [ARM-RX] ROBOT_AUTO_EVENT
[22:48:18.988] [ARM-RX] [0] <2.50 -60.00 -4.00> result: 91.33 104.75 -72.40 -1.33 87.15 0.00
[22:48:18.988] [ARM-RX] [1] <2.50 -60.00 -4.00> result: 91.33 104.75 -72.40 -1.33 87.16 0.00
[22:48:18.988] [ARM-RX] [2] <2.51 -60.00 -4.01> result: 91.33 104.76 -72.40 -1.34 87.16 0.00
[22:48:18.988] [ARM-RX] [3] <2.52 -60.00 -4.02> resul
[22:48:19.010] [ARM-RX] t: 91.34 104.76 -72.40 -1.34 87.17 0.00
[22:48:19.011] [ARM-RX] [4] <2.55 -60.00 -4.05> result: 91.35 104.78 -72.40 -1.36 87.18 0.00
[22:48:19.011] [ARM-RX] [5] <2.58 -60.00 -4.08> result: 91.37 104.79 -72.40 -1.38 87.20 0.00
[22:48:19.011] [ARM-RX] [6] <2.64 -60.00 -4.14> result: 91.40 104.82 -72.41 -1.40 87.23 0.00
[22:48:19.011] [ARM-RX] [7] <
[22:48:19.033] [ARM-RX] 2.71 -60.00 -4.21> result: 91.44 104.86 -72.41 -1.44 87.27 0.00
[22:48:19.034] [ARM-RX] [8] <2.79 -60.00 -4.29> result: 91.49 104.90 -72.41 -1.49 87.31 0.00
[22:48:19.034] [ARM-RX] [9] <2.90 -60.00 -4.40> result: 91.55 104.96 -72.41 -1.55 87.37 0.00
[22:48:19.034] [ARM-RX] [10] <3.03 -60.00 -4.53> result: 91.61 105.03 -72.4
[22:48:19.035] [JETSON-TX] VISION dcx=15 dcy=-10: FF 05 03 0F 00 F6 FF 0C FE
[22:48:19.056] [ARM-RX] 1 -1.62 87.44 0.00
[22:48:19.057] [ARM-RX] [11] <3.18 -60.00 -4.68> result: 91.69 105.11 -72.42 -1.70 87.53 0.00
[22:48:19.057] [ARM-RX] [12] <3.36 -60.00 -4.86> result: 91.79 105.20 -72.42 -1.79 87.62 0.00
[22:48:19.057] [ARM-RX] [13] <3.55 -60.00 -5.05> result: 91.89 105.30 -72.43 -1.89 87.72 0.00
[22:48:19.057] [ARM-RX] [14] <3.76 -60.00 -5.26
[22:48:19.079] [ARM-RX] > result: 92.00 105.41 -72.43 -2.00 87.84 0.00
[22:48:19.079] [ARM-RX] [15] <3.99 -60.00 -5.49> result: 92.12 105.53 -72.43 -2.12 87.96 0.00
[22:48:19.079] [ARM-RX] [16] <4.24 -60.00 -5.74> result: 92.25 105.66 -72.44 -2.26 88.10 0.00
[22:48:19.080] [ARM-RX] [17] <4.50 -60.00 -6.00> result: 92.39 105.79 -72.44 -2.39 88.24 0
[22:48:19.102] [ARM-RX] .00
[22:48:19.102] [ARM-RX] [18] <4.77 -60.00 -6.27> result: 92.54 105.94 -72.45 -2.54 88.38 0.00
[22:48:19.102] [ARM-RX] [19] <5.00 -60.00 -6.50> result: 92.66 106.06 -72.45 -2.66 88.51 0.00
[22:48:19.103] [ARM-RX] [20] <5.00 -60.00 -6.50> result: 92.66 106.06 -72.45 -2.66 88.51 0.00
[22:48:19.103] [ARM-RX] [21] <5.00 -60.00 -6.50> result: 92.66
[22:48:19.127] [ARM-RX] 106.06 -72.45 -2.66 88.51 0.00
[22:48:19.127] [ARM-RX] [22] <5.00 -60.00 -6.50> result: 92.66 106.06 -72.45 -2.66 88.51 0.00
[22:48:19.127] [ARM-RX] [23] <5.00 -60.00 -6.50> result: 92.66 106.06 -72.45 -2.66 88.51 0.00
[22:48:19.127] [ARM-RX] [24] <5.00 -60.00 -6.50> result: 92.66 106.06 -72.45 -2.66 88.51 0.00
[22:48:19.127] [ARM-RX] [25] <5.00
[22:48:19.160] [ARM-RX] -60.00 -6.50> result: 92.66 106.06 -72.45 -2.66 88.51 0.00
[22:48:19.161] [ARM-RX] [26] <5.00 -60.00 -6.50> result: 92.66 106.06 -72.45 -2.66 88.51 0.00
[22:48:19.161] [ARM-RX] [27] <5.00 -60.00 -6.50> result: 92.66 106.06 -72.45 -2.66 88.51 0.00
[22:48:19.161] [ARM-RX] [28] <5.00 -60.00 -6.50> result: 92.66 106.06 -72.45
[22:48:19.185] [ARM-RX] -2.66 88.51 0.00
[22:48:19.185] [ARM-RX] [29] <5.00 -60.00 -6.50> result: 92.66 106.06 -72.45 -2.66 88.51 0.00
[22:48:19.186] [ARM-RX] [30] <5.00 -60.00 -6.50> result: 92.66 106.06 -72.45 -2.66 88.51 0.00
[22:48:19.186] [ARM-RX] [31] <5.00 -60.00 -6.50> result: 92.66 106.06 -72.45 -2.66 88.51 0.00
[22:48:19.186] [ARM-RX] [32] <5.00 -60.00 -6.50>
[22:48:19.207] [ARM-RX] result: 92.66 106.06 -72.45 -2.66 88.51 0.00
[22:48:19.207] [ARM-RX] [33] <5.00 -60.00 -6.50> result: 92.66 106.06 -72.45 -2.66 88.51 0.00
[22:48:19.207] [ARM-RX] [34] <5.00 -60.00 -6.50> result: 92.66 106.06 -72.45 -2.66 88.51 0.00
[22:48:19.208] [ARM-RX] [35] <5.00 -60.00 -6.50> result: 92.66 106.06 -72.45 -2.66 88.51 0.0
[22:48:19.230] [ARM-RX] 0
[22:48:19.231] [ARM-RX] [36] <5.00 -60.00 -6.50> result: 92.66 106.06 -72.45 -2.66 88.51 0.00
[22:48:19.231] [ARM-RX] [37] <5.00 -60.00 -6.50> result: 92.66 106.06 -72.45 -2.66 88.51 0.00
[22:48:19.231] [ARM-RX] [38] <5.00 -60.00 -6.50> result: 92.66 106.06 -72.45 -2.66 88.51 0.00
[22:48:19.231] [ARM-RX] [39] <5.00 -60.00 -6.50> result: 92.66 1
[22:48:19.235] [JETSON-TX] VISION dcx=15 dcy=-10: FF 05 03 0F 00 F6 FF 0C FE
[22:48:19.253] [ARM-RX] 06.06 -72.45 -2.66 88.51 0.00
[22:48:19.253] [ARM-RX] [40] <5.00 -60.00 -6.50> result: 92.66 106.06 -72.45 -2.66 88.51 0.00
[22:48:19.253] [ARM-RX] [41] <5.00 -60.00 -6.50> result: 92.66 106.06 -72.45 -2.66 88.51 0.00
[22:48:19.253] [ARM-RX] [42] <5.00 -60.00 -6.50> result: 92.66 106.06 -72.45 -2.66 88.51 0.00
[22:48:19.253] [ARM-RX] [43] <5.00 -
[22:48:19.321] [ARM-RX] 60.00 -6.50> result: 92.66 106.06 -72.45 -2.66 88.51 0.00
[22:48:19.321] [ARM-RX] [TARGET] vision state=ALIGN enabled=1 dcx=15 dcy=-10 stable=0
[22:48:19.321] [ARM-RX] [JETSON_RX] vision dcx=15 dcy=-10
[22:48:19.321] [ARM-RX] [TARGET] vision state=ALIGN enabled=1 dcx=15 dcy=-10 stable=0
[22:48:19.436] [JETSON-TX] VISION dcx=15 dcy=-10: FF 05 03 0F 00 F6 FF 0C FE
[22:48:19.504] [ARM-RX] [JETSON_RX] vision dcx=15 dcy=-10
[22:48:19.504] [ARM-RX] [TARGET] vision state=ALIGN enabled=1 dcx=15 dcy=-10 stable=0
[22:48:19.637] [JETSON-TX] VISION dcx=15 dcy=-10: FF 05 03 0F 00 F6 FF 0C FE
[22:48:19.691] [ARM-RX] [JETSON_RX] vision dcx=15 dcy=-10
[22:48:19.691] [ARM-RX] [TARGET] vision state=ALIGN enabled=1 dcx=15 dcy=-10 stable=0
[22:48:19.815] [ARM-RX] [joint 1] ave_error:0.48
[22:48:19.815] [ARM-RX] [joint 2] ave_error:0.43
[22:48:19.815] [ARM-RX] [joint 3] ave_error:0.08
[22:48:19.815] [ARM-RX] [joint 4] ave_error:0.42
[22:48:19.817] [ARM-RX] [joint 5] ave_error:0.17
[22:48:19.817] [ARM-RX] robot pid run finished!!
[22:48:19.838] [JETSON-TX] VISION dcx=15 dcy=-10: FF 05 03 0F 00 F6 FF 0C FE
[22:48:19.878] [ARM-RX] [JETSON_RX] vision dcx=15 dcy=-10
[22:48:19.881] [ARM-RX] [TARGET] vision state=ALIGN enabled=1 dcx=15 dcy=-10 stable=0
[22:48:19.881] [ARM-RX] ROBOT_AUTO_EVENT
[22:48:19.881] [ARM-RX] [0] <5.00 -60.00 -6.50> result: 92.66 106.06 -72.45 -2.66 88.51 0.00
[22:48:19.882] [ARM-RX] [1] <5.00 -60.00 -6.50> result: 92.66 106.06 -72.45 -2.
[22:48:19.904] [ARM-RX] 66 88.51 0.00
[22:48:19.906] [ARM-RX] [2] <5.01 -60.00 -6.51> result: 92.67 106.07 -72.45 -2.67 88.52 0.00
[22:48:19.906] [ARM-RX] [3] <5.04 -60.00 -6.54> result: 92.68 106.08 -72.45 -2.68 88.53 0.00
[22:48:19.906] [ARM-RX] [4] <5.08 -60.00 -6.58> result: 92.70 106.10 -72.45 -2.70 88.55 0.00
[22:48:19.906] [ARM-RX] [5] <5.14 -60.00 -6.64> result:
[22:48:19.927] [ARM-RX] 92.73 106.13 -72.45 -2.73 88.58 0.00
[22:48:19.927] [ARM-RX] [6] <5.22 -60.00 -6.72> result: 92.78 106.17 -72.45 -2.78 88.63 0.00
[22:48:19.928] [ARM-RX] [7] <5.32 -60.00 -6.82> result: 92.83 106.23 -72.45 -2.83 88.68 0.00
[22:48:19.928] [ARM-RX] [8] <5.44 -60.00 -6.94> result: 92.89 106.29 -72.45 -2.89 88.74 0.00
[22:48:19.928] [ARM-RX] [9] <5.
[22:48:19.950] [ARM-RX] 58 -60.00 -7.08> result: 92.97 106.36 -72.45 -2.97 88.82 0.00
[22:48:19.951] [ARM-RX] [10] <5.73 -60.00 -7.23> result: 93.05 106.44 -72.45 -3.05 88.90 0.00
[22:48:19.951] [ARM-RX] [11] <5.80 -60.00 -7.30> result: 93.08 106.48 -72.46 -3.09 88.94 0.00
[22:48:19.951] [ARM-RX] [12] <5.80 -60.00 -7.30> result: 93.08 106.48 -72.4
[22:48:19.976] [ARM-RX] 6 -3.09 88.94 0.00
[22:48:19.976] [ARM-RX] [13] <5.80 -60.00 -7.30> result: 93.08 106.48 -72.46 -3.09 88.94 0.00
[22:48:19.976] [ARM-RX] [14] <5.80 -60.00 -7.30> result: 93.08 106.48 -72.46 -3.09 88.94 0.00
[22:48:19.977] [ARM-RX] [15] <5.80 -60.00 -7.30> result: 93.08 106.48 -72.46 -3.09 88.94 0.00
[22:48:19.977] [ARM-RX] [16] <5.80 -60.00 -7.30
[22:48:19.996] [ARM-RX] > result: 93.08 106.48 -72.46 -3.09 88.94 0.00
[22:48:19.997] [ARM-RX] [17] <5.80 -60.00 -7.30> result: 93.08 106.48 -72.46 -3.09 88.94 0.00
[22:48:19.997] [ARM-RX] [18] <5.80 -60.00 -7.30> result: 93.08 106.48 -72.46 -3.09 88.94 0.00
[22:48:19.997] [ARM-RX] [19] <5.80 -60.00 -7.30> result: 93.08 106.48 -72.46 -3.09 88.94 0
[22:48:20.020] [ARM-RX] .00
[22:48:20.020] [ARM-RX] [20] <5.80 -60.00 -7.30> result: 93.08 106.48 -72.46 -3.09 88.94 0.00
[22:48:20.020] [ARM-RX] [21] <5.80 -60.00 -7.30> result: 93.08 106.48 -72.46 -3.09 88.94 0.00
[22:48:20.020] [ARM-RX] [22] <5.80 -60.00 -7.30> result: 93.08 106.48 -72.46 -3.09 88.94 0.00
[22:48:20.021] [ARM-RX] [23] <5.80 -60.00 -7.30> result: 93.08
[22:48:20.039] [JETSON-TX] VISION dcx=8 dcy=-5: FF 05 03 08 00 FB FF 0A FE
[22:48:20.082] [ARM-RX] 106.48 -72.46 -3.09 88.94 0.00
[22:48:20.082] [ARM-RX] [24] <5.80 -60.00 -7.30> result: 93.08 106.48 -72.46 -3.09 88.94 0.00
[22:48:20.082] [ARM-RX] [JETSON_RX] vision dcx=8 dcy=-5
[22:48:20.082] [ARM-RX] [TARGET] vision state=ALIGN enabled=1 dcx=8 dcy=-5 stable=0
[22:48:20.240] [JETSON-TX] VISION dcx=8 dcy=-5: FF 05 03 08 00 FB FF 0A FE
[22:48:20.268] [ARM-RX] [JETSON_RX] vision dcx=8 dcy=-5
[22:48:20.271] [ARM-RX] [TARGET] vision state=ALIGN enabled=1 dcx=8 dcy=-5 stable=0
[22:48:20.392] [ARM-RX] [joint 1] ave_error:0.41
[22:48:20.392] [ARM-RX] [joint 2] ave_error:0.42
[22:48:20.392] [ARM-RX] [joint 3] ave_error:0.04
[22:48:20.392] [ARM-RX] [joint 4] ave_error:0.28
[22:48:20.393] [ARM-RX] [joint 5] ave_error:0.05
[22:48:20.393] [ARM-RX] robot pid run finished!!
[22:48:20.441] [JETSON-TX] VISION dcx=8 dcy=-5: FF 05 03 08 00 FB FF 0A FE
[22:48:20.456] [ARM-RX] ROBOT_AUTO_EVENT
[22:48:20.456] [ARM-RX] [0] <5.80 -60.00 -7.30> result: 93.08 106.48 -72.46 -3.09 88.94 0.00
[22:48:20.456] [ARM-RX] [1] <5.80 -60.00 -7.30> result: 93.09 106.48 -72.46 -3.09 88.94 0.00
[22:48:20.459] [ARM-RX] [2] <5.81 -60.00 -7.31> result: 93.09 106.49 -72.46 -3.09 88.94 0.00
[22:48:20.459] [ARM-RX] [3] <5.84 -60
[22:48:20.485] [ARM-RX] .00 -7.34> result: 93.10 106.50 -72.46 -3.10 88.96 0.00
[22:48:20.485] [ARM-RX] [4] <5.88 -60.00 -7.38> result: 93.13 106.52 -72.46 -3.13 88.98 0.00
[22:48:20.486] [ARM-RX] [5] <5.94 -60.00 -7.44> result: 93.16 106.55 -72.46 -3.16 89.01 0.00
[22:48:20.486] [ARM-RX] [6] <6.02 -60.00 -7.52> result: 93.20 106.60 -72.46 -3.20 8
[22:48:20.507] [ARM-RX] 9.05 0.00
[22:48:20.508] [ARM-RX] [7] <6.12 -60.00 -7.62> result: 93.25 106.65 -72.46 -3.25 89.11 0.00
[22:48:20.508] [ARM-RX] [8] <6.24 -60.00 -7.74> result: 93.32 106.71 -72.46 -3.32 89.17 0.00
[22:48:20.508] [ARM-RX] [9] <6.38 -60.00 -7.88> result: 93.39 106.79 -72.46 -3.39 89.25 0.00
[22:48:20.508] [ARM-RX] [10] <6.53 -60.00 -8.03> result: 93
[22:48:20.531] [ARM-RX] .47 106.87 -72.46 -3.47 89.33 0.00
[22:48:20.532] [ARM-RX] [11] <6.60 -60.00 -8.10> result: 93.51 106.90 -72.46 -3.51 89.36 0.00
[22:48:20.532] [ARM-RX] [12] <6.60 -60.00 -8.10> result: 93.51 106.90 -72.46 -3.51 89.36 0.00
[22:48:20.532] [ARM-RX] [13] <6.60 -60.00 -8.10> result: 93.51 106.90 -72.46 -3.51 89.36 0.00
[22:48:20.532] [ARM-RX] [14] <6
[22:48:20.553] [ARM-RX] .60 -60.00 -8.10> result: 93.51 106.90 -72.46 -3.51 89.36 0.00
[22:48:20.553] [ARM-RX] [15] <6.60 -60.00 -8.10> result: 93.51 106.90 -72.46 -3.51 89.36 0.00
[22:48:20.553] [ARM-RX] [16] <6.60 -60.00 -8.10> result: 93.51 106.90 -72.46 -3.51 89.36 0.00
[22:48:20.555] [ARM-RX] [17] <6.60 -60.00 -8.10> result: 93.51 106.90 -72.
[22:48:20.577] [ARM-RX] 46 -3.51 89.36 0.00
[22:48:20.578] [ARM-RX] [18] <6.60 -60.00 -8.10> result: 93.51 106.90 -72.46 -3.51 89.36 0.00
[22:48:20.578] [ARM-RX] [19] <6.60 -60.00 -8.10> result: 93.51 106.90 -72.46 -3.51 89.36 0.00
[22:48:20.578] [ARM-RX] [20] <6.60 -60.00 -8.10> result: 93.51 106.90 -72.46 -3.51 89.36 0.00
[22:48:20.578] [ARM-RX] [21] <6.60 -60.00 -8.1
[22:48:20.599] [ARM-RX] 0> result: 93.51 106.90 -72.46 -3.51 89.36 0.00
[22:48:20.600] [ARM-RX] [22] <6.60 -60.00 -8.10> result: 93.51 106.90 -72.46 -3.51 89.36 0.00
[22:48:20.600] [ARM-RX] [23] <6.60 -60.00 -8.10> result: 93.51 106.90 -72.46 -3.51 89.36 0.00
[22:48:20.600] [ARM-RX] [24] <6.60 -60.00 -8.10> result: 93.51 106.90 -72.46 -3.51 89.36
[22:48:20.643] [JETSON-TX] VISION dcx=8 dcy=-5: FF 05 03 08 00 FB FF 0A FE
[22:48:20.656] [ARM-RX] 0.00
[22:48:20.658] [ARM-RX] [JETSON_RX] vision dcx=8 dcy=-5
[22:48:20.658] [ARM-RX] [TARGET] vision state=ALIGN enabled=1 dcx=8 dcy=-5 stable=0
[22:48:20.718] [ARM-RX] [JETSON_RX] vision dcx=8 dcy=-5
[22:48:20.718] [ARM-RX] [TARGET] vision state=ALIGN enabled=1 dcx=8 dcy=-5 stable=0
[22:48:20.844] [JETSON-TX] VISION dcx=8 dcy=-5: FF 05 03 08 00 FB FF 0A FE
[22:48:20.904] [ARM-RX] [JETSON_RX] vision dcx=8 dcy=-5
[22:48:20.904] [ARM-RX] [TARGET] vision state=ALIGN enabled=1 dcx=8 dcy=-5 stable=0
[22:48:20.966] [ARM-RX] [joint 1] ave_error:0.40
[22:48:20.966] [ARM-RX] [joint 2] ave_error:0.44
[22:48:20.966] [ARM-RX] [joint 3] ave_error:0.03
[22:48:20.966] [ARM-RX] [joint 4] ave_error:0.23
[22:48:20.968] [ARM-RX] [joint 5] ave_error:0.05
[22:48:20.968] [ARM-RX] robot pid run finished!!
[22:48:21.029] [ARM-RX] ROBOT_AUTO_EVENT
[22:48:21.030] [ARM-RX] [0] <6.60 -60.00 -8.10> result: 93.51 106.90 -72.46 -3.51 89.36 0.00
[22:48:21.030] [ARM-RX] [1] <6.60 -60.00 -8.10> result: 93.51 106.91 -72.46 -3.51 89.37 0.00
[22:48:21.030] [ARM-RX] [2] <6.61 -60.00 -8.11> result: 93.52 106.91 -72.46 -3.52 89.37 0.00
[22:48:21.030] [ARM-RX] [3] <6.64 -60
[22:48:21.045] [JETSON-TX] VISION dcx=0 dcy=0: FF 05 03 00 00 00 00 08 FE
[22:48:21.060] [ARM-RX] .00 -8.14> result: 93.53 106.92 -72.46 -3.53 89.38 0.00
[22:48:21.060] [ARM-RX] [4] <6.68 -60.00 -8.18> result: 93.55 106.94 -72.46 -3.55 89.41 0.00
[22:48:21.061] [ARM-RX] [5] <6.74 -60.00 -8.24> result: 93.58 106.98 -72.46 -3.58 89.44 0.00
[22:48:21.061] [ARM-RX] [6] <6.82 -60.00 -8.32> result: 93.62 107.02 -72.46 -3.62 8
[22:48:21.083] [ARM-RX] 9.48 0.00
[22:48:21.083] [ARM-RX] [7] <6.92 -60.00 -8.42> result: 93.68 107.07 -72.46 -3.68 89.53 0.00
[22:48:21.084] [ARM-RX] [8] <7.04 -60.00 -8.54> result: 93.74 107.14 -72.46 -3.74 89.60 0.00
[22:48:21.084] [ARM-RX] [9] <7.18 -60.00 -8.68> result: 93.82 107.21 -72.46 -3.82 89.67 0.00
[22:48:21.084] [ARM-RX] [10] <7.33 -60.00 -8.83> result: 93
[22:48:21.106] [ARM-RX] .90 107.29 -72.46 -3.90 89.75 0.00
[22:48:21.106] [ARM-RX] [11] <7.40 -60.00 -8.90> result: 93.93 107.33 -72.46 -3.93 89.79 0.00
[22:48:21.107] [ARM-RX] [12] <7.40 -60.00 -8.90> result: 93.93 107.33 -72.46 -3.93 89.79 0.00
[22:48:21.107] [ARM-RX] [13] <7.40 -60.00 -8.90> result: 93.93 107.33 -72.46 -3.93 89.79 0.00
[22:48:21.107] [ARM-RX] [14] <7
[22:48:21.131] [ARM-RX] .40 -60.00 -8.90> result: 93.93 107.33 -72.46 -3.93 89.79 0.00
[22:48:21.131] [ARM-RX] [15] <7.40 -60.00 -8.90> result: 93.93 107.33 -72.46 -3.93 89.79 0.00
[22:48:21.131] [ARM-RX] [16] <7.40 -60.00 -8.90> result: 93.93 107.33 -72.46 -3.93 89.79 0.00
[22:48:21.131] [ARM-RX] [17] <7.40 -60.00 -8.90> result: 93.93 107.33 -72.
[22:48:21.152] [ARM-RX] 46 -3.93 89.79 0.00
[22:48:21.153] [ARM-RX] [18] <7.40 -60.00 -8.90> result: 93.93 107.33 -72.46 -3.93 89.79 0.00
[22:48:21.153] [ARM-RX] [19] <7.40 -60.00 -8.90> result: 93.93 107.33 -72.46 -3.93 89.79 0.00
[22:48:21.153] [ARM-RX] [20] <7.40 -60.00 -8.90> result: 93.93 107.33 -72.46 -3.93 89.79 0.00
[22:48:21.153] [ARM-RX] [21] <7.40 -60.00 -8.9
[22:48:21.174] [ARM-RX] 0> result: 93.93 107.33 -72.46 -3.93 89.79 0.00
[22:48:21.174] [ARM-RX] [22] <7.40 -60.00 -8.90> result: 93.93 107.33 -72.46 -3.93 89.79 0.00
[22:48:21.174] [ARM-RX] [23] <7.40 -60.00 -8.90> result: 93.93 107.33 -72.46 -3.93 89.79 0.00
[22:48:21.175] [ARM-RX] [24] <7.40 -60.00 -8.90> result: 93.93 107.33 -72.46 -3.93 89.79
[22:48:21.232] [ARM-RX] 0.00
[22:48:21.234] [ARM-RX] [JETSON_RX] vision dcx=0 dcy=0
[22:48:21.234] [ARM-RX] [TARGET] vision state=ALIGN enabled=1 dcx=0 dcy=0 stable=0
[22:48:21.246] [JETSON-TX] VISION dcx=0 dcy=0: FF 05 03 00 00 00 00 08 FE
[22:48:21.295] [ARM-RX] [JETSON_RX] vision dcx=0 dcy=0
[22:48:21.295] [ARM-RX] [TARGET] vision state=ALIGN enabled=1 dcx=0 dcy=0 stable=1
[22:48:21.447] [JETSON-TX] VISION dcx=0 dcy=0: FF 05 03 00 00 00 00 08 FE
[22:48:21.481] [ARM-RX] [JETSON_RX] vision dcx=0 dcy=0
[22:48:21.481] [ARM-RX] [TARGET] vision state=ALIGN enabled=1 dcx=0 dcy=0 stable=2
[22:48:21.528] [JETSON-RX] CC 02 01 DD
[22:48:21.528] [JETSON-STATUS] ALIGN_DONE: CC 02 01 DD
[22:48:21.528] [DEMO-ACTION] 已对准：请按住 P000 KEY 允许激光输出。
[22:48:21.544] [ARM-RX] [joint 1] ave_error:0.40
[22:48:21.544] [ARM-RX] [joint 2] ave_error:0.46
[22:48:21.544] [ARM-RX] [joint 3] ave_error:0.03
[22:48:21.545] [ARM-RX] [joint 4] ave_error:0.20
[22:48:21.545] [ARM-RX] [joint 5] ave_error:0.06
[22:48:21.545] [ARM-RX] robot pid run finished!!
[22:48:21.648] [JETSON-TX] VISION dcx=0 dcy=0: FF 05 03 00 00 00 00 08 FE
[22:48:21.670] [ARM-RX] [JETSON_RX] vision dcx=0 dcy=0
[22:48:21.670] [ARM-RX] [TARGET] vision state=CONFIRM enabled=1 dcx=0 dcy=0 stable=0
[22:48:21.849] [JETSON-TX] VISION dcx=0 dcy=0: FF 05 03 00 00 00 00 08 FE
[22:48:21.918] [ARM-RX] [JETSON_RX] vision dcx=0 dcy=0
[22:48:21.918] [ARM-RX] [TARGET] vision state=CONFIRM enabled=1 dcx=0 dcy=0 stable=0
[22:48:22.050] [JETSON-TX] VISION dcx=0 dcy=0: FF 05 03 00 00 00 00 08 FE
[22:48:22.105] [ARM-RX] [JETSON_RX] vision dcx=0 dcy=0
[22:48:22.105] [ARM-RX] [TARGET] vision state=CONFIRM enabled=1 dcx=0 dcy=0 stable=0
[22:48:22.251] [JETSON-TX] VISION dcx=0 dcy=0: FF 05 03 00 00 00 00 08 FE
[22:48:22.293] [ARM-RX] [JETSON_RX] vision dcx=0 dcy=0
[22:48:22.293] [ARM-RX] [TARGET] vision state=CONFIRM enabled=1 dcx=0 dcy=0 stable=0
[22:48:22.452] [JETSON-TX] VISION dcx=0 dcy=0: FF 05 03 00 00 00 00 08 FE
[22:48:22.478] [ARM-RX] [JETSON_RX] vision dcx=0 dcy=0
[22:48:22.478] [ARM-RX] [TARGET] vision state=CONFIRM enabled=1 dcx=0 dcy=0 stable=0
[22:48:22.653] [JETSON-TX] VISION dcx=0 dcy=0: FF 05 03 00 00 00 00 08 FE
[22:48:22.667] [ARM-RX] [JETSON_RX] vision dcx=0 dcy=0
[22:48:22.667] [ARM-RX] [TARGET] vision state=CONFIRM enabled=1 dcx=0 dcy=0 stable=0
[22:48:22.853] [JETSON-TX] VISION dcx=0 dcy=0: FF 05 03 00 00 00 00 08 FE
[22:48:22.917] [ARM-RX] [JETSON_RX] vision dcx=0 dcy=0
[22:48:22.917] [ARM-RX] [TARGET] vision state=CONFIRM enabled=1 dcx=0 dcy=0 stable=0
[22:48:23.054] [JETSON-TX] VISION dcx=0 dcy=0: FF 05 03 00 00 00 00 08 FE
[22:48:23.101] [ARM-RX] [JETSON_RX] vision dcx=0 dcy=0
[22:48:23.101] [ARM-RX] [TARGET] vision state=CONFIRM enabled=1 dcx=0 dcy=0 stable=0
[22:48:23.255] [JETSON-TX] VISION dcx=0 dcy=0: FF 05 03 00 00 00 00 08 FE
[22:48:23.289] [ARM-RX] [JETSON_RX] vision dcx=0 dcy=0
[22:48:23.289] [ARM-RX] [TARGET] vision state=CONFIRM enabled=1 dcx=0 dcy=0 stable=0
[22:48:23.456] [JETSON-TX] VISION dcx=0 dcy=0: FF 05 03 00 00 00 00 08 FE
[22:48:23.476] [ARM-RX] [JETSON_RX] vision dcx=0 dcy=0
[22:48:23.476] [ARM-RX] [TARGET] vision state=CONFIRM enabled=1 dcx=0 dcy=0 stable=0
[22:48:23.657] [JETSON-TX] VISION dcx=0 dcy=0: FF 05 03 00 00 00 00 08 FE
[22:48:23.724] [ARM-RX] [JETSON_RX] vision dcx=0 dcy=0
[22:48:23.724] [ARM-RX] [TARGET] vision state=CONFIRM enabled=1 dcx=0 dcy=0 stable=0
[22:48:23.858] [JETSON-TX] VISION dcx=0 dcy=0: FF 05 03 00 00 00 00 08 FE
[22:48:23.910] [ARM-RX] [JETSON_RX] vision dcx=0 dcy=0
[22:48:23.910] [ARM-RX] [TARGET] vision state=CONFIRM enabled=1 dcx=0 dcy=0 stable=0
[22:48:24.060] [JETSON-TX] VISION dcx=0 dcy=0: FF 05 03 00 00 00 00 08 FE
[22:48:24.098] [ARM-RX] [JETSON_RX] vision dcx=0 dcy=0
[22:48:24.098] [ARM-RX] [TARGET] vision state=CONFIRM enabled=1 dcx=0 dcy=0 stable=0
[22:48:24.260] [JETSON-TX] VISION dcx=0 dcy=0: FF 05 03 00 00 00 00 08 FE
[22:48:24.285] [ARM-RX] [JETSON_RX] vision dcx=0 dcy=0
[22:48:24.285] [ARM-RX] [TARGET] vision state=CONFIRM enabled=1 dcx=0 dcy=0 stable=0
[22:48:24.461] [JETSON-TX] VISION dcx=0 dcy=0: FF 05 03 00 00 00 00 08 FE
[22:48:24.535] [ARM-RX] [JETSON_RX] vision dcx=0 dcy=0
[22:48:24.535] [ARM-RX] [TARGET] vision state=CONFIRM enabled=1 dcx=0 dcy=0 stable=0
[22:48:24.662] [JETSON-TX] VISION dcx=0 dcy=0: FF 05 03 00 00 00 00 08 FE
[22:48:24.723] [ARM-RX] [JETSON_RX] vision dcx=0 dcy=0
[22:48:24.723] [ARM-RX] [TARGET] vision state=CONFIRM enabled=1 dcx=0 dcy=0 stable=0
[22:48:24.865] [JETSON-TX] VISION dcx=0 dcy=0: FF 05 03 00 00 00 00 08 FE
[22:48:24.909] [ARM-RX] [JETSON_RX] vision dcx=0 dcy=0
[22:48:24.909] [ARM-RX] [TARGET] vision state=CONFIRM enabled=1 dcx=0 dcy=0 stable=0
[22:48:25.066] [JETSON-TX] VISION dcx=0 dcy=0: FF 05 03 00 00 00 00 08 FE
[22:48:25.096] [ARM-RX] [JETSON_RX] vision dcx=0 dcy=0
[22:48:25.096] [ARM-RX] [TARGET] vision state=CONFIRM enabled=1 dcx=0 dcy=0 stable=0
[22:48:25.266] [JETSON-TX] VISION dcx=0 dcy=0: FF 05 03 00 00 00 00 08 FE
[22:48:25.283] [ARM-RX] [JETSON_RX] vision dcx=0 dcy=0
[22:48:25.283] [ARM-RX] [TARGET] vision state=CONFIRM enabled=1 dcx=0 dcy=0 stable=0
[22:48:25.467] [JETSON-TX] VISION dcx=0 dcy=0: FF 05 03 00 00 00 00 08 FE
[22:48:25.531] [ARM-RX] [JETSON_RX] vision dcx=0 dcy=0
[22:48:25.531] [ARM-RX] [TARGET] vision state=CONFIRM enabled=1 dcx=0 dcy=0 stable=0
[22:48:25.609] [JETSON-RX] CC 03 01 DD
[22:48:25.609] [JETSON-STATUS] OUTPUT_ON: CC 03 01 DD
[22:48:25.611] [DEMO-ACTION] 激光已输出：需要关闭时松开 P000 KEY。
[22:48:25.668] [JETSON-TX] VISION dcx=0 dcy=0: FF 05 03 00 00 00 00 08 FE
[22:48:25.717] [ARM-RX] [JETSON_RX] vision dcx=0 dcy=0
[22:48:25.717] [ARM-RX] [TARGET] vision state=OUTPUT enabled=1 dcx=0 dcy=0 stable=0
[22:48:25.869] [JETSON-TX] VISION dcx=0 dcy=0: FF 05 03 00 00 00 00 08 FE
[22:48:25.905] [ARM-RX] [JETSON_RX] vision dcx=0 dcy=0
[22:48:25.907] [ARM-RX] [TARGET] vision state=OUTPUT enabled=1 dcx=0 dcy=0 stable=0
[22:48:26.069] [JETSON-TX] VISION dcx=0 dcy=0: FF 05 03 00 00 00 00 08 FE
[22:48:26.092] [ARM-RX] [JETSON_RX] vision dcx=0 dcy=0
[22:48:26.094] [ARM-RX] [TARGET] vision state=OUTPUT enabled=1 dcx=0 dcy=0 stable=0
[22:48:26.270] [JETSON-TX] VISION dcx=0 dcy=0: FF 05 03 00 00 00 00 08 FE
[22:48:26.339] [ARM-RX] [JETSON_RX] vision dcx=0 dcy=0
[22:48:26.339] [ARM-RX] [TARGET] vision state=OUTPUT enabled=1 dcx=0 dcy=0 stable=0
[22:48:26.471] [JETSON-TX] VISION dcx=0 dcy=0: FF 05 03 00 00 00 00 08 FE
[22:48:26.527] [ARM-RX] [JETSON_RX] vision dcx=0 dcy=0
[22:48:26.527] [ARM-RX] [TARGET] vision state=OUTPUT enabled=1 dcx=0 dcy=0 stable=0
[22:48:26.672] [JETSON-TX] VISION dcx=0 dcy=0: FF 05 03 00 00 00 00 08 FE
[22:48:26.713] [ARM-RX] [JETSON_RX] vision dcx=0 dcy=0
[22:48:26.713] [ARM-RX] [TARGET] vision state=OUTPUT enabled=1 dcx=0 dcy=0 stable=0
[22:48:26.873] [JETSON-TX] VISION dcx=0 dcy=0: FF 05 03 00 00 00 00 08 FE
[22:48:26.899] [ARM-RX] [JETSON_RX] vision dcx=0 dcy=0
[22:48:26.899] [ARM-RX] [TARGET] vision state=OUTPUT enabled=1 dcx=0 dcy=0 stable=0
[22:48:27.446] [JETSON-RX] CC 03 00 DD
[22:48:27.446] [JETSON-STATUS] OUTPUT_OFF: CC 03 00 DD
[22:48:27.447] [JETSON-INFO] 已停止周期视觉发送
[22:48:27.447] [JETSON-TX] TARGET_CTRL_STOP: AA 01 00 BB
[22:48:27.447] [DEMO-INFO] 检测到 OUTPUT_OFF，演示流程结束。
[22:48:27.462] [ARM-RX] [JETSON_RX] target_ctrl=0
[22:48:27.509] [JETSON-RX] CC 04 00 DD
[22:48:27.509] [JETSON-STATUS] TARGET_CTRL_OFF: CC 04 00 DD
[22:49:16.440] [JETSON-INFO] 已停止周期视觉发送
[22:49:16.440] [JETSON-TX] TARGET_CTRL_STOP: AA 01 00 BB
[22:49:16.441] [ARM-TX] 发送命令 laser_off: laser_off
[22:49:16.442] [DEMO-INFO] 演示已停止，已关闭视觉发送和激光输出
[22:49:16.507] [JETSON-RX] CC 04 00 DD
[22:49:16.507] [ARM-RX] [JETSON_RX] target_ctrl=0
[22:49:16.507] [JETSON-STATUS] TARGET_CTRL_OFF: CC 04 00 DD
[22:49:16.507] [ARM-RX] Found handler for 'laser_off', executing...
[22:49:16.509] [ARM-RX] laser_off
[22:49:24.329] [ARM-TX] 发送命令 soft_reset: soft_reset
[22:49:24.415] [ARM-RX] Found handler for 'soft_reset', executing...
[22:49:24.415] [ARM-RX] ROBOT_SOFT_RESET_EVENT
[22:49:24.416] [ARM-RX] --- Starting soft reset ---
[22:49:24.602] [ARM-RX] Soft reset motors enabled (J1~J5, J6 skipped).
[22:49:24.602] [ARM-RX] Soft resetting joint 4...
[22:49:24.664] [ARM-RX] robot_update_current_angle 4...
[22:49:24.664] [ARM-RX] [4] current:89.79, target:90.00, dir:1
[22:49:24.788] [ARM-RX] Soft resetting joint 3...
[22:49:24.788] [ARM-RX] robot_update_current_angle 3...
[22:49:24.788] [ARM-RX] [3] current:-3.82, target:0.00, dir:1
[22:49:25.537] [ARM-RX] Soft resetting joint 1...
[22:49:25.537] [ARM-RX] robot_update_current_angle 1...
[22:49:25.537] [ARM-RX] [1] current:107.01, target:90.00, dir:-1
[22:49:27.276] [ARM-RX] soft reset joint 1 settle timeout, keep going
[22:49:27.276] [ARM-RX] Soft resetting joint 2...
[22:49:27.276] [ARM-RX] robot_update_current_angle 2...
[22:49:27.276] [ARM-RX] [2] current:-72.43, target:-90.00, dir:-1
[22:49:28.897] [ARM-RX] soft reset joint 2 settle timeout, keep going
[22:49:28.897] [ARM-RX] Soft resetting joint 0...
[22:49:28.897] [ARM-RX] robot_update_current_angle 0...
[22:49:28.898] [ARM-RX] [0] current:93.61, target:90.00, dir:-1
[22:49:29.708] [ARM-RX] soft reset final verify PASS (issues:2), pose set HOME.
[22:49:42.573] [DEMO-INFO] 演示配置已保存
[22:49:42.573] [DEMO-INFO] 一键定靶演示开始
[22:49:42.573] [JETSON-TX] TARGET_CTRL_START: AA 01 01 BB
[22:49:42.640] [JETSON-RX] CC 04 01 DD
[22:49:42.640] [JETSON-STATUS] TARGET_CTRL_ON: CC 04 01 DD
[22:49:42.673] [ARM-RX] [JETSON_RX] target_ctrl=1
[22:49:42.673] [ARM-RX] ROBOT_AUTO_EVENT
[22:49:42.673] [ARM-RX] [0] <0.00 0.00 0.00> result: 90.00 90.00 -90.00 0.00 90.00 0.00
[22:49:42.673] [ARM-RX] [1] <0.00 -0.00 -0.00> result: 90.00 90.00 -90.00 0.00 90.00 0.00
[22:49:42.674] [ARM-RX] [2] <0.00 -0.00 -0.00> result: 90.00 90.00 -90.00 0.00 90.00 0.00
[22:49:42.674] [ARM-RX] [3] <0.00 -0.
[22:49:42.676] [ARM-RX] 01 -0.00> result: 90.00 90.00 -90.00 0.00 90.00 0.00
[22:49:42.676] [ARM-RX] [4] <0.00 -0.02 -0.00> result: 90.00 90.01 -90.00 0.00 90.00 0.00
[22:49:42.676] [ARM-RX] [5] <0.00 -0.03 -0.00> result: 90.00 90.01 -89.99 0.00 90.00 0.00
[22:49:42.676] [ARM-RX] [6] <0.00 -0.05 -0.00> result: 90.00 90.02 -89.99 0.00 90.00 0.00
[22:49:42.676] [ARM-RX] [
[22:49:42.677] [ARM-RX] 7] <0.00 -0.07 -0.00> result: 90.00 90.02 -89.98 0.00 90.00 0.00
[22:49:42.677] [ARM-RX] [8] <0.00 -0.11 -0.00> result: 90.00 90.03 -89.97 0.00 90.00 0.00
[22:49:42.678] [ARM-RX] [9] <0.00 -0.15 -0.00> result: 90.00 90.05 -89.96 0.00 90.00 0.00
[22:49:42.678] [ARM-RX] [10] <0.00 -0.20 -0.01> result: 90.00 90.06 -89.94 0.00
[22:49:42.686] [ARM-RX] 90.01 0.00
[22:49:42.688] [ARM-RX] [11] <0.00 -0.27 -0.01> result: 90.00 90.08 -89.92 0.00 90.01 0.00
[22:49:42.688] [ARM-RX] [12] <0.00 -0.34 -0.01> result: 90.00 90.11 -89.90 0.00 90.01 0.00
[22:49:42.688] [ARM-RX] [13] <0.00 -0.43 -0.01> result: 90.00 90.14 -89.88 0.00 90.01 0.00
[22:49:42.688] [ARM-RX] [14] <0.00 -0.54 -0.01> result: 90.00 90
[22:49:42.710] [ARM-RX] .17 -89.85 0.00 90.02 0.00
[22:49:42.711] [ARM-RX] [15] <0.00 -0.65 -0.02> result: 90.00 90.20 -89.81 0.00 90.02 0.00
[22:49:42.711] [ARM-RX] [16] <0.00 -0.79 -0.02> result: 90.00 90.25 -89.78 0.00 90.02 0.00
[22:49:42.711] [ARM-RX] [17] <0.00 -0.94 -0.02> result: 90.00 90.29 -89.73 0.00 90.03 0.00
[22:49:42.711] [ARM-RX] [18] <0.00 -1.10 -0.03>
[22:49:42.733] [ARM-RX] result: 90.00 90.34 -89.69 0.00 90.03 0.00
[22:49:42.733] [ARM-RX] [19] <0.00 -1.29 -0.03> result: 90.00 90.40 -89.63 0.00 90.03 0.00
[22:49:42.733] [ARM-RX] [20] <0.00 -1.49 -0.04> result: 90.00 90.46 -89.57 0.00 90.04 0.00
[22:49:42.733] [ARM-RX] [21] <0.00 -1.72 -0.04> result: 90.00 90.53 -89.51 0.00 90.04 0.00
[22:49:42.733] [ARM-RX] [22] <0.
[22:49:42.755] [ARM-RX] 00 -1.97 -0.05> result: 90.00 90.61 -89.44 0.00 90.05 0.00
[22:49:42.756] [ARM-RX] [23] <0.00 -2.23 -0.06> result: 90.00 90.69 -89.36 0.00 90.05 0.00
[22:49:42.756] [ARM-RX] [24] <0.00 -2.52 -0.06> result: 90.00 90.77 -89.28 0.00 90.05 0.00
[22:49:42.756] [ARM-RX] [25] <0.00 -2.84 -0.07> result: 90.00 90.87 -89.19 0.00 90.0
[22:49:42.790] [ARM-RX] 6 0.00
[22:49:42.790] [ARM-RX] [26] <0.00 -3.17 -0.08> result: 90.00 90.97 -89.10 0.00 90.06 0.00
[22:49:42.790] [ARM-RX] [27] <0.00 -3.53 -0.09> result: 90.00 91.07 -88.99 0.00 90.06 0.00
[22:49:42.791] [ARM-RX] [28] <0.00 -3.92 -0.10> result: 90.00 91.18 -88.88 0.00 90.07 0.00
[22:49:42.791] [ARM-RX] [29] <0.00 -4.33 -0.11> result: 90.00 91.30
[22:49:42.817] [ARM-RX] -88.76 0.00 90.07 0.00
[22:49:42.817] [ARM-RX] [30] <0.00 -4.77 -0.12> result: 90.00 91.43 -88.64 0.00 90.07 0.00
[22:49:42.817] [ARM-RX] [31] <0.00 -5.23 -0.13> result: 90.00 91.56 -88.51 0.00 90.07 0.00
[22:49:42.817] [ARM-RX] [32] <0.00 -5.72 -0.14> result: 90.00 91.70 -88.37 0.00 90.07 0.00
[22:49:42.818] [ARM-RX] [33] <0.00 -6.24 -0.16> resu
[22:49:42.836] [ARM-RX] lt: 90.00 91.85 -88.22 0.00 90.06 0.00
[22:49:42.837] [ARM-RX] [34] <0.00 -6.79 -0.17> result: 90.00 92.00 -88.06 0.00 90.06 0.00
[22:49:42.837] [ARM-RX] [35] <0.00 -7.36 -0.18> result: 90.00 92.16 -87.89 0.00 90.05 0.00
[22:49:42.837] [ARM-RX] [36] <0.00 -7.96 -0.20> result: 90.00 92.32 -87.72 0.00 90.04 0.00
[22:49:42.837] [ARM-RX] [37] <0.00 -
[22:49:42.859] [ARM-RX] 8.60 -0.21> result: 90.00 92.49 -87.54 0.00 90.03 0.00
[22:49:42.859] [ARM-RX] [38] <0.00 -9.26 -0.23> result: 90.00 92.67 -87.35 0.00 90.02 0.00
[22:49:42.859] [ARM-RX] [39] <0.00 -9.95 -0.25> result: 90.00 92.85 -87.15 0.00 90.00 0.00
[22:49:42.860] [ARM-RX] [40] <0.00 -10.67 -0.27> result: 90.00 93.04 -86.94 0.00 89.98 0
[22:49:42.882] [ARM-RX] .00
[22:49:42.884] [ARM-RX] [41] <0.00 -11.42 -0.29> result: 90.00 93.24 -86.72 0.00 89.96 0.00
[22:49:42.884] [ARM-RX] [42] <0.00 -12.20 -0.30> result: 90.00 93.44 -86.50 0.00 89.93 0.00
[22:49:42.884] [ARM-RX] [43] <0.00 -13.01 -0.33> result: 90.00 93.64 -86.26 0.00 89.91 0.00
[22:49:42.884] [ARM-RX] [44] <0.00 -13.85 -0.35> result: 90.00 93.85
[22:49:42.904] [ARM-RX] -86.02 0.00 89.87 0.00
[22:49:42.904] [ARM-RX] [45] <0.00 -14.72 -0.37> result: 90.00 94.07 -85.77 0.00 89.84 0.00
[22:49:42.904] [ARM-RX] [46] <0.00 -15.62 -0.39> result: 90.00 94.29 -85.51 0.00 89.80 0.00
[22:49:42.904] [ARM-RX] [47] <0.00 -16.55 -0.41> result: 90.00 94.52 -85.24 0.00 89.75 0.00
[22:49:42.904] [ARM-RX] [48] <0.00 -17.51 -0.44>
[22:49:42.927] [ARM-RX] result: 90.00 94.75 -84.96 0.00 89.70 0.00
[22:49:42.927] [ARM-RX] [49] <0.00 -18.49 -0.46> result: 90.00 94.98 -84.67 0.00 89.65 0.00
[22:49:42.927] [ARM-RX] [50] <0.00 -19.51 -0.49> result: 90.00 95.22 -84.37 0.00 89.59 0.00
[22:49:42.927] [ARM-RX] [51] <0.00 -20.56 -0.51> result: 90.00 95.47 -84.06 0.00 89.53 0.00
[22:49:42.928] [ARM-RX] [52]
[22:49:42.950] [ARM-RX] <0.00 -21.64 -0.54> result: 90.00 95.71 -83.75 0.00 89.46 0.00
[22:49:42.950] [ARM-RX] [53] <0.00 -22.74 -0.57> result: 90.00 95.97 -83.43 0.00 89.39 0.00
[22:49:42.950] [ARM-RX] [54] <0.00 -23.88 -0.60> result: 90.00 96.22 -83.09 0.00 89.32 0.00
[22:49:42.950] [ARM-RX] [55] <0.00 -25.04 -0.63> result: 90.00 96.48 -82.75 0
[22:49:42.984] [ARM-RX] .00 89.23 0.00
[22:49:42.985] [ARM-RX] [56] <0.00 -26.23 -0.66> result: 90.00 96.74 -82.40 0.00 89.15 0.00
[22:49:42.985] [ARM-RX] [57] <0.00 -27.44 -0.69> result: 90.00 97.01 -82.05 0.00 89.06 0.00
[22:49:42.985] [ARM-RX] [58] <0.00 -28.68 -0.72> result: 90.00 97.28 -81.68 0.00 88.96 0.00
[22:49:42.985] [ARM-RX] [59] <0.00 -29.95 -0.75> result:
[22:49:43.007] [ARM-RX] 90.00 97.55 -81.31 0.00 88.86 0.00
[22:49:43.008] [ARM-RX] [60] <0.00 -31.25 -0.78> result: 90.00 97.83 -80.92 0.00 88.75 0.00
[22:49:43.008] [ARM-RX] [61] <0.00 -32.57 -0.81> result: 90.00 98.10 -80.53 0.00 88.64 0.00
[22:49:43.008] [ARM-RX] [62] <0.00 -33.91 -0.85> result: 90.00 98.39 -80.14 0.00 88.52 0.00
[22:49:43.008] [ARM-RX] [63] <0.00 -3
[22:49:43.030] [ARM-RX] 5.28 -0.88> result: 90.00 98.67 -79.73 0.00 88.40 0.00
[22:49:43.031] [ARM-RX] [64] <0.00 -36.67 -0.92> result: 90.00 98.95 -79.32 0.00 88.27 0.00
[22:49:43.031] [ARM-RX] [65] <0.00 -38.08 -0.95> result: 90.00 99.24 -78.90 0.00 88.14 0.00
[22:49:43.031] [ARM-RX] [66] <0.00 -39.51 -0.99> result: 90.00 99.53 -78.47 0.00 88.00
[22:49:43.053] [ARM-RX] 0.00
[22:49:43.053] [ARM-RX] [67] <0.00 -40.97 -1.02> result: 90.00 99.82 -78.04 0.00 87.86 0.00
[22:49:43.053] [ARM-RX] [68] <0.00 -42.44 -1.06> result: 90.00 100.11 -77.60 0.00 87.71 0.00
[22:49:43.053] [ARM-RX] [69] <0.00 -43.94 -1.10> result: 90.00 100.41 -77.15 0.00 87.56 0.00
[22:49:43.054] [ARM-RX] [70] <0.00 -45.45 -1.14> result: 90.00 1
[22:49:43.076] [ARM-RX] 00.70 -76.70 0.00 87.41 0.00
[22:49:43.076] [ARM-RX] [71] <0.00 -46.98 -1.17> result: 90.00 101.00 -76.24 0.00 87.25 0.00
[22:49:43.076] [ARM-RX] [72] <0.00 -48.53 -1.21> result: 90.00 101.30 -75.78 0.00 87.08 0.00
[22:49:43.077] [ARM-RX] [73] <0.00 -50.09 -1.25> result: 90.00 101.60 -75.31 0.00 86.91 0.00
[22:49:43.077] [ARM-RX] [74] <0.00 -51.6
[22:49:43.102] [ARM-RX] 7 -1.29> result: 90.00 101.90 -74.84 0.00 86.74 0.00
[22:49:43.102] [ARM-RX] [75] <0.00 -53.26 -1.33> result: 90.00 102.20 -74.36 0.00 86.56 0.00
[22:49:43.102] [ARM-RX] [76] <0.00 -54.86 -1.37> result: 90.00 102.51 -73.87 0.00 86.38 0.00
[22:49:43.102] [ARM-RX] [77] <0.00 -56.48 -1.41> result: 90.00 102.81 -73.39 0.00 86.2
[22:49:43.122] [ARM-RX] 0 0.00
[22:49:43.122] [ARM-RX] [78] <0.00 -58.11 -1.45> result: 90.00 103.11 -72.89 0.00 86.01 0.00
[22:49:43.122] [ARM-RX] [79] <0.00 -59.75 -1.49> result: 90.00 103.42 -72.40 0.00 85.82 0.00
[22:49:43.122] [ARM-RX] [80] <0.00 -60.00 -1.50> result: 90.00 103.47 -72.32 0.00 85.79 0.00
[22:49:43.123] [ARM-RX] [81] <0.00 -60.00 -1.50> result: 90.00
[22:49:43.156] [ARM-RX] 103.47 -72.32 0.00 85.79 0.00
[22:49:43.157] [ARM-RX] [82] <0.00 -60.00 -1.50> result: 90.00 103.47 -72.32 0.00 85.79 0.00
[22:49:43.157] [ARM-RX] [83] <0.00 -60.00 -1.50> result: 90.00 103.47 -72.32 0.00 85.79 0.00
[22:49:43.157] [ARM-RX] [84] <0.00 -60.00 -1.50> result: 90.00 103.47 -72.32 0.00 85.79 0.00
[22:49:43.157] [ARM-RX] [85] <0.00 -60
[22:49:43.179] [ARM-RX] .00 -1.50> result: 90.00 103.47 -72.32 0.00 85.79 0.00
[22:49:43.179] [ARM-RX] [86] <0.00 -60.00 -1.50> result: 90.00 103.47 -72.32 0.00 85.79 0.00
[22:49:43.180] [ARM-RX] [87] <0.00 -60.00 -1.50> result: 90.00 103.47 -72.32 0.00 85.79 0.00
[22:49:43.180] [ARM-RX] [88] <0.00 -60.00 -1.50> result: 90.00 103.47 -72.32 0.00 85
[22:49:43.204] [ARM-RX] .79 0.00
[22:49:43.205] [ARM-RX] [89] <0.00 -60.00 -1.50> result: 90.00 103.47 -72.32 0.00 85.79 0.00
[22:49:43.205] [ARM-RX] [90] <0.00 -60.00 -1.50> result: 90.00 103.47 -72.32 0.00 85.79 0.00
[22:49:43.205] [ARM-RX] [91] <0.00 -60.00 -1.50> result: 90.00 103.47 -72.32 0.00 85.79 0.00
[22:49:43.205] [ARM-RX] [92] <0.00 -60.00 -1.50> result: 90.
[22:49:43.225] [ARM-RX] 00 103.47 -72.32 0.00 85.79 0.00
[22:49:43.225] [ARM-RX] [93] <0.00 -60.00 -1.50> result: 90.00 103.47 -72.32 0.00 85.79 0.00
[22:49:43.225] [ARM-RX] [94] <0.00 -60.00 -1.50> result: 90.00 103.47 -72.32 0.00 85.79 0.00
[22:49:43.226] [ARM-RX] [95] <0.00 -60.00 -1.50> result: 90.00 103.47 -72.32 0.00 85.79 0.00
[22:49:43.226] [ARM-RX] [96] <0.00 -
[22:49:43.248] [ARM-RX] 60.00 -1.50> result: 90.00 103.47 -72.32 0.00 85.79 0.00
[22:49:43.249] [ARM-RX] [97] <0.00 -60.00 -1.50> result: 90.00 103.47 -72.32 0.00 85.79 0.00
[22:49:43.249] [ARM-RX] [98] <0.00 -60.00 -1.50> result: 90.00 103.47 -72.32 0.00 85.79 0.00
[22:49:43.249] [ARM-RX] [99] <0.00 -60.00 -1.50> result: 90.00 103.47 -72.32 0.00
[22:49:43.271] [ARM-RX] 85.79 0.00
[22:49:43.271] [ARM-RX] [100] <0.00 -60.00 -1.50> result: 90.00 103.47 -72.32 0.00 85.79 0.00
[22:49:43.271] [ARM-RX] [101] <0.00 -60.00 -1.50> result: 90.00 103.47 -72.32 0.00 85.79 0.00
[22:49:43.271] [ARM-RX] [102] <0.00 -60.00 -1.50> result: 90.00 103.47 -72.32 0.00 85.79 0.00
[22:49:43.272] [ARM-RX] [103] <0.00 -60.00 -1.50> resul
[22:49:43.294] [ARM-RX] t: 90.00 103.47 -72.32 0.00 85.79 0.00
[22:49:43.299] [ARM-RX] [104] <0.00 -60.00 -1.50> result: 90.00 103.47 -72.32 0.00 85.79 0.00
[22:49:43.300] [ARM-RX] [105] <0.00 -60.00 -1.50> result: 90.00 103.47 -72.32 0.00 85.79 0.00
[22:49:43.300] [ARM-RX] [106] <0.00 -60.00 -1.50> result: 90.00 103.47 -72.32 0.00 85.79 0.00
[22:49:43.300] [ARM-RX] [10
[22:49:43.318] [ARM-RX] 7] <0.00 -60.00 -1.50> result: 90.00 103.47 -72.32 0.00 85.79 0.00
[22:49:43.318] [ARM-RX] [108] <0.00 -60.00 -1.50> result: 90.00 103.47 -72.32 0.00 85.79 0.00
[22:49:43.318] [ARM-RX] [109] <0.00 -60.00 -1.50> result: 90.00 103.47 -72.32 0.00 85.79 0.00
[22:49:43.318] [ARM-RX] [110] <0.00 -60.00 -1.50> result: 90.00 103.47
[22:49:43.351] [ARM-RX] -72.32 0.00 85.79 0.00
[22:49:43.351] [ARM-RX] [111] <0.00 -60.00 -1.50> result: 90.00 103.47 -72.32 0.00 85.79 0.00
[22:49:43.351] [ARM-RX] [112] <0.00 -60.00 -1.50> result: 90.00 103.47 -72.32 0.00 85.79 0.00
[22:49:43.351] [ARM-RX] [113] <0.00 -60.00 -1.50> result: 90.00 103.47 -72.32 0.00 85.79 0.00
[22:49:43.352] [ARM-RX] [114] <0.00 -60.00
[22:49:43.374] [ARM-RX] -1.50> result: 90.00 103.47 -72.32 0.00 85.79 0.00
[22:49:43.375] [ARM-RX] [115] <0.00 -60.00 -1.50> result: 90.00 103.47 -72.32 0.00 85.79 0.00
[22:49:43.375] [ARM-RX] [116] <0.00 -60.00 -1.50> result: 90.00 103.47 -72.32 0.00 85.79 0.00
[22:49:43.375] [ARM-RX] [117] <0.00 -60.00 -1.50> result: 90.00 103.47 -72.32 0.00 85
[22:49:43.398] [ARM-RX] .79 0.00
[22:49:43.398] [ARM-RX] [118] <0.00 -60.00 -1.50> result: 90.00 103.47 -72.32 0.00 85.79 0.00
[22:49:43.398] [ARM-RX] [119] <0.00 -60.00 -1.50> result: 90.00 103.47 -72.32 0.00 85.79 0.00
[22:49:43.398] [ARM-RX] [120] <0.00 -60.00 -1.50> result: 90.00 103.47 -72.32 0.00 85.79 0.00
[22:49:43.398] [ARM-RX] [121] <0.00 -60.00 -1.50> result:
[22:49:43.420] [ARM-RX] 90.00 103.47 -72.32 0.00 85.79 0.00
[22:49:43.420] [ARM-RX] [122] <0.00 -60.00 -1.50> result: 90.00 103.47 -72.32 0.00 85.79 0.00
[22:49:43.420] [ARM-RX] [123] <0.00 -60.00 -1.50> result: 90.00 103.47 -72.32 0.00 85.79 0.00
[22:49:43.420] [ARM-RX] [124] <0.00 -60.00 -1.50> result: 90.00 103.47 -72.32 0.00 85.79 0.00
[22:49:43.420] [ARM-RX] [125]
[22:49:43.445] [ARM-RX] <0.00 -60.00 -1.50> result: 90.00 103.47 -72.32 0.00 85.79 0.00
[22:49:43.445] [ARM-RX] [126] <0.00 -60.00 -1.50> result: 90.00 103.47 -72.32 0.00 85.79 0.00
[22:49:43.446] [ARM-RX] [127] <0.00 -60.00 -1.50> result: 90.00 103.47 -72.32 0.00 85.79 0.00
[22:49:43.446] [ARM-RX] [128] <0.00 -60.00 -1.50> result: 90.00 103.47 -
[22:49:43.466] [ARM-RX] 72.32 0.00 85.79 0.00
[22:49:43.466] [ARM-RX] [129] <0.00 -60.00 -1.50> result: 90.00 103.47 -72.32 0.00 85.79 0.00
[22:49:43.467] [ARM-RX] [130] <0.00 -60.00 -1.50> result: 90.00 103.47 -72.32 0.00 85.79 0.00
[22:49:43.467] [ARM-RX] [131] <0.00 -60.00 -1.50> result: 90.00 103.47 -72.32 0.00 85.79 0.00
[22:49:43.467] [ARM-RX] [132] <0.00 -60.00 -
[22:49:43.489] [ARM-RX] 1.50> result: 90.00 103.47 -72.32 0.00 85.79 0.00
[22:49:43.489] [ARM-RX] [133] <0.00 -60.00 -1.50> result: 90.00 103.47 -72.32 0.00 85.79 0.00
[22:49:43.489] [ARM-RX] [134] <0.00 -60.00 -1.50> result: 90.00 103.47 -72.32 0.00 85.79 0.00
[22:49:43.489] [ARM-RX] [135] <0.00 -60.00 -1.50> result: 90.00 103.47 -72.32 0.00 85.7
[22:49:43.523] [ARM-RX] 9 0.00
[22:49:43.523] [ARM-RX] [136] <0.00 -60.00 -1.50> result: 90.00 103.47 -72.32 0.00 85.79 0.00
[22:49:43.523] [ARM-RX] [137] <0.00 -60.00 -1.50> result: 90.00 103.47 -72.32 0.00 85.79 0.00
[22:49:43.524] [ARM-RX] [138] <0.00 -60.00 -1.50> result: 90.00 103.47 -72.32 0.00 85.79 0.00
[22:49:43.524] [ARM-RX] [139] <0.00 -60.00 -1.50> result: 9
[22:49:43.548] [ARM-RX] 0.00 103.47 -72.32 0.00 85.79 0.00
[22:49:43.549] [ARM-RX] [140] <0.00 -60.00 -1.50> result: 90.00 103.47 -72.32 0.00 85.79 0.00
[22:49:43.549] [ARM-RX] [141] <0.00 -60.00 -1.50> result: 90.00 103.47 -72.32 0.00 85.79 0.00
[22:49:43.549] [ARM-RX] [142] <0.00 -60.00 -1.50> result: 90.00 103.47 -72.32 0.00 85.79 0.00
[22:49:43.549] [ARM-RX] [143] <
[22:49:43.569] [ARM-RX] 0.00 -60.00 -1.50> result: 90.00 103.47 -72.32 0.00 85.79 0.00
[22:49:43.570] [ARM-RX] [144] <0.00 -60.00 -1.50> result: 90.00 103.47 -72.32 0.00 85.79 0.00
[22:49:43.570] [ARM-RX] [145] <0.00 -60.00 -1.50> result: 90.00 103.47 -72.32 0.00 85.79 0.00
[22:49:43.570] [ARM-RX] [146] <0.00 -60.00 -1.50> result: 90.00 103.47 -72
[22:49:43.592] [ARM-RX] .32 0.00 85.79 0.00
[22:49:43.593] [ARM-RX] [147] <0.00 -60.00 -1.50> result: 90.00 103.47 -72.32 0.00 85.79 0.00
[22:49:43.593] [ARM-RX] [148] <0.00 -60.00 -1.50> result: 90.00 103.47 -72.32 0.00 85.79 0.00
[22:49:43.593] [ARM-RX] [149] <0.00 -60.00 -1.50> result: 90.00 103.47 -72.32 0.00 85.79 0.00
[22:49:43.593] [ARM-RX] [150] <0.00 -60.00 -1.
[22:49:43.615] [ARM-RX] 50> result: 90.00 103.47 -72.32 0.00 85.79 0.00
[22:49:43.615] [ARM-RX] [151] <0.00 -60.00 -1.50> result: 90.00 103.47 -72.32 0.00 85.79 0.00
[22:49:43.615] [ARM-RX] [152] <0.00 -60.00 -1.50> result: 90.00 103.47 -72.32 0.00 85.79 0.00
[22:49:43.616] [ARM-RX] [153] <0.00 -60.00 -1.50> result: 90.00 103.47 -72.32 0.00 85.79
[22:49:43.638] [ARM-RX] 0.00
[22:49:43.638] [ARM-RX] [154] <0.00 -60.00 -1.50> result: 90.00 103.47 -72.32 0.00 85.79 0.00
[22:49:43.638] [ARM-RX] [155] <0.00 -60.00 -1.50> result: 90.00 103.47 -72.32 0.00 85.79 0.00
[22:49:43.638] [ARM-RX] [156] <0.00 -60.00 -1.50> result: 90.00 103.47 -72.32 0.00 85.79 0.00
[22:49:43.639] [ARM-RX] [157] <0.00 -60.00 -1.50> result: 90.
[22:49:43.661] [ARM-RX] 00 103.47 -72.32 0.00 85.79 0.00
[22:49:43.661] [ARM-RX] [158] <0.00 -60.00 -1.50> result: 90.00 103.47 -72.32 0.00 85.79 0.00
[22:49:43.661] [ARM-RX] [159] <0.00 -60.00 -1.50> result: 90.00 103.47 -72.32 0.00 85.79 0.00
[22:49:43.661] [ARM-RX] [160] <0.00 -60.00 -1.50> result: 90.00 103.47 -72.32 0.00 85.79 0.00
[22:49:43.662] [ARM-RX] [161] <0.
[22:49:43.684] [ARM-RX] 00 -60.00 -1.50> result: 90.00 103.47 -72.32 0.00 85.79 0.00
[22:49:43.684] [ARM-RX] [162] <0.00 -60.00 -1.50> result: 90.00 103.47 -72.32 0.00 85.79 0.00
[22:49:43.685] [ARM-RX] [163] <0.00 -60.00 -1.50> result: 90.00 103.47 -72.32 0.00 85.79 0.00
[22:49:43.685] [ARM-RX] [164] <0.00 -60.00 -1.50> result: 90.00 103.47 -72.3
[22:49:43.718] [ARM-RX] 2 0.00 85.79 0.00
[22:49:43.718] [ARM-RX] [165] <0.00 -60.00 -1.50> result: 90.00 103.47 -72.32 0.00 85.79 0.00
[22:49:43.719] [ARM-RX] [166] <0.00 -60.00 -1.50> result: 90.00 103.47 -72.32 0.00 85.79 0.00
[22:49:43.719] [ARM-RX] [167] <0.00 -60.00 -1.50> result: 90.00 103.47 -72.32 0.00 85.79 0.00
[22:49:43.719] [ARM-RX] [168] <0.00 -60.00 -1.50
[22:49:43.740] [ARM-RX] > result: 90.00 103.47 -72.32 0.00 85.79 0.00
[22:49:43.742] [ARM-RX] [169] <0.00 -60.00 -1.50> result: 90.00 103.47 -72.32 0.00 85.79 0.00
[22:49:43.742] [ARM-RX] [170] <0.00 -60.00 -1.50> result: 90.00 103.47 -72.32 0.00 85.79 0.00
[22:49:43.742] [ARM-RX] [171] <0.00 -60.00 -1.50> result: 90.00 103.47 -72.32 0.00 85.79 0.
[22:49:43.766] [ARM-RX] 00
[22:49:43.769] [ARM-RX] [172] <0.00 -60.00 -1.50> result: 90.00 103.47 -72.32 0.00 85.79 0.00
[22:49:43.769] [ARM-RX] [173] <0.00 -60.00 -1.50> result: 90.00 103.47 -72.32 0.00 85.79 0.00
[22:49:43.770] [ARM-RX] [174] <0.00 -60.00 -1.50> result: 90.00 103.47 -72.32 0.00 85.79 0.00
[22:49:43.770] [ARM-RX] [175] <0.00 -60.00 -1.50> result: 90.00
[22:49:43.825] [ARM-RX] 103.47 -72.32 0.00 85.79 0.00
[22:49:43.825] [ARM-RX] [176] <0.00 -60.00 -1.50> result: 90.00 103.47 -72.32 0.00 85.79 0.00
[22:49:45.691] [ARM-RX] [joint 1] ave_error:0.00
[22:49:45.691] [ARM-RX] [joint 2] ave_error:2.94
[22:49:45.691] [ARM-RX] [joint 3] ave_error:2.47
[22:49:45.691] [ARM-RX] [joint 4] ave_error:0.00
[22:49:45.692] [ARM-RX] [joint 5] ave_error:0.28
[22:49:45.692] [ARM-RX] robot pid run finished!!
[22:49:45.754] [JETSON-RX] CC 01 01 DD
[22:49:45.754] [JETSON-STATUS] READY: CC 01 01 DD
[22:49:45.755] [DEMO-INFO] 开始发送视觉序列: 30,-20:5;15,-10:5;8,-5:5;0,0:30
[22:49:45.755] [JETSON-TX] VISION dcx=30 dcy=-20: FF 05 03 1E 00 EC FF 11 FE
[22:49:45.802] [ARM-RX] [JETSON_RX] vision dcx=30 dcy=-20
[22:49:45.803] [ARM-RX] [TARGET] vision state=WAIT_DETECT enabled=1 dcx=30 dcy=-20 stable=0
[22:49:45.803] [ARM-RX] ROBOT_AUTO_EVENT
[22:49:45.803] [ARM-RX] [0] <0.00 -60.00 -1.50> result: 90.00 103.47 -72.32 0.00 85.79 0.00
[22:49:45.803] [ARM-RX] [1] <0.00 -60.00 -1.50> result: 90.00 103.47 -72.32 -0.00 85.79 0.
[22:49:45.824] [ARM-RX] 00
[22:49:45.825] [ARM-RX] [2] <0.01 -60.00 -1.51> result: 90.00 103.47 -72.32 -0.00 85.79 0.00
[22:49:45.825] [ARM-RX] [3] <0.02 -60.00 -1.52> result: 90.01 103.48 -72.32 -0.01 85.80 0.00
[22:49:45.825] [ARM-RX] [4] <0.05 -60.00 -1.55> result: 90.02 103.49 -72.32 -0.02 85.81 0.00
[22:49:45.825] [ARM-RX] [5] <0.08 -60.00 -1.58> result: 90.04 103.
[22:49:45.848] [ARM-RX] 51 -72.32 -0.04 85.83 0.00
[22:49:45.850] [ARM-RX] [6] <0.14 -60.00 -1.64> result: 90.07 103.54 -72.33 -0.07 85.86 0.00
[22:49:45.850] [ARM-RX] [7] <0.21 -60.00 -1.71> result: 90.11 103.57 -72.33 -0.11 85.90 0.00
[22:49:45.851] [ARM-RX] [8] <0.29 -60.00 -1.79> result: 90.16 103.62 -72.33 -0.16 85.95 0.00
[22:49:45.851] [ARM-RX] [9] <0.40 -60.00 -
[22:49:45.871] [ARM-RX] 1.90> result: 90.21 103.67 -72.34 -0.22 86.01 0.00
[22:49:45.871] [ARM-RX] [10] <0.53 -60.00 -2.03> result: 90.28 103.74 -72.34 -0.28 86.08 0.00
[22:49:45.872] [ARM-RX] [11] <0.68 -60.00 -2.18> result: 90.36 103.82 -72.35 -0.36 86.16 0.00
[22:49:45.872] [ARM-RX] [12] <0.86 -60.00 -2.36> result: 90.46 103.90 -72.35 -0.46 86.
[22:49:45.894] [ARM-RX] 26 0.00
[22:49:45.894] [ARM-RX] [13] <1.05 -60.00 -2.55> result: 90.56 104.00 -72.36 -0.56 86.36 0.00
[22:49:45.894] [ARM-RX] [14] <1.26 -60.00 -2.76> result: 90.67 104.11 -72.37 -0.67 86.48 0.00
[22:49:45.894] [ARM-RX] [15] <1.49 -60.00 -2.99> result: 90.79 104.23 -72.37 -0.79 86.60 0.00
[22:49:45.894] [ARM-RX] [16] <1.74 -60.00 -3.24> result: 9
[22:49:45.918] [ARM-RX] 0.92 104.36 -72.38 -0.93 86.74 0.00
[22:49:45.918] [ARM-RX] [17] <2.00 -60.00 -3.50> result: 91.06 104.49 -72.39 -1.06 86.88 0.00
[22:49:45.918] [ARM-RX] [18] <2.27 -60.00 -3.77> result: 91.21 104.63 -72.40 -1.21 87.03 0.00
[22:49:45.919] [ARM-RX] [19] <2.50 -60.00 -4.00> result: 91.33 104.75 -72.40 -1.33 87.15 0.00
[22:49:45.919] [ARM-RX] [20] <
[22:49:45.952] [ARM-RX] 2.50 -60.00 -4.00> result: 91.33 104.75 -72.40 -1.33 87.15 0.00
[22:49:45.953] [ARM-RX] [21] <2.50 -60.00 -4.00> result: 91.33 104.75 -72.40 -1.33 87.15 0.00
[22:49:45.953] [ARM-RX] [22] <2.50 -60.00 -4.00> result: 91.33 104.75 -72.40 -1.33 87.15 0.00
[22:49:45.953] [ARM-RX] [23] <2.50 -60.00 -4.00> result: 91.33 104.75 -72
[22:49:45.956] [JETSON-TX] VISION dcx=30 dcy=-20: FF 05 03 1E 00 EC FF 11 FE
[22:49:45.975] [ARM-RX] .40 -1.33 87.15 0.00
[22:49:45.975] [ARM-RX] [24] <2.50 -60.00 -4.00> result: 91.33 104.75 -72.40 -1.33 87.15 0.00
[22:49:45.975] [ARM-RX] [25] <2.50 -60.00 -4.00> result: 91.33 104.75 -72.40 -1.33 87.15 0.00
[22:49:45.975] [ARM-RX] [26] <2.50 -60.00 -4.00> result: 91.33 104.75 -72.40 -1.33 87.15 0.00
[22:49:45.976] [ARM-RX] [27] <2.50 -60.00 -4.
[22:49:45.999] [ARM-RX] 00> result: 91.33 104.75 -72.40 -1.33 87.15 0.00
[22:49:45.999] [ARM-RX] [28] <2.50 -60.00 -4.00> result: 91.33 104.75 -72.40 -1.33 87.15 0.00
[22:49:45.999] [ARM-RX] [29] <2.50 -60.00 -4.00> result: 91.33 104.75 -72.40 -1.33 87.15 0.00
[22:49:45.999] [ARM-RX] [30] <2.50 -60.00 -4.00> result: 91.33 104.75 -72.40 -1.33 87.15
[22:49:46.021] [ARM-RX] 0.00
[22:49:46.022] [ARM-RX] [31] <2.50 -60.00 -4.00> result: 91.33 104.75 -72.40 -1.33 87.15 0.00
[22:49:46.022] [ARM-RX] [32] <2.50 -60.00 -4.00> result: 91.33 104.75 -72.40 -1.33 87.15 0.00
[22:49:46.022] [ARM-RX] [33] <2.50 -60.00 -4.00> result: 91.33 104.75 -72.40 -1.33 87.15 0.00
[22:49:46.022] [ARM-RX] [34] <2.50 -60.00 -4.00> result: 91.
[22:49:46.044] [ARM-RX] 33 104.75 -72.40 -1.33 87.15 0.00
[22:49:46.046] [ARM-RX] [35] <2.50 -60.00 -4.00> result: 91.33 104.75 -72.40 -1.33 87.15 0.00
[22:49:46.046] [ARM-RX] [36] <2.50 -60.00 -4.00> result: 91.33 104.75 -72.40 -1.33 87.15 0.00
[22:49:46.046] [ARM-RX] [37] <2.50 -60.00 -4.00> result: 91.33 104.75 -72.40 -1.33 87.15 0.00
[22:49:46.047] [ARM-RX] [38] <2.
[22:49:46.068] [ARM-RX] 50 -60.00 -4.00> result: 91.33 104.75 -72.40 -1.33 87.15 0.00
[22:49:46.068] [ARM-RX] [39] <2.50 -60.00 -4.00> result: 91.33 104.75 -72.40 -1.33 87.15 0.00
[22:49:46.068] [ARM-RX] [40] <2.50 -60.00 -4.00> result: 91.33 104.75 -72.40 -1.33 87.15 0.00
[22:49:46.069] [ARM-RX] [41] <2.50 -60.00 -4.00> result: 91.33 104.75 -72.4
[22:49:46.128] [ARM-RX] 0 -1.33 87.15 0.00
[22:49:46.129] [ARM-RX] [42] <2.50 -60.00 -4.00> result: 91.33 104.75 -72.40 -1.33 87.15 0.00
[22:49:46.129] [ARM-RX] [43] <2.50 -60.00 -4.00> result: 91.33 104.75 -72.40 -1.33 87.15 0.00
[22:49:46.129] [ARM-RX] [TARGET] vision state=ALIGN enabled=1 dcx=30 dcy=-20 stable=0
[22:49:46.157] [JETSON-TX] VISION dcx=30 dcy=-20: FF 05 03 1E 00 EC FF 11 FE
[22:49:46.190] [ARM-RX] [JETSON_RX] vision dcx=30 dcy=-20
[22:49:46.192] [ARM-RX] [TARGET] vision state=ALIGN enabled=1 dcx=30 dcy=-20 stable=0
[22:49:46.358] [JETSON-TX] VISION dcx=30 dcy=-20: FF 05 03 1E 00 EC FF 11 FE
[22:49:46.375] [ARM-RX] [JETSON_RX] vision dcx=30 dcy=-20
[22:49:46.375] [ARM-RX] [TARGET] vision state=ALIGN enabled=1 dcx=30 dcy=-20 stable=0
[22:49:46.559] [JETSON-TX] VISION dcx=30 dcy=-20: FF 05 03 1E 00 EC FF 11 FE
[22:49:46.624] [ARM-RX] [JETSON_RX] vision dcx=30 dcy=-20
[22:49:46.624] [ARM-RX] [TARGET] vision state=ALIGN enabled=1 dcx=30 dcy=-20 stable=0
[22:49:46.624] [ARM-RX] [joint 1] ave_error:0.32
[22:49:46.624] [ARM-RX] [joint 2] ave_error:1.24
[22:49:46.625] [ARM-RX] [joint 3] ave_error:0.28
[22:49:46.625] [ARM-RX] [joint 4] ave_error:0.33
[22:49:46.625] [ARM-RX] [joint 5] ave_error:
[22:49:46.686] [ARM-RX] 0.21
[22:49:46.686] [ARM-RX] robot pid run finished!!
[22:49:46.709] [ARM-RX] ROBOT_AUTO_EVENT
[22:49:46.710] [ARM-RX] [0] <2.50 -60.00 -4.00> result: 91.33 104.75 -72.40 -1.33 87.15 0.00
[22:49:46.710] [ARM-RX] [1] <2.50 -60.00 -4.00> result: 91.33 104.75 -72.40 -1.33 87.16 0.00
[22:49:46.710] [ARM-RX] [2] <2.51 -60.00 -4.01> result: 91.33 104.76 -72.40 -1.34 87.16 0.00
[22:49:46.710] [ARM-RX] [3] <2.52 -60.00 -4.02> resul
[22:49:46.732] [ARM-RX] t: 91.34 104.76 -72.40 -1.34 87.17 0.00
[22:49:46.732] [ARM-RX] [4] <2.55 -60.00 -4.05> result: 91.35 104.78 -72.40 -1.36 87.18 0.00
[22:49:46.733] [ARM-RX] [5] <2.58 -60.00 -4.08> result: 91.37 104.79 -72.40 -1.38 87.20 0.00
[22:49:46.733] [ARM-RX] [6] <2.64 -60.00 -4.14> result: 91.40 104.82 -72.41 -1.40 87.23 0.00
[22:49:46.733] [ARM-RX] [7] <
[22:49:46.756] [ARM-RX] 2.71 -60.00 -4.21> result: 91.44 104.86 -72.41 -1.44 87.27 0.00
[22:49:46.756] [ARM-RX] [8] <2.79 -60.00 -4.29> result: 91.49 104.90 -72.41 -1.49 87.31 0.00
[22:49:46.756] [ARM-RX] [9] <2.90 -60.00 -4.40> result: 91.55 104.96 -72.41 -1.55 87.37 0.00
[22:49:46.756] [ARM-RX] [10] <3.03 -60.00 -4.53> result: 91.61 105.03 -72.4
[22:49:46.760] [JETSON-TX] VISION dcx=15 dcy=-10: FF 05 03 0F 00 F6 FF 0C FE
[22:49:46.778] [ARM-RX] 1 -1.62 87.44 0.00
[22:49:46.779] [ARM-RX] [11] <3.18 -60.00 -4.68> result: 91.69 105.11 -72.42 -1.70 87.53 0.00
[22:49:46.779] [ARM-RX] [12] <3.36 -60.00 -4.86> result: 91.79 105.20 -72.42 -1.79 87.62 0.00
[22:49:46.779] [ARM-RX] [13] <3.55 -60.00 -5.05> result: 91.89 105.30 -72.43 -1.89 87.72 0.00
[22:49:46.780] [ARM-RX] [14] <3.76 -60.00 -5.26
[22:49:46.801] [ARM-RX] > result: 92.00 105.41 -72.43 -2.00 87.84 0.00
[22:49:46.802] [ARM-RX] [15] <3.99 -60.00 -5.49> result: 92.12 105.53 -72.43 -2.12 87.96 0.00
[22:49:46.802] [ARM-RX] [16] <4.24 -60.00 -5.74> result: 92.25 105.66 -72.44 -2.26 88.10 0.00
[22:49:46.802] [ARM-RX] [17] <4.50 -60.00 -6.00> result: 92.39 105.79 -72.44 -2.39 88.24 0
[22:49:46.824] [ARM-RX] .00
[22:49:46.824] [ARM-RX] [18] <4.77 -60.00 -6.27> result: 92.54 105.94 -72.45 -2.54 88.38 0.00
[22:49:46.824] [ARM-RX] [19] <5.00 -60.00 -6.50> result: 92.66 106.06 -72.45 -2.66 88.51 0.00
[22:49:46.825] [ARM-RX] [20] <5.00 -60.00 -6.50> result: 92.66 106.06 -72.45 -2.66 88.51 0.00
[22:49:46.825] [ARM-RX] [21] <5.00 -60.00 -6.50> result: 92.66
[22:49:46.849] [ARM-RX] 106.06 -72.45 -2.66 88.51 0.00
[22:49:46.849] [ARM-RX] [22] <5.00 -60.00 -6.50> result: 92.66 106.06 -72.45 -2.66 88.51 0.00
[22:49:46.850] [ARM-RX] [23] <5.00 -60.00 -6.50> result: 92.66 106.06 -72.45 -2.66 88.51 0.00
[22:49:46.850] [ARM-RX] [24] <5.00 -60.00 -6.50> result: 92.66 106.06 -72.45 -2.66 88.51 0.00
[22:49:46.850] [ARM-RX] [25] <5.00
[22:49:46.882] [ARM-RX] -60.00 -6.50> result: 92.66 106.06 -72.45 -2.66 88.51 0.00
[22:49:46.882] [ARM-RX] [26] <5.00 -60.00 -6.50> result: 92.66 106.06 -72.45 -2.66 88.51 0.00
[22:49:46.882] [ARM-RX] [27] <5.00 -60.00 -6.50> result: 92.66 106.06 -72.45 -2.66 88.51 0.00
[22:49:46.882] [ARM-RX] [28] <5.00 -60.00 -6.50> result: 92.66 106.06 -72.45
[22:49:46.905] [ARM-RX] -2.66 88.51 0.00
[22:49:46.906] [ARM-RX] [29] <5.00 -60.00 -6.50> result: 92.66 106.06 -72.45 -2.66 88.51 0.00
[22:49:46.906] [ARM-RX] [30] <5.00 -60.00 -6.50> result: 92.66 106.06 -72.45 -2.66 88.51 0.00
[22:49:46.906] [ARM-RX] [31] <5.00 -60.00 -6.50> result: 92.66 106.06 -72.45 -2.66 88.51 0.00
[22:49:46.906] [ARM-RX] [32] <5.00 -60.00 -6.50>
[22:49:46.929] [ARM-RX] result: 92.66 106.06 -72.45 -2.66 88.51 0.00
[22:49:46.929] [ARM-RX] [33] <5.00 -60.00 -6.50> result: 92.66 106.06 -72.45 -2.66 88.51 0.00
[22:49:46.929] [ARM-RX] [34] <5.00 -60.00 -6.50> result: 92.66 106.06 -72.45 -2.66 88.51 0.00
[22:49:46.929] [ARM-RX] [35] <5.00 -60.00 -6.50> result: 92.66 106.06 -72.45 -2.66 88.51 0.0
[22:49:46.953] [ARM-RX] 0
[22:49:46.958] [ARM-RX] [36] <5.00 -60.00 -6.50> result: 92.66 106.06 -72.45 -2.66 88.51 0.00
[22:49:46.958] [ARM-RX] [37] <5.00 -60.00 -6.50> result: 92.66 106.06 -72.45 -2.66 88.51 0.00
[22:49:46.958] [ARM-RX] [38] <5.00 -60.00 -6.50> result: 92.66 106.06 -72.45 -2.66 88.51 0.00
[22:49:46.959] [ARM-RX] [39] <5.00 -60.00 -6.50> result: 92.66 1
[22:49:46.960] [JETSON-TX] VISION dcx=15 dcy=-10: FF 05 03 0F 00 F6 FF 0C FE
[22:49:46.975] [ARM-RX] 06.06 -72.45 -2.66 88.51 0.00
[22:49:46.976] [ARM-RX] [40] <5.00 -60.00 -6.50> result: 92.66 106.06 -72.45 -2.66 88.51 0.00
[22:49:46.976] [ARM-RX] [41] <5.00 -60.00 -6.50> result: 92.66 106.06 -72.45 -2.66 88.51 0.00
[22:49:46.976] [ARM-RX] [42] <5.00 -60.00 -6.50> result: 92.66 106.06 -72.45 -2.66 88.51 0.00
[22:49:46.976] [ARM-RX] [43] <5.00 -
[22:49:47.031] [ARM-RX] 60.00 -6.50> result: 92.66 106.06 -72.45 -2.66 88.51 0.00
[22:49:47.032] [ARM-RX] [TARGET] vision state=ALIGN enabled=1 dcx=15 dcy=-10 stable=0
[22:49:47.032] [ARM-RX] [JETSON_RX] vision dcx=15 dcy=-10
[22:49:47.032] [ARM-RX] [TARGET] vision state=ALIGN enabled=1 dcx=15 dcy=-10 stable=0
[22:49:47.161] [JETSON-TX] VISION dcx=15 dcy=-10: FF 05 03 0F 00 F6 FF 0C FE
[22:49:47.218] [ARM-RX] [JETSON_RX] vision dcx=15 dcy=-10
[22:49:47.219] [ARM-RX] [TARGET] vision state=ALIGN enabled=1 dcx=15 dcy=-10 stable=0
[22:49:47.362] [JETSON-TX] VISION dcx=15 dcy=-10: FF 05 03 0F 00 F6 FF 0C FE
[22:49:47.404] [ARM-RX] [JETSON_RX] vision dcx=15 dcy=-10
[22:49:47.404] [ARM-RX] [TARGET] vision state=ALIGN enabled=1 dcx=15 dcy=-10 stable=0
[22:49:47.529] [ARM-RX] [joint 1] ave_error:0.48
[22:49:47.529] [ARM-RX] [joint 2] ave_error:0.43
[22:49:47.530] [ARM-RX] [joint 3] ave_error:0.08
[22:49:47.530] [ARM-RX] [joint 4] ave_error:0.42
[22:49:47.530] [ARM-RX] [joint 5] ave_error:0.17
[22:49:47.530] [ARM-RX] robot pid run finished!!
[22:49:47.563] [JETSON-TX] VISION dcx=15 dcy=-10: FF 05 03 0F 00 F6 FF 0C FE
[22:49:47.592] [ARM-RX] [JETSON_RX] vision dcx=15 dcy=-10
[22:49:47.592] [ARM-RX] [TARGET] vision state=ALIGN enabled=1 dcx=15 dcy=-10 stable=0
[22:49:47.592] [ARM-RX] ROBOT_AUTO_EVENT
[22:49:47.592] [ARM-RX] [0] <5.00 -60.00 -6.50> result: 92.66 106.06 -72.45 -2.66 88.51 0.00
[22:49:47.592] [ARM-RX] [1] <5.00 -60.00 -6.50> result: 92.66 106.06 -72.45 -2.
[22:49:47.626] [ARM-RX] 66 88.51 0.00
[22:49:47.626] [ARM-RX] [2] <5.01 -60.00 -6.51> result: 92.67 106.07 -72.45 -2.67 88.52 0.00
[22:49:47.627] [ARM-RX] [3] <5.04 -60.00 -6.54> result: 92.68 106.08 -72.45 -2.68 88.53 0.00
[22:49:47.627] [ARM-RX] [4] <5.08 -60.00 -6.58> result: 92.70 106.10 -72.45 -2.70 88.55 0.00
[22:49:47.627] [ARM-RX] [5] <5.14 -60.00 -6.64> result:
[22:49:47.649] [ARM-RX] 92.73 106.13 -72.45 -2.73 88.58 0.00
[22:49:47.649] [ARM-RX] [6] <5.22 -60.00 -6.72> result: 92.78 106.17 -72.45 -2.78 88.63 0.00
[22:49:47.649] [ARM-RX] [7] <5.32 -60.00 -6.82> result: 92.83 106.23 -72.45 -2.83 88.68 0.00
[22:49:47.650] [ARM-RX] [8] <5.44 -60.00 -6.94> result: 92.89 106.29 -72.45 -2.89 88.74 0.00
[22:49:47.650] [ARM-RX] [9] <5.
[22:49:47.672] [ARM-RX] 58 -60.00 -7.08> result: 92.97 106.36 -72.45 -2.97 88.82 0.00
[22:49:47.672] [ARM-RX] [10] <5.73 -60.00 -7.23> result: 93.05 106.44 -72.45 -3.05 88.90 0.00
[22:49:47.672] [ARM-RX] [11] <5.80 -60.00 -7.30> result: 93.08 106.48 -72.46 -3.09 88.94 0.00
[22:49:47.672] [ARM-RX] [12] <5.80 -60.00 -7.30> result: 93.08 106.48 -72.4
[22:49:47.696] [ARM-RX] 6 -3.09 88.94 0.00
[22:49:47.696] [ARM-RX] [13] <5.80 -60.00 -7.30> result: 93.08 106.48 -72.46 -3.09 88.94 0.00
[22:49:47.696] [ARM-RX] [14] <5.80 -60.00 -7.30> result: 93.08 106.48 -72.46 -3.09 88.94 0.00
[22:49:47.696] [ARM-RX] [15] <5.80 -60.00 -7.30> result: 93.08 106.48 -72.46 -3.09 88.94 0.00
[22:49:47.697] [ARM-RX] [16] <5.80 -60.00 -7.30
[22:49:47.718] [ARM-RX] > result: 93.08 106.48 -72.46 -3.09 88.94 0.00
[22:49:47.718] [ARM-RX] [17] <5.80 -60.00 -7.30> result: 93.08 106.48 -72.46 -3.09 88.94 0.00
[22:49:47.718] [ARM-RX] [18] <5.80 -60.00 -7.30> result: 93.08 106.48 -72.46 -3.09 88.94 0.00
[22:49:47.718] [ARM-RX] [19] <5.80 -60.00 -7.30> result: 93.08 106.48 -72.46 -3.09 88.94 0
[22:49:47.742] [ARM-RX] .00
[22:49:47.743] [ARM-RX] [20] <5.80 -60.00 -7.30> result: 93.08 106.48 -72.46 -3.09 88.94 0.00
[22:49:47.743] [ARM-RX] [21] <5.80 -60.00 -7.30> result: 93.08 106.48 -72.46 -3.09 88.94 0.00
[22:49:47.743] [ARM-RX] [22] <5.80 -60.00 -7.30> result: 93.08 106.48 -72.46 -3.09 88.94 0.00
[22:49:47.743] [ARM-RX] [23] <5.80 -60.00 -7.30> result: 93.08
[22:49:47.764] [JETSON-TX] VISION dcx=8 dcy=-5: FF 05 03 08 00 FB FF 0A FE
[22:49:47.796] [ARM-RX] 106.48 -72.46 -3.09 88.94 0.00
[22:49:47.796] [ARM-RX] [24] <5.80 -60.00 -7.30> result: 93.08 106.48 -72.46 -3.09 88.94 0.00
[22:49:47.800] [ARM-RX] [JETSON_RX] vision dcx=8 dcy=-5
[22:49:47.800] [ARM-RX] [TARGET] vision state=ALIGN enabled=1 dcx=8 dcy=-5 stable=0
[22:49:47.964] [JETSON-TX] VISION dcx=8 dcy=-5: FF 05 03 08 00 FB FF 0A FE
[22:49:47.984] [ARM-RX] [JETSON_RX] vision dcx=8 dcy=-5
[22:49:47.984] [ARM-RX] [TARGET] vision state=ALIGN enabled=1 dcx=8 dcy=-5 stable=0
[22:49:48.108] [ARM-RX] [joint 1] ave_error:0.41
[22:49:48.108] [ARM-RX] [joint 2] ave_error:0.42
[22:49:48.108] [ARM-RX] [joint 3] ave_error:0.04
[22:49:48.108] [ARM-RX] [joint 4] ave_error:0.27
[22:49:48.109] [ARM-RX] [joint 5] ave_error:0.05
[22:49:48.109] [ARM-RX] robot pid run finished!!
[22:49:48.165] [JETSON-TX] VISION dcx=8 dcy=-5: FF 05 03 08 00 FB FF 0A FE
[22:49:48.170] [ARM-RX] ROBOT_AUTO_EVENT
[22:49:48.170] [ARM-RX] [0] <5.80 -60.00 -7.30> result: 93.08 106.48 -72.46 -3.09 88.94 0.00
[22:49:48.170] [ARM-RX] [1] <5.80 -60.00 -7.30> result: 9
[22:49:48.193] [ARM-RX] 3.09 106.48 -72.46 -3.09 88.94 0.00
[22:49:48.195] [ARM-RX] [2] <5.81 -60.00 -7.31> result: 93.09 106.49 -72.46 -3.09 88.94 0.00
[22:49:48.195] [ARM-RX] [3] <5.84 -60.00 -7.34> result: 93.10 106.50 -72.46 -3.10 88.96 0.00
[22:49:48.195] [ARM-RX] [4] <5.88 -60.00 -7.38> result: 93.13 106.52 -72.46 -3.13 88.98 0.00
[22:49:48.195] [ARM-RX] [5] <5.94
[22:49:48.218] [ARM-RX] -60.00 -7.44> result: 93.16 106.55 -72.46 -3.16 89.01 0.00
[22:49:48.218] [ARM-RX] [6] <6.02 -60.00 -7.52> result: 93.20 106.60 -72.46 -3.20 89.05 0.00
[22:49:48.218] [ARM-RX] [7] <6.12 -60.00 -7.62> result: 93.25 106.65 -72.46 -3.25 89.11 0.00
[22:49:48.219] [ARM-RX] [8] <6.24 -60.00 -7.74> result: 93.32 106.71 -72.46 -3.
[22:49:48.241] [ARM-RX] 32 89.17 0.00
[22:49:48.241] [ARM-RX] [9] <6.38 -60.00 -7.88> result: 93.39 106.79 -72.46 -3.39 89.25 0.00
[22:49:48.241] [ARM-RX] [10] <6.53 -60.00 -8.03> result: 93.47 106.87 -72.46 -3.47 89.33 0.00
[22:49:48.242] [ARM-RX] [11] <6.60 -60.00 -8.10> result: 93.51 106.90 -72.46 -3.51 89.36 0.00
[22:49:48.242] [ARM-RX] [12] <6.60 -60.00 -8.10> resu
[22:49:48.264] [ARM-RX] lt: 93.51 106.90 -72.46 -3.51 89.36 0.00
[22:49:48.264] [ARM-RX] [13] <6.60 -60.00 -8.10> result: 93.51 106.90 -72.46 -3.51 89.36 0.00
[22:49:48.264] [ARM-RX] [14] <6.60 -60.00 -8.10> result: 93.51 106.90 -72.46 -3.51 89.36 0.00
[22:49:48.265] [ARM-RX] [15] <6.60 -60.00 -8.10> result: 93.51 106.90 -72.46 -3.51 89.36 0.00
[22:49:48.265] [ARM-RX] [
[22:49:48.287] [ARM-RX] 16] <6.60 -60.00 -8.10> result: 93.51 106.90 -72.46 -3.51 89.36 0.00
[22:49:48.288] [ARM-RX] [17] <6.60 -60.00 -8.10> result: 93.51 106.90 -72.46 -3.51 89.36 0.00
[22:49:48.288] [ARM-RX] [18] <6.60 -60.00 -8.10> result: 93.51 106.90 -72.46 -3.51 89.36 0.00
[22:49:48.288] [ARM-RX] [19] <6.60 -60.00 -8.10> result: 93.51 106.9
[22:49:48.316] [ARM-RX] 0 -72.46 -3.51 89.36 0.00
[22:49:48.316] [ARM-RX] [20] <6.60 -60.00 -8.10> result: 93.51 106.90 -72.46 -3.51 89.36 0.00
[22:49:48.316] [ARM-RX] [21] <6.60 -60.00 -8.10> result: 93.51 106.90 -72.46 -3.51 89.36 0.00
[22:49:48.316] [ARM-RX] [22] <6.60 -60.00 -8.10> result: 93.51 106.90 -72.46 -3.51 89.36 0.00
[22:49:48.317] [ARM-RX] [23] <6.60 -60.0
[22:49:48.366] [JETSON-TX] VISION dcx=8 dcy=-5: FF 05 03 08 00 FB FF 0A FE
[22:49:48.372] [ARM-RX] 0 -8.10> result: 93.51 106.90 -72.46 -3.51 89.36 0.00
[22:49:48.372] [ARM-RX] [24] <6.60 -60.00 -8.10> result: 93.51 106.90 -72.46 -3.51 89.36 0.00
[22:49:48.379] [ARM-RX] [JETSON_RX] vision dcx=8 dcy=-5
[22:49:48.379] [ARM-RX] [TARGET] vision state=ALIGN enabled=1 dcx=8 dcy=-5 stable=0
[22:49:48.434] [ARM-RX] [JETSON_RX] vision dcx=8 dcy=-5
[22:49:48.434] [ARM-RX] [TARGET] vision state=ALIGN enabled=1 dcx=8 dcy=-5 stable=0
[22:49:48.567] [JETSON-TX] VISION dcx=8 dcy=-5: FF 05 03 08 00 FB FF 0A FE
[22:49:48.621] [ARM-RX] [JETSON_RX] vision dcx=8 dcy=-5
[22:49:48.621] [ARM-RX] [TARGET] vision state=ALIGN enabled=1 dcx=8 dcy=-5 stable=0
[22:49:48.683] [ARM-RX] [joint 1] ave_error:0.40
[22:49:48.683] [ARM-RX] [joint 2] ave_error:0.44
[22:49:48.683] [ARM-RX] [joint 3] ave_error:0.03
[22:49:48.683] [ARM-RX] [joint 4] ave_error:0.23
[22:49:48.684] [ARM-RX] [joint 5] ave_error:0.05
[22:49:48.684] [ARM-RX] robot pid run finished!!
[22:49:48.745] [ARM-RX] ROBOT_AUTO_EVENT
[22:49:48.747] [ARM-RX] [0] <6.60 -60.00 -8.10> result: 93.51 106.90 -72.46 -3.51 89.36 0.00
[22:49:48.747] [ARM-RX] [1] <6.60 -60.00 -8.10> result: 9
[22:49:48.768] [JETSON-TX] VISION dcx=0 dcy=0: FF 05 03 00 00 00 00 08 FE
[22:49:48.770] [ARM-RX] 3.51 106.91 -72.46 -3.51 89.37 0.00
[22:49:48.770] [ARM-RX] [2] <6.61 -60.00 -8.11> result: 93.52 106.91 -72.46 -3.52 89.37 0.00
[22:49:48.770] [ARM-RX] [3] <6.64 -60.00 -8.14> result: 93.53 106.92 -72.46 -3.53 89.38 0.00
[22:49:48.770] [ARM-RX] [4] <6.68 -60.00 -8.18> result: 93.55 106.94 -72.46 -3.55 89.41 0.00
[22:49:48.770] [ARM-RX] [5] <6.74
[22:49:48.794] [ARM-RX] -60.00 -8.24> result: 93.58 106.98 -72.46 -3.58 89.44 0.00
[22:49:48.794] [ARM-RX] [6] <6.82 -60.00 -8.32> result: 93.62 107.02 -72.46 -3.62 89.48 0.00
[22:49:48.794] [ARM-RX] [7] <6.92 -60.00 -8.42> result: 93.68 107.07 -72.46 -3.68 89.53 0.00
[22:49:48.795] [ARM-RX] [8] <7.04 -60.00 -8.54> result: 93.74 107.14 -72.46 -3.
[22:49:48.816] [ARM-RX] 74 89.60 0.00
[22:49:48.816] [ARM-RX] [9] <7.18 -60.00 -8.68> result: 93.82 107.21 -72.46 -3.82 89.67 0.00
[22:49:48.817] [ARM-RX] [10] <7.33 -60.00 -8.83> result: 93.90 107.29 -72.46 -3.90 89.75 0.00
[22:49:48.817] [ARM-RX] [11] <7.40 -60.00 -8.90> result: 93.93 107.33 -72.46 -3.93 89.79 0.00
[22:49:48.817] [ARM-RX] [12] <7.40 -60.00 -8.90> resu
[22:49:48.840] [ARM-RX] lt: 93.93 107.33 -72.46 -3.93 89.79 0.00
[22:49:48.840] [ARM-RX] [13] <7.40 -60.00 -8.90> result: 93.93 107.33 -72.46 -3.93 89.79 0.00
[22:49:48.841] [ARM-RX] [14] <7.40 -60.00 -8.90> result: 93.93 107.33 -72.46 -3.93 89.79 0.00
[22:49:48.841] [ARM-RX] [15] <7.40 -60.00 -8.90> result: 93.93 107.33 -72.46 -3.93 89.79 0.00
[22:49:48.841] [ARM-RX] [
[22:49:48.863] [ARM-RX] 16] <7.40 -60.00 -8.90> result: 93.93 107.33 -72.46 -3.93 89.79 0.00
[22:49:48.864] [ARM-RX] [17] <7.40 -60.00 -8.90> result: 93.93 107.33 -72.46 -3.93 89.79 0.00
[22:49:48.864] [ARM-RX] [18] <7.40 -60.00 -8.90> result: 93.93 107.33 -72.46 -3.93 89.79 0.00
[22:49:48.864] [ARM-RX] [19] <7.40 -60.00 -8.90> result: 93.93 107.3
[22:49:48.885] [ARM-RX] 3 -72.46 -3.93 89.79 0.00
[22:49:48.885] [ARM-RX] [20] <7.40 -60.00 -8.90> result: 93.93 107.33 -72.46 -3.93 89.79 0.00
[22:49:48.887] [ARM-RX] [21] <7.40 -60.00 -8.90> result: 93.93 107.33 -72.46 -3.93 89.79 0.00
[22:49:48.887] [ARM-RX] [22] <7.40 -60.00 -8.90> result: 93.93 107.33 -72.46 -3.93 89.79 0.00
[22:49:48.887] [ARM-RX] [23] <7.40 -60.0
[22:49:48.947] [ARM-RX] 0 -8.90> result: 93.93 107.33 -72.46 -3.93 89.79 0.00
[22:49:48.947] [ARM-RX] [24] <7.40 -60.00 -8.90> result: 93.93 107.33 -72.46 -3.93 89.79 0.00
[22:49:48.947] [ARM-RX] [JETSON_RX] vision dcx=0 dcy=0
[22:49:48.947] [ARM-RX] [TARGET] vision state=ALIGN enabled=1 dcx=0 dcy=0 stable=0
[22:49:48.969] [JETSON-TX] VISION dcx=0 dcy=0: FF 05 03 00 00 00 00 08 FE
[22:49:49.009] [ARM-RX] [JETSON_RX] vision dcx=0 dcy=0
[22:49:49.010] [ARM-RX] [TARGET] vision state=ALIGN enabled=1 dcx=0 dcy=0 stable=1
[22:49:49.170] [JETSON-TX] VISION dcx=0 dcy=0: FF 05 03 00 00 00 00 08 FE
[22:49:49.197] [ARM-RX] [JETSON_RX] vision dcx=0 dcy=0
[22:49:49.197] [ARM-RX] [TARGET] vision state=ALIGN enabled=1 dcx=0 dcy=0 stable=2
[22:49:49.243] [JETSON-RX] CC 02 01 DD
[22:49:49.243] [JETSON-STATUS] ALIGN_DONE: CC 02 01 DD
[22:49:49.245] [DEMO-ACTION] 已对准：请按住 P000 KEY 允许激光输出。
[22:49:49.259] [ARM-RX] [joint 1] ave_error:0.40
[22:49:49.259] [ARM-RX] [joint 2] ave_error:0.46
[22:49:49.259] [ARM-RX] [joint 3] ave_error:0.03
[22:49:49.259] [ARM-RX] [joint 4] ave_error:0.20
[22:49:49.259] [ARM-RX] [joint 5] ave_error:0.06
[22:49:49.259] [ARM-RX] robot pid run finished!!
[22:49:49.371] [JETSON-TX] VISION dcx=0 dcy=0: FF 05 03 00 00 00 00 08 FE
[22:49:49.446] [ARM-RX] [JETSON_RX] vision dcx=0 dcy=0
[22:49:49.446] [ARM-RX] [TARGET] vision state=CONFIRM enabled=1 dcx=0 dcy=0 stable=0
[22:49:49.576] [JETSON-TX] VISION dcx=0 dcy=0: FF 05 03 00 00 00 00 08 FE
[22:49:49.633] [ARM-RX] [JETSON_RX] vision dcx=0 dcy=0
[22:49:49.633] [ARM-RX] [TARGET] vision state=CONFIRM enabled=1 dcx=0 dcy=0 stable=0
[22:49:49.777] [JETSON-TX] VISION dcx=0 dcy=0: FF 05 03 00 00 00 00 08 FE
[22:49:49.821] [ARM-RX] [JETSON_RX] vision dcx=0 dcy=0
[22:49:49.821] [ARM-RX] [TARGET] vision state=CONFIRM enabled=1 dcx=0 dcy=0 stable=0
[22:49:49.978] [JETSON-TX] VISION dcx=0 dcy=0: FF 05 03 00 00 00 00 08 FE
[22:49:50.008] [ARM-RX] [JETSON_RX] vision dcx=0 dcy=0
[22:49:50.008] [ARM-RX] [TARGET] vision state=CONFIRM enabled=1 dcx=0 dcy=0 stable=0
[22:49:50.179] [JETSON-TX] VISION dcx=0 dcy=0: FF 05 03 00 00 00 00 08 FE
[22:49:50.259] [ARM-RX] [JETSON_RX] vision dcx=0 dcy=0
[22:49:50.259] [ARM-RX] [TARGET] vision state=CONFIRM enabled=1 dcx=0 dcy=0 stable=0
[22:49:50.380] [JETSON-TX] VISION dcx=0 dcy=0: FF 05 03 00 00 00 00 08 FE
[22:49:50.446] [ARM-RX] [JETSON_RX] vision dcx=0 dcy=0
[22:49:50.446] [ARM-RX] [TARGET] vision state=CONFIRM enabled=1 dcx=0 dcy=0 stable=0
[22:49:50.477] [JETSON-RX] CC 03 01 DD
[22:49:50.477] [JETSON-STATUS] OUTPUT_ON: CC 03 01 DD
[22:49:50.477] [DEMO-ACTION] 激光已输出：需要关闭时松开 P000 KEY。
[22:49:50.582] [JETSON-TX] VISION dcx=0 dcy=0: FF 05 03 00 00 00 00 08 FE
[22:49:50.632] [ARM-RX] [JETSON_RX] vision dcx=0 dcy=0
[22:49:50.632] [ARM-RX] [TARGET] vision state=OUTPUT enabled=1 dcx=0 dcy=0 stable=0
[22:49:50.782] [JETSON-TX] VISION dcx=0 dcy=0: FF 05 03 00 00 00 00 08 FE
[22:49:50.818] [ARM-RX] [JETSON_RX] vision dcx=0 dcy=0
[22:49:50.820] [ARM-RX] [TARGET] vision state=OUTPUT enabled=1 dcx=0 dcy=0 stable=0
[22:49:50.983] [JETSON-TX] VISION dcx=0 dcy=0: FF 05 03 00 00 00 00 08 FE
[22:49:51.005] [ARM-RX] [JETSON_RX] vision dcx=0 dcy=0
[22:49:51.005] [ARM-RX] [TARGET] vision state=OUTPUT enabled=1 dcx=0 dcy=0 stable=0
[22:49:51.184] [JETSON-TX] VISION dcx=0 dcy=0: FF 05 03 00 00 00 00 08 FE
[22:49:51.255] [ARM-RX] [JETSON_RX] vision dcx=0 dcy=0
[22:49:51.255] [ARM-RX] [TARGET] vision state=OUTPUT enabled=1 dcx=0 dcy=0 stable=0
[22:49:51.385] [JETSON-TX] VISION dcx=0 dcy=0: FF 05 03 00 00 00 00 08 FE
[22:49:51.441] [ARM-RX] [JETSON_RX] vision dcx=0 dcy=0
[22:49:51.441] [ARM-RX] [TARGET] vision state=OUTPUT enabled=1 dcx=0 dcy=0 stable=0
[22:49:51.586] [JETSON-TX] VISION dcx=0 dcy=0: FF 05 03 00 00 00 00 08 FE
[22:49:51.627] [ARM-RX] [JETSON_RX] vision dcx=0 dcy=0
[22:49:51.627] [ARM-RX] [TARGET] vision state=OUTPUT enabled=1 dcx=0 dcy=0 stable=0
[22:49:51.786] [JETSON-TX] VISION dcx=0 dcy=0: FF 05 03 00 00 00 00 08 FE
[22:49:51.813] [ARM-RX] [JETSON_RX] vision dcx=0 dcy=0
[22:49:51.813] [ARM-RX] [TARGET] vision state=OUTPUT enabled=1 dcx=0 dcy=0 stable=0
[22:49:51.987] [JETSON-TX] VISION dcx=0 dcy=0: FF 05 03 00 00 00 00 08 FE
[22:49:52.060] [ARM-RX] [JETSON_RX] vision dcx=0 dcy=0
[22:49:52.060] [ARM-RX] [TARGET] vision state=OUTPUT enabled=1 dcx=0 dcy=0 stable=0
[22:49:52.189] [JETSON-TX] VISION dcx=0 dcy=0: FF 05 03 00 00 00 00 08 FE
[22:49:52.247] [ARM-RX] [JETSON_RX] vision dcx=0 dcy=0
[22:49:52.247] [ARM-RX] [TARGET] vision state=OUTPUT enabled=1 dcx=0 dcy=0 stable=0
[22:49:52.390] [JETSON-TX] VISION dcx=0 dcy=0: FF 05 03 00 00 00 00 08 FE
[22:49:52.434] [ARM-RX] [JETSON_RX] vision dcx=0 dcy=0
[22:49:52.434] [ARM-RX] [TARGET] vision state=OUTPUT enabled=1 dcx=0 dcy=0 stable=0
[22:49:52.591] [JETSON-TX] VISION dcx=0 dcy=0: FF 05 03 00 00 00 00 08 FE
[22:49:52.619] [ARM-RX] [JETSON_RX] vision dcx=0 dcy=0
[22:49:52.619] [ARM-RX] [TARGET] vision state=OUTPUT enabled=1 dcx=0 dcy=0 stable=0
[22:49:52.792] [JETSON-TX] VISION dcx=0 dcy=0: FF 05 03 00 00 00 00 08 FE
[22:49:52.806] [ARM-RX] [JETSON_RX] vision dcx=0 dcy=0
[22:49:52.806] [ARM-RX] [TARGET] vision state=OUTPUT enabled=1 dcx=0 dcy=0 stable=0
[22:49:52.993] [JETSON-TX] VISION dcx=0 dcy=0: FF 05 03 00 00 00 00 08 FE
[22:49:53.056] [ARM-RX] [JETSON_RX] vision dcx=0 dcy=0
[22:49:53.056] [ARM-RX] [TARGET] vision state=OUTPUT enabled=1 dcx=0 dcy=0 stable=0
[22:49:53.194] [JETSON-TX] VISION dcx=0 dcy=0: FF 05 03 00 00 00 00 08 FE
[22:49:53.242] [ARM-RX] [JETSON_RX] vision dcx=0 dcy=0
[22:49:53.244] [ARM-RX] [TARGET] vision state=OUTPUT enabled=1 dcx=0 dcy=0 stable=0
[22:49:53.394] [JETSON-TX] VISION dcx=0 dcy=0: FF 05 03 00 00 00 00 08 FE
[22:49:53.429] [ARM-RX] [JETSON_RX] vision dcx=0 dcy=0
[22:49:53.429] [ARM-RX] [TARGET] vision state=OUTPUT enabled=1 dcx=0 dcy=0 stable=0
[22:49:53.595] [JETSON-TX] VISION dcx=0 dcy=0: FF 05 03 00 00 00 00 08 FE
[22:49:53.678] [ARM-RX] [JETSON_RX] vision dcx=0 dcy=0
[22:49:53.678] [ARM-RX] [TARGET] vision state=OUTPUT enabled=1 dcx=0 dcy=0 stable=0
[22:49:53.796] [JETSON-TX] VISION dcx=0 dcy=0: FF 05 03 00 00 00 00 08 FE
[22:49:53.864] [ARM-RX] [JETSON_RX] vision dcx=0 dcy=0
[22:49:53.864] [ARM-RX] [TARGET] vision state=OUTPUT enabled=1 dcx=0 dcy=0 stable=0
[22:49:53.997] [JETSON-TX] VISION dcx=0 dcy=0: FF 05 03 00 00 00 00 08 FE
[22:49:54.053] [ARM-RX] [JETSON_RX] vision dcx=0 dcy=0
[22:49:54.053] [ARM-RX] [TARGET] vision state=OUTPUT enabled=1 dcx=0 dcy=0 stable=0
[22:49:54.198] [JETSON-TX] VISION dcx=0 dcy=0: FF 05 03 00 00 00 00 08 FE
[22:49:54.241] [ARM-RX] [JETSON_RX] vision dcx=0 dcy=0
[22:49:54.241] [ARM-RX] [TARGET] vision state=OUTPUT enabled=1 dcx=0 dcy=0 stable=0
[22:49:54.399] [JETSON-TX] VISION dcx=0 dcy=0: FF 05 03 00 00 00 00 08 FE
[22:49:54.426] [ARM-RX] [JETSON_RX] vision dcx=0 dcy=0
[22:49:54.426] [ARM-RX] [TARGET] vision state=OUTPUT enabled=1 dcx=0 dcy=0 stable=0
[22:49:54.600] [JETSON-TX] VISION dcx=0 dcy=0: FF 05 03 00 00 00 00 08 FE
[22:49:54.676] [ARM-RX] [JETSON_RX] vision dcx=0 dcy=0
[22:49:54.676] [ARM-RX] [TARGET] vision state=OUTPUT enabled=1 dcx=0 dcy=0 stable=0
[22:49:55.173] [JETSON-RX] CC 03 00 DD
[22:49:55.173] [JETSON-STATUS] OUTPUT_OFF: CC 03 00 DD
[22:49:55.174] [JETSON-INFO] 已停止周期视觉发送
[22:49:55.176] [JETSON-TX] TARGET_CTRL_STOP: AA 01 00 BB
[22:49:55.176] [DEMO-INFO] 检测到 OUTPUT_OFF，演示流程结束。
[22:49:55.237] [ARM-RX] [JETSON_RX] target_ctrl=0
[22:49:55.252] [JETSON-RX] CC 04 00 DD
[22:49:55.252] [JETSON-STATUS] TARGET_CTRL_OFF: CC 04 00 DD
[22:50:04.650] [JETSON-INFO] 已停止周期视觉发送
[22:50:04.650] [JETSON-TX] TARGET_CTRL_STOP: AA 01 00 BB
[22:50:04.652] [ARM-TX] 发送命令 laser_off: laser_off
[22:50:04.652] [DEMO-INFO] 演示已停止，已关闭视觉发送和激光输出
[22:50:04.692] [ARM-RX] [JETSON_RX] target_ctrl=0
[22:50:04.692] [ARM-RX] Found handler for 'laser_off', executing...
[22:50:04.693] [ARM-RX] laser_off
[22:50:04.723] [JETSON-RX] CC 04 00 DD
[22:50:04.723] [JETSON-STATUS] TARGET_CTRL_OFF: CC 04 00 DD
[22:50:14.262] [ARM-TX] 发送命令 soft_reset: soft_reset
[22:50:14.334] [ARM-RX] Found handler for 'soft_reset', executing...
[22:50:14.334] [ARM-RX] ROBOT_SOFT_RESET_EVENT
[22:50:14.334] [ARM-RX] --- Starting soft reset ---
[22:50:14.521] [ARM-RX] Soft reset motors enabled (J1~J5, J6 skipped).
[22:50:14.521] [ARM-RX] Soft resetting joint 4...
[22:50:14.584] [ARM-RX] robot_update_current_angle 4...
[22:50:14.584] [ARM-RX] [4] current:89.79, target:90.00, dir:1
[22:50:14.709] [ARM-RX] Soft resetting joint 3...
[22:50:14.709] [ARM-RX] robot_update_current_angle 3...
[22:50:14.709] [ARM-RX] [3] current:-3.82, target:0.00, dir:1
[22:50:15.455] [ARM-RX] Soft resetting joint 1...
[22:50:15.455] [ARM-RX] robot_update_current_angle 1...
[22:50:15.455] [ARM-RX] [1] current:107.01, target:90.00, dir:-1
[22:50:17.194] [ARM-RX] soft reset joint 1 settle timeout, keep going
[22:50:17.194] [ARM-RX] Soft resetting joint 2...
[22:50:17.194] [ARM-RX] robot_update_current_angle 2...
[22:50:17.195] [ARM-RX] [2] current:-72.43, target:-90.00, dir:-1
[22:50:18.809] [ARM-RX] soft reset joint 2 settle timeout, keep going
[22:50:18.809] [ARM-RX] Soft resetting joint 0...
[22:50:18.809] [ARM-RX] robot_update_current_angle 0...
[22:50:18.809] [ARM-RX] [0] current:93.61, target:90.00, dir:-1
[22:50:19.619] [ARM-RX] soft reset final verify PASS (issues:2), pose set HOME.
[22:53:26.952] [JETSON-RX] FE 60 80 1E 9E 86 C6 00 00 1E F8 FE 00 00 80 00 98 00 00 00 00 00 00 00 00 00 00 00 00 00 00 00 00 00 00 00 00 00 00 00 00 00 00 00 00 00 00 00 00 00 00 00 00 00 00 00 00 00 00 00 00 00 00 00 00 00 00 00 00 00 00 00 00 00 00 00 00 00 00 00 00 00 00 00 10 00 00 00 00 00 00 00 00 00 00 00 00 00 00 00 00 00 00 00 00 00 00 00 00 00 00 00 00 00 00 00 00 00 00 00 00 00 00 00 00 00 00 00 00 00 00 00 00 00 00 00 00 00 00 00 00 00 00 00 00 00 00 00 00 00 00 00 00 00 00 00 00 00 00 00 00 00 00 00 00 00 00 00 00 00 00 00 00 00 00 00 00 00 00 00 00 00 00 00 00 00 00 00 00 00 00 00 00 00 00 00 00 00 00 00 00 00 00 00 00 00 00 00 00 00 0C 00 00 00 00 00 00 00 00 00 00 00 00 00 00 00 00 00 00 00 00 00 00 00 00 00 00 00 00 00 00 00 00 00 00 00 00 00 00 00 00 00 00 00 00 00
[22:53:27.532] [JETSON-RX] 00 00 00 00 00 00 00 00 00 00 00 00 00 00 00 00 00 00 00 00 00 00 00 00 00 00 00 00 00 00 00 00 00 00 00 00 00 00 00 00 00 00 00 00 00 00 00 00 00 00 00 00 00 00 00 00 00 00 00 00 00 00 00 00 00 00 00 00 00 00 00 00 00 00 00 00 00 00 00 00 00 00 00 00 00 00 01 00 00 00 00 00 00 00 00 00 00 00 00 00 00 00 00 00 00 00 00 00 00 10 00 00 00 00 00 00 00 00 00 00 00 00 00 00 00 00 00 00 00 00 00 00 00 00 10 00 00 04 04 00 04 00 00 00 00 00 00 00 00 00 00 00 00 00 00 00 00 00 00 00 00 00 01 00 00 00 00 00 00 00 00 00 00 00 00 00 00 00 00 00 00 00 00 00 00 00 00 00 00 00 00 00 00 00 00 00 00 00 00 00 00 00 00 00 00 00 00 10 00 00 00 00 00 00 00 00 00 00 00 00 00 00 00 00 00 00 00 00 00 00 00 00 00 00 00 00 00 00 00 00 00 00 00 00 00 00 00 00 00 00 00 00 00 00 00 00
[22:53:28.150] [JETSON-RX] 00 00 00 00 00 00 00 00 00 00 00 00 04 00 00 00 00 00 00 00 00 00 00 00 00 00 00 00 00 00 00 00 00 00 00 00 00 00 00 04 00 00 00 00 00 00 00 00 00 00 00 00 00 00 00 00 00 00 00 00 00 00 00 00 00 00 00 00 00 00 00 00 00 00 00 00 00 00 00 00 00 00 00 00 00 00 00 00 00 00 00 00 00 00 00 00 00 00 00 00 00 00 00 00 00 00 00 00 00 00 00 00 00 00 00 00 00 00 00 00 00 00 00 00 00 00 00 00 00 00 00 00 00 00 00 00 00 00 00 00 00 00 00 00 00 00 00 00 00 00 00 00 00 00 00 00 00 00 00 00 00 00 00 00 00 00 00 00 00 00 00 00 00 00 00 00 00 00 00 00 00 00 00 00 00 00 00 00 00 00 00 00 00 00 00 00 00 00 00 00 00 00 00 00 00 00 00 00 00 00 00 00 00 00 00 00 00 00 00 00 00 00 00 00 00 00 00 00 00 00 00 00 00 00 00 00 00 00 00 00 00 00 00 00 00 00 00 00 00 00 00 00 00 00 00 00
[22:53:28.947] [JETSON-RX] 00 00 00 00 00 00 00 00 00 00 00 00 00 00 00 00 00 00 00 00 00 00 00 00 00 00 00 00 00 00 00 00 00 00 00 00 00 00 00 00 00 00 00 00 00 00 00 00 00 00 00 00 00 00 00 00 00 00 00 00 00 00 00 00 00 00 00 00 00 00 00 00 00 00 00 00 00 00 00 00 00 00 00 00 00 00 00 00 00 00 00 00 00 00 00 00 00 00 00 00 00 00 00 00 00 00 00 00 00 00 00 00 00 00 00 00 00 00 00 00 00 00 00 00 00 00 00 00 00 00 00 00 00 00 00 00 00 00 00 00 00 00 00 00 00 00 00 00 00 00 00 00 00 00 00 00 00 00 00 00 00 00 00 00 00 00 00 00 00 00 00 00 00 00 00 00 00 00 00 00 00 00 00 00 00 00 00 00 00 00 00 00 00 00 00 00 00 00 00 00 00 00 00 00 00 00 00 00 00 00 00 00 00 00 00 00 00 00 00 00 00 00 00 00 00 00 00 00 00 00 00 00 00 00 00 00 00 00 00 00 00 00 00 00 00 00 00 00 00 00 00 00 00 00 00 00
[22:53:29.703] [JETSON-RX] 00 00 00 00 00 00 00 00 00 00 00 00 00 00 00 00 00 00 00 00 00 10 00 00 00 00 00 00 00 00 00 00 00 00 00 00 00 00 00 00 00 00 00 00 00 00 00 00 00 00 00 00 00 00 00 00 00 00 00 00 00 00 00 00 00 00 00 00 00 00 00 00 00 00 00 00 00 00 00 00 00 00 00 00 00 00 00 00 00 00 00 00 00 00 00 00 00 00 00 00 00 00 00 00 00 00 00 00 00 00 00 00 00 00 00 00 00 00 00 00 00 00 00 00 00 00 00 00 00 00 00 00 00 00 00 00 00 00 00 00 00 00 00 00 00 00 00 00 00 00 00 00 00 00 00 00 00 00 00 00 00 00 00 00 00 00 00 00 00 00 00 00 00 00 00 00 00 00 00 00 00 04 00 00 00 00 00 00 00 00 00 00 00 00 00 00 00 00 00 00 00 00 00 00 00 00 00 00 00 00 00 00 00 00 00 00 00 00 00 00 00 00 00 00 00 00 00 00 00 00 00 00 00 08 00 00 00 00 00 00 00 00 00 00 00 00 00 00 00 00 00 00 00 00 00 00
[22:53:30.509] [JETSON-RX] 00 00 00 00 00 00 00 00 00 00 00 00 00 00 00 00 00 00 00 00 00 00 00 00 00 00 00 00 00 00 00 00 00 00 00 00 00 00 00 00 00 00 00 00 00 00 00 00 00 00 00 00 00 00 00 00 00 00 00 00 00 00 00 00 00 00 00 00 00 00 00 00 00 00 00 00 00 00 00 00 00 00 00 00 00 00 00 00 00 00 00 00 00 00 00 00 00 00 00 00 00 00 00 00 00 00 00 00 00 00 00 00 00 00 00 00 00 00 00 00 00 00 00 00 00 00 00 00 04 00 00 00 00 00 10 00 00 00 00 00 00 00 00 00 00 00 00 00 00 00 00 00 00 00 00 00 00 00 00 00 00 00 00 00 00 00 00 00 00 00 00 00 00 00 00 00 00 00 00 00 00 00 00 00 00 00 00 00 00 00 00 00 00 00 00 00 00 00 00 00 00 00 00 00 00 00 00 00 00 00 00 00 00 00 00 00 00 00 00 00 00 00 00 00 00 00 00 08 00 00 00 00 00 00 00 00 00 00 00 00 00 00 00 00 00 00 00 00 00 00 00 00 00 00 00 00
[22:53:31.448] [JETSON-RX] 00 00 00 00 00 00 00 00 00 00 00 00 00 00 00 00 00 00 00 00 00 00 00 00 00 00 00 00 00 00 00 00 00 00 00 00 00 00 00 00 00 00 00 00 00 00 00 00 00 00 00 00 00 20 00 00 00 00 00 00 00 00 00 00 00 00 00 00 00 00 00 00 00 00 00 00 00 00 00 00 00 00 00 00 00 00 00 00 00 00 00 00 00 00 00 00 00 00 00 00 00 00 00 00 00 00 00 00 00 00 00 00 00 00 00 00 00 00 00 00 00 00 00 00 00 00 00 00 00 00 00 00 00 00 00 00 00 00 00 00 00 00 00 00 00 00 00 00 00 00 00 00 00 00 00 00 00 00 00 00 00 00 00 00 00 00 00 00 00 00 00 00 00 00 00 00 00 00 00 00 00 00 00 00 00 00 00 00 00 00 00 00 00 00 00 00 00 00 00 00 00 00 00 00 00 00 00 00 00 00 00 00 00 00 00 00 00 00 00 00 00 00 00 00 00 00 80 00 00 00 00 00 00 00 00 00 00 00 00 00 00 00 00 00 00 00 00 00 00 00 00 00 00 00 00 00
[22:53:32.242] [JETSON-RX] 00 00 00 00 00 00 00 00 00 00 00 00 00 00 00 00 00 00 00 00 00 00 00 00 00 00 00 00 00 00 00 00 00 00 00 00 00 00 00 00 00 00 00 00 00 00 00 00 00 00 00 00 00 00 00 00 00 00 00 00 00 00 00 00 00 00 00 00 00 00 00 00 00 00 00 00 00 00 00 00 00 00 00 00 00 00 00 00 00 00 00 00 00 00 00 00 00 00 00 00 00 00 00 00 00 00 00 00 00 00 00 00 00 00 00 00 00 00 00 00 00 00 00 00 00 00 00 00 00 00 00 00 00 00 00 00 00 00 00 00 00 00 00 00 00 00 00 00 00 00 00 00 00 00 00 00 00 00 00 00 00 00 00 00 00 00 00 00 00 00 00 00 00 00 00 00 00 00 00 00 00 00 00 00 00 00 00 00 00 00 00 00 00 00 00 00 10 00 00 00 00 00 00 00 00 00 00 00 00 00 00 00 00 00 00 00 00 00 00 00 00 00 00 00 00 00 00 00 00 00 00 00 00 00 00 00 00 00 00 00 00 00 00 00 00 00 00 00 00 00 00 00 00 00 00 00
[22:53:32.911] [JETSON-RX] 00 00 00 00 00 00 00 00 00 00 00 00 00 00 00 00 00 00 00 00 00 00 00 00 00 08 00 00 00 00 00 00 00 00 00 00 00 00 00 00 00 00 00 00 00 00 00 00 00 00 00 00 00 00 00 00 00 00 00 00 00 00 00 00 00 00 00 00 00 00 00 00 00 00 00 00 00 00 00 00 00 00 00 00 00 00 00 00 00 00 00 00 00 00 00 00 00 00 00 00 00 00 00 00 00 00 00 00 00 00 00 00 00 00 00 00 00 00 00 00 00 00 00 00 00 00 00 00 00 00 00 00 00 00 00 00 00 00 00 00 00 00 00 00 00 00 00 00 00 00 00 00 00 00 00 00 00 00 00 00 20 00 00 00 00 00 00 00 00 00 00 00 00 00 00 00 00 00 00 00 00 00 00 00 00 00 00 00 00 00 00 00 00 00 00 00 00 00 00 00 00 00 00 00 00 00 00 00 00 00 00 00 00 00 00 00 00 00 00 00 00 00 00 00 00 00 00 00 00 00 00 00 00 00 00 00 00 00 00 00 00 00 00 00 00 00 00 00 00 00 00 00 00 00 00 00
[22:53:33.632] [JETSON-RX] 00 00 00 00 00 00 00 00 00 00 00 00 00 00 00 00 00 00 00 00 00 00 00 00 00 00 00 00 00 00 00 00 00 00 00 00 00 00 00 00 00 00 00 00 00 10 00 00 00 00 00 00 00 00 00 00 00 00 00 00 00 00 00 00 00 00 00 00 00 00 00 00 00 00 00 00 00 00 00 00 00 00 00 00 00 00 00 00 00 00 00 00 00 00 00 00 00 00 00 00 00 00 00 00 00 00 00 00 00 00 00 00 00 00 00 00 00 00 00 00 00 00 00 00 00 00 00 00 00 00 00 00 00 00 00 00 00 00 00 00 00 00 00 00 00 00 00 00 00 00 00 00 00 00 00 00 00 00 00 08 00 00 00 00 00 00 00 00 00 00 00 00 00 00 00 00 00 00 00 00 00 00 00 00 00 00 00 00 00 00 00 00 00 00 00 00 00 00 00 00 00 00 00 00 00 00 00 00 00 00 00 00 00 00 00 00 00 00 00 00 00 00 00 00 00 00 00 00 00 00 00 00 00 00 00 00 00 00 00 00 00 00 00 00 00 00 00 00 00 00 00 00 00 00 00 00
[22:53:34.398] [JETSON-RX] 00 00 00 00 00 00 00 00 00 00 00 00 00 00 00 00 00 00 00 00 00 00 00 00 00 00 00 00 00 00 00 00 00 00 00 00 00 00 00 00 00 00 00 00 00 00 00 00 00 00 00 00 00 00 00 00 00 00 00 00 00 00 00 00 00 00 00 00 00 00 00 00 00 00 00 00 00 00 00 00 00 00 00 00 00 00 00 00 00 00 00 00 00 02 00 00 00 00 00 00 00 00 00 00 00 00 00 00 00 00 00 00 00 00 00 00 00 00 00 00 00 00 00 00 00 00 00 00 00 00 00 00 00 00 00 00 00 00 00 00 00 00 00 00 00 00 00 00 00 00 00 00 00 00 00 00 00 00 00 00 00 00 00 00 00 00 00 00 00 00 00 00 00 00 00 00 00 00 00 00 00 00 00 00 00 40 00 00 00 00 00 00 00 00 00 00 00 00 00 00 00 00 00 00 00 00 00 00 00 00 00 00 00 00 00 00 00 00 00 00 00 00 00 00 00 00 00 00 00 00 00 00 00 00 00 00 00 00 00 00 00 00 00 00 00 00 00 40 00 00 00 00 00 00 00 00
[22:53:35.141] [JETSON-RX] 00 00 00 00 00 00 00 00 00 00 00 00 00 00 00 00 00 00 00 00 00 00 00 00 00 00 00 00 00 00 00 00 00 00 00 00 00 00 00 00 00 00 00 00 00 00 00 00 00 00 00 00 00 00 00 00 00 00 00 00 00 00 00 00 00 00 00 00 00 00 00 00 00 00 00 00 00 04 00 00 00 00 00 00 00 00 00 00 00 00 00 00 00 00 00 02 00 00 00 00 00 00 00 00 00 00 00 00 00 00 00 00 00 00 00 00 00 00 00 00 00 00 00 00 00 00 00 00 00 00 00 00 00 00 00 00 00 00 00 00 00 00 00 00 00 00 00 00 00 00 00 00 00 00 00 00 00 00 00 00 00 00 00 00 00 00 00 00 00 00 00 00 80 00 00 00 00 00 00 00 00 00 00 00 00 00 00 00 00 00 00 00 00 00 00 00 00 00 00 00 00 00 00 00 00 00 00 00 00 00 00 00 00 00 00 00 00 00 00 00 00 00 00 00 00 00 00 00 00 00 00 00 00 00 00 00 00 00 00 00 00 00 00 00 00 00 00 00 00 00 00 00 00 00 00 00
[22:53:35.979] [JETSON-RX] 00 00 00 00 00 00 00 00 00 00 00 00 00 00 00 00 00 00 00 00 00 00 00 00 00 00 00 00 00 00 00 00 00 00 00 00 00 00 00 00 00 00 00 00 00 10 00 00 00 00 00 00 00 00 00 00 00 00 00 00 00 00 00 00 00 00 00 00 00 00 00 00 00 00 00 00 00 00 00 00 00 00 00 00 00 00 00 00 00 00 00 00 00 00 00 00 00 00 00 00 00 00 00 00 00 00 00 00 00 00 00 00 00 00 00 00 00 00 00 00 00 00 00 00 00 00 00 00 00 00 00 00 00 00 00 00 00 00 00 00 00 00 00 00 00 00 00 00 00 00 00 00 00 00 00 00 00 00 00 00 00 00 00 00 00 00 00 00 00 00 00 00 00 00 00 00 00 00 00 00 00 00 00 00 00 00 00 00 00 00 00 00 00 00 00 00 00 00 00 00 00 00 00 00 00 00 00 00 00 00 00 00 00 00 00 00 00 00 00 00 00 00 00 00 00 00 00 00 00 00 00 00 00 00 00 00 00 00 00 00 00 00 00 00 00 00 00 00 00 00 00 00 00 00 00 00
[22:53:36.809] [JETSON-RX] 00 00 00 00 00 00 00 00 00 00 00 00 00 00 00 00 00 00 00 00 00 00 00 00 00 00 00 00 00 00 00 00 00 00 00 00 00 00 00 00 00 00 00 00 00 00 00 00 00 00 00 00 00 00 00 00 00 00 00 00 00 00 00 00 00 00 00 00 00 00 00 00 00 00 00 00 00 00 00 00 00 00 00 00 00 00 00 00 00 00 00 00 00 00 00 00 00 00 00 00 00 00 80 00 00 00 00 00 00 00 00 00 00 00 00 00 00 00 00 00 00 00 00 00 00 00 00 00 00 00 00 00 00 00 00 00 00 00 00 00 00 00 00 00 00 00 00 00 00 00 00 00 00 00 00 00 00 00 00 00 00 00 00 00 00 00 00 00 00 00 00 00 00 00 00 00 00 00 00 00 00 00 00 00 00 00 00 00 00 00 00 00 00 00 00 00 00 00 00 00 00 00 00 00 00 00 00 00 00 00 00 00 00 00 00 00 00 00 00 00 00 00 00 00 00 00 00 00 00 00 00 00 00 00 00 00 00 00 00 00 00 00 00 00 00 00 00 00 00 00 10 00 00 00 00 00
[22:53:37.674] [JETSON-RX] 00 00 00 00 00 00 00 00 00 00 00 00 00 00 00 00 00 00 00 00 00 00 00 00 00 00 00 00 00 00 00 00 00 00 00 00 00 00 00 00 00 00 00 00 00 00 00 00 00 00 00 00 00 00 00 00 00 00 00 00 00 00 00 00 00 00 00 00 00 00 00 00 00 00 00 00 00 00 00 00 00 00 00 00 00 00 00 00 00 00 00 00 00 00 00 00 00 00 00 00 00 00 00 00 00 00 00 00 00 00 00 00 00 00 00 00 00 00 00 00 00 00 00 00 00 00 00 00 00 00 00 00 00 00 00 00 00 00 00 00 00 00 00 00 00 00 00 00 00 00 00 00 00 00 00 00 00 00 00 00 00 00 00 00 00 00 00 00 00 00 00 00 00 00 00 00 00 00 00 00 00 00 00 00 00 00 00 00 00 00 00 00 00 00 00 00 00 00 00 00 00 00 00 00 00 00 00 00 00 00 00 00 00 00 00 00 00 00 00 00 00 00 00 00 00 00 00 00 00 00 00 00 00 00 00 00 00 00 00 00 00 00 00 00 00 00 00 00 00 00 00 00 00 00 00 00
[22:53:38.598] [JETSON-RX] 00 00 00 00 00 00 00 00 00 00 00 00 00 00 00 00 00 00 00 00 00 00 00 00 00 00 00 00 00 00 00 00 00 00 00 00 00 00 00 00 00 00 00 00 00 00 00 00 00 00 00 00 00 00 00 00 00 00 00 00 00 00 00 00 00 00 00 00 00 00 00 00 00 00 00 00 00 00 00 00 00 00 00 00 00 00 00 00 00 00 00 00 00 00 00 00 00 00 00 00 00 00 00 00 00 00 00 00 00 00 00 00 00 00 00 00 00 00 00 00 00 00 00 00 00 00 00 00 00 00 00 00 00 00 00 00 00 00 00 00 00 00 00 00 00 00 00 00 00 00 00 00 00 00 00 00 00 00 00 00 00 00 00 00 00 00 00 00 00 00 00 00 00 00 00 00 00 00 00 00 00 00 00 00 00 00 00 00 00 00 00 00 00 00 00 00 00 00 00 00 00 00 00 00 00 00 00 00 00 00 00 00 00 00 00 00 00 00 00 00 00 00 00 00 00 00 00 00 00 00 00 00 00 00 00 00 00 00 00 00 00 00 00 00 00 00 00 00 00 00 00 00 00 00 00 00
[22:53:39.211] [JETSON-RX] 00 00 00 00 00 00 00 00 00 00 00 00 00 00 00 00 00 00 00 00 00 00 00 00 00 00 00 00 00 00 00 00 00 00 00 00 00 00 00 00 00 00 00 00 00 00 00 00 00 00 00 00 00 00 00 00 00 00 00 00 00 00 00 00 00 00 00 00 00 00 00 00 00 00 00 00 00 00 00 00 00 00 00 00 00 00 00 00 00 00 00 00 00 00 00 00 00 00 00 00 00 00 00 00 00 00 00 00 00 00 00 00 00 00 00 00 00 00 00 00 00 00 00 00 00 00 00 00 00 00 00 00 00 00 00 00 00 00 00 00 00 00 00 00 00 00 00 00 00 00 00 00 00 00 00 00 00 00 00 00 00 00 00 00 00 00 00 00 00 00 00 00 00 00 00 00 00 00 00 00 00 00 00 00 00 00 00 00 00 00 00 00 00 00 00 00 00 00 00 00 00 00 00 00 00 00 00 00 00 00 00 00 00 00 00 00 00 00 00 00 00 00 00 00 00 00 00 00 00 00 00 00 00 00 00 00 00 00 00 00 00 00 00 00 00 00 00 00 00 00 00 00 00 00 00 00
[22:53:39.999] [JETSON-RX] 00 00 00 00 00 00 00 00 00 00 00 00 00 00 00 00 00 00 00 00 00 00 00 00 00 00 00 00 00 00 00 00 00 00 00 00 00 00 00 00 00 00 00 00 00 00 00 00 00 00 00 00 00 00 00 00 00 00 00 00 00 00 00 00 00 00 00 00 00 00 00 00 00 00 00 00 00 00 00 00 00 00 00 00 00 00 00 00 00 00 00 00 00 00 00 00 00 00 00 00 00 00 00 00 00 00 00 00 00 00 00 00 00 00 00 00 00 00 00 00 08 00 00 00 00 00 00 00 00 00 00 00 00 00 00 00 00 00 00 00 00 00 00 00 00 00 00 00 00 00 00 00 00 00 00 00 00 00 00 00 00 00 00 00 00 00 00 00 00 00 00 00 00 00 00 00 00 00 00 00 00 00 00 00 00 00 00 00 00 00 00 00 00 00 00 00 00 00 00 00 00 00 00 00 00 00 00 00 00 00 00 00 00 00 00 00 00 00 00 00 00 00 00 00 20 00 00 00 00 00 00 00 00 00 00 00 00 00 00 00 00 00 00 00 00 00 00 00 00 00 00 00 00 00 00 00
[22:53:40.697] [JETSON-RX] 00 00 00 00 00 00 00 00 00 00 00 00 00 00 00 00 00 00 00 00 00 00 00 00 00 00 00 00 00 00 00 00 00 00 00 00 00 00 00 00 00 00 00 00 00 00 00 00 00 00 00 00 00 00 00 00 00 00 00 00 00 00 00 00 00 00 00 00 00 00 00 00 00 00 00 00 00 00 00 00 00 00 00 00 00 00 00 00 00 00 00 00 00 00 00 00 00 00 00 00 00 00 00 00 00 00 00 00 00 00 00 00 00 00 00 00 00 00 00 00 00 00 00 00 00 00 00 00 00 00 00 00 00 00 00 00 00 00 00 00 00 00 00 00 00 00 00 00 00 00 00 00 00 00 00 00 00 00 00 00 00 00 00 00 00 00 00 00 00 00 00 00 00 00 00 00 00 00 00 00 00 00 00 00 00 00 00 00 00 00 00 00 00 00 00 00 00 00 00 00 00 00 00 00 00 00 00 00 00 00 00 00 00 00 00 00 00 00 00 00 00 00 00 00 00 00 00 00 00 00 00 00 00 00 00 00 00 00 00 00 00 00 00 00 00 00 00 00 00 00 00 00 00 00 00 00
[22:53:41.423] [JETSON-RX] 00 00 00 00 00 00 00 00 00 00 00 00 00 00 00 00 00 00 00 00 00 00 00 00 00 00 00 00 00 00 00 00 00 00 00 00 00 00 00 00 00 00 00 00 00 00 00 00 00 00 00 00 00 00 00 00 00 00 00 00 00 00 00 00 00 00 00 00 00 00 00 00 00 00 00 00 00 00 00 00 00 00 00 00 00 00 00 00 00 00 00 00 00 00 00 00 00 00 00 00 00 00 00 00 00 00 00 00 00 00 00 00 00 00 00 00 00 00 00 00 00 00 00 00 00 00 00 00 00 00 00 00 00 00 00 00 00 00 00 00 00 00 00 40 00 00 00 00 02 00 00 00 00 00 00 00 00 00 00 00 00 00 00 00 00 00 00 00 00 00 00 00 00 00 00 00 00 00 00 00 00 08 00 00 00 00 00 00 00 00 00 00 00 00 00 00 00 00 00 00 00 00 00 00 00 00 00 00 00 00 00 00 00 00 00 00 00 00 00 00 00 00 00 00 00 00 00 00 00 00 00 00 00 00 00 00 00 00 00 00 00 00 00 00 00 00 00 00 00 00 00 00 00 00 00 00
[22:53:42.176] [JETSON-RX] 00 00 00 00 00 00 00 00 00 00 00 00 00 00 00 00 00 00 00 00 00 00 00 00 00 00 00 00 00 00 00 00 00 00 00 00 00 00 00 00 00 00 00 00 00 00 00 00 00 00 00 00 00 00 00 00 00 00 00 00 00 00 00 00 00 00 00 00 00 00 00 08 00 00 00 00 00 00 00 00 00 00 00 00 00 00 00 00 00 00 00 00 00 00 00 00 00 00 00 00 00 00 00 00 00 00 00 00 00 00 00 00 00 00 00 00 00 00 00 00 00 00 00 00 00 00 00 00 00 00 00 00 00 00 00 00 00 00 00 00 00 00 00 00 00 00 00 00 00 00 00 00 00 00 00 00 00 00 00 00 00 00 00 00 00 00 00 00 00 00 00 00 00 00 00 00 00 00 00 00 00 00 00 00 00 00 00 00 00 00 00 00 00 00 00 00 00 00 00 00 00 00 00 00 00 00 00 00 00 00 00 00 00 00 00 00 00 00 00 00 00 00 00 00 00 00 00 00 00 00 00 00 00 00 00 00 00 00 00 00 00 00 00 00 00 00 00 00 00 00 00 00 00 00 00 00
[22:53:42.989] [JETSON-RX] 00 00 00 00 00 00 00 00 00 00 00 00 00 00 00 00 00 00 00 00 00 00 00 00 00 00 00 00 00 00 00 00 00 00 00 00 00 00 00 00 00 00 00 00 00 00 00 00 00 00 00 00 00 00 00 00 00 00 00 00 00 00 00 00 00 00 00 00 00 00 00 00 00 00 00 00 00 00 00 00 00 00 00 00 00 00 00 00 00 00 00 00 00 00 00 00 00 00 00 00 00 00 00 00 00 00 00 00 00 00 00 00 00 00 00 00 00 00 00 00 00 00 00 00 00 00 00 00 00 00 00 00 00 00 00 20 00 00 00 00 00 00 00 00 00 00 00 00 00 00 00 00 00 00 00 00 00 00 00 00 00 00 00 00 00 00 00 00 00 00 00 00 00 00 00 00 00 00 00 00 00 00 00 00 00 00 00 00 00 00 00 00 00 00 00 00 00 00 00 00 00 00 00 00 00 00 00 00 00 00 00 00 00 00 00 00 00 00 00 00 00 00 00 00 00 00 00 00 00 00 00 00 00 00 00 00 00 00 00 00 00 00 00 00 00 00 00 00 00 00 00 00 00 00 00 00
[22:53:43.727] [JETSON-RX] 00 00 00 00 00 00 00 00 00 00 00 00 00 00 00 00 00 00 00 00 00 00 00 00 00 00 00 00 00 00 00 00 00 00 00 00 00 00 00 00 00 00 00 00 00 00 80 00 00 00 00 00 00 00 00 00 00 00 00 00 00 00 00 00 00 00 00 00 00 00 00 00 00 00 00 00 00 00 00 00 00 00 00 00 00 00 00 00 00 00 00 00 00 00 00 00 00 00 00 00 00 00 00 00 00 00 00 00 00 00 00 00 00 00 00 00 00 00 00 00 00 00 00 00 00 00 00 00 00 00 00 00 00 00 00 00 00 00 00 00 00 00 00 00 00 00 00 00 00 00 00 00 00 00 00 00 00 00 00 00 00 00 00 00 00 00 00 00 00 00 00 00 00 00 00 00 00 00 00 00 00 00 00 00 00 00 00 00 00 00 00 00 00 00 00 00 00 00 00 00 00 00 00 00 00 00 00 00 00 00 00 00 00 00 00 00 00 00 00 00 00 00 00 00 00 00 00 00 00 00 00 00 00 00 00 00 00 00 00 00 00 00 00 00 00 00 00 00 00 00 00 00 00 00 00 00
[22:53:44.634] [JETSON-RX] 00 00 08 00 00 00 00 00 00 00 00 00 00 00 00 00 00 00 00 00 00 00 00 00 00 00 00 00 00 00 00 00 00 00 00 00 00 00 00 00 00 00 00 00 00 00 00 00 00 00 00 00 80 00 00 00 00 00 00 00 00 00 00 00 00 00 00 00 00 00 00 00 00 00 00 00 00 00 00 00 00 00 00 00 00 00 00 00 00 00 00 00 00 00 00 00 02 00 00 00 00 00 00 00 00 00 00 00 00 00 00 00 00 00 00 00 00 00 00 00 00 00 00 00 00 00 00 00 00 00 00 00 00 00 00 00 00 00 00 00 00 00 00 00 00 00 00 00 00 00 00 00 00 00 00 00 00 00 00 00 00 00 00 00 00 00 00 00 00 00 00 00 00 00 00 00 00 00 00 00 00 00 00 00 00 00 00 00 00 00 00 00 00 00 00 00 00 00 00 00 00 00 00 00 00 00 00 00 00 00 00 00 00 00 00 10 00 00 00 00 00 00 00 00 00 00 00 00 00 00 00 00 00 00 00 00 00 00 00 00 00 00 00 00 00 00 00 00 00 00 00 00 00 00 00 00
[22:53:45.449] [JETSON-RX] 00 00 00 00 00 00 00 00 00 00 00 00 00 00 00 00 00 00 00 00 00 00 00 00 00 00 00 00 00 00 00 00 00 00 00 00 00 00 00 00 00 00 00 00 00 00 00 00 00 00 00 00 00 00 00 00 00 00 00 00 00 00 00 00 00 00 00 00 00 00 00 00 00 00 00 00 00 00 00 00 00 00 00 00 00 00 00 00 00 00 00 00 00 00 00 00 00 00 00 00 00 00 00 00 00 00 00 00 00 00 00 00 00 00 00 00 00 00 00 00 00 00 00 00 00 00 00 00 00 00 00 00 00 00 02 00 00 00 00 00 00 00 00 00 00 00 00 00 00 00 00 00 00 00 00 00 00 00 00 00 00 00 00 00 00 00 00 00 00 00 00 00 00 00 00 00 00 00 00 00 00 00 00 00 00 00 00 00 00 00 00 00 00 00 00 00 00 00 00 00 00 00 00 00 00 00 00 00 00 00 00 00 00 00 00 00 00 00 00 00 00 00 00 00 00 00 00 00 00 00 00 00 00 00 00 00 00 00 00 00 00 00 00 00 00 00 00 00 00 00 00 00 00 00 00 00
[22:53:46.119] [JETSON-RX] 00 00 00 00 00 00 00 00 00 00 00 00 00 00 00 00 00 00 00 00 00 00 00 00 00 00 00 00 00 00 00 00 00 00 00 00 00 00 00 00 00 00 00 00 00 00 00 00 00 00 00 00 00 00 00 00 00 00 00 00 00 00 00 00 00 00 00 00 00 00 00 00 00 00 00 00 00 00 00 00 00 00 00 00 00 00 00 00 00 00 00 00 00 00 00 00 00 00 00 00 00 00 00 00 00 00 00 00 00 00 00 00 00 00 00 00 00 00 00 00 00 00 00 00 00 00 00 00 00 00 00 00 00 00 00 00 00 00 00 00 00 00 00 00 00 00 00 00 00 00 00 00 00 00 00 00 00 00 00 00 00 00 00 00 00 00 00 00 00 00 00 00 00 00 00 00 00 00 00 00 00 00 00 00 00 00 00 00 00 00 00 00 00 00 00 00 00 00 00 00 00 00 00 00 00 00 00 00 00 00 00 00 00 00 00 00 00 00 00 00 00 00 00 00 00 00 00 00 00 00 00 00 00 00 00 00 00 00 00 00 00 00 00 00 00 00 00 00 00 00 00 00 00 00 00 00
[22:53:46.876] [JETSON-RX] 00 00 00 00 00 00 00 00 00 00 00 00 00 00 00 00 00 00 00 00 00 00 00 00 00 00 00 00 00 00 00 00 00 00 00 00 00 00 00 00 00 00 00 00 00 00 00 00 00 00 00 00 00 00 00 00 00 00 00 00 00 00 00 00 00 00 00 00 00 00 00 00 00 00 00 00 00 00 00 00 00 00 00 00 00 00 00 00 00 00 00 00 00 00 00 00 00 00 00 00 00 00 00 00 00 00 00 00 00 00 00 00 00 00 00 00 00 00 00 00 00 00 00 00 00 00 00 00 00 00 00 00 00 00 00 00 00 00 00 00 00 00 00 00 00 00 00 00 02 00 00 00 00 00 00 00 00 00 00 00 00 00 00 00 00 00 00 00 00 00 00 00 00 00 00 00 00 00 00 00 00 00 00 00 00 00 00 00 00 00 00 00 00 00 00 00 00 00 00 00 00 00 00 00 00 00 00 00 00 00 00 00 00 00 00 00 00 00 00 00 00 00 00 00 00 00 00 00 00 10 00 00 00 00 00 00 00 00 00 00 00 00 00 00 00 00 00 00 00 00 00 00 00 00 00 00
[22:53:47.576] [JETSON-RX] 00 00 00 00 00 00 00 00 00 00 00 00 00 00 00 00 00 00 00 00 00 00 00 00 00 00 00 00 00 00 00 00 00 00 00 00 00 00 00 00 00 00 00 00 00 00 00 00 00 00 00 00 00 00 00 00 00 00 00 00 00 00 00 00 00 00 00 00 00 00 00 00 00 00 00 00 00 00 00 00 00 00 00 00 00 00 00 00 00 00 00 00 00 00 00 00 00 00 00 00 00 00 00 00 00 00 00 00 00 00 00 00 00 00 00 00 00 00 00 00 00 00 00 00 00 00 00 00 00 00 00 00 00 00 00 00 00 00 00 00 00 00 00 00 00 00 00 00 00 00 00 00 00 00 00 00 00 00 00 00 00 00 00 00 00 00 00 00 00 00 00 00 00 00 00 00 00 00 00 00 00 00 00 00 00 00 00 00 00 00 00 00 00 00 00 00 00 00 00 00 00 00 00 00 00 00 00 00 00 00 00 00 00 00 00 00 00 00 00 00 00 00 00 00 00 00 00 00 00 00 00 00 00 00 00 00 00 00 00 00 00 00 00 00 00 00 00 00 00 00 00 00 00 00 00 00
[22:53:48.358] [JETSON-RX] 00 00 00 00 00 00 00 00 00 00 00 00 00 00 00 00 00 00 00 00 00 00 00 00 00 00 00 00 00 00 00 00 00 00 00 00 00 00 00 00 00 00 00 00 00 00 00 00 00 00 00 00 00 00 00 00 00 00 00 00 00 00 00 00 00 00 00 00 00 00 00 00 00 00 00 00 00 00 00 00 00 02 00 00 00 00 00 00 00 00 00 00 00 00 00 00 00 00 00 00 00 00 00 00 00 00 00 00 00 00 00 00 00 00 00 00 00 00 00 00 00 00 00 00 00 00 00 00 00 00 00 00 00 00 00 00 00 00 00 00 00 00 00 00 00 00 00 00 00 00 00 00 00 00 00 00 00 00 00 00 00 00 00 00 00 00 00 00 00 00 00 00 00 00 00 00 00 00 00 00 00 00 00 00 00 00 00 00 00 00 00 00 00 00 00 00 00 00 00 00 00 00 00 00 00 00 00 00 00 00 00 00 00 00 00 00 00 00 00 00 00 00 00 00 00 00 00 00 00 00 00 00 00 00 00 00 00 00 00 00 00 00 00 00 00 00 00 00 00 00 00 00 00 00 00 00
[22:53:49.153] [JETSON-RX] 00 00 00 00 00 00 00 00 00 00 00 00 00 00 00 00 00 00 00 00 00 00 00 00 00 00 00 00 00 00 00 00 00 00 00 00 00 00 00 00 00 00 00 00 00 00 00 00 00 00 00 00 00 00 00 00 00 00 00 00 00 00 00 00 00 00 00 00 00 00 00 00 00 00 00 00 00 00 00 00 00 00 00 00 00 00 00 00 00 00 00 00 00 00 00 00 00 00 00 00 00 00 00 00 00 00 00 00 00 00 00 00 00 00 00 00 00 00 00 00 00 00 00 00 00 00 00 00 00 00 00 00 00 00 00 00 00 00 00 00 00 00 00 00 00 00 00 00 00 00 00 00 00 00 00 00 00 00 00 00 00 00 00 00 00 00 00 00 00 00 00 00 00 00 00 00 00 00 00 00 00 00 00 00 00 00 00 00 00 00 00 00 00 00 00 00 00 00 00 00 00 00 00 00 00 00 00 00 00 00 00 00 00 00 00 00 00 00 00 00 00 00 00 00 00 00 00 00 00 00 00 00 00 00 00 00 00 00 00 00 00 00 00 00 00 00 00 00 80 00 00 00 00 00 00 00
[22:53:50.003] [JETSON-RX] 00 00 00 00 00 00 00 00 00 00 00 00 00 00 00 00 00 00 00 00 00 00 00 00 00 00 00 00 00 00 00 00 00 20 00 00 00 00 00 00 00 00 00 00 00 00 00 00 00 00 00 00 00 00 00 00 00 00 00 00 00 00 00 00 00 00 00 00 00 00 00 00 00 00 00 00 00 00 00 00 00 00 00 00 00 00 00 00 00 00 00 00 00 00 00 00 00 00 00 00 00 00 00 00 00 00 00 00 00 00 00 00 00 00 00 00 00 00 00 00 00 00 00 00 00 00 00 00 00 00 00 00 00 00 00 00 00 00 00 00 00 00 00 00 00 00 00 00 00 00 00 00 00 00 00 00 00 00 00 02 00 00 00 00 00 00 00 00 00 00 00 00 00 00 00 00 00 00 00 00 00 00 00 00 00 00 00 00 00 00 00 00 00 00 00 00 00 00 00 00 00 00 00 00 00 00 00 00 00 00 00 00 00 00 00 00 00 00 00 00 00 00 00 00 00 00 00 00 00 00 00 00 00 00 00 00 00 00 00 00 00 00 00 00 00 00 00 00 00 00 00 00 00 00 00 00
[22:53:50.792] [JETSON-RX] 00 00 00 00 00 00 00 00 00 00 00 00 00 00 00 00 00 00 00 00 00 00 00 00 00 00 00 00 00 00 00 00 00 00 00 00 00 00 00 00 00 00 00 00 00 00 00 00 00 00 00 00 00 00 00 00 00 00 00 00 00 00 00 00 00 00 00 00 00 00 00 00 00 00 00 00 00 00 00 00 00 00 00 00 00 00 00 00 00 00 00 00 00 00 00 00 00 00 00 00 00 00 00 00 00 00 00 00 00 00 00 00 00 00 00 00 00 00 00 00 00 00 00 00 00 00 00 00 00 00 00 00 00 00 00 00 00 00 00 00 00 00 00 00 00 00 00 40 00 00 00 00 00 00 00 00 00 00 00 00 00 00 00 00 40 00 00 00 00 00 00 00 00 00 00 00 00 00 00 00 00 00 00 00 00 00 00 00 00 00 00 00 00 00 00 00 00 00 00 00 00 00 00 00 00 00 00 00 00 00 00 00 00 00 00 00 00 00 00 00 00 00 00 00 00 00 00 00 00 00 00 00 00 00 00 00 00 00 00 00 00 00 00 00 00 00 00 00 00 00 00 00 00 00 00 00
[22:53:51.696] [JETSON-RX] 00 00 00 00 00 00 00 00 00 00 00 00 00 00 00 00 00 00 00 00 00 00 00 00 00 00 00 00 00 00 00 00 00 00 00 00 00 00 00 00 00 00 00 00 00 00 00 00 00 00 00 00 00 00 00 00 00 00 00 00 00 00 00 00 00 00 00 00 00 00 00 00 00 00 00 00 00 00 00 00 00 00 00 00 00 00 00 00 00 00 00 00 00 00 00 00 00 00 00 00 00 00 00 00 00 00 00 00 00 00 00 00 00 00 00 00 00 00 00 00 00 00 00 00 00 00 00 00 00 00 00 00 00 00 00 00 00 00 00 00 00 00 00 00 00 00 00 00 00 00 00 00 00 00 00 00 00 00 00 00 00 00 00 00 00 00 00 00 00 00 00 00 00 00 00 00 00 00 00 00 00 00 00 00 00 00 00 00 00 00 00 00 00 00 00 00 00 00 00 00 00 00 00 00 00 00 00 00 00 00 00 00 00 00 00 00 00 00 00 00 00 00 00 00 00 00 00 00 00 00 00 00 00 00 00 00 00 00 00 00 00 00 00 00 00 00 00 00 00 00 00 00 00 00 00 00
[22:53:52.421] [JETSON-RX] 00 00 00 00 00 00 00 00 00 00 00 00 00 00 00 00 00 00 00 00 00 00 00 00 00 00 00 00 00 00 00 00 00 00 00 00 00 00 00 00 00 00 00 00 00 00 00 00 00 00 00 00 00 00 00 00 00 00 00 00 00 00 00 00 00 00 00 00 00 00 00 00 00 00 00 00 00 00 00 00 00 00 00 00 00 00 00 00 00 00 00 00 00 00 00 00 00 00 00 00 00 00 00 00 00 00 00 00 00 00 00 00 00 00 00 00 00 00 00 00 00 00 00 00 00 40 00 00 00 00 00 00 00 00 00 00 00 00 00 00 00 00 00 00 00 00 00 00 00 00 00 00 00 00 00 00 00 00 00 00 00 00 00 00 00 00 00 00 00 00 00 00 00 00 00 00 00 00 00 00 00 00 00 00 00 00 00 00 00 00 00 00 00 00 00 00 00 00 00 00 00 00 00 00 00 00 00 00 00 00 00 00 00 00 00 00 00 00 00 00 00 00 00 00 00 00 00 00 00 00 00 00 00 00 00 00 00 00 00 00 00 00 00 00 00 00 00 00 00 00 00 00 00 00 00 00
[22:53:53.142] [JETSON-RX] 00 00 00 00 00 00 00 00 00 00 00 00 00 00 00 00 00 00 00 00 00 00 00 00 00 00 00 00 00 00 00 00 00 00 00 00 00 00 00 00 00 00 00 00 00 00 00 00 00 00 00 00 00 00 00 00 00 00 00 00 00 00 00 00 00 00 00 00 00 00 00 00 00 00 00 00 00 00 00 00 00 00 00 00 00 00 00 00 00 00 00 00 00 00 00 00 00 00 00 00 00 00 00 00 00 00 00 00 00 00 00 00 00 00 00 00 00 00 00 00 00 00 00 00 00 00 00 00 00 00 00 00 00 00 00 00 00 00 00 00 00 00 00 00 00 00 00 00 00 00 00 00 00 00 00 00 00 00 00 00 00 00 00 00 00 00 00 00 00 00 00 00 00 00 00 00 00 00 00 00 00 00 00 00 00 00 00 00 00 00 00 00 00 00 00 00 00 00 00 00 00 00 00 00 00 00 00 00 00 00 00 00 00 00 00 00 00 00 00 00 00 00 00 00 00 00 00 00 00 00 00 00 00 00 00 00 00 00 00 00 00 00 00 00 00 00 00 00 00 00 00 00 00 00 00 00
[22:53:53.857] [JETSON-RX] 00 00 00 00 00 00 00 00 00 00 00 00 00 00 00 00 00 00 00 00 00 00 00 00 00 00 00 00 00 00 00 00 00 00 00 00 00 00 00 00 00 00 00 00 00 00 00 00 00 00 00 00 00 00 00 00 00 00 40 00 00 00 00 00 00 00 00 00 00 00 00 00 00 00 00 00 00 00 00 00 00 00 00 00 00 00 00 00 00 00 00 00 00 00 00 00 00 00 00 00 00 00 00 00 00 00 00 00 00 00 00 00 00 00 00 00 00 00 00 00 00 00 00 00 00 00 00 00 00 00 00 00 00 00 00 00 00 00 00 00 00 00 00 00 00 00 00 00 00 00 00 00 00 00 00 00 00 00 00 00 00 00 00 00 00 00 00 00 00 00 00 00 00 00 00 00 00 00 00 00 00 00 00 00 00 00 00 00 00 00 00 00 00 00 00 00 00 00 00 00 00 00 00 00 00 00 00 00 00 00 00 00 00 00 00 00 00 00 00 00 00 00 00 00 00 00 00 00 00 00 00 00 00 00 00 00 00 00 00 00 00 00 08 00 00 00 00 00 00 00 00 00 00 00 00 00
[22:53:54.592] [JETSON-RX] 00 00 00 00 00 00 00 00 00 00 00 00 00 00 00 00 00 00 00 00 00 00 00 00 00 00 00 00 00 00 00 00 00 00 00 00 00 00 00 00 00 00 00 00 00 00 00 00 00 00 00 00 00 00 00 00 00 00 00 00 00 00 00 00 00 00 00 00 00 00 00 00 00 00 00 00 00 00 00 00 00 00 00 00 00 00 00 00 00 00 00 00 00 00 00 00 00 00 00 00 00 00 00 00 00 00 00 00 00 00 00 00 00 00 00 00 00 00 00 00 00 00 00 00 00 00 00 00 00 00 00 00 00 00 00 00 00 00 00 00 00 00 00 00 00 00 00 00 00 00 00 00 00 00 00 00 00 00 00 00 00 00 00 00 00 00 00 00 00 00 00 00 00 00 00 00 00 00 00 00 00 00 00 00 00 00 00 00 00 00 00 00 00 00 00 00 00 00 00 00 00 00 00 00 00 00 00 00 00 00 00 00 00 00 00 00 00 00 00 00 00 00 00 00 00 00 00 00 00 00 00 20 00 00 00 00 00 00 00 00 00 00 00 00 00 00 00 00 00 00 00 00 00 00 00 00
[22:53:55.370] [JETSON-RX] 00 00 00 00 00 00 00 00 00 00 00 00 00 00 00 00 00 00 00 00 00 00 00 00 00 00 00 00 00 00 00 00 00 00 00 00 00 00 00 00 00 00 00 00 00 00 00 00 00 00 00 00 00 00 00 00 02 00 00 00 00 00 00 00 00 00 00 00 00 00 00 00 00 00 00 00 00 00 00 00 00 00 00 00 00 00 00 00 00 00 00 00 00 00 00 00 00 00 00 00 00 00 00 00 00 00 00 00 00 00 00 00 00 00 00 00 00 00 00 00 00 00 00 00 00 00 00 00 00 00 00 00 00 00 00 00 00 00 00 00 00 00 00 00 00 00 00 00 00 00 00 00 00 00 00 00 00 00 00 00 00 00 00 00 00 00 00 00 00 00 00 00 00 00 00 00 00 00 00 00 00 00 00 00 00 00 00 00 00 00 00 00 00 00 00 00 00 00 00 00 02 00 00 00 00 00 00 00 00 00 00 00 00 00 00 00 00 00 00 00 00 00 00 00 00 00 00 00 00 00 00 00 00 00 00 00 00 00 00 00 00 00 00 00 00 00 00 00 00 00 00 00 00 00 00 00
[22:53:56.201] [JETSON-RX] 00 00 00 00 00 00 00 00 00 00 00 00 00 00 00 00 00 00 00 00 00 00 00 00 00 00 00 00 00 00 00 00 00 00 00 00 00 00 00 00 00 00 00 00 00 00 00 00 00 00 00 00 00 00 00 00 00 00 08 00 00 00 00 00 00 00 00 00 00 00 00 00 00 00 00 00 00 00 00 00 00 00 00 00 00 00 00 00 00 00 00 00 00 00 00 00 00 00 00 00 00 00 00 00 00 00 00 00 00 00 00 00 00 00 00 00 00 00 00 00 00 00 00 00 00 00 00 00 00 00 00 00 00 00 00 00 00 00 00 00 00 00 00 00 00 00 00 00 00 00 00 00 00 00 00 00 00 00 00 00 00 00 00 00 00 00 00 00 00 00 00 00 00 00 00 00 00 00 00 00 00 00 00 00 00 00 00 00 00 00 00 00 00 00 00 00 00 00 00 00 00 00 00 00 00 00 00 00 00 00 00 00 00 00 00 00 00 00 00 00 00 00 00 00 00 00 00 00 00 00 00 00 00 00 00 00 00 00 00 00 00 00 00 00 00 00 00 00 00 00 00 00 00 00 00 00
[22:53:56.996] [JETSON-RX] 00 00 00 00 00 00 00 00 00 00 00 00 00 00 00 00 00 00 00 00 00 00 00 00 00 00 00 00 00 00 00 00 00 00 00 00 00 00 00 00 00 00 00 00 00 00 00 00 00 00 00 00 00 00 00 00 00 00 00 00 00 00 00 00 00 00 00 00 00 00 00 00 00 00 00 00 00 00 00 00 00 00 00 00 00 00 00 00 00 00 00 00 00 00 00 00 00 00 00 00 00 00 00 00 00 00 00 00 00 00 00 00 00 00 00 00 00 00 00 00 00 00 00 00 00 00 00 00 00 00 00 00 00 00 00 00 00 00 00 00 00 00 00 00 00 00 00 00 00 00 00 00 00 00 00 00 00 00 00 00 00 00 00 00 00 00 00 00 00 00 00 00 00 00 00 00 00 00 00 00 00 00 00 00 00 00 00 00 00 00 00 00 00 00 00 00 00 00 00 00 00 00 00 00 00 00 00 00 00 00 00 00 00 00 00 00 00 00 00 00 00 00 00 00 00 00 00 00 00 00 00 00 00 00 00 00 00 00 00 00 00 00 00 00 00 00 00 00 00 00 00 00 00 00 00 00
[22:53:57.800] [JETSON-RX] 00 00 00 00 00 00 00 00 00 00 00 00 00 00 00 00 00 00 00 00 00 00 00 00 00 00 00 00 00 00 00 00 00 00 00 00 00 00 00 00 00 00 00 00 00 00 00 00 00 00 00 00 00 00 00 00 00 00 00 00 00 00 00 00 00 00 00 00 00 00 00 00 00 00 00 00 00 00 00 00 00 00 00 00 00 00 00 00 00 00 00 00 00 00 00 00 00 00 00 00 00 00 00 00 00 00 00 00 00 00 00 00 00 00 00 00 00 00 00 00 00 00 00 00 00 00 00 00 00 00 00 00 00 00 00 00 00 00 00 00 00 00 00 00 00 00 00 00 00 00 00 00 00 00 00 00 00 00 00 00 00 00 00 00 00 00 00 00 00 00 00 00 00 00 00 00 00 00 00 00 00 00 00 00 00 00 00 00 00 00 00 00 00 00 00 00 00 00 00 00 00 00 00 00 00 00 00 00 00 00 00 00 00 00 00 00 00 00 00 00 00 00 00 00 00 00 00 00 00 00 00 00 00 00 00 00 00 00 00 00 00 00 00 00 00 00 00 00 00 00 00 00 00 00 00 00
[22:53:58.542] [JETSON-RX] 00 00 00 00 00 00 00 00 00 00 00 00 00 00 00 00 00 00 00 00 00 00 00 00 00 00 00 00 00 00 00 00 00 00 00 00 00 00 00 00 00 00 00 00 00 00 00 00 00 00 00 00 00 00 00 00 00 00 00 00 00 00 00 00 00 00 00 00 00 00 00 00 00 00 00 00 00 00 00 00 00 00 00 00 00 00 00 00 00 00 00 00 00 00 00 00 00 00 00 00 00 00 00 00 00 00 00 00 00 00 00 00 00 00 00 00 00 00 00 00 00 00 00 00 00 00 00 00 00 00 00 00 00 00 00 00 00 00 00 00 00 00 00 00 00 00 00 00 00 00 00 00 00 00 00 00 00 00 00 00 00 00 00 00 00 00 00 00 00 00 00 00 00 00 00 00 00 00 00 00 00 00 00 00 00 00 00 00 00 00 00 00 00 00 00 00 00 00 00 00 00 00 00 00 00 00 00 00 00 00 00 00 00 00 00 00 00 00 00 00 00 00 00 00 00 00 00 00 00 00 00 00 00 00 00 00 00 00 00 00 00 00 00 00 00 00 00 00 00 00 00 00 00 00 00 00
[22:53:59.335] [JETSON-RX] 00 00 00 00 00 00 00 00 00 00 00 00 00 00 00 00 00 00 20 00 00 00 00 00 00 00 00 00 00 00 00 00 00 00 00 00 00 00 00 00 00 00 00 00 00 00 00 00 00 00 00 00 00 00 00 00 00 00 00 00 00 00 00 00 00 00 00 00 00 00 00 00 00 00 00 00 00 00 00 00 00 00 00 00 00 00 00 00 00 00 00 00 00 00 00 00 00 00 00 00 00 00 00 00 00 00 00 00 00 00 00 00 00 00 00 00 00 00 00 00 00 00 00 00 00 00 00 00 00 00 00 00 00 00 00 00 00 00 00 00 00 00 00 00 00 00 00 00 00 00 00 00 00 00 00 00 00 00 00 00 00 00 00 00 00 00 00 00 00 00 00 00 00 00 00 00 00 00 00 00 00 00 00 00 00 00 00 00 00 00 00 00 00 00 00 00 00 00 00 00 00 00 00 00 00 00 00 00 00 00 00 00 00 00 00 00 00 00 00 00 00 00 00 00 00 00 00 00 00 00 00 00 00 00 00 00 00 00 00 00 00 00 00 00 00 00 00 00 00 00 00 00 00 00 00 00
[22:54:00.085] [JETSON-RX] 00 00 00 00 00 00 00 00 00 00 00 00 00 00 00 00 00 00 00 00 00 00 00 00 00 00 00 00 00 00 00 00 00 00 00 00 00 00 00 02 00 00 00 00 00 00 00 00 00 00 00 00 00 00 00 00 00 00 00 00 00 00 00 00 00 00 00 00 00 00 00 00 00 00 00 00 00 00 00 00 00 00 00 00 00 00 00 00 00 00 00 00 00 00 00 00 00 00 00 00 00 00 00 00 00 00 00 00 00 00 00 00 00 00 00 00 00 00 00 00 00 00 00 00 00 00 00 00 00 00 00 00 00 00 00 00 00 00 00 00 00 00 00 00 00 00 00 00 00 00 00 00 00 00 00 00 00 00 00 00 00 00 00 00 00 00 00 00 00 00 00 00 00 00 00 00 00 00 00 00 00 00 00 00 00 00 00 00 00 00 00 00 00 00 00 00 00 00 00 00 00 00 00 00 00 00 00 00 00 00 00 00 00 00 00 00 00 00 00 00 00 00 00 00 00 00 00 00 00 00 00 00 00 00 00 08 00 00 00 00 00 00 00 00 00 00 00 00 00 00 00 00 00 00 00 00
[22:54:00.671] [JETSON-RX] 00 00 00 00 00 00 00 00 00 00 00 00 00 00 00 00 00 00 00 00 00 00 00 00 00 00 00 00 00 00 00 00 00 00 00 00 00 00 00 00 00 00 00 00 00 00 00 00 00 00 00 00 00 00 00 00 00 00 00 00 00 00 00 00 00 00 00 00 00 00 00 00 00 00 00 00 00 00 00 00 00 00 00 00 00 00 00 00 00 00 00 00 00 00 00 00 00 00 00 00 00 00 00 00 00 00 00 00 00 00 00 00 00 00 00 00 00 00 00 00 00 00 00 00 00 00 00 00 00 00 00 00 00 00 00 00 00 00 00 00 00 00 00 00 00 00 00 00 00 00 00 00 00 00 00 00 00 00 00 00 00 00 00 00 00 00 00 00 00 00 00 00 00 00 00 00 00 00 00 00 00 00 00 00 00 00 00 00 00 00 00 00 00 00 00 00 00 00 00 00 00 00 00 00 00 00 00 00 00 00 00 00 00 00 00 00 00 00 00 00 00 00 00 00 00 00 00 00 00 00 00 00 00 00 00 00 00 00 00 00 00 00 00 00 00 00 00 00 00 00 00 00 00 00 00 00
[22:54:01.534] [JETSON-RX] 00 00 00 00 00 00 00 00 00 00 00 00 00 00 00 00 00 00 00 00 00 00 00 00 00 00 00 00 00 00 00 00 00 00 00 00 00 00 00 00 00 00 00 00 00 00 00 00 00 00 00 10 00 00 00 00 00 00 00 00 00 00 00 00 00 00 00 00 00 00 00 00 00 00 00 00 00 00 00 00 00 00 00 00 00 00 00 00 00 00 00 00 00 00 00 00 00 00 00 00 00 00 00 00 00 00 00 00 00 00 00 00 00 00 00 00 00 00 00 00 00 00 00 00 00 00 00 00 00 00 00 00 00 00 00 00 00 00 00 00 00 00 00 00 00 00 00 00 00 00 00 00 00 00 00 00 00 00 00 00 00 00 00 00 00 00 00 00 00 00 00 00 00 00 00 00 00 00 00 00 00 00 00 00 00 00 00 00 00 00 00 00 00 00 00 00 00 00 00 00 00 00 00 00 00 00 00 00 00 00 00 00 00 00 00 00 00 00 00 00 00 00 00 00 00 00 00 00 00 00 00 00 00 00 00 00 00 00 00 00 00 00 00 00 00 00 00 00 00 00 00 00 00 00 00 00
[22:54:02.114] [JETSON-RX] 00 00 00 00 00 00 00 00 00 10 00 00 00 00 00 00 00 00 00 00 00 00 00 00 00 00 00 00 00 00 00 00 00 00 00 00 00 00 00 00 00 00 00 00 00 00 00 00 00 00 00 00 00 00 00 00 00 00 00 00 00 00 00 00 00 00 00 00 00 00 00 00 00 00 00 00 00 00 00 00 00 00 00 00 00 20 00 00 00 00 00 00 00 00 00 00 00 00 00 00 00 00 00 00 00 00 00 00 00 00 00 00 00 00 00 00 00 00 00 00 00 00 00 00 00 00 00 00 00 00 00 00 00 00 00 00 00 00 00 00 00 00 00 00 00 00 00 00 00 00 00 00 00 00 00 00 00 00 00 00 00 00 00 00 00 00 00 00 00 00 00 00
[22:54:02.766] [JETSON-RX] 00 00 00 00 00 00 00 00 00 00 00 00 00 00 00 00 00 00 00 00 00 00 00 00 00 00 00 00 00 00 00 00 00 00 00 00 00 00 00 00 00 00 00 00 00 00 00 00 00 00 00 00 00 00 00 00 00 00 00 00 00 00 00 00 00 00 00 00 00 00 00 00 00 00 00 00 00 00 00 00 00 00 00 00 00 00 00 00 00 00 00 00 00 00 00 00 00 00 00 00 00 00 00 00 00 00 00 00 00 00 00 00 00 00 00 00 00 00 00 00 00 00 00 00 00 00 00 00 00 00 00 00 00 00 00 00 00 00 00 00 00 00 00 00 00 00 00 00 00 00 00 00 00 00 00 00 00 00 00 00 00 00 00 00 00 00 00 04 00 00 00 00 00 00 00 00 00 00 00 00 00 00 00 00 04 00 00 00 00 00 00 00 00 00 00 80 00 00 00 00 00 00 00 00 00 00 00 00 00 00 00 00 00 00 00 00 00 00 00 00 00 00 00 00 00 00 00 00 00 00 00 00 00 00 00 00 00 00 00 00 00 00 00 00 00 00 00 00 00 00 00 00 00 00 00 00
[22:54:03.380] [JETSON-RX] 00 00 00 00 00 00 00 00 00 00 00 00 00 00 00 00 00 00 00 00 00 00 00 00 00 00 00 00 00 00 00 00 00 00 00 00 00 00 00 00 00 00 00 00 00 00 00 00 00 00 00 00 00 00 00 00 00 00 00 00 00 00 00 00 00 00 00 00 00 00 00 00 00 00 00 00 00 00 00 00 00 00 00 00 00 00 00 00 00 00 00 00 00 00 00 00 00 00 00 00 00 00 00 00 00 00 00 00 00 00 00 00 00 00 00 00 00 00 00 00 00 00 00 00 00 00 00 00 00 00 00 00 00 00 00 00 00 00 00 00 00 00 00 00 00 00 04 00 00 00 00 00 00 00 00 00 00 00 00 00 00 00 00 00 00 00 00 00 00 00 00 00 00 00 00 00 00 00 00 00 00 00 00 00 00 00 00 00 00 00 00 00 00 00 00 00 00 00 00 00 00 00 00 00 00 00 00 00 00 00 00 00 00 00 00 00 00 00 00 00 00 00 00 00 00 00 00 00 00 00 00 00 00 00 00 00 00 00 00 00 00 00 00 00 00 00 00 00 00 00 00 00 00 00 00 00
[22:54:03.545] [JETSON-RX] 00 00 00 00 00 00 00 00 00 00 00 00 00 00 00 00 00 00 00 00 00 00 00 00 00 00 00 00 00 00 00 00 00 00 00 00 00 00 00 00 20 00 00 00 00 00 00 00 00 00 00 00 00 00 00 00 00 00 00 00 00 00 00 00 00 00 00 00 00 00
[22:54:03.775] [JETSON-RX] 00 00 00 00 00 00 00 00 00 00 00 00 00 00 00 00 00 00 00 00 00 00 00 00 00 00 00 00 00 00 00 00 00 00 00 00 00 00 00 00 00 00 00
[22:54:04.747] [JETSON-RX] 00 00 00 00 00 00 00 00 00 00 00 00 00 00 00 00 00 00 00 00 00 00 00 00 00 00 20 00 00 00 00 00 00 00 00 00 00 00 00 00 00 00 00 00 00 00 00 00 00 00 00 00 00 00 00 00 00 00 00 00 00 00 00 00 00 00 00 00 00 00 00 00 00 00 00 00 00 00 00 00 00 00 00 00 00 00 00 00 00 00 00 00 00 00 00 00 00 00 00 00 00 00 00 00 00 00 00 00 00 00 00 00 00 00 00 00 00 00 00 00 00 00 00 00 00 00 00 00 00 00 00 00 00 00 00 00 00 00 00 00 00 00 00 08 00 00 00 80 00 00 00 00 00 00 00 00 00 00 00 20 00 00 00 00 00 00 00 00 00 00 00 00 00 00 00 00 00 00 00 00 00 00 00 00 00 00 00 00 00 00 00 00 00 00 00 00 00 00 00 00 00 00 00 00 00 00 00 00 00 00 00 00 00 00 00 00 00 00 00 00 00 00 00 00 00 00 00 00 00 00 00 00 00 00 00 00 00 00 00 00 00 00 00 00 00 00 00 00 00 00 00 00 00 00 00 00
[22:54:05.421] [JETSON-RX] 00 00 00 00 00 00 00 00 00 00 00 00 00 00 00 00 00 00 00 00 00 00 00 00 00 00 00 00 00 04 00 00 00 00 00 00 00 00 00 00 00 00 00 00 00 00 00 00 00 00 00 00 00 00 00 00 00 00 00 00 00 00 00 00 00 00 00 00 00 00 00 00 00 00 00 00 00 00 00 00 00 00 00 00 00 00 00 00 00 00 00 08 00 00 00 00 00 00 00 00 00 00 00 00 00 00 00 00 00 00 00 00 00 00 00 00 00 00 00 00 00 00 00 00 00 00 00 00 00 00 00 00 00 00 00 00 00 00 20 00 00 00 00 00 00 00 00 00 00 00 00 00 00 00 00 00 00 00 00 00 00 00 00 00 04 00 00 00 00 00 00 00 00 00 00 00 00 00 00 00 00 00 00 00 00 00 00 00 00 00 00 00 00 00 00 00 00 00 00 00 00 00 00 10 00 00 00 00 00 00 00 00 00 00 00 00 00 00 00 00 00 00 00 00 00 00 00 00 00 00 10 00 00 00 00 00 00 00 00 00 00 00 00 00 00 00 00 00 00 00 00 40 00 00 00 00
[22:54:05.717] [JETSON-RX] 00 00 00 00 00 00 00 00 00 00 00 00 00 00 00 00 00 00 00 00 00 00 00 00 00 00 00 00 00 00 00 00 00 00 00 00 00 00 00 00 00 00 00 00 00 00 00 00 00 00 00 00 00 00 00 00 00 00 00 00 00 00 00 00 00 00 00 00 00 00 00 00 00 00 00 00 00 00 00 00 00 00 00 00 00 00 00 00 00 00 00 00 00 00 00 00 00 00 00 00 00 00 00 00 00 00 00 00 00 00 00 00 00 00 00 00 00 00 00 00 00 00 00 00 00 00 00 00 00 00 00 00 00 00 00 00 00 00 00 00 00 00 00 00 00 00 00 00 00 00 00 20 00 00 00 00 00 00 00 00 00 00 00 00 00 00 10 00 00 00 00 00 00 00 00 00 00 00 00 00 00 00 00 00 00 00 00 00 00 00 00 00 00 00 00 00 00 00 00 00 00 00 00 00 00 00 00 00 00 00 00 00 00 04 00 00 00 00 00 00 00 00 00 00 00 00 00 00 00 00 00 00 00 00 00 00 00 00 00 00 00 00 00 00 00 00 00 00 00 00 00 00 00 00 00 00
[22:54:06.004] [JETSON-RX] 00 00 00 00 00 00 00 00 00 00 00 00 00 00 00 00 00 00 00 00 00 00 00 00 00 00 00 00 00 00 20 00 00 00 00 00 00 00 00 00 00 00 00 00 00 00 00 00 00 00 00 00 00 00 00 00 00 00 00 00 00 00 00 00 00 00 00 00 00 00 00 00 00 10 00 00 00 00 00 00 01 00 00 00 00 00 00 00 00 00 00 00 00 00 00 04 00 00 00 00 00 00 00 00 00 00 00 00 00 00 00 00 00 00 00 00 00 00 00 00 00 00 00 00 00 00 00 00 00 00 00 00 00 00 00 10 00 00 00 00 00 04 00 00 00 00 00 00 00 00 00 00 00 00 00 00 00 00 00 00 00 00 00 00 00 00 00 00 00 00 00 00 00 00 00 00 00 00 00 00 00 00 00 00 00 00 00 00 00 00 00 00 00 00 00 00 00 00 00 00 00 00 00 00 00 00 00 00 00 00 00 00 00 00 00 00 00 00 00 00 00 00 00 00 00 00 00 00 00 00 00 00 00 40 00 00 00 00 00 00 00 00 00 00 00 00 00 00 00 00 00 00 00 00 00 00
[22:54:06.354] [JETSON-RX] 00 00 00 00 00 00 00 00 00 00 00 00 00 00 00 00 00 00 00 00 00 00 00 00 00 00 00 00 00 00 00 00 00 00 00 00 00 00 00 00 00 00 00 00 00 00 00 00 00 00 00 00 00 00 00 00 00 00 00 00 00 00 00 00 00 00 00 00 00 00 00 00 00 00 00 00 00 00 00 08 00 00 00 00 00 00 00 00 00 00 00 00 00 00 00 00 00 00 00 00 00 00 00 00 00 00 00 00 00 00 00 00 00 00 00 00 00 00 00 00 00 00 00 00 00 00 00 00 00 00 00 00 00 00 00 00 00 00 00 00 00 00 00 00 00 00 00 00 00 00 00 00 00 00 00 00 00 00 00 00 00 00 00 00 00 00 00 00 00 00 00 00 00 00 00 00 00 00 00 00 00 00 10 00 00 00 00 00 00 00 00 00 00 00 00 00 00 00 00 00 00 00 00 00 00 00 00 00 00 00 00 00 00 00 00 00 00 00 00 00 00 00 00 00 00 00 00 00 00 00 00 00 00 00 00 00 00 00 00 00 00 00 00 00 00 00 00 00 00 00 00 00 00 00 00 00
[22:54:06.777] [JETSON-RX] 00 00 00 00 00 00 00 00 00 00 00 00 00 00 00 00 04 00 00 00 00 00 00 00 00 00 00 00 00 00 00 00 00 00 00 00 00 20 00 00 00 00 00 00 00 00 00 00 00 00 00 00 00 00 00 00 00 00 00 00 00 00 00 00 00 00 00 00 00 00 00 00 00 00 00 00 00 00 08 00 00 00 00 00 00 00 00 00 00 00 00 00 80 00 00 00 00 00 00 00 00 00 00 00 00 00 00 00 00 00 00 00 00 00 00 00 00 00 00 00 00 00 00 00 00 00 00 00 00 00 00 00 00 00 00 00 00 00 00 00 00 00 00 00 00 00 00 00 00 00 00 00 00 00 00 00 00 00 00 00 00 00 00 00 00 00 00 00 00 00 00 00 00 00 00 00 00 00 00 00 00 00 00 00 00 00 00 00 00 00 00 00 00 00 00 00 00 00 00 00 00 00 00 00 00 00 00 00 00 00 00 00 00 00 04 00 00 00 00 00 00 00 00 00 00 00 00 00 00 00 00 00 00 00 00 00 00 00 00 00 00 00 00 00 00 00 00 00 00 40 00 00 00 00 00 00
[22:54:07.090] [JETSON-RX] 00 00 00 00 00 00 00 00 00 00 00 00 00 00 00 00 00 00 00 00 00 00 00 00 00 00 00 10 00 00 00 00 00 00 00 00 00 00 00 00 00 00 00 00 00 00 00 00 00 00 00 00 00 00 00 00 00 00 00 00 00 00 00 00 00 00 00 00 00 00 00 00 00 00 00 00 00 00 00 00 00 00 00 00 00 00 00 00 00 00 00 00 00 00 00 00 00 00 00 00 00 00 00 00 00 00 40 00 00 00 00 00 00 00 00 00 00 00 00 00 00 00 00 00 00 00 00 00 00 00 00 00 00 00 00 00 00 00 00 00 00 00 00 00 00 00 00 00 00 00 00 00 00 00 00 00 00 00 00 00 00 00 00 00 00 00 00 00 00 00 00 00 00 00 00 00 00 00 00 00 00 00 00 00 00 00 00 00 00 00 00 00 00 00 00 00 00 00 00 00 00 00 00 00 00 00 00 00 00 00 00 00 00 00 00 00 00 00 00 00 00 00 00 00 00 00 00 00 00 00 00 00 00 00 00 00 00 00 00 00 00 00 00 00 00 00 00 00 00 00 00 00 00 00 00 00
[22:54:07.455] [JETSON-RX] 00 00 00 00 00 00 00 00 00 00 00 00 00 00 00 00 00 00 00 00 00 00 00 00 00 00 00 00 00 00 00 00 00 00 00 00 00 00 00 00 00 00 00 00 00 00 00 00 00 00 00 00 00 00 00 00 00 00 00 00 00 00 00 00 00 00 00 00 00 00 00 00 00 00 00 00 00 00 00 00 00 00 00 00 00 00 00 00 00 00 00 00 00 00 00 00 00 00 00 00 00 00 00 00 00 00 00 00 00 00 00 00 00 00 00 00 00 00 00 00 00 00 00 00 00 00 00 00 00 00 00 00 00 00 00 00 00 00 00 00 00 00 00 00 00 00 00 00 00 00 80 00 00 00 00 00 00 00 00 00 00 00 00 00 00 00 00 00 00 00 00 00 00 00 00 00 00 00 00 00 00 00 00 00 00 00 00 00 00 00 00 00 00 00 00 00 00 00 00 00 00 00 00 00 00 00 00 00 00 00 00 00 00 00 00 00 00 00 00 00 00 00 00 00 00 00 00 00 00 00 00 00 00 00 00 00 00 00 00 00 00 00 00 00 00 00 00 00 00 00 00 00 00 00 00 00
[22:54:07.785] [JETSON-RX] 00 04 00 00 00 00 00 00 00 00 00 00 00 00 00 00 00 00 00 00 00 00 00 00 00 00 00 00 00 00 00 00 00 00 00 00 00 00 00 00 00 00 00 00 00 00 00 00 00 00 00 00 00 00 00 00 00 00 00 00 00 00 00 00 00 00 00 00 00 00 00 00 00 00 00 00 00 00 00 00 00 00 00 00 00 00 00 00 00 00 00 00 00 00 00 00 00 00 00 00 00 00 00 00 00 00 00 00 00 00 00 00 00 00 00 00 00 80 00 00 00 00 00 00 00 00 00 00 00 00 00 01 00 00 00 00 00 00 00 00 00 00 00 00 00 00 00 00 00 00 00 00 00 00 00 00 00 00 00 00 00 00 00 00 00 00 00 00 00 00 00 00 00 00 00 00 00 00 00 00 00 00 00 00 00 00 00 00 00 00 00 00 00 00 00 00 00 00 00 00 00 00 00 00 00 00 00 00 00 00 00 00 00 00 00 00 00 00 00 00 00 00 00 00 00 00 00 00 00 00 00 00 00 00 00 00 00 00 00 00 00 00 00 00 00 00 00 00 00 00 00 00 00 00 00 00
[22:54:08.107] [JETSON-RX] 00 00 00 01 00 00 00 00 00 00 00 00 00 40 00 00 00 00 00 00 00 00 00 00 00 00 00 00 00 00 00 00 00 00 00 00 00 00 00 00 00 00 00 00 00 00 00 00 00 00 00 00 00 00 00 00 00 00 00 00 00 00 00 00 00 00 00 00 00 00 00 00 00 00 00 00 00 00 00 00 00 00 00 00 00 00 00 00 00 00 00 00 00 00 00 00 00 00 00 00 00 00 00 00 00 00 00 10 00 00 00 00 00 00 00 00 00 00 00 00 01 00 00 00 00 00 00 00 00 00 00 00 00 00 00 00 00 00 00 00 00 00 00 00 00 00 00 00 00 00 00 00 00 00 00 00 00 00 00 00 00 00 00 00 00 00 00 00 00 00 00 00 00 00 00 00 00 00 00 00 00 00 00 00 04 00 00 00 00 00 00 00 00 00 00 00 00 00 00 00 00 00 00 00 00 00 00 00 00 00 00 00 00 00 00 00 00 00 00 00 00 00 00 00 00 00 00 00 00 00 00 00 00 00 00 00 00 00 00 00 00 00 00 00 00 00 00 00 00 00 00 00 00 00 00 00
[22:54:08.370] [JETSON-RX] 00 00 00 00 00 00 00 00 00 00 00 00 00 00 00 00 00 00 00 00 00 00 00 00 00 00 00 00 00 00 00 00 00 00 00 00 00 00 00 00 00 00 00 00 00 00 00 00 00 00 00 00 00 00 00 00 00 00 00 00 00 00 00 00 00 00 00 00 00 00 00 00 00 00 00 00 00 00 00 00 00 00 00 00 00 00 00 00 00 00 00 00 00 00 00 00 00 00 00 00 00 00 00 00 00 00 00 00 00 00 00 00 00 00 00 00 00 01 00 00 00 00 00 00 00 00 00 00 10 10 00 00 00 00 00 00 00 00 00 00 00 00 00 00 00 00 00 00 00 00 00 00 00 00 00 00 00 00 00 00 00 00 00 00 00 00 00 00 00 00 00 00 00 00 00 00 00 00 00 00 00 00 00 00 00 00 00 00 00 00 00 00 00 00 00 00 10 00 00 00 00 00 00 00 00 00 00 00 00 00 00 00 00 00 00 00 00 00 00 00 00 00 00 00 00 00 00 00 00 00 00 00 00 00 00 00 04 04 00 00 00 00 00 00 08 00 00 00 00 00 00 00 00 00 00 00
[22:54:08.764] [JETSON-RX] 00 00 00 00 00 00 00 00 00 00 00 80 00 00 00 00 00 00 00 00 00 00 00 00 00 00 00 00 00 00 00 00 00 00 00 00 00 00 00 00 00 00 00 00 00 00 00 00 00 00 00 00 00 00 00 00 00 00 00 00 00 00 00 00 00 00 00 00 00 00 00 00 00 00 00 00 00 00 00 00 00 00 00 00 00 00 00 00 00 00 00 00 00 00 00 00 00 00 00 04 00 00 00 00 00 00 00 00 00 00 00 00 00 00 00 00 00 00 00 00 00 00 00 00 00 00 00 00 00 00 00 00 00 00 04 00 00 00 00 00 00 00 00 00 01 00 00 00 00 00 00 00 00 00 00 00 00 00 00 00 00 00 00 00 00 00 00 00 00 00 00 00 00 00 00 00 00 00 00 00 80 00 00 00 00 00 00 00 00 00 00 00 00 00 00 00 00 00 00 00 00 00 00 00 00 00 00 00 00 00 00 00 00 00 00 00 00 00 00 00 00 00 00 00 00 00 00 00 00 00 00 00 00 00 00 00 00 00 00 00 00 00 00 00 00 00 00 00 00 00 00 00 00 00 00 00
[22:54:09.289] [JETSON-RX] 00 00 00 00 00 00 00 00 00 00 00 00 00 00 00 00 00 00 00 00 00 00 00 00 00 00 00 00 00 00 00 00 00 00 00 00 00 00 00 00 00 00 00 20 00 00 00 00 00 00 00 00 00 00 00 00 00 00 00 00 00 00 00 00 00 00 00 00 00 00 00 00 00 00 08 00 00 00 00 00 00 00 00 00 00 00 00 00 00 00 00 00 00 00 00 00 00 00 00 00 00 00 10 40 00 00 00 00 00 00 00 00 00 00 00 00 00 00 00 00 00 00 00 00 00 00 00 00 00 00 00 00 00 00 00 00 00 00 00 00 00 00 00 00 00 00 00 00 00 00 00 00 00 10 00 00 00 00 00 00 00 00 00 00 00 00 00 00 00 00 00 00 00 00 00 00 00 00 00 00 00 00 00 00 00 00 00 00 00 00 00 00 00 00 00 00 00 00 00 00 00 00 00 00 00 00 00 00 00 00 00 00 00 00 00 00 00 00 00 00 00 00 00 00 00 00 00 00 00 00 00 00 00 00 00 00 00 00 00 00 00 00 00 00 00 00 00 00 00 00 00 00 00 00 00 00
[22:54:10.067] [JETSON-RX] 00 00 00 00 00 00 80 00 00 00 00 00 00 00 00 00 00 00 00 00 00 00 00 00 00 00 00 00 00 00 00 00 00 00 00 00 00 00 00 00 00 00 00 00 00 00 00 00 00 00 00 00 00 00 00 00 00 00 00 00 00 00 00 00 00 00 00 00 00 00 00 00 00 00 00 00 00 00 00 00 00 00 00 00 00 00 00 00 00 00 00 00 00 00 00 00 00 00 00 00 00 00 00 00 00 00 00 00 00 00 00 00 00 00 00 00 00 00 00 00 00 00 00 00 00 00 00 00 00 00 00 00 00 00 00 00 00 00 00 00 00 00 00 00 00 00 00 00 00 00 00 00 00 00 00 00 00 00 00 00 00 00 00 00 00 00 00 00 00 00 00 00 00 00 00 00 00 00 00 00 00 00 00 00 00 00 00 00 00 00 00 00 00 00 00 00 00 00 00 00 00 00 00 00 00 00 00 00 00 00 00 00 00 00 00 00 00 00 00 00 00 00 00 00 00 00 00 00 00 00 00 00 00 00 00 00 00 00 00 00 00 00 00 00 00 00 00 00 00 00 00 00 00 00 00 00
[22:54:10.665] [JETSON-RX] 00 00 00 00 00 00 00 00 00 00 00 00 00 00 00 00 00 00 00 00 00 00 00 00 00 00 00 00 00 00 00 00 00 00 00 00 00 00 00 00 00 00 00 00 00 00 00 00 00 00 00 00 00 00 00 00 00 00 00 00 00 00 00 00 00 00 00 00 00 00 00 00 00 00 80 00 00 00 00 00 00 00 00 00 00 00 00 00 00 00 00 00 00 00 00 00 00 00 00 00 00 00 00 00 00 00 00 00 00 00 00 00 00 00 00 00 00 00 00 00 00 00 00 00 00 08 00 00 00 00 00 00 00 00 00 00 00 00 00 00 00 00 00 00 00 00 00 00 00 00 00 00 00 00 00 00 00 00 04 00 00 00 00 00 00 00 00 00 10 00 00 00 00 00 00 00 00 00 00 00 00 00 00 00 00 00 00 00 00 00 00 00 00 00 00 00 00 00 00 00 00 00 00 00 00 00 00 00 00 00 00 00 00 00 00 00 00 00 00 00 00 00 00 00 00 00 00 00 00 00 00 00 00 00 00 00 00 00 00 00 00 00 00 00 00 00 00 00 00 00 00 00 00 00 00 00
[22:54:11.081] [JETSON-RX] 00 00 00 00 00 00 00 00 00 00 00 00 00 00 00 00 00 00 00 00 00 00 00 00 00 00 00 00 00 00 00 00 00 00 00 00 00 00 00 00 00 00 00 00 40 00 00 00 00 00 00 00 00 00 00 00 00 00 00 00 00 00 00 00 00 00 00 00 00 00 00 00 00 00 00 00 00 00 00 00 00 00 10 00 00 00 00 00 00 00 00 00 00 00 00 00 00 00 00 00 00 00 00 00 00 00 00 00 00 00 00 00 00 00 00 00 00 00 00 00 00 00 00 00 00 00 00 00 00 00 00 00 04 00 00 00 00 00 00 00 00 00 00 00 00 00 00 00 00 00 00 00 00 00 00 00 00 00 00 00 00 00 04 00 00 00 00 00 00 00 00 00 00 00 00 00 00 00 00 00 00 00 00 00 00 00 00 10 02 00 00 00 00 00 00 00 00 00 00 00 00 00 00 00 00 00 00 00 00 00 00 00 00 00 00 00 00 00 00 00 00 00 00 00 00 00 00 00 00 00 00 00 00 00 00 00 00 00 00 00 00 00 00 00 00 00 00 00 00 00 00 00 00 00 00 00
[22:54:11.501] [JETSON-RX] 00 00 00 00 00 00 00 00 00 00 00 00 00 00 00 00 00 00 02 00 00 00 00 00 00 00 00 00 00 00 00 00 00 00 00 00 00 00 00 00 00 00 00 00 00 00 00 00 00 00 00 00 00 00 00 00 00 00 00 00 00 00 00 00 00 00 00 00 00 00 00 00 00 00 00 00 00 00 00 00 00 00 00 00 00 00 00 00 00 00 00 00 00 00 00 00 00 00 00 00 00 00 00 00 00 00 00 00 00 00 00 00 00 00 00 00 00 00 00 00 00 00 00 00 00 00 00 00 00 00 00 00 00 00 00 00 00 00 00 00 00 00 00 00 00 00 00 00 00 00 00 00 00 00 00 00 00 00 00 00 00 00 00 00 00 00 00 08 00 00 00 00 00 00 00 00 00 00 00 00 00 00 00 00 00 00 00 00 00 00 00 00 00 00 00 00 00 00 00 00 00 00 00 00 00 40 00 00 00 00 00 00 00 00 00 00 00 00 00 00 00 00 00 80 00 00 00 00 00 00 00 00 00 00 00 00 00 00 00 00 00 00 00 00 00 00 00 00 00 00 20 00 00 00 00 08
[22:54:11.699] [JETSON-RX] 00 00 00 00 00 00 00 00 00 00 08 00 00 00 00 00 00 00 00 00 00 00 00 00 00 00 00 00 00 00 00 00 00 00 00 00 00 00 10 00 00 00 00 00 00 00 00 00 00 00 00 00 00 00 00 00 00 00
[22:54:12.008] [JETSON-INFO] 已停止周期视觉发送
[22:54:12.009] [JETSON-TX] TARGET_CTRL_STOP: AA 01 00 BB
[22:54:12.010] [ARM-TX] 发送命令 laser_off: laser_off
[22:54:12.010] [DEMO-INFO] 演示已停止，已关闭视觉发送和激光输出
[22:54:12.140] [JETSON-RX] 00 00 00 00 00 00 00 00 00 00 00 00 00 00 00 00 00 00 00 00 00 00 00 00 00 00 00 00 00 00 00 00 00 00 00 00 00 00 00 00 00 00 00 00 00 00 00 00 00 00 00 00 00 00 00 00 00 00 00 00 00 00 00 00 00 00 00 00 00 00 00 00 00 00 00 00 00 00 00 00 00 00 00 00 00 00 00 00 00 00 00 00 00 00 00 00 00 00 00 00 00 00 00 00 00 00 00 00 00 00 00 00 00 00 00 00 00 00 00 00 00 00 00 00 00 04 00 00 00 00 00 00 00 00 00 00 00 00 00 00 00 00 00 00 00 00 00 00 00 00 00 00 00 00 00 00 00 00 00 00 00 00 00 00 00 00 00 00 00 00 00 00 00 00 00 00 00 00 00 00 00 00 00 00 00 00 00 00 00 00 00 00 00 00 00 00 00 00 00 00 00 00 00 00 00 00 00 00 00 00 00 00 00 00 00 00 00 00 00 00 00 00 00 00 00 00 00 00 00 00 00 00 00 00 00 00 00 00 00 00 00 00 00 00 00 00 00 00 00 00 00 00 00 00 00 00
[22:54:12.439] [JETSON-RX] 00 00 00 00 00 00 00 00 00 00 00 00 00 00 00 00 00 00 00 00 00 00 00 00 00 00 00 00 00 00 00 00 00 00 00 00 00 00 00 00 00 00 00 00 00 00 00 00 00 00 00 00 00 00 00 00 00 00 00 00 00 00 00 00 00 00 00 00 00 08 00 00 20 00 00 00 00 00 00 00 00 00 00 00 00 00 00 00 00 00 00 00 00 00 00 00 00 00 00 00 00 00 00
[22:54:12.931] [JETSON-RX] 00 00 00 00 00 00 00 00 00 00 00 00 00 00 00 00 00 00 00 00 00 00 00 00 00 00 00 00 00 00 00 00 00 00 00 00 00 00 00 80 00 00 00 00 00 00 00 00 00 00 00 00 00 00 00 00 00 00 00 00 00 00 00 00 00 00 00 00 00 00 00 00 00 00 00 00 00 00 00 00 00 00 00 00 00 00 00 00 00 00 00 00 00 00 00 00 00 00 00 00 00 00 00 00 00 00 00 00 00 00 00 00 00 00 00 00 00 00 00 00 00 00 00 00 00 00 00 00 00 00 00 00 00 00 00 00 00 00 00 00 08 00 00 00 00 00 00 00 00 00 00 20 00 00 00 00 00 00 00 00 00 00 00 00 00 00 00 00 00 00 00 00 00 00 00 00 00 00 00 00 00 00 00 00 00 00 00 00 00 00 00 00 00 00 00 00 00 00 00 00 00 00 00 00 00 00 00 00 00 00 00 00 00 00 00 00 00 00 00 00 00 00 00 00 00 00 00 00 00 00 00 00 00 00 00 00 00 00 00 00 00 00 00 00 00 00 00 00 00 00 00 00 00 00 00 00
[22:54:13.565] [JETSON-RX] 00 00 00 00 00 00 00 00 00 00 00 00 00 00 00 00 00 00 00 00 00 00 00 00 00 00 00 00 00 00 00 00 00 00 00 00 00 00 00 00 00 00 00 00 00 00 00 00 00 00 00 00 00 00 00 00 00 00 00 00 00 00 00 00 00 00 00 00 00 00 00 00 00 00 00 00 00 00 00 00 00 00 00 00 00 00 00 00 00 00 00 00 00 00 00 00 00 00 00 00 00 00 00 00 00 00 00 00 00 00 00 00 00 00 00 00 00 00 00 00 00 00 00 00 00 00 00 00 00 00 00 00 00 00 00 00 00 00 00 00 00 00 00 00 00 00 00 00 00 00 00 00 00 00 00 00 00 00 00 00 00 00 00 00 00 00 00 00 00 00 00 00 00 00 00 00 00 00 00 00 00 00 00 00 00 00 00 00 00 00 00 00 00 00 00 00 00 00 00 00 00 00 00 00 00 00 00 00 00 00 00 00 00 00 00 00 00 00 00 00 00 00 00 00 00 00 00 00 00 00 00 00 00 00 00 00 00 00 00 00 00 00 00 00 00 00 00 00 00 00 00 00 00 00 00 00
[22:54:13.923] [JETSON-RX] 00 00 00 10 00 00 00 00 00 00 00 00 00 00 00 00 00 00 00 00 00 00 00 00 00 00 00 00 00 00 00 00 00 00 00 00 00 00 00 00 00 00 00 00 00 00 00 00 00 00 00 00 00 00 00 00 00 00 00 00 00 00 00 00 00 00 00 00 00 00 00 00 00 00 00 00 00 00 00 00 00 00 00 00 00 00 00 00 00 00 00 00 00 00 00 00 00 00 00 00 00 00 00 00 00 00 00 00 00 00 00 00 00 00 00 00 00 00 00 00 00 00 00 00 00 00 00 08 00 00 00 00 00 00 00 00 00 08 00 00 00 00 00 00 00 00 00 00 00 00 00 00 00 00 00 00 00 00 00 00 00 00 00 00 00 00 00 00 00 00 00 00 00 00 00 00 00 00 00 00 00 00 00 00 00 00 00 00 00 00 00 00 00 00 00 00 00 00 00 00 00 00 00 00 00 00 00 00 00 00 00 00 00 00 00 00 00 00 00 00 00 00 00 40 00 00 00 00 00 00 00 00 00 00 00 00 00 00 00 00 00 00 00 00 00 00 00 00 00 00 00 00 00 00 00 00
[22:54:14.432] [ARM-INFO] 已关闭串口
[22:54:14.446] [JETSON-RX] 00 00 00 00 00 00 00 00 00 00 00 00 00 00 00 00 00 00 00 00 00 00 00 00 00 00 00 00 00 00 00 00 00 00 00 00 00 00 00 00 00 00 00 00 00 00 00 00 00 00 00 00 00 00 00 00 00 00 00 00 00 00 00 00 00 00 00 00 00 00 00 00 00 00 00 00 00 00 00 00 00 00 00 00 00 00 00 00 00 00 00 00 00 00 00 00 00 00 00 00 00 00 00 00 00 00 00 00 00 00 00 00 00 00 00 00 00 00 00 00 00 00 00 00 00 00 00 00 00 00 00 00 00 00 00 00 00 00 00 00 00 00 00 00 00 00 00 00 00 00 00 00 00 00 00 00 00 00 00 00 00 00 00 00 00 00 00 00 00 00 00 00 00 00 00 00 00 00 00 00 00 00 00 00 00 00 00 00 00 00 00 00 00 00 00 00 00 00 00 00 00 00 00 00 00 00 00 00 00 00 00 00 00 40 00 00 00 00 00 00 00 00 00 00 00 00 00 00 00 00 00 00 00 00 00 00 00 00 00 00 00 00 00 00 00 00 00 00 00 00 00 00 00 00 00 00
[22:54:14.877] [JETSON-INFO] 已停止周期视觉发送
[22:54:14.878] [JETSON-INFO] 已关闭串口
[22:54:16.634] [JETSON-INFO] 已停止周期视觉发送
[22:54:16.636] [ARM-ERROR] ARM串口未打开，命令未发送: target_disable
[22:54:16.637] [ARM-ERROR] ARM串口未打开，命令未发送: laser_off
[22:54:16.637] [APP-SAFETY] 已停止视觉发送，并发送 target_disable / laser_off
[22:58:26.508] [JETSON-INFO] 已停止周期视觉发送
