[20:54:04.316] [APP-INFO] 已刷新串口: COM7, COM16, COM22, COM21, COM14
[20:54:04.317] [APP-INFO] log file: E:\Renesas\RA6M5-Robot\Robot_FreeRTOS - Arm\UpperComputer\dist\logs\ra6m5_upper_console_20260704_205404.log
[20:54:07.312] [ARM-INFO] opened COM7 @ 115200
[20:54:09.957] [ARM-INFO] opened COM7 @ 115200
[20:54:11.584] [ARM-TX] 发送命令 soft_reset: soft_reset
[20:54:11.700] [ARM-RX] Found handler for 'soft_reset', executing...
[20:54:11.700] [ARM-RX] ROBOT_SOFT_RESET_EVENT
[20:54:11.700] [ARM-RX] --- Starting soft reset ---
[20:54:11.888] [ARM-RX] Soft reset motors enabled (J1~J5, J6 skipped).
[20:54:11.888] [ARM-RX] Soft resetting joint 4...
[20:54:11.949] [ARM-RX] robot_update_current_angle 4...
[20:54:11.949] [ARM-RX] [4] current:90.00, target:90.00, dir:-1
[20:54:12.074] [ARM-RX] Soft resetting joint 3...
[20:54:12.074] [ARM-RX] robot_update_current_angle 3...
[20:54:12.074] [ARM-RX] [3] current:0.00, target:0.00, dir:-1
[20:54:12.197] [ARM-RX] Soft resetting joint 1...
[20:54:12.260] [ARM-RX] robot_update_current_angle 1...
[20:54:12.260] [ARM-RX] [1] current:90.00, target:90.00, dir:-1
[20:54:12.383] [ARM-RX] Soft resetting joint 2...
[20:54:12.383] [ARM-RX] robot_update_current_angle 2...
[20:54:12.383] [ARM-RX] [2] current:-90.00, target:-90.00, dir:-1
[20:54:12.510] [ARM-RX] Soft resetting joint 0...
[20:54:12.510] [ARM-RX] robot_update_current_angle 0...
[20:54:12.510] [ARM-RX] [0] current:90.00, target:90.00, dir:-1
[20:54:12.758] [ARM-RX] soft reset final verify PASS (issues:0), pose set HOME.
[20:54:14.680] [ARM-TX] 发送命令 auto 0 -50 0: auto 0 -50 0
[20:54:14.779] [ARM-RX] Found handler for 'auto', executing...
[20:54:14.781] [ARM-RX] ROBOT_AUTO_EVENT
[20:54:14.781] [ARM-RX] [0] <0.00 0.00 0.00> result: 90.00 90.00 -90.00 0.00 90.00 0.00
[20:54:14.781] [ARM-RX] [1] <0.00 -0.00 0.00> result: 90.00 90.00 -90.00 0.00 90.00 0.00
[20:54:14.781] [ARM-RX] [2] <0.00 -0.00 0.00> result: 90.00 90.00 -90.00 0.00 90.00 0.00
[20:54:14.781] [ARM-RX] [3]
[20:54:14.802] [ARM-RX] <0.00 -0.01 0.00> result: 90.00 90.00 -90.00 0.00 90.00 0.00
[20:54:14.803] [ARM-RX] [4] <0.00 -0.02 0.00> result: 90.00 90.00 -89.99 0.00 90.00 0.00
[20:54:14.803] [ARM-RX] [5] <0.00 -0.03 0.00> result: 90.00 90.01 -89.99 0.00 90.00 0.00
[20:54:14.803] [ARM-RX] [6] <0.00 -0.05 0.00> result: 90.00 90.02 -89.98 0.00 90.00 0
[20:54:14.825] [ARM-RX] .00
[20:54:14.826] [ARM-RX] [7] <0.00 -0.08 0.00> result: 90.00 90.02 -89.98 0.00 90.00 0.00
[20:54:14.826] [ARM-RX] [8] <0.00 -0.12 0.00> result: 90.00 90.03 -89.97 0.00 90.00 0.00
[20:54:14.826] [ARM-RX] [9] <0.00 -0.17 0.00> result: 90.00 90.05 -89.95 0.00 90.00 0.00
[20:54:14.826] [ARM-RX] [10] <0.00 -0.22 0.00> result: 90.00 90.06 -89.94 0.0
[20:54:14.848] [ARM-RX] 0 90.00 0.00
[20:54:14.849] [ARM-RX] [11] <0.00 -0.29 0.00> result: 90.00 90.08 -89.92 0.00 90.00 0.00
[20:54:14.849] [ARM-RX] [12] <0.00 -0.38 0.00> result: 90.00 90.11 -89.89 0.00 90.00 0.00
[20:54:14.849] [ARM-RX] [13] <0.00 -0.47 0.00> result: 90.00 90.14 -89.86 0.00 90.00 0.00
[20:54:14.849] [ARM-RX] [14] <0.00 -0.59 0.00> result: 90.00 90.1
[20:54:14.873] [ARM-RX] 7 -89.83 0.00 90.00 0.00
[20:54:14.874] [ARM-RX] [15] <0.00 -0.71 0.00> result: 90.00 90.20 -89.80 0.00 90.00 0.00
[20:54:14.874] [ARM-RX] [16] <0.00 -0.86 0.00> result: 90.00 90.24 -89.75 0.00 90.00 0.00
[20:54:14.874] [ARM-RX] [17] <0.00 -1.02 0.00> result: 90.00 90.29 -89.71 0.00 90.00 0.00
[20:54:14.874] [ARM-RX] [18] <0.00 -1.20 0.00> result
[20:54:14.894] [ARM-RX] : 90.00 90.34 -89.65 0.00 90.00 0.00
[20:54:14.894] [ARM-RX] [19] <0.00 -1.41 0.00> result: 90.00 90.40 -89.60 0.00 89.99 0.00
[20:54:14.894] [ARM-RX] [20] <0.00 -1.63 0.00> result: 90.00 90.46 -89.53 0.00 89.99 0.00
[20:54:14.894] [ARM-RX] [21] <0.00 -1.87 0.00> result: 90.00 90.53 -89.46 0.00 89.99 0.00
[20:54:14.894] [ARM-RX] [22] <0.00 -2.14
[20:54:14.918] [ARM-RX] 0.00> result: 90.00 90.60 -89.39 0.00 89.99 0.00
[20:54:14.918] [ARM-RX] [23] <0.00 -2.43 0.00> result: 90.00 90.68 -89.30 0.00 89.98 0.00
[20:54:14.918] [ARM-RX] [24] <0.00 -2.74 0.00> result: 90.00 90.77 -89.21 0.00 89.98 0.00
[20:54:14.918] [ARM-RX] [25] <0.00 -3.08 0.00> result: 90.00 90.86 -89.11 0.00 89.97 0.00
[20:54:14.919] [ARM-RX] [26]
[20:54:14.951] [ARM-RX] <0.00 -3.45 0.00> result: 90.00 90.96 -89.01 0.00 89.97 0.00
[20:54:14.951] [ARM-RX] [27] <0.00 -3.83 0.00> result: 90.00 91.06 -88.90 0.00 89.96 0.00
[20:54:14.952] [ARM-RX] [28] <0.00 -4.25 0.00> result: 90.00 91.17 -88.78 0.00 89.95 0.00
[20:54:14.952] [ARM-RX] [29] <0.00 -4.69 0.00> result: 90.00 91.29 -88.65 0.00 89.94
[20:54:14.975] [ARM-RX] 0.00
[20:54:14.975] [ARM-RX] [30] <0.00 -5.16 0.00> result: 90.00 91.41 -88.52 0.00 89.93 0.00
[20:54:14.975] [ARM-RX] [31] <0.00 -5.66 0.00> result: 90.00 91.54 -88.37 0.00 89.91 0.00
[20:54:14.975] [ARM-RX] [32] <0.00 -6.19 0.00> result: 90.00 91.68 -88.22 0.00 89.90 0.00
[20:54:14.976] [ARM-RX] [33] <0.00 -6.74 0.00> result: 90.00 91.82 -88.0
[20:54:14.996] [ARM-RX] 6 0.00 89.88 0.00
[20:54:14.996] [ARM-RX] [34] <0.00 -7.33 0.00> result: 90.00 91.97 -87.89 0.00 89.86 0.00
[20:54:14.997] [ARM-RX] [35] <0.00 -7.94 0.00> result: 90.00 92.12 -87.71 0.00 89.84 0.00
[20:54:14.997] [ARM-RX] [36] <0.00 -8.58 0.00> result: 90.00 92.28 -87.53 0.00 89.81 0.00
[20:54:14.997] [ARM-RX] [37] <0.00 -9.25 0.00> result: 90.00
[20:54:15.023] [ARM-RX] 92.45 -87.33 0.00 89.78 0.00
[20:54:15.023] [ARM-RX] [38] <0.00 -9.95 0.00> result: 90.00 92.62 -87.13 0.00 89.75 0.00
[20:54:15.023] [ARM-RX] [39] <0.00 -10.69 0.00> result: 90.00 92.80 -86.92 0.00 89.72 0.00
[20:54:15.024] [ARM-RX] [40] <0.00 -11.45 0.00> result: 90.00 92.98 -86.69 0.00 89.68 0.00
[20:54:15.024] [ARM-RX] [41] <0.00 -12.24 0.00
[20:54:15.044] [ARM-RX] > result: 90.00 93.17 -86.46 0.00 89.64 0.00
[20:54:15.044] [ARM-RX] [42] <0.00 -13.06 0.00> result: 90.00 93.37 -86.22 0.00 89.59 0.00
[20:54:15.044] [ARM-RX] [43] <0.00 -13.91 0.00> result: 90.00 93.57 -85.98 0.00 89.54 0.00
[20:54:15.044] [ARM-RX] [44] <0.00 -14.80 0.00> result: 90.00 93.77 -85.72 0.00 89.49 0.00
[20:54:15.044] [ARM-RX] [45] <
[20:54:15.065] [ARM-RX] 0.00 -15.71 0.00> result: 90.00 93.98 -85.45 0.00 89.43 0.00
[20:54:15.066] [ARM-RX] [46] <0.00 -16.65 0.00> result: 90.00 94.19 -85.18 0.00 89.37 0.00
[20:54:15.066] [ARM-RX] [47] <0.00 -17.62 0.00> result: 90.00 94.41 -84.89 0.00 89.30 0.00
[20:54:15.066] [ARM-RX] [48] <0.00 -18.62 0.00> result: 90.00 94.63 -84.60 0.00 89
[20:54:15.087] [ARM-RX] .23 0.00
[20:54:15.089] [ARM-RX] [49] <0.00 -19.64 0.00> result: 90.00 94.86 -84.30 0.00 89.16 0.00
[20:54:15.089] [ARM-RX] [50] <0.00 -20.70 0.00> result: 90.00 95.09 -83.99 0.00 89.08 0.00
[20:54:15.089] [ARM-RX] [51] <0.00 -21.78 0.00> result: 90.00 95.32 -83.67 0.00 89.00 0.00
[20:54:15.089] [ARM-RX] [52] <0.00 -22.89 0.00> result: 90.00 95.5
[20:54:15.114] [ARM-RX] 6 -83.35 0.00 88.91 0.00
[20:54:15.115] [ARM-RX] [53] <0.00 -24.02 0.00> result: 90.00 95.80 -83.01 0.00 88.81 0.00
[20:54:15.115] [ARM-RX] [54] <0.00 -25.19 0.00> result: 90.00 96.05 -82.67 0.00 88.72 0.00
[20:54:15.115] [ARM-RX] [55] <0.00 -26.37 0.00> result: 90.00 96.29 -82.32 0.00 88.61 0.00
[20:54:15.115] [ARM-RX] [56] <0.00 -27.59 0.00> re
[20:54:15.146] [ARM-RX] sult: 90.00 96.54 -81.96 0.00 88.51 0.00
[20:54:15.146] [ARM-RX] [57] <0.00 -28.82 0.00> result: 90.00 96.80 -81.60 0.00 88.40 0.00
[20:54:15.146] [ARM-RX] [58] <0.00 -30.08 0.00> result: 90.00 97.05 -81.22 0.00 88.28 0.00
[20:54:15.146] [ARM-RX] [59] <0.00 -31.36 0.00> result: 90.00 97.31 -80.84 0.00 88.16 0.00
[20:54:15.148] [ARM-RX] [60] <0.00
[20:54:15.168] [ARM-RX] -32.67 0.00> result: 90.00 97.57 -80.46 0.00 88.03 0.00
[20:54:15.168] [ARM-RX] [61] <0.00 -33.99 0.00> result: 90.00 97.84 -80.06 0.00 87.90 0.00
[20:54:15.168] [ARM-RX] [62] <0.00 -35.34 0.00> result: 90.00 98.10 -79.66 0.00 87.77 0.00
[20:54:15.170] [ARM-RX] [63] <0.00 -36.70 0.00> result: 90.00 98.37 -79.26 0.00 87.63
[20:54:15.191] [ARM-RX] 0.00
[20:54:15.191] [ARM-RX] [64] <0.00 -38.09 0.00> result: 90.00 98.64 -78.85 0.00 87.48 0.00
[20:54:15.191] [ARM-RX] [65] <0.00 -39.49 0.00> result: 90.00 98.91 -78.43 0.00 87.34 0.00
[20:54:15.191] [ARM-RX] [66] <0.00 -40.91 0.00> result: 90.00 99.18 -78.01 0.00 87.19 0.00
[20:54:15.192] [ARM-RX] [67] <0.00 -42.34 0.00> result: 90.00 99.45 -7
[20:54:15.214] [ARM-RX] 7.58 0.00 87.03 0.00
[20:54:15.214] [ARM-RX] [68] <0.00 -43.78 0.00> result: 90.00 99.73 -77.15 0.00 86.87 0.00
[20:54:15.214] [ARM-RX] [69] <0.00 -45.25 0.00> result: 90.00 100.00 -76.71 0.00 86.71 0.00
[20:54:15.214] [ARM-RX] [70] <0.00 -46.72 0.00> result: 90.00 100.28 -76.27 0.00 86.54 0.00
[20:54:15.216] [ARM-RX] [71] <0.00 -48.20 0.00> resu
[20:54:15.237] [ARM-RX] lt: 90.00 100.55 -75.82 0.00 86.37 0.00
[20:54:15.238] [ARM-RX] [72] <0.00 -49.70 0.00> result: 90.00 100.83 -75.37 0.00 86.20 0.00
[20:54:15.238] [ARM-RX] [73] <0.00 -50.00 0.00> result: 90.00 100.89 -75.28 0.00 86.17 0.00
[20:54:15.238] [ARM-RX] [74] <0.00 -50.00 0.00> result: 90.00 100.89 -75.28 0.00 86.17 0.00
[20:54:15.238] [ARM-RX] [75] <0.
[20:54:15.259] [ARM-RX] 00 -50.00 0.00> result: 90.00 100.89 -75.28 0.00 86.17 0.00
[20:54:15.261] [ARM-RX] [76] <0.00 -50.00 0.00> result: 90.00 100.89 -75.28 0.00 86.17 0.00
[20:54:15.262] [ARM-RX] [77] <0.00 -50.00 0.00> result: 90.00 100.89 -75.28 0.00 86.17 0.00
[20:54:15.262] [ARM-RX] [78] <0.00 -50.00 0.00> result: 90.00 100.89 -75.28 0.00
[20:54:15.283] [ARM-RX] 86.17 0.00
[20:54:15.283] [ARM-RX] [79] <0.00 -50.00 0.00> result: 90.00 100.89 -75.28 0.00 86.17 0.00
[20:54:15.283] [ARM-RX] [80] <0.00 -50.00 0.00> result: 90.00 100.89 -75.28 0.00 86.17 0.00
[20:54:15.283] [ARM-RX] [81] <0.00 -50.00 0.00> result: 90.00 100.89 -75.28 0.00 86.17 0.00
[20:54:15.284] [ARM-RX] [82] <0.00 -50.00 0.00> result: 90.00
[20:54:15.319] [ARM-RX] 100.89 -75.28 0.00 86.17 0.00
[20:54:15.320] [ARM-RX] [83] <0.00 -50.00 0.00> result: 90.00 100.89 -75.28 0.00 86.17 0.00
[20:54:15.320] [ARM-RX] [84] <0.00 -50.00 0.00> result: 90.00 100.89 -75.28 0.00 86.17 0.00
[20:54:15.320] [ARM-RX] [85] <0.00 -50.00 0.00> result: 90.00 100.89 -75.28 0.00 86.17 0.00
[20:54:15.320] [ARM-RX] [86] <0.00 -50.00
[20:54:15.339] [ARM-RX] 0.00> result: 90.00 100.89 -75.28 0.00 86.17 0.00
[20:54:15.339] [ARM-RX] [87] <0.00 -50.00 0.00> result: 90.00 100.89 -75.28 0.00 86.17 0.00
[20:54:15.339] [ARM-RX] [88] <0.00 -50.00 0.00> result: 90.00 100.89 -75.28 0.00 86.17 0.00
[20:54:15.339] [ARM-RX] [89] <0.00 -50.00 0.00> result: 90.00 100.89 -75.28 0.00 86.17 0.0
[20:54:15.364] [ARM-RX] 0
[20:54:15.364] [ARM-RX] [90] <0.00 -50.00 0.00> result: 90.00 100.89 -75.28 0.00 86.17 0.00
[20:54:15.365] [ARM-RX] [91] <0.00 -50.00 0.00> result: 90.00 100.89 -75.28 0.00 86.17 0.00
[20:54:15.365] [ARM-RX] [92] <0.00 -50.00 0.00> result: 90.00 100.89 -75.28 0.00 86.17 0.00
[20:54:15.365] [ARM-RX] [93] <0.00 -50.00 0.00> result: 90.00 100.89 -
[20:54:15.386] [ARM-RX] 75.28 0.00 86.17 0.00
[20:54:15.386] [ARM-RX] [94] <0.00 -50.00 0.00> result: 90.00 100.89 -75.28 0.00 86.17 0.00
[20:54:15.386] [ARM-RX] [95] <0.00 -50.00 0.00> result: 90.00 100.89 -75.28 0.00 86.17 0.00
[20:54:15.386] [ARM-RX] [96] <0.00 -50.00 0.00> result: 90.00 100.89 -75.28 0.00 86.17 0.00
[20:54:15.386] [ARM-RX] [97] <0.00 -50.00 0.00> re
[20:54:15.410] [ARM-RX] sult: 90.00 100.89 -75.28 0.00 86.17 0.00
[20:54:15.410] [ARM-RX] [98] <0.00 -50.00 0.00> result: 90.00 100.89 -75.28 0.00 86.17 0.00
[20:54:15.410] [ARM-RX] [99] <0.00 -50.00 0.00> result: 90.00 100.89 -75.28 0.00 86.17 0.00
[20:54:15.410] [ARM-RX] [100] <0.00 -50.00 0.00> result: 90.00 100.89 -75.28 0.00 86.17 0.00
[20:54:15.411] [ARM-RX] [101]
[20:54:15.435] [ARM-RX] <0.00 -50.00 0.00> result: 90.00 100.89 -75.28 0.00 86.17 0.00
[20:54:15.436] [ARM-RX] [102] <0.00 -50.00 0.00> result: 90.00 100.89 -75.28 0.00 86.17 0.00
[20:54:15.436] [ARM-RX] [103] <0.00 -50.00 0.00> result: 90.00 100.89 -75.28 0.00 86.17 0.00
[20:54:15.436] [ARM-RX] [104] <0.00 -50.00 0.00> result: 90.00 100.89 -75.2
[20:54:15.454] [ARM-RX] 8 0.00 86.17 0.00
[20:54:15.454] [ARM-RX] [105] <0.00 -50.00 0.00> result: 90.00 100.89 -75.28 0.00 86.17 0.00
[20:54:15.454] [ARM-RX] [106] <0.00 -50.00 0.00> result: 90.00 100.89 -75.28 0.00 86.17 0.00
[20:54:15.454] [ARM-RX] [107] <0.00 -50.00 0.00> result: 90.00 100.89 -75.28 0.00 86.17 0.00
[20:54:15.455] [ARM-RX] [108] <0.00 -50.00 0.00> re
[20:54:15.476] [ARM-RX] sult: 90.00 100.89 -75.28 0.00 86.17 0.00
[20:54:15.477] [ARM-RX] [109] <0.00 -50.00 0.00> result: 90.00 100.89 -75.28 0.00 86.17 0.00
[20:54:15.477] [ARM-RX] [110] <0.00 -50.00 0.00> result: 90.00 100.89 -75.28 0.00 86.17 0.00
[20:54:15.477] [ARM-RX] [111] <0.00 -50.00 0.00> result: 90.00 100.89 -75.28 0.00 86.17 0.00
[20:54:15.477] [ARM-RX] [11
[20:54:15.510] [ARM-RX] 2] <0.00 -50.00 0.00> result: 90.00 100.89 -75.28 0.00 86.17 0.00
[20:54:15.511] [ARM-RX] [113] <0.00 -50.00 0.00> result: 90.00 100.89 -75.28 0.00 86.17 0.00
[20:54:15.511] [ARM-RX] [114] <0.00 -50.00 0.00> result: 90.00 100.89 -75.28 0.00 86.17 0.00
[20:54:15.511] [ARM-RX] [115] <0.00 -50.00 0.00> result: 90.00 100.89 -75
[20:54:15.534] [ARM-RX] .28 0.00 86.17 0.00
[20:54:15.535] [ARM-RX] [116] <0.00 -50.00 0.00> result: 90.00 100.89 -75.28 0.00 86.17 0.00
[20:54:15.535] [ARM-RX] [117] <0.00 -50.00 0.00> result: 90.00 100.89 -75.28 0.00 86.17 0.00
[20:54:15.535] [ARM-RX] [118] <0.00 -50.00 0.00> result: 90.00 100.89 -75.28 0.00 86.17 0.00
[20:54:15.535] [ARM-RX] [119] <0.00 -50.00 0.00>
[20:54:15.556] [ARM-RX] result: 90.00 100.89 -75.28 0.00 86.17 0.00
[20:54:15.556] [ARM-RX] [120] <0.00 -50.00 0.00> result: 90.00 100.89 -75.28 0.00 86.17 0.00
[20:54:15.556] [ARM-RX] [121] <0.00 -50.00 0.00> result: 90.00 100.89 -75.28 0.00 86.17 0.00
[20:54:15.557] [ARM-RX] [122] <0.00 -50.00 0.00> result: 90.00 100.89 -75.28 0.00 86.17 0.00
[20:54:15.557] [ARM-RX] [
[20:54:15.581] [ARM-RX] 123] <0.00 -50.00 0.00> result: 90.00 100.89 -75.28 0.00 86.17 0.00
[20:54:15.582] [ARM-RX] [124] <0.00 -50.00 0.00> result: 90.00 100.89 -75.28 0.00 86.17 0.00
[20:54:15.582] [ARM-RX] [125] <0.00 -50.00 0.00> result: 90.00 100.89 -75.28 0.00 86.17 0.00
[20:54:15.582] [ARM-RX] [126] <0.00 -50.00 0.00> result: 90.00 100.89 -
[20:54:15.604] [ARM-RX] 75.28 0.00 86.17 0.00
[20:54:15.605] [ARM-RX] [127] <0.00 -50.00 0.00> result: 90.00 100.89 -75.28 0.00 86.17 0.00
[20:54:15.605] [ARM-RX] [128] <0.00 -50.00 0.00> result: 90.00 100.89 -75.28 0.00 86.17 0.00
[20:54:15.605] [ARM-RX] [129] <0.00 -50.00 0.00> result: 90.00 100.89 -75.28 0.00 86.17 0.00
[20:54:15.605] [ARM-RX] [130] <0.00 -50.00 0.00
[20:54:15.625] [ARM-RX] > result: 90.00 100.89 -75.28 0.00 86.17 0.00
[20:54:15.626] [ARM-RX] [131] <0.00 -50.00 0.00> result: 90.00 100.89 -75.28 0.00 86.17 0.00
[20:54:15.626] [ARM-RX] [132] <0.00 -50.00 0.00> result: 90.00 100.89 -75.28 0.00 86.17 0.00
[20:54:15.626] [ARM-RX] [133] <0.00 -50.00 0.00> result: 90.00 100.89 -75.28 0.00 86.17 0.00
[20:54:15.648] [ARM-RX] [134] <0.00 -50.00 0.00> result: 90.00 100.89 -75.28 0.00 86.17 0.00
[20:54:15.648] [ARM-RX] [135] <0.00 -50.00 0.00> result: 90.00 100.89 -75.28 0.00 86.17 0.00
[20:54:15.649] [ARM-RX] [136] <0.00 -50.00 0.00> result: 90.00 100.89 -75.28 0.00 86.17 0.00
[20:54:15.649] [ARM-RX] [137] <0.00 -50.00 0.00> result: 90.00 100.89
[20:54:15.686] [ARM-RX] -75.28 0.00 86.17 0.00
[20:54:15.686] [ARM-RX] [138] <0.00 -50.00 0.00> result: 90.00 100.89 -75.28 0.00 86.17 0.00
[20:54:15.687] [ARM-RX] [139] <0.00 -50.00 0.00> result: 90.00 100.89 -75.28 0.00 86.17 0.00
[20:54:15.687] [ARM-RX] [140] <0.00 -50.00 0.00> result: 90.00 100.89 -75.28 0.00 86.17 0.00
[20:54:15.687] [ARM-RX] [141] <0.00 -50.00 0.
[20:54:15.704] [ARM-RX] 00> result: 90.00 100.89 -75.28 0.00 86.17 0.00
[20:54:15.704] [ARM-RX] [142] <0.00 -50.00 0.00> result: 90.00 100.89 -75.28 0.00 86.17 0.00
[20:54:15.705] [ARM-RX] [143] <0.00 -50.00 0.00> result: 90.00 100.89 -75.28 0.00 86.17 0.00
[20:54:15.705] [ARM-RX] [144] <0.00 -50.00 0.00> result: 90.00 100.89 -75.28 0.00 86.17 0.0
[20:54:15.727] [ARM-RX] 0
[20:54:15.728] [ARM-RX] [145] <0.00 -50.00 0.00> result: 90.00 100.89 -75.28 0.00 86.17 0.00
[20:54:15.728] [ARM-RX] [146] <0.00 -50.00 0.00> result: 90.00 100.89 -75.28 0.00 86.17 0.00
[20:54:15.728] [ARM-RX] [147] <0.00 -50.00 0.00> result: 90.00 100.89 -75.28 0.00 86.17 0.00
[20:54:15.728] [ARM-RX] [148] <0.00 -50.00 0.00> result: 90.00 100.
[20:54:15.749] [ARM-RX] 89 -75.28 0.00 86.17 0.00
[20:54:15.751] [ARM-RX] [149] <0.00 -50.00 0.00> result: 90.00 100.89 -75.28 0.00 86.17 0.00
[20:54:15.751] [ARM-RX] [150] <0.00 -50.00 0.00> result: 90.00 100.89 -75.28 0.00 86.17 0.00
[20:54:15.751] [ARM-RX] [151] <0.00 -50.00 0.00> result: 90.00 100.89 -75.28 0.00 86.17 0.00
[20:54:15.751] [ARM-RX] [152] <0.00 -50.00
[20:54:15.773] [ARM-RX] 0.00> result: 90.00 100.89 -75.28 0.00 86.17 0.00
[20:54:15.774] [ARM-RX] [153] <0.00 -50.00 0.00> result: 90.00 100.89 -75.28 0.00 86.17 0.00
[20:54:15.781] [ARM-RX] [154] <0.00 -50.00 0.00> result: 90.00 100.89 -75.28 0.00 86.17 0.00
[20:54:15.781] [ARM-RX] [155] <0.00 -50.00 0.00> result: 90.00 100.89 -75.28 0.00 86.17 0
[20:54:15.796] [ARM-RX] .00
[20:54:15.796] [ARM-RX] [156] <0.00 -50.00 0.00> result: 90.00 100.89 -75.28 0.00 86.17 0.00
[20:54:15.796] [ARM-RX] [157] <0.00 -50.00 0.00> result: 90.00 100.89 -75.28 0.00 86.17 0.00
[20:54:15.797] [ARM-RX] [158] <0.00 -50.00 0.00> result: 90.00 100.89 -75.28 0.00 86.17 0.00
[20:54:15.797] [ARM-RX] [159] <0.00 -50.00 0.00> result: 90.00 10
[20:54:15.852] [ARM-RX] 0.89 -75.28 0.00 86.17 0.00
[20:54:15.852] [ARM-RX] [160] <0.00 -50.00 0.00> result: 90.00 100.89 -75.28 0.00 86.17 0.00
[20:54:15.852] [ARM-RX] [161] <0.00 -50.00 0.00> result: 90.00 100.89 -75.28 0.00 86.17 0.00
[20:54:17.591] [ARM-RX] [joint 1] ave_error:0.00
[20:54:17.592] [ARM-RX] [joint 2] ave_error:2.37
[20:54:17.592] [ARM-RX] [joint 3] ave_error:2.02
[20:54:17.592] [ARM-RX] [joint 4] ave_error:0.00
[20:54:17.592] [ARM-RX] [joint 5] ave_error:0.24
[20:54:17.592] [ARM-RX] robot pid run finished!!
[20:55:13.273] [ARM-TX] 发送命令 soft_reset: soft_reset
[20:55:13.336] [ARM-RX] Found handler for 'soft_reset', executing...
[20:55:13.336] [ARM-RX] ROBOT_SOFT_RESET_EVENT
[20:55:13.337] [ARM-RX] --- Starting soft reset ---
[20:55:13.521] [ARM-RX] Soft reset motors enabled (J1~J5, J6 skipped).
[20:55:13.521] [ARM-RX] Soft resetting joint 4...
[20:55:13.521] [ARM-RX] robot_update_current_angle 4...
[20:55:13.521] [ARM-RX] [4] current:86.08, target:90.00, dir:1
[20:55:14.076] [ARM-RX] Soft resetting joint 3...
[20:55:14.138] [ARM-RX] robot_update_current_angle 3...
[20:55:14.138] [ARM-RX] [3] current:0.00, target:0.00, dir:-1
[20:55:14.263] [ARM-RX] Soft resetting joint 1...
[20:55:14.263] [ARM-RX] robot_update_current_angle 1...
[20:55:14.263] [ARM-RX] [1] current:103.21, target:90.00, dir:-1
[20:55:15.758] [ARM-RX] soft reset joint 1 settle timeout, keep going
[20:55:15.758] [ARM-RX] Soft resetting joint 2...
[20:55:15.820] [ARM-RX] robot_update_current_angle 2...
[20:55:15.820] [ARM-RX] [2] current:-75.32, target:-90.00, dir:-1
[20:55:17.435] [ARM-RX] soft reset joint 2 settle timeout, keep going
[20:55:17.436] [ARM-RX] Soft resetting joint 0...
[20:55:17.436] [ARM-RX] robot_update_current_angle 0...
[20:55:17.436] [ARM-RX] [0] current:90.00, target:90.00, dir:-1
[20:55:17.624] [ARM-RX] soft reset final verify PASS (issues:2), pose set HOME.
[20:56:14.710] [ARM-TX] 发送命令 auto 0 -50 0: auto 0 -50 0
[20:56:14.750] [ARM-RX] Found handler for 'auto', executing...
[20:56:14.750] [ARM-RX] ROBOT_AUTO_EVENT
[20:56:14.750] [ARM-RX] [0] <0.00 0.00 0.00> result: 90.00 90.00 -90.00 0.00 90.00 0.00
[20:56:14.750] [ARM-RX] [1] <0.00 -0.00 0.00> result: 90.00 90.00 -90.00 0.00 90.00 0.00
[20:56:14.750] [ARM-RX] [2] <0.00 -0.00 0.00> result: 90.00 90.00 -90.00 0.00
[20:56:14.772] [ARM-RX] 90.00 0.00
[20:56:14.774] [ARM-RX] [3] <0.00 -0.01 0.00> result: 90.00 90.00 -90.00 0.00 90.00 0.00
[20:56:14.774] [ARM-RX] [4] <0.00 -0.02 0.00> result: 90.00 90.00 -89.99 0.00 90.00 0.00
[20:56:14.774] [ARM-RX] [5] <0.00 -0.03 0.00> result: 90.00 90.01 -89.99 0.00 90.00 0.00
[20:56:14.774] [ARM-RX] [6] <0.00 -0.05 0.00> result: 90.00 90.02 -89
[20:56:14.796] [ARM-RX] .98 0.00 90.00 0.00
[20:56:14.796] [ARM-RX] [7] <0.00 -0.08 0.00> result: 90.00 90.02 -89.98 0.00 90.00 0.00
[20:56:14.796] [ARM-RX] [8] <0.00 -0.12 0.00> result: 90.00 90.03 -89.97 0.00 90.00 0.00
[20:56:14.797] [ARM-RX] [9] <0.00 -0.17 0.00> result: 90.00 90.05 -89.95 0.00 90.00 0.00
[20:56:14.797] [ARM-RX] [10] <0.00 -0.22 0.00> result: 90.00
[20:56:14.818] [ARM-RX] 90.06 -89.94 0.00 90.00 0.00
[20:56:14.818] [ARM-RX] [11] <0.00 -0.29 0.00> result: 90.00 90.08 -89.92 0.00 90.00 0.00
[20:56:14.820] [ARM-RX] [12] <0.00 -0.38 0.00> result: 90.00 90.11 -89.89 0.00 90.00 0.00
[20:56:14.820] [ARM-RX] [13] <0.00 -0.47 0.00> result: 90.00 90.14 -89.86 0.00 90.00 0.00
[20:56:14.820] [ARM-RX] [14] <0.00 -0.59 0.00> re
[20:56:14.841] [ARM-RX] sult: 90.00 90.17 -89.83 0.00 90.00 0.00
[20:56:14.842] [ARM-RX] [15] <0.00 -0.71 0.00> result: 90.00 90.20 -89.80 0.00 90.00 0.00
[20:56:14.842] [ARM-RX] [16] <0.00 -0.86 0.00> result: 90.00 90.24 -89.75 0.00 90.00 0.00
[20:56:14.842] [ARM-RX] [17] <0.00 -1.02 0.00> result: 90.00 90.29 -89.71 0.00 90.00 0.00
[20:56:14.842] [ARM-RX] [18] <0.00 -1
[20:56:14.864] [ARM-RX] .20 0.00> result: 90.00 90.34 -89.65 0.00 90.00 0.00
[20:56:14.865] [ARM-RX] [19] <0.00 -1.41 0.00> result: 90.00 90.40 -89.60 0.00 89.99 0.00
[20:56:14.865] [ARM-RX] [20] <0.00 -1.63 0.00> result: 90.00 90.46 -89.53 0.00 89.99 0.00
[20:56:14.865] [ARM-RX] [21] <0.00 -1.87 0.00> result: 90.00 90.53 -89.46 0.00 89.99 0.00
[20:56:14.865] [ARM-RX] [
[20:56:14.887] [ARM-RX] 22] <0.00 -2.14 0.00> result: 90.00 90.60 -89.39 0.00 89.99 0.00
[20:56:14.887] [ARM-RX] [23] <0.00 -2.43 0.00> result: 90.00 90.68 -89.30 0.00 89.98 0.00
[20:56:14.887] [ARM-RX] [24] <0.00 -2.74 0.00> result: 90.00 90.77 -89.21 0.00 89.98 0.00
[20:56:14.887] [ARM-RX] [25] <0.00 -3.08 0.00> result: 90.00 90.86 -89.11 0.00 8
[20:56:14.910] [ARM-RX] 9.97 0.00
[20:56:14.911] [ARM-RX] [26] <0.00 -3.45 0.00> result: 90.00 90.96 -89.01 0.00 89.97 0.00
[20:56:14.911] [ARM-RX] [27] <0.00 -3.83 0.00> result: 90.00 91.06 -88.90 0.00 89.96 0.00
[20:56:14.911] [ARM-RX] [28] <0.00 -4.25 0.00> result: 90.00 91.17 -88.78 0.00 89.95 0.00
[20:56:14.911] [ARM-RX] [29] <0.00 -4.69 0.00> result: 90.00 91.29 -
[20:56:14.944] [ARM-RX] 88.65 0.00 89.94 0.00
[20:56:14.945] [ARM-RX] [30] <0.00 -5.16 0.00> result: 90.00 91.41 -88.52 0.00 89.93 0.00
[20:56:14.945] [ARM-RX] [31] <0.00 -5.66 0.00> result: 90.00 91.54 -88.37 0.00 89.91 0.00
[20:56:14.945] [ARM-RX] [32] <0.00 -6.19 0.00> result: 90.00 91.68 -88.22 0.00 89.90 0.00
[20:56:14.946] [ARM-RX] [33] <0.00 -6.74 0.00> result: 9
[20:56:14.967] [ARM-RX] 0.00 91.82 -88.06 0.00 89.88 0.00
[20:56:14.967] [ARM-RX] [34] <0.00 -7.33 0.00> result: 90.00 91.97 -87.89 0.00 89.86 0.00
[20:56:14.968] [ARM-RX] [35] <0.00 -7.94 0.00> result: 90.00 92.12 -87.71 0.00 89.84 0.00
[20:56:14.968] [ARM-RX] [36] <0.00 -8.58 0.00> result: 90.00 92.28 -87.53 0.00 89.81 0.00
[20:56:14.968] [ARM-RX] [37] <0.00 -9.25 0.0
[20:56:14.990] [ARM-RX] 0> result: 90.00 92.45 -87.33 0.00 89.78 0.00
[20:56:14.990] [ARM-RX] [38] <0.00 -9.95 0.00> result: 90.00 92.62 -87.13 0.00 89.75 0.00
[20:56:14.990] [ARM-RX] [39] <0.00 -10.69 0.00> result: 90.00 92.80 -86.92 0.00 89.72 0.00
[20:56:14.991] [ARM-RX] [40] <0.00 -11.45 0.00> result: 90.00 92.98 -86.69 0.00 89.68 0.00
[20:56:14.991] [ARM-RX] [41] <
[20:56:15.012] [ARM-RX] 0.00 -12.24 0.00> result: 90.00 93.17 -86.46 0.00 89.64 0.00
[20:56:15.014] [ARM-RX] [42] <0.00 -13.06 0.00> result: 90.00 93.37 -86.22 0.00 89.59 0.00
[20:56:15.014] [ARM-RX] [43] <0.00 -13.91 0.00> result: 90.00 93.57 -85.98 0.00 89.54 0.00
[20:56:15.014] [ARM-RX] [44] <0.00 -14.80 0.00> result: 90.00 93.77 -85.72 0.00 89
[20:56:15.038] [ARM-RX] .49 0.00
[20:56:15.038] [ARM-RX] [45] <0.00 -15.71 0.00> result: 90.00 93.98 -85.45 0.00 89.43 0.00
[20:56:15.038] [ARM-RX] [46] <0.00 -16.65 0.00> result: 90.00 94.19 -85.18 0.00 89.37 0.00
[20:56:15.038] [ARM-RX] [47] <0.00 -17.62 0.00> result: 90.00 94.41 -84.89 0.00 89.30 0.00
[20:56:15.039] [ARM-RX] [48] <0.00 -18.62 0.00> result: 90.00 94.6
[20:56:15.058] [ARM-RX] 3 -84.60 0.00 89.23 0.00
[20:56:15.058] [ARM-RX] [49] <0.00 -19.64 0.00> result: 90.00 94.86 -84.30 0.00 89.16 0.00
[20:56:15.060] [ARM-RX] [50] <0.00 -20.70 0.00> result: 90.00 95.09 -83.99 0.00 89.08 0.00
[20:56:15.060] [ARM-RX] [51] <0.00 -21.78 0.00> result: 90.00 95.32 -83.67 0.00 89.00 0.00
[20:56:15.060] [ARM-RX] [52] <0.00 -22.89 0.00> re
[20:56:15.081] [ARM-RX] sult: 90.00 95.56 -83.35 0.00 88.91 0.00
[20:56:15.082] [ARM-RX] [53] <0.00 -24.02 0.00> result: 90.00 95.80 -83.01 0.00 88.81 0.00
[20:56:15.082] [ARM-RX] [54] <0.00 -25.19 0.00> result: 90.00 96.05 -82.67 0.00 88.72 0.00
[20:56:15.082] [ARM-RX] [55] <0.00 -26.37 0.00> result: 90.00 96.29 -82.32 0.00 88.61 0.00
[20:56:15.082] [ARM-RX] [56] <0.00
[20:56:15.103] [ARM-RX] -27.59 0.00> result: 90.00 96.54 -81.96 0.00 88.51 0.00
[20:56:15.104] [ARM-RX] [57] <0.00 -28.82 0.00> result: 90.00 96.80 -81.60 0.00 88.40 0.00
[20:56:15.104] [ARM-RX] [58] <0.00 -30.08 0.00> result: 90.00 97.05 -81.22 0.00 88.28 0.00
[20:56:15.104] [ARM-RX] [59] <0.00 -31.36 0.00> result: 90.00 97.31 -80.84 0.00 88.16
[20:56:15.140] [ARM-RX] 0.00
[20:56:15.140] [ARM-RX] [60] <0.00 -32.67 0.00> result: 90.00 97.57 -80.46 0.00 88.03 0.00
[20:56:15.140] [ARM-RX] [61] <0.00 -33.99 0.00> result: 90.00 97.84 -80.06 0.00 87.90 0.00
[20:56:15.140] [ARM-RX] [62] <0.00 -35.34 0.00> result: 90.00 98.10 -79.66 0.00 87.77 0.00
[20:56:15.140] [ARM-RX] [63] <0.00 -36.70 0.00> result: 90.00 98.37 -7
[20:56:15.161] [ARM-RX] 9.26 0.00 87.63 0.00
[20:56:15.162] [ARM-RX] [64] <0.00 -38.09 0.00> result: 90.00 98.64 -78.85 0.00 87.48 0.00
[20:56:15.162] [ARM-RX] [65] <0.00 -39.49 0.00> result: 90.00 98.91 -78.43 0.00 87.34 0.00
[20:56:15.162] [ARM-RX] [66] <0.00 -40.91 0.00> result: 90.00 99.18 -78.01 0.00 87.19 0.00
[20:56:15.162] [ARM-RX] [67] <0.00 -42.34 0.00> result
[20:56:15.184] [ARM-RX] : 90.00 99.45 -77.58 0.00 87.03 0.00
[20:56:15.184] [ARM-RX] [68] <0.00 -43.78 0.00> result: 90.00 99.73 -77.15 0.00 86.87 0.00
[20:56:15.184] [ARM-RX] [69] <0.00 -45.25 0.00> result: 90.00 100.00 -76.71 0.00 86.71 0.00
[20:56:15.184] [ARM-RX] [70] <0.00 -46.72 0.00> result: 90.00 100.28 -76.27 0.00 86.54 0.00
[20:56:15.185] [ARM-RX] [71] <0.00 -
[20:56:15.207] [ARM-RX] 48.20 0.00> result: 90.00 100.55 -75.82 0.00 86.37 0.00
[20:56:15.207] [ARM-RX] [72] <0.00 -49.70 0.00> result: 90.00 100.83 -75.37 0.00 86.20 0.00
[20:56:15.207] [ARM-RX] [73] <0.00 -50.00 0.00> result: 90.00 100.89 -75.28 0.00 86.17 0.00
[20:56:15.207] [ARM-RX] [74] <0.00 -50.00 0.00> result: 90.00 100.89 -75.28 0.00 86.1
[20:56:15.230] [ARM-RX] 7 0.00
[20:56:15.231] [ARM-RX] [75] <0.00 -50.00 0.00> result: 90.00 100.89 -75.28 0.00 86.17 0.00
[20:56:15.231] [ARM-RX] [76] <0.00 -50.00 0.00> result: 90.00 100.89 -75.28 0.00 86.17 0.00
[20:56:15.231] [ARM-RX] [77] <0.00 -50.00 0.00> result: 90.00 100.89 -75.28 0.00 86.17 0.00
[20:56:15.231] [ARM-RX] [78] <0.00 -50.00 0.00> result: 90.00 100
[20:56:15.253] [ARM-RX] .89 -75.28 0.00 86.17 0.00
[20:56:15.254] [ARM-RX] [79] <0.00 -50.00 0.00> result: 90.00 100.89 -75.28 0.00 86.17 0.00
[20:56:15.254] [ARM-RX] [80] <0.00 -50.00 0.00> result: 90.00 100.89 -75.28 0.00 86.17 0.00
[20:56:15.254] [ARM-RX] [81] <0.00 -50.00 0.00> result: 90.00 100.89 -75.28 0.00 86.17 0.00
[20:56:15.254] [ARM-RX] [82] <0.00 -50.00 0.0
[20:56:15.276] [ARM-RX] 0> result: 90.00 100.89 -75.28 0.00 86.17 0.00
[20:56:15.276] [ARM-RX] [83] <0.00 -50.00 0.00> result: 90.00 100.89 -75.28 0.00 86.17 0.00
[20:56:15.276] [ARM-RX] [84] <0.00 -50.00 0.00> result: 90.00 100.89 -75.28 0.00 86.17 0.00
[20:56:15.277] [ARM-RX] [85] <0.00 -50.00 0.00> result: 90.00 100.89 -75.28 0.00 86.17 0.00
[20:56:15.277] [ARM-RX] [
[20:56:15.310] [ARM-RX] 86] <0.00 -50.00 0.00> result: 90.00 100.89 -75.28 0.00 86.17 0.00
[20:56:15.310] [ARM-RX] [87] <0.00 -50.00 0.00> result: 90.00 100.89 -75.28 0.00 86.17 0.00
[20:56:15.310] [ARM-RX] [88] <0.00 -50.00 0.00> result: 90.00 100.89 -75.28 0.00 86.17 0.00
[20:56:15.311] [ARM-RX] [89] <0.00 -50.00 0.00> result: 90.00 100.89 -75.2
[20:56:15.333] [ARM-RX] 8 0.00 86.17 0.00
[20:56:15.333] [ARM-RX] [90] <0.00 -50.00 0.00> result: 90.00 100.89 -75.28 0.00 86.17 0.00
[20:56:15.334] [ARM-RX] [91] <0.00 -50.00 0.00> result: 90.00 100.89 -75.28 0.00 86.17 0.00
[20:56:15.334] [ARM-RX] [92] <0.00 -50.00 0.00> result: 90.00 100.89 -75.28 0.00 86.17 0.00
[20:56:15.334] [ARM-RX] [93] <0.00 -50.00 0.00> result
[20:56:15.356] [ARM-RX] : 90.00 100.89 -75.28 0.00 86.17 0.00
[20:56:15.357] [ARM-RX] [94] <0.00 -50.00 0.00> result: 90.00 100.89 -75.28 0.00 86.17 0.00
[20:56:15.357] [ARM-RX] [95] <0.00 -50.00 0.00> result: 90.00 100.89 -75.28 0.00 86.17 0.00
[20:56:15.357] [ARM-RX] [96] <0.00 -50.00 0.00> result: 90.00 100.89 -75.28 0.00 86.17 0.00
[20:56:15.357] [ARM-RX] [97] <0.00
[20:56:15.379] [ARM-RX] -50.00 0.00> result: 90.00 100.89 -75.28 0.00 86.17 0.00
[20:56:15.380] [ARM-RX] [98] <0.00 -50.00 0.00> result: 90.00 100.89 -75.28 0.00 86.17 0.00
[20:56:15.380] [ARM-RX] [99] <0.00 -50.00 0.00> result: 90.00 100.89 -75.28 0.00 86.17 0.00
[20:56:15.380] [ARM-RX] [100] <0.00 -50.00 0.00> result: 90.00 100.89 -75.28 0.00 8
[20:56:15.401] [ARM-RX] 6.17 0.00
[20:56:15.401] [ARM-RX] [101] <0.00 -50.00 0.00> result: 90.00 100.89 -75.28 0.00 86.17 0.00
[20:56:15.402] [ARM-RX] [102] <0.00 -50.00 0.00> result: 90.00 100.89 -75.28 0.00 86.17 0.00
[20:56:15.402] [ARM-RX] [103] <0.00 -50.00 0.00> result: 90.00 100.89 -75.28 0.00 86.17 0.00
[20:56:15.402] [ARM-RX] [104] <0.00 -50.00 0.00> result: 90
[20:56:15.424] [ARM-RX] .00 100.89 -75.28 0.00 86.17 0.00
[20:56:15.424] [ARM-RX] [105] <0.00 -50.00 0.00> result: 90.00 100.89 -75.28 0.00 86.17 0.00
[20:56:15.425] [ARM-RX] [106] <0.00 -50.00 0.00> result: 90.00 100.89 -75.28 0.00 86.17 0.00
[20:56:15.425] [ARM-RX] [107] <0.00 -50.00 0.00> result: 90.00 100.89 -75.28 0.00 86.17 0.00
[20:56:15.425] [ARM-RX] [108] <0.00
[20:56:15.447] [ARM-RX] -50.00 0.00> result: 90.00 100.89 -75.28 0.00 86.17 0.00
[20:56:15.447] [ARM-RX] [109] <0.00 -50.00 0.00> result: 90.00 100.89 -75.28 0.00 86.17 0.00
[20:56:15.447] [ARM-RX] [110] <0.00 -50.00 0.00> result: 90.00 100.89 -75.28 0.00 86.17 0.00
[20:56:15.447] [ARM-RX] [111] <0.00 -50.00 0.00> result: 90.00 100.89 -75.28 0.00
[20:56:15.470] [ARM-RX] 86.17 0.00
[20:56:15.471] [ARM-RX] [112] <0.00 -50.00 0.00> result: 90.00 100.89 -75.28 0.00 86.17 0.00
[20:56:15.471] [ARM-RX] [113] <0.00 -50.00 0.00> result: 90.00 100.89 -75.28 0.00 86.17 0.00
[20:56:15.471] [ARM-RX] [114] <0.00 -50.00 0.00> result: 90.00 100.89 -75.28 0.00 86.17 0.00
[20:56:15.472] [ARM-RX] [115] <0.00 -50.00 0.00> result:
[20:56:15.503] [ARM-RX] 90.00 100.89 -75.28 0.00 86.17 0.00
[20:56:15.503] [ARM-RX] [116] <0.00 -50.00 0.00> result: 90.00 100.89 -75.28 0.00 86.17 0.00
[20:56:15.505] [ARM-RX] [117] <0.00 -50.00 0.00> result: 90.00 100.89 -75.28 0.00 86.17 0.00
[20:56:15.505] [ARM-RX] [118] <0.00 -50.00 0.00> result: 90.00 100.89 -75.28 0.00 86.17 0.00
[20:56:15.505] [ARM-RX] [119] <0.
[20:56:15.527] [ARM-RX] 00 -50.00 0.00> result: 90.00 100.89 -75.28 0.00 86.17 0.00
[20:56:15.527] [ARM-RX] [120] <0.00 -50.00 0.00> result: 90.00 100.89 -75.28 0.00 86.17 0.00
[20:56:15.528] [ARM-RX] [121] <0.00 -50.00 0.00> result: 90.00 100.89 -75.28 0.00 86.17 0.00
[20:56:15.528] [ARM-RX] [122] <0.00 -50.00 0.00> result: 90.00 100.89 -75.28 0.
[20:56:15.552] [ARM-RX] 00 86.17 0.00
[20:56:15.553] [ARM-RX] [123] <0.00 -50.00 0.00> result: 90.00 100.89 -75.28 0.00 86.17 0.00
[20:56:15.553] [ARM-RX] [124] <0.00 -50.00 0.00> result: 90.00 100.89 -75.28 0.00 86.17 0.00
[20:56:15.553] [ARM-RX] [125] <0.00 -50.00 0.00> result: 90.00 100.89 -75.28 0.00 86.17 0.00
[20:56:15.553] [ARM-RX] [126] <0.00 -50.00 0.00> result
[20:56:15.573] [ARM-RX] : 90.00 100.89 -75.28 0.00 86.17 0.00
[20:56:15.573] [ARM-RX] [127] <0.00 -50.00 0.00> result: 90.00 100.89 -75.28 0.00 86.17 0.00
[20:56:15.573] [ARM-RX] [128] <0.00 -50.00 0.00> result: 90.00 100.89 -75.28 0.00 86.17 0.00
[20:56:15.573] [ARM-RX] [129] <0.00 -50.00 0.00> result: 90.00 100.89 -75.28 0.00 86.17 0.00
[20:56:15.573] [ARM-RX] [130] <
[20:56:15.595] [ARM-RX] 0.00 -50.00 0.00> result: 90.00 100.89 -75.28 0.00 86.17 0.00
[20:56:15.595] [ARM-RX] [131] <0.00 -50.00 0.00> result: 90.00 100.89 -75.28 0.00 86.17 0.00
[20:56:15.595] [ARM-RX] [132] <0.00 -50.00 0.00> result: 90.00 100.89 -75.28 0.00 86.17 0.00
[20:56:15.595] [ARM-RX] [133] <0.00 -50.00 0.00> result: 90.00 100.89 -75.28
[20:56:15.618] [ARM-RX] 0.00 86.17 0.00
[20:56:15.618] [ARM-RX] [134] <0.00 -50.00 0.00> result: 90.00 100.89 -75.28 0.00 86.17 0.00
[20:56:15.618] [ARM-RX] [135] <0.00 -50.00 0.00> result: 90.00 100.89 -75.28 0.00 86.17 0.00
[20:56:15.618] [ARM-RX] [136] <0.00 -50.00 0.00> result: 90.00 100.89 -75.28 0.00 86.17 0.00
[20:56:15.618] [ARM-RX] [137] <0.00 -50.00 0.00> resu
[20:56:15.641] [ARM-RX] lt: 90.00 100.89 -75.28 0.00 86.17 0.00
[20:56:15.641] [ARM-RX] [138] <0.00 -50.00 0.00> result: 90.00 100.89 -75.28 0.00 86.17 0.00
[20:56:15.641] [ARM-RX] [139] <0.00 -50.00 0.00> result: 90.00 100.89 -75.28 0.00 86.17 0.00
[20:56:15.641] [ARM-RX] [140] <0.00 -50.00 0.00> result: 90.00 100.89 -75.28 0.00 86.17 0.00
[20:56:15.642] [ARM-RX] [141]
[20:56:15.675] [ARM-RX] <0.00 -50.00 0.00> result: 90.00 100.89 -75.28 0.00 86.17 0.00
[20:56:15.676] [ARM-RX] [142] <0.00 -50.00 0.00> result: 90.00 100.89 -75.28 0.00 86.17 0.00
[20:56:15.676] [ARM-RX] [143] <0.00 -50.00 0.00> result: 90.00 100.89 -75.28 0.00 86.17 0.00
[20:56:15.676] [ARM-RX] [144] <0.00 -50.00 0.00> result: 90.00 100.89 -75.2
[20:56:15.698] [ARM-RX] 8 0.00 86.17 0.00
[20:56:15.698] [ARM-RX] [145] <0.00 -50.00 0.00> result: 90.00 100.89 -75.28 0.00 86.17 0.00
[20:56:15.698] [ARM-RX] [146] <0.00 -50.00 0.00> result: 90.00 100.89 -75.28 0.00 86.17 0.00
[20:56:15.698] [ARM-RX] [147] <0.00 -50.00 0.00> result: 90.00 100.89 -75.28 0.00 86.17 0.00
[20:56:15.698] [ARM-RX] [148] <0.00 -50.00 0.00> re
[20:56:15.721] [ARM-RX] sult: 90.00 100.89 -75.28 0.00 86.17 0.00
[20:56:15.721] [ARM-RX] [149] <0.00 -50.00 0.00> result: 90.00 100.89 -75.28 0.00 86.17 0.00
[20:56:15.721] [ARM-RX] [150] <0.00 -50.00 0.00> result: 90.00 100.89 -75.28 0.00 86.17 0.00
[20:56:15.722] [ARM-RX] [151] <0.00 -50.00 0.00> result: 90.00 100.89 -75.28 0.00 86.17 0.00
[20:56:15.722] [ARM-RX] [15
[20:56:15.744] [ARM-RX] 2] <0.00 -50.00 0.00> result: 90.00 100.89 -75.28 0.00 86.17 0.00
[20:56:15.744] [ARM-RX] [153] <0.00 -50.00 0.00> result: 90.00 100.89 -75.28 0.00 86.17 0.00
[20:56:15.744] [ARM-RX] [154] <0.00 -50.00 0.00> result: 90.00 100.89 -75.28 0.00 86.17 0.00
[20:56:15.745] [ARM-RX] [155] <0.00 -50.00 0.00> result: 90.00 100.89 -75
[20:56:15.767] [ARM-RX] .28 0.00 86.17 0.00
[20:56:15.767] [ARM-RX] [156] <0.00 -50.00 0.00> result: 90.00 100.89 -75.28 0.00 86.17 0.00
[20:56:15.768] [ARM-RX] [157] <0.00 -50.00 0.00> result: 90.00 100.89 -75.28 0.00 86.17 0.00
[20:56:15.768] [ARM-RX] [158] <0.00 -50.00 0.00> result: 90.00 100.89 -75.28 0.00 86.17 0.00
[20:56:15.768] [ARM-RX] [159] <0.00 -50.00 0.00>
[20:56:15.822] [ARM-RX] result: 90.00 100.89 -75.28 0.00 86.17 0.00
[20:56:15.822] [ARM-RX] [160] <0.00 -50.00 0.00> result: 90.00 100.89 -75.28 0.00 86.17 0.00
[20:56:15.822] [ARM-RX] [161] <0.00 -50.00 0.00> result: 90.00 100.89 -75.28 0.00 86.17 0.00
[20:56:17.504] [ARM-RX] [joint 1] ave_error:0.00
[20:56:17.504] [ARM-RX] [joint 2] ave_error:2.36
[20:56:17.505] [ARM-RX] [joint 3] ave_error:2.01
[20:56:17.505] [ARM-RX] [joint 4] ave_error:0.00
[20:56:17.505] [ARM-RX] [joint 5] ave_error:
[20:56:17.567] [ARM-RX] 0.24
[20:56:17.567] [ARM-RX] robot pid run finished!!
[20:56:19.182] [ARM-TX] 发送命令 soft_reset: soft_reset
[20:56:19.245] [ARM-RX] Found handler for 'soft_reset', executing...
[20:56:19.245] [ARM-RX] ROBOT_SOFT_RESET_EVENT
[20:56:19.245] [ARM-RX] --- Starting soft reset ---
[20:56:19.497] [ARM-RX] Soft reset motors enabled (J1~J5, J6 skipped).
[20:56:19.497] [ARM-RX] Soft resetting joint 4...
[20:56:19.497] [ARM-RX] robot_update_current_angle 4...
[20:56:19.497] [ARM-RX] [4] current:86.07, target:90.00, dir:1
[20:56:20.057] [ARM-RX] Soft resetting joint 3...
[20:56:20.057] [ARM-RX] robot_update_current_angle 3...
[20:56:20.057] [ARM-RX] [3] current:0.00, target:0.00, dir:-1
[20:56:20.181] [ARM-RX] Soft resetting joint 1...
[20:56:20.243] [ARM-RX] robot_update_current_angle 1...
[20:56:20.243] [ARM-RX] [1] current:103.26, target:90.00, dir:-1
[20:56:21.734] [ARM-RX] soft reset joint 1 settle timeout, keep going
[20:56:21.734] [ARM-RX] Soft resetting joint 2...
[20:56:21.734] [ARM-RX] robot_update_current_angle 2...
[20:56:21.735] [ARM-RX] [2] current:-75.32, target:-90.00, dir:-1
[20:56:23.350] [ARM-RX] soft reset joint 2 settle timeout, keep going
[20:56:23.350] [ARM-RX] Soft resetting joint 0...
[20:56:23.350] [ARM-RX] robot_update_current_angle 0...
[20:56:23.350] [ARM-RX] [0] current:90.00, target:90.00, dir:-1
[20:56:23.597] [ARM-RX] soft reset final verify PASS (issues:2), pose set HOME.
[20:56:25.071] [ARM-TX] 发送命令 auto 0 -50 0: auto 0 -50 0
[20:56:25.186] [ARM-RX] Found handler for 'auto', executing...
[20:56:25.188] [ARM-RX] ROBOT_AUTO_EVENT
[20:56:25.188] [ARM-RX] [0] <0.00 0.00 0.00> result: 90.00 90.00 -90.00 0.00 90.00 0.00
[20:56:25.188] [ARM-RX] [1] <0.00 -0.00 0.00> result: 90.00 90.00 -90.00 0.00 90.00 0.00
[20:56:25.188] [ARM-RX] [2] <0.00 -0.00 0.00> result: 90.00 90.00 -90.00 0.00 90.00 0.00
[20:56:25.188] [ARM-RX] [3]
[20:56:25.212] [ARM-RX] <0.00 -0.01 0.00> result: 90.00 90.00 -90.00 0.00 90.00 0.00
[20:56:25.213] [ARM-RX] [4] <0.00 -0.02 0.00> result: 90.00 90.00 -89.99 0.00 90.00 0.00
[20:56:25.213] [ARM-RX] [5] <0.00 -0.03 0.00> result: 90.00 90.01 -89.99 0.00 90.00 0.00
[20:56:25.213] [ARM-RX] [6] <0.00 -0.05 0.00> result: 90.00 90.02 -89.98 0.00 90.00 0
[20:56:25.233] [ARM-RX] .00
[20:56:25.233] [ARM-RX] [7] <0.00 -0.08 0.00> result: 90.00 90.02 -89.98 0.00 90.00 0.00
[20:56:25.233] [ARM-RX] [8] <0.00 -0.12 0.00> result: 90.00 90.03 -89.97 0.00 90.00 0.00
[20:56:25.234] [ARM-RX] [9] <0.00 -0.17 0.00> result: 90.00 90.05 -89.95 0.00 90.00 0.00
[20:56:25.234] [ARM-RX] [10] <0.00 -0.22 0.00> result: 90.00 90.06 -89.94 0.0
[20:56:25.256] [ARM-RX] 0 90.00 0.00
[20:56:25.256] [ARM-RX] [11] <0.00 -0.29 0.00> result: 90.00 90.08 -89.92 0.00 90.00 0.00
[20:56:25.256] [ARM-RX] [12] <0.00 -0.38 0.00> result: 90.00 90.11 -89.89 0.00 90.00 0.00
[20:56:25.256] [ARM-RX] [13] <0.00 -0.47 0.00> result: 90.00 90.14 -89.86 0.00 90.00 0.00
[20:56:25.256] [ARM-RX] [14] <0.00 -0.59 0.00> result: 90.00 90.1
[20:56:25.279] [ARM-RX] 7 -89.83 0.00 90.00 0.00
[20:56:25.279] [ARM-RX] [15] <0.00 -0.71 0.00> result: 90.00 90.20 -89.80 0.00 90.00 0.00
[20:56:25.279] [ARM-RX] [16] <0.00 -0.86 0.00> result: 90.00 90.24 -89.75 0.00 90.00 0.00
[20:56:25.279] [ARM-RX] [17] <0.00 -1.02 0.00> result: 90.00 90.29 -89.71 0.00 90.00 0.00
[20:56:25.280] [ARM-RX] [18] <0.00 -1.20 0.00> result
[20:56:25.301] [ARM-RX] : 90.00 90.34 -89.65 0.00 90.00 0.00
[20:56:25.301] [ARM-RX] [19] <0.00 -1.41 0.00> result: 90.00 90.40 -89.60 0.00 89.99 0.00
[20:56:25.301] [ARM-RX] [20] <0.00 -1.63 0.00> result: 90.00 90.46 -89.53 0.00 89.99 0.00
[20:56:25.302] [ARM-RX] [21] <0.00 -1.87 0.00> result: 90.00 90.53 -89.46 0.00 89.99 0.00
[20:56:25.302] [ARM-RX] [22] <0.00 -2.14
[20:56:25.326] [ARM-RX] 0.00> result: 90.00 90.60 -89.39 0.00 89.99 0.00
[20:56:25.326] [ARM-RX] [23] <0.00 -2.43 0.00> result: 90.00 90.68 -89.30 0.00 89.98 0.00
[20:56:25.327] [ARM-RX] [24] <0.00 -2.74 0.00> result: 90.00 90.77 -89.21 0.00 89.98 0.00
[20:56:25.327] [ARM-RX] [25] <0.00 -3.08 0.00> result: 90.00 90.86 -89.11 0.00 89.97 0.00
[20:56:25.327] [ARM-RX] [26]
[20:56:25.360] [ARM-RX] <0.00 -3.45 0.00> result: 90.00 90.96 -89.01 0.00 89.97 0.00
[20:56:25.360] [ARM-RX] [27] <0.00 -3.83 0.00> result: 90.00 91.06 -88.90 0.00 89.96 0.00
[20:56:25.360] [ARM-RX] [28] <0.00 -4.25 0.00> result: 90.00 91.17 -88.78 0.00 89.95 0.00
[20:56:25.360] [ARM-RX] [29] <0.00 -4.69 0.00> result: 90.00 91.29 -88.65 0.00 89.94
[20:56:25.381] [ARM-RX] 0.00
[20:56:25.381] [ARM-RX] [30] <0.00 -5.16 0.00> result: 90.00 91.41 -88.52 0.00 89.93 0.00
[20:56:25.381] [ARM-RX] [31] <0.00 -5.66 0.00> result: 90.00 91.54 -88.37 0.00 89.91 0.00
[20:56:25.382] [ARM-RX] [32] <0.00 -6.19 0.00> result: 90.00 91.68 -88.22 0.00 89.90 0.00
[20:56:25.382] [ARM-RX] [33] <0.00 -6.74 0.00> result: 90.00 91.82 -88.0
[20:56:25.404] [ARM-RX] 6 0.00 89.88 0.00
[20:56:25.404] [ARM-RX] [34] <0.00 -7.33 0.00> result: 90.00 91.97 -87.89 0.00 89.86 0.00
[20:56:25.404] [ARM-RX] [35] <0.00 -7.94 0.00> result: 90.00 92.12 -87.71 0.00 89.84 0.00
[20:56:25.404] [ARM-RX] [36] <0.00 -8.58 0.00> result: 90.00 92.28 -87.53 0.00 89.81 0.00
[20:56:25.404] [ARM-RX] [37] <0.00 -9.25 0.00> result: 90.00
[20:56:25.429] [ARM-RX] 92.45 -87.33 0.00 89.78 0.00
[20:56:25.429] [ARM-RX] [38] <0.00 -9.95 0.00> result: 90.00 92.62 -87.13 0.00 89.75 0.00
[20:56:25.429] [ARM-RX] [39] <0.00 -10.69 0.00> result: 90.00 92.80 -86.92 0.00 89.72 0.00
[20:56:25.429] [ARM-RX] [40] <0.00 -11.45 0.00> result: 90.00 92.98 -86.69 0.00 89.68 0.00
[20:56:25.430] [ARM-RX] [41] <0.00 -12.24 0.00
[20:56:25.450] [ARM-RX] > result: 90.00 93.17 -86.46 0.00 89.64 0.00
[20:56:25.450] [ARM-RX] [42] <0.00 -13.06 0.00> result: 90.00 93.37 -86.22 0.00 89.59 0.00
[20:56:25.455] [ARM-RX] [43] <0.00 -13.91 0.00> result: 90.00 93.57 -85.98 0.00 89.54 0.00
[20:56:25.456] [ARM-RX] [44] <0.00 -14.80 0.00> result: 90.00 93.77 -85.72 0.00 89.49 0.00
[20:56:25.456] [ARM-RX] [45] <
[20:56:25.473] [ARM-RX] 0.00 -15.71 0.00> result: 90.00 93.98 -85.45 0.00 89.43 0.00
[20:56:25.473] [ARM-RX] [46] <0.00 -16.65 0.00> result: 90.00 94.19 -85.18 0.00 89.37 0.00
[20:56:25.474] [ARM-RX] [47] <0.00 -17.62 0.00> result: 90.00 94.41 -84.89 0.00 89.30 0.00
[20:56:25.474] [ARM-RX] [48] <0.00 -18.62 0.00> result: 90.00 94.63 -84.60 0.00 89
[20:56:25.496] [ARM-RX] .23 0.00
[20:56:25.496] [ARM-RX] [49] <0.00 -19.64 0.00> result: 90.00 94.86 -84.30 0.00 89.16 0.00
[20:56:25.496] [ARM-RX] [50] <0.00 -20.70 0.00> result: 90.00 95.09 -83.99 0.00 89.08 0.00
[20:56:25.496] [ARM-RX] [51] <0.00 -21.78 0.00> result: 90.00 95.32 -83.67 0.00 89.00 0.00
[20:56:25.496] [ARM-RX] [52] <0.00 -22.89 0.00> result: 90.00 95.5
[20:56:25.520] [ARM-RX] 6 -83.35 0.00 88.91 0.00
[20:56:25.520] [ARM-RX] [53] <0.00 -24.02 0.00> result: 90.00 95.80 -83.01 0.00 88.81 0.00
[20:56:25.520] [ARM-RX] [54] <0.00 -25.19 0.00> result: 90.00 96.05 -82.67 0.00 88.72 0.00
[20:56:25.520] [ARM-RX] [55] <0.00 -26.37 0.00> result: 90.00 96.29 -82.32 0.00 88.61 0.00
[20:56:25.520] [ARM-RX] [56] <0.00 -27.59 0.00> re
[20:56:25.553] [ARM-RX] sult: 90.00 96.54 -81.96 0.00 88.51 0.00
[20:56:25.553] [ARM-RX] [57] <0.00 -28.82 0.00> result: 90.00 96.80 -81.60 0.00 88.40 0.00
[20:56:25.553] [ARM-RX] [58] <0.00 -30.08 0.00> result: 90.00 97.05 -81.22 0.00 88.28 0.00
[20:56:25.553] [ARM-RX] [59] <0.00 -31.36 0.00> result: 90.00 97.31 -80.84 0.00 88.16 0.00
[20:56:25.554] [ARM-RX] [60] <0.00
[20:56:25.576] [ARM-RX] -32.67 0.00> result: 90.00 97.57 -80.46 0.00 88.03 0.00
[20:56:25.576] [ARM-RX] [61] <0.00 -33.99 0.00> result: 90.00 97.84 -80.06 0.00 87.90 0.00
[20:56:25.576] [ARM-RX] [62] <0.00 -35.34 0.00> result: 90.00 98.10 -79.66 0.00 87.77 0.00
[20:56:25.576] [ARM-RX] [63] <0.00 -36.70 0.00> result: 90.00 98.37 -79.26 0.00 87.63
[20:56:25.598] [ARM-RX] 0.00
[20:56:25.598] [ARM-RX] [64] <0.00 -38.09 0.00> result: 90.00 98.64 -78.85 0.00 87.48 0.00
[20:56:25.598] [ARM-RX] [65] <0.00 -39.49 0.00> result: 90.00 98.91 -78.43 0.00 87.34 0.00
[20:56:25.598] [ARM-RX] [66] <0.00 -40.91 0.00> result: 90.00 99.18 -78.01 0.00 87.19 0.00
[20:56:25.598] [ARM-RX] [67] <0.00 -42.34 0.00> result: 90.00 99.45 -7
[20:56:25.622] [ARM-RX] 7.58 0.00 87.03 0.00
[20:56:25.623] [ARM-RX] [68] <0.00 -43.78 0.00> result: 90.00 99.73 -77.15 0.00 86.87 0.00
[20:56:25.623] [ARM-RX] [69] <0.00 -45.25 0.00> result: 90.00 100.00 -76.71 0.00 86.71 0.00
[20:56:25.624] [ARM-RX] [70] <0.00 -46.72 0.00> result: 90.00 100.28 -76.27 0.00 86.54 0.00
[20:56:25.624] [ARM-RX] [71] <0.00 -48.20 0.00> resu
[20:56:25.644] [ARM-RX] lt: 90.00 100.55 -75.82 0.00 86.37 0.00
[20:56:25.644] [ARM-RX] [72] <0.00 -49.70 0.00> result: 90.00 100.83 -75.37 0.00 86.20 0.00
[20:56:25.644] [ARM-RX] [73] <0.00 -50.00 0.00> result: 90.00 100.89 -75.28 0.00 86.17 0.00
[20:56:25.645] [ARM-RX] [74] <0.00 -50.00 0.00> result: 90.00 100.89 -75.28 0.00 86.17 0.00
[20:56:25.645] [ARM-RX] [75] <0.
[20:56:25.667] [ARM-RX] 00 -50.00 0.00> result: 90.00 100.89 -75.28 0.00 86.17 0.00
[20:56:25.667] [ARM-RX] [76] <0.00 -50.00 0.00> result: 90.00 100.89 -75.28 0.00 86.17 0.00
[20:56:25.668] [ARM-RX] [77] <0.00 -50.00 0.00> result: 90.00 100.89 -75.28 0.00 86.17 0.00
[20:56:25.668] [ARM-RX] [78] <0.00 -50.00 0.00> result: 90.00 100.89 -75.28 0.00
[20:56:25.690] [ARM-RX] 86.17 0.00
[20:56:25.690] [ARM-RX] [79] <0.00 -50.00 0.00> result: 90.00 100.89 -75.28 0.00 86.17 0.00
[20:56:25.691] [ARM-RX] [80] <0.00 -50.00 0.00> result: 90.00 100.89 -75.28 0.00 86.17 0.00
[20:56:25.691] [ARM-RX] [81] <0.00 -50.00 0.00> result: 90.00 100.89 -75.28 0.00 86.17 0.00
[20:56:25.691] [ARM-RX] [82] <0.00 -50.00 0.00> result: 90.00
[20:56:25.725] [ARM-RX] 100.89 -75.28 0.00 86.17 0.00
[20:56:25.726] [ARM-RX] [83] <0.00 -50.00 0.00> result: 90.00 100.89 -75.28 0.00 86.17 0.00
[20:56:25.726] [ARM-RX] [84] <0.00 -50.00 0.00> result: 90.00 100.89 -75.28 0.00 86.17 0.00
[20:56:25.726] [ARM-RX] [85] <0.00 -50.00 0.00> result: 90.00 100.89 -75.28 0.00 86.17 0.00
[20:56:25.726] [ARM-RX] [86] <0.00 -50.00
[20:56:25.747] [ARM-RX] 0.00> result: 90.00 100.89 -75.28 0.00 86.17 0.00
[20:56:25.747] [ARM-RX] [87] <0.00 -50.00 0.00> result: 90.00 100.89 -75.28 0.00 86.17 0.00
[20:56:25.747] [ARM-RX] [88] <0.00 -50.00 0.00> result: 90.00 100.89 -75.28 0.00 86.17 0.00
[20:56:25.747] [ARM-RX] [89] <0.00 -50.00 0.00> result: 90.00 100.89 -75.28 0.00 86.17 0.0
[20:56:25.770] [ARM-RX] 0
[20:56:25.770] [ARM-RX] [90] <0.00 -50.00 0.00> result: 90.00 100.89 -75.28 0.00 86.17 0.00
[20:56:25.770] [ARM-RX] [91] <0.00 -50.00 0.00> result: 90.00 100.89 -75.28 0.00 86.17 0.00
[20:56:25.771] [ARM-RX] [92] <0.00 -50.00 0.00> result: 90.00 100.89 -75.28 0.00 86.17 0.00
[20:56:25.771] [ARM-RX] [93] <0.00 -50.00 0.00> result: 90.00 100.89 -
[20:56:25.793] [ARM-RX] 75.28 0.00 86.17 0.00
[20:56:25.794] [ARM-RX] [94] <0.00 -50.00 0.00> result: 90.00 100.89 -75.28 0.00 86.17 0.00
[20:56:25.794] [ARM-RX] [95] <0.00 -50.00 0.00> result: 90.00 100.89 -75.28 0.00 86.17 0.00
[20:56:25.794] [ARM-RX] [96] <0.00 -50.00 0.00> result: 90.00 100.89 -75.28 0.00 86.17 0.00
[20:56:25.794] [ARM-RX] [97] <0.00 -50.00 0.00> re
[20:56:25.814] [ARM-RX] sult: 90.00 100.89 -75.28 0.00 86.17 0.00
[20:56:25.814] [ARM-RX] [98] <0.00 -50.00 0.00> result: 90.00 100.89 -75.28 0.00 86.17 0.00
[20:56:25.816] [ARM-RX] [99] <0.00 -50.00 0.00> result: 90.00 100.89 -75.28 0.00 86.17 0.00
[20:56:25.816] [ARM-RX] [100] <0.00 -50.00 0.00> result: 90.00 100.89 -75.28 0.00 86.17 0.00
[20:56:25.816] [ARM-RX] [101]
[20:56:25.838] [ARM-RX] <0.00 -50.00 0.00> result: 90.00 100.89 -75.28 0.00 86.17 0.00
[20:56:25.838] [ARM-RX] [102] <0.00 -50.00 0.00> result: 90.00 100.89 -75.28 0.00 86.17 0.00
[20:56:25.838] [ARM-RX] [103] <0.00 -50.00 0.00> result: 90.00 100.89 -75.28 0.00 86.17 0.00
[20:56:25.838] [ARM-RX] [104] <0.00 -50.00 0.00> result: 90.00 100.89 -75.2
[20:56:25.861] [ARM-RX] 8 0.00 86.17 0.00
[20:56:25.861] [ARM-RX] [105] <0.00 -50.00 0.00> result: 90.00 100.89 -75.28 0.00 86.17 0.00
[20:56:25.861] [ARM-RX] [106] <0.00 -50.00 0.00> result: 90.00 100.89 -75.28 0.00 86.17 0.00
[20:56:25.861] [ARM-RX] [107] <0.00 -50.00 0.00> result: 90.00 100.89 -75.28 0.00 86.17 0.00
[20:56:25.861] [ARM-RX] [108] <0.00 -50.00 0.00> re
[20:56:25.884] [ARM-RX] sult: 90.00 100.89 -75.28 0.00 86.17 0.00
[20:56:25.884] [ARM-RX] [109] <0.00 -50.00 0.00> result: 90.00 100.89 -75.28 0.00 86.17 0.00
[20:56:25.884] [ARM-RX] [110] <0.00 -50.00 0.00> result: 90.00 100.89 -75.28 0.00 86.17 0.00
[20:56:25.884] [ARM-RX] [111] <0.00 -50.00 0.00> result: 90.00 100.89 -75.28 0.00 86.17 0.00
[20:56:25.885] [ARM-RX] [11
[20:56:25.917] [ARM-RX] 2] <0.00 -50.00 0.00> result: 90.00 100.89 -75.28 0.00 86.17 0.00
[20:56:25.918] [ARM-RX] [113] <0.00 -50.00 0.00> result: 90.00 100.89 -75.28 0.00 86.17 0.00
[20:56:25.918] [ARM-RX] [114] <0.00 -50.00 0.00> result: 90.00 100.89 -75.28 0.00 86.17 0.00
[20:56:25.918] [ARM-RX] [115] <0.00 -50.00 0.00> result: 90.00 100.89 -75
[20:56:25.941] [ARM-RX] .28 0.00 86.17 0.00
[20:56:25.941] [ARM-RX] [116] <0.00 -50.00 0.00> result: 90.00 100.89 -75.28 0.00 86.17 0.00
[20:56:25.941] [ARM-RX] [117] <0.00 -50.00 0.00> result: 90.00 100.89 -75.28 0.00 86.17 0.00
[20:56:25.941] [ARM-RX] [118] <0.00 -50.00 0.00> result: 90.00 100.89 -75.28 0.00 86.17 0.00
[20:56:25.941] [ARM-RX] [119] <0.00 -50.00 0.00>
[20:56:25.964] [ARM-RX] result: 90.00 100.89 -75.28 0.00 86.17 0.00
[20:56:25.964] [ARM-RX] [120] <0.00 -50.00 0.00> result: 90.00 100.89 -75.28 0.00 86.17 0.00
[20:56:25.964] [ARM-RX] [121] <0.00 -50.00 0.00> result: 90.00 100.89 -75.28 0.00 86.17 0.00
[20:56:25.964] [ARM-RX] [122] <0.00 -50.00 0.00> result: 90.00 100.89 -75.28 0.00 86.17 0.00
[20:56:25.964] [ARM-RX] [
[20:56:25.987] [ARM-RX] 123] <0.00 -50.00 0.00> result: 90.00 100.89 -75.28 0.00 86.17 0.00
[20:56:25.987] [ARM-RX] [124] <0.00 -50.00 0.00> result: 90.00 100.89 -75.28 0.00 86.17 0.00
[20:56:25.987] [ARM-RX] [125] <0.00 -50.00 0.00> result: 90.00 100.89 -75.28 0.00 86.17 0.00
[20:56:25.987] [ARM-RX] [126] <0.00 -50.00 0.00> result: 90.00 100.89 -
[20:56:26.008] [ARM-RX] 75.28 0.00 86.17 0.00
[20:56:26.008] [ARM-RX] [127] <0.00 -50.00 0.00> result: 90.00 100.89 -75.28 0.00 86.17 0.00
[20:56:26.008] [ARM-RX] [128] <0.00 -50.00 0.00> result: 90.00 100.89 -75.28 0.00 86.17 0.00
[20:56:26.010] [ARM-RX] [129] <0.00 -50.00 0.00> result: 90.00 100.89 -75.28 0.00 86.17 0.00
[20:56:26.010] [ARM-RX] [130] <0.00 -50.00 0.00
[20:56:26.032] [ARM-RX] > result: 90.00 100.89 -75.28 0.00 86.17 0.00
[20:56:26.032] [ARM-RX] [131] <0.00 -50.00 0.00> result: 90.00 100.89 -75.28 0.00 86.17 0.00
[20:56:26.033] [ARM-RX] [132] <0.00 -50.00 0.00> result: 90.00 100.89 -75.28 0.00 86.17 0.00
[20:56:26.033] [ARM-RX] [133] <0.00 -50.00 0.00> result: 90.00 100.89 -75.28 0.00 86.17 0.00
[20:56:26.055] [ARM-RX] [134] <0.00 -50.00 0.00> result: 90.00 100.89 -75.28 0.00 86.17 0.00
[20:56:26.055] [ARM-RX] [135] <0.00 -50.00 0.00> result: 90.00 100.89 -75.28 0.00 86.17 0.00
[20:56:26.055] [ARM-RX] [136] <0.00 -50.00 0.00> result: 90.00 100.89 -75.28 0.00 86.17 0.00
[20:56:26.055] [ARM-RX] [137] <0.00 -50.00 0.00> result: 90.00 100.89
[20:56:26.089] [ARM-RX] -75.28 0.00 86.17 0.00
[20:56:26.090] [ARM-RX] [138] <0.00 -50.00 0.00> result: 90.00 100.89 -75.28 0.00 86.17 0.00
[20:56:26.090] [ARM-RX] [139] <0.00 -50.00 0.00> result: 90.00 100.89 -75.28 0.00 86.17 0.00
[20:56:26.090] [ARM-RX] [140] <0.00 -50.00 0.00> result: 90.00 100.89 -75.28 0.00 86.17 0.00
[20:56:26.090] [ARM-RX] [141] <0.00 -50.00 0.
[20:56:26.112] [ARM-RX] 00> result: 90.00 100.89 -75.28 0.00 86.17 0.00
[20:56:26.113] [ARM-RX] [142] <0.00 -50.00 0.00> result: 90.00 100.89 -75.28 0.00 86.17 0.00
[20:56:26.113] [ARM-RX] [143] <0.00 -50.00 0.00> result: 90.00 100.89 -75.28 0.00 86.17 0.00
[20:56:26.113] [ARM-RX] [144] <0.00 -50.00 0.00> result: 90.00 100.89 -75.28 0.00 86.17 0.0
[20:56:26.135] [ARM-RX] 0
[20:56:26.135] [ARM-RX] [145] <0.00 -50.00 0.00> result: 90.00 100.89 -75.28 0.00 86.17 0.00
[20:56:26.135] [ARM-RX] [146] <0.00 -50.00 0.00> result: 90.00 100.89 -75.28 0.00 86.17 0.00
[20:56:26.135] [ARM-RX] [147] <0.00 -50.00 0.00> result: 90.00 100.89 -75.28 0.00 86.17 0.00
[20:56:26.136] [ARM-RX] [148] <0.00 -50.00 0.00> result: 90.00 100.
[20:56:26.158] [ARM-RX] 89 -75.28 0.00 86.17 0.00
[20:56:26.158] [ARM-RX] [149] <0.00 -50.00 0.00> result: 90.00 100.89 -75.28 0.00 86.17 0.00
[20:56:26.158] [ARM-RX] [150] <0.00 -50.00 0.00> result: 90.00 100.89 -75.28 0.00 86.17 0.00
[20:56:26.159] [ARM-RX] [151] <0.00 -50.00 0.00> result: 90.00 100.89 -75.28 0.00 86.17 0.00
[20:56:26.159] [ARM-RX] [152] <0.00 -50.00
[20:56:26.181] [ARM-RX] 0.00> result: 90.00 100.89 -75.28 0.00 86.17 0.00
[20:56:26.182] [ARM-RX] [153] <0.00 -50.00 0.00> result: 90.00 100.89 -75.28 0.00 86.17 0.00
[20:56:26.182] [ARM-RX] [154] <0.00 -50.00 0.00> result: 90.00 100.89 -75.28 0.00 86.17 0.00
[20:56:26.182] [ARM-RX] [155] <0.00 -50.00 0.00> result: 90.00 100.89 -75.28 0.00 86.17 0
[20:56:26.207] [ARM-RX] .00
[20:56:26.207] [ARM-RX] [156] <0.00 -50.00 0.00> result: 90.00 100.89 -75.28 0.00 86.17 0.00
[20:56:26.208] [ARM-RX] [157] <0.00 -50.00 0.00> result: 90.00 100.89 -75.28 0.00 86.17 0.00
[20:56:26.208] [ARM-RX] [158] <0.00 -50.00 0.00> result: 90.00 100.89 -75.28 0.00 86.17 0.00
[20:56:26.208] [ARM-RX] [159] <0.00 -50.00 0.00> result: 90.00 10
[20:56:26.263] [ARM-RX] 0.89 -75.28 0.00 86.17 0.00
[20:56:26.263] [ARM-RX] [160] <0.00 -50.00 0.00> result: 90.00 100.89 -75.28 0.00 86.17 0.00
[20:56:26.263] [ARM-RX] [161] <0.00 -50.00 0.00> result: 90.00 100.89 -75.28 0.00 86.17 0.00
[20:56:27.945] [ARM-RX] [joint 1] ave_error:0.00
[20:56:27.945] [ARM-RX] [joint 2] ave_error:2.36
[20:56:27.945] [ARM-RX] [joint 3] ave_error:2.03
[20:56:27.946] [ARM-RX] [joint 4] ave_error:0.00
[20:56:27.946] [ARM-RX] [joint 5] ave_error:
[20:56:28.008] [ARM-RX] 0.25
[20:56:28.008] [ARM-RX] robot pid run finished!!
[20:56:29.570] [ARM-TX] 发送命令 soft_reset: soft_reset
[20:56:29.685] [ARM-RX] Found handler for 'soft_reset', executing...
[20:56:29.685] [ARM-RX] ROBOT_SOFT_RESET_EVENT
[20:56:29.685] [ARM-RX] --- Starting soft reset ---
[20:56:29.932] [ARM-RX] Soft reset motors enabled (J1~J5, J6 skipped).
[20:56:29.932] [ARM-RX] Soft resetting joint 4...
[20:56:29.932] [ARM-RX] robot_update_current_angle 4...
[20:56:29.932] [ARM-RX] [4] current:86.07, target:90.00, dir:1
[20:56:30.492] [ARM-RX] Soft resetting joint 3...
[20:56:30.492] [ARM-RX] robot_update_current_angle 3...
[20:56:30.492] [ARM-RX] [3] current:0.00, target:0.00, dir:-1
[20:56:30.619] [ARM-RX] Soft resetting joint 1...
[20:56:30.681] [ARM-RX] robot_update_current_angle 1...
[20:56:30.683] [ARM-RX] [1] current:103.26, target:90.00, dir:-1
[20:56:32.169] [ARM-RX] soft reset joint 1 settle timeout, keep going
[20:56:32.170] [ARM-RX] Soft resetting joint 2...
[20:56:32.170] [ARM-RX] robot_update_current_angle 2...
[20:56:32.170] [ARM-RX] [2] current:-75.32, target:-90.00, dir:-1
[20:56:33.832] [ARM-RX] soft reset joint 2 settle timeout, keep going
[20:56:33.832] [ARM-RX] Soft resetting joint 0...
[20:56:33.836] [ARM-RX] robot_update_current_angle 0...
[20:56:33.836] [ARM-RX] [0] current:90.00, target:90.00, dir:-1
[20:56:34.018] [ARM-RX] soft reset final verify PASS (issues:2), pose set HOME.
[21:12:12.782] [ARM-TX] 发送命令 soft_reset: soft_reset
[21:12:12.839] [ARM-RX] Found handler for 'soft_reset', executing...
[21:12:12.839] [ARM-RX] ROBOT_SOFT_RESET_EVENT
[21:12:12.839] [ARM-RX] --- Starting soft reset ---
[21:12:13.085] [ARM-RX] Soft reset motors enabled (J1~J5, J6 skipped).
[21:12:13.085] [ARM-RX] Soft resetting joint 4...
[21:12:13.085] [ARM-RX] robot_update_current_angle 4...
[21:12:13.085] [ARM-RX] [4] current:90.00, target:90.00, dir:-1
[21:12:13.209] [ARM-RX] Soft resetting joint 3...
[21:12:13.271] [ARM-RX] robot_update_current_angle 3...
[21:12:13.271] [ARM-RX] [3] current:0.00, target:0.00, dir:-1
[21:12:13.397] [ARM-RX] Soft resetting joint 1...
[21:12:13.398] [ARM-RX] robot_update_current_angle 1...
[21:12:13.398] [ARM-RX] [1] current:90.00, target:90.00, dir:1
[21:12:13.519] [ARM-RX] Soft resetting joint 2...
[21:12:13.519] [ARM-RX] robot_update_current_angle 2...
[21:12:13.519] [ARM-RX] [2] current:-90.00, target:-90.00, dir:-1
[21:12:13.643] [ARM-RX] Soft resetting joint 0...
[21:12:13.706] [ARM-RX] robot_update_current_angle 0...
[21:12:13.706] [ARM-RX] [0] current:90.00, target:90.00, dir:-1
[21:12:13.892] [ARM-RX] soft reset final verify PASS (issues:0), pose set HOME.
[21:12:16.922] [ARM-TX] 发送命令 auto 0 -50 0: auto 0 -50 0
[21:12:17.043] [ARM-RX] Found handler for 'auto', executing...
[21:12:17.043] [ARM-RX] ROBOT_AUTO_EVENT
[21:12:17.043] [ARM-RX] [0] <0.00 0.00 0.00> result: 90.00 90.00 -90.00 0.00 90.00 0.00
[21:12:17.044] [ARM-RX] [1] <0.00 -0.00 0.00> result: 90.00 90.00 -90.00 0.00 90.00 0.00
[21:12:17.044] [ARM-RX] [2] <0.00 -0.00 0.00> result: 90.00 90.00 -90.00 0.00 90.00 0.00
[21:12:17.044] [ARM-RX] [3]
[21:12:17.066] [ARM-RX] <0.00 -0.01 0.00> result: 90.00 90.00 -90.00 0.00 90.00 0.00
[21:12:17.066] [ARM-RX] [4] <0.00 -0.02 0.00> result: 90.00 90.00 -89.99 0.00 90.00 0.00
[21:12:17.066] [ARM-RX] [5] <0.00 -0.03 0.00> result: 90.00 90.01 -89.99 0.00 90.00 0.00
[21:12:17.067] [ARM-RX] [6] <0.00 -0.05 0.00> result: 90.00 90.02 -89.98 0.00 90.00 0
[21:12:17.088] [ARM-RX] .00
[21:12:17.088] [ARM-RX] [7] <0.00 -0.08 0.00> result: 90.00 90.02 -89.98 0.00 90.00 0.00
[21:12:17.088] [ARM-RX] [8] <0.00 -0.12 0.00> result: 90.00 90.03 -89.97 0.00 90.00 0.00
[21:12:17.089] [ARM-RX] [9] <0.00 -0.17 0.00> result: 90.00 90.05 -89.95 0.00 90.00 0.00
[21:12:17.089] [ARM-RX] [10] <0.00 -0.22 0.00> result: 90.00 90.06 -89.94 0.0
[21:12:17.111] [ARM-RX] 0 90.00 0.00
[21:12:17.111] [ARM-RX] [11] <0.00 -0.29 0.00> result: 90.00 90.08 -89.92 0.00 90.00 0.00
[21:12:17.111] [ARM-RX] [12] <0.00 -0.38 0.00> result: 90.00 90.11 -89.89 0.00 90.00 0.00
[21:12:17.111] [ARM-RX] [13] <0.00 -0.47 0.00> result: 90.00 90.14 -89.86 0.00 90.00 0.00
[21:12:17.111] [ARM-RX] [14] <0.00 -0.59 0.00> result: 90.00 90.1
[21:12:17.134] [ARM-RX] 7 -89.83 0.00 90.00 0.00
[21:12:17.134] [ARM-RX] [15] <0.00 -0.71 0.00> result: 90.00 90.20 -89.80 0.00 90.00 0.00
[21:12:17.134] [ARM-RX] [16] <0.00 -0.86 0.00> result: 90.00 90.24 -89.75 0.00 90.00 0.00
[21:12:17.135] [ARM-RX] [17] <0.00 -1.02 0.00> result: 90.00 90.29 -89.71 0.00 90.00 0.00
[21:12:17.135] [ARM-RX] [18] <0.00 -1.20 0.00> result
[21:12:17.157] [ARM-RX] : 90.00 90.34 -89.65 0.00 90.00 0.00
[21:12:17.157] [ARM-RX] [19] <0.00 -1.41 0.00> result: 90.00 90.40 -89.60 0.00 89.99 0.00
[21:12:17.157] [ARM-RX] [20] <0.00 -1.63 0.00> result: 90.00 90.46 -89.53 0.00 89.99 0.00
[21:12:17.157] [ARM-RX] [21] <0.00 -1.87 0.00> result: 90.00 90.53 -89.46 0.00 89.99 0.00
[21:12:17.157] [ARM-RX] [22] <0.00 -2.14
[21:12:17.179] [ARM-RX] 0.00> result: 90.00 90.60 -89.39 0.00 89.99 0.00
[21:12:17.180] [ARM-RX] [23] <0.00 -2.43 0.00> result: 90.00 90.68 -89.30 0.00 89.98 0.00
[21:12:17.180] [ARM-RX] [24] <0.00 -2.74 0.00> result: 90.00 90.77 -89.21 0.00 89.98 0.00
[21:12:17.180] [ARM-RX] [25] <0.00 -3.08 0.00> result: 90.00 90.86 -89.11 0.00 89.97 0.00
[21:12:17.180] [ARM-RX] [26]
[21:12:17.214] [ARM-RX] <0.00 -3.45 0.00> result: 90.00 90.96 -89.01 0.00 89.97 0.00
[21:12:17.214] [ARM-RX] [27] <0.00 -3.83 0.00> result: 90.00 91.06 -88.90 0.00 89.96 0.00
[21:12:17.214] [ARM-RX] [28] <0.00 -4.25 0.00> result: 90.00 91.17 -88.78 0.00 89.95 0.00
[21:12:17.214] [ARM-RX] [29] <0.00 -4.69 0.00> result: 90.00 91.29 -88.65 0.00 89.94
[21:12:17.237] [ARM-RX] 0.00
[21:12:17.238] [ARM-RX] [30] <0.00 -5.16 0.00> result: 90.00 91.41 -88.52 0.00 89.93 0.00
[21:12:17.238] [ARM-RX] [31] <0.00 -5.66 0.00> result: 90.00 91.54 -88.37 0.00 89.91 0.00
[21:12:17.238] [ARM-RX] [32] <0.00 -6.19 0.00> result: 90.00 91.68 -88.22 0.00 89.90 0.00
[21:12:17.238] [ARM-RX] [33] <0.00 -6.74 0.00> result: 90.00 91.82 -88.0
[21:12:17.259] [ARM-RX] 6 0.00 89.88 0.00
[21:12:17.259] [ARM-RX] [34] <0.00 -7.33 0.00> result: 90.00 91.97 -87.89 0.00 89.86 0.00
[21:12:17.261] [ARM-RX] [35] <0.00 -7.94 0.00> result: 90.00 92.12 -87.71 0.00 89.84 0.00
[21:12:17.261] [ARM-RX] [36] <0.00 -8.58 0.00> result: 90.00 92.28 -87.53 0.00 89.81 0.00
[21:12:17.261] [ARM-RX] [37] <0.00 -9.25 0.00> result: 90.00
[21:12:17.283] [ARM-RX] 92.45 -87.33 0.00 89.78 0.00
[21:12:17.283] [ARM-RX] [38] <0.00 -9.95 0.00> result: 90.00 92.62 -87.13 0.00 89.75 0.00
[21:12:17.283] [ARM-RX] [39] <0.00 -10.69 0.00> result: 90.00 92.80 -86.92 0.00 89.72 0.00
[21:12:17.283] [ARM-RX] [40] <0.00 -11.45 0.00> result: 90.00 92.98 -86.69 0.00 89.68 0.00
[21:12:17.283] [ARM-RX] [41] <0.00 -12.24 0.00
[21:12:17.306] [ARM-RX] > result: 90.00 93.17 -86.46 0.00 89.64 0.00
[21:12:17.306] [ARM-RX] [42] <0.00 -13.06 0.00> result: 90.00 93.37 -86.22 0.00 89.59 0.00
[21:12:17.307] [ARM-RX] [43] <0.00 -13.91 0.00> result: 90.00 93.57 -85.98 0.00 89.54 0.00
[21:12:17.307] [ARM-RX] [44] <0.00 -14.80 0.00> result: 90.00 93.77 -85.72 0.00 89.49 0.00
[21:12:17.307] [ARM-RX] [45] <
[21:12:17.329] [ARM-RX] 0.00 -15.71 0.00> result: 90.00 93.98 -85.45 0.00 89.43 0.00
[21:12:17.329] [ARM-RX] [46] <0.00 -16.65 0.00> result: 90.00 94.19 -85.18 0.00 89.37 0.00
[21:12:17.329] [ARM-RX] [47] <0.00 -17.62 0.00> result: 90.00 94.41 -84.89 0.00 89.30 0.00
[21:12:17.329] [ARM-RX] [48] <0.00 -18.62 0.00> result: 90.00 94.63 -84.60 0.00 89
[21:12:17.350] [ARM-RX] .23 0.00
[21:12:17.351] [ARM-RX] [49] <0.00 -19.64 0.00> result: 90.00 94.86 -84.30 0.00 89.16 0.00
[21:12:17.351] [ARM-RX] [50] <0.00 -20.70 0.00> result: 90.00 95.09 -83.99 0.00 89.08 0.00
[21:12:17.351] [ARM-RX] [51] <0.00 -21.78 0.00> result: 90.00 95.32 -83.67 0.00 89.00 0.00
[21:12:17.351] [ARM-RX] [52] <0.00 -22.89 0.00> result: 90.00 95.5
[21:12:17.373] [ARM-RX] 6 -83.35 0.00 88.91 0.00
[21:12:17.374] [ARM-RX] [53] <0.00 -24.02 0.00> result: 90.00 95.80 -83.01 0.00 88.81 0.00
[21:12:17.374] [ARM-RX] [54] <0.00 -25.19 0.00> result: 90.00 96.05 -82.67 0.00 88.72 0.00
[21:12:17.374] [ARM-RX] [55] <0.00 -26.37 0.00> result: 90.00 96.29 -82.32 0.00 88.61 0.00
[21:12:17.374] [ARM-RX] [56] <0.00 -27.59 0.00> re
[21:12:17.411] [ARM-RX] sult: 90.00 96.54 -81.96 0.00 88.51 0.00
[21:12:17.411] [ARM-RX] [57] <0.00 -28.82 0.00> result: 90.00 96.80 -81.60 0.00 88.40 0.00
[21:12:17.411] [ARM-RX] [58] <0.00 -30.08 0.00> result: 90.00 97.05 -81.22 0.00 88.28 0.00
[21:12:17.411] [ARM-RX] [59] <0.00 -31.36 0.00> result: 90.00 97.31 -80.84 0.00 88.16 0.00
[21:12:17.411] [ARM-RX] [60] <0.00
[21:12:17.438] [ARM-RX] -32.67 0.00> result: 90.00 97.57 -80.46 0.00 88.03 0.00
[21:12:17.438] [ARM-RX] [61] <0.00 -33.99 0.00> result: 90.00 97.84 -80.06 0.00 87.90 0.00
[21:12:17.438] [ARM-RX] [62] <0.00 -35.34 0.00> result: 90.00 98.10 -79.66 0.00 87.77 0.00
[21:12:17.439] [ARM-RX] [63] <0.00 -36.70 0.00> result: 90.00 98.37 -79.26 0.00 87.63
[21:12:17.454] [ARM-RX] 0.00
[21:12:17.454] [ARM-RX] [64] <0.00 -38.09 0.00> result: 90.00 98.64 -78.85 0.00 87.48 0.00
[21:12:17.455] [ARM-RX] [65] <0.00 -39.49 0.00> result: 90.00 98.91 -78.43 0.00 87.34 0.00
[21:12:17.455] [ARM-RX] [66] <0.00 -40.91 0.00> result: 90.00 99.18 -78.01 0.00 87.19 0.00
[21:12:17.455] [ARM-RX] [67] <0.00 -42.34 0.00> result: 90.00 99.45 -7
[21:12:17.477] [ARM-RX] 7.58 0.00 87.03 0.00
[21:12:17.477] [ARM-RX] [68] <0.00 -43.78 0.00> result: 90.00 99.73 -77.15 0.00 86.87 0.00
[21:12:17.478] [ARM-RX] [69] <0.00 -45.25 0.00> result: 90.00 100.00 -76.71 0.00 86.71 0.00
[21:12:17.478] [ARM-RX] [70] <0.00 -46.72 0.00> result: 90.00 100.28 -76.27 0.00 86.54 0.00
[21:12:17.478] [ARM-RX] [71] <0.00 -48.20 0.00> resu
[21:12:17.499] [ARM-RX] lt: 90.00 100.55 -75.82 0.00 86.37 0.00
[21:12:17.499] [ARM-RX] [72] <0.00 -49.70 0.00> result: 90.00 100.83 -75.37 0.00 86.20 0.00
[21:12:17.499] [ARM-RX] [73] <0.00 -50.00 0.00> result: 90.00 100.89 -75.28 0.00 86.17 0.00
[21:12:17.499] [ARM-RX] [74] <0.00 -50.00 0.00> result: 90.00 100.89 -75.28 0.00 86.17 0.00
[21:12:17.499] [ARM-RX] [75] <0.
[21:12:17.521] [ARM-RX] 00 -50.00 0.00> result: 90.00 100.89 -75.28 0.00 86.17 0.00
[21:12:17.522] [ARM-RX] [76] <0.00 -50.00 0.00> result: 90.00 100.89 -75.28 0.00 86.17 0.00
[21:12:17.522] [ARM-RX] [77] <0.00 -50.00 0.00> result: 90.00 100.89 -75.28 0.00 86.17 0.00
[21:12:17.522] [ARM-RX] [78] <0.00 -50.00 0.00> result: 90.00 100.89 -75.28 0.00
[21:12:17.546] [ARM-RX] 86.17 0.00
[21:12:17.546] [ARM-RX] [79] <0.00 -50.00 0.00> result: 90.00 100.89 -75.28 0.00 86.17 0.00
[21:12:17.546] [ARM-RX] [80] <0.00 -50.00 0.00> result: 90.00 100.89 -75.28 0.00 86.17 0.00
[21:12:17.547] [ARM-RX] [81] <0.00 -50.00 0.00> result: 90.00 100.89 -75.28 0.00 86.17 0.00
[21:12:17.547] [ARM-RX] [82] <0.00 -50.00 0.00> result: 90.00
[21:12:17.580] [ARM-RX] 100.89 -75.28 0.00 86.17 0.00
[21:12:17.580] [ARM-RX] [83] <0.00 -50.00 0.00> result: 90.00 100.89 -75.28 0.00 86.17 0.00
[21:12:17.580] [ARM-RX] [84] <0.00 -50.00 0.00> result: 90.00 100.89 -75.28 0.00 86.17 0.00
[21:12:17.580] [ARM-RX] [85] <0.00 -50.00 0.00> result: 90.00 100.89 -75.28 0.00 86.17 0.00
[21:12:17.580] [ARM-RX] [86] <0.00 -50.00
[21:12:17.602] [ARM-RX] 0.00> result: 90.00 100.89 -75.28 0.00 86.17 0.00
[21:12:17.602] [ARM-RX] [87] <0.00 -50.00 0.00> result: 90.00 100.89 -75.28 0.00 86.17 0.00
[21:12:17.602] [ARM-RX] [88] <0.00 -50.00 0.00> result: 90.00 100.89 -75.28 0.00 86.17 0.00
[21:12:17.602] [ARM-RX] [89] <0.00 -50.00 0.00> result: 90.00 100.89 -75.28 0.00 86.17 0.0
[21:12:17.625] [ARM-RX] 0
[21:12:17.625] [ARM-RX] [90] <0.00 -50.00 0.00> result: 90.00 100.89 -75.28 0.00 86.17 0.00
[21:12:17.625] [ARM-RX] [91] <0.00 -50.00 0.00> result: 90.00 100.89 -75.28 0.00 86.17 0.00
[21:12:17.625] [ARM-RX] [92] <0.00 -50.00 0.00> result: 90.00 100.89 -75.28 0.00 86.17 0.00
[21:12:17.626] [ARM-RX] [93] <0.00 -50.00 0.00> result: 90.00 100.89 -
[21:12:17.648] [ARM-RX] 75.28 0.00 86.17 0.00
[21:12:17.648] [ARM-RX] [94] <0.00 -50.00 0.00> result: 90.00 100.89 -75.28 0.00 86.17 0.00
[21:12:17.648] [ARM-RX] [95] <0.00 -50.00 0.00> result: 90.00 100.89 -75.28 0.00 86.17 0.00
[21:12:17.648] [ARM-RX] [96] <0.00 -50.00 0.00> result: 90.00 100.89 -75.28 0.00 86.17 0.00
[21:12:17.649] [ARM-RX] [97] <0.00 -50.00 0.00> re
[21:12:17.670] [ARM-RX] sult: 90.00 100.89 -75.28 0.00 86.17 0.00
[21:12:17.671] [ARM-RX] [98] <0.00 -50.00 0.00> result: 90.00 100.89 -75.28 0.00 86.17 0.00
[21:12:17.671] [ARM-RX] [99] <0.00 -50.00 0.00> result: 90.00 100.89 -75.28 0.00 86.17 0.00
[21:12:17.671] [ARM-RX] [100] <0.00 -50.00 0.00> result: 90.00 100.89 -75.28 0.00 86.17 0.00
[21:12:17.671] [ARM-RX] [101]
[21:12:17.694] [ARM-RX] <0.00 -50.00 0.00> result: 90.00 100.89 -75.28 0.00 86.17 0.00
[21:12:17.694] [ARM-RX] [102] <0.00 -50.00 0.00> result: 90.00 100.89 -75.28 0.00 86.17 0.00
[21:12:17.695] [ARM-RX] [103] <0.00 -50.00 0.00> result: 90.00 100.89 -75.28 0.00 86.17 0.00
[21:12:17.695] [ARM-RX] [104] <0.00 -50.00 0.00> result: 90.00 100.89 -75.2
[21:12:17.715] [ARM-RX] 8 0.00 86.17 0.00
[21:12:17.716] [ARM-RX] [105] <0.00 -50.00 0.00> result: 90.00 100.89 -75.28 0.00 86.17 0.00
[21:12:17.716] [ARM-RX] [106] <0.00 -50.00 0.00> result: 90.00 100.89 -75.28 0.00 86.17 0.00
[21:12:17.716] [ARM-RX] [107] <0.00 -50.00 0.00> result: 90.00 100.89 -75.28 0.00 86.17 0.00
[21:12:17.716] [ARM-RX] [108] <0.00 -50.00 0.00> re
[21:12:17.739] [ARM-RX] sult: 90.00 100.89 -75.28 0.00 86.17 0.00
[21:12:17.739] [ARM-RX] [109] <0.00 -50.00 0.00> result: 90.00 100.89 -75.28 0.00 86.17 0.00
[21:12:17.740] [ARM-RX] [110] <0.00 -50.00 0.00> result: 90.00 100.89 -75.28 0.00 86.17 0.00
[21:12:17.740] [ARM-RX] [111] <0.00 -50.00 0.00> result: 90.00 100.89 -75.28 0.00 86.17 0.00
[21:12:17.740] [ARM-RX] [11
[21:12:17.774] [ARM-RX] 2] <0.00 -50.00 0.00> result: 90.00 100.89 -75.28 0.00 86.17 0.00
[21:12:17.774] [ARM-RX] [113] <0.00 -50.00 0.00> result: 90.00 100.89 -75.28 0.00 86.17 0.00
[21:12:17.775] [ARM-RX] [114] <0.00 -50.00 0.00> result: 90.00 100.89 -75.28 0.00 86.17 0.00
[21:12:17.775] [ARM-RX] [115] <0.00 -50.00 0.00> result: 90.00 100.89 -75
[21:12:17.795] [ARM-RX] .28 0.00 86.17 0.00
[21:12:17.796] [ARM-RX] [116] <0.00 -50.00 0.00> result: 90.00 100.89 -75.28 0.00 86.17 0.00
[21:12:17.796] [ARM-RX] [117] <0.00 -50.00 0.00> result: 90.00 100.89 -75.28 0.00 86.17 0.00
[21:12:17.796] [ARM-RX] [118] <0.00 -50.00 0.00> result: 90.00 100.89 -75.28 0.00 86.17 0.00
[21:12:17.796] [ARM-RX] [119] <0.00 -50.00 0.00>
[21:12:17.818] [ARM-RX] result: 90.00 100.89 -75.28 0.00 86.17 0.00
[21:12:17.819] [ARM-RX] [120] <0.00 -50.00 0.00> result: 90.00 100.89 -75.28 0.00 86.17 0.00
[21:12:17.819] [ARM-RX] [121] <0.00 -50.00 0.00> result: 90.00 100.89 -75.28 0.00 86.17 0.00
[21:12:17.819] [ARM-RX] [122] <0.00 -50.00 0.00> result: 90.00 100.89 -75.28 0.00 86.17 0.00
[21:12:17.819] [ARM-RX] [
[21:12:17.842] [ARM-RX] 123] <0.00 -50.00 0.00> result: 90.00 100.89 -75.28 0.00 86.17 0.00
[21:12:17.842] [ARM-RX] [124] <0.00 -50.00 0.00> result: 90.00 100.89 -75.28 0.00 86.17 0.00
[21:12:17.842] [ARM-RX] [125] <0.00 -50.00 0.00> result: 90.00 100.89 -75.28 0.00 86.17 0.00
[21:12:17.842] [ARM-RX] [126] <0.00 -50.00 0.00> result: 90.00 100.89 -
[21:12:17.867] [ARM-RX] 75.28 0.00 86.17 0.00
[21:12:17.868] [ARM-RX] [127] <0.00 -50.00 0.00> result: 90.00 100.89 -75.28 0.00 86.17 0.00
[21:12:17.868] [ARM-RX] [128] <0.00 -50.00 0.00> result: 90.00 100.89 -75.28 0.00 86.17 0.00
[21:12:17.868] [ARM-RX] [129] <0.00 -50.00 0.00> result: 90.00 100.89 -75.28 0.00 86.17 0.00
[21:12:17.868] [ARM-RX] [130] <0.00 -50.00 0.00
[21:12:17.888] [ARM-RX] > result: 90.00 100.89 -75.28 0.00 86.17 0.00
[21:12:17.888] [ARM-RX] [131] <0.00 -50.00 0.00> result: 90.00 100.89 -75.28 0.00 86.17 0.00
[21:12:17.888] [ARM-RX] [132] <0.00 -50.00 0.00> result: 90.00 100.89 -75.28 0.00 86.17 0.00
[21:12:17.889] [ARM-RX] [133] <0.00 -50.00 0.00> result: 90.00 100.89 -75.28 0.00 86.17 0.00
[21:12:17.911] [ARM-RX] [134] <0.00 -50.00 0.00> result: 90.00 100.89 -75.28 0.00 86.17 0.00
[21:12:17.912] [ARM-RX] [135] <0.00 -50.00 0.00> result: 90.00 100.89 -75.28 0.00 86.17 0.00
[21:12:17.912] [ARM-RX] [136] <0.00 -50.00 0.00> result: 90.00 100.89 -75.28 0.00 86.17 0.00
[21:12:17.912] [ARM-RX] [137] <0.00 -50.00 0.00> result: 90.00 100.89
[21:12:17.944] [ARM-RX] -75.28 0.00 86.17 0.00
[21:12:17.945] [ARM-RX] [138] <0.00 -50.00 0.00> result: 90.00 100.89 -75.28 0.00 86.17 0.00
[21:12:17.945] [ARM-RX] [139] <0.00 -50.00 0.00> result: 90.00 100.89 -75.28 0.00 86.17 0.00
[21:12:17.945] [ARM-RX] [140] <0.00 -50.00 0.00> result: 90.00 100.89 -75.28 0.00 86.17 0.00
[21:12:17.945] [ARM-RX] [141] <0.00 -50.00 0.
[21:12:17.967] [ARM-RX] 00> result: 90.00 100.89 -75.28 0.00 86.17 0.00
[21:12:17.968] [ARM-RX] [142] <0.00 -50.00 0.00> result: 90.00 100.89 -75.28 0.00 86.17 0.00
[21:12:17.968] [ARM-RX] [143] <0.00 -50.00 0.00> result: 90.00 100.89 -75.28 0.00 86.17 0.00
[21:12:17.968] [ARM-RX] [144] <0.00 -50.00 0.00> result: 90.00 100.89 -75.28 0.00 86.17 0.0
[21:12:17.990] [ARM-RX] 0
[21:12:17.990] [ARM-RX] [145] <0.00 -50.00 0.00> result: 90.00 100.89 -75.28 0.00 86.17 0.00
[21:12:17.990] [ARM-RX] [146] <0.00 -50.00 0.00> result: 90.00 100.89 -75.28 0.00 86.17 0.00
[21:12:17.990] [ARM-RX] [147] <0.00 -50.00 0.00> result: 90.00 100.89 -75.28 0.00 86.17 0.00
[21:12:17.990] [ARM-RX] [148] <0.00 -50.00 0.00> result: 90.00 100.
[21:12:18.013] [ARM-RX] 89 -75.28 0.00 86.17 0.00
[21:12:18.013] [ARM-RX] [149] <0.00 -50.00 0.00> result: 90.00 100.89 -75.28 0.00 86.17 0.00
[21:12:18.013] [ARM-RX] [150] <0.00 -50.00 0.00> result: 90.00 100.89 -75.28 0.00 86.17 0.00
[21:12:18.014] [ARM-RX] [151] <0.00 -50.00 0.00> result: 90.00 100.89 -75.28 0.00 86.17 0.00
[21:12:18.014] [ARM-RX] [152] <0.00 -50.00
[21:12:18.036] [ARM-RX] 0.00> result: 90.00 100.89 -75.28 0.00 86.17 0.00
[21:12:18.036] [ARM-RX] [153] <0.00 -50.00 0.00> result: 90.00 100.89 -75.28 0.00 86.17 0.00
[21:12:18.036] [ARM-RX] [154] <0.00 -50.00 0.00> result: 90.00 100.89 -75.28 0.00 86.17 0.00
[21:12:18.037] [ARM-RX] [155] <0.00 -50.00 0.00> result: 90.00 100.89 -75.28 0.00 86.17 0
[21:12:18.061] [ARM-RX] .00
[21:12:18.062] [ARM-RX] [156] <0.00 -50.00 0.00> result: 90.00 100.89 -75.28 0.00 86.17 0.00
[21:12:18.062] [ARM-RX] [157] <0.00 -50.00 0.00> result: 90.00 100.89 -75.28 0.00 86.17 0.00
[21:12:18.062] [ARM-RX] [158] <0.00 -50.00 0.00> result: 90.00 100.89 -75.28 0.00 86.17 0.00
[21:12:18.062] [ARM-RX] [159] <0.00 -50.00 0.00> result: 90.00 10
[21:12:18.114] [ARM-RX] 0.89 -75.28 0.00 86.17 0.00
[21:12:18.114] [ARM-RX] [160] <0.00 -50.00 0.00> result: 90.00 100.89 -75.28 0.00 86.17 0.00
[21:12:18.114] [ARM-RX] [161] <0.00 -50.00 0.00> result: 90.00 100.89 -75.28 0.00 86.17 0.00
[21:12:19.857] [ARM-RX] [joint 1] ave_error:0.00
[21:12:19.857] [ARM-RX] [joint 2] ave_error:2.36
[21:12:19.857] [ARM-RX] [joint 3] ave_error:2.01
[21:12:19.857] [ARM-RX] [joint 4] ave_error:0.00
[21:12:19.858] [ARM-RX] [joint 5] ave_error:0.24
[21:12:19.858] [ARM-RX] robot pid run finished!!
[21:12:20.803] [ARM-TX] 发送命令 read_all: read_all
[21:12:20.845] [ARM-RX] Found handler for 'read_all', executing...
[21:12:20.845] [ARM-RX] ROBOT_READ_ALL_EVENT
[21:12:20.845] [ARM-RX] read_all ret=0 elapsed=2 ms missing=0x00
[21:12:20.845] [ARM-RX] J1 angle=90.00
[21:12:20.846] [ARM-RX] J2 angle=103.27
[21:12:20.846] [ARM-RX] J3 angle=284.69
[21:12:20.846] [ARM-RX] J4 angle=0.00
[21:12:20.846] [ARM-RX] J5 angle=86.07
[21:12:21.854] [ARM-TX] 发送命令 soft_reset: soft_reset
[21:12:21.899] [ARM-RX] Found handler for 'soft_reset', executing...
[21:12:21.899] [ARM-RX] ROBOT_SOFT_RESET_EVENT
[21:12:21.901] [ARM-RX] --- Starting soft reset ---
[21:12:22.085] [ARM-RX] Soft reset motors enabled (J1~J5, J6 skipped).
[21:12:22.085] [ARM-RX] Soft resetting joint 4...
[21:12:22.147] [ARM-RX] robot_update_current_angle 4...
[21:12:22.147] [ARM-RX] [4] current:86.07, target:90.00, dir:1
[21:12:22.703] [ARM-RX] Soft resetting joint 3...
[21:12:22.704] [ARM-RX] robot_update_current_angle 3...
[21:12:22.704] [ARM-RX] [3] current:0.00, target:0.00, dir:-1
[21:12:22.826] [ARM-RX] Soft resetting joint 1...
[21:12:22.826] [ARM-RX] robot_update_current_angle 1...
[21:12:22.826] [ARM-RX] [1] current:103.26, target:90.00, dir:-1
[21:12:24.385] [ARM-RX] soft reset joint 1 settle timeout, keep going
[21:12:24.385] [ARM-RX] Soft resetting joint 2...
[21:12:24.385] [ARM-RX] robot_update_current_angle 2...
[21:12:24.385] [ARM-RX] [2] current:-75.32, target:-90.00, dir:-1
[21:12:26.002] [ARM-RX] soft reset joint 2 settle timeout, keep going
[21:12:26.002] [ARM-RX] Soft resetting joint 0...
[21:12:26.002] [ARM-RX] robot_update_current_angle 0...
[21:12:26.002] [ARM-RX] [0] current:90.00, target:90.00, dir:-1
[21:12:26.188] [ARM-RX] soft reset final verify PASS (issues:2), pose set HOME.
[21:12:27.815] [ARM-TX] 发送命令 auto 0 -70 0: auto 0 -70 0
[21:12:27.923] [ARM-RX] Found handler for 'auto', executing...
[21:12:27.923] [ARM-RX] ROBOT_AUTO_EVENT
[21:12:27.924] [ARM-RX] [0] <0.00 0.00 0.00> result: 90.00 90.00 -90.00 0.00 90.00 0.00
[21:12:27.924] [ARM-RX] [1] <0.00 -0.00 0.00> result: 90.00 90.00 -90.00 0.00 90.00 0.00
[21:12:27.924] [ARM-RX] [2] <0.00 -0.00 0.00> result: 90.00 90.00 -90.00 0.00 90.00 0.00
[21:12:27.924] [ARM-RX] [3]
[21:12:27.946] [ARM-RX] <0.00 -0.01 0.00> result: 90.00 90.00 -90.00 0.00 90.00 0.00
[21:12:27.947] [ARM-RX] [4] <0.00 -0.01 0.00> result: 90.00 90.00 -90.00 0.00 90.00 0.00
[21:12:27.947] [ARM-RX] [5] <0.00 -0.03 0.00> result: 90.00 90.01 -89.99 0.00 90.00 0.00
[21:12:27.947] [ARM-RX] [6] <0.00 -0.04 0.00> result: 90.00 90.01 -89.99 0.00 90.00 0
[21:12:27.967] [ARM-RX] .00
[21:12:27.968] [ARM-RX] [7] <0.00 -0.07 0.00> result: 90.00 90.02 -89.98 0.00 90.00 0.00
[21:12:27.968] [ARM-RX] [8] <0.00 -0.10 0.00> result: 90.00 90.03 -89.97 0.00 90.00 0.00
[21:12:27.968] [ARM-RX] [9] <0.00 -0.14 0.00> result: 90.00 90.04 -89.96 0.00 90.00 0.00
[21:12:27.968] [ARM-RX] [10] <0.00 -0.19 0.00> result: 90.00 90.05 -89.95 0.0
[21:12:27.991] [ARM-RX] 0 90.00 0.00
[21:12:27.992] [ARM-RX] [11] <0.00 -0.25 0.00> result: 90.00 90.07 -89.93 0.00 90.00 0.00
[21:12:27.992] [ARM-RX] [12] <0.00 -0.32 0.00> result: 90.00 90.09 -89.91 0.00 90.00 0.00
[21:12:27.992] [ARM-RX] [13] <0.00 -0.40 0.00> result: 90.00 90.11 -89.88 0.00 90.00 0.00
[21:12:27.993] [ARM-RX] [14] <0.00 -0.50 0.00> result: 90.00 90.1
[21:12:28.014] [ARM-RX] 4 -89.86 0.00 90.00 0.00
[21:12:28.014] [ARM-RX] [15] <0.00 -0.61 0.00> result: 90.00 90.17 -89.83 0.00 90.00 0.00
[21:12:28.015] [ARM-RX] [16] <0.00 -0.73 0.00> result: 90.00 90.21 -89.79 0.00 90.00 0.00
[21:12:28.015] [ARM-RX] [17] <0.00 -0.87 0.00> result: 90.00 90.25 -89.75 0.00 90.00 0.00
[21:12:28.015] [ARM-RX] [18] <0.00 -1.03 0.00> result
[21:12:28.037] [ARM-RX] : 90.00 90.29 -89.71 0.00 90.00 0.00
[21:12:28.037] [ARM-RX] [19] <0.00 -1.20 0.00> result: 90.00 90.34 -89.66 0.00 90.00 0.00
[21:12:28.038] [ARM-RX] [20] <0.00 -1.39 0.00> result: 90.00 90.39 -89.60 0.00 89.99 0.00
[21:12:28.038] [ARM-RX] [21] <0.00 -1.60 0.00> result: 90.00 90.45 -89.54 0.00 89.99 0.00
[21:12:28.038] [ARM-RX] [22] <0.00 -1.83
[21:12:28.061] [ARM-RX] 0.00> result: 90.00 90.52 -89.48 0.00 89.99 0.00
[21:12:28.061] [ARM-RX] [23] <0.00 -2.08 0.00> result: 90.00 90.58 -89.40 0.00 89.99 0.00
[21:12:28.061] [ARM-RX] [24] <0.00 -2.35 0.00> result: 90.00 90.66 -89.33 0.00 89.98 0.00
[21:12:28.062] [ARM-RX] [25] <0.00 -2.64 0.00> result: 90.00 90.74 -89.24 0.00 89.98 0.00
[21:12:28.062] [ARM-RX] [26]
[21:12:28.096] [ARM-RX] <0.00 -2.96 0.00> result: 90.00 90.82 -89.15 0.00 89.98 0.00
[21:12:28.096] [ARM-RX] [27] <0.00 -3.30 0.00> result: 90.00 90.92 -89.05 0.00 89.97 0.00
[21:12:28.097] [ARM-RX] [28] <0.00 -3.66 0.00> result: 90.00 91.01 -88.95 0.00 89.96 0.00
[21:12:28.097] [ARM-RX] [29] <0.00 -4.04 0.00> result: 90.00 91.12 -88.84 0.00 89.95
[21:12:28.117] [ARM-RX] 0.00
[21:12:28.117] [ARM-RX] [30] <0.00 -4.45 0.00> result: 90.00 91.23 -88.72 0.00 89.95 0.00
[21:12:28.118] [ARM-RX] [31] <0.00 -4.89 0.00> result: 90.00 91.34 -88.59 0.00 89.93 0.00
[21:12:28.118] [ARM-RX] [32] <0.00 -5.35 0.00> result: 90.00 91.46 -88.46 0.00 89.92 0.00
[21:12:28.118] [ARM-RX] [33] <0.00 -5.84 0.00> result: 90.00 91.59 -88.3
[21:12:28.140] [ARM-RX] 2 0.00 89.91 0.00
[21:12:28.140] [ARM-RX] [34] <0.00 -6.35 0.00> result: 90.00 91.72 -88.17 0.00 89.89 0.00
[21:12:28.141] [ARM-RX] [35] <0.00 -6.90 0.00> result: 90.00 91.86 -88.01 0.00 89.87 0.00
[21:12:28.141] [ARM-RX] [36] <0.00 -7.47 0.00> result: 90.00 92.00 -87.85 0.00 89.85 0.00
[21:12:28.141] [ARM-RX] [37] <0.00 -8.06 0.00> result: 90.00
[21:12:28.162] [ARM-RX] 92.15 -87.68 0.00 89.83 0.00
[21:12:28.162] [ARM-RX] [38] <0.00 -8.69 0.00> result: 90.00 92.31 -87.49 0.00 89.81 0.00
[21:12:28.162] [ARM-RX] [39] <0.00 -9.35 0.00> result: 90.00 92.47 -87.30 0.00 89.78 0.00
[21:12:28.162] [ARM-RX] [40] <0.00 -10.03 0.00> result: 90.00 92.64 -87.11 0.00 89.75 0.00
[21:12:28.162] [ARM-RX] [41] <0.00 -10.74 0.00>
[21:12:28.185] [ARM-RX] result: 90.00 92.81 -86.90 0.00 89.71 0.00
[21:12:28.185] [ARM-RX] [42] <0.00 -11.49 0.00> result: 90.00 92.99 -86.68 0.00 89.68 0.00
[21:12:28.185] [ARM-RX] [43] <0.00 -12.26 0.00> result: 90.00 93.18 -86.46 0.00 89.63 0.00
[21:12:28.187] [ARM-RX] [44] <0.00 -13.06 0.00> result: 90.00 93.37 -86.22 0.00 89.59 0.00
[21:12:28.187] [ARM-RX] [45] <0
[21:12:28.208] [ARM-RX] .00 -13.89 0.00> result: 90.00 93.56 -85.98 0.00 89.54 0.00
[21:12:28.208] [ARM-RX] [46] <0.00 -14.75 0.00> result: 90.00 93.76 -85.73 0.00 89.49 0.00
[21:12:28.208] [ARM-RX] [47] <0.00 -15.65 0.00> result: 90.00 93.96 -85.47 0.00 89.44 0.00
[21:12:28.209] [ARM-RX] [48] <0.00 -16.57 0.00> result: 90.00 94.17 -85.20 0.00 89.
[21:12:28.230] [ARM-RX] 38 0.00
[21:12:28.231] [ARM-RX] [49] <0.00 -17.52 0.00> result: 90.00 94.39 -84.92 0.00 89.31 0.00
[21:12:28.231] [ARM-RX] [50] <0.00 -18.50 0.00> result: 90.00 94.61 -84.64 0.00 89.24 0.00
[21:12:28.231] [ARM-RX] [51] <0.00 -19.51 0.00> result: 90.00 94.83 -84.34 0.00 89.17 0.00
[21:12:28.231] [ARM-RX] [52] <0.00 -20.55 0.00> result: 90.00 95.06
[21:12:28.254] [ARM-RX] -84.03 0.00 89.09 0.00
[21:12:28.254] [ARM-RX] [53] <0.00 -21.62 0.00> result: 90.00 95.29 -83.72 0.00 89.01 0.00
[21:12:28.254] [ARM-RX] [54] <0.00 -22.72 0.00> result: 90.00 95.53 -83.40 0.00 88.92 0.00
[21:12:28.255] [ARM-RX] [55] <0.00 -23.85 0.00> result: 90.00 95.77 -83.06 0.00 88.83 0.00
[21:12:28.255] [ARM-RX] [56] <0.00 -25.01 0.00> res
[21:12:28.293] [ARM-RX] ult: 90.00 96.01 -82.72 0.00 88.73 0.00
[21:12:28.293] [ARM-RX] [57] <0.00 -26.20 0.00> result: 90.00 96.26 -82.37 0.00 88.63 0.00
[21:12:28.293] [ARM-RX] [58] <0.00 -27.41 0.00> result: 90.00 96.51 -82.01 0.00 88.52 0.00
[21:12:28.294] [ARM-RX] [59] <0.00 -28.66 0.00> result: 90.00 96.76 -81.65 0.00 88.41 0.00
[21:12:28.294] [ARM-RX] [60] <0.00
[21:12:28.311] [ARM-RX] -29.93 0.00> result: 90.00 97.02 -81.27 0.00 88.29 0.00
[21:12:28.311] [ARM-RX] [61] <0.00 -31.23 0.00> result: 90.00 97.29 -80.89 0.00 88.17 0.00
[21:12:28.311] [ARM-RX] [62] <0.00 -32.55 0.00> result: 90.00 97.55 -80.49 0.00 88.04 0.00
[21:12:28.311] [ARM-RX] [63] <0.00 -33.90 0.00> result: 90.00 97.82 -80.09 0.00 87.91 0
[21:12:28.334] [ARM-RX] .00
[21:12:28.334] [ARM-RX] [64] <0.00 -35.28 0.00> result: 90.00 98.09 -79.68 0.00 87.77 0.00
[21:12:28.334] [ARM-RX] [65] <0.00 -36.69 0.00> result: 90.00 98.36 -79.26 0.00 87.63 0.00
[21:12:28.334] [ARM-RX] [66] <0.00 -38.11 0.00> result: 90.00 98.64 -78.84 0.00 87.48 0.00
[21:12:28.334] [ARM-RX] [67] <0.00 -39.57 0.00> result: 90.00 98.92 -78
[21:12:28.359] [ARM-RX] .41 0.00 87.33 0.00
[21:12:28.361] [ARM-RX] [68] <0.00 -41.04 0.00> result: 90.00 99.21 -77.97 0.00 87.17 0.00
[21:12:28.361] [ARM-RX] [69] <0.00 -42.54 0.00> result: 90.00 99.49 -77.52 0.00 87.01 0.00
[21:12:28.364] [ARM-RX] [70] <0.00 -44.06 0.00> result: 90.00 99.78 -77.06 0.00 86.84 0.00
[21:12:28.365] [ARM-RX] [71] <0.00 -45.61 0.00> result:
[21:12:28.379] [ARM-RX] 90.00 100.07 -76.60 0.00 86.67 0.00
[21:12:28.379] [ARM-RX] [72] <0.00 -47.17 0.00> result: 90.00 100.36 -76.13 0.00 86.49 0.00
[21:12:28.379] [ARM-RX] [73] <0.00 -48.75 0.00> result: 90.00 100.65 -75.65 0.00 86.31 0.00
[21:12:28.379] [ARM-RX] [74] <0.00 -50.36 0.00> result: 90.00 100.95 -75.17 0.00 86.12 0.00
[21:12:28.380] [ARM-RX] [75] <0.00
[21:12:28.402] [ARM-RX] -51.98 0.00> result: 90.00 101.25 -74.68 0.00 85.93 0.00
[21:12:28.402] [ARM-RX] [76] <0.00 -53.62 0.00> result: 90.00 101.55 -74.19 0.00 85.74 0.00
[21:12:28.402] [ARM-RX] [77] <0.00 -55.28 0.00> result: 90.00 101.85 -73.69 0.00 85.54 0.00
[21:12:28.402] [ARM-RX] [78] <0.00 -56.96 0.00> result: 90.00 102.16 -73.18 0.00 85.
[21:12:28.425] [ARM-RX] 34 0.00
[21:12:28.425] [ARM-RX] [79] <0.00 -58.65 0.00> result: 90.00 102.46 -72.67 0.00 85.13 0.00
[21:12:28.425] [ARM-RX] [80] <0.00 -60.35 0.00> result: 90.00 102.77 -72.15 0.00 84.92 0.00
[21:12:28.425] [ARM-RX] [81] <0.00 -62.07 0.00> result: 90.00 103.07 -71.63 0.00 84.70 0.00
[21:12:28.426] [ARM-RX] [82] <0.00 -63.81 0.00> result: 90.00 10
[21:12:28.459] [ARM-RX] 3.38 -71.10 0.00 84.48 0.00
[21:12:28.460] [ARM-RX] [83] <0.00 -65.55 0.00> result: 90.00 103.69 -70.57 0.00 84.26 0.00
[21:12:28.460] [ARM-RX] [84] <0.00 -67.31 0.00> result: 90.00 104.00 -70.03 0.00 84.04 0.00
[21:12:28.460] [ARM-RX] [85] <0.00 -69.07 0.00> result: 90.00 104.32 -69.49 0.00 83.81 0.00
[21:12:28.460] [ARM-RX] [86] <0.00 -70.00 0.
[21:12:28.483] [ARM-RX] 00> result: 90.00 104.48 -69.21 0.00 83.69 0.00
[21:12:28.483] [ARM-RX] [87] <0.00 -70.00 0.00> result: 90.00 104.48 -69.21 0.00 83.69 0.00
[21:12:28.483] [ARM-RX] [88] <0.00 -70.00 0.00> result: 90.00 104.48 -69.21 0.00 83.69 0.00
[21:12:28.484] [ARM-RX] [89] <0.00 -70.00 0.00> result: 90.00 104.48 -69.21 0.00 83.69 0.00
[21:12:28.506] [ARM-RX] [90] <0.00 -70.00 0.00> result: 90.00 104.48 -69.21 0.00 83.69 0.00
[21:12:28.507] [ARM-RX] [91] <0.00 -70.00 0.00> result: 90.00 104.48 -69.21 0.00 83.69 0.00
[21:12:28.507] [ARM-RX] [92] <0.00 -70.00 0.00> result: 90.00 104.48 -69.21 0.00 83.69 0.00
[21:12:28.507] [ARM-RX] [93] <0.00 -70.00 0.00> result: 90.00 104.48 -69.
[21:12:28.528] [ARM-RX] 21 0.00 83.69 0.00
[21:12:28.528] [ARM-RX] [94] <0.00 -70.00 0.00> result: 90.00 104.48 -69.21 0.00 83.69 0.00
[21:12:28.528] [ARM-RX] [95] <0.00 -70.00 0.00> result: 90.00 104.48 -69.21 0.00 83.69 0.00
[21:12:28.529] [ARM-RX] [96] <0.00 -70.00 0.00> result: 90.00 104.48 -69.21 0.00 83.69 0.00
[21:12:28.529] [ARM-RX] [97] <0.00 -70.00 0.00> resul
[21:12:28.556] [ARM-RX] t: 90.00 104.48 -69.21 0.00 83.69 0.00
[21:12:28.556] [ARM-RX] [98] <0.00 -70.00 0.00> result: 90.00 104.48 -69.21 0.00 83.69 0.00
[21:12:28.556] [ARM-RX] [99] <0.00 -70.00 0.00> result: 90.00 104.48 -69.21 0.00 83.69 0.00
[21:12:28.557] [ARM-RX] [100] <0.00 -70.00 0.00> result: 90.00 104.48 -69.21 0.00 83.69 0.00
[21:12:28.557] [ARM-RX] [101] <0
[21:12:28.573] [ARM-RX] .00 -70.00 0.00> result: 90.00 104.48 -69.21 0.00 83.69 0.00
[21:12:28.573] [ARM-RX] [102] <0.00 -70.00 0.00> result: 90.00 104.48 -69.21 0.00 83.69 0.00
[21:12:28.575] [ARM-RX] [103] <0.00 -70.00 0.00> result: 90.00 104.48 -69.21 0.00 83.69 0.00
[21:12:28.575] [ARM-RX] [104] <0.00 -70.00 0.00> result: 90.00 104.48 -69.21 0
[21:12:28.596] [ARM-RX] .00 83.69 0.00
[21:12:28.596] [ARM-RX] [105] <0.00 -70.00 0.00> result: 90.00 104.48 -69.21 0.00 83.69 0.00
[21:12:28.596] [ARM-RX] [106] <0.00 -70.00 0.00> result: 90.00 104.48 -69.21 0.00 83.69 0.00
[21:12:28.597] [ARM-RX] [107] <0.00 -70.00 0.00> result: 90.00 104.48 -69.21 0.00 83.69 0.00
[21:12:28.597] [ARM-RX] [108] <0.00 -70.00 0.00> resul
[21:12:28.619] [ARM-RX] t: 90.00 104.48 -69.21 0.00 83.69 0.00
[21:12:28.619] [ARM-RX] [109] <0.00 -70.00 0.00> result: 90.00 104.48 -69.21 0.00 83.69 0.00
[21:12:28.619] [ARM-RX] [110] <0.00 -70.00 0.00> result: 90.00 104.48 -69.21 0.00 83.69 0.00
[21:12:28.619] [ARM-RX] [111] <0.00 -70.00 0.00> result: 90.00 104.48 -69.21 0.00 83.69 0.00
[21:12:28.619] [ARM-RX] [112]
[21:12:28.653] [ARM-RX] <0.00 -70.00 0.00> result: 90.00 104.48 -69.21 0.00 83.69 0.00
[21:12:28.653] [ARM-RX] [113] <0.00 -70.00 0.00> result: 90.00 104.48 -69.21 0.00 83.69 0.00
[21:12:28.653] [ARM-RX] [114] <0.00 -70.00 0.00> result: 90.00 104.48 -69.21 0.00 83.69 0.00
[21:12:28.654] [ARM-RX] [115] <0.00 -70.00 0.00> result: 90.00 104.48 -69.21
[21:12:28.675] [ARM-RX] 0.00 83.69 0.00
[21:12:28.675] [ARM-RX] [116] <0.00 -70.00 0.00> result: 90.00 104.48 -69.21 0.00 83.69 0.00
[21:12:28.677] [ARM-RX] [117] <0.00 -70.00 0.00> result: 90.00 104.48 -69.21 0.00 83.69 0.00
[21:12:28.677] [ARM-RX] [118] <0.00 -70.00 0.00> result: 90.00 104.48 -69.21 0.00 83.69 0.00
[21:12:28.677] [ARM-RX] [119] <0.00 -70.00 0.00> res
[21:12:28.701] [ARM-RX] ult: 90.00 104.48 -69.21 0.00 83.69 0.00
[21:12:28.702] [ARM-RX] [120] <0.00 -70.00 0.00> result: 90.00 104.48 -69.21 0.00 83.69 0.00
[21:12:28.702] [ARM-RX] [121] <0.00 -70.00 0.00> result: 90.00 104.48 -69.21 0.00 83.69 0.00
[21:12:28.703] [ARM-RX] [122] <0.00 -70.00 0.00> result: 90.00 104.48 -69.21 0.00 83.69 0.00
[21:12:28.703] [ARM-RX] [123
[21:12:28.722] [ARM-RX] ] <0.00 -70.00 0.00> result: 90.00 104.48 -69.21 0.00 83.69 0.00
[21:12:28.722] [ARM-RX] [124] <0.00 -70.00 0.00> result: 90.00 104.48 -69.21 0.00 83.69 0.00
[21:12:28.722] [ARM-RX] [125] <0.00 -70.00 0.00> result: 90.00 104.48 -69.21 0.00 83.69 0.00
[21:12:28.722] [ARM-RX] [126] <0.00 -70.00 0.00> result: 90.00 104.48 -69.
[21:12:28.744] [ARM-RX] 21 0.00 83.69 0.00
[21:12:28.744] [ARM-RX] [127] <0.00 -70.00 0.00> result: 90.00 104.48 -69.21 0.00 83.69 0.00
[21:12:28.745] [ARM-RX] [128] <0.00 -70.00 0.00> result: 90.00 104.48 -69.21 0.00 83.69 0.00
[21:12:28.745] [ARM-RX] [129] <0.00 -70.00 0.00> result: 90.00 104.48 -69.21 0.00 83.69 0.00
[21:12:28.745] [ARM-RX] [130] <0.00 -70.00 0.00> r
[21:12:28.767] [ARM-RX] esult: 90.00 104.48 -69.21 0.00 83.69 0.00
[21:12:28.768] [ARM-RX] [131] <0.00 -70.00 0.00> result: 90.00 104.48 -69.21 0.00 83.69 0.00
[21:12:28.768] [ARM-RX] [132] <0.00 -70.00 0.00> result: 90.00 104.48 -69.21 0.00 83.69 0.00
[21:12:28.768] [ARM-RX] [133] <0.00 -70.00 0.00> result: 90.00 104.48 -69.21 0.00 83.69 0.00
[21:12:28.768] [ARM-RX] [1
[21:12:28.790] [ARM-RX] 34] <0.00 -70.00 0.00> result: 90.00 104.48 -69.21 0.00 83.69 0.00
[21:12:28.790] [ARM-RX] [135] <0.00 -70.00 0.00> result: 90.00 104.48 -69.21 0.00 83.69 0.00
[21:12:28.790] [ARM-RX] [136] <0.00 -70.00 0.00> result: 90.00 104.48 -69.21 0.00 83.69 0.00
[21:12:28.790] [ARM-RX] [137] <0.00 -70.00 0.00> result: 90.00 104.48 -6
[21:12:28.825] [ARM-RX] 9.21 0.00 83.69 0.00
[21:12:28.826] [ARM-RX] [138] <0.00 -70.00 0.00> result: 90.00 104.48 -69.21 0.00 83.69 0.00
[21:12:28.826] [ARM-RX] [139] <0.00 -70.00 0.00> result: 90.00 104.48 -69.21 0.00 83.69 0.00
[21:12:28.826] [ARM-RX] [140] <0.00 -70.00 0.00> result: 90.00 104.48 -69.21 0.00 83.69 0.00
[21:12:28.826] [ARM-RX] [141] <0.00 -70.00 0.00>
[21:12:28.848] [ARM-RX] result: 90.00 104.48 -69.21 0.00 83.69 0.00
[21:12:28.848] [ARM-RX] [142] <0.00 -70.00 0.00> result: 90.00 104.48 -69.21 0.00 83.69 0.00
[21:12:28.848] [ARM-RX] [143] <0.00 -70.00 0.00> result: 90.00 104.48 -69.21 0.00 83.69 0.00
[21:12:28.848] [ARM-RX] [144] <0.00 -70.00 0.00> result: 90.00 104.48 -69.21 0.00 83.69 0.00
[21:12:28.871] [ARM-RX] [145] <0.00 -70.00 0.00> result: 90.00 104.48 -69.21 0.00 83.69 0.00
[21:12:28.871] [ARM-RX] [146] <0.00 -70.00 0.00> result: 90.00 104.48 -69.21 0.00 83.69 0.00
[21:12:28.872] [ARM-RX] [147] <0.00 -70.00 0.00> result: 90.00 104.48 -69.21 0.00 83.69 0.00
[21:12:28.872] [ARM-RX] [148] <0.00 -70.00 0.00> result: 90.00 104.48
[21:12:28.893] [ARM-RX] -69.21 0.00 83.69 0.00
[21:12:28.893] [ARM-RX] [149] <0.00 -70.00 0.00> result: 90.00 104.48 -69.21 0.00 83.69 0.00
[21:12:28.893] [ARM-RX] [150] <0.00 -70.00 0.00> result: 90.00 104.48 -69.21 0.00 83.69 0.00
[21:12:28.894] [ARM-RX] [151] <0.00 -70.00 0.00> result: 90.00 104.48 -69.21 0.00 83.69 0.00
[21:12:28.894] [ARM-RX] [152] <0.00 -70.00 0.0
[21:12:28.915] [ARM-RX] 0> result: 90.00 104.48 -69.21 0.00 83.69 0.00
[21:12:28.916] [ARM-RX] [153] <0.00 -70.00 0.00> result: 90.00 104.48 -69.21 0.00 83.69 0.00
[21:12:28.916] [ARM-RX] [154] <0.00 -70.00 0.00> result: 90.00 104.48 -69.21 0.00 83.69 0.00
[21:12:28.916] [ARM-RX] [155] <0.00 -70.00 0.00> result: 90.00 104.48 -69.21 0.00 83.69 0.00
[21:12:28.939] [ARM-RX] [156] <0.00 -70.00 0.00> result: 90.00 104.48 -69.21 0.00 83.69 0.00
[21:12:28.939] [ARM-RX] [157] <0.00 -70.00 0.00> result: 90.00 104.48 -69.21 0.00 83.69 0.00
[21:12:28.939] [ARM-RX] [158] <0.00 -70.00 0.00> result: 90.00 104.48 -69.21 0.00 83.69 0.00
[21:12:28.939] [ARM-RX] [159] <0.00 -70.00 0.00> result: 90.00 104.4
[21:12:28.964] [ARM-RX] 8 -69.21 0.00 83.69 0.00
[21:12:28.964] [ARM-RX] [160] <0.00 -70.00 0.00> result: 90.00 104.48 -69.21 0.00 83.69 0.00
[21:12:28.964] [ARM-RX] [161] <0.00 -70.00 0.00> result: 90.00 104.48 -69.21 0.00 83.69 0.00
[21:12:28.964] [ARM-RX] [162] <0.00 -70.00 0.00> result: 90.00 104.48 -69.21 0.00 83.69 0.00
[21:12:28.965] [ARM-RX] [163] <0.00 -70.00 0
[21:12:28.984] [ARM-RX] .00> result: 90.00 104.48 -69.21 0.00 83.69 0.00
[21:12:28.984] [ARM-RX] [164] <0.00 -70.00 0.00> result: 90.00 104.48 -69.21 0.00 83.69 0.00
[21:12:28.985] [ARM-RX] [165] <0.00 -70.00 0.00> result: 90.00 104.48 -69.21 0.00 83.69 0.00
[21:12:28.985] [ARM-RX] [166] <0.00 -70.00 0.00> result: 90.00 104.48 -69.21 0.00 83.69 0.
[21:12:29.018] [ARM-RX] 00
[21:12:29.018] [ARM-RX] [167] <0.00 -70.00 0.00> result: 90.00 104.48 -69.21 0.00 83.69 0.00
[21:12:29.020] [ARM-RX] [168] <0.00 -70.00 0.00> result: 90.00 104.48 -69.21 0.00 83.69 0.00
[21:12:29.020] [ARM-RX] [169] <0.00 -70.00 0.00> result: 90.00 104.48 -69.21 0.00 83.69 0.00
[21:12:29.020] [ARM-RX] [170] <0.00 -70.00 0.00> result: 90.00 104
[21:12:29.041] [ARM-RX] .48 -69.21 0.00 83.69 0.00
[21:12:29.041] [ARM-RX] [171] <0.00 -70.00 0.00> result: 90.00 104.48 -69.21 0.00 83.69 0.00
[21:12:29.041] [ARM-RX] [172] <0.00 -70.00 0.00> result: 90.00 104.48 -69.21 0.00 83.69 0.00
[21:12:29.041] [ARM-RX] [173] <0.00 -70.00 0.00> result: 90.00 104.48 -69.21 0.00 83.69 0.00
[21:12:29.041] [ARM-RX] [174] <0.00 -70.00
[21:12:29.066] [ARM-RX] 0.00> result: 90.00 104.48 -69.21 0.00 83.69 0.00
[21:12:29.066] [ARM-RX] [175] <0.00 -70.00 0.00> result: 90.00 104.48 -69.21 0.00 83.69 0.00
[21:12:29.066] [ARM-RX] [176] <0.00 -70.00 0.00> result: 90.00 104.48 -69.21 0.00 83.69 0.00
[21:12:29.066] [ARM-RX] [177] <0.00 -70.00 0.00> result: 90.00 104.48 -69.21 0.00 83.69
[21:12:29.086] [ARM-RX] 0.00
[21:12:29.087] [ARM-RX] [178] <0.00 -70.00 0.00> result: 90.00 104.48 -69.21 0.00 83.69 0.00
[21:12:29.087] [ARM-RX] [179] <0.00 -70.00 0.00> result: 90.00 104.48 -69.21 0.00 83.69 0.00
[21:12:29.087] [ARM-RX] [180] <0.00 -70.00 0.00> result: 90.00 104.48 -69.21 0.00 83.69 0.00
[21:12:29.087] [ARM-RX] [181] <0.00 -70.00 0.00> result: 90.00 1
[21:12:29.111] [ARM-RX] 04.48 -69.21 0.00 83.69 0.00
[21:12:29.111] [ARM-RX] [182] <0.00 -70.00 0.00> result: 90.00 104.48 -69.21 0.00 83.69 0.00
[21:12:29.111] [ARM-RX] [183] <0.00 -70.00 0.00> result: 90.00 104.48 -69.21 0.00 83.69 0.00
[21:12:29.112] [ARM-RX] [184] <0.00 -70.00 0.00> result: 90.00 104.48 -69.21 0.00 83.69 0.00
[21:12:29.112] [ARM-RX] [185] <0.00 -70.
[21:12:29.133] [ARM-RX] 00 0.00> result: 90.00 104.48 -69.21 0.00 83.69 0.00
[21:12:29.133] [ARM-RX] [186] <0.00 -70.00 0.00> result: 90.00 104.48 -69.21 0.00 83.69 0.00
[21:12:29.133] [ARM-RX] [187] <0.00 -70.00 0.00> result: 90.00 104.48 -69.21 0.00 83.69 0.00
[21:12:29.134] [ARM-RX] [188] <0.00 -70.00 0.00> result: 90.00 104.48 -69.21 0.00 83.6
[21:12:29.185] [ARM-RX] 9 0.00
[21:12:29.185] [ARM-RX] [189] <0.00 -70.00 0.00> result: 90.00 104.48 -69.21 0.00 83.69 0.00
[21:12:29.185] [ARM-RX] [190] <0.00 -70.00 0.00> result: 90.00 104.48 -69.21 0.00 83.69 0.00
[21:12:31.176] [ARM-RX] [joint 1] ave_error:0.00
[21:12:31.177] [ARM-RX] [joint 2] ave_error:3.20
[21:12:31.177] [ARM-RX] [joint 3] ave_error:3.15
[21:12:31.178] [ARM-RX] [joint 4] ave_error:0.00
[21:12:31.178] [ARM-RX] [joint 5] ave_error:0.44
[21:12:31.180] [ARM-RX] robot pid run finished!!
[21:12:32.023] [ARM-RX] AUTO final confirm failed: joint 1 err=4.23deg tol=3.00, pose invalid.
[21:12:32.024] [ARM-RX] J1 cur=90.00 target=90.00 err=-0.00
[21:12:32.024] [ARM-RX] J2 cur=108.71 target=104.48 err=-4.23
[21:12:32.024] [ARM-RX] J3 cur=-67.80 target=-69.21 err=-1.41
[21:12:32.024] [ARM-RX] J4 cur=0.00 target=0.00 err=-0.00
[21:12:32.024] [ARM-RX] J5 cur=83.57 target=83.6
[21:12:32.081] [ARM-RX] 9 err=0.12
[21:12:34.054] [ARM-TX] 发送命令 read_all: read_all
[21:12:34.198] [ARM-RX] Found handler for 'read_all', executing...
[21:12:34.198] [ARM-RX] ROBOT_READ_ALL_EVENT
[21:12:34.198] [ARM-RX] read_all ret=0 elapsed=2 ms missing=0x00
[21:12:34.198] [ARM-RX] J1 angle=90.00
[21:12:34.198] [ARM-RX] J2 angle=108.70
[21:12:34.200] [ARM-RX] J3 angle=292.20
[21:12:34.200] [ARM-RX] J4 angle=0.00
[21:12:34.200] [ARM-RX] J5 angle=83.57
[21:12:35.382] [ARM-TX] 发送命令 soft_reset: soft_reset
[21:12:35.441] [ARM-RX] Found handler for 'soft_reset', executing...
[21:12:35.441] [ARM-RX] ROBOT_SOFT_RESET_EVENT
[21:12:35.441] [ARM-RX] --- Starting soft reset ---
[21:12:35.630] [ARM-RX] Soft reset motors enabled (J1~J5, J6 skipped).
[21:12:35.630] [ARM-RX] Soft resetting joint 4...
[21:12:35.692] [ARM-RX] robot_update_current_angle 4...
[21:12:35.692] [ARM-RX] [4] current:83.57, target:90.00, dir:1
[21:12:36.436] [ARM-RX] Soft resetting joint 3...
[21:12:36.498] [ARM-RX] robot_update_current_angle 3...
[21:12:36.498] [ARM-RX] [3] current:0.00, target:0.00, dir:-1
[21:12:36.561] [ARM-RX] Soft resetting joint 1...
[21:12:36.623] [ARM-RX] robot_update_current_angle 1...
[21:12:36.624] [ARM-RX] [1] current:108.70, target:90.00, dir:-1
[21:12:38.234] [ARM-RX] soft reset joint 1 settle timeout, keep going
[21:12:38.234] [ARM-RX] Soft resetting joint 2...
[21:12:38.294] [ARM-RX] robot_update_current_angle 2...
[21:12:38.294] [ARM-RX] [2] current:-67.80, target:-90.00, dir:-1
[21:12:40.098] [ARM-RX] soft reset joint 2 settle timeout, keep going
[21:12:40.098] [ARM-RX] Soft resetting joint 0...
[21:12:40.100] [ARM-RX] robot_update_current_angle 0...
[21:12:40.100] [ARM-RX] [0] current:90.00, target:90.00, dir:-1
[21:12:40.222] [ARM-RX] soft reset verify not pass, start refine loop...
[21:12:40.345] [ARM-RX] soft reset refine joint 2 round 1: cur=-88.88 target=-90.00 err=1.12 dir=-1
[21:12:40.652] [ARM-RX] soft reset refine pass 1 success.
[21:12:40.652] [ARM-RX] soft reset final verify PASS (issues:2), pose set HOME.
[21:12:47.563] [ARM-TX] 发送命令 auto 0 -70 15: auto 0 -70 15
[21:12:47.646] [ARM-RX] Found handler for 'auto', executing...
[21:12:47.647] [ARM-RX] ROBOT_AUTO_EVENT
[21:12:47.647] [ARM-RX] [0] <0.00 0.00 0.00> result: 90.00 90.00 -90.00 0.00 90.00 0.00
[21:12:47.647] [ARM-RX] [1] <0.00 -0.00 0.00> result: 90.00 90.00 -90.00 0.00 90.00 0.00
[21:12:47.647] [ARM-RX] [2] <0.00 -0.00 0.00> result: 90.00 90.00 -90.00 0.00 90.00 0.00
[21:12:47.648] [ARM-RX] [3]
[21:12:47.670] [ARM-RX] <0.00 -0.01 0.00> result: 90.00 90.00 -90.00 0.00 90.00 0.00
[21:12:47.670] [ARM-RX] [4] <0.00 -0.01 0.00> result: 90.00 90.00 -90.00 0.00 90.00 0.00
[21:12:47.670] [ARM-RX] [5] <0.00 -0.03 0.01> result: 90.00 90.00 -89.99 0.00 89.99 0.00
[21:12:47.670] [ARM-RX] [6] <0.00 -0.04 0.01> result: 90.00 90.00 -89.99 0.00 89.99 0
[21:12:47.693] [ARM-RX] .00
[21:12:47.693] [ARM-RX] [7] <0.00 -0.07 0.01> result: 90.00 90.00 -89.98 0.00 89.98 0.00
[21:12:47.693] [ARM-RX] [8] <0.00 -0.10 0.02> result: 90.00 90.00 -89.97 0.00 89.97 0.00
[21:12:47.694] [ARM-RX] [9] <0.00 -0.14 0.03> result: 90.00 90.01 -89.96 0.00 89.96 0.00
[21:12:47.694] [ARM-RX] [10] <0.00 -0.18 0.04> result: 90.00 90.01 -89.94 0.0
[21:12:47.716] [ARM-RX] 0 89.95 0.00
[21:12:47.716] [ARM-RX] [11] <0.00 -0.24 0.05> result: 90.00 90.01 -89.93 0.00 89.94 0.00
[21:12:47.718] [ARM-RX] [12] <0.00 -0.31 0.07> result: 90.00 90.02 -89.91 0.00 89.92 0.00
[21:12:47.719] [ARM-RX] [13] <0.00 -0.39 0.08> result: 90.00 90.02 -89.88 0.00 89.90 0.00
[21:12:47.719] [ARM-RX] [14] <0.00 -0.48 0.10> result: 90.00 90.0
[21:12:47.741] [ARM-RX] 2 -89.85 0.00 89.88 0.00
[21:12:47.741] [ARM-RX] [15] <0.00 -0.59 0.13> result: 90.00 90.03 -89.82 0.00 89.85 0.00
[21:12:47.743] [ARM-RX] [16] <0.00 -0.71 0.15> result: 90.00 90.04 -89.78 0.00 89.82 0.00
[21:12:47.743] [ARM-RX] [17] <0.00 -0.84 0.18> result: 90.00 90.04 -89.74 0.00 89.78 0.00
[21:12:47.743] [ARM-RX] [18] <0.00 -0.99 0.21> result
[21:12:47.762] [ARM-RX] : 90.00 90.05 -89.70 0.00 89.75 0.00
[21:12:47.762] [ARM-RX] [19] <0.00 -1.16 0.25> result: 90.00 90.06 -89.64 0.00 89.70 0.00
[21:12:47.762] [ARM-RX] [20] <0.00 -1.34 0.29> result: 90.00 90.07 -89.59 0.00 89.66 0.00
[21:12:47.762] [ARM-RX] [21] <0.00 -1.55 0.33> result: 90.00 90.08 -89.53 0.00 89.61 0.00
[21:12:47.763] [ARM-RX] [22] <0.00 -1.77
[21:12:47.784] [ARM-RX] 0.38> result: 90.00 90.09 -89.46 0.00 89.55 0.00
[21:12:47.784] [ARM-RX] [23] <0.00 -2.01 0.43> result: 90.00 90.11 -89.38 0.00 89.49 0.00
[21:12:47.784] [ARM-RX] [24] <0.00 -2.27 0.49> result: 90.00 90.12 -89.30 0.00 89.42 0.00
[21:12:47.786] [ARM-RX] [25] <0.00 -2.56 0.55> result: 90.00 90.14 -89.22 0.00 89.35 0.00
[21:12:47.786] [ARM-RX] [26]
[21:12:47.819] [ARM-RX] <0.00 -2.86 0.61> result: 90.00 90.16 -89.12 0.00 89.28 0.00
[21:12:47.819] [ARM-RX] [27] <0.00 -3.19 0.68> result: 90.00 90.18 -89.02 0.00 89.20 0.00
[21:12:47.820] [ARM-RX] [28] <0.00 -3.54 0.76> result: 90.00 90.20 -88.92 0.00 89.11 0.00
[21:12:47.820] [ARM-RX] [29] <0.00 -3.91 0.84> result: 90.00 90.22 -88.80 0.00 89.02
[21:12:47.843] [ARM-RX] 0.00
[21:12:47.843] [ARM-RX] [30] <0.00 -4.31 0.92> result: 90.00 90.25 -88.68 0.00 88.93 0.00
[21:12:47.844] [ARM-RX] [31] <0.00 -4.73 1.01> result: 90.00 90.27 -88.55 0.00 88.82 0.00
[21:12:47.844] [ARM-RX] [32] <0.00 -5.18 1.11> result: 90.00 90.30 -88.41 0.00 88.72 0.00
[21:12:47.844] [ARM-RX] [33] <0.00 -5.65 1.21> result: 90.00 90.34 -88.2
[21:12:47.865] [ARM-RX] 7 0.00 88.60 0.00
[21:12:47.865] [ARM-RX] [34] <0.00 -6.15 1.32> result: 90.00 90.37 -88.12 0.00 88.49 0.00
[21:12:47.865] [ARM-RX] [35] <0.00 -6.68 1.43> result: 90.00 90.41 -87.95 0.00 88.36 0.00
[21:12:47.865] [ARM-RX] [36] <0.00 -7.23 1.55> result: 90.00 90.45 -87.78 0.00 88.23 0.00
[21:12:47.865] [ARM-RX] [37] <0.00 -7.81 1.67> result: 90.00
[21:12:47.888] [ARM-RX] 90.49 -87.61 0.00 88.10 0.00
[21:12:47.888] [ARM-RX] [38] <0.00 -8.42 1.80> result: 90.00 90.54 -87.42 0.00 87.96 0.00
[21:12:47.888] [ARM-RX] [39] <0.00 -9.05 1.94> result: 90.00 90.59 -87.23 0.00 87.81 0.00
[21:12:47.888] [ARM-RX] [40] <0.00 -9.72 2.08> result: 90.00 90.64 -87.02 0.00 87.66 0.00
[21:12:47.889] [ARM-RX] [41] <0.00 -10.41 2.23>
[21:12:47.911] [ARM-RX] result: 90.00 90.70 -86.81 0.00 87.51 0.00
[21:12:47.911] [ARM-RX] [42] <0.00 -11.13 2.39> result: 90.00 90.76 -86.59 0.00 87.35 0.00
[21:12:47.911] [ARM-RX] [43] <0.00 -11.88 2.55> result: 90.00 90.82 -86.36 0.00 87.18 0.00
[21:12:47.911] [ARM-RX] [44] <0.00 -12.66 2.71> result: 90.00 90.89 -86.12 0.00 87.01 0.00
[21:12:47.911] [ARM-RX] [45] <0.
[21:12:47.934] [ARM-RX] 00 -13.47 2.89> result: 90.00 90.96 -85.87 0.00 86.83 0.00
[21:12:47.934] [ARM-RX] [46] <0.00 -14.30 3.06> result: 90.00 91.03 -85.62 0.00 86.65 0.00
[21:12:47.934] [ARM-RX] [47] <0.00 -15.17 3.25> result: 90.00 91.11 -85.35 0.00 86.46 0.00
[21:12:47.934] [ARM-RX] [48] <0.00 -16.06 3.44> result: 90.00 91.20 -85.08 0.00 86.2
[21:12:47.959] [ARM-RX] 7 0.00
[21:12:47.959] [ARM-RX] [49] <0.00 -16.99 3.64> result: 90.00 91.28 -84.79 0.00 86.08 0.00
[21:12:47.959] [ARM-RX] [50] <0.00 -17.94 3.84> result: 90.00 91.38 -84.50 0.00 85.88 0.00
[21:12:47.960] [ARM-RX] [51] <0.00 -18.93 4.06> result: 90.00 91.47 -84.20 0.00 85.67 0.00
[21:12:47.960] [ARM-RX] [52] <0.00 -19.94 4.27> result: 90.00 91.57
[21:12:47.980] [ARM-RX] -83.89 0.00 85.46 0.00
[21:12:47.980] [ARM-RX] [53] <0.00 -20.98 4.50> result: 90.00 91.68 -83.57 0.00 85.25 0.00
[21:12:47.980] [ARM-RX] [54] <0.00 -22.05 4.73> result: 90.00 91.79 -83.24 0.00 85.03 0.00
[21:12:47.980] [ARM-RX] [55] <0.00 -23.15 4.96> result: 90.00 91.90 -82.90 0.00 84.80 0.00
[21:12:47.980] [ARM-RX] [56] <0.00 -24.28 5.20> resu
[21:12:48.015] [ARM-RX] lt: 90.00 92.02 -82.56 0.00 84.58 0.00
[21:12:48.016] [ARM-RX] [57] <0.00 -25.43 5.45> result: 90.00 92.15 -82.20 0.00 84.35 0.00
[21:12:48.016] [ARM-RX] [58] <0.00 -26.62 5.70> result: 90.00 92.27 -81.84 0.00 84.11 0.00
[21:12:48.016] [ARM-RX] [59] <0.00 -27.83 5.96> result: 90.00 92.41 -81.46 0.00 83.87 0.00
[21:12:48.016] [ARM-RX] [60] <0.00 -
[21:12:48.036] [ARM-RX] 29.07 6.23> result: 90.00 92.55 -81.08 0.00 83.63 0.00
[21:12:48.037] [ARM-RX] [61] <0.00 -30.33 6.50> result: 90.00 92.69 -80.69 0.00 83.38 0.00
[21:12:48.037] [ARM-RX] [62] <0.00 -31.63 6.78> result: 90.00 92.84 -80.29 0.00 83.13 0.00
[21:12:48.037] [ARM-RX] [63] <0.00 -32.94 7.06> result: 90.00 92.99 -79.89 0.00 82.88 0.
[21:12:48.060] [ARM-RX] 00
[21:12:48.060] [ARM-RX] [64] <0.00 -34.29 7.35> result: 90.00 93.15 -79.47 0.00 82.62 0.00
[21:12:48.060] [ARM-RX] [65] <0.00 -35.66 7.64> result: 90.00 93.31 -79.05 0.00 82.36 0.00
[21:12:48.060] [ARM-RX] [66] <0.00 -37.05 7.94> result: 90.00 93.47 -78.62 0.00 82.09 0.00
[21:12:48.060] [ARM-RX] [67] <0.00 -38.47 8.24> result: 90.00 93.65 -78.
[21:12:48.083] [ARM-RX] 18 0.00 81.82 0.00
[21:12:48.083] [ARM-RX] [68] <0.00 -39.91 8.55> result: 90.00 93.82 -77.73 0.00 81.55 0.00
[21:12:48.083] [ARM-RX] [69] <0.00 -41.38 8.87> result: 90.00 94.00 -77.28 0.00 81.28 0.00
[21:12:48.083] [ARM-RX] [70] <0.00 -42.86 9.18> result: 90.00 94.19 -76.82 0.00 81.00 0.00
[21:12:48.083] [ARM-RX] [71] <0.00 -44.37 9.51> result:
[21:12:48.105] [ARM-RX] 90.00 94.37 -76.35 0.00 80.72 0.00
[21:12:48.107] [ARM-RX] [72] <0.00 -45.90 9.84> result: 90.00 94.57 -75.87 0.00 80.44 0.00
[21:12:48.107] [ARM-RX] [73] <0.00 -47.45 10.17> result: 90.00 94.76 -75.39 0.00 80.16 0.00
[21:12:48.107] [ARM-RX] [74] <0.00 -49.02 10.51> result: 90.00 94.97 -74.90 0.00 79.87 0.00
[21:12:48.107] [ARM-RX] [75] <0.00 -50
[21:12:48.128] [ARM-RX] .61 10.85> result: 90.00 95.17 -74.41 0.00 79.58 0.00
[21:12:48.129] [ARM-RX] [76] <0.00 -52.22 11.19> result: 90.00 95.38 -73.91 0.00 79.29 0.00
[21:12:48.129] [ARM-RX] [77] <0.00 -53.85 11.54> result: 90.00 95.59 -73.40 0.00 78.99 0.00
[21:12:48.129] [ARM-RX] [78] <0.00 -55.49 11.89> result: 90.00 95.81 -72.89 0.00 78.69
[21:12:48.152] [ARM-RX] 0.00
[21:12:48.152] [ARM-RX] [79] <0.00 -57.15 12.25> result: 90.00 96.03 -72.37 0.00 78.40 0.00
[21:12:48.152] [ARM-RX] [80] <0.00 -58.82 12.60> result: 90.00 96.25 -71.84 0.00 78.09 0.00
[21:12:48.152] [ARM-RX] [81] <0.00 -60.51 12.97> result: 90.00 96.48 -71.31 0.00 77.79 0.00
[21:12:48.153] [ARM-RX] [82] <0.00 -62.21 13.33> result: 90.00 96.7
[21:12:48.186] [ARM-RX] 1 -70.78 0.00 77.49 0.00
[21:12:48.187] [ARM-RX] [83] <0.00 -63.92 13.70> result: 90.00 96.94 -70.24 0.00 77.18 0.00
[21:12:48.187] [ARM-RX] [84] <0.00 -65.65 14.07> result: 90.00 97.18 -69.69 0.00 76.87 0.00
[21:12:48.187] [ARM-RX] [85] <0.00 -67.39 14.44> result: 90.00 97.42 -69.15 0.00 76.57 0.00
[21:12:48.187] [ARM-RX] [86] <0.00 -69.13 14.81
[21:12:48.209] [ARM-RX] > result: 90.00 97.66 -68.59 0.00 76.26 0.00
[21:12:48.210] [ARM-RX] [87] <0.00 -70.00 15.00> result: 90.00 97.78 -68.32 0.00 76.10 0.00
[21:12:48.210] [ARM-RX] [88] <0.00 -70.00 15.00> result: 90.00 97.78 -68.32 0.00 76.10 0.00
[21:12:48.210] [ARM-RX] [89] <0.00 -70.00 15.00> result: 90.00 97.78 -68.32 0.00 76.10 0.00
[21:12:48.210] [ARM-RX] [90
[21:12:48.232] [ARM-RX] ] <0.00 -70.00 15.00> result: 90.00 97.78 -68.32 0.00 76.10 0.00
[21:12:48.232] [ARM-RX] [91] <0.00 -70.00 15.00> result: 90.00 97.78 -68.32 0.00 76.10 0.00
[21:12:48.233] [ARM-RX] [92] <0.00 -70.00 15.00> result: 90.00 97.78 -68.32 0.00 76.10 0.00
[21:12:48.233] [ARM-RX] [93] <0.00 -70.00 15.00> result: 90.00 97.78 -68.32
[21:12:48.255] [ARM-RX] 0.00 76.10 0.00
[21:12:48.255] [ARM-RX] [94] <0.00 -70.00 15.00> result: 90.00 97.78 -68.32 0.00 76.10 0.00
[21:12:48.256] [ARM-RX] [95] <0.00 -70.00 15.00> result: 90.00 97.78 -68.32 0.00 76.10 0.00
[21:12:48.256] [ARM-RX] [96] <0.00 -70.00 15.00> result: 90.00 97.78 -68.32 0.00 76.10 0.00
[21:12:48.256] [ARM-RX] [97] <0.00 -70.00 15.00> result:
[21:12:48.280] [ARM-RX] 90.00 97.78 -68.32 0.00 76.10 0.00
[21:12:48.281] [ARM-RX] [98] <0.00 -70.00 15.00> result: 90.00 97.78 -68.32 0.00 76.10 0.00
[21:12:48.281] [ARM-RX] [99] <0.00 -70.00 15.00> result: 90.00 97.78 -68.32 0.00 76.10 0.00
[21:12:48.281] [ARM-RX] [100] <0.00 -70.00 15.00> result: 90.00 97.78 -68.32 0.00 76.10 0.00
[21:12:48.281] [ARM-RX] [101] <0.00
[21:12:48.302] [ARM-RX] -70.00 15.00> result: 90.00 97.78 -68.32 0.00 76.10 0.00
[21:12:48.303] [ARM-RX] [102] <0.00 -70.00 15.00> result: 90.00 97.78 -68.32 0.00 76.10 0.00
[21:12:48.303] [ARM-RX] [103] <0.00 -70.00 15.00> result: 90.00 97.78 -68.32 0.00 76.10 0.00
[21:12:48.303] [ARM-RX] [104] <0.00 -70.00 15.00> result: 90.00 97.78 -68.32 0.00
[21:12:48.323] [ARM-RX] 76.10 0.00
[21:12:48.323] [ARM-RX] [105] <0.00 -70.00 15.00> result: 90.00 97.78 -68.32 0.00 76.10 0.00
[21:12:48.323] [ARM-RX] [106] <0.00 -70.00 15.00> result: 90.00 97.78 -68.32 0.00 76.10 0.00
[21:12:48.325] [ARM-RX] [107] <0.00 -70.00 15.00> result: 90.00 97.78 -68.32 0.00 76.10 0.00
[21:12:48.325] [ARM-RX] [108] <0.00 -70.00 15.00> result:
[21:12:48.347] [ARM-RX] 90.00 97.78 -68.32 0.00 76.10 0.00
[21:12:48.347] [ARM-RX] [109] <0.00 -70.00 15.00> result: 90.00 97.78 -68.32 0.00 76.10 0.00
[21:12:48.347] [ARM-RX] [110] <0.00 -70.00 15.00> result: 90.00 97.78 -68.32 0.00 76.10 0.00
[21:12:48.347] [ARM-RX] [111] <0.00 -70.00 15.00> result: 90.00 97.78 -68.32 0.00 76.10 0.00
[21:12:48.348] [ARM-RX] [112] <0.
[21:12:48.381] [ARM-RX] 00 -70.00 15.00> result: 90.00 97.78 -68.32 0.00 76.10 0.00
[21:12:48.381] [ARM-RX] [113] <0.00 -70.00 15.00> result: 90.00 97.78 -68.32 0.00 76.10 0.00
[21:12:48.383] [ARM-RX] [114] <0.00 -70.00 15.00> result: 90.00 97.78 -68.32 0.00 76.10 0.00
[21:12:48.383] [ARM-RX] [115] <0.00 -70.00 15.00> result: 90.00 97.78 -68.32 0.
[21:12:48.405] [ARM-RX] 00 76.10 0.00
[21:12:48.406] [ARM-RX] [116] <0.00 -70.00 15.00> result: 90.00 97.78 -68.32 0.00 76.10 0.00
[21:12:48.406] [ARM-RX] [117] <0.00 -70.00 15.00> result: 90.00 97.78 -68.32 0.00 76.10 0.00
[21:12:48.406] [ARM-RX] [118] <0.00 -70.00 15.00> result: 90.00 97.78 -68.32 0.00 76.10 0.00
[21:12:48.406] [ARM-RX] [119] <0.00 -70.00 15.00> resul
[21:12:48.427] [ARM-RX] t: 90.00 97.78 -68.32 0.00 76.10 0.00
[21:12:48.427] [ARM-RX] [120] <0.00 -70.00 15.00> result: 90.00 97.78 -68.32 0.00 76.10 0.00
[21:12:48.428] [ARM-RX] [121] <0.00 -70.00 15.00> result: 90.00 97.78 -68.32 0.00 76.10 0.00
[21:12:48.428] [ARM-RX] [122] <0.00 -70.00 15.00> result: 90.00 97.78 -68.32 0.00 76.10 0.00
[21:12:48.428] [ARM-RX] [123] <
[21:12:48.451] [ARM-RX] 0.00 -70.00 15.00> result: 90.00 97.78 -68.32 0.00 76.10 0.00
[21:12:48.452] [ARM-RX] [124] <0.00 -70.00 15.00> result: 90.00 97.78 -68.32 0.00 76.10 0.00
[21:12:48.452] [ARM-RX] [125] <0.00 -70.00 15.00> result: 90.00 97.78 -68.32 0.00 76.10 0.00
[21:12:48.452] [ARM-RX] [126] <0.00 -70.00 15.00> result: 90.00 97.78 -68.32
[21:12:48.474] [ARM-RX] 0.00 76.10 0.00
[21:12:48.474] [ARM-RX] [127] <0.00 -70.00 15.00> result: 90.00 97.78 -68.32 0.00 76.10 0.00
[21:12:48.474] [ARM-RX] [128] <0.00 -70.00 15.00> result: 90.00 97.78 -68.32 0.00 76.10 0.00
[21:12:48.475] [ARM-RX] [129] <0.00 -70.00 15.00> result: 90.00 97.78 -68.32 0.00 76.10 0.00
[21:12:48.475] [ARM-RX] [130] <0.00 -70.00 15.00> res
[21:12:48.496] [ARM-RX] ult: 90.00 97.78 -68.32 0.00 76.10 0.00
[21:12:48.497] [ARM-RX] [131] <0.00 -70.00 15.00> result: 90.00 97.78 -68.32 0.00 76.10 0.00
[21:12:48.497] [ARM-RX] [132] <0.00 -70.00 15.00> result: 90.00 97.78 -68.32 0.00 76.10 0.00
[21:12:48.497] [ARM-RX] [133] <0.00 -70.00 15.00> result: 90.00 97.78 -68.32 0.00 76.10 0.00
[21:12:48.497] [ARM-RX] [134]
[21:12:48.519] [ARM-RX] <0.00 -70.00 15.00> result: 90.00 97.78 -68.32 0.00 76.10 0.00
[21:12:48.519] [ARM-RX] [135] <0.00 -70.00 15.00> result: 90.00 97.78 -68.32 0.00 76.10 0.00
[21:12:48.519] [ARM-RX] [136] <0.00 -70.00 15.00> result: 90.00 97.78 -68.32 0.00 76.10 0.00
[21:12:48.519] [ARM-RX] [137] <0.00 -70.00 15.00> result: 90.00 97.78 -68.3
[21:12:48.554] [ARM-RX] 2 0.00 76.10 0.00
[21:12:48.554] [ARM-RX] [138] <0.00 -70.00 15.00> result: 90.00 97.78 -68.32 0.00 76.10 0.00
[21:12:48.554] [ARM-RX] [139] <0.00 -70.00 15.00> result: 90.00 97.78 -68.32 0.00 76.10 0.00
[21:12:48.554] [ARM-RX] [140] <0.00 -70.00 15.00> result: 90.00 97.78 -68.32 0.00 76.10 0.00
[21:12:48.555] [ARM-RX] [141] <0.00 -70.00 15.00> r
[21:12:48.576] [ARM-RX] esult: 90.00 97.78 -68.32 0.00 76.10 0.00
[21:12:48.576] [ARM-RX] [142] <0.00 -70.00 15.00> result: 90.00 97.78 -68.32 0.00 76.10 0.00
[21:12:48.578] [ARM-RX] [143] <0.00 -70.00 15.00> result: 90.00 97.78 -68.32 0.00 76.10 0.00
[21:12:48.578] [ARM-RX] [144] <0.00 -70.00 15.00> result: 90.00 97.78 -68.32 0.00 76.10 0.00
[21:12:48.578] [ARM-RX] [14
[21:12:48.603] [ARM-RX] 5] <0.00 -70.00 15.00> result: 90.00 97.78 -68.32 0.00 76.10 0.00
[21:12:48.603] [ARM-RX] [146] <0.00 -70.00 15.00> result: 90.00 97.78 -68.32 0.00 76.10 0.00
[21:12:48.603] [ARM-RX] [147] <0.00 -70.00 15.00> result: 90.00 97.78 -68.32 0.00 76.10 0.00
[21:12:48.603] [ARM-RX] [148] <0.00 -70.00 15.00> result: 90.00 97.78 -68
[21:12:48.625] [ARM-RX] .32 0.00 76.10 0.00
[21:12:48.626] [ARM-RX] [149] <0.00 -70.00 15.00> result: 90.00 97.78 -68.32 0.00 76.10 0.00
[21:12:48.626] [ARM-RX] [150] <0.00 -70.00 15.00> result: 90.00 97.78 -68.32 0.00 76.10 0.00
[21:12:48.626] [ARM-RX] [151] <0.00 -70.00 15.00> result: 90.00 97.78 -68.32 0.00 76.10 0.00
[21:12:48.626] [ARM-RX] [152] <0.00 -70.00 15.00>
[21:12:48.645] [ARM-RX] result: 90.00 97.78 -68.32 0.00 76.10 0.00
[21:12:48.646] [ARM-RX] [153] <0.00 -70.00 15.00> result: 90.00 97.78 -68.32 0.00 76.10 0.00
[21:12:48.646] [ARM-RX] [154] <0.00 -70.00 15.00> result: 90.00 97.78 -68.32 0.00 76.10 0.00
[21:12:48.647] [ARM-RX] [155] <0.00 -70.00 15.00> result: 90.00 97.78 -68.32 0.00 76.10 0.00
[21:12:48.647] [ARM-RX] [
[21:12:48.669] [ARM-RX] 156] <0.00 -70.00 15.00> result: 90.00 97.78 -68.32 0.00 76.10 0.00
[21:12:48.670] [ARM-RX] [157] <0.00 -70.00 15.00> result: 90.00 97.78 -68.32 0.00 76.10 0.00
[21:12:48.670] [ARM-RX] [158] <0.00 -70.00 15.00> result: 90.00 97.78 -68.32 0.00 76.10 0.00
[21:12:48.670] [ARM-RX] [159] <0.00 -70.00 15.00> result: 90.00 97.78 -
[21:12:48.692] [ARM-RX] 68.32 0.00 76.10 0.00
[21:12:48.692] [ARM-RX] [160] <0.00 -70.00 15.00> result: 90.00 97.78 -68.32 0.00 76.10 0.00
[21:12:48.692] [ARM-RX] [161] <0.00 -70.00 15.00> result: 90.00 97.78 -68.32 0.00 76.10 0.00
[21:12:48.693] [ARM-RX] [162] <0.00 -70.00 15.00> result: 90.00 97.78 -68.32 0.00 76.10 0.00
[21:12:48.693] [ARM-RX] [163] <0.00 -70.00 15.0
[21:12:48.716] [ARM-RX] 0> result: 90.00 97.78 -68.32 0.00 76.10 0.00
[21:12:48.716] [ARM-RX] [164] <0.00 -70.00 15.00> result: 90.00 97.78 -68.32 0.00 76.10 0.00
[21:12:48.716] [ARM-RX] [165] <0.00 -70.00 15.00> result: 90.00 97.78 -68.32 0.00 76.10 0.00
[21:12:48.716] [ARM-RX] [166] <0.00 -70.00 15.00> result: 90.00 97.78 -68.32 0.00 76.10 0.00
[21:12:48.748] [ARM-RX] [167] <0.00 -70.00 15.00> result: 90.00 97.78 -68.32 0.00 76.10 0.00
[21:12:48.749] [ARM-RX] [168] <0.00 -70.00 15.00> result: 90.00 97.78 -68.32 0.00 76.10 0.00
[21:12:48.749] [ARM-RX] [169] <0.00 -70.00 15.00> result: 90.00 97.78 -68.32 0.00 76.10 0.00
[21:12:48.749] [ARM-RX] [170] <0.00 -70.00 15.00> result: 90.00 97.78
[21:12:48.772] [ARM-RX] -68.32 0.00 76.10 0.00
[21:12:48.772] [ARM-RX] [171] <0.00 -70.00 15.00> result: 90.00 97.78 -68.32 0.00 76.10 0.00
[21:12:48.772] [ARM-RX] [172] <0.00 -70.00 15.00> result: 90.00 97.78 -68.32 0.00 76.10 0.00
[21:12:48.773] [ARM-RX] [173] <0.00 -70.00 15.00> result: 90.00 97.78 -68.32 0.00 76.10 0.00
[21:12:48.773] [ARM-RX] [174] <0.00 -70.00 15
[21:12:48.794] [ARM-RX] .00> result: 90.00 97.78 -68.32 0.00 76.10 0.00
[21:12:48.795] [ARM-RX] [175] <0.00 -70.00 15.00> result: 90.00 97.78 -68.32 0.00 76.10 0.00
[21:12:48.795] [ARM-RX] [176] <0.00 -70.00 15.00> result: 90.00 97.78 -68.32 0.00 76.10 0.00
[21:12:48.795] [ARM-RX] [177] <0.00 -70.00 15.00> result: 90.00 97.78 -68.32 0.00 76.10 0.0
[21:12:48.818] [ARM-RX] 0
[21:12:48.818] [ARM-RX] [178] <0.00 -70.00 15.00> result: 90.00 97.78 -68.32 0.00 76.10 0.00
[21:12:48.818] [ARM-RX] [179] <0.00 -70.00 15.00> result: 90.00 97.78 -68.32 0.00 76.10 0.00
[21:12:48.818] [ARM-RX] [180] <0.00 -70.00 15.00> result: 90.00 97.78 -68.32 0.00 76.10 0.00
[21:12:48.819] [ARM-RX] [181] <0.00 -70.00 15.00> result: 90.00 97.
[21:12:48.841] [ARM-RX] 78 -68.32 0.00 76.10 0.00
[21:12:48.841] [ARM-RX] [182] <0.00 -70.00 15.00> result: 90.00 97.78 -68.32 0.00 76.10 0.00
[21:12:48.842] [ARM-RX] [183] <0.00 -70.00 15.00> result: 90.00 97.78 -68.32 0.00 76.10 0.00
[21:12:48.842] [ARM-RX] [184] <0.00 -70.00 15.00> result: 90.00 97.78 -68.32 0.00 76.10 0.00
[21:12:48.842] [ARM-RX] [185] <0.00 -70.00
[21:12:48.864] [ARM-RX] 15.00> result: 90.00 97.78 -68.32 0.00 76.10 0.00
[21:12:48.864] [ARM-RX] [186] <0.00 -70.00 15.00> result: 90.00 97.78 -68.32 0.00 76.10 0.00
[21:12:48.864] [ARM-RX] [187] <0.00 -70.00 15.00> result: 90.00 97.78 -68.32 0.00 76.10 0.00
[21:12:48.864] [ARM-RX] [188] <0.00 -70.00 15.00> result: 90.00 97.78 -68.32 0.00 76.10 0
[21:12:48.888] [ARM-RX] .00
[21:12:48.888] [ARM-RX] [189] <0.00 -70.00 15.00> result: 90.00 97.78 -68.32 0.00 76.10 0.00
[21:12:48.888] [ARM-RX] [190] <0.00 -70.00 15.00> result: 90.00 97.78 -68.32 0.00 76.10 0.00
[21:12:48.888] [ARM-RX] [191] <0.00 -70.00 15.00> result: 90.00 97.78 -68.32 0.00 76.10 0.00
[21:12:48.889] [ARM-RX] [192] <0.00 -70.00 15.00> result: 90.00 9
[21:12:48.946] [ARM-RX] 7.78 -68.32 0.00 76.10 0.00
[21:12:51.058] [ARM-RX] [joint 1] ave_error:0.00
[21:12:51.058] [ARM-RX] [joint 2] ave_error:0.94
[21:12:51.058] [ARM-RX] [joint 3] ave_error:3.39
[21:12:51.058] [ARM-RX] [joint 4] ave_error:0.00
[21:12:51.058] [ARM-RX] [joint 5] ave_error:1.24
[21:12:51.059] [ARM-RX] robot pid run finished!!
[21:13:01.201] [ARM-TX] 发送命令 read_all: read_all
[21:13:01.268] [ARM-RX] Found handler for 'read_all', executing...
[21:13:01.268] [ARM-RX] ROBOT_READ_ALL_EVENT
[21:13:01.269] [ARM-RX] read_all ret=0 elapsed=2 ms missing=0x00
[21:13:01.269] [ARM-RX] J1 angle=90.00
[21:13:01.269] [ARM-RX] J2 angle=98.02
[21:13:01.270] [ARM-RX] J3 angle=293.47
[21:13:01.270] [ARM-RX] J4 angle=0.00
[21:13:01.270] [ARM-RX] J5 angle=75.72
[21:13:03.001] [ARM-TX] 发送命令 soft_reset: soft_reset
[21:13:03.133] [ARM-RX] Found handler for 'soft_reset', executing...
[21:13:03.133] [ARM-RX] ROBOT_SOFT_RESET_EVENT
[21:13:03.133] [ARM-RX] --- Starting soft reset ---
[21:13:03.320] [ARM-RX] Soft reset motors enabled (J1~J5, J6 skipped).
[21:13:03.320] [ARM-RX] Soft resetting joint 4...
[21:13:03.320] [ARM-RX] robot_update_current_angle 4...
[21:13:03.320] [ARM-RX] [4] current:75.72, target:90.00, dir:1
[21:13:04.629] [ARM-RX] Soft resetting joint 3...
[21:13:04.629] [ARM-RX] robot_update_current_angle 3...
[21:13:04.629] [ARM-RX] [3] current:0.00, target:0.00, dir:-1
[21:13:04.754] [ARM-RX] Soft resetting joint 1...
[21:13:04.754] [ARM-RX] robot_update_current_angle 1...
[21:13:04.754] [ARM-RX] [1] current:98.02, target:90.00, dir:-1
[21:13:06.187] [ARM-RX] soft reset joint 1 settle timeout, keep going
[21:13:06.187] [ARM-RX] Soft resetting joint 2...
[21:13:06.187] [ARM-RX] robot_update_current_angle 2...
[21:13:06.187] [ARM-RX] [2] current:-66.53, target:-90.00, dir:-1
[21:13:07.991] [ARM-RX] soft reset joint 2 settle timeout, keep going
[21:13:07.991] [ARM-RX] Soft resetting joint 0...
[21:13:07.992] [ARM-RX] robot_update_current_angle 0...
[21:13:07.992] [ARM-RX] [0] current:90.00, target:90.00, dir:-1
[21:13:08.115] [ARM-RX] soft reset verify not pass, start refine loop...
[21:13:08.243] [ARM-RX] soft reset refine joint 2 round 1: cur=-88.43 target=-90.00 err=1.57 dir=-1
[21:13:08.740] [ARM-RX] soft reset refine pass 1 success.
[21:13:08.740] [ARM-RX] soft reset final verify PASS (issues:2), pose set HOME.
[21:13:21.004] [ARM-TX] 发送命令 read_all: read_all
[21:13:21.057] [ARM-RX] Found handler for 'read_all', executing...
[21:13:21.057] [ARM-RX] ROBOT_READ_ALL_EVENT
[21:13:21.058] [ARM-RX] read_all ret=0 elapsed=2 ms missing=0x00
[21:13:21.058] [ARM-RX] J1 angle=90.00
[21:13:21.058] [ARM-RX] J2 angle=90.00
[21:13:21.058] [ARM-RX] J3 angle=269.93
[21:13:21.058] [ARM-RX] J4 angle=0.00
[21:13:21.058] [ARM-RX] J5 angle=90.00
[21:13:23.341] [ARM-TX] 发送命令 auto 0 -70 -15: auto 0 -70 -15
[21:13:23.379] [ARM-RX] Found handler for 'auto', executing...
[21:13:23.379] [ARM-RX] ROBOT_AUTO_EVENT
[21:13:23.380] [ARM-RX] [0] <0.00 0.00 0.00> result: 90.00 90.00 -90.00 0.00 90.00 0.00
[21:13:23.380] [ARM-RX] [1] <0.00 -0.00 -0.00> result: 90.00 90.00 -90.00 0.00 90.00 0.00
[21:13:23.380] [ARM-RX] [2] <0.00 -0.00 -0.00> result: 90.00 90.00 -90.00 0.00 90.00 0.00
[21:13:23.380] [ARM-RX] [
[21:13:23.402] [ARM-RX] 3] <0.00 -0.01 -0.00> result: 90.00 90.00 -90.00 0.00 90.00 0.00
[21:13:23.402] [ARM-RX] [4] <0.00 -0.01 -0.00> result: 90.00 90.01 -90.00 0.00 90.00 0.00
[21:13:23.403] [ARM-RX] [5] <0.00 -0.03 -0.01> result: 90.00 90.01 -89.99 0.00 90.01 0.00
[21:13:23.403] [ARM-RX] [6] <0.00 -0.04 -0.01> result: 90.00 90.02 -89.99 0.00 9
[21:13:23.454] [ARM-RX] 0.01 0.00
[21:13:23.454] [ARM-RX] [7] <0.00 -0.07 -0.01> result: 90.00 90.04 -89.98 0.00 90.02 0.00
[21:13:23.455] [ARM-RX] [8] <0.00 -0.10 -0.02> result: 90.00 90.05 -89.97 0.00 90.03 0.00
[21:13:23.455] [ARM-RX] [9] <0.00 -0.14 -0.03> result: 90.00 90.07 -89.96 0.00 90.03 0.00
[21:13:23.455] [ARM-RX] [10] <0.00 -0.18 -0.04> result: 90.00 90.10
[21:13:23.455] [ARM-RX] -89.95 0.00 90.05 0.00
[21:13:23.455] [ARM-RX] [11] <0.00 -0.24 -0.05> result: 90.00 90.13 -89.94 0.00 90.06 0.00
[21:13:23.456] [ARM-RX] [12] <0.00 -0.31 -0.07> result: 90.00 90.16 -89.92 0.00 90.08 0.00
[21:13:23.456] [ARM-RX] [13] <0.00 -0.39 -0.08> result: 90.00 90.20 -89.90 0.00 90.10 0.00
[21:13:23.456] [ARM-RX] [14] <0.00 -0.48 -0.10> resu
[21:13:23.471] [ARM-RX] lt: 90.00 90.25 -89.87 0.00 90.12 0.00
[21:13:23.472] [ARM-RX] [15] <0.00 -0.59 -0.13> result: 90.00 90.31 -89.84 0.00 90.15 0.00
[21:13:23.472] [ARM-RX] [16] <0.00 -0.71 -0.15> result: 90.00 90.37 -89.81 0.00 90.18 0.00
[21:13:23.472] [ARM-RX] [17] <0.00 -0.84 -0.18> result: 90.00 90.44 -89.78 0.00 90.21 0.00
[21:13:23.472] [ARM-RX] [18] <0.00 -
[21:13:23.494] [ARM-RX] 0.99 -0.21> result: 90.00 90.51 -89.73 0.00 90.25 0.00
[21:13:23.494] [ARM-RX] [19] <0.00 -1.16 -0.25> result: 90.00 90.60 -89.69 0.00 90.29 0.00
[21:13:23.495] [ARM-RX] [20] <0.00 -1.34 -0.29> result: 90.00 90.69 -89.64 0.00 90.33 0.00
[21:13:23.495] [ARM-RX] [21] <0.00 -1.55 -0.33> result: 90.00 90.79 -89.59 0.00 90.38 0.
[21:13:23.517] [ARM-RX] 00
[21:13:23.517] [ARM-RX] [22] <0.00 -1.77 -0.38> result: 90.00 90.91 -89.53 0.00 90.43 0.00
[21:13:23.517] [ARM-RX] [23] <0.00 -2.01 -0.43> result: 90.00 91.03 -89.46 0.00 90.49 0.00
[21:13:23.517] [ARM-RX] [24] <0.00 -2.27 -0.49> result: 90.00 91.16 -89.39 0.00 90.55 0.00
[21:13:23.517] [ARM-RX] [25] <0.00 -2.56 -0.55> result: 90.00 91.30 -89.
[21:13:23.551] [ARM-RX] 31 0.00 90.61 0.00
[21:13:23.552] [ARM-RX] [26] <0.00 -2.86 -0.61> result: 90.00 91.45 -89.23 0.00 90.68 0.00
[21:13:23.553] [ARM-RX] [27] <0.00 -3.19 -0.68> result: 90.00 91.60 -89.14 0.00 90.75 0.00
[21:13:23.553] [ARM-RX] [28] <0.00 -3.54 -0.76> result: 90.00 91.77 -89.05 0.00 90.82 0.00
[21:13:23.553] [ARM-RX] [29] <0.00 -3.91 -0.84> result:
[21:13:23.591] [ARM-RX] 90.00 91.95 -88.95 0.00 90.90 0.00
[21:13:23.591] [ARM-RX] [30] <0.00 -4.31 -0.92> result: 90.00 92.14 -88.84 0.00 90.98 0.00
[21:13:23.591] [ARM-RX] [31] <0.00 -4.73 -1.01> result: 90.00 92.34 -88.72 0.00 91.06 0.00
[21:13:23.591] [ARM-RX] [32] <0.00 -5.18 -1.11> result: 90.00 92.54 -88.60 0.00 91.14 0.00
[21:13:23.591] [ARM-RX] [33] <0.00 -5.65
[21:13:23.598] [ARM-RX] -1.21> result: 90.00 92.76 -88.47 0.00 91.23 0.00
[21:13:23.598] [ARM-RX] [34] <0.00 -6.15 -1.32> result: 90.00 92.98 -88.33 0.00 91.32 0.00
[21:13:23.598] [ARM-RX] [35] <0.00 -6.68 -1.43> result: 90.00 93.22 -88.19 0.00 91.41 0.00
[21:13:23.598] [ARM-RX] [36] <0.00 -7.23 -1.55> result: 90.00 93.46 -88.04 0.00 91.50 0.00
[21:13:23.620] [ARM-RX] [37] <0.00 -7.81 -1.67> result: 90.00 93.72 -87.88 0.00 91.59 0.00
[21:13:23.620] [ARM-RX] [38] <0.00 -8.42 -1.80> result: 90.00 93.98 -87.71 0.00 91.69 0.00
[21:13:23.621] [ARM-RX] [39] <0.00 -9.05 -1.94> result: 90.00 94.25 -87.53 0.00 91.78 0.00
[21:13:23.621] [ARM-RX] [40] <0.00 -9.72 -2.08> result: 90.00 94.52 -87.35 0
[21:13:23.686] [ARM-RX] .00 91.87 0.00
[21:13:23.689] [ARM-RX] [41] <0.00 -10.41 -2.23> result: 90.00 94.81 -87.16 0.00 91.97 0.00
[21:13:23.689] [ARM-RX] robot_auto_move_interpolation robot kinematics inverse failed
[21:13:30.363] [ARM-TX] 发送命令 soft_reset: soft_reset
[21:13:30.511] [ARM-RX] Found handler for 'soft_reset', executing...
[21:13:30.511] [ARM-RX] ROBOT_SOFT_RESET_EVENT
[21:13:30.513] [ARM-RX] --- Starting soft reset ---
[21:13:30.699] [ARM-RX] Soft reset motors enabled (J1~J5, J6 skipped).
[21:13:30.699] [ARM-RX] Soft resetting joint 4...
[21:13:30.699] [ARM-RX] robot_update_current_angle 4...
[21:13:30.699] [ARM-RX] [4] current:90.00, target:90.00, dir:-1
[21:13:30.822] [ARM-RX] Soft resetting joint 3...
[21:13:30.882] [ARM-RX] robot_update_current_angle 3...
[21:13:30.882] [ARM-RX] [3] current:0.00, target:0.00, dir:-1
[21:13:31.006] [ARM-RX] Soft resetting joint 1...
[21:13:31.006] [ARM-RX] robot_update_current_angle 1...
[21:13:31.006] [ARM-RX] [1] current:90.00, target:90.00, dir:1
[21:13:31.129] [ARM-RX] Soft resetting joint 2...
[21:13:31.192] [ARM-RX] robot_update_current_angle 2...
[21:13:31.192] [ARM-RX] [2] current:-90.07, target:-90.00, dir:1
[21:13:31.318] [ARM-RX] Soft resetting joint 0...
[21:13:31.318] [ARM-RX] robot_update_current_angle 0...
[21:13:31.318] [ARM-RX] [0] current:90.00, target:90.00, dir:-1
[21:13:31.564] [ARM-RX] soft reset final verify PASS (issues:0), pose set HOME.
[21:13:38.495] [ARM-TX] 发送命令 auto 45 -70 0: auto 45 -70 0
[21:13:38.559] [ARM-RX] Found handler for 'auto', executing...
[21:13:38.559] [ARM-RX] ROBOT_AUTO_EVENT
[21:13:38.559] [ARM-RX] [0] <0.00 0.00 0.00> result: 90.00 90.00 -90.00 0.00 90.00 0.00
[21:13:38.559] [ARM-RX] [1] <0.00 -0.00 0.00> result: 90.00 90.00 -90.00 -0.00 90.00 0.00
[21:13:38.559] [ARM-RX] [2] <0.00 -0.00 0.00> result: 90.00 90.00 -90.00 -0.00 90.00 0.00
[21:13:38.559] [ARM-RX] [
[21:13:38.607] [ARM-RX] 3] <0.00 -0.01 0.00> result: 90.00 90.00 -90.00 -0.00 90.00 0.00
[21:13:38.607] [ARM-RX] [4] <0.01 -0.01 0.00> result: 90.01 90.00 -90.00 -0.01 90.00 0.00
[21:13:38.607] [ARM-RX] [5] <0.01 -0.02 0.00> result: 90.02 90.01 -89.99 -0.02 90.00 0.00
[21:13:38.607] [ARM-RX] [6] <0.02 -0.03 0.00> result: 90.03 90.01 -89.99 -0.03 9
[21:13:38.610] [ARM-RX] 0.00 0.00
[21:13:38.610] [ARM-RX] [7] <0.03 -0.05 0.00> result: 90.04 90.02 -89.98 -0.04 90.00 0.00
[21:13:38.610] [ARM-RX] [8] <0.05 -0.08 0.00> result: 90.06 90.02 -89.98 -0.06 90.00 0.00
[21:13:38.610] [ARM-RX] [9] <0.07 -0.11 0.00> result: 90.08 90.03 -89.97 -0.08 90.00 0.00
[21:13:38.610] [ARM-RX] [10] <0.09 -0.15 0.00> result: 90.11 90.04 -
[21:13:38.627] [ARM-RX] 89.96 -0.11 90.00 0.00
[21:13:38.628] [ARM-RX] [11] <0.12 -0.19 0.00> result: 90.15 90.06 -89.94 -0.15 90.00 0.00
[21:13:38.628] [ARM-RX] [12] <0.16 -0.25 0.00> result: 90.19 90.07 -89.93 -0.19 90.00 0.00
[21:13:38.628] [ARM-RX] [13] <0.20 -0.31 0.00> result: 90.24 90.09 -89.91 -0.24 90.00 0.00
[21:13:38.629] [ARM-RX] [14] <0.25 -0.38 0.00> resul
[21:13:38.650] [ARM-RX] t: 90.29 90.11 -89.89 -0.29 90.00 0.00
[21:13:38.650] [ARM-RX] [15] <0.30 -0.47 0.00> result: 90.36 90.13 -89.87 -0.36 90.00 0.00
[21:13:38.652] [ARM-RX] [16] <0.36 -0.56 0.00> result: 90.43 90.16 -89.84 -0.43 90.00 0.00
[21:13:38.652] [ARM-RX] [17] <0.43 -0.67 0.00> result: 90.51 90.19 -89.81 -0.51 90.00 0.00
[21:13:38.652] [ARM-RX] [18] <0.51 -
[21:13:38.677] [ARM-RX] 0.79 0.00> result: 90.60 90.23 -89.77 -0.60 90.00 0.00
[21:13:38.677] [ARM-RX] [19] <0.60 -0.93 0.00> result: 90.70 90.26 -89.73 -0.70 90.00 0.00
[21:13:38.677] [ARM-RX] [20] <0.69 -1.08 0.00> result: 90.81 90.31 -89.69 -0.81 90.00 0.00
[21:13:38.677] [ARM-RX] [21] <0.80 -1.24 0.00> result: 90.93 90.35 -89.64 -0.93 90.00 0.
[21:13:38.699] [ARM-RX] 00
[21:13:38.699] [ARM-RX] [22] <0.91 -1.42 0.00> result: 91.06 90.40 -89.59 -1.06 89.99 0.00
[21:13:38.699] [ARM-RX] [23] <1.04 -1.61 0.00> result: 91.21 90.46 -89.53 -1.21 89.99 0.00
[21:13:38.699] [ARM-RX] [24] <1.17 -1.82 0.00> result: 91.36 90.52 -89.47 -1.36 89.99 0.00
[21:13:38.700] [ARM-RX] [25] <1.32 -2.05 0.00> result: 91.52 90.58 -89.4
[21:13:38.746] [ARM-RX] 1 -1.52 89.99 0.00
[21:13:38.747] [ARM-RX] [26] <1.48 -2.30 0.00> result: 91.69 90.65 -89.33 -1.69 89.98 0.00
[21:13:38.747] [ARM-RX] [27] <1.65 -2.56 0.00> result: 91.88 90.72 -89.26 -1.88 89.98 0.00
[21:13:38.747] [ARM-RX] [28] <1.83 -2.84 0.00> result: 92.07 90.80 -89.17 -2.07 89.98 0.00
[21:13:38.747] [ARM-RX] [29] <2.02 -3.14 0.00> result: 9
[21:13:38.753] [ARM-RX] 2.28 90.89 -89.09 -2.28 89.97 0.00
[21:13:38.754] [ARM-RX] [30] <2.23 -3.46 0.00> result: 92.50 90.97 -88.99 -2.50 89.97 0.00
[21:13:38.754] [ARM-RX] [31] <2.45 -3.80 0.00> result: 92.72 91.07 -88.89 -2.72 89.96 0.00
[21:13:38.754] [ARM-RX] [32] <2.68 -4.17 0.00> result: 92.96 91.17 -88.78 -2.96 89.95 0.00
[21:13:38.754] [ARM-RX] [33] <2.92 -4.55
[21:13:38.781] [ARM-RX] 0.00> result: 93.21 91.27 -88.67 -3.21 89.94 0.00
[21:13:38.782] [ARM-RX] [34] <3.18 -4.95 0.00> result: 93.47 91.38 -88.55 -3.47 89.93 0.00
[21:13:38.782] [ARM-RX] [35] <3.46 -5.38 0.00> result: 93.73 91.50 -88.42 -3.73 89.92 0.00
[21:13:38.782] [ARM-RX] [36] <3.75 -5.83 0.00> result: 94.01 91.62 -88.29 -4.01 89.90 0.00
[21:13:38.800] [ARM-RX] [37] <4.05 -6.30 0.00> result: 94.29 91.75 -88.14 -4.29 89.89 0.00
[21:13:38.800] [ARM-RX] [38] <4.37 -6.79 0.00> result: 94.59 91.88 -87.99 -4.59 89.87 0.00
[21:13:38.800] [ARM-RX] [39] <4.70 -7.31 0.00> result: 94.89 92.02 -87.84 -4.89 89.85 0.00
[21:13:38.802] [ARM-RX] [40] <5.05 -7.85 0.00> result: 95.20 92.16 -87.67 -5
[21:13:38.825] [ARM-RX] .20 89.83 0.00
[21:13:38.825] [ARM-RX] [41] <5.41 -8.41 0.00> result: 95.51 92.31 -87.50 -5.51 89.81 0.00
[21:13:38.825] [ARM-RX] [42] <5.79 -9.00 0.00> result: 95.83 92.46 -87.32 -5.83 89.78 0.00
[21:13:38.825] [ARM-RX] [43] <6.18 -9.61 0.00> result: 96.16 92.62 -87.13 -6.16 89.75 0.00
[21:13:38.826] [ARM-RX] [44] <6.59 -10.25 0.00> result: 96.5
[21:13:38.846] [ARM-RX] 0 92.79 -86.93 -6.50 89.72 0.00
[21:13:38.847] [ARM-RX] [45] <7.02 -10.91 0.00> result: 96.83 92.96 -86.73 -6.83 89.69 0.00
[21:13:38.847] [ARM-RX] [46] <7.46 -11.60 0.00> result: 97.18 93.13 -86.51 -7.18 89.65 0.00
[21:13:38.847] [ARM-RX] [47] <7.91 -12.31 0.00> result: 97.52 93.31 -86.29 -7.52 89.61 0.00
[21:13:38.847] [ARM-RX] [48] <8.39 -13.0
[21:13:38.869] [ARM-RX] 5 0.00> result: 97.87 93.50 -86.06 -7.87 89.56 0.00
[21:13:38.869] [ARM-RX] [49] <8.88 -13.81 0.00> result: 98.22 93.69 -85.82 -8.22 89.51 0.00
[21:13:38.870] [ARM-RX] [50] <9.38 -14.59 0.00> result: 98.57 93.88 -85.57 -8.57 89.46 0.00
[21:13:38.870] [ARM-RX] [51] <9.90 -15.40 0.00> result: 98.93 94.09 -85.31 -8.93 89.41 0.
[21:13:38.892] [ARM-RX] 00
[21:13:38.893] [ARM-RX] [52] <10.44 -16.24 0.00> result: 99.28 94.29 -85.05 -9.28 89.35 0.00
[21:13:38.893] [ARM-RX] [53] <11.00 -17.10 0.00> result: 99.64 94.50 -84.77 -9.64 89.29 0.00
[21:13:38.893] [ARM-RX] [54] <11.57 -17.99 0.00> result: 100.00 94.72 -84.49 -10.00 89.22 0.00
[21:13:38.893] [ARM-RX] [55] <12.15 -18.90 0.00> result: 100.35
[21:13:38.927] [ARM-RX] 94.94 -84.19 -10.35 89.15 0.00
[21:13:38.927] [ARM-RX] [56] <12.75 -19.84 0.00> result: 100.71 95.16 -83.89 -10.71 89.07 0.00
[21:13:38.927] [ARM-RX] [57] <13.37 -20.80 0.00> result: 101.06 95.39 -83.58 -11.06 88.99 0.00
[21:13:38.928] [ARM-RX] [58] <14.01 -21.79 0.00> result: 101.41 95.63 -83.26 -11.41 88.91 0.00
[21:13:38.928] [ARM-RX] [59] <14
[21:13:38.950] [ARM-RX] .66 -22.80 0.00> result: 101.76 95.86 -82.93 -11.76 88.82 0.00
[21:13:38.950] [ARM-RX] [60] <15.33 -23.84 0.00> result: 102.10 96.10 -82.59 -12.11 88.72 0.00
[21:13:38.950] [ARM-RX] [61] <16.01 -24.90 0.00> result: 102.45 96.35 -82.24 -12.45 88.62 0.00
[21:13:38.950] [ARM-RX] [62] <16.71 -25.99 0.00> result: 102.79 96.60 -8
[21:13:38.973] [ARM-RX] 1.88 -12.79 88.52 0.00
[21:13:38.973] [ARM-RX] [63] <17.42 -27.09 0.00> result: 103.12 96.85 -81.52 -13.13 88.41 0.00
[21:13:38.973] [ARM-RX] [64] <18.15 -28.23 0.00> result: 103.45 97.11 -81.14 -13.46 88.30 0.00
[21:13:38.974] [ARM-RX] [65] <18.89 -29.38 0.00> result: 103.78 97.37 -80.76 -13.79 88.18 0.00
[21:13:38.974] [ARM-RX] [66] <19.65 -30.
[21:13:38.996] [ARM-RX] 56 0.00> result: 104.10 97.64 -80.36 -14.11 88.06 0.00
[21:13:38.996] [ARM-RX] [67] <20.42 -31.77 0.00> result: 104.42 97.91 -79.96 -14.43 87.93 0.00
[21:13:38.996] [ARM-RX] [68] <21.21 -32.99 0.00> result: 104.74 98.18 -79.55 -14.75 87.80 0.00
[21:13:38.997] [ARM-RX] [69] <22.01 -34.24 0.00> result: 105.05 98.45 -79.13 -15
[21:13:39.021] [ARM-RX] .06 87.67 0.00
[21:13:39.021] [ARM-RX] [70] <22.82 -35.50 0.00> result: 105.35 98.73 -78.70 -15.37 87.52 0.00
[21:13:39.023] [ARM-RX] [71] <23.65 -36.79 0.00> result: 105.65 99.01 -78.26 -15.67 87.38 0.00
[21:13:39.023] [ARM-RX] [72] <24.50 -38.10 0.00> result: 105.95 99.30 -77.82 -15.96 87.23 0.00
[21:13:39.023] [ARM-RX] [73] <25.35 -39.44 0.00>
[21:13:39.044] [ARM-RX] result: 106.23 99.59 -77.37 -16.26 87.07 0.00
[21:13:39.046] [ARM-RX] [74] <26.22 -40.79 0.00> result: 106.52 99.88 -76.90 -16.54 86.91 0.00
[21:13:39.046] [ARM-RX] [75] <27.10 -42.16 0.00> result: 106.80 100.17 -76.43 -16.82 86.75 0.00
[21:13:39.046] [ARM-RX] [76] <27.99 -43.55 0.00> result: 107.07 100.47 -75.96 -17.10 86
[21:13:39.064] [ARM-RX] .58 0.00
[21:13:39.064] [ARM-RX] [77] <28.90 -44.95 0.00> result: 107.34 100.77 -75.47 -17.37 86.41 0.00
[21:13:39.064] [ARM-RX] [78] <29.82 -46.38 0.00> result: 107.60 101.07 -74.98 -17.64 86.23 0.00
[21:13:39.064] [ARM-RX] [79] <30.74 -47.82 0.00> result: 107.85 101.37 -74.48 -17.90 86.05 0.00
[21:13:39.066] [ARM-RX] [80] <31.68 -49.28 0.00> re
[21:13:39.100] [ARM-RX] sult: 108.10 101.68 -73.97 -18.15 85.87 0.00
[21:13:39.100] [ARM-RX] [81] <32.63 -50.76 0.00> result: 108.35 101.99 -73.46 -18.40 85.68 0.00
[21:13:39.100] [ARM-RX] [82] <33.59 -52.25 0.00> result: 108.59 102.30 -72.94 -18.65 85.49 0.00
[21:13:39.100] [ARM-RX] [83] <34.56 -53.76 0.00> result: 108.82 102.61 -72.41 -18.89 85.
[21:13:39.122] [ARM-RX] 29 0.00
[21:13:39.123] [ARM-RX] [84] <35.54 -55.28 0.00> result: 109.05 102.93 -71.88 -19.12 85.09 0.00
[21:13:39.123] [ARM-RX] [85] <36.53 -56.82 0.00> result: 109.27 103.24 -71.34 -19.35 84.89 0.00
[21:13:39.123] [ARM-RX] [86] <37.52 -58.37 0.00> result: 109.49 103.56 -70.79 -19.58 84.68 0.00
[21:13:39.123] [ARM-RX] [87] <38.53 -59.93 0.00> res
[21:13:39.160] [ARM-RX] ult: 109.71 103.88 -70.24 -19.80 84.47 0.00
[21:13:39.160] [ARM-RX] [88] <39.54 -61.50 0.00> result: 109.91 104.21 -69.69 -20.02 84.26 0.00
[21:13:39.161] [ARM-RX] [89] <40.56 -63.09 0.00> result: 110.12 104.53 -69.12 -20.23 84.04 0.00
[21:13:39.161] [ARM-RX] [90] <41.58 -64.68 0.00> result: 110.32 104.86 -68.56 -20.44 83.8
[21:13:39.168] [ARM-RX] 2 0.00
[21:13:39.169] [ARM-RX] [91] <42.61 -66.29 0.00> result: 110.51 105.18 -67.98 -20.64 83.60 0.00
[21:13:39.169] [ARM-RX] [92] <43.65 -67.90 0.00> result: 110.70 105.51 -67.41 -20.84 83.37 0.00
[21:13:39.169] [ARM-RX] [93] <44.69 -69.52 0.00> result: 110.88 105.84 -66.82 -21.04 83.15 0.00
[21:13:39.169] [ARM-RX] [94] <45.00 -70.00 0.00> resu
[21:13:39.191] [ARM-RX] lt: 110.93 105.94 -66.65 -21.10 83.08 0.00
[21:13:39.192] [ARM-RX] [95] <45.00 -70.00 0.00> result: 110.93 105.94 -66.65 -21.10 83.08 0.00
[21:13:39.192] [ARM-RX] [96] <45.00 -70.00 0.00> result: 110.93 105.94 -66.65 -21.10 83.08 0.00
[21:13:39.192] [ARM-RX] [97] <45.00 -70.00 0.00> result: 110.93 105.94 -66.65 -21.10 83.08
[21:13:39.215] [ARM-RX] 0.00
[21:13:39.215] [ARM-RX] [98] <45.00 -70.00 0.00> result: 110.93 105.94 -66.65 -21.10 83.08 0.00
[21:13:39.215] [ARM-RX] [99] <45.00 -70.00 0.00> result: 110.93 105.94 -66.65 -21.10 83.08 0.00
[21:13:39.215] [ARM-RX] [100] <45.00 -70.00 0.00> result: 110.93 105.94 -66.65 -21.10 83.08 0.00
[21:13:39.215] [ARM-RX] [101] <45.00 -70.00 0.00> res
[21:13:39.237] [ARM-RX] ult: 110.93 105.94 -66.65 -21.10 83.08 0.00
[21:13:39.238] [ARM-RX] [102] <45.00 -70.00 0.00> result: 110.93 105.94 -66.65 -21.10 83.08 0.00
[21:13:39.238] [ARM-RX] [103] <45.00 -70.00 0.00> result: 110.93 105.94 -66.65 -21.10 83.08 0.00
[21:13:39.238] [ARM-RX] [104] <45.00 -70.00 0.00> result: 110.93 105.94 -66.65 -21.10 8
[21:13:39.260] [ARM-RX] 3.08 0.00
[21:13:39.261] [ARM-RX] [105] <45.00 -70.00 0.00> result: 110.93 105.94 -66.65 -21.10 83.08 0.00
[21:13:39.261] [ARM-RX] [106] <45.00 -70.00 0.00> result: 110.93 105.94 -66.65 -21.10 83.08 0.00
[21:13:39.261] [ARM-RX] [107] <45.00 -70.00 0.00> result: 110.93 105.94 -66.65 -21.10 83.08 0.00
[21:13:39.261] [ARM-RX] [108] <45.00 -70.00 0.0
[21:13:39.296] [ARM-RX] 0> result: 110.93 105.94 -66.65 -21.10 83.08 0.00
[21:13:39.296] [ARM-RX] [109] <45.00 -70.00 0.00> result: 110.93 105.94 -66.65 -21.10 83.08 0.00
[21:13:39.296] [ARM-RX] [110] <45.00 -70.00 0.00> result: 110.93 105.94 -66.65 -21.10 83.08 0.00
[21:13:39.297] [ARM-RX] [111] <45.00 -70.00 0.00> result: 110.93 105.94 -66.65 -2
[21:13:39.320] [ARM-RX] 1.10 83.08 0.00
[21:13:39.321] [ARM-RX] [112] <45.00 -70.00 0.00> result: 110.93 105.94 -66.65 -21.10 83.08 0.00
[21:13:39.321] [ARM-RX] [113] <45.00 -70.00 0.00> result: 110.93 105.94 -66.65 -21.10 83.08 0.00
[21:13:39.321] [ARM-RX] [114] <45.00 -70.00 0.00> result: 110.93 105.94 -66.65 -21.10 83.08 0.00
[21:13:39.321] [ARM-RX] [115] <45.00 -70.
[21:13:39.341] [ARM-RX] 00 0.00> result: 110.93 105.94 -66.65 -21.10 83.08 0.00
[21:13:39.341] [ARM-RX] [116] <45.00 -70.00 0.00> result: 110.93 105.94 -66.65 -21.10 83.08 0.00
[21:13:39.341] [ARM-RX] [117] <45.00 -70.00 0.00> result: 110.93 105.94 -66.65 -21.10 83.08 0.00
[21:13:39.343] [ARM-RX] [118] <45.00 -70.00 0.00> result: 110.93 105.94 -66
[21:13:39.367] [ARM-RX] .65 -21.10 83.08 0.00
[21:13:39.367] [ARM-RX] [119] <45.00 -70.00 0.00> result: 110.93 105.94 -66.65 -21.10 83.08 0.00
[21:13:39.367] [ARM-RX] [120] <45.00 -70.00 0.00> result: 110.93 105.94 -66.65 -21.10 83.08 0.00
[21:13:39.367] [ARM-RX] [121] <45.00 -70.00 0.00> result: 110.93 105.94 -66.65 -21.10 83.08 0.00
[21:13:39.368] [ARM-RX] [122] <45.0
[21:13:39.388] [ARM-RX] 0 -70.00 0.00> result: 110.93 105.94 -66.65 -21.10 83.08 0.00
[21:13:39.388] [ARM-RX] [123] <45.00 -70.00 0.00> result: 110.93 105.94 -66.65 -21.10 83.08 0.00
[21:13:39.388] [ARM-RX] [124] <45.00 -70.00 0.00> result: 110.93 105.94 -66.65 -21.10 83.08 0.00
[21:13:39.388] [ARM-RX] [125] <45.00 -70.00 0.00> result: 110.93 105.
[21:13:39.411] [ARM-RX] 94 -66.65 -21.10 83.08 0.00
[21:13:39.411] [ARM-RX] [126] <45.00 -70.00 0.00> result: 110.93 105.94 -66.65 -21.10 83.08 0.00
[21:13:39.411] [ARM-RX] [127] <45.00 -70.00 0.00> result: 110.93 105.94 -66.65 -21.10 83.08 0.00
[21:13:39.411] [ARM-RX] [128] <45.00 -70.00 0.00> result: 110.93 105.94 -66.65 -21.10 83.08 0.00
[21:13:39.411] [ARM-RX] [129]
[21:13:39.461] [ARM-RX] <45.00 -70.00 0.00> result: 110.93 105.94 -66.65 -21.10 83.08 0.00
[21:13:39.463] [ARM-RX] [130] <45.00 -70.00 0.00> result: 110.93 105.94 -66.65 -21.10 83.08 0.00
[21:13:39.463] [ARM-RX] [131] <45.00 -70.00 0.00> result: 110.93 105.94 -66.65 -21.10 83.08 0.00
[21:13:39.463] [ARM-RX] [132] <45.00 -70.00 0.00> result: 110.9
[21:13:39.469] [ARM-RX] 3 105.94 -66.65 -21.10 83.08 0.00
[21:13:39.469] [ARM-RX] [133] <45.00 -70.00 0.00> result: 110.93 105.94 -66.65 -21.10 83.08 0.00
[21:13:39.469] [ARM-RX] [134] <45.00 -70.00 0.00> result: 110.93 105.94 -66.65 -21.10 83.08 0.00
[21:13:39.469] [ARM-RX] [135] <45.00 -70.00 0.00> result: 110.93 105.94 -66.65 -21.10 83.08 0.00
[21:13:39.492] [ARM-RX] [136] <45.00 -70.00 0.00> result: 110.93 105.94 -66.65 -21.10 83.08 0.00
[21:13:39.492] [ARM-RX] [137] <45.00 -70.00 0.00> result: 110.93 105.94 -66.65 -21.10 83.08 0.00
[21:13:39.492] [ARM-RX] [138] <45.00 -70.00 0.00> result: 110.93 105.94 -66.65 -21.10 83.08 0.00
[21:13:39.492] [ARM-RX] [139] <45.00 -70.00 0.00> result:
[21:13:39.517] [ARM-RX] 110.93 105.94 -66.65 -21.10 83.08 0.00
[21:13:39.517] [ARM-RX] [140] <45.00 -70.00 0.00> result: 110.93 105.94 -66.65 -21.10 83.08 0.00
[21:13:39.517] [ARM-RX] [141] <45.00 -70.00 0.00> result: 110.93 105.94 -66.65 -21.10 83.08 0.00
[21:13:39.518] [ARM-RX] [142] <45.00 -70.00 0.00> result: 110.93 105.94 -66.65 -21.10 83.08
[21:13:39.538] [ARM-RX] 0.00
[21:13:39.539] [ARM-RX] [143] <45.00 -70.00 0.00> result: 110.93 105.94 -66.65 -21.10 83.08 0.00
[21:13:39.539] [ARM-RX] [144] <45.00 -70.00 0.00> result: 110.93 105.94 -66.65 -21.10 83.08 0.00
[21:13:39.539] [ARM-RX] [145] <45.00 -70.00 0.00> result: 110.93 105.94 -66.65 -21.10 83.08 0.00
[21:13:39.539] [ARM-RX] [146] <45.00 -70.00 0.00> r
[21:13:39.561] [ARM-RX] esult: 110.93 105.94 -66.65 -21.10 83.08 0.00
[21:13:39.561] [ARM-RX] [147] <45.00 -70.00 0.00> result: 110.93 105.94 -66.65 -21.10 83.08 0.00
[21:13:39.561] [ARM-RX] [148] <45.00 -70.00 0.00> result: 110.93 105.94 -66.65 -21.10 83.08 0.00
[21:13:39.561] [ARM-RX] [149] <45.00 -70.00 0.00> result: 110.93 105.94 -66.65 -21.10
[21:13:39.609] [ARM-RX] 83.08 0.00
[21:13:39.609] [ARM-RX] [150] <45.00 -70.00 0.00> result: 110.93 105.94 -66.65 -21.10 83.08 0.00
[21:13:39.609] [ARM-RX] [151] <45.00 -70.00 0.00> result: 110.93 105.94 -66.65 -21.10 83.08 0.00
[21:13:39.609] [ARM-RX] [152] <45.00 -70.00 0.00> result: 110.93 105.94 -66.65 -21.10 83.08 0.00
[21:13:39.609] [ARM-RX] [153] <45.00 -70.00 0
[21:13:39.611] [ARM-RX] .00> result: 110.93 105.94 -66.65 -21.10 83.08 0.00
[21:13:39.611] [ARM-RX] [154] <45.00 -70.00 0.00> result: 110.93 105.94 -66.65 -21.10 83.08 0.00
[21:13:39.611] [ARM-RX] [155] <45.00 -70.00 0.00> result: 110.93 105.94 -66.65 -21.10 83.08 0.00
[21:13:39.611] [ARM-RX] [156] <45.00 -70.00 0.00> result: 110.93 105.94 -66.65
[21:13:39.630] [ARM-RX] -21.10 83.08 0.00
[21:13:39.630] [ARM-RX] [157] <45.00 -70.00 0.00> result: 110.93 105.94 -66.65 -21.10 83.08 0.00
[21:13:39.630] [ARM-RX] [158] <45.00 -70.00 0.00> result: 110.93 105.94 -66.65 -21.10 83.08 0.00
[21:13:39.630] [ARM-RX] [159] <45.00 -70.00 0.00> result: 110.93 105.94 -66.65 -21.10 83.08 0.00
[21:13:39.630] [ARM-RX] [160] <45.00 -7
[21:13:39.665] [ARM-RX] 0.00 0.00> result: 110.93 105.94 -66.65 -21.10 83.08 0.00
[21:13:39.665] [ARM-RX] [161] <45.00 -70.00 0.00> result: 110.93 105.94 -66.65 -21.10 83.08 0.00
[21:13:39.665] [ARM-RX] [162] <45.00 -70.00 0.00> result: 110.93 105.94 -66.65 -21.10 83.08 0.00
[21:13:39.665] [ARM-RX] [163] <45.00 -70.00 0.00> result: 110.93 105.94 -
[21:13:39.687] [ARM-RX] 66.65 -21.10 83.08 0.00
[21:13:39.688] [ARM-RX] [164] <45.00 -70.00 0.00> result: 110.93 105.94 -66.65 -21.10 83.08 0.00
[21:13:39.688] [ARM-RX] [165] <45.00 -70.00 0.00> result: 110.93 105.94 -66.65 -21.10 83.08 0.00
[21:13:39.688] [ARM-RX] [166] <45.00 -70.00 0.00> result: 110.93 105.94 -66.65 -21.10 83.08 0.00
[21:13:39.688] [ARM-RX] [167] <45
[21:13:39.710] [ARM-RX] .00 -70.00 0.00> result: 110.93 105.94 -66.65 -21.10 83.08 0.00
[21:13:39.711] [ARM-RX] [168] <45.00 -70.00 0.00> result: 110.93 105.94 -66.65 -21.10 83.08 0.00
[21:13:39.711] [ARM-RX] [169] <45.00 -70.00 0.00> result: 110.93 105.94 -66.65 -21.10 83.08 0.00
[21:13:39.711] [ARM-RX] [170] <45.00 -70.00 0.00> result: 110.93 10
[21:13:39.732] [ARM-RX] 5.94 -66.65 -21.10 83.08 0.00
[21:13:39.733] [ARM-RX] [171] <45.00 -70.00 0.00> result: 110.93 105.94 -66.65 -21.10 83.08 0.00
[21:13:39.733] [ARM-RX] [172] <45.00 -70.00 0.00> result: 110.93 105.94 -66.65 -21.10 83.08 0.00
[21:13:39.733] [ARM-RX] [173] <45.00 -70.00 0.00> result: 110.93 105.94 -66.65 -21.10 83.08 0.00
[21:13:39.733] [ARM-RX] [17
[21:13:39.769] [ARM-RX] 4] <45.00 -70.00 0.00> result: 110.93 105.94 -66.65 -21.10 83.08 0.00
[21:13:39.769] [ARM-RX] [175] <45.00 -70.00 0.00> result: 110.93 105.94 -66.65 -21.10 83.08 0.00
[21:13:39.769] [ARM-RX] [176] <45.00 -70.00 0.00> result: 110.93 105.94 -66.65 -21.10 83.08 0.00
[21:13:39.771] [ARM-RX] [177] <45.00 -70.00 0.00> result: 110
[21:13:39.779] [ARM-RX] .93 105.94 -66.65 -21.10 83.08 0.00
[21:13:39.779] [ARM-RX] [178] <45.00 -70.00 0.00> result: 110.93 105.94 -66.65 -21.10 83.08 0.00
[21:13:39.780] [ARM-RX] [179] <45.00 -70.00 0.00> result: 110.93 105.94 -66.65 -21.10 83.08 0.00
[21:13:39.780] [ARM-RX] [180] <45.00 -70.00 0.00> result: 110.93 105.94 -66.65 -21.10 83.08 0.0
[21:13:39.806] [ARM-RX] 0
[21:13:39.806] [ARM-RX] [181] <45.00 -70.00 0.00> result: 110.93 105.94 -66.65 -21.10 83.08 0.00
[21:13:39.806] [ARM-RX] [182] <45.00 -70.00 0.00> result: 110.93 105.94 -66.65 -21.10 83.08 0.00
[21:13:39.806] [ARM-RX] [183] <45.00 -70.00 0.00> result: 110.93 105.94 -66.65 -21.10 83.08 0.00
[21:13:39.806] [ARM-RX] [184] <45.00 -70.00 0.00> resul
[21:13:39.838] [ARM-RX] t: 110.93 105.94 -66.65 -21.10 83.08 0.00
[21:13:39.838] [ARM-RX] [185] <45.00 -70.00 0.00> result: 110.93 105.94 -66.65 -21.10 83.08 0.00
[21:13:39.838] [ARM-RX] [186] <45.00 -70.00 0.00> result: 110.93 105.94 -66.65 -21.10 83.08 0.00
[21:13:39.839] [ARM-RX] [187] <45.00 -70.00 0.00> result: 110.93 105.94 -66.65 -21.10 83.
[21:13:39.863] [ARM-RX] 08 0.00
[21:13:39.863] [ARM-RX] [188] <45.00 -70.00 0.00> result: 110.93 105.94 -66.65 -21.10 83.08 0.00
[21:13:39.863] [ARM-RX] [189] <45.00 -70.00 0.00> result: 110.93 105.94 -66.65 -21.10 83.08 0.00
[21:13:39.863] [ARM-RX] [190] <45.00 -70.00 0.00> result: 110.93 105.94 -66.65 -21.10 83.08 0.00
[21:13:39.863] [ARM-RX] [191] <45.00 -70.00 0.00>
[21:13:39.882] [ARM-RX] result: 110.93 105.94 -66.65 -21.10 83.08 0.00
[21:13:39.883] [ARM-RX] [192] <45.00 -70.00 0.00> result: 110.93 105.94 -66.65 -21.10 83.08 0.00
[21:13:39.884] [ARM-RX] [193] <45.00 -70.00 0.00> result: 110.93 105.94 -66.65 -21.10 83.08 0.00
[21:13:39.884] [ARM-RX] [194] <45.00 -70.00 0.00> result: 110.93 105.94 -66.65 -21.
[21:13:39.917] [ARM-RX] 10 83.08 0.00
[21:13:39.918] [ARM-RX] [195] <45.00 -70.00 0.00> result: 110.93 105.94 -66.65 -21.10 83.08 0.00
[21:13:39.918] [ARM-RX] [196] <45.00 -70.00 0.00> result: 110.93 105.94 -66.65 -21.10 83.08 0.00
[21:13:39.918] [ARM-RX] [197] <45.00 -70.00 0.00> result: 110.93 105.94 -66.65 -21.10 83.08 0.00
[21:13:39.918] [ARM-RX] [198] <45.00 -70.00
[21:13:39.928] [ARM-RX] 0.00> result: 110.93 105.94 -66.65 -21.10 83.08 0.00
[21:13:39.929] [ARM-RX] [199] <45.00 -70.00 0.00> result: 110.93 105.94 -66.65 -21.10 83.08 0.00
[21:13:39.929] [ARM-RX] [200] <45.00 -70.00 0.00> result: 110.93 105.94 -66.65 -21.10 83.08 0.00
[21:13:39.930] [ARM-RX] [201] <45.00 -70.00 0.00> result: 110.93 105.94 -66.6
[21:13:39.951] [ARM-RX] 5 -21.10 83.08 0.00
[21:13:39.951] [ARM-RX] [202] <45.00 -70.00 0.00> result: 110.93 105.94 -66.65 -21.10 83.08 0.00
[21:13:39.952] [ARM-RX] [203] <45.00 -70.00 0.00> result: 110.93 105.94 -66.65 -21.10 83.08 0.00
[21:13:39.952] [ARM-RX] [204] <45.00 -70.00 0.00> result: 110.93 105.94 -66.65 -21.10 83.08 0.00
[21:13:39.952] [ARM-RX] [205] <45.00
[21:13:40.016] [ARM-RX] -70.00 0.00> result: 110.93 105.94 -66.65 -21.10 83.08 0.00
[21:13:40.016] [ARM-RX] [206] <45.00 -70.00 0.00> result: 110.93 105.94 -66.65 -21.10 83.08 0.00
[21:13:40.016] [ARM-RX] [207] <45.00 -70.00 0.00> result: 110.93 105.94 -66.65 -21.10 83.08 0.00
[21:13:42.188] [ARM-RX] [joint 1] ave_error:2.88
[21:13:42.189] [ARM-RX] [joint 2] ave_error:3.46
[21:13:42.189] [ARM-RX] [joint 3] ave_error:3.57
[21:13:42.189] [ARM-RX] [joint 4] ave_error:4.65
[21:13:42.189] [ARM-RX] [joint 5] ave_error:0.44
[21:13:42.189] [ARM-RX] robot pid run finished!!
[21:13:43.018] [ARM-RX] AUTO final confirm failed: joint 3 err=5.27deg tol=3.00, pose invalid.
[21:13:43.018] [ARM-RX] J1 cur=112.10 target=110.93 err=-1.17
[21:13:43.019] [ARM-RX] J2 cur=111.15 target=105.94 err=-5.21
[21:13:43.019] [ARM-RX] J3 cur=-64.60 target=-66.65 err=-2.06
[21:13:43.019] [ARM-RX] J4 cur=-26.37 target=-21.10 err=5.27
[21:13:43.019] [ARM-RX] J5 cur=82.98 target
[21:13:43.078] [ARM-RX] =83.08 err=0.10
[21:13:45.991] [ARM-TX] 发送命令 read_all: read_all
[21:13:46.057] [ARM-RX] Found handler for 'read_all', executing...
[21:13:46.057] [ARM-RX] ROBOT_READ_ALL_EVENT
[21:13:46.057] [ARM-RX] read_all ret=0 elapsed=2 ms missing=0x00
[21:13:46.057] [ARM-RX] J1 angle=112.10
[21:13:46.057] [ARM-RX] J2 angle=111.14
[21:13:46.058] [ARM-RX] J3 angle=295.40
[21:13:46.058] [ARM-RX] J4 angle=333.63
[21:13:46.058] [ARM-RX] J5 angle=82.98
[21:13:47.445] [ARM-TX] 发送命令 soft_reset: soft_reset
[21:13:47.485] [ARM-RX] Found handler for 'soft_reset', executing...
[21:13:47.487] [ARM-RX] ROBOT_SOFT_RESET_EVENT
[21:13:47.487] [ARM-RX] --- Starting soft reset ---
[21:13:47.734] [ARM-RX] Soft reset motors enabled (J1~J5, J6 skipped).
[21:13:47.734] [ARM-RX] Soft resetting joint 4...
[21:13:47.734] [ARM-RX] robot_update_current_angle 4...
[21:13:47.735] [ARM-RX] [4] current:82.98, target:90.00, dir:1
[21:13:48.602] [ARM-RX] Soft resetting joint 3...
[21:13:48.602] [ARM-RX] robot_update_current_angle 3...
[21:13:48.602] [ARM-RX] [3] current:-26.37, target:0.00, dir:1
[21:13:50.459] [ARM-RX] soft reset joint 3 settle timeout, keep going
[21:13:50.459] [ARM-RX] Soft resetting joint 1...
[21:13:50.460] [ARM-RX] robot_update_current_angle 1...
[21:13:50.460] [ARM-RX] [1] current:111.14, target:90.00, dir:-1
[21:13:52.136] [ARM-RX] soft reset joint 1 settle timeout, keep going
[21:13:52.136] [ARM-RX] Soft resetting joint 2...
[21:13:52.199] [ARM-RX] robot_update_current_angle 2...
[21:13:52.199] [ARM-RX] [2] current:-64.60, target:-90.00, dir:-1
[21:13:53.993] [ARM-RX] soft reset joint 2 settle timeout, keep going
[21:13:53.993] [ARM-RX] Soft resetting joint 0...
[21:13:53.993] [ARM-RX] robot_update_current_angle 0...
[21:13:53.995] [ARM-RX] [0] current:112.10, target:90.00, dir:-1
[21:13:55.789] [ARM-RX] soft reset joint 0 settle timeout, keep going
[21:13:55.789] [ARM-RX] soft reset verify not pass, start refine loop...
[21:13:55.852] [ARM-RX] soft reset refine joint 0 round 1: cur=92.19 target=90.00 err=2.19 dir=-1
[21:13:56.536] [ARM-RX] soft reset refine pass 1 success.
[21:13:56.536] [ARM-RX] soft reset final verify PASS (issues:4), pose set HOME.
[21:13:58.272] [ARM-TX] 发送命令 auto -45 -70 0: auto -45 -70 0
[21:13:58.339] [ARM-RX] Found handler for 'auto', executing...
[21:13:58.339] [ARM-RX] ROBOT_AUTO_EVENT
[21:13:58.339] [ARM-RX] [0] <0.00 0.00 0.00> result: 90.00 90.00 -90.00 0.00 90.00 0.00
[21:13:58.341] [ARM-RX] [1] <-0.00 -0.00 0.00> result: 90.00 90.00 -90.00 0.00 90.00 0.00
[21:13:58.341] [ARM-RX] [2] <-0.00 -0.00 0.00> result: 90.00 90.00 -90.00 0.00 90.00 0.00
[21:13:58.341] [ARM-RX] [
[21:13:58.365] [ARM-RX] 3] <-0.00 -0.01 0.00> result: 90.00 90.00 -90.00 0.00 90.00 0.00
[21:13:58.365] [ARM-RX] [4] <-0.01 -0.01 0.00> result: 89.99 90.00 -90.00 0.01 90.00 0.00
[21:13:58.365] [ARM-RX] [5] <-0.01 -0.02 0.00> result: 89.98 90.01 -89.99 0.02 90.00 0.00
[21:13:58.365] [ARM-RX] [6] <-0.02 -0.03 0.00> result: 89.97 90.01 -89.99 0.03 9
[21:13:58.384] [ARM-RX] 0.00 0.00
[21:13:58.385] [ARM-RX] [7] <-0.03 -0.05 0.00> result: 89.96 90.02 -89.98 0.04 90.00 0.00
[21:13:58.385] [ARM-RX] [8] <-0.05 -0.08 0.00> result: 89.94 90.02 -89.98 0.06 90.00 0.00
[21:13:58.385] [ARM-RX] [9] <-0.07 -0.11 0.00> result: 89.92 90.03 -89.97 0.08 90.00 0.00
[21:13:58.385] [ARM-RX] [10] <-0.09 -0.15 0.00> result: 89.89 90.04
[21:13:58.408] [ARM-RX] -89.96 0.11 90.00 0.00
[21:13:58.408] [ARM-RX] [11] <-0.12 -0.19 0.00> result: 89.85 90.06 -89.94 0.15 90.00 0.00
[21:13:58.408] [ARM-RX] [12] <-0.16 -0.25 0.00> result: 89.81 90.07 -89.93 0.19 90.00 0.00
[21:13:58.408] [ARM-RX] [13] <-0.20 -0.31 0.00> result: 89.76 90.09 -89.91 0.24 90.00 0.00
[21:13:58.410] [ARM-RX] [14] <-0.25 -0.38 0.00> resu
[21:13:58.430] [ARM-RX] lt: 89.71 90.11 -89.89 0.29 90.00 0.00
[21:13:58.431] [ARM-RX] [15] <-0.30 -0.47 0.00> result: 89.64 90.13 -89.87 0.36 90.00 0.00
[21:13:58.431] [ARM-RX] [16] <-0.36 -0.56 0.00> result: 89.57 90.16 -89.84 0.43 90.00 0.00
[21:13:58.431] [ARM-RX] [17] <-0.43 -0.67 0.00> result: 89.49 90.19 -89.81 0.51 90.00 0.00
[21:13:58.431] [ARM-RX] [18] <-0.51
[21:13:58.453] [ARM-RX] -0.79 0.00> result: 89.40 90.23 -89.77 0.60 90.00 0.00
[21:13:58.453] [ARM-RX] [19] <-0.60 -0.93 0.00> result: 89.30 90.26 -89.73 0.70 90.00 0.00
[21:13:58.454] [ARM-RX] [20] <-0.69 -1.08 0.00> result: 89.19 90.31 -89.69 0.81 90.00 0.00
[21:13:58.454] [ARM-RX] [21] <-0.80 -1.24 0.00> result: 89.07 90.35 -89.64 0.93 90.00 0.
[21:13:58.477] [ARM-RX] 00
[21:13:58.477] [ARM-RX] [22] <-0.91 -1.42 0.00> result: 88.94 90.40 -89.59 1.06 89.99 0.00
[21:13:58.477] [ARM-RX] [23] <-1.04 -1.61 0.00> result: 88.79 90.46 -89.53 1.21 89.99 0.00
[21:13:58.478] [ARM-RX] [24] <-1.17 -1.82 0.00> result: 88.64 90.52 -89.47 1.36 89.99 0.00
[21:13:58.478] [ARM-RX] [25] <-1.32 -2.05 0.00> result: 88.48 90.58 -89.
[21:13:58.513] [ARM-RX] 41 1.52 89.99 0.00
[21:13:58.513] [ARM-RX] [26] <-1.48 -2.30 0.00> result: 88.31 90.65 -89.33 1.69 89.98 0.00
[21:13:58.513] [ARM-RX] [27] <-1.65 -2.56 0.00> result: 88.12 90.72 -89.26 1.88 89.98 0.00
[21:13:58.513] [ARM-RX] [28] <-1.83 -2.84 0.00> result: 87.93 90.80 -89.17 2.07 89.98 0.00
[21:13:58.513] [ARM-RX] [29] <-2.02 -3.14 0.00> result:
[21:13:58.534] [ARM-RX] 87.72 90.89 -89.09 2.28 89.97 0.00
[21:13:58.534] [ARM-RX] [30] <-2.23 -3.46 0.00> result: 87.50 90.97 -88.99 2.50 89.97 0.00
[21:13:58.536] [ARM-RX] [31] <-2.45 -3.80 0.00> result: 87.28 91.07 -88.89 2.72 89.96 0.00
[21:13:58.536] [ARM-RX] [32] <-2.68 -4.17 0.00> result: 87.04 91.17 -88.78 2.96 89.95 0.00
[21:13:58.536] [ARM-RX] [33] <-2.92 -4.5
[21:13:58.562] [ARM-RX] 5 0.00> result: 86.79 91.27 -88.67 3.21 89.94 0.00
[21:13:58.562] [ARM-RX] [34] <-3.18 -4.95 0.00> result: 86.53 91.38 -88.55 3.47 89.93 0.00
[21:13:58.562] [ARM-RX] [35] <-3.46 -5.38 0.00> result: 86.27 91.50 -88.42 3.73 89.92 0.00
[21:13:58.562] [ARM-RX] [36] <-3.75 -5.83 0.00> result: 85.99 91.62 -88.29 4.01 89.90 0.00
[21:13:58.584] [ARM-RX] [37] <-4.05 -6.30 0.00> result: 85.71 91.75 -88.14 4.29 89.89 0.00
[21:13:58.585] [ARM-RX] [38] <-4.37 -6.79 0.00> result: 85.41 91.88 -87.99 4.59 89.87 0.00
[21:13:58.585] [ARM-RX] [39] <-4.70 -7.31 0.00> result: 85.11 92.02 -87.84 4.89 89.85 0.00
[21:13:58.585] [ARM-RX] [40] <-5.05 -7.85 0.00> result: 84.80 92.16 -87.67 5
[21:13:58.603] [ARM-RX] .20 89.83 0.00
[21:13:58.603] [ARM-RX] [41] <-5.41 -8.41 0.00> result: 84.49 92.31 -87.50 5.51 89.81 0.00
[21:13:58.605] [ARM-RX] [42] <-5.79 -9.00 0.00> result: 84.17 92.46 -87.32 5.83 89.78 0.00
[21:13:58.605] [ARM-RX] [43] <-6.18 -9.61 0.00> result: 83.84 92.62 -87.13 6.16 89.75 0.00
[21:13:58.605] [ARM-RX] [44] <-6.59 -10.25 0.00> result: 83.
[21:13:58.626] [ARM-RX] 50 92.79 -86.93 6.50 89.72 0.00
[21:13:58.627] [ARM-RX] [45] <-7.02 -10.91 0.00> result: 83.17 92.96 -86.73 6.83 89.69 0.00
[21:13:58.627] [ARM-RX] [46] <-7.46 -11.60 0.00> result: 82.82 93.13 -86.51 7.18 89.65 0.00
[21:13:58.627] [ARM-RX] [47] <-7.91 -12.31 0.00> result: 82.48 93.31 -86.29 7.52 89.61 0.00
[21:13:58.627] [ARM-RX] [48] <-8.39 -13.
[21:13:58.652] [ARM-RX] 05 0.00> result: 82.13 93.50 -86.06 7.87 89.56 0.00
[21:13:58.652] [ARM-RX] [49] <-8.88 -13.81 0.00> result: 81.78 93.69 -85.82 8.22 89.51 0.00
[21:13:58.652] [ARM-RX] [50] <-9.38 -14.59 0.00> result: 81.43 93.88 -85.57 8.57 89.46 0.00
[21:13:58.652] [ARM-RX] [51] <-9.90 -15.40 0.00> result: 81.07 94.09 -85.31 8.93 89.41 0.
[21:13:58.672] [ARM-RX] 00
[21:13:58.673] [ARM-RX] [52] <-10.44 -16.24 0.00> result: 80.72 94.29 -85.05 9.28 89.35 0.00
[21:13:58.673] [ARM-RX] [53] <-11.00 -17.10 0.00> result: 80.36 94.50 -84.77 9.64 89.29 0.00
[21:13:58.673] [ARM-RX] [54] <-11.57 -17.99 0.00> result: 80.00 94.72 -84.49 10.00 89.22 0.00
[21:13:58.673] [ARM-RX] [55] <-12.15 -18.90 0.00> result: 79.65 9
[21:13:58.708] [ARM-RX] 4.94 -84.19 10.35 89.15 0.00
[21:13:58.708] [ARM-RX] [56] <-12.75 -19.84 0.00> result: 79.29 95.16 -83.89 10.71 89.07 0.00
[21:13:58.709] [ARM-RX] [57] <-13.37 -20.80 0.00> result: 78.94 95.39 -83.58 11.06 88.99 0.00
[21:13:58.709] [ARM-RX] [58] <-14.01 -21.79 0.00> result: 78.59 95.63 -83.26 11.41 88.91 0.00
[21:13:58.709] [ARM-RX] [59] <-14.66
[21:13:58.731] [ARM-RX] -22.80 0.00> result: 78.24 95.86 -82.93 11.76 88.82 0.00
[21:13:58.731] [ARM-RX] [60] <-15.33 -23.84 0.00> result: 77.90 96.10 -82.59 12.11 88.72 0.00
[21:13:58.731] [ARM-RX] [61] <-16.01 -24.90 0.00> result: 77.55 96.35 -82.24 12.45 88.62 0.00
[21:13:58.731] [ARM-RX] [62] <-16.71 -25.99 0.00> result: 77.21 96.60 -81.88 12.
[21:13:58.753] [ARM-RX] 79 88.52 0.00
[21:13:58.754] [ARM-RX] [63] <-17.42 -27.09 0.00> result: 76.88 96.85 -81.52 13.13 88.41 0.00
[21:13:58.754] [ARM-RX] [64] <-18.15 -28.23 0.00> result: 76.55 97.11 -81.14 13.46 88.30 0.00
[21:13:58.755] [ARM-RX] [65] <-18.89 -29.38 0.00> result: 76.22 97.37 -80.76 13.79 88.18 0.00
[21:13:58.755] [ARM-RX] [66] <-19.65 -30.56 0.00> re
[21:13:58.777] [ARM-RX] sult: 75.90 97.64 -80.36 14.11 88.06 0.00
[21:13:58.777] [ARM-RX] [67] <-20.42 -31.77 0.00> result: 75.58 97.91 -79.96 14.43 87.93 0.00
[21:13:58.777] [ARM-RX] [68] <-21.21 -32.99 0.00> result: 75.26 98.18 -79.55 14.75 87.80 0.00
[21:13:58.778] [ARM-RX] [69] <-22.01 -34.24 0.00> result: 74.95 98.45 -79.13 15.06 87.67 0.00
[21:13:58.800] [ARM-RX] [70] <-22.82 -35.50 0.00> result: 74.65 98.73 -78.70 15.37 87.52 0.00
[21:13:58.800] [ARM-RX] [71] <-23.65 -36.79 0.00> result: 74.35 99.01 -78.26 15.67 87.38 0.00
[21:13:58.801] [ARM-RX] [72] <-24.50 -38.10 0.00> result: 74.05 99.30 -77.82 15.96 87.23 0.00
[21:13:58.801] [ARM-RX] [73] <-25.35 -39.44 0.00> result: 73.77 99.
[21:13:58.823] [ARM-RX] 59 -77.37 16.26 87.07 0.00
[21:13:58.824] [ARM-RX] [74] <-26.22 -40.79 0.00> result: 73.48 99.88 -76.90 16.54 86.91 0.00
[21:13:58.824] [ARM-RX] [75] <-27.10 -42.16 0.00> result: 73.20 100.17 -76.43 16.82 86.75 0.00
[21:13:58.824] [ARM-RX] [76] <-27.99 -43.55 0.00> result: 72.93 100.47 -75.96 17.10 86.58 0.00
[21:13:58.824] [ARM-RX] [77] <-28.90
[21:13:58.845] [ARM-RX] -44.95 0.00> result: 72.66 100.77 -75.47 17.37 86.41 0.00
[21:13:58.846] [ARM-RX] [78] <-29.82 -46.38 0.00> result: 72.40 101.07 -74.98 17.64 86.23 0.00
[21:13:58.846] [ARM-RX] [79] <-30.74 -47.82 0.00> result: 72.15 101.37 -74.48 17.90 86.05 0.00
[21:13:58.846] [ARM-RX] [80] <-31.68 -49.28 0.00> result: 71.90 101.68 -73.97
[21:13:58.880] [ARM-RX] 18.15 85.87 0.00
[21:13:58.880] [ARM-RX] [81] <-32.63 -50.76 0.00> result: 71.65 101.99 -73.46 18.40 85.68 0.00
[21:13:58.880] [ARM-RX] [82] <-33.59 -52.25 0.00> result: 71.41 102.30 -72.94 18.65 85.49 0.00
[21:13:58.880] [ARM-RX] [83] <-34.56 -53.76 0.00> result: 71.18 102.61 -72.41 18.89 85.29 0.00
[21:13:58.882] [ARM-RX] [84] <-35.54 -55.28 0
[21:13:58.904] [ARM-RX] .00> result: 70.95 102.93 -71.88 19.12 85.09 0.00
[21:13:58.904] [ARM-RX] [85] <-36.53 -56.82 0.00> result: 70.73 103.24 -71.34 19.35 84.89 0.00
[21:13:58.904] [ARM-RX] [86] <-37.52 -58.37 0.00> result: 70.51 103.56 -70.79 19.58 84.68 0.00
[21:13:58.905] [ARM-RX] [87] <-38.53 -59.93 0.00> result: 70.29 103.88 -70.24 19.80 8
[21:13:58.927] [ARM-RX] 4.47 0.00
[21:13:58.927] [ARM-RX] [88] <-39.54 -61.50 0.00> result: 70.09 104.21 -69.69 20.02 84.26 0.00
[21:13:58.928] [ARM-RX] [89] <-40.56 -63.09 0.00> result: 69.88 104.53 -69.12 20.23 84.04 0.00
[21:13:58.928] [ARM-RX] [90] <-41.58 -64.68 0.00> result: 69.68 104.86 -68.56 20.44 83.82 0.00
[21:13:58.928] [ARM-RX] [91] <-42.61 -66.29 0.00> res
[21:13:58.949] [ARM-RX] ult: 69.49 105.18 -67.98 20.64 83.60 0.00
[21:13:58.950] [ARM-RX] [92] <-43.65 -67.90 0.00> result: 69.30 105.51 -67.41 20.84 83.37 0.00
[21:13:58.951] [ARM-RX] [93] <-44.69 -69.52 0.00> result: 69.12 105.84 -66.82 21.04 83.15 0.00
[21:13:58.951] [ARM-RX] [94] <-45.00 -70.00 0.00> result: 69.07 105.94 -66.65 21.10 83.08 0.0
[21:13:58.974] [ARM-RX] 0
[21:13:58.974] [ARM-RX] [95] <-45.00 -70.00 0.00> result: 69.07 105.94 -66.65 21.10 83.08 0.00
[21:13:58.974] [ARM-RX] [96] <-45.00 -70.00 0.00> result: 69.07 105.94 -66.65 21.10 83.08 0.00
[21:13:58.974] [ARM-RX] [97] <-45.00 -70.00 0.00> result: 69.07 105.94 -66.65 21.10 83.08 0.00
[21:13:58.974] [ARM-RX] [98] <-45.00 -70.00 0.00> result: 69.
[21:13:58.996] [ARM-RX] 07 105.94 -66.65 21.10 83.08 0.00
[21:13:58.996] [ARM-RX] [99] <-45.00 -70.00 0.00> result: 69.07 105.94 -66.65 21.10 83.08 0.00
[21:13:58.996] [ARM-RX] [100] <-45.00 -70.00 0.00> result: 69.07 105.94 -66.65 21.10 83.08 0.00
[21:13:58.997] [ARM-RX] [101] <-45.00 -70.00 0.00> result: 69.07 105.94 -66.65 21.10 83.08 0.00
[21:13:58.997] [ARM-RX] [10
[21:13:59.019] [ARM-RX] 2] <-45.00 -70.00 0.00> result: 69.07 105.94 -66.65 21.10 83.08 0.00
[21:13:59.020] [ARM-RX] [103] <-45.00 -70.00 0.00> result: 69.07 105.94 -66.65 21.10 83.08 0.00
[21:13:59.020] [ARM-RX] [104] <-45.00 -70.00 0.00> result: 69.07 105.94 -66.65 21.10 83.08 0.00
[21:13:59.020] [ARM-RX] [105] <-45.00 -70.00 0.00> result: 69.07
[21:13:59.043] [ARM-RX] 105.94 -66.65 21.10 83.08 0.00
[21:13:59.044] [ARM-RX] [106] <-45.00 -70.00 0.00> result: 69.07 105.94 -66.65 21.10 83.08 0.00
[21:13:59.044] [ARM-RX] [107] <-45.00 -70.00 0.00> result: 69.07 105.94 -66.65 21.10 83.08 0.00
[21:13:59.044] [ARM-RX] [108] <-45.00 -70.00 0.00> result: 69.07 105.94 -66.65 21.10 83.08 0.00
[21:13:59.044] [ARM-RX] [109
[21:13:59.077] [ARM-RX] ] <-45.00 -70.00 0.00> result: 69.07 105.94 -66.65 21.10 83.08 0.00
[21:13:59.077] [ARM-RX] [110] <-45.00 -70.00 0.00> result: 69.07 105.94 -66.65 21.10 83.08 0.00
[21:13:59.078] [ARM-RX] [111] <-45.00 -70.00 0.00> result: 69.07 105.94 -66.65 21.10 83.08 0.00
[21:13:59.078] [ARM-RX] [112] <-45.00 -70.00 0.00> result: 69.07
[21:13:59.100] [ARM-RX] 105.94 -66.65 21.10 83.08 0.00
[21:13:59.100] [ARM-RX] [113] <-45.00 -70.00 0.00> result: 69.07 105.94 -66.65 21.10 83.08 0.00
[21:13:59.100] [ARM-RX] [114] <-45.00 -70.00 0.00> result: 69.07 105.94 -66.65 21.10 83.08 0.00
[21:13:59.100] [ARM-RX] [115] <-45.00 -70.00 0.00> result: 69.07 105.94 -66.65 21.10 83.08 0.00
[21:13:59.100] [ARM-RX] [116]
[21:13:59.127] [ARM-RX] <-45.00 -70.00 0.00> result: 69.07 105.94 -66.65 21.10 83.08 0.00
[21:13:59.128] [ARM-RX] [117] <-45.00 -70.00 0.00> result: 69.07 105.94 -66.65 21.10 83.08 0.00
[21:13:59.128] [ARM-RX] [118] <-45.00 -70.00 0.00> result: 69.07 105.94 -66.65 21.10 83.08 0.00
[21:13:59.128] [ARM-RX] [119] <-45.00 -70.00 0.00> result: 69.07 1
[21:13:59.146] [ARM-RX] 05.94 -66.65 21.10 83.08 0.00
[21:13:59.146] [ARM-RX] [120] <-45.00 -70.00 0.00> result: 69.07 105.94 -66.65 21.10 83.08 0.00
[21:13:59.146] [ARM-RX] [121] <-45.00 -70.00 0.00> result: 69.07 105.94 -66.65 21.10 83.08 0.00
[21:13:59.147] [ARM-RX] [122] <-45.00 -70.00 0.00> result: 69.07 105.94 -66.65 21.10 83.08 0.00
[21:13:59.147] [ARM-RX] [123]
[21:13:59.168] [ARM-RX] <-45.00 -70.00 0.00> result: 69.07 105.94 -66.65 21.10 83.08 0.00
[21:13:59.168] [ARM-RX] [124] <-45.00 -70.00 0.00> result: 69.07 105.94 -66.65 21.10 83.08 0.00
[21:13:59.168] [ARM-RX] [125] <-45.00 -70.00 0.00> result: 69.07 105.94 -66.65 21.10 83.08 0.00
[21:13:59.170] [ARM-RX] [126] <-45.00 -70.00 0.00> result: 69.07 10
[21:13:59.192] [ARM-RX] 5.94 -66.65 21.10 83.08 0.00
[21:13:59.192] [ARM-RX] [127] <-45.00 -70.00 0.00> result: 69.07 105.94 -66.65 21.10 83.08 0.00
[21:13:59.192] [ARM-RX] [128] <-45.00 -70.00 0.00> result: 69.07 105.94 -66.65 21.10 83.08 0.00
[21:13:59.192] [ARM-RX] [129] <-45.00 -70.00 0.00> result: 69.07 105.94 -66.65 21.10 83.08 0.00
[21:13:59.192] [ARM-RX] [130] <
[21:13:59.218] [ARM-RX] -45.00 -70.00 0.00> result: 69.07 105.94 -66.65 21.10 83.08 0.00
[21:13:59.218] [ARM-RX] [131] <-45.00 -70.00 0.00> result: 69.07 105.94 -66.65 21.10 83.08 0.00
[21:13:59.218] [ARM-RX] [132] <-45.00 -70.00 0.00> result: 69.07 105.94 -66.65 21.10 83.08 0.00
[21:13:59.218] [ARM-RX] [133] <-45.00 -70.00 0.00> result: 69.07 105
[21:13:59.249] [ARM-RX] .94 -66.65 21.10 83.08 0.00
[21:13:59.249] [ARM-RX] [134] <-45.00 -70.00 0.00> result: 69.07 105.94 -66.65 21.10 83.08 0.00
[21:13:59.249] [ARM-RX] [135] <-45.00 -70.00 0.00> result: 69.07 105.94 -66.65 21.10 83.08 0.00
[21:13:59.249] [ARM-RX] [136] <-45.00 -70.00 0.00> result: 69.07 105.94 -66.65 21.10 83.08 0.00
[21:13:59.250] [ARM-RX] [137] <-
[21:13:59.273] [ARM-RX] 45.00 -70.00 0.00> result: 69.07 105.94 -66.65 21.10 83.08 0.00
[21:13:59.274] [ARM-RX] [138] <-45.00 -70.00 0.00> result: 69.07 105.94 -66.65 21.10 83.08 0.00
[21:13:59.274] [ARM-RX] [139] <-45.00 -70.00 0.00> result: 69.07 105.94 -66.65 21.10 83.08 0.00
[21:13:59.274] [ARM-RX] [140] <-45.00 -70.00 0.00> result: 69.07 105.
[21:13:59.295] [ARM-RX] 94 -66.65 21.10 83.08 0.00
[21:13:59.295] [ARM-RX] [141] <-45.00 -70.00 0.00> result: 69.07 105.94 -66.65 21.10 83.08 0.00
[21:13:59.297] [ARM-RX] [142] <-45.00 -70.00 0.00> result: 69.07 105.94 -66.65 21.10 83.08 0.00
[21:13:59.297] [ARM-RX] [143] <-45.00 -70.00 0.00> result: 69.07 105.94 -66.65 21.10 83.08 0.00
[21:13:59.297] [ARM-RX] [144] <-4
[21:13:59.319] [ARM-RX] 5.00 -70.00 0.00> result: 69.07 105.94 -66.65 21.10 83.08 0.00
[21:13:59.319] [ARM-RX] [145] <-45.00 -70.00 0.00> result: 69.07 105.94 -66.65 21.10 83.08 0.00
[21:13:59.319] [ARM-RX] [146] <-45.00 -70.00 0.00> result: 69.07 105.94 -66.65 21.10 83.08 0.00
[21:13:59.320] [ARM-RX] [147] <-45.00 -70.00 0.00> result: 69.07 105.9
[21:13:59.342] [ARM-RX] 4 -66.65 21.10 83.08 0.00
[21:13:59.342] [ARM-RX] [148] <-45.00 -70.00 0.00> result: 69.07 105.94 -66.65 21.10 83.08 0.00
[21:13:59.342] [ARM-RX] [149] <-45.00 -70.00 0.00> result: 69.07 105.94 -66.65 21.10 83.08 0.00
[21:13:59.343] [ARM-RX] [150] <-45.00 -70.00 0.00> result: 69.07 105.94 -66.65 21.10 83.08 0.00
[21:13:59.343] [ARM-RX] [151] <-45
[21:13:59.364] [ARM-RX] .00 -70.00 0.00> result: 69.07 105.94 -66.65 21.10 83.08 0.00
[21:13:59.365] [ARM-RX] [152] <-45.00 -70.00 0.00> result: 69.07 105.94 -66.65 21.10 83.08 0.00
[21:13:59.365] [ARM-RX] [153] <-45.00 -70.00 0.00> result: 69.07 105.94 -66.65 21.10 83.08 0.00
[21:13:59.365] [ARM-RX] [154] <-45.00 -70.00 0.00> result: 69.07 105.94
[21:13:59.387] [ARM-RX] -66.65 21.10 83.08 0.00
[21:13:59.388] [ARM-RX] [155] <-45.00 -70.00 0.00> result: 69.07 105.94 -66.65 21.10 83.08 0.00
[21:13:59.388] [ARM-RX] [156] <-45.00 -70.00 0.00> result: 69.07 105.94 -66.65 21.10 83.08 0.00
[21:13:59.388] [ARM-RX] [157] <-45.00 -70.00 0.00> result: 69.07 105.94 -66.65 21.10 83.08 0.00
[21:13:59.388] [ARM-RX] [158] <-45.
[21:13:59.410] [ARM-RX] 00 -70.00 0.00> result: 69.07 105.94 -66.65 21.10 83.08 0.00
[21:13:59.411] [ARM-RX] [159] <-45.00 -70.00 0.00> result: 69.07 105.94 -66.65 21.10 83.08 0.00
[21:13:59.411] [ARM-RX] [160] <-45.00 -70.00 0.00> result: 69.07 105.94 -66.65 21.10 83.08 0.00
[21:13:59.411] [ARM-RX] [161] <-45.00 -70.00 0.00> result: 69.07 105.94
[21:13:59.444] [ARM-RX] -66.65 21.10 83.08 0.00
[21:13:59.445] [ARM-RX] [162] <-45.00 -70.00 0.00> result: 69.07 105.94 -66.65 21.10 83.08 0.00
[21:13:59.445] [ARM-RX] [163] <-45.00 -70.00 0.00> result: 69.07 105.94 -66.65 21.10 83.08 0.00
[21:13:59.445] [ARM-RX] [164] <-45.00 -70.00 0.00> result: 69.07 105.94 -66.65 21.10 83.08 0.00
[21:13:59.445] [ARM-RX] [165] <-45.0
[21:13:59.468] [ARM-RX] 0 -70.00 0.00> result: 69.07 105.94 -66.65 21.10 83.08 0.00
[21:13:59.468] [ARM-RX] [166] <-45.00 -70.00 0.00> result: 69.07 105.94 -66.65 21.10 83.08 0.00
[21:13:59.468] [ARM-RX] [167] <-45.00 -70.00 0.00> result: 69.07 105.94 -66.65 21.10 83.08 0.00
[21:13:59.468] [ARM-RX] [168] <-45.00 -70.00 0.00> result: 69.07 105.94 -
[21:13:59.491] [ARM-RX] 66.65 21.10 83.08 0.00
[21:13:59.492] [ARM-RX] [169] <-45.00 -70.00 0.00> result: 69.07 105.94 -66.65 21.10 83.08 0.00
[21:13:59.492] [ARM-RX] [170] <-45.00 -70.00 0.00> result: 69.07 105.94 -66.65 21.10 83.08 0.00
[21:13:59.492] [ARM-RX] [171] <-45.00 -70.00 0.00> result: 69.07 105.94 -66.65 21.10 83.08 0.00
[21:13:59.492] [ARM-RX] [172] <-45.00
[21:13:59.513] [ARM-RX] -70.00 0.00> result: 69.07 105.94 -66.65 21.10 83.08 0.00
[21:13:59.513] [ARM-RX] [173] <-45.00 -70.00 0.00> result: 69.07 105.94 -66.65 21.10 83.08 0.00
[21:13:59.513] [ARM-RX] [174] <-45.00 -70.00 0.00> result: 69.07 105.94 -66.65 21.10 83.08 0.00
[21:13:59.514] [ARM-RX] [175] <-45.00 -70.00 0.00> result: 69.07 105.94 -6
[21:13:59.538] [ARM-RX] 6.65 21.10 83.08 0.00
[21:13:59.538] [ARM-RX] [176] <-45.00 -70.00 0.00> result: 69.07 105.94 -66.65 21.10 83.08 0.00
[21:13:59.538] [ARM-RX] [177] <-45.00 -70.00 0.00> result: 69.07 105.94 -66.65 21.10 83.08 0.00
[21:13:59.539] [ARM-RX] [178] <-45.00 -70.00 0.00> result: 69.07 105.94 -66.65 21.10 83.08 0.00
[21:13:59.539] [ARM-RX] [179] <-45.00
[21:13:59.561] [ARM-RX] -70.00 0.00> result: 69.07 105.94 -66.65 21.10 83.08 0.00
[21:13:59.561] [ARM-RX] [180] <-45.00 -70.00 0.00> result: 69.07 105.94 -66.65 21.10 83.08 0.00
[21:13:59.561] [ARM-RX] [181] <-45.00 -70.00 0.00> result: 69.07 105.94 -66.65 21.10 83.08 0.00
[21:13:59.561] [ARM-RX] [182] <-45.00 -70.00 0.00> result: 69.07 105.94 -66
[21:13:59.587] [ARM-RX] .65 21.10 83.08 0.00
[21:13:59.588] [ARM-RX] [183] <-45.00 -70.00 0.00> result: 69.07 105.94 -66.65 21.10 83.08 0.00
[21:13:59.588] [ARM-RX] [184] <-45.00 -70.00 0.00> result: 69.07 105.94 -66.65 21.10 83.08 0.00
[21:13:59.588] [ARM-RX] [185] <-45.00 -70.00 0.00> result: 69.07 105.94 -66.65 21.10 83.08 0.00
[21:13:59.588] [ARM-RX] [186] <-45.00 -
[21:13:59.617] [ARM-RX] 70.00 0.00> result: 69.07 105.94 -66.65 21.10 83.08 0.00
[21:13:59.617] [ARM-RX] [187] <-45.00 -70.00 0.00> result: 69.07 105.94 -66.65 21.10 83.08 0.00
[21:13:59.617] [ARM-RX] [188] <-45.00 -70.00 0.00> result: 69.07 105.94 -66.65 21.10 83.08 0.00
[21:13:59.619] [ARM-RX] [189] <-45.00 -70.00 0.00> result: 69.07 105.94 -66.
[21:13:59.641] [ARM-RX] 65 21.10 83.08 0.00
[21:13:59.641] [ARM-RX] [190] <-45.00 -70.00 0.00> result: 69.07 105.94 -66.65 21.10 83.08 0.00
[21:13:59.641] [ARM-RX] [191] <-45.00 -70.00 0.00> result: 69.07 105.94 -66.65 21.10 83.08 0.00
[21:13:59.641] [ARM-RX] [192] <-45.00 -70.00 0.00> result: 69.07 105.94 -66.65 21.10 83.08 0.00
[21:13:59.641] [ARM-RX] [193] <-45.00 -7
[21:13:59.664] [ARM-RX] 0.00 0.00> result: 69.07 105.94 -66.65 21.10 83.08 0.00
[21:13:59.664] [ARM-RX] [194] <-45.00 -70.00 0.00> result: 69.07 105.94 -66.65 21.10 83.08 0.00
[21:13:59.664] [ARM-RX] [195] <-45.00 -70.00 0.00> result: 69.07 105.94 -66.65 21.10 83.08 0.00
[21:13:59.664] [ARM-RX] [196] <-45.00 -70.00 0.00> result: 69.07 105.94 -66.6
[21:13:59.690] [ARM-RX] 5 21.10 83.08 0.00
[21:13:59.690] [ARM-RX] [197] <-45.00 -70.00 0.00> result: 69.07 105.94 -66.65 21.10 83.08 0.00
[21:13:59.690] [ARM-RX] [198] <-45.00 -70.00 0.00> result: 69.07 105.94 -66.65 21.10 83.08 0.00
[21:13:59.691] [ARM-RX] [199] <-45.00 -70.00 0.00> result: 69.07 105.94 -66.65 21.10 83.08 0.00
[21:13:59.691] [ARM-RX] [200] <-45.00 -70
[21:13:59.712] [ARM-RX] .00 0.00> result: 69.07 105.94 -66.65 21.10 83.08 0.00
[21:13:59.713] [ARM-RX] [201] <-45.00 -70.00 0.00> result: 69.07 105.94 -66.65 21.10 83.08 0.00
[21:13:59.713] [ARM-RX] [202] <-45.00 -70.00 0.00> result: 69.07 105.94 -66.65 21.10 83.08 0.00
[21:13:59.713] [ARM-RX] [203] <-45.00 -70.00 0.00> result: 69.07 105.94 -66.65
[21:13:59.734] [ARM-RX] 21.10 83.08 0.00
[21:13:59.734] [ARM-RX] [204] <-45.00 -70.00 0.00> result: 69.07 105.94 -66.65 21.10 83.08 0.00
[21:13:59.734] [ARM-RX] [205] <-45.00 -70.00 0.00> result: 69.07 105.94 -66.65 21.10 83.08 0.00
[21:13:59.734] [ARM-RX] [206] <-45.00 -70.00 0.00> result: 69.07 105.94 -66.65 21.10 83.08 0.00
[21:13:59.736] [ARM-RX] [207] <-45.00 -70.
[21:13:59.790] [ARM-RX] 00 0.00> result: 69.07 105.94 -66.65 21.10 83.08 0.00
[21:14:01.971] [ARM-RX] [joint 1] ave_error:2.83
[21:14:01.971] [ARM-RX] [joint 2] ave_error:3.46
[21:14:01.972] [ARM-RX] [joint 3] ave_error:3.59
[21:14:01.972] [ARM-RX] [joint 4] ave_error:4.66
[21:14:01.972] [ARM-RX] [joint 5] ave_error:0.44
[21:14:01.972] [ARM-RX] robot pid run finished!!
[21:14:02.778] [ARM-RX] AUTO final confirm failed: joint 3 err=5.29deg tol=3.00, pose invalid.
[21:14:02.778] [ARM-RX] J1 cur=67.91 target=69.07 err=1.15
[21:14:02.778] [ARM-RX] J2 cur=1
[21:14:02.842] [ARM-RX] 11.15 target=105.94 err=-5.21
[21:14:02.842] [ARM-RX] J3 cur=-64.48 target=-66.65 err=-2.17
[21:14:02.842] [ARM-RX] J4 cur=26.39 target=21.10 err=-5.29
[21:14:02.843] [ARM-RX] J5 cur=82.98 target=83.08 err=0.10
[21:14:04.442] [ARM-TX] 发送命令 read_all: read_all
[21:14:04.579] [ARM-RX] Found handler for 'read_all', executing...
[21:14:04.579] [ARM-RX] ROBOT_READ_ALL_EVENT
[21:14:04.580] [ARM-RX] read_all ret=0 elapsed=2 ms missing=0x00
[21:14:04.580] [ARM-RX] J1 angle=67.91
[21:14:04.581] [ARM-RX] J2 angle=111.14
[21:14:04.581] [ARM-RX] J3 angle=295.52
[21:14:04.581] [ARM-RX] J4 angle=26.39
[21:14:04.581] [ARM-RX] J5 angle=82.99
[21:14:06.122] [ARM-TX] 发送命令 soft_reset: soft_reset
[21:14:06.197] [ARM-RX] Found handler for 'soft_reset', executing...
[21:14:06.197] [ARM-RX] ROBOT_SOFT_RESET_EVENT
[21:14:06.197] [ARM-RX] --- Starting soft reset ---
[21:14:06.381] [ARM-RX] Soft reset motors enabled (J1~J5, J6 skipped).
[21:14:06.381] [ARM-RX] Soft resetting joint 4...
[21:14:06.443] [ARM-RX] robot_update_current_angle 4...
[21:14:06.443] [ARM-RX] [4] current:82.99, target:90.00, dir:1
[21:14:07.251] [ARM-RX] Soft resetting joint 3...
[21:14:07.312] [ARM-RX] robot_update_current_angle 3...
[21:14:07.312] [ARM-RX] [3] current:26.39, target:0.00, dir:-1
[21:14:09.119] [ARM-RX] soft reset joint 3 settle timeout, keep going
[21:14:09.119] [ARM-RX] Soft resetting joint 1...
[21:14:09.119] [ARM-RX] robot_update_current_angle 1...
[21:14:09.120] [ARM-RX] [1] current:111.14, target:90.00, dir:-1
[21:14:10.924] [ARM-RX] soft reset joint 1 settle timeout, keep going
[21:14:10.924] [ARM-RX] Soft resetting joint 2...
[21:14:10.924] [ARM-RX] robot_update_current_angle 2...
[21:14:10.924] [ARM-RX] [2] current:-64.48, target:-90.00, dir:-1
[21:14:12.665] [ARM-RX] soft reset joint 2 settle timeout, keep going
[21:14:12.665] [ARM-RX] Soft resetting joint 0...
[21:14:12.665] [ARM-RX] robot_update_current_angle 0...
[21:14:12.667] [ARM-RX] [0] current:67.91, target:90.00, dir:1
[21:14:14.474] [ARM-RX] soft reset joint 0 settle timeout, keep going
[21:14:14.474] [ARM-RX] soft reset verify not pass, start refine loop...
[21:14:14.537] [ARM-RX] soft reset refine joint 0 round 1: cur=87.81 target=90.00 err=2.19 dir=1
[21:14:15.222] [ARM-RX] soft reset refine pass 1 success.
[21:14:15.222] [ARM-RX] soft reset final verify PASS (issues:4), pose set HOME.
[21:18:32.287] [ARM-RX] BSP_UART_Init Success!!!
[21:18:32.288] [ARM-RX] BSP_CAN_Init Success!!!
[21:18:32.288] [ARM-RX] robot control task runing!!!
[21:18:32.289] [ARM-RX] robot cmd service task ready and running!
[21:18:39.800] [ARM-TX] 发送命令 soft_reset: soft_reset
[21:18:39.933] [ARM-RX] Found handler for 'soft_reset', executing...
[21:18:39.933] [ARM-RX] ROBOT_SOFT_RESET_EVENT
[21:18:39.933] [ARM-RX] --- Starting soft reset ---
[21:18:40.120] [ARM-RX] Soft reset motors enabled (J1~J5, J6 skipped).
[21:18:40.120] [ARM-RX] Soft resetting joint 4...
[21:18:40.184] [ARM-RX] robot_update_current_angle 4...
[21:18:40.184] [ARM-RX] [4] current:90.00, target:90.00, dir:-1
[21:18:40.309] [ARM-RX] Soft resetting joint 3...
[21:18:40.309] [ARM-RX] robot_update_current_angle 3...
[21:18:40.309] [ARM-RX] [3] current:-0.00, target:0.00, dir:1
[21:18:40.434] [ARM-RX] Soft resetting joint 1...
[21:18:40.434] [ARM-RX] robot_update_current_angle 1...
[21:18:40.434] [ARM-RX] [1] current:90.00, target:90.00, dir:-1
[21:18:40.558] [ARM-RX] Soft resetting joint 2...
[21:18:40.620] [ARM-RX] robot_update_current_angle 2...
[21:18:40.620] [ARM-RX] [2] current:-90.00, target:-90.00, dir:-1
[21:18:40.745] [ARM-RX] Soft resetting joint 0...
[21:18:40.745] [ARM-RX] robot_update_current_angle 0...
[21:18:40.745] [ARM-RX] [0] current:90.09, target:90.00, dir:-1
[21:18:40.992] [ARM-RX] soft reset final verify PASS (issues:0), pose set HOME.
[21:18:49.053] [ARM-TX] 发送命令 auto 0 -50 0: auto 0 -50 0
[21:18:49.120] [ARM-RX] Found handler for 'auto', executing...
[21:18:49.120] [ARM-RX] ROBOT_AUTO_EVENT
[21:18:49.120] [ARM-RX] [0] <0.00 0.00 0.00> result: 90.00 90.00 -90.00 0.00 90.00 0.00
[21:18:49.120] [ARM-RX] [1] <0.00 -0.00 0.00> result: 90.00 90.00 -90.00 0.00 90.00 0.00
[21:18:49.120] [ARM-RX] [2] <0.00 -0.00 0.00> result: 90.00 90.00 -90.00 0.00 90.00 0.00
[21:18:49.121] [ARM-RX] [3]
[21:18:49.129] [ARM-RX] <0.00 -0.01 0.00> result: 90.00 90.00 -90.00 0.00 90.00 0.00
[21:18:49.130] [ARM-RX] [4] <0.00 -0.02 0.00> result: 90.00 90.00 -89.99 0.00 90.00 0.00
[21:18:49.130] [ARM-RX] [5] <0.00 -0.03 0.00> result: 90.00 90.01 -89.99 0.00 90.00 0.00
[21:18:49.130] [ARM-RX] [6] <0.00 -0.05 0.00> result: 90.00 90.02 -89.98 0.00 90.00 0
[21:18:49.152] [ARM-RX] .00
[21:18:49.152] [ARM-RX] [7] <0.00 -0.08 0.00> result: 90.00 90.02 -89.98 0.00 90.00 0.00
[21:18:49.153] [ARM-RX] [8] <0.00 -0.12 0.00> result: 90.00 90.03 -89.97 0.00 90.00 0.00
[21:18:49.153] [ARM-RX] [9] <0.00 -0.17 0.00> result: 90.00 90.05 -89.95 0.00 90.00 0.00
[21:18:49.153] [ARM-RX] [10] <0.00 -0.22 0.00> result: 90.00 90.06 -89.94 0.0
[21:18:49.175] [ARM-RX] 0 90.00 0.00
[21:18:49.176] [ARM-RX] [11] <0.00 -0.29 0.00> result: 90.00 90.08 -89.92 0.00 90.00 0.00
[21:18:49.176] [ARM-RX] [12] <0.00 -0.38 0.00> result: 90.00 90.11 -89.89 0.00 90.00 0.00
[21:18:49.176] [ARM-RX] [13] <0.00 -0.47 0.00> result: 90.00 90.14 -89.86 0.00 90.00 0.00
[21:18:49.176] [ARM-RX] [14] <0.00 -0.59 0.00> result: 90.00 90.1
[21:18:49.197] [ARM-RX] 7 -89.83 0.00 90.00 0.00
[21:18:49.198] [ARM-RX] [15] <0.00 -0.71 0.00> result: 90.00 90.20 -89.80 0.00 90.00 0.00
[21:18:49.198] [ARM-RX] [16] <0.00 -0.86 0.00> result: 90.00 90.24 -89.75 0.00 90.00 0.00
[21:18:49.198] [ARM-RX] [17] <0.00 -1.02 0.00> result: 90.00 90.29 -89.71 0.00 90.00 0.00
[21:18:49.198] [ARM-RX] [18] <0.00 -1.20 0.00> result
[21:18:49.220] [ARM-RX] : 90.00 90.34 -89.65 0.00 90.00 0.00
[21:18:49.220] [ARM-RX] [19] <0.00 -1.41 0.00> result: 90.00 90.40 -89.60 0.00 89.99 0.00
[21:18:49.220] [ARM-RX] [20] <0.00 -1.63 0.00> result: 90.00 90.46 -89.53 0.00 89.99 0.00
[21:18:49.220] [ARM-RX] [21] <0.00 -1.87 0.00> result: 90.00 90.53 -89.46 0.00 89.99 0.00
[21:18:49.221] [ARM-RX] [22] <0.00 -2.14
[21:18:49.245] [ARM-RX] 0.00> result: 90.00 90.60 -89.39 0.00 89.99 0.00
[21:18:49.245] [ARM-RX] [23] <0.00 -2.43 0.00> result: 90.00 90.68 -89.30 0.00 89.98 0.00
[21:18:49.246] [ARM-RX] [24] <0.00 -2.74 0.00> result: 90.00 90.77 -89.21 0.00 89.98 0.00
[21:18:49.246] [ARM-RX] [25] <0.00 -3.08 0.00> result: 90.00 90.86 -89.11 0.00 89.97 0.00
[21:18:49.246] [ARM-RX] [26]
[21:18:49.277] [ARM-RX] <0.00 -3.45 0.00> result: 90.00 90.96 -89.01 0.00 89.97 0.00
[21:18:49.278] [ARM-RX] [27] <0.00 -3.83 0.00> result: 90.00 91.06 -88.90 0.00 89.96 0.00
[21:18:49.278] [ARM-RX] [28] <0.00 -4.25 0.00> result: 90.00 91.17 -88.78 0.00 89.95 0.00
[21:18:49.278] [ARM-RX] [29] <0.00 -4.69 0.00> result: 90.00 91.29 -88.65 0.00 89.94
[21:18:49.301] [ARM-RX] 0.00
[21:18:49.301] [ARM-RX] [30] <0.00 -5.16 0.00> result: 90.00 91.41 -88.52 0.00 89.93 0.00
[21:18:49.301] [ARM-RX] [31] <0.00 -5.66 0.00> result: 90.00 91.54 -88.37 0.00 89.91 0.00
[21:18:49.301] [ARM-RX] [32] <0.00 -6.19 0.00> result: 90.00 91.68 -88.22 0.00 89.90 0.00
[21:18:49.301] [ARM-RX] [33] <0.00 -6.74 0.00> result: 90.00 91.82 -88.0
[21:18:49.323] [ARM-RX] 6 0.00 89.88 0.00
[21:18:49.324] [ARM-RX] [34] <0.00 -7.33 0.00> result: 90.00 91.97 -87.89 0.00 89.86 0.00
[21:18:49.324] [ARM-RX] [35] <0.00 -7.94 0.00> result: 90.00 92.12 -87.71 0.00 89.84 0.00
[21:18:49.324] [ARM-RX] [36] <0.00 -8.58 0.00> result: 90.00 92.28 -87.53 0.00 89.81 0.00
[21:18:49.324] [ARM-RX] [37] <0.00 -9.25 0.00> result: 90.00
[21:18:49.348] [ARM-RX] 92.45 -87.33 0.00 89.78 0.00
[21:18:49.348] [ARM-RX] [38] <0.00 -9.95 0.00> result: 90.00 92.62 -87.13 0.00 89.75 0.00
[21:18:49.349] [ARM-RX] [39] <0.00 -10.69 0.00> result: 90.00 92.80 -86.92 0.00 89.72 0.00
[21:18:49.349] [ARM-RX] [40] <0.00 -11.45 0.00> result: 90.00 92.98 -86.69 0.00 89.68 0.00
[21:18:49.349] [ARM-RX] [41] <0.00 -12.24 0.00
[21:18:49.369] [ARM-RX] > result: 90.00 93.17 -86.46 0.00 89.64 0.00
[21:18:49.369] [ARM-RX] [42] <0.00 -13.06 0.00> result: 90.00 93.37 -86.22 0.00 89.59 0.00
[21:18:49.369] [ARM-RX] [43] <0.00 -13.91 0.00> result: 90.00 93.57 -85.98 0.00 89.54 0.00
[21:18:49.370] [ARM-RX] [44] <0.00 -14.80 0.00> result: 90.00 93.77 -85.72 0.00 89.49 0.00
[21:18:49.370] [ARM-RX] [45] <
[21:18:49.391] [ARM-RX] 0.00 -15.71 0.00> result: 90.00 93.98 -85.45 0.00 89.43 0.00
[21:18:49.391] [ARM-RX] [46] <0.00 -16.65 0.00> result: 90.00 94.19 -85.18 0.00 89.37 0.00
[21:18:49.391] [ARM-RX] [47] <0.00 -17.62 0.00> result: 90.00 94.41 -84.89 0.00 89.30 0.00
[21:18:49.393] [ARM-RX] [48] <0.00 -18.62 0.00> result: 90.00 94.63 -84.60 0.00 89
[21:18:49.414] [ARM-RX] .23 0.00
[21:18:49.414] [ARM-RX] [49] <0.00 -19.64 0.00> result: 90.00 94.86 -84.30 0.00 89.16 0.00
[21:18:49.415] [ARM-RX] [50] <0.00 -20.70 0.00> result: 90.00 95.09 -83.99 0.00 89.08 0.00
[21:18:49.415] [ARM-RX] [51] <0.00 -21.78 0.00> result: 90.00 95.32 -83.67 0.00 89.00 0.00
[21:18:49.415] [ARM-RX] [52] <0.00 -22.89 0.00> result: 90.00 95.5
[21:18:49.436] [ARM-RX] 6 -83.35 0.00 88.91 0.00
[21:18:49.438] [ARM-RX] [53] <0.00 -24.02 0.00> result: 90.00 95.80 -83.01 0.00 88.81 0.00
[21:18:49.438] [ARM-RX] [54] <0.00 -25.19 0.00> result: 90.00 96.05 -82.67 0.00 88.72 0.00
[21:18:49.438] [ARM-RX] [55] <0.00 -26.37 0.00> result: 90.00 96.29 -82.32 0.00 88.61 0.00
[21:18:49.438] [ARM-RX] [56] <0.00 -27.59 0.00> re
[21:18:49.471] [ARM-RX] sult: 90.00 96.54 -81.96 0.00 88.51 0.00
[21:18:49.471] [ARM-RX] [57] <0.00 -28.82 0.00> result: 90.00 96.80 -81.60 0.00 88.40 0.00
[21:18:49.471] [ARM-RX] [58] <0.00 -30.08 0.00> result: 90.00 97.05 -81.22 0.00 88.28 0.00
[21:18:49.472] [ARM-RX] [59] <0.00 -31.36 0.00> result: 90.00 97.31 -80.84 0.00 88.16 0.00
[21:18:49.472] [ARM-RX] [60] <0.00
[21:18:49.494] [ARM-RX] -32.67 0.00> result: 90.00 97.57 -80.46 0.00 88.03 0.00
[21:18:49.494] [ARM-RX] [61] <0.00 -33.99 0.00> result: 90.00 97.84 -80.06 0.00 87.90 0.00
[21:18:49.495] [ARM-RX] [62] <0.00 -35.34 0.00> result: 90.00 98.10 -79.66 0.00 87.77 0.00
[21:18:49.495] [ARM-RX] [63] <0.00 -36.70 0.00> result: 90.00 98.37 -79.26 0.00 87.63
[21:18:49.517] [ARM-RX] 0.00
[21:18:49.518] [ARM-RX] [64] <0.00 -38.09 0.00> result: 90.00 98.64 -78.85 0.00 87.48 0.00
[21:18:49.518] [ARM-RX] [65] <0.00 -39.49 0.00> result: 90.00 98.91 -78.43 0.00 87.34 0.00
[21:18:49.518] [ARM-RX] [66] <0.00 -40.91 0.00> result: 90.00 99.18 -78.01 0.00 87.19 0.00
[21:18:49.518] [ARM-RX] [67] <0.00 -42.34 0.00> result: 90.00 99.45 -7
[21:18:49.540] [ARM-RX] 7.58 0.00 87.03 0.00
[21:18:49.541] [ARM-RX] [68] <0.00 -43.78 0.00> result: 90.00 99.73 -77.15 0.00 86.87 0.00
[21:18:49.541] [ARM-RX] [69] <0.00 -45.25 0.00> result: 90.00 100.00 -76.71 0.00 86.71 0.00
[21:18:49.541] [ARM-RX] [70] <0.00 -46.72 0.00> result: 90.00 100.28 -76.27 0.00 86.54 0.00
[21:18:49.542] [ARM-RX] [71] <0.00 -48.20 0.00> resu
[21:18:49.563] [ARM-RX] lt: 90.00 100.55 -75.82 0.00 86.37 0.00
[21:18:49.563] [ARM-RX] [72] <0.00 -49.70 0.00> result: 90.00 100.83 -75.37 0.00 86.20 0.00
[21:18:49.563] [ARM-RX] [73] <0.00 -50.00 0.00> result: 90.00 100.89 -75.28 0.00 86.17 0.00
[21:18:49.564] [ARM-RX] [74] <0.00 -50.00 0.00> result: 90.00 100.89 -75.28 0.00 86.17 0.00
[21:18:49.564] [ARM-RX] [75] <0.
[21:18:49.586] [ARM-RX] 00 -50.00 0.00> result: 90.00 100.89 -75.28 0.00 86.17 0.00
[21:18:49.586] [ARM-RX] [76] <0.00 -50.00 0.00> result: 90.00 100.89 -75.28 0.00 86.17 0.00
[21:18:49.587] [ARM-RX] [77] <0.00 -50.00 0.00> result: 90.00 100.89 -75.28 0.00 86.17 0.00
[21:18:49.587] [ARM-RX] [78] <0.00 -50.00 0.00> result: 90.00 100.89 -75.28 0.00
[21:18:49.610] [ARM-RX] 86.17 0.00
[21:18:49.610] [ARM-RX] [79] <0.00 -50.00 0.00> result: 90.00 100.89 -75.28 0.00 86.17 0.00
[21:18:49.612] [ARM-RX] [80] <0.00 -50.00 0.00> result: 90.00 100.89 -75.28 0.00 86.17 0.00
[21:18:49.612] [ARM-RX] [81] <0.00 -50.00 0.00> result: 90.00 100.89 -75.28 0.00 86.17 0.00
[21:18:49.612] [ARM-RX] [82] <0.00 -50.00 0.00> result: 90.00
[21:18:49.643] [ARM-RX] 100.89 -75.28 0.00 86.17 0.00
[21:18:49.644] [ARM-RX] [83] <0.00 -50.00 0.00> result: 90.00 100.89 -75.28 0.00 86.17 0.00
[21:18:49.644] [ARM-RX] [84] <0.00 -50.00 0.00> result: 90.00 100.89 -75.28 0.00 86.17 0.00
[21:18:49.644] [ARM-RX] [85] <0.00 -50.00 0.00> result: 90.00 100.89 -75.28 0.00 86.17 0.00
[21:18:49.644] [ARM-RX] [86] <0.00 -50.00
[21:18:49.665] [ARM-RX] 0.00> result: 90.00 100.89 -75.28 0.00 86.17 0.00
[21:18:49.666] [ARM-RX] [87] <0.00 -50.00 0.00> result: 90.00 100.89 -75.28 0.00 86.17 0.00
[21:18:49.666] [ARM-RX] [88] <0.00 -50.00 0.00> result: 90.00 100.89 -75.28 0.00 86.17 0.00
[21:18:49.666] [ARM-RX] [89] <0.00 -50.00 0.00> result: 90.00 100.89 -75.28 0.00 86.17 0.0
[21:18:49.687] [ARM-RX] 0
[21:18:49.689] [ARM-RX] [90] <0.00 -50.00 0.00> result: 90.00 100.89 -75.28 0.00 86.17 0.00
[21:18:49.689] [ARM-RX] [91] <0.00 -50.00 0.00> result: 90.00 100.89 -75.28 0.00 86.17 0.00
[21:18:49.689] [ARM-RX] [92] <0.00 -50.00 0.00> result: 90.00 100.89 -75.28 0.00 86.17 0.00
[21:18:49.689] [ARM-RX] [93] <0.00 -50.00 0.00> result: 90.00 100.89 -
[21:18:49.711] [ARM-RX] 75.28 0.00 86.17 0.00
[21:18:49.711] [ARM-RX] [94] <0.00 -50.00 0.00> result: 90.00 100.89 -75.28 0.00 86.17 0.00
[21:18:49.711] [ARM-RX] [95] <0.00 -50.00 0.00> result: 90.00 100.89 -75.28 0.00 86.17 0.00
[21:18:49.711] [ARM-RX] [96] <0.00 -50.00 0.00> result: 90.00 100.89 -75.28 0.00 86.17 0.00
[21:18:49.711] [ARM-RX] [97] <0.00 -50.00 0.00> re
[21:18:49.737] [ARM-RX] sult: 90.00 100.89 -75.28 0.00 86.17 0.00
[21:18:49.737] [ARM-RX] [98] <0.00 -50.00 0.00> result: 90.00 100.89 -75.28 0.00 86.17 0.00
[21:18:49.737] [ARM-RX] [99] <0.00 -50.00 0.00> result: 90.00 100.89 -75.28 0.00 86.17 0.00
[21:18:49.737] [ARM-RX] [100] <0.00 -50.00 0.00> result: 90.00 100.89 -75.28 0.00 86.17 0.00
[21:18:49.738] [ARM-RX] [101]
[21:18:49.757] [ARM-RX] <0.00 -50.00 0.00> result: 90.00 100.89 -75.28 0.00 86.17 0.00
[21:18:49.757] [ARM-RX] [102] <0.00 -50.00 0.00> result: 90.00 100.89 -75.28 0.00 86.17 0.00
[21:18:49.757] [ARM-RX] [103] <0.00 -50.00 0.00> result: 90.00 100.89 -75.28 0.00 86.17 0.00
[21:18:49.758] [ARM-RX] [104] <0.00 -50.00 0.00> result: 90.00 100.89 -75.2
[21:18:49.780] [ARM-RX] 8 0.00 86.17 0.00
[21:18:49.780] [ARM-RX] [105] <0.00 -50.00 0.00> result: 90.00 100.89 -75.28 0.00 86.17 0.00
[21:18:49.780] [ARM-RX] [106] <0.00 -50.00 0.00> result: 90.00 100.89 -75.28 0.00 86.17 0.00
[21:18:49.780] [ARM-RX] [107] <0.00 -50.00 0.00> result: 90.00 100.89 -75.28 0.00 86.17 0.00
[21:18:49.780] [ARM-RX] [108] <0.00 -50.00 0.00> re
[21:18:49.802] [ARM-RX] sult: 90.00 100.89 -75.28 0.00 86.17 0.00
[21:18:49.804] [ARM-RX] [109] <0.00 -50.00 0.00> result: 90.00 100.89 -75.28 0.00 86.17 0.00
[21:18:49.804] [ARM-RX] [110] <0.00 -50.00 0.00> result: 90.00 100.89 -75.28 0.00 86.17 0.00
[21:18:49.804] [ARM-RX] [111] <0.00 -50.00 0.00> result: 90.00 100.89 -75.28 0.00 86.17 0.00
[21:18:49.804] [ARM-RX] [11
[21:18:49.837] [ARM-RX] 2] <0.00 -50.00 0.00> result: 90.00 100.89 -75.28 0.00 86.17 0.00
[21:18:49.838] [ARM-RX] [113] <0.00 -50.00 0.00> result: 90.00 100.89 -75.28 0.00 86.17 0.00
[21:18:49.838] [ARM-RX] [114] <0.00 -50.00 0.00> result: 90.00 100.89 -75.28 0.00 86.17 0.00
[21:18:49.838] [ARM-RX] [115] <0.00 -50.00 0.00> result: 90.00 100.89 -75
[21:18:49.860] [ARM-RX] .28 0.00 86.17 0.00
[21:18:49.860] [ARM-RX] [116] <0.00 -50.00 0.00> result: 90.00 100.89 -75.28 0.00 86.17 0.00
[21:18:49.860] [ARM-RX] [117] <0.00 -50.00 0.00> result: 90.00 100.89 -75.28 0.00 86.17 0.00
[21:18:49.860] [ARM-RX] [118] <0.00 -50.00 0.00> result: 90.00 100.89 -75.28 0.00 86.17 0.00
[21:18:49.860] [ARM-RX] [119] <0.00 -50.00 0.00>
[21:18:49.883] [ARM-RX] result: 90.00 100.89 -75.28 0.00 86.17 0.00
[21:18:49.883] [ARM-RX] [120] <0.00 -50.00 0.00> result: 90.00 100.89 -75.28 0.00 86.17 0.00
[21:18:49.883] [ARM-RX] [121] <0.00 -50.00 0.00> result: 90.00 100.89 -75.28 0.00 86.17 0.00
[21:18:49.883] [ARM-RX] [122] <0.00 -50.00 0.00> result: 90.00 100.89 -75.28 0.00 86.17 0.00
[21:18:49.885] [ARM-RX] [
[21:18:49.905] [ARM-RX] 123] <0.00 -50.00 0.00> result: 90.00 100.89 -75.28 0.00 86.17 0.00
[21:18:49.905] [ARM-RX] [124] <0.00 -50.00 0.00> result: 90.00 100.89 -75.28 0.00 86.17 0.00
[21:18:49.906] [ARM-RX] [125] <0.00 -50.00 0.00> result: 90.00 100.89 -75.28 0.00 86.17 0.00
[21:18:49.906] [ARM-RX] [126] <0.00 -50.00 0.00> result: 90.00 100.89 -
[21:18:49.929] [ARM-RX] 75.28 0.00 86.17 0.00
[21:18:49.929] [ARM-RX] [127] <0.00 -50.00 0.00> result: 90.00 100.89 -75.28 0.00 86.17 0.00
[21:18:49.931] [ARM-RX] [128] <0.00 -50.00 0.00> result: 90.00 100.89 -75.28 0.00 86.17 0.00
[21:18:49.931] [ARM-RX] [129] <0.00 -50.00 0.00> result: 90.00 100.89 -75.28 0.00 86.17 0.00
[21:18:49.931] [ARM-RX] [130] <0.00 -50.00 0.00
[21:18:49.950] [ARM-RX] > result: 90.00 100.89 -75.28 0.00 86.17 0.00
[21:18:49.952] [ARM-RX] [131] <0.00 -50.00 0.00> result: 90.00 100.89 -75.28 0.00 86.17 0.00
[21:18:49.952] [ARM-RX] [132] <0.00 -50.00 0.00> result: 90.00 100.89 -75.28 0.00 86.17 0.00
[21:18:49.952] [ARM-RX] [133] <0.00 -50.00 0.00> result: 90.00 100.89 -75.28 0.00 86.17 0.00
[21:18:49.974] [ARM-RX] [134] <0.00 -50.00 0.00> result: 90.00 100.89 -75.28 0.00 86.17 0.00
[21:18:49.974] [ARM-RX] [135] <0.00 -50.00 0.00> result: 90.00 100.89 -75.28 0.00 86.17 0.00
[21:18:49.975] [ARM-RX] [136] <0.00 -50.00 0.00> result: 90.00 100.89 -75.28 0.00 86.17 0.00
[21:18:49.975] [ARM-RX] [137] <0.00 -50.00 0.00> result: 90.00 100.89
[21:18:50.008] [ARM-RX] -75.28 0.00 86.17 0.00
[21:18:50.009] [ARM-RX] [138] <0.00 -50.00 0.00> result: 90.00 100.89 -75.28 0.00 86.17 0.00
[21:18:50.009] [ARM-RX] [139] <0.00 -50.00 0.00> result: 90.00 100.89 -75.28 0.00 86.17 0.00
[21:18:50.009] [ARM-RX] [140] <0.00 -50.00 0.00> result: 90.00 100.89 -75.28 0.00 86.17 0.00
[21:18:50.009] [ARM-RX] [141] <0.00 -50.00 0.
[21:18:50.034] [ARM-RX] 00> result: 90.00 100.89 -75.28 0.00 86.17 0.00
[21:18:50.035] [ARM-RX] [142] <0.00 -50.00 0.00> result: 90.00 100.89 -75.28 0.00 86.17 0.00
[21:18:50.035] [ARM-RX] [143] <0.00 -50.00 0.00> result: 90.00 100.89 -75.28 0.00 86.17 0.00
[21:18:50.035] [ARM-RX] [144] <0.00 -50.00 0.00> result: 90.00 100.89 -75.28 0.00 86.17 0.0
[21:18:50.053] [ARM-RX] 0
[21:18:50.055] [ARM-RX] [145] <0.00 -50.00 0.00> result: 90.00 100.89 -75.28 0.00 86.17 0.00
[21:18:50.055] [ARM-RX] [146] <0.00 -50.00 0.00> result: 90.00 100.89 -75.28 0.00 86.17 0.00
[21:18:50.055] [ARM-RX] [147] <0.00 -50.00 0.00> result: 90.00 100.89 -75.28 0.00 86.17 0.00
[21:18:50.055] [ARM-RX] [148] <0.00 -50.00 0.00> result: 90.00 100.
[21:18:50.077] [ARM-RX] 89 -75.28 0.00 86.17 0.00
[21:18:50.077] [ARM-RX] [149] <0.00 -50.00 0.00> result: 90.00 100.89 -75.28 0.00 86.17 0.00
[21:18:50.077] [ARM-RX] [150] <0.00 -50.00 0.00> result: 90.00 100.89 -75.28 0.00 86.17 0.00
[21:18:50.078] [ARM-RX] [151] <0.00 -50.00 0.00> result: 90.00 100.89 -75.28 0.00 86.17 0.00
[21:18:50.078] [ARM-RX] [152] <0.00 -50.00
[21:18:50.098] [ARM-RX] 0.00> result: 90.00 100.89 -75.28 0.00 86.17 0.00
[21:18:50.100] [ARM-RX] [153] <0.00 -50.00 0.00> result: 90.00 100.89 -75.28 0.00 86.17 0.00
[21:18:50.100] [ARM-RX] [154] <0.00 -50.00 0.00> result: 90.00 100.89 -75.28 0.00 86.17 0.00
[21:18:50.100] [ARM-RX] [155] <0.00 -50.00 0.00> result: 90.00 100.89 -75.28 0.00 86.17 0
[21:18:50.122] [ARM-RX] .00
[21:18:50.123] [ARM-RX] [156] <0.00 -50.00 0.00> result: 90.00 100.89 -75.28 0.00 86.17 0.00
[21:18:50.123] [ARM-RX] [157] <0.00 -50.00 0.00> result: 90.00 100.89 -75.28 0.00 86.17 0.00
[21:18:50.123] [ARM-RX] [158] <0.00 -50.00 0.00> result: 90.00 100.89 -75.28 0.00 86.17 0.00
[21:18:50.123] [ARM-RX] [159] <0.00 -50.00 0.00> result: 90.00 10
[21:18:50.186] [ARM-RX] 0.89 -75.28 0.00 86.17 0.00
[21:18:50.186] [ARM-RX] [160] <0.00 -50.00 0.00> result: 90.00 100.89 -75.28 0.00 86.17 0.00
[21:18:50.186] [ARM-RX] [161] <0.00 -50.00 0.00> result: 90.00 100.89 -75.28 0.00 86.17 0.00
[21:18:51.866] [ARM-RX] [joint 1] ave_error:0.09
[21:18:51.866] [ARM-RX] [joint 2] ave_error:2.29
[21:18:51.866] [ARM-RX] [joint 3] ave_error:2.02
[21:18:51.866] [ARM-RX] [joint 4] ave_error:0.00
[21:18:51.867] [ARM-RX] [joint 5] ave_error:0.25
[21:18:51.867] [ARM-RX] robot pid run finished!!
[21:18:52.461] [ARM-TX] 发送命令 read_all: read_all
[21:18:52.491] [ARM-RX] Found handler for 'read_all', executing...
[21:18:52.491] [ARM-RX] ROBOT_READ_ALL_EVENT
[21:18:52.491] [ARM-RX] read_all ret=0 elapsed=2 ms missing=0x00
[21:18:52.492] [ARM-RX] J1 angle=90.09
[21:18:52.492] [ARM-RX] J2 angle=102.68
[21:18:52.492] [ARM-RX] J3 angle=284.69
[21:18:52.492] [ARM-RX] J4 angle=0.00
[21:18:52.492] [ARM-RX] J5 angle=86.07
[21:18:53.312] [ARM-TX] 发送命令 soft_reset: soft_reset
[21:18:53.363] [ARM-RX] Found handler for 'soft_reset', executing...
[21:18:53.363] [ARM-RX] ROBOT_SOFT_RESET_EVENT
[21:18:53.363] [ARM-RX] --- Starting soft reset ---
[21:18:53.550] [ARM-RX] Soft reset motors enabled (J1~J5, J6 skipped).
[21:18:53.550] [ARM-RX] Soft resetting joint 4...
[21:18:53.613] [ARM-RX] robot_update_current_angle 4...
[21:18:53.613] [ARM-RX] [4] current:86.07, target:90.00, dir:1
[21:18:54.109] [ARM-RX] Soft resetting joint 3...
[21:18:54.171] [ARM-RX] robot_update_current_angle 3...
[21:18:54.171] [ARM-RX] [3] current:0.00, target:0.00, dir:-1
[21:18:54.295] [ARM-RX] Soft resetting joint 1...
[21:18:54.295] [ARM-RX] robot_update_current_angle 1...
[21:18:54.295] [ARM-RX] [1] current:102.68, target:90.00, dir:-1
[21:18:55.848] [ARM-RX] soft reset joint 1 settle timeout, keep going
[21:18:55.848] [ARM-RX] Soft resetting joint 2...
[21:18:55.848] [ARM-RX] robot_update_current_angle 2...
[21:18:55.848] [ARM-RX] [2] current:-75.32, target:-90.00, dir:-1
[21:18:57.469] [ARM-RX] soft reset joint 2 settle timeout, keep going
[21:18:57.469] [ARM-RX] Soft resetting joint 0...
[21:18:57.469] [ARM-RX] robot_update_current_angle 0...
[21:18:57.469] [ARM-RX] [0] current:90.09, target:90.00, dir:-1
[21:18:57.656] [ARM-RX] soft reset final verify PASS (issues:2), pose set HOME.
[21:18:59.842] [ARM-TX] 发送命令 auto 0 -70 0: auto 0 -70 0
[21:18:59.879] [ARM-RX] Found handler for 'auto', executing...
[21:18:59.879] [ARM-RX] ROBOT_AUTO_EVENT
[21:18:59.879] [ARM-RX] [0] <0.00 0.00 0.00> result: 90.00 90.00 -90.00 0.00 90.00 0.00
[21:18:59.879] [ARM-RX] [1] <0.00 -0.00 0.00> result: 90.00 90.00 -90.00 0.00 90.00 0.00
[21:18:59.879] [ARM-RX] [2] <0.00 -0.00 0.00> result: 90.00 90.00 -90.00 0.00 90.00 0.00
[21:18:59.881] [ARM-RX] [3]
[21:18:59.901] [ARM-RX] <0.00 -0.01 0.00> result: 90.00 90.00 -90.00 0.00 90.00 0.00
[21:18:59.903] [ARM-RX] [4] <0.00 -0.01 0.00> result: 90.00 90.00 -90.00 0.00 90.00 0.00
[21:18:59.903] [ARM-RX] [5] <0.00 -0.03 0.00> result: 90.00 90.01 -89.99 0.00 90.00 0.00
[21:18:59.903] [ARM-RX] [6] <0.00 -0.04 0.00> result: 90.00 90.01 -89.99 0.00 90.00 0
[21:18:59.925] [ARM-RX] .00
[21:18:59.925] [ARM-RX] [7] <0.00 -0.07 0.00> result: 90.00 90.02 -89.98 0.00 90.00 0.00
[21:18:59.925] [ARM-RX] [8] <0.00 -0.10 0.00> result: 90.00 90.03 -89.97 0.00 90.00 0.00
[21:18:59.926] [ARM-RX] [9] <0.00 -0.14 0.00> result: 90.00 90.04 -89.96 0.00 90.00 0.00
[21:18:59.926] [ARM-RX] [10] <0.00 -0.19 0.00> result: 90.00 90.05 -89.95 0.0
[21:18:59.948] [ARM-RX] 0 90.00 0.00
[21:18:59.949] [ARM-RX] [11] <0.00 -0.25 0.00> result: 90.00 90.07 -89.93 0.00 90.00 0.00
[21:18:59.949] [ARM-RX] [12] <0.00 -0.32 0.00> result: 90.00 90.09 -89.91 0.00 90.00 0.00
[21:18:59.949] [ARM-RX] [13] <0.00 -0.40 0.00> result: 90.00 90.11 -89.88 0.00 90.00 0.00
[21:18:59.949] [ARM-RX] [14] <0.00 -0.50 0.00> result: 90.00 90.1
[21:18:59.970] [ARM-RX] 4 -89.86 0.00 90.00 0.00
[21:18:59.972] [ARM-RX] [15] <0.00 -0.61 0.00> result: 90.00 90.17 -89.83 0.00 90.00 0.00
[21:18:59.972] [ARM-RX] [16] <0.00 -0.73 0.00> result: 90.00 90.21 -89.79 0.00 90.00 0.00
[21:18:59.972] [ARM-RX] [17] <0.00 -0.87 0.00> result: 90.00 90.25 -89.75 0.00 90.00 0.00
[21:18:59.972] [ARM-RX] [18] <0.00 -1.03 0.00> result
[21:18:59.995] [ARM-RX] : 90.00 90.29 -89.71 0.00 90.00 0.00
[21:18:59.995] [ARM-RX] [19] <0.00 -1.20 0.00> result: 90.00 90.34 -89.66 0.00 90.00 0.00
[21:18:59.996] [ARM-RX] [20] <0.00 -1.39 0.00> result: 90.00 90.39 -89.60 0.00 89.99 0.00
[21:18:59.996] [ARM-RX] [21] <0.00 -1.60 0.00> result: 90.00 90.45 -89.54 0.00 89.99 0.00
[21:18:59.996] [ARM-RX] [22] <0.00 -1.83
[21:19:00.017] [ARM-RX] 0.00> result: 90.00 90.52 -89.48 0.00 89.99 0.00
[21:19:00.017] [ARM-RX] [23] <0.00 -2.08 0.00> result: 90.00 90.58 -89.40 0.00 89.99 0.00
[21:19:00.017] [ARM-RX] [24] <0.00 -2.35 0.00> result: 90.00 90.66 -89.33 0.00 89.98 0.00
[21:19:00.018] [ARM-RX] [25] <0.00 -2.64 0.00> result: 90.00 90.74 -89.24 0.00 89.98 0.00
[21:19:00.018] [ARM-RX] [26]
[21:19:00.050] [ARM-RX] <0.00 -2.96 0.00> result: 90.00 90.82 -89.15 0.00 89.98 0.00
[21:19:00.052] [ARM-RX] [27] <0.00 -3.30 0.00> result: 90.00 90.92 -89.05 0.00 89.97 0.00
[21:19:00.052] [ARM-RX] [28] <0.00 -3.66 0.00> result: 90.00 91.01 -88.95 0.00 89.96 0.00
[21:19:00.052] [ARM-RX] [29] <0.00 -4.04 0.00> result: 90.00 91.12 -88.84 0.00 89.95
[21:19:00.075] [ARM-RX] 0.00
[21:19:00.075] [ARM-RX] [30] <0.00 -4.45 0.00> result: 90.00 91.23 -88.72 0.00 89.95 0.00
[21:19:00.075] [ARM-RX] [31] <0.00 -4.89 0.00> result: 90.00 91.34 -88.59 0.00 89.93 0.00
[21:19:00.075] [ARM-RX] [32] <0.00 -5.35 0.00> result: 90.00 91.46 -88.46 0.00 89.92 0.00
[21:19:00.075] [ARM-RX] [33] <0.00 -5.84 0.00> result: 90.00 91.59 -88.3
[21:19:00.096] [ARM-RX] 2 0.00 89.91 0.00
[21:19:00.096] [ARM-RX] [34] <0.00 -6.35 0.00> result: 90.00 91.72 -88.17 0.00 89.89 0.00
[21:19:00.097] [ARM-RX] [35] <0.00 -6.90 0.00> result: 90.00 91.86 -88.01 0.00 89.87 0.00
[21:19:00.097] [ARM-RX] [36] <0.00 -7.47 0.00> result: 90.00 92.00 -87.85 0.00 89.85 0.00
[21:19:00.097] [ARM-RX] [37] <0.00 -8.06 0.00> result: 90.00
[21:19:00.119] [ARM-RX] 92.15 -87.68 0.00 89.83 0.00
[21:19:00.119] [ARM-RX] [38] <0.00 -8.69 0.00> result: 90.00 92.31 -87.49 0.00 89.81 0.00
[21:19:00.120] [ARM-RX] [39] <0.00 -9.35 0.00> result: 90.00 92.47 -87.30 0.00 89.78 0.00
[21:19:00.120] [ARM-RX] [40] <0.00 -10.03 0.00> result: 90.00 92.64 -87.11 0.00 89.75 0.00
[21:19:00.120] [ARM-RX] [41] <0.00 -10.74 0.00>
[21:19:00.147] [ARM-RX] result: 90.00 92.81 -86.90 0.00 89.71 0.00
[21:19:00.147] [ARM-RX] [42] <0.00 -11.49 0.00> result: 90.00 92.99 -86.68 0.00 89.68 0.00
[21:19:00.148] [ARM-RX] [43] <0.00 -12.26 0.00> result: 90.00 93.18 -86.46 0.00 89.63 0.00
[21:19:00.148] [ARM-RX] [44] <0.00 -13.06 0.00> result: 90.00 93.37 -86.22 0.00 89.59 0.00
[21:19:00.148] [ARM-RX] [45] <0
[21:19:00.165] [ARM-RX] .00 -13.89 0.00> result: 90.00 93.56 -85.98 0.00 89.54 0.00
[21:19:00.165] [ARM-RX] [46] <0.00 -14.75 0.00> result: 90.00 93.76 -85.73 0.00 89.49 0.00
[21:19:00.165] [ARM-RX] [47] <0.00 -15.65 0.00> result: 90.00 93.96 -85.47 0.00 89.44 0.00
[21:19:00.165] [ARM-RX] [48] <0.00 -16.57 0.00> result: 90.00 94.17 -85.20 0.00 89.
[21:19:00.187] [ARM-RX] 38 0.00
[21:19:00.189] [ARM-RX] [49] <0.00 -17.52 0.00> result: 90.00 94.39 -84.92 0.00 89.31 0.00
[21:19:00.189] [ARM-RX] [50] <0.00 -18.50 0.00> result: 90.00 94.61 -84.64 0.00 89.24 0.00
[21:19:00.189] [ARM-RX] [51] <0.00 -19.51 0.00> result: 90.00 94.83 -84.34 0.00 89.17 0.00
[21:19:00.189] [ARM-RX] [52] <0.00 -20.55 0.00> result: 90.00 95.06
[21:19:00.211] [ARM-RX] -84.03 0.00 89.09 0.00
[21:19:00.211] [ARM-RX] [53] <0.00 -21.62 0.00> result: 90.00 95.29 -83.72 0.00 89.01 0.00
[21:19:00.211] [ARM-RX] [54] <0.00 -22.72 0.00> result: 90.00 95.53 -83.40 0.00 88.92 0.00
[21:19:00.211] [ARM-RX] [55] <0.00 -23.85 0.00> result: 90.00 95.77 -83.06 0.00 88.83 0.00
[21:19:00.211] [ARM-RX] [56] <0.00 -25.01 0.00> res
[21:19:00.245] [ARM-RX] ult: 90.00 96.01 -82.72 0.00 88.73 0.00
[21:19:00.246] [ARM-RX] [57] <0.00 -26.20 0.00> result: 90.00 96.26 -82.37 0.00 88.63 0.00
[21:19:00.246] [ARM-RX] [58] <0.00 -27.41 0.00> result: 90.00 96.51 -82.01 0.00 88.52 0.00
[21:19:00.246] [ARM-RX] [59] <0.00 -28.66 0.00> result: 90.00 96.76 -81.65 0.00 88.41 0.00
[21:19:00.246] [ARM-RX] [60] <0.00
[21:19:00.268] [ARM-RX] -29.93 0.00> result: 90.00 97.02 -81.27 0.00 88.29 0.00
[21:19:00.268] [ARM-RX] [61] <0.00 -31.23 0.00> result: 90.00 97.29 -80.89 0.00 88.17 0.00
[21:19:00.268] [ARM-RX] [62] <0.00 -32.55 0.00> result: 90.00 97.55 -80.49 0.00 88.04 0.00
[21:19:00.269] [ARM-RX] [63] <0.00 -33.90 0.00> result: 90.00 97.82 -80.09 0.00 87.91 0
[21:19:00.290] [ARM-RX] .00
[21:19:00.290] [ARM-RX] [64] <0.00 -35.28 0.00> result: 90.00 98.09 -79.68 0.00 87.77 0.00
[21:19:00.290] [ARM-RX] [65] <0.00 -36.69 0.00> result: 90.00 98.36 -79.26 0.00 87.63 0.00
[21:19:00.290] [ARM-RX] [66] <0.00 -38.11 0.00> result: 90.00 98.64 -78.84 0.00 87.48 0.00
[21:19:00.291] [ARM-RX] [67] <0.00 -39.57 0.00> result: 90.00 98.92 -78
[21:19:00.313] [ARM-RX] .41 0.00 87.33 0.00
[21:19:00.313] [ARM-RX] [68] <0.00 -41.04 0.00> result: 90.00 99.21 -77.97 0.00 87.17 0.00
[21:19:00.313] [ARM-RX] [69] <0.00 -42.54 0.00> result: 90.00 99.49 -77.52 0.00 87.01 0.00
[21:19:00.314] [ARM-RX] [70] <0.00 -44.06 0.00> result: 90.00 99.78 -77.06 0.00 86.84 0.00
[21:19:00.314] [ARM-RX] [71] <0.00 -45.61 0.00> result:
[21:19:00.338] [ARM-RX] 90.00 100.07 -76.60 0.00 86.67 0.00
[21:19:00.338] [ARM-RX] [72] <0.00 -47.17 0.00> result: 90.00 100.36 -76.13 0.00 86.49 0.00
[21:19:00.338] [ARM-RX] [73] <0.00 -48.75 0.00> result: 90.00 100.65 -75.65 0.00 86.31 0.00
[21:19:00.339] [ARM-RX] [74] <0.00 -50.36 0.00> result: 90.00 100.95 -75.17 0.00 86.12 0.00
[21:19:00.339] [ARM-RX] [75] <0.00
[21:19:00.359] [ARM-RX] -51.98 0.00> result: 90.00 101.25 -74.68 0.00 85.93 0.00
[21:19:00.360] [ARM-RX] [76] <0.00 -53.62 0.00> result: 90.00 101.55 -74.19 0.00 85.74 0.00
[21:19:00.360] [ARM-RX] [77] <0.00 -55.28 0.00> result: 90.00 101.85 -73.69 0.00 85.54 0.00
[21:19:00.360] [ARM-RX] [78] <0.00 -56.96 0.00> result: 90.00 102.16 -73.18 0.00 85.
[21:19:00.381] [ARM-RX] 34 0.00
[21:19:00.383] [ARM-RX] [79] <0.00 -58.65 0.00> result: 90.00 102.46 -72.67 0.00 85.13 0.00
[21:19:00.383] [ARM-RX] [80] <0.00 -60.35 0.00> result: 90.00 102.77 -72.15 0.00 84.92 0.00
[21:19:00.383] [ARM-RX] [81] <0.00 -62.07 0.00> result: 90.00 103.07 -71.63 0.00 84.70 0.00
[21:19:00.383] [ARM-RX] [82] <0.00 -63.81 0.00> result: 90.00 10
[21:19:00.416] [ARM-RX] 3.38 -71.10 0.00 84.48 0.00
[21:19:00.416] [ARM-RX] [83] <0.00 -65.55 0.00> result: 90.00 103.69 -70.57 0.00 84.26 0.00
[21:19:00.416] [ARM-RX] [84] <0.00 -67.31 0.00> result: 90.00 104.00 -70.03 0.00 84.04 0.00
[21:19:00.417] [ARM-RX] [85] <0.00 -69.07 0.00> result: 90.00 104.32 -69.49 0.00 83.81 0.00
[21:19:00.417] [ARM-RX] [86] <0.00 -70.00 0.
[21:19:00.439] [ARM-RX] 00> result: 90.00 104.48 -69.21 0.00 83.69 0.00
[21:19:00.440] [ARM-RX] [87] <0.00 -70.00 0.00> result: 90.00 104.48 -69.21 0.00 83.69 0.00
[21:19:00.440] [ARM-RX] [88] <0.00 -70.00 0.00> result: 90.00 104.48 -69.21 0.00 83.69 0.00
[21:19:00.440] [ARM-RX] [89] <0.00 -70.00 0.00> result: 90.00 104.48 -69.21 0.00 83.69 0.00
[21:19:00.462] [ARM-RX] [90] <0.00 -70.00 0.00> result: 90.00 104.48 -69.21 0.00 83.69 0.00
[21:19:00.462] [ARM-RX] [91] <0.00 -70.00 0.00> result: 90.00 104.48 -69.21 0.00 83.69 0.00
[21:19:00.462] [ARM-RX] [92] <0.00 -70.00 0.00> result: 90.00 104.48 -69.21 0.00 83.69 0.00
[21:19:00.462] [ARM-RX] [93] <0.00 -70.00 0.00> result: 90.00 104.48 -69.
[21:19:00.485] [ARM-RX] 21 0.00 83.69 0.00
[21:19:00.485] [ARM-RX] [94] <0.00 -70.00 0.00> result: 90.00 104.48 -69.21 0.00 83.69 0.00
[21:19:00.488] [ARM-RX] [95] <0.00 -70.00 0.00> result: 90.00 104.48 -69.21 0.00 83.69 0.00
[21:19:00.488] [ARM-RX] [96] <0.00 -70.00 0.00> result: 90.00 104.48 -69.21 0.00 83.69 0.00
[21:19:00.488] [ARM-RX] [97] <0.00 -70.00 0.00> resul
[21:19:00.507] [ARM-RX] t: 90.00 104.48 -69.21 0.00 83.69 0.00
[21:19:00.507] [ARM-RX] [98] <0.00 -70.00 0.00> result: 90.00 104.48 -69.21 0.00 83.69 0.00
[21:19:00.508] [ARM-RX] [99] <0.00 -70.00 0.00> result: 90.00 104.48 -69.21 0.00 83.69 0.00
[21:19:00.508] [ARM-RX] [100] <0.00 -70.00 0.00> result: 90.00 104.48 -69.21 0.00 83.69 0.00
[21:19:00.508] [ARM-RX] [101] <0
[21:19:00.534] [ARM-RX] .00 -70.00 0.00> result: 90.00 104.48 -69.21 0.00 83.69 0.00
[21:19:00.534] [ARM-RX] [102] <0.00 -70.00 0.00> result: 90.00 104.48 -69.21 0.00 83.69 0.00
[21:19:00.535] [ARM-RX] [103] <0.00 -70.00 0.00> result: 90.00 104.48 -69.21 0.00 83.69 0.00
[21:19:00.535] [ARM-RX] [104] <0.00 -70.00 0.00> result: 90.00 104.48 -69.21 0
[21:19:00.554] [ARM-RX] .00 83.69 0.00
[21:19:00.554] [ARM-RX] [105] <0.00 -70.00 0.00> result: 90.00 104.48 -69.21 0.00 83.69 0.00
[21:19:00.554] [ARM-RX] [106] <0.00 -70.00 0.00> result: 90.00 104.48 -69.21 0.00 83.69 0.00
[21:19:00.555] [ARM-RX] [107] <0.00 -70.00 0.00> result: 90.00 104.48 -69.21 0.00 83.69 0.00
[21:19:00.555] [ARM-RX] [108] <0.00 -70.00 0.00> resul
[21:19:00.576] [ARM-RX] t: 90.00 104.48 -69.21 0.00 83.69 0.00
[21:19:00.576] [ARM-RX] [109] <0.00 -70.00 0.00> result: 90.00 104.48 -69.21 0.00 83.69 0.00
[21:19:00.576] [ARM-RX] [110] <0.00 -70.00 0.00> result: 90.00 104.48 -69.21 0.00 83.69 0.00
[21:19:00.576] [ARM-RX] [111] <0.00 -70.00 0.00> result: 90.00 104.48 -69.21 0.00 83.69 0.00
[21:19:00.576] [ARM-RX] [112]
[21:19:00.615] [ARM-RX] <0.00 -70.00 0.00> result: 90.00 104.48 -69.21 0.00 83.69 0.00
[21:19:00.616] [ARM-RX] [113] <0.00 -70.00 0.00> result: 90.00 104.48 -69.21 0.00 83.69 0.00
[21:19:00.616] [ARM-RX] [114] <0.00 -70.00 0.00> result: 90.00 104.48 -69.21 0.00 83.69 0.00
[21:19:00.616] [ARM-RX] [115] <0.00 -70.00 0.00> result: 90.00 104.48 -69.21
[21:19:00.634] [ARM-RX] 0.00 83.69 0.00
[21:19:00.634] [ARM-RX] [116] <0.00 -70.00 0.00> result: 90.00 104.48 -69.21 0.00 83.69 0.00
[21:19:00.634] [ARM-RX] [117] <0.00 -70.00 0.00> result: 90.00 104.48 -69.21 0.00 83.69 0.00
[21:19:00.634] [ARM-RX] [118] <0.00 -70.00 0.00> result: 90.00 104.48 -69.21 0.00 83.69 0.00
[21:19:00.635] [ARM-RX] [119] <0.00 -70.00 0.00> res
[21:19:00.656] [ARM-RX] ult: 90.00 104.48 -69.21 0.00 83.69 0.00
[21:19:00.656] [ARM-RX] [120] <0.00 -70.00 0.00> result: 90.00 104.48 -69.21 0.00 83.69 0.00
[21:19:00.656] [ARM-RX] [121] <0.00 -70.00 0.00> result: 90.00 104.48 -69.21 0.00 83.69 0.00
[21:19:00.657] [ARM-RX] [122] <0.00 -70.00 0.00> result: 90.00 104.48 -69.21 0.00 83.69 0.00
[21:19:00.657] [ARM-RX] [123
[21:19:00.679] [ARM-RX] ] <0.00 -70.00 0.00> result: 90.00 104.48 -69.21 0.00 83.69 0.00
[21:19:00.679] [ARM-RX] [124] <0.00 -70.00 0.00> result: 90.00 104.48 -69.21 0.00 83.69 0.00
[21:19:00.679] [ARM-RX] [125] <0.00 -70.00 0.00> result: 90.00 104.48 -69.21 0.00 83.69 0.00
[21:19:00.680] [ARM-RX] [126] <0.00 -70.00 0.00> result: 90.00 104.48 -69.
[21:19:00.702] [ARM-RX] 21 0.00 83.69 0.00
[21:19:00.702] [ARM-RX] [127] <0.00 -70.00 0.00> result: 90.00 104.48 -69.21 0.00 83.69 0.00
[21:19:00.702] [ARM-RX] [128] <0.00 -70.00 0.00> result: 90.00 104.48 -69.21 0.00 83.69 0.00
[21:19:00.703] [ARM-RX] [129] <0.00 -70.00 0.00> result: 90.00 104.48 -69.21 0.00 83.69 0.00
[21:19:00.703] [ARM-RX] [130] <0.00 -70.00 0.00> r
[21:19:00.724] [ARM-RX] esult: 90.00 104.48 -69.21 0.00 83.69 0.00
[21:19:00.724] [ARM-RX] [131] <0.00 -70.00 0.00> result: 90.00 104.48 -69.21 0.00 83.69 0.00
[21:19:00.724] [ARM-RX] [132] <0.00 -70.00 0.00> result: 90.00 104.48 -69.21 0.00 83.69 0.00
[21:19:00.724] [ARM-RX] [133] <0.00 -70.00 0.00> result: 90.00 104.48 -69.21 0.00 83.69 0.00
[21:19:00.725] [ARM-RX] [1
[21:19:00.749] [ARM-RX] 34] <0.00 -70.00 0.00> result: 90.00 104.48 -69.21 0.00 83.69 0.00
[21:19:00.749] [ARM-RX] [135] <0.00 -70.00 0.00> result: 90.00 104.48 -69.21 0.00 83.69 0.00
[21:19:00.749] [ARM-RX] [136] <0.00 -70.00 0.00> result: 90.00 104.48 -69.21 0.00 83.69 0.00
[21:19:00.749] [ARM-RX] [137] <0.00 -70.00 0.00> result: 90.00 104.48 -6
[21:19:00.782] [ARM-RX] 9.21 0.00 83.69 0.00
[21:19:00.782] [ARM-RX] [138] <0.00 -70.00 0.00> result: 90.00 104.48 -69.21 0.00 83.69 0.00
[21:19:00.784] [ARM-RX] [139] <0.00 -70.00 0.00> result: 90.00 104.48 -69.21 0.00 83.69 0.00
[21:19:00.784] [ARM-RX] [140] <0.00 -70.00 0.00> result: 90.00 104.48 -69.21 0.00 83.69 0.00
[21:19:00.784] [ARM-RX] [141] <0.00 -70.00 0.00>
[21:19:00.804] [ARM-RX] result: 90.00 104.48 -69.21 0.00 83.69 0.00
[21:19:00.804] [ARM-RX] [142] <0.00 -70.00 0.00> result: 90.00 104.48 -69.21 0.00 83.69 0.00
[21:19:00.804] [ARM-RX] [143] <0.00 -70.00 0.00> result: 90.00 104.48 -69.21 0.00 83.69 0.00
[21:19:00.804] [ARM-RX] [144] <0.00 -70.00 0.00> result: 90.00 104.48 -69.21 0.00 83.69 0.00
[21:19:00.827] [ARM-RX] [145] <0.00 -70.00 0.00> result: 90.00 104.48 -69.21 0.00 83.69 0.00
[21:19:00.827] [ARM-RX] [146] <0.00 -70.00 0.00> result: 90.00 104.48 -69.21 0.00 83.69 0.00
[21:19:00.827] [ARM-RX] [147] <0.00 -70.00 0.00> result: 90.00 104.48 -69.21 0.00 83.69 0.00
[21:19:00.828] [ARM-RX] [148] <0.00 -70.00 0.00> result: 90.00 104.48
[21:19:00.850] [ARM-RX] -69.21 0.00 83.69 0.00
[21:19:00.850] [ARM-RX] [149] <0.00 -70.00 0.00> result: 90.00 104.48 -69.21 0.00 83.69 0.00
[21:19:00.850] [ARM-RX] [150] <0.00 -70.00 0.00> result: 90.00 104.48 -69.21 0.00 83.69 0.00
[21:19:00.850] [ARM-RX] [151] <0.00 -70.00 0.00> result: 90.00 104.48 -69.21 0.00 83.69 0.00
[21:19:00.851] [ARM-RX] [152] <0.00 -70.00 0.0
[21:19:00.873] [ARM-RX] 0> result: 90.00 104.48 -69.21 0.00 83.69 0.00
[21:19:00.874] [ARM-RX] [153] <0.00 -70.00 0.00> result: 90.00 104.48 -69.21 0.00 83.69 0.00
[21:19:00.874] [ARM-RX] [154] <0.00 -70.00 0.00> result: 90.00 104.48 -69.21 0.00 83.69 0.00
[21:19:00.874] [ARM-RX] [155] <0.00 -70.00 0.00> result: 90.00 104.48 -69.21 0.00 83.69 0.00
[21:19:00.896] [ARM-RX] [156] <0.00 -70.00 0.00> result: 90.00 104.48 -69.21 0.00 83.69 0.00
[21:19:00.896] [ARM-RX] [157] <0.00 -70.00 0.00> result: 90.00 104.48 -69.21 0.00 83.69 0.00
[21:19:00.896] [ARM-RX] [158] <0.00 -70.00 0.00> result: 90.00 104.48 -69.21 0.00 83.69 0.00
[21:19:00.896] [ARM-RX] [159] <0.00 -70.00 0.00> result: 90.00 104.4
[21:19:00.919] [ARM-RX] 8 -69.21 0.00 83.69 0.00
[21:19:00.919] [ARM-RX] [160] <0.00 -70.00 0.00> result: 90.00 104.48 -69.21 0.00 83.69 0.00
[21:19:00.919] [ARM-RX] [161] <0.00 -70.00 0.00> result: 90.00 104.48 -69.21 0.00 83.69 0.00
[21:19:00.920] [ARM-RX] [162] <0.00 -70.00 0.00> result: 90.00 104.48 -69.21 0.00 83.69 0.00
[21:19:00.920] [ARM-RX] [163] <0.00 -70.00 0
[21:19:00.940] [ARM-RX] .00> result: 90.00 104.48 -69.21 0.00 83.69 0.00
[21:19:00.941] [ARM-RX] [164] <0.00 -70.00 0.00> result: 90.00 104.48 -69.21 0.00 83.69 0.00
[21:19:00.941] [ARM-RX] [165] <0.00 -70.00 0.00> result: 90.00 104.48 -69.21 0.00 83.69 0.00
[21:19:00.941] [ARM-RX] [166] <0.00 -70.00 0.00> result: 90.00 104.48 -69.21 0.00 83.69 0.
[21:19:00.976] [ARM-RX] 00
[21:19:00.976] [ARM-RX] [167] <0.00 -70.00 0.00> result: 90.00 104.48 -69.21 0.00 83.69 0.00
[21:19:00.976] [ARM-RX] [168] <0.00 -70.00 0.00> result: 90.00 104.48 -69.21 0.00 83.69 0.00
[21:19:00.976] [ARM-RX] [169] <0.00 -70.00 0.00> result: 90.00 104.48 -69.21 0.00 83.69 0.00
[21:19:00.976] [ARM-RX] [170] <0.00 -70.00 0.00> result: 90.00 104
[21:19:01.002] [ARM-RX] .48 -69.21 0.00 83.69 0.00
[21:19:01.003] [ARM-RX] [171] <0.00 -70.00 0.00> result: 90.00 104.48 -69.21 0.00 83.69 0.00
[21:19:01.003] [ARM-RX] [172] <0.00 -70.00 0.00> result: 90.00 104.48 -69.21 0.00 83.69 0.00
[21:19:01.003] [ARM-RX] [173] <0.00 -70.00 0.00> result: 90.00 104.48 -69.21 0.00 83.69 0.00
[21:19:01.003] [ARM-RX] [174] <0.00 -70.00
[21:19:01.021] [ARM-RX] 0.00> result: 90.00 104.48 -69.21 0.00 83.69 0.00
[21:19:01.021] [ARM-RX] [175] <0.00 -70.00 0.00> result: 90.00 104.48 -69.21 0.00 83.69 0.00
[21:19:01.022] [ARM-RX] [176] <0.00 -70.00 0.00> result: 90.00 104.48 -69.21 0.00 83.69 0.00
[21:19:01.022] [ARM-RX] [177] <0.00 -70.00 0.00> result: 90.00 104.48 -69.21 0.00 83.69
[21:19:01.044] [ARM-RX] 0.00
[21:19:01.044] [ARM-RX] [178] <0.00 -70.00 0.00> result: 90.00 104.48 -69.21 0.00 83.69 0.00
[21:19:01.044] [ARM-RX] [179] <0.00 -70.00 0.00> result: 90.00 104.48 -69.21 0.00 83.69 0.00
[21:19:01.044] [ARM-RX] [180] <0.00 -70.00 0.00> result: 90.00 104.48 -69.21 0.00 83.69 0.00
[21:19:01.045] [ARM-RX] [181] <0.00 -70.00 0.00> result: 90.00 1
[21:19:01.067] [ARM-RX] 04.48 -69.21 0.00 83.69 0.00
[21:19:01.068] [ARM-RX] [182] <0.00 -70.00 0.00> result: 90.00 104.48 -69.21 0.00 83.69 0.00
[21:19:01.069] [ARM-RX] [183] <0.00 -70.00 0.00> result: 90.00 104.48 -69.21 0.00 83.69 0.00
[21:19:01.069] [ARM-RX] [184] <0.00 -70.00 0.00> result: 90.00 104.48 -69.21 0.00 83.69 0.00
[21:19:01.069] [ARM-RX] [185] <0.00 -70.
[21:19:01.093] [ARM-RX] 00 0.00> result: 90.00 104.48 -69.21 0.00 83.69 0.00
[21:19:01.093] [ARM-RX] [186] <0.00 -70.00 0.00> result: 90.00 104.48 -69.21 0.00 83.69 0.00
[21:19:01.099] [ARM-RX] [187] <0.00 -70.00 0.00> result: 90.00 104.48 -69.21 0.00 83.69 0.00
[21:19:01.099] [ARM-RX] [188] <0.00 -70.00 0.00> result: 90.00 104.48 -69.21 0.00 83.6
[21:19:01.154] [ARM-RX] 9 0.00
[21:19:01.154] [ARM-RX] [189] <0.00 -70.00 0.00> result: 90.00 104.48 -69.21 0.00 83.69 0.00
[21:19:01.154] [ARM-RX] [190] <0.00 -70.00 0.00> result: 90.00 104.48 -69.21 0.00 83.69 0.00
[21:19:03.142] [ARM-RX] [joint 1] ave_error:0.09
[21:19:03.142] [ARM-RX] [joint 2] ave_error:3.09
[21:19:03.142] [ARM-RX] [joint 3] ave_error:3.15
[21:19:03.143] [ARM-RX] [joint 4] ave_error:0.00
[21:19:03.144] [ARM-RX] [joint 5] ave_error:0.44
[21:19:03.144] [ARM-RX] robot pid run finished!!
[21:19:03.981] [ARM-RX] AUTO final confirm failed: joint 1 err=3.56deg tol=3.00, pose invalid.
[21:19:03.982] [ARM-RX] J1 cur=90.09 target=90.00 err=-0.09
[21:19:03.982] [ARM-RX] J2 cur=108.04 target=104.48 err=-3.56
[21:19:03.982] [ARM-RX] J3 cur=-67.84 target=-69.21 err=-1.37
[21:19:03.982] [ARM-RX] J4 cur=0.00 target=0.00 err=-0.00
[21:19:03.982] [ARM-RX] J5 cur=83.57 target=83.6
[21:19:04.034] [ARM-RX] 9 err=0.12
[21:19:07.569] [ARM-TX] 发送命令 read_all: read_all
[21:19:07.647] [ARM-RX] Found handler for 'read_all', executing...
[21:19:07.648] [ARM-RX] ROBOT_READ_ALL_EVENT
[21:19:07.648] [ARM-RX] read_all ret=0 elapsed=3 ms missing=0x00
[21:19:07.648] [ARM-RX] J1 angle=90.09
[21:19:07.648] [ARM-RX] J2 angle=108.03
[21:19:07.648] [ARM-RX] J3 angle=292.15
[21:19:07.649] [ARM-RX] J4 angle=0.00
[21:19:07.649] [ARM-RX] J5 angle=83.57
[21:19:09.640] [ARM-TX] 发送命令 soft_reset: soft_reset
[21:19:09.698] [ARM-RX] Found handler for 'soft_reset', executing...
[21:19:09.698] [ARM-RX] ROBOT_SOFT_RESET_EVENT
[21:19:09.698] [ARM-RX] --- Starting soft reset ---
[21:19:09.883] [ARM-RX] Soft reset motors enabled (J1~J5, J6 skipped).
[21:19:09.883] [ARM-RX] Soft resetting joint 4...
[21:19:09.944] [ARM-RX] robot_update_current_angle 4...
[21:19:09.944] [ARM-RX] [4] current:83.57, target:90.00, dir:1
[21:19:10.689] [ARM-RX] Soft resetting joint 3...
[21:19:10.750] [ARM-RX] robot_update_current_angle 3...
[21:19:10.750] [ARM-RX] [3] current:0.00, target:0.00, dir:-1
[21:19:10.875] [ARM-RX] Soft resetting joint 1...
[21:19:10.875] [ARM-RX] robot_update_current_angle 1...
[21:19:10.875] [ARM-RX] [1] current:108.03, target:90.00, dir:-1
[21:19:12.613] [ARM-RX] soft reset joint 1 settle timeout, keep going
[21:19:12.613] [ARM-RX] Soft resetting joint 2...
[21:19:12.613] [ARM-RX] robot_update_current_angle 2...
[21:19:12.613] [ARM-RX] [2] current:-67.85, target:-90.00, dir:-1
[21:19:14.288] [ARM-RX] soft reset joint 2 settle timeout, keep going
[21:19:14.288] [ARM-RX] Soft resetting joint 0...
[21:19:14.288] [ARM-RX] robot_update_current_angle 0...
[21:19:14.288] [ARM-RX] [0] current:90.09, target:90.00, dir:-1
[21:19:14.476] [ARM-RX] soft reset verify not pass, start refine loop...
[21:19:14.601] [ARM-RX] soft reset refine joint 2 round 1: cur=-88.89 target=-90.00 err=1.11 dir=-1
[21:19:14.911] [ARM-RX] soft reset refine pass 1 success.
[21:19:14.911] [ARM-RX] soft reset final verify PASS (issues:2), pose set HOME.
[21:21:43.365] [ARM-RX] BSP_UART_Init Success!!!
[21:21:43.365] [ARM-RX] BSP_CAN_Init Success!!!
[21:21:43.365] [ARM-RX] robot control task runing!!!
[21:21:43.365] [ARM-RX] robot cmd service task ready and running!
[21:21:46.031] [ARM-TX] 发送命令 soft_reset: soft_reset
[21:21:46.103] [ARM-RX] Found handler for 'soft_reset', executing...
[21:21:46.103] [ARM-RX] ROBOT_SOFT_RESET_EVENT
[21:21:46.103] [ARM-RX] --- Starting soft reset ---
[21:21:46.290] [ARM-RX] Soft reset motors enabled (J1~J5, J6 skipped).
[21:21:46.291] [ARM-RX] Soft resetting joint 4...
[21:21:46.291] [ARM-RX] robot_update_current_angle 4...
[21:21:46.291] [ARM-RX] [4] current:90.00, target:90.00, dir:-1
[21:21:46.416] [ARM-RX] Soft resetting joint 3...
[21:21:46.477] [ARM-RX] robot_update_current_angle 3...
[21:21:46.477] [ARM-RX] [3] current:0.00, target:0.00, dir:-1
[21:21:46.601] [ARM-RX] Soft resetting joint 1...
[21:21:46.601] [ARM-RX] robot_update_current_angle 1...
[21:21:46.601] [ARM-RX] [1] current:90.00, target:90.00, dir:-1
[21:21:46.726] [ARM-RX] Soft resetting joint 2...
[21:21:46.788] [ARM-RX] robot_update_current_angle 2...
[21:21:46.788] [ARM-RX] [2] current:-90.06, target:-90.00, dir:1
[21:21:46.913] [ARM-RX] Soft resetting joint 0...
[21:21:46.913] [ARM-RX] robot_update_current_angle 0...
[21:21:46.913] [ARM-RX] [0] current:90.09, target:90.00, dir:-1
[21:21:47.160] [ARM-RX] soft reset final verify PASS (issues:0), pose set HOME.
[21:21:47.740] [ARM-TX] 发送命令 auto 0 -50 0: auto 0 -50 0
[21:21:47.784] [ARM-RX] Found handler for 'auto', executing...
[21:21:47.784] [ARM-RX] ROBOT_AUTO_EVENT
[21:21:47.784] [ARM-RX] [0] <0.00 0.00 0.00> result: 90.00 90.00 -90.00 0.00 90.00 0.00
[21:21:47.784] [ARM-RX] [1] <0.00 -0.00 0.00> result: 90.00 90.00 -90.00 0.00 90.00 0.00
[21:21:47.784] [ARM-RX] [2] <0.00 -0.00 0.00> result: 90.00 90.00 -90.00 0.00
[21:21:47.808] [ARM-RX] 90.00 0.00
[21:21:47.808] [ARM-RX] [3] <0.00 -0.01 0.00> result: 90.00 90.00 -90.00 0.00 90.00 0.00
[21:21:47.808] [ARM-RX] [4] <0.00 -0.02 0.00> result: 90.00 90.00 -89.99 0.00 90.00 0.00
[21:21:47.808] [ARM-RX] [5] <0.00 -0.03 0.00> result: 90.00 90.01 -89.99 0.00 90.00 0.00
[21:21:47.809] [ARM-RX] [6] <0.00 -0.05 0.00> result: 90.00 90.02 -89
[21:21:47.824] [ARM-RX] .98 0.00 90.00 0.00
[21:21:47.824] [ARM-RX] [7] <0.00 -0.08 0.00> result: 90.00 90.02 -89.98 0.00 90.00 0.00
[21:21:47.824] [ARM-RX] [8] <0.00 -0.12 0.00> result: 90.00 90.03 -89.97 0.00 90.00 0.00
[21:21:47.824] [ARM-RX] [9] <0.00 -0.17 0.00> result: 90.00 90.05 -89.95 0.00 90.00 0.00
[21:21:47.825] [ARM-RX] [10] <0.00 -0.22 0.00> result: 90.00
[21:21:47.847] [ARM-RX] 90.06 -89.94 0.00 90.00 0.00
[21:21:47.847] [ARM-RX] [11] <0.00 -0.29 0.00> result: 90.00 90.08 -89.92 0.00 90.00 0.00
[21:21:47.848] [ARM-RX] [12] <0.00 -0.38 0.00> result: 90.00 90.11 -89.89 0.00 90.00 0.00
[21:21:47.848] [ARM-RX] [13] <0.00 -0.47 0.00> result: 90.00 90.14 -89.86 0.00 90.00 0.00
[21:21:47.848] [ARM-RX] [14] <0.00 -0.59 0.00> re
[21:21:47.869] [ARM-RX] sult: 90.00 90.17 -89.83 0.00 90.00 0.00
[21:21:47.870] [ARM-RX] [15] <0.00 -0.71 0.00> result: 90.00 90.20 -89.80 0.00 90.00 0.00
[21:21:47.870] [ARM-RX] [16] <0.00 -0.86 0.00> result: 90.00 90.24 -89.75 0.00 90.00 0.00
[21:21:47.870] [ARM-RX] [17] <0.00 -1.02 0.00> result: 90.00 90.29 -89.71 0.00 90.00 0.00
[21:21:47.871] [ARM-RX] [18] <0.00 -1
[21:21:47.908] [ARM-RX] .20 0.00> result: 90.00 90.34 -89.65 0.00 90.00 0.00
[21:21:47.908] [ARM-RX] [19] <0.00 -1.41 0.00> result: 90.00 90.40 -89.60 0.00 89.99 0.00
[21:21:47.908] [ARM-RX] [20] <0.00 -1.63 0.00> result: 90.00 90.46 -89.53 0.00 89.99 0.00
[21:21:47.910] [ARM-RX] [21] <0.00 -1.87 0.00> result: 90.00 90.53 -89.46 0.00 89.99 0.00
[21:21:47.910] [ARM-RX] [
[21:21:47.914] [ARM-RX] 22] <0.00 -2.14 0.00> result: 90.00 90.60 -89.39 0.00 89.99 0.00
[21:21:47.915] [ARM-RX] [23] <0.00 -2.43 0.00> result: 90.00 90.68 -89.30 0.00 89.98 0.00
[21:21:47.915] [ARM-RX] [24] <0.00 -2.74 0.00> result: 90.00 90.77 -89.21 0.00 89.98 0.00
[21:21:47.915] [ARM-RX] [25] <0.00 -3.08 0.00> result: 90.00 90.86 -89.11 0.00 8
[21:21:47.937] [ARM-RX] 9.97 0.00
[21:21:47.937] [ARM-RX] [26] <0.00 -3.45 0.00> result: 90.00 90.96 -89.01 0.00 89.97 0.00
[21:21:47.938] [ARM-RX] [27] <0.00 -3.83 0.00> result: 90.00 91.06 -88.90 0.00 89.96 0.00
[21:21:47.938] [ARM-RX] [28] <0.00 -4.25 0.00> result: 90.00 91.17 -88.78 0.00 89.95 0.00
[21:21:47.938] [ARM-RX] [29] <0.00 -4.69 0.00> result: 90.00 91.29 -
[21:21:47.971] [ARM-RX] 88.65 0.00 89.94 0.00
[21:21:47.971] [ARM-RX] [30] <0.00 -5.16 0.00> result: 90.00 91.41 -88.52 0.00 89.93 0.00
[21:21:47.973] [ARM-RX] [31] <0.00 -5.66 0.00> result: 90.00 91.54 -88.37 0.00 89.91 0.00
[21:21:47.973] [ARM-RX] [32] <0.00 -6.19 0.00> result: 90.00 91.68 -88.22 0.00 89.90 0.00
[21:21:47.973] [ARM-RX] [33] <0.00 -6.74 0.00> result: 9
[21:21:47.995] [ARM-RX] 0.00 91.82 -88.06 0.00 89.88 0.00
[21:21:47.995] [ARM-RX] [34] <0.00 -7.33 0.00> result: 90.00 91.97 -87.89 0.00 89.86 0.00
[21:21:47.995] [ARM-RX] [35] <0.00 -7.94 0.00> result: 90.00 92.12 -87.71 0.00 89.84 0.00
[21:21:47.995] [ARM-RX] [36] <0.00 -8.58 0.00> result: 90.00 92.28 -87.53 0.00 89.81 0.00
[21:21:47.996] [ARM-RX] [37] <0.00 -9.25 0.0
[21:21:48.018] [ARM-RX] 0> result: 90.00 92.45 -87.33 0.00 89.78 0.00
[21:21:48.018] [ARM-RX] [38] <0.00 -9.95 0.00> result: 90.00 92.62 -87.13 0.00 89.75 0.00
[21:21:48.018] [ARM-RX] [39] <0.00 -10.69 0.00> result: 90.00 92.80 -86.92 0.00 89.72 0.00
[21:21:48.018] [ARM-RX] [40] <0.00 -11.45 0.00> result: 90.00 92.98 -86.69 0.00 89.68 0.00
[21:21:48.018] [ARM-RX] [41] <
[21:21:48.040] [ARM-RX] 0.00 -12.24 0.00> result: 90.00 93.17 -86.46 0.00 89.64 0.00
[21:21:48.041] [ARM-RX] [42] <0.00 -13.06 0.00> result: 90.00 93.37 -86.22 0.00 89.59 0.00
[21:21:48.041] [ARM-RX] [43] <0.00 -13.91 0.00> result: 90.00 93.57 -85.98 0.00 89.54 0.00
[21:21:48.041] [ARM-RX] [44] <0.00 -14.80 0.00> result: 90.00 93.77 -85.72 0.00 89
[21:21:48.064] [ARM-RX] .49 0.00
[21:21:48.064] [ARM-RX] [45] <0.00 -15.71 0.00> result: 90.00 93.98 -85.45 0.00 89.43 0.00
[21:21:48.064] [ARM-RX] [46] <0.00 -16.65 0.00> result: 90.00 94.19 -85.18 0.00 89.37 0.00
[21:21:48.064] [ARM-RX] [47] <0.00 -17.62 0.00> result: 90.00 94.41 -84.89 0.00 89.30 0.00
[21:21:48.064] [ARM-RX] [48] <0.00 -18.62 0.00> result: 90.00 94.6
[21:21:48.086] [ARM-RX] 3 -84.60 0.00 89.23 0.00
[21:21:48.086] [ARM-RX] [49] <0.00 -19.64 0.00> result: 90.00 94.86 -84.30 0.00 89.16 0.00
[21:21:48.086] [ARM-RX] [50] <0.00 -20.70 0.00> result: 90.00 95.09 -83.99 0.00 89.08 0.00
[21:21:48.086] [ARM-RX] [51] <0.00 -21.78 0.00> result: 90.00 95.32 -83.67 0.00 89.00 0.00
[21:21:48.086] [ARM-RX] [52] <0.00 -22.89 0.00> re
[21:21:48.110] [ARM-RX] sult: 90.00 95.56 -83.35 0.00 88.91 0.00
[21:21:48.110] [ARM-RX] [53] <0.00 -24.02 0.00> result: 90.00 95.80 -83.01 0.00 88.81 0.00
[21:21:48.111] [ARM-RX] [54] <0.00 -25.19 0.00> result: 90.00 96.05 -82.67 0.00 88.72 0.00
[21:21:48.111] [ARM-RX] [55] <0.00 -26.37 0.00> result: 90.00 96.29 -82.32 0.00 88.61 0.00
[21:21:48.112] [ARM-RX] [56] <0.00
[21:21:48.131] [ARM-RX] -27.59 0.00> result: 90.00 96.54 -81.96 0.00 88.51 0.00
[21:21:48.131] [ARM-RX] [57] <0.00 -28.82 0.00> result: 90.00 96.80 -81.60 0.00 88.40 0.00
[21:21:48.131] [ARM-RX] [58] <0.00 -30.08 0.00> result: 90.00 97.05 -81.22 0.00 88.28 0.00
[21:21:48.133] [ARM-RX] [59] <0.00 -31.36 0.00> result: 90.00 97.31 -80.84 0.00 88.16
[21:21:48.171] [ARM-RX] 0.00
[21:21:48.171] [ARM-RX] [60] <0.00 -32.67 0.00> result: 90.00 97.57 -80.46 0.00 88.03 0.00
[21:21:48.171] [ARM-RX] [61] <0.00 -33.99 0.00> result: 90.00 97.84 -80.06 0.00 87.90 0.00
[21:21:48.173] [ARM-RX] [62] <0.00 -35.34 0.00> result: 90.00 98.10 -79.66 0.00 87.77 0.00
[21:21:48.173] [ARM-RX] [63] <0.00 -36.70 0.00> result: 90.00 98.37 -7
[21:21:48.215] [ARM-RX] 9.26 0.00 87.63 0.00
[21:21:48.215] [ARM-RX] [64] <0.00 -38.09 0.00> result: 90.00 98.64 -78.85 0.00 87.48 0.00
[21:21:48.216] [ARM-RX] [65] <0.00 -39.49 0.00> result: 90.00 98.91 -78.43 0.00 87.34 0.00
[21:21:48.216] [ARM-RX] [66] <0.00 -40.91 0.00> result: 90.00 99.18 -78.01 0.00 87.19 0.00
[21:21:48.216] [ARM-RX] [67] <0.00 -42.34 0.00> result
[21:21:48.218] [ARM-RX] : 90.00 99.45 -77.58 0.00 87.03 0.00
[21:21:48.218] [ARM-RX] [68] <0.00 -43.78 0.00> result: 90.00 99.73 -77.15 0.00 86.87 0.00
[21:21:48.218] [ARM-RX] [69] <0.00 -45.25 0.00> result: 90.00 100.00 -76.71 0.00 86.71 0.00
[21:21:48.219] [ARM-RX] [70] <0.00 -46.72 0.00> result: 90.00 100.28 -76.27 0.00 86.54 0.00
[21:21:48.219] [ARM-RX] [71] <0.00 -
[21:21:48.235] [ARM-RX] 48.20 0.00> result: 90.00 100.55 -75.82 0.00 86.37 0.00
[21:21:48.235] [ARM-RX] [72] <0.00 -49.70 0.00> result: 90.00 100.83 -75.37 0.00 86.20 0.00
[21:21:48.235] [ARM-RX] [73] <0.00 -50.00 0.00> result: 90.00 100.89 -75.28 0.00 86.17 0.00
[21:21:48.235] [ARM-RX] [74] <0.00 -50.00 0.00> result: 90.00 100.89 -75.28 0.00 86.1
[21:21:48.258] [ARM-RX] 7 0.00
[21:21:48.258] [ARM-RX] [75] <0.00 -50.00 0.00> result: 90.00 100.89 -75.28 0.00 86.17 0.00
[21:21:48.260] [ARM-RX] [76] <0.00 -50.00 0.00> result: 90.00 100.89 -75.28 0.00 86.17 0.00
[21:21:48.260] [ARM-RX] [77] <0.00 -50.00 0.00> result: 90.00 100.89 -75.28 0.00 86.17 0.00
[21:21:48.260] [ARM-RX] [78] <0.00 -50.00 0.00> result: 90.00 100
[21:21:48.280] [ARM-RX] .89 -75.28 0.00 86.17 0.00
[21:21:48.281] [ARM-RX] [79] <0.00 -50.00 0.00> result: 90.00 100.89 -75.28 0.00 86.17 0.00
[21:21:48.281] [ARM-RX] [80] <0.00 -50.00 0.00> result: 90.00 100.89 -75.28 0.00 86.17 0.00
[21:21:48.281] [ARM-RX] [81] <0.00 -50.00 0.00> result: 90.00 100.89 -75.28 0.00 86.17 0.00
[21:21:48.281] [ARM-RX] [82] <0.00 -50.00 0.0
[21:21:48.318] [ARM-RX] 0> result: 90.00 100.89 -75.28 0.00 86.17 0.00
[21:21:48.318] [ARM-RX] [83] <0.00 -50.00 0.00> result: 90.00 100.89 -75.28 0.00 86.17 0.00
[21:21:48.319] [ARM-RX] [84] <0.00 -50.00 0.00> result: 90.00 100.89 -75.28 0.00 86.17 0.00
[21:21:48.319] [ARM-RX] [85] <0.00 -50.00 0.00> result: 90.00 100.89 -75.28 0.00 86.17 0.00
[21:21:48.319] [ARM-RX] [
[21:21:48.338] [ARM-RX] 86] <0.00 -50.00 0.00> result: 90.00 100.89 -75.28 0.00 86.17 0.00
[21:21:48.338] [ARM-RX] [87] <0.00 -50.00 0.00> result: 90.00 100.89 -75.28 0.00 86.17 0.00
[21:21:48.338] [ARM-RX] [88] <0.00 -50.00 0.00> result: 90.00 100.89 -75.28 0.00 86.17 0.00
[21:21:48.338] [ARM-RX] [89] <0.00 -50.00 0.00> result: 90.00 100.89 -75.2
[21:21:48.360] [ARM-RX] 8 0.00 86.17 0.00
[21:21:48.360] [ARM-RX] [90] <0.00 -50.00 0.00> result: 90.00 100.89 -75.28 0.00 86.17 0.00
[21:21:48.360] [ARM-RX] [91] <0.00 -50.00 0.00> result: 90.00 100.89 -75.28 0.00 86.17 0.00
[21:21:48.360] [ARM-RX] [92] <0.00 -50.00 0.00> result: 90.00 100.89 -75.28 0.00 86.17 0.00
[21:21:48.360] [ARM-RX] [93] <0.00 -50.00 0.00> result
[21:21:48.382] [ARM-RX] : 90.00 100.89 -75.28 0.00 86.17 0.00
[21:21:48.383] [ARM-RX] [94] <0.00 -50.00 0.00> result: 90.00 100.89 -75.28 0.00 86.17 0.00
[21:21:48.383] [ARM-RX] [95] <0.00 -50.00 0.00> result: 90.00 100.89 -75.28 0.00 86.17 0.00
[21:21:48.383] [ARM-RX] [96] <0.00 -50.00 0.00> result: 90.00 100.89 -75.28 0.00 86.17 0.00
[21:21:48.383] [ARM-RX] [97] <0.00
[21:21:48.420] [ARM-RX] -50.00 0.00> result: 90.00 100.89 -75.28 0.00 86.17 0.00
[21:21:48.420] [ARM-RX] [98] <0.00 -50.00 0.00> result: 90.00 100.89 -75.28 0.00 86.17 0.00
[21:21:48.420] [ARM-RX] [99] <0.00 -50.00 0.00> result: 90.00 100.89 -75.28 0.00 86.17 0.00
[21:21:48.422] [ARM-RX] [100] <0.00 -50.00 0.00> result: 90.00 100.89 -75.28 0.00 8
[21:21:48.432] [ARM-RX] 6.17 0.00
[21:21:48.432] [ARM-RX] [101] <0.00 -50.00 0.00> result: 90.00 100.89 -75.28 0.00 86.17 0.00
[21:21:48.432] [ARM-RX] [102] <0.00 -50.00 0.00> result: 90.00 100.89 -75.28 0.00 86.17 0.00
[21:21:48.432] [ARM-RX] [103] <0.00 -50.00 0.00> result: 90.00 100.89 -75.28 0.00 86.17 0.00
[21:21:48.433] [ARM-RX] [104] <0.00 -50.00 0.00> result: 90
[21:21:48.452] [ARM-RX] .00 100.89 -75.28 0.00 86.17 0.00
[21:21:48.452] [ARM-RX] [105] <0.00 -50.00 0.00> result: 90.00 100.89 -75.28 0.00 86.17 0.00
[21:21:48.452] [ARM-RX] [106] <0.00 -50.00 0.00> result: 90.00 100.89 -75.28 0.00 86.17 0.00
[21:21:48.453] [ARM-RX] [107] <0.00 -50.00 0.00> result: 90.00 100.89 -75.28 0.00 86.17 0.00
[21:21:48.453] [ARM-RX] [108] <0.00
[21:21:48.475] [ARM-RX] -50.00 0.00> result: 90.00 100.89 -75.28 0.00 86.17 0.00
[21:21:48.475] [ARM-RX] [109] <0.00 -50.00 0.00> result: 90.00 100.89 -75.28 0.00 86.17 0.00
[21:21:48.475] [ARM-RX] [110] <0.00 -50.00 0.00> result: 90.00 100.89 -75.28 0.00 86.17 0.00
[21:21:48.475] [ARM-RX] [111] <0.00 -50.00 0.00> result: 90.00 100.89 -75.28 0.00
[21:21:48.497] [ARM-RX] 86.17 0.00
[21:21:48.497] [ARM-RX] [112] <0.00 -50.00 0.00> result: 90.00 100.89 -75.28 0.00 86.17 0.00
[21:21:48.497] [ARM-RX] [113] <0.00 -50.00 0.00> result: 90.00 100.89 -75.28 0.00 86.17 0.00
[21:21:48.497] [ARM-RX] [114] <0.00 -50.00 0.00> result: 90.00 100.89 -75.28 0.00 86.17 0.00
[21:21:48.498] [ARM-RX] [115] <0.00 -50.00 0.00> result:
[21:21:48.532] [ARM-RX] 90.00 100.89 -75.28 0.00 86.17 0.00
[21:21:48.532] [ARM-RX] [116] <0.00 -50.00 0.00> result: 90.00 100.89 -75.28 0.00 86.17 0.00
[21:21:48.532] [ARM-RX] [117] <0.00 -50.00 0.00> result: 90.00 100.89 -75.28 0.00 86.17 0.00
[21:21:48.534] [ARM-RX] [118] <0.00 -50.00 0.00> result: 90.00 100.89 -75.28 0.00 86.17 0.00
[21:21:48.534] [ARM-RX] [119] <0.
[21:21:48.555] [ARM-RX] 00 -50.00 0.00> result: 90.00 100.89 -75.28 0.00 86.17 0.00
[21:21:48.555] [ARM-RX] [120] <0.00 -50.00 0.00> result: 90.00 100.89 -75.28 0.00 86.17 0.00
[21:21:48.555] [ARM-RX] [121] <0.00 -50.00 0.00> result: 90.00 100.89 -75.28 0.00 86.17 0.00
[21:21:48.555] [ARM-RX] [122] <0.00 -50.00 0.00> result: 90.00 100.89 -75.28 0.
[21:21:48.580] [ARM-RX] 00 86.17 0.00
[21:21:48.580] [ARM-RX] [123] <0.00 -50.00 0.00> result: 90.00 100.89 -75.28 0.00 86.17 0.00
[21:21:48.581] [ARM-RX] [124] <0.00 -50.00 0.00> result: 90.00 100.89 -75.28 0.00 86.17 0.00
[21:21:48.581] [ARM-RX] [125] <0.00 -50.00 0.00> result: 90.00 100.89 -75.28 0.00 86.17 0.00
[21:21:48.581] [ARM-RX] [126] <0.00 -50.00 0.00> result
[21:21:48.599] [ARM-RX] : 90.00 100.89 -75.28 0.00 86.17 0.00
[21:21:48.600] [ARM-RX] [127] <0.00 -50.00 0.00> result: 90.00 100.89 -75.28 0.00 86.17 0.00
[21:21:48.600] [ARM-RX] [128] <0.00 -50.00 0.00> result: 90.00 100.89 -75.28 0.00 86.17 0.00
[21:21:48.601] [ARM-RX] [129] <0.00 -50.00 0.00> result: 90.00 100.89 -75.28 0.00 86.17 0.00
[21:21:48.601] [ARM-RX] [130] <
[21:21:48.623] [ARM-RX] 0.00 -50.00 0.00> result: 90.00 100.89 -75.28 0.00 86.17 0.00
[21:21:48.623] [ARM-RX] [131] <0.00 -50.00 0.00> result: 90.00 100.89 -75.28 0.00 86.17 0.00
[21:21:48.623] [ARM-RX] [132] <0.00 -50.00 0.00> result: 90.00 100.89 -75.28 0.00 86.17 0.00
[21:21:48.623] [ARM-RX] [133] <0.00 -50.00 0.00> result: 90.00 100.89 -75.28
[21:21:48.645] [ARM-RX] 0.00 86.17 0.00
[21:21:48.646] [ARM-RX] [134] <0.00 -50.00 0.00> result: 90.00 100.89 -75.28 0.00 86.17 0.00
[21:21:48.646] [ARM-RX] [135] <0.00 -50.00 0.00> result: 90.00 100.89 -75.28 0.00 86.17 0.00
[21:21:48.646] [ARM-RX] [136] <0.00 -50.00 0.00> result: 90.00 100.89 -75.28 0.00 86.17 0.00
[21:21:48.646] [ARM-RX] [137] <0.00 -50.00 0.00> resu
[21:21:48.668] [ARM-RX] lt: 90.00 100.89 -75.28 0.00 86.17 0.00
[21:21:48.668] [ARM-RX] [138] <0.00 -50.00 0.00> result: 90.00 100.89 -75.28 0.00 86.17 0.00
[21:21:48.670] [ARM-RX] [139] <0.00 -50.00 0.00> result: 90.00 100.89 -75.28 0.00 86.17 0.00
[21:21:48.670] [ARM-RX] [140] <0.00 -50.00 0.00> result: 90.00 100.89 -75.28 0.00 86.17 0.00
[21:21:48.670] [ARM-RX] [141]
[21:21:48.703] [ARM-RX] <0.00 -50.00 0.00> result: 90.00 100.89 -75.28 0.00 86.17 0.00
[21:21:48.703] [ARM-RX] [142] <0.00 -50.00 0.00> result: 90.00 100.89 -75.28 0.00 86.17 0.00
[21:21:48.703] [ARM-RX] [143] <0.00 -50.00 0.00> result: 90.00 100.89 -75.28 0.00 86.17 0.00
[21:21:48.703] [ARM-RX] [144] <0.00 -50.00 0.00> result: 90.00 100.89 -75.2
[21:21:48.726] [ARM-RX] 8 0.00 86.17 0.00
[21:21:48.726] [ARM-RX] [145] <0.00 -50.00 0.00> result: 90.00 100.89 -75.28 0.00 86.17 0.00
[21:21:48.727] [ARM-RX] [146] <0.00 -50.00 0.00> result: 90.00 100.89 -75.28 0.00 86.17 0.00
[21:21:48.727] [ARM-RX] [147] <0.00 -50.00 0.00> result: 90.00 100.89 -75.28 0.00 86.17 0.00
[21:21:48.727] [ARM-RX] [148] <0.00 -50.00 0.00> re
[21:21:48.748] [ARM-RX] sult: 90.00 100.89 -75.28 0.00 86.17 0.00
[21:21:48.750] [ARM-RX] [149] <0.00 -50.00 0.00> result: 90.00 100.89 -75.28 0.00 86.17 0.00
[21:21:48.750] [ARM-RX] [150] <0.00 -50.00 0.00> result: 90.00 100.89 -75.28 0.00 86.17 0.00
[21:21:48.750] [ARM-RX] [151] <0.00 -50.00 0.00> result: 90.00 100.89 -75.28 0.00 86.17 0.00
[21:21:48.750] [ARM-RX] [15
[21:21:48.771] [ARM-RX] 2] <0.00 -50.00 0.00> result: 90.00 100.89 -75.28 0.00 86.17 0.00
[21:21:48.771] [ARM-RX] [153] <0.00 -50.00 0.00> result: 90.00 100.89 -75.28 0.00 86.17 0.00
[21:21:48.772] [ARM-RX] [154] <0.00 -50.00 0.00> result: 90.00 100.89 -75.28 0.00 86.17 0.00
[21:21:48.772] [ARM-RX] [155] <0.00 -50.00 0.00> result: 90.00 100.89 -75
[21:21:48.795] [ARM-RX] .28 0.00 86.17 0.00
[21:21:48.796] [ARM-RX] [156] <0.00 -50.00 0.00> result: 90.00 100.89 -75.28 0.00 86.17 0.00
[21:21:48.796] [ARM-RX] [157] <0.00 -50.00 0.00> result: 90.00 100.89 -75.28 0.00 86.17 0.00
[21:21:48.796] [ARM-RX] [158] <0.00 -50.00 0.00> result: 90.00 100.89 -75.28 0.00 86.17 0.00
[21:21:48.796] [ARM-RX] [159] <0.00 -50.00 0.00>
[21:21:48.861] [ARM-RX] result: 90.00 100.89 -75.28 0.00 86.17 0.00
[21:21:48.861] [ARM-RX] [160] <0.00 -50.00 0.00> result: 90.00 100.89 -75.28 0.00 86.17 0.00
[21:21:48.861] [ARM-RX] [161] <0.00 -50.00 0.00> result: 90.00 100.89 -75.28 0.00 86.17 0.00
[21:21:50.664] [ARM-RX] [joint 1] ave_error:0.09
[21:21:50.664] [ARM-RX] [joint 2] ave_error:2.23
[21:21:50.664] [ARM-RX] [joint 3] ave_error:2.00
[21:21:50.665] [ARM-RX] [joint 4] ave_error:0.00
[21:21:50.665] [ARM-RX] [joint 5] ave_error:0.24
[21:21:50.665] [ARM-RX] robot pid run finished!!
[21:21:52.881] [ARM-TX] 发送命令 read_all: read_all
[21:21:52.960] [ARM-RX] Found handler for 'read_all', executing...
[21:21:52.961] [ARM-RX] ROBOT_READ_ALL_EVENT
[21:21:52.961] [ARM-RX] read_all ret=0 elapsed=2 ms missing=0x00
[21:21:52.961] [ARM-RX] J1 angle=90.09
[21:21:52.961] [ARM-RX] J2 angle=102.24
[21:21:52.961] [ARM-RX] J3 angle=284.76
[21:21:52.962] [ARM-RX] J4 angle=0.00
[21:21:52.962] [ARM-RX] J5 angle=86.07
[21:21:54.598] [ARM-TX] 发送命令 soft_reset: soft_reset
[21:21:54.708] [ARM-RX] Found handler for 'soft_reset', executing...
[21:21:54.708] [ARM-RX] ROBOT_SOFT_RESET_EVENT
[21:21:54.708] [ARM-RX] --- Starting soft reset ---
[21:21:54.894] [ARM-RX] Soft reset motors enabled (J1~J5, J6 skipped).
[21:21:54.894] [ARM-RX] Soft resetting joint 4...
[21:21:54.957] [ARM-RX] robot_update_current_angle 4...
[21:21:54.957] [ARM-RX] [4] current:86.08, target:90.00, dir:1
[21:21:55.515] [ARM-RX] Soft resetting joint 3...
[21:21:55.515] [ARM-RX] robot_update_current_angle 3...
[21:21:55.515] [ARM-RX] [3] current:0.00, target:0.00, dir:-1
[21:21:55.640] [ARM-RX] Soft resetting joint 1...
[21:21:55.641] [ARM-RX] robot_update_current_angle 1...
[21:21:55.641] [ARM-RX] [1] current:102.24, target:90.00, dir:-1
[21:21:57.200] [ARM-RX] soft reset joint 1 settle timeout, keep going
[21:21:57.200] [ARM-RX] Soft resetting joint 2...
[21:21:57.200] [ARM-RX] robot_update_current_angle 2...
[21:21:57.200] [ARM-RX] [2] current:-75.25, target:-90.00, dir:-1
[21:21:58.817] [ARM-RX] soft reset joint 2 settle timeout, keep going
[21:21:58.817] [ARM-RX] Soft resetting joint 0...
[21:21:58.818] [ARM-RX] robot_update_current_angle 0...
[21:21:58.818] [ARM-RX] [0] current:90.09, target:90.00, dir:-1
[21:21:59.006] [ARM-RX] soft reset final verify PASS (issues:2), pose set HOME.
[21:22:00.119] [ARM-TX] 发送命令 auto 0 -70 0: auto 0 -70 0
[21:22:00.241] [ARM-RX] Found handler for 'auto', executing...
[21:22:00.242] [ARM-RX] ROBOT_AUTO_EVENT
[21:22:00.242] [ARM-RX] [0] <0.00 0.00 0.00> result: 90.00 90.00 -90.00 0.00 90.00 0.00
[21:22:00.242] [ARM-RX] [1] <0.00 -0.00 0.00> result: 90.00 90.00 -90.00 0.00 90.00 0.00
[21:22:00.242] [ARM-RX] [2] <0.00 -0.00 0.00> result: 90.00 90.00 -90.00 0.00 90.00 0.00
[21:22:00.244] [ARM-RX] [3]
[21:22:00.264] [ARM-RX] <0.00 -0.01 0.00> result: 90.00 90.00 -90.00 0.00 90.00 0.00
[21:22:00.264] [ARM-RX] [4] <0.00 -0.01 0.00> result: 90.00 90.00 -90.00 0.00 90.00 0.00
[21:22:00.264] [ARM-RX] [5] <0.00 -0.03 0.00> result: 90.00 90.01 -89.99 0.00 90.00 0.00
[21:22:00.265] [ARM-RX] [6] <0.00 -0.04 0.00> result: 90.00 90.01 -89.99 0.00 90.00 0
[21:22:00.288] [ARM-RX] .00
[21:22:00.288] [ARM-RX] [7] <0.00 -0.07 0.00> result: 90.00 90.02 -89.98 0.00 90.00 0.00
[21:22:00.288] [ARM-RX] [8] <0.00 -0.10 0.00> result: 90.00 90.03 -89.97 0.00 90.00 0.00
[21:22:00.288] [ARM-RX] [9] <0.00 -0.14 0.00> result: 90.00 90.04 -89.96 0.00 90.00 0.00
[21:22:00.289] [ARM-RX] [10] <0.00 -0.19 0.00> result: 90.00 90.05 -89.95 0.0
[21:22:00.308] [ARM-RX] 0 90.00 0.00
[21:22:00.309] [ARM-RX] [11] <0.00 -0.25 0.00> result: 90.00 90.07 -89.93 0.00 90.00 0.00
[21:22:00.309] [ARM-RX] [12] <0.00 -0.32 0.00> result: 90.00 90.09 -89.91 0.00 90.00 0.00
[21:22:00.309] [ARM-RX] [13] <0.00 -0.40 0.00> result: 90.00 90.11 -89.88 0.00 90.00 0.00
[21:22:00.309] [ARM-RX] [14] <0.00 -0.50 0.00> result: 90.00 90.1
[21:22:00.335] [ARM-RX] 4 -89.86 0.00 90.00 0.00
[21:22:00.335] [ARM-RX] [15] <0.00 -0.61 0.00> result: 90.00 90.17 -89.83 0.00 90.00 0.00
[21:22:00.336] [ARM-RX] [16] <0.00 -0.73 0.00> result: 90.00 90.21 -89.79 0.00 90.00 0.00
[21:22:00.336] [ARM-RX] [17] <0.00 -0.87 0.00> result: 90.00 90.25 -89.75 0.00 90.00 0.00
[21:22:00.336] [ARM-RX] [18] <0.00 -1.03 0.00> result
[21:22:00.356] [ARM-RX] : 90.00 90.29 -89.71 0.00 90.00 0.00
[21:22:00.356] [ARM-RX] [19] <0.00 -1.20 0.00> result: 90.00 90.34 -89.66 0.00 90.00 0.00
[21:22:00.356] [ARM-RX] [20] <0.00 -1.39 0.00> result: 90.00 90.39 -89.60 0.00 89.99 0.00
[21:22:00.356] [ARM-RX] [21] <0.00 -1.60 0.00> result: 90.00 90.45 -89.54 0.00 89.99 0.00
[21:22:00.357] [ARM-RX] [22] <0.00 -1.83
[21:22:00.377] [ARM-RX] 0.00> result: 90.00 90.52 -89.48 0.00 89.99 0.00
[21:22:00.377] [ARM-RX] [23] <0.00 -2.08 0.00> result: 90.00 90.58 -89.40 0.00 89.99 0.00
[21:22:00.377] [ARM-RX] [24] <0.00 -2.35 0.00> result: 90.00 90.66 -89.33 0.00 89.98 0.00
[21:22:00.379] [ARM-RX] [25] <0.00 -2.64 0.00> result: 90.00 90.74 -89.24 0.00 89.98 0.00
[21:22:00.379] [ARM-RX] [26]
[21:22:00.411] [ARM-RX] <0.00 -2.96 0.00> result: 90.00 90.82 -89.15 0.00 89.98 0.00
[21:22:00.411] [ARM-RX] [27] <0.00 -3.30 0.00> result: 90.00 90.92 -89.05 0.00 89.97 0.00
[21:22:00.412] [ARM-RX] [28] <0.00 -3.66 0.00> result: 90.00 91.01 -88.95 0.00 89.96 0.00
[21:22:00.412] [ARM-RX] [29] <0.00 -4.04 0.00> result: 90.00 91.12 -88.84 0.00 89.95
[21:22:00.434] [ARM-RX] 0.00
[21:22:00.434] [ARM-RX] [30] <0.00 -4.45 0.00> result: 90.00 91.23 -88.72 0.00 89.95 0.00
[21:22:00.434] [ARM-RX] [31] <0.00 -4.89 0.00> result: 90.00 91.34 -88.59 0.00 89.93 0.00
[21:22:00.434] [ARM-RX] [32] <0.00 -5.35 0.00> result: 90.00 91.46 -88.46 0.00 89.92 0.00
[21:22:00.434] [ARM-RX] [33] <0.00 -5.84 0.00> result: 90.00 91.59 -88.3
[21:22:00.459] [ARM-RX] 2 0.00 89.91 0.00
[21:22:00.459] [ARM-RX] [34] <0.00 -6.35 0.00> result: 90.00 91.72 -88.17 0.00 89.89 0.00
[21:22:00.459] [ARM-RX] [35] <0.00 -6.90 0.00> result: 90.00 91.86 -88.01 0.00 89.87 0.00
[21:22:00.459] [ARM-RX] [36] <0.00 -7.47 0.00> result: 90.00 92.00 -87.85 0.00 89.85 0.00
[21:22:00.459] [ARM-RX] [37] <0.00 -8.06 0.00> result: 90.00
[21:22:00.479] [ARM-RX] 92.15 -87.68 0.00 89.83 0.00
[21:22:00.479] [ARM-RX] [38] <0.00 -8.69 0.00> result: 90.00 92.31 -87.49 0.00 89.81 0.00
[21:22:00.480] [ARM-RX] [39] <0.00 -9.35 0.00> result: 90.00 92.47 -87.30 0.00 89.78 0.00
[21:22:00.480] [ARM-RX] [40] <0.00 -10.03 0.00> result: 90.00 92.64 -87.11 0.00 89.75 0.00
[21:22:00.480] [ARM-RX] [41] <0.00 -10.74 0.00>
[21:22:00.505] [ARM-RX] result: 90.00 92.81 -86.90 0.00 89.71 0.00
[21:22:00.505] [ARM-RX] [42] <0.00 -11.49 0.00> result: 90.00 92.99 -86.68 0.00 89.68 0.00
[21:22:00.505] [ARM-RX] [43] <0.00 -12.26 0.00> result: 90.00 93.18 -86.46 0.00 89.63 0.00
[21:22:00.505] [ARM-RX] [44] <0.00 -13.06 0.00> result: 90.00 93.37 -86.22 0.00 89.59 0.00
[21:22:00.506] [ARM-RX] [45] <0
[21:22:00.525] [ARM-RX] .00 -13.89 0.00> result: 90.00 93.56 -85.98 0.00 89.54 0.00
[21:22:00.527] [ARM-RX] [46] <0.00 -14.75 0.00> result: 90.00 93.76 -85.73 0.00 89.49 0.00
[21:22:00.527] [ARM-RX] [47] <0.00 -15.65 0.00> result: 90.00 93.96 -85.47 0.00 89.44 0.00
[21:22:00.527] [ARM-RX] [48] <0.00 -16.57 0.00> result: 90.00 94.17 -85.20 0.00 89.
[21:22:00.548] [ARM-RX] 38 0.00
[21:22:00.549] [ARM-RX] [49] <0.00 -17.52 0.00> result: 90.00 94.39 -84.92 0.00 89.31 0.00
[21:22:00.549] [ARM-RX] [50] <0.00 -18.50 0.00> result: 90.00 94.61 -84.64 0.00 89.24 0.00
[21:22:00.549] [ARM-RX] [51] <0.00 -19.51 0.00> result: 90.00 94.83 -84.34 0.00 89.17 0.00
[21:22:00.549] [ARM-RX] [52] <0.00 -20.55 0.00> result: 90.00 95.06
[21:22:00.572] [ARM-RX] -84.03 0.00 89.09 0.00
[21:22:00.572] [ARM-RX] [53] <0.00 -21.62 0.00> result: 90.00 95.29 -83.72 0.00 89.01 0.00
[21:22:00.572] [ARM-RX] [54] <0.00 -22.72 0.00> result: 90.00 95.53 -83.40 0.00 88.92 0.00
[21:22:00.572] [ARM-RX] [55] <0.00 -23.85 0.00> result: 90.00 95.77 -83.06 0.00 88.83 0.00
[21:22:00.572] [ARM-RX] [56] <0.00 -25.01 0.00> res
[21:22:00.606] [ARM-RX] ult: 90.00 96.01 -82.72 0.00 88.73 0.00
[21:22:00.606] [ARM-RX] [57] <0.00 -26.20 0.00> result: 90.00 96.26 -82.37 0.00 88.63 0.00
[21:22:00.606] [ARM-RX] [58] <0.00 -27.41 0.00> result: 90.00 96.51 -82.01 0.00 88.52 0.00
[21:22:00.606] [ARM-RX] [59] <0.00 -28.66 0.00> result: 90.00 96.76 -81.65 0.00 88.41 0.00
[21:22:00.606] [ARM-RX] [60] <0.00
[21:22:00.628] [ARM-RX] -29.93 0.00> result: 90.00 97.02 -81.27 0.00 88.29 0.00
[21:22:00.628] [ARM-RX] [61] <0.00 -31.23 0.00> result: 90.00 97.29 -80.89 0.00 88.17 0.00
[21:22:00.628] [ARM-RX] [62] <0.00 -32.55 0.00> result: 90.00 97.55 -80.49 0.00 88.04 0.00
[21:22:00.628] [ARM-RX] [63] <0.00 -33.90 0.00> result: 90.00 97.82 -80.09 0.00 87.91 0
[21:22:00.650] [ARM-RX] .00
[21:22:00.651] [ARM-RX] [64] <0.00 -35.28 0.00> result: 90.00 98.09 -79.68 0.00 87.77 0.00
[21:22:00.651] [ARM-RX] [65] <0.00 -36.69 0.00> result: 90.00 98.36 -79.26 0.00 87.63 0.00
[21:22:00.651] [ARM-RX] [66] <0.00 -38.11 0.00> result: 90.00 98.64 -78.84 0.00 87.48 0.00
[21:22:00.651] [ARM-RX] [67] <0.00 -39.57 0.00> result: 90.00 98.92 -78
[21:22:00.674] [ARM-RX] .41 0.00 87.33 0.00
[21:22:00.674] [ARM-RX] [68] <0.00 -41.04 0.00> result: 90.00 99.21 -77.97 0.00 87.17 0.00
[21:22:00.674] [ARM-RX] [69] <0.00 -42.54 0.00> result: 90.00 99.49 -77.52 0.00 87.01 0.00
[21:22:00.674] [ARM-RX] [70] <0.00 -44.06 0.00> result: 90.00 99.78 -77.06 0.00 86.84 0.00
[21:22:00.675] [ARM-RX] [71] <0.00 -45.61 0.00> result:
[21:22:00.697] [ARM-RX] 90.00 100.07 -76.60 0.00 86.67 0.00
[21:22:00.697] [ARM-RX] [72] <0.00 -47.17 0.00> result: 90.00 100.36 -76.13 0.00 86.49 0.00
[21:22:00.697] [ARM-RX] [73] <0.00 -48.75 0.00> result: 90.00 100.65 -75.65 0.00 86.31 0.00
[21:22:00.697] [ARM-RX] [74] <0.00 -50.36 0.00> result: 90.00 100.95 -75.17 0.00 86.12 0.00
[21:22:00.697] [ARM-RX] [75] <0.00
[21:22:00.720] [ARM-RX] -51.98 0.00> result: 90.00 101.25 -74.68 0.00 85.93 0.00
[21:22:00.720] [ARM-RX] [76] <0.00 -53.62 0.00> result: 90.00 101.55 -74.19 0.00 85.74 0.00
[21:22:00.720] [ARM-RX] [77] <0.00 -55.28 0.00> result: 90.00 101.85 -73.69 0.00 85.54 0.00
[21:22:00.720] [ARM-RX] [78] <0.00 -56.96 0.00> result: 90.00 102.16 -73.18 0.00 85.
[21:22:00.743] [ARM-RX] 34 0.00
[21:22:00.743] [ARM-RX] [79] <0.00 -58.65 0.00> result: 90.00 102.46 -72.67 0.00 85.13 0.00
[21:22:00.743] [ARM-RX] [80] <0.00 -60.35 0.00> result: 90.00 102.77 -72.15 0.00 84.92 0.00
[21:22:00.743] [ARM-RX] [81] <0.00 -62.07 0.00> result: 90.00 103.07 -71.63 0.00 84.70 0.00
[21:22:00.744] [ARM-RX] [82] <0.00 -63.81 0.00> result: 90.00 10
[21:22:00.776] [ARM-RX] 3.38 -71.10 0.00 84.48 0.00
[21:22:00.777] [ARM-RX] [83] <0.00 -65.55 0.00> result: 90.00 103.69 -70.57 0.00 84.26 0.00
[21:22:00.777] [ARM-RX] [84] <0.00 -67.31 0.00> result: 90.00 104.00 -70.03 0.00 84.04 0.00
[21:22:00.777] [ARM-RX] [85] <0.00 -69.07 0.00> result: 90.00 104.32 -69.49 0.00 83.81 0.00
[21:22:00.777] [ARM-RX] [86] <0.00 -70.00 0.
[21:22:00.802] [ARM-RX] 00> result: 90.00 104.48 -69.21 0.00 83.69 0.00
[21:22:00.803] [ARM-RX] [87] <0.00 -70.00 0.00> result: 90.00 104.48 -69.21 0.00 83.69 0.00
[21:22:00.803] [ARM-RX] [88] <0.00 -70.00 0.00> result: 90.00 104.48 -69.21 0.00 83.69 0.00
[21:22:00.803] [ARM-RX] [89] <0.00 -70.00 0.00> result: 90.00 104.48 -69.21 0.00 83.69 0.00
[21:22:00.822] [ARM-RX] [90] <0.00 -70.00 0.00> result: 90.00 104.48 -69.21 0.00 83.69 0.00
[21:22:00.824] [ARM-RX] [91] <0.00 -70.00 0.00> result: 90.00 104.48 -69.21 0.00 83.69 0.00
[21:22:00.824] [ARM-RX] [92] <0.00 -70.00 0.00> result: 90.00 104.48 -69.21 0.00 83.69 0.00
[21:22:00.824] [ARM-RX] [93] <0.00 -70.00 0.00> result: 90.00 104.48 -69.
[21:22:00.845] [ARM-RX] 21 0.00 83.69 0.00
[21:22:00.846] [ARM-RX] [94] <0.00 -70.00 0.00> result: 90.00 104.48 -69.21 0.00 83.69 0.00
[21:22:00.846] [ARM-RX] [95] <0.00 -70.00 0.00> result: 90.00 104.48 -69.21 0.00 83.69 0.00
[21:22:00.846] [ARM-RX] [96] <0.00 -70.00 0.00> result: 90.00 104.48 -69.21 0.00 83.69 0.00
[21:22:00.846] [ARM-RX] [97] <0.00 -70.00 0.00> resul
[21:22:00.867] [ARM-RX] t: 90.00 104.48 -69.21 0.00 83.69 0.00
[21:22:00.867] [ARM-RX] [98] <0.00 -70.00 0.00> result: 90.00 104.48 -69.21 0.00 83.69 0.00
[21:22:00.869] [ARM-RX] [99] <0.00 -70.00 0.00> result: 90.00 104.48 -69.21 0.00 83.69 0.00
[21:22:00.869] [ARM-RX] [100] <0.00 -70.00 0.00> result: 90.00 104.48 -69.21 0.00 83.69 0.00
[21:22:00.869] [ARM-RX] [101] <0
[21:22:00.890] [ARM-RX] .00 -70.00 0.00> result: 90.00 104.48 -69.21 0.00 83.69 0.00
[21:22:00.897] [ARM-RX] [102] <0.00 -70.00 0.00> result: 90.00 104.48 -69.21 0.00 83.69 0.00
[21:22:00.897] [ARM-RX] [103] <0.00 -70.00 0.00> result: 90.00 104.48 -69.21 0.00 83.69 0.00
[21:22:00.897] [ARM-RX] [104] <0.00 -70.00 0.00> result: 90.00 104.48 -69.21 0
[21:22:00.913] [ARM-RX] .00 83.69 0.00
[21:22:00.915] [ARM-RX] [105] <0.00 -70.00 0.00> result: 90.00 104.48 -69.21 0.00 83.69 0.00
[21:22:00.915] [ARM-RX] [106] <0.00 -70.00 0.00> result: 90.00 104.48 -69.21 0.00 83.69 0.00
[21:22:00.915] [ARM-RX] [107] <0.00 -70.00 0.00> result: 90.00 104.48 -69.21 0.00 83.69 0.00
[21:22:00.915] [ARM-RX] [108] <0.00 -70.00 0.00> resul
[21:22:00.936] [ARM-RX] t: 90.00 104.48 -69.21 0.00 83.69 0.00
[21:22:00.936] [ARM-RX] [109] <0.00 -70.00 0.00> result: 90.00 104.48 -69.21 0.00 83.69 0.00
[21:22:00.937] [ARM-RX] [110] <0.00 -70.00 0.00> result: 90.00 104.48 -69.21 0.00 83.69 0.00
[21:22:00.937] [ARM-RX] [111] <0.00 -70.00 0.00> result: 90.00 104.48 -69.21 0.00 83.69 0.00
[21:22:00.937] [ARM-RX] [112]
[21:22:00.970] [ARM-RX] <0.00 -70.00 0.00> result: 90.00 104.48 -69.21 0.00 83.69 0.00
[21:22:00.970] [ARM-RX] [113] <0.00 -70.00 0.00> result: 90.00 104.48 -69.21 0.00 83.69 0.00
[21:22:00.971] [ARM-RX] [114] <0.00 -70.00 0.00> result: 90.00 104.48 -69.21 0.00 83.69 0.00
[21:22:00.971] [ARM-RX] [115] <0.00 -70.00 0.00> result: 90.00 104.48 -69.21
[21:22:00.993] [ARM-RX] 0.00 83.69 0.00
[21:22:00.994] [ARM-RX] [116] <0.00 -70.00 0.00> result: 90.00 104.48 -69.21 0.00 83.69 0.00
[21:22:00.994] [ARM-RX] [117] <0.00 -70.00 0.00> result: 90.00 104.48 -69.21 0.00 83.69 0.00
[21:22:00.994] [ARM-RX] [118] <0.00 -70.00 0.00> result: 90.00 104.48 -69.21 0.00 83.69 0.00
[21:22:00.994] [ARM-RX] [119] <0.00 -70.00 0.00> res
[21:22:01.020] [ARM-RX] ult: 90.00 104.48 -69.21 0.00 83.69 0.00
[21:22:01.020] [ARM-RX] [120] <0.00 -70.00 0.00> result: 90.00 104.48 -69.21 0.00 83.69 0.00
[21:22:01.020] [ARM-RX] [121] <0.00 -70.00 0.00> result: 90.00 104.48 -69.21 0.00 83.69 0.00
[21:22:01.020] [ARM-RX] [122] <0.00 -70.00 0.00> result: 90.00 104.48 -69.21 0.00 83.69 0.00
[21:22:01.020] [ARM-RX] [123
[21:22:01.041] [ARM-RX] ] <0.00 -70.00 0.00> result: 90.00 104.48 -69.21 0.00 83.69 0.00
[21:22:01.041] [ARM-RX] [124] <0.00 -70.00 0.00> result: 90.00 104.48 -69.21 0.00 83.69 0.00
[21:22:01.041] [ARM-RX] [125] <0.00 -70.00 0.00> result: 90.00 104.48 -69.21 0.00 83.69 0.00
[21:22:01.041] [ARM-RX] [126] <0.00 -70.00 0.00> result: 90.00 104.48 -69.
[21:22:01.063] [ARM-RX] 21 0.00 83.69 0.00
[21:22:01.063] [ARM-RX] [127] <0.00 -70.00 0.00> result: 90.00 104.48 -69.21 0.00 83.69 0.00
[21:22:01.063] [ARM-RX] [128] <0.00 -70.00 0.00> result: 90.00 104.48 -69.21 0.00 83.69 0.00
[21:22:01.063] [ARM-RX] [129] <0.00 -70.00 0.00> result: 90.00 104.48 -69.21 0.00 83.69 0.00
[21:22:01.063] [ARM-RX] [130] <0.00 -70.00 0.00> r
[21:22:01.084] [ARM-RX] esult: 90.00 104.48 -69.21 0.00 83.69 0.00
[21:22:01.085] [ARM-RX] [131] <0.00 -70.00 0.00> result: 90.00 104.48 -69.21 0.00 83.69 0.00
[21:22:01.086] [ARM-RX] [132] <0.00 -70.00 0.00> result: 90.00 104.48 -69.21 0.00 83.69 0.00
[21:22:01.086] [ARM-RX] [133] <0.00 -70.00 0.00> result: 90.00 104.48 -69.21 0.00 83.69 0.00
[21:22:01.086] [ARM-RX] [1
[21:22:01.107] [ARM-RX] 34] <0.00 -70.00 0.00> result: 90.00 104.48 -69.21 0.00 83.69 0.00
[21:22:01.108] [ARM-RX] [135] <0.00 -70.00 0.00> result: 90.00 104.48 -69.21 0.00 83.69 0.00
[21:22:01.108] [ARM-RX] [136] <0.00 -70.00 0.00> result: 90.00 104.48 -69.21 0.00 83.69 0.00
[21:22:01.108] [ARM-RX] [137] <0.00 -70.00 0.00> result: 90.00 104.48 -6
[21:22:01.142] [ARM-RX] 9.21 0.00 83.69 0.00
[21:22:01.142] [ARM-RX] [138] <0.00 -70.00 0.00> result: 90.00 104.48 -69.21 0.00 83.69 0.00
[21:22:01.143] [ARM-RX] [139] <0.00 -70.00 0.00> result: 90.00 104.48 -69.21 0.00 83.69 0.00
[21:22:01.143] [ARM-RX] [140] <0.00 -70.00 0.00> result: 90.00 104.48 -69.21 0.00 83.69 0.00
[21:22:01.143] [ARM-RX] [141] <0.00 -70.00 0.00>
[21:22:01.165] [ARM-RX] result: 90.00 104.48 -69.21 0.00 83.69 0.00
[21:22:01.165] [ARM-RX] [142] <0.00 -70.00 0.00> result: 90.00 104.48 -69.21 0.00 83.69 0.00
[21:22:01.165] [ARM-RX] [143] <0.00 -70.00 0.00> result: 90.00 104.48 -69.21 0.00 83.69 0.00
[21:22:01.166] [ARM-RX] [144] <0.00 -70.00 0.00> result: 90.00 104.48 -69.21 0.00 83.69 0.00
[21:22:01.187] [ARM-RX] [145] <0.00 -70.00 0.00> result: 90.00 104.48 -69.21 0.00 83.69 0.00
[21:22:01.189] [ARM-RX] [146] <0.00 -70.00 0.00> result: 90.00 104.48 -69.21 0.00 83.69 0.00
[21:22:01.189] [ARM-RX] [147] <0.00 -70.00 0.00> result: 90.00 104.48 -69.21 0.00 83.69 0.00
[21:22:01.189] [ARM-RX] [148] <0.00 -70.00 0.00> result: 90.00 104.48
[21:22:01.210] [ARM-RX] -69.21 0.00 83.69 0.00
[21:22:01.211] [ARM-RX] [149] <0.00 -70.00 0.00> result: 90.00 104.48 -69.21 0.00 83.69 0.00
[21:22:01.211] [ARM-RX] [150] <0.00 -70.00 0.00> result: 90.00 104.48 -69.21 0.00 83.69 0.00
[21:22:01.211] [ARM-RX] [151] <0.00 -70.00 0.00> result: 90.00 104.48 -69.21 0.00 83.69 0.00
[21:22:01.211] [ARM-RX] [152] <0.00 -70.00 0.0
[21:22:01.233] [ARM-RX] 0> result: 90.00 104.48 -69.21 0.00 83.69 0.00
[21:22:01.233] [ARM-RX] [153] <0.00 -70.00 0.00> result: 90.00 104.48 -69.21 0.00 83.69 0.00
[21:22:01.234] [ARM-RX] [154] <0.00 -70.00 0.00> result: 90.00 104.48 -69.21 0.00 83.69 0.00
[21:22:01.234] [ARM-RX] [155] <0.00 -70.00 0.00> result: 90.00 104.48 -69.21 0.00 83.69 0.00
[21:22:01.256] [ARM-RX] [156] <0.00 -70.00 0.00> result: 90.00 104.48 -69.21 0.00 83.69 0.00
[21:22:01.256] [ARM-RX] [157] <0.00 -70.00 0.00> result: 90.00 104.48 -69.21 0.00 83.69 0.00
[21:22:01.257] [ARM-RX] [158] <0.00 -70.00 0.00> result: 90.00 104.48 -69.21 0.00 83.69 0.00
[21:22:01.257] [ARM-RX] [159] <0.00 -70.00 0.00> result: 90.00 104.4
[21:22:01.279] [ARM-RX] 8 -69.21 0.00 83.69 0.00
[21:22:01.286] [ARM-RX] [160] <0.00 -70.00 0.00> result: 90.00 104.48 -69.21 0.00 83.69 0.00
[21:22:01.286] [ARM-RX] [161] <0.00 -70.00 0.00> result: 90.00 104.48 -69.21 0.00 83.69 0.00
[21:22:01.287] [ARM-RX] [162] <0.00 -70.00 0.00> result: 90.00 104.48 -69.21 0.00 83.69 0.00
[21:22:01.287] [ARM-RX] [163] <0.00 -70.00 0
[21:22:01.301] [ARM-RX] .00> result: 90.00 104.48 -69.21 0.00 83.69 0.00
[21:22:01.302] [ARM-RX] [164] <0.00 -70.00 0.00> result: 90.00 104.48 -69.21 0.00 83.69 0.00
[21:22:01.302] [ARM-RX] [165] <0.00 -70.00 0.00> result: 90.00 104.48 -69.21 0.00 83.69 0.00
[21:22:01.302] [ARM-RX] [166] <0.00 -70.00 0.00> result: 90.00 104.48 -69.21 0.00 83.69 0.
[21:22:01.337] [ARM-RX] 00
[21:22:01.337] [ARM-RX] [167] <0.00 -70.00 0.00> result: 90.00 104.48 -69.21 0.00 83.69 0.00
[21:22:01.337] [ARM-RX] [168] <0.00 -70.00 0.00> result: 90.00 104.48 -69.21 0.00 83.69 0.00
[21:22:01.337] [ARM-RX] [169] <0.00 -70.00 0.00> result: 90.00 104.48 -69.21 0.00 83.69 0.00
[21:22:01.337] [ARM-RX] [170] <0.00 -70.00 0.00> result: 90.00 104
[21:22:01.358] [ARM-RX] .48 -69.21 0.00 83.69 0.00
[21:22:01.359] [ARM-RX] [171] <0.00 -70.00 0.00> result: 90.00 104.48 -69.21 0.00 83.69 0.00
[21:22:01.359] [ARM-RX] [172] <0.00 -70.00 0.00> result: 90.00 104.48 -69.21 0.00 83.69 0.00
[21:22:01.359] [ARM-RX] [173] <0.00 -70.00 0.00> result: 90.00 104.48 -69.21 0.00 83.69 0.00
[21:22:01.359] [ARM-RX] [174] <0.00 -70.00
[21:22:01.381] [ARM-RX] 0.00> result: 90.00 104.48 -69.21 0.00 83.69 0.00
[21:22:01.382] [ARM-RX] [175] <0.00 -70.00 0.00> result: 90.00 104.48 -69.21 0.00 83.69 0.00
[21:22:01.382] [ARM-RX] [176] <0.00 -70.00 0.00> result: 90.00 104.48 -69.21 0.00 83.69 0.00
[21:22:01.382] [ARM-RX] [177] <0.00 -70.00 0.00> result: 90.00 104.48 -69.21 0.00 83.69
[21:22:01.405] [ARM-RX] 0.00
[21:22:01.405] [ARM-RX] [178] <0.00 -70.00 0.00> result: 90.00 104.48 -69.21 0.00 83.69 0.00
[21:22:01.405] [ARM-RX] [179] <0.00 -70.00 0.00> result: 90.00 104.48 -69.21 0.00 83.69 0.00
[21:22:01.405] [ARM-RX] [180] <0.00 -70.00 0.00> result: 90.00 104.48 -69.21 0.00 83.69 0.00
[21:22:01.406] [ARM-RX] [181] <0.00 -70.00 0.00> result: 90.00 1
[21:22:01.428] [ARM-RX] 04.48 -69.21 0.00 83.69 0.00
[21:22:01.428] [ARM-RX] [182] <0.00 -70.00 0.00> result: 90.00 104.48 -69.21 0.00 83.69 0.00
[21:22:01.428] [ARM-RX] [183] <0.00 -70.00 0.00> result: 90.00 104.48 -69.21 0.00 83.69 0.00
[21:22:01.428] [ARM-RX] [184] <0.00 -70.00 0.00> result: 90.00 104.48 -69.21 0.00 83.69 0.00
[21:22:01.428] [ARM-RX] [185] <0.00 -70.
[21:22:01.450] [ARM-RX] 00 0.00> result: 90.00 104.48 -69.21 0.00 83.69 0.00
[21:22:01.450] [ARM-RX] [186] <0.00 -70.00 0.00> result: 90.00 104.48 -69.21 0.00 83.69 0.00
[21:22:01.452] [ARM-RX] [187] <0.00 -70.00 0.00> result: 90.00 104.48 -69.21 0.00 83.69 0.00
[21:22:01.452] [ARM-RX] [188] <0.00 -70.00 0.00> result: 90.00 104.48 -69.21 0.00 83.6
[21:22:01.514] [ARM-RX] 9 0.00
[21:22:01.514] [ARM-RX] [189] <0.00 -70.00 0.00> result: 90.00 104.48 -69.21 0.00 83.69 0.00
[21:22:01.515] [ARM-RX] [190] <0.00 -70.00 0.00> result: 90.00 104.48 -69.21 0.00 83.69 0.00
[21:22:03.502] [ARM-RX] [joint 1] ave_error:0.09
[21:22:03.502] [ARM-RX] [joint 2] ave_error:3.04
[21:22:03.503] [ARM-RX] [joint 3] ave_error:3.15
[21:22:03.503] [ARM-RX] [joint 4] ave_error:0.00
[21:22:03.503] [ARM-RX] [joint 5] ave_error:0.44
[21:22:03.503] [ARM-RX] robot pid run finished!!
[21:22:04.342] [ARM-RX] AUTO final confirm failed: joint 1 err=3.11deg tol=3.00, pose invalid.
[21:22:04.342] [ARM-RX] J1 cur=90.09 target=90.00 err=-0.09
[21:22:04.342] [ARM-RX] J2 cur=107.59 target=104.48 err=-3.11
[21:22:04.343] [ARM-RX] J3 cur=-67.79 target=-69.21 err=-1.42
[21:22:04.343] [ARM-RX] J4 cur=0.00 target=0.00 err=-0.00
[21:22:04.343] [ARM-RX] J5 cur=83.57 target=83.6
[21:22:04.409] [ARM-RX] 9 err=0.12
[21:22:06.139] [ARM-TX] 发送命令 read_all: read_all
[21:22:06.203] [ARM-RX] Found handler for 'read_all', executing...
[21:22:06.203] [ARM-RX] ROBOT_READ_ALL_EVENT
[21:22:06.203] [ARM-RX] read_all ret=0 elapsed=3 ms missing=0x00
[21:22:06.203] [ARM-RX] J1 angle=90.09
[21:22:06.203] [ARM-RX] J2 angle=107.58
[21:22:06.205] [ARM-RX] J3 angle=292.21
[21:22:06.205] [ARM-RX] J4 angle=0.00
[21:22:06.205] [ARM-RX] J5 angle=83.57
[21:22:29.291] [ARM-TX] 发送命令 soft_reset: soft_reset
[21:22:29.355] [ARM-RX] Found handler for 'soft_reset', executing...
[21:22:29.355] [ARM-RX] ROBOT_SOFT_RESET_EVENT
[21:22:29.355] [ARM-RX] --- Starting soft reset ---
[21:22:29.543] [ARM-RX] Soft reset motors enabled (J1~J5, J6 skipped).
[21:22:29.543] [ARM-RX] Soft resetting joint 4...
[21:22:29.605] [ARM-RX] robot_update_current_angle 4...
[21:22:29.605] [ARM-RX] [4] current:83.57, target:90.00, dir:1
[21:22:30.345] [ARM-RX] Soft resetting joint 3...
[21:22:30.407] [ARM-RX] robot_update_current_angle 3...
[21:22:30.407] [ARM-RX] [3] current:0.00, target:0.00, dir:-1
[21:22:30.532] [ARM-RX] Soft resetting joint 1...
[21:22:30.532] [ARM-RX] robot_update_current_angle 1...
[21:22:30.532] [ARM-RX] [1] current:107.58, target:90.00, dir:-1
[21:22:32.138] [ARM-RX] soft reset joint 1 settle timeout, keep going
[21:22:32.138] [ARM-RX] Soft resetting joint 2...
[21:22:32.200] [ARM-RX] robot_update_current_angle 2...
[21:22:32.200] [ARM-RX] [2] current:-67.79, target:-90.00, dir:-1
[21:22:33.998] [ARM-RX] soft reset joint 2 settle timeout, keep going
[21:22:33.999] [ARM-RX] Soft resetting joint 0...
[21:22:33.999] [ARM-RX] robot_update_current_angle 0...
[21:22:33.999] [ARM-RX] [0] current:90.09, target:90.00, dir:-1
[21:22:34.123] [ARM-RX] soft reset verify not pass, start refine loop...
[21:22:34.247] [ARM-RX] soft reset refine joint 2 round 1: cur=-88.87 target=-90.00 err=1.13 dir=-1
[21:22:34.555] [ARM-RX] soft reset refine pass 1 success.
[21:22:34.555] [ARM-RX] soft reset final verify PASS (issues:2), pose set HOME.
[21:22:36.388] [ARM-TX] 发送命令 auto 0 -90 0: auto 0 -90 0
[21:22:36.461] [ARM-RX] Found handler for 'auto', executing...
[21:22:36.461] [ARM-RX] ROBOT_AUTO_EVENT
[21:22:36.461] [ARM-RX] [0] <0.00 0.00 0.00> result: 90.00 90.00 -90.00 0.00 90.00 0.00
[21:22:36.461] [ARM-RX] [1] <0.00 -0.00 0.00> result: 90.00 90.00 -90.00 0.00 90.00 0.00
[21:22:36.461] [ARM-RX] [2] <0.00 -0.00 0.00> result: 90.00 90.00 -90.00 0.00 90.00 0.00
[21:22:36.463] [ARM-RX] [3]
[21:22:36.484] [ARM-RX] <0.00 -0.01 0.00> result: 90.00 90.00 -90.00 0.00 90.00 0.00
[21:22:36.484] [ARM-RX] [4] <0.00 -0.01 0.00> result: 90.00 90.00 -90.00 0.00 90.00 0.00
[21:22:36.484] [ARM-RX] [5] <0.00 -0.02 0.00> result: 90.00 90.01 -89.99 0.00 90.00 0.00
[21:22:36.485] [ARM-RX] [6] <0.00 -0.04 0.00> result: 90.00 90.01 -89.99 0.00 90.00 0
[21:22:36.507] [ARM-RX] .00
[21:22:36.509] [ARM-RX] [7] <0.00 -0.06 0.00> result: 90.00 90.02 -89.98 0.00 90.00 0.00
[21:22:36.509] [ARM-RX] [8] <0.00 -0.09 0.00> result: 90.00 90.03 -89.97 0.00 90.00 0.00
[21:22:36.509] [ARM-RX] [9] <0.00 -0.12 0.00> result: 90.00 90.04 -89.96 0.00 90.00 0.00
[21:22:36.509] [ARM-RX] [10] <0.00 -0.17 0.00> result: 90.00 90.05 -89.95 0.0
[21:22:36.530] [ARM-RX] 0 90.00 0.00
[21:22:36.530] [ARM-RX] [11] <0.00 -0.22 0.00> result: 90.00 90.06 -89.94 0.00 90.00 0.00
[21:22:36.530] [ARM-RX] [12] <0.00 -0.28 0.00> result: 90.00 90.08 -89.92 0.00 90.00 0.00
[21:22:36.530] [ARM-RX] [13] <0.00 -0.36 0.00> result: 90.00 90.10 -89.90 0.00 90.00 0.00
[21:22:36.530] [ARM-RX] [14] <0.00 -0.44 0.00> result: 90.00 90.1
[21:22:36.553] [ARM-RX] 3 -89.87 0.00 90.00 0.00
[21:22:36.554] [ARM-RX] [15] <0.00 -0.54 0.00> result: 90.00 90.15 -89.85 0.00 90.00 0.00
[21:22:36.554] [ARM-RX] [16] <0.00 -0.65 0.00> result: 90.00 90.18 -89.81 0.00 90.00 0.00
[21:22:36.554] [ARM-RX] [17] <0.00 -0.77 0.00> result: 90.00 90.22 -89.78 0.00 90.00 0.00
[21:22:36.554] [ARM-RX] [18] <0.00 -0.91 0.00> result
[21:22:36.575] [ARM-RX] : 90.00 90.26 -89.74 0.00 90.00 0.00
[21:22:36.575] [ARM-RX] [19] <0.00 -1.06 0.00> result: 90.00 90.30 -89.70 0.00 90.00 0.00
[21:22:36.575] [ARM-RX] [20] <0.00 -1.23 0.00> result: 90.00 90.35 -89.65 0.00 90.00 0.00
[21:22:36.576] [ARM-RX] [21] <0.00 -1.42 0.00> result: 90.00 90.40 -89.59 0.00 89.99 0.00
[21:22:36.576] [ARM-RX] [22] <0.00 -1.62
[21:22:36.597] [ARM-RX] 0.00> result: 90.00 90.46 -89.53 0.00 89.99 0.00
[21:22:36.598] [ARM-RX] [23] <0.00 -1.85 0.00> result: 90.00 90.52 -89.47 0.00 89.99 0.00
[21:22:36.598] [ARM-RX] [24] <0.00 -2.09 0.00> result: 90.00 90.59 -89.40 0.00 89.99 0.00
[21:22:36.598] [ARM-RX] [25] <0.00 -2.35 0.00> result: 90.00 90.66 -89.33 0.00 89.98 0.00
[21:22:36.598] [ARM-RX] [26]
[21:22:36.632] [ARM-RX] <0.00 -2.63 0.00> result: 90.00 90.74 -89.24 0.00 89.98 0.00
[21:22:36.633] [ARM-RX] [27] <0.00 -2.93 0.00> result: 90.00 90.82 -89.16 0.00 89.98 0.00
[21:22:36.633] [ARM-RX] [28] <0.00 -3.26 0.00> result: 90.00 90.91 -89.06 0.00 89.97 0.00
[21:22:36.633] [ARM-RX] [29] <0.00 -3.60 0.00> result: 90.00 91.00 -88.96 0.00 89.96
[21:22:36.656] [ARM-RX] 0.00
[21:22:36.657] [ARM-RX] [30] <0.00 -3.97 0.00> result: 90.00 91.10 -88.86 0.00 89.96 0.00
[21:22:36.657] [ARM-RX] [31] <0.00 -4.36 0.00> result: 90.00 91.20 -88.75 0.00 89.95 0.00
[21:22:36.657] [ARM-RX] [32] <0.00 -4.78 0.00> result: 90.00 91.31 -88.63 0.00 89.94 0.00
[21:22:36.657] [ARM-RX] [33] <0.00 -5.22 0.00> result: 90.00 91.43 -88.5
[21:22:36.677] [ARM-RX] 0 0.00 89.93 0.00
[21:22:36.678] [ARM-RX] [34] <0.00 -5.69 0.00> result: 90.00 91.55 -88.36 0.00 89.91 0.00
[21:22:36.678] [ARM-RX] [35] <0.00 -6.18 0.00> result: 90.00 91.68 -88.22 0.00 89.90 0.00
[21:22:36.678] [ARM-RX] [36] <0.00 -6.69 0.00> result: 90.00 91.81 -88.07 0.00 89.88 0.00
[21:22:36.678] [ARM-RX] [37] <0.00 -7.24 0.00> result: 90.00
[21:22:36.702] [ARM-RX] 91.95 -87.92 0.00 89.86 0.00
[21:22:36.702] [ARM-RX] [38] <0.00 -7.80 0.00> result: 90.00 92.09 -87.75 0.00 89.84 0.00
[21:22:36.702] [ARM-RX] [39] <0.00 -8.40 0.00> result: 90.00 92.24 -87.58 0.00 89.82 0.00
[21:22:36.708] [ARM-RX] [40] <0.00 -9.02 0.00> result: 90.00 92.39 -87.40 0.00 89.79 0.00
[21:22:36.708] [ARM-RX] [41] <0.00 -9.68 0.00> r
[21:22:36.723] [ARM-RX] esult: 90.00 92.55 -87.21 0.00 89.76 0.00
[21:22:36.724] [ARM-RX] [42] <0.00 -10.35 0.00> result: 90.00 92.72 -87.01 0.00 89.73 0.00
[21:22:36.724] [ARM-RX] [43] <0.00 -11.06 0.00> result: 90.00 92.89 -86.81 0.00 89.70 0.00
[21:22:36.724] [ARM-RX] [44] <0.00 -11.80 0.00> result: 90.00 93.07 -86.59 0.00 89.66 0.00
[21:22:36.724] [ARM-RX] [45] <0.0
[21:22:36.747] [ARM-RX] 0 -12.56 0.00> result: 90.00 93.25 -86.37 0.00 89.62 0.00
[21:22:36.747] [ARM-RX] [46] <0.00 -13.36 0.00> result: 90.00 93.44 -86.14 0.00 89.57 0.00
[21:22:36.747] [ARM-RX] [47] <0.00 -14.18 0.00> result: 90.00 93.63 -85.90 0.00 89.53 0.00
[21:22:36.747] [ARM-RX] [48] <0.00 -15.04 0.00> result: 90.00 93.82 -85.65 0.00 89.47
[21:22:36.769] [ARM-RX] 0.00
[21:22:36.770] [ARM-RX] [49] <0.00 -15.92 0.00> result: 90.00 94.03 -85.39 0.00 89.42 0.00
[21:22:36.770] [ARM-RX] [50] <0.00 -16.83 0.00> result: 90.00 94.23 -85.12 0.00 89.36 0.00
[21:22:36.770] [ARM-RX] [51] <0.00 -17.77 0.00> result: 90.00 94.45 -84.85 0.00 89.29 0.00
[21:22:36.770] [ARM-RX] [52] <0.00 -18.75 0.00> result: 90.00 94.66 -
[21:22:36.791] [ARM-RX] 84.56 0.00 89.22 0.00
[21:22:36.792] [ARM-RX] [53] <0.00 -19.75 0.00> result: 90.00 94.88 -84.27 0.00 89.15 0.00
[21:22:36.792] [ARM-RX] [54] <0.00 -20.78 0.00> result: 90.00 95.11 -83.97 0.00 89.07 0.00
[21:22:36.792] [ARM-RX] [55] <0.00 -21.84 0.00> result: 90.00 95.34 -83.65 0.00 88.99 0.00
[21:22:36.792] [ARM-RX] [56] <0.00 -22.93 0.00> resul
[21:22:36.827] [ARM-RX] t: 90.00 95.57 -83.33 0.00 88.90 0.00
[21:22:36.827] [ARM-RX] [57] <0.00 -24.06 0.00> result: 90.00 95.81 -83.00 0.00 88.81 0.00
[21:22:36.827] [ARM-RX] [58] <0.00 -25.21 0.00> result: 90.00 96.05 -82.66 0.00 88.72 0.00
[21:22:36.827] [ARM-RX] [59] <0.00 -26.39 0.00> result: 90.00 96.30 -82.32 0.00 88.61 0.00
[21:22:36.828] [ARM-RX] [60] <0.00 -2
[21:22:36.852] [ARM-RX] 7.60 0.00> result: 90.00 96.55 -81.96 0.00 88.51 0.00
[21:22:36.852] [ARM-RX] [61] <0.00 -28.84 0.00> result: 90.00 96.80 -81.59 0.00 88.39 0.00
[21:22:36.852] [ARM-RX] [62] <0.00 -30.11 0.00> result: 90.00 97.06 -81.22 0.00 88.28 0.00
[21:22:36.853] [ARM-RX] [63] <0.00 -31.41 0.00> result: 90.00 97.32 -80.83 0.00 88.15 0.0
[21:22:36.871] [ARM-RX] 0
[21:22:36.872] [ARM-RX] [64] <0.00 -32.74 0.00> result: 90.00 97.59 -80.44 0.00 88.02 0.00
[21:22:36.872] [ARM-RX] [65] <0.00 -34.10 0.00> result: 90.00 97.86 -80.03 0.00 87.89 0.00
[21:22:36.872] [ARM-RX] [66] <0.00 -35.48 0.00> result: 90.00 98.13 -79.62 0.00 87.75 0.00
[21:22:36.872] [ARM-RX] [67] <0.00 -36.89 0.00> result: 90.00 98.41 -79.2
[21:22:36.895] [ARM-RX] 0 0.00 87.61 0.00
[21:22:36.895] [ARM-RX] [68] <0.00 -38.33 0.00> result: 90.00 98.68 -78.77 0.00 87.46 0.00
[21:22:36.895] [ARM-RX] [69] <0.00 -39.80 0.00> result: 90.00 98.97 -78.34 0.00 87.30 0.00
[21:22:36.896] [ARM-RX] [70] <0.00 -41.30 0.00> result: 90.00 99.25 -77.89 0.00 87.14 0.00
[21:22:36.896] [ARM-RX] [71] <0.00 -42.82 0.00> result: 9
[21:22:36.918] [ARM-RX] 0.00 99.54 -77.44 0.00 86.98 0.00
[21:22:36.918] [ARM-RX] [72] <0.00 -44.37 0.00> result: 90.00 99.84 -76.97 0.00 86.81 0.00
[21:22:36.918] [ARM-RX] [73] <0.00 -45.94 0.00> result: 90.00 100.13 -76.50 0.00 86.63 0.00
[21:22:36.919] [ARM-RX] [74] <0.00 -47.54 0.00> result: 90.00 100.43 -76.02 0.00 86.45 0.00
[21:22:36.919] [ARM-RX] [75] <0.00 -49.
[21:22:36.943] [ARM-RX] 16 0.00> result: 90.00 100.73 -75.53 0.00 86.26 0.00
[21:22:36.943] [ARM-RX] [76] <0.00 -50.81 0.00> result: 90.00 101.03 -75.04 0.00 86.07 0.00
[21:22:36.943] [ARM-RX] [77] <0.00 -52.48 0.00> result: 90.00 101.34 -74.53 0.00 85.87 0.00
[21:22:36.944] [ARM-RX] [78] <0.00 -54.17 0.00> result: 90.00 101.65 -74.02 0.00 85.67 0
[21:22:36.965] [ARM-RX] .00
[21:22:36.965] [ARM-RX] [79] <0.00 -55.89 0.00> result: 90.00 101.96 -73.50 0.00 85.47 0.00
[21:22:36.965] [ARM-RX] [80] <0.00 -57.63 0.00> result: 90.00 102.28 -72.98 0.00 85.25 0.00
[21:22:36.965] [ARM-RX] [81] <0.00 -59.39 0.00> result: 90.00 102.59 -72.44 0.00 85.04 0.00
[21:22:36.966] [ARM-RX] [82] <0.00 -61.17 0.00> result: 90.00 102.91
[21:22:36.998] [ARM-RX] -71.90 0.00 84.82 0.00
[21:22:36.998] [ARM-RX] [83] <0.00 -62.97 0.00> result: 90.00 103.24 -71.35 0.00 84.59 0.00
[21:22:36.998] [ARM-RX] [84] <0.00 -64.79 0.00> result: 90.00 103.56 -70.80 0.00 84.36 0.00
[21:22:36.998] [ARM-RX] [85] <0.00 -66.63 0.00> result: 90.00 103.89 -70.24 0.00 84.12 0.00
[21:22:36.998] [ARM-RX] [86] <0.00 -68.49 0.00>
[21:22:37.020] [ARM-RX] result: 90.00 104.21 -69.67 0.00 83.89 0.00
[21:22:37.021] [ARM-RX] [87] <0.00 -70.37 0.00> result: 90.00 104.54 -69.10 0.00 83.64 0.00
[21:22:37.022] [ARM-RX] [88] <0.00 -72.26 0.00> result: 90.00 104.88 -68.52 0.00 83.39 0.00
[21:22:37.022] [ARM-RX] [89] <0.00 -74.17 0.00> result: 90.00 105.21 -67.93 0.00 83.14 0.00
[21:22:37.022] [ARM-RX] [90]
[21:22:37.048] [ARM-RX] <0.00 -76.09 0.00> result: 90.00 105.55 -67.34 0.00 82.89 0.00
[21:22:37.048] [ARM-RX] [91] <0.00 -78.03 0.00> result: 90.00 105.89 -66.74 0.00 82.63 0.00
[21:22:37.048] [ARM-RX] [92] <0.00 -79.98 0.00> result: 90.00 106.23 -66.14 0.00 82.36 0.00
[21:22:37.048] [ARM-RX] [93] <0.00 -81.95 0.00> result: 90.00 106.57 -65.53 0
[21:22:37.068] [ARM-RX] .00 82.10 0.00
[21:22:37.068] [ARM-RX] [94] <0.00 -83.92 0.00> result: 90.00 106.91 -64.92 0.00 81.83 0.00
[21:22:37.068] [ARM-RX] [95] <0.00 -85.91 0.00> result: 90.00 107.25 -64.30 0.00 81.55 0.00
[21:22:37.068] [ARM-RX] [96] <0.00 -87.91 0.00> result: 90.00 107.60 -63.67 0.00 81.27 0.00
[21:22:37.068] [ARM-RX] [97] <0.00 -89.92 0.00> result: 9
[21:22:37.091] [ARM-RX] 0.00 107.95 -63.05 0.00 80.99 0.00
[21:22:37.091] [ARM-RX] [98] <0.00 -90.00 0.00> result: 90.00 107.96 -63.02 0.00 80.98 0.00
[21:22:37.091] [ARM-RX] [99] <0.00 -90.00 0.00> result: 90.00 107.96 -63.02 0.00 80.98 0.00
[21:22:37.092] [ARM-RX] [100] <0.00 -90.00 0.00> result: 90.00 107.96 -63.02 0.00 80.98 0.00
[21:22:37.092] [ARM-RX] [101] <0.00
[21:22:37.111] [ARM-RX] -90.00 0.00> result: 90.00 107.96 -63.02 0.00 80.98 0.00
[21:22:37.111] [ARM-RX] [102] <0.00 -90.00 0.00> result: 90.00 107.96 -63.02 0.00 80.98 0.00
[21:22:37.112] [ARM-RX] [103] <0.00 -90.00 0.00> result: 90.00 107.96 -63.02 0.00 80.98 0.00
[21:22:37.112] [ARM-RX] [104] <0.00 -90.00 0.00> result: 90.00 107.96 -63.02 0.00
[21:22:37.135] [ARM-RX] 80.98 0.00
[21:22:37.135] [ARM-RX] [105] <0.00 -90.00 0.00> result: 90.00 107.96 -63.02 0.00 80.98 0.00
[21:22:37.135] [ARM-RX] [106] <0.00 -90.00 0.00> result: 90.00 107.96 -63.02 0.00 80.98 0.00
[21:22:37.135] [ARM-RX] [107] <0.00 -90.00 0.00> result: 90.00 107.96 -63.02 0.00 80.98 0.00
[21:22:37.135] [ARM-RX] [108] <0.00 -90.00 0.00> result: 9
[21:22:37.158] [ARM-RX] 0.00 107.96 -63.02 0.00 80.98 0.00
[21:22:37.160] [ARM-RX] [109] <0.00 -90.00 0.00> result: 90.00 107.96 -63.02 0.00 80.98 0.00
[21:22:37.160] [ARM-RX] [110] <0.00 -90.00 0.00> result: 90.00 107.96 -63.02 0.00 80.98 0.00
[21:22:37.160] [ARM-RX] [111] <0.00 -90.00 0.00> result: 90.00 107.96 -63.02 0.00 80.98 0.00
[21:22:37.160] [ARM-RX] [112] <0.0
[21:22:37.191] [ARM-RX] 0 -90.00 0.00> result: 90.00 107.96 -63.02 0.00 80.98 0.00
[21:22:37.191] [ARM-RX] [113] <0.00 -90.00 0.00> result: 90.00 107.96 -63.02 0.00 80.98 0.00
[21:22:37.192] [ARM-RX] [114] <0.00 -90.00 0.00> result: 90.00 107.96 -63.02 0.00 80.98 0.00
[21:22:37.192] [ARM-RX] [115] <0.00 -90.00 0.00> result: 90.00 107.96 -63.02 0.0
[21:22:37.215] [ARM-RX] 0 80.98 0.00
[21:22:37.215] [ARM-RX] [116] <0.00 -90.00 0.00> result: 90.00 107.96 -63.02 0.00 80.98 0.00
[21:22:37.216] [ARM-RX] [117] <0.00 -90.00 0.00> result: 90.00 107.96 -63.02 0.00 80.98 0.00
[21:22:37.216] [ARM-RX] [118] <0.00 -90.00 0.00> result: 90.00 107.96 -63.02 0.00 80.98 0.00
[21:22:37.216] [ARM-RX] [119] <0.00 -90.00 0.00> result:
[21:22:37.238] [ARM-RX] 90.00 107.96 -63.02 0.00 80.98 0.00
[21:22:37.238] [ARM-RX] [120] <0.00 -90.00 0.00> result: 90.00 107.96 -63.02 0.00 80.98 0.00
[21:22:37.238] [ARM-RX] [121] <0.00 -90.00 0.00> result: 90.00 107.96 -63.02 0.00 80.98 0.00
[21:22:37.238] [ARM-RX] [122] <0.00 -90.00 0.00> result: 90.00 107.96 -63.02 0.00 80.98 0.00
[21:22:37.238] [ARM-RX] [123] <0
[21:22:37.262] [ARM-RX] .00 -90.00 0.00> result: 90.00 107.96 -63.02 0.00 80.98 0.00
[21:22:37.262] [ARM-RX] [124] <0.00 -90.00 0.00> result: 90.00 107.96 -63.02 0.00 80.98 0.00
[21:22:37.262] [ARM-RX] [125] <0.00 -90.00 0.00> result: 90.00 107.96 -63.02 0.00 80.98 0.00
[21:22:37.262] [ARM-RX] [126] <0.00 -90.00 0.00> result: 90.00 107.96 -63.02 0
[21:22:37.283] [ARM-RX] .00 80.98 0.00
[21:22:37.283] [ARM-RX] [127] <0.00 -90.00 0.00> result: 90.00 107.96 -63.02 0.00 80.98 0.00
[21:22:37.283] [ARM-RX] [128] <0.00 -90.00 0.00> result: 90.00 107.96 -63.02 0.00 80.98 0.00
[21:22:37.283] [ARM-RX] [129] <0.00 -90.00 0.00> result: 90.00 107.96 -63.02 0.00 80.98 0.00
[21:22:37.283] [ARM-RX] [130] <0.00 -90.00 0.00> resul
[21:22:37.305] [ARM-RX] t: 90.00 107.96 -63.02 0.00 80.98 0.00
[21:22:37.305] [ARM-RX] [131] <0.00 -90.00 0.00> result: 90.00 107.96 -63.02 0.00 80.98 0.00
[21:22:37.306] [ARM-RX] [132] <0.00 -90.00 0.00> result: 90.00 107.96 -63.02 0.00 80.98 0.00
[21:22:37.306] [ARM-RX] [133] <0.00 -90.00 0.00> result: 90.00 107.96 -63.02 0.00 80.98 0.00
[21:22:37.306] [ARM-RX] [134]
[21:22:37.329] [ARM-RX] <0.00 -90.00 0.00> result: 90.00 107.96 -63.02 0.00 80.98 0.00
[21:22:37.329] [ARM-RX] [135] <0.00 -90.00 0.00> result: 90.00 107.96 -63.02 0.00 80.98 0.00
[21:22:37.329] [ARM-RX] [136] <0.00 -90.00 0.00> result: 90.00 107.96 -63.02 0.00 80.98 0.00
[21:22:37.329] [ARM-RX] [137] <0.00 -90.00 0.00> result: 90.00 107.96 -63.02
[21:22:37.364] [ARM-RX] 0.00 80.98 0.00
[21:22:37.370] [ARM-RX] [138] <0.00 -90.00 0.00> result: 90.00 107.96 -63.02 0.00 80.98 0.00
[21:22:37.371] [ARM-RX] [139] <0.00 -90.00 0.00> result: 90.00 107.96 -63.02 0.00 80.98 0.00
[21:22:37.371] [ARM-RX] [140] <0.00 -90.00 0.00> result: 90.00 107.96 -63.02 0.00 80.98 0.00
[21:22:37.371] [ARM-RX] [141] <0.00 -90.00 0.00> res
[21:22:37.386] [ARM-RX] ult: 90.00 107.96 -63.02 0.00 80.98 0.00
[21:22:37.386] [ARM-RX] [142] <0.00 -90.00 0.00> result: 90.00 107.96 -63.02 0.00 80.98 0.00
[21:22:37.386] [ARM-RX] [143] <0.00 -90.00 0.00> result: 90.00 107.96 -63.02 0.00 80.98 0.00
[21:22:37.387] [ARM-RX] [144] <0.00 -90.00 0.00> result: 90.00 107.96 -63.02 0.00 80.98 0.00
[21:22:37.387] [ARM-RX] [145
[21:22:37.409] [ARM-RX] ] <0.00 -90.00 0.00> result: 90.00 107.96 -63.02 0.00 80.98 0.00
[21:22:37.409] [ARM-RX] [146] <0.00 -90.00 0.00> result: 90.00 107.96 -63.02 0.00 80.98 0.00
[21:22:37.409] [ARM-RX] [147] <0.00 -90.00 0.00> result: 90.00 107.96 -63.02 0.00 80.98 0.00
[21:22:37.409] [ARM-RX] [148] <0.00 -90.00 0.00> result: 90.00 107.96 -63.
[21:22:37.431] [ARM-RX] 02 0.00 80.98 0.00
[21:22:37.432] [ARM-RX] [149] <0.00 -90.00 0.00> result: 90.00 107.96 -63.02 0.00 80.98 0.00
[21:22:37.432] [ARM-RX] [150] <0.00 -90.00 0.00> result: 90.00 107.96 -63.02 0.00 80.98 0.00
[21:22:37.432] [ARM-RX] [151] <0.00 -90.00 0.00> result: 90.00 107.96 -63.02 0.00 80.98 0.00
[21:22:37.432] [ARM-RX] [152] <0.00 -90.00 0.00> r
[21:22:37.454] [ARM-RX] esult: 90.00 107.96 -63.02 0.00 80.98 0.00
[21:22:37.454] [ARM-RX] [153] <0.00 -90.00 0.00> result: 90.00 107.96 -63.02 0.00 80.98 0.00
[21:22:37.455] [ARM-RX] [154] <0.00 -90.00 0.00> result: 90.00 107.96 -63.02 0.00 80.98 0.00
[21:22:37.455] [ARM-RX] [155] <0.00 -90.00 0.00> result: 90.00 107.96 -63.02 0.00 80.98 0.00
[21:22:37.455] [ARM-RX] [1
[21:22:37.477] [ARM-RX] 56] <0.00 -90.00 0.00> result: 90.00 107.96 -63.02 0.00 80.98 0.00
[21:22:37.478] [ARM-RX] [157] <0.00 -90.00 0.00> result: 90.00 107.96 -63.02 0.00 80.98 0.00
[21:22:37.478] [ARM-RX] [158] <0.00 -90.00 0.00> result: 90.00 107.96 -63.02 0.00 80.98 0.00
[21:22:37.480] [ARM-RX] [159] <0.00 -90.00 0.00> result: 90.00 107.96 -6
[21:22:37.500] [ARM-RX] 3.02 0.00 80.98 0.00
[21:22:37.500] [ARM-RX] [160] <0.00 -90.00 0.00> result: 90.00 107.96 -63.02 0.00 80.98 0.00
[21:22:37.500] [ARM-RX] [161] <0.00 -90.00 0.00> result: 90.00 107.96 -63.02 0.00 80.98 0.00
[21:22:37.500] [ARM-RX] [162] <0.00 -90.00 0.00> result: 90.00 107.96 -63.02 0.00 80.98 0.00
[21:22:37.500] [ARM-RX] [163] <0.00 -90.00 0.00>
[21:22:37.522] [ARM-RX] result: 90.00 107.96 -63.02 0.00 80.98 0.00
[21:22:37.522] [ARM-RX] [164] <0.00 -90.00 0.00> result: 90.00 107.96 -63.02 0.00 80.98 0.00
[21:22:37.522] [ARM-RX] [165] <0.00 -90.00 0.00> result: 90.00 107.96 -63.02 0.00 80.98 0.00
[21:22:37.524] [ARM-RX] [166] <0.00 -90.00 0.00> result: 90.00 107.96 -63.02 0.00 80.98 0.00
[21:22:37.558] [ARM-RX] [167] <0.00 -90.00 0.00> result: 90.00 107.96 -63.02 0.00 80.98 0.00
[21:22:37.558] [ARM-RX] [168] <0.00 -90.00 0.00> result: 90.00 107.96 -63.02 0.00 80.98 0.00
[21:22:37.558] [ARM-RX] [169] <0.00 -90.00 0.00> result: 90.00 107.96 -63.02 0.00 80.98 0.00
[21:22:37.558] [ARM-RX] [170] <0.00 -90.00 0.00> result: 90.00 107.96
[21:22:37.579] [ARM-RX] -63.02 0.00 80.98 0.00
[21:22:37.580] [ARM-RX] [171] <0.00 -90.00 0.00> result: 90.00 107.96 -63.02 0.00 80.98 0.00
[21:22:37.580] [ARM-RX] [172] <0.00 -90.00 0.00> result: 90.00 107.96 -63.02 0.00 80.98 0.00
[21:22:37.580] [ARM-RX] [173] <0.00 -90.00 0.00> result: 90.00 107.96 -63.02 0.00 80.98 0.00
[21:22:37.580] [ARM-RX] [174] <0.00 -90.00 0.0
[21:22:37.603] [ARM-RX] 0> result: 90.00 107.96 -63.02 0.00 80.98 0.00
[21:22:37.603] [ARM-RX] [175] <0.00 -90.00 0.00> result: 90.00 107.96 -63.02 0.00 80.98 0.00
[21:22:37.603] [ARM-RX] [176] <0.00 -90.00 0.00> result: 90.00 107.96 -63.02 0.00 80.98 0.00
[21:22:37.603] [ARM-RX] [177] <0.00 -90.00 0.00> result: 90.00 107.96 -63.02 0.00 80.98 0.00
[21:22:37.629] [ARM-RX] [178] <0.00 -90.00 0.00> result: 90.00 107.96 -63.02 0.00 80.98 0.00
[21:22:37.630] [ARM-RX] [179] <0.00 -90.00 0.00> result: 90.00 107.96 -63.02 0.00 80.98 0.00
[21:22:37.630] [ARM-RX] [180] <0.00 -90.00 0.00> result: 90.00 107.96 -63.02 0.00 80.98 0.00
[21:22:37.630] [ARM-RX] [181] <0.00 -90.00 0.00> result: 90.00 107.9
[21:22:37.649] [ARM-RX] 6 -63.02 0.00 80.98 0.00
[21:22:37.649] [ARM-RX] [182] <0.00 -90.00 0.00> result: 90.00 107.96 -63.02 0.00 80.98 0.00
[21:22:37.649] [ARM-RX] [183] <0.00 -90.00 0.00> result: 90.00 107.96 -63.02 0.00 80.98 0.00
[21:22:37.649] [ARM-RX] [184] <0.00 -90.00 0.00> result: 90.00 107.96 -63.02 0.00 80.98 0.00
[21:22:37.649] [ARM-RX] [185] <0.00 -90.00 0
[21:22:37.671] [ARM-RX] .00> result: 90.00 107.96 -63.02 0.00 80.98 0.00
[21:22:37.672] [ARM-RX] [186] <0.00 -90.00 0.00> result: 90.00 107.96 -63.02 0.00 80.98 0.00
[21:22:37.672] [ARM-RX] [187] <0.00 -90.00 0.00> result: 90.00 107.96 -63.02 0.00 80.98 0.00
[21:22:37.672] [ARM-RX] [188] <0.00 -90.00 0.00> result: 90.00 107.96 -63.02 0.00 80.98 0.
[21:22:37.695] [ARM-RX] 00
[21:22:37.695] [ARM-RX] [189] <0.00 -90.00 0.00> result: 90.00 107.96 -63.02 0.00 80.98 0.00
[21:22:37.695] [ARM-RX] [190] <0.00 -90.00 0.00> result: 90.00 107.96 -63.02 0.00 80.98 0.00
[21:22:37.695] [ARM-RX] [191] <0.00 -90.00 0.00> result: 90.00 107.96 -63.02 0.00 80.98 0.00
[21:22:37.696] [ARM-RX] [192] <0.00 -90.00 0.00> result: 90.00 107
[21:22:37.733] [ARM-RX] .96 -63.02 0.00 80.98 0.00
[21:22:37.733] [ARM-RX] [193] <0.00 -90.00 0.00> result: 90.00 107.96 -63.02 0.00 80.98 0.00
[21:22:37.733] [ARM-RX] [194] <0.00 -90.00 0.00> result: 90.00 107.96 -63.02 0.00 80.98 0.00
[21:22:37.733] [ARM-RX] [195] <0.00 -90.00 0.00> result: 90.00 107.96 -63.02 0.00 80.98 0.00
[21:22:37.733] [ARM-RX] [196] <0.00 -90.00
[21:22:37.752] [ARM-RX] 0.00> result: 90.00 107.96 -63.02 0.00 80.98 0.00
[21:22:37.752] [ARM-RX] [197] <0.00 -90.00 0.00> result: 90.00 107.96 -63.02 0.00 80.98 0.00
[21:22:37.752] [ARM-RX] [198] <0.00 -90.00 0.00> result: 90.00 107.96 -63.02 0.00 80.98 0.00
[21:22:37.752] [ARM-RX] [199] <0.00 -90.00 0.00> result: 90.00 107.96 -63.02 0.00 80.98
[21:22:37.775] [ARM-RX] 0.00
[21:22:37.775] [ARM-RX] [200] <0.00 -90.00 0.00> result: 90.00 107.96 -63.02 0.00 80.98 0.00
[21:22:37.775] [ARM-RX] [201] <0.00 -90.00 0.00> result: 90.00 107.96 -63.02 0.00 80.98 0.00
[21:22:37.775] [ARM-RX] [202] <0.00 -90.00 0.00> result: 90.00 107.96 -63.02 0.00 80.98 0.00
[21:22:37.776] [ARM-RX] [203] <0.00 -90.00 0.00> result: 90.00 1
[21:22:37.796] [ARM-RX] 07.96 -63.02 0.00 80.98 0.00
[21:22:37.797] [ARM-RX] [204] <0.00 -90.00 0.00> result: 90.00 107.96 -63.02 0.00 80.98 0.00
[21:22:37.797] [ARM-RX] [205] <0.00 -90.00 0.00> result: 90.00 107.96 -63.02 0.00 80.98 0.00
[21:22:37.797] [ARM-RX] [206] <0.00 -90.00 0.00> result: 90.00 107.96 -63.02 0.00 80.98 0.00
[21:22:37.797] [ARM-RX] [207] <0.00 -90.
[21:22:37.820] [ARM-RX] 00 0.00> result: 90.00 107.96 -63.02 0.00 80.98 0.00
[21:22:37.820] [ARM-RX] [208] <0.00 -90.00 0.00> result: 90.00 107.96 -63.02 0.00 80.98 0.00
[21:22:37.820] [ARM-RX] [209] <0.00 -90.00 0.00> result: 90.00 107.96 -63.02 0.00 80.98 0.00
[21:22:37.820] [ARM-RX] [210] <0.00 -90.00 0.00> result: 90.00 107.96 -63.02 0.00 80.9
[21:22:37.842] [ARM-RX] 8 0.00
[21:22:37.843] [ARM-RX] [211] <0.00 -90.00 0.00> result: 90.00 107.96 -63.02 0.00 80.98 0.00
[21:22:37.843] [ARM-RX] [212] <0.00 -90.00 0.00> result: 90.00 107.96 -63.02 0.00 80.98 0.00
[21:22:37.843] [ARM-RX] [213] <0.00 -90.00 0.00> result: 90.00 107.96 -63.02 0.00 80.98 0.00
[21:22:37.843] [ARM-RX] [214] <0.00 -90.00 0.00> result: 90.00
[21:22:37.905] [ARM-RX] 107.96 -63.02 0.00 80.98 0.00
[21:22:37.905] [ARM-RX] [215] <0.00 -90.00 0.00> result: 90.00 107.96 -63.02 0.00 80.98 0.00
[21:22:37.907] [ARM-RX] [216] <0.00 -90.00 0.00> result: 90.00 107.96 -63.02 0.00 80.98 0.00
[21:22:40.208] [ARM-RX] [joint 1] ave_error:0.09
[21:22:40.208] [ARM-RX] [joint 2] ave_error:3.80
[21:22:40.208] [ARM-RX] [joint 3] ave_error:4.59
[21:22:40.208] [ARM-RX] [joint 4] ave_error:0.00
[21:22:40.208] [ARM-RX] [joint 5] ave_error:0.75
[21:22:40.210] [ARM-RX] robot pid run finished!!
[21:22:40.995] [ARM-RX] AUTO final confirm failed: joint 1 err=4.78deg tol=3.00, pose invalid.
[21:22:40.995] [ARM-RX] J1 cur=90.09 target=90.00 err=-0.09
[21:22:40.996] [ARM-RX] J2 cur=112.74 target=107.96 err=-4.78
[21:22:40.996] [ARM-RX] J3 cur=-58.67 target=-63.02 err=-4.35
[21:22:40.996] [ARM-RX] J4 cur=0.00 target=0.00 err=-0.00
[21:22:40.996] [ARM-RX] J5 cur=80.77 target=80.9
[21:22:41.061] [ARM-RX] 8 err=0.21
[21:22:49.879] [ARM-TX] 发送命令 auto 0 -90 0: auto 0 -90 0
[21:22:49.940] [ARM-RX] Found handler for 'auto', executing...
[21:22:49.940] [ARM-RX] reject AUTO: pose invalid, please do hard_reset/soft_reset first.
[21:22:49.940] [ARM-RX] [ERROR] event_type:auto failed
[21:22:52.719] [ARM-TX] 发送命令 read_all: read_all
[21:22:52.782] [ARM-RX] Found handler for 'read_all', executing...
[21:22:52.782] [ARM-RX] ROBOT_READ_ALL_EVENT
[21:22:52.782] [ARM-RX] read_all ret=0 elapsed=2 ms missing=0x00
[21:22:52.782] [ARM-RX] J1 angle=90.09
[21:22:52.782] [ARM-RX] J2 angle=112.73
[21:22:52.783] [ARM-RX] J3 angle=301.33
[21:22:52.783] [ARM-RX] J4 angle=0.00
[21:22:52.783] [ARM-RX] J5 angle=80.77
[21:22:54.369] [ARM-TX] 发送命令 soft_reset: soft_reset
[21:22:54.457] [ARM-RX] Found handler for 'soft_reset', executing...
[21:22:54.458] [ARM-RX] ROBOT_SOFT_RESET_EVENT
[21:22:54.458] [ARM-RX] --- Starting soft reset ---
[21:22:54.643] [ARM-RX] Soft reset motors enabled (J1~J5, J6 skipped).
[21:22:54.643] [ARM-RX] Soft resetting joint 4...
[21:22:54.643] [ARM-RX] robot_update_current_angle 4...
[21:22:54.643] [ARM-RX] [4] current:80.77, target:90.00, dir:1
[21:22:55.639] [ARM-RX] Soft resetting joint 3...
[21:22:55.639] [ARM-RX] robot_update_current_angle 3...
[21:22:55.639] [ARM-RX] [3] current:0.00, target:0.00, dir:-1
[21:22:55.763] [ARM-RX] Soft resetting joint 1...
[21:22:55.826] [ARM-RX] robot_update_current_angle 1...
[21:22:55.826] [ARM-RX] [1] current:112.73, target:90.00, dir:-1
[21:22:57.630] [ARM-RX] soft reset joint 1 settle timeout, keep going
[21:22:57.630] [ARM-RX] Soft resetting joint 2...
[21:22:57.630] [ARM-RX] robot_update_current_angle 2...
[21:22:57.630] [ARM-RX] [2] current:-58.67, target:-90.00, dir:-1
[21:22:59.621] [ARM-RX] soft reset joint 2 settle timeout, keep going
[21:22:59.621] [ARM-RX] Soft resetting joint 0...
[21:22:59.622] [ARM-RX] robot_update_current_angle 0...
[21:22:59.622] [ARM-RX] [0] current:90.09, target:90.00, dir:-1
[21:22:59.746] [ARM-RX] soft reset verify not pass, start refine loop...
[21:22:59.870] [ARM-RX] soft reset refine joint 2 round 1: cur=-87.20 target=-90.00 err=2.80 dir=-1
[21:23:00.616] [ARM-RX] soft reset refine pass 1 success.
[21:23:00.616] [ARM-RX] soft reset final verify PASS (issues:2), pose set HOME.
[21:28:17.601] [ARM-TX] 发送命令 auto 0 -143.25 0: auto 0 -143.25 0
[21:28:17.640] [ARM-RX] Found handler for 'auto', executing...
[21:28:17.640] [ARM-RX] ROBOT_AUTO_EVENT
[21:28:17.641] [ARM-RX] [0] <0.00 0.00 0.00> result: 90.00 90.00 -90.00 0.00 90.00 0.00
[21:28:17.641] [ARM-RX] [1] <0.00 -0.00 0.00> result: 90.00 90.00 -90.00 0.00 90.00 0.00
[21:28:17.641] [ARM-RX] [2] <0.00 -0.00 0.00> result: 90.00 90.00 -90.00 0.00 90.00 0.00
[21:28:17.641] [ARM-RX] [3]
[21:28:17.663] [ARM-RX] <0.00 -0.00 0.00> result: 90.00 90.00 -90.00 0.00 90.00 0.00
[21:28:17.663] [ARM-RX] [4] <0.00 -0.01 0.00> result: 90.00 90.00 -90.00 0.00 90.00 0.00
[21:28:17.663] [ARM-RX] [5] <0.00 -0.02 0.00> result: 90.00 90.01 -89.99 0.00 90.00 0.00
[21:28:17.664] [ARM-RX] [6] <0.00 -0.03 0.00> result: 90.00 90.01 -89.99 0.00 90.00 0
[21:28:17.686] [ARM-RX] .00
[21:28:17.686] [ARM-RX] [7] <0.00 -0.05 0.00> result: 90.00 90.01 -89.99 0.00 90.00 0.00
[21:28:17.686] [ARM-RX] [8] <0.00 -0.07 0.00> result: 90.00 90.02 -89.98 0.00 90.00 0.00
[21:28:17.686] [ARM-RX] [9] <0.00 -0.10 0.00> result: 90.00 90.03 -89.97 0.00 90.00 0.00
[21:28:17.686] [ARM-RX] [10] <0.00 -0.13 0.00> result: 90.00 90.04 -89.96 0.0
[21:28:17.709] [ARM-RX] 0 90.00 0.00
[21:28:17.709] [ARM-RX] [11] <0.00 -0.17 0.00> result: 90.00 90.05 -89.95 0.00 90.00 0.00
[21:28:17.709] [ARM-RX] [12] <0.00 -0.22 0.00> result: 90.00 90.06 -89.94 0.00 90.00 0.00
[21:28:17.709] [ARM-RX] [13] <0.00 -0.28 0.00> result: 90.00 90.08 -89.92 0.00 90.00 0.00
[21:28:17.709] [ARM-RX] [14] <0.00 -0.35 0.00> result: 90.00 90.1
[21:28:17.734] [ARM-RX] 0 -89.90 0.00 90.00 0.00
[21:28:17.734] [ARM-RX] [15] <0.00 -0.43 0.00> result: 90.00 90.12 -89.88 0.00 90.00 0.00
[21:28:17.734] [ARM-RX] [16] <0.00 -0.51 0.00> result: 90.00 90.15 -89.85 0.00 90.00 0.00
[21:28:17.735] [ARM-RX] [17] <0.00 -0.61 0.00> result: 90.00 90.17 -89.82 0.00 90.00 0.00
[21:28:17.735] [ARM-RX] [18] <0.00 -0.72 0.00> result
[21:28:17.754] [ARM-RX] : 90.00 90.21 -89.79 0.00 90.00 0.00
[21:28:17.754] [ARM-RX] [19] <0.00 -0.85 0.00> result: 90.00 90.24 -89.76 0.00 90.00 0.00
[21:28:17.754] [ARM-RX] [20] <0.00 -0.98 0.00> result: 90.00 90.28 -89.72 0.00 90.00 0.00
[21:28:17.754] [ARM-RX] [21] <0.00 -1.13 0.00> result: 90.00 90.32 -89.68 0.00 90.00 0.00
[21:28:17.755] [ARM-RX] [22] <0.00 -1.30
[21:28:17.777] [ARM-RX] 0.00> result: 90.00 90.37 -89.63 0.00 90.00 0.00
[21:28:17.777] [ARM-RX] [23] <0.00 -1.48 0.00> result: 90.00 90.42 -89.58 0.00 89.99 0.00
[21:28:17.777] [ARM-RX] [24] <0.00 -1.67 0.00> result: 90.00 90.47 -89.52 0.00 89.99 0.00
[21:28:17.777] [ARM-RX] [25] <0.00 -1.88 0.00> result: 90.00 90.53 -89.46 0.00 89.99 0.00
[21:28:17.778] [ARM-RX] [26]
[21:28:17.811] [ARM-RX] <0.00 -2.11 0.00> result: 90.00 90.59 -89.40 0.00 89.99 0.00
[21:28:17.811] [ARM-RX] [27] <0.00 -2.35 0.00> result: 90.00 90.66 -89.32 0.00 89.98 0.00
[21:28:17.811] [ARM-RX] [28] <0.00 -2.61 0.00> result: 90.00 90.73 -89.25 0.00 89.98 0.00
[21:28:17.811] [ARM-RX] [29] <0.00 -2.90 0.00> result: 90.00 90.81 -89.17 0.00 89.98
[21:28:17.834] [ARM-RX] 0.00
[21:28:17.834] [ARM-RX] [30] <0.00 -3.19 0.00> result: 90.00 90.89 -89.08 0.00 89.97 0.00
[21:28:17.834] [ARM-RX] [31] <0.00 -3.51 0.00> result: 90.00 90.97 -88.99 0.00 89.97 0.00
[21:28:17.834] [ARM-RX] [32] <0.00 -3.85 0.00> result: 90.00 91.07 -88.89 0.00 89.96 0.00
[21:28:17.835] [ARM-RX] [33] <0.00 -4.21 0.00> result: 90.00 91.16 -88.7
[21:28:17.863] [ARM-RX] 9 0.00 89.95 0.00
[21:28:17.863] [ARM-RX] [34] <0.00 -4.59 0.00> result: 90.00 91.26 -88.68 0.00 89.94 0.00
[21:28:17.864] [ARM-RX] [35] <0.00 -4.99 0.00> result: 90.00 91.37 -88.56 0.00 89.93 0.00
[21:28:17.864] [ARM-RX] [36] <0.00 -5.42 0.00> result: 90.00 91.48 -88.44 0.00 89.92 0.00
[21:28:17.864] [ARM-RX] [37] <0.00 -5.86 0.00> result: 90.00
[21:28:17.881] [ARM-RX] 91.59 -88.31 0.00 89.91 0.00
[21:28:17.881] [ARM-RX] [38] <0.00 -6.33 0.00> result: 90.00 91.72 -88.18 0.00 89.89 0.00
[21:28:17.881] [ARM-RX] [39] <0.00 -6.82 0.00> result: 90.00 91.84 -88.03 0.00 89.88 0.00
[21:28:17.882] [ARM-RX] [40] <0.00 -7.34 0.00> result: 90.00 91.97 -87.89 0.00 89.86 0.00
[21:28:17.882] [ARM-RX] [41] <0.00 -7.88 0.00> r
[21:28:17.909] [ARM-RX] esult: 90.00 92.11 -87.73 0.00 89.84 0.00
[21:28:17.909] [ARM-RX] [42] <0.00 -8.45 0.00> result: 90.00 92.25 -87.57 0.00 89.82 0.00
[21:28:17.909] [ARM-RX] [43] <0.00 -9.04 0.00> result: 90.00 92.40 -87.39 0.00 89.79 0.00
[21:28:17.909] [ARM-RX] [44] <0.00 -9.65 0.00> result: 90.00 92.55 -87.22 0.00 89.76 0.00
[21:28:17.909] [ARM-RX] [45] <0.00 -
[21:28:17.928] [ARM-RX] 10.29 0.00> result: 90.00 92.70 -87.03 0.00 89.73 0.00
[21:28:17.929] [ARM-RX] [46] <0.00 -10.96 0.00> result: 90.00 92.87 -86.84 0.00 89.70 0.00
[21:28:17.929] [ARM-RX] [47] <0.00 -11.65 0.00> result: 90.00 93.03 -86.64 0.00 89.67 0.00
[21:28:17.929] [ARM-RX] [48] <0.00 -12.37 0.00> result: 90.00 93.20 -86.43 0.00 89.63 0.
[21:28:17.949] [ARM-RX] 00
[21:28:17.949] [ARM-RX] [49] <0.00 -13.12 0.00> result: 90.00 93.38 -86.21 0.00 89.59 0.00
[21:28:17.949] [ARM-RX] [50] <0.00 -13.89 0.00> result: 90.00 93.56 -85.98 0.00 89.54 0.00
[21:28:17.949] [ARM-RX] [51] <0.00 -14.69 0.00> result: 90.00 93.75 -85.75 0.00 89.49 0.00
[21:28:17.949] [ARM-RX] [52] <0.00 -15.52 0.00> result: 90.00 93.94 -85.
[21:28:17.976] [ARM-RX] 51 0.00 89.44 0.00
[21:28:17.976] [ARM-RX] [53] <0.00 -16.38 0.00> result: 90.00 94.13 -85.26 0.00 89.39 0.00
[21:28:17.976] [ARM-RX] [54] <0.00 -17.26 0.00> result: 90.00 94.33 -85.00 0.00 89.33 0.00
[21:28:17.976] [ARM-RX] [55] <0.00 -18.18 0.00> result: 90.00 94.54 -84.73 0.00 89.26 0.00
[21:28:17.976] [ARM-RX] [56] <0.00 -19.12 0.00> result:
[21:28:18.007] [ARM-RX] 90.00 94.74 -84.45 0.00 89.20 0.00
[21:28:18.007] [ARM-RX] [57] <0.00 -20.09 0.00> result: 90.00 94.96 -84.17 0.00 89.13 0.00
[21:28:18.007] [ARM-RX] [58] <0.00 -21.10 0.00> result: 90.00 95.18 -83.87 0.00 89.05 0.00
[21:28:18.007] [ARM-RX] [59] <0.00 -22.13 0.00> result: 90.00 95.40 -83.57 0.00 88.97 0.00
[21:28:18.008] [ARM-RX] [60] <0.00 -23.1
[21:28:18.028] [ARM-RX] 9 0.00> result: 90.00 95.62 -83.26 0.00 88.88 0.00
[21:28:18.028] [ARM-RX] [61] <0.00 -24.27 0.00> result: 90.00 95.85 -82.94 0.00 88.79 0.00
[21:28:18.028] [ARM-RX] [62] <0.00 -25.39 0.00> result: 90.00 96.09 -82.61 0.00 88.70 0.00
[21:28:18.028] [ARM-RX] [63] <0.00 -26.54 0.00> result: 90.00 96.33 -82.27 0.00 88.60 0.00
[21:28:18.050] [ARM-RX] [64] <0.00 -27.72 0.00> result: 90.00 96.57 -81.92 0.00 88.50 0.00
[21:28:18.052] [ARM-RX] [65] <0.00 -28.93 0.00> result: 90.00 96.82 -81.57 0.00 88.39 0.00
[21:28:18.052] [ARM-RX] [66] <0.00 -30.17 0.00> result: 90.00 97.07 -81.20 0.00 88.27 0.00
[21:28:18.052] [ARM-RX] [67] <0.00 -31.44 0.00> result: 90.00 97.33 -80.82 0
[21:28:18.074] [ARM-RX] .00 88.15 0.00
[21:28:18.074] [ARM-RX] [68] <0.00 -32.74 0.00> result: 90.00 97.59 -80.44 0.00 88.03 0.00
[21:28:18.075] [ARM-RX] [69] <0.00 -34.06 0.00> result: 90.00 97.85 -80.04 0.00 87.89 0.00
[21:28:18.075] [ARM-RX] [70] <0.00 -35.42 0.00> result: 90.00 98.12 -79.64 0.00 87.76 0.00
[21:28:18.075] [ARM-RX] [71] <0.00 -36.81 0.00> result: 90.0
[21:28:18.097] [ARM-RX] 0 98.39 -79.23 0.00 87.62 0.00
[21:28:18.097] [ARM-RX] [72] <0.00 -38.23 0.00> result: 90.00 98.66 -78.80 0.00 87.47 0.00
[21:28:18.097] [ARM-RX] [73] <0.00 -39.68 0.00> result: 90.00 98.94 -78.37 0.00 87.32 0.00
[21:28:18.098] [ARM-RX] [74] <0.00 -41.16 0.00> result: 90.00 99.23 -77.93 0.00 87.16 0.00
[21:28:18.099] [ARM-RX] [75] <0.00 -42.66 0.
[21:28:18.119] [ARM-RX] 00> result: 90.00 99.51 -77.48 0.00 86.99 0.00
[21:28:18.121] [ARM-RX] [76] <0.00 -44.20 0.00> result: 90.00 99.80 -77.02 0.00 86.83 0.00
[21:28:18.121] [ARM-RX] [77] <0.00 -45.77 0.00> result: 90.00 100.10 -76.55 0.00 86.65 0.00
[21:28:18.121] [ARM-RX] [78] <0.00 -47.36 0.00> result: 90.00 100.40 -76.07 0.00 86.47 0.00
[21:28:18.121] [ARM-RX] [7
[21:28:18.142] [ARM-RX] 9] <0.00 -48.99 0.00> result: 90.00 100.70 -75.58 0.00 86.28 0.00
[21:28:18.142] [ARM-RX] [80] <0.00 -50.64 0.00> result: 90.00 101.00 -75.09 0.00 86.09 0.00
[21:28:18.142] [ARM-RX] [81] <0.00 -52.32 0.00> result: 90.00 101.31 -74.58 0.00 85.89 0.00
[21:28:18.142] [ARM-RX] [82] <0.00 -54.04 0.00> result: 90.00 101.62 -74.06
[21:28:18.177] [ARM-RX] 0.00 85.69 0.00
[21:28:18.177] [ARM-RX] [83] <0.00 -55.77 0.00> result: 90.00 101.94 -73.54 0.00 85.48 0.00
[21:28:18.177] [ARM-RX] [84] <0.00 -57.54 0.00> result: 90.00 102.26 -73.00 0.00 85.26 0.00
[21:28:18.177] [ARM-RX] [85] <0.00 -59.34 0.00> result: 90.00 102.58 -72.46 0.00 85.04 0.00
[21:28:18.178] [ARM-RX] [86] <0.00 -61.16 0.00> result:
[21:28:18.200] [ARM-RX] 90.00 102.91 -71.91 0.00 84.82 0.00
[21:28:18.200] [ARM-RX] [87] <0.00 -63.01 0.00> result: 90.00 103.24 -71.34 0.00 84.59 0.00
[21:28:18.200] [ARM-RX] [88] <0.00 -64.89 0.00> result: 90.00 103.58 -70.77 0.00 84.35 0.00
[21:28:18.201] [ARM-RX] [89] <0.00 -66.79 0.00> result: 90.00 103.91 -70.19 0.00 84.10 0.00
[21:28:18.201] [ARM-RX] [90] <0.00
[21:28:18.223] [ARM-RX] -68.72 0.00> result: 90.00 104.26 -69.60 0.00 83.86 0.00
[21:28:18.223] [ARM-RX] [91] <0.00 -70.68 0.00> result: 90.00 104.60 -69.00 0.00 83.60 0.00
[21:28:18.224] [ARM-RX] [92] <0.00 -72.66 0.00> result: 90.00 104.95 -68.39 0.00 83.34 0.00
[21:28:18.224] [ARM-RX] [93] <0.00 -74.67 0.00> result: 90.00 105.30 -67.78 0.00 83.
[21:28:18.245] [ARM-RX] 08 0.00
[21:28:18.245] [ARM-RX] [94] <0.00 -76.70 0.00> result: 90.00 105.65 -67.15 0.00 82.80 0.00
[21:28:18.245] [ARM-RX] [95] <0.00 -78.76 0.00> result: 90.00 106.01 -66.51 0.00 82.53 0.00
[21:28:18.246] [ARM-RX] [96] <0.00 -80.84 0.00> result: 90.00 106.38 -65.87 0.00 82.25 0.00
[21:28:18.246] [ARM-RX] [97] <0.00 -82.95 0.00> result: 90.00 10
[21:28:18.268] [ARM-RX] 6.74 -65.22 0.00 81.96 0.00
[21:28:18.268] [ARM-RX] [98] <0.00 -85.07 0.00> result: 90.00 107.11 -64.56 0.00 81.67 0.00
[21:28:18.268] [ARM-RX] [99] <0.00 -87.23 0.00> result: 90.00 107.48 -63.89 0.00 81.37 0.00
[21:28:18.268] [ARM-RX] [100] <0.00 -89.40 0.00> result: 90.00 107.86 -63.21 0.00 81.07 0.00
[21:28:18.269] [ARM-RX] [101] <0.00 -91.59
[21:28:18.291] [ARM-RX] 0.00> result: 90.00 108.24 -62.52 0.00 80.76 0.00
[21:28:18.292] [ARM-RX] [102] <0.00 -93.81 0.00> result: 90.00 108.62 -61.83 0.00 80.45 0.00
[21:28:18.292] [ARM-RX] [103] <0.00 -96.05 0.00> result: 90.00 109.00 -61.13 0.00 80.13 0.00
[21:28:18.292] [ARM-RX] [104] <0.00 -98.31 0.00> result: 90.00 109.39 -60.41 0.00 79.80 0
[21:28:18.314] [ARM-RX] .00
[21:28:18.314] [ARM-RX] [105] <0.00 -100.59 0.00> result: 90.00 109.78 -59.69 0.00 79.48 0.00
[21:28:18.315] [ARM-RX] [106] <0.00 -102.88 0.00> result: 90.00 110.18 -58.97 0.00 79.14 0.00
[21:28:18.315] [ARM-RX] [107] <0.00 -105.20 0.00> result: 90.00 110.58 -58.23 0.00 78.81 0.00
[21:28:18.315] [ARM-RX] [108] <0.00 -107.54 0.00> result: 90.0
[21:28:18.336] [ARM-RX] 0 110.98 -57.49 0.00 78.46 0.00
[21:28:18.337] [ARM-RX] [109] <0.00 -109.89 0.00> result: 90.00 111.38 -56.73 0.00 78.11 0.00
[21:28:18.337] [ARM-RX] [110] <0.00 -112.26 0.00> result: 90.00 111.79 -55.97 0.00 77.76 0.00
[21:28:18.337] [ARM-RX] [111] <0.00 -114.65 0.00> result: 90.00 112.20 -55.21 0.00 77.41 0.00
[21:28:18.337] [ARM-RX] [112] <0.0
[21:28:18.377] [ARM-RX] 0 -117.05 0.00> result: 90.00 112.61 -54.43 0.00 77.04 0.00
[21:28:18.377] [ARM-RX] [113] <0.00 -119.47 0.00> result: 90.00 113.03 -53.65 0.00 76.68 0.00
[21:28:18.377] [ARM-RX] [114] <0.00 -121.90 0.00> result: 90.00 113.45 -52.86 0.00 76.31 0.00
[21:28:18.377] [ARM-RX] [115] <0.00 -124.35 0.00> result: 90.00 113.87 -52.06
[21:28:18.393] [ARM-RX] 0.00 75.93 0.00
[21:28:18.393] [ARM-RX] [116] <0.00 -126.81 0.00> result: 90.00 114.30 -51.26 0.00 75.55 0.00
[21:28:18.393] [ARM-RX] [117] <0.00 -129.29 0.00> result: 90.00 114.73 -50.45 0.00 75.17 0.00
[21:28:18.395] [ARM-RX] [118] <0.00 -131.77 0.00> result: 90.00 115.16 -49.63 0.00 74.78 0.00
[21:28:18.395] [ARM-RX] [119] <0.00 -134.27 0.00>
[21:28:18.417] [ARM-RX] result: 90.00 115.59 -48.80 0.00 74.39 0.00
[21:28:18.417] [ARM-RX] [120] <0.00 -136.78 0.00> result: 90.00 116.03 -47.97 0.00 74.00 0.00
[21:28:18.418] [ARM-RX] [121] <0.00 -139.30 0.00> result: 90.00 116.47 -47.13 0.00 73.60 0.00
[21:28:18.418] [ARM-RX] [122] <0.00 -141.83 0.00> result: 90.00 116.91 -46.28 0.00 73.19 0.0
[21:28:18.442] [ARM-RX] 0
[21:28:18.443] [ARM-RX] [123] <0.00 -143.25 0.00> result: 90.00 117.16 -45.81 0.00 72.96 0.00
[21:28:18.443] [ARM-RX] [124] <0.00 -143.25 0.00> result: 90.00 117.16 -45.81 0.00 72.96 0.00
[21:28:18.443] [ARM-RX] [125] <0.00 -143.25 0.00> result: 90.00 117.16 -45.81 0.00 72.96 0.00
[21:28:18.443] [ARM-RX] [126] <0.00 -143.25 0.00> result: 90.00
[21:28:18.461] [ARM-RX] 117.16 -45.81 0.00 72.96 0.00
[21:28:18.462] [ARM-RX] [127] <0.00 -143.25 0.00> result: 90.00 117.16 -45.81 0.00 72.96 0.00
[21:28:18.462] [ARM-RX] [128] <0.00 -143.25 0.00> result: 90.00 117.16 -45.81 0.00 72.96 0.00
[21:28:18.462] [ARM-RX] [129] <0.00 -143.25 0.00> result: 90.00 117.16 -45.81 0.00 72.96 0.00
[21:28:18.462] [ARM-RX] [130] <0.00
[21:28:18.486] [ARM-RX] -143.25 0.00> result: 90.00 117.16 -45.81 0.00 72.96 0.00
[21:28:18.487] [ARM-RX] [131] <0.00 -143.25 0.00> result: 90.00 117.16 -45.81 0.00 72.96 0.00
[21:28:18.487] [ARM-RX] [132] <0.00 -143.25 0.00> result: 90.00 117.16 -45.81 0.00 72.96 0.00
[21:28:18.487] [ARM-RX] [133] <0.00 -143.25 0.00> result: 90.00 117.16 -45.81 0
[21:28:18.508] [ARM-RX] .00 72.96 0.00
[21:28:18.508] [ARM-RX] [134] <0.00 -143.25 0.00> result: 90.00 117.16 -45.81 0.00 72.96 0.00
[21:28:18.508] [ARM-RX] [135] <0.00 -143.25 0.00> result: 90.00 117.16 -45.81 0.00 72.96 0.00
[21:28:18.508] [ARM-RX] [136] <0.00 -143.25 0.00> result: 90.00 117.16 -45.81 0.00 72.96 0.00
[21:28:18.509] [ARM-RX] [137] <0.00 -143.25 0.00> r
[21:28:18.541] [ARM-RX] esult: 90.00 117.16 -45.81 0.00 72.96 0.00
[21:28:18.542] [ARM-RX] [138] <0.00 -143.25 0.00> result: 90.00 117.16 -45.81 0.00 72.96 0.00
[21:28:18.542] [ARM-RX] [139] <0.00 -143.25 0.00> result: 90.00 117.16 -45.81 0.00 72.96 0.00
[21:28:18.542] [ARM-RX] [140] <0.00 -143.25 0.00> result: 90.00 117.16 -45.81 0.00 72.96 0.00
[21:28:18.565] [ARM-RX] [141] <0.00 -143.25 0.00> result: 90.00 117.16 -45.81 0.00 72.96 0.00
[21:28:18.566] [ARM-RX] [142] <0.00 -143.25 0.00> result: 90.00 117.16 -45.81 0.00 72.96 0.00
[21:28:18.566] [ARM-RX] [143] <0.00 -143.25 0.00> result: 90.00 117.16 -45.81 0.00 72.96 0.00
[21:28:18.566] [ARM-RX] [144] <0.00 -143.25 0.00> result: 90.00 11
[21:28:18.587] [ARM-RX] 7.16 -45.81 0.00 72.96 0.00
[21:28:18.588] [ARM-RX] [145] <0.00 -143.25 0.00> result: 90.00 117.16 -45.81 0.00 72.96 0.00
[21:28:18.588] [ARM-RX] [146] <0.00 -143.25 0.00> result: 90.00 117.16 -45.81 0.00 72.96 0.00
[21:28:18.589] [ARM-RX] [147] <0.00 -143.25 0.00> result: 90.00 117.16 -45.81 0.00 72.96 0.00
[21:28:18.589] [ARM-RX] [148] <0.00 -1
[21:28:18.610] [ARM-RX] 43.25 0.00> result: 90.00 117.16 -45.81 0.00 72.96 0.00
[21:28:18.612] [ARM-RX] [149] <0.00 -143.25 0.00> result: 90.00 117.16 -45.81 0.00 72.96 0.00
[21:28:18.612] [ARM-RX] [150] <0.00 -143.25 0.00> result: 90.00 117.16 -45.81 0.00 72.96 0.00
[21:28:18.612] [ARM-RX] [151] <0.00 -143.25 0.00> result: 90.00 117.16 -45.81 0.0
[21:28:18.633] [ARM-RX] 0 72.96 0.00
[21:28:18.634] [ARM-RX] [152] <0.00 -143.25 0.00> result: 90.00 117.16 -45.81 0.00 72.96 0.00
[21:28:18.634] [ARM-RX] [153] <0.00 -143.25 0.00> result: 90.00 117.16 -45.81 0.00 72.96 0.00
[21:28:18.634] [ARM-RX] [154] <0.00 -143.25 0.00> result: 90.00 117.16 -45.81 0.00 72.96 0.00
[21:28:18.634] [ARM-RX] [155] <0.00 -143.25 0.00> res
[21:28:18.656] [ARM-RX] ult: 90.00 117.16 -45.81 0.00 72.96 0.00
[21:28:18.656] [ARM-RX] [156] <0.00 -143.25 0.00> result: 90.00 117.16 -45.81 0.00 72.96 0.00
[21:28:18.656] [ARM-RX] [157] <0.00 -143.25 0.00> result: 90.00 117.16 -45.81 0.00 72.96 0.00
[21:28:18.656] [ARM-RX] [158] <0.00 -143.25 0.00> result: 90.00 117.16 -45.81 0.00 72.96 0.00
[21:28:18.656] [ARM-RX] [
[21:28:18.680] [ARM-RX] 159] <0.00 -143.25 0.00> result: 90.00 117.16 -45.81 0.00 72.96 0.00
[21:28:18.681] [ARM-RX] [160] <0.00 -143.25 0.00> result: 90.00 117.16 -45.81 0.00 72.96 0.00
[21:28:18.681] [ARM-RX] [161] <0.00 -143.25 0.00> result: 90.00 117.16 -45.81 0.00 72.96 0.00
[21:28:18.681] [ARM-RX] [162] <0.00 -143.25 0.00> result: 90.00 117.
[21:28:18.701] [ARM-RX] 16 -45.81 0.00 72.96 0.00
[21:28:18.702] [ARM-RX] [163] <0.00 -143.25 0.00> result: 90.00 117.16 -45.81 0.00 72.96 0.00
[21:28:18.702] [ARM-RX] [164] <0.00 -143.25 0.00> result: 90.00 117.16 -45.81 0.00 72.96 0.00
[21:28:18.702] [ARM-RX] [165] <0.00 -143.25 0.00> result: 90.00 117.16 -45.81 0.00 72.96 0.00
[21:28:18.703] [ARM-RX] [166] <0.00 -143
[21:28:18.735] [ARM-RX] .25 0.00> result: 90.00 117.16 -45.81 0.00 72.96 0.00
[21:28:18.736] [ARM-RX] [167] <0.00 -143.25 0.00> result: 90.00 117.16 -45.81 0.00 72.96 0.00
[21:28:18.736] [ARM-RX] [168] <0.00 -143.25 0.00> result: 90.00 117.16 -45.81 0.00 72.96 0.00
[21:28:18.736] [ARM-RX] [169] <0.00 -143.25 0.00> result: 90.00 117.16 -45.81 0.00
[21:28:18.759] [ARM-RX] 72.96 0.00
[21:28:18.759] [ARM-RX] [170] <0.00 -143.25 0.00> result: 90.00 117.16 -45.81 0.00 72.96 0.00
[21:28:18.759] [ARM-RX] [171] <0.00 -143.25 0.00> result: 90.00 117.16 -45.81 0.00 72.96 0.00
[21:28:18.759] [ARM-RX] [172] <0.00 -143.25 0.00> result: 90.00 117.16 -45.81 0.00 72.96 0.00
[21:28:18.760] [ARM-RX] [173] <0.00 -143.25 0.00> resul
[21:28:18.782] [ARM-RX] t: 90.00 117.16 -45.81 0.00 72.96 0.00
[21:28:18.782] [ARM-RX] [174] <0.00 -143.25 0.00> result: 90.00 117.16 -45.81 0.00 72.96 0.00
[21:28:18.783] [ARM-RX] [175] <0.00 -143.25 0.00> result: 90.00 117.16 -45.81 0.00 72.96 0.00
[21:28:18.783] [ARM-RX] [176] <0.00 -143.25 0.00> result: 90.00 117.16 -45.81 0.00 72.96 0.00
[21:28:18.783] [ARM-RX] [17
[21:28:18.805] [ARM-RX] 7] <0.00 -143.25 0.00> result: 90.00 117.16 -45.81 0.00 72.96 0.00
[21:28:18.805] [ARM-RX] [178] <0.00 -143.25 0.00> result: 90.00 117.16 -45.81 0.00 72.96 0.00
[21:28:18.806] [ARM-RX] [179] <0.00 -143.25 0.00> result: 90.00 117.16 -45.81 0.00 72.96 0.00
[21:28:18.806] [ARM-RX] [180] <0.00 -143.25 0.00> result: 90.00 117.16
[21:28:18.827] [ARM-RX] -45.81 0.00 72.96 0.00
[21:28:18.828] [ARM-RX] [181] <0.00 -143.25 0.00> result: 90.00 117.16 -45.81 0.00 72.96 0.00
[21:28:18.828] [ARM-RX] [182] <0.00 -143.25 0.00> result: 90.00 117.16 -45.81 0.00 72.96 0.00
[21:28:18.829] [ARM-RX] [183] <0.00 -143.25 0.00> result: 90.00 117.16 -45.81 0.00 72.96 0.00
[21:28:18.829] [ARM-RX] [184] <0.00 -143.2
[21:28:18.851] [ARM-RX] 5 0.00> result: 90.00 117.16 -45.81 0.00 72.96 0.00
[21:28:18.851] [ARM-RX] [185] <0.00 -143.25 0.00> result: 90.00 117.16 -45.81 0.00 72.96 0.00
[21:28:18.851] [ARM-RX] [186] <0.00 -143.25 0.00> result: 90.00 117.16 -45.81 0.00 72.96 0.00
[21:28:18.852] [ARM-RX] [187] <0.00 -143.25 0.00> result: 90.00 117.16 -45.81 0.00 72
[21:28:18.873] [ARM-RX] .96 0.00
[21:28:18.874] [ARM-RX] [188] <0.00 -143.25 0.00> result: 90.00 117.16 -45.81 0.00 72.96 0.00
[21:28:18.874] [ARM-RX] [189] <0.00 -143.25 0.00> result: 90.00 117.16 -45.81 0.00 72.96 0.00
[21:28:18.874] [ARM-RX] [190] <0.00 -143.25 0.00> result: 90.00 117.16 -45.81 0.00 72.96 0.00
[21:28:18.874] [ARM-RX] [191] <0.00 -143.25 0.00> result:
[21:28:18.909] [ARM-RX] 90.00 117.16 -45.81 0.00 72.96 0.00
[21:28:18.910] [ARM-RX] [192] <0.00 -143.25 0.00> result: 90.00 117.16 -45.81 0.00 72.96 0.00
[21:28:18.910] [ARM-RX] [193] <0.00 -143.25 0.00> result: 90.00 117.16 -45.81 0.00 72.96 0.00
[21:28:18.910] [ARM-RX] [194] <0.00 -143.25 0.00> result: 90.00 117.16 -45.81 0.00 72.96 0.00
[21:28:18.910] [ARM-RX] [195]
[21:28:18.931] [ARM-RX] <0.00 -143.25 0.00> result: 90.00 117.16 -45.81 0.00 72.96 0.00
[21:28:18.931] [ARM-RX] [196] <0.00 -143.25 0.00> result: 90.00 117.16 -45.81 0.00 72.96 0.00
[21:28:18.931] [ARM-RX] [197] <0.00 -143.25 0.00> result: 90.00 117.16 -45.81 0.00 72.96 0.00
[21:28:18.931] [ARM-RX] [198] <0.00 -143.25 0.00> result: 90.00 117.16 -
[21:28:18.952] [ARM-RX] 45.81 0.00 72.96 0.00
[21:28:18.952] [ARM-RX] [199] <0.00 -143.25 0.00> result: 90.00 117.16 -45.81 0.00 72.96 0.00
[21:28:18.952] [ARM-RX] [200] <0.00 -143.25 0.00> result: 90.00 117.16 -45.81 0.00 72.96 0.00
[21:28:18.954] [ARM-RX] [201] <0.00 -143.25 0.00> result: 90.00 117.16 -45.81 0.00 72.96 0.00
[21:28:18.954] [ARM-RX] [202] <0.00 -143.25
[21:28:18.978] [ARM-RX] 0.00> result: 90.00 117.16 -45.81 0.00 72.96 0.00
[21:28:18.979] [ARM-RX] [203] <0.00 -143.25 0.00> result: 90.00 117.16 -45.81 0.00 72.96 0.00
[21:28:18.979] [ARM-RX] [204] <0.00 -143.25 0.00> result: 90.00 117.16 -45.81 0.00 72.96 0.00
[21:28:18.979] [ARM-RX] [205] <0.00 -143.25 0.00> result: 90.00 117.16 -45.81 0.00 72.9
[21:28:18.999] [ARM-RX] 6 0.00
[21:28:18.999] [ARM-RX] [206] <0.00 -143.25 0.00> result: 90.00 117.16 -45.81 0.00 72.96 0.00
[21:28:18.999] [ARM-RX] [207] <0.00 -143.25 0.00> result: 90.00 117.16 -45.81 0.00 72.96 0.00
[21:28:19.000] [ARM-RX] [208] <0.00 -143.25 0.00> result: 90.00 117.16 -45.81 0.00 72.96 0.00
[21:28:19.000] [ARM-RX] [209] <0.00 -143.25 0.00> result: 9
[21:28:19.022] [ARM-RX] 0.00 117.16 -45.81 0.00 72.96 0.00
[21:28:19.022] [ARM-RX] [210] <0.00 -143.25 0.00> result: 90.00 117.16 -45.81 0.00 72.96 0.00
[21:28:19.022] [ARM-RX] [211] <0.00 -143.25 0.00> result: 90.00 117.16 -45.81 0.00 72.96 0.00
[21:28:19.022] [ARM-RX] [212] <0.00 -143.25 0.00> result: 90.00 117.16 -45.81 0.00 72.96 0.00
[21:28:19.022] [ARM-RX] [213] <
[21:28:19.045] [ARM-RX] 0.00 -143.25 0.00> result: 90.00 117.16 -45.81 0.00 72.96 0.00
[21:28:19.045] [ARM-RX] [214] <0.00 -143.25 0.00> result: 90.00 117.16 -45.81 0.00 72.96 0.00
[21:28:19.045] [ARM-RX] [215] <0.00 -143.25 0.00> result: 90.00 117.16 -45.81 0.00 72.96 0.00
[21:28:19.046] [ARM-RX] [216] <0.00 -143.25 0.00> result: 90.00 117.16 -45
[21:28:19.067] [ARM-RX] .81 0.00 72.96 0.00
[21:28:19.067] [ARM-RX] [217] <0.00 -143.25 0.00> result: 90.00 117.16 -45.81 0.00 72.96 0.00
[21:28:19.067] [ARM-RX] [218] <0.00 -143.25 0.00> result: 90.00 117.16 -45.81 0.00 72.96 0.00
[21:28:19.067] [ARM-RX] [219] <0.00 -143.25 0.00> result: 90.00 117.16 -45.81 0.00 72.96 0.00
[21:28:19.068] [ARM-RX] [220] <0.00 -143.25 0.
[21:28:19.102] [ARM-RX] 00> result: 90.00 117.16 -45.81 0.00 72.96 0.00
[21:28:19.103] [ARM-RX] [221] <0.00 -143.25 0.00> result: 90.00 117.16 -45.81 0.00 72.96 0.00
[21:28:19.103] [ARM-RX] [222] <0.00 -143.25 0.00> result: 90.00 117.16 -45.81 0.00 72.96 0.00
[21:28:19.103] [ARM-RX] [223] <0.00 -143.25 0.00> result: 90.00 117.16 -45.81 0.00 72.96
[21:28:19.124] [ARM-RX] 0.00
[21:28:19.124] [ARM-RX] [224] <0.00 -143.25 0.00> result: 90.00 117.16 -45.81 0.00 72.96 0.00
[21:28:19.124] [ARM-RX] [225] <0.00 -143.25 0.00> result: 90.00 117.16 -45.81 0.00 72.96 0.00
[21:28:19.124] [ARM-RX] [226] <0.00 -143.25 0.00> result: 90.00 117.16 -45.81 0.00 72.96 0.00
[21:28:19.125] [ARM-RX] [227] <0.00 -143.25 0.00> result: 90.
[21:28:19.147] [ARM-RX] 00 117.16 -45.81 0.00 72.96 0.00
[21:28:19.147] [ARM-RX] [228] <0.00 -143.25 0.00> result: 90.00 117.16 -45.81 0.00 72.96 0.00
[21:28:19.147] [ARM-RX] [229] <0.00 -143.25 0.00> result: 90.00 117.16 -45.81 0.00 72.96 0.00
[21:28:19.150] [ARM-RX] [230] <0.00 -143.25 0.00> result: 90.00 117.16 -45.81 0.00 72.96 0.00
[21:28:19.150] [ARM-RX] [231] <0.
[21:28:19.169] [ARM-RX] 00 -143.25 0.00> result: 90.00 117.16 -45.81 0.00 72.96 0.00
[21:28:19.170] [ARM-RX] [232] <0.00 -143.25 0.00> result: 90.00 117.16 -45.81 0.00 72.96 0.00
[21:28:19.170] [ARM-RX] [233] <0.00 -143.25 0.00> result: 90.00 117.16 -45.81 0.00 72.96 0.00
[21:28:19.170] [ARM-RX] [234] <0.00 -143.25 0.00> result: 90.00 117.16 -45.8
[21:28:19.193] [ARM-RX] 1 0.00 72.96 0.00
[21:28:19.193] [ARM-RX] [235] <0.00 -143.25 0.00> result: 90.00 117.16 -45.81 0.00 72.96 0.00
[21:28:19.193] [ARM-RX] [236] <0.00 -143.25 0.00> result: 90.00 117.16 -45.81 0.00 72.96 0.00
[21:28:19.193] [ARM-RX] [237] <0.00 -143.25 0.00> result: 90.00 117.16 -45.81 0.00 72.96 0.00
[21:28:19.194] [ARM-RX] [238] <0.00 -143.25 0.00
[21:28:19.216] [ARM-RX] > result: 90.00 117.16 -45.81 0.00 72.96 0.00
[21:28:19.216] [ARM-RX] [239] <0.00 -143.25 0.00> result: 90.00 117.16 -45.81 0.00 72.96 0.00
[21:28:19.216] [ARM-RX] [240] <0.00 -143.25 0.00> result: 90.00 117.16 -45.81 0.00 72.96 0.00
[21:28:19.216] [ARM-RX] [241] <0.00 -143.25 0.00> result: 90.00 117.16 -45.81 0.00 72.96 0.
[21:28:19.239] [ARM-RX] 00
[21:28:19.239] [ARM-RX] [242] <0.00 -143.25 0.00> result: 90.00 117.16 -45.81 0.00 72.96 0.00
[21:28:19.239] [ARM-RX] [243] <0.00 -143.25 0.00> result: 90.00 117.16 -45.81 0.00 72.96 0.00
[21:28:19.239] [ARM-RX] [244] <0.00 -143.25 0.00> result: 90.00 117.16 -45.81 0.00 72.96 0.00
[21:28:19.239] [ARM-RX] [245] <0.00 -143.25 0.00> result: 90.00
[21:28:19.272] [ARM-RX] 117.16 -45.81 0.00 72.96 0.00
[21:28:19.272] [ARM-RX] [246] <0.00 -143.25 0.00> result: 90.00 117.16 -45.81 0.00 72.96 0.00
[21:28:19.274] [ARM-RX] [247] <0.00 -143.25 0.00> result: 90.00 117.16 -45.81 0.00 72.96 0.00
[21:28:19.274] [ARM-RX] [248] <0.00 -143.25 0.00> result: 90.00 117.16 -45.81 0.00 72.96 0.00
[21:28:19.274] [ARM-RX] [249] <0.00
[21:28:19.297] [ARM-RX] -143.25 0.00> result: 90.00 117.16 -45.81 0.00 72.96 0.00
[21:28:19.297] [ARM-RX] [250] <0.00 -143.25 0.00> result: 90.00 117.16 -45.81 0.00 72.96 0.00
[21:28:19.298] [ARM-RX] [251] <0.00 -143.25 0.00> result: 90.00 117.16 -45.81 0.00 72.96 0.00
[21:28:19.298] [ARM-RX] [252] <0.00 -143.25 0.00> result: 90.00 117.16 -45.81
[21:28:19.319] [ARM-RX] 0.00 72.96 0.00
[21:28:19.319] [ARM-RX] [253] <0.00 -143.25 0.00> result: 90.00 117.16 -45.81 0.00 72.96 0.00
[21:28:19.320] [ARM-RX] [254] <0.00 -143.25 0.00> result: 90.00 117.16 -45.81 0.00 72.96 0.00
[21:28:19.321] [ARM-RX] [255] <0.00 -143.25 0.00> result: 90.00 117.16 -45.81 0.00 72.96 0.00
[21:28:19.321] [ARM-RX] [256] <0.00 -143.25 0.00>
[21:28:19.341] [ARM-RX] result: 90.00 117.16 -45.81 0.00 72.96 0.00
[21:28:19.341] [ARM-RX] [257] <0.00 -143.25 0.00> result: 90.00 117.16 -45.81 0.00 72.96 0.00
[21:28:19.341] [ARM-RX] [258] <0.00 -143.25 0.00> result: 90.00 117.16 -45.81 0.00 72.96 0.00
[21:28:19.341] [ARM-RX] [259] <0.00 -143.25 0.00> result: 90.00 117.16 -45.81 0.00 72.96 0.00
[21:28:19.364] [ARM-RX] [260] <0.00 -143.25 0.00> result: 90.00 117.16 -45.81 0.00 72.96 0.00
[21:28:19.364] [ARM-RX] [261] <0.00 -143.25 0.00> result: 90.00 117.16 -45.81 0.00 72.96 0.00
[21:28:19.365] [ARM-RX] [262] <0.00 -143.25 0.00> result: 90.00 117.16 -45.81 0.00 72.96 0.00
[21:28:19.365] [ARM-RX] [263] <0.00 -143.25 0.00> result: 90.00 1
[21:28:19.387] [ARM-RX] 17.16 -45.81 0.00 72.96 0.00
[21:28:19.388] [ARM-RX] [264] <0.00 -143.25 0.00> result: 90.00 117.16 -45.81 0.00 72.96 0.00
[21:28:19.388] [ARM-RX] [265] <0.00 -143.25 0.00> result: 90.00 117.16 -45.81 0.00 72.96 0.00
[21:28:19.388] [ARM-RX] [266] <0.00 -143.25 0.00> result: 90.00 117.16 -45.81 0.00 72.96 0.00
[21:28:19.388] [ARM-RX] [267] <0.00 -
[21:28:19.410] [ARM-RX] 143.25 0.00> result: 90.00 117.16 -45.81 0.00 72.96 0.00
[21:28:19.410] [ARM-RX] [268] <0.00 -143.25 0.00> result: 90.00 117.16 -45.81 0.00 72.96 0.00
[21:28:19.410] [ARM-RX] [269] <0.00 -143.25 0.00> result: 90.00 117.16 -45.81 0.00 72.96 0.00
[21:28:19.411] [ARM-RX] [270] <0.00 -143.25 0.00> result: 90.00 117.16 -45.81 0.
[21:28:19.473] [ARM-RX] 00 72.96 0.00
[21:28:19.473] [ARM-RX] [271] <0.00 -143.25 0.00> result: 90.00 117.16 -45.81 0.00 72.96 0.00
[21:28:19.479] [ARM-RX] [272] <0.00 -143.25 0.00> result: 90.00 117.16 -45.81 0.00 72.96 0.00
[21:28:22.383] [ARM-RX] [joint 1] ave_error:0.09
[21:28:22.383] [ARM-RX] [joint 2] ave_error:6.00
[21:28:22.383] [ARM-RX] [joint 3] ave_error:8.88
[21:28:22.383] [ARM-RX] [joint 4] ave_error:0.00
[21:28:22.384] [ARM-RX] [joint 5] ave_error:1.74
[21:28:22.384] [ARM-RX] robot pid run finished!!
[21:28:23.122] [ARM-RX] AUTO final confirm failed: joint 2 err=14.73deg tol=3.00, pose invalid.
[21:28:23.123] [ARM-RX] J1 cur=90.09 target=90.00 err=-0.09
[21:28:23.123] [ARM-RX] J2 cur=127.19 target=117.16 err=-10.03
[21:28:23.123] [ARM-RX] J3 cur=-31.08 target=-45.81 err=-14.73
[21:28:23.123] [ARM-RX] J4 cur=0.00 target=0.00 err=-0.00
[21:28:23.124] [ARM-RX] J5 cur=72.52 target=7
[21:28:23.189] [ARM-RX] 2.96 err=0.45
[21:28:27.378] [ARM-TX] 发送命令 read_all: read_all
[21:28:27.480] [ARM-RX] Found handler for 'read_all', executing...
[21:28:27.480] [ARM-RX] ROBOT_READ_ALL_EVENT
[21:28:27.480] [ARM-RX] read_all ret=0 elapsed=2 ms missing=0x00
[21:28:27.481] [ARM-RX] J1 angle=90.09
[21:28:27.481] [ARM-RX] J2 angle=127.18
[21:28:27.481] [ARM-RX] J3 angle=328.92
[21:28:27.481] [ARM-RX] J4 angle=0.00
[21:28:27.481] [ARM-RX] J5 angle=72.52
[21:28:29.777] [ARM-TX] 发送命令 soft_reset: soft_reset
[21:28:29.847] [ARM-RX] Found handler for 'soft_reset', executing...
[21:28:29.847] [ARM-RX] ROBOT_SOFT_RESET_EVENT
[21:28:29.847] [ARM-RX] --- Starting soft reset ---
[21:28:30.033] [ARM-RX] Soft reset motors enabled (J1~J5, J6 skipped).
[21:28:30.033] [ARM-RX] Soft resetting joint 4...
[21:28:30.033] [ARM-RX] robot_update_current_angle 4...
[21:28:30.033] [ARM-RX] [4] current:72.52, target:90.00, dir:1
[21:28:31.466] [ARM-RX] Soft resetting joint 3...
[21:28:31.466] [ARM-RX] robot_update_current_angle 3...
[21:28:31.466] [ARM-RX] [3] current:0.00, target:0.00, dir:-1
[21:28:31.590] [ARM-RX] Soft resetting joint 1...
[21:28:31.590] [ARM-RX] robot_update_current_angle 1...
[21:28:31.590] [ARM-RX] [1] current:127.18, target:90.00, dir:-1
[21:28:33.758] [ARM-RX] soft reset joint 1 settle timeout, keep going
[21:28:33.758] [ARM-RX] Soft resetting joint 2...
[21:28:33.758] [ARM-RX] robot_update_current_angle 2...
[21:28:33.759] [ARM-RX] [2] current:-31.09, target:-90.00, dir:-1
[21:28:36.436] [ARM-RX] soft reset joint 2 settle timeout, keep going
[21:28:36.436] [ARM-RX] Soft resetting joint 0...
[21:28:36.436] [ARM-RX] robot_update_current_angle 0...
[21:28:36.437] [ARM-RX] [0] current:90.09, target:90.00, dir:-1
[21:28:36.624] [ARM-RX] soft reset verify not pass, start refine loop...
[21:28:36.686] [ARM-RX] soft reset refine joint 2 round 1: cur=-82.17 target=-90.00 err=7.83 dir=-1
[21:28:38.120] [ARM-RX] soft reset refine pass 1 success.
[21:28:38.121] [ARM-RX] soft reset final verify PASS (issues:2), pose set HOME.
[21:29:58.079] [ARM-TX] 发送命令 auto 0 -143.25 34: auto 0 -143.25 34
[21:29:58.176] [ARM-RX] Found handler for 'auto', executing...
[21:29:58.176] [ARM-RX] ROBOT_AUTO_EVENT
[21:29:58.176] [ARM-RX] [0] <0.00 0.00 0.00> result: 90.00 90.00 -90.00 0.00 90.00 0.00
[21:29:58.176] [ARM-RX] [1] <0.00 -0.00 0.00> result: 90.00 90.00 -90.00 0.00 90.00 0.00
[21:29:58.176] [ARM-RX] [2] <0.00 -0.00 0.00> result: 90.00 90.00 -90.00 0.00
[21:29:58.207] [ARM-RX] 90.00 0.00
[21:29:58.207] [ARM-RX] [3] <0.00 -0.00 0.00> result: 90.00 90.00 -90.00 0.00 90.00 0.00
[21:29:58.207] [ARM-RX] [4] <0.00 -0.01 0.00> result: 90.00 90.00 -90.00 0.00 90.00 0.00
[21:29:58.207] [ARM-RX] [5] <0.00 -0.02 0.00> result: 90.00 90.00 -89.99 0.00 89.99 0.00
[21:29:58.208] [ARM-RX] [6] <0.00 -0.03 0.01> result: 90.00 90.00 -89
[21:29:58.231] [ARM-RX] .99 0.00 89.99 0.00
[21:29:58.231] [ARM-RX] [7] <0.00 -0.05 0.01> result: 90.00 90.00 -89.99 0.00 89.99 0.00
[21:29:58.231] [ARM-RX] [8] <0.00 -0.07 0.02> result: 90.00 90.00 -89.98 0.00 89.98 0.00
[21:29:58.231] [ARM-RX] [9] <0.00 -0.09 0.02> result: 90.00 90.00 -89.97 0.00 89.97 0.00
[21:29:58.232] [ARM-RX] [10] <0.00 -0.13 0.03> result: 90.00
[21:29:58.254] [ARM-RX] 90.00 -89.96 0.00 89.96 0.00
[21:29:58.254] [ARM-RX] [11] <0.00 -0.17 0.04> result: 90.00 90.00 -89.95 0.00 89.95 0.00
[21:29:58.254] [ARM-RX] [12] <0.00 -0.22 0.05> result: 90.00 90.01 -89.93 0.00 89.94 0.00
[21:29:58.254] [ARM-RX] [13] <0.00 -0.27 0.06> result: 90.00 90.01 -89.92 0.00 89.92 0.00
[21:29:58.254] [ARM-RX] [14] <0.00 -0.34 0.08> re
[21:29:58.276] [ARM-RX] sult: 90.00 90.01 -89.90 0.00 89.90 0.00
[21:29:58.276] [ARM-RX] [15] <0.00 -0.41 0.10> result: 90.00 90.01 -89.87 0.00 89.88 0.00
[21:29:58.276] [ARM-RX] [16] <0.00 -0.49 0.12> result: 90.00 90.01 -89.85 0.00 89.86 0.00
[21:29:58.276] [ARM-RX] [17] <0.00 -0.59 0.14> result: 90.00 90.01 -89.82 0.00 89.83 0.00
[21:29:58.277] [ARM-RX] [18] <0.00 -0
[21:29:58.298] [ARM-RX] .69 0.16> result: 90.00 90.02 -89.79 0.00 89.80 0.00
[21:29:58.299] [ARM-RX] [19] <0.00 -0.81 0.19> result: 90.00 90.02 -89.75 0.00 89.77 0.00
[21:29:58.299] [ARM-RX] [20] <0.00 -0.94 0.22> result: 90.00 90.02 -89.71 0.00 89.73 0.00
[21:29:58.299] [ARM-RX] [21] <0.00 -1.09 0.26> result: 90.00 90.03 -89.66 0.00 89.69 0.00
[21:29:58.299] [ARM-RX] [
[21:29:58.322] [ARM-RX] 22] <0.00 -1.25 0.30> result: 90.00 90.03 -89.62 0.00 89.65 0.00
[21:29:58.322] [ARM-RX] [23] <0.00 -1.42 0.34> result: 90.00 90.04 -89.56 0.00 89.60 0.00
[21:29:58.322] [ARM-RX] [24] <0.00 -1.60 0.38> result: 90.00 90.04 -89.51 0.00 89.55 0.00
[21:29:58.323] [ARM-RX] [25] <0.00 -1.81 0.43> result: 90.00 90.05 -89.44 0.00 8
[21:29:58.344] [ARM-RX] 9.49 0.00
[21:29:58.344] [ARM-RX] [26] <0.00 -2.02 0.48> result: 90.00 90.06 -89.38 0.00 89.43 0.00
[21:29:58.344] [ARM-RX] [27] <0.00 -2.26 0.54> result: 90.00 90.07 -89.30 0.00 89.37 0.00
[21:29:58.344] [ARM-RX] [28] <0.00 -2.51 0.60> result: 90.00 90.07 -89.23 0.00 89.30 0.00
[21:29:58.346] [ARM-RX] [29] <0.00 -2.78 0.66> result: 90.00 90.08 -
[21:29:58.383] [ARM-RX] 89.14 0.00 89.23 0.00
[21:29:58.383] [ARM-RX] [30] <0.00 -3.07 0.73> result: 90.00 90.09 -89.05 0.00 89.15 0.00
[21:29:58.383] [ARM-RX] [31] <0.00 -3.37 0.80> result: 90.00 90.11 -88.96 0.00 89.07 0.00
[21:29:58.383] [ARM-RX] [32] <0.00 -3.70 0.88> result: 90.00 90.12 -88.86 0.00 88.98 0.00
[21:29:58.383] [ARM-RX] [33] <0.00 -4.05 0.96> result: 9
[21:29:58.402] [ARM-RX] 0.00 90.13 -88.75 0.00 88.89 0.00
[21:29:58.403] [ARM-RX] [34] <0.00 -4.41 1.05> result: 90.00 90.15 -88.64 0.00 88.79 0.00
[21:29:58.403] [ARM-RX] [35] <0.00 -4.80 1.14> result: 90.00 90.17 -88.52 0.00 88.69 0.00
[21:29:58.403] [ARM-RX] [36] <0.00 -5.20 1.24> result: 90.00 90.19 -88.39 0.00 88.58 0.00
[21:29:58.403] [ARM-RX] [37] <0.00 -5.63 1.3
[21:29:58.424] [ARM-RX] 4> result: 90.00 90.21 -88.26 0.00 88.47 0.00
[21:29:58.424] [ARM-RX] [38] <0.00 -6.08 1.44> result: 90.00 90.23 -88.12 0.00 88.35 0.00
[21:29:58.426] [ARM-RX] [39] <0.00 -6.56 1.56> result: 90.00 90.25 -87.98 0.00 88.23 0.00
[21:29:58.426] [ARM-RX] [40] <0.00 -7.05 1.67> result: 90.00 90.28 -87.82 0.00 88.10 0.00
[21:29:58.426] [ARM-RX] [41] <0.
[21:29:58.447] [ARM-RX] 00 -7.57 1.80> result: 90.00 90.31 -87.66 0.00 87.97 0.00
[21:29:58.448] [ARM-RX] [42] <0.00 -8.12 1.93> result: 90.00 90.34 -87.50 0.00 87.84 0.00
[21:29:58.448] [ARM-RX] [43] <0.00 -8.68 2.06> result: 90.00 90.37 -87.32 0.00 87.69 0.00
[21:29:58.449] [ARM-RX] [44] <0.00 -9.27 2.20> result: 90.00 90.41 -87.14 0.00 87.55 0.
[21:29:58.470] [ARM-RX] 00
[21:29:58.471] [ARM-RX] [45] <0.00 -9.89 2.35> result: 90.00 90.45 -86.95 0.00 87.40 0.00
[21:29:58.471] [ARM-RX] [46] <0.00 -10.53 2.50> result: 90.00 90.49 -86.75 0.00 87.24 0.00
[21:29:58.471] [ARM-RX] [47] <0.00 -11.20 2.66> result: 90.00 90.53 -86.55 0.00 87.08 0.00
[21:29:58.471] [ARM-RX] [48] <0.00 -11.89 2.82> result: 90.00 90.58 -86.3
[21:29:58.493] [ARM-RX] 3 0.00 86.91 0.00
[21:29:58.494] [ARM-RX] [49] <0.00 -12.61 2.99> result: 90.00 90.63 -86.11 0.00 86.74 0.00
[21:29:58.494] [ARM-RX] [50] <0.00 -13.36 3.17> result: 90.00 90.68 -85.88 0.00 86.57 0.00
[21:29:58.494] [ARM-RX] [51] <0.00 -14.13 3.35> result: 90.00 90.74 -85.64 0.00 86.39 0.00
[21:29:58.494] [ARM-RX] [52] <0.00 -14.93 3.54> result: 9
[21:29:58.516] [ARM-RX] 0.00 90.80 -85.40 0.00 86.20 0.00
[21:29:58.516] [ARM-RX] [53] <0.00 -15.75 3.74> result: 90.00 90.87 -85.14 0.00 86.01 0.00
[21:29:58.517] [ARM-RX] [54] <0.00 -16.60 3.94> result: 90.00 90.94 -84.88 0.00 85.82 0.00
[21:29:58.517] [ARM-RX] [55] <0.00 -17.49 4.15> result: 90.00 91.01 -84.61 0.00 85.62 0.00
[21:29:58.517] [ARM-RX] [56] <0.00 -18.39
[21:29:58.542] [ARM-RX] 4.37> result: 90.00 91.08 -84.33 0.00 85.41 0.00
[21:29:58.544] [ARM-RX] [57] <0.00 -19.33 4.59> result: 90.00 91.17 -84.04 0.00 85.20 0.00
[21:29:58.544] [ARM-RX] [58] <0.00 -20.30 4.82> result: 90.00 91.25 -83.74 0.00 84.99 0.00
[21:29:58.544] [ARM-RX] [59] <0.00 -21.29 5.05> result: 90.00 91.34 -83.43 0.00 84.77 0.00
[21:29:58.544] [ARM-RX] [
[21:29:58.574] [ARM-RX] 60] <0.00 -22.31 5.30> result: 90.00 91.43 -83.12 0.00 84.55 0.00
[21:29:58.574] [ARM-RX] [61] <0.00 -23.36 5.54> result: 90.00 91.53 -82.79 0.00 84.32 0.00
[21:29:58.574] [ARM-RX] [62] <0.00 -24.44 5.80> result: 90.00 91.63 -82.46 0.00 84.09 0.00
[21:29:58.574] [ARM-RX] [63] <0.00 -25.55 6.06> result: 90.00 91.74 -82.12 0.
[21:29:58.597] [ARM-RX] 00 83.86 0.00
[21:29:58.597] [ARM-RX] [64] <0.00 -26.69 6.33> result: 90.00 91.85 -81.76 0.00 83.62 0.00
[21:29:58.598] [ARM-RX] [65] <0.00 -27.85 6.61> result: 90.00 91.97 -81.40 0.00 83.37 0.00
[21:29:58.598] [ARM-RX] [66] <0.00 -29.05 6.89> result: 90.00 92.09 -81.03 0.00 83.13 0.00
[21:29:58.598] [ARM-RX] [67] <0.00 -30.27 7.18> result: 90.00
[21:29:58.619] [ARM-RX] 92.22 -80.65 0.00 82.87 0.00
[21:29:58.619] [ARM-RX] [68] <0.00 -31.52 7.48> result: 90.00 92.35 -80.26 0.00 82.62 0.00
[21:29:58.620] [ARM-RX] [69] <0.00 -32.81 7.79> result: 90.00 92.49 -79.87 0.00 82.36 0.00
[21:29:58.620] [ARM-RX] [70] <0.00 -34.12 8.10> result: 90.00 92.63 -79.46 0.00 82.09 0.00
[21:29:58.620] [ARM-RX] [71] <0.00 -35.46 8.4
[21:29:58.643] [ARM-RX] 2> result: 90.00 92.78 -79.04 0.00 81.82 0.00
[21:29:58.643] [ARM-RX] [72] <0.00 -36.83 8.74> result: 90.00 92.93 -78.62 0.00 81.55 0.00
[21:29:58.643] [ARM-RX] [73] <0.00 -38.23 9.07> result: 90.00 93.09 -78.18 0.00 81.27 0.00
[21:29:58.644] [ARM-RX] [74] <0.00 -39.66 9.41> result: 90.00 93.25 -77.74 0.00 80.99 0.00
[21:29:58.644] [ARM-RX] [75]
[21:29:58.666] [ARM-RX] <0.00 -41.11 9.76> result: 90.00 93.42 -77.28 0.00 80.71 0.00
[21:29:58.666] [ARM-RX] [76] <0.00 -42.60 10.11> result: 90.00 93.60 -76.82 0.00 80.42 0.00
[21:29:58.666] [ARM-RX] [77] <0.00 -44.12 10.47> result: 90.00 93.78 -76.35 0.00 80.12 0.00
[21:29:58.666] [ARM-RX] [78] <0.00 -45.66 10.84> result: 90.00 93.96 -75.86 0.0
[21:29:58.689] [ARM-RX] 0 79.83 0.00
[21:29:58.689] [ARM-RX] [79] <0.00 -47.23 11.21> result: 90.00 94.15 -75.37 0.00 79.52 0.00
[21:29:58.689] [ARM-RX] [80] <0.00 -48.83 11.59> result: 90.00 94.35 -74.87 0.00 79.22 0.00
[21:29:58.689] [ARM-RX] [81] <0.00 -50.46 11.98> result: 90.00 94.55 -74.36 0.00 78.91 0.00
[21:29:58.691] [ARM-RX] [82] <0.00 -52.12 12.37> result: 90
[21:29:58.712] [ARM-RX] .00 94.76 -73.84 0.00 78.60 0.00
[21:29:58.712] [ARM-RX] [83] <0.00 -53.80 12.77> result: 90.00 94.97 -73.31 0.00 78.28 0.00
[21:29:58.712] [ARM-RX] [84] <0.00 -55.51 13.18> result: 90.00 95.18 -72.78 0.00 77.96 0.00
[21:29:58.712] [ARM-RX] [85] <0.00 -57.25 13.59> result: 90.00 95.41 -72.23 0.00 77.64 0.00
[21:29:58.712] [ARM-RX] [86] <0.00 -59.
[21:29:58.747] [ARM-RX] 02 14.01> result: 90.00 95.64 -71.67 0.00 77.31 0.00
[21:29:58.747] [ARM-RX] [87] <0.00 -60.81 14.43> result: 90.00 95.87 -71.10 0.00 76.97 0.00
[21:29:58.747] [ARM-RX] [88] <0.00 -62.63 14.87> result: 90.00 96.11 -70.53 0.00 76.64 0.00
[21:29:58.747] [ARM-RX] [89] <0.00 -64.48 15.30> result: 90.00 96.35 -69.95 0.00 76.30 0
[21:29:58.769] [ARM-RX] .00
[21:29:58.770] [ARM-RX] [90] <0.00 -66.35 15.75> result: 90.00 96.60 -69.35 0.00 75.95 0.00
[21:29:58.770] [ARM-RX] [91] <0.00 -68.25 16.20> result: 90.00 96.86 -68.75 0.00 75.61 0.00
[21:29:58.770] [ARM-RX] [92] <0.00 -70.17 16.66> result: 90.00 97.12 -68.14 0.00 75.26 0.00
[21:29:58.770] [ARM-RX] [93] <0.00 -72.12 17.12> result: 90.00 97.38
[21:29:58.791] [ARM-RX] -67.52 0.00 74.90 0.00
[21:29:58.793] [ARM-RX] [94] <0.00 -74.09 17.59> result: 90.00 97.66 -66.89 0.00 74.54 0.00
[21:29:58.793] [ARM-RX] [95] <0.00 -76.09 18.06> result: 90.00 97.93 -66.25 0.00 74.18 0.00
[21:29:58.793] [ARM-RX] [96] <0.00 -78.11 18.54> result: 90.00 98.21 -65.60 0.00 73.81 0.00
[21:29:58.794] [ARM-RX] [97] <0.00 -80.16 19.03>
[21:29:58.814] [ARM-RX] result: 90.00 98.50 -64.94 0.00 73.44 0.00
[21:29:58.814] [ARM-RX] [98] <0.00 -82.23 19.52> result: 90.00 98.79 -64.28 0.00 73.07 0.00
[21:29:58.814] [ARM-RX] [99] <0.00 -84.32 20.01> result: 90.00 99.09 -63.61 0.00 72.69 0.00
[21:29:58.814] [ARM-RX] [100] <0.00 -86.43 20.51> result: 90.00 99.39 -62.92 0.00 72.31 0.00
[21:29:58.816] [ARM-RX] [10
[21:29:58.837] [ARM-RX] 1] <0.00 -88.57 21.02> result: 90.00 99.70 -62.23 0.00 71.93 0.00
[21:29:58.838] [ARM-RX] [102] <0.00 -90.73 21.53> result: 90.00 100.01 -61.53 0.00 71.54 0.00
[21:29:58.838] [ARM-RX] [103] <0.00 -92.90 22.05> result: 90.00 100.32 -60.82 0.00 71.15 0.00
[21:29:58.838] [ARM-RX] [104] <0.00 -95.10 22.57> result: 90.00 100.64
[21:29:58.861] [ARM-RX] -60.11 0.00 70.75 0.00
[21:29:58.861] [ARM-RX] [105] <0.00 -97.32 23.10> result: 90.00 100.97 -59.38 0.00 70.35 0.00
[21:29:58.861] [ARM-RX] [106] <0.00 -99.56 23.63> result: 90.00 101.30 -58.65 0.00 69.95 0.00
[21:29:58.861] [ARM-RX] [107] <0.00 -101.82 24.17> result: 90.00 101.64 -57.91 0.00 69.55 0.00
[21:29:58.862] [ARM-RX] [108] <0.00 -104.1
[21:29:58.885] [ARM-RX] 0 24.71> result: 90.00 101.98 -57.16 0.00 69.14 0.00
[21:29:58.885] [ARM-RX] [109] <0.00 -106.39 25.25> result: 90.00 102.32 -56.40 0.00 68.72 0.00
[21:29:58.885] [ARM-RX] [110] <0.00 -108.70 25.80> result: 90.00 102.67 -55.63 0.00 68.31 0.00
[21:29:58.885] [ARM-RX] [111] <0.00 -111.03 26.35> result: 90.00 103.03 -54.86 0.0
[21:29:58.911] [ARM-RX] 0 67.89 0.00
[21:29:58.911] [ARM-RX] [112] <0.00 -113.38 26.91> result: 90.00 103.39 -54.08 0.00 67.46 0.00
[21:29:58.912] [ARM-RX] [113] <0.00 -115.74 27.47> result: 90.00 103.75 -53.29 0.00 67.04 0.00
[21:29:58.912] [ARM-RX] [114] <0.00 -118.12 28.03> result: 90.00 104.12 -52.49 0.00 66.61 0.00
[21:29:58.912] [ARM-RX] [115] <0.00 -120.51 28.60>
[21:29:58.942] [ARM-RX] result: 90.00 104.49 -51.69 0.00 66.17 0.00
[21:29:58.942] [ARM-RX] [116] <0.00 -122.92 29.17> result: 90.00 104.87 -50.87 0.00 65.74 0.00
[21:29:58.942] [ARM-RX] [117] <0.00 -125.34 29.75> result: 90.00 105.25 -50.05 0.00 65.30 0.00
[21:29:58.943] [ARM-RX] [118] <0.00 -127.77 30.33> result: 90.00 105.63 -49.22 0.00 64.86
[21:29:58.965] [ARM-RX] 0.00
[21:29:58.965] [ARM-RX] [119] <0.00 -130.21 30.91> result: 90.00 106.02 -48.39 0.00 64.41 0.00
[21:29:58.965] [ARM-RX] [120] <0.00 -132.67 31.49> result: 90.00 106.41 -47.55 0.00 63.96 0.00
[21:29:58.965] [ARM-RX] [121] <0.00 -135.14 32.08> result: 90.00 106.81 -46.70 0.00 63.51 0.00
[21:29:58.965] [ARM-RX] [122] <0.00 -137.62 32.66> result:
[21:29:58.987] [ARM-RX] 90.00 107.21 -45.84 0.00 63.05 0.00
[21:29:58.988] [ARM-RX] [123] <0.00 -140.11 33.25> result: 90.00 107.62 -44.98 0.00 62.59 0.00
[21:29:58.988] [ARM-RX] [124] <0.00 -142.61 33.85> result: 90.00 108.03 -44.11 0.00 62.13 0.00
[21:29:58.988] [ARM-RX] [125] <0.00 -143.25 34.00> result: 90.00 108.13 -43.88 0.00 62.01 0.00
[21:29:58.988] [ARM-RX] [1
[21:29:59.013] [ARM-RX] 26] <0.00 -143.25 34.00> result: 90.00 108.13 -43.88 0.00 62.01 0.00
[21:29:59.015] [ARM-RX] [127] <0.00 -143.25 34.00> result: 90.00 108.13 -43.88 0.00 62.01 0.00
[21:29:59.015] [ARM-RX] [128] <0.00 -143.25 34.00> result: 90.00 108.13 -43.88 0.00 62.01 0.00
[21:29:59.015] [ARM-RX] [129] <0.00 -143.25 34.00> result: 90.00 1
[21:29:59.036] [ARM-RX] 08.13 -43.88 0.00 62.01 0.00
[21:29:59.037] [ARM-RX] [130] <0.00 -143.25 34.00> result: 90.00 108.13 -43.88 0.00 62.01 0.00
[21:29:59.037] [ARM-RX] [131] <0.00 -143.25 34.00> result: 90.00 108.13 -43.88 0.00 62.01 0.00
[21:29:59.037] [ARM-RX] [132] <0.00 -143.25 34.00> result: 90.00 108.13 -43.88 0.00 62.01 0.00
[21:29:59.037] [ARM-RX] [133] <0.0
[21:29:59.056] [ARM-RX] 0 -143.25 34.00> result: 90.00 108.13 -43.88 0.00 62.01 0.00
[21:29:59.056] [ARM-RX] [134] <0.00 -143.25 34.00> result: 90.00 108.13 -43.88 0.00 62.01 0.00
[21:29:59.057] [ARM-RX] [135] <0.00 -143.25 34.00> result: 90.00 108.13 -43.88 0.00 62.01 0.00
[21:29:59.057] [ARM-RX] [136] <0.00 -143.25 34.00> result: 90.00 108.13 -4
[21:29:59.078] [ARM-RX] 3.88 0.00 62.01 0.00
[21:29:59.078] [ARM-RX] [137] <0.00 -143.25 34.00> result: 90.00 108.13 -43.88 0.00 62.01 0.00
[21:29:59.078] [ARM-RX] [138] <0.00 -143.25 34.00> result: 90.00 108.13 -43.88 0.00 62.01 0.00
[21:29:59.080] [ARM-RX] [139] <0.00 -143.25 34.00> result: 90.00 108.13 -43.88 0.00 62.01 0.00
[21:29:59.080] [ARM-RX] [140] <0.00 -143.2
[21:29:59.118] [ARM-RX] 5 34.00> result: 90.00 108.13 -43.88 0.00 62.01 0.00
[21:29:59.118] [ARM-RX] [141] <0.00 -143.25 34.00> result: 90.00 108.13 -43.88 0.00 62.01 0.00
[21:29:59.118] [ARM-RX] [142] <0.00 -143.25 34.00> result: 90.00 108.13 -43.88 0.00 62.01 0.00
[21:29:59.118] [ARM-RX] [143] <0.00 -143.25 34.00> result: 90.00 108.13 -43.88 0.0
[21:29:59.136] [ARM-RX] 0 62.01 0.00
[21:29:59.137] [ARM-RX] [144] <0.00 -143.25 34.00> result: 90.00 108.13 -43.88 0.00 62.01 0.00
[21:29:59.137] [ARM-RX] [145] <0.00 -143.25 34.00> result: 90.00 108.13 -43.88 0.00 62.01 0.00
[21:29:59.137] [ARM-RX] [146] <0.00 -143.25 34.00> result: 90.00 108.13 -43.88 0.00 62.01 0.00
[21:29:59.138] [ARM-RX] [147] <0.00 -143.25 34.00>
[21:29:59.161] [ARM-RX] result: 90.00 108.13 -43.88 0.00 62.01 0.00
[21:29:59.162] [ARM-RX] [148] <0.00 -143.25 34.00> result: 90.00 108.13 -43.88 0.00 62.01 0.00
[21:29:59.162] [ARM-RX] [149] <0.00 -143.25 34.00> result: 90.00 108.13 -43.88 0.00 62.01 0.00
[21:29:59.162] [ARM-RX] [150] <0.00 -143.25 34.00> result: 90.00 108.13 -43.88 0.00 62.01
[21:29:59.186] [ARM-RX] 0.00
[21:29:59.186] [ARM-RX] [151] <0.00 -143.25 34.00> result: 90.00 108.13 -43.88 0.00 62.01 0.00
[21:29:59.186] [ARM-RX] [152] <0.00 -143.25 34.00> result: 90.00 108.13 -43.88 0.00 62.01 0.00
[21:29:59.188] [ARM-RX] [153] <0.00 -143.25 34.00> result: 90.00 108.13 -43.88 0.00 62.01 0.00
[21:29:59.188] [ARM-RX] [154] <0.00 -143.25 34.00> result:
[21:29:59.207] [ARM-RX] 90.00 108.13 -43.88 0.00 62.01 0.00
[21:29:59.207] [ARM-RX] [155] <0.00 -143.25 34.00> result: 90.00 108.13 -43.88 0.00 62.01 0.00
[21:29:59.207] [ARM-RX] [156] <0.00 -143.25 34.00> result: 90.00 108.13 -43.88 0.00 62.01 0.00
[21:29:59.207] [ARM-RX] [157] <0.00 -143.25 34.00> result: 90.00 108.13 -43.88 0.00 62.01 0.00
[21:29:59.207] [ARM-RX] [1
[21:29:59.231] [ARM-RX] 58] <0.00 -143.25 34.00> result: 90.00 108.13 -43.88 0.00 62.01 0.00
[21:29:59.231] [ARM-RX] [159] <0.00 -143.25 34.00> result: 90.00 108.13 -43.88 0.00 62.01 0.00
[21:29:59.231] [ARM-RX] [160] <0.00 -143.25 34.00> result: 90.00 108.13 -43.88 0.00 62.01 0.00
[21:29:59.231] [ARM-RX] [161] <0.00 -143.25 34.00> result: 90.00 1
[21:29:59.252] [ARM-RX] 08.13 -43.88 0.00 62.01 0.00
[21:29:59.252] [ARM-RX] [162] <0.00 -143.25 34.00> result: 90.00 108.13 -43.88 0.00 62.01 0.00
[21:29:59.252] [ARM-RX] [163] <0.00 -143.25 34.00> result: 90.00 108.13 -43.88 0.00 62.01 0.00
[21:29:59.253] [ARM-RX] [164] <0.00 -143.25 34.00> result: 90.00 108.13 -43.88 0.00 62.01 0.00
[21:29:59.253] [ARM-RX] [165] <0.0
[21:29:59.274] [ARM-RX] 0 -143.25 34.00> result: 90.00 108.13 -43.88 0.00 62.01 0.00
[21:29:59.275] [ARM-RX] [166] <0.00 -143.25 34.00> result: 90.00 108.13 -43.88 0.00 62.01 0.00
[21:29:59.275] [ARM-RX] [167] <0.00 -143.25 34.00> result: 90.00 108.13 -43.88 0.00 62.01 0.00
[21:29:59.275] [ARM-RX] [168] <0.00 -143.25 34.00> result: 90.00 108.13 -4
[21:29:59.309] [ARM-RX] 3.88 0.00 62.01 0.00
[21:29:59.309] [ARM-RX] [169] <0.00 -143.25 34.00> result: 90.00 108.13 -43.88 0.00 62.01 0.00
[21:29:59.309] [ARM-RX] [170] <0.00 -143.25 34.00> result: 90.00 108.13 -43.88 0.00 62.01 0.00
[21:29:59.309] [ARM-RX] [171] <0.00 -143.25 34.00> result: 90.00 108.13 -43.88 0.00 62.01 0.00
[21:29:59.309] [ARM-RX] [172] <0.00 -143.2
[21:29:59.332] [ARM-RX] 5 34.00> result: 90.00 108.13 -43.88 0.00 62.01 0.00
[21:29:59.332] [ARM-RX] [173] <0.00 -143.25 34.00> result: 90.00 108.13 -43.88 0.00 62.01 0.00
[21:29:59.332] [ARM-RX] [174] <0.00 -143.25 34.00> result: 90.00 108.13 -43.88 0.00 62.01 0.00
[21:29:59.333] [ARM-RX] [175] <0.00 -143.25 34.00> result: 90.00 108.13 -43.88 0.0
[21:29:59.355] [ARM-RX] 0 62.01 0.00
[21:29:59.355] [ARM-RX] [176] <0.00 -143.25 34.00> result: 90.00 108.13 -43.88 0.00 62.01 0.00
[21:29:59.355] [ARM-RX] [177] <0.00 -143.25 34.00> result: 90.00 108.13 -43.88 0.00 62.01 0.00
[21:29:59.355] [ARM-RX] [178] <0.00 -143.25 34.00> result: 90.00 108.13 -43.88 0.00 62.01 0.00
[21:29:59.356] [ARM-RX] [179] <0.00 -143.25 34.00>
[21:29:59.377] [ARM-RX] result: 90.00 108.13 -43.88 0.00 62.01 0.00
[21:29:59.378] [ARM-RX] [180] <0.00 -143.25 34.00> result: 90.00 108.13 -43.88 0.00 62.01 0.00
[21:29:59.378] [ARM-RX] [181] <0.00 -143.25 34.00> result: 90.00 108.13 -43.88 0.00 62.01 0.00
[21:29:59.378] [ARM-RX] [182] <0.00 -143.25 34.00> result: 90.00 108.13 -43.88 0.00 62.01
[21:29:59.401] [ARM-RX] 0.00
[21:29:59.401] [ARM-RX] [183] <0.00 -143.25 34.00> result: 90.00 108.13 -43.88 0.00 62.01 0.00
[21:29:59.402] [ARM-RX] [184] <0.00 -143.25 34.00> result: 90.00 108.13 -43.88 0.00 62.01 0.00
[21:29:59.402] [ARM-RX] [185] <0.00 -143.25 34.00> result: 90.00 108.13 -43.88 0.00 62.01 0.00
[21:29:59.402] [ARM-RX] [186] <0.00 -143.25 34.00> result:
[21:29:59.430] [ARM-RX] 90.00 108.13 -43.88 0.00 62.01 0.00
[21:29:59.430] [ARM-RX] [187] <0.00 -143.25 34.00> result: 90.00 108.13 -43.88 0.00 62.01 0.00
[21:29:59.431] [ARM-RX] [188] <0.00 -143.25 34.00> result: 90.00 108.13 -43.88 0.00 62.01 0.00
[21:29:59.431] [ARM-RX] [189] <0.00 -143.25 34.00> result: 90.00 108.13 -43.88 0.00 62.01 0.00
[21:29:59.431] [ARM-RX] [1
[21:29:59.447] [ARM-RX] 90] <0.00 -143.25 34.00> result: 90.00 108.13 -43.88 0.00 62.01 0.00
[21:29:59.447] [ARM-RX] [191] <0.00 -143.25 34.00> result: 90.00 108.13 -43.88 0.00 62.01 0.00
[21:29:59.447] [ARM-RX] [192] <0.00 -143.25 34.00> result: 90.00 108.13 -43.88 0.00 62.01 0.00
[21:29:59.447] [ARM-RX] [193] <0.00 -143.25 34.00> result: 90.00 1
[21:29:59.481] [ARM-RX] 08.13 -43.88 0.00 62.01 0.00
[21:29:59.481] [ARM-RX] [194] <0.00 -143.25 34.00> result: 90.00 108.13 -43.88 0.00 62.01 0.00
[21:29:59.481] [ARM-RX] [195] <0.00 -143.25 34.00> result: 90.00 108.13 -43.88 0.00 62.01 0.00
[21:29:59.481] [ARM-RX] [196] <0.00 -143.25 34.00> result: 90.00 108.13 -43.88 0.00 62.01 0.00
[21:29:59.481] [ARM-RX] [197] <0.0
[21:29:59.504] [ARM-RX] 0 -143.25 34.00> result: 90.00 108.13 -43.88 0.00 62.01 0.00
[21:29:59.504] [ARM-RX] [198] <0.00 -143.25 34.00> result: 90.00 108.13 -43.88 0.00 62.01 0.00
[21:29:59.504] [ARM-RX] [199] <0.00 -143.25 34.00> result: 90.00 108.13 -43.88 0.00 62.01 0.00
[21:29:59.504] [ARM-RX] [200] <0.00 -143.25 34.00> result: 90.00 108.13 -4
[21:29:59.526] [ARM-RX] 3.88 0.00 62.01 0.00
[21:29:59.526] [ARM-RX] [201] <0.00 -143.25 34.00> result: 90.00 108.13 -43.88 0.00 62.01 0.00
[21:29:59.527] [ARM-RX] [202] <0.00 -143.25 34.00> result: 90.00 108.13 -43.88 0.00 62.01 0.00
[21:29:59.527] [ARM-RX] [203] <0.00 -143.25 34.00> result: 90.00 108.13 -43.88 0.00 62.01 0.00
[21:29:59.527] [ARM-RX] [204] <0.00 -143.2
[21:29:59.550] [ARM-RX] 5 34.00> result: 90.00 108.13 -43.88 0.00 62.01 0.00
[21:29:59.550] [ARM-RX] [205] <0.00 -143.25 34.00> result: 90.00 108.13 -43.88 0.00 62.01 0.00
[21:29:59.551] [ARM-RX] [206] <0.00 -143.25 34.00> result: 90.00 108.13 -43.88 0.00 62.01 0.00
[21:29:59.551] [ARM-RX] [207] <0.00 -143.25 34.00> result: 90.00 108.13 -43.88 0.0
[21:29:59.573] [ARM-RX] 0 62.01 0.00
[21:29:59.573] [ARM-RX] [208] <0.00 -143.25 34.00> result: 90.00 108.13 -43.88 0.00 62.01 0.00
[21:29:59.574] [ARM-RX] [209] <0.00 -143.25 34.00> result: 90.00 108.13 -43.88 0.00 62.01 0.00
[21:29:59.574] [ARM-RX] [210] <0.00 -143.25 34.00> result: 90.00 108.13 -43.88 0.00 62.01 0.00
[21:29:59.574] [ARM-RX] [211] <0.00 -143.25 34.00>
[21:29:59.596] [ARM-RX] result: 90.00 108.13 -43.88 0.00 62.01 0.00
[21:29:59.597] [ARM-RX] [212] <0.00 -143.25 34.00> result: 90.00 108.13 -43.88 0.00 62.01 0.00
[21:29:59.597] [ARM-RX] [213] <0.00 -143.25 34.00> result: 90.00 108.13 -43.88 0.00 62.01 0.00
[21:29:59.597] [ARM-RX] [214] <0.00 -143.25 34.00> result: 90.00 108.13 -43.88 0.00 62.01
[21:29:59.619] [ARM-RX] 0.00
[21:29:59.619] [ARM-RX] [215] <0.00 -143.25 34.00> result: 90.00 108.13 -43.88 0.00 62.01 0.00
[21:29:59.619] [ARM-RX] [216] <0.00 -143.25 34.00> result: 90.00 108.13 -43.88 0.00 62.01 0.00
[21:29:59.619] [ARM-RX] [217] <0.00 -143.25 34.00> result: 90.00 108.13 -43.88 0.00 62.01 0.00
[21:29:59.619] [ARM-RX] [218] <0.00 -143.25 34.00> result:
[21:29:59.642] [ARM-RX] 90.00 108.13 -43.88 0.00 62.01 0.00
[21:29:59.642] [ARM-RX] [219] <0.00 -143.25 34.00> result: 90.00 108.13 -43.88 0.00 62.01 0.00
[21:29:59.642] [ARM-RX] [220] <0.00 -143.25 34.00> result: 90.00 108.13 -43.88 0.00 62.01 0.00
[21:29:59.642] [ARM-RX] [221] <0.00 -143.25 34.00> result: 90.00 108.13 -43.88 0.00 62.01 0.00
[21:29:59.642] [ARM-RX] [2
[21:29:59.676] [ARM-RX] 22] <0.00 -143.25 34.00> result: 90.00 108.13 -43.88 0.00 62.01 0.00
[21:29:59.676] [ARM-RX] [223] <0.00 -143.25 34.00> result: 90.00 108.13 -43.88 0.00 62.01 0.00
[21:29:59.676] [ARM-RX] [224] <0.00 -143.25 34.00> result: 90.00 108.13 -43.88 0.00 62.01 0.00
[21:29:59.677] [ARM-RX] [225] <0.00 -143.25 34.00> result: 90.00 1
[21:29:59.698] [ARM-RX] 08.13 -43.88 0.00 62.01 0.00
[21:29:59.699] [ARM-RX] [226] <0.00 -143.25 34.00> result: 90.00 108.13 -43.88 0.00 62.01 0.00
[21:29:59.699] [ARM-RX] [227] <0.00 -143.25 34.00> result: 90.00 108.13 -43.88 0.00 62.01 0.00
[21:29:59.699] [ARM-RX] [228] <0.00 -143.25 34.00> result: 90.00 108.13 -43.88 0.00 62.01 0.00
[21:29:59.699] [ARM-RX] [229] <0.0
[21:29:59.723] [ARM-RX] 0 -143.25 34.00> result: 90.00 108.13 -43.88 0.00 62.01 0.00
[21:29:59.723] [ARM-RX] [230] <0.00 -143.25 34.00> result: 90.00 108.13 -43.88 0.00 62.01 0.00
[21:29:59.723] [ARM-RX] [231] <0.00 -143.25 34.00> result: 90.00 108.13 -43.88 0.00 62.01 0.00
[21:29:59.723] [ARM-RX] [232] <0.00 -143.25 34.00> result: 90.00 108.13 -4
[21:29:59.745] [ARM-RX] 3.88 0.00 62.01 0.00
[21:29:59.745] [ARM-RX] [233] <0.00 -143.25 34.00> result: 90.00 108.13 -43.88 0.00 62.01 0.00
[21:29:59.745] [ARM-RX] [234] <0.00 -143.25 34.00> result: 90.00 108.13 -43.88 0.00 62.01 0.00
[21:29:59.746] [ARM-RX] [235] <0.00 -143.25 34.00> result: 90.00 108.13 -43.88 0.00 62.01 0.00
[21:29:59.746] [ARM-RX] [236] <0.00 -143.2
[21:29:59.767] [ARM-RX] 5 34.00> result: 90.00 108.13 -43.88 0.00 62.01 0.00
[21:29:59.768] [ARM-RX] [237] <0.00 -143.25 34.00> result: 90.00 108.13 -43.88 0.00 62.01 0.00
[21:29:59.768] [ARM-RX] [238] <0.00 -143.25 34.00> result: 90.00 108.13 -43.88 0.00 62.01 0.00
[21:29:59.768] [ARM-RX] [239] <0.00 -143.25 34.00> result: 90.00 108.13 -43.88 0.0
[21:29:59.792] [ARM-RX] 0 62.01 0.00
[21:29:59.792] [ARM-RX] [240] <0.00 -143.25 34.00> result: 90.00 108.13 -43.88 0.00 62.01 0.00
[21:29:59.792] [ARM-RX] [241] <0.00 -143.25 34.00> result: 90.00 108.13 -43.88 0.00 62.01 0.00
[21:29:59.793] [ARM-RX] [242] <0.00 -143.25 34.00> result: 90.00 108.13 -43.88 0.00 62.01 0.00
[21:29:59.799] [ARM-RX] [243] <0.00 -143.25 34.00>
[21:29:59.813] [ARM-RX] result: 90.00 108.13 -43.88 0.00 62.01 0.00
[21:29:59.814] [ARM-RX] [244] <0.00 -143.25 34.00> result: 90.00 108.13 -43.88 0.00 62.01 0.00
[21:29:59.814] [ARM-RX] [245] <0.00 -143.25 34.00> result: 90.00 108.13 -43.88 0.00 62.01 0.00
[21:29:59.814] [ARM-RX] [246] <0.00 -143.25 34.00> result: 90.00 108.13 -43.88 0.00 62.01
[21:29:59.849] [ARM-RX] 0.00
[21:29:59.849] [ARM-RX] [247] <0.00 -143.25 34.00> result: 90.00 108.13 -43.88 0.00 62.01 0.00
[21:29:59.849] [ARM-RX] [248] <0.00 -143.25 34.00> result: 90.00 108.13 -43.88 0.00 62.01 0.00
[21:29:59.849] [ARM-RX] [249] <0.00 -143.25 34.00> result: 90.00 108.13 -43.88 0.00 62.01 0.00
[21:29:59.849] [ARM-RX] [250] <0.00 -143.25 34.00> result:
[21:29:59.870] [ARM-RX] 90.00 108.13 -43.88 0.00 62.01 0.00
[21:29:59.871] [ARM-RX] [251] <0.00 -143.25 34.00> result: 90.00 108.13 -43.88 0.00 62.01 0.00
[21:29:59.871] [ARM-RX] [252] <0.00 -143.25 34.00> result: 90.00 108.13 -43.88 0.00 62.01 0.00
[21:29:59.871] [ARM-RX] [253] <0.00 -143.25 34.00> result: 90.00 108.13 -43.88 0.00 62.01 0.00
[21:29:59.871] [ARM-RX] [2
[21:29:59.894] [ARM-RX] 54] <0.00 -143.25 34.00> result: 90.00 108.13 -43.88 0.00 62.01 0.00
[21:29:59.895] [ARM-RX] [255] <0.00 -143.25 34.00> result: 90.00 108.13 -43.88 0.00 62.01 0.00
[21:29:59.895] [ARM-RX] [256] <0.00 -143.25 34.00> result: 90.00 108.13 -43.88 0.00 62.01 0.00
[21:29:59.895] [ARM-RX] [257] <0.00 -143.25 34.00> result: 90.00 1
[21:29:59.917] [ARM-RX] 08.13 -43.88 0.00 62.01 0.00
[21:29:59.917] [ARM-RX] [258] <0.00 -143.25 34.00> result: 90.00 108.13 -43.88 0.00 62.01 0.00
[21:29:59.917] [ARM-RX] [259] <0.00 -143.25 34.00> result: 90.00 108.13 -43.88 0.00 62.01 0.00
[21:29:59.917] [ARM-RX] [260] <0.00 -143.25 34.00> result: 90.00 108.13 -43.88 0.00 62.01 0.00
[21:29:59.917] [ARM-RX] [261] <0.0
[21:29:59.939] [ARM-RX] 0 -143.25 34.00> result: 90.00 108.13 -43.88 0.00 62.01 0.00
[21:29:59.940] [ARM-RX] [262] <0.00 -143.25 34.00> result: 90.00 108.13 -43.88 0.00 62.01 0.00
[21:29:59.940] [ARM-RX] [263] <0.00 -143.25 34.00> result: 90.00 108.13 -43.88 0.00 62.01 0.00
[21:29:59.940] [ARM-RX] [264] <0.00 -143.25 34.00> result: 90.00 108.13 -4
[21:29:59.963] [ARM-RX] 3.88 0.00 62.01 0.00
[21:29:59.963] [ARM-RX] [265] <0.00 -143.25 34.00> result: 90.00 108.13 -43.88 0.00 62.01 0.00
[21:29:59.963] [ARM-RX] [266] <0.00 -143.25 34.00> result: 90.00 108.13 -43.88 0.00 62.01 0.00
[21:29:59.964] [ARM-RX] [267] <0.00 -143.25 34.00> result: 90.00 108.13 -43.88 0.00 62.01 0.00
[21:29:59.964] [ARM-RX] [268] <0.00 -143.2
[21:29:59.992] [ARM-RX] 5 34.00> result: 90.00 108.13 -43.88 0.00 62.01 0.00
[21:29:59.992] [ARM-RX] [269] <0.00 -143.25 34.00> result: 90.00 108.13 -43.88 0.00 62.01 0.00
[21:29:59.992] [ARM-RX] [270] <0.00 -143.25 34.00> result: 90.00 108.13 -43.88 0.00 62.01 0.00
[21:29:59.992] [ARM-RX] [271] <0.00 -143.25 34.00> result: 90.00 108.13 -43.88 0.0
[21:30:00.019] [ARM-RX] 0 62.01 0.00
[21:30:00.020] [ARM-RX] [272] <0.00 -143.25 34.00> result: 90.00 108.13 -43.88 0.00 62.01 0.00
[21:30:00.020] [ARM-RX] [273] <0.00 -143.25 34.00> result: 90.00 108.13 -43.88 0.00 62.01 0.00
[21:30:00.020] [ARM-RX] [274] <0.00 -143.25 34.00> result: 90.00 108.13 -43.88 0.00 62.01 0.00
[21:30:00.020] [ARM-RX] [275] <0.00 -143.25 34.00>
[21:30:00.074] [ARM-RX] result: 90.00 108.13 -43.88 0.00 62.01 0.00
[21:30:00.078] [ARM-RX] [276] <0.00 -143.25 34.00> result: 90.00 108.13 -43.88 0.00 62.01 0.00
[21:30:02.997] [ARM-RX] [joint 1] ave_error:0.09
[21:30:02.997] [ARM-RX] [joint 2] ave_error:3.28
[21:30:02.998] [ARM-RX] [joint 3] ave_error:9.38
[21:30:02.998] [ARM-RX] [joint 4] ave_error:0.00
[21:30:02.998] [ARM-RX] [joint 5] ave_error:3.11
[21:30:02.998] [ARM-RX] robot pid run finished!!
[21:30:03.759] [ARM-RX] AUTO final confirm failed: joint 2 err=15.89deg tol=3.00, pose invalid.
[21:30:03.760] [ARM-RX] J1 cur=90.09 target=90.00 err=-0.09
[21:30:03.760] [ARM-RX] J2 cur=112.19 target=108.13 err=-4.06
[21:30:03.760] [ARM-RX] J3 cur=-28.00 target=-43.88 err=-15.89
[21:30:03.760] [ARM-RX] J4 cur=0.00 target=0.00 err=-0.00
[21:30:03.760] [ARM-RX] J5 cur=61.10 target=62
[21:30:03.821] [ARM-RX] .01 err=0.92
[21:30:07.497] [ARM-TX] 发送命令 auto 0 -143.25 0: auto 0 -143.25 0
[21:30:07.611] [ARM-RX] Found handler for 'auto', executing...
[21:30:07.611] [ARM-RX] reject AUTO: pose invalid, please do hard_reset/soft_reset first.
[21:30:07.611] [ARM-RX] [ERROR] event_type:auto failed
[21:30:09.598] [ARM-TX] 发送命令 soft_reset: soft_reset
[21:30:09.661] [ARM-RX] Found handler for 'soft_reset', executing...
[21:30:09.661] [ARM-RX] ROBOT_SOFT_RESET_EVENT
[21:30:09.661] [ARM-RX] --- Starting soft reset ---
[21:30:09.846] [ARM-RX] Soft reset motors enabled (J1~J5, J6 skipped).
[21:30:09.846] [ARM-RX] Soft resetting joint 4...
[21:30:09.909] [ARM-RX] robot_update_current_angle 4...
[21:30:09.910] [ARM-RX] [4] current:61.10, target:90.00, dir:1
[21:30:11.717] [ARM-RX] Soft resetting joint 3...
[21:30:11.717] [ARM-RX] robot_update_current_angle 3...
[21:30:11.718] [ARM-RX] [3] current:0.00, target:0.00, dir:-1
[21:30:11.841] [ARM-RX] Soft resetting joint 1...
[21:30:11.841] [ARM-RX] robot_update_current_angle 1...
[21:30:11.841] [ARM-RX] [1] current:112.19, target:90.00, dir:-1
[21:30:13.707] [ARM-RX] soft reset joint 1 settle timeout, keep going
[21:30:13.707] [ARM-RX] Soft resetting joint 2...
[21:30:13.707] [ARM-RX] robot_update_current_angle 2...
[21:30:13.707] [ARM-RX] [2] current:-28.00, target:-90.00, dir:-1
[21:30:16.374] [ARM-RX] soft reset joint 2 settle timeout, keep going
[21:30:16.374] [ARM-RX] Soft resetting joint 0...
[21:30:16.374] [ARM-RX] robot_update_current_angle 0...
[21:30:16.374] [ARM-RX] [0] current:90.09, target:90.00, dir:-1
[21:30:16.562] [ARM-RX] soft reset verify not pass, start refine loop...
[21:30:16.624] [ARM-RX] soft reset refine joint 2 round 1: cur=-81.48 target=-90.00 err=8.52 dir=-1
[21:30:17.867] [ARM-RX] soft reset refine joint 2 round 2: cur=-88.72 target=-90.00 err=1.28 dir=-1
[21:30:18.302] [ARM-RX] soft reset refine pass 1 success.
[21:30:18.302] [ARM-RX] soft reset final verify PASS (issues:2), pose set HOME.
[21:53:35.303] [ARM-TX] 发送命令 soft_reset: soft_reset
[21:53:35.340] [ARM-RX] Found handler for 'soft_reset', executing...
[21:53:35.340] [ARM-RX] ROBOT_SOFT_RESET_EVENT
[21:53:35.340] [ARM-RX] --- Starting soft reset ---
[21:53:35.590] [ARM-RX] Soft reset motors enabled (J1~J5, J6 skipped).
[21:53:35.590] [ARM-RX] Soft resetting joint 4...
[21:53:35.590] [ARM-RX] robot_update_current_angle 4...
[21:53:35.590] [ARM-RX] [4] current:90.00, target:90.00, dir:1
[21:53:35.714] [ARM-RX] Soft resetting joint 3...
[21:53:35.777] [ARM-RX] robot_update_current_angle 3...
[21:53:35.777] [ARM-RX] [3] current:0.00, target:0.00, dir:-1
[21:53:35.900] [ARM-RX] Soft resetting joint 1...
[21:53:35.900] [ARM-RX] robot_update_current_angle 1...
[21:53:35.900] [ARM-RX] [1] current:90.00, target:90.00, dir:-1
[21:53:36.024] [ARM-RX] Soft resetting joint 2...
[21:53:36.024] [ARM-RX] robot_update_current_angle 2...
[21:53:36.024] [ARM-RX] [2] current:-90.05, target:-90.00, dir:1
[21:53:36.148] [ARM-RX] Soft resetting joint 0...
[21:53:36.210] [ARM-RX] robot_update_current_angle 0...
[21:53:36.210] [ARM-RX] [0] current:90.09, target:90.00, dir:-1
[21:53:36.399] [ARM-RX] soft reset final verify PASS (issues:0), pose set HOME.
[21:53:42.695] [JETSON-INFO] opened COM14 @ 115200
[21:53:45.964] [ARM-TX] 发送命令 target_enable: target_enable
[21:53:46.030] [ARM-RX] Found handler for 'target_enable', executing...
[21:53:46.030] [ARM-RX] target_enable
[21:53:46.030] [ARM-RX] ROBOT_AUTO_EVENT
[21:53:46.031] [ARM-RX] [0] <0.00 0.00 0.00> result: 90.00 90.00 -90.00 0.00 90.00 0.00
[21:53:46.031] [ARM-RX] [1] <0.00 -0.00 -0.00> result: 90.00 9
[21:53:46.059] [ARM-RX] 0.00 -90.00 0.00 90.00 0.00
[21:53:46.059] [ARM-RX] [2] <0.00 -0.00 -0.00> result: 90.00 90.00 -90.00 0.00 90.00 0.00
[21:53:46.059] [ARM-RX] [3] <0.00 -0.01 -0.00> result: 90.00 90.00 -90.00 0.00 90.00 0.00
[21:53:46.059] [ARM-RX] [4] <0.00 -0.02 -0.00> result: 90.00 90.01 -90.00 0.00 90.00 0.00
[21:53:46.060] [ARM-RX] [5] <0.00 -0.03 -0.00> res
[21:53:46.082] [ARM-RX] ult: 90.00 90.01 -89.99 0.00 90.00 0.00
[21:53:46.082] [ARM-RX] [6] <0.00 -0.05 -0.00> result: 90.00 90.02 -89.99 0.00 90.00 0.00
[21:53:46.082] [ARM-RX] [7] <0.00 -0.07 -0.00> result: 90.00 90.02 -89.98 0.00 90.00 0.00
[21:53:46.083] [ARM-RX] [8] <0.00 -0.11 -0.00> result: 90.00 90.03 -89.97 0.00 90.00 0.00
[21:53:46.083] [ARM-RX] [9] <0.00 -0.1
[21:53:46.105] [ARM-RX] 5 -0.00> result: 90.00 90.05 -89.96 0.00 90.00 0.00
[21:53:46.106] [ARM-RX] [10] <0.00 -0.20 -0.01> result: 90.00 90.06 -89.94 0.00 90.01 0.00
[21:53:46.106] [ARM-RX] [11] <0.00 -0.27 -0.01> result: 90.00 90.08 -89.92 0.00 90.01 0.00
[21:53:46.106] [ARM-RX] [12] <0.00 -0.34 -0.01> result: 90.00 90.11 -89.90 0.00 90.01 0.00
[21:53:46.127] [ARM-RX] [13] <0.00 -0.43 -0.01> result: 90.00 90.14 -89.88 0.00 90.01 0.00
[21:53:46.127] [ARM-RX] [14] <0.00 -0.54 -0.01> result: 90.00 90.17 -89.85 0.00 90.02 0.00
[21:53:46.127] [ARM-RX] [15] <0.00 -0.65 -0.02> result: 90.00 90.20 -89.81 0.00 90.02 0.00
[21:53:46.128] [ARM-RX] [16] <0.00 -0.79 -0.02> result: 90.00 90.25 -89.78
[21:53:46.150] [ARM-RX] 0.00 90.02 0.00
[21:53:46.150] [ARM-RX] [17] <0.00 -0.94 -0.02> result: 90.00 90.29 -89.73 0.00 90.03 0.00
[21:53:46.151] [ARM-RX] [18] <0.00 -1.10 -0.03> result: 90.00 90.34 -89.69 0.00 90.03 0.00
[21:53:46.151] [ARM-RX] [19] <0.00 -1.29 -0.03> result: 90.00 90.40 -89.63 0.00 90.03 0.00
[21:53:46.151] [ARM-RX] [20] <0.00 -1.49 -0.04> result: 90.
[21:53:46.173] [ARM-RX] 00 90.46 -89.57 0.00 90.04 0.00
[21:53:46.173] [ARM-RX] [21] <0.00 -1.72 -0.04> result: 90.00 90.53 -89.51 0.00 90.04 0.00
[21:53:46.174] [ARM-RX] [22] <0.00 -1.97 -0.05> result: 90.00 90.61 -89.44 0.00 90.05 0.00
[21:53:46.174] [ARM-RX] [23] <0.00 -2.23 -0.06> result: 90.00 90.69 -89.36 0.00 90.05 0.00
[21:53:46.174] [ARM-RX] [24] <0.00 -2.52 -0
[21:53:46.196] [ARM-RX] .06> result: 90.00 90.77 -89.28 0.00 90.05 0.00
[21:53:46.196] [ARM-RX] [25] <0.00 -2.84 -0.07> result: 90.00 90.87 -89.19 0.00 90.06 0.00
[21:53:46.196] [ARM-RX] [26] <0.00 -3.17 -0.08> result: 90.00 90.97 -89.10 0.00 90.06 0.00
[21:53:46.197] [ARM-RX] [27] <0.00 -3.53 -0.09> result: 90.00 91.07 -88.99 0.00 90.06 0.00
[21:53:46.197] [ARM-RX] [28
[21:53:46.230] [ARM-RX] ] <0.00 -3.92 -0.10> result: 90.00 91.18 -88.88 0.00 90.07 0.00
[21:53:46.230] [ARM-RX] [29] <0.00 -4.33 -0.11> result: 90.00 91.30 -88.76 0.00 90.07 0.00
[21:53:46.230] [ARM-RX] [30] <0.00 -4.77 -0.12> result: 90.00 91.43 -88.64 0.00 90.07 0.00
[21:53:46.231] [ARM-RX] [31] <0.00 -5.23 -0.13> result: 90.00 91.56 -88.51 0.00
[21:53:46.253] [ARM-RX] 90.07 0.00
[21:53:46.254] [ARM-RX] [32] <0.00 -5.72 -0.14> result: 90.00 91.70 -88.37 0.00 90.07 0.00
[21:53:46.254] [ARM-RX] [33] <0.00 -6.24 -0.16> result: 90.00 91.85 -88.22 0.00 90.06 0.00
[21:53:46.254] [ARM-RX] [34] <0.00 -6.79 -0.17> result: 90.00 92.00 -88.06 0.00 90.06 0.00
[21:53:46.254] [ARM-RX] [35] <0.00 -7.36 -0.18> result: 90.00 9
[21:53:46.278] [ARM-RX] 2.16 -87.89 0.00 90.05 0.00
[21:53:46.278] [ARM-RX] [36] <0.00 -7.96 -0.20> result: 90.00 92.32 -87.72 0.00 90.04 0.00
[21:53:46.278] [ARM-RX] [37] <0.00 -8.60 -0.21> result: 90.00 92.49 -87.54 0.00 90.03 0.00
[21:53:46.278] [ARM-RX] [38] <0.00 -9.26 -0.23> result: 90.00 92.67 -87.35 0.00 90.02 0.00
[21:53:46.278] [ARM-RX] [39] <0.00 -9.95 -0.25>
[21:53:46.300] [ARM-RX] result: 90.00 92.85 -87.15 0.00 90.00 0.00
[21:53:46.300] [ARM-RX] [40] <0.00 -10.67 -0.27> result: 90.00 93.04 -86.94 0.00 89.98 0.00
[21:53:46.300] [ARM-RX] [41] <0.00 -11.42 -0.29> result: 90.00 93.24 -86.72 0.00 89.96 0.00
[21:53:46.300] [ARM-RX] [42] <0.00 -12.20 -0.30> result: 90.00 93.44 -86.50 0.00 89.93 0.00
[21:53:46.300] [ARM-RX] [43]
[21:53:46.322] [ARM-RX] <0.00 -13.01 -0.33> result: 90.00 93.64 -86.26 0.00 89.91 0.00
[21:53:46.322] [ARM-RX] [44] <0.00 -13.85 -0.35> result: 90.00 93.85 -86.02 0.00 89.87 0.00
[21:53:46.322] [ARM-RX] [45] <0.00 -14.72 -0.37> result: 90.00 94.07 -85.77 0.00 89.84 0.00
[21:53:46.323] [ARM-RX] [46] <0.00 -15.62 -0.39> result: 90.00 94.29 -85.51 0
[21:53:46.345] [ARM-RX] .00 89.80 0.00
[21:53:46.345] [ARM-RX] [47] <0.00 -16.55 -0.41> result: 90.00 94.52 -85.24 0.00 89.75 0.00
[21:53:46.345] [ARM-RX] [48] <0.00 -17.51 -0.44> result: 90.00 94.75 -84.96 0.00 89.70 0.00
[21:53:46.346] [ARM-RX] [49] <0.00 -18.49 -0.46> result: 90.00 94.98 -84.67 0.00 89.65 0.00
[21:53:46.346] [ARM-RX] [50] <0.00 -19.51 -0.49> result:
[21:53:46.368] [ARM-RX] 90.00 95.22 -84.37 0.00 89.59 0.00
[21:53:46.368] [ARM-RX] [51] <0.00 -20.56 -0.51> result: 90.00 95.47 -84.06 0.00 89.53 0.00
[21:53:46.369] [ARM-RX] [52] <0.00 -21.64 -0.54> result: 90.00 95.71 -83.75 0.00 89.46 0.00
[21:53:46.369] [ARM-RX] [53] <0.00 -22.74 -0.57> result: 90.00 95.97 -83.43 0.00 89.39 0.00
[21:53:46.369] [ARM-RX] [54] <0.00 -2
[21:53:46.390] [ARM-RX] 3.88 -0.60> result: 90.00 96.22 -83.09 0.00 89.32 0.00
[21:53:46.391] [ARM-RX] [55] <0.00 -25.04 -0.63> result: 90.00 96.48 -82.75 0.00 89.23 0.00
[21:53:46.391] [ARM-RX] [56] <0.00 -26.23 -0.66> result: 90.00 96.74 -82.40 0.00 89.15 0.00
[21:53:46.391] [ARM-RX] [57] <0.00 -27.44 -0.69> result: 90.00 97.01 -82.05 0.00 89.06
[21:53:46.427] [ARM-RX] 0.00
[21:53:46.427] [ARM-RX] [58] <0.00 -28.68 -0.72> result: 90.00 97.28 -81.68 0.00 88.96 0.00
[21:53:46.427] [ARM-RX] [59] <0.00 -29.95 -0.75> result: 90.00 97.55 -81.31 0.00 88.86 0.00
[21:53:46.428] [ARM-RX] [60] <0.00 -31.25 -0.78> result: 90.00 97.83 -80.92 0.00 88.75 0.00
[21:53:46.428] [ARM-RX] [61] <0.00 -32.57 -0.81> result: 90.00 98.
[21:53:46.448] [ARM-RX] 10 -80.53 0.00 88.64 0.00
[21:53:46.448] [ARM-RX] [62] <0.00 -33.91 -0.85> result: 90.00 98.39 -80.14 0.00 88.52 0.00
[21:53:46.448] [ARM-RX] [63] <0.00 -35.28 -0.88> result: 90.00 98.67 -79.73 0.00 88.40 0.00
[21:53:46.449] [ARM-RX] [64] <0.00 -36.67 -0.92> result: 90.00 98.95 -79.32 0.00 88.27 0.00
[21:53:46.449] [ARM-RX] [65] <0.00 -38.08 -0.9
[21:53:46.471] [ARM-RX] 5> result: 90.00 99.24 -78.90 0.00 88.14 0.00
[21:53:46.471] [ARM-RX] [66] <0.00 -39.51 -0.99> result: 90.00 99.53 -78.47 0.00 88.00 0.00
[21:53:46.471] [ARM-RX] [67] <0.00 -40.97 -1.02> result: 90.00 99.82 -78.04 0.00 87.86 0.00
[21:53:46.471] [ARM-RX] [68] <0.00 -42.44 -1.06> result: 90.00 100.11 -77.60 0.00 87.71 0.00
[21:53:46.472] [ARM-RX] [
[21:53:46.494] [ARM-RX] 69] <0.00 -43.94 -1.10> result: 90.00 100.41 -77.15 0.00 87.56 0.00
[21:53:46.494] [ARM-RX] [70] <0.00 -45.45 -1.14> result: 90.00 100.70 -76.70 0.00 87.41 0.00
[21:53:46.495] [ARM-RX] [71] <0.00 -46.98 -1.17> result: 90.00 101.00 -76.24 0.00 87.25 0.00
[21:53:46.495] [ARM-RX] [72] <0.00 -48.53 -1.21> result: 90.00 101.30 -
[21:53:46.516] [ARM-RX] 75.78 0.00 87.08 0.00
[21:53:46.516] [ARM-RX] [73] <0.00 -50.09 -1.25> result: 90.00 101.60 -75.31 0.00 86.91 0.00
[21:53:46.516] [ARM-RX] [74] <0.00 -51.67 -1.29> result: 90.00 101.90 -74.84 0.00 86.74 0.00
[21:53:46.516] [ARM-RX] [75] <0.00 -53.26 -1.33> result: 90.00 102.20 -74.36 0.00 86.56 0.00
[21:53:46.518] [ARM-RX] [76] <0.00 -54.86 -1.37
[21:53:46.539] [ARM-RX] > result: 90.00 102.51 -73.87 0.00 86.38 0.00
[21:53:46.539] [ARM-RX] [77] <0.00 -56.48 -1.41> result: 90.00 102.81 -73.39 0.00 86.20 0.00
[21:53:46.540] [ARM-RX] [78] <0.00 -58.11 -1.45> result: 90.00 103.11 -72.89 0.00 86.01 0.00
[21:53:46.540] [ARM-RX] [79] <0.00 -59.75 -1.49> result: 90.00 103.42 -72.40 0.00 85.82 0.00
[21:53:46.565] [ARM-RX] [80] <0.00 -60.00 -1.50> result: 90.00 103.47 -72.32 0.00 85.79 0.00
[21:53:46.565] [ARM-RX] [81] <0.00 -60.00 -1.50> result: 90.00 103.47 -72.32 0.00 85.79 0.00
[21:53:46.565] [ARM-RX] [82] <0.00 -60.00 -1.50> result: 90.00 103.47 -72.32 0.00 85.79 0.00
[21:53:46.566] [ARM-RX] [83] <0.00 -60.00 -1.50> result: 90.00 103.47
[21:53:46.597] [ARM-RX] -72.32 0.00 85.79 0.00
[21:53:46.597] [ARM-RX] [84] <0.00 -60.00 -1.50> result: 90.00 103.47 -72.32 0.00 85.79 0.00
[21:53:46.597] [ARM-RX] [85] <0.00 -60.00 -1.50> result: 90.00 103.47 -72.32 0.00 85.79 0.00
[21:53:46.597] [ARM-RX] [86] <0.00 -60.00 -1.50> result: 90.00 103.47 -72.32 0.00 85.79 0.00
[21:53:46.598] [ARM-RX] [87] <0.00 -60.00 -1.
[21:53:46.622] [ARM-RX] 50> result: 90.00 103.47 -72.32 0.00 85.79 0.00
[21:53:46.622] [ARM-RX] [88] <0.00 -60.00 -1.50> result: 90.00 103.47 -72.32 0.00 85.79 0.00
[21:53:46.622] [ARM-RX] [89] <0.00 -60.00 -1.50> result: 90.00 103.47 -72.32 0.00 85.79 0.00
[21:53:46.622] [ARM-RX] [90] <0.00 -60.00 -1.50> result: 90.00 103.47 -72.32 0.00 85.79 0.0
[21:53:46.644] [ARM-RX] 0
[21:53:46.645] [ARM-RX] [91] <0.00 -60.00 -1.50> result: 90.00 103.47 -72.32 0.00 85.79 0.00
[21:53:46.645] [ARM-RX] [92] <0.00 -60.00 -1.50> result: 90.00 103.47 -72.32 0.00 85.79 0.00
[21:53:46.645] [ARM-RX] [93] <0.00 -60.00 -1.50> result: 90.00 103.47 -72.32 0.00 85.79 0.00
[21:53:46.645] [ARM-RX] [94] <0.00 -60.00 -1.50> result: 90.00 103.
[21:53:46.668] [ARM-RX] 47 -72.32 0.00 85.79 0.00
[21:53:46.669] [ARM-RX] [95] <0.00 -60.00 -1.50> result: 90.00 103.47 -72.32 0.00 85.79 0.00
[21:53:46.669] [ARM-RX] [96] <0.00 -60.00 -1.50> result: 90.00 103.47 -72.32 0.00 85.79 0.00
[21:53:46.669] [ARM-RX] [97] <0.00 -60.00 -1.50> result: 90.00 103.47 -72.32 0.00 85.79 0.00
[21:53:46.669] [ARM-RX] [98] <0.00 -60.00 -
[21:53:46.689] [ARM-RX] 1.50> result: 90.00 103.47 -72.32 0.00 85.79 0.00
[21:53:46.689] [ARM-RX] [99] <0.00 -60.00 -1.50> result: 90.00 103.47 -72.32 0.00 85.79 0.00
[21:53:46.689] [ARM-RX] [100] <0.00 -60.00 -1.50> result: 90.00 103.47 -72.32 0.00 85.79 0.00
[21:53:46.689] [ARM-RX] [101] <0.00 -60.00 -1.50> result: 90.00 103.47 -72.32 0.00 85.79
[21:53:46.711] [ARM-RX] 0.00
[21:53:46.711] [ARM-RX] [102] <0.00 -60.00 -1.50> result: 90.00 103.47 -72.32 0.00 85.79 0.00
[21:53:46.711] [ARM-RX] [103] <0.00 -60.00 -1.50> result: 90.00 103.47 -72.32 0.00 85.79 0.00
[21:53:46.713] [ARM-RX] [104] <0.00 -60.00 -1.50> result: 90.00 103.47 -72.32 0.00 85.79 0.00
[21:53:46.713] [ARM-RX] [105] <0.00 -60.00 -1.50> result: 90
[21:53:46.734] [ARM-RX] .00 103.47 -72.32 0.00 85.79 0.00
[21:53:46.735] [ARM-RX] [106] <0.00 -60.00 -1.50> result: 90.00 103.47 -72.32 0.00 85.79 0.00
[21:53:46.735] [ARM-RX] [107] <0.00 -60.00 -1.50> result: 90.00 103.47 -72.32 0.00 85.79 0.00
[21:53:46.735] [ARM-RX] [108] <0.00 -60.00 -1.50> result: 90.00 103.47 -72.32 0.00 85.79 0.00
[21:53:46.735] [ARM-RX] [109] <0
[21:53:46.757] [ARM-RX] .00 -60.00 -1.50> result: 90.00 103.47 -72.32 0.00 85.79 0.00
[21:53:46.757] [ARM-RX] [110] <0.00 -60.00 -1.50> result: 90.00 103.47 -72.32 0.00 85.79 0.00
[21:53:46.758] [ARM-RX] [111] <0.00 -60.00 -1.50> result: 90.00 103.47 -72.32 0.00 85.79 0.00
[21:53:46.758] [ARM-RX] [112] <0.00 -60.00 -1.50> result: 90.00 103.47 -72.
[21:53:46.792] [ARM-RX] 32 0.00 85.79 0.00
[21:53:46.792] [ARM-RX] [113] <0.00 -60.00 -1.50> result: 90.00 103.47 -72.32 0.00 85.79 0.00
[21:53:46.793] [ARM-RX] [114] <0.00 -60.00 -1.50> result: 90.00 103.47 -72.32 0.00 85.79 0.00
[21:53:46.793] [ARM-RX] [115] <0.00 -60.00 -1.50> result: 90.00 103.47 -72.32 0.00 85.79 0.00
[21:53:46.793] [ARM-RX] [116] <0.00 -60.00 -1.5
[21:53:46.815] [ARM-RX] 0> result: 90.00 103.47 -72.32 0.00 85.79 0.00
[21:53:46.815] [ARM-RX] [117] <0.00 -60.00 -1.50> result: 90.00 103.47 -72.32 0.00 85.79 0.00
[21:53:46.815] [ARM-RX] [118] <0.00 -60.00 -1.50> result: 90.00 103.47 -72.32 0.00 85.79 0.00
[21:53:46.816] [ARM-RX] [119] <0.00 -60.00 -1.50> result: 90.00 103.47 -72.32 0.00 85.79 0
[21:53:46.841] [ARM-RX] .00
[21:53:46.842] [ARM-RX] [120] <0.00 -60.00 -1.50> result: 90.00 103.47 -72.32 0.00 85.79 0.00
[21:53:46.842] [ARM-RX] [121] <0.00 -60.00 -1.50> result: 90.00 103.47 -72.32 0.00 85.79 0.00
[21:53:46.842] [ARM-RX] [122] <0.00 -60.00 -1.50> result: 90.00 103.47 -72.32 0.00 85.79 0.00
[21:53:46.842] [ARM-RX] [123] <0.00 -60.00 -1.50> result: 90.0
[21:53:46.860] [ARM-RX] 0 103.47 -72.32 0.00 85.79 0.00
[21:53:46.861] [ARM-RX] [124] <0.00 -60.00 -1.50> result: 90.00 103.47 -72.32 0.00 85.79 0.00
[21:53:46.861] [ARM-RX] [125] <0.00 -60.00 -1.50> result: 90.00 103.47 -72.32 0.00 85.79 0.00
[21:53:46.861] [ARM-RX] [126] <0.00 -60.00 -1.50> result: 90.00 103.47 -72.32 0.00 85.79 0.00
[21:53:46.861] [ARM-RX] [127] <0.0
[21:53:46.883] [ARM-RX] 0 -60.00 -1.50> result: 90.00 103.47 -72.32 0.00 85.79 0.00
[21:53:46.883] [ARM-RX] [128] <0.00 -60.00 -1.50> result: 90.00 103.47 -72.32 0.00 85.79 0.00
[21:53:46.883] [ARM-RX] [129] <0.00 -60.00 -1.50> result: 90.00 103.47 -72.32 0.00 85.79 0.00
[21:53:46.884] [ARM-RX] [130] <0.00 -60.00 -1.50> result: 90.00 103.47 -72.32
[21:53:46.906] [ARM-RX] 0.00 85.79 0.00
[21:53:46.906] [ARM-RX] [131] <0.00 -60.00 -1.50> result: 90.00 103.47 -72.32 0.00 85.79 0.00
[21:53:46.906] [ARM-RX] [132] <0.00 -60.00 -1.50> result: 90.00 103.47 -72.32 0.00 85.79 0.00
[21:53:46.907] [ARM-RX] [133] <0.00 -60.00 -1.50> result: 90.00 103.47 -72.32 0.00 85.79 0.00
[21:53:46.907] [ARM-RX] [134] <0.00 -60.00 -1.50>
[21:53:46.929] [ARM-RX] result: 90.00 103.47 -72.32 0.00 85.79 0.00
[21:53:46.930] [ARM-RX] [135] <0.00 -60.00 -1.50> result: 90.00 103.47 -72.32 0.00 85.79 0.00
[21:53:46.930] [ARM-RX] [136] <0.00 -60.00 -1.50> result: 90.00 103.47 -72.32 0.00 85.79 0.00
[21:53:46.930] [ARM-RX] [137] <0.00 -60.00 -1.50> result: 90.00 103.47 -72.32 0.00 85.79 0.0
[21:53:46.965] [ARM-RX] 0
[21:53:46.965] [ARM-RX] [138] <0.00 -60.00 -1.50> result: 90.00 103.47 -72.32 0.00 85.79 0.00
[21:53:46.965] [ARM-RX] [139] <0.00 -60.00 -1.50> result: 90.00 103.47 -72.32 0.00 85.79 0.00
[21:53:46.965] [ARM-RX] [140] <0.00 -60.00 -1.50> result: 90.00 103.47 -72.32 0.00 85.79 0.00
[21:53:46.965] [ARM-RX] [141] <0.00 -60.00 -1.50> result: 90.00
[21:53:46.986] [ARM-RX] 103.47 -72.32 0.00 85.79 0.00
[21:53:46.986] [ARM-RX] [142] <0.00 -60.00 -1.50> result: 90.00 103.47 -72.32 0.00 85.79 0.00
[21:53:46.986] [ARM-RX] [143] <0.00 -60.00 -1.50> result: 90.00 103.47 -72.32 0.00 85.79 0.00
[21:53:46.986] [ARM-RX] [144] <0.00 -60.00 -1.50> result: 90.00 103.47 -72.32 0.00 85.79 0.00
[21:53:46.988] [ARM-RX] [145] <0.00
[21:53:47.010] [ARM-RX] -60.00 -1.50> result: 90.00 103.47 -72.32 0.00 85.79 0.00
[21:53:47.010] [ARM-RX] [146] <0.00 -60.00 -1.50> result: 90.00 103.47 -72.32 0.00 85.79 0.00
[21:53:47.010] [ARM-RX] [147] <0.00 -60.00 -1.50> result: 90.00 103.47 -72.32 0.00 85.79 0.00
[21:53:47.010] [ARM-RX] [148] <0.00 -60.00 -1.50> result: 90.00 103.47 -72.32 0
[21:53:47.032] [ARM-RX] .00 85.79 0.00
[21:53:47.032] [ARM-RX] [149] <0.00 -60.00 -1.50> result: 90.00 103.47 -72.32 0.00 85.79 0.00
[21:53:47.032] [ARM-RX] [150] <0.00 -60.00 -1.50> result: 90.00 103.47 -72.32 0.00 85.79 0.00
[21:53:47.033] [ARM-RX] [151] <0.00 -60.00 -1.50> result: 90.00 103.47 -72.32 0.00 85.79 0.00
[21:53:47.033] [ARM-RX] [152] <0.00 -60.00 -1.50> r
[21:53:47.055] [ARM-RX] esult: 90.00 103.47 -72.32 0.00 85.79 0.00
[21:53:47.056] [ARM-RX] [153] <0.00 -60.00 -1.50> result: 90.00 103.47 -72.32 0.00 85.79 0.00
[21:53:47.056] [ARM-RX] [154] <0.00 -60.00 -1.50> result: 90.00 103.47 -72.32 0.00 85.79 0.00
[21:53:47.056] [ARM-RX] [155] <0.00 -60.00 -1.50> result: 90.00 103.47 -72.32 0.00 85.79 0.00
[21:53:47.078] [ARM-RX] [156] <0.00 -60.00 -1.50> result: 90.00 103.47 -72.32 0.00 85.79 0.00
[21:53:47.079] [ARM-RX] [157] <0.00 -60.00 -1.50> result: 90.00 103.47 -72.32 0.00 85.79 0.00
[21:53:47.079] [ARM-RX] [158] <0.00 -60.00 -1.50> result: 90.00 103.47 -72.32 0.00 85.79 0.00
[21:53:47.079] [ARM-RX] [159] <0.00 -60.00 -1.50> result: 90.00 10
[21:53:47.101] [ARM-RX] 3.47 -72.32 0.00 85.79 0.00
[21:53:47.101] [ARM-RX] [160] <0.00 -60.00 -1.50> result: 90.00 103.47 -72.32 0.00 85.79 0.00
[21:53:47.101] [ARM-RX] [161] <0.00 -60.00 -1.50> result: 90.00 103.47 -72.32 0.00 85.79 0.00
[21:53:47.102] [ARM-RX] [162] <0.00 -60.00 -1.50> result: 90.00 103.47 -72.32 0.00 85.79 0.00
[21:53:47.102] [ARM-RX] [163] <0.00 -6
[21:53:47.125] [ARM-RX] 0.00 -1.50> result: 90.00 103.47 -72.32 0.00 85.79 0.00
[21:53:47.125] [ARM-RX] [164] <0.00 -60.00 -1.50> result: 90.00 103.47 -72.32 0.00 85.79 0.00
[21:53:47.125] [ARM-RX] [165] <0.00 -60.00 -1.50> result: 90.00 103.47 -72.32 0.00 85.79 0.00
[21:53:47.125] [ARM-RX] [166] <0.00 -60.00 -1.50> result: 90.00 103.47 -72.32 0.0
[21:53:47.158] [ARM-RX] 0 85.79 0.00
[21:53:47.158] [ARM-RX] [167] <0.00 -60.00 -1.50> result: 90.00 103.47 -72.32 0.00 85.79 0.00
[21:53:47.158] [ARM-RX] [168] <0.00 -60.00 -1.50> result: 90.00 103.47 -72.32 0.00 85.79 0.00
[21:53:47.159] [ARM-RX] [169] <0.00 -60.00 -1.50> result: 90.00 103.47 -72.32 0.00 85.79 0.00
[21:53:47.159] [ARM-RX] [170] <0.00 -60.00 -1.50> res
[21:53:47.183] [ARM-RX] ult: 90.00 103.47 -72.32 0.00 85.79 0.00
[21:53:47.183] [ARM-RX] [171] <0.00 -60.00 -1.50> result: 90.00 103.47 -72.32 0.00 85.79 0.00
[21:53:47.183] [ARM-RX] [172] <0.00 -60.00 -1.50> result: 90.00 103.47 -72.32 0.00 85.79 0.00
[21:53:47.183] [ARM-RX] [173] <0.00 -60.00 -1.50> result: 90.00 103.47 -72.32 0.00 85.79 0.00
[21:53:47.184] [ARM-RX] [
[21:53:47.249] [ARM-RX] 174] <0.00 -60.00 -1.50> result: 90.00 103.47 -72.32 0.00 85.79 0.00
[21:53:47.249] [ARM-RX] [175] <0.00 -60.00 -1.50> result: 90.00 103.47 -72.32 0.00 85.79 0.00
[21:53:47.249] [ARM-RX] [176] <0.00 -60.00 -1.50> result: 90.00 103.47 -72.32 0.00 85.79 0.00
[21:53:49.114] [ARM-RX] [joint 1] ave_error:0.09
[21:53:49.114] [ARM-RX] [joint 2] ave_error:2.94
[21:53:49.114] [ARM-RX] [joint 3] ave_error:2.48
[21:53:49.114] [ARM-RX] [joint 4] ave_error:0.00
[21:53:49.114] [ARM-RX] [joint 5] ave_error:0.28
[21:53:49.114] [ARM-RX] robot pid run finished!!
[21:53:49.178] [JETSON-RX] CC 01 01 DD
[21:53:49.178] [JETSON-STATUS] READY: CC 01 01 DD
[21:54:19.493] [JETSON-TX] VISION dcx=30 dcy=-20: FF 05 03 1E 00 EC FF 11 FE
[21:54:19.539] [ARM-RX] [JETSON_RX] vision dcx=30 dcy=-20
[21:54:19.539] [ARM-RX] [TARGET] vision state=WAIT_DETECT enabled=1 dcx=30 dcy=-20 stable=0
[21:54:19.539] [ARM-RX] ROBOT_AUTO_EVENT
[21:54:19.539] [ARM-RX] [0] <0.00 -60.00 -1.50> result: 90.00 103.47 -72.32 0.00 85.79 0.00
[21:54:19.539] [ARM-RX] [1] <0.00 -60.00 -1.50> result: 90.00 103.47 -72.32 -0.00 85.79 0.
[21:54:19.561] [ARM-RX] 00
[21:54:19.562] [ARM-RX] [2] <0.01 -60.00 -1.51> result: 90.00 103.47 -72.32 -0.00 85.79 0.00
[21:54:19.562] [ARM-RX] [3] <0.02 -60.00 -1.52> result: 90.01 103.48 -72.32 -0.01 85.80 0.00
[21:54:19.562] [ARM-RX] [4] <0.05 -60.00 -1.55> result: 90.02 103.49 -72.32 -0.02 85.81 0.00
[21:54:19.562] [ARM-RX] [5] <0.08 -60.00 -1.58> result: 90.04 103.
[21:54:19.584] [ARM-RX] 51 -72.32 -0.04 85.83 0.00
[21:54:19.585] [ARM-RX] [6] <0.14 -60.00 -1.64> result: 90.07 103.54 -72.33 -0.07 85.86 0.00
[21:54:19.585] [ARM-RX] [7] <0.21 -60.00 -1.71> result: 90.11 103.57 -72.33 -0.11 85.90 0.00
[21:54:19.585] [ARM-RX] [8] <0.29 -60.00 -1.79> result: 90.16 103.62 -72.33 -0.16 85.95 0.00
[21:54:19.585] [ARM-RX] [9] <0.40 -60.00 -
[21:54:19.607] [ARM-RX] 1.90> result: 90.21 103.67 -72.34 -0.22 86.01 0.00
[21:54:19.607] [ARM-RX] [10] <0.53 -60.00 -2.03> result: 90.28 103.74 -72.34 -0.28 86.08 0.00
[21:54:19.608] [ARM-RX] [11] <0.68 -60.00 -2.18> result: 90.36 103.82 -72.35 -0.36 86.16 0.00
[21:54:19.608] [ARM-RX] [12] <0.86 -60.00 -2.36> result: 90.46 103.90 -72.35 -0.46 86.
[21:54:19.630] [ARM-RX] 26 0.00
[21:54:19.630] [ARM-RX] [13] <1.05 -60.00 -2.55> result: 90.56 104.00 -72.36 -0.56 86.36 0.00
[21:54:19.630] [ARM-RX] [14] <1.26 -60.00 -2.76> result: 90.67 104.11 -72.37 -0.67 86.48 0.00
[21:54:19.630] [ARM-RX] [15] <1.49 -60.00 -2.99> result: 90.79 104.23 -72.37 -0.79 86.60 0.00
[21:54:19.631] [ARM-RX] [16] <1.74 -60.00 -3.24> result: 9
[21:54:19.653] [ARM-RX] 0.92 104.36 -72.38 -0.93 86.74 0.00
[21:54:19.654] [ARM-RX] [17] <2.00 -60.00 -3.50> result: 91.06 104.49 -72.39 -1.06 86.88 0.00
[21:54:19.654] [ARM-RX] [18] <2.27 -60.00 -3.77> result: 91.21 104.63 -72.40 -1.21 87.03 0.00
[21:54:19.655] [ARM-RX] [19] <2.50 -60.00 -4.00> result: 91.33 104.75 -72.40 -1.33 87.15 0.00
[21:54:19.655] [ARM-RX] [20] <
[21:54:19.688] [ARM-RX] 2.50 -60.00 -4.00> result: 91.33 104.75 -72.40 -1.33 87.15 0.00
[21:54:19.688] [ARM-RX] [21] <2.50 -60.00 -4.00> result: 91.33 104.75 -72.40 -1.33 87.15 0.00
[21:54:19.688] [ARM-RX] [22] <2.50 -60.00 -4.00> result: 91.33 104.75 -72.40 -1.33 87.15 0.00
[21:54:19.689] [ARM-RX] [23] <2.50 -60.00 -4.00> result: 91.33 104.75 -72
[21:54:19.713] [ARM-RX] .40 -1.33 87.15 0.00
[21:54:19.713] [ARM-RX] [24] <2.50 -60.00 -4.00> result: 91.33 104.75 -72.40 -1.33 87.15 0.00
[21:54:19.713] [ARM-RX] [25] <2.50 -60.00 -4.00> result: 91.33 104.75 -72.40 -1.33 87.15 0.00
[21:54:19.714] [ARM-RX] [26] <2.50 -60.00 -4.00> result: 91.33 104.75 -72.40 -1.33 87.15 0.00
[21:54:19.714] [ARM-RX] [27] <2.50 -60.00 -4.
[21:54:19.735] [ARM-RX] 00> result: 91.33 104.75 -72.40 -1.33 87.15 0.00
[21:54:19.736] [ARM-RX] [28] <2.50 -60.00 -4.00> result: 91.33 104.75 -72.40 -1.33 87.15 0.00
[21:54:19.736] [ARM-RX] [29] <2.50 -60.00 -4.00> result: 91.33 104.75 -72.40 -1.33 87.15 0.00
[21:54:19.737] [ARM-RX] [30] <2.50 -60.00 -4.00> result: 91.33 104.75 -72.40 -1.33 87.15
[21:54:19.760] [ARM-RX] 0.00
[21:54:19.760] [ARM-RX] [31] <2.50 -60.00 -4.00> result: 91.33 104.75 -72.40 -1.33 87.15 0.00
[21:54:19.760] [ARM-RX] [32] <2.50 -60.00 -4.00> result: 91.33 104.75 -72.40 -1.33 87.15 0.00
[21:54:19.760] [ARM-RX] [33] <2.50 -60.00 -4.00> result: 91.33 104.75 -72.40 -1.33 87.15 0.00
[21:54:19.760] [ARM-RX] [34] <2.50 -60.00 -4.00> result: 91.
[21:54:19.782] [ARM-RX] 33 104.75 -72.40 -1.33 87.15 0.00
[21:54:19.782] [ARM-RX] [35] <2.50 -60.00 -4.00> result: 91.33 104.75 -72.40 -1.33 87.15 0.00
[21:54:19.782] [ARM-RX] [36] <2.50 -60.00 -4.00> result: 91.33 104.75 -72.40 -1.33 87.15 0.00
[21:54:19.782] [ARM-RX] [37] <2.50 -60.00 -4.00> result: 91.33 104.75 -72.40 -1.33 87.15 0.00
[21:54:19.782] [ARM-RX] [38] <2.
[21:54:19.804] [ARM-RX] 50 -60.00 -4.00> result: 91.33 104.75 -72.40 -1.33 87.15 0.00
[21:54:19.804] [ARM-RX] [39] <2.50 -60.00 -4.00> result: 91.33 104.75 -72.40 -1.33 87.15 0.00
[21:54:19.805] [ARM-RX] [40] <2.50 -60.00 -4.00> result: 91.33 104.75 -72.40 -1.33 87.15 0.00
[21:54:19.805] [ARM-RX] [41] <2.50 -60.00 -4.00> result: 91.33 104.75 -72.4
[21:54:19.865] [ARM-RX] 0 -1.33 87.15 0.00
[21:54:19.865] [ARM-RX] [42] <2.50 -60.00 -4.00> result: 91.33 104.75 -72.40 -1.33 87.15 0.00
[21:54:19.865] [ARM-RX] [43] <2.50 -60.00 -4.00> result: 91.33 104.75 -72.40 -1.33 87.15 0.00
[21:54:20.361] [ARM-RX] [joint 1] ave_error:0.25
[21:54:20.361] [ARM-RX] [joint 2] ave_error:1.24
[21:54:20.362] [ARM-RX] [joint 3] ave_error:0.27
[21:54:20.362] [ARM-RX] [joint 4] ave_error:0.33
[21:54:20.362] [ARM-RX] [joint 5] ave_error:
[21:54:20.423] [ARM-RX] 0.21
[21:54:20.423] [ARM-RX] robot pid run finished!!
[21:54:28.145] [JETSON-TX] VISION dcx=5 dcy=-5: FF 05 03 05 00 FB FF 07 FE
[21:54:28.193] [ARM-RX] [JETSON_RX] vision dcx=5 dcy=-5
[21:54:28.195] [ARM-RX] [TARGET] vision state=WAIT_DETECT enabled=1 dcx=5 dcy=-5 stable=0
[21:54:35.873] [JETSON-TX] VISION dcx=0 dcy=0: FF 05 03 00 00 00 00 08 FE
[21:54:35.956] [ARM-RX] [JETSON_RX] vision dcx=0 dcy=0
[21:54:35.956] [ARM-RX] [TARGET] vision state=WAIT_DETECT enabled=1 dcx=0 dcy=0 stable=0
[21:54:39.202] [JETSON-TX] VISION dcx=0 dcy=0: FF 05 03 00 00 00 00 08 FE
[21:54:39.254] [ARM-RX] [JETSON_RX] vision dcx=0 dcy=0
[21:54:39.255] [ARM-RX] [TARGET] vision state=WAIT_DETECT enabled=1 dcx=0 dcy=0 stable=0
[21:54:40.022] [JETSON-TX] VISION dcx=0 dcy=0: FF 05 03 00 00 00 00 08 FE
[21:54:40.065] [ARM-RX] [JETSON_RX] vision dcx=0 dcy=0
[21:54:40.065] [ARM-RX] [TARGET] vision state=WAIT_DETECT enabled=1 dcx=0 dcy=0 stable=0
[21:54:40.961] [JETSON-TX] VISION dcx=0 dcy=0: FF 05 03 00 00 00 00 08 FE
[21:54:41.001] [ARM-RX] [JETSON_RX] vision dcx=0 dcy=0
[21:54:41.001] [ARM-RX] [TARGET] vision state=WAIT_DETECT enabled=1 dcx=0 dcy=0 stable=0
[21:54:44.536] [JETSON-TX] VISION dcx=0 dcy=0: FF 05 03 00 00 00 00 08 FE
[21:54:44.610] [ARM-RX] [JETSON_RX] vision dcx=0 dcy=0
[21:54:44.610] [ARM-RX] [TARGET] vision state=WAIT_DETECT enabled=1 dcx=0 dcy=0 stable=0
[21:54:45.993] [JETSON-TX] VISION dcx=0 dcy=0: FF 05 03 00 00 00 00 08 FE
[21:54:46.041] [ARM-RX] [JETSON_RX] vision dcx=0 dcy=0
[21:54:46.041] [ARM-RX] [TARGET] vision state=WAIT_DETECT enabled=1 dcx=0 dcy=0 stable=0
[21:58:26.932] [ARM-TX] 发送命令 target_disable: target_disable
[21:58:27.039] [ARM-RX] Found handler for 'target_disable', executing...
[21:58:27.039] [ARM-RX] target_disable
[21:58:28.692] [ARM-TX] 发送命令 soft_reset: soft_reset
[21:58:28.771] [ARM-RX] Found handler for 'soft_reset', executing...
[21:58:28.772] [ARM-RX] ROBOT_SOFT_RESET_EVENT
[21:58:28.772] [ARM-RX] --- Starting soft reset ---
[21:58:28.954] [ARM-RX] Soft reset motors enabled (J1~J5, J6 skipped).
[21:58:28.955] [ARM-RX] Soft resetting joint 4...
[21:58:29.016] [ARM-RX] robot_update_current_angle 4...
[21:58:29.016] [ARM-RX] [4] current:87.19, target:90.00, dir:1
[21:58:29.447] [ARM-RX] Soft resetting joint 3...
[21:58:29.508] [ARM-RX] robot_update_current_angle 3...
[21:58:29.508] [ARM-RX] [3] current:-1.15, target:0.00, dir:1
[21:58:29.758] [ARM-RX] Soft resetting joint 1...
[21:58:29.758] [ARM-RX] robot_update_current_angle 1...
[21:58:29.758] [ARM-RX] [1] current:105.22, target:90.00, dir:-1
[21:58:31.356] [ARM-RX] soft reset joint 1 settle timeout, keep going
[21:58:31.356] [ARM-RX] Soft resetting joint 2...
[21:58:31.356] [ARM-RX] robot_update_current_angle 2...
[21:58:31.356] [ARM-RX] [2] current:-72.29, target:-90.00, dir:-1
[21:58:33.014] [ARM-RX] soft reset joint 2 settle timeout, keep going
[21:58:33.014] [ARM-RX] Soft resetting joint 0...
[21:58:33.014] [ARM-RX] robot_update_current_angle 0...
[21:58:33.014] [ARM-RX] [0] current:91.21, target:90.00, dir:-1
[21:58:33.384] [ARM-RX] soft reset final verify PASS (issues:2), pose set HOME.
[22:01:00.092] [ARM-TX] 发送命令 soft_reset: soft_reset
[22:01:00.209] [ARM-RX] Found handler for 'soft_reset', executing...
[22:01:00.209] [ARM-RX] ROBOT_SOFT_RESET_EVENT
[22:01:00.209] [ARM-RX] --- Starting soft reset ---
[22:01:00.459] [ARM-RX] Soft reset motors enabled (J1~J5, J6 skipped).
[22:01:00.459] [ARM-RX] Soft resetting joint 4...
[22:01:00.459] [ARM-RX] robot_update_current_angle 4...
[22:01:00.460] [ARM-RX] [4] current:90.00, target:90.00, dir:-1
[22:01:00.582] [ARM-RX] Soft resetting joint 3...
[22:01:00.582] [ARM-RX] robot_update_current_angle 3...
[22:01:00.582] [ARM-RX] [3] current:0.00, target:0.00, dir:-1
[22:01:00.708] [ARM-RX] Soft resetting joint 1...
[22:01:00.770] [ARM-RX] robot_update_current_angle 1...
[22:01:00.771] [ARM-RX] [1] current:90.00, target:90.00, dir:-1
[22:01:00.894] [ARM-RX] Soft resetting joint 2...
[22:01:00.894] [ARM-RX] robot_update_current_angle 2...
[22:01:00.894] [ARM-RX] [2] current:-90.00, target:-90.00, dir:-1
[22:01:01.018] [ARM-RX] Soft resetting joint 0...
[22:01:01.081] [ARM-RX] robot_update_current_angle 0...
[22:01:01.081] [ARM-RX] [0] current:90.00, target:90.00, dir:-1
[22:01:01.267] [ARM-RX] soft reset final verify PASS (issues:0), pose set HOME.
[22:01:03.431] [ARM-TX] 发送命令 target_enable: target_enable
[22:01:03.500] [ARM-RX] Found handler for 'target_enable', executing...
[22:01:03.501] [ARM-RX] target_enable
[22:01:03.501] [ARM-RX] ROBOT_AUTO_EVENT
[22:01:03.501] [ARM-RX] [0] <0.00 0.00 0.00> result: 90.00 90.00 -90.00 0.00 90.00 0.00
[22:01:03.501] [ARM-RX] [1] <0.00 -0.00 -0.00> result: 90.00 90.00 -90.00 0.00 90.00 0.00
[22:01:03.501] [ARM-RX] [2] <0.00 -0.00 -0.00> result: 90.00 90.00 -
[22:01:03.522] [ARM-RX] 90.00 0.00 90.00 0.00
[22:01:03.523] [ARM-RX] [3] <0.00 -0.01 -0.00> result: 90.00 90.00 -90.00 0.00 90.00 0.00
[22:01:03.523] [ARM-RX] [4] <0.00 -0.02 -0.00> result: 90.00 90.01 -90.00 0.00 90.00 0.00
[22:01:03.523] [ARM-RX] [5] <0.00 -0.03 -0.00> result: 90.00 90.01 -89.99 0.00 90.00 0.00
[22:01:03.523] [ARM-RX] [6] <0.00 -0.05 -0.00> result: 9
[22:01:03.545] [ARM-RX] 0.00 90.02 -89.99 0.00 90.00 0.00
[22:01:03.545] [ARM-RX] [7] <0.00 -0.07 -0.00> result: 90.00 90.02 -89.98 0.00 90.00 0.00
[22:01:03.545] [ARM-RX] [8] <0.00 -0.11 -0.00> result: 90.00 90.03 -89.97 0.00 90.00 0.00
[22:01:03.546] [ARM-RX] [9] <0.00 -0.15 -0.00> result: 90.00 90.05 -89.96 0.00 90.00 0.00
[22:01:03.546] [ARM-RX] [10] <0.00 -0.20 -0.
[22:01:03.579] [ARM-RX] 01> result: 90.00 90.06 -89.94 0.00 90.01 0.00
[22:01:03.580] [ARM-RX] [11] <0.00 -0.27 -0.01> result: 90.00 90.08 -89.92 0.00 90.01 0.00
[22:01:03.580] [ARM-RX] [12] <0.00 -0.34 -0.01> result: 90.00 90.11 -89.90 0.00 90.01 0.00
[22:01:03.580] [ARM-RX] [13] <0.00 -0.43 -0.01> result: 90.00 90.14 -89.88 0.00 90.01 0.00
[22:01:03.580] [ARM-RX] [14]
[22:01:03.601] [ARM-RX] <0.00 -0.54 -0.01> result: 90.00 90.17 -89.85 0.00 90.02 0.00
[22:01:03.603] [ARM-RX] [15] <0.00 -0.65 -0.02> result: 90.00 90.20 -89.81 0.00 90.02 0.00
[22:01:03.603] [ARM-RX] [16] <0.00 -0.79 -0.02> result: 90.00 90.25 -89.78 0.00 90.02 0.00
[22:01:03.603] [ARM-RX] [17] <0.00 -0.94 -0.02> result: 90.00 90.29 -89.73 0.00
[22:01:03.625] [ARM-RX] 90.03 0.00
[22:01:03.626] [ARM-RX] [18] <0.00 -1.10 -0.03> result: 90.00 90.34 -89.69 0.00 90.03 0.00
[22:01:03.626] [ARM-RX] [19] <0.00 -1.29 -0.03> result: 90.00 90.40 -89.63 0.00 90.03 0.00
[22:01:03.626] [ARM-RX] [20] <0.00 -1.49 -0.04> result: 90.00 90.46 -89.57 0.00 90.04 0.00
[22:01:03.626] [ARM-RX] [21] <0.00 -1.72 -0.04> result: 90.00 90
[22:01:03.649] [ARM-RX] .53 -89.51 0.00 90.04 0.00
[22:01:03.649] [ARM-RX] [22] <0.00 -1.97 -0.05> result: 90.00 90.61 -89.44 0.00 90.05 0.00
[22:01:03.649] [ARM-RX] [23] <0.00 -2.23 -0.06> result: 90.00 90.69 -89.36 0.00 90.05 0.00
[22:01:03.650] [ARM-RX] [24] <0.00 -2.52 -0.06> result: 90.00 90.77 -89.28 0.00 90.05 0.00
[22:01:03.650] [ARM-RX] [25] <0.00 -2.84 -0.07>
[22:01:03.671] [ARM-RX] result: 90.00 90.87 -89.19 0.00 90.06 0.00
[22:01:03.671] [ARM-RX] [26] <0.00 -3.17 -0.08> result: 90.00 90.97 -89.10 0.00 90.06 0.00
[22:01:03.671] [ARM-RX] [27] <0.00 -3.53 -0.09> result: 90.00 91.07 -88.99 0.00 90.06 0.00
[22:01:03.671] [ARM-RX] [28] <0.00 -3.92 -0.10> result: 90.00 91.18 -88.88 0.00 90.07 0.00
[22:01:03.671] [ARM-RX] [29] <0.
[22:01:03.693] [ARM-RX] 00 -4.33 -0.11> result: 90.00 91.30 -88.76 0.00 90.07 0.00
[22:01:03.694] [ARM-RX] [30] <0.00 -4.77 -0.12> result: 90.00 91.43 -88.64 0.00 90.07 0.00
[22:01:03.694] [ARM-RX] [31] <0.00 -5.23 -0.13> result: 90.00 91.56 -88.51 0.00 90.07 0.00
[22:01:03.694] [ARM-RX] [32] <0.00 -5.72 -0.14> result: 90.00 91.70 -88.37 0.00 90.0
[22:01:03.716] [ARM-RX] 7 0.00
[22:01:03.716] [ARM-RX] [33] <0.00 -6.24 -0.16> result: 90.00 91.85 -88.22 0.00 90.06 0.00
[22:01:03.716] [ARM-RX] [34] <0.00 -6.79 -0.17> result: 90.00 92.00 -88.06 0.00 90.06 0.00
[22:01:03.717] [ARM-RX] [35] <0.00 -7.36 -0.18> result: 90.00 92.16 -87.89 0.00 90.05 0.00
[22:01:03.717] [ARM-RX] [36] <0.00 -7.96 -0.20> result: 90.00 92.32
[22:01:03.743] [ARM-RX] -87.72 0.00 90.04 0.00
[22:01:03.744] [ARM-RX] [37] <0.00 -8.60 -0.21> result: 90.00 92.49 -87.54 0.00 90.03 0.00
[22:01:03.744] [ARM-RX] [38] <0.00 -9.26 -0.23> result: 90.00 92.67 -87.35 0.00 90.02 0.00
[22:01:03.744] [ARM-RX] [39] <0.00 -9.95 -0.25> result: 90.00 92.85 -87.15 0.00 90.00 0.00
[22:01:03.744] [ARM-RX] [40] <0.00 -10.67 -0.27> res
[22:01:03.775] [ARM-RX] ult: 90.00 93.04 -86.94 0.00 89.98 0.00
[22:01:03.775] [ARM-RX] [41] <0.00 -11.42 -0.29> result: 90.00 93.24 -86.72 0.00 89.96 0.00
[22:01:03.775] [ARM-RX] [42] <0.00 -12.20 -0.30> result: 90.00 93.44 -86.50 0.00 89.93 0.00
[22:01:03.776] [ARM-RX] [43] <0.00 -13.01 -0.33> result: 90.00 93.64 -86.26 0.00 89.91 0.00
[22:01:03.776] [ARM-RX] [44] <0.
[22:01:03.797] [ARM-RX] 00 -13.85 -0.35> result: 90.00 93.85 -86.02 0.00 89.87 0.00
[22:01:03.798] [ARM-RX] [45] <0.00 -14.72 -0.37> result: 90.00 94.07 -85.77 0.00 89.84 0.00
[22:01:03.798] [ARM-RX] [46] <0.00 -15.62 -0.39> result: 90.00 94.29 -85.51 0.00 89.80 0.00
[22:01:03.798] [ARM-RX] [47] <0.00 -16.55 -0.41> result: 90.00 94.52 -85.24 0.00
[22:01:03.819] [ARM-RX] 89.75 0.00
[22:01:03.820] [ARM-RX] [48] <0.00 -17.51 -0.44> result: 90.00 94.75 -84.96 0.00 89.70 0.00
[22:01:03.820] [ARM-RX] [49] <0.00 -18.49 -0.46> result: 90.00 94.98 -84.67 0.00 89.65 0.00
[22:01:03.821] [ARM-RX] [50] <0.00 -19.51 -0.49> result: 90.00 95.22 -84.37 0.00 89.59 0.00
[22:01:03.821] [ARM-RX] [51] <0.00 -20.56 -0.51> result: 90.0
[22:01:03.842] [ARM-RX] 0 95.47 -84.06 0.00 89.53 0.00
[22:01:03.842] [ARM-RX] [52] <0.00 -21.64 -0.54> result: 90.00 95.71 -83.75 0.00 89.46 0.00
[22:01:03.842] [ARM-RX] [53] <0.00 -22.74 -0.57> result: 90.00 95.97 -83.43 0.00 89.39 0.00
[22:01:03.844] [ARM-RX] [54] <0.00 -23.88 -0.60> result: 90.00 96.22 -83.09 0.00 89.32 0.00
[22:01:03.844] [ARM-RX] [55] <0.00 -25.04
[22:01:03.867] [ARM-RX] -0.63> result: 90.00 96.48 -82.75 0.00 89.23 0.00
[22:01:03.867] [ARM-RX] [56] <0.00 -26.23 -0.66> result: 90.00 96.74 -82.40 0.00 89.15 0.00
[22:01:03.867] [ARM-RX] [57] <0.00 -27.44 -0.69> result: 90.00 97.01 -82.05 0.00 89.06 0.00
[22:01:03.867] [ARM-RX] [58] <0.00 -28.68 -0.72> result: 90.00 97.28 -81.68 0.00 88.96 0.0
[22:01:03.888] [ARM-RX] 0
[22:01:03.888] [ARM-RX] [59] <0.00 -29.95 -0.75> result: 90.00 97.55 -81.31 0.00 88.86 0.00
[22:01:03.888] [ARM-RX] [60] <0.00 -31.25 -0.78> result: 90.00 97.83 -80.92 0.00 88.75 0.00
[22:01:03.888] [ARM-RX] [61] <0.00 -32.57 -0.81> result: 90.00 98.10 -80.53 0.00 88.64 0.00
[22:01:03.890] [ARM-RX] [62] <0.00 -33.91 -0.85> result: 90.00 98.39 -
[22:01:03.913] [ARM-RX] 80.14 0.00 88.52 0.00
[22:01:03.913] [ARM-RX] [63] <0.00 -35.28 -0.88> result: 90.00 98.67 -79.73 0.00 88.40 0.00
[22:01:03.913] [ARM-RX] [64] <0.00 -36.67 -0.92> result: 90.00 98.95 -79.32 0.00 88.27 0.00
[22:01:03.914] [ARM-RX] [65] <0.00 -38.08 -0.95> result: 90.00 99.24 -78.90 0.00 88.14 0.00
[22:01:03.914] [ARM-RX] [66] <0.00 -39.51 -0.99> r
[22:01:03.945] [ARM-RX] esult: 90.00 99.53 -78.47 0.00 88.00 0.00
[22:01:03.945] [ARM-RX] [67] <0.00 -40.97 -1.02> result: 90.00 99.82 -78.04 0.00 87.86 0.00
[22:01:03.945] [ARM-RX] [68] <0.00 -42.44 -1.06> result: 90.00 100.11 -77.60 0.00 87.71 0.00
[22:01:03.946] [ARM-RX] [69] <0.00 -43.94 -1.10> result: 90.00 100.41 -77.15 0.00 87.56 0.00
[22:01:03.946] [ARM-RX] [70]
[22:01:03.968] [ARM-RX] <0.00 -45.45 -1.14> result: 90.00 100.70 -76.70 0.00 87.41 0.00
[22:01:03.969] [ARM-RX] [71] <0.00 -46.98 -1.17> result: 90.00 101.00 -76.24 0.00 87.25 0.00
[22:01:03.969] [ARM-RX] [72] <0.00 -48.53 -1.21> result: 90.00 101.30 -75.78 0.00 87.08 0.00
[22:01:03.970] [ARM-RX] [73] <0.00 -50.09 -1.25> result: 90.00 101.60 -75.
[22:01:03.991] [ARM-RX] 31 0.00 86.91 0.00
[22:01:03.991] [ARM-RX] [74] <0.00 -51.67 -1.29> result: 90.00 101.90 -74.84 0.00 86.74 0.00
[22:01:03.992] [ARM-RX] [75] <0.00 -53.26 -1.33> result: 90.00 102.20 -74.36 0.00 86.56 0.00
[22:01:03.992] [ARM-RX] [76] <0.00 -54.86 -1.37> result: 90.00 102.51 -73.87 0.00 86.38 0.00
[22:01:03.992] [ARM-RX] [77] <0.00 -56.48 -1.41> r
[22:01:04.015] [ARM-RX] esult: 90.00 102.81 -73.39 0.00 86.20 0.00
[22:01:04.016] [ARM-RX] [78] <0.00 -58.11 -1.45> result: 90.00 103.11 -72.89 0.00 86.01 0.00
[22:01:04.016] [ARM-RX] [79] <0.00 -59.75 -1.49> result: 90.00 103.42 -72.40 0.00 85.82 0.00
[22:01:04.020] [ARM-RX] [80] <0.00 -60.00 -1.50> result: 90.00 103.47 -72.32 0.00 85.79 0.00
[22:01:04.020] [ARM-RX] [8
[22:01:04.037] [ARM-RX] 1] <0.00 -60.00 -1.50> result: 90.00 103.47 -72.32 0.00 85.79 0.00
[22:01:04.037] [ARM-RX] [82] <0.00 -60.00 -1.50> result: 90.00 103.47 -72.32 0.00 85.79 0.00
[22:01:04.037] [ARM-RX] [83] <0.00 -60.00 -1.50> result: 90.00 103.47 -72.32 0.00 85.79 0.00
[22:01:04.038] [ARM-RX] [84] <0.00 -60.00 -1.50> result: 90.00 103.47 -7
[22:01:04.060] [ARM-RX] 2.32 0.00 85.79 0.00
[22:01:04.060] [ARM-RX] [85] <0.00 -60.00 -1.50> result: 90.00 103.47 -72.32 0.00 85.79 0.00
[22:01:04.061] [ARM-RX] [86] <0.00 -60.00 -1.50> result: 90.00 103.47 -72.32 0.00 85.79 0.00
[22:01:04.061] [ARM-RX] [87] <0.00 -60.00 -1.50> result: 90.00 103.47 -72.32 0.00 85.79 0.00
[22:01:04.061] [ARM-RX] [88] <0.00 -60.00 -1.50>
[22:01:04.083] [ARM-RX] result: 90.00 103.47 -72.32 0.00 85.79 0.00
[22:01:04.084] [ARM-RX] [89] <0.00 -60.00 -1.50> result: 90.00 103.47 -72.32 0.00 85.79 0.00
[22:01:04.084] [ARM-RX] [90] <0.00 -60.00 -1.50> result: 90.00 103.47 -72.32 0.00 85.79 0.00
[22:01:04.084] [ARM-RX] [91] <0.00 -60.00 -1.50> result: 90.00 103.47 -72.32 0.00 85.79 0.00
[22:01:04.107] [ARM-RX] [92] <0.00 -60.00 -1.50> result: 90.00 103.47 -72.32 0.00 85.79 0.00
[22:01:04.107] [ARM-RX] [93] <0.00 -60.00 -1.50> result: 90.00 103.47 -72.32 0.00 85.79 0.00
[22:01:04.107] [ARM-RX] [94] <0.00 -60.00 -1.50> result: 90.00 103.47 -72.32 0.00 85.79 0.00
[22:01:04.107] [ARM-RX] [95] <0.00 -60.00 -1.50> result: 90.00 103.47
[22:01:04.140] [ARM-RX] -72.32 0.00 85.79 0.00
[22:01:04.141] [ARM-RX] [96] <0.00 -60.00 -1.50> result: 90.00 103.47 -72.32 0.00 85.79 0.00
[22:01:04.141] [ARM-RX] [97] <0.00 -60.00 -1.50> result: 90.00 103.47 -72.32 0.00 85.79 0.00
[22:01:04.141] [ARM-RX] [98] <0.00 -60.00 -1.50> result: 90.00 103.47 -72.32 0.00 85.79 0.00
[22:01:04.141] [ARM-RX] [99] <0.00 -60.00 -1.5
[22:01:04.164] [ARM-RX] 0> result: 90.00 103.47 -72.32 0.00 85.79 0.00
[22:01:04.164] [ARM-RX] [100] <0.00 -60.00 -1.50> result: 90.00 103.47 -72.32 0.00 85.79 0.00
[22:01:04.164] [ARM-RX] [101] <0.00 -60.00 -1.50> result: 90.00 103.47 -72.32 0.00 85.79 0.00
[22:01:04.164] [ARM-RX] [102] <0.00 -60.00 -1.50> result: 90.00 103.47 -72.32 0.00 85.79 0
[22:01:04.189] [ARM-RX] .00
[22:01:04.190] [ARM-RX] [103] <0.00 -60.00 -1.50> result: 90.00 103.47 -72.32 0.00 85.79 0.00
[22:01:04.190] [ARM-RX] [104] <0.00 -60.00 -1.50> result: 90.00 103.47 -72.32 0.00 85.79 0.00
[22:01:04.190] [ARM-RX] [105] <0.00 -60.00 -1.50> result: 90.00 103.47 -72.32 0.00 85.79 0.00
[22:01:04.190] [ARM-RX] [106] <0.00 -60.00 -1.50> result: 90.0
[22:01:04.210] [ARM-RX] 0 103.47 -72.32 0.00 85.79 0.00
[22:01:04.210] [ARM-RX] [107] <0.00 -60.00 -1.50> result: 90.00 103.47 -72.32 0.00 85.79 0.00
[22:01:04.210] [ARM-RX] [108] <0.00 -60.00 -1.50> result: 90.00 103.47 -72.32 0.00 85.79 0.00
[22:01:04.210] [ARM-RX] [109] <0.00 -60.00 -1.50> result: 90.00 103.47 -72.32 0.00 85.79 0.00
[22:01:04.211] [ARM-RX] [110] <0.0
[22:01:04.232] [ARM-RX] 0 -60.00 -1.50> result: 90.00 103.47 -72.32 0.00 85.79 0.00
[22:01:04.233] [ARM-RX] [111] <0.00 -60.00 -1.50> result: 90.00 103.47 -72.32 0.00 85.79 0.00
[22:01:04.233] [ARM-RX] [112] <0.00 -60.00 -1.50> result: 90.00 103.47 -72.32 0.00 85.79 0.00
[22:01:04.233] [ARM-RX] [113] <0.00 -60.00 -1.50> result: 90.00 103.47 -72.32
[22:01:04.255] [ARM-RX] 0.00 85.79 0.00
[22:01:04.255] [ARM-RX] [114] <0.00 -60.00 -1.50> result: 90.00 103.47 -72.32 0.00 85.79 0.00
[22:01:04.255] [ARM-RX] [115] <0.00 -60.00 -1.50> result: 90.00 103.47 -72.32 0.00 85.79 0.00
[22:01:04.256] [ARM-RX] [116] <0.00 -60.00 -1.50> result: 90.00 103.47 -72.32 0.00 85.79 0.00
[22:01:04.256] [ARM-RX] [117] <0.00 -60.00 -1.50>
[22:01:04.278] [ARM-RX] result: 90.00 103.47 -72.32 0.00 85.79 0.00
[22:01:04.278] [ARM-RX] [118] <0.00 -60.00 -1.50> result: 90.00 103.47 -72.32 0.00 85.79 0.00
[22:01:04.278] [ARM-RX] [119] <0.00 -60.00 -1.50> result: 90.00 103.47 -72.32 0.00 85.79 0.00
[22:01:04.278] [ARM-RX] [120] <0.00 -60.00 -1.50> result: 90.00 103.47 -72.32 0.00 85.79 0.0
[22:01:04.311] [ARM-RX] 0
[22:01:04.313] [ARM-RX] [121] <0.00 -60.00 -1.50> result: 90.00 103.47 -72.32 0.00 85.79 0.00
[22:01:04.313] [ARM-RX] [122] <0.00 -60.00 -1.50> result: 90.00 103.47 -72.32 0.00 85.79 0.00
[22:01:04.313] [ARM-RX] [123] <0.00 -60.00 -1.50> result: 90.00 103.47 -72.32 0.00 85.79 0.00
[22:01:04.313] [ARM-RX] [124] <0.00 -60.00 -1.50> result: 90.00
[22:01:04.335] [ARM-RX] 103.47 -72.32 0.00 85.79 0.00
[22:01:04.335] [ARM-RX] [125] <0.00 -60.00 -1.50> result: 90.00 103.47 -72.32 0.00 85.79 0.00
[22:01:04.335] [ARM-RX] [126] <0.00 -60.00 -1.50> result: 90.00 103.47 -72.32 0.00 85.79 0.00
[22:01:04.335] [ARM-RX] [127] <0.00 -60.00 -1.50> result: 90.00 103.47 -72.32 0.00 85.79 0.00
[22:01:04.336] [ARM-RX] [128] <0.00
[22:01:04.358] [ARM-RX] -60.00 -1.50> result: 90.00 103.47 -72.32 0.00 85.79 0.00
[22:01:04.358] [ARM-RX] [129] <0.00 -60.00 -1.50> result: 90.00 103.47 -72.32 0.00 85.79 0.00
[22:01:04.359] [ARM-RX] [130] <0.00 -60.00 -1.50> result: 90.00 103.47 -72.32 0.00 85.79 0.00
[22:01:04.359] [ARM-RX] [131] <0.00 -60.00 -1.50> result: 90.00 103.47 -72.32 0
[22:01:04.381] [ARM-RX] .00 85.79 0.00
[22:01:04.382] [ARM-RX] [132] <0.00 -60.00 -1.50> result: 90.00 103.47 -72.32 0.00 85.79 0.00
[22:01:04.382] [ARM-RX] [133] <0.00 -60.00 -1.50> result: 90.00 103.47 -72.32 0.00 85.79 0.00
[22:01:04.382] [ARM-RX] [134] <0.00 -60.00 -1.50> result: 90.00 103.47 -72.32 0.00 85.79 0.00
[22:01:04.382] [ARM-RX] [135] <0.00 -60.00 -1.50> r
[22:01:04.404] [ARM-RX] esult: 90.00 103.47 -72.32 0.00 85.79 0.00
[22:01:04.404] [ARM-RX] [136] <0.00 -60.00 -1.50> result: 90.00 103.47 -72.32 0.00 85.79 0.00
[22:01:04.405] [ARM-RX] [137] <0.00 -60.00 -1.50> result: 90.00 103.47 -72.32 0.00 85.79 0.00
[22:01:04.405] [ARM-RX] [138] <0.00 -60.00 -1.50> result: 90.00 103.47 -72.32 0.00 85.79 0.00
[22:01:04.427] [ARM-RX] [139] <0.00 -60.00 -1.50> result: 90.00 103.47 -72.32 0.00 85.79 0.00
[22:01:04.428] [ARM-RX] [140] <0.00 -60.00 -1.50> result: 90.00 103.47 -72.32 0.00 85.79 0.00
[22:01:04.428] [ARM-RX] [141] <0.00 -60.00 -1.50> result: 90.00 103.47 -72.32 0.00 85.79 0.00
[22:01:04.428] [ARM-RX] [142] <0.00 -60.00 -1.50> result: 90.00 10
[22:01:04.451] [ARM-RX] 3.47 -72.32 0.00 85.79 0.00
[22:01:04.451] [ARM-RX] [143] <0.00 -60.00 -1.50> result: 90.00 103.47 -72.32 0.00 85.79 0.00
[22:01:04.451] [ARM-RX] [144] <0.00 -60.00 -1.50> result: 90.00 103.47 -72.32 0.00 85.79 0.00
[22:01:04.451] [ARM-RX] [145] <0.00 -60.00 -1.50> result: 90.00 103.47 -72.32 0.00 85.79 0.00
[22:01:04.451] [ARM-RX] [146] <0.00 -6
[22:01:04.473] [ARM-RX] 0.00 -1.50> result: 90.00 103.47 -72.32 0.00 85.79 0.00
[22:01:04.473] [ARM-RX] [147] <0.00 -60.00 -1.50> result: 90.00 103.47 -72.32 0.00 85.79 0.00
[22:01:04.474] [ARM-RX] [148] <0.00 -60.00 -1.50> result: 90.00 103.47 -72.32 0.00 85.79 0.00
[22:01:04.474] [ARM-RX] [149] <0.00 -60.00 -1.50> result: 90.00 103.47 -72.32 0.0
[22:01:04.507] [ARM-RX] 0 85.79 0.00
[22:01:04.508] [ARM-RX] [150] <0.00 -60.00 -1.50> result: 90.00 103.47 -72.32 0.00 85.79 0.00
[22:01:04.508] [ARM-RX] [151] <0.00 -60.00 -1.50> result: 90.00 103.47 -72.32 0.00 85.79 0.00
[22:01:04.508] [ARM-RX] [152] <0.00 -60.00 -1.50> result: 90.00 103.47 -72.32 0.00 85.79 0.00
[22:01:04.508] [ARM-RX] [153] <0.00 -60.00 -1.50> res
[22:01:04.530] [ARM-RX] ult: 90.00 103.47 -72.32 0.00 85.79 0.00
[22:01:04.531] [ARM-RX] [154] <0.00 -60.00 -1.50> result: 90.00 103.47 -72.32 0.00 85.79 0.00
[22:01:04.531] [ARM-RX] [155] <0.00 -60.00 -1.50> result: 90.00 103.47 -72.32 0.00 85.79 0.00
[22:01:04.531] [ARM-RX] [156] <0.00 -60.00 -1.50> result: 90.00 103.47 -72.32 0.00 85.79 0.00
[22:01:04.531] [ARM-RX] [
[22:01:04.553] [ARM-RX] 157] <0.00 -60.00 -1.50> result: 90.00 103.47 -72.32 0.00 85.79 0.00
[22:01:04.553] [ARM-RX] [158] <0.00 -60.00 -1.50> result: 90.00 103.47 -72.32 0.00 85.79 0.00
[22:01:04.553] [ARM-RX] [159] <0.00 -60.00 -1.50> result: 90.00 103.47 -72.32 0.00 85.79 0.00
[22:01:04.553] [ARM-RX] [160] <0.00 -60.00 -1.50> result: 90.00 103.
[22:01:04.576] [ARM-RX] 47 -72.32 0.00 85.79 0.00
[22:01:04.577] [ARM-RX] [161] <0.00 -60.00 -1.50> result: 90.00 103.47 -72.32 0.00 85.79 0.00
[22:01:04.577] [ARM-RX] [162] <0.00 -60.00 -1.50> result: 90.00 103.47 -72.32 0.00 85.79 0.00
[22:01:04.577] [ARM-RX] [163] <0.00 -60.00 -1.50> result: 90.00 103.47 -72.32 0.00 85.79 0.00
[22:01:04.577] [ARM-RX] [164] <0.00 -60.
[22:01:04.599] [ARM-RX] 00 -1.50> result: 90.00 103.47 -72.32 0.00 85.79 0.00
[22:01:04.599] [ARM-RX] [165] <0.00 -60.00 -1.50> result: 90.00 103.47 -72.32 0.00 85.79 0.00
[22:01:04.599] [ARM-RX] [166] <0.00 -60.00 -1.50> result: 90.00 103.47 -72.32 0.00 85.79 0.00
[22:01:04.600] [ARM-RX] [167] <0.00 -60.00 -1.50> result: 90.00 103.47 -72.32 0.00
[22:01:04.622] [ARM-RX] 85.79 0.00
[22:01:04.623] [ARM-RX] [168] <0.00 -60.00 -1.50> result: 90.00 103.47 -72.32 0.00 85.79 0.00
[22:01:04.623] [ARM-RX] [169] <0.00 -60.00 -1.50> result: 90.00 103.47 -72.32 0.00 85.79 0.00
[22:01:04.623] [ARM-RX] [170] <0.00 -60.00 -1.50> result: 90.00 103.47 -72.32 0.00 85.79 0.00
[22:01:04.623] [ARM-RX] [171] <0.00 -60.00 -1.50> resul
[22:01:04.645] [ARM-RX] t: 90.00 103.47 -72.32 0.00 85.79 0.00
[22:01:04.646] [ARM-RX] [172] <0.00 -60.00 -1.50> result: 90.00 103.47 -72.32 0.00 85.79 0.00
[22:01:04.646] [ARM-RX] [173] <0.00 -60.00 -1.50> result: 90.00 103.47 -72.32 0.00 85.79 0.00
[22:01:04.646] [ARM-RX] [174] <0.00 -60.00 -1.50> result: 90.00 103.47 -72.32 0.00 85.79 0.00
[22:01:04.646] [ARM-RX] [17
[22:01:04.701] [ARM-RX] 5] <0.00 -60.00 -1.50> result: 90.00 103.47 -72.32 0.00 85.79 0.00
[22:01:04.701] [ARM-RX] [176] <0.00 -60.00 -1.50> result: 90.00 103.47 -72.32 0.00 85.79 0.00
[22:01:06.633] [JETSON-RX] CC 01 01 DD
[22:01:06.633] [ARM-RX] [joint 1] ave_error:0.00
[22:01:06.633] [JETSON-STATUS] READY: CC 01 01 DD
[22:01:06.633] [ARM-RX] [joint 2] ave_error:2.94
[22:01:06.634] [ARM-RX] [joint 3] ave_error:2.47
[22:01:06.634] [ARM-RX] [joint 4] ave_error:0.00
[22:01:06.634] [ARM-RX] [joint 5] ave_error:0.28
[22:01:06.634] [ARM-RX] robot pid run finished!!
[22:01:08.033] [JETSON-INFO] vision sequence started: 30,-20:5;15,-10:5;8,-5:5;0,0:8
[22:01:08.033] [JETSON-TX] VISION dcx=30 dcy=-20: FF 05 03 1E 00 EC FF 11 FE
[22:01:08.102] [ARM-RX] [JETSON_RX] vision dcx=30 dcy=-20
[22:01:08.102] [ARM-RX] [TARGET] vision state=WAIT_DETECT enabled=1 dcx=30 dcy=-20 stable=0
[22:01:08.103] [ARM-RX] ROBOT_AUTO_EVENT
[22:01:08.103] [ARM-RX] [0] <0.00 -60.00 -1.50> result: 90.00 103.47 -72.32 0.00 85.79 0.00
[22:01:08.103] [ARM-RX] [1] <0.00 -60.00 -1.50> result: 90.00 103.47 -72.32 -0.00 85.79 0.
[22:01:08.113] [ARM-RX] 00
[22:01:08.114] [ARM-RX] [2] <0.01 -60.00 -1.51> result: 90.00 103.47 -72.32 -0.00 85.79 0.00
[22:01:08.114] [ARM-RX] [3] <0.02 -60.00 -1.52> result: 90.01 103.48 -72.32 -0.01 85.80 0.00
[22:01:08.114] [ARM-RX] [4] <0.05 -60.00 -1.55> result: 90.02 103.49 -72.32 -0.02 85.81 0.00
[22:01:08.114] [ARM-RX] [5] <0.08 -60.00 -1.58> result: 90.04 103.
[22:01:08.129] [ARM-RX] 51 -72.32 -0.04 85.83 0.00
[22:01:08.129] [ARM-RX] [6] <0.14 -60.00 -1.64> result: 90.07 103.54 -72.33 -0.07 85.86 0.00
[22:01:08.129] [ARM-RX] [7] <0.21 -60.00 -1.71> result: 90.11 103.57 -72.33 -0.11 85.90 0.00
[22:01:08.130] [ARM-RX] [8] <0.29 -60.00 -1.79> result: 90.16 103.62 -72.33 -0.16 85.95 0.00
[22:01:08.130] [ARM-RX] [9] <0.40 -60.00 -
[22:01:08.152] [ARM-RX] 1.90> result: 90.21 103.67 -72.34 -0.22 86.01 0.00
[22:01:08.152] [ARM-RX] [10] <0.53 -60.00 -2.03> result: 90.28 103.74 -72.34 -0.28 86.08 0.00
[22:01:08.152] [ARM-RX] [11] <0.68 -60.00 -2.18> result: 90.36 103.82 -72.35 -0.36 86.16 0.00
[22:01:08.152] [ARM-RX] [12] <0.86 -60.00 -2.36> result: 90.46 103.90 -72.35 -0.46 86.
[22:01:08.176] [ARM-RX] 26 0.00
[22:01:08.176] [ARM-RX] [13] <1.05 -60.00 -2.55> result: 90.56 104.00 -72.36 -0.56 86.36 0.00
[22:01:08.176] [ARM-RX] [14] <1.26 -60.00 -2.76> result: 90.67 104.11 -72.37 -0.67 86.48 0.00
[22:01:08.177] [ARM-RX] [15] <1.49 -60.00 -2.99> result: 90.79 104.23 -72.37 -0.79 86.60 0.00
[22:01:08.177] [ARM-RX] [16] <1.74 -60.00 -3.24> result: 9
[22:01:08.198] [ARM-RX] 0.92 104.36 -72.38 -0.93 86.74 0.00
[22:01:08.199] [ARM-RX] [17] <2.00 -60.00 -3.50> result: 91.06 104.49 -72.39 -1.06 86.88 0.00
[22:01:08.199] [ARM-RX] [18] <2.27 -60.00 -3.77> result: 91.21 104.63 -72.40 -1.21 87.03 0.00
[22:01:08.199] [ARM-RX] [19] <2.50 -60.00 -4.00> result: 91.33 104.75 -72.40 -1.33 87.15 0.00
[22:01:08.199] [ARM-RX] [20] <
[22:01:08.232] [ARM-RX] 2.50 -60.00 -4.00> result: 91.33 104.75 -72.40 -1.33 87.15 0.00
[22:01:08.232] [ARM-RX] [21] <2.50 -60.00 -4.00> result: 91.33 104.75 -72.40 -1.33 87.15 0.00
[22:01:08.232] [ARM-RX] [22] <2.50 -60.00 -4.00> result: 91.33 104.75 -72.40 -1.33 87.15 0.00
[22:01:08.233] [ARM-RX] [23] <2.50 -60.00 -4.00> result: 91.33 104.75 -72
[22:01:08.235] [JETSON-TX] VISION dcx=30 dcy=-20: FF 05 03 1E 00 EC FF 11 FE
[22:01:08.255] [ARM-RX] .40 -1.33 87.15 0.00
[22:01:08.255] [ARM-RX] [24] <2.50 -60.00 -4.00> result: 91.33 104.75 -72.40 -1.33 87.15 0.00
[22:01:08.256] [ARM-RX] [25] <2.50 -60.00 -4.00> result: 91.33 104.75 -72.40 -1.33 87.15 0.00
[22:01:08.256] [ARM-RX] [26] <2.50 -60.00 -4.00> result: 91.33 104.75 -72.40 -1.33 87.15 0.00
[22:01:08.256] [ARM-RX] [27] <2.50 -60.00 -4.
[22:01:08.281] [ARM-RX] 00> result: 91.33 104.75 -72.40 -1.33 87.15 0.00
[22:01:08.281] [ARM-RX] [28] <2.50 -60.00 -4.00> result: 91.33 104.75 -72.40 -1.33 87.15 0.00
[22:01:08.281] [ARM-RX] [29] <2.50 -60.00 -4.00> result: 91.33 104.75 -72.40 -1.33 87.15 0.00
[22:01:08.281] [ARM-RX] [30] <2.50 -60.00 -4.00> result: 91.33 104.75 -72.40 -1.33 87.15
[22:01:08.304] [ARM-RX] 0.00
[22:01:08.304] [ARM-RX] [31] <2.50 -60.00 -4.00> result: 91.33 104.75 -72.40 -1.33 87.15 0.00
[22:01:08.304] [ARM-RX] [32] <2.50 -60.00 -4.00> result: 91.33 104.75 -72.40 -1.33 87.15 0.00
[22:01:08.304] [ARM-RX] [33] <2.50 -60.00 -4.00> result: 91.33 104.75 -72.40 -1.33 87.15 0.00
[22:01:08.305] [ARM-RX] [34] <2.50 -60.00 -4.00> result: 91.
[22:01:08.325] [ARM-RX] 33 104.75 -72.40 -1.33 87.15 0.00
[22:01:08.325] [ARM-RX] [35] <2.50 -60.00 -4.00> result: 91.33 104.75 -72.40 -1.33 87.15 0.00
[22:01:08.326] [ARM-RX] [36] <2.50 -60.00 -4.00> result: 91.33 104.75 -72.40 -1.33 87.15 0.00
[22:01:08.326] [ARM-RX] [37] <2.50 -60.00 -4.00> result: 91.33 104.75 -72.40 -1.33 87.15 0.00
[22:01:08.326] [ARM-RX] [38] <2.
[22:01:08.348] [ARM-RX] 50 -60.00 -4.00> result: 91.33 104.75 -72.40 -1.33 87.15 0.00
[22:01:08.349] [ARM-RX] [39] <2.50 -60.00 -4.00> result: 91.33 104.75 -72.40 -1.33 87.15 0.00
[22:01:08.349] [ARM-RX] [40] <2.50 -60.00 -4.00> result: 91.33 104.75 -72.40 -1.33 87.15 0.00
[22:01:08.349] [ARM-RX] [41] <2.50 -60.00 -4.00> result: 91.33 104.75 -72.4
[22:01:08.410] [ARM-RX] 0 -1.33 87.15 0.00
[22:01:08.410] [ARM-RX] [42] <2.50 -60.00 -4.00> result: 91.33 104.75 -72.40 -1.33 87.15 0.00
[22:01:08.410] [ARM-RX] [43] <2.50 -60.00 -4.00> result: 91.33 104.75 -72.40 -1.33 87.15 0.00
[22:01:08.410] [ARM-RX] [TARGET] vision state=ALIGN enabled=1 dcx=30 dcy=-20 stable=0
[22:01:08.435] [JETSON-TX] VISION dcx=30 dcy=-20: FF 05 03 1E 00 EC FF 11 FE
[22:01:08.471] [ARM-RX] [JETSON_RX] vision dcx=30 dcy=-20
[22:01:08.471] [ARM-RX] [TARGET] vision state=ALIGN enabled=1 dcx=30 dcy=-20 stable=0
[22:01:08.636] [JETSON-TX] VISION dcx=30 dcy=-20: FF 05 03 1E 00 EC FF 11 FE
[22:01:08.658] [ARM-RX] [JETSON_RX] vision dcx=30 dcy=-20
[22:01:08.658] [ARM-RX] [TARGET] vision state=ALIGN enabled=1 dcx=30 dcy=-20 stable=0
[22:01:08.837] [JETSON-TX] VISION dcx=30 dcy=-20: FF 05 03 1E 00 EC FF 11 FE
[22:01:08.906] [ARM-RX] [JETSON_RX] vision dcx=30 dcy=-20
[22:01:08.906] [ARM-RX] [TARGET] vision state=ALIGN enabled=1 dcx=30 dcy=-20 stable=0
[22:01:08.906] [ARM-RX] [joint 1] ave_error:0.32
[22:01:08.906] [ARM-RX] [joint 2] ave_error:1.24
[22:01:08.906] [ARM-RX] [joint 3] ave_error:0.27
[22:01:08.907] [ARM-RX] [joint 4] ave_error:0.33
[22:01:08.907] [ARM-RX] [joint 5] ave_error:
[22:01:08.967] [ARM-RX] 0.21
[22:01:08.967] [ARM-RX] robot pid run finished!!
[22:01:08.967] [ARM-RX] ROBOT_AUTO_EVENT
[22:01:08.967] [ARM-RX] [0] <2.50 -60.00 -4.00> result: 91.33 104.75 -72.40 -1.33 87.15 0.00
[22:01:08.967] [ARM-RX] [1] <2.50 -60.00 -4.00> result: 9
[22:01:09.002] [ARM-RX] 1.33 104.75 -72.40 -1.33 87.16 0.00
[22:01:09.002] [ARM-RX] [2] <2.51 -60.00 -4.01> result: 91.33 104.76 -72.40 -1.34 87.16 0.00
[22:01:09.002] [ARM-RX] [3] <2.52 -60.00 -4.02> result: 91.34 104.76 -72.40 -1.34 87.17 0.00
[22:01:09.002] [ARM-RX] [4] <2.55 -60.00 -4.05> result: 91.35 104.78 -72.40 -1.36 87.18 0.00
[22:01:09.002] [ARM-RX] [5] <2.58
[22:01:09.024] [ARM-RX] -60.00 -4.08> result: 91.37 104.79 -72.40 -1.38 87.20 0.00
[22:01:09.024] [ARM-RX] [6] <2.64 -60.00 -4.14> result: 91.40 104.82 -72.41 -1.40 87.23 0.00
[22:01:09.025] [ARM-RX] [7] <2.71 -60.00 -4.21> result: 91.44 104.86 -72.41 -1.44 87.27 0.00
[22:01:09.025] [ARM-RX] [8] <2.79 -60.00 -4.29> result: 91.49 104.90 -72.41 -1.
[22:01:09.038] [JETSON-TX] VISION dcx=15 dcy=-10: FF 05 03 0F 00 F6 FF 0C FE
[22:01:09.047] [ARM-RX] 49 87.31 0.00
[22:01:09.049] [ARM-RX] [9] <2.90 -60.00 -4.40> result: 91.55 104.96 -72.41 -1.55 87.37 0.00
[22:01:09.049] [ARM-RX] [10] <3.03 -60.00 -4.53> result: 91.61 105.03 -72.41 -1.62 87.44 0.00
[22:01:09.050] [ARM-RX] [11] <3.18 -60.00 -4.68> result: 91.69 105.11 -72.42 -1.70 87.53 0.00
[22:01:09.050] [ARM-RX] [12] <3.36 -60.00 -4.86> resu
[22:01:09.071] [ARM-RX] lt: 91.79 105.20 -72.42 -1.79 87.62 0.00
[22:01:09.071] [ARM-RX] [13] <3.55 -60.00 -5.05> result: 91.89 105.30 -72.43 -1.89 87.72 0.00
[22:01:09.071] [ARM-RX] [14] <3.76 -60.00 -5.26> result: 92.00 105.41 -72.43 -2.00 87.84 0.00
[22:01:09.071] [ARM-RX] [15] <3.99 -60.00 -5.49> result: 92.12 105.53 -72.43 -2.12 87.96 0.00
[22:01:09.072] [ARM-RX] [
[22:01:09.095] [ARM-RX] 16] <4.24 -60.00 -5.74> result: 92.25 105.66 -72.44 -2.26 88.10 0.00
[22:01:09.095] [ARM-RX] [17] <4.50 -60.00 -6.00> result: 92.39 105.79 -72.44 -2.39 88.24 0.00
[22:01:09.095] [ARM-RX] [18] <4.77 -60.00 -6.27> result: 92.54 105.94 -72.45 -2.54 88.38 0.00
[22:01:09.095] [ARM-RX] [19] <5.00 -60.00 -6.50> result: 92.66 106.0
[22:01:09.116] [ARM-RX] 6 -72.45 -2.66 88.51 0.00
[22:01:09.116] [ARM-RX] [20] <5.00 -60.00 -6.50> result: 92.66 106.06 -72.45 -2.66 88.51 0.00
[22:01:09.117] [ARM-RX] [21] <5.00 -60.00 -6.50> result: 92.66 106.06 -72.45 -2.66 88.51 0.00
[22:01:09.117] [ARM-RX] [22] <5.00 -60.00 -6.50> result: 92.66 106.06 -72.45 -2.66 88.51 0.00
[22:01:09.117] [ARM-RX] [23] <5.00 -60.0
[22:01:09.140] [ARM-RX] 0 -6.50> result: 92.66 106.06 -72.45 -2.66 88.51 0.00
[22:01:09.140] [ARM-RX] [24] <5.00 -60.00 -6.50> result: 92.66 106.06 -72.45 -2.66 88.51 0.00
[22:01:09.140] [ARM-RX] [25] <5.00 -60.00 -6.50> result: 92.66 106.06 -72.45 -2.66 88.51 0.00
[22:01:09.140] [ARM-RX] [26] <5.00 -60.00 -6.50> result: 92.66 106.06 -72.45 -2.66
[22:01:09.177] [ARM-RX] 88.51 0.00
[22:01:09.178] [ARM-RX] [27] <5.00 -60.00 -6.50> result: 92.66 106.06 -72.45 -2.66 88.51 0.00
[22:01:09.178] [ARM-RX] [28] <5.00 -60.00 -6.50> result: 92.66 106.06 -72.45 -2.66 88.51 0.00
[22:01:09.178] [ARM-RX] [29] <5.00 -60.00 -6.50> result: 92.66 106.06 -72.45 -2.66 88.51 0.00
[22:01:09.178] [ARM-RX] [30] <5.00 -60.00 -6.50> result
[22:01:09.198] [ARM-RX] : 92.66 106.06 -72.45 -2.66 88.51 0.00
[22:01:09.199] [ARM-RX] [31] <5.00 -60.00 -6.50> result: 92.66 106.06 -72.45 -2.66 88.51 0.00
[22:01:09.199] [ARM-RX] [32] <5.00 -60.00 -6.50> result: 92.66 106.06 -72.45 -2.66 88.51 0.00
[22:01:09.199] [ARM-RX] [33] <5.00 -60.00 -6.50> result: 92.66 106.06 -72.45 -2.66 88.51 0.00
[22:01:09.199] [ARM-RX] [34
[22:01:09.220] [ARM-RX] ] <5.00 -60.00 -6.50> result: 92.66 106.06 -72.45 -2.66 88.51 0.00
[22:01:09.220] [ARM-RX] [35] <5.00 -60.00 -6.50> result: 92.66 106.06 -72.45 -2.66 88.51 0.00
[22:01:09.221] [ARM-RX] [36] <5.00 -60.00 -6.50> result: 92.66 106.06 -72.45 -2.66 88.51 0.00
[22:01:09.221] [ARM-RX] [37] <5.00 -60.00 -6.50> result: 92.66 106.06
[22:01:09.239] [JETSON-TX] VISION dcx=15 dcy=-10: FF 05 03 0F 00 F6 FF 0C FE
[22:01:09.244] [ARM-RX] -72.45 -2.66 88.51 0.00
[22:01:09.245] [ARM-RX] [38] <5.00 -60.00 -6.50> result: 92.66 106.06 -72.45 -2.66 88.51 0.00
[22:01:09.245] [ARM-RX] [39] <5.00 -60.00 -6.50> result: 92.66 106.06 -72.45 -2.66 88.51 0.00
[22:01:09.245] [ARM-RX] [40] <5.00 -60.00 -6.50> result: 92.66 106.06 -72.45 -2.66 88.51 0.00
[22:01:09.245] [ARM-RX] [41] <5.00 -60.00
[22:01:09.270] [ARM-RX] -6.50> result: 92.66 106.06 -72.45 -2.66 88.51 0.00
[22:01:09.271] [ARM-RX] [42] <5.00 -60.00 -6.50> result: 92.66 106.06 -72.45 -2.66 88.51 0.00
[22:01:09.271] [ARM-RX] [43] <5.00 -60.00 -6.50> result: 92.66 106.06 -72.45 -2.66 88.51 0.00
[22:01:09.271] [ARM-RX] [TARGET] vision state=ALIGN enabled=1 dcx=15 dcy=-10 stable=0
[22:01:09.327] [ARM-RX] [JETSON_RX] vision dcx=15 dcy=-10
[22:01:09.327] [ARM-RX] [TARGET] vision state=ALIGN enabled=1 dcx=15 dcy=-10 stable=0
[22:01:09.440] [JETSON-TX] VISION dcx=15 dcy=-10: FF 05 03 0F 00 F6 FF 0C FE
[22:01:09.513] [ARM-RX] [JETSON_RX] vision dcx=15 dcy=-10
[22:01:09.513] [ARM-RX] [TARGET] vision state=ALIGN enabled=1 dcx=15 dcy=-10 stable=0
[22:01:09.641] [JETSON-TX] VISION dcx=15 dcy=-10: FF 05 03 0F 00 F6 FF 0C FE
[22:01:09.701] [ARM-RX] [JETSON_RX] vision dcx=15 dcy=-10
[22:01:09.701] [ARM-RX] [TARGET] vision state=ALIGN enabled=1 dcx=15 dcy=-10 stable=0
[22:01:09.825] [ARM-RX] [joint 1] ave_error:0.48
[22:01:09.825] [ARM-RX] [joint 2] ave_error:0.43
[22:01:09.825] [ARM-RX] [joint 3] ave_error:0.08
[22:01:09.825] [ARM-RX] [joint 4] ave_error:0.42
[22:01:09.825] [ARM-RX] [joint 5] ave_error:0.17
[22:01:09.825] [ARM-RX] robot pid run finished!!
[22:01:09.841] [JETSON-TX] VISION dcx=15 dcy=-10: FF 05 03 0F 00 F6 FF 0C FE
[22:01:09.883] [ARM-RX] [JETSON_RX] vision dcx=15 dcy=-10
[22:01:09.883] [ARM-RX] [TARGET] vision state=ALIGN enabled=1 dcx=15 dcy=-10 stable=0
[22:01:09.884] [ARM-RX] ROBOT_AUTO_EVENT
[22:01:09.884] [ARM-RX] [0] <5.00 -60.00 -6.50> result: 92.66 106.06 -72.45 -2.66 88.51 0.00
[22:01:09.884] [ARM-RX] [1] <5.00 -60.00 -6.50> result: 92.66 106.06 -72.45 -2.66 88.51 0.00
[22:01:09.884] [ARM-RX] [
[22:01:09.906] [ARM-RX] 2] <5.01 -60.00 -6.51> result: 92.67 106.07 -72.45 -2.67 88.52 0.00
[22:01:09.906] [ARM-RX] [3] <5.04 -60.00 -6.54> result: 92.68 106.08 -72.45 -2.68 88.53 0.00
[22:01:09.907] [ARM-RX] [4] <5.08 -60.00 -6.58> result: 92.70 106.10 -72.45 -2.70 88.55 0.00
[22:01:09.907] [ARM-RX] [5] <5.14 -60.00 -6.64> result: 92.73 106.13 -7
[22:01:09.929] [ARM-RX] 2.45 -2.73 88.58 0.00
[22:01:09.930] [ARM-RX] [6] <5.22 -60.00 -6.72> result: 92.78 106.17 -72.45 -2.78 88.63 0.00
[22:01:09.930] [ARM-RX] [7] <5.32 -60.00 -6.82> result: 92.83 106.23 -72.45 -2.83 88.68 0.00
[22:01:09.930] [ARM-RX] [8] <5.44 -60.00 -6.94> result: 92.89 106.29 -72.45 -2.89 88.74 0.00
[22:01:09.930] [ARM-RX] [9] <5.58 -60.00 -7.08>
[22:01:09.952] [ARM-RX] result: 92.97 106.36 -72.45 -2.97 88.82 0.00
[22:01:09.952] [ARM-RX] [10] <5.73 -60.00 -7.23> result: 93.05 106.44 -72.45 -3.05 88.90 0.00
[22:01:09.953] [ARM-RX] [11] <5.80 -60.00 -7.30> result: 93.08 106.48 -72.46 -3.09 88.94 0.00
[22:01:09.953] [ARM-RX] [12] <5.80 -60.00 -7.30> result: 93.08 106.48 -72.46 -3.09 88.94 0.
[22:01:09.976] [ARM-RX] 00
[22:01:09.977] [ARM-RX] [13] <5.80 -60.00 -7.30> result: 93.08 106.48 -72.46 -3.09 88.94 0.00
[22:01:09.977] [ARM-RX] [14] <5.80 -60.00 -7.30> result: 93.08 106.48 -72.46 -3.09 88.94 0.00
[22:01:09.977] [ARM-RX] [15] <5.80 -60.00 -7.30> result: 93.08 106.48 -72.46 -3.09 88.94 0.00
[22:01:09.977] [ARM-RX] [16] <5.80 -60.00 -7.30> result: 93.08
[22:01:10.000] [ARM-RX] 106.48 -72.46 -3.09 88.94 0.00
[22:01:10.000] [ARM-RX] [17] <5.80 -60.00 -7.30> result: 93.08 106.48 -72.46 -3.09 88.94 0.00
[22:01:10.000] [ARM-RX] [18] <5.80 -60.00 -7.30> result: 93.08 106.48 -72.46 -3.09 88.94 0.00
[22:01:10.000] [ARM-RX] [19] <5.80 -60.00 -7.30> result: 93.08 106.48 -72.46 -3.09 88.94 0.00
[22:01:10.000] [ARM-RX] [20] <5.80
[22:01:10.022] [ARM-RX] -60.00 -7.30> result: 93.08 106.48 -72.46 -3.09 88.94 0.00
[22:01:10.023] [ARM-RX] [21] <5.80 -60.00 -7.30> result: 93.08 106.48 -72.46 -3.09 88.94 0.00
[22:01:10.023] [ARM-RX] [22] <5.80 -60.00 -7.30> result: 93.08 106.48 -72.46 -3.09 88.94 0.00
[22:01:10.023] [ARM-RX] [23] <5.80 -60.00 -7.30> result: 93.08 106.48 -72.46 -
[22:01:10.042] [JETSON-TX] VISION dcx=8 dcy=-5: FF 05 03 08 00 FB FF 0A FE
[22:01:10.088] [ARM-RX] 3.09 88.94 0.00
[22:01:10.088] [ARM-RX] [24] <5.80 -60.00 -7.30> result: 93.08 106.48 -72.46 -3.09 88.94 0.00
[22:01:10.088] [ARM-RX] [JETSON_RX] vision dcx=8 dcy=-5
[22:01:10.088] [ARM-RX] [TARGET] vision state=ALIGN enabled=1 dcx=8 dcy=-5 stable=0
[22:01:10.243] [JETSON-TX] VISION dcx=8 dcy=-5: FF 05 03 08 00 FB FF 0A FE
[22:01:10.273] [ARM-RX] [JETSON_RX] vision dcx=8 dcy=-5
[22:01:10.273] [ARM-RX] [TARGET] vision state=ALIGN enabled=1 dcx=8 dcy=-5 stable=0
[22:01:10.398] [ARM-RX] [joint 1] ave_error:0.41
[22:01:10.398] [ARM-RX] [joint 2] ave_error:0.42
[22:01:10.399] [ARM-RX] [joint 3] ave_error:0.04
[22:01:10.399] [ARM-RX] [joint 4] ave_error:0.28
[22:01:10.399] [ARM-RX] [joint 5] ave_error:0.05
[22:01:10.399] [ARM-RX] robot pid run finished!!
[22:01:10.446] [JETSON-TX] VISION dcx=8 dcy=-5: FF 05 03 08 00 FB FF 0A FE
[22:01:10.459] [ARM-RX] ROBOT_AUTO_EVENT
[22:01:10.459] [ARM-RX] [0] <5.80 -60.00 -7.30> result: 93.08 106.48 -72.46 -3.09 88.94 0.00
[22:01:10.459] [ARM-RX] [1] <5.80 -60.00 -7.30> result: 93.09 106.48 -72.46 -3.09 88.94 0.00
[22:01:10.459] [ARM-RX] [2] <5.81 -60.00 -7.31> result: 93.09 106.49 -72.46 -3.09 88.94 0.00
[22:01:10.460] [ARM-RX] [3] <5.84 -60
[22:01:10.487] [ARM-RX] .00 -7.34> result: 93.10 106.50 -72.46 -3.10 88.96 0.00
[22:01:10.487] [ARM-RX] [4] <5.88 -60.00 -7.38> result: 93.13 106.52 -72.46 -3.13 88.98 0.00
[22:01:10.487] [ARM-RX] [5] <5.94 -60.00 -7.44> result: 93.16 106.55 -72.46 -3.16 89.01 0.00
[22:01:10.487] [ARM-RX] [6] <6.02 -60.00 -7.52> result: 93.20 106.60 -72.46 -3.20 8
[22:01:10.509] [ARM-RX] 9.05 0.00
[22:01:10.509] [ARM-RX] [7] <6.12 -60.00 -7.62> result: 93.25 106.65 -72.46 -3.25 89.11 0.00
[22:01:10.510] [ARM-RX] [8] <6.24 -60.00 -7.74> result: 93.32 106.71 -72.46 -3.32 89.17 0.00
[22:01:10.510] [ARM-RX] [9] <6.38 -60.00 -7.88> result: 93.39 106.79 -72.46 -3.39 89.25 0.00
[22:01:10.510] [ARM-RX] [10] <6.53 -60.00 -8.03> result: 93
[22:01:10.534] [ARM-RX] .47 106.87 -72.46 -3.47 89.33 0.00
[22:01:10.534] [ARM-RX] [11] <6.60 -60.00 -8.10> result: 93.51 106.90 -72.46 -3.51 89.36 0.00
[22:01:10.534] [ARM-RX] [12] <6.60 -60.00 -8.10> result: 93.51 106.90 -72.46 -3.51 89.36 0.00
[22:01:10.534] [ARM-RX] [13] <6.60 -60.00 -8.10> result: 93.51 106.90 -72.46 -3.51 89.36 0.00
[22:01:10.534] [ARM-RX] [14] <6
[22:01:10.557] [ARM-RX] .60 -60.00 -8.10> result: 93.51 106.90 -72.46 -3.51 89.36 0.00
[22:01:10.557] [ARM-RX] [15] <6.60 -60.00 -8.10> result: 93.51 106.90 -72.46 -3.51 89.36 0.00
[22:01:10.557] [ARM-RX] [16] <6.60 -60.00 -8.10> result: 93.51 106.90 -72.46 -3.51 89.36 0.00
[22:01:10.558] [ARM-RX] [17] <6.60 -60.00 -8.10> result: 93.51 106.90 -72.
[22:01:10.579] [ARM-RX] 46 -3.51 89.36 0.00
[22:01:10.579] [ARM-RX] [18] <6.60 -60.00 -8.10> result: 93.51 106.90 -72.46 -3.51 89.36 0.00
[22:01:10.580] [ARM-RX] [19] <6.60 -60.00 -8.10> result: 93.51 106.90 -72.46 -3.51 89.36 0.00
[22:01:10.580] [ARM-RX] [20] <6.60 -60.00 -8.10> result: 93.51 106.90 -72.46 -3.51 89.36 0.00
[22:01:10.580] [ARM-RX] [21] <6.60 -60.00 -8.1
[22:01:10.601] [ARM-RX] 0> result: 93.51 106.90 -72.46 -3.51 89.36 0.00
[22:01:10.602] [ARM-RX] [22] <6.60 -60.00 -8.10> result: 93.51 106.90 -72.46 -3.51 89.36 0.00
[22:01:10.602] [ARM-RX] [23] <6.60 -60.00 -8.10> result: 93.51 106.90 -72.46 -3.51 89.36 0.00
[22:01:10.602] [ARM-RX] [24] <6.60 -60.00 -8.10> result: 93.51 106.90 -72.46 -3.51 89.36
[22:01:10.647] [JETSON-TX] VISION dcx=8 dcy=-5: FF 05 03 08 00 FB FF 0A FE
[22:01:10.661] [ARM-RX] 0.00
[22:01:10.661] [ARM-RX] [JETSON_RX] vision dcx=8 dcy=-5
[22:01:10.661] [ARM-RX] [TARGET] vision state=ALIGN enabled=1 dcx=8 dcy=-5 stable=0
[22:01:10.723] [ARM-RX] [JETSON_RX] vision dcx=8 dcy=-5
[22:01:10.723] [ARM-RX] [TARGET] vision state=ALIGN enabled=1 dcx=8 dcy=-5 stable=0
[22:01:10.847] [JETSON-TX] VISION dcx=8 dcy=-5: FF 05 03 08 00 FB FF 0A FE
[22:01:10.909] [ARM-RX] [JETSON_RX] vision dcx=8 dcy=-5
[22:01:10.909] [ARM-RX] [TARGET] vision state=ALIGN enabled=1 dcx=8 dcy=-5 stable=0
[22:01:10.972] [ARM-RX] [joint 1] ave_error:0.41
[22:01:10.972] [ARM-RX] [joint 2] ave_error:0.44
[22:01:10.972] [ARM-RX] [joint 3] ave_error:0.03
[22:01:10.973] [ARM-RX] [joint 4] ave_error:0.24
[22:01:10.973] [ARM-RX] [joint 5] ave_error:0.05
[22:01:10.973] [ARM-RX] robot pid run finished!!
[22:01:11.033] [ARM-RX] ROBOT_AUTO_EVENT
[22:01:11.033] [ARM-RX] [0] <6.60 -60.00 -8.10> result: 93.51 106.90 -72.46 -3.51 89.36 0.00
[22:01:11.034] [ARM-RX] [1] <6.60 -60.00 -8.10> result: 93.51 106.91 -72.46 -3.51 89.37 0.00
[22:01:11.034] [ARM-RX] [2] <6.61 -60.00 -8.11> result: 93.52 106.91 -72.46 -3.52 89.37 0.00
[22:01:11.034] [ARM-RX] [3] <6.64 -60
[22:01:11.048] [JETSON-TX] VISION dcx=0 dcy=0: FF 05 03 00 00 00 00 08 FE
[22:01:11.062] [ARM-RX] .00 -8.14> result: 93.53 106.92 -72.46 -3.53 89.38 0.00
[22:01:11.063] [ARM-RX] [4] <6.68 -60.00 -8.18> result: 93.55 106.94 -72.46 -3.55 89.41 0.00
[22:01:11.063] [ARM-RX] [5] <6.74 -60.00 -8.24> result: 93.58 106.98 -72.46 -3.58 89.44 0.00
[22:01:11.063] [ARM-RX] [6] <6.82 -60.00 -8.32> result: 93.62 107.02 -72.46 -3.62 8
[22:01:11.088] [ARM-RX] 9.48 0.00
[22:01:11.088] [ARM-RX] [7] <6.92 -60.00 -8.42> result: 93.68 107.07 -72.46 -3.68 89.53 0.00
[22:01:11.088] [ARM-RX] [8] <7.04 -60.00 -8.54> result: 93.74 107.14 -72.46 -3.74 89.60 0.00
[22:01:11.088] [ARM-RX] [9] <7.18 -60.00 -8.68> result: 93.82 107.21 -72.46 -3.82 89.67 0.00
[22:01:11.088] [ARM-RX] [10] <7.33 -60.00 -8.83> result: 93
[22:01:11.109] [ARM-RX] .90 107.29 -72.46 -3.90 89.75 0.00
[22:01:11.109] [ARM-RX] [11] <7.40 -60.00 -8.90> result: 93.93 107.33 -72.46 -3.93 89.79 0.00
[22:01:11.109] [ARM-RX] [12] <7.40 -60.00 -8.90> result: 93.93 107.33 -72.46 -3.93 89.79 0.00
[22:01:11.109] [ARM-RX] [13] <7.40 -60.00 -8.90> result: 93.93 107.33 -72.46 -3.93 89.79 0.00
[22:01:11.110] [ARM-RX] [14] <7
[22:01:11.131] [ARM-RX] .40 -60.00 -8.90> result: 93.93 107.33 -72.46 -3.93 89.79 0.00
[22:01:11.132] [ARM-RX] [15] <7.40 -60.00 -8.90> result: 93.93 107.33 -72.46 -3.93 89.79 0.00
[22:01:11.132] [ARM-RX] [16] <7.40 -60.00 -8.90> result: 93.93 107.33 -72.46 -3.93 89.79 0.00
[22:01:11.132] [ARM-RX] [17] <7.40 -60.00 -8.90> result: 93.93 107.33 -72.
[22:01:11.155] [ARM-RX] 46 -3.93 89.79 0.00
[22:01:11.155] [ARM-RX] [18] <7.40 -60.00 -8.90> result: 93.93 107.33 -72.46 -3.93 89.79 0.00
[22:01:11.156] [ARM-RX] [19] <7.40 -60.00 -8.90> result: 93.93 107.33 -72.46 -3.93 89.79 0.00
[22:01:11.156] [ARM-RX] [20] <7.40 -60.00 -8.90> result: 93.93 107.33 -72.46 -3.93 89.79 0.00
[22:01:11.156] [ARM-RX] [21] <7.40 -60.00 -8.9
[22:01:11.176] [ARM-RX] 0> result: 93.93 107.33 -72.46 -3.93 89.79 0.00
[22:01:11.178] [ARM-RX] [22] <7.40 -60.00 -8.90> result: 93.93 107.33 -72.46 -3.93 89.79 0.00
[22:01:11.178] [ARM-RX] [23] <7.40 -60.00 -8.90> result: 93.93 107.33 -72.46 -3.93 89.79 0.00
[22:01:11.178] [ARM-RX] [24] <7.40 -60.00 -8.90> result: 93.93 107.33 -72.46 -3.93 89.79
[22:01:11.236] [ARM-RX] 0.00
[22:01:11.236] [ARM-RX] [JETSON_RX] vision dcx=0 dcy=0
[22:01:11.236] [ARM-RX] [TARGET] vision state=ALIGN enabled=1 dcx=0 dcy=0 stable=0
[22:01:11.253] [JETSON-TX] VISION dcx=0 dcy=0: FF 05 03 00 00 00 00 08 FE
[22:01:11.299] [ARM-RX] [JETSON_RX] vision dcx=0 dcy=0
[22:01:11.299] [ARM-RX] [TARGET] vision state=ALIGN enabled=1 dcx=0 dcy=0 stable=1
[22:01:11.453] [JETSON-TX] VISION dcx=0 dcy=0: FF 05 03 00 00 00 00 08 FE
[22:01:11.488] [ARM-RX] [JETSON_RX] vision dcx=0 dcy=0
[22:01:11.488] [ARM-RX] [TARGET] vision state=ALIGN enabled=1 dcx=0 dcy=0 stable=2
[22:01:11.535] [JETSON-RX] CC 02 01 DD
[22:01:11.535] [JETSON-STATUS] ALIGN_DONE: CC 02 01 DD
[22:01:11.551] [ARM-RX] [joint 1] ave_error:0.40
[22:01:11.551] [ARM-RX] [joint 2] ave_error:0.46
[22:01:11.551] [ARM-RX] [joint 3] ave_error:0.03
[22:01:11.551] [ARM-RX] [joint 4] ave_error:0.21
[22:01:11.552] [ARM-RX] [joint 5] ave_error:0.06
[22:01:11.552] [ARM-RX] robot pid run finished!!
[22:01:11.654] [JETSON-TX] VISION dcx=0 dcy=0: FF 05 03 00 00 00 00 08 FE
[22:01:11.675] [ARM-RX] [JETSON_RX] vision dcx=0 dcy=0
[22:01:11.675] [ARM-RX] [TARGET] vision state=CONFIRM enabled=1 dcx=0 dcy=0 stable=0
[22:01:11.855] [JETSON-TX] VISION dcx=0 dcy=0: FF 05 03 00 00 00 00 08 FE
[22:01:11.922] [ARM-RX] [JETSON_RX] vision dcx=0 dcy=0
[22:01:11.922] [ARM-RX] [TARGET] vision state=CONFIRM enabled=1 dcx=0 dcy=0 stable=0
[22:01:12.056] [JETSON-TX] VISION dcx=0 dcy=0: FF 05 03 00 00 00 00 08 FE
[22:01:12.109] [ARM-RX] [JETSON_RX] vision dcx=0 dcy=0
[22:01:12.109] [ARM-RX] [TARGET] vision state=CONFIRM enabled=1 dcx=0 dcy=0 stable=0
[22:01:12.257] [JETSON-TX] VISION dcx=0 dcy=0: FF 05 03 00 00 00 00 08 FE
[22:01:12.294] [ARM-RX] [JETSON_RX] vision dcx=0 dcy=0
[22:01:12.294] [ARM-RX] [TARGET] vision state=CONFIRM enabled=1 dcx=0 dcy=0 stable=0
[22:01:12.458] [JETSON-TX] VISION dcx=0 dcy=0: FF 05 03 00 00 00 00 08 FE
[22:01:12.482] [ARM-RX] [JETSON_RX] vision dcx=0 dcy=0
[22:01:12.482] [ARM-RX] [TARGET] vision state=CONFIRM enabled=1 dcx=0 dcy=0 stable=0
[22:02:10.991] [ARM-TX] 发送命令 soft_reset: soft_reset
[22:02:11.064] [ARM-RX] Found handler for 'soft_reset', executing...
[22:02:11.064] [ARM-RX] ROBOT_SOFT_RESET_EVENT
[22:02:11.064] [ARM-RX] --- Starting soft reset ---
[22:02:11.252] [ARM-RX] Soft reset motors enabled (J1~J5, J6 skipped).
[22:02:11.252] [ARM-RX] Soft resetting joint 4...
[22:02:11.252] [ARM-RX] robot_update_current_angle 4...
[22:02:11.252] [ARM-RX] [4] current:89.79, target:90.00, dir:1
[22:02:11.377] [ARM-RX] Soft resetting joint 3...
[22:02:11.441] [ARM-RX] robot_update_current_angle 3...
[22:02:11.441] [ARM-RX] [3] current:-3.82, target:0.00, dir:1
[22:02:12.124] [ARM-RX] Soft resetting joint 1...
[22:02:12.184] [ARM-RX] robot_update_current_angle 1...
[22:02:12.184] [ARM-RX] [1] current:107.01, target:90.00, dir:-1
[22:02:13.798] [ARM-RX] soft reset joint 1 settle timeout, keep going
[22:02:13.798] [ARM-RX] Soft resetting joint 2...
[22:02:13.798] [ARM-RX] robot_update_current_angle 2...
[22:02:13.798] [ARM-RX] [2] current:-72.43, target:-90.00, dir:-1
[22:02:15.535] [ARM-RX] soft reset joint 2 settle timeout, keep going
[22:02:15.535] [ARM-RX] Soft resetting joint 0...
[22:02:15.535] [ARM-RX] robot_update_current_angle 0...
[22:02:15.536] [ARM-RX] [0] current:93.61, target:90.00, dir:-1
[22:02:16.276] [ARM-RX] soft reset final verify PASS (issues:2), pose set HOME.
[22:04:25.030] [JETSON-INFO] vision sequence started: 30,-20:5;15,-10:5;8,-5:5;0,0:30
[22:04:25.030] [JETSON-TX] VISION dcx=30 dcy=-20: FF 05 03 1E 00 EC FF 11 FE
[22:04:25.122] [ARM-RX] [JETSON_RX] vision dcx=30 dcy=-20
[22:04:25.122] [ARM-RX] [TARGET] vision state=WAIT_DETECT enabled=1 dcx=30 dcy=-20 stable=0
[22:04:25.122] [ARM-RX] ROBOT_AUTO_EVENT
[22:04:25.122] [ARM-RX] [0] <0.00 0.00 0.00> result: 90.00 90.00 -90.00 0.00 90.00 0.00
[22:04:25.122] [ARM-RX] [1] <0.00 0.00 -0.00> result: 90.00 90.00 -90.00 -0.00 90.00 0.00
[22:04:25.122] [ARM-RX] [2]
[22:04:25.124] [ARM-RX] <0.01 0.00 -0.01> result: 90.01 90.01 -90.00 -0.01 90.01 0.00
[22:04:25.124] [ARM-RX] [3] <0.02 0.00 -0.02> result: 90.03 90.02 -90.00 -0.03 90.03 0.00
[22:04:25.125] [ARM-RX] [4] <0.05 0.00 -0.05> result: 90.06 90.05 -90.00 -0.06 90.06 0.00
[22:04:25.125] [ARM-RX] [5] <0.08 0.00 -0.08> result: 90.10 90.09 -90.01 -0.10 90.
[22:04:25.127] [ARM-RX] 10 0.00
[22:04:25.127] [ARM-RX] [6] <0.14 0.00 -0.14> result: 90.16 90.15 -90.01 -0.16 90.16 0.00
[22:04:25.127] [ARM-RX] [7] <0.21 0.00 -0.21> result: 90.25 90.23 -90.02 -0.25 90.25 0.00
[22:04:25.128] [ARM-RX] [8] <0.29 0.00 -0.29> result: 90.35 90.33 -90.03 -0.35 90.35 0.00
[22:04:25.128] [ARM-RX] [9] <0.40 0.00 -0.40> result: 90.49 90.45 -90.
[22:04:25.144] [ARM-RX] 04 -0.49 90.49 0.00
[22:04:25.144] [ARM-RX] [10] <0.53 0.00 -0.53> result: 90.64 90.59 -90.05 -0.64 90.64 0.00
[22:04:25.144] [ARM-RX] [11] <0.68 0.00 -0.68> result: 90.82 90.76 -90.06 -0.82 90.82 0.00
[22:04:25.145] [ARM-RX] [12] <0.86 0.00 -0.86> result: 91.03 90.96 -90.08 -1.03 91.03 0.00
[22:04:25.145] [ARM-RX] [13] <1.05 0.00 -1.05> result:
[22:04:25.210] [ARM-RX] 91.26 91.17 -90.09 -1.26 91.26 0.00
[22:04:25.210] [ARM-RX] [14] <1.26 0.00 -1.26> result: 91.52 91.41 -90.11 -1.52 91.52 0.00
[22:04:25.211] [ARM-RX] [15] <1.49 0.00 -1.49> result: 91.79 91.67 -90.13 -1.79 91.80 0.00
[22:04:25.211] [ARM-RX] robot_auto_move_interpolation robot kinematics inverse failed
[22:04:25.232] [JETSON-TX] VISION dcx=30 dcy=-20: FF 05 03 1E 00 EC FF 11 FE
[22:04:25.273] [ARM-RX] [JETSON_RX] vision dcx=30 dcy=-20
[22:04:25.273] [ARM-RX] [TARGET] vision state=ALIGN enabled=1 dcx=30 dcy=-20 stable=0
[22:04:25.335] [ARM-RX] ROBOT_AUTO_EVENT
[22:04:25.335] [ARM-RX] [0] <0.00 0.00 0.00> result: 90.00 90.00 -90.00 0.00 90.00 0.00
[22:04:25.335] [ARM-RX] [1] <0.00 0.00 -0.00> result: 90.00 90.00 -90.00 -0.00 90.00 0.00
[22:04:25.335] [ARM-RX] [2] <0.01 0.00 -0.01> result: 90.01 90.01 -90.00 -0.01 90.01 0.00
[22:04:25.337] [ARM-RX] [3] <0.02 0.00 -0.02> re
[22:04:25.367] [ARM-RX] sult: 90.03 90.02 -90.00 -0.03 90.03 0.00
[22:04:25.367] [ARM-RX] [4] <0.05 0.00 -0.05> result: 90.06 90.05 -90.00 -0.06 90.06 0.00
[22:04:25.367] [ARM-RX] [5] <0.08 0.00 -0.08> result: 90.10 90.09 -90.01 -0.10 90.10 0.00
[22:04:25.367] [ARM-RX] [6] <0.14 0.00 -0.14> result: 90.16 90.15 -90.01 -0.16 90.16 0.00
[22:04:25.367] [ARM-RX] [7] <0.21 0.
[22:04:25.389] [ARM-RX] 00 -0.21> result: 90.25 90.23 -90.02 -0.25 90.25 0.00
[22:04:25.390] [ARM-RX] [8] <0.29 0.00 -0.29> result: 90.35 90.33 -90.03 -0.35 90.35 0.00
[22:04:25.390] [ARM-RX] [9] <0.40 0.00 -0.40> result: 90.49 90.45 -90.04 -0.49 90.49 0.00
[22:04:25.390] [ARM-RX] [10] <0.53 0.00 -0.53> result: 90.64 90.59 -90.05 -0.64 90.64 0.00
[22:04:25.414] [ARM-RX] [11] <0.68 0.00 -0.68> result: 90.82 90.76 -90.06 -0.82 90.82 0.00
[22:04:25.416] [ARM-RX] [12] <0.86 0.00 -0.86> result: 91.03 90.96 -90.08 -1.03 91.03 0.00
[22:04:25.416] [ARM-RX] [13] <1.05 0.00 -1.05> result: 91.26 91.17 -90.09 -1.26 91.26 0.00
[22:04:25.416] [ARM-RX] [14] <1.26 0.00 -1.26> result: 91.52 91.41 -90.11 -
[22:04:25.432] [JETSON-TX] VISION dcx=30 dcy=-20: FF 05 03 1E 00 EC FF 11 FE
[22:04:25.474] [ARM-RX] 1.52 91.52 0.00
[22:04:25.474] [ARM-RX] [15] <1.49 0.00 -1.49> result: 91.79 91.67 -90.13 -1.79 91.80 0.00
[22:04:25.474] [ARM-RX] robot_auto_move_interpolation robot kinematics inverse failed
[22:04:25.475] [ARM-RX] [JETSON_RX] vision dcx=30 dcy=-20
[22:04:25.475] [ARM-RX] [TARGET] vision state=ALIGN enabled=1 dcx=30 dcy=-20 stable=0
[22:04:25.598] [ARM-RX] ROBOT_AUTO_EVENT
[22:04:25.598] [ARM-RX] [0] <0.00 0.00 0.00> result: 90.00 90.00 -90.00 0.00 90.00 0.00
[22:04:25.598] [ARM-RX] [1] <0.00 0.00 -0.00> result: 90.00 90.00 -90.00 -0.00 90.00 0.00
[22:04:25.598] [ARM-RX] [2] <0.01 0.00 -0.01> result: 90.01 90.01 -90.00 -0.01 90.01 0.00
[22:04:25.598] [ARM-RX] [3] <0.02 0.00 -0.02> re
[22:04:25.625] [ARM-RX] sult: 90.03 90.02 -90.00 -0.03 90.03 0.00
[22:04:25.625] [ARM-RX] [4] <0.05 0.00 -0.05> result: 90.06 90.05 -90.00 -0.06 90.06 0.00
[22:04:25.625] [ARM-RX] [5] <0.08 0.00 -0.08> result: 90.10 90.09 -90.01 -0.10 90.10 0.00
[22:04:25.625] [ARM-RX] [6] <0.14 0.00 -0.14> result: 90.16 90.15 -90.01 -0.16 90.16 0.00
[22:04:25.626] [ARM-RX] [7] <0.21 0.
[22:04:25.634] [JETSON-TX] VISION dcx=30 dcy=-20: FF 05 03 1E 00 EC FF 11 FE
[22:04:25.650] [ARM-RX] 00 -0.21> result: 90.25 90.23 -90.02 -0.25 90.25 0.00
[22:04:25.651] [ARM-RX] [8] <0.29 0.00 -0.29> result: 90.35 90.33 -90.03 -0.35 90.35 0.00
[22:04:25.651] [ARM-RX] [9] <0.40 0.00 -0.40> result: 90.49 90.45 -90.04 -0.49 90.49 0.00
[22:04:25.651] [ARM-RX] [10] <0.53 0.00 -0.53> result: 90.64 90.59 -90.05 -0.64 90.64 0.00
[22:04:25.671] [ARM-RX] [11] <0.68 0.00 -0.68> result: 90.82 90.76 -90.06 -0.82 90.82 0.00
[22:04:25.671] [ARM-RX] [12] <0.86 0.00 -0.86> result: 91.03 90.96 -90.08 -1.03 91.03 0.00
[22:04:25.671] [ARM-RX] [13] <1.05 0.00 -1.05> result: 91.26 91.17 -90.09 -1.26 91.26 0.00
[22:04:25.672] [ARM-RX] [14] <1.26 0.00 -1.26> result: 91.52 91.41 -90.11 -
[22:04:25.724] [ARM-RX] 1.52 91.52 0.00
[22:04:25.724] [ARM-RX] [15] <1.49 0.00 -1.49> result: 91.79 91.67 -90.13 -1.79 91.80 0.00
[22:04:25.724] [ARM-RX] robot_auto_move_interpolation robot kinematics inverse failed
[22:04:25.724] [ARM-RX] [JETSON_RX] vision dcx=30 dcy=-20
[22:04:25.724] [ARM-RX] [TARGET] vision state=ALIGN enabled=1 dcx=30 dcy=-20 stable=0
[22:04:25.834] [JETSON-TX] VISION dcx=30 dcy=-20: FF 05 03 1E 00 EC FF 11 FE
[22:04:25.847] [ARM-RX] ROBOT_AUTO_EVENT
[22:04:25.847] [ARM-RX] [0] <0.00 0.00 0.00> result: 90.00 90.00 -90.00 0.00 90.00 0.00
[22:04:25.847] [ARM-RX] [1] <0.00 0.00 -0.00> result: 90.00 90
[22:04:25.871] [ARM-RX] .00 -90.00 -0.00 90.00 0.00
[22:04:25.871] [ARM-RX] [2] <0.01 0.00 -0.01> result: 90.01 90.01 -90.00 -0.01 90.01 0.00
[22:04:25.871] [ARM-RX] [3] <0.02 0.00 -0.02> result: 90.03 90.02 -90.00 -0.03 90.03 0.00
[22:04:25.871] [ARM-RX] [4] <0.05 0.00 -0.05> result: 90.06 90.05 -90.00 -0.06 90.06 0.00
[22:04:25.872] [ARM-RX] [5] <0.08 0.00 -0.08> resu
[22:04:25.893] [ARM-RX] lt: 90.10 90.09 -90.01 -0.10 90.10 0.00
[22:04:25.894] [ARM-RX] [6] <0.14 0.00 -0.14> result: 90.16 90.15 -90.01 -0.16 90.16 0.00
[22:04:25.894] [ARM-RX] [7] <0.21 0.00 -0.21> result: 90.25 90.23 -90.02 -0.25 90.25 0.00
[22:04:25.894] [ARM-RX] [8] <0.29 0.00 -0.29> result: 90.35 90.33 -90.03 -0.35 90.35 0.00
[22:04:25.894] [ARM-RX] [9] <0.40 0.00
[22:04:25.916] [ARM-RX] -0.40> result: 90.49 90.45 -90.04 -0.49 90.49 0.00
[22:04:25.918] [ARM-RX] [10] <0.53 0.00 -0.53> result: 90.64 90.59 -90.05 -0.64 90.64 0.00
[22:04:25.918] [ARM-RX] [11] <0.68 0.00 -0.68> result: 90.82 90.76 -90.06 -0.82 90.82 0.00
[22:04:25.918] [ARM-RX] [12] <0.86 0.00 -0.86> result: 91.03 90.96 -90.08 -1.03 91.03 0.00
[22:04:25.940] [ARM-RX] [13] <1.05 0.00 -1.05> result: 91.26 91.17 -90.09 -1.26 91.26 0.00
[22:04:25.940] [ARM-RX] [14] <1.26 0.00 -1.26> result: 91.52 91.41 -90.11 -1.52 91.52 0.00
[22:04:25.940] [ARM-RX] [15] <1.49 0.00 -1.49> result: 91.79 91.67 -90.13 -1.79 91.80 0.00
[22:04:25.940] [ARM-RX] robot_auto_move_interpolation robot kinematics inve
[22:04:26.001] [ARM-RX] rse failed
[22:04:26.001] [ARM-RX] [JETSON_RX] vision dcx=30 dcy=-20
[22:04:26.001] [ARM-RX] [TARGET] vision state=ALIGN enabled=1 dcx=30 dcy=-20 stable=0
[22:04:26.035] [JETSON-TX] VISION dcx=15 dcy=-10: FF 05 03 0F 00 F6 FF 0C FE
[22:04:26.062] [ARM-RX] [JETSON_RX] vision dcx=15 dcy=-10
[22:04:26.062] [ARM-RX] [TARGET] vision state=ALIGN enabled=1 dcx=15 dcy=-10 stable=0
[22:04:26.116] [ARM-RX] ROBOT_AUTO_EVENT
[22:04:26.117] [ARM-RX] [0] <0.00 0.00 0.00> result: 90.00 90.00 -90.00 0.00 90.00 0.00
[22:04:26.117] [ARM-RX] [1] <0.00 0.00 -0.00> result: 90.00 90.00 -90.00 -0.00 90.00 0.00
[22:04:26.117] [ARM-RX] [2] <0.01 0.00 -0.01> result: 90.02 90.02 -90.00 -0.02 90.02 0.00
[22:04:26.117] [ARM-RX] [3] <0.04 0.00 -0.04> result: 90.04 90.0
[22:04:26.139] [ARM-RX] 4 -90.00 -0.04 90.04 0.00
[22:04:26.139] [ARM-RX] [4] <0.08 0.00 -0.08> result: 90.09 90.09 -90.01 -0.09 90.09 0.00
[22:04:26.139] [ARM-RX] [5] <0.14 0.00 -0.14> result: 90.16 90.15 -90.01 -0.16 90.17 0.00
[22:04:26.139] [ARM-RX] [6] <0.22 0.00 -0.22> result: 90.26 90.24 -90.02 -0.26 90.26 0.00
[22:04:26.139] [ARM-RX] [7] <0.32 0.00 -0.32> result
[22:04:26.162] [ARM-RX] : 90.38 90.36 -90.03 -0.38 90.38 0.00
[22:04:26.162] [ARM-RX] [8] <0.44 0.00 -0.44> result: 90.53 90.49 -90.04 -0.53 90.53 0.00
[22:04:26.163] [ARM-RX] [9] <0.58 0.00 -0.58> result: 90.70 90.65 -90.05 -0.70 90.70 0.00
[22:04:26.163] [ARM-RX] [10] <0.73 0.00 -0.73> result: 90.88 90.82 -90.07 -0.88 90.88 0.00
[22:04:26.163] [ARM-RX] [11] <0.80 0.00
[22:04:26.185] [ARM-RX] -0.80> result: 90.96 90.89 -90.07 -0.96 90.96 0.00
[22:04:26.185] [ARM-RX] [12] <0.80 0.00 -0.80> result: 90.96 90.89 -90.07 -0.96 90.96 0.00
[22:04:26.185] [ARM-RX] [13] <0.80 0.00 -0.80> result: 90.96 90.89 -90.07 -0.96 90.96 0.00
[22:04:26.185] [ARM-RX] [14] <0.80 0.00 -0.80> result: 90.96 90.89 -90.07 -0.96 90.96 0.00
[22:04:26.208] [ARM-RX] [15] <0.80 0.00 -0.80> result: 90.96 90.89 -90.07 -0.96 90.96 0.00
[22:04:26.208] [ARM-RX] [16] <0.80 0.00 -0.80> result: 90.96 90.89 -90.07 -0.96 90.96 0.00
[22:04:26.208] [ARM-RX] [17] <0.80 0.00 -0.80> result: 90.96 90.89 -90.07 -0.96 90.96 0.00
[22:04:26.208] [ARM-RX] [18] <0.80 0.00 -0.80> result: 90.96 90.89 -90.07 -
[22:04:26.230] [ARM-RX] 0.96 90.96 0.00
[22:04:26.231] [ARM-RX] [19] <0.80 0.00 -0.80> result: 90.96 90.89 -90.07 -0.96 90.96 0.00
[22:04:26.232] [ARM-RX] [20] <0.80 0.00 -0.80> result: 90.96 90.89 -90.07 -0.96 90.96 0.00
[22:04:26.232] [ARM-RX] [21] <0.80 0.00 -0.80> result: 90.96 90.89 -90.07 -0.96 90.96 0.00
[22:04:26.232] [ARM-RX] [22] <0.80 0.00 -0.80> result: 90.9
[22:04:26.236] [JETSON-TX] VISION dcx=15 dcy=-10: FF 05 03 0F 00 F6 FF 0C FE
[22:04:26.258] [ARM-RX] 6 90.89 -90.07 -0.96 90.96 0.00
[22:04:26.258] [ARM-RX] [23] <0.80 0.00 -0.80> result: 90.96 90.89 -90.07 -0.96 90.96 0.00
[22:04:26.259] [ARM-RX] [24] <0.80 0.00 -0.80> result: 90.96 90.89 -90.07 -0.96 90.96 0.00
[22:04:26.259] [ARM-RX] [JETSON_RX] vision dcx=15 dcy=-10
[22:04:26.259] [ARM-RX] [TARGET] vision state=ALIGN enabled=1 dcx=15 dcy=-10
[22:04:26.311] [ARM-RX] stable=0
[22:04:26.436] [JETSON-TX] VISION dcx=15 dcy=-10: FF 05 03 0F 00 F6 FF 0C FE
[22:04:26.499] [ARM-RX] [JETSON_RX] vision dcx=15 dcy=-10
[22:04:26.499] [ARM-RX] [TARGET] vision state=ALIGN enabled=1 dcx=15 dcy=-10 stable=0
[22:04:26.623] [ARM-RX] [joint 1] ave_error:0.51
[22:04:26.623] [ARM-RX] [joint 2] ave_error:0.51
[22:04:26.623] [ARM-RX] [joint 3] ave_error:0.03
[22:04:26.623] [ARM-RX] [joint 4] ave_error:0.50
[22:04:26.623] [ARM-RX] [joint 5] ave_error:0.34
[22:04:26.623] [ARM-RX] robot pid run finished!!
[22:04:26.638] [JETSON-TX] VISION dcx=15 dcy=-10: FF 05 03 0F 00 F6 FF 0C FE
[22:04:26.683] [ARM-RX] [JETSON_RX] vision dcx=15 dcy=-10
[22:04:26.683] [ARM-RX] [TARGET] vision state=ALIGN enabled=1 dcx=15 dcy=-10 stable=0
[22:04:26.683] [ARM-RX] ROBOT_AUTO_EVENT
[22:04:26.684] [ARM-RX] [0] <0.80 0.00 -0.80> result: 90.96 90.89 -90.07 -0.96 90.96 0.00
[22:04:26.684] [ARM-RX] [1] <0.80 0.00 -0.80> result: 90.97 90.90 -90.07 -0.97 90.97 0.00
[22:04:26.684] [ARM-RX] [2] <0.
[22:04:26.704] [ARM-RX] 81 0.00 -0.81> result: 90.98 90.91 -90.07 -0.98 90.98 0.00
[22:04:26.704] [ARM-RX] [3] <0.84 0.00 -0.84> result: 91.01 90.94 -90.07 -1.01 91.01 0.00
[22:04:26.704] [ARM-RX] [4] <0.88 0.00 -0.88> result: 91.06 90.98 -90.08 -1.06 91.06 0.00
[22:04:26.704] [ARM-RX] [5] <0.94 0.00 -0.94> result: 91.13 91.05 -90.08 -1.13 91.13 0
[22:04:26.727] [ARM-RX] .00
[22:04:26.727] [ARM-RX] [6] <1.02 0.00 -1.02> result: 91.22 91.14 -90.09 -1.22 91.23 0.00
[22:04:26.727] [ARM-RX] [7] <1.12 0.00 -1.12> result: 91.35 91.25 -90.10 -1.35 91.35 0.00
[22:04:26.727] [ARM-RX] [8] <1.24 0.00 -1.24> result: 91.49 91.39 -90.11 -1.49 91.50 0.00
[22:04:26.727] [ARM-RX] [9] <1.38 0.00 -1.38> result: 91.66 91.55 -90.12 -
[22:04:26.749] [ARM-RX] 1.66 91.66 0.00
[22:04:26.749] [ARM-RX] [10] <1.53 0.00 -1.53> result: 91.84 91.72 -90.13 -1.84 91.85 0.00
[22:04:26.751] [ARM-RX] [11] <1.60 0.00 -1.60> result: 91.92 91.80 -90.13 -1.93 91.93 0.00
[22:04:26.751] [ARM-RX] [12] <1.60 0.00 -1.60> result: 91.92 91.80 -90.13 -1.93 91.93 0.00
[22:04:26.751] [ARM-RX] [13] <1.60 0.00 -1.60> result: 91.9
[22:04:26.774] [ARM-RX] 2 91.80 -90.13 -1.93 91.93 0.00
[22:04:26.774] [ARM-RX] [14] <1.60 0.00 -1.60> result: 91.92 91.80 -90.13 -1.93 91.93 0.00
[22:04:26.774] [ARM-RX] [15] <1.60 0.00 -1.60> result: 91.92 91.80 -90.13 -1.93 91.93 0.00
[22:04:26.775] [ARM-RX] [16] <1.60 0.00 -1.60> result: 91.92 91.80 -90.13 -1.93 91.93 0.00
[22:04:26.775] [ARM-RX] [17] <1.60 0.00 -1.
[22:04:26.796] [ARM-RX] 60> result: 91.92 91.80 -90.13 -1.93 91.93 0.00
[22:04:26.796] [ARM-RX] [18] <1.60 0.00 -1.60> result: 91.92 91.80 -90.13 -1.93 91.93 0.00
[22:04:26.797] [ARM-RX] [19] <1.60 0.00 -1.60> result: 91.92 91.80 -90.13 -1.93 91.93 0.00
[22:04:26.797] [ARM-RX] [20] <1.60 0.00 -1.60> result: 91.92 91.80 -90.13 -1.93 91.93 0.00
[22:04:26.797] [ARM-RX] [21
[22:04:26.823] [ARM-RX] ] <1.60 0.00 -1.60> result: 91.92 91.80 -90.13 -1.93 91.93 0.00
[22:04:26.823] [ARM-RX] [22] <1.60 0.00 -1.60> result: 91.92 91.80 -90.13 -1.93 91.93 0.00
[22:04:26.823] [ARM-RX] [23] <1.60 0.00 -1.60> result: 91.92 91.80 -90.13 -1.93 91.93 0.00
[22:04:26.823] [ARM-RX] [24] <1.60 0.00 -1.60> result: 91.92 91.80 -90.13 -1.93
[22:04:26.839] [JETSON-TX] VISION dcx=15 dcy=-10: FF 05 03 0F 00 F6 FF 0C FE
[22:04:26.889] [ARM-RX] 91.93 0.00
[22:04:26.889] [ARM-RX] [JETSON_RX] vision dcx=15 dcy=-10
[22:04:26.889] [ARM-RX] [TARGET] vision state=ALIGN enabled=1 dcx=15 dcy=-10 stable=0
[22:04:27.039] [JETSON-TX] VISION dcx=8 dcy=-5: FF 05 03 08 00 FB FF 0A FE
[22:04:27.077] [ARM-RX] [JETSON_RX] vision dcx=8 dcy=-5
[22:04:27.077] [ARM-RX] [TARGET] vision state=ALIGN enabled=1 dcx=8 dcy=-5 stable=0
[22:04:27.201] [ARM-RX] [joint 1] ave_error:1.01
[22:04:27.201] [ARM-RX] [joint 2] ave_error:0.86
[22:04:27.201] [ARM-RX] [joint 3] ave_error:0.05
[22:04:27.202] [ARM-RX] [joint 4] ave_error:0.89
[22:04:27.202] [ARM-RX] [joint 5] ave_error:0.50
[22:04:27.202] [ARM-RX] robot pid run finished!!
[22:04:27.240] [JETSON-TX] VISION dcx=8 dcy=-5: FF 05 03 08 00 FB FF 0A FE
[22:04:27.257] [ARM-RX] ROBOT_AUTO_EVENT
[22:04:27.258] [ARM-RX] [0] <1.60 0.00 -1.60> result: 91.92 91.80 -90.13 -1.93 91.93 0.00
[22:04:27.258] [ARM-RX] [1] <1.60 0.00 -1.60> result: 91.93 91.80 -90.13 -1.93 91.94 0.00
[22:04:27.258] [ARM-RX] [2] <1.61 0.00 -1.61> result: 91.94 91.81 -90.14 -1.94 91.95 0.00
[22:04:27.258] [ARM-RX] [3] <1.64 0.00 -1.64> result: 91.97 91
[22:04:27.323] [ARM-RX] .84 -90.14 -1.97 91.98 0.00
[22:04:27.323] [ARM-RX] robot_auto_move_interpolation robot kinematics inverse failed
[22:04:27.323] [ARM-RX] [TARGET] align step dx=0.80 dz=-0.80 target=<2.40 0.00 -2.40>
[22:04:27.323] [ARM-RX] [JETSON_RX] vision dcx=8 dcy=-5
[22:04:27.323] [ARM-RX] [TARGET] vision state=ALIGN enabled=1 dcx=8 dcy=-5 stable=0
[22:04:27.441] [JETSON-TX] VISION dcx=8 dcy=-5: FF 05 03 08 00 FB FF 0A FE
[22:04:27.506] [ARM-RX] [JETSON_RX] vision dcx=8 dcy=-5
[22:04:27.506] [ARM-RX] [TARGET] vision state=ALIGN enabled=1 dcx=8 dcy=-5 stable=0
[22:04:27.506] [ARM-RX] ROBOT_AUTO_EVENT
[22:04:27.507] [ARM-RX] [0] <1.60 0.00 -1.60> result: 91.92 91.80 -90.13 -1.93 91.93 0.00
[22:04:27.507] [ARM-RX] [1] <1.60 0.00 -1.60> result: 91.93 91.80 -90.13 -1.93 91.94 0.00
[22:04:27.507] [ARM-RX] [2] <1.61 0
[22:04:27.558] [ARM-RX] .00 -1.61> result: 91.94 91.81 -90.14 -1.94 91.95 0.00
[22:04:27.558] [ARM-RX] [3] <1.64 0.00 -1.64> result: 91.97 91.84 -90.14 -1.97 91.98 0.00
[22:04:27.558] [ARM-RX] robot_auto_move_interpolation robot kinematics inverse failed
[22:04:27.558] [ARM-RX] [TARGET] align step dx=0.80 dz=-0.80 target=<2.40 0.00 -2.40>
[22:04:27.642] [JETSON-TX] VISION dcx=8 dcy=-5: FF 05 03 08 00 FB FF 0A FE
[22:04:27.682] [ARM-RX] [JETSON_RX] vision dcx=8 dcy=-5
[22:04:27.682] [ARM-RX] [TARGET] vision state=ALIGN enabled=1 dcx=8 dcy=-5 stable=0
[22:04:27.746] [ARM-RX] ROBOT_AUTO_EVENT
[22:04:27.746] [ARM-RX] [0] <1.60 0.00 -1.60> result: 91.92 91.80 -90.13 -1.93 91.93 0.00
[22:04:27.746] [ARM-RX] [1] <1.60 0.00 -1.60> result: 91.93
[22:04:27.773] [ARM-RX] 91.80 -90.13 -1.93 91.94 0.00
[22:04:27.773] [ARM-RX] [2] <1.61 0.00 -1.61> result: 91.94 91.81 -90.14 -1.94 91.95 0.00
[22:04:27.774] [ARM-RX] [3] <1.64 0.00 -1.64> result: 91.97 91.84 -90.14 -1.97 91.98 0.00
[22:04:27.774] [ARM-RX] robot_auto_move_interpolation robot kinematics inverse failed
[22:04:27.774] [ARM-RX] [TARGET] align step dx=0.80 d
[22:04:27.825] [ARM-RX] z=-0.80 target=<2.40 0.00 -2.40>
[22:04:27.843] [JETSON-TX] VISION dcx=8 dcy=-5: FF 05 03 08 00 FB FF 0A FE
[22:04:27.887] [ARM-RX] [JETSON_RX] vision dcx=8 dcy=-5
[22:04:27.887] [ARM-RX] [TARGET] vision state=ALIGN enabled=1 dcx=8 dcy=-5 stable=0
[22:04:28.012] [ARM-RX] ROBOT_AUTO_EVENT
[22:04:28.012] [ARM-RX] [0] <1.60 0.00 -1.60> result: 91.92 91.80 -90.13 -1.93 91.93 0.00
[22:04:28.012] [ARM-RX] [1] <1.60 0.00 -1.60> result: 91.93
[22:04:28.029] [ARM-RX] 91.80 -90.13 -1.93 91.94 0.00
[22:04:28.029] [ARM-RX] [2] <1.61 0.00 -1.61> result: 91.94 91.81 -90.14 -1.94 91.95 0.00
[22:04:28.029] [ARM-RX] [3] <1.64 0.00 -1.64> result: 91.97 91.84 -90.14 -1.97 91.98 0.00
[22:04:28.029] [ARM-RX] robot_auto_move_interpolation robot kinematics inverse failed
[22:04:28.029] [ARM-RX] [TARGET] align step dx=0.80 d
[22:04:28.044] [JETSON-TX] VISION dcx=0 dcy=0: FF 05 03 00 00 00 00 08 FE
[22:04:28.089] [ARM-RX] z=-0.80 target=<2.40 0.00 -2.40>
[22:04:28.089] [ARM-RX] [JETSON_RX] vision dcx=0 dcy=0
[22:04:28.090] [ARM-RX] [TARGET] vision state=ALIGN enabled=1 dcx=0 dcy=0 stable=0
[22:04:28.245] [JETSON-TX] VISION dcx=0 dcy=0: FF 05 03 00 00 00 00 08 FE
[22:04:28.275] [ARM-RX] [JETSON_RX] vision dcx=0 dcy=0
[22:04:28.275] [ARM-RX] [TARGET] vision state=ALIGN enabled=1 dcx=0 dcy=0 stable=1
[22:04:28.446] [JETSON-TX] VISION dcx=0 dcy=0: FF 05 03 00 00 00 00 08 FE
[22:04:28.465] [ARM-RX] [JETSON_RX] vision dcx=0 dcy=0
[22:04:28.465] [ARM-RX] [TARGET] vision state=ALIGN enabled=1 dcx=0 dcy=0 stable=2
[22:04:28.513] [JETSON-RX] CC 02 01 DD
[22:04:28.513] [JETSON-STATUS] ALIGN_DONE: CC 02 01 DD
[22:04:28.647] [JETSON-TX] VISION dcx=0 dcy=0: FF 05 03 00 00 00 00 08 FE
[22:04:28.715] [ARM-RX] [JETSON_RX] vision dcx=0 dcy=0
[22:04:28.715] [ARM-RX] [TARGET] vision state=CONFIRM enabled=1 dcx=0 dcy=0 stable=0
[22:04:28.848] [JETSON-TX] VISION dcx=0 dcy=0: FF 05 03 00 00 00 00 08 FE
[22:04:28.899] [ARM-RX] [JETSON_RX] vision dcx=0 dcy=0
[22:04:28.899] [ARM-RX] [TARGET] vision state=CONFIRM enabled=1 dcx=0 dcy=0 stable=0
[22:04:29.049] [JETSON-TX] VISION dcx=0 dcy=0: FF 05 03 00 00 00 00 08 FE
[22:04:29.087] [ARM-RX] [JETSON_RX] vision dcx=0 dcy=0
[22:04:29.087] [ARM-RX] [TARGET] vision state=CONFIRM enabled=1 dcx=0 dcy=0 stable=0
[22:04:29.250] [JETSON-TX] VISION dcx=0 dcy=0: FF 05 03 00 00 00 00 08 FE
[22:04:29.274] [ARM-RX] [JETSON_RX] vision dcx=0 dcy=0
[22:04:29.274] [ARM-RX] [TARGET] vision state=CONFIRM enabled=1 dcx=0 dcy=0 stable=0
[22:04:29.450] [JETSON-TX] VISION dcx=0 dcy=0: FF 05 03 00 00 00 00 08 FE
[22:04:29.521] [ARM-RX] [JETSON_RX] vision dcx=0 dcy=0
[22:04:29.521] [ARM-RX] [TARGET] vision state=CONFIRM enabled=1 dcx=0 dcy=0 stable=0
[22:04:29.651] [JETSON-TX] VISION dcx=0 dcy=0: FF 05 03 00 00 00 00 08 FE
[22:04:29.710] [ARM-RX] [JETSON_RX] vision dcx=0 dcy=0
[22:04:29.710] [ARM-RX] [TARGET] vision state=CONFIRM enabled=1 dcx=0 dcy=0 stable=0
[22:04:29.852] [JETSON-TX] VISION dcx=0 dcy=0: FF 05 03 00 00 00 00 08 FE
[22:04:29.897] [ARM-RX] [JETSON_RX] vision dcx=0 dcy=0
[22:04:29.897] [ARM-RX] [TARGET] vision state=CONFIRM enabled=1 dcx=0 dcy=0 stable=0
[22:04:30.053] [JETSON-TX] VISION dcx=0 dcy=0: FF 05 03 00 00 00 00 08 FE
[22:04:30.084] [ARM-RX] [JETSON_RX] vision dcx=0 dcy=0
[22:04:30.084] [ARM-RX] [TARGET] vision state=CONFIRM enabled=1 dcx=0 dcy=0 stable=0
[22:04:30.130] [JETSON-RX] CC 03 01 DD
[22:04:30.130] [JETSON-STATUS] OUTPUT_ON: CC 03 01 DD
[22:04:30.254] [JETSON-TX] VISION dcx=0 dcy=0: FF 05 03 00 00 00 00 08 FE
[22:04:30.271] [ARM-RX] [JETSON_RX] vision dcx=0 dcy=0
[22:04:30.271] [ARM-RX] [TARGET] vision state=OUTPUT enabled=1 dcx=0 dcy=0 stable=0
[22:04:30.455] [JETSON-TX] VISION dcx=0 dcy=0: FF 05 03 00 00 00 00 08 FE
[22:04:30.517] [ARM-RX] [JETSON_RX] vision dcx=0 dcy=0
[22:04:30.517] [ARM-RX] [TARGET] vision state=OUTPUT enabled=1 dcx=0 dcy=0 stable=0
[22:04:30.656] [JETSON-TX] VISION dcx=0 dcy=0: FF 05 03 00 00 00 00 08 FE
[22:04:30.702] [ARM-RX] [JETSON_RX] vision dcx=0 dcy=0
[22:04:30.703] [ARM-RX] [TARGET] vision state=OUTPUT enabled=1 dcx=0 dcy=0 stable=0
[22:04:30.856] [JETSON-TX] VISION dcx=0 dcy=0: FF 05 03 00 00 00 00 08 FE
[22:04:30.890] [ARM-RX] [JETSON_RX] vision dcx=0 dcy=0
[22:04:30.890] [ARM-RX] [TARGET] vision state=OUTPUT enabled=1 dcx=0 dcy=0 stable=0
[22:04:31.057] [JETSON-TX] VISION dcx=0 dcy=0: FF 05 03 00 00 00 00 08 FE
[22:04:31.136] [ARM-RX] [JETSON_RX] vision dcx=0 dcy=0
[22:04:31.136] [ARM-RX] [TARGET] vision state=OUTPUT enabled=1 dcx=0 dcy=0 stable=0
[22:04:31.259] [JETSON-TX] VISION dcx=0 dcy=0: FF 05 03 00 00 00 00 08 FE
[22:04:31.321] [ARM-RX] [JETSON_RX] vision dcx=0 dcy=0
[22:04:31.321] [ARM-RX] [TARGET] vision state=OUTPUT enabled=1 dcx=0 dcy=0 stable=0
[22:04:31.460] [JETSON-TX] VISION dcx=0 dcy=0: FF 05 03 00 00 00 00 08 FE
[22:04:31.506] [ARM-RX] [JETSON_RX] vision dcx=0 dcy=0
[22:04:31.506] [ARM-RX] [TARGET] vision state=OUTPUT enabled=1 dcx=0 dcy=0 stable=0
[22:04:31.661] [JETSON-TX] VISION dcx=0 dcy=0: FF 05 03 00 00 00 00 08 FE
[22:04:31.689] [ARM-RX] [JETSON_RX] vision dcx=0 dcy=0
[22:04:31.689] [ARM-RX] [TARGET] vision state=OUTPUT enabled=1 dcx=0 dcy=0 stable=0
[22:04:31.862] [JETSON-TX] VISION dcx=0 dcy=0: FF 05 03 00 00 00 00 08 FE
[22:04:31.935] [ARM-RX] [JETSON_RX] vision dcx=0 dcy=0
[22:04:31.935] [ARM-RX] [TARGET] vision state=OUTPUT enabled=1 dcx=0 dcy=0 stable=0
[22:04:32.063] [JETSON-TX] VISION dcx=0 dcy=0: FF 05 03 00 00 00 00 08 FE
[22:04:32.121] [ARM-RX] [JETSON_RX] vision dcx=0 dcy=0
[22:04:32.121] [ARM-RX] [TARGET] vision state=OUTPUT enabled=1 dcx=0 dcy=0 stable=0
[22:04:32.263] [JETSON-TX] VISION dcx=0 dcy=0: FF 05 03 00 00 00 00 08 FE
[22:04:32.307] [ARM-RX] [JETSON_RX] vision dcx=0 dcy=0
[22:04:32.307] [ARM-RX] [TARGET] vision state=OUTPUT enabled=1 dcx=0 dcy=0 stable=0
[22:04:32.464] [JETSON-TX] VISION dcx=0 dcy=0: FF 05 03 00 00 00 00 08 FE
[22:04:32.492] [ARM-RX] [JETSON_RX] vision dcx=0 dcy=0
[22:04:32.492] [ARM-RX] [TARGET] vision state=OUTPUT enabled=1 dcx=0 dcy=0 stable=0
[22:04:32.665] [JETSON-TX] VISION dcx=0 dcy=0: FF 05 03 00 00 00 00 08 FE
[22:04:32.739] [ARM-RX] [JETSON_RX] vision dcx=0 dcy=0
[22:04:32.739] [ARM-RX] [TARGET] vision state=OUTPUT enabled=1 dcx=0 dcy=0 stable=0
[22:04:32.866] [JETSON-TX] VISION dcx=0 dcy=0: FF 05 03 00 00 00 00 08 FE
[22:04:32.924] [ARM-RX] [JETSON_RX] vision dcx=0 dcy=0
[22:04:32.924] [ARM-RX] [TARGET] vision state=OUTPUT enabled=1 dcx=0 dcy=0 stable=0
[22:04:33.067] [JETSON-TX] VISION dcx=0 dcy=0: FF 05 03 00 00 00 00 08 FE
[22:04:33.106] [ARM-RX] [JETSON_RX] vision dcx=0 dcy=0
[22:04:33.106] [ARM-RX] [TARGET] vision state=OUTPUT enabled=1 dcx=0 dcy=0 stable=0
[22:04:33.268] [JETSON-TX] VISION dcx=0 dcy=0: FF 05 03 00 00 00 00 08 FE
[22:04:33.290] [ARM-RX] [JETSON_RX] vision dcx=0 dcy=0
[22:04:33.290] [ARM-RX] [TARGET] vision state=OUTPUT enabled=1 dcx=0 dcy=0 stable=0
[22:04:33.469] [JETSON-TX] VISION dcx=0 dcy=0: FF 05 03 00 00 00 00 08 FE
[22:04:33.538] [ARM-RX] [JETSON_RX] vision dcx=0 dcy=0
[22:04:33.538] [ARM-RX] [TARGET] vision state=OUTPUT enabled=1 dcx=0 dcy=0 stable=0
[22:04:33.670] [JETSON-TX] VISION dcx=0 dcy=0: FF 05 03 00 00 00 00 08 FE
[22:04:33.723] [ARM-RX] [JETSON_RX] vision dcx=0 dcy=0
[22:04:33.723] [ARM-RX] [TARGET] vision state=OUTPUT enabled=1 dcx=0 dcy=0 stable=0
[22:04:33.870] [JETSON-TX] VISION dcx=0 dcy=0: FF 05 03 00 00 00 00 08 FE
[22:04:33.907] [ARM-RX] [JETSON_RX] vision dcx=0 dcy=0
[22:04:33.907] [ARM-RX] [TARGET] vision state=OUTPUT enabled=1 dcx=0 dcy=0 stable=0
[22:04:34.454] [JETSON-RX] CC 03 00 DD
[22:04:34.454] [JETSON-STATUS] OUTPUT_OFF: CC 03 00 DD
[22:23:11.264] [ARM-TX] 发送命令 target_disable: target_disable
[22:23:11.314] [ARM-RX] Found handler for 'target_disable', executing...
[22:23:11.314] [ARM-RX] target_disable
[22:23:13.333] [ARM-TX] 发送命令 soft_reset: soft_reset
[22:23:13.422] [ARM-RX] Found handler for 'soft_reset', executing...
[22:23:13.422] [ARM-RX] ROBOT_SOFT_RESET_EVENT
[22:23:13.423] [ARM-RX] --- Starting soft reset ---
[22:23:13.671] [ARM-RX] Soft reset motors enabled (J1~J5, J6 skipped).
[22:23:13.671] [ARM-RX] Soft resetting joint 4...
[22:23:13.671] [ARM-RX] robot_update_current_angle 4...
[22:23:13.671] [ARM-RX] [4] current:91.59, target:90.00, dir:-1
[22:23:13.982] [ARM-RX] Soft resetting joint 3...
[22:23:13.982] [ARM-RX] robot_update_current_angle 3...
[22:23:13.982] [ARM-RX] [3] current:-1.18, target:0.00, dir:1
[22:23:14.231] [ARM-RX] Soft resetting joint 1...
[22:23:14.292] [ARM-RX] robot_update_current_angle 1...
[22:23:14.292] [ARM-RX] [1] current:91.16, target:90.00, dir:-1
[22:23:14.606] [ARM-RX] Soft resetting joint 2...
[22:23:14.606] [ARM-RX] robot_update_current_angle 2...
[22:23:14.606] [ARM-RX] [2] current:-90.10, target:-90.00, dir:1
[22:23:14.729] [ARM-RX] Soft resetting joint 0...
[22:23:14.729] [ARM-RX] robot_update_current_angle 0...
[22:23:14.729] [ARM-RX] [0] current:90.94, target:90.00, dir:-1
[22:23:14.979] [ARM-RX] soft reset final verify PASS (issues:0), pose set HOME.
[22:23:30.932] [JETSON-TX] TARGET_CTRL_START: AA 01 01 BB
[22:23:30.970] [ARM-RX] [JETSON_RX] target_ctrl=1
[22:23:30.971] [ARM-RX] ROBOT_AUTO_EVENT
[22:23:30.971] [ARM-RX] [0] <0.00 0.00 0.00> result: 90.00 90.00 -90.00 0.00 90.00 0.00
[22:23:30.971] [ARM-RX] [1] <0.00 -0.00 -0.00> result: 90.00 90.00 -90.00 0.00 90.00 0.00
[22:23:30.972] [ARM-RX] [2] <0.00 -0.00 -0.00> result: 90.00 90.00 -90.00 0.00 90.00 0.00
[22:23:30.972] [ARM-RX] [3] <0.00 -0.
[22:23:30.993] [ARM-RX] 01 -0.00> result: 90.00 90.00 -90.00 0.00 90.00 0.00
[22:23:30.994] [ARM-RX] [4] <0.00 -0.02 -0.00> result: 90.00 90.01 -90.00 0.00 90.00 0.00
[22:23:30.994] [ARM-RX] [5] <0.00 -0.03 -0.00> result: 90.00 90.01 -89.99 0.00 90.00 0.00
[22:23:30.994] [ARM-RX] [6] <0.00 -0.05 -0.00> result: 90.00 90.02 -89.99 0.00 90.00 0.00
[22:23:30.994] [ARM-RX] [
[22:23:30.994] [JETSON-RX] CC 04 01 DD
[22:23:30.995] [JETSON-STATUS] TARGET_CTRL_ON: CC 04 01 DD
[22:23:31.016] [ARM-RX] 7] <0.00 -0.07 -0.00> result: 90.00 90.02 -89.98 0.00 90.00 0.00
[22:23:31.017] [ARM-RX] [8] <0.00 -0.11 -0.00> result: 90.00 90.03 -89.97 0.00 90.00 0.00
[22:23:31.017] [ARM-RX] [9] <0.00 -0.15 -0.00> result: 90.00 90.05 -89.96 0.00 90.00 0.00
[22:23:31.017] [ARM-RX] [10] <0.00 -0.20 -0.01> result: 90.00 90.06 -89.94 0.00
[22:23:31.039] [ARM-RX] 90.01 0.00
[22:23:31.039] [ARM-RX] [11] <0.00 -0.27 -0.01> result: 90.00 90.08 -89.92 0.00 90.01 0.00
[22:23:31.039] [ARM-RX] [12] <0.00 -0.34 -0.01> result: 90.00 90.11 -89.90 0.00 90.01 0.00
[22:23:31.039] [ARM-RX] [13] <0.00 -0.43 -0.01> result: 90.00 90.14 -89.88 0.00 90.01 0.00
[22:23:31.040] [ARM-RX] [14] <0.00 -0.54 -0.01> result: 90.00 90
[22:23:31.062] [ARM-RX] .17 -89.85 0.00 90.02 0.00
[22:23:31.062] [ARM-RX] [15] <0.00 -0.65 -0.02> result: 90.00 90.20 -89.81 0.00 90.02 0.00
[22:23:31.062] [ARM-RX] [16] <0.00 -0.79 -0.02> result: 90.00 90.25 -89.78 0.00 90.02 0.00
[22:23:31.063] [ARM-RX] [17] <0.00 -0.94 -0.02> result: 90.00 90.29 -89.73 0.00 90.03 0.00
[22:23:31.063] [ARM-RX] [18] <0.00 -1.10 -0.03>
[22:23:31.085] [ARM-RX] result: 90.00 90.34 -89.69 0.00 90.03 0.00
[22:23:31.085] [ARM-RX] [19] <0.00 -1.29 -0.03> result: 90.00 90.40 -89.63 0.00 90.03 0.00
[22:23:31.085] [ARM-RX] [20] <0.00 -1.49 -0.04> result: 90.00 90.46 -89.57 0.00 90.04 0.00
[22:23:31.085] [ARM-RX] [21] <0.00 -1.72 -0.04> result: 90.00 90.53 -89.51 0.00 90.04 0.00
[22:23:31.086] [ARM-RX] [22] <0.
[22:23:31.110] [ARM-RX] 00 -1.97 -0.05> result: 90.00 90.61 -89.44 0.00 90.05 0.00
[22:23:31.111] [ARM-RX] [23] <0.00 -2.23 -0.06> result: 90.00 90.69 -89.36 0.00 90.05 0.00
[22:23:31.111] [ARM-RX] [24] <0.00 -2.52 -0.06> result: 90.00 90.77 -89.28 0.00 90.05 0.00
[22:23:31.111] [ARM-RX] [25] <0.00 -2.84 -0.07> result: 90.00 90.87 -89.19 0.00 90.0
[22:23:31.141] [ARM-RX] 6 0.00
[22:23:31.143] [ARM-RX] [26] <0.00 -3.17 -0.08> result: 90.00 90.97 -89.10 0.00 90.06 0.00
[22:23:31.143] [ARM-RX] [27] <0.00 -3.53 -0.09> result: 90.00 91.07 -88.99 0.00 90.06 0.00
[22:23:31.143] [ARM-RX] [28] <0.00 -3.92 -0.10> result: 90.00 91.18 -88.88 0.00 90.07 0.00
[22:23:31.144] [ARM-RX] [29] <0.00 -4.33 -0.11> result: 90.00 91.30
[22:23:31.165] [ARM-RX] -88.76 0.00 90.07 0.00
[22:23:31.166] [ARM-RX] [30] <0.00 -4.77 -0.12> result: 90.00 91.43 -88.64 0.00 90.07 0.00
[22:23:31.166] [ARM-RX] [31] <0.00 -5.23 -0.13> result: 90.00 91.56 -88.51 0.00 90.07 0.00
[22:23:31.166] [ARM-RX] [32] <0.00 -5.72 -0.14> result: 90.00 91.70 -88.37 0.00 90.07 0.00
[22:23:31.166] [ARM-RX] [33] <0.00 -6.24 -0.16> resu
[22:23:31.188] [ARM-RX] lt: 90.00 91.85 -88.22 0.00 90.06 0.00
[22:23:31.188] [ARM-RX] [34] <0.00 -6.79 -0.17> result: 90.00 92.00 -88.06 0.00 90.06 0.00
[22:23:31.188] [ARM-RX] [35] <0.00 -7.36 -0.18> result: 90.00 92.16 -87.89 0.00 90.05 0.00
[22:23:31.188] [ARM-RX] [36] <0.00 -7.96 -0.20> result: 90.00 92.32 -87.72 0.00 90.04 0.00
[22:23:31.189] [ARM-RX] [37] <0.00 -
[22:23:31.211] [ARM-RX] 8.60 -0.21> result: 90.00 92.49 -87.54 0.00 90.03 0.00
[22:23:31.212] [ARM-RX] [38] <0.00 -9.26 -0.23> result: 90.00 92.67 -87.35 0.00 90.02 0.00
[22:23:31.212] [ARM-RX] [39] <0.00 -9.95 -0.25> result: 90.00 92.85 -87.15 0.00 90.00 0.00
[22:23:31.212] [ARM-RX] [40] <0.00 -10.67 -0.27> result: 90.00 93.04 -86.94 0.00 89.98 0
[22:23:31.233] [ARM-RX] .00
[22:23:31.233] [ARM-RX] [41] <0.00 -11.42 -0.29> result: 90.00 93.24 -86.72 0.00 89.96 0.00
[22:23:31.233] [ARM-RX] [42] <0.00 -12.20 -0.30> result: 90.00 93.44 -86.50 0.00 89.93 0.00
[22:23:31.234] [ARM-RX] [43] <0.00 -13.01 -0.33> result: 90.00 93.64 -86.26 0.00 89.91 0.00
[22:23:31.234] [ARM-RX] [44] <0.00 -13.85 -0.35> result: 90.00 93.85
[22:23:31.256] [ARM-RX] -86.02 0.00 89.87 0.00
[22:23:31.256] [ARM-RX] [45] <0.00 -14.72 -0.37> result: 90.00 94.07 -85.77 0.00 89.84 0.00
[22:23:31.257] [ARM-RX] [46] <0.00 -15.62 -0.39> result: 90.00 94.29 -85.51 0.00 89.80 0.00
[22:23:31.257] [ARM-RX] [47] <0.00 -16.55 -0.41> result: 90.00 94.52 -85.24 0.00 89.75 0.00
[22:23:31.257] [ARM-RX] [48] <0.00 -17.51 -0.44>
[22:23:31.279] [ARM-RX] result: 90.00 94.75 -84.96 0.00 89.70 0.00
[22:23:31.279] [ARM-RX] [49] <0.00 -18.49 -0.46> result: 90.00 94.98 -84.67 0.00 89.65 0.00
[22:23:31.280] [ARM-RX] [50] <0.00 -19.51 -0.49> result: 90.00 95.22 -84.37 0.00 89.59 0.00
[22:23:31.280] [ARM-RX] [51] <0.00 -20.56 -0.51> result: 90.00 95.47 -84.06 0.00 89.53 0.00
[22:23:31.280] [ARM-RX] [52]
[22:23:31.302] [ARM-RX] <0.00 -21.64 -0.54> result: 90.00 95.71 -83.75 0.00 89.46 0.00
[22:23:31.303] [ARM-RX] [53] <0.00 -22.74 -0.57> result: 90.00 95.97 -83.43 0.00 89.39 0.00
[22:23:31.303] [ARM-RX] [54] <0.00 -23.88 -0.60> result: 90.00 96.22 -83.09 0.00 89.32 0.00
[22:23:31.303] [ARM-RX] [55] <0.00 -25.04 -0.63> result: 90.00 96.48 -82.75 0
[22:23:31.336] [ARM-RX] .00 89.23 0.00
[22:23:31.337] [ARM-RX] [56] <0.00 -26.23 -0.66> result: 90.00 96.74 -82.40 0.00 89.15 0.00
[22:23:31.337] [ARM-RX] [57] <0.00 -27.44 -0.69> result: 90.00 97.01 -82.05 0.00 89.06 0.00
[22:23:31.337] [ARM-RX] [58] <0.00 -28.68 -0.72> result: 90.00 97.28 -81.68 0.00 88.96 0.00
[22:23:31.337] [ARM-RX] [59] <0.00 -29.95 -0.75> result:
[22:23:31.358] [ARM-RX] 90.00 97.55 -81.31 0.00 88.86 0.00
[22:23:31.360] [ARM-RX] [60] <0.00 -31.25 -0.78> result: 90.00 97.83 -80.92 0.00 88.75 0.00
[22:23:31.360] [ARM-RX] [61] <0.00 -32.57 -0.81> result: 90.00 98.10 -80.53 0.00 88.64 0.00
[22:23:31.361] [ARM-RX] [62] <0.00 -33.91 -0.85> result: 90.00 98.39 -80.14 0.00 88.52 0.00
[22:23:31.361] [ARM-RX] [63] <0.00 -3
[22:23:31.382] [ARM-RX] 5.28 -0.88> result: 90.00 98.67 -79.73 0.00 88.40 0.00
[22:23:31.382] [ARM-RX] [64] <0.00 -36.67 -0.92> result: 90.00 98.95 -79.32 0.00 88.27 0.00
[22:23:31.382] [ARM-RX] [65] <0.00 -38.08 -0.95> result: 90.00 99.24 -78.90 0.00 88.14 0.00
[22:23:31.383] [ARM-RX] [66] <0.00 -39.51 -0.99> result: 90.00 99.53 -78.47 0.00 88.00
[22:23:31.405] [ARM-RX] 0.00
[22:23:31.406] [ARM-RX] [67] <0.00 -40.97 -1.02> result: 90.00 99.82 -78.04 0.00 87.86 0.00
[22:23:31.406] [ARM-RX] [68] <0.00 -42.44 -1.06> result: 90.00 100.11 -77.60 0.00 87.71 0.00
[22:23:31.406] [ARM-RX] [69] <0.00 -43.94 -1.10> result: 90.00 100.41 -77.15 0.00 87.56 0.00
[22:23:31.406] [ARM-RX] [70] <0.00 -45.45 -1.14> result: 90.00 1
[22:23:31.428] [ARM-RX] 00.70 -76.70 0.00 87.41 0.00
[22:23:31.428] [ARM-RX] [71] <0.00 -46.98 -1.17> result: 90.00 101.00 -76.24 0.00 87.25 0.00
[22:23:31.428] [ARM-RX] [72] <0.00 -48.53 -1.21> result: 90.00 101.30 -75.78 0.00 87.08 0.00
[22:23:31.428] [ARM-RX] [73] <0.00 -50.09 -1.25> result: 90.00 101.60 -75.31 0.00 86.91 0.00
[22:23:31.428] [ARM-RX] [74] <0.00 -51.6
[22:23:31.451] [ARM-RX] 7 -1.29> result: 90.00 101.90 -74.84 0.00 86.74 0.00
[22:23:31.451] [ARM-RX] [75] <0.00 -53.26 -1.33> result: 90.00 102.20 -74.36 0.00 86.56 0.00
[22:23:31.451] [ARM-RX] [76] <0.00 -54.86 -1.37> result: 90.00 102.51 -73.87 0.00 86.38 0.00
[22:23:31.451] [ARM-RX] [77] <0.00 -56.48 -1.41> result: 90.00 102.81 -73.39 0.00 86.2
[22:23:31.475] [ARM-RX] 0 0.00
[22:23:31.475] [ARM-RX] [78] <0.00 -58.11 -1.45> result: 90.00 103.11 -72.89 0.00 86.01 0.00
[22:23:31.475] [ARM-RX] [79] <0.00 -59.75 -1.49> result: 90.00 103.42 -72.40 0.00 85.82 0.00
[22:23:31.476] [ARM-RX] [80] <0.00 -60.00 -1.50> result: 90.00 103.47 -72.32 0.00 85.79 0.00
[22:23:31.476] [ARM-RX] [81] <0.00 -60.00 -1.50> result: 90.00
[22:23:31.508] [ARM-RX] 103.47 -72.32 0.00 85.79 0.00
[22:23:31.508] [ARM-RX] [82] <0.00 -60.00 -1.50> result: 90.00 103.47 -72.32 0.00 85.79 0.00
[22:23:31.508] [ARM-RX] [83] <0.00 -60.00 -1.50> result: 90.00 103.47 -72.32 0.00 85.79 0.00
[22:23:31.508] [ARM-RX] [84] <0.00 -60.00 -1.50> result: 90.00 103.47 -72.32 0.00 85.79 0.00
[22:23:31.508] [ARM-RX] [85] <0.00 -60
[22:23:31.532] [ARM-RX] .00 -1.50> result: 90.00 103.47 -72.32 0.00 85.79 0.00
[22:23:31.532] [ARM-RX] [86] <0.00 -60.00 -1.50> result: 90.00 103.47 -72.32 0.00 85.79 0.00
[22:23:31.532] [ARM-RX] [87] <0.00 -60.00 -1.50> result: 90.00 103.47 -72.32 0.00 85.79 0.00
[22:23:31.532] [ARM-RX] [88] <0.00 -60.00 -1.50> result: 90.00 103.47 -72.32 0.00 85
[22:23:31.554] [ARM-RX] .79 0.00
[22:23:31.555] [ARM-RX] [89] <0.00 -60.00 -1.50> result: 90.00 103.47 -72.32 0.00 85.79 0.00
[22:23:31.555] [ARM-RX] [90] <0.00 -60.00 -1.50> result: 90.00 103.47 -72.32 0.00 85.79 0.00
[22:23:31.555] [ARM-RX] [91] <0.00 -60.00 -1.50> result: 90.00 103.47 -72.32 0.00 85.79 0.00
[22:23:31.555] [ARM-RX] [92] <0.00 -60.00 -1.50> result: 90.
[22:23:31.577] [ARM-RX] 00 103.47 -72.32 0.00 85.79 0.00
[22:23:31.578] [ARM-RX] [93] <0.00 -60.00 -1.50> result: 90.00 103.47 -72.32 0.00 85.79 0.00
[22:23:31.578] [ARM-RX] [94] <0.00 -60.00 -1.50> result: 90.00 103.47 -72.32 0.00 85.79 0.00
[22:23:31.578] [ARM-RX] [95] <0.00 -60.00 -1.50> result: 90.00 103.47 -72.32 0.00 85.79 0.00
[22:23:31.578] [ARM-RX] [96] <0.00 -
[22:23:31.600] [ARM-RX] 60.00 -1.50> result: 90.00 103.47 -72.32 0.00 85.79 0.00
[22:23:31.600] [ARM-RX] [97] <0.00 -60.00 -1.50> result: 90.00 103.47 -72.32 0.00 85.79 0.00
[22:23:31.600] [ARM-RX] [98] <0.00 -60.00 -1.50> result: 90.00 103.47 -72.32 0.00 85.79 0.00
[22:23:31.600] [ARM-RX] [99] <0.00 -60.00 -1.50> result: 90.00 103.47 -72.32 0.00
[22:23:31.626] [ARM-RX] 85.79 0.00
[22:23:31.626] [ARM-RX] [100] <0.00 -60.00 -1.50> result: 90.00 103.47 -72.32 0.00 85.79 0.00
[22:23:31.626] [ARM-RX] [101] <0.00 -60.00 -1.50> result: 90.00 103.47 -72.32 0.00 85.79 0.00
[22:23:31.626] [ARM-RX] [102] <0.00 -60.00 -1.50> result: 90.00 103.47 -72.32 0.00 85.79 0.00
[22:23:31.626] [ARM-RX] [103] <0.00 -60.00 -1.50> resul
[22:23:31.646] [ARM-RX] t: 90.00 103.47 -72.32 0.00 85.79 0.00
[22:23:31.646] [ARM-RX] [104] <0.00 -60.00 -1.50> result: 90.00 103.47 -72.32 0.00 85.79 0.00
[22:23:31.646] [ARM-RX] [105] <0.00 -60.00 -1.50> result: 90.00 103.47 -72.32 0.00 85.79 0.00
[22:23:31.646] [ARM-RX] [106] <0.00 -60.00 -1.50> result: 90.00 103.47 -72.32 0.00 85.79 0.00
[22:23:31.647] [ARM-RX] [10
[22:23:31.671] [ARM-RX] 7] <0.00 -60.00 -1.50> result: 90.00 103.47 -72.32 0.00 85.79 0.00
[22:23:31.671] [ARM-RX] [108] <0.00 -60.00 -1.50> result: 90.00 103.47 -72.32 0.00 85.79 0.00
[22:23:31.671] [ARM-RX] [109] <0.00 -60.00 -1.50> result: 90.00 103.47 -72.32 0.00 85.79 0.00
[22:23:31.671] [ARM-RX] [110] <0.00 -60.00 -1.50> result: 90.00 103.47
[22:23:31.703] [ARM-RX] -72.32 0.00 85.79 0.00
[22:23:31.704] [ARM-RX] [111] <0.00 -60.00 -1.50> result: 90.00 103.47 -72.32 0.00 85.79 0.00
[22:23:31.704] [ARM-RX] [112] <0.00 -60.00 -1.50> result: 90.00 103.47 -72.32 0.00 85.79 0.00
[22:23:31.704] [ARM-RX] [113] <0.00 -60.00 -1.50> result: 90.00 103.47 -72.32 0.00 85.79 0.00
[22:23:31.704] [ARM-RX] [114] <0.00 -60.00
[22:23:31.726] [ARM-RX] -1.50> result: 90.00 103.47 -72.32 0.00 85.79 0.00
[22:23:31.726] [ARM-RX] [115] <0.00 -60.00 -1.50> result: 90.00 103.47 -72.32 0.00 85.79 0.00
[22:23:31.726] [ARM-RX] [116] <0.00 -60.00 -1.50> result: 90.00 103.47 -72.32 0.00 85.79 0.00
[22:23:31.727] [ARM-RX] [117] <0.00 -60.00 -1.50> result: 90.00 103.47 -72.32 0.00 85
[22:23:31.749] [ARM-RX] .79 0.00
[22:23:31.750] [ARM-RX] [118] <0.00 -60.00 -1.50> result: 90.00 103.47 -72.32 0.00 85.79 0.00
[22:23:31.750] [ARM-RX] [119] <0.00 -60.00 -1.50> result: 90.00 103.47 -72.32 0.00 85.79 0.00
[22:23:31.750] [ARM-RX] [120] <0.00 -60.00 -1.50> result: 90.00 103.47 -72.32 0.00 85.79 0.00
[22:23:31.750] [ARM-RX] [121] <0.00 -60.00 -1.50> result:
[22:23:31.773] [ARM-RX] 90.00 103.47 -72.32 0.00 85.79 0.00
[22:23:31.773] [ARM-RX] [122] <0.00 -60.00 -1.50> result: 90.00 103.47 -72.32 0.00 85.79 0.00
[22:23:31.773] [ARM-RX] [123] <0.00 -60.00 -1.50> result: 90.00 103.47 -72.32 0.00 85.79 0.00
[22:23:31.773] [ARM-RX] [124] <0.00 -60.00 -1.50> result: 90.00 103.47 -72.32 0.00 85.79 0.00
[22:23:31.773] [ARM-RX] [125]
[22:23:31.794] [ARM-RX] <0.00 -60.00 -1.50> result: 90.00 103.47 -72.32 0.00 85.79 0.00
[22:23:31.796] [ARM-RX] [126] <0.00 -60.00 -1.50> result: 90.00 103.47 -72.32 0.00 85.79 0.00
[22:23:31.796] [ARM-RX] [127] <0.00 -60.00 -1.50> result: 90.00 103.47 -72.32 0.00 85.79 0.00
[22:23:31.796] [ARM-RX] [128] <0.00 -60.00 -1.50> result: 90.00 103.47 -
[22:23:31.818] [ARM-RX] 72.32 0.00 85.79 0.00
[22:23:31.818] [ARM-RX] [129] <0.00 -60.00 -1.50> result: 90.00 103.47 -72.32 0.00 85.79 0.00
[22:23:31.818] [ARM-RX] [130] <0.00 -60.00 -1.50> result: 90.00 103.47 -72.32 0.00 85.79 0.00
[22:23:31.819] [ARM-RX] [131] <0.00 -60.00 -1.50> result: 90.00 103.47 -72.32 0.00 85.79 0.00
[22:23:31.819] [ARM-RX] [132] <0.00 -60.00 -
[22:23:31.841] [ARM-RX] 1.50> result: 90.00 103.47 -72.32 0.00 85.79 0.00
[22:23:31.841] [ARM-RX] [133] <0.00 -60.00 -1.50> result: 90.00 103.47 -72.32 0.00 85.79 0.00
[22:23:31.841] [ARM-RX] [134] <0.00 -60.00 -1.50> result: 90.00 103.47 -72.32 0.00 85.79 0.00
[22:23:31.841] [ARM-RX] [135] <0.00 -60.00 -1.50> result: 90.00 103.47 -72.32 0.00 85.7
[22:23:31.875] [ARM-RX] 9 0.00
[22:23:31.876] [ARM-RX] [136] <0.00 -60.00 -1.50> result: 90.00 103.47 -72.32 0.00 85.79 0.00
[22:23:31.876] [ARM-RX] [137] <0.00 -60.00 -1.50> result: 90.00 103.47 -72.32 0.00 85.79 0.00
[22:23:31.876] [ARM-RX] [138] <0.00 -60.00 -1.50> result: 90.00 103.47 -72.32 0.00 85.79 0.00
[22:23:31.876] [ARM-RX] [139] <0.00 -60.00 -1.50> result: 9
[22:23:31.899] [ARM-RX] 0.00 103.47 -72.32 0.00 85.79 0.00
[22:23:31.900] [ARM-RX] [140] <0.00 -60.00 -1.50> result: 90.00 103.47 -72.32 0.00 85.79 0.00
[22:23:31.900] [ARM-RX] [141] <0.00 -60.00 -1.50> result: 90.00 103.47 -72.32 0.00 85.79 0.00
[22:23:31.900] [ARM-RX] [142] <0.00 -60.00 -1.50> result: 90.00 103.47 -72.32 0.00 85.79 0.00
[22:23:31.900] [ARM-RX] [143] <
[22:23:31.921] [ARM-RX] 0.00 -60.00 -1.50> result: 90.00 103.47 -72.32 0.00 85.79 0.00
[22:23:31.921] [ARM-RX] [144] <0.00 -60.00 -1.50> result: 90.00 103.47 -72.32 0.00 85.79 0.00
[22:23:31.922] [ARM-RX] [145] <0.00 -60.00 -1.50> result: 90.00 103.47 -72.32 0.00 85.79 0.00
[22:23:31.922] [ARM-RX] [146] <0.00 -60.00 -1.50> result: 90.00 103.47 -72
[22:23:31.944] [ARM-RX] .32 0.00 85.79 0.00
[22:23:31.944] [ARM-RX] [147] <0.00 -60.00 -1.50> result: 90.00 103.47 -72.32 0.00 85.79 0.00
[22:23:31.944] [ARM-RX] [148] <0.00 -60.00 -1.50> result: 90.00 103.47 -72.32 0.00 85.79 0.00
[22:23:31.945] [ARM-RX] [149] <0.00 -60.00 -1.50> result: 90.00 103.47 -72.32 0.00 85.79 0.00
[22:23:31.945] [ARM-RX] [150] <0.00 -60.00 -1.
[22:23:31.967] [ARM-RX] 50> result: 90.00 103.47 -72.32 0.00 85.79 0.00
[22:23:31.967] [ARM-RX] [151] <0.00 -60.00 -1.50> result: 90.00 103.47 -72.32 0.00 85.79 0.00
[22:23:31.967] [ARM-RX] [152] <0.00 -60.00 -1.50> result: 90.00 103.47 -72.32 0.00 85.79 0.00
[22:23:31.967] [ARM-RX] [153] <0.00 -60.00 -1.50> result: 90.00 103.47 -72.32 0.00 85.79
[22:23:31.990] [ARM-RX] 0.00
[22:23:31.991] [ARM-RX] [154] <0.00 -60.00 -1.50> result: 90.00 103.47 -72.32 0.00 85.79 0.00
[22:23:31.991] [ARM-RX] [155] <0.00 -60.00 -1.50> result: 90.00 103.47 -72.32 0.00 85.79 0.00
[22:23:31.991] [ARM-RX] [156] <0.00 -60.00 -1.50> result: 90.00 103.47 -72.32 0.00 85.79 0.00
[22:23:31.991] [ARM-RX] [157] <0.00 -60.00 -1.50> result: 90.
[22:23:32.013] [ARM-RX] 00 103.47 -72.32 0.00 85.79 0.00
[22:23:32.013] [ARM-RX] [158] <0.00 -60.00 -1.50> result: 90.00 103.47 -72.32 0.00 85.79 0.00
[22:23:32.014] [ARM-RX] [159] <0.00 -60.00 -1.50> result: 90.00 103.47 -72.32 0.00 85.79 0.00
[22:23:32.014] [ARM-RX] [160] <0.00 -60.00 -1.50> result: 90.00 103.47 -72.32 0.00 85.79 0.00
[22:23:32.014] [ARM-RX] [161] <0.
[22:23:32.039] [ARM-RX] 00 -60.00 -1.50> result: 90.00 103.47 -72.32 0.00 85.79 0.00
[22:23:32.039] [ARM-RX] [162] <0.00 -60.00 -1.50> result: 90.00 103.47 -72.32 0.00 85.79 0.00
[22:23:32.039] [ARM-RX] [163] <0.00 -60.00 -1.50> result: 90.00 103.47 -72.32 0.00 85.79 0.00
[22:23:32.039] [ARM-RX] [164] <0.00 -60.00 -1.50> result: 90.00 103.47 -72.3
[22:23:32.070] [ARM-RX] 2 0.00 85.79 0.00
[22:23:32.070] [ARM-RX] [165] <0.00 -60.00 -1.50> result: 90.00 103.47 -72.32 0.00 85.79 0.00
[22:23:32.070] [ARM-RX] [166] <0.00 -60.00 -1.50> result: 90.00 103.47 -72.32 0.00 85.79 0.00
[22:23:32.071] [ARM-RX] [167] <0.00 -60.00 -1.50> result: 90.00 103.47 -72.32 0.00 85.79 0.00
[22:23:32.071] [ARM-RX] [168] <0.00 -60.00 -1.50
[22:23:32.093] [ARM-RX] > result: 90.00 103.47 -72.32 0.00 85.79 0.00
[22:23:32.093] [ARM-RX] [169] <0.00 -60.00 -1.50> result: 90.00 103.47 -72.32 0.00 85.79 0.00
[22:23:32.093] [ARM-RX] [170] <0.00 -60.00 -1.50> result: 90.00 103.47 -72.32 0.00 85.79 0.00
[22:23:32.094] [ARM-RX] [171] <0.00 -60.00 -1.50> result: 90.00 103.47 -72.32 0.00 85.79 0.
[22:23:32.119] [ARM-RX] 00
[22:23:32.120] [ARM-RX] [172] <0.00 -60.00 -1.50> result: 90.00 103.47 -72.32 0.00 85.79 0.00
[22:23:32.120] [ARM-RX] [173] <0.00 -60.00 -1.50> result: 90.00 103.47 -72.32 0.00 85.79 0.00
[22:23:32.120] [ARM-RX] [174] <0.00 -60.00 -1.50> result: 90.00 103.47 -72.32 0.00 85.79 0.00
[22:23:32.120] [ARM-RX] [175] <0.00 -60.00 -1.50> result: 90.00
[22:23:32.171] [ARM-RX] 103.47 -72.32 0.00 85.79 0.00
[22:23:32.171] [ARM-RX] [176] <0.00 -60.00 -1.50> result: 90.00 103.47 -72.32 0.00 85.79 0.00
[22:23:34.038] [ARM-RX] [joint 1] ave_error:0.00
[22:23:34.039] [ARM-RX] [joint 2] ave_error:2.94
[22:23:34.039] [ARM-RX] [joint 3] ave_error:2.49
[22:23:34.039] [ARM-RX] [joint 4] ave_error:0.00
[22:23:34.039] [ARM-RX] [joint 5] ave_error:0.28
[22:23:34.039] [ARM-RX] robot pid run finished!!
[22:23:34.098] [JETSON-RX] CC 01 01 DD
[22:23:34.102] [JETSON-STATUS] READY: CC 01 01 DD
[22:23:36.934] [JETSON-INFO] vision sequence started: 30,-20:5;15,-10:5;8,-5:5;0,0:30
[22:23:36.934] [JETSON-TX] VISION dcx=30 dcy=-20: FF 05 03 1E 00 EC FF 11 FE
[22:23:36.963] [ARM-RX] [JETSON_RX] vision dcx=30 dcy=-20
[22:23:36.963] [ARM-RX] [TARGET] vision state=WAIT_DETECT enabled=1 dcx=30 dcy=-20 stable=0
[22:23:36.994] [ARM-RX] ROBOT_AUTO_EVENT
[22:23:36.995] [ARM-RX] [0] <0.00 -60.00 -1.50> result: 90.00 103.47 -72.32 0.00 85.79 0.00
[22:23:36.995] [ARM-RX] [1] <0.00 -60.00 -1.50> result: 90.00 103.47 -72.32 -0.00 85.79 0.00
[22:23:36.995] [ARM-RX] [2] <0.01 -60.00 -1.51> result: 90.00 103.47 -72.32 -0.00 85.79 0.00
[22:23:36.995] [ARM-RX] [3] <0.02 -60.00 -1.52> result
[22:23:37.018] [ARM-RX] : 90.01 103.48 -72.32 -0.01 85.80 0.00
[22:23:37.018] [ARM-RX] [4] <0.05 -60.00 -1.55> result: 90.02 103.49 -72.32 -0.02 85.81 0.00
[22:23:37.018] [ARM-RX] [5] <0.08 -60.00 -1.58> result: 90.04 103.51 -72.32 -0.04 85.83 0.00
[22:23:37.018] [ARM-RX] [6] <0.14 -60.00 -1.64> result: 90.07 103.54 -72.33 -0.07 85.86 0.00
[22:23:37.018] [ARM-RX] [7] <0
[22:23:37.041] [ARM-RX] .21 -60.00 -1.71> result: 90.11 103.57 -72.33 -0.11 85.90 0.00
[22:23:37.042] [ARM-RX] [8] <0.29 -60.00 -1.79> result: 90.16 103.62 -72.33 -0.16 85.95 0.00
[22:23:37.042] [ARM-RX] [9] <0.40 -60.00 -1.90> result: 90.21 103.67 -72.34 -0.22 86.01 0.00
[22:23:37.042] [ARM-RX] [10] <0.53 -60.00 -2.03> result: 90.28 103.74 -72.34
[22:23:37.066] [ARM-RX] -0.28 86.08 0.00
[22:23:37.066] [ARM-RX] [11] <0.68 -60.00 -2.18> result: 90.36 103.82 -72.35 -0.36 86.16 0.00
[22:23:37.066] [ARM-RX] [12] <0.86 -60.00 -2.36> result: 90.46 103.90 -72.35 -0.46 86.26 0.00
[22:23:37.066] [ARM-RX] [13] <1.05 -60.00 -2.55> result: 90.56 104.00 -72.36 -0.56 86.36 0.00
[22:23:37.067] [ARM-RX] [14] <1.26 -60.00 -2.76>
[22:23:37.088] [ARM-RX] result: 90.67 104.11 -72.37 -0.67 86.48 0.00
[22:23:37.088] [ARM-RX] [15] <1.49 -60.00 -2.99> result: 90.79 104.23 -72.37 -0.79 86.60 0.00
[22:23:37.088] [ARM-RX] [16] <1.74 -60.00 -3.24> result: 90.92 104.36 -72.38 -0.93 86.74 0.00
[22:23:37.088] [ARM-RX] [17] <2.00 -60.00 -3.50> result: 91.06 104.49 -72.39 -1.06 86.88 0.
[22:23:37.111] [ARM-RX] 00
[22:23:37.111] [ARM-RX] [18] <2.27 -60.00 -3.77> result: 91.21 104.63 -72.40 -1.21 87.03 0.00
[22:23:37.111] [ARM-RX] [19] <2.50 -60.00 -4.00> result: 91.33 104.75 -72.40 -1.33 87.15 0.00
[22:23:37.111] [ARM-RX] [20] <2.50 -60.00 -4.00> result: 91.33 104.75 -72.40 -1.33 87.15 0.00
[22:23:37.112] [ARM-RX] [21] <2.50 -60.00 -4.00> result: 91.33
[22:23:37.134] [ARM-RX] 104.75 -72.40 -1.33 87.15 0.00
[22:23:37.135] [JETSON-TX] VISION dcx=30 dcy=-20: FF 05 03 1E 00 EC FF 11 FE
[22:23:37.135] [ARM-RX] [22] <2.50 -60.00 -4.00> result: 91.33 104.75 -72.40 -1.33 87.15 0.00
[22:23:37.135] [ARM-RX] [23] <2.50 -60.00 -4.00> result: 91.33 104.75 -72.40 -1.33 87.15 0.00
[22:23:37.135] [ARM-RX] [24] <2.50 -60.00 -4.00> result: 91.33 104.75 -72.40 -1.33 87.15 0.00
[22:23:37.135] [ARM-RX] [25] <2.50
[22:23:37.168] [ARM-RX] -60.00 -4.00> result: 91.33 104.75 -72.40 -1.33 87.15 0.00
[22:23:37.173] [ARM-RX] [26] <2.50 -60.00 -4.00> result: 91.33 104.75 -72.40 -1.33 87.15 0.00
[22:23:37.173] [ARM-RX] [27] <2.50 -60.00 -4.00> result: 91.33 104.75 -72.40 -1.33 87.15 0.00
[22:23:37.174] [ARM-RX] [28] <2.50 -60.00 -4.00> result: 91.33 104.75 -72.40 -
[22:23:37.192] [ARM-RX] 1.33 87.15 0.00
[22:23:37.193] [ARM-RX] [29] <2.50 -60.00 -4.00> result: 91.33 104.75 -72.40 -1.33 87.15 0.00
[22:23:37.193] [ARM-RX] [30] <2.50 -60.00 -4.00> result: 91.33 104.75 -72.40 -1.33 87.15 0.00
[22:23:37.193] [ARM-RX] [31] <2.50 -60.00 -4.00> result: 91.33 104.75 -72.40 -1.33 87.15 0.00
[22:23:37.193] [ARM-RX] [32] <2.50 -60.00 -4.00> r
[22:23:37.214] [ARM-RX] esult: 91.33 104.75 -72.40 -1.33 87.15 0.00
[22:23:37.216] [ARM-RX] [33] <2.50 -60.00 -4.00> result: 91.33 104.75 -72.40 -1.33 87.15 0.00
[22:23:37.216] [ARM-RX] [34] <2.50 -60.00 -4.00> result: 91.33 104.75 -72.40 -1.33 87.15 0.00
[22:23:37.216] [ARM-RX] [35] <2.50 -60.00 -4.00> result: 91.33 104.75 -72.40 -1.33 87.15 0.00
[22:23:37.238] [ARM-RX] [36] <2.50 -60.00 -4.00> result: 91.33 104.75 -72.40 -1.33 87.15 0.00
[22:23:37.239] [ARM-RX] [37] <2.50 -60.00 -4.00> result: 91.33 104.75 -72.40 -1.33 87.15 0.00
[22:23:37.239] [ARM-RX] [38] <2.50 -60.00 -4.00> result: 91.33 104.75 -72.40 -1.33 87.15 0.00
[22:23:37.239] [ARM-RX] [39] <2.50 -60.00 -4.00> result: 91.33 10
[22:23:37.261] [ARM-RX] 4.75 -72.40 -1.33 87.15 0.00
[22:23:37.261] [ARM-RX] [40] <2.50 -60.00 -4.00> result: 91.33 104.75 -72.40 -1.33 87.15 0.00
[22:23:37.262] [ARM-RX] [41] <2.50 -60.00 -4.00> result: 91.33 104.75 -72.40 -1.33 87.15 0.00
[22:23:37.262] [ARM-RX] [42] <2.50 -60.00 -4.00> result: 91.33 104.75 -72.40 -1.33 87.15 0.00
[22:23:37.262] [ARM-RX] [43] <2.50 -6
[22:23:37.322] [ARM-RX] 0.00 -4.00> result: 91.33 104.75 -72.40 -1.33 87.15 0.00
[22:23:37.322] [ARM-RX] [TARGET] vision state=ALIGN enabled=1 dcx=30 dcy=-20 stable=0
[22:23:37.336] [JETSON-TX] VISION dcx=30 dcy=-20: FF 05 03 1E 00 EC FF 11 FE
[22:23:37.385] [ARM-RX] [JETSON_RX] vision dcx=30 dcy=-20
[22:23:37.385] [ARM-RX] [TARGET] vision state=ALIGN enabled=1 dcx=30 dcy=-20 stable=0
[22:23:37.537] [JETSON-TX] VISION dcx=30 dcy=-20: FF 05 03 1E 00 EC FF 11 FE
[22:23:37.571] [ARM-RX] [JETSON_RX] vision dcx=30 dcy=-20
[22:23:37.571] [ARM-RX] [TARGET] vision state=ALIGN enabled=1 dcx=30 dcy=-20 stable=0
[22:23:37.738] [JETSON-TX] VISION dcx=30 dcy=-20: FF 05 03 1E 00 EC FF 11 FE
[22:23:37.818] [ARM-RX] [JETSON_RX] vision dcx=30 dcy=-20
[22:23:37.818] [ARM-RX] [TARGET] vision state=ALIGN enabled=1 dcx=30 dcy=-20 stable=0
[22:23:37.819] [ARM-RX] [joint 1] ave_error:0.32
[22:23:37.819] [ARM-RX] [joint 2] ave_error:1.23
[22:23:37.819] [ARM-RX] [joint 3] ave_error:0.29
[22:23:37.819] [ARM-RX] [joint 4] ave_error:0.33
[22:23:37.819] [ARM-RX] [joint 5] ave_error:0.21
[22:23:37.819] [ARM-RX] robot pid run finished!!
[22:23:37.880] [ARM-RX] ROBOT_AUTO_EVENT
[22:23:37.880] [ARM-RX] [0] <2.50 -60.00 -4.00> result: 91.33 104.75 -72.40 -1.33 87.15 0.00
[22:23:37.880] [ARM-RX] [1] <2.50 -60.00 -4.00> result: 91.33 104.75 -72.40 -1.33 87.16 0.00
[22:23:37.880] [ARM-RX] [2] <2.51 -60.00 -4.01> result: 91.33 104.76 -72.40 -1.34 87.16 0.00
[22:23:37.880] [ARM-RX] [3] <2.52 -60
[22:23:37.917] [ARM-RX] .00 -4.02> result: 91.34 104.76 -72.40 -1.34 87.17 0.00
[22:23:37.917] [ARM-RX] [4] <2.55 -60.00 -4.05> result: 91.35 104.78 -72.40 -1.36 87.18 0.00
[22:23:37.918] [ARM-RX] [5] <2.58 -60.00 -4.08> result: 91.37 104.79 -72.40 -1.38 87.20 0.00
[22:23:37.918] [ARM-RX] [6] <2.64 -60.00 -4.14> result: 91.40 104.82 -72.41 -1.40 8
[22:23:37.937] [ARM-RX] 7.23 0.00
[22:23:37.937] [ARM-RX] [7] <2.71 -60.00 -4.21> result: 91.44 104.86 -72.41 -1.44 87.27 0.00
[22:23:37.937] [ARM-RX] [8] <2.79 -60.00 -4.29> result: 91.49 104.90 -72.41 -1.49 87.31 0.00
[22:23:37.937] [ARM-RX] [9] <2.90 -60.00 -4.40> result: 91.55 104.96 -72.41 -1.55 87.37 0.00
[22:23:37.937] [ARM-RX] [10] <3.03 -60.00 -4.53> result: 91
[22:23:37.939] [JETSON-TX] VISION dcx=15 dcy=-10: FF 05 03 0F 00 F6 FF 0C FE
[22:23:37.960] [ARM-RX] .61 105.03 -72.41 -1.62 87.44 0.00
[22:23:37.961] [ARM-RX] [11] <3.18 -60.00 -4.68> result: 91.69 105.11 -72.42 -1.70 87.53 0.00
[22:23:37.961] [ARM-RX] [12] <3.36 -60.00 -4.86> result: 91.79 105.20 -72.42 -1.79 87.62 0.00
[22:23:37.961] [ARM-RX] [13] <3.55 -60.00 -5.05> result: 91.89 105.30 -72.43 -1.89 87.72 0.00
[22:23:37.961] [ARM-RX] [14] <3
[22:23:37.983] [ARM-RX] .76 -60.00 -5.26> result: 92.00 105.41 -72.43 -2.00 87.84 0.00
[22:23:37.984] [ARM-RX] [15] <3.99 -60.00 -5.49> result: 92.12 105.53 -72.43 -2.12 87.96 0.00
[22:23:37.984] [ARM-RX] [16] <4.24 -60.00 -5.74> result: 92.25 105.66 -72.44 -2.26 88.10 0.00
[22:23:37.984] [ARM-RX] [17] <4.50 -60.00 -6.00> result: 92.39 105.79 -72.
[22:23:38.005] [ARM-RX] 44 -2.39 88.24 0.00
[22:23:38.007] [ARM-RX] [18] <4.77 -60.00 -6.27> result: 92.54 105.94 -72.45 -2.54 88.38 0.00
[22:23:38.007] [ARM-RX] [19] <5.00 -60.00 -6.50> result: 92.66 106.06 -72.45 -2.66 88.51 0.00
[22:23:38.008] [ARM-RX] [20] <5.00 -60.00 -6.50> result: 92.66 106.06 -72.45 -2.66 88.51 0.00
[22:23:38.008] [ARM-RX] [21] <5.00 -60.00 -6.5
[22:23:38.029] [ARM-RX] 0> result: 92.66 106.06 -72.45 -2.66 88.51 0.00
[22:23:38.030] [ARM-RX] [22] <5.00 -60.00 -6.50> result: 92.66 106.06 -72.45 -2.66 88.51 0.00
[22:23:38.030] [ARM-RX] [23] <5.00 -60.00 -6.50> result: 92.66 106.06 -72.45 -2.66 88.51 0.00
[22:23:38.030] [ARM-RX] [24] <5.00 -60.00 -6.50> result: 92.66 106.06 -72.45 -2.66 88.51
[22:23:38.052] [ARM-RX] 0.00
[22:23:38.052] [ARM-RX] [25] <5.00 -60.00 -6.50> result: 92.66 106.06 -72.45 -2.66 88.51 0.00
[22:23:38.052] [ARM-RX] [26] <5.00 -60.00 -6.50> result: 92.66 106.06 -72.45 -2.66 88.51 0.00
[22:23:38.053] [ARM-RX] [27] <5.00 -60.00 -6.50> result: 92.66 106.06 -72.45 -2.66 88.51 0.00
[22:23:38.053] [ARM-RX] [28] <5.00 -60.00 -6.50> result: 92.6
[22:23:38.087] [ARM-RX] 6 106.06 -72.45 -2.66 88.51 0.00
[22:23:38.087] [ARM-RX] [29] <5.00 -60.00 -6.50> result: 92.66 106.06 -72.45 -2.66 88.51 0.00
[22:23:38.087] [ARM-RX] [30] <5.00 -60.00 -6.50> result: 92.66 106.06 -72.45 -2.66 88.51 0.00
[22:23:38.087] [ARM-RX] [31] <5.00 -60.00 -6.50> result: 92.66 106.06 -72.45 -2.66 88.51 0.00
[22:23:38.088] [ARM-RX] [32] <5.0
[22:23:38.111] [ARM-RX] 0 -60.00 -6.50> result: 92.66 106.06 -72.45 -2.66 88.51 0.00
[22:23:38.112] [ARM-RX] [33] <5.00 -60.00 -6.50> result: 92.66 106.06 -72.45 -2.66 88.51 0.00
[22:23:38.112] [ARM-RX] [34] <5.00 -60.00 -6.50> result: 92.66 106.06 -72.45 -2.66 88.51 0.00
[22:23:38.112] [ARM-RX] [35] <5.00 -60.00 -6.50> result: 92.66 106.06 -72.45
[22:23:38.133] [ARM-RX] -2.66 88.51 0.00
[22:23:38.134] [ARM-RX] [36] <5.00 -60.00 -6.50> result: 92.66 106.06 -72.45 -2.66 88.51 0.00
[22:23:38.134] [ARM-RX] [37] <5.00 -60.00 -6.50> result: 92.66 106.06 -72.45 -2.66 88.51 0.00
[22:23:38.134] [ARM-RX] [38] <5.00 -60.00 -6.50> result: 92.66 106.06 -72.45 -2.66 88.51 0.00
[22:23:38.134] [ARM-RX] [39] <5.00 -60.00 -6.50>
[22:23:38.140] [JETSON-TX] VISION dcx=15 dcy=-10: FF 05 03 0F 00 F6 FF 0C FE
[22:23:38.159] [ARM-RX] result: 92.66 106.06 -72.45 -2.66 88.51 0.00
[22:23:38.159] [ARM-RX] [40] <5.00 -60.00 -6.50> result: 92.66 106.06 -72.45 -2.66 88.51 0.00
[22:23:38.159] [ARM-RX] [41] <5.00 -60.00 -6.50> result: 92.66 106.06 -72.45 -2.66 88.51 0.00
[22:23:38.159] [ARM-RX] [42] <5.00 -60.00 -6.50> result: 92.66 106.06 -72.45 -2.66 88.51 0.
[22:23:38.223] [ARM-RX] 00
[22:23:38.225] [ARM-RX] [43] <5.00 -60.00 -6.50> result: 92.66 106.06 -72.45 -2.66 88.51 0.00
[22:23:38.226] [ARM-RX] [TARGET] vision state=ALIGN enabled=1 dcx=15 dcy=-10 stable=0
[22:23:38.226] [ARM-RX] [JETSON_RX] vision dcx=15 dcy=-10
[22:23:38.226] [ARM-RX] [TARGET] vision state=ALIGN enabled=1 dcx=15 dcy=-10 stable=0
[22:23:38.341] [JETSON-TX] VISION dcx=15 dcy=-10: FF 05 03 0F 00 F6 FF 0C FE
[22:23:38.408] [ARM-RX] [JETSON_RX] vision dcx=15 dcy=-10
[22:23:38.410] [ARM-RX] [TARGET] vision state=ALIGN enabled=1 dcx=15 dcy=-10 stable=0
[22:23:38.541] [JETSON-TX] VISION dcx=15 dcy=-10: FF 05 03 0F 00 F6 FF 0C FE
[22:23:38.596] [ARM-RX] [JETSON_RX] vision dcx=15 dcy=-10
[22:23:38.596] [ARM-RX] [TARGET] vision state=ALIGN enabled=1 dcx=15 dcy=-10 stable=0
[22:23:38.720] [ARM-RX] [joint 1] ave_error:0.48
[22:23:38.720] [ARM-RX] [joint 2] ave_error:0.43
[22:23:38.720] [ARM-RX] [joint 3] ave_error:0.09
[22:23:38.720] [ARM-RX] [joint 4] ave_error:0.40
[22:23:38.720] [ARM-RX] [joint 5] ave_error:0.17
[22:23:38.721] [ARM-RX] robot pid run finished!!
[22:23:38.742] [JETSON-TX] VISION dcx=15 dcy=-10: FF 05 03 0F 00 F6 FF 0C FE
[22:23:38.782] [ARM-RX] [JETSON_RX] vision dcx=15 dcy=-10
[22:23:38.782] [ARM-RX] [TARGET] vision state=ALIGN enabled=1 dcx=15 dcy=-10 stable=0
[22:23:38.785] [ARM-RX] ROBOT_AUTO_EVENT
[22:23:38.785] [ARM-RX] [0] <5.00 -60.00 -6.50> result: 92.66 106.06 -72.45 -2.66 88.51 0.00
[22:23:38.785] [ARM-RX] [1] <5.00 -60.00 -6.50> result: 92.66 106.06 -72.45 -2.
[22:23:38.807] [ARM-RX] 66 88.51 0.00
[22:23:38.809] [ARM-RX] [2] <5.01 -60.00 -6.51> result: 92.67 106.07 -72.45 -2.67 88.52 0.00
[22:23:38.809] [ARM-RX] [3] <5.04 -60.00 -6.54> result: 92.68 106.08 -72.45 -2.68 88.53 0.00
[22:23:38.809] [ARM-RX] [4] <5.08 -60.00 -6.58> result: 92.70 106.10 -72.45 -2.70 88.55 0.00
[22:23:38.810] [ARM-RX] [5] <5.14 -60.00 -6.64> result:
[22:23:38.831] [ARM-RX] 92.73 106.13 -72.45 -2.73 88.58 0.00
[22:23:38.831] [ARM-RX] [6] <5.22 -60.00 -6.72> result: 92.78 106.17 -72.45 -2.78 88.63 0.00
[22:23:38.831] [ARM-RX] [7] <5.32 -60.00 -6.82> result: 92.83 106.23 -72.45 -2.83 88.68 0.00
[22:23:38.831] [ARM-RX] [8] <5.44 -60.00 -6.94> result: 92.89 106.29 -72.45 -2.89 88.74 0.00
[22:23:38.832] [ARM-RX] [9] <5.
[22:23:38.854] [ARM-RX] 58 -60.00 -7.08> result: 92.97 106.36 -72.45 -2.97 88.82 0.00
[22:23:38.854] [ARM-RX] [10] <5.73 -60.00 -7.23> result: 93.05 106.44 -72.45 -3.05 88.90 0.00
[22:23:38.854] [ARM-RX] [11] <5.80 -60.00 -7.30> result: 93.08 106.48 -72.46 -3.09 88.94 0.00
[22:23:38.854] [ARM-RX] [12] <5.80 -60.00 -7.30> result: 93.08 106.48 -72.4
[22:23:38.880] [ARM-RX] 6 -3.09 88.94 0.00
[22:23:38.880] [ARM-RX] [13] <5.80 -60.00 -7.30> result: 93.08 106.48 -72.46 -3.09 88.94 0.00
[22:23:38.880] [ARM-RX] [14] <5.80 -60.00 -7.30> result: 93.08 106.48 -72.46 -3.09 88.94 0.00
[22:23:38.880] [ARM-RX] [15] <5.80 -60.00 -7.30> result: 93.08 106.48 -72.46 -3.09 88.94 0.00
[22:23:38.881] [ARM-RX] [16] <5.80 -60.00 -7.30
[22:23:38.900] [ARM-RX] > result: 93.08 106.48 -72.46 -3.09 88.94 0.00
[22:23:38.900] [ARM-RX] [17] <5.80 -60.00 -7.30> result: 93.08 106.48 -72.46 -3.09 88.94 0.00
[22:23:38.900] [ARM-RX] [18] <5.80 -60.00 -7.30> result: 93.08 106.48 -72.46 -3.09 88.94 0.00
[22:23:38.900] [ARM-RX] [19] <5.80 -60.00 -7.30> result: 93.08 106.48 -72.46 -3.09 88.94 0
[22:23:38.923] [ARM-RX] .00
[22:23:38.923] [ARM-RX] [20] <5.80 -60.00 -7.30> result: 93.08 106.48 -72.46 -3.09 88.94 0.00
[22:23:38.923] [ARM-RX] [21] <5.80 -60.00 -7.30> result: 93.08 106.48 -72.46 -3.09 88.94 0.00
[22:23:38.923] [ARM-RX] [22] <5.80 -60.00 -7.30> result: 93.08 106.48 -72.46 -3.09 88.94 0.00
[22:23:38.923] [ARM-RX] [23] <5.80 -60.00 -7.30> result: 93.08
[22:23:38.943] [JETSON-TX] VISION dcx=8 dcy=-5: FF 05 03 08 00 FB FF 0A FE
[22:23:38.985] [ARM-RX] 106.48 -72.46 -3.09 88.94 0.00
[22:23:38.985] [ARM-RX] [24] <5.80 -60.00 -7.30> result: 93.08 106.48 -72.46 -3.09 88.94 0.00
[22:23:38.985] [ARM-RX] [JETSON_RX] vision dcx=8 dcy=-5
[22:23:38.987] [ARM-RX] [TARGET] vision state=ALIGN enabled=1 dcx=8 dcy=-5 stable=0
[22:23:39.143] [JETSON-TX] VISION dcx=8 dcy=-5: FF 05 03 08 00 FB FF 0A FE
[22:23:39.171] [ARM-RX] [JETSON_RX] vision dcx=8 dcy=-5
[22:23:39.171] [ARM-RX] [TARGET] vision state=ALIGN enabled=1 dcx=8 dcy=-5 stable=0
[22:23:39.296] [ARM-RX] [joint 1] ave_error:0.41
[22:23:39.296] [ARM-RX] [joint 2] ave_error:0.42
[22:23:39.296] [ARM-RX] [joint 3] ave_error:0.04
[22:23:39.296] [ARM-RX] [joint 4] ave_error:0.25
[22:23:39.297] [ARM-RX] [joint 5] ave_error:0.05
[22:23:39.297] [ARM-RX] robot pid run finished!!
[22:23:39.344] [JETSON-TX] VISION dcx=8 dcy=-5: FF 05 03 08 00 FB FF 0A FE
[22:23:39.357] [ARM-RX] ROBOT_AUTO_EVENT
[22:23:39.360] [ARM-RX] [0] <5.80 -60.00 -7.30> result: 93.08 106.48 -72.46 -3.09 88.94 0.00
[22:23:39.361] [ARM-RX] [1] <5.80 -60.00 -7.30> result: 93.09 106.48 -72.46 -3.09 88.94 0.00
[22:23:39.362] [ARM-RX] [2] <5.81 -60.00 -7.31> result: 93.09 106.49 -72.46 -3.09 88.94 0.00
[22:23:39.362] [ARM-RX] [3] <5.84 -60
[22:23:39.388] [ARM-RX] .00 -7.34> result: 93.10 106.50 -72.46 -3.10 88.96 0.00
[22:23:39.390] [ARM-RX] [4] <5.88 -60.00 -7.38> result: 93.13 106.52 -72.46 -3.13 88.98 0.00
[22:23:39.390] [ARM-RX] [5] <5.94 -60.00 -7.44> result: 93.16 106.55 -72.46 -3.16 89.01 0.00
[22:23:39.390] [ARM-RX] [6] <6.02 -60.00 -7.52> result: 93.20 106.60 -72.46 -3.20 8
[22:23:39.410] [ARM-RX] 9.05 0.00
[22:23:39.412] [ARM-RX] [7] <6.12 -60.00 -7.62> result: 93.25 106.65 -72.46 -3.25 89.11 0.00
[22:23:39.412] [ARM-RX] [8] <6.24 -60.00 -7.74> result: 93.32 106.71 -72.46 -3.32 89.17 0.00
[22:23:39.412] [ARM-RX] [9] <6.38 -60.00 -7.88> result: 93.39 106.79 -72.46 -3.39 89.25 0.00
[22:23:39.413] [ARM-RX] [10] <6.53 -60.00 -8.03> result: 93
[22:23:39.434] [ARM-RX] .47 106.87 -72.46 -3.47 89.33 0.00
[22:23:39.434] [ARM-RX] [11] <6.60 -60.00 -8.10> result: 93.51 106.90 -72.46 -3.51 89.36 0.00
[22:23:39.434] [ARM-RX] [12] <6.60 -60.00 -8.10> result: 93.51 106.90 -72.46 -3.51 89.36 0.00
[22:23:39.434] [ARM-RX] [13] <6.60 -60.00 -8.10> result: 93.51 106.90 -72.46 -3.51 89.36 0.00
[22:23:39.435] [ARM-RX] [14] <6
[22:23:39.456] [ARM-RX] .60 -60.00 -8.10> result: 93.51 106.90 -72.46 -3.51 89.36 0.00
[22:23:39.458] [ARM-RX] [15] <6.60 -60.00 -8.10> result: 93.51 106.90 -72.46 -3.51 89.36 0.00
[22:23:39.458] [ARM-RX] [16] <6.60 -60.00 -8.10> result: 93.51 106.90 -72.46 -3.51 89.36 0.00
[22:23:39.458] [ARM-RX] [17] <6.60 -60.00 -8.10> result: 93.51 106.90 -72.
[22:23:39.480] [ARM-RX] 46 -3.51 89.36 0.00
[22:23:39.480] [ARM-RX] [18] <6.60 -60.00 -8.10> result: 93.51 106.90 -72.46 -3.51 89.36 0.00
[22:23:39.481] [ARM-RX] [19] <6.60 -60.00 -8.10> result: 93.51 106.90 -72.46 -3.51 89.36 0.00
[22:23:39.481] [ARM-RX] [20] <6.60 -60.00 -8.10> result: 93.51 106.90 -72.46 -3.51 89.36 0.00
[22:23:39.481] [ARM-RX] [21] <6.60 -60.00 -8.1
[22:23:39.504] [ARM-RX] 0> result: 93.51 106.90 -72.46 -3.51 89.36 0.00
[22:23:39.504] [ARM-RX] [22] <6.60 -60.00 -8.10> result: 93.51 106.90 -72.46 -3.51 89.36 0.00
[22:23:39.505] [ARM-RX] [23] <6.60 -60.00 -8.10> result: 93.51 106.90 -72.46 -3.51 89.36 0.00
[22:23:39.505] [ARM-RX] [24] <6.60 -60.00 -8.10> result: 93.51 106.90 -72.46 -3.51 89.36
[22:23:39.545] [JETSON-TX] VISION dcx=8 dcy=-5: FF 05 03 08 00 FB FF 0A FE
[22:23:39.557] [ARM-RX] 0.00
[22:23:39.557] [ARM-RX] [JETSON_RX] vision dcx=8 dcy=-5
[22:23:39.557] [ARM-RX] [TARGET] vision state=ALIGN enabled=1 dcx=8 dcy=-5 stable=0
[22:23:39.618] [ARM-RX] [JETSON_RX] vision dcx=8 dcy=-5
[22:23:39.618] [ARM-RX] [TARGET] vision state=ALIGN enabled=1 dcx=8 dcy=-5 stable=0
[22:23:39.746] [JETSON-TX] VISION dcx=8 dcy=-5: FF 05 03 08 00 FB FF 0A FE
[22:23:39.802] [ARM-RX] [JETSON_RX] vision dcx=8 dcy=-5
[22:23:39.802] [ARM-RX] [TARGET] vision state=ALIGN enabled=1 dcx=8 dcy=-5 stable=0
[22:23:39.864] [ARM-RX] [joint 1] ave_error:0.40
[22:23:39.864] [ARM-RX] [joint 2] ave_error:0.45
[22:23:39.864] [ARM-RX] [joint 3] ave_error:0.03
[22:23:39.864] [ARM-RX] [joint 4] ave_error:0.22
[22:23:39.864] [ARM-RX] [joint 5] ave_error:0.05
[22:23:39.865] [ARM-RX] robot pid run finished!!
[22:23:39.926] [ARM-RX] ROBOT_AUTO_EVENT
[22:23:39.926] [ARM-RX] [0] <6.60 -60.00 -8.10> result: 93.51 106.90 -72.46 -3.51 89.36 0.00
[22:23:39.926] [ARM-RX] [1] <6.60 -60.00 -8.10> result: 9
[22:23:39.947] [JETSON-TX] VISION dcx=0 dcy=0: FF 05 03 00 00 00 00 08 FE
[22:23:39.952] [ARM-RX] 3.51 106.91 -72.46 -3.51 89.37 0.00
[22:23:39.952] [ARM-RX] [2] <6.61 -60.00 -8.11> result: 93.52 106.91 -72.46 -3.52 89.37 0.00
[22:23:39.953] [ARM-RX] [3] <6.64 -60.00 -8.14> result: 93.53 106.92 -72.46 -3.53 89.38 0.00
[22:23:39.953] [ARM-RX] [4] <6.68 -60.00 -8.18> result: 93.55 106.94 -72.46 -3.55 89.41 0.00
[22:23:39.953] [ARM-RX] [5] <6.74
[22:23:39.975] [ARM-RX] -60.00 -8.24> result: 93.58 106.98 -72.46 -3.58 89.44 0.00
[22:23:39.975] [ARM-RX] [6] <6.82 -60.00 -8.32> result: 93.62 107.02 -72.46 -3.62 89.48 0.00
[22:23:39.976] [ARM-RX] [7] <6.92 -60.00 -8.42> result: 93.68 107.07 -72.46 -3.68 89.53 0.00
[22:23:39.976] [ARM-RX] [8] <7.04 -60.00 -8.54> result: 93.74 107.14 -72.46 -3.
[22:23:39.998] [ARM-RX] 74 89.60 0.00
[22:23:39.998] [ARM-RX] [9] <7.18 -60.00 -8.68> result: 93.82 107.21 -72.46 -3.82 89.67 0.00
[22:23:39.998] [ARM-RX] [10] <7.33 -60.00 -8.83> result: 93.90 107.29 -72.46 -3.90 89.75 0.00
[22:23:39.998] [ARM-RX] [11] <7.40 -60.00 -8.90> result: 93.93 107.33 -72.46 -3.93 89.79 0.00
[22:23:39.998] [ARM-RX] [12] <7.40 -60.00 -8.90> resu
[22:23:40.021] [ARM-RX] lt: 93.93 107.33 -72.46 -3.93 89.79 0.00
[22:23:40.021] [ARM-RX] [13] <7.40 -60.00 -8.90> result: 93.93 107.33 -72.46 -3.93 89.79 0.00
[22:23:40.022] [ARM-RX] [14] <7.40 -60.00 -8.90> result: 93.93 107.33 -72.46 -3.93 89.79 0.00
[22:23:40.022] [ARM-RX] [15] <7.40 -60.00 -8.90> result: 93.93 107.33 -72.46 -3.93 89.79 0.00
[22:23:40.022] [ARM-RX] [
[22:23:40.045] [ARM-RX] 16] <7.40 -60.00 -8.90> result: 93.93 107.33 -72.46 -3.93 89.79 0.00
[22:23:40.045] [ARM-RX] [17] <7.40 -60.00 -8.90> result: 93.93 107.33 -72.46 -3.93 89.79 0.00
[22:23:40.045] [ARM-RX] [18] <7.40 -60.00 -8.90> result: 93.93 107.33 -72.46 -3.93 89.79 0.00
[22:23:40.045] [ARM-RX] [19] <7.40 -60.00 -8.90> result: 93.93 107.3
[22:23:40.067] [ARM-RX] 3 -72.46 -3.93 89.79 0.00
[22:23:40.069] [ARM-RX] [20] <7.40 -60.00 -8.90> result: 93.93 107.33 -72.46 -3.93 89.79 0.00
[22:23:40.069] [ARM-RX] [21] <7.40 -60.00 -8.90> result: 93.93 107.33 -72.46 -3.93 89.79 0.00
[22:23:40.069] [ARM-RX] [22] <7.40 -60.00 -8.90> result: 93.93 107.33 -72.46 -3.93 89.79 0.00
[22:23:40.069] [ARM-RX] [23] <7.40 -60.0
[22:23:40.130] [ARM-RX] 0 -8.90> result: 93.93 107.33 -72.46 -3.93 89.79 0.00
[22:23:40.130] [ARM-RX] [24] <7.40 -60.00 -8.90> result: 93.93 107.33 -72.46 -3.93 89.79 0.00
[22:23:40.130] [ARM-RX] [JETSON_RX] vision dcx=0 dcy=0
[22:23:40.130] [ARM-RX] [TARGET] vision state=ALIGN enabled=1 dcx=0 dcy=0 stable=0
[22:23:40.148] [JETSON-TX] VISION dcx=0 dcy=0: FF 05 03 00 00 00 00 08 FE
[22:23:40.191] [ARM-RX] [JETSON_RX] vision dcx=0 dcy=0
[22:23:40.193] [ARM-RX] [TARGET] vision state=ALIGN enabled=1 dcx=0 dcy=0 stable=1
[22:23:40.349] [JETSON-TX] VISION dcx=0 dcy=0: FF 05 03 00 00 00 00 08 FE
[22:23:40.377] [ARM-RX] [JETSON_RX] vision dcx=0 dcy=0
[22:23:40.377] [ARM-RX] [TARGET] vision state=ALIGN enabled=1 dcx=0 dcy=0 stable=2
[22:23:40.423] [JETSON-RX] CC 02 01 DD
[22:23:40.423] [JETSON-STATUS] ALIGN_DONE: CC 02 01 DD
[22:23:40.440] [ARM-RX] [joint 1] ave_error:0.40
[22:23:40.440] [ARM-RX] [joint 2] ave_error:0.46
[22:23:40.440] [ARM-RX] [joint 3] ave_error:0.03
[22:23:40.440] [ARM-RX] [joint 4] ave_error:0.19
[22:23:40.440] [ARM-RX] [joint 5] ave_error:0.06
[22:23:40.441] [ARM-RX] robot pid run finished!!
[22:23:40.550] [JETSON-TX] VISION dcx=0 dcy=0: FF 05 03 00 00 00 00 08 FE
[22:23:40.626] [ARM-RX] [JETSON_RX] vision dcx=0 dcy=0
[22:23:40.626] [ARM-RX] [TARGET] vision state=CONFIRM enabled=1 dcx=0 dcy=0 stable=0
[22:23:40.751] [JETSON-TX] VISION dcx=0 dcy=0: FF 05 03 00 00 00 00 08 FE
[22:23:40.811] [ARM-RX] [JETSON_RX] vision dcx=0 dcy=0
[22:23:40.811] [ARM-RX] [TARGET] vision state=CONFIRM enabled=1 dcx=0 dcy=0 stable=0
[22:23:40.952] [JETSON-TX] VISION dcx=0 dcy=0: FF 05 03 00 00 00 00 08 FE
[22:23:40.996] [ARM-RX] [JETSON_RX] vision dcx=0 dcy=0
[22:23:40.996] [ARM-RX] [TARGET] vision state=CONFIRM enabled=1 dcx=0 dcy=0 stable=0
[22:23:41.153] [JETSON-TX] VISION dcx=0 dcy=0: FF 05 03 00 00 00 00 08 FE
[22:23:41.184] [ARM-RX] [JETSON_RX] vision dcx=0 dcy=0
[22:23:41.184] [ARM-RX] [TARGET] vision state=CONFIRM enabled=1 dcx=0 dcy=0 stable=0
[22:23:41.353] [JETSON-TX] VISION dcx=0 dcy=0: FF 05 03 00 00 00 00 08 FE
[22:23:41.432] [ARM-RX] [JETSON_RX] vision dcx=0 dcy=0
[22:23:41.432] [ARM-RX] [TARGET] vision state=CONFIRM enabled=1 dcx=0 dcy=0 stable=0
[22:23:41.554] [JETSON-TX] VISION dcx=0 dcy=0: FF 05 03 00 00 00 00 08 FE
[22:23:41.620] [ARM-RX] [JETSON_RX] vision dcx=0 dcy=0
[22:23:41.620] [ARM-RX] [TARGET] vision state=CONFIRM enabled=1 dcx=0 dcy=0 stable=0
[22:23:41.681] [JETSON-RX] CC 03 01 DD
[22:23:41.681] [JETSON-STATUS] OUTPUT_ON: CC 03 01 DD
[22:23:41.755] [JETSON-TX] VISION dcx=0 dcy=0: FF 05 03 00 00 00 00 08 FE
[22:23:41.805] [ARM-RX] [JETSON_RX] vision dcx=0 dcy=0
[22:23:41.806] [ARM-RX] [TARGET] vision state=OUTPUT enabled=1 dcx=0 dcy=0 stable=0
[22:23:41.956] [JETSON-TX] VISION dcx=0 dcy=0: FF 05 03 00 00 00 00 08 FE
[22:23:41.989] [ARM-RX] [JETSON_RX] vision dcx=0 dcy=0
[22:23:41.989] [ARM-RX] [TARGET] vision state=OUTPUT enabled=1 dcx=0 dcy=0 stable=0
[22:23:42.157] [JETSON-TX] VISION dcx=0 dcy=0: FF 05 03 00 00 00 00 08 FE
[22:23:42.236] [ARM-RX] [JETSON_RX] vision dcx=0 dcy=0
[22:23:42.236] [ARM-RX] [TARGET] vision state=OUTPUT enabled=1 dcx=0 dcy=0 stable=0
[22:23:42.358] [JETSON-TX] VISION dcx=0 dcy=0: FF 05 03 00 00 00 00 08 FE
[22:23:42.424] [ARM-RX] [JETSON_RX] vision dcx=0 dcy=0
[22:23:42.426] [ARM-RX] [TARGET] vision state=OUTPUT enabled=1 dcx=0 dcy=0 stable=0
[22:23:42.559] [JETSON-TX] VISION dcx=0 dcy=0: FF 05 03 00 00 00 00 08 FE
[22:23:42.610] [ARM-RX] [JETSON_RX] vision dcx=0 dcy=0
[22:23:42.610] [ARM-RX] [TARGET] vision state=OUTPUT enabled=1 dcx=0 dcy=0 stable=0
[22:23:42.760] [JETSON-TX] VISION dcx=0 dcy=0: FF 05 03 00 00 00 00 08 FE
[22:23:42.797] [ARM-RX] [JETSON_RX] vision dcx=0 dcy=0
[22:23:42.797] [ARM-RX] [TARGET] vision state=OUTPUT enabled=1 dcx=0 dcy=0 stable=0
[22:23:42.961] [JETSON-TX] VISION dcx=0 dcy=0: FF 05 03 00 00 00 00 08 FE
[22:23:42.982] [ARM-RX] [JETSON_RX] vision dcx=0 dcy=0
[22:23:42.982] [ARM-RX] [TARGET] vision state=OUTPUT enabled=1 dcx=0 dcy=0 stable=0
[22:23:43.162] [JETSON-TX] VISION dcx=0 dcy=0: FF 05 03 00 00 00 00 08 FE
[22:23:43.229] [ARM-RX] [JETSON_RX] vision dcx=0 dcy=0
[22:23:43.229] [ARM-RX] [TARGET] vision state=OUTPUT enabled=1 dcx=0 dcy=0 stable=0
[22:23:43.363] [JETSON-TX] VISION dcx=0 dcy=0: FF 05 03 00 00 00 00 08 FE
[22:23:43.414] [ARM-RX] [JETSON_RX] vision dcx=0 dcy=0
[22:23:43.414] [ARM-RX] [TARGET] vision state=OUTPUT enabled=1 dcx=0 dcy=0 stable=0
[22:23:43.564] [JETSON-TX] VISION dcx=0 dcy=0: FF 05 03 00 00 00 00 08 FE
[22:23:43.602] [ARM-RX] [JETSON_RX] vision dcx=0 dcy=0
[22:23:43.602] [ARM-RX] [TARGET] vision state=OUTPUT enabled=1 dcx=0 dcy=0 stable=0
[22:23:43.765] [JETSON-TX] VISION dcx=0 dcy=0: FF 05 03 00 00 00 00 08 FE
[22:23:43.783] [ARM-RX] [JETSON_RX] vision dcx=0 dcy=0
[22:23:43.783] [ARM-RX] [TARGET] vision state=OUTPUT enabled=1 dcx=0 dcy=0 stable=0
[22:23:43.966] [JETSON-TX] VISION dcx=0 dcy=0: FF 05 03 00 00 00 00 08 FE
[22:23:44.034] [ARM-RX] [JETSON_RX] vision dcx=0 dcy=0
[22:23:44.034] [ARM-RX] [TARGET] vision state=OUTPUT enabled=1 dcx=0 dcy=0 stable=0
[22:23:44.167] [JETSON-TX] VISION dcx=0 dcy=0: FF 05 03 00 00 00 00 08 FE
[22:23:44.218] [ARM-RX] [JETSON_RX] vision dcx=0 dcy=0
[22:23:44.218] [ARM-RX] [TARGET] vision state=OUTPUT enabled=1 dcx=0 dcy=0 stable=0
[22:23:44.367] [JETSON-TX] VISION dcx=0 dcy=0: FF 05 03 00 00 00 00 08 FE
[22:23:44.568] [JETSON-TX] VISION dcx=0 dcy=0: FF 05 03 00 00 00 00 08 FE
[22:23:44.745] [JETSON-RX] CC 03 00 DD
[22:23:44.745] [JETSON-STATUS] OUTPUT_OFF: CC 03 00 DD
[22:23:44.770] [JETSON-TX] VISION dcx=0 dcy=0: FF 05 03 00 00 00 00 08 FE
[22:23:44.839] [ARM-RX] [JETSON_RX] vision dcx=0 dcy=0
[22:23:44.840] [ARM-RX] [TARGET] vision state=DONE enabled=1 dcx=0 dcy=0 stable=0
[22:23:44.970] [JETSON-TX] VISION dcx=0 dcy=0: FF 05 03 00 00 00 00 08 FE
[22:23:45.024] [ARM-RX] [JETSON_RX] vision dcx=0 dcy=0
[22:23:45.025] [ARM-RX] [TARGET] vision state=DONE enabled=1 dcx=0 dcy=0 stable=0
[22:23:45.171] [JETSON-TX] VISION dcx=0 dcy=0: FF 05 03 00 00 00 00 08 FE
[22:23:45.210] [ARM-RX] [JETSON_RX] vision dcx=0 dcy=0
[22:23:45.210] [ARM-RX] [TARGET] vision state=DONE enabled=1 dcx=0 dcy=0 stable=0
[22:23:45.372] [JETSON-TX] VISION dcx=0 dcy=0: FF 05 03 00 00 00 00 08 FE
[22:23:45.396] [ARM-RX] [JETSON_RX] vision dcx=0 dcy=0
[22:23:45.396] [ARM-RX] [TARGET] vision state=DONE enabled=1 dcx=0 dcy=0 stable=0
[22:23:45.573] [JETSON-TX] VISION dcx=0 dcy=0: FF 05 03 00 00 00 00 08 FE
[22:23:45.643] [ARM-RX] [JETSON_RX] vision dcx=0 dcy=0
[22:23:45.643] [ARM-RX] [TARGET] vision state=DONE enabled=1 dcx=0 dcy=0 stable=0
[22:23:45.773] [JETSON-TX] VISION dcx=0 dcy=0: FF 05 03 00 00 00 00 08 FE
[22:23:45.829] [ARM-RX] [JETSON_RX] vision dcx=0 dcy=0
[22:23:45.830] [ARM-RX] [TARGET] vision state=DONE enabled=1 dcx=0 dcy=0 stable=0
[22:29:32.733] [JETSON-INFO] 已停止周期视觉发送
