[11:45:33.822] [APP-INFO] 已刷新串口: COM7, COM16, COM22, COM21, COM14
[11:45:33.823] [APP-INFO] log file: E:\Renesas\RA6M5-Robot\Robot_FreeRTOS - Arm\UpperComputer\dist\logs\ra6m5_upper_console_20260705_114533.log
[11:45:37.056] [ARM-INFO] opened COM7 @ 115200
[11:45:38.765] [JETSON-INFO] opened COM14 @ 115200
[11:45:40.774] [ARM-TX] 发送命令 soft_reset: soft_reset
[11:45:40.854] [ARM-RX] Found handler for 'soft_reset', executing...
[11:45:40.855] [ARM-RX] ROBOT_SOFT_RESET_EVENT
[11:45:40.855] [ARM-RX] --- Starting soft reset ---
[11:45:41.103] [ARM-RX] Soft reset motors enabled (J1~J5, J6 skipped).
[11:45:41.103] [ARM-RX] Soft resetting joint 4...
[11:45:41.103] [ARM-RX] robot_update_current_angle 4...
[11:45:41.105] [ARM-RX] [4] current:90.00, target:90.00, dir:-1
[11:45:41.228] [ARM-RX] Soft resetting joint 3...
[11:45:41.228] [ARM-RX] robot_update_current_angle 3...
[11:45:41.228] [ARM-RX] [3] current:0.00, target:0.00, dir:-1
[11:45:41.353] [ARM-RX] Soft resetting joint 1...
[11:45:41.415] [ARM-RX] robot_update_current_angle 1...
[11:45:41.415] [ARM-RX] [1] current:90.00, target:90.00, dir:-1
[11:45:41.540] [ARM-RX] Soft resetting joint 2...
[11:45:41.540] [ARM-RX] robot_update_current_angle 2...
[11:45:41.540] [ARM-RX] [2] current:-90.00, target:-90.00, dir:1
[11:45:41.666] [ARM-RX] Soft resetting joint 0...
[11:45:41.729] [ARM-RX] robot_update_current_angle 0...
[11:45:41.729] [ARM-RX] [0] current:90.00, target:90.00, dir:-1
[11:45:41.916] [ARM-RX] soft reset final verify PASS (issues:0), pose set HOME.
[11:46:04.615] [ARM-TX] 发送命令 auto 0 -132 0: auto 0 -132 0
[11:46:04.639] [ARM-RX] Found handler for 'auto', executing...
[11:46:04.640] [ARM-RX] ROBOT_AUTO_EVENT
[11:46:04.640] [ARM-RX] [0] <0.00 0.00 0.00> result: 90.00 90.00 -90.00 0.00 90.00 0.00
[11:46:04.664] [ARM-RX] [1] <0.00 -0.00 0.00> result: 90.00 90.00 -90.00 0.00 90.00 0.00
[11:46:04.664] [ARM-RX] [2] <0.00 -0.00 0.00> result: 90.00 90.00 -90.00 0.00 90.00 0.00
[11:46:04.665] [ARM-RX] [3] <0.00 -0.01 0.00> result: 90.00 90.00 -90.00 0.00 90.00 0.00
[11:46:04.665] [ARM-RX] [4] <0.00 -0.01 0.00> result: 90.00 90.00 -90.00 0.00 90.
[11:46:04.687] [ARM-RX] 00 0.00
[11:46:04.687] [ARM-RX] [5] <0.00 -0.02 0.00> result: 90.00 90.01 -89.99 0.00 90.00 0.00
[11:46:04.688] [ARM-RX] [6] <0.00 -0.03 0.00> result: 90.00 90.01 -89.99 0.00 90.00 0.00
[11:46:04.688] [ARM-RX] [7] <0.00 -0.05 0.00> result: 90.00 90.01 -89.99 0.00 90.00 0.00
[11:46:04.688] [ARM-RX] [8] <0.00 -0.07 0.00> result: 90.00 90.02 -89.98
[11:46:04.710] [ARM-RX] 0.00 90.00 0.00
[11:46:04.710] [ARM-RX] [9] <0.00 -0.10 0.00> result: 90.00 90.03 -89.97 0.00 90.00 0.00
[11:46:04.710] [ARM-RX] [10] <0.00 -0.14 0.00> result: 90.00 90.04 -89.96 0.00 90.00 0.00
[11:46:04.710] [ARM-RX] [11] <0.00 -0.18 0.00> result: 90.00 90.05 -89.95 0.00 90.00 0.00
[11:46:04.710] [ARM-RX] [12] <0.00 -0.23 0.00> result: 90.00 90
[11:46:04.733] [ARM-RX] .07 -89.93 0.00 90.00 0.00
[11:46:04.733] [ARM-RX] [13] <0.00 -0.29 0.00> result: 90.00 90.08 -89.92 0.00 90.00 0.00
[11:46:04.733] [ARM-RX] [14] <0.00 -0.36 0.00> result: 90.00 90.10 -89.90 0.00 90.00 0.00
[11:46:04.734] [ARM-RX] [15] <0.00 -0.44 0.00> result: 90.00 90.13 -89.87 0.00 90.00 0.00
[11:46:04.734] [ARM-RX] [16] <0.00 -0.54 0.00> resu
[11:46:04.756] [ARM-RX] lt: 90.00 90.15 -89.85 0.00 90.00 0.00
[11:46:04.757] [ARM-RX] [17] <0.00 -0.64 0.00> result: 90.00 90.18 -89.82 0.00 90.00 0.00
[11:46:04.757] [ARM-RX] [18] <0.00 -0.75 0.00> result: 90.00 90.21 -89.78 0.00 90.00 0.00
[11:46:04.757] [ARM-RX] [19] <0.00 -0.88 0.00> result: 90.00 90.25 -89.75 0.00 90.00 0.00
[11:46:04.757] [ARM-RX] [20] <0.00 -1.0
[11:46:04.778] [ARM-RX] 2 0.00> result: 90.00 90.29 -89.71 0.00 90.00 0.00
[11:46:04.779] [ARM-RX] [21] <0.00 -1.18 0.00> result: 90.00 90.33 -89.66 0.00 90.00 0.00
[11:46:04.779] [ARM-RX] [22] <0.00 -1.35 0.00> result: 90.00 90.38 -89.61 0.00 89.99 0.00
[11:46:04.779] [ARM-RX] [23] <0.00 -1.54 0.00> result: 90.00 90.43 -89.56 0.00 89.99 0.00
[11:46:04.779] [ARM-RX] [24
[11:46:04.804] [ARM-RX] ] <0.00 -1.74 0.00> result: 90.00 90.49 -89.50 0.00 89.99 0.00
[11:46:04.804] [ARM-RX] [25] <0.00 -1.96 0.00> result: 90.00 90.55 -89.44 0.00 89.99 0.00
[11:46:04.805] [ARM-RX] [26] <0.00 -2.19 0.00> result: 90.00 90.62 -89.37 0.00 89.99 0.00
[11:46:04.805] [ARM-RX] [27] <0.00 -2.45 0.00> result: 90.00 90.69 -89.30 0.00 89.
[11:46:04.836] [ARM-RX] 98 0.00
[11:46:04.836] [ARM-RX] [28] <0.00 -2.72 0.00> result: 90.00 90.76 -89.22 0.00 89.98 0.00
[11:46:04.836] [ARM-RX] [29] <0.00 -3.01 0.00> result: 90.00 90.84 -89.14 0.00 89.97 0.00
[11:46:04.836] [ARM-RX] [30] <0.00 -3.32 0.00> result: 90.00 90.92 -89.05 0.00 89.97 0.00
[11:46:04.837] [ARM-RX] [31] <0.00 -3.65 0.00> result: 90.00 91.01 -88
[11:46:04.858] [ARM-RX] .95 0.00 89.96 0.00
[11:46:04.858] [ARM-RX] [32] <0.00 -4.00 0.00> result: 90.00 91.11 -88.85 0.00 89.96 0.00
[11:46:04.859] [ARM-RX] [33] <0.00 -4.38 0.00> result: 90.00 91.20 -88.74 0.00 89.95 0.00
[11:46:04.859] [ARM-RX] [34] <0.00 -4.77 0.00> result: 90.00 91.31 -88.63 0.00 89.94 0.00
[11:46:04.859] [ARM-RX] [35] <0.00 -5.19 0.00> result: 90.
[11:46:04.881] [ARM-RX] 00 91.42 -88.51 0.00 89.93 0.00
[11:46:04.881] [ARM-RX] [36] <0.00 -5.63 0.00> result: 90.00 91.53 -88.38 0.00 89.91 0.00
[11:46:04.881] [ARM-RX] [37] <0.00 -6.09 0.00> result: 90.00 91.65 -88.25 0.00 89.90 0.00
[11:46:04.882] [ARM-RX] [38] <0.00 -6.57 0.00> result: 90.00 91.78 -88.11 0.00 89.88 0.00
[11:46:04.882] [ARM-RX] [39] <0.00 -7.08 0.00>
[11:46:04.904] [ARM-RX] result: 90.00 91.91 -87.96 0.00 89.87 0.00
[11:46:04.904] [ARM-RX] [40] <0.00 -7.62 0.00> result: 90.00 92.04 -87.81 0.00 89.85 0.00
[11:46:04.904] [ARM-RX] [41] <0.00 -8.18 0.00> result: 90.00 92.18 -87.64 0.00 89.83 0.00
[11:46:04.906] [ARM-RX] [42] <0.00 -8.76 0.00> result: 90.00 92.33 -87.47 0.00 89.80 0.00
[11:46:04.906] [ARM-RX] [43] <0.00
[11:46:04.927] [ARM-RX] -9.37 0.00> result: 90.00 92.48 -87.30 0.00 89.78 0.00
[11:46:04.927] [ARM-RX] [44] <0.00 -10.01 0.00> result: 90.00 92.64 -87.11 0.00 89.75 0.00
[11:46:04.928] [ARM-RX] [45] <0.00 -10.67 0.00> result: 90.00 92.80 -86.92 0.00 89.72 0.00
[11:46:04.928] [ARM-RX] [46] <0.00 -11.36 0.00> result: 90.00 92.96 -86.72 0.00 89.68 0
[11:46:04.950] [ARM-RX] .00
[11:46:04.951] [ARM-RX] [47] <0.00 -12.07 0.00> result: 90.00 93.13 -86.51 0.00 89.64 0.00
[11:46:04.951] [ARM-RX] [48] <0.00 -12.82 0.00> result: 90.00 93.31 -86.30 0.00 89.60 0.00
[11:46:04.951] [ARM-RX] [49] <0.00 -13.59 0.00> result: 90.00 93.49 -86.07 0.00 89.56 0.00
[11:46:04.951] [ARM-RX] [50] <0.00 -14.39 0.00> result: 90.00 93.68 -85
[11:46:04.973] [ARM-RX] .84 0.00 89.51 0.00
[11:46:04.974] [ARM-RX] [51] <0.00 -15.21 0.00> result: 90.00 93.87 -85.60 0.00 89.46 0.00
[11:46:04.974] [ARM-RX] [52] <0.00 -16.07 0.00> result: 90.00 94.06 -85.35 0.00 89.41 0.00
[11:46:04.974] [ARM-RX] [53] <0.00 -16.95 0.00> result: 90.00 94.26 -85.09 0.00 89.35 0.00
[11:46:04.974] [ARM-RX] [54] <0.00 -17.86 0.00> result:
[11:46:04.995] [ARM-RX] 90.00 94.47 -84.82 0.00 89.29 0.00
[11:46:04.996] [ARM-RX] [55] <0.00 -18.81 0.00> result: 90.00 94.67 -84.55 0.00 89.22 0.00
[11:46:04.996] [ARM-RX] [56] <0.00 -19.78 0.00> result: 90.00 94.89 -84.26 0.00 89.15 0.00
[11:46:04.996] [ARM-RX] [57] <0.00 -20.78 0.00> result: 90.00 95.11 -83.97 0.00 89.07 0.00
[11:46:04.996] [ARM-RX] [58] <0.00 -21.
[11:46:05.030] [ARM-RX] 80 0.00> result: 90.00 95.33 -83.67 0.00 88.99 0.00
[11:46:05.030] [ARM-RX] [59] <0.00 -22.86 0.00> result: 90.00 95.56 -83.35 0.00 88.91 0.00
[11:46:05.031] [ARM-RX] [60] <0.00 -23.95 0.00> result: 90.00 95.79 -83.03 0.00 88.82 0.00
[11:46:05.031] [ARM-RX] [61] <0.00 -25.07 0.00> result: 90.00 96.02 -82.70 0.00 88.73 0.00
[11:46:05.054] [ARM-RX] [62] <0.00 -26.22 0.00> result: 90.00 96.26 -82.37 0.00 88.63 0.00
[11:46:05.054] [ARM-RX] [63] <0.00 -27.40 0.00> result: 90.00 96.51 -82.02 0.00 88.52 0.00
[11:46:05.054] [ARM-RX] [64] <0.00 -28.61 0.00> result: 90.00 96.75 -81.66 0.00 88.42 0.00
[11:46:05.054] [ARM-RX] [65] <0.00 -29.84 0.00> result: 90.00 97.01 -81.30
[11:46:05.075] [ARM-RX] 0.00 88.30 0.00
[11:46:05.075] [ARM-RX] [66] <0.00 -31.11 0.00> result: 90.00 97.26 -80.92 0.00 88.18 0.00
[11:46:05.075] [ARM-RX] [67] <0.00 -32.41 0.00> result: 90.00 97.52 -80.53 0.00 88.06 0.00
[11:46:05.076] [ARM-RX] [68] <0.00 -33.74 0.00> result: 90.00 97.79 -80.14 0.00 87.93 0.00
[11:46:05.076] [ARM-RX] [69] <0.00 -35.10 0.00> result: 90.
[11:46:05.098] [ARM-RX] 00 98.05 -79.74 0.00 87.79 0.00
[11:46:05.098] [ARM-RX] [70] <0.00 -36.48 0.00> result: 90.00 98.33 -79.32 0.00 87.65 0.00
[11:46:05.098] [ARM-RX] [71] <0.00 -37.90 0.00> result: 90.00 98.60 -78.90 0.00 87.50 0.00
[11:46:05.098] [ARM-RX] [72] <0.00 -39.35 0.00> result: 90.00 98.88 -78.47 0.00 87.35 0.00
[11:46:05.099] [ARM-RX] [73] <0.00 -40.83 0
[11:46:05.121] [ARM-RX] .00> result: 90.00 99.16 -78.03 0.00 87.19 0.00
[11:46:05.122] [ARM-RX] [74] <0.00 -42.33 0.00> result: 90.00 99.45 -77.58 0.00 87.03 0.00
[11:46:05.122] [ARM-RX] [75] <0.00 -43.87 0.00> result: 90.00 99.74 -77.12 0.00 86.86 0.00
[11:46:05.122] [ARM-RX] [76] <0.00 -45.43 0.00> result: 90.00 100.04 -76.65 0.00 86.69 0.00
[11:46:05.122] [ARM-RX] [7
[11:46:05.144] [ARM-RX] 7] <0.00 -47.03 0.00> result: 90.00 100.33 -76.17 0.00 86.51 0.00
[11:46:05.144] [ARM-RX] [78] <0.00 -48.65 0.00> result: 90.00 100.64 -75.69 0.00 86.32 0.00
[11:46:05.145] [ARM-RX] [79] <0.00 -50.30 0.00> result: 90.00 100.94 -75.19 0.00 86.13 0.00
[11:46:05.145] [ARM-RX] [80] <0.00 -51.98 0.00> result: 90.00 101.25 -74.68
[11:46:05.167] [ARM-RX] 0.00 85.93 0.00
[11:46:05.167] [ARM-RX] [81] <0.00 -53.69 0.00> result: 90.00 101.56 -74.17 0.00 85.73 0.00
[11:46:05.167] [ARM-RX] [82] <0.00 -55.42 0.00> result: 90.00 101.88 -73.65 0.00 85.52 0.00
[11:46:05.167] [ARM-RX] [83] <0.00 -57.18 0.00> result: 90.00 102.20 -73.11 0.00 85.31 0.00
[11:46:05.168] [ARM-RX] [84] <0.00 -58.97 0.00> result:
[11:46:05.201] [ARM-RX] 90.00 102.52 -72.57 0.00 85.09 0.00
[11:46:05.201] [ARM-RX] [85] <0.00 -60.79 0.00> result: 90.00 102.84 -72.02 0.00 84.86 0.00
[11:46:05.201] [ARM-RX] [86] <0.00 -62.63 0.00> result: 90.00 103.17 -71.46 0.00 84.63 0.00
[11:46:05.201] [ARM-RX] [87] <0.00 -64.50 0.00> result: 90.00 103.51 -70.89 0.00 84.40 0.00
[11:46:05.202] [ARM-RX] [88] <0.00
[11:46:05.224] [ARM-RX] -66.39 0.00> result: 90.00 103.84 -70.31 0.00 84.16 0.00
[11:46:05.224] [ARM-RX] [89] <0.00 -68.32 0.00> result: 90.00 104.18 -69.73 0.00 83.91 0.00
[11:46:05.224] [ARM-RX] [90] <0.00 -70.26 0.00> result: 90.00 104.53 -69.13 0.00 83.66 0.00
[11:46:05.224] [ARM-RX] [91] <0.00 -72.23 0.00> result: 90.00 104.87 -68.53 0.00 83.
[11:46:05.247] [ARM-RX] 40 0.00
[11:46:05.247] [ARM-RX] [92] <0.00 -74.22 0.00> result: 90.00 105.22 -67.91 0.00 83.13 0.00
[11:46:05.247] [ARM-RX] [93] <0.00 -76.24 0.00> result: 90.00 105.57 -67.29 0.00 82.87 0.00
[11:46:05.248] [ARM-RX] [94] <0.00 -78.28 0.00> result: 90.00 105.93 -66.66 0.00 82.59 0.00
[11:46:05.248] [ARM-RX] [95] <0.00 -80.35 0.00> result: 90.00 10
[11:46:05.270] [ARM-RX] 6.29 -66.02 0.00 82.31 0.00
[11:46:05.271] [ARM-RX] [96] <0.00 -82.43 0.00> result: 90.00 106.65 -65.38 0.00 82.03 0.00
[11:46:05.271] [ARM-RX] [97] <0.00 -84.54 0.00> result: 90.00 107.02 -64.72 0.00 81.74 0.00
[11:46:05.271] [ARM-RX] [98] <0.00 -86.67 0.00> result: 90.00 107.39 -64.06 0.00 81.45 0.00
[11:46:05.271] [ARM-RX] [99] <0.00 -88.82 0.
[11:46:05.292] [ARM-RX] 00> result: 90.00 107.76 -63.39 0.00 81.15 0.00
[11:46:05.292] [ARM-RX] [100] <0.00 -91.00 0.00> result: 90.00 108.13 -62.71 0.00 80.84 0.00
[11:46:05.292] [ARM-RX] [101] <0.00 -93.19 0.00> result: 90.00 108.51 -62.02 0.00 80.53 0.00
[11:46:05.292] [ARM-RX] [102] <0.00 -95.40 0.00> result: 90.00 108.89 -61.33 0.00 80.22 0.0
[11:46:05.315] [ARM-RX] 0
[11:46:05.316] [ARM-RX] [103] <0.00 -97.63 0.00> result: 90.00 109.27 -60.63 0.00 79.90 0.00
[11:46:05.316] [ARM-RX] [104] <0.00 -99.87 0.00> result: 90.00 109.66 -59.92 0.00 79.58 0.00
[11:46:05.316] [ARM-RX] [105] <0.00 -102.14 0.00> result: 90.00 110.05 -59.20 0.00 79.25 0.00
[11:46:05.316] [ARM-RX] [106] <0.00 -104.42 0.00> result: 90.00 11
[11:46:05.338] [ARM-RX] 0.44 -58.48 0.00 78.92 0.00
[11:46:05.338] [ARM-RX] [107] <0.00 -106.72 0.00> result: 90.00 110.84 -57.75 0.00 78.58 0.00
[11:46:05.338] [ARM-RX] [108] <0.00 -109.03 0.00> result: 90.00 111.23 -57.01 0.00 78.24 0.00
[11:46:05.338] [ARM-RX] [109] <0.00 -111.36 0.00> result: 90.00 111.63 -56.26 0.00 77.90 0.00
[11:46:05.339] [ARM-RX] [110] <0.00 -1
[11:46:05.361] [ARM-RX] 13.71 0.00> result: 90.00 112.04 -55.51 0.00 77.55 0.00
[11:46:05.362] [ARM-RX] [111] <0.00 -116.07 0.00> result: 90.00 112.44 -54.75 0.00 77.19 0.00
[11:46:05.362] [ARM-RX] [112] <0.00 -118.44 0.00> result: 90.00 112.85 -53.98 0.00 76.83 0.00
[11:46:05.362] [ARM-RX] [113] <0.00 -120.82 0.00> result: 90.00 113.26 -53.21 0.0
[11:46:05.395] [ARM-RX] 0 76.47 0.00
[11:46:05.396] [ARM-RX] [114] <0.00 -123.22 0.00> result: 90.00 113.68 -52.43 0.00 76.11 0.00
[11:46:05.396] [ARM-RX] [115] <0.00 -125.63 0.00> result: 90.00 114.09 -51.65 0.00 75.74 0.00
[11:46:05.396] [ARM-RX] [116] <0.00 -128.04 0.00> result: 90.00 114.51 -50.85 0.00 75.36 0.00
[11:46:05.396] [ARM-RX] [117] <0.00 -130.47 0.00> res
[11:46:05.419] [ARM-RX] ult: 90.00 114.93 -50.06 0.00 74.99 0.00
[11:46:05.419] [ARM-RX] [118] <0.00 -132.00 0.00> result: 90.00 115.20 -49.55 0.00 74.75 0.00
[11:46:05.419] [ARM-RX] [119] <0.00 -132.00 0.00> result: 90.00 115.20 -49.55 0.00 74.75 0.00
[11:46:05.419] [ARM-RX] [120] <0.00 -132.00 0.00> result: 90.00 115.20 -49.55 0.00 74.75 0.00
[11:46:05.419] [ARM-RX] [
[11:46:05.441] [ARM-RX] 121] <0.00 -132.00 0.00> result: 90.00 115.20 -49.55 0.00 74.75 0.00
[11:46:05.441] [ARM-RX] [122] <0.00 -132.00 0.00> result: 90.00 115.20 -49.55 0.00 74.75 0.00
[11:46:05.442] [ARM-RX] [123] <0.00 -132.00 0.00> result: 90.00 115.20 -49.55 0.00 74.75 0.00
[11:46:05.442] [ARM-RX] [124] <0.00 -132.00 0.00> result: 90.00 115.
[11:46:05.464] [ARM-RX] 20 -49.55 0.00 74.75 0.00
[11:46:05.465] [ARM-RX] [125] <0.00 -132.00 0.00> result: 90.00 115.20 -49.55 0.00 74.75 0.00
[11:46:05.465] [ARM-RX] [126] <0.00 -132.00 0.00> result: 90.00 115.20 -49.55 0.00 74.75 0.00
[11:46:05.465] [ARM-RX] [127] <0.00 -132.00 0.00> result: 90.00 115.20 -49.55 0.00 74.75 0.00
[11:46:05.465] [ARM-RX] [128] <0.00 -132
[11:46:05.487] [ARM-RX] .00 0.00> result: 90.00 115.20 -49.55 0.00 74.75 0.00
[11:46:05.487] [ARM-RX] [129] <0.00 -132.00 0.00> result: 90.00 115.20 -49.55 0.00 74.75 0.00
[11:46:05.487] [ARM-RX] [130] <0.00 -132.00 0.00> result: 90.00 115.20 -49.55 0.00 74.75 0.00
[11:46:05.487] [ARM-RX] [131] <0.00 -132.00 0.00> result: 90.00 115.20 -49.55 0.00
[11:46:05.509] [ARM-RX] 74.75 0.00
[11:46:05.509] [ARM-RX] [132] <0.00 -132.00 0.00> result: 90.00 115.20 -49.55 0.00 74.75 0.00
[11:46:05.509] [ARM-RX] [133] <0.00 -132.00 0.00> result: 90.00 115.20 -49.55 0.00 74.75 0.00
[11:46:05.510] [ARM-RX] [134] <0.00 -132.00 0.00> result: 90.00 115.20 -49.55 0.00 74.75 0.00
[11:46:05.510] [ARM-RX] [135] <0.00 -132.00 0.00> resul
[11:46:05.532] [ARM-RX] t: 90.00 115.20 -49.55 0.00 74.75 0.00
[11:46:05.532] [ARM-RX] [136] <0.00 -132.00 0.00> result: 90.00 115.20 -49.55 0.00 74.75 0.00
[11:46:05.532] [ARM-RX] [137] <0.00 -132.00 0.00> result: 90.00 115.20 -49.55 0.00 74.75 0.00
[11:46:05.533] [ARM-RX] [138] <0.00 -132.00 0.00> result: 90.00 115.20 -49.55 0.00 74.75 0.00
[11:46:05.533] [ARM-RX] [13
[11:46:05.566] [ARM-RX] 9] <0.00 -132.00 0.00> result: 90.00 115.20 -49.55 0.00 74.75 0.00
[11:46:05.567] [ARM-RX] [140] <0.00 -132.00 0.00> result: 90.00 115.20 -49.55 0.00 74.75 0.00
[11:46:05.567] [ARM-RX] [141] <0.00 -132.00 0.00> result: 90.00 115.20 -49.55 0.00 74.75 0.00
[11:46:05.567] [ARM-RX] [142] <0.00 -132.00 0.00> result: 90.00 115.20
[11:46:05.589] [ARM-RX] -49.55 0.00 74.75 0.00
[11:46:05.589] [ARM-RX] [143] <0.00 -132.00 0.00> result: 90.00 115.20 -49.55 0.00 74.75 0.00
[11:46:05.589] [ARM-RX] [144] <0.00 -132.00 0.00> result: 90.00 115.20 -49.55 0.00 74.75 0.00
[11:46:05.589] [ARM-RX] [145] <0.00 -132.00 0.00> result: 90.00 115.20 -49.55 0.00 74.75 0.00
[11:46:05.589] [ARM-RX] [146] <0.00 -132.0
[11:46:05.612] [ARM-RX] 0 0.00> result: 90.00 115.20 -49.55 0.00 74.75 0.00
[11:46:05.612] [ARM-RX] [147] <0.00 -132.00 0.00> result: 90.00 115.20 -49.55 0.00 74.75 0.00
[11:46:05.613] [ARM-RX] [148] <0.00 -132.00 0.00> result: 90.00 115.20 -49.55 0.00 74.75 0.00
[11:46:05.613] [ARM-RX] [149] <0.00 -132.00 0.00> result: 90.00 115.20 -49.55 0.00 74
[11:46:05.635] [ARM-RX] .75 0.00
[11:46:05.635] [ARM-RX] [150] <0.00 -132.00 0.00> result: 90.00 115.20 -49.55 0.00 74.75 0.00
[11:46:05.635] [ARM-RX] [151] <0.00 -132.00 0.00> result: 90.00 115.20 -49.55 0.00 74.75 0.00
[11:46:05.636] [ARM-RX] [152] <0.00 -132.00 0.00> result: 90.00 115.20 -49.55 0.00 74.75 0.00
[11:46:05.636] [ARM-RX] [153] <0.00 -132.00 0.00> result:
[11:46:05.658] [ARM-RX] 90.00 115.20 -49.55 0.00 74.75 0.00
[11:46:05.658] [ARM-RX] [154] <0.00 -132.00 0.00> result: 90.00 115.20 -49.55 0.00 74.75 0.00
[11:46:05.659] [ARM-RX] [155] <0.00 -132.00 0.00> result: 90.00 115.20 -49.55 0.00 74.75 0.00
[11:46:05.659] [ARM-RX] [156] <0.00 -132.00 0.00> result: 90.00 115.20 -49.55 0.00 74.75 0.00
[11:46:05.659] [ARM-RX] [157]
[11:46:05.681] [ARM-RX] <0.00 -132.00 0.00> result: 90.00 115.20 -49.55 0.00 74.75 0.00
[11:46:05.681] [ARM-RX] [158] <0.00 -132.00 0.00> result: 90.00 115.20 -49.55 0.00 74.75 0.00
[11:46:05.681] [ARM-RX] [159] <0.00 -132.00 0.00> result: 90.00 115.20 -49.55 0.00 74.75 0.00
[11:46:05.681] [ARM-RX] [160] <0.00 -132.00 0.00> result: 90.00 115.20 -
[11:46:05.702] [ARM-RX] 49.55 0.00 74.75 0.00
[11:46:05.702] [ARM-RX] [161] <0.00 -132.00 0.00> result: 90.00 115.20 -49.55 0.00 74.75 0.00
[11:46:05.704] [ARM-RX] [162] <0.00 -132.00 0.00> result: 90.00 115.20 -49.55 0.00 74.75 0.00
[11:46:05.704] [ARM-RX] [163] <0.00 -132.00 0.00> result: 90.00 115.20 -49.55 0.00 74.75 0.00
[11:46:05.704] [ARM-RX] [164] <0.00 -132.00
[11:46:05.726] [ARM-RX] 0.00> result: 90.00 115.20 -49.55 0.00 74.75 0.00
[11:46:05.726] [ARM-RX] [165] <0.00 -132.00 0.00> result: 90.00 115.20 -49.55 0.00 74.75 0.00
[11:46:05.726] [ARM-RX] [166] <0.00 -132.00 0.00> result: 90.00 115.20 -49.55 0.00 74.75 0.00
[11:46:05.727] [ARM-RX] [167] <0.00 -132.00 0.00> result: 90.00 115.20 -49.55 0.00 74.7
[11:46:05.761] [ARM-RX] 5 0.00
[11:46:05.761] [ARM-RX] [168] <0.00 -132.00 0.00> result: 90.00 115.20 -49.55 0.00 74.75 0.00
[11:46:05.762] [ARM-RX] [169] <0.00 -132.00 0.00> result: 90.00 115.20 -49.55 0.00 74.75 0.00
[11:46:05.762] [ARM-RX] [170] <0.00 -132.00 0.00> result: 90.00 115.20 -49.55 0.00 74.75 0.00
[11:46:05.762] [ARM-RX] [171] <0.00 -132.00 0.00> result: 9
[11:46:05.783] [ARM-RX] 0.00 115.20 -49.55 0.00 74.75 0.00
[11:46:05.783] [ARM-RX] [172] <0.00 -132.00 0.00> result: 90.00 115.20 -49.55 0.00 74.75 0.00
[11:46:05.784] [ARM-RX] [173] <0.00 -132.00 0.00> result: 90.00 115.20 -49.55 0.00 74.75 0.00
[11:46:05.784] [ARM-RX] [174] <0.00 -132.00 0.00> result: 90.00 115.20 -49.55 0.00 74.75 0.00
[11:46:05.784] [ARM-RX] [175] <
[11:46:05.806] [ARM-RX] 0.00 -132.00 0.00> result: 90.00 115.20 -49.55 0.00 74.75 0.00
[11:46:05.806] [ARM-RX] [176] <0.00 -132.00 0.00> result: 90.00 115.20 -49.55 0.00 74.75 0.00
[11:46:05.806] [ARM-RX] [177] <0.00 -132.00 0.00> result: 90.00 115.20 -49.55 0.00 74.75 0.00
[11:46:05.806] [ARM-RX] [178] <0.00 -132.00 0.00> result: 90.00 115.20 -49
[11:46:05.829] [ARM-RX] .55 0.00 74.75 0.00
[11:46:05.829] [ARM-RX] [179] <0.00 -132.00 0.00> result: 90.00 115.20 -49.55 0.00 74.75 0.00
[11:46:05.829] [ARM-RX] [180] <0.00 -132.00 0.00> result: 90.00 115.20 -49.55 0.00 74.75 0.00
[11:46:05.829] [ARM-RX] [181] <0.00 -132.00 0.00> result: 90.00 115.20 -49.55 0.00 74.75 0.00
[11:46:05.829] [ARM-RX] [182] <0.00 -132.00 0.
[11:46:05.853] [ARM-RX] 00> result: 90.00 115.20 -49.55 0.00 74.75 0.00
[11:46:05.853] [ARM-RX] [183] <0.00 -132.00 0.00> result: 90.00 115.20 -49.55 0.00 74.75 0.00
[11:46:05.853] [ARM-RX] [184] <0.00 -132.00 0.00> result: 90.00 115.20 -49.55 0.00 74.75 0.00
[11:46:05.853] [ARM-RX] [185] <0.00 -132.00 0.00> result: 90.00 115.20 -49.55 0.00 74.75
[11:46:05.875] [ARM-RX] 0.00
[11:46:05.875] [ARM-RX] [186] <0.00 -132.00 0.00> result: 90.00 115.20 -49.55 0.00 74.75 0.00
[11:46:05.876] [ARM-RX] [187] <0.00 -132.00 0.00> result: 90.00 115.20 -49.55 0.00 74.75 0.00
[11:46:05.876] [ARM-RX] [188] <0.00 -132.00 0.00> result: 90.00 115.20 -49.55 0.00 74.75 0.00
[11:46:05.876] [ARM-RX] [189] <0.00 -132.00 0.00> result: 90.
[11:46:05.900] [ARM-RX] 00 115.20 -49.55 0.00 74.75 0.00
[11:46:05.900] [ARM-RX] [190] <0.00 -132.00 0.00> result: 90.00 115.20 -49.55 0.00 74.75 0.00
[11:46:05.900] [ARM-RX] [191] <0.00 -132.00 0.00> result: 90.00 115.20 -49.55 0.00 74.75 0.00
[11:46:05.900] [ARM-RX] [192] <0.00 -132.00 0.00> result: 90.00 115.20 -49.55 0.00 74.75 0.00
[11:46:05.902] [ARM-RX] [193] <0.
[11:46:05.932] [ARM-RX] 00 -132.00 0.00> result: 90.00 115.20 -49.55 0.00 74.75 0.00
[11:46:05.933] [ARM-RX] [194] <0.00 -132.00 0.00> result: 90.00 115.20 -49.55 0.00 74.75 0.00
[11:46:05.933] [ARM-RX] [195] <0.00 -132.00 0.00> result: 90.00 115.20 -49.55 0.00 74.75 0.00
[11:46:05.933] [ARM-RX] [196] <0.00 -132.00 0.00> result: 90.00 115.20 -49.5
[11:46:05.957] [ARM-RX] 5 0.00 74.75 0.00
[11:46:05.957] [ARM-RX] [197] <0.00 -132.00 0.00> result: 90.00 115.20 -49.55 0.00 74.75 0.00
[11:46:05.957] [ARM-RX] [198] <0.00 -132.00 0.00> result: 90.00 115.20 -49.55 0.00 74.75 0.00
[11:46:05.957] [ARM-RX] [199] <0.00 -132.00 0.00> result: 90.00 115.20 -49.55 0.00 74.75 0.00
[11:46:05.957] [ARM-RX] [200] <0.00 -132.00 0.00
[11:46:05.979] [ARM-RX] > result: 90.00 115.20 -49.55 0.00 74.75 0.00
[11:46:05.979] [ARM-RX] [201] <0.00 -132.00 0.00> result: 90.00 115.20 -49.55 0.00 74.75 0.00
[11:46:05.979] [ARM-RX] [202] <0.00 -132.00 0.00> result: 90.00 115.20 -49.55 0.00 74.75 0.00
[11:46:05.979] [ARM-RX] [203] <0.00 -132.00 0.00> result: 90.00 115.20 -49.55 0.00 74.75 0.
[11:46:06.000] [ARM-RX] 00
[11:46:06.000] [ARM-RX] [204] <0.00 -132.00 0.00> result: 90.00 115.20 -49.55 0.00 74.75 0.00
[11:46:06.000] [ARM-RX] [205] <0.00 -132.00 0.00> result: 90.00 115.20 -49.55 0.00 74.75 0.00
[11:46:06.000] [ARM-RX] [206] <0.00 -132.00 0.00> result: 90.00 115.20 -49.55 0.00 74.75 0.00
[11:46:06.000] [ARM-RX] [207] <0.00 -132.00 0.00> result: 90.00
[11:46:06.023] [ARM-RX] 115.20 -49.55 0.00 74.75 0.00
[11:46:06.023] [ARM-RX] [208] <0.00 -132.00 0.00> result: 90.00 115.20 -49.55 0.00 74.75 0.00
[11:46:06.023] [ARM-RX] [209] <0.00 -132.00 0.00> result: 90.00 115.20 -49.55 0.00 74.75 0.00
[11:46:06.023] [ARM-RX] [210] <0.00 -132.00 0.00> result: 90.00 115.20 -49.55 0.00 74.75 0.00
[11:46:06.024] [ARM-RX] [211] <0.00
[11:46:06.048] [ARM-RX] -132.00 0.00> result: 90.00 115.20 -49.55 0.00 74.75 0.00
[11:46:06.049] [ARM-RX] [212] <0.00 -132.00 0.00> result: 90.00 115.20 -49.55 0.00 74.75 0.00
[11:46:06.049] [ARM-RX] [213] <0.00 -132.00 0.00> result: 90.00 115.20 -49.55 0.00 74.75 0.00
[11:46:06.049] [ARM-RX] [214] <0.00 -132.00 0.00> result: 90.00 115.20 -49.55
[11:46:06.069] [ARM-RX] 0.00 74.75 0.00
[11:46:06.070] [ARM-RX] [215] <0.00 -132.00 0.00> result: 90.00 115.20 -49.55 0.00 74.75 0.00
[11:46:06.070] [ARM-RX] [216] <0.00 -132.00 0.00> result: 90.00 115.20 -49.55 0.00 74.75 0.00
[11:46:06.070] [ARM-RX] [217] <0.00 -132.00 0.00> result: 90.00 115.20 -49.55 0.00 74.75 0.00
[11:46:06.070] [ARM-RX] [218] <0.00 -132.00 0.00>
[11:46:06.092] [ARM-RX] result: 90.00 115.20 -49.55 0.00 74.75 0.00
[11:46:06.092] [ARM-RX] [219] <0.00 -132.00 0.00> result: 90.00 115.20 -49.55 0.00 74.75 0.00
[11:46:06.093] [ARM-RX] [220] <0.00 -132.00 0.00> result: 90.00 115.20 -49.55 0.00 74.75 0.00
[11:46:06.093] [ARM-RX] [221] <0.00 -132.00 0.00> result: 90.00 115.20 -49.55 0.00 74.75 0.00
[11:46:06.126] [ARM-RX] [222] <0.00 -132.00 0.00> result: 90.00 115.20 -49.55 0.00 74.75 0.00
[11:46:06.127] [ARM-RX] [223] <0.00 -132.00 0.00> result: 90.00 115.20 -49.55 0.00 74.75 0.00
[11:46:06.127] [ARM-RX] [224] <0.00 -132.00 0.00> result: 90.00 115.20 -49.55 0.00 74.75 0.00
[11:46:06.127] [ARM-RX] [225] <0.00 -132.00 0.00> result: 90.00 1
[11:46:06.149] [ARM-RX] 15.20 -49.55 0.00 74.75 0.00
[11:46:06.149] [ARM-RX] [226] <0.00 -132.00 0.00> result: 90.00 115.20 -49.55 0.00 74.75 0.00
[11:46:06.150] [ARM-RX] [227] <0.00 -132.00 0.00> result: 90.00 115.20 -49.55 0.00 74.75 0.00
[11:46:06.150] [ARM-RX] [228] <0.00 -132.00 0.00> result: 90.00 115.20 -49.55 0.00 74.75 0.00
[11:46:06.150] [ARM-RX] [229] <0.00 -
[11:46:06.173] [ARM-RX] 132.00 0.00> result: 90.00 115.20 -49.55 0.00 74.75 0.00
[11:46:06.173] [ARM-RX] [230] <0.00 -132.00 0.00> result: 90.00 115.20 -49.55 0.00 74.75 0.00
[11:46:06.174] [ARM-RX] [231] <0.00 -132.00 0.00> result: 90.00 115.20 -49.55 0.00 74.75 0.00
[11:46:06.174] [ARM-RX] [232] <0.00 -132.00 0.00> result: 90.00 115.20 -49.55 0.
[11:46:06.195] [ARM-RX] 00 74.75 0.00
[11:46:06.195] [ARM-RX] [233] <0.00 -132.00 0.00> result: 90.00 115.20 -49.55 0.00 74.75 0.00
[11:46:06.196] [ARM-RX] [234] <0.00 -132.00 0.00> result: 90.00 115.20 -49.55 0.00 74.75 0.00
[11:46:06.196] [ARM-RX] [235] <0.00 -132.00 0.00> result: 90.00 115.20 -49.55 0.00 74.75 0.00
[11:46:06.196] [ARM-RX] [236] <0.00 -132.00 0.00> re
[11:46:06.217] [ARM-RX] sult: 90.00 115.20 -49.55 0.00 74.75 0.00
[11:46:06.218] [ARM-RX] [237] <0.00 -132.00 0.00> result: 90.00 115.20 -49.55 0.00 74.75 0.00
[11:46:06.218] [ARM-RX] [238] <0.00 -132.00 0.00> result: 90.00 115.20 -49.55 0.00 74.75 0.00
[11:46:06.218] [ARM-RX] [239] <0.00 -132.00 0.00> result: 90.00 115.20 -49.55 0.00 74.75 0.00
[11:46:06.239] [ARM-RX] [240] <0.00 -132.00 0.00> result: 90.00 115.20 -49.55 0.00 74.75 0.00
[11:46:06.241] [ARM-RX] [241] <0.00 -132.00 0.00> result: 90.00 115.20 -49.55 0.00 74.75 0.00
[11:46:06.241] [ARM-RX] [242] <0.00 -132.00 0.00> result: 90.00 115.20 -49.55 0.00 74.75 0.00
[11:46:06.241] [ARM-RX] [243] <0.00 -132.00 0.00> result: 90.00 115
[11:46:06.263] [ARM-RX] .20 -49.55 0.00 74.75 0.00
[11:46:06.264] [ARM-RX] [244] <0.00 -132.00 0.00> result: 90.00 115.20 -49.55 0.00 74.75 0.00
[11:46:06.264] [ARM-RX] [245] <0.00 -132.00 0.00> result: 90.00 115.20 -49.55 0.00 74.75 0.00
[11:46:06.264] [ARM-RX] [246] <0.00 -132.00 0.00> result: 90.00 115.20 -49.55 0.00 74.75 0.00
[11:46:06.264] [ARM-RX] [247] <0.00 -13
[11:46:06.297] [ARM-RX] 2.00 0.00> result: 90.00 115.20 -49.55 0.00 74.75 0.00
[11:46:06.298] [ARM-RX] [248] <0.00 -132.00 0.00> result: 90.00 115.20 -49.55 0.00 74.75 0.00
[11:46:06.298] [ARM-RX] [249] <0.00 -132.00 0.00> result: 90.00 115.20 -49.55 0.00 74.75 0.00
[11:46:06.298] [ARM-RX] [250] <0.00 -132.00 0.00> result: 90.00 115.20 -49.55 0.00
[11:46:06.320] [ARM-RX] 74.75 0.00
[11:46:06.321] [ARM-RX] [251] <0.00 -132.00 0.00> result: 90.00 115.20 -49.55 0.00 74.75 0.00
[11:46:06.321] [ARM-RX] [252] <0.00 -132.00 0.00> result: 90.00 115.20 -49.55 0.00 74.75 0.00
[11:46:06.321] [ARM-RX] [253] <0.00 -132.00 0.00> result: 90.00 115.20 -49.55 0.00 74.75 0.00
[11:46:06.321] [ARM-RX] [254] <0.00 -132.00 0.00> resu
[11:46:06.343] [ARM-RX] lt: 90.00 115.20 -49.55 0.00 74.75 0.00
[11:46:06.344] [ARM-RX] [255] <0.00 -132.00 0.00> result: 90.00 115.20 -49.55 0.00 74.75 0.00
[11:46:06.344] [ARM-RX] [256] <0.00 -132.00 0.00> result: 90.00 115.20 -49.55 0.00 74.75 0.00
[11:46:06.344] [ARM-RX] [257] <0.00 -132.00 0.00> result: 90.00 115.20 -49.55 0.00 74.75 0.00
[11:46:06.344] [ARM-RX] [2
[11:46:06.363] [ARM-RX] 58] <0.00 -132.00 0.00> result: 90.00 115.20 -49.55 0.00 74.75 0.00
[11:46:06.363] [ARM-RX] [259] <0.00 -132.00 0.00> result: 90.00 115.20 -49.55 0.00 74.75 0.00
[11:46:06.364] [ARM-RX] [260] <0.00 -132.00 0.00> result: 90.00 115.20 -49.55 0.00 74.75 0.00
[11:46:06.364] [ARM-RX] [261] <0.00 -132.00 0.00> result: 90.00 115.2
[11:46:06.419] [ARM-RX] 0 -49.55 0.00 74.75 0.00
[11:46:09.107] [ARM-RX] [joint 1] ave_error:0.00
[11:46:09.107] [ARM-RX] [joint 2] ave_error:5.56
[11:46:09.107] [ARM-RX] [joint 3] ave_error:7.92
[11:46:09.107] [ARM-RX] [joint 4] ave_error:0.00
[11:46:09.107] [ARM-RX] [joint 5] ave_error:1.49
[11:46:09.107] [ARM-RX] robot pid run finished!!
[11:46:09.952] [ARM-RX] AUTO final confirm failed: joint 2 err=12.36deg tol=3.00, pose invalid.
[11:46:09.953] [ARM-RX] J1 cur=90.00 target=90.00 err=-0.00
[11:46:09.953] [ARM-RX] J2 cur=124.28 target=115.20 err=-9.08
[11:46:09.953] [ARM-RX] J3 cur=-37.20 target=-49.55 err=-12.36
[11:46:09.953] [ARM-RX] J4 cur=0.00 target=0.00 err=-0.00
[11:46:09.954] [ARM-RX] J5 cur=74.36 target=74
[11:46:10.016] [ARM-RX] .75 err=0.39
[11:46:11.423] [ARM-TX] 发送命令 soft_reset: soft_reset
[11:46:11.514] [ARM-RX] Found handler for 'soft_reset', executing...
[11:46:11.514] [ARM-RX] ROBOT_SOFT_RESET_EVENT
[11:46:11.514] [ARM-RX] --- Starting soft reset ---
[11:46:11.701] [ARM-RX] Soft reset motors enabled (J1~J5, J6 skipped).
[11:46:11.701] [ARM-RX] Soft resetting joint 4...
[11:46:11.765] [ARM-RX] robot_update_current_angle 4...
[11:46:11.765] [ARM-RX] [4] current:74.36, target:90.00, dir:1
[11:46:13.135] [ARM-RX] Soft resetting joint 3...
[11:46:13.135] [ARM-RX] robot_update_current_angle 3...
[11:46:13.135] [ARM-RX] [3] current:0.00, target:0.00, dir:-1
[11:46:13.197] [ARM-RX] Soft resetting joint 1...
[11:46:13.260] [ARM-RX] robot_update_current_angle 1...
[11:46:13.260] [ARM-RX] [1] current:124.27, target:90.00, dir:-1
[11:46:15.381] [ARM-RX] soft reset joint 1 settle timeout, keep going
[11:46:15.381] [ARM-RX] Soft resetting joint 2...
[11:46:15.381] [ARM-RX] robot_update_current_angle 2...
[11:46:15.381] [ARM-RX] [2] current:-37.20, target:-90.00, dir:-1
[11:46:17.807] [ARM-RX] soft reset joint 2 settle timeout, keep going
[11:46:17.807] [ARM-RX] Soft resetting joint 0...
[11:46:17.807] [ARM-RX] robot_update_current_angle 0...
[11:46:17.807] [ARM-RX] [0] current:90.00, target:90.00, dir:-1
[11:46:17.995] [ARM-RX] soft reset verify not pass, start refine loop...
[11:46:18.057] [ARM-RX] soft reset refine joint 2 round 1: cur=-82.60 target=-90.00 err=7.40 dir=-1
[11:46:19.490] [ARM-RX] soft reset refine pass 1 success.
[11:46:19.490] [ARM-RX] soft reset final verify PASS (issues:2), pose set HOME.
[11:46:25.873] [ARM-TX] 发送命令 auto 0 -132 -15: auto 0 -132 -15
[11:46:25.959] [ARM-RX] Found handler for 'auto', executing...
[11:46:25.959] [ARM-RX] ROBOT_AUTO_EVENT
[11:46:25.959] [ARM-RX] [0] <0.00 0.00 0.00> result: 90.00 90.00 -90.00 0.00 90.00 0.00
[11:46:25.959] [ARM-RX] [1] <0.00 -0.00 -0.00> result: 90.00 90.00 -90.00 0.00 90.00 0.00
[11:46:25.960] [ARM-RX] [2] <0.00 -0.00 -0.00> result: 90.00 90.00 -90.00 0.00 90.00 0.00
[11:46:25.960] [ARM-RX] [
[11:46:25.972] [ARM-RX] 3] <0.00 -0.01 -0.00> result: 90.00 90.00 -90.00 0.00 90.00 0.00
[11:46:25.972] [ARM-RX] [4] <0.00 -0.01 -0.00> result: 90.00 90.00 -90.00 0.00 90.00 0.00
[11:46:25.973] [ARM-RX] [5] <0.00 -0.02 -0.00> result: 90.00 90.01 -89.99 0.00 90.00 0.00
[11:46:25.973] [ARM-RX] [6] <0.00 -0.03 -0.00> result: 90.00 90.01 -89.99 0.00 9
[11:46:25.995] [ARM-RX] 0.00 0.00
[11:46:25.995] [ARM-RX] [7] <0.00 -0.05 -0.01> result: 90.00 90.02 -89.99 0.00 90.01 0.00
[11:46:25.995] [ARM-RX] [8] <0.00 -0.07 -0.01> result: 90.00 90.03 -89.98 0.00 90.01 0.00
[11:46:25.995] [ARM-RX] [9] <0.00 -0.10 -0.01> result: 90.00 90.04 -89.97 0.00 90.01 0.00
[11:46:25.996] [ARM-RX] [10] <0.00 -0.14 -0.02> result: 90.00 90.06
[11:46:26.018] [ARM-RX] -89.96 0.00 90.02 0.00
[11:46:26.018] [ARM-RX] [11] <0.00 -0.18 -0.02> result: 90.00 90.07 -89.95 0.00 90.02 0.00
[11:46:26.018] [ARM-RX] [12] <0.00 -0.23 -0.03> result: 90.00 90.10 -89.94 0.00 90.03 0.00
[11:46:26.018] [ARM-RX] [13] <0.00 -0.29 -0.03> result: 90.00 90.12 -89.92 0.00 90.04 0.00
[11:46:26.018] [ARM-RX] [14] <0.00 -0.36 -0.04> resu
[11:46:26.041] [ARM-RX] lt: 90.00 90.15 -89.90 0.00 90.05 0.00
[11:46:26.041] [ARM-RX] [15] <0.00 -0.44 -0.05> result: 90.00 90.18 -89.88 0.00 90.06 0.00
[11:46:26.041] [ARM-RX] [16] <0.00 -0.53 -0.06> result: 90.00 90.22 -89.85 0.00 90.07 0.00
[11:46:26.041] [ARM-RX] [17] <0.00 -0.63 -0.07> result: 90.00 90.26 -89.83 0.00 90.08 0.00
[11:46:26.041] [ARM-RX] [18] <0.00 -
[11:46:26.065] [ARM-RX] 0.75 -0.08> result: 90.00 90.31 -89.79 0.00 90.10 0.00
[11:46:26.065] [ARM-RX] [19] <0.00 -0.87 -0.10> result: 90.00 90.36 -89.76 0.00 90.12 0.00
[11:46:26.065] [ARM-RX] [20] <0.00 -1.01 -0.12> result: 90.00 90.41 -89.72 0.00 90.13 0.00
[11:46:26.065] [ARM-RX] [21] <0.00 -1.17 -0.13> result: 90.00 90.47 -89.68 0.00 90.15 0.
[11:46:26.086] [ARM-RX] 00
[11:46:26.087] [ARM-RX] [22] <0.00 -1.34 -0.15> result: 90.00 90.54 -89.63 0.00 90.17 0.00
[11:46:26.087] [ARM-RX] [23] <0.00 -1.52 -0.17> result: 90.00 90.62 -89.58 0.00 90.20 0.00
[11:46:26.087] [ARM-RX] [24] <0.00 -1.72 -0.20> result: 90.00 90.70 -89.52 0.00 90.22 0.00
[11:46:26.087] [ARM-RX] [25] <0.00 -1.94 -0.22> result: 90.00 90.78 -89.
[11:46:26.121] [ARM-RX] 46 0.00 90.24 0.00
[11:46:26.121] [ARM-RX] [26] <0.00 -2.17 -0.25> result: 90.00 90.87 -89.40 0.00 90.27 0.00
[11:46:26.122] [ARM-RX] [27] <0.00 -2.42 -0.28> result: 90.00 90.97 -89.33 0.00 90.30 0.00
[11:46:26.122] [ARM-RX] [28] <0.00 -2.69 -0.31> result: 90.00 91.08 -89.25 0.00 90.33 0.00
[11:46:26.122] [ARM-RX] [29] <0.00 -2.98 -0.34> result:
[11:46:26.143] [ARM-RX] 90.00 91.19 -89.17 0.00 90.36 0.00
[11:46:26.143] [ARM-RX] [30] <0.00 -3.29 -0.37> result: 90.00 91.31 -89.09 0.00 90.39 0.00
[11:46:26.144] [ARM-RX] [31] <0.00 -3.62 -0.41> result: 90.00 91.43 -89.00 0.00 90.43 0.00
[11:46:26.144] [ARM-RX] [32] <0.00 -3.97 -0.45> result: 90.00 91.56 -88.90 0.00 90.46 0.00
[11:46:26.144] [ARM-RX] [33] <0.00 -4.34
[11:46:26.193] [ARM-RX] -0.49> result: 90.00 91.70 -88.80 0.00 90.50 0.00
[11:46:26.193] [ARM-RX] [34] <0.00 -4.73 -0.54> result: 90.00 91.84 -88.69 0.00 90.53 0.00
[11:46:26.193] [ARM-RX] [35] <0.00 -5.14 -0.58> result: 90.00 92.00 -88.57 0.00 90.57 0.00
[11:46:26.194] [ARM-RX] [36] <0.00 -5.57 -0.63> result: 90.00 92.16 -88.45 0.00 90.60 0.00
[11:46:26.196] [ARM-RX] [37] <0.00 -6.03 -0.69> result: 90.00 92.32 -88.32 0.00 90.64 0.00
[11:46:26.196] [ARM-RX] [38] <0.00 -6.51 -0.74> result: 90.00 92.49 -88.18 0.00 90.68 0.00
[11:46:26.196] [ARM-RX] [39] <0.00 -7.02 -0.80> result: 90.00 92.67 -88.04 0.00 90.72 0.00
[11:46:26.197] [ARM-RX] [40] <0.00 -7.55 -0.86> result: 90.00 92.86 -87.89 0
[11:46:26.212] [ARM-RX] .00 90.75 0.00
[11:46:26.212] [ARM-RX] [41] <0.00 -8.10 -0.92> result: 90.00 93.05 -87.74 0.00 90.79 0.00
[11:46:26.213] [ARM-RX] [42] <0.00 -8.68 -0.99> result: 90.00 93.25 -87.57 0.00 90.82 0.00
[11:46:26.213] [ARM-RX] [43] <0.00 -9.29 -1.06> result: 90.00 93.45 -87.40 0.00 90.86 0.00
[11:46:26.213] [ARM-RX] [44] <0.00 -9.92 -1.13> result: 90.0
[11:46:26.235] [ARM-RX] 0 93.67 -87.22 0.00 90.89 0.00
[11:46:26.236] [ARM-RX] [45] <0.00 -10.57 -1.20> result: 90.00 93.88 -87.04 0.00 90.92 0.00
[11:46:26.236] [ARM-RX] [46] <0.00 -11.25 -1.28> result: 90.00 94.11 -86.84 0.00 90.95 0.00
[11:46:26.236] [ARM-RX] [47] <0.00 -11.96 -1.36> result: 90.00 94.34 -86.64 0.00 90.98 0.00
[11:46:26.236] [ARM-RX] [48] <0.00 -12.70
[11:46:26.258] [ARM-RX] -1.44> result: 90.00 94.57 -86.43 0.00 91.00 0.00
[11:46:26.259] [ARM-RX] [49] <0.00 -13.46 -1.53> result: 90.00 94.81 -86.21 0.00 91.03 0.00
[11:46:26.259] [ARM-RX] [50] <0.00 -14.26 -1.62> result: 90.00 95.06 -85.99 0.00 91.05 0.00
[11:46:26.259] [ARM-RX] [51] <0.00 -15.07 -1.71> result: 90.00 95.31 -85.75 0.00 91.07 0.0
[11:46:26.281] [ARM-RX] 0
[11:46:26.282] [ARM-RX] [52] <0.00 -15.92 -1.81> result: 90.00 95.57 -85.51 0.00 91.08 0.00
[11:46:26.282] [ARM-RX] [53] <0.00 -16.80 -1.91> result: 90.00 95.83 -85.26 0.00 91.09 0.00
[11:46:26.282] [ARM-RX] [54] <0.00 -17.70 -2.01> result: 90.00 96.10 -85.00 0.00 91.10 0.00
[11:46:26.282] [ARM-RX] [55] <0.00 -18.64 -2.12> result: 90.00 96.37 -
[11:46:26.323] [ARM-RX] 84.73 0.00 91.10 0.00
[11:46:26.323] [ARM-RX] [56] <0.00 -19.60 -2.23> result: 90.00 96.65 -84.45 0.00 91.10 0.00
[11:46:26.323] [ARM-RX] [57] <0.00 -20.59 -2.34> result: 90.00 96.93 -84.17 0.00 91.10 0.00
[11:46:26.323] [ARM-RX] [58] <0.00 -21.61 -2.46> result: 90.00 97.22 -83.87 0.00 91.09 0.00
[11:46:26.323] [ARM-RX] [59] <0.00 -22.66 -2.57> r
[11:46:26.338] [ARM-RX] esult: 90.00 97.51 -83.57 0.00 91.07 0.00
[11:46:26.338] [ARM-RX] [60] <0.00 -23.74 -2.70> result: 90.00 97.80 -83.25 0.00 91.06 0.00
[11:46:26.338] [ARM-RX] [61] <0.00 -24.85 -2.82> result: 90.00 98.10 -82.93 0.00 91.03 0.00
[11:46:26.338] [ARM-RX] [62] <0.00 -25.99 -2.95> result: 90.00 98.40 -82.60 0.00 91.00 0.00
[11:46:26.338] [ARM-RX] [63] <
[11:46:26.361] [ARM-RX] 0.00 -27.16 -3.09> result: 90.00 98.71 -82.26 0.00 90.97 0.00
[11:46:26.361] [ARM-RX] [64] <0.00 -28.35 -3.22> result: 90.00 99.02 -81.91 0.00 90.93 0.00
[11:46:26.362] [ARM-RX] [65] <0.00 -29.58 -3.36> result: 90.00 99.33 -81.55 0.00 90.88 0.00
[11:46:26.362] [ARM-RX] [66] <0.00 -30.84 -3.50> result: 90.00 99.65 -81.18 0.0
[11:46:26.384] [ARM-RX] 0 90.83 0.00
[11:46:26.384] [ARM-RX] [67] <0.00 -32.13 -3.65> result: 90.00 99.97 -80.81 0.00 90.78 0.00
[11:46:26.384] [ARM-RX] [68] <0.00 -33.44 -3.80> result: 90.00 100.30 -80.42 0.00 90.71 0.00
[11:46:26.384] [ARM-RX] [69] <0.00 -34.79 -3.95> result: 90.00 100.62 -80.02 0.00 90.65 0.00
[11:46:26.384] [ARM-RX] [70] <0.00 -36.17 -4.11> result:
[11:46:26.407] [ARM-RX] 90.00 100.96 -79.62 0.00 90.57 0.00
[11:46:26.407] [ARM-RX] [71] <0.00 -37.57 -4.27> result: 90.00 101.29 -79.20 0.00 90.49 0.00
[11:46:26.408] [ARM-RX] [72] <0.00 -39.01 -4.43> result: 90.00 101.63 -78.78 0.00 90.40 0.00
[11:46:26.408] [ARM-RX] [73] <0.00 -40.48 -4.60> result: 90.00 101.97 -78.34 0.00 90.31 0.00
[11:46:26.408] [ARM-RX] [74] <0.0
[11:46:26.430] [ARM-RX] 0 -41.97 -4.77> result: 90.00 102.31 -77.90 0.00 90.21 0.00
[11:46:26.431] [ARM-RX] [75] <0.00 -43.49 -4.94> result: 90.00 102.66 -77.45 0.00 90.10 0.00
[11:46:26.431] [ARM-RX] [76] <0.00 -45.05 -5.12> result: 90.00 103.00 -76.98 0.00 89.99 0.00
[11:46:26.431] [ARM-RX] [77] <0.00 -46.63 -5.30> result: 90.00 103.36 -76.51 0.
[11:46:26.453] [ARM-RX] 00 89.87 0.00
[11:46:26.454] [ARM-RX] [78] <0.00 -48.24 -5.48> result: 90.00 103.71 -76.03 0.00 89.74 0.00
[11:46:26.454] [ARM-RX] [79] <0.00 -49.88 -5.67> result: 90.00 104.07 -75.54 0.00 89.61 0.00
[11:46:26.454] [ARM-RX] [80] <0.00 -51.54 -5.86> result: 90.00 104.43 -75.04 0.00 89.47 0.00
[11:46:26.454] [ARM-RX] [81] <0.00 -53.24 -6.05> result
[11:46:26.487] [ARM-RX] : 90.00 104.79 -74.53 0.00 89.32 0.00
[11:46:26.487] [ARM-RX] [82] <0.00 -54.96 -6.25> result: 90.00 105.16 -74.01 0.00 89.17 0.00
[11:46:26.488] [ARM-RX] [83] <0.00 -56.71 -6.44> result: 90.00 105.52 -73.49 0.00 89.01 0.00
[11:46:26.488] [ARM-RX] [84] <0.00 -58.48 -6.65> result: 90.00 105.89 -72.95 0.00 88.84 0.00
[11:46:26.488] [ARM-RX] [85] <0
[11:46:26.510] [ARM-RX] .00 -60.29 -6.85> result: 90.00 106.27 -72.40 0.00 88.67 0.00
[11:46:26.511] [ARM-RX] [86] <0.00 -62.12 -7.06> result: 90.00 106.64 -71.85 0.00 88.49 0.00
[11:46:26.511] [ARM-RX] [87] <0.00 -63.97 -7.27> result: 90.00 107.02 -71.29 0.00 88.31 0.00
[11:46:26.511] [ARM-RX] [88] <0.00 -65.86 -7.48> result: 90.00 107.40 -70.71
[11:46:26.533] [ARM-RX] 0.00 88.11 0.00
[11:46:26.533] [ARM-RX] [89] <0.00 -67.76 -7.70> result: 90.00 107.78 -70.13 0.00 87.91 0.00
[11:46:26.533] [ARM-RX] [90] <0.00 -69.69 -7.92> result: 90.00 108.17 -69.54 0.00 87.71 0.00
[11:46:26.533] [ARM-RX] [91] <0.00 -71.65 -8.14> result: 90.00 108.56 -68.94 0.00 87.50 0.00
[11:46:26.533] [ARM-RX] [92] <0.00 -73.63 -8.37> resu
[11:46:26.558] [ARM-RX] lt: 90.00 108.95 -68.34 0.00 87.28 0.00
[11:46:26.559] [ARM-RX] [93] <0.00 -75.64 -8.59> result: 90.00 109.34 -67.72 0.00 87.06 0.00
[11:46:26.559] [ARM-RX] [94] <0.00 -77.66 -8.83> result: 90.00 109.73 -67.09 0.00 86.83 0.00
[11:46:26.561] [ARM-RX] [95] <0.00 -79.71 -9.06> result: 90.00 110.13 -66.46 0.00 86.59 0.00
[11:46:26.561] [ARM-RX] [96]
[11:46:26.579] [ARM-RX] <0.00 -81.79 -9.29> result: 90.00 110.53 -65.82 0.00 86.35 0.00
[11:46:26.579] [ARM-RX] [97] <0.00 -83.88 -9.53> result: 90.00 110.93 -65.17 0.00 86.10 0.00
[11:46:26.579] [ARM-RX] [98] <0.00 -86.00 -9.77> result: 90.00 111.33 -64.51 0.00 85.85 0.00
[11:46:26.579] [ARM-RX] [99] <0.00 -88.14 -10.02> result: 90.00 111.74 -63.
[11:46:26.602] [ARM-RX] 85 0.00 85.59 0.00
[11:46:26.602] [ARM-RX] [100] <0.00 -90.29 -10.26> result: 90.00 112.15 -63.17 0.00 85.32 0.00
[11:46:26.602] [ARM-RX] [101] <0.00 -92.47 -10.51> result: 90.00 112.56 -62.49 0.00 85.05 0.00
[11:46:26.602] [ARM-RX] [102] <0.00 -94.67 -10.76> result: 90.00 112.97 -61.80 0.00 84.77 0.00
[11:46:26.603] [ARM-RX] [103] <0.00 -96.89 -
[11:46:26.625] [ARM-RX] 11.01> result: 90.00 113.39 -61.10 0.00 84.49 0.00
[11:46:26.626] [ARM-RX] [104] <0.00 -99.12 -11.26> result: 90.00 113.81 -60.40 0.00 84.20 0.00
[11:46:26.626] [ARM-RX] [105] <0.00 -101.37 -11.52> result: 90.00 114.23 -59.68 0.00 83.91 0.00
[11:46:26.626] [ARM-RX] [106] <0.00 -103.64 -11.78> result: 90.00 114.65 -58.96 0.0
[11:46:26.648] [ARM-RX] 0 83.61 0.00
[11:46:26.648] [ARM-RX] [107] <0.00 -105.93 -12.04> result: 90.00 115.07 -58.24 0.00 83.31 0.00
[11:46:26.648] [ARM-RX] [108] <0.00 -108.23 -12.30> result: 90.00 115.50 -57.50 0.00 83.00 0.00
[11:46:26.649] [ARM-RX] [109] <0.00 -110.55 -12.56> result: 90.00 115.93 -56.76 0.00 82.68 0.00
[11:46:26.649] [ARM-RX] [110] <0.00 -112.88 -12
[11:46:26.682] [ARM-RX] .83> result: 90.00 116.36 -56.01 0.00 82.37 0.00
[11:46:26.682] [ARM-RX] [111] <0.00 -115.22 -13.09> result: 90.00 116.79 -55.25 0.00 82.04 0.00
[11:46:26.683] [ARM-RX] [112] <0.00 -117.58 -13.36> result: 90.00 117.22 -54.49 0.00 81.71 0.00
[11:46:26.683] [ARM-RX] [113] <0.00 -119.95 -13.63> result: 90.00 117.66 -53.72 0.00
[11:46:26.704] [ARM-RX] 81.38 0.00
[11:46:26.706] [ARM-RX] [114] <0.00 -122.34 -13.90> result: 90.00 118.10 -52.95 0.00 81.04 0.00
[11:46:26.706] [ARM-RX] [115] <0.00 -124.73 -14.17> result: 90.00 118.54 -52.16 0.00 80.70 0.00
[11:46:26.706] [ARM-RX] [116] <0.00 -127.14 -14.45> result: 90.00 118.98 -51.37 0.00 80.35 0.00
[11:46:26.706] [ARM-RX] [117] <0.00 -129.56 -14.
[11:46:26.728] [ARM-RX] 72> result: 90.00 119.42 -50.58 0.00 80.00 0.00
[11:46:26.729] [ARM-RX] [118] <0.00 -131.98 -15.00> result: 90.00 119.87 -49.78 0.00 79.65 0.00
[11:46:26.729] [ARM-RX] [119] <0.00 -132.00 -15.00> result: 90.00 119.87 -49.77 0.00 79.64 0.00
[11:46:26.729] [ARM-RX] [120] <0.00 -132.00 -15.00> result: 90.00 119.87 -49.77 0.00
[11:46:26.755] [ARM-RX] 79.64 0.00
[11:46:26.755] [ARM-RX] [121] <0.00 -132.00 -15.00> result: 90.00 119.87 -49.77 0.00 79.64 0.00
[11:46:26.755] [ARM-RX] [122] <0.00 -132.00 -15.00> result: 90.00 119.87 -49.77 0.00 79.64 0.00
[11:46:26.756] [ARM-RX] [123] <0.00 -132.00 -15.00> result: 90.00 119.87 -49.77 0.00 79.64 0.00
[11:46:26.756] [ARM-RX] [124] <0.00 -132.00 -15.0
[11:46:26.775] [ARM-RX] 0> result: 90.00 119.87 -49.77 0.00 79.64 0.00
[11:46:26.775] [ARM-RX] [125] <0.00 -132.00 -15.00> result: 90.00 119.87 -49.77 0.00 79.64 0.00
[11:46:26.775] [ARM-RX] [126] <0.00 -132.00 -15.00> result: 90.00 119.87 -49.77 0.00 79.64 0.00
[11:46:26.775] [ARM-RX] [127] <0.00 -132.00 -15.00> result: 90.00 119.87 -49.77 0.00 7
[11:46:26.798] [ARM-RX] 9.64 0.00
[11:46:26.799] [ARM-RX] [128] <0.00 -132.00 -15.00> result: 90.00 119.87 -49.77 0.00 79.64 0.00
[11:46:26.799] [ARM-RX] [129] <0.00 -132.00 -15.00> result: 90.00 119.87 -49.77 0.00 79.64 0.00
[11:46:26.799] [ARM-RX] [130] <0.00 -132.00 -15.00> result: 90.00 119.87 -49.77 0.00 79.64 0.00
[11:46:26.799] [ARM-RX] [131] <0.00 -132.00 -15.00
[11:46:26.820] [ARM-RX] > result: 90.00 119.87 -49.77 0.00 79.64 0.00
[11:46:26.820] [ARM-RX] [132] <0.00 -132.00 -15.00> result: 90.00 119.87 -49.77 0.00 79.64 0.00
[11:46:26.820] [ARM-RX] [133] <0.00 -132.00 -15.00> result: 90.00 119.87 -49.77 0.00 79.64 0.00
[11:46:26.820] [ARM-RX] [134] <0.00 -132.00 -15.00> result: 90.00 119.87 -49.77 0.00 79
[11:46:26.854] [ARM-RX] .64 0.00
[11:46:26.854] [ARM-RX] [135] <0.00 -132.00 -15.00> result: 90.00 119.87 -49.77 0.00 79.64 0.00
[11:46:26.855] [ARM-RX] [136] <0.00 -132.00 -15.00> result: 90.00 119.87 -49.77 0.00 79.64 0.00
[11:46:26.855] [ARM-RX] [137] <0.00 -132.00 -15.00> result: 90.00 119.87 -49.77 0.00 79.64 0.00
[11:46:26.855] [ARM-RX] [138] <0.00 -132.00 -15.00>
[11:46:26.877] [ARM-RX] result: 90.00 119.87 -49.77 0.00 79.64 0.00
[11:46:26.877] [ARM-RX] [139] <0.00 -132.00 -15.00> result: 90.00 119.87 -49.77 0.00 79.64 0.00
[11:46:26.877] [ARM-RX] [140] <0.00 -132.00 -15.00> result: 90.00 119.87 -49.77 0.00 79.64 0.00
[11:46:26.878] [ARM-RX] [141] <0.00 -132.00 -15.00> result: 90.00 119.87 -49.77 0.00 79.
[11:46:26.899] [ARM-RX] 64 0.00
[11:46:26.901] [ARM-RX] [142] <0.00 -132.00 -15.00> result: 90.00 119.87 -49.77 0.00 79.64 0.00
[11:46:26.901] [ARM-RX] [143] <0.00 -132.00 -15.00> result: 90.00 119.87 -49.77 0.00 79.64 0.00
[11:46:26.901] [ARM-RX] [144] <0.00 -132.00 -15.00> result: 90.00 119.87 -49.77 0.00 79.64 0.00
[11:46:26.902] [ARM-RX] [145] <0.00 -132.00 -15.00>
[11:46:26.923] [ARM-RX] result: 90.00 119.87 -49.77 0.00 79.64 0.00
[11:46:26.924] [ARM-RX] [146] <0.00 -132.00 -15.00> result: 90.00 119.87 -49.77 0.00 79.64 0.00
[11:46:26.924] [ARM-RX] [147] <0.00 -132.00 -15.00> result: 90.00 119.87 -49.77 0.00 79.64 0.00
[11:46:26.924] [ARM-RX] [148] <0.00 -132.00 -15.00> result: 90.00 119.87 -49.77 0.00 79.6
[11:46:26.946] [ARM-RX] 4 0.00
[11:46:26.947] [ARM-RX] [149] <0.00 -132.00 -15.00> result: 90.00 119.87 -49.77 0.00 79.64 0.00
[11:46:26.947] [ARM-RX] [150] <0.00 -132.00 -15.00> result: 90.00 119.87 -49.77 0.00 79.64 0.00
[11:46:26.947] [ARM-RX] [151] <0.00 -132.00 -15.00> result: 90.00 119.87 -49.77 0.00 79.64 0.00
[11:46:26.947] [ARM-RX] [152] <0.00 -132.00 -15.00> r
[11:46:26.969] [ARM-RX] esult: 90.00 119.87 -49.77 0.00 79.64 0.00
[11:46:26.969] [ARM-RX] [153] <0.00 -132.00 -15.00> result: 90.00 119.87 -49.77 0.00 79.64 0.00
[11:46:26.970] [ARM-RX] [154] <0.00 -132.00 -15.00> result: 90.00 119.87 -49.77 0.00 79.64 0.00
[11:46:26.970] [ARM-RX] [155] <0.00 -132.00 -15.00> result: 90.00 119.87 -49.77 0.00 79.64
[11:46:26.993] [ARM-RX] 0.00
[11:46:26.994] [ARM-RX] [156] <0.00 -132.00 -15.00> result: 90.00 119.87 -49.77 0.00 79.64 0.00
[11:46:26.994] [ARM-RX] [157] <0.00 -132.00 -15.00> result: 90.00 119.87 -49.77 0.00 79.64 0.00
[11:46:26.994] [ARM-RX] [158] <0.00 -132.00 -15.00> result: 90.00 119.87 -49.77 0.00 79.64 0.00
[11:46:26.994] [ARM-RX] [159] <0.00 -132.00 -15.00> re
[11:46:27.014] [ARM-RX] sult: 90.00 119.87 -49.77 0.00 79.64 0.00
[11:46:27.014] [ARM-RX] [160] <0.00 -132.00 -15.00> result: 90.00 119.87 -49.77 0.00 79.64 0.00
[11:46:27.015] [ARM-RX] [161] <0.00 -132.00 -15.00> result: 90.00 119.87 -49.77 0.00 79.64 0.00
[11:46:27.015] [ARM-RX] [162] <0.00 -132.00 -15.00> result: 90.00 119.87 -49.77 0.00 79.64
[11:46:27.050] [ARM-RX] 0.00
[11:46:27.050] [ARM-RX] [163] <0.00 -132.00 -15.00> result: 90.00 119.87 -49.77 0.00 79.64 0.00
[11:46:27.051] [ARM-RX] [164] <0.00 -132.00 -15.00> result: 90.00 119.87 -49.77 0.00 79.64 0.00
[11:46:27.051] [ARM-RX] [165] <0.00 -132.00 -15.00> result: 90.00 119.87 -49.77 0.00 79.64 0.00
[11:46:27.051] [ARM-RX] [166] <0.00 -132.00 -15.00> res
[11:46:27.072] [ARM-RX] ult: 90.00 119.87 -49.77 0.00 79.64 0.00
[11:46:27.072] [ARM-RX] [167] <0.00 -132.00 -15.00> result: 90.00 119.87 -49.77 0.00 79.64 0.00
[11:46:27.072] [ARM-RX] [168] <0.00 -132.00 -15.00> result: 90.00 119.87 -49.77 0.00 79.64 0.00
[11:46:27.072] [ARM-RX] [169] <0.00 -132.00 -15.00> result: 90.00 119.87 -49.77 0.00 79.64 0
[11:46:27.095] [ARM-RX] .00
[11:46:27.095] [ARM-RX] [170] <0.00 -132.00 -15.00> result: 90.00 119.87 -49.77 0.00 79.64 0.00
[11:46:27.095] [ARM-RX] [171] <0.00 -132.00 -15.00> result: 90.00 119.87 -49.77 0.00 79.64 0.00
[11:46:27.095] [ARM-RX] [172] <0.00 -132.00 -15.00> result: 90.00 119.87 -49.77 0.00 79.64 0.00
[11:46:27.096] [ARM-RX] [173] <0.00 -132.00 -15.00> resu
[11:46:27.118] [ARM-RX] lt: 90.00 119.87 -49.77 0.00 79.64 0.00
[11:46:27.119] [ARM-RX] [174] <0.00 -132.00 -15.00> result: 90.00 119.87 -49.77 0.00 79.64 0.00
[11:46:27.119] [ARM-RX] [175] <0.00 -132.00 -15.00> result: 90.00 119.87 -49.77 0.00 79.64 0.00
[11:46:27.119] [ARM-RX] [176] <0.00 -132.00 -15.00> result: 90.00 119.87 -49.77 0.00 79.64 0.
[11:46:27.141] [ARM-RX] 00
[11:46:27.141] [ARM-RX] [177] <0.00 -132.00 -15.00> result: 90.00 119.87 -49.77 0.00 79.64 0.00
[11:46:27.141] [ARM-RX] [178] <0.00 -132.00 -15.00> result: 90.00 119.87 -49.77 0.00 79.64 0.00
[11:46:27.141] [ARM-RX] [179] <0.00 -132.00 -15.00> result: 90.00 119.87 -49.77 0.00 79.64 0.00
[11:46:27.141] [ARM-RX] [180] <0.00 -132.00 -15.00> resul
[11:46:27.164] [ARM-RX] t: 90.00 119.87 -49.77 0.00 79.64 0.00
[11:46:27.165] [ARM-RX] [181] <0.00 -132.00 -15.00> result: 90.00 119.87 -49.77 0.00 79.64 0.00
[11:46:27.165] [ARM-RX] [182] <0.00 -132.00 -15.00> result: 90.00 119.87 -49.77 0.00 79.64 0.00
[11:46:27.165] [ARM-RX] [183] <0.00 -132.00 -15.00> result: 90.00 119.87 -49.77 0.00 79.64 0.0
[11:46:27.186] [ARM-RX] 0
[11:46:27.187] [ARM-RX] [184] <0.00 -132.00 -15.00> result: 90.00 119.87 -49.77 0.00 79.64 0.00
[11:46:27.187] [ARM-RX] [185] <0.00 -132.00 -15.00> result: 90.00 119.87 -49.77 0.00 79.64 0.00
[11:46:27.187] [ARM-RX] [186] <0.00 -132.00 -15.00> result: 90.00 119.87 -49.77 0.00 79.64 0.00
[11:46:27.187] [ARM-RX] [187] <0.00 -132.00 -15.00> result
[11:46:27.220] [ARM-RX] : 90.00 119.87 -49.77 0.00 79.64 0.00
[11:46:27.220] [ARM-RX] [188] <0.00 -132.00 -15.00> result: 90.00 119.87 -49.77 0.00 79.64 0.00
[11:46:27.220] [ARM-RX] [189] <0.00 -132.00 -15.00> result: 90.00 119.87 -49.77 0.00 79.64 0.00
[11:46:27.222] [ARM-RX] [190] <0.00 -132.00 -15.00> result: 90.00 119.87 -49.77 0.00 79.64 0.00
[11:46:27.243] [ARM-RX] [191] <0.00 -132.00 -15.00> result: 90.00 119.87 -49.77 0.00 79.64 0.00
[11:46:27.245] [ARM-RX] [192] <0.00 -132.00 -15.00> result: 90.00 119.87 -49.77 0.00 79.64 0.00
[11:46:27.245] [ARM-RX] [193] <0.00 -132.00 -15.00> result: 90.00 119.87 -49.77 0.00 79.64 0.00
[11:46:27.245] [ARM-RX] [194] <0.00 -132.00 -15.00> result:
[11:46:27.267] [ARM-RX] 90.00 119.87 -49.77 0.00 79.64 0.00
[11:46:27.267] [ARM-RX] [195] <0.00 -132.00 -15.00> result: 90.00 119.87 -49.77 0.00 79.64 0.00
[11:46:27.268] [ARM-RX] [196] <0.00 -132.00 -15.00> result: 90.00 119.87 -49.77 0.00 79.64 0.00
[11:46:27.268] [ARM-RX] [197] <0.00 -132.00 -15.00> result: 90.00 119.87 -49.77 0.00 79.64 0.00
[11:46:27.290] [ARM-RX] [198] <0.00 -132.00 -15.00> result: 90.00 119.87 -49.77 0.00 79.64 0.00
[11:46:27.290] [ARM-RX] [199] <0.00 -132.00 -15.00> result: 90.00 119.87 -49.77 0.00 79.64 0.00
[11:46:27.290] [ARM-RX] [200] <0.00 -132.00 -15.00> result: 90.00 119.87 -49.77 0.00 79.64 0.00
[11:46:27.291] [ARM-RX] [201] <0.00 -132.00 -15.00> result:
[11:46:27.312] [ARM-RX] 90.00 119.87 -49.77 0.00 79.64 0.00
[11:46:27.312] [ARM-RX] [202] <0.00 -132.00 -15.00> result: 90.00 119.87 -49.77 0.00 79.64 0.00
[11:46:27.312] [ARM-RX] [203] <0.00 -132.00 -15.00> result: 90.00 119.87 -49.77 0.00 79.64 0.00
[11:46:27.312] [ARM-RX] [204] <0.00 -132.00 -15.00> result: 90.00 119.87 -49.77 0.00 79.64 0.00
[11:46:27.335] [ARM-RX] [205] <0.00 -132.00 -15.00> result: 90.00 119.87 -49.77 0.00 79.64 0.00
[11:46:27.336] [ARM-RX] [206] <0.00 -132.00 -15.00> result: 90.00 119.87 -49.77 0.00 79.64 0.00
[11:46:27.336] [ARM-RX] [207] <0.00 -132.00 -15.00> result: 90.00 119.87 -49.77 0.00 79.64 0.00
[11:46:27.336] [ARM-RX] [208] <0.00 -132.00 -15.00> result: 9
[11:46:27.362] [ARM-RX] 0.00 119.87 -49.77 0.00 79.64 0.00
[11:46:27.362] [ARM-RX] [209] <0.00 -132.00 -15.00> result: 90.00 119.87 -49.77 0.00 79.64 0.00
[11:46:27.362] [ARM-RX] [210] <0.00 -132.00 -15.00> result: 90.00 119.87 -49.77 0.00 79.64 0.00
[11:46:27.362] [ARM-RX] [211] <0.00 -132.00 -15.00> result: 90.00 119.87 -49.77 0.00 79.64 0.00
[11:46:27.363] [ARM-RX] [
[11:46:27.381] [ARM-RX] 212] <0.00 -132.00 -15.00> result: 90.00 119.87 -49.77 0.00 79.64 0.00
[11:46:27.381] [ARM-RX] [213] <0.00 -132.00 -15.00> result: 90.00 119.87 -49.77 0.00 79.64 0.00
[11:46:27.381] [ARM-RX] [214] <0.00 -132.00 -15.00> result: 90.00 119.87 -49.77 0.00 79.64 0.00
[11:46:27.381] [ARM-RX] [215] <0.00 -132.00 -15.00> result: 90
[11:46:27.416] [ARM-RX] .00 119.87 -49.77 0.00 79.64 0.00
[11:46:27.416] [ARM-RX] [216] <0.00 -132.00 -15.00> result: 90.00 119.87 -49.77 0.00 79.64 0.00
[11:46:27.416] [ARM-RX] [217] <0.00 -132.00 -15.00> result: 90.00 119.87 -49.77 0.00 79.64 0.00
[11:46:27.417] [ARM-RX] [218] <0.00 -132.00 -15.00> result: 90.00 119.87 -49.77 0.00 79.64 0.00
[11:46:27.417] [ARM-RX] [2
[11:46:27.439] [ARM-RX] 19] <0.00 -132.00 -15.00> result: 90.00 119.87 -49.77 0.00 79.64 0.00
[11:46:27.439] [ARM-RX] [220] <0.00 -132.00 -15.00> result: 90.00 119.87 -49.77 0.00 79.64 0.00
[11:46:27.440] [ARM-RX] [221] <0.00 -132.00 -15.00> result: 90.00 119.87 -49.77 0.00 79.64 0.00
[11:46:27.440] [ARM-RX] [222] <0.00 -132.00 -15.00> result: 90.
[11:46:27.462] [ARM-RX] 00 119.87 -49.77 0.00 79.64 0.00
[11:46:27.462] [ARM-RX] [223] <0.00 -132.00 -15.00> result: 90.00 119.87 -49.77 0.00 79.64 0.00
[11:46:27.463] [ARM-RX] [224] <0.00 -132.00 -15.00> result: 90.00 119.87 -49.77 0.00 79.64 0.00
[11:46:27.463] [ARM-RX] [225] <0.00 -132.00 -15.00> result: 90.00 119.87 -49.77 0.00 79.64 0.00
[11:46:27.463] [ARM-RX] [22
[11:46:27.484] [ARM-RX] 6] <0.00 -132.00 -15.00> result: 90.00 119.87 -49.77 0.00 79.64 0.00
[11:46:27.485] [ARM-RX] [227] <0.00 -132.00 -15.00> result: 90.00 119.87 -49.77 0.00 79.64 0.00
[11:46:27.485] [ARM-RX] [228] <0.00 -132.00 -15.00> result: 90.00 119.87 -49.77 0.00 79.64 0.00
[11:46:27.485] [ARM-RX] [229] <0.00 -132.00 -15.00> result: 90.0
[11:46:27.507] [ARM-RX] 0 119.87 -49.77 0.00 79.64 0.00
[11:46:27.507] [ARM-RX] [230] <0.00 -132.00 -15.00> result: 90.00 119.87 -49.77 0.00 79.64 0.00
[11:46:27.507] [ARM-RX] [231] <0.00 -132.00 -15.00> result: 90.00 119.87 -49.77 0.00 79.64 0.00
[11:46:27.507] [ARM-RX] [232] <0.00 -132.00 -15.00> result: 90.00 119.87 -49.77 0.00 79.64 0.00
[11:46:27.509] [ARM-RX] [233
[11:46:27.530] [ARM-RX] ] <0.00 -132.00 -15.00> result: 90.00 119.87 -49.77 0.00 79.64 0.00
[11:46:27.530] [ARM-RX] [234] <0.00 -132.00 -15.00> result: 90.00 119.87 -49.77 0.00 79.64 0.00
[11:46:27.530] [ARM-RX] [235] <0.00 -132.00 -15.00> result: 90.00 119.87 -49.77 0.00 79.64 0.00
[11:46:27.530] [ARM-RX] [236] <0.00 -132.00 -15.00> result: 90.00
[11:46:27.553] [ARM-RX] 119.87 -49.77 0.00 79.64 0.00
[11:46:27.554] [ARM-RX] [237] <0.00 -132.00 -15.00> result: 90.00 119.87 -49.77 0.00 79.64 0.00
[11:46:27.554] [ARM-RX] [238] <0.00 -132.00 -15.00> result: 90.00 119.87 -49.77 0.00 79.64 0.00
[11:46:27.554] [ARM-RX] [239] <0.00 -132.00 -15.00> result: 90.00 119.87 -49.77 0.00 79.64 0.00
[11:46:27.554] [ARM-RX] [240]
[11:46:27.588] [ARM-RX] <0.00 -132.00 -15.00> result: 90.00 119.87 -49.77 0.00 79.64 0.00
[11:46:27.589] [ARM-RX] [241] <0.00 -132.00 -15.00> result: 90.00 119.87 -49.77 0.00 79.64 0.00
[11:46:27.589] [ARM-RX] [242] <0.00 -132.00 -15.00> result: 90.00 119.87 -49.77 0.00 79.64 0.00
[11:46:27.589] [ARM-RX] [243] <0.00 -132.00 -15.00> result: 90.00
[11:46:27.611] [ARM-RX] 119.87 -49.77 0.00 79.64 0.00
[11:46:27.611] [ARM-RX] [244] <0.00 -132.00 -15.00> result: 90.00 119.87 -49.77 0.00 79.64 0.00
[11:46:27.612] [ARM-RX] [245] <0.00 -132.00 -15.00> result: 90.00 119.87 -49.77 0.00 79.64 0.00
[11:46:27.612] [ARM-RX] [246] <0.00 -132.00 -15.00> result: 90.00 119.87 -49.77 0.00 79.64 0.00
[11:46:27.612] [ARM-RX] [247]
[11:46:27.633] [ARM-RX] <0.00 -132.00 -15.00> result: 90.00 119.87 -49.77 0.00 79.64 0.00
[11:46:27.633] [ARM-RX] [248] <0.00 -132.00 -15.00> result: 90.00 119.87 -49.77 0.00 79.64 0.00
[11:46:27.633] [ARM-RX] [249] <0.00 -132.00 -15.00> result: 90.00 119.87 -49.77 0.00 79.64 0.00
[11:46:27.633] [ARM-RX] [250] <0.00 -132.00 -15.00> result: 90.00 1
[11:46:27.656] [ARM-RX] 19.87 -49.77 0.00 79.64 0.00
[11:46:27.656] [ARM-RX] [251] <0.00 -132.00 -15.00> result: 90.00 119.87 -49.77 0.00 79.64 0.00
[11:46:27.656] [ARM-RX] [252] <0.00 -132.00 -15.00> result: 90.00 119.87 -49.77 0.00 79.64 0.00
[11:46:27.656] [ARM-RX] [253] <0.00 -132.00 -15.00> result: 90.00 119.87 -49.77 0.00 79.64 0.00
[11:46:27.658] [ARM-RX] [254] <
[11:46:27.680] [ARM-RX] 0.00 -132.00 -15.00> result: 90.00 119.87 -49.77 0.00 79.64 0.00
[11:46:27.680] [ARM-RX] [255] <0.00 -132.00 -15.00> result: 90.00 119.87 -49.77 0.00 79.64 0.00
[11:46:27.680] [ARM-RX] [256] <0.00 -132.00 -15.00> result: 90.00 119.87 -49.77 0.00 79.64 0.00
[11:46:27.680] [ARM-RX] [257] <0.00 -132.00 -15.00> result: 90.00 11
[11:46:27.703] [ARM-RX] 9.87 -49.77 0.00 79.64 0.00
[11:46:27.703] [ARM-RX] [258] <0.00 -132.00 -15.00> result: 90.00 119.87 -49.77 0.00 79.64 0.00
[11:46:27.704] [ARM-RX] [259] <0.00 -132.00 -15.00> result: 90.00 119.87 -49.77 0.00 79.64 0.00
[11:46:27.704] [ARM-RX] [260] <0.00 -132.00 -15.00> result: 90.00 119.87 -49.77 0.00 79.64 0.00
[11:46:27.704] [ARM-RX] [261] <0
[11:46:27.760] [ARM-RX] .00 -132.00 -15.00> result: 90.00 119.87 -49.77 0.00 79.64 0.00
[11:46:27.761] [ARM-RX] [262] <0.00 -132.00 -15.00> result: 90.00 119.87 -49.77 0.00 79.64 0.00
[11:46:30.566] [ARM-RX] [joint 1] ave_error:0.00
[11:46:30.566] [ARM-RX] [joint 2] ave_error:7.28
[11:46:30.566] [ARM-RX] [joint 3] ave_error:7.77
[11:46:30.566] [ARM-RX] [joint 4] ave_error:0.00
[11:46:30.568] [ARM-RX] [joint 5] ave_error:1.19
[11:46:30.568] [ARM-RX] robot pid run finished!!
[11:46:31.312] [ARM-RX] AUTO final confirm failed: joint 2 err=11.94deg tol=3.00, pose invalid.
[11:46:31.312] [ARM-RX] J1 cur=90.00 target=90.00 err=-0.00
[11:46:31.312] [ARM-RX] J2 cur=130.65 target=119.87 err=-10.78
[11:46:31.313] [ARM-RX] J3 cur=-37.84 target=-49.77 err=-11.94
[11:46:31.313] [ARM-RX] J4 cur=0.00 target=0.00 err=-0.00
[11:46:31.313] [ARM-RX] J5 cu
[11:46:31.375] [ARM-RX] r=79.33 target=79.64 err=0.31
[11:51:12.777] [ARM-TX] 发送命令 soft_reset: soft_reset
[11:51:12.823] [ARM-RX] Found handler for 'soft_reset', executing...
[11:51:12.823] [ARM-RX] ROBOT_SOFT_RESET_EVENT
[11:51:12.823] [ARM-RX] --- Starting soft reset ---
[11:51:13.074] [ARM-RX] Soft reset motors enabled (J1~J5, J6 skipped).
[11:51:13.074] [ARM-RX] Soft resetting joint 4...
[11:51:13.074] [ARM-RX] robot_update_current_angle 4...
[11:51:13.074] [ARM-RX] [4] current:79.33, target:90.00, dir:1
[11:51:14.077] [ARM-RX] Soft resetting joint 3...
[11:51:14.140] [ARM-RX] robot_update_current_angle 3...
[11:51:14.140] [ARM-RX] [3] current:0.00, target:0.00, dir:-1
[11:51:14.266] [ARM-RX] Soft resetting joint 1...
[11:51:14.266] [ARM-RX] robot_update_current_angle 1...
[11:51:14.266] [ARM-RX] [1] current:130.64, target:90.00, dir:-1
[11:51:16.507] [ARM-RX] soft reset joint 1 settle timeout, keep going
[11:51:16.507] [ARM-RX] Soft resetting joint 2...
[11:51:16.507] [ARM-RX] robot_update_current_angle 2...
[11:51:16.507] [ARM-RX] [2] current:-37.84, target:-90.00, dir:-1
[11:51:19.007] [ARM-RX] soft reset joint 2 settle timeout, keep going
[11:51:19.007] [ARM-RX] Soft resetting joint 0...
[11:51:19.007] [ARM-RX] robot_update_current_angle 0...
[11:51:19.007] [ARM-RX] [0] current:90.00, target:90.00, dir:-1
[11:51:19.130] [ARM-RX] soft reset verify not pass, start refine loop...
[11:51:19.253] [ARM-RX] soft reset refine joint 2 round 1: cur=-82.98 target=-90.00 err=7.02 dir=-1
[11:51:20.572] [ARM-RX] soft reset refine pass 1 success.
[11:51:20.572] [ARM-RX] soft reset final verify PASS (issues:2), pose set HOME.
[11:51:59.800] [ARM-TX] 发送命令 auto -30 -70 -15: auto -30 -70 -15
[11:51:59.888] [ARM-RX] Found handler for 'auto', executing...
[11:51:59.888] [ARM-RX] ROBOT_AUTO_EVENT
[11:51:59.888] [ARM-RX] [0] <0.00 0.00 0.00> result: 90.00 90.00 -90.00 0.00 90.00 0.00
[11:51:59.889] [ARM-RX] [1] <-0.00 -0.00 -0.00> result: 90.00 90.00 -90.00 0.00 90.00 0.00
[11:51:59.889] [ARM-RX] [2] <-0.00 -0.00 -0.00> result: 90.00 90.00 -90.00 0.00 90.00 0.00
[11:51:59.911] [ARM-RX] [3] <-0.00 -0.01 -0.00> result: 90.00 90.00 -90.00 0.00 90.00 0.00
[11:51:59.911] [ARM-RX] [4] <-0.01 -0.01 -0.00> result: 89.99 90.01 -90.00 0.01 90.00 0.00
[11:51:59.912] [ARM-RX] [5] <-0.01 -0.02 -0.00> result: 89.99 90.01 -89.99 0.01 90.01 0.00
[11:51:59.912] [ARM-RX] [6] <-0.02 -0.04 -0.01> result: 89.98 90.02 -89.99
[11:51:59.933] [ARM-RX] 0.02 90.01 0.00
[11:51:59.934] [ARM-RX] [7] <-0.03 -0.06 -0.01> result: 89.97 90.03 -89.98 0.03 90.02 0.00
[11:51:59.934] [ARM-RX] [8] <-0.04 -0.09 -0.02> result: 89.96 90.05 -89.98 0.04 90.02 0.00
[11:51:59.934] [ARM-RX] [9] <-0.05 -0.12 -0.03> result: 89.94 90.06 -89.97 0.06 90.03 0.00
[11:51:59.934] [ARM-RX] [10] <-0.07 -0.16 -0.03> result: 89
[11:51:59.957] [ARM-RX] .92 90.09 -89.96 0.08 90.04 0.00
[11:51:59.958] [ARM-RX] [11] <-0.09 -0.21 -0.05> result: 89.89 90.11 -89.94 0.11 90.05 0.00
[11:51:59.958] [ARM-RX] [12] <-0.12 -0.27 -0.06> result: 89.86 90.14 -89.93 0.14 90.07 0.00
[11:51:59.958] [ARM-RX] [13] <-0.15 -0.34 -0.07> result: 89.82 90.18 -89.91 0.18 90.09 0.00
[11:51:59.958] [ARM-RX] [14] <-0.18 -0.
[11:51:59.979] [ARM-RX] 43 -0.09> result: 89.78 90.22 -89.89 0.22 90.11 0.00
[11:51:59.979] [ARM-RX] [15] <-0.22 -0.52 -0.11> result: 89.73 90.27 -89.86 0.27 90.13 0.00
[11:51:59.980] [ARM-RX] [16] <-0.27 -0.63 -0.13> result: 89.68 90.33 -89.83 0.32 90.16 0.00
[11:51:59.980] [ARM-RX] [17] <-0.32 -0.75 -0.16> result: 89.62 90.39 -89.80 0.38 90.19 0
[11:52:00.003] [ARM-RX] .00
[11:52:00.003] [ARM-RX] [18] <-0.38 -0.88 -0.19> result: 89.55 90.46 -89.76 0.45 90.22 0.00
[11:52:00.004] [ARM-RX] [19] <-0.44 -1.03 -0.22> result: 89.48 90.53 -89.72 0.52 90.26 0.00
[11:52:00.004] [ARM-RX] [20] <-0.51 -1.19 -0.26> result: 89.40 90.62 -89.68 0.60 90.30 0.00
[11:52:00.004] [ARM-RX] [21] <-0.59 -1.37 -0.29> result: 89.31 90.71
[11:52:00.025] [ARM-RX] -89.63 0.69 90.34 0.00
[11:52:00.025] [ARM-RX] [22] <-0.67 -1.57 -0.34> result: 89.22 90.81 -89.58 0.78 90.39 0.00
[11:52:00.025] [ARM-RX] [23] <-0.77 -1.79 -0.38> result: 89.11 90.92 -89.52 0.89 90.44 0.00
[11:52:00.027] [ARM-RX] [24] <-0.87 -2.02 -0.43> result: 89.00 91.03 -89.46 1.00 90.49 0.00
[11:52:00.027] [ARM-RX] [25] <-0.97 -2.27 -0.49>
[11:52:00.061] [ARM-RX] result: 88.88 91.16 -89.39 1.12 90.55 0.00
[11:52:00.061] [ARM-RX] [26] <-1.09 -2.54 -0.54> result: 88.76 91.29 -89.31 1.24 90.61 0.00
[11:52:00.061] [ARM-RX] [27] <-1.21 -2.83 -0.61> result: 88.62 91.44 -89.23 1.38 90.67 0.00
[11:52:00.061] [ARM-RX] [28] <-1.35 -3.15 -0.67> result: 88.48 91.59 -89.15 1.52 90.74 0.00
[11:52:00.062] [ARM-RX] [29]
[11:52:00.084] [ARM-RX] <-1.49 -3.48 -0.75> result: 88.33 91.75 -89.06 1.67 90.81 0.00
[11:52:00.084] [ARM-RX] [30] <-1.64 -3.83 -0.82> result: 88.17 91.92 -88.96 1.83 90.88 0.00
[11:52:00.084] [ARM-RX] [31] <-1.80 -4.21 -0.90> result: 88.01 92.10 -88.86 1.99 90.95 0.00
[11:52:00.084] [ARM-RX] [32] <-1.98 -4.61 -0.99> result: 87.83 92.29 -88.75 2
[11:52:00.107] [ARM-RX] .17 91.03 0.00
[11:52:00.108] [ARM-RX] [33] <-2.16 -5.03 -1.08> result: 87.66 92.48 -88.63 2.35 91.11 0.00
[11:52:00.108] [ARM-RX] [34] <-2.35 -5.48 -1.17> result: 87.47 92.69 -88.50 2.53 91.19 0.00
[11:52:00.108] [ARM-RX] [35] <-2.55 -5.95 -1.27> result: 87.28 92.91 -88.37 2.72 91.28 0.00
[11:52:00.108] [ARM-RX] [36] <-2.76 -6.44 -1.38> result:
[11:52:00.131] [ARM-RX] 87.08 93.13 -88.24 2.92 91.36 0.00
[11:52:00.131] [ARM-RX] [37] <-2.98 -6.96 -1.49> result: 86.87 93.36 -88.09 3.13 91.45 0.00
[11:52:00.131] [ARM-RX] [38] <-3.22 -7.50 -1.61> result: 86.66 93.60 -87.94 3.34 91.54 0.00
[11:52:00.131] [ARM-RX] [39] <-3.46 -8.07 -1.73> result: 86.45 93.85 -87.77 3.56 91.62 0.00
[11:52:00.131] [ARM-RX] [40] <-3.71 -
[11:52:00.153] [ARM-RX] 8.67 -1.86> result: 86.23 94.11 -87.61 3.78 91.71 0.00
[11:52:00.153] [ARM-RX] [41] <-3.98 -9.29 -1.99> result: 86.00 94.37 -87.43 4.00 91.80 0.00
[11:52:00.153] [ARM-RX] [42] <-4.26 -9.93 -2.13> result: 85.77 94.65 -87.24 4.23 91.89 0.00
[11:52:00.153] [ARM-RX] [43] <-4.55 -10.61 -2.27> result: 85.54 94.93 -87.05 4.47 91.9
[11:52:00.215] [ARM-RX] 7 0.00
[11:52:00.215] [ARM-RX] robot_auto_move_interpolation robot kinematics inverse failed
[11:52:10.430] [ARM-TX] 发送命令 auto -30 -90 -15: auto -30 -90 -15
[11:52:10.504] [ARM-RX] Found handler for 'auto', executing...
[11:52:10.504] [ARM-RX] ROBOT_AUTO_EVENT
[11:52:10.505] [ARM-RX] [0] <0.00 0.00 0.00> result: 90.00 90.00 -90.00 0.00 90.00 0.00
[11:52:10.505] [ARM-RX] [1] <-0.00 -0.00 -0.00> result: 90.00 90.00 -90.00 0.00 90.00 0.00
[11:52:10.505] [ARM-RX] [2] <-0.00 -0.00 -0.00> result: 90.00 90.00 -90.00
[11:52:10.535] [ARM-RX] 0.00 90.00 0.00
[11:52:10.535] [ARM-RX] [3] <-0.00 -0.01 -0.00> result: 90.00 90.00 -90.00 0.00 90.00 0.00
[11:52:10.535] [ARM-RX] [4] <-0.00 -0.01 -0.00> result: 90.00 90.01 -90.00 0.00 90.00 0.00
[11:52:10.535] [ARM-RX] [5] <-0.01 -0.02 -0.00> result: 89.99 90.01 -89.99 0.01 90.00 0.00
[11:52:10.536] [ARM-RX] [6] <-0.01 -0.04 -0.01> result: 89.
[11:52:10.557] [ARM-RX] 99 90.02 -89.99 0.01 90.01 0.00
[11:52:10.557] [ARM-RX] [7] <-0.02 -0.06 -0.01> result: 89.98 90.03 -89.98 0.02 90.01 0.00
[11:52:10.558] [ARM-RX] [8] <-0.03 -0.08 -0.01> result: 89.97 90.04 -89.98 0.03 90.02 0.00
[11:52:10.558] [ARM-RX] [9] <-0.04 -0.11 -0.02> result: 89.95 90.05 -89.97 0.05 90.02 0.00
[11:52:10.558] [ARM-RX] [10] <-0.05 -0.15 -
[11:52:10.581] [ARM-RX] 0.03> result: 89.94 90.07 -89.96 0.06 90.03 0.00
[11:52:10.581] [ARM-RX] [11] <-0.07 -0.20 -0.03> result: 89.92 90.09 -89.95 0.08 90.04 0.00
[11:52:10.581] [ARM-RX] [12] <-0.09 -0.26 -0.04> result: 89.90 90.12 -89.93 0.10 90.05 0.00
[11:52:10.581] [ARM-RX] [13] <-0.11 -0.32 -0.05> result: 89.87 90.15 -89.91 0.13 90.06 0.00
[11:52:10.603] [ARM-RX] [14] <-0.13 -0.40 -0.07> result: 89.84 90.19 -89.89 0.16 90.08 0.00
[11:52:10.604] [ARM-RX] [15] <-0.16 -0.49 -0.08> result: 89.81 90.23 -89.87 0.19 90.10 0.00
[11:52:10.604] [ARM-RX] [16] <-0.20 -0.59 -0.10> result: 89.77 90.27 -89.84 0.23 90.12 0.00
[11:52:10.604] [ARM-RX] [17] <-0.23 -0.70 -0.12> result: 89.72 90.33 -89
[11:52:10.627] [ARM-RX] .81 0.28 90.14 0.00
[11:52:10.627] [ARM-RX] [18] <-0.27 -0.82 -0.14> result: 89.67 90.38 -89.78 0.33 90.16 0.00
[11:52:10.628] [ARM-RX] [19] <-0.32 -0.96 -0.16> result: 89.62 90.45 -89.74 0.38 90.19 0.00
[11:52:10.628] [ARM-RX] [20] <-0.37 -1.12 -0.19> result: 89.56 90.52 -89.70 0.44 90.22 0.00
[11:52:10.628] [ARM-RX] [21] <-0.43 -1.29 -0.21> res
[11:52:10.649] [ARM-RX] ult: 89.50 90.60 -89.65 0.50 90.25 0.00
[11:52:10.650] [ARM-RX] [22] <-0.49 -1.47 -0.25> result: 89.43 90.68 -89.60 0.57 90.28 0.00
[11:52:10.650] [ARM-RX] [23] <-0.56 -1.68 -0.28> result: 89.35 90.77 -89.54 0.65 90.32 0.00
[11:52:10.650] [ARM-RX] [24] <-0.63 -1.90 -0.32> result: 89.27 90.87 -89.48 0.73 90.36 0.00
[11:52:10.650] [ARM-RX] [25] <-0
[11:52:10.672] [ARM-RX] .71 -2.13 -0.36> result: 89.18 90.98 -89.42 0.82 90.40 0.00
[11:52:10.673] [ARM-RX] [26] <-0.80 -2.39 -0.40> result: 89.09 91.09 -89.35 0.91 90.44 0.00
[11:52:10.673] [ARM-RX] [27] <-0.89 -2.67 -0.44> result: 88.99 91.22 -89.27 1.01 90.49 0.00
[11:52:10.673] [ARM-RX] [28] <-0.99 -2.96 -0.49> result: 88.88 91.35 -89.19 1.12
[11:52:10.708] [ARM-RX] 90.54 0.00
[11:52:10.708] [ARM-RX] [29] <-1.09 -3.28 -0.55> result: 88.77 91.48 -89.10 1.23 90.59 0.00
[11:52:10.708] [ARM-RX] [30] <-1.20 -3.61 -0.60> result: 88.65 91.63 -89.01 1.35 90.64 0.00
[11:52:10.709] [ARM-RX] [31] <-1.32 -3.97 -0.66> result: 88.53 91.78 -88.91 1.47 90.70 0.00
[11:52:10.709] [ARM-RX] [32] <-1.45 -4.35 -0.72> result: 88.4
[11:52:10.731] [ARM-RX] 0 91.95 -88.81 1.60 90.75 0.00
[11:52:10.731] [ARM-RX] [33] <-1.58 -4.75 -0.79> result: 88.27 92.12 -88.69 1.73 90.81 0.00
[11:52:10.731] [ARM-RX] [34] <-1.72 -5.17 -0.86> result: 88.13 92.30 -88.57 1.87 90.87 0.00
[11:52:10.731] [ARM-RX] [35] <-1.87 -5.62 -0.94> result: 87.98 92.48 -88.45 2.02 90.93 0.00
[11:52:10.731] [ARM-RX] [36] <-2.03 -6.09
[11:52:10.753] [ARM-RX] -1.02> result: 87.84 92.68 -88.32 2.17 90.99 0.00
[11:52:10.754] [ARM-RX] [37] <-2.20 -6.59 -1.10> result: 87.68 92.88 -88.18 2.32 91.05 0.00
[11:52:10.754] [ARM-RX] [38] <-2.37 -7.11 -1.18> result: 87.52 93.09 -88.03 2.48 91.12 0.00
[11:52:10.754] [ARM-RX] [39] <-2.55 -7.65 -1.28> result: 87.36 93.30 -87.88 2.64 91.18 0.0
[11:52:10.777] [ARM-RX] 0
[11:52:10.777] [ARM-RX] [40] <-2.74 -8.22 -1.37> result: 87.19 93.53 -87.72 2.81 91.24 0.00
[11:52:10.778] [ARM-RX] [41] <-2.94 -8.82 -1.47> result: 87.02 93.76 -87.55 2.98 91.31 0.00
[11:52:10.778] [ARM-RX] [42] <-3.15 -9.44 -1.57> result: 86.84 94.00 -87.37 3.16 91.37 0.00
[11:52:10.778] [ARM-RX] [43] <-3.36 -10.09 -1.68> result: 86.67 94.25
[11:52:10.800] [ARM-RX] -87.19 3.33 91.43 0.00
[11:52:10.800] [ARM-RX] [44] <-3.59 -10.76 -1.79> result: 86.49 94.50 -86.99 3.52 91.49 0.00
[11:52:10.801] [ARM-RX] [45] <-3.82 -11.46 -1.91> result: 86.30 94.76 -86.79 3.70 91.55 0.00
[11:52:10.801] [ARM-RX] [46] <-4.06 -12.19 -2.03> result: 86.11 95.02 -86.58 3.89 91.60 0.00
[11:52:10.801] [ARM-RX] [47] <-4.31 -12.94 -2.
[11:52:10.823] [ARM-RX] 16> result: 85.93 95.30 -86.36 4.08 91.66 0.00
[11:52:10.823] [ARM-RX] [48] <-4.57 -13.72 -2.29> result: 85.74 95.58 -86.14 4.27 91.71 0.00
[11:52:10.823] [ARM-RX] [49] <-4.84 -14.53 -2.42> result: 85.54 95.86 -85.90 4.46 91.76 0.00
[11:52:10.823] [ARM-RX] [50] <-5.12 -15.37 -2.56> result: 85.35 96.15 -85.66 4.65 91.80 0.00
[11:52:10.846] [ARM-RX] [51] <-5.41 -16.24 -2.71> result: 85.16 96.44 -85.41 4.85 91.84 0.00
[11:52:10.846] [ARM-RX] [52] <-5.71 -17.13 -2.85> result: 84.96 96.75 -85.14 5.04 91.88 0.00
[11:52:10.847] [ARM-RX] [53] <-6.02 -18.05 -3.01> result: 84.77 97.05 -84.87 5.24 91.92 0.00
[11:52:10.847] [ARM-RX] [54] <-6.33 -19.00 -3.17> result: 84.57 97.3
[11:52:10.906] [ARM-RX] 6 -84.59 5.43 91.95 0.00
[11:52:10.906] [ARM-RX] [55] <-6.66 -19.98 -3.33> result: 84.37 97.68 -84.31 5.63 91.97 0.00
[11:52:10.906] [ARM-RX] [56] <-6.99 -20.98 -3.50> result: 84.18 98.00 -84.01 5.82 91.99 0.00
[11:52:10.906] [ARM-RX] robot_auto_move_interpolation robot kinematics inverse failed
[11:52:14.760] [ARM-TX] 发送命令 auto -30 -90 -10: auto -30 -90 -10
[11:52:14.819] [ARM-RX] Found handler for 'auto', executing...
[11:52:14.819] [ARM-RX] ROBOT_AUTO_EVENT
[11:52:14.819] [ARM-RX] [0] <0.00 0.00 0.00> result: 90.00 90.00 -90.00 0.00 90.00 0.00
[11:52:14.819] [ARM-RX] [1] <-0.00 -0.00 -0.00> result: 90.00 90.00 -90.00 0.00 90.00 0.00
[11:52:14.820] [ARM-RX] [2] <-0.00 -0.00 -0.00> result: 90.00 90.00 -90.00 0.00 90.00 0.00
[11:52:14.843] [ARM-RX] [3] <-0.00 -0.01 -0.00> result: 90.00 90.00 -90.00 0.00 90.00 0.00
[11:52:14.843] [ARM-RX] [4] <-0.00 -0.01 -0.00> result: 90.00 90.00 -90.00 0.00 90.00 0.00
[11:52:14.843] [ARM-RX] [5] <-0.01 -0.02 -0.00> result: 89.99 90.01 -89.99 0.01 90.00 0.00
[11:52:14.843] [ARM-RX] [6] <-0.01 -0.04 -0.00> result: 89.99 90.01 -89.99
[11:52:14.865] [ARM-RX] 0.01 90.00 0.00
[11:52:14.865] [ARM-RX] [7] <-0.02 -0.06 -0.01> result: 89.98 90.02 -89.98 0.02 90.01 0.00
[11:52:14.865] [ARM-RX] [8] <-0.03 -0.08 -0.01> result: 89.97 90.03 -89.98 0.03 90.01 0.00
[11:52:14.865] [ARM-RX] [9] <-0.04 -0.11 -0.01> result: 89.95 90.05 -89.97 0.05 90.02 0.00
[11:52:14.866] [ARM-RX] [10] <-0.05 -0.15 -0.02> result: 89
[11:52:14.890] [ARM-RX] .94 90.06 -89.96 0.06 90.02 0.00
[11:52:14.890] [ARM-RX] [11] <-0.07 -0.20 -0.02> result: 89.92 90.08 -89.94 0.08 90.03 0.00
[11:52:14.890] [ARM-RX] [12] <-0.09 -0.26 -0.03> result: 89.90 90.11 -89.93 0.10 90.03 0.00
[11:52:14.890] [ARM-RX] [13] <-0.11 -0.33 -0.04> result: 89.87 90.13 -89.91 0.13 90.04 0.00
[11:52:14.891] [ARM-RX] [14] <-0.13 -0.
[11:52:14.910] [ARM-RX] 40 -0.04> result: 89.84 90.16 -89.89 0.16 90.05 0.00
[11:52:14.911] [ARM-RX] [15] <-0.16 -0.49 -0.05> result: 89.80 90.20 -89.86 0.20 90.06 0.00
[11:52:14.911] [ARM-RX] [16] <-0.20 -0.59 -0.07> result: 89.77 90.24 -89.84 0.23 90.08 0.00
[11:52:14.911] [ARM-RX] [17] <-0.24 -0.71 -0.08> result: 89.72 90.29 -89.80 0.28 90.09 0
[11:52:14.934] [ARM-RX] .00
[11:52:14.935] [ARM-RX] [18] <-0.28 -0.83 -0.09> result: 89.67 90.34 -89.77 0.33 90.11 0.00
[11:52:14.935] [ARM-RX] [19] <-0.32 -0.97 -0.11> result: 89.62 90.39 -89.73 0.38 90.13 0.00
[11:52:14.935] [ARM-RX] [20] <-0.38 -1.13 -0.13> result: 89.56 90.46 -89.69 0.44 90.14 0.00
[11:52:14.935] [ARM-RX] [21] <-0.43 -1.30 -0.14> result: 89.49 90.53
[11:52:14.957] [ARM-RX] -89.64 0.51 90.16 0.00
[11:52:14.957] [ARM-RX] [22] <-0.50 -1.49 -0.17> result: 89.42 90.60 -89.59 0.58 90.19 0.00
[11:52:14.957] [ARM-RX] [23] <-0.56 -1.69 -0.19> result: 89.34 90.68 -89.53 0.66 90.21 0.00
[11:52:14.957] [ARM-RX] [24] <-0.64 -1.92 -0.21> result: 89.26 90.77 -89.47 0.74 90.24 0.00
[11:52:14.958] [ARM-RX] [25] <-0.72 -2.16 -0.24>
[11:52:14.992] [ARM-RX] result: 89.17 90.86 -89.40 0.83 90.26 0.00
[11:52:14.992] [ARM-RX] [26] <-0.80 -2.41 -0.27> result: 89.08 90.96 -89.33 0.92 90.29 0.00
[11:52:14.992] [ARM-RX] [27] <-0.90 -2.69 -0.30> result: 88.98 91.07 -89.25 1.02 90.32 0.00
[11:52:14.992] [ARM-RX] [28] <-1.00 -2.99 -0.33> result: 88.87 91.18 -89.17 1.13 90.35 0.00
[11:52:14.993] [ARM-RX] [29]
[11:52:15.014] [ARM-RX] <-1.10 -3.31 -0.37> result: 88.76 91.31 -89.08 1.24 90.38 0.00
[11:52:15.014] [ARM-RX] [30] <-1.22 -3.65 -0.41> result: 88.64 91.44 -88.98 1.36 90.42 0.00
[11:52:15.015] [ARM-RX] [31] <-1.34 -4.01 -0.45> result: 88.52 91.57 -88.88 1.48 90.45 0.00
[11:52:15.015] [ARM-RX] [32] <-1.46 -4.39 -0.49> result: 88.39 91.71 -88.77 1
[11:52:15.037] [ARM-RX] .61 90.49 0.00
[11:52:15.038] [ARM-RX] [33] <-1.60 -4.80 -0.53> result: 88.25 91.86 -88.66 1.75 90.52 0.00
[11:52:15.038] [ARM-RX] [34] <-1.74 -5.23 -0.58> result: 88.11 92.02 -88.54 1.89 90.56 0.00
[11:52:15.038] [ARM-RX] [35] <-1.89 -5.68 -0.63> result: 87.97 92.19 -88.41 2.03 90.60 0.00
[11:52:15.038] [ARM-RX] [36] <-2.05 -6.15 -0.68> result:
[11:52:15.061] [ARM-RX] 87.82 92.36 -88.27 2.18 90.63 0.00
[11:52:15.061] [ARM-RX] [37] <-2.22 -6.65 -0.74> result: 87.66 92.54 -88.13 2.34 90.67 0.00
[11:52:15.061] [ARM-RX] [38] <-2.39 -7.18 -0.80> result: 87.50 92.72 -87.98 2.50 90.70 0.00
[11:52:15.061] [ARM-RX] [39] <-2.58 -7.73 -0.86> result: 87.34 92.92 -87.82 2.66 90.74 0.00
[11:52:15.061] [ARM-RX] [40] <-2.77 -
[11:52:15.083] [ARM-RX] 8.30 -0.92> result: 87.17 93.12 -87.66 2.83 90.77 0.00
[11:52:15.083] [ARM-RX] [41] <-2.97 -8.90 -0.99> result: 86.99 93.32 -87.49 3.01 90.81 0.00
[11:52:15.084] [ARM-RX] [42] <-3.18 -9.53 -1.06> result: 86.82 93.53 -87.31 3.18 90.84 0.00
[11:52:15.084] [ARM-RX] [43] <-3.39 -10.18 -1.13> result: 86.64 93.75 -87.12 3.36 90.8
[11:52:15.108] [ARM-RX] 7 0.00
[11:52:15.108] [ARM-RX] [44] <-3.62 -10.86 -1.21> result: 86.46 93.98 -86.92 3.54 90.90 0.00
[11:52:15.108] [ARM-RX] [45] <-3.86 -11.57 -1.29> result: 86.27 94.21 -86.72 3.73 90.92 0.00
[11:52:15.109] [ARM-RX] [46] <-4.10 -12.31 -1.37> result: 86.08 94.45 -86.50 3.92 90.95 0.00
[11:52:15.109] [ARM-RX] [47] <-4.36 -13.07 -1.45> result: 85.9
[11:52:15.132] [ARM-RX] 0 94.69 -86.28 4.11 90.97 0.00
[11:52:15.133] [ARM-RX] [48] <-4.62 -13.86 -1.54> result: 85.70 94.94 -86.05 4.30 90.99 0.00
[11:52:15.133] [ARM-RX] [49] <-4.89 -14.67 -1.63> result: 85.51 95.20 -85.81 4.49 91.00 0.00
[11:52:15.133] [ARM-RX] [50] <-5.17 -15.52 -1.72> result: 85.32 95.46 -85.56 4.68 91.02 0.00
[11:52:15.133] [ARM-RX] [51] <-5.46 -1
[11:52:15.153] [ARM-RX] 6.39 -1.82> result: 85.12 95.72 -85.31 4.88 91.02 0.00
[11:52:15.153] [ARM-RX] [52] <-5.76 -17.29 -1.92> result: 84.93 95.99 -85.04 5.07 91.03 0.00
[11:52:15.154] [ARM-RX] [53] <-6.07 -18.22 -2.02> result: 84.73 96.27 -84.77 5.27 91.03 0.00
[11:52:15.154] [ARM-RX] [54] <-6.39 -19.18 -2.13> result: 84.53 96.55 -84.48 5.47 91
[11:52:15.188] [ARM-RX] .03 0.00
[11:52:15.188] [ARM-RX] [55] <-6.72 -20.17 -2.24> result: 84.34 96.83 -84.19 5.66 91.02 0.00
[11:52:15.189] [ARM-RX] [56] <-7.06 -21.18 -2.35> result: 84.14 97.12 -83.89 5.86 91.00 0.00
[11:52:15.189] [ARM-RX] [57] <-7.41 -22.22 -2.47> result: 83.95 97.42 -83.58 6.05 90.99 0.00
[11:52:15.189] [ARM-RX] [58] <-7.76 -23.29 -2.59> result: 83
[11:52:15.212] [ARM-RX] .75 97.71 -83.26 6.25 90.96 0.00
[11:52:15.212] [ARM-RX] [59] <-8.13 -24.39 -2.71> result: 83.56 98.01 -82.93 6.44 90.93 0.00
[11:52:15.212] [ARM-RX] [60] <-8.51 -25.52 -2.84> result: 83.37 98.32 -82.59 6.63 90.90 0.00
[11:52:15.212] [ARM-RX] [61] <-8.89 -26.67 -2.96> result: 83.18 98.63 -82.24 6.82 90.86 0.00
[11:52:15.212] [ARM-RX] [62] <-9.29
[11:52:15.234] [ARM-RX] -27.86 -3.10> result: 82.99 98.94 -81.88 7.01 90.82 0.00
[11:52:15.235] [ARM-RX] [63] <-9.69 -29.07 -3.23> result: 82.80 99.26 -81.52 7.20 90.77 0.00
[11:52:15.235] [ARM-RX] [64] <-10.10 -30.31 -3.37> result: 82.61 99.57 -81.14 7.39 90.71 0.00
[11:52:15.235] [ARM-RX] [65] <-10.52 -31.57 -3.51> result: 82.43 99.90 -80.76 7.5
[11:52:15.257] [ARM-RX] 7 90.65 0.00
[11:52:15.258] [ARM-RX] [66] <-10.95 -32.86 -3.65> result: 82.25 100.22 -80.36 7.75 90.58 0.00
[11:52:15.258] [ARM-RX] [67] <-11.39 -34.18 -3.80> result: 82.07 100.55 -79.96 7.93 90.51 0.00
[11:52:15.258] [ARM-RX] [68] <-11.84 -35.53 -3.95> result: 81.89 100.88 -79.55 8.11 90.43 0.00
[11:52:15.258] [ARM-RX] [69] <-12.30 -36.90 -4.10>
[11:52:15.280] [ARM-RX] result: 81.72 101.21 -79.13 8.28 90.34 0.00
[11:52:15.281] [ARM-RX] [70] <-12.77 -38.30 -4.26> result: 81.55 101.55 -78.70 8.45 90.25 0.00
[11:52:15.281] [ARM-RX] [71] <-13.24 -39.73 -4.41> result: 81.38 101.89 -78.26 8.62 90.15 0.00
[11:52:15.281] [ARM-RX] [72] <-13.73 -41.18 -4.58> result: 81.21 102.23 -77.81 8.79 90.04
[11:52:15.303] [ARM-RX] 0.00
[11:52:15.303] [ARM-RX] [73] <-14.22 -42.65 -4.74> result: 81.05 102.57 -77.36 8.95 89.93 0.00
[11:52:15.304] [ARM-RX] [74] <-14.72 -44.15 -4.91> result: 80.89 102.92 -76.89 9.11 89.81 0.00
[11:52:15.304] [ARM-RX] [75] <-15.23 -45.68 -5.08> result: 80.73 103.27 -76.42 9.27 89.69 0.00
[11:52:15.304] [ARM-RX] [76] <-15.74 -47.22 -5.25> result:
[11:52:15.327] [ARM-RX] 80.58 103.62 -75.94 9.42 89.56 0.00
[11:52:15.327] [ARM-RX] [77] <-16.27 -48.80 -5.42> result: 80.43 103.97 -75.45 9.58 89.43 0.00
[11:52:15.327] [ARM-RX] [78] <-16.80 -50.39 -5.60> result: 80.28 104.32 -74.95 9.72 89.28 0.00
[11:52:15.328] [ARM-RX] [79] <-17.34 -52.01 -5.78> result: 80.13 104.68 -74.44 9.87 89.14 0.00
[11:52:15.328] [ARM-RX] [8
[11:52:15.362] [ARM-RX] 0] <-17.88 -53.65 -5.96> result: 79.99 105.04 -73.93 10.02 88.98 0.00
[11:52:15.362] [ARM-RX] [81] <-18.44 -55.31 -6.15> result: 79.85 105.40 -73.41 10.16 88.82 0.00
[11:52:15.362] [ARM-RX] [82] <-19.00 -56.99 -6.33> result: 79.71 105.76 -72.88 10.29 88.66 0.00
[11:52:15.363] [ARM-RX] [83] <-19.56 -58.69 -6.52> result: 79.5
[11:52:15.385] [ARM-RX] 7 106.12 -72.34 10.43 88.49 0.00
[11:52:15.385] [ARM-RX] [84] <-20.14 -60.41 -6.71> result: 79.44 106.49 -71.79 10.56 88.31 0.00
[11:52:15.385] [ARM-RX] [85] <-20.72 -62.15 -6.91> result: 79.31 106.85 -71.24 10.69 88.13 0.00
[11:52:15.385] [ARM-RX] [86] <-21.31 -63.92 -7.10> result: 79.19 107.22 -70.68 10.82 87.94 0.00
[11:52:15.386] [ARM-RX] [87
[11:52:15.407] [ARM-RX] ] <-21.90 -65.69 -7.30> result: 79.06 107.59 -70.12 10.95 87.75 0.00
[11:52:15.408] [ARM-RX] [88] <-22.50 -67.49 -7.50> result: 78.94 107.96 -69.54 11.07 87.55 0.00
[11:52:15.408] [ARM-RX] [89] <-23.10 -69.30 -7.70> result: 78.82 108.33 -68.96 11.19 87.35 0.00
[11:52:15.408] [ARM-RX] [90] <-23.71 -71.13 -7.90> result: 78.71
[11:52:15.432] [ARM-RX] 108.71 -68.38 11.30 87.14 0.00
[11:52:15.433] [ARM-RX] [91] <-24.32 -72.97 -8.11> result: 78.60 109.08 -67.78 11.42 86.93 0.00
[11:52:15.433] [ARM-RX] [92] <-24.94 -74.83 -8.31> result: 78.49 109.46 -67.18 11.53 86.71 0.00
[11:52:15.433] [ARM-RX] [93] <-25.57 -76.71 -8.52> result: 78.38 109.83 -66.58 11.64 86.49 0.00
[11:52:15.433] [ARM-RX] [94]
[11:52:15.455] [ARM-RX] <-26.20 -78.59 -8.73> result: 78.27 110.21 -65.97 11.75 86.26 0.00
[11:52:15.455] [ARM-RX] [95] <-26.83 -80.49 -8.94> result: 78.17 110.59 -65.35 11.86 86.03 0.00
[11:52:15.455] [ARM-RX] [96] <-27.47 -82.40 -9.16> result: 78.07 110.97 -64.73 11.96 85.79 0.00
[11:52:15.456] [ARM-RX] [97] <-28.11 -84.33 -9.37> result: 77.97
[11:52:15.478] [ARM-RX] 111.35 -64.10 12.06 85.55 0.00
[11:52:15.479] [ARM-RX] [98] <-28.75 -86.26 -9.58> result: 77.88 111.73 -63.47 12.16 85.31 0.00
[11:52:15.479] [ARM-RX] [99] <-29.40 -88.20 -9.80> result: 77.79 112.11 -62.84 12.26 85.06 0.00
[11:52:15.480] [ARM-RX] [100] <-30.00 -90.00 -10.00> result: 77.70 112.46 -62.24 12.35 84.83 0.00
[11:52:15.480] [ARM-RX] [10
[11:52:15.503] [ARM-RX] 1] <-30.00 -90.00 -10.00> result: 77.70 112.46 -62.24 12.35 84.83 0.00
[11:52:15.503] [ARM-RX] [102] <-30.00 -90.00 -10.00> result: 77.70 112.46 -62.24 12.35 84.83 0.00
[11:52:15.503] [ARM-RX] [103] <-30.00 -90.00 -10.00> result: 77.70 112.46 -62.24 12.35 84.83 0.00
[11:52:15.503] [ARM-RX] [104] <-30.00 -90.00 -10.00> resul
[11:52:15.524] [ARM-RX] t: 77.70 112.46 -62.24 12.35 84.83 0.00
[11:52:15.524] [ARM-RX] [105] <-30.00 -90.00 -10.00> result: 77.70 112.46 -62.24 12.35 84.83 0.00
[11:52:15.524] [ARM-RX] [106] <-30.00 -90.00 -10.00> result: 77.70 112.46 -62.24 12.35 84.83 0.00
[11:52:15.524] [ARM-RX] [107] <-30.00 -90.00 -10.00> result: 77.70 112.46 -62.24 12.35 84
[11:52:15.559] [ARM-RX] .83 0.00
[11:52:15.559] [ARM-RX] [108] <-30.00 -90.00 -10.00> result: 77.70 112.46 -62.24 12.35 84.83 0.00
[11:52:15.559] [ARM-RX] [109] <-30.00 -90.00 -10.00> result: 77.70 112.46 -62.24 12.35 84.83 0.00
[11:52:15.560] [ARM-RX] [110] <-30.00 -90.00 -10.00> result: 77.70 112.46 -62.24 12.35 84.83 0.00
[11:52:15.560] [ARM-RX] [111] <-30.00 -90.00
[11:52:15.582] [ARM-RX] -10.00> result: 77.70 112.46 -62.24 12.35 84.83 0.00
[11:52:15.582] [ARM-RX] [112] <-30.00 -90.00 -10.00> result: 77.70 112.46 -62.24 12.35 84.83 0.00
[11:52:15.582] [ARM-RX] [113] <-30.00 -90.00 -10.00> result: 77.70 112.46 -62.24 12.35 84.83 0.00
[11:52:15.582] [ARM-RX] [114] <-30.00 -90.00 -10.00> result: 77.70 112.46 -6
[11:52:15.604] [ARM-RX] 2.24 12.35 84.83 0.00
[11:52:15.605] [ARM-RX] [115] <-30.00 -90.00 -10.00> result: 77.70 112.46 -62.24 12.35 84.83 0.00
[11:52:15.605] [ARM-RX] [116] <-30.00 -90.00 -10.00> result: 77.70 112.46 -62.24 12.35 84.83 0.00
[11:52:15.605] [ARM-RX] [117] <-30.00 -90.00 -10.00> result: 77.70 112.46 -62.24 12.35 84.83 0.00
[11:52:15.605] [ARM-RX] [118] <-
[11:52:15.628] [ARM-RX] 30.00 -90.00 -10.00> result: 77.70 112.46 -62.24 12.35 84.83 0.00
[11:52:15.628] [ARM-RX] [119] <-30.00 -90.00 -10.00> result: 77.70 112.46 -62.24 12.35 84.83 0.00
[11:52:15.628] [ARM-RX] [120] <-30.00 -90.00 -10.00> result: 77.70 112.46 -62.24 12.35 84.83 0.00
[11:52:15.628] [ARM-RX] [121] <-30.00 -90.00 -10.00> result: 77
[11:52:15.650] [ARM-RX] .70 112.46 -62.24 12.35 84.83 0.00
[11:52:15.651] [ARM-RX] [122] <-30.00 -90.00 -10.00> result: 77.70 112.46 -62.24 12.35 84.83 0.00
[11:52:15.651] [ARM-RX] [123] <-30.00 -90.00 -10.00> result: 77.70 112.46 -62.24 12.35 84.83 0.00
[11:52:15.651] [ARM-RX] [124] <-30.00 -90.00 -10.00> result: 77.70 112.46 -62.24 12.35 84.83 0
[11:52:15.674] [ARM-RX] .00
[11:52:15.674] [ARM-RX] [125] <-30.00 -90.00 -10.00> result: 77.70 112.46 -62.24 12.35 84.83 0.00
[11:52:15.674] [ARM-RX] [126] <-30.00 -90.00 -10.00> result: 77.70 112.46 -62.24 12.35 84.83 0.00
[11:52:15.674] [ARM-RX] [127] <-30.00 -90.00 -10.00> result: 77.70 112.46 -62.24 12.35 84.83 0.00
[11:52:15.675] [ARM-RX] [128] <-30.00 -90.00 -10.0
[11:52:15.696] [ARM-RX] 0> result: 77.70 112.46 -62.24 12.35 84.83 0.00
[11:52:15.697] [ARM-RX] [129] <-30.00 -90.00 -10.00> result: 77.70 112.46 -62.24 12.35 84.83 0.00
[11:52:15.697] [ARM-RX] [130] <-30.00 -90.00 -10.00> result: 77.70 112.46 -62.24 12.35 84.83 0.00
[11:52:15.697] [ARM-RX] [131] <-30.00 -90.00 -10.00> result: 77.70 112.46 -62.24
[11:52:15.732] [ARM-RX] 12.35 84.83 0.00
[11:52:15.732] [ARM-RX] [132] <-30.00 -90.00 -10.00> result: 77.70 112.46 -62.24 12.35 84.83 0.00
[11:52:15.732] [ARM-RX] [133] <-30.00 -90.00 -10.00> result: 77.70 112.46 -62.24 12.35 84.83 0.00
[11:52:15.733] [ARM-RX] [134] <-30.00 -90.00 -10.00> result: 77.70 112.46 -62.24 12.35 84.83 0.00
[11:52:15.733] [ARM-RX] [135] <-30.00
[11:52:15.754] [ARM-RX] -90.00 -10.00> result: 77.70 112.46 -62.24 12.35 84.83 0.00
[11:52:15.754] [ARM-RX] [136] <-30.00 -90.00 -10.00> result: 77.70 112.46 -62.24 12.35 84.83 0.00
[11:52:15.755] [ARM-RX] [137] <-30.00 -90.00 -10.00> result: 77.70 112.46 -62.24 12.35 84.83 0.00
[11:52:15.755] [ARM-RX] [138] <-30.00 -90.00 -10.00> result: 77.70 1
[11:52:15.778] [ARM-RX] 12.46 -62.24 12.35 84.83 0.00
[11:52:15.778] [ARM-RX] [139] <-30.00 -90.00 -10.00> result: 77.70 112.46 -62.24 12.35 84.83 0.00
[11:52:15.778] [ARM-RX] [140] <-30.00 -90.00 -10.00> result: 77.70 112.46 -62.24 12.35 84.83 0.00
[11:52:15.778] [ARM-RX] [141] <-30.00 -90.00 -10.00> result: 77.70 112.46 -62.24 12.35 84.83 0.00
[11:52:15.800] [ARM-RX] [142] <-30.00 -90.00 -10.00> result: 77.70 112.46 -62.24 12.35 84.83 0.00
[11:52:15.801] [ARM-RX] [143] <-30.00 -90.00 -10.00> result: 77.70 112.46 -62.24 12.35 84.83 0.00
[11:52:15.801] [ARM-RX] [144] <-30.00 -90.00 -10.00> result: 77.70 112.46 -62.24 12.35 84.83 0.00
[11:52:15.801] [ARM-RX] [145] <-30.00 -90.00 -10.00> re
[11:52:15.824] [ARM-RX] sult: 77.70 112.46 -62.24 12.35 84.83 0.00
[11:52:15.824] [ARM-RX] [146] <-30.00 -90.00 -10.00> result: 77.70 112.46 -62.24 12.35 84.83 0.00
[11:52:15.824] [ARM-RX] [147] <-30.00 -90.00 -10.00> result: 77.70 112.46 -62.24 12.35 84.83 0.00
[11:52:15.824] [ARM-RX] [148] <-30.00 -90.00 -10.00> result: 77.70 112.46 -62.24 12.35
[11:52:15.847] [ARM-RX] 84.83 0.00
[11:52:15.847] [ARM-RX] [149] <-30.00 -90.00 -10.00> result: 77.70 112.46 -62.24 12.35 84.83 0.00
[11:52:15.848] [ARM-RX] [150] <-30.00 -90.00 -10.00> result: 77.70 112.46 -62.24 12.35 84.83 0.00
[11:52:15.848] [ARM-RX] [151] <-30.00 -90.00 -10.00> result: 77.70 112.46 -62.24 12.35 84.83 0.00
[11:52:15.848] [ARM-RX] [152] <-30.00 -90.
[11:52:15.871] [ARM-RX] 00 -10.00> result: 77.70 112.46 -62.24 12.35 84.83 0.00
[11:52:15.871] [ARM-RX] [153] <-30.00 -90.00 -10.00> result: 77.70 112.46 -62.24 12.35 84.83 0.00
[11:52:15.871] [ARM-RX] [154] <-30.00 -90.00 -10.00> result: 77.70 112.46 -62.24 12.35 84.83 0.00
[11:52:15.872] [ARM-RX] [155] <-30.00 -90.00 -10.00> result: 77.70 112.46
[11:52:15.893] [ARM-RX] -62.24 12.35 84.83 0.00
[11:52:15.894] [ARM-RX] [156] <-30.00 -90.00 -10.00> result: 77.70 112.46 -62.24 12.35 84.83 0.00
[11:52:15.894] [ARM-RX] [157] <-30.00 -90.00 -10.00> result: 77.70 112.46 -62.24 12.35 84.83 0.00
[11:52:15.894] [ARM-RX] [158] <-30.00 -90.00 -10.00> result: 77.70 112.46 -62.24 12.35 84.83 0.00
[11:52:15.894] [ARM-RX] [159]
[11:52:15.929] [ARM-RX] <-30.00 -90.00 -10.00> result: 77.70 112.46 -62.24 12.35 84.83 0.00
[11:52:15.930] [ARM-RX] [160] <-30.00 -90.00 -10.00> result: 77.70 112.46 -62.24 12.35 84.83 0.00
[11:52:15.930] [ARM-RX] [161] <-30.00 -90.00 -10.00> result: 77.70 112.46 -62.24 12.35 84.83 0.00
[11:52:15.930] [ARM-RX] [162] <-30.00 -90.00 -10.00> result:
[11:52:15.952] [ARM-RX] 77.70 112.46 -62.24 12.35 84.83 0.00
[11:52:15.952] [ARM-RX] [163] <-30.00 -90.00 -10.00> result: 77.70 112.46 -62.24 12.35 84.83 0.00
[11:52:15.953] [ARM-RX] [164] <-30.00 -90.00 -10.00> result: 77.70 112.46 -62.24 12.35 84.83 0.00
[11:52:15.953] [ARM-RX] [165] <-30.00 -90.00 -10.00> result: 77.70 112.46 -62.24 12.35 84.8
[11:52:15.975] [ARM-RX] 3 0.00
[11:52:15.975] [ARM-RX] [166] <-30.00 -90.00 -10.00> result: 77.70 112.46 -62.24 12.35 84.83 0.00
[11:52:15.975] [ARM-RX] [167] <-30.00 -90.00 -10.00> result: 77.70 112.46 -62.24 12.35 84.83 0.00
[11:52:15.975] [ARM-RX] [168] <-30.00 -90.00 -10.00> result: 77.70 112.46 -62.24 12.35 84.83 0.00
[11:52:15.976] [ARM-RX] [169] <-30.00 -90.00 -1
[11:52:15.999] [ARM-RX] 0.00> result: 77.70 112.46 -62.24 12.35 84.83 0.00
[11:52:16.000] [ARM-RX] [170] <-30.00 -90.00 -10.00> result: 77.70 112.46 -62.24 12.35 84.83 0.00
[11:52:16.000] [ARM-RX] [171] <-30.00 -90.00 -10.00> result: 77.70 112.46 -62.24 12.35 84.83 0.00
[11:52:16.004] [ARM-RX] [172] <-30.00 -90.00 -10.00> result: 77.70 112.46 -62.
[11:52:16.020] [ARM-RX] 24 12.35 84.83 0.00
[11:52:16.021] [ARM-RX] [173] <-30.00 -90.00 -10.00> result: 77.70 112.46 -62.24 12.35 84.83 0.00
[11:52:16.021] [ARM-RX] [174] <-30.00 -90.00 -10.00> result: 77.70 112.46 -62.24 12.35 84.83 0.00
[11:52:16.021] [ARM-RX] [175] <-30.00 -90.00 -10.00> result: 77.70 112.46 -62.24 12.35 84.83 0.00
[11:52:16.021] [ARM-RX] [176] <-30
[11:52:16.044] [ARM-RX] .00 -90.00 -10.00> result: 77.70 112.46 -62.24 12.35 84.83 0.00
[11:52:16.044] [ARM-RX] [177] <-30.00 -90.00 -10.00> result: 77.70 112.46 -62.24 12.35 84.83 0.00
[11:52:16.044] [ARM-RX] [178] <-30.00 -90.00 -10.00> result: 77.70 112.46 -62.24 12.35 84.83 0.00
[11:52:16.044] [ARM-RX] [179] <-30.00 -90.00 -10.00> result: 77.7
[11:52:16.066] [ARM-RX] 0 112.46 -62.24 12.35 84.83 0.00
[11:52:16.066] [ARM-RX] [180] <-30.00 -90.00 -10.00> result: 77.70 112.46 -62.24 12.35 84.83 0.00
[11:52:16.067] [ARM-RX] [181] <-30.00 -90.00 -10.00> result: 77.70 112.46 -62.24 12.35 84.83 0.00
[11:52:16.067] [ARM-RX] [182] <-30.00 -90.00 -10.00> result: 77.70 112.46 -62.24 12.35 84.83 0.0
[11:52:16.102] [ARM-RX] 0
[11:52:16.102] [ARM-RX] [183] <-30.00 -90.00 -10.00> result: 77.70 112.46 -62.24 12.35 84.83 0.00
[11:52:16.103] [ARM-RX] [184] <-30.00 -90.00 -10.00> result: 77.70 112.46 -62.24 12.35 84.83 0.00
[11:52:16.103] [ARM-RX] [185] <-30.00 -90.00 -10.00> result: 77.70 112.46 -62.24 12.35 84.83 0.00
[11:52:16.103] [ARM-RX] [186] <-30.00 -90.00 -10.00>
[11:52:16.125] [ARM-RX] result: 77.70 112.46 -62.24 12.35 84.83 0.00
[11:52:16.125] [ARM-RX] [187] <-30.00 -90.00 -10.00> result: 77.70 112.46 -62.24 12.35 84.83 0.00
[11:52:16.125] [ARM-RX] [188] <-30.00 -90.00 -10.00> result: 77.70 112.46 -62.24 12.35 84.83 0.00
[11:52:16.125] [ARM-RX] [189] <-30.00 -90.00 -10.00> result: 77.70 112.46 -62.24 12
[11:52:16.147] [ARM-RX] .35 84.83 0.00
[11:52:16.148] [ARM-RX] [190] <-30.00 -90.00 -10.00> result: 77.70 112.46 -62.24 12.35 84.83 0.00
[11:52:16.148] [ARM-RX] [191] <-30.00 -90.00 -10.00> result: 77.70 112.46 -62.24 12.35 84.83 0.00
[11:52:16.148] [ARM-RX] [192] <-30.00 -90.00 -10.00> result: 77.70 112.46 -62.24 12.35 84.83 0.00
[11:52:16.148] [ARM-RX] [193] <-30.00 -
[11:52:16.170] [ARM-RX] 90.00 -10.00> result: 77.70 112.46 -62.24 12.35 84.83 0.00
[11:52:16.170] [ARM-RX] [194] <-30.00 -90.00 -10.00> result: 77.70 112.46 -62.24 12.35 84.83 0.00
[11:52:16.171] [ARM-RX] [195] <-30.00 -90.00 -10.00> result: 77.70 112.46 -62.24 12.35 84.83 0.00
[11:52:16.171] [ARM-RX] [196] <-30.00 -90.00 -10.00> result: 77.70 112
[11:52:16.194] [ARM-RX] .46 -62.24 12.35 84.83 0.00
[11:52:16.194] [ARM-RX] [197] <-30.00 -90.00 -10.00> result: 77.70 112.46 -62.24 12.35 84.83 0.00
[11:52:16.194] [ARM-RX] [198] <-30.00 -90.00 -10.00> result: 77.70 112.46 -62.24 12.35 84.83 0.00
[11:52:16.194] [ARM-RX] [199] <-30.00 -90.00 -10.00> result: 77.70 112.46 -62.24 12.35 84.83 0.00
[11:52:16.195] [ARM-RX] [2
[11:52:16.217] [ARM-RX] 00] <-30.00 -90.00 -10.00> result: 77.70 112.46 -62.24 12.35 84.83 0.00
[11:52:16.217] [ARM-RX] [201] <-30.00 -90.00 -10.00> result: 77.70 112.46 -62.24 12.35 84.83 0.00
[11:52:16.218] [ARM-RX] [202] <-30.00 -90.00 -10.00> result: 77.70 112.46 -62.24 12.35 84.83 0.00
[11:52:16.218] [ARM-RX] [203] <-30.00 -90.00 -10.00> resu
[11:52:16.242] [ARM-RX] lt: 77.70 112.46 -62.24 12.35 84.83 0.00
[11:52:16.243] [ARM-RX] [204] <-30.00 -90.00 -10.00> result: 77.70 112.46 -62.24 12.35 84.83 0.00
[11:52:16.243] [ARM-RX] [205] <-30.00 -90.00 -10.00> result: 77.70 112.46 -62.24 12.35 84.83 0.00
[11:52:16.243] [ARM-RX] [206] <-30.00 -90.00 -10.00> result: 77.70 112.46 -62.24 12.35 8
[11:52:16.263] [ARM-RX] 4.83 0.00
[11:52:16.263] [ARM-RX] [207] <-30.00 -90.00 -10.00> result: 77.70 112.46 -62.24 12.35 84.83 0.00
[11:52:16.263] [ARM-RX] [208] <-30.00 -90.00 -10.00> result: 77.70 112.46 -62.24 12.35 84.83 0.00
[11:52:16.264] [ARM-RX] [209] <-30.00 -90.00 -10.00> result: 77.70 112.46 -62.24 12.35 84.83 0.00
[11:52:16.264] [ARM-RX] [210] <-30.00 -90.00
[11:52:16.299] [ARM-RX] -10.00> result: 77.70 112.46 -62.24 12.35 84.83 0.00
[11:52:16.299] [ARM-RX] [211] <-30.00 -90.00 -10.00> result: 77.70 112.46 -62.24 12.35 84.83 0.00
[11:52:16.300] [ARM-RX] [212] <-30.00 -90.00 -10.00> result: 77.70 112.46 -62.24 12.35 84.83 0.00
[11:52:16.300] [ARM-RX] [213] <-30.00 -90.00 -10.00> result: 77.70 112.46 -
[11:52:16.322] [ARM-RX] 62.24 12.35 84.83 0.00
[11:52:16.322] [ARM-RX] [214] <-30.00 -90.00 -10.00> result: 77.70 112.46 -62.24 12.35 84.83 0.00
[11:52:16.322] [ARM-RX] [215] <-30.00 -90.00 -10.00> result: 77.70 112.46 -62.24 12.35 84.83 0.00
[11:52:16.323] [ARM-RX] [216] <-30.00 -90.00 -10.00> result: 77.70 112.46 -62.24 12.35 84.83 0.00
[11:52:16.323] [ARM-RX] [217] <
[11:52:16.344] [ARM-RX] -30.00 -90.00 -10.00> result: 77.70 112.46 -62.24 12.35 84.83 0.00
[11:52:16.345] [ARM-RX] [218] <-30.00 -90.00 -10.00> result: 77.70 112.46 -62.24 12.35 84.83 0.00
[11:52:16.345] [ARM-RX] [219] <-30.00 -90.00 -10.00> result: 77.70 112.46 -62.24 12.35 84.83 0.00
[11:52:16.345] [ARM-RX] [220] <-30.00 -90.00 -10.00> result: 7
[11:52:16.399] [ARM-RX] 7.70 112.46 -62.24 12.35 84.83 0.00
[11:52:16.399] [ARM-RX] [221] <-30.00 -90.00 -10.00> result: 77.70 112.46 -62.24 12.35 84.83 0.00
[11:52:16.399] [ARM-RX] [222] <-30.00 -90.00 -10.00> result: 77.70 112.46 -62.24 12.35 84.83 0.00
[11:52:18.794] [ARM-RX] [joint 1] ave_error:0.56
[11:52:18.794] [ARM-RX] [joint 2] ave_error:5.41
[11:52:18.794] [ARM-RX] [joint 3] ave_error:4.67
[11:52:18.795] [ARM-RX] [joint 4] ave_error:0.68
[11:52:18.795] [ARM-RX] [joint 5] ave_error:0.45
[11:52:18.795] [ARM-RX] robot pid run finished!!
[11:52:19.554] [ARM-RX] AUTO final confirm failed: joint 1 err=6.59deg tol=3.00, pose invalid.
[11:52:19.555] [ARM-RX] J1 cur=77.53 target=77.70 err=0.18
[11:52:19.555] [ARM-RX] J2 cur=119.06 target=112.46 err=-6.59
[11:52:19.555] [ARM-RX] J3 cur=-57.69 target=-62.24 err=-4.55
[11:52:19.556] [ARM-RX] J4 cur=12.52 target=12.35 err=-0.17
[11:52:19.556] [ARM-RX] J5 cur=84.71 target=84.
[11:52:19.609] [ARM-RX] 83 err=0.12
[11:52:26.909] [ARM-TX] 发送命令 abs_rotate 0 100: abs_rotate 0 100
[11:52:26.992] [ARM-RX] Found handler for 'abs_rotate', executing...
[11:52:26.992] [ARM-RX] [joint_id: 0] ROBOT_JOINT_ABS_ROTATE 100.000000
[11:52:37.909] [ARM-TX] 发送命令 soft_reset: soft_reset
[11:52:37.979] [ARM-RX] Found handler for 'soft_reset', executing...
[11:52:37.979] [ARM-RX] ROBOT_SOFT_RESET_EVENT
[11:52:37.979] [ARM-RX] --- Starting soft reset ---
[11:52:38.166] [ARM-RX] Soft reset motors enabled (J1~J5, J6 skipped).
[11:52:38.166] [ARM-RX] Soft resetting joint 4...
[11:52:38.166] [ARM-RX] robot_update_current_angle 4...
[11:52:38.166] [ARM-RX] [4] current:84.71, target:90.00, dir:1
[11:52:38.851] [ARM-RX] Soft resetting joint 3...
[11:52:38.851] [ARM-RX] robot_update_current_angle 3...
[11:52:38.851] [ARM-RX] [3] current:12.52, target:0.00, dir:-1
[11:52:40.409] [ARM-RX] soft reset joint 3 settle timeout, keep going
[11:52:40.409] [ARM-RX] Soft resetting joint 1...
[11:52:40.409] [ARM-RX] robot_update_current_angle 1...
[11:52:40.409] [ARM-RX] [1] current:119.05, target:90.00, dir:-1
[11:52:42.407] [ARM-RX] soft reset joint 1 settle timeout, keep going
[11:52:42.407] [ARM-RX] Soft resetting joint 2...
[11:52:42.407] [ARM-RX] robot_update_current_angle 2...
[11:52:42.407] [ARM-RX] [2] current:-57.70, target:-90.00, dir:-1
[11:52:44.346] [ARM-RX] soft reset joint 2 settle timeout, keep going
[11:52:44.346] [ARM-RX] Soft resetting joint 0...
[11:52:44.346] [ARM-RX] robot_update_current_angle 0...
[11:52:44.346] [ARM-RX] [0] current:100.00, target:90.00, dir:-1
[11:52:45.782] [ARM-RX] soft reset final verify PASS (issues:3), pose set HOME.
[11:52:47.470] [ARM-TX] 发送命令 abs_rotate 0 100: abs_rotate 0 100
[11:52:47.526] [ARM-RX] Found handler for 'abs_rotate', executing...
[11:52:47.526] [ARM-RX] [joint_id: 0] ROBOT_JOINT_ABS_ROTATE 100.000000
[11:52:49.031] [ARM-TX] 发送命令 auto -45 -90 -10: auto -45 -90 -10
[11:52:49.147] [ARM-RX] Found handler for 'auto', executing...
[11:52:49.147] [ARM-RX] ROBOT_AUTO_EVENT
[11:52:49.147] [ARM-RX] [0] <0.00 0.00 0.00> result: 90.00 90.00 -90.00 0.00 90.00 0.00
[11:52:49.147] [ARM-RX] [1] <-0.00 -0.00 -0.00> result: 90.00 90.00 -90.00 0.00 90.00 0.00
[11:52:49.147] [ARM-RX] [2] <-0.00 -0.00 -0.00> result: 90.00 90.00 -90.00
[11:52:49.176] [ARM-RX] 0.00 90.00 0.00
[11:52:49.176] [ARM-RX] [3] <-0.00 -0.01 -0.00> result: 90.00 90.00 -90.00 0.00 90.00 0.00
[11:52:49.176] [ARM-RX] [4] <-0.01 -0.01 -0.00> result: 89.99 90.00 -90.00 0.01 90.00 0.00
[11:52:49.176] [ARM-RX] [5] <-0.01 -0.02 -0.00> result: 89.99 90.01 -89.99 0.01 90.00 0.00
[11:52:49.176] [ARM-RX] [6] <-0.02 -0.03 -0.00> result: 89.
[11:52:49.195] [ARM-RX] 98 90.01 -89.99 0.02 90.00 0.00
[11:52:49.195] [ARM-RX] [7] <-0.03 -0.05 -0.01> result: 89.97 90.02 -89.99 0.03 90.01 0.00
[11:52:49.195] [ARM-RX] [8] <-0.04 -0.07 -0.01> result: 89.96 90.03 -89.98 0.04 90.01 0.00
[11:52:49.196] [ARM-RX] [9] <-0.05 -0.10 -0.01> result: 89.94 90.04 -89.97 0.06 90.01 0.00
[11:52:49.196] [ARM-RX] [10] <-0.07 -0.14 -
[11:52:49.219] [ARM-RX] 0.02> result: 89.92 90.06 -89.96 0.08 90.02 0.00
[11:52:49.220] [ARM-RX] [11] <-0.09 -0.18 -0.02> result: 89.89 90.08 -89.95 0.11 90.02 0.00
[11:52:49.220] [ARM-RX] [12] <-0.12 -0.24 -0.03> result: 89.86 90.10 -89.93 0.14 90.03 0.00
[11:52:49.220] [ARM-RX] [13] <-0.15 -0.30 -0.03> result: 89.82 90.12 -89.92 0.18 90.04 0.00
[11:52:49.241] [ARM-RX] [14] <-0.18 -0.37 -0.04> result: 89.78 90.15 -89.90 0.22 90.05 0.00
[11:52:49.241] [ARM-RX] [15] <-0.23 -0.45 -0.05> result: 89.73 90.18 -89.88 0.27 90.06 0.00
[11:52:49.243] [ARM-RX] [16] <-0.27 -0.54 -0.06> result: 89.68 90.22 -89.85 0.32 90.07 0.00
[11:52:49.243] [ARM-RX] [17] <-0.32 -0.65 -0.07> result: 89.62 90.26 -89
[11:52:49.263] [ARM-RX] .82 0.38 90.08 0.00
[11:52:49.265] [ARM-RX] [18] <-0.38 -0.76 -0.08> result: 89.55 90.31 -89.79 0.45 90.10 0.00
[11:52:49.265] [ARM-RX] [19] <-0.45 -0.89 -0.10> result: 89.47 90.36 -89.75 0.53 90.12 0.00
[11:52:49.265] [ARM-RX] [20] <-0.52 -1.04 -0.12> result: 89.39 90.42 -89.71 0.61 90.13 0.00
[11:52:49.265] [ARM-RX] [21] <-0.60 -1.19 -0.13> res
[11:52:49.288] [ARM-RX] ult: 89.30 90.48 -89.67 0.70 90.15 0.00
[11:52:49.288] [ARM-RX] [22] <-0.68 -1.37 -0.15> result: 89.20 90.55 -89.62 0.80 90.17 0.00
[11:52:49.288] [ARM-RX] [23] <-0.78 -1.55 -0.17> result: 89.09 90.63 -89.57 0.91 90.19 0.00
[11:52:49.288] [ARM-RX] [24] <-0.88 -1.76 -0.20> result: 88.98 90.71 -89.51 1.02 90.22 0.00
[11:52:49.291] [ARM-RX] [25] <-0
[11:52:49.311] [ARM-RX] .99 -1.98 -0.22> result: 88.86 90.79 -89.45 1.14 90.24 0.00
[11:52:49.312] [ARM-RX] [26] <-1.11 -2.22 -0.25> result: 88.73 90.89 -89.38 1.27 90.27 0.00
[11:52:49.312] [ARM-RX] [27] <-1.24 -2.47 -0.27> result: 88.59 90.99 -89.31 1.41 90.30 0.00
[11:52:49.312] [ARM-RX] [28] <-1.37 -2.75 -0.31> result: 88.44 91.09 -89.23 1.56
[11:52:49.345] [ARM-RX] 90.33 0.00
[11:52:49.345] [ARM-RX] [29] <-1.52 -3.04 -0.34> result: 88.28 91.21 -89.15 1.72 90.36 0.00
[11:52:49.345] [ARM-RX] [30] <-1.67 -3.35 -0.37> result: 88.12 91.33 -89.06 1.88 90.39 0.00
[11:52:49.346] [ARM-RX] [31] <-1.84 -3.68 -0.41> result: 87.95 91.45 -88.97 2.05 90.42 0.00
[11:52:49.346] [ARM-RX] [32] <-2.02 -4.03 -0.45> result: 87.7
[11:52:49.370] [ARM-RX] 6 91.59 -88.87 2.24 90.45 0.00
[11:52:49.371] [ARM-RX] [33] <-2.20 -4.41 -0.49> result: 87.58 91.73 -88.76 2.42 90.49 0.00
[11:52:49.371] [ARM-RX] [34] <-2.40 -4.80 -0.53> result: 87.38 91.87 -88.65 2.62 90.52 0.00
[11:52:49.371] [ARM-RX] [35] <-2.61 -5.22 -0.58> result: 87.17 92.03 -88.53 2.83 90.56 0.00
[11:52:49.372] [ARM-RX] [36] <-2.83 -5.65
[11:52:49.392] [ARM-RX] -0.63> result: 86.96 92.19 -88.40 3.04 90.59 0.00
[11:52:49.392] [ARM-RX] [37] <-3.06 -6.12 -0.68> result: 86.74 92.36 -88.27 3.26 90.63 0.00
[11:52:49.393] [ARM-RX] [38] <-3.30 -6.60 -0.73> result: 86.52 92.53 -88.13 3.48 90.66 0.00
[11:52:49.393] [ARM-RX] [39] <-3.55 -7.11 -0.79> result: 86.29 92.71 -87.98 3.71 90.70 0.0
[11:52:49.418] [ARM-RX] 0
[11:52:49.418] [ARM-RX] [40] <-3.82 -7.64 -0.85> result: 86.05 92.90 -87.83 3.95 90.73 0.00
[11:52:49.418] [ARM-RX] [41] <-4.10 -8.19 -0.91> result: 85.80 93.10 -87.67 4.20 90.76 0.00
[11:52:49.419] [ARM-RX] [42] <-4.38 -8.77 -0.97> result: 85.55 93.30 -87.50 4.45 90.79 0.00
[11:52:49.419] [ARM-RX] [43] <-4.69 -9.37 -1.04> result: 85.30 93.51 -
[11:52:49.438] [ARM-RX] 87.32 4.70 90.82 0.00
[11:52:49.439] [ARM-RX] [44] <-5.00 -10.00 -1.11> result: 85.04 93.72 -87.14 4.96 90.85 0.00
[11:52:49.439] [ARM-RX] [45] <-5.33 -10.65 -1.18> result: 84.78 93.94 -86.94 5.22 90.88 0.00
[11:52:49.439] [ARM-RX] [46] <-5.67 -11.33 -1.26> result: 84.51 94.17 -86.74 5.49 90.90 0.00
[11:52:49.439] [ARM-RX] [47] <-6.02 -12.04 -1.3
[11:52:49.462] [ARM-RX] 4> result: 84.24 94.40 -86.53 5.76 90.92 0.00
[11:52:49.463] [ARM-RX] [48] <-6.38 -12.76 -1.42> result: 83.97 94.64 -86.31 6.03 90.94 0.00
[11:52:49.463] [ARM-RX] [49] <-6.76 -13.52 -1.50> result: 83.69 94.88 -86.09 6.31 90.96 0.00
[11:52:49.463] [ARM-RX] [50] <-7.15 -14.30 -1.59> result: 83.41 95.13 -85.85 6.59 90.97 0.00
[11:52:49.484] [ARM-RX] [51] <-7.56 -15.11 -1.68> result: 83.13 95.38 -85.61 6.87 90.98 0.00
[11:52:49.484] [ARM-RX] [52] <-7.97 -15.94 -1.77> result: 82.85 95.64 -85.36 7.15 90.99 0.00
[11:52:49.485] [ARM-RX] [53] <-8.40 -16.81 -1.87> result: 82.57 95.91 -85.09 7.43 90.99 0.00
[11:52:49.485] [ARM-RX] [54] <-8.85 -17.69 -1.97> result: 82.29 96.18
[11:52:49.509] [ARM-RX] -84.82 7.71 90.99 0.00
[11:52:49.510] [ARM-RX] [55] <-9.30 -18.61 -2.07> result: 82.00 96.45 -84.54 8.00 90.99 0.00
[11:52:49.510] [ARM-RX] [56] <-9.77 -19.55 -2.17> result: 81.72 96.73 -84.26 8.28 90.98 0.00
[11:52:49.510] [ARM-RX] [57] <-10.26 -20.52 -2.28> result: 81.44 97.01 -83.96 8.56 90.96 0.00
[11:52:49.511] [ARM-RX] [58] <-10.75 -21.51
[11:52:49.542] [ARM-RX] -2.39> result: 81.16 97.30 -83.65 8.84 90.94 0.00
[11:52:49.542] [ARM-RX] [59] <-11.27 -22.53 -2.50> result: 80.88 97.59 -83.34 9.12 90.92 0.00
[11:52:49.543] [ARM-RX] [60] <-11.79 -23.58 -2.62> result: 80.60 97.89 -83.01 9.40 90.89 0.00
[11:52:49.543] [ARM-RX] [61] <-12.33 -24.65 -2.74> result: 80.32 98.19 -82.68 9.68 90.8
[11:52:49.567] [ARM-RX] 5 0.00
[11:52:49.567] [ARM-RX] [62] <-12.88 -25.75 -2.86> result: 80.05 98.49 -82.33 9.95 90.81 0.00
[11:52:49.567] [ARM-RX] [63] <-13.44 -26.88 -2.99> result: 79.78 98.80 -81.98 10.23 90.77 0.00
[11:52:49.568] [ARM-RX] [64] <-14.02 -28.03 -3.11> result: 79.50 99.11 -81.62 10.50 90.72 0.00
[11:52:49.568] [ARM-RX] [65] <-14.61 -29.21 -3.25> result
[11:52:49.588] [ARM-RX] : 79.24 99.43 -81.25 10.76 90.66 0.00
[11:52:49.588] [ARM-RX] [66] <-15.21 -30.42 -3.38> result: 78.97 99.74 -80.86 11.03 90.60 0.00
[11:52:49.588] [ARM-RX] [67] <-15.82 -31.65 -3.52> result: 78.71 100.06 -80.47 11.29 90.53 0.00
[11:52:49.590] [ARM-RX] [68] <-16.45 -32.91 -3.66> result: 78.45 100.39 -80.08 11.55 90.45 0.00
[11:52:49.611] [ARM-RX] [69] <-17.09 -34.19 -3.80> result: 78.20 100.71 -79.67 11.80 90.37 0.00
[11:52:49.611] [ARM-RX] [70] <-17.75 -35.50 -3.94> result: 77.95 101.04 -79.25 12.05 90.29 0.00
[11:52:49.612] [ARM-RX] [71] <-18.41 -36.83 -4.09> result: 77.70 101.38 -78.82 12.30 90.19 0.00
[11:52:49.612] [ARM-RX] [72] <-19.09 -38.19 -4.24> result: 7
[11:52:49.635] [ARM-RX] 7.46 101.71 -78.39 12.54 90.09 0.00
[11:52:49.635] [ARM-RX] [73] <-19.78 -39.57 -4.40> result: 77.22 102.05 -77.94 12.78 89.99 0.00
[11:52:49.635] [ARM-RX] [74] <-20.49 -40.97 -4.55> result: 76.98 102.39 -77.49 13.02 89.88 0.00
[11:52:49.635] [ARM-RX] [75] <-21.20 -42.40 -4.71> result: 76.75 102.73 -77.02 13.25 89.76 0.00
[11:52:49.657] [ARM-RX] [76] <-21.93 -43.85 -4.87> result: 76.52 103.08 -76.55 13.48 89.64 0.00
[11:52:49.657] [ARM-RX] [77] <-22.66 -45.33 -5.04> result: 76.30 103.42 -76.07 13.70 89.51 0.00
[11:52:49.658] [ARM-RX] [78] <-23.41 -46.83 -5.20> result: 76.08 103.77 -75.58 13.92 89.37 0.00
[11:52:49.658] [ARM-RX] [79] <-24.17 -48.35 -5.37> result: 75
[11:52:49.681] [ARM-RX] .86 104.12 -75.09 14.14 89.23 0.00
[11:52:49.681] [ARM-RX] [80] <-24.95 -49.89 -5.54> result: 75.65 104.48 -74.58 14.35 89.09 0.00
[11:52:49.682] [ARM-RX] [81] <-25.73 -51.45 -5.72> result: 75.44 104.83 -74.07 14.56 88.93 0.00
[11:52:49.682] [ARM-RX] [82] <-26.52 -53.04 -5.89> result: 75.24 105.19 -73.54 14.76 88.78 0.00
[11:52:49.682] [ARM-RX] [
[11:52:49.717] [ARM-RX] 83] <-27.32 -54.64 -6.07> result: 75.04 105.55 -73.01 14.96 88.61 0.00
[11:52:49.717] [ARM-RX] [84] <-28.13 -56.27 -6.25> result: 74.85 105.91 -72.47 15.16 88.44 0.00
[11:52:49.717] [ARM-RX] [85] <-28.96 -57.91 -6.43> result: 74.66 106.28 -71.93 15.35 88.27 0.00
[11:52:49.717] [ARM-RX] [86] <-29.79 -59.58 -6.62> result: 74.
[11:52:49.738] [ARM-RX] 47 106.64 -71.37 15.54 88.09 0.00
[11:52:49.739] [ARM-RX] [87] <-30.63 -61.26 -6.81> result: 74.29 107.01 -70.81 15.72 87.90 0.00
[11:52:49.739] [ARM-RX] [88] <-31.48 -62.96 -7.00> result: 74.11 107.38 -70.24 15.90 87.71 0.00
[11:52:49.739] [ARM-RX] [89] <-32.34 -64.68 -7.19> result: 73.94 107.75 -69.67 16.08 87.52 0.00
[11:52:49.739] [ARM-RX] [9
[11:52:49.762] [ARM-RX] 0] <-33.21 -66.41 -7.38> result: 73.77 108.12 -69.08 16.25 87.32 0.00
[11:52:49.762] [ARM-RX] [91] <-34.08 -68.16 -7.57> result: 73.60 108.50 -68.49 16.42 87.11 0.00
[11:52:49.762] [ARM-RX] [92] <-34.96 -69.93 -7.77> result: 73.44 108.87 -67.90 16.59 86.90 0.00
[11:52:49.762] [ARM-RX] [93] <-35.85 -71.71 -7.97> result: 73.2
[11:52:49.785] [ARM-RX] 8 109.25 -67.29 16.75 86.69 0.00
[11:52:49.785] [ARM-RX] [94] <-36.75 -73.50 -8.17> result: 73.12 109.63 -66.68 16.91 86.47 0.00
[11:52:49.785] [ARM-RX] [95] <-37.66 -75.31 -8.37> result: 72.97 110.00 -66.07 17.07 86.24 0.00
[11:52:49.785] [ARM-RX] [96] <-38.57 -77.14 -8.57> result: 72.82 110.38 -65.44 17.22 86.01 0.00
[11:52:49.787] [ARM-RX] [97
[11:52:49.808] [ARM-RX] ] <-39.49 -78.97 -8.77> result: 72.68 110.77 -64.81 17.37 85.78 0.00
[11:52:49.808] [ARM-RX] [98] <-40.41 -80.82 -8.98> result: 72.54 111.15 -64.18 17.52 85.54 0.00
[11:52:49.808] [ARM-RX] [99] <-41.34 -82.68 -9.19> result: 72.40 111.53 -63.54 17.66 85.30 0.00
[11:52:49.808] [ARM-RX] [100] <-42.27 -84.55 -9.39> result: 72.2
[11:52:49.831] [ARM-RX] 6 111.92 -62.89 17.80 85.06 0.00
[11:52:49.832] [ARM-RX] [101] <-43.21 -86.42 -9.60> result: 72.13 112.30 -62.24 17.94 84.81 0.00
[11:52:49.832] [ARM-RX] [102] <-44.16 -88.31 -9.81> result: 72.01 112.69 -61.59 18.08 84.56 0.00
[11:52:49.832] [ARM-RX] [103] <-45.00 -90.00 -10.00> result: 71.89 113.04 -61.00 18.20 84.33 0.00
[11:52:49.856] [ARM-RX] [104] <-45.00 -90.00 -10.00> result: 71.89 113.04 -61.00 18.20 84.33 0.00
[11:52:49.856] [ARM-RX] [105] <-45.00 -90.00 -10.00> result: 71.89 113.04 -61.00 18.20 84.33 0.00
[11:52:49.856] [ARM-RX] [106] <-45.00 -90.00 -10.00> result: 71.89 113.04 -61.00 18.20 84.33 0.00
[11:52:49.856] [ARM-RX] [107] <-45.00 -90.00 -10.00> r
[11:52:49.878] [ARM-RX] esult: 71.89 113.04 -61.00 18.20 84.33 0.00
[11:52:49.878] [ARM-RX] [108] <-45.00 -90.00 -10.00> result: 71.89 113.04 -61.00 18.20 84.33 0.00
[11:52:49.878] [ARM-RX] [109] <-45.00 -90.00 -10.00> result: 71.89 113.04 -61.00 18.20 84.33 0.00
[11:52:49.878] [ARM-RX] [110] <-45.00 -90.00 -10.00> result: 71.89 113.04 -61.00 18.2
[11:52:49.912] [ARM-RX] 0 84.33 0.00
[11:52:49.913] [ARM-RX] [111] <-45.00 -90.00 -10.00> result: 71.89 113.04 -61.00 18.20 84.33 0.00
[11:52:49.913] [ARM-RX] [112] <-45.00 -90.00 -10.00> result: 71.89 113.04 -61.00 18.20 84.33 0.00
[11:52:49.913] [ARM-RX] [113] <-45.00 -90.00 -10.00> result: 71.89 113.04 -61.00 18.20 84.33 0.00
[11:52:49.913] [ARM-RX] [114] <-45.00 -90
[11:52:49.935] [ARM-RX] .00 -10.00> result: 71.89 113.04 -61.00 18.20 84.33 0.00
[11:52:49.935] [ARM-RX] [115] <-45.00 -90.00 -10.00> result: 71.89 113.04 -61.00 18.20 84.33 0.00
[11:52:49.936] [ARM-RX] [116] <-45.00 -90.00 -10.00> result: 71.89 113.04 -61.00 18.20 84.33 0.00
[11:52:49.936] [ARM-RX] [117] <-45.00 -90.00 -10.00> result: 71.89 113.0
[11:52:49.958] [ARM-RX] 4 -61.00 18.20 84.33 0.00
[11:52:49.958] [ARM-RX] [118] <-45.00 -90.00 -10.00> result: 71.89 113.04 -61.00 18.20 84.33 0.00
[11:52:49.959] [ARM-RX] [119] <-45.00 -90.00 -10.00> result: 71.89 113.04 -61.00 18.20 84.33 0.00
[11:52:49.959] [ARM-RX] [120] <-45.00 -90.00 -10.00> result: 71.89 113.04 -61.00 18.20 84.33 0.00
[11:52:49.959] [ARM-RX] [121
[11:52:49.982] [ARM-RX] ] <-45.00 -90.00 -10.00> result: 71.89 113.04 -61.00 18.20 84.33 0.00
[11:52:49.982] [ARM-RX] [122] <-45.00 -90.00 -10.00> result: 71.89 113.04 -61.00 18.20 84.33 0.00
[11:52:49.982] [ARM-RX] [123] <-45.00 -90.00 -10.00> result: 71.89 113.04 -61.00 18.20 84.33 0.00
[11:52:49.982] [ARM-RX] [124] <-45.00 -90.00 -10.00> result
[11:52:50.005] [ARM-RX] : 71.89 113.04 -61.00 18.20 84.33 0.00
[11:52:50.005] [ARM-RX] [125] <-45.00 -90.00 -10.00> result: 71.89 113.04 -61.00 18.20 84.33 0.00
[11:52:50.005] [ARM-RX] [126] <-45.00 -90.00 -10.00> result: 71.89 113.04 -61.00 18.20 84.33 0.00
[11:52:50.005] [ARM-RX] [127] <-45.00 -90.00 -10.00> result: 71.89 113.04 -61.00 18.20 84.
[11:52:50.027] [ARM-RX] 33 0.00
[11:52:50.028] [ARM-RX] [128] <-45.00 -90.00 -10.00> result: 71.89 113.04 -61.00 18.20 84.33 0.00
[11:52:50.028] [ARM-RX] [129] <-45.00 -90.00 -10.00> result: 71.89 113.04 -61.00 18.20 84.33 0.00
[11:52:50.028] [ARM-RX] [130] <-45.00 -90.00 -10.00> result: 71.89 113.04 -61.00 18.20 84.33 0.00
[11:52:50.028] [ARM-RX] [131] <-45.00 -90.00 -
[11:52:50.053] [ARM-RX] 10.00> result: 71.89 113.04 -61.00 18.20 84.33 0.00
[11:52:50.053] [ARM-RX] [132] <-45.00 -90.00 -10.00> result: 71.89 113.04 -61.00 18.20 84.33 0.00
[11:52:50.054] [ARM-RX] [133] <-45.00 -90.00 -10.00> result: 71.89 113.04 -61.00 18.20 84.33 0.00
[11:52:50.054] [ARM-RX] [134] <-45.00 -90.00 -10.00> result: 71.89 113.04 -61
[11:52:50.085] [ARM-RX] .00 18.20 84.33 0.00
[11:52:50.085] [ARM-RX] [135] <-45.00 -90.00 -10.00> result: 71.89 113.04 -61.00 18.20 84.33 0.00
[11:52:50.086] [ARM-RX] [136] <-45.00 -90.00 -10.00> result: 71.89 113.04 -61.00 18.20 84.33 0.00
[11:52:50.086] [ARM-RX] [137] <-45.00 -90.00 -10.00> result: 71.89 113.04 -61.00 18.20 84.33 0.00
[11:52:50.086] [ARM-RX] [138] <-4
[11:52:50.108] [ARM-RX] 5.00 -90.00 -10.00> result: 71.89 113.04 -61.00 18.20 84.33 0.00
[11:52:50.108] [ARM-RX] [139] <-45.00 -90.00 -10.00> result: 71.89 113.04 -61.00 18.20 84.33 0.00
[11:52:50.108] [ARM-RX] [140] <-45.00 -90.00 -10.00> result: 71.89 113.04 -61.00 18.20 84.33 0.00
[11:52:50.108] [ARM-RX] [141] <-45.00 -90.00 -10.00> result: 71.
[11:52:50.132] [ARM-RX] 89 113.04 -61.00 18.20 84.33 0.00
[11:52:50.132] [ARM-RX] [142] <-45.00 -90.00 -10.00> result: 71.89 113.04 -61.00 18.20 84.33 0.00
[11:52:50.133] [ARM-RX] [143] <-45.00 -90.00 -10.00> result: 71.89 113.04 -61.00 18.20 84.33 0.00
[11:52:50.133] [ARM-RX] [144] <-45.00 -90.00 -10.00> result: 71.89 113.04 -61.00 18.20 84.33 0.
[11:52:50.156] [ARM-RX] 00
[11:52:50.156] [ARM-RX] [145] <-45.00 -90.00 -10.00> result: 71.89 113.04 -61.00 18.20 84.33 0.00
[11:52:50.156] [ARM-RX] [146] <-45.00 -90.00 -10.00> result: 71.89 113.04 -61.00 18.20 84.33 0.00
[11:52:50.156] [ARM-RX] [147] <-45.00 -90.00 -10.00> result: 71.89 113.04 -61.00 18.20 84.33 0.00
[11:52:50.156] [ARM-RX] [148] <-45.00 -90.00 -10.00
[11:52:50.179] [ARM-RX] > result: 71.89 113.04 -61.00 18.20 84.33 0.00
[11:52:50.179] [ARM-RX] [149] <-45.00 -90.00 -10.00> result: 71.89 113.04 -61.00 18.20 84.33 0.00
[11:52:50.179] [ARM-RX] [150] <-45.00 -90.00 -10.00> result: 71.89 113.04 -61.00 18.20 84.33 0.00
[11:52:50.179] [ARM-RX] [151] <-45.00 -90.00 -10.00> result: 71.89 113.04 -61.00 1
[11:52:50.201] [ARM-RX] 8.20 84.33 0.00
[11:52:50.201] [ARM-RX] [152] <-45.00 -90.00 -10.00> result: 71.89 113.04 -61.00 18.20 84.33 0.00
[11:52:50.202] [ARM-RX] [153] <-45.00 -90.00 -10.00> result: 71.89 113.04 -61.00 18.20 84.33 0.00
[11:52:50.202] [ARM-RX] [154] <-45.00 -90.00 -10.00> result: 71.89 113.04 -61.00 18.20 84.33 0.00
[11:52:50.202] [ARM-RX] [155] <-45.00
[11:52:50.225] [ARM-RX] -90.00 -10.00> result: 71.89 113.04 -61.00 18.20 84.33 0.00
[11:52:50.225] [ARM-RX] [156] <-45.00 -90.00 -10.00> result: 71.89 113.04 -61.00 18.20 84.33 0.00
[11:52:50.225] [ARM-RX] [157] <-45.00 -90.00 -10.00> result: 71.89 113.04 -61.00 18.20 84.33 0.00
[11:52:50.225] [ARM-RX] [158] <-45.00 -90.00 -10.00> result: 71.89 11
[11:52:50.248] [ARM-RX] 3.04 -61.00 18.20 84.33 0.00
[11:52:50.248] [ARM-RX] [159] <-45.00 -90.00 -10.00> result: 71.89 113.04 -61.00 18.20 84.33 0.00
[11:52:50.248] [ARM-RX] [160] <-45.00 -90.00 -10.00> result: 71.89 113.04 -61.00 18.20 84.33 0.00
[11:52:50.248] [ARM-RX] [161] <-45.00 -90.00 -10.00> result: 71.89 113.04 -61.00 18.20 84.33 0.00
[11:52:50.249] [ARM-RX] [
[11:52:50.283] [ARM-RX] 162] <-45.00 -90.00 -10.00> result: 71.89 113.04 -61.00 18.20 84.33 0.00
[11:52:50.283] [ARM-RX] [163] <-45.00 -90.00 -10.00> result: 71.89 113.04 -61.00 18.20 84.33 0.00
[11:52:50.283] [ARM-RX] [164] <-45.00 -90.00 -10.00> result: 71.89 113.04 -61.00 18.20 84.33 0.00
[11:52:50.283] [ARM-RX] [165] <-45.00 -90.00 -10.00> res
[11:52:50.306] [ARM-RX] ult: 71.89 113.04 -61.00 18.20 84.33 0.00
[11:52:50.306] [ARM-RX] [166] <-45.00 -90.00 -10.00> result: 71.89 113.04 -61.00 18.20 84.33 0.00
[11:52:50.306] [ARM-RX] [167] <-45.00 -90.00 -10.00> result: 71.89 113.04 -61.00 18.20 84.33 0.00
[11:52:50.306] [ARM-RX] [168] <-45.00 -90.00 -10.00> result: 71.89 113.04 -61.00 18.20
[11:52:50.331] [ARM-RX] 84.33 0.00
[11:52:50.331] [ARM-RX] [169] <-45.00 -90.00 -10.00> result: 71.89 113.04 -61.00 18.20 84.33 0.00
[11:52:50.331] [ARM-RX] [170] <-45.00 -90.00 -10.00> result: 71.89 113.04 -61.00 18.20 84.33 0.00
[11:52:50.332] [ARM-RX] [171] <-45.00 -90.00 -10.00> result: 71.89 113.04 -61.00 18.20 84.33 0.00
[11:52:50.332] [ARM-RX] [172] <-45.00 -90.0
[11:52:50.353] [ARM-RX] 0 -10.00> result: 71.89 113.04 -61.00 18.20 84.33 0.00
[11:52:50.353] [ARM-RX] [173] <-45.00 -90.00 -10.00> result: 71.89 113.04 -61.00 18.20 84.33 0.00
[11:52:50.353] [ARM-RX] [174] <-45.00 -90.00 -10.00> result: 71.89 113.04 -61.00 18.20 84.33 0.00
[11:52:50.353] [ARM-RX] [175] <-45.00 -90.00 -10.00> result: 71.89 113.04
[11:52:50.374] [ARM-RX] -61.00 18.20 84.33 0.00
[11:52:50.374] [ARM-RX] [176] <-45.00 -90.00 -10.00> result: 71.89 113.04 -61.00 18.20 84.33 0.00
[11:52:50.375] [ARM-RX] [177] <-45.00 -90.00 -10.00> result: 71.89 113.04 -61.00 18.20 84.33 0.00
[11:52:50.375] [ARM-RX] [178] <-45.00 -90.00 -10.00> result: 71.89 113.04 -61.00 18.20 84.33 0.00
[11:52:50.375] [ARM-RX] [179]
[11:52:50.397] [ARM-RX] <-45.00 -90.00 -10.00> result: 71.89 113.04 -61.00 18.20 84.33 0.00
[11:52:50.397] [ARM-RX] [180] <-45.00 -90.00 -10.00> result: 71.89 113.04 -61.00 18.20 84.33 0.00
[11:52:50.398] [ARM-RX] [181] <-45.00 -90.00 -10.00> result: 71.89 113.04 -61.00 18.20 84.33 0.00
[11:52:50.398] [ARM-RX] [182] <-45.00 -90.00 -10.00> result:
[11:52:50.421] [ARM-RX] 71.89 113.04 -61.00 18.20 84.33 0.00
[11:52:50.421] [ARM-RX] [183] <-45.00 -90.00 -10.00> result: 71.89 113.04 -61.00 18.20 84.33 0.00
[11:52:50.422] [ARM-RX] [184] <-45.00 -90.00 -10.00> result: 71.89 113.04 -61.00 18.20 84.33 0.00
[11:52:50.422] [ARM-RX] [185] <-45.00 -90.00 -10.00> result: 71.89 113.04 -61.00 18.20 84.33
[11:52:50.457] [ARM-RX] 0.00
[11:52:50.457] [ARM-RX] [186] <-45.00 -90.00 -10.00> result: 71.89 113.04 -61.00 18.20 84.33 0.00
[11:52:50.457] [ARM-RX] [187] <-45.00 -90.00 -10.00> result: 71.89 113.04 -61.00 18.20 84.33 0.00
[11:52:50.458] [ARM-RX] [188] <-45.00 -90.00 -10.00> result: 71.89 113.04 -61.00 18.20 84.33 0.00
[11:52:50.458] [ARM-RX] [189] <-45.00 -90.00 -10
[11:52:50.483] [ARM-RX] .00> result: 71.89 113.04 -61.00 18.20 84.33 0.00
[11:52:50.484] [ARM-RX] [190] <-45.00 -90.00 -10.00> result: 71.89 113.04 -61.00 18.20 84.33 0.00
[11:52:50.484] [ARM-RX] [191] <-45.00 -90.00 -10.00> result: 71.89 113.04 -61.00 18.20 84.33 0.00
[11:52:50.484] [ARM-RX] [192] <-45.00 -90.00 -10.00> result: 71.89 113.04 -61.0
[11:52:50.502] [ARM-RX] 0 18.20 84.33 0.00
[11:52:50.502] [ARM-RX] [193] <-45.00 -90.00 -10.00> result: 71.89 113.04 -61.00 18.20 84.33 0.00
[11:52:50.502] [ARM-RX] [194] <-45.00 -90.00 -10.00> result: 71.89 113.04 -61.00 18.20 84.33 0.00
[11:52:50.502] [ARM-RX] [195] <-45.00 -90.00 -10.00> result: 71.89 113.04 -61.00 18.20 84.33 0.00
[11:52:50.503] [ARM-RX] [196] <-45.
[11:52:50.524] [ARM-RX] 00 -90.00 -10.00> result: 71.89 113.04 -61.00 18.20 84.33 0.00
[11:52:50.524] [ARM-RX] [197] <-45.00 -90.00 -10.00> result: 71.89 113.04 -61.00 18.20 84.33 0.00
[11:52:50.525] [ARM-RX] [198] <-45.00 -90.00 -10.00> result: 71.89 113.04 -61.00 18.20 84.33 0.00
[11:52:50.525] [ARM-RX] [199] <-45.00 -90.00 -10.00> result: 71.89
[11:52:50.548] [ARM-RX] 113.04 -61.00 18.20 84.33 0.00
[11:52:50.548] [ARM-RX] [200] <-45.00 -90.00 -10.00> result: 71.89 113.04 -61.00 18.20 84.33 0.00
[11:52:50.548] [ARM-RX] [201] <-45.00 -90.00 -10.00> result: 71.89 113.04 -61.00 18.20 84.33 0.00
[11:52:50.548] [ARM-RX] [202] <-45.00 -90.00 -10.00> result: 71.89 113.04 -61.00 18.20 84.33 0.00
[11:52:50.573] [ARM-RX] [203] <-45.00 -90.00 -10.00> result: 71.89 113.04 -61.00 18.20 84.33 0.00
[11:52:50.573] [ARM-RX] [204] <-45.00 -90.00 -10.00> result: 71.89 113.04 -61.00 18.20 84.33 0.00
[11:52:50.573] [ARM-RX] [205] <-45.00 -90.00 -10.00> result: 71.89 113.04 -61.00 18.20 84.33 0.00
[11:52:50.573] [ARM-RX] [206] <-45.00 -90.00 -10.00>
[11:52:50.596] [ARM-RX] result: 71.89 113.04 -61.00 18.20 84.33 0.00
[11:52:50.596] [ARM-RX] [207] <-45.00 -90.00 -10.00> result: 71.89 113.04 -61.00 18.20 84.33 0.00
[11:52:50.596] [ARM-RX] [208] <-45.00 -90.00 -10.00> result: 71.89 113.04 -61.00 18.20 84.33 0.00
[11:52:50.596] [ARM-RX] [209] <-45.00 -90.00 -10.00> result: 71.89 113.04 -61.00 18.
[11:52:50.617] [ARM-RX] 20 84.33 0.00
[11:52:50.617] [ARM-RX] [210] <-45.00 -90.00 -10.00> result: 71.89 113.04 -61.00 18.20 84.33 0.00
[11:52:50.617] [ARM-RX] [211] <-45.00 -90.00 -10.00> result: 71.89 113.04 -61.00 18.20 84.33 0.00
[11:52:50.618] [ARM-RX] [212] <-45.00 -90.00 -10.00> result: 71.89 113.04 -61.00 18.20 84.33 0.00
[11:52:50.618] [ARM-RX] [213] <-45.00 -9
[11:52:50.652] [ARM-RX] 0.00 -10.00> result: 71.89 113.04 -61.00 18.20 84.33 0.00
[11:52:50.652] [ARM-RX] [214] <-45.00 -90.00 -10.00> result: 71.89 113.04 -61.00 18.20 84.33 0.00
[11:52:50.653] [ARM-RX] [215] <-45.00 -90.00 -10.00> result: 71.89 113.04 -61.00 18.20 84.33 0.00
[11:52:50.653] [ARM-RX] [216] <-45.00 -90.00 -10.00> result: 71.89 113.
[11:52:50.675] [ARM-RX] 04 -61.00 18.20 84.33 0.00
[11:52:50.676] [ARM-RX] [217] <-45.00 -90.00 -10.00> result: 71.89 113.04 -61.00 18.20 84.33 0.00
[11:52:50.676] [ARM-RX] [218] <-45.00 -90.00 -10.00> result: 71.89 113.04 -61.00 18.20 84.33 0.00
[11:52:50.676] [ARM-RX] [219] <-45.00 -90.00 -10.00> result: 71.89 113.04 -61.00 18.20 84.33 0.00
[11:52:50.676] [ARM-RX] [22
[11:52:50.699] [ARM-RX] 0] <-45.00 -90.00 -10.00> result: 71.89 113.04 -61.00 18.20 84.33 0.00
[11:52:50.699] [ARM-RX] [221] <-45.00 -90.00 -10.00> result: 71.89 113.04 -61.00 18.20 84.33 0.00
[11:52:50.699] [ARM-RX] [222] <-45.00 -90.00 -10.00> result: 71.89 113.04 -61.00 18.20 84.33 0.00
[11:52:50.699] [ARM-RX] [223] <-45.00 -90.00 -10.00> resul
[11:52:50.722] [ARM-RX] t: 71.89 113.04 -61.00 18.20 84.33 0.00
[11:52:50.722] [ARM-RX] [224] <-45.00 -90.00 -10.00> result: 71.89 113.04 -61.00 18.20 84.33 0.00
[11:52:50.722] [ARM-RX] [225] <-45.00 -90.00 -10.00> result: 71.89 113.04 -61.00 18.20 84.33 0.00
[11:52:50.722] [ARM-RX] [226] <-45.00 -90.00 -10.00> result: 71.89 113.04 -61.00 18.20 84
[11:52:50.782] [ARM-RX] .33 0.00
[11:52:50.782] [ARM-RX] [227] <-45.00 -90.00 -10.00> result: 71.89 113.04 -61.00 18.20 84.33 0.00
[11:52:50.782] [ARM-RX] [228] <-45.00 -90.00 -10.00> result: 71.89 113.04 -61.00 18.20 84.33 0.00
[11:52:50.782] [ARM-RX] [229] <-45.00 -90.00 -10.00> result: 71.89 113.04 -61.00 18.20 84.33 0.00
[11:52:53.214] [ARM-RX] [joint 1] ave_error:7.53
[11:52:53.214] [ARM-RX] [joint 2] ave_error:5.47
[11:52:53.214] [ARM-RX] [joint 3] ave_error:4.90
[11:52:53.214] [ARM-RX] [joint 4] ave_error:2.55
[11:52:53.215] [ARM-RX] [joint 5] ave_error:0.47
[11:52:53.215] [ARM-RX] robot pid run finished!!
[11:52:54.009] [ARM-RX] AUTO final confirm failed: joint 1 err=7.11deg tol=3.00, pose invalid.
[11:52:54.009] [ARM-RX] J1 cur=74.49 target=71.89 err=-2.60
[11:52:54.010] [ARM-RX] J2 cur=120.14 target=113.04 err=-7.11
[11:52:54.010] [ARM-RX] J3 cur=-56.05 target=-61.00 err=-4.95
[11:52:54.010] [ARM-RX] J4 cur=19.36 target=18.20 err=-1.16
[11:52:54.010] [ARM-RX] J5 cur=84.21 target=84
[11:52:54.077] [ARM-RX] .33 err=0.12
[11:52:55.357] [ARM-TX] 发送命令 abs_rotate 0 100: abs_rotate 0 100
[11:52:55.444] [ARM-RX] Found handler for 'abs_rotate', executing...
[11:52:55.444] [ARM-RX] [joint_id: 0] ROBOT_JOINT_ABS_ROTATE 100.000000
[11:53:01.489] [ARM-TX] 发送命令 abs_rotate 0 110: abs_rotate 0 110
[11:53:01.626] [ARM-RX] Found handler for 'abs_rotate', executing...
[11:53:01.626] [ARM-RX] [joint_id: 0] ROBOT_JOINT_ABS_ROTATE 110.000000
[11:53:07.050] [ARM-TX] 发送命令 abs_rotate 0 105: abs_rotate 0 105
[11:53:07.106] [ARM-RX] Found handler for 'abs_rotate', executing...
[11:53:07.106] [ARM-RX] [joint_id: 0] ROBOT_JOINT_ABS_ROTATE 105.000000
[11:53:10.226] [ARM-RX] joint 0 position confirm timeout: cur=108.42 target=105.00 err=3.42 tol=3.00
[11:53:11.240] [ARM-TX] 发送命令 abs_rotate 0 100: abs_rotate 0 100
[11:53:11.283] [ARM-RX] Found handler for 'abs_rotate', executing...
[11:53:11.283] [ARM-RX] [joint_id: 0] ROBOT_JOINT_ABS_ROTATE 100.000000
[11:53:16.079] [ARM-TX] 发送命令 abs_rotate 0 103: abs_rotate 0 103
[11:53:16.143] [ARM-RX] Found handler for 'abs_rotate', executing...
[11:53:16.143] [ARM-RX] [joint_id: 0] ROBOT_JOINT_ABS_ROTATE 103.000000
[11:53:20.060] [ARM-TX] 发送命令 abs_rotate 0 105: abs_rotate 0 105
[11:53:20.199] [ARM-RX] Found handler for 'abs_rotate', executing...
[11:53:20.199] [ARM-RX] [joint_id: 0] ROBOT_JOINT_ABS_ROTATE 105.000000
[11:53:30.898] [ARM-TX] 发送命令 soft_reset: soft_reset
[11:53:30.981] [ARM-RX] Found handler for 'soft_reset', executing...
[11:53:30.981] [ARM-RX] ROBOT_SOFT_RESET_EVENT
[11:53:30.981] [ARM-RX] --- Starting soft reset ---
[11:53:31.232] [ARM-RX] Soft reset motors enabled (J1~J5, J6 skipped).
[11:53:31.232] [ARM-RX] Soft resetting joint 4...
[11:53:31.233] [ARM-RX] robot_update_current_angle 4...
[11:53:31.233] [ARM-RX] [4] current:84.21, target:90.00, dir:1
[11:53:31.975] [ARM-RX] Soft resetting joint 3...
[11:53:31.975] [ARM-RX] robot_update_current_angle 3...
[11:53:31.975] [ARM-RX] [3] current:19.36, target:0.00, dir:-1
[11:53:33.717] [ARM-RX] soft reset joint 3 settle timeout, keep going
[11:53:33.717] [ARM-RX] Soft resetting joint 1...
[11:53:33.718] [ARM-RX] robot_update_current_angle 1...
[11:53:33.718] [ARM-RX] [1] current:120.13, target:90.00, dir:-1
[11:53:35.651] [ARM-RX] soft reset joint 1 settle timeout, keep going
[11:53:35.651] [ARM-RX] Soft resetting joint 2...
[11:53:35.651] [ARM-RX] robot_update_current_angle 2...
[11:53:35.651] [ARM-RX] [2] current:-56.05, target:-90.00, dir:-1
[11:53:37.769] [ARM-RX] soft reset joint 2 settle timeout, keep going
[11:53:37.769] [ARM-RX] Soft resetting joint 0...
[11:53:37.769] [ARM-RX] robot_update_current_angle 0...
[11:53:37.770] [ARM-RX] [0] current:105.87, target:90.00, dir:-1
[11:53:39.272] [ARM-RX] soft reset joint 0 settle timeout, keep going
[11:53:39.334] [ARM-RX] soft reset verify not pass, start refine loop...
[11:53:39.519] [ARM-RX] soft reset refine pass 1 success.
[11:53:39.519] [ARM-RX] soft reset final verify PASS (issues:4), pose set HOME.
[11:53:42.528] [ARM-TX] 发送命令 auto -45 -130 -15: auto -45 -130 -15
[11:53:42.630] [ARM-RX] Found handler for 'auto', executing...
[11:53:42.630] [ARM-RX] ROBOT_AUTO_EVENT
[11:53:42.630] [ARM-RX] [0] <0.00 0.00 0.00> result: 90.00 90.00 -90.00 0.00 90.00 0.00
[11:53:42.660] [ARM-RX] [1] <-0.00 -0.00 -0.00> result: 90.00 90.00 -90.00 0.00 90.00 0.00
[11:53:42.662] [ARM-RX] [2] <-0.00 -0.00 -0.00> result: 90.00 90.00 -90.00 0.00 90.00 0.00
[11:53:42.662] [ARM-RX] [3] <-0.00 -0.00 -0.00> result: 90.00 90.00 -90.00 0.00 90.00 0.00
[11:53:42.662] [ARM-RX] [4] <-0.00 -0.01 -0.00> result: 90.00 90.00 -90.00
[11:53:42.685] [ARM-RX] 0.00 90.00 0.00
[11:53:42.685] [ARM-RX] [5] <-0.01 -0.02 -0.00> result: 89.99 90.01 -89.99 0.01 90.00 0.00
[11:53:42.685] [ARM-RX] [6] <-0.01 -0.03 -0.00> result: 89.99 90.01 -89.99 0.01 90.00 0.00
[11:53:42.685] [ARM-RX] [7] <-0.02 -0.05 -0.01> result: 89.98 90.02 -89.99 0.02 90.01 0.00
[11:53:42.685] [ARM-RX] [8] <-0.02 -0.07 -0.01> result: 89.
[11:53:42.706] [ARM-RX] 97 90.03 -89.98 0.03 90.01 0.00
[11:53:42.707] [ARM-RX] [9] <-0.03 -0.09 -0.01> result: 89.96 90.04 -89.97 0.04 90.01 0.00
[11:53:42.707] [ARM-RX] [10] <-0.04 -0.13 -0.01> result: 89.95 90.05 -89.96 0.05 90.02 0.00
[11:53:42.707] [ARM-RX] [11] <-0.06 -0.17 -0.02> result: 89.93 90.07 -89.95 0.07 90.02 0.00
[11:53:42.707] [ARM-RX] [12] <-0.07 -0.21
[11:53:42.730] [ARM-RX] -0.02> result: 89.91 90.09 -89.94 0.09 90.03 0.00
[11:53:42.731] [ARM-RX] [13] <-0.09 -0.27 -0.03> result: 89.89 90.11 -89.93 0.11 90.04 0.00
[11:53:42.731] [ARM-RX] [14] <-0.12 -0.33 -0.04> result: 89.86 90.14 -89.91 0.14 90.05 0.00
[11:53:42.731] [ARM-RX] [15] <-0.14 -0.41 -0.05> result: 89.83 90.17 -89.89 0.17 90.06 0.0
[11:53:42.752] [ARM-RX] 0
[11:53:42.752] [ARM-RX] [16] <-0.17 -0.49 -0.06> result: 89.80 90.20 -89.86 0.20 90.07 0.00
[11:53:42.753] [ARM-RX] [17] <-0.20 -0.59 -0.07> result: 89.76 90.24 -89.84 0.24 90.08 0.00
[11:53:42.756] [ARM-RX] [18] <-0.24 -0.69 -0.08> result: 89.72 90.28 -89.81 0.28 90.09 0.00
[11:53:42.756] [ARM-RX] [19] <-0.28 -0.81 -0.09> result: 89.67 90.33 -
[11:53:42.775] [ARM-RX] 89.78 0.33 90.11 0.00
[11:53:42.775] [ARM-RX] [20] <-0.33 -0.94 -0.11> result: 89.62 90.39 -89.74 0.38 90.13 0.00
[11:53:42.775] [ARM-RX] [21] <-0.37 -1.08 -0.12> result: 89.56 90.44 -89.70 0.44 90.14 0.00
[11:53:42.776] [ARM-RX] [22] <-0.43 -1.24 -0.14> result: 89.50 90.51 -89.66 0.50 90.16 0.00
[11:53:42.776] [ARM-RX] [23] <-0.49 -1.41 -0.16> r
[11:53:42.799] [ARM-RX] esult: 89.43 90.58 -89.61 0.57 90.18 0.00
[11:53:42.799] [ARM-RX] [24] <-0.55 -1.60 -0.18> result: 89.36 90.65 -89.56 0.64 90.21 0.00
[11:53:42.799] [ARM-RX] [25] <-0.62 -1.80 -0.21> result: 89.28 90.73 -89.50 0.72 90.23 0.00
[11:53:42.799] [ARM-RX] [26] <-0.70 -2.01 -0.23> result: 89.20 90.82 -89.44 0.80 90.26 0.00
[11:53:42.799] [ARM-RX] [27] <
[11:53:42.832] [ARM-RX] -0.78 -2.25 -0.26> result: 89.11 90.91 -89.38 0.89 90.28 0.00
[11:53:42.832] [ARM-RX] [28] <-0.86 -2.50 -0.29> result: 89.01 91.01 -89.31 0.99 90.31 0.00
[11:53:42.832] [ARM-RX] [29] <-0.96 -2.77 -0.32> result: 88.91 91.11 -89.23 1.09 90.34 0.00
[11:53:42.833] [ARM-RX] [30] <-1.06 -3.05 -0.35> result: 88.81 91.22 -89.15 1.1
[11:53:42.855] [ARM-RX] 9 90.37 0.00
[11:53:42.856] [ARM-RX] [31] <-1.16 -3.36 -0.39> result: 88.69 91.34 -89.07 1.31 90.41 0.00
[11:53:42.856] [ARM-RX] [32] <-1.27 -3.68 -0.42> result: 88.58 91.46 -88.98 1.42 90.44 0.00
[11:53:42.856] [ARM-RX] [33] <-1.39 -4.02 -0.46> result: 88.46 91.59 -88.88 1.54 90.47 0.00
[11:53:42.856] [ARM-RX] [34] <-1.52 -4.38 -0.51> result: 88
[11:53:42.879] [ARM-RX] .33 91.73 -88.78 1.67 90.51 0.00
[11:53:42.880] [ARM-RX] [35] <-1.65 -4.77 -0.55> result: 88.20 91.88 -88.67 1.80 90.54 0.00
[11:53:42.880] [ARM-RX] [36] <-1.79 -5.17 -0.60> result: 88.06 92.03 -88.55 1.94 90.58 0.00
[11:53:42.880] [ARM-RX] [37] <-1.94 -5.60 -0.65> result: 87.92 92.18 -88.43 2.08 90.61 0.00
[11:53:42.880] [ARM-RX] [38] <-2.09 -6.
[11:53:42.902] [ARM-RX] 04 -0.70> result: 87.77 92.35 -88.31 2.23 90.65 0.00
[11:53:42.903] [ARM-RX] [39] <-2.25 -6.51 -0.75> result: 87.62 92.52 -88.17 2.38 90.69 0.00
[11:53:42.903] [ARM-RX] [40] <-2.42 -7.01 -0.81> result: 87.46 92.69 -88.03 2.54 90.72 0.00
[11:53:42.903] [ARM-RX] [41] <-2.60 -7.52 -0.87> result: 87.30 92.88 -87.88 2.70 90.76 0
[11:53:42.925] [ARM-RX] .00
[11:53:42.925] [ARM-RX] [42] <-2.79 -8.06 -0.93> result: 87.13 93.07 -87.73 2.87 90.79 0.00
[11:53:42.925] [ARM-RX] [43] <-2.98 -8.62 -0.99> result: 86.96 93.26 -87.57 3.04 90.83 0.00
[11:53:42.926] [ARM-RX] [44] <-3.19 -9.21 -1.06> result: 86.79 93.46 -87.40 3.21 90.86 0.00
[11:53:42.926] [ARM-RX] [45] <-3.40 -9.82 -1.13> result: 86.61 93.67
[11:53:42.948] [ARM-RX] -87.22 3.39 90.89 0.00
[11:53:42.948] [ARM-RX] [46] <-3.62 -10.45 -1.21> result: 86.44 93.89 -87.04 3.56 90.92 0.00
[11:53:42.948] [ARM-RX] [47] <-3.85 -11.11 -1.28> result: 86.25 94.11 -86.85 3.75 90.95 0.00
[11:53:42.949] [ARM-RX] [48] <-4.08 -11.80 -1.36> result: 86.07 94.33 -86.65 3.93 90.98 0.00
[11:53:42.949] [ARM-RX] [49] <-4.33 -12.51 -1
[11:53:42.971] [ARM-RX] .44> result: 85.88 94.56 -86.44 4.12 91.00 0.00
[11:53:42.971] [ARM-RX] [50] <-4.58 -13.24 -1.53> result: 85.69 94.80 -86.23 4.31 91.03 0.00
[11:53:42.971] [ARM-RX] [51] <-4.85 -14.01 -1.62> result: 85.50 95.04 -86.01 4.50 91.05 0.00
[11:53:42.972] [ARM-RX] [52] <-5.12 -14.80 -1.71> result: 85.31 95.29 -85.77 4.69 91.06 0.0
[11:53:42.994] [ARM-RX] 0
[11:53:42.995] [ARM-RX] [53] <-5.40 -15.61 -1.80> result: 85.12 95.55 -85.53 4.89 91.08 0.00
[11:53:42.995] [ARM-RX] [54] <-5.70 -16.46 -1.90> result: 84.92 95.80 -85.29 5.08 91.09 0.00
[11:53:42.995] [ARM-RX] [55] <-6.00 -17.32 -2.00> result: 84.73 96.07 -85.03 5.28 91.09 0.00
[11:53:42.995] [ARM-RX] [56] <-6.31 -18.22 -2.10> result: 84.53 96.
[11:53:43.028] [ARM-RX] 34 -84.76 5.47 91.10 0.00
[11:53:43.030] [ARM-RX] [57] <-6.63 -19.15 -2.21> result: 84.33 96.61 -84.49 5.67 91.09 0.00
[11:53:43.030] [ARM-RX] [58] <-6.96 -20.10 -2.32> result: 84.14 96.89 -84.21 5.87 91.09 0.00
[11:53:43.030] [ARM-RX] [59] <-7.30 -21.08 -2.43> result: 83.94 97.17 -83.91 6.06 91.08 0.00
[11:53:43.030] [ARM-RX] [60] <-7.64 -22.08
[11:53:43.052] [ARM-RX] -2.55> result: 83.74 97.46 -83.61 6.26 91.06 0.00
[11:53:43.052] [ARM-RX] [61] <-8.00 -23.12 -2.67> result: 83.55 97.75 -83.30 6.45 91.04 0.00
[11:53:43.052] [ARM-RX] [62] <-8.37 -24.18 -2.79> result: 83.35 98.04 -82.98 6.65 91.02 0.00
[11:53:43.052] [ARM-RX] [63] <-8.75 -25.27 -2.92> result: 83.16 98.34 -82.66 6.84 90.99 0
[11:53:43.075] [ARM-RX] .00
[11:53:43.075] [ARM-RX] [64] <-9.14 -26.39 -3.05> result: 82.96 98.64 -82.32 7.04 90.95 0.00
[11:53:43.076] [ARM-RX] [65] <-9.53 -27.54 -3.18> result: 82.77 98.95 -81.97 7.23 90.91 0.00
[11:53:43.076] [ARM-RX] [66] <-9.94 -28.71 -3.31> result: 82.58 99.26 -81.62 7.42 90.87 0.00
[11:53:43.076] [ARM-RX] [67] <-10.36 -29.92 -3.45> result: 82.39
[11:53:43.098] [ARM-RX] 99.57 -81.25 7.61 90.82 0.00
[11:53:43.098] [ARM-RX] [68] <-10.78 -31.15 -3.59> result: 82.21 99.89 -80.87 7.79 90.76 0.00
[11:53:43.098] [ARM-RX] [69] <-11.22 -32.41 -3.74> result: 82.02 100.21 -80.49 7.98 90.70 0.00
[11:53:43.098] [ARM-RX] [70] <-11.66 -33.70 -3.89> result: 81.84 100.54 -80.10 8.16 90.63 0.00
[11:53:43.099] [ARM-RX] [71] <-12.1
[11:53:43.122] [ARM-RX] 2 -35.01 -4.04> result: 81.66 100.86 -79.69 8.34 90.55 0.00
[11:53:43.122] [ARM-RX] [72] <-12.59 -36.36 -4.20> result: 81.48 101.20 -79.28 8.52 90.47 0.00
[11:53:43.122] [ARM-RX] [73] <-13.06 -37.73 -4.35> result: 81.30 101.53 -78.86 8.70 90.38 0.00
[11:53:43.122] [ARM-RX] [74] <-13.55 -39.13 -4.52> result: 81.13 101.87 -78
[11:53:43.145] [ARM-RX] .43 8.87 90.29 0.00
[11:53:43.145] [ARM-RX] [75] <-14.04 -40.56 -4.68> result: 80.95 102.21 -77.99 9.05 90.19 0.00
[11:53:43.145] [ARM-RX] [76] <-14.54 -42.01 -4.85> result: 80.79 102.55 -77.53 9.21 90.08 0.00
[11:53:43.145] [ARM-RX] [77] <-15.06 -43.50 -5.02> result: 80.62 102.90 -77.07 9.38 89.97 0.00
[11:53:43.146] [ARM-RX] [78] <-15.58 -45.01
[11:53:43.168] [ARM-RX] -5.19> result: 80.45 103.24 -76.60 9.55 89.85 0.00
[11:53:43.168] [ARM-RX] [79] <-16.11 -46.54 -5.37> result: 80.29 103.60 -76.13 9.71 89.73 0.00
[11:53:43.168] [ARM-RX] [80] <-16.65 -48.11 -5.55> result: 80.13 103.95 -75.64 9.87 89.59 0.00
[11:53:43.169] [ARM-RX] [81] <-17.20 -49.70 -5.73> result: 79.98 104.31 -75.14 10.0
[11:53:43.202] [ARM-RX] 2 89.45 0.00
[11:53:43.202] [ARM-RX] [82] <-17.76 -51.32 -5.92> result: 79.82 104.67 -74.63 10.18 89.31 0.00
[11:53:43.202] [ARM-RX] [83] <-18.33 -52.96 -6.11> result: 79.67 105.03 -74.11 10.33 89.16 0.00
[11:53:43.203] [ARM-RX] [84] <-18.91 -54.63 -6.30> result: 79.52 105.40 -73.59 10.48 89.00 0.00
[11:53:43.203] [ARM-RX] [85] <-19.50 -56.32 -6.
[11:53:43.227] [ARM-RX] 50> result: 79.38 105.76 -73.05 10.62 88.84 0.00
[11:53:43.228] [ARM-RX] [86] <-20.09 -58.05 -6.70> result: 79.23 106.13 -72.51 10.77 88.67 0.00
[11:53:43.228] [ARM-RX] [87] <-20.70 -59.79 -6.90> result: 79.09 106.51 -71.95 10.91 88.49 0.00
[11:53:43.228] [ARM-RX] [88] <-21.31 -61.56 -7.10> result: 78.96 106.88 -71.39 11.05
[11:53:43.250] [ARM-RX] 88.31 0.00
[11:53:43.250] [ARM-RX] [89] <-21.93 -63.36 -7.31> result: 78.82 107.26 -70.82 11.18 88.12 0.00
[11:53:43.251] [ARM-RX] [90] <-22.56 -65.18 -7.52> result: 78.69 107.64 -70.24 11.32 87.92 0.00
[11:53:43.251] [ARM-RX] [91] <-23.20 -67.02 -7.73> result: 78.56 108.03 -69.65 11.45 87.72 0.00
[11:53:43.251] [ARM-RX] [92] <-23.85 -68.89 -7.9
[11:53:43.272] [ARM-RX] 5> result: 78.43 108.41 -69.05 11.58 87.51 0.00
[11:53:43.272] [ARM-RX] [93] <-24.50 -70.78 -8.17> result: 78.31 108.80 -68.44 11.70 87.30 0.00
[11:53:43.272] [ARM-RX] [94] <-25.16 -72.69 -8.39> result: 78.19 109.19 -67.82 11.83 87.08 0.00
[11:53:43.273] [ARM-RX] [95] <-25.83 -74.63 -8.61> result: 78.07 109.59 -67.19 11.95
[11:53:43.295] [ARM-RX] 86.85 0.00
[11:53:43.295] [ARM-RX] [96] <-26.51 -76.59 -8.84> result: 77.95 109.98 -66.56 12.07 86.62 0.00
[11:53:43.296] [ARM-RX] [97] <-27.20 -78.57 -9.07> result: 77.84 110.38 -65.92 12.19 86.38 0.00
[11:53:43.296] [ARM-RX] [98] <-27.89 -80.57 -9.30> result: 77.73 110.78 -65.27 12.30 86.14 0.00
[11:53:43.296] [ARM-RX] [99] <-28.59 -82.59 -9.53
[11:53:43.318] [ARM-RX] > result: 77.62 111.19 -64.60 12.41 85.89 0.00
[11:53:43.318] [ARM-RX] [100] <-29.30 -84.63 -9.77> result: 77.51 111.59 -63.94 12.53 85.64 0.00
[11:53:43.318] [ARM-RX] [101] <-30.01 -86.70 -10.00> result: 77.41 112.00 -63.26 12.64 85.38 0.00
[11:53:43.318] [ARM-RX] [102] <-30.73 -88.78 -10.24> result: 77.30 112.41 -62.57 12
[11:53:43.340] [ARM-RX] .74 85.11 0.00
[11:53:43.342] [ARM-RX] [103] <-31.46 -90.88 -10.49> result: 77.20 112.83 -61.88 12.85 84.84 0.00
[11:53:43.342] [ARM-RX] [104] <-32.19 -92.99 -10.73> result: 77.11 113.24 -61.18 12.95 84.56 0.00
[11:53:43.342] [ARM-RX] [105] <-32.93 -95.13 -10.98> result: 77.01 113.66 -60.47 13.06 84.28 0.00
[11:53:43.342] [ARM-RX] [106] <-33.68 -
[11:53:43.363] [ARM-RX] 97.28 -11.23> result: 76.92 114.08 -59.75 13.16 84.00 0.00
[11:53:43.363] [ARM-RX] [107] <-34.43 -99.46 -11.48> result: 76.83 114.50 -59.03 13.25 83.70 0.00
[11:53:43.365] [ARM-RX] [108] <-35.18 -101.64 -11.73> result: 76.74 114.93 -58.30 13.35 83.41 0.00
[11:53:43.365] [ARM-RX] [109] <-35.95 -103.84 -11.98> result: 76.65 1
[11:53:43.399] [ARM-RX] 15.36 -57.56 13.45 83.11 0.00
[11:53:43.400] [ARM-RX] [110] <-36.71 -106.06 -12.24> result: 76.57 115.79 -56.81 13.54 82.80 0.00
[11:53:43.400] [ARM-RX] [111] <-37.49 -108.29 -12.50> result: 76.48 116.22 -56.05 13.64 82.49 0.00
[11:53:43.400] [ARM-RX] [112] <-38.26 -110.54 -12.75> result: 76.40 116.65 -55.29 13.73 82.17 0.0
[11:53:43.422] [ARM-RX] 0
[11:53:43.423] [ARM-RX] [113] <-39.05 -112.80 -13.02> result: 76.32 117.09 -54.52 13.82 81.85 0.00
[11:53:43.423] [ARM-RX] [114] <-39.83 -115.07 -13.28> result: 76.24 117.53 -53.75 13.91 81.52 0.00
[11:53:43.423] [ARM-RX] [115] <-40.62 -117.36 -13.54> result: 76.17 117.97 -52.96 14.00 81.19 0.00
[11:53:43.423] [ARM-RX] [116] <-41.42 -119.65 -13
[11:53:43.445] [ARM-RX] .81> result: 76.09 118.41 -52.17 14.09 80.86 0.00
[11:53:43.446] [ARM-RX] [117] <-42.22 -121.96 -14.07> result: 76.02 118.86 -51.37 14.18 80.52 0.00
[11:53:43.446] [ARM-RX] [118] <-43.02 -124.28 -14.34> result: 75.95 119.30 -50.57 14.26 80.18 0.00
[11:53:43.446] [ARM-RX] [119] <-43.83 -126.61 -14.61> result: 75.88 119.75 -4
[11:53:43.469] [ARM-RX] 9.76 14.35 79.83 0.00
[11:53:43.469] [ARM-RX] [120] <-44.63 -128.95 -14.88> result: 75.81 120.20 -48.94 14.43 79.48 0.00
[11:53:43.469] [ARM-RX] [121] <-45.00 -130.00 -15.00> result: 75.78 120.41 -48.57 14.47 79.32 0.00
[11:53:43.469] [ARM-RX] [122] <-45.00 -130.00 -15.00> result: 75.78 120.41 -48.57 14.47 79.32 0.00
[11:53:43.470] [ARM-RX] [123]
[11:53:43.490] [ARM-RX] <-45.00 -130.00 -15.00> result: 75.78 120.41 -48.57 14.47 79.32 0.00
[11:53:43.492] [ARM-RX] [124] <-45.00 -130.00 -15.00> result: 75.78 120.41 -48.57 14.47 79.32 0.00
[11:53:43.492] [ARM-RX] [125] <-45.00 -130.00 -15.00> result: 75.78 120.41 -48.57 14.47 79.32 0.00
[11:53:43.492] [ARM-RX] [126] <-45.00 -130.00 -15.00> res
[11:53:43.516] [ARM-RX] ult: 75.78 120.41 -48.57 14.47 79.32 0.00
[11:53:43.516] [ARM-RX] [127] <-45.00 -130.00 -15.00> result: 75.78 120.41 -48.57 14.47 79.32 0.00
[11:53:43.516] [ARM-RX] [128] <-45.00 -130.00 -15.00> result: 75.78 120.41 -48.57 14.47 79.32 0.00
[11:53:43.516] [ARM-RX] [129] <-45.00 -130.00 -15.00> result: 75.78 120.41 -48.57 14.
[11:53:43.538] [ARM-RX] 47 79.32 0.00
[11:53:43.538] [ARM-RX] [130] <-45.00 -130.00 -15.00> result: 75.78 120.41 -48.57 14.47 79.32 0.00
[11:53:43.538] [ARM-RX] [131] <-45.00 -130.00 -15.00> result: 75.78 120.41 -48.57 14.47 79.32 0.00
[11:53:43.538] [ARM-RX] [132] <-45.00 -130.00 -15.00> result: 75.78 120.41 -48.57 14.47 79.32 0.00
[11:53:43.539] [ARM-RX] [133] <-45.00
[11:53:43.574] [ARM-RX] -130.00 -15.00> result: 75.78 120.41 -48.57 14.47 79.32 0.00
[11:53:43.574] [ARM-RX] [134] <-45.00 -130.00 -15.00> result: 75.78 120.41 -48.57 14.47 79.32 0.00
[11:53:43.574] [ARM-RX] [135] <-45.00 -130.00 -15.00> result: 75.78 120.41 -48.57 14.47 79.32 0.00
[11:53:43.574] [ARM-RX] [136] <-45.00 -130.00 -15.00> result: 75.
[11:53:43.596] [ARM-RX] 78 120.41 -48.57 14.47 79.32 0.00
[11:53:43.596] [ARM-RX] [137] <-45.00 -130.00 -15.00> result: 75.78 120.41 -48.57 14.47 79.32 0.00
[11:53:43.597] [ARM-RX] [138] <-45.00 -130.00 -15.00> result: 75.78 120.41 -48.57 14.47 79.32 0.00
[11:53:43.597] [ARM-RX] [139] <-45.00 -130.00 -15.00> result: 75.78 120.41 -48.57 14.47 79.32
[11:53:43.619] [ARM-RX] 0.00
[11:53:43.619] [ARM-RX] [140] <-45.00 -130.00 -15.00> result: 75.78 120.41 -48.57 14.47 79.32 0.00
[11:53:43.620] [ARM-RX] [141] <-45.00 -130.00 -15.00> result: 75.78 120.41 -48.57 14.47 79.32 0.00
[11:53:43.620] [ARM-RX] [142] <-45.00 -130.00 -15.00> result: 75.78 120.41 -48.57 14.47 79.32 0.00
[11:53:43.620] [ARM-RX] [143] <-45.00 -130.00
[11:53:43.642] [ARM-RX] -15.00> result: 75.78 120.41 -48.57 14.47 79.32 0.00
[11:53:43.643] [ARM-RX] [144] <-45.00 -130.00 -15.00> result: 75.78 120.41 -48.57 14.47 79.32 0.00
[11:53:43.643] [ARM-RX] [145] <-45.00 -130.00 -15.00> result: 75.78 120.41 -48.57 14.47 79.32 0.00
[11:53:43.643] [ARM-RX] [146] <-45.00 -130.00 -15.00> result: 75.78 120.4
[11:53:43.665] [ARM-RX] 1 -48.57 14.47 79.32 0.00
[11:53:43.665] [ARM-RX] [147] <-45.00 -130.00 -15.00> result: 75.78 120.41 -48.57 14.47 79.32 0.00
[11:53:43.665] [ARM-RX] [148] <-45.00 -130.00 -15.00> result: 75.78 120.41 -48.57 14.47 79.32 0.00
[11:53:43.665] [ARM-RX] [149] <-45.00 -130.00 -15.00> result: 75.78 120.41 -48.57 14.47 79.32 0.00
[11:53:43.665] [ARM-RX] [
[11:53:43.689] [ARM-RX] 150] <-45.00 -130.00 -15.00> result: 75.78 120.41 -48.57 14.47 79.32 0.00
[11:53:43.689] [ARM-RX] [151] <-45.00 -130.00 -15.00> result: 75.78 120.41 -48.57 14.47 79.32 0.00
[11:53:43.689] [ARM-RX] [152] <-45.00 -130.00 -15.00> result: 75.78 120.41 -48.57 14.47 79.32 0.00
[11:53:43.689] [ARM-RX] [153] <-45.00 -130.00 -15.00>
[11:53:43.711] [ARM-RX] result: 75.78 120.41 -48.57 14.47 79.32 0.00
[11:53:43.711] [ARM-RX] [154] <-45.00 -130.00 -15.00> result: 75.78 120.41 -48.57 14.47 79.32 0.00
[11:53:43.711] [ARM-RX] [155] <-45.00 -130.00 -15.00> result: 75.78 120.41 -48.57 14.47 79.32 0.00
[11:53:43.711] [ARM-RX] [156] <-45.00 -130.00 -15.00> result: 75.78 120.41 -48.57
[11:53:43.734] [ARM-RX] 14.47 79.32 0.00
[11:53:43.735] [ARM-RX] [157] <-45.00 -130.00 -15.00> result: 75.78 120.41 -48.57 14.47 79.32 0.00
[11:53:43.735] [ARM-RX] [158] <-45.00 -130.00 -15.00> result: 75.78 120.41 -48.57 14.47 79.32 0.00
[11:53:43.735] [ARM-RX] [159] <-45.00 -130.00 -15.00> result: 75.78 120.41 -48.57 14.47 79.32 0.00
[11:53:43.735] [ARM-RX] [160] <-4
[11:53:43.769] [ARM-RX] 5.00 -130.00 -15.00> result: 75.78 120.41 -48.57 14.47 79.32 0.00
[11:53:43.770] [ARM-RX] [161] <-45.00 -130.00 -15.00> result: 75.78 120.41 -48.57 14.47 79.32 0.00
[11:53:43.770] [ARM-RX] [162] <-45.00 -130.00 -15.00> result: 75.78 120.41 -48.57 14.47 79.32 0.00
[11:53:43.770] [ARM-RX] [163] <-45.00 -130.00 -15.00> result:
[11:53:43.792] [ARM-RX] 75.78 120.41 -48.57 14.47 79.32 0.00
[11:53:43.793] [ARM-RX] [164] <-45.00 -130.00 -15.00> result: 75.78 120.41 -48.57 14.47 79.32 0.00
[11:53:43.793] [ARM-RX] [165] <-45.00 -130.00 -15.00> result: 75.78 120.41 -48.57 14.47 79.32 0.00
[11:53:43.793] [ARM-RX] [166] <-45.00 -130.00 -15.00> result: 75.78 120.41 -48.57 14.47 7
[11:53:43.817] [ARM-RX] 9.32 0.00
[11:53:43.817] [ARM-RX] [167] <-45.00 -130.00 -15.00> result: 75.78 120.41 -48.57 14.47 79.32 0.00
[11:53:43.817] [ARM-RX] [168] <-45.00 -130.00 -15.00> result: 75.78 120.41 -48.57 14.47 79.32 0.00
[11:53:43.817] [ARM-RX] [169] <-45.00 -130.00 -15.00> result: 75.78 120.41 -48.57 14.47 79.32 0.00
[11:53:43.817] [ARM-RX] [170] <-45.00 -13
[11:53:43.839] [ARM-RX] 0.00 -15.00> result: 75.78 120.41 -48.57 14.47 79.32 0.00
[11:53:43.839] [ARM-RX] [171] <-45.00 -130.00 -15.00> result: 75.78 120.41 -48.57 14.47 79.32 0.00
[11:53:43.840] [ARM-RX] [172] <-45.00 -130.00 -15.00> result: 75.78 120.41 -48.57 14.47 79.32 0.00
[11:53:43.840] [ARM-RX] [173] <-45.00 -130.00 -15.00> result: 75.78 1
[11:53:43.862] [ARM-RX] 20.41 -48.57 14.47 79.32 0.00
[11:53:43.862] [ARM-RX] [174] <-45.00 -130.00 -15.00> result: 75.78 120.41 -48.57 14.47 79.32 0.00
[11:53:43.862] [ARM-RX] [175] <-45.00 -130.00 -15.00> result: 75.78 120.41 -48.57 14.47 79.32 0.00
[11:53:43.862] [ARM-RX] [176] <-45.00 -130.00 -15.00> result: 75.78 120.41 -48.57 14.47 79.32 0.0
[11:53:43.885] [ARM-RX] 0
[11:53:43.885] [ARM-RX] [177] <-45.00 -130.00 -15.00> result: 75.78 120.41 -48.57 14.47 79.32 0.00
[11:53:43.885] [ARM-RX] [178] <-45.00 -130.00 -15.00> result: 75.78 120.41 -48.57 14.47 79.32 0.00
[11:53:43.885] [ARM-RX] [179] <-45.00 -130.00 -15.00> result: 75.78 120.41 -48.57 14.47 79.32 0.00
[11:53:43.885] [ARM-RX] [180] <-45.00 -130.00 -15
[11:53:43.908] [ARM-RX] .00> result: 75.78 120.41 -48.57 14.47 79.32 0.00
[11:53:43.909] [ARM-RX] [181] <-45.00 -130.00 -15.00> result: 75.78 120.41 -48.57 14.47 79.32 0.00
[11:53:43.909] [ARM-RX] [182] <-45.00 -130.00 -15.00> result: 75.78 120.41 -48.57 14.47 79.32 0.00
[11:53:43.909] [ARM-RX] [183] <-45.00 -130.00 -15.00> result: 75.78 120.41 -4
[11:53:43.942] [ARM-RX] 8.57 14.47 79.32 0.00
[11:53:43.942] [ARM-RX] [184] <-45.00 -130.00 -15.00> result: 75.78 120.41 -48.57 14.47 79.32 0.00
[11:53:43.942] [ARM-RX] [185] <-45.00 -130.00 -15.00> result: 75.78 120.41 -48.57 14.47 79.32 0.00
[11:53:43.942] [ARM-RX] [186] <-45.00 -130.00 -15.00> result: 75.78 120.41 -48.57 14.47 79.32 0.00
[11:53:43.943] [ARM-RX] [187]
[11:53:43.970] [ARM-RX] <-45.00 -130.00 -15.00> result: 75.78 120.41 -48.57 14.47 79.32 0.00
[11:53:43.970] [ARM-RX] [188] <-45.00 -130.00 -15.00> result: 75.78 120.41 -48.57 14.47 79.32 0.00
[11:53:43.970] [ARM-RX] [189] <-45.00 -130.00 -15.00> result: 75.78 120.41 -48.57 14.47 79.32 0.00
[11:53:43.970] [ARM-RX] [190] <-45.00 -130.00 -15.00> res
[11:53:43.988] [ARM-RX] ult: 75.78 120.41 -48.57 14.47 79.32 0.00
[11:53:43.988] [ARM-RX] [191] <-45.00 -130.00 -15.00> result: 75.78 120.41 -48.57 14.47 79.32 0.00
[11:53:43.988] [ARM-RX] [192] <-45.00 -130.00 -15.00> result: 75.78 120.41 -48.57 14.47 79.32 0.00
[11:53:43.989] [ARM-RX] [193] <-45.00 -130.00 -15.00> result: 75.78 120.41 -48.57 14.
[11:53:44.012] [ARM-RX] 47 79.32 0.00
[11:53:44.012] [ARM-RX] [194] <-45.00 -130.00 -15.00> result: 75.78 120.41 -48.57 14.47 79.32 0.00
[11:53:44.013] [ARM-RX] [195] <-45.00 -130.00 -15.00> result: 75.78 120.41 -48.57 14.47 79.32 0.00
[11:53:44.013] [ARM-RX] [196] <-45.00 -130.00 -15.00> result: 75.78 120.41 -48.57 14.47 79.32 0.00
[11:53:44.013] [ARM-RX] [197] <-45.00
[11:53:44.035] [ARM-RX] -130.00 -15.00> result: 75.78 120.41 -48.57 14.47 79.32 0.00
[11:53:44.036] [ARM-RX] [198] <-45.00 -130.00 -15.00> result: 75.78 120.41 -48.57 14.47 79.32 0.00
[11:53:44.036] [ARM-RX] [199] <-45.00 -130.00 -15.00> result: 75.78 120.41 -48.57 14.47 79.32 0.00
[11:53:44.036] [ARM-RX] [200] <-45.00 -130.00 -15.00> result: 75.
[11:53:44.061] [ARM-RX] 78 120.41 -48.57 14.47 79.32 0.00
[11:53:44.062] [ARM-RX] [201] <-45.00 -130.00 -15.00> result: 75.78 120.41 -48.57 14.47 79.32 0.00
[11:53:44.062] [ARM-RX] [202] <-45.00 -130.00 -15.00> result: 75.78 120.41 -48.57 14.47 79.32 0.00
[11:53:44.062] [ARM-RX] [203] <-45.00 -130.00 -15.00> result: 75.78 120.41 -48.57 14.47 79.32
[11:53:44.080] [ARM-RX] 0.00
[11:53:44.082] [ARM-RX] [204] <-45.00 -130.00 -15.00> result: 75.78 120.41 -48.57 14.47 79.32 0.00
[11:53:44.082] [ARM-RX] [205] <-45.00 -130.00 -15.00> result: 75.78 120.41 -48.57 14.47 79.32 0.00
[11:53:44.082] [ARM-RX] [206] <-45.00 -130.00 -15.00> result: 75.78 120.41 -48.57 14.47 79.32 0.00
[11:53:44.082] [ARM-RX] [207] <-45.00 -130.00
[11:53:44.104] [ARM-RX] -15.00> result: 75.78 120.41 -48.57 14.47 79.32 0.00
[11:53:44.105] [ARM-RX] [208] <-45.00 -130.00 -15.00> result: 75.78 120.41 -48.57 14.47 79.32 0.00
[11:53:44.105] [ARM-RX] [209] <-45.00 -130.00 -15.00> result: 75.78 120.41 -48.57 14.47 79.32 0.00
[11:53:44.105] [ARM-RX] [210] <-45.00 -130.00 -15.00> result: 75.78 120.4
[11:53:44.140] [ARM-RX] 1 -48.57 14.47 79.32 0.00
[11:53:44.140] [ARM-RX] [211] <-45.00 -130.00 -15.00> result: 75.78 120.41 -48.57 14.47 79.32 0.00
[11:53:44.141] [ARM-RX] [212] <-45.00 -130.00 -15.00> result: 75.78 120.41 -48.57 14.47 79.32 0.00
[11:53:44.141] [ARM-RX] [213] <-45.00 -130.00 -15.00> result: 75.78 120.41 -48.57 14.47 79.32 0.00
[11:53:44.141] [ARM-RX] [
[11:53:44.162] [ARM-RX] 214] <-45.00 -130.00 -15.00> result: 75.78 120.41 -48.57 14.47 79.32 0.00
[11:53:44.162] [ARM-RX] [215] <-45.00 -130.00 -15.00> result: 75.78 120.41 -48.57 14.47 79.32 0.00
[11:53:44.163] [ARM-RX] [216] <-45.00 -130.00 -15.00> result: 75.78 120.41 -48.57 14.47 79.32 0.00
[11:53:44.163] [ARM-RX] [217] <-45.00 -130.00 -15.00>
[11:53:44.185] [ARM-RX] result: 75.78 120.41 -48.57 14.47 79.32 0.00
[11:53:44.185] [ARM-RX] [218] <-45.00 -130.00 -15.00> result: 75.78 120.41 -48.57 14.47 79.32 0.00
[11:53:44.185] [ARM-RX] [219] <-45.00 -130.00 -15.00> result: 75.78 120.41 -48.57 14.47 79.32 0.00
[11:53:44.186] [ARM-RX] [220] <-45.00 -130.00 -15.00> result: 75.78 120.41 -48.57
[11:53:44.208] [ARM-RX] 14.47 79.32 0.00
[11:53:44.209] [ARM-RX] [221] <-45.00 -130.00 -15.00> result: 75.78 120.41 -48.57 14.47 79.32 0.00
[11:53:44.209] [ARM-RX] [222] <-45.00 -130.00 -15.00> result: 75.78 120.41 -48.57 14.47 79.32 0.00
[11:53:44.209] [ARM-RX] [223] <-45.00 -130.00 -15.00> result: 75.78 120.41 -48.57 14.47 79.32 0.00
[11:53:44.209] [ARM-RX] [224] <-4
[11:53:44.234] [ARM-RX] 5.00 -130.00 -15.00> result: 75.78 120.41 -48.57 14.47 79.32 0.00
[11:53:44.234] [ARM-RX] [225] <-45.00 -130.00 -15.00> result: 75.78 120.41 -48.57 14.47 79.32 0.00
[11:53:44.234] [ARM-RX] [226] <-45.00 -130.00 -15.00> result: 75.78 120.41 -48.57 14.47 79.32 0.00
[11:53:44.235] [ARM-RX] [227] <-45.00 -130.00 -15.00> result:
[11:53:44.256] [ARM-RX] 75.78 120.41 -48.57 14.47 79.32 0.00
[11:53:44.257] [ARM-RX] [228] <-45.00 -130.00 -15.00> result: 75.78 120.41 -48.57 14.47 79.32 0.00
[11:53:44.257] [ARM-RX] [229] <-45.00 -130.00 -15.00> result: 75.78 120.41 -48.57 14.47 79.32 0.00
[11:53:44.257] [ARM-RX] [230] <-45.00 -130.00 -15.00> result: 75.78 120.41 -48.57 14.47 7
[11:53:44.278] [ARM-RX] 9.32 0.00
[11:53:44.278] [ARM-RX] [231] <-45.00 -130.00 -15.00> result: 75.78 120.41 -48.57 14.47 79.32 0.00
[11:53:44.278] [ARM-RX] [232] <-45.00 -130.00 -15.00> result: 75.78 120.41 -48.57 14.47 79.32 0.00
[11:53:44.278] [ARM-RX] [233] <-45.00 -130.00 -15.00> result: 75.78 120.41 -48.57 14.47 79.32 0.00
[11:53:44.279] [ARM-RX] [234] <-45.00 -13
[11:53:44.312] [ARM-RX] 0.00 -15.00> result: 75.78 120.41 -48.57 14.47 79.32 0.00
[11:53:44.313] [ARM-RX] [235] <-45.00 -130.00 -15.00> result: 75.78 120.41 -48.57 14.47 79.32 0.00
[11:53:44.313] [ARM-RX] [236] <-45.00 -130.00 -15.00> result: 75.78 120.41 -48.57 14.47 79.32 0.00
[11:53:44.313] [ARM-RX] [237] <-45.00 -130.00 -15.00> result: 75.78 1
[11:53:44.335] [ARM-RX] 20.41 -48.57 14.47 79.32 0.00
[11:53:44.335] [ARM-RX] [238] <-45.00 -130.00 -15.00> result: 75.78 120.41 -48.57 14.47 79.32 0.00
[11:53:44.335] [ARM-RX] [239] <-45.00 -130.00 -15.00> result: 75.78 120.41 -48.57 14.47 79.32 0.00
[11:53:44.335] [ARM-RX] [240] <-45.00 -130.00 -15.00> result: 75.78 120.41 -48.57 14.47 79.32 0.0
[11:53:44.359] [ARM-RX] 0
[11:53:44.359] [ARM-RX] [241] <-45.00 -130.00 -15.00> result: 75.78 120.41 -48.57 14.47 79.32 0.00
[11:53:44.359] [ARM-RX] [242] <-45.00 -130.00 -15.00> result: 75.78 120.41 -48.57 14.47 79.32 0.00
[11:53:44.359] [ARM-RX] [243] <-45.00 -130.00 -15.00> result: 75.78 120.41 -48.57 14.47 79.32 0.00
[11:53:44.360] [ARM-RX] [244] <-45.00 -130.00 -15
[11:53:44.381] [ARM-RX] .00> result: 75.78 120.41 -48.57 14.47 79.32 0.00
[11:53:44.381] [ARM-RX] [245] <-45.00 -130.00 -15.00> result: 75.78 120.41 -48.57 14.47 79.32 0.00
[11:53:44.381] [ARM-RX] [246] <-45.00 -130.00 -15.00> result: 75.78 120.41 -48.57 14.47 79.32 0.00
[11:53:44.381] [ARM-RX] [247] <-45.00 -130.00 -15.00> result: 75.78 120.41 -4
[11:53:44.405] [ARM-RX] 8.57 14.47 79.32 0.00
[11:53:44.405] [ARM-RX] [248] <-45.00 -130.00 -15.00> result: 75.78 120.41 -48.57 14.47 79.32 0.00
[11:53:44.405] [ARM-RX] [249] <-45.00 -130.00 -15.00> result: 75.78 120.41 -48.57 14.47 79.32 0.00
[11:53:44.406] [ARM-RX] [250] <-45.00 -130.00 -15.00> result: 75.78 120.41 -48.57 14.47 79.32 0.00
[11:53:44.406] [ARM-RX] [251]
[11:53:44.428] [ARM-RX] <-45.00 -130.00 -15.00> result: 75.78 120.41 -48.57 14.47 79.32 0.00
[11:53:44.428] [ARM-RX] [252] <-45.00 -130.00 -15.00> result: 75.78 120.41 -48.57 14.47 79.32 0.00
[11:53:44.428] [ARM-RX] [253] <-45.00 -130.00 -15.00> result: 75.78 120.41 -48.57 14.47 79.32 0.00
[11:53:44.428] [ARM-RX] [254] <-45.00 -130.00 -15.00> res
[11:53:44.452] [ARM-RX] ult: 75.78 120.41 -48.57 14.47 79.32 0.00
[11:53:44.452] [ARM-RX] [255] <-45.00 -130.00 -15.00> result: 75.78 120.41 -48.57 14.47 79.32 0.00
[11:53:44.452] [ARM-RX] [256] <-45.00 -130.00 -15.00> result: 75.78 120.41 -48.57 14.47 79.32 0.00
[11:53:44.452] [ARM-RX] [257] <-45.00 -130.00 -15.00> result: 75.78 120.41 -48.57 14.
[11:53:44.475] [ARM-RX] 47 79.32 0.00
[11:53:44.475] [ARM-RX] [258] <-45.00 -130.00 -15.00> result: 75.78 120.41 -48.57 14.47 79.32 0.00
[11:53:44.475] [ARM-RX] [259] <-45.00 -130.00 -15.00> result: 75.78 120.41 -48.57 14.47 79.32 0.00
[11:53:44.475] [ARM-RX] [260] <-45.00 -130.00 -15.00> result: 75.78 120.41 -48.57 14.47 79.32 0.00
[11:53:44.475] [ARM-RX] [261] <-45.00
[11:53:44.509] [ARM-RX] -130.00 -15.00> result: 75.78 120.41 -48.57 14.47 79.32 0.00
[11:53:44.509] [ARM-RX] [262] <-45.00 -130.00 -15.00> result: 75.78 120.41 -48.57 14.47 79.32 0.00
[11:53:44.510] [ARM-RX] [263] <-45.00 -130.00 -15.00> result: 75.78 120.41 -48.57 14.47 79.32 0.00
[11:53:44.510] [ARM-RX] [264] <-45.00 -130.00 -15.00> result: 75.
[11:53:44.525] [ARM-RX] 78 120.41 -48.57 14.47 79.32 0.00
[11:53:44.525] [ARM-RX] [265] <-45.00 -130.00 -15.00> result: 75.78 120.41 -48.57 14.47 79.32 0.00
[11:53:44.525] [ARM-RX] [266] <-45.00 -130.00 -15.00> result: 75.78 120.41 -48.57 14.47 79.32 0.00
[11:53:44.526] [ARM-RX] [267] <-45.00 -130.00 -15.00> result: 75.78 120.41 -48.57 14.47 79.32
[11:53:44.588] [ARM-RX] 0.00
[11:53:47.395] [ARM-RX] [joint 1] ave_error:0.44
[11:53:47.395] [ARM-RX] [joint 2] ave_error:7.35
[11:53:47.395] [ARM-RX] [joint 3] ave_error:8.08
[11:53:47.395] [ARM-RX] [joint 4] ave_error:0.53
[11:53:47.395] [ARM-RX] [joint 5] ave_error:1.12
[11:53:47.395] [ARM-RX] robot pid run finished!!
[11:53:47.751] [ARM-TX] 发送命令 abs_rotate 0 105: abs_rotate 0 105
[11:53:47.768] [ARM-RX] Found handler for 'abs_rotate', executing...
[11:53:48.178] [ARM-RX] AUTO final confirm failed: joint 2 err=12.72deg tol=3.00, pose invalid.
[11:53:48.179] [ARM-RX] J1 cur=75.86 target=75.78 err=-0.07
[11:53:48.179] [ARM-RX] J2 cur=131.66 target=120.41 err=-11.26
[11:53:48.179] [ARM-RX] J3 cur=-35.86 target=-48.57 err=-12.72
[11:53:48.179] [ARM-RX] J4 cur=14.56 target=14.47 err=-0.09
[11:53:48.180] [ARM-RX] J5 cur=79.05 target
[11:53:48.233] [ARM-RX] =79.32 err=0.27
[11:53:48.233] [ARM-RX] [joint_id: 0] ROBOT_JOINT_ABS_ROTATE 105.000000
[11:53:55.697] [ARM-TX] 发送命令 soft_reset: soft_reset
[11:53:55.772] [ARM-RX] Found handler for 'soft_reset', executing...
[11:53:55.772] [ARM-RX] ROBOT_SOFT_RESET_EVENT
[11:53:55.772] [ARM-RX] --- Starting soft reset ---
[11:53:55.958] [ARM-RX] Soft reset motors enabled (J1~J5, J6 skipped).
[11:53:55.958] [ARM-RX] Soft resetting joint 4...
[11:53:55.958] [ARM-RX] robot_update_current_angle 4...
[11:53:55.958] [ARM-RX] [4] current:79.05, target:90.00, dir:1
[11:53:57.075] [ARM-RX] Soft resetting joint 3...
[11:53:57.077] [ARM-RX] robot_update_current_angle 3...
[11:53:57.077] [ARM-RX] [3] current:14.56, target:0.00, dir:-1
[11:53:58.693] [ARM-RX] soft reset joint 3 settle timeout, keep going
[11:53:58.693] [ARM-RX] Soft resetting joint 1...
[11:53:58.693] [ARM-RX] robot_update_current_angle 1...
[11:53:58.693] [ARM-RX] [1] current:131.65, target:90.00, dir:-1
[11:54:00.938] [ARM-RX] soft reset joint 1 settle timeout, keep going
[11:54:00.938] [ARM-RX] Soft resetting joint 2...
[11:54:00.938] [ARM-RX] robot_update_current_angle 2...
[11:54:00.939] [ARM-RX] [2] current:-35.87, target:-90.00, dir:-1
[11:54:03.484] [ARM-RX] soft reset joint 2 settle timeout, keep going
[11:54:03.484] [ARM-RX] Soft resetting joint 0...
[11:54:03.484] [ARM-RX] robot_update_current_angle 0...
[11:54:03.484] [ARM-RX] [0] current:105.00, target:90.00, dir:-1
[11:54:05.103] [ARM-RX] soft reset joint 0 settle timeout, keep going
[11:54:05.103] [ARM-RX] soft reset verify not pass, start refine loop...
[11:54:05.291] [ARM-RX] soft reset refine pass 1 success.
[11:54:05.291] [ARM-RX] soft reset final verify PASS (issues:4), pose set HOME.
[11:54:10.118] [ARM-TX] 发送命令 abs_rotate 0 105: abs_rotate 0 105
[11:54:10.208] [ARM-RX] Found handler for 'abs_rotate', executing...
[11:54:10.208] [ARM-RX] [joint_id: 0] ROBOT_JOINT_ABS_ROTATE 105.000000
[11:54:12.336] [ARM-TX] 发送命令 auto -45 -130 -15: auto -45 -130 -15
[11:54:12.429] [ARM-RX] Found handler for 'auto', executing...
[11:54:12.429] [ARM-RX] ROBOT_AUTO_EVENT
[11:54:12.430] [ARM-RX] [0] <0.00 0.00 0.00> result: 90.00 90.00 -90.00 0.00 90.00 0.00
[11:54:12.430] [ARM-RX] [1] <-0.00 -0.00 -0.00> result: 90.00 90.00 -90.00 0.00 90.00 0.00
[11:54:12.430] [ARM-RX] [2] <-0.00 -0.00 -0.00> result: 90.00 90.00 -90.00 0.00 90.00 0.00
[11:54:12.452] [ARM-RX] [3] <-0.00 -0.00 -0.00> result: 90.00 90.00 -90.00 0.00 90.00 0.00
[11:54:12.452] [ARM-RX] [4] <-0.00 -0.01 -0.00> result: 90.00 90.00 -90.00 0.00 90.00 0.00
[11:54:12.453] [ARM-RX] [5] <-0.01 -0.02 -0.00> result: 89.99 90.01 -89.99 0.01 90.00 0.00
[11:54:12.453] [ARM-RX] [6] <-0.01 -0.03 -0.00> result: 89.99 90.01 -89.99
[11:54:12.475] [ARM-RX] 0.01 90.00 0.00
[11:54:12.475] [ARM-RX] [7] <-0.02 -0.05 -0.01> result: 89.98 90.02 -89.99 0.02 90.01 0.00
[11:54:12.475] [ARM-RX] [8] <-0.02 -0.07 -0.01> result: 89.97 90.03 -89.98 0.03 90.01 0.00
[11:54:12.475] [ARM-RX] [9] <-0.03 -0.09 -0.01> result: 89.96 90.04 -89.97 0.04 90.01 0.00
[11:54:12.475] [ARM-RX] [10] <-0.04 -0.13 -0.01> result: 89
[11:54:12.498] [ARM-RX] .95 90.05 -89.96 0.05 90.02 0.00
[11:54:12.498] [ARM-RX] [11] <-0.06 -0.17 -0.02> result: 89.93 90.07 -89.95 0.07 90.02 0.00
[11:54:12.498] [ARM-RX] [12] <-0.07 -0.21 -0.02> result: 89.91 90.09 -89.94 0.09 90.03 0.00
[11:54:12.499] [ARM-RX] [13] <-0.09 -0.27 -0.03> result: 89.89 90.11 -89.93 0.11 90.04 0.00
[11:54:12.499] [ARM-RX] [14] <-0.12 -0.
[11:54:12.522] [ARM-RX] 33 -0.04> result: 89.86 90.14 -89.91 0.14 90.05 0.00
[11:54:12.522] [ARM-RX] [15] <-0.14 -0.41 -0.05> result: 89.83 90.17 -89.89 0.17 90.06 0.00
[11:54:12.522] [ARM-RX] [16] <-0.17 -0.49 -0.06> result: 89.80 90.20 -89.86 0.20 90.07 0.00
[11:54:12.522] [ARM-RX] [17] <-0.20 -0.59 -0.07> result: 89.76 90.24 -89.84 0.24 90.08 0
[11:54:12.544] [ARM-RX] .00
[11:54:12.544] [ARM-RX] [18] <-0.24 -0.69 -0.08> result: 89.72 90.28 -89.81 0.28 90.09 0.00
[11:54:12.544] [ARM-RX] [19] <-0.28 -0.81 -0.09> result: 89.67 90.33 -89.78 0.33 90.11 0.00
[11:54:12.544] [ARM-RX] [20] <-0.33 -0.94 -0.11> result: 89.62 90.39 -89.74 0.38 90.13 0.00
[11:54:12.545] [ARM-RX] [21] <-0.37 -1.08 -0.12> result: 89.56 90.44
[11:54:12.568] [ARM-RX] -89.70 0.44 90.14 0.00
[11:54:12.568] [ARM-RX] [22] <-0.43 -1.24 -0.14> result: 89.50 90.51 -89.66 0.50 90.16 0.00
[11:54:12.568] [ARM-RX] [23] <-0.49 -1.41 -0.16> result: 89.43 90.58 -89.61 0.57 90.18 0.00
[11:54:12.568] [ARM-RX] [24] <-0.55 -1.60 -0.18> result: 89.36 90.65 -89.56 0.64 90.21 0.00
[11:54:12.568] [ARM-RX] [25] <-0.62 -1.80 -0.21>
[11:54:12.602] [ARM-RX] result: 89.28 90.73 -89.50 0.72 90.23 0.00
[11:54:12.602] [ARM-RX] [26] <-0.70 -2.01 -0.23> result: 89.20 90.82 -89.44 0.80 90.26 0.00
[11:54:12.603] [ARM-RX] [27] <-0.78 -2.25 -0.26> result: 89.11 90.91 -89.38 0.89 90.28 0.00
[11:54:12.603] [ARM-RX] [28] <-0.86 -2.50 -0.29> result: 89.01 91.01 -89.31 0.99 90.31 0.00
[11:54:12.603] [ARM-RX] [29]
[11:54:12.625] [ARM-RX] <-0.96 -2.77 -0.32> result: 88.91 91.11 -89.23 1.09 90.34 0.00
[11:54:12.626] [ARM-RX] [30] <-1.06 -3.05 -0.35> result: 88.81 91.22 -89.15 1.19 90.37 0.00
[11:54:12.626] [ARM-RX] [31] <-1.16 -3.36 -0.39> result: 88.69 91.34 -89.07 1.31 90.41 0.00
[11:54:12.627] [ARM-RX] [32] <-1.27 -3.68 -0.42> result: 88.58 91.46 -88.98 1
[11:54:12.648] [ARM-RX] .42 90.44 0.00
[11:54:12.648] [ARM-RX] [33] <-1.39 -4.02 -0.46> result: 88.46 91.59 -88.88 1.54 90.47 0.00
[11:54:12.649] [ARM-RX] [34] <-1.52 -4.38 -0.51> result: 88.33 91.73 -88.78 1.67 90.51 0.00
[11:54:12.649] [ARM-RX] [35] <-1.65 -4.77 -0.55> result: 88.20 91.88 -88.67 1.80 90.54 0.00
[11:54:12.649] [ARM-RX] [36] <-1.79 -5.17 -0.60> result:
[11:54:12.672] [ARM-RX] 88.06 92.03 -88.55 1.94 90.58 0.00
[11:54:12.673] [ARM-RX] [37] <-1.94 -5.60 -0.65> result: 87.92 92.18 -88.43 2.08 90.61 0.00
[11:54:12.673] [ARM-RX] [38] <-2.09 -6.04 -0.70> result: 87.77 92.35 -88.31 2.23 90.65 0.00
[11:54:12.673] [ARM-RX] [39] <-2.25 -6.51 -0.75> result: 87.62 92.52 -88.17 2.38 90.69 0.00
[11:54:12.673] [ARM-RX] [40] <-2.42 -
[11:54:12.694] [ARM-RX] 7.01 -0.81> result: 87.46 92.69 -88.03 2.54 90.72 0.00
[11:54:12.694] [ARM-RX] [41] <-2.60 -7.52 -0.87> result: 87.30 92.88 -87.88 2.70 90.76 0.00
[11:54:12.694] [ARM-RX] [42] <-2.79 -8.06 -0.93> result: 87.13 93.07 -87.73 2.87 90.79 0.00
[11:54:12.695] [ARM-RX] [43] <-2.98 -8.62 -0.99> result: 86.96 93.26 -87.57 3.04 90.83
[11:54:12.718] [ARM-RX] 0.00
[11:54:12.718] [ARM-RX] [44] <-3.19 -9.21 -1.06> result: 86.79 93.46 -87.40 3.21 90.86 0.00
[11:54:12.719] [ARM-RX] [45] <-3.40 -9.82 -1.13> result: 86.61 93.67 -87.22 3.39 90.89 0.00
[11:54:12.719] [ARM-RX] [46] <-3.62 -10.45 -1.21> result: 86.44 93.89 -87.04 3.56 90.92 0.00
[11:54:12.719] [ARM-RX] [47] <-3.85 -11.11 -1.28> result: 86.25 9
[11:54:12.740] [ARM-RX] 4.11 -86.85 3.75 90.95 0.00
[11:54:12.740] [ARM-RX] [48] <-4.08 -11.80 -1.36> result: 86.07 94.33 -86.65 3.93 90.98 0.00
[11:54:12.740] [ARM-RX] [49] <-4.33 -12.51 -1.44> result: 85.88 94.56 -86.44 4.12 91.00 0.00
[11:54:12.740] [ARM-RX] [50] <-4.58 -13.24 -1.53> result: 85.69 94.80 -86.23 4.31 91.03 0.00
[11:54:12.740] [ARM-RX] [51] <-4.85 -14.0
[11:54:12.763] [ARM-RX] 1 -1.62> result: 85.50 95.04 -86.01 4.50 91.05 0.00
[11:54:12.763] [ARM-RX] [52] <-5.12 -14.80 -1.71> result: 85.31 95.29 -85.77 4.69 91.06 0.00
[11:54:12.764] [ARM-RX] [53] <-5.40 -15.61 -1.80> result: 85.12 95.55 -85.53 4.89 91.08 0.00
[11:54:12.764] [ARM-RX] [54] <-5.70 -16.46 -1.90> result: 84.92 95.80 -85.29 5.08 91.09
[11:54:12.798] [ARM-RX] 0.00
[11:54:12.799] [ARM-RX] [55] <-6.00 -17.32 -2.00> result: 84.73 96.07 -85.03 5.28 91.09 0.00
[11:54:12.799] [ARM-RX] [56] <-6.31 -18.22 -2.10> result: 84.53 96.34 -84.76 5.47 91.10 0.00
[11:54:12.799] [ARM-RX] [57] <-6.63 -19.15 -2.21> result: 84.33 96.61 -84.49 5.67 91.09 0.00
[11:54:12.799] [ARM-RX] [58] <-6.96 -20.10 -2.32> result: 84.14
[11:54:12.821] [ARM-RX] 96.89 -84.21 5.87 91.09 0.00
[11:54:12.821] [ARM-RX] [59] <-7.30 -21.08 -2.43> result: 83.94 97.17 -83.91 6.06 91.08 0.00
[11:54:12.821] [ARM-RX] [60] <-7.64 -22.08 -2.55> result: 83.74 97.46 -83.61 6.26 91.06 0.00
[11:54:12.821] [ARM-RX] [61] <-8.00 -23.12 -2.67> result: 83.55 97.75 -83.30 6.45 91.04 0.00
[11:54:12.821] [ARM-RX] [62] <-8.37 -24
[11:54:12.844] [ARM-RX] .18 -2.79> result: 83.35 98.04 -82.98 6.65 91.02 0.00
[11:54:12.844] [ARM-RX] [63] <-8.75 -25.27 -2.92> result: 83.16 98.34 -82.66 6.84 90.99 0.00
[11:54:12.845] [ARM-RX] [64] <-9.14 -26.39 -3.05> result: 82.96 98.64 -82.32 7.04 90.95 0.00
[11:54:12.845] [ARM-RX] [65] <-9.53 -27.54 -3.18> result: 82.77 98.95 -81.97 7.23 90.
[11:54:12.868] [ARM-RX] 91 0.00
[11:54:12.868] [ARM-RX] [66] <-9.94 -28.71 -3.31> result: 82.58 99.26 -81.62 7.42 90.87 0.00
[11:54:12.869] [ARM-RX] [67] <-10.36 -29.92 -3.45> result: 82.39 99.57 -81.25 7.61 90.82 0.00
[11:54:12.869] [ARM-RX] [68] <-10.78 -31.15 -3.59> result: 82.21 99.89 -80.87 7.79 90.76 0.00
[11:54:12.869] [ARM-RX] [69] <-11.22 -32.41 -3.74> result:
[11:54:12.891] [ARM-RX] 82.02 100.21 -80.49 7.98 90.70 0.00
[11:54:12.892] [ARM-RX] [70] <-11.66 -33.70 -3.89> result: 81.84 100.54 -80.10 8.16 90.63 0.00
[11:54:12.892] [ARM-RX] [71] <-12.12 -35.01 -4.04> result: 81.66 100.86 -79.69 8.34 90.55 0.00
[11:54:12.892] [ARM-RX] [72] <-12.59 -36.36 -4.20> result: 81.48 101.20 -79.28 8.52 90.47 0.00
[11:54:12.892] [ARM-RX] [73
[11:54:12.914] [ARM-RX] ] <-13.06 -37.73 -4.35> result: 81.30 101.53 -78.86 8.70 90.38 0.00
[11:54:12.914] [ARM-RX] [74] <-13.55 -39.13 -4.52> result: 81.13 101.87 -78.43 8.87 90.29 0.00
[11:54:12.914] [ARM-RX] [75] <-14.04 -40.56 -4.68> result: 80.95 102.21 -77.99 9.05 90.19 0.00
[11:54:12.914] [ARM-RX] [76] <-14.54 -42.01 -4.85> result: 80.79 10
[11:54:12.937] [ARM-RX] 2.55 -77.53 9.21 90.08 0.00
[11:54:12.937] [ARM-RX] [77] <-15.06 -43.50 -5.02> result: 80.62 102.90 -77.07 9.38 89.97 0.00
[11:54:12.937] [ARM-RX] [78] <-15.58 -45.01 -5.19> result: 80.45 103.24 -76.60 9.55 89.85 0.00
[11:54:12.938] [ARM-RX] [79] <-16.11 -46.54 -5.37> result: 80.29 103.60 -76.13 9.71 89.73 0.00
[11:54:12.938] [ARM-RX] [80] <-16.6
[11:54:12.972] [ARM-RX] 5 -48.11 -5.55> result: 80.13 103.95 -75.64 9.87 89.59 0.00
[11:54:12.972] [ARM-RX] [81] <-17.20 -49.70 -5.73> result: 79.98 104.31 -75.14 10.02 89.45 0.00
[11:54:12.972] [ARM-RX] [82] <-17.76 -51.32 -5.92> result: 79.82 104.67 -74.63 10.18 89.31 0.00
[11:54:12.972] [ARM-RX] [83] <-18.33 -52.96 -6.11> result: 79.67 105.03 -
[11:54:12.995] [ARM-RX] 74.11 10.33 89.16 0.00
[11:54:12.995] [ARM-RX] [84] <-18.91 -54.63 -6.30> result: 79.52 105.40 -73.59 10.48 89.00 0.00
[11:54:12.995] [ARM-RX] [85] <-19.50 -56.32 -6.50> result: 79.38 105.76 -73.05 10.62 88.84 0.00
[11:54:12.996] [ARM-RX] [86] <-20.09 -58.05 -6.70> result: 79.23 106.13 -72.51 10.77 88.67 0.00
[11:54:12.996] [ARM-RX] [87] <-20.70
[11:54:13.018] [ARM-RX] -59.79 -6.90> result: 79.09 106.51 -71.95 10.91 88.49 0.00
[11:54:13.019] [ARM-RX] [88] <-21.31 -61.56 -7.10> result: 78.96 106.88 -71.39 11.05 88.31 0.00
[11:54:13.019] [ARM-RX] [89] <-21.93 -63.36 -7.31> result: 78.82 107.26 -70.82 11.18 88.12 0.00
[11:54:13.019] [ARM-RX] [90] <-22.56 -65.18 -7.52> result: 78.69 107.64 -7
[11:54:13.041] [ARM-RX] 0.24 11.32 87.92 0.00
[11:54:13.041] [ARM-RX] [91] <-23.20 -67.02 -7.73> result: 78.56 108.03 -69.65 11.45 87.72 0.00
[11:54:13.041] [ARM-RX] [92] <-23.85 -68.89 -7.95> result: 78.43 108.41 -69.05 11.58 87.51 0.00
[11:54:13.041] [ARM-RX] [93] <-24.50 -70.78 -8.17> result: 78.31 108.80 -68.44 11.70 87.30 0.00
[11:54:13.042] [ARM-RX] [94] <-25.16 -
[11:54:13.067] [ARM-RX] 72.69 -8.39> result: 78.19 109.19 -67.82 11.83 87.08 0.00
[11:54:13.067] [ARM-RX] [95] <-25.83 -74.63 -8.61> result: 78.07 109.59 -67.19 11.95 86.85 0.00
[11:54:13.068] [ARM-RX] [96] <-26.51 -76.59 -8.84> result: 77.95 109.98 -66.56 12.07 86.62 0.00
[11:54:13.068] [ARM-RX] [97] <-27.20 -78.57 -9.07> result: 77.84 110.38 -65
[11:54:13.087] [ARM-RX] .92 12.19 86.38 0.00
[11:54:13.088] [ARM-RX] [98] <-27.89 -80.57 -9.30> result: 77.73 110.78 -65.27 12.30 86.14 0.00
[11:54:13.088] [ARM-RX] [99] <-28.59 -82.59 -9.53> result: 77.62 111.19 -64.60 12.41 85.89 0.00
[11:54:13.088] [ARM-RX] [100] <-29.30 -84.63 -9.77> result: 77.51 111.59 -63.94 12.53 85.64 0.00
[11:54:13.088] [ARM-RX] [101] <-30.01
[11:54:13.110] [ARM-RX] -86.70 -10.00> result: 77.41 112.00 -63.26 12.64 85.38 0.00
[11:54:13.111] [ARM-RX] [102] <-30.73 -88.78 -10.24> result: 77.30 112.41 -62.57 12.74 85.11 0.00
[11:54:13.111] [ARM-RX] [103] <-31.46 -90.88 -10.49> result: 77.20 112.83 -61.88 12.85 84.84 0.00
[11:54:13.111] [ARM-RX] [104] <-32.19 -92.99 -10.73> result: 77.11 11
[11:54:13.134] [ARM-RX] 3.24 -61.18 12.95 84.56 0.00
[11:54:13.134] [ARM-RX] [105] <-32.93 -95.13 -10.98> result: 77.01 113.66 -60.47 13.06 84.28 0.00
[11:54:13.134] [ARM-RX] [106] <-33.68 -97.28 -11.23> result: 76.92 114.08 -59.75 13.16 84.00 0.00
[11:54:13.134] [ARM-RX] [107] <-34.43 -99.46 -11.48> result: 76.83 114.50 -59.03 13.25 83.70 0.00
[11:54:13.135] [ARM-RX] [
[11:54:13.167] [ARM-RX] 108] <-35.18 -101.64 -11.73> result: 76.74 114.93 -58.30 13.35 83.41 0.00
[11:54:13.169] [ARM-RX] [109] <-35.95 -103.84 -11.98> result: 76.65 115.36 -57.56 13.45 83.11 0.00
[11:54:13.169] [ARM-RX] [110] <-36.71 -106.06 -12.24> result: 76.57 115.79 -56.81 13.54 82.80 0.00
[11:54:13.169] [ARM-RX] [111] <-37.49 -108.29 -12.50>
[11:54:13.191] [ARM-RX] result: 76.48 116.22 -56.05 13.64 82.49 0.00
[11:54:13.191] [ARM-RX] [112] <-38.26 -110.54 -12.75> result: 76.40 116.65 -55.29 13.73 82.17 0.00
[11:54:13.191] [ARM-RX] [113] <-39.05 -112.80 -13.02> result: 76.32 117.09 -54.52 13.82 81.85 0.00
[11:54:13.192] [ARM-RX] [114] <-39.83 -115.07 -13.28> result: 76.24 117.53 -53.75
[11:54:13.215] [ARM-RX] 13.91 81.52 0.00
[11:54:13.215] [ARM-RX] [115] <-40.62 -117.36 -13.54> result: 76.17 117.97 -52.96 14.00 81.19 0.00
[11:54:13.216] [ARM-RX] [116] <-41.42 -119.65 -13.81> result: 76.09 118.41 -52.17 14.09 80.86 0.00
[11:54:13.216] [ARM-RX] [117] <-42.22 -121.96 -14.07> result: 76.02 118.86 -51.37 14.18 80.52 0.00
[11:54:13.216] [ARM-RX] [118] <-4
[11:54:13.238] [ARM-RX] 3.02 -124.28 -14.34> result: 75.95 119.30 -50.57 14.26 80.18 0.00
[11:54:13.239] [ARM-RX] [119] <-43.83 -126.61 -14.61> result: 75.88 119.75 -49.76 14.35 79.83 0.00
[11:54:13.239] [ARM-RX] [120] <-44.63 -128.95 -14.88> result: 75.81 120.20 -48.94 14.43 79.48 0.00
[11:54:13.239] [ARM-RX] [121] <-45.00 -130.00 -15.00> result:
[11:54:13.261] [ARM-RX] 75.78 120.41 -48.57 14.47 79.32 0.00
[11:54:13.261] [ARM-RX] [122] <-45.00 -130.00 -15.00> result: 75.78 120.41 -48.57 14.47 79.32 0.00
[11:54:13.261] [ARM-RX] [123] <-45.00 -130.00 -15.00> result: 75.78 120.41 -48.57 14.47 79.32 0.00
[11:54:13.261] [ARM-RX] [124] <-45.00 -130.00 -15.00> result: 75.78 120.41 -48.57 14.47 7
[11:54:13.284] [ARM-RX] 9.32 0.00
[11:54:13.284] [ARM-RX] [125] <-45.00 -130.00 -15.00> result: 75.78 120.41 -48.57 14.47 79.32 0.00
[11:54:13.284] [ARM-RX] [126] <-45.00 -130.00 -15.00> result: 75.78 120.41 -48.57 14.47 79.32 0.00
[11:54:13.284] [ARM-RX] [127] <-45.00 -130.00 -15.00> result: 75.78 120.41 -48.57 14.47 79.32 0.00
[11:54:13.285] [ARM-RX] [128] <-45.00 -13
[11:54:13.306] [ARM-RX] 0.00 -15.00> result: 75.78 120.41 -48.57 14.47 79.32 0.00
[11:54:13.308] [ARM-RX] [129] <-45.00 -130.00 -15.00> result: 75.78 120.41 -48.57 14.47 79.32 0.00
[11:54:13.308] [ARM-RX] [130] <-45.00 -130.00 -15.00> result: 75.78 120.41 -48.57 14.47 79.32 0.00
[11:54:13.308] [ARM-RX] [131] <-45.00 -130.00 -15.00> result: 75.78 1
[11:54:13.342] [ARM-RX] 20.41 -48.57 14.47 79.32 0.00
[11:54:13.342] [ARM-RX] [132] <-45.00 -130.00 -15.00> result: 75.78 120.41 -48.57 14.47 79.32 0.00
[11:54:13.343] [ARM-RX] [133] <-45.00 -130.00 -15.00> result: 75.78 120.41 -48.57 14.47 79.32 0.00
[11:54:13.343] [ARM-RX] [134] <-45.00 -130.00 -15.00> result: 75.78 120.41 -48.57 14.47 79.32 0.0
[11:54:13.364] [ARM-RX] 0
[11:54:13.365] [ARM-RX] [135] <-45.00 -130.00 -15.00> result: 75.78 120.41 -48.57 14.47 79.32 0.00
[11:54:13.365] [ARM-RX] [136] <-45.00 -130.00 -15.00> result: 75.78 120.41 -48.57 14.47 79.32 0.00
[11:54:13.365] [ARM-RX] [137] <-45.00 -130.00 -15.00> result: 75.78 120.41 -48.57 14.47 79.32 0.00
[11:54:13.365] [ARM-RX] [138] <-45.00 -130.00 -15
[11:54:13.389] [ARM-RX] .00> result: 75.78 120.41 -48.57 14.47 79.32 0.00
[11:54:13.389] [ARM-RX] [139] <-45.00 -130.00 -15.00> result: 75.78 120.41 -48.57 14.47 79.32 0.00
[11:54:13.389] [ARM-RX] [140] <-45.00 -130.00 -15.00> result: 75.78 120.41 -48.57 14.47 79.32 0.00
[11:54:13.389] [ARM-RX] [141] <-45.00 -130.00 -15.00> result: 75.78 120.41 -4
[11:54:13.411] [ARM-RX] 8.57 14.47 79.32 0.00
[11:54:13.411] [ARM-RX] [142] <-45.00 -130.00 -15.00> result: 75.78 120.41 -48.57 14.47 79.32 0.00
[11:54:13.412] [ARM-RX] [143] <-45.00 -130.00 -15.00> result: 75.78 120.41 -48.57 14.47 79.32 0.00
[11:54:13.412] [ARM-RX] [144] <-45.00 -130.00 -15.00> result: 75.78 120.41 -48.57 14.47 79.32 0.00
[11:54:13.412] [ARM-RX] [145]
[11:54:13.434] [ARM-RX] <-45.00 -130.00 -15.00> result: 75.78 120.41 -48.57 14.47 79.32 0.00
[11:54:13.434] [ARM-RX] [146] <-45.00 -130.00 -15.00> result: 75.78 120.41 -48.57 14.47 79.32 0.00
[11:54:13.434] [ARM-RX] [147] <-45.00 -130.00 -15.00> result: 75.78 120.41 -48.57 14.47 79.32 0.00
[11:54:13.434] [ARM-RX] [148] <-45.00 -130.00 -15.00> res
[11:54:13.457] [ARM-RX] ult: 75.78 120.41 -48.57 14.47 79.32 0.00
[11:54:13.457] [ARM-RX] [149] <-45.00 -130.00 -15.00> result: 75.78 120.41 -48.57 14.47 79.32 0.00
[11:54:13.457] [ARM-RX] [150] <-45.00 -130.00 -15.00> result: 75.78 120.41 -48.57 14.47 79.32 0.00
[11:54:13.457] [ARM-RX] [151] <-45.00 -130.00 -15.00> result: 75.78 120.41 -48.57 14.
[11:54:13.480] [ARM-RX] 47 79.32 0.00
[11:54:13.481] [ARM-RX] [152] <-45.00 -130.00 -15.00> result: 75.78 120.41 -48.57 14.47 79.32 0.00
[11:54:13.481] [ARM-RX] [153] <-45.00 -130.00 -15.00> result: 75.78 120.41 -48.57 14.47 79.32 0.00
[11:54:13.481] [ARM-RX] [154] <-45.00 -130.00 -15.00> result: 75.78 120.41 -48.57 14.47 79.32 0.00
[11:54:13.481] [ARM-RX] [155] <-45.00
[11:54:13.503] [ARM-RX] -130.00 -15.00> result: 75.78 120.41 -48.57 14.47 79.32 0.00
[11:54:13.504] [ARM-RX] [156] <-45.00 -130.00 -15.00> result: 75.78 120.41 -48.57 14.47 79.32 0.00
[11:54:13.504] [ARM-RX] [157] <-45.00 -130.00 -15.00> result: 75.78 120.41 -48.57 14.47 79.32 0.00
[11:54:13.504] [ARM-RX] [158] <-45.00 -130.00 -15.00> result: 75.
[11:54:13.539] [ARM-RX] 78 120.41 -48.57 14.47 79.32 0.00
[11:54:13.539] [ARM-RX] [159] <-45.00 -130.00 -15.00> result: 75.78 120.41 -48.57 14.47 79.32 0.00
[11:54:13.539] [ARM-RX] [160] <-45.00 -130.00 -15.00> result: 75.78 120.41 -48.57 14.47 79.32 0.00
[11:54:13.539] [ARM-RX] [161] <-45.00 -130.00 -15.00> result: 75.78 120.41 -48.57 14.47 79.32
[11:54:13.562] [ARM-RX] 0.00
[11:54:13.562] [ARM-RX] [162] <-45.00 -130.00 -15.00> result: 75.78 120.41 -48.57 14.47 79.32 0.00
[11:54:13.562] [ARM-RX] [163] <-45.00 -130.00 -15.00> result: 75.78 120.41 -48.57 14.47 79.32 0.00
[11:54:13.562] [ARM-RX] [164] <-45.00 -130.00 -15.00> result: 75.78 120.41 -48.57 14.47 79.32 0.00
[11:54:13.563] [ARM-RX] [165] <-45.00 -130.00
[11:54:13.584] [ARM-RX] -15.00> result: 75.78 120.41 -48.57 14.47 79.32 0.00
[11:54:13.584] [ARM-RX] [166] <-45.00 -130.00 -15.00> result: 75.78 120.41 -48.57 14.47 79.32 0.00
[11:54:13.584] [ARM-RX] [167] <-45.00 -130.00 -15.00> result: 75.78 120.41 -48.57 14.47 79.32 0.00
[11:54:13.585] [ARM-RX] [168] <-45.00 -130.00 -15.00> result: 75.78 120.4
[11:54:13.607] [ARM-RX] 1 -48.57 14.47 79.32 0.00
[11:54:13.607] [ARM-RX] [169] <-45.00 -130.00 -15.00> result: 75.78 120.41 -48.57 14.47 79.32 0.00
[11:54:13.608] [ARM-RX] [170] <-45.00 -130.00 -15.00> result: 75.78 120.41 -48.57 14.47 79.32 0.00
[11:54:13.608] [ARM-RX] [171] <-45.00 -130.00 -15.00> result: 75.78 120.41 -48.57 14.47 79.32 0.00
[11:54:13.608] [ARM-RX] [
[11:54:13.633] [ARM-RX] 172] <-45.00 -130.00 -15.00> result: 75.78 120.41 -48.57 14.47 79.32 0.00
[11:54:13.634] [ARM-RX] [173] <-45.00 -130.00 -15.00> result: 75.78 120.41 -48.57 14.47 79.32 0.00
[11:54:13.634] [ARM-RX] [174] <-45.00 -130.00 -15.00> result: 75.78 120.41 -48.57 14.47 79.32 0.00
[11:54:13.634] [ARM-RX] [175] <-45.00 -130.00 -15.00>
[11:54:13.654] [ARM-RX] result: 75.78 120.41 -48.57 14.47 79.32 0.00
[11:54:13.655] [ARM-RX] [176] <-45.00 -130.00 -15.00> result: 75.78 120.41 -48.57 14.47 79.32 0.00
[11:54:13.655] [ARM-RX] [177] <-45.00 -130.00 -15.00> result: 75.78 120.41 -48.57 14.47 79.32 0.00
[11:54:13.655] [ARM-RX] [178] <-45.00 -130.00 -15.00> result: 75.78 120.41 -48.57
[11:54:13.677] [ARM-RX] 14.47 79.32 0.00
[11:54:13.677] [ARM-RX] [179] <-45.00 -130.00 -15.00> result: 75.78 120.41 -48.57 14.47 79.32 0.00
[11:54:13.677] [ARM-RX] [180] <-45.00 -130.00 -15.00> result: 75.78 120.41 -48.57 14.47 79.32 0.00
[11:54:13.677] [ARM-RX] [181] <-45.00 -130.00 -15.00> result: 75.78 120.41 -48.57 14.47 79.32 0.00
[11:54:13.679] [ARM-RX] [182] <-4
[11:54:13.711] [ARM-RX] 5.00 -130.00 -15.00> result: 75.78 120.41 -48.57 14.47 79.32 0.00
[11:54:13.712] [ARM-RX] [183] <-45.00 -130.00 -15.00> result: 75.78 120.41 -48.57 14.47 79.32 0.00
[11:54:13.712] [ARM-RX] [184] <-45.00 -130.00 -15.00> result: 75.78 120.41 -48.57 14.47 79.32 0.00
[11:54:13.712] [ARM-RX] [185] <-45.00 -130.00 -15.00> result:
[11:54:13.735] [ARM-RX] 75.78 120.41 -48.57 14.47 79.32 0.00
[11:54:13.735] [ARM-RX] [186] <-45.00 -130.00 -15.00> result: 75.78 120.41 -48.57 14.47 79.32 0.00
[11:54:13.735] [ARM-RX] [187] <-45.00 -130.00 -15.00> result: 75.78 120.41 -48.57 14.47 79.32 0.00
[11:54:13.736] [ARM-RX] [188] <-45.00 -130.00 -15.00> result: 75.78 120.41 -48.57 14.47 7
[11:54:13.758] [ARM-RX] 9.32 0.00
[11:54:13.758] [ARM-RX] [189] <-45.00 -130.00 -15.00> result: 75.78 120.41 -48.57 14.47 79.32 0.00
[11:54:13.758] [ARM-RX] [190] <-45.00 -130.00 -15.00> result: 75.78 120.41 -48.57 14.47 79.32 0.00
[11:54:13.759] [ARM-RX] [191] <-45.00 -130.00 -15.00> result: 75.78 120.41 -48.57 14.47 79.32 0.00
[11:54:13.759] [ARM-RX] [192] <-45.00 -13
[11:54:13.782] [ARM-RX] 0.00 -15.00> result: 75.78 120.41 -48.57 14.47 79.32 0.00
[11:54:13.782] [ARM-RX] [193] <-45.00 -130.00 -15.00> result: 75.78 120.41 -48.57 14.47 79.32 0.00
[11:54:13.782] [ARM-RX] [194] <-45.00 -130.00 -15.00> result: 75.78 120.41 -48.57 14.47 79.32 0.00
[11:54:13.782] [ARM-RX] [195] <-45.00 -130.00 -15.00> result: 75.78 1
[11:54:13.804] [ARM-RX] 20.41 -48.57 14.47 79.32 0.00
[11:54:13.804] [ARM-RX] [196] <-45.00 -130.00 -15.00> result: 75.78 120.41 -48.57 14.47 79.32 0.00
[11:54:13.805] [ARM-RX] [197] <-45.00 -130.00 -15.00> result: 75.78 120.41 -48.57 14.47 79.32 0.00
[11:54:13.805] [ARM-RX] [198] <-45.00 -130.00 -15.00> result: 75.78 120.41 -48.57 14.47 79.32 0.0
[11:54:13.827] [ARM-RX] 0
[11:54:13.827] [ARM-RX] [199] <-45.00 -130.00 -15.00> result: 75.78 120.41 -48.57 14.47 79.32 0.00
[11:54:13.827] [ARM-RX] [200] <-45.00 -130.00 -15.00> result: 75.78 120.41 -48.57 14.47 79.32 0.00
[11:54:13.827] [ARM-RX] [201] <-45.00 -130.00 -15.00> result: 75.78 120.41 -48.57 14.47 79.32 0.00
[11:54:13.828] [ARM-RX] [202] <-45.00 -130.00 -15
[11:54:13.850] [ARM-RX] .00> result: 75.78 120.41 -48.57 14.47 79.32 0.00
[11:54:13.850] [ARM-RX] [203] <-45.00 -130.00 -15.00> result: 75.78 120.41 -48.57 14.47 79.32 0.00
[11:54:13.851] [ARM-RX] [204] <-45.00 -130.00 -15.00> result: 75.78 120.41 -48.57 14.47 79.32 0.00
[11:54:13.851] [ARM-RX] [205] <-45.00 -130.00 -15.00> result: 75.78 120.41 -4
[11:54:13.875] [ARM-RX] 8.57 14.47 79.32 0.00
[11:54:13.876] [ARM-RX] [206] <-45.00 -130.00 -15.00> result: 75.78 120.41 -48.57 14.47 79.32 0.00
[11:54:13.876] [ARM-RX] [207] <-45.00 -130.00 -15.00> result: 75.78 120.41 -48.57 14.47 79.32 0.00
[11:54:13.876] [ARM-RX] [208] <-45.00 -130.00 -15.00> result: 75.78 120.41 -48.57 14.47 79.32 0.00
[11:54:13.876] [ARM-RX] [209]
[11:54:13.908] [ARM-RX] <-45.00 -130.00 -15.00> result: 75.78 120.41 -48.57 14.47 79.32 0.00
[11:54:13.909] [ARM-RX] [210] <-45.00 -130.00 -15.00> result: 75.78 120.41 -48.57 14.47 79.32 0.00
[11:54:13.909] [ARM-RX] [211] <-45.00 -130.00 -15.00> result: 75.78 120.41 -48.57 14.47 79.32 0.00
[11:54:13.909] [ARM-RX] [212] <-45.00 -130.00 -15.00> res
[11:54:13.931] [ARM-RX] ult: 75.78 120.41 -48.57 14.47 79.32 0.00
[11:54:13.932] [ARM-RX] [213] <-45.00 -130.00 -15.00> result: 75.78 120.41 -48.57 14.47 79.32 0.00
[11:54:13.932] [ARM-RX] [214] <-45.00 -130.00 -15.00> result: 75.78 120.41 -48.57 14.47 79.32 0.00
[11:54:13.932] [ARM-RX] [215] <-45.00 -130.00 -15.00> result: 75.78 120.41 -48.57 14.
[11:54:13.954] [ARM-RX] 47 79.32 0.00
[11:54:13.954] [ARM-RX] [216] <-45.00 -130.00 -15.00> result: 75.78 120.41 -48.57 14.47 79.32 0.00
[11:54:13.954] [ARM-RX] [217] <-45.00 -130.00 -15.00> result: 75.78 120.41 -48.57 14.47 79.32 0.00
[11:54:13.955] [ARM-RX] [218] <-45.00 -130.00 -15.00> result: 75.78 120.41 -48.57 14.47 79.32 0.00
[11:54:13.955] [ARM-RX] [219] <-45.00
[11:54:13.977] [ARM-RX] -130.00 -15.00> result: 75.78 120.41 -48.57 14.47 79.32 0.00
[11:54:13.978] [ARM-RX] [220] <-45.00 -130.00 -15.00> result: 75.78 120.41 -48.57 14.47 79.32 0.00
[11:54:13.978] [ARM-RX] [221] <-45.00 -130.00 -15.00> result: 75.78 120.41 -48.57 14.47 79.32 0.00
[11:54:13.978] [ARM-RX] [222] <-45.00 -130.00 -15.00> result: 75.
[11:54:14.003] [ARM-RX] 78 120.41 -48.57 14.47 79.32 0.00
[11:54:14.003] [ARM-RX] [223] <-45.00 -130.00 -15.00> result: 75.78 120.41 -48.57 14.47 79.32 0.00
[11:54:14.003] [ARM-RX] [224] <-45.00 -130.00 -15.00> result: 75.78 120.41 -48.57 14.47 79.32 0.00
[11:54:14.003] [ARM-RX] [225] <-45.00 -130.00 -15.00> result: 75.78 120.41 -48.57 14.47 79.32
[11:54:14.024] [ARM-RX] 0.00
[11:54:14.024] [ARM-RX] [226] <-45.00 -130.00 -15.00> result: 75.78 120.41 -48.57 14.47 79.32 0.00
[11:54:14.024] [ARM-RX] [227] <-45.00 -130.00 -15.00> result: 75.78 120.41 -48.57 14.47 79.32 0.00
[11:54:14.025] [ARM-RX] [228] <-45.00 -130.00 -15.00> result: 75.78 120.41 -48.57 14.47 79.32 0.00
[11:54:14.025] [ARM-RX] [229] <-45.00 -130.00
[11:54:14.049] [ARM-RX] -15.00> result: 75.78 120.41 -48.57 14.47 79.32 0.00
[11:54:14.049] [ARM-RX] [230] <-45.00 -130.00 -15.00> result: 75.78 120.41 -48.57 14.47 79.32 0.00
[11:54:14.049] [ARM-RX] [231] <-45.00 -130.00 -15.00> result: 75.78 120.41 -48.57 14.47 79.32 0.00
[11:54:14.049] [ARM-RX] [232] <-45.00 -130.00 -15.00> result: 75.78 120.4
[11:54:14.081] [ARM-RX] 1 -48.57 14.47 79.32 0.00
[11:54:14.082] [ARM-RX] [233] <-45.00 -130.00 -15.00> result: 75.78 120.41 -48.57 14.47 79.32 0.00
[11:54:14.082] [ARM-RX] [234] <-45.00 -130.00 -15.00> result: 75.78 120.41 -48.57 14.47 79.32 0.00
[11:54:14.082] [ARM-RX] [235] <-45.00 -130.00 -15.00> result: 75.78 120.41 -48.57 14.47 79.32 0.00
[11:54:14.082] [ARM-RX] [
[11:54:14.105] [ARM-RX] 236] <-45.00 -130.00 -15.00> result: 75.78 120.41 -48.57 14.47 79.32 0.00
[11:54:14.105] [ARM-RX] [237] <-45.00 -130.00 -15.00> result: 75.78 120.41 -48.57 14.47 79.32 0.00
[11:54:14.105] [ARM-RX] [238] <-45.00 -130.00 -15.00> result: 75.78 120.41 -48.57 14.47 79.32 0.00
[11:54:14.105] [ARM-RX] [239] <-45.00 -130.00 -15.00>
[11:54:14.128] [ARM-RX] result: 75.78 120.41 -48.57 14.47 79.32 0.00
[11:54:14.128] [ARM-RX] [240] <-45.00 -130.00 -15.00> result: 75.78 120.41 -48.57 14.47 79.32 0.00
[11:54:14.128] [ARM-RX] [241] <-45.00 -130.00 -15.00> result: 75.78 120.41 -48.57 14.47 79.32 0.00
[11:54:14.129] [ARM-RX] [242] <-45.00 -130.00 -15.00> result: 75.78 120.41 -48.57
[11:54:14.151] [ARM-RX] 14.47 79.32 0.00
[11:54:14.151] [ARM-RX] [243] <-45.00 -130.00 -15.00> result: 75.78 120.41 -48.57 14.47 79.32 0.00
[11:54:14.151] [ARM-RX] [244] <-45.00 -130.00 -15.00> result: 75.78 120.41 -48.57 14.47 79.32 0.00
[11:54:14.151] [ARM-RX] [245] <-45.00 -130.00 -15.00> result: 75.78 120.41 -48.57 14.47 79.32 0.00
[11:54:14.151] [ARM-RX] [246] <-4
[11:54:14.174] [ARM-RX] 5.00 -130.00 -15.00> result: 75.78 120.41 -48.57 14.47 79.32 0.00
[11:54:14.174] [ARM-RX] [247] <-45.00 -130.00 -15.00> result: 75.78 120.41 -48.57 14.47 79.32 0.00
[11:54:14.174] [ARM-RX] [248] <-45.00 -130.00 -15.00> result: 75.78 120.41 -48.57 14.47 79.32 0.00
[11:54:14.174] [ARM-RX] [249] <-45.00 -130.00 -15.00> result:
[11:54:14.197] [ARM-RX] 75.78 120.41 -48.57 14.47 79.32 0.00
[11:54:14.198] [ARM-RX] [250] <-45.00 -130.00 -15.00> result: 75.78 120.41 -48.57 14.47 79.32 0.00
[11:54:14.198] [ARM-RX] [251] <-45.00 -130.00 -15.00> result: 75.78 120.41 -48.57 14.47 79.32 0.00
[11:54:14.198] [ARM-RX] [252] <-45.00 -130.00 -15.00> result: 75.78 120.41 -48.57 14.47 7
[11:54:14.220] [ARM-RX] 9.32 0.00
[11:54:14.220] [ARM-RX] [253] <-45.00 -130.00 -15.00> result: 75.78 120.41 -48.57 14.47 79.32 0.00
[11:54:14.220] [ARM-RX] [254] <-45.00 -130.00 -15.00> result: 75.78 120.41 -48.57 14.47 79.32 0.00
[11:54:14.220] [ARM-RX] [255] <-45.00 -130.00 -15.00> result: 75.78 120.41 -48.57 14.47 79.32 0.00
[11:54:14.220] [ARM-RX] [256] <-45.00 -13
[11:54:14.243] [ARM-RX] 0.00 -15.00> result: 75.78 120.41 -48.57 14.47 79.32 0.00
[11:54:14.243] [ARM-RX] [257] <-45.00 -130.00 -15.00> result: 75.78 120.41 -48.57 14.47 79.32 0.00
[11:54:14.243] [ARM-RX] [258] <-45.00 -130.00 -15.00> result: 75.78 120.41 -48.57 14.47 79.32 0.00
[11:54:14.244] [ARM-RX] [259] <-45.00 -130.00 -15.00> result: 75.78 1
[11:54:14.278] [ARM-RX] 20.41 -48.57 14.47 79.32 0.00
[11:54:14.278] [ARM-RX] [260] <-45.00 -130.00 -15.00> result: 75.78 120.41 -48.57 14.47 79.32 0.00
[11:54:14.278] [ARM-RX] [261] <-45.00 -130.00 -15.00> result: 75.78 120.41 -48.57 14.47 79.32 0.00
[11:54:14.278] [ARM-RX] [262] <-45.00 -130.00 -15.00> result: 75.78 120.41 -48.57 14.47 79.32 0.0
[11:54:14.301] [ARM-RX] 0
[11:54:14.301] [ARM-RX] [263] <-45.00 -130.00 -15.00> result: 75.78 120.41 -48.57 14.47 79.32 0.00
[11:54:14.301] [ARM-RX] [264] <-45.00 -130.00 -15.00> result: 75.78 120.41 -48.57 14.47 79.32 0.00
[11:54:14.302] [ARM-RX] [265] <-45.00 -130.00 -15.00> result: 75.78 120.41 -48.57 14.47 79.32 0.00
[11:54:14.302] [ARM-RX] [266] <-45.00 -130.00 -15
[11:54:14.357] [ARM-RX] .00> result: 75.78 120.41 -48.57 14.47 79.32 0.00
[11:54:14.357] [ARM-RX] [267] <-45.00 -130.00 -15.00> result: 75.78 120.41 -48.57 14.47 79.32 0.00
[11:54:17.149] [ARM-RX] [joint 1] ave_error:9.20
[11:54:17.149] [ARM-RX] [joint 2] ave_error:7.35
[11:54:17.149] [ARM-RX] [joint 3] ave_error:8.08
[11:54:17.149] [ARM-RX] [joint 4] ave_error:0.53
[11:54:17.149] [ARM-RX] [joint 5] ave_error:1.12
[11:54:17.150] [ARM-RX] robot pid run finished!!
[11:54:17.954] [ARM-RX] AUTO final confirm failed: joint 2 err=12.77deg tol=3.00, pose invalid.
[11:54:17.956] [ARM-RX] J1 cur=79.17 target=75.78 err=-3.39
[11:54:17.956] [ARM-RX] J2 cur=131.66 target=120.41 err=-11.25
[11:54:17.956] [ARM-RX] J3 cur=-35.81 target=-48.57 err=-12.77
[11:54:17.957] [ARM-RX] J4 cur=14.56 target=14.47 err=-0.09
[11:54:17.957] [ARM-RX] J5
[11:54:18.017] [ARM-RX] cur=79.05 target=79.32 err=0.27
[11:54:19.857] [ARM-TX] 发送命令 abs_rotate 0 105: abs_rotate 0 105
[11:54:19.942] [ARM-RX] Found handler for 'abs_rotate', executing...
[11:54:19.942] [ARM-RX] [joint_id: 0] ROBOT_JOINT_ABS_ROTATE 105.000000
[11:54:22.867] [ARM-TX] 发送命令 soft_reset: soft_reset
[11:54:22.936] [ARM-RX] Found handler for 'soft_reset', executing...
[11:54:22.936] [ARM-RX] ROBOT_SOFT_RESET_EVENT
[11:54:22.936] [ARM-RX] --- Starting soft reset ---
[11:54:23.124] [ARM-RX] Soft reset motors enabled (J1~J5, J6 skipped).
[11:54:23.124] [ARM-RX] Soft resetting joint 4...
[11:54:23.186] [ARM-RX] robot_update_current_angle 4...
[11:54:23.186] [ARM-RX] [4] current:79.05, target:90.00, dir:1
[11:54:24.308] [ARM-RX] Soft resetting joint 3...
[11:54:24.308] [ARM-RX] robot_update_current_angle 3...
[11:54:24.308] [ARM-RX] [3] current:14.56, target:0.00, dir:-1
[11:54:25.929] [ARM-RX] soft reset joint 3 settle timeout, keep going
[11:54:25.929] [ARM-RX] Soft resetting joint 1...
[11:54:25.929] [ARM-RX] robot_update_current_angle 1...
[11:54:25.929] [ARM-RX] [1] current:131.65, target:90.00, dir:-1
[11:54:28.108] [ARM-RX] soft reset joint 1 settle timeout, keep going
[11:54:28.108] [ARM-RX] Soft resetting joint 2...
[11:54:28.108] [ARM-RX] robot_update_current_angle 2...
[11:54:28.108] [ARM-RX] [2] current:-35.82, target:-90.00, dir:-1
[11:54:30.658] [ARM-RX] soft reset joint 2 settle timeout, keep going
[11:54:30.658] [ARM-RX] Soft resetting joint 0...
[11:54:30.658] [ARM-RX] robot_update_current_angle 0...
[11:54:30.658] [ARM-RX] [0] current:105.01, target:90.00, dir:-1
[11:54:32.282] [ARM-RX] soft reset joint 0 settle timeout, keep going
[11:54:32.282] [ARM-RX] soft reset verify not pass, start refine loop...
[11:54:32.468] [ARM-RX] soft reset refine pass 1 success.
[11:54:32.468] [ARM-RX] soft reset final verify PASS (issues:4), pose set HOME.
[11:54:34.168] [ARM-TX] 发送命令 auto -45 -130 -15: auto -45 -130 -15
[11:54:34.210] [ARM-RX] Found handler for 'auto', executing...
[11:54:34.210] [ARM-RX] ROBOT_AUTO_EVENT
[11:54:34.210] [ARM-RX] [0] <0.00 0.00 0.00> result: 90.00 90.00 -90.00 0.00 90.00 0.00
[11:54:34.211] [ARM-RX] [1] <-0.00 -0.00 -0.00> result: 90.00 90.00 -90.00 0.00 90.00 0.00
[11:54:34.211] [ARM-RX] [2] <-0.00 -0.00 -0.00> result: 90.00 90.00 -90.00 0.00 90.00 0.00
[11:54:34.232] [ARM-RX] [3] <-0.00 -0.00 -0.00> result: 90.00 90.00 -90.00 0.00 90.00 0.00
[11:54:34.233] [ARM-RX] [4] <-0.00 -0.01 -0.00> result: 90.00 90.00 -90.00 0.00 90.00 0.00
[11:54:34.233] [ARM-RX] [5] <-0.01 -0.02 -0.00> result: 89.99 90.01 -89.99 0.01 90.00 0.00
[11:54:34.233] [ARM-RX] [6] <-0.01 -0.03 -0.00> result: 89.99 90.01 -89.99
[11:54:34.255] [ARM-RX] 0.01 90.00 0.00
[11:54:34.255] [ARM-RX] [7] <-0.02 -0.05 -0.01> result: 89.98 90.02 -89.99 0.02 90.01 0.00
[11:54:34.256] [ARM-RX] [8] <-0.02 -0.07 -0.01> result: 89.97 90.03 -89.98 0.03 90.01 0.00
[11:54:34.256] [ARM-RX] [9] <-0.03 -0.09 -0.01> result: 89.96 90.04 -89.97 0.04 90.01 0.00
[11:54:34.256] [ARM-RX] [10] <-0.04 -0.13 -0.01> result: 89
[11:54:34.278] [ARM-RX] .95 90.05 -89.96 0.05 90.02 0.00
[11:54:34.278] [ARM-RX] [11] <-0.06 -0.17 -0.02> result: 89.93 90.07 -89.95 0.07 90.02 0.00
[11:54:34.278] [ARM-RX] [12] <-0.07 -0.21 -0.02> result: 89.91 90.09 -89.94 0.09 90.03 0.00
[11:54:34.279] [ARM-RX] [13] <-0.09 -0.27 -0.03> result: 89.89 90.11 -89.93 0.11 90.04 0.00
[11:54:34.279] [ARM-RX] [14] <-0.12 -0.
[11:54:34.301] [ARM-RX] 33 -0.04> result: 89.86 90.14 -89.91 0.14 90.05 0.00
[11:54:34.301] [ARM-RX] [15] <-0.14 -0.41 -0.05> result: 89.83 90.17 -89.89 0.17 90.06 0.00
[11:54:34.301] [ARM-RX] [16] <-0.17 -0.49 -0.06> result: 89.80 90.20 -89.86 0.20 90.07 0.00
[11:54:34.301] [ARM-RX] [17] <-0.20 -0.59 -0.07> result: 89.76 90.24 -89.84 0.24 90.08 0
[11:54:34.324] [ARM-RX] .00
[11:54:34.325] [ARM-RX] [18] <-0.24 -0.69 -0.08> result: 89.72 90.28 -89.81 0.28 90.09 0.00
[11:54:34.325] [ARM-RX] [19] <-0.28 -0.81 -0.09> result: 89.67 90.33 -89.78 0.33 90.11 0.00
[11:54:34.325] [ARM-RX] [20] <-0.33 -0.94 -0.11> result: 89.62 90.39 -89.74 0.38 90.13 0.00
[11:54:34.326] [ARM-RX] [21] <-0.37 -1.08 -0.12> result: 89.56 90.44
[11:54:34.347] [ARM-RX] -89.70 0.44 90.14 0.00
[11:54:34.347] [ARM-RX] [22] <-0.43 -1.24 -0.14> result: 89.50 90.51 -89.66 0.50 90.16 0.00
[11:54:34.348] [ARM-RX] [23] <-0.49 -1.41 -0.16> result: 89.43 90.58 -89.61 0.57 90.18 0.00
[11:54:34.348] [ARM-RX] [24] <-0.55 -1.60 -0.18> result: 89.36 90.65 -89.56 0.64 90.21 0.00
[11:54:34.348] [ARM-RX] [25] <-0.62 -1.80 -0.21>
[11:54:34.381] [ARM-RX] result: 89.28 90.73 -89.50 0.72 90.23 0.00
[11:54:34.386] [ARM-RX] [26] <-0.70 -2.01 -0.23> result: 89.20 90.82 -89.44 0.80 90.26 0.00
[11:54:34.386] [ARM-RX] [27] <-0.78 -2.25 -0.26> result: 89.11 90.91 -89.38 0.89 90.28 0.00
[11:54:34.387] [ARM-RX] [28] <-0.86 -2.50 -0.29> result: 89.01 91.01 -89.31 0.99 90.31 0.00
[11:54:34.387] [ARM-RX] [29]
[11:54:34.408] [ARM-RX] <-0.96 -2.77 -0.32> result: 88.91 91.11 -89.23 1.09 90.34 0.00
[11:54:34.408] [ARM-RX] [30] <-1.06 -3.05 -0.35> result: 88.81 91.22 -89.15 1.19 90.37 0.00
[11:54:34.409] [ARM-RX] [31] <-1.16 -3.36 -0.39> result: 88.69 91.34 -89.07 1.31 90.41 0.00
[11:54:34.409] [ARM-RX] [32] <-1.27 -3.68 -0.42> result: 88.58 91.46 -88.98 1
[11:54:34.428] [ARM-RX] .42 90.44 0.00
[11:54:34.428] [ARM-RX] [33] <-1.39 -4.02 -0.46> result: 88.46 91.59 -88.88 1.54 90.47 0.00
[11:54:34.428] [ARM-RX] [34] <-1.52 -4.38 -0.51> result: 88.33 91.73 -88.78 1.67 90.51 0.00
[11:54:34.428] [ARM-RX] [35] <-1.65 -4.77 -0.55> result: 88.20 91.88 -88.67 1.80 90.54 0.00
[11:54:34.429] [ARM-RX] [36] <-1.79 -5.17 -0.60> result:
[11:54:34.451] [ARM-RX] 88.06 92.03 -88.55 1.94 90.58 0.00
[11:54:34.452] [ARM-RX] [37] <-1.94 -5.60 -0.65> result: 87.92 92.18 -88.43 2.08 90.61 0.00
[11:54:34.452] [ARM-RX] [38] <-2.09 -6.04 -0.70> result: 87.77 92.35 -88.31 2.23 90.65 0.00
[11:54:34.452] [ARM-RX] [39] <-2.25 -6.51 -0.75> result: 87.62 92.52 -88.17 2.38 90.69 0.00
[11:54:34.452] [ARM-RX] [40] <-2.42 -
[11:54:34.474] [ARM-RX] 7.01 -0.81> result: 87.46 92.69 -88.03 2.54 90.72 0.00
[11:54:34.477] [ARM-RX] [41] <-2.60 -7.52 -0.87> result: 87.30 92.88 -87.88 2.70 90.76 0.00
[11:54:34.478] [ARM-RX] [42] <-2.79 -8.06 -0.93> result: 87.13 93.07 -87.73 2.87 90.79 0.00
[11:54:34.478] [ARM-RX] [43] <-2.98 -8.62 -0.99> result: 86.96 93.26 -87.57 3.04 90.83
[11:54:34.497] [ARM-RX] 0.00
[11:54:34.497] [ARM-RX] [44] <-3.19 -9.21 -1.06> result: 86.79 93.46 -87.40 3.21 90.86 0.00
[11:54:34.497] [ARM-RX] [45] <-3.40 -9.82 -1.13> result: 86.61 93.67 -87.22 3.39 90.89 0.00
[11:54:34.498] [ARM-RX] [46] <-3.62 -10.45 -1.21> result: 86.44 93.89 -87.04 3.56 90.92 0.00
[11:54:34.498] [ARM-RX] [47] <-3.85 -11.11 -1.28> result: 86.25 9
[11:54:34.522] [ARM-RX] 4.11 -86.85 3.75 90.95 0.00
[11:54:34.522] [ARM-RX] [48] <-4.08 -11.80 -1.36> result: 86.07 94.33 -86.65 3.93 90.98 0.00
[11:54:34.522] [ARM-RX] [49] <-4.33 -12.51 -1.44> result: 85.88 94.56 -86.44 4.12 91.00 0.00
[11:54:34.522] [ARM-RX] [50] <-4.58 -13.24 -1.53> result: 85.69 94.80 -86.23 4.31 91.03 0.00
[11:54:34.523] [ARM-RX] [51] <-4.85 -14.0
[11:54:34.543] [ARM-RX] 1 -1.62> result: 85.50 95.04 -86.01 4.50 91.05 0.00
[11:54:34.544] [ARM-RX] [52] <-5.12 -14.80 -1.71> result: 85.31 95.29 -85.77 4.69 91.06 0.00
[11:54:34.544] [ARM-RX] [53] <-5.40 -15.61 -1.80> result: 85.12 95.55 -85.53 4.89 91.08 0.00
[11:54:34.544] [ARM-RX] [54] <-5.70 -16.46 -1.90> result: 84.92 95.80 -85.29 5.08 91.09
[11:54:34.577] [ARM-RX] 0.00
[11:54:34.579] [ARM-RX] [55] <-6.00 -17.32 -2.00> result: 84.73 96.07 -85.03 5.28 91.09 0.00
[11:54:34.579] [ARM-RX] [56] <-6.31 -18.22 -2.10> result: 84.53 96.34 -84.76 5.47 91.10 0.00
[11:54:34.579] [ARM-RX] [57] <-6.63 -19.15 -2.21> result: 84.33 96.61 -84.49 5.67 91.09 0.00
[11:54:34.579] [ARM-RX] [58] <-6.96 -20.10 -2.32> result: 84.14
[11:54:34.601] [ARM-RX] 96.89 -84.21 5.87 91.09 0.00
[11:54:34.602] [ARM-RX] [59] <-7.30 -21.08 -2.43> result: 83.94 97.17 -83.91 6.06 91.08 0.00
[11:54:34.602] [ARM-RX] [60] <-7.64 -22.08 -2.55> result: 83.74 97.46 -83.61 6.26 91.06 0.00
[11:54:34.602] [ARM-RX] [61] <-8.00 -23.12 -2.67> result: 83.55 97.75 -83.30 6.45 91.04 0.00
[11:54:34.602] [ARM-RX] [62] <-8.37 -24
[11:54:34.624] [ARM-RX] .18 -2.79> result: 83.35 98.04 -82.98 6.65 91.02 0.00
[11:54:34.624] [ARM-RX] [63] <-8.75 -25.27 -2.92> result: 83.16 98.34 -82.66 6.84 90.99 0.00
[11:54:34.624] [ARM-RX] [64] <-9.14 -26.39 -3.05> result: 82.96 98.64 -82.32 7.04 90.95 0.00
[11:54:34.625] [ARM-RX] [65] <-9.53 -27.54 -3.18> result: 82.77 98.95 -81.97 7.23 90.
[11:54:34.648] [ARM-RX] 91 0.00
[11:54:34.648] [ARM-RX] [66] <-9.94 -28.71 -3.31> result: 82.58 99.26 -81.62 7.42 90.87 0.00
[11:54:34.648] [ARM-RX] [67] <-10.36 -29.92 -3.45> result: 82.39 99.57 -81.25 7.61 90.82 0.00
[11:54:34.648] [ARM-RX] [68] <-10.78 -31.15 -3.59> result: 82.21 99.89 -80.87 7.79 90.76 0.00
[11:54:34.649] [ARM-RX] [69] <-11.22 -32.41 -3.74> result:
[11:54:34.671] [ARM-RX] 82.02 100.21 -80.49 7.98 90.70 0.00
[11:54:34.672] [ARM-RX] [70] <-11.66 -33.70 -3.89> result: 81.84 100.54 -80.10 8.16 90.63 0.00
[11:54:34.672] [ARM-RX] [71] <-12.12 -35.01 -4.04> result: 81.66 100.86 -79.69 8.34 90.55 0.00
[11:54:34.672] [ARM-RX] [72] <-12.59 -36.36 -4.20> result: 81.48 101.20 -79.28 8.52 90.47 0.00
[11:54:34.672] [ARM-RX] [73
[11:54:34.694] [ARM-RX] ] <-13.06 -37.73 -4.35> result: 81.30 101.53 -78.86 8.70 90.38 0.00
[11:54:34.694] [ARM-RX] [74] <-13.55 -39.13 -4.52> result: 81.13 101.87 -78.43 8.87 90.29 0.00
[11:54:34.695] [ARM-RX] [75] <-14.04 -40.56 -4.68> result: 80.95 102.21 -77.99 9.05 90.19 0.00
[11:54:34.695] [ARM-RX] [76] <-14.54 -42.01 -4.85> result: 80.79 10
[11:54:34.717] [ARM-RX] 2.55 -77.53 9.21 90.08 0.00
[11:54:34.717] [ARM-RX] [77] <-15.06 -43.50 -5.02> result: 80.62 102.90 -77.07 9.38 89.97 0.00
[11:54:34.718] [ARM-RX] [78] <-15.58 -45.01 -5.19> result: 80.45 103.24 -76.60 9.55 89.85 0.00
[11:54:34.718] [ARM-RX] [79] <-16.11 -46.54 -5.37> result: 80.29 103.60 -76.13 9.71 89.73 0.00
[11:54:34.718] [ARM-RX] [80] <-16.6
[11:54:34.756] [ARM-RX] 5 -48.11 -5.55> result: 80.13 103.95 -75.64 9.87 89.59 0.00
[11:54:34.756] [ARM-RX] [81] <-17.20 -49.70 -5.73> result: 79.98 104.31 -75.14 10.02 89.45 0.00
[11:54:34.757] [ARM-RX] [82] <-17.76 -51.32 -5.92> result: 79.82 104.67 -74.63 10.18 89.31 0.00
[11:54:34.757] [ARM-RX] [83] <-18.33 -52.96 -6.11> result: 79.67 105.03 -
[11:54:34.775] [ARM-RX] 74.11 10.33 89.16 0.00
[11:54:34.776] [ARM-RX] [84] <-18.91 -54.63 -6.30> result: 79.52 105.40 -73.59 10.48 89.00 0.00
[11:54:34.776] [ARM-RX] [85] <-19.50 -56.32 -6.50> result: 79.38 105.76 -73.05 10.62 88.84 0.00
[11:54:34.776] [ARM-RX] [86] <-20.09 -58.05 -6.70> result: 79.23 106.13 -72.51 10.77 88.67 0.00
[11:54:34.776] [ARM-RX] [87] <-20.70
[11:54:34.797] [ARM-RX] -59.79 -6.90> result: 79.09 106.51 -71.95 10.91 88.49 0.00
[11:54:34.798] [ARM-RX] [88] <-21.31 -61.56 -7.10> result: 78.96 106.88 -71.39 11.05 88.31 0.00
[11:54:34.798] [ARM-RX] [89] <-21.93 -63.36 -7.31> result: 78.82 107.26 -70.82 11.18 88.12 0.00
[11:54:34.798] [ARM-RX] [90] <-22.56 -65.18 -7.52> result: 78.69 107.64 -7
[11:54:34.821] [ARM-RX] 0.24 11.32 87.92 0.00
[11:54:34.822] [ARM-RX] [91] <-23.20 -67.02 -7.73> result: 78.56 108.03 -69.65 11.45 87.72 0.00
[11:54:34.822] [ARM-RX] [92] <-23.85 -68.89 -7.95> result: 78.43 108.41 -69.05 11.58 87.51 0.00
[11:54:34.822] [ARM-RX] [93] <-24.50 -70.78 -8.17> result: 78.31 108.80 -68.44 11.70 87.30 0.00
[11:54:34.822] [ARM-RX] [94] <-25.16 -
[11:54:34.848] [ARM-RX] 72.69 -8.39> result: 78.19 109.19 -67.82 11.83 87.08 0.00
[11:54:34.848] [ARM-RX] [95] <-25.83 -74.63 -8.61> result: 78.07 109.59 -67.19 11.95 86.85 0.00
[11:54:34.848] [ARM-RX] [96] <-26.51 -76.59 -8.84> result: 77.95 109.98 -66.56 12.07 86.62 0.00
[11:54:34.849] [ARM-RX] [97] <-27.20 -78.57 -9.07> result: 77.84 110.38 -65
[11:54:34.867] [ARM-RX] .92 12.19 86.38 0.00
[11:54:34.867] [ARM-RX] [98] <-27.89 -80.57 -9.30> result: 77.73 110.78 -65.27 12.30 86.14 0.00
[11:54:34.867] [ARM-RX] [99] <-28.59 -82.59 -9.53> result: 77.62 111.19 -64.60 12.41 85.89 0.00
[11:54:34.868] [ARM-RX] [100] <-29.30 -84.63 -9.77> result: 77.51 111.59 -63.94 12.53 85.64 0.00
[11:54:34.868] [ARM-RX] [101] <-30.01
[11:54:34.894] [ARM-RX] -86.70 -10.00> result: 77.41 112.00 -63.26 12.64 85.38 0.00
[11:54:34.894] [ARM-RX] [102] <-30.73 -88.78 -10.24> result: 77.30 112.41 -62.57 12.74 85.11 0.00
[11:54:34.894] [ARM-RX] [103] <-31.46 -90.88 -10.49> result: 77.20 112.83 -61.88 12.85 84.84 0.00
[11:54:34.894] [ARM-RX] [104] <-32.19 -92.99 -10.73> result: 77.11 11
[11:54:34.914] [ARM-RX] 3.24 -61.18 12.95 84.56 0.00
[11:54:34.914] [ARM-RX] [105] <-32.93 -95.13 -10.98> result: 77.01 113.66 -60.47 13.06 84.28 0.00
[11:54:34.914] [ARM-RX] [106] <-33.68 -97.28 -11.23> result: 76.92 114.08 -59.75 13.16 84.00 0.00
[11:54:34.915] [ARM-RX] [107] <-34.43 -99.46 -11.48> result: 76.83 114.50 -59.03 13.25 83.70 0.00
[11:54:34.915] [ARM-RX] [
[11:54:34.948] [ARM-RX] 108] <-35.18 -101.64 -11.73> result: 76.74 114.93 -58.30 13.35 83.41 0.00
[11:54:34.948] [ARM-RX] [109] <-35.95 -103.84 -11.98> result: 76.65 115.36 -57.56 13.45 83.11 0.00
[11:54:34.948] [ARM-RX] [110] <-36.71 -106.06 -12.24> result: 76.57 115.79 -56.81 13.54 82.80 0.00
[11:54:34.949] [ARM-RX] [111] <-37.49 -108.29 -12.50>
[11:54:34.971] [ARM-RX] result: 76.48 116.22 -56.05 13.64 82.49 0.00
[11:54:34.971] [ARM-RX] [112] <-38.26 -110.54 -12.75> result: 76.40 116.65 -55.29 13.73 82.17 0.00
[11:54:34.971] [ARM-RX] [113] <-39.05 -112.80 -13.02> result: 76.32 117.09 -54.52 13.82 81.85 0.00
[11:54:34.972] [ARM-RX] [114] <-39.83 -115.07 -13.28> result: 76.24 117.53 -53.75
[11:54:34.995] [ARM-RX] 13.91 81.52 0.00
[11:54:34.995] [ARM-RX] [115] <-40.62 -117.36 -13.54> result: 76.17 117.97 -52.96 14.00 81.19 0.00
[11:54:34.996] [ARM-RX] [116] <-41.42 -119.65 -13.81> result: 76.09 118.41 -52.17 14.09 80.86 0.00
[11:54:34.996] [ARM-RX] [117] <-42.22 -121.96 -14.07> result: 76.02 118.86 -51.37 14.18 80.52 0.00
[11:54:34.996] [ARM-RX] [118] <-4
[11:54:35.018] [ARM-RX] 3.02 -124.28 -14.34> result: 75.95 119.30 -50.57 14.26 80.18 0.00
[11:54:35.018] [ARM-RX] [119] <-43.83 -126.61 -14.61> result: 75.88 119.75 -49.76 14.35 79.83 0.00
[11:54:35.019] [ARM-RX] [120] <-44.63 -128.95 -14.88> result: 75.81 120.20 -48.94 14.43 79.48 0.00
[11:54:35.019] [ARM-RX] [121] <-45.00 -130.00 -15.00> result:
[11:54:35.043] [ARM-RX] 75.78 120.41 -48.57 14.47 79.32 0.00
[11:54:35.043] [ARM-RX] [122] <-45.00 -130.00 -15.00> result: 75.78 120.41 -48.57 14.47 79.32 0.00
[11:54:35.043] [ARM-RX] [123] <-45.00 -130.00 -15.00> result: 75.78 120.41 -48.57 14.47 79.32 0.00
[11:54:35.044] [ARM-RX] [124] <-45.00 -130.00 -15.00> result: 75.78 120.41 -48.57 14.47 7
[11:54:35.064] [ARM-RX] 9.32 0.00
[11:54:35.064] [ARM-RX] [125] <-45.00 -130.00 -15.00> result: 75.78 120.41 -48.57 14.47 79.32 0.00
[11:54:35.065] [ARM-RX] [126] <-45.00 -130.00 -15.00> result: 75.78 120.41 -48.57 14.47 79.32 0.00
[11:54:35.065] [ARM-RX] [127] <-45.00 -130.00 -15.00> result: 75.78 120.41 -48.57 14.47 79.32 0.00
[11:54:35.065] [ARM-RX] [128] <-45.00 -13
[11:54:35.087] [ARM-RX] 0.00 -15.00> result: 75.78 120.41 -48.57 14.47 79.32 0.00
[11:54:35.088] [ARM-RX] [129] <-45.00 -130.00 -15.00> result: 75.78 120.41 -48.57 14.47 79.32 0.00
[11:54:35.088] [ARM-RX] [130] <-45.00 -130.00 -15.00> result: 75.78 120.41 -48.57 14.47 79.32 0.00
[11:54:35.088] [ARM-RX] [131] <-45.00 -130.00 -15.00> result: 75.78 1
[11:54:35.120] [ARM-RX] 20.41 -48.57 14.47 79.32 0.00
[11:54:35.122] [ARM-RX] [132] <-45.00 -130.00 -15.00> result: 75.78 120.41 -48.57 14.47 79.32 0.00
[11:54:35.122] [ARM-RX] [133] <-45.00 -130.00 -15.00> result: 75.78 120.41 -48.57 14.47 79.32 0.00
[11:54:35.122] [ARM-RX] [134] <-45.00 -130.00 -15.00> result: 75.78 120.41 -48.57 14.47 79.32 0.0
[11:54:35.146] [ARM-RX] 0
[11:54:35.146] [ARM-RX] [135] <-45.00 -130.00 -15.00> result: 75.78 120.41 -48.57 14.47 79.32 0.00
[11:54:35.146] [ARM-RX] [136] <-45.00 -130.00 -15.00> result: 75.78 120.41 -48.57 14.47 79.32 0.00
[11:54:35.147] [ARM-RX] [137] <-45.00 -130.00 -15.00> result: 75.78 120.41 -48.57 14.47 79.32 0.00
[11:54:35.147] [ARM-RX] [138] <-45.00 -130.00 -15
[11:54:35.168] [ARM-RX] .00> result: 75.78 120.41 -48.57 14.47 79.32 0.00
[11:54:35.168] [ARM-RX] [139] <-45.00 -130.00 -15.00> result: 75.78 120.41 -48.57 14.47 79.32 0.00
[11:54:35.168] [ARM-RX] [140] <-45.00 -130.00 -15.00> result: 75.78 120.41 -48.57 14.47 79.32 0.00
[11:54:35.168] [ARM-RX] [141] <-45.00 -130.00 -15.00> result: 75.78 120.41 -4
[11:54:35.191] [ARM-RX] 8.57 14.47 79.32 0.00
[11:54:35.192] [ARM-RX] [142] <-45.00 -130.00 -15.00> result: 75.78 120.41 -48.57 14.47 79.32 0.00
[11:54:35.192] [ARM-RX] [143] <-45.00 -130.00 -15.00> result: 75.78 120.41 -48.57 14.47 79.32 0.00
[11:54:35.192] [ARM-RX] [144] <-45.00 -130.00 -15.00> result: 75.78 120.41 -48.57 14.47 79.32 0.00
[11:54:35.192] [ARM-RX] [145]
[11:54:35.213] [ARM-RX] <-45.00 -130.00 -15.00> result: 75.78 120.41 -48.57 14.47 79.32 0.00
[11:54:35.218] [ARM-RX] [146] <-45.00 -130.00 -15.00> result: 75.78 120.41 -48.57 14.47 79.32 0.00
[11:54:35.218] [ARM-RX] [147] <-45.00 -130.00 -15.00> result: 75.78 120.41 -48.57 14.47 79.32 0.00
[11:54:35.219] [ARM-RX] [148] <-45.00 -130.00 -15.00> res
[11:54:35.237] [ARM-RX] ult: 75.78 120.41 -48.57 14.47 79.32 0.00
[11:54:35.237] [ARM-RX] [149] <-45.00 -130.00 -15.00> result: 75.78 120.41 -48.57 14.47 79.32 0.00
[11:54:35.238] [ARM-RX] [150] <-45.00 -130.00 -15.00> result: 75.78 120.41 -48.57 14.47 79.32 0.00
[11:54:35.238] [ARM-RX] [151] <-45.00 -130.00 -15.00> result: 75.78 120.41 -48.57 14.
[11:54:35.260] [ARM-RX] 47 79.32 0.00
[11:54:35.260] [ARM-RX] [152] <-45.00 -130.00 -15.00> result: 75.78 120.41 -48.57 14.47 79.32 0.00
[11:54:35.260] [ARM-RX] [153] <-45.00 -130.00 -15.00> result: 75.78 120.41 -48.57 14.47 79.32 0.00
[11:54:35.261] [ARM-RX] [154] <-45.00 -130.00 -15.00> result: 75.78 120.41 -48.57 14.47 79.32 0.00
[11:54:35.261] [ARM-RX] [155] <-45.00
[11:54:35.285] [ARM-RX] -130.00 -15.00> result: 75.78 120.41 -48.57 14.47 79.32 0.00
[11:54:35.286] [ARM-RX] [156] <-45.00 -130.00 -15.00> result: 75.78 120.41 -48.57 14.47 79.32 0.00
[11:54:35.286] [ARM-RX] [157] <-45.00 -130.00 -15.00> result: 75.78 120.41 -48.57 14.47 79.32 0.00
[11:54:35.286] [ARM-RX] [158] <-45.00 -130.00 -15.00> result: 75.
[11:54:35.318] [ARM-RX] 78 120.41 -48.57 14.47 79.32 0.00
[11:54:35.318] [ARM-RX] [159] <-45.00 -130.00 -15.00> result: 75.78 120.41 -48.57 14.47 79.32 0.00
[11:54:35.319] [ARM-RX] [160] <-45.00 -130.00 -15.00> result: 75.78 120.41 -48.57 14.47 79.32 0.00
[11:54:35.319] [ARM-RX] [161] <-45.00 -130.00 -15.00> result: 75.78 120.41 -48.57 14.47 79.32
[11:54:35.342] [ARM-RX] 0.00
[11:54:35.342] [ARM-RX] [162] <-45.00 -130.00 -15.00> result: 75.78 120.41 -48.57 14.47 79.32 0.00
[11:54:35.342] [ARM-RX] [163] <-45.00 -130.00 -15.00> result: 75.78 120.41 -48.57 14.47 79.32 0.00
[11:54:35.342] [ARM-RX] [164] <-45.00 -130.00 -15.00> result: 75.78 120.41 -48.57 14.47 79.32 0.00
[11:54:35.342] [ARM-RX] [165] <-45.00 -130.00
[11:54:35.364] [ARM-RX] -15.00> result: 75.78 120.41 -48.57 14.47 79.32 0.00
[11:54:35.365] [ARM-RX] [166] <-45.00 -130.00 -15.00> result: 75.78 120.41 -48.57 14.47 79.32 0.00
[11:54:35.365] [ARM-RX] [167] <-45.00 -130.00 -15.00> result: 75.78 120.41 -48.57 14.47 79.32 0.00
[11:54:35.365] [ARM-RX] [168] <-45.00 -130.00 -15.00> result: 75.78 120.4
[11:54:35.387] [ARM-RX] 1 -48.57 14.47 79.32 0.00
[11:54:35.388] [ARM-RX] [169] <-45.00 -130.00 -15.00> result: 75.78 120.41 -48.57 14.47 79.32 0.00
[11:54:35.388] [ARM-RX] [170] <-45.00 -130.00 -15.00> result: 75.78 120.41 -48.57 14.47 79.32 0.00
[11:54:35.388] [ARM-RX] [171] <-45.00 -130.00 -15.00> result: 75.78 120.41 -48.57 14.47 79.32 0.00
[11:54:35.388] [ARM-RX] [
[11:54:35.410] [ARM-RX] 172] <-45.00 -130.00 -15.00> result: 75.78 120.41 -48.57 14.47 79.32 0.00
[11:54:35.410] [ARM-RX] [173] <-45.00 -130.00 -15.00> result: 75.78 120.41 -48.57 14.47 79.32 0.00
[11:54:35.411] [ARM-RX] [174] <-45.00 -130.00 -15.00> result: 75.78 120.41 -48.57 14.47 79.32 0.00
[11:54:35.411] [ARM-RX] [175] <-45.00 -130.00 -15.00>
[11:54:35.434] [ARM-RX] result: 75.78 120.41 -48.57 14.47 79.32 0.00
[11:54:35.434] [ARM-RX] [176] <-45.00 -130.00 -15.00> result: 75.78 120.41 -48.57 14.47 79.32 0.00
[11:54:35.434] [ARM-RX] [177] <-45.00 -130.00 -15.00> result: 75.78 120.41 -48.57 14.47 79.32 0.00
[11:54:35.434] [ARM-RX] [178] <-45.00 -130.00 -15.00> result: 75.78 120.41 -48.57
[11:54:35.458] [ARM-RX] 14.47 79.32 0.00
[11:54:35.458] [ARM-RX] [179] <-45.00 -130.00 -15.00> result: 75.78 120.41 -48.57 14.47 79.32 0.00
[11:54:35.458] [ARM-RX] [180] <-45.00 -130.00 -15.00> result: 75.78 120.41 -48.57 14.47 79.32 0.00
[11:54:35.458] [ARM-RX] [181] <-45.00 -130.00 -15.00> result: 75.78 120.41 -48.57 14.47 79.32 0.00
[11:54:35.458] [ARM-RX] [182] <-4
[11:54:35.491] [ARM-RX] 5.00 -130.00 -15.00> result: 75.78 120.41 -48.57 14.47 79.32 0.00
[11:54:35.491] [ARM-RX] [183] <-45.00 -130.00 -15.00> result: 75.78 120.41 -48.57 14.47 79.32 0.00
[11:54:35.491] [ARM-RX] [184] <-45.00 -130.00 -15.00> result: 75.78 120.41 -48.57 14.47 79.32 0.00
[11:54:35.492] [ARM-RX] [185] <-45.00 -130.00 -15.00> result:
[11:54:35.517] [ARM-RX] 75.78 120.41 -48.57 14.47 79.32 0.00
[11:54:35.517] [ARM-RX] [186] <-45.00 -130.00 -15.00> result: 75.78 120.41 -48.57 14.47 79.32 0.00
[11:54:35.517] [ARM-RX] [187] <-45.00 -130.00 -15.00> result: 75.78 120.41 -48.57 14.47 79.32 0.00
[11:54:35.517] [ARM-RX] [188] <-45.00 -130.00 -15.00> result: 75.78 120.41 -48.57 14.47 7
[11:54:35.538] [ARM-RX] 9.32 0.00
[11:54:35.538] [ARM-RX] [189] <-45.00 -130.00 -15.00> result: 75.78 120.41 -48.57 14.47 79.32 0.00
[11:54:35.539] [ARM-RX] [190] <-45.00 -130.00 -15.00> result: 75.78 120.41 -48.57 14.47 79.32 0.00
[11:54:35.539] [ARM-RX] [191] <-45.00 -130.00 -15.00> result: 75.78 120.41 -48.57 14.47 79.32 0.00
[11:54:35.539] [ARM-RX] [192] <-45.00 -13
[11:54:35.561] [ARM-RX] 0.00 -15.00> result: 75.78 120.41 -48.57 14.47 79.32 0.00
[11:54:35.561] [ARM-RX] [193] <-45.00 -130.00 -15.00> result: 75.78 120.41 -48.57 14.47 79.32 0.00
[11:54:35.561] [ARM-RX] [194] <-45.00 -130.00 -15.00> result: 75.78 120.41 -48.57 14.47 79.32 0.00
[11:54:35.561] [ARM-RX] [195] <-45.00 -130.00 -15.00> result: 75.78 1
[11:54:35.589] [ARM-RX] 20.41 -48.57 14.47 79.32 0.00
[11:54:35.589] [ARM-RX] [196] <-45.00 -130.00 -15.00> result: 75.78 120.41 -48.57 14.47 79.32 0.00
[11:54:35.589] [ARM-RX] [197] <-45.00 -130.00 -15.00> result: 75.78 120.41 -48.57 14.47 79.32 0.00
[11:54:35.589] [ARM-RX] [198] <-45.00 -130.00 -15.00> result: 75.78 120.41 -48.57 14.47 79.32 0.0
[11:54:35.607] [ARM-RX] 0
[11:54:35.607] [ARM-RX] [199] <-45.00 -130.00 -15.00> result: 75.78 120.41 -48.57 14.47 79.32 0.00
[11:54:35.608] [ARM-RX] [200] <-45.00 -130.00 -15.00> result: 75.78 120.41 -48.57 14.47 79.32 0.00
[11:54:35.608] [ARM-RX] [201] <-45.00 -130.00 -15.00> result: 75.78 120.41 -48.57 14.47 79.32 0.00
[11:54:35.608] [ARM-RX] [202] <-45.00 -130.00 -15
[11:54:35.630] [ARM-RX] .00> result: 75.78 120.41 -48.57 14.47 79.32 0.00
[11:54:35.630] [ARM-RX] [203] <-45.00 -130.00 -15.00> result: 75.78 120.41 -48.57 14.47 79.32 0.00
[11:54:35.630] [ARM-RX] [204] <-45.00 -130.00 -15.00> result: 75.78 120.41 -48.57 14.47 79.32 0.00
[11:54:35.631] [ARM-RX] [205] <-45.00 -130.00 -15.00> result: 75.78 120.41 -4
[11:54:35.653] [ARM-RX] 8.57 14.47 79.32 0.00
[11:54:35.653] [ARM-RX] [206] <-45.00 -130.00 -15.00> result: 75.78 120.41 -48.57 14.47 79.32 0.00
[11:54:35.653] [ARM-RX] [207] <-45.00 -130.00 -15.00> result: 75.78 120.41 -48.57 14.47 79.32 0.00
[11:54:35.653] [ARM-RX] [208] <-45.00 -130.00 -15.00> result: 75.78 120.41 -48.57 14.47 79.32 0.00
[11:54:35.653] [ARM-RX] [209]
[11:54:35.688] [ARM-RX] <-45.00 -130.00 -15.00> result: 75.78 120.41 -48.57 14.47 79.32 0.00
[11:54:35.689] [ARM-RX] [210] <-45.00 -130.00 -15.00> result: 75.78 120.41 -48.57 14.47 79.32 0.00
[11:54:35.689] [ARM-RX] [211] <-45.00 -130.00 -15.00> result: 75.78 120.41 -48.57 14.47 79.32 0.00
[11:54:35.689] [ARM-RX] [212] <-45.00 -130.00 -15.00> res
[11:54:35.711] [ARM-RX] ult: 75.78 120.41 -48.57 14.47 79.32 0.00
[11:54:35.712] [ARM-RX] [213] <-45.00 -130.00 -15.00> result: 75.78 120.41 -48.57 14.47 79.32 0.00
[11:54:35.712] [ARM-RX] [214] <-45.00 -130.00 -15.00> result: 75.78 120.41 -48.57 14.47 79.32 0.00
[11:54:35.712] [ARM-RX] [215] <-45.00 -130.00 -15.00> result: 75.78 120.41 -48.57 14.
[11:54:35.734] [ARM-RX] 47 79.32 0.00
[11:54:35.735] [ARM-RX] [216] <-45.00 -130.00 -15.00> result: 75.78 120.41 -48.57 14.47 79.32 0.00
[11:54:35.735] [ARM-RX] [217] <-45.00 -130.00 -15.00> result: 75.78 120.41 -48.57 14.47 79.32 0.00
[11:54:35.735] [ARM-RX] [218] <-45.00 -130.00 -15.00> result: 75.78 120.41 -48.57 14.47 79.32 0.00
[11:54:35.735] [ARM-RX] [219] <-45.00
[11:54:35.757] [ARM-RX] -130.00 -15.00> result: 75.78 120.41 -48.57 14.47 79.32 0.00
[11:54:35.757] [ARM-RX] [220] <-45.00 -130.00 -15.00> result: 75.78 120.41 -48.57 14.47 79.32 0.00
[11:54:35.758] [ARM-RX] [221] <-45.00 -130.00 -15.00> result: 75.78 120.41 -48.57 14.47 79.32 0.00
[11:54:35.758] [ARM-RX] [222] <-45.00 -130.00 -15.00> result: 75.
[11:54:35.780] [ARM-RX] 78 120.41 -48.57 14.47 79.32 0.00
[11:54:35.781] [ARM-RX] [223] <-45.00 -130.00 -15.00> result: 75.78 120.41 -48.57 14.47 79.32 0.00
[11:54:35.781] [ARM-RX] [224] <-45.00 -130.00 -15.00> result: 75.78 120.41 -48.57 14.47 79.32 0.00
[11:54:35.781] [ARM-RX] [225] <-45.00 -130.00 -15.00> result: 75.78 120.41 -48.57 14.47 79.32
[11:54:35.802] [ARM-RX] 0.00
[11:54:35.804] [ARM-RX] [226] <-45.00 -130.00 -15.00> result: 75.78 120.41 -48.57 14.47 79.32 0.00
[11:54:35.804] [ARM-RX] [227] <-45.00 -130.00 -15.00> result: 75.78 120.41 -48.57 14.47 79.32 0.00
[11:54:35.804] [ARM-RX] [228] <-45.00 -130.00 -15.00> result: 75.78 120.41 -48.57 14.47 79.32 0.00
[11:54:35.804] [ARM-RX] [229] <-45.00 -130.00
[11:54:35.827] [ARM-RX] -15.00> result: 75.78 120.41 -48.57 14.47 79.32 0.00
[11:54:35.827] [ARM-RX] [230] <-45.00 -130.00 -15.00> result: 75.78 120.41 -48.57 14.47 79.32 0.00
[11:54:35.827] [ARM-RX] [231] <-45.00 -130.00 -15.00> result: 75.78 120.41 -48.57 14.47 79.32 0.00
[11:54:35.827] [ARM-RX] [232] <-45.00 -130.00 -15.00> result: 75.78 120.4
[11:54:35.863] [ARM-RX] 1 -48.57 14.47 79.32 0.00
[11:54:35.863] [ARM-RX] [233] <-45.00 -130.00 -15.00> result: 75.78 120.41 -48.57 14.47 79.32 0.00
[11:54:35.863] [ARM-RX] [234] <-45.00 -130.00 -15.00> result: 75.78 120.41 -48.57 14.47 79.32 0.00
[11:54:35.863] [ARM-RX] [235] <-45.00 -130.00 -15.00> result: 75.78 120.41 -48.57 14.47 79.32 0.00
[11:54:35.864] [ARM-RX] [
[11:54:35.883] [ARM-RX] 236] <-45.00 -130.00 -15.00> result: 75.78 120.41 -48.57 14.47 79.32 0.00
[11:54:35.883] [ARM-RX] [237] <-45.00 -130.00 -15.00> result: 75.78 120.41 -48.57 14.47 79.32 0.00
[11:54:35.885] [ARM-RX] [238] <-45.00 -130.00 -15.00> result: 75.78 120.41 -48.57 14.47 79.32 0.00
[11:54:35.885] [ARM-RX] [239] <-45.00 -130.00 -15.00>
[11:54:35.907] [ARM-RX] result: 75.78 120.41 -48.57 14.47 79.32 0.00
[11:54:35.907] [ARM-RX] [240] <-45.00 -130.00 -15.00> result: 75.78 120.41 -48.57 14.47 79.32 0.00
[11:54:35.907] [ARM-RX] [241] <-45.00 -130.00 -15.00> result: 75.78 120.41 -48.57 14.47 79.32 0.00
[11:54:35.907] [ARM-RX] [242] <-45.00 -130.00 -15.00> result: 75.78 120.41 -48.57
[11:54:35.931] [ARM-RX] 14.47 79.32 0.00
[11:54:35.931] [ARM-RX] [243] <-45.00 -130.00 -15.00> result: 75.78 120.41 -48.57 14.47 79.32 0.00
[11:54:35.932] [ARM-RX] [244] <-45.00 -130.00 -15.00> result: 75.78 120.41 -48.57 14.47 79.32 0.00
[11:54:35.932] [ARM-RX] [245] <-45.00 -130.00 -15.00> result: 75.78 120.41 -48.57 14.47 79.32 0.00
[11:54:35.932] [ARM-RX] [246] <-4
[11:54:35.954] [ARM-RX] 5.00 -130.00 -15.00> result: 75.78 120.41 -48.57 14.47 79.32 0.00
[11:54:35.955] [ARM-RX] [247] <-45.00 -130.00 -15.00> result: 75.78 120.41 -48.57 14.47 79.32 0.00
[11:54:35.955] [ARM-RX] [248] <-45.00 -130.00 -15.00> result: 75.78 120.41 -48.57 14.47 79.32 0.00
[11:54:35.955] [ARM-RX] [249] <-45.00 -130.00 -15.00> result:
[11:54:35.978] [ARM-RX] 75.78 120.41 -48.57 14.47 79.32 0.00
[11:54:35.979] [ARM-RX] [250] <-45.00 -130.00 -15.00> result: 75.78 120.41 -48.57 14.47 79.32 0.00
[11:54:35.979] [ARM-RX] [251] <-45.00 -130.00 -15.00> result: 75.78 120.41 -48.57 14.47 79.32 0.00
[11:54:35.979] [ARM-RX] [252] <-45.00 -130.00 -15.00> result: 75.78 120.41 -48.57 14.47 7
[11:54:36.000] [ARM-RX] 9.32 0.00
[11:54:36.000] [ARM-RX] [253] <-45.00 -130.00 -15.00> result: 75.78 120.41 -48.57 14.47 79.32 0.00
[11:54:36.000] [ARM-RX] [254] <-45.00 -130.00 -15.00> result: 75.78 120.41 -48.57 14.47 79.32 0.00
[11:54:36.001] [ARM-RX] [255] <-45.00 -130.00 -15.00> result: 75.78 120.41 -48.57 14.47 79.32 0.00
[11:54:36.001] [ARM-RX] [256] <-45.00 -13
[11:54:36.023] [ARM-RX] 0.00 -15.00> result: 75.78 120.41 -48.57 14.47 79.32 0.00
[11:54:36.023] [ARM-RX] [257] <-45.00 -130.00 -15.00> result: 75.78 120.41 -48.57 14.47 79.32 0.00
[11:54:36.024] [ARM-RX] [258] <-45.00 -130.00 -15.00> result: 75.78 120.41 -48.57 14.47 79.32 0.00
[11:54:36.024] [ARM-RX] [259] <-45.00 -130.00 -15.00> result: 75.78 1
[11:54:36.058] [ARM-RX] 20.41 -48.57 14.47 79.32 0.00
[11:54:36.058] [ARM-RX] [260] <-45.00 -130.00 -15.00> result: 75.78 120.41 -48.57 14.47 79.32 0.00
[11:54:36.058] [ARM-RX] [261] <-45.00 -130.00 -15.00> result: 75.78 120.41 -48.57 14.47 79.32 0.00
[11:54:36.058] [ARM-RX] [262] <-45.00 -130.00 -15.00> result: 75.78 120.41 -48.57 14.47 79.32 0.0
[11:54:36.081] [ARM-RX] 0
[11:54:36.081] [ARM-RX] [263] <-45.00 -130.00 -15.00> result: 75.78 120.41 -48.57 14.47 79.32 0.00
[11:54:36.082] [ARM-RX] [264] <-45.00 -130.00 -15.00> result: 75.78 120.41 -48.57 14.47 79.32 0.00
[11:54:36.082] [ARM-RX] [265] <-45.00 -130.00 -15.00> result: 75.78 120.41 -48.57 14.47 79.32 0.00
[11:54:36.082] [ARM-RX] [266] <-45.00 -130.00 -15
[11:54:36.145] [ARM-RX] .00> result: 75.78 120.41 -48.57 14.47 79.32 0.00
[11:54:36.145] [ARM-RX] [267] <-45.00 -130.00 -15.00> result: 75.78 120.41 -48.57 14.47 79.32 0.00
[11:54:38.945] [ARM-RX] [joint 1] ave_error:0.44
[11:54:38.945] [ARM-RX] [joint 2] ave_error:7.34
[11:54:38.945] [ARM-RX] [joint 3] ave_error:8.08
[11:54:38.945] [ARM-RX] [joint 4] ave_error:0.53
[11:54:38.946] [ARM-RX] [joint 5] ave_error:1.12
[11:54:38.946] [ARM-RX] robot pid run finished!!
[11:54:39.734] [ARM-RX] AUTO final confirm failed: joint 2 err=12.79deg tol=3.00, pose invalid.
[11:54:39.734] [ARM-RX] J1 cur=75.86 target=75.78 err=-0.07
[11:54:39.734] [ARM-RX] J2 cur=131.63 target=120.41 err=-11.23
[11:54:39.734] [ARM-RX] J3 cur=-35.78 target=-48.57 err=-12.79
[11:54:39.735] [ARM-RX] J4 cur=14.56 target=14.47 err=-0.09
[11:54:39.735] [ARM-RX] J5 cur=79.05 target
[11:54:39.798] [ARM-RX] =79.32 err=0.27
[11:54:56.457] [ARM-TX] 发送命令 abs_rotate 0 105: abs_rotate 0 105
[11:54:56.615] [ARM-RX] Found handler for 'abs_rotate', executing...
[11:54:56.615] [ARM-RX] [joint_id: 0] ROBOT_JOINT_ABS_ROTATE 105.000000
[11:55:09.146] [ARM-TX] 发送命令 soft_reset: soft_reset
[11:55:09.190] [ARM-RX] Found handler for 'soft_reset', executing...
[11:55:09.190] [ARM-RX] ROBOT_SOFT_RESET_EVENT
[11:55:09.190] [ARM-RX] --- Starting soft reset ---
[11:55:09.439] [ARM-RX] Soft reset motors enabled (J1~J5, J6 skipped).
[11:55:09.439] [ARM-RX] Soft resetting joint 4...
[11:55:09.439] [ARM-RX] robot_update_current_angle 4...
[11:55:09.440] [ARM-RX] [4] current:79.05, target:90.00, dir:1
[11:55:10.559] [ARM-RX] Soft resetting joint 3...
[11:55:10.559] [ARM-RX] robot_update_current_angle 3...
[11:55:10.559] [ARM-RX] [3] current:14.56, target:0.00, dir:-1
[11:55:12.173] [ARM-RX] soft reset joint 3 settle timeout, keep going
[11:55:12.173] [ARM-RX] Soft resetting joint 1...
[11:55:12.173] [ARM-RX] robot_update_current_angle 1...
[11:55:12.173] [ARM-RX] [1] current:131.63, target:90.00, dir:-1
[11:55:14.412] [ARM-RX] soft reset joint 1 settle timeout, keep going
[11:55:14.412] [ARM-RX] Soft resetting joint 2...
[11:55:14.412] [ARM-RX] robot_update_current_angle 2...
[11:55:14.412] [ARM-RX] [2] current:-35.79, target:-90.00, dir:-1
[11:55:16.962] [ARM-RX] soft reset joint 2 settle timeout, keep going
[11:55:16.962] [ARM-RX] Soft resetting joint 0...
[11:55:16.962] [ARM-RX] robot_update_current_angle 0...
[11:55:16.963] [ARM-RX] [0] current:105.00, target:90.00, dir:-1
[11:55:18.581] [ARM-RX] soft reset joint 0 settle timeout, keep going
[11:55:18.581] [ARM-RX] soft reset verify not pass, start refine loop...
[11:55:18.769] [ARM-RX] soft reset refine pass 1 success.
[11:55:18.770] [ARM-RX] soft reset final verify PASS (issues:4), pose set HOME.
[11:55:24.177] [ARM-TX] 发送命令 auto -45 -130 -15: auto -45 -130 -15
[11:55:24.285] [ARM-RX] Found handler for 'auto', executing...
[11:55:24.285] [ARM-RX] ROBOT_AUTO_EVENT
[11:55:24.285] [ARM-RX] [0] <0.00 0.00 0.00> result: 90.00 90.00 -90.00 0.00 90.00 0.00
[11:55:24.286] [ARM-RX] [1] <-0.00 -0.00 -0.00> result: 90.00 90.00 -90.00 0.00 90.00 0.00
[11:55:24.286] [ARM-RX] [2] <-0.00 -0.00 -0.00> result: 90.00 90.00 -90.00 0.00 90.00 0.00
[11:55:24.305] [ARM-RX] [3] <-0.00 -0.00 -0.00> result: 90.00 90.00 -90.00 0.00 90.00 0.00
[11:55:24.306] [ARM-RX] [4] <-0.00 -0.01 -0.00> result: 90.00 90.00 -90.00 0.00 90.00 0.00
[11:55:24.306] [ARM-RX] [5] <-0.01 -0.02 -0.00> result: 89.99 90.01 -89.99 0.01 90.00 0.00
[11:55:24.306] [ARM-RX] [6] <-0.01 -0.03 -0.00> result: 89.99 90.01 -89.99
[11:55:24.330] [ARM-RX] 0.01 90.00 0.00
[11:55:24.330] [ARM-RX] [7] <-0.02 -0.05 -0.01> result: 89.98 90.02 -89.99 0.02 90.01 0.00
[11:55:24.330] [ARM-RX] [8] <-0.02 -0.07 -0.01> result: 89.97 90.03 -89.98 0.03 90.01 0.00
[11:55:24.330] [ARM-RX] [9] <-0.03 -0.09 -0.01> result: 89.96 90.04 -89.97 0.04 90.01 0.00
[11:55:24.331] [ARM-RX] [10] <-0.04 -0.13 -0.01> result: 89
[11:55:24.352] [ARM-RX] .95 90.05 -89.96 0.05 90.02 0.00
[11:55:24.353] [ARM-RX] [11] <-0.06 -0.17 -0.02> result: 89.93 90.07 -89.95 0.07 90.02 0.00
[11:55:24.353] [ARM-RX] [12] <-0.07 -0.21 -0.02> result: 89.91 90.09 -89.94 0.09 90.03 0.00
[11:55:24.353] [ARM-RX] [13] <-0.09 -0.27 -0.03> result: 89.89 90.11 -89.93 0.11 90.04 0.00
[11:55:24.353] [ARM-RX] [14] <-0.12 -0.
[11:55:24.375] [ARM-RX] 33 -0.04> result: 89.86 90.14 -89.91 0.14 90.05 0.00
[11:55:24.375] [ARM-RX] [15] <-0.14 -0.41 -0.05> result: 89.83 90.17 -89.89 0.17 90.06 0.00
[11:55:24.375] [ARM-RX] [16] <-0.17 -0.49 -0.06> result: 89.80 90.20 -89.86 0.20 90.07 0.00
[11:55:24.375] [ARM-RX] [17] <-0.20 -0.59 -0.07> result: 89.76 90.24 -89.84 0.24 90.08 0
[11:55:24.398] [ARM-RX] .00
[11:55:24.399] [ARM-RX] [18] <-0.24 -0.69 -0.08> result: 89.72 90.28 -89.81 0.28 90.09 0.00
[11:55:24.399] [ARM-RX] [19] <-0.28 -0.81 -0.09> result: 89.67 90.33 -89.78 0.33 90.11 0.00
[11:55:24.399] [ARM-RX] [20] <-0.33 -0.94 -0.11> result: 89.62 90.39 -89.74 0.38 90.13 0.00
[11:55:24.399] [ARM-RX] [21] <-0.37 -1.08 -0.12> result: 89.56 90.44
[11:55:24.421] [ARM-RX] -89.70 0.44 90.14 0.00
[11:55:24.422] [ARM-RX] [22] <-0.43 -1.24 -0.14> result: 89.50 90.51 -89.66 0.50 90.16 0.00
[11:55:24.422] [ARM-RX] [23] <-0.49 -1.41 -0.16> result: 89.43 90.58 -89.61 0.57 90.18 0.00
[11:55:24.422] [ARM-RX] [24] <-0.55 -1.60 -0.18> result: 89.36 90.65 -89.56 0.64 90.21 0.00
[11:55:24.423] [ARM-RX] [25] <-0.62 -1.80 -0.21>
[11:55:24.456] [ARM-RX] result: 89.28 90.73 -89.50 0.72 90.23 0.00
[11:55:24.456] [ARM-RX] [26] <-0.70 -2.01 -0.23> result: 89.20 90.82 -89.44 0.80 90.26 0.00
[11:55:24.456] [ARM-RX] [27] <-0.78 -2.25 -0.26> result: 89.11 90.91 -89.38 0.89 90.28 0.00
[11:55:24.456] [ARM-RX] [28] <-0.86 -2.50 -0.29> result: 89.01 91.01 -89.31 0.99 90.31 0.00
[11:55:24.457] [ARM-RX] [29]
[11:55:24.479] [ARM-RX] <-0.96 -2.77 -0.32> result: 88.91 91.11 -89.23 1.09 90.34 0.00
[11:55:24.479] [ARM-RX] [30] <-1.06 -3.05 -0.35> result: 88.81 91.22 -89.15 1.19 90.37 0.00
[11:55:24.479] [ARM-RX] [31] <-1.16 -3.36 -0.39> result: 88.69 91.34 -89.07 1.31 90.41 0.00
[11:55:24.479] [ARM-RX] [32] <-1.27 -3.68 -0.42> result: 88.58 91.46 -88.98 1
[11:55:24.502] [ARM-RX] .42 90.44 0.00
[11:55:24.502] [ARM-RX] [33] <-1.39 -4.02 -0.46> result: 88.46 91.59 -88.88 1.54 90.47 0.00
[11:55:24.502] [ARM-RX] [34] <-1.52 -4.38 -0.51> result: 88.33 91.73 -88.78 1.67 90.51 0.00
[11:55:24.502] [ARM-RX] [35] <-1.65 -4.77 -0.55> result: 88.20 91.88 -88.67 1.80 90.54 0.00
[11:55:24.502] [ARM-RX] [36] <-1.79 -5.17 -0.60> result:
[11:55:24.525] [ARM-RX] 88.06 92.03 -88.55 1.94 90.58 0.00
[11:55:24.525] [ARM-RX] [37] <-1.94 -5.60 -0.65> result: 87.92 92.18 -88.43 2.08 90.61 0.00
[11:55:24.526] [ARM-RX] [38] <-2.09 -6.04 -0.70> result: 87.77 92.35 -88.31 2.23 90.65 0.00
[11:55:24.526] [ARM-RX] [39] <-2.25 -6.51 -0.75> result: 87.62 92.52 -88.17 2.38 90.69 0.00
[11:55:24.526] [ARM-RX] [40] <-2.42 -
[11:55:24.548] [ARM-RX] 7.01 -0.81> result: 87.46 92.69 -88.03 2.54 90.72 0.00
[11:55:24.548] [ARM-RX] [41] <-2.60 -7.52 -0.87> result: 87.30 92.88 -87.88 2.70 90.76 0.00
[11:55:24.549] [ARM-RX] [42] <-2.79 -8.06 -0.93> result: 87.13 93.07 -87.73 2.87 90.79 0.00
[11:55:24.549] [ARM-RX] [43] <-2.98 -8.62 -0.99> result: 86.96 93.26 -87.57 3.04 90.83
[11:55:24.571] [ARM-RX] 0.00
[11:55:24.571] [ARM-RX] [44] <-3.19 -9.21 -1.06> result: 86.79 93.46 -87.40 3.21 90.86 0.00
[11:55:24.571] [ARM-RX] [45] <-3.40 -9.82 -1.13> result: 86.61 93.67 -87.22 3.39 90.89 0.00
[11:55:24.572] [ARM-RX] [46] <-3.62 -10.45 -1.21> result: 86.44 93.89 -87.04 3.56 90.92 0.00
[11:55:24.572] [ARM-RX] [47] <-3.85 -11.11 -1.28> result: 86.25 9
[11:55:24.594] [ARM-RX] 4.11 -86.85 3.75 90.95 0.00
[11:55:24.594] [ARM-RX] [48] <-4.08 -11.80 -1.36> result: 86.07 94.33 -86.65 3.93 90.98 0.00
[11:55:24.595] [ARM-RX] [49] <-4.33 -12.51 -1.44> result: 85.88 94.56 -86.44 4.12 91.00 0.00
[11:55:24.595] [ARM-RX] [50] <-4.58 -13.24 -1.53> result: 85.69 94.80 -86.23 4.31 91.03 0.00
[11:55:24.595] [ARM-RX] [51] <-4.85 -14.0
[11:55:24.617] [ARM-RX] 1 -1.62> result: 85.50 95.04 -86.01 4.50 91.05 0.00
[11:55:24.618] [ARM-RX] [52] <-5.12 -14.80 -1.71> result: 85.31 95.29 -85.77 4.69 91.06 0.00
[11:55:24.618] [ARM-RX] [53] <-5.40 -15.61 -1.80> result: 85.12 95.55 -85.53 4.89 91.08 0.00
[11:55:24.618] [ARM-RX] [54] <-5.70 -16.46 -1.90> result: 84.92 95.80 -85.29 5.08 91.09
[11:55:24.652] [ARM-RX] 0.00
[11:55:24.653] [ARM-RX] [55] <-6.00 -17.32 -2.00> result: 84.73 96.07 -85.03 5.28 91.09 0.00
[11:55:24.653] [ARM-RX] [56] <-6.31 -18.22 -2.10> result: 84.53 96.34 -84.76 5.47 91.10 0.00
[11:55:24.653] [ARM-RX] [57] <-6.63 -19.15 -2.21> result: 84.33 96.61 -84.49 5.67 91.09 0.00
[11:55:24.653] [ARM-RX] [58] <-6.96 -20.10 -2.32> result: 84.14
[11:55:24.676] [ARM-RX] 96.89 -84.21 5.87 91.09 0.00
[11:55:24.676] [ARM-RX] [59] <-7.30 -21.08 -2.43> result: 83.94 97.17 -83.91 6.06 91.08 0.00
[11:55:24.676] [ARM-RX] [60] <-7.64 -22.08 -2.55> result: 83.74 97.46 -83.61 6.26 91.06 0.00
[11:55:24.676] [ARM-RX] [61] <-8.00 -23.12 -2.67> result: 83.55 97.75 -83.30 6.45 91.04 0.00
[11:55:24.677] [ARM-RX] [62] <-8.37 -24
[11:55:24.698] [ARM-RX] .18 -2.79> result: 83.35 98.04 -82.98 6.65 91.02 0.00
[11:55:24.698] [ARM-RX] [63] <-8.75 -25.27 -2.92> result: 83.16 98.34 -82.66 6.84 90.99 0.00
[11:55:24.699] [ARM-RX] [64] <-9.14 -26.39 -3.05> result: 82.96 98.64 -82.32 7.04 90.95 0.00
[11:55:24.699] [ARM-RX] [65] <-9.53 -27.54 -3.18> result: 82.77 98.95 -81.97 7.23 90.
[11:55:24.722] [ARM-RX] 91 0.00
[11:55:24.722] [ARM-RX] [66] <-9.94 -28.71 -3.31> result: 82.58 99.26 -81.62 7.42 90.87 0.00
[11:55:24.722] [ARM-RX] [67] <-10.36 -29.92 -3.45> result: 82.39 99.57 -81.25 7.61 90.82 0.00
[11:55:24.722] [ARM-RX] [68] <-10.78 -31.15 -3.59> result: 82.21 99.89 -80.87 7.79 90.76 0.00
[11:55:24.722] [ARM-RX] [69] <-11.22 -32.41 -3.74> result:
[11:55:24.746] [ARM-RX] 82.02 100.21 -80.49 7.98 90.70 0.00
[11:55:24.746] [ARM-RX] [70] <-11.66 -33.70 -3.89> result: 81.84 100.54 -80.10 8.16 90.63 0.00
[11:55:24.746] [ARM-RX] [71] <-12.12 -35.01 -4.04> result: 81.66 100.86 -79.69 8.34 90.55 0.00
[11:55:24.746] [ARM-RX] [72] <-12.59 -36.36 -4.20> result: 81.48 101.20 -79.28 8.52 90.47 0.00
[11:55:24.747] [ARM-RX] [73
[11:55:24.768] [ARM-RX] ] <-13.06 -37.73 -4.35> result: 81.30 101.53 -78.86 8.70 90.38 0.00
[11:55:24.768] [ARM-RX] [74] <-13.55 -39.13 -4.52> result: 81.13 101.87 -78.43 8.87 90.29 0.00
[11:55:24.769] [ARM-RX] [75] <-14.04 -40.56 -4.68> result: 80.95 102.21 -77.99 9.05 90.19 0.00
[11:55:24.769] [ARM-RX] [76] <-14.54 -42.01 -4.85> result: 80.79 10
[11:55:24.791] [ARM-RX] 2.55 -77.53 9.21 90.08 0.00
[11:55:24.791] [ARM-RX] [77] <-15.06 -43.50 -5.02> result: 80.62 102.90 -77.07 9.38 89.97 0.00
[11:55:24.791] [ARM-RX] [78] <-15.58 -45.01 -5.19> result: 80.45 103.24 -76.60 9.55 89.85 0.00
[11:55:24.791] [ARM-RX] [79] <-16.11 -46.54 -5.37> result: 80.29 103.60 -76.13 9.71 89.73 0.00
[11:55:24.791] [ARM-RX] [80] <-16.6
[11:55:24.827] [ARM-RX] 5 -48.11 -5.55> result: 80.13 103.95 -75.64 9.87 89.59 0.00
[11:55:24.827] [ARM-RX] [81] <-17.20 -49.70 -5.73> result: 79.98 104.31 -75.14 10.02 89.45 0.00
[11:55:24.827] [ARM-RX] [82] <-17.76 -51.32 -5.92> result: 79.82 104.67 -74.63 10.18 89.31 0.00
[11:55:24.828] [ARM-RX] [83] <-18.33 -52.96 -6.11> result: 79.67 105.03 -
[11:55:24.849] [ARM-RX] 74.11 10.33 89.16 0.00
[11:55:24.849] [ARM-RX] [84] <-18.91 -54.63 -6.30> result: 79.52 105.40 -73.59 10.48 89.00 0.00
[11:55:24.849] [ARM-RX] [85] <-19.50 -56.32 -6.50> result: 79.38 105.76 -73.05 10.62 88.84 0.00
[11:55:24.850] [ARM-RX] [86] <-20.09 -58.05 -6.70> result: 79.23 106.13 -72.51 10.77 88.67 0.00
[11:55:24.850] [ARM-RX] [87] <-20.70
[11:55:24.872] [ARM-RX] -59.79 -6.90> result: 79.09 106.51 -71.95 10.91 88.49 0.00
[11:55:24.873] [ARM-RX] [88] <-21.31 -61.56 -7.10> result: 78.96 106.88 -71.39 11.05 88.31 0.00
[11:55:24.873] [ARM-RX] [89] <-21.93 -63.36 -7.31> result: 78.82 107.26 -70.82 11.18 88.12 0.00
[11:55:24.873] [ARM-RX] [90] <-22.56 -65.18 -7.52> result: 78.69 107.64 -7
[11:55:24.895] [ARM-RX] 0.24 11.32 87.92 0.00
[11:55:24.895] [ARM-RX] [91] <-23.20 -67.02 -7.73> result: 78.56 108.03 -69.65 11.45 87.72 0.00
[11:55:24.895] [ARM-RX] [92] <-23.85 -68.89 -7.95> result: 78.43 108.41 -69.05 11.58 87.51 0.00
[11:55:24.895] [ARM-RX] [93] <-24.50 -70.78 -8.17> result: 78.31 108.80 -68.44 11.70 87.30 0.00
[11:55:24.896] [ARM-RX] [94] <-25.16 -
[11:55:24.918] [ARM-RX] 72.69 -8.39> result: 78.19 109.19 -67.82 11.83 87.08 0.00
[11:55:24.918] [ARM-RX] [95] <-25.83 -74.63 -8.61> result: 78.07 109.59 -67.19 11.95 86.85 0.00
[11:55:24.918] [ARM-RX] [96] <-26.51 -76.59 -8.84> result: 77.95 109.98 -66.56 12.07 86.62 0.00
[11:55:24.919] [ARM-RX] [97] <-27.20 -78.57 -9.07> result: 77.84 110.38 -65
[11:55:24.941] [ARM-RX] .92 12.19 86.38 0.00
[11:55:24.942] [ARM-RX] [98] <-27.89 -80.57 -9.30> result: 77.73 110.78 -65.27 12.30 86.14 0.00
[11:55:24.942] [ARM-RX] [99] <-28.59 -82.59 -9.53> result: 77.62 111.19 -64.60 12.41 85.89 0.00
[11:55:24.942] [ARM-RX] [100] <-29.30 -84.63 -9.77> result: 77.51 111.59 -63.94 12.53 85.64 0.00
[11:55:24.942] [ARM-RX] [101] <-30.01
[11:55:24.964] [ARM-RX] -86.70 -10.00> result: 77.41 112.00 -63.26 12.64 85.38 0.00
[11:55:24.964] [ARM-RX] [102] <-30.73 -88.78 -10.24> result: 77.30 112.41 -62.57 12.74 85.11 0.00
[11:55:24.964] [ARM-RX] [103] <-31.46 -90.88 -10.49> result: 77.20 112.83 -61.88 12.85 84.84 0.00
[11:55:24.964] [ARM-RX] [104] <-32.19 -92.99 -10.73> result: 77.11 11
[11:55:24.988] [ARM-RX] 3.24 -61.18 12.95 84.56 0.00
[11:55:24.988] [ARM-RX] [105] <-32.93 -95.13 -10.98> result: 77.01 113.66 -60.47 13.06 84.28 0.00
[11:55:24.988] [ARM-RX] [106] <-33.68 -97.28 -11.23> result: 76.92 114.08 -59.75 13.16 84.00 0.00
[11:55:24.988] [ARM-RX] [107] <-34.43 -99.46 -11.48> result: 76.83 114.50 -59.03 13.25 83.70 0.00
[11:55:24.989] [ARM-RX] [
[11:55:25.022] [ARM-RX] 108] <-35.18 -101.64 -11.73> result: 76.74 114.93 -58.30 13.35 83.41 0.00
[11:55:25.023] [ARM-RX] [109] <-35.95 -103.84 -11.98> result: 76.65 115.36 -57.56 13.45 83.11 0.00
[11:55:25.023] [ARM-RX] [110] <-36.71 -106.06 -12.24> result: 76.57 115.79 -56.81 13.54 82.80 0.00
[11:55:25.023] [ARM-RX] [111] <-37.49 -108.29 -12.50>
[11:55:25.044] [ARM-RX] result: 76.48 116.22 -56.05 13.64 82.49 0.00
[11:55:25.044] [ARM-RX] [112] <-38.26 -110.54 -12.75> result: 76.40 116.65 -55.29 13.73 82.17 0.00
[11:55:25.046] [ARM-RX] [113] <-39.05 -112.80 -13.02> result: 76.32 117.09 -54.52 13.82 81.85 0.00
[11:55:25.046] [ARM-RX] [114] <-39.83 -115.07 -13.28> result: 76.24 117.53 -53.75
[11:55:25.069] [ARM-RX] 13.91 81.52 0.00
[11:55:25.069] [ARM-RX] [115] <-40.62 -117.36 -13.54> result: 76.17 117.97 -52.96 14.00 81.19 0.00
[11:55:25.069] [ARM-RX] [116] <-41.42 -119.65 -13.81> result: 76.09 118.41 -52.17 14.09 80.86 0.00
[11:55:25.070] [ARM-RX] [117] <-42.22 -121.96 -14.07> result: 76.02 118.86 -51.37 14.18 80.52 0.00
[11:55:25.070] [ARM-RX] [118] <-4
[11:55:25.092] [ARM-RX] 3.02 -124.28 -14.34> result: 75.95 119.30 -50.57 14.26 80.18 0.00
[11:55:25.092] [ARM-RX] [119] <-43.83 -126.61 -14.61> result: 75.88 119.75 -49.76 14.35 79.83 0.00
[11:55:25.092] [ARM-RX] [120] <-44.63 -128.95 -14.88> result: 75.81 120.20 -48.94 14.43 79.48 0.00
[11:55:25.092] [ARM-RX] [121] <-45.00 -130.00 -15.00> result:
[11:55:25.114] [ARM-RX] 75.78 120.41 -48.57 14.47 79.32 0.00
[11:55:25.115] [ARM-RX] [122] <-45.00 -130.00 -15.00> result: 75.78 120.41 -48.57 14.47 79.32 0.00
[11:55:25.115] [ARM-RX] [123] <-45.00 -130.00 -15.00> result: 75.78 120.41 -48.57 14.47 79.32 0.00
[11:55:25.115] [ARM-RX] [124] <-45.00 -130.00 -15.00> result: 75.78 120.41 -48.57 14.47 7
[11:55:25.138] [ARM-RX] 9.32 0.00
[11:55:25.138] [ARM-RX] [125] <-45.00 -130.00 -15.00> result: 75.78 120.41 -48.57 14.47 79.32 0.00
[11:55:25.139] [ARM-RX] [126] <-45.00 -130.00 -15.00> result: 75.78 120.41 -48.57 14.47 79.32 0.00
[11:55:25.139] [ARM-RX] [127] <-45.00 -130.00 -15.00> result: 75.78 120.41 -48.57 14.47 79.32 0.00
[11:55:25.139] [ARM-RX] [128] <-45.00 -13
[11:55:25.161] [ARM-RX] 0.00 -15.00> result: 75.78 120.41 -48.57 14.47 79.32 0.00
[11:55:25.161] [ARM-RX] [129] <-45.00 -130.00 -15.00> result: 75.78 120.41 -48.57 14.47 79.32 0.00
[11:55:25.161] [ARM-RX] [130] <-45.00 -130.00 -15.00> result: 75.78 120.41 -48.57 14.47 79.32 0.00
[11:55:25.162] [ARM-RX] [131] <-45.00 -130.00 -15.00> result: 75.78 1
[11:55:25.195] [ARM-RX] 20.41 -48.57 14.47 79.32 0.00
[11:55:25.196] [ARM-RX] [132] <-45.00 -130.00 -15.00> result: 75.78 120.41 -48.57 14.47 79.32 0.00
[11:55:25.196] [ARM-RX] [133] <-45.00 -130.00 -15.00> result: 75.78 120.41 -48.57 14.47 79.32 0.00
[11:55:25.196] [ARM-RX] [134] <-45.00 -130.00 -15.00> result: 75.78 120.41 -48.57 14.47 79.32 0.0
[11:55:25.218] [ARM-RX] 0
[11:55:25.219] [ARM-RX] [135] <-45.00 -130.00 -15.00> result: 75.78 120.41 -48.57 14.47 79.32 0.00
[11:55:25.219] [ARM-RX] [136] <-45.00 -130.00 -15.00> result: 75.78 120.41 -48.57 14.47 79.32 0.00
[11:55:25.219] [ARM-RX] [137] <-45.00 -130.00 -15.00> result: 75.78 120.41 -48.57 14.47 79.32 0.00
[11:55:25.219] [ARM-RX] [138] <-45.00 -130.00 -15
[11:55:25.241] [ARM-RX] .00> result: 75.78 120.41 -48.57 14.47 79.32 0.00
[11:55:25.242] [ARM-RX] [139] <-45.00 -130.00 -15.00> result: 75.78 120.41 -48.57 14.47 79.32 0.00
[11:55:25.242] [ARM-RX] [140] <-45.00 -130.00 -15.00> result: 75.78 120.41 -48.57 14.47 79.32 0.00
[11:55:25.242] [ARM-RX] [141] <-45.00 -130.00 -15.00> result: 75.78 120.41 -4
[11:55:25.265] [ARM-RX] 8.57 14.47 79.32 0.00
[11:55:25.265] [ARM-RX] [142] <-45.00 -130.00 -15.00> result: 75.78 120.41 -48.57 14.47 79.32 0.00
[11:55:25.266] [ARM-RX] [143] <-45.00 -130.00 -15.00> result: 75.78 120.41 -48.57 14.47 79.32 0.00
[11:55:25.266] [ARM-RX] [144] <-45.00 -130.00 -15.00> result: 75.78 120.41 -48.57 14.47 79.32 0.00
[11:55:25.266] [ARM-RX] [145]
[11:55:25.287] [ARM-RX] <-45.00 -130.00 -15.00> result: 75.78 120.41 -48.57 14.47 79.32 0.00
[11:55:25.288] [ARM-RX] [146] <-45.00 -130.00 -15.00> result: 75.78 120.41 -48.57 14.47 79.32 0.00
[11:55:25.288] [ARM-RX] [147] <-45.00 -130.00 -15.00> result: 75.78 120.41 -48.57 14.47 79.32 0.00
[11:55:25.288] [ARM-RX] [148] <-45.00 -130.00 -15.00> res
[11:55:25.312] [ARM-RX] ult: 75.78 120.41 -48.57 14.47 79.32 0.00
[11:55:25.312] [ARM-RX] [149] <-45.00 -130.00 -15.00> result: 75.78 120.41 -48.57 14.47 79.32 0.00
[11:55:25.313] [ARM-RX] [150] <-45.00 -130.00 -15.00> result: 75.78 120.41 -48.57 14.47 79.32 0.00
[11:55:25.313] [ARM-RX] [151] <-45.00 -130.00 -15.00> result: 75.78 120.41 -48.57 14.
[11:55:25.334] [ARM-RX] 47 79.32 0.00
[11:55:25.334] [ARM-RX] [152] <-45.00 -130.00 -15.00> result: 75.78 120.41 -48.57 14.47 79.32 0.00
[11:55:25.334] [ARM-RX] [153] <-45.00 -130.00 -15.00> result: 75.78 120.41 -48.57 14.47 79.32 0.00
[11:55:25.334] [ARM-RX] [154] <-45.00 -130.00 -15.00> result: 75.78 120.41 -48.57 14.47 79.32 0.00
[11:55:25.335] [ARM-RX] [155] <-45.00
[11:55:25.356] [ARM-RX] -130.00 -15.00> result: 75.78 120.41 -48.57 14.47 79.32 0.00
[11:55:25.356] [ARM-RX] [156] <-45.00 -130.00 -15.00> result: 75.78 120.41 -48.57 14.47 79.32 0.00
[11:55:25.358] [ARM-RX] [157] <-45.00 -130.00 -15.00> result: 75.78 120.41 -48.57 14.47 79.32 0.00
[11:55:25.358] [ARM-RX] [158] <-45.00 -130.00 -15.00> result: 75.
[11:55:25.392] [ARM-RX] 78 120.41 -48.57 14.47 79.32 0.00
[11:55:25.393] [ARM-RX] [159] <-45.00 -130.00 -15.00> result: 75.78 120.41 -48.57 14.47 79.32 0.00
[11:55:25.393] [ARM-RX] [160] <-45.00 -130.00 -15.00> result: 75.78 120.41 -48.57 14.47 79.32 0.00
[11:55:25.393] [ARM-RX] [161] <-45.00 -130.00 -15.00> result: 75.78 120.41 -48.57 14.47 79.32
[11:55:25.415] [ARM-RX] 0.00
[11:55:25.415] [ARM-RX] [162] <-45.00 -130.00 -15.00> result: 75.78 120.41 -48.57 14.47 79.32 0.00
[11:55:25.419] [ARM-RX] [163] <-45.00 -130.00 -15.00> result: 75.78 120.41 -48.57 14.47 79.32 0.00
[11:55:25.419] [ARM-RX] [164] <-45.00 -130.00 -15.00> result: 75.78 120.41 -48.57 14.47 79.32 0.00
[11:55:25.419] [ARM-RX] [165] <-45.00 -130.00
[11:55:25.438] [ARM-RX] -15.00> result: 75.78 120.41 -48.57 14.47 79.32 0.00
[11:55:25.438] [ARM-RX] [166] <-45.00 -130.00 -15.00> result: 75.78 120.41 -48.57 14.47 79.32 0.00
[11:55:25.439] [ARM-RX] [167] <-45.00 -130.00 -15.00> result: 75.78 120.41 -48.57 14.47 79.32 0.00
[11:55:25.439] [ARM-RX] [168] <-45.00 -130.00 -15.00> result: 75.78 120.4
[11:55:25.462] [ARM-RX] 1 -48.57 14.47 79.32 0.00
[11:55:25.462] [ARM-RX] [169] <-45.00 -130.00 -15.00> result: 75.78 120.41 -48.57 14.47 79.32 0.00
[11:55:25.462] [ARM-RX] [170] <-45.00 -130.00 -15.00> result: 75.78 120.41 -48.57 14.47 79.32 0.00
[11:55:25.463] [ARM-RX] [171] <-45.00 -130.00 -15.00> result: 75.78 120.41 -48.57 14.47 79.32 0.00
[11:55:25.463] [ARM-RX] [
[11:55:25.485] [ARM-RX] 172] <-45.00 -130.00 -15.00> result: 75.78 120.41 -48.57 14.47 79.32 0.00
[11:55:25.485] [ARM-RX] [173] <-45.00 -130.00 -15.00> result: 75.78 120.41 -48.57 14.47 79.32 0.00
[11:55:25.485] [ARM-RX] [174] <-45.00 -130.00 -15.00> result: 75.78 120.41 -48.57 14.47 79.32 0.00
[11:55:25.485] [ARM-RX] [175] <-45.00 -130.00 -15.00>
[11:55:25.507] [ARM-RX] result: 75.78 120.41 -48.57 14.47 79.32 0.00
[11:55:25.508] [ARM-RX] [176] <-45.00 -130.00 -15.00> result: 75.78 120.41 -48.57 14.47 79.32 0.00
[11:55:25.508] [ARM-RX] [177] <-45.00 -130.00 -15.00> result: 75.78 120.41 -48.57 14.47 79.32 0.00
[11:55:25.508] [ARM-RX] [178] <-45.00 -130.00 -15.00> result: 75.78 120.41 -48.57
[11:55:25.531] [ARM-RX] 14.47 79.32 0.00
[11:55:25.531] [ARM-RX] [179] <-45.00 -130.00 -15.00> result: 75.78 120.41 -48.57 14.47 79.32 0.00
[11:55:25.531] [ARM-RX] [180] <-45.00 -130.00 -15.00> result: 75.78 120.41 -48.57 14.47 79.32 0.00
[11:55:25.531] [ARM-RX] [181] <-45.00 -130.00 -15.00> result: 75.78 120.41 -48.57 14.47 79.32 0.00
[11:55:25.532] [ARM-RX] [182] <-4
[11:55:25.566] [ARM-RX] 5.00 -130.00 -15.00> result: 75.78 120.41 -48.57 14.47 79.32 0.00
[11:55:25.566] [ARM-RX] [183] <-45.00 -130.00 -15.00> result: 75.78 120.41 -48.57 14.47 79.32 0.00
[11:55:25.566] [ARM-RX] [184] <-45.00 -130.00 -15.00> result: 75.78 120.41 -48.57 14.47 79.32 0.00
[11:55:25.566] [ARM-RX] [185] <-45.00 -130.00 -15.00> result:
[11:55:25.589] [ARM-RX] 75.78 120.41 -48.57 14.47 79.32 0.00
[11:55:25.590] [ARM-RX] [186] <-45.00 -130.00 -15.00> result: 75.78 120.41 -48.57 14.47 79.32 0.00
[11:55:25.590] [ARM-RX] [187] <-45.00 -130.00 -15.00> result: 75.78 120.41 -48.57 14.47 79.32 0.00
[11:55:25.590] [ARM-RX] [188] <-45.00 -130.00 -15.00> result: 75.78 120.41 -48.57 14.47 7
[11:55:25.611] [ARM-RX] 9.32 0.00
[11:55:25.613] [ARM-RX] [189] <-45.00 -130.00 -15.00> result: 75.78 120.41 -48.57 14.47 79.32 0.00
[11:55:25.613] [ARM-RX] [190] <-45.00 -130.00 -15.00> result: 75.78 120.41 -48.57 14.47 79.32 0.00
[11:55:25.613] [ARM-RX] [191] <-45.00 -130.00 -15.00> result: 75.78 120.41 -48.57 14.47 79.32 0.00
[11:55:25.613] [ARM-RX] [192] <-45.00 -13
[11:55:25.634] [ARM-RX] 0.00 -15.00> result: 75.78 120.41 -48.57 14.47 79.32 0.00
[11:55:25.635] [ARM-RX] [193] <-45.00 -130.00 -15.00> result: 75.78 120.41 -48.57 14.47 79.32 0.00
[11:55:25.635] [ARM-RX] [194] <-45.00 -130.00 -15.00> result: 75.78 120.41 -48.57 14.47 79.32 0.00
[11:55:25.635] [ARM-RX] [195] <-45.00 -130.00 -15.00> result: 75.78 1
[11:55:25.658] [ARM-RX] 20.41 -48.57 14.47 79.32 0.00
[11:55:25.658] [ARM-RX] [196] <-45.00 -130.00 -15.00> result: 75.78 120.41 -48.57 14.47 79.32 0.00
[11:55:25.659] [ARM-RX] [197] <-45.00 -130.00 -15.00> result: 75.78 120.41 -48.57 14.47 79.32 0.00
[11:55:25.659] [ARM-RX] [198] <-45.00 -130.00 -15.00> result: 75.78 120.41 -48.57 14.47 79.32 0.0
[11:55:25.680] [ARM-RX] 0
[11:55:25.682] [ARM-RX] [199] <-45.00 -130.00 -15.00> result: 75.78 120.41 -48.57 14.47 79.32 0.00
[11:55:25.682] [ARM-RX] [200] <-45.00 -130.00 -15.00> result: 75.78 120.41 -48.57 14.47 79.32 0.00
[11:55:25.682] [ARM-RX] [201] <-45.00 -130.00 -15.00> result: 75.78 120.41 -48.57 14.47 79.32 0.00
[11:55:25.682] [ARM-RX] [202] <-45.00 -130.00 -15
[11:55:25.705] [ARM-RX] .00> result: 75.78 120.41 -48.57 14.47 79.32 0.00
[11:55:25.705] [ARM-RX] [203] <-45.00 -130.00 -15.00> result: 75.78 120.41 -48.57 14.47 79.32 0.00
[11:55:25.705] [ARM-RX] [204] <-45.00 -130.00 -15.00> result: 75.78 120.41 -48.57 14.47 79.32 0.00
[11:55:25.705] [ARM-RX] [205] <-45.00 -130.00 -15.00> result: 75.78 120.41 -4
[11:55:25.727] [ARM-RX] 8.57 14.47 79.32 0.00
[11:55:25.728] [ARM-RX] [206] <-45.00 -130.00 -15.00> result: 75.78 120.41 -48.57 14.47 79.32 0.00
[11:55:25.728] [ARM-RX] [207] <-45.00 -130.00 -15.00> result: 75.78 120.41 -48.57 14.47 79.32 0.00
[11:55:25.728] [ARM-RX] [208] <-45.00 -130.00 -15.00> result: 75.78 120.41 -48.57 14.47 79.32 0.00
[11:55:25.728] [ARM-RX] [209]
[11:55:25.761] [ARM-RX] <-45.00 -130.00 -15.00> result: 75.78 120.41 -48.57 14.47 79.32 0.00
[11:55:25.762] [ARM-RX] [210] <-45.00 -130.00 -15.00> result: 75.78 120.41 -48.57 14.47 79.32 0.00
[11:55:25.762] [ARM-RX] [211] <-45.00 -130.00 -15.00> result: 75.78 120.41 -48.57 14.47 79.32 0.00
[11:55:25.762] [ARM-RX] [212] <-45.00 -130.00 -15.00> res
[11:55:25.785] [ARM-RX] ult: 75.78 120.41 -48.57 14.47 79.32 0.00
[11:55:25.785] [ARM-RX] [213] <-45.00 -130.00 -15.00> result: 75.78 120.41 -48.57 14.47 79.32 0.00
[11:55:25.786] [ARM-RX] [214] <-45.00 -130.00 -15.00> result: 75.78 120.41 -48.57 14.47 79.32 0.00
[11:55:25.786] [ARM-RX] [215] <-45.00 -130.00 -15.00> result: 75.78 120.41 -48.57 14.
[11:55:25.809] [ARM-RX] 47 79.32 0.00
[11:55:25.809] [ARM-RX] [216] <-45.00 -130.00 -15.00> result: 75.78 120.41 -48.57 14.47 79.32 0.00
[11:55:25.809] [ARM-RX] [217] <-45.00 -130.00 -15.00> result: 75.78 120.41 -48.57 14.47 79.32 0.00
[11:55:25.809] [ARM-RX] [218] <-45.00 -130.00 -15.00> result: 75.78 120.41 -48.57 14.47 79.32 0.00
[11:55:25.809] [ARM-RX] [219] <-45.00
[11:55:25.831] [ARM-RX] -130.00 -15.00> result: 75.78 120.41 -48.57 14.47 79.32 0.00
[11:55:25.832] [ARM-RX] [220] <-45.00 -130.00 -15.00> result: 75.78 120.41 -48.57 14.47 79.32 0.00
[11:55:25.832] [ARM-RX] [221] <-45.00 -130.00 -15.00> result: 75.78 120.41 -48.57 14.47 79.32 0.00
[11:55:25.832] [ARM-RX] [222] <-45.00 -130.00 -15.00> result: 75.
[11:55:25.855] [ARM-RX] 78 120.41 -48.57 14.47 79.32 0.00
[11:55:25.855] [ARM-RX] [223] <-45.00 -130.00 -15.00> result: 75.78 120.41 -48.57 14.47 79.32 0.00
[11:55:25.855] [ARM-RX] [224] <-45.00 -130.00 -15.00> result: 75.78 120.41 -48.57 14.47 79.32 0.00
[11:55:25.855] [ARM-RX] [225] <-45.00 -130.00 -15.00> result: 75.78 120.41 -48.57 14.47 79.32
[11:55:25.878] [ARM-RX] 0.00
[11:55:25.878] [ARM-RX] [226] <-45.00 -130.00 -15.00> result: 75.78 120.41 -48.57 14.47 79.32 0.00
[11:55:25.878] [ARM-RX] [227] <-45.00 -130.00 -15.00> result: 75.78 120.41 -48.57 14.47 79.32 0.00
[11:55:25.878] [ARM-RX] [228] <-45.00 -130.00 -15.00> result: 75.78 120.41 -48.57 14.47 79.32 0.00
[11:55:25.878] [ARM-RX] [229] <-45.00 -130.00
[11:55:25.901] [ARM-RX] -15.00> result: 75.78 120.41 -48.57 14.47 79.32 0.00
[11:55:25.901] [ARM-RX] [230] <-45.00 -130.00 -15.00> result: 75.78 120.41 -48.57 14.47 79.32 0.00
[11:55:25.901] [ARM-RX] [231] <-45.00 -130.00 -15.00> result: 75.78 120.41 -48.57 14.47 79.32 0.00
[11:55:25.901] [ARM-RX] [232] <-45.00 -130.00 -15.00> result: 75.78 120.4
[11:55:25.935] [ARM-RX] 1 -48.57 14.47 79.32 0.00
[11:55:25.935] [ARM-RX] [233] <-45.00 -130.00 -15.00> result: 75.78 120.41 -48.57 14.47 79.32 0.00
[11:55:25.936] [ARM-RX] [234] <-45.00 -130.00 -15.00> result: 75.78 120.41 -48.57 14.47 79.32 0.00
[11:55:25.936] [ARM-RX] [235] <-45.00 -130.00 -15.00> result: 75.78 120.41 -48.57 14.47 79.32 0.00
[11:55:25.936] [ARM-RX] [
[11:55:25.960] [ARM-RX] 236] <-45.00 -130.00 -15.00> result: 75.78 120.41 -48.57 14.47 79.32 0.00
[11:55:25.960] [ARM-RX] [237] <-45.00 -130.00 -15.00> result: 75.78 120.41 -48.57 14.47 79.32 0.00
[11:55:25.960] [ARM-RX] [238] <-45.00 -130.00 -15.00> result: 75.78 120.41 -48.57 14.47 79.32 0.00
[11:55:25.960] [ARM-RX] [239] <-45.00 -130.00 -15.00>
[11:55:25.981] [ARM-RX] result: 75.78 120.41 -48.57 14.47 79.32 0.00
[11:55:25.982] [ARM-RX] [240] <-45.00 -130.00 -15.00> result: 75.78 120.41 -48.57 14.47 79.32 0.00
[11:55:25.986] [ARM-RX] [241] <-45.00 -130.00 -15.00> result: 75.78 120.41 -48.57 14.47 79.32 0.00
[11:55:25.986] [ARM-RX] [242] <-45.00 -130.00 -15.00> result: 75.78 120.41 -48.57
[11:55:26.006] [ARM-RX] 14.47 79.32 0.00
[11:55:26.007] [ARM-RX] [243] <-45.00 -130.00 -15.00> result: 75.78 120.41 -48.57 14.47 79.32 0.00
[11:55:26.007] [ARM-RX] [244] <-45.00 -130.00 -15.00> result: 75.78 120.41 -48.57 14.47 79.32 0.00
[11:55:26.007] [ARM-RX] [245] <-45.00 -130.00 -15.00> result: 75.78 120.41 -48.57 14.47 79.32 0.00
[11:55:26.007] [ARM-RX] [246] <-4
[11:55:26.028] [ARM-RX] 5.00 -130.00 -15.00> result: 75.78 120.41 -48.57 14.47 79.32 0.00
[11:55:26.028] [ARM-RX] [247] <-45.00 -130.00 -15.00> result: 75.78 120.41 -48.57 14.47 79.32 0.00
[11:55:26.028] [ARM-RX] [248] <-45.00 -130.00 -15.00> result: 75.78 120.41 -48.57 14.47 79.32 0.00
[11:55:26.028] [ARM-RX] [249] <-45.00 -130.00 -15.00> result:
[11:55:26.051] [ARM-RX] 75.78 120.41 -48.57 14.47 79.32 0.00
[11:55:26.051] [ARM-RX] [250] <-45.00 -130.00 -15.00> result: 75.78 120.41 -48.57 14.47 79.32 0.00
[11:55:26.051] [ARM-RX] [251] <-45.00 -130.00 -15.00> result: 75.78 120.41 -48.57 14.47 79.32 0.00
[11:55:26.052] [ARM-RX] [252] <-45.00 -130.00 -15.00> result: 75.78 120.41 -48.57 14.47 7
[11:55:26.074] [ARM-RX] 9.32 0.00
[11:55:26.074] [ARM-RX] [253] <-45.00 -130.00 -15.00> result: 75.78 120.41 -48.57 14.47 79.32 0.00
[11:55:26.074] [ARM-RX] [254] <-45.00 -130.00 -15.00> result: 75.78 120.41 -48.57 14.47 79.32 0.00
[11:55:26.075] [ARM-RX] [255] <-45.00 -130.00 -15.00> result: 75.78 120.41 -48.57 14.47 79.32 0.00
[11:55:26.075] [ARM-RX] [256] <-45.00 -13
[11:55:26.097] [ARM-RX] 0.00 -15.00> result: 75.78 120.41 -48.57 14.47 79.32 0.00
[11:55:26.097] [ARM-RX] [257] <-45.00 -130.00 -15.00> result: 75.78 120.41 -48.57 14.47 79.32 0.00
[11:55:26.098] [ARM-RX] [258] <-45.00 -130.00 -15.00> result: 75.78 120.41 -48.57 14.47 79.32 0.00
[11:55:26.098] [ARM-RX] [259] <-45.00 -130.00 -15.00> result: 75.78 1
[11:55:26.132] [ARM-RX] 20.41 -48.57 14.47 79.32 0.00
[11:55:26.132] [ARM-RX] [260] <-45.00 -130.00 -15.00> result: 75.78 120.41 -48.57 14.47 79.32 0.00
[11:55:26.132] [ARM-RX] [261] <-45.00 -130.00 -15.00> result: 75.78 120.41 -48.57 14.47 79.32 0.00
[11:55:26.132] [ARM-RX] [262] <-45.00 -130.00 -15.00> result: 75.78 120.41 -48.57 14.47 79.32 0.0
[11:55:26.154] [ARM-RX] 0
[11:55:26.154] [ARM-RX] [263] <-45.00 -130.00 -15.00> result: 75.78 120.41 -48.57 14.47 79.32 0.00
[11:55:26.156] [ARM-RX] [264] <-45.00 -130.00 -15.00> result: 75.78 120.41 -48.57 14.47 79.32 0.00
[11:55:26.156] [ARM-RX] [265] <-45.00 -130.00 -15.00> result: 75.78 120.41 -48.57 14.47 79.32 0.00
[11:55:26.156] [ARM-RX] [266] <-45.00 -130.00 -15
[11:55:26.216] [ARM-RX] .00> result: 75.78 120.41 -48.57 14.47 79.32 0.00
[11:55:26.216] [ARM-RX] [267] <-45.00 -130.00 -15.00> result: 75.78 120.41 -48.57 14.47 79.32 0.00
[11:55:29.031] [ARM-RX] [joint 1] ave_error:0.44
[11:55:29.031] [ARM-RX] [joint 2] ave_error:7.33
[11:55:29.031] [ARM-RX] [joint 3] ave_error:8.08
[11:55:29.031] [ARM-RX] [joint 4] ave_error:0.54
[11:55:29.031] [ARM-RX] [joint 5] ave_error:1.12
[11:55:29.032] [ARM-RX] robot pid run finished!!
[11:55:29.677] [ARM-TX] 发送命令 soft_reset: soft_reset
[11:55:29.721] [ARM-RX] Found handler for 'soft_reset', executing...
[11:55:29.814] [ARM-RX] AUTO final confirm failed: joint 2 err=12.79deg tol=3.00, pose invalid.
[11:55:29.816] [ARM-RX] J1 cur=75.86 target=75.78 err=-0.07
[11:55:29.816] [ARM-RX] J2 cur=131.59 target=120.41 err=-11.19
[11:55:29.816] [ARM-RX] J3 cur=-35.79 target=-48.57 err=-12.79
[11:55:29.816] [ARM-RX] J4 cur=14.57 target=14.47 err=-0.09
[11:55:29.816] [ARM-RX] J5 cur=79.05 target
[11:55:29.878] [ARM-RX] =79.32 err=0.27
[11:55:29.880] [ARM-RX] ROBOT_SOFT_RESET_EVENT
[11:55:29.880] [ARM-RX] --- Starting soft reset ---
[11:55:30.062] [ARM-RX] Soft reset motors enabled (J1~J5, J6 skipped).
[11:55:30.062] [ARM-RX] Soft resetting joint 4...
[11:55:30.062] [ARM-RX] robot_update_current_angle 4...
[11:55:30.062] [ARM-RX] [4] current:79.05, target:90.00, dir:1
[11:55:31.177] [ARM-RX] Soft resetting joint 3...
[11:55:31.177] [ARM-RX] robot_update_current_angle 3...
[11:55:31.177] [ARM-RX] [3] current:14.57, target:0.00, dir:-1
[11:55:32.796] [ARM-RX] soft reset joint 3 settle timeout, keep going
[11:55:32.796] [ARM-RX] Soft resetting joint 1...
[11:55:32.796] [ARM-RX] robot_update_current_angle 1...
[11:55:32.796] [ARM-RX] [1] current:131.58, target:90.00, dir:-1
[11:55:35.038] [ARM-RX] soft reset joint 1 settle timeout, keep going
[11:55:35.038] [ARM-RX] Soft resetting joint 2...
[11:55:35.038] [ARM-RX] robot_update_current_angle 2...
[11:55:35.038] [ARM-RX] [2] current:-35.80, target:-90.00, dir:-1
[11:55:37.545] [ARM-RX] soft reset joint 2 settle timeout, keep going
[11:55:37.545] [ARM-RX] Soft resetting joint 0...
[11:55:37.608] [ARM-RX] robot_update_current_angle 0...
[11:55:37.608] [ARM-RX] [0] current:75.86, target:90.00, dir:1
[11:55:39.103] [ARM-RX] soft reset joint 0 settle timeout, keep going
[11:55:39.103] [ARM-RX] soft reset verify not pass, start refine loop...
[11:55:39.349] [ARM-RX] soft reset refine pass 1 success.
[11:55:39.350] [ARM-RX] soft reset final verify PASS (issues:4), pose set HOME.
[11:55:41.526] [ARM-TX] 发送命令 soft_reset: soft_reset
[11:55:41.657] [ARM-RX] Found handler for 'soft_reset', executing...
[11:55:41.657] [ARM-RX] ROBOT_SOFT_RESET_EVENT
[11:55:41.657] [ARM-RX] --- Starting soft reset ---
[11:55:41.844] [ARM-RX] Soft reset motors enabled (J1~J5, J6 skipped).
[11:55:41.845] [ARM-RX] Soft resetting joint 4...
[11:55:41.906] [ARM-RX] robot_update_current_angle 4...
[11:55:41.906] [ARM-RX] [4] current:90.00, target:90.00, dir:1
[11:55:42.031] [ARM-RX] Soft resetting joint 3...
[11:55:42.031] [ARM-RX] robot_update_current_angle 3...
[11:55:42.033] [ARM-RX] [3] current:-0.00, target:0.00, dir:1
[11:55:42.155] [ARM-RX] Soft resetting joint 1...
[11:55:42.156] [ARM-RX] robot_update_current_angle 1...
[11:55:42.156] [ARM-RX] [1] current:90.00, target:90.00, dir:1
[11:55:42.279] [ARM-RX] Soft resetting joint 2...
[11:55:42.343] [ARM-RX] robot_update_current_angle 2...
[11:55:42.343] [ARM-RX] [2] current:-89.99, target:-90.00, dir:-1
[11:55:42.470] [ARM-RX] Soft resetting joint 0...
[11:55:42.470] [ARM-RX] robot_update_current_angle 0...
[11:55:42.470] [ARM-RX] [0] current:90.00, target:90.00, dir:1
[11:55:42.719] [ARM-RX] soft reset final verify PASS (issues:0), pose set HOME.
[11:55:46.610] [ARM-TX] 发送命令 auto -45 -130 -15: auto -45 -130 -15
[11:55:46.717] [ARM-RX] Found handler for 'auto', executing...
[11:55:46.717] [ARM-RX] ROBOT_AUTO_EVENT
[11:55:46.717] [ARM-RX] [0] <0.00 0.00 0.00> result: 90.00 90.00 -90.00 0.00 90.00 0.00
[11:55:46.717] [ARM-RX] [1] <-0.00 -0.00 -0.00> result: 90.00 90.00 -90.00 0.00 90.00 0.00
[11:55:46.718] [ARM-RX] [2] <-0.00 -0.00 -0.00> result: 90.00 90.00 -90.00
[11:55:46.746] [ARM-RX] 0.00 90.00 0.00
[11:55:46.747] [ARM-RX] [3] <-0.00 -0.00 -0.00> result: 90.00 90.00 -90.00 0.00 90.00 0.00
[11:55:46.747] [ARM-RX] [4] <-0.00 -0.01 -0.00> result: 90.00 90.00 -90.00 0.00 90.00 0.00
[11:55:46.747] [ARM-RX] [5] <-0.01 -0.02 -0.00> result: 89.99 90.01 -89.99 0.01 90.00 0.00
[11:55:46.747] [ARM-RX] [6] <-0.01 -0.03 -0.00> result: 89.
[11:55:46.769] [ARM-RX] 99 90.01 -89.99 0.01 90.00 0.00
[11:55:46.769] [ARM-RX] [7] <-0.02 -0.05 -0.01> result: 89.98 90.02 -89.99 0.02 90.01 0.00
[11:55:46.770] [ARM-RX] [8] <-0.02 -0.07 -0.01> result: 89.97 90.03 -89.98 0.03 90.01 0.00
[11:55:46.770] [ARM-RX] [9] <-0.03 -0.09 -0.01> result: 89.96 90.04 -89.97 0.04 90.01 0.00
[11:55:46.770] [ARM-RX] [10] <-0.04 -0.13 -
[11:55:46.792] [ARM-RX] 0.01> result: 89.95 90.05 -89.96 0.05 90.02 0.00
[11:55:46.792] [ARM-RX] [11] <-0.06 -0.17 -0.02> result: 89.93 90.07 -89.95 0.07 90.02 0.00
[11:55:46.793] [ARM-RX] [12] <-0.07 -0.21 -0.02> result: 89.91 90.09 -89.94 0.09 90.03 0.00
[11:55:46.793] [ARM-RX] [13] <-0.09 -0.27 -0.03> result: 89.89 90.11 -89.93 0.11 90.04 0.00
[11:55:46.819] [ARM-RX] [14] <-0.12 -0.33 -0.04> result: 89.86 90.14 -89.91 0.14 90.05 0.00
[11:55:46.819] [ARM-RX] [15] <-0.14 -0.41 -0.05> result: 89.83 90.17 -89.89 0.17 90.06 0.00
[11:55:46.819] [ARM-RX] [16] <-0.17 -0.49 -0.06> result: 89.80 90.20 -89.86 0.20 90.07 0.00
[11:55:46.820] [ARM-RX] [17] <-0.20 -0.59 -0.07> result: 89.76 90.24 -89
[11:55:46.838] [ARM-RX] .84 0.24 90.08 0.00
[11:55:46.840] [ARM-RX] [18] <-0.24 -0.69 -0.08> result: 89.72 90.28 -89.81 0.28 90.09 0.00
[11:55:46.840] [ARM-RX] [19] <-0.28 -0.81 -0.09> result: 89.67 90.33 -89.78 0.33 90.11 0.00
[11:55:46.840] [ARM-RX] [20] <-0.33 -0.94 -0.11> result: 89.62 90.39 -89.74 0.38 90.13 0.00
[11:55:46.840] [ARM-RX] [21] <-0.37 -1.08 -0.12> res
[11:55:46.863] [ARM-RX] ult: 89.56 90.44 -89.70 0.44 90.14 0.00
[11:55:46.864] [ARM-RX] [22] <-0.43 -1.24 -0.14> result: 89.50 90.51 -89.66 0.50 90.16 0.00
[11:55:46.864] [ARM-RX] [23] <-0.49 -1.41 -0.16> result: 89.43 90.58 -89.61 0.57 90.18 0.00
[11:55:46.864] [ARM-RX] [24] <-0.55 -1.60 -0.18> result: 89.36 90.65 -89.56 0.64 90.21 0.00
[11:55:46.864] [ARM-RX] [25] <-0
[11:55:46.886] [ARM-RX] .62 -1.80 -0.21> result: 89.28 90.73 -89.50 0.72 90.23 0.00
[11:55:46.887] [ARM-RX] [26] <-0.70 -2.01 -0.23> result: 89.20 90.82 -89.44 0.80 90.26 0.00
[11:55:46.887] [ARM-RX] [27] <-0.78 -2.25 -0.26> result: 89.11 90.91 -89.38 0.89 90.28 0.00
[11:55:46.887] [ARM-RX] [28] <-0.86 -2.50 -0.29> result: 89.01 91.01 -89.31 0.99
[11:55:46.918] [ARM-RX] 90.31 0.00
[11:55:46.918] [ARM-RX] [29] <-0.96 -2.77 -0.32> result: 88.91 91.11 -89.23 1.09 90.34 0.00
[11:55:46.919] [ARM-RX] [30] <-1.06 -3.05 -0.35> result: 88.81 91.22 -89.15 1.19 90.37 0.00
[11:55:46.919] [ARM-RX] [31] <-1.16 -3.36 -0.39> result: 88.69 91.34 -89.07 1.31 90.41 0.00
[11:55:46.919] [ARM-RX] [32] <-1.27 -3.68 -0.42> result: 88.5
[11:55:46.942] [ARM-RX] 8 91.46 -88.98 1.42 90.44 0.00
[11:55:46.942] [ARM-RX] [33] <-1.39 -4.02 -0.46> result: 88.46 91.59 -88.88 1.54 90.47 0.00
[11:55:46.942] [ARM-RX] [34] <-1.52 -4.38 -0.51> result: 88.33 91.73 -88.78 1.67 90.51 0.00
[11:55:46.943] [ARM-RX] [35] <-1.65 -4.77 -0.55> result: 88.20 91.88 -88.67 1.80 90.54 0.00
[11:55:46.943] [ARM-RX] [36] <-1.79 -5.17
[11:55:46.964] [ARM-RX] -0.60> result: 88.06 92.03 -88.55 1.94 90.58 0.00
[11:55:46.965] [ARM-RX] [37] <-1.94 -5.60 -0.65> result: 87.92 92.18 -88.43 2.08 90.61 0.00
[11:55:46.965] [ARM-RX] [38] <-2.09 -6.04 -0.70> result: 87.77 92.35 -88.31 2.23 90.65 0.00
[11:55:46.965] [ARM-RX] [39] <-2.25 -6.51 -0.75> result: 87.62 92.52 -88.17 2.38 90.69 0.0
[11:55:46.988] [ARM-RX] 0
[11:55:46.988] [ARM-RX] [40] <-2.42 -7.01 -0.81> result: 87.46 92.69 -88.03 2.54 90.72 0.00
[11:55:46.988] [ARM-RX] [41] <-2.60 -7.52 -0.87> result: 87.30 92.88 -87.88 2.70 90.76 0.00
[11:55:46.988] [ARM-RX] [42] <-2.79 -8.06 -0.93> result: 87.13 93.07 -87.73 2.87 90.79 0.00
[11:55:46.988] [ARM-RX] [43] <-2.98 -8.62 -0.99> result: 86.96 93.26 -
[11:55:47.011] [ARM-RX] 87.57 3.04 90.83 0.00
[11:55:47.012] [ARM-RX] [44] <-3.19 -9.21 -1.06> result: 86.79 93.46 -87.40 3.21 90.86 0.00
[11:55:47.012] [ARM-RX] [45] <-3.40 -9.82 -1.13> result: 86.61 93.67 -87.22 3.39 90.89 0.00
[11:55:47.012] [ARM-RX] [46] <-3.62 -10.45 -1.21> result: 86.44 93.89 -87.04 3.56 90.92 0.00
[11:55:47.012] [ARM-RX] [47] <-3.85 -11.11 -1.28>
[11:55:47.035] [ARM-RX] result: 86.25 94.11 -86.85 3.75 90.95 0.00
[11:55:47.035] [ARM-RX] [48] <-4.08 -11.80 -1.36> result: 86.07 94.33 -86.65 3.93 90.98 0.00
[11:55:47.036] [ARM-RX] [49] <-4.33 -12.51 -1.44> result: 85.88 94.56 -86.44 4.12 91.00 0.00
[11:55:47.036] [ARM-RX] [50] <-4.58 -13.24 -1.53> result: 85.69 94.80 -86.23 4.31 91.03 0.00
[11:55:47.036] [ARM-RX] [
[11:55:47.058] [ARM-RX] 51] <-4.85 -14.01 -1.62> result: 85.50 95.04 -86.01 4.50 91.05 0.00
[11:55:47.058] [ARM-RX] [52] <-5.12 -14.80 -1.71> result: 85.31 95.29 -85.77 4.69 91.06 0.00
[11:55:47.058] [ARM-RX] [53] <-5.40 -15.61 -1.80> result: 85.12 95.55 -85.53 4.89 91.08 0.00
[11:55:47.058] [ARM-RX] [54] <-5.70 -16.46 -1.90> result: 84.92 95.80 -
[11:55:47.081] [ARM-RX] 85.29 5.08 91.09 0.00
[11:55:47.081] [ARM-RX] [55] <-6.00 -17.32 -2.00> result: 84.73 96.07 -85.03 5.28 91.09 0.00
[11:55:47.081] [ARM-RX] [56] <-6.31 -18.22 -2.10> result: 84.53 96.34 -84.76 5.47 91.10 0.00
[11:55:47.081] [ARM-RX] [57] <-6.63 -19.15 -2.21> result: 84.33 96.61 -84.49 5.67 91.09 0.00
[11:55:47.082] [ARM-RX] [58] <-6.96 -20.10 -2.3
[11:55:47.116] [ARM-RX] 2> result: 84.14 96.89 -84.21 5.87 91.09 0.00
[11:55:47.116] [ARM-RX] [59] <-7.30 -21.08 -2.43> result: 83.94 97.17 -83.91 6.06 91.08 0.00
[11:55:47.117] [ARM-RX] [60] <-7.64 -22.08 -2.55> result: 83.74 97.46 -83.61 6.26 91.06 0.00
[11:55:47.117] [ARM-RX] [61] <-8.00 -23.12 -2.67> result: 83.55 97.75 -83.30 6.45 91.04 0.00
[11:55:47.139] [ARM-RX] [62] <-8.37 -24.18 -2.79> result: 83.35 98.04 -82.98 6.65 91.02 0.00
[11:55:47.139] [ARM-RX] [63] <-8.75 -25.27 -2.92> result: 83.16 98.34 -82.66 6.84 90.99 0.00
[11:55:47.139] [ARM-RX] [64] <-9.14 -26.39 -3.05> result: 82.96 98.64 -82.32 7.04 90.95 0.00
[11:55:47.140] [ARM-RX] [65] <-9.53 -27.54 -3.18> result: 82.77 98.95
[11:55:47.162] [ARM-RX] -81.97 7.23 90.91 0.00
[11:55:47.162] [ARM-RX] [66] <-9.94 -28.71 -3.31> result: 82.58 99.26 -81.62 7.42 90.87 0.00
[11:55:47.163] [ARM-RX] [67] <-10.36 -29.92 -3.45> result: 82.39 99.57 -81.25 7.61 90.82 0.00
[11:55:47.163] [ARM-RX] [68] <-10.78 -31.15 -3.59> result: 82.21 99.89 -80.87 7.79 90.76 0.00
[11:55:47.163] [ARM-RX] [69] <-11.22 -32.41
[11:55:47.185] [ARM-RX] -3.74> result: 82.02 100.21 -80.49 7.98 90.70 0.00
[11:55:47.185] [ARM-RX] [70] <-11.66 -33.70 -3.89> result: 81.84 100.54 -80.10 8.16 90.63 0.00
[11:55:47.185] [ARM-RX] [71] <-12.12 -35.01 -4.04> result: 81.66 100.86 -79.69 8.34 90.55 0.00
[11:55:47.186] [ARM-RX] [72] <-12.59 -36.36 -4.20> result: 81.48 101.20 -79.28 8.52
[11:55:47.207] [ARM-RX] 90.47 0.00
[11:55:47.208] [ARM-RX] [73] <-13.06 -37.73 -4.35> result: 81.30 101.53 -78.86 8.70 90.38 0.00
[11:55:47.208] [ARM-RX] [74] <-13.55 -39.13 -4.52> result: 81.13 101.87 -78.43 8.87 90.29 0.00
[11:55:47.208] [ARM-RX] [75] <-14.04 -40.56 -4.68> result: 80.95 102.21 -77.99 9.05 90.19 0.00
[11:55:47.208] [ARM-RX] [76] <-14.54 -42.01 -4.85>
[11:55:47.231] [ARM-RX] result: 80.79 102.55 -77.53 9.21 90.08 0.00
[11:55:47.231] [ARM-RX] [77] <-15.06 -43.50 -5.02> result: 80.62 102.90 -77.07 9.38 89.97 0.00
[11:55:47.231] [ARM-RX] [78] <-15.58 -45.01 -5.19> result: 80.45 103.24 -76.60 9.55 89.85 0.00
[11:55:47.232] [ARM-RX] [79] <-16.11 -46.54 -5.37> result: 80.29 103.60 -76.13 9.71 89.73 0
[11:55:47.254] [ARM-RX] .00
[11:55:47.254] [ARM-RX] [80] <-16.65 -48.11 -5.55> result: 80.13 103.95 -75.64 9.87 89.59 0.00
[11:55:47.254] [ARM-RX] [81] <-17.20 -49.70 -5.73> result: 79.98 104.31 -75.14 10.02 89.45 0.00
[11:55:47.255] [ARM-RX] [82] <-17.76 -51.32 -5.92> result: 79.82 104.67 -74.63 10.18 89.31 0.00
[11:55:47.255] [ARM-RX] [83] <-18.33 -52.96 -6.11> result
[11:55:47.288] [ARM-RX] : 79.67 105.03 -74.11 10.33 89.16 0.00
[11:55:47.289] [ARM-RX] [84] <-18.91 -54.63 -6.30> result: 79.52 105.40 -73.59 10.48 89.00 0.00
[11:55:47.289] [ARM-RX] [85] <-19.50 -56.32 -6.50> result: 79.38 105.76 -73.05 10.62 88.84 0.00
[11:55:47.289] [ARM-RX] [86] <-20.09 -58.05 -6.70> result: 79.23 106.13 -72.51 10.77 88.67 0.0
[11:55:47.311] [ARM-RX] 0
[11:55:47.311] [ARM-RX] [87] <-20.70 -59.79 -6.90> result: 79.09 106.51 -71.95 10.91 88.49 0.00
[11:55:47.313] [ARM-RX] [88] <-21.31 -61.56 -7.10> result: 78.96 106.88 -71.39 11.05 88.31 0.00
[11:55:47.313] [ARM-RX] [89] <-21.93 -63.36 -7.31> result: 78.82 107.26 -70.82 11.18 88.12 0.00
[11:55:47.313] [ARM-RX] [90] <-22.56 -65.18 -7.52> result:
[11:55:47.336] [ARM-RX] 78.69 107.64 -70.24 11.32 87.92 0.00
[11:55:47.336] [ARM-RX] [91] <-23.20 -67.02 -7.73> result: 78.56 108.03 -69.65 11.45 87.72 0.00
[11:55:47.337] [ARM-RX] [92] <-23.85 -68.89 -7.95> result: 78.43 108.41 -69.05 11.58 87.51 0.00
[11:55:47.337] [ARM-RX] [93] <-24.50 -70.78 -8.17> result: 78.31 108.80 -68.44 11.70 87.30 0.00
[11:55:47.358] [ARM-RX] [94] <-25.16 -72.69 -8.39> result: 78.19 109.19 -67.82 11.83 87.08 0.00
[11:55:47.360] [ARM-RX] [95] <-25.83 -74.63 -8.61> result: 78.07 109.59 -67.19 11.95 86.85 0.00
[11:55:47.360] [ARM-RX] [96] <-26.51 -76.59 -8.84> result: 77.95 109.98 -66.56 12.07 86.62 0.00
[11:55:47.360] [ARM-RX] [97] <-27.20 -78.57 -9.07> result:
[11:55:47.382] [ARM-RX] 77.84 110.38 -65.92 12.19 86.38 0.00
[11:55:47.382] [ARM-RX] [98] <-27.89 -80.57 -9.30> result: 77.73 110.78 -65.27 12.30 86.14 0.00
[11:55:47.382] [ARM-RX] [99] <-28.59 -82.59 -9.53> result: 77.62 111.19 -64.60 12.41 85.89 0.00
[11:55:47.382] [ARM-RX] [100] <-29.30 -84.63 -9.77> result: 77.51 111.59 -63.94 12.53 85.64 0.00
[11:55:47.405] [ARM-RX] [101] <-30.01 -86.70 -10.00> result: 77.41 112.00 -63.26 12.64 85.38 0.00
[11:55:47.405] [ARM-RX] [102] <-30.73 -88.78 -10.24> result: 77.30 112.41 -62.57 12.74 85.11 0.00
[11:55:47.405] [ARM-RX] [103] <-31.46 -90.88 -10.49> result: 77.20 112.83 -61.88 12.85 84.84 0.00
[11:55:47.406] [ARM-RX] [104] <-32.19 -92.99 -10.73>
[11:55:47.427] [ARM-RX] result: 77.11 113.24 -61.18 12.95 84.56 0.00
[11:55:47.428] [ARM-RX] [105] <-32.93 -95.13 -10.98> result: 77.01 113.66 -60.47 13.06 84.28 0.00
[11:55:47.428] [ARM-RX] [106] <-33.68 -97.28 -11.23> result: 76.92 114.08 -59.75 13.16 84.00 0.00
[11:55:47.428] [ARM-RX] [107] <-34.43 -99.46 -11.48> result: 76.83 114.50 -59.03 13.
[11:55:47.453] [ARM-RX] 25 83.70 0.00
[11:55:47.453] [ARM-RX] [108] <-35.18 -101.64 -11.73> result: 76.74 114.93 -58.30 13.35 83.41 0.00
[11:55:47.453] [ARM-RX] [109] <-35.95 -103.84 -11.98> result: 76.65 115.36 -57.56 13.45 83.11 0.00
[11:55:47.454] [ARM-RX] [110] <-36.71 -106.06 -12.24> result: 76.57 115.79 -56.81 13.54 82.80 0.00
[11:55:47.454] [ARM-RX] [111] <-37.49
[11:55:47.486] [ARM-RX] -108.29 -12.50> result: 76.48 116.22 -56.05 13.64 82.49 0.00
[11:55:47.486] [ARM-RX] [112] <-38.26 -110.54 -12.75> result: 76.40 116.65 -55.29 13.73 82.17 0.00
[11:55:47.487] [ARM-RX] [113] <-39.05 -112.80 -13.02> result: 76.32 117.09 -54.52 13.82 81.85 0.00
[11:55:47.487] [ARM-RX] [114] <-39.83 -115.07 -13.28> result: 76.
[11:55:47.509] [ARM-RX] 24 117.53 -53.75 13.91 81.52 0.00
[11:55:47.509] [ARM-RX] [115] <-40.62 -117.36 -13.54> result: 76.17 117.97 -52.96 14.00 81.19 0.00
[11:55:47.509] [ARM-RX] [116] <-41.42 -119.65 -13.81> result: 76.09 118.41 -52.17 14.09 80.86 0.00
[11:55:47.509] [ARM-RX] [117] <-42.22 -121.96 -14.07> result: 76.02 118.86 -51.37 14.18 80.52
[11:55:47.531] [ARM-RX] 0.00
[11:55:47.533] [ARM-RX] [118] <-43.02 -124.28 -14.34> result: 75.95 119.30 -50.57 14.26 80.18 0.00
[11:55:47.533] [ARM-RX] [119] <-43.83 -126.61 -14.61> result: 75.88 119.75 -49.76 14.35 79.83 0.00
[11:55:47.533] [ARM-RX] [120] <-44.63 -128.95 -14.88> result: 75.81 120.20 -48.94 14.43 79.48 0.00
[11:55:47.533] [ARM-RX] [121] <-45.00 -130.00
[11:55:47.554] [ARM-RX] -15.00> result: 75.78 120.41 -48.57 14.47 79.32 0.00
[11:55:47.554] [ARM-RX] [122] <-45.00 -130.00 -15.00> result: 75.78 120.41 -48.57 14.47 79.32 0.00
[11:55:47.556] [ARM-RX] [123] <-45.00 -130.00 -15.00> result: 75.78 120.41 -48.57 14.47 79.32 0.00
[11:55:47.556] [ARM-RX] [124] <-45.00 -130.00 -15.00> result: 75.78 120.4
[11:55:47.577] [ARM-RX] 1 -48.57 14.47 79.32 0.00
[11:55:47.577] [ARM-RX] [125] <-45.00 -130.00 -15.00> result: 75.78 120.41 -48.57 14.47 79.32 0.00
[11:55:47.579] [ARM-RX] [126] <-45.00 -130.00 -15.00> result: 75.78 120.41 -48.57 14.47 79.32 0.00
[11:55:47.579] [ARM-RX] [127] <-45.00 -130.00 -15.00> result: 75.78 120.41 -48.57 14.47 79.32 0.00
[11:55:47.579] [ARM-RX] [
[11:55:47.600] [ARM-RX] 128] <-45.00 -130.00 -15.00> result: 75.78 120.41 -48.57 14.47 79.32 0.00
[11:55:47.601] [ARM-RX] [129] <-45.00 -130.00 -15.00> result: 75.78 120.41 -48.57 14.47 79.32 0.00
[11:55:47.603] [ARM-RX] [130] <-45.00 -130.00 -15.00> result: 75.78 120.41 -48.57 14.47 79.32 0.00
[11:55:47.604] [ARM-RX] [131] <-45.00 -130.00 -15.00>
[11:55:47.624] [ARM-RX] result: 75.78 120.41 -48.57 14.47 79.32 0.00
[11:55:47.624] [ARM-RX] [132] <-45.00 -130.00 -15.00> result: 75.78 120.41 -48.57 14.47 79.32 0.00
[11:55:47.625] [ARM-RX] [133] <-45.00 -130.00 -15.00> result: 75.78 120.41 -48.57 14.47 79.32 0.00
[11:55:47.625] [ARM-RX] [134] <-45.00 -130.00 -15.00> result: 75.78 120.41 -48.57
[11:55:47.658] [ARM-RX] 14.47 79.32 0.00
[11:55:47.659] [ARM-RX] [135] <-45.00 -130.00 -15.00> result: 75.78 120.41 -48.57 14.47 79.32 0.00
[11:55:47.659] [ARM-RX] [136] <-45.00 -130.00 -15.00> result: 75.78 120.41 -48.57 14.47 79.32 0.00
[11:55:47.659] [ARM-RX] [137] <-45.00 -130.00 -15.00> result: 75.78 120.41 -48.57 14.47 79.32 0.00
[11:55:47.659] [ARM-RX] [138] <-4
[11:55:47.681] [ARM-RX] 5.00 -130.00 -15.00> result: 75.78 120.41 -48.57 14.47 79.32 0.00
[11:55:47.682] [ARM-RX] [139] <-45.00 -130.00 -15.00> result: 75.78 120.41 -48.57 14.47 79.32 0.00
[11:55:47.682] [ARM-RX] [140] <-45.00 -130.00 -15.00> result: 75.78 120.41 -48.57 14.47 79.32 0.00
[11:55:47.682] [ARM-RX] [141] <-45.00 -130.00 -15.00> result:
[11:55:47.705] [ARM-RX] 75.78 120.41 -48.57 14.47 79.32 0.00
[11:55:47.705] [ARM-RX] [142] <-45.00 -130.00 -15.00> result: 75.78 120.41 -48.57 14.47 79.32 0.00
[11:55:47.706] [ARM-RX] [143] <-45.00 -130.00 -15.00> result: 75.78 120.41 -48.57 14.47 79.32 0.00
[11:55:47.706] [ARM-RX] [144] <-45.00 -130.00 -15.00> result: 75.78 120.41 -48.57 14.47 7
[11:55:47.729] [ARM-RX] 9.32 0.00
[11:55:47.729] [ARM-RX] [145] <-45.00 -130.00 -15.00> result: 75.78 120.41 -48.57 14.47 79.32 0.00
[11:55:47.730] [ARM-RX] [146] <-45.00 -130.00 -15.00> result: 75.78 120.41 -48.57 14.47 79.32 0.00
[11:55:47.730] [ARM-RX] [147] <-45.00 -130.00 -15.00> result: 75.78 120.41 -48.57 14.47 79.32 0.00
[11:55:47.730] [ARM-RX] [148] <-45.00 -13
[11:55:47.752] [ARM-RX] 0.00 -15.00> result: 75.78 120.41 -48.57 14.47 79.32 0.00
[11:55:47.753] [ARM-RX] [149] <-45.00 -130.00 -15.00> result: 75.78 120.41 -48.57 14.47 79.32 0.00
[11:55:47.753] [ARM-RX] [150] <-45.00 -130.00 -15.00> result: 75.78 120.41 -48.57 14.47 79.32 0.00
[11:55:47.753] [ARM-RX] [151] <-45.00 -130.00 -15.00> result: 75.78 1
[11:55:47.775] [ARM-RX] 20.41 -48.57 14.47 79.32 0.00
[11:55:47.775] [ARM-RX] [152] <-45.00 -130.00 -15.00> result: 75.78 120.41 -48.57 14.47 79.32 0.00
[11:55:47.775] [ARM-RX] [153] <-45.00 -130.00 -15.00> result: 75.78 120.41 -48.57 14.47 79.32 0.00
[11:55:47.776] [ARM-RX] [154] <-45.00 -130.00 -15.00> result: 75.78 120.41 -48.57 14.47 79.32 0.0
[11:55:47.797] [ARM-RX] 0
[11:55:47.799] [ARM-RX] [155] <-45.00 -130.00 -15.00> result: 75.78 120.41 -48.57 14.47 79.32 0.00
[11:55:47.799] [ARM-RX] [156] <-45.00 -130.00 -15.00> result: 75.78 120.41 -48.57 14.47 79.32 0.00
[11:55:47.799] [ARM-RX] [157] <-45.00 -130.00 -15.00> result: 75.78 120.41 -48.57 14.47 79.32 0.00
[11:55:47.800] [ARM-RX] [158] <-45.00 -130.00 -15
[11:55:47.821] [ARM-RX] .00> result: 75.78 120.41 -48.57 14.47 79.32 0.00
[11:55:47.821] [ARM-RX] [159] <-45.00 -130.00 -15.00> result: 75.78 120.41 -48.57 14.47 79.32 0.00
[11:55:47.826] [ARM-RX] [160] <-45.00 -130.00 -15.00> result: 75.78 120.41 -48.57 14.47 79.32 0.00
[11:55:47.826] [ARM-RX] [161] <-45.00 -130.00 -15.00> result: 75.78 120.41 -4
[11:55:47.855] [ARM-RX] 8.57 14.47 79.32 0.00
[11:55:47.856] [ARM-RX] [162] <-45.00 -130.00 -15.00> result: 75.78 120.41 -48.57 14.47 79.32 0.00
[11:55:47.856] [ARM-RX] [163] <-45.00 -130.00 -15.00> result: 75.78 120.41 -48.57 14.47 79.32 0.00
[11:55:47.856] [ARM-RX] [164] <-45.00 -130.00 -15.00> result: 75.78 120.41 -48.57 14.47 79.32 0.00
[11:55:47.856] [ARM-RX] [165]
[11:55:47.880] [ARM-RX] <-45.00 -130.00 -15.00> result: 75.78 120.41 -48.57 14.47 79.32 0.00
[11:55:47.880] [ARM-RX] [166] <-45.00 -130.00 -15.00> result: 75.78 120.41 -48.57 14.47 79.32 0.00
[11:55:47.880] [ARM-RX] [167] <-45.00 -130.00 -15.00> result: 75.78 120.41 -48.57 14.47 79.32 0.00
[11:55:47.880] [ARM-RX] [168] <-45.00 -130.00 -15.00> res
[11:55:47.901] [ARM-RX] ult: 75.78 120.41 -48.57 14.47 79.32 0.00
[11:55:47.902] [ARM-RX] [169] <-45.00 -130.00 -15.00> result: 75.78 120.41 -48.57 14.47 79.32 0.00
[11:55:47.902] [ARM-RX] [170] <-45.00 -130.00 -15.00> result: 75.78 120.41 -48.57 14.47 79.32 0.00
[11:55:47.902] [ARM-RX] [171] <-45.00 -130.00 -15.00> result: 75.78 120.41 -48.57 14.
[11:55:47.927] [ARM-RX] 47 79.32 0.00
[11:55:47.927] [ARM-RX] [172] <-45.00 -130.00 -15.00> result: 75.78 120.41 -48.57 14.47 79.32 0.00
[11:55:47.927] [ARM-RX] [173] <-45.00 -130.00 -15.00> result: 75.78 120.41 -48.57 14.47 79.32 0.00
[11:55:47.927] [ARM-RX] [174] <-45.00 -130.00 -15.00> result: 75.78 120.41 -48.57 14.47 79.32 0.00
[11:55:47.928] [ARM-RX] [175] <-45.00
[11:55:47.947] [ARM-RX] -130.00 -15.00> result: 75.78 120.41 -48.57 14.47 79.32 0.00
[11:55:47.947] [ARM-RX] [176] <-45.00 -130.00 -15.00> result: 75.78 120.41 -48.57 14.47 79.32 0.00
[11:55:47.947] [ARM-RX] [177] <-45.00 -130.00 -15.00> result: 75.78 120.41 -48.57 14.47 79.32 0.00
[11:55:47.949] [ARM-RX] [178] <-45.00 -130.00 -15.00> result: 75.
[11:55:47.973] [ARM-RX] 78 120.41 -48.57 14.47 79.32 0.00
[11:55:47.973] [ARM-RX] [179] <-45.00 -130.00 -15.00> result: 75.78 120.41 -48.57 14.47 79.32 0.00
[11:55:47.973] [ARM-RX] [180] <-45.00 -130.00 -15.00> result: 75.78 120.41 -48.57 14.47 79.32 0.00
[11:55:47.973] [ARM-RX] [181] <-45.00 -130.00 -15.00> result: 75.78 120.41 -48.57 14.47 79.32
[11:55:47.994] [ARM-RX] 0.00
[11:55:47.995] [ARM-RX] [182] <-45.00 -130.00 -15.00> result: 75.78 120.41 -48.57 14.47 79.32 0.00
[11:55:47.995] [ARM-RX] [183] <-45.00 -130.00 -15.00> result: 75.78 120.41 -48.57 14.47 79.32 0.00
[11:55:47.995] [ARM-RX] [184] <-45.00 -130.00 -15.00> result: 75.78 120.41 -48.57 14.47 79.32 0.00
[11:55:47.995] [ARM-RX] [185] <-45.00 -130.00
[11:55:48.029] [ARM-RX] -15.00> result: 75.78 120.41 -48.57 14.47 79.32 0.00
[11:55:48.029] [ARM-RX] [186] <-45.00 -130.00 -15.00> result: 75.78 120.41 -48.57 14.47 79.32 0.00
[11:55:48.029] [ARM-RX] [187] <-45.00 -130.00 -15.00> result: 75.78 120.41 -48.57 14.47 79.32 0.00
[11:55:48.029] [ARM-RX] [188] <-45.00 -130.00 -15.00> result: 75.78 120.4
[11:55:48.052] [ARM-RX] 1 -48.57 14.47 79.32 0.00
[11:55:48.052] [ARM-RX] [189] <-45.00 -130.00 -15.00> result: 75.78 120.41 -48.57 14.47 79.32 0.00
[11:55:48.052] [ARM-RX] [190] <-45.00 -130.00 -15.00> result: 75.78 120.41 -48.57 14.47 79.32 0.00
[11:55:48.052] [ARM-RX] [191] <-45.00 -130.00 -15.00> result: 75.78 120.41 -48.57 14.47 79.32 0.00
[11:55:48.052] [ARM-RX] [
[11:55:48.075] [ARM-RX] 192] <-45.00 -130.00 -15.00> result: 75.78 120.41 -48.57 14.47 79.32 0.00
[11:55:48.075] [ARM-RX] [193] <-45.00 -130.00 -15.00> result: 75.78 120.41 -48.57 14.47 79.32 0.00
[11:55:48.075] [ARM-RX] [194] <-45.00 -130.00 -15.00> result: 75.78 120.41 -48.57 14.47 79.32 0.00
[11:55:48.075] [ARM-RX] [195] <-45.00 -130.00 -15.00>
[11:55:48.097] [ARM-RX] result: 75.78 120.41 -48.57 14.47 79.32 0.00
[11:55:48.098] [ARM-RX] [196] <-45.00 -130.00 -15.00> result: 75.78 120.41 -48.57 14.47 79.32 0.00
[11:55:48.098] [ARM-RX] [197] <-45.00 -130.00 -15.00> result: 75.78 120.41 -48.57 14.47 79.32 0.00
[11:55:48.098] [ARM-RX] [198] <-45.00 -130.00 -15.00> result: 75.78 120.41 -48.57
[11:55:48.121] [ARM-RX] 14.47 79.32 0.00
[11:55:48.121] [ARM-RX] [199] <-45.00 -130.00 -15.00> result: 75.78 120.41 -48.57 14.47 79.32 0.00
[11:55:48.121] [ARM-RX] [200] <-45.00 -130.00 -15.00> result: 75.78 120.41 -48.57 14.47 79.32 0.00
[11:55:48.122] [ARM-RX] [201] <-45.00 -130.00 -15.00> result: 75.78 120.41 -48.57 14.47 79.32 0.00
[11:55:48.122] [ARM-RX] [202] <-4
[11:55:48.144] [ARM-RX] 5.00 -130.00 -15.00> result: 75.78 120.41 -48.57 14.47 79.32 0.00
[11:55:48.145] [ARM-RX] [203] <-45.00 -130.00 -15.00> result: 75.78 120.41 -48.57 14.47 79.32 0.00
[11:55:48.145] [ARM-RX] [204] <-45.00 -130.00 -15.00> result: 75.78 120.41 -48.57 14.47 79.32 0.00
[11:55:48.145] [ARM-RX] [205] <-45.00 -130.00 -15.00> result:
[11:55:48.168] [ARM-RX] 75.78 120.41 -48.57 14.47 79.32 0.00
[11:55:48.168] [ARM-RX] [206] <-45.00 -130.00 -15.00> result: 75.78 120.41 -48.57 14.47 79.32 0.00
[11:55:48.168] [ARM-RX] [207] <-45.00 -130.00 -15.00> result: 75.78 120.41 -48.57 14.47 79.32 0.00
[11:55:48.168] [ARM-RX] [208] <-45.00 -130.00 -15.00> result: 75.78 120.41 -48.57 14.47 7
[11:55:48.191] [ARM-RX] 9.32 0.00
[11:55:48.191] [ARM-RX] [209] <-45.00 -130.00 -15.00> result: 75.78 120.41 -48.57 14.47 79.32 0.00
[11:55:48.192] [ARM-RX] [210] <-45.00 -130.00 -15.00> result: 75.78 120.41 -48.57 14.47 79.32 0.00
[11:55:48.192] [ARM-RX] [211] <-45.00 -130.00 -15.00> result: 75.78 120.41 -48.57 14.47 79.32 0.00
[11:55:48.192] [ARM-RX] [212] <-45.00 -13
[11:55:48.224] [ARM-RX] 0.00 -15.00> result: 75.78 120.41 -48.57 14.47 79.32 0.00
[11:55:48.225] [ARM-RX] [213] <-45.00 -130.00 -15.00> result: 75.78 120.41 -48.57 14.47 79.32 0.00
[11:55:48.225] [ARM-RX] [214] <-45.00 -130.00 -15.00> result: 75.78 120.41 -48.57 14.47 79.32 0.00
[11:55:48.225] [ARM-RX] [215] <-45.00 -130.00 -15.00> result: 75.78 1
[11:55:48.248] [ARM-RX] 20.41 -48.57 14.47 79.32 0.00
[11:55:48.249] [ARM-RX] [216] <-45.00 -130.00 -15.00> result: 75.78 120.41 -48.57 14.47 79.32 0.00
[11:55:48.249] [ARM-RX] [217] <-45.00 -130.00 -15.00> result: 75.78 120.41 -48.57 14.47 79.32 0.00
[11:55:48.249] [ARM-RX] [218] <-45.00 -130.00 -15.00> result: 75.78 120.41 -48.57 14.47 79.32 0.0
[11:55:48.272] [ARM-RX] 0
[11:55:48.272] [ARM-RX] [219] <-45.00 -130.00 -15.00> result: 75.78 120.41 -48.57 14.47 79.32 0.00
[11:55:48.272] [ARM-RX] [220] <-45.00 -130.00 -15.00> result: 75.78 120.41 -48.57 14.47 79.32 0.00
[11:55:48.272] [ARM-RX] [221] <-45.00 -130.00 -15.00> result: 75.78 120.41 -48.57 14.47 79.32 0.00
[11:55:48.272] [ARM-RX] [222] <-45.00 -130.00 -15
[11:55:48.295] [ARM-RX] .00> result: 75.78 120.41 -48.57 14.47 79.32 0.00
[11:55:48.295] [ARM-RX] [223] <-45.00 -130.00 -15.00> result: 75.78 120.41 -48.57 14.47 79.32 0.00
[11:55:48.296] [ARM-RX] [224] <-45.00 -130.00 -15.00> result: 75.78 120.41 -48.57 14.47 79.32 0.00
[11:55:48.296] [ARM-RX] [225] <-45.00 -130.00 -15.00> result: 75.78 120.41 -4
[11:55:48.318] [ARM-RX] 8.57 14.47 79.32 0.00
[11:55:48.318] [ARM-RX] [226] <-45.00 -130.00 -15.00> result: 75.78 120.41 -48.57 14.47 79.32 0.00
[11:55:48.319] [ARM-RX] [227] <-45.00 -130.00 -15.00> result: 75.78 120.41 -48.57 14.47 79.32 0.00
[11:55:48.319] [ARM-RX] [228] <-45.00 -130.00 -15.00> result: 75.78 120.41 -48.57 14.47 79.32 0.00
[11:55:48.319] [ARM-RX] [229]
[11:55:48.341] [ARM-RX] <-45.00 -130.00 -15.00> result: 75.78 120.41 -48.57 14.47 79.32 0.00
[11:55:48.341] [ARM-RX] [230] <-45.00 -130.00 -15.00> result: 75.78 120.41 -48.57 14.47 79.32 0.00
[11:55:48.341] [ARM-RX] [231] <-45.00 -130.00 -15.00> result: 75.78 120.41 -48.57 14.47 79.32 0.00
[11:55:48.341] [ARM-RX] [232] <-45.00 -130.00 -15.00> res
[11:55:48.365] [ARM-RX] ult: 75.78 120.41 -48.57 14.47 79.32 0.00
[11:55:48.365] [ARM-RX] [233] <-45.00 -130.00 -15.00> result: 75.78 120.41 -48.57 14.47 79.32 0.00
[11:55:48.365] [ARM-RX] [234] <-45.00 -130.00 -15.00> result: 75.78 120.41 -48.57 14.47 79.32 0.00
[11:55:48.365] [ARM-RX] [235] <-45.00 -130.00 -15.00> result: 75.78 120.41 -48.57 14.
[11:55:48.398] [ARM-RX] 47 79.32 0.00
[11:55:48.399] [ARM-RX] [236] <-45.00 -130.00 -15.00> result: 75.78 120.41 -48.57 14.47 79.32 0.00
[11:55:48.399] [ARM-RX] [237] <-45.00 -130.00 -15.00> result: 75.78 120.41 -48.57 14.47 79.32 0.00
[11:55:48.399] [ARM-RX] [238] <-45.00 -130.00 -15.00> result: 75.78 120.41 -48.57 14.47 79.32 0.00
[11:55:48.399] [ARM-RX] [239] <-45.00
[11:55:48.422] [ARM-RX] -130.00 -15.00> result: 75.78 120.41 -48.57 14.47 79.32 0.00
[11:55:48.423] [ARM-RX] [240] <-45.00 -130.00 -15.00> result: 75.78 120.41 -48.57 14.47 79.32 0.00
[11:55:48.423] [ARM-RX] [241] <-45.00 -130.00 -15.00> result: 75.78 120.41 -48.57 14.47 79.32 0.00
[11:55:48.423] [ARM-RX] [242] <-45.00 -130.00 -15.00> result: 75.
[11:55:48.445] [ARM-RX] 78 120.41 -48.57 14.47 79.32 0.00
[11:55:48.445] [ARM-RX] [243] <-45.00 -130.00 -15.00> result: 75.78 120.41 -48.57 14.47 79.32 0.00
[11:55:48.445] [ARM-RX] [244] <-45.00 -130.00 -15.00> result: 75.78 120.41 -48.57 14.47 79.32 0.00
[11:55:48.446] [ARM-RX] [245] <-45.00 -130.00 -15.00> result: 75.78 120.41 -48.57 14.47 79.32
[11:55:48.468] [ARM-RX] 0.00
[11:55:48.468] [ARM-RX] [246] <-45.00 -130.00 -15.00> result: 75.78 120.41 -48.57 14.47 79.32 0.00
[11:55:48.469] [ARM-RX] [247] <-45.00 -130.00 -15.00> result: 75.78 120.41 -48.57 14.47 79.32 0.00
[11:55:48.469] [ARM-RX] [248] <-45.00 -130.00 -15.00> result: 75.78 120.41 -48.57 14.47 79.32 0.00
[11:55:48.469] [ARM-RX] [249] <-45.00 -130.00
[11:55:48.491] [ARM-RX] -15.00> result: 75.78 120.41 -48.57 14.47 79.32 0.00
[11:55:48.491] [ARM-RX] [250] <-45.00 -130.00 -15.00> result: 75.78 120.41 -48.57 14.47 79.32 0.00
[11:55:48.491] [ARM-RX] [251] <-45.00 -130.00 -15.00> result: 75.78 120.41 -48.57 14.47 79.32 0.00
[11:55:48.491] [ARM-RX] [252] <-45.00 -130.00 -15.00> result: 75.78 120.4
[11:55:48.514] [ARM-RX] 1 -48.57 14.47 79.32 0.00
[11:55:48.514] [ARM-RX] [253] <-45.00 -130.00 -15.00> result: 75.78 120.41 -48.57 14.47 79.32 0.00
[11:55:48.516] [ARM-RX] [254] <-45.00 -130.00 -15.00> result: 75.78 120.41 -48.57 14.47 79.32 0.00
[11:55:48.516] [ARM-RX] [255] <-45.00 -130.00 -15.00> result: 75.78 120.41 -48.57 14.47 79.32 0.00
[11:55:48.516] [ARM-RX] [
[11:55:48.538] [ARM-RX] 256] <-45.00 -130.00 -15.00> result: 75.78 120.41 -48.57 14.47 79.32 0.00
[11:55:48.538] [ARM-RX] [257] <-45.00 -130.00 -15.00> result: 75.78 120.41 -48.57 14.47 79.32 0.00
[11:55:48.538] [ARM-RX] [258] <-45.00 -130.00 -15.00> result: 75.78 120.41 -48.57 14.47 79.32 0.00
[11:55:48.538] [ARM-RX] [259] <-45.00 -130.00 -15.00>
[11:55:48.560] [ARM-RX] result: 75.78 120.41 -48.57 14.47 79.32 0.00
[11:55:48.561] [ARM-RX] [260] <-45.00 -130.00 -15.00> result: 75.78 120.41 -48.57 14.47 79.32 0.00
[11:55:48.561] [ARM-RX] [261] <-45.00 -130.00 -15.00> result: 75.78 120.41 -48.57 14.47 79.32 0.00
[11:55:48.561] [ARM-RX] [262] <-45.00 -130.00 -15.00> result: 75.78 120.41 -48.57
[11:55:48.595] [ARM-RX] 14.47 79.32 0.00
[11:55:48.595] [ARM-RX] [263] <-45.00 -130.00 -15.00> result: 75.78 120.41 -48.57 14.47 79.32 0.00
[11:55:48.595] [ARM-RX] [264] <-45.00 -130.00 -15.00> result: 75.78 120.41 -48.57 14.47 79.32 0.00
[11:55:48.596] [ARM-RX] [265] <-45.00 -130.00 -15.00> result: 75.78 120.41 -48.57 14.47 79.32 0.00
[11:55:48.596] [ARM-RX] [266] <-4
[11:55:48.649] [ARM-RX] 5.00 -130.00 -15.00> result: 75.78 120.41 -48.57 14.47 79.32 0.00
[11:55:48.650] [ARM-RX] [267] <-45.00 -130.00 -15.00> result: 75.78 120.41 -48.57 14.47 79.32 0.00
[11:55:51.462] [ARM-RX] [joint 1] ave_error:0.44
[11:55:51.463] [ARM-RX] [joint 2] ave_error:7.34
[11:55:51.463] [ARM-RX] [joint 3] ave_error:8.06
[11:55:51.463] [ARM-RX] [joint 4] ave_error:0.54
[11:55:51.463] [ARM-RX] [joint 5] ave_error:1.12
[11:55:51.463] [ARM-RX] robot pid run finished!!
[11:55:52.249] [ARM-RX] AUTO final confirm failed: joint 2 err=12.70deg tol=3.00, pose invalid.
[11:55:52.249] [ARM-RX] J1 cur=75.86 target=75.78 err=-0.07
[11:55:52.249] [ARM-RX] J2 cur=131.62 target=120.41 err=-11.22
[11:55:52.249] [ARM-RX] J3 cur=-35.87 target=-48.57 err=-12.70
[11:55:52.250] [ARM-RX] J4 cur=14.57 target=14.47 err=-0.09
[11:55:52.250] [ARM-RX] J5 cur=79.05 target
[11:55:52.305] [ARM-RX] =79.32 err=0.27
[11:55:54.037] [ARM-TX] 发送命令 read_all: read_all
[11:55:54.106] [ARM-RX] Found handler for 'read_all', executing...
[11:55:54.106] [ARM-RX] ROBOT_READ_ALL_EVENT
[11:55:54.106] [ARM-RX] read_all ret=0 elapsed=2 ms missing=0x00
[11:55:54.106] [ARM-RX] J1 angle=75.86
[11:55:54.107] [ARM-RX] J2 angle=131.62
[11:55:54.107] [ARM-RX] J3 angle=324.12
[11:55:54.107] [ARM-RX] J4 angle=14.57
[11:55:54.107] [ARM-RX] J5 angle=79.05
[11:55:56.767] [ARM-TX] 发送命令 abs_rotate 0 105: abs_rotate 0 105
[11:55:56.860] [ARM-RX] Found handler for 'abs_rotate', executing...
[11:55:56.861] [ARM-RX] [joint_id: 0] ROBOT_JOINT_ABS_ROTATE 105.000000
[11:55:59.778] [ARM-TX] 发送命令 read_all: read_all
[11:55:59.871] [ARM-RX] Found handler for 'read_all', executing...
[11:55:59.872] [ARM-RX] ROBOT_READ_ALL_EVENT
[11:55:59.872] [ARM-RX] read_all ret=0 elapsed=3 ms missing=0x00
[11:55:59.872] [ARM-RX] J1 angle=105.00
[11:55:59.872] [ARM-RX] J2 angle=131.62
[11:55:59.873] [ARM-RX] J3 angle=324.12
[11:55:59.873] [ARM-RX] J4 angle=14.57
[11:55:59.873] [ARM-RX] J5 angle=79.05
[11:58:06.556] [ARM-TX] 发送命令 soft_reset: soft_reset
[11:58:06.646] [ARM-RX] Found handler for 'soft_reset', executing...
[11:58:06.646] [ARM-RX] ROBOT_SOFT_RESET_EVENT
[11:58:06.646] [ARM-RX] --- Starting soft reset ---
[11:58:06.833] [ARM-RX] Soft reset motors enabled (J1~J5, J6 skipped).
[11:58:06.833] [ARM-RX] Soft resetting joint 4...
[11:58:06.896] [ARM-RX] robot_update_current_angle 4...
[11:58:06.896] [ARM-RX] [4] current:79.05, target:90.00, dir:1
[11:58:08.021] [ARM-RX] Soft resetting joint 3...
[11:58:08.021] [ARM-RX] robot_update_current_angle 3...
[11:58:08.021] [ARM-RX] [3] current:14.57, target:0.00, dir:-1
[11:58:09.643] [ARM-RX] soft reset joint 3 settle timeout, keep going
[11:58:09.643] [ARM-RX] Soft resetting joint 1...
[11:58:09.643] [ARM-RX] robot_update_current_angle 1...
[11:58:09.643] [ARM-RX] [1] current:131.62, target:90.00, dir:-1
[11:58:11.829] [ARM-RX] soft reset joint 1 settle timeout, keep going
[11:58:11.829] [ARM-RX] Soft resetting joint 2...
[11:58:11.829] [ARM-RX] robot_update_current_angle 2...
[11:58:11.829] [ARM-RX] [2] current:-35.88, target:-90.00, dir:-1
[11:58:14.383] [ARM-RX] soft reset joint 2 settle timeout, keep going
[11:58:14.383] [ARM-RX] Soft resetting joint 0...
[11:58:14.384] [ARM-RX] robot_update_current_angle 0...
[11:58:14.384] [ARM-RX] [0] current:105.00, target:90.00, dir:-1
[11:58:16.005] [ARM-RX] soft reset joint 0 settle timeout, keep going
[11:58:16.005] [ARM-RX] soft reset verify not pass, start refine loop...
[11:58:16.192] [ARM-RX] soft reset refine pass 1 success.
[11:58:16.192] [ARM-RX] soft reset final verify PASS (issues:4), pose set HOME.
[11:58:26.699] [ARM-TX] 发送命令 auto 45 -130 -15: auto 45 -130 -15
[11:58:26.813] [ARM-RX] Found handler for 'auto', executing...
[11:58:26.813] [ARM-RX] ROBOT_AUTO_EVENT
[11:58:26.813] [ARM-RX] [0] <0.00 0.00 0.00> result: 90.00 90.00 -90.00 0.00 90.00 0.00
[11:58:26.813] [ARM-RX] [1] <0.00 -0.00 -0.00> result: 90.00 90.00 -90.00 -0.00 90.00 0.00
[11:58:26.813] [ARM-RX] [2] <0.00 -0.00 -0.00> result: 90.00 90.00 -90.00 -0.00 90.00 0.00
[11:58:26.835] [ARM-RX] [3] <0.00 -0.00 -0.00> result: 90.00 90.00 -90.00 -0.00 90.00 0.00
[11:58:26.836] [ARM-RX] [4] <0.00 -0.01 -0.00> result: 90.00 90.00 -90.00 -0.00 90.00 0.00
[11:58:26.836] [ARM-RX] [5] <0.01 -0.02 -0.00> result: 90.01 90.01 -89.99 -0.01 90.00 0.00
[11:58:26.836] [ARM-RX] [6] <0.01 -0.03 -0.00> result: 90.01 90.01 -89.99 -
[11:58:26.858] [ARM-RX] 0.01 90.00 0.00
[11:58:26.858] [ARM-RX] [7] <0.02 -0.05 -0.01> result: 90.02 90.02 -89.99 -0.02 90.01 0.00
[11:58:26.858] [ARM-RX] [8] <0.02 -0.07 -0.01> result: 90.03 90.03 -89.98 -0.03 90.01 0.00
[11:58:26.858] [ARM-RX] [9] <0.03 -0.09 -0.01> result: 90.04 90.04 -89.97 -0.04 90.01 0.00
[11:58:26.859] [ARM-RX] [10] <0.04 -0.13 -0.01> result: 90.
[11:58:26.882] [ARM-RX] 05 90.05 -89.96 -0.05 90.02 0.00
[11:58:26.883] [ARM-RX] [11] <0.06 -0.17 -0.02> result: 90.07 90.07 -89.95 -0.07 90.02 0.00
[11:58:26.883] [ARM-RX] [12] <0.07 -0.21 -0.02> result: 90.09 90.09 -89.94 -0.09 90.03 0.00
[11:58:26.883] [ARM-RX] [13] <0.09 -0.27 -0.03> result: 90.11 90.11 -89.93 -0.11 90.04 0.00
[11:58:26.883] [ARM-RX] [14] <0.12 -0.3
[11:58:26.903] [ARM-RX] 3 -0.04> result: 90.14 90.14 -89.91 -0.14 90.05 0.00
[11:58:26.903] [ARM-RX] [15] <0.14 -0.41 -0.05> result: 90.17 90.17 -89.89 -0.17 90.06 0.00
[11:58:26.904] [ARM-RX] [16] <0.17 -0.49 -0.06> result: 90.20 90.20 -89.86 -0.20 90.07 0.00
[11:58:26.904] [ARM-RX] [17] <0.20 -0.59 -0.07> result: 90.24 90.24 -89.84 -0.24 90.08 0
[11:58:26.926] [ARM-RX] .00
[11:58:26.927] [ARM-RX] [18] <0.24 -0.69 -0.08> result: 90.28 90.28 -89.81 -0.28 90.09 0.00
[11:58:26.927] [ARM-RX] [19] <0.28 -0.81 -0.09> result: 90.33 90.33 -89.78 -0.33 90.11 0.00
[11:58:26.927] [ARM-RX] [20] <0.33 -0.94 -0.11> result: 90.38 90.39 -89.74 -0.38 90.13 0.00
[11:58:26.927] [ARM-RX] [21] <0.37 -1.08 -0.12> result: 90.44 90.44
[11:58:26.950] [ARM-RX] -89.70 -0.44 90.14 0.00
[11:58:26.950] [ARM-RX] [22] <0.43 -1.24 -0.14> result: 90.50 90.51 -89.66 -0.50 90.16 0.00
[11:58:26.951] [ARM-RX] [23] <0.49 -1.41 -0.16> result: 90.57 90.58 -89.61 -0.57 90.18 0.00
[11:58:26.951] [ARM-RX] [24] <0.55 -1.60 -0.18> result: 90.64 90.65 -89.56 -0.64 90.21 0.00
[11:58:26.951] [ARM-RX] [25] <0.62 -1.80 -0.21>
[11:58:26.985] [ARM-RX] result: 90.72 90.73 -89.50 -0.72 90.23 0.00
[11:58:26.985] [ARM-RX] [26] <0.70 -2.01 -0.23> result: 90.80 90.82 -89.44 -0.80 90.26 0.00
[11:58:26.985] [ARM-RX] [27] <0.78 -2.25 -0.26> result: 90.89 90.91 -89.38 -0.89 90.28 0.00
[11:58:26.985] [ARM-RX] [28] <0.86 -2.50 -0.29> result: 90.99 91.01 -89.31 -0.99 90.31 0.00
[11:58:26.985] [ARM-RX] [29]
[11:58:27.008] [ARM-RX] <0.96 -2.77 -0.32> result: 91.09 91.11 -89.23 -1.09 90.34 0.00
[11:58:27.008] [ARM-RX] [30] <1.06 -3.05 -0.35> result: 91.19 91.22 -89.15 -1.19 90.37 0.00
[11:58:27.008] [ARM-RX] [31] <1.16 -3.36 -0.39> result: 91.31 91.34 -89.07 -1.31 90.41 0.00
[11:58:27.008] [ARM-RX] [32] <1.27 -3.68 -0.42> result: 91.42 91.46 -88.98 -1
[11:58:27.031] [ARM-RX] .42 90.44 0.00
[11:58:27.031] [ARM-RX] [33] <1.39 -4.02 -0.46> result: 91.54 91.59 -88.88 -1.54 90.47 0.00
[11:58:27.031] [ARM-RX] [34] <1.52 -4.38 -0.51> result: 91.67 91.73 -88.78 -1.67 90.51 0.00
[11:58:27.031] [ARM-RX] [35] <1.65 -4.77 -0.55> result: 91.80 91.88 -88.67 -1.80 90.54 0.00
[11:58:27.031] [ARM-RX] [36] <1.79 -5.17 -0.60> result: 9
[11:58:27.054] [ARM-RX] 1.94 92.03 -88.55 -1.94 90.58 0.00
[11:58:27.055] [ARM-RX] [37] <1.94 -5.60 -0.65> result: 92.08 92.18 -88.43 -2.08 90.61 0.00
[11:58:27.055] [ARM-RX] [38] <2.09 -6.04 -0.70> result: 92.23 92.35 -88.31 -2.23 90.65 0.00
[11:58:27.055] [ARM-RX] [39] <2.25 -6.51 -0.75> result: 92.38 92.52 -88.17 -2.38 90.69 0.00
[11:58:27.055] [ARM-RX] [40] <2.42 -7
[11:58:27.077] [ARM-RX] .01 -0.81> result: 92.54 92.69 -88.03 -2.54 90.72 0.00
[11:58:27.077] [ARM-RX] [41] <2.60 -7.52 -0.87> result: 92.70 92.88 -87.88 -2.70 90.76 0.00
[11:58:27.077] [ARM-RX] [42] <2.79 -8.06 -0.93> result: 92.87 93.07 -87.73 -2.87 90.79 0.00
[11:58:27.077] [ARM-RX] [43] <2.98 -8.62 -0.99> result: 93.04 93.26 -87.57 -3.04 90.83
[11:58:27.100] [ARM-RX] 0.00
[11:58:27.100] [ARM-RX] [44] <3.19 -9.21 -1.06> result: 93.21 93.46 -87.40 -3.21 90.86 0.00
[11:58:27.100] [ARM-RX] [45] <3.40 -9.82 -1.13> result: 93.39 93.67 -87.22 -3.39 90.89 0.00
[11:58:27.100] [ARM-RX] [46] <3.62 -10.45 -1.21> result: 93.56 93.89 -87.04 -3.56 90.92 0.00
[11:58:27.100] [ARM-RX] [47] <3.85 -11.11 -1.28> result: 93.75 94
[11:58:27.123] [ARM-RX] .11 -86.85 -3.75 90.95 0.00
[11:58:27.124] [ARM-RX] [48] <4.08 -11.80 -1.36> result: 93.93 94.33 -86.65 -3.93 90.98 0.00
[11:58:27.124] [ARM-RX] [49] <4.33 -12.51 -1.44> result: 94.12 94.56 -86.44 -4.12 91.00 0.00
[11:58:27.124] [ARM-RX] [50] <4.58 -13.24 -1.53> result: 94.31 94.80 -86.23 -4.31 91.03 0.00
[11:58:27.124] [ARM-RX] [51] <4.85 -14.01
[11:58:27.146] [ARM-RX] -1.62> result: 94.50 95.04 -86.01 -4.50 91.05 0.00
[11:58:27.147] [ARM-RX] [52] <5.12 -14.80 -1.71> result: 94.69 95.29 -85.77 -4.69 91.06 0.00
[11:58:27.147] [ARM-RX] [53] <5.40 -15.61 -1.80> result: 94.88 95.55 -85.53 -4.89 91.08 0.00
[11:58:27.147] [ARM-RX] [54] <5.70 -16.46 -1.90> result: 95.08 95.80 -85.29 -5.08 91.09
[11:58:27.182] [ARM-RX] 0.00
[11:58:27.182] [ARM-RX] [55] <6.00 -17.32 -2.00> result: 95.27 96.07 -85.03 -5.28 91.09 0.00
[11:58:27.182] [ARM-RX] [56] <6.31 -18.22 -2.10> result: 95.47 96.34 -84.76 -5.47 91.10 0.00
[11:58:27.182] [ARM-RX] [57] <6.63 -19.15 -2.21> result: 95.67 96.61 -84.49 -5.67 91.09 0.00
[11:58:27.182] [ARM-RX] [58] <6.96 -20.10 -2.32> result: 95.86
[11:58:27.204] [ARM-RX] 96.89 -84.21 -5.87 91.09 0.00
[11:58:27.205] [ARM-RX] [59] <7.30 -21.08 -2.43> result: 96.06 97.17 -83.91 -6.06 91.08 0.00
[11:58:27.205] [ARM-RX] [60] <7.64 -22.08 -2.55> result: 96.26 97.46 -83.61 -6.26 91.06 0.00
[11:58:27.205] [ARM-RX] [61] <8.00 -23.12 -2.67> result: 96.45 97.75 -83.30 -6.45 91.04 0.00
[11:58:27.205] [ARM-RX] [62] <8.37 -24.
[11:58:27.227] [ARM-RX] 18 -2.79> result: 96.65 98.04 -82.98 -6.65 91.02 0.00
[11:58:27.228] [ARM-RX] [63] <8.75 -25.27 -2.92> result: 96.84 98.34 -82.66 -6.84 90.99 0.00
[11:58:27.228] [ARM-RX] [64] <9.14 -26.39 -3.05> result: 97.04 98.64 -82.32 -7.04 90.95 0.00
[11:58:27.228] [ARM-RX] [65] <9.53 -27.54 -3.18> result: 97.23 98.95 -81.97 -7.23 90.
[11:58:27.252] [ARM-RX] 91 0.00
[11:58:27.252] [ARM-RX] [66] <9.94 -28.71 -3.31> result: 97.42 99.26 -81.62 -7.42 90.87 0.00
[11:58:27.252] [ARM-RX] [67] <10.36 -29.92 -3.45> result: 97.61 99.57 -81.25 -7.61 90.82 0.00
[11:58:27.253] [ARM-RX] [68] <10.78 -31.15 -3.59> result: 97.79 99.89 -80.87 -7.79 90.76 0.00
[11:58:27.253] [ARM-RX] [69] <11.22 -32.41 -3.74> result: 9
[11:58:27.273] [ARM-RX] 7.98 100.21 -80.49 -7.98 90.70 0.00
[11:58:27.274] [ARM-RX] [70] <11.66 -33.70 -3.89> result: 98.16 100.54 -80.10 -8.16 90.63 0.00
[11:58:27.274] [ARM-RX] [71] <12.12 -35.01 -4.04> result: 98.34 100.86 -79.69 -8.34 90.55 0.00
[11:58:27.274] [ARM-RX] [72] <12.59 -36.36 -4.20> result: 98.52 101.20 -79.28 -8.52 90.47 0.00
[11:58:27.274] [ARM-RX] [73
[11:58:27.296] [ARM-RX] ] <13.06 -37.73 -4.35> result: 98.70 101.53 -78.86 -8.70 90.38 0.00
[11:58:27.296] [ARM-RX] [74] <13.55 -39.13 -4.52> result: 98.87 101.87 -78.43 -8.87 90.29 0.00
[11:58:27.297] [ARM-RX] [75] <14.04 -40.56 -4.68> result: 99.05 102.21 -77.99 -9.05 90.19 0.00
[11:58:27.297] [ARM-RX] [76] <14.54 -42.01 -4.85> result: 99.21 102
[11:58:27.320] [ARM-RX] .55 -77.53 -9.21 90.08 0.00
[11:58:27.320] [ARM-RX] [77] <15.06 -43.50 -5.02> result: 99.38 102.90 -77.07 -9.38 89.97 0.00
[11:58:27.321] [ARM-RX] [78] <15.58 -45.01 -5.19> result: 99.55 103.24 -76.60 -9.55 89.85 0.00
[11:58:27.321] [ARM-RX] [79] <16.11 -46.54 -5.37> result: 99.71 103.60 -76.13 -9.71 89.73 0.00
[11:58:27.321] [ARM-RX] [80] <16.65
[11:58:27.354] [ARM-RX] -48.11 -5.55> result: 99.87 103.95 -75.64 -9.87 89.59 0.00
[11:58:27.354] [ARM-RX] [81] <17.20 -49.70 -5.73> result: 100.02 104.31 -75.14 -10.02 89.45 0.00
[11:58:27.355] [ARM-RX] [82] <17.76 -51.32 -5.92> result: 100.18 104.67 -74.63 -10.18 89.31 0.00
[11:58:27.355] [ARM-RX] [83] <18.33 -52.96 -6.11> result: 100.33 105.03
[11:58:27.377] [ARM-RX] -74.11 -10.33 89.16 0.00
[11:58:27.377] [ARM-RX] [84] <18.91 -54.63 -6.30> result: 100.48 105.40 -73.59 -10.48 89.00 0.00
[11:58:27.378] [ARM-RX] [85] <19.50 -56.32 -6.50> result: 100.62 105.76 -73.05 -10.62 88.84 0.00
[11:58:27.378] [ARM-RX] [86] <20.09 -58.05 -6.70> result: 100.77 106.13 -72.51 -10.77 88.67 0.00
[11:58:27.378] [ARM-RX] [87] <2
[11:58:27.400] [ARM-RX] 0.70 -59.79 -6.90> result: 100.91 106.51 -71.95 -10.91 88.49 0.00
[11:58:27.401] [ARM-RX] [88] <21.31 -61.56 -7.10> result: 101.04 106.88 -71.39 -11.05 88.31 0.00
[11:58:27.401] [ARM-RX] [89] <21.93 -63.36 -7.31> result: 101.18 107.26 -70.82 -11.18 88.12 0.00
[11:58:27.401] [ARM-RX] [90] <22.56 -65.18 -7.52> result: 101.31
[11:58:27.424] [ARM-RX] 107.64 -70.24 -11.32 87.92 0.00
[11:58:27.424] [ARM-RX] [91] <23.20 -67.02 -7.73> result: 101.44 108.03 -69.65 -11.45 87.72 0.00
[11:58:27.424] [ARM-RX] [92] <23.85 -68.89 -7.95> result: 101.57 108.41 -69.05 -11.58 87.51 0.00
[11:58:27.424] [ARM-RX] [93] <24.50 -70.78 -8.17> result: 101.69 108.80 -68.44 -11.70 87.30 0.00
[11:58:27.425] [ARM-RX] [
[11:58:27.447] [ARM-RX] 94] <25.16 -72.69 -8.39> result: 101.81 109.19 -67.82 -11.83 87.08 0.00
[11:58:27.447] [ARM-RX] [95] <25.83 -74.63 -8.61> result: 101.93 109.59 -67.19 -11.95 86.85 0.00
[11:58:27.448] [ARM-RX] [96] <26.51 -76.59 -8.84> result: 102.05 109.98 -66.56 -12.07 86.62 0.00
[11:58:27.448] [ARM-RX] [97] <27.20 -78.57 -9.07> result: 1
[11:58:27.470] [ARM-RX] 02.16 110.38 -65.92 -12.19 86.38 0.00
[11:58:27.471] [ARM-RX] [98] <27.89 -80.57 -9.30> result: 102.27 110.78 -65.27 -12.30 86.14 0.00
[11:58:27.471] [ARM-RX] [99] <28.59 -82.59 -9.53> result: 102.38 111.19 -64.60 -12.41 85.89 0.00
[11:58:27.471] [ARM-RX] [100] <29.30 -84.63 -9.77> result: 102.49 111.59 -63.94 -12.53 85.64
[11:58:27.494] [ARM-RX] 0.00
[11:58:27.495] [ARM-RX] [101] <30.01 -86.70 -10.00> result: 102.59 112.00 -63.26 -12.64 85.38 0.00
[11:58:27.495] [ARM-RX] [102] <30.73 -88.78 -10.24> result: 102.70 112.41 -62.57 -12.74 85.11 0.00
[11:58:27.495] [ARM-RX] [103] <31.46 -90.88 -10.49> result: 102.80 112.83 -61.88 -12.85 84.84 0.00
[11:58:27.495] [ARM-RX] [104] <32.19 -92.99 -1
[11:58:27.515] [ARM-RX] 0.73> result: 102.89 113.24 -61.18 -12.95 84.56 0.00
[11:58:27.515] [ARM-RX] [105] <32.93 -95.13 -10.98> result: 102.99 113.66 -60.47 -13.06 84.28 0.00
[11:58:27.517] [ARM-RX] [106] <33.68 -97.28 -11.23> result: 103.08 114.08 -59.75 -13.16 84.00 0.00
[11:58:27.517] [ARM-RX] [107] <34.43 -99.46 -11.48> result: 103.17 114.50
[11:58:27.551] [ARM-RX] -59.03 -13.25 83.70 0.00
[11:58:27.551] [ARM-RX] [108] <35.18 -101.64 -11.73> result: 103.26 114.93 -58.30 -13.35 83.41 0.00
[11:58:27.551] [ARM-RX] [109] <35.95 -103.84 -11.98> result: 103.35 115.36 -57.56 -13.45 83.11 0.00
[11:58:27.551] [ARM-RX] [110] <36.71 -106.06 -12.24> result: 103.43 115.79 -56.81 -13.54 82.80 0.00
[11:58:27.574] [ARM-RX] [111] <37.49 -108.29 -12.50> result: 103.52 116.22 -56.05 -13.64 82.49 0.00
[11:58:27.574] [ARM-RX] [112] <38.26 -110.54 -12.75> result: 103.60 116.65 -55.29 -13.73 82.17 0.00
[11:58:27.575] [ARM-RX] [113] <39.05 -112.80 -13.02> result: 103.68 117.09 -54.52 -13.82 81.85 0.00
[11:58:27.575] [ARM-RX] [114] <39.83 -115.07 -13
[11:58:27.599] [ARM-RX] .28> result: 103.76 117.53 -53.75 -13.91 81.52 0.00
[11:58:27.599] [ARM-RX] [115] <40.62 -117.36 -13.54> result: 103.83 117.97 -52.96 -14.00 81.19 0.00
[11:58:27.599] [ARM-RX] [116] <41.42 -119.65 -13.81> result: 103.91 118.41 -52.17 -14.09 80.86 0.00
[11:58:27.599] [ARM-RX] [117] <42.22 -121.96 -14.07> result: 103.98 118.8
[11:58:27.620] [ARM-RX] 6 -51.37 -14.18 80.52 0.00
[11:58:27.620] [ARM-RX] [118] <43.02 -124.28 -14.34> result: 104.05 119.30 -50.57 -14.26 80.18 0.00
[11:58:27.620] [ARM-RX] [119] <43.83 -126.61 -14.61> result: 104.12 119.75 -49.76 -14.35 79.83 0.00
[11:58:27.620] [ARM-RX] [120] <44.63 -128.95 -14.88> result: 104.19 120.20 -48.94 -14.43 79.48 0.0
[11:58:27.644] [ARM-RX] 0
[11:58:27.644] [ARM-RX] [121] <45.00 -130.00 -15.00> result: 104.22 120.41 -48.57 -14.47 79.32 0.00
[11:58:27.644] [ARM-RX] [122] <45.00 -130.00 -15.00> result: 104.22 120.41 -48.57 -14.47 79.32 0.00
[11:58:27.644] [ARM-RX] [123] <45.00 -130.00 -15.00> result: 104.22 120.41 -48.57 -14.47 79.32 0.00
[11:58:27.645] [ARM-RX] [124] <45.00 -130.00 -
[11:58:27.666] [ARM-RX] 15.00> result: 104.22 120.41 -48.57 -14.47 79.32 0.00
[11:58:27.666] [ARM-RX] [125] <45.00 -130.00 -15.00> result: 104.22 120.41 -48.57 -14.47 79.32 0.00
[11:58:27.666] [ARM-RX] [126] <45.00 -130.00 -15.00> result: 104.22 120.41 -48.57 -14.47 79.32 0.00
[11:58:27.666] [ARM-RX] [127] <45.00 -130.00 -15.00> result: 104.22 120
[11:58:27.693] [ARM-RX] .41 -48.57 -14.47 79.32 0.00
[11:58:27.693] [ARM-RX] [128] <45.00 -130.00 -15.00> result: 104.22 120.41 -48.57 -14.47 79.32 0.00
[11:58:27.693] [ARM-RX] [129] <45.00 -130.00 -15.00> result: 104.22 120.41 -48.57 -14.47 79.32 0.00
[11:58:27.694] [ARM-RX] [130] <45.00 -130.00 -15.00> result: 104.22 120.41 -48.57 -14.47 79.32 0
[11:58:27.724] [ARM-RX] .00
[11:58:27.725] [ARM-RX] [131] <45.00 -130.00 -15.00> result: 104.22 120.41 -48.57 -14.47 79.32 0.00
[11:58:27.725] [ARM-RX] [132] <45.00 -130.00 -15.00> result: 104.22 120.41 -48.57 -14.47 79.32 0.00
[11:58:27.725] [ARM-RX] [133] <45.00 -130.00 -15.00> result: 104.22 120.41 -48.57 -14.47 79.32 0.00
[11:58:27.725] [ARM-RX] [134] <45.00 -130.00
[11:58:27.747] [ARM-RX] -15.00> result: 104.22 120.41 -48.57 -14.47 79.32 0.00
[11:58:27.747] [ARM-RX] [135] <45.00 -130.00 -15.00> result: 104.22 120.41 -48.57 -14.47 79.32 0.00
[11:58:27.748] [ARM-RX] [136] <45.00 -130.00 -15.00> result: 104.22 120.41 -48.57 -14.47 79.32 0.00
[11:58:27.748] [ARM-RX] [137] <45.00 -130.00 -15.00> result: 104.22 1
[11:58:27.770] [ARM-RX] 20.41 -48.57 -14.47 79.32 0.00
[11:58:27.771] [ARM-RX] [138] <45.00 -130.00 -15.00> result: 104.22 120.41 -48.57 -14.47 79.32 0.00
[11:58:27.771] [ARM-RX] [139] <45.00 -130.00 -15.00> result: 104.22 120.41 -48.57 -14.47 79.32 0.00
[11:58:27.771] [ARM-RX] [140] <45.00 -130.00 -15.00> result: 104.22 120.41 -48.57 -14.47 79.32
[11:58:27.794] [ARM-RX] 0.00
[11:58:27.794] [ARM-RX] [141] <45.00 -130.00 -15.00> result: 104.22 120.41 -48.57 -14.47 79.32 0.00
[11:58:27.794] [ARM-RX] [142] <45.00 -130.00 -15.00> result: 104.22 120.41 -48.57 -14.47 79.32 0.00
[11:58:27.795] [ARM-RX] [143] <45.00 -130.00 -15.00> result: 104.22 120.41 -48.57 -14.47 79.32 0.00
[11:58:27.795] [ARM-RX] [144] <45.00 -130.
[11:58:27.817] [ARM-RX] 00 -15.00> result: 104.22 120.41 -48.57 -14.47 79.32 0.00
[11:58:27.817] [ARM-RX] [145] <45.00 -130.00 -15.00> result: 104.22 120.41 -48.57 -14.47 79.32 0.00
[11:58:27.817] [ARM-RX] [146] <45.00 -130.00 -15.00> result: 104.22 120.41 -48.57 -14.47 79.32 0.00
[11:58:27.818] [ARM-RX] [147] <45.00 -130.00 -15.00> result: 104.22
[11:58:27.840] [ARM-RX] 120.41 -48.57 -14.47 79.32 0.00
[11:58:27.840] [ARM-RX] [148] <45.00 -130.00 -15.00> result: 104.22 120.41 -48.57 -14.47 79.32 0.00
[11:58:27.840] [ARM-RX] [149] <45.00 -130.00 -15.00> result: 104.22 120.41 -48.57 -14.47 79.32 0.00
[11:58:27.840] [ARM-RX] [150] <45.00 -130.00 -15.00> result: 104.22 120.41 -48.57 -14.47 79.
[11:58:27.863] [ARM-RX] 32 0.00
[11:58:27.864] [ARM-RX] [151] <45.00 -130.00 -15.00> result: 104.22 120.41 -48.57 -14.47 79.32 0.00
[11:58:27.864] [ARM-RX] [152] <45.00 -130.00 -15.00> result: 104.22 120.41 -48.57 -14.47 79.32 0.00
[11:58:27.864] [ARM-RX] [153] <45.00 -130.00 -15.00> result: 104.22 120.41 -48.57 -14.47 79.32 0.00
[11:58:27.864] [ARM-RX] [154] <45.00 -13
[11:58:27.886] [ARM-RX] 0.00 -15.00> result: 104.22 120.41 -48.57 -14.47 79.32 0.00
[11:58:27.886] [ARM-RX] [155] <45.00 -130.00 -15.00> result: 104.22 120.41 -48.57 -14.47 79.32 0.00
[11:58:27.886] [ARM-RX] [156] <45.00 -130.00 -15.00> result: 104.22 120.41 -48.57 -14.47 79.32 0.00
[11:58:27.886] [ARM-RX] [157] <45.00 -130.00 -15.00> result: 104.
[11:58:27.921] [ARM-RX] 22 120.41 -48.57 -14.47 79.32 0.00
[11:58:27.921] [ARM-RX] [158] <45.00 -130.00 -15.00> result: 104.22 120.41 -48.57 -14.47 79.32 0.00
[11:58:27.921] [ARM-RX] [159] <45.00 -130.00 -15.00> result: 104.22 120.41 -48.57 -14.47 79.32 0.00
[11:58:27.921] [ARM-RX] [160] <45.00 -130.00 -15.00> result: 104.22 120.41 -48.57 -14.47 7
[11:58:27.944] [ARM-RX] 9.32 0.00
[11:58:27.944] [ARM-RX] [161] <45.00 -130.00 -15.00> result: 104.22 120.41 -48.57 -14.47 79.32 0.00
[11:58:27.944] [ARM-RX] [162] <45.00 -130.00 -15.00> result: 104.22 120.41 -48.57 -14.47 79.32 0.00
[11:58:27.945] [ARM-RX] [163] <45.00 -130.00 -15.00> result: 104.22 120.41 -48.57 -14.47 79.32 0.00
[11:58:27.945] [ARM-RX] [164] <45.00 -
[11:58:27.967] [ARM-RX] 130.00 -15.00> result: 104.22 120.41 -48.57 -14.47 79.32 0.00
[11:58:27.967] [ARM-RX] [165] <45.00 -130.00 -15.00> result: 104.22 120.41 -48.57 -14.47 79.32 0.00
[11:58:27.967] [ARM-RX] [166] <45.00 -130.00 -15.00> result: 104.22 120.41 -48.57 -14.47 79.32 0.00
[11:58:27.967] [ARM-RX] [167] <45.00 -130.00 -15.00> result: 10
[11:58:27.992] [ARM-RX] 4.22 120.41 -48.57 -14.47 79.32 0.00
[11:58:27.992] [ARM-RX] [168] <45.00 -130.00 -15.00> result: 104.22 120.41 -48.57 -14.47 79.32 0.00
[11:58:27.992] [ARM-RX] [169] <45.00 -130.00 -15.00> result: 104.22 120.41 -48.57 -14.47 79.32 0.00
[11:58:27.992] [ARM-RX] [170] <45.00 -130.00 -15.00> result: 104.22 120.41 -48.57 -14.47
[11:58:28.013] [ARM-RX] 79.32 0.00
[11:58:28.014] [ARM-RX] [171] <45.00 -130.00 -15.00> result: 104.22 120.41 -48.57 -14.47 79.32 0.00
[11:58:28.014] [ARM-RX] [172] <45.00 -130.00 -15.00> result: 104.22 120.41 -48.57 -14.47 79.32 0.00
[11:58:28.014] [ARM-RX] [173] <45.00 -130.00 -15.00> result: 104.22 120.41 -48.57 -14.47 79.32 0.00
[11:58:28.014] [ARM-RX] [174] <45.00
[11:58:28.036] [ARM-RX] -130.00 -15.00> result: 104.22 120.41 -48.57 -14.47 79.32 0.00
[11:58:28.036] [ARM-RX] [175] <45.00 -130.00 -15.00> result: 104.22 120.41 -48.57 -14.47 79.32 0.00
[11:58:28.036] [ARM-RX] [176] <45.00 -130.00 -15.00> result: 104.22 120.41 -48.57 -14.47 79.32 0.00
[11:58:28.037] [ARM-RX] [177] <45.00 -130.00 -15.00> result:
[11:58:28.059] [ARM-RX] 104.22 120.41 -48.57 -14.47 79.32 0.00
[11:58:28.060] [ARM-RX] [178] <45.00 -130.00 -15.00> result: 104.22 120.41 -48.57 -14.47 79.32 0.00
[11:58:28.060] [ARM-RX] [179] <45.00 -130.00 -15.00> result: 104.22 120.41 -48.57 -14.47 79.32 0.00
[11:58:28.060] [ARM-RX] [180] <45.00 -130.00 -15.00> result: 104.22 120.41 -48.57 -14.
[11:58:28.094] [ARM-RX] 47 79.32 0.00
[11:58:28.094] [ARM-RX] [181] <45.00 -130.00 -15.00> result: 104.22 120.41 -48.57 -14.47 79.32 0.00
[11:58:28.094] [ARM-RX] [182] <45.00 -130.00 -15.00> result: 104.22 120.41 -48.57 -14.47 79.32 0.00
[11:58:28.096] [ARM-RX] [183] <45.00 -130.00 -15.00> result: 104.22 120.41 -48.57 -14.47 79.32 0.00
[11:58:28.096] [ARM-RX] [184] <45.
[11:58:28.117] [ARM-RX] 00 -130.00 -15.00> result: 104.22 120.41 -48.57 -14.47 79.32 0.00
[11:58:28.117] [ARM-RX] [185] <45.00 -130.00 -15.00> result: 104.22 120.41 -48.57 -14.47 79.32 0.00
[11:58:28.117] [ARM-RX] [186] <45.00 -130.00 -15.00> result: 104.22 120.41 -48.57 -14.47 79.32 0.00
[11:58:28.117] [ARM-RX] [187] <45.00 -130.00 -15.00> result
[11:58:28.140] [ARM-RX] : 104.22 120.41 -48.57 -14.47 79.32 0.00
[11:58:28.140] [ARM-RX] [188] <45.00 -130.00 -15.00> result: 104.22 120.41 -48.57 -14.47 79.32 0.00
[11:58:28.140] [ARM-RX] [189] <45.00 -130.00 -15.00> result: 104.22 120.41 -48.57 -14.47 79.32 0.00
[11:58:28.141] [ARM-RX] [190] <45.00 -130.00 -15.00> result: 104.22 120.41 -48.57 -1
[11:58:28.165] [ARM-RX] 4.47 79.32 0.00
[11:58:28.165] [ARM-RX] [191] <45.00 -130.00 -15.00> result: 104.22 120.41 -48.57 -14.47 79.32 0.00
[11:58:28.165] [ARM-RX] [192] <45.00 -130.00 -15.00> result: 104.22 120.41 -48.57 -14.47 79.32 0.00
[11:58:28.165] [ARM-RX] [193] <45.00 -130.00 -15.00> result: 104.22 120.41 -48.57 -14.47 79.32 0.00
[11:58:28.165] [ARM-RX] [194] <4
[11:58:28.188] [ARM-RX] 5.00 -130.00 -15.00> result: 104.22 120.41 -48.57 -14.47 79.32 0.00
[11:58:28.188] [ARM-RX] [195] <45.00 -130.00 -15.00> result: 104.22 120.41 -48.57 -14.47 79.32 0.00
[11:58:28.188] [ARM-RX] [196] <45.00 -130.00 -15.00> result: 104.22 120.41 -48.57 -14.47 79.32 0.00
[11:58:28.188] [ARM-RX] [197] <45.00 -130.00 -15.00> resu
[11:58:28.210] [ARM-RX] lt: 104.22 120.41 -48.57 -14.47 79.32 0.00
[11:58:28.211] [ARM-RX] [198] <45.00 -130.00 -15.00> result: 104.22 120.41 -48.57 -14.47 79.32 0.00
[11:58:28.211] [ARM-RX] [199] <45.00 -130.00 -15.00> result: 104.22 120.41 -48.57 -14.47 79.32 0.00
[11:58:28.211] [ARM-RX] [200] <45.00 -130.00 -15.00> result: 104.22 120.41 -48.57
[11:58:28.232] [ARM-RX] -14.47 79.32 0.00
[11:58:28.234] [ARM-RX] [201] <45.00 -130.00 -15.00> result: 104.22 120.41 -48.57 -14.47 79.32 0.00
[11:58:28.234] [ARM-RX] [202] <45.00 -130.00 -15.00> result: 104.22 120.41 -48.57 -14.47 79.32 0.00
[11:58:28.234] [ARM-RX] [203] <45.00 -130.00 -15.00> result: 104.22 120.41 -48.57 -14.47 79.32 0.00
[11:58:28.234] [ARM-RX] [204]
[11:58:28.256] [ARM-RX] <45.00 -130.00 -15.00> result: 104.22 120.41 -48.57 -14.47 79.32 0.00
[11:58:28.256] [ARM-RX] [205] <45.00 -130.00 -15.00> result: 104.22 120.41 -48.57 -14.47 79.32 0.00
[11:58:28.256] [ARM-RX] [206] <45.00 -130.00 -15.00> result: 104.22 120.41 -48.57 -14.47 79.32 0.00
[11:58:28.256] [ARM-RX] [207] <45.00 -130.00 -15.00> re
[11:58:28.292] [ARM-RX] sult: 104.22 120.41 -48.57 -14.47 79.32 0.00
[11:58:28.293] [ARM-RX] [208] <45.00 -130.00 -15.00> result: 104.22 120.41 -48.57 -14.47 79.32 0.00
[11:58:28.293] [ARM-RX] [209] <45.00 -130.00 -15.00> result: 104.22 120.41 -48.57 -14.47 79.32 0.00
[11:58:28.293] [ARM-RX] [210] <45.00 -130.00 -15.00> result: 104.22 120.41 -48.5
[11:58:28.314] [ARM-RX] 7 -14.47 79.32 0.00
[11:58:28.314] [ARM-RX] [211] <45.00 -130.00 -15.00> result: 104.22 120.41 -48.57 -14.47 79.32 0.00
[11:58:28.314] [ARM-RX] [212] <45.00 -130.00 -15.00> result: 104.22 120.41 -48.57 -14.47 79.32 0.00
[11:58:28.314] [ARM-RX] [213] <45.00 -130.00 -15.00> result: 104.22 120.41 -48.57 -14.47 79.32 0.00
[11:58:28.315] [ARM-RX] [214
[11:58:28.337] [ARM-RX] ] <45.00 -130.00 -15.00> result: 104.22 120.41 -48.57 -14.47 79.32 0.00
[11:58:28.338] [ARM-RX] [215] <45.00 -130.00 -15.00> result: 104.22 120.41 -48.57 -14.47 79.32 0.00
[11:58:28.338] [ARM-RX] [216] <45.00 -130.00 -15.00> result: 104.22 120.41 -48.57 -14.47 79.32 0.00
[11:58:28.338] [ARM-RX] [217] <45.00 -130.00 -15.00>
[11:58:28.360] [ARM-RX] result: 104.22 120.41 -48.57 -14.47 79.32 0.00
[11:58:28.360] [ARM-RX] [218] <45.00 -130.00 -15.00> result: 104.22 120.41 -48.57 -14.47 79.32 0.00
[11:58:28.361] [ARM-RX] [219] <45.00 -130.00 -15.00> result: 104.22 120.41 -48.57 -14.47 79.32 0.00
[11:58:28.361] [ARM-RX] [220] <45.00 -130.00 -15.00> result: 104.22 120.41 -48
[11:58:28.383] [ARM-RX] .57 -14.47 79.32 0.00
[11:58:28.384] [ARM-RX] [221] <45.00 -130.00 -15.00> result: 104.22 120.41 -48.57 -14.47 79.32 0.00
[11:58:28.384] [ARM-RX] [222] <45.00 -130.00 -15.00> result: 104.22 120.41 -48.57 -14.47 79.32 0.00
[11:58:28.384] [ARM-RX] [223] <45.00 -130.00 -15.00> result: 104.22 120.41 -48.57 -14.47 79.32 0.00
[11:58:28.384] [ARM-RX] [2
[11:58:28.406] [ARM-RX] 24] <45.00 -130.00 -15.00> result: 104.22 120.41 -48.57 -14.47 79.32 0.00
[11:58:28.406] [ARM-RX] [225] <45.00 -130.00 -15.00> result: 104.22 120.41 -48.57 -14.47 79.32 0.00
[11:58:28.407] [ARM-RX] [226] <45.00 -130.00 -15.00> result: 104.22 120.41 -48.57 -14.47 79.32 0.00
[11:58:28.407] [ARM-RX] [227] <45.00 -130.00 -15.00
[11:58:28.429] [ARM-RX] > result: 104.22 120.41 -48.57 -14.47 79.32 0.00
[11:58:28.429] [ARM-RX] [228] <45.00 -130.00 -15.00> result: 104.22 120.41 -48.57 -14.47 79.32 0.00
[11:58:28.430] [ARM-RX] [229] <45.00 -130.00 -15.00> result: 104.22 120.41 -48.57 -14.47 79.32 0.00
[11:58:28.430] [ARM-RX] [230] <45.00 -130.00 -15.00> result: 104.22 120.41 -
[11:58:28.463] [ARM-RX] 48.57 -14.47 79.32 0.00
[11:58:28.465] [ARM-RX] [231] <45.00 -130.00 -15.00> result: 104.22 120.41 -48.57 -14.47 79.32 0.00
[11:58:28.465] [ARM-RX] [232] <45.00 -130.00 -15.00> result: 104.22 120.41 -48.57 -14.47 79.32 0.00
[11:58:28.465] [ARM-RX] [233] <45.00 -130.00 -15.00> result: 104.22 120.41 -48.57 -14.47 79.32 0.00
[11:58:28.488] [ARM-RX] [234] <45.00 -130.00 -15.00> result: 104.22 120.41 -48.57 -14.47 79.32 0.00
[11:58:28.488] [ARM-RX] [235] <45.00 -130.00 -15.00> result: 104.22 120.41 -48.57 -14.47 79.32 0.00
[11:58:28.488] [ARM-RX] [236] <45.00 -130.00 -15.00> result: 104.22 120.41 -48.57 -14.47 79.32 0.00
[11:58:28.489] [ARM-RX] [237] <45.00 -130.00 -15.
[11:58:28.510] [ARM-RX] 00> result: 104.22 120.41 -48.57 -14.47 79.32 0.00
[11:58:28.511] [ARM-RX] [238] <45.00 -130.00 -15.00> result: 104.22 120.41 -48.57 -14.47 79.32 0.00
[11:58:28.511] [ARM-RX] [239] <45.00 -130.00 -15.00> result: 104.22 120.41 -48.57 -14.47 79.32 0.00
[11:58:28.511] [ARM-RX] [240] <45.00 -130.00 -15.00> result: 104.22 120.41
[11:58:28.536] [ARM-RX] -48.57 -14.47 79.32 0.00
[11:58:28.536] [ARM-RX] [241] <45.00 -130.00 -15.00> result: 104.22 120.41 -48.57 -14.47 79.32 0.00
[11:58:28.537] [ARM-RX] [242] <45.00 -130.00 -15.00> result: 104.22 120.41 -48.57 -14.47 79.32 0.00
[11:58:28.537] [ARM-RX] [243] <45.00 -130.00 -15.00> result: 104.22 120.41 -48.57 -14.47 79.32 0.00
[11:58:28.556] [ARM-RX] [244] <45.00 -130.00 -15.00> result: 104.22 120.41 -48.57 -14.47 79.32 0.00
[11:58:28.556] [ARM-RX] [245] <45.00 -130.00 -15.00> result: 104.22 120.41 -48.57 -14.47 79.32 0.00
[11:58:28.556] [ARM-RX] [246] <45.00 -130.00 -15.00> result: 104.22 120.41 -48.57 -14.47 79.32 0.00
[11:58:28.556] [ARM-RX] [247] <45.00 -130.00 -1
[11:58:28.579] [ARM-RX] 5.00> result: 104.22 120.41 -48.57 -14.47 79.32 0.00
[11:58:28.579] [ARM-RX] [248] <45.00 -130.00 -15.00> result: 104.22 120.41 -48.57 -14.47 79.32 0.00
[11:58:28.579] [ARM-RX] [249] <45.00 -130.00 -15.00> result: 104.22 120.41 -48.57 -14.47 79.32 0.00
[11:58:28.580] [ARM-RX] [250] <45.00 -130.00 -15.00> result: 104.22 120.
[11:58:28.603] [ARM-RX] 41 -48.57 -14.47 79.32 0.00
[11:58:28.603] [ARM-RX] [251] <45.00 -130.00 -15.00> result: 104.22 120.41 -48.57 -14.47 79.32 0.00
[11:58:28.603] [ARM-RX] [252] <45.00 -130.00 -15.00> result: 104.22 120.41 -48.57 -14.47 79.32 0.00
[11:58:28.603] [ARM-RX] [253] <45.00 -130.00 -15.00> result: 104.22 120.41 -48.57 -14.47 79.32 0.
[11:58:28.625] [ARM-RX] 00
[11:58:28.627] [ARM-RX] [254] <45.00 -130.00 -15.00> result: 104.22 120.41 -48.57 -14.47 79.32 0.00
[11:58:28.627] [ARM-RX] [255] <45.00 -130.00 -15.00> result: 104.22 120.41 -48.57 -14.47 79.32 0.00
[11:58:28.627] [ARM-RX] [256] <45.00 -130.00 -15.00> result: 104.22 120.41 -48.57 -14.47 79.32 0.00
[11:58:28.627] [ARM-RX] [257] <45.00 -130.00
[11:58:28.660] [ARM-RX] -15.00> result: 104.22 120.41 -48.57 -14.47 79.32 0.00
[11:58:28.661] [ARM-RX] [258] <45.00 -130.00 -15.00> result: 104.22 120.41 -48.57 -14.47 79.32 0.00
[11:58:28.661] [ARM-RX] [259] <45.00 -130.00 -15.00> result: 104.22 120.41 -48.57 -14.47 79.32 0.00
[11:58:28.661] [ARM-RX] [260] <45.00 -130.00 -15.00> result: 104.22 12
[11:58:28.683] [ARM-RX] 0.41 -48.57 -14.47 79.32 0.00
[11:58:28.683] [ARM-RX] [261] <45.00 -130.00 -15.00> result: 104.22 120.41 -48.57 -14.47 79.32 0.00
[11:58:28.683] [ARM-RX] [262] <45.00 -130.00 -15.00> result: 104.22 120.41 -48.57 -14.47 79.32 0.00
[11:58:28.684] [ARM-RX] [263] <45.00 -130.00 -15.00> result: 104.22 120.41 -48.57 -14.47 79.32
[11:58:28.706] [ARM-RX] 0.00
[11:58:28.706] [ARM-RX] [264] <45.00 -130.00 -15.00> result: 104.22 120.41 -48.57 -14.47 79.32 0.00
[11:58:28.707] [ARM-RX] [265] <45.00 -130.00 -15.00> result: 104.22 120.41 -48.57 -14.47 79.32 0.00
[11:58:28.707] [ARM-RX] [266] <45.00 -130.00 -15.00> result: 104.22 120.41 -48.57 -14.47 79.32 0.00
[11:58:28.707] [ARM-RX] [267] <45.00 -130.0
[11:58:28.769] [ARM-RX] 0 -15.00> result: 104.22 120.41 -48.57 -14.47 79.32 0.00
[11:58:31.572] [ARM-RX] [joint 1] ave_error:0.44
[11:58:31.572] [ARM-RX] [joint 2] ave_error:7.35
[11:58:31.572] [ARM-RX] [joint 3] ave_error:8.07
[11:58:31.572] [ARM-RX] [joint 4] ave_error:0.53
[11:58:31.573] [ARM-RX] [joint 5] ave_error:1.12
[11:58:31.573] [ARM-RX] robot pid run finished!!
[11:58:32.355] [ARM-RX] AUTO final confirm failed: joint 2 err=12.74deg tol=3.00, pose invalid.
[11:58:32.355] [ARM-RX] J1 cur=104.14 target=104.22 err=0.08
[11:58:32.355] [ARM-RX] J2 cur=131.66 target=120.41 err=-11.25
[11:58:32.356] [ARM-RX] J3 cur=-35.84 target=-48.57 err=-12.74
[11:58:32.356] [ARM-RX] J4 cur=-14.56 target=-14.47 err=0.09
[11:58:32.356] [ARM-RX] J5 cur=79.05 targ
[11:58:32.415] [ARM-RX] et=79.32 err=0.27
[11:58:33.405] [ARM-TX] 发送命令 abs_rotate 0 75: abs_rotate 0 75
[11:58:33.538] [ARM-RX] Found handler for 'abs_rotate', executing...
[11:58:33.538] [ARM-RX] [joint_id: 0] ROBOT_JOINT_ABS_ROTATE 75.000000
[11:58:57.855] [ARM-TX] 发送命令 soft_reset: soft_reset
[11:58:57.978] [ARM-RX] Found handler for 'soft_reset', executing...
[11:58:57.978] [ARM-RX] ROBOT_SOFT_RESET_EVENT
[11:58:57.978] [ARM-RX] --- Starting soft reset ---
[11:58:58.164] [ARM-RX] Soft reset motors enabled (J1~J5, J6 skipped).
[11:58:58.164] [ARM-RX] Soft resetting joint 4...
[11:58:58.164] [ARM-RX] robot_update_current_angle 4...
[11:58:58.164] [ARM-RX] [4] current:79.05, target:90.00, dir:1
[11:58:59.286] [ARM-RX] Soft resetting joint 3...
[11:58:59.286] [ARM-RX] robot_update_current_angle 3...
[11:58:59.287] [ARM-RX] [3] current:-14.56, target:0.00, dir:1
[11:59:00.905] [ARM-RX] soft reset joint 3 settle timeout, keep going
[11:59:00.905] [ARM-RX] Soft resetting joint 1...
[11:59:00.905] [ARM-RX] robot_update_current_angle 1...
[11:59:00.905] [ARM-RX] [1] current:131.65, target:90.00, dir:-1
[11:59:03.139] [ARM-RX] soft reset joint 1 settle timeout, keep going
[11:59:03.139] [ARM-RX] Soft resetting joint 2...
[11:59:03.139] [ARM-RX] robot_update_current_angle 2...
[11:59:03.139] [ARM-RX] [2] current:-35.84, target:-90.00, dir:-1
[11:59:05.756] [ARM-RX] soft reset joint 2 settle timeout, keep going
[11:59:05.756] [ARM-RX] Soft resetting joint 0...
[11:59:05.756] [ARM-RX] robot_update_current_angle 0...
[11:59:05.756] [ARM-RX] [0] current:75.00, target:90.00, dir:1
[11:59:07.307] [ARM-RX] soft reset joint 0 settle timeout, keep going
[11:59:07.307] [ARM-RX] soft reset verify not pass, start refine loop...
[11:59:07.493] [ARM-RX] soft reset refine pass 1 success.
[11:59:07.493] [ARM-RX] soft reset final verify PASS (issues:4), pose set HOME.
[11:59:27.448] [ARM-TX] 发送命令 auto 50 -130 -15: auto 50 -130 -15
[11:59:27.510] [ARM-RX] Found handler for 'auto', executing...
[11:59:27.511] [ARM-RX] ROBOT_AUTO_EVENT
[11:59:27.511] [ARM-RX] [0] <0.00 0.00 0.00> result: 90.00 90.00 -90.00 0.00 90.00 0.00
[11:59:27.511] [ARM-RX] [1] <0.00 -0.00 -0.00> result: 90.00 90.00 -90.00 -0.00 90.00 0.00
[11:59:27.511] [ARM-RX] [2] <0.00 -0.00 -0.00> result: 90.00 90.00 -90.00 -0.00 90.00 0.00
[11:59:27.535] [ARM-RX] [3] <0.00 -0.00 -0.00> result: 90.00 90.00 -90.00 -0.00 90.00 0.00
[11:59:27.535] [ARM-RX] [4] <0.00 -0.01 -0.00> result: 90.00 90.00 -90.00 -0.00 90.00 0.00
[11:59:27.535] [ARM-RX] [5] <0.01 -0.02 -0.00> result: 90.01 90.01 -90.00 -0.01 90.00 0.00
[11:59:27.536] [ARM-RX] [6] <0.01 -0.03 -0.00> result: 90.01 90.01 -89.99 -
[11:59:27.557] [ARM-RX] 0.01 90.00 0.00
[11:59:27.557] [ARM-RX] [7] <0.02 -0.05 -0.01> result: 90.02 90.02 -89.99 -0.02 90.01 0.00
[11:59:27.557] [ARM-RX] [8] <0.03 -0.07 -0.01> result: 90.03 90.03 -89.98 -0.03 90.01 0.00
[11:59:27.557] [ARM-RX] [9] <0.04 -0.09 -0.01> result: 90.04 90.04 -89.97 -0.04 90.01 0.00
[11:59:27.558] [ARM-RX] [10] <0.05 -0.12 -0.01> result: 90.
[11:59:27.580] [ARM-RX] 06 90.05 -89.97 -0.06 90.02 0.00
[11:59:27.580] [ARM-RX] [11] <0.06 -0.16 -0.02> result: 90.08 90.07 -89.95 -0.08 90.02 0.00
[11:59:27.581] [ARM-RX] [12] <0.08 -0.21 -0.02> result: 90.10 90.09 -89.94 -0.10 90.03 0.00
[11:59:27.581] [ARM-RX] [13] <0.10 -0.26 -0.03> result: 90.12 90.11 -89.93 -0.12 90.04 0.00
[11:59:27.581] [ARM-RX] [14] <0.13 -0.3
[11:59:27.603] [ARM-RX] 3 -0.04> result: 90.15 90.14 -89.91 -0.15 90.04 0.00
[11:59:27.603] [ARM-RX] [15] <0.15 -0.40 -0.05> result: 90.18 90.17 -89.89 -0.18 90.05 0.00
[11:59:27.604] [ARM-RX] [16] <0.19 -0.48 -0.06> result: 90.22 90.20 -89.87 -0.22 90.07 0.00
[11:59:27.604] [ARM-RX] [17] <0.22 -0.58 -0.07> result: 90.26 90.24 -89.84 -0.26 90.08 0
[11:59:27.628] [ARM-RX] .00
[11:59:27.628] [ARM-RX] [18] <0.26 -0.68 -0.08> result: 90.31 90.28 -89.81 -0.31 90.09 0.00
[11:59:27.629] [ARM-RX] [19] <0.31 -0.79 -0.09> result: 90.36 90.33 -89.78 -0.36 90.11 0.00
[11:59:27.629] [ARM-RX] [20] <0.35 -0.92 -0.11> result: 90.42 90.38 -89.74 -0.42 90.12 0.00
[11:59:27.629] [ARM-RX] [21] <0.41 -1.06 -0.12> result: 90.48 90.44
[11:59:27.649] [ARM-RX] -89.71 -0.48 90.14 0.00
[11:59:27.649] [ARM-RX] [22] <0.47 -1.22 -0.14> result: 90.55 90.50 -89.66 -0.55 90.16 0.00
[11:59:27.650] [ARM-RX] [23] <0.53 -1.38 -0.16> result: 90.62 90.57 -89.62 -0.62 90.18 0.00
[11:59:27.650] [ARM-RX] [24] <0.60 -1.57 -0.18> result: 90.70 90.64 -89.57 -0.70 90.20 0.00
[11:59:27.650] [ARM-RX] [25] <0.68 -1.76 -0.20>
[11:59:27.684] [ARM-RX] result: 90.79 90.72 -89.51 -0.79 90.23 0.00
[11:59:27.684] [ARM-RX] [26] <0.76 -1.98 -0.23> result: 90.88 90.80 -89.45 -0.88 90.25 0.00
[11:59:27.684] [ARM-RX] [27] <0.85 -2.21 -0.25> result: 90.98 90.89 -89.39 -0.98 90.28 0.00
[11:59:27.684] [ARM-RX] [28] <0.94 -2.45 -0.28> result: 91.08 90.99 -89.32 -1.08 90.31 0.00
[11:59:27.685] [ARM-RX] [29]
[11:59:27.707] [ARM-RX] <1.04 -2.72 -0.31> result: 91.19 91.09 -89.24 -1.19 90.34 0.00
[11:59:27.708] [ARM-RX] [30] <1.15 -3.00 -0.35> result: 91.30 91.20 -89.17 -1.30 90.37 0.00
[11:59:27.708] [ARM-RX] [31] <1.27 -3.30 -0.38> result: 91.43 91.32 -89.08 -1.43 90.40 0.00
[11:59:27.708] [ARM-RX] [32] <1.39 -3.61 -0.42> result: 91.55 91.44 -88.99 -1
[11:59:27.730] [ARM-RX] .55 90.43 0.00
[11:59:27.730] [ARM-RX] [33] <1.52 -3.95 -0.46> result: 91.69 91.57 -88.90 -1.69 90.47 0.00
[11:59:27.730] [ARM-RX] [34] <1.66 -4.31 -0.50> result: 91.83 91.70 -88.80 -1.83 90.50 0.00
[11:59:27.730] [ARM-RX] [35] <1.80 -4.68 -0.54> result: 91.97 91.84 -88.69 -1.97 90.53 0.00
[11:59:27.731] [ARM-RX] [36] <1.95 -5.08 -0.59> result: 9
[11:59:27.755] [ARM-RX] 2.12 91.99 -88.58 -2.12 90.57 0.00
[11:59:27.756] [ARM-RX] [37] <2.11 -5.50 -0.63> result: 92.28 92.15 -88.46 -2.28 90.61 0.00
[11:59:27.756] [ARM-RX] [38] <2.28 -5.94 -0.69> result: 92.44 92.31 -88.33 -2.44 90.64 0.00
[11:59:27.756] [ARM-RX] [39] <2.46 -6.40 -0.74> result: 92.61 92.48 -88.20 -2.61 90.68 0.00
[11:59:27.756] [ARM-RX] [40] <2.65 -6
[11:59:27.776] [ARM-RX] .88 -0.79> result: 92.78 92.65 -88.06 -2.78 90.71 0.00
[11:59:27.776] [ARM-RX] [41] <2.84 -7.39 -0.85> result: 92.96 92.83 -87.92 -2.96 90.75 0.00
[11:59:27.777] [ARM-RX] [42] <3.04 -7.92 -0.91> result: 93.14 93.02 -87.77 -3.14 90.78 0.00
[11:59:27.777] [ARM-RX] [43] <3.26 -8.47 -0.98> result: 93.32 93.21 -87.61 -3.32 90.82
[11:59:27.800] [ARM-RX] 0.00
[11:59:27.801] [ARM-RX] [44] <3.48 -9.04 -1.04> result: 93.51 93.41 -87.44 -3.51 90.85 0.00
[11:59:27.801] [ARM-RX] [45] <3.71 -9.64 -1.11> result: 93.71 93.62 -87.27 -3.71 90.88 0.00
[11:59:27.802] [ARM-RX] [46] <3.95 -10.27 -1.18> result: 93.90 93.83 -87.09 -3.90 90.91 0.00
[11:59:27.802] [ARM-RX] [47] <4.20 -10.92 -1.26> result: 94.10 94
[11:59:27.823] [ARM-RX] .05 -86.90 -4.10 90.94 0.00
[11:59:27.823] [ARM-RX] [48] <4.46 -11.59 -1.34> result: 94.31 94.27 -86.70 -4.31 90.97 0.00
[11:59:27.823] [ARM-RX] [49] <4.73 -12.29 -1.42> result: 94.51 94.50 -86.50 -4.51 90.99 0.00
[11:59:27.823] [ARM-RX] [50] <5.01 -13.01 -1.50> result: 94.72 94.74 -86.28 -4.72 91.02 0.00
[11:59:27.824] [ARM-RX] [51] <5.29 -13.76
[11:59:27.845] [ARM-RX] -1.59> result: 94.93 94.98 -86.06 -4.93 91.04 0.00
[11:59:27.846] [ARM-RX] [52] <5.59 -14.54 -1.68> result: 95.14 95.22 -85.83 -5.14 91.05 0.00
[11:59:27.846] [ARM-RX] [53] <5.90 -15.34 -1.77> result: 95.35 95.47 -85.60 -5.35 91.07 0.00
[11:59:27.846] [ARM-RX] [54] <6.22 -16.17 -1.87> result: 95.57 95.73 -85.35 -5.57 91.08
[11:59:27.880] [ARM-RX] 0.00
[11:59:27.882] [ARM-RX] [55] <6.55 -17.03 -1.96> result: 95.78 95.99 -85.10 -5.78 91.08 0.00
[11:59:27.882] [ARM-RX] [56] <6.89 -17.91 -2.07> result: 96.00 96.26 -84.84 -6.00 91.09 0.00
[11:59:27.882] [ARM-RX] [57] <7.24 -18.82 -2.17> result: 96.22 96.53 -84.56 -6.22 91.09 0.00
[11:59:27.882] [ARM-RX] [58] <7.60 -19.75 -2.28> result: 96.43
[11:59:27.905] [ARM-RX] 96.80 -84.28 -6.43 91.08 0.00
[11:59:27.905] [ARM-RX] [59] <7.97 -20.72 -2.39> result: 96.65 97.08 -84.00 -6.65 91.07 0.00
[11:59:27.905] [ARM-RX] [60] <8.35 -21.71 -2.50> result: 96.87 97.37 -83.70 -6.87 91.06 0.00
[11:59:27.905] [ARM-RX] [61] <8.74 -22.73 -2.62> result: 97.08 97.66 -83.39 -7.08 91.04 0.00
[11:59:27.905] [ARM-RX] [62] <9.14 -23.
[11:59:27.926] [ARM-RX] 77 -2.74> result: 97.30 97.95 -83.07 -7.30 91.02 0.00
[11:59:27.927] [ARM-RX] [63] <9.56 -24.85 -2.87> result: 97.51 98.25 -82.75 -7.51 90.99 0.00
[11:59:27.927] [ARM-RX] [64] <9.98 -25.95 -2.99> result: 97.72 98.55 -82.41 -7.73 90.95 0.00
[11:59:27.927] [ARM-RX] [65] <10.41 -27.08 -3.12> result: 97.94 98.85 -82.07 -7.94 90
[11:59:27.949] [ARM-RX] .91 0.00
[11:59:27.950] [ARM-RX] [66] <10.86 -28.23 -3.26> result: 98.15 99.16 -81.72 -8.15 90.87 0.00
[11:59:27.950] [ARM-RX] [67] <11.31 -29.42 -3.39> result: 98.35 99.47 -81.35 -8.36 90.82 0.00
[11:59:27.950] [ARM-RX] [68] <11.78 -30.63 -3.53> result: 98.56 99.79 -80.98 -8.56 90.76 0.00
[11:59:27.950] [ARM-RX] [69] <12.26 -31.87 -3.68> result:
[11:59:27.975] [ARM-RX] 98.77 100.11 -80.60 -8.77 90.70 0.00
[11:59:27.975] [ARM-RX] [70] <12.75 -33.14 -3.82> result: 98.97 100.43 -80.21 -8.97 90.63 0.00
[11:59:27.975] [ARM-RX] [71] <13.24 -34.44 -3.97> result: 99.17 100.75 -79.81 -9.17 90.56 0.00
[11:59:27.976] [ARM-RX] [72] <13.75 -35.76 -4.13> result: 99.37 101.08 -79.40 -9.37 90.48 0.00
[11:59:27.976] [ARM-RX] [
[11:59:27.999] [ARM-RX] 73] <14.27 -37.11 -4.28> result: 99.56 101.42 -78.98 -9.56 90.39 0.00
[11:59:28.000] [ARM-RX] [74] <14.80 -38.49 -4.44> result: 99.75 101.75 -78.55 -9.75 90.30 0.00
[11:59:28.000] [ARM-RX] [75] <15.34 -39.90 -4.60> result: 99.94 102.09 -78.11 -9.94 90.20 0.00
[11:59:28.000] [ARM-RX] [76] <15.90 -41.33 -4.77> result: 100.13
[11:59:28.019] [ARM-RX] 102.43 -77.67 -10.13 90.10 0.00
[11:59:28.019] [ARM-RX] [77] <16.46 -42.79 -4.94> result: 100.32 102.77 -77.21 -10.32 89.98 0.00
[11:59:28.020] [ARM-RX] [78] <17.03 -44.28 -5.11> result: 100.50 103.12 -76.74 -10.50 89.87 0.00
[11:59:28.020] [ARM-RX] [79] <17.61 -45.79 -5.28> result: 100.68 103.47 -76.27 -10.68 89.74 0.00
[11:59:28.020] [ARM-RX] [
[11:59:28.054] [ARM-RX] 80] <18.21 -47.33 -5.46> result: 100.85 103.83 -75.78 -10.85 89.61 0.00
[11:59:28.054] [ARM-RX] [81] <18.81 -48.90 -5.64> result: 101.03 104.18 -75.28 -11.03 89.48 0.00
[11:59:28.055] [ARM-RX] [82] <19.42 -50.50 -5.83> result: 101.20 104.54 -74.78 -11.20 89.33 0.00
[11:59:28.055] [ARM-RX] [83] <20.05 -52.12 -6.01> result: 1
[11:59:28.077] [ARM-RX] 01.36 104.90 -74.26 -11.36 89.18 0.00
[11:59:28.077] [ARM-RX] [84] <20.68 -53.76 -6.20> result: 101.53 105.27 -73.74 -11.53 89.03 0.00
[11:59:28.077] [ARM-RX] [85] <21.32 -55.44 -6.40> result: 101.69 105.63 -73.21 -11.69 88.86 0.00
[11:59:28.078] [ARM-RX] [86] <21.97 -57.13 -6.59> result: 101.85 106.00 -72.67 -11.85 88.70 0
[11:59:28.101] [ARM-RX] .00
[11:59:28.101] [ARM-RX] [87] <22.64 -58.86 -6.79> result: 102.00 106.37 -72.11 -12.01 88.52 0.00
[11:59:28.101] [ARM-RX] [88] <23.31 -60.60 -6.99> result: 102.15 106.75 -71.55 -12.16 88.34 0.00
[11:59:28.102] [ARM-RX] [89] <23.99 -62.37 -7.20> result: 102.30 107.13 -70.98 -12.31 88.15 0.00
[11:59:28.102] [ARM-RX] [90] <24.68 -64.17 -7.40> res
[11:59:28.122] [ARM-RX] ult: 102.45 107.51 -70.40 -12.46 87.96 0.00
[11:59:28.122] [ARM-RX] [91] <25.38 -65.99 -7.61> result: 102.59 107.89 -69.81 -12.60 87.76 0.00
[11:59:28.124] [ARM-RX] [92] <26.09 -67.83 -7.83> result: 102.73 108.28 -69.22 -12.74 87.55 0.00
[11:59:28.124] [ARM-RX] [93] <26.81 -69.70 -8.04> result: 102.87 108.66 -68.61 -12.88 8
[11:59:28.146] [ARM-RX] 7.34 0.00
[11:59:28.146] [ARM-RX] [94] <27.53 -71.59 -8.26> result: 103.00 109.05 -68.00 -13.02 87.12 0.00
[11:59:28.146] [ARM-RX] [95] <28.27 -73.50 -8.48> result: 103.14 109.45 -67.37 -13.16 86.90 0.00
[11:59:28.146] [ARM-RX] [96] <29.01 -75.43 -8.70> result: 103.27 109.84 -66.74 -13.29 86.67 0.00
[11:59:28.147] [ARM-RX] [97] <29.76 -77.39 -8.9
[11:59:28.169] [ARM-RX] 3> result: 103.39 110.24 -66.10 -13.42 86.44 0.00
[11:59:28.170] [ARM-RX] [98] <30.52 -79.36 -9.16> result: 103.52 110.64 -65.45 -13.55 86.20 0.00
[11:59:28.170] [ARM-RX] [99] <31.29 -81.36 -9.39> result: 103.64 111.04 -64.79 -13.67 85.95 0.00
[11:59:28.170] [ARM-RX] [100] <32.07 -83.38 -9.62> result: 103.75 111.45 -64.12 -
[11:59:28.193] [ARM-RX] 13.79 85.70 0.00
[11:59:28.194] [ARM-RX] [101] <32.85 -85.42 -9.86> result: 103.87 111.86 -63.44 -13.92 85.44 0.00
[11:59:28.194] [ARM-RX] [102] <33.64 -87.47 -10.09> result: 103.98 112.27 -62.76 -14.03 85.18 0.00
[11:59:28.194] [ARM-RX] [103] <34.44 -89.55 -10.33> result: 104.09 112.68 -62.07 -14.15 84.91 0.00
[11:59:28.194] [ARM-RX] [104] <35.2
[11:59:28.215] [ARM-RX] 5 -91.64 -10.57> result: 104.20 113.10 -61.37 -14.27 84.63 0.00
[11:59:28.216] [ARM-RX] [105] <36.06 -93.75 -10.82> result: 104.31 113.51 -60.66 -14.38 84.35 0.00
[11:59:28.216] [ARM-RX] [106] <36.88 -95.88 -11.06> result: 104.41 113.93 -59.94 -14.49 84.07 0.00
[11:59:28.216] [ARM-RX] [107] <37.70 -98.03 -11.31> result: 104
[11:59:28.251] [ARM-RX] .51 114.36 -59.22 -14.60 83.78 0.00
[11:59:28.251] [ARM-RX] [108] <38.54 -100.19 -11.56> result: 104.61 114.78 -58.49 -14.71 83.49 0.00
[11:59:28.251] [ARM-RX] [109] <39.37 -102.37 -11.81> result: 104.71 115.21 -57.75 -14.81 83.19 0.00
[11:59:28.251] [ARM-RX] [110] <40.22 -104.56 -12.07> result: 104.80 115.64 -57.00 -14.92
[11:59:28.274] [ARM-RX] 82.88 0.00
[11:59:28.275] [ARM-RX] [111] <41.07 -106.77 -12.32> result: 104.89 116.07 -56.24 -15.02 82.57 0.00
[11:59:28.275] [ARM-RX] [112] <41.92 -109.00 -12.58> result: 104.98 116.50 -55.48 -15.13 82.26 0.00
[11:59:28.279] [ARM-RX] [113] <42.78 -111.23 -12.83> result: 105.07 116.94 -54.71 -15.23 81.94 0.00
[11:59:28.279] [ARM-RX] [114] <43.65
[11:59:28.297] [ARM-RX] -113.48 -13.09> result: 105.16 117.38 -53.94 -15.33 81.62 0.00
[11:59:28.297] [ARM-RX] [115] <44.52 -115.74 -13.36> result: 105.24 117.82 -53.15 -15.42 81.29 0.00
[11:59:28.298] [ARM-RX] [116] <45.39 -118.02 -13.62> result: 105.32 118.26 -52.36 -15.52 80.96 0.00
[11:59:28.298] [ARM-RX] [117] <46.27 -120.31 -13.88> result: 1
[11:59:28.320] [ARM-RX] 05.40 118.71 -51.56 -15.62 80.62 0.00
[11:59:28.320] [ARM-RX] [118] <47.15 -122.60 -14.15> result: 105.48 119.16 -50.76 -15.71 80.28 0.00
[11:59:28.320] [ARM-RX] [119] <48.04 -124.91 -14.41> result: 105.56 119.60 -49.95 -15.81 79.94 0.00
[11:59:28.321] [ARM-RX] [120] <48.93 -127.22 -14.68> result: 105.63 120.06 -49.13 -15.9
[11:59:28.343] [ARM-RX] 0 79.59 0.00
[11:59:28.343] [ARM-RX] [121] <49.83 -129.55 -14.95> result: 105.71 120.51 -48.30 -16.00 79.24 0.00
[11:59:28.343] [ARM-RX] [122] <50.00 -130.00 -15.00> result: 105.72 120.60 -48.14 -16.01 79.17 0.00
[11:59:28.344] [ARM-RX] [123] <50.00 -130.00 -15.00> result: 105.72 120.60 -48.14 -16.01 79.17 0.00
[11:59:28.344] [ARM-RX] [124] <50.0
[11:59:28.366] [ARM-RX] 0 -130.00 -15.00> result: 105.72 120.60 -48.14 -16.01 79.17 0.00
[11:59:28.366] [ARM-RX] [125] <50.00 -130.00 -15.00> result: 105.72 120.60 -48.14 -16.01 79.17 0.00
[11:59:28.366] [ARM-RX] [126] <50.00 -130.00 -15.00> result: 105.72 120.60 -48.14 -16.01 79.17 0.00
[11:59:28.366] [ARM-RX] [127] <50.00 -130.00 -15.00> result:
[11:59:28.389] [ARM-RX] 105.72 120.60 -48.14 -16.01 79.17 0.00
[11:59:28.389] [ARM-RX] [128] <50.00 -130.00 -15.00> result: 105.72 120.60 -48.14 -16.01 79.17 0.00
[11:59:28.390] [ARM-RX] [129] <50.00 -130.00 -15.00> result: 105.72 120.60 -48.14 -16.01 79.17 0.00
[11:59:28.390] [ARM-RX] [130] <50.00 -130.00 -15.00> result: 105.72 120.60 -48.14 -16
[11:59:28.423] [ARM-RX] .01 79.17 0.00
[11:59:28.424] [ARM-RX] [131] <50.00 -130.00 -15.00> result: 105.72 120.60 -48.14 -16.01 79.17 0.00
[11:59:28.424] [ARM-RX] [132] <50.00 -130.00 -15.00> result: 105.72 120.60 -48.14 -16.01 79.17 0.00
[11:59:28.424] [ARM-RX] [133] <50.00 -130.00 -15.00> result: 105.72 120.60 -48.14 -16.01 79.17 0.00
[11:59:28.424] [ARM-RX] [134] <50
[11:59:28.447] [ARM-RX] .00 -130.00 -15.00> result: 105.72 120.60 -48.14 -16.01 79.17 0.00
[11:59:28.447] [ARM-RX] [135] <50.00 -130.00 -15.00> result: 105.72 120.60 -48.14 -16.01 79.17 0.00
[11:59:28.447] [ARM-RX] [136] <50.00 -130.00 -15.00> result: 105.72 120.60 -48.14 -16.01 79.17 0.00
[11:59:28.447] [ARM-RX] [137] <50.00 -130.00 -15.00> resul
[11:59:28.470] [ARM-RX] t: 105.72 120.60 -48.14 -16.01 79.17 0.00
[11:59:28.470] [ARM-RX] [138] <50.00 -130.00 -15.00> result: 105.72 120.60 -48.14 -16.01 79.17 0.00
[11:59:28.470] [ARM-RX] [139] <50.00 -130.00 -15.00> result: 105.72 120.60 -48.14 -16.01 79.17 0.00
[11:59:28.471] [ARM-RX] [140] <50.00 -130.00 -15.00> result: 105.72 120.60 -48.14 -
[11:59:28.493] [ARM-RX] 16.01 79.17 0.00
[11:59:28.493] [ARM-RX] [141] <50.00 -130.00 -15.00> result: 105.72 120.60 -48.14 -16.01 79.17 0.00
[11:59:28.493] [ARM-RX] [142] <50.00 -130.00 -15.00> result: 105.72 120.60 -48.14 -16.01 79.17 0.00
[11:59:28.493] [ARM-RX] [143] <50.00 -130.00 -15.00> result: 105.72 120.60 -48.14 -16.01 79.17 0.00
[11:59:28.494] [ARM-RX] [144] <
[11:59:28.517] [ARM-RX] 50.00 -130.00 -15.00> result: 105.72 120.60 -48.14 -16.01 79.17 0.00
[11:59:28.517] [ARM-RX] [145] <50.00 -130.00 -15.00> result: 105.72 120.60 -48.14 -16.01 79.17 0.00
[11:59:28.517] [ARM-RX] [146] <50.00 -130.00 -15.00> result: 105.72 120.60 -48.14 -16.01 79.17 0.00
[11:59:28.517] [ARM-RX] [147] <50.00 -130.00 -15.00> res
[11:59:28.540] [ARM-RX] ult: 105.72 120.60 -48.14 -16.01 79.17 0.00
[11:59:28.540] [ARM-RX] [148] <50.00 -130.00 -15.00> result: 105.72 120.60 -48.14 -16.01 79.17 0.00
[11:59:28.541] [ARM-RX] [149] <50.00 -130.00 -15.00> result: 105.72 120.60 -48.14 -16.01 79.17 0.00
[11:59:28.541] [ARM-RX] [150] <50.00 -130.00 -15.00> result: 105.72 120.60 -48.14
[11:59:28.563] [ARM-RX] -16.01 79.17 0.00
[11:59:28.563] [ARM-RX] [151] <50.00 -130.00 -15.00> result: 105.72 120.60 -48.14 -16.01 79.17 0.00
[11:59:28.563] [ARM-RX] [152] <50.00 -130.00 -15.00> result: 105.72 120.60 -48.14 -16.01 79.17 0.00
[11:59:28.563] [ARM-RX] [153] <50.00 -130.00 -15.00> result: 105.72 120.60 -48.14 -16.01 79.17 0.00
[11:59:28.564] [ARM-RX] [154]
[11:59:28.586] [ARM-RX] <50.00 -130.00 -15.00> result: 105.72 120.60 -48.14 -16.01 79.17 0.00
[11:59:28.586] [ARM-RX] [155] <50.00 -130.00 -15.00> result: 105.72 120.60 -48.14 -16.01 79.17 0.00
[11:59:28.586] [ARM-RX] [156] <50.00 -130.00 -15.00> result: 105.72 120.60 -48.14 -16.01 79.17 0.00
[11:59:28.586] [ARM-RX] [157] <50.00 -130.00 -15.00> r
[11:59:28.620] [ARM-RX] esult: 105.72 120.60 -48.14 -16.01 79.17 0.00
[11:59:28.621] [ARM-RX] [158] <50.00 -130.00 -15.00> result: 105.72 120.60 -48.14 -16.01 79.17 0.00
[11:59:28.621] [ARM-RX] [159] <50.00 -130.00 -15.00> result: 105.72 120.60 -48.14 -16.01 79.17 0.00
[11:59:28.621] [ARM-RX] [160] <50.00 -130.00 -15.00> result: 105.72 120.60 -48.
[11:59:28.644] [ARM-RX] 14 -16.01 79.17 0.00
[11:59:28.644] [ARM-RX] [161] <50.00 -130.00 -15.00> result: 105.72 120.60 -48.14 -16.01 79.17 0.00
[11:59:28.644] [ARM-RX] [162] <50.00 -130.00 -15.00> result: 105.72 120.60 -48.14 -16.01 79.17 0.00
[11:59:28.645] [ARM-RX] [163] <50.00 -130.00 -15.00> result: 105.72 120.60 -48.14 -16.01 79.17 0.00
[11:59:28.645] [ARM-RX] [16
[11:59:28.667] [ARM-RX] 4] <50.00 -130.00 -15.00> result: 105.72 120.60 -48.14 -16.01 79.17 0.00
[11:59:28.667] [ARM-RX] [165] <50.00 -130.00 -15.00> result: 105.72 120.60 -48.14 -16.01 79.17 0.00
[11:59:28.667] [ARM-RX] [166] <50.00 -130.00 -15.00> result: 105.72 120.60 -48.14 -16.01 79.17 0.00
[11:59:28.668] [ARM-RX] [167] <50.00 -130.00 -15.00>
[11:59:28.690] [ARM-RX] result: 105.72 120.60 -48.14 -16.01 79.17 0.00
[11:59:28.690] [ARM-RX] [168] <50.00 -130.00 -15.00> result: 105.72 120.60 -48.14 -16.01 79.17 0.00
[11:59:28.690] [ARM-RX] [169] <50.00 -130.00 -15.00> result: 105.72 120.60 -48.14 -16.01 79.17 0.00
[11:59:28.690] [ARM-RX] [170] <50.00 -130.00 -15.00> result: 105.72 120.60 -4
[11:59:28.713] [ARM-RX] 8.14 -16.01 79.17 0.00
[11:59:28.713] [ARM-RX] [171] <50.00 -130.00 -15.00> result: 105.72 120.60 -48.14 -16.01 79.17 0.00
[11:59:28.714] [ARM-RX] [172] <50.00 -130.00 -15.00> result: 105.72 120.60 -48.14 -16.01 79.17 0.00
[11:59:28.714] [ARM-RX] [173] <50.00 -130.00 -15.00> result: 105.72 120.60 -48.14 -16.01 79.17 0.00
[11:59:28.714] [ARM-RX] [
[11:59:28.736] [ARM-RX] 174] <50.00 -130.00 -15.00> result: 105.72 120.60 -48.14 -16.01 79.17 0.00
[11:59:28.736] [ARM-RX] [175] <50.00 -130.00 -15.00> result: 105.72 120.60 -48.14 -16.01 79.17 0.00
[11:59:28.736] [ARM-RX] [176] <50.00 -130.00 -15.00> result: 105.72 120.60 -48.14 -16.01 79.17 0.00
[11:59:28.736] [ARM-RX] [177] <50.00 -130.00 -15.0
[11:59:28.760] [ARM-RX] 0> result: 105.72 120.60 -48.14 -16.01 79.17 0.00
[11:59:28.760] [ARM-RX] [178] <50.00 -130.00 -15.00> result: 105.72 120.60 -48.14 -16.01 79.17 0.00
[11:59:28.761] [ARM-RX] [179] <50.00 -130.00 -15.00> result: 105.72 120.60 -48.14 -16.01 79.17 0.00
[11:59:28.761] [ARM-RX] [180] <50.00 -130.00 -15.00> result: 105.72 120.60
[11:59:28.794] [ARM-RX] -48.14 -16.01 79.17 0.00
[11:59:28.794] [ARM-RX] [181] <50.00 -130.00 -15.00> result: 105.72 120.60 -48.14 -16.01 79.17 0.00
[11:59:28.794] [ARM-RX] [182] <50.00 -130.00 -15.00> result: 105.72 120.60 -48.14 -16.01 79.17 0.00
[11:59:28.794] [ARM-RX] [183] <50.00 -130.00 -15.00> result: 105.72 120.60 -48.14 -16.01 79.17 0.00
[11:59:28.817] [ARM-RX] [184] <50.00 -130.00 -15.00> result: 105.72 120.60 -48.14 -16.01 79.17 0.00
[11:59:28.817] [ARM-RX] [185] <50.00 -130.00 -15.00> result: 105.72 120.60 -48.14 -16.01 79.17 0.00
[11:59:28.818] [ARM-RX] [186] <50.00 -130.00 -15.00> result: 105.72 120.60 -48.14 -16.01 79.17 0.00
[11:59:28.818] [ARM-RX] [187] <50.00 -130.00 -15
[11:59:28.839] [ARM-RX] .00> result: 105.72 120.60 -48.14 -16.01 79.17 0.00
[11:59:28.839] [ARM-RX] [188] <50.00 -130.00 -15.00> result: 105.72 120.60 -48.14 -16.01 79.17 0.00
[11:59:28.839] [ARM-RX] [189] <50.00 -130.00 -15.00> result: 105.72 120.60 -48.14 -16.01 79.17 0.00
[11:59:28.839] [ARM-RX] [190] <50.00 -130.00 -15.00> result: 105.72 120.6
[11:59:28.862] [ARM-RX] 0 -48.14 -16.01 79.17 0.00
[11:59:28.864] [ARM-RX] [191] <50.00 -130.00 -15.00> result: 105.72 120.60 -48.14 -16.01 79.17 0.00
[11:59:28.864] [ARM-RX] [192] <50.00 -130.00 -15.00> result: 105.72 120.60 -48.14 -16.01 79.17 0.00
[11:59:28.864] [ARM-RX] [193] <50.00 -130.00 -15.00> result: 105.72 120.60 -48.14 -16.01 79.17 0.0
[11:59:28.886] [ARM-RX] 0
[11:59:28.886] [ARM-RX] [194] <50.00 -130.00 -15.00> result: 105.72 120.60 -48.14 -16.01 79.17 0.00
[11:59:28.886] [ARM-RX] [195] <50.00 -130.00 -15.00> result: 105.72 120.60 -48.14 -16.01 79.17 0.00
[11:59:28.886] [ARM-RX] [196] <50.00 -130.00 -15.00> result: 105.72 120.60 -48.14 -16.01 79.17 0.00
[11:59:28.887] [ARM-RX] [197] <50.00 -130.00 -
[11:59:28.908] [ARM-RX] 15.00> result: 105.72 120.60 -48.14 -16.01 79.17 0.00
[11:59:28.909] [ARM-RX] [198] <50.00 -130.00 -15.00> result: 105.72 120.60 -48.14 -16.01 79.17 0.00
[11:59:28.909] [ARM-RX] [199] <50.00 -130.00 -15.00> result: 105.72 120.60 -48.14 -16.01 79.17 0.00
[11:59:28.909] [ARM-RX] [200] <50.00 -130.00 -15.00> result: 105.72 120
[11:59:28.931] [ARM-RX] .60 -48.14 -16.01 79.17 0.00
[11:59:28.932] [ARM-RX] [201] <50.00 -130.00 -15.00> result: 105.72 120.60 -48.14 -16.01 79.17 0.00
[11:59:28.932] [ARM-RX] [202] <50.00 -130.00 -15.00> result: 105.72 120.60 -48.14 -16.01 79.17 0.00
[11:59:28.932] [ARM-RX] [203] <50.00 -130.00 -15.00> result: 105.72 120.60 -48.14 -16.01 79.17 0
[11:59:28.955] [ARM-RX] .00
[11:59:28.956] [ARM-RX] [204] <50.00 -130.00 -15.00> result: 105.72 120.60 -48.14 -16.01 79.17 0.00
[11:59:28.956] [ARM-RX] [205] <50.00 -130.00 -15.00> result: 105.72 120.60 -48.14 -16.01 79.17 0.00
[11:59:28.956] [ARM-RX] [206] <50.00 -130.00 -15.00> result: 105.72 120.60 -48.14 -16.01 79.17 0.00
[11:59:28.956] [ARM-RX] [207] <50.00 -130.00
[11:59:28.990] [ARM-RX] -15.00> result: 105.72 120.60 -48.14 -16.01 79.17 0.00
[11:59:28.990] [ARM-RX] [208] <50.00 -130.00 -15.00> result: 105.72 120.60 -48.14 -16.01 79.17 0.00
[11:59:28.991] [ARM-RX] [209] <50.00 -130.00 -15.00> result: 105.72 120.60 -48.14 -16.01 79.17 0.00
[11:59:28.991] [ARM-RX] [210] <50.00 -130.00 -15.00> result: 105.72 1
[11:59:29.013] [ARM-RX] 20.60 -48.14 -16.01 79.17 0.00
[11:59:29.013] [ARM-RX] [211] <50.00 -130.00 -15.00> result: 105.72 120.60 -48.14 -16.01 79.17 0.00
[11:59:29.013] [ARM-RX] [212] <50.00 -130.00 -15.00> result: 105.72 120.60 -48.14 -16.01 79.17 0.00
[11:59:29.013] [ARM-RX] [213] <50.00 -130.00 -15.00> result: 105.72 120.60 -48.14 -16.01 79.17
[11:59:29.036] [ARM-RX] 0.00
[11:59:29.037] [ARM-RX] [214] <50.00 -130.00 -15.00> result: 105.72 120.60 -48.14 -16.01 79.17 0.00
[11:59:29.037] [ARM-RX] [215] <50.00 -130.00 -15.00> result: 105.72 120.60 -48.14 -16.01 79.17 0.00
[11:59:29.037] [ARM-RX] [216] <50.00 -130.00 -15.00> result: 105.72 120.60 -48.14 -16.01 79.17 0.00
[11:59:29.037] [ARM-RX] [217] <50.00 -130.
[11:59:29.060] [ARM-RX] 00 -15.00> result: 105.72 120.60 -48.14 -16.01 79.17 0.00
[11:59:29.060] [ARM-RX] [218] <50.00 -130.00 -15.00> result: 105.72 120.60 -48.14 -16.01 79.17 0.00
[11:59:29.061] [ARM-RX] [219] <50.00 -130.00 -15.00> result: 105.72 120.60 -48.14 -16.01 79.17 0.00
[11:59:29.061] [ARM-RX] [220] <50.00 -130.00 -15.00> result: 105.72
[11:59:29.083] [ARM-RX] 120.60 -48.14 -16.01 79.17 0.00
[11:59:29.083] [ARM-RX] [221] <50.00 -130.00 -15.00> result: 105.72 120.60 -48.14 -16.01 79.17 0.00
[11:59:29.083] [ARM-RX] [222] <50.00 -130.00 -15.00> result: 105.72 120.60 -48.14 -16.01 79.17 0.00
[11:59:29.083] [ARM-RX] [223] <50.00 -130.00 -15.00> result: 105.72 120.60 -48.14 -16.01 79.
[11:59:29.105] [ARM-RX] 17 0.00
[11:59:29.105] [ARM-RX] [224] <50.00 -130.00 -15.00> result: 105.72 120.60 -48.14 -16.01 79.17 0.00
[11:59:29.107] [ARM-RX] [225] <50.00 -130.00 -15.00> result: 105.72 120.60 -48.14 -16.01 79.17 0.00
[11:59:29.107] [ARM-RX] [226] <50.00 -130.00 -15.00> result: 105.72 120.60 -48.14 -16.01 79.17 0.00
[11:59:29.107] [ARM-RX] [227] <50.00 -13
[11:59:29.130] [ARM-RX] 0.00 -15.00> result: 105.72 120.60 -48.14 -16.01 79.17 0.00
[11:59:29.130] [ARM-RX] [228] <50.00 -130.00 -15.00> result: 105.72 120.60 -48.14 -16.01 79.17 0.00
[11:59:29.130] [ARM-RX] [229] <50.00 -130.00 -15.00> result: 105.72 120.60 -48.14 -16.01 79.17 0.00
[11:59:29.130] [ARM-RX] [230] <50.00 -130.00 -15.00> result: 105.
[11:59:29.164] [ARM-RX] 72 120.60 -48.14 -16.01 79.17 0.00
[11:59:29.164] [ARM-RX] [231] <50.00 -130.00 -15.00> result: 105.72 120.60 -48.14 -16.01 79.17 0.00
[11:59:29.165] [ARM-RX] [232] <50.00 -130.00 -15.00> result: 105.72 120.60 -48.14 -16.01 79.17 0.00
[11:59:29.165] [ARM-RX] [233] <50.00 -130.00 -15.00> result: 105.72 120.60 -48.14 -16.01 7
[11:59:29.187] [ARM-RX] 9.17 0.00
[11:59:29.187] [ARM-RX] [234] <50.00 -130.00 -15.00> result: 105.72 120.60 -48.14 -16.01 79.17 0.00
[11:59:29.187] [ARM-RX] [235] <50.00 -130.00 -15.00> result: 105.72 120.60 -48.14 -16.01 79.17 0.00
[11:59:29.187] [ARM-RX] [236] <50.00 -130.00 -15.00> result: 105.72 120.60 -48.14 -16.01 79.17 0.00
[11:59:29.188] [ARM-RX] [237] <50.00 -
[11:59:29.210] [ARM-RX] 130.00 -15.00> result: 105.72 120.60 -48.14 -16.01 79.17 0.00
[11:59:29.210] [ARM-RX] [238] <50.00 -130.00 -15.00> result: 105.72 120.60 -48.14 -16.01 79.17 0.00
[11:59:29.210] [ARM-RX] [239] <50.00 -130.00 -15.00> result: 105.72 120.60 -48.14 -16.01 79.17 0.00
[11:59:29.210] [ARM-RX] [240] <50.00 -130.00 -15.00> result: 10
[11:59:29.232] [ARM-RX] 5.72 120.60 -48.14 -16.01 79.17 0.00
[11:59:29.233] [ARM-RX] [241] <50.00 -130.00 -15.00> result: 105.72 120.60 -48.14 -16.01 79.17 0.00
[11:59:29.233] [ARM-RX] [242] <50.00 -130.00 -15.00> result: 105.72 120.60 -48.14 -16.01 79.17 0.00
[11:59:29.233] [ARM-RX] [243] <50.00 -130.00 -15.00> result: 105.72 120.60 -48.14 -16.01
[11:59:29.255] [ARM-RX] 79.17 0.00
[11:59:29.256] [ARM-RX] [244] <50.00 -130.00 -15.00> result: 105.72 120.60 -48.14 -16.01 79.17 0.00
[11:59:29.256] [ARM-RX] [245] <50.00 -130.00 -15.00> result: 105.72 120.60 -48.14 -16.01 79.17 0.00
[11:59:29.256] [ARM-RX] [246] <50.00 -130.00 -15.00> result: 105.72 120.60 -48.14 -16.01 79.17 0.00
[11:59:29.256] [ARM-RX] [247] <50.00
[11:59:29.279] [ARM-RX] -130.00 -15.00> result: 105.72 120.60 -48.14 -16.01 79.17 0.00
[11:59:29.279] [ARM-RX] [248] <50.00 -130.00 -15.00> result: 105.72 120.60 -48.14 -16.01 79.17 0.00
[11:59:29.279] [ARM-RX] [249] <50.00 -130.00 -15.00> result: 105.72 120.60 -48.14 -16.01 79.17 0.00
[11:59:29.279] [ARM-RX] [250] <50.00 -130.00 -15.00> result:
[11:59:29.302] [ARM-RX] 105.72 120.60 -48.14 -16.01 79.17 0.00
[11:59:29.302] [ARM-RX] [251] <50.00 -130.00 -15.00> result: 105.72 120.60 -48.14 -16.01 79.17 0.00
[11:59:29.302] [ARM-RX] [252] <50.00 -130.00 -15.00> result: 105.72 120.60 -48.14 -16.01 79.17 0.00
[11:59:29.303] [ARM-RX] [253] <50.00 -130.00 -15.00> result: 105.72 120.60 -48.14 -16.
[11:59:29.324] [ARM-RX] 01 79.17 0.00
[11:59:29.325] [ARM-RX] [254] <50.00 -130.00 -15.00> result: 105.72 120.60 -48.14 -16.01 79.17 0.00
[11:59:29.325] [ARM-RX] [255] <50.00 -130.00 -15.00> result: 105.72 120.60 -48.14 -16.01 79.17 0.00
[11:59:29.325] [ARM-RX] [256] <50.00 -130.00 -15.00> result: 105.72 120.60 -48.14 -16.01 79.17 0.00
[11:59:29.325] [ARM-RX] [257] <50.
[11:59:29.360] [ARM-RX] 00 -130.00 -15.00> result: 105.72 120.60 -48.14 -16.01 79.17 0.00
[11:59:29.360] [ARM-RX] [258] <50.00 -130.00 -15.00> result: 105.72 120.60 -48.14 -16.01 79.17 0.00
[11:59:29.360] [ARM-RX] [259] <50.00 -130.00 -15.00> result: 105.72 120.60 -48.14 -16.01 79.17 0.00
[11:59:29.361] [ARM-RX] [260] <50.00 -130.00 -15.00> result
[11:59:29.382] [ARM-RX] : 105.72 120.60 -48.14 -16.01 79.17 0.00
[11:59:29.384] [ARM-RX] [261] <50.00 -130.00 -15.00> result: 105.72 120.60 -48.14 -16.01 79.17 0.00
[11:59:29.384] [ARM-RX] [262] <50.00 -130.00 -15.00> result: 105.72 120.60 -48.14 -16.01 79.17 0.00
[11:59:29.384] [ARM-RX] [263] <50.00 -130.00 -15.00> result: 105.72 120.60 -48.14 -1
[11:59:29.406] [ARM-RX] 6.01 79.17 0.00
[11:59:29.406] [ARM-RX] [264] <50.00 -130.00 -15.00> result: 105.72 120.60 -48.14 -16.01 79.17 0.00
[11:59:29.406] [ARM-RX] [265] <50.00 -130.00 -15.00> result: 105.72 120.60 -48.14 -16.01 79.17 0.00
[11:59:29.407] [ARM-RX] [266] <50.00 -130.00 -15.00> result: 105.72 120.60 -48.14 -16.01 79.17 0.00
[11:59:29.409] [ARM-RX] [267] <5
[11:59:29.469] [ARM-RX] 0.00 -130.00 -15.00> result: 105.72 120.60 -48.14 -16.01 79.17 0.00
[11:59:29.469] [ARM-RX] [268] <50.00 -130.00 -15.00> result: 105.72 120.60 -48.14 -16.01 79.17 0.00
[11:59:29.469] [ARM-RX] [269] <50.00 -130.00 -15.00> result: 105.72 120.60 -48.14 -16.01 79.17 0.00
[11:59:32.270] [ARM-RX] [joint 1] ave_error:0.68
[11:59:32.270] [ARM-RX] [joint 2] ave_error:7.34
[11:59:32.270] [ARM-RX] [joint 3] ave_error:8.18
[11:59:32.270] [ARM-RX] [joint 4] ave_error:0.72
[11:59:32.270] [ARM-RX] [joint 5] ave_error:1.15
[11:59:32.271] [ARM-RX] robot pid run finished!!
[11:59:33.078] [ARM-RX] AUTO final confirm failed: joint 2 err=12.92deg tol=3.00, pose invalid.
[11:59:33.079] [ARM-RX] J1 cur=105.54 target=105.72 err=0.18
[11:59:33.079] [ARM-RX] J2 cu
[11:59:33.140] [ARM-RX] r=131.79 target=120.60 err=-11.19
[11:59:33.140] [ARM-RX] J3 cur=-35.23 target=-48.14 err=-12.92
[11:59:33.140] [ARM-RX] J4 cur=-16.12 target=-16.01 err=0.11
[11:59:33.141] [ARM-RX] J5 cur=78.89 target=79.17 err=0.27
[11:59:34.167] [ARM-TX] 发送命令 abs_rotate 0 75: abs_rotate 0 75
[11:59:34.264] [ARM-RX] Found handler for 'abs_rotate', executing...
[11:59:34.264] [ARM-RX] [joint_id: 0] ROBOT_JOINT_ABS_ROTATE 75.000000
[11:59:43.867] [ARM-TX] 发送命令 abs_rotate 0 85: abs_rotate 0 85
[11:59:43.969] [ARM-RX] Found handler for 'abs_rotate', executing...
[11:59:43.969] [ARM-RX] [joint_id: 0] ROBOT_JOINT_ABS_ROTATE 85.000000
[11:59:48.136] [ARM-TX] 发送命令 soft_reset: soft_reset
[11:59:48.204] [ARM-RX] Found handler for 'soft_reset', executing...
[11:59:48.206] [ARM-RX] ROBOT_SOFT_RESET_EVENT
[11:59:48.206] [ARM-RX] --- Starting soft reset ---
[11:59:48.393] [ARM-RX] Soft reset motors enabled (J1~J5, J6 skipped).
[11:59:48.393] [ARM-RX] Soft resetting joint 4...
[11:59:48.455] [ARM-RX] robot_update_current_angle 4...
[11:59:48.456] [ARM-RX] [4] current:78.89, target:90.00, dir:1
[11:59:49.580] [ARM-RX] Soft resetting joint 3...
[11:59:49.581] [ARM-RX] robot_update_current_angle 3...
[11:59:49.581] [ARM-RX] [3] current:-16.12, target:0.00, dir:1
[11:59:51.202] [ARM-RX] soft reset joint 3 settle timeout, keep going
[11:59:51.202] [ARM-RX] Soft resetting joint 1...
[11:59:51.202] [ARM-RX] robot_update_current_angle 1...
[11:59:51.202] [ARM-RX] [1] current:131.78, target:90.00, dir:-1
[11:59:53.380] [ARM-RX] soft reset joint 1 settle timeout, keep going
[11:59:53.380] [ARM-RX] Soft resetting joint 2...
[11:59:53.380] [ARM-RX] robot_update_current_angle 2...
[11:59:53.380] [ARM-RX] [2] current:-35.24, target:-90.00, dir:-1
[11:59:55.929] [ARM-RX] soft reset joint 2 settle timeout, keep going
[11:59:55.929] [ARM-RX] Soft resetting joint 0...
[11:59:55.929] [ARM-RX] robot_update_current_angle 0...
[11:59:55.929] [ARM-RX] [0] current:83.65, target:90.00, dir:1
[11:59:57.052] [ARM-RX] soft reset final verify PASS (issues:3), pose set HOME.
[12:00:01.705] [ARM-TX] 发送命令 auto 45 -130 -15: auto 45 -130 -15
[12:00:01.792] [ARM-RX] Found handler for 'auto', executing...
[12:00:01.792] [ARM-RX] ROBOT_AUTO_EVENT
[12:00:01.793] [ARM-RX] [0] <0.00 0.00 0.00> result: 90.00 90.00 -90.00 0.00 90.00 0.00
[12:00:01.793] [ARM-RX] [1] <0.00 -0.00 -0.00> result: 90.00 90.00 -90.00 -0.00 90.00 0.00
[12:00:01.793] [ARM-RX] [2] <0.00 -0.00 -0.00> result: 90.00 90.00 -90.00 -0.00 90.00 0.00
[12:00:01.812] [ARM-RX] [3] <0.00 -0.00 -0.00> result: 90.00 90.00 -90.00 -0.00 90.00 0.00
[12:00:01.813] [ARM-RX] [4] <0.00 -0.01 -0.00> result: 90.00 90.00 -90.00 -0.00 90.00 0.00
[12:00:01.814] [ARM-RX] [5] <0.01 -0.02 -0.00> result: 90.01 90.01 -89.99 -0.01 90.00 0.00
[12:00:01.814] [ARM-RX] [6] <0.01 -0.03 -0.00> result: 90.01 90.01 -89.99 -
[12:00:01.836] [ARM-RX] 0.01 90.00 0.00
[12:00:01.836] [ARM-RX] [7] <0.02 -0.05 -0.01> result: 90.02 90.02 -89.99 -0.02 90.01 0.00
[12:00:01.837] [ARM-RX] [8] <0.02 -0.07 -0.01> result: 90.03 90.03 -89.98 -0.03 90.01 0.00
[12:00:01.837] [ARM-RX] [9] <0.03 -0.09 -0.01> result: 90.04 90.04 -89.97 -0.04 90.01 0.00
[12:00:01.837] [ARM-RX] [10] <0.04 -0.13 -0.01> result: 90.
[12:00:01.858] [ARM-RX] 05 90.05 -89.96 -0.05 90.02 0.00
[12:00:01.859] [ARM-RX] [11] <0.06 -0.17 -0.02> result: 90.07 90.07 -89.95 -0.07 90.02 0.00
[12:00:01.859] [ARM-RX] [12] <0.07 -0.21 -0.02> result: 90.09 90.09 -89.94 -0.09 90.03 0.00
[12:00:01.859] [ARM-RX] [13] <0.09 -0.27 -0.03> result: 90.11 90.11 -89.93 -0.11 90.04 0.00
[12:00:01.860] [ARM-RX] [14] <0.12 -0.3
[12:00:01.882] [ARM-RX] 3 -0.04> result: 90.14 90.14 -89.91 -0.14 90.05 0.00
[12:00:01.882] [ARM-RX] [15] <0.14 -0.41 -0.05> result: 90.17 90.17 -89.89 -0.17 90.06 0.00
[12:00:01.882] [ARM-RX] [16] <0.17 -0.49 -0.06> result: 90.20 90.20 -89.86 -0.20 90.07 0.00
[12:00:01.882] [ARM-RX] [17] <0.20 -0.59 -0.07> result: 90.24 90.24 -89.84 -0.24 90.08 0
[12:00:01.905] [ARM-RX] .00
[12:00:01.905] [ARM-RX] [18] <0.24 -0.69 -0.08> result: 90.28 90.28 -89.81 -0.28 90.09 0.00
[12:00:01.905] [ARM-RX] [19] <0.28 -0.81 -0.09> result: 90.33 90.33 -89.78 -0.33 90.11 0.00
[12:00:01.906] [ARM-RX] [20] <0.33 -0.94 -0.11> result: 90.38 90.39 -89.74 -0.38 90.13 0.00
[12:00:01.906] [ARM-RX] [21] <0.37 -1.08 -0.12> result: 90.44 90.44
[12:00:01.928] [ARM-RX] -89.70 -0.44 90.14 0.00
[12:00:01.928] [ARM-RX] [22] <0.43 -1.24 -0.14> result: 90.50 90.51 -89.66 -0.50 90.16 0.00
[12:00:01.929] [ARM-RX] [23] <0.49 -1.41 -0.16> result: 90.57 90.58 -89.61 -0.57 90.18 0.00
[12:00:01.929] [ARM-RX] [24] <0.55 -1.60 -0.18> result: 90.64 90.65 -89.56 -0.64 90.21 0.00
[12:00:01.929] [ARM-RX] [25] <0.62 -1.80 -0.21>
[12:00:01.961] [ARM-RX] result: 90.72 90.73 -89.50 -0.72 90.23 0.00
[12:00:01.962] [ARM-RX] [26] <0.70 -2.01 -0.23> result: 90.80 90.82 -89.44 -0.80 90.26 0.00
[12:00:01.962] [ARM-RX] [27] <0.78 -2.25 -0.26> result: 90.89 90.91 -89.38 -0.89 90.28 0.00
[12:00:01.962] [ARM-RX] [28] <0.86 -2.50 -0.29> result: 90.99 91.01 -89.31 -0.99 90.31 0.00
[12:00:01.962] [ARM-RX] [29]
[12:00:01.985] [ARM-RX] <0.96 -2.77 -0.32> result: 91.09 91.11 -89.23 -1.09 90.34 0.00
[12:00:01.986] [ARM-RX] [30] <1.06 -3.05 -0.35> result: 91.19 91.22 -89.15 -1.19 90.37 0.00
[12:00:01.986] [ARM-RX] [31] <1.16 -3.36 -0.39> result: 91.31 91.34 -89.07 -1.31 90.41 0.00
[12:00:01.986] [ARM-RX] [32] <1.27 -3.68 -0.42> result: 91.42 91.46 -88.98 -1
[12:00:02.009] [ARM-RX] .42 90.44 0.00
[12:00:02.010] [ARM-RX] [33] <1.39 -4.02 -0.46> result: 91.54 91.59 -88.88 -1.54 90.47 0.00
[12:00:02.010] [ARM-RX] [34] <1.52 -4.38 -0.51> result: 91.67 91.73 -88.78 -1.67 90.51 0.00
[12:00:02.010] [ARM-RX] [35] <1.65 -4.77 -0.55> result: 91.80 91.88 -88.67 -1.80 90.54 0.00
[12:00:02.010] [ARM-RX] [36] <1.79 -5.17 -0.60> result: 9
[12:00:02.032] [ARM-RX] 1.94 92.03 -88.55 -1.94 90.58 0.00
[12:00:02.032] [ARM-RX] [37] <1.94 -5.60 -0.65> result: 92.08 92.18 -88.43 -2.08 90.61 0.00
[12:00:02.032] [ARM-RX] [38] <2.09 -6.04 -0.70> result: 92.23 92.35 -88.31 -2.23 90.65 0.00
[12:00:02.032] [ARM-RX] [39] <2.25 -6.51 -0.75> result: 92.38 92.52 -88.17 -2.38 90.69 0.00
[12:00:02.033] [ARM-RX] [40] <2.42 -7
[12:00:02.054] [ARM-RX] .01 -0.81> result: 92.54 92.69 -88.03 -2.54 90.72 0.00
[12:00:02.055] [ARM-RX] [41] <2.60 -7.52 -0.87> result: 92.70 92.88 -87.88 -2.70 90.76 0.00
[12:00:02.055] [ARM-RX] [42] <2.79 -8.06 -0.93> result: 92.87 93.07 -87.73 -2.87 90.79 0.00
[12:00:02.055] [ARM-RX] [43] <2.98 -8.62 -0.99> result: 93.04 93.26 -87.57 -3.04 90.83
[12:00:02.078] [ARM-RX] 0.00
[12:00:02.078] [ARM-RX] [44] <3.19 -9.21 -1.06> result: 93.21 93.46 -87.40 -3.21 90.86 0.00
[12:00:02.078] [ARM-RX] [45] <3.40 -9.82 -1.13> result: 93.39 93.67 -87.22 -3.39 90.89 0.00
[12:00:02.078] [ARM-RX] [46] <3.62 -10.45 -1.21> result: 93.56 93.89 -87.04 -3.56 90.92 0.00
[12:00:02.078] [ARM-RX] [47] <3.85 -11.11 -1.28> result: 93.75 94
[12:00:02.100] [ARM-RX] .11 -86.85 -3.75 90.95 0.00
[12:00:02.101] [ARM-RX] [48] <4.08 -11.80 -1.36> result: 93.93 94.33 -86.65 -3.93 90.98 0.00
[12:00:02.101] [ARM-RX] [49] <4.33 -12.51 -1.44> result: 94.12 94.56 -86.44 -4.12 91.00 0.00
[12:00:02.101] [ARM-RX] [50] <4.58 -13.24 -1.53> result: 94.31 94.80 -86.23 -4.31 91.03 0.00
[12:00:02.101] [ARM-RX] [51] <4.85 -14.01
[12:00:02.123] [ARM-RX] -1.62> result: 94.50 95.04 -86.01 -4.50 91.05 0.00
[12:00:02.124] [ARM-RX] [52] <5.12 -14.80 -1.71> result: 94.69 95.29 -85.77 -4.69 91.06 0.00
[12:00:02.124] [ARM-RX] [53] <5.40 -15.61 -1.80> result: 94.88 95.55 -85.53 -4.89 91.08 0.00
[12:00:02.124] [ARM-RX] [54] <5.70 -16.46 -1.90> result: 95.08 95.80 -85.29 -5.08 91.09
[12:00:02.159] [ARM-RX] 0.00
[12:00:02.159] [ARM-RX] [55] <6.00 -17.32 -2.00> result: 95.27 96.07 -85.03 -5.28 91.09 0.00
[12:00:02.159] [ARM-RX] [56] <6.31 -18.22 -2.10> result: 95.47 96.34 -84.76 -5.47 91.10 0.00
[12:00:02.159] [ARM-RX] [57] <6.63 -19.15 -2.21> result: 95.67 96.61 -84.49 -5.67 91.09 0.00
[12:00:02.161] [ARM-RX] [58] <6.96 -20.10 -2.32> result: 95.86
[12:00:02.182] [ARM-RX] 96.89 -84.21 -5.87 91.09 0.00
[12:00:02.182] [ARM-RX] [59] <7.30 -21.08 -2.43> result: 96.06 97.17 -83.91 -6.06 91.08 0.00
[12:00:02.182] [ARM-RX] [60] <7.64 -22.08 -2.55> result: 96.26 97.46 -83.61 -6.26 91.06 0.00
[12:00:02.182] [ARM-RX] [61] <8.00 -23.12 -2.67> result: 96.45 97.75 -83.30 -6.45 91.04 0.00
[12:00:02.182] [ARM-RX] [62] <8.37 -24.
[12:00:02.204] [ARM-RX] 18 -2.79> result: 96.65 98.04 -82.98 -6.65 91.02 0.00
[12:00:02.204] [ARM-RX] [63] <8.75 -25.27 -2.92> result: 96.84 98.34 -82.66 -6.84 90.99 0.00
[12:00:02.205] [ARM-RX] [64] <9.14 -26.39 -3.05> result: 97.04 98.64 -82.32 -7.04 90.95 0.00
[12:00:02.205] [ARM-RX] [65] <9.53 -27.54 -3.18> result: 97.23 98.95 -81.97 -7.23 90.
[12:00:02.228] [ARM-RX] 91 0.00
[12:00:02.228] [ARM-RX] [66] <9.94 -28.71 -3.31> result: 97.42 99.26 -81.62 -7.42 90.87 0.00
[12:00:02.228] [ARM-RX] [67] <10.36 -29.92 -3.45> result: 97.61 99.57 -81.25 -7.61 90.82 0.00
[12:00:02.228] [ARM-RX] [68] <10.78 -31.15 -3.59> result: 97.79 99.89 -80.87 -7.79 90.76 0.00
[12:00:02.228] [ARM-RX] [69] <11.22 -32.41 -3.74> result: 9
[12:00:02.250] [ARM-RX] 7.98 100.21 -80.49 -7.98 90.70 0.00
[12:00:02.250] [ARM-RX] [70] <11.66 -33.70 -3.89> result: 98.16 100.54 -80.10 -8.16 90.63 0.00
[12:00:02.251] [ARM-RX] [71] <12.12 -35.01 -4.04> result: 98.34 100.86 -79.69 -8.34 90.55 0.00
[12:00:02.251] [ARM-RX] [72] <12.59 -36.36 -4.20> result: 98.52 101.20 -79.28 -8.52 90.47 0.00
[12:00:02.251] [ARM-RX] [73
[12:00:02.275] [ARM-RX] ] <13.06 -37.73 -4.35> result: 98.70 101.53 -78.86 -8.70 90.38 0.00
[12:00:02.276] [ARM-RX] [74] <13.55 -39.13 -4.52> result: 98.87 101.87 -78.43 -8.87 90.29 0.00
[12:00:02.276] [ARM-RX] [75] <14.04 -40.56 -4.68> result: 99.05 102.21 -77.99 -9.05 90.19 0.00
[12:00:02.276] [ARM-RX] [76] <14.54 -42.01 -4.85> result: 99.21 102
[12:00:02.297] [ARM-RX] .55 -77.53 -9.21 90.08 0.00
[12:00:02.297] [ARM-RX] [77] <15.06 -43.50 -5.02> result: 99.38 102.90 -77.07 -9.38 89.97 0.00
[12:00:02.298] [ARM-RX] [78] <15.58 -45.01 -5.19> result: 99.55 103.24 -76.60 -9.55 89.85 0.00
[12:00:02.298] [ARM-RX] [79] <16.11 -46.54 -5.37> result: 99.71 103.60 -76.13 -9.71 89.73 0.00
[12:00:02.298] [ARM-RX] [80] <16.65
[12:00:02.333] [ARM-RX] -48.11 -5.55> result: 99.87 103.95 -75.64 -9.87 89.59 0.00
[12:00:02.334] [ARM-RX] [81] <17.20 -49.70 -5.73> result: 100.02 104.31 -75.14 -10.02 89.45 0.00
[12:00:02.334] [ARM-RX] [82] <17.76 -51.32 -5.92> result: 100.18 104.67 -74.63 -10.18 89.31 0.00
[12:00:02.334] [ARM-RX] [83] <18.33 -52.96 -6.11> result: 100.33 105.03
[12:00:02.355] [ARM-RX] -74.11 -10.33 89.16 0.00
[12:00:02.355] [ARM-RX] [84] <18.91 -54.63 -6.30> result: 100.48 105.40 -73.59 -10.48 89.00 0.00
[12:00:02.356] [ARM-RX] [85] <19.50 -56.32 -6.50> result: 100.62 105.76 -73.05 -10.62 88.84 0.00
[12:00:02.356] [ARM-RX] [86] <20.09 -58.05 -6.70> result: 100.77 106.13 -72.51 -10.77 88.67 0.00
[12:00:02.356] [ARM-RX] [87] <2
[12:00:02.379] [ARM-RX] 0.70 -59.79 -6.90> result: 100.91 106.51 -71.95 -10.91 88.49 0.00
[12:00:02.379] [ARM-RX] [88] <21.31 -61.56 -7.10> result: 101.04 106.88 -71.39 -11.05 88.31 0.00
[12:00:02.379] [ARM-RX] [89] <21.93 -63.36 -7.31> result: 101.18 107.26 -70.82 -11.18 88.12 0.00
[12:00:02.379] [ARM-RX] [90] <22.56 -65.18 -7.52> result: 101.31
[12:00:02.402] [ARM-RX] 107.64 -70.24 -11.32 87.92 0.00
[12:00:02.402] [ARM-RX] [91] <23.20 -67.02 -7.73> result: 101.44 108.03 -69.65 -11.45 87.72 0.00
[12:00:02.402] [ARM-RX] [92] <23.85 -68.89 -7.95> result: 101.57 108.41 -69.05 -11.58 87.51 0.00
[12:00:02.402] [ARM-RX] [93] <24.50 -70.78 -8.17> result: 101.69 108.80 -68.44 -11.70 87.30 0.00
[12:00:02.403] [ARM-RX] [
[12:00:02.424] [ARM-RX] 94] <25.16 -72.69 -8.39> result: 101.81 109.19 -67.82 -11.83 87.08 0.00
[12:00:02.424] [ARM-RX] [95] <25.83 -74.63 -8.61> result: 101.93 109.59 -67.19 -11.95 86.85 0.00
[12:00:02.425] [ARM-RX] [96] <26.51 -76.59 -8.84> result: 102.05 109.98 -66.56 -12.07 86.62 0.00
[12:00:02.425] [ARM-RX] [97] <27.20 -78.57 -9.07> result: 1
[12:00:02.447] [ARM-RX] 02.16 110.38 -65.92 -12.19 86.38 0.00
[12:00:02.449] [ARM-RX] [98] <27.89 -80.57 -9.30> result: 102.27 110.78 -65.27 -12.30 86.14 0.00
[12:00:02.449] [ARM-RX] [99] <28.59 -82.59 -9.53> result: 102.38 111.19 -64.60 -12.41 85.89 0.00
[12:00:02.449] [ARM-RX] [100] <29.30 -84.63 -9.77> result: 102.49 111.59 -63.94 -12.53 85.64
[12:00:02.470] [ARM-RX] 0.00
[12:00:02.470] [ARM-RX] [101] <30.01 -86.70 -10.00> result: 102.59 112.00 -63.26 -12.64 85.38 0.00
[12:00:02.472] [ARM-RX] [102] <30.73 -88.78 -10.24> result: 102.70 112.41 -62.57 -12.74 85.11 0.00
[12:00:02.472] [ARM-RX] [103] <31.46 -90.88 -10.49> result: 102.80 112.83 -61.88 -12.85 84.84 0.00
[12:00:02.472] [ARM-RX] [104] <32.19 -92.99 -1
[12:00:02.494] [ARM-RX] 0.73> result: 102.89 113.24 -61.18 -12.95 84.56 0.00
[12:00:02.494] [ARM-RX] [105] <32.93 -95.13 -10.98> result: 102.99 113.66 -60.47 -13.06 84.28 0.00
[12:00:02.494] [ARM-RX] [106] <33.68 -97.28 -11.23> result: 103.08 114.08 -59.75 -13.16 84.00 0.00
[12:00:02.494] [ARM-RX] [107] <34.43 -99.46 -11.48> result: 103.17 114.50
[12:00:02.529] [ARM-RX] -59.03 -13.25 83.70 0.00
[12:00:02.529] [ARM-RX] [108] <35.18 -101.64 -11.73> result: 103.26 114.93 -58.30 -13.35 83.41 0.00
[12:00:02.529] [ARM-RX] [109] <35.95 -103.84 -11.98> result: 103.35 115.36 -57.56 -13.45 83.11 0.00
[12:00:02.529] [ARM-RX] [110] <36.71 -106.06 -12.24> result: 103.43 115.79 -56.81 -13.54 82.80 0.00
[12:00:02.551] [ARM-RX] [111] <37.49 -108.29 -12.50> result: 103.52 116.22 -56.05 -13.64 82.49 0.00
[12:00:02.552] [ARM-RX] [112] <38.26 -110.54 -12.75> result: 103.60 116.65 -55.29 -13.73 82.17 0.00
[12:00:02.552] [ARM-RX] [113] <39.05 -112.80 -13.02> result: 103.68 117.09 -54.52 -13.82 81.85 0.00
[12:00:02.552] [ARM-RX] [114] <39.83 -115.07 -13
[12:00:02.574] [ARM-RX] .28> result: 103.76 117.53 -53.75 -13.91 81.52 0.00
[12:00:02.574] [ARM-RX] [115] <40.62 -117.36 -13.54> result: 103.83 117.97 -52.96 -14.00 81.19 0.00
[12:00:02.575] [ARM-RX] [116] <41.42 -119.65 -13.81> result: 103.91 118.41 -52.17 -14.09 80.86 0.00
[12:00:02.575] [ARM-RX] [117] <42.22 -121.96 -14.07> result: 103.98 118.8
[12:00:02.597] [ARM-RX] 6 -51.37 -14.18 80.52 0.00
[12:00:02.598] [ARM-RX] [118] <43.02 -124.28 -14.34> result: 104.05 119.30 -50.57 -14.26 80.18 0.00
[12:00:02.598] [ARM-RX] [119] <43.83 -126.61 -14.61> result: 104.12 119.75 -49.76 -14.35 79.83 0.00
[12:00:02.598] [ARM-RX] [120] <44.63 -128.95 -14.88> result: 104.19 120.20 -48.94 -14.43 79.48 0.0
[12:00:02.621] [ARM-RX] 0
[12:00:02.621] [ARM-RX] [121] <45.00 -130.00 -15.00> result: 104.22 120.41 -48.57 -14.47 79.32 0.00
[12:00:02.621] [ARM-RX] [122] <45.00 -130.00 -15.00> result: 104.22 120.41 -48.57 -14.47 79.32 0.00
[12:00:02.621] [ARM-RX] [123] <45.00 -130.00 -15.00> result: 104.22 120.41 -48.57 -14.47 79.32 0.00
[12:00:02.621] [ARM-RX] [124] <45.00 -130.00 -
[12:00:02.643] [ARM-RX] 15.00> result: 104.22 120.41 -48.57 -14.47 79.32 0.00
[12:00:02.644] [ARM-RX] [125] <45.00 -130.00 -15.00> result: 104.22 120.41 -48.57 -14.47 79.32 0.00
[12:00:02.644] [ARM-RX] [126] <45.00 -130.00 -15.00> result: 104.22 120.41 -48.57 -14.47 79.32 0.00
[12:00:02.644] [ARM-RX] [127] <45.00 -130.00 -15.00> result: 104.22 120
[12:00:02.668] [ARM-RX] .41 -48.57 -14.47 79.32 0.00
[12:00:02.668] [ARM-RX] [128] <45.00 -130.00 -15.00> result: 104.22 120.41 -48.57 -14.47 79.32 0.00
[12:00:02.668] [ARM-RX] [129] <45.00 -130.00 -15.00> result: 104.22 120.41 -48.57 -14.47 79.32 0.00
[12:00:02.668] [ARM-RX] [130] <45.00 -130.00 -15.00> result: 104.22 120.41 -48.57 -14.47 79.32 0
[12:00:02.702] [ARM-RX] .00
[12:00:02.702] [ARM-RX] [131] <45.00 -130.00 -15.00> result: 104.22 120.41 -48.57 -14.47 79.32 0.00
[12:00:02.703] [ARM-RX] [132] <45.00 -130.00 -15.00> result: 104.22 120.41 -48.57 -14.47 79.32 0.00
[12:00:02.703] [ARM-RX] [133] <45.00 -130.00 -15.00> result: 104.22 120.41 -48.57 -14.47 79.32 0.00
[12:00:02.703] [ARM-RX] [134] <45.00 -130.00
[12:00:02.724] [ARM-RX] -15.00> result: 104.22 120.41 -48.57 -14.47 79.32 0.00
[12:00:02.725] [ARM-RX] [135] <45.00 -130.00 -15.00> result: 104.22 120.41 -48.57 -14.47 79.32 0.00
[12:00:02.725] [ARM-RX] [136] <45.00 -130.00 -15.00> result: 104.22 120.41 -48.57 -14.47 79.32 0.00
[12:00:02.725] [ARM-RX] [137] <45.00 -130.00 -15.00> result: 104.22 1
[12:00:02.747] [ARM-RX] 20.41 -48.57 -14.47 79.32 0.00
[12:00:02.748] [ARM-RX] [138] <45.00 -130.00 -15.00> result: 104.22 120.41 -48.57 -14.47 79.32 0.00
[12:00:02.748] [ARM-RX] [139] <45.00 -130.00 -15.00> result: 104.22 120.41 -48.57 -14.47 79.32 0.00
[12:00:02.748] [ARM-RX] [140] <45.00 -130.00 -15.00> result: 104.22 120.41 -48.57 -14.47 79.32
[12:00:02.771] [ARM-RX] 0.00
[12:00:02.772] [ARM-RX] [141] <45.00 -130.00 -15.00> result: 104.22 120.41 -48.57 -14.47 79.32 0.00
[12:00:02.772] [ARM-RX] [142] <45.00 -130.00 -15.00> result: 104.22 120.41 -48.57 -14.47 79.32 0.00
[12:00:02.772] [ARM-RX] [143] <45.00 -130.00 -15.00> result: 104.22 120.41 -48.57 -14.47 79.32 0.00
[12:00:02.772] [ARM-RX] [144] <45.00 -130.
[12:00:02.796] [ARM-RX] 00 -15.00> result: 104.22 120.41 -48.57 -14.47 79.32 0.00
[12:00:02.796] [ARM-RX] [145] <45.00 -130.00 -15.00> result: 104.22 120.41 -48.57 -14.47 79.32 0.00
[12:00:02.796] [ARM-RX] [146] <45.00 -130.00 -15.00> result: 104.22 120.41 -48.57 -14.47 79.32 0.00
[12:00:02.796] [ARM-RX] [147] <45.00 -130.00 -15.00> result: 104.22
[12:00:02.818] [ARM-RX] 120.41 -48.57 -14.47 79.32 0.00
[12:00:02.818] [ARM-RX] [148] <45.00 -130.00 -15.00> result: 104.22 120.41 -48.57 -14.47 79.32 0.00
[12:00:02.819] [ARM-RX] [149] <45.00 -130.00 -15.00> result: 104.22 120.41 -48.57 -14.47 79.32 0.00
[12:00:02.819] [ARM-RX] [150] <45.00 -130.00 -15.00> result: 104.22 120.41 -48.57 -14.47 79.
[12:00:02.840] [ARM-RX] 32 0.00
[12:00:02.841] [ARM-RX] [151] <45.00 -130.00 -15.00> result: 104.22 120.41 -48.57 -14.47 79.32 0.00
[12:00:02.841] [ARM-RX] [152] <45.00 -130.00 -15.00> result: 104.22 120.41 -48.57 -14.47 79.32 0.00
[12:00:02.841] [ARM-RX] [153] <45.00 -130.00 -15.00> result: 104.22 120.41 -48.57 -14.47 79.32 0.00
[12:00:02.841] [ARM-RX] [154] <45.00 -13
[12:00:02.863] [ARM-RX] 0.00 -15.00> result: 104.22 120.41 -48.57 -14.47 79.32 0.00
[12:00:02.864] [ARM-RX] [155] <45.00 -130.00 -15.00> result: 104.22 120.41 -48.57 -14.47 79.32 0.00
[12:00:02.864] [ARM-RX] [156] <45.00 -130.00 -15.00> result: 104.22 120.41 -48.57 -14.47 79.32 0.00
[12:00:02.864] [ARM-RX] [157] <45.00 -130.00 -15.00> result: 104.
[12:00:02.899] [ARM-RX] 22 120.41 -48.57 -14.47 79.32 0.00
[12:00:02.900] [ARM-RX] [158] <45.00 -130.00 -15.00> result: 104.22 120.41 -48.57 -14.47 79.32 0.00
[12:00:02.900] [ARM-RX] [159] <45.00 -130.00 -15.00> result: 104.22 120.41 -48.57 -14.47 79.32 0.00
[12:00:02.900] [ARM-RX] [160] <45.00 -130.00 -15.00> result: 104.22 120.41 -48.57 -14.47 7
[12:00:02.922] [ARM-RX] 9.32 0.00
[12:00:02.922] [ARM-RX] [161] <45.00 -130.00 -15.00> result: 104.22 120.41 -48.57 -14.47 79.32 0.00
[12:00:02.922] [ARM-RX] [162] <45.00 -130.00 -15.00> result: 104.22 120.41 -48.57 -14.47 79.32 0.00
[12:00:02.922] [ARM-RX] [163] <45.00 -130.00 -15.00> result: 104.22 120.41 -48.57 -14.47 79.32 0.00
[12:00:02.923] [ARM-RX] [164] <45.00 -
[12:00:02.945] [ARM-RX] 130.00 -15.00> result: 104.22 120.41 -48.57 -14.47 79.32 0.00
[12:00:02.945] [ARM-RX] [165] <45.00 -130.00 -15.00> result: 104.22 120.41 -48.57 -14.47 79.32 0.00
[12:00:02.945] [ARM-RX] [166] <45.00 -130.00 -15.00> result: 104.22 120.41 -48.57 -14.47 79.32 0.00
[12:00:02.945] [ARM-RX] [167] <45.00 -130.00 -15.00> result: 10
[12:00:02.968] [ARM-RX] 4.22 120.41 -48.57 -14.47 79.32 0.00
[12:00:02.968] [ARM-RX] [168] <45.00 -130.00 -15.00> result: 104.22 120.41 -48.57 -14.47 79.32 0.00
[12:00:02.968] [ARM-RX] [169] <45.00 -130.00 -15.00> result: 104.22 120.41 -48.57 -14.47 79.32 0.00
[12:00:02.968] [ARM-RX] [170] <45.00 -130.00 -15.00> result: 104.22 120.41 -48.57 -14.47
[12:00:02.991] [ARM-RX] 79.32 0.00
[12:00:02.991] [ARM-RX] [171] <45.00 -130.00 -15.00> result: 104.22 120.41 -48.57 -14.47 79.32 0.00
[12:00:02.991] [ARM-RX] [172] <45.00 -130.00 -15.00> result: 104.22 120.41 -48.57 -14.47 79.32 0.00
[12:00:02.991] [ARM-RX] [173] <45.00 -130.00 -15.00> result: 104.22 120.41 -48.57 -14.47 79.32 0.00
[12:00:02.992] [ARM-RX] [174] <45.00
[12:00:03.014] [ARM-RX] -130.00 -15.00> result: 104.22 120.41 -48.57 -14.47 79.32 0.00
[12:00:03.014] [ARM-RX] [175] <45.00 -130.00 -15.00> result: 104.22 120.41 -48.57 -14.47 79.32 0.00
[12:00:03.015] [ARM-RX] [176] <45.00 -130.00 -15.00> result: 104.22 120.41 -48.57 -14.47 79.32 0.00
[12:00:03.015] [ARM-RX] [177] <45.00 -130.00 -15.00> result:
[12:00:03.037] [ARM-RX] 104.22 120.41 -48.57 -14.47 79.32 0.00
[12:00:03.037] [ARM-RX] [178] <45.00 -130.00 -15.00> result: 104.22 120.41 -48.57 -14.47 79.32 0.00
[12:00:03.038] [ARM-RX] [179] <45.00 -130.00 -15.00> result: 104.22 120.41 -48.57 -14.47 79.32 0.00
[12:00:03.038] [ARM-RX] [180] <45.00 -130.00 -15.00> result: 104.22 120.41 -48.57 -14.
[12:00:03.071] [ARM-RX] 47 79.32 0.00
[12:00:03.072] [ARM-RX] [181] <45.00 -130.00 -15.00> result: 104.22 120.41 -48.57 -14.47 79.32 0.00
[12:00:03.072] [ARM-RX] [182] <45.00 -130.00 -15.00> result: 104.22 120.41 -48.57 -14.47 79.32 0.00
[12:00:03.072] [ARM-RX] [183] <45.00 -130.00 -15.00> result: 104.22 120.41 -48.57 -14.47 79.32 0.00
[12:00:03.072] [ARM-RX] [184] <45.
[12:00:03.094] [ARM-RX] 00 -130.00 -15.00> result: 104.22 120.41 -48.57 -14.47 79.32 0.00
[12:00:03.095] [ARM-RX] [185] <45.00 -130.00 -15.00> result: 104.22 120.41 -48.57 -14.47 79.32 0.00
[12:00:03.095] [ARM-RX] [186] <45.00 -130.00 -15.00> result: 104.22 120.41 -48.57 -14.47 79.32 0.00
[12:00:03.095] [ARM-RX] [187] <45.00 -130.00 -15.00> result
[12:00:03.118] [ARM-RX] : 104.22 120.41 -48.57 -14.47 79.32 0.00
[12:00:03.118] [ARM-RX] [188] <45.00 -130.00 -15.00> result: 104.22 120.41 -48.57 -14.47 79.32 0.00
[12:00:03.118] [ARM-RX] [189] <45.00 -130.00 -15.00> result: 104.22 120.41 -48.57 -14.47 79.32 0.00
[12:00:03.119] [ARM-RX] [190] <45.00 -130.00 -15.00> result: 104.22 120.41 -48.57 -1
[12:00:03.141] [ARM-RX] 4.47 79.32 0.00
[12:00:03.141] [ARM-RX] [191] <45.00 -130.00 -15.00> result: 104.22 120.41 -48.57 -14.47 79.32 0.00
[12:00:03.141] [ARM-RX] [192] <45.00 -130.00 -15.00> result: 104.22 120.41 -48.57 -14.47 79.32 0.00
[12:00:03.141] [ARM-RX] [193] <45.00 -130.00 -15.00> result: 104.22 120.41 -48.57 -14.47 79.32 0.00
[12:00:03.142] [ARM-RX] [194] <4
[12:00:03.165] [ARM-RX] 5.00 -130.00 -15.00> result: 104.22 120.41 -48.57 -14.47 79.32 0.00
[12:00:03.166] [ARM-RX] [195] <45.00 -130.00 -15.00> result: 104.22 120.41 -48.57 -14.47 79.32 0.00
[12:00:03.166] [ARM-RX] [196] <45.00 -130.00 -15.00> result: 104.22 120.41 -48.57 -14.47 79.32 0.00
[12:00:03.166] [ARM-RX] [197] <45.00 -130.00 -15.00> resu
[12:00:03.188] [ARM-RX] lt: 104.22 120.41 -48.57 -14.47 79.32 0.00
[12:00:03.188] [ARM-RX] [198] <45.00 -130.00 -15.00> result: 104.22 120.41 -48.57 -14.47 79.32 0.00
[12:00:03.189] [ARM-RX] [199] <45.00 -130.00 -15.00> result: 104.22 120.41 -48.57 -14.47 79.32 0.00
[12:00:03.189] [ARM-RX] [200] <45.00 -130.00 -15.00> result: 104.22 120.41 -48.57
[12:00:03.210] [ARM-RX] -14.47 79.32 0.00
[12:00:03.211] [ARM-RX] [201] <45.00 -130.00 -15.00> result: 104.22 120.41 -48.57 -14.47 79.32 0.00
[12:00:03.211] [ARM-RX] [202] <45.00 -130.00 -15.00> result: 104.22 120.41 -48.57 -14.47 79.32 0.00
[12:00:03.211] [ARM-RX] [203] <45.00 -130.00 -15.00> result: 104.22 120.41 -48.57 -14.47 79.32 0.00
[12:00:03.211] [ARM-RX] [204]
[12:00:03.233] [ARM-RX] <45.00 -130.00 -15.00> result: 104.22 120.41 -48.57 -14.47 79.32 0.00
[12:00:03.234] [ARM-RX] [205] <45.00 -130.00 -15.00> result: 104.22 120.41 -48.57 -14.47 79.32 0.00
[12:00:03.234] [ARM-RX] [206] <45.00 -130.00 -15.00> result: 104.22 120.41 -48.57 -14.47 79.32 0.00
[12:00:03.234] [ARM-RX] [207] <45.00 -130.00 -15.00> re
[12:00:03.269] [ARM-RX] sult: 104.22 120.41 -48.57 -14.47 79.32 0.00
[12:00:03.269] [ARM-RX] [208] <45.00 -130.00 -15.00> result: 104.22 120.41 -48.57 -14.47 79.32 0.00
[12:00:03.270] [ARM-RX] [209] <45.00 -130.00 -15.00> result: 104.22 120.41 -48.57 -14.47 79.32 0.00
[12:00:03.270] [ARM-RX] [210] <45.00 -130.00 -15.00> result: 104.22 120.41 -48.5
[12:00:03.291] [ARM-RX] 7 -14.47 79.32 0.00
[12:00:03.292] [ARM-RX] [211] <45.00 -130.00 -15.00> result: 104.22 120.41 -48.57 -14.47 79.32 0.00
[12:00:03.292] [ARM-RX] [212] <45.00 -130.00 -15.00> result: 104.22 120.41 -48.57 -14.47 79.32 0.00
[12:00:03.292] [ARM-RX] [213] <45.00 -130.00 -15.00> result: 104.22 120.41 -48.57 -14.47 79.32 0.00
[12:00:03.292] [ARM-RX] [214
[12:00:03.314] [ARM-RX] ] <45.00 -130.00 -15.00> result: 104.22 120.41 -48.57 -14.47 79.32 0.00
[12:00:03.315] [ARM-RX] [215] <45.00 -130.00 -15.00> result: 104.22 120.41 -48.57 -14.47 79.32 0.00
[12:00:03.315] [ARM-RX] [216] <45.00 -130.00 -15.00> result: 104.22 120.41 -48.57 -14.47 79.32 0.00
[12:00:03.315] [ARM-RX] [217] <45.00 -130.00 -15.00>
[12:00:03.338] [ARM-RX] result: 104.22 120.41 -48.57 -14.47 79.32 0.00
[12:00:03.338] [ARM-RX] [218] <45.00 -130.00 -15.00> result: 104.22 120.41 -48.57 -14.47 79.32 0.00
[12:00:03.339] [ARM-RX] [219] <45.00 -130.00 -15.00> result: 104.22 120.41 -48.57 -14.47 79.32 0.00
[12:00:03.339] [ARM-RX] [220] <45.00 -130.00 -15.00> result: 104.22 120.41 -48
[12:00:03.361] [ARM-RX] .57 -14.47 79.32 0.00
[12:00:03.361] [ARM-RX] [221] <45.00 -130.00 -15.00> result: 104.22 120.41 -48.57 -14.47 79.32 0.00
[12:00:03.362] [ARM-RX] [222] <45.00 -130.00 -15.00> result: 104.22 120.41 -48.57 -14.47 79.32 0.00
[12:00:03.362] [ARM-RX] [223] <45.00 -130.00 -15.00> result: 104.22 120.41 -48.57 -14.47 79.32 0.00
[12:00:03.362] [ARM-RX] [2
[12:00:03.384] [ARM-RX] 24] <45.00 -130.00 -15.00> result: 104.22 120.41 -48.57 -14.47 79.32 0.00
[12:00:03.384] [ARM-RX] [225] <45.00 -130.00 -15.00> result: 104.22 120.41 -48.57 -14.47 79.32 0.00
[12:00:03.384] [ARM-RX] [226] <45.00 -130.00 -15.00> result: 104.22 120.41 -48.57 -14.47 79.32 0.00
[12:00:03.384] [ARM-RX] [227] <45.00 -130.00 -15.00
[12:00:03.407] [ARM-RX] > result: 104.22 120.41 -48.57 -14.47 79.32 0.00
[12:00:03.407] [ARM-RX] [228] <45.00 -130.00 -15.00> result: 104.22 120.41 -48.57 -14.47 79.32 0.00
[12:00:03.408] [ARM-RX] [229] <45.00 -130.00 -15.00> result: 104.22 120.41 -48.57 -14.47 79.32 0.00
[12:00:03.408] [ARM-RX] [230] <45.00 -130.00 -15.00> result: 104.22 120.41 -
[12:00:03.442] [ARM-RX] 48.57 -14.47 79.32 0.00
[12:00:03.442] [ARM-RX] [231] <45.00 -130.00 -15.00> result: 104.22 120.41 -48.57 -14.47 79.32 0.00
[12:00:03.442] [ARM-RX] [232] <45.00 -130.00 -15.00> result: 104.22 120.41 -48.57 -14.47 79.32 0.00
[12:00:03.442] [ARM-RX] [233] <45.00 -130.00 -15.00> result: 104.22 120.41 -48.57 -14.47 79.32 0.00
[12:00:03.465] [ARM-RX] [234] <45.00 -130.00 -15.00> result: 104.22 120.41 -48.57 -14.47 79.32 0.00
[12:00:03.465] [ARM-RX] [235] <45.00 -130.00 -15.00> result: 104.22 120.41 -48.57 -14.47 79.32 0.00
[12:00:03.466] [ARM-RX] [236] <45.00 -130.00 -15.00> result: 104.22 120.41 -48.57 -14.47 79.32 0.00
[12:00:03.466] [ARM-RX] [237] <45.00 -130.00 -15.
[12:00:03.488] [ARM-RX] 00> result: 104.22 120.41 -48.57 -14.47 79.32 0.00
[12:00:03.488] [ARM-RX] [238] <45.00 -130.00 -15.00> result: 104.22 120.41 -48.57 -14.47 79.32 0.00
[12:00:03.488] [ARM-RX] [239] <45.00 -130.00 -15.00> result: 104.22 120.41 -48.57 -14.47 79.32 0.00
[12:00:03.488] [ARM-RX] [240] <45.00 -130.00 -15.00> result: 104.22 120.41
[12:00:03.511] [ARM-RX] -48.57 -14.47 79.32 0.00
[12:00:03.511] [ARM-RX] [241] <45.00 -130.00 -15.00> result: 104.22 120.41 -48.57 -14.47 79.32 0.00
[12:00:03.511] [ARM-RX] [242] <45.00 -130.00 -15.00> result: 104.22 120.41 -48.57 -14.47 79.32 0.00
[12:00:03.512] [ARM-RX] [243] <45.00 -130.00 -15.00> result: 104.22 120.41 -48.57 -14.47 79.32 0.00
[12:00:03.535] [ARM-RX] [244] <45.00 -130.00 -15.00> result: 104.22 120.41 -48.57 -14.47 79.32 0.00
[12:00:03.535] [ARM-RX] [245] <45.00 -130.00 -15.00> result: 104.22 120.41 -48.57 -14.47 79.32 0.00
[12:00:03.536] [ARM-RX] [246] <45.00 -130.00 -15.00> result: 104.22 120.41 -48.57 -14.47 79.32 0.00
[12:00:03.536] [ARM-RX] [247] <45.00 -130.00 -1
[12:00:03.558] [ARM-RX] 5.00> result: 104.22 120.41 -48.57 -14.47 79.32 0.00
[12:00:03.558] [ARM-RX] [248] <45.00 -130.00 -15.00> result: 104.22 120.41 -48.57 -14.47 79.32 0.00
[12:00:03.559] [ARM-RX] [249] <45.00 -130.00 -15.00> result: 104.22 120.41 -48.57 -14.47 79.32 0.00
[12:00:03.559] [ARM-RX] [250] <45.00 -130.00 -15.00> result: 104.22 120.
[12:00:03.581] [ARM-RX] 41 -48.57 -14.47 79.32 0.00
[12:00:03.581] [ARM-RX] [251] <45.00 -130.00 -15.00> result: 104.22 120.41 -48.57 -14.47 79.32 0.00
[12:00:03.581] [ARM-RX] [252] <45.00 -130.00 -15.00> result: 104.22 120.41 -48.57 -14.47 79.32 0.00
[12:00:03.581] [ARM-RX] [253] <45.00 -130.00 -15.00> result: 104.22 120.41 -48.57 -14.47 79.32 0.
[12:00:03.603] [ARM-RX] 00
[12:00:03.604] [ARM-RX] [254] <45.00 -130.00 -15.00> result: 104.22 120.41 -48.57 -14.47 79.32 0.00
[12:00:03.604] [ARM-RX] [255] <45.00 -130.00 -15.00> result: 104.22 120.41 -48.57 -14.47 79.32 0.00
[12:00:03.604] [ARM-RX] [256] <45.00 -130.00 -15.00> result: 104.22 120.41 -48.57 -14.47 79.32 0.00
[12:00:03.604] [ARM-RX] [257] <45.00 -130.00
[12:00:03.637] [ARM-RX] -15.00> result: 104.22 120.41 -48.57 -14.47 79.32 0.00
[12:00:03.638] [ARM-RX] [258] <45.00 -130.00 -15.00> result: 104.22 120.41 -48.57 -14.47 79.32 0.00
[12:00:03.638] [ARM-RX] [259] <45.00 -130.00 -15.00> result: 104.22 120.41 -48.57 -14.47 79.32 0.00
[12:00:03.638] [ARM-RX] [260] <45.00 -130.00 -15.00> result: 104.22 12
[12:00:03.662] [ARM-RX] 0.41 -48.57 -14.47 79.32 0.00
[12:00:03.663] [ARM-RX] [261] <45.00 -130.00 -15.00> result: 104.22 120.41 -48.57 -14.47 79.32 0.00
[12:00:03.663] [ARM-RX] [262] <45.00 -130.00 -15.00> result: 104.22 120.41 -48.57 -14.47 79.32 0.00
[12:00:03.663] [ARM-RX] [263] <45.00 -130.00 -15.00> result: 104.22 120.41 -48.57 -14.47 79.32
[12:00:03.684] [ARM-RX] 0.00
[12:00:03.684] [ARM-RX] [264] <45.00 -130.00 -15.00> result: 104.22 120.41 -48.57 -14.47 79.32 0.00
[12:00:03.685] [ARM-RX] [265] <45.00 -130.00 -15.00> result: 104.22 120.41 -48.57 -14.47 79.32 0.00
[12:00:03.685] [ARM-RX] [266] <45.00 -130.00 -15.00> result: 104.22 120.41 -48.57 -14.47 79.32 0.00
[12:00:03.685] [ARM-RX] [267] <45.00 -130.0
[12:00:03.738] [ARM-RX] 0 -15.00> result: 104.22 120.41 -48.57 -14.47 79.32 0.00
[12:00:06.535] [ARM-RX] [joint 1] ave_error:0.44
[12:00:06.535] [ARM-RX] [joint 2] ave_error:7.35
[12:00:06.535] [ARM-RX] [joint 3] ave_error:8.08
[12:00:06.536] [ARM-RX] [joint 4] ave_error:0.54
[12:00:06.536] [ARM-RX] [joint 5] ave_error:1.12
[12:00:06.536] [ARM-RX] robot pid run finished!!
[12:00:07.066] [ARM-TX] 发送命令 abs_rotate 0 85: abs_rotate 0 85
[12:00:07.097] [ARM-RX] Found handler for 'abs_rotate', executing...
[12:00:07.338] [ARM-RX] AUTO final confirm failed: joint 2 err=12.75deg tol=3.00, pose invalid.
[12:00:07.338] [ARM-RX] J1 cur=104.14 target=104.22 err=0.07
[12:00:07.339] [ARM-RX] J2 cur=131.64 target=120.41 err=-11.24
[12:00:07.339] [ARM-RX] J3 cur=-35.82 target=-48.57 err=-12.75
[12:00:07.339] [ARM-RX] J4 cur=-14.57 target=-14.47 err=0.09
[12:00:07.339] [ARM-RX] J5 cur=79.05 targ
[12:00:07.391] [ARM-RX] et=79.32 err=0.27
[12:00:07.391] [ARM-RX] [joint_id: 0] ROBOT_JOINT_ABS_ROTATE 85.000000
[12:00:12.927] [ARM-TX] 发送命令 abs_rotate 0 75: abs_rotate 0 75
[12:00:13.003] [ARM-RX] Found handler for 'abs_rotate', executing...
[12:00:13.003] [ARM-RX] [joint_id: 0] ROBOT_JOINT_ABS_ROTATE 75.000000
[12:00:16.977] [ARM-TX] 发送命令 abs_rotate 0 80: abs_rotate 0 80
[12:00:17.055] [ARM-RX] Found handler for 'abs_rotate', executing...
[12:00:17.056] [ARM-RX] [joint_id: 0] ROBOT_JOINT_ABS_ROTATE 80.000000
[12:00:20.112] [ARM-RX] joint 0 position confirm timeout: cur=76.81 target=80.00 err=3.19 tol=3.00
[12:00:21.327] [ARM-TX] 发送命令 abs_rotate 0 85: abs_rotate 0 85
[12:00:21.422] [ARM-RX] Found handler for 'abs_rotate', executing...
[12:00:21.422] [ARM-RX] [joint_id: 0] ROBOT_JOINT_ABS_ROTATE 85.000000
[12:00:29.327] [ARM-TX] 发送命令 abs_rotate 0 83: abs_rotate 0 83
[12:00:29.462] [ARM-RX] Found handler for 'abs_rotate', executing...
[12:00:29.462] [ARM-RX] [joint_id: 0] ROBOT_JOINT_ABS_ROTATE 83.000000
[12:00:32.995] [ARM-TX] 发送命令 abs_rotate 0 83: abs_rotate 0 83
[12:00:33.070] [ARM-RX] Found handler for 'abs_rotate', executing...
[12:00:33.070] [ARM-RX] [joint_id: 0] ROBOT_JOINT_ABS_ROTATE 83.000000
[12:00:35.283] [ARM-TX] 发送命令 abs_rotate 0 83: abs_rotate 0 83
[12:00:35.383] [ARM-RX] Found handler for 'abs_rotate', executing...
[12:00:35.383] [ARM-RX] [joint_id: 0] ROBOT_JOINT_ABS_ROTATE 83.000000
[12:00:36.215] [ARM-TX] 发送命令 abs_rotate 0 83: abs_rotate 0 83
[12:00:36.258] [ARM-RX] Found handler for 'abs_rotate', executing...
[12:00:36.258] [ARM-RX] [joint_id: 0] ROBOT_JOINT_ABS_ROTATE 83.000000
[12:00:37.196] [ARM-TX] 发送命令 abs_rotate 0 83: abs_rotate 0 83
[12:00:37.257] [ARM-RX] Found handler for 'abs_rotate', executing...
[12:00:37.257] [ARM-RX] [joint_id: 0] ROBOT_JOINT_ABS_ROTATE 83.000000
[12:00:38.348] [ARM-TX] 发送命令 abs_rotate 0 83: abs_rotate 0 83
[12:00:38.439] [ARM-RX] Found handler for 'abs_rotate', executing...
[12:00:38.439] [ARM-RX] [joint_id: 0] ROBOT_JOINT_ABS_ROTATE 83.000000
[12:00:39.376] [ARM-TX] 发送命令 abs_rotate 0 83: abs_rotate 0 83
[12:00:39.441] [ARM-RX] Found handler for 'abs_rotate', executing...
[12:00:39.441] [ARM-RX] [joint_id: 0] ROBOT_JOINT_ABS_ROTATE 83.000000
[12:00:40.356] [ARM-TX] 发送命令 abs_rotate 0 83: abs_rotate 0 83
[12:00:40.378] [ARM-RX] Found handler for 'abs_rotate', executing...
[12:00:40.378] [ARM-RX] [joint_id: 0] ROBOT_JOINT_ABS_ROTATE 83.000000
[12:00:41.106] [ARM-TX] 发送命令 abs_rotate 0 83: abs_rotate 0 83
[12:00:41.128] [ARM-RX] Found handler for 'abs_rotate', executing...
[12:00:41.128] [ARM-RX] [joint_id: 0] ROBOT_JOINT_ABS_ROTATE 83.000000
[12:00:41.806] [ARM-TX] 发送命令 abs_rotate 0 83: abs_rotate 0 83
[12:00:41.876] [ARM-RX] Found handler for 'abs_rotate', executing...
[12:00:41.876] [ARM-RX] [joint_id: 0] ROBOT_JOINT_ABS_ROTATE 83.000000
[12:00:42.366] [ARM-TX] 发送命令 abs_rotate 0 83: abs_rotate 0 83
[12:00:42.437] [ARM-RX] Found handler for 'abs_rotate', executing...
[12:00:42.437] [ARM-RX] [joint_id: 0] ROBOT_JOINT_ABS_ROTATE 83.000000
[12:00:42.827] [ARM-TX] 发送命令 abs_rotate 0 83: abs_rotate 0 83
[12:00:42.874] [ARM-RX] Found handler for 'abs_rotate', executing...
[12:00:42.874] [ARM-RX] [joint_id: 0] ROBOT_JOINT_ABS_ROTATE 83.000000
[12:00:43.347] [ARM-TX] 发送命令 abs_rotate 0 83: abs_rotate 0 83
[12:00:43.376] [ARM-RX] Found handler for 'abs_rotate', executing...
[12:00:43.376] [ARM-RX] [joint_id: 0] ROBOT_JOINT_ABS_ROTATE 83.000000
[12:00:43.848] [ARM-TX] 发送命令 abs_rotate 0 83: abs_rotate 0 83
[12:00:43.874] [ARM-RX] Found handler for 'abs_rotate', executing...
[12:00:43.874] [ARM-RX] [joint_id: 0] ROBOT_JOINT_ABS_ROTATE 83.000000
[12:00:44.636] [ARM-TX] 发送命令 abs_rotate 0 83: abs_rotate 0 83
[12:00:44.682] [ARM-RX] Found handler for 'abs_rotate', executing...
[12:00:44.682] [ARM-RX] [joint_id: 0] ROBOT_JOINT_ABS_ROTATE 83.000000
[12:00:50.300] [ARM-TX] 发送命令 abs_rotate 0 90: abs_rotate 0 90
[12:00:50.409] [ARM-RX] Found handler for 'abs_rotate', executing...
[12:00:50.409] [ARM-RX] [joint_id: 0] ROBOT_JOINT_ABS_ROTATE 90.000000
[12:00:55.205] [ARM-TX] 发送命令 abs_rotate 0 83: abs_rotate 0 83
[12:00:55.338] [ARM-RX] Found handler for 'abs_rotate', executing...
[12:00:55.338] [ARM-RX] [joint_id: 0] ROBOT_JOINT_ABS_ROTATE 83.000000
[12:01:00.788] [ARM-TX] 发送命令 abs_rotate 0 90: abs_rotate 0 90
[12:01:00.880] [ARM-RX] Found handler for 'abs_rotate', executing...
[12:01:00.880] [ARM-RX] [joint_id: 0] ROBOT_JOINT_ABS_ROTATE 90.000000
[12:01:06.146] [ARM-TX] 发送命令 abs_rotate 0 80: abs_rotate 0 80
[12:01:06.219] [ARM-RX] Found handler for 'abs_rotate', executing...
[12:01:06.219] [ARM-RX] [joint_id: 0] ROBOT_JOINT_ABS_ROTATE 80.000000
[12:01:10.326] [ARM-TX] 发送命令 abs_rotate 0 90: abs_rotate 0 90
[12:01:10.434] [ARM-RX] Found handler for 'abs_rotate', executing...
[12:01:10.435] [ARM-RX] [joint_id: 0] ROBOT_JOINT_ABS_ROTATE 90.000000
[12:01:15.337] [ARM-TX] 发送命令 abs_rotate 0 84: abs_rotate 0 84
[12:01:15.463] [ARM-RX] Found handler for 'abs_rotate', executing...
[12:01:15.463] [ARM-RX] [joint_id: 0] ROBOT_JOINT_ABS_ROTATE 84.000000
[12:01:23.698] [ARM-TX] 发送命令 abs_rotate 0 80: abs_rotate 0 80
[12:01:23.763] [ARM-RX] Found handler for 'abs_rotate', executing...
[12:01:23.765] [ARM-RX] [joint_id: 0] ROBOT_JOINT_ABS_ROTATE 80.000000
[12:01:27.938] [ARM-TX] 发送命令 abs_rotate 0 82: abs_rotate 0 82
[12:01:27.986] [ARM-RX] Found handler for 'abs_rotate', executing...
[12:01:27.986] [ARM-RX] [joint_id: 0] ROBOT_JOINT_ABS_ROTATE 82.000000
[12:01:30.396] [ARM-TX] 发送命令 abs_rotate 0 82: abs_rotate 0 82
[12:01:30.468] [ARM-RX] Found handler for 'abs_rotate', executing...
[12:01:31.089] [ARM-RX] joint 0 position confirm timeout: cur=78.85 target=82.00 err=3.15 tol=3.00
[12:01:31.089] [ARM-RX] [joint_id: 0] ROBOT_JOINT_ABS_ROTATE 82.000000
[12:01:31.179] [ARM-TX] 发送命令 abs_rotate 0 82: abs_rotate 0 82
[12:01:31.213] [ARM-RX] Found handler for 'abs_rotate', executing...
[12:01:31.275] [ARM-RX] [joint_id: 0] ROBOT_JOINT_ABS_ROTATE 82.000000
[12:01:31.365] [ARM-TX] 发送命令 abs_rotate 0 82: abs_rotate 0 82
[12:01:31.401] [ARM-RX] Found handler for 'abs_rotate', executing...
[12:01:31.402] [ARM-RX] [joint_id: 0] ROBOT_JOINT_ABS_ROTATE 82.000000
[12:01:32.816] [ARM-TX] 发送命令 abs_rotate 0 82: abs_rotate 0 82
[12:01:32.954] [ARM-RX] Found handler for 'abs_rotate', executing...
[12:01:32.954] [ARM-RX] [joint_id: 0] ROBOT_JOINT_ABS_ROTATE 82.000000
[12:01:33.007] [ARM-TX] 发送命令 abs_rotate 0 82: abs_rotate 0 82
[12:01:33.017] [ARM-RX] Found handler for 'abs_rotate', executing...
[12:01:33.080] [ARM-RX] [joint_id: 0] ROBOT_JOINT_ABS_ROTATE 82.000000
[12:01:33.195] [ARM-TX] 发送命令 abs_rotate 0 82: abs_rotate 0 82
[12:01:33.268] [ARM-RX] Found handler for 'abs_rotate', executing...
[12:01:33.268] [ARM-RX] [joint_id: 0] ROBOT_JOINT_ABS_ROTATE 82.000000
[12:01:33.395] [ARM-TX] 发送命令 abs_rotate 0 82: abs_rotate 0 82
[12:01:33.453] [ARM-RX] Found handler for 'abs_rotate', executing...
[12:01:33.453] [ARM-RX] [joint_id: 0] ROBOT_JOINT_ABS_ROTATE 82.000000
[12:01:33.595] [ARM-TX] 发送命令 abs_rotate 0 82: abs_rotate 0 82
[12:01:33.642] [ARM-RX] Found handler for 'abs_rotate', executing...
[12:01:33.642] [ARM-RX] [joint_id: 0] ROBOT_JOINT_ABS_ROTATE 82.000000
[12:01:33.786] [ARM-TX] 发送命令 abs_rotate 0 82: abs_rotate 0 82
[12:01:33.828] [ARM-RX] Found handler for 'abs_rotate', executing...
[12:01:33.828] [ARM-RX] [joint_id: 0] ROBOT_JOINT_ABS_ROTATE 82.000000
[12:01:33.976] [ARM-TX] 发送命令 abs_rotate 0 82: abs_rotate 0 82
[12:01:34.014] [ARM-RX] Found handler for 'abs_rotate', executing...
[12:01:34.014] [ARM-RX] [joint_id: 0] ROBOT_JOINT_ABS_ROTATE 82.000000
[12:01:34.176] [ARM-TX] 发送命令 abs_rotate 0 82: abs_rotate 0 82
[12:01:34.200] [ARM-RX] Found handler for 'abs_rotate', executing...
[12:01:34.200] [ARM-RX] [joint_id: 0] ROBOT_JOINT_ABS_ROTATE 82.000000
[12:01:48.396] [ARM-TX] 发送命令 soft_reset: soft_reset
[12:01:48.441] [ARM-RX] Found handler for 'soft_reset', executing...
[12:01:48.441] [ARM-RX] ROBOT_SOFT_RESET_EVENT
[12:01:48.441] [ARM-RX] --- Starting soft reset ---
[12:01:48.627] [ARM-RX] Soft reset motors enabled (J1~J5, J6 skipped).
[12:01:48.627] [ARM-RX] Soft resetting joint 4...
[12:01:48.689] [ARM-RX] robot_update_current_angle 4...
[12:01:48.692] [ARM-RX] [4] current:79.05, target:90.00, dir:1
[12:01:49.810] [ARM-RX] Soft resetting joint 3...
[12:01:49.810] [ARM-RX] robot_update_current_angle 3...
[12:01:49.810] [ARM-RX] [3] current:-14.56, target:0.00, dir:1
[12:01:51.424] [ARM-RX] soft reset joint 3 settle timeout, keep going
[12:01:51.424] [ARM-RX] Soft resetting joint 1...
[12:01:51.426] [ARM-RX] robot_update_current_angle 1...
[12:01:51.426] [ARM-RX] [1] current:131.64, target:90.00, dir:-1
[12:01:53.666] [ARM-RX] soft reset joint 1 settle timeout, keep going
[12:01:53.666] [ARM-RX] Soft resetting joint 2...
[12:01:53.666] [ARM-RX] robot_update_current_angle 2...
[12:01:53.667] [ARM-RX] [2] current:-35.83, target:-90.00, dir:-1
[12:01:56.155] [ARM-RX] soft reset joint 2 settle timeout, keep going
[12:01:56.156] [ARM-RX] Soft resetting joint 0...
[12:01:56.216] [ARM-RX] robot_update_current_angle 0...
[12:01:56.216] [ARM-RX] [0] current:81.98, target:90.00, dir:1
[12:01:57.526] [ARM-RX] soft reset final verify PASS (issues:3), pose set HOME.
[12:01:58.367] [ARM-TX] 发送命令 auto 55 -130 -15: auto 55 -130 -15
[12:01:58.396] [ARM-RX] Found handler for 'auto', executing...
[12:01:58.396] [ARM-RX] ROBOT_AUTO_EVENT
[12:01:58.397] [ARM-RX] [0] <0.00 0.00 0.00> result: 90.00 90.00 -90.00 0.00 90.00 0.00
[12:01:58.397] [ARM-RX] [1] <0.00 -0.00 -0.00> result: 90.00 90.00 -90.00 -0.00 90.00 0.00
[12:01:58.397] [ARM-RX] [2] <0.00 -0.00 -0.00> result: 90.00 90.00 -90.00 -
[12:01:58.430] [ARM-RX] 0.00 90.00 0.00
[12:01:58.430] [ARM-RX] [3] <0.00 -0.00 -0.00> result: 90.00 90.00 -90.00 -0.00 90.00 0.00
[12:01:58.431] [ARM-RX] [4] <0.00 -0.01 -0.00> result: 90.00 90.00 -90.00 -0.00 90.00 0.00
[12:01:58.431] [ARM-RX] [5] <0.01 -0.02 -0.00> result: 90.01 90.01 -90.00 -0.01 90.00 0.00
[12:01:58.431] [ARM-RX] [6] <0.01 -0.03 -0.00> result: 90.0
[12:01:58.452] [ARM-RX] 1 90.01 -89.99 -0.01 90.00 0.00
[12:01:58.452] [ARM-RX] [7] <0.02 -0.04 -0.01> result: 90.02 90.02 -89.99 -0.02 90.01 0.00
[12:01:58.452] [ARM-RX] [8] <0.03 -0.06 -0.01> result: 90.03 90.03 -89.98 -0.03 90.01 0.00
[12:01:58.453] [ARM-RX] [9] <0.04 -0.09 -0.01> result: 90.05 90.04 -89.98 -0.05 90.01 0.00
[12:01:58.453] [ARM-RX] [10] <0.05 -0.12 -0
[12:01:58.475] [ARM-RX] .01> result: 90.06 90.05 -89.97 -0.06 90.02 0.00
[12:01:58.475] [ARM-RX] [11] <0.07 -0.16 -0.02> result: 90.08 90.07 -89.96 -0.08 90.02 0.00
[12:01:58.476] [ARM-RX] [12] <0.09 -0.21 -0.02> result: 90.10 90.09 -89.94 -0.10 90.03 0.00
[12:01:58.476] [ARM-RX] [13] <0.11 -0.26 -0.03> result: 90.13 90.11 -89.93 -0.13 90.04 0.00
[12:01:58.497] [ARM-RX] [14] <0.14 -0.32 -0.04> result: 90.16 90.13 -89.91 -0.16 90.04 0.00
[12:01:58.497] [ARM-RX] [15] <0.17 -0.39 -0.05> result: 90.20 90.16 -89.89 -0.20 90.05 0.00
[12:01:58.498] [ARM-RX] [16] <0.20 -0.47 -0.05> result: 90.24 90.20 -89.87 -0.24 90.06 0.00
[12:01:58.498] [ARM-RX] [17] <0.24 -0.56 -0.07> result: 90.28 90.23 -89.
[12:01:58.522] [ARM-RX] 84 -0.28 90.08 0.00
[12:01:58.522] [ARM-RX] [18] <0.28 -0.67 -0.08> result: 90.33 90.27 -89.82 -0.33 90.09 0.00
[12:01:58.522] [ARM-RX] [19] <0.33 -0.78 -0.09> result: 90.39 90.32 -89.78 -0.39 90.10 0.00
[12:01:58.522] [ARM-RX] [20] <0.38 -0.90 -0.10> result: 90.45 90.37 -89.75 -0.45 90.12 0.00
[12:01:58.524] [ARM-RX] [21] <0.44 -1.04 -0.12> resu
[12:01:58.544] [ARM-RX] lt: 90.52 90.43 -89.71 -0.52 90.14 0.00
[12:01:58.544] [ARM-RX] [22] <0.50 -1.19 -0.14> result: 90.59 90.49 -89.67 -0.59 90.16 0.00
[12:01:58.544] [ARM-RX] [23] <0.57 -1.36 -0.16> result: 90.67 90.55 -89.62 -0.67 90.18 0.00
[12:01:58.545] [ARM-RX] [24] <0.65 -1.54 -0.18> result: 90.76 90.63 -89.57 -0.76 90.20 0.00
[12:01:58.545] [ARM-RX] [25] <0.
[12:01:58.567] [ARM-RX] 73 -1.73 -0.20> result: 90.85 90.70 -89.52 -0.85 90.22 0.00
[12:01:58.568] [ARM-RX] [26] <0.82 -1.94 -0.22> result: 90.95 90.79 -89.46 -0.95 90.25 0.00
[12:01:58.568] [ARM-RX] [27] <0.92 -2.16 -0.25> result: 91.05 90.88 -89.40 -1.05 90.27 0.00
[12:01:58.568] [ARM-RX] [28] <1.02 -2.41 -0.28> result: 91.17 90.97 -89.33 -1.17
[12:01:58.602] [ARM-RX] 90.30 0.00
[12:01:58.602] [ARM-RX] [29] <1.13 -2.66 -0.31> result: 91.28 91.07 -89.26 -1.28 90.33 0.00
[12:01:58.602] [ARM-RX] [30] <1.24 -2.94 -0.34> result: 91.41 91.18 -89.18 -1.41 90.36 0.00
[12:01:58.602] [ARM-RX] [31] <1.37 -3.23 -0.37> result: 91.54 91.29 -89.10 -1.54 90.39 0.00
[12:01:58.602] [ARM-RX] [32] <1.50 -3.54 -0.41> result: 91.68
[12:01:58.625] [ARM-RX] 91.41 -89.01 -1.68 90.42 0.00
[12:01:58.625] [ARM-RX] [33] <1.64 -3.87 -0.45> result: 91.82 91.54 -88.92 -1.82 90.46 0.00
[12:01:58.625] [ARM-RX] [34] <1.79 -4.22 -0.49> result: 91.97 91.67 -88.82 -1.97 90.49 0.00
[12:01:58.625] [ARM-RX] [35] <1.94 -4.59 -0.53> result: 92.13 91.81 -88.71 -2.13 90.53 0.00
[12:01:58.625] [ARM-RX] [36] <2.11 -4.98
[12:01:58.648] [ARM-RX] -0.57> result: 92.29 91.96 -88.60 -2.29 90.56 0.00
[12:01:58.648] [ARM-RX] [37] <2.28 -5.39 -0.62> result: 92.46 92.11 -88.49 -2.46 90.60 0.00
[12:01:58.648] [ARM-RX] [38] <2.46 -5.82 -0.67> result: 92.64 92.27 -88.36 -2.64 90.63 0.00
[12:01:58.648] [ARM-RX] [39] <2.66 -6.28 -0.72> result: 92.82 92.44 -88.23 -2.82 90.67 0.0
[12:01:58.672] [ARM-RX] 0
[12:01:58.672] [ARM-RX] [40] <2.86 -6.75 -0.78> result: 93.01 92.61 -88.10 -3.01 90.70 0.00
[12:01:58.672] [ARM-RX] [41] <3.07 -7.25 -0.84> result: 93.20 92.79 -87.95 -3.20 90.74 0.00
[12:01:58.672] [ARM-RX] [42] <3.29 -7.77 -0.90> result: 93.39 92.97 -87.80 -3.39 90.77 0.00
[12:01:58.673] [ARM-RX] [43] <3.52 -8.31 -0.96> result: 93.60 93.16 -8
[12:01:58.694] [ARM-RX] 7.65 -3.60 90.81 0.00
[12:01:58.695] [ARM-RX] [44] <3.75 -8.87 -1.02> result: 93.80 93.36 -87.48 -3.80 90.84 0.00
[12:01:58.695] [ARM-RX] [45] <4.00 -9.46 -1.09> result: 94.01 93.56 -87.31 -4.01 90.87 0.00
[12:01:58.695] [ARM-RX] [46] <4.26 -10.08 -1.16> result: 94.22 93.77 -87.13 -4.23 90.90 0.00
[12:01:58.696] [ARM-RX] [47] <4.53 -10.71 -1.24>
[12:01:58.718] [ARM-RX] result: 94.44 93.99 -86.95 -4.44 90.93 0.00
[12:01:58.718] [ARM-RX] [48] <4.81 -11.37 -1.31> result: 94.66 94.21 -86.75 -4.66 90.96 0.00
[12:01:58.718] [ARM-RX] [49] <5.10 -12.06 -1.39> result: 94.89 94.43 -86.55 -4.89 90.98 0.00
[12:01:58.718] [ARM-RX] [50] <5.40 -12.77 -1.47> result: 95.11 94.67 -86.34 -5.11 91.01 0.00
[12:01:58.719] [ARM-RX] [
[12:01:58.740] [ARM-RX] 51] <5.71 -13.51 -1.56> result: 95.34 94.90 -86.13 -5.34 91.03 0.00
[12:01:58.740] [ARM-RX] [52] <6.04 -14.27 -1.65> result: 95.57 95.15 -85.90 -5.57 91.04 0.00
[12:01:58.740] [ARM-RX] [53] <6.37 -15.06 -1.74> result: 95.80 95.40 -85.67 -5.80 91.06 0.00
[12:01:58.741] [ARM-RX] [54] <6.71 -15.87 -1.83> result: 96.04 95.65 -8
[12:01:58.763] [ARM-RX] 5.42 -6.04 91.07 0.00
[12:01:58.764] [ARM-RX] [55] <7.07 -16.71 -1.93> result: 96.27 95.91 -85.17 -6.27 91.07 0.00
[12:01:58.764] [ARM-RX] [56] <7.44 -17.58 -2.03> result: 96.51 96.17 -84.91 -6.51 91.08 0.00
[12:01:58.764] [ARM-RX] [57] <7.81 -18.47 -2.13> result: 96.74 96.44 -84.64 -6.74 91.08 0.00
[12:01:58.764] [ARM-RX] [58] <8.20 -19.39 -2.24
[12:01:58.798] [ARM-RX] > result: 96.98 96.71 -84.37 -6.98 91.07 0.00
[12:01:58.799] [ARM-RX] [59] <8.60 -20.34 -2.35> result: 97.22 96.99 -84.08 -7.22 91.06 0.00
[12:01:58.799] [ARM-RX] [60] <9.02 -21.31 -2.46> result: 97.45 97.27 -83.79 -7.45 91.05 0.00
[12:01:58.799] [ARM-RX] [61] <9.44 -22.31 -2.57> result: 97.69 97.56 -83.48 -7.69 91.03 0.00
[12:01:58.821] [ARM-RX] [62] <9.87 -23.34 -2.69> result: 97.92 97.85 -83.17 -7.92 91.01 0.00
[12:01:58.821] [ARM-RX] [63] <10.32 -24.39 -2.81> result: 98.15 98.14 -82.85 -8.16 90.98 0.00
[12:01:58.821] [ARM-RX] [64] <10.78 -25.48 -2.94> result: 98.39 98.44 -82.52 -8.39 90.95 0.00
[12:01:58.822] [ARM-RX] [65] <11.25 -26.59 -3.07> result: 98.62 98.
[12:01:58.844] [ARM-RX] 75 -82.18 -8.62 90.91 0.00
[12:01:58.844] [ARM-RX] [66] <11.73 -27.72 -3.20> result: 98.85 99.05 -81.83 -8.85 90.87 0.00
[12:01:58.844] [ARM-RX] [67] <12.22 -28.89 -3.33> result: 99.08 99.36 -81.47 -9.08 90.82 0.00
[12:01:58.844] [ARM-RX] [68] <12.73 -30.08 -3.47> result: 99.30 99.68 -81.10 -9.30 90.76 0.00
[12:01:58.845] [ARM-RX] [69] <13.24 -31
[12:01:58.867] [ARM-RX] .30 -3.61> result: 99.52 99.99 -80.72 -9.52 90.70 0.00
[12:01:58.868] [ARM-RX] [70] <13.77 -32.55 -3.76> result: 99.75 100.31 -80.33 -9.75 90.64 0.00
[12:01:58.868] [ARM-RX] [71] <14.31 -33.82 -3.90> result: 99.96 100.64 -79.94 -9.96 90.56 0.00
[12:01:58.868] [ARM-RX] [72] <14.86 -35.13 -4.05> result: 100.18 100.96 -79.53 -
[12:01:58.890] [ARM-RX] 10.18 90.48 0.00
[12:01:58.890] [ARM-RX] [73] <15.42 -36.45 -4.21> result: 100.39 101.29 -79.11 -10.39 90.40 0.00
[12:01:58.891] [ARM-RX] [74] <16.00 -37.81 -4.36> result: 100.60 101.63 -78.69 -10.60 90.31 0.00
[12:01:58.891] [ARM-RX] [75] <16.58 -39.19 -4.52> result: 100.81 101.96 -78.25 -10.81 90.21 0.00
[12:01:58.891] [ARM-RX] [76] <17.18 -40.
[12:01:58.913] [ARM-RX] 61 -4.69> result: 101.02 102.30 -77.81 -11.02 90.11 0.00
[12:01:58.913] [ARM-RX] [77] <17.79 -42.04 -4.85> result: 101.22 102.65 -77.35 -11.22 90.00 0.00
[12:01:58.913] [ARM-RX] [78] <18.41 -43.51 -5.02> result: 101.42 102.99 -76.89 -11.42 89.88 0.00
[12:01:58.914] [ARM-RX] [79] <19.04 -45.00 -5.19> result: 101.61 103.34 -7
[12:01:58.937] [ARM-RX] 6.42 -11.61 89.76 0.00
[12:01:58.938] [ARM-RX] [80] <19.68 -46.52 -5.37> result: 101.81 103.69 -75.93 -11.81 89.63 0.00
[12:01:58.938] [ARM-RX] [81] <20.33 -48.06 -5.55> result: 102.00 104.05 -75.44 -12.00 89.50 0.00
[12:01:58.938] [ARM-RX] [82] <21.00 -49.63 -5.73> result: 102.18 104.40 -74.94 -12.18 89.36 0.00
[12:01:58.938] [ARM-RX] [83] <21.6
[12:01:58.971] [ARM-RX] 7 -51.22 -5.91> result: 102.37 104.76 -74.43 -12.37 89.21 0.00
[12:01:58.972] [ARM-RX] [84] <22.36 -52.85 -6.10> result: 102.55 105.13 -73.90 -12.55 89.05 0.00
[12:01:58.972] [ARM-RX] [85] <23.05 -54.49 -6.29> result: 102.72 105.49 -73.37 -12.72 88.89 0.00
[12:01:58.972] [ARM-RX] [86] <23.76 -56.16 -6.48> result: 102.89 105
[12:01:58.994] [ARM-RX] .86 -72.83 -12.90 88.73 0.00
[12:01:58.994] [ARM-RX] [87] <24.48 -57.86 -6.68> result: 103.06 106.23 -72.29 -13.07 88.55 0.00
[12:01:58.995] [ARM-RX] [88] <25.21 -59.58 -6.87> result: 103.23 106.60 -71.73 -13.24 88.38 0.00
[12:01:58.995] [ARM-RX] [89] <25.95 -61.33 -7.08> result: 103.39 106.98 -71.16 -13.40 88.19 0.00
[12:01:58.995] [ARM-RX] [90]
[12:01:59.018] [ARM-RX] <26.70 -63.10 -7.28> result: 103.55 107.36 -70.58 -13.56 88.00 0.00
[12:01:59.018] [ARM-RX] [91] <27.45 -64.89 -7.49> result: 103.71 107.74 -70.00 -13.72 87.80 0.00
[12:01:59.018] [ARM-RX] [92] <28.22 -66.71 -7.70> result: 103.87 108.13 -69.40 -13.88 87.60 0.00
[12:01:59.019] [ARM-RX] [93] <29.00 -68.55 -7.91> result: 104.
[12:01:59.041] [ARM-RX] 02 108.51 -68.80 -14.03 87.39 0.00
[12:01:59.042] [ARM-RX] [94] <29.79 -70.41 -8.12> result: 104.16 108.90 -68.18 -14.18 87.17 0.00
[12:01:59.042] [ARM-RX] [95] <30.59 -72.30 -8.34> result: 104.31 109.29 -67.56 -14.33 86.95 0.00
[12:01:59.042] [ARM-RX] [96] <31.39 -74.20 -8.56> result: 104.45 109.69 -66.93 -14.47 86.73 0.00
[12:01:59.065] [ARM-RX] [97] <32.21 -76.13 -8.78> result: 104.59 110.09 -66.29 -14.62 86.49 0.00
[12:01:59.065] [ARM-RX] [98] <33.03 -78.08 -9.01> result: 104.72 110.49 -65.64 -14.76 86.25 0.00
[12:01:59.065] [ARM-RX] [99] <33.87 -80.05 -9.24> result: 104.86 110.89 -64.98 -14.89 86.01 0.00
[12:01:59.065] [ARM-RX] [100] <34.71 -82.04 -9.47> resul
[12:01:59.087] [ARM-RX] t: 104.99 111.29 -64.32 -15.03 85.76 0.00
[12:01:59.088] [ARM-RX] [101] <35.56 -84.05 -9.70> result: 105.11 111.70 -63.64 -15.16 85.51 0.00
[12:01:59.088] [ARM-RX] [102] <36.42 -86.08 -9.93> result: 105.24 112.11 -62.96 -15.29 85.24 0.00
[12:01:59.088] [ARM-RX] [103] <37.29 -88.13 -10.17> result: 105.36 112.52 -62.27 -15.42
[12:01:59.111] [ARM-RX] 84.98 0.00
[12:01:59.111] [ARM-RX] [104] <38.16 -90.20 -10.41> result: 105.48 112.94 -61.57 -15.54 84.71 0.00
[12:01:59.111] [ARM-RX] [105] <39.04 -92.29 -10.65> result: 105.59 113.35 -60.86 -15.67 84.43 0.00
[12:01:59.112] [ARM-RX] [106] <39.93 -94.39 -10.89> result: 105.71 113.77 -60.15 -15.79 84.15 0.00
[12:01:59.112] [ARM-RX] [107] <40.83 -9
[12:01:59.133] [ARM-RX] 6.51 -11.14> result: 105.82 114.20 -59.42 -15.91 83.86 0.00
[12:01:59.136] [ARM-RX] [108] <41.73 -98.65 -11.38> result: 105.92 114.62 -58.69 -16.03 83.57 0.00
[12:01:59.136] [ARM-RX] [109] <42.65 -100.80 -11.63> result: 106.03 115.05 -57.95 -16.14 83.27 0.00
[12:01:59.136] [ARM-RX] [110] <43.56 -102.97 -11.88> result: 106.1
[12:01:59.168] [ARM-RX] 3 115.48 -57.21 -16.26 82.97 0.00
[12:01:59.168] [ARM-RX] [111] <44.49 -105.15 -12.13> result: 106.23 115.91 -56.45 -16.37 82.67 0.00
[12:01:59.169] [ARM-RX] [112] <45.42 -107.35 -12.39> result: 106.33 116.34 -55.69 -16.48 82.36 0.00
[12:01:59.169] [ARM-RX] [113] <46.35 -109.56 -12.64> result: 106.43 116.78 -54.92 -16.59 82
[12:01:59.191] [ARM-RX] .04 0.00
[12:01:59.191] [ARM-RX] [114] <47.29 -111.79 -12.90> result: 106.52 117.22 -54.14 -16.70 81.72 0.00
[12:01:59.192] [ARM-RX] [115] <48.24 -114.02 -13.16> result: 106.62 117.66 -53.36 -16.81 81.39 0.00
[12:01:59.192] [ARM-RX] [116] <49.19 -116.28 -13.42> result: 106.71 118.10 -52.57 -16.92 81.07 0.00
[12:01:59.192] [ARM-RX] [117] <50.15 -1
[12:01:59.214] [ARM-RX] 18.54 -13.68> result: 106.79 118.55 -51.77 -17.02 80.73 0.00
[12:01:59.215] [ARM-RX] [118] <51.11 -120.81 -13.94> result: 106.88 119.00 -50.96 -17.13 80.39 0.00
[12:01:59.215] [ARM-RX] [119] <52.08 -123.09 -14.20> result: 106.96 119.45 -50.15 -17.23 80.05 0.00
[12:01:59.215] [ARM-RX] [120] <53.05 -125.39 -14.47> result: 107
[12:01:59.237] [ARM-RX] .05 119.90 -49.33 -17.33 79.71 0.00
[12:01:59.238] [ARM-RX] [121] <54.02 -127.69 -14.73> result: 107.13 120.35 -48.50 -17.44 79.36 0.00
[12:01:59.238] [ARM-RX] [122] <55.00 -130.00 -15.00> result: 107.20 120.81 -47.67 -17.54 79.00 0.00
[12:01:59.238] [ARM-RX] [123] <55.00 -130.00 -15.00> result: 107.20 120.81 -47.67 -17.54
[12:01:59.260] [ARM-RX] 79.00 0.00
[12:01:59.260] [ARM-RX] [124] <55.00 -130.00 -15.00> result: 107.20 120.81 -47.67 -17.54 79.00 0.00
[12:01:59.261] [ARM-RX] [125] <55.00 -130.00 -15.00> result: 107.20 120.81 -47.67 -17.54 79.00 0.00
[12:01:59.261] [ARM-RX] [126] <55.00 -130.00 -15.00> result: 107.20 120.81 -47.67 -17.54 79.00 0.00
[12:01:59.261] [ARM-RX] [127] <55.00
[12:01:59.284] [ARM-RX] -130.00 -15.00> result: 107.20 120.81 -47.67 -17.54 79.00 0.00
[12:01:59.284] [ARM-RX] [128] <55.00 -130.00 -15.00> result: 107.20 120.81 -47.67 -17.54 79.00 0.00
[12:01:59.285] [ARM-RX] [129] <55.00 -130.00 -15.00> result: 107.20 120.81 -47.67 -17.54 79.00 0.00
[12:01:59.285] [ARM-RX] [130] <55.00 -130.00 -15.00> result: 1
[12:01:59.306] [ARM-RX] 07.20 120.81 -47.67 -17.54 79.00 0.00
[12:01:59.307] [ARM-RX] [131] <55.00 -130.00 -15.00> result: 107.20 120.81 -47.67 -17.54 79.00 0.00
[12:01:59.307] [ARM-RX] [132] <55.00 -130.00 -15.00> result: 107.20 120.81 -47.67 -17.54 79.00 0.00
[12:01:59.307] [ARM-RX] [133] <55.00 -130.00 -15.00> result: 107.20 120.81 -47.67 -17.5
[12:01:59.342] [ARM-RX] 4 79.00 0.00
[12:01:59.342] [ARM-RX] [134] <55.00 -130.00 -15.00> result: 107.20 120.81 -47.67 -17.54 79.00 0.00
[12:01:59.342] [ARM-RX] [135] <55.00 -130.00 -15.00> result: 107.20 120.81 -47.67 -17.54 79.00 0.00
[12:01:59.342] [ARM-RX] [136] <55.00 -130.00 -15.00> result: 107.20 120.81 -47.67 -17.54 79.00 0.00
[12:01:59.343] [ARM-RX] [137] <55.0
[12:01:59.365] [ARM-RX] 0 -130.00 -15.00> result: 107.20 120.81 -47.67 -17.54 79.00 0.00
[12:01:59.365] [ARM-RX] [138] <55.00 -130.00 -15.00> result: 107.20 120.81 -47.67 -17.54 79.00 0.00
[12:01:59.365] [ARM-RX] [139] <55.00 -130.00 -15.00> result: 107.20 120.81 -47.67 -17.54 79.00 0.00
[12:01:59.365] [ARM-RX] [140] <55.00 -130.00 -15.00> result:
[12:01:59.387] [ARM-RX] 107.20 120.81 -47.67 -17.54 79.00 0.00
[12:01:59.387] [ARM-RX] [141] <55.00 -130.00 -15.00> result: 107.20 120.81 -47.67 -17.54 79.00 0.00
[12:01:59.388] [ARM-RX] [142] <55.00 -130.00 -15.00> result: 107.20 120.81 -47.67 -17.54 79.00 0.00
[12:01:59.388] [ARM-RX] [143] <55.00 -130.00 -15.00> result: 107.20 120.81 -47.67 -17
[12:01:59.410] [ARM-RX] .54 79.00 0.00
[12:01:59.410] [ARM-RX] [144] <55.00 -130.00 -15.00> result: 107.20 120.81 -47.67 -17.54 79.00 0.00
[12:01:59.410] [ARM-RX] [145] <55.00 -130.00 -15.00> result: 107.20 120.81 -47.67 -17.54 79.00 0.00
[12:01:59.411] [ARM-RX] [146] <55.00 -130.00 -15.00> result: 107.20 120.81 -47.67 -17.54 79.00 0.00
[12:01:59.411] [ARM-RX] [147] <55
[12:01:59.434] [ARM-RX] .00 -130.00 -15.00> result: 107.20 120.81 -47.67 -17.54 79.00 0.00
[12:01:59.434] [ARM-RX] [148] <55.00 -130.00 -15.00> result: 107.20 120.81 -47.67 -17.54 79.00 0.00
[12:01:59.434] [ARM-RX] [149] <55.00 -130.00 -15.00> result: 107.20 120.81 -47.67 -17.54 79.00 0.00
[12:01:59.434] [ARM-RX] [150] <55.00 -130.00 -15.00> resul
[12:01:59.458] [ARM-RX] t: 107.20 120.81 -47.67 -17.54 79.00 0.00
[12:01:59.458] [ARM-RX] [151] <55.00 -130.00 -15.00> result: 107.20 120.81 -47.67 -17.54 79.00 0.00
[12:01:59.458] [ARM-RX] [152] <55.00 -130.00 -15.00> result: 107.20 120.81 -47.67 -17.54 79.00 0.00
[12:01:59.458] [ARM-RX] [153] <55.00 -130.00 -15.00> result: 107.20 120.81 -47.67 -
[12:01:59.480] [ARM-RX] 17.54 79.00 0.00
[12:01:59.480] [ARM-RX] [154] <55.00 -130.00 -15.00> result: 107.20 120.81 -47.67 -17.54 79.00 0.00
[12:01:59.480] [ARM-RX] [155] <55.00 -130.00 -15.00> result: 107.20 120.81 -47.67 -17.54 79.00 0.00
[12:01:59.480] [ARM-RX] [156] <55.00 -130.00 -15.00> result: 107.20 120.81 -47.67 -17.54 79.00 0.00
[12:01:59.480] [ARM-RX] [157] <
[12:01:59.503] [ARM-RX] 55.00 -130.00 -15.00> result: 107.20 120.81 -47.67 -17.54 79.00 0.00
[12:01:59.503] [ARM-RX] [158] <55.00 -130.00 -15.00> result: 107.20 120.81 -47.67 -17.54 79.00 0.00
[12:01:59.504] [ARM-RX] [159] <55.00 -130.00 -15.00> result: 107.20 120.81 -47.67 -17.54 79.00 0.00
[12:01:59.504] [ARM-RX] [160] <55.00 -130.00 -15.00> res
[12:01:59.538] [ARM-RX] ult: 107.20 120.81 -47.67 -17.54 79.00 0.00
[12:01:59.539] [ARM-RX] [161] <55.00 -130.00 -15.00> result: 107.20 120.81 -47.67 -17.54 79.00 0.00
[12:01:59.539] [ARM-RX] [162] <55.00 -130.00 -15.00> result: 107.20 120.81 -47.67 -17.54 79.00 0.00
[12:01:59.539] [ARM-RX] [163] <55.00 -130.00 -15.00> result: 107.20 120.81 -47.67
[12:01:59.562] [ARM-RX] -17.54 79.00 0.00
[12:01:59.562] [ARM-RX] [164] <55.00 -130.00 -15.00> result: 107.20 120.81 -47.67 -17.54 79.00 0.00
[12:01:59.562] [ARM-RX] [165] <55.00 -130.00 -15.00> result: 107.20 120.81 -47.67 -17.54 79.00 0.00
[12:01:59.562] [ARM-RX] [166] <55.00 -130.00 -15.00> result: 107.20 120.81 -47.67 -17.54 79.00 0.00
[12:01:59.562] [ARM-RX] [167]
[12:01:59.584] [ARM-RX] <55.00 -130.00 -15.00> result: 107.20 120.81 -47.67 -17.54 79.00 0.00
[12:01:59.584] [ARM-RX] [168] <55.00 -130.00 -15.00> result: 107.20 120.81 -47.67 -17.54 79.00 0.00
[12:01:59.585] [ARM-RX] [169] <55.00 -130.00 -15.00> result: 107.20 120.81 -47.67 -17.54 79.00 0.00
[12:01:59.585] [ARM-RX] [170] <55.00 -130.00 -15.00> r
[12:01:59.607] [ARM-RX] esult: 107.20 120.81 -47.67 -17.54 79.00 0.00
[12:01:59.607] [ARM-RX] [171] <55.00 -130.00 -15.00> result: 107.20 120.81 -47.67 -17.54 79.00 0.00
[12:01:59.607] [ARM-RX] [172] <55.00 -130.00 -15.00> result: 107.20 120.81 -47.67 -17.54 79.00 0.00
[12:01:59.608] [ARM-RX] [173] <55.00 -130.00 -15.00> result: 107.20 120.81 -47.
[12:01:59.630] [ARM-RX] 67 -17.54 79.00 0.00
[12:01:59.631] [ARM-RX] [174] <55.00 -130.00 -15.00> result: 107.20 120.81 -47.67 -17.54 79.00 0.00
[12:01:59.631] [ARM-RX] [175] <55.00 -130.00 -15.00> result: 107.20 120.81 -47.67 -17.54 79.00 0.00
[12:01:59.631] [ARM-RX] [176] <55.00 -130.00 -15.00> result: 107.20 120.81 -47.67 -17.54 79.00 0.00
[12:01:59.632] [ARM-RX] [17
[12:01:59.654] [ARM-RX] 7] <55.00 -130.00 -15.00> result: 107.20 120.81 -47.67 -17.54 79.00 0.00
[12:01:59.654] [ARM-RX] [178] <55.00 -130.00 -15.00> result: 107.20 120.81 -47.67 -17.54 79.00 0.00
[12:01:59.654] [ARM-RX] [179] <55.00 -130.00 -15.00> result: 107.20 120.81 -47.67 -17.54 79.00 0.00
[12:01:59.654] [ARM-RX] [180] <55.00 -130.00 -15.00>
[12:01:59.675] [ARM-RX] result: 107.20 120.81 -47.67 -17.54 79.00 0.00
[12:01:59.677] [ARM-RX] [181] <55.00 -130.00 -15.00> result: 107.20 120.81 -47.67 -17.54 79.00 0.00
[12:01:59.677] [ARM-RX] [182] <55.00 -130.00 -15.00> result: 107.20 120.81 -47.67 -17.54 79.00 0.00
[12:01:59.678] [ARM-RX] [183] <55.00 -130.00 -15.00> result: 107.20 120.81 -4
[12:01:59.711] [ARM-RX] 7.67 -17.54 79.00 0.00
[12:01:59.712] [ARM-RX] [184] <55.00 -130.00 -15.00> result: 107.20 120.81 -47.67 -17.54 79.00 0.00
[12:01:59.712] [ARM-RX] [185] <55.00 -130.00 -15.00> result: 107.20 120.81 -47.67 -17.54 79.00 0.00
[12:01:59.712] [ARM-RX] [186] <55.00 -130.00 -15.00> result: 107.20 120.81 -47.67 -17.54 79.00 0.00
[12:01:59.712] [ARM-RX] [
[12:01:59.735] [ARM-RX] 187] <55.00 -130.00 -15.00> result: 107.20 120.81 -47.67 -17.54 79.00 0.00
[12:01:59.735] [ARM-RX] [188] <55.00 -130.00 -15.00> result: 107.20 120.81 -47.67 -17.54 79.00 0.00
[12:01:59.735] [ARM-RX] [189] <55.00 -130.00 -15.00> result: 107.20 120.81 -47.67 -17.54 79.00 0.00
[12:01:59.735] [ARM-RX] [190] <55.00 -130.00 -15.0
[12:01:59.757] [ARM-RX] 0> result: 107.20 120.81 -47.67 -17.54 79.00 0.00
[12:01:59.757] [ARM-RX] [191] <55.00 -130.00 -15.00> result: 107.20 120.81 -47.67 -17.54 79.00 0.00
[12:01:59.757] [ARM-RX] [192] <55.00 -130.00 -15.00> result: 107.20 120.81 -47.67 -17.54 79.00 0.00
[12:01:59.758] [ARM-RX] [193] <55.00 -130.00 -15.00> result: 107.20 120.81
[12:01:59.780] [ARM-RX] -47.67 -17.54 79.00 0.00
[12:01:59.781] [ARM-RX] [194] <55.00 -130.00 -15.00> result: 107.20 120.81 -47.67 -17.54 79.00 0.00
[12:01:59.781] [ARM-RX] [195] <55.00 -130.00 -15.00> result: 107.20 120.81 -47.67 -17.54 79.00 0.00
[12:01:59.781] [ARM-RX] [196] <55.00 -130.00 -15.00> result: 107.20 120.81 -47.67 -17.54 79.00 0.00
[12:01:59.803] [ARM-RX] [197] <55.00 -130.00 -15.00> result: 107.20 120.81 -47.67 -17.54 79.00 0.00
[12:01:59.803] [ARM-RX] [198] <55.00 -130.00 -15.00> result: 107.20 120.81 -47.67 -17.54 79.00 0.00
[12:01:59.803] [ARM-RX] [199] <55.00 -130.00 -15.00> result: 107.20 120.81 -47.67 -17.54 79.00 0.00
[12:01:59.803] [ARM-RX] [200] <55.00 -130.00 -15
[12:01:59.828] [ARM-RX] .00> result: 107.20 120.81 -47.67 -17.54 79.00 0.00
[12:01:59.828] [ARM-RX] [201] <55.00 -130.00 -15.00> result: 107.20 120.81 -47.67 -17.54 79.00 0.00
[12:01:59.828] [ARM-RX] [202] <55.00 -130.00 -15.00> result: 107.20 120.81 -47.67 -17.54 79.00 0.00
[12:01:59.828] [ARM-RX] [203] <55.00 -130.00 -15.00> result: 107.20 120.8
[12:01:59.851] [ARM-RX] 1 -47.67 -17.54 79.00 0.00
[12:01:59.851] [ARM-RX] [204] <55.00 -130.00 -15.00> result: 107.20 120.81 -47.67 -17.54 79.00 0.00
[12:01:59.851] [ARM-RX] [205] <55.00 -130.00 -15.00> result: 107.20 120.81 -47.67 -17.54 79.00 0.00
[12:01:59.851] [ARM-RX] [206] <55.00 -130.00 -15.00> result: 107.20 120.81 -47.67 -17.54 79.00 0.0
[12:01:59.874] [ARM-RX] 0
[12:01:59.874] [ARM-RX] [207] <55.00 -130.00 -15.00> result: 107.20 120.81 -47.67 -17.54 79.00 0.00
[12:01:59.874] [ARM-RX] [208] <55.00 -130.00 -15.00> result: 107.20 120.81 -47.67 -17.54 79.00 0.00
[12:01:59.874] [ARM-RX] [209] <55.00 -130.00 -15.00> result: 107.20 120.81 -47.67 -17.54 79.00 0.00
[12:01:59.875] [ARM-RX] [210] <55.00 -130.00 -
[12:01:59.907] [ARM-RX] 15.00> result: 107.20 120.81 -47.67 -17.54 79.00 0.00
[12:01:59.907] [ARM-RX] [211] <55.00 -130.00 -15.00> result: 107.20 120.81 -47.67 -17.54 79.00 0.00
[12:01:59.908] [ARM-RX] [212] <55.00 -130.00 -15.00> result: 107.20 120.81 -47.67 -17.54 79.00 0.00
[12:01:59.908] [ARM-RX] [213] <55.00 -130.00 -15.00> result: 107.20 120
[12:01:59.931] [ARM-RX] .81 -47.67 -17.54 79.00 0.00
[12:01:59.931] [ARM-RX] [214] <55.00 -130.00 -15.00> result: 107.20 120.81 -47.67 -17.54 79.00 0.00
[12:01:59.931] [ARM-RX] [215] <55.00 -130.00 -15.00> result: 107.20 120.81 -47.67 -17.54 79.00 0.00
[12:01:59.932] [ARM-RX] [216] <55.00 -130.00 -15.00> result: 107.20 120.81 -47.67 -17.54 79.00 0
[12:01:59.954] [ARM-RX] .00
[12:01:59.955] [ARM-RX] [217] <55.00 -130.00 -15.00> result: 107.20 120.81 -47.67 -17.54 79.00 0.00
[12:01:59.955] [ARM-RX] [218] <55.00 -130.00 -15.00> result: 107.20 120.81 -47.67 -17.54 79.00 0.00
[12:01:59.955] [ARM-RX] [219] <55.00 -130.00 -15.00> result: 107.20 120.81 -47.67 -17.54 79.00 0.00
[12:01:59.955] [ARM-RX] [220] <55.00 -130.00
[12:01:59.977] [ARM-RX] -15.00> result: 107.20 120.81 -47.67 -17.54 79.00 0.00
[12:01:59.978] [ARM-RX] [221] <55.00 -130.00 -15.00> result: 107.20 120.81 -47.67 -17.54 79.00 0.00
[12:01:59.978] [ARM-RX] [222] <55.00 -130.00 -15.00> result: 107.20 120.81 -47.67 -17.54 79.00 0.00
[12:01:59.978] [ARM-RX] [223] <55.00 -130.00 -15.00> result: 107.20 1
[12:02:00.001] [ARM-RX] 20.81 -47.67 -17.54 79.00 0.00
[12:02:00.001] [ARM-RX] [224] <55.00 -130.00 -15.00> result: 107.20 120.81 -47.67 -17.54 79.00 0.00
[12:02:00.001] [ARM-RX] [225] <55.00 -130.00 -15.00> result: 107.20 120.81 -47.67 -17.54 79.00 0.00
[12:02:00.001] [ARM-RX] [226] <55.00 -130.00 -15.00> result: 107.20 120.81 -47.67 -17.54 79.00
[12:02:00.023] [ARM-RX] 0.00
[12:02:00.023] [ARM-RX] [227] <55.00 -130.00 -15.00> result: 107.20 120.81 -47.67 -17.54 79.00 0.00
[12:02:00.023] [ARM-RX] [228] <55.00 -130.00 -15.00> result: 107.20 120.81 -47.67 -17.54 79.00 0.00
[12:02:00.024] [ARM-RX] [229] <55.00 -130.00 -15.00> result: 107.20 120.81 -47.67 -17.54 79.00 0.00
[12:02:00.024] [ARM-RX] [230] <55.00 -130.
[12:02:00.046] [ARM-RX] 00 -15.00> result: 107.20 120.81 -47.67 -17.54 79.00 0.00
[12:02:00.046] [ARM-RX] [231] <55.00 -130.00 -15.00> result: 107.20 120.81 -47.67 -17.54 79.00 0.00
[12:02:00.046] [ARM-RX] [232] <55.00 -130.00 -15.00> result: 107.20 120.81 -47.67 -17.54 79.00 0.00
[12:02:00.047] [ARM-RX] [233] <55.00 -130.00 -15.00> result: 107.20
[12:02:00.085] [ARM-RX] 120.81 -47.67 -17.54 79.00 0.00
[12:02:00.086] [ARM-RX] [234] <55.00 -130.00 -15.00> result: 107.20 120.81 -47.67 -17.54 79.00 0.00
[12:02:00.086] [ARM-RX] [235] <55.00 -130.00 -15.00> result: 107.20 120.81 -47.67 -17.54 79.00 0.00
[12:02:00.086] [ARM-RX] [236] <55.00 -130.00 -15.00> result: 107.20 120.81 -47.67 -17.54 79.
[12:02:00.104] [ARM-RX] 00 0.00
[12:02:00.105] [ARM-RX] [237] <55.00 -130.00 -15.00> result: 107.20 120.81 -47.67 -17.54 79.00 0.00
[12:02:00.105] [ARM-RX] [238] <55.00 -130.00 -15.00> result: 107.20 120.81 -47.67 -17.54 79.00 0.00
[12:02:00.105] [ARM-RX] [239] <55.00 -130.00 -15.00> result: 107.20 120.81 -47.67 -17.54 79.00 0.00
[12:02:00.105] [ARM-RX] [240] <55.00 -13
[12:02:00.127] [ARM-RX] 0.00 -15.00> result: 107.20 120.81 -47.67 -17.54 79.00 0.00
[12:02:00.128] [ARM-RX] [241] <55.00 -130.00 -15.00> result: 107.20 120.81 -47.67 -17.54 79.00 0.00
[12:02:00.128] [ARM-RX] [242] <55.00 -130.00 -15.00> result: 107.20 120.81 -47.67 -17.54 79.00 0.00
[12:02:00.128] [ARM-RX] [243] <55.00 -130.00 -15.00> result: 107.
[12:02:00.150] [ARM-RX] 20 120.81 -47.67 -17.54 79.00 0.00
[12:02:00.150] [ARM-RX] [244] <55.00 -130.00 -15.00> result: 107.20 120.81 -47.67 -17.54 79.00 0.00
[12:02:00.151] [ARM-RX] [245] <55.00 -130.00 -15.00> result: 107.20 120.81 -47.67 -17.54 79.00 0.00
[12:02:00.151] [ARM-RX] [246] <55.00 -130.00 -15.00> result: 107.20 120.81 -47.67 -17.54 7
[12:02:00.173] [ARM-RX] 9.00 0.00
[12:02:00.174] [ARM-RX] [247] <55.00 -130.00 -15.00> result: 107.20 120.81 -47.67 -17.54 79.00 0.00
[12:02:00.174] [ARM-RX] [248] <55.00 -130.00 -15.00> result: 107.20 120.81 -47.67 -17.54 79.00 0.00
[12:02:00.174] [ARM-RX] [249] <55.00 -130.00 -15.00> result: 107.20 120.81 -47.67 -17.54 79.00 0.00
[12:02:00.174] [ARM-RX] [250] <55.00 -
[12:02:00.196] [ARM-RX] 130.00 -15.00> result: 107.20 120.81 -47.67 -17.54 79.00 0.00
[12:02:00.197] [ARM-RX] [251] <55.00 -130.00 -15.00> result: 107.20 120.81 -47.67 -17.54 79.00 0.00
[12:02:00.197] [ARM-RX] [252] <55.00 -130.00 -15.00> result: 107.20 120.81 -47.67 -17.54 79.00 0.00
[12:02:00.197] [ARM-RX] [253] <55.00 -130.00 -15.00> result: 10
[12:02:00.220] [ARM-RX] 7.20 120.81 -47.67 -17.54 79.00 0.00
[12:02:00.220] [ARM-RX] [254] <55.00 -130.00 -15.00> result: 107.20 120.81 -47.67 -17.54 79.00 0.00
[12:02:00.220] [ARM-RX] [255] <55.00 -130.00 -15.00> result: 107.20 120.81 -47.67 -17.54 79.00 0.00
[12:02:00.220] [ARM-RX] [256] <55.00 -130.00 -15.00> result: 107.20 120.81 -47.67 -17.54
[12:02:00.243] [ARM-RX] 79.00 0.00
[12:02:00.244] [ARM-RX] [257] <55.00 -130.00 -15.00> result: 107.20 120.81 -47.67 -17.54 79.00 0.00
[12:02:00.244] [ARM-RX] [258] <55.00 -130.00 -15.00> result: 107.20 120.81 -47.67 -17.54 79.00 0.00
[12:02:00.244] [ARM-RX] [259] <55.00 -130.00 -15.00> result: 107.20 120.81 -47.67 -17.54 79.00 0.00
[12:02:00.244] [ARM-RX] [260] <55.00
[12:02:00.277] [ARM-RX] -130.00 -15.00> result: 107.20 120.81 -47.67 -17.54 79.00 0.00
[12:02:00.277] [ARM-RX] [261] <55.00 -130.00 -15.00> result: 107.20 120.81 -47.67 -17.54 79.00 0.00
[12:02:00.277] [ARM-RX] [262] <55.00 -130.00 -15.00> result: 107.20 120.81 -47.67 -17.54 79.00 0.00
[12:02:00.278] [ARM-RX] [263] <55.00 -130.00 -15.00> result:
[12:02:00.300] [ARM-RX] 107.20 120.81 -47.67 -17.54 79.00 0.00
[12:02:00.300] [ARM-RX] [264] <55.00 -130.00 -15.00> result: 107.20 120.81 -47.67 -17.54 79.00 0.00
[12:02:00.301] [ARM-RX] [265] <55.00 -130.00 -15.00> result: 107.20 120.81 -47.67 -17.54 79.00 0.00
[12:02:00.301] [ARM-RX] [266] <55.00 -130.00 -15.00> result: 107.20 120.81 -47.67 -17.
[12:02:00.324] [ARM-RX] 54 79.00 0.00
[12:02:00.324] [ARM-RX] [267] <55.00 -130.00 -15.00> result: 107.20 120.81 -47.67 -17.54 79.00 0.00
[12:02:00.324] [ARM-RX] [268] <55.00 -130.00 -15.00> result: 107.20 120.81 -47.67 -17.54 79.00 0.00
[12:02:00.324] [ARM-RX] [269] <55.00 -130.00 -15.00> result: 107.20 120.81 -47.67 -17.54 79.00 0.00
[12:02:00.325] [ARM-RX] [270] <55.
[12:02:00.377] [ARM-RX] 00 -130.00 -15.00> result: 107.20 120.81 -47.67 -17.54 79.00 0.00
[12:02:00.377] [ARM-RX] [271] <55.00 -130.00 -15.00> result: 107.20 120.81 -47.67 -17.54 79.00 0.00
[12:02:03.176] [ARM-RX] [joint 1] ave_error:0.97
[12:02:03.176] [ARM-RX] [joint 2] ave_error:7.40
[12:02:03.176] [ARM-RX] [joint 3] ave_error:8.29
[12:02:03.176] [ARM-RX] [joint 4] ave_error:0.91
[12:02:03.177] [ARM-RX] [joint 5] ave_error:1.19
[12:02:03.177] [ARM-RX] robot pid run finished!!
[12:02:04.020] [ARM-RX] AUTO final confirm failed: joint 2 err=13.22deg tol=3.00, pose invalid.
[12:02:04.021] [ARM-RX] J1 cur=106.90 target=107.20 err=0.30
[12:02:04.021] [ARM-RX] J2 cur=132.19 target=120.81 err=-11.38
[12:02:04.022] [ARM-RX] J3 cur=-34.45 target=-47.67 err=-13.22
[12:02:04.022] [ARM-RX] J4 cur=-17.66 target=-17.54 err=0.13
[12:02:04.022] [ARM-RX] J5 cur=78.73 targ
[12:02:04.078] [ARM-RX] et=79.00 err=0.28
[12:02:04.646] [ARM-TX] 发送命令 abs_rotate 0 82: abs_rotate 0 82
[12:02:04.701] [ARM-RX] Found handler for 'abs_rotate', executing...
[12:02:04.701] [ARM-RX] [joint_id: 0] ROBOT_JOINT_ABS_ROTATE 82.000000
[12:02:17.627] [ARM-TX] 发送命令 soft_reset: soft_reset
[12:02:17.706] [ARM-RX] Found handler for 'soft_reset', executing...
[12:02:17.706] [ARM-RX] ROBOT_SOFT_RESET_EVENT
[12:02:17.706] [ARM-RX] --- Starting soft reset ---
[12:02:17.894] [ARM-RX] Soft reset motors enabled (J1~J5, J6 skipped).
[12:02:17.894] [ARM-RX] Soft resetting joint 4...
[12:02:17.956] [ARM-RX] robot_update_current_angle 4...
[12:02:17.956] [ARM-RX] [4] current:78.72, target:90.00, dir:1
[12:02:19.076] [ARM-RX] Soft resetting joint 3...
[12:02:19.076] [ARM-RX] robot_update_current_angle 3...
[12:02:19.076] [ARM-RX] [3] current:-17.66, target:0.00, dir:1
[12:02:20.693] [ARM-RX] soft reset joint 3 settle timeout, keep going
[12:02:20.693] [ARM-RX] Soft resetting joint 1...
[12:02:20.693] [ARM-RX] robot_update_current_angle 1...
[12:02:20.693] [ARM-RX] [1] current:132.18, target:90.00, dir:-1
[12:02:23.055] [ARM-RX] soft reset joint 1 settle timeout, keep going
[12:02:23.057] [ARM-RX] Soft resetting joint 2...
[12:02:23.057] [ARM-RX] robot_update_current_angle 2...
[12:02:23.057] [ARM-RX] [2] current:-34.46, target:-90.00, dir:-1
[12:02:25.545] [ARM-RX] soft reset joint 2 settle timeout, keep going
[12:02:25.545] [ARM-RX] Soft resetting joint 0...
[12:02:25.609] [ARM-RX] robot_update_current_angle 0...
[12:02:25.609] [ARM-RX] [0] current:82.00, target:90.00, dir:1
[12:02:26.861] [ARM-RX] soft reset final verify PASS (issues:3), pose set HOME.
[12:02:29.015] [ARM-TX] 发送命令 auto 60 -130 -15: auto 60 -130 -15
[12:02:29.103] [ARM-RX] Found handler for 'auto', executing...
[12:02:29.103] [ARM-RX] ROBOT_AUTO_EVENT
[12:02:29.103] [ARM-RX] [0] <0.00 0.00 0.00> result: 90.00 90.00 -90.00 0.00 90.00 0.00
[12:02:29.103] [ARM-RX] [1] <0.00 -0.00 -0.00> result: 90.00 90.00 -90.00 -0.00 90.00 0.00
[12:02:29.103] [ARM-RX] [2] <0.00 -0.00 -0.00> result: 90.00 90.00 -90.00 -
[12:02:29.132] [ARM-RX] 0.00 90.00 0.00
[12:02:29.132] [ARM-RX] [3] <0.00 -0.00 -0.00> result: 90.00 90.00 -90.00 -0.00 90.00 0.00
[12:02:29.132] [ARM-RX] [4] <0.00 -0.01 -0.00> result: 90.01 90.00 -90.00 -0.01 90.00 0.00
[12:02:29.132] [ARM-RX] [5] <0.01 -0.02 -0.00> result: 90.01 90.01 -90.00 -0.01 90.00 0.00
[12:02:29.132] [ARM-RX] [6] <0.01 -0.03 -0.00> result: 90.0
[12:02:29.154] [ARM-RX] 2 90.01 -89.99 -0.02 90.00 0.00
[12:02:29.154] [ARM-RX] [7] <0.02 -0.04 -0.01> result: 90.02 90.02 -89.99 -0.02 90.01 0.00
[12:02:29.154] [ARM-RX] [8] <0.03 -0.06 -0.01> result: 90.04 90.03 -89.98 -0.04 90.01 0.00
[12:02:29.154] [ARM-RX] [9] <0.04 -0.09 -0.01> result: 90.05 90.04 -89.98 -0.05 90.01 0.00
[12:02:29.154] [ARM-RX] [10] <0.06 -0.12 -0
[12:02:29.177] [ARM-RX] .01> result: 90.07 90.05 -89.97 -0.07 90.02 0.00
[12:02:29.178] [ARM-RX] [11] <0.07 -0.16 -0.02> result: 90.09 90.07 -89.96 -0.09 90.02 0.00
[12:02:29.178] [ARM-RX] [12] <0.09 -0.20 -0.02> result: 90.11 90.08 -89.94 -0.11 90.03 0.00
[12:02:29.178] [ARM-RX] [13] <0.12 -0.25 -0.03> result: 90.14 90.11 -89.93 -0.14 90.03 0.00
[12:02:29.200] [ARM-RX] [14] <0.15 -0.31 -0.04> result: 90.17 90.13 -89.91 -0.17 90.04 0.00
[12:02:29.200] [ARM-RX] [15] <0.18 -0.38 -0.04> result: 90.21 90.16 -89.89 -0.21 90.05 0.00
[12:02:29.200] [ARM-RX] [16] <0.21 -0.46 -0.05> result: 90.25 90.19 -89.87 -0.25 90.06 0.00
[12:02:29.201] [ARM-RX] [17] <0.25 -0.55 -0.06> result: 90.30 90.23 -89.
[12:02:29.225] [ARM-RX] 85 -0.30 90.08 0.00
[12:02:29.225] [ARM-RX] [18] <0.30 -0.65 -0.08> result: 90.36 90.27 -89.82 -0.36 90.09 0.00
[12:02:29.226] [ARM-RX] [19] <0.35 -0.76 -0.09> result: 90.42 90.31 -89.79 -0.42 90.10 0.00
[12:02:29.226] [ARM-RX] [20] <0.41 -0.89 -0.10> result: 90.48 90.36 -89.75 -0.48 90.12 0.00
[12:02:29.226] [ARM-RX] [21] <0.47 -1.02 -0.12> resu
[12:02:29.246] [ARM-RX] lt: 90.55 90.42 -89.72 -0.55 90.14 0.00
[12:02:29.246] [ARM-RX] [22] <0.54 -1.17 -0.13> result: 90.63 90.48 -89.68 -0.63 90.15 0.00
[12:02:29.247] [ARM-RX] [23] <0.61 -1.33 -0.15> result: 90.72 90.54 -89.63 -0.72 90.17 0.00
[12:02:29.247] [ARM-RX] [24] <0.69 -1.50 -0.17> result: 90.81 90.61 -89.58 -0.81 90.20 0.00
[12:02:29.247] [ARM-RX] [25] <0.
[12:02:29.269] [ARM-RX] 78 -1.69 -0.20> result: 90.91 90.69 -89.53 -0.91 90.22 0.00
[12:02:29.269] [ARM-RX] [26] <0.88 -1.90 -0.22> result: 91.01 90.77 -89.47 -1.01 90.24 0.00
[12:02:29.270] [ARM-RX] [27] <0.98 -2.12 -0.24> result: 91.13 90.86 -89.41 -1.13 90.27 0.00
[12:02:29.270] [ARM-RX] [28] <1.09 -2.36 -0.27> result: 91.25 90.95 -89.34 -1.25
[12:02:29.304] [ARM-RX] 90.30 0.00
[12:02:29.304] [ARM-RX] [29] <1.20 -2.61 -0.30> result: 91.37 91.05 -89.27 -1.37 90.33 0.00
[12:02:29.305] [ARM-RX] [30] <1.33 -2.88 -0.33> result: 91.51 91.16 -89.20 -1.51 90.35 0.00
[12:02:29.305] [ARM-RX] [31] <1.46 -3.17 -0.37> result: 91.65 91.27 -89.12 -1.65 90.39 0.00
[12:02:29.305] [ARM-RX] [32] <1.60 -3.47 -0.40> result: 91.80
[12:02:29.328] [ARM-RX] 91.39 -89.03 -1.80 90.42 0.00
[12:02:29.328] [ARM-RX] [33] <1.75 -3.79 -0.44> result: 91.95 91.51 -88.94 -1.95 90.45 0.00
[12:02:29.329] [ARM-RX] [34] <1.91 -4.14 -0.48> result: 92.11 91.64 -88.84 -2.11 90.48 0.00
[12:02:29.329] [ARM-RX] [35] <2.08 -4.50 -0.52> result: 92.28 91.78 -88.74 -2.28 90.52 0.00
[12:02:29.329] [ARM-RX] [36] <2.25 -4.88
[12:02:29.350] [ARM-RX] -0.56> result: 92.46 91.92 -88.63 -2.46 90.55 0.00
[12:02:29.351] [ARM-RX] [37] <2.44 -5.28 -0.61> result: 92.64 92.07 -88.51 -2.64 90.59 0.00
[12:02:29.351] [ARM-RX] [38] <2.63 -5.71 -0.66> result: 92.83 92.23 -88.39 -2.83 90.62 0.00
[12:02:29.351] [ARM-RX] [39] <2.84 -6.15 -0.71> result: 93.02 92.39 -88.27 -3.02 90.66 0.0
[12:02:29.373] [ARM-RX] 0
[12:02:29.374] [ARM-RX] [40] <3.05 -6.61 -0.76> result: 93.22 92.56 -88.13 -3.22 90.69 0.00
[12:02:29.374] [ARM-RX] [41] <3.28 -7.10 -0.82> result: 93.43 92.74 -87.99 -3.43 90.73 0.00
[12:02:29.374] [ARM-RX] [42] <3.51 -7.61 -0.88> result: 93.64 92.92 -87.84 -3.64 90.76 0.00
[12:02:29.374] [ARM-RX] [43] <3.76 -8.14 -0.94> result: 93.85 93.11 -8
[12:02:29.396] [ARM-RX] 7.69 -3.85 90.80 0.00
[12:02:29.396] [ARM-RX] [44] <4.01 -8.69 -1.00> result: 94.08 93.30 -87.53 -4.08 90.83 0.00
[12:02:29.397] [ARM-RX] [45] <4.28 -9.27 -1.07> result: 94.30 93.50 -87.36 -4.30 90.86 0.00
[12:02:29.397] [ARM-RX] [46] <4.56 -9.87 -1.14> result: 94.53 93.71 -87.19 -4.53 90.89 0.00
[12:02:29.397] [ARM-RX] [47] <4.84 -10.50 -1.21> r
[12:02:29.420] [ARM-RX] esult: 94.76 93.92 -87.00 -4.77 90.92 0.00
[12:02:29.420] [ARM-RX] [48] <5.14 -11.15 -1.29> result: 95.00 94.14 -86.81 -5.00 90.95 0.00
[12:02:29.422] [ARM-RX] [49] <5.45 -11.82 -1.36> result: 95.24 94.36 -86.61 -5.24 90.97 0.00
[12:02:29.422] [ARM-RX] [50] <5.78 -12.52 -1.44> result: 95.49 94.59 -86.41 -5.49 90.99 0.00
[12:02:29.422] [ARM-RX] [5
[12:02:29.442] [ARM-RX] 1] <6.11 -13.24 -1.53> result: 95.73 94.83 -86.19 -5.73 91.01 0.00
[12:02:29.442] [ARM-RX] [52] <6.46 -13.99 -1.61> result: 95.98 95.07 -85.97 -5.98 91.03 0.00
[12:02:29.443] [ARM-RX] [53] <6.81 -14.76 -1.70> result: 96.23 95.31 -85.74 -6.23 91.05 0.00
[12:02:29.443] [ARM-RX] [54] <7.18 -15.56 -1.80> result: 96.48 95.57 -85
[12:02:29.468] [ARM-RX] .50 -6.48 91.06 0.00
[12:02:29.468] [ARM-RX] [55] <7.56 -16.38 -1.89> result: 96.74 95.82 -85.25 -6.74 91.06 0.00
[12:02:29.468] [ARM-RX] [56] <7.95 -17.23 -1.99> result: 96.99 96.08 -84.99 -6.99 91.07 0.00
[12:02:29.469] [ARM-RX] [57] <8.36 -18.11 -2.09> result: 97.25 96.35 -84.73 -7.25 91.07 0.00
[12:02:29.469] [ARM-RX] [58] <8.77 -19.01 -2.19>
[12:02:29.501] [ARM-RX] result: 97.50 96.62 -84.46 -7.50 91.06 0.00
[12:02:29.501] [ARM-RX] [59] <9.20 -19.94 -2.30> result: 97.76 96.89 -84.17 -7.76 91.06 0.00
[12:02:29.501] [ARM-RX] [60] <9.64 -20.90 -2.41> result: 98.01 97.17 -83.88 -8.01 91.04 0.00
[12:02:29.501] [ARM-RX] [61] <10.10 -21.88 -2.52> result: 98.27 97.46 -83.58 -8.27 91.03 0.00
[12:02:29.524] [ARM-RX] [62] <10.56 -22.89 -2.64> result: 98.52 97.75 -83.27 -8.52 91.01 0.00
[12:02:29.524] [ARM-RX] [63] <11.04 -23.92 -2.76> result: 98.77 98.04 -82.95 -8.77 90.98 0.00
[12:02:29.524] [ARM-RX] [64] <11.53 -24.98 -2.88> result: 99.02 98.33 -82.62 -9.02 90.95 0.00
[12:02:29.524] [ARM-RX] [65] <12.03 -26.07 -3.01> result: 99.27 98
[12:02:29.548] [ARM-RX] .63 -82.29 -9.27 90.91 0.00
[12:02:29.548] [ARM-RX] [66] <12.55 -27.19 -3.14> result: 99.52 98.94 -81.94 -9.52 90.87 0.00
[12:02:29.548] [ARM-RX] [67] <13.08 -28.33 -3.27> result: 99.77 99.25 -81.59 -9.77 90.82 0.00
[12:02:29.548] [ARM-RX] [68] <13.62 -29.51 -3.40> result: 100.01 99.56 -81.22 -10.01 90.77 0.00
[12:02:29.549] [ARM-RX] [69] <14.17
[12:02:29.570] [ARM-RX] -30.70 -3.54> result: 100.25 99.87 -80.85 -10.25 90.71 0.00
[12:02:29.570] [ARM-RX] [70] <14.74 -31.93 -3.68> result: 100.49 100.19 -80.46 -10.49 90.64 0.00
[12:02:29.570] [ARM-RX] [71] <15.31 -33.18 -3.83> result: 100.73 100.51 -80.07 -10.73 90.57 0.00
[12:02:29.570] [ARM-RX] [72] <15.90 -34.46 -3.98> result: 100.96 100.84
[12:02:29.593] [ARM-RX] -79.66 -10.97 90.49 0.00
[12:02:29.593] [ARM-RX] [73] <16.51 -35.77 -4.13> result: 101.20 101.17 -79.25 -11.20 90.41 0.00
[12:02:29.593] [ARM-RX] [74] <17.12 -37.10 -4.28> result: 101.42 101.50 -78.83 -11.43 90.32 0.00
[12:02:29.593] [ARM-RX] [75] <17.75 -38.46 -4.44> result: 101.65 101.83 -78.40 -11.65 90.22 0.00
[12:02:29.594] [ARM-RX] [76] <1
[12:02:29.618] [ARM-RX] 8.39 -39.85 -4.60> result: 101.87 102.17 -77.96 -11.87 90.12 0.00
[12:02:29.618] [ARM-RX] [77] <19.04 -41.26 -4.76> result: 102.09 102.51 -77.50 -12.09 90.01 0.00
[12:02:29.618] [ARM-RX] [78] <19.71 -42.70 -4.93> result: 102.31 102.85 -77.04 -12.31 89.90 0.00
[12:02:29.618] [ARM-RX] [79] <20.38 -44.16 -5.10> result: 102.52
[12:02:29.640] [ARM-RX] 103.20 -76.57 -12.52 89.78 0.00
[12:02:29.640] [ARM-RX] [80] <21.07 -45.66 -5.27> result: 102.73 103.55 -76.09 -12.73 89.65 0.00
[12:02:29.640] [ARM-RX] [81] <21.77 -47.17 -5.44> result: 102.93 103.90 -75.60 -12.93 89.52 0.00
[12:02:29.640] [ARM-RX] [82] <22.49 -48.72 -5.62> result: 103.14 104.26 -75.10 -13.14 89.38 0.00
[12:02:29.640] [ARM-RX] [
[12:02:29.674] [ARM-RX] 83] <23.21 -50.29 -5.80> result: 103.33 104.62 -74.60 -13.34 89.23 0.00
[12:02:29.675] [ARM-RX] [84] <23.95 -51.88 -5.99> result: 103.53 104.98 -74.08 -13.53 89.08 0.00
[12:02:29.675] [ARM-RX] [85] <24.69 -53.50 -6.17> result: 103.72 105.34 -73.55 -13.72 88.92 0.00
[12:02:29.675] [ARM-RX] [86] <25.45 -55.15 -6.36> result: 1
[12:02:29.700] [ARM-RX] 03.91 105.71 -73.01 -13.91 88.76 0.00
[12:02:29.700] [ARM-RX] [87] <26.22 -56.82 -6.56> result: 104.09 106.08 -72.47 -14.10 88.59 0.00
[12:02:29.700] [ARM-RX] [88] <27.01 -58.51 -6.75> result: 104.27 106.45 -71.91 -14.28 88.41 0.00
[12:02:29.700] [ARM-RX] [89] <27.80 -60.23 -6.95> result: 104.45 106.83 -71.35 -14.46 88.23 0
[12:02:29.721] [ARM-RX] .00
[12:02:29.722] [ARM-RX] [90] <28.60 -61.97 -7.15> result: 104.63 107.20 -70.77 -14.63 88.04 0.00
[12:02:29.722] [ARM-RX] [91] <29.42 -63.74 -7.35> result: 104.80 107.58 -70.19 -14.81 87.85 0.00
[12:02:29.722] [ARM-RX] [92] <30.24 -65.53 -7.56> result: 104.96 107.97 -69.59 -14.98 87.65 0.00
[12:02:29.722] [ARM-RX] [93] <31.08 -67.34 -7.77> res
[12:02:29.743] [ARM-RX] ult: 105.13 108.35 -68.99 -15.14 87.44 0.00
[12:02:29.743] [ARM-RX] [94] <31.93 -69.17 -7.98> result: 105.29 108.74 -68.38 -15.31 87.23 0.00
[12:02:29.744] [ARM-RX] [95] <32.78 -71.03 -8.20> result: 105.44 109.13 -67.76 -15.47 87.01 0.00
[12:02:29.744] [ARM-RX] [96] <33.65 -72.91 -8.41> result: 105.60 109.53 -67.13 -15.62 8
[12:02:29.766] [ARM-RX] 6.78 0.00
[12:02:29.766] [ARM-RX] [97] <34.53 -74.81 -8.63> result: 105.75 109.92 -66.49 -15.78 86.55 0.00
[12:02:29.766] [ARM-RX] [98] <35.41 -76.73 -8.85> result: 105.90 110.32 -65.85 -15.93 86.32 0.00
[12:02:29.766] [ARM-RX] [99] <36.31 -78.67 -9.08> result: 106.04 110.72 -65.19 -16.08 86.07 0.00
[12:02:29.766] [ARM-RX] [100] <37.22 -80.64 -9.
[12:02:29.789] [ARM-RX] 30> result: 106.18 111.13 -64.53 -16.22 85.83 0.00
[12:02:29.790] [ARM-RX] [101] <38.13 -82.62 -9.53> result: 106.32 111.53 -63.86 -16.37 85.57 0.00
[12:02:29.790] [ARM-RX] [102] <39.06 -84.62 -9.76> result: 106.45 111.94 -63.17 -16.51 85.32 0.00
[12:02:29.790] [ARM-RX] [103] <39.99 -86.64 -10.00> result: 106.58 112.35 -62.
[12:02:29.812] [ARM-RX] 48 -16.65 85.05 0.00
[12:02:29.812] [ARM-RX] [104] <40.93 -88.68 -10.23> result: 106.71 112.77 -61.79 -16.78 84.79 0.00
[12:02:29.812] [ARM-RX] [105] <41.88 -90.74 -10.47> result: 106.84 113.19 -61.08 -16.92 84.51 0.00
[12:02:29.812] [ARM-RX] [106] <42.84 -92.82 -10.71> result: 106.96 113.60 -60.36 -17.05 84.23 0.00
[12:02:29.814] [ARM-RX] [107]
[12:02:29.835] [ARM-RX] <43.80 -94.91 -10.95> result: 107.08 114.03 -59.64 -17.18 83.95 0.00
[12:02:29.835] [ARM-RX] [108] <44.78 -97.02 -11.19> result: 107.20 114.45 -58.91 -17.31 83.66 0.00
[12:02:29.836] [ARM-RX] [109] <45.76 -99.15 -11.44> result: 107.32 114.88 -58.17 -17.44 83.37 0.00
[12:02:29.836] [ARM-RX] [110] <46.75 -101.29 -11.69> resul
[12:02:29.870] [ARM-RX] t: 107.43 115.31 -57.43 -17.56 83.07 0.00
[12:02:29.871] [ARM-RX] [111] <47.74 -103.44 -11.94> result: 107.54 115.74 -56.67 -17.68 82.76 0.00
[12:02:29.871] [ARM-RX] [112] <48.75 -105.61 -12.19> result: 107.65 116.17 -55.91 -17.80 82.46 0.00
[12:02:29.871] [ARM-RX] [113] <49.75 -107.80 -12.44> result: 107.75 116.61 -55.14 -
[12:02:29.893] [ARM-RX] 17.92 82.14 0.00
[12:02:29.893] [ARM-RX] [114] <50.77 -110.00 -12.69> result: 107.85 117.05 -54.36 -18.04 81.83 0.00
[12:02:29.894] [ARM-RX] [115] <51.79 -112.21 -12.95> result: 107.95 117.49 -53.58 -18.16 81.50 0.00
[12:02:29.894] [ARM-RX] [116] <52.82 -114.44 -13.20> result: 108.05 117.93 -52.78 -18.27 81.18 0.00
[12:02:29.894] [ARM-RX] [117] <
[12:02:29.916] [ARM-RX] 53.85 -116.67 -13.46> result: 108.15 118.38 -51.98 -18.39 80.85 0.00
[12:02:29.916] [ARM-RX] [118] <54.89 -118.92 -13.72> result: 108.24 118.83 -51.18 -18.50 80.51 0.00
[12:02:29.916] [ARM-RX] [119] <55.93 -121.18 -13.98> result: 108.33 119.28 -50.36 -18.61 80.17 0.00
[12:02:29.916] [ARM-RX] [120] <56.98 -123.45 -14.24> res
[12:02:29.939] [ARM-RX] ult: 108.42 119.73 -49.54 -18.72 79.83 0.00
[12:02:29.940] [ARM-RX] [121] <58.03 -125.73 -14.51> result: 108.51 120.19 -48.72 -18.83 79.48 0.00
[12:02:29.940] [ARM-RX] [122] <59.08 -128.02 -14.77> result: 108.59 120.64 -47.88 -18.94 79.13 0.00
[12:02:29.940] [ARM-RX] [123] <60.00 -130.00 -15.00> result: 108.66 121.04 -47.16
[12:02:29.963] [ARM-RX] -19.04 78.83 0.00
[12:02:29.963] [ARM-RX] [124] <60.00 -130.00 -15.00> result: 108.66 121.04 -47.16 -19.04 78.83 0.00
[12:02:29.964] [ARM-RX] [125] <60.00 -130.00 -15.00> result: 108.66 121.04 -47.16 -19.04 78.83 0.00
[12:02:29.964] [ARM-RX] [126] <60.00 -130.00 -15.00> result: 108.66 121.04 -47.16 -19.04 78.83 0.00
[12:02:29.964] [ARM-RX] [127]
[12:02:29.986] [ARM-RX] <60.00 -130.00 -15.00> result: 108.66 121.04 -47.16 -19.04 78.83 0.00
[12:02:29.987] [ARM-RX] [128] <60.00 -130.00 -15.00> result: 108.66 121.04 -47.16 -19.04 78.83 0.00
[12:02:29.987] [ARM-RX] [129] <60.00 -130.00 -15.00> result: 108.66 121.04 -47.16 -19.04 78.83 0.00
[12:02:29.987] [ARM-RX] [130] <60.00 -130.00 -15.00> r
[12:02:30.009] [ARM-RX] esult: 108.66 121.04 -47.16 -19.04 78.83 0.00
[12:02:30.009] [ARM-RX] [131] <60.00 -130.00 -15.00> result: 108.66 121.04 -47.16 -19.04 78.83 0.00
[12:02:30.010] [ARM-RX] [132] <60.00 -130.00 -15.00> result: 108.66 121.04 -47.16 -19.04 78.83 0.00
[12:02:30.010] [ARM-RX] [133] <60.00 -130.00 -15.00> result: 108.66 121.04 -47.
[12:02:30.043] [ARM-RX] 16 -19.04 78.83 0.00
[12:02:30.044] [ARM-RX] [134] <60.00 -130.00 -15.00> result: 108.66 121.04 -47.16 -19.04 78.83 0.00
[12:02:30.044] [ARM-RX] [135] <60.00 -130.00 -15.00> result: 108.66 121.04 -47.16 -19.04 78.83 0.00
[12:02:30.044] [ARM-RX] [136] <60.00 -130.00 -15.00> result: 108.66 121.04 -47.16 -19.04 78.83 0.00
[12:02:30.044] [ARM-RX] [13
[12:02:30.067] [ARM-RX] 7] <60.00 -130.00 -15.00> result: 108.66 121.04 -47.16 -19.04 78.83 0.00
[12:02:30.067] [ARM-RX] [138] <60.00 -130.00 -15.00> result: 108.66 121.04 -47.16 -19.04 78.83 0.00
[12:02:30.067] [ARM-RX] [139] <60.00 -130.00 -15.00> result: 108.66 121.04 -47.16 -19.04 78.83 0.00
[12:02:30.067] [ARM-RX] [140] <60.00 -130.00 -15.00>
[12:02:30.091] [ARM-RX] result: 108.66 121.04 -47.16 -19.04 78.83 0.00
[12:02:30.091] [ARM-RX] [141] <60.00 -130.00 -15.00> result: 108.66 121.04 -47.16 -19.04 78.83 0.00
[12:02:30.091] [ARM-RX] [142] <60.00 -130.00 -15.00> result: 108.66 121.04 -47.16 -19.04 78.83 0.00
[12:02:30.091] [ARM-RX] [143] <60.00 -130.00 -15.00> result: 108.66 121.04 -4
[12:02:30.113] [ARM-RX] 7.16 -19.04 78.83 0.00
[12:02:30.113] [ARM-RX] [144] <60.00 -130.00 -15.00> result: 108.66 121.04 -47.16 -19.04 78.83 0.00
[12:02:30.114] [ARM-RX] [145] <60.00 -130.00 -15.00> result: 108.66 121.04 -47.16 -19.04 78.83 0.00
[12:02:30.114] [ARM-RX] [146] <60.00 -130.00 -15.00> result: 108.66 121.04 -47.16 -19.04 78.83 0.00
[12:02:30.114] [ARM-RX] [
[12:02:30.136] [ARM-RX] 147] <60.00 -130.00 -15.00> result: 108.66 121.04 -47.16 -19.04 78.83 0.00
[12:02:30.136] [ARM-RX] [148] <60.00 -130.00 -15.00> result: 108.66 121.04 -47.16 -19.04 78.83 0.00
[12:02:30.137] [ARM-RX] [149] <60.00 -130.00 -15.00> result: 108.66 121.04 -47.16 -19.04 78.83 0.00
[12:02:30.137] [ARM-RX] [150] <60.00 -130.00 -15.0
[12:02:30.161] [ARM-RX] 0> result: 108.66 121.04 -47.16 -19.04 78.83 0.00
[12:02:30.161] [ARM-RX] [151] <60.00 -130.00 -15.00> result: 108.66 121.04 -47.16 -19.04 78.83 0.00
[12:02:30.161] [ARM-RX] [152] <60.00 -130.00 -15.00> result: 108.66 121.04 -47.16 -19.04 78.83 0.00
[12:02:30.162] [ARM-RX] [153] <60.00 -130.00 -15.00> result: 108.66 121.04
[12:02:30.181] [ARM-RX] -47.16 -19.04 78.83 0.00
[12:02:30.183] [ARM-RX] [154] <60.00 -130.00 -15.00> result: 108.66 121.04 -47.16 -19.04 78.83 0.00
[12:02:30.183] [ARM-RX] [155] <60.00 -130.00 -15.00> result: 108.66 121.04 -47.16 -19.04 78.83 0.00
[12:02:30.183] [ARM-RX] [156] <60.00 -130.00 -15.00> result: 108.66 121.04 -47.16 -19.04 78.83 0.00
[12:02:30.205] [ARM-RX] [157] <60.00 -130.00 -15.00> result: 108.66 121.04 -47.16 -19.04 78.83 0.00
[12:02:30.205] [ARM-RX] [158] <60.00 -130.00 -15.00> result: 108.66 121.04 -47.16 -19.04 78.83 0.00
[12:02:30.206] [ARM-RX] [159] <60.00 -130.00 -15.00> result: 108.66 121.04 -47.16 -19.04 78.83 0.00
[12:02:30.206] [ARM-RX] [160] <60.00 -130.00 -15
[12:02:30.240] [ARM-RX] .00> result: 108.66 121.04 -47.16 -19.04 78.83 0.00
[12:02:30.240] [ARM-RX] [161] <60.00 -130.00 -15.00> result: 108.66 121.04 -47.16 -19.04 78.83 0.00
[12:02:30.240] [ARM-RX] [162] <60.00 -130.00 -15.00> result: 108.66 121.04 -47.16 -19.04 78.83 0.00
[12:02:30.240] [ARM-RX] [163] <60.00 -130.00 -15.00> result: 108.66 121.0
[12:02:30.263] [ARM-RX] 4 -47.16 -19.04 78.83 0.00
[12:02:30.263] [ARM-RX] [164] <60.00 -130.00 -15.00> result: 108.66 121.04 -47.16 -19.04 78.83 0.00
[12:02:30.264] [ARM-RX] [165] <60.00 -130.00 -15.00> result: 108.66 121.04 -47.16 -19.04 78.83 0.00
[12:02:30.264] [ARM-RX] [166] <60.00 -130.00 -15.00> result: 108.66 121.04 -47.16 -19.04 78.83 0.0
[12:02:30.286] [ARM-RX] 0
[12:02:30.286] [ARM-RX] [167] <60.00 -130.00 -15.00> result: 108.66 121.04 -47.16 -19.04 78.83 0.00
[12:02:30.286] [ARM-RX] [168] <60.00 -130.00 -15.00> result: 108.66 121.04 -47.16 -19.04 78.83 0.00
[12:02:30.286] [ARM-RX] [169] <60.00 -130.00 -15.00> result: 108.66 121.04 -47.16 -19.04 78.83 0.00
[12:02:30.287] [ARM-RX] [170] <60.00 -130.00 -
[12:02:30.309] [ARM-RX] 15.00> result: 108.66 121.04 -47.16 -19.04 78.83 0.00
[12:02:30.309] [ARM-RX] [171] <60.00 -130.00 -15.00> result: 108.66 121.04 -47.16 -19.04 78.83 0.00
[12:02:30.309] [ARM-RX] [172] <60.00 -130.00 -15.00> result: 108.66 121.04 -47.16 -19.04 78.83 0.00
[12:02:30.309] [ARM-RX] [173] <60.00 -130.00 -15.00> result: 108.66 121
[12:02:30.332] [ARM-RX] .04 -47.16 -19.04 78.83 0.00
[12:02:30.333] [ARM-RX] [174] <60.00 -130.00 -15.00> result: 108.66 121.04 -47.16 -19.04 78.83 0.00
[12:02:30.333] [ARM-RX] [175] <60.00 -130.00 -15.00> result: 108.66 121.04 -47.16 -19.04 78.83 0.00
[12:02:30.333] [ARM-RX] [176] <60.00 -130.00 -15.00> result: 108.66 121.04 -47.16 -19.04 78.83 0
[12:02:30.356] [ARM-RX] .00
[12:02:30.356] [ARM-RX] [177] <60.00 -130.00 -15.00> result: 108.66 121.04 -47.16 -19.04 78.83 0.00
[12:02:30.356] [ARM-RX] [178] <60.00 -130.00 -15.00> result: 108.66 121.04 -47.16 -19.04 78.83 0.00
[12:02:30.357] [ARM-RX] [179] <60.00 -130.00 -15.00> result: 108.66 121.04 -47.16 -19.04 78.83 0.00
[12:02:30.357] [ARM-RX] [180] <60.00 -130.00
[12:02:30.379] [ARM-RX] -15.00> result: 108.66 121.04 -47.16 -19.04 78.83 0.00
[12:02:30.379] [ARM-RX] [181] <60.00 -130.00 -15.00> result: 108.66 121.04 -47.16 -19.04 78.83 0.00
[12:02:30.380] [ARM-RX] [182] <60.00 -130.00 -15.00> result: 108.66 121.04 -47.16 -19.04 78.83 0.00
[12:02:30.380] [ARM-RX] [183] <60.00 -130.00 -15.00> result: 108.66 1
[12:02:30.413] [ARM-RX] 21.04 -47.16 -19.04 78.83 0.00
[12:02:30.414] [ARM-RX] [184] <60.00 -130.00 -15.00> result: 108.66 121.04 -47.16 -19.04 78.83 0.00
[12:02:30.414] [ARM-RX] [185] <60.00 -130.00 -15.00> result: 108.66 121.04 -47.16 -19.04 78.83 0.00
[12:02:30.414] [ARM-RX] [186] <60.00 -130.00 -15.00> result: 108.66 121.04 -47.16 -19.04 78.83
[12:02:30.436] [ARM-RX] 0.00
[12:02:30.436] [ARM-RX] [187] <60.00 -130.00 -15.00> result: 108.66 121.04 -47.16 -19.04 78.83 0.00
[12:02:30.436] [ARM-RX] [188] <60.00 -130.00 -15.00> result: 108.66 121.04 -47.16 -19.04 78.83 0.00
[12:02:30.436] [ARM-RX] [189] <60.00 -130.00 -15.00> result: 108.66 121.04 -47.16 -19.04 78.83 0.00
[12:02:30.437] [ARM-RX] [190] <60.00 -130.
[12:02:30.459] [ARM-RX] 00 -15.00> result: 108.66 121.04 -47.16 -19.04 78.83 0.00
[12:02:30.461] [ARM-RX] [191] <60.00 -130.00 -15.00> result: 108.66 121.04 -47.16 -19.04 78.83 0.00
[12:02:30.461] [ARM-RX] [192] <60.00 -130.00 -15.00> result: 108.66 121.04 -47.16 -19.04 78.83 0.00
[12:02:30.461] [ARM-RX] [193] <60.00 -130.00 -15.00> result: 108.66
[12:02:30.483] [ARM-RX] 121.04 -47.16 -19.04 78.83 0.00
[12:02:30.483] [ARM-RX] [194] <60.00 -130.00 -15.00> result: 108.66 121.04 -47.16 -19.04 78.83 0.00
[12:02:30.483] [ARM-RX] [195] <60.00 -130.00 -15.00> result: 108.66 121.04 -47.16 -19.04 78.83 0.00
[12:02:30.484] [ARM-RX] [196] <60.00 -130.00 -15.00> result: 108.66 121.04 -47.16 -19.04 78.
[12:02:30.506] [ARM-RX] 83 0.00
[12:02:30.506] [ARM-RX] [197] <60.00 -130.00 -15.00> result: 108.66 121.04 -47.16 -19.04 78.83 0.00
[12:02:30.507] [ARM-RX] [198] <60.00 -130.00 -15.00> result: 108.66 121.04 -47.16 -19.04 78.83 0.00
[12:02:30.507] [ARM-RX] [199] <60.00 -130.00 -15.00> result: 108.66 121.04 -47.16 -19.04 78.83 0.00
[12:02:30.507] [ARM-RX] [200] <60.00 -13
[12:02:30.529] [ARM-RX] 0.00 -15.00> result: 108.66 121.04 -47.16 -19.04 78.83 0.00
[12:02:30.529] [ARM-RX] [201] <60.00 -130.00 -15.00> result: 108.66 121.04 -47.16 -19.04 78.83 0.00
[12:02:30.530] [ARM-RX] [202] <60.00 -130.00 -15.00> result: 108.66 121.04 -47.16 -19.04 78.83 0.00
[12:02:30.530] [ARM-RX] [203] <60.00 -130.00 -15.00> result: 108.
[12:02:30.552] [ARM-RX] 66 121.04 -47.16 -19.04 78.83 0.00
[12:02:30.553] [ARM-RX] [204] <60.00 -130.00 -15.00> result: 108.66 121.04 -47.16 -19.04 78.83 0.00
[12:02:30.553] [ARM-RX] [205] <60.00 -130.00 -15.00> result: 108.66 121.04 -47.16 -19.04 78.83 0.00
[12:02:30.553] [ARM-RX] [206] <60.00 -130.00 -15.00> result: 108.66 121.04 -47.16 -19.04 7
[12:02:30.575] [ARM-RX] 8.83 0.00
[12:02:30.576] [ARM-RX] [207] <60.00 -130.00 -15.00> result: 108.66 121.04 -47.16 -19.04 78.83 0.00
[12:02:30.576] [ARM-RX] [208] <60.00 -130.00 -15.00> result: 108.66 121.04 -47.16 -19.04 78.83 0.00
[12:02:30.576] [ARM-RX] [209] <60.00 -130.00 -15.00> result: 108.66 121.04 -47.16 -19.04 78.83 0.00
[12:02:30.576] [ARM-RX] [210] <60.00 -
[12:02:30.610] [ARM-RX] 130.00 -15.00> result: 108.66 121.04 -47.16 -19.04 78.83 0.00
[12:02:30.610] [ARM-RX] [211] <60.00 -130.00 -15.00> result: 108.66 121.04 -47.16 -19.04 78.83 0.00
[12:02:30.611] [ARM-RX] [212] <60.00 -130.00 -15.00> result: 108.66 121.04 -47.16 -19.04 78.83 0.00
[12:02:30.611] [ARM-RX] [213] <60.00 -130.00 -15.00> result: 10
[12:02:30.635] [ARM-RX] 8.66 121.04 -47.16 -19.04 78.83 0.00
[12:02:30.636] [ARM-RX] [214] <60.00 -130.00 -15.00> result: 108.66 121.04 -47.16 -19.04 78.83 0.00
[12:02:30.636] [ARM-RX] [215] <60.00 -130.00 -15.00> result: 108.66 121.04 -47.16 -19.04 78.83 0.00
[12:02:30.636] [ARM-RX] [216] <60.00 -130.00 -15.00> result: 108.66 121.04 -47.16 -19.04
[12:02:30.656] [ARM-RX] 78.83 0.00
[12:02:30.656] [ARM-RX] [217] <60.00 -130.00 -15.00> result: 108.66 121.04 -47.16 -19.04 78.83 0.00
[12:02:30.656] [ARM-RX] [218] <60.00 -130.00 -15.00> result: 108.66 121.04 -47.16 -19.04 78.83 0.00
[12:02:30.656] [ARM-RX] [219] <60.00 -130.00 -15.00> result: 108.66 121.04 -47.16 -19.04 78.83 0.00
[12:02:30.657] [ARM-RX] [220] <60.00
[12:02:30.679] [ARM-RX] -130.00 -15.00> result: 108.66 121.04 -47.16 -19.04 78.83 0.00
[12:02:30.680] [ARM-RX] [221] <60.00 -130.00 -15.00> result: 108.66 121.04 -47.16 -19.04 78.83 0.00
[12:02:30.680] [ARM-RX] [222] <60.00 -130.00 -15.00> result: 108.66 121.04 -47.16 -19.04 78.83 0.00
[12:02:30.680] [ARM-RX] [223] <60.00 -130.00 -15.00> result:
[12:02:30.702] [ARM-RX] 108.66 121.04 -47.16 -19.04 78.83 0.00
[12:02:30.702] [ARM-RX] [224] <60.00 -130.00 -15.00> result: 108.66 121.04 -47.16 -19.04 78.83 0.00
[12:02:30.703] [ARM-RX] [225] <60.00 -130.00 -15.00> result: 108.66 121.04 -47.16 -19.04 78.83 0.00
[12:02:30.703] [ARM-RX] [226] <60.00 -130.00 -15.00> result: 108.66 121.04 -47.16 -19.
[12:02:30.725] [ARM-RX] 04 78.83 0.00
[12:02:30.725] [ARM-RX] [227] <60.00 -130.00 -15.00> result: 108.66 121.04 -47.16 -19.04 78.83 0.00
[12:02:30.725] [ARM-RX] [228] <60.00 -130.00 -15.00> result: 108.66 121.04 -47.16 -19.04 78.83 0.00
[12:02:30.726] [ARM-RX] [229] <60.00 -130.00 -15.00> result: 108.66 121.04 -47.16 -19.04 78.83 0.00
[12:02:30.726] [ARM-RX] [230] <60.
[12:02:30.748] [ARM-RX] 00 -130.00 -15.00> result: 108.66 121.04 -47.16 -19.04 78.83 0.00
[12:02:30.749] [ARM-RX] [231] <60.00 -130.00 -15.00> result: 108.66 121.04 -47.16 -19.04 78.83 0.00
[12:02:30.749] [ARM-RX] [232] <60.00 -130.00 -15.00> result: 108.66 121.04 -47.16 -19.04 78.83 0.00
[12:02:30.749] [ARM-RX] [233] <60.00 -130.00 -15.00> result
[12:02:30.783] [ARM-RX] : 108.66 121.04 -47.16 -19.04 78.83 0.00
[12:02:30.784] [ARM-RX] [234] <60.00 -130.00 -15.00> result: 108.66 121.04 -47.16 -19.04 78.83 0.00
[12:02:30.784] [ARM-RX] [235] <60.00 -130.00 -15.00> result: 108.66 121.04 -47.16 -19.04 78.83 0.00
[12:02:30.784] [ARM-RX] [236] <60.00 -130.00 -15.00> result: 108.66 121.04 -47.16 -1
[12:02:30.806] [ARM-RX] 9.04 78.83 0.00
[12:02:30.806] [ARM-RX] [237] <60.00 -130.00 -15.00> result: 108.66 121.04 -47.16 -19.04 78.83 0.00
[12:02:30.807] [ARM-RX] [238] <60.00 -130.00 -15.00> result: 108.66 121.04 -47.16 -19.04 78.83 0.00
[12:02:30.807] [ARM-RX] [239] <60.00 -130.00 -15.00> result: 108.66 121.04 -47.16 -19.04 78.83 0.00
[12:02:30.807] [ARM-RX] [240] <6
[12:02:30.829] [ARM-RX] 0.00 -130.00 -15.00> result: 108.66 121.04 -47.16 -19.04 78.83 0.00
[12:02:30.829] [ARM-RX] [241] <60.00 -130.00 -15.00> result: 108.66 121.04 -47.16 -19.04 78.83 0.00
[12:02:30.829] [ARM-RX] [242] <60.00 -130.00 -15.00> result: 108.66 121.04 -47.16 -19.04 78.83 0.00
[12:02:30.830] [ARM-RX] [243] <60.00 -130.00 -15.00> resu
[12:02:30.854] [ARM-RX] lt: 108.66 121.04 -47.16 -19.04 78.83 0.00
[12:02:30.854] [ARM-RX] [244] <60.00 -130.00 -15.00> result: 108.66 121.04 -47.16 -19.04 78.83 0.00
[12:02:30.855] [ARM-RX] [245] <60.00 -130.00 -15.00> result: 108.66 121.04 -47.16 -19.04 78.83 0.00
[12:02:30.855] [ARM-RX] [246] <60.00 -130.00 -15.00> result: 108.66 121.04 -47.16
[12:02:30.877] [ARM-RX] -19.04 78.83 0.00
[12:02:30.877] [ARM-RX] [247] <60.00 -130.00 -15.00> result: 108.66 121.04 -47.16 -19.04 78.83 0.00
[12:02:30.877] [ARM-RX] [248] <60.00 -130.00 -15.00> result: 108.66 121.04 -47.16 -19.04 78.83 0.00
[12:02:30.877] [ARM-RX] [249] <60.00 -130.00 -15.00> result: 108.66 121.04 -47.16 -19.04 78.83 0.00
[12:02:30.877] [ARM-RX] [250]
[12:02:30.899] [ARM-RX] <60.00 -130.00 -15.00> result: 108.66 121.04 -47.16 -19.04 78.83 0.00
[12:02:30.899] [ARM-RX] [251] <60.00 -130.00 -15.00> result: 108.66 121.04 -47.16 -19.04 78.83 0.00
[12:02:30.899] [ARM-RX] [252] <60.00 -130.00 -15.00> result: 108.66 121.04 -47.16 -19.04 78.83 0.00
[12:02:30.899] [ARM-RX] [253] <60.00 -130.00 -15.00> re
[12:02:30.923] [ARM-RX] sult: 108.66 121.04 -47.16 -19.04 78.83 0.00
[12:02:30.923] [ARM-RX] [254] <60.00 -130.00 -15.00> result: 108.66 121.04 -47.16 -19.04 78.83 0.00
[12:02:30.923] [ARM-RX] [255] <60.00 -130.00 -15.00> result: 108.66 121.04 -47.16 -19.04 78.83 0.00
[12:02:30.923] [ARM-RX] [256] <60.00 -130.00 -15.00> result: 108.66 121.04 -47.1
[12:02:30.945] [ARM-RX] 6 -19.04 78.83 0.00
[12:02:30.945] [ARM-RX] [257] <60.00 -130.00 -15.00> result: 108.66 121.04 -47.16 -19.04 78.83 0.00
[12:02:30.946] [ARM-RX] [258] <60.00 -130.00 -15.00> result: 108.66 121.04 -47.16 -19.04 78.83 0.00
[12:02:30.946] [ARM-RX] [259] <60.00 -130.00 -15.00> result: 108.66 121.04 -47.16 -19.04 78.83 0.00
[12:02:30.946] [ARM-RX] [260
[12:02:30.981] [ARM-RX] ] <60.00 -130.00 -15.00> result: 108.66 121.04 -47.16 -19.04 78.83 0.00
[12:02:30.981] [ARM-RX] [261] <60.00 -130.00 -15.00> result: 108.66 121.04 -47.16 -19.04 78.83 0.00
[12:02:30.982] [ARM-RX] [262] <60.00 -130.00 -15.00> result: 108.66 121.04 -47.16 -19.04 78.83 0.00
[12:02:30.982] [ARM-RX] [263] <60.00 -130.00 -15.00>
[12:02:31.003] [ARM-RX] result: 108.66 121.04 -47.16 -19.04 78.83 0.00
[12:02:31.004] [ARM-RX] [264] <60.00 -130.00 -15.00> result: 108.66 121.04 -47.16 -19.04 78.83 0.00
[12:02:31.004] [ARM-RX] [265] <60.00 -130.00 -15.00> result: 108.66 121.04 -47.16 -19.04 78.83 0.00
[12:02:31.004] [ARM-RX] [266] <60.00 -130.00 -15.00> result: 108.66 121.04 -47
[12:02:31.026] [ARM-RX] .16 -19.04 78.83 0.00
[12:02:31.026] [ARM-RX] [267] <60.00 -130.00 -15.00> result: 108.66 121.04 -47.16 -19.04 78.83 0.00
[12:02:31.027] [ARM-RX] [268] <60.00 -130.00 -15.00> result: 108.66 121.04 -47.16 -19.04 78.83 0.00
[12:02:31.027] [ARM-RX] [269] <60.00 -130.00 -15.00> result: 108.66 121.04 -47.16 -19.04 78.83 0.00
[12:02:31.027] [ARM-RX] [2
[12:02:31.049] [ARM-RX] 70] <60.00 -130.00 -15.00> result: 108.66 121.04 -47.16 -19.04 78.83 0.00
[12:02:31.049] [ARM-RX] [271] <60.00 -130.00 -15.00> result: 108.66 121.04 -47.16 -19.04 78.83 0.00
[12:02:31.049] [ARM-RX] [272] <60.00 -130.00 -15.00> result: 108.66 121.04 -47.16 -19.04 78.83 0.00
[12:02:31.049] [ARM-RX] [273] <60.00 -130.00 -15.00
[12:02:31.115] [ARM-RX] > result: 108.66 121.04 -47.16 -19.04 78.83 0.00
[12:02:33.977] [ARM-RX] [joint 1] ave_error:1.27
[12:02:33.977] [ARM-RX] [joint 2] ave_error:7.45
[12:02:33.977] [ARM-RX] [joint 3] ave_error:8.37
[12:02:33.977] [ARM-RX] [joint 4] ave_error:1.10
[12:02:33.977] [ARM-RX] [joint 5] ave_error:1.09
[12:02:33.978] [ARM-RX] robot pid run finished!!
[12:02:34.757] [ARM-RX] AUTO final confirm failed: joint 2 err=13.29deg tol=3.00, pose invalid.
[12:02:34.759] [ARM-RX] J1 cur=108.25 target=108.66 err=0.41
[12:02:34.759] [ARM-RX] J2 cur=132.74 target=121.04 err=-11.70
[12:02:34.759] [ARM-RX] J3 cur=-33.87 target=-47.16 err=-13.29
[12:02:34.760] [ARM-RX] J4 cur=-19.19 target=-19.04 err=0.15
[12:02:34.760] [ARM-RX] J5 cur=78.58 targ
[12:02:34.818] [ARM-RX] et=78.83 err=0.25
[12:02:43.066] [ARM-TX] 发送命令 abs_rotate 0 82: abs_rotate 0 82
[12:02:43.116] [ARM-RX] Found handler for 'abs_rotate', executing...
[12:02:43.116] [ARM-RX] [joint_id: 0] ROBOT_JOINT_ABS_ROTATE 82.000000
[12:03:30.026] [ARM-TX] 发送命令 read_all: read_all
[12:03:30.164] [ARM-RX] Found handler for 'read_all', executing...
[12:03:30.164] [ARM-RX] ROBOT_READ_ALL_EVENT
[12:03:30.164] [ARM-RX] read_all ret=0 elapsed=3 ms missing=0x00
[12:03:30.164] [ARM-RX] J1 angle=82.00
[12:03:30.165] [ARM-RX] J2 angle=132.73
[12:03:30.165] [ARM-RX] J3 angle=326.12
[12:03:30.165] [ARM-RX] J4 angle=340.81
[12:03:30.165] [ARM-RX] J5 angle=78.58
[12:03:38.016] [ARM-TX] 发送命令 abs_rotate 0 80: abs_rotate 0 80
[12:03:38.067] [ARM-RX] Found handler for 'abs_rotate', executing...
[12:03:38.067] [ARM-RX] [joint_id: 0] ROBOT_JOINT_ABS_ROTATE 80.000000
[12:03:43.836] [ARM-TX] 发送命令 read_all: read_all
[12:03:43.930] [ARM-RX] Found handler for 'read_all', executing...
[12:03:43.930] [ARM-RX] ROBOT_READ_ALL_EVENT
[12:03:43.930] [ARM-RX] read_all ret=0 elapsed=2 ms missing=0x00
[12:03:43.930] [ARM-RX] J1 angle=80.00
[12:03:43.930] [ARM-RX] J2 angle=132.73
[12:03:43.932] [ARM-RX] J3 angle=326.12
[12:03:43.932] [ARM-RX] J4 angle=340.81
[12:03:43.932] [ARM-RX] J5 angle=78.58
[12:04:27.527] [ARM-TX] 发送命令 abs_rotate 4 345: abs_rotate 4 345
[12:04:27.562] [ARM-RX] Found handler for 'abs_rotate', executing...
[12:04:27.562] [ARM-RX] [joint_id: 4] ROBOT_JOINT_ABS_ROTATE 345.000000
[12:04:27.562] [ARM-RX] ERROR: abs target angle out of range, joint:4 target:345.00
[12:04:30.734] [ARM-TX] 发送命令 read_all: read_all
[12:04:30.809] [ARM-RX] Found handler for 'read_all', executing...
[12:04:30.809] [ARM-RX] ROBOT_READ_ALL_EVENT
[12:04:30.810] [ARM-RX] read_all ret=0 elapsed=3 ms missing=0x00
[12:04:30.810] [ARM-RX] J1 angle=80.00
[12:04:30.810] [ARM-RX] J2 angle=132.73
[12:04:30.810] [ARM-RX] J3 angle=326.12
[12:04:30.810] [ARM-RX] J4 angle=340.81
[12:04:30.811] [ARM-RX] J5 angle=78.58
[12:04:36.775] [ARM-TX] 发送命令 abs_rotate 4 345: abs_rotate 4 345
[12:04:36.856] [ARM-RX] Found handler for 'abs_rotate', executing...
[12:04:36.856] [ARM-RX] [joint_id: 4] ROBOT_JOINT_ABS_ROTATE 345.000000
[12:04:36.857] [ARM-RX] ERROR: abs target angle out of range, joint:4 target:345.00
[12:04:38.114] [ARM-TX] 发送命令 abs_rotate 4 345: abs_rotate 4 345
[12:04:38.168] [ARM-RX] Found handler for 'abs_rotate', executing...
[12:04:38.168] [ARM-RX] [joint_id: 4] ROBOT_JOINT_ABS_ROTATE 345.000000
[12:04:38.168] [ARM-RX] ERROR: abs target angle out of range, joint:4 target:345.00
[12:04:38.629] [ARM-TX] 发送命令 abs_rotate 4 345: abs_rotate 4 345
[12:04:38.669] [ARM-RX] Found handler for 'abs_rotate', executing...
[12:04:38.669] [ARM-RX] [joint_id: 4] ROBOT_JOINT_ABS_ROTATE 345.000000
[12:04:38.669] [ARM-RX] ERROR: abs target angle out of range, joint:4 target:345.00
[12:04:38.795] [ARM-TX] 发送命令 abs_rotate 4 345: abs_rotate 4 345
[12:04:38.858] [ARM-RX] Found handler for 'abs_rotate', executing...
[12:04:38.858] [ARM-RX] [joint_id: 4] ROBOT_JOINT_ABS_ROTATE 345.000000
[12:04:38.858] [ARM-RX] ERROR: abs target angle out of range, joint:4 target:345.00
[12:04:40.306] [ARM-TX] 发送命令 read_all: read_all
[12:04:40.356] [ARM-RX] Found handler for 'read_all', executing...
[12:04:40.356] [ARM-RX] ROBOT_READ_ALL_EVENT
[12:04:40.356] [ARM-RX] read_all ret=0 elapsed=2 ms missing=0x00
[12:04:40.356] [ARM-RX] J1 angle=80.00
[12:04:40.356] [ARM-RX] J2 angle=132.73
[12:04:40.356] [ARM-RX] J3 angle=326.12
[12:04:40.357] [ARM-RX] J4 angle=340.81
[12:04:40.357] [ARM-RX] J5 angle=78.58
[12:04:50.944] [ARM-TX] 发送命令 abs_rotate 4 350: abs_rotate 4 350
[12:04:51.029] [ARM-RX] Found handler for 'abs_rotate', executing...
[12:04:51.029] [ARM-RX] [joint_id: 4] ROBOT_JOINT_ABS_ROTATE 350.000000
[12:04:51.029] [ARM-RX] ERROR: abs target angle out of range, joint:4 target:350.00
[12:04:52.997] [ARM-TX] 发送命令 read_all: read_all
[12:04:53.027] [ARM-RX] Found handler for 'read_all', executing...
[12:04:53.027] [ARM-RX] ROBOT_READ_ALL_EVENT
[12:04:53.027] [ARM-RX] read_all ret=0 elapsed=3 ms missing=0x00
[12:04:53.027] [ARM-RX] J1 angle=80.00
[12:04:53.028] [ARM-RX] J2 angle=132.73
[12:04:53.028] [ARM-RX] J3 angle=326.12
[12:04:53.028] [ARM-RX] J4 angle=340.81
[12:04:53.028] [ARM-RX] J5 angle=78.58
[12:05:08.155] [ARM-TX] 发送命令 soft_reset: soft_reset
[12:05:08.284] [ARM-RX] Found handler for 'soft_reset', executing...
[12:05:08.284] [ARM-RX] ROBOT_SOFT_RESET_EVENT
[12:05:08.284] [ARM-RX] --- Starting soft reset ---
[12:05:08.470] [ARM-RX] Soft reset motors enabled (J1~J5, J6 skipped).
[12:05:08.470] [ARM-RX] Soft resetting joint 4...
[12:05:08.533] [ARM-RX] robot_update_current_angle 4...
[12:05:08.533] [ARM-RX] [4] current:78.58, target:90.00, dir:1
[12:05:09.657] [ARM-RX] Soft resetting joint 3...
[12:05:09.657] [ARM-RX] robot_update_current_angle 3...
[12:05:09.657] [ARM-RX] [3] current:-19.19, target:0.00, dir:1
[12:05:11.279] [ARM-RX] soft reset joint 3 settle timeout, keep going
[12:05:11.279] [ARM-RX] Soft resetting joint 1...
[12:05:11.279] [ARM-RX] robot_update_current_angle 1...
[12:05:11.280] [ARM-RX] [1] current:132.73, target:90.00, dir:-1
[12:05:13.586] [ARM-RX] soft reset joint 1 settle timeout, keep going
[12:05:13.586] [ARM-RX] Soft resetting joint 2...
[12:05:13.586] [ARM-RX] robot_update_current_angle 2...
[12:05:13.586] [ARM-RX] [2] current:-33.88, target:-90.00, dir:-1
[12:05:16.151] [ARM-RX] soft reset joint 2 settle timeout, keep going
[12:05:16.151] [ARM-RX] Soft resetting joint 0...
[12:05:16.151] [ARM-RX] robot_update_current_angle 0...
[12:05:16.153] [ARM-RX] [0] current:80.00, target:90.00, dir:1
[12:05:17.648] [ARM-RX] soft reset final verify PASS (issues:3), pose set HOME.
[12:05:19.834] [ARM-TX] 发送命令 read_all: read_all
[12:05:19.887] [ARM-RX] Found handler for 'read_all', executing...
[12:05:19.887] [ARM-RX] ROBOT_READ_ALL_EVENT
[12:05:19.887] [ARM-RX] read_all ret=0 elapsed=3 ms missing=0x00
[12:05:19.887] [ARM-RX] J1 angle=90.00
[12:05:19.887] [ARM-RX] J2 angle=90.00
[12:05:19.887] [ARM-RX] J3 angle=270.00
[12:05:19.889] [ARM-RX] J4 angle=360.00
[12:05:19.889] [ARM-RX] J5 angle=90.00
[12:05:24.055] [ARM-TX] 发送命令 auto 60 -130 -15: auto 60 -130 -15
[12:05:24.125] [ARM-RX] Found handler for 'auto', executing...
[12:05:24.125] [ARM-RX] ROBOT_AUTO_EVENT
[12:05:24.126] [ARM-RX] [0] <0.00 0.00 0.00> result: 90.00 90.00 -90.00 0.00 90.00 0.00
[12:05:24.150] [ARM-RX] [1] <0.00 -0.00 -0.00> result: 90.00 90.00 -90.00 -0.00 90.00 0.00
[12:05:24.150] [ARM-RX] [2] <0.00 -0.00 -0.00> result: 90.00 90.00 -90.00 -0.00 90.00 0.00
[12:05:24.150] [ARM-RX] [3] <0.00 -0.00 -0.00> result: 90.00 90.00 -90.00 -0.00 90.00 0.00
[12:05:24.151] [ARM-RX] [4] <0.00 -0.01 -0.00> result: 90.01 90.00 -90.00 -
[12:05:24.173] [ARM-RX] 0.01 90.00 0.00
[12:05:24.173] [ARM-RX] [5] <0.01 -0.02 -0.00> result: 90.01 90.01 -90.00 -0.01 90.00 0.00
[12:05:24.173] [ARM-RX] [6] <0.01 -0.03 -0.00> result: 90.02 90.01 -89.99 -0.02 90.00 0.00
[12:05:24.173] [ARM-RX] [7] <0.02 -0.04 -0.01> result: 90.02 90.02 -89.99 -0.02 90.01 0.00
[12:05:24.174] [ARM-RX] [8] <0.03 -0.06 -0.01> result: 90.0
[12:05:24.196] [ARM-RX] 4 90.03 -89.98 -0.04 90.01 0.00
[12:05:24.196] [ARM-RX] [9] <0.04 -0.09 -0.01> result: 90.05 90.04 -89.98 -0.05 90.01 0.00
[12:05:24.196] [ARM-RX] [10] <0.06 -0.12 -0.01> result: 90.07 90.05 -89.97 -0.07 90.02 0.00
[12:05:24.196] [ARM-RX] [11] <0.07 -0.16 -0.02> result: 90.09 90.07 -89.96 -0.09 90.02 0.00
[12:05:24.196] [ARM-RX] [12] <0.09 -0.20
[12:05:24.222] [ARM-RX] -0.02> result: 90.11 90.08 -89.94 -0.11 90.03 0.00
[12:05:24.222] [ARM-RX] [13] <0.12 -0.25 -0.03> result: 90.14 90.11 -89.93 -0.14 90.03 0.00
[12:05:24.222] [ARM-RX] [14] <0.15 -0.31 -0.04> result: 90.17 90.13 -89.91 -0.17 90.04 0.00
[12:05:24.222] [ARM-RX] [15] <0.18 -0.38 -0.04> result: 90.21 90.16 -89.89 -0.21 90.05 0.0
[12:05:24.241] [ARM-RX] 0
[12:05:24.241] [ARM-RX] [16] <0.21 -0.46 -0.05> result: 90.25 90.19 -89.87 -0.25 90.06 0.00
[12:05:24.242] [ARM-RX] [17] <0.25 -0.55 -0.06> result: 90.30 90.23 -89.85 -0.30 90.08 0.00
[12:05:24.242] [ARM-RX] [18] <0.30 -0.65 -0.08> result: 90.36 90.27 -89.82 -0.36 90.09 0.00
[12:05:24.242] [ARM-RX] [19] <0.35 -0.76 -0.09> result: 90.42 90.31 -8
[12:05:24.264] [ARM-RX] 9.79 -0.42 90.10 0.00
[12:05:24.264] [ARM-RX] [20] <0.41 -0.89 -0.10> result: 90.48 90.36 -89.75 -0.48 90.12 0.00
[12:05:24.264] [ARM-RX] [21] <0.47 -1.02 -0.12> result: 90.55 90.42 -89.72 -0.55 90.14 0.00
[12:05:24.265] [ARM-RX] [22] <0.54 -1.17 -0.13> result: 90.63 90.48 -89.68 -0.63 90.15 0.00
[12:05:24.265] [ARM-RX] [23] <0.61 -1.33 -0.15> re
[12:05:24.287] [ARM-RX] sult: 90.72 90.54 -89.63 -0.72 90.17 0.00
[12:05:24.287] [ARM-RX] [24] <0.69 -1.50 -0.17> result: 90.81 90.61 -89.58 -0.81 90.20 0.00
[12:05:24.288] [ARM-RX] [25] <0.78 -1.69 -0.20> result: 90.91 90.69 -89.53 -0.91 90.22 0.00
[12:05:24.288] [ARM-RX] [26] <0.88 -1.90 -0.22> result: 91.01 90.77 -89.47 -1.01 90.24 0.00
[12:05:24.288] [ARM-RX] [27] <
[12:05:24.323] [ARM-RX] 0.98 -2.12 -0.24> result: 91.13 90.86 -89.41 -1.13 90.27 0.00
[12:05:24.323] [ARM-RX] [28] <1.09 -2.36 -0.27> result: 91.25 90.95 -89.34 -1.25 90.30 0.00
[12:05:24.323] [ARM-RX] [29] <1.20 -2.61 -0.30> result: 91.37 91.05 -89.27 -1.37 90.33 0.00
[12:05:24.323] [ARM-RX] [30] <1.33 -2.88 -0.33> result: 91.51 91.16 -89.20 -1.5
[12:05:24.345] [ARM-RX] 1 90.35 0.00
[12:05:24.346] [ARM-RX] [31] <1.46 -3.17 -0.37> result: 91.65 91.27 -89.12 -1.65 90.39 0.00
[12:05:24.346] [ARM-RX] [32] <1.60 -3.47 -0.40> result: 91.80 91.39 -89.03 -1.80 90.42 0.00
[12:05:24.346] [ARM-RX] [33] <1.75 -3.79 -0.44> result: 91.95 91.51 -88.94 -1.95 90.45 0.00
[12:05:24.346] [ARM-RX] [34] <1.91 -4.14 -0.48> result: 92.
[12:05:24.368] [ARM-RX] 11 91.64 -88.84 -2.11 90.48 0.00
[12:05:24.369] [ARM-RX] [35] <2.08 -4.50 -0.52> result: 92.28 91.78 -88.74 -2.28 90.52 0.00
[12:05:24.369] [ARM-RX] [36] <2.25 -4.88 -0.56> result: 92.46 91.92 -88.63 -2.46 90.55 0.00
[12:05:24.369] [ARM-RX] [37] <2.44 -5.28 -0.61> result: 92.64 92.07 -88.51 -2.64 90.59 0.00
[12:05:24.369] [ARM-RX] [38] <2.63 -5.7
[12:05:24.391] [ARM-RX] 1 -0.66> result: 92.83 92.23 -88.39 -2.83 90.62 0.00
[12:05:24.392] [ARM-RX] [39] <2.84 -6.15 -0.71> result: 93.02 92.39 -88.27 -3.02 90.66 0.00
[12:05:24.392] [ARM-RX] [40] <3.05 -6.61 -0.76> result: 93.22 92.56 -88.13 -3.22 90.69 0.00
[12:05:24.392] [ARM-RX] [41] <3.28 -7.10 -0.82> result: 93.43 92.74 -87.99 -3.43 90.73 0
[12:05:24.415] [ARM-RX] .00
[12:05:24.415] [ARM-RX] [42] <3.51 -7.61 -0.88> result: 93.64 92.92 -87.84 -3.64 90.76 0.00
[12:05:24.415] [ARM-RX] [43] <3.76 -8.14 -0.94> result: 93.85 93.11 -87.69 -3.85 90.80 0.00
[12:05:24.415] [ARM-RX] [44] <4.01 -8.69 -1.00> result: 94.08 93.30 -87.53 -4.08 90.83 0.00
[12:05:24.416] [ARM-RX] [45] <4.28 -9.27 -1.07> result: 94.30 93.50
[12:05:24.438] [ARM-RX] -87.36 -4.30 90.86 0.00
[12:05:24.438] [ARM-RX] [46] <4.56 -9.87 -1.14> result: 94.53 93.71 -87.19 -4.53 90.89 0.00
[12:05:24.438] [ARM-RX] [47] <4.84 -10.50 -1.21> result: 94.76 93.92 -87.00 -4.77 90.92 0.00
[12:05:24.438] [ARM-RX] [48] <5.14 -11.15 -1.29> result: 95.00 94.14 -86.81 -5.00 90.95 0.00
[12:05:24.438] [ARM-RX] [49] <5.45 -11.82 -1.3
[12:05:24.462] [ARM-RX] 6> result: 95.24 94.36 -86.61 -5.24 90.97 0.00
[12:05:24.462] [ARM-RX] [50] <5.78 -12.52 -1.44> result: 95.49 94.59 -86.41 -5.49 90.99 0.00
[12:05:24.462] [ARM-RX] [51] <6.11 -13.24 -1.53> result: 95.73 94.83 -86.19 -5.73 91.01 0.00
[12:05:24.462] [ARM-RX] [52] <6.46 -13.99 -1.61> result: 95.98 95.07 -85.97 -5.98 91.03 0.00
[12:05:24.484] [ARM-RX] [53] <6.81 -14.76 -1.70> result: 96.23 95.31 -85.74 -6.23 91.05 0.00
[12:05:24.485] [ARM-RX] [54] <7.18 -15.56 -1.80> result: 96.48 95.57 -85.50 -6.48 91.06 0.00
[12:05:24.485] [ARM-RX] [55] <7.56 -16.38 -1.89> result: 96.74 95.82 -85.25 -6.74 91.06 0.00
[12:05:24.485] [ARM-RX] [56] <7.95 -17.23 -1.99> result: 96.99 96.08
[12:05:24.518] [ARM-RX] -84.99 -6.99 91.07 0.00
[12:05:24.518] [ARM-RX] [57] <8.36 -18.11 -2.09> result: 97.25 96.35 -84.73 -7.25 91.07 0.00
[12:05:24.519] [ARM-RX] [58] <8.77 -19.01 -2.19> result: 97.50 96.62 -84.46 -7.50 91.06 0.00
[12:05:24.519] [ARM-RX] [59] <9.20 -19.94 -2.30> result: 97.76 96.89 -84.17 -7.76 91.06 0.00
[12:05:24.519] [ARM-RX] [60] <9.64 -20.90 -2
[12:05:24.542] [ARM-RX] .41> result: 98.01 97.17 -83.88 -8.01 91.04 0.00
[12:05:24.543] [ARM-RX] [61] <10.10 -21.88 -2.52> result: 98.27 97.46 -83.58 -8.27 91.03 0.00
[12:05:24.543] [ARM-RX] [62] <10.56 -22.89 -2.64> result: 98.52 97.75 -83.27 -8.52 91.01 0.00
[12:05:24.543] [ARM-RX] [63] <11.04 -23.92 -2.76> result: 98.77 98.04 -82.95 -8.77 90.98
[12:05:24.565] [ARM-RX] 0.00
[12:05:24.565] [ARM-RX] [64] <11.53 -24.98 -2.88> result: 99.02 98.33 -82.62 -9.02 90.95 0.00
[12:05:24.565] [ARM-RX] [65] <12.03 -26.07 -3.01> result: 99.27 98.63 -82.29 -9.27 90.91 0.00
[12:05:24.565] [ARM-RX] [66] <12.55 -27.19 -3.14> result: 99.52 98.94 -81.94 -9.52 90.87 0.00
[12:05:24.566] [ARM-RX] [67] <13.08 -28.33 -3.27> result: 99
[12:05:24.589] [ARM-RX] .77 99.25 -81.59 -9.77 90.82 0.00
[12:05:24.589] [ARM-RX] [68] <13.62 -29.51 -3.40> result: 100.01 99.56 -81.22 -10.01 90.77 0.00
[12:05:24.589] [ARM-RX] [69] <14.17 -30.70 -3.54> result: 100.25 99.87 -80.85 -10.25 90.71 0.00
[12:05:24.589] [ARM-RX] [70] <14.74 -31.93 -3.68> result: 100.49 100.19 -80.46 -10.49 90.64 0.00
[12:05:24.589] [ARM-RX] [
[12:05:24.611] [ARM-RX] 71] <15.31 -33.18 -3.83> result: 100.73 100.51 -80.07 -10.73 90.57 0.00
[12:05:24.611] [ARM-RX] [72] <15.90 -34.46 -3.98> result: 100.96 100.84 -79.66 -10.97 90.49 0.00
[12:05:24.612] [ARM-RX] [73] <16.51 -35.77 -4.13> result: 101.20 101.17 -79.25 -11.20 90.41 0.00
[12:05:24.612] [ARM-RX] [74] <17.12 -37.10 -4.28> result: 1
[12:05:24.634] [ARM-RX] 01.42 101.50 -78.83 -11.43 90.32 0.00
[12:05:24.634] [ARM-RX] [75] <17.75 -38.46 -4.44> result: 101.65 101.83 -78.40 -11.65 90.22 0.00
[12:05:24.635] [ARM-RX] [76] <18.39 -39.85 -4.60> result: 101.87 102.17 -77.96 -11.87 90.12 0.00
[12:05:24.635] [ARM-RX] [77] <19.04 -41.26 -4.76> result: 102.09 102.51 -77.50 -12.09 90.01 0
[12:05:24.657] [ARM-RX] .00
[12:05:24.658] [ARM-RX] [78] <19.71 -42.70 -4.93> result: 102.31 102.85 -77.04 -12.31 89.90 0.00
[12:05:24.658] [ARM-RX] [79] <20.38 -44.16 -5.10> result: 102.52 103.20 -76.57 -12.52 89.78 0.00
[12:05:24.658] [ARM-RX] [80] <21.07 -45.66 -5.27> result: 102.73 103.55 -76.09 -12.73 89.65 0.00
[12:05:24.658] [ARM-RX] [81] <21.77 -47.17 -5.44> res
[12:05:24.692] [ARM-RX] ult: 102.93 103.90 -75.60 -12.93 89.52 0.00
[12:05:24.692] [ARM-RX] [82] <22.49 -48.72 -5.62> result: 103.14 104.26 -75.10 -13.14 89.38 0.00
[12:05:24.693] [ARM-RX] [83] <23.21 -50.29 -5.80> result: 103.33 104.62 -74.60 -13.34 89.23 0.00
[12:05:24.693] [ARM-RX] [84] <23.95 -51.88 -5.99> result: 103.53 104.98 -74.08 -13.53 8
[12:05:24.715] [ARM-RX] 9.08 0.00
[12:05:24.715] [ARM-RX] [85] <24.69 -53.50 -6.17> result: 103.72 105.34 -73.55 -13.72 88.92 0.00
[12:05:24.715] [ARM-RX] [86] <25.45 -55.15 -6.36> result: 103.91 105.71 -73.01 -13.91 88.76 0.00
[12:05:24.716] [ARM-RX] [87] <26.22 -56.82 -6.56> result: 104.09 106.08 -72.47 -14.10 88.59 0.00
[12:05:24.716] [ARM-RX] [88] <27.01 -58.51 -6.7
[12:05:24.738] [ARM-RX] 5> result: 104.27 106.45 -71.91 -14.28 88.41 0.00
[12:05:24.739] [ARM-RX] [89] <27.80 -60.23 -6.95> result: 104.45 106.83 -71.35 -14.46 88.23 0.00
[12:05:24.739] [ARM-RX] [90] <28.60 -61.97 -7.15> result: 104.63 107.20 -70.77 -14.63 88.04 0.00
[12:05:24.739] [ARM-RX] [91] <29.42 -63.74 -7.35> result: 104.80 107.58 -70.19 -1
[12:05:24.761] [ARM-RX] 4.81 87.85 0.00
[12:05:24.761] [ARM-RX] [92] <30.24 -65.53 -7.56> result: 104.96 107.97 -69.59 -14.98 87.65 0.00
[12:05:24.761] [ARM-RX] [93] <31.08 -67.34 -7.77> result: 105.13 108.35 -68.99 -15.14 87.44 0.00
[12:05:24.763] [ARM-RX] [94] <31.93 -69.17 -7.98> result: 105.29 108.74 -68.38 -15.31 87.23 0.00
[12:05:24.763] [ARM-RX] [95] <32.78 -71.0
[12:05:24.785] [ARM-RX] 3 -8.20> result: 105.44 109.13 -67.76 -15.47 87.01 0.00
[12:05:24.785] [ARM-RX] [96] <33.65 -72.91 -8.41> result: 105.60 109.53 -67.13 -15.62 86.78 0.00
[12:05:24.785] [ARM-RX] [97] <34.53 -74.81 -8.63> result: 105.75 109.92 -66.49 -15.78 86.55 0.00
[12:05:24.785] [ARM-RX] [98] <35.41 -76.73 -8.85> result: 105.90 110.32 -65
[12:05:24.807] [ARM-RX] .85 -15.93 86.32 0.00
[12:05:24.807] [ARM-RX] [99] <36.31 -78.67 -9.08> result: 106.04 110.72 -65.19 -16.08 86.07 0.00
[12:05:24.807] [ARM-RX] [100] <37.22 -80.64 -9.30> result: 106.18 111.13 -64.53 -16.22 85.83 0.00
[12:05:24.807] [ARM-RX] [101] <38.13 -82.62 -9.53> result: 106.32 111.53 -63.86 -16.37 85.57 0.00
[12:05:24.809] [ARM-RX] [102] <39
[12:05:24.831] [ARM-RX] .06 -84.62 -9.76> result: 106.45 111.94 -63.17 -16.51 85.32 0.00
[12:05:24.831] [ARM-RX] [103] <39.99 -86.64 -10.00> result: 106.58 112.35 -62.48 -16.65 85.05 0.00
[12:05:24.831] [ARM-RX] [104] <40.93 -88.68 -10.23> result: 106.71 112.77 -61.79 -16.78 84.79 0.00
[12:05:24.831] [ARM-RX] [105] <41.88 -90.74 -10.47> result: 10
[12:05:24.853] [ARM-RX] 6.84 113.19 -61.08 -16.92 84.51 0.00
[12:05:24.854] [ARM-RX] [106] <42.84 -92.82 -10.71> result: 106.96 113.60 -60.36 -17.05 84.23 0.00
[12:05:24.854] [ARM-RX] [107] <43.80 -94.91 -10.95> result: 107.08 114.03 -59.64 -17.18 83.95 0.00
[12:05:24.854] [ARM-RX] [108] <44.78 -97.02 -11.19> result: 107.20 114.45 -58.91 -17.31 83
[12:05:24.888] [ARM-RX] .66 0.00
[12:05:24.888] [ARM-RX] [109] <45.76 -99.15 -11.44> result: 107.32 114.88 -58.17 -17.44 83.37 0.00
[12:05:24.889] [ARM-RX] [110] <46.75 -101.29 -11.69> result: 107.43 115.31 -57.43 -17.56 83.07 0.00
[12:05:24.889] [ARM-RX] [111] <47.74 -103.44 -11.94> result: 107.54 115.74 -56.67 -17.68 82.76 0.00
[12:05:24.889] [ARM-RX] [112] <48.75 -10
[12:05:24.913] [ARM-RX] 5.61 -12.19> result: 107.65 116.17 -55.91 -17.80 82.46 0.00
[12:05:24.913] [ARM-RX] [113] <49.75 -107.80 -12.44> result: 107.75 116.61 -55.14 -17.92 82.14 0.00
[12:05:24.914] [ARM-RX] [114] <50.77 -110.00 -12.69> result: 107.85 117.05 -54.36 -18.04 81.83 0.00
[12:05:24.914] [ARM-RX] [115] <51.79 -112.21 -12.95> result: 107.
[12:05:24.934] [ARM-RX] 95 117.49 -53.58 -18.16 81.50 0.00
[12:05:24.934] [ARM-RX] [116] <52.82 -114.44 -13.20> result: 108.05 117.93 -52.78 -18.27 81.18 0.00
[12:05:24.934] [ARM-RX] [117] <53.85 -116.67 -13.46> result: 108.15 118.38 -51.98 -18.39 80.85 0.00
[12:05:24.934] [ARM-RX] [118] <54.89 -118.92 -13.72> result: 108.24 118.83 -51.18 -18.50 8
[12:05:24.957] [ARM-RX] 0.51 0.00
[12:05:24.957] [ARM-RX] [119] <55.93 -121.18 -13.98> result: 108.33 119.28 -50.36 -18.61 80.17 0.00
[12:05:24.957] [ARM-RX] [120] <56.98 -123.45 -14.24> result: 108.42 119.73 -49.54 -18.72 79.83 0.00
[12:05:24.957] [ARM-RX] [121] <58.03 -125.73 -14.51> result: 108.51 120.19 -48.72 -18.83 79.48 0.00
[12:05:24.957] [ARM-RX] [122] <59.08 -
[12:05:24.982] [ARM-RX] 128.02 -14.77> result: 108.59 120.64 -47.88 -18.94 79.13 0.00
[12:05:24.982] [ARM-RX] [123] <60.00 -130.00 -15.00> result: 108.66 121.04 -47.16 -19.04 78.83 0.00
[12:05:24.982] [ARM-RX] [124] <60.00 -130.00 -15.00> result: 108.66 121.04 -47.16 -19.04 78.83 0.00
[12:05:24.983] [ARM-RX] [125] <60.00 -130.00 -15.00> result: 10
[12:05:25.005] [ARM-RX] 8.66 121.04 -47.16 -19.04 78.83 0.00
[12:05:25.005] [ARM-RX] [126] <60.00 -130.00 -15.00> result: 108.66 121.04 -47.16 -19.04 78.83 0.00
[12:05:25.005] [ARM-RX] [127] <60.00 -130.00 -15.00> result: 108.66 121.04 -47.16 -19.04 78.83 0.00
[12:05:25.005] [ARM-RX] [128] <60.00 -130.00 -15.00> result: 108.66 121.04 -47.16 -19.04
[12:05:25.028] [ARM-RX] 78.83 0.00
[12:05:25.028] [ARM-RX] [129] <60.00 -130.00 -15.00> result: 108.66 121.04 -47.16 -19.04 78.83 0.00
[12:05:25.028] [ARM-RX] [130] <60.00 -130.00 -15.00> result: 108.66 121.04 -47.16 -19.04 78.83 0.00
[12:05:25.028] [ARM-RX] [131] <60.00 -130.00 -15.00> result: 108.66 121.04 -47.16 -19.04 78.83 0.00
[12:05:25.028] [ARM-RX] [132] <60.00
[12:05:25.067] [ARM-RX] -130.00 -15.00> result: 108.66 121.04 -47.16 -19.04 78.83 0.00
[12:05:25.067] [ARM-RX] [133] <60.00 -130.00 -15.00> result: 108.66 121.04 -47.16 -19.04 78.83 0.00
[12:05:25.067] [ARM-RX] [134] <60.00 -130.00 -15.00> result: 108.66 121.04 -47.16 -19.04 78.83 0.00
[12:05:25.067] [ARM-RX] [135] <60.00 -130.00 -15.00> result:
[12:05:25.086] [ARM-RX] 108.66 121.04 -47.16 -19.04 78.83 0.00
[12:05:25.086] [ARM-RX] [136] <60.00 -130.00 -15.00> result: 108.66 121.04 -47.16 -19.04 78.83 0.00
[12:05:25.086] [ARM-RX] [137] <60.00 -130.00 -15.00> result: 108.66 121.04 -47.16 -19.04 78.83 0.00
[12:05:25.086] [ARM-RX] [138] <60.00 -130.00 -15.00> result: 108.66 121.04 -47.16 -19.
[12:05:25.109] [ARM-RX] 04 78.83 0.00
[12:05:25.109] [ARM-RX] [139] <60.00 -130.00 -15.00> result: 108.66 121.04 -47.16 -19.04 78.83 0.00
[12:05:25.109] [ARM-RX] [140] <60.00 -130.00 -15.00> result: 108.66 121.04 -47.16 -19.04 78.83 0.00
[12:05:25.109] [ARM-RX] [141] <60.00 -130.00 -15.00> result: 108.66 121.04 -47.16 -19.04 78.83 0.00
[12:05:25.110] [ARM-RX] [142] <60.
[12:05:25.132] [ARM-RX] 00 -130.00 -15.00> result: 108.66 121.04 -47.16 -19.04 78.83 0.00
[12:05:25.132] [ARM-RX] [143] <60.00 -130.00 -15.00> result: 108.66 121.04 -47.16 -19.04 78.83 0.00
[12:05:25.132] [ARM-RX] [144] <60.00 -130.00 -15.00> result: 108.66 121.04 -47.16 -19.04 78.83 0.00
[12:05:25.132] [ARM-RX] [145] <60.00 -130.00 -15.00> result
[12:05:25.158] [ARM-RX] : 108.66 121.04 -47.16 -19.04 78.83 0.00
[12:05:25.158] [ARM-RX] [146] <60.00 -130.00 -15.00> result: 108.66 121.04 -47.16 -19.04 78.83 0.00
[12:05:25.158] [ARM-RX] [147] <60.00 -130.00 -15.00> result: 108.66 121.04 -47.16 -19.04 78.83 0.00
[12:05:25.158] [ARM-RX] [148] <60.00 -130.00 -15.00> result: 108.66 121.04 -47.16 -1
[12:05:25.177] [ARM-RX] 9.04 78.83 0.00
[12:05:25.177] [ARM-RX] [149] <60.00 -130.00 -15.00> result: 108.66 121.04 -47.16 -19.04 78.83 0.00
[12:05:25.178] [ARM-RX] [150] <60.00 -130.00 -15.00> result: 108.66 121.04 -47.16 -19.04 78.83 0.00
[12:05:25.178] [ARM-RX] [151] <60.00 -130.00 -15.00> result: 108.66 121.04 -47.16 -19.04 78.83 0.00
[12:05:25.178] [ARM-RX] [152] <6
[12:05:25.201] [ARM-RX] 0.00 -130.00 -15.00> result: 108.66 121.04 -47.16 -19.04 78.83 0.00
[12:05:25.201] [ARM-RX] [153] <60.00 -130.00 -15.00> result: 108.66 121.04 -47.16 -19.04 78.83 0.00
[12:05:25.201] [ARM-RX] [154] <60.00 -130.00 -15.00> result: 108.66 121.04 -47.16 -19.04 78.83 0.00
[12:05:25.201] [ARM-RX] [155] <60.00 -130.00 -15.00> resu
[12:05:25.224] [ARM-RX] lt: 108.66 121.04 -47.16 -19.04 78.83 0.00
[12:05:25.224] [ARM-RX] [156] <60.00 -130.00 -15.00> result: 108.66 121.04 -47.16 -19.04 78.83 0.00
[12:05:25.224] [ARM-RX] [157] <60.00 -130.00 -15.00> result: 108.66 121.04 -47.16 -19.04 78.83 0.00
[12:05:25.224] [ARM-RX] [158] <60.00 -130.00 -15.00> result: 108.66 121.04 -47.16
[12:05:25.258] [ARM-RX] -19.04 78.83 0.00
[12:05:25.258] [ARM-RX] [159] <60.00 -130.00 -15.00> result: 108.66 121.04 -47.16 -19.04 78.83 0.00
[12:05:25.259] [ARM-RX] [160] <60.00 -130.00 -15.00> result: 108.66 121.04 -47.16 -19.04 78.83 0.00
[12:05:25.259] [ARM-RX] [161] <60.00 -130.00 -15.00> result: 108.66 121.04 -47.16 -19.04 78.83 0.00
[12:05:25.259] [ARM-RX] [162]
[12:05:25.281] [ARM-RX] <60.00 -130.00 -15.00> result: 108.66 121.04 -47.16 -19.04 78.83 0.00
[12:05:25.282] [ARM-RX] [163] <60.00 -130.00 -15.00> result: 108.66 121.04 -47.16 -19.04 78.83 0.00
[12:05:25.282] [ARM-RX] [164] <60.00 -130.00 -15.00> result: 108.66 121.04 -47.16 -19.04 78.83 0.00
[12:05:25.282] [ARM-RX] [165] <60.00 -130.00 -15.00> re
[12:05:25.304] [ARM-RX] sult: 108.66 121.04 -47.16 -19.04 78.83 0.00
[12:05:25.304] [ARM-RX] [166] <60.00 -130.00 -15.00> result: 108.66 121.04 -47.16 -19.04 78.83 0.00
[12:05:25.305] [ARM-RX] [167] <60.00 -130.00 -15.00> result: 108.66 121.04 -47.16 -19.04 78.83 0.00
[12:05:25.305] [ARM-RX] [168] <60.00 -130.00 -15.00> result: 108.66 121.04 -47.1
[12:05:25.327] [ARM-RX] 6 -19.04 78.83 0.00
[12:05:25.328] [ARM-RX] [169] <60.00 -130.00 -15.00> result: 108.66 121.04 -47.16 -19.04 78.83 0.00
[12:05:25.328] [ARM-RX] [170] <60.00 -130.00 -15.00> result: 108.66 121.04 -47.16 -19.04 78.83 0.00
[12:05:25.328] [ARM-RX] [171] <60.00 -130.00 -15.00> result: 108.66 121.04 -47.16 -19.04 78.83 0.00
[12:05:25.328] [ARM-RX] [172
[12:05:25.351] [ARM-RX] ] <60.00 -130.00 -15.00> result: 108.66 121.04 -47.16 -19.04 78.83 0.00
[12:05:25.351] [ARM-RX] [173] <60.00 -130.00 -15.00> result: 108.66 121.04 -47.16 -19.04 78.83 0.00
[12:05:25.351] [ARM-RX] [174] <60.00 -130.00 -15.00> result: 108.66 121.04 -47.16 -19.04 78.83 0.00
[12:05:25.352] [ARM-RX] [175] <60.00 -130.00 -15.00>
[12:05:25.375] [ARM-RX] result: 108.66 121.04 -47.16 -19.04 78.83 0.00
[12:05:25.375] [ARM-RX] [176] <60.00 -130.00 -15.00> result: 108.66 121.04 -47.16 -19.04 78.83 0.00
[12:05:25.375] [ARM-RX] [177] <60.00 -130.00 -15.00> result: 108.66 121.04 -47.16 -19.04 78.83 0.00
[12:05:25.375] [ARM-RX] [178] <60.00 -130.00 -15.00> result: 108.66 121.04 -47
[12:05:25.398] [ARM-RX] .16 -19.04 78.83 0.00
[12:05:25.398] [ARM-RX] [179] <60.00 -130.00 -15.00> result: 108.66 121.04 -47.16 -19.04 78.83 0.00
[12:05:25.398] [ARM-RX] [180] <60.00 -130.00 -15.00> result: 108.66 121.04 -47.16 -19.04 78.83 0.00
[12:05:25.398] [ARM-RX] [181] <60.00 -130.00 -15.00> result: 108.66 121.04 -47.16 -19.04 78.83 0.00
[12:05:25.398] [ARM-RX] [1
[12:05:25.431] [ARM-RX] 82] <60.00 -130.00 -15.00> result: 108.66 121.04 -47.16 -19.04 78.83 0.00
[12:05:25.431] [ARM-RX] [183] <60.00 -130.00 -15.00> result: 108.66 121.04 -47.16 -19.04 78.83 0.00
[12:05:25.431] [ARM-RX] [184] <60.00 -130.00 -15.00> result: 108.66 121.04 -47.16 -19.04 78.83 0.00
[12:05:25.432] [ARM-RX] [185] <60.00 -130.00 -15.00
[12:05:25.455] [ARM-RX] > result: 108.66 121.04 -47.16 -19.04 78.83 0.00
[12:05:25.456] [ARM-RX] [186] <60.00 -130.00 -15.00> result: 108.66 121.04 -47.16 -19.04 78.83 0.00
[12:05:25.456] [ARM-RX] [187] <60.00 -130.00 -15.00> result: 108.66 121.04 -47.16 -19.04 78.83 0.00
[12:05:25.456] [ARM-RX] [188] <60.00 -130.00 -15.00> result: 108.66 121.04 -
[12:05:25.478] [ARM-RX] 47.16 -19.04 78.83 0.00
[12:05:25.478] [ARM-RX] [189] <60.00 -130.00 -15.00> result: 108.66 121.04 -47.16 -19.04 78.83 0.00
[12:05:25.478] [ARM-RX] [190] <60.00 -130.00 -15.00> result: 108.66 121.04 -47.16 -19.04 78.83 0.00
[12:05:25.478] [ARM-RX] [191] <60.00 -130.00 -15.00> result: 108.66 121.04 -47.16 -19.04 78.83 0.00
[12:05:25.502] [ARM-RX] [192] <60.00 -130.00 -15.00> result: 108.66 121.04 -47.16 -19.04 78.83 0.00
[12:05:25.502] [ARM-RX] [193] <60.00 -130.00 -15.00> result: 108.66 121.04 -47.16 -19.04 78.83 0.00
[12:05:25.502] [ARM-RX] [194] <60.00 -130.00 -15.00> result: 108.66 121.04 -47.16 -19.04 78.83 0.00
[12:05:25.502] [ARM-RX] [195] <60.00 -130.00 -15.
[12:05:25.525] [ARM-RX] 00> result: 108.66 121.04 -47.16 -19.04 78.83 0.00
[12:05:25.525] [ARM-RX] [196] <60.00 -130.00 -15.00> result: 108.66 121.04 -47.16 -19.04 78.83 0.00
[12:05:25.527] [ARM-RX] [197] <60.00 -130.00 -15.00> result: 108.66 121.04 -47.16 -19.04 78.83 0.00
[12:05:25.528] [ARM-RX] [198] <60.00 -130.00 -15.00> result: 108.66 121.04
[12:05:25.548] [ARM-RX] -47.16 -19.04 78.83 0.00
[12:05:25.548] [ARM-RX] [199] <60.00 -130.00 -15.00> result: 108.66 121.04 -47.16 -19.04 78.83 0.00
[12:05:25.548] [ARM-RX] [200] <60.00 -130.00 -15.00> result: 108.66 121.04 -47.16 -19.04 78.83 0.00
[12:05:25.548] [ARM-RX] [201] <60.00 -130.00 -15.00> result: 108.66 121.04 -47.16 -19.04 78.83 0.00
[12:05:25.570] [ARM-RX] [202] <60.00 -130.00 -15.00> result: 108.66 121.04 -47.16 -19.04 78.83 0.00
[12:05:25.571] [ARM-RX] [203] <60.00 -130.00 -15.00> result: 108.66 121.04 -47.16 -19.04 78.83 0.00
[12:05:25.571] [ARM-RX] [204] <60.00 -130.00 -15.00> result: 108.66 121.04 -47.16 -19.04 78.83 0.00
[12:05:25.571] [ARM-RX] [205] <60.00 -130.00 -1
[12:05:25.593] [ARM-RX] 5.00> result: 108.66 121.04 -47.16 -19.04 78.83 0.00
[12:05:25.593] [ARM-RX] [206] <60.00 -130.00 -15.00> result: 108.66 121.04 -47.16 -19.04 78.83 0.00
[12:05:25.594] [ARM-RX] [207] <60.00 -130.00 -15.00> result: 108.66 121.04 -47.16 -19.04 78.83 0.00
[12:05:25.594] [ARM-RX] [208] <60.00 -130.00 -15.00> result: 108.66 121.
[12:05:25.629] [ARM-RX] 04 -47.16 -19.04 78.83 0.00
[12:05:25.629] [ARM-RX] [209] <60.00 -130.00 -15.00> result: 108.66 121.04 -47.16 -19.04 78.83 0.00
[12:05:25.629] [ARM-RX] [210] <60.00 -130.00 -15.00> result: 108.66 121.04 -47.16 -19.04 78.83 0.00
[12:05:25.629] [ARM-RX] [211] <60.00 -130.00 -15.00> result: 108.66 121.04 -47.16 -19.04 78.83 0.
[12:05:25.651] [ARM-RX] 00
[12:05:25.651] [ARM-RX] [212] <60.00 -130.00 -15.00> result: 108.66 121.04 -47.16 -19.04 78.83 0.00
[12:05:25.652] [ARM-RX] [213] <60.00 -130.00 -15.00> result: 108.66 121.04 -47.16 -19.04 78.83 0.00
[12:05:25.652] [ARM-RX] [214] <60.00 -130.00 -15.00> result: 108.66 121.04 -47.16 -19.04 78.83 0.00
[12:05:25.652] [ARM-RX] [215] <60.00 -130.00
[12:05:25.673] [ARM-RX] -15.00> result: 108.66 121.04 -47.16 -19.04 78.83 0.00
[12:05:25.675] [ARM-RX] [216] <60.00 -130.00 -15.00> result: 108.66 121.04 -47.16 -19.04 78.83 0.00
[12:05:25.675] [ARM-RX] [217] <60.00 -130.00 -15.00> result: 108.66 121.04 -47.16 -19.04 78.83 0.00
[12:05:25.675] [ARM-RX] [218] <60.00 -130.00 -15.00> result: 108.66 12
[12:05:25.697] [ARM-RX] 1.04 -47.16 -19.04 78.83 0.00
[12:05:25.698] [ARM-RX] [219] <60.00 -130.00 -15.00> result: 108.66 121.04 -47.16 -19.04 78.83 0.00
[12:05:25.698] [ARM-RX] [220] <60.00 -130.00 -15.00> result: 108.66 121.04 -47.16 -19.04 78.83 0.00
[12:05:25.698] [ARM-RX] [221] <60.00 -130.00 -15.00> result: 108.66 121.04 -47.16 -19.04 78.83
[12:05:25.721] [ARM-RX] 0.00
[12:05:25.721] [ARM-RX] [222] <60.00 -130.00 -15.00> result: 108.66 121.04 -47.16 -19.04 78.83 0.00
[12:05:25.721] [ARM-RX] [223] <60.00 -130.00 -15.00> result: 108.66 121.04 -47.16 -19.04 78.83 0.00
[12:05:25.721] [ARM-RX] [224] <60.00 -130.00 -15.00> result: 108.66 121.04 -47.16 -19.04 78.83 0.00
[12:05:25.722] [ARM-RX] [225] <60.00 -130.0
[12:05:25.743] [ARM-RX] 0 -15.00> result: 108.66 121.04 -47.16 -19.04 78.83 0.00
[12:05:25.744] [ARM-RX] [226] <60.00 -130.00 -15.00> result: 108.66 121.04 -47.16 -19.04 78.83 0.00
[12:05:25.744] [ARM-RX] [227] <60.00 -130.00 -15.00> result: 108.66 121.04 -47.16 -19.04 78.83 0.00
[12:05:25.744] [ARM-RX] [228] <60.00 -130.00 -15.00> result: 108.66
[12:05:25.767] [ARM-RX] 121.04 -47.16 -19.04 78.83 0.00
[12:05:25.767] [ARM-RX] [229] <60.00 -130.00 -15.00> result: 108.66 121.04 -47.16 -19.04 78.83 0.00
[12:05:25.767] [ARM-RX] [230] <60.00 -130.00 -15.00> result: 108.66 121.04 -47.16 -19.04 78.83 0.00
[12:05:25.767] [ARM-RX] [231] <60.00 -130.00 -15.00> result: 108.66 121.04 -47.16 -19.04 78.8
[12:05:25.802] [ARM-RX] 3 0.00
[12:05:25.802] [ARM-RX] [232] <60.00 -130.00 -15.00> result: 108.66 121.04 -47.16 -19.04 78.83 0.00
[12:05:25.802] [ARM-RX] [233] <60.00 -130.00 -15.00> result: 108.66 121.04 -47.16 -19.04 78.83 0.00
[12:05:25.802] [ARM-RX] [234] <60.00 -130.00 -15.00> result: 108.66 121.04 -47.16 -19.04 78.83 0.00
[12:05:25.802] [ARM-RX] [235] <60.00 -130
[12:05:25.824] [ARM-RX] .00 -15.00> result: 108.66 121.04 -47.16 -19.04 78.83 0.00
[12:05:25.825] [ARM-RX] [236] <60.00 -130.00 -15.00> result: 108.66 121.04 -47.16 -19.04 78.83 0.00
[12:05:25.825] [ARM-RX] [237] <60.00 -130.00 -15.00> result: 108.66 121.04 -47.16 -19.04 78.83 0.00
[12:05:25.825] [ARM-RX] [238] <60.00 -130.00 -15.00> result: 108.6
[12:05:25.847] [ARM-RX] 6 121.04 -47.16 -19.04 78.83 0.00
[12:05:25.850] [ARM-RX] [239] <60.00 -130.00 -15.00> result: 108.66 121.04 -47.16 -19.04 78.83 0.00
[12:05:25.850] [ARM-RX] [240] <60.00 -130.00 -15.00> result: 108.66 121.04 -47.16 -19.04 78.83 0.00
[12:05:25.850] [ARM-RX] [241] <60.00 -130.00 -15.00> result: 108.66 121.04 -47.16 -19.04 78
[12:05:25.871] [ARM-RX] .83 0.00
[12:05:25.871] [ARM-RX] [242] <60.00 -130.00 -15.00> result: 108.66 121.04 -47.16 -19.04 78.83 0.00
[12:05:25.872] [ARM-RX] [243] <60.00 -130.00 -15.00> result: 108.66 121.04 -47.16 -19.04 78.83 0.00
[12:05:25.872] [ARM-RX] [244] <60.00 -130.00 -15.00> result: 108.66 121.04 -47.16 -19.04 78.83 0.00
[12:05:25.872] [ARM-RX] [245] <60.00 -1
[12:05:25.894] [ARM-RX] 30.00 -15.00> result: 108.66 121.04 -47.16 -19.04 78.83 0.00
[12:05:25.895] [ARM-RX] [246] <60.00 -130.00 -15.00> result: 108.66 121.04 -47.16 -19.04 78.83 0.00
[12:05:25.895] [ARM-RX] [247] <60.00 -130.00 -15.00> result: 108.66 121.04 -47.16 -19.04 78.83 0.00
[12:05:25.895] [ARM-RX] [248] <60.00 -130.00 -15.00> result: 108
[12:05:25.917] [ARM-RX] .66 121.04 -47.16 -19.04 78.83 0.00
[12:05:25.917] [ARM-RX] [249] <60.00 -130.00 -15.00> result: 108.66 121.04 -47.16 -19.04 78.83 0.00
[12:05:25.918] [ARM-RX] [250] <60.00 -130.00 -15.00> result: 108.66 121.04 -47.16 -19.04 78.83 0.00
[12:05:25.918] [ARM-RX] [251] <60.00 -130.00 -15.00> result: 108.66 121.04 -47.16 -19.04
[12:05:25.940] [ARM-RX] 78.83 0.00
[12:05:25.940] [ARM-RX] [252] <60.00 -130.00 -15.00> result: 108.66 121.04 -47.16 -19.04 78.83 0.00
[12:05:25.940] [ARM-RX] [253] <60.00 -130.00 -15.00> result: 108.66 121.04 -47.16 -19.04 78.83 0.00
[12:05:25.942] [ARM-RX] [254] <60.00 -130.00 -15.00> result: 108.66 121.04 -47.16 -19.04 78.83 0.00
[12:05:25.942] [ARM-RX] [255] <60.00
[12:05:25.964] [ARM-RX] -130.00 -15.00> result: 108.66 121.04 -47.16 -19.04 78.83 0.00
[12:05:25.964] [ARM-RX] [256] <60.00 -130.00 -15.00> result: 108.66 121.04 -47.16 -19.04 78.83 0.00
[12:05:25.965] [ARM-RX] [257] <60.00 -130.00 -15.00> result: 108.66 121.04 -47.16 -19.04 78.83 0.00
[12:05:25.966] [ARM-RX] [258] <60.00 -130.00 -15.00> result: 1
[12:05:25.999] [ARM-RX] 08.66 121.04 -47.16 -19.04 78.83 0.00
[12:05:26.000] [ARM-RX] [259] <60.00 -130.00 -15.00> result: 108.66 121.04 -47.16 -19.04 78.83 0.00
[12:05:26.000] [ARM-RX] [260] <60.00 -130.00 -15.00> result: 108.66 121.04 -47.16 -19.04 78.83 0.00
[12:05:26.000] [ARM-RX] [261] <60.00 -130.00 -15.00> result: 108.66 121.04 -47.16 -19.0
[12:05:26.021] [ARM-RX] 4 78.83 0.00
[12:05:26.022] [ARM-RX] [262] <60.00 -130.00 -15.00> result: 108.66 121.04 -47.16 -19.04 78.83 0.00
[12:05:26.022] [ARM-RX] [263] <60.00 -130.00 -15.00> result: 108.66 121.04 -47.16 -19.04 78.83 0.00
[12:05:26.022] [ARM-RX] [264] <60.00 -130.00 -15.00> result: 108.66 121.04 -47.16 -19.04 78.83 0.00
[12:05:26.022] [ARM-RX] [265] <60.0
[12:05:26.044] [ARM-RX] 0 -130.00 -15.00> result: 108.66 121.04 -47.16 -19.04 78.83 0.00
[12:05:26.044] [ARM-RX] [266] <60.00 -130.00 -15.00> result: 108.66 121.04 -47.16 -19.04 78.83 0.00
[12:05:26.045] [ARM-RX] [267] <60.00 -130.00 -15.00> result: 108.66 121.04 -47.16 -19.04 78.83 0.00
[12:05:26.045] [ARM-RX] [268] <60.00 -130.00 -15.00> result:
[12:05:26.067] [ARM-RX] 108.66 121.04 -47.16 -19.04 78.83 0.00
[12:05:26.069] [ARM-RX] [269] <60.00 -130.00 -15.00> result: 108.66 121.04 -47.16 -19.04 78.83 0.00
[12:05:26.069] [ARM-RX] [270] <60.00 -130.00 -15.00> result: 108.66 121.04 -47.16 -19.04 78.83 0.00
[12:05:26.069] [ARM-RX] [271] <60.00 -130.00 -15.00> result: 108.66 121.04 -47.16 -19
[12:05:26.121] [ARM-RX] .04 78.83 0.00
[12:05:26.121] [ARM-RX] [272] <60.00 -130.00 -15.00> result: 108.66 121.04 -47.16 -19.04 78.83 0.00
[12:05:26.122] [ARM-RX] [273] <60.00 -130.00 -15.00> result: 108.66 121.04 -47.16 -19.04 78.83 0.00
[12:05:29.045] [ARM-RX] [joint 1] ave_error:1.28
[12:05:29.045] [ARM-RX] [joint 2] ave_error:7.45
[12:05:29.045] [ARM-RX] [joint 3] ave_error:8.39
[12:05:29.045] [ARM-RX] [joint 4] ave_error:1.10
[12:05:29.045] [ARM-RX] [joint 5] ave_error:1.09
[12:05:29.047] [ARM-RX] robot pid run finished!!
[12:05:29.788] [ARM-RX] AUTO final confirm failed: joint 2 err=13.42deg tol=3.00, pose invalid.
[12:05:29.789] [ARM-RX] J1 cur=108.24 target=108.66 err=0.42
[12:05:29.789] [ARM-RX] J2 cur=132.74 target=121.04 err=-11.70
[12:05:29.789] [ARM-RX] J3 cur=-33.74 target=-47.16 err=-13.42
[12:05:29.789] [ARM-RX] J4 cur=-19.18 target=-19.04 err=0.15
[12:05:29.789] [ARM-RX] J5 cur=78.58 targ
[12:05:29.843] [ARM-RX] et=78.83 err=0.24
[12:05:32.035] [ARM-TX] 发送命令 read_all: read_all
[12:05:32.148] [ARM-RX] Found handler for 'read_all', executing...
[12:05:32.148] [ARM-RX] ROBOT_READ_ALL_EVENT
[12:05:32.148] [ARM-RX] read_all ret=0 elapsed=2 ms missing=0x00
[12:05:32.150] [ARM-RX] J1 angle=108.24
[12:05:32.150] [ARM-RX] J2 angle=132.73
[12:05:32.150] [ARM-RX] J3 angle=326.25
[12:05:32.150] [ARM-RX] J4 angle=340.82
[12:05:32.150] [ARM-RX] J5 angle=78.58
[12:05:34.244] [ARM-TX] 发送命令 abs_rotate 4 350: abs_rotate 4 350
[12:05:34.264] [ARM-RX] Found handler for 'abs_rotate', executing...
[12:05:34.264] [ARM-RX] [joint_id: 4] ROBOT_JOINT_ABS_ROTATE 350.000000
[12:05:34.264] [ARM-RX] ERROR: abs target angle out of range, joint:4 target:350.00
[12:05:41.655] [ARM-TX] 发送命令 read_all: read_all
[12:05:41.752] [ARM-RX] Found handler for 'read_all', executing...
[12:05:41.752] [ARM-RX] ROBOT_READ_ALL_EVENT
[12:05:41.752] [ARM-RX] read_all ret=0 elapsed=3 ms missing=0x00
[12:05:41.752] [ARM-RX] J1 angle=108.24
[12:05:41.752] [ARM-RX] J2 angle=132.73
[12:05:41.752] [ARM-RX] J3 angle=326.25
[12:05:41.752] [ARM-RX] J4 angle=340.82
[12:05:41.752] [ARM-RX] J5 angle=78.58
[12:05:52.015] [ARM-TX] 发送命令 abs_rotate 0 60: abs_rotate 0 60
[12:05:52.048] [ARM-RX] Found handler for 'abs_rotate', executing...
[12:05:52.048] [ARM-RX] [joint_id: 0] ROBOT_JOINT_ABS_ROTATE 60.000000
[12:05:55.215] [ARM-TX] 发送命令 read_all: read_all
[12:05:55.291] [ARM-RX] Found handler for 'read_all', executing...
[12:05:55.291] [ARM-RX] ROBOT_READ_ALL_EVENT
[12:05:55.292] [ARM-RX] read_all ret=0 elapsed=2 ms missing=0x00
[12:05:55.292] [ARM-RX] J1 angle=59.99
[12:05:55.292] [ARM-RX] J2 angle=132.73
[12:05:55.292] [ARM-RX] J3 angle=326.25
[12:05:55.292] [ARM-RX] J4 angle=340.82
[12:05:55.293] [ARM-RX] J5 angle=78.58
[12:06:02.996] [ARM-TX] 发送命令 abs_rotate 0 80: abs_rotate 0 80
[12:06:03.019] [ARM-RX] Found handler for 'abs_rotate', executing...
[12:06:03.019] [ARM-RX] [joint_id: 0] ROBOT_JOINT_ABS_ROTATE 80.000000
[12:06:04.964] [ARM-TX] 发送命令 read_all: read_all
[12:06:05.051] [ARM-RX] Found handler for 'read_all', executing...
[12:06:05.051] [ARM-RX] ROBOT_READ_ALL_EVENT
[12:06:05.051] [ARM-RX] read_all ret=0 elapsed=3 ms missing=0x00
[12:06:05.051] [ARM-RX] J1 angle=80.02
[12:06:05.051] [ARM-RX] J2 angle=132.73
[12:06:05.052] [ARM-RX] J3 angle=326.25
[12:06:05.052] [ARM-RX] J4 angle=340.82
[12:06:05.052] [ARM-RX] J5 angle=78.58
[12:17:21.620] [ARM-TX] 发送命令 soft_reset: soft_reset
[12:17:21.647] [ARM-RX] Found handler for 'soft_reset', executing...
[12:17:21.647] [ARM-RX] ROBOT_SOFT_RESET_EVENT
[12:17:21.648] [ARM-RX] --- Starting soft reset ---
[12:17:21.896] [ARM-RX] Soft reset motors enabled (J1~J5, J6 skipped).
[12:17:21.896] [ARM-RX] Soft resetting joint 4...
[12:17:21.896] [ARM-RX] robot_update_current_angle 4...
[12:17:21.896] [ARM-RX] [4] current:78.58, target:90.00, dir:1
[12:17:23.018] [ARM-RX] Soft resetting joint 3...
[12:17:23.018] [ARM-RX] robot_update_current_angle 3...
[12:17:23.018] [ARM-RX] [3] current:-19.18, target:0.00, dir:1
[12:17:24.636] [ARM-RX] soft reset joint 3 settle timeout, keep going
[12:17:24.636] [ARM-RX] Soft resetting joint 1...
[12:17:24.698] [ARM-RX] robot_update_current_angle 1...
[12:17:24.698] [ARM-RX] [1] current:132.73, target:90.00, dir:-1
[12:17:27.005] [ARM-RX] soft reset joint 1 settle timeout, keep going
[12:17:27.005] [ARM-RX] Soft resetting joint 2...
[12:17:27.005] [ARM-RX] robot_update_current_angle 2...
[12:17:27.005] [ARM-RX] [2] current:-33.75, target:-90.00, dir:-1
[12:17:29.494] [ARM-RX] soft reset joint 2 settle timeout, keep going
[12:17:29.494] [ARM-RX] Soft resetting joint 0...
[12:17:29.555] [ARM-RX] robot_update_current_angle 0...
[12:17:29.555] [ARM-RX] [0] current:80.01, target:90.00, dir:1
[12:17:31.054] [ARM-RX] soft reset final verify PASS (issues:3), pose set HOME.
[12:17:40.048] [ARM-TX] 发送命令 auto 60 -130 -15: auto 60 -130 -15
[12:17:40.088] [ARM-RX] Found handler for 'auto', executing...
[12:17:40.088] [ARM-RX] ROBOT_AUTO_EVENT
[12:17:40.088] [ARM-RX] [0] <0.00 0.00 0.00> result: 90.00 90.00 -90.00 0.00 90.00 0.00
[12:17:40.088] [ARM-RX] [1] <0.00 -0.00 -0.00> result: 90.00 90.00 -90.00 -0.00 90.00 0.00
[12:17:40.089] [ARM-RX] [2] <0.00 -0.00 -0.00> result: 90.00 90.00 -90.00 -0.00 90.00 0.00
[12:17:40.110] [ARM-RX] [3] <0.00 -0.00 -0.00> result: 90.00 90.00 -90.00 -0.00 90.00 0.00
[12:17:40.110] [ARM-RX] [4] <0.00 -0.01 -0.00> result: 90.01 90.00 -90.00 -0.01 90.00 0.00
[12:17:40.110] [ARM-RX] [5] <0.01 -0.02 -0.00> result: 90.01 90.01 -90.00 -0.01 90.00 0.00
[12:17:40.112] [ARM-RX] [6] <0.01 -0.03 -0.00> result: 90.02 90.01 -89.99 -
[12:17:40.132] [ARM-RX] 0.02 90.00 0.00
[12:17:40.133] [ARM-RX] [7] <0.02 -0.04 -0.01> result: 90.02 90.02 -89.99 -0.02 90.01 0.00
[12:17:40.133] [ARM-RX] [8] <0.03 -0.06 -0.01> result: 90.04 90.03 -89.98 -0.04 90.01 0.00
[12:17:40.133] [ARM-RX] [9] <0.04 -0.09 -0.01> result: 90.05 90.04 -89.98 -0.05 90.01 0.00
[12:17:40.133] [ARM-RX] [10] <0.06 -0.12 -0.01> result: 90.
[12:17:40.156] [ARM-RX] 07 90.05 -89.97 -0.07 90.02 0.00
[12:17:40.157] [ARM-RX] [11] <0.07 -0.16 -0.02> result: 90.09 90.07 -89.96 -0.09 90.02 0.00
[12:17:40.157] [ARM-RX] [12] <0.09 -0.20 -0.02> result: 90.11 90.08 -89.94 -0.11 90.03 0.00
[12:17:40.157] [ARM-RX] [13] <0.12 -0.25 -0.03> result: 90.14 90.11 -89.93 -0.14 90.03 0.00
[12:17:40.157] [ARM-RX] [14] <0.15 -0.3
[12:17:40.178] [ARM-RX] 1 -0.04> result: 90.17 90.13 -89.91 -0.17 90.04 0.00
[12:17:40.179] [ARM-RX] [15] <0.18 -0.38 -0.04> result: 90.21 90.16 -89.89 -0.21 90.05 0.00
[12:17:40.179] [ARM-RX] [16] <0.21 -0.46 -0.05> result: 90.25 90.19 -89.87 -0.25 90.06 0.00
[12:17:40.179] [ARM-RX] [17] <0.25 -0.55 -0.06> result: 90.30 90.23 -89.85 -0.30 90.08 0
[12:17:40.201] [ARM-RX] .00
[12:17:40.201] [ARM-RX] [18] <0.30 -0.65 -0.08> result: 90.36 90.27 -89.82 -0.36 90.09 0.00
[12:17:40.201] [ARM-RX] [19] <0.35 -0.76 -0.09> result: 90.42 90.31 -89.79 -0.42 90.10 0.00
[12:17:40.202] [ARM-RX] [20] <0.41 -0.89 -0.10> result: 90.48 90.36 -89.75 -0.48 90.12 0.00
[12:17:40.202] [ARM-RX] [21] <0.47 -1.02 -0.12> result: 90.55 90.42
[12:17:40.224] [ARM-RX] -89.72 -0.55 90.14 0.00
[12:17:40.224] [ARM-RX] [22] <0.54 -1.17 -0.13> result: 90.63 90.48 -89.68 -0.63 90.15 0.00
[12:17:40.224] [ARM-RX] [23] <0.61 -1.33 -0.15> result: 90.72 90.54 -89.63 -0.72 90.17 0.00
[12:17:40.225] [ARM-RX] [24] <0.69 -1.50 -0.17> result: 90.81 90.61 -89.58 -0.81 90.20 0.00
[12:17:40.225] [ARM-RX] [25] <0.78 -1.69 -0.20>
[12:17:40.259] [ARM-RX] result: 90.91 90.69 -89.53 -0.91 90.22 0.00
[12:17:40.260] [ARM-RX] [26] <0.88 -1.90 -0.22> result: 91.01 90.77 -89.47 -1.01 90.24 0.00
[12:17:40.260] [ARM-RX] [27] <0.98 -2.12 -0.24> result: 91.13 90.86 -89.41 -1.13 90.27 0.00
[12:17:40.260] [ARM-RX] [28] <1.09 -2.36 -0.27> result: 91.25 90.95 -89.34 -1.25 90.30 0.00
[12:17:40.260] [ARM-RX] [29]
[12:17:40.282] [ARM-RX] <1.20 -2.61 -0.30> result: 91.37 91.05 -89.27 -1.37 90.33 0.00
[12:17:40.282] [ARM-RX] [30] <1.33 -2.88 -0.33> result: 91.51 91.16 -89.20 -1.51 90.35 0.00
[12:17:40.283] [ARM-RX] [31] <1.46 -3.17 -0.37> result: 91.65 91.27 -89.12 -1.65 90.39 0.00
[12:17:40.283] [ARM-RX] [32] <1.60 -3.47 -0.40> result: 91.80 91.39 -89.03 -1
[12:17:40.306] [ARM-RX] .80 90.42 0.00
[12:17:40.307] [ARM-RX] [33] <1.75 -3.79 -0.44> result: 91.95 91.51 -88.94 -1.95 90.45 0.00
[12:17:40.307] [ARM-RX] [34] <1.91 -4.14 -0.48> result: 92.11 91.64 -88.84 -2.11 90.48 0.00
[12:17:40.307] [ARM-RX] [35] <2.08 -4.50 -0.52> result: 92.28 91.78 -88.74 -2.28 90.52 0.00
[12:17:40.307] [ARM-RX] [36] <2.25 -4.88 -0.56> result: 9
[12:17:40.329] [ARM-RX] 2.46 91.92 -88.63 -2.46 90.55 0.00
[12:17:40.329] [ARM-RX] [37] <2.44 -5.28 -0.61> result: 92.64 92.07 -88.51 -2.64 90.59 0.00
[12:17:40.329] [ARM-RX] [38] <2.63 -5.71 -0.66> result: 92.83 92.23 -88.39 -2.83 90.62 0.00
[12:17:40.330] [ARM-RX] [39] <2.84 -6.15 -0.71> result: 93.02 92.39 -88.27 -3.02 90.66 0.00
[12:17:40.330] [ARM-RX] [40] <3.05 -6
[12:17:40.353] [ARM-RX] .61 -0.76> result: 93.22 92.56 -88.13 -3.22 90.69 0.00
[12:17:40.353] [ARM-RX] [41] <3.28 -7.10 -0.82> result: 93.43 92.74 -87.99 -3.43 90.73 0.00
[12:17:40.353] [ARM-RX] [42] <3.51 -7.61 -0.88> result: 93.64 92.92 -87.84 -3.64 90.76 0.00
[12:17:40.353] [ARM-RX] [43] <3.76 -8.14 -0.94> result: 93.85 93.11 -87.69 -3.85 90.80
[12:17:40.375] [ARM-RX] 0.00
[12:17:40.375] [ARM-RX] [44] <4.01 -8.69 -1.00> result: 94.08 93.30 -87.53 -4.08 90.83 0.00
[12:17:40.376] [ARM-RX] [45] <4.28 -9.27 -1.07> result: 94.30 93.50 -87.36 -4.30 90.86 0.00
[12:17:40.376] [ARM-RX] [46] <4.56 -9.87 -1.14> result: 94.53 93.71 -87.19 -4.53 90.89 0.00
[12:17:40.376] [ARM-RX] [47] <4.84 -10.50 -1.21> result: 94.76 93.
[12:17:40.399] [ARM-RX] 92 -87.00 -4.77 90.92 0.00
[12:17:40.399] [ARM-RX] [48] <5.14 -11.15 -1.29> result: 95.00 94.14 -86.81 -5.00 90.95 0.00
[12:17:40.399] [ARM-RX] [49] <5.45 -11.82 -1.36> result: 95.24 94.36 -86.61 -5.24 90.97 0.00
[12:17:40.399] [ARM-RX] [50] <5.78 -12.52 -1.44> result: 95.49 94.59 -86.41 -5.49 90.99 0.00
[12:17:40.400] [ARM-RX] [51] <6.11 -13.24
[12:17:40.421] [ARM-RX] -1.53> result: 95.73 94.83 -86.19 -5.73 91.01 0.00
[12:17:40.421] [ARM-RX] [52] <6.46 -13.99 -1.61> result: 95.98 95.07 -85.97 -5.98 91.03 0.00
[12:17:40.421] [ARM-RX] [53] <6.81 -14.76 -1.70> result: 96.23 95.31 -85.74 -6.23 91.05 0.00
[12:17:40.421] [ARM-RX] [54] <7.18 -15.56 -1.80> result: 96.48 95.57 -85.50 -6.48 91.06
[12:17:40.456] [ARM-RX] 0.00
[12:17:40.457] [ARM-RX] [55] <7.56 -16.38 -1.89> result: 96.74 95.82 -85.25 -6.74 91.06 0.00
[12:17:40.457] [ARM-RX] [56] <7.95 -17.23 -1.99> result: 96.99 96.08 -84.99 -6.99 91.07 0.00
[12:17:40.457] [ARM-RX] [57] <8.36 -18.11 -2.09> result: 97.25 96.35 -84.73 -7.25 91.07 0.00
[12:17:40.457] [ARM-RX] [58] <8.77 -19.01 -2.19> result: 97.50 9
[12:17:40.480] [ARM-RX] 6.62 -84.46 -7.50 91.06 0.00
[12:17:40.481] [ARM-RX] [59] <9.20 -19.94 -2.30> result: 97.76 96.89 -84.17 -7.76 91.06 0.00
[12:17:40.481] [ARM-RX] [60] <9.64 -20.90 -2.41> result: 98.01 97.17 -83.88 -8.01 91.04 0.00
[12:17:40.481] [ARM-RX] [61] <10.10 -21.88 -2.52> result: 98.27 97.46 -83.58 -8.27 91.03 0.00
[12:17:40.481] [ARM-RX] [62] <10.56 -22
[12:17:40.504] [ARM-RX] .89 -2.64> result: 98.52 97.75 -83.27 -8.52 91.01 0.00
[12:17:40.506] [ARM-RX] [63] <11.04 -23.92 -2.76> result: 98.77 98.04 -82.95 -8.77 90.98 0.00
[12:17:40.506] [ARM-RX] [64] <11.53 -24.98 -2.88> result: 99.02 98.33 -82.62 -9.02 90.95 0.00
[12:17:40.506] [ARM-RX] [65] <12.03 -26.07 -3.01> result: 99.27 98.63 -82.29 -9.27
[12:17:40.527] [ARM-RX] 90.91 0.00
[12:17:40.527] [ARM-RX] [66] <12.55 -27.19 -3.14> result: 99.52 98.94 -81.94 -9.52 90.87 0.00
[12:17:40.528] [ARM-RX] [67] <13.08 -28.33 -3.27> result: 99.77 99.25 -81.59 -9.77 90.82 0.00
[12:17:40.528] [ARM-RX] [68] <13.62 -29.51 -3.40> result: 100.01 99.56 -81.22 -10.01 90.77 0.00
[12:17:40.528] [ARM-RX] [69] <14.17 -30.70 -3.54> re
[12:17:40.549] [ARM-RX] sult: 100.25 99.87 -80.85 -10.25 90.71 0.00
[12:17:40.549] [ARM-RX] [70] <14.74 -31.93 -3.68> result: 100.49 100.19 -80.46 -10.49 90.64 0.00
[12:17:40.549] [ARM-RX] [71] <15.31 -33.18 -3.83> result: 100.73 100.51 -80.07 -10.73 90.57 0.00
[12:17:40.549] [ARM-RX] [72] <15.90 -34.46 -3.98> result: 100.96 100.84 -79.66 -10.97 9
[12:17:40.572] [ARM-RX] 0.49 0.00
[12:17:40.572] [ARM-RX] [73] <16.51 -35.77 -4.13> result: 101.20 101.17 -79.25 -11.20 90.41 0.00
[12:17:40.572] [ARM-RX] [74] <17.12 -37.10 -4.28> result: 101.42 101.50 -78.83 -11.43 90.32 0.00
[12:17:40.572] [ARM-RX] [75] <17.75 -38.46 -4.44> result: 101.65 101.83 -78.40 -11.65 90.22 0.00
[12:17:40.573] [ARM-RX] [76] <18.39 -39.85 -4.6
[12:17:40.596] [ARM-RX] 0> result: 101.87 102.17 -77.96 -11.87 90.12 0.00
[12:17:40.596] [ARM-RX] [77] <19.04 -41.26 -4.76> result: 102.09 102.51 -77.50 -12.09 90.01 0.00
[12:17:40.596] [ARM-RX] [78] <19.71 -42.70 -4.93> result: 102.31 102.85 -77.04 -12.31 89.90 0.00
[12:17:40.596] [ARM-RX] [79] <20.38 -44.16 -5.10> result: 102.52 103.20 -76.57 -1
[12:17:40.629] [ARM-RX] 2.52 89.78 0.00
[12:17:40.629] [ARM-RX] [80] <21.07 -45.66 -5.27> result: 102.73 103.55 -76.09 -12.73 89.65 0.00
[12:17:40.630] [ARM-RX] [81] <21.77 -47.17 -5.44> result: 102.93 103.90 -75.60 -12.93 89.52 0.00
[12:17:40.630] [ARM-RX] [82] <22.49 -48.72 -5.62> result: 103.14 104.26 -75.10 -13.14 89.38 0.00
[12:17:40.630] [ARM-RX] [83] <23.21 -50.2
[12:17:40.652] [ARM-RX] 9 -5.80> result: 103.33 104.62 -74.60 -13.34 89.23 0.00
[12:17:40.652] [ARM-RX] [84] <23.95 -51.88 -5.99> result: 103.53 104.98 -74.08 -13.53 89.08 0.00
[12:17:40.652] [ARM-RX] [85] <24.69 -53.50 -6.17> result: 103.72 105.34 -73.55 -13.72 88.92 0.00
[12:17:40.653] [ARM-RX] [86] <25.45 -55.15 -6.36> result: 103.91 105.71 -73
[12:17:40.675] [ARM-RX] .01 -13.91 88.76 0.00
[12:17:40.676] [ARM-RX] [87] <26.22 -56.82 -6.56> result: 104.09 106.08 -72.47 -14.10 88.59 0.00
[12:17:40.676] [ARM-RX] [88] <27.01 -58.51 -6.75> result: 104.27 106.45 -71.91 -14.28 88.41 0.00
[12:17:40.676] [ARM-RX] [89] <27.80 -60.23 -6.95> result: 104.45 106.83 -71.35 -14.46 88.23 0.00
[12:17:40.676] [ARM-RX] [90] <28.60
[12:17:40.699] [ARM-RX] -61.97 -7.15> result: 104.63 107.20 -70.77 -14.63 88.04 0.00
[12:17:40.700] [ARM-RX] [91] <29.42 -63.74 -7.35> result: 104.80 107.58 -70.19 -14.81 87.85 0.00
[12:17:40.700] [ARM-RX] [92] <30.24 -65.53 -7.56> result: 104.96 107.97 -69.59 -14.98 87.65 0.00
[12:17:40.700] [ARM-RX] [93] <31.08 -67.34 -7.77> result: 105.13 108.
[12:17:40.722] [ARM-RX] 35 -68.99 -15.14 87.44 0.00
[12:17:40.722] [ARM-RX] [94] <31.93 -69.17 -7.98> result: 105.29 108.74 -68.38 -15.31 87.23 0.00
[12:17:40.723] [ARM-RX] [95] <32.78 -71.03 -8.20> result: 105.44 109.13 -67.76 -15.47 87.01 0.00
[12:17:40.723] [ARM-RX] [96] <33.65 -72.91 -8.41> result: 105.60 109.53 -67.13 -15.62 86.78 0.00
[12:17:40.723] [ARM-RX] [97]
[12:17:40.745] [ARM-RX] <34.53 -74.81 -8.63> result: 105.75 109.92 -66.49 -15.78 86.55 0.00
[12:17:40.746] [ARM-RX] [98] <35.41 -76.73 -8.85> result: 105.90 110.32 -65.85 -15.93 86.32 0.00
[12:17:40.746] [ARM-RX] [99] <36.31 -78.67 -9.08> result: 106.04 110.72 -65.19 -16.08 86.07 0.00
[12:17:40.746] [ARM-RX] [100] <37.22 -80.64 -9.30> result: 106.
[12:17:40.768] [ARM-RX] 18 111.13 -64.53 -16.22 85.83 0.00
[12:17:40.769] [ARM-RX] [101] <38.13 -82.62 -9.53> result: 106.32 111.53 -63.86 -16.37 85.57 0.00
[12:17:40.769] [ARM-RX] [102] <39.06 -84.62 -9.76> result: 106.45 111.94 -63.17 -16.51 85.32 0.00
[12:17:40.769] [ARM-RX] [103] <39.99 -86.64 -10.00> result: 106.58 112.35 -62.48 -16.65 85.05
[12:17:40.791] [ARM-RX] 0.00
[12:17:40.792] [ARM-RX] [104] <40.93 -88.68 -10.23> result: 106.71 112.77 -61.79 -16.78 84.79 0.00
[12:17:40.792] [ARM-RX] [105] <41.88 -90.74 -10.47> result: 106.84 113.19 -61.08 -16.92 84.51 0.00
[12:17:40.792] [ARM-RX] [106] <42.84 -92.82 -10.71> result: 106.96 113.60 -60.36 -17.05 84.23 0.00
[12:17:40.792] [ARM-RX] [107] <43.80 -94.91 -1
[12:17:40.826] [ARM-RX] 0.95> result: 107.08 114.03 -59.64 -17.18 83.95 0.00
[12:17:40.826] [ARM-RX] [108] <44.78 -97.02 -11.19> result: 107.20 114.45 -58.91 -17.31 83.66 0.00
[12:17:40.826] [ARM-RX] [109] <45.76 -99.15 -11.44> result: 107.32 114.88 -58.17 -17.44 83.37 0.00
[12:17:40.827] [ARM-RX] [110] <46.75 -101.29 -11.69> result: 107.43 115.31
[12:17:40.850] [ARM-RX] -57.43 -17.56 83.07 0.00
[12:17:40.850] [ARM-RX] [111] <47.74 -103.44 -11.94> result: 107.54 115.74 -56.67 -17.68 82.76 0.00
[12:17:40.850] [ARM-RX] [112] <48.75 -105.61 -12.19> result: 107.65 116.17 -55.91 -17.80 82.46 0.00
[12:17:40.850] [ARM-RX] [113] <49.75 -107.80 -12.44> result: 107.75 116.61 -55.14 -17.92 82.14 0.00
[12:17:40.872] [ARM-RX] [114] <50.77 -110.00 -12.69> result: 107.85 117.05 -54.36 -18.04 81.83 0.00
[12:17:40.873] [ARM-RX] [115] <51.79 -112.21 -12.95> result: 107.95 117.49 -53.58 -18.16 81.50 0.00
[12:17:40.873] [ARM-RX] [116] <52.82 -114.44 -13.20> result: 108.05 117.93 -52.78 -18.27 81.18 0.00
[12:17:40.873] [ARM-RX] [117] <53.85 -116.67 -1
[12:17:40.895] [ARM-RX] 3.46> result: 108.15 118.38 -51.98 -18.39 80.85 0.00
[12:17:40.895] [ARM-RX] [118] <54.89 -118.92 -13.72> result: 108.24 118.83 -51.18 -18.50 80.51 0.00
[12:17:40.895] [ARM-RX] [119] <55.93 -121.18 -13.98> result: 108.33 119.28 -50.36 -18.61 80.17 0.00
[12:17:40.896] [ARM-RX] [120] <56.98 -123.45 -14.24> result: 108.42 119.
[12:17:40.919] [ARM-RX] 73 -49.54 -18.72 79.83 0.00
[12:17:40.919] [ARM-RX] [121] <58.03 -125.73 -14.51> result: 108.51 120.19 -48.72 -18.83 79.48 0.00
[12:17:40.919] [ARM-RX] [122] <59.08 -128.02 -14.77> result: 108.59 120.64 -47.88 -18.94 79.13 0.00
[12:17:40.919] [ARM-RX] [123] <60.00 -130.00 -15.00> result: 108.66 121.04 -47.16 -19.04 78.83 0.
[12:17:40.941] [ARM-RX] 00
[12:17:40.942] [ARM-RX] [124] <60.00 -130.00 -15.00> result: 108.66 121.04 -47.16 -19.04 78.83 0.00
[12:17:40.942] [ARM-RX] [125] <60.00 -130.00 -15.00> result: 108.66 121.04 -47.16 -19.04 78.83 0.00
[12:17:40.942] [ARM-RX] [126] <60.00 -130.00 -15.00> result: 108.66 121.04 -47.16 -19.04 78.83 0.00
[12:17:40.942] [ARM-RX] [127] <60.00 -130.00
[12:17:40.969] [ARM-RX] -15.00> result: 108.66 121.04 -47.16 -19.04 78.83 0.00
[12:17:40.971] [ARM-RX] [128] <60.00 -130.00 -15.00> result: 108.66 121.04 -47.16 -19.04 78.83 0.00
[12:17:40.971] [ARM-RX] [129] <60.00 -130.00 -15.00> result: 108.66 121.04 -47.16 -19.04 78.83 0.00
[12:17:40.972] [ARM-RX] [130] <60.00 -130.00 -15.00> result: 108.66 12
[12:17:40.999] [ARM-RX] 1.04 -47.16 -19.04 78.83 0.00
[12:17:40.999] [ARM-RX] [131] <60.00 -130.00 -15.00> result: 108.66 121.04 -47.16 -19.04 78.83 0.00
[12:17:40.999] [ARM-RX] [132] <60.00 -130.00 -15.00> result: 108.66 121.04 -47.16 -19.04 78.83 0.00
[12:17:41.000] [ARM-RX] [133] <60.00 -130.00 -15.00> result: 108.66 121.04 -47.16 -19.04 78.83
[12:17:41.024] [ARM-RX] 0.00
[12:17:41.024] [ARM-RX] [134] <60.00 -130.00 -15.00> result: 108.66 121.04 -47.16 -19.04 78.83 0.00
[12:17:41.024] [ARM-RX] [135] <60.00 -130.00 -15.00> result: 108.66 121.04 -47.16 -19.04 78.83 0.00
[12:17:41.024] [ARM-RX] [136] <60.00 -130.00 -15.00> result: 108.66 121.04 -47.16 -19.04 78.83 0.00
[12:17:41.024] [ARM-RX] [137] <60.00 -130.0
[12:17:41.045] [ARM-RX] 0 -15.00> result: 108.66 121.04 -47.16 -19.04 78.83 0.00
[12:17:41.045] [ARM-RX] [138] <60.00 -130.00 -15.00> result: 108.66 121.04 -47.16 -19.04 78.83 0.00
[12:17:41.046] [ARM-RX] [139] <60.00 -130.00 -15.00> result: 108.66 121.04 -47.16 -19.04 78.83 0.00
[12:17:41.046] [ARM-RX] [140] <60.00 -130.00 -15.00> result: 108.66
[12:17:41.068] [ARM-RX] 121.04 -47.16 -19.04 78.83 0.00
[12:17:41.068] [ARM-RX] [141] <60.00 -130.00 -15.00> result: 108.66 121.04 -47.16 -19.04 78.83 0.00
[12:17:41.069] [ARM-RX] [142] <60.00 -130.00 -15.00> result: 108.66 121.04 -47.16 -19.04 78.83 0.00
[12:17:41.069] [ARM-RX] [143] <60.00 -130.00 -15.00> result: 108.66 121.04 -47.16 -19.04 78.8
[12:17:41.091] [ARM-RX] 3 0.00
[12:17:41.091] [ARM-RX] [144] <60.00 -130.00 -15.00> result: 108.66 121.04 -47.16 -19.04 78.83 0.00
[12:17:41.092] [ARM-RX] [145] <60.00 -130.00 -15.00> result: 108.66 121.04 -47.16 -19.04 78.83 0.00
[12:17:41.092] [ARM-RX] [146] <60.00 -130.00 -15.00> result: 108.66 121.04 -47.16 -19.04 78.83 0.00
[12:17:41.092] [ARM-RX] [147] <60.00 -130
[12:17:41.115] [ARM-RX] .00 -15.00> result: 108.66 121.04 -47.16 -19.04 78.83 0.00
[12:17:41.115] [ARM-RX] [148] <60.00 -130.00 -15.00> result: 108.66 121.04 -47.16 -19.04 78.83 0.00
[12:17:41.115] [ARM-RX] [149] <60.00 -130.00 -15.00> result: 108.66 121.04 -47.16 -19.04 78.83 0.00
[12:17:41.116] [ARM-RX] [150] <60.00 -130.00 -15.00> result: 108.6
[12:17:41.138] [ARM-RX] 6 121.04 -47.16 -19.04 78.83 0.00
[12:17:41.139] [ARM-RX] [151] <60.00 -130.00 -15.00> result: 108.66 121.04 -47.16 -19.04 78.83 0.00
[12:17:41.139] [ARM-RX] [152] <60.00 -130.00 -15.00> result: 108.66 121.04 -47.16 -19.04 78.83 0.00
[12:17:41.139] [ARM-RX] [153] <60.00 -130.00 -15.00> result: 108.66 121.04 -47.16 -19.04 78
[12:17:41.161] [ARM-RX] .83 0.00
[12:17:41.162] [ARM-RX] [154] <60.00 -130.00 -15.00> result: 108.66 121.04 -47.16 -19.04 78.83 0.00
[12:17:41.162] [ARM-RX] [155] <60.00 -130.00 -15.00> result: 108.66 121.04 -47.16 -19.04 78.83 0.00
[12:17:41.162] [ARM-RX] [156] <60.00 -130.00 -15.00> result: 108.66 121.04 -47.16 -19.04 78.83 0.00
[12:17:41.162] [ARM-RX] [157] <60.00 -1
[12:17:41.195] [ARM-RX] 30.00 -15.00> result: 108.66 121.04 -47.16 -19.04 78.83 0.00
[12:17:41.196] [ARM-RX] [158] <60.00 -130.00 -15.00> result: 108.66 121.04 -47.16 -19.04 78.83 0.00
[12:17:41.196] [ARM-RX] [159] <60.00 -130.00 -15.00> result: 108.66 121.04 -47.16 -19.04 78.83 0.00
[12:17:41.196] [ARM-RX] [160] <60.00 -130.00 -15.00> result: 108
[12:17:41.219] [ARM-RX] .66 121.04 -47.16 -19.04 78.83 0.00
[12:17:41.220] [ARM-RX] [161] <60.00 -130.00 -15.00> result: 108.66 121.04 -47.16 -19.04 78.83 0.00
[12:17:41.220] [ARM-RX] [162] <60.00 -130.00 -15.00> result: 108.66 121.04 -47.16 -19.04 78.83 0.00
[12:17:41.220] [ARM-RX] [163] <60.00 -130.00 -15.00> result: 108.66 121.04 -47.16 -19.04
[12:17:41.242] [ARM-RX] 78.83 0.00
[12:17:41.243] [ARM-RX] [164] <60.00 -130.00 -15.00> result: 108.66 121.04 -47.16 -19.04 78.83 0.00
[12:17:41.243] [ARM-RX] [165] <60.00 -130.00 -15.00> result: 108.66 121.04 -47.16 -19.04 78.83 0.00
[12:17:41.243] [ARM-RX] [166] <60.00 -130.00 -15.00> result: 108.66 121.04 -47.16 -19.04 78.83 0.00
[12:17:41.243] [ARM-RX] [167] <60.00
[12:17:41.266] [ARM-RX] -130.00 -15.00> result: 108.66 121.04 -47.16 -19.04 78.83 0.00
[12:17:41.266] [ARM-RX] [168] <60.00 -130.00 -15.00> result: 108.66 121.04 -47.16 -19.04 78.83 0.00
[12:17:41.266] [ARM-RX] [169] <60.00 -130.00 -15.00> result: 108.66 121.04 -47.16 -19.04 78.83 0.00
[12:17:41.266] [ARM-RX] [170] <60.00 -130.00 -15.00> result: 1
[12:17:41.288] [ARM-RX] 08.66 121.04 -47.16 -19.04 78.83 0.00
[12:17:41.288] [ARM-RX] [171] <60.00 -130.00 -15.00> result: 108.66 121.04 -47.16 -19.04 78.83 0.00
[12:17:41.288] [ARM-RX] [172] <60.00 -130.00 -15.00> result: 108.66 121.04 -47.16 -19.04 78.83 0.00
[12:17:41.288] [ARM-RX] [173] <60.00 -130.00 -15.00> result: 108.66 121.04 -47.16 -19.0
[12:17:41.311] [ARM-RX] 4 78.83 0.00
[12:17:41.311] [ARM-RX] [174] <60.00 -130.00 -15.00> result: 108.66 121.04 -47.16 -19.04 78.83 0.00
[12:17:41.312] [ARM-RX] [175] <60.00 -130.00 -15.00> result: 108.66 121.04 -47.16 -19.04 78.83 0.00
[12:17:41.312] [ARM-RX] [176] <60.00 -130.00 -15.00> result: 108.66 121.04 -47.16 -19.04 78.83 0.00
[12:17:41.312] [ARM-RX] [177] <60.0
[12:17:41.334] [ARM-RX] 0 -130.00 -15.00> result: 108.66 121.04 -47.16 -19.04 78.83 0.00
[12:17:41.335] [ARM-RX] [178] <60.00 -130.00 -15.00> result: 108.66 121.04 -47.16 -19.04 78.83 0.00
[12:17:41.335] [ARM-RX] [179] <60.00 -130.00 -15.00> result: 108.66 121.04 -47.16 -19.04 78.83 0.00
[12:17:41.335] [ARM-RX] [180] <60.00 -130.00 -15.00> result:
[12:17:41.369] [ARM-RX] 108.66 121.04 -47.16 -19.04 78.83 0.00
[12:17:41.370] [ARM-RX] [181] <60.00 -130.00 -15.00> result: 108.66 121.04 -47.16 -19.04 78.83 0.00
[12:17:41.370] [ARM-RX] [182] <60.00 -130.00 -15.00> result: 108.66 121.04 -47.16 -19.04 78.83 0.00
[12:17:41.370] [ARM-RX] [183] <60.00 -130.00 -15.00> result: 108.66 121.04 -47.16 -19
[12:17:41.392] [ARM-RX] .04 78.83 0.00
[12:17:41.392] [ARM-RX] [184] <60.00 -130.00 -15.00> result: 108.66 121.04 -47.16 -19.04 78.83 0.00
[12:17:41.392] [ARM-RX] [185] <60.00 -130.00 -15.00> result: 108.66 121.04 -47.16 -19.04 78.83 0.00
[12:17:41.392] [ARM-RX] [186] <60.00 -130.00 -15.00> result: 108.66 121.04 -47.16 -19.04 78.83 0.00
[12:17:41.394] [ARM-RX] [187] <60
[12:17:41.418] [ARM-RX] .00 -130.00 -15.00> result: 108.66 121.04 -47.16 -19.04 78.83 0.00
[12:17:41.418] [ARM-RX] [188] <60.00 -130.00 -15.00> result: 108.66 121.04 -47.16 -19.04 78.83 0.00
[12:17:41.418] [ARM-RX] [189] <60.00 -130.00 -15.00> result: 108.66 121.04 -47.16 -19.04 78.83 0.00
[12:17:41.418] [ARM-RX] [190] <60.00 -130.00 -15.00> resul
[12:17:41.438] [ARM-RX] t: 108.66 121.04 -47.16 -19.04 78.83 0.00
[12:17:41.438] [ARM-RX] [191] <60.00 -130.00 -15.00> result: 108.66 121.04 -47.16 -19.04 78.83 0.00
[12:17:41.440] [ARM-RX] [192] <60.00 -130.00 -15.00> result: 108.66 121.04 -47.16 -19.04 78.83 0.00
[12:17:41.440] [ARM-RX] [193] <60.00 -130.00 -15.00> result: 108.66 121.04 -47.16 -
[12:17:41.461] [ARM-RX] 19.04 78.83 0.00
[12:17:41.461] [ARM-RX] [194] <60.00 -130.00 -15.00> result: 108.66 121.04 -47.16 -19.04 78.83 0.00
[12:17:41.463] [ARM-RX] [195] <60.00 -130.00 -15.00> result: 108.66 121.04 -47.16 -19.04 78.83 0.00
[12:17:41.463] [ARM-RX] [196] <60.00 -130.00 -15.00> result: 108.66 121.04 -47.16 -19.04 78.83 0.00
[12:17:41.463] [ARM-RX] [197] <
[12:17:41.484] [ARM-RX] 60.00 -130.00 -15.00> result: 108.66 121.04 -47.16 -19.04 78.83 0.00
[12:17:41.484] [ARM-RX] [198] <60.00 -130.00 -15.00> result: 108.66 121.04 -47.16 -19.04 78.83 0.00
[12:17:41.485] [ARM-RX] [199] <60.00 -130.00 -15.00> result: 108.66 121.04 -47.16 -19.04 78.83 0.00
[12:17:41.485] [ARM-RX] [200] <60.00 -130.00 -15.00> res
[12:17:41.508] [ARM-RX] ult: 108.66 121.04 -47.16 -19.04 78.83 0.00
[12:17:41.508] [ARM-RX] [201] <60.00 -130.00 -15.00> result: 108.66 121.04 -47.16 -19.04 78.83 0.00
[12:17:41.509] [ARM-RX] [202] <60.00 -130.00 -15.00> result: 108.66 121.04 -47.16 -19.04 78.83 0.00
[12:17:41.509] [ARM-RX] [203] <60.00 -130.00 -15.00> result: 108.66 121.04 -47.16
[12:17:41.535] [ARM-RX] -19.04 78.83 0.00
[12:17:41.535] [ARM-RX] [204] <60.00 -130.00 -15.00> result: 108.66 121.04 -47.16 -19.04 78.83 0.00
[12:17:41.535] [ARM-RX] [205] <60.00 -130.00 -15.00> result: 108.66 121.04 -47.16 -19.04 78.83 0.00
[12:17:41.535] [ARM-RX] [206] <60.00 -130.00 -15.00> result: 108.66 121.04 -47.16 -19.04 78.83 0.00
[12:17:41.535] [ARM-RX] [207]
[12:17:41.565] [ARM-RX] <60.00 -130.00 -15.00> result: 108.66 121.04 -47.16 -19.04 78.83 0.00
[12:17:41.566] [ARM-RX] [208] <60.00 -130.00 -15.00> result: 108.66 121.04 -47.16 -19.04 78.83 0.00
[12:17:41.566] [ARM-RX] [209] <60.00 -130.00 -15.00> result: 108.66 121.04 -47.16 -19.04 78.83 0.00
[12:17:41.566] [ARM-RX] [210] <60.00 -130.00 -15.00> r
[12:17:41.588] [ARM-RX] esult: 108.66 121.04 -47.16 -19.04 78.83 0.00
[12:17:41.588] [ARM-RX] [211] <60.00 -130.00 -15.00> result: 108.66 121.04 -47.16 -19.04 78.83 0.00
[12:17:41.588] [ARM-RX] [212] <60.00 -130.00 -15.00> result: 108.66 121.04 -47.16 -19.04 78.83 0.00
[12:17:41.589] [ARM-RX] [213] <60.00 -130.00 -15.00> result: 108.66 121.04 -47.
[12:17:41.612] [ARM-RX] 16 -19.04 78.83 0.00
[12:17:41.612] [ARM-RX] [214] <60.00 -130.00 -15.00> result: 108.66 121.04 -47.16 -19.04 78.83 0.00
[12:17:41.612] [ARM-RX] [215] <60.00 -130.00 -15.00> result: 108.66 121.04 -47.16 -19.04 78.83 0.00
[12:17:41.612] [ARM-RX] [216] <60.00 -130.00 -15.00> result: 108.66 121.04 -47.16 -19.04 78.83 0.00
[12:17:41.612] [ARM-RX] [21
[12:17:41.635] [ARM-RX] 7] <60.00 -130.00 -15.00> result: 108.66 121.04 -47.16 -19.04 78.83 0.00
[12:17:41.636] [ARM-RX] [218] <60.00 -130.00 -15.00> result: 108.66 121.04 -47.16 -19.04 78.83 0.00
[12:17:41.636] [ARM-RX] [219] <60.00 -130.00 -15.00> result: 108.66 121.04 -47.16 -19.04 78.83 0.00
[12:17:41.636] [ARM-RX] [220] <60.00 -130.00 -15.00>
[12:17:41.658] [ARM-RX] result: 108.66 121.04 -47.16 -19.04 78.83 0.00
[12:17:41.658] [ARM-RX] [221] <60.00 -130.00 -15.00> result: 108.66 121.04 -47.16 -19.04 78.83 0.00
[12:17:41.658] [ARM-RX] [222] <60.00 -130.00 -15.00> result: 108.66 121.04 -47.16 -19.04 78.83 0.00
[12:17:41.659] [ARM-RX] [223] <60.00 -130.00 -15.00> result: 108.66 121.04 -4
[12:17:41.681] [ARM-RX] 7.16 -19.04 78.83 0.00
[12:17:41.681] [ARM-RX] [224] <60.00 -130.00 -15.00> result: 108.66 121.04 -47.16 -19.04 78.83 0.00
[12:17:41.682] [ARM-RX] [225] <60.00 -130.00 -15.00> result: 108.66 121.04 -47.16 -19.04 78.83 0.00
[12:17:41.682] [ARM-RX] [226] <60.00 -130.00 -15.00> result: 108.66 121.04 -47.16 -19.04 78.83 0.00
[12:17:41.682] [ARM-RX] [
[12:17:41.705] [ARM-RX] 227] <60.00 -130.00 -15.00> result: 108.66 121.04 -47.16 -19.04 78.83 0.00
[12:17:41.705] [ARM-RX] [228] <60.00 -130.00 -15.00> result: 108.66 121.04 -47.16 -19.04 78.83 0.00
[12:17:41.705] [ARM-RX] [229] <60.00 -130.00 -15.00> result: 108.66 121.04 -47.16 -19.04 78.83 0.00
[12:17:41.705] [ARM-RX] [230] <60.00 -130.00 -15.0
[12:17:41.739] [ARM-RX] 0> result: 108.66 121.04 -47.16 -19.04 78.83 0.00
[12:17:41.740] [ARM-RX] [231] <60.00 -130.00 -15.00> result: 108.66 121.04 -47.16 -19.04 78.83 0.00
[12:17:41.740] [ARM-RX] [232] <60.00 -130.00 -15.00> result: 108.66 121.04 -47.16 -19.04 78.83 0.00
[12:17:41.740] [ARM-RX] [233] <60.00 -130.00 -15.00> result: 108.66 121.04
[12:17:41.762] [ARM-RX] -47.16 -19.04 78.83 0.00
[12:17:41.762] [ARM-RX] [234] <60.00 -130.00 -15.00> result: 108.66 121.04 -47.16 -19.04 78.83 0.00
[12:17:41.762] [ARM-RX] [235] <60.00 -130.00 -15.00> result: 108.66 121.04 -47.16 -19.04 78.83 0.00
[12:17:41.762] [ARM-RX] [236] <60.00 -130.00 -15.00> result: 108.66 121.04 -47.16 -19.04 78.83 0.00
[12:17:41.785] [ARM-RX] [237] <60.00 -130.00 -15.00> result: 108.66 121.04 -47.16 -19.04 78.83 0.00
[12:17:41.785] [ARM-RX] [238] <60.00 -130.00 -15.00> result: 108.66 121.04 -47.16 -19.04 78.83 0.00
[12:17:41.785] [ARM-RX] [239] <60.00 -130.00 -15.00> result: 108.66 121.04 -47.16 -19.04 78.83 0.00
[12:17:41.786] [ARM-RX] [240] <60.00 -130.00 -15
[12:17:41.809] [ARM-RX] .00> result: 108.66 121.04 -47.16 -19.04 78.83 0.00
[12:17:41.809] [ARM-RX] [241] <60.00 -130.00 -15.00> result: 108.66 121.04 -47.16 -19.04 78.83 0.00
[12:17:41.809] [ARM-RX] [242] <60.00 -130.00 -15.00> result: 108.66 121.04 -47.16 -19.04 78.83 0.00
[12:17:41.809] [ARM-RX] [243] <60.00 -130.00 -15.00> result: 108.66 121.0
[12:17:41.831] [ARM-RX] 4 -47.16 -19.04 78.83 0.00
[12:17:41.831] [ARM-RX] [244] <60.00 -130.00 -15.00> result: 108.66 121.04 -47.16 -19.04 78.83 0.00
[12:17:41.831] [ARM-RX] [245] <60.00 -130.00 -15.00> result: 108.66 121.04 -47.16 -19.04 78.83 0.00
[12:17:41.832] [ARM-RX] [246] <60.00 -130.00 -15.00> result: 108.66 121.04 -47.16 -19.04 78.83 0.0
[12:17:41.855] [ARM-RX] 0
[12:17:41.856] [ARM-RX] [247] <60.00 -130.00 -15.00> result: 108.66 121.04 -47.16 -19.04 78.83 0.00
[12:17:41.856] [ARM-RX] [248] <60.00 -130.00 -15.00> result: 108.66 121.04 -47.16 -19.04 78.83 0.00
[12:17:41.856] [ARM-RX] [249] <60.00 -130.00 -15.00> result: 108.66 121.04 -47.16 -19.04 78.83 0.00
[12:17:41.856] [ARM-RX] [250] <60.00 -130.00 -
[12:17:41.877] [ARM-RX] 15.00> result: 108.66 121.04 -47.16 -19.04 78.83 0.00
[12:17:41.877] [ARM-RX] [251] <60.00 -130.00 -15.00> result: 108.66 121.04 -47.16 -19.04 78.83 0.00
[12:17:41.877] [ARM-RX] [252] <60.00 -130.00 -15.00> result: 108.66 121.04 -47.16 -19.04 78.83 0.00
[12:17:41.878] [ARM-RX] [253] <60.00 -130.00 -15.00> result: 108.66 121
[12:17:41.901] [ARM-RX] .04 -47.16 -19.04 78.83 0.00
[12:17:41.901] [ARM-RX] [254] <60.00 -130.00 -15.00> result: 108.66 121.04 -47.16 -19.04 78.83 0.00
[12:17:41.901] [ARM-RX] [255] <60.00 -130.00 -15.00> result: 108.66 121.04 -47.16 -19.04 78.83 0.00
[12:17:41.901] [ARM-RX] [256] <60.00 -130.00 -15.00> result: 108.66 121.04 -47.16 -19.04 78.83 0
[12:17:41.936] [ARM-RX] .00
[12:17:41.936] [ARM-RX] [257] <60.00 -130.00 -15.00> result: 108.66 121.04 -47.16 -19.04 78.83 0.00
[12:17:41.936] [ARM-RX] [258] <60.00 -130.00 -15.00> result: 108.66 121.04 -47.16 -19.04 78.83 0.00
[12:17:41.936] [ARM-RX] [259] <60.00 -130.00 -15.00> result: 108.66 121.04 -47.16 -19.04 78.83 0.00
[12:17:41.936] [ARM-RX] [260] <60.00 -130.00
[12:17:41.959] [ARM-RX] -15.00> result: 108.66 121.04 -47.16 -19.04 78.83 0.00
[12:17:41.959] [ARM-RX] [261] <60.00 -130.00 -15.00> result: 108.66 121.04 -47.16 -19.04 78.83 0.00
[12:17:41.960] [ARM-RX] [262] <60.00 -130.00 -15.00> result: 108.66 121.04 -47.16 -19.04 78.83 0.00
[12:17:41.960] [ARM-RX] [263] <60.00 -130.00 -15.00> result: 108.66 1
[12:17:41.981] [ARM-RX] 21.04 -47.16 -19.04 78.83 0.00
[12:17:41.981] [ARM-RX] [264] <60.00 -130.00 -15.00> result: 108.66 121.04 -47.16 -19.04 78.83 0.00
[12:17:41.981] [ARM-RX] [265] <60.00 -130.00 -15.00> result: 108.66 121.04 -47.16 -19.04 78.83 0.00
[12:17:41.982] [ARM-RX] [266] <60.00 -130.00 -15.00> result: 108.66 121.04 -47.16 -19.04 78.83
[12:17:42.005] [ARM-RX] 0.00
[12:17:42.005] [ARM-RX] [267] <60.00 -130.00 -15.00> result: 108.66 121.04 -47.16 -19.04 78.83 0.00
[12:17:42.005] [ARM-RX] [268] <60.00 -130.00 -15.00> result: 108.66 121.04 -47.16 -19.04 78.83 0.00
[12:17:42.005] [ARM-RX] [269] <60.00 -130.00 -15.00> result: 108.66 121.04 -47.16 -19.04 78.83 0.00
[12:17:42.005] [ARM-RX] [270] <60.00 -130.
[12:17:42.028] [ARM-RX] 00 -15.00> result: 108.66 121.04 -47.16 -19.04 78.83 0.00
[12:17:42.028] [ARM-RX] [271] <60.00 -130.00 -15.00> result: 108.66 121.04 -47.16 -19.04 78.83 0.00
[12:17:42.028] [ARM-RX] [272] <60.00 -130.00 -15.00> result: 108.66 121.04 -47.16 -19.04 78.83 0.00
[12:17:42.028] [ARM-RX] [273] <60.00 -130.00 -15.00> result: 108.66
[12:17:42.090] [ARM-RX] 121.04 -47.16 -19.04 78.83 0.00
[12:17:44.961] [ARM-RX] [joint 1] ave_error:1.28
[12:17:44.961] [ARM-RX] [joint 2] ave_error:7.45
[12:17:44.961] [ARM-RX] [joint 3] ave_error:8.40
[12:17:44.961] [ARM-RX] [joint 4] ave_error:1.10
[12:17:44.961] [ARM-RX] [joint 5] ave_error:1.09
[12:17:44.962] [ARM-RX] robot pid run finished!!
[12:17:45.737] [ARM-RX] AUTO final confirm failed: joint 2 err=13.42deg tol=3.00, pose invalid.
[12:17:45.737] [ARM-RX] J1 cur=108.24 target=108.66 err=0.42
[12:17:45.737] [ARM-RX] J2 cur=132.74 target=121.04 err=-11.70
[12:17:45.737] [ARM-RX] J3 cur=-33.74 target=-47.16 err=-13.42
[12:17:45.739] [ARM-RX] J4 cur=-19.19 target=-19.04 err=0.15
[12:17:45.739] [ARM-RX] J5 cur=78.58 targ
[12:17:45.802] [ARM-RX] et=78.83 err=0.24
[12:17:46.199] [ARM-TX] 发送命令 soft_reset: soft_reset
[12:17:46.239] [ARM-RX] Found handler for 'soft_reset', executing...
[12:17:46.239] [ARM-RX] ROBOT_SOFT_RESET_EVENT
[12:17:46.239] [ARM-RX] --- Starting soft reset ---
[12:17:46.424] [ARM-RX] Soft reset motors enabled (J1~J5, J6 skipped).
[12:17:46.432] [ARM-RX] Soft resetting joint 4...
[12:17:46.486] [ARM-RX] robot_update_current_angle 4...
[12:17:46.486] [ARM-RX] [4] current:78.58, target:90.00, dir:1
[12:17:47.610] [ARM-RX] Soft resetting joint 3...
[12:17:47.610] [ARM-RX] robot_update_current_angle 3...
[12:17:47.610] [ARM-RX] [3] current:-19.19, target:0.00, dir:1
[12:17:49.227] [ARM-RX] soft reset joint 3 settle timeout, keep going
[12:17:49.227] [ARM-RX] Soft resetting joint 1...
[12:17:49.228] [ARM-RX] robot_update_current_angle 1...
[12:17:49.228] [ARM-RX] [1] current:132.73, target:90.00, dir:-1
[12:17:51.471] [ARM-RX] soft reset joint 1 settle timeout, keep going
[12:17:51.471] [ARM-RX] Soft resetting joint 2...
[12:17:51.472] [ARM-RX] robot_update_current_angle 2...
[12:17:51.472] [ARM-RX] [2] current:-33.75, target:-90.00, dir:-1
[12:17:54.080] [ARM-RX] soft reset joint 2 settle timeout, keep going
[12:17:54.080] [ARM-RX] Soft resetting joint 0...
[12:17:54.080] [ARM-RX] robot_update_current_angle 0...
[12:17:54.080] [ARM-RX] [0] current:108.24, target:90.00, dir:-1
[12:17:55.701] [ARM-RX] soft reset joint 0 settle timeout, keep going
[12:17:55.763] [ARM-RX] soft reset verify not pass, start refine loop...
[12:17:55.888] [ARM-RX] soft reset refine joint 0 round 1: cur=91.45 target=90.00 err=1.45 dir=-1
[12:17:56.323] [ARM-RX] soft reset refine pass 1 success.
[12:17:56.323] [ARM-RX] soft reset final verify PASS (issues:4), pose set HOME.
[12:18:42.789] [ARM-TX] 发送命令 auto 45 -130 -15: auto 45 -130 -15
[12:18:42.857] [ARM-RX] Found handler for 'auto', executing...
[12:18:42.857] [ARM-RX] ROBOT_AUTO_EVENT
[12:18:42.857] [ARM-RX] [0] <0.00 0.00 0.00> result: 90.00 90.00 -90.00 0.00 90.00 0.00
[12:18:42.858] [ARM-RX] [1] <0.00 -0.00 -0.00> result: 90.00 90.00 -90.00 -0.00 90.00 0.00
[12:18:42.858] [ARM-RX] [2] <0.00 -0.00 -0.00> result: 90.00 90.00 -90.00 -0.00 90.00 0.00
[12:18:42.880] [ARM-RX] [3] <0.00 -0.00 -0.00> result: 90.00 90.00 -90.00 -0.00 90.00 0.00
[12:18:42.880] [ARM-RX] [4] <0.00 -0.01 -0.00> result: 90.00 90.00 -90.00 -0.00 90.00 0.00
[12:18:42.880] [ARM-RX] [5] <0.01 -0.02 -0.00> result: 90.01 90.01 -89.99 -0.01 90.00 0.00
[12:18:42.881] [ARM-RX] [6] <0.01 -0.03 -0.00> result: 90.01 90.01 -89.99 -
[12:18:42.904] [ARM-RX] 0.01 90.00 0.00
[12:18:42.905] [ARM-RX] [7] <0.02 -0.05 -0.01> result: 90.02 90.02 -89.99 -0.02 90.01 0.00
[12:18:42.905] [ARM-RX] [8] <0.02 -0.07 -0.01> result: 90.03 90.03 -89.98 -0.03 90.01 0.00
[12:18:42.905] [ARM-RX] [9] <0.03 -0.09 -0.01> result: 90.04 90.04 -89.97 -0.04 90.01 0.00
[12:18:42.905] [ARM-RX] [10] <0.04 -0.13 -0.01> result: 90.
[12:18:42.925] [ARM-RX] 05 90.05 -89.96 -0.05 90.02 0.00
[12:18:42.926] [ARM-RX] [11] <0.06 -0.17 -0.02> result: 90.07 90.07 -89.95 -0.07 90.02 0.00
[12:18:42.926] [ARM-RX] [12] <0.07 -0.21 -0.02> result: 90.09 90.09 -89.94 -0.09 90.03 0.00
[12:18:42.926] [ARM-RX] [13] <0.09 -0.27 -0.03> result: 90.11 90.11 -89.93 -0.11 90.04 0.00
[12:18:42.926] [ARM-RX] [14] <0.12 -0.3
[12:18:42.948] [ARM-RX] 3 -0.04> result: 90.14 90.14 -89.91 -0.14 90.05 0.00
[12:18:42.949] [ARM-RX] [15] <0.14 -0.41 -0.05> result: 90.17 90.17 -89.89 -0.17 90.06 0.00
[12:18:42.949] [ARM-RX] [16] <0.17 -0.49 -0.06> result: 90.20 90.20 -89.86 -0.20 90.07 0.00
[12:18:42.949] [ARM-RX] [17] <0.20 -0.59 -0.07> result: 90.24 90.24 -89.84 -0.24 90.08 0
[12:18:42.972] [ARM-RX] .00
[12:18:42.973] [ARM-RX] [18] <0.24 -0.69 -0.08> result: 90.28 90.28 -89.81 -0.28 90.09 0.00
[12:18:42.973] [ARM-RX] [19] <0.28 -0.81 -0.09> result: 90.33 90.33 -89.78 -0.33 90.11 0.00
[12:18:42.973] [ARM-RX] [20] <0.33 -0.94 -0.11> result: 90.38 90.39 -89.74 -0.38 90.13 0.00
[12:18:42.973] [ARM-RX] [21] <0.37 -1.08 -0.12> result: 90.44 90.44
[12:18:42.994] [ARM-RX] -89.70 -0.44 90.14 0.00
[12:18:42.994] [ARM-RX] [22] <0.43 -1.24 -0.14> result: 90.50 90.51 -89.66 -0.50 90.16 0.00
[12:18:42.994] [ARM-RX] [23] <0.49 -1.41 -0.16> result: 90.57 90.58 -89.61 -0.57 90.18 0.00
[12:18:42.994] [ARM-RX] [24] <0.55 -1.60 -0.18> result: 90.64 90.65 -89.56 -0.64 90.21 0.00
[12:18:42.995] [ARM-RX] [25] <0.62 -1.80 -0.21>
[12:18:43.029] [ARM-RX] result: 90.72 90.73 -89.50 -0.72 90.23 0.00
[12:18:43.029] [ARM-RX] [26] <0.70 -2.01 -0.23> result: 90.80 90.82 -89.44 -0.80 90.26 0.00
[12:18:43.029] [ARM-RX] [27] <0.78 -2.25 -0.26> result: 90.89 90.91 -89.38 -0.89 90.28 0.00
[12:18:43.029] [ARM-RX] [28] <0.86 -2.50 -0.29> result: 90.99 91.01 -89.31 -0.99 90.31 0.00
[12:18:43.030] [ARM-RX] [29]
[12:18:43.053] [ARM-RX] <0.96 -2.77 -0.32> result: 91.09 91.11 -89.23 -1.09 90.34 0.00
[12:18:43.054] [ARM-RX] [30] <1.06 -3.05 -0.35> result: 91.19 91.22 -89.15 -1.19 90.37 0.00
[12:18:43.054] [ARM-RX] [31] <1.16 -3.36 -0.39> result: 91.31 91.34 -89.07 -1.31 90.41 0.00
[12:18:43.054] [ARM-RX] [32] <1.27 -3.68 -0.42> result: 91.42 91.46 -88.98 -1
[12:18:43.075] [ARM-RX] .42 90.44 0.00
[12:18:43.076] [ARM-RX] [33] <1.39 -4.02 -0.46> result: 91.54 91.59 -88.88 -1.54 90.47 0.00
[12:18:43.076] [ARM-RX] [34] <1.52 -4.38 -0.51> result: 91.67 91.73 -88.78 -1.67 90.51 0.00
[12:18:43.076] [ARM-RX] [35] <1.65 -4.77 -0.55> result: 91.80 91.88 -88.67 -1.80 90.54 0.00
[12:18:43.076] [ARM-RX] [36] <1.79 -5.17 -0.60> result: 9
[12:18:43.102] [ARM-RX] 1.94 92.03 -88.55 -1.94 90.58 0.00
[12:18:43.102] [ARM-RX] [37] <1.94 -5.60 -0.65> result: 92.08 92.18 -88.43 -2.08 90.61 0.00
[12:18:43.102] [ARM-RX] [38] <2.09 -6.04 -0.70> result: 92.23 92.35 -88.31 -2.23 90.65 0.00
[12:18:43.104] [ARM-RX] [39] <2.25 -6.51 -0.75> result: 92.38 92.52 -88.17 -2.38 90.69 0.00
[12:18:43.104] [ARM-RX] [40] <2.42 -7
[12:18:43.121] [ARM-RX] .01 -0.81> result: 92.54 92.69 -88.03 -2.54 90.72 0.00
[12:18:43.121] [ARM-RX] [41] <2.60 -7.52 -0.87> result: 92.70 92.88 -87.88 -2.70 90.76 0.00
[12:18:43.121] [ARM-RX] [42] <2.79 -8.06 -0.93> result: 92.87 93.07 -87.73 -2.87 90.79 0.00
[12:18:43.121] [ARM-RX] [43] <2.98 -8.62 -0.99> result: 93.04 93.26 -87.57 -3.04 90.83
[12:18:43.145] [ARM-RX] 0.00
[12:18:43.146] [ARM-RX] [44] <3.19 -9.21 -1.06> result: 93.21 93.46 -87.40 -3.21 90.86 0.00
[12:18:43.146] [ARM-RX] [45] <3.40 -9.82 -1.13> result: 93.39 93.67 -87.22 -3.39 90.89 0.00
[12:18:43.146] [ARM-RX] [46] <3.62 -10.45 -1.21> result: 93.56 93.89 -87.04 -3.56 90.92 0.00
[12:18:43.146] [ARM-RX] [47] <3.85 -11.11 -1.28> result: 93.75 94
[12:18:43.168] [ARM-RX] .11 -86.85 -3.75 90.95 0.00
[12:18:43.169] [ARM-RX] [48] <4.08 -11.80 -1.36> result: 93.93 94.33 -86.65 -3.93 90.98 0.00
[12:18:43.169] [ARM-RX] [49] <4.33 -12.51 -1.44> result: 94.12 94.56 -86.44 -4.12 91.00 0.00
[12:18:43.169] [ARM-RX] [50] <4.58 -13.24 -1.53> result: 94.31 94.80 -86.23 -4.31 91.03 0.00
[12:18:43.169] [ARM-RX] [51] <4.85 -14.01
[12:18:43.191] [ARM-RX] -1.62> result: 94.50 95.04 -86.01 -4.50 91.05 0.00
[12:18:43.191] [ARM-RX] [52] <5.12 -14.80 -1.71> result: 94.69 95.29 -85.77 -4.69 91.06 0.00
[12:18:43.191] [ARM-RX] [53] <5.40 -15.61 -1.80> result: 94.88 95.55 -85.53 -4.89 91.08 0.00
[12:18:43.191] [ARM-RX] [54] <5.70 -16.46 -1.90> result: 95.08 95.80 -85.29 -5.08 91.09
[12:18:43.226] [ARM-RX] 0.00
[12:18:43.226] [ARM-RX] [55] <6.00 -17.32 -2.00> result: 95.27 96.07 -85.03 -5.28 91.09 0.00
[12:18:43.227] [ARM-RX] [56] <6.31 -18.22 -2.10> result: 95.47 96.34 -84.76 -5.47 91.10 0.00
[12:18:43.227] [ARM-RX] [57] <6.63 -19.15 -2.21> result: 95.67 96.61 -84.49 -5.67 91.09 0.00
[12:18:43.227] [ARM-RX] [58] <6.96 -20.10 -2.32> result: 95.86
[12:18:43.249] [ARM-RX] 96.89 -84.21 -5.87 91.09 0.00
[12:18:43.250] [ARM-RX] [59] <7.30 -21.08 -2.43> result: 96.06 97.17 -83.91 -6.06 91.08 0.00
[12:18:43.250] [ARM-RX] [60] <7.64 -22.08 -2.55> result: 96.26 97.46 -83.61 -6.26 91.06 0.00
[12:18:43.250] [ARM-RX] [61] <8.00 -23.12 -2.67> result: 96.45 97.75 -83.30 -6.45 91.04 0.00
[12:18:43.250] [ARM-RX] [62] <8.37 -24.
[12:18:43.272] [ARM-RX] 18 -2.79> result: 96.65 98.04 -82.98 -6.65 91.02 0.00
[12:18:43.272] [ARM-RX] [63] <8.75 -25.27 -2.92> result: 96.84 98.34 -82.66 -6.84 90.99 0.00
[12:18:43.272] [ARM-RX] [64] <9.14 -26.39 -3.05> result: 97.04 98.64 -82.32 -7.04 90.95 0.00
[12:18:43.273] [ARM-RX] [65] <9.53 -27.54 -3.18> result: 97.23 98.95 -81.97 -7.23 90.
[12:18:43.295] [ARM-RX] 91 0.00
[12:18:43.296] [ARM-RX] [66] <9.94 -28.71 -3.31> result: 97.42 99.26 -81.62 -7.42 90.87 0.00
[12:18:43.297] [ARM-RX] [67] <10.36 -29.92 -3.45> result: 97.61 99.57 -81.25 -7.61 90.82 0.00
[12:18:43.297] [ARM-RX] [68] <10.78 -31.15 -3.59> result: 97.79 99.89 -80.87 -7.79 90.76 0.00
[12:18:43.297] [ARM-RX] [69] <11.22 -32.41 -3.74> result: 9
[12:18:43.318] [ARM-RX] 7.98 100.21 -80.49 -7.98 90.70 0.00
[12:18:43.318] [ARM-RX] [70] <11.66 -33.70 -3.89> result: 98.16 100.54 -80.10 -8.16 90.63 0.00
[12:18:43.318] [ARM-RX] [71] <12.12 -35.01 -4.04> result: 98.34 100.86 -79.69 -8.34 90.55 0.00
[12:18:43.318] [ARM-RX] [72] <12.59 -36.36 -4.20> result: 98.52 101.20 -79.28 -8.52 90.47 0.00
[12:18:43.318] [ARM-RX] [73
[12:18:43.341] [ARM-RX] ] <13.06 -37.73 -4.35> result: 98.70 101.53 -78.86 -8.70 90.38 0.00
[12:18:43.341] [ARM-RX] [74] <13.55 -39.13 -4.52> result: 98.87 101.87 -78.43 -8.87 90.29 0.00
[12:18:43.342] [ARM-RX] [75] <14.04 -40.56 -4.68> result: 99.05 102.21 -77.99 -9.05 90.19 0.00
[12:18:43.342] [ARM-RX] [76] <14.54 -42.01 -4.85> result: 99.21 102
[12:18:43.364] [ARM-RX] .55 -77.53 -9.21 90.08 0.00
[12:18:43.364] [ARM-RX] [77] <15.06 -43.50 -5.02> result: 99.38 102.90 -77.07 -9.38 89.97 0.00
[12:18:43.364] [ARM-RX] [78] <15.58 -45.01 -5.19> result: 99.55 103.24 -76.60 -9.55 89.85 0.00
[12:18:43.365] [ARM-RX] [79] <16.11 -46.54 -5.37> result: 99.71 103.60 -76.13 -9.71 89.73 0.00
[12:18:43.365] [ARM-RX] [80] <16.65
[12:18:43.399] [ARM-RX] -48.11 -5.55> result: 99.87 103.95 -75.64 -9.87 89.59 0.00
[12:18:43.399] [ARM-RX] [81] <17.20 -49.70 -5.73> result: 100.02 104.31 -75.14 -10.02 89.45 0.00
[12:18:43.400] [ARM-RX] [82] <17.76 -51.32 -5.92> result: 100.18 104.67 -74.63 -10.18 89.31 0.00
[12:18:43.400] [ARM-RX] [83] <18.33 -52.96 -6.11> result: 100.33 105.03
[12:18:43.422] [ARM-RX] -74.11 -10.33 89.16 0.00
[12:18:43.422] [ARM-RX] [84] <18.91 -54.63 -6.30> result: 100.48 105.40 -73.59 -10.48 89.00 0.00
[12:18:43.422] [ARM-RX] [85] <19.50 -56.32 -6.50> result: 100.62 105.76 -73.05 -10.62 88.84 0.00
[12:18:43.422] [ARM-RX] [86] <20.09 -58.05 -6.70> result: 100.77 106.13 -72.51 -10.77 88.67 0.00
[12:18:43.423] [ARM-RX] [87] <2
[12:18:43.445] [ARM-RX] 0.70 -59.79 -6.90> result: 100.91 106.51 -71.95 -10.91 88.49 0.00
[12:18:43.445] [ARM-RX] [88] <21.31 -61.56 -7.10> result: 101.04 106.88 -71.39 -11.05 88.31 0.00
[12:18:43.445] [ARM-RX] [89] <21.93 -63.36 -7.31> result: 101.18 107.26 -70.82 -11.18 88.12 0.00
[12:18:43.445] [ARM-RX] [90] <22.56 -65.18 -7.52> result: 101.31
[12:18:43.468] [ARM-RX] 107.64 -70.24 -11.32 87.92 0.00
[12:18:43.468] [ARM-RX] [91] <23.20 -67.02 -7.73> result: 101.44 108.03 -69.65 -11.45 87.72 0.00
[12:18:43.469] [ARM-RX] [92] <23.85 -68.89 -7.95> result: 101.57 108.41 -69.05 -11.58 87.51 0.00
[12:18:43.469] [ARM-RX] [93] <24.50 -70.78 -8.17> result: 101.69 108.80 -68.44 -11.70 87.30 0.00
[12:18:43.469] [ARM-RX] [
[12:18:43.492] [ARM-RX] 94] <25.16 -72.69 -8.39> result: 101.81 109.19 -67.82 -11.83 87.08 0.00
[12:18:43.493] [ARM-RX] [95] <25.83 -74.63 -8.61> result: 101.93 109.59 -67.19 -11.95 86.85 0.00
[12:18:43.493] [ARM-RX] [96] <26.51 -76.59 -8.84> result: 102.05 109.98 -66.56 -12.07 86.62 0.00
[12:18:43.493] [ARM-RX] [97] <27.20 -78.57 -9.07> result: 1
[12:18:43.515] [ARM-RX] 02.16 110.38 -65.92 -12.19 86.38 0.00
[12:18:43.516] [ARM-RX] [98] <27.89 -80.57 -9.30> result: 102.27 110.78 -65.27 -12.30 86.14 0.00
[12:18:43.516] [ARM-RX] [99] <28.59 -82.59 -9.53> result: 102.38 111.19 -64.60 -12.41 85.89 0.00
[12:18:43.516] [ARM-RX] [100] <29.30 -84.63 -9.77> result: 102.49 111.59 -63.94 -12.53 85.64
[12:18:43.538] [ARM-RX] 0.00
[12:18:43.538] [ARM-RX] [101] <30.01 -86.70 -10.00> result: 102.59 112.00 -63.26 -12.64 85.38 0.00
[12:18:43.538] [ARM-RX] [102] <30.73 -88.78 -10.24> result: 102.70 112.41 -62.57 -12.74 85.11 0.00
[12:18:43.538] [ARM-RX] [103] <31.46 -90.88 -10.49> result: 102.80 112.83 -61.88 -12.85 84.84 0.00
[12:18:43.538] [ARM-RX] [104] <32.19 -92.99 -1
[12:18:43.561] [ARM-RX] 0.73> result: 102.89 113.24 -61.18 -12.95 84.56 0.00
[12:18:43.561] [ARM-RX] [105] <32.93 -95.13 -10.98> result: 102.99 113.66 -60.47 -13.06 84.28 0.00
[12:18:43.561] [ARM-RX] [106] <33.68 -97.28 -11.23> result: 103.08 114.08 -59.75 -13.16 84.00 0.00
[12:18:43.561] [ARM-RX] [107] <34.43 -99.46 -11.48> result: 103.17 114.50
[12:18:43.596] [ARM-RX] -59.03 -13.25 83.70 0.00
[12:18:43.597] [ARM-RX] [108] <35.18 -101.64 -11.73> result: 103.26 114.93 -58.30 -13.35 83.41 0.00
[12:18:43.597] [ARM-RX] [109] <35.95 -103.84 -11.98> result: 103.35 115.36 -57.56 -13.45 83.11 0.00
[12:18:43.597] [ARM-RX] [110] <36.71 -106.06 -12.24> result: 103.43 115.79 -56.81 -13.54 82.80 0.00
[12:18:43.619] [ARM-RX] [111] <37.49 -108.29 -12.50> result: 103.52 116.22 -56.05 -13.64 82.49 0.00
[12:18:43.619] [ARM-RX] [112] <38.26 -110.54 -12.75> result: 103.60 116.65 -55.29 -13.73 82.17 0.00
[12:18:43.620] [ARM-RX] [113] <39.05 -112.80 -13.02> result: 103.68 117.09 -54.52 -13.82 81.85 0.00
[12:18:43.620] [ARM-RX] [114] <39.83 -115.07 -13
[12:18:43.642] [ARM-RX] .28> result: 103.76 117.53 -53.75 -13.91 81.52 0.00
[12:18:43.643] [ARM-RX] [115] <40.62 -117.36 -13.54> result: 103.83 117.97 -52.96 -14.00 81.19 0.00
[12:18:43.643] [ARM-RX] [116] <41.42 -119.65 -13.81> result: 103.91 118.41 -52.17 -14.09 80.86 0.00
[12:18:43.643] [ARM-RX] [117] <42.22 -121.96 -14.07> result: 103.98 118.8
[12:18:43.665] [ARM-RX] 6 -51.37 -14.18 80.52 0.00
[12:18:43.665] [ARM-RX] [118] <43.02 -124.28 -14.34> result: 104.05 119.30 -50.57 -14.26 80.18 0.00
[12:18:43.665] [ARM-RX] [119] <43.83 -126.61 -14.61> result: 104.12 119.75 -49.76 -14.35 79.83 0.00
[12:18:43.665] [ARM-RX] [120] <44.63 -128.95 -14.88> result: 104.19 120.20 -48.94 -14.43 79.48 0.0
[12:18:43.688] [ARM-RX] 0
[12:18:43.688] [ARM-RX] [121] <45.00 -130.00 -15.00> result: 104.22 120.41 -48.57 -14.47 79.32 0.00
[12:18:43.688] [ARM-RX] [122] <45.00 -130.00 -15.00> result: 104.22 120.41 -48.57 -14.47 79.32 0.00
[12:18:43.690] [ARM-RX] [123] <45.00 -130.00 -15.00> result: 104.22 120.41 -48.57 -14.47 79.32 0.00
[12:18:43.690] [ARM-RX] [124] <45.00 -130.00 -
[12:18:43.711] [ARM-RX] 15.00> result: 104.22 120.41 -48.57 -14.47 79.32 0.00
[12:18:43.712] [ARM-RX] [125] <45.00 -130.00 -15.00> result: 104.22 120.41 -48.57 -14.47 79.32 0.00
[12:18:43.712] [ARM-RX] [126] <45.00 -130.00 -15.00> result: 104.22 120.41 -48.57 -14.47 79.32 0.00
[12:18:43.712] [ARM-RX] [127] <45.00 -130.00 -15.00> result: 104.22 120
[12:18:43.734] [ARM-RX] .41 -48.57 -14.47 79.32 0.00
[12:18:43.735] [ARM-RX] [128] <45.00 -130.00 -15.00> result: 104.22 120.41 -48.57 -14.47 79.32 0.00
[12:18:43.735] [ARM-RX] [129] <45.00 -130.00 -15.00> result: 104.22 120.41 -48.57 -14.47 79.32 0.00
[12:18:43.735] [ARM-RX] [130] <45.00 -130.00 -15.00> result: 104.22 120.41 -48.57 -14.47 79.32 0
[12:18:43.769] [ARM-RX] .00
[12:18:43.770] [ARM-RX] [131] <45.00 -130.00 -15.00> result: 104.22 120.41 -48.57 -14.47 79.32 0.00
[12:18:43.770] [ARM-RX] [132] <45.00 -130.00 -15.00> result: 104.22 120.41 -48.57 -14.47 79.32 0.00
[12:18:43.770] [ARM-RX] [133] <45.00 -130.00 -15.00> result: 104.22 120.41 -48.57 -14.47 79.32 0.00
[12:18:43.770] [ARM-RX] [134] <45.00 -130.00
[12:18:43.792] [ARM-RX] -15.00> result: 104.22 120.41 -48.57 -14.47 79.32 0.00
[12:18:43.792] [ARM-RX] [135] <45.00 -130.00 -15.00> result: 104.22 120.41 -48.57 -14.47 79.32 0.00
[12:18:43.793] [ARM-RX] [136] <45.00 -130.00 -15.00> result: 104.22 120.41 -48.57 -14.47 79.32 0.00
[12:18:43.793] [ARM-RX] [137] <45.00 -130.00 -15.00> result: 104.22 1
[12:18:43.815] [ARM-RX] 20.41 -48.57 -14.47 79.32 0.00
[12:18:43.815] [ARM-RX] [138] <45.00 -130.00 -15.00> result: 104.22 120.41 -48.57 -14.47 79.32 0.00
[12:18:43.816] [ARM-RX] [139] <45.00 -130.00 -15.00> result: 104.22 120.41 -48.57 -14.47 79.32 0.00
[12:18:43.816] [ARM-RX] [140] <45.00 -130.00 -15.00> result: 104.22 120.41 -48.57 -14.47 79.32
[12:18:43.840] [ARM-RX] 0.00
[12:18:43.841] [ARM-RX] [141] <45.00 -130.00 -15.00> result: 104.22 120.41 -48.57 -14.47 79.32 0.00
[12:18:43.841] [ARM-RX] [142] <45.00 -130.00 -15.00> result: 104.22 120.41 -48.57 -14.47 79.32 0.00
[12:18:43.841] [ARM-RX] [143] <45.00 -130.00 -15.00> result: 104.22 120.41 -48.57 -14.47 79.32 0.00
[12:18:43.841] [ARM-RX] [144] <45.00 -130.
[12:18:43.861] [ARM-RX] 00 -15.00> result: 104.22 120.41 -48.57 -14.47 79.32 0.00
[12:18:43.862] [ARM-RX] [145] <45.00 -130.00 -15.00> result: 104.22 120.41 -48.57 -14.47 79.32 0.00
[12:18:43.862] [ARM-RX] [146] <45.00 -130.00 -15.00> result: 104.22 120.41 -48.57 -14.47 79.32 0.00
[12:18:43.862] [ARM-RX] [147] <45.00 -130.00 -15.00> result: 104.22
[12:18:43.884] [ARM-RX] 120.41 -48.57 -14.47 79.32 0.00
[12:18:43.884] [ARM-RX] [148] <45.00 -130.00 -15.00> result: 104.22 120.41 -48.57 -14.47 79.32 0.00
[12:18:43.885] [ARM-RX] [149] <45.00 -130.00 -15.00> result: 104.22 120.41 -48.57 -14.47 79.32 0.00
[12:18:43.885] [ARM-RX] [150] <45.00 -130.00 -15.00> result: 104.22 120.41 -48.57 -14.47 79.
[12:18:43.908] [ARM-RX] 32 0.00
[12:18:43.908] [ARM-RX] [151] <45.00 -130.00 -15.00> result: 104.22 120.41 -48.57 -14.47 79.32 0.00
[12:18:43.908] [ARM-RX] [152] <45.00 -130.00 -15.00> result: 104.22 120.41 -48.57 -14.47 79.32 0.00
[12:18:43.908] [ARM-RX] [153] <45.00 -130.00 -15.00> result: 104.22 120.41 -48.57 -14.47 79.32 0.00
[12:18:43.909] [ARM-RX] [154] <45.00 -13
[12:18:43.931] [ARM-RX] 0.00 -15.00> result: 104.22 120.41 -48.57 -14.47 79.32 0.00
[12:18:43.931] [ARM-RX] [155] <45.00 -130.00 -15.00> result: 104.22 120.41 -48.57 -14.47 79.32 0.00
[12:18:43.931] [ARM-RX] [156] <45.00 -130.00 -15.00> result: 104.22 120.41 -48.57 -14.47 79.32 0.00
[12:18:43.932] [ARM-RX] [157] <45.00 -130.00 -15.00> result: 104.
[12:18:43.967] [ARM-RX] 22 120.41 -48.57 -14.47 79.32 0.00
[12:18:43.968] [ARM-RX] [158] <45.00 -130.00 -15.00> result: 104.22 120.41 -48.57 -14.47 79.32 0.00
[12:18:43.968] [ARM-RX] [159] <45.00 -130.00 -15.00> result: 104.22 120.41 -48.57 -14.47 79.32 0.00
[12:18:43.968] [ARM-RX] [160] <45.00 -130.00 -15.00> result: 104.22 120.41 -48.57 -14.47 7
[12:18:43.988] [ARM-RX] 9.32 0.00
[12:18:43.989] [ARM-RX] [161] <45.00 -130.00 -15.00> result: 104.22 120.41 -48.57 -14.47 79.32 0.00
[12:18:43.989] [ARM-RX] [162] <45.00 -130.00 -15.00> result: 104.22 120.41 -48.57 -14.47 79.32 0.00
[12:18:43.989] [ARM-RX] [163] <45.00 -130.00 -15.00> result: 104.22 120.41 -48.57 -14.47 79.32 0.00
[12:18:43.989] [ARM-RX] [164] <45.00 -
[12:18:44.011] [ARM-RX] 130.00 -15.00> result: 104.22 120.41 -48.57 -14.47 79.32 0.00
[12:18:44.011] [ARM-RX] [165] <45.00 -130.00 -15.00> result: 104.22 120.41 -48.57 -14.47 79.32 0.00
[12:18:44.011] [ARM-RX] [166] <45.00 -130.00 -15.00> result: 104.22 120.41 -48.57 -14.47 79.32 0.00
[12:18:44.011] [ARM-RX] [167] <45.00 -130.00 -15.00> result: 10
[12:18:44.035] [ARM-RX] 4.22 120.41 -48.57 -14.47 79.32 0.00
[12:18:44.035] [ARM-RX] [168] <45.00 -130.00 -15.00> result: 104.22 120.41 -48.57 -14.47 79.32 0.00
[12:18:44.035] [ARM-RX] [169] <45.00 -130.00 -15.00> result: 104.22 120.41 -48.57 -14.47 79.32 0.00
[12:18:44.035] [ARM-RX] [170] <45.00 -130.00 -15.00> result: 104.22 120.41 -48.57 -14.47
[12:18:44.058] [ARM-RX] 79.32 0.00
[12:18:44.058] [ARM-RX] [171] <45.00 -130.00 -15.00> result: 104.22 120.41 -48.57 -14.47 79.32 0.00
[12:18:44.058] [ARM-RX] [172] <45.00 -130.00 -15.00> result: 104.22 120.41 -48.57 -14.47 79.32 0.00
[12:18:44.059] [ARM-RX] [173] <45.00 -130.00 -15.00> result: 104.22 120.41 -48.57 -14.47 79.32 0.00
[12:18:44.059] [ARM-RX] [174] <45.00
[12:18:44.081] [ARM-RX] -130.00 -15.00> result: 104.22 120.41 -48.57 -14.47 79.32 0.00
[12:18:44.081] [ARM-RX] [175] <45.00 -130.00 -15.00> result: 104.22 120.41 -48.57 -14.47 79.32 0.00
[12:18:44.082] [ARM-RX] [176] <45.00 -130.00 -15.00> result: 104.22 120.41 -48.57 -14.47 79.32 0.00
[12:18:44.082] [ARM-RX] [177] <45.00 -130.00 -15.00> result:
[12:18:44.104] [ARM-RX] 104.22 120.41 -48.57 -14.47 79.32 0.00
[12:18:44.104] [ARM-RX] [178] <45.00 -130.00 -15.00> result: 104.22 120.41 -48.57 -14.47 79.32 0.00
[12:18:44.104] [ARM-RX] [179] <45.00 -130.00 -15.00> result: 104.22 120.41 -48.57 -14.47 79.32 0.00
[12:18:44.104] [ARM-RX] [180] <45.00 -130.00 -15.00> result: 104.22 120.41 -48.57 -14.
[12:18:44.139] [ARM-RX] 47 79.32 0.00
[12:18:44.140] [ARM-RX] [181] <45.00 -130.00 -15.00> result: 104.22 120.41 -48.57 -14.47 79.32 0.00
[12:18:44.140] [ARM-RX] [182] <45.00 -130.00 -15.00> result: 104.22 120.41 -48.57 -14.47 79.32 0.00
[12:18:44.140] [ARM-RX] [183] <45.00 -130.00 -15.00> result: 104.22 120.41 -48.57 -14.47 79.32 0.00
[12:18:44.140] [ARM-RX] [184] <45.
[12:18:44.162] [ARM-RX] 00 -130.00 -15.00> result: 104.22 120.41 -48.57 -14.47 79.32 0.00
[12:18:44.162] [ARM-RX] [185] <45.00 -130.00 -15.00> result: 104.22 120.41 -48.57 -14.47 79.32 0.00
[12:18:44.162] [ARM-RX] [186] <45.00 -130.00 -15.00> result: 104.22 120.41 -48.57 -14.47 79.32 0.00
[12:18:44.163] [ARM-RX] [187] <45.00 -130.00 -15.00> result
[12:18:44.185] [ARM-RX] : 104.22 120.41 -48.57 -14.47 79.32 0.00
[12:18:44.185] [ARM-RX] [188] <45.00 -130.00 -15.00> result: 104.22 120.41 -48.57 -14.47 79.32 0.00
[12:18:44.185] [ARM-RX] [189] <45.00 -130.00 -15.00> result: 104.22 120.41 -48.57 -14.47 79.32 0.00
[12:18:44.186] [ARM-RX] [190] <45.00 -130.00 -15.00> result: 104.22 120.41 -48.57 -1
[12:18:44.207] [ARM-RX] 4.47 79.32 0.00
[12:18:44.209] [ARM-RX] [191] <45.00 -130.00 -15.00> result: 104.22 120.41 -48.57 -14.47 79.32 0.00
[12:18:44.209] [ARM-RX] [192] <45.00 -130.00 -15.00> result: 104.22 120.41 -48.57 -14.47 79.32 0.00
[12:18:44.209] [ARM-RX] [193] <45.00 -130.00 -15.00> result: 104.22 120.41 -48.57 -14.47 79.32 0.00
[12:18:44.209] [ARM-RX] [194] <4
[12:18:44.231] [ARM-RX] 5.00 -130.00 -15.00> result: 104.22 120.41 -48.57 -14.47 79.32 0.00
[12:18:44.231] [ARM-RX] [195] <45.00 -130.00 -15.00> result: 104.22 120.41 -48.57 -14.47 79.32 0.00
[12:18:44.231] [ARM-RX] [196] <45.00 -130.00 -15.00> result: 104.22 120.41 -48.57 -14.47 79.32 0.00
[12:18:44.232] [ARM-RX] [197] <45.00 -130.00 -15.00> resu
[12:18:44.254] [ARM-RX] lt: 104.22 120.41 -48.57 -14.47 79.32 0.00
[12:18:44.254] [ARM-RX] [198] <45.00 -130.00 -15.00> result: 104.22 120.41 -48.57 -14.47 79.32 0.00
[12:18:44.254] [ARM-RX] [199] <45.00 -130.00 -15.00> result: 104.22 120.41 -48.57 -14.47 79.32 0.00
[12:18:44.254] [ARM-RX] [200] <45.00 -130.00 -15.00> result: 104.22 120.41 -48.57
[12:18:44.277] [ARM-RX] -14.47 79.32 0.00
[12:18:44.277] [ARM-RX] [201] <45.00 -130.00 -15.00> result: 104.22 120.41 -48.57 -14.47 79.32 0.00
[12:18:44.277] [ARM-RX] [202] <45.00 -130.00 -15.00> result: 104.22 120.41 -48.57 -14.47 79.32 0.00
[12:18:44.278] [ARM-RX] [203] <45.00 -130.00 -15.00> result: 104.22 120.41 -48.57 -14.47 79.32 0.00
[12:18:44.278] [ARM-RX] [204]
[12:18:44.303] [ARM-RX] <45.00 -130.00 -15.00> result: 104.22 120.41 -48.57 -14.47 79.32 0.00
[12:18:44.303] [ARM-RX] [205] <45.00 -130.00 -15.00> result: 104.22 120.41 -48.57 -14.47 79.32 0.00
[12:18:44.303] [ARM-RX] [206] <45.00 -130.00 -15.00> result: 104.22 120.41 -48.57 -14.47 79.32 0.00
[12:18:44.304] [ARM-RX] [207] <45.00 -130.00 -15.00> re
[12:18:44.335] [ARM-RX] sult: 104.22 120.41 -48.57 -14.47 79.32 0.00
[12:18:44.336] [ARM-RX] [208] <45.00 -130.00 -15.00> result: 104.22 120.41 -48.57 -14.47 79.32 0.00
[12:18:44.336] [ARM-RX] [209] <45.00 -130.00 -15.00> result: 104.22 120.41 -48.57 -14.47 79.32 0.00
[12:18:44.336] [ARM-RX] [210] <45.00 -130.00 -15.00> result: 104.22 120.41 -48.5
[12:18:44.358] [ARM-RX] 7 -14.47 79.32 0.00
[12:18:44.358] [ARM-RX] [211] <45.00 -130.00 -15.00> result: 104.22 120.41 -48.57 -14.47 79.32 0.00
[12:18:44.359] [ARM-RX] [212] <45.00 -130.00 -15.00> result: 104.22 120.41 -48.57 -14.47 79.32 0.00
[12:18:44.359] [ARM-RX] [213] <45.00 -130.00 -15.00> result: 104.22 120.41 -48.57 -14.47 79.32 0.00
[12:18:44.359] [ARM-RX] [214
[12:18:44.382] [ARM-RX] ] <45.00 -130.00 -15.00> result: 104.22 120.41 -48.57 -14.47 79.32 0.00
[12:18:44.382] [ARM-RX] [215] <45.00 -130.00 -15.00> result: 104.22 120.41 -48.57 -14.47 79.32 0.00
[12:18:44.382] [ARM-RX] [216] <45.00 -130.00 -15.00> result: 104.22 120.41 -48.57 -14.47 79.32 0.00
[12:18:44.382] [ARM-RX] [217] <45.00 -130.00 -15.00>
[12:18:44.404] [ARM-RX] result: 104.22 120.41 -48.57 -14.47 79.32 0.00
[12:18:44.404] [ARM-RX] [218] <45.00 -130.00 -15.00> result: 104.22 120.41 -48.57 -14.47 79.32 0.00
[12:18:44.405] [ARM-RX] [219] <45.00 -130.00 -15.00> result: 104.22 120.41 -48.57 -14.47 79.32 0.00
[12:18:44.405] [ARM-RX] [220] <45.00 -130.00 -15.00> result: 104.22 120.41 -48
[12:18:44.427] [ARM-RX] .57 -14.47 79.32 0.00
[12:18:44.427] [ARM-RX] [221] <45.00 -130.00 -15.00> result: 104.22 120.41 -48.57 -14.47 79.32 0.00
[12:18:44.428] [ARM-RX] [222] <45.00 -130.00 -15.00> result: 104.22 120.41 -48.57 -14.47 79.32 0.00
[12:18:44.428] [ARM-RX] [223] <45.00 -130.00 -15.00> result: 104.22 120.41 -48.57 -14.47 79.32 0.00
[12:18:44.428] [ARM-RX] [2
[12:18:44.452] [ARM-RX] 24] <45.00 -130.00 -15.00> result: 104.22 120.41 -48.57 -14.47 79.32 0.00
[12:18:44.452] [ARM-RX] [225] <45.00 -130.00 -15.00> result: 104.22 120.41 -48.57 -14.47 79.32 0.00
[12:18:44.453] [ARM-RX] [226] <45.00 -130.00 -15.00> result: 104.22 120.41 -48.57 -14.47 79.32 0.00
[12:18:44.453] [ARM-RX] [227] <45.00 -130.00 -15.00
[12:18:44.474] [ARM-RX] > result: 104.22 120.41 -48.57 -14.47 79.32 0.00
[12:18:44.475] [ARM-RX] [228] <45.00 -130.00 -15.00> result: 104.22 120.41 -48.57 -14.47 79.32 0.00
[12:18:44.476] [ARM-RX] [229] <45.00 -130.00 -15.00> result: 104.22 120.41 -48.57 -14.47 79.32 0.00
[12:18:44.476] [ARM-RX] [230] <45.00 -130.00 -15.00> result: 104.22 120.41 -
[12:18:44.508] [ARM-RX] 48.57 -14.47 79.32 0.00
[12:18:44.508] [ARM-RX] [231] <45.00 -130.00 -15.00> result: 104.22 120.41 -48.57 -14.47 79.32 0.00
[12:18:44.509] [ARM-RX] [232] <45.00 -130.00 -15.00> result: 104.22 120.41 -48.57 -14.47 79.32 0.00
[12:18:44.509] [ARM-RX] [233] <45.00 -130.00 -15.00> result: 104.22 120.41 -48.57 -14.47 79.32 0.00
[12:18:44.532] [ARM-RX] [234] <45.00 -130.00 -15.00> result: 104.22 120.41 -48.57 -14.47 79.32 0.00
[12:18:44.532] [ARM-RX] [235] <45.00 -130.00 -15.00> result: 104.22 120.41 -48.57 -14.47 79.32 0.00
[12:18:44.532] [ARM-RX] [236] <45.00 -130.00 -15.00> result: 104.22 120.41 -48.57 -14.47 79.32 0.00
[12:18:44.532] [ARM-RX] [237] <45.00 -130.00 -15.
[12:18:44.555] [ARM-RX] 00> result: 104.22 120.41 -48.57 -14.47 79.32 0.00
[12:18:44.555] [ARM-RX] [238] <45.00 -130.00 -15.00> result: 104.22 120.41 -48.57 -14.47 79.32 0.00
[12:18:44.555] [ARM-RX] [239] <45.00 -130.00 -15.00> result: 104.22 120.41 -48.57 -14.47 79.32 0.00
[12:18:44.555] [ARM-RX] [240] <45.00 -130.00 -15.00> result: 104.22 120.41
[12:18:44.578] [ARM-RX] -48.57 -14.47 79.32 0.00
[12:18:44.578] [ARM-RX] [241] <45.00 -130.00 -15.00> result: 104.22 120.41 -48.57 -14.47 79.32 0.00
[12:18:44.578] [ARM-RX] [242] <45.00 -130.00 -15.00> result: 104.22 120.41 -48.57 -14.47 79.32 0.00
[12:18:44.578] [ARM-RX] [243] <45.00 -130.00 -15.00> result: 104.22 120.41 -48.57 -14.47 79.32 0.00
[12:18:44.601] [ARM-RX] [244] <45.00 -130.00 -15.00> result: 104.22 120.41 -48.57 -14.47 79.32 0.00
[12:18:44.601] [ARM-RX] [245] <45.00 -130.00 -15.00> result: 104.22 120.41 -48.57 -14.47 79.32 0.00
[12:18:44.601] [ARM-RX] [246] <45.00 -130.00 -15.00> result: 104.22 120.41 -48.57 -14.47 79.32 0.00
[12:18:44.601] [ARM-RX] [247] <45.00 -130.00 -1
[12:18:44.624] [ARM-RX] 5.00> result: 104.22 120.41 -48.57 -14.47 79.32 0.00
[12:18:44.624] [ARM-RX] [248] <45.00 -130.00 -15.00> result: 104.22 120.41 -48.57 -14.47 79.32 0.00
[12:18:44.625] [ARM-RX] [249] <45.00 -130.00 -15.00> result: 104.22 120.41 -48.57 -14.47 79.32 0.00
[12:18:44.625] [ARM-RX] [250] <45.00 -130.00 -15.00> result: 104.22 120.
[12:18:44.648] [ARM-RX] 41 -48.57 -14.47 79.32 0.00
[12:18:44.648] [ARM-RX] [251] <45.00 -130.00 -15.00> result: 104.22 120.41 -48.57 -14.47 79.32 0.00
[12:18:44.648] [ARM-RX] [252] <45.00 -130.00 -15.00> result: 104.22 120.41 -48.57 -14.47 79.32 0.00
[12:18:44.649] [ARM-RX] [253] <45.00 -130.00 -15.00> result: 104.22 120.41 -48.57 -14.47 79.32 0.
[12:18:44.670] [ARM-RX] 00
[12:18:44.671] [ARM-RX] [254] <45.00 -130.00 -15.00> result: 104.22 120.41 -48.57 -14.47 79.32 0.00
[12:18:44.671] [ARM-RX] [255] <45.00 -130.00 -15.00> result: 104.22 120.41 -48.57 -14.47 79.32 0.00
[12:18:44.671] [ARM-RX] [256] <45.00 -130.00 -15.00> result: 104.22 120.41 -48.57 -14.47 79.32 0.00
[12:18:44.671] [ARM-RX] [257] <45.00 -130.00
[12:18:44.705] [ARM-RX] -15.00> result: 104.22 120.41 -48.57 -14.47 79.32 0.00
[12:18:44.706] [ARM-RX] [258] <45.00 -130.00 -15.00> result: 104.22 120.41 -48.57 -14.47 79.32 0.00
[12:18:44.706] [ARM-RX] [259] <45.00 -130.00 -15.00> result: 104.22 120.41 -48.57 -14.47 79.32 0.00
[12:18:44.706] [ARM-RX] [260] <45.00 -130.00 -15.00> result: 104.22 12
[12:18:44.728] [ARM-RX] 0.41 -48.57 -14.47 79.32 0.00
[12:18:44.728] [ARM-RX] [261] <45.00 -130.00 -15.00> result: 104.22 120.41 -48.57 -14.47 79.32 0.00
[12:18:44.728] [ARM-RX] [262] <45.00 -130.00 -15.00> result: 104.22 120.41 -48.57 -14.47 79.32 0.00
[12:18:44.728] [ARM-RX] [263] <45.00 -130.00 -15.00> result: 104.22 120.41 -48.57 -14.47 79.32
[12:18:44.753] [ARM-RX] 0.00
[12:18:44.753] [ARM-RX] [264] <45.00 -130.00 -15.00> result: 104.22 120.41 -48.57 -14.47 79.32 0.00
[12:18:44.754] [ARM-RX] [265] <45.00 -130.00 -15.00> result: 104.22 120.41 -48.57 -14.47 79.32 0.00
[12:18:44.754] [ARM-RX] [266] <45.00 -130.00 -15.00> result: 104.22 120.41 -48.57 -14.47 79.32 0.00
[12:18:44.754] [ARM-RX] [267] <45.00 -130.0
[12:18:44.812] [ARM-RX] 0 -15.00> result: 104.22 120.41 -48.57 -14.47 79.32 0.00
[12:18:47.418] [ARM-TX] 发送命令 abs_rotate 0 80: abs_rotate 0 80
[12:18:47.495] [ARM-RX] Found handler for 'abs_rotate', executing...
[12:18:47.558] [ARM-RX] [joint 1] ave_error:0.50
[12:18:47.558] [ARM-RX] [joint 2] ave_error:7.33
[12:18:47.559] [ARM-RX] [joint 3] ave_error:8.07
[12:18:47.559] [ARM-RX] [joint 4] ave_error:0.54
[12:18:47.559] [ARM-RX] [joint 5] ave_error:1.12
[12:18:47.559] [ARM-RX] robot pid run finished!!
[12:18:48.403] [ARM-RX] AUTO final confirm failed: joint 2 err=12.74deg tol=3.00, pose invalid.
[12:18:48.404] [ARM-RX] J1 cur=104.10 target=104.22 err=0.12
[12:18:48.404] [ARM-RX] J2 cur=131.58 target=120.41 err=-11.17
[12:18:48.404] [ARM-RX] J3 cur=-35.84 target=-48.57 err=-12.74
[12:18:48.404] [ARM-RX] J4 cur=-14.57 target=-14.47 err=0.09
[12:18:48.404] [ARM-RX] J5 cur=79.05 targ
[12:18:48.465] [ARM-RX] et=79.32 err=0.27
[12:18:48.465] [ARM-RX] [joint_id: 0] ROBOT_JOINT_ABS_ROTATE 80.000000
[12:18:53.819] [ARM-TX] 发送命令 abs_rotate 0 75: abs_rotate 0 75
[12:18:53.890] [ARM-RX] Found handler for 'abs_rotate', executing...
[12:18:53.890] [ARM-RX] [joint_id: 0] ROBOT_JOINT_ABS_ROTATE 75.000000
[12:20:30.970] [ARM-TX] 发送命令 abs_rotate 0 85: abs_rotate 0 85
[12:20:31.022] [ARM-RX] Found handler for 'abs_rotate', executing...
[12:20:31.022] [ARM-RX] [joint_id: 0] ROBOT_JOINT_ABS_ROTATE 85.000000
[12:20:34.137] [ARM-RX] joint 0 position confirm timeout: cur=81.60 target=85.00 err=3.40 tol=3.00
[12:20:37.107] [ARM-TX] 发送命令 soft_reset: soft_reset
[12:20:37.197] [ARM-RX] Found handler for 'soft_reset', executing...
[12:20:37.197] [ARM-RX] ROBOT_SOFT_RESET_EVENT
[12:20:37.197] [ARM-RX] --- Starting soft reset ---
[12:20:37.447] [ARM-RX] Soft reset motors enabled (J1~J5, J6 skipped).
[12:20:37.447] [ARM-RX] Soft resetting joint 4...
[12:20:37.447] [ARM-RX] robot_update_current_angle 4...
[12:20:37.448] [ARM-RX] [4] current:79.05, target:90.00, dir:1
[12:20:38.569] [ARM-RX] Soft resetting joint 3...
[12:20:38.569] [ARM-RX] robot_update_current_angle 3...
[12:20:38.569] [ARM-RX] [3] current:-14.57, target:0.00, dir:1
[12:20:40.189] [ARM-RX] soft reset joint 3 settle timeout, keep going
[12:20:40.189] [ARM-RX] Soft resetting joint 1...
[12:20:40.189] [ARM-RX] robot_update_current_angle 1...
[12:20:40.189] [ARM-RX] [1] current:131.57, target:90.00, dir:-1
[12:20:42.428] [ARM-RX] soft reset joint 1 settle timeout, keep going
[12:20:42.428] [ARM-RX] Soft resetting joint 2...
[12:20:42.428] [ARM-RX] robot_update_current_angle 2...
[12:20:42.428] [ARM-RX] [2] current:-35.84, target:-90.00, dir:-1
[12:20:44.917] [ARM-RX] soft reset joint 2 settle timeout, keep going
[12:20:44.917] [ARM-RX] Soft resetting joint 0...
[12:20:44.980] [ARM-RX] robot_update_current_angle 0...
[12:20:44.980] [ARM-RX] [0] current:81.60, target:90.00, dir:1
[12:20:46.284] [ARM-RX] soft reset final verify PASS (issues:3), pose set HOME.
[12:20:47.307] [ARM-TX] 发送命令 auto 45 -130 -15: auto 45 -130 -15
[12:20:47.387] [ARM-RX] Found handler for 'auto', executing...
[12:20:47.387] [ARM-RX] ROBOT_AUTO_EVENT
[12:20:47.387] [ARM-RX] [0] <0.00 0.00 0.00> result: 90.00 90.00 -90.00 0.00 90.00 0.00
[12:20:47.387] [ARM-RX] [1] <0.00 -0.00 -0.00> result: 90.00 90.00 -90.00 -0.00 90.00 0.00
[12:20:47.388] [ARM-RX] [2] <0.00 -0.00 -0.00> result: 90.00 90.00 -90.00 -0.00 90.00 0.00
[12:20:47.410] [ARM-RX] [3] <0.00 -0.00 -0.00> result: 90.00 90.00 -90.00 -0.00 90.00 0.00
[12:20:47.410] [ARM-RX] [4] <0.00 -0.01 -0.00> result: 90.00 90.00 -90.00 -0.00 90.00 0.00
[12:20:47.410] [ARM-RX] [5] <0.01 -0.02 -0.00> result: 90.01 90.01 -89.99 -0.01 90.00 0.00
[12:20:47.410] [ARM-RX] [6] <0.01 -0.03 -0.00> result: 90.01 90.01 -89.99 -
[12:20:47.433] [ARM-RX] 0.01 90.00 0.00
[12:20:47.433] [ARM-RX] [7] <0.02 -0.05 -0.01> result: 90.02 90.02 -89.99 -0.02 90.01 0.00
[12:20:47.434] [ARM-RX] [8] <0.02 -0.07 -0.01> result: 90.03 90.03 -89.98 -0.03 90.01 0.00
[12:20:47.434] [ARM-RX] [9] <0.03 -0.09 -0.01> result: 90.04 90.04 -89.97 -0.04 90.01 0.00
[12:20:47.434] [ARM-RX] [10] <0.04 -0.13 -0.01> result: 90.
[12:20:47.456] [ARM-RX] 05 90.05 -89.96 -0.05 90.02 0.00
[12:20:47.456] [ARM-RX] [11] <0.06 -0.17 -0.02> result: 90.07 90.07 -89.95 -0.07 90.02 0.00
[12:20:47.456] [ARM-RX] [12] <0.07 -0.21 -0.02> result: 90.09 90.09 -89.94 -0.09 90.03 0.00
[12:20:47.457] [ARM-RX] [13] <0.09 -0.27 -0.03> result: 90.11 90.11 -89.93 -0.11 90.04 0.00
[12:20:47.457] [ARM-RX] [14] <0.12 -0.3
[12:20:47.478] [ARM-RX] 3 -0.04> result: 90.14 90.14 -89.91 -0.14 90.05 0.00
[12:20:47.478] [ARM-RX] [15] <0.14 -0.41 -0.05> result: 90.17 90.17 -89.89 -0.17 90.06 0.00
[12:20:47.479] [ARM-RX] [16] <0.17 -0.49 -0.06> result: 90.20 90.20 -89.86 -0.20 90.07 0.00
[12:20:47.479] [ARM-RX] [17] <0.20 -0.59 -0.07> result: 90.24 90.24 -89.84 -0.24 90.08 0
[12:20:47.503] [ARM-RX] .00
[12:20:47.503] [ARM-RX] [18] <0.24 -0.69 -0.08> result: 90.28 90.28 -89.81 -0.28 90.09 0.00
[12:20:47.503] [ARM-RX] [19] <0.28 -0.81 -0.09> result: 90.33 90.33 -89.78 -0.33 90.11 0.00
[12:20:47.503] [ARM-RX] [20] <0.33 -0.94 -0.11> result: 90.38 90.39 -89.74 -0.38 90.13 0.00
[12:20:47.504] [ARM-RX] [21] <0.37 -1.08 -0.12> result: 90.44 90.44
[12:20:47.524] [ARM-RX] -89.70 -0.44 90.14 0.00
[12:20:47.525] [ARM-RX] [22] <0.43 -1.24 -0.14> result: 90.50 90.51 -89.66 -0.50 90.16 0.00
[12:20:47.525] [ARM-RX] [23] <0.49 -1.41 -0.16> result: 90.57 90.58 -89.61 -0.57 90.18 0.00
[12:20:47.525] [ARM-RX] [24] <0.55 -1.60 -0.18> result: 90.64 90.65 -89.56 -0.64 90.21 0.00
[12:20:47.525] [ARM-RX] [25] <0.62 -1.80 -0.21>
[12:20:47.559] [ARM-RX] result: 90.72 90.73 -89.50 -0.72 90.23 0.00
[12:20:47.559] [ARM-RX] [26] <0.70 -2.01 -0.23> result: 90.80 90.82 -89.44 -0.80 90.26 0.00
[12:20:47.559] [ARM-RX] [27] <0.78 -2.25 -0.26> result: 90.89 90.91 -89.38 -0.89 90.28 0.00
[12:20:47.560] [ARM-RX] [28] <0.86 -2.50 -0.29> result: 90.99 91.01 -89.31 -0.99 90.31 0.00
[12:20:47.560] [ARM-RX] [29]
[12:20:47.582] [ARM-RX] <0.96 -2.77 -0.32> result: 91.09 91.11 -89.23 -1.09 90.34 0.00
[12:20:47.583] [ARM-RX] [30] <1.06 -3.05 -0.35> result: 91.19 91.22 -89.15 -1.19 90.37 0.00
[12:20:47.583] [ARM-RX] [31] <1.16 -3.36 -0.39> result: 91.31 91.34 -89.07 -1.31 90.41 0.00
[12:20:47.583] [ARM-RX] [32] <1.27 -3.68 -0.42> result: 91.42 91.46 -88.98 -1
[12:20:47.606] [ARM-RX] .42 90.44 0.00
[12:20:47.606] [ARM-RX] [33] <1.39 -4.02 -0.46> result: 91.54 91.59 -88.88 -1.54 90.47 0.00
[12:20:47.606] [ARM-RX] [34] <1.52 -4.38 -0.51> result: 91.67 91.73 -88.78 -1.67 90.51 0.00
[12:20:47.606] [ARM-RX] [35] <1.65 -4.77 -0.55> result: 91.80 91.88 -88.67 -1.80 90.54 0.00
[12:20:47.607] [ARM-RX] [36] <1.79 -5.17 -0.60> result: 9
[12:20:47.628] [ARM-RX] 1.94 92.03 -88.55 -1.94 90.58 0.00
[12:20:47.628] [ARM-RX] [37] <1.94 -5.60 -0.65> result: 92.08 92.18 -88.43 -2.08 90.61 0.00
[12:20:47.629] [ARM-RX] [38] <2.09 -6.04 -0.70> result: 92.23 92.35 -88.31 -2.23 90.65 0.00
[12:20:47.629] [ARM-RX] [39] <2.25 -6.51 -0.75> result: 92.38 92.52 -88.17 -2.38 90.69 0.00
[12:20:47.629] [ARM-RX] [40] <2.42 -7
[12:20:47.652] [ARM-RX] .01 -0.81> result: 92.54 92.69 -88.03 -2.54 90.72 0.00
[12:20:47.652] [ARM-RX] [41] <2.60 -7.52 -0.87> result: 92.70 92.88 -87.88 -2.70 90.76 0.00
[12:20:47.652] [ARM-RX] [42] <2.79 -8.06 -0.93> result: 92.87 93.07 -87.73 -2.87 90.79 0.00
[12:20:47.652] [ARM-RX] [43] <2.98 -8.62 -0.99> result: 93.04 93.26 -87.57 -3.04 90.83
[12:20:47.676] [ARM-RX] 0.00
[12:20:47.677] [ARM-RX] [44] <3.19 -9.21 -1.06> result: 93.21 93.46 -87.40 -3.21 90.86 0.00
[12:20:47.677] [ARM-RX] [45] <3.40 -9.82 -1.13> result: 93.39 93.67 -87.22 -3.39 90.89 0.00
[12:20:47.677] [ARM-RX] [46] <3.62 -10.45 -1.21> result: 93.56 93.89 -87.04 -3.56 90.92 0.00
[12:20:47.677] [ARM-RX] [47] <3.85 -11.11 -1.28> result: 93.75 94
[12:20:47.697] [ARM-RX] .11 -86.85 -3.75 90.95 0.00
[12:20:47.697] [ARM-RX] [48] <4.08 -11.80 -1.36> result: 93.93 94.33 -86.65 -3.93 90.98 0.00
[12:20:47.697] [ARM-RX] [49] <4.33 -12.51 -1.44> result: 94.12 94.56 -86.44 -4.12 91.00 0.00
[12:20:47.699] [ARM-RX] [50] <4.58 -13.24 -1.53> result: 94.31 94.80 -86.23 -4.31 91.03 0.00
[12:20:47.699] [ARM-RX] [51] <4.85 -14.01
[12:20:47.720] [ARM-RX] -1.62> result: 94.50 95.04 -86.01 -4.50 91.05 0.00
[12:20:47.720] [ARM-RX] [52] <5.12 -14.80 -1.71> result: 94.69 95.29 -85.77 -4.69 91.06 0.00
[12:20:47.721] [ARM-RX] [53] <5.40 -15.61 -1.80> result: 94.88 95.55 -85.53 -4.89 91.08 0.00
[12:20:47.721] [ARM-RX] [54] <5.70 -16.46 -1.90> result: 95.08 95.80 -85.29 -5.08 91.09
[12:20:47.755] [ARM-RX] 0.00
[12:20:47.756] [ARM-RX] [55] <6.00 -17.32 -2.00> result: 95.27 96.07 -85.03 -5.28 91.09 0.00
[12:20:47.756] [ARM-RX] [56] <6.31 -18.22 -2.10> result: 95.47 96.34 -84.76 -5.47 91.10 0.00
[12:20:47.756] [ARM-RX] [57] <6.63 -19.15 -2.21> result: 95.67 96.61 -84.49 -5.67 91.09 0.00
[12:20:47.756] [ARM-RX] [58] <6.96 -20.10 -2.32> result: 95.86
[12:20:47.781] [ARM-RX] 96.89 -84.21 -5.87 91.09 0.00
[12:20:47.781] [ARM-RX] [59] <7.30 -21.08 -2.43> result: 96.06 97.17 -83.91 -6.06 91.08 0.00
[12:20:47.781] [ARM-RX] [60] <7.64 -22.08 -2.55> result: 96.26 97.46 -83.61 -6.26 91.06 0.00
[12:20:47.781] [ARM-RX] [61] <8.00 -23.12 -2.67> result: 96.45 97.75 -83.30 -6.45 91.04 0.00
[12:20:47.782] [ARM-RX] [62] <8.37 -24.
[12:20:47.802] [ARM-RX] 18 -2.79> result: 96.65 98.04 -82.98 -6.65 91.02 0.00
[12:20:47.802] [ARM-RX] [63] <8.75 -25.27 -2.92> result: 96.84 98.34 -82.66 -6.84 90.99 0.00
[12:20:47.802] [ARM-RX] [64] <9.14 -26.39 -3.05> result: 97.04 98.64 -82.32 -7.04 90.95 0.00
[12:20:47.802] [ARM-RX] [65] <9.53 -27.54 -3.18> result: 97.23 98.95 -81.97 -7.23 90.
[12:20:47.824] [ARM-RX] 91 0.00
[12:20:47.825] [ARM-RX] [66] <9.94 -28.71 -3.31> result: 97.42 99.26 -81.62 -7.42 90.87 0.00
[12:20:47.825] [ARM-RX] [67] <10.36 -29.92 -3.45> result: 97.61 99.57 -81.25 -7.61 90.82 0.00
[12:20:47.825] [ARM-RX] [68] <10.78 -31.15 -3.59> result: 97.79 99.89 -80.87 -7.79 90.76 0.00
[12:20:47.825] [ARM-RX] [69] <11.22 -32.41 -3.74> result: 9
[12:20:47.848] [ARM-RX] 7.98 100.21 -80.49 -7.98 90.70 0.00
[12:20:47.849] [ARM-RX] [70] <11.66 -33.70 -3.89> result: 98.16 100.54 -80.10 -8.16 90.63 0.00
[12:20:47.849] [ARM-RX] [71] <12.12 -35.01 -4.04> result: 98.34 100.86 -79.69 -8.34 90.55 0.00
[12:20:47.849] [ARM-RX] [72] <12.59 -36.36 -4.20> result: 98.52 101.20 -79.28 -8.52 90.47 0.00
[12:20:47.849] [ARM-RX] [73
[12:20:47.871] [ARM-RX] ] <13.06 -37.73 -4.35> result: 98.70 101.53 -78.86 -8.70 90.38 0.00
[12:20:47.871] [ARM-RX] [74] <13.55 -39.13 -4.52> result: 98.87 101.87 -78.43 -8.87 90.29 0.00
[12:20:47.872] [ARM-RX] [75] <14.04 -40.56 -4.68> result: 99.05 102.21 -77.99 -9.05 90.19 0.00
[12:20:47.872] [ARM-RX] [76] <14.54 -42.01 -4.85> result: 99.21 102
[12:20:47.895] [ARM-RX] .55 -77.53 -9.21 90.08 0.00
[12:20:47.895] [ARM-RX] [77] <15.06 -43.50 -5.02> result: 99.38 102.90 -77.07 -9.38 89.97 0.00
[12:20:47.895] [ARM-RX] [78] <15.58 -45.01 -5.19> result: 99.55 103.24 -76.60 -9.55 89.85 0.00
[12:20:47.896] [ARM-RX] [79] <16.11 -46.54 -5.37> result: 99.71 103.60 -76.13 -9.71 89.73 0.00
[12:20:47.896] [ARM-RX] [80] <16.65
[12:20:47.929] [ARM-RX] -48.11 -5.55> result: 99.87 103.95 -75.64 -9.87 89.59 0.00
[12:20:47.930] [ARM-RX] [81] <17.20 -49.70 -5.73> result: 100.02 104.31 -75.14 -10.02 89.45 0.00
[12:20:47.930] [ARM-RX] [82] <17.76 -51.32 -5.92> result: 100.18 104.67 -74.63 -10.18 89.31 0.00
[12:20:47.930] [ARM-RX] [83] <18.33 -52.96 -6.11> result: 100.33 105.03
[12:20:47.953] [ARM-RX] -74.11 -10.33 89.16 0.00
[12:20:47.953] [ARM-RX] [84] <18.91 -54.63 -6.30> result: 100.48 105.40 -73.59 -10.48 89.00 0.00
[12:20:47.954] [ARM-RX] [85] <19.50 -56.32 -6.50> result: 100.62 105.76 -73.05 -10.62 88.84 0.00
[12:20:47.954] [ARM-RX] [86] <20.09 -58.05 -6.70> result: 100.77 106.13 -72.51 -10.77 88.67 0.00
[12:20:47.954] [ARM-RX] [87] <2
[12:20:47.975] [ARM-RX] 0.70 -59.79 -6.90> result: 100.91 106.51 -71.95 -10.91 88.49 0.00
[12:20:47.975] [ARM-RX] [88] <21.31 -61.56 -7.10> result: 101.04 106.88 -71.39 -11.05 88.31 0.00
[12:20:47.976] [ARM-RX] [89] <21.93 -63.36 -7.31> result: 101.18 107.26 -70.82 -11.18 88.12 0.00
[12:20:47.976] [ARM-RX] [90] <22.56 -65.18 -7.52> result: 101.31
[12:20:47.999] [ARM-RX] 107.64 -70.24 -11.32 87.92 0.00
[12:20:47.999] [ARM-RX] [91] <23.20 -67.02 -7.73> result: 101.44 108.03 -69.65 -11.45 87.72 0.00
[12:20:47.999] [ARM-RX] [92] <23.85 -68.89 -7.95> result: 101.57 108.41 -69.05 -11.58 87.51 0.00
[12:20:47.999] [ARM-RX] [93] <24.50 -70.78 -8.17> result: 101.69 108.80 -68.44 -11.70 87.30 0.00
[12:20:47.999] [ARM-RX] [
[12:20:48.021] [ARM-RX] 94] <25.16 -72.69 -8.39> result: 101.81 109.19 -67.82 -11.83 87.08 0.00
[12:20:48.022] [ARM-RX] [95] <25.83 -74.63 -8.61> result: 101.93 109.59 -67.19 -11.95 86.85 0.00
[12:20:48.022] [ARM-RX] [96] <26.51 -76.59 -8.84> result: 102.05 109.98 -66.56 -12.07 86.62 0.00
[12:20:48.022] [ARM-RX] [97] <27.20 -78.57 -9.07> result: 1
[12:20:48.044] [ARM-RX] 02.16 110.38 -65.92 -12.19 86.38 0.00
[12:20:48.045] [ARM-RX] [98] <27.89 -80.57 -9.30> result: 102.27 110.78 -65.27 -12.30 86.14 0.00
[12:20:48.050] [ARM-RX] [99] <28.59 -82.59 -9.53> result: 102.38 111.19 -64.60 -12.41 85.89 0.00
[12:20:48.050] [ARM-RX] [100] <29.30 -84.63 -9.77> result: 102.49 111.59 -63.94 -12.53 85.64
[12:20:48.069] [ARM-RX] 0.00
[12:20:48.069] [ARM-RX] [101] <30.01 -86.70 -10.00> result: 102.59 112.00 -63.26 -12.64 85.38 0.00
[12:20:48.069] [ARM-RX] [102] <30.73 -88.78 -10.24> result: 102.70 112.41 -62.57 -12.74 85.11 0.00
[12:20:48.070] [ARM-RX] [103] <31.46 -90.88 -10.49> result: 102.80 112.83 -61.88 -12.85 84.84 0.00
[12:20:48.070] [ARM-RX] [104] <32.19 -92.99 -1
[12:20:48.090] [ARM-RX] 0.73> result: 102.89 113.24 -61.18 -12.95 84.56 0.00
[12:20:48.091] [ARM-RX] [105] <32.93 -95.13 -10.98> result: 102.99 113.66 -60.47 -13.06 84.28 0.00
[12:20:48.091] [ARM-RX] [106] <33.68 -97.28 -11.23> result: 103.08 114.08 -59.75 -13.16 84.00 0.00
[12:20:48.091] [ARM-RX] [107] <34.43 -99.46 -11.48> result: 103.17 114.50
[12:20:48.125] [ARM-RX] -59.03 -13.25 83.70 0.00
[12:20:48.125] [ARM-RX] [108] <35.18 -101.64 -11.73> result: 103.26 114.93 -58.30 -13.35 83.41 0.00
[12:20:48.126] [ARM-RX] [109] <35.95 -103.84 -11.98> result: 103.35 115.36 -57.56 -13.45 83.11 0.00
[12:20:48.126] [ARM-RX] [110] <36.71 -106.06 -12.24> result: 103.43 115.79 -56.81 -13.54 82.80 0.00
[12:20:48.149] [ARM-RX] [111] <37.49 -108.29 -12.50> result: 103.52 116.22 -56.05 -13.64 82.49 0.00
[12:20:48.149] [ARM-RX] [112] <38.26 -110.54 -12.75> result: 103.60 116.65 -55.29 -13.73 82.17 0.00
[12:20:48.149] [ARM-RX] [113] <39.05 -112.80 -13.02> result: 103.68 117.09 -54.52 -13.82 81.85 0.00
[12:20:48.149] [ARM-RX] [114] <39.83 -115.07 -13
[12:20:48.171] [ARM-RX] .28> result: 103.76 117.53 -53.75 -13.91 81.52 0.00
[12:20:48.171] [ARM-RX] [115] <40.62 -117.36 -13.54> result: 103.83 117.97 -52.96 -14.00 81.19 0.00
[12:20:48.171] [ARM-RX] [116] <41.42 -119.65 -13.81> result: 103.91 118.41 -52.17 -14.09 80.86 0.00
[12:20:48.171] [ARM-RX] [117] <42.22 -121.96 -14.07> result: 103.98 118.8
[12:20:48.196] [ARM-RX] 6 -51.37 -14.18 80.52 0.00
[12:20:48.196] [ARM-RX] [118] <43.02 -124.28 -14.34> result: 104.05 119.30 -50.57 -14.26 80.18 0.00
[12:20:48.197] [ARM-RX] [119] <43.83 -126.61 -14.61> result: 104.12 119.75 -49.76 -14.35 79.83 0.00
[12:20:48.197] [ARM-RX] [120] <44.63 -128.95 -14.88> result: 104.19 120.20 -48.94 -14.43 79.48 0.0
[12:20:48.218] [ARM-RX] 0
[12:20:48.220] [ARM-RX] [121] <45.00 -130.00 -15.00> result: 104.22 120.41 -48.57 -14.47 79.32 0.00
[12:20:48.220] [ARM-RX] [122] <45.00 -130.00 -15.00> result: 104.22 120.41 -48.57 -14.47 79.32 0.00
[12:20:48.220] [ARM-RX] [123] <45.00 -130.00 -15.00> result: 104.22 120.41 -48.57 -14.47 79.32 0.00
[12:20:48.220] [ARM-RX] [124] <45.00 -130.00 -
[12:20:48.241] [ARM-RX] 15.00> result: 104.22 120.41 -48.57 -14.47 79.32 0.00
[12:20:48.241] [ARM-RX] [125] <45.00 -130.00 -15.00> result: 104.22 120.41 -48.57 -14.47 79.32 0.00
[12:20:48.241] [ARM-RX] [126] <45.00 -130.00 -15.00> result: 104.22 120.41 -48.57 -14.47 79.32 0.00
[12:20:48.242] [ARM-RX] [127] <45.00 -130.00 -15.00> result: 104.22 120
[12:20:48.266] [ARM-RX] .41 -48.57 -14.47 79.32 0.00
[12:20:48.266] [ARM-RX] [128] <45.00 -130.00 -15.00> result: 104.22 120.41 -48.57 -14.47 79.32 0.00
[12:20:48.266] [ARM-RX] [129] <45.00 -130.00 -15.00> result: 104.22 120.41 -48.57 -14.47 79.32 0.00
[12:20:48.266] [ARM-RX] [130] <45.00 -130.00 -15.00> result: 104.22 120.41 -48.57 -14.47 79.32 0
[12:20:48.299] [ARM-RX] .00
[12:20:48.299] [ARM-RX] [131] <45.00 -130.00 -15.00> result: 104.22 120.41 -48.57 -14.47 79.32 0.00
[12:20:48.299] [ARM-RX] [132] <45.00 -130.00 -15.00> result: 104.22 120.41 -48.57 -14.47 79.32 0.00
[12:20:48.299] [ARM-RX] [133] <45.00 -130.00 -15.00> result: 104.22 120.41 -48.57 -14.47 79.32 0.00
[12:20:48.300] [ARM-RX] [134] <45.00 -130.00
[12:20:48.322] [ARM-RX] -15.00> result: 104.22 120.41 -48.57 -14.47 79.32 0.00
[12:20:48.322] [ARM-RX] [135] <45.00 -130.00 -15.00> result: 104.22 120.41 -48.57 -14.47 79.32 0.00
[12:20:48.322] [ARM-RX] [136] <45.00 -130.00 -15.00> result: 104.22 120.41 -48.57 -14.47 79.32 0.00
[12:20:48.326] [ARM-RX] [137] <45.00 -130.00 -15.00> result: 104.22 1
[12:20:48.345] [ARM-RX] 20.41 -48.57 -14.47 79.32 0.00
[12:20:48.345] [ARM-RX] [138] <45.00 -130.00 -15.00> result: 104.22 120.41 -48.57 -14.47 79.32 0.00
[12:20:48.345] [ARM-RX] [139] <45.00 -130.00 -15.00> result: 104.22 120.41 -48.57 -14.47 79.32 0.00
[12:20:48.345] [ARM-RX] [140] <45.00 -130.00 -15.00> result: 104.22 120.41 -48.57 -14.47 79.32
[12:20:48.370] [ARM-RX] 0.00
[12:20:48.370] [ARM-RX] [141] <45.00 -130.00 -15.00> result: 104.22 120.41 -48.57 -14.47 79.32 0.00
[12:20:48.371] [ARM-RX] [142] <45.00 -130.00 -15.00> result: 104.22 120.41 -48.57 -14.47 79.32 0.00
[12:20:48.371] [ARM-RX] [143] <45.00 -130.00 -15.00> result: 104.22 120.41 -48.57 -14.47 79.32 0.00
[12:20:48.371] [ARM-RX] [144] <45.00 -130.
[12:20:48.392] [ARM-RX] 00 -15.00> result: 104.22 120.41 -48.57 -14.47 79.32 0.00
[12:20:48.392] [ARM-RX] [145] <45.00 -130.00 -15.00> result: 104.22 120.41 -48.57 -14.47 79.32 0.00
[12:20:48.392] [ARM-RX] [146] <45.00 -130.00 -15.00> result: 104.22 120.41 -48.57 -14.47 79.32 0.00
[12:20:48.392] [ARM-RX] [147] <45.00 -130.00 -15.00> result: 104.22
[12:20:48.414] [ARM-RX] 120.41 -48.57 -14.47 79.32 0.00
[12:20:48.415] [ARM-RX] [148] <45.00 -130.00 -15.00> result: 104.22 120.41 -48.57 -14.47 79.32 0.00
[12:20:48.415] [ARM-RX] [149] <45.00 -130.00 -15.00> result: 104.22 120.41 -48.57 -14.47 79.32 0.00
[12:20:48.415] [ARM-RX] [150] <45.00 -130.00 -15.00> result: 104.22 120.41 -48.57 -14.47 79.
[12:20:48.438] [ARM-RX] 32 0.00
[12:20:48.438] [ARM-RX] [151] <45.00 -130.00 -15.00> result: 104.22 120.41 -48.57 -14.47 79.32 0.00
[12:20:48.438] [ARM-RX] [152] <45.00 -130.00 -15.00> result: 104.22 120.41 -48.57 -14.47 79.32 0.00
[12:20:48.438] [ARM-RX] [153] <45.00 -130.00 -15.00> result: 104.22 120.41 -48.57 -14.47 79.32 0.00
[12:20:48.438] [ARM-RX] [154] <45.00 -13
[12:20:48.461] [ARM-RX] 0.00 -15.00> result: 104.22 120.41 -48.57 -14.47 79.32 0.00
[12:20:48.461] [ARM-RX] [155] <45.00 -130.00 -15.00> result: 104.22 120.41 -48.57 -14.47 79.32 0.00
[12:20:48.461] [ARM-RX] [156] <45.00 -130.00 -15.00> result: 104.22 120.41 -48.57 -14.47 79.32 0.00
[12:20:48.462] [ARM-RX] [157] <45.00 -130.00 -15.00> result: 104.
[12:20:48.496] [ARM-RX] 22 120.41 -48.57 -14.47 79.32 0.00
[12:20:48.496] [ARM-RX] [158] <45.00 -130.00 -15.00> result: 104.22 120.41 -48.57 -14.47 79.32 0.00
[12:20:48.496] [ARM-RX] [159] <45.00 -130.00 -15.00> result: 104.22 120.41 -48.57 -14.47 79.32 0.00
[12:20:48.496] [ARM-RX] [160] <45.00 -130.00 -15.00> result: 104.22 120.41 -48.57 -14.47 7
[12:20:48.518] [ARM-RX] 9.32 0.00
[12:20:48.518] [ARM-RX] [161] <45.00 -130.00 -15.00> result: 104.22 120.41 -48.57 -14.47 79.32 0.00
[12:20:48.518] [ARM-RX] [162] <45.00 -130.00 -15.00> result: 104.22 120.41 -48.57 -14.47 79.32 0.00
[12:20:48.518] [ARM-RX] [163] <45.00 -130.00 -15.00> result: 104.22 120.41 -48.57 -14.47 79.32 0.00
[12:20:48.520] [ARM-RX] [164] <45.00 -
[12:20:48.542] [ARM-RX] 130.00 -15.00> result: 104.22 120.41 -48.57 -14.47 79.32 0.00
[12:20:48.542] [ARM-RX] [165] <45.00 -130.00 -15.00> result: 104.22 120.41 -48.57 -14.47 79.32 0.00
[12:20:48.542] [ARM-RX] [166] <45.00 -130.00 -15.00> result: 104.22 120.41 -48.57 -14.47 79.32 0.00
[12:20:48.543] [ARM-RX] [167] <45.00 -130.00 -15.00> result: 10
[12:20:48.565] [ARM-RX] 4.22 120.41 -48.57 -14.47 79.32 0.00
[12:20:48.566] [ARM-RX] [168] <45.00 -130.00 -15.00> result: 104.22 120.41 -48.57 -14.47 79.32 0.00
[12:20:48.566] [ARM-RX] [169] <45.00 -130.00 -15.00> result: 104.22 120.41 -48.57 -14.47 79.32 0.00
[12:20:48.566] [ARM-RX] [170] <45.00 -130.00 -15.00> result: 104.22 120.41 -48.57 -14.47
[12:20:48.588] [ARM-RX] 79.32 0.00
[12:20:48.588] [ARM-RX] [171] <45.00 -130.00 -15.00> result: 104.22 120.41 -48.57 -14.47 79.32 0.00
[12:20:48.588] [ARM-RX] [172] <45.00 -130.00 -15.00> result: 104.22 120.41 -48.57 -14.47 79.32 0.00
[12:20:48.588] [ARM-RX] [173] <45.00 -130.00 -15.00> result: 104.22 120.41 -48.57 -14.47 79.32 0.00
[12:20:48.588] [ARM-RX] [174] <45.00
[12:20:48.613] [ARM-RX] -130.00 -15.00> result: 104.22 120.41 -48.57 -14.47 79.32 0.00
[12:20:48.613] [ARM-RX] [175] <45.00 -130.00 -15.00> result: 104.22 120.41 -48.57 -14.47 79.32 0.00
[12:20:48.613] [ARM-RX] [176] <45.00 -130.00 -15.00> result: 104.22 120.41 -48.57 -14.47 79.32 0.00
[12:20:48.613] [ARM-RX] [177] <45.00 -130.00 -15.00> result:
[12:20:48.633] [ARM-RX] 104.22 120.41 -48.57 -14.47 79.32 0.00
[12:20:48.634] [ARM-RX] [178] <45.00 -130.00 -15.00> result: 104.22 120.41 -48.57 -14.47 79.32 0.00
[12:20:48.634] [ARM-RX] [179] <45.00 -130.00 -15.00> result: 104.22 120.41 -48.57 -14.47 79.32 0.00
[12:20:48.634] [ARM-RX] [180] <45.00 -130.00 -15.00> result: 104.22 120.41 -48.57 -14.
[12:20:48.668] [ARM-RX] 47 79.32 0.00
[12:20:48.668] [ARM-RX] [181] <45.00 -130.00 -15.00> result: 104.22 120.41 -48.57 -14.47 79.32 0.00
[12:20:48.670] [ARM-RX] [182] <45.00 -130.00 -15.00> result: 104.22 120.41 -48.57 -14.47 79.32 0.00
[12:20:48.670] [ARM-RX] [183] <45.00 -130.00 -15.00> result: 104.22 120.41 -48.57 -14.47 79.32 0.00
[12:20:48.670] [ARM-RX] [184] <45.
[12:20:48.692] [ARM-RX] 00 -130.00 -15.00> result: 104.22 120.41 -48.57 -14.47 79.32 0.00
[12:20:48.692] [ARM-RX] [185] <45.00 -130.00 -15.00> result: 104.22 120.41 -48.57 -14.47 79.32 0.00
[12:20:48.693] [ARM-RX] [186] <45.00 -130.00 -15.00> result: 104.22 120.41 -48.57 -14.47 79.32 0.00
[12:20:48.693] [ARM-RX] [187] <45.00 -130.00 -15.00> result
[12:20:48.715] [ARM-RX] : 104.22 120.41 -48.57 -14.47 79.32 0.00
[12:20:48.715] [ARM-RX] [188] <45.00 -130.00 -15.00> result: 104.22 120.41 -48.57 -14.47 79.32 0.00
[12:20:48.715] [ARM-RX] [189] <45.00 -130.00 -15.00> result: 104.22 120.41 -48.57 -14.47 79.32 0.00
[12:20:48.715] [ARM-RX] [190] <45.00 -130.00 -15.00> result: 104.22 120.41 -48.57 -1
[12:20:48.737] [ARM-RX] 4.47 79.32 0.00
[12:20:48.738] [ARM-RX] [191] <45.00 -130.00 -15.00> result: 104.22 120.41 -48.57 -14.47 79.32 0.00
[12:20:48.738] [ARM-RX] [192] <45.00 -130.00 -15.00> result: 104.22 120.41 -48.57 -14.47 79.32 0.00
[12:20:48.738] [ARM-RX] [193] <45.00 -130.00 -15.00> result: 104.22 120.41 -48.57 -14.47 79.32 0.00
[12:20:48.738] [ARM-RX] [194] <4
[12:20:48.761] [ARM-RX] 5.00 -130.00 -15.00> result: 104.22 120.41 -48.57 -14.47 79.32 0.00
[12:20:48.761] [ARM-RX] [195] <45.00 -130.00 -15.00> result: 104.22 120.41 -48.57 -14.47 79.32 0.00
[12:20:48.761] [ARM-RX] [196] <45.00 -130.00 -15.00> result: 104.22 120.41 -48.57 -14.47 79.32 0.00
[12:20:48.763] [ARM-RX] [197] <45.00 -130.00 -15.00> resu
[12:20:48.785] [ARM-RX] lt: 104.22 120.41 -48.57 -14.47 79.32 0.00
[12:20:48.785] [ARM-RX] [198] <45.00 -130.00 -15.00> result: 104.22 120.41 -48.57 -14.47 79.32 0.00
[12:20:48.785] [ARM-RX] [199] <45.00 -130.00 -15.00> result: 104.22 120.41 -48.57 -14.47 79.32 0.00
[12:20:48.785] [ARM-RX] [200] <45.00 -130.00 -15.00> result: 104.22 120.41 -48.57
[12:20:48.807] [ARM-RX] -14.47 79.32 0.00
[12:20:48.808] [ARM-RX] [201] <45.00 -130.00 -15.00> result: 104.22 120.41 -48.57 -14.47 79.32 0.00
[12:20:48.808] [ARM-RX] [202] <45.00 -130.00 -15.00> result: 104.22 120.41 -48.57 -14.47 79.32 0.00
[12:20:48.808] [ARM-RX] [203] <45.00 -130.00 -15.00> result: 104.22 120.41 -48.57 -14.47 79.32 0.00
[12:20:48.808] [ARM-RX] [204]
[12:20:48.831] [ARM-RX] <45.00 -130.00 -15.00> result: 104.22 120.41 -48.57 -14.47 79.32 0.00
[12:20:48.831] [ARM-RX] [205] <45.00 -130.00 -15.00> result: 104.22 120.41 -48.57 -14.47 79.32 0.00
[12:20:48.831] [ARM-RX] [206] <45.00 -130.00 -15.00> result: 104.22 120.41 -48.57 -14.47 79.32 0.00
[12:20:48.831] [ARM-RX] [207] <45.00 -130.00 -15.00> re
[12:20:48.866] [ARM-RX] sult: 104.22 120.41 -48.57 -14.47 79.32 0.00
[12:20:48.866] [ARM-RX] [208] <45.00 -130.00 -15.00> result: 104.22 120.41 -48.57 -14.47 79.32 0.00
[12:20:48.866] [ARM-RX] [209] <45.00 -130.00 -15.00> result: 104.22 120.41 -48.57 -14.47 79.32 0.00
[12:20:48.867] [ARM-RX] [210] <45.00 -130.00 -15.00> result: 104.22 120.41 -48.5
[12:20:48.890] [ARM-RX] 7 -14.47 79.32 0.00
[12:20:48.890] [ARM-RX] [211] <45.00 -130.00 -15.00> result: 104.22 120.41 -48.57 -14.47 79.32 0.00
[12:20:48.890] [ARM-RX] [212] <45.00 -130.00 -15.00> result: 104.22 120.41 -48.57 -14.47 79.32 0.00
[12:20:48.890] [ARM-RX] [213] <45.00 -130.00 -15.00> result: 104.22 120.41 -48.57 -14.47 79.32 0.00
[12:20:48.891] [ARM-RX] [214
[12:20:48.911] [ARM-RX] ] <45.00 -130.00 -15.00> result: 104.22 120.41 -48.57 -14.47 79.32 0.00
[12:20:48.912] [ARM-RX] [215] <45.00 -130.00 -15.00> result: 104.22 120.41 -48.57 -14.47 79.32 0.00
[12:20:48.912] [ARM-RX] [216] <45.00 -130.00 -15.00> result: 104.22 120.41 -48.57 -14.47 79.32 0.00
[12:20:48.912] [ARM-RX] [217] <45.00 -130.00 -15.00>
[12:20:48.936] [ARM-RX] result: 104.22 120.41 -48.57 -14.47 79.32 0.00
[12:20:48.936] [ARM-RX] [218] <45.00 -130.00 -15.00> result: 104.22 120.41 -48.57 -14.47 79.32 0.00
[12:20:48.936] [ARM-RX] [219] <45.00 -130.00 -15.00> result: 104.22 120.41 -48.57 -14.47 79.32 0.00
[12:20:48.936] [ARM-RX] [220] <45.00 -130.00 -15.00> result: 104.22 120.41 -48
[12:20:48.958] [ARM-RX] .57 -14.47 79.32 0.00
[12:20:48.958] [ARM-RX] [221] <45.00 -130.00 -15.00> result: 104.22 120.41 -48.57 -14.47 79.32 0.00
[12:20:48.958] [ARM-RX] [222] <45.00 -130.00 -15.00> result: 104.22 120.41 -48.57 -14.47 79.32 0.00
[12:20:48.958] [ARM-RX] [223] <45.00 -130.00 -15.00> result: 104.22 120.41 -48.57 -14.47 79.32 0.00
[12:20:48.958] [ARM-RX] [2
[12:20:48.981] [ARM-RX] 24] <45.00 -130.00 -15.00> result: 104.22 120.41 -48.57 -14.47 79.32 0.00
[12:20:48.986] [ARM-RX] [225] <45.00 -130.00 -15.00> result: 104.22 120.41 -48.57 -14.47 79.32 0.00
[12:20:48.986] [ARM-RX] [226] <45.00 -130.00 -15.00> result: 104.22 120.41 -48.57 -14.47 79.32 0.00
[12:20:48.987] [ARM-RX] [227] <45.00 -130.00 -15.00
[12:20:49.003] [ARM-RX] > result: 104.22 120.41 -48.57 -14.47 79.32 0.00
[12:20:49.003] [ARM-RX] [228] <45.00 -130.00 -15.00> result: 104.22 120.41 -48.57 -14.47 79.32 0.00
[12:20:49.004] [ARM-RX] [229] <45.00 -130.00 -15.00> result: 104.22 120.41 -48.57 -14.47 79.32 0.00
[12:20:49.004] [ARM-RX] [230] <45.00 -130.00 -15.00> result: 104.22 120.41 -
[12:20:49.039] [ARM-RX] 48.57 -14.47 79.32 0.00
[12:20:49.039] [ARM-RX] [231] <45.00 -130.00 -15.00> result: 104.22 120.41 -48.57 -14.47 79.32 0.00
[12:20:49.039] [ARM-RX] [232] <45.00 -130.00 -15.00> result: 104.22 120.41 -48.57 -14.47 79.32 0.00
[12:20:49.040] [ARM-RX] [233] <45.00 -130.00 -15.00> result: 104.22 120.41 -48.57 -14.47 79.32 0.00
[12:20:49.061] [ARM-RX] [234] <45.00 -130.00 -15.00> result: 104.22 120.41 -48.57 -14.47 79.32 0.00
[12:20:49.062] [ARM-RX] [235] <45.00 -130.00 -15.00> result: 104.22 120.41 -48.57 -14.47 79.32 0.00
[12:20:49.062] [ARM-RX] [236] <45.00 -130.00 -15.00> result: 104.22 120.41 -48.57 -14.47 79.32 0.00
[12:20:49.062] [ARM-RX] [237] <45.00 -130.00 -15.
[12:20:49.084] [ARM-RX] 00> result: 104.22 120.41 -48.57 -14.47 79.32 0.00
[12:20:49.085] [ARM-RX] [238] <45.00 -130.00 -15.00> result: 104.22 120.41 -48.57 -14.47 79.32 0.00
[12:20:49.085] [ARM-RX] [239] <45.00 -130.00 -15.00> result: 104.22 120.41 -48.57 -14.47 79.32 0.00
[12:20:49.085] [ARM-RX] [240] <45.00 -130.00 -15.00> result: 104.22 120.41
[12:20:49.107] [ARM-RX] -48.57 -14.47 79.32 0.00
[12:20:49.107] [ARM-RX] [241] <45.00 -130.00 -15.00> result: 104.22 120.41 -48.57 -14.47 79.32 0.00
[12:20:49.108] [ARM-RX] [242] <45.00 -130.00 -15.00> result: 104.22 120.41 -48.57 -14.47 79.32 0.00
[12:20:49.108] [ARM-RX] [243] <45.00 -130.00 -15.00> result: 104.22 120.41 -48.57 -14.47 79.32 0.00
[12:20:49.131] [ARM-RX] [244] <45.00 -130.00 -15.00> result: 104.22 120.41 -48.57 -14.47 79.32 0.00
[12:20:49.131] [ARM-RX] [245] <45.00 -130.00 -15.00> result: 104.22 120.41 -48.57 -14.47 79.32 0.00
[12:20:49.131] [ARM-RX] [246] <45.00 -130.00 -15.00> result: 104.22 120.41 -48.57 -14.47 79.32 0.00
[12:20:49.132] [ARM-RX] [247] <45.00 -130.00 -1
[12:20:49.154] [ARM-RX] 5.00> result: 104.22 120.41 -48.57 -14.47 79.32 0.00
[12:20:49.154] [ARM-RX] [248] <45.00 -130.00 -15.00> result: 104.22 120.41 -48.57 -14.47 79.32 0.00
[12:20:49.154] [ARM-RX] [249] <45.00 -130.00 -15.00> result: 104.22 120.41 -48.57 -14.47 79.32 0.00
[12:20:49.156] [ARM-RX] [250] <45.00 -130.00 -15.00> result: 104.22 120.
[12:20:49.177] [ARM-RX] 41 -48.57 -14.47 79.32 0.00
[12:20:49.178] [ARM-RX] [251] <45.00 -130.00 -15.00> result: 104.22 120.41 -48.57 -14.47 79.32 0.00
[12:20:49.178] [ARM-RX] [252] <45.00 -130.00 -15.00> result: 104.22 120.41 -48.57 -14.47 79.32 0.00
[12:20:49.178] [ARM-RX] [253] <45.00 -130.00 -15.00> result: 104.22 120.41 -48.57 -14.47 79.32 0.
[12:20:49.200] [ARM-RX] 00
[12:20:49.200] [ARM-RX] [254] <45.00 -130.00 -15.00> result: 104.22 120.41 -48.57 -14.47 79.32 0.00
[12:20:49.200] [ARM-RX] [255] <45.00 -130.00 -15.00> result: 104.22 120.41 -48.57 -14.47 79.32 0.00
[12:20:49.200] [ARM-RX] [256] <45.00 -130.00 -15.00> result: 104.22 120.41 -48.57 -14.47 79.32 0.00
[12:20:49.200] [ARM-RX] [257] <45.00 -130.00
[12:20:49.235] [ARM-RX] -15.00> result: 104.22 120.41 -48.57 -14.47 79.32 0.00
[12:20:49.235] [ARM-RX] [258] <45.00 -130.00 -15.00> result: 104.22 120.41 -48.57 -14.47 79.32 0.00
[12:20:49.235] [ARM-RX] [259] <45.00 -130.00 -15.00> result: 104.22 120.41 -48.57 -14.47 79.32 0.00
[12:20:49.235] [ARM-RX] [260] <45.00 -130.00 -15.00> result: 104.22 12
[12:20:49.258] [ARM-RX] 0.41 -48.57 -14.47 79.32 0.00
[12:20:49.259] [ARM-RX] [261] <45.00 -130.00 -15.00> result: 104.22 120.41 -48.57 -14.47 79.32 0.00
[12:20:49.259] [ARM-RX] [262] <45.00 -130.00 -15.00> result: 104.22 120.41 -48.57 -14.47 79.32 0.00
[12:20:49.259] [ARM-RX] [263] <45.00 -130.00 -15.00> result: 104.22 120.41 -48.57 -14.47 79.32
[12:20:49.280] [ARM-RX] 0.00
[12:20:49.280] [ARM-RX] [264] <45.00 -130.00 -15.00> result: 104.22 120.41 -48.57 -14.47 79.32 0.00
[12:20:49.281] [ARM-RX] [265] <45.00 -130.00 -15.00> result: 104.22 120.41 -48.57 -14.47 79.32 0.00
[12:20:49.281] [ARM-RX] [266] <45.00 -130.00 -15.00> result: 104.22 120.41 -48.57 -14.47 79.32 0.00
[12:20:49.281] [ARM-RX] [267] <45.00 -130.0
[12:20:49.340] [ARM-RX] 0 -15.00> result: 104.22 120.41 -48.57 -14.47 79.32 0.00
[12:20:52.145] [ARM-RX] [joint 1] ave_error:0.44
[12:20:52.145] [ARM-RX] [joint 2] ave_error:7.35
[12:20:52.145] [ARM-RX] [joint 3] ave_error:8.08
[12:20:52.146] [ARM-RX] [joint 4] ave_error:0.53
[12:20:52.146] [ARM-RX] [joint 5] ave_error:1.12
[12:20:52.146] [ARM-RX] robot pid run finished!!
[12:20:52.657] [ARM-TX] 发送命令 abs_rotate 0 85: abs_rotate 0 85
[12:20:52.708] [ARM-RX] Found handler for 'abs_rotate', executing...
[12:20:52.933] [ARM-RX] AUTO final confirm failed: joint 2 err=12.75deg tol=3.00, pose invalid.
[12:20:52.933] [ARM-RX] J1 cur=104.14 target=104.22 err=0.07
[12:20:52.934] [ARM-RX] J2 cur=131.66 target=120.41 err=-11.25
[12:20:52.934] [ARM-RX] J3 cur=-35.82 target=-48.57 err=-12.75
[12:20:52.934] [ARM-RX] J4 cur=-14.56 target=-14.47 err=0.09
[12:20:52.934] [ARM-RX] J5 cur=79.05 targ
[12:20:52.990] [ARM-RX] et=79.32 err=0.27
[12:20:52.990] [ARM-RX] [joint_id: 0] ROBOT_JOINT_ABS_ROTATE 85.000000
[12:20:58.558] [ARM-TX] 发送命令 soft_reset: soft_reset
[12:20:58.609] [ARM-RX] Found handler for 'soft_reset', executing...
[12:20:58.609] [ARM-RX] ROBOT_SOFT_RESET_EVENT
[12:20:58.609] [ARM-RX] --- Starting soft reset ---
[12:20:58.796] [ARM-RX] Soft reset motors enabled (J1~J5, J6 skipped).
[12:20:58.796] [ARM-RX] Soft resetting joint 4...
[12:20:58.858] [ARM-RX] robot_update_current_angle 4...
[12:20:58.858] [ARM-RX] [4] current:79.05, target:90.00, dir:1
[12:20:59.981] [ARM-RX] Soft resetting joint 3...
[12:20:59.981] [ARM-RX] robot_update_current_angle 3...
[12:20:59.981] [ARM-RX] [3] current:-14.56, target:0.00, dir:1
[12:21:01.601] [ARM-RX] soft reset joint 3 settle timeout, keep going
[12:21:01.601] [ARM-RX] Soft resetting joint 1...
[12:21:01.601] [ARM-RX] robot_update_current_angle 1...
[12:21:01.601] [ARM-RX] [1] current:131.65, target:90.00, dir:-1
[12:21:03.781] [ARM-RX] soft reset joint 1 settle timeout, keep going
[12:21:03.781] [ARM-RX] Soft resetting joint 2...
[12:21:03.781] [ARM-RX] robot_update_current_angle 2...
[12:21:03.781] [ARM-RX] [2] current:-35.83, target:-90.00, dir:-1
[12:21:06.335] [ARM-RX] soft reset joint 2 settle timeout, keep going
[12:21:06.335] [ARM-RX] Soft resetting joint 0...
[12:21:06.336] [ARM-RX] robot_update_current_angle 0...
[12:21:06.336] [ARM-RX] [0] current:85.00, target:90.00, dir:1
[12:21:07.333] [ARM-RX] soft reset final verify PASS (issues:3), pose set HOME.
[12:21:10.188] [ARM-TX] 发送命令 auto 45 -130 -15: auto 45 -130 -15
[12:21:10.268] [ARM-RX] Found handler for 'auto', executing...
[12:21:10.268] [ARM-RX] ROBOT_AUTO_EVENT
[12:21:10.268] [ARM-RX] [0] <0.00 0.00 0.00> result: 90.00 90.00 -90.00 0.00 90.00 0.00
[12:21:10.268] [ARM-RX] [1] <0.00 -0.00 -0.00> result: 90.00 90.00 -90.00 -0.00 90.00 0.00
[12:21:10.268] [ARM-RX] [2] <0.00 -0.00 -0.00> result: 90.00 90.00 -90.00 -
[12:21:10.300] [ARM-RX] 0.00 90.00 0.00
[12:21:10.300] [ARM-RX] [3] <0.00 -0.00 -0.00> result: 90.00 90.00 -90.00 -0.00 90.00 0.00
[12:21:10.300] [ARM-RX] [4] <0.00 -0.01 -0.00> result: 90.00 90.00 -90.00 -0.00 90.00 0.00
[12:21:10.300] [ARM-RX] [5] <0.01 -0.02 -0.00> result: 90.01 90.01 -89.99 -0.01 90.00 0.00
[12:21:10.300] [ARM-RX] [6] <0.01 -0.03 -0.00> result: 90.0
[12:21:10.322] [ARM-RX] 1 90.01 -89.99 -0.01 90.00 0.00
[12:21:10.322] [ARM-RX] [7] <0.02 -0.05 -0.01> result: 90.02 90.02 -89.99 -0.02 90.01 0.00
[12:21:10.322] [ARM-RX] [8] <0.02 -0.07 -0.01> result: 90.03 90.03 -89.98 -0.03 90.01 0.00
[12:21:10.324] [ARM-RX] [9] <0.03 -0.09 -0.01> result: 90.04 90.04 -89.97 -0.04 90.01 0.00
[12:21:10.324] [ARM-RX] [10] <0.04 -0.13 -0
[12:21:10.345] [ARM-RX] .01> result: 90.05 90.05 -89.96 -0.05 90.02 0.00
[12:21:10.346] [ARM-RX] [11] <0.06 -0.17 -0.02> result: 90.07 90.07 -89.95 -0.07 90.02 0.00
[12:21:10.346] [ARM-RX] [12] <0.07 -0.21 -0.02> result: 90.09 90.09 -89.94 -0.09 90.03 0.00
[12:21:10.346] [ARM-RX] [13] <0.09 -0.27 -0.03> result: 90.11 90.11 -89.93 -0.11 90.04 0.00
[12:21:10.368] [ARM-RX] [14] <0.12 -0.33 -0.04> result: 90.14 90.14 -89.91 -0.14 90.05 0.00
[12:21:10.369] [ARM-RX] [15] <0.14 -0.41 -0.05> result: 90.17 90.17 -89.89 -0.17 90.06 0.00
[12:21:10.369] [ARM-RX] [16] <0.17 -0.49 -0.06> result: 90.20 90.20 -89.86 -0.20 90.07 0.00
[12:21:10.369] [ARM-RX] [17] <0.20 -0.59 -0.07> result: 90.24 90.24 -89.
[12:21:10.392] [ARM-RX] 84 -0.24 90.08 0.00
[12:21:10.392] [ARM-RX] [18] <0.24 -0.69 -0.08> result: 90.28 90.28 -89.81 -0.28 90.09 0.00
[12:21:10.392] [ARM-RX] [19] <0.28 -0.81 -0.09> result: 90.33 90.33 -89.78 -0.33 90.11 0.00
[12:21:10.392] [ARM-RX] [20] <0.33 -0.94 -0.11> result: 90.38 90.39 -89.74 -0.38 90.13 0.00
[12:21:10.392] [ARM-RX] [21] <0.37 -1.08 -0.12> resu
[12:21:10.414] [ARM-RX] lt: 90.44 90.44 -89.70 -0.44 90.14 0.00
[12:21:10.414] [ARM-RX] [22] <0.43 -1.24 -0.14> result: 90.50 90.51 -89.66 -0.50 90.16 0.00
[12:21:10.414] [ARM-RX] [23] <0.49 -1.41 -0.16> result: 90.57 90.58 -89.61 -0.57 90.18 0.00
[12:21:10.415] [ARM-RX] [24] <0.55 -1.60 -0.18> result: 90.64 90.65 -89.56 -0.64 90.21 0.00
[12:21:10.415] [ARM-RX] [25] <0.
[12:21:10.438] [ARM-RX] 62 -1.80 -0.21> result: 90.72 90.73 -89.50 -0.72 90.23 0.00
[12:21:10.438] [ARM-RX] [26] <0.70 -2.01 -0.23> result: 90.80 90.82 -89.44 -0.80 90.26 0.00
[12:21:10.438] [ARM-RX] [27] <0.78 -2.25 -0.26> result: 90.89 90.91 -89.38 -0.89 90.28 0.00
[12:21:10.438] [ARM-RX] [28] <0.86 -2.50 -0.29> result: 90.99 91.01 -89.31 -0.99
[12:21:10.472] [ARM-RX] 90.31 0.00
[12:21:10.473] [ARM-RX] [29] <0.96 -2.77 -0.32> result: 91.09 91.11 -89.23 -1.09 90.34 0.00
[12:21:10.473] [ARM-RX] [30] <1.06 -3.05 -0.35> result: 91.19 91.22 -89.15 -1.19 90.37 0.00
[12:21:10.473] [ARM-RX] [31] <1.16 -3.36 -0.39> result: 91.31 91.34 -89.07 -1.31 90.41 0.00
[12:21:10.473] [ARM-RX] [32] <1.27 -3.68 -0.42> result: 91.42
[12:21:10.496] [ARM-RX] 91.46 -88.98 -1.42 90.44 0.00
[12:21:10.496] [ARM-RX] [33] <1.39 -4.02 -0.46> result: 91.54 91.59 -88.88 -1.54 90.47 0.00
[12:21:10.496] [ARM-RX] [34] <1.52 -4.38 -0.51> result: 91.67 91.73 -88.78 -1.67 90.51 0.00
[12:21:10.496] [ARM-RX] [35] <1.65 -4.77 -0.55> result: 91.80 91.88 -88.67 -1.80 90.54 0.00
[12:21:10.496] [ARM-RX] [36] <1.79 -5.17
[12:21:10.519] [ARM-RX] -0.60> result: 91.94 92.03 -88.55 -1.94 90.58 0.00
[12:21:10.519] [ARM-RX] [37] <1.94 -5.60 -0.65> result: 92.08 92.18 -88.43 -2.08 90.61 0.00
[12:21:10.519] [ARM-RX] [38] <2.09 -6.04 -0.70> result: 92.23 92.35 -88.31 -2.23 90.65 0.00
[12:21:10.519] [ARM-RX] [39] <2.25 -6.51 -0.75> result: 92.38 92.52 -88.17 -2.38 90.69 0.0
[12:21:10.541] [ARM-RX] 0
[12:21:10.542] [ARM-RX] [40] <2.42 -7.01 -0.81> result: 92.54 92.69 -88.03 -2.54 90.72 0.00
[12:21:10.542] [ARM-RX] [41] <2.60 -7.52 -0.87> result: 92.70 92.88 -87.88 -2.70 90.76 0.00
[12:21:10.542] [ARM-RX] [42] <2.79 -8.06 -0.93> result: 92.87 93.07 -87.73 -2.87 90.79 0.00
[12:21:10.542] [ARM-RX] [43] <2.98 -8.62 -0.99> result: 93.04 93.26 -8
[12:21:10.564] [ARM-RX] 7.57 -3.04 90.83 0.00
[12:21:10.564] [ARM-RX] [44] <3.19 -9.21 -1.06> result: 93.21 93.46 -87.40 -3.21 90.86 0.00
[12:21:10.565] [ARM-RX] [45] <3.40 -9.82 -1.13> result: 93.39 93.67 -87.22 -3.39 90.89 0.00
[12:21:10.565] [ARM-RX] [46] <3.62 -10.45 -1.21> result: 93.56 93.89 -87.04 -3.56 90.92 0.00
[12:21:10.565] [ARM-RX] [47] <3.85 -11.11 -1.28>
[12:21:10.588] [ARM-RX] result: 93.75 94.11 -86.85 -3.75 90.95 0.00
[12:21:10.588] [ARM-RX] [48] <4.08 -11.80 -1.36> result: 93.93 94.33 -86.65 -3.93 90.98 0.00
[12:21:10.588] [ARM-RX] [49] <4.33 -12.51 -1.44> result: 94.12 94.56 -86.44 -4.12 91.00 0.00
[12:21:10.588] [ARM-RX] [50] <4.58 -13.24 -1.53> result: 94.31 94.80 -86.23 -4.31 91.03 0.00
[12:21:10.589] [ARM-RX] [
[12:21:10.610] [ARM-RX] 51] <4.85 -14.01 -1.62> result: 94.50 95.04 -86.01 -4.50 91.05 0.00
[12:21:10.611] [ARM-RX] [52] <5.12 -14.80 -1.71> result: 94.69 95.29 -85.77 -4.69 91.06 0.00
[12:21:10.611] [ARM-RX] [53] <5.40 -15.61 -1.80> result: 94.88 95.55 -85.53 -4.89 91.08 0.00
[12:21:10.611] [ARM-RX] [54] <5.70 -16.46 -1.90> result: 95.08 95.80 -8
[12:21:10.636] [ARM-RX] 5.29 -5.08 91.09 0.00
[12:21:10.636] [ARM-RX] [55] <6.00 -17.32 -2.00> result: 95.27 96.07 -85.03 -5.28 91.09 0.00
[12:21:10.636] [ARM-RX] [56] <6.31 -18.22 -2.10> result: 95.47 96.34 -84.76 -5.47 91.10 0.00
[12:21:10.638] [ARM-RX] [57] <6.63 -19.15 -2.21> result: 95.67 96.61 -84.49 -5.67 91.09 0.00
[12:21:10.638] [ARM-RX] [58] <6.96 -20.10 -2.32
[12:21:10.669] [ARM-RX] > result: 95.86 96.89 -84.21 -5.87 91.09 0.00
[12:21:10.669] [ARM-RX] [59] <7.30 -21.08 -2.43> result: 96.06 97.17 -83.91 -6.06 91.08 0.00
[12:21:10.669] [ARM-RX] [60] <7.64 -22.08 -2.55> result: 96.26 97.46 -83.61 -6.26 91.06 0.00
[12:21:10.670] [ARM-RX] [61] <8.00 -23.12 -2.67> result: 96.45 97.75 -83.30 -6.45 91.04 0.00
[12:21:10.691] [ARM-RX] [62] <8.37 -24.18 -2.79> result: 96.65 98.04 -82.98 -6.65 91.02 0.00
[12:21:10.691] [ARM-RX] [63] <8.75 -25.27 -2.92> result: 96.84 98.34 -82.66 -6.84 90.99 0.00
[12:21:10.692] [ARM-RX] [64] <9.14 -26.39 -3.05> result: 97.04 98.64 -82.32 -7.04 90.95 0.00
[12:21:10.692] [ARM-RX] [65] <9.53 -27.54 -3.18> result: 97.23 98.95
[12:21:10.715] [ARM-RX] -81.97 -7.23 90.91 0.00
[12:21:10.715] [ARM-RX] [66] <9.94 -28.71 -3.31> result: 97.42 99.26 -81.62 -7.42 90.87 0.00
[12:21:10.716] [ARM-RX] [67] <10.36 -29.92 -3.45> result: 97.61 99.57 -81.25 -7.61 90.82 0.00
[12:21:10.716] [ARM-RX] [68] <10.78 -31.15 -3.59> result: 97.79 99.89 -80.87 -7.79 90.76 0.00
[12:21:10.716] [ARM-RX] [69] <11.22 -32.41
[12:21:10.739] [ARM-RX] -3.74> result: 97.98 100.21 -80.49 -7.98 90.70 0.00
[12:21:10.739] [ARM-RX] [70] <11.66 -33.70 -3.89> result: 98.16 100.54 -80.10 -8.16 90.63 0.00
[12:21:10.739] [ARM-RX] [71] <12.12 -35.01 -4.04> result: 98.34 100.86 -79.69 -8.34 90.55 0.00
[12:21:10.739] [ARM-RX] [72] <12.59 -36.36 -4.20> result: 98.52 101.20 -79.28 -8.52
[12:21:10.761] [ARM-RX] 90.47 0.00
[12:21:10.762] [ARM-RX] [73] <13.06 -37.73 -4.35> result: 98.70 101.53 -78.86 -8.70 90.38 0.00
[12:21:10.762] [ARM-RX] [74] <13.55 -39.13 -4.52> result: 98.87 101.87 -78.43 -8.87 90.29 0.00
[12:21:10.762] [ARM-RX] [75] <14.04 -40.56 -4.68> result: 99.05 102.21 -77.99 -9.05 90.19 0.00
[12:21:10.762] [ARM-RX] [76] <14.54 -42.01 -4.85> r
[12:21:10.784] [ARM-RX] esult: 99.21 102.55 -77.53 -9.21 90.08 0.00
[12:21:10.785] [ARM-RX] [77] <15.06 -43.50 -5.02> result: 99.38 102.90 -77.07 -9.38 89.97 0.00
[12:21:10.785] [ARM-RX] [78] <15.58 -45.01 -5.19> result: 99.55 103.24 -76.60 -9.55 89.85 0.00
[12:21:10.785] [ARM-RX] [79] <16.11 -46.54 -5.37> result: 99.71 103.60 -76.13 -9.71 89.73 0
[12:21:10.808] [ARM-RX] .00
[12:21:10.808] [ARM-RX] [80] <16.65 -48.11 -5.55> result: 99.87 103.95 -75.64 -9.87 89.59 0.00
[12:21:10.808] [ARM-RX] [81] <17.20 -49.70 -5.73> result: 100.02 104.31 -75.14 -10.02 89.45 0.00
[12:21:10.808] [ARM-RX] [82] <17.76 -51.32 -5.92> result: 100.18 104.67 -74.63 -10.18 89.31 0.00
[12:21:10.808] [ARM-RX] [83] <18.33 -52.96 -6.11> resul
[12:21:10.842] [ARM-RX] t: 100.33 105.03 -74.11 -10.33 89.16 0.00
[12:21:10.842] [ARM-RX] [84] <18.91 -54.63 -6.30> result: 100.48 105.40 -73.59 -10.48 89.00 0.00
[12:21:10.842] [ARM-RX] [85] <19.50 -56.32 -6.50> result: 100.62 105.76 -73.05 -10.62 88.84 0.00
[12:21:10.842] [ARM-RX] [86] <20.09 -58.05 -6.70> result: 100.77 106.13 -72.51 -10.77 88.
[12:21:10.865] [ARM-RX] 67 0.00
[12:21:10.865] [ARM-RX] [87] <20.70 -59.79 -6.90> result: 100.91 106.51 -71.95 -10.91 88.49 0.00
[12:21:10.866] [ARM-RX] [88] <21.31 -61.56 -7.10> result: 101.04 106.88 -71.39 -11.05 88.31 0.00
[12:21:10.866] [ARM-RX] [89] <21.93 -63.36 -7.31> result: 101.18 107.26 -70.82 -11.18 88.12 0.00
[12:21:10.866] [ARM-RX] [90] <22.56 -65.18 -7.52>
[12:21:10.889] [ARM-RX] result: 101.31 107.64 -70.24 -11.32 87.92 0.00
[12:21:10.889] [ARM-RX] [91] <23.20 -67.02 -7.73> result: 101.44 108.03 -69.65 -11.45 87.72 0.00
[12:21:10.889] [ARM-RX] [92] <23.85 -68.89 -7.95> result: 101.57 108.41 -69.05 -11.58 87.51 0.00
[12:21:10.889] [ARM-RX] [93] <24.50 -70.78 -8.17> result: 101.69 108.80 -68.44 -11.
[12:21:10.911] [ARM-RX] 70 87.30 0.00
[12:21:10.912] [ARM-RX] [94] <25.16 -72.69 -8.39> result: 101.81 109.19 -67.82 -11.83 87.08 0.00
[12:21:10.912] [ARM-RX] [95] <25.83 -74.63 -8.61> result: 101.93 109.59 -67.19 -11.95 86.85 0.00
[12:21:10.912] [ARM-RX] [96] <26.51 -76.59 -8.84> result: 102.05 109.98 -66.56 -12.07 86.62 0.00
[12:21:10.913] [ARM-RX] [97] <27.20 -78.57
[12:21:10.935] [ARM-RX] -9.07> result: 102.16 110.38 -65.92 -12.19 86.38 0.00
[12:21:10.935] [ARM-RX] [98] <27.89 -80.57 -9.30> result: 102.27 110.78 -65.27 -12.30 86.14 0.00
[12:21:10.935] [ARM-RX] [99] <28.59 -82.59 -9.53> result: 102.38 111.19 -64.60 -12.41 85.89 0.00
[12:21:10.936] [ARM-RX] [100] <29.30 -84.63 -9.77> result: 102.49 111.59 -63.
[12:21:10.957] [ARM-RX] 94 -12.53 85.64 0.00
[12:21:10.957] [ARM-RX] [101] <30.01 -86.70 -10.00> result: 102.59 112.00 -63.26 -12.64 85.38 0.00
[12:21:10.958] [ARM-RX] [102] <30.73 -88.78 -10.24> result: 102.70 112.41 -62.57 -12.74 85.11 0.00
[12:21:10.958] [ARM-RX] [103] <31.46 -90.88 -10.49> result: 102.80 112.83 -61.88 -12.85 84.84 0.00
[12:21:10.958] [ARM-RX] [104]
[12:21:10.981] [ARM-RX] <32.19 -92.99 -10.73> result: 102.89 113.24 -61.18 -12.95 84.56 0.00
[12:21:10.981] [ARM-RX] [105] <32.93 -95.13 -10.98> result: 102.99 113.66 -60.47 -13.06 84.28 0.00
[12:21:10.981] [ARM-RX] [106] <33.68 -97.28 -11.23> result: 103.08 114.08 -59.75 -13.16 84.00 0.00
[12:21:10.981] [ARM-RX] [107] <34.43 -99.46 -11.48> result
[12:21:11.004] [ARM-RX] : 103.17 114.50 -59.03 -13.25 83.70 0.00
[12:21:11.005] [ARM-RX] [108] <35.18 -101.64 -11.73> result: 103.26 114.93 -58.30 -13.35 83.41 0.00
[12:21:11.005] [ARM-RX] [109] <35.95 -103.84 -11.98> result: 103.35 115.36 -57.56 -13.45 83.11 0.00
[12:21:11.005] [ARM-RX] [110] <36.71 -106.06 -12.24> result: 103.43 115.79 -56.81 -1
[12:21:11.038] [ARM-RX] 3.54 82.80 0.00
[12:21:11.038] [ARM-RX] [111] <37.49 -108.29 -12.50> result: 103.52 116.22 -56.05 -13.64 82.49 0.00
[12:21:11.038] [ARM-RX] [112] <38.26 -110.54 -12.75> result: 103.60 116.65 -55.29 -13.73 82.17 0.00
[12:21:11.039] [ARM-RX] [113] <39.05 -112.80 -13.02> result: 103.68 117.09 -54.52 -13.82 81.85 0.00
[12:21:11.039] [ARM-RX] [114] <3
[12:21:11.061] [ARM-RX] 9.83 -115.07 -13.28> result: 103.76 117.53 -53.75 -13.91 81.52 0.00
[12:21:11.061] [ARM-RX] [115] <40.62 -117.36 -13.54> result: 103.83 117.97 -52.96 -14.00 81.19 0.00
[12:21:11.061] [ARM-RX] [116] <41.42 -119.65 -13.81> result: 103.91 118.41 -52.17 -14.09 80.86 0.00
[12:21:11.061] [ARM-RX] [117] <42.22 -121.96 -14.07> resu
[12:21:11.085] [ARM-RX] lt: 103.98 118.86 -51.37 -14.18 80.52 0.00
[12:21:11.086] [ARM-RX] [118] <43.02 -124.28 -14.34> result: 104.05 119.30 -50.57 -14.26 80.18 0.00
[12:21:11.086] [ARM-RX] [119] <43.83 -126.61 -14.61> result: 104.12 119.75 -49.76 -14.35 79.83 0.00
[12:21:11.086] [ARM-RX] [120] <44.63 -128.95 -14.88> result: 104.19 120.20 -48.94
[12:21:11.108] [ARM-RX] -14.43 79.48 0.00
[12:21:11.109] [ARM-RX] [121] <45.00 -130.00 -15.00> result: 104.22 120.41 -48.57 -14.47 79.32 0.00
[12:21:11.109] [ARM-RX] [122] <45.00 -130.00 -15.00> result: 104.22 120.41 -48.57 -14.47 79.32 0.00
[12:21:11.109] [ARM-RX] [123] <45.00 -130.00 -15.00> result: 104.22 120.41 -48.57 -14.47 79.32 0.00
[12:21:11.109] [ARM-RX] [124]
[12:21:11.131] [ARM-RX] <45.00 -130.00 -15.00> result: 104.22 120.41 -48.57 -14.47 79.32 0.00
[12:21:11.131] [ARM-RX] [125] <45.00 -130.00 -15.00> result: 104.22 120.41 -48.57 -14.47 79.32 0.00
[12:21:11.132] [ARM-RX] [126] <45.00 -130.00 -15.00> result: 104.22 120.41 -48.57 -14.47 79.32 0.00
[12:21:11.132] [ARM-RX] [127] <45.00 -130.00 -15.00> re
[12:21:11.155] [ARM-RX] sult: 104.22 120.41 -48.57 -14.47 79.32 0.00
[12:21:11.155] [ARM-RX] [128] <45.00 -130.00 -15.00> result: 104.22 120.41 -48.57 -14.47 79.32 0.00
[12:21:11.155] [ARM-RX] [129] <45.00 -130.00 -15.00> result: 104.22 120.41 -48.57 -14.47 79.32 0.00
[12:21:11.155] [ARM-RX] [130] <45.00 -130.00 -15.00> result: 104.22 120.41 -48.5
[12:21:11.177] [ARM-RX] 7 -14.47 79.32 0.00
[12:21:11.178] [ARM-RX] [131] <45.00 -130.00 -15.00> result: 104.22 120.41 -48.57 -14.47 79.32 0.00
[12:21:11.178] [ARM-RX] [132] <45.00 -130.00 -15.00> result: 104.22 120.41 -48.57 -14.47 79.32 0.00
[12:21:11.178] [ARM-RX] [133] <45.00 -130.00 -15.00> result: 104.22 120.41 -48.57 -14.47 79.32 0.00
[12:21:11.178] [ARM-RX] [134
[12:21:11.212] [ARM-RX] ] <45.00 -130.00 -15.00> result: 104.22 120.41 -48.57 -14.47 79.32 0.00
[12:21:11.212] [ARM-RX] [135] <45.00 -130.00 -15.00> result: 104.22 120.41 -48.57 -14.47 79.32 0.00
[12:21:11.213] [ARM-RX] [136] <45.00 -130.00 -15.00> result: 104.22 120.41 -48.57 -14.47 79.32 0.00
[12:21:11.213] [ARM-RX] [137] <45.00 -130.00 -15.00>
[12:21:11.237] [ARM-RX] result: 104.22 120.41 -48.57 -14.47 79.32 0.00
[12:21:11.238] [ARM-RX] [138] <45.00 -130.00 -15.00> result: 104.22 120.41 -48.57 -14.47 79.32 0.00
[12:21:11.238] [ARM-RX] [139] <45.00 -130.00 -15.00> result: 104.22 120.41 -48.57 -14.47 79.32 0.00
[12:21:11.238] [ARM-RX] [140] <45.00 -130.00 -15.00> result: 104.22 120.41 -48
[12:21:11.258] [ARM-RX] .57 -14.47 79.32 0.00
[12:21:11.259] [ARM-RX] [141] <45.00 -130.00 -15.00> result: 104.22 120.41 -48.57 -14.47 79.32 0.00
[12:21:11.259] [ARM-RX] [142] <45.00 -130.00 -15.00> result: 104.22 120.41 -48.57 -14.47 79.32 0.00
[12:21:11.259] [ARM-RX] [143] <45.00 -130.00 -15.00> result: 104.22 120.41 -48.57 -14.47 79.32 0.00
[12:21:11.259] [ARM-RX] [1
[12:21:11.282] [ARM-RX] 44] <45.00 -130.00 -15.00> result: 104.22 120.41 -48.57 -14.47 79.32 0.00
[12:21:11.282] [ARM-RX] [145] <45.00 -130.00 -15.00> result: 104.22 120.41 -48.57 -14.47 79.32 0.00
[12:21:11.282] [ARM-RX] [146] <45.00 -130.00 -15.00> result: 104.22 120.41 -48.57 -14.47 79.32 0.00
[12:21:11.283] [ARM-RX] [147] <45.00 -130.00 -15.00
[12:21:11.304] [ARM-RX] > result: 104.22 120.41 -48.57 -14.47 79.32 0.00
[12:21:11.305] [ARM-RX] [148] <45.00 -130.00 -15.00> result: 104.22 120.41 -48.57 -14.47 79.32 0.00
[12:21:11.305] [ARM-RX] [149] <45.00 -130.00 -15.00> result: 104.22 120.41 -48.57 -14.47 79.32 0.00
[12:21:11.305] [ARM-RX] [150] <45.00 -130.00 -15.00> result: 104.22 120.41 -
[12:21:11.328] [ARM-RX] 48.57 -14.47 79.32 0.00
[12:21:11.332] [ARM-RX] [151] <45.00 -130.00 -15.00> result: 104.22 120.41 -48.57 -14.47 79.32 0.00
[12:21:11.332] [ARM-RX] [152] <45.00 -130.00 -15.00> result: 104.22 120.41 -48.57 -14.47 79.32 0.00
[12:21:11.332] [ARM-RX] [153] <45.00 -130.00 -15.00> result: 104.22 120.41 -48.57 -14.47 79.32 0.00
[12:21:11.351] [ARM-RX] [154] <45.00 -130.00 -15.00> result: 104.22 120.41 -48.57 -14.47 79.32 0.00
[12:21:11.351] [ARM-RX] [155] <45.00 -130.00 -15.00> result: 104.22 120.41 -48.57 -14.47 79.32 0.00
[12:21:11.351] [ARM-RX] [156] <45.00 -130.00 -15.00> result: 104.22 120.41 -48.57 -14.47 79.32 0.00
[12:21:11.351] [ARM-RX] [157] <45.00 -130.00 -15.
[12:21:11.373] [ARM-RX] 00> result: 104.22 120.41 -48.57 -14.47 79.32 0.00
[12:21:11.374] [ARM-RX] [158] <45.00 -130.00 -15.00> result: 104.22 120.41 -48.57 -14.47 79.32 0.00
[12:21:11.374] [ARM-RX] [159] <45.00 -130.00 -15.00> result: 104.22 120.41 -48.57 -14.47 79.32 0.00
[12:21:11.374] [ARM-RX] [160] <45.00 -130.00 -15.00> result: 104.22 120.41
[12:21:11.409] [ARM-RX] -48.57 -14.47 79.32 0.00
[12:21:11.409] [ARM-RX] [161] <45.00 -130.00 -15.00> result: 104.22 120.41 -48.57 -14.47 79.32 0.00
[12:21:11.409] [ARM-RX] [162] <45.00 -130.00 -15.00> result: 104.22 120.41 -48.57 -14.47 79.32 0.00
[12:21:11.410] [ARM-RX] [163] <45.00 -130.00 -15.00> result: 104.22 120.41 -48.57 -14.47 79.32 0.00
[12:21:11.432] [ARM-RX] [164] <45.00 -130.00 -15.00> result: 104.22 120.41 -48.57 -14.47 79.32 0.00
[12:21:11.432] [ARM-RX] [165] <45.00 -130.00 -15.00> result: 104.22 120.41 -48.57 -14.47 79.32 0.00
[12:21:11.432] [ARM-RX] [166] <45.00 -130.00 -15.00> result: 104.22 120.41 -48.57 -14.47 79.32 0.00
[12:21:11.432] [ARM-RX] [167] <45.00 -130.00 -1
[12:21:11.454] [ARM-RX] 5.00> result: 104.22 120.41 -48.57 -14.47 79.32 0.00
[12:21:11.455] [ARM-RX] [168] <45.00 -130.00 -15.00> result: 104.22 120.41 -48.57 -14.47 79.32 0.00
[12:21:11.455] [ARM-RX] [169] <45.00 -130.00 -15.00> result: 104.22 120.41 -48.57 -14.47 79.32 0.00
[12:21:11.455] [ARM-RX] [170] <45.00 -130.00 -15.00> result: 104.22 120.
[12:21:11.477] [ARM-RX] 41 -48.57 -14.47 79.32 0.00
[12:21:11.477] [ARM-RX] [171] <45.00 -130.00 -15.00> result: 104.22 120.41 -48.57 -14.47 79.32 0.00
[12:21:11.478] [ARM-RX] [172] <45.00 -130.00 -15.00> result: 104.22 120.41 -48.57 -14.47 79.32 0.00
[12:21:11.478] [ARM-RX] [173] <45.00 -130.00 -15.00> result: 104.22 120.41 -48.57 -14.47 79.32 0.
[12:21:11.502] [ARM-RX] 00
[12:21:11.502] [ARM-RX] [174] <45.00 -130.00 -15.00> result: 104.22 120.41 -48.57 -14.47 79.32 0.00
[12:21:11.502] [ARM-RX] [175] <45.00 -130.00 -15.00> result: 104.22 120.41 -48.57 -14.47 79.32 0.00
[12:21:11.502] [ARM-RX] [176] <45.00 -130.00 -15.00> result: 104.22 120.41 -48.57 -14.47 79.32 0.00
[12:21:11.503] [ARM-RX] [177] <45.00 -130.00
[12:21:11.524] [ARM-RX] -15.00> result: 104.22 120.41 -48.57 -14.47 79.32 0.00
[12:21:11.525] [ARM-RX] [178] <45.00 -130.00 -15.00> result: 104.22 120.41 -48.57 -14.47 79.32 0.00
[12:21:11.525] [ARM-RX] [179] <45.00 -130.00 -15.00> result: 104.22 120.41 -48.57 -14.47 79.32 0.00
[12:21:11.525] [ARM-RX] [180] <45.00 -130.00 -15.00> result: 104.22 12
[12:21:11.548] [ARM-RX] 0.41 -48.57 -14.47 79.32 0.00
[12:21:11.548] [ARM-RX] [181] <45.00 -130.00 -15.00> result: 104.22 120.41 -48.57 -14.47 79.32 0.00
[12:21:11.548] [ARM-RX] [182] <45.00 -130.00 -15.00> result: 104.22 120.41 -48.57 -14.47 79.32 0.00
[12:21:11.548] [ARM-RX] [183] <45.00 -130.00 -15.00> result: 104.22 120.41 -48.57 -14.47 79.32
[12:21:11.581] [ARM-RX] 0.00
[12:21:11.582] [ARM-RX] [184] <45.00 -130.00 -15.00> result: 104.22 120.41 -48.57 -14.47 79.32 0.00
[12:21:11.582] [ARM-RX] [185] <45.00 -130.00 -15.00> result: 104.22 120.41 -48.57 -14.47 79.32 0.00
[12:21:11.582] [ARM-RX] [186] <45.00 -130.00 -15.00> result: 104.22 120.41 -48.57 -14.47 79.32 0.00
[12:21:11.582] [ARM-RX] [187] <45.00 -130.0
[12:21:11.604] [ARM-RX] 0 -15.00> result: 104.22 120.41 -48.57 -14.47 79.32 0.00
[12:21:11.604] [ARM-RX] [188] <45.00 -130.00 -15.00> result: 104.22 120.41 -48.57 -14.47 79.32 0.00
[12:21:11.604] [ARM-RX] [189] <45.00 -130.00 -15.00> result: 104.22 120.41 -48.57 -14.47 79.32 0.00
[12:21:11.605] [ARM-RX] [190] <45.00 -130.00 -15.00> result: 104.22
[12:21:11.628] [ARM-RX] 120.41 -48.57 -14.47 79.32 0.00
[12:21:11.628] [ARM-RX] [191] <45.00 -130.00 -15.00> result: 104.22 120.41 -48.57 -14.47 79.32 0.00
[12:21:11.629] [ARM-RX] [192] <45.00 -130.00 -15.00> result: 104.22 120.41 -48.57 -14.47 79.32 0.00
[12:21:11.629] [ARM-RX] [193] <45.00 -130.00 -15.00> result: 104.22 120.41 -48.57 -14.47 79.3
[12:21:11.651] [ARM-RX] 2 0.00
[12:21:11.652] [ARM-RX] [194] <45.00 -130.00 -15.00> result: 104.22 120.41 -48.57 -14.47 79.32 0.00
[12:21:11.652] [ARM-RX] [195] <45.00 -130.00 -15.00> result: 104.22 120.41 -48.57 -14.47 79.32 0.00
[12:21:11.652] [ARM-RX] [196] <45.00 -130.00 -15.00> result: 104.22 120.41 -48.57 -14.47 79.32 0.00
[12:21:11.652] [ARM-RX] [197] <45.00 -130
[12:21:11.674] [ARM-RX] .00 -15.00> result: 104.22 120.41 -48.57 -14.47 79.32 0.00
[12:21:11.674] [ARM-RX] [198] <45.00 -130.00 -15.00> result: 104.22 120.41 -48.57 -14.47 79.32 0.00
[12:21:11.674] [ARM-RX] [199] <45.00 -130.00 -15.00> result: 104.22 120.41 -48.57 -14.47 79.32 0.00
[12:21:11.675] [ARM-RX] [200] <45.00 -130.00 -15.00> result: 104.2
[12:21:11.697] [ARM-RX] 2 120.41 -48.57 -14.47 79.32 0.00
[12:21:11.697] [ARM-RX] [201] <45.00 -130.00 -15.00> result: 104.22 120.41 -48.57 -14.47 79.32 0.00
[12:21:11.698] [ARM-RX] [202] <45.00 -130.00 -15.00> result: 104.22 120.41 -48.57 -14.47 79.32 0.00
[12:21:11.698] [ARM-RX] [203] <45.00 -130.00 -15.00> result: 104.22 120.41 -48.57 -14.47 79
[12:21:11.721] [ARM-RX] .32 0.00
[12:21:11.721] [ARM-RX] [204] <45.00 -130.00 -15.00> result: 104.22 120.41 -48.57 -14.47 79.32 0.00
[12:21:11.721] [ARM-RX] [205] <45.00 -130.00 -15.00> result: 104.22 120.41 -48.57 -14.47 79.32 0.00
[12:21:11.722] [ARM-RX] [206] <45.00 -130.00 -15.00> result: 104.22 120.41 -48.57 -14.47 79.32 0.00
[12:21:11.722] [ARM-RX] [207] <45.00 -1
[12:21:11.744] [ARM-RX] 30.00 -15.00> result: 104.22 120.41 -48.57 -14.47 79.32 0.00
[12:21:11.744] [ARM-RX] [208] <45.00 -130.00 -15.00> result: 104.22 120.41 -48.57 -14.47 79.32 0.00
[12:21:11.744] [ARM-RX] [209] <45.00 -130.00 -15.00> result: 104.22 120.41 -48.57 -14.47 79.32 0.00
[12:21:11.744] [ARM-RX] [210] <45.00 -130.00 -15.00> result: 104
[12:21:11.778] [ARM-RX] .22 120.41 -48.57 -14.47 79.32 0.00
[12:21:11.779] [ARM-RX] [211] <45.00 -130.00 -15.00> result: 104.22 120.41 -48.57 -14.47 79.32 0.00
[12:21:11.779] [ARM-RX] [212] <45.00 -130.00 -15.00> result: 104.22 120.41 -48.57 -14.47 79.32 0.00
[12:21:11.779] [ARM-RX] [213] <45.00 -130.00 -15.00> result: 104.22 120.41 -48.57 -14.47
[12:21:11.801] [ARM-RX] 79.32 0.00
[12:21:11.802] [ARM-RX] [214] <45.00 -130.00 -15.00> result: 104.22 120.41 -48.57 -14.47 79.32 0.00
[12:21:11.802] [ARM-RX] [215] <45.00 -130.00 -15.00> result: 104.22 120.41 -48.57 -14.47 79.32 0.00
[12:21:11.802] [ARM-RX] [216] <45.00 -130.00 -15.00> result: 104.22 120.41 -48.57 -14.47 79.32 0.00
[12:21:11.802] [ARM-RX] [217] <45.00
[12:21:11.824] [ARM-RX] -130.00 -15.00> result: 104.22 120.41 -48.57 -14.47 79.32 0.00
[12:21:11.825] [ARM-RX] [218] <45.00 -130.00 -15.00> result: 104.22 120.41 -48.57 -14.47 79.32 0.00
[12:21:11.825] [ARM-RX] [219] <45.00 -130.00 -15.00> result: 104.22 120.41 -48.57 -14.47 79.32 0.00
[12:21:11.825] [ARM-RX] [220] <45.00 -130.00 -15.00> result: 1
[12:21:11.848] [ARM-RX] 04.22 120.41 -48.57 -14.47 79.32 0.00
[12:21:11.848] [ARM-RX] [221] <45.00 -130.00 -15.00> result: 104.22 120.41 -48.57 -14.47 79.32 0.00
[12:21:11.848] [ARM-RX] [222] <45.00 -130.00 -15.00> result: 104.22 120.41 -48.57 -14.47 79.32 0.00
[12:21:11.848] [ARM-RX] [223] <45.00 -130.00 -15.00> result: 104.22 120.41 -48.57 -14.4
[12:21:11.870] [ARM-RX] 7 79.32 0.00
[12:21:11.871] [ARM-RX] [224] <45.00 -130.00 -15.00> result: 104.22 120.41 -48.57 -14.47 79.32 0.00
[12:21:11.871] [ARM-RX] [225] <45.00 -130.00 -15.00> result: 104.22 120.41 -48.57 -14.47 79.32 0.00
[12:21:11.871] [ARM-RX] [226] <45.00 -130.00 -15.00> result: 104.22 120.41 -48.57 -14.47 79.32 0.00
[12:21:11.871] [ARM-RX] [227] <45.0
[12:21:11.893] [ARM-RX] 0 -130.00 -15.00> result: 104.22 120.41 -48.57 -14.47 79.32 0.00
[12:21:11.893] [ARM-RX] [228] <45.00 -130.00 -15.00> result: 104.22 120.41 -48.57 -14.47 79.32 0.00
[12:21:11.894] [ARM-RX] [229] <45.00 -130.00 -15.00> result: 104.22 120.41 -48.57 -14.47 79.32 0.00
[12:21:11.894] [ARM-RX] [230] <45.00 -130.00 -15.00> result:
[12:21:11.917] [ARM-RX] 104.22 120.41 -48.57 -14.47 79.32 0.00
[12:21:11.918] [ARM-RX] [231] <45.00 -130.00 -15.00> result: 104.22 120.41 -48.57 -14.47 79.32 0.00
[12:21:11.918] [ARM-RX] [232] <45.00 -130.00 -15.00> result: 104.22 120.41 -48.57 -14.47 79.32 0.00
[12:21:11.918] [ARM-RX] [233] <45.00 -130.00 -15.00> result: 104.22 120.41 -48.57 -14
[12:21:11.958] [ARM-RX] .47 79.32 0.00
[12:21:11.958] [ARM-RX] [234] <45.00 -130.00 -15.00> result: 104.22 120.41 -48.57 -14.47 79.32 0.00
[12:21:11.958] [ARM-RX] [235] <45.00 -130.00 -15.00> result: 104.22 120.41 -48.57 -14.47 79.32 0.00
[12:21:11.959] [ARM-RX] [236] <45.00 -130.00 -15.00> result: 104.22 120.41 -48.57 -14.47 79.32 0.00
[12:21:11.959] [ARM-RX] [237] <45
[12:21:11.978] [ARM-RX] .00 -130.00 -15.00> result: 104.22 120.41 -48.57 -14.47 79.32 0.00
[12:21:11.978] [ARM-RX] [238] <45.00 -130.00 -15.00> result: 104.22 120.41 -48.57 -14.47 79.32 0.00
[12:21:11.978] [ARM-RX] [239] <45.00 -130.00 -15.00> result: 104.22 120.41 -48.57 -14.47 79.32 0.00
[12:21:11.979] [ARM-RX] [240] <45.00 -130.00 -15.00> resul
[12:21:11.997] [ARM-RX] t: 104.22 120.41 -48.57 -14.47 79.32 0.00
[12:21:11.997] [ARM-RX] [241] <45.00 -130.00 -15.00> result: 104.22 120.41 -48.57 -14.47 79.32 0.00
[12:21:11.997] [ARM-RX] [242] <45.00 -130.00 -15.00> result: 104.22 120.41 -48.57 -14.47 79.32 0.00
[12:21:11.999] [ARM-RX] [243] <45.00 -130.00 -15.00> result: 104.22 120.41 -48.57 -
[12:21:12.021] [ARM-RX] 14.47 79.32 0.00
[12:21:12.021] [ARM-RX] [244] <45.00 -130.00 -15.00> result: 104.22 120.41 -48.57 -14.47 79.32 0.00
[12:21:12.021] [ARM-RX] [245] <45.00 -130.00 -15.00> result: 104.22 120.41 -48.57 -14.47 79.32 0.00
[12:21:12.021] [ARM-RX] [246] <45.00 -130.00 -15.00> result: 104.22 120.41 -48.57 -14.47 79.32 0.00
[12:21:12.022] [ARM-RX] [247] <
[12:21:12.045] [ARM-RX] 45.00 -130.00 -15.00> result: 104.22 120.41 -48.57 -14.47 79.32 0.00
[12:21:12.045] [ARM-RX] [248] <45.00 -130.00 -15.00> result: 104.22 120.41 -48.57 -14.47 79.32 0.00
[12:21:12.045] [ARM-RX] [249] <45.00 -130.00 -15.00> result: 104.22 120.41 -48.57 -14.47 79.32 0.00
[12:21:12.046] [ARM-RX] [250] <45.00 -130.00 -15.00> res
[12:21:12.068] [ARM-RX] ult: 104.22 120.41 -48.57 -14.47 79.32 0.00
[12:21:12.069] [ARM-RX] [251] <45.00 -130.00 -15.00> result: 104.22 120.41 -48.57 -14.47 79.32 0.00
[12:21:12.069] [ARM-RX] [252] <45.00 -130.00 -15.00> result: 104.22 120.41 -48.57 -14.47 79.32 0.00
[12:21:12.069] [ARM-RX] [253] <45.00 -130.00 -15.00> result: 104.22 120.41 -48.57
[12:21:12.089] [ARM-RX] -14.47 79.32 0.00
[12:21:12.091] [ARM-RX] [254] <45.00 -130.00 -15.00> result: 104.22 120.41 -48.57 -14.47 79.32 0.00
[12:21:12.091] [ARM-RX] [255] <45.00 -130.00 -15.00> result: 104.22 120.41 -48.57 -14.47 79.32 0.00
[12:21:12.091] [ARM-RX] [256] <45.00 -130.00 -15.00> result: 104.22 120.41 -48.57 -14.47 79.32 0.00
[12:21:12.091] [ARM-RX] [257]
[12:21:12.113] [ARM-RX] <45.00 -130.00 -15.00> result: 104.22 120.41 -48.57 -14.47 79.32 0.00
[12:21:12.113] [ARM-RX] [258] <45.00 -130.00 -15.00> result: 104.22 120.41 -48.57 -14.47 79.32 0.00
[12:21:12.113] [ARM-RX] [259] <45.00 -130.00 -15.00> result: 104.22 120.41 -48.57 -14.47 79.32 0.00
[12:21:12.113] [ARM-RX] [260] <45.00 -130.00 -15.00> r
[12:21:12.148] [ARM-RX] esult: 104.22 120.41 -48.57 -14.47 79.32 0.00
[12:21:12.148] [ARM-RX] [261] <45.00 -130.00 -15.00> result: 104.22 120.41 -48.57 -14.47 79.32 0.00
[12:21:12.149] [ARM-RX] [262] <45.00 -130.00 -15.00> result: 104.22 120.41 -48.57 -14.47 79.32 0.00
[12:21:12.149] [ARM-RX] [263] <45.00 -130.00 -15.00> result: 104.22 120.41 -48.
[12:21:12.171] [ARM-RX] 57 -14.47 79.32 0.00
[12:21:12.172] [ARM-RX] [264] <45.00 -130.00 -15.00> result: 104.22 120.41 -48.57 -14.47 79.32 0.00
[12:21:12.172] [ARM-RX] [265] <45.00 -130.00 -15.00> result: 104.22 120.41 -48.57 -14.47 79.32 0.00
[12:21:12.172] [ARM-RX] [266] <45.00 -130.00 -15.00> result: 104.22 120.41 -48.57 -14.47 79.32 0.00
[12:21:12.172] [ARM-RX] [26
[12:21:12.231] [ARM-RX] 7] <45.00 -130.00 -15.00> result: 104.22 120.41 -48.57 -14.47 79.32 0.00
[12:21:15.039] [ARM-RX] [joint 1] ave_error:0.44
[12:21:15.039] [ARM-RX] [joint 2] ave_error:7.35
[12:21:15.039] [ARM-RX] [joint 3] ave_error:8.07
[12:21:15.039] [ARM-RX] [joint 4] ave_error:0.53
[12:21:15.040] [ARM-RX] [joint 5] ave_error:1.11
[12:21:15.040] [ARM-RX] robot pid run finished!!
[12:21:15.819] [ARM-RX] AUTO final confirm failed: joint 2 err=12.67deg tol=3.00, pose invalid.
[12:21:15.820] [ARM-RX] J1 cur=104.14 target=104.22 err=0.07
[12:21:15.820] [ARM-RX] J2 cur=131.65 target=120.41 err=-11.25
[12:21:15.820] [ARM-RX] J3 cur=-35.90 target=-48.57 err=-12.67
[12:21:15.821] [ARM-RX] J4 cur=-14.56 target=-14.47 err=0.09
[12:21:15.822] [ARM-RX] J5 cur=79.05 targ
[12:21:15.882] [ARM-RX] et=79.32 err=0.27
[12:21:19.338] [ARM-TX] 发送命令 read_all: read_all
[12:21:19.372] [ARM-RX] Found handler for 'read_all', executing...
[12:21:19.372] [ARM-RX] ROBOT_READ_ALL_EVENT
[12:21:19.372] [ARM-RX] read_all ret=0 elapsed=2 ms missing=0x00
[12:21:19.372] [ARM-RX] J1 angle=104.14
[12:21:19.373] [ARM-RX] J2 angle=131.65
[12:21:19.373] [ARM-RX] J3 angle=324.09
[12:21:19.373] [ARM-RX] J4 angle=345.44
[12:21:19.373] [ARM-RX] J5 angle=79.05
[12:21:21.129] [ARM-TX] 发送命令 abs_rotate 0 85: abs_rotate 0 85
[12:21:21.238] [ARM-RX] Found handler for 'abs_rotate', executing...
[12:21:21.238] [ARM-RX] [joint_id: 0] ROBOT_JOINT_ABS_ROTATE 85.000000
[12:21:24.142] [ARM-TX] 发送命令 read_all: read_all
[12:21:24.293] [ARM-RX] Found handler for 'read_all', executing...
[12:21:24.293] [ARM-RX] ROBOT_READ_ALL_EVENT
[12:21:24.294] [ARM-RX] read_all ret=0 elapsed=2 ms missing=0x00
[12:21:24.294] [ARM-RX] J1 angle=85.00
[12:21:24.294] [ARM-RX] J2 angle=131.65
[12:21:24.294] [ARM-RX] J3 angle=324.09
[12:21:24.294] [ARM-RX] J4 angle=345.44
[12:21:24.294] [ARM-RX] J5 angle=79.05
[12:21:51.790] [ARM-TX] 发送命令 soft_reset: soft_reset
[12:21:51.905] [ARM-RX] Found handler for 'soft_reset', executing...
[12:21:51.905] [ARM-RX] ROBOT_SOFT_RESET_EVENT
[12:21:51.906] [ARM-RX] --- Starting soft reset ---
[12:21:52.093] [ARM-RX] Soft reset motors enabled (J1~J5, J6 skipped).
[12:21:52.093] [ARM-RX] Soft resetting joint 4...
[12:21:52.154] [ARM-RX] robot_update_current_angle 4...
[12:21:52.154] [ARM-RX] [4] current:79.05, target:90.00, dir:1
[12:21:53.281] [ARM-RX] Soft resetting joint 3...
[12:21:53.281] [ARM-RX] robot_update_current_angle 3...
[12:21:53.281] [ARM-RX] [3] current:-14.56, target:0.00, dir:1
[12:21:54.900] [ARM-RX] soft reset joint 3 settle timeout, keep going
[12:21:54.900] [ARM-RX] Soft resetting joint 1...
[12:21:54.900] [ARM-RX] robot_update_current_angle 1...
[12:21:54.901] [ARM-RX] [1] current:131.65, target:90.00, dir:-1
[12:21:57.081] [ARM-RX] soft reset joint 1 settle timeout, keep going
[12:21:57.081] [ARM-RX] Soft resetting joint 2...
[12:21:57.081] [ARM-RX] robot_update_current_angle 2...
[12:21:57.082] [ARM-RX] [2] current:-35.91, target:-90.00, dir:-1
[12:21:59.630] [ARM-RX] soft reset joint 2 settle timeout, keep going
[12:21:59.630] [ARM-RX] Soft resetting joint 0...
[12:21:59.630] [ARM-RX] robot_update_current_angle 0...
[12:21:59.630] [ARM-RX] [0] current:85.00, target:90.00, dir:1
[12:22:00.626] [ARM-RX] soft reset final verify PASS (issues:3), pose set HOME.
[12:22:04.498] [ARM-TX] 发送命令 soft_reset: soft_reset
[12:22:04.565] [ARM-RX] Found handler for 'soft_reset', executing...
[12:22:04.565] [ARM-RX] ROBOT_SOFT_RESET_EVENT
[12:22:04.565] [ARM-RX] --- Starting soft reset ---
[12:22:04.752] [ARM-RX] Soft reset motors enabled (J1~J5, J6 skipped).
[12:22:04.752] [ARM-RX] Soft resetting joint 4...
[12:22:04.814] [ARM-RX] robot_update_current_angle 4...
[12:22:04.814] [ARM-RX] [4] current:90.00, target:90.00, dir:-1
[12:22:04.937] [ARM-RX] Soft resetting joint 3...
[12:22:04.937] [ARM-RX] robot_update_current_angle 3...
[12:22:04.937] [ARM-RX] [3] current:-0.00, target:0.00, dir:1
[12:22:05.061] [ARM-RX] Soft resetting joint 1...
[12:22:05.123] [ARM-RX] robot_update_current_angle 1...
[12:22:05.123] [ARM-RX] [1] current:90.00, target:90.00, dir:-1
[12:22:05.250] [ARM-RX] Soft resetting joint 2...
[12:22:05.250] [ARM-RX] robot_update_current_angle 2...
[12:22:05.250] [ARM-RX] [2] current:-90.00, target:-90.00, dir:-1
[12:22:05.374] [ARM-RX] Soft resetting joint 0...
[12:22:05.374] [ARM-RX] robot_update_current_angle 0...
[12:22:05.374] [ARM-RX] [0] current:90.00, target:90.00, dir:-1
[12:22:05.621] [ARM-RX] soft reset final verify PASS (issues:0), pose set HOME.
[12:22:06.817] [ARM-TX] 发送命令 auto 0 -130 -15: auto 0 -130 -15
[12:22:06.856] [ARM-RX] Found handler for 'auto', executing...
[12:22:06.856] [ARM-RX] ROBOT_AUTO_EVENT
[12:22:06.856] [ARM-RX] [0] <0.00 0.00 0.00> result: 90.00 90.00 -90.00 0.00 90.00 0.00
[12:22:06.856] [ARM-RX] [1] <0.00 -0.00 -0.00> result: 90.00 90.00 -90.00 0.00 90.00 0.00
[12:22:06.857] [ARM-RX] [2] <0.00 -0.00 -0.00> result: 90.00 90.00 -90.00 0.00 90.00 0.00
[12:22:06.857] [ARM-RX] [
[12:22:06.878] [ARM-RX] 3] <0.00 -0.01 -0.00> result: 90.00 90.00 -90.00 0.00 90.00 0.00
[12:22:06.879] [ARM-RX] [4] <0.00 -0.01 -0.00> result: 90.00 90.00 -90.00 0.00 90.00 0.00
[12:22:06.879] [ARM-RX] [5] <0.00 -0.02 -0.00> result: 90.00 90.01 -89.99 0.00 90.00 0.00
[12:22:06.879] [ARM-RX] [6] <0.00 -0.03 -0.00> result: 90.00 90.01 -89.99 0.00 9
[12:22:06.901] [ARM-RX] 0.00 0.00
[12:22:06.901] [ARM-RX] [7] <0.00 -0.05 -0.01> result: 90.00 90.02 -89.99 0.00 90.01 0.00
[12:22:06.902] [ARM-RX] [8] <0.00 -0.07 -0.01> result: 90.00 90.03 -89.98 0.00 90.01 0.00
[12:22:06.902] [ARM-RX] [9] <0.00 -0.10 -0.01> result: 90.00 90.04 -89.97 0.00 90.01 0.00
[12:22:06.902] [ARM-RX] [10] <0.00 -0.14 -0.02> result: 90.00 90.06
[12:22:06.925] [ARM-RX] -89.96 0.00 90.02 0.00
[12:22:06.925] [ARM-RX] [11] <0.00 -0.18 -0.02> result: 90.00 90.08 -89.95 0.00 90.02 0.00
[12:22:06.925] [ARM-RX] [12] <0.00 -0.23 -0.03> result: 90.00 90.10 -89.94 0.00 90.03 0.00
[12:22:06.925] [ARM-RX] [13] <0.00 -0.29 -0.03> result: 90.00 90.12 -89.92 0.00 90.04 0.00
[12:22:06.926] [ARM-RX] [14] <0.00 -0.36 -0.04> resu
[12:22:06.946] [ARM-RX] lt: 90.00 90.15 -89.90 0.00 90.05 0.00
[12:22:06.946] [ARM-RX] [15] <0.00 -0.44 -0.05> result: 90.00 90.18 -89.88 0.00 90.06 0.00
[12:22:06.946] [ARM-RX] [16] <0.00 -0.53 -0.06> result: 90.00 90.22 -89.85 0.00 90.07 0.00
[12:22:06.947] [ARM-RX] [17] <0.00 -0.64 -0.07> result: 90.00 90.26 -89.82 0.00 90.09 0.00
[12:22:06.947] [ARM-RX] [18] <0.00 -
[12:22:06.969] [ARM-RX] 0.75 -0.09> result: 90.00 90.31 -89.79 0.00 90.10 0.00
[12:22:06.970] [ARM-RX] [19] <0.00 -0.88 -0.10> result: 90.00 90.36 -89.76 0.00 90.12 0.00
[12:22:06.970] [ARM-RX] [20] <0.00 -1.02 -0.12> result: 90.00 90.42 -89.72 0.00 90.14 0.00
[12:22:06.970] [ARM-RX] [21] <0.00 -1.18 -0.14> result: 90.00 90.48 -89.68 0.00 90.16 0.
[12:22:06.992] [ARM-RX] 00
[12:22:06.993] [ARM-RX] [22] <0.00 -1.35 -0.16> result: 90.00 90.55 -89.63 0.00 90.18 0.00
[12:22:06.993] [ARM-RX] [23] <0.00 -1.53 -0.18> result: 90.00 90.62 -89.58 0.00 90.20 0.00
[12:22:06.993] [ARM-RX] [24] <0.00 -1.73 -0.20> result: 90.00 90.70 -89.52 0.00 90.22 0.00
[12:22:06.993] [ARM-RX] [25] <0.00 -1.95 -0.23> result: 90.00 90.79 -89.
[12:22:07.028] [ARM-RX] 46 0.00 90.25 0.00
[12:22:07.028] [ARM-RX] [26] <0.00 -2.19 -0.25> result: 90.00 90.88 -89.39 0.00 90.28 0.00
[12:22:07.028] [ARM-RX] [27] <0.00 -2.44 -0.28> result: 90.00 90.98 -89.32 0.00 90.31 0.00
[12:22:07.028] [ARM-RX] [28] <0.00 -2.71 -0.31> result: 90.00 91.09 -89.25 0.00 90.34 0.00
[12:22:07.028] [ARM-RX] [29] <0.00 -3.00 -0.35> result:
[12:22:07.049] [ARM-RX] 90.00 91.20 -89.17 0.00 90.37 0.00
[12:22:07.049] [ARM-RX] [30] <0.00 -3.31 -0.38> result: 90.00 91.32 -89.08 0.00 90.40 0.00
[12:22:07.049] [ARM-RX] [31] <0.00 -3.64 -0.42> result: 90.00 91.45 -88.99 0.00 90.44 0.00
[12:22:07.050] [ARM-RX] [32] <0.00 -3.99 -0.46> result: 90.00 91.58 -88.89 0.00 90.47 0.00
[12:22:07.050] [ARM-RX] [33] <0.00 -4.37
[12:22:07.072] [ARM-RX] -0.50> result: 90.00 91.72 -88.79 0.00 90.51 0.00
[12:22:07.073] [ARM-RX] [34] <0.00 -4.76 -0.55> result: 90.00 91.87 -88.68 0.00 90.54 0.00
[12:22:07.073] [ARM-RX] [35] <0.00 -5.17 -0.60> result: 90.00 92.02 -88.56 0.00 90.58 0.00
[12:22:07.073] [ARM-RX] [36] <0.00 -5.61 -0.65> result: 90.00 92.18 -88.44 0.00 90.62 0.00
[12:22:07.095] [ARM-RX] [37] <0.00 -6.07 -0.70> result: 90.00 92.35 -88.31 0.00 90.66 0.00
[12:22:07.095] [ARM-RX] [38] <0.00 -6.56 -0.76> result: 90.00 92.52 -88.17 0.00 90.69 0.00
[12:22:07.095] [ARM-RX] [39] <0.00 -7.07 -0.82> result: 90.00 92.70 -88.03 0.00 90.73 0.00
[12:22:07.095] [ARM-RX] [40] <0.00 -7.60 -0.88> result: 90.00 92.89 -87.88 0
[12:22:07.121] [ARM-RX] .00 90.77 0.00
[12:22:07.121] [ARM-RX] [41] <0.00 -8.16 -0.94> result: 90.00 93.08 -87.72 0.00 90.81 0.00
[12:22:07.122] [ARM-RX] [42] <0.00 -8.74 -1.01> result: 90.00 93.28 -87.56 0.00 90.84 0.00
[12:22:07.122] [ARM-RX] [43] <0.00 -9.35 -1.08> result: 90.00 93.49 -87.39 0.00 90.88 0.00
[12:22:07.122] [ARM-RX] [44] <0.00 -9.98 -1.15> result: 90.0
[12:22:07.141] [ARM-RX] 0 93.70 -87.21 0.00 90.91 0.00
[12:22:07.142] [ARM-RX] [45] <0.00 -10.64 -1.23> result: 90.00 93.92 -87.02 0.00 90.94 0.00
[12:22:07.142] [ARM-RX] [46] <0.00 -11.33 -1.31> result: 90.00 94.15 -86.83 0.00 90.97 0.00
[12:22:07.142] [ARM-RX] [47] <0.00 -12.04 -1.39> result: 90.00 94.38 -86.62 0.00 91.00 0.00
[12:22:07.142] [ARM-RX] [48] <0.00 -12.78
[12:22:07.164] [ARM-RX] -1.47> result: 90.00 94.62 -86.41 0.00 91.03 0.00
[12:22:07.164] [ARM-RX] [49] <0.00 -13.55 -1.56> result: 90.00 94.86 -86.19 0.00 91.05 0.00
[12:22:07.164] [ARM-RX] [50] <0.00 -14.34 -1.66> result: 90.00 95.11 -85.96 0.00 91.07 0.00
[12:22:07.165] [ARM-RX] [51] <0.00 -15.17 -1.75> result: 90.00 95.36 -85.73 0.00 91.09 0.0
[12:22:07.187] [ARM-RX] 0
[12:22:07.187] [ARM-RX] [52] <0.00 -16.02 -1.85> result: 90.00 95.62 -85.48 0.00 91.11 0.00
[12:22:07.187] [ARM-RX] [53] <0.00 -16.90 -1.95> result: 90.00 95.89 -85.23 0.00 91.12 0.00
[12:22:07.188] [ARM-RX] [54] <0.00 -17.81 -2.05> result: 90.00 96.16 -84.97 0.00 91.13 0.00
[12:22:07.188] [ARM-RX] [55] <0.00 -18.75 -2.16> result: 90.00 96.43 -
[12:22:07.221] [ARM-RX] 84.70 0.00 91.13 0.00
[12:22:07.222] [ARM-RX] [56] <0.00 -19.71 -2.27> result: 90.00 96.71 -84.42 0.00 91.13 0.00
[12:22:07.222] [ARM-RX] [57] <0.00 -20.71 -2.39> result: 90.00 96.99 -84.13 0.00 91.13 0.00
[12:22:07.222] [ARM-RX] [58] <0.00 -21.74 -2.51> result: 90.00 97.28 -83.84 0.00 91.12 0.00
[12:22:07.222] [ARM-RX] [59] <0.00 -22.79 -2.63> r
[12:22:07.244] [ARM-RX] esult: 90.00 97.57 -83.53 0.00 91.11 0.00
[12:22:07.244] [ARM-RX] [60] <0.00 -23.88 -2.75> result: 90.00 97.87 -83.22 0.00 91.09 0.00
[12:22:07.244] [ARM-RX] [61] <0.00 -24.99 -2.88> result: 90.00 98.17 -82.89 0.00 91.06 0.00
[12:22:07.245] [ARM-RX] [62] <0.00 -26.13 -3.02> result: 90.00 98.48 -82.56 0.00 91.04 0.00
[12:22:07.245] [ARM-RX] [63] <
[12:22:07.267] [ARM-RX] 0.00 -27.31 -3.15> result: 90.00 98.78 -82.22 0.00 91.00 0.00
[12:22:07.267] [ARM-RX] [64] <0.00 -28.51 -3.29> result: 90.00 99.10 -81.87 0.00 90.96 0.00
[12:22:07.267] [ARM-RX] [65] <0.00 -29.74 -3.43> result: 90.00 99.41 -81.51 0.00 90.92 0.00
[12:22:07.269] [ARM-RX] [66] <0.00 -31.01 -3.58> result: 90.00 99.73 -81.14 0.0
[12:22:07.290] [ARM-RX] 0 90.87 0.00
[12:22:07.291] [ARM-RX] [67] <0.00 -32.30 -3.73> result: 90.00 100.05 -80.76 0.00 90.81 0.00
[12:22:07.291] [ARM-RX] [68] <0.00 -33.62 -3.88> result: 90.00 100.38 -80.37 0.00 90.75 0.00
[12:22:07.291] [ARM-RX] [69] <0.00 -34.97 -4.04> result: 90.00 100.71 -79.97 0.00 90.68 0.00
[12:22:07.291] [ARM-RX] [70] <0.00 -36.36 -4.19> result:
[12:22:07.313] [ARM-RX] 90.00 101.04 -79.56 0.00 90.60 0.00
[12:22:07.313] [ARM-RX] [71] <0.00 -37.77 -4.36> result: 90.00 101.38 -79.15 0.00 90.52 0.00
[12:22:07.314] [ARM-RX] [72] <0.00 -39.21 -4.52> result: 90.00 101.72 -78.72 0.00 90.44 0.00
[12:22:07.314] [ARM-RX] [73] <0.00 -40.68 -4.69> result: 90.00 102.06 -78.28 0.00 90.34 0.00
[12:22:07.314] [ARM-RX] [74] <0.
[12:22:07.340] [ARM-RX] 00 -42.18 -4.87> result: 90.00 102.40 -77.84 0.00 90.24 0.00
[12:22:07.340] [ARM-RX] [75] <0.00 -43.70 -5.04> result: 90.00 102.75 -77.39 0.00 90.13 0.00
[12:22:07.340] [ARM-RX] [76] <0.00 -45.26 -5.22> result: 90.00 103.10 -76.92 0.00 90.02 0.00
[12:22:07.341] [ARM-RX] [77] <0.00 -46.85 -5.41> result: 90.00 103.45 -76.45 0
[12:22:07.359] [ARM-RX] .00 89.90 0.00
[12:22:07.359] [ARM-RX] [78] <0.00 -48.46 -5.59> result: 90.00 103.81 -75.97 0.00 89.77 0.00
[12:22:07.360] [ARM-RX] [79] <0.00 -50.10 -5.78> result: 90.00 104.17 -75.47 0.00 89.64 0.00
[12:22:07.360] [ARM-RX] [80] <0.00 -51.77 -5.97> result: 90.00 104.53 -74.97 0.00 89.50 0.00
[12:22:07.360] [ARM-RX] [81] <0.00 -53.47 -6.17> resul
[12:22:07.393] [ARM-RX] t: 90.00 104.89 -74.46 0.00 89.36 0.00
[12:22:07.393] [ARM-RX] [82] <0.00 -55.20 -6.37> result: 90.00 105.26 -73.94 0.00 89.20 0.00
[12:22:07.394] [ARM-RX] [83] <0.00 -56.95 -6.57> result: 90.00 105.63 -73.42 0.00 89.04 0.00
[12:22:07.394] [ARM-RX] [84] <0.00 -58.73 -6.78> result: 90.00 106.00 -72.88 0.00 88.88 0.00
[12:22:07.394] [ARM-RX] [85] <
[12:22:07.416] [ARM-RX] 0.00 -60.54 -6.99> result: 90.00 106.37 -72.33 0.00 88.70 0.00
[12:22:07.416] [ARM-RX] [86] <0.00 -62.37 -7.20> result: 90.00 106.75 -71.78 0.00 88.52 0.00
[12:22:07.416] [ARM-RX] [87] <0.00 -64.23 -7.41> result: 90.00 107.13 -71.21 0.00 88.34 0.00
[12:22:07.417] [ARM-RX] [88] <0.00 -66.11 -7.63> result: 90.00 107.51 -70.64
[12:22:07.439] [ARM-RX] 0.00 88.15 0.00
[12:22:07.439] [ARM-RX] [89] <0.00 -68.02 -7.85> result: 90.00 107.89 -70.06 0.00 87.95 0.00
[12:22:07.440] [ARM-RX] [90] <0.00 -69.95 -8.07> result: 90.00 108.28 -69.47 0.00 87.74 0.00
[12:22:07.440] [ARM-RX] [91] <0.00 -71.91 -8.30> result: 90.00 108.67 -68.87 0.00 87.53 0.00
[12:22:07.440] [ARM-RX] [92] <0.00 -73.89 -8.53> res
[12:22:07.462] [ARM-RX] ult: 90.00 109.06 -68.26 0.00 87.31 0.00
[12:22:07.462] [ARM-RX] [93] <0.00 -75.90 -8.76> result: 90.00 109.45 -67.64 0.00 87.09 0.00
[12:22:07.462] [ARM-RX] [94] <0.00 -77.93 -8.99> result: 90.00 109.85 -67.02 0.00 86.86 0.00
[12:22:07.462] [ARM-RX] [95] <0.00 -79.98 -9.23> result: 90.00 110.24 -66.38 0.00 86.62 0.00
[12:22:07.463] [ARM-RX] [96]
[12:22:07.487] [ARM-RX] <0.00 -82.05 -9.47> result: 90.00 110.64 -65.74 0.00 86.38 0.00
[12:22:07.487] [ARM-RX] [97] <0.00 -84.15 -9.71> result: 90.00 111.04 -65.09 0.00 86.13 0.00
[12:22:07.487] [ARM-RX] [98] <0.00 -86.26 -9.95> result: 90.00 111.45 -64.43 0.00 85.88 0.00
[12:22:07.487] [ARM-RX] [99] <0.00 -88.40 -10.20> result: 90.00 111.86 -63
[12:22:07.508] [ARM-RX] .77 0.00 85.62 0.00
[12:22:07.508] [ARM-RX] [100] <0.00 -90.56 -10.45> result: 90.00 112.26 -63.09 0.00 85.36 0.00
[12:22:07.508] [ARM-RX] [101] <0.00 -92.73 -10.70> result: 90.00 112.67 -62.41 0.00 85.09 0.00
[12:22:07.509] [ARM-RX] [102] <0.00 -94.93 -10.95> result: 90.00 113.09 -61.72 0.00 84.81 0.00
[12:22:07.509] [ARM-RX] [103] <0.00 -97.14
[12:22:07.531] [ARM-RX] -11.21> result: 90.00 113.50 -61.02 0.00 84.53 0.00
[12:22:07.531] [ARM-RX] [104] <0.00 -99.37 -11.47> result: 90.00 113.92 -60.32 0.00 84.24 0.00
[12:22:07.532] [ARM-RX] [105] <0.00 -101.62 -11.73> result: 90.00 114.34 -59.61 0.00 83.95 0.00
[12:22:07.532] [ARM-RX] [106] <0.00 -103.88 -11.99> result: 90.00 114.76 -58.89 0.
[12:22:07.555] [ARM-RX] 00 83.65 0.00
[12:22:07.555] [ARM-RX] [107] <0.00 -106.16 -12.25> result: 90.00 115.18 -58.16 0.00 83.35 0.00
[12:22:07.555] [ARM-RX] [108] <0.00 -108.46 -12.51> result: 90.00 115.61 -57.43 0.00 83.04 0.00
[12:22:07.555] [ARM-RX] [109] <0.00 -110.77 -12.78> result: 90.00 116.04 -56.69 0.00 82.72 0.00
[12:22:07.555] [ARM-RX] [110] <0.00 -113.10 -1
[12:22:07.589] [ARM-RX] 3.05> result: 90.00 116.47 -55.94 0.00 82.41 0.00
[12:22:07.590] [ARM-RX] [111] <0.00 -115.44 -13.32> result: 90.00 116.90 -55.19 0.00 82.08 0.00
[12:22:07.590] [ARM-RX] [112] <0.00 -117.79 -13.59> result: 90.00 117.33 -54.43 0.00 81.76 0.00
[12:22:07.590] [ARM-RX] [113] <0.00 -120.15 -13.86> result: 90.00 117.77 -53.66 0.0
[12:22:07.611] [ARM-RX] 0 81.42 0.00
[12:22:07.611] [ARM-RX] [114] <0.00 -122.53 -14.14> result: 90.00 118.20 -52.88 0.00 81.09 0.00
[12:22:07.611] [ARM-RX] [115] <0.00 -124.91 -14.41> result: 90.00 118.64 -52.10 0.00 80.75 0.00
[12:22:07.611] [ARM-RX] [116] <0.00 -127.31 -14.69> result: 90.00 119.08 -51.32 0.00 80.40 0.00
[12:22:07.611] [ARM-RX] [117] <0.00 -129.72 -14
[12:22:07.635] [ARM-RX] .97> result: 90.00 119.52 -50.53 0.00 80.05 0.00
[12:22:07.635] [ARM-RX] [118] <0.00 -130.00 -15.00> result: 90.00 119.58 -50.43 0.00 80.01 0.00
[12:22:07.636] [ARM-RX] [119] <0.00 -130.00 -15.00> result: 90.00 119.58 -50.43 0.00 80.01 0.00
[12:22:07.636] [ARM-RX] [120] <0.00 -130.00 -15.00> result: 90.00 119.58 -50.43 0.00
[12:22:07.657] [ARM-RX] 80.01 0.00
[12:22:07.657] [ARM-RX] [121] <0.00 -130.00 -15.00> result: 90.00 119.58 -50.43 0.00 80.01 0.00
[12:22:07.657] [ARM-RX] [122] <0.00 -130.00 -15.00> result: 90.00 119.58 -50.43 0.00 80.01 0.00
[12:22:07.657] [ARM-RX] [123] <0.00 -130.00 -15.00> result: 90.00 119.58 -50.43 0.00 80.01 0.00
[12:22:07.658] [ARM-RX] [124] <0.00 -130.00 -15.
[12:22:07.680] [ARM-RX] 00> result: 90.00 119.58 -50.43 0.00 80.01 0.00
[12:22:07.685] [ARM-RX] [125] <0.00 -130.00 -15.00> result: 90.00 119.58 -50.43 0.00 80.01 0.00
[12:22:07.685] [ARM-RX] [126] <0.00 -130.00 -15.00> result: 90.00 119.58 -50.43 0.00 80.01 0.00
[12:22:07.685] [ARM-RX] [127] <0.00 -130.00 -15.00> result: 90.00 119.58 -50.43 0.00
[12:22:07.704] [ARM-RX] 80.01 0.00
[12:22:07.704] [ARM-RX] [128] <0.00 -130.00 -15.00> result: 90.00 119.58 -50.43 0.00 80.01 0.00
[12:22:07.704] [ARM-RX] [129] <0.00 -130.00 -15.00> result: 90.00 119.58 -50.43 0.00 80.01 0.00
[12:22:07.704] [ARM-RX] [130] <0.00 -130.00 -15.00> result: 90.00 119.58 -50.43 0.00 80.01 0.00
[12:22:07.704] [ARM-RX] [131] <0.00 -130.00 -15.0
[12:22:07.726] [ARM-RX] 0> result: 90.00 119.58 -50.43 0.00 80.01 0.00
[12:22:07.727] [ARM-RX] [132] <0.00 -130.00 -15.00> result: 90.00 119.58 -50.43 0.00 80.01 0.00
[12:22:07.727] [ARM-RX] [133] <0.00 -130.00 -15.00> result: 90.00 119.58 -50.43 0.00 80.01 0.00
[12:22:07.727] [ARM-RX] [134] <0.00 -130.00 -15.00> result: 90.00 119.58 -50.43 0.00 8
[12:22:07.760] [ARM-RX] 0.01 0.00
[12:22:07.760] [ARM-RX] [135] <0.00 -130.00 -15.00> result: 90.00 119.58 -50.43 0.00 80.01 0.00
[12:22:07.761] [ARM-RX] [136] <0.00 -130.00 -15.00> result: 90.00 119.58 -50.43 0.00 80.01 0.00
[12:22:07.761] [ARM-RX] [137] <0.00 -130.00 -15.00> result: 90.00 119.58 -50.43 0.00 80.01 0.00
[12:22:07.761] [ARM-RX] [138] <0.00 -130.00 -15.00
[12:22:07.783] [ARM-RX] > result: 90.00 119.58 -50.43 0.00 80.01 0.00
[12:22:07.784] [ARM-RX] [139] <0.00 -130.00 -15.00> result: 90.00 119.58 -50.43 0.00 80.01 0.00
[12:22:07.784] [ARM-RX] [140] <0.00 -130.00 -15.00> result: 90.00 119.58 -50.43 0.00 80.01 0.00
[12:22:07.784] [ARM-RX] [141] <0.00 -130.00 -15.00> result: 90.00 119.58 -50.43 0.00 80
[12:22:07.806] [ARM-RX] .01 0.00
[12:22:07.806] [ARM-RX] [142] <0.00 -130.00 -15.00> result: 90.00 119.58 -50.43 0.00 80.01 0.00
[12:22:07.806] [ARM-RX] [143] <0.00 -130.00 -15.00> result: 90.00 119.58 -50.43 0.00 80.01 0.00
[12:22:07.807] [ARM-RX] [144] <0.00 -130.00 -15.00> result: 90.00 119.58 -50.43 0.00 80.01 0.00
[12:22:07.807] [ARM-RX] [145] <0.00 -130.00 -15.00>
[12:22:07.829] [ARM-RX] result: 90.00 119.58 -50.43 0.00 80.01 0.00
[12:22:07.830] [ARM-RX] [146] <0.00 -130.00 -15.00> result: 90.00 119.58 -50.43 0.00 80.01 0.00
[12:22:07.830] [ARM-RX] [147] <0.00 -130.00 -15.00> result: 90.00 119.58 -50.43 0.00 80.01 0.00
[12:22:07.830] [ARM-RX] [148] <0.00 -130.00 -15.00> result: 90.00 119.58 -50.43 0.00 80.
[12:22:07.852] [ARM-RX] 01 0.00
[12:22:07.853] [ARM-RX] [149] <0.00 -130.00 -15.00> result: 90.00 119.58 -50.43 0.00 80.01 0.00
[12:22:07.853] [ARM-RX] [150] <0.00 -130.00 -15.00> result: 90.00 119.58 -50.43 0.00 80.01 0.00
[12:22:07.853] [ARM-RX] [151] <0.00 -130.00 -15.00> result: 90.00 119.58 -50.43 0.00 80.01 0.00
[12:22:07.853] [ARM-RX] [152] <0.00 -130.00 -15.00>
[12:22:07.875] [ARM-RX] result: 90.00 119.58 -50.43 0.00 80.01 0.00
[12:22:07.875] [ARM-RX] [153] <0.00 -130.00 -15.00> result: 90.00 119.58 -50.43 0.00 80.01 0.00
[12:22:07.876] [ARM-RX] [154] <0.00 -130.00 -15.00> result: 90.00 119.58 -50.43 0.00 80.01 0.00
[12:22:07.876] [ARM-RX] [155] <0.00 -130.00 -15.00> result: 90.00 119.58 -50.43 0.00 80.0
[12:22:07.900] [ARM-RX] 1 0.00
[12:22:07.901] [ARM-RX] [156] <0.00 -130.00 -15.00> result: 90.00 119.58 -50.43 0.00 80.01 0.00
[12:22:07.901] [ARM-RX] [157] <0.00 -130.00 -15.00> result: 90.00 119.58 -50.43 0.00 80.01 0.00
[12:22:07.901] [ARM-RX] [158] <0.00 -130.00 -15.00> result: 90.00 119.58 -50.43 0.00 80.01 0.00
[12:22:07.901] [ARM-RX] [159] <0.00 -130.00 -15.00> r
[12:22:07.921] [ARM-RX] esult: 90.00 119.58 -50.43 0.00 80.01 0.00
[12:22:07.922] [ARM-RX] [160] <0.00 -130.00 -15.00> result: 90.00 119.58 -50.43 0.00 80.01 0.00
[12:22:07.922] [ARM-RX] [161] <0.00 -130.00 -15.00> result: 90.00 119.58 -50.43 0.00 80.01 0.00
[12:22:07.922] [ARM-RX] [162] <0.00 -130.00 -15.00> result: 90.00 119.58 -50.43 0.00 80.01
[12:22:07.955] [ARM-RX] 0.00
[12:22:07.956] [ARM-RX] [163] <0.00 -130.00 -15.00> result: 90.00 119.58 -50.43 0.00 80.01 0.00
[12:22:07.956] [ARM-RX] [164] <0.00 -130.00 -15.00> result: 90.00 119.58 -50.43 0.00 80.01 0.00
[12:22:07.956] [ARM-RX] [165] <0.00 -130.00 -15.00> result: 90.00 119.58 -50.43 0.00 80.01 0.00
[12:22:07.956] [ARM-RX] [166] <0.00 -130.00 -15.00> re
[12:22:07.980] [ARM-RX] sult: 90.00 119.58 -50.43 0.00 80.01 0.00
[12:22:07.980] [ARM-RX] [167] <0.00 -130.00 -15.00> result: 90.00 119.58 -50.43 0.00 80.01 0.00
[12:22:07.980] [ARM-RX] [168] <0.00 -130.00 -15.00> result: 90.00 119.58 -50.43 0.00 80.01 0.00
[12:22:07.981] [ARM-RX] [169] <0.00 -130.00 -15.00> result: 90.00 119.58 -50.43 0.00 80.01
[12:22:08.002] [ARM-RX] 0.00
[12:22:08.002] [ARM-RX] [170] <0.00 -130.00 -15.00> result: 90.00 119.58 -50.43 0.00 80.01 0.00
[12:22:08.002] [ARM-RX] [171] <0.00 -130.00 -15.00> result: 90.00 119.58 -50.43 0.00 80.01 0.00
[12:22:08.003] [ARM-RX] [172] <0.00 -130.00 -15.00> result: 90.00 119.58 -50.43 0.00 80.01 0.00
[12:22:08.003] [ARM-RX] [173] <0.00 -130.00 -15.00> res
[12:22:08.024] [ARM-RX] ult: 90.00 119.58 -50.43 0.00 80.01 0.00
[12:22:08.024] [ARM-RX] [174] <0.00 -130.00 -15.00> result: 90.00 119.58 -50.43 0.00 80.01 0.00
[12:22:08.025] [ARM-RX] [175] <0.00 -130.00 -15.00> result: 90.00 119.58 -50.43 0.00 80.01 0.00
[12:22:08.025] [ARM-RX] [176] <0.00 -130.00 -15.00> result: 90.00 119.58 -50.43 0.00 80.01 0
[12:22:08.047] [ARM-RX] .00
[12:22:08.047] [ARM-RX] [177] <0.00 -130.00 -15.00> result: 90.00 119.58 -50.43 0.00 80.01 0.00
[12:22:08.047] [ARM-RX] [178] <0.00 -130.00 -15.00> result: 90.00 119.58 -50.43 0.00 80.01 0.00
[12:22:08.047] [ARM-RX] [179] <0.00 -130.00 -15.00> result: 90.00 119.58 -50.43 0.00 80.01 0.00
[12:22:08.047] [ARM-RX] [180] <0.00 -130.00 -15.00> resu
[12:22:08.073] [ARM-RX] lt: 90.00 119.58 -50.43 0.00 80.01 0.00
[12:22:08.073] [ARM-RX] [181] <0.00 -130.00 -15.00> result: 90.00 119.58 -50.43 0.00 80.01 0.00
[12:22:08.073] [ARM-RX] [182] <0.00 -130.00 -15.00> result: 90.00 119.58 -50.43 0.00 80.01 0.00
[12:22:08.074] [ARM-RX] [183] <0.00 -130.00 -15.00> result: 90.00 119.58 -50.43 0.00 80.01 0.
[12:22:08.092] [ARM-RX] 00
[12:22:08.092] [ARM-RX] [184] <0.00 -130.00 -15.00> result: 90.00 119.58 -50.43 0.00 80.01 0.00
[12:22:08.093] [ARM-RX] [185] <0.00 -130.00 -15.00> result: 90.00 119.58 -50.43 0.00 80.01 0.00
[12:22:08.093] [ARM-RX] [186] <0.00 -130.00 -15.00> result: 90.00 119.58 -50.43 0.00 80.01 0.00
[12:22:08.093] [ARM-RX] [187] <0.00 -130.00 -15.00> resul
[12:22:08.127] [ARM-RX] t: 90.00 119.58 -50.43 0.00 80.01 0.00
[12:22:08.128] [ARM-RX] [188] <0.00 -130.00 -15.00> result: 90.00 119.58 -50.43 0.00 80.01 0.00
[12:22:08.128] [ARM-RX] [189] <0.00 -130.00 -15.00> result: 90.00 119.58 -50.43 0.00 80.01 0.00
[12:22:08.128] [ARM-RX] [190] <0.00 -130.00 -15.00> result: 90.00 119.58 -50.43 0.00 80.01 0.0
[12:22:08.150] [ARM-RX] 0
[12:22:08.151] [ARM-RX] [191] <0.00 -130.00 -15.00> result: 90.00 119.58 -50.43 0.00 80.01 0.00
[12:22:08.151] [ARM-RX] [192] <0.00 -130.00 -15.00> result: 90.00 119.58 -50.43 0.00 80.01 0.00
[12:22:08.151] [ARM-RX] [193] <0.00 -130.00 -15.00> result: 90.00 119.58 -50.43 0.00 80.01 0.00
[12:22:08.151] [ARM-RX] [194] <0.00 -130.00 -15.00> result
[12:22:08.174] [ARM-RX] : 90.00 119.58 -50.43 0.00 80.01 0.00
[12:22:08.174] [ARM-RX] [195] <0.00 -130.00 -15.00> result: 90.00 119.58 -50.43 0.00 80.01 0.00
[12:22:08.174] [ARM-RX] [196] <0.00 -130.00 -15.00> result: 90.00 119.58 -50.43 0.00 80.01 0.00
[12:22:08.174] [ARM-RX] [197] <0.00 -130.00 -15.00> result: 90.00 119.58 -50.43 0.00 80.01 0.00
[12:22:08.196] [ARM-RX] [198] <0.00 -130.00 -15.00> result: 90.00 119.58 -50.43 0.00 80.01 0.00
[12:22:08.196] [ARM-RX] [199] <0.00 -130.00 -15.00> result: 90.00 119.58 -50.43 0.00 80.01 0.00
[12:22:08.197] [ARM-RX] [200] <0.00 -130.00 -15.00> result: 90.00 119.58 -50.43 0.00 80.01 0.00
[12:22:08.197] [ARM-RX] [201] <0.00 -130.00 -15.00> result:
[12:22:08.219] [ARM-RX] 90.00 119.58 -50.43 0.00 80.01 0.00
[12:22:08.219] [ARM-RX] [202] <0.00 -130.00 -15.00> result: 90.00 119.58 -50.43 0.00 80.01 0.00
[12:22:08.219] [ARM-RX] [203] <0.00 -130.00 -15.00> result: 90.00 119.58 -50.43 0.00 80.01 0.00
[12:22:08.220] [ARM-RX] [204] <0.00 -130.00 -15.00> result: 90.00 119.58 -50.43 0.00 80.01 0.00
[12:22:08.241] [ARM-RX] [205] <0.00 -130.00 -15.00> result: 90.00 119.58 -50.43 0.00 80.01 0.00
[12:22:08.241] [ARM-RX] [206] <0.00 -130.00 -15.00> result: 90.00 119.58 -50.43 0.00 80.01 0.00
[12:22:08.242] [ARM-RX] [207] <0.00 -130.00 -15.00> result: 90.00 119.58 -50.43 0.00 80.01 0.00
[12:22:08.242] [ARM-RX] [208] <0.00 -130.00 -15.00> result:
[12:22:08.265] [ARM-RX] 90.00 119.58 -50.43 0.00 80.01 0.00
[12:22:08.265] [ARM-RX] [209] <0.00 -130.00 -15.00> result: 90.00 119.58 -50.43 0.00 80.01 0.00
[12:22:08.266] [ARM-RX] [210] <0.00 -130.00 -15.00> result: 90.00 119.58 -50.43 0.00 80.01 0.00
[12:22:08.266] [ARM-RX] [211] <0.00 -130.00 -15.00> result: 90.00 119.58 -50.43 0.00 80.01 0.00
[12:22:08.287] [ARM-RX] [212] <0.00 -130.00 -15.00> result: 90.00 119.58 -50.43 0.00 80.01 0.00
[12:22:08.288] [ARM-RX] [213] <0.00 -130.00 -15.00> result: 90.00 119.58 -50.43 0.00 80.01 0.00
[12:22:08.288] [ARM-RX] [214] <0.00 -130.00 -15.00> result: 90.00 119.58 -50.43 0.00 80.01 0.00
[12:22:08.288] [ARM-RX] [215] <0.00 -130.00 -15.00> result: 9
[12:22:08.324] [ARM-RX] 0.00 119.58 -50.43 0.00 80.01 0.00
[12:22:08.324] [ARM-RX] [216] <0.00 -130.00 -15.00> result: 90.00 119.58 -50.43 0.00 80.01 0.00
[12:22:08.324] [ARM-RX] [217] <0.00 -130.00 -15.00> result: 90.00 119.58 -50.43 0.00 80.01 0.00
[12:22:08.324] [ARM-RX] [218] <0.00 -130.00 -15.00> result: 90.00 119.58 -50.43 0.00 80.01 0.00
[12:22:08.325] [ARM-RX] [
[12:22:08.345] [ARM-RX] 219] <0.00 -130.00 -15.00> result: 90.00 119.58 -50.43 0.00 80.01 0.00
[12:22:08.345] [ARM-RX] [220] <0.00 -130.00 -15.00> result: 90.00 119.58 -50.43 0.00 80.01 0.00
[12:22:08.345] [ARM-RX] [221] <0.00 -130.00 -15.00> result: 90.00 119.58 -50.43 0.00 80.01 0.00
[12:22:08.345] [ARM-RX] [222] <0.00 -130.00 -15.00> result: 90
[12:22:08.369] [ARM-RX] .00 119.58 -50.43 0.00 80.01 0.00
[12:22:08.369] [ARM-RX] [223] <0.00 -130.00 -15.00> result: 90.00 119.58 -50.43 0.00 80.01 0.00
[12:22:08.370] [ARM-RX] [224] <0.00 -130.00 -15.00> result: 90.00 119.58 -50.43 0.00 80.01 0.00
[12:22:08.370] [ARM-RX] [225] <0.00 -130.00 -15.00> result: 90.00 119.58 -50.43 0.00 80.01 0.00
[12:22:08.370] [ARM-RX] [2
[12:22:08.392] [ARM-RX] 26] <0.00 -130.00 -15.00> result: 90.00 119.58 -50.43 0.00 80.01 0.00
[12:22:08.392] [ARM-RX] [227] <0.00 -130.00 -15.00> result: 90.00 119.58 -50.43 0.00 80.01 0.00
[12:22:08.392] [ARM-RX] [228] <0.00 -130.00 -15.00> result: 90.00 119.58 -50.43 0.00 80.01 0.00
[12:22:08.392] [ARM-RX] [229] <0.00 -130.00 -15.00> result: 90.
[12:22:08.413] [ARM-RX] 00 119.58 -50.43 0.00 80.01 0.00
[12:22:08.413] [ARM-RX] [230] <0.00 -130.00 -15.00> result: 90.00 119.58 -50.43 0.00 80.01 0.00
[12:22:08.414] [ARM-RX] [231] <0.00 -130.00 -15.00> result: 90.00 119.58 -50.43 0.00 80.01 0.00
[12:22:08.414] [ARM-RX] [232] <0.00 -130.00 -15.00> result: 90.00 119.58 -50.43 0.00 80.01 0.00
[12:22:08.414] [ARM-RX] [23
[12:22:08.436] [ARM-RX] 3] <0.00 -130.00 -15.00> result: 90.00 119.58 -50.43 0.00 80.01 0.00
[12:22:08.436] [ARM-RX] [234] <0.00 -130.00 -15.00> result: 90.00 119.58 -50.43 0.00 80.01 0.00
[12:22:08.437] [ARM-RX] [235] <0.00 -130.00 -15.00> result: 90.00 119.58 -50.43 0.00 80.01 0.00
[12:22:08.437] [ARM-RX] [236] <0.00 -130.00 -15.00> result: 90.0
[12:22:08.459] [ARM-RX] 0 119.58 -50.43 0.00 80.01 0.00
[12:22:08.459] [ARM-RX] [237] <0.00 -130.00 -15.00> result: 90.00 119.58 -50.43 0.00 80.01 0.00
[12:22:08.459] [ARM-RX] [238] <0.00 -130.00 -15.00> result: 90.00 119.58 -50.43 0.00 80.01 0.00
[12:22:08.459] [ARM-RX] [239] <0.00 -130.00 -15.00> result: 90.00 119.58 -50.43 0.00 80.01 0.00
[12:22:08.460] [ARM-RX] [240
[12:22:08.494] [ARM-RX] ] <0.00 -130.00 -15.00> result: 90.00 119.58 -50.43 0.00 80.01 0.00
[12:22:08.495] [ARM-RX] [241] <0.00 -130.00 -15.00> result: 90.00 119.58 -50.43 0.00 80.01 0.00
[12:22:08.495] [ARM-RX] [242] <0.00 -130.00 -15.00> result: 90.00 119.58 -50.43 0.00 80.01 0.00
[12:22:08.495] [ARM-RX] [243] <0.00 -130.00 -15.00> result: 90.00
[12:22:08.519] [ARM-RX] 119.58 -50.43 0.00 80.01 0.00
[12:22:08.519] [ARM-RX] [244] <0.00 -130.00 -15.00> result: 90.00 119.58 -50.43 0.00 80.01 0.00
[12:22:08.519] [ARM-RX] [245] <0.00 -130.00 -15.00> result: 90.00 119.58 -50.43 0.00 80.01 0.00
[12:22:08.519] [ARM-RX] [246] <0.00 -130.00 -15.00> result: 90.00 119.58 -50.43 0.00 80.01 0.00
[12:22:08.520] [ARM-RX] [247]
[12:22:08.539] [ARM-RX] <0.00 -130.00 -15.00> result: 90.00 119.58 -50.43 0.00 80.01 0.00
[12:22:08.540] [ARM-RX] [248] <0.00 -130.00 -15.00> result: 90.00 119.58 -50.43 0.00 80.01 0.00
[12:22:08.540] [ARM-RX] [249] <0.00 -130.00 -15.00> result: 90.00 119.58 -50.43 0.00 80.01 0.00
[12:22:08.540] [ARM-RX] [250] <0.00 -130.00 -15.00> result: 90.00
[12:22:08.562] [ARM-RX] 119.58 -50.43 0.00 80.01 0.00
[12:22:08.562] [ARM-RX] [251] <0.00 -130.00 -15.00> result: 90.00 119.58 -50.43 0.00 80.01 0.00
[12:22:08.562] [ARM-RX] [252] <0.00 -130.00 -15.00> result: 90.00 119.58 -50.43 0.00 80.01 0.00
[12:22:08.562] [ARM-RX] [253] <0.00 -130.00 -15.00> result: 90.00 119.58 -50.43 0.00 80.01 0.00
[12:22:08.564] [ARM-RX] [254]
[12:22:08.585] [ARM-RX] <0.00 -130.00 -15.00> result: 90.00 119.58 -50.43 0.00 80.01 0.00
[12:22:08.585] [ARM-RX] [255] <0.00 -130.00 -15.00> result: 90.00 119.58 -50.43 0.00 80.01 0.00
[12:22:08.585] [ARM-RX] [256] <0.00 -130.00 -15.00> result: 90.00 119.58 -50.43 0.00 80.01 0.00
[12:22:08.585] [ARM-RX] [257] <0.00 -130.00 -15.00> result: 90.00 1
[12:22:08.649] [ARM-RX] 19.58 -50.43 0.00 80.01 0.00
[12:22:08.649] [ARM-RX] [258] <0.00 -130.00 -15.00> result: 90.00 119.58 -50.43 0.00 80.01 0.00
[12:22:08.649] [ARM-RX] [259] <0.00 -130.00 -15.00> result: 90.00 119.58 -50.43 0.00 80.01 0.00
[12:22:08.649] [ARM-RX] [260] <0.00 -130.00 -15.00> result: 90.00 119.58 -50.43 0.00 80.01 0.00
[12:22:11.335] [ARM-RX] [joint 1] ave_error:0.00
[12:22:11.335] [ARM-RX] [joint 2] ave_error:7.21
[12:22:11.335] [ARM-RX] [joint 3] ave_error:7.68
[12:22:11.335] [ARM-RX] [joint 4] ave_error:0.00
[12:22:11.335] [ARM-RX] [joint 5] ave_error:1.15
[12:22:11.335] [ARM-RX] robot pid run finished!!
[12:22:12.185] [ARM-RX] AUTO final confirm failed: joint 2 err=11.82deg tol=3.00, pose invalid.
[12:22:12.185] [ARM-RX] J1 cur=90.00 target=90.00 err=-0.00
[12:22:12.185] [ARM-RX] J2 cur=130.07 target=119.58 err=-10.49
[12:22:12.185] [ARM-RX] J3 cur=-38.62 target=-50.43 err=-11.82
[12:22:12.185] [ARM-RX] J4 cur=-0.00 target=0.00 err=0.00
[12:22:12.186] [ARM-RX] J5 cur=79.71 target=8
[12:22:12.236] [ARM-RX] 0.01 err=0.30
[12:22:13.218] [ARM-TX] 发送命令 read_all: read_all
[12:22:13.358] [ARM-RX] Found handler for 'read_all', executing...
[12:22:13.358] [ARM-RX] ROBOT_READ_ALL_EVENT
[12:22:13.358] [ARM-RX] read_all ret=0 elapsed=3 ms missing=0x00
[12:22:13.358] [ARM-RX] J1 angle=90.00
[12:22:13.358] [ARM-RX] J2 angle=130.06
[12:22:13.358] [ARM-RX] J3 angle=321.38
[12:22:13.360] [ARM-RX] J4 angle=360.00
[12:22:13.360] [ARM-RX] J5 angle=79.71
[12:27:09.936] [ARM-TX] 发送命令 soft_reset: soft_reset
[12:27:10.063] [ARM-RX] Found handler for 'soft_reset', executing...
[12:27:10.063] [ARM-RX] ROBOT_SOFT_RESET_EVENT
[12:27:10.063] [ARM-RX] --- Starting soft reset ---
[12:27:10.253] [ARM-RX] Soft reset motors enabled (J1~J5, J6 skipped).
[12:27:10.253] [ARM-RX] Soft resetting joint 4...
[12:27:10.315] [ARM-RX] robot_update_current_angle 4...
[12:27:10.315] [ARM-RX] [4] current:79.71, target:90.00, dir:1
[12:27:11.314] [ARM-RX] Soft resetting joint 3...
[12:27:11.314] [ARM-RX] robot_update_current_angle 3...
[12:27:11.314] [ARM-RX] [3] current:-0.00, target:0.00, dir:1
[12:27:11.439] [ARM-RX] Soft resetting joint 1...
[12:27:11.501] [ARM-RX] robot_update_current_angle 1...
[12:27:11.501] [ARM-RX] [1] current:130.06, target:90.00, dir:-1
[12:27:13.687] [ARM-RX] soft reset joint 1 settle timeout, keep going
[12:27:13.687] [ARM-RX] Soft resetting joint 2...
[12:27:13.687] [ARM-RX] robot_update_current_angle 2...
[12:27:13.687] [ARM-RX] [2] current:-38.63, target:-90.00, dir:-1
[12:27:16.197] [ARM-RX] soft reset joint 2 settle timeout, keep going
[12:27:16.197] [ARM-RX] Soft resetting joint 0...
[12:27:16.197] [ARM-RX] robot_update_current_angle 0...
[12:27:16.197] [ARM-RX] [0] current:90.00, target:90.00, dir:-1
[12:27:16.384] [ARM-RX] soft reset verify not pass, start refine loop...
[12:27:16.448] [ARM-RX] soft reset refine joint 2 round 1: cur=-83.38 target=-90.00 err=6.62 dir=-1
[12:27:17.761] [ARM-RX] soft reset refine pass 1 success.
[12:27:17.762] [ARM-RX] soft reset final verify PASS (issues:2), pose set HOME.
[13:13:50.922] [JETSON-ERROR] ClearCommError failed (OSError(22, '函数不正确。', None, 1))
[13:15:41.829] [ARM-INFO] 已关闭串口
[13:15:43.215] [JETSON-INFO] 已停止周期视觉发送
[13:15:43.216] [JETSON-INFO] 已关闭串口
[13:15:43.987] [ARM-INFO] opened COM7 @ 115200
[13:15:44.315] [JETSON-INFO] opened COM14 @ 115200
[13:16:42.759] [JETSON-INFO] 已停止周期视觉发送
