[11:52:16.513] [APP-INFO] 已刷新串口: COM7, COM16, COM22, COM21, COM14
[11:52:16.514] [APP-INFO] log file: E:\Renesas\RA6M5-Robot\Robot_FreeRTOS - Arm\UpperComputer\dist\logs\ra6m5_upper_console_20260706_115216.log
[11:52:20.670] [ARM-INFO] opened COM7 @ 115200
[11:52:21.288] [JETSON-INFO] opened COM14 @ 115200
[11:52:21.291] [JETSON-INFO] heartbeat started: 200 ms
[11:52:21.292] [JETSON-TX] HEARTBEAT: A5 5A 01 01 01 04 A8 0E 77 02 86 84
[11:52:21.340] [ARM-RX] Horco CMSIS-DAP V2
[11:52:21.340] [ARM-RX] Ver: Release 0.2
[11:52:21.340] [ARM-RX] The DAPLink is an open sou[JETSON_RX] heartbeat seq=1
[11:52:21.493] [JETSON-TX] HEARTBEAT: A5 5A 01 01 02 04 73 0F 77 02 ED 93
[11:52:21.526] [ARM-RX] [JETSON_RX] heartbeat seq=2
[11:52:21.695] [JETSON-TX] HEARTBEAT: A5 5A 01 01 03 04 3F 10 77 02 CB 14
[11:52:21.713] [ARM-RX] [JETSON_RX] heartbeat seq=3
[11:52:21.896] [JETSON-TX] HEARTBEAT: A5 5A 01 01 04 04 FA 10 77 02 F6 6F
[11:52:21.961] [ARM-RX] [JETSON_RX] heartbeat seq=4
[11:52:22.097] [JETSON-TX] HEARTBEAT: A5 5A 01 01 05 04 C5 11 77 02 AA 6A
[11:52:22.146] [ARM-RX] [JETSON_RX] heartbeat seq=5
[11:52:22.298] [JETSON-TX] HEARTBEAT: A5 5A 01 01 06 04 90 12 77 02 4B 95
[11:52:22.332] [ARM-RX] [JETSON_RX] heartbeat seq=6
[11:52:22.499] [JETSON-TX] HEARTBEAT: A5 5A 01 01 07 04 5B 13 77 02 25 A0
[11:52:22.519] [ARM-RX] [JETSON_RX] heartbeat seq=7
[11:52:22.700] [JETSON-TX] HEARTBEAT: A5 5A 01 01 08 04 27 14 77 02 8D 0E
[11:52:22.765] [ARM-RX] [JETSON_RX] heartbeat seq=8
[11:52:22.901] [JETSON-TX] HEARTBEAT: A5 5A 01 01 09 04 F2 14 77 02 B4 D3
[11:52:22.953] [ARM-RX] [JETSON_RX] heartbeat seq=9
[11:52:23.102] [JETSON-TX] HEARTBEAT: A5 5A 01 01 0A 04 BD 15 77 02 F3 F4
[11:52:23.139] [ARM-RX] [JETSON_RX] heartbeat seq=10
[11:52:23.303] [JETSON-TX] HEARTBEAT: A5 5A 01 01 0B 04 78 16 77 02 3E E9
[11:52:23.329] [ARM-RX] [JETSON_RX] heartbeat seq=11
[11:52:23.504] [JETSON-TX] HEARTBEAT: A5 5A 01 01 0C 04 43 17 77 02 63 BA
[11:52:23.516] [ARM-RX] [JETSON_RX] heartbeat seq=12
[11:52:23.705] [JETSON-TX] HEARTBEAT: A5 5A 01 01 0D 04 0F 18 77 02 44 F8
[11:52:23.766] [ARM-RX] [JETSON_RX] heartbeat seq=13
[11:52:23.906] [JETSON-TX] HEARTBEAT: A5 5A 01 01 0E 04 DA 18 77 02 7C C7
[11:52:23.952] [ARM-RX] [JETSON_RX] heartbeat seq=14
[11:52:24.107] [JETSON-TX] HEARTBEAT: A5 5A 01 01 0F 04 A5 19 77 02 35 02
[11:52:24.138] [ARM-RX] [JETSON_RX] heartbeat seq=15
[11:52:24.308] [JETSON-TX] HEARTBEAT: A5 5A 01 01 10 04 70 1A 77 02 FF 61
[11:52:24.323] [ARM-RX] [JETSON_RX] heartbeat seq=16
[11:52:24.509] [JETSON-TX] HEARTBEAT: A5 5A 01 01 11 04 3B 1B 77 02 B8 94
[11:52:24.571] [ARM-RX] [JETSON_RX] heartbeat seq=17
[11:52:24.710] [JETSON-TX] HEARTBEAT: A5 5A 01 01 12 04 F7 1B 77 02 87 F7
[11:52:24.758] [ARM-RX] [JETSON_RX] heartbeat seq=18
[11:52:24.911] [JETSON-TX] HEARTBEAT: A5 5A 01 01 13 04 C2 1C 77 02 38 2B
[11:52:24.945] [ARM-RX] [JETSON_RX] heartbeat seq=19
[11:52:25.112] [JETSON-TX] HEARTBEAT: A5 5A 01 01 14 04 8D 1D 77 02 7E 88
[11:52:25.133] [ARM-RX] [JETSON_RX] heartbeat seq=20
[11:52:25.313] [JETSON-TX] HEARTBEAT: A5 5A 01 01 15 04 58 1E 77 02 B7 55
[11:52:25.380] [ARM-RX] [JETSON_RX] heartbeat seq=21
[11:52:25.514] [JETSON-TX] HEARTBEAT: A5 5A 01 01 16 04 23 1F 77 02 FE 42
[11:52:25.566] [ARM-RX] [JETSON_RX] heartbeat seq=22
[11:52:25.715] [JETSON-TX] HEARTBEAT: A5 5A 01 01 17 04 EE 1F 77 02 C1 3F
[11:52:25.728] [JETSON-INFO] heartbeat stopped
[11:52:25.753] [ARM-RX] [JETSON_RX] heartbeat seq=23
[11:52:29.036] [JETSON-TX] TARGET_CTRL_START_NEW: A5 5A 01 02 18 01 01 58 2F
[11:52:29.047] [ARM-RX] [JETSON_RX] target_ctrl=1
[11:52:29.108] [JETSON-RX] A5 5A 01 81 18 03 04 01 00 75 C6 A5 5A 01 FE 18 01 01 68 7F
[11:52:29.108] [JETSON-STATUS] TARGET_CTRL_ON: A5 5A 01 81 18 03 04 01 00 75 C6
[11:52:29.110] [JETSON-STATUS] ERROR: A5 5A 01 FE 18 01 01 68 7F
[11:52:29.927] [JETSON-RX] A5 5A 01 FE 18 01 01 68 7F A5 5A 01 FE 18 01 01 68 7F A5 5A 01 FE 18 01 01 68 7F A5 5A 01 FE 18 01 01 68 7F A5 5A 01 FE 18 01 01 68 7F A5 5A 01 FE 18 01 01 68 7F A5 5A 01 FE 18 01 01 68 7F A5 5A 01 FE 18 01 01 68 7F A5 5A 01 FE 18 01 01 68 7F A5 5A 01 FE 18 01 01 68 7F A5 5A 01 FE 18 01 01 68 7F A5 5A 01 FE 18 01 01 68 7F A5 5A 01 FE 18 01 01 68 7F A5 5A 01 FE 18 01 01 68 7F A5 5A 01 FE 18 01 01 68 7F A5 5A 01 FE 18 01 01 68 7F A5 5A 01 FE 18 01 01 68 7F A5 5A 01 FE 18 01 01 68 7F A5 5A 01 FE 18 01 01 68 7F A5 5A 01 FE 18 01 01 68 7F A5 5A 01 FE 18 01 01 68 7F A5 5A 01 FE 18 01 01 68 7F A5 5A 01 FE 18 01 01 68 7F A5 5A 01 FE 18 01 01 68 7F A5 5A 01 FE 18 01 01 68 7F A5 5A 01 FE 18 01 01 68 7F A5 5A 01 FE 18 01 01 68 7F A5 5A 01 FE 18 01 01 68 7F A5 5A 01 FE
[11:52:29.927] [JETSON-STATUS] ERROR: A5 5A 01 FE 18 01 01 68 7F
[11:52:29.928] [JETSON-STATUS] ERROR: A5 5A 01 FE 18 01 01 68 7F
[11:52:29.928] [JETSON-STATUS] ERROR: A5 5A 01 FE 18 01 01 68 7F
[11:52:29.928] [JETSON-STATUS] ERROR: A5 5A 01 FE 18 01 01 68 7F
[11:52:29.929] [JETSON-STATUS] ERROR: A5 5A 01 FE 18 01 01 68 7F
[11:52:29.929] [JETSON-STATUS] ERROR: A5 5A 01 FE 18 01 01 68 7F
[11:52:29.929] [JETSON-STATUS] ERROR: A5 5A 01 FE 18 01 01 68 7F
[11:52:29.930] [JETSON-STATUS] ERROR: A5 5A 01 FE 18 01 01 68 7F
[11:52:29.930] [JETSON-STATUS] ERROR: A5 5A 01 FE 18 01 01 68 7F
[11:52:29.930] [JETSON-STATUS] ERROR: A5 5A 01 FE 18 01 01 68 7F
[11:52:29.932] [JETSON-STATUS] ERROR: A5 5A 01 FE 18 01 01 68 7F
[11:52:29.932] [JETSON-STATUS] ERROR: A5 5A 01 FE 18 01 01 68 7F
[11:52:29.932] [JETSON-STATUS] ERROR: A5 5A 01 FE 18 01 01 68 7F
[11:52:29.932] [JETSON-STATUS] ERROR: A5 5A 01 FE 18 01 01 68 7F
[11:52:29.932] [JETSON-STATUS] ERROR: A5 5A 01 FE 18 01 01 68 7F
[11:52:29.933] [JETSON-STATUS] ERROR: A5 5A 01 FE 18 01 01 68 7F
[11:52:29.933] [JETSON-STATUS] ERROR: A5 5A 01 FE 18 01 01 68 7F
[11:52:29.933] [JETSON-STATUS] ERROR: A5 5A 01 FE 18 01 01 68 7F
[11:52:29.933] [JETSON-STATUS] ERROR: A5 5A 01 FE 18 01 01 68 7F
[11:52:29.934] [JETSON-STATUS] ERROR: A5 5A 01 FE 18 01 01 68 7F
[11:52:29.934] [JETSON-STATUS] ERROR: A5 5A 01 FE 18 01 01 68 7F
[11:52:29.934] [JETSON-STATUS] ERROR: A5 5A 01 FE 18 01 01 68 7F
[11:52:29.935] [JETSON-STATUS] ERROR: A5 5A 01 FE 18 01 01 68 7F
[11:52:29.935] [JETSON-STATUS] ERROR: A5 5A 01 FE 18 01 01 68 7F
[11:52:29.935] [JETSON-STATUS] ERROR: A5 5A 01 FE 18 01 01 68 7F
[11:52:29.935] [JETSON-STATUS] ERROR: A5 5A 01 FE 18 01 01 68 7F
[11:52:29.937] [JETSON-STATUS] ERROR: A5 5A 01 FE 18 01 01 68 7F
[11:52:29.937] [JETSON-STATUS] ERROR: A5 5A 01 FE 18 01 01 68 7F
[11:52:30.207] [JETSON-RX] 18 01 01 68 7F A5 5A 01 FE 18 01 01 68 7F A5 5A 01 FE 18 01 01 68 7F A5 5A 01 FE 18 01 01 68 7F A5 5A 01 FE 18 01 01 68 7F A5 5A 01 FE 18 01 01 68 7F A5 5A 01 FE 18 01 01 68 7F A5 5A 01 FE 18 01 01 68 7F A5 5A 01 FE 18 01 01 68 7F A5 5A 01 FE 18 01 01 68 7F A5 5A 01 FE 18 01 01 68 7F A5 5A 01 FE 18 01 01 68 7F A5 5A 01 FE 18 01 01 68 7F A5 5A 01 FE 18 01 01 68 7F A5 5A 01 FE 18 01 01 68 7F A5 5A 01 FE 18 01 01 68 7F A5 5A 01 FE 18 01 01 68 7F A5 5A 01 FE 18 01 01 68 7F A5 5A 01 FE 18 01 01 68 7F A5 5A 01 FE 18 01 01 68 7F A5 5A 01 FE 18 01 01 68 7F A5 5A 01 FE 18 01 01 68 7F A5 5A 01 FE 18 01 01 68 7F A5 5A 01 FE 18 01 01 68 7F A5 5A 01 FE 18 01 01 68 7F A5 5A 01 FE 18 01 01 68 7F A5 5A 01 FE 18 01 01 68 7F A5 5A 01 FE 18 01 01 68 7F A5 5A 01 FE 18 01 01 68
[11:52:30.208] [JETSON-STATUS] ERROR: A5 5A 01 FE 18 01 01 68 7F
[11:52:30.208] [JETSON-STATUS] ERROR: A5 5A 01 FE 18 01 01 68 7F
[11:52:30.208] [JETSON-STATUS] ERROR: A5 5A 01 FE 18 01 01 68 7F
[11:52:30.209] [JETSON-STATUS] ERROR: A5 5A 01 FE 18 01 01 68 7F
[11:52:30.209] [JETSON-STATUS] ERROR: A5 5A 01 FE 18 01 01 68 7F
[11:52:30.209] [JETSON-STATUS] ERROR: A5 5A 01 FE 18 01 01 68 7F
[11:52:30.209] [JETSON-STATUS] ERROR: A5 5A 01 FE 18 01 01 68 7F
[11:52:30.210] [JETSON-STATUS] ERROR: A5 5A 01 FE 18 01 01 68 7F
[11:52:30.210] [JETSON-STATUS] ERROR: A5 5A 01 FE 18 01 01 68 7F
[11:52:30.210] [JETSON-STATUS] ERROR: A5 5A 01 FE 18 01 01 68 7F
[11:52:30.211] [JETSON-STATUS] ERROR: A5 5A 01 FE 18 01 01 68 7F
[11:52:30.211] [JETSON-STATUS] ERROR: A5 5A 01 FE 18 01 01 68 7F
[11:52:30.211] [JETSON-STATUS] ERROR: A5 5A 01 FE 18 01 01 68 7F
[11:52:30.212] [JETSON-STATUS] ERROR: A5 5A 01 FE 18 01 01 68 7F
[11:52:30.212] [JETSON-STATUS] ERROR: A5 5A 01 FE 18 01 01 68 7F
[11:52:30.212] [JETSON-STATUS] ERROR: A5 5A 01 FE 18 01 01 68 7F
[11:52:30.212] [JETSON-STATUS] ERROR: A5 5A 01 FE 18 01 01 68 7F
[11:52:30.212] [JETSON-STATUS] ERROR: A5 5A 01 FE 18 01 01 68 7F
[11:52:30.214] [JETSON-STATUS] ERROR: A5 5A 01 FE 18 01 01 68 7F
[11:52:30.214] [JETSON-STATUS] ERROR: A5 5A 01 FE 18 01 01 68 7F
[11:52:30.214] [JETSON-STATUS] ERROR: A5 5A 01 FE 18 01 01 68 7F
[11:52:30.215] [JETSON-STATUS] ERROR: A5 5A 01 FE 18 01 01 68 7F
[11:52:30.215] [JETSON-STATUS] ERROR: A5 5A 01 FE 18 01 01 68 7F
[11:52:30.215] [JETSON-STATUS] ERROR: A5 5A 01 FE 18 01 01 68 7F
[11:52:30.216] [JETSON-STATUS] ERROR: A5 5A 01 FE 18 01 01 68 7F
[11:52:30.216] [JETSON-STATUS] ERROR: A5 5A 01 FE 18 01 01 68 7F
[11:52:30.216] [JETSON-STATUS] ERROR: A5 5A 01 FE 18 01 01 68 7F
[11:52:30.497] [JETSON-RX] 7F A5 5A 01 FE 18 01 01 68 7F A5 5A 01 FE 18 01 01 68 7F A5 5A 01 FE 18 01 01 68 7F A5 5A 01 FE 18 01 01 68 7F A5 5A 01 FE 18 01 01 68 7F A5 5A 01 FE 18 01 01 68 7F A5 5A 01 FE 18 01 01 68 7F A5 5A 01 FE 18 01 01 68 7F A5 5A 01 FE 18 01 01 68 7F A5 5A 01 FE 18 01 01 68 7F A5 5A 01 FE 18 01 01 68 7F A5 5A 01 FE 18 01 01 68 7F A5 5A 01 FE 18 01 01 68 7F A5 5A 01 FE 18 01 01 68 7F A5 5A 01 FE 18 01 01 68 7F A5 5A 01 FE 18 01 01 68 7F A5 5A 01 FE 18 01 01 68 7F A5 5A 01 FE 18 01 01 68 7F A5 5A 01 FE 18 01 01 68 7F A5 5A 01 FE 18 01 01 68 7F A5 5A 01 FE 18 01 01 68 7F A5 5A 01 FE 18 01 01 68 7F A5 5A 01 FE 18 01 01 68 7F A5 5A 01 FE 18 01 01 68 7F A5 5A 01 FE 18 01 01 68 7F A5 5A 01 FE 18 01 01 68 7F A5 5A 01 FE 18 01 01 68 7F A5 5A 01 FE 18 01 01 68 7F A5 5A 01
[11:52:30.497] [JETSON-STATUS] ERROR: A5 5A 01 FE 18 01 01 68 7F
[11:52:30.497] [JETSON-STATUS] ERROR: A5 5A 01 FE 18 01 01 68 7F
[11:52:30.498] [JETSON-STATUS] ERROR: A5 5A 01 FE 18 01 01 68 7F
[11:52:30.498] [JETSON-STATUS] ERROR: A5 5A 01 FE 18 01 01 68 7F
[11:52:30.499] [JETSON-STATUS] ERROR: A5 5A 01 FE 18 01 01 68 7F
[11:52:30.499] [JETSON-STATUS] ERROR: A5 5A 01 FE 18 01 01 68 7F
[11:52:30.499] [JETSON-STATUS] ERROR: A5 5A 01 FE 18 01 01 68 7F
[11:52:30.500] [JETSON-STATUS] ERROR: A5 5A 01 FE 18 01 01 68 7F
[11:52:30.500] [JETSON-STATUS] ERROR: A5 5A 01 FE 18 01 01 68 7F
[11:52:30.500] [JETSON-STATUS] ERROR: A5 5A 01 FE 18 01 01 68 7F
[11:52:30.500] [JETSON-STATUS] ERROR: A5 5A 01 FE 18 01 01 68 7F
[11:52:30.501] [JETSON-STATUS] ERROR: A5 5A 01 FE 18 01 01 68 7F
[11:52:30.501] [JETSON-STATUS] ERROR: A5 5A 01 FE 18 01 01 68 7F
[11:52:30.501] [JETSON-STATUS] ERROR: A5 5A 01 FE 18 01 01 68 7F
[11:52:30.502] [JETSON-STATUS] ERROR: A5 5A 01 FE 18 01 01 68 7F
[11:52:30.502] [JETSON-STATUS] ERROR: A5 5A 01 FE 18 01 01 68 7F
[11:52:30.502] [JETSON-STATUS] ERROR: A5 5A 01 FE 18 01 01 68 7F
[11:52:30.503] [JETSON-STATUS] ERROR: A5 5A 01 FE 18 01 01 68 7F
[11:52:30.503] [JETSON-STATUS] ERROR: A5 5A 01 FE 18 01 01 68 7F
[11:52:30.503] [JETSON-STATUS] ERROR: A5 5A 01 FE 18 01 01 68 7F
[11:52:30.503] [JETSON-STATUS] ERROR: A5 5A 01 FE 18 01 01 68 7F
[11:52:30.505] [JETSON-STATUS] ERROR: A5 5A 01 FE 18 01 01 68 7F
[11:52:30.505] [JETSON-STATUS] ERROR: A5 5A 01 FE 18 01 01 68 7F
[11:52:30.505] [JETSON-STATUS] ERROR: A5 5A 01 FE 18 01 01 68 7F
[11:52:30.505] [JETSON-STATUS] ERROR: A5 5A 01 FE 18 01 01 68 7F
[11:52:30.506] [JETSON-STATUS] ERROR: A5 5A 01 FE 18 01 01 68 7F
[11:52:30.506] [JETSON-STATUS] ERROR: A5 5A 01 FE 18 01 01 68 7F
[11:52:30.506] [JETSON-STATUS] ERROR: A5 5A 01 FE 18 01 01 68 7F
[11:52:30.507] [JETSON-STATUS] ERROR: A5 5A 01 FE 18 01 01 68 7F
[11:52:30.777] [JETSON-RX] FE 18 01 01 68 7F A5 5A 01 FE 18 01 01 68 7F A5 5A 01 FE 18 01 01 68 7F A5 5A 01 FE 18 01 01 68 7F A5 5A 01 FE 18 01 01 68 7F A5 5A 01 FE 18 01 01 68 7F A5 5A 01 FE 18 01 01 68 7F A5 5A 01 FE 18 01 01 68 7F A5 5A 01 FE 18 01 01 68 7F A5 5A 01 FE 18 01 01 68 7F A5 5A 01 FE 18 01 01 68 7F A5 5A 01 FE 18 01 01 68 7F A5 5A 01 FE 18 01 01 68 7F A5 5A 01 FE 18 01 01 68 7F A5 5A 01 FE 18 01 01 68 7F A5 5A 01 FE 18 01 01 68 7F A5 5A 01 FE 18 01 01 68 7F A5 5A 01 FE 18 01 01 68 7F A5 5A 01 FE 18 01 01 68 7F A5 5A 01 FE 18 01 01 68 7F A5 5A 01 FE 18 01 01 68 7F A5 5A 01 FE 18 01 01 68 7F A5 5A 01 FE 18 01 01 68 7F A5 5A 01 FE 18 01 01 68 7F A5 5A 01 FE 18 01 01 68 7F A5 5A 01 FE 18 01 01 68 7F A5 5A 01 FE 18 01 01 68 7F A5 5A 01 FE 18 01 01 68 7F A5 5A 01 FE 18 01 01
[11:52:30.777] [JETSON-STATUS] ERROR: A5 5A 01 FE 18 01 01 68 7F
[11:52:30.778] [JETSON-STATUS] ERROR: A5 5A 01 FE 18 01 01 68 7F
[11:52:30.778] [JETSON-STATUS] ERROR: A5 5A 01 FE 18 01 01 68 7F
[11:52:30.778] [JETSON-STATUS] ERROR: A5 5A 01 FE 18 01 01 68 7F
[11:52:30.778] [JETSON-STATUS] ERROR: A5 5A 01 FE 18 01 01 68 7F
[11:52:30.779] [JETSON-STATUS] ERROR: A5 5A 01 FE 18 01 01 68 7F
[11:52:30.779] [JETSON-STATUS] ERROR: A5 5A 01 FE 18 01 01 68 7F
[11:52:30.779] [JETSON-STATUS] ERROR: A5 5A 01 FE 18 01 01 68 7F
[11:52:30.779] [JETSON-STATUS] ERROR: A5 5A 01 FE 18 01 01 68 7F
[11:52:30.781] [JETSON-STATUS] ERROR: A5 5A 01 FE 18 01 01 68 7F
[11:52:30.781] [JETSON-STATUS] ERROR: A5 5A 01 FE 18 01 01 68 7F
[11:52:30.781] [JETSON-STATUS] ERROR: A5 5A 01 FE 18 01 01 68 7F
[11:52:30.781] [JETSON-STATUS] ERROR: A5 5A 01 FE 18 01 01 68 7F
[11:52:30.781] [JETSON-STATUS] ERROR: A5 5A 01 FE 18 01 01 68 7F
[11:52:30.781] [JETSON-STATUS] ERROR: A5 5A 01 FE 18 01 01 68 7F
[11:52:30.782] [JETSON-STATUS] ERROR: A5 5A 01 FE 18 01 01 68 7F
[11:52:30.782] [JETSON-STATUS] ERROR: A5 5A 01 FE 18 01 01 68 7F
[11:52:30.782] [JETSON-STATUS] ERROR: A5 5A 01 FE 18 01 01 68 7F
[11:52:30.783] [JETSON-STATUS] ERROR: A5 5A 01 FE 18 01 01 68 7F
[11:52:30.783] [JETSON-STATUS] ERROR: A5 5A 01 FE 18 01 01 68 7F
[11:52:30.783] [JETSON-STATUS] ERROR: A5 5A 01 FE 18 01 01 68 7F
[11:52:30.783] [JETSON-STATUS] ERROR: A5 5A 01 FE 18 01 01 68 7F
[11:52:30.784] [JETSON-STATUS] ERROR: A5 5A 01 FE 18 01 01 68 7F
[11:52:30.784] [JETSON-STATUS] ERROR: A5 5A 01 FE 18 01 01 68 7F
[11:52:30.784] [JETSON-STATUS] ERROR: A5 5A 01 FE 18 01 01 68 7F
[11:52:30.785] [JETSON-STATUS] ERROR: A5 5A 01 FE 18 01 01 68 7F
[11:52:30.785] [JETSON-STATUS] ERROR: A5 5A 01 FE 18 01 01 68 7F
[11:52:31.066] [JETSON-RX] 68 7F A5 5A 01 FE 18 01 01 68 7F A5 5A 01 FE 18 01 01 68 7F A5 5A 01 FE 18 01 01 68 7F A5 5A 01 FE 18 01 01 68 7F A5 5A 01 FE 18 01 01 68 7F A5 5A 01 FE 18 01 01 68 7F A5 5A 01 FE 18 01 01 68 7F A5 5A 01 FE 18 01 01 68 7F A5 5A 01 FE 18 01 01 68 7F A5 5A 01 FE 18 01 01 68 7F A5 5A 01 FE 18 01 01 68 7F A5 5A 01 FE 18 01 01 68 7F A5 5A 01 FE 18 01 01 68 7F A5 5A 01 FE 18 01 01 68 7F A5 5A 01 FE 18 01 01 68 7F A5 5A 01 FE 18 01 01 68 7F A5 5A 01 FE 18 01 01 68 7F A5 5A 01 FE 18 01 01 68 7F A5 5A 01 FE 18 01 01 68 7F A5 5A 01 FE 18 01 01 68 7F A5 5A 01 FE 18 01 01 68 7F A5 5A 01 FE 18 01 01 68 7F A5 5A 01 FE 18 01 01 68 7F A5 5A 01 FE 18 01 01 68 7F A5 5A 01 FE 18 01 01 68 7F A5 5A 01 FE 18 01 01 68 7F A5 5A 01 FE 18 01 01 68 7F A5 5A 01 FE 18 01 01 68 7F A5 5A
[11:52:31.067] [JETSON-STATUS] ERROR: A5 5A 01 FE 18 01 01 68 7F
[11:52:31.068] [JETSON-STATUS] ERROR: A5 5A 01 FE 18 01 01 68 7F
[11:52:31.068] [JETSON-STATUS] ERROR: A5 5A 01 FE 18 01 01 68 7F
[11:52:31.068] [JETSON-STATUS] ERROR: A5 5A 01 FE 18 01 01 68 7F
[11:52:31.068] [JETSON-STATUS] ERROR: A5 5A 01 FE 18 01 01 68 7F
[11:52:31.069] [JETSON-STATUS] ERROR: A5 5A 01 FE 18 01 01 68 7F
[11:52:31.069] [JETSON-STATUS] ERROR: A5 5A 01 FE 18 01 01 68 7F
[11:52:31.070] [JETSON-STATUS] ERROR: A5 5A 01 FE 18 01 01 68 7F
[11:52:31.070] [JETSON-STATUS] ERROR: A5 5A 01 FE 18 01 01 68 7F
[11:52:31.070] [JETSON-STATUS] ERROR: A5 5A 01 FE 18 01 01 68 7F
[11:52:31.071] [JETSON-STATUS] ERROR: A5 5A 01 FE 18 01 01 68 7F
[11:52:31.071] [JETSON-STATUS] ERROR: A5 5A 01 FE 18 01 01 68 7F
[11:52:31.071] [JETSON-STATUS] ERROR: A5 5A 01 FE 18 01 01 68 7F
[11:52:31.072] [JETSON-STATUS] ERROR: A5 5A 01 FE 18 01 01 68 7F
[11:52:31.072] [JETSON-STATUS] ERROR: A5 5A 01 FE 18 01 01 68 7F
[11:52:31.072] [JETSON-STATUS] ERROR: A5 5A 01 FE 18 01 01 68 7F
[11:52:31.073] [JETSON-STATUS] ERROR: A5 5A 01 FE 18 01 01 68 7F
[11:52:31.073] [JETSON-STATUS] ERROR: A5 5A 01 FE 18 01 01 68 7F
[11:52:31.073] [JETSON-STATUS] ERROR: A5 5A 01 FE 18 01 01 68 7F
[11:52:31.074] [JETSON-STATUS] ERROR: A5 5A 01 FE 18 01 01 68 7F
[11:52:31.074] [JETSON-STATUS] ERROR: A5 5A 01 FE 18 01 01 68 7F
[11:52:31.074] [JETSON-STATUS] ERROR: A5 5A 01 FE 18 01 01 68 7F
[11:52:31.074] [JETSON-STATUS] ERROR: A5 5A 01 FE 18 01 01 68 7F
[11:52:31.075] [JETSON-STATUS] ERROR: A5 5A 01 FE 18 01 01 68 7F
[11:52:31.075] [JETSON-STATUS] ERROR: A5 5A 01 FE 18 01 01 68 7F
[11:52:31.075] [JETSON-STATUS] ERROR: A5 5A 01 FE 18 01 01 68 7F
[11:52:31.076] [JETSON-STATUS] ERROR: A5 5A 01 FE 18 01 01 68 7F
[11:52:31.076] [JETSON-STATUS] ERROR: A5 5A 01 FE 18 01 01 68 7F
[11:52:31.347] [JETSON-RX] 01 FE 18 01 01 68 7F A5 5A 01 FE 18 01 01 68 7F A5 5A 01 FE 18 01 01 68 7F A5 5A 01 FE 18 01 01 68 7F A5 5A 01 FE 18 01 01 68 7F A5 5A 01 FE 18 01 01 68 7F A5 5A 01 FE 18 01 01 68 7F A5 5A 01 FE 18 01 01 68 7F A5 5A 01 FE 18 01 01 68 7F A5 5A 01 FE 18 01 01 68 7F A5 5A 01 FE 18 01 01 68 7F A5 5A 01 FE 18 01 01 68 7F A5 5A 01 FE 18 01 01 68 7F A5 5A 01 FE 18 01 01 68 7F A5 5A 01 FE 18 01 01 68 7F A5 5A 01 FE 18 01 01 68 7F A5 5A 01 FE 18 01 01 68 7F A5 5A 01 FE 18 01 01 68 7F A5 5A 01 FE 18 01 01 68 7F A5 5A 01 FE 18 01 01 68 7F A5 5A 01 FE 18 01 01 68 7F A5 5A 01 FE 18 01 01 68 7F A5 5A 01 FE 18 01 01 68 7F A5 5A 01 FE 18 01 01 68 7F A5 5A 01 FE 18 01 01 68 7F A5 5A 01 FE 18 01 01 68 7F A5 5A 01 FE 18 01 01 68 7F A5 5A 01 FE 18 01 01 68 7F A5 5A 01 FE 18 01
[11:52:31.347] [JETSON-STATUS] ERROR: A5 5A 01 FE 18 01 01 68 7F
[11:52:31.347] [JETSON-STATUS] ERROR: A5 5A 01 FE 18 01 01 68 7F
[11:52:31.348] [JETSON-STATUS] ERROR: A5 5A 01 FE 18 01 01 68 7F
[11:52:31.348] [JETSON-STATUS] ERROR: A5 5A 01 FE 18 01 01 68 7F
[11:52:31.349] [JETSON-STATUS] ERROR: A5 5A 01 FE 18 01 01 68 7F
[11:52:31.349] [JETSON-STATUS] ERROR: A5 5A 01 FE 18 01 01 68 7F
[11:52:31.349] [JETSON-STATUS] ERROR: A5 5A 01 FE 18 01 01 68 7F
[11:52:31.350] [JETSON-STATUS] ERROR: A5 5A 01 FE 18 01 01 68 7F
[11:52:31.350] [JETSON-STATUS] ERROR: A5 5A 01 FE 18 01 01 68 7F
[11:52:31.350] [JETSON-STATUS] ERROR: A5 5A 01 FE 18 01 01 68 7F
[11:52:31.351] [JETSON-STATUS] ERROR: A5 5A 01 FE 18 01 01 68 7F
[11:52:31.351] [JETSON-STATUS] ERROR: A5 5A 01 FE 18 01 01 68 7F
[11:52:31.351] [JETSON-STATUS] ERROR: A5 5A 01 FE 18 01 01 68 7F
[11:52:31.351] [JETSON-STATUS] ERROR: A5 5A 01 FE 18 01 01 68 7F
[11:52:31.352] [JETSON-STATUS] ERROR: A5 5A 01 FE 18 01 01 68 7F
[11:52:31.352] [JETSON-STATUS] ERROR: A5 5A 01 FE 18 01 01 68 7F
[11:52:31.352] [JETSON-STATUS] ERROR: A5 5A 01 FE 18 01 01 68 7F
[11:52:31.352] [JETSON-STATUS] ERROR: A5 5A 01 FE 18 01 01 68 7F
[11:52:31.354] [JETSON-STATUS] ERROR: A5 5A 01 FE 18 01 01 68 7F
[11:52:31.354] [JETSON-STATUS] ERROR: A5 5A 01 FE 18 01 01 68 7F
[11:52:31.355] [JETSON-STATUS] ERROR: A5 5A 01 FE 18 01 01 68 7F
[11:52:31.355] [JETSON-STATUS] ERROR: A5 5A 01 FE 18 01 01 68 7F
[11:52:31.355] [JETSON-STATUS] ERROR: A5 5A 01 FE 18 01 01 68 7F
[11:52:31.355] [JETSON-STATUS] ERROR: A5 5A 01 FE 18 01 01 68 7F
[11:52:31.356] [JETSON-STATUS] ERROR: A5 5A 01 FE 18 01 01 68 7F
[11:52:31.356] [JETSON-STATUS] ERROR: A5 5A 01 FE 18 01 01 68 7F
[11:52:31.356] [JETSON-STATUS] ERROR: A5 5A 01 FE 18 01 01 68 7F
[11:52:31.636] [JETSON-RX] 01 68 7F A5 5A 01 FE 18 01 01 68 7F A5 5A 01 FE 18 01 01 68 7F A5 5A 01 FE 18 01 01 68 7F A5 5A 01 FE 18 01 01 68 7F A5 5A 01 FE 18 01 01 68 7F A5 5A 01 FE 18 01 01 68 7F A5 5A 01 FE 18 01 01 68 7F A5 5A 01 FE 18 01 01 68 7F A5 5A 01 FE 18 01 01 68 7F A5 5A 01 FE 18 01 01 68 7F A5 5A 01 FE 18 01 01 68 7F A5 5A 01 FE 18 01 01 68 7F A5 5A 01 FE 18 01 01 68 7F A5 5A 01 FE 18 01 01 68 7F A5 5A 01 FE 18 01 01 68 7F A5 5A 01 FE 18 01 01 68 7F A5 5A 01 FE 18 01 01 68 7F A5 5A 01 FE 18 01 01 68 7F A5 5A 01 FE 18 01 01 68 7F A5 5A 01 FE 18 01 01 68 7F A5 5A 01 FE 18 01 01 68 7F A5 5A 01 FE 18 01 01 68 7F A5 5A 01 FE 18 01 01 68 7F A5 5A 01 FE 18 01 01 68 7F A5 5A 01 FE 18 01 01 68 7F A5 5A 01 FE 18 01 01 68 7F A5 5A 01 FE 18 01 01 68 7F A5 5A 01 FE 18 01 01 68 7F A5
[11:52:31.637] [JETSON-STATUS] ERROR: A5 5A 01 FE 18 01 01 68 7F
[11:52:31.637] [JETSON-STATUS] ERROR: A5 5A 01 FE 18 01 01 68 7F
[11:52:31.638] [JETSON-STATUS] ERROR: A5 5A 01 FE 18 01 01 68 7F
[11:52:31.638] [JETSON-STATUS] ERROR: A5 5A 01 FE 18 01 01 68 7F
[11:52:31.638] [JETSON-STATUS] ERROR: A5 5A 01 FE 18 01 01 68 7F
[11:52:31.639] [JETSON-STATUS] ERROR: A5 5A 01 FE 18 01 01 68 7F
[11:52:31.639] [JETSON-STATUS] ERROR: A5 5A 01 FE 18 01 01 68 7F
[11:52:31.639] [JETSON-STATUS] ERROR: A5 5A 01 FE 18 01 01 68 7F
[11:52:31.639] [JETSON-STATUS] ERROR: A5 5A 01 FE 18 01 01 68 7F
[11:52:31.641] [JETSON-STATUS] ERROR: A5 5A 01 FE 18 01 01 68 7F
[11:52:31.641] [JETSON-STATUS] ERROR: A5 5A 01 FE 18 01 01 68 7F
[11:52:31.641] [JETSON-STATUS] ERROR: A5 5A 01 FE 18 01 01 68 7F
[11:52:31.641] [JETSON-STATUS] ERROR: A5 5A 01 FE 18 01 01 68 7F
[11:52:31.642] [JETSON-STATUS] ERROR: A5 5A 01 FE 18 01 01 68 7F
[11:52:31.642] [JETSON-STATUS] ERROR: A5 5A 01 FE 18 01 01 68 7F
[11:52:31.643] [JETSON-STATUS] ERROR: A5 5A 01 FE 18 01 01 68 7F
[11:52:31.643] [JETSON-STATUS] ERROR: A5 5A 01 FE 18 01 01 68 7F
[11:52:31.643] [JETSON-STATUS] ERROR: A5 5A 01 FE 18 01 01 68 7F
[11:52:31.643] [JETSON-STATUS] ERROR: A5 5A 01 FE 18 01 01 68 7F
[11:52:31.644] [JETSON-STATUS] ERROR: A5 5A 01 FE 18 01 01 68 7F
[11:52:31.644] [JETSON-STATUS] ERROR: A5 5A 01 FE 18 01 01 68 7F
[11:52:31.644] [JETSON-STATUS] ERROR: A5 5A 01 FE 18 01 01 68 7F
[11:52:31.644] [JETSON-STATUS] ERROR: A5 5A 01 FE 18 01 01 68 7F
[11:52:31.645] [JETSON-STATUS] ERROR: A5 5A 01 FE 18 01 01 68 7F
[11:52:31.645] [JETSON-STATUS] ERROR: A5 5A 01 FE 18 01 01 68 7F
[11:52:31.645] [JETSON-STATUS] ERROR: A5 5A 01 FE 18 01 01 68 7F
[11:52:31.645] [JETSON-STATUS] ERROR: A5 5A 01 FE 18 01 01 68 7F
[11:52:31.646] [JETSON-STATUS] ERROR: A5 5A 01 FE 18 01 01 68 7F
[11:52:31.917] [JETSON-RX] 5A 01 FE 18 01 01 68 7F A5 5A 01 FE 18 01 01 68 7F A5 5A 01 FE 18 01 01 68 7F A5 5A 01 FE 18 01 01 68 7F A5 5A 01 FE 18 01 01 68 7F A5 5A 01 FE 18 01 01 68 7F A5 5A 01 FE 18 01 01 68 7F A5 5A 01 FE 18 01 01 68 7F A5 5A 01 FE 18 01 01 68 7F A5 5A 01 FE 18 01 01 68 7F A5 5A 01 FE 18 01 01 68 7F A5 5A 01 FE 18 01 01 68 7F A5 5A 01 FE 18 01 01 68 7F A5 5A 01 FE 18 01 01 68 7F A5 5A 01 FE 18 01 01 68 7F A5 5A 01 FE 18 01 01 68 7F A5 5A 01 FE 18 01 01 68 7F A5 5A 01 FE 18 01 01 68 7F A5 5A 01 FE 18 01 01 68 7F A5 5A 01 FE 18 01 01 68 7F A5 5A 01 FE 18 01 01 68 7F A5 5A 01 FE 18 01 01 68 7F A5 5A 01 FE 18 01 01 68 7F A5 5A 01 FE 18 01 01 68 7F A5 5A 01 FE 18 01 01 68 7F A5 5A 01 FE 18 01 01 68 7F A5 5A 01 FE 18 01 01 68 7F A5 5A 01 FE 18 01 01 68 7F A5 5A 01 FE 18
[11:52:31.917] [JETSON-STATUS] ERROR: A5 5A 01 FE 18 01 01 68 7F
[11:52:31.918] [JETSON-STATUS] ERROR: A5 5A 01 FE 18 01 01 68 7F
[11:52:31.918] [JETSON-STATUS] ERROR: A5 5A 01 FE 18 01 01 68 7F
[11:52:31.918] [JETSON-STATUS] ERROR: A5 5A 01 FE 18 01 01 68 7F
[11:52:31.919] [JETSON-STATUS] ERROR: A5 5A 01 FE 18 01 01 68 7F
[11:52:31.919] [JETSON-STATUS] ERROR: A5 5A 01 FE 18 01 01 68 7F
[11:52:31.919] [JETSON-STATUS] ERROR: A5 5A 01 FE 18 01 01 68 7F
[11:52:31.919] [JETSON-STATUS] ERROR: A5 5A 01 FE 18 01 01 68 7F
[11:52:31.919] [JETSON-STATUS] ERROR: A5 5A 01 FE 18 01 01 68 7F
[11:52:31.920] [JETSON-STATUS] ERROR: A5 5A 01 FE 18 01 01 68 7F
[11:52:31.920] [JETSON-STATUS] ERROR: A5 5A 01 FE 18 01 01 68 7F
[11:52:31.920] [JETSON-STATUS] ERROR: A5 5A 01 FE 18 01 01 68 7F
[11:52:31.921] [JETSON-STATUS] ERROR: A5 5A 01 FE 18 01 01 68 7F
[11:52:31.921] [JETSON-STATUS] ERROR: A5 5A 01 FE 18 01 01 68 7F
[11:52:31.921] [JETSON-STATUS] ERROR: A5 5A 01 FE 18 01 01 68 7F
[11:52:31.923] [JETSON-STATUS] ERROR: A5 5A 01 FE 18 01 01 68 7F
[11:52:31.923] [JETSON-STATUS] ERROR: A5 5A 01 FE 18 01 01 68 7F
[11:52:31.923] [JETSON-STATUS] ERROR: A5 5A 01 FE 18 01 01 68 7F
[11:52:31.923] [JETSON-STATUS] ERROR: A5 5A 01 FE 18 01 01 68 7F
[11:52:31.924] [JETSON-STATUS] ERROR: A5 5A 01 FE 18 01 01 68 7F
[11:52:31.924] [JETSON-STATUS] ERROR: A5 5A 01 FE 18 01 01 68 7F
[11:52:31.924] [JETSON-STATUS] ERROR: A5 5A 01 FE 18 01 01 68 7F
[11:52:31.924] [JETSON-STATUS] ERROR: A5 5A 01 FE 18 01 01 68 7F
[11:52:31.925] [JETSON-STATUS] ERROR: A5 5A 01 FE 18 01 01 68 7F
[11:52:31.925] [JETSON-STATUS] ERROR: A5 5A 01 FE 18 01 01 68 7F
[11:52:31.925] [JETSON-STATUS] ERROR: A5 5A 01 FE 18 01 01 68 7F
[11:52:31.926] [JETSON-STATUS] ERROR: A5 5A 01 FE 18 01 01 68 7F
[11:52:32.196] [JETSON-RX] 01 01 68 7F A5 5A 01 FE 18 01 01 68 7F A5 5A 01 FE 18 01 01 68 7F A5 5A 01 FE 18 01 01 68 7F A5 5A 01 FE 18 01 01 68 7F A5 5A 01 FE 18 01 01 68 7F A5 5A 01 FE 18 01 01 68 7F A5 5A 01 FE 18 01 01 68 7F A5 5A 01 FE 18 01 01 68 7F A5 5A 01 FE 18 01 01 68 7F A5 5A 01 FE 18 01 01 68 7F A5 5A 01 FE 18 01 01 68 7F A5 5A 01 FE 18 01 01 68 7F A5 5A 01 FE 18 01 01 68 7F A5 5A 01 FE 18 01 01 68 7F A5 5A 01 FE 18 01 01 68 7F A5 5A 01 FE 18 01 01 68 7F A5 5A 01 FE 18 01 01 68 7F A5 5A 01 FE 18 01 01 68 7F A5 5A 01 FE 18 01 01 68 7F A5 5A 01 FE 18 01 01 68 7F A5 5A 01 FE 18 01 01 68 7F A5 5A 01 FE 18 01 01 68 7F A5 5A 01 FE 18 01 01 68 7F A5 5A 01 FE 18 01 01 68 7F A5 5A 01 FE 18 01 01 68 7F A5 5A 01 FE 18 01 01 68 7F A5 5A 01 FE 18 01 01 68 7F A5 5A 01 FE 18 01 01 68 7F
[11:52:32.197] [JETSON-STATUS] ERROR: A5 5A 01 FE 18 01 01 68 7F
[11:52:32.197] [JETSON-STATUS] ERROR: A5 5A 01 FE 18 01 01 68 7F
[11:52:32.197] [JETSON-STATUS] ERROR: A5 5A 01 FE 18 01 01 68 7F
[11:52:32.198] [JETSON-STATUS] ERROR: A5 5A 01 FE 18 01 01 68 7F
[11:52:32.198] [JETSON-STATUS] ERROR: A5 5A 01 FE 18 01 01 68 7F
[11:52:32.198] [JETSON-STATUS] ERROR: A5 5A 01 FE 18 01 01 68 7F
[11:52:32.200] [JETSON-STATUS] ERROR: A5 5A 01 FE 18 01 01 68 7F
[11:52:32.200] [JETSON-STATUS] ERROR: A5 5A 01 FE 18 01 01 68 7F
[11:52:32.200] [JETSON-STATUS] ERROR: A5 5A 01 FE 18 01 01 68 7F
[11:52:32.201] [JETSON-STATUS] ERROR: A5 5A 01 FE 18 01 01 68 7F
[11:52:32.201] [JETSON-STATUS] ERROR: A5 5A 01 FE 18 01 01 68 7F
[11:52:32.201] [JETSON-STATUS] ERROR: A5 5A 01 FE 18 01 01 68 7F
[11:52:32.202] [JETSON-STATUS] ERROR: A5 5A 01 FE 18 01 01 68 7F
[11:52:32.202] [JETSON-STATUS] ERROR: A5 5A 01 FE 18 01 01 68 7F
[11:52:32.202] [JETSON-STATUS] ERROR: A5 5A 01 FE 18 01 01 68 7F
[11:52:32.203] [JETSON-STATUS] ERROR: A5 5A 01 FE 18 01 01 68 7F
[11:52:32.203] [JETSON-STATUS] ERROR: A5 5A 01 FE 18 01 01 68 7F
[11:52:32.203] [JETSON-STATUS] ERROR: A5 5A 01 FE 18 01 01 68 7F
[11:52:32.203] [JETSON-STATUS] ERROR: A5 5A 01 FE 18 01 01 68 7F
[11:52:32.204] [JETSON-STATUS] ERROR: A5 5A 01 FE 18 01 01 68 7F
[11:52:32.204] [JETSON-STATUS] ERROR: A5 5A 01 FE 18 01 01 68 7F
[11:52:32.204] [JETSON-STATUS] ERROR: A5 5A 01 FE 18 01 01 68 7F
[11:52:32.204] [JETSON-STATUS] ERROR: A5 5A 01 FE 18 01 01 68 7F
[11:52:32.205] [JETSON-STATUS] ERROR: A5 5A 01 FE 18 01 01 68 7F
[11:52:32.205] [JETSON-STATUS] ERROR: A5 5A 01 FE 18 01 01 68 7F
[11:52:32.205] [JETSON-STATUS] ERROR: A5 5A 01 FE 18 01 01 68 7F
[11:52:32.206] [JETSON-STATUS] ERROR: A5 5A 01 FE 18 01 01 68 7F
[11:52:32.206] [JETSON-STATUS] ERROR: A5 5A 01 FE 18 01 01 68 7F
[11:52:32.487] [JETSON-RX] A5 5A 01 FE 18 01 01 68 7F A5 5A 01 FE 18 01 01 68 7F A5 5A 01 FE 18 01 01 68 7F A5 5A 01 FE 18 01 01 68 7F A5 5A 01 FE 18 01 01 68 7F A5 5A 01 FE 18 01 01 68 7F A5 5A 01 FE 18 01 01 68 7F A5 5A 01 FE 18 01 01 68 7F A5 5A 01 FE 18 01 01 68 7F A5 5A 01 FE 18 01 01 68 7F A5 5A 01 FE 18 01 01 68 7F A5 5A 01 FE 18 01 01 68 7F A5 5A 01 FE 18 01 01 68 7F A5 5A 01 FE 18 01 01 68 7F A5 5A 01 FE 18 01 01 68 7F A5 5A 01 FE 18 01 01 68 7F A5 5A 01 FE 18 01 01 68 7F A5 5A 01 FE 18 01 01 68 7F A5 5A 01 FE 18 01 01 68 7F A5 5A 01 FE 18 01 01 68 7F A5 5A 01 FE 18 01 01 68 7F A5 5A 01 FE 18 01 01 68 7F A5 5A 01 FE 18 01 01 68 7F A5 5A 01 FE 18 01 01 68 7F A5 5A 01 FE 18 01 01 68 7F A5 5A 01 FE 18 01 01 68 7F A5 5A 01 FE 18 01 01 68 7F A5 5A 01 FE 18 01 01 68 7F A5 5A 01 FE
[11:52:32.487] [JETSON-STATUS] ERROR: A5 5A 01 FE 18 01 01 68 7F
[11:52:32.487] [JETSON-STATUS] ERROR: A5 5A 01 FE 18 01 01 68 7F
[11:52:32.488] [JETSON-STATUS] ERROR: A5 5A 01 FE 18 01 01 68 7F
[11:52:32.488] [JETSON-STATUS] ERROR: A5 5A 01 FE 18 01 01 68 7F
[11:52:32.488] [JETSON-STATUS] ERROR: A5 5A 01 FE 18 01 01 68 7F
[11:52:32.489] [JETSON-STATUS] ERROR: A5 5A 01 FE 18 01 01 68 7F
[11:52:32.489] [JETSON-STATUS] ERROR: A5 5A 01 FE 18 01 01 68 7F
[11:52:32.489] [JETSON-STATUS] ERROR: A5 5A 01 FE 18 01 01 68 7F
[11:52:32.490] [JETSON-STATUS] ERROR: A5 5A 01 FE 18 01 01 68 7F
[11:52:32.490] [JETSON-STATUS] ERROR: A5 5A 01 FE 18 01 01 68 7F
[11:52:32.490] [JETSON-STATUS] ERROR: A5 5A 01 FE 18 01 01 68 7F
[11:52:32.491] [JETSON-STATUS] ERROR: A5 5A 01 FE 18 01 01 68 7F
[11:52:32.491] [JETSON-STATUS] ERROR: A5 5A 01 FE 18 01 01 68 7F
[11:52:32.492] [JETSON-STATUS] ERROR: A5 5A 01 FE 18 01 01 68 7F
[11:52:32.492] [JETSON-STATUS] ERROR: A5 5A 01 FE 18 01 01 68 7F
[11:52:32.494] [JETSON-STATUS] ERROR: A5 5A 01 FE 18 01 01 68 7F
[11:52:32.494] [JETSON-STATUS] ERROR: A5 5A 01 FE 18 01 01 68 7F
[11:52:32.495] [JETSON-STATUS] ERROR: A5 5A 01 FE 18 01 01 68 7F
[11:52:32.495] [JETSON-STATUS] ERROR: A5 5A 01 FE 18 01 01 68 7F
[11:52:32.495] [JETSON-STATUS] ERROR: A5 5A 01 FE 18 01 01 68 7F
[11:52:32.496] [JETSON-STATUS] ERROR: A5 5A 01 FE 18 01 01 68 7F
[11:52:32.496] [JETSON-STATUS] ERROR: A5 5A 01 FE 18 01 01 68 7F
[11:52:32.496] [JETSON-STATUS] ERROR: A5 5A 01 FE 18 01 01 68 7F
[11:52:32.497] [JETSON-STATUS] ERROR: A5 5A 01 FE 18 01 01 68 7F
[11:52:32.497] [JETSON-STATUS] ERROR: A5 5A 01 FE 18 01 01 68 7F
[11:52:32.497] [JETSON-STATUS] ERROR: A5 5A 01 FE 18 01 01 68 7F
[11:52:32.498] [JETSON-STATUS] ERROR: A5 5A 01 FE 18 01 01 68 7F
[11:52:32.498] [JETSON-STATUS] ERROR: A5 5A 01 FE 18 01 01 68 7F
[11:52:32.766] [JETSON-RX] 18 01 01 68 7F A5 5A 01 FE 18 01 01 68 7F A5 5A 01 FE 18 01 01 68 7F A5 5A 01 FE 18 01 01 68 7F A5 5A 01 FE 18 01 01 68 7F A5 5A 01 FE 18 01 01 68 7F A5 5A 01 FE 18 01 01 68 7F A5 5A 01 FE 18 01 01 68 7F A5 5A 01 FE 18 01 01 68 7F A5 5A 01 FE 18 01 01 68 7F A5 5A 01 FE 18 01 01 68 7F A5 5A 01 FE 18 01 01 68 7F A5 5A 01 FE 18 01 01 68 7F A5 5A 01 FE 18 01 01 68 7F A5 5A 01 FE 18 01 01 68 7F A5 5A 01 FE 18 01 01 68 7F A5 5A 01 FE 18 01 01 68 7F A5 5A 01 FE 18 01 01 68 7F A5 5A 01 FE 18 01 01 68 7F A5 5A 01 FE 18 01 01 68 7F A5 5A 01 FE 18 01 01 68 7F A5 5A 01 FE 18 01 01 68 7F A5 5A 01 FE 18 01 01 68 7F A5 5A 01 FE 18 01 01 68 7F A5 5A 01 FE 18 01 01 68 7F A5 5A 01 FE 18 01 01 68 7F A5 5A 01 FE 18 01 01 68 7F A5 5A 01 FE 18 01 01 68 7F A5 5A 01 FE 18 01 01 68
[11:52:32.767] [JETSON-STATUS] ERROR: A5 5A 01 FE 18 01 01 68 7F
[11:52:32.767] [JETSON-STATUS] ERROR: A5 5A 01 FE 18 01 01 68 7F
[11:52:32.767] [JETSON-STATUS] ERROR: A5 5A 01 FE 18 01 01 68 7F
[11:52:32.768] [JETSON-STATUS] ERROR: A5 5A 01 FE 18 01 01 68 7F
[11:52:32.768] [JETSON-STATUS] ERROR: A5 5A 01 FE 18 01 01 68 7F
[11:52:32.768] [JETSON-STATUS] ERROR: A5 5A 01 FE 18 01 01 68 7F
[11:52:32.769] [JETSON-STATUS] ERROR: A5 5A 01 FE 18 01 01 68 7F
[11:52:32.771] [JETSON-STATUS] ERROR: A5 5A 01 FE 18 01 01 68 7F
[11:52:32.772] [JETSON-STATUS] ERROR: A5 5A 01 FE 18 01 01 68 7F
[11:52:32.772] [JETSON-STATUS] ERROR: A5 5A 01 FE 18 01 01 68 7F
[11:52:32.773] [JETSON-STATUS] ERROR: A5 5A 01 FE 18 01 01 68 7F
[11:52:32.773] [JETSON-STATUS] ERROR: A5 5A 01 FE 18 01 01 68 7F
[11:52:32.773] [JETSON-STATUS] ERROR: A5 5A 01 FE 18 01 01 68 7F
[11:52:32.773] [JETSON-STATUS] ERROR: A5 5A 01 FE 18 01 01 68 7F
[11:52:32.774] [JETSON-STATUS] ERROR: A5 5A 01 FE 18 01 01 68 7F
[11:52:32.774] [JETSON-STATUS] ERROR: A5 5A 01 FE 18 01 01 68 7F
[11:52:32.774] [JETSON-STATUS] ERROR: A5 5A 01 FE 18 01 01 68 7F
[11:52:32.774] [JETSON-STATUS] ERROR: A5 5A 01 FE 18 01 01 68 7F
[11:52:32.775] [JETSON-STATUS] ERROR: A5 5A 01 FE 18 01 01 68 7F
[11:52:32.775] [JETSON-STATUS] ERROR: A5 5A 01 FE 18 01 01 68 7F
[11:52:32.776] [JETSON-STATUS] ERROR: A5 5A 01 FE 18 01 01 68 7F
[11:52:32.776] [JETSON-STATUS] ERROR: A5 5A 01 FE 18 01 01 68 7F
[11:52:32.776] [JETSON-STATUS] ERROR: A5 5A 01 FE 18 01 01 68 7F
[11:52:32.777] [JETSON-STATUS] ERROR: A5 5A 01 FE 18 01 01 68 7F
[11:52:32.777] [JETSON-STATUS] ERROR: A5 5A 01 FE 18 01 01 68 7F
[11:52:32.777] [JETSON-STATUS] ERROR: A5 5A 01 FE 18 01 01 68 7F
[11:52:32.777] [JETSON-STATUS] ERROR: A5 5A 01 FE 18 01 01 68 7F
[11:52:33.056] [JETSON-RX] 7F A5 5A 01 FE 18 01 01 68 7F A5 5A 01 FE 18 01 01 68 7F A5 5A 01 FE 18 01 01 68 7F A5 5A 01 FE 18 01 01 68 7F A5 5A 01 FE 18 01 01 68 7F A5 5A 01 FE 18 01 01 68 7F A5 5A 01 FE 18 01 01 68 7F A5 5A 01 FE 18 01 01 68 7F A5 5A 01 FE 18 01 01 68 7F A5 5A 01 FE 18 01 01 68 7F A5 5A 01 FE 18 01 01 68 7F A5 5A 01 FE 18 01 01 68 7F A5 5A 01 FE 18 01 01 68 7F A5 5A 01 FE 18 01 01 68 7F A5 5A 01 FE 18 01 01 68 7F A5 5A 01 FE 18 01 01 68 7F A5 5A 01 FE 18 01 01 68 7F A5 5A 01 FE 18 01 01 68 7F A5 5A 01 FE 18 01 01 68 7F A5 5A 01 FE 18 01 01 68 7F A5 5A 01 FE 18 01 01 68 7F A5 5A 01 FE 18 01 01 68 7F A5 5A 01 FE 18 01 01 68 7F A5 5A 01 FE 18 01 01 68 7F A5 5A 01 FE 18 01 01 68 7F A5 5A 01 FE 18 01 01 68 7F A5 5A 01 FE 18 01 01 68 7F A5 5A 01 FE 18 01 01 68 7F A5 5A 01
[11:52:33.058] [JETSON-STATUS] ERROR: A5 5A 01 FE 18 01 01 68 7F
[11:52:33.058] [JETSON-STATUS] ERROR: A5 5A 01 FE 18 01 01 68 7F
[11:52:33.058] [JETSON-STATUS] ERROR: A5 5A 01 FE 18 01 01 68 7F
[11:52:33.059] [JETSON-STATUS] ERROR: A5 5A 01 FE 18 01 01 68 7F
[11:52:33.059] [JETSON-STATUS] ERROR: A5 5A 01 FE 18 01 01 68 7F
[11:52:33.059] [JETSON-STATUS] ERROR: A5 5A 01 FE 18 01 01 68 7F
[11:52:33.060] [JETSON-STATUS] ERROR: A5 5A 01 FE 18 01 01 68 7F
[11:52:33.060] [JETSON-STATUS] ERROR: A5 5A 01 FE 18 01 01 68 7F
[11:52:33.060] [JETSON-STATUS] ERROR: A5 5A 01 FE 18 01 01 68 7F
[11:52:33.061] [JETSON-STATUS] ERROR: A5 5A 01 FE 18 01 01 68 7F
[11:52:33.062] [JETSON-STATUS] ERROR: A5 5A 01 FE 18 01 01 68 7F
[11:52:33.062] [JETSON-STATUS] ERROR: A5 5A 01 FE 18 01 01 68 7F
[11:52:33.062] [JETSON-STATUS] ERROR: A5 5A 01 FE 18 01 01 68 7F
[11:52:33.063] [JETSON-STATUS] ERROR: A5 5A 01 FE 18 01 01 68 7F
[11:52:33.063] [JETSON-STATUS] ERROR: A5 5A 01 FE 18 01 01 68 7F
[11:52:33.063] [JETSON-STATUS] ERROR: A5 5A 01 FE 18 01 01 68 7F
[11:52:33.063] [JETSON-STATUS] ERROR: A5 5A 01 FE 18 01 01 68 7F
[11:52:33.064] [JETSON-STATUS] ERROR: A5 5A 01 FE 18 01 01 68 7F
[11:52:33.064] [JETSON-STATUS] ERROR: A5 5A 01 FE 18 01 01 68 7F
[11:52:33.064] [JETSON-STATUS] ERROR: A5 5A 01 FE 18 01 01 68 7F
[11:52:33.064] [JETSON-STATUS] ERROR: A5 5A 01 FE 18 01 01 68 7F
[11:52:33.064] [JETSON-STATUS] ERROR: A5 5A 01 FE 18 01 01 68 7F
[11:52:33.065] [JETSON-STATUS] ERROR: A5 5A 01 FE 18 01 01 68 7F
[11:52:33.065] [JETSON-STATUS] ERROR: A5 5A 01 FE 18 01 01 68 7F
[11:52:33.065] [JETSON-STATUS] ERROR: A5 5A 01 FE 18 01 01 68 7F
[11:52:33.066] [JETSON-STATUS] ERROR: A5 5A 01 FE 18 01 01 68 7F
[11:52:33.066] [JETSON-STATUS] ERROR: A5 5A 01 FE 18 01 01 68 7F
[11:52:33.066] [JETSON-STATUS] ERROR: A5 5A 01 FE 18 01 01 68 7F
[11:52:33.067] [JETSON-STATUS] ERROR: A5 5A 01 FE 18 01 01 68 7F
[11:52:33.337] [JETSON-RX] FE 18 01 01 68 7F A5 5A 01 FE 18 01 01 68 7F A5 5A 01 FE 18 01 01 68 7F A5 5A 01 FE 18 01 01 68 7F A5 5A 01 FE 18 01 01 68 7F A5 5A 01 FE 18 01 01 68 7F A5 5A 01 FE 18 01 01 68 7F A5 5A 01 FE 18 01 01 68 7F A5 5A 01 FE 18 01 01 68 7F A5 5A 01 FE 18 01 01 68 7F A5 5A 01 FE 18 01 01 68 7F A5 5A 01 FE 18 01 01 68 7F A5 5A 01 FE 18 01 01 68 7F A5 5A 01 FE 18 01 01 68 7F A5 5A 01 FE 18 01 01 68 7F A5 5A 01 FE 18 01 01 68 7F A5 5A 01 FE 18 01 01 68 7F A5 5A 01 FE 18 01 01 68 7F A5 5A 01 FE 18 01 01 68 7F A5 5A 01 FE 18 01 01 68 7F A5 5A 01 FE 18 01 01 68 7F A5 5A 01 FE 18 01 01 68 7F A5 5A 01 FE 18 01 01 68 7F A5 5A 01 FE 18 01 01 68 7F A5 5A 01 FE 18 01 01 68 7F A5 5A 01 FE 18 01 01 68 7F A5 5A 01 FE 18 01 01 68 7F A5 5A 01 FE 18 01 01 68 7F A5 5A 01 FE 18 01 01
[11:52:33.337] [JETSON-STATUS] ERROR: A5 5A 01 FE 18 01 01 68 7F
[11:52:33.338] [JETSON-STATUS] ERROR: A5 5A 01 FE 18 01 01 68 7F
[11:52:33.338] [JETSON-STATUS] ERROR: A5 5A 01 FE 18 01 01 68 7F
[11:52:33.338] [JETSON-STATUS] ERROR: A5 5A 01 FE 18 01 01 68 7F
[11:52:33.339] [JETSON-STATUS] ERROR: A5 5A 01 FE 18 01 01 68 7F
[11:52:33.339] [JETSON-STATUS] ERROR: A5 5A 01 FE 18 01 01 68 7F
[11:52:33.339] [JETSON-STATUS] ERROR: A5 5A 01 FE 18 01 01 68 7F
[11:52:33.339] [JETSON-STATUS] ERROR: A5 5A 01 FE 18 01 01 68 7F
[11:52:33.340] [JETSON-STATUS] ERROR: A5 5A 01 FE 18 01 01 68 7F
[11:52:33.340] [JETSON-STATUS] ERROR: A5 5A 01 FE 18 01 01 68 7F
[11:52:33.340] [JETSON-STATUS] ERROR: A5 5A 01 FE 18 01 01 68 7F
[11:52:33.341] [JETSON-STATUS] ERROR: A5 5A 01 FE 18 01 01 68 7F
[11:52:33.341] [JETSON-STATUS] ERROR: A5 5A 01 FE 18 01 01 68 7F
[11:52:33.341] [JETSON-STATUS] ERROR: A5 5A 01 FE 18 01 01 68 7F
[11:52:33.342] [JETSON-STATUS] ERROR: A5 5A 01 FE 18 01 01 68 7F
[11:52:33.342] [JETSON-STATUS] ERROR: A5 5A 01 FE 18 01 01 68 7F
[11:52:33.342] [JETSON-STATUS] ERROR: A5 5A 01 FE 18 01 01 68 7F
[11:52:33.342] [JETSON-STATUS] ERROR: A5 5A 01 FE 18 01 01 68 7F
[11:52:33.343] [JETSON-STATUS] ERROR: A5 5A 01 FE 18 01 01 68 7F
[11:52:33.343] [JETSON-STATUS] ERROR: A5 5A 01 FE 18 01 01 68 7F
[11:52:33.343] [JETSON-STATUS] ERROR: A5 5A 01 FE 18 01 01 68 7F
[11:52:33.344] [JETSON-STATUS] ERROR: A5 5A 01 FE 18 01 01 68 7F
[11:52:33.344] [JETSON-STATUS] ERROR: A5 5A 01 FE 18 01 01 68 7F
[11:52:33.344] [JETSON-STATUS] ERROR: A5 5A 01 FE 18 01 01 68 7F
[11:52:33.345] [JETSON-STATUS] ERROR: A5 5A 01 FE 18 01 01 68 7F
[11:52:33.345] [JETSON-STATUS] ERROR: A5 5A 01 FE 18 01 01 68 7F
[11:52:33.345] [JETSON-STATUS] ERROR: A5 5A 01 FE 18 01 01 68 7F
[11:52:33.626] [JETSON-RX] 68 7F A5 5A 01 FE 18 01 01 68 7F A5 5A 01 FE 18 01 01 68 7F A5 5A 01 FE 18 01 01 68 7F A5 5A 01 FE 18 01 01 68 7F A5 5A 01 FE 18 01 01 68 7F A5 5A 01 FE 18 01 01 68 7F A5 5A 01 FE 18 01 01 68 7F A5 5A 01 FE 18 01 01 68 7F A5 5A 01 FE 18 01 01 68 7F A5 5A 01 FE 18 01 01 68 7F A5 5A 01 FE 18 01 01 68 7F A5 5A 01 FE 18 01 01 68 7F A5 5A 01 FE 18 01 01 68 7F A5 5A 01 FE 18 01 01 68 7F A5 5A 01 FE 18 01 01 68 7F A5 5A 01 FE 18 01 01 68 7F A5 5A 01 FE 18 01 01 68 7F A5 5A 01 FE 18 01 01 68 7F A5 5A 01 FE 18 01 01 68 7F A5 5A 01 FE 18 01 01 68 7F A5 5A 01 FE 18 01 01 68 7F A5 5A 01 FE 18 01 01 68 7F A5 5A 01 FE 18 01 01 68 7F A5 5A 01 FE 18 01 01 68 7F A5 5A 01 FE 18 01 01 68 7F A5 5A 01 FE 18 01 01 68 7F A5 5A 01 FE 18 01 01 68 7F A5 5A 01 FE 18 01 01 68 7F A5 5A
[11:52:33.627] [JETSON-STATUS] ERROR: A5 5A 01 FE 18 01 01 68 7F
[11:52:33.627] [JETSON-STATUS] ERROR: A5 5A 01 FE 18 01 01 68 7F
[11:52:33.628] [JETSON-STATUS] ERROR: A5 5A 01 FE 18 01 01 68 7F
[11:52:33.628] [JETSON-STATUS] ERROR: A5 5A 01 FE 18 01 01 68 7F
[11:52:33.629] [JETSON-STATUS] ERROR: A5 5A 01 FE 18 01 01 68 7F
[11:52:33.629] [JETSON-STATUS] ERROR: A5 5A 01 FE 18 01 01 68 7F
[11:52:33.629] [JETSON-STATUS] ERROR: A5 5A 01 FE 18 01 01 68 7F
[11:52:33.629] [JETSON-STATUS] ERROR: A5 5A 01 FE 18 01 01 68 7F
[11:52:33.630] [JETSON-STATUS] ERROR: A5 5A 01 FE 18 01 01 68 7F
[11:52:33.630] [JETSON-STATUS] ERROR: A5 5A 01 FE 18 01 01 68 7F
[11:52:33.630] [JETSON-STATUS] ERROR: A5 5A 01 FE 18 01 01 68 7F
[11:52:33.631] [JETSON-STATUS] ERROR: A5 5A 01 FE 18 01 01 68 7F
[11:52:33.631] [JETSON-STATUS] ERROR: A5 5A 01 FE 18 01 01 68 7F
[11:52:33.632] [JETSON-STATUS] ERROR: A5 5A 01 FE 18 01 01 68 7F
[11:52:33.632] [JETSON-STATUS] ERROR: A5 5A 01 FE 18 01 01 68 7F
[11:52:33.632] [JETSON-STATUS] ERROR: A5 5A 01 FE 18 01 01 68 7F
[11:52:33.634] [JETSON-STATUS] ERROR: A5 5A 01 FE 18 01 01 68 7F
[11:52:33.634] [JETSON-STATUS] ERROR: A5 5A 01 FE 18 01 01 68 7F
[11:52:33.634] [JETSON-STATUS] ERROR: A5 5A 01 FE 18 01 01 68 7F
[11:52:33.635] [JETSON-STATUS] ERROR: A5 5A 01 FE 18 01 01 68 7F
[11:52:33.635] [JETSON-STATUS] ERROR: A5 5A 01 FE 18 01 01 68 7F
[11:52:33.635] [JETSON-STATUS] ERROR: A5 5A 01 FE 18 01 01 68 7F
[11:52:33.636] [JETSON-STATUS] ERROR: A5 5A 01 FE 18 01 01 68 7F
[11:52:33.636] [JETSON-STATUS] ERROR: A5 5A 01 FE 18 01 01 68 7F
[11:52:33.636] [JETSON-STATUS] ERROR: A5 5A 01 FE 18 01 01 68 7F
[11:52:33.637] [JETSON-STATUS] ERROR: A5 5A 01 FE 18 01 01 68 7F
[11:52:33.637] [JETSON-STATUS] ERROR: A5 5A 01 FE 18 01 01 68 7F
[11:52:33.637] [JETSON-STATUS] ERROR: A5 5A 01 FE 18 01 01 68 7F
[11:52:33.907] [JETSON-RX] 01 FE 18 01 01 68 7F A5 5A 01 FE 18 01 01 68 7F A5 5A 01 FE 18 01 01 68 7F A5 5A 01 FE 18 01 01 68 7F A5 5A 01 FE 18 01 01 68 7F A5 5A 01 FE 18 01 01 68 7F A5 5A 01 FE 18 01 01 68 7F A5 5A 01 FE 18 01 01 68 7F A5 5A 01 FE 18 01 01 68 7F A5 5A 01 FE 18 01 01 68 7F A5 5A 01 FE 18 01 01 68 7F A5 5A 01 FE 18 01 01 68 7F A5 5A 01 FE 18 01 01 68 7F A5 5A 01 FE 18 01 01 68 7F A5 5A 01 FE 18 01 01 68 7F A5 5A 01 FE 18 01 01 68 7F A5 5A 01 FE 18 01 01 68 7F A5 5A 01 FE 18 01 01 68 7F A5 5A 01 FE 18 01 01 68 7F A5 5A 01 FE 18 01 01 68 7F A5 5A 01 FE 18 01 01 68 7F A5 5A 01 FE 18 01 01 68 7F A5 5A 01 FE 18 01 01 68 7F A5 5A 01 FE 18 01 01 68 7F A5 5A 01 FE 18 01 01 68 7F A5 5A 01 FE 18 01 01 68 7F A5 5A 01 FE 18 01 01 68 7F A5 5A 01 FE 18 01 01 68 7F A5 5A 01 FE 18 01
[11:52:33.907] [JETSON-STATUS] ERROR: A5 5A 01 FE 18 01 01 68 7F
[11:52:33.908] [JETSON-STATUS] ERROR: A5 5A 01 FE 18 01 01 68 7F
[11:52:33.908] [JETSON-STATUS] ERROR: A5 5A 01 FE 18 01 01 68 7F
[11:52:33.908] [JETSON-STATUS] ERROR: A5 5A 01 FE 18 01 01 68 7F
[11:52:33.908] [JETSON-STATUS] ERROR: A5 5A 01 FE 18 01 01 68 7F
[11:52:33.909] [JETSON-STATUS] ERROR: A5 5A 01 FE 18 01 01 68 7F
[11:52:33.909] [JETSON-STATUS] ERROR: A5 5A 01 FE 18 01 01 68 7F
[11:52:33.909] [JETSON-STATUS] ERROR: A5 5A 01 FE 18 01 01 68 7F
[11:52:33.910] [JETSON-STATUS] ERROR: A5 5A 01 FE 18 01 01 68 7F
[11:52:33.910] [JETSON-STATUS] ERROR: A5 5A 01 FE 18 01 01 68 7F
[11:52:33.910] [JETSON-STATUS] ERROR: A5 5A 01 FE 18 01 01 68 7F
[11:52:33.911] [JETSON-STATUS] ERROR: A5 5A 01 FE 18 01 01 68 7F
[11:52:33.911] [JETSON-STATUS] ERROR: A5 5A 01 FE 18 01 01 68 7F
[11:52:33.911] [JETSON-STATUS] ERROR: A5 5A 01 FE 18 01 01 68 7F
[11:52:33.912] [JETSON-STATUS] ERROR: A5 5A 01 FE 18 01 01 68 7F
[11:52:33.912] [JETSON-STATUS] ERROR: A5 5A 01 FE 18 01 01 68 7F
[11:52:33.912] [JETSON-STATUS] ERROR: A5 5A 01 FE 18 01 01 68 7F
[11:52:33.912] [JETSON-STATUS] ERROR: A5 5A 01 FE 18 01 01 68 7F
[11:52:33.913] [JETSON-STATUS] ERROR: A5 5A 01 FE 18 01 01 68 7F
[11:52:33.913] [JETSON-STATUS] ERROR: A5 5A 01 FE 18 01 01 68 7F
[11:52:33.913] [JETSON-STATUS] ERROR: A5 5A 01 FE 18 01 01 68 7F
[11:52:33.914] [JETSON-STATUS] ERROR: A5 5A 01 FE 18 01 01 68 7F
[11:52:33.914] [JETSON-STATUS] ERROR: A5 5A 01 FE 18 01 01 68 7F
[11:52:33.914] [JETSON-STATUS] ERROR: A5 5A 01 FE 18 01 01 68 7F
[11:52:33.916] [JETSON-STATUS] ERROR: A5 5A 01 FE 18 01 01 68 7F
[11:52:33.916] [JETSON-STATUS] ERROR: A5 5A 01 FE 18 01 01 68 7F
[11:52:33.916] [JETSON-STATUS] ERROR: A5 5A 01 FE 18 01 01 68 7F
[11:52:34.196] [JETSON-RX] 01 68 7F A5 5A 01 FE 18 01 01 68 7F A5 5A 01 FE 18 01 01 68 7F A5 5A 01 FE 18 01 01 68 7F A5 5A 01 FE 18 01 01 68 7F A5 5A 01 FE 18 01 01 68 7F A5 5A 01 FE 18 01 01 68 7F A5 5A 01 FE 18 01 01 68 7F A5 5A 01 FE 18 01 01 68 7F A5 5A 01 FE 18 01 01 68 7F A5 5A 01 FE 18 01 01 68 7F A5 5A 01 FE 18 01 01 68 7F A5 5A 01 FE 18 01 01 68 7F A5 5A 01 FE 18 01 01 68 7F A5 5A 01 FE 18 01 01 68 7F A5 5A 01 FE 18 01 01 68 7F A5 5A 01 FE 18 01 01 68 7F A5 5A 01 FE 18 01 01 68 7F A5 5A 01 FE 18 01 01 68 7F A5 5A 01 FE 18 01 01 68 7F A5 5A 01 FE 18 01 01 68 7F A5 5A 01 FE 18 01 01 68 7F A5 5A 01 FE 18 01 01 68 7F A5 5A 01 FE 18 01 01 68 7F A5 5A 01 FE 18 01 01 68 7F A5 5A 01 FE 18 01 01 68 7F A5 5A 01 FE 18 01 01 68 7F A5 5A 01 FE 18 01 01 68 7F A5 5A 01 FE 18 01 01 68 7F A5
[11:52:34.197] [JETSON-STATUS] ERROR: A5 5A 01 FE 18 01 01 68 7F
[11:52:34.197] [JETSON-STATUS] ERROR: A5 5A 01 FE 18 01 01 68 7F
[11:52:34.198] [JETSON-STATUS] ERROR: A5 5A 01 FE 18 01 01 68 7F
[11:52:34.198] [JETSON-STATUS] ERROR: A5 5A 01 FE 18 01 01 68 7F
[11:52:34.198] [JETSON-STATUS] ERROR: A5 5A 01 FE 18 01 01 68 7F
[11:52:34.198] [JETSON-STATUS] ERROR: A5 5A 01 FE 18 01 01 68 7F
[11:52:34.200] [JETSON-STATUS] ERROR: A5 5A 01 FE 18 01 01 68 7F
[11:52:34.200] [JETSON-STATUS] ERROR: A5 5A 01 FE 18 01 01 68 7F
[11:52:34.200] [JETSON-STATUS] ERROR: A5 5A 01 FE 18 01 01 68 7F
[11:52:34.200] [JETSON-STATUS] ERROR: A5 5A 01 FE 18 01 01 68 7F
[11:52:34.201] [JETSON-STATUS] ERROR: A5 5A 01 FE 18 01 01 68 7F
[11:52:34.201] [JETSON-STATUS] ERROR: A5 5A 01 FE 18 01 01 68 7F
[11:52:34.201] [JETSON-STATUS] ERROR: A5 5A 01 FE 18 01 01 68 7F
[11:52:34.202] [JETSON-STATUS] ERROR: A5 5A 01 FE 18 01 01 68 7F
[11:52:34.202] [JETSON-STATUS] ERROR: A5 5A 01 FE 18 01 01 68 7F
[11:52:34.202] [JETSON-STATUS] ERROR: A5 5A 01 FE 18 01 01 68 7F
[11:52:34.202] [JETSON-STATUS] ERROR: A5 5A 01 FE 18 01 01 68 7F
[11:52:34.203] [JETSON-STATUS] ERROR: A5 5A 01 FE 18 01 01 68 7F
[11:52:34.203] [JETSON-STATUS] ERROR: A5 5A 01 FE 18 01 01 68 7F
[11:52:34.203] [JETSON-STATUS] ERROR: A5 5A 01 FE 18 01 01 68 7F
[11:52:34.203] [JETSON-STATUS] ERROR: A5 5A 01 FE 18 01 01 68 7F
[11:52:34.204] [JETSON-STATUS] ERROR: A5 5A 01 FE 18 01 01 68 7F
[11:52:34.204] [JETSON-STATUS] ERROR: A5 5A 01 FE 18 01 01 68 7F
[11:52:34.204] [JETSON-STATUS] ERROR: A5 5A 01 FE 18 01 01 68 7F
[11:52:34.205] [JETSON-STATUS] ERROR: A5 5A 01 FE 18 01 01 68 7F
[11:52:34.205] [JETSON-STATUS] ERROR: A5 5A 01 FE 18 01 01 68 7F
[11:52:34.205] [JETSON-STATUS] ERROR: A5 5A 01 FE 18 01 01 68 7F
[11:52:34.205] [JETSON-STATUS] ERROR: A5 5A 01 FE 18 01 01 68 7F
[11:52:34.476] [JETSON-RX] 5A 01 FE 18 01 01 68 7F A5 5A 01 FE 18 01 01 68 7F A5 5A 01 FE 18 01 01 68 7F A5 5A 01 FE 18 01 01 68 7F A5 5A 01 FE 18 01 01 68 7F A5 5A 01 FE 18 01 01 68 7F A5 5A 01 FE 18 01 01 68 7F A5 5A 01 FE 18 01 01 68 7F A5 5A 01 FE 18 01 01 68 7F A5 5A 01 FE 18 01 01 68 7F A5 5A 01 FE 18 01 01 68 7F A5 5A 01 FE 18 01 01 68 7F A5 5A 01 FE 18 01 01 68 7F A5 5A 01 FE 18 01 01 68 7F A5 5A 01 FE 18 01 01 68 7F A5 5A 01 FE 18 01 01 68 7F A5 5A 01 FE 18 01 01 68 7F A5 5A 01 FE 18 01 01 68 7F A5 5A 01 FE 18 01 01 68 7F A5 5A 01 FE 18 01 01 68 7F A5 5A 01 FE 18 01 01 68 7F A5 5A 01 FE 18 01 01 68 7F A5 5A 01 FE 18 01 01 68 7F A5 5A 01 FE 18 01 01 68 7F A5 5A 01 FE 18 01 01 68 7F A5 5A 01 FE 18 01 01 68 7F A5 5A 01 FE 18 01 01 68 7F A5 5A 01 FE 18 01 01 68 7F A5 5A 01 FE 18
[11:52:34.477] [JETSON-STATUS] ERROR: A5 5A 01 FE 18 01 01 68 7F
[11:52:34.477] [JETSON-STATUS] ERROR: A5 5A 01 FE 18 01 01 68 7F
[11:52:34.478] [JETSON-STATUS] ERROR: A5 5A 01 FE 18 01 01 68 7F
[11:52:34.478] [JETSON-STATUS] ERROR: A5 5A 01 FE 18 01 01 68 7F
[11:52:34.478] [JETSON-STATUS] ERROR: A5 5A 01 FE 18 01 01 68 7F
[11:52:34.479] [JETSON-STATUS] ERROR: A5 5A 01 FE 18 01 01 68 7F
[11:52:34.479] [JETSON-STATUS] ERROR: A5 5A 01 FE 18 01 01 68 7F
[11:52:34.479] [JETSON-STATUS] ERROR: A5 5A 01 FE 18 01 01 68 7F
[11:52:34.480] [JETSON-STATUS] ERROR: A5 5A 01 FE 18 01 01 68 7F
[11:52:34.480] [JETSON-STATUS] ERROR: A5 5A 01 FE 18 01 01 68 7F
[11:52:34.480] [JETSON-STATUS] ERROR: A5 5A 01 FE 18 01 01 68 7F
[11:52:34.480] [JETSON-STATUS] ERROR: A5 5A 01 FE 18 01 01 68 7F
[11:52:34.481] [JETSON-STATUS] ERROR: A5 5A 01 FE 18 01 01 68 7F
[11:52:34.481] [JETSON-STATUS] ERROR: A5 5A 01 FE 18 01 01 68 7F
[11:52:34.481] [JETSON-STATUS] ERROR: A5 5A 01 FE 18 01 01 68 7F
[11:52:34.481] [JETSON-STATUS] ERROR: A5 5A 01 FE 18 01 01 68 7F
[11:52:34.482] [JETSON-STATUS] ERROR: A5 5A 01 FE 18 01 01 68 7F
[11:52:34.482] [JETSON-STATUS] ERROR: A5 5A 01 FE 18 01 01 68 7F
[11:52:34.482] [JETSON-STATUS] ERROR: A5 5A 01 FE 18 01 01 68 7F
[11:52:34.483] [JETSON-STATUS] ERROR: A5 5A 01 FE 18 01 01 68 7F
[11:52:34.486] [JETSON-STATUS] ERROR: A5 5A 01 FE 18 01 01 68 7F
[11:52:34.486] [JETSON-STATUS] ERROR: A5 5A 01 FE 18 01 01 68 7F
[11:52:34.486] [JETSON-STATUS] ERROR: A5 5A 01 FE 18 01 01 68 7F
[11:52:34.486] [JETSON-STATUS] ERROR: A5 5A 01 FE 18 01 01 68 7F
[11:52:34.487] [JETSON-STATUS] ERROR: A5 5A 01 FE 18 01 01 68 7F
[11:52:34.487] [JETSON-STATUS] ERROR: A5 5A 01 FE 18 01 01 68 7F
[11:52:34.487] [JETSON-STATUS] ERROR: A5 5A 01 FE 18 01 01 68 7F
[11:52:34.756] [JETSON-RX] 01 01 68 7F A5 5A 01 FE 18 01 01 68 7F A5 5A 01 FE 18 01 01 68 7F A5 5A 01 FE 18 01 01 68 7F A5 5A 01 FE 18 01 01 68 7F A5 5A 01 FE 18 01 01 68 7F A5 5A 01 FE 18 01 01 68 7F A5 5A 01 FE 18 01 01 68 7F A5 5A 01 FE 18 01 01 68 7F A5 5A 01 FE 18 01 01 68 7F A5 5A 01 FE 18 01 01 68 7F A5 5A 01 FE 18 01 01 68 7F A5 5A 01 FE 18 01 01 68 7F A5 5A 01 FE 18 01 01 68 7F A5 5A 01 FE 18 01 01 68 7F A5 5A 01 FE 18 01 01 68 7F A5 5A 01 FE 18 01 01 68 7F A5 5A 01 FE 18 01 01 68 7F A5 5A 01 FE 18 01 01 68 7F A5 5A 01 FE 18 01 01 68 7F A5 5A 01 FE 18 01 01 68 7F A5 5A 01 FE 18 01 01 68 7F A5 5A 01 FE 18 01 01 68 7F A5 5A 01 FE 18 01 01 68 7F A5 5A 01 FE 18 01 01 68 7F A5 5A 01 FE 18 01 01 68 7F A5 5A 01 FE 18 01 01 68 7F A5 5A 01 FE 18 01 01 68 7F A5 5A 01 FE 18 01 01 68 7F
[11:52:34.757] [JETSON-STATUS] ERROR: A5 5A 01 FE 18 01 01 68 7F
[11:52:34.757] [JETSON-STATUS] ERROR: A5 5A 01 FE 18 01 01 68 7F
[11:52:34.757] [JETSON-STATUS] ERROR: A5 5A 01 FE 18 01 01 68 7F
[11:52:34.758] [JETSON-STATUS] ERROR: A5 5A 01 FE 18 01 01 68 7F
[11:52:34.758] [JETSON-STATUS] ERROR: A5 5A 01 FE 18 01 01 68 7F
[11:52:34.759] [JETSON-STATUS] ERROR: A5 5A 01 FE 18 01 01 68 7F
[11:52:34.759] [JETSON-STATUS] ERROR: A5 5A 01 FE 18 01 01 68 7F
[11:52:34.759] [JETSON-STATUS] ERROR: A5 5A 01 FE 18 01 01 68 7F
[11:52:34.759] [JETSON-STATUS] ERROR: A5 5A 01 FE 18 01 01 68 7F
[11:52:34.760] [JETSON-STATUS] ERROR: A5 5A 01 FE 18 01 01 68 7F
[11:52:34.760] [JETSON-STATUS] ERROR: A5 5A 01 FE 18 01 01 68 7F
[11:52:34.760] [JETSON-STATUS] ERROR: A5 5A 01 FE 18 01 01 68 7F
[11:52:34.760] [JETSON-STATUS] ERROR: A5 5A 01 FE 18 01 01 68 7F
[11:52:34.762] [JETSON-STATUS] ERROR: A5 5A 01 FE 18 01 01 68 7F
[11:52:34.762] [JETSON-STATUS] ERROR: A5 5A 01 FE 18 01 01 68 7F
[11:52:34.762] [JETSON-STATUS] ERROR: A5 5A 01 FE 18 01 01 68 7F
[11:52:34.762] [JETSON-STATUS] ERROR: A5 5A 01 FE 18 01 01 68 7F
[11:52:34.763] [JETSON-STATUS] ERROR: A5 5A 01 FE 18 01 01 68 7F
[11:52:34.763] [JETSON-STATUS] ERROR: A5 5A 01 FE 18 01 01 68 7F
[11:52:34.763] [JETSON-STATUS] ERROR: A5 5A 01 FE 18 01 01 68 7F
[11:52:34.763] [JETSON-STATUS] ERROR: A5 5A 01 FE 18 01 01 68 7F
[11:52:34.764] [JETSON-STATUS] ERROR: A5 5A 01 FE 18 01 01 68 7F
[11:52:34.764] [JETSON-STATUS] ERROR: A5 5A 01 FE 18 01 01 68 7F
[11:52:34.764] [JETSON-STATUS] ERROR: A5 5A 01 FE 18 01 01 68 7F
[11:52:34.765] [JETSON-STATUS] ERROR: A5 5A 01 FE 18 01 01 68 7F
[11:52:34.765] [JETSON-STATUS] ERROR: A5 5A 01 FE 18 01 01 68 7F
[11:52:34.765] [JETSON-STATUS] ERROR: A5 5A 01 FE 18 01 01 68 7F
[11:52:34.765] [JETSON-STATUS] ERROR: A5 5A 01 FE 18 01 01 68 7F
[11:52:35.046] [JETSON-RX] A5 5A 01 FE 18 01 01 68 7F A5 5A 01 FE 18 01 01 68 7F A5 5A 01 FE 18 01 01 68 7F A5 5A 01 FE 18 01 01 68 7F A5 5A 01 FE 18 01 01 68 7F A5 5A 01 FE 18 01 01 68 7F A5 5A 01 FE 18 01 01 68 7F A5 5A 01 FE 18 01 01 68 7F A5 5A 01 FE 18 01 01 68 7F A5 5A 01 FE 18 01 01 68 7F A5 5A 01 FE 18 01 01 68 7F A5 5A 01 FE 18 01 01 68 7F A5 5A 01 FE 18 01 01 68 7F A5 5A 01 FE 18 01 01 68 7F A5 5A 01 FE 18 01 01 68 7F A5 5A 01 FE 18 01 01 68 7F A5 5A 01 FE 18 01 01 68 7F A5 5A 01 FE 18 01 01 68 7F A5 5A 01 FE 18 01 01 68 7F A5 5A 01 FE 18 01 01 68 7F A5 5A 01 FE 18 01 01 68 7F A5 5A 01 FE 18 01 01 68 7F A5 5A 01 FE 18 01 01 68 7F A5 5A 01 FE 18 01 01 68 7F A5 5A 01 FE 18 01 01 68 7F A5 5A 01 FE 18 01 01 68 7F A5 5A 01 FE 18 01 01 68 7F A5 5A 01 FE 18 01 01 68 7F A5 5A 01 FE
[11:52:35.046] [JETSON-STATUS] ERROR: A5 5A 01 FE 18 01 01 68 7F
[11:52:35.047] [JETSON-STATUS] ERROR: A5 5A 01 FE 18 01 01 68 7F
[11:52:35.047] [JETSON-STATUS] ERROR: A5 5A 01 FE 18 01 01 68 7F
[11:52:35.048] [JETSON-STATUS] ERROR: A5 5A 01 FE 18 01 01 68 7F
[11:52:35.048] [JETSON-STATUS] ERROR: A5 5A 01 FE 18 01 01 68 7F
[11:52:35.048] [JETSON-STATUS] ERROR: A5 5A 01 FE 18 01 01 68 7F
[11:52:35.048] [JETSON-STATUS] ERROR: A5 5A 01 FE 18 01 01 68 7F
[11:52:35.048] [JETSON-STATUS] ERROR: A5 5A 01 FE 18 01 01 68 7F
[11:52:35.050] [JETSON-STATUS] ERROR: A5 5A 01 FE 18 01 01 68 7F
[11:52:35.050] [JETSON-STATUS] ERROR: A5 5A 01 FE 18 01 01 68 7F
[11:52:35.050] [JETSON-STATUS] ERROR: A5 5A 01 FE 18 01 01 68 7F
[11:52:35.050] [JETSON-STATUS] ERROR: A5 5A 01 FE 18 01 01 68 7F
[11:52:35.051] [JETSON-STATUS] ERROR: A5 5A 01 FE 18 01 01 68 7F
[11:52:35.051] [JETSON-STATUS] ERROR: A5 5A 01 FE 18 01 01 68 7F
[11:52:35.051] [JETSON-STATUS] ERROR: A5 5A 01 FE 18 01 01 68 7F
[11:52:35.052] [JETSON-STATUS] ERROR: A5 5A 01 FE 18 01 01 68 7F
[11:52:35.052] [JETSON-STATUS] ERROR: A5 5A 01 FE 18 01 01 68 7F
[11:52:35.052] [JETSON-STATUS] ERROR: A5 5A 01 FE 18 01 01 68 7F
[11:52:35.053] [JETSON-STATUS] ERROR: A5 5A 01 FE 18 01 01 68 7F
[11:52:35.053] [JETSON-STATUS] ERROR: A5 5A 01 FE 18 01 01 68 7F
[11:52:35.053] [JETSON-STATUS] ERROR: A5 5A 01 FE 18 01 01 68 7F
[11:52:35.054] [JETSON-STATUS] ERROR: A5 5A 01 FE 18 01 01 68 7F
[11:52:35.054] [JETSON-STATUS] ERROR: A5 5A 01 FE 18 01 01 68 7F
[11:52:35.054] [JETSON-STATUS] ERROR: A5 5A 01 FE 18 01 01 68 7F
[11:52:35.055] [JETSON-STATUS] ERROR: A5 5A 01 FE 18 01 01 68 7F
[11:52:35.055] [JETSON-STATUS] ERROR: A5 5A 01 FE 18 01 01 68 7F
[11:52:35.056] [JETSON-STATUS] ERROR: A5 5A 01 FE 18 01 01 68 7F
[11:52:35.056] [JETSON-STATUS] ERROR: A5 5A 01 FE 18 01 01 68 7F
[11:52:35.326] [JETSON-RX] 18 01 01 68 7F A5 5A 01 FE 18 01 01 68 7F A5 5A 01 FE 18 01 01 68 7F A5 5A 01 FE 18 01 01 68 7F A5 5A 01 FE 18 01 01 68 7F A5 5A 01 FE 18 01 01 68 7F A5 5A 01 FE 18 01 01 68 7F A5 5A 01 FE 18 01 01 68 7F A5 5A 01 FE 18 01 01 68 7F A5 5A 01 FE 18 01 01 68 7F A5 5A 01 FE 18 01 01 68 7F A5 5A 01 FE 18 01 01 68 7F A5 5A 01 FE 18 01 01 68 7F A5 5A 01 FE 18 01 01 68 7F A5 5A 01 FE 18 01 01 68 7F A5 5A 01 FE 18 01 01 68 7F A5 5A 01 FE 18 01 01 68 7F A5 5A 01 FE 18 01 01 68 7F A5 5A 01 FE 18 01 01 68 7F A5 5A 01 FE 18 01 01 68 7F A5 5A 01 FE 18 01 01 68 7F A5 5A 01 FE 18 01 01 68 7F A5 5A 01 FE 18 01 01 68 7F A5 5A 01 FE 18 01 01 68 7F A5 5A 01 FE 18 01 01 68 7F A5 5A 01 FE 18 01 01 68 7F A5 5A 01 FE 18 01 01 68 7F A5 5A 01 FE 18 01 01 68 7F A5 5A 01 FE 18 01 01 68
[11:52:35.327] [JETSON-STATUS] ERROR: A5 5A 01 FE 18 01 01 68 7F
[11:52:35.327] [JETSON-STATUS] ERROR: A5 5A 01 FE 18 01 01 68 7F
[11:52:35.328] [JETSON-STATUS] ERROR: A5 5A 01 FE 18 01 01 68 7F
[11:52:35.329] [JETSON-STATUS] ERROR: A5 5A 01 FE 18 01 01 68 7F
[11:52:35.330] [JETSON-STATUS] ERROR: A5 5A 01 FE 18 01 01 68 7F
[11:52:35.330] [JETSON-STATUS] ERROR: A5 5A 01 FE 18 01 01 68 7F
[11:52:35.330] [JETSON-STATUS] ERROR: A5 5A 01 FE 18 01 01 68 7F
[11:52:35.330] [JETSON-STATUS] ERROR: A5 5A 01 FE 18 01 01 68 7F
[11:52:35.330] [JETSON-STATUS] ERROR: A5 5A 01 FE 18 01 01 68 7F
[11:52:35.331] [JETSON-STATUS] ERROR: A5 5A 01 FE 18 01 01 68 7F
[11:52:35.331] [JETSON-STATUS] ERROR: A5 5A 01 FE 18 01 01 68 7F
[11:52:35.331] [JETSON-STATUS] ERROR: A5 5A 01 FE 18 01 01 68 7F
[11:52:35.332] [JETSON-STATUS] ERROR: A5 5A 01 FE 18 01 01 68 7F
[11:52:35.332] [JETSON-STATUS] ERROR: A5 5A 01 FE 18 01 01 68 7F
[11:52:35.332] [JETSON-STATUS] ERROR: A5 5A 01 FE 18 01 01 68 7F
[11:52:35.333] [JETSON-STATUS] ERROR: A5 5A 01 FE 18 01 01 68 7F
[11:52:35.333] [JETSON-STATUS] ERROR: A5 5A 01 FE 18 01 01 68 7F
[11:52:35.333] [JETSON-STATUS] ERROR: A5 5A 01 FE 18 01 01 68 7F
[11:52:35.334] [JETSON-STATUS] ERROR: A5 5A 01 FE 18 01 01 68 7F
[11:52:35.334] [JETSON-STATUS] ERROR: A5 5A 01 FE 18 01 01 68 7F
[11:52:35.334] [JETSON-STATUS] ERROR: A5 5A 01 FE 18 01 01 68 7F
[11:52:35.335] [JETSON-STATUS] ERROR: A5 5A 01 FE 18 01 01 68 7F
[11:52:35.335] [JETSON-STATUS] ERROR: A5 5A 01 FE 18 01 01 68 7F
[11:52:35.335] [JETSON-STATUS] ERROR: A5 5A 01 FE 18 01 01 68 7F
[11:52:35.336] [JETSON-STATUS] ERROR: A5 5A 01 FE 18 01 01 68 7F
[11:52:35.336] [JETSON-STATUS] ERROR: A5 5A 01 FE 18 01 01 68 7F
[11:52:35.336] [JETSON-STATUS] ERROR: A5 5A 01 FE 18 01 01 68 7F
[11:52:35.617] [JETSON-RX] 7F A5 5A 01 FE 18 01 01 68 7F A5 5A 01 FE 18 01 01 68 7F A5 5A 01 FE 18 01 01 68 7F A5 5A 01 FE 18 01 01 68 7F A5 5A 01 FE 18 01 01 68 7F A5 5A 01 FE 18 01 01 68 7F A5 5A 01 FE 18 01 01 68 7F A5 5A 01 FE 18 01 01 68 7F A5 5A 01 FE 18 01 01 68 7F A5 5A 01 FE 18 01 01 68 7F A5 5A 01 FE 18 01 01 68 7F A5 5A 01 FE 18 01 01 68 7F A5 5A 01 FE 18 01 01 68 7F A5 5A 01 FE 18 01 01 68 7F A5 5A 01 FE 18 01 01 68 7F A5 5A 01 FE 18 01 01 68 7F A5 5A 01 FE 18 01 01 68 7F A5 5A 01 FE 18 01 01 68 7F A5 5A 01 FE 18 01 01 68 7F A5 5A 01 FE 18 01 01 68 7F A5 5A 01 FE 18 01 01 68 7F A5 5A 01 FE 18 01 01 68 7F A5 5A 01 FE 18 01 01 68 7F A5 5A 01 FE 18 01 01 68 7F A5 5A 01 FE 18 01 01 68 7F A5 5A 01 FE 18 01 01 68 7F A5 5A 01 FE 18 01 01 68 7F A5 5A 01 FE 18 01 01 68 7F A5 5A 01
[11:52:35.617] [JETSON-STATUS] ERROR: A5 5A 01 FE 18 01 01 68 7F
[11:52:35.617] [JETSON-STATUS] ERROR: A5 5A 01 FE 18 01 01 68 7F
[11:52:35.618] [JETSON-STATUS] ERROR: A5 5A 01 FE 18 01 01 68 7F
[11:52:35.618] [JETSON-STATUS] ERROR: A5 5A 01 FE 18 01 01 68 7F
[11:52:35.619] [JETSON-STATUS] ERROR: A5 5A 01 FE 18 01 01 68 7F
[11:52:35.619] [JETSON-STATUS] ERROR: A5 5A 01 FE 18 01 01 68 7F
[11:52:35.619] [JETSON-STATUS] ERROR: A5 5A 01 FE 18 01 01 68 7F
[11:52:35.620] [JETSON-STATUS] ERROR: A5 5A 01 FE 18 01 01 68 7F
[11:52:35.620] [JETSON-STATUS] ERROR: A5 5A 01 FE 18 01 01 68 7F
[11:52:35.620] [JETSON-STATUS] ERROR: A5 5A 01 FE 18 01 01 68 7F
[11:52:35.620] [JETSON-STATUS] ERROR: A5 5A 01 FE 18 01 01 68 7F
[11:52:35.621] [JETSON-STATUS] ERROR: A5 5A 01 FE 18 01 01 68 7F
[11:52:35.621] [JETSON-STATUS] ERROR: A5 5A 01 FE 18 01 01 68 7F
[11:52:35.621] [JETSON-STATUS] ERROR: A5 5A 01 FE 18 01 01 68 7F
[11:52:35.621] [JETSON-STATUS] ERROR: A5 5A 01 FE 18 01 01 68 7F
[11:52:35.622] [JETSON-STATUS] ERROR: A5 5A 01 FE 18 01 01 68 7F
[11:52:35.622] [JETSON-STATUS] ERROR: A5 5A 01 FE 18 01 01 68 7F
[11:52:35.622] [JETSON-STATUS] ERROR: A5 5A 01 FE 18 01 01 68 7F
[11:52:35.622] [JETSON-STATUS] ERROR: A5 5A 01 FE 18 01 01 68 7F
[11:52:35.623] [JETSON-STATUS] ERROR: A5 5A 01 FE 18 01 01 68 7F
[11:52:35.623] [JETSON-STATUS] ERROR: A5 5A 01 FE 18 01 01 68 7F
[11:52:35.623] [JETSON-STATUS] ERROR: A5 5A 01 FE 18 01 01 68 7F
[11:52:35.624] [JETSON-STATUS] ERROR: A5 5A 01 FE 18 01 01 68 7F
[11:52:35.624] [JETSON-STATUS] ERROR: A5 5A 01 FE 18 01 01 68 7F
[11:52:35.624] [JETSON-STATUS] ERROR: A5 5A 01 FE 18 01 01 68 7F
[11:52:35.624] [JETSON-STATUS] ERROR: A5 5A 01 FE 18 01 01 68 7F
[11:52:35.625] [JETSON-STATUS] ERROR: A5 5A 01 FE 18 01 01 68 7F
[11:52:35.625] [JETSON-STATUS] ERROR: A5 5A 01 FE 18 01 01 68 7F
[11:52:35.625] [JETSON-STATUS] ERROR: A5 5A 01 FE 18 01 01 68 7F
[11:52:35.896] [JETSON-RX] FE 18 01 01 68 7F A5 5A 01 FE 18 01 01 68 7F A5 5A 01 FE 18 01 01 68 7F A5 5A 01 FE 18 01 01 68 7F A5 5A 01 FE 18 01 01 68 7F A5 5A 01 FE 18 01 01 68 7F A5 5A 01 FE 18 01 01 68 7F A5 5A 01 FE 18 01 01 68 7F A5 5A 01 FE 18 01 01 68 7F A5 5A 01 FE 18 01 01 68 7F A5 5A 01 FE 18 01 01 68 7F A5 5A 01 FE 18 01 01 68 7F A5 5A 01 FE 18 01 01 68 7F A5 5A 01 FE 18 01 01 68 7F A5 5A 01 FE 18 01 01 68 7F A5 5A 01 FE 18 01 01 68 7F A5 5A 01 FE 18 01 01 68 7F A5 5A 01 FE 18 01 01 68 7F A5 5A 01 FE 18 01 01 68 7F A5 5A 01 FE 18 01 01 68 7F A5 5A 01 FE 18 01 01 68 7F A5 5A 01 FE 18 01 01 68 7F A5 5A 01 FE 18 01 01 68 7F A5 5A 01 FE 18 01 01 68 7F A5 5A 01 FE 18 01 01 68 7F A5 5A 01 FE 18 01 01 68 7F A5 5A 01 FE 18 01 01 68 7F A5 5A 01 FE 18 01 01 68 7F A5 5A 01 FE 18 01 01
[11:52:35.897] [JETSON-STATUS] ERROR: A5 5A 01 FE 18 01 01 68 7F
[11:52:35.897] [JETSON-STATUS] ERROR: A5 5A 01 FE 18 01 01 68 7F
[11:52:35.898] [JETSON-STATUS] ERROR: A5 5A 01 FE 18 01 01 68 7F
[11:52:35.898] [JETSON-STATUS] ERROR: A5 5A 01 FE 18 01 01 68 7F
[11:52:35.898] [JETSON-STATUS] ERROR: A5 5A 01 FE 18 01 01 68 7F
[11:52:35.899] [JETSON-STATUS] ERROR: A5 5A 01 FE 18 01 01 68 7F
[11:52:35.899] [JETSON-STATUS] ERROR: A5 5A 01 FE 18 01 01 68 7F
[11:52:35.899] [JETSON-STATUS] ERROR: A5 5A 01 FE 18 01 01 68 7F
[11:52:35.899] [JETSON-STATUS] ERROR: A5 5A 01 FE 18 01 01 68 7F
[11:52:35.900] [JETSON-STATUS] ERROR: A5 5A 01 FE 18 01 01 68 7F
[11:52:35.901] [JETSON-STATUS] ERROR: A5 5A 01 FE 18 01 01 68 7F
[11:52:35.902] [JETSON-STATUS] ERROR: A5 5A 01 FE 18 01 01 68 7F
[11:52:35.902] [JETSON-STATUS] ERROR: A5 5A 01 FE 18 01 01 68 7F
[11:52:35.903] [JETSON-STATUS] ERROR: A5 5A 01 FE 18 01 01 68 7F
[11:52:35.903] [JETSON-STATUS] ERROR: A5 5A 01 FE 18 01 01 68 7F
[11:52:35.903] [JETSON-STATUS] ERROR: A5 5A 01 FE 18 01 01 68 7F
[11:52:35.904] [JETSON-STATUS] ERROR: A5 5A 01 FE 18 01 01 68 7F
[11:52:35.904] [JETSON-STATUS] ERROR: A5 5A 01 FE 18 01 01 68 7F
[11:52:35.904] [JETSON-STATUS] ERROR: A5 5A 01 FE 18 01 01 68 7F
[11:52:35.904] [JETSON-STATUS] ERROR: A5 5A 01 FE 18 01 01 68 7F
[11:52:35.906] [JETSON-STATUS] ERROR: A5 5A 01 FE 18 01 01 68 7F
[11:52:35.906] [JETSON-STATUS] ERROR: A5 5A 01 FE 18 01 01 68 7F
[11:52:35.906] [JETSON-STATUS] ERROR: A5 5A 01 FE 18 01 01 68 7F
[11:52:35.907] [JETSON-STATUS] ERROR: A5 5A 01 FE 18 01 01 68 7F
[11:52:35.907] [JETSON-STATUS] ERROR: A5 5A 01 FE 18 01 01 68 7F
[11:52:35.907] [JETSON-STATUS] ERROR: A5 5A 01 FE 18 01 01 68 7F
[11:52:35.907] [JETSON-STATUS] ERROR: A5 5A 01 FE 18 01 01 68 7F
[11:52:36.187] [JETSON-RX] 68 7F A5 5A 01 FE 18 01 01 68 7F A5 5A 01 FE 18 01 01 68 7F A5 5A 01 FE 18 01 01 68 7F A5 5A 01 FE 18 01 01 68 7F A5 5A 01 FE 18 01 01 68 7F A5 5A 01 FE 18 01 01 68 7F A5 5A 01 FE 18 01 01 68 7F A5 5A 01 FE 18 01 01 68 7F A5 5A 01 FE 18 01 01 68 7F A5 5A 01 FE 18 01 01 68 7F A5 5A 01 FE 18 01 01 68 7F A5 5A 01 FE 18 01 01 68 7F A5 5A 01 FE 18 01 01 68 7F A5 5A 01 FE 18 01 01 68 7F A5 5A 01 FE 18 01 01 68 7F A5 5A 01 FE 18 01 01 68 7F A5 5A 01 FE 18 01 01 68 7F A5 5A 01 FE 18 01 01 68 7F A5 5A 01 FE 18 01 01 68 7F A5 5A 01 FE 18 01 01 68 7F A5 5A 01 FE 18 01 01 68 7F A5 5A 01 FE 18 01 01 68 7F A5 5A 01 FE 18 01 01 68 7F A5 5A 01 FE 18 01 01 68 7F A5 5A 01 FE 18 01 01 68 7F A5 5A 01 FE 18 01 01 68 7F A5 5A 01 FE 18 01 01 68 7F A5 5A 01 FE 18 01 01 68 7F A5 5A
[11:52:36.187] [JETSON-STATUS] ERROR: A5 5A 01 FE 18 01 01 68 7F
[11:52:36.188] [JETSON-STATUS] ERROR: A5 5A 01 FE 18 01 01 68 7F
[11:52:36.188] [JETSON-STATUS] ERROR: A5 5A 01 FE 18 01 01 68 7F
[11:52:36.188] [JETSON-STATUS] ERROR: A5 5A 01 FE 18 01 01 68 7F
[11:52:36.188] [JETSON-STATUS] ERROR: A5 5A 01 FE 18 01 01 68 7F
[11:52:36.189] [JETSON-STATUS] ERROR: A5 5A 01 FE 18 01 01 68 7F
[11:52:36.189] [JETSON-STATUS] ERROR: A5 5A 01 FE 18 01 01 68 7F
[11:52:36.189] [JETSON-STATUS] ERROR: A5 5A 01 FE 18 01 01 68 7F
[11:52:36.189] [JETSON-STATUS] ERROR: A5 5A 01 FE 18 01 01 68 7F
[11:52:36.191] [JETSON-STATUS] ERROR: A5 5A 01 FE 18 01 01 68 7F
[11:52:36.191] [JETSON-STATUS] ERROR: A5 5A 01 FE 18 01 01 68 7F
[11:52:36.191] [JETSON-STATUS] ERROR: A5 5A 01 FE 18 01 01 68 7F
[11:52:36.191] [JETSON-STATUS] ERROR: A5 5A 01 FE 18 01 01 68 7F
[11:52:36.191] [JETSON-STATUS] ERROR: A5 5A 01 FE 18 01 01 68 7F
[11:52:36.192] [JETSON-STATUS] ERROR: A5 5A 01 FE 18 01 01 68 7F
[11:52:36.192] [JETSON-STATUS] ERROR: A5 5A 01 FE 18 01 01 68 7F
[11:52:36.192] [JETSON-STATUS] ERROR: A5 5A 01 FE 18 01 01 68 7F
[11:52:36.192] [JETSON-STATUS] ERROR: A5 5A 01 FE 18 01 01 68 7F
[11:52:36.192] [JETSON-STATUS] ERROR: A5 5A 01 FE 18 01 01 68 7F
[11:52:36.194] [JETSON-STATUS] ERROR: A5 5A 01 FE 18 01 01 68 7F
[11:52:36.194] [JETSON-STATUS] ERROR: A5 5A 01 FE 18 01 01 68 7F
[11:52:36.194] [JETSON-STATUS] ERROR: A5 5A 01 FE 18 01 01 68 7F
[11:52:36.194] [JETSON-STATUS] ERROR: A5 5A 01 FE 18 01 01 68 7F
[11:52:36.195] [JETSON-STATUS] ERROR: A5 5A 01 FE 18 01 01 68 7F
[11:52:36.195] [JETSON-STATUS] ERROR: A5 5A 01 FE 18 01 01 68 7F
[11:52:36.202] [JETSON-STATUS] ERROR: A5 5A 01 FE 18 01 01 68 7F
[11:52:36.203] [JETSON-STATUS] ERROR: A5 5A 01 FE 18 01 01 68 7F
[11:52:36.203] [JETSON-STATUS] ERROR: A5 5A 01 FE 18 01 01 68 7F
[11:52:36.466] [JETSON-RX] 01 FE 18 01 01 68 7F A5 5A 01 FE 18 01 01 68 7F A5 5A 01 FE 18 01 01 68 7F A5 5A 01 FE 18 01 01 68 7F A5 5A 01 FE 18 01 01 68 7F A5 5A 01 FE 18 01 01 68 7F A5 5A 01 FE 18 01 01 68 7F A5 5A 01 FE 18 01 01 68 7F A5 5A 01 FE 18 01 01 68 7F A5 5A 01 FE 18 01 01 68 7F A5 5A 01 FE 18 01 01 68 7F A5 5A 01 FE 18 01 01 68 7F A5 5A 01 FE 18 01 01 68 7F A5 5A 01 FE 18 01 01 68 7F A5 5A 01 FE 18 01 01 68 7F A5 5A 01 FE 18 01 01 68 7F A5 5A 01 FE 18 01 01 68 7F A5 5A 01 FE 18 01 01 68 7F A5 5A 01 FE 18 01 01 68 7F A5 5A 01 FE 18 01 01 68 7F A5 5A 01 FE 18 01 01 68 7F A5 5A 01 FE 18 01 01 68 7F A5 5A 01 FE 18 01 01 68 7F A5 5A 01 FE 18 01 01 68 7F A5 5A 01 FE 18 01 01 68 7F A5 5A 01 FE 18 01 01 68 7F A5 5A 01 FE 18 01 01 68 7F A5 5A 01 FE 18 01 01 68 7F A5 5A 01 FE 18 01
[11:52:36.467] [JETSON-STATUS] ERROR: A5 5A 01 FE 18 01 01 68 7F
[11:52:36.467] [JETSON-STATUS] ERROR: A5 5A 01 FE 18 01 01 68 7F
[11:52:36.468] [JETSON-STATUS] ERROR: A5 5A 01 FE 18 01 01 68 7F
[11:52:36.468] [JETSON-STATUS] ERROR: A5 5A 01 FE 18 01 01 68 7F
[11:52:36.469] [JETSON-STATUS] ERROR: A5 5A 01 FE 18 01 01 68 7F
[11:52:36.469] [JETSON-STATUS] ERROR: A5 5A 01 FE 18 01 01 68 7F
[11:52:36.469] [JETSON-STATUS] ERROR: A5 5A 01 FE 18 01 01 68 7F
[11:52:36.471] [JETSON-STATUS] ERROR: A5 5A 01 FE 18 01 01 68 7F
[11:52:36.471] [JETSON-STATUS] ERROR: A5 5A 01 FE 18 01 01 68 7F
[11:52:36.471] [JETSON-STATUS] ERROR: A5 5A 01 FE 18 01 01 68 7F
[11:52:36.472] [JETSON-STATUS] ERROR: A5 5A 01 FE 18 01 01 68 7F
[11:52:36.472] [JETSON-STATUS] ERROR: A5 5A 01 FE 18 01 01 68 7F
[11:52:36.472] [JETSON-STATUS] ERROR: A5 5A 01 FE 18 01 01 68 7F
[11:52:36.473] [JETSON-STATUS] ERROR: A5 5A 01 FE 18 01 01 68 7F
[11:52:36.473] [JETSON-STATUS] ERROR: A5 5A 01 FE 18 01 01 68 7F
[11:52:36.473] [JETSON-STATUS] ERROR: A5 5A 01 FE 18 01 01 68 7F
[11:52:36.473] [JETSON-STATUS] ERROR: A5 5A 01 FE 18 01 01 68 7F
[11:52:36.474] [JETSON-STATUS] ERROR: A5 5A 01 FE 18 01 01 68 7F
[11:52:36.474] [JETSON-STATUS] ERROR: A5 5A 01 FE 18 01 01 68 7F
[11:52:36.474] [JETSON-STATUS] ERROR: A5 5A 01 FE 18 01 01 68 7F
[11:52:36.475] [JETSON-STATUS] ERROR: A5 5A 01 FE 18 01 01 68 7F
[11:52:36.475] [JETSON-STATUS] ERROR: A5 5A 01 FE 18 01 01 68 7F
[11:52:36.475] [JETSON-STATUS] ERROR: A5 5A 01 FE 18 01 01 68 7F
[11:52:36.475] [JETSON-STATUS] ERROR: A5 5A 01 FE 18 01 01 68 7F
[11:52:36.476] [JETSON-STATUS] ERROR: A5 5A 01 FE 18 01 01 68 7F
[11:52:36.476] [JETSON-STATUS] ERROR: A5 5A 01 FE 18 01 01 68 7F
[11:52:36.476] [JETSON-STATUS] ERROR: A5 5A 01 FE 18 01 01 68 7F
[11:52:36.756] [JETSON-RX] 01 68 7F A5 5A 01 FE 18 01 01 68 7F A5 5A 01 FE 18 01 01 68 7F A5 5A 01 FE 18 01 01 68 7F A5 5A 01 FE 18 01 01 68 7F A5 5A 01 FE 18 01 01 68 7F A5 5A 01 FE 18 01 01 68 7F A5 5A 01 FE 18 01 01 68 7F A5 5A 01 FE 18 01 01 68 7F A5 5A 01 FE 18 01 01 68 7F A5 5A 01 FE 18 01 01 68 7F A5 5A 01 FE 18 01 01 68 7F A5 5A 01 FE 18 01 01 68 7F A5 5A 01 FE 18 01 01 68 7F A5 5A 01 FE 18 01 01 68 7F A5 5A 01 FE 18 01 01 68 7F A5 5A 01 FE 18 01 01 68 7F A5 5A 01 FE 18 01 01 68 7F A5 5A 01 FE 18 01 01 68 7F A5 5A 01 FE 18 01 01 68 7F A5 5A 01 FE 18 01 01 68 7F A5 5A 01 FE 18 01 01 68 7F A5 5A 01 FE 18 01 01 68 7F A5 5A 01 FE 18 01 01 68 7F A5 5A 01 FE 18 01 01 68 7F A5 5A 01 FE 18 01 01 68 7F A5 5A 01 FE 18 01 01 68 7F A5 5A 01 FE 18 01 01 68 7F A5 5A 01 FE 18 01 01 68 7F A5
[11:52:36.757] [JETSON-STATUS] ERROR: A5 5A 01 FE 18 01 01 68 7F
[11:52:36.758] [JETSON-STATUS] ERROR: A5 5A 01 FE 18 01 01 68 7F
[11:52:36.758] [JETSON-STATUS] ERROR: A5 5A 01 FE 18 01 01 68 7F
[11:52:36.760] [JETSON-STATUS] ERROR: A5 5A 01 FE 18 01 01 68 7F
[11:52:36.760] [JETSON-STATUS] ERROR: A5 5A 01 FE 18 01 01 68 7F
[11:52:36.760] [JETSON-STATUS] ERROR: A5 5A 01 FE 18 01 01 68 7F
[11:52:36.761] [JETSON-STATUS] ERROR: A5 5A 01 FE 18 01 01 68 7F
[11:52:36.761] [JETSON-STATUS] ERROR: A5 5A 01 FE 18 01 01 68 7F
[11:52:36.761] [JETSON-STATUS] ERROR: A5 5A 01 FE 18 01 01 68 7F
[11:52:36.762] [JETSON-STATUS] ERROR: A5 5A 01 FE 18 01 01 68 7F
[11:52:36.762] [JETSON-STATUS] ERROR: A5 5A 01 FE 18 01 01 68 7F
[11:52:36.762] [JETSON-STATUS] ERROR: A5 5A 01 FE 18 01 01 68 7F
[11:52:36.762] [JETSON-STATUS] ERROR: A5 5A 01 FE 18 01 01 68 7F
[11:52:36.764] [JETSON-STATUS] ERROR: A5 5A 01 FE 18 01 01 68 7F
[11:52:36.764] [JETSON-STATUS] ERROR: A5 5A 01 FE 18 01 01 68 7F
[11:52:36.764] [JETSON-STATUS] ERROR: A5 5A 01 FE 18 01 01 68 7F
[11:52:36.765] [JETSON-STATUS] ERROR: A5 5A 01 FE 18 01 01 68 7F
[11:52:36.765] [JETSON-STATUS] ERROR: A5 5A 01 FE 18 01 01 68 7F
[11:52:36.765] [JETSON-STATUS] ERROR: A5 5A 01 FE 18 01 01 68 7F
[11:52:36.765] [JETSON-STATUS] ERROR: A5 5A 01 FE 18 01 01 68 7F
[11:52:36.766] [JETSON-STATUS] ERROR: A5 5A 01 FE 18 01 01 68 7F
[11:52:36.766] [JETSON-STATUS] ERROR: A5 5A 01 FE 18 01 01 68 7F
[11:52:36.766] [JETSON-STATUS] ERROR: A5 5A 01 FE 18 01 01 68 7F
[11:52:36.767] [JETSON-STATUS] ERROR: A5 5A 01 FE 18 01 01 68 7F
[11:52:36.767] [JETSON-STATUS] ERROR: A5 5A 01 FE 18 01 01 68 7F
[11:52:36.767] [JETSON-STATUS] ERROR: A5 5A 01 FE 18 01 01 68 7F
[11:52:36.768] [JETSON-STATUS] ERROR: A5 5A 01 FE 18 01 01 68 7F
[11:52:36.768] [JETSON-STATUS] ERROR: A5 5A 01 FE 18 01 01 68 7F
[11:52:37.036] [JETSON-RX] 5A 01 FE 18 01 01 68 7F A5 5A 01 FE 18 01 01 68 7F A5 5A 01 FE 18 01 01 68 7F A5 5A 01 FE 18 01 01 68 7F A5 5A 01 FE 18 01 01 68 7F A5 5A 01 FE 18 01 01 68 7F A5 5A 01 FE 18 01 01 68 7F A5 5A 01 FE 18 01 01 68 7F A5 5A 01 FE 18 01 01 68 7F A5 5A 01 FE 18 01 01 68 7F A5 5A 01 FE 18 01 01 68 7F A5 5A 01 FE 18 01 01 68 7F A5 5A 01 FE 18 01 01 68 7F A5 5A 01 FE 18 01 01 68 7F A5 5A 01 FE 18 01 01 68 7F A5 5A 01 FE 18 01 01 68 7F A5 5A 01 FE 18 01 01 68 7F A5 5A 01 FE 18 01 01 68 7F A5 5A 01 FE 18 01 01 68 7F A5 5A 01 FE 18 01 01 68 7F A5 5A 01 FE 18 01 01 68 7F A5 5A 01 FE 18 01 01 68 7F A5 5A 01 FE 18 01 01 68 7F A5 5A 01 FE 18 01 01 68 7F A5 5A 01 FE 18 01 01 68 7F A5 5A 01 FE 18 01 01 68 7F A5 5A 01 FE 18 01 01 68 7F A5 5A 01 FE 18 01 01 68 7F A5 5A 01 FE 18
[11:52:37.037] [JETSON-STATUS] ERROR: A5 5A 01 FE 18 01 01 68 7F
[11:52:37.037] [JETSON-STATUS] ERROR: A5 5A 01 FE 18 01 01 68 7F
[11:52:37.038] [JETSON-STATUS] ERROR: A5 5A 01 FE 18 01 01 68 7F
[11:52:37.038] [JETSON-STATUS] ERROR: A5 5A 01 FE 18 01 01 68 7F
[11:52:37.039] [JETSON-STATUS] ERROR: A5 5A 01 FE 18 01 01 68 7F
[11:52:37.039] [JETSON-STATUS] ERROR: A5 5A 01 FE 18 01 01 68 7F
[11:52:37.042] [JETSON-STATUS] ERROR: A5 5A 01 FE 18 01 01 68 7F
[11:52:37.042] [JETSON-STATUS] ERROR: A5 5A 01 FE 18 01 01 68 7F
[11:52:37.042] [JETSON-STATUS] ERROR: A5 5A 01 FE 18 01 01 68 7F
[11:52:37.044] [JETSON-STATUS] ERROR: A5 5A 01 FE 18 01 01 68 7F
[11:52:37.044] [JETSON-STATUS] ERROR: A5 5A 01 FE 18 01 01 68 7F
[11:52:37.044] [JETSON-STATUS] ERROR: A5 5A 01 FE 18 01 01 68 7F
[11:52:37.045] [JETSON-STATUS] ERROR: A5 5A 01 FE 18 01 01 68 7F
[11:52:37.045] [JETSON-STATUS] ERROR: A5 5A 01 FE 18 01 01 68 7F
[11:52:37.045] [JETSON-STATUS] ERROR: A5 5A 01 FE 18 01 01 68 7F
[11:52:37.046] [JETSON-STATUS] ERROR: A5 5A 01 FE 18 01 01 68 7F
[11:52:37.046] [JETSON-STATUS] ERROR: A5 5A 01 FE 18 01 01 68 7F
[11:52:37.046] [JETSON-STATUS] ERROR: A5 5A 01 FE 18 01 01 68 7F
[11:52:37.046] [JETSON-STATUS] ERROR: A5 5A 01 FE 18 01 01 68 7F
[11:52:37.047] [JETSON-STATUS] ERROR: A5 5A 01 FE 18 01 01 68 7F
[11:52:37.047] [JETSON-STATUS] ERROR: A5 5A 01 FE 18 01 01 68 7F
[11:52:37.047] [JETSON-STATUS] ERROR: A5 5A 01 FE 18 01 01 68 7F
[11:52:37.048] [JETSON-STATUS] ERROR: A5 5A 01 FE 18 01 01 68 7F
[11:52:37.048] [JETSON-STATUS] ERROR: A5 5A 01 FE 18 01 01 68 7F
[11:52:37.048] [JETSON-STATUS] ERROR: A5 5A 01 FE 18 01 01 68 7F
[11:52:37.048] [JETSON-STATUS] ERROR: A5 5A 01 FE 18 01 01 68 7F
[11:52:37.049] [JETSON-STATUS] ERROR: A5 5A 01 FE 18 01 01 68 7F
[11:52:37.317] [JETSON-RX] 01 01 68 7F A5 5A 01 FE 18 01 01 68 7F A5 5A 01 FE 18 01 01 68 7F A5 5A 01 FE 18 01 01 68 7F A5 5A 01 FE 18 01 01 68 7F A5 5A 01 FE 18 01 01 68 7F A5 5A 01 FE 18 01 01 68 7F A5 5A 01 FE 18 01 01 68 7F A5 5A 01 FE 18 01 01 68 7F A5 5A 01 FE 18 01 01 68 7F A5 5A 01 FE 18 01 01 68 7F A5 5A 01 FE 18 01 01 68 7F A5 5A 01 FE 18 01 01 68 7F A5 5A 01 FE 18 01 01 68 7F A5 5A 01 FE 18 01 01 68 7F A5 5A 01 FE 18 01 01 68 7F A5 5A 01 FE 18 01 01 68 7F A5 5A 01 FE 18 01 01 68 7F A5 5A 01 FE 18 01 01 68 7F A5 5A 01 FE 18 01 01 68 7F A5 5A 01 FE 18 01 01 68 7F A5 5A 01 FE 18 01 01 68 7F A5 5A 01 FE 18 01 01 68 7F A5 5A 01 FE 18 01 01 68 7F A5 5A 01 FE 18 01 01 68 7F A5 5A 01 FE 18 01 01 68 7F A5 5A 01 FE 18 01 01 68 7F A5 5A 01 FE 18 01 01 68 7F A5 5A 01 FE 18 01 01 68 7F
[11:52:37.317] [JETSON-STATUS] ERROR: A5 5A 01 FE 18 01 01 68 7F
[11:52:37.317] [JETSON-STATUS] ERROR: A5 5A 01 FE 18 01 01 68 7F
[11:52:37.318] [JETSON-STATUS] ERROR: A5 5A 01 FE 18 01 01 68 7F
[11:52:37.318] [JETSON-STATUS] ERROR: A5 5A 01 FE 18 01 01 68 7F
[11:52:37.318] [JETSON-STATUS] ERROR: A5 5A 01 FE 18 01 01 68 7F
[11:52:37.319] [JETSON-STATUS] ERROR: A5 5A 01 FE 18 01 01 68 7F
[11:52:37.319] [JETSON-STATUS] ERROR: A5 5A 01 FE 18 01 01 68 7F
[11:52:37.320] [JETSON-STATUS] ERROR: A5 5A 01 FE 18 01 01 68 7F
[11:52:37.320] [JETSON-STATUS] ERROR: A5 5A 01 FE 18 01 01 68 7F
[11:52:37.321] [JETSON-STATUS] ERROR: A5 5A 01 FE 18 01 01 68 7F
[11:52:37.325] [JETSON-STATUS] ERROR: A5 5A 01 FE 18 01 01 68 7F
[11:52:37.325] [JETSON-STATUS] ERROR: A5 5A 01 FE 18 01 01 68 7F
[11:52:37.325] [JETSON-STATUS] ERROR: A5 5A 01 FE 18 01 01 68 7F
[11:52:37.326] [JETSON-STATUS] ERROR: A5 5A 01 FE 18 01 01 68 7F
[11:52:37.326] [JETSON-STATUS] ERROR: A5 5A 01 FE 18 01 01 68 7F
[11:52:37.326] [JETSON-STATUS] ERROR: A5 5A 01 FE 18 01 01 68 7F
[11:52:37.327] [JETSON-STATUS] ERROR: A5 5A 01 FE 18 01 01 68 7F
[11:52:37.327] [JETSON-STATUS] ERROR: A5 5A 01 FE 18 01 01 68 7F
[11:52:37.327] [JETSON-STATUS] ERROR: A5 5A 01 FE 18 01 01 68 7F
[11:52:37.327] [JETSON-STATUS] ERROR: A5 5A 01 FE 18 01 01 68 7F
[11:52:37.328] [JETSON-STATUS] ERROR: A5 5A 01 FE 18 01 01 68 7F
[11:52:37.328] [JETSON-STATUS] ERROR: A5 5A 01 FE 18 01 01 68 7F
[11:52:37.328] [JETSON-STATUS] ERROR: A5 5A 01 FE 18 01 01 68 7F
[11:52:37.328] [JETSON-STATUS] ERROR: A5 5A 01 FE 18 01 01 68 7F
[11:52:37.328] [JETSON-STATUS] ERROR: A5 5A 01 FE 18 01 01 68 7F
[11:52:37.328] [JETSON-STATUS] ERROR: A5 5A 01 FE 18 01 01 68 7F
[11:52:37.329] [JETSON-STATUS] ERROR: A5 5A 01 FE 18 01 01 68 7F
[11:52:37.329] [JETSON-STATUS] ERROR: A5 5A 01 FE 18 01 01 68 7F
[11:52:37.606] [JETSON-RX] A5 5A 01 FE 18 01 01 68 7F A5 5A 01 FE 18 01 01 68 7F A5 5A 01 FE 18 01 01 68 7F A5 5A 01 FE 18 01 01 68 7F A5 5A 01 FE 18 01 01 68 7F A5 5A 01 FE 18 01 01 68 7F A5 5A 01 FE 18 01 01 68 7F A5 5A 01 FE 18 01 01 68 7F A5 5A 01 FE 18 01 01 68 7F A5 5A 01 FE 18 01 01 68 7F A5 5A 01 FE 18 01 01 68 7F A5 5A 01 FE 18 01 01 68 7F A5 5A 01 FE 18 01 01 68 7F A5 5A 01 FE 18 01 01 68 7F A5 5A 01 FE 18 01 01 68 7F A5 5A 01 FE 18 01 01 68 7F A5 5A 01 FE 18 01 01 68 7F A5 5A 01 FE 18 01 01 68 7F A5 5A 01 FE 18 01 01 68 7F A5 5A 01 FE 18 01 01 68 7F A5 5A 01 FE 18 01 01 68 7F A5 5A 01 FE 18 01 01 68 7F A5 5A 01 FE 18 01 01 68 7F A5 5A 01 FE 18 01 01 68 7F A5 5A 01 FE 18 01 01 68 7F A5 5A 01 FE 18 01 01 68 7F A5 5A 01 FE 18 01 01 68 7F A5 5A 01 FE 18 01 01 68 7F A5 5A 01 FE
[11:52:37.607] [JETSON-STATUS] ERROR: A5 5A 01 FE 18 01 01 68 7F
[11:52:37.607] [JETSON-STATUS] ERROR: A5 5A 01 FE 18 01 01 68 7F
[11:52:37.607] [JETSON-STATUS] ERROR: A5 5A 01 FE 18 01 01 68 7F
[11:52:37.608] [JETSON-STATUS] ERROR: A5 5A 01 FE 18 01 01 68 7F
[11:52:37.608] [JETSON-STATUS] ERROR: A5 5A 01 FE 18 01 01 68 7F
[11:52:37.608] [JETSON-STATUS] ERROR: A5 5A 01 FE 18 01 01 68 7F
[11:52:37.611] [JETSON-STATUS] ERROR: A5 5A 01 FE 18 01 01 68 7F
[11:52:37.611] [JETSON-STATUS] ERROR: A5 5A 01 FE 18 01 01 68 7F
[11:52:37.611] [JETSON-STATUS] ERROR: A5 5A 01 FE 18 01 01 68 7F
[11:52:37.612] [JETSON-STATUS] ERROR: A5 5A 01 FE 18 01 01 68 7F
[11:52:37.612] [JETSON-STATUS] ERROR: A5 5A 01 FE 18 01 01 68 7F
[11:52:37.612] [JETSON-STATUS] ERROR: A5 5A 01 FE 18 01 01 68 7F
[11:52:37.612] [JETSON-STATUS] ERROR: A5 5A 01 FE 18 01 01 68 7F
[11:52:37.613] [JETSON-STATUS] ERROR: A5 5A 01 FE 18 01 01 68 7F
[11:52:37.613] [JETSON-STATUS] ERROR: A5 5A 01 FE 18 01 01 68 7F
[11:52:37.613] [JETSON-STATUS] ERROR: A5 5A 01 FE 18 01 01 68 7F
[11:52:37.613] [JETSON-STATUS] ERROR: A5 5A 01 FE 18 01 01 68 7F
[11:52:37.614] [JETSON-STATUS] ERROR: A5 5A 01 FE 18 01 01 68 7F
[11:52:37.614] [JETSON-STATUS] ERROR: A5 5A 01 FE 18 01 01 68 7F
[11:52:37.614] [JETSON-STATUS] ERROR: A5 5A 01 FE 18 01 01 68 7F
[11:52:37.614] [JETSON-STATUS] ERROR: A5 5A 01 FE 18 01 01 68 7F
[11:52:37.615] [JETSON-STATUS] ERROR: A5 5A 01 FE 18 01 01 68 7F
[11:52:37.615] [JETSON-STATUS] ERROR: A5 5A 01 FE 18 01 01 68 7F
[11:52:37.615] [JETSON-STATUS] ERROR: A5 5A 01 FE 18 01 01 68 7F
[11:52:37.615] [JETSON-STATUS] ERROR: A5 5A 01 FE 18 01 01 68 7F
[11:52:37.615] [JETSON-STATUS] ERROR: A5 5A 01 FE 18 01 01 68 7F
[11:52:37.616] [JETSON-STATUS] ERROR: A5 5A 01 FE 18 01 01 68 7F
[11:52:37.616] [JETSON-STATUS] ERROR: A5 5A 01 FE 18 01 01 68 7F
[11:52:37.887] [JETSON-RX] 18 01 01 68 7F A5 5A 01 FE 18 01 01 68 7F A5 5A 01 FE 18 01 01 68 7F A5 5A 01 FE 18 01 01 68 7F A5 5A 01 FE 18 01 01 68 7F A5 5A 01 FE 18 01 01 68 7F A5 5A 01 FE 18 01 01 68 7F A5 5A 01 FE 18 01 01 68 7F A5 5A 01 FE 18 01 01 68 7F A5 5A 01 FE 18 01 01 68 7F A5 5A 01 FE 18 01 01 68 7F A5 5A 01 FE 18 01 01 68 7F A5 5A 01 FE 18 01 01 68 7F A5 5A 01 FE 18 01 01 68 7F A5 5A 01 FE 18 01 01 68 7F A5 5A 01 FE 18 01 01 68 7F A5 5A 01 FE 18 01 01 68 7F A5 5A 01 FE 18 01 01 68 7F A5 5A 01 FE 18 01 01 68 7F A5 5A 01 FE 18 01 01 68 7F A5 5A 01 FE 18 01 01 68 7F A5 5A 01 FE 18 01 01 68 7F A5 5A 01 FE 18 01 01 68 7F A5 5A 01 FE 18 01 01 68 7F A5 5A 01 FE 18 01 01 68 7F A5 5A 01 FE 18 01 01 68 7F A5 5A 01 FE 18 01 01 68 7F A5 5A 01 FE 18 01 01 68 7F A5 5A 01 FE 18 01 01 68
[11:52:37.887] [JETSON-STATUS] ERROR: A5 5A 01 FE 18 01 01 68 7F
[11:52:37.887] [JETSON-STATUS] ERROR: A5 5A 01 FE 18 01 01 68 7F
[11:52:37.888] [JETSON-STATUS] ERROR: A5 5A 01 FE 18 01 01 68 7F
[11:52:37.888] [JETSON-STATUS] ERROR: A5 5A 01 FE 18 01 01 68 7F
[11:52:37.888] [JETSON-STATUS] ERROR: A5 5A 01 FE 18 01 01 68 7F
[11:52:37.888] [JETSON-STATUS] ERROR: A5 5A 01 FE 18 01 01 68 7F
[11:52:37.889] [JETSON-STATUS] ERROR: A5 5A 01 FE 18 01 01 68 7F
[11:52:37.889] [JETSON-STATUS] ERROR: A5 5A 01 FE 18 01 01 68 7F
[11:52:37.889] [JETSON-STATUS] ERROR: A5 5A 01 FE 18 01 01 68 7F
[11:52:37.890] [JETSON-STATUS] ERROR: A5 5A 01 FE 18 01 01 68 7F
[11:52:37.890] [JETSON-STATUS] ERROR: A5 5A 01 FE 18 01 01 68 7F
[11:52:37.890] [JETSON-STATUS] ERROR: A5 5A 01 FE 18 01 01 68 7F
[11:52:37.890] [JETSON-STATUS] ERROR: A5 5A 01 FE 18 01 01 68 7F
[11:52:37.891] [JETSON-STATUS] ERROR: A5 5A 01 FE 18 01 01 68 7F
[11:52:37.891] [JETSON-STATUS] ERROR: A5 5A 01 FE 18 01 01 68 7F
[11:52:37.891] [JETSON-STATUS] ERROR: A5 5A 01 FE 18 01 01 68 7F
[11:52:37.892] [JETSON-STATUS] ERROR: A5 5A 01 FE 18 01 01 68 7F
[11:52:37.892] [JETSON-STATUS] ERROR: A5 5A 01 FE 18 01 01 68 7F
[11:52:37.892] [JETSON-STATUS] ERROR: A5 5A 01 FE 18 01 01 68 7F
[11:52:37.892] [JETSON-STATUS] ERROR: A5 5A 01 FE 18 01 01 68 7F
[11:52:37.892] [JETSON-STATUS] ERROR: A5 5A 01 FE 18 01 01 68 7F
[11:52:37.894] [JETSON-STATUS] ERROR: A5 5A 01 FE 18 01 01 68 7F
[11:52:37.894] [JETSON-STATUS] ERROR: A5 5A 01 FE 18 01 01 68 7F
[11:52:37.894] [JETSON-STATUS] ERROR: A5 5A 01 FE 18 01 01 68 7F
[11:52:37.895] [JETSON-STATUS] ERROR: A5 5A 01 FE 18 01 01 68 7F
[11:52:37.895] [JETSON-STATUS] ERROR: A5 5A 01 FE 18 01 01 68 7F
[11:52:37.895] [JETSON-STATUS] ERROR: A5 5A 01 FE 18 01 01 68 7F
[11:52:38.177] [JETSON-RX] 7F A5 5A 01 FE 18 01 01 68 7F A5 5A 01 FE 18 01 01 68 7F A5 5A 01 FE 18 01 01 68 7F A5 5A 01 FE 18 01 01 68 7F A5 5A 01 FE 18 01 01 68 7F A5 5A 01 FE 18 01 01 68 7F A5 5A 01 FE 18 01 01 68 7F A5 5A 01 FE 18 01 01 68 7F A5 5A 01 FE 18 01 01 68 7F A5 5A 01 FE 18 01 01 68 7F A5 5A 01 FE 18 01 01 68 7F A5 5A 01 FE 18 01 01 68 7F A5 5A 01 FE 18 01 01 68 7F A5 5A 01 FE 18 01 01 68 7F A5 5A 01 FE 18 01 01 68 7F A5 5A 01 FE 18 01 01 68 7F A5 5A 01 FE 18 01 01 68 7F A5 5A 01 FE 18 01 01 68 7F A5 5A 01 FE 18 01 01 68 7F A5 5A 01 FE 18 01 01 68 7F A5 5A 01 FE 18 01 01 68 7F A5 5A 01 FE 18 01 01 68 7F A5 5A 01 FE 18 01 01 68 7F A5 5A 01 FE 18 01 01 68 7F A5 5A 01 FE 18 01 01 68 7F A5 5A 01 FE 18 01 01 68 7F A5 5A 01 FE 18 01 01 68 7F A5 5A 01 FE 18 01 01 68 7F A5 5A 01
[11:52:38.177] [JETSON-STATUS] ERROR: A5 5A 01 FE 18 01 01 68 7F
[11:52:38.177] [JETSON-STATUS] ERROR: A5 5A 01 FE 18 01 01 68 7F
[11:52:38.178] [JETSON-STATUS] ERROR: A5 5A 01 FE 18 01 01 68 7F
[11:52:38.178] [JETSON-STATUS] ERROR: A5 5A 01 FE 18 01 01 68 7F
[11:52:38.178] [JETSON-STATUS] ERROR: A5 5A 01 FE 18 01 01 68 7F
[11:52:38.179] [JETSON-STATUS] ERROR: A5 5A 01 FE 18 01 01 68 7F
[11:52:38.179] [JETSON-STATUS] ERROR: A5 5A 01 FE 18 01 01 68 7F
[11:52:38.179] [JETSON-STATUS] ERROR: A5 5A 01 FE 18 01 01 68 7F
[11:52:38.179] [JETSON-STATUS] ERROR: A5 5A 01 FE 18 01 01 68 7F
[11:52:38.180] [JETSON-STATUS] ERROR: A5 5A 01 FE 18 01 01 68 7F
[11:52:38.180] [JETSON-STATUS] ERROR: A5 5A 01 FE 18 01 01 68 7F
[11:52:38.180] [JETSON-STATUS] ERROR: A5 5A 01 FE 18 01 01 68 7F
[11:52:38.180] [JETSON-STATUS] ERROR: A5 5A 01 FE 18 01 01 68 7F
[11:52:38.181] [JETSON-STATUS] ERROR: A5 5A 01 FE 18 01 01 68 7F
[11:52:38.181] [JETSON-STATUS] ERROR: A5 5A 01 FE 18 01 01 68 7F
[11:52:38.181] [JETSON-STATUS] ERROR: A5 5A 01 FE 18 01 01 68 7F
[11:52:38.182] [JETSON-STATUS] ERROR: A5 5A 01 FE 18 01 01 68 7F
[11:52:38.182] [JETSON-STATUS] ERROR: A5 5A 01 FE 18 01 01 68 7F
[11:52:38.182] [JETSON-STATUS] ERROR: A5 5A 01 FE 18 01 01 68 7F
[11:52:38.182] [JETSON-STATUS] ERROR: A5 5A 01 FE 18 01 01 68 7F
[11:52:38.184] [JETSON-STATUS] ERROR: A5 5A 01 FE 18 01 01 68 7F
[11:52:38.184] [JETSON-STATUS] ERROR: A5 5A 01 FE 18 01 01 68 7F
[11:52:38.184] [JETSON-STATUS] ERROR: A5 5A 01 FE 18 01 01 68 7F
[11:52:38.185] [JETSON-STATUS] ERROR: A5 5A 01 FE 18 01 01 68 7F
[11:52:38.185] [JETSON-STATUS] ERROR: A5 5A 01 FE 18 01 01 68 7F
[11:52:38.185] [JETSON-STATUS] ERROR: A5 5A 01 FE 18 01 01 68 7F
[11:52:38.185] [JETSON-STATUS] ERROR: A5 5A 01 FE 18 01 01 68 7F
[11:52:38.186] [JETSON-STATUS] ERROR: A5 5A 01 FE 18 01 01 68 7F
[11:52:38.186] [JETSON-STATUS] ERROR: A5 5A 01 FE 18 01 01 68 7F
[11:52:38.457] [JETSON-RX] FE 18 01 01 68 7F A5 5A 01 FE 18 01 01 68 7F A5 5A 01 FE 18 01 01 68 7F A5 5A 01 FE 18 01 01 68 7F A5 5A 01 FE 18 01 01 68 7F A5 5A 01 FE 18 01 01 68 7F A5 5A 01 FE 18 01 01 68 7F A5 5A 01 FE 18 01 01 68 7F A5 5A 01 FE 18 01 01 68 7F A5 5A 01 FE 18 01 01 68 7F A5 5A 01 FE 18 01 01 68 7F A5 5A 01 FE 18 01 01 68 7F A5 5A 01 FE 18 01 01 68 7F A5 5A 01 FE 18 01 01 68 7F A5 5A 01 FE 18 01 01 68 7F A5 5A 01 FE 18 01 01 68 7F A5 5A 01 FE 18 01 01 68 7F A5 5A 01 FE 18 01 01 68 7F A5 5A 01 FE 18 01 01 68 7F A5 5A 01 FE 18 01 01 68 7F A5 5A 01 FE 18 01 01 68 7F A5 5A 01 FE 18 01 01 68 7F A5 5A 01 FE 18 01 01 68 7F A5 5A 01 FE 18 01 01 68 7F A5 5A 01 FE 18 01 01 68 7F A5 5A 01 FE 18 01 01 68 7F A5 5A 01 FE 18 01 01 68 7F A5 5A 01 FE 18 01 01 68 7F A5 5A 01 FE 18 01 01
[11:52:38.457] [JETSON-STATUS] ERROR: A5 5A 01 FE 18 01 01 68 7F
[11:52:38.457] [JETSON-STATUS] ERROR: A5 5A 01 FE 18 01 01 68 7F
[11:52:38.458] [JETSON-STATUS] ERROR: A5 5A 01 FE 18 01 01 68 7F
[11:52:38.458] [JETSON-STATUS] ERROR: A5 5A 01 FE 18 01 01 68 7F
[11:52:38.458] [JETSON-STATUS] ERROR: A5 5A 01 FE 18 01 01 68 7F
[11:52:38.459] [JETSON-STATUS] ERROR: A5 5A 01 FE 18 01 01 68 7F
[11:52:38.459] [JETSON-STATUS] ERROR: A5 5A 01 FE 18 01 01 68 7F
[11:52:38.459] [JETSON-STATUS] ERROR: A5 5A 01 FE 18 01 01 68 7F
[11:52:38.460] [JETSON-STATUS] ERROR: A5 5A 01 FE 18 01 01 68 7F
[11:52:38.460] [JETSON-STATUS] ERROR: A5 5A 01 FE 18 01 01 68 7F
[11:52:38.460] [JETSON-STATUS] ERROR: A5 5A 01 FE 18 01 01 68 7F
[11:52:38.460] [JETSON-STATUS] ERROR: A5 5A 01 FE 18 01 01 68 7F
[11:52:38.461] [JETSON-STATUS] ERROR: A5 5A 01 FE 18 01 01 68 7F
[11:52:38.461] [JETSON-STATUS] ERROR: A5 5A 01 FE 18 01 01 68 7F
[11:52:38.461] [JETSON-STATUS] ERROR: A5 5A 01 FE 18 01 01 68 7F
[11:52:38.462] [JETSON-STATUS] ERROR: A5 5A 01 FE 18 01 01 68 7F
[11:52:38.462] [JETSON-STATUS] ERROR: A5 5A 01 FE 18 01 01 68 7F
[11:52:38.462] [JETSON-STATUS] ERROR: A5 5A 01 FE 18 01 01 68 7F
[11:52:38.462] [JETSON-STATUS] ERROR: A5 5A 01 FE 18 01 01 68 7F
[11:52:38.463] [JETSON-STATUS] ERROR: A5 5A 01 FE 18 01 01 68 7F
[11:52:38.464] [JETSON-STATUS] ERROR: A5 5A 01 FE 18 01 01 68 7F
[11:52:38.464] [JETSON-STATUS] ERROR: A5 5A 01 FE 18 01 01 68 7F
[11:52:38.465] [JETSON-STATUS] ERROR: A5 5A 01 FE 18 01 01 68 7F
[11:52:38.465] [JETSON-STATUS] ERROR: A5 5A 01 FE 18 01 01 68 7F
[11:52:38.465] [JETSON-STATUS] ERROR: A5 5A 01 FE 18 01 01 68 7F
[11:52:38.465] [JETSON-STATUS] ERROR: A5 5A 01 FE 18 01 01 68 7F
[11:52:38.467] [JETSON-STATUS] ERROR: A5 5A 01 FE 18 01 01 68 7F
[11:52:38.746] [JETSON-RX] 68 7F A5 5A 01 FE 18 01 01 68 7F A5 5A 01 FE 18 01 01 68 7F A5 5A 01 FE 18 01 01 68 7F A5 5A 01 FE 18 01 01 68 7F A5 5A 01 FE 18 01 01 68 7F A5 5A 01 FE 18 01 01 68 7F A5 5A 01 FE 18 01 01 68 7F A5 5A 01 FE 18 01 01 68 7F A5 5A 01 FE 18 01 01 68 7F A5 5A 01 FE 18 01 01 68 7F A5 5A 01 FE 18 01 01 68 7F A5 5A 01 FE 18 01 01 68 7F A5 5A 01 FE 18 01 01 68 7F A5 5A 01 FE 18 01 01 68 7F A5 5A 01 FE 18 01 01 68 7F A5 5A 01 FE 18 01 01 68 7F A5 5A 01 FE 18 01 01 68 7F A5 5A 01 FE 18 01 01 68 7F A5 5A 01 FE 18 01 01 68 7F A5 5A 01 FE 18 01 01 68 7F A5 5A 01 FE 18 01 01 68 7F A5 5A 01 FE 18 01 01 68 7F A5 5A 01 FE 18 01 01 68 7F A5 5A 01 FE 18 01 01 68 7F A5 5A 01 FE 18 01 01 68 7F A5 5A 01 FE 18 01 01 68 7F A5 5A 01 FE 18 01 01 68 7F A5 5A 01 FE 18 01 01 68 7F A5 5A
[11:52:38.747] [JETSON-STATUS] ERROR: A5 5A 01 FE 18 01 01 68 7F
[11:52:38.747] [JETSON-STATUS] ERROR: A5 5A 01 FE 18 01 01 68 7F
[11:52:38.748] [JETSON-STATUS] ERROR: A5 5A 01 FE 18 01 01 68 7F
[11:52:38.748] [JETSON-STATUS] ERROR: A5 5A 01 FE 18 01 01 68 7F
[11:52:38.749] [JETSON-STATUS] ERROR: A5 5A 01 FE 18 01 01 68 7F
[11:52:38.749] [JETSON-STATUS] ERROR: A5 5A 01 FE 18 01 01 68 7F
[11:52:38.749] [JETSON-STATUS] ERROR: A5 5A 01 FE 18 01 01 68 7F
[11:52:38.749] [JETSON-STATUS] ERROR: A5 5A 01 FE 18 01 01 68 7F
[11:52:38.750] [JETSON-STATUS] ERROR: A5 5A 01 FE 18 01 01 68 7F
[11:52:38.750] [JETSON-STATUS] ERROR: A5 5A 01 FE 18 01 01 68 7F
[11:52:38.750] [JETSON-STATUS] ERROR: A5 5A 01 FE 18 01 01 68 7F
[11:52:38.750] [JETSON-STATUS] ERROR: A5 5A 01 FE 18 01 01 68 7F
[11:52:38.752] [JETSON-STATUS] ERROR: A5 5A 01 FE 18 01 01 68 7F
[11:52:38.752] [JETSON-STATUS] ERROR: A5 5A 01 FE 18 01 01 68 7F
[11:52:38.752] [JETSON-STATUS] ERROR: A5 5A 01 FE 18 01 01 68 7F
[11:52:38.752] [JETSON-STATUS] ERROR: A5 5A 01 FE 18 01 01 68 7F
[11:52:38.752] [JETSON-STATUS] ERROR: A5 5A 01 FE 18 01 01 68 7F
[11:52:38.752] [JETSON-STATUS] ERROR: A5 5A 01 FE 18 01 01 68 7F
[11:52:38.753] [JETSON-STATUS] ERROR: A5 5A 01 FE 18 01 01 68 7F
[11:52:38.753] [JETSON-STATUS] ERROR: A5 5A 01 FE 18 01 01 68 7F
[11:52:38.753] [JETSON-STATUS] ERROR: A5 5A 01 FE 18 01 01 68 7F
[11:52:38.753] [JETSON-STATUS] ERROR: A5 5A 01 FE 18 01 01 68 7F
[11:52:38.755] [JETSON-STATUS] ERROR: A5 5A 01 FE 18 01 01 68 7F
[11:52:38.755] [JETSON-STATUS] ERROR: A5 5A 01 FE 18 01 01 68 7F
[11:52:38.755] [JETSON-STATUS] ERROR: A5 5A 01 FE 18 01 01 68 7F
[11:52:38.756] [JETSON-STATUS] ERROR: A5 5A 01 FE 18 01 01 68 7F
[11:52:38.756] [JETSON-STATUS] ERROR: A5 5A 01 FE 18 01 01 68 7F
[11:52:38.756] [JETSON-STATUS] ERROR: A5 5A 01 FE 18 01 01 68 7F
[11:52:39.027] [JETSON-RX] 01 FE 18 01 01 68 7F A5 5A 01 FE 18 01 01 68 7F A5 5A 01 FE 18 01 01 68 7F A5 5A 01 FE 18 01 01 68 7F A5 5A 01 FE 18 01 01 68 7F A5 5A 01 FE 18 01 01 68 7F A5 5A 01 FE 18 01 01 68 7F A5 5A 01 FE 18 01 01 68 7F A5 5A 01 FE 18 01 01 68 7F A5 5A 01 FE 18 01 01 68 7F A5 5A 01 FE 18 01 01 68 7F A5 5A 01 FE 18 01 01 68 7F A5 5A 01 FE 18 01 01 68 7F A5 5A 01 FE 18 01 01 68 7F A5 5A 01 FE 18 01 01 68 7F A5 5A 01 FE 18 01 01 68 7F A5 5A 01 FE 18 01 01 68 7F A5 5A 01 FE 18 01 01 68 7F A5 5A 01 FE 18 01 01 68 7F A5 5A 01 FE 18 01 01 68 7F A5 5A 01 FE 18 01 01 68 7F A5 5A 01 FE 18 01 01 68 7F A5 5A 01 FE 18 01 01 68 7F A5 5A 01 FE 18 01 01 68 7F A5 5A 01 FE 18 01 01 68 7F A5 5A 01 FE 18 01 01 68 7F A5 5A 01 FE 18 01 01 68 7F A5 5A 01 FE 18 01 01 68 7F A5 5A 01 FE 18 01
[11:52:39.027] [JETSON-STATUS] ERROR: A5 5A 01 FE 18 01 01 68 7F
[11:52:39.028] [JETSON-STATUS] ERROR: A5 5A 01 FE 18 01 01 68 7F
[11:52:39.028] [JETSON-STATUS] ERROR: A5 5A 01 FE 18 01 01 68 7F
[11:52:39.028] [JETSON-STATUS] ERROR: A5 5A 01 FE 18 01 01 68 7F
[11:52:39.028] [JETSON-STATUS] ERROR: A5 5A 01 FE 18 01 01 68 7F
[11:52:39.029] [JETSON-STATUS] ERROR: A5 5A 01 FE 18 01 01 68 7F
[11:52:39.029] [JETSON-STATUS] ERROR: A5 5A 01 FE 18 01 01 68 7F
[11:52:39.029] [JETSON-STATUS] ERROR: A5 5A 01 FE 18 01 01 68 7F
[11:52:39.030] [JETSON-STATUS] ERROR: A5 5A 01 FE 18 01 01 68 7F
[11:52:39.030] [JETSON-STATUS] ERROR: A5 5A 01 FE 18 01 01 68 7F
[11:52:39.030] [JETSON-STATUS] ERROR: A5 5A 01 FE 18 01 01 68 7F
[11:52:39.031] [JETSON-STATUS] ERROR: A5 5A 01 FE 18 01 01 68 7F
[11:52:39.031] [JETSON-STATUS] ERROR: A5 5A 01 FE 18 01 01 68 7F
[11:52:39.031] [JETSON-STATUS] ERROR: A5 5A 01 FE 18 01 01 68 7F
[11:52:39.032] [JETSON-STATUS] ERROR: A5 5A 01 FE 18 01 01 68 7F
[11:52:39.032] [JETSON-STATUS] ERROR: A5 5A 01 FE 18 01 01 68 7F
[11:52:39.032] [JETSON-STATUS] ERROR: A5 5A 01 FE 18 01 01 68 7F
[11:52:39.033] [JETSON-STATUS] ERROR: A5 5A 01 FE 18 01 01 68 7F
[11:52:39.033] [JETSON-STATUS] ERROR: A5 5A 01 FE 18 01 01 68 7F
[11:52:39.033] [JETSON-STATUS] ERROR: A5 5A 01 FE 18 01 01 68 7F
[11:52:39.034] [JETSON-STATUS] ERROR: A5 5A 01 FE 18 01 01 68 7F
[11:52:39.034] [JETSON-STATUS] ERROR: A5 5A 01 FE 18 01 01 68 7F
[11:52:39.034] [JETSON-STATUS] ERROR: A5 5A 01 FE 18 01 01 68 7F
[11:52:39.034] [JETSON-STATUS] ERROR: A5 5A 01 FE 18 01 01 68 7F
[11:52:39.035] [JETSON-STATUS] ERROR: A5 5A 01 FE 18 01 01 68 7F
[11:52:39.035] [JETSON-STATUS] ERROR: A5 5A 01 FE 18 01 01 68 7F
[11:52:39.035] [JETSON-STATUS] ERROR: A5 5A 01 FE 18 01 01 68 7F
[11:52:39.316] [JETSON-RX] 01 68 7F A5 5A 01 FE 18 01 01 68 7F A5 5A 01 FE 18 01 01 68 7F A5 5A 01 FE 18 01 01 68 7F A5 5A 01 FE 18 01 01 68 7F A5 5A 01 FE 18 01 01 68 7F A5 5A 01 FE 18 01 01 68 7F A5 5A 01 FE 18 01 01 68 7F A5 5A 01 FE 18 01 01 68 7F A5 5A 01 FE 18 01 01 68 7F A5 5A 01 FE 18 01 01 68 7F A5 5A 01 FE 18 01 01 68 7F A5 5A 01 FE 18 01 01 68 7F A5 5A 01 FE 18 01 01 68 7F A5 5A 01 FE 18 01 01 68 7F A5 5A 01 FE 18 01 01 68 7F A5 5A 01 FE 18 01 01 68 7F A5 5A 01 FE 18 01 01 68 7F A5 5A 01 FE 18 01 01 68 7F A5 5A 01 FE 18 01 01 68 7F A5 5A 01 FE 18 01 01 68 7F A5 5A 01 FE 18 01 01 68 7F A5 5A 01 FE 18 01 01 68 7F A5 5A 01 FE 18 01 01 68 7F A5 5A 01 FE 18 01 01 68 7F A5 5A 01 FE 18 01 01 68 7F A5 5A 01 FE 18 01 01 68 7F A5 5A 01 FE 18 01 01 68 7F A5 5A 01 FE 18 01 01 68 7F A5
[11:52:39.317] [JETSON-STATUS] ERROR: A5 5A 01 FE 18 01 01 68 7F
[11:52:39.317] [JETSON-STATUS] ERROR: A5 5A 01 FE 18 01 01 68 7F
[11:52:39.318] [JETSON-STATUS] ERROR: A5 5A 01 FE 18 01 01 68 7F
[11:52:39.318] [JETSON-STATUS] ERROR: A5 5A 01 FE 18 01 01 68 7F
[11:52:39.318] [JETSON-STATUS] ERROR: A5 5A 01 FE 18 01 01 68 7F
[11:52:39.318] [JETSON-STATUS] ERROR: A5 5A 01 FE 18 01 01 68 7F
[11:52:39.319] [JETSON-STATUS] ERROR: A5 5A 01 FE 18 01 01 68 7F
[11:52:39.319] [JETSON-STATUS] ERROR: A5 5A 01 FE 18 01 01 68 7F
[11:52:39.319] [JETSON-STATUS] ERROR: A5 5A 01 FE 18 01 01 68 7F
[11:52:39.320] [JETSON-STATUS] ERROR: A5 5A 01 FE 18 01 01 68 7F
[11:52:39.320] [JETSON-STATUS] ERROR: A5 5A 01 FE 18 01 01 68 7F
[11:52:39.321] [JETSON-STATUS] ERROR: A5 5A 01 FE 18 01 01 68 7F
[11:52:39.321] [JETSON-STATUS] ERROR: A5 5A 01 FE 18 01 01 68 7F
[11:52:39.321] [JETSON-STATUS] ERROR: A5 5A 01 FE 18 01 01 68 7F
[11:52:39.322] [JETSON-STATUS] ERROR: A5 5A 01 FE 18 01 01 68 7F
[11:52:39.322] [JETSON-STATUS] ERROR: A5 5A 01 FE 18 01 01 68 7F
[11:52:39.322] [JETSON-STATUS] ERROR: A5 5A 01 FE 18 01 01 68 7F
[11:52:39.323] [JETSON-STATUS] ERROR: A5 5A 01 FE 18 01 01 68 7F
[11:52:39.323] [JETSON-STATUS] ERROR: A5 5A 01 FE 18 01 01 68 7F
[11:52:39.323] [JETSON-STATUS] ERROR: A5 5A 01 FE 18 01 01 68 7F
[11:52:39.324] [JETSON-STATUS] ERROR: A5 5A 01 FE 18 01 01 68 7F
[11:52:39.324] [JETSON-STATUS] ERROR: A5 5A 01 FE 18 01 01 68 7F
[11:52:39.324] [JETSON-STATUS] ERROR: A5 5A 01 FE 18 01 01 68 7F
[11:52:39.325] [JETSON-STATUS] ERROR: A5 5A 01 FE 18 01 01 68 7F
[11:52:39.325] [JETSON-STATUS] ERROR: A5 5A 01 FE 18 01 01 68 7F
[11:52:39.325] [JETSON-STATUS] ERROR: A5 5A 01 FE 18 01 01 68 7F
[11:52:39.326] [JETSON-STATUS] ERROR: A5 5A 01 FE 18 01 01 68 7F
[11:52:39.326] [JETSON-STATUS] ERROR: A5 5A 01 FE 18 01 01 68 7F
[11:52:39.596] [JETSON-RX] 5A 01 FE 18 01 01 68 7F A5 5A 01 FE 18 01 01 68 7F A5 5A 01 FE 18 01 01 68 7F A5 5A 01 FE 18 01 01 68 7F A5 5A 01 FE 18 01 01 68 7F A5 5A 01 FE 18 01 01 68 7F A5 5A 01 FE 18 01 01 68 7F A5 5A 01 FE 18 01 01 68 7F A5 5A 01 FE 18 01 01 68 7F A5 5A 01 FE 18 01 01 68 7F A5 5A 01 FE 18 01 01 68 7F A5 5A 01 FE 18 01 01 68 7F A5 5A 01 FE 18 01 01 68 7F A5 5A 01 FE 18 01 01 68 7F A5 5A 01 FE 18 01 01 68 7F A5 5A 01 FE 18 01 01 68 7F A5 5A 01 FE 18 01 01 68 7F A5 5A 01 FE 18 01 01 68 7F A5 5A 01 FE 18 01 01 68 7F A5 5A 01 FE 18 01 01 68 7F A5 5A 01 FE 18 01 01 68 7F A5 5A 01 FE 18 01 01 68 7F A5 5A 01 FE 18 01 01 68 7F A5 5A 01 FE 18 01 01 68 7F A5 5A 01 FE 18 01 01 68 7F A5 5A 01 FE 18 01 01 68 7F A5 5A 01 FE 18 01 01 68 7F A5 5A 01 FE 18 01 01 68 7F A5 5A 01 FE 18
[11:52:39.597] [JETSON-STATUS] ERROR: A5 5A 01 FE 18 01 01 68 7F
[11:52:39.597] [JETSON-STATUS] ERROR: A5 5A 01 FE 18 01 01 68 7F
[11:52:39.597] [JETSON-STATUS] ERROR: A5 5A 01 FE 18 01 01 68 7F
[11:52:39.598] [JETSON-STATUS] ERROR: A5 5A 01 FE 18 01 01 68 7F
[11:52:39.598] [JETSON-STATUS] ERROR: A5 5A 01 FE 18 01 01 68 7F
[11:52:39.598] [JETSON-STATUS] ERROR: A5 5A 01 FE 18 01 01 68 7F
[11:52:39.599] [JETSON-STATUS] ERROR: A5 5A 01 FE 18 01 01 68 7F
[11:52:39.599] [JETSON-STATUS] ERROR: A5 5A 01 FE 18 01 01 68 7F
[11:52:39.599] [JETSON-STATUS] ERROR: A5 5A 01 FE 18 01 01 68 7F
[11:52:39.600] [JETSON-STATUS] ERROR: A5 5A 01 FE 18 01 01 68 7F
[11:52:39.600] [JETSON-STATUS] ERROR: A5 5A 01 FE 18 01 01 68 7F
[11:52:39.600] [JETSON-STATUS] ERROR: A5 5A 01 FE 18 01 01 68 7F
[11:52:39.600] [JETSON-STATUS] ERROR: A5 5A 01 FE 18 01 01 68 7F
[11:52:39.601] [JETSON-STATUS] ERROR: A5 5A 01 FE 18 01 01 68 7F
[11:52:39.601] [JETSON-STATUS] ERROR: A5 5A 01 FE 18 01 01 68 7F
[11:52:39.601] [JETSON-STATUS] ERROR: A5 5A 01 FE 18 01 01 68 7F
[11:52:39.602] [JETSON-STATUS] ERROR: A5 5A 01 FE 18 01 01 68 7F
[11:52:39.602] [JETSON-STATUS] ERROR: A5 5A 01 FE 18 01 01 68 7F
[11:52:39.602] [JETSON-STATUS] ERROR: A5 5A 01 FE 18 01 01 68 7F
[11:52:39.602] [JETSON-STATUS] ERROR: A5 5A 01 FE 18 01 01 68 7F
[11:52:39.603] [JETSON-STATUS] ERROR: A5 5A 01 FE 18 01 01 68 7F
[11:52:39.603] [JETSON-STATUS] ERROR: A5 5A 01 FE 18 01 01 68 7F
[11:52:39.603] [JETSON-STATUS] ERROR: A5 5A 01 FE 18 01 01 68 7F
[11:52:39.604] [JETSON-STATUS] ERROR: A5 5A 01 FE 18 01 01 68 7F
[11:52:39.604] [JETSON-STATUS] ERROR: A5 5A 01 FE 18 01 01 68 7F
[11:52:39.604] [JETSON-STATUS] ERROR: A5 5A 01 FE 18 01 01 68 7F
[11:52:39.605] [JETSON-STATUS] ERROR: A5 5A 01 FE 18 01 01 68 7F
[11:52:39.877] [JETSON-RX] 01 01 68 7F A5 5A 01 FE 18 01 01 68 7F A5 5A 01 FE 18 01 01 68 7F A5 5A 01 FE 18 01 01 68 7F A5 5A 01 FE 18 01 01 68 7F A5 5A 01 FE 18 01 01 68 7F A5 5A 01 FE 18 01 01 68 7F A5 5A 01 FE 18 01 01 68 7F A5 5A 01 FE 18 01 01 68 7F A5 5A 01 FE 18 01 01 68 7F A5 5A 01 FE 18 01 01 68 7F A5 5A 01 FE 18 01 01 68 7F A5 5A 01 FE 18 01 01 68 7F A5 5A 01 FE 18 01 01 68 7F A5 5A 01 FE 18 01 01 68 7F A5 5A 01 FE 18 01 01 68 7F A5 5A 01 FE 18 01 01 68 7F A5 5A 01 FE 18 01 01 68 7F A5 5A 01 FE 18 01 01 68 7F A5 5A 01 FE 18 01 01 68 7F A5 5A 01 FE 18 01 01 68 7F A5 5A 01 FE 18 01 01 68 7F A5 5A 01 FE 18 01 01 68 7F A5 5A 01 FE 18 01 01 68 7F A5 5A 01 FE 18 01 01 68 7F A5 5A 01 FE 18 01 01 68 7F A5 5A 01 FE 18 01 01 68 7F A5 5A 01 FE 18 01 01 68 7F A5 5A 01 FE 18 01 01 68 7F
[11:52:39.877] [JETSON-STATUS] ERROR: A5 5A 01 FE 18 01 01 68 7F
[11:52:39.877] [JETSON-STATUS] ERROR: A5 5A 01 FE 18 01 01 68 7F
[11:52:39.878] [JETSON-STATUS] ERROR: A5 5A 01 FE 18 01 01 68 7F
[11:52:39.878] [JETSON-STATUS] ERROR: A5 5A 01 FE 18 01 01 68 7F
[11:52:39.878] [JETSON-STATUS] ERROR: A5 5A 01 FE 18 01 01 68 7F
[11:52:39.879] [JETSON-STATUS] ERROR: A5 5A 01 FE 18 01 01 68 7F
[11:52:39.879] [JETSON-STATUS] ERROR: A5 5A 01 FE 18 01 01 68 7F
[11:52:39.879] [JETSON-STATUS] ERROR: A5 5A 01 FE 18 01 01 68 7F
[11:52:39.880] [JETSON-STATUS] ERROR: A5 5A 01 FE 18 01 01 68 7F
[11:52:39.880] [JETSON-STATUS] ERROR: A5 5A 01 FE 18 01 01 68 7F
[11:52:39.880] [JETSON-STATUS] ERROR: A5 5A 01 FE 18 01 01 68 7F
[11:52:39.881] [JETSON-STATUS] ERROR: A5 5A 01 FE 18 01 01 68 7F
[11:52:39.881] [JETSON-STATUS] ERROR: A5 5A 01 FE 18 01 01 68 7F
[11:52:39.881] [JETSON-STATUS] ERROR: A5 5A 01 FE 18 01 01 68 7F
[11:52:39.881] [JETSON-STATUS] ERROR: A5 5A 01 FE 18 01 01 68 7F
[11:52:39.882] [JETSON-STATUS] ERROR: A5 5A 01 FE 18 01 01 68 7F
[11:52:39.882] [JETSON-STATUS] ERROR: A5 5A 01 FE 18 01 01 68 7F
[11:52:39.882] [JETSON-STATUS] ERROR: A5 5A 01 FE 18 01 01 68 7F
[11:52:39.883] [JETSON-STATUS] ERROR: A5 5A 01 FE 18 01 01 68 7F
[11:52:39.883] [JETSON-STATUS] ERROR: A5 5A 01 FE 18 01 01 68 7F
[11:52:39.884] [JETSON-STATUS] ERROR: A5 5A 01 FE 18 01 01 68 7F
[11:52:39.884] [JETSON-STATUS] ERROR: A5 5A 01 FE 18 01 01 68 7F
[11:52:39.884] [JETSON-STATUS] ERROR: A5 5A 01 FE 18 01 01 68 7F
[11:52:39.884] [JETSON-STATUS] ERROR: A5 5A 01 FE 18 01 01 68 7F
[11:52:39.884] [JETSON-STATUS] ERROR: A5 5A 01 FE 18 01 01 68 7F
[11:52:39.886] [JETSON-STATUS] ERROR: A5 5A 01 FE 18 01 01 68 7F
[11:52:39.886] [JETSON-STATUS] ERROR: A5 5A 01 FE 18 01 01 68 7F
[11:52:39.886] [JETSON-STATUS] ERROR: A5 5A 01 FE 18 01 01 68 7F
[11:52:40.166] [JETSON-RX] A5 5A 01 FE 18 01 01 68 7F A5 5A 01 FE 18 01 01 68 7F A5 5A 01 FE 18 01 01 68 7F A5 5A 01 FE 18 01 01 68 7F A5 5A 01 FE 18 01 01 68 7F A5 5A 01 FE 18 01 01 68 7F A5 5A 01 FE 18 01 01 68 7F A5 5A 01 FE 18 01 01 68 7F A5 5A 01 FE 18 01 01 68 7F A5 5A 01 FE 18 01 01 68 7F A5 5A 01 FE 18 01 01 68 7F A5 5A 01 FE 18 01 01 68 7F A5 5A 01 FE 18 01 01 68 7F A5 5A 01 FE 18 01 01 68 7F A5 5A 01 FE 18 01 01 68 7F A5 5A 01 FE 18 01 01 68 7F A5 5A 01 FE 18 01 01 68 7F A5 5A 01 FE 18 01 01 68 7F A5 5A 01 FE 18 01 01 68 7F A5 5A 01 FE 18 01 01 68 7F A5 5A 01 FE 18 01 01 68 7F A5 5A 01 FE 18 01 01 68 7F A5 5A 01 FE 18 01 01 68 7F A5 5A 01 FE 18 01 01 68 7F A5 5A 01 FE 18 01 01 68 7F A5 5A 01 FE 18 01 01 68 7F A5 5A 01 FE 18 01 01 68 7F A5 5A 01 FE 18 01 01 68 7F A5 5A 01 FE
[11:52:40.166] [JETSON-STATUS] ERROR: A5 5A 01 FE 18 01 01 68 7F
[11:52:40.168] [JETSON-STATUS] ERROR: A5 5A 01 FE 18 01 01 68 7F
[11:52:40.168] [JETSON-STATUS] ERROR: A5 5A 01 FE 18 01 01 68 7F
[11:52:40.168] [JETSON-STATUS] ERROR: A5 5A 01 FE 18 01 01 68 7F
[11:52:40.169] [JETSON-STATUS] ERROR: A5 5A 01 FE 18 01 01 68 7F
[11:52:40.169] [JETSON-STATUS] ERROR: A5 5A 01 FE 18 01 01 68 7F
[11:52:40.169] [JETSON-STATUS] ERROR: A5 5A 01 FE 18 01 01 68 7F
[11:52:40.170] [JETSON-STATUS] ERROR: A5 5A 01 FE 18 01 01 68 7F
[11:52:40.170] [JETSON-STATUS] ERROR: A5 5A 01 FE 18 01 01 68 7F
[11:52:40.170] [JETSON-STATUS] ERROR: A5 5A 01 FE 18 01 01 68 7F
[11:52:40.171] [JETSON-STATUS] ERROR: A5 5A 01 FE 18 01 01 68 7F
[11:52:40.171] [JETSON-STATUS] ERROR: A5 5A 01 FE 18 01 01 68 7F
[11:52:40.171] [JETSON-STATUS] ERROR: A5 5A 01 FE 18 01 01 68 7F
[11:52:40.171] [JETSON-STATUS] ERROR: A5 5A 01 FE 18 01 01 68 7F
[11:52:40.172] [JETSON-STATUS] ERROR: A5 5A 01 FE 18 01 01 68 7F
[11:52:40.172] [JETSON-STATUS] ERROR: A5 5A 01 FE 18 01 01 68 7F
[11:52:40.173] [JETSON-STATUS] ERROR: A5 5A 01 FE 18 01 01 68 7F
[11:52:40.173] [JETSON-STATUS] ERROR: A5 5A 01 FE 18 01 01 68 7F
[11:52:40.174] [JETSON-STATUS] ERROR: A5 5A 01 FE 18 01 01 68 7F
[11:52:40.174] [JETSON-STATUS] ERROR: A5 5A 01 FE 18 01 01 68 7F
[11:52:40.174] [JETSON-STATUS] ERROR: A5 5A 01 FE 18 01 01 68 7F
[11:52:40.174] [JETSON-STATUS] ERROR: A5 5A 01 FE 18 01 01 68 7F
[11:52:40.175] [JETSON-STATUS] ERROR: A5 5A 01 FE 18 01 01 68 7F
[11:52:40.175] [JETSON-STATUS] ERROR: A5 5A 01 FE 18 01 01 68 7F
[11:52:40.175] [JETSON-STATUS] ERROR: A5 5A 01 FE 18 01 01 68 7F
[11:52:40.176] [JETSON-STATUS] ERROR: A5 5A 01 FE 18 01 01 68 7F
[11:52:40.176] [JETSON-STATUS] ERROR: A5 5A 01 FE 18 01 01 68 7F
[11:52:40.176] [JETSON-STATUS] ERROR: A5 5A 01 FE 18 01 01 68 7F
[11:52:40.446] [JETSON-RX] 18 01 01 68 7F A5 5A 01 FE 18 01 01 68 7F A5 5A 01 FE 18 01 01 68 7F A5 5A 01 FE 18 01 01 68 7F A5 5A 01 FE 18 01 01 68 7F A5 5A 01 FE 18 01 01 68 7F A5 5A 01 FE 18 01 01 68 7F A5 5A 01 FE 18 01 01 68 7F A5 5A 01 FE 18 01 01 68 7F A5 5A 01 FE 18 01 01 68 7F A5 5A 01 FE 18 01 01 68 7F A5 5A 01 FE 18 01 01 68 7F A5 5A 01 FE 18 01 01 68 7F A5 5A 01 FE 18 01 01 68 7F A5 5A 01 FE 18 01 01 68 7F A5 5A 01 FE 18 01 01 68 7F A5 5A 01 FE 18 01 01 68 7F A5 5A 01 FE 18 01 01 68 7F A5 5A 01 FE 18 01 01 68 7F A5 5A 01 FE 18 01 01 68 7F A5 5A 01 FE 18 01 01 68 7F A5 5A 01 FE 18 01 01 68 7F A5 5A 01 FE 18 01 01 68 7F A5 5A 01 FE 18 01 01 68 7F A5 5A 01 FE 18 01 01 68 7F A5 5A 01 FE 18 01 01 68 7F A5 5A 01 FE 18 01 01 68 7F A5 5A 01 FE 18 01 01 68 7F A5 5A 01 FE 18 01 01 68
[11:52:40.446] [JETSON-STATUS] ERROR: A5 5A 01 FE 18 01 01 68 7F
[11:52:40.447] [JETSON-STATUS] ERROR: A5 5A 01 FE 18 01 01 68 7F
[11:52:40.447] [JETSON-STATUS] ERROR: A5 5A 01 FE 18 01 01 68 7F
[11:52:40.448] [JETSON-STATUS] ERROR: A5 5A 01 FE 18 01 01 68 7F
[11:52:40.448] [JETSON-STATUS] ERROR: A5 5A 01 FE 18 01 01 68 7F
[11:52:40.448] [JETSON-STATUS] ERROR: A5 5A 01 FE 18 01 01 68 7F
[11:52:40.449] [JETSON-STATUS] ERROR: A5 5A 01 FE 18 01 01 68 7F
[11:52:40.449] [JETSON-STATUS] ERROR: A5 5A 01 FE 18 01 01 68 7F
[11:52:40.449] [JETSON-STATUS] ERROR: A5 5A 01 FE 18 01 01 68 7F
[11:52:40.449] [JETSON-STATUS] ERROR: A5 5A 01 FE 18 01 01 68 7F
[11:52:40.451] [JETSON-STATUS] ERROR: A5 5A 01 FE 18 01 01 68 7F
[11:52:40.451] [JETSON-STATUS] ERROR: A5 5A 01 FE 18 01 01 68 7F
[11:52:40.451] [JETSON-STATUS] ERROR: A5 5A 01 FE 18 01 01 68 7F
[11:52:40.452] [JETSON-STATUS] ERROR: A5 5A 01 FE 18 01 01 68 7F
[11:52:40.453] [JETSON-STATUS] ERROR: A5 5A 01 FE 18 01 01 68 7F
[11:52:40.454] [JETSON-STATUS] ERROR: A5 5A 01 FE 18 01 01 68 7F
[11:52:40.454] [JETSON-STATUS] ERROR: A5 5A 01 FE 18 01 01 68 7F
[11:52:40.455] [JETSON-STATUS] ERROR: A5 5A 01 FE 18 01 01 68 7F
[11:52:40.455] [JETSON-STATUS] ERROR: A5 5A 01 FE 18 01 01 68 7F
[11:52:40.455] [JETSON-STATUS] ERROR: A5 5A 01 FE 18 01 01 68 7F
[11:52:40.456] [JETSON-STATUS] ERROR: A5 5A 01 FE 18 01 01 68 7F
[11:52:40.456] [JETSON-STATUS] ERROR: A5 5A 01 FE 18 01 01 68 7F
[11:52:40.456] [JETSON-STATUS] ERROR: A5 5A 01 FE 18 01 01 68 7F
[11:52:40.456] [JETSON-STATUS] ERROR: A5 5A 01 FE 18 01 01 68 7F
[11:52:40.457] [JETSON-STATUS] ERROR: A5 5A 01 FE 18 01 01 68 7F
[11:52:40.457] [JETSON-STATUS] ERROR: A5 5A 01 FE 18 01 01 68 7F
[11:52:40.457] [JETSON-STATUS] ERROR: A5 5A 01 FE 18 01 01 68 7F
[11:52:40.736] [JETSON-RX] 7F A5 5A 01 FE 18 01 01 68 7F A5 5A 01 FE 18 01 01 68 7F A5 5A 01 FE 18 01 01 68 7F A5 5A 01 FE 18 01 01 68 7F A5 5A 01 FE 18 01 01 68 7F A5 5A 01 FE 18 01 01 68 7F A5 5A 01 FE 18 01 01 68 7F A5 5A 01 FE 18 01 01 68 7F A5 5A 01 FE 18 01 01 68 7F A5 5A 01 FE 18 01 01 68 7F A5 5A 01 FE 18 01 01 68 7F A5 5A 01 FE 18 01 01 68 7F A5 5A 01 FE 18 01 01 68 7F A5 5A 01 FE 18 01 01 68 7F A5 5A 01 FE 18 01 01 68 7F A5 5A 01 FE 18 01 01 68 7F A5 5A 01 FE 18 01 01 68 7F A5 5A 01 FE 18 01 01 68 7F A5 5A 01 FE 18 01 01 68 7F A5 5A 01 FE 18 01 01 68 7F A5 5A 01 FE 18 01 01 68 7F A5 5A 01 FE 18 01 01 68 7F A5 5A 01 FE 18 01 01 68 7F A5 5A 01 FE 18 01 01 68 7F A5 5A 01 FE 18 01 01 68 7F A5 5A 01 FE 18 01 01 68 7F A5 5A 01 FE 18 01 01 68 7F A5 5A 01 FE 18 01 01 68 7F A5 5A 01
[11:52:40.736] [JETSON-STATUS] ERROR: A5 5A 01 FE 18 01 01 68 7F
[11:52:40.736] [JETSON-STATUS] ERROR: A5 5A 01 FE 18 01 01 68 7F
[11:52:40.738] [JETSON-STATUS] ERROR: A5 5A 01 FE 18 01 01 68 7F
[11:52:40.738] [JETSON-STATUS] ERROR: A5 5A 01 FE 18 01 01 68 7F
[11:52:40.738] [JETSON-STATUS] ERROR: A5 5A 01 FE 18 01 01 68 7F
[11:52:40.739] [JETSON-STATUS] ERROR: A5 5A 01 FE 18 01 01 68 7F
[11:52:40.739] [JETSON-STATUS] ERROR: A5 5A 01 FE 18 01 01 68 7F
[11:52:40.739] [JETSON-STATUS] ERROR: A5 5A 01 FE 18 01 01 68 7F
[11:52:40.740] [JETSON-STATUS] ERROR: A5 5A 01 FE 18 01 01 68 7F
[11:52:40.740] [JETSON-STATUS] ERROR: A5 5A 01 FE 18 01 01 68 7F
[11:52:40.740] [JETSON-STATUS] ERROR: A5 5A 01 FE 18 01 01 68 7F
[11:52:40.740] [JETSON-STATUS] ERROR: A5 5A 01 FE 18 01 01 68 7F
[11:52:40.741] [JETSON-STATUS] ERROR: A5 5A 01 FE 18 01 01 68 7F
[11:52:40.741] [JETSON-STATUS] ERROR: A5 5A 01 FE 18 01 01 68 7F
[11:52:40.741] [JETSON-STATUS] ERROR: A5 5A 01 FE 18 01 01 68 7F
[11:52:40.741] [JETSON-STATUS] ERROR: A5 5A 01 FE 18 01 01 68 7F
[11:52:40.742] [JETSON-STATUS] ERROR: A5 5A 01 FE 18 01 01 68 7F
[11:52:40.744] [JETSON-STATUS] ERROR: A5 5A 01 FE 18 01 01 68 7F
[11:52:40.744] [JETSON-STATUS] ERROR: A5 5A 01 FE 18 01 01 68 7F
[11:52:40.744] [JETSON-STATUS] ERROR: A5 5A 01 FE 18 01 01 68 7F
[11:52:40.745] [JETSON-STATUS] ERROR: A5 5A 01 FE 18 01 01 68 7F
[11:52:40.745] [JETSON-STATUS] ERROR: A5 5A 01 FE 18 01 01 68 7F
[11:52:40.745] [JETSON-STATUS] ERROR: A5 5A 01 FE 18 01 01 68 7F
[11:52:40.746] [JETSON-STATUS] ERROR: A5 5A 01 FE 18 01 01 68 7F
[11:52:40.746] [JETSON-STATUS] ERROR: A5 5A 01 FE 18 01 01 68 7F
[11:52:40.747] [JETSON-STATUS] ERROR: A5 5A 01 FE 18 01 01 68 7F
[11:52:40.747] [JETSON-STATUS] ERROR: A5 5A 01 FE 18 01 01 68 7F
[11:52:40.747] [JETSON-STATUS] ERROR: A5 5A 01 FE 18 01 01 68 7F
[11:52:40.747] [JETSON-STATUS] ERROR: A5 5A 01 FE 18 01 01 68 7F
[11:52:41.016] [JETSON-RX] FE 18 01 01 68 7F A5 5A 01 FE 18 01 01 68 7F A5 5A 01 FE 18 01 01 68 7F A5 5A 01 FE 18 01 01 68 7F A5 5A 01 FE 18 01 01 68 7F A5 5A 01 FE 18 01 01 68 7F A5 5A 01 FE 18 01 01 68 7F A5 5A 01 FE 18 01 01 68 7F A5 5A 01 FE 18 01 01 68 7F A5 5A 01 FE 18 01 01 68 7F A5 5A 01 FE 18 01 01 68 7F A5 5A 01 FE 18 01 01 68 7F A5 5A 01 FE 18 01 01 68 7F A5 5A 01 FE 18 01 01 68 7F A5 5A 01 FE 18 01 01 68 7F A5 5A 01 FE 18 01 01 68 7F A5 5A 01 FE 18 01 01 68 7F A5 5A 01 FE 18 01 01 68 7F A5 5A 01 FE 18 01 01 68 7F A5 5A 01 FE 18 01 01 68 7F A5 5A 01 FE 18 01 01 68 7F A5 5A 01 FE 18 01 01 68 7F A5 5A 01 FE 18 01 01 68 7F A5 5A 01 FE 18 01 01 68 7F A5 5A 01 FE 18 01 01 68 7F A5 5A 01 FE 18 01 01 68 7F A5 5A 01 FE 18 01 01 68 7F A5 5A 01 FE 18 01 01 68 7F A5 5A 01 FE 18 01 01
[11:52:41.017] [JETSON-STATUS] ERROR: A5 5A 01 FE 18 01 01 68 7F
[11:52:41.017] [JETSON-STATUS] ERROR: A5 5A 01 FE 18 01 01 68 7F
[11:52:41.018] [JETSON-STATUS] ERROR: A5 5A 01 FE 18 01 01 68 7F
[11:52:41.018] [JETSON-STATUS] ERROR: A5 5A 01 FE 18 01 01 68 7F
[11:52:41.019] [JETSON-STATUS] ERROR: A5 5A 01 FE 18 01 01 68 7F
[11:52:41.019] [JETSON-STATUS] ERROR: A5 5A 01 FE 18 01 01 68 7F
[11:52:41.019] [JETSON-STATUS] ERROR: A5 5A 01 FE 18 01 01 68 7F
[11:52:41.019] [JETSON-STATUS] ERROR: A5 5A 01 FE 18 01 01 68 7F
[11:52:41.020] [JETSON-STATUS] ERROR: A5 5A 01 FE 18 01 01 68 7F
[11:52:41.020] [JETSON-STATUS] ERROR: A5 5A 01 FE 18 01 01 68 7F
[11:52:41.020] [JETSON-STATUS] ERROR: A5 5A 01 FE 18 01 01 68 7F
[11:52:41.021] [JETSON-STATUS] ERROR: A5 5A 01 FE 18 01 01 68 7F
[11:52:41.021] [JETSON-STATUS] ERROR: A5 5A 01 FE 18 01 01 68 7F
[11:52:41.021] [JETSON-STATUS] ERROR: A5 5A 01 FE 18 01 01 68 7F
[11:52:41.021] [JETSON-STATUS] ERROR: A5 5A 01 FE 18 01 01 68 7F
[11:52:41.022] [JETSON-STATUS] ERROR: A5 5A 01 FE 18 01 01 68 7F
[11:52:41.022] [JETSON-STATUS] ERROR: A5 5A 01 FE 18 01 01 68 7F
[11:52:41.022] [JETSON-STATUS] ERROR: A5 5A 01 FE 18 01 01 68 7F
[11:52:41.022] [JETSON-STATUS] ERROR: A5 5A 01 FE 18 01 01 68 7F
[11:52:41.023] [JETSON-STATUS] ERROR: A5 5A 01 FE 18 01 01 68 7F
[11:52:41.023] [JETSON-STATUS] ERROR: A5 5A 01 FE 18 01 01 68 7F
[11:52:41.023] [JETSON-STATUS] ERROR: A5 5A 01 FE 18 01 01 68 7F
[11:52:41.023] [JETSON-STATUS] ERROR: A5 5A 01 FE 18 01 01 68 7F
[11:52:41.024] [JETSON-STATUS] ERROR: A5 5A 01 FE 18 01 01 68 7F
[11:52:41.024] [JETSON-STATUS] ERROR: A5 5A 01 FE 18 01 01 68 7F
[11:52:41.025] [JETSON-STATUS] ERROR: A5 5A 01 FE 18 01 01 68 7F
[11:52:41.025] [JETSON-STATUS] ERROR: A5 5A 01 FE 18 01 01 68 7F
[11:52:41.306] [JETSON-RX] 68 7F A5 5A 01 FE 18 01 01 68 7F A5 5A 01 FE 18 01 01 68 7F A5 5A 01 FE 18 01 01 68 7F A5 5A 01 FE 18 01 01 68 7F A5 5A 01 FE 18 01 01 68 7F A5 5A 01 FE 18 01 01 68 7F A5 5A 01 FE 18 01 01 68 7F A5 5A 01 FE 18 01 01 68 7F A5 5A 01 FE 18 01 01 68 7F A5 5A 01 FE 18 01 01 68 7F A5 5A 01 FE 18 01 01 68 7F A5 5A 01 FE 18 01 01 68 7F A5 5A 01 FE 18 01 01 68 7F A5 5A 01 FE 18 01 01 68 7F A5 5A 01 FE 18 01 01 68 7F A5 5A 01 FE 18 01 01 68 7F A5 5A 01 FE 18 01 01 68 7F A5 5A 01 FE 18 01 01 68 7F A5 5A 01 FE 18 01 01 68 7F A5 5A 01 FE 18 01 01 68 7F A5 5A 01 FE 18 01 01 68 7F A5 5A 01 FE 18 01 01 68 7F A5 5A 01 FE 18 01 01 68 7F A5 5A 01 FE 18 01 01 68 7F A5 5A 01 FE 18 01 01 68 7F A5 5A 01 FE 18 01 01 68 7F A5 5A 01 FE 18 01 01 68 7F A5 5A 01 FE 18 01 01 68 7F A5 5A
[11:52:41.307] [JETSON-STATUS] ERROR: A5 5A 01 FE 18 01 01 68 7F
[11:52:41.307] [JETSON-STATUS] ERROR: A5 5A 01 FE 18 01 01 68 7F
[11:52:41.307] [JETSON-STATUS] ERROR: A5 5A 01 FE 18 01 01 68 7F
[11:52:41.307] [JETSON-STATUS] ERROR: A5 5A 01 FE 18 01 01 68 7F
[11:52:41.308] [JETSON-STATUS] ERROR: A5 5A 01 FE 18 01 01 68 7F
[11:52:41.308] [JETSON-STATUS] ERROR: A5 5A 01 FE 18 01 01 68 7F
[11:52:41.309] [JETSON-STATUS] ERROR: A5 5A 01 FE 18 01 01 68 7F
[11:52:41.309] [JETSON-STATUS] ERROR: A5 5A 01 FE 18 01 01 68 7F
[11:52:41.310] [JETSON-STATUS] ERROR: A5 5A 01 FE 18 01 01 68 7F
[11:52:41.310] [JETSON-STATUS] ERROR: A5 5A 01 FE 18 01 01 68 7F
[11:52:41.310] [JETSON-STATUS] ERROR: A5 5A 01 FE 18 01 01 68 7F
[11:52:41.311] [JETSON-STATUS] ERROR: A5 5A 01 FE 18 01 01 68 7F
[11:52:41.311] [JETSON-STATUS] ERROR: A5 5A 01 FE 18 01 01 68 7F
[11:52:41.311] [JETSON-STATUS] ERROR: A5 5A 01 FE 18 01 01 68 7F
[11:52:41.311] [JETSON-STATUS] ERROR: A5 5A 01 FE 18 01 01 68 7F
[11:52:41.312] [JETSON-STATUS] ERROR: A5 5A 01 FE 18 01 01 68 7F
[11:52:41.312] [JETSON-STATUS] ERROR: A5 5A 01 FE 18 01 01 68 7F
[11:52:41.312] [JETSON-STATUS] ERROR: A5 5A 01 FE 18 01 01 68 7F
[11:52:41.312] [JETSON-STATUS] ERROR: A5 5A 01 FE 18 01 01 68 7F
[11:52:41.313] [JETSON-STATUS] ERROR: A5 5A 01 FE 18 01 01 68 7F
[11:52:41.313] [JETSON-STATUS] ERROR: A5 5A 01 FE 18 01 01 68 7F
[11:52:41.313] [JETSON-STATUS] ERROR: A5 5A 01 FE 18 01 01 68 7F
[11:52:41.314] [JETSON-STATUS] ERROR: A5 5A 01 FE 18 01 01 68 7F
[11:52:41.314] [JETSON-STATUS] ERROR: A5 5A 01 FE 18 01 01 68 7F
[11:52:41.314] [JETSON-STATUS] ERROR: A5 5A 01 FE 18 01 01 68 7F
[11:52:41.314] [JETSON-STATUS] ERROR: A5 5A 01 FE 18 01 01 68 7F
[11:52:41.315] [JETSON-STATUS] ERROR: A5 5A 01 FE 18 01 01 68 7F
[11:52:41.315] [JETSON-STATUS] ERROR: A5 5A 01 FE 18 01 01 68 7F
[11:52:41.586] [JETSON-RX] 01 FE 18 01 01 68 7F A5 5A 01 FE 18 01 01 68 7F A5 5A 01 FE 18 01 01 68 7F A5 5A 01 FE 18 01 01 68 7F A5 5A 01 FE 18 01 01 68 7F A5 5A 01 FE 18 01 01 68 7F A5 5A 01 FE 18 01 01 68 7F A5 5A 01 FE 18 01 01 68 7F A5 5A 01 FE 18 01 01 68 7F A5 5A 01 FE 18 01 01 68 7F A5 5A 01 FE 18 01 01 68 7F A5 5A 01 FE 18 01 01 68 7F A5 5A 01 FE 18 01 01 68 7F A5 5A 01 FE 18 01 01 68 7F A5 5A 01 FE 18 01 01 68 7F A5 5A 01 FE 18 01 01 68 7F A5 5A 01 FE 18 01 01 68 7F A5 5A 01 FE 18 01 01 68 7F A5 5A 01 FE 18 01 01 68 7F A5 5A 01 FE 18 01 01 68 7F A5 5A 01 FE 18 01 01 68 7F A5 5A 01 FE 18 01 01 68 7F A5 5A 01 FE 18 01 01 68 7F A5 5A 01 FE 18 01 01 68 7F A5 5A 01 FE 18 01 01 68 7F A5 5A 01 FE 18 01 01 68 7F A5 5A 01 FE 18 01 01 68 7F A5 5A 01 FE 18 01 01 68 7F A5 5A 01 FE 18 01
[11:52:41.587] [JETSON-STATUS] ERROR: A5 5A 01 FE 18 01 01 68 7F
[11:52:41.587] [JETSON-STATUS] ERROR: A5 5A 01 FE 18 01 01 68 7F
[11:52:41.589] [JETSON-STATUS] ERROR: A5 5A 01 FE 18 01 01 68 7F
[11:52:41.589] [JETSON-STATUS] ERROR: A5 5A 01 FE 18 01 01 68 7F
[11:52:41.589] [JETSON-STATUS] ERROR: A5 5A 01 FE 18 01 01 68 7F
[11:52:41.590] [JETSON-STATUS] ERROR: A5 5A 01 FE 18 01 01 68 7F
[11:52:41.590] [JETSON-STATUS] ERROR: A5 5A 01 FE 18 01 01 68 7F
[11:52:41.590] [JETSON-STATUS] ERROR: A5 5A 01 FE 18 01 01 68 7F
[11:52:41.591] [JETSON-STATUS] ERROR: A5 5A 01 FE 18 01 01 68 7F
[11:52:41.591] [JETSON-STATUS] ERROR: A5 5A 01 FE 18 01 01 68 7F
[11:52:41.591] [JETSON-STATUS] ERROR: A5 5A 01 FE 18 01 01 68 7F
[11:52:41.592] [JETSON-STATUS] ERROR: A5 5A 01 FE 18 01 01 68 7F
[11:52:41.592] [JETSON-STATUS] ERROR: A5 5A 01 FE 18 01 01 68 7F
[11:52:41.592] [JETSON-STATUS] ERROR: A5 5A 01 FE 18 01 01 68 7F
[11:52:41.592] [JETSON-STATUS] ERROR: A5 5A 01 FE 18 01 01 68 7F
[11:52:41.593] [JETSON-STATUS] ERROR: A5 5A 01 FE 18 01 01 68 7F
[11:52:41.593] [JETSON-STATUS] ERROR: A5 5A 01 FE 18 01 01 68 7F
[11:52:41.593] [JETSON-STATUS] ERROR: A5 5A 01 FE 18 01 01 68 7F
[11:52:41.594] [JETSON-STATUS] ERROR: A5 5A 01 FE 18 01 01 68 7F
[11:52:41.594] [JETSON-STATUS] ERROR: A5 5A 01 FE 18 01 01 68 7F
[11:52:41.594] [JETSON-STATUS] ERROR: A5 5A 01 FE 18 01 01 68 7F
[11:52:41.594] [JETSON-STATUS] ERROR: A5 5A 01 FE 18 01 01 68 7F
[11:52:41.595] [JETSON-STATUS] ERROR: A5 5A 01 FE 18 01 01 68 7F
[11:52:41.596] [JETSON-STATUS] ERROR: A5 5A 01 FE 18 01 01 68 7F
[11:52:41.596] [JETSON-STATUS] ERROR: A5 5A 01 FE 18 01 01 68 7F
[11:52:41.596] [JETSON-STATUS] ERROR: A5 5A 01 FE 18 01 01 68 7F
[11:52:41.596] [JETSON-STATUS] ERROR: A5 5A 01 FE 18 01 01 68 7F
[11:52:41.875] [JETSON-RX] 01 68 7F A5 5A 01 FE 18 01 01 68 7F A5 5A 01 FE 18 01 01 68 7F A5 5A 01 FE 18 01 01 68 7F A5 5A 01 FE 18 01 01 68 7F A5 5A 01 FE 18 01 01 68 7F A5 5A 01 FE 18 01 01 68 7F A5 5A 01 FE 18 01 01 68 7F A5 5A 01 FE 18 01 01 68 7F A5 5A 01 FE 18 01 01 68 7F A5 5A 01 FE 18 01 01 68 7F A5 5A 01 FE 18 01 01 68 7F A5 5A 01 FE 18 01 01 68 7F A5 5A 01 FE 18 01 01 68 7F A5 5A 01 FE 18 01 01 68 7F A5 5A 01 FE 18 01 01 68 7F A5 5A 01 FE 18 01 01 68 7F A5 5A 01 FE 18 01 01 68 7F A5 5A 01 FE 18 01 01 68 7F A5 5A 01 FE 18 01 01 68 7F A5 5A 01 FE 18 01 01 68 7F A5 5A 01 FE 18 01 01 68 7F A5 5A 01 FE 18 01 01 68 7F A5 5A 01 FE 18 01 01 68 7F A5 5A 01 FE 18 01 01 68 7F A5 5A 01 FE 18 01 01 68 7F A5 5A 01 FE 18 01 01 68 7F A5 5A 01 FE 18 01 01 68 7F A5 5A 01 FE 18 01 01 68 7F A5
[11:52:41.877] [JETSON-STATUS] ERROR: A5 5A 01 FE 18 01 01 68 7F
[11:52:41.877] [JETSON-STATUS] ERROR: A5 5A 01 FE 18 01 01 68 7F
[11:52:41.878] [JETSON-STATUS] ERROR: A5 5A 01 FE 18 01 01 68 7F
[11:52:41.878] [JETSON-STATUS] ERROR: A5 5A 01 FE 18 01 01 68 7F
[11:52:41.878] [JETSON-STATUS] ERROR: A5 5A 01 FE 18 01 01 68 7F
[11:52:41.879] [JETSON-STATUS] ERROR: A5 5A 01 FE 18 01 01 68 7F
[11:52:41.879] [JETSON-STATUS] ERROR: A5 5A 01 FE 18 01 01 68 7F
[11:52:41.879] [JETSON-STATUS] ERROR: A5 5A 01 FE 18 01 01 68 7F
[11:52:41.880] [JETSON-STATUS] ERROR: A5 5A 01 FE 18 01 01 68 7F
[11:52:41.880] [JETSON-STATUS] ERROR: A5 5A 01 FE 18 01 01 68 7F
[11:52:41.880] [JETSON-STATUS] ERROR: A5 5A 01 FE 18 01 01 68 7F
[11:52:41.880] [JETSON-STATUS] ERROR: A5 5A 01 FE 18 01 01 68 7F
[11:52:41.880] [JETSON-STATUS] ERROR: A5 5A 01 FE 18 01 01 68 7F
[11:52:41.880] [JETSON-STATUS] ERROR: A5 5A 01 FE 18 01 01 68 7F
[11:52:41.881] [JETSON-STATUS] ERROR: A5 5A 01 FE 18 01 01 68 7F
[11:52:41.881] [JETSON-STATUS] ERROR: A5 5A 01 FE 18 01 01 68 7F
[11:52:41.881] [JETSON-STATUS] ERROR: A5 5A 01 FE 18 01 01 68 7F
[11:52:41.882] [JETSON-STATUS] ERROR: A5 5A 01 FE 18 01 01 68 7F
[11:52:41.882] [JETSON-STATUS] ERROR: A5 5A 01 FE 18 01 01 68 7F
[11:52:41.882] [JETSON-STATUS] ERROR: A5 5A 01 FE 18 01 01 68 7F
[11:52:41.882] [JETSON-STATUS] ERROR: A5 5A 01 FE 18 01 01 68 7F
[11:52:41.883] [JETSON-STATUS] ERROR: A5 5A 01 FE 18 01 01 68 7F
[11:52:41.883] [JETSON-STATUS] ERROR: A5 5A 01 FE 18 01 01 68 7F
[11:52:41.883] [JETSON-STATUS] ERROR: A5 5A 01 FE 18 01 01 68 7F
[11:52:41.884] [JETSON-STATUS] ERROR: A5 5A 01 FE 18 01 01 68 7F
[11:52:41.884] [JETSON-STATUS] ERROR: A5 5A 01 FE 18 01 01 68 7F
[11:52:41.884] [JETSON-STATUS] ERROR: A5 5A 01 FE 18 01 01 68 7F
[11:52:41.886] [JETSON-STATUS] ERROR: A5 5A 01 FE 18 01 01 68 7F
[11:52:42.156] [JETSON-RX] 5A 01 FE 18 01 01 68 7F A5 5A 01 FE 18 01 01 68 7F A5 5A 01 FE 18 01 01 68 7F A5 5A 01 FE 18 01 01 68 7F A5 5A 01 FE 18 01 01 68 7F A5 5A 01 FE 18 01 01 68 7F A5 5A 01 FE 18 01 01 68 7F A5 5A 01 FE 18 01 01 68 7F A5 5A 01 FE 18 01 01 68 7F A5 5A 01 FE 18 01 01 68 7F A5 5A 01 FE 18 01 01 68 7F A5 5A 01 FE 18 01 01 68 7F A5 5A 01 FE 18 01 01 68 7F A5 5A 01 FE 18 01 01 68 7F A5 5A 01 FE 18 01 01 68 7F A5 5A 01 FE 18 01 01 68 7F A5 5A 01 FE 18 01 01 68 7F A5 5A 01 FE 18 01 01 68 7F A5 5A 01 FE 18 01 01 68 7F A5 5A 01 FE 18 01 01 68 7F A5 5A 01 FE 18 01 01 68 7F A5 5A 01 FE 18 01 01 68 7F A5 5A 01 FE 18 01 01 68 7F A5 5A 01 FE 18 01 01 68 7F A5 5A 01 FE 18 01 01 68 7F A5 5A 01 FE 18 01 01 68 7F A5 5A 01 FE 18 01 01 68 7F A5 5A 01 FE 18 01 01 68 7F A5 5A 01 FE 18
[11:52:42.157] [JETSON-STATUS] ERROR: A5 5A 01 FE 18 01 01 68 7F
[11:52:42.157] [JETSON-STATUS] ERROR: A5 5A 01 FE 18 01 01 68 7F
[11:52:42.157] [JETSON-STATUS] ERROR: A5 5A 01 FE 18 01 01 68 7F
[11:52:42.158] [JETSON-STATUS] ERROR: A5 5A 01 FE 18 01 01 68 7F
[11:52:42.158] [JETSON-STATUS] ERROR: A5 5A 01 FE 18 01 01 68 7F
[11:52:42.158] [JETSON-STATUS] ERROR: A5 5A 01 FE 18 01 01 68 7F
[11:52:42.158] [JETSON-STATUS] ERROR: A5 5A 01 FE 18 01 01 68 7F
[11:52:42.159] [JETSON-STATUS] ERROR: A5 5A 01 FE 18 01 01 68 7F
[11:52:42.159] [JETSON-STATUS] ERROR: A5 5A 01 FE 18 01 01 68 7F
[11:52:42.159] [JETSON-STATUS] ERROR: A5 5A 01 FE 18 01 01 68 7F
[11:52:42.160] [JETSON-STATUS] ERROR: A5 5A 01 FE 18 01 01 68 7F
[11:52:42.160] [JETSON-STATUS] ERROR: A5 5A 01 FE 18 01 01 68 7F
[11:52:42.160] [JETSON-STATUS] ERROR: A5 5A 01 FE 18 01 01 68 7F
[11:52:42.160] [JETSON-STATUS] ERROR: A5 5A 01 FE 18 01 01 68 7F
[11:52:42.161] [JETSON-STATUS] ERROR: A5 5A 01 FE 18 01 01 68 7F
[11:52:42.161] [JETSON-STATUS] ERROR: A5 5A 01 FE 18 01 01 68 7F
[11:52:42.161] [JETSON-STATUS] ERROR: A5 5A 01 FE 18 01 01 68 7F
[11:52:42.161] [JETSON-STATUS] ERROR: A5 5A 01 FE 18 01 01 68 7F
[11:52:42.163] [JETSON-STATUS] ERROR: A5 5A 01 FE 18 01 01 68 7F
[11:52:42.163] [JETSON-STATUS] ERROR: A5 5A 01 FE 18 01 01 68 7F
[11:52:42.163] [JETSON-STATUS] ERROR: A5 5A 01 FE 18 01 01 68 7F
[11:52:42.163] [JETSON-STATUS] ERROR: A5 5A 01 FE 18 01 01 68 7F
[11:52:42.164] [JETSON-STATUS] ERROR: A5 5A 01 FE 18 01 01 68 7F
[11:52:42.164] [JETSON-STATUS] ERROR: A5 5A 01 FE 18 01 01 68 7F
[11:52:42.164] [JETSON-STATUS] ERROR: A5 5A 01 FE 18 01 01 68 7F
[11:52:42.165] [JETSON-STATUS] ERROR: A5 5A 01 FE 18 01 01 68 7F
[11:52:42.165] [JETSON-STATUS] ERROR: A5 5A 01 FE 18 01 01 68 7F
[11:52:42.436] [JETSON-RX] 01 01 68 7F A5 5A 01 FE 18 01 01 68 7F A5 5A 01 FE 18 01 01 68 7F A5 5A 01 FE 18 01 01 68 7F A5 5A 01 FE 18 01 01 68 7F A5 5A 01 FE 18 01 01 68 7F A5 5A 01 FE 18 01 01 68 7F A5 5A 01 FE 18 01 01 68 7F A5 5A 01 FE 18 01 01 68 7F A5 5A 01 FE 18 01 01 68 7F A5 5A 01 FE 18 01 01 68 7F A5 5A 01 FE 18 01 01 68 7F A5 5A 01 FE 18 01 01 68 7F A5 5A 01 FE 18 01 01 68 7F A5 5A 01 FE 18 01 01 68 7F A5 5A 01 FE 18 01 01 68 7F A5 5A 01 FE 18 01 01 68 7F A5 5A 01 FE 18 01 01 68 7F A5 5A 01 FE 18 01 01 68 7F A5 5A 01 FE 18 01 01 68 7F A5 5A 01 FE 18 01 01 68 7F A5 5A 01 FE 18 01 01 68 7F A5 5A 01 FE 18 01 01 68 7F A5 5A 01 FE 18 01 01 68 7F A5 5A 01 FE 18 01 01 68 7F A5 5A 01 FE 18 01 01 68 7F A5 5A 01 FE 18 01 01 68 7F A5 5A 01 FE 18 01 01 68 7F A5 5A 01 FE 18 01 01 68 7F
[11:52:42.437] [JETSON-STATUS] ERROR: A5 5A 01 FE 18 01 01 68 7F
[11:52:42.437] [JETSON-STATUS] ERROR: A5 5A 01 FE 18 01 01 68 7F
[11:52:42.437] [JETSON-STATUS] ERROR: A5 5A 01 FE 18 01 01 68 7F
[11:52:42.438] [JETSON-STATUS] ERROR: A5 5A 01 FE 18 01 01 68 7F
[11:52:42.438] [JETSON-STATUS] ERROR: A5 5A 01 FE 18 01 01 68 7F
[11:52:42.438] [JETSON-STATUS] ERROR: A5 5A 01 FE 18 01 01 68 7F
[11:52:42.438] [JETSON-STATUS] ERROR: A5 5A 01 FE 18 01 01 68 7F
[11:52:42.439] [JETSON-STATUS] ERROR: A5 5A 01 FE 18 01 01 68 7F
[11:52:42.439] [JETSON-STATUS] ERROR: A5 5A 01 FE 18 01 01 68 7F
[11:52:42.439] [JETSON-STATUS] ERROR: A5 5A 01 FE 18 01 01 68 7F
[11:52:42.439] [JETSON-STATUS] ERROR: A5 5A 01 FE 18 01 01 68 7F
[11:52:42.440] [JETSON-STATUS] ERROR: A5 5A 01 FE 18 01 01 68 7F
[11:52:42.440] [JETSON-STATUS] ERROR: A5 5A 01 FE 18 01 01 68 7F
[11:52:42.440] [JETSON-STATUS] ERROR: A5 5A 01 FE 18 01 01 68 7F
[11:52:42.440] [JETSON-STATUS] ERROR: A5 5A 01 FE 18 01 01 68 7F
[11:52:42.441] [JETSON-STATUS] ERROR: A5 5A 01 FE 18 01 01 68 7F
[11:52:42.441] [JETSON-STATUS] ERROR: A5 5A 01 FE 18 01 01 68 7F
[11:52:42.441] [JETSON-STATUS] ERROR: A5 5A 01 FE 18 01 01 68 7F
[11:52:42.442] [JETSON-STATUS] ERROR: A5 5A 01 FE 18 01 01 68 7F
[11:52:42.442] [JETSON-STATUS] ERROR: A5 5A 01 FE 18 01 01 68 7F
[11:52:42.442] [JETSON-STATUS] ERROR: A5 5A 01 FE 18 01 01 68 7F
[11:52:42.443] [JETSON-STATUS] ERROR: A5 5A 01 FE 18 01 01 68 7F
[11:52:42.443] [JETSON-STATUS] ERROR: A5 5A 01 FE 18 01 01 68 7F
[11:52:42.443] [JETSON-STATUS] ERROR: A5 5A 01 FE 18 01 01 68 7F
[11:52:42.443] [JETSON-STATUS] ERROR: A5 5A 01 FE 18 01 01 68 7F
[11:52:42.444] [JETSON-STATUS] ERROR: A5 5A 01 FE 18 01 01 68 7F
[11:52:42.444] [JETSON-STATUS] ERROR: A5 5A 01 FE 18 01 01 68 7F
[11:52:42.445] [JETSON-STATUS] ERROR: A5 5A 01 FE 18 01 01 68 7F
[11:52:42.727] [JETSON-RX] A5 5A 01 FE 18 01 01 68 7F A5 5A 01 FE 18 01 01 68 7F A5 5A 01 FE 18 01 01 68 7F A5 5A 01 FE 18 01 01 68 7F A5 5A 01 FE 18 01 01 68 7F A5 5A 01 FE 18 01 01 68 7F A5 5A 01 FE 18 01 01 68 7F A5 5A 01 FE 18 01 01 68 7F A5 5A 01 FE 18 01 01 68 7F A5 5A 01 FE 18 01 01 68 7F A5 5A 01 FE 18 01 01 68 7F A5 5A 01 FE 18 01 01 68 7F A5 5A 01 FE 18 01 01 68 7F A5 5A 01 FE 18 01 01 68 7F A5 5A 01 FE 18 01 01 68 7F A5 5A 01 FE 18 01 01 68 7F A5 5A 01 FE 18 01 01 68 7F A5 5A 01 FE 18 01 01 68 7F A5 5A 01 FE 18 01 01 68 7F A5 5A 01 FE 18 01 01 68 7F A5 5A 01 FE 18 01 01 68 7F A5 5A 01 FE 18 01 01 68 7F A5 5A 01 FE 18 01 01 68 7F A5 5A 01 FE 18 01 01 68 7F A5 5A 01 FE 18 01 01 68 7F A5 5A 01 FE 18 01 01 68 7F A5 5A 01 FE 18 01 01 68 7F A5 5A 01 FE 18 01 01 68 7F A5 5A 01 FE
[11:52:42.727] [JETSON-STATUS] ERROR: A5 5A 01 FE 18 01 01 68 7F
[11:52:42.727] [JETSON-STATUS] ERROR: A5 5A 01 FE 18 01 01 68 7F
[11:52:42.728] [JETSON-STATUS] ERROR: A5 5A 01 FE 18 01 01 68 7F
[11:52:42.728] [JETSON-STATUS] ERROR: A5 5A 01 FE 18 01 01 68 7F
[11:52:42.729] [JETSON-STATUS] ERROR: A5 5A 01 FE 18 01 01 68 7F
[11:52:42.729] [JETSON-STATUS] ERROR: A5 5A 01 FE 18 01 01 68 7F
[11:52:42.729] [JETSON-STATUS] ERROR: A5 5A 01 FE 18 01 01 68 7F
[11:52:42.729] [JETSON-STATUS] ERROR: A5 5A 01 FE 18 01 01 68 7F
[11:52:42.730] [JETSON-STATUS] ERROR: A5 5A 01 FE 18 01 01 68 7F
[11:52:42.730] [JETSON-STATUS] ERROR: A5 5A 01 FE 18 01 01 68 7F
[11:52:42.730] [JETSON-STATUS] ERROR: A5 5A 01 FE 18 01 01 68 7F
[11:52:42.731] [JETSON-STATUS] ERROR: A5 5A 01 FE 18 01 01 68 7F
[11:52:42.732] [JETSON-STATUS] ERROR: A5 5A 01 FE 18 01 01 68 7F
[11:52:42.732] [JETSON-STATUS] ERROR: A5 5A 01 FE 18 01 01 68 7F
[11:52:42.733] [JETSON-STATUS] ERROR: A5 5A 01 FE 18 01 01 68 7F
[11:52:42.733] [JETSON-STATUS] ERROR: A5 5A 01 FE 18 01 01 68 7F
[11:52:42.734] [JETSON-STATUS] ERROR: A5 5A 01 FE 18 01 01 68 7F
[11:52:42.734] [JETSON-STATUS] ERROR: A5 5A 01 FE 18 01 01 68 7F
[11:52:42.734] [JETSON-STATUS] ERROR: A5 5A 01 FE 18 01 01 68 7F
[11:52:42.734] [JETSON-STATUS] ERROR: A5 5A 01 FE 18 01 01 68 7F
[11:52:42.736] [JETSON-STATUS] ERROR: A5 5A 01 FE 18 01 01 68 7F
[11:52:42.736] [JETSON-STATUS] ERROR: A5 5A 01 FE 18 01 01 68 7F
[11:52:42.736] [JETSON-STATUS] ERROR: A5 5A 01 FE 18 01 01 68 7F
[11:52:42.736] [JETSON-STATUS] ERROR: A5 5A 01 FE 18 01 01 68 7F
[11:52:42.737] [JETSON-STATUS] ERROR: A5 5A 01 FE 18 01 01 68 7F
[11:52:42.737] [JETSON-STATUS] ERROR: A5 5A 01 FE 18 01 01 68 7F
[11:52:42.737] [JETSON-STATUS] ERROR: A5 5A 01 FE 18 01 01 68 7F
[11:52:42.738] [JETSON-STATUS] ERROR: A5 5A 01 FE 18 01 01 68 7F
[11:52:43.006] [JETSON-RX] 18 01 01 68 7F A5 5A 01 FE 18 01 01 68 7F A5 5A 01 FE 18 01 01 68 7F A5 5A 01 FE 18 01 01 68 7F A5 5A 01 FE 18 01 01 68 7F A5 5A 01 FE 18 01 01 68 7F A5 5A 01 FE 18 01 01 68 7F A5 5A 01 FE 18 01 01 68 7F A5 5A 01 FE 18 01 01 68 7F A5 5A 01 FE 18 01 01 68 7F A5 5A 01 FE 18 01 01 68 7F A5 5A 01 FE 18 01 01 68 7F A5 5A 01 FE 18 01 01 68 7F A5 5A 01 FE 18 01 01 68 7F A5 5A 01 FE 18 01 01 68 7F A5 5A 01 FE 18 01 01 68 7F A5 5A 01 FE 18 01 01 68 7F A5 5A 01 FE 18 01 01 68 7F A5 5A 01 FE 18 01 01 68 7F A5 5A 01 FE 18 01 01 68 7F A5 5A 01 FE 18 01 01 68 7F A5 5A 01 FE 18 01 01 68 7F A5 5A 01 FE 18 01 01 68 7F A5 5A 01 FE 18 01 01 68 7F A5 5A 01 FE 18 01 01 68 7F A5 5A 01 FE 18 01 01 68 7F A5 5A 01 FE 18 01 01 68 7F A5 5A 01 FE 18 01 01 68 7F A5 5A 01 FE 18 01 01 68
[11:52:43.007] [JETSON-STATUS] ERROR: A5 5A 01 FE 18 01 01 68 7F
[11:52:43.007] [JETSON-STATUS] ERROR: A5 5A 01 FE 18 01 01 68 7F
[11:52:43.007] [JETSON-STATUS] ERROR: A5 5A 01 FE 18 01 01 68 7F
[11:52:43.008] [JETSON-STATUS] ERROR: A5 5A 01 FE 18 01 01 68 7F
[11:52:43.008] [JETSON-STATUS] ERROR: A5 5A 01 FE 18 01 01 68 7F
[11:52:43.008] [JETSON-STATUS] ERROR: A5 5A 01 FE 18 01 01 68 7F
[11:52:43.008] [JETSON-STATUS] ERROR: A5 5A 01 FE 18 01 01 68 7F
[11:52:43.009] [JETSON-STATUS] ERROR: A5 5A 01 FE 18 01 01 68 7F
[11:52:43.009] [JETSON-STATUS] ERROR: A5 5A 01 FE 18 01 01 68 7F
[11:52:43.009] [JETSON-STATUS] ERROR: A5 5A 01 FE 18 01 01 68 7F
[11:52:43.011] [JETSON-STATUS] ERROR: A5 5A 01 FE 18 01 01 68 7F
[11:52:43.011] [JETSON-STATUS] ERROR: A5 5A 01 FE 18 01 01 68 7F
[11:52:43.012] [JETSON-STATUS] ERROR: A5 5A 01 FE 18 01 01 68 7F
[11:52:43.012] [JETSON-STATUS] ERROR: A5 5A 01 FE 18 01 01 68 7F
[11:52:43.012] [JETSON-STATUS] ERROR: A5 5A 01 FE 18 01 01 68 7F
[11:52:43.012] [JETSON-STATUS] ERROR: A5 5A 01 FE 18 01 01 68 7F
[11:52:43.013] [JETSON-STATUS] ERROR: A5 5A 01 FE 18 01 01 68 7F
[11:52:43.013] [JETSON-STATUS] ERROR: A5 5A 01 FE 18 01 01 68 7F
[11:52:43.013] [JETSON-STATUS] ERROR: A5 5A 01 FE 18 01 01 68 7F
[11:52:43.013] [JETSON-STATUS] ERROR: A5 5A 01 FE 18 01 01 68 7F
[11:52:43.014] [JETSON-STATUS] ERROR: A5 5A 01 FE 18 01 01 68 7F
[11:52:43.014] [JETSON-STATUS] ERROR: A5 5A 01 FE 18 01 01 68 7F
[11:52:43.015] [JETSON-STATUS] ERROR: A5 5A 01 FE 18 01 01 68 7F
[11:52:43.015] [JETSON-STATUS] ERROR: A5 5A 01 FE 18 01 01 68 7F
[11:52:43.016] [JETSON-STATUS] ERROR: A5 5A 01 FE 18 01 01 68 7F
[11:52:43.016] [JETSON-STATUS] ERROR: A5 5A 01 FE 18 01 01 68 7F
[11:52:43.016] [JETSON-STATUS] ERROR: A5 5A 01 FE 18 01 01 68 7F
[11:52:43.296] [JETSON-RX] 7F A5 5A 01 FE 18 01 01 68 7F A5 5A 01 FE 18 01 01 68 7F A5 5A 01 FE 18 01 01 68 7F A5 5A 01 FE 18 01 01 68 7F A5 5A 01 FE 18 01 01 68 7F A5 5A 01 FE 18 01 01 68 7F A5 5A 01 FE 18 01 01 68 7F A5 5A 01 FE 18 01 01 68 7F A5 5A 01 FE 18 01 01 68 7F A5 5A 01 FE 18 01 01 68 7F A5 5A 01 FE 18 01 01 68 7F A5 5A 01 FE 18 01 01 68 7F A5 5A 01 FE 18 01 01 68 7F A5 5A 01 FE 18 01 01 68 7F A5 5A 01 FE 18 01 01 68 7F A5 5A 01 FE 18 01 01 68 7F A5 5A 01 FE 18 01 01 68 7F A5 5A 01 FE 18 01 01 68 7F A5 5A 01 FE 18 01 01 68 7F A5 5A 01 FE 18 01 01 68 7F A5 5A 01 FE 18 01 01 68 7F A5 5A 01 FE 18 01 01 68 7F A5 5A 01 FE 18 01 01 68 7F A5 5A 01 FE 18 01 01 68 7F A5 5A 01 FE 18 01 01 68 7F A5 5A 01 FE 18 01 01 68 7F A5 5A 01 FE 18 01 01 68 7F A5 5A 01 FE 18 01 01 68 7F A5 5A 01
[11:52:43.296] [JETSON-STATUS] ERROR: A5 5A 01 FE 18 01 01 68 7F
[11:52:43.297] [JETSON-STATUS] ERROR: A5 5A 01 FE 18 01 01 68 7F
[11:52:43.297] [JETSON-STATUS] ERROR: A5 5A 01 FE 18 01 01 68 7F
[11:52:43.299] [JETSON-STATUS] ERROR: A5 5A 01 FE 18 01 01 68 7F
[11:52:43.299] [JETSON-STATUS] ERROR: A5 5A 01 FE 18 01 01 68 7F
[11:52:43.299] [JETSON-STATUS] ERROR: A5 5A 01 FE 18 01 01 68 7F
[11:52:43.300] [JETSON-STATUS] ERROR: A5 5A 01 FE 18 01 01 68 7F
[11:52:43.300] [JETSON-STATUS] ERROR: A5 5A 01 FE 18 01 01 68 7F
[11:52:43.300] [JETSON-STATUS] ERROR: A5 5A 01 FE 18 01 01 68 7F
[11:52:43.301] [JETSON-STATUS] ERROR: A5 5A 01 FE 18 01 01 68 7F
[11:52:43.301] [JETSON-STATUS] ERROR: A5 5A 01 FE 18 01 01 68 7F
[11:52:43.301] [JETSON-STATUS] ERROR: A5 5A 01 FE 18 01 01 68 7F
[11:52:43.301] [JETSON-STATUS] ERROR: A5 5A 01 FE 18 01 01 68 7F
[11:52:43.301] [JETSON-STATUS] ERROR: A5 5A 01 FE 18 01 01 68 7F
[11:52:43.302] [JETSON-STATUS] ERROR: A5 5A 01 FE 18 01 01 68 7F
[11:52:43.302] [JETSON-STATUS] ERROR: A5 5A 01 FE 18 01 01 68 7F
[11:52:43.303] [JETSON-STATUS] ERROR: A5 5A 01 FE 18 01 01 68 7F
[11:52:43.303] [JETSON-STATUS] ERROR: A5 5A 01 FE 18 01 01 68 7F
[11:52:43.303] [JETSON-STATUS] ERROR: A5 5A 01 FE 18 01 01 68 7F
[11:52:43.303] [JETSON-STATUS] ERROR: A5 5A 01 FE 18 01 01 68 7F
[11:52:43.305] [JETSON-STATUS] ERROR: A5 5A 01 FE 18 01 01 68 7F
[11:52:43.305] [JETSON-STATUS] ERROR: A5 5A 01 FE 18 01 01 68 7F
[11:52:43.306] [JETSON-STATUS] ERROR: A5 5A 01 FE 18 01 01 68 7F
[11:52:43.306] [JETSON-STATUS] ERROR: A5 5A 01 FE 18 01 01 68 7F
[11:52:43.307] [JETSON-STATUS] ERROR: A5 5A 01 FE 18 01 01 68 7F
[11:52:43.307] [JETSON-STATUS] ERROR: A5 5A 01 FE 18 01 01 68 7F
[11:52:43.307] [JETSON-STATUS] ERROR: A5 5A 01 FE 18 01 01 68 7F
[11:52:43.308] [JETSON-STATUS] ERROR: A5 5A 01 FE 18 01 01 68 7F
[11:52:43.308] [JETSON-STATUS] ERROR: A5 5A 01 FE 18 01 01 68 7F
[11:52:43.576] [JETSON-RX] FE 18 01 01 68 7F A5 5A 01 FE 18 01 01 68 7F A5 5A 01 FE 18 01 01 68 7F A5 5A 01 FE 18 01 01 68 7F A5 5A 01 FE 18 01 01 68 7F A5 5A 01 FE 18 01 01 68 7F A5 5A 01 FE 18 01 01 68 7F A5 5A 01 FE 18 01 01 68 7F A5 5A 01 FE 18 01 01 68 7F A5 5A 01 FE 18 01 01 68 7F A5 5A 01 FE 18 01 01 68 7F A5 5A 01 FE 18 01 01 68 7F A5 5A 01 FE 18 01 01 68 7F A5 5A 01 FE 18 01 01 68 7F A5 5A 01 FE 18 01 01 68 7F A5 5A 01 FE 18 01 01 68 7F A5 5A 01 FE 18 01 01 68 7F A5 5A 01 FE 18 01 01 68 7F A5 5A 01 FE 18 01 01 68 7F A5 5A 01 FE 18 01 01 68 7F A5 5A 01 FE 18 01 01 68 7F A5 5A 01 FE 18 01 01 68 7F A5 5A 01 FE 18 01 01 68 7F A5 5A 01 FE 18 01 01 68 7F A5 5A 01 FE 18 01 01 68 7F A5 5A 01 FE 18 01 01 68 7F A5 5A 01 FE 18 01 01 68 7F A5 5A 01 FE 18 01 01 68 7F A5 5A 01 FE 18 01 01
[11:52:43.577] [JETSON-STATUS] ERROR: A5 5A 01 FE 18 01 01 68 7F
[11:52:43.577] [JETSON-STATUS] ERROR: A5 5A 01 FE 18 01 01 68 7F
[11:52:43.578] [JETSON-STATUS] ERROR: A5 5A 01 FE 18 01 01 68 7F
[11:52:43.578] [JETSON-STATUS] ERROR: A5 5A 01 FE 18 01 01 68 7F
[11:52:43.578] [JETSON-STATUS] ERROR: A5 5A 01 FE 18 01 01 68 7F
[11:52:43.579] [JETSON-STATUS] ERROR: A5 5A 01 FE 18 01 01 68 7F
[11:52:43.579] [JETSON-STATUS] ERROR: A5 5A 01 FE 18 01 01 68 7F
[11:52:43.579] [JETSON-STATUS] ERROR: A5 5A 01 FE 18 01 01 68 7F
[11:52:43.579] [JETSON-STATUS] ERROR: A5 5A 01 FE 18 01 01 68 7F
[11:52:43.580] [JETSON-STATUS] ERROR: A5 5A 01 FE 18 01 01 68 7F
[11:52:43.580] [JETSON-STATUS] ERROR: A5 5A 01 FE 18 01 01 68 7F
[11:52:43.581] [JETSON-STATUS] ERROR: A5 5A 01 FE 18 01 01 68 7F
[11:52:43.581] [JETSON-STATUS] ERROR: A5 5A 01 FE 18 01 01 68 7F
[11:52:43.581] [JETSON-STATUS] ERROR: A5 5A 01 FE 18 01 01 68 7F
[11:52:43.582] [JETSON-STATUS] ERROR: A5 5A 01 FE 18 01 01 68 7F
[11:52:43.582] [JETSON-STATUS] ERROR: A5 5A 01 FE 18 01 01 68 7F
[11:52:43.582] [JETSON-STATUS] ERROR: A5 5A 01 FE 18 01 01 68 7F
[11:52:43.583] [JETSON-STATUS] ERROR: A5 5A 01 FE 18 01 01 68 7F
[11:52:43.583] [JETSON-STATUS] ERROR: A5 5A 01 FE 18 01 01 68 7F
[11:52:43.583] [JETSON-STATUS] ERROR: A5 5A 01 FE 18 01 01 68 7F
[11:52:43.583] [JETSON-STATUS] ERROR: A5 5A 01 FE 18 01 01 68 7F
[11:52:43.584] [JETSON-STATUS] ERROR: A5 5A 01 FE 18 01 01 68 7F
[11:52:43.584] [JETSON-STATUS] ERROR: A5 5A 01 FE 18 01 01 68 7F
[11:52:43.584] [JETSON-STATUS] ERROR: A5 5A 01 FE 18 01 01 68 7F
[11:52:43.584] [JETSON-STATUS] ERROR: A5 5A 01 FE 18 01 01 68 7F
[11:52:43.586] [JETSON-STATUS] ERROR: A5 5A 01 FE 18 01 01 68 7F
[11:52:43.586] [JETSON-STATUS] ERROR: A5 5A 01 FE 18 01 01 68 7F
[11:52:43.866] [JETSON-RX] 68 7F A5 5A 01 FE 18 01 01 68 7F A5 5A 01 FE 18 01 01 68 7F A5 5A 01 FE 18 01 01 68 7F A5 5A 01 FE 18 01 01 68 7F A5 5A 01 FE 18 01 01 68 7F A5 5A 01 FE 18 01 01 68 7F A5 5A 01 FE 18 01 01 68 7F A5 5A 01 FE 18 01 01 68 7F A5 5A 01 FE 18 01 01 68 7F A5 5A 01 FE 18 01 01 68 7F A5 5A 01 FE 18 01 01 68 7F A5 5A 01 FE 18 01 01 68 7F A5 5A 01 FE 18 01 01 68 7F A5 5A 01 FE 18 01 01 68 7F A5 5A 01 FE 18 01 01 68 7F A5 5A 01 FE 18 01 01 68 7F A5 5A 01 FE 18 01 01 68 7F A5 5A 01 FE 18 01 01 68 7F A5 5A 01 FE 18 01 01 68 7F A5 5A 01 FE 18 01 01 68 7F A5 5A 01 FE 18 01 01 68 7F A5 5A 01 FE 18 01 01 68 7F A5 5A 01 FE 18 01 01 68 7F A5 5A 01 FE 18 01 01 68 7F A5 5A 01 FE 18 01 01 68 7F A5 5A 01 FE 18 01 01 68 7F A5 5A 01 FE 18 01 01 68 7F A5 5A 01 FE 18 01 01 68 7F A5 5A
[11:52:43.866] [JETSON-STATUS] ERROR: A5 5A 01 FE 18 01 01 68 7F
[11:52:43.867] [JETSON-STATUS] ERROR: A5 5A 01 FE 18 01 01 68 7F
[11:52:43.867] [JETSON-STATUS] ERROR: A5 5A 01 FE 18 01 01 68 7F
[11:52:43.869] [JETSON-STATUS] ERROR: A5 5A 01 FE 18 01 01 68 7F
[11:52:43.869] [JETSON-STATUS] ERROR: A5 5A 01 FE 18 01 01 68 7F
[11:52:43.869] [JETSON-STATUS] ERROR: A5 5A 01 FE 18 01 01 68 7F
[11:52:43.869] [JETSON-STATUS] ERROR: A5 5A 01 FE 18 01 01 68 7F
[11:52:43.869] [JETSON-STATUS] ERROR: A5 5A 01 FE 18 01 01 68 7F
[11:52:43.870] [JETSON-STATUS] ERROR: A5 5A 01 FE 18 01 01 68 7F
[11:52:43.870] [JETSON-STATUS] ERROR: A5 5A 01 FE 18 01 01 68 7F
[11:52:43.870] [JETSON-STATUS] ERROR: A5 5A 01 FE 18 01 01 68 7F
[11:52:43.870] [JETSON-STATUS] ERROR: A5 5A 01 FE 18 01 01 68 7F
[11:52:43.871] [JETSON-STATUS] ERROR: A5 5A 01 FE 18 01 01 68 7F
[11:52:43.871] [JETSON-STATUS] ERROR: A5 5A 01 FE 18 01 01 68 7F
[11:52:43.871] [JETSON-STATUS] ERROR: A5 5A 01 FE 18 01 01 68 7F
[11:52:43.872] [JETSON-STATUS] ERROR: A5 5A 01 FE 18 01 01 68 7F
[11:52:43.872] [JETSON-STATUS] ERROR: A5 5A 01 FE 18 01 01 68 7F
[11:52:43.872] [JETSON-STATUS] ERROR: A5 5A 01 FE 18 01 01 68 7F
[11:52:43.872] [JETSON-STATUS] ERROR: A5 5A 01 FE 18 01 01 68 7F
[11:52:43.873] [JETSON-STATUS] ERROR: A5 5A 01 FE 18 01 01 68 7F
[11:52:43.873] [JETSON-STATUS] ERROR: A5 5A 01 FE 18 01 01 68 7F
[11:52:43.873] [JETSON-STATUS] ERROR: A5 5A 01 FE 18 01 01 68 7F
[11:52:43.873] [JETSON-STATUS] ERROR: A5 5A 01 FE 18 01 01 68 7F
[11:52:43.874] [JETSON-STATUS] ERROR: A5 5A 01 FE 18 01 01 68 7F
[11:52:43.874] [JETSON-STATUS] ERROR: A5 5A 01 FE 18 01 01 68 7F
[11:52:43.874] [JETSON-STATUS] ERROR: A5 5A 01 FE 18 01 01 68 7F
[11:52:43.875] [JETSON-STATUS] ERROR: A5 5A 01 FE 18 01 01 68 7F
[11:52:43.875] [JETSON-STATUS] ERROR: A5 5A 01 FE 18 01 01 68 7F
[11:52:44.146] [JETSON-RX] 01 FE 18 01 01 68 7F A5 5A 01 FE 18 01 01 68 7F A5 5A 01 FE 18 01 01 68 7F A5 5A 01 FE 18 01 01 68 7F A5 5A 01 FE 18 01 01 68 7F A5 5A 01 FE 18 01 01 68 7F A5 5A 01 FE 18 01 01 68 7F A5 5A 01 FE 18 01 01 68 7F A5 5A 01 FE 18 01 01 68 7F A5 5A 01 FE 18 01 01 68 7F A5 5A 01 FE 18 01 01 68 7F A5 5A 01 FE 18 01 01 68 7F A5 5A 01 FE 18 01 01 68 7F A5 5A 01 FE 18 01 01 68 7F A5 5A 01 FE 18 01 01 68 7F A5 5A 01 FE 18 01 01 68 7F A5 5A 01 FE 18 01 01 68 7F A5 5A 01 FE 18 01 01 68 7F A5 5A 01 FE 18 01 01 68 7F A5 5A 01 FE 18 01 01 68 7F A5 5A 01 FE 18 01 01 68 7F A5 5A 01 FE 18 01 01 68 7F A5 5A 01 FE 18 01 01 68 7F A5 5A 01 FE 18 01 01 68 7F A5 5A 01 FE 18 01 01 68 7F A5 5A 01 FE 18 01 01 68 7F A5 5A 01 FE 18 01 01 68 7F A5 5A 01 FE 18 01 01 68 7F A5 5A 01 FE 18 01
[11:52:44.147] [JETSON-STATUS] ERROR: A5 5A 01 FE 18 01 01 68 7F
[11:52:44.147] [JETSON-STATUS] ERROR: A5 5A 01 FE 18 01 01 68 7F
[11:52:44.148] [JETSON-STATUS] ERROR: A5 5A 01 FE 18 01 01 68 7F
[11:52:44.148] [JETSON-STATUS] ERROR: A5 5A 01 FE 18 01 01 68 7F
[11:52:44.148] [JETSON-STATUS] ERROR: A5 5A 01 FE 18 01 01 68 7F
[11:52:44.149] [JETSON-STATUS] ERROR: A5 5A 01 FE 18 01 01 68 7F
[11:52:44.149] [JETSON-STATUS] ERROR: A5 5A 01 FE 18 01 01 68 7F
[11:52:44.149] [JETSON-STATUS] ERROR: A5 5A 01 FE 18 01 01 68 7F
[11:52:44.150] [JETSON-STATUS] ERROR: A5 5A 01 FE 18 01 01 68 7F
[11:52:44.150] [JETSON-STATUS] ERROR: A5 5A 01 FE 18 01 01 68 7F
[11:52:44.150] [JETSON-STATUS] ERROR: A5 5A 01 FE 18 01 01 68 7F
[11:52:44.151] [JETSON-STATUS] ERROR: A5 5A 01 FE 18 01 01 68 7F
[11:52:44.151] [JETSON-STATUS] ERROR: A5 5A 01 FE 18 01 01 68 7F
[11:52:44.151] [JETSON-STATUS] ERROR: A5 5A 01 FE 18 01 01 68 7F
[11:52:44.152] [JETSON-STATUS] ERROR: A5 5A 01 FE 18 01 01 68 7F
[11:52:44.152] [JETSON-STATUS] ERROR: A5 5A 01 FE 18 01 01 68 7F
[11:52:44.152] [JETSON-STATUS] ERROR: A5 5A 01 FE 18 01 01 68 7F
[11:52:44.154] [JETSON-STATUS] ERROR: A5 5A 01 FE 18 01 01 68 7F
[11:52:44.154] [JETSON-STATUS] ERROR: A5 5A 01 FE 18 01 01 68 7F
[11:52:44.154] [JETSON-STATUS] ERROR: A5 5A 01 FE 18 01 01 68 7F
[11:52:44.154] [JETSON-STATUS] ERROR: A5 5A 01 FE 18 01 01 68 7F
[11:52:44.155] [JETSON-STATUS] ERROR: A5 5A 01 FE 18 01 01 68 7F
[11:52:44.155] [JETSON-STATUS] ERROR: A5 5A 01 FE 18 01 01 68 7F
[11:52:44.155] [JETSON-STATUS] ERROR: A5 5A 01 FE 18 01 01 68 7F
[11:52:44.156] [JETSON-STATUS] ERROR: A5 5A 01 FE 18 01 01 68 7F
[11:52:44.156] [JETSON-STATUS] ERROR: A5 5A 01 FE 18 01 01 68 7F
[11:52:44.156] [JETSON-STATUS] ERROR: A5 5A 01 FE 18 01 01 68 7F
[11:52:44.436] [JETSON-RX] 01 68 7F A5 5A 01 FE 18 01 01 68 7F A5 5A 01 FE 18 01 01 68 7F A5 5A 01 FE 18 01 01 68 7F A5 5A 01 FE 18 01 01 68 7F A5 5A 01 FE 18 01 01 68 7F A5 5A 01 FE 18 01 01 68 7F A5 5A 01 FE 18 01 01 68 7F A5 5A 01 FE 18 01 01 68 7F A5 5A 01 FE 18 01 01 68 7F A5 5A 01 FE 18 01 01 68 7F A5 5A 01 FE 18 01 01 68 7F A5 5A 01 FE 18 01 01 68 7F A5 5A 01 FE 18 01 01 68 7F A5 5A 01 FE 18 01 01 68 7F A5 5A 01 FE 18 01 01 68 7F A5 5A 01 FE 18 01 01 68 7F A5 5A 01 FE 18 01 01 68 7F A5 5A 01 FE 18 01 01 68 7F A5 5A 01 FE 18 01 01 68 7F A5 5A 01 FE 18 01 01 68 7F A5 5A 01 FE 18 01 01 68 7F A5 5A 01 FE 18 01 01 68 7F A5 5A 01 FE 18 01 01 68 7F A5 5A 01 FE 18 01 01 68 7F A5 5A 01 FE 18 01 01 68 7F A5 5A 01 FE 18 01 01 68 7F A5 5A 01 FE 18 01 01 68 7F A5 5A 01 FE 18 01 01 68 7F A5
[11:52:44.436] [JETSON-STATUS] ERROR: A5 5A 01 FE 18 01 01 68 7F
[11:52:44.439] [JETSON-STATUS] ERROR: A5 5A 01 FE 18 01 01 68 7F
[11:52:44.439] [JETSON-STATUS] ERROR: A5 5A 01 FE 18 01 01 68 7F
[11:52:44.440] [JETSON-STATUS] ERROR: A5 5A 01 FE 18 01 01 68 7F
[11:52:44.440] [JETSON-STATUS] ERROR: A5 5A 01 FE 18 01 01 68 7F
[11:52:44.440] [JETSON-STATUS] ERROR: A5 5A 01 FE 18 01 01 68 7F
[11:52:44.440] [JETSON-STATUS] ERROR: A5 5A 01 FE 18 01 01 68 7F
[11:52:44.441] [JETSON-STATUS] ERROR: A5 5A 01 FE 18 01 01 68 7F
[11:52:44.441] [JETSON-STATUS] ERROR: A5 5A 01 FE 18 01 01 68 7F
[11:52:44.441] [JETSON-STATUS] ERROR: A5 5A 01 FE 18 01 01 68 7F
[11:52:44.442] [JETSON-STATUS] ERROR: A5 5A 01 FE 18 01 01 68 7F
[11:52:44.442] [JETSON-STATUS] ERROR: A5 5A 01 FE 18 01 01 68 7F
[11:52:44.442] [JETSON-STATUS] ERROR: A5 5A 01 FE 18 01 01 68 7F
[11:52:44.443] [JETSON-STATUS] ERROR: A5 5A 01 FE 18 01 01 68 7F
[11:52:44.443] [JETSON-STATUS] ERROR: A5 5A 01 FE 18 01 01 68 7F
[11:52:44.443] [JETSON-STATUS] ERROR: A5 5A 01 FE 18 01 01 68 7F
[11:52:44.443] [JETSON-STATUS] ERROR: A5 5A 01 FE 18 01 01 68 7F
[11:52:44.444] [JETSON-STATUS] ERROR: A5 5A 01 FE 18 01 01 68 7F
[11:52:44.444] [JETSON-STATUS] ERROR: A5 5A 01 FE 18 01 01 68 7F
[11:52:44.444] [JETSON-STATUS] ERROR: A5 5A 01 FE 18 01 01 68 7F
[11:52:44.445] [JETSON-STATUS] ERROR: A5 5A 01 FE 18 01 01 68 7F
[11:52:44.445] [JETSON-STATUS] ERROR: A5 5A 01 FE 18 01 01 68 7F
[11:52:44.445] [JETSON-STATUS] ERROR: A5 5A 01 FE 18 01 01 68 7F
[11:52:44.445] [JETSON-STATUS] ERROR: A5 5A 01 FE 18 01 01 68 7F
[11:52:44.446] [JETSON-STATUS] ERROR: A5 5A 01 FE 18 01 01 68 7F
[11:52:44.446] [JETSON-STATUS] ERROR: A5 5A 01 FE 18 01 01 68 7F
[11:52:44.454] [JETSON-STATUS] ERROR: A5 5A 01 FE 18 01 01 68 7F
[11:52:44.455] [JETSON-STATUS] ERROR: A5 5A 01 FE 18 01 01 68 7F
[11:52:44.716] [JETSON-RX] 5A 01 FE 18 01 01 68 7F A5 5A 01 FE 18 01 01 68 7F A5 5A 01 FE 18 01 01 68 7F A5 5A 01 FE 18 01 01 68 7F A5 5A 01 FE 18 01 01 68 7F A5 5A 01 FE 18 01 01 68 7F A5 5A 01 FE 18 01 01 68 7F A5 5A 01 FE 18 01 01 68 7F A5 5A 01 FE 18 01 01 68 7F A5 5A 01 FE 18 01 01 68 7F A5 5A 01 FE 18 01 01 68 7F A5 5A 01 FE 18 01 01 68 7F A5 5A 01 FE 18 01 01 68 7F A5 5A 01 FE 18 01 01 68 7F A5 5A 01 FE 18 01 01 68 7F A5 5A 01 FE 18 01 01 68 7F A5 5A 01 FE 18 01 01 68 7F A5 5A 01 FE 18 01 01 68 7F A5 5A 01 FE 18 01 01 68 7F A5 5A 01 FE 18 01 01 68 7F A5 5A 01 FE 18 01 01 68 7F A5 5A 01 FE 18 01 01 68 7F A5 5A 01 FE 18 01 01 68 7F A5 5A 01 FE 18 01 01 68 7F A5 5A 01 FE 18 01 01 68 7F A5 5A 01 FE 18 01 01 68 7F A5 5A 01 FE 18 01 01 68 7F A5 5A 01 FE 18 01 01 68 7F A5 5A 01 FE 18
[11:52:44.717] [JETSON-STATUS] ERROR: A5 5A 01 FE 18 01 01 68 7F
[11:52:44.717] [JETSON-STATUS] ERROR: A5 5A 01 FE 18 01 01 68 7F
[11:52:44.718] [JETSON-STATUS] ERROR: A5 5A 01 FE 18 01 01 68 7F
[11:52:44.718] [JETSON-STATUS] ERROR: A5 5A 01 FE 18 01 01 68 7F
[11:52:44.718] [JETSON-STATUS] ERROR: A5 5A 01 FE 18 01 01 68 7F
[11:52:44.719] [JETSON-STATUS] ERROR: A5 5A 01 FE 18 01 01 68 7F
[11:52:44.719] [JETSON-STATUS] ERROR: A5 5A 01 FE 18 01 01 68 7F
[11:52:44.719] [JETSON-STATUS] ERROR: A5 5A 01 FE 18 01 01 68 7F
[11:52:44.722] [JETSON-STATUS] ERROR: A5 5A 01 FE 18 01 01 68 7F
[11:52:44.722] [JETSON-STATUS] ERROR: A5 5A 01 FE 18 01 01 68 7F
[11:52:44.723] [JETSON-STATUS] ERROR: A5 5A 01 FE 18 01 01 68 7F
[11:52:44.723] [JETSON-STATUS] ERROR: A5 5A 01 FE 18 01 01 68 7F
[11:52:44.723] [JETSON-STATUS] ERROR: A5 5A 01 FE 18 01 01 68 7F
[11:52:44.724] [JETSON-STATUS] ERROR: A5 5A 01 FE 18 01 01 68 7F
[11:52:44.724] [JETSON-STATUS] ERROR: A5 5A 01 FE 18 01 01 68 7F
[11:52:44.724] [JETSON-STATUS] ERROR: A5 5A 01 FE 18 01 01 68 7F
[11:52:44.725] [JETSON-STATUS] ERROR: A5 5A 01 FE 18 01 01 68 7F
[11:52:44.725] [JETSON-STATUS] ERROR: A5 5A 01 FE 18 01 01 68 7F
[11:52:44.726] [JETSON-STATUS] ERROR: A5 5A 01 FE 18 01 01 68 7F
[11:52:44.726] [JETSON-STATUS] ERROR: A5 5A 01 FE 18 01 01 68 7F
[11:52:44.726] [JETSON-STATUS] ERROR: A5 5A 01 FE 18 01 01 68 7F
[11:52:44.726] [JETSON-STATUS] ERROR: A5 5A 01 FE 18 01 01 68 7F
[11:52:44.727] [JETSON-STATUS] ERROR: A5 5A 01 FE 18 01 01 68 7F
[11:52:44.727] [JETSON-STATUS] ERROR: A5 5A 01 FE 18 01 01 68 7F
[11:52:44.738] [JETSON-STATUS] ERROR: A5 5A 01 FE 18 01 01 68 7F
[11:52:44.738] [JETSON-STATUS] ERROR: A5 5A 01 FE 18 01 01 68 7F
[11:52:44.738] [JETSON-STATUS] ERROR: A5 5A 01 FE 18 01 01 68 7F
[11:52:44.996] [JETSON-RX] 01 01 68 7F A5 5A 01 FE 18 01 01 68 7F A5 5A 01 FE 18 01 01 68 7F A5 5A 01 FE 18 01 01 68 7F A5 5A 01 FE 18 01 01 68 7F A5 5A 01 FE 18 01 01 68 7F A5 5A 01 FE 18 01 01 68 7F A5 5A 01 FE 18 01 01 68 7F A5 5A 01 FE 18 01 01 68 7F A5 5A 01 FE 18 01 01 68 7F A5 5A 01 FE 18 01 01 68 7F A5 5A 01 FE 18 01 01 68 7F A5 5A 01 FE 18 01 01 68 7F A5 5A 01 FE 18 01 01 68 7F A5 5A 01 FE 18 01 01 68 7F A5 5A 01 FE 18 01 01 68 7F A5 5A 01 FE 18 01 01 68 7F A5 5A 01 FE 18 01 01 68 7F A5 5A 01 FE 18 01 01 68 7F A5 5A 01 FE 18 01 01 68 7F A5 5A 01 FE 18 01 01 68 7F A5 5A 01 FE 18 01 01 68 7F A5 5A 01 FE 18 01 01 68 7F A5 5A 01 FE 18 01 01 68 7F A5 5A 01 FE 18 01 01 68 7F A5 5A 01 FE 18 01 01 68 7F A5 5A 01 FE 18 01 01 68 7F A5 5A 01 FE 18 01 01 68 7F A5 5A 01 FE 18 01 01 68 7F
[11:52:44.996] [JETSON-STATUS] ERROR: A5 5A 01 FE 18 01 01 68 7F
[11:52:44.997] [JETSON-STATUS] ERROR: A5 5A 01 FE 18 01 01 68 7F
[11:52:44.997] [JETSON-STATUS] ERROR: A5 5A 01 FE 18 01 01 68 7F
[11:52:44.997] [JETSON-STATUS] ERROR: A5 5A 01 FE 18 01 01 68 7F
[11:52:44.997] [JETSON-STATUS] ERROR: A5 5A 01 FE 18 01 01 68 7F
[11:52:44.997] [JETSON-STATUS] ERROR: A5 5A 01 FE 18 01 01 68 7F
[11:52:44.999] [JETSON-STATUS] ERROR: A5 5A 01 FE 18 01 01 68 7F
[11:52:44.999] [JETSON-STATUS] ERROR: A5 5A 01 FE 18 01 01 68 7F
[11:52:44.999] [JETSON-STATUS] ERROR: A5 5A 01 FE 18 01 01 68 7F
[11:52:45.000] [JETSON-STATUS] ERROR: A5 5A 01 FE 18 01 01 68 7F
[11:52:45.000] [JETSON-STATUS] ERROR: A5 5A 01 FE 18 01 01 68 7F
[11:52:45.000] [JETSON-STATUS] ERROR: A5 5A 01 FE 18 01 01 68 7F
[11:52:45.001] [JETSON-STATUS] ERROR: A5 5A 01 FE 18 01 01 68 7F
[11:52:45.001] [JETSON-STATUS] ERROR: A5 5A 01 FE 18 01 01 68 7F
[11:52:45.001] [JETSON-STATUS] ERROR: A5 5A 01 FE 18 01 01 68 7F
[11:52:45.002] [JETSON-STATUS] ERROR: A5 5A 01 FE 18 01 01 68 7F
[11:52:45.002] [JETSON-STATUS] ERROR: A5 5A 01 FE 18 01 01 68 7F
[11:52:45.002] [JETSON-STATUS] ERROR: A5 5A 01 FE 18 01 01 68 7F
[11:52:45.002] [JETSON-STATUS] ERROR: A5 5A 01 FE 18 01 01 68 7F
[11:52:45.003] [JETSON-STATUS] ERROR: A5 5A 01 FE 18 01 01 68 7F
[11:52:45.003] [JETSON-STATUS] ERROR: A5 5A 01 FE 18 01 01 68 7F
[11:52:45.003] [JETSON-STATUS] ERROR: A5 5A 01 FE 18 01 01 68 7F
[11:52:45.004] [JETSON-STATUS] ERROR: A5 5A 01 FE 18 01 01 68 7F
[11:52:45.004] [JETSON-STATUS] ERROR: A5 5A 01 FE 18 01 01 68 7F
[11:52:45.005] [JETSON-STATUS] ERROR: A5 5A 01 FE 18 01 01 68 7F
[11:52:45.005] [JETSON-STATUS] ERROR: A5 5A 01 FE 18 01 01 68 7F
[11:52:45.005] [JETSON-STATUS] ERROR: A5 5A 01 FE 18 01 01 68 7F
[11:52:45.006] [JETSON-STATUS] ERROR: A5 5A 01 FE 18 01 01 68 7F
[11:52:45.286] [JETSON-RX] A5 5A 01 FE 18 01 01 68 7F A5 5A 01 FE 18 01 01 68 7F A5 5A 01 FE 18 01 01 68 7F A5 5A 01 FE 18 01 01 68 7F A5 5A 01 FE 18 01 01 68 7F A5 5A 01 FE 18 01 01 68 7F A5 5A 01 FE 18 01 01 68 7F A5 5A 01 FE 18 01 01 68 7F A5 5A 01 FE 18 01 01 68 7F A5 5A 01 FE 18 01 01 68 7F A5 5A 01 FE 18 01 01 68 7F A5 5A 01 FE 18 01 01 68 7F A5 5A 01 FE 18 01 01 68 7F A5 5A 01 FE 18 01 01 68 7F A5 5A 01 FE 18 01 01 68 7F A5 5A 01 FE 18 01 01 68 7F A5 5A 01 FE 18 01 01 68 7F A5 5A 01 FE 18 01 01 68 7F A5 5A 01 FE 18 01 01 68 7F A5 5A 01 FE 18 01 01 68 7F A5 5A 01 FE 18 01 01 68 7F A5 5A 01 FE 18 01 01 68 7F A5 5A 01 FE 18 01 01 68 7F A5 5A 01 FE 18 01 01 68 7F A5 5A 01 FE 18 01 01 68 7F A5 5A 01 FE 18 01 01 68 7F A5 5A 01 FE 18 01 01 68 7F A5 5A 01 FE 18 01 01 68 7F A5 5A 01 FE
[11:52:45.286] [JETSON-STATUS] ERROR: A5 5A 01 FE 18 01 01 68 7F
[11:52:45.287] [JETSON-STATUS] ERROR: A5 5A 01 FE 18 01 01 68 7F
[11:52:45.287] [JETSON-STATUS] ERROR: A5 5A 01 FE 18 01 01 68 7F
[11:52:45.287] [JETSON-STATUS] ERROR: A5 5A 01 FE 18 01 01 68 7F
[11:52:45.288] [JETSON-STATUS] ERROR: A5 5A 01 FE 18 01 01 68 7F
[11:52:45.288] [JETSON-STATUS] ERROR: A5 5A 01 FE 18 01 01 68 7F
[11:52:45.288] [JETSON-STATUS] ERROR: A5 5A 01 FE 18 01 01 68 7F
[11:52:45.288] [JETSON-STATUS] ERROR: A5 5A 01 FE 18 01 01 68 7F
[11:52:45.290] [JETSON-STATUS] ERROR: A5 5A 01 FE 18 01 01 68 7F
[11:52:45.290] [JETSON-STATUS] ERROR: A5 5A 01 FE 18 01 01 68 7F
[11:52:45.293] [JETSON-STATUS] ERROR: A5 5A 01 FE 18 01 01 68 7F
[11:52:45.293] [JETSON-STATUS] ERROR: A5 5A 01 FE 18 01 01 68 7F
[11:52:45.294] [JETSON-STATUS] ERROR: A5 5A 01 FE 18 01 01 68 7F
[11:52:45.294] [JETSON-STATUS] ERROR: A5 5A 01 FE 18 01 01 68 7F
[11:52:45.294] [JETSON-STATUS] ERROR: A5 5A 01 FE 18 01 01 68 7F
[11:52:45.294] [JETSON-STATUS] ERROR: A5 5A 01 FE 18 01 01 68 7F
[11:52:45.296] [JETSON-STATUS] ERROR: A5 5A 01 FE 18 01 01 68 7F
[11:52:45.296] [JETSON-STATUS] ERROR: A5 5A 01 FE 18 01 01 68 7F
[11:52:45.296] [JETSON-STATUS] ERROR: A5 5A 01 FE 18 01 01 68 7F
[11:52:45.297] [JETSON-STATUS] ERROR: A5 5A 01 FE 18 01 01 68 7F
[11:52:45.297] [JETSON-STATUS] ERROR: A5 5A 01 FE 18 01 01 68 7F
[11:52:45.297] [JETSON-STATUS] ERROR: A5 5A 01 FE 18 01 01 68 7F
[11:52:45.297] [JETSON-STATUS] ERROR: A5 5A 01 FE 18 01 01 68 7F
[11:52:45.297] [JETSON-STATUS] ERROR: A5 5A 01 FE 18 01 01 68 7F
[11:52:45.297] [JETSON-STATUS] ERROR: A5 5A 01 FE 18 01 01 68 7F
[11:52:45.297] [JETSON-STATUS] ERROR: A5 5A 01 FE 18 01 01 68 7F
[11:52:45.299] [JETSON-STATUS] ERROR: A5 5A 01 FE 18 01 01 68 7F
[11:52:45.299] [JETSON-STATUS] ERROR: A5 5A 01 FE 18 01 01 68 7F
[11:52:45.566] [JETSON-RX] 18 01 01 68 7F A5 5A 01 FE 18 01 01 68 7F A5 5A 01 FE 18 01 01 68 7F A5 5A 01 FE 18 01 01 68 7F A5 5A 01 FE 18 01 01 68 7F A5 5A 01 FE 18 01 01 68 7F A5 5A 01 FE 18 01 01 68 7F A5 5A 01 FE 18 01 01 68 7F A5 5A 01 FE 18 01 01 68 7F A5 5A 01 FE 18 01 01 68 7F A5 5A 01 FE 18 01 01 68 7F A5 5A 01 FE 18 01 01 68 7F A5 5A 01 FE 18 01 01 68 7F A5 5A 01 FE 18 01 01 68 7F A5 5A 01 FE 18 01 01 68 7F A5 5A 01 FE 18 01 01 68 7F A5 5A 01 FE 18 01 01 68 7F A5 5A 01 FE 18 01 01 68 7F A5 5A 01 FE 18 01 01 68 7F A5 5A 01 FE 18 01 01 68 7F A5 5A 01 FE 18 01 01 68 7F A5 5A 01 FE 18 01 01 68 7F A5 5A 01 FE 18 01 01 68 7F A5 5A 01 FE 18 01 01 68 7F A5 5A 01 FE 18 01 01 68 7F A5 5A 01 FE 18 01 01 68 7F A5 5A 01 FE 18 01 01 68 7F A5 5A 01 FE 18 01 01 68 7F A5 5A 01 FE 18 01 01 68
[11:52:45.567] [JETSON-STATUS] ERROR: A5 5A 01 FE 18 01 01 68 7F
[11:52:45.567] [JETSON-STATUS] ERROR: A5 5A 01 FE 18 01 01 68 7F
[11:52:45.568] [JETSON-STATUS] ERROR: A5 5A 01 FE 18 01 01 68 7F
[11:52:45.568] [JETSON-STATUS] ERROR: A5 5A 01 FE 18 01 01 68 7F
[11:52:45.568] [JETSON-STATUS] ERROR: A5 5A 01 FE 18 01 01 68 7F
[11:52:45.569] [JETSON-STATUS] ERROR: A5 5A 01 FE 18 01 01 68 7F
[11:52:45.569] [JETSON-STATUS] ERROR: A5 5A 01 FE 18 01 01 68 7F
[11:52:45.569] [JETSON-STATUS] ERROR: A5 5A 01 FE 18 01 01 68 7F
[11:52:45.570] [JETSON-STATUS] ERROR: A5 5A 01 FE 18 01 01 68 7F
[11:52:45.570] [JETSON-STATUS] ERROR: A5 5A 01 FE 18 01 01 68 7F
[11:52:45.570] [JETSON-STATUS] ERROR: A5 5A 01 FE 18 01 01 68 7F
[11:52:45.570] [JETSON-STATUS] ERROR: A5 5A 01 FE 18 01 01 68 7F
[11:52:45.570] [JETSON-STATUS] ERROR: A5 5A 01 FE 18 01 01 68 7F
[11:52:45.571] [JETSON-STATUS] ERROR: A5 5A 01 FE 18 01 01 68 7F
[11:52:45.571] [JETSON-STATUS] ERROR: A5 5A 01 FE 18 01 01 68 7F
[11:52:45.576] [JETSON-STATUS] ERROR: A5 5A 01 FE 18 01 01 68 7F
[11:52:45.576] [JETSON-STATUS] ERROR: A5 5A 01 FE 18 01 01 68 7F
[11:52:45.576] [JETSON-STATUS] ERROR: A5 5A 01 FE 18 01 01 68 7F
[11:52:45.578] [JETSON-STATUS] ERROR: A5 5A 01 FE 18 01 01 68 7F
[11:52:45.578] [JETSON-STATUS] ERROR: A5 5A 01 FE 18 01 01 68 7F
[11:52:45.578] [JETSON-STATUS] ERROR: A5 5A 01 FE 18 01 01 68 7F
[11:52:45.579] [JETSON-STATUS] ERROR: A5 5A 01 FE 18 01 01 68 7F
[11:52:45.579] [JETSON-STATUS] ERROR: A5 5A 01 FE 18 01 01 68 7F
[11:52:45.579] [JETSON-STATUS] ERROR: A5 5A 01 FE 18 01 01 68 7F
[11:52:45.580] [JETSON-STATUS] ERROR: A5 5A 01 FE 18 01 01 68 7F
[11:52:45.580] [JETSON-STATUS] ERROR: A5 5A 01 FE 18 01 01 68 7F
[11:52:45.580] [JETSON-STATUS] ERROR: A5 5A 01 FE 18 01 01 68 7F
[11:52:45.856] [JETSON-RX] 7F A5 5A 01 FE 18 01 01 68 7F A5 5A 01 FE 18 01 01 68 7F A5 5A 01 FE 18 01 01 68 7F A5 5A 01 FE 18 01 01 68 7F A5 5A 01 FE 18 01 01 68 7F A5 5A 01 FE 18 01 01 68 7F A5 5A 01 FE 18 01 01 68 7F A5 5A 01 FE 18 01 01 68 7F A5 5A 01 FE 18 01 01 68 7F A5 5A 01 FE 18 01 01 68 7F A5 5A 01 FE 18 01 01 68 7F A5 5A 01 FE 18 01 01 68 7F A5 5A 01 FE 18 01 01 68 7F A5 5A 01 FE 18 01 01 68 7F A5 5A 01 FE 18 01 01 68 7F A5 5A 01 FE 18 01 01 68 7F A5 5A 01 FE 18 01 01 68 7F A5 5A 01 FE 18 01 01 68 7F A5 5A 01 FE 18 01 01 68 7F A5 5A 01 FE 18 01 01 68 7F A5 5A 01 FE 18 01 01 68 7F A5 5A 01 FE 18 01 01 68 7F A5 5A 01 FE 18 01 01 68 7F A5 5A 01 FE 18 01 01 68 7F A5 5A 01 FE 18 01 01 68 7F A5 5A 01 FE 18 01 01 68 7F A5 5A 01 FE 18 01 01 68 7F A5 5A 01 FE 18 01 01 68 7F A5 5A 01
[11:52:45.856] [JETSON-STATUS] ERROR: A5 5A 01 FE 18 01 01 68 7F
[11:52:45.857] [JETSON-STATUS] ERROR: A5 5A 01 FE 18 01 01 68 7F
[11:52:45.857] [JETSON-STATUS] ERROR: A5 5A 01 FE 18 01 01 68 7F
[11:52:45.858] [JETSON-STATUS] ERROR: A5 5A 01 FE 18 01 01 68 7F
[11:52:45.858] [JETSON-STATUS] ERROR: A5 5A 01 FE 18 01 01 68 7F
[11:52:45.858] [JETSON-STATUS] ERROR: A5 5A 01 FE 18 01 01 68 7F
[11:52:45.859] [JETSON-STATUS] ERROR: A5 5A 01 FE 18 01 01 68 7F
[11:52:45.859] [JETSON-STATUS] ERROR: A5 5A 01 FE 18 01 01 68 7F
[11:52:45.861] [JETSON-STATUS] ERROR: A5 5A 01 FE 18 01 01 68 7F
[11:52:45.863] [JETSON-STATUS] ERROR: A5 5A 01 FE 18 01 01 68 7F
[11:52:45.863] [JETSON-STATUS] ERROR: A5 5A 01 FE 18 01 01 68 7F
[11:52:45.864] [JETSON-STATUS] ERROR: A5 5A 01 FE 18 01 01 68 7F
[11:52:45.864] [JETSON-STATUS] ERROR: A5 5A 01 FE 18 01 01 68 7F
[11:52:45.865] [JETSON-STATUS] ERROR: A5 5A 01 FE 18 01 01 68 7F
[11:52:45.865] [JETSON-STATUS] ERROR: A5 5A 01 FE 18 01 01 68 7F
[11:52:45.865] [JETSON-STATUS] ERROR: A5 5A 01 FE 18 01 01 68 7F
[11:52:45.866] [JETSON-STATUS] ERROR: A5 5A 01 FE 18 01 01 68 7F
[11:52:45.866] [JETSON-STATUS] ERROR: A5 5A 01 FE 18 01 01 68 7F
[11:52:45.867] [JETSON-STATUS] ERROR: A5 5A 01 FE 18 01 01 68 7F
[11:52:45.868] [JETSON-STATUS] ERROR: A5 5A 01 FE 18 01 01 68 7F
[11:52:45.868] [JETSON-STATUS] ERROR: A5 5A 01 FE 18 01 01 68 7F
[11:52:45.868] [JETSON-STATUS] ERROR: A5 5A 01 FE 18 01 01 68 7F
[11:52:45.869] [JETSON-STATUS] ERROR: A5 5A 01 FE 18 01 01 68 7F
[11:52:45.869] [JETSON-STATUS] ERROR: A5 5A 01 FE 18 01 01 68 7F
[11:52:45.869] [JETSON-STATUS] ERROR: A5 5A 01 FE 18 01 01 68 7F
[11:52:45.869] [JETSON-STATUS] ERROR: A5 5A 01 FE 18 01 01 68 7F
[11:52:45.871] [JETSON-STATUS] ERROR: A5 5A 01 FE 18 01 01 68 7F
[11:52:45.871] [JETSON-STATUS] ERROR: A5 5A 01 FE 18 01 01 68 7F
[11:52:45.871] [JETSON-STATUS] ERROR: A5 5A 01 FE 18 01 01 68 7F
[11:52:46.136] [JETSON-RX] FE 18 01 01 68 7F A5 5A 01 FE 18 01 01 68 7F A5 5A 01 FE 18 01 01 68 7F A5 5A 01 FE 18 01 01 68 7F A5 5A 01 FE 18 01 01 68 7F A5 5A 01 FE 18 01 01 68 7F A5 5A 01 FE 18 01 01 68 7F A5 5A 01 FE 18 01 01 68 7F A5 5A 01 FE 18 01 01 68 7F A5 5A 01 FE 18 01 01 68 7F A5 5A 01 FE 18 01 01 68 7F A5 5A 01 FE 18 01 01 68 7F A5 5A 01 FE 18 01 01 68 7F A5 5A 01 FE 18 01 01 68 7F A5 5A 01 FE 18 01 01 68 7F A5 5A 01 FE 18 01 01 68 7F A5 5A 01 FE 18 01 01 68 7F A5 5A 01 FE 18 01 01 68 7F A5 5A 01 FE 18 01 01 68 7F A5 5A 01 FE 18 01 01 68 7F A5 5A 01 FE 18 01 01 68 7F A5 5A 01 FE 18 01 01 68 7F A5 5A 01 FE 18 01 01 68 7F A5 5A 01 FE 18 01 01 68 7F A5 5A 01 FE 18 01 01 68 7F A5 5A 01 FE 18 01 01 68 7F A5 5A 01 FE 18 01 01 68 7F A5 5A 01 FE 18 01 01 68 7F A5 5A 01 FE 18 01 01
[11:52:46.136] [JETSON-STATUS] ERROR: A5 5A 01 FE 18 01 01 68 7F
[11:52:46.136] [JETSON-STATUS] ERROR: A5 5A 01 FE 18 01 01 68 7F
[11:52:46.138] [JETSON-STATUS] ERROR: A5 5A 01 FE 18 01 01 68 7F
[11:52:46.141] [JETSON-STATUS] ERROR: A5 5A 01 FE 18 01 01 68 7F
[11:52:46.141] [JETSON-STATUS] ERROR: A5 5A 01 FE 18 01 01 68 7F
[11:52:46.143] [JETSON-STATUS] ERROR: A5 5A 01 FE 18 01 01 68 7F
[11:52:46.143] [JETSON-STATUS] ERROR: A5 5A 01 FE 18 01 01 68 7F
[11:52:46.143] [JETSON-STATUS] ERROR: A5 5A 01 FE 18 01 01 68 7F
[11:52:46.144] [JETSON-STATUS] ERROR: A5 5A 01 FE 18 01 01 68 7F
[11:52:46.144] [JETSON-STATUS] ERROR: A5 5A 01 FE 18 01 01 68 7F
[11:52:46.144] [JETSON-STATUS] ERROR: A5 5A 01 FE 18 01 01 68 7F
[11:52:46.145] [JETSON-STATUS] ERROR: A5 5A 01 FE 18 01 01 68 7F
[11:52:46.145] [JETSON-STATUS] ERROR: A5 5A 01 FE 18 01 01 68 7F
[11:52:46.147] [JETSON-STATUS] ERROR: A5 5A 01 FE 18 01 01 68 7F
[11:52:46.147] [JETSON-STATUS] ERROR: A5 5A 01 FE 18 01 01 68 7F
[11:52:46.147] [JETSON-STATUS] ERROR: A5 5A 01 FE 18 01 01 68 7F
[11:52:46.147] [JETSON-STATUS] ERROR: A5 5A 01 FE 18 01 01 68 7F
[11:52:46.148] [JETSON-STATUS] ERROR: A5 5A 01 FE 18 01 01 68 7F
[11:52:46.148] [JETSON-STATUS] ERROR: A5 5A 01 FE 18 01 01 68 7F
[11:52:46.149] [JETSON-STATUS] ERROR: A5 5A 01 FE 18 01 01 68 7F
[11:52:46.149] [JETSON-STATUS] ERROR: A5 5A 01 FE 18 01 01 68 7F
[11:52:46.150] [JETSON-STATUS] ERROR: A5 5A 01 FE 18 01 01 68 7F
[11:52:46.150] [JETSON-STATUS] ERROR: A5 5A 01 FE 18 01 01 68 7F
[11:52:46.150] [JETSON-STATUS] ERROR: A5 5A 01 FE 18 01 01 68 7F
[11:52:46.150] [JETSON-STATUS] ERROR: A5 5A 01 FE 18 01 01 68 7F
[11:52:46.151] [JETSON-STATUS] ERROR: A5 5A 01 FE 18 01 01 68 7F
[11:52:46.151] [JETSON-STATUS] ERROR: A5 5A 01 FE 18 01 01 68 7F
[11:52:46.426] [JETSON-RX] 68 7F A5 5A 01 FE 18 01 01 68 7F A5 5A 01 FE 18 01 01 68 7F A5 5A 01 FE 18 01 01 68 7F A5 5A 01 FE 18 01 01 68 7F A5 5A 01 FE 18 01 01 68 7F A5 5A 01 FE 18 01 01 68 7F A5 5A 01 FE 18 01 01 68 7F A5 5A 01 FE 18 01 01 68 7F A5 5A 01 FE 18 01 01 68 7F A5 5A 01 FE 18 01 01 68 7F A5 5A 01 FE 18 01 01 68 7F A5 5A 01 FE 18 01 01 68 7F A5 5A 01 FE 18 01 01 68 7F A5 5A 01 FE 18 01 01 68 7F A5 5A 01 FE 18 01 01 68 7F A5 5A 01 FE 18 01 01 68 7F A5 5A 01 FE 18 01 01 68 7F A5 5A 01 FE 18 01 01 68 7F A5 5A 01 FE 18 01 01 68 7F A5 5A 01 FE 18 01 01 68 7F A5 5A 01 FE 18 01 01 68 7F A5 5A 01 FE 18 01 01 68 7F A5 5A 01 FE 18 01 01 68 7F A5 5A 01 FE 18 01 01 68 7F A5 5A 01 FE 18 01 01 68 7F A5 5A 01 FE 18 01 01 68 7F A5 5A 01 FE 18 01 01 68 7F A5 5A 01 FE 18 01 01 68 7F A5 5A
[11:52:46.428] [JETSON-STATUS] ERROR: A5 5A 01 FE 18 01 01 68 7F
[11:52:46.428] [JETSON-STATUS] ERROR: A5 5A 01 FE 18 01 01 68 7F
[11:52:46.430] [JETSON-STATUS] ERROR: A5 5A 01 FE 18 01 01 68 7F
[11:52:46.430] [JETSON-STATUS] ERROR: A5 5A 01 FE 18 01 01 68 7F
[11:52:46.431] [JETSON-STATUS] ERROR: A5 5A 01 FE 18 01 01 68 7F
[11:52:46.431] [JETSON-STATUS] ERROR: A5 5A 01 FE 18 01 01 68 7F
[11:52:46.432] [JETSON-STATUS] ERROR: A5 5A 01 FE 18 01 01 68 7F
[11:52:46.433] [JETSON-STATUS] ERROR: A5 5A 01 FE 18 01 01 68 7F
[11:52:46.433] [JETSON-STATUS] ERROR: A5 5A 01 FE 18 01 01 68 7F
[11:52:46.435] [JETSON-STATUS] ERROR: A5 5A 01 FE 18 01 01 68 7F
[11:52:46.435] [JETSON-STATUS] ERROR: A5 5A 01 FE 18 01 01 68 7F
[11:52:46.436] [JETSON-STATUS] ERROR: A5 5A 01 FE 18 01 01 68 7F
[11:52:46.436] [JETSON-STATUS] ERROR: A5 5A 01 FE 18 01 01 68 7F
[11:52:46.437] [JETSON-STATUS] ERROR: A5 5A 01 FE 18 01 01 68 7F
[11:52:46.437] [JETSON-STATUS] ERROR: A5 5A 01 FE 18 01 01 68 7F
[11:52:46.437] [JETSON-STATUS] ERROR: A5 5A 01 FE 18 01 01 68 7F
[11:52:46.438] [JETSON-STATUS] ERROR: A5 5A 01 FE 18 01 01 68 7F
[11:52:46.438] [JETSON-STATUS] ERROR: A5 5A 01 FE 18 01 01 68 7F
[11:52:46.438] [JETSON-STATUS] ERROR: A5 5A 01 FE 18 01 01 68 7F
[11:52:46.438] [JETSON-STATUS] ERROR: A5 5A 01 FE 18 01 01 68 7F
[11:52:46.439] [JETSON-STATUS] ERROR: A5 5A 01 FE 18 01 01 68 7F
[11:52:46.439] [JETSON-STATUS] ERROR: A5 5A 01 FE 18 01 01 68 7F
[11:52:46.439] [JETSON-STATUS] ERROR: A5 5A 01 FE 18 01 01 68 7F
[11:52:46.441] [JETSON-STATUS] ERROR: A5 5A 01 FE 18 01 01 68 7F
[11:52:46.441] [JETSON-STATUS] ERROR: A5 5A 01 FE 18 01 01 68 7F
[11:52:46.441] [JETSON-STATUS] ERROR: A5 5A 01 FE 18 01 01 68 7F
[11:52:46.442] [JETSON-STATUS] ERROR: A5 5A 01 FE 18 01 01 68 7F
[11:52:46.442] [JETSON-STATUS] ERROR: A5 5A 01 FE 18 01 01 68 7F
[11:52:46.706] [JETSON-RX] 01 FE 18 01 01 68 7F A5 5A 01 FE 18 01 01 68 7F A5 5A 01 FE 18 01 01 68 7F A5 5A 01 FE 18 01 01 68 7F A5 5A 01 FE 18 01 01 68 7F A5 5A 01 FE 18 01 01 68 7F A5 5A 01 FE 18 01 01 68 7F A5 5A 01 FE 18 01 01 68 7F A5 5A 01 FE 18 01 01 68 7F A5 5A 01 FE 18 01 01 68 7F A5 5A 01 FE 18 01 01 68 7F A5 5A 01 FE 18 01 01 68 7F A5 5A 01 FE 18 01 01 68 7F A5 5A 01 FE 18 01 01 68 7F A5 5A 01 FE 18 01 01 68 7F A5 5A 01 FE 18 01 01 68 7F A5 5A 01 FE 18 01 01 68 7F A5 5A 01 FE 18 01 01 68 7F A5 5A 01 FE 18 01 01 68 7F A5 5A 01 FE 18 01 01 68 7F A5 5A 01 FE 18 01 01 68 7F A5 5A 01 FE 18 01 01 68 7F A5 5A 01 FE 18 01 01 68 7F A5 5A 01 FE 18 01 01 68 7F A5 5A 01 FE 18 01 01 68 7F A5 5A 01 FE 18 01 01 68 7F A5 5A 01 FE 18 01 01 68 7F A5 5A 01 FE 18 01 01 68 7F A5 5A 01 FE 18 01
[11:52:46.706] [JETSON-STATUS] ERROR: A5 5A 01 FE 18 01 01 68 7F
[11:52:46.706] [JETSON-STATUS] ERROR: A5 5A 01 FE 18 01 01 68 7F
[11:52:46.707] [JETSON-STATUS] ERROR: A5 5A 01 FE 18 01 01 68 7F
[11:52:46.707] [JETSON-STATUS] ERROR: A5 5A 01 FE 18 01 01 68 7F
[11:52:46.707] [JETSON-STATUS] ERROR: A5 5A 01 FE 18 01 01 68 7F
[11:52:46.708] [JETSON-STATUS] ERROR: A5 5A 01 FE 18 01 01 68 7F
[11:52:46.708] [JETSON-STATUS] ERROR: A5 5A 01 FE 18 01 01 68 7F
[11:52:46.710] [JETSON-STATUS] ERROR: A5 5A 01 FE 18 01 01 68 7F
[11:52:46.710] [JETSON-STATUS] ERROR: A5 5A 01 FE 18 01 01 68 7F
[11:52:46.710] [JETSON-STATUS] ERROR: A5 5A 01 FE 18 01 01 68 7F
[11:52:46.710] [JETSON-STATUS] ERROR: A5 5A 01 FE 18 01 01 68 7F
[11:52:46.711] [JETSON-STATUS] ERROR: A5 5A 01 FE 18 01 01 68 7F
[11:52:46.711] [JETSON-STATUS] ERROR: A5 5A 01 FE 18 01 01 68 7F
[11:52:46.711] [JETSON-STATUS] ERROR: A5 5A 01 FE 18 01 01 68 7F
[11:52:46.712] [JETSON-STATUS] ERROR: A5 5A 01 FE 18 01 01 68 7F
[11:52:46.712] [JETSON-STATUS] ERROR: A5 5A 01 FE 18 01 01 68 7F
[11:52:46.712] [JETSON-STATUS] ERROR: A5 5A 01 FE 18 01 01 68 7F
[11:52:46.713] [JETSON-STATUS] ERROR: A5 5A 01 FE 18 01 01 68 7F
[11:52:46.713] [JETSON-STATUS] ERROR: A5 5A 01 FE 18 01 01 68 7F
[11:52:46.713] [JETSON-STATUS] ERROR: A5 5A 01 FE 18 01 01 68 7F
[11:52:46.714] [JETSON-STATUS] ERROR: A5 5A 01 FE 18 01 01 68 7F
[11:52:46.714] [JETSON-STATUS] ERROR: A5 5A 01 FE 18 01 01 68 7F
[11:52:46.715] [JETSON-STATUS] ERROR: A5 5A 01 FE 18 01 01 68 7F
[11:52:46.715] [JETSON-STATUS] ERROR: A5 5A 01 FE 18 01 01 68 7F
[11:52:46.715] [JETSON-STATUS] ERROR: A5 5A 01 FE 18 01 01 68 7F
[11:52:46.716] [JETSON-STATUS] ERROR: A5 5A 01 FE 18 01 01 68 7F
[11:52:46.716] [JETSON-STATUS] ERROR: A5 5A 01 FE 18 01 01 68 7F
[11:52:46.996] [JETSON-RX] 01 68 7F A5 5A 01 FE 18 01 01 68 7F A5 5A 01 FE 18 01 01 68 7F A5 5A 01 FE 18 01 01 68 7F A5 5A 01 FE 18 01 01 68 7F A5 5A 01 FE 18 01 01 68 7F A5 5A 01 FE 18 01 01 68 7F A5 5A 01 FE 18 01 01 68 7F A5 5A 01 FE 18 01 01 68 7F A5 5A 01 FE 18 01 01 68 7F A5 5A 01 FE 18 01 01 68 7F A5 5A 01 FE 18 01 01 68 7F A5 5A 01 FE 18 01 01 68 7F A5 5A 01 FE 18 01 01 68 7F A5 5A 01 FE 18 01 01 68 7F A5 5A 01 FE 18 01 01 68 7F A5 5A 01 FE 18 01 01 68 7F A5 5A 01 FE 18 01 01 68 7F A5 5A 01 FE 18 01 01 68 7F A5 5A 01 FE 18 01 01 68 7F A5 5A 01 FE 18 01 01 68 7F A5 5A 01 FE 18 01 01 68 7F A5 5A 01 FE 18 01 01 68 7F A5 5A 01 FE 18 01 01 68 7F A5 5A 01 FE 18 01 01 68 7F A5 5A 01 FE 18 01 01 68 7F A5 5A 01 FE 18 01 01 68 7F A5 5A 01 FE 18 01 01 68 7F A5 5A 01 FE 18 01 01 68 7F A5
[11:52:46.996] [JETSON-STATUS] ERROR: A5 5A 01 FE 18 01 01 68 7F
[11:52:46.997] [JETSON-STATUS] ERROR: A5 5A 01 FE 18 01 01 68 7F
[11:52:46.997] [JETSON-STATUS] ERROR: A5 5A 01 FE 18 01 01 68 7F
[11:52:46.997] [JETSON-STATUS] ERROR: A5 5A 01 FE 18 01 01 68 7F
[11:52:46.997] [JETSON-STATUS] ERROR: A5 5A 01 FE 18 01 01 68 7F
[11:52:46.998] [JETSON-STATUS] ERROR: A5 5A 01 FE 18 01 01 68 7F
[11:52:46.998] [JETSON-STATUS] ERROR: A5 5A 01 FE 18 01 01 68 7F
[11:52:46.999] [JETSON-STATUS] ERROR: A5 5A 01 FE 18 01 01 68 7F
[11:52:46.999] [JETSON-STATUS] ERROR: A5 5A 01 FE 18 01 01 68 7F
[11:52:46.999] [JETSON-STATUS] ERROR: A5 5A 01 FE 18 01 01 68 7F
[11:52:47.000] [JETSON-STATUS] ERROR: A5 5A 01 FE 18 01 01 68 7F
[11:52:47.000] [JETSON-STATUS] ERROR: A5 5A 01 FE 18 01 01 68 7F
[11:52:47.000] [JETSON-STATUS] ERROR: A5 5A 01 FE 18 01 01 68 7F
[11:52:47.001] [JETSON-STATUS] ERROR: A5 5A 01 FE 18 01 01 68 7F
[11:52:47.002] [JETSON-STATUS] ERROR: A5 5A 01 FE 18 01 01 68 7F
[11:52:47.002] [JETSON-STATUS] ERROR: A5 5A 01 FE 18 01 01 68 7F
[11:52:47.003] [JETSON-STATUS] ERROR: A5 5A 01 FE 18 01 01 68 7F
[11:52:47.003] [JETSON-STATUS] ERROR: A5 5A 01 FE 18 01 01 68 7F
[11:52:47.003] [JETSON-STATUS] ERROR: A5 5A 01 FE 18 01 01 68 7F
[11:52:47.004] [JETSON-STATUS] ERROR: A5 5A 01 FE 18 01 01 68 7F
[11:52:47.004] [JETSON-STATUS] ERROR: A5 5A 01 FE 18 01 01 68 7F
[11:52:47.004] [JETSON-STATUS] ERROR: A5 5A 01 FE 18 01 01 68 7F
[11:52:47.006] [JETSON-STATUS] ERROR: A5 5A 01 FE 18 01 01 68 7F
[11:52:47.006] [JETSON-STATUS] ERROR: A5 5A 01 FE 18 01 01 68 7F
[11:52:47.007] [JETSON-STATUS] ERROR: A5 5A 01 FE 18 01 01 68 7F
[11:52:47.008] [JETSON-STATUS] ERROR: A5 5A 01 FE 18 01 01 68 7F
[11:52:47.008] [JETSON-STATUS] ERROR: A5 5A 01 FE 18 01 01 68 7F
[11:52:47.008] [JETSON-STATUS] ERROR: A5 5A 01 FE 18 01 01 68 7F
[11:52:47.276] [JETSON-RX] 5A 01 FE 18 01 01 68 7F A5 5A 01 FE 18 01 01 68 7F A5 5A 01 FE 18 01 01 68 7F A5 5A 01 FE 18 01 01 68 7F A5 5A 01 FE 18 01 01 68 7F A5 5A 01 FE 18 01 01 68 7F A5 5A 01 FE 18 01 01 68 7F A5 5A 01 FE 18 01 01 68 7F A5 5A 01 FE 18 01 01 68 7F A5 5A 01 FE 18 01 01 68 7F A5 5A 01 FE 18 01 01 68 7F A5 5A 01 FE 18 01 01 68 7F A5 5A 01 FE 18 01 01 68 7F A5 5A 01 FE 18 01 01 68 7F A5 5A 01 FE 18 01 01 68 7F A5 5A 01 FE 18 01 01 68 7F A5 5A 01 FE 18 01 01 68 7F A5 5A 01 FE 18 01 01 68 7F A5 5A 01 FE 18 01 01 68 7F A5 5A 01 FE 18 01 01 68 7F A5 5A 01 FE 18 01 01 68 7F A5 5A 01 FE 18 01 01 68 7F A5 5A 01 FE 18 01 01 68 7F A5 5A 01 FE 18 01 01 68 7F A5 5A 01 FE 18 01 01 68 7F A5 5A 01 FE 18 01 01 68 7F A5 5A 01 FE 18 01 01 68 7F A5 5A 01 FE 18 01 01 68 7F A5 5A 01 FE 18
[11:52:47.277] [JETSON-STATUS] ERROR: A5 5A 01 FE 18 01 01 68 7F
[11:52:47.277] [JETSON-STATUS] ERROR: A5 5A 01 FE 18 01 01 68 7F
[11:52:47.278] [JETSON-STATUS] ERROR: A5 5A 01 FE 18 01 01 68 7F
[11:52:47.278] [JETSON-STATUS] ERROR: A5 5A 01 FE 18 01 01 68 7F
[11:52:47.279] [JETSON-STATUS] ERROR: A5 5A 01 FE 18 01 01 68 7F
[11:52:47.279] [JETSON-STATUS] ERROR: A5 5A 01 FE 18 01 01 68 7F
[11:52:47.279] [JETSON-STATUS] ERROR: A5 5A 01 FE 18 01 01 68 7F
[11:52:47.279] [JETSON-STATUS] ERROR: A5 5A 01 FE 18 01 01 68 7F
[11:52:47.280] [JETSON-STATUS] ERROR: A5 5A 01 FE 18 01 01 68 7F
[11:52:47.280] [JETSON-STATUS] ERROR: A5 5A 01 FE 18 01 01 68 7F
[11:52:47.280] [JETSON-STATUS] ERROR: A5 5A 01 FE 18 01 01 68 7F
[11:52:47.281] [JETSON-STATUS] ERROR: A5 5A 01 FE 18 01 01 68 7F
[11:52:47.281] [JETSON-STATUS] ERROR: A5 5A 01 FE 18 01 01 68 7F
[11:52:47.281] [JETSON-STATUS] ERROR: A5 5A 01 FE 18 01 01 68 7F
[11:52:47.283] [JETSON-STATUS] ERROR: A5 5A 01 FE 18 01 01 68 7F
[11:52:47.283] [JETSON-STATUS] ERROR: A5 5A 01 FE 18 01 01 68 7F
[11:52:47.283] [JETSON-STATUS] ERROR: A5 5A 01 FE 18 01 01 68 7F
[11:52:47.284] [JETSON-STATUS] ERROR: A5 5A 01 FE 18 01 01 68 7F
[11:52:47.284] [JETSON-STATUS] ERROR: A5 5A 01 FE 18 01 01 68 7F
[11:52:47.285] [JETSON-STATUS] ERROR: A5 5A 01 FE 18 01 01 68 7F
[11:52:47.285] [JETSON-STATUS] ERROR: A5 5A 01 FE 18 01 01 68 7F
[11:52:47.286] [JETSON-STATUS] ERROR: A5 5A 01 FE 18 01 01 68 7F
[11:52:47.286] [JETSON-STATUS] ERROR: A5 5A 01 FE 18 01 01 68 7F
[11:52:47.286] [JETSON-STATUS] ERROR: A5 5A 01 FE 18 01 01 68 7F
[11:52:47.287] [JETSON-STATUS] ERROR: A5 5A 01 FE 18 01 01 68 7F
[11:52:47.287] [JETSON-STATUS] ERROR: A5 5A 01 FE 18 01 01 68 7F
[11:52:47.287] [JETSON-STATUS] ERROR: A5 5A 01 FE 18 01 01 68 7F
[11:52:47.556] [JETSON-RX] 01 01 68 7F A5 5A 01 FE 18 01 01 68 7F A5 5A 01 FE 18 01 01 68 7F A5 5A 01 FE 18 01 01 68 7F A5 5A 01 FE 18 01 01 68 7F A5 5A 01 FE 18 01 01 68 7F A5 5A 01 FE 18 01 01 68 7F A5 5A 01 FE 18 01 01 68 7F A5 5A 01 FE 18 01 01 68 7F A5 5A 01 FE 18 01 01 68 7F A5 5A 01 FE 18 01 01 68 7F A5 5A 01 FE 18 01 01 68 7F A5 5A 01 FE 18 01 01 68 7F A5 5A 01 FE 18 01 01 68 7F A5 5A 01 FE 18 01 01 68 7F A5 5A 01 FE 18 01 01 68 7F A5 5A 01 FE 18 01 01 68 7F A5 5A 01 FE 18 01 01 68 7F A5 5A 01 FE 18 01 01 68 7F A5 5A 01 FE 18 01 01 68 7F A5 5A 01 FE 18 01 01 68 7F A5 5A 01 FE 18 01 01 68 7F A5 5A 01 FE 18 01 01 68 7F A5 5A 01 FE 18 01 01 68 7F A5 5A 01 FE 18 01 01 68 7F A5 5A 01 FE 18 01 01 68 7F A5 5A 01 FE 18 01 01 68 7F A5 5A 01 FE 18 01 01 68 7F A5 5A 01 FE 18 01 01 68 7F
[11:52:47.556] [JETSON-STATUS] ERROR: A5 5A 01 FE 18 01 01 68 7F
[11:52:47.556] [JETSON-STATUS] ERROR: A5 5A 01 FE 18 01 01 68 7F
[11:52:47.557] [JETSON-STATUS] ERROR: A5 5A 01 FE 18 01 01 68 7F
[11:52:47.557] [JETSON-STATUS] ERROR: A5 5A 01 FE 18 01 01 68 7F
[11:52:47.558] [JETSON-STATUS] ERROR: A5 5A 01 FE 18 01 01 68 7F
[11:52:47.559] [JETSON-STATUS] ERROR: A5 5A 01 FE 18 01 01 68 7F
[11:52:47.559] [JETSON-STATUS] ERROR: A5 5A 01 FE 18 01 01 68 7F
[11:52:47.561] [JETSON-STATUS] ERROR: A5 5A 01 FE 18 01 01 68 7F
[11:52:47.561] [JETSON-STATUS] ERROR: A5 5A 01 FE 18 01 01 68 7F
[11:52:47.561] [JETSON-STATUS] ERROR: A5 5A 01 FE 18 01 01 68 7F
[11:52:47.561] [JETSON-STATUS] ERROR: A5 5A 01 FE 18 01 01 68 7F
[11:52:47.562] [JETSON-STATUS] ERROR: A5 5A 01 FE 18 01 01 68 7F
[11:52:47.562] [JETSON-STATUS] ERROR: A5 5A 01 FE 18 01 01 68 7F
[11:52:47.562] [JETSON-STATUS] ERROR: A5 5A 01 FE 18 01 01 68 7F
[11:52:47.562] [JETSON-STATUS] ERROR: A5 5A 01 FE 18 01 01 68 7F
[11:52:47.563] [JETSON-STATUS] ERROR: A5 5A 01 FE 18 01 01 68 7F
[11:52:47.563] [JETSON-STATUS] ERROR: A5 5A 01 FE 18 01 01 68 7F
[11:52:47.563] [JETSON-STATUS] ERROR: A5 5A 01 FE 18 01 01 68 7F
[11:52:47.564] [JETSON-STATUS] ERROR: A5 5A 01 FE 18 01 01 68 7F
[11:52:47.564] [JETSON-STATUS] ERROR: A5 5A 01 FE 18 01 01 68 7F
[11:52:47.564] [JETSON-STATUS] ERROR: A5 5A 01 FE 18 01 01 68 7F
[11:52:47.565] [JETSON-STATUS] ERROR: A5 5A 01 FE 18 01 01 68 7F
[11:52:47.565] [JETSON-STATUS] ERROR: A5 5A 01 FE 18 01 01 68 7F
[11:52:47.565] [JETSON-STATUS] ERROR: A5 5A 01 FE 18 01 01 68 7F
[11:52:47.566] [JETSON-STATUS] ERROR: A5 5A 01 FE 18 01 01 68 7F
[11:52:47.566] [JETSON-STATUS] ERROR: A5 5A 01 FE 18 01 01 68 7F
[11:52:47.566] [JETSON-STATUS] ERROR: A5 5A 01 FE 18 01 01 68 7F
[11:52:47.567] [JETSON-STATUS] ERROR: A5 5A 01 FE 18 01 01 68 7F
[11:52:47.846] [JETSON-RX] A5 5A 01 FE 18 01 01 68 7F A5 5A 01 FE 18 01 01 68 7F A5 5A 01 FE 18 01 01 68 7F A5 5A 01 FE 18 01 01 68 7F A5 5A 01 FE 18 01 01 68 7F A5 5A 01 FE 18 01 01 68 7F A5 5A 01 FE 18 01 01 68 7F A5 5A 01 FE 18 01 01 68 7F A5 5A 01 FE 18 01 01 68 7F A5 5A 01 FE 18 01 01 68 7F A5 5A 01 FE 18 01 01 68 7F A5 5A 01 FE 18 01 01 68 7F A5 5A 01 FE 18 01 01 68 7F A5 5A 01 FE 18 01 01 68 7F A5 5A 01 FE 18 01 01 68 7F A5 5A 01 FE 18 01 01 68 7F A5 5A 01 FE 18 01 01 68 7F A5 5A 01 FE 18 01 01 68 7F A5 5A 01 FE 18 01 01 68 7F A5 5A 01 FE 18 01 01 68 7F A5 5A 01 FE 18 01 01 68 7F A5 5A 01 FE 18 01 01 68 7F A5 5A 01 FE 18 01 01 68 7F A5 5A 01 FE 18 01 01 68 7F A5 5A 01 FE 18 01 01 68 7F A5 5A 01 FE 18 01 01 68 7F A5 5A 01 FE 18 01 01 68 7F A5 5A 01 FE 18 01 01 68 7F A5 5A 01 FE
[11:52:47.846] [JETSON-STATUS] ERROR: A5 5A 01 FE 18 01 01 68 7F
[11:52:47.847] [JETSON-STATUS] ERROR: A5 5A 01 FE 18 01 01 68 7F
[11:52:47.847] [JETSON-STATUS] ERROR: A5 5A 01 FE 18 01 01 68 7F
[11:52:47.847] [JETSON-STATUS] ERROR: A5 5A 01 FE 18 01 01 68 7F
[11:52:47.848] [JETSON-STATUS] ERROR: A5 5A 01 FE 18 01 01 68 7F
[11:52:47.848] [JETSON-STATUS] ERROR: A5 5A 01 FE 18 01 01 68 7F
[11:52:47.848] [JETSON-STATUS] ERROR: A5 5A 01 FE 18 01 01 68 7F
[11:52:47.848] [JETSON-STATUS] ERROR: A5 5A 01 FE 18 01 01 68 7F
[11:52:47.849] [JETSON-STATUS] ERROR: A5 5A 01 FE 18 01 01 68 7F
[11:52:47.849] [JETSON-STATUS] ERROR: A5 5A 01 FE 18 01 01 68 7F
[11:52:47.849] [JETSON-STATUS] ERROR: A5 5A 01 FE 18 01 01 68 7F
[11:52:47.850] [JETSON-STATUS] ERROR: A5 5A 01 FE 18 01 01 68 7F
[11:52:47.850] [JETSON-STATUS] ERROR: A5 5A 01 FE 18 01 01 68 7F
[11:52:47.850] [JETSON-STATUS] ERROR: A5 5A 01 FE 18 01 01 68 7F
[11:52:47.850] [JETSON-STATUS] ERROR: A5 5A 01 FE 18 01 01 68 7F
[11:52:47.852] [JETSON-STATUS] ERROR: A5 5A 01 FE 18 01 01 68 7F
[11:52:47.852] [JETSON-STATUS] ERROR: A5 5A 01 FE 18 01 01 68 7F
[11:52:47.853] [JETSON-STATUS] ERROR: A5 5A 01 FE 18 01 01 68 7F
[11:52:47.853] [JETSON-STATUS] ERROR: A5 5A 01 FE 18 01 01 68 7F
[11:52:47.854] [JETSON-STATUS] ERROR: A5 5A 01 FE 18 01 01 68 7F
[11:52:47.854] [JETSON-STATUS] ERROR: A5 5A 01 FE 18 01 01 68 7F
[11:52:47.854] [JETSON-STATUS] ERROR: A5 5A 01 FE 18 01 01 68 7F
[11:52:47.854] [JETSON-STATUS] ERROR: A5 5A 01 FE 18 01 01 68 7F
[11:52:47.855] [JETSON-STATUS] ERROR: A5 5A 01 FE 18 01 01 68 7F
[11:52:47.855] [JETSON-STATUS] ERROR: A5 5A 01 FE 18 01 01 68 7F
[11:52:47.855] [JETSON-STATUS] ERROR: A5 5A 01 FE 18 01 01 68 7F
[11:52:47.856] [JETSON-STATUS] ERROR: A5 5A 01 FE 18 01 01 68 7F
[11:52:47.856] [JETSON-STATUS] ERROR: A5 5A 01 FE 18 01 01 68 7F
[11:52:48.126] [JETSON-RX] 18 01 01 68 7F A5 5A 01 FE 18 01 01 68 7F A5 5A 01 FE 18 01 01 68 7F A5 5A 01 FE 18 01 01 68 7F A5 5A 01 FE 18 01 01 68 7F A5 5A 01 FE 18 01 01 68 7F A5 5A 01 FE 18 01 01 68 7F A5 5A 01 FE 18 01 01 68 7F A5 5A 01 FE 18 01 01 68 7F A5 5A 01 FE 18 01 01 68 7F A5 5A 01 FE 18 01 01 68 7F A5 5A 01 FE 18 01 01 68 7F A5 5A 01 FE 18 01 01 68 7F A5 5A 01 FE 18 01 01 68 7F A5 5A 01 FE 18 01 01 68 7F A5 5A 01 FE 18 01 01 68 7F A5 5A 01 FE 18 01 01 68 7F A5 5A 01 FE 18 01 01 68 7F A5 5A 01 FE 18 01 01 68 7F A5 5A 01 FE 18 01 01 68 7F A5 5A 01 FE 18 01 01 68 7F A5 5A 01 FE 18 01 01 68 7F A5 5A 01 FE 18 01 01 68 7F A5 5A 01 FE 18 01 01 68 7F A5 5A 01 FE 18 01 01 68 7F A5 5A 01 FE 18 01 01 68 7F A5 5A 01 FE 18 01 01 68 7F A5 5A 01 FE 18 01 01 68 7F A5 5A 01 FE 18 01 01 68
[11:52:48.127] [JETSON-STATUS] ERROR: A5 5A 01 FE 18 01 01 68 7F
[11:52:48.127] [JETSON-STATUS] ERROR: A5 5A 01 FE 18 01 01 68 7F
[11:52:48.128] [JETSON-STATUS] ERROR: A5 5A 01 FE 18 01 01 68 7F
[11:52:48.128] [JETSON-STATUS] ERROR: A5 5A 01 FE 18 01 01 68 7F
[11:52:48.128] [JETSON-STATUS] ERROR: A5 5A 01 FE 18 01 01 68 7F
[11:52:48.129] [JETSON-STATUS] ERROR: A5 5A 01 FE 18 01 01 68 7F
[11:52:48.129] [JETSON-STATUS] ERROR: A5 5A 01 FE 18 01 01 68 7F
[11:52:48.129] [JETSON-STATUS] ERROR: A5 5A 01 FE 18 01 01 68 7F
[11:52:48.130] [JETSON-STATUS] ERROR: A5 5A 01 FE 18 01 01 68 7F
[11:52:48.130] [JETSON-STATUS] ERROR: A5 5A 01 FE 18 01 01 68 7F
[11:52:48.130] [JETSON-STATUS] ERROR: A5 5A 01 FE 18 01 01 68 7F
[11:52:48.130] [JETSON-STATUS] ERROR: A5 5A 01 FE 18 01 01 68 7F
[11:52:48.131] [JETSON-STATUS] ERROR: A5 5A 01 FE 18 01 01 68 7F
[11:52:48.131] [JETSON-STATUS] ERROR: A5 5A 01 FE 18 01 01 68 7F
[11:52:48.131] [JETSON-STATUS] ERROR: A5 5A 01 FE 18 01 01 68 7F
[11:52:48.131] [JETSON-STATUS] ERROR: A5 5A 01 FE 18 01 01 68 7F
[11:52:48.132] [JETSON-STATUS] ERROR: A5 5A 01 FE 18 01 01 68 7F
[11:52:48.132] [JETSON-STATUS] ERROR: A5 5A 01 FE 18 01 01 68 7F
[11:52:48.133] [JETSON-STATUS] ERROR: A5 5A 01 FE 18 01 01 68 7F
[11:52:48.133] [JETSON-STATUS] ERROR: A5 5A 01 FE 18 01 01 68 7F
[11:52:48.133] [JETSON-STATUS] ERROR: A5 5A 01 FE 18 01 01 68 7F
[11:52:48.133] [JETSON-STATUS] ERROR: A5 5A 01 FE 18 01 01 68 7F
[11:52:48.135] [JETSON-STATUS] ERROR: A5 5A 01 FE 18 01 01 68 7F
[11:52:48.135] [JETSON-STATUS] ERROR: A5 5A 01 FE 18 01 01 68 7F
[11:52:48.136] [JETSON-STATUS] ERROR: A5 5A 01 FE 18 01 01 68 7F
[11:52:48.136] [JETSON-STATUS] ERROR: A5 5A 01 FE 18 01 01 68 7F
[11:52:48.136] [JETSON-STATUS] ERROR: A5 5A 01 FE 18 01 01 68 7F
[11:52:48.416] [JETSON-RX] 7F A5 5A 01 FE 18 01 01 68 7F A5 5A 01 FE 18 01 01 68 7F A5 5A 01 FE 18 01 01 68 7F A5 5A 01 FE 18 01 01 68 7F A5 5A 01 FE 18 01 01 68 7F A5 5A 01 FE 18 01 01 68 7F A5 5A 01 FE 18 01 01 68 7F A5 5A 01 FE 18 01 01 68 7F A5 5A 01 FE 18 01 01 68 7F A5 5A 01 FE 18 01 01 68 7F A5 5A 01 FE 18 01 01 68 7F A5 5A 01 FE 18 01 01 68 7F A5 5A 01 FE 18 01 01 68 7F A5 5A 01 FE 18 01 01 68 7F A5 5A 01 FE 18 01 01 68 7F A5 5A 01 FE 18 01 01 68 7F A5 5A 01 FE 18 01 01 68 7F A5 5A 01 FE 18 01 01 68 7F A5 5A 01 FE 18 01 01 68 7F A5 5A 01 FE 18 01 01 68 7F A5 5A 01 FE 18 01 01 68 7F A5 5A 01 FE 18 01 01 68 7F A5 5A 01 FE 18 01 01 68 7F A5 5A 01 FE 18 01 01 68 7F A5 5A 01 FE 18 01 01 68 7F A5 5A 01 FE 18 01 01 68 7F A5 5A 01 FE 18 01 01 68 7F A5 5A 01 FE 18 01 01 68 7F A5 5A 01
[11:52:48.417] [JETSON-STATUS] ERROR: A5 5A 01 FE 18 01 01 68 7F
[11:52:48.417] [JETSON-STATUS] ERROR: A5 5A 01 FE 18 01 01 68 7F
[11:52:48.418] [JETSON-STATUS] ERROR: A5 5A 01 FE 18 01 01 68 7F
[11:52:48.418] [JETSON-STATUS] ERROR: A5 5A 01 FE 18 01 01 68 7F
[11:52:48.418] [JETSON-STATUS] ERROR: A5 5A 01 FE 18 01 01 68 7F
[11:52:48.419] [JETSON-STATUS] ERROR: A5 5A 01 FE 18 01 01 68 7F
[11:52:48.419] [JETSON-STATUS] ERROR: A5 5A 01 FE 18 01 01 68 7F
[11:52:48.419] [JETSON-STATUS] ERROR: A5 5A 01 FE 18 01 01 68 7F
[11:52:48.419] [JETSON-STATUS] ERROR: A5 5A 01 FE 18 01 01 68 7F
[11:52:48.420] [JETSON-STATUS] ERROR: A5 5A 01 FE 18 01 01 68 7F
[11:52:48.420] [JETSON-STATUS] ERROR: A5 5A 01 FE 18 01 01 68 7F
[11:52:48.420] [JETSON-STATUS] ERROR: A5 5A 01 FE 18 01 01 68 7F
[11:52:48.420] [JETSON-STATUS] ERROR: A5 5A 01 FE 18 01 01 68 7F
[11:52:48.420] [JETSON-STATUS] ERROR: A5 5A 01 FE 18 01 01 68 7F
[11:52:48.422] [JETSON-STATUS] ERROR: A5 5A 01 FE 18 01 01 68 7F
[11:52:48.422] [JETSON-STATUS] ERROR: A5 5A 01 FE 18 01 01 68 7F
[11:52:48.422] [JETSON-STATUS] ERROR: A5 5A 01 FE 18 01 01 68 7F
[11:52:48.422] [JETSON-STATUS] ERROR: A5 5A 01 FE 18 01 01 68 7F
[11:52:48.423] [JETSON-STATUS] ERROR: A5 5A 01 FE 18 01 01 68 7F
[11:52:48.423] [JETSON-STATUS] ERROR: A5 5A 01 FE 18 01 01 68 7F
[11:52:48.423] [JETSON-STATUS] ERROR: A5 5A 01 FE 18 01 01 68 7F
[11:52:48.424] [JETSON-STATUS] ERROR: A5 5A 01 FE 18 01 01 68 7F
[11:52:48.424] [JETSON-STATUS] ERROR: A5 5A 01 FE 18 01 01 68 7F
[11:52:48.424] [JETSON-STATUS] ERROR: A5 5A 01 FE 18 01 01 68 7F
[11:52:48.424] [JETSON-STATUS] ERROR: A5 5A 01 FE 18 01 01 68 7F
[11:52:48.425] [JETSON-STATUS] ERROR: A5 5A 01 FE 18 01 01 68 7F
[11:52:48.425] [JETSON-STATUS] ERROR: A5 5A 01 FE 18 01 01 68 7F
[11:52:48.425] [JETSON-STATUS] ERROR: A5 5A 01 FE 18 01 01 68 7F
[11:52:48.425] [JETSON-STATUS] ERROR: A5 5A 01 FE 18 01 01 68 7F
[11:52:48.696] [JETSON-RX] FE 18 01 01 68 7F A5 5A 01 FE 18 01 01 68 7F A5 5A 01 FE 18 01 01 68 7F A5 5A 01 FE 18 01 01 68 7F A5 5A 01 FE 18 01 01 68 7F A5 5A 01 FE 18 01 01 68 7F A5 5A 01 FE 18 01 01 68 7F A5 5A 01 FE 18 01 01 68 7F A5 5A 01 FE 18 01 01 68 7F A5 5A 01 FE 18 01 01 68 7F A5 5A 01 FE 18 01 01 68 7F A5 5A 01 FE 18 01 01 68 7F A5 5A 01 FE 18 01 01 68 7F A5 5A 01 FE 18 01 01 68 7F A5 5A 01 FE 18 01 01 68 7F A5 5A 01 FE 18 01 01 68 7F A5 5A 01 FE 18 01 01 68 7F A5 5A 01 FE 18 01 01 68 7F A5 5A 01 FE 18 01 01 68 7F A5 5A 01 FE 18 01 01 68 7F A5 5A 01 FE 18 01 01 68 7F A5 5A 01 FE 18 01 01 68 7F A5 5A 01 FE 18 01 01 68 7F A5 5A 01 FE 18 01 01 68 7F A5 5A 01 FE 18 01 01 68 7F A5 5A 01 FE 18 01 01 68 7F A5 5A 01 FE 18 01 01 68 7F A5 5A 01 FE 18 01 01 68 7F A5 5A 01 FE 18 01 01
[11:52:48.697] [JETSON-STATUS] ERROR: A5 5A 01 FE 18 01 01 68 7F
[11:52:48.697] [JETSON-STATUS] ERROR: A5 5A 01 FE 18 01 01 68 7F
[11:52:48.697] [JETSON-STATUS] ERROR: A5 5A 01 FE 18 01 01 68 7F
[11:52:48.698] [JETSON-STATUS] ERROR: A5 5A 01 FE 18 01 01 68 7F
[11:52:48.698] [JETSON-STATUS] ERROR: A5 5A 01 FE 18 01 01 68 7F
[11:52:48.698] [JETSON-STATUS] ERROR: A5 5A 01 FE 18 01 01 68 7F
[11:52:48.698] [JETSON-STATUS] ERROR: A5 5A 01 FE 18 01 01 68 7F
[11:52:48.699] [JETSON-STATUS] ERROR: A5 5A 01 FE 18 01 01 68 7F
[11:52:48.699] [JETSON-STATUS] ERROR: A5 5A 01 FE 18 01 01 68 7F
[11:52:48.699] [JETSON-STATUS] ERROR: A5 5A 01 FE 18 01 01 68 7F
[11:52:48.700] [JETSON-STATUS] ERROR: A5 5A 01 FE 18 01 01 68 7F
[11:52:48.700] [JETSON-STATUS] ERROR: A5 5A 01 FE 18 01 01 68 7F
[11:52:48.700] [JETSON-STATUS] ERROR: A5 5A 01 FE 18 01 01 68 7F
[11:52:48.700] [JETSON-STATUS] ERROR: A5 5A 01 FE 18 01 01 68 7F
[11:52:48.701] [JETSON-STATUS] ERROR: A5 5A 01 FE 18 01 01 68 7F
[11:52:48.701] [JETSON-STATUS] ERROR: A5 5A 01 FE 18 01 01 68 7F
[11:52:48.701] [JETSON-STATUS] ERROR: A5 5A 01 FE 18 01 01 68 7F
[11:52:48.701] [JETSON-STATUS] ERROR: A5 5A 01 FE 18 01 01 68 7F
[11:52:48.701] [JETSON-STATUS] ERROR: A5 5A 01 FE 18 01 01 68 7F
[11:52:48.703] [JETSON-STATUS] ERROR: A5 5A 01 FE 18 01 01 68 7F
[11:52:48.703] [JETSON-STATUS] ERROR: A5 5A 01 FE 18 01 01 68 7F
[11:52:48.703] [JETSON-STATUS] ERROR: A5 5A 01 FE 18 01 01 68 7F
[11:52:48.704] [JETSON-STATUS] ERROR: A5 5A 01 FE 18 01 01 68 7F
[11:52:48.704] [JETSON-STATUS] ERROR: A5 5A 01 FE 18 01 01 68 7F
[11:52:48.705] [JETSON-STATUS] ERROR: A5 5A 01 FE 18 01 01 68 7F
[11:52:48.705] [JETSON-STATUS] ERROR: A5 5A 01 FE 18 01 01 68 7F
[11:52:48.706] [JETSON-STATUS] ERROR: A5 5A 01 FE 18 01 01 68 7F
[11:52:48.987] [JETSON-RX] 68 7F A5 5A 01 FE 18 01 01 68 7F A5 5A 01 FE 18 01 01 68 7F A5 5A 01 FE 18 01 01 68 7F A5 5A 01 FE 18 01 01 68 7F A5 5A 01 FE 18 01 01 68 7F A5 5A 01 FE 18 01 01 68 7F A5 5A 01 FE 18 01 01 68 7F A5 5A 01 FE 18 01 01 68 7F A5 5A 01 FE 18 01 01 68 7F A5 5A 01 FE 18 01 01 68 7F A5 5A 01 FE 18 01 01 68 7F A5 5A 01 FE 18 01 01 68 7F A5 5A 01 FE 18 01 01 68 7F A5 5A 01 FE 18 01 01 68 7F A5 5A 01 FE 18 01 01 68 7F A5 5A 01 FE 18 01 01 68 7F A5 5A 01 FE 18 01 01 68 7F A5 5A 01 FE 18 01 01 68 7F A5 5A 01 FE 18 01 01 68 7F A5 5A 01 FE 18 01 01 68 7F A5 5A 01 FE 18 01 01 68 7F A5 5A 01 FE 18 01 01 68 7F A5 5A 01 FE 18 01 01 68 7F A5 5A 01 FE 18 01 01 68 7F A5 5A 01 FE 18 01 01 68 7F A5 5A 01 FE 18 01 01 68 7F A5 5A 01 FE 18 01 01 68 7F A5 5A 01 FE 18 01 01 68 7F A5 5A
[11:52:48.987] [JETSON-STATUS] ERROR: A5 5A 01 FE 18 01 01 68 7F
[11:52:48.988] [JETSON-STATUS] ERROR: A5 5A 01 FE 18 01 01 68 7F
[11:52:48.988] [JETSON-STATUS] ERROR: A5 5A 01 FE 18 01 01 68 7F
[11:52:48.988] [JETSON-STATUS] ERROR: A5 5A 01 FE 18 01 01 68 7F
[11:52:48.988] [JETSON-STATUS] ERROR: A5 5A 01 FE 18 01 01 68 7F
[11:52:48.988] [JETSON-STATUS] ERROR: A5 5A 01 FE 18 01 01 68 7F
[11:52:48.989] [JETSON-STATUS] ERROR: A5 5A 01 FE 18 01 01 68 7F
[11:52:48.989] [JETSON-STATUS] ERROR: A5 5A 01 FE 18 01 01 68 7F
[11:52:48.989] [JETSON-STATUS] ERROR: A5 5A 01 FE 18 01 01 68 7F
[11:52:48.989] [JETSON-STATUS] ERROR: A5 5A 01 FE 18 01 01 68 7F
[11:52:48.990] [JETSON-STATUS] ERROR: A5 5A 01 FE 18 01 01 68 7F
[11:52:48.991] [JETSON-STATUS] ERROR: A5 5A 01 FE 18 01 01 68 7F
[11:52:48.991] [JETSON-STATUS] ERROR: A5 5A 01 FE 18 01 01 68 7F
[11:52:48.992] [JETSON-STATUS] ERROR: A5 5A 01 FE 18 01 01 68 7F
[11:52:48.993] [JETSON-STATUS] ERROR: A5 5A 01 FE 18 01 01 68 7F
[11:52:48.993] [JETSON-STATUS] ERROR: A5 5A 01 FE 18 01 01 68 7F
[11:52:48.993] [JETSON-STATUS] ERROR: A5 5A 01 FE 18 01 01 68 7F
[11:52:48.993] [JETSON-STATUS] ERROR: A5 5A 01 FE 18 01 01 68 7F
[11:52:48.994] [JETSON-STATUS] ERROR: A5 5A 01 FE 18 01 01 68 7F
[11:52:48.994] [JETSON-STATUS] ERROR: A5 5A 01 FE 18 01 01 68 7F
[11:52:48.994] [JETSON-STATUS] ERROR: A5 5A 01 FE 18 01 01 68 7F
[11:52:48.995] [JETSON-STATUS] ERROR: A5 5A 01 FE 18 01 01 68 7F
[11:52:48.997] [JETSON-STATUS] ERROR: A5 5A 01 FE 18 01 01 68 7F
[11:52:48.997] [JETSON-STATUS] ERROR: A5 5A 01 FE 18 01 01 68 7F
[11:52:48.997] [JETSON-STATUS] ERROR: A5 5A 01 FE 18 01 01 68 7F
[11:52:48.998] [JETSON-STATUS] ERROR: A5 5A 01 FE 18 01 01 68 7F
[11:52:48.999] [JETSON-STATUS] ERROR: A5 5A 01 FE 18 01 01 68 7F
[11:52:48.999] [JETSON-STATUS] ERROR: A5 5A 01 FE 18 01 01 68 7F
[11:52:49.266] [JETSON-RX] 01 FE 18 01 01 68 7F A5 5A 01 FE 18 01 01 68 7F A5 5A 01 FE 18 01 01 68 7F A5 5A 01 FE 18 01 01 68 7F A5 5A 01 FE 18 01 01 68 7F A5 5A 01 FE 18 01 01 68 7F A5 5A 01 FE 18 01 01 68 7F A5 5A 01 FE 18 01 01 68 7F A5 5A 01 FE 18 01 01 68 7F A5 5A 01 FE 18 01 01 68 7F A5 5A 01 FE 18 01 01 68 7F A5 5A 01 FE 18 01 01 68 7F A5 5A 01 FE 18 01 01 68 7F A5 5A 01 FE 18 01 01 68 7F A5 5A 01 FE 18 01 01 68 7F A5 5A 01 FE 18 01 01 68 7F A5 5A 01 FE 18 01 01 68 7F A5 5A 01 FE 18 01 01 68 7F A5 5A 01 FE 18 01 01 68 7F A5 5A 01 FE 18 01 01 68 7F A5 5A 01 FE 18 01 01 68 7F A5 5A 01 FE 18 01 01 68 7F A5 5A 01 FE 18 01 01 68 7F A5 5A 01 FE 18 01 01 68 7F A5 5A 01 FE 18 01 01 68 7F A5 5A 01 FE 18 01 01 68 7F A5 5A 01 FE 18 01 01 68 7F A5 5A 01 FE 18 01 01 68 7F A5 5A 01 FE 18 01
[11:52:49.266] [JETSON-STATUS] ERROR: A5 5A 01 FE 18 01 01 68 7F
[11:52:49.267] [JETSON-STATUS] ERROR: A5 5A 01 FE 18 01 01 68 7F
[11:52:49.267] [JETSON-STATUS] ERROR: A5 5A 01 FE 18 01 01 68 7F
[11:52:49.267] [JETSON-STATUS] ERROR: A5 5A 01 FE 18 01 01 68 7F
[11:52:49.268] [JETSON-STATUS] ERROR: A5 5A 01 FE 18 01 01 68 7F
[11:52:49.268] [JETSON-STATUS] ERROR: A5 5A 01 FE 18 01 01 68 7F
[11:52:49.269] [JETSON-STATUS] ERROR: A5 5A 01 FE 18 01 01 68 7F
[11:52:49.269] [JETSON-STATUS] ERROR: A5 5A 01 FE 18 01 01 68 7F
[11:52:49.269] [JETSON-STATUS] ERROR: A5 5A 01 FE 18 01 01 68 7F
[11:52:49.269] [JETSON-STATUS] ERROR: A5 5A 01 FE 18 01 01 68 7F
[11:52:49.270] [JETSON-STATUS] ERROR: A5 5A 01 FE 18 01 01 68 7F
[11:52:49.270] [JETSON-STATUS] ERROR: A5 5A 01 FE 18 01 01 68 7F
[11:52:49.270] [JETSON-STATUS] ERROR: A5 5A 01 FE 18 01 01 68 7F
[11:52:49.271] [JETSON-STATUS] ERROR: A5 5A 01 FE 18 01 01 68 7F
[11:52:49.271] [JETSON-STATUS] ERROR: A5 5A 01 FE 18 01 01 68 7F
[11:52:49.271] [JETSON-STATUS] ERROR: A5 5A 01 FE 18 01 01 68 7F
[11:52:49.272] [JETSON-STATUS] ERROR: A5 5A 01 FE 18 01 01 68 7F
[11:52:49.272] [JETSON-STATUS] ERROR: A5 5A 01 FE 18 01 01 68 7F
[11:52:49.272] [JETSON-STATUS] ERROR: A5 5A 01 FE 18 01 01 68 7F
[11:52:49.273] [JETSON-STATUS] ERROR: A5 5A 01 FE 18 01 01 68 7F
[11:52:49.273] [JETSON-STATUS] ERROR: A5 5A 01 FE 18 01 01 68 7F
[11:52:49.273] [JETSON-STATUS] ERROR: A5 5A 01 FE 18 01 01 68 7F
[11:52:49.274] [JETSON-STATUS] ERROR: A5 5A 01 FE 18 01 01 68 7F
[11:52:49.274] [JETSON-STATUS] ERROR: A5 5A 01 FE 18 01 01 68 7F
[11:52:49.274] [JETSON-STATUS] ERROR: A5 5A 01 FE 18 01 01 68 7F
[11:52:49.274] [JETSON-STATUS] ERROR: A5 5A 01 FE 18 01 01 68 7F
[11:52:49.275] [JETSON-STATUS] ERROR: A5 5A 01 FE 18 01 01 68 7F
[11:52:49.556] [JETSON-RX] 01 68 7F A5 5A 01 FE 18 01 01 68 7F A5 5A 01 FE 18 01 01 68 7F A5 5A 01 FE 18 01 01 68 7F A5 5A 01 FE 18 01 01 68 7F A5 5A 01 FE 18 01 01 68 7F A5 5A 01 FE 18 01 01 68 7F A5 5A 01 FE 18 01 01 68 7F A5 5A 01 FE 18 01 01 68 7F A5 5A 01 FE 18 01 01 68 7F A5 5A 01 FE 18 01 01 68 7F A5 5A 01 FE 18 01 01 68 7F A5 5A 01 FE 18 01 01 68 7F A5 5A 01 FE 18 01 01 68 7F A5 5A 01 FE 18 01 01 68 7F A5 5A 01 FE 18 01 01 68 7F A5 5A 01 FE 18 01 01 68 7F A5 5A 01 FE 18 01 01 68 7F A5 5A 01 FE 18 01 01 68 7F A5 5A 01 FE 18 01 01 68 7F A5 5A 01 FE 18 01 01 68 7F A5 5A 01 FE 18 01 01 68 7F A5 5A 01 FE 18 01 01 68 7F A5 5A 01 FE 18 01 01 68 7F A5 5A 01 FE 18 01 01 68 7F A5 5A 01 FE 18 01 01 68 7F A5 5A 01 FE 18 01 01 68 7F A5 5A 01 FE 18 01 01 68 7F A5 5A 01 FE 18 01 01 68 7F A5
[11:52:49.557] [JETSON-STATUS] ERROR: A5 5A 01 FE 18 01 01 68 7F
[11:52:49.557] [JETSON-STATUS] ERROR: A5 5A 01 FE 18 01 01 68 7F
[11:52:49.558] [JETSON-STATUS] ERROR: A5 5A 01 FE 18 01 01 68 7F
[11:52:49.558] [JETSON-STATUS] ERROR: A5 5A 01 FE 18 01 01 68 7F
[11:52:49.558] [JETSON-STATUS] ERROR: A5 5A 01 FE 18 01 01 68 7F
[11:52:49.558] [JETSON-STATUS] ERROR: A5 5A 01 FE 18 01 01 68 7F
[11:52:49.559] [JETSON-STATUS] ERROR: A5 5A 01 FE 18 01 01 68 7F
[11:52:49.559] [JETSON-STATUS] ERROR: A5 5A 01 FE 18 01 01 68 7F
[11:52:49.559] [JETSON-STATUS] ERROR: A5 5A 01 FE 18 01 01 68 7F
[11:52:49.559] [JETSON-STATUS] ERROR: A5 5A 01 FE 18 01 01 68 7F
[11:52:49.560] [JETSON-STATUS] ERROR: A5 5A 01 FE 18 01 01 68 7F
[11:52:49.560] [JETSON-STATUS] ERROR: A5 5A 01 FE 18 01 01 68 7F
[11:52:49.560] [JETSON-STATUS] ERROR: A5 5A 01 FE 18 01 01 68 7F
[11:52:49.561] [JETSON-STATUS] ERROR: A5 5A 01 FE 18 01 01 68 7F
[11:52:49.561] [JETSON-STATUS] ERROR: A5 5A 01 FE 18 01 01 68 7F
[11:52:49.561] [JETSON-STATUS] ERROR: A5 5A 01 FE 18 01 01 68 7F
[11:52:49.561] [JETSON-STATUS] ERROR: A5 5A 01 FE 18 01 01 68 7F
[11:52:49.562] [JETSON-STATUS] ERROR: A5 5A 01 FE 18 01 01 68 7F
[11:52:49.562] [JETSON-STATUS] ERROR: A5 5A 01 FE 18 01 01 68 7F
[11:52:49.562] [JETSON-STATUS] ERROR: A5 5A 01 FE 18 01 01 68 7F
[11:52:49.563] [JETSON-STATUS] ERROR: A5 5A 01 FE 18 01 01 68 7F
[11:52:49.563] [JETSON-STATUS] ERROR: A5 5A 01 FE 18 01 01 68 7F
[11:52:49.563] [JETSON-STATUS] ERROR: A5 5A 01 FE 18 01 01 68 7F
[11:52:49.564] [JETSON-STATUS] ERROR: A5 5A 01 FE 18 01 01 68 7F
[11:52:49.564] [JETSON-STATUS] ERROR: A5 5A 01 FE 18 01 01 68 7F
[11:52:49.564] [JETSON-STATUS] ERROR: A5 5A 01 FE 18 01 01 68 7F
[11:52:49.565] [JETSON-STATUS] ERROR: A5 5A 01 FE 18 01 01 68 7F
[11:52:49.565] [JETSON-STATUS] ERROR: A5 5A 01 FE 18 01 01 68 7F
[11:52:49.836] [JETSON-RX] 5A 01 FE 18 01 01 68 7F A5 5A 01 FE 18 01 01 68 7F A5 5A 01 FE 18 01 01 68 7F A5 5A 01 FE 18 01 01 68 7F A5 5A 01 FE 18 01 01 68 7F A5 5A 01 FE 18 01 01 68 7F A5 5A 01 FE 18 01 01 68 7F A5 5A 01 FE 18 01 01 68 7F A5 5A 01 FE 18 01 01 68 7F A5 5A 01 FE 18 01 01 68 7F A5 5A 01 FE 18 01 01 68 7F A5 5A 01 FE 18 01 01 68 7F A5 5A 01 FE 18 01 01 68 7F A5 5A 01 FE 18 01 01 68 7F A5 5A 01 FE 18 01 01 68 7F A5 5A 01 FE 18 01 01 68 7F A5 5A 01 FE 18 01 01 68 7F A5 5A 01 FE 18 01 01 68 7F A5 5A 01 FE 18 01 01 68 7F A5 5A 01 FE 18 01 01 68 7F A5 5A 01 FE 18 01 01 68 7F A5 5A 01 FE 18 01 01 68 7F A5 5A 01 FE 18 01 01 68 7F A5 5A 01 FE 18 01 01 68 7F A5 5A 01 FE 18 01 01 68 7F A5 5A 01 FE 18 01 01 68 7F A5 5A 01 FE 18 01 01 68 7F A5 5A 01 FE 18 01 01 68 7F A5 5A 01 FE 18
[11:52:49.837] [JETSON-STATUS] ERROR: A5 5A 01 FE 18 01 01 68 7F
[11:52:49.837] [JETSON-STATUS] ERROR: A5 5A 01 FE 18 01 01 68 7F
[11:52:49.837] [JETSON-STATUS] ERROR: A5 5A 01 FE 18 01 01 68 7F
[11:52:49.838] [JETSON-STATUS] ERROR: A5 5A 01 FE 18 01 01 68 7F
[11:52:49.838] [JETSON-STATUS] ERROR: A5 5A 01 FE 18 01 01 68 7F
[11:52:49.838] [JETSON-STATUS] ERROR: A5 5A 01 FE 18 01 01 68 7F
[11:52:49.839] [JETSON-STATUS] ERROR: A5 5A 01 FE 18 01 01 68 7F
[11:52:49.839] [JETSON-STATUS] ERROR: A5 5A 01 FE 18 01 01 68 7F
[11:52:49.839] [JETSON-STATUS] ERROR: A5 5A 01 FE 18 01 01 68 7F
[11:52:49.839] [JETSON-STATUS] ERROR: A5 5A 01 FE 18 01 01 68 7F
[11:52:49.840] [JETSON-STATUS] ERROR: A5 5A 01 FE 18 01 01 68 7F
[11:52:49.840] [JETSON-STATUS] ERROR: A5 5A 01 FE 18 01 01 68 7F
[11:52:49.841] [JETSON-STATUS] ERROR: A5 5A 01 FE 18 01 01 68 7F
[11:52:49.841] [JETSON-STATUS] ERROR: A5 5A 01 FE 18 01 01 68 7F
[11:52:49.841] [JETSON-STATUS] ERROR: A5 5A 01 FE 18 01 01 68 7F
[11:52:49.842] [JETSON-STATUS] ERROR: A5 5A 01 FE 18 01 01 68 7F
[11:52:49.842] [JETSON-STATUS] ERROR: A5 5A 01 FE 18 01 01 68 7F
[11:52:49.842] [JETSON-STATUS] ERROR: A5 5A 01 FE 18 01 01 68 7F
[11:52:49.843] [JETSON-STATUS] ERROR: A5 5A 01 FE 18 01 01 68 7F
[11:52:49.843] [JETSON-STATUS] ERROR: A5 5A 01 FE 18 01 01 68 7F
[11:52:49.843] [JETSON-STATUS] ERROR: A5 5A 01 FE 18 01 01 68 7F
[11:52:49.843] [JETSON-STATUS] ERROR: A5 5A 01 FE 18 01 01 68 7F
[11:52:49.845] [JETSON-STATUS] ERROR: A5 5A 01 FE 18 01 01 68 7F
[11:52:49.845] [JETSON-STATUS] ERROR: A5 5A 01 FE 18 01 01 68 7F
[11:52:49.846] [JETSON-STATUS] ERROR: A5 5A 01 FE 18 01 01 68 7F
[11:52:49.846] [JETSON-STATUS] ERROR: A5 5A 01 FE 18 01 01 68 7F
[11:52:49.846] [JETSON-STATUS] ERROR: A5 5A 01 FE 18 01 01 68 7F
[11:52:50.116] [JETSON-RX] 01 01 68 7F A5 5A 01 FE 18 01 01 68 7F A5 5A 01 FE 18 01 01 68 7F A5 5A 01 FE 18 01 01 68 7F A5 5A 01 FE 18 01 01 68 7F A5 5A 01 FE 18 01 01 68 7F A5 5A 01 FE 18 01 01 68 7F A5 5A 01 FE 18 01 01 68 7F A5 5A 01 FE 18 01 01 68 7F A5 5A 01 FE 18 01 01 68 7F A5 5A 01 FE 18 01 01 68 7F A5 5A 01 FE 18 01 01 68 7F A5 5A 01 FE 18 01 01 68 7F A5 5A 01 FE 18 01 01 68 7F A5 5A 01 FE 18 01 01 68 7F A5 5A 01 FE 18 01 01 68 7F A5 5A 01 FE 18 01 01 68 7F A5 5A 01 FE 18 01 01 68 7F A5 5A 01 FE 18 01 01 68 7F A5 5A 01 FE 18 01 01 68 7F A5 5A 01 FE 18 01 01 68 7F A5 5A 01 FE 18 01 01 68 7F A5 5A 01 FE 18 01 01 68 7F A5 5A 01 FE 18 01 01 68 7F A5 5A 01 FE 18 01 01 68 7F A5 5A 01 FE 18 01 01 68 7F A5 5A 01 FE 18 01 01 68 7F A5 5A 01 FE 18 01 01 68 7F A5 5A 01 FE 18 01 01 68 7F
[11:52:50.116] [JETSON-STATUS] ERROR: A5 5A 01 FE 18 01 01 68 7F
[11:52:50.116] [JETSON-STATUS] ERROR: A5 5A 01 FE 18 01 01 68 7F
[11:52:50.118] [JETSON-STATUS] ERROR: A5 5A 01 FE 18 01 01 68 7F
[11:52:50.118] [JETSON-STATUS] ERROR: A5 5A 01 FE 18 01 01 68 7F
[11:52:50.119] [JETSON-STATUS] ERROR: A5 5A 01 FE 18 01 01 68 7F
[11:52:50.119] [JETSON-STATUS] ERROR: A5 5A 01 FE 18 01 01 68 7F
[11:52:50.119] [JETSON-STATUS] ERROR: A5 5A 01 FE 18 01 01 68 7F
[11:52:50.120] [JETSON-STATUS] ERROR: A5 5A 01 FE 18 01 01 68 7F
[11:52:50.120] [JETSON-STATUS] ERROR: A5 5A 01 FE 18 01 01 68 7F
[11:52:50.120] [JETSON-STATUS] ERROR: A5 5A 01 FE 18 01 01 68 7F
[11:52:50.121] [JETSON-STATUS] ERROR: A5 5A 01 FE 18 01 01 68 7F
[11:52:50.121] [JETSON-STATUS] ERROR: A5 5A 01 FE 18 01 01 68 7F
[11:52:50.121] [JETSON-STATUS] ERROR: A5 5A 01 FE 18 01 01 68 7F
[11:52:50.122] [JETSON-STATUS] ERROR: A5 5A 01 FE 18 01 01 68 7F
[11:52:50.122] [JETSON-STATUS] ERROR: A5 5A 01 FE 18 01 01 68 7F
[11:52:50.122] [JETSON-STATUS] ERROR: A5 5A 01 FE 18 01 01 68 7F
[11:52:50.122] [JETSON-STATUS] ERROR: A5 5A 01 FE 18 01 01 68 7F
[11:52:50.122] [JETSON-STATUS] ERROR: A5 5A 01 FE 18 01 01 68 7F
[11:52:50.123] [JETSON-STATUS] ERROR: A5 5A 01 FE 18 01 01 68 7F
[11:52:50.123] [JETSON-STATUS] ERROR: A5 5A 01 FE 18 01 01 68 7F
[11:52:50.123] [JETSON-STATUS] ERROR: A5 5A 01 FE 18 01 01 68 7F
[11:52:50.123] [JETSON-STATUS] ERROR: A5 5A 01 FE 18 01 01 68 7F
[11:52:50.123] [JETSON-STATUS] ERROR: A5 5A 01 FE 18 01 01 68 7F
[11:52:50.125] [JETSON-STATUS] ERROR: A5 5A 01 FE 18 01 01 68 7F
[11:52:50.125] [JETSON-STATUS] ERROR: A5 5A 01 FE 18 01 01 68 7F
[11:52:50.125] [JETSON-STATUS] ERROR: A5 5A 01 FE 18 01 01 68 7F
[11:52:50.126] [JETSON-STATUS] ERROR: A5 5A 01 FE 18 01 01 68 7F
[11:52:50.126] [JETSON-STATUS] ERROR: A5 5A 01 FE 18 01 01 68 7F
[11:52:50.149] [JETSON-INFO] heartbeat started: 200 ms
[11:52:50.149] [JETSON-TX] HEARTBEAT: A5 5A 01 01 19 04 64 7F 77 02 EA 17
[11:52:50.167] [ARM-RX] [JETSON_RX] heartbeat seq=25
[11:52:50.213] [JETSON-RX] A5 5A 01 FE 18 01 01 68 7F A5 5A 01 FE 18 01 01 68 7F A5 5A 01 FE 18 01 01 68 7F A5 5A 01 FE 19 01 01 39 BF
[11:52:50.213] [JETSON-STATUS] ERROR: A5 5A 01 FE 18 01 01 68 7F
[11:52:50.214] [JETSON-STATUS] ERROR: A5 5A 01 FE 18 01 01 68 7F
[11:52:50.214] [JETSON-STATUS] ERROR: A5 5A 01 FE 18 01 01 68 7F
[11:52:50.214] [JETSON-STATUS] ERROR: A5 5A 01 FE 19 01 01 39 BF
[11:52:50.351] [JETSON-TX] HEARTBEAT: A5 5A 01 01 1A 04 1F 80 77 02 C2 F0
[11:52:50.383] [ARM-RX] [JETSON_RX] heartbeat seq=26
[11:52:50.414] [JETSON-RX] A5 5A 01 FE 1A 01 01 C9 BF
[11:52:50.414] [JETSON-STATUS] ERROR: A5 5A 01 FE 1A 01 01 C9 BF
[11:52:50.552] [JETSON-TX] HEARTBEAT: A5 5A 01 01 1B 04 EA 80 77 02 F0 ED
[11:52:50.567] [ARM-RX] [JETSON_RX] heartbeat seq=27
[11:52:50.629] [JETSON-RX] A5 5A 01 FE 1B 01 01 98 7F
[11:52:50.629] [JETSON-STATUS] ERROR: A5 5A 01 FE 1B 01 01 98 7F
[11:52:50.753] [JETSON-TX] HEARTBEAT: A5 5A 01 01 1C 04 B5 81 77 02 B2 8E
[11:52:50.815] [ARM-RX] [JETSON_RX] heartbeat seq=28
[11:52:50.830] [JETSON-RX] A5 5A 01 FE 1C 01 01 29 BE
[11:52:50.830] [JETSON-STATUS] ERROR: A5 5A 01 FE 1C 01 01 29 BE
[11:52:50.953] [JETSON-TX] HEARTBEAT: A5 5A 01 01 1D 04 81 82 77 02 4D 6F
[11:52:50.998] [ARM-RX] [JETSON_RX] heartbeat seq=29
[11:52:51.013] [JETSON-RX] A5 5A 01 FE 1D 01 01 78 7E
[11:52:51.015] [JETSON-STATUS] ERROR: A5 5A 01 FE 1D 01 01 78 7E
[11:52:51.154] [JETSON-TX] HEARTBEAT: A5 5A 01 01 1E 04 4C 83 77 02 22 30
[11:52:51.183] [ARM-RX] [JETSON_RX] heartbeat seq=30
[11:52:51.215] [JETSON-RX] A5 5A 01 FE 1E 01 01 88 7E
[11:52:51.216] [JETSON-STATUS] ERROR: A5 5A 01 FE 1E 01 01 88 7E
[11:52:51.355] [JETSON-TX] HEARTBEAT: A5 5A 01 01 1F 04 17 84 77 02 81 04
[11:52:51.371] [ARM-RX] [JETSON_RX] heartbeat seq=31
[11:52:51.433] [JETSON-RX] A5 5A 01 FE 1F 01 01 D9 BE
[11:52:51.433] [JETSON-STATUS] ERROR: A5 5A 01 FE 1F 01 01 D9 BE
[11:52:51.557] [JETSON-TX] HEARTBEAT: A5 5A 01 01 20 04 E2 84 77 02 B7 C7
[11:52:51.617] [ARM-RX] [JETSON_RX] heartbeat seq=32
[11:52:51.633] [JETSON-RX] A5 5A 01 FE 20 01 01 E9 B2
[11:52:51.633] [JETSON-STATUS] ERROR: A5 5A 01 FE 20 01 01 E9 B2
[11:52:51.758] [JETSON-TX] HEARTBEAT: A5 5A 01 01 21 04 AD 85 77 02 F1 02
[11:52:51.768] [JETSON-INFO] heartbeat stopped
[11:52:51.801] [ARM-RX] [JETSON_RX] heartbeat seq=33
[11:52:51.833] [JETSON-RX] A5 5A 01 FE 21 01 01 B8 72
[11:52:51.833] [JETSON-STATUS] ERROR: A5 5A 01 FE 21 01 01 B8 72
[11:52:52.653] [JETSON-RX] A5 5A 01 FE 21 01 01 B8 72 A5 5A 01 FE 21 01 01 B8 72 A5 5A 01 FE 21 01 01 B8 72 A5 5A 01 FE 21 01 01 B8 72 A5 5A 01 FE 21 01 01 B8 72 A5 5A 01 FE 21 01 01 B8 72 A5 5A 01 FE 21 01 01 B8 72 A5 5A 01 FE 21 01 01 B8 72 A5 5A 01 FE 21 01 01 B8 72 A5 5A 01 FE 21 01 01 B8 72 A5 5A 01 FE 21 01 01 B8 72 A5 5A 01 FE 21 01 01 B8 72 A5 5A 01 FE 21 01 01 B8 72 A5 5A 01 FE 21 01 01 B8 72 A5 5A 01 FE 21 01 01 B8 72 A5 5A 01 FE 21 01 01 B8 72 A5 5A 01 FE 21 01 01 B8 72 A5 5A 01 FE 21 01 01 B8 72 A5 5A 01 FE 21 01 01 B8 72 A5 5A 01 FE 21 01 01 B8 72 A5 5A 01 FE 21 01 01 B8 72 A5 5A 01 FE 21 01 01 B8 72 A5 5A 01 FE 21 01 01 B8 72 A5 5A 01 FE 21 01 01 B8 72 A5 5A 01 FE 21 01 01 B8 72 A5 5A 01 FE 21 01 01 B8 72 A5 5A 01 FE 21 01 01 B8 72 A5 5A 01 FE 21 01 01 B8 72 A5 5A 01 FE
[11:52:52.653] [JETSON-STATUS] ERROR: A5 5A 01 FE 21 01 01 B8 72
[11:52:52.653] [JETSON-STATUS] ERROR: A5 5A 01 FE 21 01 01 B8 72
[11:52:52.654] [JETSON-STATUS] ERROR: A5 5A 01 FE 21 01 01 B8 72
[11:52:52.654] [JETSON-STATUS] ERROR: A5 5A 01 FE 21 01 01 B8 72
[11:52:52.654] [JETSON-STATUS] ERROR: A5 5A 01 FE 21 01 01 B8 72
[11:52:52.654] [JETSON-STATUS] ERROR: A5 5A 01 FE 21 01 01 B8 72
[11:52:52.655] [JETSON-STATUS] ERROR: A5 5A 01 FE 21 01 01 B8 72
[11:52:52.655] [JETSON-STATUS] ERROR: A5 5A 01 FE 21 01 01 B8 72
[11:52:52.655] [JETSON-STATUS] ERROR: A5 5A 01 FE 21 01 01 B8 72
[11:52:52.655] [JETSON-STATUS] ERROR: A5 5A 01 FE 21 01 01 B8 72
[11:52:52.657] [JETSON-STATUS] ERROR: A5 5A 01 FE 21 01 01 B8 72
[11:52:52.658] [JETSON-STATUS] ERROR: A5 5A 01 FE 21 01 01 B8 72
[11:52:52.658] [JETSON-STATUS] ERROR: A5 5A 01 FE 21 01 01 B8 72
[11:52:52.659] [JETSON-STATUS] ERROR: A5 5A 01 FE 21 01 01 B8 72
[11:52:52.659] [JETSON-STATUS] ERROR: A5 5A 01 FE 21 01 01 B8 72
[11:52:52.660] [JETSON-STATUS] ERROR: A5 5A 01 FE 21 01 01 B8 72
[11:52:52.660] [JETSON-STATUS] ERROR: A5 5A 01 FE 21 01 01 B8 72
[11:52:52.660] [JETSON-STATUS] ERROR: A5 5A 01 FE 21 01 01 B8 72
[11:52:52.661] [JETSON-STATUS] ERROR: A5 5A 01 FE 21 01 01 B8 72
[11:52:52.661] [JETSON-STATUS] ERROR: A5 5A 01 FE 21 01 01 B8 72
[11:52:52.661] [JETSON-STATUS] ERROR: A5 5A 01 FE 21 01 01 B8 72
[11:52:52.661] [JETSON-STATUS] ERROR: A5 5A 01 FE 21 01 01 B8 72
[11:52:52.662] [JETSON-STATUS] ERROR: A5 5A 01 FE 21 01 01 B8 72
[11:52:52.662] [JETSON-STATUS] ERROR: A5 5A 01 FE 21 01 01 B8 72
[11:52:52.662] [JETSON-STATUS] ERROR: A5 5A 01 FE 21 01 01 B8 72
[11:52:52.662] [JETSON-STATUS] ERROR: A5 5A 01 FE 21 01 01 B8 72
[11:52:52.663] [JETSON-STATUS] ERROR: A5 5A 01 FE 21 01 01 B8 72
[11:52:52.663] [JETSON-STATUS] ERROR: A5 5A 01 FE 21 01 01 B8 72
[11:52:52.933] [JETSON-RX] 21 01 01 B8 72 A5 5A 01 FE 21 01 01 B8 72 A5 5A 01 FE 21 01 01 B8 72 A5 5A 01 FE 21 01 01 B8 72 A5 5A 01 FE 21 01 01 B8 72 A5 5A 01 FE 21 01 01 B8 72 A5 5A 01 FE 21 01 01 B8 72 A5 5A 01 FE 21 01 01 B8 72 A5 5A 01 FE 21 01 01 B8 72 A5 5A 01 FE 21 01 01 B8 72 A5 5A 01 FE 21 01 01 B8 72 A5 5A 01 FE 21 01 01 B8 72 A5 5A 01 FE 21 01 01 B8 72 A5 5A 01 FE 21 01 01 B8 72 A5 5A 01 FE 21 01 01 B8 72 A5 5A 01 FE 21 01 01 B8 72 A5 5A 01 FE 21 01 01 B8 72 A5 5A 01 FE 21 01 01 B8 72 A5 5A 01 FE 21 01 01 B8 72 A5 5A 01 FE 21 01 01 B8 72 A5 5A 01 FE 21 01 01 B8 72 A5 5A 01 FE 21 01 01 B8 72 A5 5A 01 FE 21 01 01 B8 72 A5 5A 01 FE 21 01 01 B8 72 A5 5A 01 FE 21 01 01 B8 72 A5 5A 01 FE 21 01 01 B8 72 A5 5A 01 FE 21 01 01 B8 72 A5 5A 01 FE 21 01 01 B8 72 A5 5A 01 FE 21 01 01 B8
[11:52:52.933] [JETSON-STATUS] ERROR: A5 5A 01 FE 21 01 01 B8 72
[11:52:52.933] [JETSON-STATUS] ERROR: A5 5A 01 FE 21 01 01 B8 72
[11:52:52.934] [JETSON-STATUS] ERROR: A5 5A 01 FE 21 01 01 B8 72
[11:52:52.934] [JETSON-STATUS] ERROR: A5 5A 01 FE 21 01 01 B8 72
[11:52:52.934] [JETSON-STATUS] ERROR: A5 5A 01 FE 21 01 01 B8 72
[11:52:52.935] [JETSON-STATUS] ERROR: A5 5A 01 FE 21 01 01 B8 72
[11:52:52.935] [JETSON-STATUS] ERROR: A5 5A 01 FE 21 01 01 B8 72
[11:52:52.935] [JETSON-STATUS] ERROR: A5 5A 01 FE 21 01 01 B8 72
[11:52:52.935] [JETSON-STATUS] ERROR: A5 5A 01 FE 21 01 01 B8 72
[11:52:52.936] [JETSON-STATUS] ERROR: A5 5A 01 FE 21 01 01 B8 72
[11:52:52.936] [JETSON-STATUS] ERROR: A5 5A 01 FE 21 01 01 B8 72
[11:52:52.936] [JETSON-STATUS] ERROR: A5 5A 01 FE 21 01 01 B8 72
[11:52:52.936] [JETSON-STATUS] ERROR: A5 5A 01 FE 21 01 01 B8 72
[11:52:52.937] [JETSON-STATUS] ERROR: A5 5A 01 FE 21 01 01 B8 72
[11:52:52.937] [JETSON-STATUS] ERROR: A5 5A 01 FE 21 01 01 B8 72
[11:52:52.937] [JETSON-STATUS] ERROR: A5 5A 01 FE 21 01 01 B8 72
[11:52:52.938] [JETSON-STATUS] ERROR: A5 5A 01 FE 21 01 01 B8 72
[11:52:52.938] [JETSON-STATUS] ERROR: A5 5A 01 FE 21 01 01 B8 72
[11:52:52.938] [JETSON-STATUS] ERROR: A5 5A 01 FE 21 01 01 B8 72
[11:52:52.938] [JETSON-STATUS] ERROR: A5 5A 01 FE 21 01 01 B8 72
[11:52:52.939] [JETSON-STATUS] ERROR: A5 5A 01 FE 21 01 01 B8 72
[11:52:52.939] [JETSON-STATUS] ERROR: A5 5A 01 FE 21 01 01 B8 72
[11:52:52.939] [JETSON-STATUS] ERROR: A5 5A 01 FE 21 01 01 B8 72
[11:52:52.940] [JETSON-STATUS] ERROR: A5 5A 01 FE 21 01 01 B8 72
[11:52:52.940] [JETSON-STATUS] ERROR: A5 5A 01 FE 21 01 01 B8 72
[11:52:52.940] [JETSON-STATUS] ERROR: A5 5A 01 FE 21 01 01 B8 72
[11:52:52.942] [JETSON-STATUS] ERROR: A5 5A 01 FE 21 01 01 B8 72
[11:52:53.080] [JETSON-INFO] heartbeat stopped
[11:52:53.081] [JETSON-TX] TARGET_CTRL_STOP_NEW: A5 5A 01 02 22 01 00 B9 E2
[11:52:53.147] [JETSON-RX] 72 A5 5A 01 FE 21 01 01 B8 72 A5 5A 01 FE 21 01 01 B8 72 A5 5A 01 FE 21 01 01 B8 72 A5 5A 01 FE 21 01 01 B8 72 A5 5A 01 FE 21 01 01 B8 72 A5 5A 01 FE 21 01 01 B8 72 A5 5A 01 FE 21 01 01 B8 72 A5 5A 01 FE 21 01 01 B8 72 A5 5A 01 FE 21 01 01 B8 72 A5 5A 01 FE 21 01 01 B8 72 A5 5A 01 FE 21 01 01 B8 72 A5 5A 01 FE 21 01 01 B8 72 A5 5A 01 FE 21 01 01 B8 72 A5 5A 01 FE 21 01 01 B8 72 A5 5A 01 FE 21 01 01 B8 72 A5 5A 01 81 22 03 04 00 00 AC 53
[11:52:53.148] [JETSON-STATUS] ERROR: A5 5A 01 FE 21 01 01 B8 72
[11:52:53.149] [JETSON-STATUS] ERROR: A5 5A 01 FE 21 01 01 B8 72
[11:52:53.149] [JETSON-STATUS] ERROR: A5 5A 01 FE 21 01 01 B8 72
[11:52:53.149] [JETSON-STATUS] ERROR: A5 5A 01 FE 21 01 01 B8 72
[11:52:53.150] [JETSON-STATUS] ERROR: A5 5A 01 FE 21 01 01 B8 72
[11:52:53.150] [JETSON-STATUS] ERROR: A5 5A 01 FE 21 01 01 B8 72
[11:52:53.150] [JETSON-STATUS] ERROR: A5 5A 01 FE 21 01 01 B8 72
[11:52:53.151] [JETSON-STATUS] ERROR: A5 5A 01 FE 21 01 01 B8 72
[11:52:53.151] [JETSON-STATUS] ERROR: A5 5A 01 FE 21 01 01 B8 72
[11:52:53.152] [JETSON-STATUS] ERROR: A5 5A 01 FE 21 01 01 B8 72
[11:52:53.152] [JETSON-STATUS] ERROR: A5 5A 01 FE 21 01 01 B8 72
[11:52:53.152] [JETSON-STATUS] ERROR: A5 5A 01 FE 21 01 01 B8 72
[11:52:53.153] [JETSON-STATUS] ERROR: A5 5A 01 FE 21 01 01 B8 72
[11:52:53.153] [JETSON-STATUS] ERROR: A5 5A 01 FE 21 01 01 B8 72
[11:52:53.153] [JETSON-STATUS] ERROR: A5 5A 01 FE 21 01 01 B8 72
[11:52:53.154] [JETSON-STATUS] ERROR: A5 5A 01 FE 21 01 01 B8 72
[11:52:53.154] [JETSON-STATUS] TARGET_CTRL_OFF: A5 5A 01 81 22 03 04 00 00 AC 53
[11:52:53.350] [ARM-RX] [JETSON_RX] target_ctrl=0
[11:52:53.350] [ARM-RX] ROBOT_SOFT_RESET_EVENT
[11:52:53.350] [ARM-RX] --- Starting sSoft reset motors enabled (J1~J5, J6 skipped).
[11:52:53.351] [ARM-RX] Soft resetting joint 4...
[11:52:53.351] [ARM-RX] robot_update_current_angle 4...
[11:52:53.351] [ARM-RX] [4] current:90.00, target:90.00, dir:1
[11:52:53.474] [ARM-RX] Soft resetting joint 3...
[11:52:53.535] [ARM-RX] robot_update_current_angle 3...
[11:52:53.535] [ARM-RX] [3] current:0.00, target:0.00, dir:-1
[11:52:53.659] [ARM-RX] Soft resetting joint 1...
[11:52:53.659] [ARM-RX] robot_update_current_angle 1...
[11:52:53.659] [ARM-RX] [1] current:90.00, target:90.00, dir:1
[11:52:53.782] [ARM-RX] Soft resetting joint 2...
[11:52:53.782] [ARM-RX] robot_update_current_angle 2...
[11:52:53.782] [ARM-RX] [2] current:-90.00, target:-90.00, dir:-1
[11:52:53.908] [ARM-RX] Soft resetting joint 0...
[11:52:53.970] [ARM-RX] robot_update_current_angle 0...
[11:52:53.970] [ARM-RX] [0] current:90.00, target:90.00, dir:-1
[11:52:54.158] [ARM-RX] soft reset final verify PASS (issues:0), pose set HOME.
[11:52:57.578] [JETSON-TX] TARGET_CTRL_START_NEW: A5 5A 01 02 23 01 01 29 E2
[11:52:57.645] [JETSON-RX] A5 5A 01 81 23 03 04 01 00 90 03 A5 5A 01 FE 23 01 01 19 B2
[11:52:57.646] [JETSON-STATUS] TARGET_CTRL_ON: A5 5A 01 81 23 03 04 01 00 90 03
[11:52:57.648] [JETSON-STATUS] ERROR: A5 5A 01 FE 23 01 01 19 B2
[11:52:57.692] [ARM-RX] [JETSON_RX] target_ctrl=1
[11:52:58.469] [JETSON-RX] A5 5A 01 FE 23 01 01 19 B2 A5 5A 01 FE 23 01 01 19 B2 A5 5A 01 FE 23 01 01 19 B2 A5 5A 01 FE 23 01 01 19 B2 A5 5A 01 FE 23 01 01 19 B2 A5 5A 01 FE 23 01 01 19 B2 A5 5A 01 FE 23 01 01 19 B2 A5 5A 01 FE 23 01 01 19 B2 A5 5A 01 FE 23 01 01 19 B2 A5 5A 01 FE 23 01 01 19 B2 A5 5A 01 FE 23 01 01 19 B2 A5 5A 01 FE 23 01 01 19 B2 A5 5A 01 FE 23 01 01 19 B2 A5 5A 01 FE 23 01 01 19 B2 A5 5A 01 FE 23 01 01 19 B2 A5 5A 01 FE 23 01 01 19 B2 A5 5A 01 FE 23 01 01 19 B2 A5 5A 01 FE 23 01 01 19 B2 A5 5A 01 FE 23 01 01 19 B2 A5 5A 01 FE 23 01 01 19 B2 A5 5A 01 FE 23 01 01 19 B2 A5 5A 01 FE 23 01 01 19 B2 A5 5A 01 FE 23 01 01 19 B2 A5 5A 01 FE 23 01 01 19 B2 A5 5A 01 FE 23 01 01 19 B2 A5 5A 01 FE 23 01 01 19 B2 A5 5A 01 FE 23 01 01 19 B2 A5 5A 01 FE 23 01 01 19 B2 A5 5A 01 FE
[11:52:58.470] [JETSON-STATUS] ERROR: A5 5A 01 FE 23 01 01 19 B2
[11:52:58.470] [JETSON-STATUS] ERROR: A5 5A 01 FE 23 01 01 19 B2
[11:52:58.470] [JETSON-STATUS] ERROR: A5 5A 01 FE 23 01 01 19 B2
[11:52:58.472] [JETSON-STATUS] ERROR: A5 5A 01 FE 23 01 01 19 B2
[11:52:58.472] [JETSON-STATUS] ERROR: A5 5A 01 FE 23 01 01 19 B2
[11:52:58.472] [JETSON-STATUS] ERROR: A5 5A 01 FE 23 01 01 19 B2
[11:52:58.472] [JETSON-STATUS] ERROR: A5 5A 01 FE 23 01 01 19 B2
[11:52:58.473] [JETSON-STATUS] ERROR: A5 5A 01 FE 23 01 01 19 B2
[11:52:58.473] [JETSON-STATUS] ERROR: A5 5A 01 FE 23 01 01 19 B2
[11:52:58.473] [JETSON-STATUS] ERROR: A5 5A 01 FE 23 01 01 19 B2
[11:52:58.473] [JETSON-STATUS] ERROR: A5 5A 01 FE 23 01 01 19 B2
[11:52:58.474] [JETSON-STATUS] ERROR: A5 5A 01 FE 23 01 01 19 B2
[11:52:58.474] [JETSON-STATUS] ERROR: A5 5A 01 FE 23 01 01 19 B2
[11:52:58.474] [JETSON-STATUS] ERROR: A5 5A 01 FE 23 01 01 19 B2
[11:52:58.475] [JETSON-STATUS] ERROR: A5 5A 01 FE 23 01 01 19 B2
[11:52:58.475] [JETSON-STATUS] ERROR: A5 5A 01 FE 23 01 01 19 B2
[11:52:58.475] [JETSON-STATUS] ERROR: A5 5A 01 FE 23 01 01 19 B2
[11:52:58.475] [JETSON-STATUS] ERROR: A5 5A 01 FE 23 01 01 19 B2
[11:52:58.476] [JETSON-STATUS] ERROR: A5 5A 01 FE 23 01 01 19 B2
[11:52:58.476] [JETSON-STATUS] ERROR: A5 5A 01 FE 23 01 01 19 B2
[11:52:58.476] [JETSON-STATUS] ERROR: A5 5A 01 FE 23 01 01 19 B2
[11:52:58.476] [JETSON-STATUS] ERROR: A5 5A 01 FE 23 01 01 19 B2
[11:52:58.477] [JETSON-STATUS] ERROR: A5 5A 01 FE 23 01 01 19 B2
[11:52:58.477] [JETSON-STATUS] ERROR: A5 5A 01 FE 23 01 01 19 B2
[11:52:58.477] [JETSON-STATUS] ERROR: A5 5A 01 FE 23 01 01 19 B2
[11:52:58.478] [JETSON-STATUS] ERROR: A5 5A 01 FE 23 01 01 19 B2
[11:52:58.478] [JETSON-STATUS] ERROR: A5 5A 01 FE 23 01 01 19 B2
[11:52:58.478] [JETSON-STATUS] ERROR: A5 5A 01 FE 23 01 01 19 B2
[11:52:58.750] [JETSON-RX] 23 01 01 19 B2 A5 5A 01 FE 23 01 01 19 B2 A5 5A 01 FE 23 01 01 19 B2 A5 5A 01 FE 23 01 01 19 B2 A5 5A 01 FE 23 01 01 19 B2 A5 5A 01 FE 23 01 01 19 B2 A5 5A 01 FE 23 01 01 19 B2 A5 5A 01 FE 23 01 01 19 B2 A5 5A 01 FE 23 01 01 19 B2 A5 5A 01 FE 23 01 01 19 B2 A5 5A 01 FE 23 01 01 19 B2 A5 5A 01 FE 23 01 01 19 B2 A5 5A 01 FE 23 01 01 19 B2 A5 5A 01 FE 23 01 01 19 B2 A5 5A 01 FE 23 01 01 19 B2 A5 5A 01 FE 23 01 01 19 B2 A5 5A 01 FE 23 01 01 19 B2 A5 5A 01 FE 23 01 01 19 B2 A5 5A 01 FE 23 01 01 19 B2 A5 5A 01 FE 23 01 01 19 B2 A5 5A 01 FE 23 01 01 19 B2 A5 5A 01 FE 23 01 01 19 B2 A5 5A 01 FE 23 01 01 19 B2 A5 5A 01 FE 23 01 01 19 B2 A5 5A 01 FE 23 01 01 19 B2 A5 5A 01 FE 23 01 01 19 B2 A5 5A 01 FE 23 01 01 19 B2 A5 5A 01 FE 23 01 01 19 B2 A5 5A 01 FE 23 01 01 19
[11:52:58.750] [JETSON-STATUS] ERROR: A5 5A 01 FE 23 01 01 19 B2
[11:52:58.751] [JETSON-STATUS] ERROR: A5 5A 01 FE 23 01 01 19 B2
[11:52:58.751] [JETSON-STATUS] ERROR: A5 5A 01 FE 23 01 01 19 B2
[11:52:58.751] [JETSON-STATUS] ERROR: A5 5A 01 FE 23 01 01 19 B2
[11:52:58.752] [JETSON-STATUS] ERROR: A5 5A 01 FE 23 01 01 19 B2
[11:52:58.752] [JETSON-STATUS] ERROR: A5 5A 01 FE 23 01 01 19 B2
[11:52:58.752] [JETSON-STATUS] ERROR: A5 5A 01 FE 23 01 01 19 B2
[11:52:58.753] [JETSON-STATUS] ERROR: A5 5A 01 FE 23 01 01 19 B2
[11:52:58.753] [JETSON-STATUS] ERROR: A5 5A 01 FE 23 01 01 19 B2
[11:52:58.753] [JETSON-STATUS] ERROR: A5 5A 01 FE 23 01 01 19 B2
[11:52:58.753] [JETSON-STATUS] ERROR: A5 5A 01 FE 23 01 01 19 B2
[11:52:58.753] [JETSON-STATUS] ERROR: A5 5A 01 FE 23 01 01 19 B2
[11:52:58.754] [JETSON-STATUS] ERROR: A5 5A 01 FE 23 01 01 19 B2
[11:52:58.754] [JETSON-STATUS] ERROR: A5 5A 01 FE 23 01 01 19 B2
[11:52:58.754] [JETSON-STATUS] ERROR: A5 5A 01 FE 23 01 01 19 B2
[11:52:58.755] [JETSON-STATUS] ERROR: A5 5A 01 FE 23 01 01 19 B2
[11:52:58.755] [JETSON-STATUS] ERROR: A5 5A 01 FE 23 01 01 19 B2
[11:52:58.755] [JETSON-STATUS] ERROR: A5 5A 01 FE 23 01 01 19 B2
[11:52:58.755] [JETSON-STATUS] ERROR: A5 5A 01 FE 23 01 01 19 B2
[11:52:58.756] [JETSON-STATUS] ERROR: A5 5A 01 FE 23 01 01 19 B2
[11:52:58.756] [JETSON-STATUS] ERROR: A5 5A 01 FE 23 01 01 19 B2
[11:52:58.756] [JETSON-STATUS] ERROR: A5 5A 01 FE 23 01 01 19 B2
[11:52:58.757] [JETSON-STATUS] ERROR: A5 5A 01 FE 23 01 01 19 B2
[11:52:58.757] [JETSON-STATUS] ERROR: A5 5A 01 FE 23 01 01 19 B2
[11:52:58.758] [JETSON-STATUS] ERROR: A5 5A 01 FE 23 01 01 19 B2
[11:52:58.758] [JETSON-STATUS] ERROR: A5 5A 01 FE 23 01 01 19 B2
[11:52:58.758] [JETSON-STATUS] ERROR: A5 5A 01 FE 23 01 01 19 B2
[11:52:59.040] [JETSON-RX] B2 A5 5A 01 FE 23 01 01 19 B2 A5 5A 01 FE 23 01 01 19 B2 A5 5A 01 FE 23 01 01 19 B2 A5 5A 01 FE 23 01 01 19 B2 A5 5A 01 FE 23 01 01 19 B2 A5 5A 01 FE 23 01 01 19 B2 A5 5A 01 FE 23 01 01 19 B2 A5 5A 01 FE 23 01 01 19 B2 A5 5A 01 FE 23 01 01 19 B2 A5 5A 01 FE 23 01 01 19 B2 A5 5A 01 FE 23 01 01 19 B2 A5 5A 01 FE 23 01 01 19 B2 A5 5A 01 FE 23 01 01 19 B2 A5 5A 01 FE 23 01 01 19 B2 A5 5A 01 FE 23 01 01 19 B2 A5 5A 01 FE 23 01 01 19 B2 A5 5A 01 FE 23 01 01 19 B2 A5 5A 01 FE 23 01 01 19 B2 A5 5A 01 FE 23 01 01 19 B2 A5 5A 01 FE 23 01 01 19 B2 A5 5A 01 FE 23 01 01 19 B2 A5 5A 01 FE 23 01 01 19 B2 A5 5A 01 FE 23 01 01 19 B2 A5 5A 01 FE 23 01 01 19 B2 A5 5A 01 FE 23 01 01 19 B2 A5 5A 01 FE 23 01 01 19 B2 A5 5A 01 FE 23 01 01 19 B2 A5 5A 01 FE 23 01 01 19 B2 A5 5A 01
[11:52:59.041] [JETSON-STATUS] ERROR: A5 5A 01 FE 23 01 01 19 B2
[11:52:59.041] [JETSON-STATUS] ERROR: A5 5A 01 FE 23 01 01 19 B2
[11:52:59.042] [JETSON-STATUS] ERROR: A5 5A 01 FE 23 01 01 19 B2
[11:52:59.042] [JETSON-STATUS] ERROR: A5 5A 01 FE 23 01 01 19 B2
[11:52:59.043] [JETSON-STATUS] ERROR: A5 5A 01 FE 23 01 01 19 B2
[11:52:59.043] [JETSON-STATUS] ERROR: A5 5A 01 FE 23 01 01 19 B2
[11:52:59.043] [JETSON-STATUS] ERROR: A5 5A 01 FE 23 01 01 19 B2
[11:52:59.044] [JETSON-STATUS] ERROR: A5 5A 01 FE 23 01 01 19 B2
[11:52:59.044] [JETSON-STATUS] ERROR: A5 5A 01 FE 23 01 01 19 B2
[11:52:59.044] [JETSON-STATUS] ERROR: A5 5A 01 FE 23 01 01 19 B2
[11:52:59.044] [JETSON-STATUS] ERROR: A5 5A 01 FE 23 01 01 19 B2
[11:52:59.045] [JETSON-STATUS] ERROR: A5 5A 01 FE 23 01 01 19 B2
[11:52:59.045] [JETSON-STATUS] ERROR: A5 5A 01 FE 23 01 01 19 B2
[11:52:59.045] [JETSON-STATUS] ERROR: A5 5A 01 FE 23 01 01 19 B2
[11:52:59.045] [JETSON-STATUS] ERROR: A5 5A 01 FE 23 01 01 19 B2
[11:52:59.045] [JETSON-STATUS] ERROR: A5 5A 01 FE 23 01 01 19 B2
[11:52:59.046] [JETSON-STATUS] ERROR: A5 5A 01 FE 23 01 01 19 B2
[11:52:59.046] [JETSON-STATUS] ERROR: A5 5A 01 FE 23 01 01 19 B2
[11:52:59.046] [JETSON-STATUS] ERROR: A5 5A 01 FE 23 01 01 19 B2
[11:52:59.047] [JETSON-STATUS] ERROR: A5 5A 01 FE 23 01 01 19 B2
[11:52:59.047] [JETSON-STATUS] ERROR: A5 5A 01 FE 23 01 01 19 B2
[11:52:59.047] [JETSON-STATUS] ERROR: A5 5A 01 FE 23 01 01 19 B2
[11:52:59.048] [JETSON-STATUS] ERROR: A5 5A 01 FE 23 01 01 19 B2
[11:52:59.048] [JETSON-STATUS] ERROR: A5 5A 01 FE 23 01 01 19 B2
[11:52:59.048] [JETSON-STATUS] ERROR: A5 5A 01 FE 23 01 01 19 B2
[11:52:59.049] [JETSON-STATUS] ERROR: A5 5A 01 FE 23 01 01 19 B2
[11:52:59.049] [JETSON-STATUS] ERROR: A5 5A 01 FE 23 01 01 19 B2
[11:52:59.049] [JETSON-STATUS] ERROR: A5 5A 01 FE 23 01 01 19 B2
[11:52:59.050] [JETSON-STATUS] ERROR: A5 5A 01 FE 23 01 01 19 B2
[11:52:59.319] [JETSON-RX] FE 23 01 01 19 B2 A5 5A 01 FE 23 01 01 19 B2 A5 5A 01 FE 23 01 01 19 B2 A5 5A 01 FE 23 01 01 19 B2 A5 5A 01 FE 23 01 01 19 B2 A5 5A 01 FE 23 01 01 19 B2 A5 5A 01 FE 23 01 01 19 B2 A5 5A 01 FE 23 01 01 19 B2 A5 5A 01 FE 23 01 01 19 B2 A5 5A 01 FE 23 01 01 19 B2 A5 5A 01 FE 23 01 01 19 B2 A5 5A 01 FE 23 01 01 19 B2 A5 5A 01 FE 23 01 01 19 B2 A5 5A 01 FE 23 01 01 19 B2 A5 5A 01 FE 23 01 01 19 B2 A5 5A 01 FE 23 01 01 19 B2 A5 5A 01 FE 23 01 01 19 B2 A5 5A 01 FE 23 01 01 19 B2 A5 5A 01 FE 23 01 01 19 B2 A5 5A 01 FE 23 01 01 19 B2 A5 5A 01 FE 23 01 01 19 B2 A5 5A 01 FE 23 01 01 19 B2 A5 5A 01 FE 23 01 01 19 B2 A5 5A 01 FE 23 01 01 19 B2 A5 5A 01 FE 23 01 01 19 B2 A5 5A 01 FE 23 01 01 19 B2 A5 5A 01 FE 23 01 01 19 B2 A5 5A 01 FE 23 01 01 19 B2 A5 5A 01 FE 23 01 01
[11:52:59.320] [JETSON-STATUS] ERROR: A5 5A 01 FE 23 01 01 19 B2
[11:52:59.320] [JETSON-STATUS] ERROR: A5 5A 01 FE 23 01 01 19 B2
[11:52:59.320] [JETSON-STATUS] ERROR: A5 5A 01 FE 23 01 01 19 B2
[11:52:59.321] [JETSON-STATUS] ERROR: A5 5A 01 FE 23 01 01 19 B2
[11:52:59.321] [JETSON-STATUS] ERROR: A5 5A 01 FE 23 01 01 19 B2
[11:52:59.321] [JETSON-STATUS] ERROR: A5 5A 01 FE 23 01 01 19 B2
[11:52:59.321] [JETSON-STATUS] ERROR: A5 5A 01 FE 23 01 01 19 B2
[11:52:59.322] [JETSON-STATUS] ERROR: A5 5A 01 FE 23 01 01 19 B2
[11:52:59.322] [JETSON-STATUS] ERROR: A5 5A 01 FE 23 01 01 19 B2
[11:52:59.322] [JETSON-STATUS] ERROR: A5 5A 01 FE 23 01 01 19 B2
[11:52:59.323] [JETSON-STATUS] ERROR: A5 5A 01 FE 23 01 01 19 B2
[11:52:59.323] [JETSON-STATUS] ERROR: A5 5A 01 FE 23 01 01 19 B2
[11:52:59.323] [JETSON-STATUS] ERROR: A5 5A 01 FE 23 01 01 19 B2
[11:52:59.325] [JETSON-STATUS] ERROR: A5 5A 01 FE 23 01 01 19 B2
[11:52:59.325] [JETSON-STATUS] ERROR: A5 5A 01 FE 23 01 01 19 B2
[11:52:59.325] [JETSON-STATUS] ERROR: A5 5A 01 FE 23 01 01 19 B2
[11:52:59.326] [JETSON-STATUS] ERROR: A5 5A 01 FE 23 01 01 19 B2
[11:52:59.326] [JETSON-STATUS] ERROR: A5 5A 01 FE 23 01 01 19 B2
[11:52:59.326] [JETSON-STATUS] ERROR: A5 5A 01 FE 23 01 01 19 B2
[11:52:59.326] [JETSON-STATUS] ERROR: A5 5A 01 FE 23 01 01 19 B2
[11:52:59.327] [JETSON-STATUS] ERROR: A5 5A 01 FE 23 01 01 19 B2
[11:52:59.327] [JETSON-STATUS] ERROR: A5 5A 01 FE 23 01 01 19 B2
[11:52:59.327] [JETSON-STATUS] ERROR: A5 5A 01 FE 23 01 01 19 B2
[11:52:59.328] [JETSON-STATUS] ERROR: A5 5A 01 FE 23 01 01 19 B2
[11:52:59.328] [JETSON-STATUS] ERROR: A5 5A 01 FE 23 01 01 19 B2
[11:52:59.328] [JETSON-STATUS] ERROR: A5 5A 01 FE 23 01 01 19 B2
[11:52:59.328] [JETSON-STATUS] ERROR: A5 5A 01 FE 23 01 01 19 B2
[11:52:59.609] [JETSON-RX] 19 B2 A5 5A 01 FE 23 01 01 19 B2 A5 5A 01 FE 23 01 01 19 B2 A5 5A 01 FE 23 01 01 19 B2 A5 5A 01 FE 23 01 01 19 B2 A5 5A 01 FE 23 01 01 19 B2 A5 5A 01 FE 23 01 01 19 B2 A5 5A 01 FE 23 01 01 19 B2 A5 5A 01 FE 23 01 01 19 B2 A5 5A 01 FE 23 01 01 19 B2 A5 5A 01 FE 23 01 01 19 B2 A5 5A 01 FE 23 01 01 19 B2 A5 5A 01 FE 23 01 01 19 B2 A5 5A 01 FE 23 01 01 19 B2 A5 5A 01 FE 23 01 01 19 B2 A5 5A 01 FE 23 01 01 19 B2 A5 5A 01 FE 23 01 01 19 B2 A5 5A 01 FE 23 01 01 19 B2 A5 5A 01 FE 23 01 01 19 B2 A5 5A 01 FE 23 01 01 19 B2 A5 5A 01 FE 23 01 01 19 B2 A5 5A 01 FE 23 01 01 19 B2 A5 5A 01 FE 23 01 01 19 B2 A5 5A 01 FE 23 01 01 19 B2 A5 5A 01 FE 23 01 01 19 B2 A5 5A 01 FE 23 01 01 19 B2 A5 5A 01 FE 23 01 01 19 B2 A5 5A 01 FE 23 01 01 19 B2 A5 5A 01 FE 23 01 01 19 B2 A5 5A
[11:52:59.610] [JETSON-STATUS] ERROR: A5 5A 01 FE 23 01 01 19 B2
[11:52:59.610] [JETSON-STATUS] ERROR: A5 5A 01 FE 23 01 01 19 B2
[11:52:59.611] [JETSON-STATUS] ERROR: A5 5A 01 FE 23 01 01 19 B2
[11:52:59.611] [JETSON-STATUS] ERROR: A5 5A 01 FE 23 01 01 19 B2
[11:52:59.611] [JETSON-STATUS] ERROR: A5 5A 01 FE 23 01 01 19 B2
[11:52:59.611] [JETSON-STATUS] ERROR: A5 5A 01 FE 23 01 01 19 B2
[11:52:59.612] [JETSON-STATUS] ERROR: A5 5A 01 FE 23 01 01 19 B2
[11:52:59.612] [JETSON-STATUS] ERROR: A5 5A 01 FE 23 01 01 19 B2
[11:52:59.612] [JETSON-STATUS] ERROR: A5 5A 01 FE 23 01 01 19 B2
[11:52:59.612] [JETSON-STATUS] ERROR: A5 5A 01 FE 23 01 01 19 B2
[11:52:59.614] [JETSON-STATUS] ERROR: A5 5A 01 FE 23 01 01 19 B2
[11:52:59.614] [JETSON-STATUS] ERROR: A5 5A 01 FE 23 01 01 19 B2
[11:52:59.614] [JETSON-STATUS] ERROR: A5 5A 01 FE 23 01 01 19 B2
[11:52:59.615] [JETSON-STATUS] ERROR: A5 5A 01 FE 23 01 01 19 B2
[11:52:59.615] [JETSON-STATUS] ERROR: A5 5A 01 FE 23 01 01 19 B2
[11:52:59.615] [JETSON-STATUS] ERROR: A5 5A 01 FE 23 01 01 19 B2
[11:52:59.615] [JETSON-STATUS] ERROR: A5 5A 01 FE 23 01 01 19 B2
[11:52:59.616] [JETSON-STATUS] ERROR: A5 5A 01 FE 23 01 01 19 B2
[11:52:59.616] [JETSON-STATUS] ERROR: A5 5A 01 FE 23 01 01 19 B2
[11:52:59.616] [JETSON-STATUS] ERROR: A5 5A 01 FE 23 01 01 19 B2
[11:52:59.617] [JETSON-STATUS] ERROR: A5 5A 01 FE 23 01 01 19 B2
[11:52:59.617] [JETSON-STATUS] ERROR: A5 5A 01 FE 23 01 01 19 B2
[11:52:59.617] [JETSON-STATUS] ERROR: A5 5A 01 FE 23 01 01 19 B2
[11:52:59.618] [JETSON-STATUS] ERROR: A5 5A 01 FE 23 01 01 19 B2
[11:52:59.618] [JETSON-STATUS] ERROR: A5 5A 01 FE 23 01 01 19 B2
[11:52:59.619] [JETSON-STATUS] ERROR: A5 5A 01 FE 23 01 01 19 B2
[11:52:59.619] [JETSON-STATUS] ERROR: A5 5A 01 FE 23 01 01 19 B2
[11:52:59.619] [JETSON-STATUS] ERROR: A5 5A 01 FE 23 01 01 19 B2
[11:52:59.889] [JETSON-RX] 01 FE 23 01 01 19 B2 A5 5A 01 FE 23 01 01 19 B2 A5 5A 01 FE 23 01 01 19 B2 A5 5A 01 FE 23 01 01 19 B2 A5 5A 01 FE 23 01 01 19 B2 A5 5A 01 FE 23 01 01 19 B2 A5 5A 01 FE 23 01 01 19 B2 A5 5A 01 FE 23 01 01 19 B2 A5 5A 01 FE 23 01 01 19 B2 A5 5A 01 FE 23 01 01 19 B2 A5 5A 01 FE 23 01 01 19 B2 A5 5A 01 FE 23 01 01 19 B2 A5 5A 01 FE 23 01 01 19 B2 A5 5A 01 FE 23 01 01 19 B2 A5 5A 01 FE 23 01 01 19 B2 A5 5A 01 FE 23 01 01 19 B2 A5 5A 01 FE 23 01 01 19 B2 A5 5A 01 FE 23 01 01 19 B2 A5 5A 01 FE 23 01 01 19 B2 A5 5A 01 FE 23 01 01 19 B2 A5 5A 01 FE 23 01 01 19 B2 A5 5A 01 FE 23 01 01 19 B2 A5 5A 01 FE 23 01 01 19 B2 A5 5A 01 FE 23 01 01 19 B2 A5 5A 01 FE 23 01 01 19 B2 A5 5A 01 FE 23 01 01 19 B2 A5 5A 01 FE 23 01 01 19 B2 A5 5A 01 FE 23 01 01 19 B2 A5 5A 01 FE 23 01
[11:52:59.890] [JETSON-STATUS] ERROR: A5 5A 01 FE 23 01 01 19 B2
[11:52:59.890] [JETSON-STATUS] ERROR: A5 5A 01 FE 23 01 01 19 B2
[11:52:59.890] [JETSON-STATUS] ERROR: A5 5A 01 FE 23 01 01 19 B2
[11:52:59.892] [JETSON-STATUS] ERROR: A5 5A 01 FE 23 01 01 19 B2
[11:52:59.892] [JETSON-STATUS] ERROR: A5 5A 01 FE 23 01 01 19 B2
[11:52:59.892] [JETSON-STATUS] ERROR: A5 5A 01 FE 23 01 01 19 B2
[11:52:59.893] [JETSON-STATUS] ERROR: A5 5A 01 FE 23 01 01 19 B2
[11:52:59.893] [JETSON-STATUS] ERROR: A5 5A 01 FE 23 01 01 19 B2
[11:52:59.893] [JETSON-STATUS] ERROR: A5 5A 01 FE 23 01 01 19 B2
[11:52:59.893] [JETSON-STATUS] ERROR: A5 5A 01 FE 23 01 01 19 B2
[11:52:59.894] [JETSON-STATUS] ERROR: A5 5A 01 FE 23 01 01 19 B2
[11:52:59.894] [JETSON-STATUS] ERROR: A5 5A 01 FE 23 01 01 19 B2
[11:52:59.895] [JETSON-STATUS] ERROR: A5 5A 01 FE 23 01 01 19 B2
[11:52:59.897] [JETSON-STATUS] ERROR: A5 5A 01 FE 23 01 01 19 B2
[11:52:59.897] [JETSON-STATUS] ERROR: A5 5A 01 FE 23 01 01 19 B2
[11:52:59.897] [JETSON-STATUS] ERROR: A5 5A 01 FE 23 01 01 19 B2
[11:52:59.898] [JETSON-STATUS] ERROR: A5 5A 01 FE 23 01 01 19 B2
[11:52:59.898] [JETSON-STATUS] ERROR: A5 5A 01 FE 23 01 01 19 B2
[11:52:59.898] [JETSON-STATUS] ERROR: A5 5A 01 FE 23 01 01 19 B2
[11:52:59.898] [JETSON-STATUS] ERROR: A5 5A 01 FE 23 01 01 19 B2
[11:52:59.899] [JETSON-STATUS] ERROR: A5 5A 01 FE 23 01 01 19 B2
[11:52:59.900] [JETSON-STATUS] ERROR: A5 5A 01 FE 23 01 01 19 B2
[11:52:59.900] [JETSON-STATUS] ERROR: A5 5A 01 FE 23 01 01 19 B2
[11:52:59.900] [JETSON-STATUS] ERROR: A5 5A 01 FE 23 01 01 19 B2
[11:52:59.900] [JETSON-STATUS] ERROR: A5 5A 01 FE 23 01 01 19 B2
[11:52:59.901] [JETSON-STATUS] ERROR: A5 5A 01 FE 23 01 01 19 B2
[11:52:59.901] [JETSON-STATUS] ERROR: A5 5A 01 FE 23 01 01 19 B2
[11:52:59.940] [JETSON-INFO] heartbeat stopped
[11:52:59.940] [JETSON-TX] TARGET_CTRL_STOP_NEW: A5 5A 01 02 24 01 00 59 E3
[11:53:00.003] [JETSON-RX] 01 19 B2 A5 5A 01 FE 23 01 01 19 B2 A5 5A 01 FE 23 01 01 19 B2 A5 5A 01 FE 23 01 01 19 B2 A5 5A 01 FE 23 01 01 19 B2 A5 5A 01 FE 23 01 01 19 B2 A5 5A 01 81 24 03 04 00 00 24 53
[11:53:00.003] [JETSON-STATUS] ERROR: A5 5A 01 FE 23 01 01 19 B2
[11:53:00.003] [JETSON-STATUS] ERROR: A5 5A 01 FE 23 01 01 19 B2
[11:53:00.003] [JETSON-STATUS] ERROR: A5 5A 01 FE 23 01 01 19 B2
[11:53:00.005] [JETSON-STATUS] ERROR: A5 5A 01 FE 23 01 01 19 B2
[11:53:00.005] [JETSON-STATUS] ERROR: A5 5A 01 FE 23 01 01 19 B2
[11:53:00.005] [JETSON-STATUS] TARGET_CTRL_OFF: A5 5A 01 81 24 03 04 00 00 24 53
[11:53:00.050] [ARM-RX] [JETSON_RX] target_ctrl=0
[11:53:00.050] [ARM-RX] ROBOT_SOFT_RESET_EVENT
[11:53:00.050] [ARM-RX] --- Starting soft reset ---
[11:53:00.175] [ARM-RX] Soft reset motors enabled (J1~J5, J6 skipped).
[11:53:00.175] [ARM-RX] Soft resetting joint 4...
[11:53:00.237] [ARM-RX] robot_update_current_angle 4...
[11:53:00.237] [ARM-RX] [4] current:90.00, target:90.00, dir:1
[11:53:00.361] [ARM-RX] Soft resetting joint 3...
[11:53:00.361] [ARM-RX] robot_update_current_angle 3...
[11:53:00.361] [ARM-RX] [3] current:0.00, target:0.00, dir:-1
[11:53:00.485] [ARM-RX] Soft resetting joint 1...
[11:53:00.546] [ARM-RX] robot_update_current_angle 1...
[11:53:00.546] [ARM-RX] [1] current:90.00, target:90.00, dir:1
[11:53:00.599] [JETSON-INFO] heartbeat started: 200 ms
[11:53:00.599] [JETSON-TX] HEARTBEAT: A5 5A 01 01 25 04 29 A8 77 02 48 7F
[11:53:00.659] [ARM-RX] Soft resetting joint 2...
[11:53:00.659] [ARM-RX] [JETSON_RX] heartbeat seq=37
[11:53:00.659] [ARM-RX] robot_update_current_angle 2...
[11:53:00.659] [ARM-RX] [2] current:-90.00, target:-90.00, dir:-1
[11:53:00.760] [ARM-RX] Soft resetting joint 0...
[11:53:00.801] [JETSON-TX] HEARTBEAT: A5 5A 01 01 26 04 F4 A8 77 02 72 20
[11:53:00.811] [ARM-RX] robot_update_current_angle 0...
[11:53:00.811] [ARM-RX] [0] current:90.00, target:90.00, dir:-1
[11:53:00.811] [ARM-RX] [JETSON_RX] heartbeat seq=38
[11:53:01.002] [JETSON-TX] HEARTBEAT: A5 5A 01 01 27 04 BF A9 77 02 35 D5
[11:53:01.056] [ARM-RX] soft reset final verify PASS (issues:0), pose set HOME.
[11:53:01.056] [ARM-RX] [JETSON_RX] heartbeat seq=39
[11:53:01.203] [JETSON-TX] HEARTBEAT: A5 5A 01 01 28 04 8B AA 77 02 CB 1A
[11:53:01.244] [ARM-RX] [JETSON_RX] heartbeat seq=40
[11:53:01.404] [JETSON-TX] HEARTBEAT: A5 5A 01 01 29 04 56 AB 77 02 A1 67
[11:53:01.431] [ARM-RX] [JETSON_RX] heartbeat seq=41
[11:53:01.605] [JETSON-TX] HEARTBEAT: A5 5A 01 01 2A 04 21 AC 77 02 0B 21
[11:53:01.678] [ARM-RX] [JETSON_RX] heartbeat seq=42
[11:53:01.808] [JETSON-TX] HEARTBEAT: A5 5A 01 01 2B 04 EC AC 77 02 34 5C
[11:53:01.864] [ARM-RX] [JETSON_RX] heartbeat seq=43
[11:53:02.008] [JETSON-TX] HEARTBEAT: A5 5A 01 01 2C 04 B7 AD 77 02 77 0F
[11:53:02.049] [ARM-RX] [JETSON_RX] heartbeat seq=44
[11:53:02.209] [JETSON-TX] HEARTBEAT: A5 5A 01 01 2D 04 73 AE 77 02 BB EE
[11:53:02.233] [ARM-RX] [JETSON_RX] heartbeat seq=45
[11:53:02.410] [JETSON-TX] HEARTBEAT: A5 5A 01 01 2E 04 3E AF 77 02 FD 71
[11:53:02.478] [ARM-RX] [JETSON_RX] heartbeat seq=46
[11:53:02.611] [JETSON-TX] HEARTBEAT: A5 5A 01 01 2F 04 09 B0 77 02 C3 12
[11:53:02.663] [ARM-RX] [JETSON_RX] heartbeat seq=47
[11:53:02.812] [JETSON-TX] HEARTBEAT: A5 5A 01 01 30 04 D4 B0 77 02 FB 11
[11:53:02.847] [ARM-RX] [JETSON_RX] heartbeat seq=48
[11:53:03.012] [JETSON-TX] HEARTBEAT: A5 5A 01 01 31 04 9F B1 77 02 BC E4
[11:53:03.095] [ARM-RX] [JETSON_RX] heartbeat seq=49
[11:53:03.129] [JETSON-INFO] heartbeat stopped
[11:53:03.129] [JETSON-TX] TARGET_CTRL_STOP_NEW: A5 5A 01 02 32 01 00 B8 27
[11:53:03.157] [ARM-RX] [JETSON_RX] target_ctrl=0
[11:53:03.157] [ARM-RX] ROBOT_SOFT_RESET_EVENT
[11:53:03.157] [ARM-RX] --- Starting soft reset ---
[11:53:03.204] [JETSON-RX] A5 5A 01 81 32 03 04 00 00 6D 90
[11:53:03.206] [JETSON-STATUS] TARGET_CTRL_OFF: A5 5A 01 81 32 03 04 00 00 6D 90
[11:53:03.407] [ARM-RX] Soft reset motors enabled (J1~J5, J6 skipped).
[11:53:03.407] [ARM-RX] Soft resetting joint 4...
[11:53:03.407] [ARM-RX] robot_update_current_angle 4...
[11:53:03.407] [ARM-RX] [4] current:90.00, target:90.00, dir:1
[11:53:03.528] [ARM-RX] Soft resetting joint 3...
[11:53:03.591] [ARM-RX] robot_update_current_angle 3...
[11:53:03.591] [ARM-RX] [3] current:0.00, target:0.00, dir:-1
[11:53:03.715] [ARM-RX] Soft resetting joint 1...
[11:53:03.715] [ARM-RX] robot_update_current_angle 1...
[11:53:03.715] [ARM-RX] [1] current:90.00, target:90.00, dir:1
[11:53:03.838] [ARM-RX] Soft resetting joint 2...
[11:53:03.838] [ARM-RX] robot_update_current_angle 2...
[11:53:03.838] [ARM-RX] [2] current:-90.00, target:-90.00, dir:-1
[11:53:03.963] [ARM-RX] Soft resetting joint 0...
[11:53:04.025] [ARM-RX] robot_update_current_angle 0...
[11:53:04.025] [ARM-RX] [0] current:90.00, target:90.00, dir:-1
[11:53:04.136] [JETSON-TX] TARGET_CTRL_START_NEW: A5 5A 01 02 33 01 01 28 27
[11:53:04.148] [ARM-RX] [JETSON_RX] target_ctrl=1
[11:53:04.210] [JETSON-RX] A5 5A 01 81 33 03 04 01 00 51 C0 A5 5A 01 FE 33 01 01 18 77
[11:53:04.210] [JETSON-STATUS] TARGET_CTRL_ON: A5 5A 01 81 33 03 04 01 00 51 C0
[11:53:04.211] [JETSON-STATUS] ERROR: A5 5A 01 FE 33 01 01 18 77
[11:53:04.270] [ARM-RX] soft reset final verify PASS (issues:0), pose set HOME.
[11:53:05.029] [JETSON-RX] A5 5A 01 FE 33 01 01 18 77 A5 5A 01 FE 33 01 01 18 77 A5 5A 01 FE 33 01 01 18 77 A5 5A 01 FE 33 01 01 18 77 A5 5A 01 FE 33 01 01 18 77 A5 5A 01 FE 33 01 01 18 77 A5 5A 01 FE 33 01 01 18 77 A5 5A 01 FE 33 01 01 18 77 A5 5A 01 FE 33 01 01 18 77 A5 5A 01 FE 33 01 01 18 77 A5 5A 01 FE 33 01 01 18 77 A5 5A 01 FE 33 01 01 18 77 A5 5A 01 FE 33 01 01 18 77 A5 5A 01 FE 33 01 01 18 77 A5 5A 01 FE 33 01 01 18 77 A5 5A 01 FE 33 01 01 18 77 A5 5A 01 FE 33 01 01 18 77 A5 5A 01 FE 33 01 01 18 77 A5 5A 01 FE 33 01 01 18 77 A5 5A 01 FE 33 01 01 18 77 A5 5A 01 FE 33 01 01 18 77 A5 5A 01 FE 33 01 01 18 77 A5 5A 01 FE 33 01 01 18 77 A5 5A 01 FE 33 01 01 18 77 A5 5A 01 FE 33 01 01 18 77 A5 5A 01 FE 33 01 01 18 77 A5 5A 01 FE 33 01 01 18 77 A5 5A 01 FE 33 01 01 18 77 A5 5A 01 FE
[11:53:05.029] [JETSON-STATUS] ERROR: A5 5A 01 FE 33 01 01 18 77
[11:53:05.031] [JETSON-STATUS] ERROR: A5 5A 01 FE 33 01 01 18 77
[11:53:05.031] [JETSON-STATUS] ERROR: A5 5A 01 FE 33 01 01 18 77
[11:53:05.032] [JETSON-STATUS] ERROR: A5 5A 01 FE 33 01 01 18 77
[11:53:05.032] [JETSON-STATUS] ERROR: A5 5A 01 FE 33 01 01 18 77
[11:53:05.032] [JETSON-STATUS] ERROR: A5 5A 01 FE 33 01 01 18 77
[11:53:05.032] [JETSON-STATUS] ERROR: A5 5A 01 FE 33 01 01 18 77
[11:53:05.033] [JETSON-STATUS] ERROR: A5 5A 01 FE 33 01 01 18 77
[11:53:05.033] [JETSON-STATUS] ERROR: A5 5A 01 FE 33 01 01 18 77
[11:53:05.034] [JETSON-STATUS] ERROR: A5 5A 01 FE 33 01 01 18 77
[11:53:05.034] [JETSON-STATUS] ERROR: A5 5A 01 FE 33 01 01 18 77
[11:53:05.034] [JETSON-STATUS] ERROR: A5 5A 01 FE 33 01 01 18 77
[11:53:05.035] [JETSON-STATUS] ERROR: A5 5A 01 FE 33 01 01 18 77
[11:53:05.035] [JETSON-STATUS] ERROR: A5 5A 01 FE 33 01 01 18 77
[11:53:05.035] [JETSON-STATUS] ERROR: A5 5A 01 FE 33 01 01 18 77
[11:53:05.036] [JETSON-STATUS] ERROR: A5 5A 01 FE 33 01 01 18 77
[11:53:05.036] [JETSON-STATUS] ERROR: A5 5A 01 FE 33 01 01 18 77
[11:53:05.036] [JETSON-STATUS] ERROR: A5 5A 01 FE 33 01 01 18 77
[11:53:05.036] [JETSON-STATUS] ERROR: A5 5A 01 FE 33 01 01 18 77
[11:53:05.037] [JETSON-STATUS] ERROR: A5 5A 01 FE 33 01 01 18 77
[11:53:05.037] [JETSON-STATUS] ERROR: A5 5A 01 FE 33 01 01 18 77
[11:53:05.037] [JETSON-STATUS] ERROR: A5 5A 01 FE 33 01 01 18 77
[11:53:05.037] [JETSON-STATUS] ERROR: A5 5A 01 FE 33 01 01 18 77
[11:53:05.039] [JETSON-STATUS] ERROR: A5 5A 01 FE 33 01 01 18 77
[11:53:05.039] [JETSON-STATUS] ERROR: A5 5A 01 FE 33 01 01 18 77
[11:53:05.039] [JETSON-STATUS] ERROR: A5 5A 01 FE 33 01 01 18 77
[11:53:05.039] [JETSON-STATUS] ERROR: A5 5A 01 FE 33 01 01 18 77
[11:53:05.040] [JETSON-STATUS] ERROR: A5 5A 01 FE 33 01 01 18 77
[11:53:05.309] [JETSON-RX] 33 01 01 18 77 A5 5A 01 FE 33 01 01 18 77 A5 5A 01 FE 33 01 01 18 77 A5 5A 01 FE 33 01 01 18 77 A5 5A 01 FE 33 01 01 18 77 A5 5A 01 FE 33 01 01 18 77 A5 5A 01 FE 33 01 01 18 77 A5 5A 01 FE 33 01 01 18 77 A5 5A 01 FE 33 01 01 18 77 A5 5A 01 FE 33 01 01 18 77 A5 5A 01 FE 33 01 01 18 77 A5 5A 01 FE 33 01 01 18 77 A5 5A 01 FE 33 01 01 18 77 A5 5A 01 FE 33 01 01 18 77 A5 5A 01 FE 33 01 01 18 77 A5 5A 01 FE 33 01 01 18 77 A5 5A 01 FE 33 01 01 18 77 A5 5A 01 FE 33 01 01 18 77 A5 5A 01 FE 33 01 01 18 77 A5 5A 01 FE 33 01 01 18 77 A5 5A 01 FE 33 01 01 18 77 A5 5A 01 FE 33 01 01 18 77 A5 5A 01 FE 33 01 01 18 77 A5 5A 01 FE 33 01 01 18 77 A5 5A 01 FE 33 01 01 18 77 A5 5A 01 FE 33 01 01 18 77 A5 5A 01 FE 33 01 01 18 77 A5 5A 01 FE 33 01 01 18 77 A5 5A 01 FE 33 01 01 18
[11:53:05.309] [JETSON-STATUS] ERROR: A5 5A 01 FE 33 01 01 18 77
[11:53:05.311] [JETSON-STATUS] ERROR: A5 5A 01 FE 33 01 01 18 77
[11:53:05.311] [JETSON-STATUS] ERROR: A5 5A 01 FE 33 01 01 18 77
[11:53:05.312] [JETSON-STATUS] ERROR: A5 5A 01 FE 33 01 01 18 77
[11:53:05.312] [JETSON-STATUS] ERROR: A5 5A 01 FE 33 01 01 18 77
[11:53:05.312] [JETSON-STATUS] ERROR: A5 5A 01 FE 33 01 01 18 77
[11:53:05.312] [JETSON-STATUS] ERROR: A5 5A 01 FE 33 01 01 18 77
[11:53:05.312] [JETSON-STATUS] ERROR: A5 5A 01 FE 33 01 01 18 77
[11:53:05.313] [JETSON-STATUS] ERROR: A5 5A 01 FE 33 01 01 18 77
[11:53:05.313] [JETSON-STATUS] ERROR: A5 5A 01 FE 33 01 01 18 77
[11:53:05.314] [JETSON-STATUS] ERROR: A5 5A 01 FE 33 01 01 18 77
[11:53:05.314] [JETSON-STATUS] ERROR: A5 5A 01 FE 33 01 01 18 77
[11:53:05.314] [JETSON-STATUS] ERROR: A5 5A 01 FE 33 01 01 18 77
[11:53:05.315] [JETSON-STATUS] ERROR: A5 5A 01 FE 33 01 01 18 77
[11:53:05.315] [JETSON-STATUS] ERROR: A5 5A 01 FE 33 01 01 18 77
[11:53:05.315] [JETSON-STATUS] ERROR: A5 5A 01 FE 33 01 01 18 77
[11:53:05.316] [JETSON-STATUS] ERROR: A5 5A 01 FE 33 01 01 18 77
[11:53:05.316] [JETSON-STATUS] ERROR: A5 5A 01 FE 33 01 01 18 77
[11:53:05.317] [JETSON-STATUS] ERROR: A5 5A 01 FE 33 01 01 18 77
[11:53:05.317] [JETSON-STATUS] ERROR: A5 5A 01 FE 33 01 01 18 77
[11:53:05.317] [JETSON-STATUS] ERROR: A5 5A 01 FE 33 01 01 18 77
[11:53:05.317] [JETSON-STATUS] ERROR: A5 5A 01 FE 33 01 01 18 77
[11:53:05.318] [JETSON-STATUS] ERROR: A5 5A 01 FE 33 01 01 18 77
[11:53:05.318] [JETSON-STATUS] ERROR: A5 5A 01 FE 33 01 01 18 77
[11:53:05.318] [JETSON-STATUS] ERROR: A5 5A 01 FE 33 01 01 18 77
[11:53:05.318] [JETSON-STATUS] ERROR: A5 5A 01 FE 33 01 01 18 77
[11:53:05.318] [JETSON-STATUS] ERROR: A5 5A 01 FE 33 01 01 18 77
[11:53:05.599] [JETSON-RX] 77 A5 5A 01 FE 33 01 01 18 77 A5 5A 01 FE 33 01 01 18 77 A5 5A 01 FE 33 01 01 18 77 A5 5A 01 FE 33 01 01 18 77 A5 5A 01 FE 33 01 01 18 77 A5 5A 01 FE 33 01 01 18 77 A5 5A 01 FE 33 01 01 18 77 A5 5A 01 FE 33 01 01 18 77 A5 5A 01 FE 33 01 01 18 77 A5 5A 01 FE 33 01 01 18 77 A5 5A 01 FE 33 01 01 18 77 A5 5A 01 FE 33 01 01 18 77 A5 5A 01 FE 33 01 01 18 77 A5 5A 01 FE 33 01 01 18 77 A5 5A 01 FE 33 01 01 18 77 A5 5A 01 FE 33 01 01 18 77 A5 5A 01 FE 33 01 01 18 77 A5 5A 01 FE 33 01 01 18 77 A5 5A 01 FE 33 01 01 18 77 A5 5A 01 FE 33 01 01 18 77 A5 5A 01 FE 33 01 01 18 77 A5 5A 01 FE 33 01 01 18 77 A5 5A 01 FE 33 01 01 18 77 A5 5A 01 FE 33 01 01 18 77 A5 5A 01 FE 33 01 01 18 77 A5 5A 01 FE 33 01 01 18 77 A5 5A 01 FE 33 01 01 18 77 A5 5A 01 FE 33 01 01 18 77 A5 5A 01
[11:53:05.600] [JETSON-STATUS] ERROR: A5 5A 01 FE 33 01 01 18 77
[11:53:05.600] [JETSON-STATUS] ERROR: A5 5A 01 FE 33 01 01 18 77
[11:53:05.601] [JETSON-STATUS] ERROR: A5 5A 01 FE 33 01 01 18 77
[11:53:05.601] [JETSON-STATUS] ERROR: A5 5A 01 FE 33 01 01 18 77
[11:53:05.601] [JETSON-STATUS] ERROR: A5 5A 01 FE 33 01 01 18 77
[11:53:05.601] [JETSON-STATUS] ERROR: A5 5A 01 FE 33 01 01 18 77
[11:53:05.601] [JETSON-STATUS] ERROR: A5 5A 01 FE 33 01 01 18 77
[11:53:05.603] [JETSON-STATUS] ERROR: A5 5A 01 FE 33 01 01 18 77
[11:53:05.604] [JETSON-STATUS] ERROR: A5 5A 01 FE 33 01 01 18 77
[11:53:05.604] [JETSON-STATUS] ERROR: A5 5A 01 FE 33 01 01 18 77
[11:53:05.604] [JETSON-STATUS] ERROR: A5 5A 01 FE 33 01 01 18 77
[11:53:05.605] [JETSON-STATUS] ERROR: A5 5A 01 FE 33 01 01 18 77
[11:53:05.605] [JETSON-STATUS] ERROR: A5 5A 01 FE 33 01 01 18 77
[11:53:05.605] [JETSON-STATUS] ERROR: A5 5A 01 FE 33 01 01 18 77
[11:53:05.605] [JETSON-STATUS] ERROR: A5 5A 01 FE 33 01 01 18 77
[11:53:05.606] [JETSON-STATUS] ERROR: A5 5A 01 FE 33 01 01 18 77
[11:53:05.606] [JETSON-STATUS] ERROR: A5 5A 01 FE 33 01 01 18 77
[11:53:05.606] [JETSON-STATUS] ERROR: A5 5A 01 FE 33 01 01 18 77
[11:53:05.606] [JETSON-STATUS] ERROR: A5 5A 01 FE 33 01 01 18 77
[11:53:05.607] [JETSON-STATUS] ERROR: A5 5A 01 FE 33 01 01 18 77
[11:53:05.607] [JETSON-STATUS] ERROR: A5 5A 01 FE 33 01 01 18 77
[11:53:05.608] [JETSON-STATUS] ERROR: A5 5A 01 FE 33 01 01 18 77
[11:53:05.608] [JETSON-STATUS] ERROR: A5 5A 01 FE 33 01 01 18 77
[11:53:05.608] [JETSON-STATUS] ERROR: A5 5A 01 FE 33 01 01 18 77
[11:53:05.609] [JETSON-STATUS] ERROR: A5 5A 01 FE 33 01 01 18 77
[11:53:05.609] [JETSON-STATUS] ERROR: A5 5A 01 FE 33 01 01 18 77
[11:53:05.609] [JETSON-STATUS] ERROR: A5 5A 01 FE 33 01 01 18 77
[11:53:05.609] [JETSON-STATUS] ERROR: A5 5A 01 FE 33 01 01 18 77
[11:53:05.611] [JETSON-STATUS] ERROR: A5 5A 01 FE 33 01 01 18 77
[11:53:05.879] [JETSON-RX] FE 33 01 01 18 77 A5 5A 01 FE 33 01 01 18 77 A5 5A 01 FE 33 01 01 18 77 A5 5A 01 FE 33 01 01 18 77 A5 5A 01 FE 33 01 01 18 77 A5 5A 01 FE 33 01 01 18 77 A5 5A 01 FE 33 01 01 18 77 A5 5A 01 FE 33 01 01 18 77 A5 5A 01 FE 33 01 01 18 77 A5 5A 01 FE 33 01 01 18 77 A5 5A 01 FE 33 01 01 18 77 A5 5A 01 FE 33 01 01 18 77 A5 5A 01 FE 33 01 01 18 77 A5 5A 01 FE 33 01 01 18 77 A5 5A 01 FE 33 01 01 18 77 A5 5A 01 FE 33 01 01 18 77 A5 5A 01 FE 33 01 01 18 77 A5 5A 01 FE 33 01 01 18 77 A5 5A 01 FE 33 01 01 18 77 A5 5A 01 FE 33 01 01 18 77 A5 5A 01 FE 33 01 01 18 77 A5 5A 01 FE 33 01 01 18 77 A5 5A 01 FE 33 01 01 18 77 A5 5A 01 FE 33 01 01 18 77 A5 5A 01 FE 33 01 01 18 77 A5 5A 01 FE 33 01 01 18 77 A5 5A 01 FE 33 01 01 18 77 A5 5A 01 FE 33 01 01 18 77 A5 5A 01 FE 33 01 01
[11:53:05.880] [JETSON-STATUS] ERROR: A5 5A 01 FE 33 01 01 18 77
[11:53:05.881] [JETSON-STATUS] ERROR: A5 5A 01 FE 33 01 01 18 77
[11:53:05.881] [JETSON-STATUS] ERROR: A5 5A 01 FE 33 01 01 18 77
[11:53:05.881] [JETSON-STATUS] ERROR: A5 5A 01 FE 33 01 01 18 77
[11:53:05.881] [JETSON-STATUS] ERROR: A5 5A 01 FE 33 01 01 18 77
[11:53:05.883] [JETSON-STATUS] ERROR: A5 5A 01 FE 33 01 01 18 77
[11:53:05.883] [JETSON-STATUS] ERROR: A5 5A 01 FE 33 01 01 18 77
[11:53:05.884] [JETSON-STATUS] ERROR: A5 5A 01 FE 33 01 01 18 77
[11:53:05.884] [JETSON-STATUS] ERROR: A5 5A 01 FE 33 01 01 18 77
[11:53:05.884] [JETSON-STATUS] ERROR: A5 5A 01 FE 33 01 01 18 77
[11:53:05.884] [JETSON-STATUS] ERROR: A5 5A 01 FE 33 01 01 18 77
[11:53:05.885] [JETSON-STATUS] ERROR: A5 5A 01 FE 33 01 01 18 77
[11:53:05.885] [JETSON-STATUS] ERROR: A5 5A 01 FE 33 01 01 18 77
[11:53:05.885] [JETSON-STATUS] ERROR: A5 5A 01 FE 33 01 01 18 77
[11:53:05.885] [JETSON-STATUS] ERROR: A5 5A 01 FE 33 01 01 18 77
[11:53:05.886] [JETSON-STATUS] ERROR: A5 5A 01 FE 33 01 01 18 77
[11:53:05.886] [JETSON-STATUS] ERROR: A5 5A 01 FE 33 01 01 18 77
[11:53:05.886] [JETSON-STATUS] ERROR: A5 5A 01 FE 33 01 01 18 77
[11:53:05.886] [JETSON-STATUS] ERROR: A5 5A 01 FE 33 01 01 18 77
[11:53:05.886] [JETSON-STATUS] ERROR: A5 5A 01 FE 33 01 01 18 77
[11:53:05.888] [JETSON-STATUS] ERROR: A5 5A 01 FE 33 01 01 18 77
[11:53:05.888] [JETSON-STATUS] ERROR: A5 5A 01 FE 33 01 01 18 77
[11:53:05.888] [JETSON-STATUS] ERROR: A5 5A 01 FE 33 01 01 18 77
[11:53:05.889] [JETSON-STATUS] ERROR: A5 5A 01 FE 33 01 01 18 77
[11:53:05.889] [JETSON-STATUS] ERROR: A5 5A 01 FE 33 01 01 18 77
[11:53:05.889] [JETSON-STATUS] ERROR: A5 5A 01 FE 33 01 01 18 77
[11:53:05.889] [JETSON-STATUS] ERROR: A5 5A 01 FE 33 01 01 18 77
[11:53:06.170] [JETSON-RX] 18 77 A5 5A 01 FE 33 01 01 18 77 A5 5A 01 FE 33 01 01 18 77 A5 5A 01 FE 33 01 01 18 77 A5 5A 01 FE 33 01 01 18 77 A5 5A 01 FE 33 01 01 18 77 A5 5A 01 FE 33 01 01 18 77 A5 5A 01 FE 33 01 01 18 77 A5 5A 01 FE 33 01 01 18 77 A5 5A 01 FE 33 01 01 18 77 A5 5A 01 FE 33 01 01 18 77 A5 5A 01 FE 33 01 01 18 77 A5 5A 01 FE 33 01 01 18 77 A5 5A 01 FE 33 01 01 18 77 A5 5A 01 FE 33 01 01 18 77 A5 5A 01 FE 33 01 01 18 77 A5 5A 01 FE 33 01 01 18 77 A5 5A 01 FE 33 01 01 18 77 A5 5A 01 FE 33 01 01 18 77 A5 5A 01 FE 33 01 01 18 77 A5 5A 01 FE 33 01 01 18 77 A5 5A 01 FE 33 01 01 18 77 A5 5A 01 FE 33 01 01 18 77 A5 5A 01 FE 33 01 01 18 77 A5 5A 01 FE 33 01 01 18 77 A5 5A 01 FE 33 01 01 18 77 A5 5A 01 FE 33 01 01 18 77 A5 5A 01 FE 33 01 01 18 77 A5 5A 01 FE 33 01 01 18 77 A5 5A
[11:53:06.170] [JETSON-STATUS] ERROR: A5 5A 01 FE 33 01 01 18 77
[11:53:06.170] [JETSON-STATUS] ERROR: A5 5A 01 FE 33 01 01 18 77
[11:53:06.171] [JETSON-STATUS] ERROR: A5 5A 01 FE 33 01 01 18 77
[11:53:06.171] [JETSON-STATUS] ERROR: A5 5A 01 FE 33 01 01 18 77
[11:53:06.171] [JETSON-STATUS] ERROR: A5 5A 01 FE 33 01 01 18 77
[11:53:06.172] [JETSON-STATUS] ERROR: A5 5A 01 FE 33 01 01 18 77
[11:53:06.172] [JETSON-STATUS] ERROR: A5 5A 01 FE 33 01 01 18 77
[11:53:06.172] [JETSON-STATUS] ERROR: A5 5A 01 FE 33 01 01 18 77
[11:53:06.173] [JETSON-STATUS] ERROR: A5 5A 01 FE 33 01 01 18 77
[11:53:06.173] [JETSON-STATUS] ERROR: A5 5A 01 FE 33 01 01 18 77
[11:53:06.173] [JETSON-STATUS] ERROR: A5 5A 01 FE 33 01 01 18 77
[11:53:06.173] [JETSON-STATUS] ERROR: A5 5A 01 FE 33 01 01 18 77
[11:53:06.174] [JETSON-STATUS] ERROR: A5 5A 01 FE 33 01 01 18 77
[11:53:06.174] [JETSON-STATUS] ERROR: A5 5A 01 FE 33 01 01 18 77
[11:53:06.174] [JETSON-STATUS] ERROR: A5 5A 01 FE 33 01 01 18 77
[11:53:06.175] [JETSON-STATUS] ERROR: A5 5A 01 FE 33 01 01 18 77
[11:53:06.175] [JETSON-STATUS] ERROR: A5 5A 01 FE 33 01 01 18 77
[11:53:06.175] [JETSON-STATUS] ERROR: A5 5A 01 FE 33 01 01 18 77
[11:53:06.176] [JETSON-STATUS] ERROR: A5 5A 01 FE 33 01 01 18 77
[11:53:06.176] [JETSON-STATUS] ERROR: A5 5A 01 FE 33 01 01 18 77
[11:53:06.177] [JETSON-STATUS] ERROR: A5 5A 01 FE 33 01 01 18 77
[11:53:06.177] [JETSON-STATUS] ERROR: A5 5A 01 FE 33 01 01 18 77
[11:53:06.177] [JETSON-STATUS] ERROR: A5 5A 01 FE 33 01 01 18 77
[11:53:06.178] [JETSON-STATUS] ERROR: A5 5A 01 FE 33 01 01 18 77
[11:53:06.178] [JETSON-STATUS] ERROR: A5 5A 01 FE 33 01 01 18 77
[11:53:06.179] [JETSON-STATUS] ERROR: A5 5A 01 FE 33 01 01 18 77
[11:53:06.179] [JETSON-STATUS] ERROR: A5 5A 01 FE 33 01 01 18 77
[11:53:06.179] [JETSON-STATUS] ERROR: A5 5A 01 FE 33 01 01 18 77
[11:53:06.449] [JETSON-RX] 01 FE 33 01 01 18 77 A5 5A 01 FE 33 01 01 18 77 A5 5A 01 FE 33 01 01 18 77 A5 5A 01 FE 33 01 01 18 77 A5 5A 01 FE 33 01 01 18 77 A5 5A 01 FE 33 01 01 18 77 A5 5A 01 FE 33 01 01 18 77 A5 5A 01 FE 33 01 01 18 77 A5 5A 01 FE 33 01 01 18 77 A5 5A 01 FE 33 01 01 18 77 A5 5A 01 FE 33 01 01 18 77 A5 5A 01 FE 33 01 01 18 77 A5 5A 01 FE 33 01 01 18 77 A5 5A 01 FE 33 01 01 18 77 A5 5A 01 FE 33 01 01 18 77 A5 5A 01 FE 33 01 01 18 77 A5 5A 01 FE 33 01 01 18 77 A5 5A 01 FE 33 01 01 18 77 A5 5A 01 FE 33 01 01 18 77 A5 5A 01 FE 33 01 01 18 77 A5 5A 01 FE 33 01 01 18 77 A5 5A 01 FE 33 01 01 18 77 A5 5A 01 FE 33 01 01 18 77 A5 5A 01 FE 33 01 01 18 77 A5 5A 01 FE 33 01 01 18 77 A5 5A 01 FE 33 01 01 18 77 A5 5A 01 FE 33 01 01 18 77 A5 5A 01 FE 33 01 01 18 77 A5 5A 01 FE 33 01
[11:53:06.450] [JETSON-STATUS] ERROR: A5 5A 01 FE 33 01 01 18 77
[11:53:06.450] [JETSON-STATUS] ERROR: A5 5A 01 FE 33 01 01 18 77
[11:53:06.450] [JETSON-STATUS] ERROR: A5 5A 01 FE 33 01 01 18 77
[11:53:06.451] [JETSON-STATUS] ERROR: A5 5A 01 FE 33 01 01 18 77
[11:53:06.451] [JETSON-STATUS] ERROR: A5 5A 01 FE 33 01 01 18 77
[11:53:06.451] [JETSON-STATUS] ERROR: A5 5A 01 FE 33 01 01 18 77
[11:53:06.452] [JETSON-STATUS] ERROR: A5 5A 01 FE 33 01 01 18 77
[11:53:06.452] [JETSON-STATUS] ERROR: A5 5A 01 FE 33 01 01 18 77
[11:53:06.452] [JETSON-STATUS] ERROR: A5 5A 01 FE 33 01 01 18 77
[11:53:06.453] [JETSON-STATUS] ERROR: A5 5A 01 FE 33 01 01 18 77
[11:53:06.453] [JETSON-STATUS] ERROR: A5 5A 01 FE 33 01 01 18 77
[11:53:06.453] [JETSON-STATUS] ERROR: A5 5A 01 FE 33 01 01 18 77
[11:53:06.455] [JETSON-STATUS] ERROR: A5 5A 01 FE 33 01 01 18 77
[11:53:06.456] [JETSON-STATUS] ERROR: A5 5A 01 FE 33 01 01 18 77
[11:53:06.457] [JETSON-STATUS] ERROR: A5 5A 01 FE 33 01 01 18 77
[11:53:06.457] [JETSON-STATUS] ERROR: A5 5A 01 FE 33 01 01 18 77
[11:53:06.457] [JETSON-STATUS] ERROR: A5 5A 01 FE 33 01 01 18 77
[11:53:06.457] [JETSON-STATUS] ERROR: A5 5A 01 FE 33 01 01 18 77
[11:53:06.458] [JETSON-STATUS] ERROR: A5 5A 01 FE 33 01 01 18 77
[11:53:06.458] [JETSON-STATUS] ERROR: A5 5A 01 FE 33 01 01 18 77
[11:53:06.459] [JETSON-STATUS] ERROR: A5 5A 01 FE 33 01 01 18 77
[11:53:06.459] [JETSON-STATUS] ERROR: A5 5A 01 FE 33 01 01 18 77
[11:53:06.459] [JETSON-STATUS] ERROR: A5 5A 01 FE 33 01 01 18 77
[11:53:06.459] [JETSON-STATUS] ERROR: A5 5A 01 FE 33 01 01 18 77
[11:53:06.461] [JETSON-STATUS] ERROR: A5 5A 01 FE 33 01 01 18 77
[11:53:06.463] [JETSON-STATUS] ERROR: A5 5A 01 FE 33 01 01 18 77
[11:53:06.464] [JETSON-STATUS] ERROR: A5 5A 01 FE 33 01 01 18 77
[11:53:06.739] [JETSON-RX] 01 18 77 A5 5A 01 FE 33 01 01 18 77 A5 5A 01 FE 33 01 01 18 77 A5 5A 01 FE 33 01 01 18 77 A5 5A 01 FE 33 01 01 18 77 A5 5A 01 FE 33 01 01 18 77 A5 5A 01 FE 33 01 01 18 77 A5 5A 01 FE 33 01 01 18 77 A5 5A 01 FE 33 01 01 18 77 A5 5A 01 FE 33 01 01 18 77 A5 5A 01 FE 33 01 01 18 77 A5 5A 01 FE 33 01 01 18 77 A5 5A 01 FE 33 01 01 18 77 A5 5A 01 FE 33 01 01 18 77 A5 5A 01 FE 33 01 01 18 77 A5 5A 01 FE 33 01 01 18 77 A5 5A 01 FE 33 01 01 18 77 A5 5A 01 FE 33 01 01 18 77 A5 5A 01 FE 33 01 01 18 77 A5 5A 01 FE 33 01 01 18 77 A5 5A 01 FE 33 01 01 18 77 A5 5A 01 FE 33 01 01 18 77 A5 5A 01 FE 33 01 01 18 77 A5 5A 01 FE 33 01 01 18 77 A5 5A 01 FE 33 01 01 18 77 A5 5A 01 FE 33 01 01 18 77 A5 5A 01 FE 33 01 01 18 77 A5 5A 01 FE 33 01 01 18 77 A5 5A 01 FE 33 01 01 18 77 A5
[11:53:06.739] [JETSON-STATUS] ERROR: A5 5A 01 FE 33 01 01 18 77
[11:53:06.740] [JETSON-STATUS] ERROR: A5 5A 01 FE 33 01 01 18 77
[11:53:06.740] [JETSON-STATUS] ERROR: A5 5A 01 FE 33 01 01 18 77
[11:53:06.740] [JETSON-STATUS] ERROR: A5 5A 01 FE 33 01 01 18 77
[11:53:06.742] [JETSON-STATUS] ERROR: A5 5A 01 FE 33 01 01 18 77
[11:53:06.742] [JETSON-STATUS] ERROR: A5 5A 01 FE 33 01 01 18 77
[11:53:06.742] [JETSON-STATUS] ERROR: A5 5A 01 FE 33 01 01 18 77
[11:53:06.743] [JETSON-STATUS] ERROR: A5 5A 01 FE 33 01 01 18 77
[11:53:06.743] [JETSON-STATUS] ERROR: A5 5A 01 FE 33 01 01 18 77
[11:53:06.744] [JETSON-STATUS] ERROR: A5 5A 01 FE 33 01 01 18 77
[11:53:06.744] [JETSON-STATUS] ERROR: A5 5A 01 FE 33 01 01 18 77
[11:53:06.744] [JETSON-STATUS] ERROR: A5 5A 01 FE 33 01 01 18 77
[11:53:06.745] [JETSON-STATUS] ERROR: A5 5A 01 FE 33 01 01 18 77
[11:53:06.745] [JETSON-STATUS] ERROR: A5 5A 01 FE 33 01 01 18 77
[11:53:06.747] [JETSON-STATUS] ERROR: A5 5A 01 FE 33 01 01 18 77
[11:53:06.747] [JETSON-STATUS] ERROR: A5 5A 01 FE 33 01 01 18 77
[11:53:06.748] [JETSON-STATUS] ERROR: A5 5A 01 FE 33 01 01 18 77
[11:53:06.748] [JETSON-STATUS] ERROR: A5 5A 01 FE 33 01 01 18 77
[11:53:06.748] [JETSON-STATUS] ERROR: A5 5A 01 FE 33 01 01 18 77
[11:53:06.749] [JETSON-STATUS] ERROR: A5 5A 01 FE 33 01 01 18 77
[11:53:06.749] [JETSON-STATUS] ERROR: A5 5A 01 FE 33 01 01 18 77
[11:53:06.749] [JETSON-STATUS] ERROR: A5 5A 01 FE 33 01 01 18 77
[11:53:06.750] [JETSON-STATUS] ERROR: A5 5A 01 FE 33 01 01 18 77
[11:53:06.750] [JETSON-STATUS] ERROR: A5 5A 01 FE 33 01 01 18 77
[11:53:06.750] [JETSON-STATUS] ERROR: A5 5A 01 FE 33 01 01 18 77
[11:53:06.751] [JETSON-STATUS] ERROR: A5 5A 01 FE 33 01 01 18 77
[11:53:06.751] [JETSON-STATUS] ERROR: A5 5A 01 FE 33 01 01 18 77
[11:53:06.751] [JETSON-STATUS] ERROR: A5 5A 01 FE 33 01 01 18 77
[11:53:07.019] [JETSON-RX] 5A 01 FE 33 01 01 18 77 A5 5A 01 FE 33 01 01 18 77 A5 5A 01 FE 33 01 01 18 77 A5 5A 01 FE 33 01 01 18 77 A5 5A 01 FE 33 01 01 18 77 A5 5A 01 FE 33 01 01 18 77 A5 5A 01 FE 33 01 01 18 77 A5 5A 01 FE 33 01 01 18 77 A5 5A 01 FE 33 01 01 18 77 A5 5A 01 FE 33 01 01 18 77 A5 5A 01 FE 33 01 01 18 77 A5 5A 01 FE 33 01 01 18 77 A5 5A 01 FE 33 01 01 18 77 A5 5A 01 FE 33 01 01 18 77 A5 5A 01 FE 33 01 01 18 77 A5 5A 01 FE 33 01 01 18 77 A5 5A 01 FE 33 01 01 18 77 A5 5A 01 FE 33 01 01 18 77 A5 5A 01 FE 33 01 01 18 77 A5 5A 01 FE 33 01 01 18 77 A5 5A 01 FE 33 01 01 18 77 A5 5A 01 FE 33 01 01 18 77 A5 5A 01 FE 33 01 01 18 77 A5 5A 01 FE 33 01 01 18 77 A5 5A 01 FE 33 01 01 18 77 A5 5A 01 FE 33 01 01 18 77 A5 5A 01 FE 33 01 01 18 77 A5 5A 01 FE 33 01 01 18 77 A5 5A 01 FE 33
[11:53:07.020] [JETSON-STATUS] ERROR: A5 5A 01 FE 33 01 01 18 77
[11:53:07.020] [JETSON-STATUS] ERROR: A5 5A 01 FE 33 01 01 18 77
[11:53:07.021] [JETSON-STATUS] ERROR: A5 5A 01 FE 33 01 01 18 77
[11:53:07.021] [JETSON-STATUS] ERROR: A5 5A 01 FE 33 01 01 18 77
[11:53:07.021] [JETSON-STATUS] ERROR: A5 5A 01 FE 33 01 01 18 77
[11:53:07.021] [JETSON-STATUS] ERROR: A5 5A 01 FE 33 01 01 18 77
[11:53:07.022] [JETSON-STATUS] ERROR: A5 5A 01 FE 33 01 01 18 77
[11:53:07.022] [JETSON-STATUS] ERROR: A5 5A 01 FE 33 01 01 18 77
[11:53:07.022] [JETSON-STATUS] ERROR: A5 5A 01 FE 33 01 01 18 77
[11:53:07.022] [JETSON-STATUS] ERROR: A5 5A 01 FE 33 01 01 18 77
[11:53:07.023] [JETSON-STATUS] ERROR: A5 5A 01 FE 33 01 01 18 77
[11:53:07.023] [JETSON-STATUS] ERROR: A5 5A 01 FE 33 01 01 18 77
[11:53:07.024] [JETSON-STATUS] ERROR: A5 5A 01 FE 33 01 01 18 77
[11:53:07.024] [JETSON-STATUS] ERROR: A5 5A 01 FE 33 01 01 18 77
[11:53:07.024] [JETSON-STATUS] ERROR: A5 5A 01 FE 33 01 01 18 77
[11:53:07.026] [JETSON-STATUS] ERROR: A5 5A 01 FE 33 01 01 18 77
[11:53:07.026] [JETSON-STATUS] ERROR: A5 5A 01 FE 33 01 01 18 77
[11:53:07.026] [JETSON-STATUS] ERROR: A5 5A 01 FE 33 01 01 18 77
[11:53:07.026] [JETSON-STATUS] ERROR: A5 5A 01 FE 33 01 01 18 77
[11:53:07.027] [JETSON-STATUS] ERROR: A5 5A 01 FE 33 01 01 18 77
[11:53:07.027] [JETSON-STATUS] ERROR: A5 5A 01 FE 33 01 01 18 77
[11:53:07.027] [JETSON-STATUS] ERROR: A5 5A 01 FE 33 01 01 18 77
[11:53:07.028] [JETSON-STATUS] ERROR: A5 5A 01 FE 33 01 01 18 77
[11:53:07.028] [JETSON-STATUS] ERROR: A5 5A 01 FE 33 01 01 18 77
[11:53:07.028] [JETSON-STATUS] ERROR: A5 5A 01 FE 33 01 01 18 77
[11:53:07.028] [JETSON-STATUS] ERROR: A5 5A 01 FE 33 01 01 18 77
[11:53:07.029] [JETSON-STATUS] ERROR: A5 5A 01 FE 33 01 01 18 77
[11:53:07.300] [JETSON-RX] 01 01 18 77 A5 5A 01 FE 33 01 01 18 77 A5 5A 01 FE 33 01 01 18 77 A5 5A 01 FE 33 01 01 18 77 A5 5A 01 FE 33 01 01 18 77 A5 5A 01 FE 33 01 01 18 77 A5 5A 01 FE 33 01 01 18 77 A5 5A 01 FE 33 01 01 18 77 A5 5A 01 FE 33 01 01 18 77 A5 5A 01 FE 33 01 01 18 77 A5 5A 01 FE 33 01 01 18 77 A5 5A 01 FE 33 01 01 18 77 A5 5A 01 FE 33 01 01 18 77 A5 5A 01 FE 33 01 01 18 77 A5 5A 01 FE 33 01 01 18 77 A5 5A 01 FE 33 01 01 18 77 A5 5A 01 FE 33 01 01 18 77 A5 5A 01 FE 33 01 01 18 77 A5 5A 01 FE 33 01 01 18 77 A5 5A 01 FE 33 01 01 18 77 A5 5A 01 FE 33 01 01 18 77 A5 5A 01 FE 33 01 01 18 77 A5 5A 01 FE 33 01 01 18 77 A5 5A 01 FE 33 01 01 18 77 A5 5A 01 FE 33 01 01 18 77 A5 5A 01 FE 33 01 01 18 77 A5 5A 01 FE 33 01 01 18 77 A5 5A 01 FE 33 01 01 18 77 A5 5A 01 FE 33 01 01 18 77
[11:53:07.300] [JETSON-STATUS] ERROR: A5 5A 01 FE 33 01 01 18 77
[11:53:07.301] [JETSON-STATUS] ERROR: A5 5A 01 FE 33 01 01 18 77
[11:53:07.302] [JETSON-STATUS] ERROR: A5 5A 01 FE 33 01 01 18 77
[11:53:07.302] [JETSON-STATUS] ERROR: A5 5A 01 FE 33 01 01 18 77
[11:53:07.302] [JETSON-STATUS] ERROR: A5 5A 01 FE 33 01 01 18 77
[11:53:07.303] [JETSON-STATUS] ERROR: A5 5A 01 FE 33 01 01 18 77
[11:53:07.303] [JETSON-STATUS] ERROR: A5 5A 01 FE 33 01 01 18 77
[11:53:07.303] [JETSON-STATUS] ERROR: A5 5A 01 FE 33 01 01 18 77
[11:53:07.304] [JETSON-STATUS] ERROR: A5 5A 01 FE 33 01 01 18 77
[11:53:07.304] [JETSON-STATUS] ERROR: A5 5A 01 FE 33 01 01 18 77
[11:53:07.304] [JETSON-STATUS] ERROR: A5 5A 01 FE 33 01 01 18 77
[11:53:07.305] [JETSON-STATUS] ERROR: A5 5A 01 FE 33 01 01 18 77
[11:53:07.305] [JETSON-STATUS] ERROR: A5 5A 01 FE 33 01 01 18 77
[11:53:07.305] [JETSON-STATUS] ERROR: A5 5A 01 FE 33 01 01 18 77
[11:53:07.305] [JETSON-STATUS] ERROR: A5 5A 01 FE 33 01 01 18 77
[11:53:07.306] [JETSON-STATUS] ERROR: A5 5A 01 FE 33 01 01 18 77
[11:53:07.306] [JETSON-STATUS] ERROR: A5 5A 01 FE 33 01 01 18 77
[11:53:07.306] [JETSON-STATUS] ERROR: A5 5A 01 FE 33 01 01 18 77
[11:53:07.307] [JETSON-STATUS] ERROR: A5 5A 01 FE 33 01 01 18 77
[11:53:07.307] [JETSON-STATUS] ERROR: A5 5A 01 FE 33 01 01 18 77
[11:53:07.307] [JETSON-STATUS] ERROR: A5 5A 01 FE 33 01 01 18 77
[11:53:07.307] [JETSON-STATUS] ERROR: A5 5A 01 FE 33 01 01 18 77
[11:53:07.308] [JETSON-STATUS] ERROR: A5 5A 01 FE 33 01 01 18 77
[11:53:07.308] [JETSON-STATUS] ERROR: A5 5A 01 FE 33 01 01 18 77
[11:53:07.308] [JETSON-STATUS] ERROR: A5 5A 01 FE 33 01 01 18 77
[11:53:07.309] [JETSON-STATUS] ERROR: A5 5A 01 FE 33 01 01 18 77
[11:53:07.309] [JETSON-STATUS] ERROR: A5 5A 01 FE 33 01 01 18 77
[11:53:07.309] [JETSON-STATUS] ERROR: A5 5A 01 FE 33 01 01 18 77
[11:53:07.588] [JETSON-RX] A5 5A 01 FE 33 01 01 18 77 A5 5A 01 FE 33 01 01 18 77 A5 5A 01 FE 33 01 01 18 77 A5 5A 01 FE 33 01 01 18 77 A5 5A 01 FE 33 01 01 18 77 A5 5A 01 FE 33 01 01 18 77 A5 5A 01 FE 33 01 01 18 77 A5 5A 01 FE 33 01 01 18 77 A5 5A 01 FE 33 01 01 18 77 A5 5A 01 FE 33 01 01 18 77 A5 5A 01 FE 33 01 01 18 77 A5 5A 01 FE 33 01 01 18 77 A5 5A 01 FE 33 01 01 18 77 A5 5A 01 FE 33 01 01 18 77 A5 5A 01 FE 33 01 01 18 77 A5 5A 01 FE 33 01 01 18 77 A5 5A 01 FE 33 01 01 18 77 A5 5A 01 FE 33 01 01 18 77 A5 5A 01 FE 33 01 01 18 77 A5 5A 01 FE 33 01 01 18 77 A5 5A 01 FE 33 01 01 18 77 A5 5A 01 FE 33 01 01 18 77 A5 5A 01 FE 33 01 01 18 77 A5 5A 01 FE 33 01 01 18 77 A5 5A 01 FE 33 01 01 18 77 A5 5A 01 FE 33 01 01 18 77 A5 5A 01 FE 33 01 01 18 77 A5 5A 01 FE 33 01 01 18 77 A5 5A 01 FE
[11:53:07.590] [JETSON-STATUS] ERROR: A5 5A 01 FE 33 01 01 18 77
[11:53:07.590] [JETSON-STATUS] ERROR: A5 5A 01 FE 33 01 01 18 77
[11:53:07.591] [JETSON-STATUS] ERROR: A5 5A 01 FE 33 01 01 18 77
[11:53:07.591] [JETSON-STATUS] ERROR: A5 5A 01 FE 33 01 01 18 77
[11:53:07.591] [JETSON-STATUS] ERROR: A5 5A 01 FE 33 01 01 18 77
[11:53:07.592] [JETSON-STATUS] ERROR: A5 5A 01 FE 33 01 01 18 77
[11:53:07.592] [JETSON-STATUS] ERROR: A5 5A 01 FE 33 01 01 18 77
[11:53:07.593] [JETSON-STATUS] ERROR: A5 5A 01 FE 33 01 01 18 77
[11:53:07.594] [JETSON-STATUS] ERROR: A5 5A 01 FE 33 01 01 18 77
[11:53:07.594] [JETSON-STATUS] ERROR: A5 5A 01 FE 33 01 01 18 77
[11:53:07.595] [JETSON-STATUS] ERROR: A5 5A 01 FE 33 01 01 18 77
[11:53:07.595] [JETSON-STATUS] ERROR: A5 5A 01 FE 33 01 01 18 77
[11:53:07.596] [JETSON-STATUS] ERROR: A5 5A 01 FE 33 01 01 18 77
[11:53:07.596] [JETSON-STATUS] ERROR: A5 5A 01 FE 33 01 01 18 77
[11:53:07.596] [JETSON-STATUS] ERROR: A5 5A 01 FE 33 01 01 18 77
[11:53:07.597] [JETSON-STATUS] ERROR: A5 5A 01 FE 33 01 01 18 77
[11:53:07.597] [JETSON-STATUS] ERROR: A5 5A 01 FE 33 01 01 18 77
[11:53:07.597] [JETSON-STATUS] ERROR: A5 5A 01 FE 33 01 01 18 77
[11:53:07.598] [JETSON-STATUS] ERROR: A5 5A 01 FE 33 01 01 18 77
[11:53:07.598] [JETSON-STATUS] ERROR: A5 5A 01 FE 33 01 01 18 77
[11:53:07.598] [JETSON-STATUS] ERROR: A5 5A 01 FE 33 01 01 18 77
[11:53:07.600] [JETSON-STATUS] ERROR: A5 5A 01 FE 33 01 01 18 77
[11:53:07.600] [JETSON-STATUS] ERROR: A5 5A 01 FE 33 01 01 18 77
[11:53:07.600] [JETSON-STATUS] ERROR: A5 5A 01 FE 33 01 01 18 77
[11:53:07.600] [JETSON-STATUS] ERROR: A5 5A 01 FE 33 01 01 18 77
[11:53:07.601] [JETSON-STATUS] ERROR: A5 5A 01 FE 33 01 01 18 77
[11:53:07.601] [JETSON-STATUS] ERROR: A5 5A 01 FE 33 01 01 18 77
[11:53:07.601] [JETSON-STATUS] ERROR: A5 5A 01 FE 33 01 01 18 77
[11:53:07.869] [JETSON-RX] 33 01 01 18 77 A5 5A 01 FE 33 01 01 18 77 A5 5A 01 FE 33 01 01 18 77 A5 5A 01 FE 33 01 01 18 77 A5 5A 01 FE 33 01 01 18 77 A5 5A 01 FE 33 01 01 18 77 A5 5A 01 FE 33 01 01 18 77 A5 5A 01 FE 33 01 01 18 77 A5 5A 01 FE 33 01 01 18 77 A5 5A 01 FE 33 01 01 18 77 A5 5A 01 FE 33 01 01 18 77 A5 5A 01 FE 33 01 01 18 77 A5 5A 01 FE 33 01 01 18 77 A5 5A 01 FE 33 01 01 18 77 A5 5A 01 FE 33 01 01 18 77 A5 5A 01 FE 33 01 01 18 77 A5 5A 01 FE 33 01 01 18 77 A5 5A 01 FE 33 01 01 18 77 A5 5A 01 FE 33 01 01 18 77 A5 5A 01 FE 33 01 01 18 77 A5 5A 01 FE 33 01 01 18 77 A5 5A 01 FE 33 01 01 18 77 A5 5A 01 FE 33 01 01 18 77 A5 5A 01 FE 33 01 01 18 77 A5 5A 01 FE 33 01 01 18 77 A5 5A 01 FE 33 01 01 18 77 A5 5A 01 FE 33 01 01 18 77 A5 5A 01 FE 33 01 01 18 77 A5 5A 01 FE 33 01 01 18
[11:53:07.870] [JETSON-STATUS] ERROR: A5 5A 01 FE 33 01 01 18 77
[11:53:07.870] [JETSON-STATUS] ERROR: A5 5A 01 FE 33 01 01 18 77
[11:53:07.870] [JETSON-STATUS] ERROR: A5 5A 01 FE 33 01 01 18 77
[11:53:07.871] [JETSON-STATUS] ERROR: A5 5A 01 FE 33 01 01 18 77
[11:53:07.871] [JETSON-STATUS] ERROR: A5 5A 01 FE 33 01 01 18 77
[11:53:07.871] [JETSON-STATUS] ERROR: A5 5A 01 FE 33 01 01 18 77
[11:53:07.871] [JETSON-STATUS] ERROR: A5 5A 01 FE 33 01 01 18 77
[11:53:07.872] [JETSON-STATUS] ERROR: A5 5A 01 FE 33 01 01 18 77
[11:53:07.872] [JETSON-STATUS] ERROR: A5 5A 01 FE 33 01 01 18 77
[11:53:07.872] [JETSON-STATUS] ERROR: A5 5A 01 FE 33 01 01 18 77
[11:53:07.874] [JETSON-STATUS] ERROR: A5 5A 01 FE 33 01 01 18 77
[11:53:07.874] [JETSON-STATUS] ERROR: A5 5A 01 FE 33 01 01 18 77
[11:53:07.874] [JETSON-STATUS] ERROR: A5 5A 01 FE 33 01 01 18 77
[11:53:07.875] [JETSON-STATUS] ERROR: A5 5A 01 FE 33 01 01 18 77
[11:53:07.875] [JETSON-STATUS] ERROR: A5 5A 01 FE 33 01 01 18 77
[11:53:07.875] [JETSON-STATUS] ERROR: A5 5A 01 FE 33 01 01 18 77
[11:53:07.875] [JETSON-STATUS] ERROR: A5 5A 01 FE 33 01 01 18 77
[11:53:07.876] [JETSON-STATUS] ERROR: A5 5A 01 FE 33 01 01 18 77
[11:53:07.876] [JETSON-STATUS] ERROR: A5 5A 01 FE 33 01 01 18 77
[11:53:07.876] [JETSON-STATUS] ERROR: A5 5A 01 FE 33 01 01 18 77
[11:53:07.876] [JETSON-STATUS] ERROR: A5 5A 01 FE 33 01 01 18 77
[11:53:07.877] [JETSON-STATUS] ERROR: A5 5A 01 FE 33 01 01 18 77
[11:53:07.877] [JETSON-STATUS] ERROR: A5 5A 01 FE 33 01 01 18 77
[11:53:07.877] [JETSON-STATUS] ERROR: A5 5A 01 FE 33 01 01 18 77
[11:53:07.878] [JETSON-STATUS] ERROR: A5 5A 01 FE 33 01 01 18 77
[11:53:07.878] [JETSON-STATUS] ERROR: A5 5A 01 FE 33 01 01 18 77
[11:53:07.878] [JETSON-STATUS] ERROR: A5 5A 01 FE 33 01 01 18 77
[11:53:08.160] [JETSON-RX] 77 A5 5A 01 FE 33 01 01 18 77 A5 5A 01 FE 33 01 01 18 77 A5 5A 01 FE 33 01 01 18 77 A5 5A 01 FE 33 01 01 18 77 A5 5A 01 FE 33 01 01 18 77 A5 5A 01 FE 33 01 01 18 77 A5 5A 01 FE 33 01 01 18 77 A5 5A 01 FE 33 01 01 18 77 A5 5A 01 FE 33 01 01 18 77 A5 5A 01 FE 33 01 01 18 77 A5 5A 01 FE 33 01 01 18 77 A5 5A 01 FE 33 01 01 18 77 A5 5A 01 FE 33 01 01 18 77 A5 5A 01 FE 33 01 01 18 77 A5 5A 01 FE 33 01 01 18 77 A5 5A 01 FE 33 01 01 18 77 A5 5A 01 FE 33 01 01 18 77 A5 5A 01 FE 33 01 01 18 77 A5 5A 01 FE 33 01 01 18 77 A5 5A 01 FE 33 01 01 18 77 A5 5A 01 FE 33 01 01 18 77 A5 5A 01 FE 33 01 01 18 77 A5 5A 01 FE 33 01 01 18 77 A5 5A 01 FE 33 01 01 18 77 A5 5A 01 FE 33 01 01 18 77 A5 5A 01 FE 33 01 01 18 77 A5 5A 01 FE 33 01 01 18 77 A5 5A 01 FE 33 01 01 18 77 A5 5A 01
[11:53:08.160] [JETSON-STATUS] ERROR: A5 5A 01 FE 33 01 01 18 77
[11:53:08.161] [JETSON-STATUS] ERROR: A5 5A 01 FE 33 01 01 18 77
[11:53:08.161] [JETSON-STATUS] ERROR: A5 5A 01 FE 33 01 01 18 77
[11:53:08.161] [JETSON-STATUS] ERROR: A5 5A 01 FE 33 01 01 18 77
[11:53:08.162] [JETSON-STATUS] ERROR: A5 5A 01 FE 33 01 01 18 77
[11:53:08.162] [JETSON-STATUS] ERROR: A5 5A 01 FE 33 01 01 18 77
[11:53:08.162] [JETSON-STATUS] ERROR: A5 5A 01 FE 33 01 01 18 77
[11:53:08.162] [JETSON-STATUS] ERROR: A5 5A 01 FE 33 01 01 18 77
[11:53:08.163] [JETSON-STATUS] ERROR: A5 5A 01 FE 33 01 01 18 77
[11:53:08.163] [JETSON-STATUS] ERROR: A5 5A 01 FE 33 01 01 18 77
[11:53:08.163] [JETSON-STATUS] ERROR: A5 5A 01 FE 33 01 01 18 77
[11:53:08.163] [JETSON-STATUS] ERROR: A5 5A 01 FE 33 01 01 18 77
[11:53:08.164] [JETSON-STATUS] ERROR: A5 5A 01 FE 33 01 01 18 77
[11:53:08.164] [JETSON-STATUS] ERROR: A5 5A 01 FE 33 01 01 18 77
[11:53:08.168] [JETSON-STATUS] ERROR: A5 5A 01 FE 33 01 01 18 77
[11:53:08.168] [JETSON-STATUS] ERROR: A5 5A 01 FE 33 01 01 18 77
[11:53:08.169] [JETSON-STATUS] ERROR: A5 5A 01 FE 33 01 01 18 77
[11:53:08.169] [JETSON-STATUS] ERROR: A5 5A 01 FE 33 01 01 18 77
[11:53:08.169] [JETSON-STATUS] ERROR: A5 5A 01 FE 33 01 01 18 77
[11:53:08.169] [JETSON-STATUS] ERROR: A5 5A 01 FE 33 01 01 18 77
[11:53:08.169] [JETSON-STATUS] ERROR: A5 5A 01 FE 33 01 01 18 77
[11:53:08.171] [JETSON-STATUS] ERROR: A5 5A 01 FE 33 01 01 18 77
[11:53:08.171] [JETSON-STATUS] ERROR: A5 5A 01 FE 33 01 01 18 77
[11:53:08.171] [JETSON-STATUS] ERROR: A5 5A 01 FE 33 01 01 18 77
[11:53:08.171] [JETSON-STATUS] ERROR: A5 5A 01 FE 33 01 01 18 77
[11:53:08.172] [JETSON-STATUS] ERROR: A5 5A 01 FE 33 01 01 18 77
[11:53:08.172] [JETSON-STATUS] ERROR: A5 5A 01 FE 33 01 01 18 77
[11:53:08.172] [JETSON-STATUS] ERROR: A5 5A 01 FE 33 01 01 18 77
[11:53:08.173] [JETSON-STATUS] ERROR: A5 5A 01 FE 33 01 01 18 77
[11:53:08.198] [JETSON-INFO] heartbeat stopped
[11:53:08.439] [JETSON-RX] FE 33 01 01 18 77 A5 5A 01 FE 33 01 01 18 77 A5 5A 01 FE 33 01 01 18 77 A5 5A 01 FE 33 01 01 18 77 A5 5A 01 FE 33 01 01 18 77 A5 5A 01 FE 33 01 01 18 77 A5 5A 01 FE 33 01 01 18 77 A5 5A 01 FE 33 01 01 18 77 A5 5A 01 FE 33 01 01 18 77 A5 5A 01 FE 33 01 01 18 77 A5 5A 01 FE 33 01 01 18 77 A5 5A 01 FE 33 01 01 18 77 A5 5A 01 FE 33 01 01 18 77 A5 5A 01 FE 33 01 01 18 77 A5 5A 01 FE 33 01 01 18 77 A5 5A 01 FE 33 01 01 18 77 A5 5A 01 FE 33 01 01 18 77 A5 5A 01 FE 33 01 01 18 77 A5 5A 01 FE 33 01 01 18 77 A5 5A 01 FE 33 01 01 18 77 A5 5A 01 FE 33 01 01 18 77 A5 5A 01 FE 33 01 01 18 77 A5 5A 01 FE 33 01 01 18 77 A5 5A 01 FE 33 01 01 18 77 A5 5A 01 FE 33 01 01 18 77 A5 5A 01 FE 33 01 01 18 77 A5 5A 01 FE 33 01 01 18 77 A5 5A 01 FE 33 01 01 18 77 A5 5A 01 FE 33 01 01
[11:53:08.440] [JETSON-STATUS] ERROR: A5 5A 01 FE 33 01 01 18 77
[11:53:08.440] [JETSON-STATUS] ERROR: A5 5A 01 FE 33 01 01 18 77
[11:53:08.441] [JETSON-STATUS] ERROR: A5 5A 01 FE 33 01 01 18 77
[11:53:08.441] [JETSON-STATUS] ERROR: A5 5A 01 FE 33 01 01 18 77
[11:53:08.441] [JETSON-STATUS] ERROR: A5 5A 01 FE 33 01 01 18 77
[11:53:08.442] [JETSON-STATUS] ERROR: A5 5A 01 FE 33 01 01 18 77
[11:53:08.442] [JETSON-STATUS] ERROR: A5 5A 01 FE 33 01 01 18 77
[11:53:08.442] [JETSON-STATUS] ERROR: A5 5A 01 FE 33 01 01 18 77
[11:53:08.443] [JETSON-STATUS] ERROR: A5 5A 01 FE 33 01 01 18 77
[11:53:08.443] [JETSON-STATUS] ERROR: A5 5A 01 FE 33 01 01 18 77
[11:53:08.443] [JETSON-STATUS] ERROR: A5 5A 01 FE 33 01 01 18 77
[11:53:08.444] [JETSON-STATUS] ERROR: A5 5A 01 FE 33 01 01 18 77
[11:53:08.444] [JETSON-STATUS] ERROR: A5 5A 01 FE 33 01 01 18 77
[11:53:08.444] [JETSON-STATUS] ERROR: A5 5A 01 FE 33 01 01 18 77
[11:53:08.445] [JETSON-STATUS] ERROR: A5 5A 01 FE 33 01 01 18 77
[11:53:08.445] [JETSON-STATUS] ERROR: A5 5A 01 FE 33 01 01 18 77
[11:53:08.445] [JETSON-STATUS] ERROR: A5 5A 01 FE 33 01 01 18 77
[11:53:08.446] [JETSON-STATUS] ERROR: A5 5A 01 FE 33 01 01 18 77
[11:53:08.446] [JETSON-STATUS] ERROR: A5 5A 01 FE 33 01 01 18 77
[11:53:08.450] [JETSON-STATUS] ERROR: A5 5A 01 FE 33 01 01 18 77
[11:53:08.452] [JETSON-STATUS] ERROR: A5 5A 01 FE 33 01 01 18 77
[11:53:08.452] [JETSON-STATUS] ERROR: A5 5A 01 FE 33 01 01 18 77
[11:53:08.452] [JETSON-STATUS] ERROR: A5 5A 01 FE 33 01 01 18 77
[11:53:08.453] [JETSON-STATUS] ERROR: A5 5A 01 FE 33 01 01 18 77
[11:53:08.453] [JETSON-STATUS] ERROR: A5 5A 01 FE 33 01 01 18 77
[11:53:08.453] [JETSON-STATUS] ERROR: A5 5A 01 FE 33 01 01 18 77
[11:53:08.454] [JETSON-STATUS] ERROR: A5 5A 01 FE 33 01 01 18 77
[11:53:08.729] [JETSON-RX] 18 77 A5 5A 01 FE 33 01 01 18 77 A5 5A 01 FE 33 01 01 18 77 A5 5A 01 FE 33 01 01 18 77 A5 5A 01 FE 33 01 01 18 77 A5 5A 01 FE 33 01 01 18 77 A5 5A 01 FE 33 01 01 18 77 A5 5A 01 FE 33 01 01 18 77 A5 5A 01 FE 33 01 01 18 77 A5 5A 01 FE 33 01 01 18 77 A5 5A 01 FE 33 01 01 18 77 A5 5A 01 FE 33 01 01 18 77 A5 5A 01 FE 33 01 01 18 77 A5 5A 01 FE 33 01 01 18 77 A5 5A 01 FE 33 01 01 18 77 A5 5A 01 FE 33 01 01 18 77 A5 5A 01 FE 33 01 01 18 77 A5 5A 01 FE 33 01 01 18 77 A5 5A 01 FE 33 01 01 18 77 A5 5A 01 FE 33 01 01 18 77 A5 5A 01 FE 33 01 01 18 77 A5 5A 01 FE 33 01 01 18 77 A5 5A 01 FE 33 01 01 18 77 A5 5A 01 FE 33 01 01 18 77 A5 5A 01 FE 33 01 01 18 77 A5 5A 01 FE 33 01 01 18 77 A5 5A 01 FE 33 01 01 18 77 A5 5A 01 FE 33 01 01 18 77 A5 5A 01 FE 33 01 01 18 77 A5 5A
[11:53:08.729] [JETSON-STATUS] ERROR: A5 5A 01 FE 33 01 01 18 77
[11:53:08.730] [JETSON-STATUS] ERROR: A5 5A 01 FE 33 01 01 18 77
[11:53:08.730] [JETSON-STATUS] ERROR: A5 5A 01 FE 33 01 01 18 77
[11:53:08.732] [JETSON-STATUS] ERROR: A5 5A 01 FE 33 01 01 18 77
[11:53:08.732] [JETSON-STATUS] ERROR: A5 5A 01 FE 33 01 01 18 77
[11:53:08.732] [JETSON-STATUS] ERROR: A5 5A 01 FE 33 01 01 18 77
[11:53:08.732] [JETSON-STATUS] ERROR: A5 5A 01 FE 33 01 01 18 77
[11:53:08.734] [JETSON-STATUS] ERROR: A5 5A 01 FE 33 01 01 18 77
[11:53:08.734] [JETSON-STATUS] ERROR: A5 5A 01 FE 33 01 01 18 77
[11:53:08.734] [JETSON-STATUS] ERROR: A5 5A 01 FE 33 01 01 18 77
[11:53:08.735] [JETSON-STATUS] ERROR: A5 5A 01 FE 33 01 01 18 77
[11:53:08.735] [JETSON-STATUS] ERROR: A5 5A 01 FE 33 01 01 18 77
[11:53:08.735] [JETSON-STATUS] ERROR: A5 5A 01 FE 33 01 01 18 77
[11:53:08.736] [JETSON-STATUS] ERROR: A5 5A 01 FE 33 01 01 18 77
[11:53:08.736] [JETSON-STATUS] ERROR: A5 5A 01 FE 33 01 01 18 77
[11:53:08.736] [JETSON-STATUS] ERROR: A5 5A 01 FE 33 01 01 18 77
[11:53:08.737] [JETSON-STATUS] ERROR: A5 5A 01 FE 33 01 01 18 77
[11:53:08.737] [JETSON-STATUS] ERROR: A5 5A 01 FE 33 01 01 18 77
[11:53:08.737] [JETSON-STATUS] ERROR: A5 5A 01 FE 33 01 01 18 77
[11:53:08.738] [JETSON-STATUS] ERROR: A5 5A 01 FE 33 01 01 18 77
[11:53:08.738] [JETSON-STATUS] ERROR: A5 5A 01 FE 33 01 01 18 77
[11:53:08.738] [JETSON-STATUS] ERROR: A5 5A 01 FE 33 01 01 18 77
[11:53:08.739] [JETSON-STATUS] ERROR: A5 5A 01 FE 33 01 01 18 77
[11:53:08.739] [JETSON-STATUS] ERROR: A5 5A 01 FE 33 01 01 18 77
[11:53:08.739] [JETSON-STATUS] ERROR: A5 5A 01 FE 33 01 01 18 77
[11:53:08.739] [JETSON-STATUS] ERROR: A5 5A 01 FE 33 01 01 18 77
[11:53:08.741] [JETSON-STATUS] ERROR: A5 5A 01 FE 33 01 01 18 77
[11:53:08.741] [JETSON-STATUS] ERROR: A5 5A 01 FE 33 01 01 18 77
[11:53:09.009] [JETSON-RX] 01 FE 33 01 01 18 77 A5 5A 01 FE 33 01 01 18 77 A5 5A 01 FE 33 01 01 18 77 A5 5A 01 FE 33 01 01 18 77 A5 5A 01 FE 33 01 01 18 77 A5 5A 01 FE 33 01 01 18 77 A5 5A 01 FE 33 01 01 18 77 A5 5A 01 FE 33 01 01 18 77 A5 5A 01 FE 33 01 01 18 77 A5 5A 01 FE 33 01 01 18 77 A5 5A 01 FE 33 01 01 18 77 A5 5A 01 FE 33 01 01 18 77 A5 5A 01 FE 33 01 01 18 77 A5 5A 01 FE 33 01 01 18 77 A5 5A 01 FE 33 01 01 18 77 A5 5A 01 FE 33 01 01 18 77 A5 5A 01 FE 33 01 01 18 77 A5 5A 01 FE 33 01 01 18 77 A5 5A 01 FE 33 01 01 18 77 A5 5A 01 FE 33 01 01 18 77 A5 5A 01 FE 33 01 01 18 77 A5 5A 01 FE 33 01 01 18 77 A5 5A 01 FE 33 01 01 18 77 A5 5A 01 FE 33 01 01 18 77 A5 5A 01 FE 33 01 01 18 77 A5 5A 01 FE 33 01 01 18 77 A5 5A 01 FE 33 01 01 18 77 A5 5A 01 FE 33 01 01 18 77 A5 5A 01 FE 33 01
[11:53:09.010] [JETSON-STATUS] ERROR: A5 5A 01 FE 33 01 01 18 77
[11:53:09.010] [JETSON-STATUS] ERROR: A5 5A 01 FE 33 01 01 18 77
[11:53:09.010] [JETSON-STATUS] ERROR: A5 5A 01 FE 33 01 01 18 77
[11:53:09.012] [JETSON-STATUS] ERROR: A5 5A 01 FE 33 01 01 18 77
[11:53:09.013] [JETSON-STATUS] ERROR: A5 5A 01 FE 33 01 01 18 77
[11:53:09.013] [JETSON-STATUS] ERROR: A5 5A 01 FE 33 01 01 18 77
[11:53:09.013] [JETSON-STATUS] ERROR: A5 5A 01 FE 33 01 01 18 77
[11:53:09.014] [JETSON-STATUS] ERROR: A5 5A 01 FE 33 01 01 18 77
[11:53:09.014] [JETSON-STATUS] ERROR: A5 5A 01 FE 33 01 01 18 77
[11:53:09.014] [JETSON-STATUS] ERROR: A5 5A 01 FE 33 01 01 18 77
[11:53:09.014] [JETSON-STATUS] ERROR: A5 5A 01 FE 33 01 01 18 77
[11:53:09.016] [JETSON-STATUS] ERROR: A5 5A 01 FE 33 01 01 18 77
[11:53:09.016] [JETSON-STATUS] ERROR: A5 5A 01 FE 33 01 01 18 77
[11:53:09.016] [JETSON-STATUS] ERROR: A5 5A 01 FE 33 01 01 18 77
[11:53:09.016] [JETSON-STATUS] ERROR: A5 5A 01 FE 33 01 01 18 77
[11:53:09.016] [JETSON-STATUS] ERROR: A5 5A 01 FE 33 01 01 18 77
[11:53:09.016] [JETSON-STATUS] ERROR: A5 5A 01 FE 33 01 01 18 77
[11:53:09.017] [JETSON-STATUS] ERROR: A5 5A 01 FE 33 01 01 18 77
[11:53:09.017] [JETSON-STATUS] ERROR: A5 5A 01 FE 33 01 01 18 77
[11:53:09.017] [JETSON-STATUS] ERROR: A5 5A 01 FE 33 01 01 18 77
[11:53:09.019] [JETSON-STATUS] ERROR: A5 5A 01 FE 33 01 01 18 77
[11:53:09.019] [JETSON-STATUS] ERROR: A5 5A 01 FE 33 01 01 18 77
[11:53:09.019] [JETSON-STATUS] ERROR: A5 5A 01 FE 33 01 01 18 77
[11:53:09.020] [JETSON-STATUS] ERROR: A5 5A 01 FE 33 01 01 18 77
[11:53:09.020] [JETSON-STATUS] ERROR: A5 5A 01 FE 33 01 01 18 77
[11:53:09.020] [JETSON-STATUS] ERROR: A5 5A 01 FE 33 01 01 18 77
[11:53:09.020] [JETSON-STATUS] ERROR: A5 5A 01 FE 33 01 01 18 77
[11:53:09.300] [JETSON-RX] 01 18 77 A5 5A 01 FE 33 01 01 18 77 A5 5A 01 FE 33 01 01 18 77 A5 5A 01 FE 33 01 01 18 77 A5 5A 01 FE 33 01 01 18 77 A5 5A 01 FE 33 01 01 18 77 A5 5A 01 FE 33 01 01 18 77 A5 5A 01 FE 33 01 01 18 77 A5 5A 01 FE 33 01 01 18 77 A5 5A 01 FE 33 01 01 18 77 A5 5A 01 FE 33 01 01 18 77 A5 5A 01 FE 33 01 01 18 77 A5 5A 01 FE 33 01 01 18 77 A5 5A 01 FE 33 01 01 18 77 A5 5A 01 FE 33 01 01 18 77 A5 5A 01 FE 33 01 01 18 77 A5 5A 01 FE 33 01 01 18 77 A5 5A 01 FE 33 01 01 18 77 A5 5A 01 FE 33 01 01 18 77 A5 5A 01 FE 33 01 01 18 77 A5 5A 01 FE 33 01 01 18 77 A5 5A 01 FE 33 01 01 18 77 A5 5A 01 FE 33 01 01 18 77 A5 5A 01 FE 33 01 01 18 77 A5 5A 01 FE 33 01 01 18 77 A5 5A 01 FE 33 01 01 18 77 A5 5A 01 FE 33 01 01 18 77 A5 5A 01 FE 33 01 01 18 77 A5 5A 01 FE 33 01 01 18 77 A5
[11:53:09.300] [JETSON-STATUS] ERROR: A5 5A 01 FE 33 01 01 18 77
[11:53:09.300] [JETSON-STATUS] ERROR: A5 5A 01 FE 33 01 01 18 77
[11:53:09.301] [JETSON-STATUS] ERROR: A5 5A 01 FE 33 01 01 18 77
[11:53:09.301] [JETSON-STATUS] ERROR: A5 5A 01 FE 33 01 01 18 77
[11:53:09.301] [JETSON-STATUS] ERROR: A5 5A 01 FE 33 01 01 18 77
[11:53:09.302] [JETSON-STATUS] ERROR: A5 5A 01 FE 33 01 01 18 77
[11:53:09.302] [JETSON-STATUS] ERROR: A5 5A 01 FE 33 01 01 18 77
[11:53:09.303] [JETSON-STATUS] ERROR: A5 5A 01 FE 33 01 01 18 77
[11:53:09.303] [JETSON-STATUS] ERROR: A5 5A 01 FE 33 01 01 18 77
[11:53:09.303] [JETSON-STATUS] ERROR: A5 5A 01 FE 33 01 01 18 77
[11:53:09.304] [JETSON-STATUS] ERROR: A5 5A 01 FE 33 01 01 18 77
[11:53:09.304] [JETSON-STATUS] ERROR: A5 5A 01 FE 33 01 01 18 77
[11:53:09.304] [JETSON-STATUS] ERROR: A5 5A 01 FE 33 01 01 18 77
[11:53:09.304] [JETSON-STATUS] ERROR: A5 5A 01 FE 33 01 01 18 77
[11:53:09.305] [JETSON-STATUS] ERROR: A5 5A 01 FE 33 01 01 18 77
[11:53:09.305] [JETSON-STATUS] ERROR: A5 5A 01 FE 33 01 01 18 77
[11:53:09.306] [JETSON-STATUS] ERROR: A5 5A 01 FE 33 01 01 18 77
[11:53:09.306] [JETSON-STATUS] ERROR: A5 5A 01 FE 33 01 01 18 77
[11:53:09.306] [JETSON-STATUS] ERROR: A5 5A 01 FE 33 01 01 18 77
[11:53:09.307] [JETSON-STATUS] ERROR: A5 5A 01 FE 33 01 01 18 77
[11:53:09.307] [JETSON-STATUS] ERROR: A5 5A 01 FE 33 01 01 18 77
[11:53:09.307] [JETSON-STATUS] ERROR: A5 5A 01 FE 33 01 01 18 77
[11:53:09.308] [JETSON-STATUS] ERROR: A5 5A 01 FE 33 01 01 18 77
[11:53:09.308] [JETSON-STATUS] ERROR: A5 5A 01 FE 33 01 01 18 77
[11:53:09.308] [JETSON-STATUS] ERROR: A5 5A 01 FE 33 01 01 18 77
[11:53:09.309] [JETSON-STATUS] ERROR: A5 5A 01 FE 33 01 01 18 77
[11:53:09.309] [JETSON-STATUS] ERROR: A5 5A 01 FE 33 01 01 18 77
[11:53:09.309] [JETSON-STATUS] ERROR: A5 5A 01 FE 33 01 01 18 77
[11:53:09.579] [JETSON-RX] 5A 01 FE 33 01 01 18 77 A5 5A 01 FE 33 01 01 18 77 A5 5A 01 FE 33 01 01 18 77 A5 5A 01 FE 33 01 01 18 77 A5 5A 01 FE 33 01 01 18 77 A5 5A 01 FE 33 01 01 18 77 A5 5A 01 FE 33 01 01 18 77 A5 5A 01 FE 33 01 01 18 77 A5 5A 01 FE 33 01 01 18 77 A5 5A 01 FE 33 01 01 18 77 A5 5A 01 FE 33 01 01 18 77 A5 5A 01 FE 33 01 01 18 77 A5 5A 01 FE 33 01 01 18 77 A5 5A 01 FE 33 01 01 18 77 A5 5A 01 FE 33 01 01 18 77 A5 5A 01 FE 33 01 01 18 77 A5 5A 01 FE 33 01 01 18 77 A5 5A 01 FE 33 01 01 18 77 A5 5A 01 FE 33 01 01 18 77 A5 5A 01 FE 33 01 01 18 77 A5 5A 01 FE 33 01 01 18 77 A5 5A 01 FE 33 01 01 18 77 A5 5A 01 FE 33 01 01 18 77 A5 5A 01 FE 33 01 01 18 77 A5 5A 01 FE 33 01 01 18 77 A5 5A 01 FE 33 01 01 18 77 A5 5A 01 FE 33 01 01 18 77 A5 5A 01 FE 33 01 01 18 77 A5 5A 01 FE 33
[11:53:09.580] [JETSON-STATUS] ERROR: A5 5A 01 FE 33 01 01 18 77
[11:53:09.580] [JETSON-STATUS] ERROR: A5 5A 01 FE 33 01 01 18 77
[11:53:09.580] [JETSON-STATUS] ERROR: A5 5A 01 FE 33 01 01 18 77
[11:53:09.581] [JETSON-STATUS] ERROR: A5 5A 01 FE 33 01 01 18 77
[11:53:09.581] [JETSON-STATUS] ERROR: A5 5A 01 FE 33 01 01 18 77
[11:53:09.581] [JETSON-STATUS] ERROR: A5 5A 01 FE 33 01 01 18 77
[11:53:09.582] [JETSON-STATUS] ERROR: A5 5A 01 FE 33 01 01 18 77
[11:53:09.582] [JETSON-STATUS] ERROR: A5 5A 01 FE 33 01 01 18 77
[11:53:09.582] [JETSON-STATUS] ERROR: A5 5A 01 FE 33 01 01 18 77
[11:53:09.582] [JETSON-STATUS] ERROR: A5 5A 01 FE 33 01 01 18 77
[11:53:09.584] [JETSON-STATUS] ERROR: A5 5A 01 FE 33 01 01 18 77
[11:53:09.584] [JETSON-STATUS] ERROR: A5 5A 01 FE 33 01 01 18 77
[11:53:09.584] [JETSON-STATUS] ERROR: A5 5A 01 FE 33 01 01 18 77
[11:53:09.585] [JETSON-STATUS] ERROR: A5 5A 01 FE 33 01 01 18 77
[11:53:09.585] [JETSON-STATUS] ERROR: A5 5A 01 FE 33 01 01 18 77
[11:53:09.585] [JETSON-STATUS] ERROR: A5 5A 01 FE 33 01 01 18 77
[11:53:09.585] [JETSON-STATUS] ERROR: A5 5A 01 FE 33 01 01 18 77
[11:53:09.585] [JETSON-STATUS] ERROR: A5 5A 01 FE 33 01 01 18 77
[11:53:09.586] [JETSON-STATUS] ERROR: A5 5A 01 FE 33 01 01 18 77
[11:53:09.586] [JETSON-STATUS] ERROR: A5 5A 01 FE 33 01 01 18 77
[11:53:09.586] [JETSON-STATUS] ERROR: A5 5A 01 FE 33 01 01 18 77
[11:53:09.588] [JETSON-STATUS] ERROR: A5 5A 01 FE 33 01 01 18 77
[11:53:09.588] [JETSON-STATUS] ERROR: A5 5A 01 FE 33 01 01 18 77
[11:53:09.588] [JETSON-STATUS] ERROR: A5 5A 01 FE 33 01 01 18 77
[11:53:09.588] [JETSON-STATUS] ERROR: A5 5A 01 FE 33 01 01 18 77
[11:53:09.589] [JETSON-STATUS] ERROR: A5 5A 01 FE 33 01 01 18 77
[11:53:09.590] [JETSON-STATUS] ERROR: A5 5A 01 FE 33 01 01 18 77
[11:53:09.860] [JETSON-RX] 01 01 18 77 A5 5A 01 FE 33 01 01 18 77 A5 5A 01 FE 33 01 01 18 77 A5 5A 01 FE 33 01 01 18 77 A5 5A 01 FE 33 01 01 18 77 A5 5A 01 FE 33 01 01 18 77 A5 5A 01 FE 33 01 01 18 77 A5 5A 01 FE 33 01 01 18 77 A5 5A 01 FE 33 01 01 18 77 A5 5A 01 FE 33 01 01 18 77 A5 5A 01 FE 33 01 01 18 77 A5 5A 01 FE 33 01 01 18 77 A5 5A 01 FE 33 01 01 18 77 A5 5A 01 FE 33 01 01 18 77 A5 5A 01 FE 33 01 01 18 77 A5 5A 01 FE 33 01 01 18 77 A5 5A 01 FE 33 01 01 18 77 A5 5A 01 FE 33 01 01 18 77 A5 5A 01 FE 33 01 01 18 77 A5 5A 01 FE 33 01 01 18 77 A5 5A 01 FE 33 01 01 18 77 A5 5A 01 FE 33 01 01 18 77 A5 5A 01 FE 33 01 01 18 77 A5 5A 01 FE 33 01 01 18 77 A5 5A 01 FE 33 01 01 18 77 A5 5A 01 FE 33 01 01 18 77 A5 5A 01 FE 33 01 01 18 77 A5 5A 01 FE 33 01 01 18 77 A5 5A 01 FE 33 01 01 18 77
[11:53:09.860] [JETSON-STATUS] ERROR: A5 5A 01 FE 33 01 01 18 77
[11:53:09.860] [JETSON-STATUS] ERROR: A5 5A 01 FE 33 01 01 18 77
[11:53:09.860] [JETSON-STATUS] ERROR: A5 5A 01 FE 33 01 01 18 77
[11:53:09.861] [JETSON-STATUS] ERROR: A5 5A 01 FE 33 01 01 18 77
[11:53:09.861] [JETSON-STATUS] ERROR: A5 5A 01 FE 33 01 01 18 77
[11:53:09.861] [JETSON-STATUS] ERROR: A5 5A 01 FE 33 01 01 18 77
[11:53:09.861] [JETSON-STATUS] ERROR: A5 5A 01 FE 33 01 01 18 77
[11:53:09.862] [JETSON-STATUS] ERROR: A5 5A 01 FE 33 01 01 18 77
[11:53:09.862] [JETSON-STATUS] ERROR: A5 5A 01 FE 33 01 01 18 77
[11:53:09.862] [JETSON-STATUS] ERROR: A5 5A 01 FE 33 01 01 18 77
[11:53:09.862] [JETSON-STATUS] ERROR: A5 5A 01 FE 33 01 01 18 77
[11:53:09.864] [JETSON-STATUS] ERROR: A5 5A 01 FE 33 01 01 18 77
[11:53:09.864] [JETSON-STATUS] ERROR: A5 5A 01 FE 33 01 01 18 77
[11:53:09.864] [JETSON-STATUS] ERROR: A5 5A 01 FE 33 01 01 18 77
[11:53:09.864] [JETSON-STATUS] ERROR: A5 5A 01 FE 33 01 01 18 77
[11:53:09.865] [JETSON-STATUS] ERROR: A5 5A 01 FE 33 01 01 18 77
[11:53:09.865] [JETSON-STATUS] ERROR: A5 5A 01 FE 33 01 01 18 77
[11:53:09.865] [JETSON-STATUS] ERROR: A5 5A 01 FE 33 01 01 18 77
[11:53:09.866] [JETSON-STATUS] ERROR: A5 5A 01 FE 33 01 01 18 77
[11:53:09.866] [JETSON-STATUS] ERROR: A5 5A 01 FE 33 01 01 18 77
[11:53:09.866] [JETSON-STATUS] ERROR: A5 5A 01 FE 33 01 01 18 77
[11:53:09.866] [JETSON-STATUS] ERROR: A5 5A 01 FE 33 01 01 18 77
[11:53:09.866] [JETSON-STATUS] ERROR: A5 5A 01 FE 33 01 01 18 77
[11:53:09.867] [JETSON-STATUS] ERROR: A5 5A 01 FE 33 01 01 18 77
[11:53:09.867] [JETSON-STATUS] ERROR: A5 5A 01 FE 33 01 01 18 77
[11:53:09.868] [JETSON-STATUS] ERROR: A5 5A 01 FE 33 01 01 18 77
[11:53:09.868] [JETSON-STATUS] ERROR: A5 5A 01 FE 33 01 01 18 77
[11:53:09.868] [JETSON-STATUS] ERROR: A5 5A 01 FE 33 01 01 18 77
[11:53:10.150] [JETSON-RX] A5 5A 01 FE 33 01 01 18 77 A5 5A 01 FE 33 01 01 18 77 A5 5A 01 FE 33 01 01 18 77 A5 5A 01 FE 33 01 01 18 77 A5 5A 01 FE 33 01 01 18 77 A5 5A 01 FE 33 01 01 18 77 A5 5A 01 FE 33 01 01 18 77 A5 5A 01 FE 33 01 01 18 77 A5 5A 01 FE 33 01 01 18 77 A5 5A 01 FE 33 01 01 18 77 A5 5A 01 FE 33 01 01 18 77 A5 5A 01 FE 33 01 01 18 77 A5 5A 01 FE 33 01 01 18 77 A5 5A 01 FE 33 01 01 18 77 A5 5A 01 FE 33 01 01 18 77 A5 5A 01 FE 33 01 01 18 77 A5 5A 01 FE 33 01 01 18 77 A5 5A 01 FE 33 01 01 18 77 A5 5A 01 FE 33 01 01 18 77 A5 5A 01 FE 33 01 01 18 77 A5 5A 01 FE 33 01 01 18 77 A5 5A 01 FE 33 01 01 18 77 A5 5A 01 FE 33 01 01 18 77 A5 5A 01 FE 33 01 01 18 77 A5 5A 01 FE 33 01 01 18 77 A5 5A 01 FE 33 01 01 18 77 A5 5A 01 FE 33 01 01 18 77 A5 5A 01 FE 33 01 01 18 77 A5 5A 01 FE
[11:53:10.150] [JETSON-STATUS] ERROR: A5 5A 01 FE 33 01 01 18 77
[11:53:10.151] [JETSON-STATUS] ERROR: A5 5A 01 FE 33 01 01 18 77
[11:53:10.151] [JETSON-STATUS] ERROR: A5 5A 01 FE 33 01 01 18 77
[11:53:10.151] [JETSON-STATUS] ERROR: A5 5A 01 FE 33 01 01 18 77
[11:53:10.151] [JETSON-STATUS] ERROR: A5 5A 01 FE 33 01 01 18 77
[11:53:10.152] [JETSON-STATUS] ERROR: A5 5A 01 FE 33 01 01 18 77
[11:53:10.152] [JETSON-STATUS] ERROR: A5 5A 01 FE 33 01 01 18 77
[11:53:10.153] [JETSON-STATUS] ERROR: A5 5A 01 FE 33 01 01 18 77
[11:53:10.153] [JETSON-STATUS] ERROR: A5 5A 01 FE 33 01 01 18 77
[11:53:10.153] [JETSON-STATUS] ERROR: A5 5A 01 FE 33 01 01 18 77
[11:53:10.154] [JETSON-STATUS] ERROR: A5 5A 01 FE 33 01 01 18 77
[11:53:10.154] [JETSON-STATUS] ERROR: A5 5A 01 FE 33 01 01 18 77
[11:53:10.154] [JETSON-STATUS] ERROR: A5 5A 01 FE 33 01 01 18 77
[11:53:10.154] [JETSON-STATUS] ERROR: A5 5A 01 FE 33 01 01 18 77
[11:53:10.154] [JETSON-STATUS] ERROR: A5 5A 01 FE 33 01 01 18 77
[11:53:10.154] [JETSON-STATUS] ERROR: A5 5A 01 FE 33 01 01 18 77
[11:53:10.154] [JETSON-STATUS] ERROR: A5 5A 01 FE 33 01 01 18 77
[11:53:10.156] [JETSON-STATUS] ERROR: A5 5A 01 FE 33 01 01 18 77
[11:53:10.156] [JETSON-STATUS] ERROR: A5 5A 01 FE 33 01 01 18 77
[11:53:10.156] [JETSON-STATUS] ERROR: A5 5A 01 FE 33 01 01 18 77
[11:53:10.156] [JETSON-STATUS] ERROR: A5 5A 01 FE 33 01 01 18 77
[11:53:10.156] [JETSON-STATUS] ERROR: A5 5A 01 FE 33 01 01 18 77
[11:53:10.157] [JETSON-STATUS] ERROR: A5 5A 01 FE 33 01 01 18 77
[11:53:10.157] [JETSON-STATUS] ERROR: A5 5A 01 FE 33 01 01 18 77
[11:53:10.157] [JETSON-STATUS] ERROR: A5 5A 01 FE 33 01 01 18 77
[11:53:10.158] [JETSON-STATUS] ERROR: A5 5A 01 FE 33 01 01 18 77
[11:53:10.158] [JETSON-STATUS] ERROR: A5 5A 01 FE 33 01 01 18 77
[11:53:10.158] [JETSON-STATUS] ERROR: A5 5A 01 FE 33 01 01 18 77
[11:53:10.429] [JETSON-RX] 33 01 01 18 77 A5 5A 01 FE 33 01 01 18 77 A5 5A 01 FE 33 01 01 18 77 A5 5A 01 FE 33 01 01 18 77 A5 5A 01 FE 33 01 01 18 77 A5 5A 01 FE 33 01 01 18 77 A5 5A 01 FE 33 01 01 18 77 A5 5A 01 FE 33 01 01 18 77 A5 5A 01 FE 33 01 01 18 77 A5 5A 01 FE 33 01 01 18 77 A5 5A 01 FE 33 01 01 18 77 A5 5A 01 FE 33 01 01 18 77 A5 5A 01 FE 33 01 01 18 77 A5 5A 01 FE 33 01 01 18 77 A5 5A 01 FE 33 01 01 18 77 A5 5A 01 FE 33 01 01 18 77 A5 5A 01 FE 33 01 01 18 77 A5 5A 01 FE 33 01 01 18 77 A5 5A 01 FE 33 01 01 18 77 A5 5A 01 FE 33 01 01 18 77 A5 5A 01 FE 33 01 01 18 77 A5 5A 01 FE 33 01 01 18 77 A5 5A 01 FE 33 01 01 18 77 A5 5A 01 FE 33 01 01 18 77 A5 5A 01 FE 33 01 01 18 77 A5 5A 01 FE 33 01 01 18 77 A5 5A 01 FE 33 01 01 18 77 A5 5A 01 FE 33 01 01 18 77 A5 5A 01 FE 33 01 01 18
[11:53:10.429] [JETSON-STATUS] ERROR: A5 5A 01 FE 33 01 01 18 77
[11:53:10.431] [JETSON-STATUS] ERROR: A5 5A 01 FE 33 01 01 18 77
[11:53:10.431] [JETSON-STATUS] ERROR: A5 5A 01 FE 33 01 01 18 77
[11:53:10.431] [JETSON-STATUS] ERROR: A5 5A 01 FE 33 01 01 18 77
[11:53:10.432] [JETSON-STATUS] ERROR: A5 5A 01 FE 33 01 01 18 77
[11:53:10.432] [JETSON-STATUS] ERROR: A5 5A 01 FE 33 01 01 18 77
[11:53:10.432] [JETSON-STATUS] ERROR: A5 5A 01 FE 33 01 01 18 77
[11:53:10.432] [JETSON-STATUS] ERROR: A5 5A 01 FE 33 01 01 18 77
[11:53:10.432] [JETSON-STATUS] ERROR: A5 5A 01 FE 33 01 01 18 77
[11:53:10.434] [JETSON-STATUS] ERROR: A5 5A 01 FE 33 01 01 18 77
[11:53:10.434] [JETSON-STATUS] ERROR: A5 5A 01 FE 33 01 01 18 77
[11:53:10.434] [JETSON-STATUS] ERROR: A5 5A 01 FE 33 01 01 18 77
[11:53:10.434] [JETSON-STATUS] ERROR: A5 5A 01 FE 33 01 01 18 77
[11:53:10.435] [JETSON-STATUS] ERROR: A5 5A 01 FE 33 01 01 18 77
[11:53:10.435] [JETSON-STATUS] ERROR: A5 5A 01 FE 33 01 01 18 77
[11:53:10.436] [JETSON-STATUS] ERROR: A5 5A 01 FE 33 01 01 18 77
[11:53:10.436] [JETSON-STATUS] ERROR: A5 5A 01 FE 33 01 01 18 77
[11:53:10.436] [JETSON-STATUS] ERROR: A5 5A 01 FE 33 01 01 18 77
[11:53:10.437] [JETSON-STATUS] ERROR: A5 5A 01 FE 33 01 01 18 77
[11:53:10.437] [JETSON-STATUS] ERROR: A5 5A 01 FE 33 01 01 18 77
[11:53:10.437] [JETSON-STATUS] ERROR: A5 5A 01 FE 33 01 01 18 77
[11:53:10.437] [JETSON-STATUS] ERROR: A5 5A 01 FE 33 01 01 18 77
[11:53:10.438] [JETSON-STATUS] ERROR: A5 5A 01 FE 33 01 01 18 77
[11:53:10.438] [JETSON-STATUS] ERROR: A5 5A 01 FE 33 01 01 18 77
[11:53:10.439] [JETSON-STATUS] ERROR: A5 5A 01 FE 33 01 01 18 77
[11:53:10.439] [JETSON-STATUS] ERROR: A5 5A 01 FE 33 01 01 18 77
[11:53:10.439] [JETSON-STATUS] ERROR: A5 5A 01 FE 33 01 01 18 77
[11:53:10.719] [JETSON-RX] 77 A5 5A 01 FE 33 01 01 18 77 A5 5A 01 FE 33 01 01 18 77 A5 5A 01 FE 33 01 01 18 77 A5 5A 01 FE 33 01 01 18 77 A5 5A 01 FE 33 01 01 18 77 A5 5A 01 FE 33 01 01 18 77 A5 5A 01 FE 33 01 01 18 77 A5 5A 01 FE 33 01 01 18 77 A5 5A 01 FE 33 01 01 18 77 A5 5A 01 FE 33 01 01 18 77 A5 5A 01 FE 33 01 01 18 77 A5 5A 01 FE 33 01 01 18 77 A5 5A 01 FE 33 01 01 18 77 A5 5A 01 FE 33 01 01 18 77 A5 5A 01 FE 33 01 01 18 77 A5 5A 01 FE 33 01 01 18 77 A5 5A 01 FE 33 01 01 18 77 A5 5A 01 FE 33 01 01 18 77 A5 5A 01 FE 33 01 01 18 77 A5 5A 01 FE 33 01 01 18 77 A5 5A 01 FE 33 01 01 18 77 A5 5A 01 FE 33 01 01 18 77 A5 5A 01 FE 33 01 01 18 77 A5 5A 01 FE 33 01 01 18 77 A5 5A 01 FE 33 01 01 18 77 A5 5A 01 FE 33 01 01 18 77 A5 5A 01 FE 33 01 01 18 77 A5 5A 01 FE 33 01 01 18 77 A5 5A 01
[11:53:10.720] [JETSON-STATUS] ERROR: A5 5A 01 FE 33 01 01 18 77
[11:53:10.720] [JETSON-STATUS] ERROR: A5 5A 01 FE 33 01 01 18 77
[11:53:10.720] [JETSON-STATUS] ERROR: A5 5A 01 FE 33 01 01 18 77
[11:53:10.721] [JETSON-STATUS] ERROR: A5 5A 01 FE 33 01 01 18 77
[11:53:10.721] [JETSON-STATUS] ERROR: A5 5A 01 FE 33 01 01 18 77
[11:53:10.721] [JETSON-STATUS] ERROR: A5 5A 01 FE 33 01 01 18 77
[11:53:10.721] [JETSON-STATUS] ERROR: A5 5A 01 FE 33 01 01 18 77
[11:53:10.722] [JETSON-STATUS] ERROR: A5 5A 01 FE 33 01 01 18 77
[11:53:10.722] [JETSON-STATUS] ERROR: A5 5A 01 FE 33 01 01 18 77
[11:53:10.722] [JETSON-STATUS] ERROR: A5 5A 01 FE 33 01 01 18 77
[11:53:10.724] [JETSON-STATUS] ERROR: A5 5A 01 FE 33 01 01 18 77
[11:53:10.724] [JETSON-STATUS] ERROR: A5 5A 01 FE 33 01 01 18 77
[11:53:10.724] [JETSON-STATUS] ERROR: A5 5A 01 FE 33 01 01 18 77
[11:53:10.724] [JETSON-STATUS] ERROR: A5 5A 01 FE 33 01 01 18 77
[11:53:10.724] [JETSON-STATUS] ERROR: A5 5A 01 FE 33 01 01 18 77
[11:53:10.724] [JETSON-STATUS] ERROR: A5 5A 01 FE 33 01 01 18 77
[11:53:10.725] [JETSON-STATUS] ERROR: A5 5A 01 FE 33 01 01 18 77
[11:53:10.725] [JETSON-STATUS] ERROR: A5 5A 01 FE 33 01 01 18 77
[11:53:10.725] [JETSON-STATUS] ERROR: A5 5A 01 FE 33 01 01 18 77
[11:53:10.726] [JETSON-STATUS] ERROR: A5 5A 01 FE 33 01 01 18 77
[11:53:10.726] [JETSON-STATUS] ERROR: A5 5A 01 FE 33 01 01 18 77
[11:53:10.726] [JETSON-STATUS] ERROR: A5 5A 01 FE 33 01 01 18 77
[11:53:10.726] [JETSON-STATUS] ERROR: A5 5A 01 FE 33 01 01 18 77
[11:53:10.727] [JETSON-STATUS] ERROR: A5 5A 01 FE 33 01 01 18 77
[11:53:10.727] [JETSON-STATUS] ERROR: A5 5A 01 FE 33 01 01 18 77
[11:53:10.727] [JETSON-STATUS] ERROR: A5 5A 01 FE 33 01 01 18 77
[11:53:10.727] [JETSON-STATUS] ERROR: A5 5A 01 FE 33 01 01 18 77
[11:53:10.729] [JETSON-STATUS] ERROR: A5 5A 01 FE 33 01 01 18 77
[11:53:10.729] [JETSON-STATUS] ERROR: A5 5A 01 FE 33 01 01 18 77
[11:53:10.999] [JETSON-RX] FE 33 01 01 18 77 A5 5A 01 FE 33 01 01 18 77 A5 5A 01 FE 33 01 01 18 77 A5 5A 01 FE 33 01 01 18 77 A5 5A 01 FE 33 01 01 18 77 A5 5A 01 FE 33 01 01 18 77 A5 5A 01 FE 33 01 01 18 77 A5 5A 01 FE 33 01 01 18 77 A5 5A 01 FE 33 01 01 18 77 A5 5A 01 FE 33 01 01 18 77 A5 5A 01 FE 33 01 01 18 77 A5 5A 01 FE 33 01 01 18 77 A5 5A 01 FE 33 01 01 18 77 A5 5A 01 FE 33 01 01 18 77 A5 5A 01 FE 33 01 01 18 77 A5 5A 01 FE 33 01 01 18 77 A5 5A 01 FE 33 01 01 18 77 A5 5A 01 FE 33 01 01 18 77 A5 5A 01 FE 33 01 01 18 77 A5 5A 01 FE 33 01 01 18 77 A5 5A 01 FE 33 01 01 18 77 A5 5A 01 FE 33 01 01 18 77 A5 5A 01 FE 33 01 01 18 77 A5 5A 01 FE 33 01 01 18 77 A5 5A 01 FE 33 01 01 18 77 A5 5A 01 FE 33 01 01 18 77 A5 5A 01 FE 33 01 01 18 77 A5 5A 01 FE 33 01 01 18 77 A5 5A 01 FE 33 01 01
[11:53:10.999] [JETSON-STATUS] ERROR: A5 5A 01 FE 33 01 01 18 77
[11:53:11.000] [JETSON-STATUS] ERROR: A5 5A 01 FE 33 01 01 18 77
[11:53:11.000] [JETSON-STATUS] ERROR: A5 5A 01 FE 33 01 01 18 77
[11:53:11.002] [JETSON-STATUS] ERROR: A5 5A 01 FE 33 01 01 18 77
[11:53:11.002] [JETSON-STATUS] ERROR: A5 5A 01 FE 33 01 01 18 77
[11:53:11.002] [JETSON-STATUS] ERROR: A5 5A 01 FE 33 01 01 18 77
[11:53:11.003] [JETSON-STATUS] ERROR: A5 5A 01 FE 33 01 01 18 77
[11:53:11.003] [JETSON-STATUS] ERROR: A5 5A 01 FE 33 01 01 18 77
[11:53:11.003] [JETSON-STATUS] ERROR: A5 5A 01 FE 33 01 01 18 77
[11:53:11.004] [JETSON-STATUS] ERROR: A5 5A 01 FE 33 01 01 18 77
[11:53:11.004] [JETSON-STATUS] ERROR: A5 5A 01 FE 33 01 01 18 77
[11:53:11.004] [JETSON-STATUS] ERROR: A5 5A 01 FE 33 01 01 18 77
[11:53:11.005] [JETSON-STATUS] ERROR: A5 5A 01 FE 33 01 01 18 77
[11:53:11.005] [JETSON-STATUS] ERROR: A5 5A 01 FE 33 01 01 18 77
[11:53:11.005] [JETSON-STATUS] ERROR: A5 5A 01 FE 33 01 01 18 77
[11:53:11.005] [JETSON-STATUS] ERROR: A5 5A 01 FE 33 01 01 18 77
[11:53:11.006] [JETSON-STATUS] ERROR: A5 5A 01 FE 33 01 01 18 77
[11:53:11.006] [JETSON-STATUS] ERROR: A5 5A 01 FE 33 01 01 18 77
[11:53:11.006] [JETSON-STATUS] ERROR: A5 5A 01 FE 33 01 01 18 77
[11:53:11.008] [JETSON-STATUS] ERROR: A5 5A 01 FE 33 01 01 18 77
[11:53:11.008] [JETSON-STATUS] ERROR: A5 5A 01 FE 33 01 01 18 77
[11:53:11.008] [JETSON-STATUS] ERROR: A5 5A 01 FE 33 01 01 18 77
[11:53:11.009] [JETSON-STATUS] ERROR: A5 5A 01 FE 33 01 01 18 77
[11:53:11.009] [JETSON-STATUS] ERROR: A5 5A 01 FE 33 01 01 18 77
[11:53:11.009] [JETSON-STATUS] ERROR: A5 5A 01 FE 33 01 01 18 77
[11:53:11.009] [JETSON-STATUS] ERROR: A5 5A 01 FE 33 01 01 18 77
[11:53:11.010] [JETSON-STATUS] ERROR: A5 5A 01 FE 33 01 01 18 77
[11:53:11.289] [JETSON-RX] 18 77 A5 5A 01 FE 33 01 01 18 77 A5 5A 01 FE 33 01 01 18 77 A5 5A 01 FE 33 01 01 18 77 A5 5A 01 FE 33 01 01 18 77 A5 5A 01 FE 33 01 01 18 77 A5 5A 01 FE 33 01 01 18 77 A5 5A 01 FE 33 01 01 18 77 A5 5A 01 FE 33 01 01 18 77 A5 5A 01 FE 33 01 01 18 77 A5 5A 01 FE 33 01 01 18 77 A5 5A 01 FE 33 01 01 18 77 A5 5A 01 FE 33 01 01 18 77 A5 5A 01 FE 33 01 01 18 77 A5 5A 01 FE 33 01 01 18 77 A5 5A 01 FE 33 01 01 18 77 A5 5A 01 FE 33 01 01 18 77 A5 5A 01 FE 33 01 01 18 77 A5 5A 01 FE 33 01 01 18 77 A5 5A 01 FE 33 01 01 18 77 A5 5A 01 FE 33 01 01 18 77 A5 5A 01 FE 33 01 01 18 77 A5 5A 01 FE 33 01 01 18 77 A5 5A 01 FE 33 01 01 18 77 A5 5A 01 FE 33 01 01 18 77 A5 5A 01 FE 33 01 01 18 77 A5 5A 01 FE 33 01 01 18 77 A5 5A 01 FE 33 01 01 18 77 A5 5A 01 FE 33 01 01 18 77 A5 5A
[11:53:11.289] [JETSON-STATUS] ERROR: A5 5A 01 FE 33 01 01 18 77
[11:53:11.290] [JETSON-STATUS] ERROR: A5 5A 01 FE 33 01 01 18 77
[11:53:11.290] [JETSON-STATUS] ERROR: A5 5A 01 FE 33 01 01 18 77
[11:53:11.291] [JETSON-STATUS] ERROR: A5 5A 01 FE 33 01 01 18 77
[11:53:11.291] [JETSON-STATUS] ERROR: A5 5A 01 FE 33 01 01 18 77
[11:53:11.292] [JETSON-STATUS] ERROR: A5 5A 01 FE 33 01 01 18 77
[11:53:11.292] [JETSON-STATUS] ERROR: A5 5A 01 FE 33 01 01 18 77
[11:53:11.292] [JETSON-STATUS] ERROR: A5 5A 01 FE 33 01 01 18 77
[11:53:11.293] [JETSON-STATUS] ERROR: A5 5A 01 FE 33 01 01 18 77
[11:53:11.293] [JETSON-STATUS] ERROR: A5 5A 01 FE 33 01 01 18 77
[11:53:11.293] [JETSON-STATUS] ERROR: A5 5A 01 FE 33 01 01 18 77
[11:53:11.293] [JETSON-STATUS] ERROR: A5 5A 01 FE 33 01 01 18 77
[11:53:11.294] [JETSON-STATUS] ERROR: A5 5A 01 FE 33 01 01 18 77
[11:53:11.294] [JETSON-STATUS] ERROR: A5 5A 01 FE 33 01 01 18 77
[11:53:11.294] [JETSON-STATUS] ERROR: A5 5A 01 FE 33 01 01 18 77
[11:53:11.295] [JETSON-STATUS] ERROR: A5 5A 01 FE 33 01 01 18 77
[11:53:11.295] [JETSON-STATUS] ERROR: A5 5A 01 FE 33 01 01 18 77
[11:53:11.295] [JETSON-STATUS] ERROR: A5 5A 01 FE 33 01 01 18 77
[11:53:11.295] [JETSON-STATUS] ERROR: A5 5A 01 FE 33 01 01 18 77
[11:53:11.296] [JETSON-STATUS] ERROR: A5 5A 01 FE 33 01 01 18 77
[11:53:11.296] [JETSON-STATUS] ERROR: A5 5A 01 FE 33 01 01 18 77
[11:53:11.296] [JETSON-STATUS] ERROR: A5 5A 01 FE 33 01 01 18 77
[11:53:11.298] [JETSON-STATUS] ERROR: A5 5A 01 FE 33 01 01 18 77
[11:53:11.298] [JETSON-STATUS] ERROR: A5 5A 01 FE 33 01 01 18 77
[11:53:11.298] [JETSON-STATUS] ERROR: A5 5A 01 FE 33 01 01 18 77
[11:53:11.298] [JETSON-STATUS] ERROR: A5 5A 01 FE 33 01 01 18 77
[11:53:11.298] [JETSON-STATUS] ERROR: A5 5A 01 FE 33 01 01 18 77
[11:53:11.299] [JETSON-STATUS] ERROR: A5 5A 01 FE 33 01 01 18 77
[11:53:11.569] [JETSON-RX] 01 FE 33 01 01 18 77 A5 5A 01 FE 33 01 01 18 77 A5 5A 01 FE 33 01 01 18 77 A5 5A 01 FE 33 01 01 18 77 A5 5A 01 FE 33 01 01 18 77 A5 5A 01 FE 33 01 01 18 77 A5 5A 01 FE 33 01 01 18 77 A5 5A 01 FE 33 01 01 18 77 A5 5A 01 FE 33 01 01 18 77 A5 5A 01 FE 33 01 01 18 77 A5 5A 01 FE 33 01 01 18 77 A5 5A 01 FE 33 01 01 18 77 A5 5A 01 FE 33 01 01 18 77 A5 5A 01 FE 33 01 01 18 77 A5 5A 01 FE 33 01 01 18 77 A5 5A 01 FE 33 01 01 18 77 A5 5A 01 FE 33 01 01 18 77 A5 5A 01 FE 33 01 01 18 77 A5 5A 01 FE 33 01 01 18 77 A5 5A 01 FE 33 01 01 18 77 A5 5A 01 FE 33 01 01 18 77 A5 5A 01 FE 33 01 01 18 77 A5 5A 01 FE 33 01 01 18 77 A5 5A 01 FE 33 01 01 18 77 A5 5A 01 FE 33 01 01 18 77 A5 5A 01 FE 33 01 01 18 77 A5 5A 01 FE 33 01 01 18 77 A5 5A 01 FE 33 01 01 18 77 A5 5A 01 FE 33 01
[11:53:11.569] [JETSON-STATUS] ERROR: A5 5A 01 FE 33 01 01 18 77
[11:53:11.570] [JETSON-STATUS] ERROR: A5 5A 01 FE 33 01 01 18 77
[11:53:11.570] [JETSON-STATUS] ERROR: A5 5A 01 FE 33 01 01 18 77
[11:53:11.571] [JETSON-STATUS] ERROR: A5 5A 01 FE 33 01 01 18 77
[11:53:11.571] [JETSON-STATUS] ERROR: A5 5A 01 FE 33 01 01 18 77
[11:53:11.571] [JETSON-STATUS] ERROR: A5 5A 01 FE 33 01 01 18 77
[11:53:11.571] [JETSON-STATUS] ERROR: A5 5A 01 FE 33 01 01 18 77
[11:53:11.573] [JETSON-STATUS] ERROR: A5 5A 01 FE 33 01 01 18 77
[11:53:11.574] [JETSON-STATUS] ERROR: A5 5A 01 FE 33 01 01 18 77
[11:53:11.574] [JETSON-STATUS] ERROR: A5 5A 01 FE 33 01 01 18 77
[11:53:11.575] [JETSON-STATUS] ERROR: A5 5A 01 FE 33 01 01 18 77
[11:53:11.575] [JETSON-STATUS] ERROR: A5 5A 01 FE 33 01 01 18 77
[11:53:11.575] [JETSON-STATUS] ERROR: A5 5A 01 FE 33 01 01 18 77
[11:53:11.575] [JETSON-STATUS] ERROR: A5 5A 01 FE 33 01 01 18 77
[11:53:11.575] [JETSON-STATUS] ERROR: A5 5A 01 FE 33 01 01 18 77
[11:53:11.575] [JETSON-STATUS] ERROR: A5 5A 01 FE 33 01 01 18 77
[11:53:11.577] [JETSON-STATUS] ERROR: A5 5A 01 FE 33 01 01 18 77
[11:53:11.577] [JETSON-STATUS] ERROR: A5 5A 01 FE 33 01 01 18 77
[11:53:11.578] [JETSON-STATUS] ERROR: A5 5A 01 FE 33 01 01 18 77
[11:53:11.578] [JETSON-STATUS] ERROR: A5 5A 01 FE 33 01 01 18 77
[11:53:11.578] [JETSON-STATUS] ERROR: A5 5A 01 FE 33 01 01 18 77
[11:53:11.578] [JETSON-STATUS] ERROR: A5 5A 01 FE 33 01 01 18 77
[11:53:11.579] [JETSON-STATUS] ERROR: A5 5A 01 FE 33 01 01 18 77
[11:53:11.579] [JETSON-STATUS] ERROR: A5 5A 01 FE 33 01 01 18 77
[11:53:11.579] [JETSON-STATUS] ERROR: A5 5A 01 FE 33 01 01 18 77
[11:53:11.579] [JETSON-STATUS] ERROR: A5 5A 01 FE 33 01 01 18 77
[11:53:11.581] [JETSON-STATUS] ERROR: A5 5A 01 FE 33 01 01 18 77
[11:53:11.859] [JETSON-RX] 01 18 77 A5 5A 01 FE 33 01 01 18 77 A5 5A 01 FE 33 01 01 18 77 A5 5A 01 FE 33 01 01 18 77 A5 5A 01 FE 33 01 01 18 77 A5 5A 01 FE 33 01 01 18 77 A5 5A 01 FE 33 01 01 18 77 A5 5A 01 FE 33 01 01 18 77 A5 5A 01 FE 33 01 01 18 77 A5 5A 01 FE 33 01 01 18 77 A5 5A 01 FE 33 01 01 18 77 A5 5A 01 FE 33 01 01 18 77 A5 5A 01 FE 33 01 01 18 77 A5 5A 01 FE 33 01 01 18 77 A5 5A 01 FE 33 01 01 18 77 A5 5A 01 FE 33 01 01 18 77 A5 5A 01 FE 33 01 01 18 77 A5 5A 01 FE 33 01 01 18 77 A5 5A 01 FE 33 01 01 18 77 A5 5A 01 FE 33 01 01 18 77 A5 5A 01 FE 33 01 01 18 77 A5 5A 01 FE 33 01 01 18 77 A5 5A 01 FE 33 01 01 18 77 A5 5A 01 FE 33 01 01 18 77 A5 5A 01 FE 33 01 01 18 77 A5 5A 01 FE 33 01 01 18 77 A5 5A 01 FE 33 01 01 18 77 A5 5A 01 FE 33 01 01 18 77 A5 5A 01 FE 33 01 01 18 77 A5
[11:53:11.859] [JETSON-STATUS] ERROR: A5 5A 01 FE 33 01 01 18 77
[11:53:11.860] [JETSON-STATUS] ERROR: A5 5A 01 FE 33 01 01 18 77
[11:53:11.860] [JETSON-STATUS] ERROR: A5 5A 01 FE 33 01 01 18 77
[11:53:11.860] [JETSON-STATUS] ERROR: A5 5A 01 FE 33 01 01 18 77
[11:53:11.861] [JETSON-STATUS] ERROR: A5 5A 01 FE 33 01 01 18 77
[11:53:11.861] [JETSON-STATUS] ERROR: A5 5A 01 FE 33 01 01 18 77
[11:53:11.861] [JETSON-STATUS] ERROR: A5 5A 01 FE 33 01 01 18 77
[11:53:11.861] [JETSON-STATUS] ERROR: A5 5A 01 FE 33 01 01 18 77
[11:53:11.862] [JETSON-STATUS] ERROR: A5 5A 01 FE 33 01 01 18 77
[11:53:11.862] [JETSON-STATUS] ERROR: A5 5A 01 FE 33 01 01 18 77
[11:53:11.862] [JETSON-STATUS] ERROR: A5 5A 01 FE 33 01 01 18 77
[11:53:11.863] [JETSON-STATUS] ERROR: A5 5A 01 FE 33 01 01 18 77
[11:53:11.863] [JETSON-STATUS] ERROR: A5 5A 01 FE 33 01 01 18 77
[11:53:11.863] [JETSON-STATUS] ERROR: A5 5A 01 FE 33 01 01 18 77
[11:53:11.864] [JETSON-STATUS] ERROR: A5 5A 01 FE 33 01 01 18 77
[11:53:11.864] [JETSON-STATUS] ERROR: A5 5A 01 FE 33 01 01 18 77
[11:53:11.864] [JETSON-STATUS] ERROR: A5 5A 01 FE 33 01 01 18 77
[11:53:11.864] [JETSON-STATUS] ERROR: A5 5A 01 FE 33 01 01 18 77
[11:53:11.866] [JETSON-STATUS] ERROR: A5 5A 01 FE 33 01 01 18 77
[11:53:11.866] [JETSON-STATUS] ERROR: A5 5A 01 FE 33 01 01 18 77
[11:53:11.866] [JETSON-STATUS] ERROR: A5 5A 01 FE 33 01 01 18 77
[11:53:11.867] [JETSON-STATUS] ERROR: A5 5A 01 FE 33 01 01 18 77
[11:53:11.867] [JETSON-STATUS] ERROR: A5 5A 01 FE 33 01 01 18 77
[11:53:11.867] [JETSON-STATUS] ERROR: A5 5A 01 FE 33 01 01 18 77
[11:53:11.867] [JETSON-STATUS] ERROR: A5 5A 01 FE 33 01 01 18 77
[11:53:11.867] [JETSON-STATUS] ERROR: A5 5A 01 FE 33 01 01 18 77
[11:53:11.868] [JETSON-STATUS] ERROR: A5 5A 01 FE 33 01 01 18 77
[11:53:11.868] [JETSON-STATUS] ERROR: A5 5A 01 FE 33 01 01 18 77
[11:53:12.139] [JETSON-RX] 5A 01 FE 33 01 01 18 77 A5 5A 01 FE 33 01 01 18 77 A5 5A 01 FE 33 01 01 18 77 A5 5A 01 FE 33 01 01 18 77 A5 5A 01 FE 33 01 01 18 77 A5 5A 01 FE 33 01 01 18 77 A5 5A 01 FE 33 01 01 18 77 A5 5A 01 FE 33 01 01 18 77 A5 5A 01 FE 33 01 01 18 77 A5 5A 01 FE 33 01 01 18 77 A5 5A 01 FE 33 01 01 18 77 A5 5A 01 FE 33 01 01 18 77 A5 5A 01 FE 33 01 01 18 77 A5 5A 01 FE 33 01 01 18 77 A5 5A 01 FE 33 01 01 18 77 A5 5A 01 FE 33 01 01 18 77 A5 5A 01 FE 33 01 01 18 77 A5 5A 01 FE 33 01 01 18 77 A5 5A 01 FE 33 01 01 18 77 A5 5A 01 FE 33 01 01 18 77 A5 5A 01 FE 33 01 01 18 77 A5 5A 01 FE 33 01 01 18 77 A5 5A 01 FE 33 01 01 18 77 A5 5A 01 FE 33 01 01 18 77 A5 5A 01 FE 33 01 01 18 77 A5 5A 01 FE 33 01 01 18 77 A5 5A 01 FE 33 01 01 18 77 A5 5A 01 FE 33 01 01 18 77 A5 5A 01 FE 33
[11:53:12.140] [JETSON-STATUS] ERROR: A5 5A 01 FE 33 01 01 18 77
[11:53:12.140] [JETSON-STATUS] ERROR: A5 5A 01 FE 33 01 01 18 77
[11:53:12.140] [JETSON-STATUS] ERROR: A5 5A 01 FE 33 01 01 18 77
[11:53:12.140] [JETSON-STATUS] ERROR: A5 5A 01 FE 33 01 01 18 77
[11:53:12.141] [JETSON-STATUS] ERROR: A5 5A 01 FE 33 01 01 18 77
[11:53:12.141] [JETSON-STATUS] ERROR: A5 5A 01 FE 33 01 01 18 77
[11:53:12.141] [JETSON-STATUS] ERROR: A5 5A 01 FE 33 01 01 18 77
[11:53:12.142] [JETSON-STATUS] ERROR: A5 5A 01 FE 33 01 01 18 77
[11:53:12.142] [JETSON-STATUS] ERROR: A5 5A 01 FE 33 01 01 18 77
[11:53:12.142] [JETSON-STATUS] ERROR: A5 5A 01 FE 33 01 01 18 77
[11:53:12.142] [JETSON-STATUS] ERROR: A5 5A 01 FE 33 01 01 18 77
[11:53:12.142] [JETSON-STATUS] ERROR: A5 5A 01 FE 33 01 01 18 77
[11:53:12.144] [JETSON-STATUS] ERROR: A5 5A 01 FE 33 01 01 18 77
[11:53:12.144] [JETSON-STATUS] ERROR: A5 5A 01 FE 33 01 01 18 77
[11:53:12.144] [JETSON-STATUS] ERROR: A5 5A 01 FE 33 01 01 18 77
[11:53:12.144] [JETSON-STATUS] ERROR: A5 5A 01 FE 33 01 01 18 77
[11:53:12.145] [JETSON-STATUS] ERROR: A5 5A 01 FE 33 01 01 18 77
[11:53:12.145] [JETSON-STATUS] ERROR: A5 5A 01 FE 33 01 01 18 77
[11:53:12.145] [JETSON-STATUS] ERROR: A5 5A 01 FE 33 01 01 18 77
[11:53:12.145] [JETSON-STATUS] ERROR: A5 5A 01 FE 33 01 01 18 77
[11:53:12.146] [JETSON-STATUS] ERROR: A5 5A 01 FE 33 01 01 18 77
[11:53:12.146] [JETSON-STATUS] ERROR: A5 5A 01 FE 33 01 01 18 77
[11:53:12.146] [JETSON-STATUS] ERROR: A5 5A 01 FE 33 01 01 18 77
[11:53:12.146] [JETSON-STATUS] ERROR: A5 5A 01 FE 33 01 01 18 77
[11:53:12.147] [JETSON-STATUS] ERROR: A5 5A 01 FE 33 01 01 18 77
[11:53:12.147] [JETSON-STATUS] ERROR: A5 5A 01 FE 33 01 01 18 77
[11:53:12.148] [JETSON-STATUS] ERROR: A5 5A 01 FE 33 01 01 18 77
[11:53:12.420] [JETSON-RX] 01 01 18 77 A5 5A 01 FE 33 01 01 18 77 A5 5A 01 FE 33 01 01 18 77 A5 5A 01 FE 33 01 01 18 77 A5 5A 01 FE 33 01 01 18 77 A5 5A 01 FE 33 01 01 18 77 A5 5A 01 FE 33 01 01 18 77 A5 5A 01 FE 33 01 01 18 77 A5 5A 01 FE 33 01 01 18 77 A5 5A 01 FE 33 01 01 18 77 A5 5A 01 FE 33 01 01 18 77 A5 5A 01 FE 33 01 01 18 77 A5 5A 01 FE 33 01 01 18 77 A5 5A 01 FE 33 01 01 18 77 A5 5A 01 FE 33 01 01 18 77 A5 5A 01 FE 33 01 01 18 77 A5 5A 01 FE 33 01 01 18 77 A5 5A 01 FE 33 01 01 18 77 A5 5A 01 FE 33 01 01 18 77 A5 5A 01 FE 33 01 01 18 77 A5 5A 01 FE 33 01 01 18 77 A5 5A 01 FE 33 01 01 18 77 A5 5A 01 FE 33 01 01 18 77 A5 5A 01 FE 33 01 01 18 77 A5 5A 01 FE 33 01 01 18 77 A5 5A 01 FE 33 01 01 18 77 A5 5A 01 FE 33 01 01 18 77 A5 5A 01 FE 33 01 01 18 77 A5 5A 01 FE 33 01 01 18 77
[11:53:12.420] [JETSON-STATUS] ERROR: A5 5A 01 FE 33 01 01 18 77
[11:53:12.420] [JETSON-STATUS] ERROR: A5 5A 01 FE 33 01 01 18 77
[11:53:12.421] [JETSON-STATUS] ERROR: A5 5A 01 FE 33 01 01 18 77
[11:53:12.421] [JETSON-STATUS] ERROR: A5 5A 01 FE 33 01 01 18 77
[11:53:12.422] [JETSON-STATUS] ERROR: A5 5A 01 FE 33 01 01 18 77
[11:53:12.423] [JETSON-STATUS] ERROR: A5 5A 01 FE 33 01 01 18 77
[11:53:12.423] [JETSON-STATUS] ERROR: A5 5A 01 FE 33 01 01 18 77
[11:53:12.423] [JETSON-STATUS] ERROR: A5 5A 01 FE 33 01 01 18 77
[11:53:12.424] [JETSON-STATUS] ERROR: A5 5A 01 FE 33 01 01 18 77
[11:53:12.424] [JETSON-STATUS] ERROR: A5 5A 01 FE 33 01 01 18 77
[11:53:12.425] [JETSON-STATUS] ERROR: A5 5A 01 FE 33 01 01 18 77
[11:53:12.425] [JETSON-STATUS] ERROR: A5 5A 01 FE 33 01 01 18 77
[11:53:12.425] [JETSON-STATUS] ERROR: A5 5A 01 FE 33 01 01 18 77
[11:53:12.426] [JETSON-STATUS] ERROR: A5 5A 01 FE 33 01 01 18 77
[11:53:12.426] [JETSON-STATUS] ERROR: A5 5A 01 FE 33 01 01 18 77
[11:53:12.426] [JETSON-STATUS] ERROR: A5 5A 01 FE 33 01 01 18 77
[11:53:12.427] [JETSON-STATUS] ERROR: A5 5A 01 FE 33 01 01 18 77
[11:53:12.428] [JETSON-STATUS] ERROR: A5 5A 01 FE 33 01 01 18 77
[11:53:12.428] [JETSON-STATUS] ERROR: A5 5A 01 FE 33 01 01 18 77
[11:53:12.428] [JETSON-STATUS] ERROR: A5 5A 01 FE 33 01 01 18 77
[11:53:12.429] [JETSON-STATUS] ERROR: A5 5A 01 FE 33 01 01 18 77
[11:53:12.430] [JETSON-STATUS] ERROR: A5 5A 01 FE 33 01 01 18 77
[11:53:12.430] [JETSON-STATUS] ERROR: A5 5A 01 FE 33 01 01 18 77
[11:53:12.430] [JETSON-STATUS] ERROR: A5 5A 01 FE 33 01 01 18 77
[11:53:12.431] [JETSON-STATUS] ERROR: A5 5A 01 FE 33 01 01 18 77
[11:53:12.431] [JETSON-STATUS] ERROR: A5 5A 01 FE 33 01 01 18 77
[11:53:12.432] [JETSON-STATUS] ERROR: A5 5A 01 FE 33 01 01 18 77
[11:53:12.432] [JETSON-STATUS] ERROR: A5 5A 01 FE 33 01 01 18 77
[11:53:12.608] [JETSON-INFO] heartbeat stopped
[11:53:12.609] [JETSON-TX] TARGET_CTRL_STOP_NEW: A5 5A 01 02 34 01 00 58 26
[11:53:12.675] [JETSON-RX] A5 5A 01 FE 33 01 01 18 77 A5 5A 01 FE 33 01 01 18 77 A5 5A 01 FE 33 01 01 18 77 A5 5A 01 FE 33 01 01 18 77 A5 5A 01 FE 33 01 01 18 77 A5 5A 01 FE 33 01 01 18 77 A5 5A 01 FE 33 01 01 18 77 A5 5A 01 FE 33 01 01 18 77 A5 5A 01 FE 33 01 01 18 77 A5 5A 01 FE 33 01 01 18 77 A5 5A 01 FE 33 01 01 18 77 A5 5A 01 FE 33 01 01 18 77 A5 5A 01 FE 33 01 01 18 77 A5 5A 01 FE 33 01 01 18 77 A5 5A 01 FE 33 01 01 18 77 A5 5A 01 FE 33 01 01 18 77 A5 5A 01 FE 33 01 01 18 77 A5 5A 01 FE 33 01 01 18 77 A5 5A 01 FE 33 01 01 18 77 A5 5A 01 81 34 03 04 00 00 E5 90
[11:53:12.676] [JETSON-STATUS] ERROR: A5 5A 01 FE 33 01 01 18 77
[11:53:12.676] [JETSON-STATUS] ERROR: A5 5A 01 FE 33 01 01 18 77
[11:53:12.676] [JETSON-STATUS] ERROR: A5 5A 01 FE 33 01 01 18 77
[11:53:12.677] [JETSON-STATUS] ERROR: A5 5A 01 FE 33 01 01 18 77
[11:53:12.677] [JETSON-STATUS] ERROR: A5 5A 01 FE 33 01 01 18 77
[11:53:12.677] [JETSON-STATUS] ERROR: A5 5A 01 FE 33 01 01 18 77
[11:53:12.678] [JETSON-STATUS] ERROR: A5 5A 01 FE 33 01 01 18 77
[11:53:12.678] [JETSON-STATUS] ERROR: A5 5A 01 FE 33 01 01 18 77
[11:53:12.678] [JETSON-STATUS] ERROR: A5 5A 01 FE 33 01 01 18 77
[11:53:12.678] [JETSON-STATUS] ERROR: A5 5A 01 FE 33 01 01 18 77
[11:53:12.679] [JETSON-STATUS] ERROR: A5 5A 01 FE 33 01 01 18 77
[11:53:12.679] [JETSON-STATUS] ERROR: A5 5A 01 FE 33 01 01 18 77
[11:53:12.679] [JETSON-STATUS] ERROR: A5 5A 01 FE 33 01 01 18 77
[11:53:12.680] [JETSON-STATUS] ERROR: A5 5A 01 FE 33 01 01 18 77
[11:53:12.680] [JETSON-STATUS] ERROR: A5 5A 01 FE 33 01 01 18 77
[11:53:12.685] [JETSON-STATUS] ERROR: A5 5A 01 FE 33 01 01 18 77
[11:53:12.686] [JETSON-STATUS] ERROR: A5 5A 01 FE 33 01 01 18 77
[11:53:12.686] [JETSON-STATUS] ERROR: A5 5A 01 FE 33 01 01 18 77
[11:53:12.686] [JETSON-STATUS] ERROR: A5 5A 01 FE 33 01 01 18 77
[11:53:12.686] [JETSON-STATUS] TARGET_CTRL_OFF: A5 5A 01 81 34 03 04 00 00 E5 90
[11:53:12.706] [ARM-RX] [JETSON_RX] target_ctrl=0
[11:53:12.706] [ARM-RX] ROBOT_SOFT_RESET_EVENT
[11:53:12.706] [ARM-RX] --- Starting soft reset ---
[11:53:12.891] [ARM-RX] Soft reset motors enabled (J1~J5, J6 skipped).
[11:53:12.891] [ARM-RX] Soft resetting joint 4...
[11:53:12.891] [ARM-RX] robot_update_current_angle 4...
[11:53:12.892] [ARM-RX] [4] current:90.00, target:90.00, dir:1
[11:53:13.015] [ARM-RX] Soft resetting joint 3...
[11:53:13.015] [ARM-RX] robot_update_current_angle 3...
[11:53:13.015] [ARM-RX] [3] current:0.00, target:0.00, dir:-1
[11:53:13.139] [ARM-RX] Soft resetting joint 1...
[11:53:13.201] [ARM-RX] robot_update_current_angle 1...
[11:53:13.201] [ARM-RX] [1] current:90.00, target:90.00, dir:1
[11:53:13.326] [ARM-RX] Soft resetting joint 2...
[11:53:13.326] [ARM-RX] robot_update_current_angle 2...
[11:53:13.326] [ARM-RX] [2] current:-90.00, target:-90.00, dir:-1
[11:53:13.448] [ARM-RX] Soft resetting joint 0...
[11:53:13.511] [ARM-RX] robot_update_current_angle 0...
[11:53:13.512] [ARM-RX] [0] current:90.00, target:90.00, dir:-1
[11:53:13.697] [ARM-RX] soft reset final verify PASS (issues:0), pose set HOME.
[11:53:23.606] [JETSON-TX] TARGET_CTRL_START_NEW: A5 5A 01 02 35 01 01 C8 26
[11:53:23.677] [JETSON-RX] A5 5A 01 81 35 03 04 01 00 D9 C0 A5 5A 01 FE 35 01 01 F8 76
[11:53:23.677] [JETSON-STATUS] TARGET_CTRL_ON: A5 5A 01 81 35 03 04 01 00 D9 C0
[11:53:23.678] [JETSON-STATUS] ERROR: A5 5A 01 FE 35 01 01 F8 76
[11:53:23.723] [ARM-RX] [JETSON_RX] target_ctrl=1
[11:53:24.495] [JETSON-RX] A5 5A 01 FE 35 01 01 F8 76 A5 5A 01 FE 35 01 01 F8 76 A5 5A 01 FE 35 01 01 F8 76 A5 5A 01 FE 35 01 01 F8 76 A5 5A 01 FE 35 01 01 F8 76 A5 5A 01 FE 35 01 01 F8 76 A5 5A 01 FE 35 01 01 F8 76 A5 5A 01 FE 35 01 01 F8 76 A5 5A 01 FE 35 01 01 F8 76 A5 5A 01 FE 35 01 01 F8 76 A5 5A 01 FE 35 01 01 F8 76 A5 5A 01 FE 35 01 01 F8 76 A5 5A 01 FE 35 01 01 F8 76 A5 5A 01 FE 35 01 01 F8 76 A5 5A 01 FE 35 01 01 F8 76 A5 5A 01 FE 35 01 01 F8 76 A5 5A 01 FE 35 01 01 F8 76 A5 5A 01 FE 35 01 01 F8 76 A5 5A 01 FE 35 01 01 F8 76 A5 5A 01 FE 35 01 01 F8 76 A5 5A 01 FE 35 01 01 F8 76 A5 5A 01 FE 35 01 01 F8 76 A5 5A 01 FE 35 01 01 F8 76 A5 5A 01 FE 35 01 01 F8 76 A5 5A 01 FE 35 01 01 F8 76 A5 5A 01 FE 35 01 01 F8 76 A5 5A 01 FE 35 01 01 F8 76 A5 5A 01 FE 35 01 01 F8 76 A5 5A 01 FE
[11:53:24.496] [JETSON-STATUS] ERROR: A5 5A 01 FE 35 01 01 F8 76
[11:53:24.496] [JETSON-STATUS] ERROR: A5 5A 01 FE 35 01 01 F8 76
[11:53:24.497] [JETSON-STATUS] ERROR: A5 5A 01 FE 35 01 01 F8 76
[11:53:24.501] [JETSON-STATUS] ERROR: A5 5A 01 FE 35 01 01 F8 76
[11:53:24.501] [JETSON-STATUS] ERROR: A5 5A 01 FE 35 01 01 F8 76
[11:53:24.501] [JETSON-STATUS] ERROR: A5 5A 01 FE 35 01 01 F8 76
[11:53:24.501] [JETSON-STATUS] ERROR: A5 5A 01 FE 35 01 01 F8 76
[11:53:24.501] [JETSON-STATUS] ERROR: A5 5A 01 FE 35 01 01 F8 76
[11:53:24.501] [JETSON-STATUS] ERROR: A5 5A 01 FE 35 01 01 F8 76
[11:53:24.502] [JETSON-STATUS] ERROR: A5 5A 01 FE 35 01 01 F8 76
[11:53:24.502] [JETSON-STATUS] ERROR: A5 5A 01 FE 35 01 01 F8 76
[11:53:24.502] [JETSON-STATUS] ERROR: A5 5A 01 FE 35 01 01 F8 76
[11:53:24.503] [JETSON-STATUS] ERROR: A5 5A 01 FE 35 01 01 F8 76
[11:53:24.503] [JETSON-STATUS] ERROR: A5 5A 01 FE 35 01 01 F8 76
[11:53:24.503] [JETSON-STATUS] ERROR: A5 5A 01 FE 35 01 01 F8 76
[11:53:24.503] [JETSON-STATUS] ERROR: A5 5A 01 FE 35 01 01 F8 76
[11:53:24.504] [JETSON-STATUS] ERROR: A5 5A 01 FE 35 01 01 F8 76
[11:53:24.504] [JETSON-STATUS] ERROR: A5 5A 01 FE 35 01 01 F8 76
[11:53:24.504] [JETSON-STATUS] ERROR: A5 5A 01 FE 35 01 01 F8 76
[11:53:24.506] [JETSON-STATUS] ERROR: A5 5A 01 FE 35 01 01 F8 76
[11:53:24.506] [JETSON-STATUS] ERROR: A5 5A 01 FE 35 01 01 F8 76
[11:53:24.506] [JETSON-STATUS] ERROR: A5 5A 01 FE 35 01 01 F8 76
[11:53:24.506] [JETSON-STATUS] ERROR: A5 5A 01 FE 35 01 01 F8 76
[11:53:24.507] [JETSON-STATUS] ERROR: A5 5A 01 FE 35 01 01 F8 76
[11:53:24.507] [JETSON-STATUS] ERROR: A5 5A 01 FE 35 01 01 F8 76
[11:53:24.507] [JETSON-STATUS] ERROR: A5 5A 01 FE 35 01 01 F8 76
[11:53:24.508] [JETSON-STATUS] ERROR: A5 5A 01 FE 35 01 01 F8 76
[11:53:24.508] [JETSON-STATUS] ERROR: A5 5A 01 FE 35 01 01 F8 76
[11:53:24.776] [JETSON-RX] 35 01 01 F8 76 A5 5A 01 FE 35 01 01 F8 76 A5 5A 01 FE 35 01 01 F8 76 A5 5A 01 FE 35 01 01 F8 76 A5 5A 01 FE 35 01 01 F8 76 A5 5A 01 FE 35 01 01 F8 76 A5 5A 01 FE 35 01 01 F8 76 A5 5A 01 FE 35 01 01 F8 76 A5 5A 01 FE 35 01 01 F8 76 A5 5A 01 FE 35 01 01 F8 76 A5 5A 01 FE 35 01 01 F8 76 A5 5A 01 FE 35 01 01 F8 76 A5 5A 01 FE 35 01 01 F8 76 A5 5A 01 FE 35 01 01 F8 76 A5 5A 01 FE 35 01 01 F8 76 A5 5A 01 FE 35 01 01 F8 76 A5 5A 01 FE 35 01 01 F8 76 A5 5A 01 FE 35 01 01 F8 76 A5 5A 01 FE 35 01 01 F8 76 A5 5A 01 FE 35 01 01 F8 76 A5 5A 01 FE 35 01 01 F8 76 A5 5A 01 FE 35 01 01 F8 76 A5 5A 01 FE 35 01 01 F8 76 A5 5A 01 FE 35 01 01 F8 76 A5 5A 01 FE 35 01 01 F8 76 A5 5A 01 FE 35 01 01 F8 76 A5 5A 01 FE 35 01 01 F8 76 A5 5A 01 FE 35 01 01 F8 76 A5 5A 01 FE 35 01 01 F8
[11:53:24.776] [JETSON-STATUS] ERROR: A5 5A 01 FE 35 01 01 F8 76
[11:53:24.780] [JETSON-STATUS] ERROR: A5 5A 01 FE 35 01 01 F8 76
[11:53:24.782] [JETSON-STATUS] ERROR: A5 5A 01 FE 35 01 01 F8 76
[11:53:24.782] [JETSON-STATUS] ERROR: A5 5A 01 FE 35 01 01 F8 76
[11:53:24.784] [JETSON-STATUS] ERROR: A5 5A 01 FE 35 01 01 F8 76
[11:53:24.785] [JETSON-STATUS] ERROR: A5 5A 01 FE 35 01 01 F8 76
[11:53:24.786] [JETSON-STATUS] ERROR: A5 5A 01 FE 35 01 01 F8 76
[11:53:24.786] [JETSON-STATUS] ERROR: A5 5A 01 FE 35 01 01 F8 76
[11:53:24.787] [JETSON-STATUS] ERROR: A5 5A 01 FE 35 01 01 F8 76
[11:53:24.787] [JETSON-STATUS] ERROR: A5 5A 01 FE 35 01 01 F8 76
[11:53:24.788] [JETSON-STATUS] ERROR: A5 5A 01 FE 35 01 01 F8 76
[11:53:24.789] [JETSON-STATUS] ERROR: A5 5A 01 FE 35 01 01 F8 76
[11:53:24.790] [JETSON-STATUS] ERROR: A5 5A 01 FE 35 01 01 F8 76
[11:53:24.790] [JETSON-STATUS] ERROR: A5 5A 01 FE 35 01 01 F8 76
[11:53:24.792] [JETSON-STATUS] ERROR: A5 5A 01 FE 35 01 01 F8 76
[11:53:24.792] [JETSON-STATUS] ERROR: A5 5A 01 FE 35 01 01 F8 76
[11:53:24.792] [JETSON-STATUS] ERROR: A5 5A 01 FE 35 01 01 F8 76
[11:53:24.793] [JETSON-STATUS] ERROR: A5 5A 01 FE 35 01 01 F8 76
[11:53:24.793] [JETSON-STATUS] ERROR: A5 5A 01 FE 35 01 01 F8 76
[11:53:24.793] [JETSON-STATUS] ERROR: A5 5A 01 FE 35 01 01 F8 76
[11:53:24.794] [JETSON-STATUS] ERROR: A5 5A 01 FE 35 01 01 F8 76
[11:53:24.794] [JETSON-STATUS] ERROR: A5 5A 01 FE 35 01 01 F8 76
[11:53:24.794] [JETSON-STATUS] ERROR: A5 5A 01 FE 35 01 01 F8 76
[11:53:24.795] [JETSON-STATUS] ERROR: A5 5A 01 FE 35 01 01 F8 76
[11:53:24.795] [JETSON-STATUS] ERROR: A5 5A 01 FE 35 01 01 F8 76
[11:53:24.795] [JETSON-STATUS] ERROR: A5 5A 01 FE 35 01 01 F8 76
[11:53:24.795] [JETSON-STATUS] ERROR: A5 5A 01 FE 35 01 01 F8 76
[11:53:25.066] [JETSON-RX] 76 A5 5A 01 FE 35 01 01 F8 76 A5 5A 01 FE 35 01 01 F8 76 A5 5A 01 FE 35 01 01 F8 76 A5 5A 01 FE 35 01 01 F8 76 A5 5A 01 FE 35 01 01 F8 76 A5 5A 01 FE 35 01 01 F8 76 A5 5A 01 FE 35 01 01 F8 76 A5 5A 01 FE 35 01 01 F8 76 A5 5A 01 FE 35 01 01 F8 76 A5 5A 01 FE 35 01 01 F8 76 A5 5A 01 FE 35 01 01 F8 76 A5 5A 01 FE 35 01 01 F8 76 A5 5A 01 FE 35 01 01 F8 76 A5 5A 01 FE 35 01 01 F8 76 A5 5A 01 FE 35 01 01 F8 76 A5 5A 01 FE 35 01 01 F8 76 A5 5A 01 FE 35 01 01 F8 76 A5 5A 01 FE 35 01 01 F8 76 A5 5A 01 FE 35 01 01 F8 76 A5 5A 01 FE 35 01 01 F8 76 A5 5A 01 FE 35 01 01 F8 76 A5 5A 01 FE 35 01 01 F8 76 A5 5A 01 FE 35 01 01 F8 76 A5 5A 01 FE 35 01 01 F8 76 A5 5A 01 FE 35 01 01 F8 76 A5 5A 01 FE 35 01 01 F8 76 A5 5A 01 FE 35 01 01 F8 76 A5 5A 01 FE 35 01 01 F8 76 A5 5A 01
[11:53:25.066] [JETSON-STATUS] ERROR: A5 5A 01 FE 35 01 01 F8 76
[11:53:25.067] [JETSON-STATUS] ERROR: A5 5A 01 FE 35 01 01 F8 76
[11:53:25.067] [JETSON-STATUS] ERROR: A5 5A 01 FE 35 01 01 F8 76
[11:53:25.068] [JETSON-STATUS] ERROR: A5 5A 01 FE 35 01 01 F8 76
[11:53:25.070] [JETSON-STATUS] ERROR: A5 5A 01 FE 35 01 01 F8 76
[11:53:25.070] [JETSON-STATUS] ERROR: A5 5A 01 FE 35 01 01 F8 76
[11:53:25.070] [JETSON-STATUS] ERROR: A5 5A 01 FE 35 01 01 F8 76
[11:53:25.070] [JETSON-STATUS] ERROR: A5 5A 01 FE 35 01 01 F8 76
[11:53:25.071] [JETSON-STATUS] ERROR: A5 5A 01 FE 35 01 01 F8 76
[11:53:25.071] [JETSON-STATUS] ERROR: A5 5A 01 FE 35 01 01 F8 76
[11:53:25.071] [JETSON-STATUS] ERROR: A5 5A 01 FE 35 01 01 F8 76
[11:53:25.071] [JETSON-STATUS] ERROR: A5 5A 01 FE 35 01 01 F8 76
[11:53:25.072] [JETSON-STATUS] ERROR: A5 5A 01 FE 35 01 01 F8 76
[11:53:25.072] [JETSON-STATUS] ERROR: A5 5A 01 FE 35 01 01 F8 76
[11:53:25.072] [JETSON-STATUS] ERROR: A5 5A 01 FE 35 01 01 F8 76
[11:53:25.072] [JETSON-STATUS] ERROR: A5 5A 01 FE 35 01 01 F8 76
[11:53:25.073] [JETSON-STATUS] ERROR: A5 5A 01 FE 35 01 01 F8 76
[11:53:25.073] [JETSON-STATUS] ERROR: A5 5A 01 FE 35 01 01 F8 76
[11:53:25.073] [JETSON-STATUS] ERROR: A5 5A 01 FE 35 01 01 F8 76
[11:53:25.074] [JETSON-STATUS] ERROR: A5 5A 01 FE 35 01 01 F8 76
[11:53:25.074] [JETSON-STATUS] ERROR: A5 5A 01 FE 35 01 01 F8 76
[11:53:25.074] [JETSON-STATUS] ERROR: A5 5A 01 FE 35 01 01 F8 76
[11:53:25.075] [JETSON-STATUS] ERROR: A5 5A 01 FE 35 01 01 F8 76
[11:53:25.075] [JETSON-STATUS] ERROR: A5 5A 01 FE 35 01 01 F8 76
[11:53:25.075] [JETSON-STATUS] ERROR: A5 5A 01 FE 35 01 01 F8 76
[11:53:25.076] [JETSON-STATUS] ERROR: A5 5A 01 FE 35 01 01 F8 76
[11:53:25.076] [JETSON-STATUS] ERROR: A5 5A 01 FE 35 01 01 F8 76
[11:53:25.077] [JETSON-STATUS] ERROR: A5 5A 01 FE 35 01 01 F8 76
[11:53:25.077] [JETSON-STATUS] ERROR: A5 5A 01 FE 35 01 01 F8 76
[11:53:25.346] [JETSON-RX] FE 35 01 01 F8 76 A5 5A 01 FE 35 01 01 F8 76 A5 5A 01 FE 35 01 01 F8 76 A5 5A 01 FE 35 01 01 F8 76 A5 5A 01 FE 35 01 01 F8 76 A5 5A 01 FE 35 01 01 F8 76 A5 5A 01 FE 35 01 01 F8 76 A5 5A 01 FE 35 01 01 F8 76 A5 5A 01 FE 35 01 01 F8 76 A5 5A 01 FE 35 01 01 F8 76 A5 5A 01 FE 35 01 01 F8 76 A5 5A 01 FE 35 01 01 F8 76 A5 5A 01 FE 35 01 01 F8 76 A5 5A 01 FE 35 01 01 F8 76 A5 5A 01 FE 35 01 01 F8 76 A5 5A 01 FE 35 01 01 F8 76 A5 5A 01 FE 35 01 01 F8 76 A5 5A 01 FE 35 01 01 F8 76 A5 5A 01 FE 35 01 01 F8 76 A5 5A 01 FE 35 01 01 F8 76 A5 5A 01 FE 35 01 01 F8 76 A5 5A 01 FE 35 01 01 F8 76 A5 5A 01 FE 35 01 01 F8 76 A5 5A 01 FE 35 01 01 F8 76 A5 5A 01 FE 35 01 01 F8 76 A5 5A 01 FE 35 01 01 F8 76 A5 5A 01 FE 35 01 01 F8 76 A5 5A 01 FE 35 01 01 F8 76 A5 5A 01 FE 35 01 01
[11:53:25.346] [JETSON-STATUS] ERROR: A5 5A 01 FE 35 01 01 F8 76
[11:53:25.347] [JETSON-STATUS] ERROR: A5 5A 01 FE 35 01 01 F8 76
[11:53:25.347] [JETSON-STATUS] ERROR: A5 5A 01 FE 35 01 01 F8 76
[11:53:25.348] [JETSON-STATUS] ERROR: A5 5A 01 FE 35 01 01 F8 76
[11:53:25.348] [JETSON-STATUS] ERROR: A5 5A 01 FE 35 01 01 F8 76
[11:53:25.348] [JETSON-STATUS] ERROR: A5 5A 01 FE 35 01 01 F8 76
[11:53:25.348] [JETSON-STATUS] ERROR: A5 5A 01 FE 35 01 01 F8 76
[11:53:25.348] [JETSON-STATUS] ERROR: A5 5A 01 FE 35 01 01 F8 76
[11:53:25.350] [JETSON-STATUS] ERROR: A5 5A 01 FE 35 01 01 F8 76
[11:53:25.350] [JETSON-STATUS] ERROR: A5 5A 01 FE 35 01 01 F8 76
[11:53:25.350] [JETSON-STATUS] ERROR: A5 5A 01 FE 35 01 01 F8 76
[11:53:25.350] [JETSON-STATUS] ERROR: A5 5A 01 FE 35 01 01 F8 76
[11:53:25.350] [JETSON-STATUS] ERROR: A5 5A 01 FE 35 01 01 F8 76
[11:53:25.351] [JETSON-STATUS] ERROR: A5 5A 01 FE 35 01 01 F8 76
[11:53:25.351] [JETSON-STATUS] ERROR: A5 5A 01 FE 35 01 01 F8 76
[11:53:25.351] [JETSON-STATUS] ERROR: A5 5A 01 FE 35 01 01 F8 76
[11:53:25.351] [JETSON-STATUS] ERROR: A5 5A 01 FE 35 01 01 F8 76
[11:53:25.351] [JETSON-STATUS] ERROR: A5 5A 01 FE 35 01 01 F8 76
[11:53:25.353] [JETSON-STATUS] ERROR: A5 5A 01 FE 35 01 01 F8 76
[11:53:25.353] [JETSON-STATUS] ERROR: A5 5A 01 FE 35 01 01 F8 76
[11:53:25.353] [JETSON-STATUS] ERROR: A5 5A 01 FE 35 01 01 F8 76
[11:53:25.353] [JETSON-STATUS] ERROR: A5 5A 01 FE 35 01 01 F8 76
[11:53:25.354] [JETSON-STATUS] ERROR: A5 5A 01 FE 35 01 01 F8 76
[11:53:25.354] [JETSON-STATUS] ERROR: A5 5A 01 FE 35 01 01 F8 76
[11:53:25.355] [JETSON-STATUS] ERROR: A5 5A 01 FE 35 01 01 F8 76
[11:53:25.355] [JETSON-STATUS] ERROR: A5 5A 01 FE 35 01 01 F8 76
[11:53:25.355] [JETSON-STATUS] ERROR: A5 5A 01 FE 35 01 01 F8 76
[11:53:25.636] [JETSON-RX] F8 76 A5 5A 01 FE 35 01 01 F8 76 A5 5A 01 FE 35 01 01 F8 76 A5 5A 01 FE 35 01 01 F8 76 A5 5A 01 FE 35 01 01 F8 76 A5 5A 01 FE 35 01 01 F8 76 A5 5A 01 FE 35 01 01 F8 76 A5 5A 01 FE 35 01 01 F8 76 A5 5A 01 FE 35 01 01 F8 76 A5 5A 01 FE 35 01 01 F8 76 A5 5A 01 FE 35 01 01 F8 76 A5 5A 01 FE 35 01 01 F8 76 A5 5A 01 FE 35 01 01 F8 76 A5 5A 01 FE 35 01 01 F8 76 A5 5A 01 FE 35 01 01 F8 76 A5 5A 01 FE 35 01 01 F8 76 A5 5A 01 FE 35 01 01 F8 76 A5 5A 01 FE 35 01 01 F8 76 A5 5A 01 FE 35 01 01 F8 76 A5 5A 01 FE 35 01 01 F8 76 A5 5A 01 FE 35 01 01 F8 76 A5 5A 01 FE 35 01 01 F8 76 A5 5A 01 FE 35 01 01 F8 76 A5 5A 01 FE 35 01 01 F8 76 A5 5A 01 FE 35 01 01 F8 76 A5 5A 01 FE 35 01 01 F8 76 A5 5A 01 FE 35 01 01 F8 76 A5 5A 01 FE 35 01 01 F8 76 A5 5A 01 FE 35 01 01 F8 76 A5 5A
[11:53:25.636] [JETSON-STATUS] ERROR: A5 5A 01 FE 35 01 01 F8 76
[11:53:25.637] [JETSON-STATUS] ERROR: A5 5A 01 FE 35 01 01 F8 76
[11:53:25.637] [JETSON-STATUS] ERROR: A5 5A 01 FE 35 01 01 F8 76
[11:53:25.638] [JETSON-STATUS] ERROR: A5 5A 01 FE 35 01 01 F8 76
[11:53:25.638] [JETSON-STATUS] ERROR: A5 5A 01 FE 35 01 01 F8 76
[11:53:25.638] [JETSON-STATUS] ERROR: A5 5A 01 FE 35 01 01 F8 76
[11:53:25.638] [JETSON-STATUS] ERROR: A5 5A 01 FE 35 01 01 F8 76
[11:53:25.639] [JETSON-STATUS] ERROR: A5 5A 01 FE 35 01 01 F8 76
[11:53:25.639] [JETSON-STATUS] ERROR: A5 5A 01 FE 35 01 01 F8 76
[11:53:25.639] [JETSON-STATUS] ERROR: A5 5A 01 FE 35 01 01 F8 76
[11:53:25.639] [JETSON-STATUS] ERROR: A5 5A 01 FE 35 01 01 F8 76
[11:53:25.639] [JETSON-STATUS] ERROR: A5 5A 01 FE 35 01 01 F8 76
[11:53:25.641] [JETSON-STATUS] ERROR: A5 5A 01 FE 35 01 01 F8 76
[11:53:25.641] [JETSON-STATUS] ERROR: A5 5A 01 FE 35 01 01 F8 76
[11:53:25.641] [JETSON-STATUS] ERROR: A5 5A 01 FE 35 01 01 F8 76
[11:53:25.642] [JETSON-STATUS] ERROR: A5 5A 01 FE 35 01 01 F8 76
[11:53:25.642] [JETSON-STATUS] ERROR: A5 5A 01 FE 35 01 01 F8 76
[11:53:25.642] [JETSON-STATUS] ERROR: A5 5A 01 FE 35 01 01 F8 76
[11:53:25.642] [JETSON-STATUS] ERROR: A5 5A 01 FE 35 01 01 F8 76
[11:53:25.642] [JETSON-STATUS] ERROR: A5 5A 01 FE 35 01 01 F8 76
[11:53:25.643] [JETSON-STATUS] ERROR: A5 5A 01 FE 35 01 01 F8 76
[11:53:25.643] [JETSON-STATUS] ERROR: A5 5A 01 FE 35 01 01 F8 76
[11:53:25.644] [JETSON-STATUS] ERROR: A5 5A 01 FE 35 01 01 F8 76
[11:53:25.644] [JETSON-STATUS] ERROR: A5 5A 01 FE 35 01 01 F8 76
[11:53:25.644] [JETSON-STATUS] ERROR: A5 5A 01 FE 35 01 01 F8 76
[11:53:25.645] [JETSON-STATUS] ERROR: A5 5A 01 FE 35 01 01 F8 76
[11:53:25.645] [JETSON-STATUS] ERROR: A5 5A 01 FE 35 01 01 F8 76
[11:53:25.645] [JETSON-STATUS] ERROR: A5 5A 01 FE 35 01 01 F8 76
[11:53:25.916] [JETSON-RX] 01 FE 35 01 01 F8 76 A5 5A 01 FE 35 01 01 F8 76 A5 5A 01 FE 35 01 01 F8 76 A5 5A 01 FE 35 01 01 F8 76 A5 5A 01 FE 35 01 01 F8 76 A5 5A 01 FE 35 01 01 F8 76 A5 5A 01 FE 35 01 01 F8 76 A5 5A 01 FE 35 01 01 F8 76 A5 5A 01 FE 35 01 01 F8 76 A5 5A 01 FE 35 01 01 F8 76 A5 5A 01 FE 35 01 01 F8 76 A5 5A 01 FE 35 01 01 F8 76 A5 5A 01 FE 35 01 01 F8 76 A5 5A 01 FE 35 01 01 F8 76 A5 5A 01 FE 35 01 01 F8 76 A5 5A 01 FE 35 01 01 F8 76 A5 5A 01 FE 35 01 01 F8 76 A5 5A 01 FE 35 01 01 F8 76 A5 5A 01 FE 35 01 01 F8 76 A5 5A 01 FE 35 01 01 F8 76 A5 5A 01 FE 35 01 01 F8 76 A5 5A 01 FE 35 01 01 F8 76 A5 5A 01 FE 35 01 01 F8 76 A5 5A 01 FE 35 01 01 F8 76 A5 5A 01 FE 35 01 01 F8 76 A5 5A 01 FE 35 01 01 F8 76 A5 5A 01 FE 35 01 01 F8 76 A5 5A 01 FE 35 01 01 F8 76 A5 5A 01 FE 35 01
[11:53:25.916] [JETSON-STATUS] ERROR: A5 5A 01 FE 35 01 01 F8 76
[11:53:25.917] [JETSON-STATUS] ERROR: A5 5A 01 FE 35 01 01 F8 76
[11:53:25.917] [JETSON-STATUS] ERROR: A5 5A 01 FE 35 01 01 F8 76
[11:53:25.918] [JETSON-STATUS] ERROR: A5 5A 01 FE 35 01 01 F8 76
[11:53:25.918] [JETSON-STATUS] ERROR: A5 5A 01 FE 35 01 01 F8 76
[11:53:25.918] [JETSON-STATUS] ERROR: A5 5A 01 FE 35 01 01 F8 76
[11:53:25.918] [JETSON-STATUS] ERROR: A5 5A 01 FE 35 01 01 F8 76
[11:53:25.919] [JETSON-STATUS] ERROR: A5 5A 01 FE 35 01 01 F8 76
[11:53:25.919] [JETSON-STATUS] ERROR: A5 5A 01 FE 35 01 01 F8 76
[11:53:25.919] [JETSON-STATUS] ERROR: A5 5A 01 FE 35 01 01 F8 76
[11:53:25.919] [JETSON-STATUS] ERROR: A5 5A 01 FE 35 01 01 F8 76
[11:53:25.920] [JETSON-STATUS] ERROR: A5 5A 01 FE 35 01 01 F8 76
[11:53:25.920] [JETSON-STATUS] ERROR: A5 5A 01 FE 35 01 01 F8 76
[11:53:25.920] [JETSON-STATUS] ERROR: A5 5A 01 FE 35 01 01 F8 76
[11:53:25.920] [JETSON-STATUS] ERROR: A5 5A 01 FE 35 01 01 F8 76
[11:53:25.922] [JETSON-STATUS] ERROR: A5 5A 01 FE 35 01 01 F8 76
[11:53:25.922] [JETSON-STATUS] ERROR: A5 5A 01 FE 35 01 01 F8 76
[11:53:25.922] [JETSON-STATUS] ERROR: A5 5A 01 FE 35 01 01 F8 76
[11:53:25.924] [JETSON-STATUS] ERROR: A5 5A 01 FE 35 01 01 F8 76
[11:53:25.925] [JETSON-STATUS] ERROR: A5 5A 01 FE 35 01 01 F8 76
[11:53:25.925] [JETSON-STATUS] ERROR: A5 5A 01 FE 35 01 01 F8 76
[11:53:25.925] [JETSON-STATUS] ERROR: A5 5A 01 FE 35 01 01 F8 76
[11:53:25.925] [JETSON-STATUS] ERROR: A5 5A 01 FE 35 01 01 F8 76
[11:53:25.927] [JETSON-STATUS] ERROR: A5 5A 01 FE 35 01 01 F8 76
[11:53:25.927] [JETSON-STATUS] ERROR: A5 5A 01 FE 35 01 01 F8 76
[11:53:25.927] [JETSON-STATUS] ERROR: A5 5A 01 FE 35 01 01 F8 76
[11:53:25.928] [JETSON-STATUS] ERROR: A5 5A 01 FE 35 01 01 F8 76
[11:53:26.205] [JETSON-RX] 01 F8 76 A5 5A 01 FE 35 01 01 F8 76 A5 5A 01 FE 35 01 01 F8 76 A5 5A 01 FE 35 01 01 F8 76 A5 5A 01 FE 35 01 01 F8 76 A5 5A 01 FE 35 01 01 F8 76 A5 5A 01 FE 35 01 01 F8 76 A5 5A 01 FE 35 01 01 F8 76 A5 5A 01 FE 35 01 01 F8 76 A5 5A 01 FE 35 01 01 F8 76 A5 5A 01 FE 35 01 01 F8 76 A5 5A 01 FE 35 01 01 F8 76 A5 5A 01 FE 35 01 01 F8 76 A5 5A 01 FE 35 01 01 F8 76 A5 5A 01 FE 35 01 01 F8 76 A5 5A 01 FE 35 01 01 F8 76 A5 5A 01 FE 35 01 01 F8 76 A5 5A 01 FE 35 01 01 F8 76 A5 5A 01 FE 35 01 01 F8 76 A5 5A 01 FE 35 01 01 F8 76 A5 5A 01 FE 35 01 01 F8 76 A5 5A 01 FE 35 01 01 F8 76 A5 5A 01 FE 35 01 01 F8 76 A5 5A 01 FE 35 01 01 F8 76 A5 5A 01 FE 35 01 01 F8 76 A5 5A 01 FE 35 01 01 F8 76 A5 5A 01 FE 35 01 01 F8 76 A5 5A 01 FE 35 01 01 F8 76 A5 5A 01 FE 35 01 01 F8 76 A5
[11:53:26.205] [JETSON-STATUS] ERROR: A5 5A 01 FE 35 01 01 F8 76
[11:53:26.207] [JETSON-STATUS] ERROR: A5 5A 01 FE 35 01 01 F8 76
[11:53:26.207] [JETSON-STATUS] ERROR: A5 5A 01 FE 35 01 01 F8 76
[11:53:26.207] [JETSON-STATUS] ERROR: A5 5A 01 FE 35 01 01 F8 76
[11:53:26.208] [JETSON-STATUS] ERROR: A5 5A 01 FE 35 01 01 F8 76
[11:53:26.208] [JETSON-STATUS] ERROR: A5 5A 01 FE 35 01 01 F8 76
[11:53:26.208] [JETSON-STATUS] ERROR: A5 5A 01 FE 35 01 01 F8 76
[11:53:26.208] [JETSON-STATUS] ERROR: A5 5A 01 FE 35 01 01 F8 76
[11:53:26.209] [JETSON-STATUS] ERROR: A5 5A 01 FE 35 01 01 F8 76
[11:53:26.209] [JETSON-STATUS] ERROR: A5 5A 01 FE 35 01 01 F8 76
[11:53:26.209] [JETSON-STATUS] ERROR: A5 5A 01 FE 35 01 01 F8 76
[11:53:26.210] [JETSON-STATUS] ERROR: A5 5A 01 FE 35 01 01 F8 76
[11:53:26.210] [JETSON-STATUS] ERROR: A5 5A 01 FE 35 01 01 F8 76
[11:53:26.210] [JETSON-STATUS] ERROR: A5 5A 01 FE 35 01 01 F8 76
[11:53:26.210] [JETSON-STATUS] ERROR: A5 5A 01 FE 35 01 01 F8 76
[11:53:26.211] [JETSON-STATUS] ERROR: A5 5A 01 FE 35 01 01 F8 76
[11:53:26.211] [JETSON-STATUS] ERROR: A5 5A 01 FE 35 01 01 F8 76
[11:53:26.211] [JETSON-STATUS] ERROR: A5 5A 01 FE 35 01 01 F8 76
[11:53:26.212] [JETSON-STATUS] ERROR: A5 5A 01 FE 35 01 01 F8 76
[11:53:26.212] [JETSON-STATUS] ERROR: A5 5A 01 FE 35 01 01 F8 76
[11:53:26.212] [JETSON-STATUS] ERROR: A5 5A 01 FE 35 01 01 F8 76
[11:53:26.213] [JETSON-STATUS] ERROR: A5 5A 01 FE 35 01 01 F8 76
[11:53:26.213] [JETSON-STATUS] ERROR: A5 5A 01 FE 35 01 01 F8 76
[11:53:26.213] [JETSON-STATUS] ERROR: A5 5A 01 FE 35 01 01 F8 76
[11:53:26.214] [JETSON-STATUS] ERROR: A5 5A 01 FE 35 01 01 F8 76
[11:53:26.214] [JETSON-STATUS] ERROR: A5 5A 01 FE 35 01 01 F8 76
[11:53:26.215] [JETSON-STATUS] ERROR: A5 5A 01 FE 35 01 01 F8 76
[11:53:26.217] [JETSON-STATUS] ERROR: A5 5A 01 FE 35 01 01 F8 76
[11:53:26.485] [JETSON-RX] 5A 01 FE 35 01 01 F8 76 A5 5A 01 FE 35 01 01 F8 76 A5 5A 01 FE 35 01 01 F8 76 A5 5A 01 FE 35 01 01 F8 76 A5 5A 01 FE 35 01 01 F8 76 A5 5A 01 FE 35 01 01 F8 76 A5 5A 01 FE 35 01 01 F8 76 A5 5A 01 FE 35 01 01 F8 76 A5 5A 01 FE 35 01 01 F8 76 A5 5A 01 FE 35 01 01 F8 76 A5 5A 01 FE 35 01 01 F8 76 A5 5A 01 FE 35 01 01 F8 76 A5 5A 01 FE 35 01 01 F8 76 A5 5A 01 FE 35 01 01 F8 76 A5 5A 01 FE 35 01 01 F8 76 A5 5A 01 FE 35 01 01 F8 76 A5 5A 01 FE 35 01 01 F8 76 A5 5A 01 FE 35 01 01 F8 76 A5 5A 01 FE 35 01 01 F8 76 A5 5A 01 FE 35 01 01 F8 76 A5 5A 01 FE 35 01 01 F8 76 A5 5A 01 FE 35 01 01 F8 76 A5 5A 01 FE 35 01 01 F8 76 A5 5A 01 FE 35 01 01 F8 76 A5 5A 01 FE 35 01 01 F8 76 A5 5A 01 FE 35 01 01 F8 76 A5 5A 01 FE 35 01 01 F8 76 A5 5A 01 FE 35 01 01 F8 76 A5 5A 01 FE 35
[11:53:26.486] [JETSON-STATUS] ERROR: A5 5A 01 FE 35 01 01 F8 76
[11:53:26.486] [JETSON-STATUS] ERROR: A5 5A 01 FE 35 01 01 F8 76
[11:53:26.486] [JETSON-STATUS] ERROR: A5 5A 01 FE 35 01 01 F8 76
[11:53:26.487] [JETSON-STATUS] ERROR: A5 5A 01 FE 35 01 01 F8 76
[11:53:26.487] [JETSON-STATUS] ERROR: A5 5A 01 FE 35 01 01 F8 76
[11:53:26.488] [JETSON-STATUS] ERROR: A5 5A 01 FE 35 01 01 F8 76
[11:53:26.488] [JETSON-STATUS] ERROR: A5 5A 01 FE 35 01 01 F8 76
[11:53:26.488] [JETSON-STATUS] ERROR: A5 5A 01 FE 35 01 01 F8 76
[11:53:26.489] [JETSON-STATUS] ERROR: A5 5A 01 FE 35 01 01 F8 76
[11:53:26.489] [JETSON-STATUS] ERROR: A5 5A 01 FE 35 01 01 F8 76
[11:53:26.490] [JETSON-STATUS] ERROR: A5 5A 01 FE 35 01 01 F8 76
[11:53:26.490] [JETSON-STATUS] ERROR: A5 5A 01 FE 35 01 01 F8 76
[11:53:26.490] [JETSON-STATUS] ERROR: A5 5A 01 FE 35 01 01 F8 76
[11:53:26.491] [JETSON-STATUS] ERROR: A5 5A 01 FE 35 01 01 F8 76
[11:53:26.491] [JETSON-STATUS] ERROR: A5 5A 01 FE 35 01 01 F8 76
[11:53:26.491] [JETSON-STATUS] ERROR: A5 5A 01 FE 35 01 01 F8 76
[11:53:26.491] [JETSON-STATUS] ERROR: A5 5A 01 FE 35 01 01 F8 76
[11:53:26.493] [JETSON-STATUS] ERROR: A5 5A 01 FE 35 01 01 F8 76
[11:53:26.494] [JETSON-STATUS] ERROR: A5 5A 01 FE 35 01 01 F8 76
[11:53:26.494] [JETSON-STATUS] ERROR: A5 5A 01 FE 35 01 01 F8 76
[11:53:26.494] [JETSON-STATUS] ERROR: A5 5A 01 FE 35 01 01 F8 76
[11:53:26.495] [JETSON-STATUS] ERROR: A5 5A 01 FE 35 01 01 F8 76
[11:53:26.495] [JETSON-STATUS] ERROR: A5 5A 01 FE 35 01 01 F8 76
[11:53:26.495] [JETSON-STATUS] ERROR: A5 5A 01 FE 35 01 01 F8 76
[11:53:26.495] [JETSON-STATUS] ERROR: A5 5A 01 FE 35 01 01 F8 76
[11:53:26.496] [JETSON-STATUS] ERROR: A5 5A 01 FE 35 01 01 F8 76
[11:53:26.496] [JETSON-STATUS] ERROR: A5 5A 01 FE 35 01 01 F8 76
[11:53:26.766] [JETSON-RX] 01 01 F8 76 A5 5A 01 FE 35 01 01 F8 76 A5 5A 01 FE 35 01 01 F8 76 A5 5A 01 FE 35 01 01 F8 76 A5 5A 01 FE 35 01 01 F8 76 A5 5A 01 FE 35 01 01 F8 76 A5 5A 01 FE 35 01 01 F8 76 A5 5A 01 FE 35 01 01 F8 76 A5 5A 01 FE 35 01 01 F8 76 A5 5A 01 FE 35 01 01 F8 76 A5 5A 01 FE 35 01 01 F8 76 A5 5A 01 FE 35 01 01 F8 76 A5 5A 01 FE 35 01 01 F8 76 A5 5A 01 FE 35 01 01 F8 76 A5 5A 01 FE 35 01 01 F8 76 A5 5A 01 FE 35 01 01 F8 76 A5 5A 01 FE 35 01 01 F8 76 A5 5A 01 FE 35 01 01 F8 76 A5 5A 01 FE 35 01 01 F8 76 A5 5A 01 FE 35 01 01 F8 76 A5 5A 01 FE 35 01 01 F8 76 A5 5A 01 FE 35 01 01 F8 76 A5 5A 01 FE 35 01 01 F8 76 A5 5A 01 FE 35 01 01 F8 76 A5 5A 01 FE 35 01 01 F8 76 A5 5A 01 FE 35 01 01 F8 76 A5 5A 01 FE 35 01 01 F8 76 A5 5A 01 FE 35 01 01 F8 76 A5 5A 01 FE 35 01 01 F8 76
[11:53:26.766] [JETSON-STATUS] ERROR: A5 5A 01 FE 35 01 01 F8 76
[11:53:26.767] [JETSON-STATUS] ERROR: A5 5A 01 FE 35 01 01 F8 76
[11:53:26.767] [JETSON-STATUS] ERROR: A5 5A 01 FE 35 01 01 F8 76
[11:53:26.767] [JETSON-STATUS] ERROR: A5 5A 01 FE 35 01 01 F8 76
[11:53:26.768] [JETSON-STATUS] ERROR: A5 5A 01 FE 35 01 01 F8 76
[11:53:26.768] [JETSON-STATUS] ERROR: A5 5A 01 FE 35 01 01 F8 76
[11:53:26.768] [JETSON-STATUS] ERROR: A5 5A 01 FE 35 01 01 F8 76
[11:53:26.769] [JETSON-STATUS] ERROR: A5 5A 01 FE 35 01 01 F8 76
[11:53:26.769] [JETSON-STATUS] ERROR: A5 5A 01 FE 35 01 01 F8 76
[11:53:26.769] [JETSON-STATUS] ERROR: A5 5A 01 FE 35 01 01 F8 76
[11:53:26.770] [JETSON-STATUS] ERROR: A5 5A 01 FE 35 01 01 F8 76
[11:53:26.771] [JETSON-STATUS] ERROR: A5 5A 01 FE 35 01 01 F8 76
[11:53:26.771] [JETSON-STATUS] ERROR: A5 5A 01 FE 35 01 01 F8 76
[11:53:26.772] [JETSON-STATUS] ERROR: A5 5A 01 FE 35 01 01 F8 76
[11:53:26.772] [JETSON-STATUS] ERROR: A5 5A 01 FE 35 01 01 F8 76
[11:53:26.772] [JETSON-STATUS] ERROR: A5 5A 01 FE 35 01 01 F8 76
[11:53:26.773] [JETSON-STATUS] ERROR: A5 5A 01 FE 35 01 01 F8 76
[11:53:26.773] [JETSON-STATUS] ERROR: A5 5A 01 FE 35 01 01 F8 76
[11:53:26.773] [JETSON-STATUS] ERROR: A5 5A 01 FE 35 01 01 F8 76
[11:53:26.775] [JETSON-STATUS] ERROR: A5 5A 01 FE 35 01 01 F8 76
[11:53:26.775] [JETSON-STATUS] ERROR: A5 5A 01 FE 35 01 01 F8 76
[11:53:26.775] [JETSON-STATUS] ERROR: A5 5A 01 FE 35 01 01 F8 76
[11:53:26.775] [JETSON-STATUS] ERROR: A5 5A 01 FE 35 01 01 F8 76
[11:53:26.775] [JETSON-STATUS] ERROR: A5 5A 01 FE 35 01 01 F8 76
[11:53:26.776] [JETSON-STATUS] ERROR: A5 5A 01 FE 35 01 01 F8 76
[11:53:26.776] [JETSON-STATUS] ERROR: A5 5A 01 FE 35 01 01 F8 76
[11:53:26.777] [JETSON-STATUS] ERROR: A5 5A 01 FE 35 01 01 F8 76
[11:53:26.777] [JETSON-STATUS] ERROR: A5 5A 01 FE 35 01 01 F8 76
[11:53:26.851] [JETSON-INFO] heartbeat stopped
[11:53:26.851] [JETSON-TX] TARGET_CTRL_STOP_NEW: A5 5A 01 02 36 01 00 F9 E6
[11:53:26.915] [JETSON-RX] A5 5A 01 FE 35 01 01 F8 76 A5 5A 01 FE 35 01 01 F8 76 A5 5A 01 FE 35 01 01 F8 76 A5 5A 01 FE 35 01 01 F8 76 A5 5A 01 FE 35 01 01 F8 76 A5 5A 01 FE 35 01 01 F8 76 A5 5A 01 FE 35 01 01 F8 76 A5 5A 01 FE 35 01 01 F8 76 A5 5A 01 81 36 03 04 00 00 9C 50
[11:53:26.915] [JETSON-STATUS] ERROR: A5 5A 01 FE 35 01 01 F8 76
[11:53:26.915] [JETSON-STATUS] ERROR: A5 5A 01 FE 35 01 01 F8 76
[11:53:26.916] [JETSON-STATUS] ERROR: A5 5A 01 FE 35 01 01 F8 76
[11:53:26.916] [JETSON-STATUS] ERROR: A5 5A 01 FE 35 01 01 F8 76
[11:53:26.916] [JETSON-STATUS] ERROR: A5 5A 01 FE 35 01 01 F8 76
[11:53:26.916] [JETSON-STATUS] ERROR: A5 5A 01 FE 35 01 01 F8 76
[11:53:26.918] [JETSON-STATUS] ERROR: A5 5A 01 FE 35 01 01 F8 76
[11:53:26.918] [JETSON-STATUS] ERROR: A5 5A 01 FE 35 01 01 F8 76
[11:53:26.918] [JETSON-STATUS] TARGET_CTRL_OFF: A5 5A 01 81 36 03 04 00 00 9C 50
[11:53:26.945] [ARM-RX] [JETSON_RX] target_ctrl=0
[11:53:26.945] [ARM-RX] ROBOT_SOFT_RESET_EVENT
[11:53:26.945] [ARM-RX] --- Starting soft reset ---
[11:53:27.130] [ARM-RX] Soft reset motors enabled (J1~J5, J6 skipped).
[11:53:27.130] [ARM-RX] Soft resetting joint 4...
[11:53:27.130] [ARM-RX] robot_update_current_angle 4...
[11:53:27.130] [ARM-RX] [4] current:90.00, target:90.00, dir:1
[11:53:27.253] [ARM-RX] Soft resetting joint 3...
[11:53:27.253] [ARM-RX] robot_update_current_angle 3...
[11:53:27.253] [ARM-RX] [3] current:0.00, target:0.00, dir:-1
[11:53:27.377] [ARM-RX] Soft resetting joint 1...
[11:53:27.438] [ARM-RX] robot_update_current_angle 1...
[11:53:27.438] [ARM-RX] [1] current:90.00, target:90.00, dir:1
[11:53:27.562] [ARM-RX] Soft resetting joint 2...
[11:53:27.562] [ARM-RX] robot_update_current_angle 2...
[11:53:27.562] [ARM-RX] [2] current:-90.00, target:-90.00, dir:-1
[11:53:27.684] [ARM-RX] Soft resetting joint 0...
[11:53:27.746] [ARM-RX] robot_update_current_angle 0...
[11:53:27.746] [ARM-RX] [0] current:90.00, target:90.00, dir:-1
[11:53:27.932] [ARM-RX] soft reset final verify PASS (issues:0), pose set HOME.
[11:53:38.336] [JETSON-TX] TARGET_CTRL_START_NEW: A5 5A 01 02 37 01 01 69 E6
[11:53:38.408] [JETSON-RX] A5 5A 01 81 37 03 04 01 00 A0 00 A5 5A 01 FE 37 01 01 59 B6
[11:53:38.408] [JETSON-STATUS] TARGET_CTRL_ON: A5 5A 01 81 37 03 04 01 00 A0 00
[11:53:38.409] [JETSON-STATUS] ERROR: A5 5A 01 FE 37 01 01 59 B6
[11:53:38.439] [ARM-RX] [JETSON_RX] target_ctrl=1
[11:53:39.232] [JETSON-RX] A5 5A 01 FE 37 01 01 59 B6 A5 5A 01 FE 37 01 01 59 B6 A5 5A 01 FE 37 01 01 59 B6 A5 5A 01 FE 37 01 01 59 B6 A5 5A 01 FE 37 01 01 59 B6 A5 5A 01 FE 37 01 01 59 B6 A5 5A 01 FE 37 01 01 59 B6 A5 5A 01 FE 37 01 01 59 B6 A5 5A 01 FE 37 01 01 59 B6 A5 5A 01 FE 37 01 01 59 B6 A5 5A 01 FE 37 01 01 59 B6 A5 5A 01 FE 37 01 01 59 B6 A5 5A 01 FE 37 01 01 59 B6 A5 5A 01 FE 37 01 01 59 B6 A5 5A 01 FE 37 01 01 59 B6 A5 5A 01 FE 37 01 01 59 B6 A5 5A 01 FE 37 01 01 59 B6 A5 5A 01 FE 37 01 01 59 B6 A5 5A 01 FE 37 01 01 59 B6 A5 5A 01 FE 37 01 01 59 B6 A5 5A 01 FE 37 01 01 59 B6 A5 5A 01 FE 37 01 01 59 B6 A5 5A 01 FE 37 01 01 59 B6 A5 5A 01 FE 37 01 01 59 B6 A5 5A 01 FE 37 01 01 59 B6 A5 5A 01 FE 37 01 01 59 B6 A5 5A 01 FE 37 01 01 59 B6 A5 5A 01 FE 37 01 01 59 B6 A5 5A 01 FE
[11:53:39.232] [JETSON-STATUS] ERROR: A5 5A 01 FE 37 01 01 59 B6
[11:53:39.233] [JETSON-STATUS] ERROR: A5 5A 01 FE 37 01 01 59 B6
[11:53:39.233] [JETSON-STATUS] ERROR: A5 5A 01 FE 37 01 01 59 B6
[11:53:39.233] [JETSON-STATUS] ERROR: A5 5A 01 FE 37 01 01 59 B6
[11:53:39.234] [JETSON-STATUS] ERROR: A5 5A 01 FE 37 01 01 59 B6
[11:53:39.234] [JETSON-STATUS] ERROR: A5 5A 01 FE 37 01 01 59 B6
[11:53:39.234] [JETSON-STATUS] ERROR: A5 5A 01 FE 37 01 01 59 B6
[11:53:39.235] [JETSON-STATUS] ERROR: A5 5A 01 FE 37 01 01 59 B6
[11:53:39.235] [JETSON-STATUS] ERROR: A5 5A 01 FE 37 01 01 59 B6
[11:53:39.235] [JETSON-STATUS] ERROR: A5 5A 01 FE 37 01 01 59 B6
[11:53:39.235] [JETSON-STATUS] ERROR: A5 5A 01 FE 37 01 01 59 B6
[11:53:39.236] [JETSON-STATUS] ERROR: A5 5A 01 FE 37 01 01 59 B6
[11:53:39.236] [JETSON-STATUS] ERROR: A5 5A 01 FE 37 01 01 59 B6
[11:53:39.236] [JETSON-STATUS] ERROR: A5 5A 01 FE 37 01 01 59 B6
[11:53:39.236] [JETSON-STATUS] ERROR: A5 5A 01 FE 37 01 01 59 B6
[11:53:39.238] [JETSON-STATUS] ERROR: A5 5A 01 FE 37 01 01 59 B6
[11:53:39.238] [JETSON-STATUS] ERROR: A5 5A 01 FE 37 01 01 59 B6
[11:53:39.238] [JETSON-STATUS] ERROR: A5 5A 01 FE 37 01 01 59 B6
[11:53:39.238] [JETSON-STATUS] ERROR: A5 5A 01 FE 37 01 01 59 B6
[11:53:39.239] [JETSON-STATUS] ERROR: A5 5A 01 FE 37 01 01 59 B6
[11:53:39.239] [JETSON-STATUS] ERROR: A5 5A 01 FE 37 01 01 59 B6
[11:53:39.239] [JETSON-STATUS] ERROR: A5 5A 01 FE 37 01 01 59 B6
[11:53:39.240] [JETSON-STATUS] ERROR: A5 5A 01 FE 37 01 01 59 B6
[11:53:39.240] [JETSON-STATUS] ERROR: A5 5A 01 FE 37 01 01 59 B6
[11:53:39.240] [JETSON-STATUS] ERROR: A5 5A 01 FE 37 01 01 59 B6
[11:53:39.241] [JETSON-STATUS] ERROR: A5 5A 01 FE 37 01 01 59 B6
[11:53:39.241] [JETSON-STATUS] ERROR: A5 5A 01 FE 37 01 01 59 B6
[11:53:39.243] [JETSON-STATUS] ERROR: A5 5A 01 FE 37 01 01 59 B6
[11:53:39.512] [JETSON-RX] 37 01 01 59 B6 A5 5A 01 FE 37 01 01 59 B6 A5 5A 01 FE 37 01 01 59 B6 A5 5A 01 FE 37 01 01 59 B6 A5 5A 01 FE 37 01 01 59 B6 A5 5A 01 FE 37 01 01 59 B6 A5 5A 01 FE 37 01 01 59 B6 A5 5A 01 FE 37 01 01 59 B6 A5 5A 01 FE 37 01 01 59 B6 A5 5A 01 FE 37 01 01 59 B6 A5 5A 01 FE 37 01 01 59 B6 A5 5A 01 FE 37 01 01 59 B6 A5 5A 01 FE 37 01 01 59 B6 A5 5A 01 FE 37 01 01 59 B6 A5 5A 01 FE 37 01 01 59 B6 A5 5A 01 FE 37 01 01 59 B6 A5 5A 01 FE 37 01 01 59 B6 A5 5A 01 FE 37 01 01 59 B6 A5 5A 01 FE 37 01 01 59 B6 A5 5A 01 FE 37 01 01 59 B6 A5 5A 01 FE 37 01 01 59 B6 A5 5A 01 FE 37 01 01 59 B6 A5 5A 01 FE 37 01 01 59 B6 A5 5A 01 FE 37 01 01 59 B6 A5 5A 01 FE 37 01 01 59 B6 A5 5A 01 FE 37 01 01 59 B6 A5 5A 01 FE 37 01 01 59 B6 A5 5A 01 FE 37 01 01 59 B6 A5 5A 01 FE 37 01 01 59
[11:53:39.512] [JETSON-STATUS] ERROR: A5 5A 01 FE 37 01 01 59 B6
[11:53:39.513] [JETSON-STATUS] ERROR: A5 5A 01 FE 37 01 01 59 B6
[11:53:39.513] [JETSON-STATUS] ERROR: A5 5A 01 FE 37 01 01 59 B6
[11:53:39.513] [JETSON-STATUS] ERROR: A5 5A 01 FE 37 01 01 59 B6
[11:53:39.515] [JETSON-STATUS] ERROR: A5 5A 01 FE 37 01 01 59 B6
[11:53:39.515] [JETSON-STATUS] ERROR: A5 5A 01 FE 37 01 01 59 B6
[11:53:39.515] [JETSON-STATUS] ERROR: A5 5A 01 FE 37 01 01 59 B6
[11:53:39.515] [JETSON-STATUS] ERROR: A5 5A 01 FE 37 01 01 59 B6
[11:53:39.516] [JETSON-STATUS] ERROR: A5 5A 01 FE 37 01 01 59 B6
[11:53:39.516] [JETSON-STATUS] ERROR: A5 5A 01 FE 37 01 01 59 B6
[11:53:39.516] [JETSON-STATUS] ERROR: A5 5A 01 FE 37 01 01 59 B6
[11:53:39.517] [JETSON-STATUS] ERROR: A5 5A 01 FE 37 01 01 59 B6
[11:53:39.517] [JETSON-STATUS] ERROR: A5 5A 01 FE 37 01 01 59 B6
[11:53:39.518] [JETSON-STATUS] ERROR: A5 5A 01 FE 37 01 01 59 B6
[11:53:39.518] [JETSON-STATUS] ERROR: A5 5A 01 FE 37 01 01 59 B6
[11:53:39.518] [JETSON-STATUS] ERROR: A5 5A 01 FE 37 01 01 59 B6
[11:53:39.519] [JETSON-STATUS] ERROR: A5 5A 01 FE 37 01 01 59 B6
[11:53:39.519] [JETSON-STATUS] ERROR: A5 5A 01 FE 37 01 01 59 B6
[11:53:39.520] [JETSON-STATUS] ERROR: A5 5A 01 FE 37 01 01 59 B6
[11:53:39.520] [JETSON-STATUS] ERROR: A5 5A 01 FE 37 01 01 59 B6
[11:53:39.520] [JETSON-STATUS] ERROR: A5 5A 01 FE 37 01 01 59 B6
[11:53:39.521] [JETSON-STATUS] ERROR: A5 5A 01 FE 37 01 01 59 B6
[11:53:39.521] [JETSON-STATUS] ERROR: A5 5A 01 FE 37 01 01 59 B6
[11:53:39.521] [JETSON-STATUS] ERROR: A5 5A 01 FE 37 01 01 59 B6
[11:53:39.521] [JETSON-STATUS] ERROR: A5 5A 01 FE 37 01 01 59 B6
[11:53:39.521] [JETSON-STATUS] ERROR: A5 5A 01 FE 37 01 01 59 B6
[11:53:39.522] [JETSON-STATUS] ERROR: A5 5A 01 FE 37 01 01 59 B6
[11:53:39.802] [JETSON-RX] B6 A5 5A 01 FE 37 01 01 59 B6 A5 5A 01 FE 37 01 01 59 B6 A5 5A 01 FE 37 01 01 59 B6 A5 5A 01 FE 37 01 01 59 B6 A5 5A 01 FE 37 01 01 59 B6 A5 5A 01 FE 37 01 01 59 B6 A5 5A 01 FE 37 01 01 59 B6 A5 5A 01 FE 37 01 01 59 B6 A5 5A 01 FE 37 01 01 59 B6 A5 5A 01 FE 37 01 01 59 B6 A5 5A 01 FE 37 01 01 59 B6 A5 5A 01 FE 37 01 01 59 B6 A5 5A 01 FE 37 01 01 59 B6 A5 5A 01 FE 37 01 01 59 B6 A5 5A 01 FE 37 01 01 59 B6 A5 5A 01 FE 37 01 01 59 B6 A5 5A 01 FE 37 01 01 59 B6 A5 5A 01 FE 37 01 01 59 B6 A5 5A 01 FE 37 01 01 59 B6 A5 5A 01 FE 37 01 01 59 B6 A5 5A 01 FE 37 01 01 59 B6 A5 5A 01 FE 37 01 01 59 B6 A5 5A 01 FE 37 01 01 59 B6 A5 5A 01 FE 37 01 01 59 B6 A5 5A 01 FE 37 01 01 59 B6 A5 5A 01 FE 37 01 01 59 B6 A5 5A 01 FE 37 01 01 59 B6 A5 5A 01 FE 37 01 01 59 B6 A5 5A 01
[11:53:39.803] [JETSON-STATUS] ERROR: A5 5A 01 FE 37 01 01 59 B6
[11:53:39.803] [JETSON-STATUS] ERROR: A5 5A 01 FE 37 01 01 59 B6
[11:53:39.804] [JETSON-STATUS] ERROR: A5 5A 01 FE 37 01 01 59 B6
[11:53:39.804] [JETSON-STATUS] ERROR: A5 5A 01 FE 37 01 01 59 B6
[11:53:39.804] [JETSON-STATUS] ERROR: A5 5A 01 FE 37 01 01 59 B6
[11:53:39.805] [JETSON-STATUS] ERROR: A5 5A 01 FE 37 01 01 59 B6
[11:53:39.805] [JETSON-STATUS] ERROR: A5 5A 01 FE 37 01 01 59 B6
[11:53:39.806] [JETSON-STATUS] ERROR: A5 5A 01 FE 37 01 01 59 B6
[11:53:39.806] [JETSON-STATUS] ERROR: A5 5A 01 FE 37 01 01 59 B6
[11:53:39.807] [JETSON-STATUS] ERROR: A5 5A 01 FE 37 01 01 59 B6
[11:53:39.807] [JETSON-STATUS] ERROR: A5 5A 01 FE 37 01 01 59 B6
[11:53:39.807] [JETSON-STATUS] ERROR: A5 5A 01 FE 37 01 01 59 B6
[11:53:39.807] [JETSON-STATUS] ERROR: A5 5A 01 FE 37 01 01 59 B6
[11:53:39.808] [JETSON-STATUS] ERROR: A5 5A 01 FE 37 01 01 59 B6
[11:53:39.808] [JETSON-STATUS] ERROR: A5 5A 01 FE 37 01 01 59 B6
[11:53:39.808] [JETSON-STATUS] ERROR: A5 5A 01 FE 37 01 01 59 B6
[11:53:39.809] [JETSON-STATUS] ERROR: A5 5A 01 FE 37 01 01 59 B6
[11:53:39.809] [JETSON-STATUS] ERROR: A5 5A 01 FE 37 01 01 59 B6
[11:53:39.809] [JETSON-STATUS] ERROR: A5 5A 01 FE 37 01 01 59 B6
[11:53:39.810] [JETSON-STATUS] ERROR: A5 5A 01 FE 37 01 01 59 B6
[11:53:39.810] [JETSON-STATUS] ERROR: A5 5A 01 FE 37 01 01 59 B6
[11:53:39.810] [JETSON-STATUS] ERROR: A5 5A 01 FE 37 01 01 59 B6
[11:53:39.810] [JETSON-STATUS] ERROR: A5 5A 01 FE 37 01 01 59 B6
[11:53:39.811] [JETSON-STATUS] ERROR: A5 5A 01 FE 37 01 01 59 B6
[11:53:39.811] [JETSON-STATUS] ERROR: A5 5A 01 FE 37 01 01 59 B6
[11:53:39.811] [JETSON-STATUS] ERROR: A5 5A 01 FE 37 01 01 59 B6
[11:53:39.811] [JETSON-STATUS] ERROR: A5 5A 01 FE 37 01 01 59 B6
[11:53:39.812] [JETSON-STATUS] ERROR: A5 5A 01 FE 37 01 01 59 B6
[11:53:39.812] [JETSON-STATUS] ERROR: A5 5A 01 FE 37 01 01 59 B6
[11:53:40.082] [JETSON-RX] FE 37 01 01 59 B6 A5 5A 01 FE 37 01 01 59 B6 A5 5A 01 FE 37 01 01 59 B6 A5 5A 01 FE 37 01 01 59 B6 A5 5A 01 FE 37 01 01 59 B6 A5 5A 01 FE 37 01 01 59 B6 A5 5A 01 FE 37 01 01 59 B6 A5 5A 01 FE 37 01 01 59 B6 A5 5A 01 FE 37 01 01 59 B6 A5 5A 01 FE 37 01 01 59 B6 A5 5A 01 FE 37 01 01 59 B6 A5 5A 01 FE 37 01 01 59 B6 A5 5A 01 FE 37 01 01 59 B6 A5 5A 01 FE 37 01 01 59 B6 A5 5A 01 FE 37 01 01 59 B6 A5 5A 01 FE 37 01 01 59 B6 A5 5A 01 FE 37 01 01 59 B6 A5 5A 01 FE 37 01 01 59 B6 A5 5A 01 FE 37 01 01 59 B6 A5 5A 01 FE 37 01 01 59 B6 A5 5A 01 FE 37 01 01 59 B6 A5 5A 01 FE 37 01 01 59 B6 A5 5A 01 FE 37 01 01 59 B6 A5 5A 01 FE 37 01 01 59 B6 A5 5A 01 FE 37 01 01 59 B6 A5 5A 01 FE 37 01 01 59 B6 A5 5A 01 FE 37 01 01 59 B6 A5 5A 01 FE 37 01 01 59 B6 A5 5A 01 FE 37 01 01
[11:53:40.082] [JETSON-STATUS] ERROR: A5 5A 01 FE 37 01 01 59 B6
[11:53:40.083] [JETSON-STATUS] ERROR: A5 5A 01 FE 37 01 01 59 B6
[11:53:40.083] [JETSON-STATUS] ERROR: A5 5A 01 FE 37 01 01 59 B6
[11:53:40.084] [JETSON-STATUS] ERROR: A5 5A 01 FE 37 01 01 59 B6
[11:53:40.084] [JETSON-STATUS] ERROR: A5 5A 01 FE 37 01 01 59 B6
[11:53:40.084] [JETSON-STATUS] ERROR: A5 5A 01 FE 37 01 01 59 B6
[11:53:40.085] [JETSON-STATUS] ERROR: A5 5A 01 FE 37 01 01 59 B6
[11:53:40.085] [JETSON-STATUS] ERROR: A5 5A 01 FE 37 01 01 59 B6
[11:53:40.085] [JETSON-STATUS] ERROR: A5 5A 01 FE 37 01 01 59 B6
[11:53:40.085] [JETSON-STATUS] ERROR: A5 5A 01 FE 37 01 01 59 B6
[11:53:40.086] [JETSON-STATUS] ERROR: A5 5A 01 FE 37 01 01 59 B6
[11:53:40.086] [JETSON-STATUS] ERROR: A5 5A 01 FE 37 01 01 59 B6
[11:53:40.086] [JETSON-STATUS] ERROR: A5 5A 01 FE 37 01 01 59 B6
[11:53:40.086] [JETSON-STATUS] ERROR: A5 5A 01 FE 37 01 01 59 B6
[11:53:40.088] [JETSON-STATUS] ERROR: A5 5A 01 FE 37 01 01 59 B6
[11:53:40.088] [JETSON-STATUS] ERROR: A5 5A 01 FE 37 01 01 59 B6
[11:53:40.088] [JETSON-STATUS] ERROR: A5 5A 01 FE 37 01 01 59 B6
[11:53:40.089] [JETSON-STATUS] ERROR: A5 5A 01 FE 37 01 01 59 B6
[11:53:40.089] [JETSON-STATUS] ERROR: A5 5A 01 FE 37 01 01 59 B6
[11:53:40.089] [JETSON-STATUS] ERROR: A5 5A 01 FE 37 01 01 59 B6
[11:53:40.090] [JETSON-STATUS] ERROR: A5 5A 01 FE 37 01 01 59 B6
[11:53:40.090] [JETSON-STATUS] ERROR: A5 5A 01 FE 37 01 01 59 B6
[11:53:40.090] [JETSON-STATUS] ERROR: A5 5A 01 FE 37 01 01 59 B6
[11:53:40.091] [JETSON-STATUS] ERROR: A5 5A 01 FE 37 01 01 59 B6
[11:53:40.091] [JETSON-STATUS] ERROR: A5 5A 01 FE 37 01 01 59 B6
[11:53:40.091] [JETSON-STATUS] ERROR: A5 5A 01 FE 37 01 01 59 B6
[11:53:40.092] [JETSON-STATUS] ERROR: A5 5A 01 FE 37 01 01 59 B6
[11:53:40.372] [JETSON-RX] 59 B6 A5 5A 01 FE 37 01 01 59 B6 A5 5A 01 FE 37 01 01 59 B6 A5 5A 01 FE 37 01 01 59 B6 A5 5A 01 FE 37 01 01 59 B6 A5 5A 01 FE 37 01 01 59 B6 A5 5A 01 FE 37 01 01 59 B6 A5 5A 01 FE 37 01 01 59 B6 A5 5A 01 FE 37 01 01 59 B6 A5 5A 01 FE 37 01 01 59 B6 A5 5A 01 FE 37 01 01 59 B6 A5 5A 01 FE 37 01 01 59 B6 A5 5A 01 FE 37 01 01 59 B6 A5 5A 01 FE 37 01 01 59 B6 A5 5A 01 FE 37 01 01 59 B6 A5 5A 01 FE 37 01 01 59 B6 A5 5A 01 FE 37 01 01 59 B6 A5 5A 01 FE 37 01 01 59 B6 A5 5A 01 FE 37 01 01 59 B6 A5 5A 01 FE 37 01 01 59 B6 A5 5A 01 FE 37 01 01 59 B6 A5 5A 01 FE 37 01 01 59 B6 A5 5A 01 FE 37 01 01 59 B6 A5 5A 01 FE 37 01 01 59 B6 A5 5A 01 FE 37 01 01 59 B6 A5 5A 01 FE 37 01 01 59 B6 A5 5A 01 FE 37 01 01 59 B6 A5 5A 01 FE 37 01 01 59 B6 A5 5A 01 FE 37 01 01 59 B6 A5 5A
[11:53:40.372] [JETSON-STATUS] ERROR: A5 5A 01 FE 37 01 01 59 B6
[11:53:40.373] [JETSON-STATUS] ERROR: A5 5A 01 FE 37 01 01 59 B6
[11:53:40.373] [JETSON-STATUS] ERROR: A5 5A 01 FE 37 01 01 59 B6
[11:53:40.374] [JETSON-STATUS] ERROR: A5 5A 01 FE 37 01 01 59 B6
[11:53:40.374] [JETSON-STATUS] ERROR: A5 5A 01 FE 37 01 01 59 B6
[11:53:40.374] [JETSON-STATUS] ERROR: A5 5A 01 FE 37 01 01 59 B6
[11:53:40.375] [JETSON-STATUS] ERROR: A5 5A 01 FE 37 01 01 59 B6
[11:53:40.375] [JETSON-STATUS] ERROR: A5 5A 01 FE 37 01 01 59 B6
[11:53:40.375] [JETSON-STATUS] ERROR: A5 5A 01 FE 37 01 01 59 B6
[11:53:40.375] [JETSON-STATUS] ERROR: A5 5A 01 FE 37 01 01 59 B6
[11:53:40.377] [JETSON-STATUS] ERROR: A5 5A 01 FE 37 01 01 59 B6
[11:53:40.377] [JETSON-STATUS] ERROR: A5 5A 01 FE 37 01 01 59 B6
[11:53:40.377] [JETSON-STATUS] ERROR: A5 5A 01 FE 37 01 01 59 B6
[11:53:40.377] [JETSON-STATUS] ERROR: A5 5A 01 FE 37 01 01 59 B6
[11:53:40.378] [JETSON-STATUS] ERROR: A5 5A 01 FE 37 01 01 59 B6
[11:53:40.378] [JETSON-STATUS] ERROR: A5 5A 01 FE 37 01 01 59 B6
[11:53:40.378] [JETSON-STATUS] ERROR: A5 5A 01 FE 37 01 01 59 B6
[11:53:40.378] [JETSON-STATUS] ERROR: A5 5A 01 FE 37 01 01 59 B6
[11:53:40.379] [JETSON-STATUS] ERROR: A5 5A 01 FE 37 01 01 59 B6
[11:53:40.379] [JETSON-STATUS] ERROR: A5 5A 01 FE 37 01 01 59 B6
[11:53:40.379] [JETSON-STATUS] ERROR: A5 5A 01 FE 37 01 01 59 B6
[11:53:40.379] [JETSON-STATUS] ERROR: A5 5A 01 FE 37 01 01 59 B6
[11:53:40.380] [JETSON-STATUS] ERROR: A5 5A 01 FE 37 01 01 59 B6
[11:53:40.380] [JETSON-STATUS] ERROR: A5 5A 01 FE 37 01 01 59 B6
[11:53:40.380] [JETSON-STATUS] ERROR: A5 5A 01 FE 37 01 01 59 B6
[11:53:40.381] [JETSON-STATUS] ERROR: A5 5A 01 FE 37 01 01 59 B6
[11:53:40.381] [JETSON-STATUS] ERROR: A5 5A 01 FE 37 01 01 59 B6
[11:53:40.381] [JETSON-STATUS] ERROR: A5 5A 01 FE 37 01 01 59 B6
[11:53:40.557] [JETSON-INFO] heartbeat stopped
[11:53:40.557] [JETSON-TX] TARGET_CTRL_STOP_NEW: A5 5A 01 02 38 01 00 98 25
[11:53:40.627] [JETSON-RX] 01 FE 37 01 01 59 B6 A5 5A 01 FE 37 01 01 59 B6 A5 5A 01 FE 37 01 01 59 B6 A5 5A 01 FE 37 01 01 59 B6 A5 5A 01 FE 37 01 01 59 B6 A5 5A 01 FE 37 01 01 59 B6 A5 5A 01 FE 37 01 01 59 B6 A5 5A 01 FE 37 01 01 59 B6 A5 5A 01 FE 37 01 01 59 B6 A5 5A 01 FE 37 01 01 59 B6 A5 5A 01 FE 37 01 01 59 B6 A5 5A 01 FE 37 01 01 59 B6 A5 5A 01 FE 37 01 01 59 B6 A5 5A 01 FE 37 01 01 59 B6 A5 5A 01 FE 37 01 01 59 B6 A5 5A 01 FE 37 01 01 59 B6 A5 5A 01 FE 37 01 01 59 B6 A5 5A 01 FE 37 01 01 59 B6 A5 5A 01 FE 37 01 01 59 B6 A5 5A 01 81 38 03 04 00 00 F5 91
[11:53:40.628] [JETSON-STATUS] ERROR: A5 5A 01 FE 37 01 01 59 B6
[11:53:40.629] [JETSON-STATUS] ERROR: A5 5A 01 FE 37 01 01 59 B6
[11:53:40.629] [JETSON-STATUS] ERROR: A5 5A 01 FE 37 01 01 59 B6
[11:53:40.629] [JETSON-STATUS] ERROR: A5 5A 01 FE 37 01 01 59 B6
[11:53:40.630] [JETSON-STATUS] ERROR: A5 5A 01 FE 37 01 01 59 B6
[11:53:40.630] [JETSON-STATUS] ERROR: A5 5A 01 FE 37 01 01 59 B6
[11:53:40.631] [JETSON-STATUS] ERROR: A5 5A 01 FE 37 01 01 59 B6
[11:53:40.631] [JETSON-STATUS] ERROR: A5 5A 01 FE 37 01 01 59 B6
[11:53:40.631] [JETSON-STATUS] ERROR: A5 5A 01 FE 37 01 01 59 B6
[11:53:40.633] [JETSON-STATUS] ERROR: A5 5A 01 FE 37 01 01 59 B6
[11:53:40.633] [JETSON-STATUS] ERROR: A5 5A 01 FE 37 01 01 59 B6
[11:53:40.633] [JETSON-STATUS] ERROR: A5 5A 01 FE 37 01 01 59 B6
[11:53:40.634] [JETSON-STATUS] ERROR: A5 5A 01 FE 37 01 01 59 B6
[11:53:40.635] [JETSON-STATUS] ERROR: A5 5A 01 FE 37 01 01 59 B6
[11:53:40.635] [JETSON-STATUS] ERROR: A5 5A 01 FE 37 01 01 59 B6
[11:53:40.636] [JETSON-STATUS] ERROR: A5 5A 01 FE 37 01 01 59 B6
[11:53:40.636] [JETSON-STATUS] ERROR: A5 5A 01 FE 37 01 01 59 B6
[11:53:40.637] [JETSON-STATUS] ERROR: A5 5A 01 FE 37 01 01 59 B6
[11:53:40.637] [JETSON-STATUS] TARGET_CTRL_OFF: A5 5A 01 81 38 03 04 00 00 F5 91
[11:53:40.658] [ARM-RX] [JETSON_RX] target_ctrl=0
[11:53:40.658] [ARM-RX] ROBOT_SOFT_RESET_EVENT
[11:53:40.658] [ARM-RX] --- Starting soft reset ---
[11:53:40.783] [ARM-RX] Soft reset motors enabled (J1~J5, J6 skipped).
[11:53:40.784] [ARM-RX] Soft resetting joint 4...
[11:53:40.845] [ARM-RX] robot_update_current_angle 4...
[11:53:40.845] [ARM-RX] [4] current:90.00, target:90.00, dir:1
[11:53:40.969] [ARM-RX] Soft resetting joint 3...
[11:53:40.969] [ARM-RX] robot_update_current_angle 3...
[11:53:40.969] [ARM-RX] [3] current:0.00, target:0.00, dir:-1
[11:53:41.093] [ARM-RX] Soft resetting joint 1...
[11:53:41.155] [ARM-RX] robot_update_current_angle 1...
[11:53:41.155] [ARM-RX] [1] current:90.00, target:90.00, dir:1
[11:53:41.280] [ARM-RX] Soft resetting joint 2...
[11:53:41.280] [ARM-RX] robot_update_current_angle 2...
[11:53:41.281] [ARM-RX] [2] current:-90.00, target:-90.00, dir:-1
[11:53:41.404] [ARM-RX] Soft resetting joint 0...
[11:53:41.404] [ARM-RX] robot_update_current_angle 0...
[11:53:41.404] [ARM-RX] [0] current:90.00, target:90.00, dir:-1
[11:53:41.651] [ARM-RX] soft reset final verify PASS (issues:0), pose set HOME.
[11:54:58.176] [JETSON-TX] TARGET_CTRL_START_NEW: A5 5A 01 02 39 01 01 08 25
[11:54:58.238] [JETSON-RX] A5 5A 01 81 39 03 04 01 00 C9 C1 A5 5A 01 FE 39 01 01 38 75
[11:54:58.238] [JETSON-STATUS] TARGET_CTRL_ON: A5 5A 01 81 39 03 04 01 00 C9 C1
[11:54:58.238] [JETSON-STATUS] ERROR: A5 5A 01 FE 39 01 01 38 75
[11:54:58.299] [ARM-RX] [JETSON_RX] target_ctrl=1
[11:54:58.777] [JETSON-INFO] heartbeat stopped
[11:54:58.778] [JETSON-TX] TARGET_CTRL_STOP_NEW: A5 5A 01 02 3A 01 00 39 E5
[11:54:58.841] [JETSON-RX] A5 5A 01 81 3A 03 04 00 00 8C 51
[11:54:58.841] [JETSON-STATUS] TARGET_CTRL_OFF: A5 5A 01 81 3A 03 04 00 00 8C 51
[11:54:58.856] [ARM-RX] [JETSON_RX] target_ctrl=0
[11:54:58.856] [ARM-RX] ROBOT_SOFT_RESET_EVENT
[11:54:58.856] [ARM-RX] --- Starting soft reset ---
[11:54:59.040] [ARM-RX] Soft reset motors enabled (J1~J5, J6 skipped).
[11:54:59.040] [ARM-RX] Soft resetting joint 4...
[11:54:59.040] [ARM-RX] robot_update_current_angle 4...
[11:54:59.040] [ARM-RX] [4] current:90.00, target:90.00, dir:1
[11:54:59.164] [ARM-RX] Soft resetting joint 3...
[11:54:59.226] [ARM-RX] robot_update_current_angle 3...
[11:54:59.226] [ARM-RX] [3] current:0.00, target:0.00, dir:-1
[11:54:59.351] [ARM-RX] Soft resetting joint 1...
[11:54:59.351] [ARM-RX] robot_update_current_angle 1...
[11:54:59.351] [ARM-RX] [1] current:90.00, target:90.00, dir:1
[11:54:59.474] [ARM-RX] Soft resetting joint 2...
[11:54:59.474] [ARM-RX] robot_update_current_angle 2...
[11:54:59.474] [ARM-RX] [2] current:-90.00, target:-90.00, dir:-1
[11:54:59.599] [ARM-RX] Soft resetting joint 0...
[11:54:59.661] [ARM-RX] robot_update_current_angle 0...
[11:54:59.661] [ARM-RX] [0] current:90.00, target:90.00, dir:-1
[11:54:59.910] [ARM-RX] soft reset final verify PASS (issues:0), pose set HOME.
[11:55:04.754] [APP-INFO] 已刷新串口: COM7, COM16, COM22, COM21, COM14
[12:20:02.106] [JETSON-INFO] 已停止周期视觉发送
[12:20:02.107] [JETSON-INFO] heartbeat stopped
