[21:41:33.414] [APP-INFO] 已刷新串口: COM7, COM16, COM22, COM21, COM14
[21:41:33.415] [APP-INFO] log file: E:\Renesas\RA6M5-Robot\Robot_FreeRTOS - Arm\UpperComputer\dist\logs\ra6m5_upper_console_20260707_214133.log
[21:49:08.113] [ARM-ERROR] ARM串口未打开，命令未发送: soft_reset
[21:49:09.956] [ARM-INFO] opened COM7 @ 115200
[21:49:10.332] [JETSON-INFO] opened COM14 @ 115200
[21:49:10.336] [JETSON-INFO] heartbeat started: 200 ms
[21:49:10.337] [JETSON-INFO] safe distance started: 120 mm, 200 ms
[21:49:11.493] [ARM-TX] 发送命令 soft_reset: soft_reset
[21:49:11.568] [ARM-RX] Found handler for 'soft_reset', executing...
[21:49:11.568] [ARM-RX] ROBOT_SOFT_RESET_EVENT
[21:49:11.569] [ARM-RX] --- Starting soft reset ---
[21:49:11.755] [ARM-RX] Soft reset motors enabled (J1~J5, J6 skipped).
[21:49:11.755] [ARM-RX] Soft resetting joint 4...
[21:49:11.755] [ARM-RX] robot_update_current_angle 4...
[21:49:11.755] [ARM-RX] [4] current:81.53, target:90.00, dir:1
[21:49:12.687] [ARM-RX] Soft resetting joint 3...
[21:49:12.687] [ARM-RX] robot_update_current_angle 3...
[21:49:12.688] [ARM-RX] [3] current:-7.78, target:0.00, dir:1
[21:49:13.867] [ARM-RX] Soft resetting joint 1...
[21:49:13.867] [ARM-RX] robot_update_current_angle 1...
[21:49:13.867] [ARM-RX] [1] current:118.73, target:90.00, dir:-1
[21:49:15.730] [ARM-RX] soft reset joint 1 settle timeout, keep going
[21:49:15.731] [ARM-RX] Soft resetting joint 2...
[21:49:15.792] [ARM-RX] robot_update_current_angle 2...
[21:49:15.793] [ARM-RX] [2] current:-52.72, target:-90.00, dir:-1
[21:49:17.848] [ARM-RX] soft reset joint 2 settle timeout, keep going
[21:49:17.848] [ARM-RX] Soft resetting joint 0...
[21:49:17.910] [ARM-RX] robot_update_current_angle 0...
[21:49:17.910] [ARM-RX] [0] current:97.64, target:90.00, dir:-1
[21:49:19.158] [ARM-RX] soft reset final verify PASS (issues:2), pose set HOME.
[21:53:03.416] [JETSON-TX] CAPTURE_CTRL a=1 p=1: A5 5A 01 04 16 02 01 01 95 D2
[21:53:03.437] [ARM-RX] [JETSON_RX] capture_ctrl action=1 point=1
[21:53:03.437] [ARM-RX] [CAPTURE] request action=1 point=1
[21:53:03.437] [ARM-RX] RO
[21:53:03.467] [ARM-RX] BOT_AUTO_EVENT
[21:53:03.467] [ARM-RX] AUTO slow profile scale=0.40 target=<0.00 -130.00 -15.00>
[21:53:03.468] [ARM-RX] [0] <0.00 0.00 0.00> result: 90.00 90.00 -90.00 0.00 90.00 0.00
[21:53:03.468] [ARM-RX] [1] <0.00 -0.00 -0.00> result: 90.00 90.00 -90.00 0.00 90.00 0.00
[21:53:03.468] [ARM-RX] [2] <0.00 -0.00 -0.00> result: 90.00 90.00 -90.00
[21:53:03.490] [ARM-RX] 0.00 90.00 0.00
[21:53:03.490] [ARM-RX] [3] <0.00 -0.00 -0.00> result: 90.00 90.00 -90.00 0.00 90.00 0.00
[21:53:03.491] [ARM-RX] [4] <0.00 -0.01 -0.00> result: 90.00 90.00 -90.00 0.00 90.00 0.00
[21:53:03.491] [ARM-RX] [5] <0.00 -0.01 -0.00> result: 90.00 90.00 -90.00 0.00 90.00 0.00
[21:53:03.491] [ARM-RX] [6] <0.00 -0.02 -0.00> result: 90.00 9
[21:53:03.513] [ARM-RX] 0.01 -90.00 0.00 90.00 0.00
[21:53:03.513] [ARM-RX] [7] <0.00 -0.03 -0.00> result: 90.00 90.01 -89.99 0.00 90.00 0.00
[21:53:03.514] [ARM-RX] [8] <0.00 -0.04 -0.00> result: 90.00 90.02 -89.99 0.00 90.01 0.00
[21:53:03.514] [ARM-RX] [9] <0.00 -0.06 -0.01> result: 90.00 90.02 -89.98 0.00 90.01 0.00
[21:53:03.514] [ARM-RX] [10] <0.00 -0.08 -0.01> re
[21:53:03.536] [ARM-RX] sult: 90.00 90.03 -89.98 0.00 90.01 0.00
[21:53:03.536] [ARM-RX] [11] <0.00 -0.10 -0.01> result: 90.00 90.04 -89.97 0.00 90.01 0.00
[21:53:03.537] [ARM-RX] [12] <0.00 -0.13 -0.01> result: 90.00 90.05 -89.96 0.00 90.02 0.00
[21:53:03.537] [ARM-RX] [13] <0.00 -0.16 -0.02> result: 90.00 90.07 -89.96 0.00 90.02 0.00
[21:53:03.537] [ARM-RX] [14] <0.00
[21:53:03.558] [ARM-RX] -0.20 -0.02> result: 90.00 90.08 -89.95 0.00 90.03 0.00
[21:53:03.559] [ARM-RX] [15] <0.00 -0.24 -0.03> result: 90.00 90.10 -89.93 0.00 90.03 0.00
[21:53:03.559] [ARM-RX] [16] <0.00 -0.29 -0.03> result: 90.00 90.12 -89.92 0.00 90.04 0.00
[21:53:03.559] [ARM-RX] [17] <0.00 -0.35 -0.04> result: 90.00 90.14 -89.90 0.00 90.05
[21:53:03.581] [ARM-RX] 0.00
[21:53:03.582] [ARM-RX] [18] <0.00 -0.41 -0.05> result: 90.00 90.17 -89.89 0.00 90.06 0.00
[21:53:03.582] [ARM-RX] [19] <0.00 -0.48 -0.06> result: 90.00 90.20 -89.87 0.00 90.07 0.00
[21:53:03.582] [ARM-RX] [20] <0.00 -0.56 -0.06> result: 90.00 90.23 -89.85 0.00 90.08 0.00
[21:53:03.582] [ARM-RX] [21] <0.00 -0.64 -0.07> result: 90.00 90.26 -8
[21:53:03.604] [ARM-RX] 9.82 0.00 90.09 0.00
[21:53:03.604] [ARM-RX] [22] <0.00 -0.73 -0.08> result: 90.00 90.30 -89.80 0.00 90.10 0.00
[21:53:03.604] [ARM-RX] [23] <0.00 -0.83 -0.10> result: 90.00 90.34 -89.77 0.00 90.11 0.00
[21:53:03.605] [ARM-RX] [24] <0.00 -0.94 -0.11> result: 90.00 90.39 -89.74 0.00 90.13 0.00
[21:53:03.605] [ARM-RX] [25] <0.00 -1.06 -0.12> result
[21:53:03.639] [ARM-RX] : 90.00 90.43 -89.71 0.00 90.14 0.00
[21:53:03.639] [ARM-RX] [26] <0.00 -1.18 -0.14> result: 90.00 90.48 -89.67 0.00 90.16 0.00
[21:53:03.640] [ARM-RX] [27] <0.00 -1.32 -0.15> result: 90.00 90.54 -89.64 0.00 90.17 0.00
[21:53:03.640] [ARM-RX] [28] <0.00 -1.46 -0.17> result: 90.00 90.60 -89.60 0.00 90.19 0.00
[21:53:03.640] [ARM-RX] [29] <0.00 -1.
[21:53:03.662] [ARM-RX] 62 -0.19> result: 90.00 90.66 -89.55 0.00 90.21 0.00
[21:53:03.662] [ARM-RX] [30] <0.00 -1.78 -0.21> result: 90.00 90.72 -89.51 0.00 90.23 0.00
[21:53:03.662] [ARM-RX] [31] <0.00 -1.96 -0.23> result: 90.00 90.79 -89.46 0.00 90.25 0.00
[21:53:03.662] [ARM-RX] [32] <0.00 -2.14 -0.25> result: 90.00 90.87 -89.41 0.00 90.27 0.00
[21:53:03.685] [ARM-RX] [33] <0.00 -2.34 -0.27> result: 90.00 90.94 -89.35 0.00 90.30 0.00
[21:53:03.685] [ARM-RX] [34] <0.00 -2.54 -0.29> result: 90.00 91.02 -89.30 0.00 90.32 0.00
[21:53:03.685] [ARM-RX] [35] <0.00 -2.76 -0.32> result: 90.00 91.11 -89.24 0.00 90.34 0.00
[21:53:03.686] [ARM-RX] [36] <0.00 -2.99 -0.34> result: 90.00 91.20 -89.17
[21:53:03.708] [ARM-RX] 0.00 90.37 0.00
[21:53:03.708] [ARM-RX] [37] <0.00 -3.23 -0.37> result: 90.00 91.29 -89.10 0.00 90.39 0.00
[21:53:03.708] [ARM-RX] [38] <0.00 -3.48 -0.40> result: 90.00 91.38 -89.04 0.00 90.42 0.00
[21:53:03.708] [ARM-RX] [39] <0.00 -3.74 -0.43> result: 90.00 91.48 -88.96 0.00 90.45 0.00
[21:53:03.709] [ARM-RX] [40] <0.00 -4.02 -0.46> result: 90
[21:53:03.730] [ARM-RX] .00 91.59 -88.89 0.00 90.47 0.00
[21:53:03.730] [ARM-RX] [41] <0.00 -4.30 -0.50> result: 90.00 91.69 -88.81 0.00 90.50 0.00
[21:53:03.730] [ARM-RX] [42] <0.00 -4.60 -0.53> result: 90.00 91.81 -88.72 0.00 90.53 0.00
[21:53:03.730] [ARM-RX] [43] <0.00 -4.91 -0.57> result: 90.00 91.92 -88.64 0.00 90.56 0.00
[21:53:03.730] [ARM-RX] [44] <0.00 -5.23 -
[21:53:03.753] [ARM-RX] 0.60> result: 90.00 92.04 -88.55 0.00 90.58 0.00
[21:53:03.754] [ARM-RX] [45] <0.00 -5.56 -0.64> result: 90.00 92.16 -88.45 0.00 90.61 0.00
[21:53:03.754] [ARM-RX] [46] <0.00 -5.90 -0.68> result: 90.00 92.28 -88.36 0.00 90.64 0.00
[21:53:03.754] [ARM-RX] [47] <0.00 -6.26 -0.72> result: 90.00 92.41 -88.26 0.00 90.67 0.00
[21:53:03.754] [ARM-RX] [4
[21:53:03.776] [ARM-RX] 8] <0.00 -6.63 -0.76> result: 90.00 92.55 -88.15 0.00 90.70 0.00
[21:53:03.777] [ARM-RX] [49] <0.00 -7.01 -0.81> result: 90.00 92.68 -88.05 0.00 90.73 0.00
[21:53:03.777] [ARM-RX] [50] <0.00 -7.40 -0.85> result: 90.00 92.82 -87.94 0.00 90.76 0.00
[21:53:03.777] [ARM-RX] [51] <0.00 -7.80 -0.90> result: 90.00 92.96 -87.82 0.0
[21:53:03.799] [ARM-RX] 0 90.78 0.00
[21:53:03.799] [ARM-RX] [52] <0.00 -8.22 -0.95> result: 90.00 93.10 -87.71 0.00 90.81 0.00
[21:53:03.799] [ARM-RX] [53] <0.00 -8.65 -1.00> result: 90.00 93.25 -87.58 0.00 90.84 0.00
[21:53:03.799] [ARM-RX] [54] <0.00 -9.08 -1.05> result: 90.00 93.40 -87.46 0.00 90.86 0.00
[21:53:03.799] [ARM-RX] [55] <0.00 -9.53 -1.10> result: 90.00
[21:53:03.834] [ARM-RX] 93.55 -87.33 0.00 90.89 0.00
[21:53:03.834] [ARM-RX] [56] <0.00 -10.00 -1.15> result: 90.00 93.71 -87.20 0.00 90.91 0.00
[21:53:03.834] [ARM-RX] [57] <0.00 -10.47 -1.21> result: 90.00 93.87 -87.07 0.00 90.94 0.00
[21:53:03.835] [ARM-RX] [58] <0.00 -10.95 -1.26> result: 90.00 94.03 -86.93 0.00 90.96 0.00
[21:53:03.835] [ARM-RX] [59] <0.00 -11.45 -
[21:53:03.857] [ARM-RX] 1.32> result: 90.00 94.19 -86.79 0.00 90.98 0.00
[21:53:03.857] [ARM-RX] [60] <0.00 -11.96 -1.38> result: 90.00 94.35 -86.65 0.00 91.00 0.00
[21:53:03.858] [ARM-RX] [61] <0.00 -12.47 -1.44> result: 90.00 94.52 -86.50 0.00 91.02 0.00
[21:53:03.858] [ARM-RX] [62] <0.00 -13.00 -1.50> result: 90.00 94.69 -86.35 0.00 91.04 0.00
[21:53:03.881] [ARM-RX] [63] <0.00 -13.54 -1.56> result: 90.00 94.86 -86.19 0.00 91.05 0.00
[21:53:03.881] [ARM-RX] [64] <0.00 -14.09 -1.63> result: 90.00 95.03 -86.04 0.00 91.07 0.00
[21:53:03.881] [ARM-RX] [65] <0.00 -14.65 -1.69> result: 90.00 95.20 -85.88 0.00 91.08 0.00
[21:53:03.882] [ARM-RX] [66] <0.00 -15.21 -1.76> result: 90.00 95.38 -85
[21:53:03.903] [ARM-RX] .72 0.00 91.09 0.00
[21:53:03.910] [ARM-RX] [67] <0.00 -15.79 -1.82> result: 90.00 95.55 -85.55 0.00 91.10 0.00
[21:53:03.910] [ARM-RX] [68] <0.00 -16.38 -1.89> result: 90.00 95.73 -85.38 0.00 91.11 0.00
[21:53:03.910] [ARM-RX] [69] <0.00 -16.97 -1.96> result: 90.00 95.91 -85.21 0.00 91.12 0.00
[21:53:03.910] [ARM-RX] [70] <0.00 -17.58 -2.03> res
[21:53:03.925] [ARM-RX] ult: 90.00 96.09 -85.04 0.00 91.13 0.00
[21:53:03.926] [ARM-RX] [71] <0.00 -18.19 -2.10> result: 90.00 96.27 -84.86 0.00 91.13 0.00
[21:53:03.926] [ARM-RX] [72] <0.00 -18.81 -2.17> result: 90.00 96.45 -84.68 0.00 91.13 0.00
[21:53:03.927] [ARM-RX] [73] <0.00 -19.44 -2.24> result: 90.00 96.63 -84.50 0.00 91.13 0.00
[21:53:03.927] [ARM-RX] [74] <0.
[21:53:03.949] [ARM-RX] 00 -20.08 -2.32> result: 90.00 96.81 -84.32 0.00 91.13 0.00
[21:53:03.949] [ARM-RX] [75] <0.00 -20.72 -2.39> result: 90.00 97.00 -84.13 0.00 91.13 0.00
[21:53:03.950] [ARM-RX] [76] <0.00 -21.37 -2.47> result: 90.00 97.18 -83.94 0.00 91.12 0.00
[21:53:03.950] [ARM-RX] [77] <0.00 -22.03 -2.54> result: 90.00 97.36 -83.75 0.00
[21:53:03.971] [ARM-RX] 91.12 0.00
[21:53:03.972] [ARM-RX] [78] <0.00 -22.70 -2.62> result: 90.00 97.55 -83.56 0.00 91.11 0.00
[21:53:03.972] [ARM-RX] [79] <0.00 -23.37 -2.70> result: 90.00 97.73 -83.37 0.00 91.10 0.00
[21:53:03.972] [ARM-RX] [80] <0.00 -24.04 -2.77> result: 90.00 97.92 -83.17 0.00 91.08 0.00
[21:53:03.972] [ARM-RX] [81] <0.00 -24.72 -2.85> result: 90.0
[21:53:04.006] [ARM-RX] 0 98.10 -82.97 0.00 91.07 0.00
[21:53:04.007] [ARM-RX] [82] <0.00 -25.41 -2.93> result: 90.00 98.28 -82.77 0.00 91.05 0.00
[21:53:04.007] [ARM-RX] [83] <0.00 -26.10 -3.01> result: 90.00 98.47 -82.57 0.00 91.04 0.00
[21:53:04.007] [ARM-RX] [84] <0.00 -26.79 -3.09> result: 90.00 98.65 -82.37 0.00 91.02 0.00
[21:53:04.007] [ARM-RX] [85] <0.00 -27.49
[21:53:04.029] [ARM-RX] -3.17> result: 90.00 98.83 -82.16 0.00 91.00 0.00
[21:53:04.029] [ARM-RX] [86] <0.00 -28.19 -3.25> result: 90.00 99.01 -81.96 0.00 90.97 0.00
[21:53:04.030] [ARM-RX] [87] <0.00 -28.90 -3.33> result: 90.00 99.20 -81.75 0.00 90.95 0.00
[21:53:04.030] [ARM-RX] [88] <0.00 -29.61 -3.42> result: 90.00 99.38 -81.55 0.00 90.92 0.0
[21:53:04.053] [ARM-RX] 0
[21:53:04.053] [ARM-RX] [89] <0.00 -30.32 -3.50> result: 90.00 99.56 -81.34 0.00 90.90 0.00
[21:53:04.053] [ARM-RX] [90] <0.00 -31.03 -3.58> result: 90.00 99.74 -81.13 0.00 90.87 0.00
[21:53:04.053] [ARM-RX] [91] <0.00 -31.74 -3.66> result: 90.00 99.92 -80.92 0.00 90.84 0.00
[21:53:04.053] [ARM-RX] [92] <0.00 -32.46 -3.74> result: 90.00 100.09
[21:53:04.075] [ARM-RX] -80.71 0.00 90.80 0.00
[21:53:04.075] [ARM-RX] [93] <0.00 -33.17 -3.83> result: 90.00 100.27 -80.50 0.00 90.77 0.00
[21:53:04.076] [ARM-RX] [94] <0.00 -33.89 -3.91> result: 90.00 100.44 -80.29 0.00 90.74 0.00
[21:53:04.076] [ARM-RX] [95] <0.00 -34.60 -3.99> result: 90.00 100.62 -80.08 0.00 90.70 0.00
[21:53:04.076] [ARM-RX] [96] <0.00 -35.32 -4.0
[21:53:04.099] [ARM-RX] 7> result: 90.00 100.79 -79.87 0.00 90.66 0.00
[21:53:04.099] [ARM-RX] [97] <0.00 -36.03 -4.16> result: 90.00 100.96 -79.66 0.00 90.62 0.00
[21:53:04.100] [ARM-RX] [98] <0.00 -36.75 -4.24> result: 90.00 101.14 -79.45 0.00 90.58 0.00
[21:53:04.100] [ARM-RX] [99] <0.00 -37.46 -4.32> result: 90.00 101.31 -79.24 0.00 90.54 0.00
[21:53:04.121] [ARM-RX] [100] <0.00 -38.18 -4.41> result: 90.00 101.47 -79.02 0.00 90.50 0.00
[21:53:04.121] [ARM-RX] [101] <0.00 -38.89 -4.49> result: 90.00 101.64 -78.81 0.00 90.46 0.00
[21:53:04.122] [ARM-RX] [102] <0.00 -39.61 -4.57> result: 90.00 101.81 -78.60 0.00 90.41 0.00
[21:53:04.122] [ARM-RX] [103] <0.00 -40.32 -4.65> result: 90.00 1
[21:53:04.144] [ARM-RX] 01.98 -78.39 0.00 90.37 0.00
[21:53:04.144] [ARM-RX] [104] <0.00 -41.04 -4.74> result: 90.00 102.14 -78.18 0.00 90.32 0.00
[21:53:04.145] [ARM-RX] [105] <0.00 -41.75 -4.82> result: 90.00 102.31 -77.96 0.00 90.27 0.00
[21:53:04.145] [ARM-RX] [106] <0.00 -42.47 -4.90> result: 90.00 102.47 -77.75 0.00 90.22 0.00
[21:53:04.145] [ARM-RX] [107] <0.00 -
[21:53:04.168] [ARM-RX] 43.18 -4.98> result: 90.00 102.63 -77.54 0.00 90.17 0.00
[21:53:04.168] [ARM-RX] [108] <0.00 -43.90 -5.07> result: 90.00 102.79 -77.33 0.00 90.12 0.00
[21:53:04.168] [ARM-RX] [109] <0.00 -44.61 -5.15> result: 90.00 102.95 -77.11 0.00 90.07 0.00
[21:53:04.168] [ARM-RX] [110] <0.00 -45.33 -5.23> result: 90.00 103.12 -76.90 0.
[21:53:04.201] [ARM-RX] 00 90.02 0.00
[21:53:04.202] [ARM-RX] [111] <0.00 -46.05 -5.31> result: 90.00 103.27 -76.69 0.00 89.96 0.00
[21:53:04.202] [ARM-RX] [112] <0.00 -46.76 -5.40> result: 90.00 103.43 -76.47 0.00 89.91 0.00
[21:53:04.202] [ARM-RX] [113] <0.00 -47.48 -5.48> result: 90.00 103.59 -76.26 0.00 89.85 0.00
[21:53:04.202] [ARM-RX] [114] <0.00 -48.19 -5.56> re
[21:53:04.224] [ARM-RX] sult: 90.00 103.75 -76.05 0.00 89.80 0.00
[21:53:04.224] [ARM-RX] [115] <0.00 -48.91 -5.64> result: 90.00 103.91 -75.83 0.00 89.74 0.00
[21:53:04.224] [ARM-RX] [116] <0.00 -49.62 -5.73> result: 90.00 104.06 -75.62 0.00 89.68 0.00
[21:53:04.225] [ARM-RX] [117] <0.00 -50.34 -5.81> result: 90.00 104.22 -75.40 0.00 89.62 0.00
[21:53:04.247] [ARM-RX] [118] <0.00 -51.05 -5.89> result: 90.00 104.37 -75.19 0.00 89.56 0.00
[21:53:04.247] [ARM-RX] [119] <0.00 -51.77 -5.97> result: 90.00 104.53 -74.98 0.00 89.50 0.00
[21:53:04.248] [ARM-RX] [120] <0.00 -52.48 -6.06> result: 90.00 104.68 -74.76 0.00 89.44 0.00
[21:53:04.248] [ARM-RX] [121] <0.00 -53.20 -6.14> result: 90.00 104
[21:53:04.270] [ARM-RX] .83 -74.55 0.00 89.38 0.00
[21:53:04.271] [ARM-RX] [122] <0.00 -53.91 -6.22> result: 90.00 104.99 -74.33 0.00 89.32 0.00
[21:53:04.271] [ARM-RX] [123] <0.00 -54.63 -6.30> result: 90.00 105.14 -74.12 0.00 89.25 0.00
[21:53:04.271] [ARM-RX] [124] <0.00 -55.34 -6.39> result: 90.00 105.29 -73.90 0.00 89.19 0.00
[21:53:04.271] [ARM-RX] [125] <0.00 -56
[21:53:04.293] [ARM-RX] .06 -6.47> result: 90.00 105.44 -73.68 0.00 89.12 0.00
[21:53:04.294] [ARM-RX] [126] <0.00 -56.77 -6.55> result: 90.00 105.59 -73.47 0.00 89.06 0.00
[21:53:04.294] [ARM-RX] [127] <0.00 -57.49 -6.63> result: 90.00 105.74 -73.25 0.00 88.99 0.00
[21:53:04.295] [ARM-RX] [128] <0.00 -58.20 -6.72> result: 90.00 105.89 -73.04 0.00
[21:53:04.316] [ARM-RX] 88.93 0.00
[21:53:04.316] [ARM-RX] [129] <0.00 -58.92 -6.80> result: 90.00 106.04 -72.82 0.00 88.86 0.00
[21:53:04.316] [ARM-RX] [130] <0.00 -59.64 -6.88> result: 90.00 106.19 -72.60 0.00 88.79 0.00
[21:53:04.316] [ARM-RX] [131] <0.00 -60.35 -6.96> result: 90.00 106.33 -72.39 0.00 88.72 0.00
[21:53:04.316] [ARM-RX] [132] <0.00 -61.07 -7.05> resu
[21:53:04.340] [ARM-RX] lt: 90.00 106.48 -72.17 0.00 88.65 0.00
[21:53:04.340] [ARM-RX] [133] <0.00 -61.78 -7.13> result: 90.00 106.63 -71.95 0.00 88.58 0.00
[21:53:04.341] [ARM-RX] [134] <0.00 -62.50 -7.21> result: 90.00 106.77 -71.74 0.00 88.51 0.00
[21:53:04.341] [ARM-RX] [135] <0.00 -63.21 -7.29> result: 90.00 106.92 -71.52 0.00 88.44 0.00
[21:53:04.341] [ARM-RX] [1
[21:53:04.376] [ARM-RX] 36] <0.00 -63.93 -7.38> result: 90.00 107.07 -71.30 0.00 88.37 0.00
[21:53:04.376] [ARM-RX] [137] <0.00 -64.64 -7.46> result: 90.00 107.21 -71.09 0.00 88.30 0.00
[21:53:04.376] [ARM-RX] [138] <0.00 -65.36 -7.54> result: 90.00 107.36 -70.87 0.00 88.22 0.00
[21:53:04.376] [ARM-RX] [139] <0.00 -66.07 -7.62> result: 90.00 107.5
[21:53:04.397] [ARM-RX] 0 -70.65 0.00 88.15 0.00
[21:53:04.397] [ARM-RX] [140] <0.00 -66.79 -7.71> result: 90.00 107.64 -70.43 0.00 88.08 0.00
[21:53:04.398] [ARM-RX] [141] <0.00 -67.50 -7.79> result: 90.00 107.79 -70.21 0.00 88.00 0.00
[21:53:04.398] [ARM-RX] [142] <0.00 -68.22 -7.87> result: 90.00 107.93 -70.00 0.00 87.93 0.00
[21:53:04.398] [ARM-RX] [143] <0.00 -68.9
[21:53:04.418] [ARM-RX] 3 -7.95> result: 90.00 108.07 -69.78 0.00 87.85 0.00
[21:53:04.420] [ARM-RX] [144] <0.00 -69.65 -8.04> result: 90.00 108.22 -69.56 0.00 87.78 0.00
[21:53:04.420] [ARM-RX] [145] <0.00 -70.36 -8.12> result: 90.00 108.36 -69.34 0.00 87.70 0.00
[21:53:04.420] [ARM-RX] [146] <0.00 -71.08 -8.20> result: 90.00 108.50 -69.12 0.00 8
[21:53:04.442] [ARM-RX] 7.62 0.00
[21:53:04.442] [ARM-RX] [147] <0.00 -71.79 -8.28> result: 90.00 108.64 -68.90 0.00 87.54 0.00
[21:53:04.443] [ARM-RX] [148] <0.00 -72.51 -8.37> result: 90.00 108.78 -68.68 0.00 87.47 0.00
[21:53:04.443] [ARM-RX] [149] <0.00 -73.23 -8.45> result: 90.00 108.93 -68.46 0.00 87.39 0.00
[21:53:04.443] [ARM-RX] [150] <0.00 -73.94 -8.53> result
[21:53:04.469] [ARM-RX] : 90.00 109.07 -68.24 0.00 87.31 0.00
[21:53:04.469] [ARM-RX] [151] <0.00 -74.66 -8.61> result: 90.00 109.21 -68.02 0.00 87.23 0.00
[21:53:04.469] [ARM-RX] [152] <0.00 -75.37 -8.70> result: 90.00 109.35 -67.80 0.00 87.15 0.00
[21:53:04.470] [ARM-RX] [153] <0.00 -76.09 -8.78> result: 90.00 109.49 -67.58 0.00 87.07 0.00
[21:53:04.470] [ARM-RX] [154
[21:53:04.489] [ARM-RX] ] <0.00 -76.80 -8.86> result: 90.00 109.63 -67.36 0.00 86.99 0.00
[21:53:04.489] [ARM-RX] [155] <0.00 -77.52 -8.94> result: 90.00 109.76 -67.14 0.00 86.91 0.00
[21:53:04.489] [ARM-RX] [156] <0.00 -78.23 -9.03> result: 90.00 109.90 -66.92 0.00 86.83 0.00
[21:53:04.489] [ARM-RX] [157] <0.00 -78.95 -9.11> result: 90.00 110.04
[21:53:04.511] [ARM-RX] -66.70 0.00 86.74 0.00
[21:53:04.512] [ARM-RX] [158] <0.00 -79.66 -9.19> result: 90.00 110.18 -66.48 0.00 86.66 0.00
[21:53:04.512] [ARM-RX] [159] <0.00 -80.38 -9.27> result: 90.00 110.32 -66.26 0.00 86.58 0.00
[21:53:04.512] [ARM-RX] [160] <0.00 -81.09 -9.36> result: 90.00 110.46 -66.04 0.00 86.50 0.00
[21:53:04.512] [ARM-RX] [161] <0.00 -81.81
[21:53:04.534] [ARM-RX] -9.44> result: 90.00 110.60 -65.82 0.00 86.41 0.00
[21:53:04.535] [ARM-RX] [162] <0.00 -82.52 -9.52> result: 90.00 110.73 -65.59 0.00 86.33 0.00
[21:53:04.535] [ARM-RX] [163] <0.00 -83.24 -9.60> result: 90.00 110.87 -65.37 0.00 86.24 0.00
[21:53:04.535] [ARM-RX] [164] <0.00 -83.95 -9.69> result: 90.00 111.01 -65.15 0.00 86.
[21:53:04.568] [ARM-RX] 16 0.00
[21:53:04.569] [ARM-RX] [165] <0.00 -84.67 -9.77> result: 90.00 111.14 -64.93 0.00 86.07 0.00
[21:53:04.569] [ARM-RX] [166] <0.00 -85.38 -9.85> result: 90.00 111.28 -64.71 0.00 85.99 0.00
[21:53:04.569] [ARM-RX] [167] <0.00 -86.10 -9.93> result: 90.00 111.42 -64.48 0.00 85.90 0.00
[21:53:04.569] [ARM-RX] [168] <0.00 -86.81 -10.02> result:
[21:53:04.591] [ARM-RX] 90.00 111.55 -64.26 0.00 85.81 0.00
[21:53:04.592] [ARM-RX] [169] <0.00 -87.53 -10.10> result: 90.00 111.69 -64.04 0.00 85.73 0.00
[21:53:04.592] [ARM-RX] [170] <0.00 -88.25 -10.18> result: 90.00 111.83 -63.81 0.00 85.64 0.00
[21:53:04.592] [ARM-RX] [171] <0.00 -88.96 -10.26> result: 90.00 111.96 -63.59 0.00 85.55 0.00
[21:53:04.592] [ARM-RX] [1
[21:53:04.614] [ARM-RX] 72] <0.00 -89.68 -10.35> result: 90.00 112.10 -63.37 0.00 85.46 0.00
[21:53:04.614] [ARM-RX] [173] <0.00 -90.39 -10.43> result: 90.00 112.23 -63.14 0.00 85.38 0.00
[21:53:04.615] [ARM-RX] [174] <0.00 -91.11 -10.51> result: 90.00 112.37 -62.92 0.00 85.29 0.00
[21:53:04.615] [ARM-RX] [175] <0.00 -91.82 -10.59> result: 90.00 1
[21:53:04.637] [ARM-RX] 12.50 -62.70 0.00 85.20 0.00
[21:53:04.637] [ARM-RX] [176] <0.00 -92.54 -10.68> result: 90.00 112.64 -62.47 0.00 85.11 0.00
[21:53:04.637] [ARM-RX] [177] <0.00 -93.25 -10.76> result: 90.00 112.77 -62.25 0.00 85.02 0.00
[21:53:04.638] [ARM-RX] [178] <0.00 -93.97 -10.84> result: 90.00 112.91 -62.02 0.00 84.93 0.00
[21:53:04.638] [ARM-RX] [179] <0.0
[21:53:04.662] [ARM-RX] 0 -94.68 -10.92> result: 90.00 113.04 -61.80 0.00 84.84 0.00
[21:53:04.663] [ARM-RX] [180] <0.00 -95.40 -11.01> result: 90.00 113.18 -61.57 0.00 84.75 0.00
[21:53:04.663] [ARM-RX] [181] <0.00 -96.11 -11.09> result: 90.00 113.31 -61.35 0.00 84.66 0.00
[21:53:04.663] [ARM-RX] [182] <0.00 -96.83 -11.17> result: 90.00 113.44 -6
[21:53:04.684] [ARM-RX] 1.12 0.00 84.57 0.00
[21:53:04.684] [ARM-RX] [183] <0.00 -97.54 -11.26> result: 90.00 113.58 -60.90 0.00 84.48 0.00
[21:53:04.684] [ARM-RX] [184] <0.00 -98.26 -11.34> result: 90.00 113.71 -60.67 0.00 84.38 0.00
[21:53:04.684] [ARM-RX] [185] <0.00 -98.97 -11.42> result: 90.00 113.85 -60.45 0.00 84.29 0.00
[21:53:04.685] [ARM-RX] [186] <0.00 -99.68
[21:53:04.706] [ARM-RX] -11.50> result: 90.00 113.98 -60.22 0.00 84.20 0.00
[21:53:04.707] [ARM-RX] [187] <0.00 -100.39 -11.58> result: 90.00 114.11 -60.00 0.00 84.11 0.00
[21:53:04.707] [ARM-RX] [188] <0.00 -101.10 -11.67> result: 90.00 114.24 -59.77 0.00 84.01 0.00
[21:53:04.707] [ARM-RX] [189] <0.00 -101.80 -11.75> result: 90.00 114.37 -59.55
[21:53:04.741] [ARM-RX] 0.00 83.92 0.00
[21:53:04.742] [ARM-RX] [190] <0.00 -102.51 -11.83> result: 90.00 114.50 -59.33 0.00 83.83 0.00
[21:53:04.742] [ARM-RX] [191] <0.00 -103.20 -11.91> result: 90.00 114.63 -59.10 0.00 83.74 0.00
[21:53:04.742] [ARM-RX] [192] <0.00 -103.90 -11.99> result: 90.00 114.76 -58.88 0.00 83.65 0.00
[21:53:04.742] [ARM-RX] [193] <0.00 -104.59
[21:53:04.765] [ARM-RX] -12.07> result: 90.00 114.89 -58.66 0.00 83.56 0.00
[21:53:04.766] [ARM-RX] [194] <0.00 -105.28 -12.15> result: 90.00 115.02 -58.44 0.00 83.46 0.00
[21:53:04.767] [ARM-RX] [195] <0.00 -105.96 -12.23> result: 90.00 115.15 -58.23 0.00 83.37 0.00
[21:53:04.767] [ARM-RX] [196] <0.00 -106.63 -12.30> result: 90.00 115.27 -58.01 0
[21:53:04.785] [ARM-RX] .00 83.28 0.00
[21:53:04.787] [ARM-RX] [197] <0.00 -107.30 -12.38> result: 90.00 115.40 -57.80 0.00 83.19 0.00
[21:53:04.787] [ARM-RX] [198] <0.00 -107.97 -12.46> result: 90.00 115.52 -57.59 0.00 83.10 0.00
[21:53:04.787] [ARM-RX] [199] <0.00 -108.62 -12.53> result: 90.00 115.64 -57.38 0.00 83.02 0.00
[21:53:04.787] [ARM-RX] [200] <0.00 -109.28 -
[21:53:04.809] [ARM-RX] 12.61> result: 90.00 115.76 -57.17 0.00 82.93 0.00
[21:53:04.810] [ARM-RX] [201] <0.00 -109.92 -12.68> result: 90.00 115.88 -56.96 0.00 82.84 0.00
[21:53:04.810] [ARM-RX] [202] <0.00 -110.56 -12.76> result: 90.00 116.00 -56.76 0.00 82.75 0.00
[21:53:04.810] [ARM-RX] [203] <0.00 -111.19 -12.83> result: 90.00 116.11 -56.55 0.
[21:53:04.832] [ARM-RX] 00 82.67 0.00
[21:53:04.832] [ARM-RX] [204] <0.00 -111.81 -12.90> result: 90.00 116.23 -56.36 0.00 82.58 0.00
[21:53:04.833] [ARM-RX] [205] <0.00 -112.42 -12.97> result: 90.00 116.34 -56.16 0.00 82.50 0.00
[21:53:04.833] [ARM-RX] [206] <0.00 -113.02 -13.04> result: 90.00 116.45 -55.96 0.00 82.42 0.00
[21:53:04.833] [ARM-RX] [207] <0.00 -113.62 -1
[21:53:04.855] [ARM-RX] 3.11> result: 90.00 116.56 -55.77 0.00 82.33 0.00
[21:53:04.855] [ARM-RX] [208] <0.00 -114.21 -13.18> result: 90.00 116.67 -55.58 0.00 82.25 0.00
[21:53:04.856] [ARM-RX] [209] <0.00 -114.79 -13.24> result: 90.00 116.78 -55.40 0.00 82.17 0.00
[21:53:04.856] [ARM-RX] [210] <0.00 -115.35 -13.31> result: 90.00 116.88 -55.21 0.0
[21:53:04.878] [ARM-RX] 0 82.10 0.00
[21:53:04.878] [ARM-RX] [211] <0.00 -115.91 -13.37> result: 90.00 116.99 -55.03 0.00 82.02 0.00
[21:53:04.878] [ARM-RX] [212] <0.00 -116.46 -13.44> result: 90.00 117.09 -54.86 0.00 81.94 0.00
[21:53:04.879] [ARM-RX] [213] <0.00 -117.00 -13.50> result: 90.00 117.19 -54.68 0.00 81.87 0.00
[21:53:04.879] [ARM-RX] [214] <0.00 -117.53 -13
[21:53:04.901] [ARM-RX] .56> result: 90.00 117.28 -54.51 0.00 81.79 0.00
[21:53:04.901] [ARM-RX] [215] <0.00 -118.04 -13.62> result: 90.00 117.38 -54.34 0.00 81.72 0.00
[21:53:04.901] [ARM-RX] [216] <0.00 -118.55 -13.68> result: 90.00 117.47 -54.18 0.00 81.65 0.00
[21:53:04.901] [ARM-RX] [217] <0.00 -119.05 -13.74> result: 90.00 117.56 -54.02 0.00
[21:53:04.938] [ARM-RX] 81.58 0.00
[21:53:04.938] [ARM-RX] [218] <0.00 -119.53 -13.79> result: 90.00 117.65 -53.86 0.00 81.51 0.00
[21:53:04.938] [ARM-RX] [219] <0.00 -120.00 -13.85> result: 90.00 117.74 -53.71 0.00 81.45 0.00
[21:53:04.939] [ARM-RX] [220] <0.00 -120.47 -13.90> result: 90.00 117.82 -53.56 0.00 81.38 0.00
[21:53:04.939] [ARM-RX] [221] <0.00 -120.92 -13.
[21:53:04.959] [ARM-RX] 95> result: 90.00 117.91 -53.41 0.00 81.32 0.00
[21:53:04.959] [ARM-RX] [222] <0.00 -121.35 -14.00> result: 90.00 117.99 -53.27 0.00 81.25 0.00
[21:53:04.960] [ARM-RX] [223] <0.00 -121.78 -14.05> result: 90.00 118.07 -53.13 0.00 81.19 0.00
[21:53:04.960] [ARM-RX] [224] <0.00 -122.20 -14.10> result: 90.00 118.14 -52.99 0.00
[21:53:04.985] [ARM-RX] 81.13 0.00
[21:53:04.985] [ARM-RX] [225] <0.00 -122.60 -14.15> result: 90.00 118.22 -52.86 0.00 81.08 0.00
[21:53:04.985] [ARM-RX] [226] <0.00 -122.99 -14.19> result: 90.00 118.29 -52.73 0.00 81.02 0.00
[21:53:04.985] [ARM-RX] [227] <0.00 -123.37 -14.24> result: 90.00 118.36 -52.61 0.00 80.97 0.00
[21:53:04.985] [ARM-RX] [228] <0.00 -123.74 -14.2
[21:53:05.006] [ARM-RX] 8> result: 90.00 118.43 -52.49 0.00 80.91 0.00
[21:53:05.006] [ARM-RX] [229] <0.00 -124.10 -14.32> result: 90.00 118.49 -52.37 0.00 80.86 0.00
[21:53:05.006] [ARM-RX] [230] <0.00 -124.44 -14.36> result: 90.00 118.55 -52.26 0.00 80.81 0.00
[21:53:05.006] [ARM-RX] [231] <0.00 -124.77 -14.40> result: 90.00 118.62 -52.15 0.00 8
[21:53:05.032] [ARM-RX] 0.77 0.00
[21:53:05.032] [ARM-RX] [232] <0.00 -125.09 -14.43> result: 90.00 118.67 -52.05 0.00 80.72 0.00
[21:53:05.032] [ARM-RX] [233] <0.00 -125.40 -14.47> result: 90.00 118.73 -51.94 0.00 80.68 0.00
[21:53:05.033] [ARM-RX] [234] <0.00 -125.70 -14.50> result: 90.00 118.79 -51.85 0.00 80.63 0.00
[21:53:05.033] [ARM-RX] [235] <0.00 -125.98 -14.54
[21:53:05.051] [ARM-RX] > result: 90.00 118.84 -51.75 0.00 80.59 0.00
[21:53:05.052] [ARM-RX] [236] <0.00 -126.26 -14.57> result: 90.00 118.89 -51.66 0.00 80.55 0.00
[21:53:05.052] [ARM-RX] [237] <0.00 -126.52 -14.60> result: 90.00 118.94 -51.58 0.00 80.52 0.00
[21:53:05.052] [ARM-RX] [238] <0.00 -126.77 -14.63> result: 90.00 118.98 -51.50 0.00 80
[21:53:05.073] [ARM-RX] .48 0.00
[21:53:05.073] [ARM-RX] [239] <0.00 -127.01 -14.66> result: 90.00 119.03 -51.42 0.00 80.44 0.00
[21:53:05.073] [ARM-RX] [240] <0.00 -127.24 -14.68> result: 90.00 119.07 -51.34 0.00 80.41 0.00
[21:53:05.074] [ARM-RX] [241] <0.00 -127.46 -14.71> result: 90.00 119.11 -51.27 0.00 80.38 0.00
[21:53:05.074] [ARM-RX] [242] <0.00 -127.66 -14.73>
[21:53:05.110] [ARM-RX] result: 90.00 119.15 -51.20 0.00 80.35 0.00
[21:53:05.110] [ARM-RX] [243] <0.00 -127.86 -14.75> result: 90.00 119.18 -51.14 0.00 80.32 0.00
[21:53:05.110] [ARM-RX] [244] <0.00 -128.04 -14.77> result: 90.00 119.22 -51.08 0.00 80.30 0.00
[21:53:05.110] [ARM-RX] [245] <0.00 -128.22 -14.79> result: 90.00 119.25 -51.02 0.00 80.
[21:53:05.131] [ARM-RX] 27 0.00
[21:53:05.131] [ARM-RX] [246] <0.00 -128.38 -14.81> result: 90.00 119.28 -50.97 0.00 80.25 0.00
[21:53:05.131] [ARM-RX] [247] <0.00 -128.53 -14.83> result: 90.00 119.31 -50.92 0.00 80.22 0.00
[21:53:05.131] [ARM-RX] [248] <0.00 -128.68 -14.85> result: 90.00 119.33 -50.87 0.00 80.20 0.00
[21:53:05.133] [ARM-RX] [249] <0.00 -128.82 -14.86>
[21:53:05.154] [ARM-RX] result: 90.00 119.36 -50.82 0.00 80.18 0.00
[21:53:05.154] [ARM-RX] [250] <0.00 -128.94 -14.88> result: 90.00 119.38 -50.78 0.00 80.16 0.00
[21:53:05.154] [ARM-RX] [251] <0.00 -129.06 -14.89> result: 90.00 119.40 -50.74 0.00 80.15 0.00
[21:53:05.155] [ARM-RX] [252] <0.00 -129.17 -14.90> result: 90.00 119.42 -50.71 0.00 80.1
[21:53:05.178] [ARM-RX] 3 0.00
[21:53:05.178] [ARM-RX] [253] <0.00 -129.27 -14.92> result: 90.00 119.44 -50.68 0.00 80.12 0.00
[21:53:05.178] [ARM-RX] [254] <0.00 -129.36 -14.93> result: 90.00 119.46 -50.65 0.00 80.10 0.00
[21:53:05.179] [ARM-RX] [255] <0.00 -129.44 -14.94> result: 90.00 119.47 -50.62 0.00 80.09 0.00
[21:53:05.179] [ARM-RX] [256] <0.00 -129.52 -14.94> r
[21:53:05.200] [ARM-RX] esult: 90.00 119.49 -50.59 0.00 80.08 0.00
[21:53:05.200] [ARM-RX] [257] <0.00 -129.59 -14.95> result: 90.00 119.50 -50.57 0.00 80.07 0.00
[21:53:05.201] [ARM-RX] [258] <0.00 -129.65 -14.96> result: 90.00 119.51 -50.55 0.00 80.06 0.00
[21:53:05.201] [ARM-RX] [259] <0.00 -129.71 -14.97> result: 90.00 119.52 -50.53 0.00 80.05
[21:53:05.226] [ARM-RX] 0.00
[21:53:05.226] [ARM-RX] [260] <0.00 -129.76 -14.97> result: 90.00 119.53 -50.51 0.00 80.05 0.00
[21:53:05.226] [ARM-RX] [261] <0.00 -129.80 -14.98> result: 90.00 119.54 -50.50 0.00 80.04 0.00
[21:53:05.227] [ARM-RX] [262] <0.00 -129.84 -14.98> result: 90.00 119.55 -50.49 0.00 80.03 0.00
[21:53:05.227] [ARM-RX] [263] <0.00 -129.87 -14.99> re
[21:53:05.247] [ARM-RX] sult: 90.00 119.55 -50.48 0.00 80.03 0.00
[21:53:05.247] [ARM-RX] [264] <0.00 -129.90 -14.99> result: 90.00 119.56 -50.47 0.00 80.02 0.00
[21:53:05.247] [ARM-RX] [265] <0.00 -129.92 -14.99> result: 90.00 119.56 -50.46 0.00 80.02 0.00
[21:53:05.247] [ARM-RX] [266] <0.00 -129.94 -14.99> result: 90.00 119.57 -50.45 0.00 80.02
[21:53:05.271] [ARM-RX] 0.00
[21:53:05.271] [ARM-RX] [267] <0.00 -129.96 -15.00> result: 90.00 119.57 -50.45 0.00 80.02 0.00
[21:53:05.272] [ARM-RX] [268] <0.00 -129.97 -15.00> result: 90.00 119.57 -50.44 0.00 80.01 0.00
[21:53:05.272] [ARM-RX] [269] <0.00 -129.98 -15.00> result: 90.00 119.57 -50.44 0.00 80.01 0.00
[21:53:05.272] [ARM-RX] [270] <0.00 -129.99 -15.00> res
[21:53:05.302] [ARM-RX] ult: 90.00 119.57 -50.44 0.00 80.01 0.00
[21:53:05.304] [ARM-RX] [271] <0.00 -129.99 -15.00> result: 90.00 119.58 -50.44 0.00 80.01 0.00
[21:53:05.304] [ARM-RX] [272] <0.00 -130.00 -15.00> result: 90.00 119.58 -50.43 0.00 80.01 0.00
[21:53:05.304] [ARM-RX] [273] <0.00 -130.00 -15.00> result: 90.00 119.58 -50.43 0.00 80.01 0
[21:53:05.328] [ARM-RX] .00
[21:53:05.329] [ARM-RX] [274] <0.00 -130.00 -15.00> result: 90.00 119.58 -50.43 0.00 80.01 0.00
[21:53:05.329] [ARM-RX] [275] <0.00 -130.00 -15.00> result: 90.00 119.58 -50.43 0.00 80.01 0.00
[21:53:05.329] [ARM-RX] [276] <0.00 -130.00 -15.00> result: 90.00 119.58 -50.43 0.00 80.01 0.00
[21:53:05.386] [ARM-RX] lid=1
[21:53:08.239] [ARM-RX] [joint 1] ave_error:0.00
[21:53:08.241] [ARM-RX] [joint 2] ave_error:1.85
[21:53:08.241] [ARM-RX] [joint 3] ave_error:2.08
[21:53:08.241] [ARM-RX] [joint 4] ave_error:0.00
[21:53:08.241] [ARM-RX] [joint 5] ave_error:0.69
[21:53:08.241] [ARM-RX] robot pid run finished!!
[21:53:08.301] [ARM-RX] [joint_id: 0] ROBOT_JOINT_ABS_ROTATE 65.000000
[21:53:09.550] [ARM-RX] [joint_id: 3] ROBOT_JOINT_ABS_ROTATE 330.000000
[21:53:11.041] [ARM-RX] [joint_id: 4] ROBOT_JOINT_ABS_ROTATE 85.000000
[21:53:11.353] [JETSON-RX] A5 5A 01 81 64 03 10 01 00 64 08
[21:53:11.353] [JETSON-STATUS] CAPTURE_POINT_LEFT: A5 5A 01 81 64 03 10 01 00 64 08
[21:53:15.562] [JETSON-TX] CAPTURE_CTRL a=1 p=2: A5 5A 01 04 92 02 01 02 FD 23
[21:53:15.600] [ARM-RX] [JETSON_RX] capture_ctrl action=1 point=2
[21:53:15.600] [ARM-RX] [CAPTURE] request action=1 point=2
[21:53:15.600] [ARM-RX] ROBOT_AUTO_EVENT
[21:53:15.600] [ARM-RX] AUTO slow profile scale=0.40 target=<0.00 -130.00 -15.00>
[21:53:15.600] [ARM-RX] [0] <0.00 -130.00 -15.00> result: 90.00 119.58 -50.43 0.00 80.
[21:53:15.655] [ARM-RX] 01 0.00
[21:53:15.717] [ARM-RX] [joint 1] ave_error:64.97
[21:53:15.718] [ARM-RX] [joint 2] ave_error:119.35
[21:53:15.718] [ARM-RX] [joint 3] ave_error:51.06
[21:53:15.719] [ARM-RX] [joint 4] ave_error:29.96
[21:53:15.719] [ARM-RX] [joint 5] ave_error:84.95
[21:53:15.719] [ARM-RX] robot pid run finished!!
[21:53:16.585] [ARM-RX] AUTO final confirm failed: joint 3 err=29.85deg tol=3.00, pose invalid.
[21:53:16.586] [ARM-RX] J1 cur=64.87 target=90.00 err=25.13
[21:53:16.587] [ARM-RX] J2 cur=119.29 target=119.58 err=0.28
[21:53:16.587] [ARM-RX] J3 cur=-50.96 target=-50.43 err=0.52
[21:53:16.587] [ARM-RX] J4 cur=-29.85 target=0.00 err=29.85
[21:53:16.588] [ARM-RX] J5 cur=84.73 target=80.
[21:53:16.652] [JETSON-RX] A5 5A 01 FE 9C 01 08 E8 50
[21:53:16.652] [ARM-RX] 01 err=-4.72
[21:53:16.652] [JETSON-STATUS] SAFETY_ERROR: A5 5A 01 FE 9C 01 08 E8 50
[21:53:18.829] [ARM-RX] [JETSON_RX] crc failed type=0xA5 rx=0x04B1 calc=0x4FDB
[21:53:26.799] [JETSON-TX] CAPTURE_CTRL a=2 p=0: A5 5A 01 04 04 02 02 00 51 9A
[21:53:26.874] [ARM-RX] [JETSON_RX] capture_ctrl action=2 point=0
[21:53:26.874] [ARM-RX] [CAPTURE] request action=2 point=0
[21:53:26.874] [ARM-RX] ROBOT_SOFT_RESET_EVENT
[21:53:26.874] [ARM-RX] --- Starting soft reset ---
[21:53:27.061] [ARM-RX] Soft reset motors enabled (J1~J5, J6 skipped).
[21:53:27.061] [ARM-RX] Soft resetting joint 4...
[21:53:27.123] [ARM-RX] robot_update_current_angle 4...
[21:53:27.123] [ARM-RX] [4] current:84.73, target:90.00, dir:1
[21:53:27.746] [ARM-RX] Soft resetting joint 3...
[21:53:27.807] [ARM-RX] robot_update_current_angle 3...
[21:53:27.807] [ARM-RX] [3] current:-29.85, target:0.00, dir:1
[21:53:29.735] [ARM-RX] soft reset joint 3 settle timeout, keep going
[21:53:29.735] [ARM-RX] Soft resetting joint 1...
[21:53:29.735] [ARM-RX] robot_update_current_angle 1...
[21:53:29.735] [ARM-RX] [1] current:119.29, target:90.00, dir:-1
[21:53:31.668] [ARM-RX] soft reset joint 1 settle timeout, keep going
[21:53:31.668] [ARM-RX] Soft resetting joint 2...
[21:53:31.668] [ARM-RX] robot_update_current_angle 2...
[21:53:31.668] [ARM-RX] [2] current:-50.96, target:-90.00, dir:-1
[21:53:33.852] [ARM-RX] soft reset joint 2 settle timeout, keep going
[21:53:33.852] [ARM-RX] Soft resetting joint 0...
[21:53:33.915] [ARM-RX] robot_update_current_angle 0...
[21:53:33.915] [ARM-RX] [0] current:64.87, target:90.00, dir:1
[21:53:35.719] [ARM-RX] soft reset joint 0 settle timeout, keep going
[21:53:35.719] [ARM-RX] soft reset verify not pass, start refine loop...
[21:53:35.844] [ARM-RX] soft reset refine joint 0 round 1: cur=86.92 target=90.00 err=3.08 dir=1
[21:53:36.592] [ARM-RX] soft reset refine pass 1 success.
[21:53:36.592] [ARM-RX] soft reset final verify PASS (issues:4), pose set HOME.
[21:53:36.638] [JETSON-RX] A5 5A 01 81 63 03 11 01 00 80 08
[21:53:36.638] [JETSON-STATUS] CAPTURE_DONE_HOME: A5 5A 01 81 63 03 11 01 00 80 08
[21:53:38.862] [JETSON-TX] CAPTURE_CTRL a=1 p=2: A5 5A 01 04 7E 02 01 02 C9 B3
[21:53:38.891] [ARM-RX] [JETSON_RX] capture_ctrl action=1 point=2
[21:53:38.891] [ARM-RX] [CAPTURE] request action=1 point=2
[21:53:38.892] [ARM-RX] RO
[21:53:38.915] [ARM-RX] BOT_AUTO_EVENT
[21:53:38.916] [ARM-RX] AUTO slow profile scale=0.40 target=<0.00 -130.00 -15.00>
[21:53:38.916] [ARM-RX] [0] <0.00 0.00 0.00> result: 90.00 90.00 -90.00 0.00 90.00 0.00
[21:53:38.916] [ARM-RX] [1] <0.00 -0.00 -0.00> result: 90.00 90.00 -90.00 0.00 90.00 0.00
[21:53:38.916] [ARM-RX] [2] <0.00 -0.00 -0.00> result: 90.00 90.00 -90.00
[21:53:38.939] [ARM-RX] 0.00 90.00 0.00
[21:53:38.939] [ARM-RX] [3] <0.00 -0.00 -0.00> result: 90.00 90.00 -90.00 0.00 90.00 0.00
[21:53:38.939] [ARM-RX] [4] <0.00 -0.01 -0.00> result: 90.00 90.00 -90.00 0.00 90.00 0.00
[21:53:38.939] [ARM-RX] [5] <0.00 -0.01 -0.00> result: 90.00 90.00 -90.00 0.00 90.00 0.00
[21:53:38.940] [ARM-RX] [6] <0.00 -0.02 -0.00> result: 90.00 9
[21:53:38.960] [ARM-RX] 0.01 -90.00 0.00 90.00 0.00
[21:53:38.960] [ARM-RX] [7] <0.00 -0.03 -0.00> result: 90.00 90.01 -89.99 0.00 90.00 0.00
[21:53:38.960] [ARM-RX] [8] <0.00 -0.04 -0.00> result: 90.00 90.02 -89.99 0.00 90.01 0.00
[21:53:38.960] [ARM-RX] [9] <0.00 -0.06 -0.01> result: 90.00 90.02 -89.98 0.00 90.01 0.00
[21:53:38.962] [ARM-RX] [10] <0.00 -0.08 -0.01> re
[21:53:38.984] [ARM-RX] sult: 90.00 90.03 -89.98 0.00 90.01 0.00
[21:53:38.984] [ARM-RX] [11] <0.00 -0.10 -0.01> result: 90.00 90.04 -89.97 0.00 90.01 0.00
[21:53:38.984] [ARM-RX] [12] <0.00 -0.13 -0.01> result: 90.00 90.05 -89.96 0.00 90.02 0.00
[21:53:38.985] [ARM-RX] [13] <0.00 -0.16 -0.02> result: 90.00 90.07 -89.96 0.00 90.02 0.00
[21:53:38.985] [ARM-RX] [14] <0.00
[21:53:39.007] [ARM-RX] -0.20 -0.02> result: 90.00 90.08 -89.95 0.00 90.03 0.00
[21:53:39.007] [ARM-RX] [15] <0.00 -0.24 -0.03> result: 90.00 90.10 -89.93 0.00 90.03 0.00
[21:53:39.007] [ARM-RX] [16] <0.00 -0.29 -0.03> result: 90.00 90.12 -89.92 0.00 90.04 0.00
[21:53:39.007] [ARM-RX] [17] <0.00 -0.35 -0.04> result: 90.00 90.14 -89.90 0.00 90.05
[21:53:39.029] [ARM-RX] 0.00
[21:53:39.029] [ARM-RX] [18] <0.00 -0.41 -0.05> result: 90.00 90.17 -89.89 0.00 90.06 0.00
[21:53:39.030] [ARM-RX] [19] <0.00 -0.48 -0.06> result: 90.00 90.20 -89.87 0.00 90.07 0.00
[21:53:39.030] [ARM-RX] [20] <0.00 -0.56 -0.06> result: 90.00 90.23 -89.85 0.00 90.08 0.00
[21:53:39.030] [ARM-RX] [21] <0.00 -0.64 -0.07> result: 90.00 90.26 -8
[21:53:39.052] [ARM-RX] 9.82 0.00 90.09 0.00
[21:53:39.052] [ARM-RX] [22] <0.00 -0.73 -0.08> result: 90.00 90.30 -89.80 0.00 90.10 0.00
[21:53:39.053] [ARM-RX] [23] <0.00 -0.83 -0.10> result: 90.00 90.34 -89.77 0.00 90.11 0.00
[21:53:39.053] [ARM-RX] [24] <0.00 -0.94 -0.11> result: 90.00 90.39 -89.74 0.00 90.13 0.00
[21:53:39.053] [ARM-RX] [25] <0.00 -1.06 -0.12> result
[21:53:39.086] [ARM-RX] : 90.00 90.43 -89.71 0.00 90.14 0.00
[21:53:39.087] [ARM-RX] [26] <0.00 -1.18 -0.14> result: 90.00 90.48 -89.67 0.00 90.16 0.00
[21:53:39.087] [ARM-RX] [27] <0.00 -1.32 -0.15> result: 90.00 90.54 -89.64 0.00 90.17 0.00
[21:53:39.087] [ARM-RX] [28] <0.00 -1.46 -0.17> result: 90.00 90.60 -89.60 0.00 90.19 0.00
[21:53:39.087] [ARM-RX] [29] <0.00 -1.
[21:53:39.109] [ARM-RX] 62 -0.19> result: 90.00 90.66 -89.55 0.00 90.21 0.00
[21:53:39.110] [ARM-RX] [30] <0.00 -1.78 -0.21> result: 90.00 90.72 -89.51 0.00 90.23 0.00
[21:53:39.110] [ARM-RX] [31] <0.00 -1.96 -0.23> result: 90.00 90.79 -89.46 0.00 90.25 0.00
[21:53:39.110] [ARM-RX] [32] <0.00 -2.14 -0.25> result: 90.00 90.87 -89.41 0.00 90.27 0.00
[21:53:39.132] [ARM-RX] [33] <0.00 -2.34 -0.27> result: 90.00 90.94 -89.35 0.00 90.30 0.00
[21:53:39.133] [ARM-RX] [34] <0.00 -2.54 -0.29> result: 90.00 91.02 -89.30 0.00 90.32 0.00
[21:53:39.133] [ARM-RX] [35] <0.00 -2.76 -0.32> result: 90.00 91.11 -89.24 0.00 90.34 0.00
[21:53:39.133] [ARM-RX] [36] <0.00 -2.99 -0.34> result: 90.00 91.20 -89.17
[21:53:39.155] [ARM-RX] 0.00 90.37 0.00
[21:53:39.155] [ARM-RX] [37] <0.00 -3.23 -0.37> result: 90.00 91.29 -89.10 0.00 90.39 0.00
[21:53:39.156] [ARM-RX] [38] <0.00 -3.48 -0.40> result: 90.00 91.38 -89.04 0.00 90.42 0.00
[21:53:39.156] [ARM-RX] [39] <0.00 -3.74 -0.43> result: 90.00 91.48 -88.96 0.00 90.45 0.00
[21:53:39.156] [ARM-RX] [40] <0.00 -4.02 -0.46> result: 90
[21:53:39.178] [ARM-RX] .00 91.59 -88.89 0.00 90.47 0.00
[21:53:39.178] [ARM-RX] [41] <0.00 -4.30 -0.50> result: 90.00 91.69 -88.81 0.00 90.50 0.00
[21:53:39.179] [ARM-RX] [42] <0.00 -4.60 -0.53> result: 90.00 91.81 -88.72 0.00 90.53 0.00
[21:53:39.179] [ARM-RX] [43] <0.00 -4.91 -0.57> result: 90.00 91.92 -88.64 0.00 90.56 0.00
[21:53:39.179] [ARM-RX] [44] <0.00 -5.23 -
[21:53:39.201] [ARM-RX] 0.60> result: 90.00 92.04 -88.55 0.00 90.58 0.00
[21:53:39.201] [ARM-RX] [45] <0.00 -5.56 -0.64> result: 90.00 92.16 -88.45 0.00 90.61 0.00
[21:53:39.202] [ARM-RX] [46] <0.00 -5.90 -0.68> result: 90.00 92.28 -88.36 0.00 90.64 0.00
[21:53:39.202] [ARM-RX] [47] <0.00 -6.26 -0.72> result: 90.00 92.41 -88.26 0.00 90.67 0.00
[21:53:39.202] [ARM-RX] [4
[21:53:39.224] [ARM-RX] 8] <0.00 -6.63 -0.76> result: 90.00 92.55 -88.15 0.00 90.70 0.00
[21:53:39.224] [ARM-RX] [49] <0.00 -7.01 -0.81> result: 90.00 92.68 -88.05 0.00 90.73 0.00
[21:53:39.224] [ARM-RX] [50] <0.00 -7.40 -0.85> result: 90.00 92.82 -87.94 0.00 90.76 0.00
[21:53:39.225] [ARM-RX] [51] <0.00 -7.80 -0.90> result: 90.00 92.96 -87.82 0.0
[21:53:39.247] [ARM-RX] 0 90.78 0.00
[21:53:39.247] [ARM-RX] [52] <0.00 -8.22 -0.95> result: 90.00 93.10 -87.71 0.00 90.81 0.00
[21:53:39.248] [ARM-RX] [53] <0.00 -8.65 -1.00> result: 90.00 93.25 -87.58 0.00 90.84 0.00
[21:53:39.248] [ARM-RX] [54] <0.00 -9.08 -1.05> result: 90.00 93.40 -87.46 0.00 90.86 0.00
[21:53:39.249] [ARM-RX] [55] <0.00 -9.53 -1.10> result: 90.00
[21:53:39.281] [ARM-RX] 93.55 -87.33 0.00 90.89 0.00
[21:53:39.282] [ARM-RX] [56] <0.00 -10.00 -1.15> result: 90.00 93.71 -87.20 0.00 90.91 0.00
[21:53:39.282] [ARM-RX] [57] <0.00 -10.47 -1.21> result: 90.00 93.87 -87.07 0.00 90.94 0.00
[21:53:39.282] [ARM-RX] [58] <0.00 -10.95 -1.26> result: 90.00 94.03 -86.93 0.00 90.96 0.00
[21:53:39.283] [ARM-RX] [59] <0.00 -11.45 -
[21:53:39.304] [ARM-RX] 1.32> result: 90.00 94.19 -86.79 0.00 90.98 0.00
[21:53:39.304] [ARM-RX] [60] <0.00 -11.96 -1.38> result: 90.00 94.35 -86.65 0.00 91.00 0.00
[21:53:39.304] [ARM-RX] [61] <0.00 -12.47 -1.44> result: 90.00 94.52 -86.50 0.00 91.02 0.00
[21:53:39.305] [ARM-RX] [62] <0.00 -13.00 -1.50> result: 90.00 94.69 -86.35 0.00 91.04 0.00
[21:53:39.327] [ARM-RX] [63] <0.00 -13.54 -1.56> result: 90.00 94.86 -86.19 0.00 91.05 0.00
[21:53:39.328] [ARM-RX] [64] <0.00 -14.09 -1.63> result: 90.00 95.03 -86.04 0.00 91.07 0.00
[21:53:39.328] [ARM-RX] [65] <0.00 -14.65 -1.69> result: 90.00 95.20 -85.88 0.00 91.08 0.00
[21:53:39.328] [ARM-RX] [66] <0.00 -15.21 -1.76> result: 90.00 95.38 -85
[21:53:39.350] [ARM-RX] .72 0.00 91.09 0.00
[21:53:39.350] [ARM-RX] [67] <0.00 -15.79 -1.82> result: 90.00 95.55 -85.55 0.00 91.10 0.00
[21:53:39.350] [ARM-RX] [68] <0.00 -16.38 -1.89> result: 90.00 95.73 -85.38 0.00 91.11 0.00
[21:53:39.352] [ARM-RX] [69] <0.00 -16.97 -1.96> result: 90.00 95.91 -85.21 0.00 91.12 0.00
[21:53:39.352] [ARM-RX] [70] <0.00 -17.58 -2.03> res
[21:53:39.376] [ARM-RX] ult: 90.00 96.09 -85.04 0.00 91.13 0.00
[21:53:39.377] [ARM-RX] [71] <0.00 -18.19 -2.10> result: 90.00 96.27 -84.86 0.00 91.13 0.00
[21:53:39.377] [ARM-RX] [72] <0.00 -18.81 -2.17> result: 90.00 96.45 -84.68 0.00 91.13 0.00
[21:53:39.377] [ARM-RX] [73] <0.00 -19.44 -2.24> result: 90.00 96.63 -84.50 0.00 91.13 0.00
[21:53:39.377] [ARM-RX] [74] <0.
[21:53:39.399] [ARM-RX] 00 -20.08 -2.32> result: 90.00 96.81 -84.32 0.00 91.13 0.00
[21:53:39.399] [ARM-RX] [75] <0.00 -20.72 -2.39> result: 90.00 97.00 -84.13 0.00 91.13 0.00
[21:53:39.399] [ARM-RX] [76] <0.00 -21.37 -2.47> result: 90.00 97.18 -83.94 0.00 91.12 0.00
[21:53:39.399] [ARM-RX] [77] <0.00 -22.03 -2.54> result: 90.00 97.36 -83.75 0.00
[21:53:39.420] [ARM-RX] 91.12 0.00
[21:53:39.420] [ARM-RX] [78] <0.00 -22.70 -2.62> result: 90.00 97.55 -83.56 0.00 91.11 0.00
[21:53:39.421] [ARM-RX] [79] <0.00 -23.37 -2.70> result: 90.00 97.73 -83.37 0.00 91.10 0.00
[21:53:39.421] [ARM-RX] [80] <0.00 -24.04 -2.77> result: 90.00 97.92 -83.17 0.00 91.08 0.00
[21:53:39.421] [ARM-RX] [81] <0.00 -24.72 -2.85> result: 90.0
[21:53:39.454] [ARM-RX] 0 98.10 -82.97 0.00 91.07 0.00
[21:53:39.454] [ARM-RX] [82] <0.00 -25.41 -2.93> result: 90.00 98.28 -82.77 0.00 91.05 0.00
[21:53:39.454] [ARM-RX] [83] <0.00 -26.10 -3.01> result: 90.00 98.47 -82.57 0.00 91.04 0.00
[21:53:39.455] [ARM-RX] [84] <0.00 -26.79 -3.09> result: 90.00 98.65 -82.37 0.00 91.02 0.00
[21:53:39.455] [ARM-RX] [85] <0.00 -27.49
[21:53:39.479] [ARM-RX] -3.17> result: 90.00 98.83 -82.16 0.00 91.00 0.00
[21:53:39.479] [ARM-RX] [86] <0.00 -28.19 -3.25> result: 90.00 99.01 -81.96 0.00 90.97 0.00
[21:53:39.479] [ARM-RX] [87] <0.00 -28.90 -3.33> result: 90.00 99.20 -81.75 0.00 90.95 0.00
[21:53:39.480] [ARM-RX] [88] <0.00 -29.61 -3.42> result: 90.00 99.38 -81.55 0.00 90.92 0.0
[21:53:39.499] [ARM-RX] 0
[21:53:39.500] [ARM-RX] [89] <0.00 -30.32 -3.50> result: 90.00 99.56 -81.34 0.00 90.90 0.00
[21:53:39.500] [ARM-RX] [90] <0.00 -31.03 -3.58> result: 90.00 99.74 -81.13 0.00 90.87 0.00
[21:53:39.500] [ARM-RX] [91] <0.00 -31.74 -3.66> result: 90.00 99.92 -80.92 0.00 90.84 0.00
[21:53:39.500] [ARM-RX] [92] <0.00 -32.46 -3.74> result: 90.00 100.09
[21:53:39.524] [ARM-RX] -80.71 0.00 90.80 0.00
[21:53:39.524] [ARM-RX] [93] <0.00 -33.17 -3.83> result: 90.00 100.27 -80.50 0.00 90.77 0.00
[21:53:39.524] [ARM-RX] [94] <0.00 -33.89 -3.91> result: 90.00 100.44 -80.29 0.00 90.74 0.00
[21:53:39.528] [ARM-RX] [95] <0.00 -34.60 -3.99> result: 90.00 100.62 -80.08 0.00 90.70 0.00
[21:53:39.528] [ARM-RX] [96] <0.00 -35.32 -4.0
[21:53:39.545] [ARM-RX] 7> result: 90.00 100.79 -79.87 0.00 90.66 0.00
[21:53:39.546] [ARM-RX] [97] <0.00 -36.03 -4.16> result: 90.00 100.96 -79.66 0.00 90.62 0.00
[21:53:39.546] [ARM-RX] [98] <0.00 -36.75 -4.24> result: 90.00 101.14 -79.45 0.00 90.58 0.00
[21:53:39.546] [ARM-RX] [99] <0.00 -37.46 -4.32> result: 90.00 101.31 -79.24 0.00 90.54 0.00
[21:53:39.569] [ARM-RX] [100] <0.00 -38.18 -4.41> result: 90.00 101.47 -79.02 0.00 90.50 0.00
[21:53:39.569] [ARM-RX] [101] <0.00 -38.89 -4.49> result: 90.00 101.64 -78.81 0.00 90.46 0.00
[21:53:39.569] [ARM-RX] [102] <0.00 -39.61 -4.57> result: 90.00 101.81 -78.60 0.00 90.41 0.00
[21:53:39.569] [ARM-RX] [103] <0.00 -40.32 -4.65> result: 90.00 1
[21:53:39.592] [ARM-RX] 01.98 -78.39 0.00 90.37 0.00
[21:53:39.592] [ARM-RX] [104] <0.00 -41.04 -4.74> result: 90.00 102.14 -78.18 0.00 90.32 0.00
[21:53:39.592] [ARM-RX] [105] <0.00 -41.75 -4.82> result: 90.00 102.31 -77.96 0.00 90.27 0.00
[21:53:39.592] [ARM-RX] [106] <0.00 -42.47 -4.90> result: 90.00 102.47 -77.75 0.00 90.22 0.00
[21:53:39.592] [ARM-RX] [107] <0.00 -
[21:53:39.615] [ARM-RX] 43.18 -4.98> result: 90.00 102.63 -77.54 0.00 90.17 0.00
[21:53:39.615] [ARM-RX] [108] <0.00 -43.90 -5.07> result: 90.00 102.79 -77.33 0.00 90.12 0.00
[21:53:39.615] [ARM-RX] [109] <0.00 -44.61 -5.15> result: 90.00 102.95 -77.11 0.00 90.07 0.00
[21:53:39.615] [ARM-RX] [110] <0.00 -45.33 -5.23> result: 90.00 103.12 -76.90 0.
[21:53:39.650] [ARM-RX] 00 90.02 0.00
[21:53:39.650] [ARM-RX] [111] <0.00 -46.05 -5.31> result: 90.00 103.27 -76.69 0.00 89.96 0.00
[21:53:39.650] [ARM-RX] [112] <0.00 -46.76 -5.40> result: 90.00 103.43 -76.47 0.00 89.91 0.00
[21:53:39.650] [ARM-RX] [113] <0.00 -47.48 -5.48> result: 90.00 103.59 -76.26 0.00 89.85 0.00
[21:53:39.651] [ARM-RX] [114] <0.00 -48.19 -5.56> re
[21:53:39.673] [ARM-RX] sult: 90.00 103.75 -76.05 0.00 89.80 0.00
[21:53:39.673] [ARM-RX] [115] <0.00 -48.91 -5.64> result: 90.00 103.91 -75.83 0.00 89.74 0.00
[21:53:39.673] [ARM-RX] [116] <0.00 -49.62 -5.73> result: 90.00 104.06 -75.62 0.00 89.68 0.00
[21:53:39.673] [ARM-RX] [117] <0.00 -50.34 -5.81> result: 90.00 104.22 -75.40 0.00 89.62 0.00
[21:53:39.696] [ARM-RX] [118] <0.00 -51.05 -5.89> result: 90.00 104.37 -75.19 0.00 89.56 0.00
[21:53:39.697] [ARM-RX] [119] <0.00 -51.77 -5.97> result: 90.00 104.53 -74.98 0.00 89.50 0.00
[21:53:39.697] [ARM-RX] [120] <0.00 -52.48 -6.06> result: 90.00 104.68 -74.76 0.00 89.44 0.00
[21:53:39.697] [ARM-RX] [121] <0.00 -53.20 -6.14> result: 90.00 104
[21:53:39.719] [ARM-RX] .83 -74.55 0.00 89.38 0.00
[21:53:39.719] [ARM-RX] [122] <0.00 -53.91 -6.22> result: 90.00 104.99 -74.33 0.00 89.32 0.00
[21:53:39.721] [ARM-RX] [123] <0.00 -54.63 -6.30> result: 90.00 105.14 -74.12 0.00 89.25 0.00
[21:53:39.721] [ARM-RX] [124] <0.00 -55.34 -6.39> result: 90.00 105.29 -73.90 0.00 89.19 0.00
[21:53:39.721] [ARM-RX] [125] <0.00 -56
[21:53:39.742] [ARM-RX] .06 -6.47> result: 90.00 105.44 -73.68 0.00 89.12 0.00
[21:53:39.742] [ARM-RX] [126] <0.00 -56.77 -6.55> result: 90.00 105.59 -73.47 0.00 89.06 0.00
[21:53:39.742] [ARM-RX] [127] <0.00 -57.49 -6.63> result: 90.00 105.74 -73.25 0.00 88.99 0.00
[21:53:39.742] [ARM-RX] [128] <0.00 -58.20 -6.72> result: 90.00 105.89 -73.04 0.00
[21:53:39.764] [ARM-RX] 88.93 0.00
[21:53:39.765] [ARM-RX] [129] <0.00 -58.92 -6.80> result: 90.00 106.04 -72.82 0.00 88.86 0.00
[21:53:39.765] [ARM-RX] [130] <0.00 -59.64 -6.88> result: 90.00 106.19 -72.60 0.00 88.79 0.00
[21:53:39.765] [ARM-RX] [131] <0.00 -60.35 -6.96> result: 90.00 106.33 -72.39 0.00 88.72 0.00
[21:53:39.765] [ARM-RX] [132] <0.00 -61.07 -7.05> resu
[21:53:39.787] [ARM-RX] lt: 90.00 106.48 -72.17 0.00 88.65 0.00
[21:53:39.788] [ARM-RX] [133] <0.00 -61.78 -7.13> result: 90.00 106.63 -71.95 0.00 88.58 0.00
[21:53:39.788] [ARM-RX] [134] <0.00 -62.50 -7.21> result: 90.00 106.77 -71.74 0.00 88.51 0.00
[21:53:39.788] [ARM-RX] [135] <0.00 -63.21 -7.29> result: 90.00 106.92 -71.52 0.00 88.44 0.00
[21:53:39.788] [ARM-RX] [1
[21:53:39.824] [ARM-RX] 36] <0.00 -63.93 -7.38> result: 90.00 107.07 -71.30 0.00 88.37 0.00
[21:53:39.825] [ARM-RX] [137] <0.00 -64.64 -7.46> result: 90.00 107.21 -71.09 0.00 88.30 0.00
[21:53:39.826] [ARM-RX] [138] <0.00 -65.36 -7.54> result: 90.00 107.36 -70.87 0.00 88.22 0.00
[21:53:39.826] [ARM-RX] [139] <0.00 -66.07 -7.62> result: 90.00 107.5
[21:53:39.844] [ARM-RX] 0 -70.65 0.00 88.15 0.00
[21:53:39.844] [ARM-RX] [140] <0.00 -66.79 -7.71> result: 90.00 107.64 -70.43 0.00 88.08 0.00
[21:53:39.845] [ARM-RX] [141] <0.00 -67.50 -7.79> result: 90.00 107.79 -70.21 0.00 88.00 0.00
[21:53:39.845] [ARM-RX] [142] <0.00 -68.22 -7.87> result: 90.00 107.93 -70.00 0.00 87.93 0.00
[21:53:39.845] [ARM-RX] [143] <0.00 -68.9
[21:53:39.868] [ARM-RX] 3 -7.95> result: 90.00 108.07 -69.78 0.00 87.85 0.00
[21:53:39.868] [ARM-RX] [144] <0.00 -69.65 -8.04> result: 90.00 108.22 -69.56 0.00 87.78 0.00
[21:53:39.868] [ARM-RX] [145] <0.00 -70.36 -8.12> result: 90.00 108.36 -69.34 0.00 87.70 0.00
[21:53:39.870] [ARM-RX] [146] <0.00 -71.08 -8.20> result: 90.00 108.50 -69.12 0.00 8
[21:53:39.890] [ARM-RX] 7.62 0.00
[21:53:39.890] [ARM-RX] [147] <0.00 -71.79 -8.28> result: 90.00 108.64 -68.90 0.00 87.54 0.00
[21:53:39.891] [ARM-RX] [148] <0.00 -72.51 -8.37> result: 90.00 108.78 -68.68 0.00 87.47 0.00
[21:53:39.891] [ARM-RX] [149] <0.00 -73.23 -8.45> result: 90.00 108.93 -68.46 0.00 87.39 0.00
[21:53:39.891] [ARM-RX] [150] <0.00 -73.94 -8.53> result
[21:53:39.913] [ARM-RX] : 90.00 109.07 -68.24 0.00 87.31 0.00
[21:53:39.914] [ARM-RX] [151] <0.00 -74.66 -8.61> result: 90.00 109.21 -68.02 0.00 87.23 0.00
[21:53:39.914] [ARM-RX] [152] <0.00 -75.37 -8.70> result: 90.00 109.35 -67.80 0.00 87.15 0.00
[21:53:39.914] [ARM-RX] [153] <0.00 -76.09 -8.78> result: 90.00 109.49 -67.58 0.00 87.07 0.00
[21:53:39.914] [ARM-RX] [154
[21:53:39.938] [ARM-RX] ] <0.00 -76.80 -8.86> result: 90.00 109.63 -67.36 0.00 86.99 0.00
[21:53:39.939] [ARM-RX] [155] <0.00 -77.52 -8.94> result: 90.00 109.76 -67.14 0.00 86.91 0.00
[21:53:39.939] [ARM-RX] [156] <0.00 -78.23 -9.03> result: 90.00 109.90 -66.92 0.00 86.83 0.00
[21:53:39.939] [ARM-RX] [157] <0.00 -78.95 -9.11> result: 90.00 110.04
[21:53:39.960] [ARM-RX] -66.70 0.00 86.74 0.00
[21:53:39.960] [ARM-RX] [158] <0.00 -79.66 -9.19> result: 90.00 110.18 -66.48 0.00 86.66 0.00
[21:53:39.961] [ARM-RX] [159] <0.00 -80.38 -9.27> result: 90.00 110.32 -66.26 0.00 86.58 0.00
[21:53:39.961] [ARM-RX] [160] <0.00 -81.09 -9.36> result: 90.00 110.46 -66.04 0.00 86.50 0.00
[21:53:39.961] [ARM-RX] [161] <0.00 -81.81
[21:53:39.983] [ARM-RX] -9.44> result: 90.00 110.60 -65.82 0.00 86.41 0.00
[21:53:39.983] [ARM-RX] [162] <0.00 -82.52 -9.52> result: 90.00 110.73 -65.59 0.00 86.33 0.00
[21:53:39.983] [ARM-RX] [163] <0.00 -83.24 -9.60> result: 90.00 110.87 -65.37 0.00 86.24 0.00
[21:53:39.984] [ARM-RX] [164] <0.00 -83.95 -9.69> result: 90.00 111.01 -65.15 0.00 86.
[21:53:40.017] [ARM-RX] 16 0.00
[21:53:40.017] [ARM-RX] [165] <0.00 -84.67 -9.77> result: 90.00 111.14 -64.93 0.00 86.07 0.00
[21:53:40.017] [ARM-RX] [166] <0.00 -85.38 -9.85> result: 90.00 111.28 -64.71 0.00 85.99 0.00
[21:53:40.017] [ARM-RX] [167] <0.00 -86.10 -9.93> result: 90.00 111.42 -64.48 0.00 85.90 0.00
[21:53:40.017] [ARM-RX] [168] <0.00 -86.81 -10.02> result:
[21:53:40.042] [ARM-RX] 90.00 111.55 -64.26 0.00 85.81 0.00
[21:53:40.042] [ARM-RX] [169] <0.00 -87.53 -10.10> result: 90.00 111.69 -64.04 0.00 85.73 0.00
[21:53:40.042] [ARM-RX] [170] <0.00 -88.25 -10.18> result: 90.00 111.83 -63.81 0.00 85.64 0.00
[21:53:40.042] [ARM-RX] [171] <0.00 -88.96 -10.26> result: 90.00 111.96 -63.59 0.00 85.55 0.00
[21:53:40.042] [ARM-RX] [1
[21:53:40.062] [ARM-RX] 72] <0.00 -89.68 -10.35> result: 90.00 112.10 -63.37 0.00 85.46 0.00
[21:53:40.063] [ARM-RX] [173] <0.00 -90.39 -10.43> result: 90.00 112.23 -63.14 0.00 85.38 0.00
[21:53:40.063] [ARM-RX] [174] <0.00 -91.11 -10.51> result: 90.00 112.37 -62.92 0.00 85.29 0.00
[21:53:40.063] [ARM-RX] [175] <0.00 -91.82 -10.59> result: 90.00 1
[21:53:40.085] [ARM-RX] 12.50 -62.70 0.00 85.20 0.00
[21:53:40.086] [ARM-RX] [176] <0.00 -92.54 -10.68> result: 90.00 112.64 -62.47 0.00 85.11 0.00
[21:53:40.086] [ARM-RX] [177] <0.00 -93.25 -10.76> result: 90.00 112.77 -62.25 0.00 85.02 0.00
[21:53:40.086] [ARM-RX] [178] <0.00 -93.97 -10.84> result: 90.00 112.91 -62.02 0.00 84.93 0.00
[21:53:40.086] [ARM-RX] [179] <0.0
[21:53:40.108] [ARM-RX] 0 -94.68 -10.92> result: 90.00 113.04 -61.80 0.00 84.84 0.00
[21:53:40.108] [ARM-RX] [180] <0.00 -95.40 -11.01> result: 90.00 113.18 -61.57 0.00 84.75 0.00
[21:53:40.109] [ARM-RX] [181] <0.00 -96.11 -11.09> result: 90.00 113.31 -61.35 0.00 84.66 0.00
[21:53:40.109] [ARM-RX] [182] <0.00 -96.83 -11.17> result: 90.00 113.44 -6
[21:53:40.131] [ARM-RX] 1.12 0.00 84.57 0.00
[21:53:40.131] [ARM-RX] [183] <0.00 -97.54 -11.26> result: 90.00 113.58 -60.90 0.00 84.48 0.00
[21:53:40.132] [ARM-RX] [184] <0.00 -98.26 -11.34> result: 90.00 113.71 -60.67 0.00 84.38 0.00
[21:53:40.132] [ARM-RX] [185] <0.00 -98.97 -11.42> result: 90.00 113.85 -60.45 0.00 84.29 0.00
[21:53:40.132] [ARM-RX] [186] <0.00 -99.68
[21:53:40.155] [ARM-RX] -11.50> result: 90.00 113.98 -60.22 0.00 84.20 0.00
[21:53:40.155] [ARM-RX] [187] <0.00 -100.39 -11.58> result: 90.00 114.11 -60.00 0.00 84.11 0.00
[21:53:40.155] [ARM-RX] [188] <0.00 -101.10 -11.67> result: 90.00 114.24 -59.77 0.00 84.01 0.00
[21:53:40.155] [ARM-RX] [189] <0.00 -101.80 -11.75> result: 90.00 114.37 -59.55
[21:53:40.188] [ARM-RX] 0.00 83.92 0.00
[21:53:40.189] [ARM-RX] [190] <0.00 -102.51 -11.83> result: 90.00 114.50 -59.33 0.00 83.83 0.00
[21:53:40.189] [ARM-RX] [191] <0.00 -103.20 -11.91> result: 90.00 114.63 -59.10 0.00 83.74 0.00
[21:53:40.190] [ARM-RX] [192] <0.00 -103.90 -11.99> result: 90.00 114.76 -58.88 0.00 83.65 0.00
[21:53:40.190] [ARM-RX] [193] <0.00 -104.59
[21:53:40.211] [ARM-RX] -12.07> result: 90.00 114.89 -58.66 0.00 83.56 0.00
[21:53:40.211] [ARM-RX] [194] <0.00 -105.28 -12.15> result: 90.00 115.02 -58.44 0.00 83.46 0.00
[21:53:40.211] [ARM-RX] [195] <0.00 -105.96 -12.23> result: 90.00 115.15 -58.23 0.00 83.37 0.00
[21:53:40.212] [ARM-RX] [196] <0.00 -106.63 -12.30> result: 90.00 115.27 -58.01 0
[21:53:40.234] [ARM-RX] .00 83.28 0.00
[21:53:40.235] [ARM-RX] [197] <0.00 -107.30 -12.38> result: 90.00 115.40 -57.80 0.00 83.19 0.00
[21:53:40.235] [ARM-RX] [198] <0.00 -107.97 -12.46> result: 90.00 115.52 -57.59 0.00 83.10 0.00
[21:53:40.235] [ARM-RX] [199] <0.00 -108.62 -12.53> result: 90.00 115.64 -57.38 0.00 83.02 0.00
[21:53:40.235] [ARM-RX] [200] <0.00 -109.28 -
[21:53:40.257] [ARM-RX] 12.61> result: 90.00 115.76 -57.17 0.00 82.93 0.00
[21:53:40.257] [ARM-RX] [201] <0.00 -109.92 -12.68> result: 90.00 115.88 -56.96 0.00 82.84 0.00
[21:53:40.258] [ARM-RX] [202] <0.00 -110.56 -12.76> result: 90.00 116.00 -56.76 0.00 82.75 0.00
[21:53:40.258] [ARM-RX] [203] <0.00 -111.19 -12.83> result: 90.00 116.11 -56.55 0.
[21:53:40.282] [ARM-RX] 00 82.67 0.00
[21:53:40.282] [ARM-RX] [204] <0.00 -111.81 -12.90> result: 90.00 116.23 -56.36 0.00 82.58 0.00
[21:53:40.282] [ARM-RX] [205] <0.00 -112.42 -12.97> result: 90.00 116.34 -56.16 0.00 82.50 0.00
[21:53:40.284] [ARM-RX] [206] <0.00 -113.02 -13.04> result: 90.00 116.45 -55.96 0.00 82.42 0.00
[21:53:40.284] [ARM-RX] [207] <0.00 -113.62 -1
[21:53:40.303] [ARM-RX] 3.11> result: 90.00 116.56 -55.77 0.00 82.33 0.00
[21:53:40.303] [ARM-RX] [208] <0.00 -114.21 -13.18> result: 90.00 116.67 -55.58 0.00 82.25 0.00
[21:53:40.304] [ARM-RX] [209] <0.00 -114.79 -13.24> result: 90.00 116.78 -55.40 0.00 82.17 0.00
[21:53:40.304] [ARM-RX] [210] <0.00 -115.35 -13.31> result: 90.00 116.88 -55.21 0.0
[21:53:40.327] [ARM-RX] 0 82.10 0.00
[21:53:40.327] [ARM-RX] [211] <0.00 -115.91 -13.37> result: 90.00 116.99 -55.03 0.00 82.02 0.00
[21:53:40.327] [ARM-RX] [212] <0.00 -116.46 -13.44> result: 90.00 117.09 -54.86 0.00 81.94 0.00
[21:53:40.328] [ARM-RX] [213] <0.00 -117.00 -13.50> result: 90.00 117.19 -54.68 0.00 81.87 0.00
[21:53:40.328] [ARM-RX] [214] <0.00 -117.53 -13
[21:53:40.350] [ARM-RX] .56> result: 90.00 117.28 -54.51 0.00 81.79 0.00
[21:53:40.350] [ARM-RX] [215] <0.00 -118.04 -13.62> result: 90.00 117.38 -54.34 0.00 81.72 0.00
[21:53:40.350] [ARM-RX] [216] <0.00 -118.55 -13.68> result: 90.00 117.47 -54.18 0.00 81.65 0.00
[21:53:40.350] [ARM-RX] [217] <0.00 -119.05 -13.74> result: 90.00 117.56 -54.02 0.00
[21:53:40.382] [ARM-RX] 81.58 0.00
[21:53:40.384] [ARM-RX] [218] <0.00 -119.53 -13.79> result: 90.00 117.65 -53.86 0.00 81.51 0.00
[21:53:40.384] [ARM-RX] [219] <0.00 -120.00 -13.85> result: 90.00 117.74 -53.71 0.00 81.45 0.00
[21:53:40.384] [ARM-RX] [220] <0.00 -120.47 -13.90> result: 90.00 117.82 -53.56 0.00 81.38 0.00
[21:53:40.384] [ARM-RX] [221] <0.00 -120.92 -13.
[21:53:40.407] [ARM-RX] 95> result: 90.00 117.91 -53.41 0.00 81.32 0.00
[21:53:40.408] [ARM-RX] [222] <0.00 -121.35 -14.00> result: 90.00 117.99 -53.27 0.00 81.25 0.00
[21:53:40.408] [ARM-RX] [223] <0.00 -121.78 -14.05> result: 90.00 118.07 -53.13 0.00 81.19 0.00
[21:53:40.408] [ARM-RX] [224] <0.00 -122.20 -14.10> result: 90.00 118.14 -52.99 0.00
[21:53:40.429] [ARM-RX] 81.13 0.00
[21:53:40.429] [ARM-RX] [225] <0.00 -122.60 -14.15> result: 90.00 118.22 -52.86 0.00 81.08 0.00
[21:53:40.429] [ARM-RX] [226] <0.00 -122.99 -14.19> result: 90.00 118.29 -52.73 0.00 81.02 0.00
[21:53:40.429] [ARM-RX] [227] <0.00 -123.37 -14.24> result: 90.00 118.36 -52.61 0.00 80.97 0.00
[21:53:40.431] [ARM-RX] [228] <0.00 -123.74 -14.2
[21:53:40.452] [ARM-RX] 8> result: 90.00 118.43 -52.49 0.00 80.91 0.00
[21:53:40.453] [ARM-RX] [229] <0.00 -124.10 -14.32> result: 90.00 118.49 -52.37 0.00 80.86 0.00
[21:53:40.453] [ARM-RX] [230] <0.00 -124.44 -14.36> result: 90.00 118.55 -52.26 0.00 80.81 0.00
[21:53:40.453] [ARM-RX] [231] <0.00 -124.77 -14.40> result: 90.00 118.62 -52.15 0.00 8
[21:53:40.475] [ARM-RX] 0.77 0.00
[21:53:40.476] [ARM-RX] [232] <0.00 -125.09 -14.43> result: 90.00 118.67 -52.05 0.00 80.72 0.00
[21:53:40.476] [ARM-RX] [233] <0.00 -125.40 -14.47> result: 90.00 118.73 -51.94 0.00 80.68 0.00
[21:53:40.476] [ARM-RX] [234] <0.00 -125.70 -14.50> result: 90.00 118.79 -51.85 0.00 80.63 0.00
[21:53:40.476] [ARM-RX] [235] <0.00 -125.98 -14.54
[21:53:40.498] [ARM-RX] > result: 90.00 118.84 -51.75 0.00 80.59 0.00
[21:53:40.498] [ARM-RX] [236] <0.00 -126.26 -14.57> result: 90.00 118.89 -51.66 0.00 80.55 0.00
[21:53:40.500] [ARM-RX] [237] <0.00 -126.52 -14.60> result: 90.00 118.94 -51.58 0.00 80.52 0.00
[21:53:40.500] [ARM-RX] [238] <0.00 -126.77 -14.63> result: 90.00 118.98 -51.50 0.00 80
[21:53:40.521] [ARM-RX] .48 0.00
[21:53:40.522] [ARM-RX] [239] <0.00 -127.01 -14.66> result: 90.00 119.03 -51.42 0.00 80.44 0.00
[21:53:40.522] [ARM-RX] [240] <0.00 -127.24 -14.68> result: 90.00 119.07 -51.34 0.00 80.41 0.00
[21:53:40.522] [ARM-RX] [241] <0.00 -127.46 -14.71> result: 90.00 119.11 -51.27 0.00 80.38 0.00
[21:53:40.522] [ARM-RX] [242] <0.00 -127.66 -14.73>
[21:53:40.556] [ARM-RX] result: 90.00 119.15 -51.20 0.00 80.35 0.00
[21:53:40.556] [ARM-RX] [243] <0.00 -127.86 -14.75> result: 90.00 119.18 -51.14 0.00 80.32 0.00
[21:53:40.557] [ARM-RX] [244] <0.00 -128.04 -14.77> result: 90.00 119.22 -51.08 0.00 80.30 0.00
[21:53:40.557] [ARM-RX] [245] <0.00 -128.22 -14.79> result: 90.00 119.25 -51.02 0.00 80.
[21:53:40.579] [ARM-RX] 27 0.00
[21:53:40.580] [ARM-RX] [246] <0.00 -128.38 -14.81> result: 90.00 119.28 -50.97 0.00 80.25 0.00
[21:53:40.580] [ARM-RX] [247] <0.00 -128.53 -14.83> result: 90.00 119.31 -50.92 0.00 80.22 0.00
[21:53:40.580] [ARM-RX] [248] <0.00 -128.68 -14.85> result: 90.00 119.33 -50.87 0.00 80.20 0.00
[21:53:40.580] [ARM-RX] [249] <0.00 -128.82 -14.86>
[21:53:40.602] [ARM-RX] result: 90.00 119.36 -50.82 0.00 80.18 0.00
[21:53:40.602] [ARM-RX] [250] <0.00 -128.94 -14.88> result: 90.00 119.38 -50.78 0.00 80.16 0.00
[21:53:40.602] [ARM-RX] [251] <0.00 -129.06 -14.89> result: 90.00 119.40 -50.74 0.00 80.15 0.00
[21:53:40.603] [ARM-RX] [252] <0.00 -129.17 -14.90> result: 90.00 119.42 -50.71 0.00 80.1
[21:53:40.627] [ARM-RX] 3 0.00
[21:53:40.627] [ARM-RX] [253] <0.00 -129.27 -14.92> result: 90.00 119.44 -50.68 0.00 80.12 0.00
[21:53:40.628] [ARM-RX] [254] <0.00 -129.36 -14.93> result: 90.00 119.46 -50.65 0.00 80.10 0.00
[21:53:40.628] [ARM-RX] [255] <0.00 -129.44 -14.94> result: 90.00 119.47 -50.62 0.00 80.09 0.00
[21:53:40.628] [ARM-RX] [256] <0.00 -129.52 -14.94> r
[21:53:40.647] [ARM-RX] esult: 90.00 119.49 -50.59 0.00 80.08 0.00
[21:53:40.647] [ARM-RX] [257] <0.00 -129.59 -14.95> result: 90.00 119.50 -50.57 0.00 80.07 0.00
[21:53:40.648] [ARM-RX] [258] <0.00 -129.65 -14.96> result: 90.00 119.51 -50.55 0.00 80.06 0.00
[21:53:40.648] [ARM-RX] [259] <0.00 -129.71 -14.97> result: 90.00 119.52 -50.53 0.00 80.05
[21:53:40.671] [ARM-RX] 0.00
[21:53:40.671] [ARM-RX] [260] <0.00 -129.76 -14.97> result: 90.00 119.53 -50.51 0.00 80.05 0.00
[21:53:40.671] [ARM-RX] [261] <0.00 -129.80 -14.98> result: 90.00 119.54 -50.50 0.00 80.04 0.00
[21:53:40.671] [ARM-RX] [262] <0.00 -129.84 -14.98> result: 90.00 119.55 -50.49 0.00 80.03 0.00
[21:53:40.672] [ARM-RX] [263] <0.00 -129.87 -14.99> re
[21:53:40.694] [ARM-RX] sult: 90.00 119.55 -50.48 0.00 80.03 0.00
[21:53:40.695] [ARM-RX] [264] <0.00 -129.90 -14.99> result: 90.00 119.56 -50.47 0.00 80.02 0.00
[21:53:40.695] [ARM-RX] [265] <0.00 -129.92 -14.99> result: 90.00 119.56 -50.46 0.00 80.02 0.00
[21:53:40.696] [ARM-RX] [266] <0.00 -129.94 -14.99> result: 90.00 119.57 -50.45 0.00 80.02
[21:53:40.716] [ARM-RX] 0.00
[21:53:40.717] [ARM-RX] [267] <0.00 -129.96 -15.00> result: 90.00 119.57 -50.45 0.00 80.02 0.00
[21:53:40.717] [ARM-RX] [268] <0.00 -129.97 -15.00> result: 90.00 119.57 -50.44 0.00 80.01 0.00
[21:53:40.717] [ARM-RX] [269] <0.00 -129.98 -15.00> result: 90.00 119.57 -50.44 0.00 80.01 0.00
[21:53:40.718] [ARM-RX] [270] <0.00 -129.99 -15.00> res
[21:53:40.751] [ARM-RX] ult: 90.00 119.57 -50.44 0.00 80.01 0.00
[21:53:40.751] [ARM-RX] [271] <0.00 -129.99 -15.00> result: 90.00 119.58 -50.44 0.00 80.01 0.00
[21:53:40.752] [ARM-RX] [272] <0.00 -130.00 -15.00> result: 90.00 119.58 -50.43 0.00 80.01 0.00
[21:53:40.752] [ARM-RX] [273] <0.00 -130.00 -15.00> result: 90.00 119.58 -50.43 0.00 80.01 0
[21:53:40.774] [ARM-RX] .00
[21:53:40.775] [ARM-RX] [274] <0.00 -130.00 -15.00> result: 90.00 119.58 -50.43 0.00 80.01 0.00
[21:53:40.775] [ARM-RX] [275] <0.00 -130.00 -15.00> result: 90.00 119.58 -50.43 0.00 80.01 0.00
[21:53:40.775] [ARM-RX] [276] <0.00 -130.00 -15.00> result: 90.00 119.58 -50.43 0.00 80.01 0.00
[21:53:40.775] [ARM-RX] [
[21:53:40.830] [ARM-RX] JETSON_RX] safe_distance=120 valid=1
[21:53:43.694] [ARM-RX] [joint 1] ave_error:0.11
[21:53:43.694] [ARM-RX] [joint 2] ave_error:1.85
[21:53:43.694] [ARM-RX] [joint 3] ave_error:2.07
[21:53:43.696] [ARM-RX] [joint 4] ave_error:0.00
[21:53:43.696] [ARM-RX] [joint 5] ave_error:0.69
[21:53:43.696] [ARM-RX] robot pid run finished!!
[21:53:43.757] [ARM-RX] [joint_id: 0] ROBOT_JOINT_ABS_ROTATE 90.000000
[21:53:43.883] [ARM-RX] [joint_id: 3] ROBOT_JOINT_ABS_ROTATE 0.000000
[21:53:44.006] [ARM-RX] [joint_id: 4] ROBOT_JOINT_ABS_ROTATE 90.000000
[21:53:44.581] [JETSON-RX] A5 5A 01 81 B6 03 10 02 00 DC EA
[21:53:44.581] [JETSON-STATUS] CAPTURE_POINT_FRONT: A5 5A 01 81 B6 03 10 02 00 DC EA
[21:53:47.310] [JETSON-TX] CAPTURE_CTRL a=2 p=0: A5 5A 01 04 D4 02 02 00 69 5A
[21:53:47.377] [ARM-RX] [JETSON_RX] capture_ctrl action=2 point=0
[21:53:47.377] [ARM-RX] [CAPTURE] request action=2 point=0
[21:53:47.377] [ARM-RX] ROBOT_SOFT_RESET_EVENT
[21:53:47.377] [ARM-RX] --- Starting soft reset ---
[21:53:47.565] [ARM-RX] Soft reset motors enabled (J1~J5, J6 skipped).
[21:53:47.565] [ARM-RX] Soft resetting joint 4...
[21:53:47.628] [ARM-RX] robot_update_current_angle 4...
[21:53:47.628] [ARM-RX] [4] current:90.01, target:90.00, dir:-1
[21:53:47.751] [ARM-RX] Soft resetting joint 3...
[21:53:47.751] [ARM-RX] robot_update_current_angle 3...
[21:53:47.751] [ARM-RX] [3] current:0.00, target:0.00, dir:-1
[21:53:47.876] [ARM-RX] Soft resetting joint 1...
[21:53:47.876] [ARM-RX] robot_update_current_angle 1...
[21:53:47.876] [ARM-RX] [1] current:119.37, target:90.00, dir:-1
[21:53:47.877] [ARM-RX] [JETSON_RX] sa
[21:53:47.938] [ARM-RX] fe_distance=120 valid=1
[21:53:49.810] [ARM-RX] soft reset joint 1 settle timeout, keep going
[21:53:49.810] [ARM-RX] Soft resetting joint 2...
[21:53:49.872] [ARM-RX] robot_update_current_angle 2...
[21:53:49.872] [ARM-RX] [2] current:-51.09, target:-90.00, dir:-1
[21:53:52.044] [ARM-RX] soft reset joint 2 settle timeout, keep going
[21:53:52.044] [ARM-RX] Soft resetting joint 0...
[21:53:52.044] [ARM-RX] robot_update_current_angle 0...
[21:53:52.044] [ARM-RX] [0] current:90.00, target:90.00, dir:1
[21:53:52.231] [ARM-RX] soft reset verify not pass, start refine loop...
[21:53:52.293] [ARM-RX] soft reset refine joint 2 round 1: cur=-85.67 target=-90.00 err=4.33 dir=-1
[21:53:53.352] [ARM-RX] soft reset refine pass 1 success.
[21:53:53.352] [ARM-RX] soft reset final verify PASS (issues:2), pose set HOME.
[21:53:53.398] [JETSON-RX] A5 5A 01 81 10 03 11 01 00 85 C3
[21:53:53.398] [JETSON-STATUS] CAPTURE_DONE_HOME: A5 5A 01 81 10 03 11 01 00 85 C3
[21:54:00.362] [JETSON-TX] CAPTURE_CTRL a=1 p=3: A5 5A 01 04 58 02 01 03 03 3B
[21:54:00.382] [ARM-RX] [JETSON_RX] capture_ctrl action=1 point=3
[21:54:00.382] [ARM-RX] [CAPTURE] request action=1 point=3
[21:54:00.382] [ARM-RX] RO
[21:54:00.411] [ARM-RX] BOT_AUTO_EVENT
[21:54:00.412] [ARM-RX] AUTO slow profile scale=0.40 target=<0.00 -130.00 -15.00>
[21:54:00.412] [ARM-RX] [0] <0.00 0.00 0.00> result: 90.00 90.00 -90.00 0.00 90.00 0.00
[21:54:00.412] [ARM-RX] [1] <0.00 -0.00 -0.00> result: 90.00 90.00 -90.00 0.00 90.00 0.00
[21:54:00.413] [ARM-RX] [2] <0.00 -0.00 -0.00> result: 90.00 90.00 -90.00
[21:54:00.438] [ARM-RX] 0.00 90.00 0.00
[21:54:00.438] [ARM-RX] [3] <0.00 -0.00 -0.00> result: 90.00 90.00 -90.00 0.00 90.00 0.00
[21:54:00.438] [ARM-RX] [4] <0.00 -0.01 -0.00> result: 90.00 90.00 -90.00 0.00 90.00 0.00
[21:54:00.438] [ARM-RX] [5] <0.00 -0.01 -0.00> result: 90.00 90.00 -90.00 0.00 90.00 0.00
[21:54:00.438] [ARM-RX] [6] <0.00 -0.02 -0.00> result: 90.00 9
[21:54:00.462] [ARM-RX] 0.01 -90.00 0.00 90.00 0.00
[21:54:00.463] [ARM-RX] [7] <0.00 -0.03 -0.00> result: 90.00 90.01 -89.99 0.00 90.00 0.00
[21:54:00.463] [ARM-RX] [8] <0.00 -0.04 -0.00> result: 90.00 90.02 -89.99 0.00 90.01 0.00
[21:54:00.463] [ARM-RX] [9] <0.00 -0.06 -0.01> result: 90.00 90.02 -89.98 0.00 90.01 0.00
[21:54:00.463] [ARM-RX] [10] <0.00 -0.08 -0.01> re
[21:54:00.479] [ARM-RX] sult: 90.00 90.03 -89.98 0.00 90.01 0.00
[21:54:00.479] [ARM-RX] [11] <0.00 -0.10 -0.01> result: 90.00 90.04 -89.97 0.00 90.01 0.00
[21:54:00.479] [ARM-RX] [12] <0.00 -0.13 -0.01> result: 90.00 90.05 -89.96 0.00 90.02 0.00
[21:54:00.480] [ARM-RX] [13] <0.00 -0.16 -0.02> result: 90.00 90.07 -89.96 0.00 90.02 0.00
[21:54:00.480] [ARM-RX] [14] <0.00
[21:54:00.502] [ARM-RX] -0.20 -0.02> result: 90.00 90.08 -89.95 0.00 90.03 0.00
[21:54:00.502] [ARM-RX] [15] <0.00 -0.24 -0.03> result: 90.00 90.10 -89.93 0.00 90.03 0.00
[21:54:00.503] [ARM-RX] [16] <0.00 -0.29 -0.03> result: 90.00 90.12 -89.92 0.00 90.04 0.00
[21:54:00.503] [ARM-RX] [17] <0.00 -0.35 -0.04> result: 90.00 90.14 -89.90 0.00 90.05
[21:54:00.530] [ARM-RX] 0.00
[21:54:00.530] [ARM-RX] [18] <0.00 -0.41 -0.05> result: 90.00 90.17 -89.89 0.00 90.06 0.00
[21:54:00.530] [ARM-RX] [19] <0.00 -0.48 -0.06> result: 90.00 90.20 -89.87 0.00 90.07 0.00
[21:54:00.530] [ARM-RX] [20] <0.00 -0.56 -0.06> result: 90.00 90.23 -89.85 0.00 90.08 0.00
[21:54:00.530] [ARM-RX] [21] <0.00 -0.64 -0.07> result: 90.00 90.26 -8
[21:54:00.549] [ARM-RX] 9.82 0.00 90.09 0.00
[21:54:00.549] [ARM-RX] [22] <0.00 -0.73 -0.08> result: 90.00 90.30 -89.80 0.00 90.10 0.00
[21:54:00.549] [ARM-RX] [23] <0.00 -0.83 -0.10> result: 90.00 90.34 -89.77 0.00 90.11 0.00
[21:54:00.550] [ARM-RX] [24] <0.00 -0.94 -0.11> result: 90.00 90.39 -89.74 0.00 90.13 0.00
[21:54:00.550] [ARM-RX] [25] <0.00 -1.06 -0.12> result
[21:54:00.584] [ARM-RX] : 90.00 90.43 -89.71 0.00 90.14 0.00
[21:54:00.584] [ARM-RX] [26] <0.00 -1.18 -0.14> result: 90.00 90.48 -89.67 0.00 90.16 0.00
[21:54:00.584] [ARM-RX] [27] <0.00 -1.32 -0.15> result: 90.00 90.54 -89.64 0.00 90.17 0.00
[21:54:00.584] [ARM-RX] [28] <0.00 -1.46 -0.17> result: 90.00 90.60 -89.60 0.00 90.19 0.00
[21:54:00.584] [ARM-RX] [29] <0.00 -1.
[21:54:00.605] [ARM-RX] 62 -0.19> result: 90.00 90.66 -89.55 0.00 90.21 0.00
[21:54:00.605] [ARM-RX] [30] <0.00 -1.78 -0.21> result: 90.00 90.72 -89.51 0.00 90.23 0.00
[21:54:00.605] [ARM-RX] [31] <0.00 -1.96 -0.23> result: 90.00 90.79 -89.46 0.00 90.25 0.00
[21:54:00.606] [ARM-RX] [32] <0.00 -2.14 -0.25> result: 90.00 90.87 -89.41 0.00 90.27 0.00
[21:54:00.628] [ARM-RX] [33] <0.00 -2.34 -0.27> result: 90.00 90.94 -89.35 0.00 90.30 0.00
[21:54:00.629] [ARM-RX] [34] <0.00 -2.54 -0.29> result: 90.00 91.02 -89.30 0.00 90.32 0.00
[21:54:00.629] [ARM-RX] [35] <0.00 -2.76 -0.32> result: 90.00 91.11 -89.24 0.00 90.34 0.00
[21:54:00.629] [ARM-RX] [36] <0.00 -2.99 -0.34> result: 90.00 91.20 -89.17
[21:54:00.651] [ARM-RX] 0.00 90.37 0.00
[21:54:00.652] [ARM-RX] [37] <0.00 -3.23 -0.37> result: 90.00 91.29 -89.10 0.00 90.39 0.00
[21:54:00.652] [ARM-RX] [38] <0.00 -3.48 -0.40> result: 90.00 91.38 -89.04 0.00 90.42 0.00
[21:54:00.652] [ARM-RX] [39] <0.00 -3.74 -0.43> result: 90.00 91.48 -88.96 0.00 90.45 0.00
[21:54:00.652] [ARM-RX] [40] <0.00 -4.02 -0.46> result: 90
[21:54:00.675] [ARM-RX] .00 91.59 -88.89 0.00 90.47 0.00
[21:54:00.676] [ARM-RX] [41] <0.00 -4.30 -0.50> result: 90.00 91.69 -88.81 0.00 90.50 0.00
[21:54:00.676] [ARM-RX] [42] <0.00 -4.60 -0.53> result: 90.00 91.81 -88.72 0.00 90.53 0.00
[21:54:00.676] [ARM-RX] [43] <0.00 -4.91 -0.57> result: 90.00 91.92 -88.64 0.00 90.56 0.00
[21:54:00.676] [ARM-RX] [44] <0.00 -5.23 -
[21:54:00.697] [ARM-RX] 0.60> result: 90.00 92.04 -88.55 0.00 90.58 0.00
[21:54:00.698] [ARM-RX] [45] <0.00 -5.56 -0.64> result: 90.00 92.16 -88.45 0.00 90.61 0.00
[21:54:00.698] [ARM-RX] [46] <0.00 -5.90 -0.68> result: 90.00 92.28 -88.36 0.00 90.64 0.00
[21:54:00.698] [ARM-RX] [47] <0.00 -6.26 -0.72> result: 90.00 92.41 -88.26 0.00 90.67 0.00
[21:54:00.698] [ARM-RX] [4
[21:54:00.721] [ARM-RX] 8] <0.00 -6.63 -0.76> result: 90.00 92.55 -88.15 0.00 90.70 0.00
[21:54:00.721] [ARM-RX] [49] <0.00 -7.01 -0.81> result: 90.00 92.68 -88.05 0.00 90.73 0.00
[21:54:00.721] [ARM-RX] [50] <0.00 -7.40 -0.85> result: 90.00 92.82 -87.94 0.00 90.76 0.00
[21:54:00.721] [ARM-RX] [51] <0.00 -7.80 -0.90> result: 90.00 92.96 -87.82 0.0
[21:54:00.744] [ARM-RX] 0 90.78 0.00
[21:54:00.744] [ARM-RX] [52] <0.00 -8.22 -0.95> result: 90.00 93.10 -87.71 0.00 90.81 0.00
[21:54:00.744] [ARM-RX] [53] <0.00 -8.65 -1.00> result: 90.00 93.25 -87.58 0.00 90.84 0.00
[21:54:00.744] [ARM-RX] [54] <0.00 -9.08 -1.05> result: 90.00 93.40 -87.46 0.00 90.86 0.00
[21:54:00.745] [ARM-RX] [55] <0.00 -9.53 -1.10> result: 90.00
[21:54:00.778] [ARM-RX] 93.55 -87.33 0.00 90.89 0.00
[21:54:00.779] [ARM-RX] [56] <0.00 -10.00 -1.15> result: 90.00 93.71 -87.20 0.00 90.91 0.00
[21:54:00.779] [ARM-RX] [57] <0.00 -10.47 -1.21> result: 90.00 93.87 -87.07 0.00 90.94 0.00
[21:54:00.779] [ARM-RX] [58] <0.00 -10.95 -1.26> result: 90.00 94.03 -86.93 0.00 90.96 0.00
[21:54:00.779] [ARM-RX] [59] <0.00 -11.45 -
[21:54:00.801] [ARM-RX] 1.32> result: 90.00 94.19 -86.79 0.00 90.98 0.00
[21:54:00.802] [ARM-RX] [60] <0.00 -11.96 -1.38> result: 90.00 94.35 -86.65 0.00 91.00 0.00
[21:54:00.802] [ARM-RX] [61] <0.00 -12.47 -1.44> result: 90.00 94.52 -86.50 0.00 91.02 0.00
[21:54:00.802] [ARM-RX] [62] <0.00 -13.00 -1.50> result: 90.00 94.69 -86.35 0.00 91.04 0.00
[21:54:00.824] [ARM-RX] [63] <0.00 -13.54 -1.56> result: 90.00 94.86 -86.19 0.00 91.05 0.00
[21:54:00.825] [ARM-RX] [64] <0.00 -14.09 -1.63> result: 90.00 95.03 -86.04 0.00 91.07 0.00
[21:54:00.825] [ARM-RX] [65] <0.00 -14.65 -1.69> result: 90.00 95.20 -85.88 0.00 91.08 0.00
[21:54:00.825] [ARM-RX] [66] <0.00 -15.21 -1.76> result: 90.00 95.38 -85
[21:54:00.848] [ARM-RX] .72 0.00 91.09 0.00
[21:54:00.848] [ARM-RX] [67] <0.00 -15.79 -1.82> result: 90.00 95.55 -85.55 0.00 91.10 0.00
[21:54:00.848] [ARM-RX] [68] <0.00 -16.38 -1.89> result: 90.00 95.73 -85.38 0.00 91.11 0.00
[21:54:00.849] [ARM-RX] [69] <0.00 -16.97 -1.96> result: 90.00 95.91 -85.21 0.00 91.12 0.00
[21:54:00.849] [ARM-RX] [70] <0.00 -17.58 -2.03> res
[21:54:00.869] [ARM-RX] ult: 90.00 96.09 -85.04 0.00 91.13 0.00
[21:54:00.870] [ARM-RX] [71] <0.00 -18.19 -2.10> result: 90.00 96.27 -84.86 0.00 91.13 0.00
[21:54:00.870] [ARM-RX] [72] <0.00 -18.81 -2.17> result: 90.00 96.45 -84.68 0.00 91.13 0.00
[21:54:00.870] [ARM-RX] [73] <0.00 -19.44 -2.24> result: 90.00 96.63 -84.50 0.00 91.13 0.00
[21:54:00.870] [ARM-RX] [74] <0.
[21:54:00.893] [ARM-RX] 00 -20.08 -2.32> result: 90.00 96.81 -84.32 0.00 91.13 0.00
[21:54:00.893] [ARM-RX] [75] <0.00 -20.72 -2.39> result: 90.00 97.00 -84.13 0.00 91.13 0.00
[21:54:00.894] [ARM-RX] [76] <0.00 -21.37 -2.47> result: 90.00 97.18 -83.94 0.00 91.12 0.00
[21:54:00.894] [ARM-RX] [77] <0.00 -22.03 -2.54> result: 90.00 97.36 -83.75 0.00
[21:54:00.916] [ARM-RX] 91.12 0.00
[21:54:00.916] [ARM-RX] [78] <0.00 -22.70 -2.62> result: 90.00 97.55 -83.56 0.00 91.11 0.00
[21:54:00.916] [ARM-RX] [79] <0.00 -23.37 -2.70> result: 90.00 97.73 -83.37 0.00 91.10 0.00
[21:54:00.916] [ARM-RX] [80] <0.00 -24.04 -2.77> result: 90.00 97.92 -83.17 0.00 91.08 0.00
[21:54:00.917] [ARM-RX] [81] <0.00 -24.72 -2.85> result: 90.0
[21:54:00.950] [ARM-RX] 0 98.10 -82.97 0.00 91.07 0.00
[21:54:00.950] [ARM-RX] [82] <0.00 -25.41 -2.93> result: 90.00 98.28 -82.77 0.00 91.05 0.00
[21:54:00.950] [ARM-RX] [83] <0.00 -26.10 -3.01> result: 90.00 98.47 -82.57 0.00 91.04 0.00
[21:54:00.951] [ARM-RX] [84] <0.00 -26.79 -3.09> result: 90.00 98.65 -82.37 0.00 91.02 0.00
[21:54:00.951] [ARM-RX] [85] <0.00 -27.49
[21:54:00.973] [ARM-RX] -3.17> result: 90.00 98.83 -82.16 0.00 91.00 0.00
[21:54:00.973] [ARM-RX] [86] <0.00 -28.19 -3.25> result: 90.00 99.01 -81.96 0.00 90.97 0.00
[21:54:00.974] [ARM-RX] [87] <0.00 -28.90 -3.33> result: 90.00 99.20 -81.75 0.00 90.95 0.00
[21:54:00.974] [ARM-RX] [88] <0.00 -29.61 -3.42> result: 90.00 99.38 -81.55 0.00 90.92 0.0
[21:54:01.000] [ARM-RX] 0
[21:54:01.000] [ARM-RX] [89] <0.00 -30.32 -3.50> result: 90.00 99.56 -81.34 0.00 90.90 0.00
[21:54:01.000] [ARM-RX] [90] <0.00 -31.03 -3.58> result: 90.00 99.74 -81.13 0.00 90.87 0.00
[21:54:01.000] [ARM-RX] [91] <0.00 -31.74 -3.66> result: 90.00 99.92 -80.92 0.00 90.84 0.00
[21:54:01.001] [ARM-RX] [92] <0.00 -32.46 -3.74> result: 90.00 100.09
[21:54:01.020] [ARM-RX] -80.71 0.00 90.80 0.00
[21:54:01.021] [ARM-RX] [93] <0.00 -33.17 -3.83> result: 90.00 100.27 -80.50 0.00 90.77 0.00
[21:54:01.021] [ARM-RX] [94] <0.00 -33.89 -3.91> result: 90.00 100.44 -80.29 0.00 90.74 0.00
[21:54:01.021] [ARM-RX] [95] <0.00 -34.60 -3.99> result: 90.00 100.62 -80.08 0.00 90.70 0.00
[21:54:01.021] [ARM-RX] [96] <0.00 -35.32 -4.0
[21:54:01.043] [ARM-RX] 7> result: 90.00 100.79 -79.87 0.00 90.66 0.00
[21:54:01.044] [ARM-RX] [97] <0.00 -36.03 -4.16> result: 90.00 100.96 -79.66 0.00 90.62 0.00
[21:54:01.044] [ARM-RX] [98] <0.00 -36.75 -4.24> result: 90.00 101.14 -79.45 0.00 90.58 0.00
[21:54:01.044] [ARM-RX] [99] <0.00 -37.46 -4.32> result: 90.00 101.31 -79.24 0.00 90.54 0.00
[21:54:01.066] [ARM-RX] [100] <0.00 -38.18 -4.41> result: 90.00 101.47 -79.02 0.00 90.50 0.00
[21:54:01.066] [ARM-RX] [101] <0.00 -38.89 -4.49> result: 90.00 101.64 -78.81 0.00 90.46 0.00
[21:54:01.066] [ARM-RX] [102] <0.00 -39.61 -4.57> result: 90.00 101.81 -78.60 0.00 90.41 0.00
[21:54:01.066] [ARM-RX] [103] <0.00 -40.32 -4.65> result: 90.00 1
[21:54:01.089] [ARM-RX] 01.98 -78.39 0.00 90.37 0.00
[21:54:01.089] [ARM-RX] [104] <0.00 -41.04 -4.74> result: 90.00 102.14 -78.18 0.00 90.32 0.00
[21:54:01.089] [ARM-RX] [105] <0.00 -41.75 -4.82> result: 90.00 102.31 -77.96 0.00 90.27 0.00
[21:54:01.089] [ARM-RX] [106] <0.00 -42.47 -4.90> result: 90.00 102.47 -77.75 0.00 90.22 0.00
[21:54:01.089] [ARM-RX] [107] <0.00 -
[21:54:01.111] [ARM-RX] 43.18 -4.98> result: 90.00 102.63 -77.54 0.00 90.17 0.00
[21:54:01.112] [ARM-RX] [108] <0.00 -43.90 -5.07> result: 90.00 102.79 -77.33 0.00 90.12 0.00
[21:54:01.112] [ARM-RX] [109] <0.00 -44.61 -5.15> result: 90.00 102.95 -77.11 0.00 90.07 0.00
[21:54:01.112] [ARM-RX] [110] <0.00 -45.33 -5.23> result: 90.00 103.12 -76.90 0.
[21:54:01.145] [ARM-RX] 00 90.02 0.00
[21:54:01.146] [ARM-RX] [111] <0.00 -46.05 -5.31> result: 90.00 103.27 -76.69 0.00 89.96 0.00
[21:54:01.146] [ARM-RX] [112] <0.00 -46.76 -5.40> result: 90.00 103.43 -76.47 0.00 89.91 0.00
[21:54:01.146] [ARM-RX] [113] <0.00 -47.48 -5.48> result: 90.00 103.59 -76.26 0.00 89.85 0.00
[21:54:01.146] [ARM-RX] [114] <0.00 -48.19 -5.56> re
[21:54:01.168] [ARM-RX] sult: 90.00 103.75 -76.05 0.00 89.80 0.00
[21:54:01.169] [ARM-RX] [115] <0.00 -48.91 -5.64> result: 90.00 103.91 -75.83 0.00 89.74 0.00
[21:54:01.169] [ARM-RX] [116] <0.00 -49.62 -5.73> result: 90.00 104.06 -75.62 0.00 89.68 0.00
[21:54:01.169] [ARM-RX] [117] <0.00 -50.34 -5.81> result: 90.00 104.22 -75.40 0.00 89.62 0.00
[21:54:01.192] [ARM-RX] [118] <0.00 -51.05 -5.89> result: 90.00 104.37 -75.19 0.00 89.56 0.00
[21:54:01.192] [ARM-RX] [119] <0.00 -51.77 -5.97> result: 90.00 104.53 -74.98 0.00 89.50 0.00
[21:54:01.192] [ARM-RX] [120] <0.00 -52.48 -6.06> result: 90.00 104.68 -74.76 0.00 89.44 0.00
[21:54:01.193] [ARM-RX] [121] <0.00 -53.20 -6.14> result: 90.00 104
[21:54:01.214] [ARM-RX] .83 -74.55 0.00 89.38 0.00
[21:54:01.214] [ARM-RX] [122] <0.00 -53.91 -6.22> result: 90.00 104.99 -74.33 0.00 89.32 0.00
[21:54:01.215] [ARM-RX] [123] <0.00 -54.63 -6.30> result: 90.00 105.14 -74.12 0.00 89.25 0.00
[21:54:01.215] [ARM-RX] [124] <0.00 -55.34 -6.39> result: 90.00 105.29 -73.90 0.00 89.19 0.00
[21:54:01.215] [ARM-RX] [125] <0.00 -56
[21:54:01.240] [ARM-RX] .06 -6.47> result: 90.00 105.44 -73.68 0.00 89.12 0.00
[21:54:01.240] [ARM-RX] [126] <0.00 -56.77 -6.55> result: 90.00 105.59 -73.47 0.00 89.06 0.00
[21:54:01.240] [ARM-RX] [127] <0.00 -57.49 -6.63> result: 90.00 105.74 -73.25 0.00 88.99 0.00
[21:54:01.240] [ARM-RX] [128] <0.00 -58.20 -6.72> result: 90.00 105.89 -73.04 0.00
[21:54:01.260] [ARM-RX] 88.93 0.00
[21:54:01.261] [ARM-RX] [129] <0.00 -58.92 -6.80> result: 90.00 106.04 -72.82 0.00 88.86 0.00
[21:54:01.261] [ARM-RX] [130] <0.00 -59.64 -6.88> result: 90.00 106.19 -72.60 0.00 88.79 0.00
[21:54:01.261] [ARM-RX] [131] <0.00 -60.35 -6.96> result: 90.00 106.33 -72.39 0.00 88.72 0.00
[21:54:01.262] [ARM-RX] [132] <0.00 -61.07 -7.05> resu
[21:54:01.284] [ARM-RX] lt: 90.00 106.48 -72.17 0.00 88.65 0.00
[21:54:01.284] [ARM-RX] [133] <0.00 -61.78 -7.13> result: 90.00 106.63 -71.95 0.00 88.58 0.00
[21:54:01.285] [ARM-RX] [134] <0.00 -62.50 -7.21> result: 90.00 106.77 -71.74 0.00 88.51 0.00
[21:54:01.291] [ARM-RX] [135] <0.00 -63.21 -7.29> result: 90.00 106.92 -71.52 0.00 88.44 0.00
[21:54:01.291] [ARM-RX] [1
[21:54:01.317] [ARM-RX] 36] <0.00 -63.93 -7.38> result: 90.00 107.07 -71.30 0.00 88.37 0.00
[21:54:01.318] [ARM-RX] [137] <0.00 -64.64 -7.46> result: 90.00 107.21 -71.09 0.00 88.30 0.00
[21:54:01.318] [ARM-RX] [138] <0.00 -65.36 -7.54> result: 90.00 107.36 -70.87 0.00 88.22 0.00
[21:54:01.318] [ARM-RX] [139] <0.00 -66.07 -7.62> result: 90.00 107.5
[21:54:01.340] [ARM-RX] 0 -70.65 0.00 88.15 0.00
[21:54:01.341] [ARM-RX] [140] <0.00 -66.79 -7.71> result: 90.00 107.64 -70.43 0.00 88.08 0.00
[21:54:01.341] [ARM-RX] [141] <0.00 -67.50 -7.79> result: 90.00 107.79 -70.21 0.00 88.00 0.00
[21:54:01.341] [ARM-RX] [142] <0.00 -68.22 -7.87> result: 90.00 107.93 -70.00 0.00 87.93 0.00
[21:54:01.341] [ARM-RX] [143] <0.00 -68.9
[21:54:01.364] [ARM-RX] 3 -7.95> result: 90.00 108.07 -69.78 0.00 87.85 0.00
[21:54:01.364] [ARM-RX] [144] <0.00 -69.65 -8.04> result: 90.00 108.22 -69.56 0.00 87.78 0.00
[21:54:01.364] [ARM-RX] [145] <0.00 -70.36 -8.12> result: 90.00 108.36 -69.34 0.00 87.70 0.00
[21:54:01.365] [ARM-RX] [146] <0.00 -71.08 -8.20> result: 90.00 108.50 -69.12 0.00 8
[21:54:01.387] [ARM-RX] 7.62 0.00
[21:54:01.387] [ARM-RX] [147] <0.00 -71.79 -8.28> result: 90.00 108.64 -68.90 0.00 87.54 0.00
[21:54:01.387] [ARM-RX] [148] <0.00 -72.51 -8.37> result: 90.00 108.78 -68.68 0.00 87.47 0.00
[21:54:01.388] [ARM-RX] [149] <0.00 -73.23 -8.45> result: 90.00 108.93 -68.46 0.00 87.39 0.00
[21:54:01.388] [ARM-RX] [150] <0.00 -73.94 -8.53> result
[21:54:01.409] [ARM-RX] : 90.00 109.07 -68.24 0.00 87.31 0.00
[21:54:01.410] [ARM-RX] [151] <0.00 -74.66 -8.61> result: 90.00 109.21 -68.02 0.00 87.23 0.00
[21:54:01.410] [ARM-RX] [152] <0.00 -75.37 -8.70> result: 90.00 109.35 -67.80 0.00 87.15 0.00
[21:54:01.410] [ARM-RX] [153] <0.00 -76.09 -8.78> result: 90.00 109.49 -67.58 0.00 87.07 0.00
[21:54:01.410] [ARM-RX] [154
[21:54:01.432] [ARM-RX] ] <0.00 -76.80 -8.86> result: 90.00 109.63 -67.36 0.00 86.99 0.00
[21:54:01.432] [ARM-RX] [155] <0.00 -77.52 -8.94> result: 90.00 109.76 -67.14 0.00 86.91 0.00
[21:54:01.433] [ARM-RX] [156] <0.00 -78.23 -9.03> result: 90.00 109.90 -66.92 0.00 86.83 0.00
[21:54:01.433] [ARM-RX] [157] <0.00 -78.95 -9.11> result: 90.00 110.04
[21:54:01.455] [ARM-RX] -66.70 0.00 86.74 0.00
[21:54:01.456] [ARM-RX] [158] <0.00 -79.66 -9.19> result: 90.00 110.18 -66.48 0.00 86.66 0.00
[21:54:01.456] [ARM-RX] [159] <0.00 -80.38 -9.27> result: 90.00 110.32 -66.26 0.00 86.58 0.00
[21:54:01.457] [ARM-RX] [160] <0.00 -81.09 -9.36> result: 90.00 110.46 -66.04 0.00 86.50 0.00
[21:54:01.457] [ARM-RX] [161] <0.00 -81.81
[21:54:01.478] [ARM-RX] -9.44> result: 90.00 110.60 -65.82 0.00 86.41 0.00
[21:54:01.479] [ARM-RX] [162] <0.00 -82.52 -9.52> result: 90.00 110.73 -65.59 0.00 86.33 0.00
[21:54:01.479] [ARM-RX] [163] <0.00 -83.24 -9.60> result: 90.00 110.87 -65.37 0.00 86.24 0.00
[21:54:01.480] [ARM-RX] [164] <0.00 -83.95 -9.69> result: 90.00 111.01 -65.15 0.00 86.
[21:54:01.512] [ARM-RX] 16 0.00
[21:54:01.513] [ARM-RX] [165] <0.00 -84.67 -9.77> result: 90.00 111.14 -64.93 0.00 86.07 0.00
[21:54:01.513] [ARM-RX] [166] <0.00 -85.38 -9.85> result: 90.00 111.28 -64.71 0.00 85.99 0.00
[21:54:01.513] [ARM-RX] [167] <0.00 -86.10 -9.93> result: 90.00 111.42 -64.48 0.00 85.90 0.00
[21:54:01.515] [ARM-RX] [168] <0.00 -86.81 -10.02> result:
[21:54:01.536] [ARM-RX] 90.00 111.55 -64.26 0.00 85.81 0.00
[21:54:01.536] [ARM-RX] [169] <0.00 -87.53 -10.10> result: 90.00 111.69 -64.04 0.00 85.73 0.00
[21:54:01.536] [ARM-RX] [170] <0.00 -88.25 -10.18> result: 90.00 111.83 -63.81 0.00 85.64 0.00
[21:54:01.537] [ARM-RX] [171] <0.00 -88.96 -10.26> result: 90.00 111.96 -63.59 0.00 85.55 0.00
[21:54:01.537] [ARM-RX] [1
[21:54:01.561] [ARM-RX] 72] <0.00 -89.68 -10.35> result: 90.00 112.10 -63.37 0.00 85.46 0.00
[21:54:01.562] [ARM-RX] [173] <0.00 -90.39 -10.43> result: 90.00 112.23 -63.14 0.00 85.38 0.00
[21:54:01.562] [ARM-RX] [174] <0.00 -91.11 -10.51> result: 90.00 112.37 -62.92 0.00 85.29 0.00
[21:54:01.562] [ARM-RX] [175] <0.00 -91.82 -10.59> result: 90.00 1
[21:54:01.581] [ARM-RX] 12.50 -62.70 0.00 85.20 0.00
[21:54:01.582] [ARM-RX] [176] <0.00 -92.54 -10.68> result: 90.00 112.64 -62.47 0.00 85.11 0.00
[21:54:01.582] [ARM-RX] [177] <0.00 -93.25 -10.76> result: 90.00 112.77 -62.25 0.00 85.02 0.00
[21:54:01.582] [ARM-RX] [178] <0.00 -93.97 -10.84> result: 90.00 112.91 -62.02 0.00 84.93 0.00
[21:54:01.582] [ARM-RX] [179] <0.0
[21:54:01.606] [ARM-RX] 0 -94.68 -10.92> result: 90.00 113.04 -61.80 0.00 84.84 0.00
[21:54:01.606] [ARM-RX] [180] <0.00 -95.40 -11.01> result: 90.00 113.18 -61.57 0.00 84.75 0.00
[21:54:01.606] [ARM-RX] [181] <0.00 -96.11 -11.09> result: 90.00 113.31 -61.35 0.00 84.66 0.00
[21:54:01.606] [ARM-RX] [182] <0.00 -96.83 -11.17> result: 90.00 113.44 -6
[21:54:01.627] [ARM-RX] 1.12 0.00 84.57 0.00
[21:54:01.627] [ARM-RX] [183] <0.00 -97.54 -11.26> result: 90.00 113.58 -60.90 0.00 84.48 0.00
[21:54:01.628] [ARM-RX] [184] <0.00 -98.26 -11.34> result: 90.00 113.71 -60.67 0.00 84.38 0.00
[21:54:01.628] [ARM-RX] [185] <0.00 -98.97 -11.42> result: 90.00 113.85 -60.45 0.00 84.29 0.00
[21:54:01.628] [ARM-RX] [186] <0.00 -99.68
[21:54:01.650] [ARM-RX] -11.50> result: 90.00 113.98 -60.22 0.00 84.20 0.00
[21:54:01.651] [ARM-RX] [187] <0.00 -100.39 -11.58> result: 90.00 114.11 -60.00 0.00 84.11 0.00
[21:54:01.651] [ARM-RX] [188] <0.00 -101.10 -11.67> result: 90.00 114.24 -59.77 0.00 84.01 0.00
[21:54:01.652] [ARM-RX] [189] <0.00 -101.80 -11.75> result: 90.00 114.37 -59.55
[21:54:01.684] [ARM-RX] 0.00 83.92 0.00
[21:54:01.685] [ARM-RX] [190] <0.00 -102.51 -11.83> result: 90.00 114.50 -59.33 0.00 83.83 0.00
[21:54:01.685] [ARM-RX] [191] <0.00 -103.20 -11.91> result: 90.00 114.63 -59.10 0.00 83.74 0.00
[21:54:01.685] [ARM-RX] [192] <0.00 -103.90 -11.99> result: 90.00 114.76 -58.88 0.00 83.65 0.00
[21:54:01.685] [ARM-RX] [193] <0.00 -104.59
[21:54:01.709] [ARM-RX] -12.07> result: 90.00 114.89 -58.66 0.00 83.56 0.00
[21:54:01.709] [ARM-RX] [194] <0.00 -105.28 -12.15> result: 90.00 115.02 -58.44 0.00 83.46 0.00
[21:54:01.709] [ARM-RX] [195] <0.00 -105.96 -12.23> result: 90.00 115.15 -58.23 0.00 83.37 0.00
[21:54:01.709] [ARM-RX] [196] <0.00 -106.63 -12.30> result: 90.00 115.27 -58.01 0
[21:54:01.730] [ARM-RX] .00 83.28 0.00
[21:54:01.731] [ARM-RX] [197] <0.00 -107.30 -12.38> result: 90.00 115.40 -57.80 0.00 83.19 0.00
[21:54:01.731] [ARM-RX] [198] <0.00 -107.97 -12.46> result: 90.00 115.52 -57.59 0.00 83.10 0.00
[21:54:01.732] [ARM-RX] [199] <0.00 -108.62 -12.53> result: 90.00 115.64 -57.38 0.00 83.02 0.00
[21:54:01.732] [ARM-RX] [200] <0.00 -109.28 -
[21:54:01.753] [ARM-RX] 12.61> result: 90.00 115.76 -57.17 0.00 82.93 0.00
[21:54:01.753] [ARM-RX] [201] <0.00 -109.92 -12.68> result: 90.00 115.88 -56.96 0.00 82.84 0.00
[21:54:01.754] [ARM-RX] [202] <0.00 -110.56 -12.76> result: 90.00 116.00 -56.76 0.00 82.75 0.00
[21:54:01.754] [ARM-RX] [203] <0.00 -111.19 -12.83> result: 90.00 116.11 -56.55 0.
[21:54:01.776] [ARM-RX] 00 82.67 0.00
[21:54:01.776] [ARM-RX] [204] <0.00 -111.81 -12.90> result: 90.00 116.23 -56.36 0.00 82.58 0.00
[21:54:01.776] [ARM-RX] [205] <0.00 -112.42 -12.97> result: 90.00 116.34 -56.16 0.00 82.50 0.00
[21:54:01.777] [ARM-RX] [206] <0.00 -113.02 -13.04> result: 90.00 116.45 -55.96 0.00 82.42 0.00
[21:54:01.777] [ARM-RX] [207] <0.00 -113.62 -1
[21:54:01.802] [ARM-RX] 3.11> result: 90.00 116.56 -55.77 0.00 82.33 0.00
[21:54:01.803] [ARM-RX] [208] <0.00 -114.21 -13.18> result: 90.00 116.67 -55.58 0.00 82.25 0.00
[21:54:01.803] [ARM-RX] [209] <0.00 -114.79 -13.24> result: 90.00 116.78 -55.40 0.00 82.17 0.00
[21:54:01.803] [ARM-RX] [210] <0.00 -115.35 -13.31> result: 90.00 116.88 -55.21 0.0
[21:54:01.823] [ARM-RX] 0 82.10 0.00
[21:54:01.823] [ARM-RX] [211] <0.00 -115.91 -13.37> result: 90.00 116.99 -55.03 0.00 82.02 0.00
[21:54:01.824] [ARM-RX] [212] <0.00 -116.46 -13.44> result: 90.00 117.09 -54.86 0.00 81.94 0.00
[21:54:01.824] [ARM-RX] [213] <0.00 -117.00 -13.50> result: 90.00 117.19 -54.68 0.00 81.87 0.00
[21:54:01.825] [ARM-RX] [214] <0.00 -117.53 -13
[21:54:01.852] [ARM-RX] .56> result: 90.00 117.28 -54.51 0.00 81.79 0.00
[21:54:01.853] [ARM-RX] [215] <0.00 -118.04 -13.62> result: 90.00 117.38 -54.34 0.00 81.72 0.00
[21:54:01.853] [ARM-RX] [216] <0.00 -118.55 -13.68> result: 90.00 117.47 -54.18 0.00 81.65 0.00
[21:54:01.853] [ARM-RX] [217] <0.00 -119.05 -13.74> result: 90.00 117.56 -54.02 0.00
[21:54:01.880] [ARM-RX] 81.58 0.00
[21:54:01.881] [ARM-RX] [218] <0.00 -119.53 -13.79> result: 90.00 117.65 -53.86 0.00 81.51 0.00
[21:54:01.881] [ARM-RX] [219] <0.00 -120.00 -13.85> result: 90.00 117.74 -53.71 0.00 81.45 0.00
[21:54:01.881] [ARM-RX] [220] <0.00 -120.47 -13.90> result: 90.00 117.82 -53.56 0.00 81.38 0.00
[21:54:01.882] [ARM-RX] [221] <0.00 -120.92 -13.
[21:54:01.908] [ARM-RX] 95> result: 90.00 117.91 -53.41 0.00 81.32 0.00
[21:54:01.908] [ARM-RX] [222] <0.00 -121.35 -14.00> result: 90.00 117.99 -53.27 0.00 81.25 0.00
[21:54:01.908] [ARM-RX] [223] <0.00 -121.78 -14.05> result: 90.00 118.07 -53.13 0.00 81.19 0.00
[21:54:01.908] [ARM-RX] [224] <0.00 -122.20 -14.10> result: 90.00 118.14 -52.99 0.00
[21:54:01.929] [ARM-RX] 81.13 0.00
[21:54:01.929] [ARM-RX] [225] <0.00 -122.60 -14.15> result: 90.00 118.22 -52.86 0.00 81.08 0.00
[21:54:01.930] [ARM-RX] [226] <0.00 -122.99 -14.19> result: 90.00 118.29 -52.73 0.00 81.02 0.00
[21:54:01.930] [ARM-RX] [227] <0.00 -123.37 -14.24> result: 90.00 118.36 -52.61 0.00 80.97 0.00
[21:54:01.930] [ARM-RX] [228] <0.00 -123.74 -14.2
[21:54:01.950] [ARM-RX] 8> result: 90.00 118.43 -52.49 0.00 80.91 0.00
[21:54:01.950] [ARM-RX] [229] <0.00 -124.10 -14.32> result: 90.00 118.49 -52.37 0.00 80.86 0.00
[21:54:01.950] [ARM-RX] [230] <0.00 -124.44 -14.36> result: 90.00 118.55 -52.26 0.00 80.81 0.00
[21:54:01.950] [ARM-RX] [231] <0.00 -124.77 -14.40> result: 90.00 118.62 -52.15 0.00 8
[21:54:01.971] [ARM-RX] 0.77 0.00
[21:54:01.972] [ARM-RX] [232] <0.00 -125.09 -14.43> result: 90.00 118.67 -52.05 0.00 80.72 0.00
[21:54:01.972] [ARM-RX] [233] <0.00 -125.40 -14.47> result: 90.00 118.73 -51.94 0.00 80.68 0.00
[21:54:01.972] [ARM-RX] [234] <0.00 -125.70 -14.50> result: 90.00 118.79 -51.85 0.00 80.63 0.00
[21:54:01.972] [ARM-RX] [235] <0.00 -125.98 -14.54
[21:54:01.996] [ARM-RX] > result: 90.00 118.84 -51.75 0.00 80.59 0.00
[21:54:01.996] [ARM-RX] [236] <0.00 -126.26 -14.57> result: 90.00 118.89 -51.66 0.00 80.55 0.00
[21:54:01.996] [ARM-RX] [237] <0.00 -126.52 -14.60> result: 90.00 118.94 -51.58 0.00 80.52 0.00
[21:54:01.996] [ARM-RX] [238] <0.00 -126.77 -14.63> result: 90.00 118.98 -51.50 0.00 80
[21:54:02.017] [ARM-RX] .48 0.00
[21:54:02.018] [ARM-RX] [239] <0.00 -127.01 -14.66> result: 90.00 119.03 -51.42 0.00 80.44 0.00
[21:54:02.018] [ARM-RX] [240] <0.00 -127.24 -14.68> result: 90.00 119.07 -51.34 0.00 80.41 0.00
[21:54:02.018] [ARM-RX] [241] <0.00 -127.46 -14.71> result: 90.00 119.11 -51.27 0.00 80.38 0.00
[21:54:02.019] [ARM-RX] [242] <0.00 -127.66 -14.73>
[21:54:02.053] [ARM-RX] result: 90.00 119.15 -51.20 0.00 80.35 0.00
[21:54:02.053] [ARM-RX] [243] <0.00 -127.86 -14.75> result: 90.00 119.18 -51.14 0.00 80.32 0.00
[21:54:02.053] [ARM-RX] [244] <0.00 -128.04 -14.77> result: 90.00 119.22 -51.08 0.00 80.30 0.00
[21:54:02.053] [ARM-RX] [245] <0.00 -128.22 -14.79> result: 90.00 119.25 -51.02 0.00 80.
[21:54:02.075] [ARM-RX] 27 0.00
[21:54:02.076] [ARM-RX] [246] <0.00 -128.38 -14.81> result: 90.00 119.28 -50.97 0.00 80.25 0.00
[21:54:02.076] [ARM-RX] [247] <0.00 -128.53 -14.83> result: 90.00 119.31 -50.92 0.00 80.22 0.00
[21:54:02.076] [ARM-RX] [248] <0.00 -128.68 -14.85> result: 90.00 119.33 -50.87 0.00 80.20 0.00
[21:54:02.076] [ARM-RX] [249] <0.00 -128.82 -14.86>
[21:54:02.099] [ARM-RX] result: 90.00 119.36 -50.82 0.00 80.18 0.00
[21:54:02.099] [ARM-RX] [250] <0.00 -128.94 -14.88> result: 90.00 119.38 -50.78 0.00 80.16 0.00
[21:54:02.100] [ARM-RX] [251] <0.00 -129.06 -14.89> result: 90.00 119.40 -50.74 0.00 80.15 0.00
[21:54:02.100] [ARM-RX] [252] <0.00 -129.17 -14.90> result: 90.00 119.42 -50.71 0.00 80.1
[21:54:02.124] [ARM-RX] 3 0.00
[21:54:02.124] [ARM-RX] [253] <0.00 -129.27 -14.92> result: 90.00 119.44 -50.68 0.00 80.12 0.00
[21:54:02.124] [ARM-RX] [254] <0.00 -129.36 -14.93> result: 90.00 119.46 -50.65 0.00 80.10 0.00
[21:54:02.125] [ARM-RX] [255] <0.00 -129.44 -14.94> result: 90.00 119.47 -50.62 0.00 80.09 0.00
[21:54:02.125] [ARM-RX] [256] <0.00 -129.52 -14.94> r
[21:54:02.147] [ARM-RX] esult: 90.00 119.49 -50.59 0.00 80.08 0.00
[21:54:02.147] [ARM-RX] [257] <0.00 -129.59 -14.95> result: 90.00 119.50 -50.57 0.00 80.07 0.00
[21:54:02.148] [ARM-RX] [258] <0.00 -129.65 -14.96> result: 90.00 119.51 -50.55 0.00 80.06 0.00
[21:54:02.148] [ARM-RX] [259] <0.00 -129.71 -14.97> result: 90.00 119.52 -50.53 0.00 80.05
[21:54:02.166] [ARM-RX] 0.00
[21:54:02.168] [ARM-RX] [260] <0.00 -129.76 -14.97> result: 90.00 119.53 -50.51 0.00 80.05 0.00
[21:54:02.168] [ARM-RX] [261] <0.00 -129.80 -14.98> result: 90.00 119.54 -50.50 0.00 80.04 0.00
[21:54:02.169] [ARM-RX] [262] <0.00 -129.84 -14.98> result: 90.00 119.55 -50.49 0.00 80.03 0.00
[21:54:02.169] [ARM-RX] [263] <0.00 -129.87 -14.99> re
[21:54:02.190] [ARM-RX] sult: 90.00 119.55 -50.48 0.00 80.03 0.00
[21:54:02.191] [ARM-RX] [264] <0.00 -129.90 -14.99> result: 90.00 119.56 -50.47 0.00 80.02 0.00
[21:54:02.191] [ARM-RX] [265] <0.00 -129.92 -14.99> result: 90.00 119.56 -50.46 0.00 80.02 0.00
[21:54:02.191] [ARM-RX] [266] <0.00 -129.94 -14.99> result: 90.00 119.57 -50.45 0.00 80.02
[21:54:02.217] [ARM-RX] 0.00
[21:54:02.218] [ARM-RX] [267] <0.00 -129.96 -15.00> result: 90.00 119.57 -50.45 0.00 80.02 0.00
[21:54:02.218] [ARM-RX] [268] <0.00 -129.97 -15.00> result: 90.00 119.57 -50.44 0.00 80.01 0.00
[21:54:02.218] [ARM-RX] [269] <0.00 -129.98 -15.00> result: 90.00 119.57 -50.44 0.00 80.01 0.00
[21:54:02.218] [ARM-RX] [270] <0.00 -129.99 -15.00> res
[21:54:02.247] [ARM-RX] ult: 90.00 119.57 -50.44 0.00 80.01 0.00
[21:54:02.248] [ARM-RX] [271] <0.00 -129.99 -15.00> result: 90.00 119.58 -50.44 0.00 80.01 0.00
[21:54:02.248] [ARM-RX] [272] <0.00 -130.00 -15.00> result: 90.00 119.58 -50.43 0.00 80.01 0.00
[21:54:02.249] [ARM-RX] [273] <0.00 -130.00 -15.00> result: 90.00 119.58 -50.43 0.00 80.01 0
[21:54:02.269] [ARM-RX] .00
[21:54:02.271] [ARM-RX] [274] <0.00 -130.00 -15.00> result: 90.00 119.58 -50.43 0.00 80.01 0.00
[21:54:02.271] [ARM-RX] [275] <0.00 -130.00 -15.00> result: 90.00 119.58 -50.43 0.00 80.01 0.00
[21:54:02.271] [ARM-RX] [276] <0.00 -130.00 -15.00> result: 90.00 119.58 -50.43 0.00 80.01 0.00
[21:54:02.332] [ARM-RX] lid=1
[21:54:05.131] [ARM-RX] [joint 1] ave_error:0.00
[21:54:05.131] [ARM-RX] [joint 2] ave_error:1.85
[21:54:05.131] [ARM-RX] [joint 3] ave_error:2.09
[21:54:05.131] [ARM-RX] [joint 4] ave_error:0.00
[21:54:05.132] [ARM-RX] [joint 5] ave_error:
[21:54:05.192] [ARM-RX] 0.68
[21:54:05.192] [ARM-RX] robot pid run finished!!
[21:54:05.254] [ARM-RX] [joint_id: 0] ROBOT_JOINT_ABS_ROTATE 115.000000
[21:54:06.498] [ARM-RX] [joint_id: 3] ROBOT_JOINT_ABS_ROTATE 35.000000
[21:54:08.058] [ARM-RX] [joint_id: 4] ROBOT_JOINT_ABS_ROTATE 80.000000
[21:54:08.231] [JETSON-RX] A5 5A 01 81 A6 03 10 03 00 1C B9
[21:54:08.231] [JETSON-STATUS] CAPTURE_POINT_RIGHT: A5 5A 01 81 A6 03 10 03 00 1C B9
[21:54:09.320] [JETSON-TX] CAPTURE_CTRL a=2 p=0: A5 5A 01 04 B4 02 02 00 77 5A
[21:54:09.370] [ARM-RX] [JETSON_RX] capture_ctrl action=2 point=0
[21:54:09.370] [ARM-RX] [CAPTURE] request action=2 point=0
[21:54:09.370] [ARM-RX] ROBOT_SOFT_RESET_EVENT
[21:54:09.370] [ARM-RX] --- Starting soft reset ---
[21:54:09.556] [ARM-RX] Soft reset motors enabled (J1~J5, J6 skipped).
[21:54:09.557] [ARM-RX] Soft resetting joint 4...
[21:54:09.618] [ARM-RX] robot_update_current_angle 4...
[21:54:09.618] [ARM-RX] [4] current:80.02, target:90.00, dir:1
[21:54:10.622] [ARM-RX] Soft resetting joint 3...
[21:54:10.684] [ARM-RX] robot_update_current_angle 3...
[21:54:10.684] [ARM-RX] [3] current:35.00, target:0.00, dir:-1
[21:54:12.679] [ARM-RX] soft reset joint 3 settle timeout, keep going
[21:54:12.679] [ARM-RX] Soft resetting joint 1...
[21:54:12.741] [ARM-RX] robot_update_current_angle 1...
[21:54:12.741] [ARM-RX] [1] current:119.37, target:90.00, dir:-1
[21:54:14.677] [ARM-RX] soft reset joint 1 settle timeout, keep going
[21:54:14.677] [ARM-RX] Soft resetting joint 2...
[21:54:14.677] [ARM-RX] robot_update_current_angle 2...
[21:54:14.678] [ARM-RX] [2] current:-51.09, target:-90.00, dir:-1
[21:54:16.856] [ARM-RX] soft reset joint 2 settle timeout, keep going
[21:54:16.856] [ARM-RX] Soft resetting joint 0...
[21:54:16.856] [ARM-RX] robot_update_current_angle 0...
[21:54:16.856] [ARM-RX] [0] current:115.00, target:90.00, dir:-1
[21:54:18.664] [ARM-RX] soft reset joint 0 settle timeout, keep going
[21:54:18.727] [ARM-RX] soft reset verify not pass, start refine loop...
[21:54:18.789] [ARM-RX] soft reset refine joint 0 round 1: cur=92.99 target=90.00 err=2.99 dir=-1
[21:54:19.600] [ARM-RX] soft reset refine pass 1 success.
[21:54:19.600] [ARM-RX] soft reset final verify PASS (issues:4), pose set HOME.
[21:54:19.630] [JETSON-RX] A5 5A 01 81 1A 03 11 01 00 1D C2
[21:54:19.630] [JETSON-STATUS] CAPTURE_DONE_HOME: A5 5A 01 81 1A 03 11 01 00 1D C2
[21:54:20.680] [JETSON-TX] CAPTURE_CTRL a=3 p=3: A5 5A 01 04 26 02 03 03 1A 73
[21:54:25.249] [JETSON-TX] CAPTURE_CTRL a=3 p=3: A5 5A 01 04 56 02 03 03 00 B3
[21:54:25.291] [ARM-RX] [JETSON_RX] capture_ctrl action=3 point=3
[21:54:25.291] [ARM-RX] [CAPTURE] request action=3 point=3
[21:54:25.292] [ARM-RX] ROBOT_AUTO_EVENT
[21:54:25.292] [ARM-RX] AUTO slow profile scale=0.40 target=<0.00 -130.00 -15.00>
[21:54:25.292] [ARM-RX] [0] <0.00 0.00 0.00> result: 90.00 90.00 -90.00 0.00 90.00 0.0
[21:54:25.315] [ARM-RX] 0
[21:54:25.315] [ARM-RX] [1] <0.00 -0.00 -0.00> result: 90.00 90.00 -90.00 0.00 90.00 0.00
[21:54:25.315] [ARM-RX] [2] <0.00 -0.00 -0.00> result: 90.00 90.00 -90.00 0.00 90.00 0.00
[21:54:25.315] [ARM-RX] [3] <0.00 -0.00 -0.00> result: 90.00 90.00 -90.00 0.00 90.00 0.00
[21:54:25.315] [ARM-RX] [4] <0.00 -0.01 -0.00> result: 90.00 90.00 -90.00 0.
[21:54:25.335] [ARM-RX] 00 90.00 0.00
[21:54:25.335] [ARM-RX] [5] <0.00 -0.01 -0.00> result: 90.00 90.00 -90.00 0.00 90.00 0.00
[21:54:25.336] [ARM-RX] [6] <0.00 -0.02 -0.00> result: 90.00 90.01 -90.00 0.00 90.00 0.00
[21:54:25.336] [ARM-RX] [7] <0.00 -0.03 -0.00> result: 90.00 90.01 -89.99 0.00 90.00 0.00
[21:54:25.336] [ARM-RX] [8] <0.00 -0.04 -0.00> result: 90.00 90.
[21:54:25.358] [ARM-RX] 02 -89.99 0.00 90.01 0.00
[21:54:25.359] [ARM-RX] [9] <0.00 -0.06 -0.01> result: 90.00 90.02 -89.98 0.00 90.01 0.00
[21:54:25.359] [ARM-RX] [10] <0.00 -0.08 -0.01> result: 90.00 90.03 -89.98 0.00 90.01 0.00
[21:54:25.359] [ARM-RX] [11] <0.00 -0.10 -0.01> result: 90.00 90.04 -89.97 0.00 90.01 0.00
[21:54:25.359] [ARM-RX] [12] <0.00 -0.13 -0.01> re
[21:54:25.382] [ARM-RX] sult: 90.00 90.05 -89.96 0.00 90.02 0.00
[21:54:25.382] [ARM-RX] [13] <0.00 -0.16 -0.02> result: 90.00 90.07 -89.96 0.00 90.02 0.00
[21:54:25.382] [ARM-RX] [14] <0.00 -0.20 -0.02> result: 90.00 90.08 -89.95 0.00 90.03 0.00
[21:54:25.382] [ARM-RX] [15] <0.00 -0.24 -0.03> result: 90.00 90.10 -89.93 0.00 90.03 0.00
[21:54:25.383] [ARM-RX] [16] <0.00
[21:54:25.408] [ARM-RX] -0.29 -0.03> result: 90.00 90.12 -89.92 0.00 90.04 0.00
[21:54:25.408] [ARM-RX] [17] <0.00 -0.35 -0.04> result: 90.00 90.14 -89.90 0.00 90.05 0.00
[21:54:25.408] [ARM-RX] [18] <0.00 -0.41 -0.05> result: 90.00 90.17 -89.89 0.00 90.06 0.00
[21:54:25.408] [ARM-RX] [19] <0.00 -0.48 -0.06> result: 90.00 90.20 -89.87 0.00 90.07
[21:54:25.428] [ARM-RX] 0.00
[21:54:25.428] [ARM-RX] [20] <0.00 -0.56 -0.06> result: 90.00 90.23 -89.85 0.00 90.08 0.00
[21:54:25.428] [ARM-RX] [21] <0.00 -0.64 -0.07> result: 90.00 90.26 -89.82 0.00 90.09 0.00
[21:54:25.428] [ARM-RX] [22] <0.00 -0.73 -0.08> result: 90.00 90.30 -89.80 0.00 90.10 0.00
[21:54:25.429] [ARM-RX] [23] <0.00 -0.83 -0.10> result: 90.00 90.34 -8
[21:54:25.461] [ARM-RX] 9.77 0.00 90.11 0.00
[21:54:25.462] [ARM-RX] [24] <0.00 -0.94 -0.11> result: 90.00 90.39 -89.74 0.00 90.13 0.00
[21:54:25.462] [ARM-RX] [25] <0.00 -1.06 -0.12> result: 90.00 90.43 -89.71 0.00 90.14 0.00
[21:54:25.462] [ARM-RX] [26] <0.00 -1.18 -0.14> result: 90.00 90.48 -89.67 0.00 90.16 0.00
[21:54:25.462] [ARM-RX] [27] <0.00 -1.32 -0.15> result
[21:54:25.484] [ARM-RX] : 90.00 90.54 -89.64 0.00 90.17 0.00
[21:54:25.484] [ARM-RX] [28] <0.00 -1.46 -0.17> result: 90.00 90.60 -89.60 0.00 90.19 0.00
[21:54:25.485] [ARM-RX] [29] <0.00 -1.62 -0.19> result: 90.00 90.66 -89.55 0.00 90.21 0.00
[21:54:25.485] [ARM-RX] [30] <0.00 -1.78 -0.21> result: 90.00 90.72 -89.51 0.00 90.23 0.00
[21:54:25.485] [ARM-RX] [31] <0.00 -1.
[21:54:25.507] [ARM-RX] 96 -0.23> result: 90.00 90.79 -89.46 0.00 90.25 0.00
[21:54:25.507] [ARM-RX] [32] <0.00 -2.14 -0.25> result: 90.00 90.87 -89.41 0.00 90.27 0.00
[21:54:25.507] [ARM-RX] [33] <0.00 -2.34 -0.27> result: 90.00 90.94 -89.35 0.00 90.30 0.00
[21:54:25.507] [ARM-RX] [34] <0.00 -2.54 -0.29> result: 90.00 91.02 -89.30 0.00 90.32 0.00
[21:54:25.530] [ARM-RX] [35] <0.00 -2.76 -0.32> result: 90.00 91.11 -89.24 0.00 90.34 0.00
[21:54:25.530] [ARM-RX] [36] <0.00 -2.99 -0.34> result: 90.00 91.20 -89.17 0.00 90.37 0.00
[21:54:25.530] [ARM-RX] [37] <0.00 -3.23 -0.37> result: 90.00 91.29 -89.10 0.00 90.39 0.00
[21:54:25.531] [ARM-RX] [38] <0.00 -3.48 -0.40> result: 90.00 91.38 -89.04
[21:54:25.553] [ARM-RX] 0.00 90.42 0.00
[21:54:25.554] [ARM-RX] [39] <0.00 -3.74 -0.43> result: 90.00 91.48 -88.96 0.00 90.45 0.00
[21:54:25.554] [ARM-RX] [40] <0.00 -4.02 -0.46> result: 90.00 91.59 -88.89 0.00 90.47 0.00
[21:54:25.554] [ARM-RX] [41] <0.00 -4.30 -0.50> result: 90.00 91.69 -88.81 0.00 90.50 0.00
[21:54:25.554] [ARM-RX] [42] <0.00 -4.60 -0.53> result: 90
[21:54:25.576] [ARM-RX] .00 91.81 -88.72 0.00 90.53 0.00
[21:54:25.576] [ARM-RX] [43] <0.00 -4.91 -0.57> result: 90.00 91.92 -88.64 0.00 90.56 0.00
[21:54:25.576] [ARM-RX] [44] <0.00 -5.23 -0.60> result: 90.00 92.04 -88.55 0.00 90.58 0.00
[21:54:25.577] [ARM-RX] [45] <0.00 -5.56 -0.64> result: 90.00 92.16 -88.45 0.00 90.61 0.00
[21:54:25.577] [ARM-RX] [46] <0.00 -5.90 -
[21:54:25.599] [ARM-RX] 0.68> result: 90.00 92.28 -88.36 0.00 90.64 0.00
[21:54:25.599] [ARM-RX] [47] <0.00 -6.26 -0.72> result: 90.00 92.41 -88.26 0.00 90.67 0.00
[21:54:25.600] [ARM-RX] [48] <0.00 -6.63 -0.76> result: 90.00 92.55 -88.15 0.00 90.70 0.00
[21:54:25.600] [ARM-RX] [49] <0.00 -7.01 -0.81> result: 90.00 92.68 -88.05 0.00 90.73 0.00
[21:54:25.600] [ARM-RX] [5
[21:54:25.623] [ARM-RX] 0] <0.00 -7.40 -0.85> result: 90.00 92.82 -87.94 0.00 90.76 0.00
[21:54:25.624] [ARM-RX] [51] <0.00 -7.80 -0.90> result: 90.00 92.96 -87.82 0.00 90.78 0.00
[21:54:25.624] [ARM-RX] [52] <0.00 -8.22 -0.95> result: 90.00 93.10 -87.71 0.00 90.81 0.00
[21:54:25.624] [ARM-RX] [53] <0.00 -8.65 -1.00> result: 90.00 93.25 -87.58 0.0
[21:54:25.657] [ARM-RX] 0 90.84 0.00
[21:54:25.658] [ARM-RX] [54] <0.00 -9.08 -1.05> result: 90.00 93.40 -87.46 0.00 90.86 0.00
[21:54:25.658] [ARM-RX] [55] <0.00 -9.53 -1.10> result: 90.00 93.55 -87.33 0.00 90.89 0.00
[21:54:25.658] [ARM-RX] [56] <0.00 -10.00 -1.15> result: 90.00 93.71 -87.20 0.00 90.91 0.00
[21:54:25.659] [ARM-RX] [57] <0.00 -10.47 -1.21> result: 90.0
[21:54:25.679] [ARM-RX] 0 93.87 -87.07 0.00 90.94 0.00
[21:54:25.680] [ARM-RX] [58] <0.00 -10.95 -1.26> result: 90.00 94.03 -86.93 0.00 90.96 0.00
[21:54:25.680] [ARM-RX] [59] <0.00 -11.45 -1.32> result: 90.00 94.19 -86.79 0.00 90.98 0.00
[21:54:25.680] [ARM-RX] [60] <0.00 -11.96 -1.38> result: 90.00 94.35 -86.65 0.00 91.00 0.00
[21:54:25.680] [ARM-RX] [61] <0.00 -12.47
[21:54:25.702] [ARM-RX] -1.44> result: 90.00 94.52 -86.50 0.00 91.02 0.00
[21:54:25.703] [ARM-RX] [62] <0.00 -13.00 -1.50> result: 90.00 94.69 -86.35 0.00 91.04 0.00
[21:54:25.703] [ARM-RX] [63] <0.00 -13.54 -1.56> result: 90.00 94.86 -86.19 0.00 91.05 0.00
[21:54:25.704] [ARM-RX] [64] <0.00 -14.09 -1.63> result: 90.00 95.03 -86.04 0.00 91.07 0.0
[21:54:25.725] [ARM-RX] 0
[21:54:25.725] [ARM-RX] [65] <0.00 -14.65 -1.69> result: 90.00 95.20 -85.88 0.00 91.08 0.00
[21:54:25.726] [ARM-RX] [66] <0.00 -15.21 -1.76> result: 90.00 95.38 -85.72 0.00 91.09 0.00
[21:54:25.726] [ARM-RX] [67] <0.00 -15.79 -1.82> result: 90.00 95.55 -85.55 0.00 91.10 0.00
[21:54:25.726] [ARM-RX] [68] <0.00 -16.38 -1.89> result: 90.00 95.73 -
[21:54:25.749] [ARM-RX] 85.38 0.00 91.11 0.00
[21:54:25.756] [ARM-RX] [69] <0.00 -16.97 -1.96> result: 90.00 95.91 -85.21 0.00 91.12 0.00
[21:54:25.757] [ARM-RX] [70] <0.00 -17.58 -2.03> result: 90.00 96.09 -85.04 0.00 91.13 0.00
[21:54:25.757] [ARM-RX] [71] <0.00 -18.19 -2.10> result: 90.00 96.27 -84.86 0.00 91.13 0.00
[21:54:25.757] [ARM-RX] [72] <0.00 -18.81 -2.17> r
[21:54:25.771] [ARM-RX] esult: 90.00 96.45 -84.68 0.00 91.13 0.00
[21:54:25.772] [ARM-RX] [73] <0.00 -19.44 -2.24> result: 90.00 96.63 -84.50 0.00 91.13 0.00
[21:54:25.772] [ARM-RX] [74] <0.00 -20.08 -2.32> result: 90.00 96.81 -84.32 0.00 91.13 0.00
[21:54:25.772] [ARM-RX] [75] <0.00 -20.72 -2.39> result: 90.00 97.00 -84.13 0.00 91.13 0.00
[21:54:25.772] [ARM-RX] [76] <
[21:54:25.794] [ARM-RX] 0.00 -21.37 -2.47> result: 90.00 97.18 -83.94 0.00 91.12 0.00
[21:54:25.794] [ARM-RX] [77] <0.00 -22.03 -2.54> result: 90.00 97.36 -83.75 0.00 91.12 0.00
[21:54:25.795] [ARM-RX] [78] <0.00 -22.70 -2.62> result: 90.00 97.55 -83.56 0.00 91.11 0.00
[21:54:25.795] [ARM-RX] [79] <0.00 -23.37 -2.70> result: 90.00 97.73 -83.37 0.0
[21:54:25.832] [ARM-RX] 0 91.10 0.00
[21:54:25.833] [ARM-RX] [80] <0.00 -24.04 -2.77> result: 90.00 97.92 -83.17 0.00 91.08 0.00
[21:54:25.833] [ARM-RX] [81] <0.00 -24.72 -2.85> result: 90.00 98.10 -82.97 0.00 91.07 0.00
[21:54:25.833] [ARM-RX] [82] <0.00 -25.41 -2.93> result: 90.00 98.28 -82.77 0.00 91.05 0.00
[21:54:25.833] [ARM-RX] [83] <0.00 -26.10 -3.01> result: 90
[21:54:25.851] [ARM-RX] .00 98.47 -82.57 0.00 91.04 0.00
[21:54:25.851] [ARM-RX] [84] <0.00 -26.79 -3.09> result: 90.00 98.65 -82.37 0.00 91.02 0.00
[21:54:25.851] [ARM-RX] [85] <0.00 -27.49 -3.17> result: 90.00 98.83 -82.16 0.00 91.00 0.00
[21:54:25.851] [ARM-RX] [86] <0.00 -28.19 -3.25> result: 90.00 99.01 -81.96 0.00 90.97 0.00
[21:54:25.853] [ARM-RX] [87] <0.00 -28.
[21:54:25.875] [ARM-RX] 90 -3.33> result: 90.00 99.20 -81.75 0.00 90.95 0.00
[21:54:25.876] [ARM-RX] [88] <0.00 -29.61 -3.42> result: 90.00 99.38 -81.55 0.00 90.92 0.00
[21:54:25.876] [ARM-RX] [89] <0.00 -30.32 -3.50> result: 90.00 99.56 -81.34 0.00 90.90 0.00
[21:54:25.876] [ARM-RX] [90] <0.00 -31.03 -3.58> result: 90.00 99.74 -81.13 0.00 90.87 0
[21:54:25.897] [ARM-RX] .00
[21:54:25.897] [ARM-RX] [91] <0.00 -31.74 -3.66> result: 90.00 99.92 -80.92 0.00 90.84 0.00
[21:54:25.898] [ARM-RX] [92] <0.00 -32.46 -3.74> result: 90.00 100.09 -80.71 0.00 90.80 0.00
[21:54:25.898] [ARM-RX] [93] <0.00 -33.17 -3.83> result: 90.00 100.27 -80.50 0.00 90.77 0.00
[21:54:25.898] [ARM-RX] [94] <0.00 -33.89 -3.91> result: 90.00 100
[21:54:25.920] [ARM-RX] .44 -80.29 0.00 90.74 0.00
[21:54:25.920] [ARM-RX] [95] <0.00 -34.60 -3.99> result: 90.00 100.62 -80.08 0.00 90.70 0.00
[21:54:25.920] [ARM-RX] [96] <0.00 -35.32 -4.07> result: 90.00 100.79 -79.87 0.00 90.66 0.00
[21:54:25.921] [ARM-RX] [97] <0.00 -36.03 -4.16> result: 90.00 100.96 -79.66 0.00 90.62 0.00
[21:54:25.921] [ARM-RX] [98] <0.00 -36.75
[21:54:25.944] [ARM-RX] -4.24> result: 90.00 101.14 -79.45 0.00 90.58 0.00
[21:54:25.944] [ARM-RX] [99] <0.00 -37.46 -4.32> result: 90.00 101.31 -79.24 0.00 90.54 0.00
[21:54:25.944] [ARM-RX] [100] <0.00 -38.18 -4.41> result: 90.00 101.47 -79.02 0.00 90.50 0.00
[21:54:25.944] [ARM-RX] [101] <0.00 -38.89 -4.49> result: 90.00 101.64 -78.81 0.00 90.4
[21:54:25.970] [ARM-RX] 6 0.00
[21:54:25.970] [ARM-RX] [102] <0.00 -39.61 -4.57> result: 90.00 101.81 -78.60 0.00 90.41 0.00
[21:54:25.970] [ARM-RX] [103] <0.00 -40.32 -4.65> result: 90.00 101.98 -78.39 0.00 90.37 0.00
[21:54:25.970] [ARM-RX] [104] <0.00 -41.04 -4.74> result: 90.00 102.14 -78.18 0.00 90.32 0.00
[21:54:25.971] [ARM-RX] [105] <0.00 -41.75 -4.82> result: 9
[21:54:25.989] [ARM-RX] 0.00 102.31 -77.96 0.00 90.27 0.00
[21:54:25.990] [ARM-RX] [106] <0.00 -42.47 -4.90> result: 90.00 102.47 -77.75 0.00 90.22 0.00
[21:54:25.990] [ARM-RX] [107] <0.00 -43.18 -4.98> result: 90.00 102.63 -77.54 0.00 90.17 0.00
[21:54:25.990] [ARM-RX] [108] <0.00 -43.90 -5.07> result: 90.00 102.79 -77.33 0.00 90.12 0.00
[21:54:25.990] [ARM-RX] [109] <
[21:54:26.025] [ARM-RX] 0.00 -44.61 -5.15> result: 90.00 102.95 -77.11 0.00 90.07 0.00
[21:54:26.026] [ARM-RX] [110] <0.00 -45.33 -5.23> result: 90.00 103.12 -76.90 0.00 90.02 0.00
[21:54:26.026] [ARM-RX] [111] <0.00 -46.05 -5.31> result: 90.00 103.27 -76.69 0.00 89.96 0.00
[21:54:26.026] [ARM-RX] [112] <0.00 -46.76 -5.40> result: 90.00 103.43 -76
[21:54:26.047] [ARM-RX] .47 0.00 89.91 0.00
[21:54:26.047] [ARM-RX] [113] <0.00 -47.48 -5.48> result: 90.00 103.59 -76.26 0.00 89.85 0.00
[21:54:26.047] [ARM-RX] [114] <0.00 -48.19 -5.56> result: 90.00 103.75 -76.05 0.00 89.80 0.00
[21:54:26.047] [ARM-RX] [115] <0.00 -48.91 -5.64> result: 90.00 103.91 -75.83 0.00 89.74 0.00
[21:54:26.047] [ARM-RX] [116] <0.00 -49.62 -5.
[21:54:26.071] [ARM-RX] 73> result: 90.00 104.06 -75.62 0.00 89.68 0.00
[21:54:26.071] [ARM-RX] [117] <0.00 -50.34 -5.81> result: 90.00 104.22 -75.40 0.00 89.62 0.00
[21:54:26.071] [ARM-RX] [118] <0.00 -51.05 -5.89> result: 90.00 104.37 -75.19 0.00 89.56 0.00
[21:54:26.072] [ARM-RX] [119] <0.00 -51.77 -5.97> result: 90.00 104.53 -74.98 0.00 89.50
[21:54:26.093] [ARM-RX] 0.00
[21:54:26.094] [ARM-RX] [120] <0.00 -52.48 -6.06> result: 90.00 104.68 -74.76 0.00 89.44 0.00
[21:54:26.094] [ARM-RX] [121] <0.00 -53.20 -6.14> result: 90.00 104.83 -74.55 0.00 89.38 0.00
[21:54:26.094] [ARM-RX] [122] <0.00 -53.91 -6.22> result: 90.00 104.99 -74.33 0.00 89.32 0.00
[21:54:26.094] [ARM-RX] [123] <0.00 -54.63 -6.30> result: 90.
[21:54:26.116] [ARM-RX] 00 105.14 -74.12 0.00 89.25 0.00
[21:54:26.116] [ARM-RX] [124] <0.00 -55.34 -6.39> result: 90.00 105.29 -73.90 0.00 89.19 0.00
[21:54:26.116] [ARM-RX] [125] <0.00 -56.06 -6.47> result: 90.00 105.44 -73.68 0.00 89.12 0.00
[21:54:26.117] [ARM-RX] [126] <0.00 -56.77 -6.55> result: 90.00 105.59 -73.47 0.00 89.06 0.00
[21:54:26.117] [ARM-RX] [127] <0.
[21:54:26.139] [ARM-RX] 00 -57.49 -6.63> result: 90.00 105.74 -73.25 0.00 88.99 0.00
[21:54:26.139] [ARM-RX] [128] <0.00 -58.20 -6.72> result: 90.00 105.89 -73.04 0.00 88.93 0.00
[21:54:26.140] [ARM-RX] [129] <0.00 -58.92 -6.80> result: 90.00 106.04 -72.82 0.00 88.86 0.00
[21:54:26.140] [ARM-RX] [130] <0.00 -59.64 -6.88> result: 90.00 106.19 -72.6
[21:54:26.162] [ARM-RX] 0 0.00 88.79 0.00
[21:54:26.162] [ARM-RX] [131] <0.00 -60.35 -6.96> result: 90.00 106.33 -72.39 0.00 88.72 0.00
[21:54:26.164] [ARM-RX] [132] <0.00 -61.07 -7.05> result: 90.00 106.48 -72.17 0.00 88.65 0.00
[21:54:26.164] [ARM-RX] [133] <0.00 -61.78 -7.13> result: 90.00 106.63 -71.95 0.00 88.58 0.00
[21:54:26.164] [ARM-RX] [134] <0.00 -62.50 -7.21
[21:54:26.197] [ARM-RX] > result: 90.00 106.77 -71.74 0.00 88.51 0.00
[21:54:26.197] [ARM-RX] [135] <0.00 -63.21 -7.29> result: 90.00 106.92 -71.52 0.00 88.44 0.00
[21:54:26.197] [ARM-RX] [136] <0.00 -63.93 -7.38> result: 90.00 107.07 -71.30 0.00 88.37 0.00
[21:54:26.198] [ARM-RX] [137] <0.00 -64.64 -7.46> result: 90.00 107.21 -71.09 0.00 88.30 0.
[21:54:26.220] [ARM-RX] 00
[21:54:26.220] [ARM-RX] [138] <0.00 -65.36 -7.54> result: 90.00 107.36 -70.87 0.00 88.22 0.00
[21:54:26.220] [ARM-RX] [139] <0.00 -66.07 -7.62> result: 90.00 107.50 -70.65 0.00 88.15 0.00
[21:54:26.221] [ARM-RX] [140] <0.00 -66.79 -7.71> result: 90.00 107.64 -70.43 0.00 88.08 0.00
[21:54:26.221] [ARM-RX] [141] <0.00 -67.50 -7.79> result: 90.00
[21:54:26.243] [ARM-RX] 107.79 -70.21 0.00 88.00 0.00
[21:54:26.243] [ARM-RX] [142] <0.00 -68.22 -7.87> result: 90.00 107.93 -70.00 0.00 87.93 0.00
[21:54:26.243] [ARM-RX] [143] <0.00 -68.93 -7.95> result: 90.00 108.07 -69.78 0.00 87.85 0.00
[21:54:26.243] [ARM-RX] [144] <0.00 -69.65 -8.04> result: 90.00 108.22 -69.56 0.00 87.78 0.00
[21:54:26.244] [ARM-RX] [145] <0.00
[21:54:26.266] [ARM-RX] -70.36 -8.12> result: 90.00 108.36 -69.34 0.00 87.70 0.00
[21:54:26.266] [ARM-RX] [146] <0.00 -71.08 -8.20> result: 90.00 108.50 -69.12 0.00 87.62 0.00
[21:54:26.266] [ARM-RX] [147] <0.00 -71.79 -8.28> result: 90.00 108.64 -68.90 0.00 87.54 0.00
[21:54:26.266] [ARM-RX] [148] <0.00 -72.51 -8.37> result: 90.00 108.78 -68.68
[21:54:26.289] [ARM-RX] 0.00 87.47 0.00
[21:54:26.289] [ARM-RX] [149] <0.00 -73.23 -8.45> result: 90.00 108.93 -68.46 0.00 87.39 0.00
[21:54:26.289] [ARM-RX] [150] <0.00 -73.94 -8.53> result: 90.00 109.07 -68.24 0.00 87.31 0.00
[21:54:26.289] [ARM-RX] [151] <0.00 -74.66 -8.61> result: 90.00 109.21 -68.02 0.00 87.23 0.00
[21:54:26.290] [ARM-RX] [152] <0.00 -75.37 -8.70>
[21:54:26.314] [ARM-RX] result: 90.00 109.35 -67.80 0.00 87.15 0.00
[21:54:26.315] [ARM-RX] [153] <0.00 -76.09 -8.78> result: 90.00 109.49 -67.58 0.00 87.07 0.00
[21:54:26.315] [ARM-RX] [154] <0.00 -76.80 -8.86> result: 90.00 109.63 -67.36 0.00 86.99 0.00
[21:54:26.315] [ARM-RX] [155] <0.00 -77.52 -8.94> result: 90.00 109.76 -67.14 0.00 86.91 0.00
[21:54:26.334] [ARM-RX] [156] <0.00 -78.23 -9.03> result: 90.00 109.90 -66.92 0.00 86.83 0.00
[21:54:26.334] [ARM-RX] [157] <0.00 -78.95 -9.11> result: 90.00 110.04 -66.70 0.00 86.74 0.00
[21:54:26.334] [ARM-RX] [158] <0.00 -79.66 -9.19> result: 90.00 110.18 -66.48 0.00 86.66 0.00
[21:54:26.335] [ARM-RX] [159] <0.00 -80.38 -9.27> result: 90.00 1
[21:54:26.357] [ARM-RX] 10.32 -66.26 0.00 86.58 0.00
[21:54:26.358] [ARM-RX] [160] <0.00 -81.09 -9.36> result: 90.00 110.46 -66.04 0.00 86.50 0.00
[21:54:26.358] [ARM-RX] [161] <0.00 -81.81 -9.44> result: 90.00 110.60 -65.82 0.00 86.41 0.00
[21:54:26.358] [ARM-RX] [162] <0.00 -82.52 -9.52> result: 90.00 110.73 -65.59 0.00 86.33 0.00
[21:54:26.358] [ARM-RX] [163] <0.00 -
[21:54:26.391] [ARM-RX] 83.24 -9.60> result: 90.00 110.87 -65.37 0.00 86.24 0.00
[21:54:26.391] [ARM-RX] [164] <0.00 -83.95 -9.69> result: 90.00 111.01 -65.15 0.00 86.16 0.00
[21:54:26.392] [ARM-RX] [165] <0.00 -84.67 -9.77> result: 90.00 111.14 -64.93 0.00 86.07 0.00
[21:54:26.392] [ARM-RX] [166] <0.00 -85.38 -9.85> result: 90.00 111.28 -64.71 0.
[21:54:26.415] [ARM-RX] 00 85.99 0.00
[21:54:26.416] [ARM-RX] [167] <0.00 -86.10 -9.93> result: 90.00 111.42 -64.48 0.00 85.90 0.00
[21:54:26.416] [ARM-RX] [168] <0.00 -86.81 -10.02> result: 90.00 111.55 -64.26 0.00 85.81 0.00
[21:54:26.416] [ARM-RX] [169] <0.00 -87.53 -10.10> result: 90.00 111.69 -64.04 0.00 85.73 0.00
[21:54:26.417] [ARM-RX] [170] <0.00 -88.25 -10.18>
[21:54:26.437] [ARM-RX] result: 90.00 111.83 -63.81 0.00 85.64 0.00
[21:54:26.437] [ARM-RX] [171] <0.00 -88.96 -10.26> result: 90.00 111.96 -63.59 0.00 85.55 0.00
[21:54:26.437] [ARM-RX] [172] <0.00 -89.68 -10.35> result: 90.00 112.10 -63.37 0.00 85.46 0.00
[21:54:26.438] [ARM-RX] [173] <0.00 -90.39 -10.43> result: 90.00 112.23 -63.14 0.00 85.38
[21:54:26.461] [ARM-RX] 0.00
[21:54:26.463] [ARM-RX] [174] <0.00 -91.11 -10.51> result: 90.00 112.37 -62.92 0.00 85.29 0.00
[21:54:26.463] [ARM-RX] [175] <0.00 -91.82 -10.59> result: 90.00 112.50 -62.70 0.00 85.20 0.00
[21:54:26.463] [ARM-RX] [176] <0.00 -92.54 -10.68> result: 90.00 112.64 -62.47 0.00 85.11 0.00
[21:54:26.463] [ARM-RX] [177] <0.00 -93.25 -10.76> result:
[21:54:26.484] [ARM-RX] 90.00 112.77 -62.25 0.00 85.02 0.00
[21:54:26.484] [ARM-RX] [178] <0.00 -93.97 -10.84> result: 90.00 112.91 -62.02 0.00 84.93 0.00
[21:54:26.484] [ARM-RX] [179] <0.00 -94.68 -10.92> result: 90.00 113.04 -61.80 0.00 84.84 0.00
[21:54:26.484] [ARM-RX] [180] <0.00 -95.40 -11.01> result: 90.00 113.18 -61.57 0.00 84.75 0.00
[21:54:26.485] [ARM-RX] [1
[21:54:26.506] [ARM-RX] 81] <0.00 -96.11 -11.09> result: 90.00 113.31 -61.35 0.00 84.66 0.00
[21:54:26.506] [ARM-RX] [182] <0.00 -96.83 -11.17> result: 90.00 113.44 -61.12 0.00 84.57 0.00
[21:54:26.506] [ARM-RX] [183] <0.00 -97.54 -11.26> result: 90.00 113.58 -60.90 0.00 84.48 0.00
[21:54:26.507] [ARM-RX] [184] <0.00 -98.26 -11.34> result: 90.00 1
[21:54:26.532] [ARM-RX] 13.71 -60.67 0.00 84.38 0.00
[21:54:26.532] [ARM-RX] [185] <0.00 -98.97 -11.42> result: 90.00 113.85 -60.45 0.00 84.29 0.00
[21:54:26.533] [ARM-RX] [186] <0.00 -99.68 -11.50> result: 90.00 113.98 -60.22 0.00 84.20 0.00
[21:54:26.533] [ARM-RX] [187] <0.00 -100.39 -11.58> result: 90.00 114.11 -60.00 0.00 84.11 0.00
[21:54:26.533] [ARM-RX] [188] <0.
[21:54:26.564] [ARM-RX] 00 -101.10 -11.67> result: 90.00 114.24 -59.77 0.00 84.01 0.00
[21:54:26.565] [ARM-RX] [189] <0.00 -101.80 -11.75> result: 90.00 114.37 -59.55 0.00 83.92 0.00
[21:54:26.565] [ARM-RX] [190] <0.00 -102.51 -11.83> result: 90.00 114.50 -59.33 0.00 83.83 0.00
[21:54:26.565] [ARM-RX] [191] <0.00 -103.20 -11.91> result: 90.00 114.
[21:54:26.586] [ARM-RX] 63 -59.10 0.00 83.74 0.00
[21:54:26.586] [ARM-RX] [192] <0.00 -103.90 -11.99> result: 90.00 114.76 -58.88 0.00 83.65 0.00
[21:54:26.587] [ARM-RX] [193] <0.00 -104.59 -12.07> result: 90.00 114.89 -58.66 0.00 83.56 0.00
[21:54:26.587] [ARM-RX] [194] <0.00 -105.28 -12.15> result: 90.00 115.02 -58.44 0.00 83.46 0.00
[21:54:26.587] [ARM-RX] [195] <0.0
[21:54:26.610] [ARM-RX] 0 -105.96 -12.23> result: 90.00 115.15 -58.23 0.00 83.37 0.00
[21:54:26.610] [ARM-RX] [196] <0.00 -106.63 -12.30> result: 90.00 115.27 -58.01 0.00 83.28 0.00
[21:54:26.610] [ARM-RX] [197] <0.00 -107.30 -12.38> result: 90.00 115.40 -57.80 0.00 83.19 0.00
[21:54:26.610] [ARM-RX] [198] <0.00 -107.97 -12.46> result: 90.00 115.5
[21:54:26.635] [ARM-RX] 2 -57.59 0.00 83.10 0.00
[21:54:26.635] [ARM-RX] [199] <0.00 -108.62 -12.53> result: 90.00 115.64 -57.38 0.00 83.02 0.00
[21:54:26.635] [ARM-RX] [200] <0.00 -109.28 -12.61> result: 90.00 115.76 -57.17 0.00 82.93 0.00
[21:54:26.636] [ARM-RX] [201] <0.00 -109.92 -12.68> result: 90.00 115.88 -56.96 0.00 82.84 0.00
[21:54:26.636] [ARM-RX] [202] <0.00
[21:54:26.655] [ARM-RX] -110.56 -12.76> result: 90.00 116.00 -56.76 0.00 82.75 0.00
[21:54:26.656] [ARM-RX] [203] <0.00 -111.19 -12.83> result: 90.00 116.11 -56.55 0.00 82.67 0.00
[21:54:26.656] [ARM-RX] [204] <0.00 -111.81 -12.90> result: 90.00 116.23 -56.36 0.00 82.58 0.00
[21:54:26.656] [ARM-RX] [205] <0.00 -112.42 -12.97> result: 90.00 116.34
[21:54:26.679] [ARM-RX] -56.16 0.00 82.50 0.00
[21:54:26.679] [ARM-RX] [206] <0.00 -113.02 -13.04> result: 90.00 116.45 -55.96 0.00 82.42 0.00
[21:54:26.679] [ARM-RX] [207] <0.00 -113.62 -13.11> result: 90.00 116.56 -55.77 0.00 82.33 0.00
[21:54:26.679] [ARM-RX] [208] <0.00 -114.21 -13.18> result: 90.00 116.67 -55.58 0.00 82.25 0.00
[21:54:26.680] [ARM-RX] [209] <0.00
[21:54:26.701] [ARM-RX] -114.79 -13.24> result: 90.00 116.78 -55.40 0.00 82.17 0.00
[21:54:26.701] [ARM-RX] [210] <0.00 -115.35 -13.31> result: 90.00 116.88 -55.21 0.00 82.10 0.00
[21:54:26.701] [ARM-RX] [211] <0.00 -115.91 -13.37> result: 90.00 116.99 -55.03 0.00 82.02 0.00
[21:54:26.703] [ARM-RX] [212] <0.00 -116.46 -13.44> result: 90.00 117.09
[21:54:26.724] [ARM-RX] -54.86 0.00 81.94 0.00
[21:54:26.724] [ARM-RX] [213] <0.00 -117.00 -13.50> result: 90.00 117.19 -54.68 0.00 81.87 0.00
[21:54:26.724] [ARM-RX] [214] <0.00 -117.53 -13.56> result: 90.00 117.28 -54.51 0.00 81.79 0.00
[21:54:26.724] [ARM-RX] [215] <0.00 -118.04 -13.62> result: 90.00 117.38 -54.34 0.00 81.72 0.00
[21:54:26.724] [ARM-RX] [216] <0.00 -
[21:54:26.759] [ARM-RX] 118.55 -13.68> result: 90.00 117.47 -54.18 0.00 81.65 0.00
[21:54:26.759] [ARM-RX] [217] <0.00 -119.05 -13.74> result: 90.00 117.56 -54.02 0.00 81.58 0.00
[21:54:26.760] [ARM-RX] [218] <0.00 -119.53 -13.79> result: 90.00 117.65 -53.86 0.00 81.51 0.00
[21:54:26.760] [ARM-RX] [219] <0.00 -120.00 -13.85> result: 90.00 117.74 -
[21:54:26.781] [ARM-RX] 53.71 0.00 81.45 0.00
[21:54:26.782] [ARM-RX] [220] <0.00 -120.47 -13.90> result: 90.00 117.82 -53.56 0.00 81.38 0.00
[21:54:26.782] [ARM-RX] [221] <0.00 -120.92 -13.95> result: 90.00 117.91 -53.41 0.00 81.32 0.00
[21:54:26.782] [ARM-RX] [222] <0.00 -121.35 -14.00> result: 90.00 117.99 -53.27 0.00 81.25 0.00
[21:54:26.782] [ARM-RX] [223] <0.00 -1
[21:54:26.804] [ARM-RX] 21.78 -14.05> result: 90.00 118.07 -53.13 0.00 81.19 0.00
[21:54:26.804] [ARM-RX] [224] <0.00 -122.20 -14.10> result: 90.00 118.14 -52.99 0.00 81.13 0.00
[21:54:26.805] [ARM-RX] [225] <0.00 -122.60 -14.15> result: 90.00 118.22 -52.86 0.00 81.08 0.00
[21:54:26.805] [ARM-RX] [226] <0.00 -122.99 -14.19> result: 90.00 118.29 -5
[21:54:26.827] [ARM-RX] 2.73 0.00 81.02 0.00
[21:54:26.827] [ARM-RX] [227] <0.00 -123.37 -14.24> result: 90.00 118.36 -52.61 0.00 80.97 0.00
[21:54:26.828] [ARM-RX] [228] <0.00 -123.74 -14.28> result: 90.00 118.43 -52.49 0.00 80.91 0.00
[21:54:26.828] [ARM-RX] [229] <0.00 -124.10 -14.32> result: 90.00 118.49 -52.37 0.00 80.86 0.00
[21:54:26.828] [ARM-RX] [230] <0.00 -12
[21:54:26.853] [ARM-RX] 4.44 -14.36> result: 90.00 118.55 -52.26 0.00 80.81 0.00
[21:54:26.853] [ARM-RX] [231] <0.00 -124.77 -14.40> result: 90.00 118.62 -52.15 0.00 80.77 0.00
[21:54:26.853] [ARM-RX] [232] <0.00 -125.09 -14.43> result: 90.00 118.67 -52.05 0.00 80.72 0.00
[21:54:26.853] [ARM-RX] [233] <0.00 -125.40 -14.47> result: 90.00 118.73 -51
[21:54:26.873] [ARM-RX] .94 0.00 80.68 0.00
[21:54:26.873] [ARM-RX] [234] <0.00 -125.70 -14.50> result: 90.00 118.79 -51.85 0.00 80.63 0.00
[21:54:26.873] [ARM-RX] [235] <0.00 -125.98 -14.54> result: 90.00 118.84 -51.75 0.00 80.59 0.00
[21:54:26.875] [ARM-RX] [236] <0.00 -126.26 -14.57> result: 90.00 118.89 -51.66 0.00 80.55 0.00
[21:54:26.875] [ARM-RX] [237] <0.00 -126
[21:54:26.896] [ARM-RX] .52 -14.60> result: 90.00 118.94 -51.58 0.00 80.52 0.00
[21:54:26.897] [ARM-RX] [238] <0.00 -126.77 -14.63> result: 90.00 118.98 -51.50 0.00 80.48 0.00
[21:54:26.897] [ARM-RX] [239] <0.00 -127.01 -14.66> result: 90.00 119.03 -51.42 0.00 80.44 0.00
[21:54:26.897] [ARM-RX] [240] <0.00 -127.24 -14.68> result: 90.00 119.07 -51.
[21:54:26.932] [ARM-RX] 34 0.00 80.41 0.00
[21:54:26.932] [ARM-RX] [241] <0.00 -127.46 -14.71> result: 90.00 119.11 -51.27 0.00 80.38 0.00
[21:54:26.932] [ARM-RX] [242] <0.00 -127.66 -14.73> result: 90.00 119.15 -51.20 0.00 80.35 0.00
[21:54:26.932] [ARM-RX] [243] <0.00 -127.86 -14.75> result: 90.00 119.18 -51.14 0.00 80.32 0.00
[21:54:26.932] [ARM-RX] [244] <0.00 -128.
[21:54:26.955] [ARM-RX] 04 -14.77> result: 90.00 119.22 -51.08 0.00 80.30 0.00
[21:54:26.955] [ARM-RX] [245] <0.00 -128.22 -14.79> result: 90.00 119.25 -51.02 0.00 80.27 0.00
[21:54:26.955] [ARM-RX] [246] <0.00 -128.38 -14.81> result: 90.00 119.28 -50.97 0.00 80.25 0.00
[21:54:26.955] [ARM-RX] [247] <0.00 -128.53 -14.83> result: 90.00 119.31 -50.9
[21:54:26.976] [ARM-RX] 2 0.00 80.22 0.00
[21:54:26.977] [ARM-RX] [248] <0.00 -128.68 -14.85> result: 90.00 119.33 -50.87 0.00 80.20 0.00
[21:54:26.977] [ARM-RX] [249] <0.00 -128.82 -14.86> result: 90.00 119.36 -50.82 0.00 80.18 0.00
[21:54:26.977] [ARM-RX] [250] <0.00 -128.94 -14.88> result: 90.00 119.38 -50.78 0.00 80.16 0.00
[21:54:26.977] [ARM-RX] [251] <0.00 -129.0
[21:54:27.000] [ARM-RX] 6 -14.89> result: 90.00 119.40 -50.74 0.00 80.15 0.00
[21:54:27.000] [ARM-RX] [252] <0.00 -129.17 -14.90> result: 90.00 119.42 -50.71 0.00 80.13 0.00
[21:54:27.000] [ARM-RX] [253] <0.00 -129.27 -14.92> result: 90.00 119.44 -50.68 0.00 80.12 0.00
[21:54:27.000] [ARM-RX] [254] <0.00 -129.36 -14.93> result: 90.00 119.46 -50.65
[21:54:27.022] [ARM-RX] 0.00 80.10 0.00
[21:54:27.023] [ARM-RX] [255] <0.00 -129.44 -14.94> result: 90.00 119.47 -50.62 0.00 80.09 0.00
[21:54:27.023] [ARM-RX] [256] <0.00 -129.52 -14.94> result: 90.00 119.49 -50.59 0.00 80.08 0.00
[21:54:27.023] [ARM-RX] [257] <0.00 -129.59 -14.95> result: 90.00 119.50 -50.57 0.00 80.07 0.00
[21:54:27.023] [ARM-RX] [258] <0.00 -129.65
[21:54:27.046] [ARM-RX] -14.96> result: 90.00 119.51 -50.55 0.00 80.06 0.00
[21:54:27.046] [ARM-RX] [259] <0.00 -129.71 -14.97> result: 90.00 119.52 -50.53 0.00 80.05 0.00
[21:54:27.047] [ARM-RX] [260] <0.00 -129.76 -14.97> result: 90.00 119.53 -50.51 0.00 80.05 0.00
[21:54:27.047] [ARM-RX] [261] <0.00 -129.80 -14.98> result: 90.00 119.54 -50.50
[21:54:27.068] [ARM-RX] 0.00 80.04 0.00
[21:54:27.069] [ARM-RX] [262] <0.00 -129.84 -14.98> result: 90.00 119.55 -50.49 0.00 80.03 0.00
[21:54:27.069] [ARM-RX] [263] <0.00 -129.87 -14.99> result: 90.00 119.55 -50.48 0.00 80.03 0.00
[21:54:27.069] [ARM-RX] [264] <0.00 -129.90 -14.99> result: 90.00 119.56 -50.47 0.00 80.02 0.00
[21:54:27.069] [ARM-RX] [265] <0.00 -129.92
[21:54:27.090] [ARM-RX] -14.99> result: 90.00 119.56 -50.46 0.00 80.02 0.00
[21:54:27.092] [ARM-RX] [266] <0.00 -129.94 -14.99> result: 90.00 119.57 -50.45 0.00 80.02 0.00
[21:54:27.092] [ARM-RX] [267] <0.00 -129.96 -15.00> result: 90.00 119.57 -50.45 0.00 80.02 0.00
[21:54:27.092] [ARM-RX] [268] <0.00 -129.97 -15.00> result: 90.00 119.57 -50.44 0
[21:54:27.127] [ARM-RX] .00 80.01 0.00
[21:54:27.127] [ARM-RX] [269] <0.00 -129.98 -15.00> result: 90.00 119.57 -50.44 0.00 80.01 0.00
[21:54:27.127] [ARM-RX] [270] <0.00 -129.99 -15.00> result: 90.00 119.57 -50.44 0.00 80.01 0.00
[21:54:27.128] [ARM-RX] [271] <0.00 -129.99 -15.00> result: 90.00 119.58 -50.44 0.00 80.01 0.00
[21:54:27.128] [ARM-RX] [272] <0.00 -130.00 -
[21:54:27.150] [ARM-RX] 15.00> result: 90.00 119.58 -50.43 0.00 80.01 0.00
[21:54:27.150] [ARM-RX] [273] <0.00 -130.00 -15.00> result: 90.00 119.58 -50.43 0.00 80.01 0.00
[21:54:27.150] [ARM-RX] [274] <0.00 -130.00 -15.00> result: 90.00 119.58 -50.43 0.00 80.01 0.00
[21:54:27.150] [ARM-RX] [275] <0.00 -130.00 -15.00> result: 90.00 119.58 -50.43 0.
[21:54:27.203] [ARM-RX] 00 80.01 0.00
[21:54:27.203] [ARM-RX] [276] <0.00 -130.00 -15.00> result: 90.00 119.58 -50.43 0.00 80.01 0.00
[21:54:27.515] [ARM-RX] batch angle read timeout/missing mask=0x08 elapsed=9 ms
[21:54:27.578] [ARM-RX] batch angle read timeout/missing mask=0x08 elapsed=9 ms
[21:54:27.703] [ARM-RX] batch angle read timeout/missing mask=0x08 elapsed=9 ms
[21:54:28.139] [ARM-RX] batch angle read timeout/missing mask=0x01 elapsed=12 ms
[21:54:28.139] [ARM-RX] batch angle read timeout/missing mask=0x08 elapsed=8 ms
[21:54:28.202] [ARM-RX] batch angle read timeout/missing mask=0x08 elapsed=9 ms
[21:54:28.328] [ARM-RX] batch angle read timeout/missing mask=0x08 elapsed=9 ms
[21:54:28.453] [ARM-RX] batch angle read timeout/missing mask=0x08 elapsed=8 ms
[21:54:28.639] [ARM-RX] batch angle read timeout/missing mask=0x08 elapsed=9 ms
[21:54:28.701] [ARM-RX] batch angle read timeout/missing mask=0x08 elapsed=8 ms
[21:54:29.074] [ARM-RX] batch angle read timeout/missing mask=0x08 elapsed=8 ms
[21:54:29.137] [ARM-RX] batch angle read timeout/missing mask=0x08 elapsed=9 ms
[21:54:29.634] [ARM-RX] batch angle read timeout/missing mask=0x08 elapsed=9 ms
[21:54:29.635] [ARM-RX] [JETSON_RX] crc failed type=0xA5 rx=0x0481 calc=0x4FDB
[21:54:29.635] [ARM-RX] batch angle read timeout/missing mask=0x08 elapsed=9 ms
[21:54:29.885] [ARM-RX] batch angle read timeout/missing mask=0x08 elapsed=9 ms
[21:54:30.011] [ARM-RX] batch angle read timeout/missing mask=0x08 elapsed=9 ms
[21:54:30.073] [ARM-RX] batch angle read timeout/missing mask=0x08 elapsed=9 ms
[21:54:30.136] [ARM-RX] batch angle read timeout/missing mask=0x08 elapsed=9 ms
[21:54:30.136] [ARM-RX] [joint 1] ave_error:0.12
[21:54:30.136] [ARM-RX] [joint 2] ave_error:1.62
[21:54:30.136] [ARM-RX] [joint 3] ave_error:1.92
[21:54:30.136] [ARM-RX] [joint 4] ave_error:0.00
[21:54:30.137] [ARM-RX] [joint 5] ave_error:0.64
[21:54:30.137] [ARM-RX] robot pid run finished!!
[21:54:30.199] [ARM-RX] [joint_id: 0] ROBOT_JOINT_ABS_ROTATE 115.000000
[21:54:31.505] [ARM-RX] [joint_id: 3] ROBOT_JOINT_ABS_ROTATE 35.000000
[21:54:33.059] [ARM-RX] [joint_id: 4] ROBOT_JOINT_ABS_ROTATE 80.000000
[21:54:33.248] [JETSON-RX] A5 5A 01 81 A4 03 12 03 00 C4 B9
[21:54:33.248] [JETSON-STATUS] TARGET_PRESTART_RIGHT: A5 5A 01 81 A4 03 12 03 00 C4 B9
[21:54:40.202] [DEMO-INFO] 演示配置已保存
[21:54:40.202] [DEMO-INFO] 一键定靶演示开始
[21:54:40.202] [JETSON-TX] TARGET_CTRL_START_NEW: A5 5A 01 02 EB 01 01 A8 1C
[21:54:40.219] [ARM-RX] [JETSON_RX] target_ctrl=1
[21:54:40.281] [ARM-RX] [TARGET] INIT -> WAIT_DETECT
[21:54:40.297] [JETSON-RX] A5 5A 01 81 EC 03 04 01 00 C4 13 A5 5A 01 81 ED 03 06 01 00 58 13 A5 5A 01 81 ED 03 01 01 00 E9 D2
[21:54:40.297] [JETSON-STATUS] TARGET_CTRL_ON: A5 5A 01 81 EC 03 04 01 00 C4 13
[21:54:40.298] [JETSON-STATUS] SAFE_DISTANCE_OK: A5 5A 01 81 ED 03 06 01 00 58 13
[21:54:40.298] [JETSON-STATUS] READY: A5 5A 01 81 ED 03 01 01 00 E9 D2
[21:54:40.299] [DEMO-INFO] 开始发送视觉序列: 30,-20:2;15,-10:3;-8,-5:5;0,0:7
[21:54:40.299] [JETSON-TX] VISION_NEW dcx=30 dcy=-20: A5 5A 01 03 EE 05 1E 00 EC FF 01 A0 E9
[21:54:40.345] [ARM-RX] [JETSON_RX] vision dcx=30 dcy=-20
[21:54:40.345] [ARM-RX] [TARGET] vision state=WAIT_DETECT enabled=1 dcx=30 dcy=-20 stable=0
[21:54:40.345] [ARM-RX] ROBOT_VISUAL_SERVO_EVENT
[21:54:40.346] [ARM-RX] robot visual servo start
[21:54:40.346] [ARM-RX] [TARGET] WAIT_DETECT -> ALIGN
[21:54:40.501] [JETSON-TX] VISION_NEW dcx=30 dcy=-20: A5 5A 01 03 F1 05 1E 00 EC FF 01 4E 28
[21:54:40.534] [ARM-RX] [JETSON_RX] vision dcx=30 dcy=-20
[21:54:40.534] [ARM-RX] [TARGET] vision state=ALIGN enabled=1 dcx=30 dcy=-20 stable=0
[21:54:40.534] [ARM-RX] [TARGET] visual servo vx=8.00 vz=-7.00 dcx=30 dcy=-20
[21:54:40.702] [JETSON-TX] VISION_NEW dcx=15 dcy=-10: A5 5A 01 03 F4 05 0F 00 F6 FF 01 C6 EC
[21:54:40.719] [ARM-RX] [JETSON_RX] vision dcx=15 dcy=-10
[21:54:40.719] [ARM-RX] [TARGET] vision state=ALIGN enabled=1 dcx=15 dcy=-10 stable=0
[21:54:40.719] [ARM-RX] [TARGET] visual servo
[21:54:40.781] [ARM-RX] vx=3.00 vz=-3.00 dcx=15 dcy=-10
[21:54:40.903] [JETSON-TX] VISION_NEW dcx=15 dcy=-10: A5 5A 01 03 F7 05 0F 00 F6 FF 01 F5 EC
[21:54:40.969] [ARM-RX] [JETSON_RX] vision dcx=15 dcy=-10
[21:54:40.969] [ARM-RX] [TARGET] vision state=ALIGN enabled=1 dcx=15 dcy=-10 stable=0
[21:54:40.969] [ARM-RX] [TARGET] visual servo vx=3.00 vz=-3.00 dcx=15 dcy=-10
[21:54:41.104] [JETSON-TX] VISION_NEW dcx=15 dcy=-10: A5 5A 01 03 FA 05 0F 00 F6 FF 01 29 2C
[21:54:41.156] [ARM-RX] [JETSON_RX] vision dcx=15 dcy=-10
[21:54:41.156] [ARM-RX] [TARGET] vision state=ALIGN enabled=1 dcx=15 dcy=-10 stable=0
[21:54:41.156] [ARM-RX] [TARGET] visual servo vx=3.00 vz=-3.00 dcx=15 dcy=-10
[21:54:41.304] [JETSON-TX] VISION_NEW dcx=-8 dcy=-5: A5 5A 01 03 FD 05 F8 FF FB FF 01 0B EE
[21:54:41.343] [ARM-RX] [JETSON_RX] vision dcx=-8 dcy=-5
[21:54:41.343] [ARM-RX] [TARGET] vision state=ALIGN enabled=1 dcx=-8 dcy=-5 stable=0
[21:54:41.344] [ARM-RX] [TARGET] visual servo vx=-2.80 vz=-1.75 dcx=-8 dcy=-5
[21:54:41.505] [JETSON-TX] VISION_NEW dcx=-8 dcy=-5: A5 5A 01 03 00 05 F8 FF FB FF 01 27 21
[21:54:41.530] [ARM-RX] [JETSON_RX] vision dcx=-8 dcy=-5
[21:54:41.530] [ARM-RX] [TARGET] vision state=ALIGN enabled=1 dcx=-8 dcy=-5 stable=0
[21:54:41.530] [ARM-RX] [TARGET] visual servo vx=-2.80 vz=-1.75 dcx=-8 dcy=-5
[21:54:41.707] [JETSON-TX] VISION_NEW dcx=-8 dcy=-5: A5 5A 01 03 03 05 F8 FF FB FF 01 14 21
[21:54:41.779] [ARM-RX] [JETSON_RX] vision dcx=-8 dcy=-5
[21:54:41.779] [ARM-RX] [TARGET] vision state=ALIGN enabled=1 dcx=-8 dcy=-5 stable=0
[21:54:41.779] [ARM-RX] [TARGET] visual servo vx=-2.80 vz=-1.75 dcx=-8 dcy=-5
[21:54:41.908] [JETSON-TX] VISION_NEW dcx=-8 dcy=-5: A5 5A 01 03 06 05 F8 FF FB FF 01 41 21
[21:54:41.964] [ARM-RX] [JETSON_RX] vision dcx=-8 dcy=-5
[21:54:41.964] [ARM-RX] [TARGET] vision state=ALIGN enabled=1 dcx=-8 dcy=-5 stable=0
[21:54:41.964] [ARM-RX] [TARGET] visual servo vx=-2.80 vz=-1.75 dcx=-8 dcy=-5
[21:54:42.109] [JETSON-TX] VISION_NEW dcx=-8 dcy=-5: A5 5A 01 03 09 05 F8 FF FB FF 01 BE 21
[21:54:42.150] [ARM-RX] [JETSON_RX] vision dcx=-8 dcy=-5
[21:54:42.150] [ARM-RX] [TARGET] vision state=ALIGN enabled=1 dcx=-8 dcy=-5 stable=0
[21:54:42.151] [ARM-RX] [TARGET] visual servo vx=-2.80 vz=-1.75 dcx=-8 dcy=-5
[21:54:42.310] [JETSON-TX] VISION_NEW dcx=0 dcy=0: A5 5A 01 03 0C 05 00 00 00 00 01 4A E0
[21:54:42.336] [ARM-RX] [JETSON_RX] vision dcx=0 dcy=0
[21:54:42.336] [ARM-RX] [TARGET] vision state=ALIGN enabled=1 dcx=0 dcy=0 stable=0
[21:54:42.511] [JETSON-TX] VISION_NEW dcx=0 dcy=0: A5 5A 01 03 0F 05 00 00 00 00 01 79 E0
[21:54:42.588] [ARM-RX] [JETSON_RX] vision dcx=0 dcy=0
[21:54:42.588] [ARM-RX] [TARGET] vision state=ALIGN enabled=1 dcx=0 dcy=0 stable=1
[21:54:42.712] [JETSON-TX] VISION_NEW dcx=0 dcy=0: A5 5A 01 03 12 05 00 00 00 00 01 B4 E1
[21:54:42.775] [ARM-RX] [JETSON_RX] vision dcx=0 dcy=0
[21:54:42.775] [ARM-RX] [TARGET] vision state=ALIGN enabled=1 dcx=0 dcy=0 stable=2
[21:54:42.775] [ARM-RX] [TARGET] ALIGN -> CONFIRM
[21:54:42.790] [JETSON-RX] A5 5A 01 81 12 03 02 01 00 0D C6
[21:54:42.790] [JETSON-STATUS] ALIGN_DONE: A5 5A 01 81 12 03 02 01 00 0D C6
[21:54:42.791] [DEMO-ACTION] 已对准：请按住 P000 KEY 允许激光输出。
[21:54:42.913] [JETSON-TX] VISION_NEW dcx=0 dcy=0: A5 5A 01 03 15 05 00 00 00 00 01 C2 21
[21:54:42.961] [ARM-RX] [JETSON_RX] vision dcx=0 dcy=0
[21:54:42.961] [ARM-RX] [TARGET] vision state=CONFIRM enabled=1 dcx=0 dcy=0 stable=0
[21:54:43.114] [JETSON-TX] VISION_NEW dcx=0 dcy=0: A5 5A 01 03 18 05 00 00 00 00 01 1E E1
[21:54:43.150] [ARM-RX] [JETSON_RX] vision dcx=0 dcy=0
[21:54:43.150] [ARM-RX] [TARGET] vision state=CONFIRM enabled=1 dcx=0 dcy=0 stable=0
[21:54:43.315] [JETSON-TX] VISION_NEW dcx=0 dcy=0: A5 5A 01 03 1B 05 00 00 00 00 01 2D E1
[21:54:43.337] [ARM-RX] [JETSON_RX] vision dcx=0 dcy=0
[21:54:43.337] [ARM-RX] [TARGET] vision state=CONFIRM enabled=1 dcx=0 dcy=0 stable=0
[21:54:43.515] [JETSON-TX] VISION_NEW dcx=0 dcy=0: A5 5A 01 03 1E 05 00 00 00 00 01 78 E1
[21:54:43.585] [ARM-RX] [JETSON_RX] vision dcx=0 dcy=0
[21:54:43.585] [ARM-RX] [TARGET] vision state=CONFIRM enabled=1 dcx=0 dcy=0 stable=0
[21:54:44.085] [ARM-RX] [TARGET] CONFIRM -> RECOVER
[21:54:44.085] [ARM-RX] robot visual servo stopped
[21:54:44.334] [ARM-RX] [TARGET] RECOVER -> WAIT_DETECT
[21:54:44.365] [JETSON-RX] A5 5A 01 81 26 03 01 01 00 4C 02
[21:54:44.365] [JETSON-STATUS] READY: A5 5A 01 81 26 03 01 01 00 4C 02
[21:54:44.663] [JETSON-RX] A5 5A 01 81 28 03 01 01 00 25 C3
[21:54:44.663] [JETSON-STATUS] READY: A5 5A 01 81 28 03 01 01 00 25 C3
[21:54:44.960] [JETSON-RX] A5 5A 01 81 2C 03 01 01 00 D4 03
[21:54:44.960] [JETSON-STATUS] READY: A5 5A 01 81 2C 03 01 01 00 D4 03
[21:54:45.258] [JETSON-RX] A5 5A 01 81 2E 03 01 01 00 AD C3
[21:54:45.258] [JETSON-STATUS] READY: A5 5A 01 81 2E 03 01 01 00 AD C3
[21:54:45.567] [JETSON-RX] A5 5A 01 81 31 03 01 01 00 38 01
[21:54:45.567] [JETSON-STATUS] READY: A5 5A 01 81 31 03 01 01 00 38 01
[21:54:45.842] [JETSON-INFO] 已停止周期视觉发送
[21:54:45.842] [JETSON-INFO] heartbeat stopped
[21:54:45.842] [JETSON-INFO] safe distance stopped
[21:54:45.843] [JETSON-TX] TARGET_CTRL_STOP_NEW: A5 5A 01 02 37 01 00 A8 26
[21:54:45.844] [ARM-TX] 发送命令 laser_off: laser_off
[21:54:45.844] [DEMO-INFO] 演示已停止，已关闭视觉发送、激光输出，并请求回 HOME
[21:54:45.863] [ARM-RX] Found handler for 'laser_off', executing...
[21:54:45.863] [ARM-RX] laser_off
[21:54:45.863] [ARM-RX] [JETSON_RX] target_ctrl=0
[21:54:45.863] [ARM-RX] ROBOT_SOFT_RESET_EVENT
[21:54:45.864] [ARM-RX] --- Starting soft reset ---
[21:54:45.864] [ARM-RX] [TARG
[21:54:45.911] [JETSON-RX] A5 5A 01 81 34 03 01 01 00 F4 01 A5 5A 01 81 37 03 04 00 00 A1 90
[21:54:45.912] [JETSON-STATUS] READY: A5 5A 01 81 34 03 01 01 00 F4 01
[21:54:45.912] [JETSON-STATUS] TARGET_CTRL_OFF: A5 5A 01 81 37 03 04 00 00 A1 90
[21:54:45.925] [ARM-RX] ET] WAIT_DETECT -> INIT
[21:54:46.111] [ARM-RX] Soft reset motors enabled (J1~J5, J6 skipped).
[21:54:46.111] [ARM-RX] Soft resetting joint 4...
[21:54:46.111] [ARM-RX] robot_update_current_angle 4...
[21:54:46.111] [ARM-RX] [4] current:81.51, target:90.00, dir:1
[21:54:47.048] [ARM-RX] Soft resetting joint 3...
[21:54:47.048] [ARM-RX] robot_update_current_angle 3...
[21:54:47.049] [ARM-RX] [3] current:-0.23, target:0.00, dir:1
[21:54:47.172] [ARM-RX] Soft resetting joint 1...
[21:54:47.172] [ARM-RX] robot_update_current_angle 1...
[21:54:47.172] [ARM-RX] [1] current:121.17, target:90.00, dir:-1
[21:54:49.227] [ARM-RX] soft reset joint 1 settle timeout, keep going
[21:54:49.228] [ARM-RX] Soft resetting joint 2...
[21:54:49.228] [ARM-RX] robot_update_current_angle 2...
[21:54:49.228] [ARM-RX] [2] current:-50.45, target:-90.00, dir:-1
[21:54:51.346] [ARM-RX] soft reset joint 2 settle timeout, keep going
[21:54:51.347] [ARM-RX] Soft resetting joint 0...
[21:54:51.347] [ARM-RX] robot_update_current_angle 0...
[21:54:51.347] [ARM-RX] [0] current:92.71, target:90.00, dir:-1
[21:54:52.033] [ARM-RX] soft reset verify not pass, start refine loop...
[21:54:52.218] [ARM-RX] soft reset refine pass 1 success.
[21:54:52.218] [ARM-RX] soft reset final verify PASS (issues:2), pose set HOME.
[21:54:55.998] [JETSON-INFO] heartbeat stopped
[21:54:55.998] [JETSON-INFO] safe distance stopped
[21:54:55.999] [JETSON-TX] TARGET_CTRL_STOP_NEW: A5 5A 01 02 38 01 00 98 25
[21:54:56.076] [JETSON-RX] A5 5A 01 81 38 03 04 00 00 F5 91
[21:54:56.076] [JETSON-STATUS] TARGET_CTRL_OFF: A5 5A 01 81 38 03 04 00 00 F5 91
[21:54:56.155] [ARM-RX] [JETSON_RX] target_ctrl=0
[21:54:56.155] [ARM-RX] ROBOT_SOFT_RESET_EVENT
[21:54:56.155] [ARM-RX] --- Starting soft reset ---
[21:54:56.279] [ARM-RX] Soft reset motors enabled (J1~J5, J6 skipped).
[21:54:56.279] [ARM-RX] Soft resetting joint 4...
[21:54:56.279] [ARM-RX] robot_update_current_angle 4...
[21:54:56.279] [ARM-RX] [4] current:90.00, target:90.00, dir:1
[21:54:56.403] [ARM-RX] Soft resetting joint 3...
[21:54:56.403] [ARM-RX] robot_update_current_angle 3...
[21:54:56.403] [ARM-RX] [3] current:-0.00, target:0.00, dir:1
[21:54:56.529] [ARM-RX] Soft resetting joint 1...
[21:54:56.591] [ARM-RX] robot_update_current_angle 1...
[21:54:56.592] [ARM-RX] [1] current:90.00, target:90.00, dir:1
[21:54:56.716] [ARM-RX] Soft resetting joint 2...
[21:54:56.716] [ARM-RX] robot_update_current_angle 2...
[21:54:56.716] [ARM-RX] [2] current:-90.00, target:-90.00, dir:-1
[21:54:56.840] [ARM-RX] Soft resetting joint 0...
[21:54:56.902] [ARM-RX] robot_update_current_angle 0...
[21:54:56.902] [ARM-RX] [0] current:90.00, target:90.00, dir:1
[21:54:57.088] [ARM-RX] soft reset final verify PASS (issues:0), pose set HOME.
