[12:51:39.809] [APP-INFO] 已刷新串口: COM22, COM21, COM27
[12:51:39.810] [APP-INFO] log file: E:\Renesas\RA6M5-Robot\Robot_FreeRTOS - Arm\UpperComputer\dist\logs\ra6m5_upper_console_20260718_125139.log
[12:52:26.617] [APP-INFO] 已刷新串口: COM22, COM21, COM27
[12:52:26.767] [APP-INFO] 已刷新串口: COM22, COM21, COM27
[12:52:27.425] [APP-INFO] 已刷新串口: COM22, COM21, COM27
[12:52:27.615] [APP-INFO] 已刷新串口: COM22, COM21, COM27
[12:52:30.952] [ARM-INFO] opened COM21 @ 115200
[12:52:33.694] [ARM-ERROR] Write timeout
[12:52:34.803] [ARM-ERROR] Write timeout
[12:52:36.160] [ARM-INFO] 已关闭串口
[12:52:38.392] [ARM-INFO] opened COM27 @ 115200
[12:52:39.005] [ARM-RX] [JETSON_UART] rx_bytes=24308 frames_ok=1965 crc_fail=0 overflow=[JETSON_UART] rx_bytes=27646 frames_ok=2244 crc_fail=0 overflow=last_seq=22
[12:52:40.054] [ARM-RX] [JETSON_UART] rx_bytes=27646 frames_ok=2244 crc_fail=0 overflow=0 tx_ok=100 tx_start_fail=0 tx_timeout=0 last_type=0x01 last_seq=22
[12:52:40.481] [ARM-TX] 发送命令 soft_reset: soft_reset
[12:52:40.548] [ARM-RX] uart cmd parse error: '[CAN][write_fail] status=0x000000A8 tx_err=144 rx_err=1 err_code=0x000004 soft_reset'
[12:52:41.040] [ARM-RX] [JETSON_UART] rx_bytes=27646 frames_ok=2244 crc_fail=0 overflow=0 tx_ok=100 tx_start_fail=0 tx_timeout=0 last_type=0x01 last_seq=22
[12:52:42.023] [ARM-RX] [JETSON_UART] rx_bytes=27646 frames_ok=2244 crc_fail=0 overflow=0 tx_ok=100 tx_start_fail=0 tx_timeout=0 last_type=0x01 last_seq=22
[12:52:43.011] [ARM-RX] [JETSON_UART] rx_bytes=27646 frames_ok=2244 crc_fail=0 overflow=0 tx_ok=100 tx_start_fail=0 tx_timeout=0 last_type=0x01 last_seq=22
[12:52:43.543] [ARM-TX] 发送命令 soft_reset: soft_reset
[12:52:43.564] [ARM-RX] Found handler for 'soft_reset', executing...
[12:52:43.564] [ARM-RX] ROBOT_SOFT_RESET_EVENT
[12:52:43.564] [ARM-RX] --- Starting soft reset ---
[12:52:43.812] [ARM-RX] Soft reset motors enabled (J1~J5, J6 skipped).
[12:52:43.812] [ARM-RX] Soft resetting joint 4...
[12:52:43.812] [ARM-RX] robot_update_current_angle 4...
[12:52:43.812] [ARM-RX] [4] current:80.47, target:90.00, dir:1
[12:52:44.059] [ARM-RX] [JETSON_UART] rx_bytes=27646 frames_ok=2244 crc_fail=0 overflow=0 tx_ok=100 tx_start_fail=0 tx_timeout=0 last_type=0x01 last_seq=22
[12:52:44.796] [ARM-RX] Soft resetting joint 3...
[12:52:44.796] [ARM-RX] robot_update_current_angle 3...
[12:52:44.796] [ARM-RX] [3] current:0.00, target:0.00, dir:1
[12:52:44.919] [ARM-RX] Soft resetting joint 1...
[12:52:44.982] [ARM-RX] robot_update_current_angle 1...
[12:52:44.982] [ARM-RX] [1] current:125.99, target:90.00, dir:-1
[12:52:45.043] [ARM-RX] [JETSON_UART] rx_bytes=27646 frames_ok=2244 crc_fail=0 overflow=0 tx_ok=100 tx_start_fail=0 tx_timeout=0 last_type=0x01 last_seq=22
[12:52:46.033] [ARM-RX] [JETSON_UART] rx_bytes=27646 frames_ok=2244 crc_fail=0 overflow=0 tx_ok=100 tx_start_fail=0 tx_timeout=0 last_type=0x01 last_seq=22
[12:52:47.011] [ARM-RX] soft reset joint 1 settle timeout, keep going
[12:52:47.011] [ARM-RX] Soft resetting joint 2...
[12:52:47.011] [ARM-RX] robot_update_current_angle 2...
[12:52:47.013] [ARM-RX] [2] current:-51.11, target:-90.00, dir:-1
[12:52:47.013] [ARM-RX] [JETSON_UART] rx_bytes=27646 frames_ok=2244 crc_fail=0 overflow=0 tx_ok=100 tx_start_fail=0 tx_timeout=0 l
[12:52:47.070] [ARM-RX] ast_type=0x01 last_seq=22
[12:52:48.059] [ARM-RX] [JETSON_UART] rx_bytes=27646 frames_ok=2244 crc_fail=0 overflow=0 tx_ok=100 tx_start_fail=0 tx_timeout=0 last_type=0x01 last_seq=22
[12:52:49.048] [ARM-RX] [JETSON_UART] rx_bytes=27646 frames_ok=2244 crc_fail=0 overflow=0 tx_ok=100 tx_start_fail=0 tx_timeout=0 last_type=0x01 last_seq=22
[12:52:49.172] [ARM-RX] soft reset joint 2 settle timeout, keep going
[12:52:49.172] [ARM-RX] Soft resetting joint 0...
[12:52:49.233] [ARM-RX] robot_update_current_angle 0...
[12:52:49.233] [ARM-RX] [0] current:90.00, target:90.00, dir:1
[12:52:49.420] [ARM-RX] soft reset verify not pass, start refine loop...
[12:52:49.482] [ARM-RX] soft reset refine joint 2 round 1: cur=-85.65 target=-90.00 err=4.35 dir=-1
[12:52:50.039] [ARM-RX] [JETSON_UART] rx_bytes=27646 frames_ok=2244 crc_fail=0 overflow=0 tx_ok=100 tx_start_fail=0 tx_timeout=0 last_type=0x01 last_seq=22
[12:52:50.534] [ARM-RX] soft reset refine pass 1 success.
[12:52:50.534] [ARM-RX] soft reset final verify PASS (issues:2), pose set HOME.
[12:52:51.029] [ARM-RX] [JETSON_UART] rx_bytes=27646 frames_ok=2244 crc_fail=0 overflow=0 tx_ok=100 tx_start_fail=0 tx_timeout=0 last_type=0x01 last_seq=22
[12:52:52.016] [ARM-RX] [JETSON_UART] rx_bytes=27646 frames_ok=2244 crc_fail=0 overflow=0 tx_ok=100 tx_start_fail=0 tx_timeout=0 last_type=0x01 last_seq=22
[12:52:53.063] [ARM-RX] [JETSON_UART] rx_bytes=27646 frames_ok=2244 crc_fail=0 overflow=0 tx_ok=100 tx_start_fail=0 tx_timeout=0 last_type=0x01 last_seq=22
[12:52:54.049] [ARM-RX] [JETSON_UART] rx_bytes=27646 frames_ok=2244 crc_fail=0 overflow=0 tx_ok=100 tx_start_fail=0 tx_timeout=0 last_type=0x01 last_seq=22
[12:52:55.032] [ARM-RX] [JETSON_UART] rx_bytes=27646 frames_ok=2244 crc_fail=0 overflow=0 tx_ok=100 tx_start_fail=0 tx_timeout=0 last_type=0x01 last_seq=22
[12:52:56.019] [ARM-RX] [JETSON_UART] rx_bytes=27646 frames_ok=2244 crc_fail=0 overflow=0 tx_ok=100 tx_start_fail=0 tx_timeout=0 last_type=0x01
[12:52:56.081] [ARM-RX] last_seq=22
[12:52:57.067] [ARM-RX] [JETSON_UART] rx_bytes=27646 frames_ok=2244 crc_fail=0 overflow=0 tx_ok=100 tx_start_fail=0 tx_timeout=0 last_type=0x01 last_seq=22
[12:52:58.053] [ARM-RX] [JETSON_UART] rx_bytes=27646 frames_ok=2244 crc_fail=0 overflow=0 tx_ok=100 tx_start_fail=0 tx_timeout=0 last_type=0x01 last_seq=22
[12:52:59.043] [ARM-RX] [JETSON_UART] rx_bytes=27646 frames_ok=2244 crc_fail=0 overflow=0 tx_ok=100 tx_start_fail=0 tx_timeout=0 last_type=0x01 last_seq=22
[12:53:00.030] [ARM-RX] [JETSON_UART] rx_bytes=27646 frames_ok=2244 crc_fail=0 overflow=0 tx_ok=100 tx_start_fail=0 tx_timeout=0 last_type=0x01 last_seq=22
[12:53:01.076] [ARM-RX] [JETSON_UART] rx_bytes=27646 frames_ok=2244 crc_fail=0 overflow=0 tx_ok=100 tx_start_fail=0 tx_timeout=0 last_type=0x01 last_seq=22
[12:53:02.067] [ARM-RX] [JETSON_UART] rx_bytes=27646 frames_ok=2244 crc_fail=0 overflow=0 tx_ok=100 tx_start_fail=0 tx_timeout=0 last_type=0x01 last_seq=22
[12:53:03.053] [ARM-RX] [JETSON_UART] rx_bytes=27646 frames_ok=2244 crc_fail=0 overflow=0 tx_ok=100 tx_start_fail=0 tx_timeout=0 last_type=0x01 last_seq=22
[12:53:04.040] [ARM-RX] [JETSON_UART] rx_bytes=27646 frames_ok=2244 crc_fail=0 overflow=0 tx_ok=100 tx_start_fail=0 tx_timeout=0 last_type=0x01 last_seq=22
[12:53:05.031] [ARM-RX] [JETSON_UART] rx_bytes=27646 frames_ok=2244 crc_fail=0 overflow=0 tx_ok=100 tx_start_fail=0 tx_timeout=0 last_type=0x01 last_seq=22
[12:53:06.080] [ARM-RX] [JETSON_UART] rx_bytes=27646 frames_ok=2244 crc_fail=0 overflow=0 tx_ok=100 tx_start_fail=0 tx_timeout=0 last_type=0x01 last_seq=22
[12:53:07.073] [ARM-RX] [JETSON_UART] rx_bytes=27646 frames_ok=2244 crc_fail=0 overflow=0 tx_ok=100 tx_start_fail=0 tx_timeout=0 last_type=0x01 last_seq=22
[12:53:07.494] [JETSON-ERROR] Jetson模拟串口未打开，控制帧未发送。
[12:53:08.064] [ARM-RX] [JETSON_UART] rx_bytes=27646 frames_ok=2244 crc_fail=0 overflow=0 tx_ok=100 tx_start_fail=0 tx_timeout=0 last_type=0x01 last_seq=22
[12:53:09.054] [ARM-RX] [JETSON_UART] rx_bytes=27646 frames_ok=2244 crc_fail=0 overflow=0 tx_ok=100 tx_start_fail=0 tx_timeout=0 last_type=0x01 last_seq=22
[12:53:10.041] [ARM-RX] [JETSON_UART] rx_bytes=27646 frames_ok=2244 crc_fail=0 overflow=0 tx_ok=100 tx_start_fail=0 tx_timeout=0 last_type=0x01 last_seq=22
[12:53:11.092] [ARM-RX] [JETSON_UART] rx_bytes=27646 frames_ok=2244 crc_fail=0 overflow=0 tx_ok=100 tx_start_fail=0 tx_timeout=0 last_type=0x01 last_seq=22
[12:53:12.082] [ARM-RX] [JETSON_UART] rx_bytes=27646 frames_ok=2244 crc_fail=0 overflow=0 tx_ok=100 tx_start_fail=0 tx_timeout=0 last_type=0x01 last_seq=22
[12:53:13.075] [ARM-RX] [JETSON_UART] rx_bytes=27646 frames_ok=2244 crc_fail=0 overflow=0 tx_ok=100 tx_start_fail=0 tx_timeout=0 last_type=0x01 last_seq=22
[12:53:14.061] [ARM-RX] [JETSON_UART] rx_bytes=27646 frames_ok=2244 crc_fail=0 overflow=0 tx_ok=100 tx_start_fail=0 tx_timeout=0 last_type=0x01 last_seq=22
[12:53:15.074] [ARM-RX] [JETSON_UART] rx_bytes=27646 frames_ok=2244 crc_fail=0 overflow=0 tx_ok=100 tx_start_fail=0 tx_timeout=0 last_type=0x01 last_seq=22
[12:53:16.059] [ARM-RX] [JETSON_UART] rx_bytes=27646 frames_ok=2244 crc_fail=0 overflow=0 tx_ok=100 tx_start_fail=0 tx_timeout=0 last_type=0x01 last_seq=22
[12:53:17.041] [ARM-RX] [JETSON_UART] rx_bytes=27646 frames_ok=2244 crc_fail=0 overflow=0 tx_ok=100 tx_start_fail=0 tx_timeout=0 last_type=0x01 last_seq=22
[12:53:18.093] [ARM-RX] [JETSON_UART] rx_bytes=27646 frames_ok=2244 crc_fail=0 overflow=0 tx_ok=100 tx_start_fail=0 tx_timeout=0 last_type=0x01 last_seq=22
[12:53:19.078] [ARM-RX] [JETSON_UART] rx_bytes=27646 frames_ok=2244 crc_fail=0 overflow=0 tx_ok=100 tx_start_fail=0 tx_timeout=0 last_type=0x01 last_seq=22
[12:53:19.695] [ARM-INFO] 已关闭串口
[12:53:20.332] [ARM-INFO] opened COM27 @ 115200
[12:53:21.047] [ARM-RX] [JETSON_UART] rx_bytes=27646 frames_ok=2244 crc_fail=0 overflow=[JETSON_UART] rx_bytes=27646 frames_ok=2244 crc_fail=0 overflow=0 tx_ok=100 tx_start_fail=0 tx_timeout=0 last_type=0x01 last_seq=22
[12:53:22.093] [ARM-RX] [JETSON_UART] rx_bytes=27646 frames_ok=2244 crc_fail=0 overflow=0 tx_ok=100 tx_start_fail=0 tx_timeout=0 last_type=0x01 last_seq=22
[12:53:23.077] [ARM-RX] [JETSON_UART] rx_bytes=27646 frames_ok=2244 crc_fail=0 overflow=0 tx_ok=100 tx_start_fail=0 tx_timeout=0 last_type=0x01 last_seq=22
[12:53:24.064] [ARM-RX] [JETSON_UART] rx_bytes=27646 frames_ok=2244 crc_fail=0 overflow=0 tx_ok=100 tx_start_fail=0 tx_timeout=0 last_type=0x01 last_seq=22
[12:53:25.051] [ARM-RX] [JETSON_UART] rx_bytes=27646 frames_ok=2244 crc_fail=0 overflow=0 tx_ok=100 tx_start_fail=0 tx_timeout=0 last_type=0x01 last_seq=22
[12:53:26.101] [ARM-RX] [JETSON_UART] rx_bytes=27646 frames_ok=2244 crc_fail=0 overflow=0 tx_ok=100 tx_start_fail=0 tx_timeout=0 last_type=0x01 last_seq=22
[12:53:27.090] [ARM-RX] [JETSON_UART] rx_bytes=27646 frames_ok=2244 crc_fail=0 overflow=0 tx_ok=100 tx_start_fail=0 tx_timeout=0 last_type=0x01 last_seq=22
[12:53:28.082] [ARM-RX] [JETSON_UART] rx_bytes=27646 frames_ok=2244 crc_fail=0 overflow=0 tx_ok=100 tx_start_fail=0 tx_timeout=0 last_type=0x01 last_seq=22
[12:53:29.077] [ARM-RX] [JETSON_UART] rx_bytes=27646 frames_ok=2244 crc_fail=0 overflow=0 tx_ok=100 tx_start_fail=0 tx_timeout=0 last_type=0x01 last_seq=22
[12:53:30.062] [ARM-RX] [JETSON_UART] rx_bytes=27718 frames_ok=2250 crc_fail=0 overflow=0 tx_ok=100 tx_start_fail=0 tx_timeout=0 last_type=0x01 last_seq=6
[12:53:31.114] [ARM-RX] [JETSON_UART] rx_bytes=27790 frames_ok=2256 crc_fail=0 overflow=0 tx_ok=100 tx_start_fail=0 tx_timeout=0 last_type=0x01 last_seq=12
[12:53:32.104] [ARM-RX] [JETSON_UART] rx_bytes=27826 frames_ok=2259 crc_fail=0 overflow=0 tx_ok=100 tx_start_fail=0 tx_timeout=0 last_type=0x01 last_seq=15
[12:53:33.085] [ARM-RX] [JETSON_UART] rx_bytes=27898 frames_ok=2265 crc_fail=0 overflow=0 tx_ok=100 tx_start_fail=0 tx_timeout=0 last_type=0x01 last_seq=21
[12:53:33.580] [ARM-RX] [JETSON_RX] workflow_ctrl seq=25 action=1
[12:53:33.580] [ARM-RX] ROBOT_SOFT_RESET_EVENT
[12:53:33.580] [ARM-RX] --- Starting soft reset ---
[12:53:33.580] [ARM-RX] [WORKFLOW] FAULT_HOLD -> HOMING
[12:53:33.765] [ARM-RX] Soft reset motors enabled (J1~J5, J6 skipped).
[12:53:33.765] [ARM-RX] Soft resetting joint 4...
[12:53:33.826] [ARM-RX] robot_update_current_angle 4...
[12:53:33.827] [ARM-RX] [4] current:90.00, target:90.00, dir:-1
[12:53:33.888] [ARM-RX] Soft resetting joint 3...
[12:53:33.951] [ARM-RX] robot_update_current_angle 3...
[12:53:33.951] [ARM-RX] [3] current:0.00, target:0.00, dir:1
[12:53:34.075] [ARM-RX] Soft resetting joint 1...
[12:53:34.075] [ARM-RX] robot_update_current_angle 1...
[12:53:34.075] [ARM-RX] [1] current:90.00, target:90.00, dir:-1
[12:53:34.075] [ARM-RX] [JETSON_UART] rx_bytes=27979 frames_ok=2272 crc_fail=0 overflow=0 tx_ok=102 tx_start_fail=0 tx_timeout=0 last_type=0x01 last_seq=28
[12:53:34.199] [ARM-RX] Soft resetting joint 2...
[12:53:34.260] [ARM-RX] robot_update_current_angle 2...
[12:53:34.260] [ARM-RX] [2] current:-90.13, target:-90.00, dir:1
[12:53:34.384] [ARM-RX] Soft resetting joint 0...
[12:53:34.384] [ARM-RX] robot_update_current_angle 0...
[12:53:34.384] [ARM-RX] [0] current:90.00, target:90.00, dir:1
[12:53:34.612] [ARM-RX] soft reset final verify PASS (issues:0), pose set HOME.
[12:53:34.612] [ARM-RX] ROBOT_AUTO_EVENT
[12:53:34.612] [ARM-RX] AUTO slow profile scale=0.40 target=<0.00 -130.00 -15.00>
[12:53:34.612] [ARM-RX] [0] <0.00 0.00 0.00> result: 90.00 90.00 -90.00 0.00 90.00 0.00
[12:53:34.613] [ARM-RX] [1] <0.00 -0.00 -0.00> result: 90.00 90.00 -90.00 0.00 90.
[12:53:34.634] [ARM-RX] 00 0.00
[12:53:34.635] [ARM-RX] [2] <0.00 -0.00 -0.00> result: 90.00 90.00 -90.00 0.00 90.00 0.00
[12:53:34.635] [ARM-RX] [3] <0.00 -0.00 -0.00> result: 90.00 90.00 -90.00 0.00 90.00 0.00
[12:53:34.635] [ARM-RX] [4] <0.00 -0.01 -0.00> result: 90.00 90.00 -90.00 0.00 90.00 0.00
[12:53:34.635] [ARM-RX] [5] <0.00 -0.01 -0.00> result: 90.00 90.00 -90
[12:53:34.657] [ARM-RX] .00 0.00 90.00 0.00
[12:53:34.657] [ARM-RX] [6] <0.00 -0.02 -0.00> result: 90.00 90.01 -90.00 0.00 90.00 0.00
[12:53:34.658] [ARM-RX] [7] <0.00 -0.03 -0.00> result: 90.00 90.01 -89.99 0.00 90.00 0.00
[12:53:34.658] [ARM-RX] [8] <0.00 -0.04 -0.00> result: 90.00 90.02 -89.99 0.00 90.01 0.00
[12:53:34.658] [ARM-RX] [9] <0.00 -0.06 -0.01> result: 90.
[12:53:34.691] [ARM-RX] 00 90.02 -89.98 0.00 90.01 0.00
[12:53:34.692] [ARM-RX] [10] <0.00 -0.08 -0.01> result: 90.00 90.03 -89.98 0.00 90.01 0.00
[12:53:34.692] [ARM-RX] [11] <0.00 -0.10 -0.01> result: 90.00 90.04 -89.97 0.00 90.01 0.00
[12:53:34.692] [ARM-RX] [12] <0.00 -0.13 -0.01> result: 90.00 90.05 -89.96 0.00 90.02 0.00
[12:53:34.692] [ARM-RX] [13] <0.00 -0.16 -0
[12:53:34.714] [ARM-RX] .02> result: 90.00 90.07 -89.96 0.00 90.02 0.00
[12:53:34.715] [ARM-RX] [14] <0.00 -0.20 -0.02> result: 90.00 90.08 -89.95 0.00 90.03 0.00
[12:53:34.715] [ARM-RX] [15] <0.00 -0.24 -0.03> result: 90.00 90.10 -89.93 0.00 90.03 0.00
[12:53:34.715] [ARM-RX] [16] <0.00 -0.29 -0.03> result: 90.00 90.12 -89.92 0.00 90.04 0.00
[12:53:34.715] [ARM-RX] [17
[12:53:34.738] [ARM-RX] ] <0.00 -0.35 -0.04> result: 90.00 90.14 -89.90 0.00 90.05 0.00
[12:53:34.738] [ARM-RX] [18] <0.00 -0.41 -0.05> result: 90.00 90.17 -89.89 0.00 90.06 0.00
[12:53:34.738] [ARM-RX] [19] <0.00 -0.48 -0.06> result: 90.00 90.20 -89.87 0.00 90.07 0.00
[12:53:34.738] [ARM-RX] [20] <0.00 -0.56 -0.06> result: 90.00 90.23 -89.85 0.00
[12:53:34.760] [ARM-RX] 90.08 0.00
[12:53:34.760] [ARM-RX] [21] <0.00 -0.64 -0.07> result: 90.00 90.26 -89.82 0.00 90.09 0.00
[12:53:34.761] [ARM-RX] [22] <0.00 -0.73 -0.08> result: 90.00 90.30 -89.80 0.00 90.10 0.00
[12:53:34.761] [ARM-RX] [23] <0.00 -0.83 -0.10> result: 90.00 90.34 -89.77 0.00 90.11 0.00
[12:53:34.761] [ARM-RX] [24] <0.00 -0.94 -0.11> result: 90.00 9
[12:53:34.784] [ARM-RX] 0.39 -89.74 0.00 90.13 0.00
[12:53:34.784] [ARM-RX] [25] <0.00 -1.06 -0.12> result: 90.00 90.43 -89.71 0.00 90.14 0.00
[12:53:34.784] [ARM-RX] [26] <0.00 -1.18 -0.14> result: 90.00 90.48 -89.67 0.00 90.16 0.00
[12:53:34.785] [ARM-RX] [27] <0.00 -1.32 -0.15> result: 90.00 90.54 -89.64 0.00 90.17 0.00
[12:53:34.785] [ARM-RX] [28] <0.00 -1.46 -0.17>
[12:53:34.806] [ARM-RX] result: 90.00 90.60 -89.60 0.00 90.19 0.00
[12:53:34.807] [ARM-RX] [29] <0.00 -1.62 -0.19> result: 90.00 90.66 -89.55 0.00 90.21 0.00
[12:53:34.807] [ARM-RX] [30] <0.00 -1.78 -0.21> result: 90.00 90.72 -89.51 0.00 90.23 0.00
[12:53:34.807] [ARM-RX] [31] <0.00 -1.96 -0.23> result: 90.00 90.79 -89.46 0.00 90.25 0.00
[12:53:34.807] [ARM-RX] [32] <0
[12:53:34.832] [ARM-RX] .00 -2.14 -0.25> result: 90.00 90.87 -89.41 0.00 90.27 0.00
[12:53:34.832] [ARM-RX] [33] <0.00 -2.34 -0.27> result: 90.00 90.94 -89.35 0.00 90.30 0.00
[12:53:34.832] [ARM-RX] [34] <0.00 -2.54 -0.29> result: 90.00 91.02 -89.30 0.00 90.32 0.00
[12:53:34.832] [ARM-RX] [35] <0.00 -2.76 -0.32> result: 90.00 91.11 -89.24 0.00 90.
[12:53:34.851] [ARM-RX] 34 0.00
[12:53:34.852] [ARM-RX] [36] <0.00 -2.99 -0.34> result: 90.00 91.20 -89.17 0.00 90.37 0.00
[12:53:34.852] [ARM-RX] [37] <0.00 -3.23 -0.37> result: 90.00 91.29 -89.10 0.00 90.39 0.00
[12:53:34.852] [ARM-RX] [38] <0.00 -3.48 -0.40> result: 90.00 91.38 -89.04 0.00 90.42 0.00
[12:53:34.852] [ARM-RX] [39] <0.00 -3.74 -0.43> result: 90.00 91.48
[12:53:34.887] [ARM-RX] -88.96 0.00 90.45 0.00
[12:53:34.887] [ARM-RX] [40] <0.00 -4.02 -0.46> result: 90.00 91.59 -88.89 0.00 90.47 0.00
[12:53:34.888] [ARM-RX] [41] <0.00 -4.30 -0.50> result: 90.00 91.69 -88.81 0.00 90.50 0.00
[12:53:34.888] [ARM-RX] [42] <0.00 -4.60 -0.53> result: 90.00 91.81 -88.72 0.00 90.53 0.00
[12:53:34.888] [ARM-RX] [43] <0.00 -4.91 -0.57> res
[12:53:34.910] [ARM-RX] ult: 90.00 91.92 -88.64 0.00 90.56 0.00
[12:53:34.910] [ARM-RX] [44] <0.00 -5.23 -0.60> result: 90.00 92.04 -88.55 0.00 90.58 0.00
[12:53:34.910] [ARM-RX] [45] <0.00 -5.56 -0.64> result: 90.00 92.16 -88.45 0.00 90.61 0.00
[12:53:34.910] [ARM-RX] [46] <0.00 -5.90 -0.68> result: 90.00 92.28 -88.36 0.00 90.64 0.00
[12:53:34.911] [ARM-RX] [47] <0.00
[12:53:34.932] [ARM-RX] -6.26 -0.72> result: 90.00 92.41 -88.26 0.00 90.67 0.00
[12:53:34.933] [ARM-RX] [48] <0.00 -6.63 -0.76> result: 90.00 92.55 -88.15 0.00 90.70 0.00
[12:53:34.933] [ARM-RX] [49] <0.00 -7.01 -0.81> result: 90.00 92.68 -88.05 0.00 90.73 0.00
[12:53:34.933] [ARM-RX] [50] <0.00 -7.40 -0.85> result: 90.00 92.82 -87.94 0.00 90.76 0
[12:53:34.960] [ARM-RX] .00
[12:53:34.960] [ARM-RX] [51] <0.00 -7.80 -0.90> result: 90.00 92.96 -87.82 0.00 90.78 0.00
[12:53:34.961] [ARM-RX] [52] <0.00 -8.22 -0.95> result: 90.00 93.10 -87.71 0.00 90.81 0.00
[12:53:34.961] [ARM-RX] [53] <0.00 -8.65 -1.00> result: 90.00 93.25 -87.58 0.00 90.84 0.00
[12:53:34.961] [ARM-RX] [54] <0.00 -9.08 -1.05> result: 90.00 93.40 -87
[12:53:34.979] [ARM-RX] .46 0.00 90.86 0.00
[12:53:34.979] [ARM-RX] [55] <0.00 -9.53 -1.10> result: 90.00 93.55 -87.33 0.00 90.89 0.00
[12:53:34.979] [ARM-RX] [56] <0.00 -10.00 -1.15> result: 90.00 93.71 -87.20 0.00 90.91 0.00
[12:53:34.979] [ARM-RX] [57] <0.00 -10.47 -1.21> result: 90.00 93.87 -87.07 0.00 90.94 0.00
[12:53:34.980] [ARM-RX] [58] <0.00 -10.95 -1.26> resu
[12:53:35.001] [ARM-RX] lt: 90.00 94.03 -86.93 0.00 90.96 0.00
[12:53:35.001] [ARM-RX] [59] <0.00 -11.45 -1.32> result: 90.00 94.19 -86.79 0.00 90.98 0.00
[12:53:35.001] [ARM-RX] [60] <0.00 -11.96 -1.38> result: 90.00 94.35 -86.65 0.00 91.00 0.00
[12:53:35.002] [ARM-RX] [61] <0.00 -12.47 -1.44> result: 90.00 94.52 -86.50 0.00 91.02 0.00
[12:53:35.002] [ARM-RX] [62] <0.0
[12:53:35.024] [ARM-RX] 0 -13.00 -1.50> result: 90.00 94.69 -86.35 0.00 91.04 0.00
[12:53:35.024] [ARM-RX] [63] <0.00 -13.54 -1.56> result: 90.00 94.86 -86.19 0.00 91.05 0.00
[12:53:35.024] [ARM-RX] [64] <0.00 -14.09 -1.63> result: 90.00 95.03 -86.04 0.00 91.07 0.00
[12:53:35.024] [ARM-RX] [65] <0.00 -14.65 -1.69> result: 90.00 95.20 -85.88 0.00 9
[12:53:35.058] [ARM-RX] 1.08 0.00
[12:53:35.059] [ARM-RX] [66] <0.00 -15.21 -1.76> result: 90.00 95.38 -85.72 0.00 91.09 0.00
[12:53:35.059] [ARM-RX] [67] <0.00 -15.79 -1.82> result: 90.00 95.55 -85.55 0.00 91.10 0.00
[12:53:35.059] [ARM-RX] [68] <0.00 -16.38 -1.89> result: 90.00 95.73 -85.38 0.00 91.11 0.00
[12:53:35.060] [ARM-RX] [69] <0.00 -16.97 -1.96> result: 90.00
[12:53:35.081] [ARM-RX] 95.91 -85.21 0.00 91.12 0.00
[12:53:35.082] [ARM-RX] [70] <0.00 -17.58 -2.03> result: 90.00 96.09 -85.04 0.00 91.13 0.00
[12:53:35.082] [ARM-RX] [71] <0.00 -18.19 -2.10> result: 90.00 96.27 -84.86 0.00 91.13 0.00
[12:53:35.082] [ARM-RX] [72] <0.00 -18.81 -2.17> result: 90.00 96.45 -84.68 0.00 91.13 0.00
[12:53:35.082] [ARM-RX] [73] <0.00 -19.44
[12:53:35.104] [ARM-RX] -2.24> result: 90.00 96.63 -84.50 0.00 91.13 0.00
[12:53:35.105] [ARM-RX] [74] <0.00 -20.08 -2.32> result: 90.00 96.81 -84.32 0.00 91.13 0.00
[12:53:35.105] [ARM-RX] [75] <0.00 -20.72 -2.39> result: 90.00 97.00 -84.13 0.00 91.13 0.00
[12:53:35.105] [ARM-RX] [76] <0.00 -21.37 -2.47> result: 90.00 97.18 -83.94 0.00 91.12 0.00
[12:53:35.127] [ARM-RX] [77] <0.00 -22.03 -2.54> result: 90.00 97.36 -83.75 0.00 91.12 0.00
[12:53:35.127] [ARM-RX] [78] <0.00 -22.70 -2.62> result: 90.00 97.55 -83.56 0.00 91.11 0.00
[12:53:35.128] [ARM-RX] [79] <0.00 -23.37 -2.70> result: 90.00 97.73 -83.37 0.00 91.10 0.00
[12:53:35.128] [ARM-RX] [80] <0.00 -24.04 -2.77> result: 90.00 97.92 -8
[12:53:35.150] [ARM-RX] 3.17 0.00 91.08 0.00
[12:53:35.150] [ARM-RX] [81] <0.00 -24.72 -2.85> result: 90.00 98.10 -82.97 0.00 91.07 0.00
[12:53:35.151] [ARM-RX] [82] <0.00 -25.41 -2.93> result: 90.00 98.28 -82.77 0.00 91.05 0.00
[12:53:35.151] [ARM-RX] [83] <0.00 -26.10 -3.01> result: 90.00 98.47 -82.57 0.00 91.04 0.00
[12:53:35.151] [ARM-RX] [84] <0.00 -26.79 -3.09> re
[12:53:35.174] [ARM-RX] sult: 90.00 98.65 -82.37 0.00 91.02 0.00
[12:53:35.174] [ARM-RX] [85] <0.00 -27.49 -3.17> result: 90.00 98.83 -82.16 0.00 91.00 0.00
[12:53:35.174] [ARM-RX] [86] <0.00 -28.19 -3.25> result: 90.00 99.01 -81.96 0.00 90.97 0.00
[12:53:35.174] [ARM-RX] [87] <0.00 -28.90 -3.33> result: 90.00 99.20 -81.75 0.00 90.95 0.00
[12:53:35.175] [ARM-RX] [88] <0
[12:53:35.196] [ARM-RX] .00 -29.61 -3.42> result: 90.00 99.38 -81.55 0.00 90.92 0.00
[12:53:35.197] [ARM-RX] [89] <0.00 -30.32 -3.50> result: 90.00 99.56 -81.34 0.00 90.90 0.00
[12:53:35.197] [ARM-RX] [90] <0.00 -31.03 -3.58> result: 90.00 99.74 -81.13 0.00 90.87 0.00
[12:53:35.198] [ARM-RX] [91] <0.00 -31.74 -3.66> result: 90.00 99.92 -80.92 0.00
[12:53:35.219] [ARM-RX] 90.84 0.00
[12:53:35.220] [ARM-RX] [92] <0.00 -32.46 -3.74> result: 90.00 100.09 -80.71 0.00 90.80 0.00
[12:53:35.220] [ARM-RX] [93] <0.00 -33.17 -3.83> result: 90.00 100.27 -80.50 0.00 90.77 0.00
[12:53:35.220] [ARM-RX] [94] <0.00 -33.89 -3.91> result: 90.00 100.44 -80.29 0.00 90.74 0.00
[12:53:35.220] [ARM-RX] [95] <0.00 -34.60 -3.99> result:
[12:53:35.253] [ARM-RX] 90.00 100.62 -80.08 0.00 90.70 0.00
[12:53:35.253] [ARM-RX] [96] <0.00 -35.32 -4.07> result: 90.00 100.79 -79.87 0.00 90.66 0.00
[12:53:35.254] [ARM-RX] [97] <0.00 -36.03 -4.16> result: 90.00 100.96 -79.66 0.00 90.62 0.00
[12:53:35.254] [ARM-RX] [98] <0.00 -36.75 -4.24> result: 90.00 101.14 -79.45 0.00 90.58 0.00
[12:53:35.254] [ARM-RX] [99] <0.0
[12:53:35.276] [ARM-RX] 0 -37.46 -4.32> result: 90.00 101.31 -79.24 0.00 90.54 0.00
[12:53:35.277] [ARM-RX] [100] <0.00 -38.18 -4.41> result: 90.00 101.47 -79.02 0.00 90.50 0.00
[12:53:35.277] [ARM-RX] [101] <0.00 -38.89 -4.49> result: 90.00 101.64 -78.81 0.00 90.46 0.00
[12:53:35.277] [ARM-RX] [102] <0.00 -39.61 -4.57> result: 90.00 101.81 -78.60
[12:53:35.299] [ARM-RX] 0.00 90.41 0.00
[12:53:35.299] [ARM-RX] [103] <0.00 -40.32 -4.65> result: 90.00 101.98 -78.39 0.00 90.37 0.00
[12:53:35.300] [ARM-RX] [104] <0.00 -41.04 -4.74> result: 90.00 102.14 -78.18 0.00 90.32 0.00
[12:53:35.300] [ARM-RX] [105] <0.00 -41.75 -4.82> result: 90.00 102.31 -77.96 0.00 90.27 0.00
[12:53:35.300] [ARM-RX] [106] <0.00 -42.47 -4.90>
[12:53:35.322] [ARM-RX] result: 90.00 102.47 -77.75 0.00 90.22 0.00
[12:53:35.323] [ARM-RX] [107] <0.00 -43.18 -4.98> result: 90.00 102.63 -77.54 0.00 90.17 0.00
[12:53:35.323] [ARM-RX] [108] <0.00 -43.90 -5.07> result: 90.00 102.79 -77.33 0.00 90.12 0.00
[12:53:35.327] [ARM-RX] [109] <0.00 -44.61 -5.15> result: 90.00 102.95 -77.11 0.00 90.07 0.0
[12:53:35.345] [ARM-RX] 0
[12:53:35.345] [ARM-RX] [110] <0.00 -45.33 -5.23> result: 90.00 103.12 -76.90 0.00 90.02 0.00
[12:53:35.346] [ARM-RX] [111] <0.00 -46.05 -5.31> result: 90.00 103.27 -76.69 0.00 89.96 0.00
[12:53:35.346] [ARM-RX] [112] <0.00 -46.76 -5.40> result: 90.00 103.43 -76.47 0.00 89.91 0.00
[12:53:35.346] [ARM-RX] [113] <0.00 -47.48 -5.48> result: 90.00
[12:53:35.369] [ARM-RX] 103.59 -76.26 0.00 89.85 0.00
[12:53:35.369] [ARM-RX] [114] <0.00 -48.19 -5.56> result: 90.00 103.75 -76.05 0.00 89.80 0.00
[12:53:35.369] [ARM-RX] [115] <0.00 -48.91 -5.64> result: 90.00 103.91 -75.83 0.00 89.74 0.00
[12:53:35.369] [ARM-RX] [116] <0.00 -49.62 -5.73> result: 90.00 104.06 -75.62 0.00 89.68 0.00
[12:53:35.370] [ARM-RX] [117] <0.00
[12:53:35.391] [ARM-RX] -50.34 -5.81> result: 90.00 104.22 -75.40 0.00 89.62 0.00
[12:53:35.392] [ARM-RX] [118] <0.00 -51.05 -5.89> result: 90.00 104.37 -75.19 0.00 89.56 0.00
[12:53:35.393] [ARM-RX] [119] <0.00 -51.77 -5.97> result: 90.00 104.53 -74.98 0.00 89.50 0.00
[12:53:35.393] [ARM-RX] [120] <0.00 -52.48 -6.06> result: 90.00 104.68 -74.76 0
[12:53:35.426] [ARM-RX] .00 89.44 0.00
[12:53:35.426] [ARM-RX] [121] <0.00 -53.20 -6.14> result: 90.00 104.83 -74.55 0.00 89.38 0.00
[12:53:35.426] [ARM-RX] [122] <0.00 -53.91 -6.22> result: 90.00 104.99 -74.33 0.00 89.32 0.00
[12:53:35.426] [ARM-RX] [123] <0.00 -54.63 -6.30> result: 90.00 105.14 -74.12 0.00 89.25 0.00
[12:53:35.427] [ARM-RX] [124] <0.00 -55.34 -6.39> r
[12:53:35.448] [ARM-RX] esult: 90.00 105.29 -73.90 0.00 89.19 0.00
[12:53:35.449] [ARM-RX] [125] <0.00 -56.06 -6.47> result: 90.00 105.44 -73.68 0.00 89.12 0.00
[12:53:35.449] [ARM-RX] [126] <0.00 -56.77 -6.55> result: 90.00 105.59 -73.47 0.00 89.06 0.00
[12:53:35.449] [ARM-RX] [127] <0.00 -57.49 -6.63> result: 90.00 105.74 -73.25 0.00 88.99 0.00
[12:53:35.471] [ARM-RX] [128] <0.00 -58.20 -6.72> result: 90.00 105.89 -73.04 0.00 88.93 0.00
[12:53:35.471] [ARM-RX] [129] <0.00 -58.92 -6.80> result: 90.00 106.04 -72.82 0.00 88.86 0.00
[12:53:35.472] [ARM-RX] [130] <0.00 -59.64 -6.88> result: 90.00 106.19 -72.60 0.00 88.79 0.00
[12:53:35.472] [ARM-RX] [131] <0.00 -60.35 -6.96> result: 90.00 10
[12:53:35.495] [ARM-RX] 6.33 -72.39 0.00 88.72 0.00
[12:53:35.495] [ARM-RX] [132] <0.00 -61.07 -7.05> result: 90.00 106.48 -72.17 0.00 88.65 0.00
[12:53:35.495] [ARM-RX] [133] <0.00 -61.78 -7.13> result: 90.00 106.63 -71.95 0.00 88.58 0.00
[12:53:35.496] [ARM-RX] [134] <0.00 -62.50 -7.21> result: 90.00 106.77 -71.74 0.00 88.51 0.00
[12:53:35.496] [ARM-RX] [135] <0.00 -6
[12:53:35.517] [ARM-RX] 3.21 -7.29> result: 90.00 106.92 -71.52 0.00 88.44 0.00
[12:53:35.517] [ARM-RX] [136] <0.00 -63.93 -7.38> result: 90.00 107.07 -71.30 0.00 88.37 0.00
[12:53:35.518] [ARM-RX] [137] <0.00 -64.64 -7.46> result: 90.00 107.21 -71.09 0.00 88.30 0.00
[12:53:35.518] [ARM-RX] [138] <0.00 -65.36 -7.54> result: 90.00 107.36 -70.87 0.0
[12:53:35.541] [ARM-RX] 0 88.22 0.00
[12:53:35.541] [ARM-RX] [139] <0.00 -66.07 -7.62> result: 90.00 107.50 -70.65 0.00 88.15 0.00
[12:53:35.541] [ARM-RX] [140] <0.00 -66.79 -7.71> result: 90.00 107.64 -70.43 0.00 88.08 0.00
[12:53:35.541] [ARM-RX] [141] <0.00 -67.50 -7.79> result: 90.00 107.79 -70.21 0.00 88.00 0.00
[12:53:35.542] [ARM-RX] [142] <0.00 -68.22 -7.87> res
[12:53:35.563] [ARM-RX] ult: 90.00 107.93 -70.00 0.00 87.93 0.00
[12:53:35.564] [ARM-RX] [143] <0.00 -68.93 -7.95> result: 90.00 108.07 -69.78 0.00 87.85 0.00
[12:53:35.564] [ARM-RX] [144] <0.00 -69.65 -8.04> result: 90.00 108.22 -69.56 0.00 87.78 0.00
[12:53:35.564] [ARM-RX] [145] <0.00 -70.36 -8.12> result: 90.00 108.36 -69.34 0.00 87.70 0.00
[12:53:35.564] [ARM-RX] [
[12:53:35.587] [ARM-RX] 146] <0.00 -71.08 -8.20> result: 90.00 108.50 -69.12 0.00 87.62 0.00
[12:53:35.587] [ARM-RX] [147] <0.00 -71.79 -8.28> result: 90.00 108.64 -68.90 0.00 87.54 0.00
[12:53:35.587] [ARM-RX] [148] <0.00 -72.51 -8.37> result: 90.00 108.78 -68.68 0.00 87.47 0.00
[12:53:35.587] [ARM-RX] [149] <0.00 -73.23 -8.45> result: 90.00 108.
[12:53:35.621] [ARM-RX] 93 -68.46 0.00 87.39 0.00
[12:53:35.621] [ARM-RX] [150] <0.00 -73.94 -8.53> result: 90.00 109.07 -68.24 0.00 87.31 0.00
[12:53:35.623] [ARM-RX] [151] <0.00 -74.66 -8.61> result: 90.00 109.21 -68.02 0.00 87.23 0.00
[12:53:35.624] [ARM-RX] [152] <0.00 -75.37 -8.70> result: 90.00 109.35 -67.80 0.00 87.15 0.00
[12:53:35.624] [ARM-RX] [153] <0.00 -76.
[12:53:35.644] [ARM-RX] 09 -8.78> result: 90.00 109.49 -67.58 0.00 87.07 0.00
[12:53:35.644] [ARM-RX] [154] <0.00 -76.80 -8.86> result: 90.00 109.63 -67.36 0.00 86.99 0.00
[12:53:35.644] [ARM-RX] [155] <0.00 -77.52 -8.94> result: 90.00 109.76 -67.14 0.00 86.91 0.00
[12:53:35.645] [ARM-RX] [156] <0.00 -78.23 -9.03> result: 90.00 109.90 -66.92 0.00
[12:53:35.666] [ARM-RX] 86.83 0.00
[12:53:35.667] [ARM-RX] [157] <0.00 -78.95 -9.11> result: 90.00 110.04 -66.70 0.00 86.74 0.00
[12:53:35.667] [ARM-RX] [158] <0.00 -79.66 -9.19> result: 90.00 110.18 -66.48 0.00 86.66 0.00
[12:53:35.667] [ARM-RX] [159] <0.00 -80.38 -9.27> result: 90.00 110.32 -66.26 0.00 86.58 0.00
[12:53:35.667] [ARM-RX] [160] <0.00 -81.09 -9.36> resul
[12:53:35.690] [ARM-RX] t: 90.00 110.46 -66.04 0.00 86.50 0.00
[12:53:35.690] [ARM-RX] [161] <0.00 -81.81 -9.44> result: 90.00 110.60 -65.82 0.00 86.41 0.00
[12:53:35.690] [ARM-RX] [162] <0.00 -82.52 -9.52> result: 90.00 110.73 -65.59 0.00 86.33 0.00
[12:53:35.691] [ARM-RX] [163] <0.00 -83.24 -9.60> result: 90.00 110.87 -65.37 0.00 86.24 0.00
[12:53:35.691] [ARM-RX] [16
[12:53:35.712] [ARM-RX] 4] <0.00 -83.95 -9.69> result: 90.00 111.01 -65.15 0.00 86.16 0.00
[12:53:35.713] [ARM-RX] [165] <0.00 -84.67 -9.77> result: 90.00 111.14 -64.93 0.00 86.07 0.00
[12:53:35.713] [ARM-RX] [166] <0.00 -85.38 -9.85> result: 90.00 111.28 -64.71 0.00 85.99 0.00
[12:53:35.713] [ARM-RX] [167] <0.00 -86.10 -9.93> result: 90.00 111.42
[12:53:35.735] [ARM-RX] -64.48 0.00 85.90 0.00
[12:53:35.736] [ARM-RX] [168] <0.00 -86.81 -10.02> result: 90.00 111.55 -64.26 0.00 85.81 0.00
[12:53:35.736] [ARM-RX] [169] <0.00 -87.53 -10.10> result: 90.00 111.69 -64.04 0.00 85.73 0.00
[12:53:35.736] [ARM-RX] [170] <0.00 -88.25 -10.18> result: 90.00 111.83 -63.81 0.00 85.64 0.00
[12:53:35.736] [ARM-RX] [171] <0.00 -88
[12:53:35.759] [ARM-RX] .96 -10.26> result: 90.00 111.96 -63.59 0.00 85.55 0.00
[12:53:35.759] [ARM-RX] [172] <0.00 -89.68 -10.35> result: 90.00 112.10 -63.37 0.00 85.46 0.00
[12:53:35.759] [ARM-RX] [173] <0.00 -90.39 -10.43> result: 90.00 112.23 -63.14 0.00 85.38 0.00
[12:53:35.760] [ARM-RX] [174] <0.00 -91.11 -10.51> result: 90.00 112.37 -62.92
[12:53:35.792] [ARM-RX] 0.00 85.29 0.00
[12:53:35.793] [ARM-RX] [175] <0.00 -91.82 -10.59> result: 90.00 112.50 -62.70 0.00 85.20 0.00
[12:53:35.793] [ARM-RX] [176] <0.00 -92.54 -10.68> result: 90.00 112.64 -62.47 0.00 85.11 0.00
[12:53:35.793] [ARM-RX] [177] <0.00 -93.25 -10.76> result: 90.00 112.77 -62.25 0.00 85.02 0.00
[12:53:35.793] [ARM-RX] [178] <0.00 -93.97 -10.
[12:53:35.816] [ARM-RX] 84> result: 90.00 112.91 -62.02 0.00 84.93 0.00
[12:53:35.816] [ARM-RX] [179] <0.00 -94.68 -10.92> result: 90.00 113.04 -61.80 0.00 84.84 0.00
[12:53:35.816] [ARM-RX] [180] <0.00 -95.40 -11.01> result: 90.00 113.18 -61.57 0.00 84.75 0.00
[12:53:35.816] [ARM-RX] [181] <0.00 -96.11 -11.09> result: 90.00 113.31 -61.35 0.00 84.
[12:53:35.838] [ARM-RX] 66 0.00
[12:53:35.838] [ARM-RX] [182] <0.00 -96.83 -11.17> result: 90.00 113.44 -61.12 0.00 84.57 0.00
[12:53:35.839] [ARM-RX] [183] <0.00 -97.54 -11.26> result: 90.00 113.58 -60.90 0.00 84.48 0.00
[12:53:35.839] [ARM-RX] [184] <0.00 -98.26 -11.34> result: 90.00 113.71 -60.67 0.00 84.38 0.00
[12:53:35.839] [ARM-RX] [185] <0.00 -98.97 -11.42> resu
[12:53:35.861] [ARM-RX] lt: 90.00 113.85 -60.45 0.00 84.29 0.00
[12:53:35.862] [ARM-RX] [186] <0.00 -99.68 -11.50> result: 90.00 113.98 -60.22 0.00 84.20 0.00
[12:53:35.862] [ARM-RX] [187] <0.00 -100.39 -11.58> result: 90.00 114.11 -60.00 0.00 84.11 0.00
[12:53:35.863] [ARM-RX] [188] <0.00 -101.10 -11.67> result: 90.00 114.24 -59.77 0.00 84.01 0.0
[12:53:35.885] [ARM-RX] 0
[12:53:35.885] [ARM-RX] [189] <0.00 -101.80 -11.75> result: 90.00 114.37 -59.55 0.00 83.92 0.00
[12:53:35.886] [ARM-RX] [190] <0.00 -102.51 -11.83> result: 90.00 114.50 -59.33 0.00 83.83 0.00
[12:53:35.886] [ARM-RX] [191] <0.00 -103.20 -11.91> result: 90.00 114.63 -59.10 0.00 83.74 0.00
[12:53:35.886] [ARM-RX] [192] <0.00 -103.90 -11.99> result
[12:53:35.907] [ARM-RX] : 90.00 114.76 -58.88 0.00 83.65 0.00
[12:53:35.907] [ARM-RX] [193] <0.00 -104.59 -12.07> result: 90.00 114.89 -58.66 0.00 83.56 0.00
[12:53:35.907] [ARM-RX] [194] <0.00 -105.28 -12.15> result: 90.00 115.02 -58.44 0.00 83.46 0.00
[12:53:35.909] [ARM-RX] [195] <0.00 -105.96 -12.23> result: 90.00 115.15 -58.23 0.00 83.37 0.00
[12:53:35.931] [ARM-RX] [196] <0.00 -106.63 -12.30> result: 90.00 115.27 -58.01 0.00 83.28 0.00
[12:53:35.931] [ARM-RX] [197] <0.00 -107.30 -12.38> result: 90.00 115.40 -57.80 0.00 83.19 0.00
[12:53:35.931] [ARM-RX] [198] <0.00 -107.97 -12.46> result: 90.00 115.52 -57.59 0.00 83.10 0.00
[12:53:35.931] [ARM-RX] [199] <0.00 -108.62 -12.53> result:
[12:53:35.953] [ARM-RX] 90.00 115.64 -57.38 0.00 83.02 0.00
[12:53:35.954] [ARM-RX] [200] <0.00 -109.28 -12.61> result: 90.00 115.76 -57.17 0.00 82.93 0.00
[12:53:35.954] [ARM-RX] [201] <0.00 -109.92 -12.68> result: 90.00 115.88 -56.96 0.00 82.84 0.00
[12:53:35.954] [ARM-RX] [202] <0.00 -110.56 -12.76> result: 90.00 116.00 -56.76 0.00 82.75 0.00
[12:53:35.989] [ARM-RX] [203] <0.00 -111.19 -12.83> result: 90.00 116.11 -56.55 0.00 82.67 0.00
[12:53:35.989] [ARM-RX] [204] <0.00 -111.81 -12.90> result: 90.00 116.23 -56.36 0.00 82.58 0.00
[12:53:35.989] [ARM-RX] [205] <0.00 -112.42 -12.97> result: 90.00 116.34 -56.16 0.00 82.50 0.00
[12:53:35.989] [ARM-RX] [206] <0.00 -113.02 -13.04> result:
[12:53:36.011] [ARM-RX] 90.00 116.45 -55.96 0.00 82.42 0.00
[12:53:36.012] [ARM-RX] [207] <0.00 -113.62 -13.11> result: 90.00 116.56 -55.77 0.00 82.33 0.00
[12:53:36.012] [ARM-RX] [208] <0.00 -114.21 -13.18> result: 90.00 116.67 -55.58 0.00 82.25 0.00
[12:53:36.012] [ARM-RX] [209] <0.00 -114.79 -13.24> result: 90.00 116.78 -55.40 0.00 82.17 0.00
[12:53:36.034] [ARM-RX] [210] <0.00 -115.35 -13.31> result: 90.00 116.88 -55.21 0.00 82.10 0.00
[12:53:36.035] [ARM-RX] [211] <0.00 -115.91 -13.37> result: 90.00 116.99 -55.03 0.00 82.02 0.00
[12:53:36.035] [ARM-RX] [212] <0.00 -116.46 -13.44> result: 90.00 117.09 -54.86 0.00 81.94 0.00
[12:53:36.035] [ARM-RX] [213] <0.00 -117.00 -13.50> result: 9
[12:53:36.056] [ARM-RX] 0.00 117.19 -54.68 0.00 81.87 0.00
[12:53:36.056] [ARM-RX] [214] <0.00 -117.53 -13.56> result: 90.00 117.28 -54.51 0.00 81.79 0.00
[12:53:36.057] [ARM-RX] [215] <0.00 -118.04 -13.62> result: 90.00 117.38 -54.34 0.00 81.72 0.00
[12:53:36.057] [ARM-RX] [216] <0.00 -118.55 -13.68> result: 90.00 117.47 -54.18 0.00 81.65 0.00
[12:53:36.057] [ARM-RX] [
[12:53:36.080] [ARM-RX] 217] <0.00 -119.05 -13.74> result: 90.00 117.56 -54.02 0.00 81.58 0.00
[12:53:36.081] [ARM-RX] [218] <0.00 -119.53 -13.79> result: 90.00 117.65 -53.86 0.00 81.51 0.00
[12:53:36.081] [ARM-RX] [219] <0.00 -120.00 -13.85> result: 90.00 117.74 -53.71 0.00 81.45 0.00
[12:53:36.081] [ARM-RX] [220] <0.00 -120.47 -13.90> result: 90
[12:53:36.102] [ARM-RX] .00 117.82 -53.56 0.00 81.38 0.00
[12:53:36.102] [ARM-RX] [221] <0.00 -120.92 -13.95> result: 90.00 117.91 -53.41 0.00 81.32 0.00
[12:53:36.102] [ARM-RX] [222] <0.00 -121.35 -14.00> result: 90.00 117.99 -53.27 0.00 81.25 0.00
[12:53:36.102] [ARM-RX] [223] <0.00 -121.78 -14.05> result: 90.00 118.07 -53.13 0.00 81.19 0.00
[12:53:36.104] [ARM-RX] [2
[12:53:36.125] [ARM-RX] 24] <0.00 -122.20 -14.10> result: 90.00 118.14 -52.99 0.00 81.13 0.00
[12:53:36.126] [ARM-RX] [225] <0.00 -122.60 -14.15> result: 90.00 118.22 -52.86 0.00 81.08 0.00
[12:53:36.126] [ARM-RX] [226] <0.00 -122.99 -14.19> result: 90.00 118.29 -52.73 0.00 81.02 0.00
[12:53:36.126] [ARM-RX] [227] <0.00 -123.37 -14.24> result: 90.
[12:53:36.160] [ARM-RX] 00 118.36 -52.61 0.00 80.97 0.00
[12:53:36.161] [ARM-RX] [228] <0.00 -123.74 -14.28> result: 90.00 118.43 -52.49 0.00 80.91 0.00
[12:53:36.161] [ARM-RX] [229] <0.00 -124.10 -14.32> result: 90.00 118.49 -52.37 0.00 80.86 0.00
[12:53:36.161] [ARM-RX] [230] <0.00 -124.44 -14.36> result: 90.00 118.55 -52.26 0.00 80.81 0.00
[12:53:36.161] [ARM-RX] [23
[12:53:36.183] [ARM-RX] 1] <0.00 -124.77 -14.40> result: 90.00 118.62 -52.15 0.00 80.77 0.00
[12:53:36.184] [ARM-RX] [232] <0.00 -125.09 -14.43> result: 90.00 118.67 -52.05 0.00 80.72 0.00
[12:53:36.184] [ARM-RX] [233] <0.00 -125.40 -14.47> result: 90.00 118.73 -51.94 0.00 80.68 0.00
[12:53:36.184] [ARM-RX] [234] <0.00 -125.70 -14.50> result: 90.0
[12:53:36.206] [ARM-RX] 0 118.79 -51.85 0.00 80.63 0.00
[12:53:36.207] [ARM-RX] [235] <0.00 -125.98 -14.54> result: 90.00 118.84 -51.75 0.00 80.59 0.00
[12:53:36.207] [ARM-RX] [236] <0.00 -126.26 -14.57> result: 90.00 118.89 -51.66 0.00 80.55 0.00
[12:53:36.207] [ARM-RX] [237] <0.00 -126.52 -14.60> result: 90.00 118.94 -51.58 0.00 80.52 0.00
[12:53:36.207] [ARM-RX] [238
[12:53:36.230] [ARM-RX] ] <0.00 -126.77 -14.63> result: 90.00 118.98 -51.50 0.00 80.48 0.00
[12:53:36.230] [ARM-RX] [239] <0.00 -127.01 -14.66> result: 90.00 119.03 -51.42 0.00 80.44 0.00
[12:53:36.231] [ARM-RX] [240] <0.00 -127.24 -14.68> result: 90.00 119.07 -51.34 0.00 80.41 0.00
[12:53:36.231] [ARM-RX] [241] <0.00 -127.46 -14.71> result: 90.00
[12:53:36.253] [ARM-RX] 119.11 -51.27 0.00 80.38 0.00
[12:53:36.253] [ARM-RX] [242] <0.00 -127.66 -14.73> result: 90.00 119.15 -51.20 0.00 80.35 0.00
[12:53:36.253] [ARM-RX] [243] <0.00 -127.86 -14.75> result: 90.00 119.18 -51.14 0.00 80.32 0.00
[12:53:36.253] [ARM-RX] [244] <0.00 -128.04 -14.77> result: 90.00 119.22 -51.08 0.00 80.30 0.00
[12:53:36.254] [ARM-RX] [245]
[12:53:36.280] [ARM-RX] <0.00 -128.22 -14.79> result: 90.00 119.25 -51.02 0.00 80.27 0.00
[12:53:36.280] [ARM-RX] [246] <0.00 -128.38 -14.81> result: 90.00 119.28 -50.97 0.00 80.25 0.00
[12:53:36.281] [ARM-RX] [247] <0.00 -128.53 -14.83> result: 90.00 119.31 -50.92 0.00 80.22 0.00
[12:53:36.281] [ARM-RX] [248] <0.00 -128.68 -14.85> result: 90.00
[12:53:36.299] [ARM-RX] 119.33 -50.87 0.00 80.20 0.00
[12:53:36.299] [ARM-RX] [249] <0.00 -128.82 -14.86> result: 90.00 119.36 -50.82 0.00 80.18 0.00
[12:53:36.299] [ARM-RX] [250] <0.00 -128.94 -14.88> result: 90.00 119.38 -50.78 0.00 80.16 0.00
[12:53:36.299] [ARM-RX] [251] <0.00 -129.06 -14.89> result: 90.00 119.40 -50.74 0.00 80.15 0.00
[12:53:36.300] [ARM-RX] [252]
[12:53:36.322] [ARM-RX] <0.00 -129.17 -14.90> result: 90.00 119.42 -50.71 0.00 80.13 0.00
[12:53:36.322] [ARM-RX] [253] <0.00 -129.27 -14.92> result: 90.00 119.44 -50.68 0.00 80.12 0.00
[12:53:36.323] [ARM-RX] [254] <0.00 -129.36 -14.93> result: 90.00 119.46 -50.65 0.00 80.10 0.00
[12:53:36.323] [ARM-RX] [255] <0.00 -129.44 -14.94> result: 90.00 1
[12:53:36.355] [ARM-RX] 19.47 -50.62 0.00 80.09 0.00
[12:53:36.356] [ARM-RX] [256] <0.00 -129.52 -14.94> result: 90.00 119.49 -50.59 0.00 80.08 0.00
[12:53:36.356] [ARM-RX] [257] <0.00 -129.59 -14.95> result: 90.00 119.50 -50.57 0.00 80.07 0.00
[12:53:36.356] [ARM-RX] [258] <0.00 -129.65 -14.96> result: 90.00 119.51 -50.55 0.00 80.06 0.00
[12:53:36.357] [ARM-RX] [259] <
[12:53:36.378] [ARM-RX] 0.00 -129.71 -14.97> result: 90.00 119.52 -50.53 0.00 80.05 0.00
[12:53:36.379] [ARM-RX] [260] <0.00 -129.76 -14.97> result: 90.00 119.53 -50.51 0.00 80.05 0.00
[12:53:36.379] [ARM-RX] [261] <0.00 -129.80 -14.98> result: 90.00 119.54 -50.50 0.00 80.04 0.00
[12:53:36.379] [ARM-RX] [262] <0.00 -129.84 -14.98> result: 90.00 11
[12:53:36.401] [ARM-RX] 9.55 -50.49 0.00 80.03 0.00
[12:53:36.402] [ARM-RX] [263] <0.00 -129.87 -14.99> result: 90.00 119.55 -50.48 0.00 80.03 0.00
[12:53:36.402] [ARM-RX] [264] <0.00 -129.90 -14.99> result: 90.00 119.56 -50.47 0.00 80.02 0.00
[12:53:36.402] [ARM-RX] [265] <0.00 -129.92 -14.99> result: 90.00 119.56 -50.46 0.00 80.02 0.00
[12:53:36.402] [ARM-RX] [266] <0
[12:53:36.425] [ARM-RX] .00 -129.94 -14.99> result: 90.00 119.57 -50.45 0.00 80.02 0.00
[12:53:36.425] [ARM-RX] [267] <0.00 -129.96 -15.00> result: 90.00 119.57 -50.45 0.00 80.02 0.00
[12:53:36.425] [ARM-RX] [268] <0.00 -129.97 -15.00> result: 90.00 119.57 -50.44 0.00 80.01 0.00
[12:53:36.426] [ARM-RX] [269] <0.00 -129.98 -15.00> result: 90.00 119
[12:53:36.447] [ARM-RX] .57 -50.44 0.00 80.01 0.00
[12:53:36.448] [ARM-RX] [270] <0.00 -129.99 -15.00> result: 90.00 119.57 -50.44 0.00 80.01 0.00
[12:53:36.448] [ARM-RX] [271] <0.00 -129.99 -15.00> result: 90.00 119.58 -50.44 0.00 80.01 0.00
[12:53:36.448] [ARM-RX] [272] <0.00 -130.00 -15.00> result: 90.00 119.58 -50.43 0.00 80.01 0.00
[12:53:36.448] [ARM-RX] [273] <0.
[12:53:36.471] [ARM-RX] 00 -130.00 -15.00> result: 90.00 119.58 -50.43 0.00 80.01 0.00
[12:53:36.471] [ARM-RX] [274] <0.00 -130.00 -15.00> result: 90.00 119.58 -50.43 0.00 80.01 0.00
[12:53:36.472] [ARM-RX] [275] <0.00 -130.00 -15.00> result: 90.00 119.58 -50.43 0.00 80.01 0.00
[12:53:36.472] [ARM-RX] [276] <0.00 -130.00 -15.00> result: 90.00 119.
[12:53:36.533] [ARM-RX] 58 -50.43 0.00 80.01 0.00
[12:53:37.149] [ARM-RX] [JETSON_UART] rx_bytes=28207 frames_ok=2291 crc_fail=0 overflow=0 tx_ok=102 tx_start_fail=0 tx_timeout=0 last_type=0x01 last_seq=47
[12:53:38.132] [ARM-RX] [JETSON_UART] rx_bytes=28279 frames_ok=2297 crc_fail=0 overflow=0 tx_ok=102 tx_start_fail=0 tx_timeout=0 last_type=0x01 last_seq=53
[12:53:39.178] [ARM-RX] [JETSON_UART] rx_bytes=28351 frames_ok=2303 crc_fail=0 overflow=0 tx_ok=102 tx_start_fail=0 tx_timeout=0 last_type=0x01 last_seq=59
[12:53:39.362] [ARM-RX] [joint 1] ave_error:0.00
[12:53:39.362] [ARM-RX] [joint 2] ave_error:1.85
[12:53:39.363] [ARM-RX] [joint 3] ave_error:2.07
[12:53:39.364] [ARM-RX] [joint 4] ave_error:0.00
[12:53:39.364] [ARM-RX] [joint 5] ave_error:0.69
[12:53:39.364] [ARM-RX] robot pid run finished!!
[12:53:39.424] [ARM-RX] [WORKFLOW] MEASURE_POSITION -> WAIT_SAFE_DISTANCE
[12:53:39.792] [ARM-RX] [SAFE] seq=64 mm=184 streak=1/3
[12:53:39.977] [ARM-RX] [SAFE] seq=66 mm=186 streak=2/3
[12:53:40.162] [ARM-RX] [JETSON_UART] rx_bytes=28445 frames_ok=2311 crc_fail=0 overflow=0 tx_ok=103 tx_start_fail=0 tx_timeout=0 last_type=0x01 last_seq=67
[12:53:40.163] [ARM-RX] [SAFE] seq=68 mm=185 streak=3/3
[12:53:40.224] [ARM-RX] [WORKFLOW] WAIT_SAFE_DISTANCE -> SAFE_READY
[12:53:41.146] [ARM-RX] [JETSON_UART] rx_bytes=28528 frames_ok=2318 crc_fail=0 overflow=0 tx_ok=105 tx_start_fail=0 tx_timeout=0 last_type=0x01 last_seq=74
[12:53:42.135] [ARM-RX] [JETSON_UART] rx_bytes=28600 frames_ok=2324 crc_fail=0 overflow=0 tx_ok=105 tx_start_fail=0 tx_timeout=0 last_type=0x01 last_seq=80
[12:53:43.191] [ARM-RX] [JETSON_UART] rx_bytes=28672 frames_ok=2330 crc_fail=0 overflow=0 tx_ok=105 tx_start_fail=0 tx_timeout=0 last_type=0x01 last_seq=86
[12:53:44.184] [ARM-RX] [JETSON_UART] rx_bytes=28756 frames_ok=2337 crc_fail=0 overflow=0 tx_ok=105 tx_start_fail=0 tx_timeout=0 last_type=0x01 last_seq=93
[12:53:44.247] [ARM-RX] [JETSON_RX] capture_ctrl action=2 point=0
[12:53:44.247] [ARM-RX] [CAPTURE] request action=2 point=0
[12:53:44.248] [ARM-RX] ROBOT_SOFT_RESET_EVENT
[12:53:44.248] [ARM-RX] --- Starting soft reset ---
[12:53:44.493] [ARM-RX] Soft reset motors enabled (J1~J5, J6 skipped).
[12:53:44.493] [ARM-RX] Soft resetting joint 4...
[12:53:44.493] [ARM-RX] robot_update_current_angle 4...
[12:53:44.493] [ARM-RX] [4] current:80.49, target:90.00, dir:1
[12:53:45.176] [ARM-RX] [JETSON_UART] rx_bytes=28838 frames_ok=2344 crc_fail=0 overflow=0 tx_ok=106 tx_start_fail=0 tx_timeout=0 last_type=0x01 last_seq=100
[12:53:45.484] [ARM-RX] Soft resetting joint 3...
[12:53:45.484] [ARM-RX] robot_update_current_angle 3...
[12:53:45.484] [ARM-RX] [3] current:0.00, target:0.00, dir:1
[12:53:45.609] [ARM-RX] Soft resetting joint 1...
[12:53:45.609] [ARM-RX] robot_update_current_angle 1...
[12:53:45.609] [ARM-RX] [1] current:119.37, target:90.00, dir:-1
[12:53:46.168] [ARM-RX] [JETSON_UART] rx_bytes=28910 frames_ok=2350 crc_fail=0 overflow=0 tx_ok=106 tx_start_fail=0 tx_timeout=0 last_type=0x01 last_seq=106
[12:53:47.156] [ARM-RX] [JETSON_UART] rx_bytes=28982 frames_ok=2356 crc_fail=0 overflow=0 tx_ok=106 tx_start_fail=0 tx_timeout=0 last_type=0x01 last_seq=112
[12:53:47.591] [ARM-RX] soft reset joint 1 settle timeout, keep going
[12:53:47.591] [ARM-RX] Soft resetting joint 2...
[12:53:47.591] [ARM-RX] robot_update_current_angle 2...
[12:53:47.591] [ARM-RX] [2] current:-51.09, target:-90.00, dir:-1
[12:53:48.212] [ARM-RX] [JETSON_UART] rx_bytes=29054 frames_ok=2362 crc_fail=0 overflow=0 tx_ok=106 tx_start_fail=0 tx_timeout=0 last_type=0x01 last_seq=118
[12:53:49.199] [ARM-RX] [JETSON_UART] rx_bytes=29126 frames_ok=2368 crc_fail=0 overflow=0 tx_ok=106 tx_start_fail=0 tx_timeout=0 last_type=0x01 last_seq=124
[12:53:49.758] [ARM-RX] soft reset joint 2 settle timeout, keep going
[12:53:49.758] [ARM-RX] Soft resetting joint 0...
[12:53:49.758] [ARM-RX] robot_update_current_angle 0...
[12:53:49.758] [ARM-RX] [0] current:90.00, target:90.00, dir:1
[12:53:49.941] [ARM-RX] soft reset verify not pass, start refine loop...
[12:53:50.065] [ARM-RX] soft reset refine joint 2 round 1: cur=-85.67 target=-90.00 err=4.33 dir=-1
[12:53:50.189] [ARM-RX] [JETSON_UART] rx_bytes=29210 frames_ok=2375 crc_fail=0 overflow=0 tx_ok=106 tx_start_fail=0 tx_timeout=0 last_type=0x01 last_seq=131
[12:53:51.057] [ARM-RX] soft reset refine pass 1 success.
[12:53:51.057] [ARM-RX] soft reset final verify PASS (issues:2), pose set HOME.
[12:53:51.118] [ARM-RX] [WORKFLOW] SAFE_READY -> CAPTURE
[12:53:51.118] [ARM-RX] [JETSON_RX] capture_ctrl action=1 point=1
[12:53:51.118] [ARM-RX] [CAPTURE] request action=1 point=1
[12:53:51.156] [ARM-RX] ROBOT_AUTO_EVENT
[12:53:51.156] [ARM-RX] AUTO slow profile scale=0.40 target=<0.00 -130.00 -15.00>
[12:53:51.156] [ARM-RX] [0] <0.00 0.00 0.00> result: 90.00 90.00 -90.00 0.00 90.00 0.00
[12:53:51.156] [ARM-RX] [1] <0.00 -0.00 -0.00> result: 90.00 90.00 -90.00 0.00 90.00 0.00
[12:53:51.157] [ARM-RX] [2] <0.00 -0.00 -
[12:53:51.180] [ARM-RX] 0.00> result: 90.00 90.00 -90.00 0.00 90.00 0.00
[12:53:51.183] [ARM-RX] [3] <0.00 -0.00 -0.00> result: 90.00 90.00 -90.00 0.00 90.00 0.00
[12:53:51.183] [ARM-RX] [4] <0.00 -0.01 -0.00> result: 90.00 90.00 -90.00 0.00 90.00 0.00
[12:53:51.184] [ARM-RX] [5] <0.00 -0.01 -0.00> result: 90.00 90.00 -90.00 0.00 90.00 0.00
[12:53:51.184] [ARM-RX] [6] <
[12:53:51.202] [ARM-RX] 0.00 -0.02 -0.00> result: 90.00 90.01 -90.00 0.00 90.00 0.00
[12:53:51.202] [ARM-RX] [7] <0.00 -0.03 -0.00> result: 90.00 90.01 -89.99 0.00 90.00 0.00
[12:53:51.203] [ARM-RX] [8] <0.00 -0.04 -0.00> result: 90.00 90.02 -89.99 0.00 90.01 0.00
[12:53:51.203] [ARM-RX] [9] <0.00 -0.06 -0.01> result: 90.00 90.02 -89.98 0.00 90.01
[12:53:51.225] [ARM-RX] 0.00
[12:53:51.225] [ARM-RX] [10] <0.00 -0.08 -0.01> result: 90.00 90.03 -89.98 0.00 90.01 0.00
[12:53:51.225] [ARM-RX] [11] <0.00 -0.10 -0.01> result: 90.00 90.04 -89.97 0.00 90.01 0.00
[12:53:51.225] [ARM-RX] [12] <0.00 -0.13 -0.01> result: 90.00 90.05 -89.96 0.00 90.02 0.00
[12:53:51.225] [ARM-RX] [13] <0.00 -0.16 -0.02> result: 90.00 90.07 -
[12:53:51.248] [ARM-RX] 89.96 0.00 90.02 0.00
[12:53:51.248] [ARM-RX] [14] <0.00 -0.20 -0.02> result: 90.00 90.08 -89.95 0.00 90.03 0.00
[12:53:51.248] [ARM-RX] [15] <0.00 -0.24 -0.03> result: 90.00 90.10 -89.93 0.00 90.03 0.00
[12:53:51.249] [ARM-RX] [16] <0.00 -0.29 -0.03> result: 90.00 90.12 -89.92 0.00 90.04 0.00
[12:53:51.249] [ARM-RX] [17] <0.00 -0.35 -0.04> resul
[12:53:51.271] [ARM-RX] t: 90.00 90.14 -89.90 0.00 90.05 0.00
[12:53:51.271] [ARM-RX] [18] <0.00 -0.41 -0.05> result: 90.00 90.17 -89.89 0.00 90.06 0.00
[12:53:51.271] [ARM-RX] [19] <0.00 -0.48 -0.06> result: 90.00 90.20 -89.87 0.00 90.07 0.00
[12:53:51.271] [ARM-RX] [20] <0.00 -0.56 -0.06> result: 90.00 90.23 -89.85 0.00 90.08 0.00
[12:53:51.272] [ARM-RX] [21] <0.00 -0
[12:53:51.297] [ARM-RX] .64 -0.07> result: 90.00 90.26 -89.82 0.00 90.09 0.00
[12:53:51.298] [ARM-RX] [22] <0.00 -0.73 -0.08> result: 90.00 90.30 -89.80 0.00 90.10 0.00
[12:53:51.298] [ARM-RX] [23] <0.00 -0.83 -0.10> result: 90.00 90.34 -89.77 0.00 90.11 0.00
[12:53:51.298] [ARM-RX] [24] <0.00 -0.94 -0.11> result: 90.00 90.39 -89.74 0.00 90.13 0.0
[12:53:51.327] [ARM-RX] 0
[12:53:51.328] [ARM-RX] [25] <0.00 -1.06 -0.12> result: 90.00 90.43 -89.71 0.00 90.14 0.00
[12:53:51.328] [ARM-RX] [26] <0.00 -1.18 -0.14> result: 90.00 90.48 -89.67 0.00 90.16 0.00
[12:53:51.328] [ARM-RX] [27] <0.00 -1.32 -0.15> result: 90.00 90.54 -89.64 0.00 90.17 0.00
[12:53:51.328] [ARM-RX] [28] <0.00 -1.46 -0.17> result: 90.00 90.60 -89.6
[12:53:51.351] [ARM-RX] 0 0.00 90.19 0.00
[12:53:51.351] [ARM-RX] [29] <0.00 -1.62 -0.19> result: 90.00 90.66 -89.55 0.00 90.21 0.00
[12:53:51.351] [ARM-RX] [30] <0.00 -1.78 -0.21> result: 90.00 90.72 -89.51 0.00 90.23 0.00
[12:53:51.351] [ARM-RX] [31] <0.00 -1.96 -0.23> result: 90.00 90.79 -89.46 0.00 90.25 0.00
[12:53:51.352] [ARM-RX] [32] <0.00 -2.14 -0.25> result: 9
[12:53:51.374] [ARM-RX] 0.00 90.87 -89.41 0.00 90.27 0.00
[12:53:51.374] [ARM-RX] [33] <0.00 -2.34 -0.27> result: 90.00 90.94 -89.35 0.00 90.30 0.00
[12:53:51.374] [ARM-RX] [34] <0.00 -2.54 -0.29> result: 90.00 91.02 -89.30 0.00 90.32 0.00
[12:53:51.375] [ARM-RX] [35] <0.00 -2.76 -0.32> result: 90.00 91.11 -89.24 0.00 90.34 0.00
[12:53:51.375] [ARM-RX] [36] <0.00 -2.99
[12:53:51.397] [ARM-RX] -0.34> result: 90.00 91.20 -89.17 0.00 90.37 0.00
[12:53:51.397] [ARM-RX] [37] <0.00 -3.23 -0.37> result: 90.00 91.29 -89.10 0.00 90.39 0.00
[12:53:51.397] [ARM-RX] [38] <0.00 -3.48 -0.40> result: 90.00 91.38 -89.04 0.00 90.42 0.00
[12:53:51.398] [ARM-RX] [39] <0.00 -3.74 -0.43> result: 90.00 91.48 -88.96 0.00 90.45 0.00
[12:53:51.398] [ARM-RX] [
[12:53:51.420] [ARM-RX] 40] <0.00 -4.02 -0.46> result: 90.00 91.59 -88.89 0.00 90.47 0.00
[12:53:51.420] [ARM-RX] [41] <0.00 -4.30 -0.50> result: 90.00 91.69 -88.81 0.00 90.50 0.00
[12:53:51.421] [ARM-RX] [42] <0.00 -4.60 -0.53> result: 90.00 91.81 -88.72 0.00 90.53 0.00
[12:53:51.421] [ARM-RX] [43] <0.00 -4.91 -0.57> result: 90.00 91.92 -88.64 0.
[12:53:51.442] [ARM-RX] 00 90.56 0.00
[12:53:51.442] [ARM-RX] [44] <0.00 -5.23 -0.60> result: 90.00 92.04 -88.55 0.00 90.58 0.00
[12:53:51.443] [ARM-RX] [45] <0.00 -5.56 -0.64> result: 90.00 92.16 -88.45 0.00 90.61 0.00
[12:53:51.443] [ARM-RX] [46] <0.00 -5.90 -0.68> result: 90.00 92.28 -88.36 0.00 90.64 0.00
[12:53:51.443] [ARM-RX] [47] <0.00 -6.26 -0.72> result: 90.00
[12:53:51.466] [ARM-RX] 92.41 -88.26 0.00 90.67 0.00
[12:53:51.466] [ARM-RX] [48] <0.00 -6.63 -0.76> result: 90.00 92.55 -88.15 0.00 90.70 0.00
[12:53:51.466] [ARM-RX] [49] <0.00 -7.01 -0.81> result: 90.00 92.68 -88.05 0.00 90.73 0.00
[12:53:51.467] [ARM-RX] [50] <0.00 -7.40 -0.85> result: 90.00 92.82 -87.94 0.00 90.76 0.00
[12:53:51.467] [ARM-RX] [51] <0.00 -7.80 -0.9
[12:53:51.488] [ARM-RX] 0> result: 90.00 92.96 -87.82 0.00 90.78 0.00
[12:53:51.489] [ARM-RX] [52] <0.00 -8.22 -0.95> result: 90.00 93.10 -87.71 0.00 90.81 0.00
[12:53:51.489] [ARM-RX] [53] <0.00 -8.65 -1.00> result: 90.00 93.25 -87.58 0.00 90.84 0.00
[12:53:51.489] [ARM-RX] [54] <0.00 -9.08 -1.05> result: 90.00 93.40 -87.46 0.00 90.86 0.00
[12:53:51.489] [ARM-RX] [55]
[12:53:51.523] [ARM-RX] <0.00 -9.53 -1.10> result: 90.00 93.55 -87.33 0.00 90.89 0.00
[12:53:51.523] [ARM-RX] [56] <0.00 -10.00 -1.15> result: 90.00 93.71 -87.20 0.00 90.91 0.00
[12:53:51.523] [ARM-RX] [57] <0.00 -10.47 -1.21> result: 90.00 93.87 -87.07 0.00 90.94 0.00
[12:53:51.523] [ARM-RX] [58] <0.00 -10.95 -1.26> result: 90.00 94.03 -86.93 0.0
[12:53:51.545] [ARM-RX] 0 90.96 0.00
[12:53:51.546] [ARM-RX] [59] <0.00 -11.45 -1.32> result: 90.00 94.19 -86.79 0.00 90.98 0.00
[12:53:51.546] [ARM-RX] [60] <0.00 -11.96 -1.38> result: 90.00 94.35 -86.65 0.00 91.00 0.00
[12:53:51.546] [ARM-RX] [61] <0.00 -12.47 -1.44> result: 90.00 94.52 -86.50 0.00 91.02 0.00
[12:53:51.546] [ARM-RX] [62] <0.00 -13.00 -1.50> result: 90
[12:53:51.571] [ARM-RX] .00 94.69 -86.35 0.00 91.04 0.00
[12:53:51.572] [ARM-RX] [63] <0.00 -13.54 -1.56> result: 90.00 94.86 -86.19 0.00 91.05 0.00
[12:53:51.572] [ARM-RX] [64] <0.00 -14.09 -1.63> result: 90.00 95.03 -86.04 0.00 91.07 0.00
[12:53:51.572] [ARM-RX] [65] <0.00 -14.65 -1.69> result: 90.00 95.20 -85.88 0.00 91.08 0.00
[12:53:51.572] [ARM-RX] [66] <0.00 -15.
[12:53:51.592] [ARM-RX] 21 -1.76> result: 90.00 95.38 -85.72 0.00 91.09 0.00
[12:53:51.592] [ARM-RX] [67] <0.00 -15.79 -1.82> result: 90.00 95.55 -85.55 0.00 91.10 0.00
[12:53:51.593] [ARM-RX] [68] <0.00 -16.38 -1.89> result: 90.00 95.73 -85.38 0.00 91.11 0.00
[12:53:51.593] [ARM-RX] [69] <0.00 -16.97 -1.96> result: 90.00 95.91 -85.21 0.00 91.12 0
[12:53:51.614] [ARM-RX] .00
[12:53:51.615] [ARM-RX] [70] <0.00 -17.58 -2.03> result: 90.00 96.09 -85.04 0.00 91.13 0.00
[12:53:51.615] [ARM-RX] [71] <0.00 -18.19 -2.10> result: 90.00 96.27 -84.86 0.00 91.13 0.00
[12:53:51.615] [ARM-RX] [72] <0.00 -18.81 -2.17> result: 90.00 96.45 -84.68 0.00 91.13 0.00
[12:53:51.616] [ARM-RX] [73] <0.00 -19.44 -2.24> result: 90.00 96.63
[12:53:51.638] [ARM-RX] -84.50 0.00 91.13 0.00
[12:53:51.638] [ARM-RX] [74] <0.00 -20.08 -2.32> result: 90.00 96.81 -84.32 0.00 91.13 0.00
[12:53:51.638] [ARM-RX] [75] <0.00 -20.72 -2.39> result: 90.00 97.00 -84.13 0.00 91.13 0.00
[12:53:51.638] [ARM-RX] [76] <0.00 -21.37 -2.47> result: 90.00 97.18 -83.94 0.00 91.12 0.00
[12:53:51.639] [ARM-RX] [77] <0.00 -22.03 -2.54>
[12:53:51.661] [ARM-RX] result: 90.00 97.36 -83.75 0.00 91.12 0.00
[12:53:51.669] [ARM-RX] [78] <0.00 -22.70 -2.62> result: 90.00 97.55 -83.56 0.00 91.11 0.00
[12:53:51.669] [ARM-RX] [79] <0.00 -23.37 -2.70> result: 90.00 97.73 -83.37 0.00 91.10 0.00
[12:53:51.669] [ARM-RX] [80] <0.00 -24.04 -2.77> result: 90.00 97.92 -83.17 0.00 91.08 0.00
[12:53:51.670] [ARM-RX] [81]
[12:53:51.695] [ARM-RX] <0.00 -24.72 -2.85> result: 90.00 98.10 -82.97 0.00 91.07 0.00
[12:53:51.695] [ARM-RX] [82] <0.00 -25.41 -2.93> result: 90.00 98.28 -82.77 0.00 91.05 0.00
[12:53:51.696] [ARM-RX] [83] <0.00 -26.10 -3.01> result: 90.00 98.47 -82.57 0.00 91.04 0.00
[12:53:51.696] [ARM-RX] [84] <0.00 -26.79 -3.09> result: 90.00 98.65 -82.37 0
[12:53:51.718] [ARM-RX] .00 91.02 0.00
[12:53:51.718] [ARM-RX] [85] <0.00 -27.49 -3.17> result: 90.00 98.83 -82.16 0.00 91.00 0.00
[12:53:51.718] [ARM-RX] [86] <0.00 -28.19 -3.25> result: 90.00 99.01 -81.96 0.00 90.97 0.00
[12:53:51.718] [ARM-RX] [87] <0.00 -28.90 -3.33> result: 90.00 99.20 -81.75 0.00 90.95 0.00
[12:53:51.718] [ARM-RX] [88] <0.00 -29.61 -3.42> result:
[12:53:51.741] [ARM-RX] 90.00 99.38 -81.55 0.00 90.92 0.00
[12:53:51.741] [ARM-RX] [89] <0.00 -30.32 -3.50> result: 90.00 99.56 -81.34 0.00 90.90 0.00
[12:53:51.741] [ARM-RX] [90] <0.00 -31.03 -3.58> result: 90.00 99.74 -81.13 0.00 90.87 0.00
[12:53:51.741] [ARM-RX] [91] <0.00 -31.74 -3.66> result: 90.00 99.92 -80.92 0.00 90.84 0.00
[12:53:51.742] [ARM-RX] [92] <0.00 -3
[12:53:51.763] [ARM-RX] 2.46 -3.74> result: 90.00 100.09 -80.71 0.00 90.80 0.00
[12:53:51.764] [ARM-RX] [93] <0.00 -33.17 -3.83> result: 90.00 100.27 -80.50 0.00 90.77 0.00
[12:53:51.764] [ARM-RX] [94] <0.00 -33.89 -3.91> result: 90.00 100.44 -80.29 0.00 90.74 0.00
[12:53:51.764] [ARM-RX] [95] <0.00 -34.60 -3.99> result: 90.00 100.62 -80.08 0.00 9
[12:53:51.786] [ARM-RX] 0.70 0.00
[12:53:51.787] [ARM-RX] [96] <0.00 -35.32 -4.07> result: 90.00 100.79 -79.87 0.00 90.66 0.00
[12:53:51.787] [ARM-RX] [97] <0.00 -36.03 -4.16> result: 90.00 100.96 -79.66 0.00 90.62 0.00
[12:53:51.787] [ARM-RX] [98] <0.00 -36.75 -4.24> result: 90.00 101.14 -79.45 0.00 90.58 0.00
[12:53:51.788] [ARM-RX] [99] <0.00 -37.46 -4.32> result: 90
[12:53:51.810] [ARM-RX] .00 101.31 -79.24 0.00 90.54 0.00
[12:53:51.810] [ARM-RX] [100] <0.00 -38.18 -4.41> result: 90.00 101.47 -79.02 0.00 90.50 0.00
[12:53:51.810] [ARM-RX] [101] <0.00 -38.89 -4.49> result: 90.00 101.64 -78.81 0.00 90.46 0.00
[12:53:51.811] [ARM-RX] [102] <0.00 -39.61 -4.57> result: 90.00 101.81 -78.60 0.00 90.41 0.00
[12:53:51.811] [ARM-RX] [103] <0
[12:53:51.832] [ARM-RX] .00 -40.32 -4.65> result: 90.00 101.98 -78.39 0.00 90.37 0.00
[12:53:51.832] [ARM-RX] [104] <0.00 -41.04 -4.74> result: 90.00 102.14 -78.18 0.00 90.32 0.00
[12:53:51.833] [ARM-RX] [105] <0.00 -41.75 -4.82> result: 90.00 102.31 -77.96 0.00 90.27 0.00
[12:53:51.833] [ARM-RX] [106] <0.00 -42.47 -4.90> result: 90.00 102.47 -77.
[12:53:51.856] [ARM-RX] 75 0.00 90.22 0.00
[12:53:51.856] [ARM-RX] [107] <0.00 -43.18 -4.98> result: 90.00 102.63 -77.54 0.00 90.17 0.00
[12:53:51.857] [ARM-RX] [108] <0.00 -43.90 -5.07> result: 90.00 102.79 -77.33 0.00 90.12 0.00
[12:53:51.857] [ARM-RX] [109] <0.00 -44.61 -5.15> result: 90.00 102.95 -77.11 0.00 90.07 0.00
[12:53:51.857] [ARM-RX] [110] <0.00 -45.33 -5.2
[12:53:51.890] [ARM-RX] 3> result: 90.00 103.12 -76.90 0.00 90.02 0.00
[12:53:51.890] [ARM-RX] [111] <0.00 -46.05 -5.31> result: 90.00 103.27 -76.69 0.00 89.96 0.00
[12:53:51.890] [ARM-RX] [112] <0.00 -46.76 -5.40> result: 90.00 103.43 -76.47 0.00 89.91 0.00
[12:53:51.890] [ARM-RX] [113] <0.00 -47.48 -5.48> result: 90.00 103.59 -76.26 0.00 89.85 0
[12:53:51.912] [ARM-RX] .00
[12:53:51.913] [ARM-RX] [114] <0.00 -48.19 -5.56> result: 90.00 103.75 -76.05 0.00 89.80 0.00
[12:53:51.913] [ARM-RX] [115] <0.00 -48.91 -5.64> result: 90.00 103.91 -75.83 0.00 89.74 0.00
[12:53:51.913] [ARM-RX] [116] <0.00 -49.62 -5.73> result: 90.00 104.06 -75.62 0.00 89.68 0.00
[12:53:51.914] [ARM-RX] [117] <0.00 -50.34 -5.81> result: 90.0
[12:53:51.938] [ARM-RX] 0 104.22 -75.40 0.00 89.62 0.00
[12:53:51.938] [ARM-RX] [118] <0.00 -51.05 -5.89> result: 90.00 104.37 -75.19 0.00 89.56 0.00
[12:53:51.938] [ARM-RX] [119] <0.00 -51.77 -5.97> result: 90.00 104.53 -74.98 0.00 89.50 0.00
[12:53:51.938] [ARM-RX] [120] <0.00 -52.48 -6.06> result: 90.00 104.68 -74.76 0.00 89.44 0.00
[12:53:51.939] [ARM-RX] [121] <0.0
[12:53:51.958] [ARM-RX] 0 -53.20 -6.14> result: 90.00 104.83 -74.55 0.00 89.38 0.00
[12:53:51.958] [ARM-RX] [122] <0.00 -53.91 -6.22> result: 90.00 104.99 -74.33 0.00 89.32 0.00
[12:53:51.959] [ARM-RX] [123] <0.00 -54.63 -6.30> result: 90.00 105.14 -74.12 0.00 89.25 0.00
[12:53:51.959] [ARM-RX] [124] <0.00 -55.34 -6.39> result: 90.00 105.29 -73.90
[12:53:51.982] [ARM-RX] 0.00 89.19 0.00
[12:53:51.982] [ARM-RX] [125] <0.00 -56.06 -6.47> result: 90.00 105.44 -73.68 0.00 89.12 0.00
[12:53:51.983] [ARM-RX] [126] <0.00 -56.77 -6.55> result: 90.00 105.59 -73.47 0.00 89.06 0.00
[12:53:51.983] [ARM-RX] [127] <0.00 -57.49 -6.63> result: 90.00 105.74 -73.25 0.00 88.99 0.00
[12:53:51.983] [ARM-RX] [128] <0.00 -58.20 -6.72>
[12:53:52.005] [ARM-RX] result: 90.00 105.89 -73.04 0.00 88.93 0.00
[12:53:52.005] [ARM-RX] [129] <0.00 -58.92 -6.80> result: 90.00 106.04 -72.82 0.00 88.86 0.00
[12:53:52.005] [ARM-RX] [130] <0.00 -59.64 -6.88> result: 90.00 106.19 -72.60 0.00 88.79 0.00
[12:53:52.006] [ARM-RX] [131] <0.00 -60.35 -6.96> result: 90.00 106.33 -72.39 0.00 88.72 0.0
[12:53:52.031] [ARM-RX] 0
[12:53:52.031] [ARM-RX] [132] <0.00 -61.07 -7.05> result: 90.00 106.48 -72.17 0.00 88.65 0.00
[12:53:52.031] [ARM-RX] [133] <0.00 -61.78 -7.13> result: 90.00 106.63 -71.95 0.00 88.58 0.00
[12:53:52.032] [ARM-RX] [134] <0.00 -62.50 -7.21> result: 90.00 106.77 -71.74 0.00 88.51 0.00
[12:53:52.032] [ARM-RX] [135] <0.00 -63.21 -7.29> result: 90.00
[12:53:52.061] [ARM-RX] 106.92 -71.52 0.00 88.44 0.00
[12:53:52.062] [ARM-RX] [136] <0.00 -63.93 -7.38> result: 90.00 107.07 -71.30 0.00 88.37 0.00
[12:53:52.062] [ARM-RX] [137] <0.00 -64.64 -7.46> result: 90.00 107.21 -71.09 0.00 88.30 0.00
[12:53:52.062] [ARM-RX] [138] <0.00 -65.36 -7.54> result: 90.00 107.36 -70.87 0.00 88.22 0.00
[12:53:52.062] [ARM-RX] [139] <0.00
[12:53:52.084] [ARM-RX] -66.07 -7.62> result: 90.00 107.50 -70.65 0.00 88.15 0.00
[12:53:52.084] [ARM-RX] [140] <0.00 -66.79 -7.71> result: 90.00 107.64 -70.43 0.00 88.08 0.00
[12:53:52.085] [ARM-RX] [141] <0.00 -67.50 -7.79> result: 90.00 107.79 -70.21 0.00 88.00 0.00
[12:53:52.085] [ARM-RX] [142] <0.00 -68.22 -7.87> result: 90.00 107.93 -70.00 0
[12:53:52.108] [ARM-RX] .00 87.93 0.00
[12:53:52.108] [ARM-RX] [143] <0.00 -68.93 -7.95> result: 90.00 108.07 -69.78 0.00 87.85 0.00
[12:53:52.108] [ARM-RX] [144] <0.00 -69.65 -8.04> result: 90.00 108.22 -69.56 0.00 87.78 0.00
[12:53:52.108] [ARM-RX] [145] <0.00 -70.36 -8.12> result: 90.00 108.36 -69.34 0.00 87.70 0.00
[12:53:52.109] [ARM-RX] [146] <0.00 -71.08 -8.20> r
[12:53:52.131] [ARM-RX] esult: 90.00 108.50 -69.12 0.00 87.62 0.00
[12:53:52.131] [ARM-RX] [147] <0.00 -71.79 -8.28> result: 90.00 108.64 -68.90 0.00 87.54 0.00
[12:53:52.131] [ARM-RX] [148] <0.00 -72.51 -8.37> result: 90.00 108.78 -68.68 0.00 87.47 0.00
[12:53:52.132] [ARM-RX] [149] <0.00 -73.23 -8.45> result: 90.00 108.93 -68.46 0.00 87.39 0.00
[12:53:52.154] [ARM-RX] [150] <0.00 -73.94 -8.53> result: 90.00 109.07 -68.24 0.00 87.31 0.00
[12:53:52.154] [ARM-RX] [151] <0.00 -74.66 -8.61> result: 90.00 109.21 -68.02 0.00 87.23 0.00
[12:53:52.154] [ARM-RX] [152] <0.00 -75.37 -8.70> result: 90.00 109.35 -67.80 0.00 87.15 0.00
[12:53:52.155] [ARM-RX] [153] <0.00 -76.09 -8.78> result: 90.00 10
[12:53:52.177] [ARM-RX] 9.49 -67.58 0.00 87.07 0.00
[12:53:52.177] [ARM-RX] [154] <0.00 -76.80 -8.86> result: 90.00 109.63 -67.36 0.00 86.99 0.00
[12:53:52.177] [ARM-RX] [155] <0.00 -77.52 -8.94> result: 90.00 109.76 -67.14 0.00 86.91 0.00
[12:53:52.177] [ARM-RX] [156] <0.00 -78.23 -9.03> result: 90.00 109.90 -66.92 0.00 86.83 0.00
[12:53:52.178] [ARM-RX] [157] <0.00 -7
[12:53:52.199] [ARM-RX] 8.95 -9.11> result: 90.00 110.04 -66.70 0.00 86.74 0.00
[12:53:52.200] [ARM-RX] [158] <0.00 -79.66 -9.19> result: 90.00 110.18 -66.48 0.00 86.66 0.00
[12:53:52.200] [ARM-RX] [159] <0.00 -80.38 -9.27> result: 90.00 110.32 -66.26 0.00 86.58 0.00
[12:53:52.200] [ARM-RX] [160] <0.00 -81.09 -9.36> result: 90.00 110.46 -66.04 0.0
[12:53:52.223] [ARM-RX] 0 86.50 0.00
[12:53:52.223] [ARM-RX] [161] <0.00 -81.81 -9.44> result: 90.00 110.60 -65.82 0.00 86.41 0.00
[12:53:52.223] [ARM-RX] [162] <0.00 -82.52 -9.52> result: 90.00 110.73 -65.59 0.00 86.33 0.00
[12:53:52.224] [ARM-RX] [163] <0.00 -83.24 -9.60> result: 90.00 110.87 -65.37 0.00 86.24 0.00
[12:53:52.224] [ARM-RX] [164] <0.00 -83.95 -9.69> res
[12:53:52.257] [ARM-RX] ult: 90.00 111.01 -65.15 0.00 86.16 0.00
[12:53:52.258] [ARM-RX] [165] <0.00 -84.67 -9.77> result: 90.00 111.14 -64.93 0.00 86.07 0.00
[12:53:52.258] [ARM-RX] [166] <0.00 -85.38 -9.85> result: 90.00 111.28 -64.71 0.00 85.99 0.00
[12:53:52.258] [ARM-RX] [167] <0.00 -86.10 -9.93> result: 90.00 111.42 -64.48 0.00 85.90 0.00
[12:53:52.258] [ARM-RX] [
[12:53:52.281] [ARM-RX] 168] <0.00 -86.81 -10.02> result: 90.00 111.55 -64.26 0.00 85.81 0.00
[12:53:52.281] [ARM-RX] [169] <0.00 -87.53 -10.10> result: 90.00 111.69 -64.04 0.00 85.73 0.00
[12:53:52.281] [ARM-RX] [170] <0.00 -88.25 -10.18> result: 90.00 111.83 -63.81 0.00 85.64 0.00
[12:53:52.282] [ARM-RX] [171] <0.00 -88.96 -10.26> result: 90.00
[12:53:52.303] [ARM-RX] 111.96 -63.59 0.00 85.55 0.00
[12:53:52.304] [ARM-RX] [172] <0.00 -89.68 -10.35> result: 90.00 112.10 -63.37 0.00 85.46 0.00
[12:53:52.304] [ARM-RX] [173] <0.00 -90.39 -10.43> result: 90.00 112.23 -63.14 0.00 85.38 0.00
[12:53:52.304] [ARM-RX] [174] <0.00 -91.11 -10.51> result: 90.00 112.37 -62.92 0.00 85.29 0.00
[12:53:52.304] [ARM-RX] [175] <0.
[12:53:52.325] [ARM-RX] 00 -91.82 -10.59> result: 90.00 112.50 -62.70 0.00 85.20 0.00
[12:53:52.325] [ARM-RX] [176] <0.00 -92.54 -10.68> result: 90.00 112.64 -62.47 0.00 85.11 0.00
[12:53:52.326] [ARM-RX] [177] <0.00 -93.25 -10.76> result: 90.00 112.77 -62.25 0.00 85.02 0.00
[12:53:52.326] [ARM-RX] [178] <0.00 -93.97 -10.84> result: 90.00 112.91 -
[12:53:52.349] [ARM-RX] 62.02 0.00 84.93 0.00
[12:53:52.349] [ARM-RX] [179] <0.00 -94.68 -10.92> result: 90.00 113.04 -61.80 0.00 84.84 0.00
[12:53:52.349] [ARM-RX] [180] <0.00 -95.40 -11.01> result: 90.00 113.18 -61.57 0.00 84.75 0.00
[12:53:52.350] [ARM-RX] [181] <0.00 -96.11 -11.09> result: 90.00 113.31 -61.35 0.00 84.66 0.00
[12:53:52.350] [ARM-RX] [182] <0.00 -96.8
[12:53:52.372] [ARM-RX] 3 -11.17> result: 90.00 113.44 -61.12 0.00 84.57 0.00
[12:53:52.373] [ARM-RX] [183] <0.00 -97.54 -11.26> result: 90.00 113.58 -60.90 0.00 84.48 0.00
[12:53:52.373] [ARM-RX] [184] <0.00 -98.26 -11.34> result: 90.00 113.71 -60.67 0.00 84.38 0.00
[12:53:52.373] [ARM-RX] [185] <0.00 -98.97 -11.42> result: 90.00 113.85 -60.45 0.
[12:53:52.394] [ARM-RX] 00 84.29 0.00
[12:53:52.395] [ARM-RX] [186] <0.00 -99.68 -11.50> result: 90.00 113.98 -60.22 0.00 84.20 0.00
[12:53:52.395] [ARM-RX] [187] <0.00 -100.39 -11.58> result: 90.00 114.11 -60.00 0.00 84.11 0.00
[12:53:52.395] [ARM-RX] [188] <0.00 -101.10 -11.67> result: 90.00 114.24 -59.77 0.00 84.01 0.00
[12:53:52.395] [ARM-RX] [189] <0.00 -101.80 -11
[12:53:52.433] [ARM-RX] .75> result: 90.00 114.37 -59.55 0.00 83.92 0.00
[12:53:52.433] [ARM-RX] [190] <0.00 -102.51 -11.83> result: 90.00 114.50 -59.33 0.00 83.83 0.00
[12:53:52.433] [ARM-RX] [191] <0.00 -103.20 -11.91> result: 90.00 114.63 -59.10 0.00 83.74 0.00
[12:53:52.433] [ARM-RX] [192] <0.00 -103.90 -11.99> result: 90.00 114.76 -58.88 0.00
[12:53:52.452] [ARM-RX] 83.65 0.00
[12:53:52.453] [ARM-RX] [193] <0.00 -104.59 -12.07> result: 90.00 114.89 -58.66 0.00 83.56 0.00
[12:53:52.453] [ARM-RX] [194] <0.00 -105.28 -12.15> result: 90.00 115.02 -58.44 0.00 83.46 0.00
[12:53:52.453] [ARM-RX] [195] <0.00 -105.96 -12.23> result: 90.00 115.15 -58.23 0.00 83.37 0.00
[12:53:52.453] [ARM-RX] [196] <0.00 -106.63 -12.
[12:53:52.475] [ARM-RX] 30> result: 90.00 115.27 -58.01 0.00 83.28 0.00
[12:53:52.475] [ARM-RX] [197] <0.00 -107.30 -12.38> result: 90.00 115.40 -57.80 0.00 83.19 0.00
[12:53:52.476] [ARM-RX] [198] <0.00 -107.97 -12.46> result: 90.00 115.52 -57.59 0.00 83.10 0.00
[12:53:52.476] [ARM-RX] [199] <0.00 -108.62 -12.53> result: 90.00 115.64 -57.38 0.00
[12:53:52.499] [ARM-RX] 83.02 0.00
[12:53:52.499] [ARM-RX] [200] <0.00 -109.28 -12.61> result: 90.00 115.76 -57.17 0.00 82.93 0.00
[12:53:52.499] [ARM-RX] [201] <0.00 -109.92 -12.68> result: 90.00 115.88 -56.96 0.00 82.84 0.00
[12:53:52.500] [ARM-RX] [202] <0.00 -110.56 -12.76> result: 90.00 116.00 -56.76 0.00 82.75 0.00
[12:53:52.500] [ARM-RX] [203] <0.00 -111.19 -12.8
[12:53:52.523] [ARM-RX] 3> result: 90.00 116.11 -56.55 0.00 82.67 0.00
[12:53:52.524] [ARM-RX] [204] <0.00 -111.81 -12.90> result: 90.00 116.23 -56.36 0.00 82.58 0.00
[12:53:52.524] [ARM-RX] [205] <0.00 -112.42 -12.97> result: 90.00 116.34 -56.16 0.00 82.50 0.00
[12:53:52.524] [ARM-RX] [206] <0.00 -113.02 -13.04> result: 90.00 116.45 -55.96 0.00 8
[12:53:52.544] [ARM-RX] 2.42 0.00
[12:53:52.545] [ARM-RX] [207] <0.00 -113.62 -13.11> result: 90.00 116.56 -55.77 0.00 82.33 0.00
[12:53:52.545] [ARM-RX] [208] <0.00 -114.21 -13.18> result: 90.00 116.67 -55.58 0.00 82.25 0.00
[12:53:52.545] [ARM-RX] [209] <0.00 -114.79 -13.24> result: 90.00 116.78 -55.40 0.00 82.17 0.00
[12:53:52.545] [ARM-RX] [210] <0.00 -115.35 -13.31
[12:53:52.568] [ARM-RX] > result: 90.00 116.88 -55.21 0.00 82.10 0.00
[12:53:52.568] [ARM-RX] [211] <0.00 -115.91 -13.37> result: 90.00 116.99 -55.03 0.00 82.02 0.00
[12:53:52.568] [ARM-RX] [212] <0.00 -116.46 -13.44> result: 90.00 117.09 -54.86 0.00 81.94 0.00
[12:53:52.568] [ARM-RX] [213] <0.00 -117.00 -13.50> result: 90.00 117.19 -54.68 0.00 81
[12:53:52.590] [ARM-RX] .87 0.00
[12:53:52.590] [ARM-RX] [214] <0.00 -117.53 -13.56> result: 90.00 117.28 -54.51 0.00 81.79 0.00
[12:53:52.590] [ARM-RX] [215] <0.00 -118.04 -13.62> result: 90.00 117.38 -54.34 0.00 81.72 0.00
[12:53:52.591] [ARM-RX] [216] <0.00 -118.55 -13.68> result: 90.00 117.47 -54.18 0.00 81.65 0.00
[12:53:52.591] [ARM-RX] [217] <0.00 -119.05 -13.74>
[12:53:52.625] [ARM-RX] result: 90.00 117.56 -54.02 0.00 81.58 0.00
[12:53:52.625] [ARM-RX] [218] <0.00 -119.53 -13.79> result: 90.00 117.65 -53.86 0.00 81.51 0.00
[12:53:52.626] [ARM-RX] [219] <0.00 -120.00 -13.85> result: 90.00 117.74 -53.71 0.00 81.45 0.00
[12:53:52.626] [ARM-RX] [220] <0.00 -120.47 -13.90> result: 90.00 117.82 -53.56 0.00 81.
[12:53:52.648] [ARM-RX] 38 0.00
[12:53:52.648] [ARM-RX] [221] <0.00 -120.92 -13.95> result: 90.00 117.91 -53.41 0.00 81.32 0.00
[12:53:52.648] [ARM-RX] [222] <0.00 -121.35 -14.00> result: 90.00 117.99 -53.27 0.00 81.25 0.00
[12:53:52.649] [ARM-RX] [223] <0.00 -121.78 -14.05> result: 90.00 118.07 -53.13 0.00 81.19 0.00
[12:53:52.649] [ARM-RX] [224] <0.00 -122.20 -14.10>
[12:53:52.671] [ARM-RX] result: 90.00 118.14 -52.99 0.00 81.13 0.00
[12:53:52.671] [ARM-RX] [225] <0.00 -122.60 -14.15> result: 90.00 118.22 -52.86 0.00 81.08 0.00
[12:53:52.671] [ARM-RX] [226] <0.00 -122.99 -14.19> result: 90.00 118.29 -52.73 0.00 81.02 0.00
[12:53:52.671] [ARM-RX] [227] <0.00 -123.37 -14.24> result: 90.00 118.36 -52.61 0.00 80.9
[12:53:52.694] [ARM-RX] 7 0.00
[12:53:52.694] [ARM-RX] [228] <0.00 -123.74 -14.28> result: 90.00 118.43 -52.49 0.00 80.91 0.00
[12:53:52.695] [ARM-RX] [229] <0.00 -124.10 -14.32> result: 90.00 118.49 -52.37 0.00 80.86 0.00
[12:53:52.695] [ARM-RX] [230] <0.00 -124.44 -14.36> result: 90.00 118.55 -52.26 0.00 80.81 0.00
[12:53:52.695] [ARM-RX] [231] <0.00 -124.77 -14.40> r
[12:53:52.717] [ARM-RX] esult: 90.00 118.62 -52.15 0.00 80.77 0.00
[12:53:52.717] [ARM-RX] [232] <0.00 -125.09 -14.43> result: 90.00 118.67 -52.05 0.00 80.72 0.00
[12:53:52.718] [ARM-RX] [233] <0.00 -125.40 -14.47> result: 90.00 118.73 -51.94 0.00 80.68 0.00
[12:53:52.718] [ARM-RX] [234] <0.00 -125.70 -14.50> result: 90.00 118.79 -51.85 0.00 80.63
[12:53:52.740] [ARM-RX] 0.00
[12:53:52.740] [ARM-RX] [235] <0.00 -125.98 -14.54> result: 90.00 118.84 -51.75 0.00 80.59 0.00
[12:53:52.741] [ARM-RX] [236] <0.00 -126.26 -14.57> result: 90.00 118.89 -51.66 0.00 80.55 0.00
[12:53:52.741] [ARM-RX] [237] <0.00 -126.52 -14.60> result: 90.00 118.94 -51.58 0.00 80.52 0.00
[12:53:52.741] [ARM-RX] [238] <0.00 -126.77 -14.63> re
[12:53:52.763] [ARM-RX] sult: 90.00 118.98 -51.50 0.00 80.48 0.00
[12:53:52.763] [ARM-RX] [239] <0.00 -127.01 -14.66> result: 90.00 119.03 -51.42 0.00 80.44 0.00
[12:53:52.763] [ARM-RX] [240] <0.00 -127.24 -14.68> result: 90.00 119.07 -51.34 0.00 80.41 0.00
[12:53:52.764] [ARM-RX] [241] <0.00 -127.46 -14.71> result: 90.00 119.11 -51.27 0.00 80.38
[12:53:52.800] [ARM-RX] 0.00
[12:53:52.800] [ARM-RX] [242] <0.00 -127.66 -14.73> result: 90.00 119.15 -51.20 0.00 80.35 0.00
[12:53:52.800] [ARM-RX] [243] <0.00 -127.86 -14.75> result: 90.00 119.18 -51.14 0.00 80.32 0.00
[12:53:52.801] [ARM-RX] [244] <0.00 -128.04 -14.77> result: 90.00 119.22 -51.08 0.00 80.30 0.00
[12:53:52.801] [ARM-RX] [245] <0.00 -128.22 -14.79> res
[12:53:52.820] [ARM-RX] ult: 90.00 119.25 -51.02 0.00 80.27 0.00
[12:53:52.820] [ARM-RX] [246] <0.00 -128.38 -14.81> result: 90.00 119.28 -50.97 0.00 80.25 0.00
[12:53:52.820] [ARM-RX] [247] <0.00 -128.53 -14.83> result: 90.00 119.31 -50.92 0.00 80.22 0.00
[12:53:52.820] [ARM-RX] [248] <0.00 -128.68 -14.85> result: 90.00 119.33 -50.87 0.00 80.20 0
[12:53:52.843] [ARM-RX] .00
[12:53:52.843] [ARM-RX] [249] <0.00 -128.82 -14.86> result: 90.00 119.36 -50.82 0.00 80.18 0.00
[12:53:52.843] [ARM-RX] [250] <0.00 -128.94 -14.88> result: 90.00 119.38 -50.78 0.00 80.16 0.00
[12:53:52.843] [ARM-RX] [251] <0.00 -129.06 -14.89> result: 90.00 119.40 -50.74 0.00 80.15 0.00
[12:53:52.844] [ARM-RX] [252] <0.00 -129.17 -14.90> resu
[12:53:52.865] [ARM-RX] lt: 90.00 119.42 -50.71 0.00 80.13 0.00
[12:53:52.866] [ARM-RX] [253] <0.00 -129.27 -14.92> result: 90.00 119.44 -50.68 0.00 80.12 0.00
[12:53:52.866] [ARM-RX] [254] <0.00 -129.36 -14.93> result: 90.00 119.46 -50.65 0.00 80.10 0.00
[12:53:52.866] [ARM-RX] [255] <0.00 -129.44 -14.94> result: 90.00 119.47 -50.62 0.00 80.09 0.
[12:53:52.892] [ARM-RX] 00
[12:53:52.893] [ARM-RX] [256] <0.00 -129.52 -14.94> result: 90.00 119.49 -50.59 0.00 80.08 0.00
[12:53:52.893] [ARM-RX] [257] <0.00 -129.59 -14.95> result: 90.00 119.50 -50.57 0.00 80.07 0.00
[12:53:52.893] [ARM-RX] [258] <0.00 -129.65 -14.96> result: 90.00 119.51 -50.55 0.00 80.06 0.00
[12:53:52.893] [ARM-RX] [259] <0.00 -129.71 -14.97> resul
[12:53:52.912] [ARM-RX] t: 90.00 119.52 -50.53 0.00 80.05 0.00
[12:53:52.912] [ARM-RX] [260] <0.00 -129.76 -14.97> result: 90.00 119.53 -50.51 0.00 80.05 0.00
[12:53:52.912] [ARM-RX] [261] <0.00 -129.80 -14.98> result: 90.00 119.54 -50.50 0.00 80.04 0.00
[12:53:52.912] [ARM-RX] [262] <0.00 -129.84 -14.98> result: 90.00 119.55 -50.49 0.00 80.03 0.0
[12:53:52.935] [ARM-RX] 0
[12:53:52.935] [ARM-RX] [263] <0.00 -129.87 -14.99> result: 90.00 119.55 -50.48 0.00 80.03 0.00
[12:53:52.935] [ARM-RX] [264] <0.00 -129.90 -14.99> result: 90.00 119.56 -50.47 0.00 80.02 0.00
[12:53:52.936] [ARM-RX] [265] <0.00 -129.92 -14.99> result: 90.00 119.56 -50.46 0.00 80.02 0.00
[12:53:52.936] [ARM-RX] [266] <0.00 -129.94 -14.99> result
[12:53:52.957] [ARM-RX] : 90.00 119.57 -50.45 0.00 80.02 0.00
[12:53:52.957] [ARM-RX] [267] <0.00 -129.96 -15.00> result: 90.00 119.57 -50.45 0.00 80.02 0.00
[12:53:52.958] [ARM-RX] [268] <0.00 -129.97 -15.00> result: 90.00 119.57 -50.44 0.00 80.01 0.00
[12:53:52.958] [ARM-RX] [269] <0.00 -129.98 -15.00> result: 90.00 119.57 -50.44 0.00 80.01 0.00
[12:53:52.992] [ARM-RX] [270] <0.00 -129.99 -15.00> result: 90.00 119.57 -50.44 0.00 80.01 0.00
[12:53:52.992] [ARM-RX] [271] <0.00 -129.99 -15.00> result: 90.00 119.58 -50.44 0.00 80.01 0.00
[12:53:52.993] [ARM-RX] [272] <0.00 -130.00 -15.00> result: 90.00 119.58 -50.43 0.00 80.01 0.00
[12:53:52.993] [ARM-RX] [273] <0.00 -130.00 -15.00> result:
[12:53:53.007] [ARM-RX] 90.00 119.58 -50.43 0.00 80.01 0.00
[12:53:53.008] [ARM-RX] [274] <0.00 -130.00 -15.00> result: 90.00 119.58 -50.43 0.00 80.01 0.00
[12:53:53.008] [ARM-RX] [275] <0.00 -130.00 -15.00> result: 90.00 119.58 -50.43 0.00 80.01 0.00
[12:53:53.008] [ARM-RX] [276] <0.00 -130.00 -15.00> result: 90.00 119.58 -50.43 0.00 80.01 0.00
[12:53:53.256] [ARM-RX] [JETSON_UART] rx_bytes=29436 frames_ok=2394 crc_fail=0 overflow=0 tx_ok=108 tx_start_fail=0 tx_timeout=0 last_type=0x01 last_seq=150
[12:53:54.240] [ARM-RX] [JETSON_UART] rx_bytes=29508 frames_ok=2400 crc_fail=0 overflow=0 tx_ok=108 tx_start_fail=0 tx_timeout=0 last_type=0x01 last_seq=156
[12:53:55.285] [ARM-RX] [JETSON_UART] rx_bytes=29592 frames_ok=2407 crc_fail=0 overflow=0 tx_ok=108 tx_start_fail=0 tx_timeout=0 last_type=0x01 last_seq=163
[12:53:55.903] [ARM-RX] [joint 1] ave_error:0.00
[12:53:55.903] [ARM-RX] [joint 2] ave_error:1.85
[12:53:55.903] [ARM-RX] [joint 3] ave_error:2.09
[12:53:55.904] [ARM-RX] [joint 4] ave_error:0.00
[12:53:55.904] [ARM-RX] [joint 5] ave_error:0.69
[12:53:55.904] [ARM-RX] robot pid run finished!!
[12:53:55.965] [ARM-RX] [joint_id: 0] ROBOT_JOINT_ABS_ROTATE 65.000000
[12:53:56.271] [ARM-RX] [JETSON_UART] rx_bytes=29664 frames_ok=2413 crc_fail=0 overflow=0 tx_ok=108 tx_start_fail=0 tx_timeout=0 last_type=0x01 last_seq=169
[12:53:57.254] [ARM-RX] [joint_id: 3] ROBOT_JOINT_ABS_ROTATE 330.000000
[12:53:57.254] [ARM-RX] [JETSON_UART] rx_bytes=29736 frames_ok=2419 crc_fail=0 overflow=0 tx_ok=108 tx_start_fail=0 tx_timeout=0 last_type=0x01 last_seq=175
[12:53:58.239] [ARM-RX] [JETSON_UART] rx_bytes=29808 frames_ok=2425 crc_fail=0 overflow=0 tx_ok=108 tx_start_fail=0 tx_timeout=0 last_type=0x01 last_seq=181
[12:53:58.731] [ARM-RX] [joint_id: 4] ROBOT_JOINT_ABS_ROTATE 85.000000
[12:53:59.284] [ARM-RX] [JETSON_UART] rx_bytes=29880 frames_ok=2431 crc_fail=0 overflow=0 tx_ok=109 tx_start_fail=0 tx_timeout=0 last_type=0x01 last_seq=187
[12:53:59.592] [ARM-RX] [JETSON_RX] capture_ctrl action=1 point=2
[12:53:59.592] [ARM-RX] [CAPTURE] request action=1 point=2
[12:53:59.652] [ARM-RX] [joint_id: 0] ROBOT_JOINT_ABS_ROTATE 90.000000
[12:54:00.267] [ARM-RX] [JETSON_UART] rx_bytes=29962 frames_ok=2438 crc_fail=0 overflow=0 tx_ok=110 tx_start_fail=0 tx_timeout=0 last_type=0x01 last_seq=194
[12:54:00.942] [ARM-RX] [joint_id: 3] ROBOT_JOINT_ABS_ROTATE 0.000000
[12:54:01.250] [ARM-RX] [JETSON_UART] rx_bytes=30046 frames_ok=2445 crc_fail=0 overflow=0 tx_ok=110 tx_start_fail=0 tx_timeout=0 last_type=0x01 last_seq=201
[12:54:02.292] [ARM-RX] [JETSON_UART] rx_bytes=30118 frames_ok=2451 crc_fail=0 overflow=0 tx_ok=110 tx_start_fail=0 tx_timeout=0 last_type=0x01 last_seq=207
[12:54:02.416] [ARM-RX] [joint_id: 4] ROBOT_JOINT_ABS_ROTATE 80.000000
[12:54:03.275] [ARM-RX] [JETSON_UART] rx_bytes=30190 frames_ok=2457 crc_fail=0 overflow=0 tx_ok=111 tx_start_fail=0 tx_timeout=0 last_type=0x01 last_seq=213
[12:54:03.337] [ARM-RX] [JETSON_RX] capture_ctrl action=1 point=3
[12:54:03.337] [ARM-RX] [CAPTURE] request action=1 point=3
[12:54:03.337] [ARM-RX] [joint_id: 0] ROBOT_JOINT_ABS_ROTATE 115.000000
[12:54:04.263] [ARM-RX] [JETSON_UART] rx_bytes=30272 frames_ok=2464 crc_fail=0 overflow=0 tx_ok=112 tx_start_fail=0 tx_timeout=0 last_type=0x01 last_seq=220
[12:54:04.632] [ARM-RX] [joint_id: 3] ROBOT_JOINT_ABS_ROTATE 35.000000
[12:54:05.309] [ARM-RX] [JETSON_UART] rx_bytes=30344 frames_ok=2470 crc_fail=0 overflow=0 tx_ok=112 tx_start_fail=0 tx_timeout=0 last_type=0x01 last_seq=226
[12:54:06.175] [ARM-RX] [joint_id: 4] ROBOT_JOINT_ABS_ROTATE 80.000000
[12:54:06.295] [ARM-RX] [JETSON_UART] rx_bytes=30416 frames_ok=2476 crc_fail=0 overflow=0 tx_ok=112 tx_start_fail=0 tx_timeout=0 last_type=0x01 last_seq=232
[12:54:06.605] [ARM-RX] [JETSON_RX] capture_ctrl action=2 point=0
[12:54:06.605] [ARM-RX] [CAPTURE] request action=2 point=0
[12:54:06.666] [ARM-RX] ROBOT_SOFT_RESET_EVENT
[12:54:06.666] [ARM-RX] --- Starting soft reset ---
[12:54:06.850] [ARM-RX] Soft reset motors enabled (J1~J5, J6 skipped).
[12:54:06.850] [ARM-RX] Soft resetting joint 4...
[12:54:06.850] [ARM-RX] robot_update_current_angle 4...
[12:54:06.850] [ARM-RX] [4] current:79.26, target:90.00, dir:1
[12:54:07.280] [ARM-RX] [JETSON_UART] rx_bytes=30510 frames_ok=2484 crc_fail=0 overflow=0 tx_ok=114 tx_start_fail=0 tx_timeout=0 last_type=0x01 last_seq=240
[12:54:07.895] [ARM-RX] Soft resetting joint 3...
[12:54:07.895] [ARM-RX] robot_update_current_angle 3...
[12:54:07.895] [ARM-RX] [3] current:35.94, target:0.00, dir:-1
[12:54:08.265] [ARM-RX] [JETSON_UART] rx_bytes=30582 frames_ok=2490 crc_fail=0 overflow=0 tx_ok=114 tx_start_fail=0 tx_timeout=0 last_type=0x01 last_seq=246
[12:54:09.312] [ARM-RX] [JETSON_UART] rx_bytes=30654 frames_ok=2496 crc_fail=0 overflow=0 tx_ok=114 tx_start_fail=0 tx_timeout=0 last_type=0x01 last_seq=252
[12:54:09.987] [ARM-RX] soft reset joint 3 settle timeout, keep going
[12:54:09.987] [ARM-RX] Soft resetting joint 1...
[12:54:09.988] [ARM-RX] robot_update_current_angle 1...
[12:54:09.988] [ARM-RX] [1] current:119.37, target:90.00, dir:-1
[12:54:10.294] [ARM-RX] [JETSON_UART] rx_bytes=30726 frames_ok=2502 crc_fail=0 overflow=0 tx_ok=114 tx_start_fail=0 tx_timeout=0 last_type=0x01 last_seq=3
[12:54:11.278] [ARM-RX] [JETSON_UART] rx_bytes=30798 frames_ok=2508 crc_fail=0 overflow=0 tx_ok=114 tx_start_fail=0 tx_timeout=0 last_type=0x01 last_seq=9
[12:54:11.893] [ARM-RX] soft reset joint 1 settle timeout, keep going
[12:54:11.893] [ARM-RX] Soft resetting joint 2...
[12:54:11.953] [ARM-RX] robot_update_current_angle 2...
[12:54:11.953] [ARM-RX] [2] current:-51.09, target:-90.00, dir:-1
[12:54:12.327] [ARM-RX] [JETSON_UART] rx_bytes=30882 frames_ok=2515 crc_fail=0 overflow=0 tx_ok=114 tx_start_fail=0 tx_timeout=0 last_type=0x01 last_seq=16
[12:54:13.318] [ARM-RX] [JETSON_UART] rx_bytes=30954 frames_ok=2521 crc_fail=0 overflow=0 tx_ok=114 tx_start_fail=0 tx_timeout=0 last_type=0x01 last_seq=22
[12:54:14.123] [ARM-RX] soft reset joint 2 settle timeout, keep going
[12:54:14.124] [ARM-RX] Soft resetting joint 0...
[12:54:14.125] [ARM-RX] robot_update_current_angle 0...
[12:54:14.125] [ARM-RX] [0] current:115.52, target:90.00, dir:-1
[12:54:14.311] [ARM-RX] [JETSON_UART] rx_bytes=31026 frames_ok=2527 crc_fail=0 overflow=0 tx_ok=114 tx_start_fail=0 tx_timeout=0 last_type=0x01 last_seq=28
[12:54:15.303] [ARM-RX] [JETSON_UART] rx_bytes=31098 frames_ok=2533 crc_fail=0 overflow=0 tx_ok=114 tx_start_fail=0 tx_timeout=0 last_type=0x01 last_seq=34
[12:54:15.926] [ARM-RX] soft reset joint 0 settle timeout, keep going
[12:54:15.987] [ARM-RX] soft reset verify not pass, start refine loop...
[12:54:16.049] [ARM-RX] soft reset refine joint 0 round 1: cur=93.29 target=90.00 err=3.29 dir=-1
[12:54:16.295] [ARM-RX] [JETSON_UART] rx_bytes=31170 frames_ok=2539 crc_fail=0 overflow=0 tx_ok=114 tx_start_fail=0 tx_timeout=0 last_type=0x01 last_seq=40
[12:54:16.917] [ARM-RX] soft reset refine pass 1 success.
[12:54:16.917] [ARM-RX] soft reset final verify PASS (issues:4), pose set HOME.
[12:54:16.918] [ARM-RX] [WORKFLOW] CAPTURE -> CAPTURE_HOME
[12:54:17.351] [ARM-RX] [JETSON_UART] rx_bytes=31242 frames_ok=2545 crc_fail=0 overflow=0 tx_ok=115 tx_start_fail=0 tx_timeout=0 last_type=0x01 last_seq=46
[12:54:18.348] [ARM-RX] [JETSON_UART] rx_bytes=31326 frames_ok=2552 crc_fail=0 overflow=0 tx_ok=115 tx_start_fail=0 tx_timeout=0 last_type=0x01 last_seq=53
[12:54:19.338] [ARM-RX] [JETSON_UART] rx_bytes=31398 frames_ok=2558 crc_fail=0 overflow=0 tx_ok=115 tx_start_fail=0 tx_timeout=0 last_type=0x01 last_seq=59
[12:54:20.331] [ARM-RX] [JETSON_UART] rx_bytes=31470 frames_ok=2564 crc_fail=0 overflow=0 tx_ok=115 tx_start_fail=0 tx_timeout=0 last_type=0x01 last_seq=65
[12:54:21.327] [ARM-RX] [JETSON_UART] rx_bytes=31542 frames_ok=2570 crc_fail=0 overflow=0 tx_ok=115 tx_start_fail=0 tx_timeout=0 last_type=0x01 last_seq=71
[12:54:22.323] [ARM-RX] [JETSON_UART] rx_bytes=31614 frames_ok=2576 crc_fail=0 overflow=0 tx_ok=115 tx_start_fail=0 tx_timeout=0 last_type=0x01 last_seq=77
[12:54:23.315] [ARM-RX] [JETSON_UART] rx_bytes=31686 frames_ok=2582 crc_fail=0 overflow=0 tx_ok=115 tx_start_fail=0 tx_timeout=0 last_type=0x01
[12:54:23.377] [ARM-RX] last_seq=83
[12:54:24.373] [ARM-RX] [JETSON_UART] rx_bytes=31770 frames_ok=2589 crc_fail=0 overflow=0 tx_ok=115 tx_start_fail=0 tx_timeout=0 last_type=0x01 last_seq=90
[12:54:25.367] [ARM-RX] [JETSON_UART] rx_bytes=31842 frames_ok=2595 crc_fail=0 overflow=0 tx_ok=115 tx_start_fail=0 tx_timeout=0 last_type=0x01 last_seq=96
[12:54:26.361] [ARM-RX] [JETSON_UART] rx_bytes=31914 frames_ok=2601 crc_fail=0 overflow=0 tx_ok=115 tx_start_fail=0 tx_timeout=0 last_type=0x01 last_seq=102
[12:54:26.954] [ARM-RX] [JETSON_RX] capture_ctrl action=3 point=3
[12:54:26.954] [ARM-RX] [CAPTURE] request action=3 point=3
[12:54:26.954] [ARM-RX] ROBOT_AUTO_EVENT
[12:54:26.954] [ARM-RX] AUTO slow profile scale=0.40 target=<0.00 -130.00 -15.00>
[12:54:26.955] [ARM-RX] [0] <0.00 0.00 0.00> result: 90.00 90.00 -90.00 0.00 90.00 0.00
[12:54:26.955] [ARM-RX] [1] <0.00 -0.00 -0.00> result: 90.00
[12:54:26.977] [ARM-RX] 90.00 -90.00 0.00 90.00 0.00
[12:54:26.978] [ARM-RX] [2] <0.00 -0.00 -0.00> result: 90.00 90.00 -90.00 0.00 90.00 0.00
[12:54:26.978] [ARM-RX] [3] <0.00 -0.00 -0.00> result: 90.00 90.00 -90.00 0.00 90.00 0.00
[12:54:26.978] [ARM-RX] [4] <0.00 -0.01 -0.00> result: 90.00 90.00 -90.00 0.00 90.00 0.00
[12:54:26.978] [ARM-RX] [5] <0.00 -0.01 -0.00> r
[12:54:26.999] [ARM-RX] esult: 90.00 90.00 -90.00 0.00 90.00 0.00
[12:54:26.999] [ARM-RX] [6] <0.00 -0.02 -0.00> result: 90.00 90.01 -90.00 0.00 90.00 0.00
[12:54:26.999] [ARM-RX] [7] <0.00 -0.03 -0.00> result: 90.00 90.01 -89.99 0.00 90.00 0.00
[12:54:27.000] [ARM-RX] [8] <0.00 -0.04 -0.00> result: 90.00 90.02 -89.99 0.00 90.01 0.00
[12:54:27.000] [ARM-RX] [9] <0.00 -0
[12:54:27.022] [ARM-RX] .06 -0.01> result: 90.00 90.02 -89.98 0.00 90.01 0.00
[12:54:27.022] [ARM-RX] [10] <0.00 -0.08 -0.01> result: 90.00 90.03 -89.98 0.00 90.01 0.00
[12:54:27.023] [ARM-RX] [11] <0.00 -0.10 -0.01> result: 90.00 90.04 -89.97 0.00 90.01 0.00
[12:54:27.023] [ARM-RX] [12] <0.00 -0.13 -0.01> result: 90.00 90.05 -89.96 0.00 90.02 0.0
[12:54:27.056] [ARM-RX] 0
[12:54:27.056] [ARM-RX] [13] <0.00 -0.16 -0.02> result: 90.00 90.07 -89.96 0.00 90.02 0.00
[12:54:27.056] [ARM-RX] [14] <0.00 -0.20 -0.02> result: 90.00 90.08 -89.95 0.00 90.03 0.00
[12:54:27.057] [ARM-RX] [15] <0.00 -0.24 -0.03> result: 90.00 90.10 -89.93 0.00 90.03 0.00
[12:54:27.057] [ARM-RX] [16] <0.00 -0.29 -0.03> result: 90.00 90.12 -89.9
[12:54:27.078] [ARM-RX] 2 0.00 90.04 0.00
[12:54:27.079] [ARM-RX] [17] <0.00 -0.35 -0.04> result: 90.00 90.14 -89.90 0.00 90.05 0.00
[12:54:27.079] [ARM-RX] [18] <0.00 -0.41 -0.05> result: 90.00 90.17 -89.89 0.00 90.06 0.00
[12:54:27.079] [ARM-RX] [19] <0.00 -0.48 -0.06> result: 90.00 90.20 -89.87 0.00 90.07 0.00
[12:54:27.079] [ARM-RX] [20] <0.00 -0.56 -0.06> result: 9
[12:54:27.101] [ARM-RX] 0.00 90.23 -89.85 0.00 90.08 0.00
[12:54:27.102] [ARM-RX] [21] <0.00 -0.64 -0.07> result: 90.00 90.26 -89.82 0.00 90.09 0.00
[12:54:27.102] [ARM-RX] [22] <0.00 -0.73 -0.08> result: 90.00 90.30 -89.80 0.00 90.10 0.00
[12:54:27.102] [ARM-RX] [23] <0.00 -0.83 -0.10> result: 90.00 90.34 -89.77 0.00 90.11 0.00
[12:54:27.102] [ARM-RX] [24] <0.00 -0.94
[12:54:27.125] [ARM-RX] -0.11> result: 90.00 90.39 -89.74 0.00 90.13 0.00
[12:54:27.125] [ARM-RX] [25] <0.00 -1.06 -0.12> result: 90.00 90.43 -89.71 0.00 90.14 0.00
[12:54:27.125] [ARM-RX] [26] <0.00 -1.18 -0.14> result: 90.00 90.48 -89.67 0.00 90.16 0.00
[12:54:27.125] [ARM-RX] [27] <0.00 -1.32 -0.15> result: 90.00 90.54 -89.64 0.00 90.17 0.00
[12:54:27.126] [ARM-RX] [
[12:54:27.148] [ARM-RX] 28] <0.00 -1.46 -0.17> result: 90.00 90.60 -89.60 0.00 90.19 0.00
[12:54:27.149] [ARM-RX] [29] <0.00 -1.62 -0.19> result: 90.00 90.66 -89.55 0.00 90.21 0.00
[12:54:27.149] [ARM-RX] [30] <0.00 -1.78 -0.21> result: 90.00 90.72 -89.51 0.00 90.23 0.00
[12:54:27.149] [ARM-RX] [31] <0.00 -1.96 -0.23> result: 90.00 90.79 -89.46 0.
[12:54:27.171] [ARM-RX] 00 90.25 0.00
[12:54:27.171] [ARM-RX] [32] <0.00 -2.14 -0.25> result: 90.00 90.87 -89.41 0.00 90.27 0.00
[12:54:27.171] [ARM-RX] [33] <0.00 -2.34 -0.27> result: 90.00 90.94 -89.35 0.00 90.30 0.00
[12:54:27.172] [ARM-RX] [34] <0.00 -2.54 -0.29> result: 90.00 91.02 -89.30 0.00 90.32 0.00
[12:54:27.172] [ARM-RX] [35] <0.00 -2.76 -0.32> result: 90.00
[12:54:27.194] [ARM-RX] 91.11 -89.24 0.00 90.34 0.00
[12:54:27.194] [ARM-RX] [36] <0.00 -2.99 -0.34> result: 90.00 91.20 -89.17 0.00 90.37 0.00
[12:54:27.194] [ARM-RX] [37] <0.00 -3.23 -0.37> result: 90.00 91.29 -89.10 0.00 90.39 0.00
[12:54:27.195] [ARM-RX] [38] <0.00 -3.48 -0.40> result: 90.00 91.38 -89.04 0.00 90.42 0.00
[12:54:27.195] [ARM-RX] [39] <0.00 -3.74 -0.4
[12:54:27.216] [ARM-RX] 3> result: 90.00 91.48 -88.96 0.00 90.45 0.00
[12:54:27.217] [ARM-RX] [40] <0.00 -4.02 -0.46> result: 90.00 91.59 -88.89 0.00 90.47 0.00
[12:54:27.217] [ARM-RX] [41] <0.00 -4.30 -0.50> result: 90.00 91.69 -88.81 0.00 90.50 0.00
[12:54:27.217] [ARM-RX] [42] <0.00 -4.60 -0.53> result: 90.00 91.81 -88.72 0.00 90.53 0.00
[12:54:27.217] [ARM-RX] [43]
[12:54:27.251] [ARM-RX] <0.00 -4.91 -0.57> result: 90.00 91.92 -88.64 0.00 90.56 0.00
[12:54:27.251] [ARM-RX] [44] <0.00 -5.23 -0.60> result: 90.00 92.04 -88.55 0.00 90.58 0.00
[12:54:27.251] [ARM-RX] [45] <0.00 -5.56 -0.64> result: 90.00 92.16 -88.45 0.00 90.61 0.00
[12:54:27.252] [ARM-RX] [46] <0.00 -5.90 -0.68> result: 90.00 92.28 -88.36 0.00 9
[12:54:27.273] [ARM-RX] 0.64 0.00
[12:54:27.273] [ARM-RX] [47] <0.00 -6.26 -0.72> result: 90.00 92.41 -88.26 0.00 90.67 0.00
[12:54:27.275] [ARM-RX] [48] <0.00 -6.63 -0.76> result: 90.00 92.55 -88.15 0.00 90.70 0.00
[12:54:27.275] [ARM-RX] [49] <0.00 -7.01 -0.81> result: 90.00 92.68 -88.05 0.00 90.73 0.00
[12:54:27.275] [ARM-RX] [50] <0.00 -7.40 -0.85> result: 90.00 92.
[12:54:27.296] [ARM-RX] 82 -87.94 0.00 90.76 0.00
[12:54:27.297] [ARM-RX] [51] <0.00 -7.80 -0.90> result: 90.00 92.96 -87.82 0.00 90.78 0.00
[12:54:27.297] [ARM-RX] [52] <0.00 -8.22 -0.95> result: 90.00 93.10 -87.71 0.00 90.81 0.00
[12:54:27.297] [ARM-RX] [53] <0.00 -8.65 -1.00> result: 90.00 93.25 -87.58 0.00 90.84 0.00
[12:54:27.297] [ARM-RX] [54] <0.00 -9.08 -1.05> r
[12:54:27.320] [ARM-RX] esult: 90.00 93.40 -87.46 0.00 90.86 0.00
[12:54:27.328] [ARM-RX] [55] <0.00 -9.53 -1.10> result: 90.00 93.55 -87.33 0.00 90.89 0.00
[12:54:27.328] [ARM-RX] [56] <0.00 -10.00 -1.15> result: 90.00 93.71 -87.20 0.00 90.91 0.00
[12:54:27.329] [ARM-RX] [57] <0.00 -10.47 -1.21> result: 90.00 93.87 -87.07 0.00 90.94 0.00
[12:54:27.329] [ARM-RX] [58] <0
[12:54:27.343] [ARM-RX] .00 -10.95 -1.26> result: 90.00 94.03 -86.93 0.00 90.96 0.00
[12:54:27.344] [ARM-RX] [59] <0.00 -11.45 -1.32> result: 90.00 94.19 -86.79 0.00 90.98 0.00
[12:54:27.344] [ARM-RX] [60] <0.00 -11.96 -1.38> result: 90.00 94.35 -86.65 0.00 91.00 0.00
[12:54:27.344] [ARM-RX] [61] <0.00 -12.47 -1.44> result: 90.00 94.52 -86.50 0.00
[12:54:27.366] [ARM-RX] 91.02 0.00
[12:54:27.366] [ARM-RX] [62] <0.00 -13.00 -1.50> result: 90.00 94.69 -86.35 0.00 91.04 0.00
[12:54:27.366] [ARM-RX] [63] <0.00 -13.54 -1.56> result: 90.00 94.86 -86.19 0.00 91.05 0.00
[12:54:27.367] [ARM-RX] [64] <0.00 -14.09 -1.63> result: 90.00 95.03 -86.04 0.00 91.07 0.00
[12:54:27.367] [ARM-RX] [65] <0.00 -14.65 -1.69> result: 90.
[12:54:27.388] [ARM-RX] 00 95.20 -85.88 0.00 91.08 0.00
[12:54:27.389] [ARM-RX] [66] <0.00 -15.21 -1.76> result: 90.00 95.38 -85.72 0.00 91.09 0.00
[12:54:27.389] [ARM-RX] [67] <0.00 -15.79 -1.82> result: 90.00 95.55 -85.55 0.00 91.10 0.00
[12:54:27.389] [ARM-RX] [68] <0.00 -16.38 -1.89> result: 90.00 95.73 -85.38 0.00 91.11 0.00
[12:54:27.389] [ARM-RX] [69] <0.00 -16.9
[12:54:27.423] [ARM-RX] 7 -1.96> result: 90.00 95.91 -85.21 0.00 91.12 0.00
[12:54:27.424] [ARM-RX] [70] <0.00 -17.58 -2.03> result: 90.00 96.09 -85.04 0.00 91.13 0.00
[12:54:27.424] [ARM-RX] [71] <0.00 -18.19 -2.10> result: 90.00 96.27 -84.86 0.00 91.13 0.00
[12:54:27.424] [ARM-RX] [72] <0.00 -18.81 -2.17> result: 90.00 96.45 -84.68 0.00 91.13 0.
[12:54:27.446] [ARM-RX] 00
[12:54:27.447] [ARM-RX] [73] <0.00 -19.44 -2.24> result: 90.00 96.63 -84.50 0.00 91.13 0.00
[12:54:27.447] [ARM-RX] [74] <0.00 -20.08 -2.32> result: 90.00 96.81 -84.32 0.00 91.13 0.00
[12:54:27.447] [ARM-RX] [75] <0.00 -20.72 -2.39> result: 90.00 97.00 -84.13 0.00 91.13 0.00
[12:54:27.447] [ARM-RX] [76] <0.00 -21.37 -2.47> result: 90.00 97.18
[12:54:27.469] [ARM-RX] -83.94 0.00 91.12 0.00
[12:54:27.469] [ARM-RX] [77] <0.00 -22.03 -2.54> result: 90.00 97.36 -83.75 0.00 91.12 0.00
[12:54:27.470] [ARM-RX] [78] <0.00 -22.70 -2.62> result: 90.00 97.55 -83.56 0.00 91.11 0.00
[12:54:27.470] [ARM-RX] [79] <0.00 -23.37 -2.70> result: 90.00 97.73 -83.37 0.00 91.10 0.00
[12:54:27.470] [ARM-RX] [80] <0.00 -24.04 -2.77>
[12:54:27.493] [ARM-RX] result: 90.00 97.92 -83.17 0.00 91.08 0.00
[12:54:27.493] [ARM-RX] [81] <0.00 -24.72 -2.85> result: 90.00 98.10 -82.97 0.00 91.07 0.00
[12:54:27.493] [ARM-RX] [82] <0.00 -25.41 -2.93> result: 90.00 98.28 -82.77 0.00 91.05 0.00
[12:54:27.493] [ARM-RX] [83] <0.00 -26.10 -3.01> result: 90.00 98.47 -82.57 0.00 91.04 0.00
[12:54:27.494] [ARM-RX] [84]
[12:54:27.515] [ARM-RX] <0.00 -26.79 -3.09> result: 90.00 98.65 -82.37 0.00 91.02 0.00
[12:54:27.515] [ARM-RX] [85] <0.00 -27.49 -3.17> result: 90.00 98.83 -82.16 0.00 91.00 0.00
[12:54:27.515] [ARM-RX] [86] <0.00 -28.19 -3.25> result: 90.00 99.01 -81.96 0.00 90.97 0.00
[12:54:27.515] [ARM-RX] [87] <0.00 -28.90 -3.33> result: 90.00 99.20 -81.75 0.
[12:54:27.539] [ARM-RX] 00 90.95 0.00
[12:54:27.539] [ARM-RX] [88] <0.00 -29.61 -3.42> result: 90.00 99.38 -81.55 0.00 90.92 0.00
[12:54:27.540] [ARM-RX] [89] <0.00 -30.32 -3.50> result: 90.00 99.56 -81.34 0.00 90.90 0.00
[12:54:27.540] [ARM-RX] [90] <0.00 -31.03 -3.58> result: 90.00 99.74 -81.13 0.00 90.87 0.00
[12:54:27.540] [ARM-RX] [91] <0.00 -31.74 -3.66> result: 9
[12:54:27.561] [ARM-RX] 0.00 99.92 -80.92 0.00 90.84 0.00
[12:54:27.561] [ARM-RX] [92] <0.00 -32.46 -3.74> result: 90.00 100.09 -80.71 0.00 90.80 0.00
[12:54:27.561] [ARM-RX] [93] <0.00 -33.17 -3.83> result: 90.00 100.27 -80.50 0.00 90.77 0.00
[12:54:27.562] [ARM-RX] [94] <0.00 -33.89 -3.91> result: 90.00 100.44 -80.29 0.00 90.74 0.00
[12:54:27.562] [ARM-RX] [95] <0.00
[12:54:27.584] [ARM-RX] -34.60 -3.99> result: 90.00 100.62 -80.08 0.00 90.70 0.00
[12:54:27.584] [ARM-RX] [96] <0.00 -35.32 -4.07> result: 90.00 100.79 -79.87 0.00 90.66 0.00
[12:54:27.585] [ARM-RX] [97] <0.00 -36.03 -4.16> result: 90.00 100.96 -79.66 0.00 90.62 0.00
[12:54:27.585] [ARM-RX] [98] <0.00 -36.75 -4.24> result: 90.00 101.14 -79.45 0.00
[12:54:27.618] [ARM-RX] 90.58 0.00
[12:54:27.619] [ARM-RX] [99] <0.00 -37.46 -4.32> result: 90.00 101.31 -79.24 0.00 90.54 0.00
[12:54:27.619] [ARM-RX] [100] <0.00 -38.18 -4.41> result: 90.00 101.47 -79.02 0.00 90.50 0.00
[12:54:27.619] [ARM-RX] [101] <0.00 -38.89 -4.49> result: 90.00 101.64 -78.81 0.00 90.46 0.00
[12:54:27.619] [ARM-RX] [102] <0.00 -39.61 -4.57> resul
[12:54:27.642] [ARM-RX] t: 90.00 101.81 -78.60 0.00 90.41 0.00
[12:54:27.642] [ARM-RX] [103] <0.00 -40.32 -4.65> result: 90.00 101.98 -78.39 0.00 90.37 0.00
[12:54:27.643] [ARM-RX] [104] <0.00 -41.04 -4.74> result: 90.00 102.14 -78.18 0.00 90.32 0.00
[12:54:27.643] [ARM-RX] [105] <0.00 -41.75 -4.82> result: 90.00 102.31 -77.96 0.00 90.27 0.00
[12:54:27.643] [ARM-RX] [10
[12:54:27.665] [ARM-RX] 6] <0.00 -42.47 -4.90> result: 90.00 102.47 -77.75 0.00 90.22 0.00
[12:54:27.665] [ARM-RX] [107] <0.00 -43.18 -4.98> result: 90.00 102.63 -77.54 0.00 90.17 0.00
[12:54:27.665] [ARM-RX] [108] <0.00 -43.90 -5.07> result: 90.00 102.79 -77.33 0.00 90.12 0.00
[12:54:27.665] [ARM-RX] [109] <0.00 -44.61 -5.15> result: 90.00 102.95
[12:54:27.688] [ARM-RX] -77.11 0.00 90.07 0.00
[12:54:27.688] [ARM-RX] [110] <0.00 -45.33 -5.23> result: 90.00 103.12 -76.90 0.00 90.02 0.00
[12:54:27.688] [ARM-RX] [111] <0.00 -46.05 -5.31> result: 90.00 103.27 -76.69 0.00 89.96 0.00
[12:54:27.689] [ARM-RX] [112] <0.00 -46.76 -5.40> result: 90.00 103.43 -76.47 0.00 89.91 0.00
[12:54:27.689] [ARM-RX] [113] <0.00 -47.48
[12:54:27.710] [ARM-RX] -5.48> result: 90.00 103.59 -76.26 0.00 89.85 0.00
[12:54:27.710] [ARM-RX] [114] <0.00 -48.19 -5.56> result: 90.00 103.75 -76.05 0.00 89.80 0.00
[12:54:27.711] [ARM-RX] [115] <0.00 -48.91 -5.64> result: 90.00 103.91 -75.83 0.00 89.74 0.00
[12:54:27.711] [ARM-RX] [116] <0.00 -49.62 -5.73> result: 90.00 104.06 -75.62 0.00 89
[12:54:27.733] [ARM-RX] .68 0.00
[12:54:27.733] [ARM-RX] [117] <0.00 -50.34 -5.81> result: 90.00 104.22 -75.40 0.00 89.62 0.00
[12:54:27.734] [ARM-RX] [118] <0.00 -51.05 -5.89> result: 90.00 104.37 -75.19 0.00 89.56 0.00
[12:54:27.734] [ARM-RX] [119] <0.00 -51.77 -5.97> result: 90.00 104.53 -74.98 0.00 89.50 0.00
[12:54:27.734] [ARM-RX] [120] <0.00 -52.48 -6.06> result:
[12:54:27.756] [ARM-RX] 90.00 104.68 -74.76 0.00 89.44 0.00
[12:54:27.756] [ARM-RX] [121] <0.00 -53.20 -6.14> result: 90.00 104.83 -74.55 0.00 89.38 0.00
[12:54:27.756] [ARM-RX] [122] <0.00 -53.91 -6.22> result: 90.00 104.99 -74.33 0.00 89.32 0.00
[12:54:27.756] [ARM-RX] [123] <0.00 -54.63 -6.30> result: 90.00 105.14 -74.12 0.00 89.25 0.00
[12:54:27.757] [ARM-RX] [124]
[12:54:27.791] [ARM-RX] <0.00 -55.34 -6.39> result: 90.00 105.29 -73.90 0.00 89.19 0.00
[12:54:27.791] [ARM-RX] [125] <0.00 -56.06 -6.47> result: 90.00 105.44 -73.68 0.00 89.12 0.00
[12:54:27.792] [ARM-RX] [126] <0.00 -56.77 -6.55> result: 90.00 105.59 -73.47 0.00 89.06 0.00
[12:54:27.792] [ARM-RX] [127] <0.00 -57.49 -6.63> result: 90.00 105.74 -
[12:54:27.813] [ARM-RX] 73.25 0.00 88.99 0.00
[12:54:27.814] [ARM-RX] [128] <0.00 -58.20 -6.72> result: 90.00 105.89 -73.04 0.00 88.93 0.00
[12:54:27.814] [ARM-RX] [129] <0.00 -58.92 -6.80> result: 90.00 106.04 -72.82 0.00 88.86 0.00
[12:54:27.814] [ARM-RX] [130] <0.00 -59.64 -6.88> result: 90.00 106.19 -72.60 0.00 88.79 0.00
[12:54:27.814] [ARM-RX] [131] <0.00 -60.35 -
[12:54:27.837] [ARM-RX] 6.96> result: 90.00 106.33 -72.39 0.00 88.72 0.00
[12:54:27.838] [ARM-RX] [132] <0.00 -61.07 -7.05> result: 90.00 106.48 -72.17 0.00 88.65 0.00
[12:54:27.838] [ARM-RX] [133] <0.00 -61.78 -7.13> result: 90.00 106.63 -71.95 0.00 88.58 0.00
[12:54:27.838] [ARM-RX] [134] <0.00 -62.50 -7.21> result: 90.00 106.77 -71.74 0.00 88.5
[12:54:27.860] [ARM-RX] 1 0.00
[12:54:27.860] [ARM-RX] [135] <0.00 -63.21 -7.29> result: 90.00 106.92 -71.52 0.00 88.44 0.00
[12:54:27.860] [ARM-RX] [136] <0.00 -63.93 -7.38> result: 90.00 107.07 -71.30 0.00 88.37 0.00
[12:54:27.860] [ARM-RX] [137] <0.00 -64.64 -7.46> result: 90.00 107.21 -71.09 0.00 88.30 0.00
[12:54:27.861] [ARM-RX] [138] <0.00 -65.36 -7.54> result: 9
[12:54:27.886] [ARM-RX] 0.00 107.36 -70.87 0.00 88.22 0.00
[12:54:27.886] [ARM-RX] [139] <0.00 -66.07 -7.62> result: 90.00 107.50 -70.65 0.00 88.15 0.00
[12:54:27.886] [ARM-RX] [140] <0.00 -66.79 -7.71> result: 90.00 107.64 -70.43 0.00 88.08 0.00
[12:54:27.886] [ARM-RX] [141] <0.00 -67.50 -7.79> result: 90.00 107.79 -70.21 0.00 88.00 0.00
[12:54:27.887] [ARM-RX] [142] <
[12:54:27.906] [ARM-RX] 0.00 -68.22 -7.87> result: 90.00 107.93 -70.00 0.00 87.93 0.00
[12:54:27.906] [ARM-RX] [143] <0.00 -68.93 -7.95> result: 90.00 108.07 -69.78 0.00 87.85 0.00
[12:54:27.906] [ARM-RX] [144] <0.00 -69.65 -8.04> result: 90.00 108.22 -69.56 0.00 87.78 0.00
[12:54:27.906] [ARM-RX] [145] <0.00 -70.36 -8.12> result: 90.00 108.36 -69
[12:54:27.929] [ARM-RX] .34 0.00 87.70 0.00
[12:54:27.929] [ARM-RX] [146] <0.00 -71.08 -8.20> result: 90.00 108.50 -69.12 0.00 87.62 0.00
[12:54:27.930] [ARM-RX] [147] <0.00 -71.79 -8.28> result: 90.00 108.64 -68.90 0.00 87.54 0.00
[12:54:27.930] [ARM-RX] [148] <0.00 -72.51 -8.37> result: 90.00 108.78 -68.68 0.00 87.47 0.00
[12:54:27.930] [ARM-RX] [149] <0.00 -73.23 -8.
[12:54:27.952] [ARM-RX] 45> result: 90.00 108.93 -68.46 0.00 87.39 0.00
[12:54:27.952] [ARM-RX] [150] <0.00 -73.94 -8.53> result: 90.00 109.07 -68.24 0.00 87.31 0.00
[12:54:27.952] [ARM-RX] [151] <0.00 -74.66 -8.61> result: 90.00 109.21 -68.02 0.00 87.23 0.00
[12:54:27.953] [ARM-RX] [152] <0.00 -75.37 -8.70> result: 90.00 109.35 -67.80 0.00 87.15
[12:54:27.986] [ARM-RX] 0.00
[12:54:27.986] [ARM-RX] [153] <0.00 -76.09 -8.78> result: 90.00 109.49 -67.58 0.00 87.07 0.00
[12:54:27.986] [ARM-RX] [154] <0.00 -76.80 -8.86> result: 90.00 109.63 -67.36 0.00 86.99 0.00
[12:54:27.987] [ARM-RX] [155] <0.00 -77.52 -8.94> result: 90.00 109.76 -67.14 0.00 86.91 0.00
[12:54:27.987] [ARM-RX] [156] <0.00 -78.23 -9.03> result: 90.
[12:54:28.009] [ARM-RX] 00 109.90 -66.92 0.00 86.83 0.00
[12:54:28.009] [ARM-RX] [157] <0.00 -78.95 -9.11> result: 90.00 110.04 -66.70 0.00 86.74 0.00
[12:54:28.009] [ARM-RX] [158] <0.00 -79.66 -9.19> result: 90.00 110.18 -66.48 0.00 86.66 0.00
[12:54:28.009] [ARM-RX] [159] <0.00 -80.38 -9.27> result: 90.00 110.32 -66.26 0.00 86.58 0.00
[12:54:28.010] [ARM-RX] [160] <0.
[12:54:28.032] [ARM-RX] 00 -81.09 -9.36> result: 90.00 110.46 -66.04 0.00 86.50 0.00
[12:54:28.032] [ARM-RX] [161] <0.00 -81.81 -9.44> result: 90.00 110.60 -65.82 0.00 86.41 0.00
[12:54:28.032] [ARM-RX] [162] <0.00 -82.52 -9.52> result: 90.00 110.73 -65.59 0.00 86.33 0.00
[12:54:28.032] [ARM-RX] [163] <0.00 -83.24 -9.60> result: 90.00 110.87 -65.3
[12:54:28.054] [ARM-RX] 7 0.00 86.24 0.00
[12:54:28.055] [ARM-RX] [164] <0.00 -83.95 -9.69> result: 90.00 111.01 -65.15 0.00 86.16 0.00
[12:54:28.055] [ARM-RX] [165] <0.00 -84.67 -9.77> result: 90.00 111.14 -64.93 0.00 86.07 0.00
[12:54:28.055] [ARM-RX] [166] <0.00 -85.38 -9.85> result: 90.00 111.28 -64.71 0.00 85.99 0.00
[12:54:28.055] [ARM-RX] [167] <0.00 -86.10 -9.93
[12:54:28.078] [ARM-RX] > result: 90.00 111.42 -64.48 0.00 85.90 0.00
[12:54:28.079] [ARM-RX] [168] <0.00 -86.81 -10.02> result: 90.00 111.55 -64.26 0.00 85.81 0.00
[12:54:28.079] [ARM-RX] [169] <0.00 -87.53 -10.10> result: 90.00 111.69 -64.04 0.00 85.73 0.00
[12:54:28.079] [ARM-RX] [170] <0.00 -88.25 -10.18> result: 90.00 111.83 -63.81 0.00 85.64
[12:54:28.101] [ARM-RX] 0.00
[12:54:28.101] [ARM-RX] [171] <0.00 -88.96 -10.26> result: 90.00 111.96 -63.59 0.00 85.55 0.00
[12:54:28.102] [ARM-RX] [172] <0.00 -89.68 -10.35> result: 90.00 112.10 -63.37 0.00 85.46 0.00
[12:54:28.102] [ARM-RX] [173] <0.00 -90.39 -10.43> result: 90.00 112.23 -63.14 0.00 85.38 0.00
[12:54:28.102] [ARM-RX] [174] <0.00 -91.11 -10.51> result
[12:54:28.124] [ARM-RX] : 90.00 112.37 -62.92 0.00 85.29 0.00
[12:54:28.125] [ARM-RX] [175] <0.00 -91.82 -10.59> result: 90.00 112.50 -62.70 0.00 85.20 0.00
[12:54:28.125] [ARM-RX] [176] <0.00 -92.54 -10.68> result: 90.00 112.64 -62.47 0.00 85.11 0.00
[12:54:28.125] [ARM-RX] [177] <0.00 -93.25 -10.76> result: 90.00 112.77 -62.25 0.00 85.02 0.00
[12:54:28.125] [ARM-RX] [
[12:54:28.159] [ARM-RX] 178] <0.00 -93.97 -10.84> result: 90.00 112.91 -62.02 0.00 84.93 0.00
[12:54:28.159] [ARM-RX] [179] <0.00 -94.68 -10.92> result: 90.00 113.04 -61.80 0.00 84.84 0.00
[12:54:28.160] [ARM-RX] [180] <0.00 -95.40 -11.01> result: 90.00 113.18 -61.57 0.00 84.75 0.00
[12:54:28.162] [ARM-RX] [181] <0.00 -96.11 -11.09> result: 90.00
[12:54:28.181] [ARM-RX] 113.31 -61.35 0.00 84.66 0.00
[12:54:28.181] [ARM-RX] [182] <0.00 -96.83 -11.17> result: 90.00 113.44 -61.12 0.00 84.57 0.00
[12:54:28.181] [ARM-RX] [183] <0.00 -97.54 -11.26> result: 90.00 113.58 -60.90 0.00 84.48 0.00
[12:54:28.182] [ARM-RX] [184] <0.00 -98.26 -11.34> result: 90.00 113.71 -60.67 0.00 84.38 0.00
[12:54:28.182] [ARM-RX] [185] <0.
[12:54:28.204] [ARM-RX] 00 -98.97 -11.42> result: 90.00 113.85 -60.45 0.00 84.29 0.00
[12:54:28.204] [ARM-RX] [186] <0.00 -99.68 -11.50> result: 90.00 113.98 -60.22 0.00 84.20 0.00
[12:54:28.204] [ARM-RX] [187] <0.00 -100.39 -11.58> result: 90.00 114.11 -60.00 0.00 84.11 0.00
[12:54:28.204] [ARM-RX] [188] <0.00 -101.10 -11.67> result: 90.00 114.24
[12:54:28.226] [ARM-RX] -59.77 0.00 84.01 0.00
[12:54:28.227] [ARM-RX] [189] <0.00 -101.80 -11.75> result: 90.00 114.37 -59.55 0.00 83.92 0.00
[12:54:28.227] [ARM-RX] [190] <0.00 -102.51 -11.83> result: 90.00 114.50 -59.33 0.00 83.83 0.00
[12:54:28.227] [ARM-RX] [191] <0.00 -103.20 -11.91> result: 90.00 114.63 -59.10 0.00 83.74 0.00
[12:54:28.227] [ARM-RX] [192] <0.00
[12:54:28.254] [ARM-RX] -103.90 -11.99> result: 90.00 114.76 -58.88 0.00 83.65 0.00
[12:54:28.254] [ARM-RX] [193] <0.00 -104.59 -12.07> result: 90.00 114.89 -58.66 0.00 83.56 0.00
[12:54:28.254] [ARM-RX] [194] <0.00 -105.28 -12.15> result: 90.00 115.02 -58.44 0.00 83.46 0.00
[12:54:28.255] [ARM-RX] [195] <0.00 -105.96 -12.23> result: 90.00 115.15
[12:54:28.272] [ARM-RX] -58.23 0.00 83.37 0.00
[12:54:28.273] [ARM-RX] [196] <0.00 -106.63 -12.30> result: 90.00 115.27 -58.01 0.00 83.28 0.00
[12:54:28.273] [ARM-RX] [197] <0.00 -107.30 -12.38> result: 90.00 115.40 -57.80 0.00 83.19 0.00
[12:54:28.274] [ARM-RX] [198] <0.00 -107.97 -12.46> result: 90.00 115.52 -57.59 0.00 83.10 0.00
[12:54:28.274] [ARM-RX] [199] <0.00 -
[12:54:28.296] [ARM-RX] 108.62 -12.53> result: 90.00 115.64 -57.38 0.00 83.02 0.00
[12:54:28.296] [ARM-RX] [200] <0.00 -109.28 -12.61> result: 90.00 115.76 -57.17 0.00 82.93 0.00
[12:54:28.297] [ARM-RX] [201] <0.00 -109.92 -12.68> result: 90.00 115.88 -56.96 0.00 82.84 0.00
[12:54:28.297] [ARM-RX] [202] <0.00 -110.56 -12.76> result: 90.00 116.00 -
[12:54:28.318] [ARM-RX] 56.76 0.00 82.75 0.00
[12:54:28.319] [ARM-RX] [203] <0.00 -111.19 -12.83> result: 90.00 116.11 -56.55 0.00 82.67 0.00
[12:54:28.319] [ARM-RX] [204] <0.00 -111.81 -12.90> result: 90.00 116.23 -56.36 0.00 82.58 0.00
[12:54:28.319] [ARM-RX] [205] <0.00 -112.42 -12.97> result: 90.00 116.34 -56.16 0.00 82.50 0.00
[12:54:28.319] [ARM-RX] [206] <0.00 -1
[12:54:28.352] [ARM-RX] 13.02 -13.04> result: 90.00 116.45 -55.96 0.00 82.42 0.00
[12:54:28.353] [ARM-RX] [207] <0.00 -113.62 -13.11> result: 90.00 116.56 -55.77 0.00 82.33 0.00
[12:54:28.353] [ARM-RX] [208] <0.00 -114.21 -13.18> result: 90.00 116.67 -55.58 0.00 82.25 0.00
[12:54:28.353] [ARM-RX] [209] <0.00 -114.79 -13.24> result: 90.00 116.78 -5
[12:54:28.375] [ARM-RX] 5.40 0.00 82.17 0.00
[12:54:28.376] [ARM-RX] [210] <0.00 -115.35 -13.31> result: 90.00 116.88 -55.21 0.00 82.10 0.00
[12:54:28.376] [ARM-RX] [211] <0.00 -115.91 -13.37> result: 90.00 116.99 -55.03 0.00 82.02 0.00
[12:54:28.376] [ARM-RX] [212] <0.00 -116.46 -13.44> result: 90.00 117.09 -54.86 0.00 81.94 0.00
[12:54:28.376] [ARM-RX] [213] <0.00 -11
[12:54:28.398] [ARM-RX] 7.00 -13.50> result: 90.00 117.19 -54.68 0.00 81.87 0.00
[12:54:28.399] [ARM-RX] [214] <0.00 -117.53 -13.56> result: 90.00 117.28 -54.51 0.00 81.79 0.00
[12:54:28.399] [ARM-RX] [215] <0.00 -118.04 -13.62> result: 90.00 117.38 -54.34 0.00 81.72 0.00
[12:54:28.399] [ARM-RX] [216] <0.00 -118.55 -13.68> result: 90.00 117.47 -54
[12:54:28.422] [ARM-RX] .18 0.00 81.65 0.00
[12:54:28.422] [ARM-RX] [217] <0.00 -119.05 -13.74> result: 90.00 117.56 -54.02 0.00 81.58 0.00
[12:54:28.423] [ARM-RX] [218] <0.00 -119.53 -13.79> result: 90.00 117.65 -53.86 0.00 81.51 0.00
[12:54:28.423] [ARM-RX] [219] <0.00 -120.00 -13.85> result: 90.00 117.74 -53.71 0.00 81.45 0.00
[12:54:28.423] [ARM-RX] [220] <0.00 -120
[12:54:28.445] [ARM-RX] .47 -13.90> result: 90.00 117.82 -53.56 0.00 81.38 0.00
[12:54:28.445] [ARM-RX] [221] <0.00 -120.92 -13.95> result: 90.00 117.91 -53.41 0.00 81.32 0.00
[12:54:28.445] [ARM-RX] [222] <0.00 -121.35 -14.00> result: 90.00 117.99 -53.27 0.00 81.25 0.00
[12:54:28.445] [ARM-RX] [223] <0.00 -121.78 -14.05> result: 90.00 118.07 -53.
[12:54:28.467] [ARM-RX] 13 0.00 81.19 0.00
[12:54:28.468] [ARM-RX] [224] <0.00 -122.20 -14.10> result: 90.00 118.14 -52.99 0.00 81.13 0.00
[12:54:28.468] [ARM-RX] [225] <0.00 -122.60 -14.15> result: 90.00 118.22 -52.86 0.00 81.08 0.00
[12:54:28.468] [ARM-RX] [226] <0.00 -122.99 -14.19> result: 90.00 118.29 -52.73 0.00 81.02 0.00
[12:54:28.468] [ARM-RX] [227] <0.00 -123.
[12:54:28.491] [ARM-RX] 37 -14.24> result: 90.00 118.36 -52.61 0.00 80.97 0.00
[12:54:28.491] [ARM-RX] [228] <0.00 -123.74 -14.28> result: 90.00 118.43 -52.49 0.00 80.91 0.00
[12:54:28.492] [ARM-RX] [229] <0.00 -124.10 -14.32> result: 90.00 118.49 -52.37 0.00 80.86 0.00
[12:54:28.492] [ARM-RX] [230] <0.00 -124.44 -14.36> result: 90.00 118.55 -52.2
[12:54:28.525] [ARM-RX] 6 0.00 80.81 0.00
[12:54:28.525] [ARM-RX] [231] <0.00 -124.77 -14.40> result: 90.00 118.62 -52.15 0.00 80.77 0.00
[12:54:28.525] [ARM-RX] [232] <0.00 -125.09 -14.43> result: 90.00 118.67 -52.05 0.00 80.72 0.00
[12:54:28.526] [ARM-RX] [233] <0.00 -125.40 -14.47> result: 90.00 118.73 -51.94 0.00 80.68 0.00
[12:54:28.526] [ARM-RX] [234] <0.00 -125.7
[12:54:28.548] [ARM-RX] 0 -14.50> result: 90.00 118.79 -51.85 0.00 80.63 0.00
[12:54:28.549] [ARM-RX] [235] <0.00 -125.98 -14.54> result: 90.00 118.84 -51.75 0.00 80.59 0.00
[12:54:28.549] [ARM-RX] [236] <0.00 -126.26 -14.57> result: 90.00 118.89 -51.66 0.00 80.55 0.00
[12:54:28.549] [ARM-RX] [237] <0.00 -126.52 -14.60> result: 90.00 118.94 -51.58
[12:54:28.571] [ARM-RX] 0.00 80.52 0.00
[12:54:28.571] [ARM-RX] [238] <0.00 -126.77 -14.63> result: 90.00 118.98 -51.50 0.00 80.48 0.00
[12:54:28.571] [ARM-RX] [239] <0.00 -127.01 -14.66> result: 90.00 119.03 -51.42 0.00 80.44 0.00
[12:54:28.571] [ARM-RX] [240] <0.00 -127.24 -14.68> result: 90.00 119.07 -51.34 0.00 80.41 0.00
[12:54:28.572] [ARM-RX] [241] <0.00 -127.46
[12:54:28.594] [ARM-RX] -14.71> result: 90.00 119.11 -51.27 0.00 80.38 0.00
[12:54:28.595] [ARM-RX] [242] <0.00 -127.66 -14.73> result: 90.00 119.15 -51.20 0.00 80.35 0.00
[12:54:28.595] [ARM-RX] [243] <0.00 -127.86 -14.75> result: 90.00 119.18 -51.14 0.00 80.32 0.00
[12:54:28.595] [ARM-RX] [244] <0.00 -128.04 -14.77> result: 90.00 119.22 -51.08
[12:54:28.618] [ARM-RX] 0.00 80.30 0.00
[12:54:28.618] [ARM-RX] [245] <0.00 -128.22 -14.79> result: 90.00 119.25 -51.02 0.00 80.27 0.00
[12:54:28.618] [ARM-RX] [246] <0.00 -128.38 -14.81> result: 90.00 119.28 -50.97 0.00 80.25 0.00
[12:54:28.618] [ARM-RX] [247] <0.00 -128.53 -14.83> result: 90.00 119.31 -50.92 0.00 80.22 0.00
[12:54:28.618] [ARM-RX] [248] <0.00 -128.68
[12:54:28.640] [ARM-RX] -14.85> result: 90.00 119.33 -50.87 0.00 80.20 0.00
[12:54:28.640] [ARM-RX] [249] <0.00 -128.82 -14.86> result: 90.00 119.36 -50.82 0.00 80.18 0.00
[12:54:28.640] [ARM-RX] [250] <0.00 -128.94 -14.88> result: 90.00 119.38 -50.78 0.00 80.16 0.00
[12:54:28.640] [ARM-RX] [251] <0.00 -129.06 -14.89> result: 90.00 119.40 -50.74 0
[12:54:28.663] [ARM-RX] .00 80.15 0.00
[12:54:28.663] [ARM-RX] [252] <0.00 -129.17 -14.90> result: 90.00 119.42 -50.71 0.00 80.13 0.00
[12:54:28.663] [ARM-RX] [253] <0.00 -129.27 -14.92> result: 90.00 119.44 -50.68 0.00 80.12 0.00
[12:54:28.663] [ARM-RX] [254] <0.00 -129.36 -14.93> result: 90.00 119.46 -50.65 0.00 80.10 0.00
[12:54:28.664] [ARM-RX] [255] <0.00 -129.44 -
[12:54:28.686] [ARM-RX] 14.94> result: 90.00 119.47 -50.62 0.00 80.09 0.00
[12:54:28.686] [ARM-RX] [256] <0.00 -129.52 -14.94> result: 90.00 119.49 -50.59 0.00 80.08 0.00
[12:54:28.686] [ARM-RX] [257] <0.00 -129.59 -14.95> result: 90.00 119.50 -50.57 0.00 80.07 0.00
[12:54:28.686] [ARM-RX] [258] <0.00 -129.65 -14.96> result: 90.00 119.51 -50.55 0.
[12:54:28.721] [ARM-RX] 00 80.06 0.00
[12:54:28.721] [ARM-RX] [259] <0.00 -129.71 -14.97> result: 90.00 119.52 -50.53 0.00 80.05 0.00
[12:54:28.721] [ARM-RX] [260] <0.00 -129.76 -14.97> result: 90.00 119.53 -50.51 0.00 80.05 0.00
[12:54:28.721] [ARM-RX] [261] <0.00 -129.80 -14.98> result: 90.00 119.54 -50.50 0.00 80.04 0.00
[12:54:28.722] [ARM-RX] [262] <0.00 -129.84 -1
[12:54:28.744] [ARM-RX] 4.98> result: 90.00 119.55 -50.49 0.00 80.03 0.00
[12:54:28.744] [ARM-RX] [263] <0.00 -129.87 -14.99> result: 90.00 119.55 -50.48 0.00 80.03 0.00
[12:54:28.744] [ARM-RX] [264] <0.00 -129.90 -14.99> result: 90.00 119.56 -50.47 0.00 80.02 0.00
[12:54:28.745] [ARM-RX] [265] <0.00 -129.92 -14.99> result: 90.00 119.56 -50.46 0.0
[12:54:28.767] [ARM-RX] 0 80.02 0.00
[12:54:28.767] [ARM-RX] [266] <0.00 -129.94 -14.99> result: 90.00 119.57 -50.45 0.00 80.02 0.00
[12:54:28.767] [ARM-RX] [267] <0.00 -129.96 -15.00> result: 90.00 119.57 -50.45 0.00 80.02 0.00
[12:54:28.768] [ARM-RX] [268] <0.00 -129.97 -15.00> result: 90.00 119.57 -50.44 0.00 80.01 0.00
[12:54:28.768] [ARM-RX] [269] <0.00 -129.98 -15
[12:54:28.790] [ARM-RX] .00> result: 90.00 119.57 -50.44 0.00 80.01 0.00
[12:54:28.791] [ARM-RX] [270] <0.00 -129.99 -15.00> result: 90.00 119.57 -50.44 0.00 80.01 0.00
[12:54:28.791] [ARM-RX] [271] <0.00 -129.99 -15.00> result: 90.00 119.58 -50.44 0.00 80.01 0.00
[12:54:28.791] [ARM-RX] [272] <0.00 -130.00 -15.00> result: 90.00 119.58 -50.43 0.00
[12:54:28.812] [ARM-RX] 80.01 0.00
[12:54:28.813] [ARM-RX] [273] <0.00 -130.00 -15.00> result: 90.00 119.58 -50.43 0.00 80.01 0.00
[12:54:28.813] [ARM-RX] [274] <0.00 -130.00 -15.00> result: 90.00 119.58 -50.43 0.00 80.01 0.00
[12:54:28.813] [ARM-RX] [275] <0.00 -130.00 -15.00> result: 90.00 119.58 -50.43 0.00 80.01 0.00
[12:54:28.813] [ARM-RX] [276] <0.00 -130.00 -15.
[12:54:28.868] [ARM-RX] 00> result: 90.00 119.58 -50.43 0.00 80.01 0.00
[12:54:29.368] [ARM-RX] [JETSON_UART] rx_bytes=32152 frames_ok=2621 crc_fail=0 overflow=0 tx_ok=116 tx_start_fail=0 tx_timeout=0 last_type=0x01 last_seq=122
[12:54:30.358] [ARM-RX] [JETSON_UART] rx_bytes=32224 frames_ok=2627 crc_fail=0 overflow=0 tx_ok=116 tx_start_fail=0 tx_timeout=0 last_type=0x01 last_seq=128
[12:54:31.350] [ARM-RX] [JETSON_UART] rx_bytes=32296 frames_ok=2633 crc_fail=0 overflow=0 tx_ok=116 tx_start_fail=0 tx_timeout=0 last_type=0x01 last_seq=134
[12:54:31.724] [ARM-RX] [joint 1] ave_error:0.12
[12:54:31.724] [ARM-RX] [joint 2] ave_error:1.85
[12:54:31.724] [ARM-RX] [joint 3] ave_error:2.07
[12:54:31.725] [ARM-RX] [joint 4] ave_error:0.00
[12:54:31.725] [ARM-RX] [joint 5] ave_error:0.69
[12:54:31.725] [ARM-RX] robot pid run finished!!
[12:54:31.786] [ARM-RX] [joint_id: 0] ROBOT_JOINT_ABS_ROTATE 115.000000
[12:54:32.408] [ARM-RX] [JETSON_UART] rx_bytes=32368 frames_ok=2639 crc_fail=0 overflow=0 tx_ok=116 tx_start_fail=0 tx_timeout=0 last_type=0x01 last_seq=140
[12:54:33.090] [ARM-RX] [joint_id: 3] ROBOT_JOINT_ABS_ROTATE 35.000000
[12:54:33.403] [ARM-RX] [JETSON_UART] rx_bytes=32440 frames_ok=2645 crc_fail=0 overflow=0 tx_ok=116 tx_start_fail=0 tx_timeout=0 last_type=0x01 last_seq=146
[12:54:34.398] [ARM-RX] [JETSON_UART] rx_bytes=32512 frames_ok=2651 crc_fail=0 overflow=0 tx_ok=116 tx_start_fail=0 tx_timeout=0 last_type=0x01 last_seq=152
[12:54:34.648] [ARM-RX] [joint_id: 4] ROBOT_JOINT_ABS_ROTATE 80.000000
[12:54:34.774] [ARM-RX] [WORKFLOW] CAPTURE_HOME -> SELECTED_VIEW
[12:54:35.393] [ARM-RX] [JETSON_UART] rx_bytes=32596 frames_ok=2658 crc_fail=0 overflow=0 tx_ok=117 tx_start_fail=0 tx_timeout=0 last_type=0x01 last_seq=159
[12:54:36.388] [ARM-RX] [JETSON_UART] rx_bytes=32668 frames_ok=2664 crc_fail=0 overflow=0 tx_ok=117 tx_start_fail=0 tx_timeout=0 last_type=0x01 last_seq=165
[12:54:37.384] [ARM-RX] [JETSON_UART] rx_bytes=32740 frames_ok=2670 crc_fail=0 overflow=0 tx_ok=117 tx_start_fail=0 tx_timeout=0 last_type=0x01 last_seq=171
[12:54:38.378] [ARM-RX] [JETSON_UART] rx_bytes=32812 frames_ok=2676 crc_fail=0 overflow=0 tx_ok=117 tx_start_fail=0 tx_timeout=0 last_type=0x01
[12:54:38.441] [ARM-RX] last_seq=177
[12:54:39.436] [ARM-RX] [JETSON_UART] rx_bytes=32884 frames_ok=2682 crc_fail=0 overflow=0 tx_ok=117 tx_start_fail=0 tx_timeout=0 last_type=0x01 last_seq=183
[12:54:40.433] [ARM-RX] [JETSON_UART] rx_bytes=32968 frames_ok=2689 crc_fail=0 overflow=0 tx_ok=117 tx_start_fail=0 tx_timeout=0 last_type=0x01 last_seq=190
[12:54:41.426] [ARM-RX] [JETSON_UART] rx_bytes=33040 frames_ok=2695 crc_fail=0 overflow=0 tx_ok=117 tx_start_fail=0 tx_timeout=0 last_type=0x01 last_seq=196
[12:54:42.171] [ARM-RX] [JETSON_RX] target_ctrl=1
[12:54:42.171] [ARM-RX] [TARGET] HOLD -> WAIT_DETECT
[12:54:42.171] [ARM-RX] [WORKFLOW] SELECTED_VIEW -> TARGET_ACTIVE
[12:54:42.233] [ARM-RX] [JETSON_RX] vision seq=203 valid=0 dcx=0 dcy=0
[12:54:42.412] [ARM-RX] [JETSON_RX] vision seq=205 valid=1 dcx=2 dcy=-6
[12:54:42.412] [ARM-RX] [TARGET] vision state=WAIT_DETECT dcx=2 dcy=-6 stable=0
[12:54:42.412] [ARM-RX] ROBOT_VISUAL_SERVO_EVENT
[12:54:42.412] [ARM-RX] robot visual servo start
[12:54:42.413] [ARM-RX] [TARGET] WAIT_DETECT -> ALIGN
[12:54:42.413] [ARM-RX] [JETSON_UART] rx_bytes=33147 frames_ok=2704 crc_fail=0 overflow=0 tx
[12:54:42.465] [ARM-RX] _ok=121 tx_start_fail=0 tx_timeout=0 last_type=0x03 last_seq=205
[12:54:42.589] [ARM-RX] [JETSON_RX] vision seq=207 valid=1 dcx=2 dcy=-6
[12:54:42.589] [ARM-RX] [TARGET] vision state=ALIGN dcx=2 dcy=-6 stable=0
[12:54:42.713] [ARM-RX] [JETSON_RX] vision seq=209 valid=1 dcx=2 dcy=-6
[12:54:42.775] [ARM-RX] [TARGET] vision state=ALIGN dcx=2 dcy=-6 stable=1
[12:54:42.899] [ARM-RX] [JETSON_RX] vision seq=211 valid=1 dcx=1 dcy=-5
[12:54:42.899] [ARM-RX] [TARGET] vision state=ALIGN dcx=1 dcy=-5 stable=2
[12:54:42.899] [ARM-RX] [TARGET] ALIGN -> CONFIRM
[12:54:43.085] [ARM-RX] [JETSON_RX] vision seq=213 valid=1 dcx=-11 dcy=-3
[12:54:43.085] [ARM-RX] [TARGET] vision state=CONFIRM dcx=-11 dcy=-3 stable=0
[12:54:43.334] [ARM-RX] [JETSON_RX] vision seq=215 valid=0 dcx=0 dcy=0
[12:54:43.334] [ARM-RX] [TARGET] CONFIRM -> WAIT_DETECT
[12:54:43.334] [ARM-RX] robot visual servo stopped
[12:54:43.453] [ARM-RX] [JETSON_UART] rx_bytes=33284 frames_ok=2715 crc_fail=0 overflow=0 tx_ok=122 tx_start_fail=0 tx_timeout=0 last_type=0x01 last_seq=216
[12:54:43.453] [ARM-RX] [JETSON_RX] vision seq=217 valid=1 dcx=18 dcy=7
[12:54:43.454] [ARM-RX] [TARGET] vision state=WAIT_DETECT dcx=18 dcy=7 stable=0
[12:54:43.454] [ARM-RX] ROBOT_VISUAL_SER
[12:54:43.506] [ARM-RX] VO_EVENT
[12:54:43.506] [ARM-RX] robot visual servo start
[12:54:43.506] [ARM-RX] [TARGET] WAIT_DETECT -> ALIGN
[12:54:43.629] [ARM-RX] [JETSON_RX] vision seq=219 valid=1 dcx=-15 dcy=9
[12:54:43.629] [ARM-RX] [TARGET] vision state=ALIGN dcx=-15 dcy=9 stable=0
[12:54:43.630] [ARM-RX] [TARGET] visual servo vx=-0.50 vz=-0.50 dcx=-15 dcy=9
[12:54:43.816] [ARM-RX] [JETSON_RX] vision seq=221 valid=1 dcx=-33 dcy=8
[12:54:43.816] [ARM-RX] [TARGET] vision state=ALIGN dcx=-33 dcy=8 stable=0
[12:54:43.816] [ARM-RX] [TARGET] visual servo vx=-2.00 vz=-0.72 dcx=-33 dcy=8
[12:54:43.939] [ARM-RX] [JETSON_RX] vision seq=223 valid=1 dcx=-32 dcy=9
[12:54:43.939] [ARM-RX] [TARGET] vision state=ALIGN dcx=-32 dcy=9 stable=0
[12:54:44.001] [ARM-RX] [TARGET] visual servo vx=-2.00 vz=-0.81 dcx=-32 dcy=9
[12:54:44.124] [ARM-RX] [JETSON_RX] vision seq=225 valid=1 dcx=-18 dcy=8
[12:54:44.124] [ARM-RX] [TARGET] vision state=ALIGN dcx=-18 dcy=8 stable=0
[12:54:44.124] [ARM-RX] [TARGET] visual servo vx=-0.50 vz=-0.50 dcx=-18 dcy=8
[12:54:44.310] [ARM-RX] [JETSON_RX] vision seq=227 valid=1 dcx=-29 dcy=9
[12:54:44.310] [ARM-RX] [TARGET] vision state=ALIGN dcx=-29 dcy=9 stable=0
[12:54:44.315] [ARM-RX] [TARGET] visual servo vx=-0.50 vz=-0.50 dcx=-29 dcy=9
[12:54:44.435] [ARM-RX] [JETSON_UART] rx_bytes=33434 frames_ok=2727 crc_fail=0 overflow=0 tx_ok=123 tx_start_fail=0 tx_timeout=0 last_type=0x01 last_seq=228
[12:54:44.622] [ARM-RX] [JETSON_RX] vision seq=230 valid=0 dcx=0 dcy=0
[12:54:44.622] [ARM-RX] [TARGET] ALIGN -> WAIT_DETECT
[12:54:44.622] [ARM-RX] robot visual servo stopped
[12:54:45.056] [ARM-RX] [JETSON_RX] vision seq=234 valid=0 dcx=0 dcy=0
[12:54:45.178] [ARM-RX] [JETSON_RX] vision seq=236 valid=0 dcx=0 dcy=0
[12:54:45.427] [ARM-RX] [JETSON_UART] rx_bytes=33545 frames_ok=2736 crc_fail=0 overflow=0 tx_ok=124 tx_start_fail=0 tx_timeout=0 last_type=0x01
[12:54:45.490] [ARM-RX] last_seq=237
[12:54:45.677] [ARM-RX] [JETSON_RX] vision seq=240 valid=0 dcx=0 dcy=0
[12:54:45.927] [ARM-RX] [JETSON_RX] vision seq=242 valid=0 dcx=0 dcy=0
[12:54:46.114] [ARM-RX] [JETSON_RX] vision seq=244 valid=0 dcx=0 dcy=0
[12:54:46.239] [ARM-RX] [JETSON_RX] vision seq=246 valid=0 dcx=0 dcy=0
[12:54:46.428] [ARM-RX] [JETSON_RX] vision seq=248 valid=0 dcx=0 dcy=0
[12:54:46.491] [ARM-RX] [JETSON_UART] rx_bytes=33682 frames_ok=2747 crc_fail=0 overflow=0 tx_ok=124 tx_start_fail=0 tx_timeout=0 last_type=0x03 last_seq=248
[12:54:46.614] [ARM-RX] [JETSON_RX] vision seq=250 valid=0 dcx=0 dcy=0
[12:54:46.738] [ARM-RX] [JETSON_RX] vision seq=252 valid=0 dcx=0 dcy=0
[12:54:46.925] [ARM-RX] [JETSON_RX] vision seq=254 valid=0 dcx=0 dcy=0
[12:54:47.048] [ARM-RX] [JETSON_RX] vision seq=1 valid=0 dcx=0 dcy=0
[12:54:47.236] [ARM-RX] [JETSON_RX] vision seq=3 valid=0 dcx=0 dcy=0
[12:54:47.421] [ARM-RX] [JETSON_RX] vision seq=5 valid=0 dcx=0 dcy=0
[12:54:47.484] [ARM-RX] [JETSON_UART] rx_bytes=33844 frames_ok=2760 crc_fail=0 overflow=0 tx_ok=124 tx_start_fail=0 tx_timeout=0 last_type=0x01 last_seq=6
[12:54:47.546] [ARM-RX] [JETSON_RX] vision seq=7 valid=0 dcx=0 dcy=0
[12:54:47.858] [ARM-RX] [JETSON_RX] vision seq=10 valid=0 dcx=0 dcy=0
[12:54:48.044] [ARM-RX] [JETSON_RX] vision seq=12 valid=0 dcx=0 dcy=0
[12:54:48.168] [ARM-RX] [JETSON_RX] vision seq=14 valid=0 dcx=0 dcy=0
[12:54:48.355] [ARM-RX] [JETSON_RX] vision seq=16 valid=0 dcx=0 dcy=0
[12:54:48.480] [ARM-RX] [JETSON_UART] rx_bytes=33981 frames_ok=2771 crc_fail=0 overflow=0 tx_ok=124 tx_start_fail=0 tx_timeout=0 last_type=0x01 last_seq=17
[12:54:48.542] [ARM-RX] [JETSON_RX] vision seq=18 valid=0 dcx=0 dcy=0
[12:54:48.728] [ARM-RX] [JETSON_RX] vision seq=20 valid=0 dcx=0 dcy=0
[12:54:48.978] [ARM-RX] [JETSON_RX] vision seq=23 valid=0 dcx=0 dcy=0
[12:54:49.102] [ARM-RX] [JETSON_RX] vision seq=25 valid=0 dcx=0 dcy=0
[12:54:49.288] [ARM-RX] [JETSON_RX] vision seq=27 valid=0 dcx=0 dcy=0
[12:54:49.477] [ARM-RX] [JETSON_RX] vision seq=29 valid=0 dcx=0 dcy=0
[12:54:49.477] [ARM-RX] [JETSON_UART] rx_bytes=34131 frames_ok=2783 crc_fail=0 overflow=0 tx_ok=124 tx_start_fail=0 tx_timeout=0 last_type=0x03 last_seq=29
[12:54:49.661] [ARM-RX] [JETSON_RX] vision seq=31 valid=0 dcx=0 dcy=0
[12:54:49.783] [ARM-RX] [JETSON_RX] vision seq=33 valid=0 dcx=0 dcy=0
[12:54:49.970] [ARM-RX] [JETSON_RX] vision seq=35 valid=0 dcx=0 dcy=0
[12:54:50.156] [ARM-RX] [JETSON_RX] vision seq=37 valid=0 dcx=0 dcy=0
[12:54:50.339] [ARM-RX] [JETSON_RX] vision seq=39 valid=0 dcx=0 dcy=0
[12:54:50.463] [ARM-RX] [JETSON_UART] rx_bytes=34268 frames_ok=2794 crc_fail=0 overflow=0 tx_ok=124 tx_start_fail=0 tx_timeout=0 last_type=0x01 last_seq=40
[12:54:50.525] [ARM-RX] [JETSON_RX] vision seq=41 valid=0 dcx=0 dcy=0
[12:54:50.774] [ARM-RX] [JETSON_RX] vision seq=44 valid=0 dcx=0 dcy=0
[12:54:50.961] [ARM-RX] [JETSON_RX] vision seq=46 valid=0 dcx=0 dcy=0
[12:54:51.147] [ARM-RX] [JETSON_RX] vision seq=48 valid=0 dcx=0 dcy=0
[12:54:51.394] [ARM-RX] [JETSON_RX] vision seq=50 valid=0 dcx=0 dcy=0
[12:54:51.517] [ARM-RX] [JETSON_UART] rx_bytes=34405 frames_ok=2805 crc_fail=0 overflow=0 tx_ok=124 tx_start_fail=0 tx_timeout=0 last_type=0x01 last_seq=51
[12:54:51.517] [ARM-RX] [JETSON_RX] vision seq=52 valid=0 dcx=0 dcy=0
[12:54:51.703] [ARM-RX] [JETSON_RX] vision seq=54 valid=0 dcx=0 dcy=0
[12:54:51.890] [ARM-RX] [JETSON_RX] vision seq=56 valid=0 dcx=0 dcy=0
[12:54:52.015] [ARM-RX] [JETSON_RX] vision seq=58 valid=0 dcx=0 dcy=0
[12:54:52.448] [ARM-RX] [JETSON_RX] vision seq=62 valid=0 dcx=0 dcy=0
[12:54:52.510] [ARM-RX] [JETSON_UART] rx_bytes=34542 frames_ok=2816 crc_fail=0 overflow=0 tx_ok=124 tx_start_fail=0 tx_timeout=0 last_type=0x03 last_seq=62
[12:54:52.635] [ARM-RX] [JETSON_RX] vision seq=64 valid=0 dcx=0 dcy=0
[12:54:52.760] [ARM-RX] [JETSON_RX] vision seq=66 valid=0 dcx=0 dcy=0
[12:54:53.010] [ARM-RX] [JETSON_RX] vision seq=68 valid=0 dcx=0 dcy=0
[12:54:53.136] [ARM-RX] [JETSON_RX] vision seq=70 valid=0 dcx=0 dcy=0
[12:54:53.322] [ARM-RX] [JETSON_RX] vision seq=72 valid=0 dcx=0 dcy=0
[12:54:53.508] [ARM-RX] [JETSON_RX] vision seq=74 valid=0 dcx=0 dcy=0
[12:54:53.508] [ARM-RX] [JETSON_UART] rx_bytes=34692 frames_ok=2828 crc_fail=0 overflow=0 tx_ok=124 tx_start_fail=0 tx_timeout=0 last_type=0x03 last_seq=74
[12:54:53.632] [ARM-RX] [JETSON_RX] vision seq=76 valid=0 dcx=0 dcy=0
[12:54:54.066] [ARM-RX] [JETSON_RX] vision seq=80 valid=0 dcx=0 dcy=0
[12:54:54.190] [ARM-RX] [JETSON_RX] vision seq=82 valid=0 dcx=0 dcy=0
[12:54:54.376] [ARM-RX] [JETSON_RX] vision seq=84 valid=0 dcx=0 dcy=0
[12:54:54.501] [ARM-RX] [JETSON_UART] rx_bytes=34828 frames_ok=2839 crc_fail=0 overflow=0 tx_ok=124 tx_start_fail=0 tx_timeout=0 last_type=0x01 last_seq=85
[12:54:54.874] [ARM-RX] [JETSON_RX] vision seq=88 valid=0 dcx=0 dcy=0
[12:54:55.000] [ARM-RX] [JETSON_RX] vision seq=90 valid=0 dcx=0 dcy=0
[12:54:55.186] [ARM-RX] [JETSON_RX] vision seq=92 valid=0 dcx=0 dcy=0
[12:54:55.372] [ARM-RX] [JETSON_RX] vision seq=94 valid=0 dcx=0 dcy=0
[12:54:55.496] [ARM-RX] [JETSON_UART] rx_bytes=34952 frames_ok=2849 crc_fail=0 overflow=0 tx_ok=124 tx_start_fail=0 tx_timeout=0 last_type=0x01 last_seq=95
[12:54:55.500] [ARM-RX] [JETSON_RX] vision seq=96 valid=0 dcx=0 dcy=0
[12:54:55.684] [ARM-RX] [JETSON_RX] vision seq=98 valid=0 dcx=0 dcy=0
[12:54:55.809] [ARM-RX] [JETSON_RX] vision seq=100 valid=0 dcx=0 dcy=0
[12:54:55.995] [ARM-RX] [JETSON_RX] vision seq=102 valid=0 dcx=0 dcy=0
[12:54:56.243] [ARM-RX] [JETSON_RX] vision seq=104 valid=0 dcx=0 dcy=0
[12:54:56.430] [ARM-RX] [JETSON_RX] vision seq=106 valid=0 dcx=0 dcy=0
[12:54:56.492] [ARM-RX] [JETSON_UART] rx_bytes=35102 frames_ok=2861 crc_fail=0 overflow=0 tx_ok=124 tx_start_fail=0 tx_timeout=0 last_type=0x01 last_seq=107
[12:54:56.741] [ARM-RX] [JETSON_RX] vision seq=109 valid=0 dcx=0 dcy=0
[12:54:56.925] [ARM-RX] [JETSON_RX] vision seq=111 valid=0 dcx=0 dcy=0
[12:54:57.235] [ARM-RX] [JETSON_RX] vision seq=114 valid=0 dcx=0 dcy=0
[12:54:57.361] [ARM-RX] [JETSON_RX] vision seq=116 valid=0 dcx=0 dcy=0
[12:54:57.548] [ARM-RX] [JETSON_UART] rx_bytes=35226 frames_ok=2871 crc_fail=0 overflow=0 tx_ok=124 tx_start_fail=0 tx_timeout=0 last_type=0x01 last_seq=117
[12:54:57.548] [ARM-RX] [JETSON_RX] vision seq=118 valid=0 dcx=0 dcy=0
[12:54:57.856] [ARM-RX] [JETSON_RX] vision seq=121 valid=0 dcx=0 dcy=0
[12:54:58.042] [ARM-RX] [JETSON_RX] vision seq=123 valid=0 dcx=0 dcy=0
[12:54:58.166] [ARM-RX] [JETSON_RX] vision seq=125 valid=0 dcx=0 dcy=0
[12:54:58.416] [ARM-RX] [JETSON_RX] vision seq=128 valid=0 dcx=0 dcy=0
[12:54:58.541] [ARM-RX] [JETSON_UART] rx_bytes=35363 frames_ok=2882 crc_fail=0 overflow=0 tx_ok=124 tx_start_fail=0 tx_timeout=0 last_type=0x03 last_seq=128
[12:54:58.727] [ARM-RX] [JETSON_RX] vision seq=130 valid=0 dcx=0 dcy=0
[12:54:59.100] [ARM-RX] [JETSON_RX] vision seq=134 valid=0 dcx=0 dcy=0
[12:54:59.100] [ARM-RX] [JETSON_RX] workflow_ctrl seq=135 action=3
[12:54:59.101] [ARM-RX] [TARGET] WAIT_DETECT -> HOLD
[12:54:59.101] [ARM-RX] [WORKFLOW] TARGET_ACTIVE -> ABORT_HOLD
[12:54:59.537] [ARM-RX] [JETSON_UART] rx_bytes=35446 frames_ok=2889 crc_fail=0 overflow=0 tx_ok=126 tx_start_fail=0 tx_timeout=0 last_type=0x06 last_seq=135
[12:55:00.528] [ARM-RX] [JETSON_UART] rx_bytes=35446 frames_ok=2889 crc_fail=0 overflow=0 tx_ok=126 tx_start_fail=0 tx_timeout=0 last_type=0x06 last_seq=135
[12:55:01.523] [ARM-RX] [JETSON_UART] rx_bytes=35446 frames_ok=2889 crc_fail=0 overflow=0 tx_ok=126 tx_start_fail=0 tx_timeout=0 last_type=0x06 last_seq=135
[12:55:02.515] [ARM-RX] [JETSON_UART] rx_bytes=35446 frames_ok=2889 crc_fail=0 overflow=0 tx_ok=126 tx_start_fail=0 tx_timeout=0 last_type=0x06 last_seq=135
[12:55:03.506] [ARM-RX] [JETSON_UART] rx_bytes=35446 frames_ok=2889 crc_fail=0 overflow=0 tx_ok=126 tx_start_fail=0 tx_timeout=0 last_type=0x06 last_seq=135
[12:55:04.502] [ARM-RX] [JETSON_UART] rx_bytes=35446 frames_ok=2889 crc_fail=0 overflow=0 tx_ok=126 tx_start_fail=0 tx_timeout=0 last_type=0x06
[12:55:04.565] [ARM-RX] last_seq=135
[12:55:05.560] [ARM-RX] [JETSON_UART] rx_bytes=35446 frames_ok=2889 crc_fail=0 overflow=0 tx_ok=126 tx_start_fail=0 tx_timeout=0 last_type=0x06 last_seq=135
[12:55:06.560] [ARM-RX] [JETSON_UART] rx_bytes=35446 frames_ok=2889 crc_fail=0 overflow=0 tx_ok=126 tx_start_fail=0 tx_timeout=0 last_type=0x06 last_seq=135
[12:55:07.553] [ARM-RX] [JETSON_UART] rx_bytes=35446 frames_ok=2889 crc_fail=0 overflow=0 tx_ok=126 tx_start_fail=0 tx_timeout=0 last_type=0x06 last_seq=135
[12:55:07.838] [ARM-INFO] 已关闭串口
[13:57:56.367] [JETSON-INFO] 已停止周期视觉发送
[13:57:56.368] [JETSON-INFO] heartbeat stopped
[13:57:56.368] [JETSON-INFO] safe distance stopped
