[15:30:26.957] [APP-INFO] 已刷新串口: COM7, COM16, COM22, COM21, COM14
[15:30:26.957] [APP-INFO] log file: E:\Renesas\RA6M5-Robot\Robot_FreeRTOS - Arm\UpperComputer\dist\logs\ra6m5_upper_console_20260705_153026.log
[15:56:38.271] [ARM-INFO] opened COM7 @ 115200
[15:56:38.742] [JETSON-INFO] opened COM14 @ 115200
[15:56:44.898] [APP-INFO] 左视图 拍摄配方已从头开始
[15:56:51.228] [APP-INFO] 左视图 第 1/4 条: soft_reset
[15:56:51.231] [ARM-TX] 发送命令 soft_reset: soft_reset
[15:56:51.317] [ARM-RX] Found handler for 'soft_reset', executing...
[15:56:51.317] [ARM-RX] ROBOT_SOFT_RESET_EVENT
[15:56:51.317] [ARM-RX] --- Starting soft reset ---
[15:56:51.504] [ARM-RX] Soft reset motors enabled (J1~J5, J6 skipped).
[15:56:51.504] [ARM-RX] Soft resetting joint 4...
[15:56:51.565] [ARM-RX] robot_update_current_angle 4...
[15:56:51.565] [ARM-RX] [4] current:90.00, target:90.00, dir:-1
[15:56:51.692] [ARM-RX] Soft resetting joint 3...
[15:56:51.692] [ARM-RX] robot_update_current_angle 3...
[15:56:51.692] [ARM-RX] [3] current:-0.00, target:0.00, dir:1
[15:56:51.817] [ARM-RX] Soft resetting joint 1...
[15:56:51.817] [ARM-RX] robot_update_current_angle 1...
[15:56:51.817] [ARM-RX] [1] current:90.00, target:90.00, dir:-1
[15:56:51.941] [ARM-RX] Soft resetting joint 2...
[15:56:51.941] [ARM-RX] robot_update_current_angle 2...
[15:56:51.941] [ARM-RX] [2] current:-90.00, target:-90.00, dir:-1
[15:56:52.065] [ARM-RX] Soft resetting joint 0...
[15:56:52.127] [ARM-RX] robot_update_current_angle 0...
[15:56:52.127] [ARM-RX] [0] current:90.00, target:90.00, dir:1
[15:56:52.316] [ARM-RX] soft reset final verify PASS (issues:0), pose set HOME.
[15:56:55.239] [APP-INFO] 左视图 第 2/4 条: auto 45 -130 -15
[15:56:55.240] [ARM-TX] 发送命令 auto 45 -130 -15: auto 45 -130 -15
[15:56:55.365] [ARM-RX] Found handler for 'auto', executing...
[15:56:55.365] [ARM-RX] ROBOT_AUTO_EVENT
[15:56:55.365] [ARM-RX] [0] <0.00 0.00 0.00> result: 90.00 90.00 -90.00 0.00 90.00 0.00
[15:56:55.379] [ARM-RX] [1] <0.00 -0.00 -0.00> result: 90.00 90.00 -90.00 -0.00 90.00 0.00
[15:56:55.379] [ARM-RX] [2] <0.00 -0.00 -0.00> result: 90.00 90.00 -90.00 -0.00 90.00 0.00
[15:56:55.380] [ARM-RX] [3] <0.00 -0.00 -0.00> result: 90.00 90.00 -90.00 -0.00 90.00 0.00
[15:56:55.380] [ARM-RX] [4] <0.00 -0.01 -0.00> result: 90.00 90.00 -90.00 -
[15:56:55.399] [ARM-RX] 0.00 90.00 0.00
[15:56:55.399] [ARM-RX] [5] <0.01 -0.02 -0.00> result: 90.01 90.01 -89.99 -0.01 90.00 0.00
[15:56:55.399] [ARM-RX] [6] <0.01 -0.03 -0.00> result: 90.01 90.01 -89.99 -0.01 90.00 0.00
[15:56:55.399] [ARM-RX] [7] <0.02 -0.05 -0.01> result: 90.02 90.02 -89.99 -0.02 90.01 0.00
[15:56:55.399] [ARM-RX] [8] <0.02 -0.07 -0.01> result: 90.0
[15:56:55.433] [ARM-RX] 3 90.03 -89.98 -0.03 90.01 0.00
[15:56:55.433] [ARM-RX] [9] <0.03 -0.09 -0.01> result: 90.04 90.04 -89.97 -0.04 90.01 0.00
[15:56:55.433] [ARM-RX] [10] <0.04 -0.13 -0.01> result: 90.05 90.05 -89.96 -0.05 90.02 0.00
[15:56:55.433] [ARM-RX] [11] <0.06 -0.17 -0.02> result: 90.07 90.07 -89.95 -0.07 90.02 0.00
[15:56:55.434] [ARM-RX] [12] <0.07 -0.21
[15:56:55.444] [ARM-RX] -0.02> result: 90.09 90.09 -89.94 -0.09 90.03 0.00
[15:56:55.445] [ARM-RX] [13] <0.09 -0.27 -0.03> result: 90.11 90.11 -89.93 -0.11 90.04 0.00
[15:56:55.445] [ARM-RX] [14] <0.12 -0.33 -0.04> result: 90.14 90.14 -89.91 -0.14 90.05 0.00
[15:56:55.457] [ARM-RX] [15] <0.14 -0.41 -0.05> result: 90.17 90.17 -89.89 -0.17 90.06 0.0
[15:56:55.485] [ARM-RX] 0
[15:56:55.486] [ARM-RX] [16] <0.17 -0.49 -0.06> result: 90.20 90.20 -89.86 -0.20 90.07 0.00
[15:56:55.486] [ARM-RX] [17] <0.20 -0.59 -0.07> result: 90.24 90.24 -89.84 -0.24 90.08 0.00
[15:56:55.486] [ARM-RX] [18] <0.24 -0.69 -0.08> result: 90.28 90.28 -89.81 -0.28 90.09 0.00
[15:56:55.486] [ARM-RX] [19] <0.28 -0.81 -0.09> result: 90.33 90.33 -8
[15:56:55.490] [ARM-RX] 9.78 -0.33 90.11 0.00
[15:56:55.490] [ARM-RX] [20] <0.33 -0.94 -0.11> result: 90.38 90.39 -89.74 -0.38 90.13 0.00
[15:56:55.490] [ARM-RX] [21] <0.37 -1.08 -0.12> result: 90.44 90.44 -89.70 -0.44 90.14 0.00
[15:56:55.490] [ARM-RX] [22] <0.43 -1.24 -0.14> result: 90.50 90.51 -89.66 -0.50 90.16 0.00
[15:56:55.491] [ARM-RX] [23] <0.49 -1.41 -0.16> re
[15:56:55.516] [ARM-RX] sult: 90.57 90.58 -89.61 -0.57 90.18 0.00
[15:56:55.516] [ARM-RX] [24] <0.55 -1.60 -0.18> result: 90.64 90.65 -89.56 -0.64 90.21 0.00
[15:56:55.516] [ARM-RX] [25] <0.62 -1.80 -0.21> result: 90.72 90.73 -89.50 -0.72 90.23 0.00
[15:56:55.516] [ARM-RX] [26] <0.70 -2.01 -0.23> result: 90.80 90.82 -89.44 -0.80 90.26 0.00
[15:56:55.517] [ARM-RX] [27] <
[15:56:55.550] [ARM-RX] 0.78 -2.25 -0.26> result: 90.89 90.91 -89.38 -0.89 90.28 0.00
[15:56:55.550] [ARM-RX] [28] <0.86 -2.50 -0.29> result: 90.99 91.01 -89.31 -0.99 90.31 0.00
[15:56:55.550] [ARM-RX] [29] <0.96 -2.77 -0.32> result: 91.09 91.11 -89.23 -1.09 90.34 0.00
[15:56:55.550] [ARM-RX] [30] <1.06 -3.05 -0.35> result: 91.19 91.22 -89.15 -1.1
[15:56:55.594] [ARM-RX] 9 90.37 0.00
[15:56:55.594] [ARM-RX] [31] <1.16 -3.36 -0.39> result: 91.31 91.34 -89.07 -1.31 90.41 0.00
[15:56:55.594] [ARM-RX] [32] <1.27 -3.68 -0.42> result: 91.42 91.46 -88.98 -1.42 90.44 0.00
[15:56:55.596] [ARM-RX] [33] <1.39 -4.02 -0.46> result: 91.54 91.59 -88.88 -1.54 90.47 0.00
[15:56:55.596] [ARM-RX] [34] <1.52 -4.38 -0.51> result: 91.
[15:56:55.596] [ARM-RX] 67 91.73 -88.78 -1.67 90.51 0.00
[15:56:55.597] [ARM-RX] [35] <1.65 -4.77 -0.55> result: 91.80 91.88 -88.67 -1.80 90.54 0.00
[15:56:55.597] [ARM-RX] [36] <1.79 -5.17 -0.60> result: 91.94 92.03 -88.55 -1.94 90.58 0.00
[15:56:55.597] [ARM-RX] [37] <1.94 -5.60 -0.65> result: 92.08 92.18 -88.43 -2.08 90.61 0.00
[15:56:55.597] [ARM-RX] [38] <2.09 -6.0
[15:56:55.618] [ARM-RX] 4 -0.70> result: 92.23 92.35 -88.31 -2.23 90.65 0.00
[15:56:55.619] [ARM-RX] [39] <2.25 -6.51 -0.75> result: 92.38 92.52 -88.17 -2.38 90.69 0.00
[15:56:55.619] [ARM-RX] [40] <2.42 -7.01 -0.81> result: 92.54 92.69 -88.03 -2.54 90.72 0.00
[15:56:55.619] [ARM-RX] [41] <2.60 -7.52 -0.87> result: 92.70 92.88 -87.88 -2.70 90.76 0
[15:56:55.653] [ARM-RX] .00
[15:56:55.654] [ARM-RX] [42] <2.79 -8.06 -0.93> result: 92.87 93.07 -87.73 -2.87 90.79 0.00
[15:56:55.654] [ARM-RX] [43] <2.98 -8.62 -0.99> result: 93.04 93.26 -87.57 -3.04 90.83 0.00
[15:56:55.654] [ARM-RX] [44] <3.19 -9.21 -1.06> result: 93.21 93.46 -87.40 -3.21 90.86 0.00
[15:56:55.654] [ARM-RX] [45] <3.40 -9.82 -1.13> result: 93.39 93.67
[15:56:55.663] [ARM-RX] -87.22 -3.39 90.89 0.00
[15:56:55.665] [ARM-RX] [46] <3.62 -10.45 -1.21> result: 93.56 93.89 -87.04 -3.56 90.92 0.00
[15:56:55.665] [ARM-RX] [47] <3.85 -11.11 -1.28> result: 93.75 94.11 -86.85 -3.75 90.95 0.00
[15:56:55.665] [ARM-RX] [48] <4.08 -11.80 -1.36> result: 93.93 94.33 -86.65 -3.93 90.98 0.00
[15:56:55.665] [ARM-RX] [49] <4.33 -12.51 -1.
[15:56:55.706] [ARM-RX] 44> result: 94.12 94.56 -86.44 -4.12 91.00 0.00
[15:56:55.706] [ARM-RX] [50] <4.58 -13.24 -1.53> result: 94.31 94.80 -86.23 -4.31 91.03 0.00
[15:56:55.706] [ARM-RX] [51] <4.85 -14.01 -1.62> result: 94.50 95.04 -86.01 -4.50 91.05 0.00
[15:56:55.706] [ARM-RX] [52] <5.12 -14.80 -1.71> result: 94.69 95.29 -85.77 -4.69 91.06 0.0
[15:56:55.710] [ARM-RX] 0
[15:56:55.711] [ARM-RX] [53] <5.40 -15.61 -1.80> result: 94.88 95.55 -85.53 -4.89 91.08 0.00
[15:56:55.711] [ARM-RX] [54] <5.70 -16.46 -1.90> result: 95.08 95.80 -85.29 -5.08 91.09 0.00
[15:56:55.711] [ARM-RX] [55] <6.00 -17.32 -2.00> result: 95.27 96.07 -85.03 -5.28 91.09 0.00
[15:56:55.711] [ARM-RX] [56] <6.31 -18.22 -2.10> result: 95.47 96.3
[15:56:55.744] [ARM-RX] 4 -84.76 -5.47 91.10 0.00
[15:56:55.744] [ARM-RX] [57] <6.63 -19.15 -2.21> result: 95.67 96.61 -84.49 -5.67 91.09 0.00
[15:56:55.746] [ARM-RX] [58] <6.96 -20.10 -2.32> result: 95.86 96.89 -84.21 -5.87 91.09 0.00
[15:56:55.746] [ARM-RX] [59] <7.30 -21.08 -2.43> result: 96.06 97.17 -83.91 -6.06 91.08 0.00
[15:56:55.746] [ARM-RX] [60] <7.64 -22.08 -
[15:56:55.768] [ARM-RX] 2.55> result: 96.26 97.46 -83.61 -6.26 91.06 0.00
[15:56:55.769] [ARM-RX] [61] <8.00 -23.12 -2.67> result: 96.45 97.75 -83.30 -6.45 91.04 0.00
[15:56:55.769] [ARM-RX] [62] <8.37 -24.18 -2.79> result: 96.65 98.04 -82.98 -6.65 91.02 0.00
[15:56:55.769] [ARM-RX] [63] <8.75 -25.27 -2.92> result: 96.84 98.34 -82.66 -6.84 90.99 0
[15:56:55.813] [ARM-RX] .00
[15:56:55.814] [ARM-RX] [64] <9.14 -26.39 -3.05> result: 97.04 98.64 -82.32 -7.04 90.95 0.00
[15:56:55.814] [ARM-RX] [65] <9.53 -27.54 -3.18> result: 97.23 98.95 -81.97 -7.23 90.91 0.00
[15:56:55.814] [ARM-RX] [66] <9.94 -28.71 -3.31> result: 97.42 99.26 -81.62 -7.42 90.87 0.00
[15:56:55.814] [ARM-RX] [67] <10.36 -29.92 -3.45> result: 97.61 9
[15:56:55.815] [ARM-RX] 9.57 -81.25 -7.61 90.82 0.00
[15:56:55.815] [ARM-RX] [68] <10.78 -31.15 -3.59> result: 97.79 99.89 -80.87 -7.79 90.76 0.00
[15:56:55.815] [ARM-RX] [69] <11.22 -32.41 -3.74> result: 97.98 100.21 -80.49 -7.98 90.70 0.00
[15:56:55.816] [ARM-RX] [70] <11.66 -33.70 -3.89> result: 98.16 100.54 -80.10 -8.16 90.63 0.00
[15:56:55.816] [ARM-RX] [71] <12.12
[15:56:55.839] [ARM-RX] -35.01 -4.04> result: 98.34 100.86 -79.69 -8.34 90.55 0.00
[15:56:55.839] [ARM-RX] [72] <12.59 -36.36 -4.20> result: 98.52 101.20 -79.28 -8.52 90.47 0.00
[15:56:55.840] [ARM-RX] [73] <13.06 -37.73 -4.35> result: 98.70 101.53 -78.86 -8.70 90.38 0.00
[15:56:55.840] [ARM-RX] [74] <13.55 -39.13 -4.52> result: 98.87 101.87 -78.
[15:56:55.860] [ARM-RX] 43 -8.87 90.29 0.00
[15:56:55.860] [ARM-RX] [75] <14.04 -40.56 -4.68> result: 99.05 102.21 -77.99 -9.05 90.19 0.00
[15:56:55.861] [ARM-RX] [76] <14.54 -42.01 -4.85> result: 99.21 102.55 -77.53 -9.21 90.08 0.00
[15:56:55.861] [ARM-RX] [77] <15.06 -43.50 -5.02> result: 99.38 102.90 -77.07 -9.38 89.97 0.00
[15:56:55.861] [ARM-RX] [78] <15.58 -45.01
[15:56:55.884] [ARM-RX] -5.19> result: 99.55 103.24 -76.60 -9.55 89.85 0.00
[15:56:55.884] [ARM-RX] [79] <16.11 -46.54 -5.37> result: 99.71 103.60 -76.13 -9.71 89.73 0.00
[15:56:55.885] [ARM-RX] [80] <16.65 -48.11 -5.55> result: 99.87 103.95 -75.64 -9.87 89.59 0.00
[15:56:55.885] [ARM-RX] [81] <17.20 -49.70 -5.73> result: 100.02 104.31 -75.14 -10.
[15:56:55.939] [ARM-RX] 02 89.45 0.00
[15:56:55.940] [ARM-RX] [82] <17.76 -51.32 -5.92> result: 100.18 104.67 -74.63 -10.18 89.31 0.00
[15:56:55.940] [ARM-RX] [83] <18.33 -52.96 -6.11> result: 100.33 105.03 -74.11 -10.33 89.16 0.00
[15:56:55.940] [ARM-RX] [84] <18.91 -54.63 -6.30> result: 100.48 105.40 -73.59 -10.48 89.00 0.00
[15:56:55.940] [ARM-RX] [85] <19.50 -56.32
[15:56:55.948] [ARM-RX] -6.50> result: 100.62 105.76 -73.05 -10.62 88.84 0.00
[15:56:55.948] [ARM-RX] [86] <20.09 -58.05 -6.70> result: 100.77 106.13 -72.51 -10.77 88.67 0.00
[15:56:55.948] [ARM-RX] [87] <20.70 -59.79 -6.90> result: 100.91 106.51 -71.95 -10.91 88.49 0.00
[15:56:55.948] [ARM-RX] [88] <21.31 -61.56 -7.10> result: 101.04 106.88 -71.3
[15:56:55.973] [ARM-RX] 9 -11.05 88.31 0.00
[15:56:55.973] [ARM-RX] [89] <21.93 -63.36 -7.31> result: 101.18 107.26 -70.82 -11.18 88.12 0.00
[15:56:55.973] [ARM-RX] [90] <22.56 -65.18 -7.52> result: 101.31 107.64 -70.24 -11.32 87.92 0.00
[15:56:55.973] [ARM-RX] [91] <23.20 -67.02 -7.73> result: 101.44 108.03 -69.65 -11.45 87.72 0.00
[15:56:55.973] [ARM-RX] [92] <23.85 -
[15:56:55.988] [ARM-RX] 68.89 -7.95> result: 101.57 108.41 -69.05 -11.58 87.51 0.00
[15:56:55.989] [ARM-RX] [93] <24.50 -70.78 -8.17> result: 101.69 108.80 -68.44 -11.70 87.30 0.00
[15:56:55.989] [ARM-RX] [94] <25.16 -72.69 -8.39> result: 101.81 109.19 -67.82 -11.83 87.08 0.00
[15:56:55.989] [ARM-RX] [95] <25.83 -74.63 -8.61> result: 101.93 109.59
[15:56:56.011] [ARM-RX] -67.19 -11.95 86.85 0.00
[15:56:56.012] [ARM-RX] [96] <26.51 -76.59 -8.84> result: 102.05 109.98 -66.56 -12.07 86.62 0.00
[15:56:56.012] [ARM-RX] [97] <27.20 -78.57 -9.07> result: 102.16 110.38 -65.92 -12.19 86.38 0.00
[15:56:56.012] [ARM-RX] [98] <27.89 -80.57 -9.30> result: 102.27 110.78 -65.27 -12.30 86.14 0.00
[15:56:56.012] [ARM-RX] [99] <2
[15:56:56.034] [ARM-RX] 8.59 -82.59 -9.53> result: 102.38 111.19 -64.60 -12.41 85.89 0.00
[15:56:56.034] [ARM-RX] [100] <29.30 -84.63 -9.77> result: 102.49 111.59 -63.94 -12.53 85.64 0.00
[15:56:56.034] [ARM-RX] [101] <30.01 -86.70 -10.00> result: 102.59 112.00 -63.26 -12.64 85.38 0.00
[15:56:56.035] [ARM-RX] [102] <30.73 -88.78 -10.24> result: 10
[15:56:56.081] [ARM-RX] 2.70 112.41 -62.57 -12.74 85.11 0.00
[15:56:56.082] [ARM-RX] [103] <31.46 -90.88 -10.49> result: 102.80 112.83 -61.88 -12.85 84.84 0.00
[15:56:56.082] [ARM-RX] [104] <32.19 -92.99 -10.73> result: 102.89 113.24 -61.18 -12.95 84.56 0.00
[15:56:56.082] [ARM-RX] [105] <32.93 -95.13 -10.98> result: 102.99 113.66 -60.47 -13.06 84
[15:56:56.083] [ARM-RX] .28 0.00
[15:56:56.083] [ARM-RX] [106] <33.68 -97.28 -11.23> result: 103.08 114.08 -59.75 -13.16 84.00 0.00
[15:56:56.083] [ARM-RX] [107] <34.43 -99.46 -11.48> result: 103.17 114.50 -59.03 -13.25 83.70 0.00
[15:56:56.084] [ARM-RX] [108] <35.18 -101.64 -11.73> result: 103.26 114.93 -58.30 -13.35 83.41 0.00
[15:56:56.084] [ARM-RX] [109] <35.95 -103
[15:56:56.116] [ARM-RX] .84 -11.98> result: 103.35 115.36 -57.56 -13.45 83.11 0.00
[15:56:56.117] [ARM-RX] [110] <36.71 -106.06 -12.24> result: 103.43 115.79 -56.81 -13.54 82.80 0.00
[15:56:56.117] [ARM-RX] [111] <37.49 -108.29 -12.50> result: 103.52 116.22 -56.05 -13.64 82.49 0.00
[15:56:56.117] [ARM-RX] [112] <38.26 -110.54 -12.75> result: 103.6
[15:56:56.138] [ARM-RX] 0 116.65 -55.29 -13.73 82.17 0.00
[15:56:56.138] [ARM-RX] [113] <39.05 -112.80 -13.02> result: 103.68 117.09 -54.52 -13.82 81.85 0.00
[15:56:56.138] [ARM-RX] [114] <39.83 -115.07 -13.28> result: 103.76 117.53 -53.75 -13.91 81.52 0.00
[15:56:56.139] [ARM-RX] [115] <40.62 -117.36 -13.54> result: 103.83 117.97 -52.96 -14.00 81
[15:56:56.164] [ARM-RX] .19 0.00
[15:56:56.164] [ARM-RX] [116] <41.42 -119.65 -13.81> result: 103.91 118.41 -52.17 -14.09 80.86 0.00
[15:56:56.164] [ARM-RX] [117] <42.22 -121.96 -14.07> result: 103.98 118.86 -51.37 -14.18 80.52 0.00
[15:56:56.164] [ARM-RX] [118] <43.02 -124.28 -14.34> result: 104.05 119.30 -50.57 -14.26 80.18 0.00
[15:56:56.164] [ARM-RX] [119] <43.83 -1
[15:56:56.213] [ARM-RX] 26.61 -14.61> result: 104.12 119.75 -49.76 -14.35 79.83 0.00
[15:56:56.214] [ARM-RX] [120] <44.63 -128.95 -14.88> result: 104.19 120.20 -48.94 -14.43 79.48 0.00
[15:56:56.214] [ARM-RX] [121] <45.00 -130.00 -15.00> result: 104.22 120.41 -48.57 -14.47 79.32 0.00
[15:56:56.214] [ARM-RX] [122] <45.00 -130.00 -15.00> result: 104
[15:56:56.215] [ARM-RX] .22 120.41 -48.57 -14.47 79.32 0.00
[15:56:56.215] [ARM-RX] [123] <45.00 -130.00 -15.00> result: 104.22 120.41 -48.57 -14.47 79.32 0.00
[15:56:56.215] [ARM-RX] [124] <45.00 -130.00 -15.00> result: 104.22 120.41 -48.57 -14.47 79.32 0.00
[15:56:56.215] [ARM-RX] [125] <45.00 -130.00 -15.00> result: 104.22 120.41 -48.57 -14.47
[15:56:56.230] [ARM-RX] 79.32 0.00
[15:56:56.230] [ARM-RX] [126] <45.00 -130.00 -15.00> result: 104.22 120.41 -48.57 -14.47 79.32 0.00
[15:56:56.230] [ARM-RX] [127] <45.00 -130.00 -15.00> result: 104.22 120.41 -48.57 -14.47 79.32 0.00
[15:56:56.230] [ARM-RX] [128] <45.00 -130.00 -15.00> result: 104.22 120.41 -48.57 -14.47 79.32 0.00
[15:56:56.230] [ARM-RX] [129] <45.00
[15:56:56.253] [ARM-RX] -130.00 -15.00> result: 104.22 120.41 -48.57 -14.47 79.32 0.00
[15:56:56.253] [ARM-RX] [130] <45.00 -130.00 -15.00> result: 104.22 120.41 -48.57 -14.47 79.32 0.00
[15:56:56.253] [ARM-RX] [131] <45.00 -130.00 -15.00> result: 104.22 120.41 -48.57 -14.47 79.32 0.00
[15:56:56.253] [ARM-RX] [132] <45.00 -130.00 -15.00> result: 1
[15:56:56.288] [ARM-RX] 04.22 120.41 -48.57 -14.47 79.32 0.00
[15:56:56.288] [ARM-RX] [133] <45.00 -130.00 -15.00> result: 104.22 120.41 -48.57 -14.47 79.32 0.00
[15:56:56.288] [ARM-RX] [134] <45.00 -130.00 -15.00> result: 104.22 120.41 -48.57 -14.47 79.32 0.00
[15:56:56.289] [ARM-RX] [135] <45.00 -130.00 -15.00> result: 104.22 120.41 -48.57 -14.4
[15:56:56.311] [ARM-RX] 7 79.32 0.00
[15:56:56.311] [ARM-RX] [136] <45.00 -130.00 -15.00> result: 104.22 120.41 -48.57 -14.47 79.32 0.00
[15:56:56.311] [ARM-RX] [137] <45.00 -130.00 -15.00> result: 104.22 120.41 -48.57 -14.47 79.32 0.00
[15:56:56.312] [ARM-RX] [138] <45.00 -130.00 -15.00> result: 104.22 120.41 -48.57 -14.47 79.32 0.00
[15:56:56.312] [ARM-RX] [139] <45.0
[15:56:56.334] [ARM-RX] 0 -130.00 -15.00> result: 104.22 120.41 -48.57 -14.47 79.32 0.00
[15:56:56.335] [ARM-RX] [140] <45.00 -130.00 -15.00> result: 104.22 120.41 -48.57 -14.47 79.32 0.00
[15:56:56.335] [ARM-RX] [141] <45.00 -130.00 -15.00> result: 104.22 120.41 -48.57 -14.47 79.32 0.00
[15:56:56.335] [ARM-RX] [142] <45.00 -130.00 -15.00> result:
[15:56:56.377] [ARM-RX] 104.22 120.41 -48.57 -14.47 79.32 0.00
[15:56:56.378] [ARM-RX] [143] <45.00 -130.00 -15.00> result: 104.22 120.41 -48.57 -14.47 79.32 0.00
[15:56:56.378] [ARM-RX] [144] <45.00 -130.00 -15.00> result: 104.22 120.41 -48.57 -14.47 79.32 0.00
[15:56:56.378] [ARM-RX] [145] <45.00 -130.00 -15.00> result: 104.22 120.41 -48.57 -14
[15:56:56.380] [ARM-RX] .47 79.32 0.00
[15:56:56.381] [ARM-RX] [146] <45.00 -130.00 -15.00> result: 104.22 120.41 -48.57 -14.47 79.32 0.00
[15:56:56.384] [ARM-RX] [147] <45.00 -130.00 -15.00> result: 104.22 120.41 -48.57 -14.47 79.32 0.00
[15:56:56.384] [ARM-RX] [148] <45.00 -130.00 -15.00> result: 104.22 120.41 -48.57 -14.47 79.32 0.00
[15:56:56.384] [ARM-RX] [149] <45
[15:56:56.432] [ARM-RX] .00 -130.00 -15.00> result: 104.22 120.41 -48.57 -14.47 79.32 0.00
[15:56:56.433] [ARM-RX] [150] <45.00 -130.00 -15.00> result: 104.22 120.41 -48.57 -14.47 79.32 0.00
[15:56:56.433] [ARM-RX] [151] <45.00 -130.00 -15.00> result: 104.22 120.41 -48.57 -14.47 79.32 0.00
[15:56:56.433] [ARM-RX] [152] <45.00 -130.00 -15.00> resul
[15:56:56.434] [ARM-RX] t: 104.22 120.41 -48.57 -14.47 79.32 0.00
[15:56:56.434] [ARM-RX] [153] <45.00 -130.00 -15.00> result: 104.22 120.41 -48.57 -14.47 79.32 0.00
[15:56:56.434] [ARM-RX] [154] <45.00 -130.00 -15.00> result: 104.22 120.41 -48.57 -14.47 79.32 0.00
[15:56:56.434] [ARM-RX] [155] <45.00 -130.00 -15.00> result: 104.22 120.41 -48.57 -
[15:56:56.452] [ARM-RX] 14.47 79.32 0.00
[15:56:56.452] [ARM-RX] [156] <45.00 -130.00 -15.00> result: 104.22 120.41 -48.57 -14.47 79.32 0.00
[15:56:56.453] [ARM-RX] [157] <45.00 -130.00 -15.00> result: 104.22 120.41 -48.57 -14.47 79.32 0.00
[15:56:56.453] [ARM-RX] [158] <45.00 -130.00 -15.00> result: 104.22 120.41 -48.57 -14.47 79.32 0.00
[15:56:56.453] [ARM-RX] [159] <
[15:56:56.495] [ARM-RX] 45.00 -130.00 -15.00> result: 104.22 120.41 -48.57 -14.47 79.32 0.00
[15:56:56.495] [ARM-RX] [160] <45.00 -130.00 -15.00> result: 104.22 120.41 -48.57 -14.47 79.32 0.00
[15:56:56.495] [ARM-RX] [161] <45.00 -130.00 -15.00> result: 104.22 120.41 -48.57 -14.47 79.32 0.00
[15:56:56.495] [ARM-RX] [162] <45.00 -130.00 -15.00> res
[15:56:56.508] [ARM-RX] ult: 104.22 120.41 -48.57 -14.47 79.32 0.00
[15:56:56.508] [ARM-RX] [163] <45.00 -130.00 -15.00> result: 104.22 120.41 -48.57 -14.47 79.32 0.00
[15:56:56.508] [ARM-RX] [164] <45.00 -130.00 -15.00> result: 104.22 120.41 -48.57 -14.47 79.32 0.00
[15:56:56.508] [ARM-RX] [165] <45.00 -130.00 -15.00> result: 104.22 120.41 -48.57
[15:56:56.531] [ARM-RX] -14.47 79.32 0.00
[15:56:56.531] [ARM-RX] [166] <45.00 -130.00 -15.00> result: 104.22 120.41 -48.57 -14.47 79.32 0.00
[15:56:56.532] [ARM-RX] [167] <45.00 -130.00 -15.00> result: 104.22 120.41 -48.57 -14.47 79.32 0.00
[15:56:56.532] [ARM-RX] [168] <45.00 -130.00 -15.00> result: 104.22 120.41 -48.57 -14.47 79.32 0.00
[15:56:56.532] [ARM-RX] [169]
[15:56:56.553] [ARM-RX] <45.00 -130.00 -15.00> result: 104.22 120.41 -48.57 -14.47 79.32 0.00
[15:56:56.555] [ARM-RX] [170] <45.00 -130.00 -15.00> result: 104.22 120.41 -48.57 -14.47 79.32 0.00
[15:56:56.555] [ARM-RX] [171] <45.00 -130.00 -15.00> result: 104.22 120.41 -48.57 -14.47 79.32 0.00
[15:56:56.555] [ARM-RX] [172] <45.00 -130.00 -15.00> r
[15:56:56.577] [ARM-RX] esult: 104.22 120.41 -48.57 -14.47 79.32 0.00
[15:56:56.577] [ARM-RX] [173] <45.00 -130.00 -15.00> result: 104.22 120.41 -48.57 -14.47 79.32 0.00
[15:56:56.578] [ARM-RX] [174] <45.00 -130.00 -15.00> result: 104.22 120.41 -48.57 -14.47 79.32 0.00
[15:56:56.578] [ARM-RX] [175] <45.00 -130.00 -15.00> result: 104.22 120.41 -48.
[15:56:56.600] [ARM-RX] 57 -14.47 79.32 0.00
[15:56:56.601] [ARM-RX] [176] <45.00 -130.00 -15.00> result: 104.22 120.41 -48.57 -14.47 79.32 0.00
[15:56:56.601] [ARM-RX] [177] <45.00 -130.00 -15.00> result: 104.22 120.41 -48.57 -14.47 79.32 0.00
[15:56:56.601] [ARM-RX] [178] <45.00 -130.00 -15.00> result: 104.22 120.41 -48.57 -14.47 79.32 0.00
[15:56:56.601] [ARM-RX] [17
[15:56:56.639] [ARM-RX] 9] <45.00 -130.00 -15.00> result: 104.22 120.41 -48.57 -14.47 79.32 0.00
[15:56:56.640] [ARM-RX] [180] <45.00 -130.00 -15.00> result: 104.22 120.41 -48.57 -14.47 79.32 0.00
[15:56:56.640] [ARM-RX] [181] <45.00 -130.00 -15.00> result: 104.22 120.41 -48.57 -14.47 79.32 0.00
[15:56:56.640] [ARM-RX] [182] <45.00 -130.00 -15.00>
[15:56:56.658] [ARM-RX] result: 104.22 120.41 -48.57 -14.47 79.32 0.00
[15:56:56.658] [ARM-RX] [183] <45.00 -130.00 -15.00> result: 104.22 120.41 -48.57 -14.47 79.32 0.00
[15:56:56.658] [ARM-RX] [184] <45.00 -130.00 -15.00> result: 104.22 120.41 -48.57 -14.47 79.32 0.00
[15:56:56.658] [ARM-RX] [185] <45.00 -130.00 -15.00> result: 104.22 120.41 -4
[15:56:56.707] [ARM-RX] 8.57 -14.47 79.32 0.00
[15:56:56.707] [ARM-RX] [186] <45.00 -130.00 -15.00> result: 104.22 120.41 -48.57 -14.47 79.32 0.00
[15:56:56.708] [ARM-RX] [187] <45.00 -130.00 -15.00> result: 104.22 120.41 -48.57 -14.47 79.32 0.00
[15:56:56.708] [ARM-RX] [188] <45.00 -130.00 -15.00> result: 104.22 120.41 -48.57 -14.47 79.32 0.00
[15:56:56.708] [ARM-RX] [
[15:56:56.709] [ARM-RX] 189] <45.00 -130.00 -15.00> result: 104.22 120.41 -48.57 -14.47 79.32 0.00
[15:56:56.709] [ARM-RX] [190] <45.00 -130.00 -15.00> result: 104.22 120.41 -48.57 -14.47 79.32 0.00
[15:56:56.709] [ARM-RX] [191] <45.00 -130.00 -15.00> result: 104.22 120.41 -48.57 -14.47 79.32 0.00
[15:56:56.709] [ARM-RX] [192] <45.00 -130.00 -15.0
[15:56:56.727] [ARM-RX] 0> result: 104.22 120.41 -48.57 -14.47 79.32 0.00
[15:56:56.727] [ARM-RX] [193] <45.00 -130.00 -15.00> result: 104.22 120.41 -48.57 -14.47 79.32 0.00
[15:56:56.728] [ARM-RX] [194] <45.00 -130.00 -15.00> result: 104.22 120.41 -48.57 -14.47 79.32 0.00
[15:56:56.728] [ARM-RX] [195] <45.00 -130.00 -15.00> result: 104.22 120.41
[15:56:56.751] [ARM-RX] -48.57 -14.47 79.32 0.00
[15:56:56.751] [ARM-RX] [196] <45.00 -130.00 -15.00> result: 104.22 120.41 -48.57 -14.47 79.32 0.00
[15:56:56.751] [ARM-RX] [197] <45.00 -130.00 -15.00> result: 104.22 120.41 -48.57 -14.47 79.32 0.00
[15:56:56.751] [ARM-RX] [198] <45.00 -130.00 -15.00> result: 104.22 120.41 -48.57 -14.47 79.32 0.00
[15:56:56.773] [ARM-RX] [199] <45.00 -130.00 -15.00> result: 104.22 120.41 -48.57 -14.47 79.32 0.00
[15:56:56.773] [ARM-RX] [200] <45.00 -130.00 -15.00> result: 104.22 120.41 -48.57 -14.47 79.32 0.00
[15:56:56.774] [ARM-RX] [201] <45.00 -130.00 -15.00> result: 104.22 120.41 -48.57 -14.47 79.32 0.00
[15:56:56.774] [ARM-RX] [202] <45.00 -130.00 -15
[15:56:56.796] [ARM-RX] .00> result: 104.22 120.41 -48.57 -14.47 79.32 0.00
[15:56:56.796] [ARM-RX] [203] <45.00 -130.00 -15.00> result: 104.22 120.41 -48.57 -14.47 79.32 0.00
[15:56:56.797] [ARM-RX] [204] <45.00 -130.00 -15.00> result: 104.22 120.41 -48.57 -14.47 79.32 0.00
[15:56:56.797] [ARM-RX] [205] <45.00 -130.00 -15.00> result: 104.22 120.4
[15:56:56.847] [ARM-RX] 1 -48.57 -14.47 79.32 0.00
[15:56:56.847] [ARM-RX] [206] <45.00 -130.00 -15.00> result: 104.22 120.41 -48.57 -14.47 79.32 0.00
[15:56:56.848] [ARM-RX] [207] <45.00 -130.00 -15.00> result: 104.22 120.41 -48.57 -14.47 79.32 0.00
[15:56:56.848] [ARM-RX] [208] <45.00 -130.00 -15.00> result: 104.22 120.41 -48.57 -14.47 79.32 0.0
[15:56:56.853] [ARM-RX] 0
[15:56:56.855] [ARM-RX] [209] <45.00 -130.00 -15.00> result: 104.22 120.41 -48.57 -14.47 79.32 0.00
[15:56:56.855] [ARM-RX] [210] <45.00 -130.00 -15.00> result: 104.22 120.41 -48.57 -14.47 79.32 0.00
[15:56:56.855] [ARM-RX] [211] <45.00 -130.00 -15.00> result: 104.22 120.41 -48.57 -14.47 79.32 0.00
[15:56:56.855] [ARM-RX] [212] <45.00 -130.00 -
[15:56:56.877] [ARM-RX] 15.00> result: 104.22 120.41 -48.57 -14.47 79.32 0.00
[15:56:56.878] [ARM-RX] [213] <45.00 -130.00 -15.00> result: 104.22 120.41 -48.57 -14.47 79.32 0.00
[15:56:56.878] [ARM-RX] [214] <45.00 -130.00 -15.00> result: 104.22 120.41 -48.57 -14.47 79.32 0.00
[15:56:56.878] [ARM-RX] [215] <45.00 -130.00 -15.00> result: 104.22 120
[15:56:56.915] [ARM-RX] .41 -48.57 -14.47 79.32 0.00
[15:56:56.916] [ARM-RX] [216] <45.00 -130.00 -15.00> result: 104.22 120.41 -48.57 -14.47 79.32 0.00
[15:56:56.916] [ARM-RX] [217] <45.00 -130.00 -15.00> result: 104.22 120.41 -48.57 -14.47 79.32 0.00
[15:56:56.916] [ARM-RX] [218] <45.00 -130.00 -15.00> result: 104.22 120.41 -48.57 -14.47 79.32 0
[15:56:56.923] [ARM-RX] .00
[15:56:56.925] [ARM-RX] [219] <45.00 -130.00 -15.00> result: 104.22 120.41 -48.57 -14.47 79.32 0.00
[15:56:56.925] [ARM-RX] [220] <45.00 -130.00 -15.00> result: 104.22 120.41 -48.57 -14.47 79.32 0.00
[15:56:56.925] [ARM-RX] [221] <45.00 -130.00 -15.00> result: 104.22 120.41 -48.57 -14.47 79.32 0.00
[15:56:56.925] [ARM-RX] [222] <45.00 -130.00
[15:56:56.948] [ARM-RX] -15.00> result: 104.22 120.41 -48.57 -14.47 79.32 0.00
[15:56:56.949] [ARM-RX] [223] <45.00 -130.00 -15.00> result: 104.22 120.41 -48.57 -14.47 79.32 0.00
[15:56:56.949] [ARM-RX] [224] <45.00 -130.00 -15.00> result: 104.22 120.41 -48.57 -14.47 79.32 0.00
[15:56:56.949] [ARM-RX] [225] <45.00 -130.00 -15.00> result: 104.22 1
[15:56:56.970] [ARM-RX] 20.41 -48.57 -14.47 79.32 0.00
[15:56:56.970] [ARM-RX] [226] <45.00 -130.00 -15.00> result: 104.22 120.41 -48.57 -14.47 79.32 0.00
[15:56:56.970] [ARM-RX] [227] <45.00 -130.00 -15.00> result: 104.22 120.41 -48.57 -14.47 79.32 0.00
[15:56:56.971] [ARM-RX] [228] <45.00 -130.00 -15.00> result: 104.22 120.41 -48.57 -14.47 79.32
[15:56:56.993] [ARM-RX] 0.00
[15:56:56.995] [ARM-RX] [229] <45.00 -130.00 -15.00> result: 104.22 120.41 -48.57 -14.47 79.32 0.00
[15:56:56.995] [ARM-RX] [230] <45.00 -130.00 -15.00> result: 104.22 120.41 -48.57 -14.47 79.32 0.00
[15:56:56.995] [ARM-RX] [231] <45.00 -130.00 -15.00> result: 104.22 120.41 -48.57 -14.47 79.32 0.00
[15:56:56.996] [ARM-RX] [232] <45.00 -130.
[15:56:57.046] [ARM-RX] 00 -15.00> result: 104.22 120.41 -48.57 -14.47 79.32 0.00
[15:56:57.049] [ARM-RX] [233] <45.00 -130.00 -15.00> result: 104.22 120.41 -48.57 -14.47 79.32 0.00
[15:56:57.049] [ARM-RX] [234] <45.00 -130.00 -15.00> result: 104.22 120.41 -48.57 -14.47 79.32 0.00
[15:56:57.049] [ARM-RX] [235] <45.00 -130.00 -15.00> result
[15:56:57.059] [ARM-RX] : 104.22 120.41 -48.57 -14.47 79.32 0.00
[15:56:57.060] [ARM-RX] [236] <45.00 -130.00 -15.00> result: 104.22 120.41 -48.57 -14.47 79.32 0.00
[15:56:57.060] [ARM-RX] [237] <45.00 -130.00 -15.00> result: 104.22 120.41 -48.57 -14.47 79.32 0.00
[15:56:57.060] [ARM-RX] [238] <45.00 -130.00 -15.00> result: 104.22 120.41 -48.57 -1
[15:56:57.102] [ARM-RX] 4.47 79.32 0.00
[15:56:57.103] [ARM-RX] [239] <45.00 -130.00 -15.00> result: 104.22 120.41 -48.57 -14.47 79.32 0.00
[15:56:57.103] [ARM-RX] [240] <45.00 -130.00 -15.00> result: 104.22 120.41 -48.57 -14.47 79.32 0.00
[15:56:57.103] [ARM-RX] [241] <45.00 -130.00 -15.00> result: 104.22 120.41 -48.57 -14.47 79.32 0.00
[15:56:57.104] [ARM-RX] [242] <4
[15:56:57.105] [ARM-RX] 5.00 -130.00 -15.00> result: 104.22 120.41 -48.57 -14.47 79.32 0.00
[15:56:57.106] [ARM-RX] [243] <45.00 -130.00 -15.00> result: 104.22 120.41 -48.57 -14.47 79.32 0.00
[15:56:57.106] [ARM-RX] [244] <45.00 -130.00 -15.00> result: 104.22 120.41 -48.57 -14.47 79.32 0.00
[15:56:57.106] [ARM-RX] [245] <45.00 -130.00 -15.00> resu
[15:56:57.120] [ARM-RX] lt: 104.22 120.41 -48.57 -14.47 79.32 0.00
[15:56:57.120] [ARM-RX] [246] <45.00 -130.00 -15.00> result: 104.22 120.41 -48.57 -14.47 79.32 0.00
[15:56:57.120] [ARM-RX] [247] <45.00 -130.00 -15.00> result: 104.22 120.41 -48.57 -14.47 79.32 0.00
[15:56:57.121] [ARM-RX] [248] <45.00 -130.00 -15.00> result: 104.22 120.41 -48.57
[15:56:57.146] [ARM-RX] -14.47 79.32 0.00
[15:56:57.146] [ARM-RX] [249] <45.00 -130.00 -15.00> result: 104.22 120.41 -48.57 -14.47 79.32 0.00
[15:56:57.146] [ARM-RX] [250] <45.00 -130.00 -15.00> result: 104.22 120.41 -48.57 -14.47 79.32 0.00
[15:56:57.147] [ARM-RX] [251] <45.00 -130.00 -15.00> result: 104.22 120.41 -48.57 -14.47 79.32 0.00
[15:56:57.147] [ARM-RX] [252]
[15:56:57.166] [ARM-RX] <45.00 -130.00 -15.00> result: 104.22 120.41 -48.57 -14.47 79.32 0.00
[15:56:57.166] [ARM-RX] [253] <45.00 -130.00 -15.00> result: 104.22 120.41 -48.57 -14.47 79.32 0.00
[15:56:57.166] [ARM-RX] [254] <45.00 -130.00 -15.00> result: 104.22 120.41 -48.57 -14.47 79.32 0.00
[15:56:57.166] [ARM-RX] [255] <45.00 -130.00 -15.00> re
[15:56:57.189] [ARM-RX] sult: 104.22 120.41 -48.57 -14.47 79.32 0.00
[15:56:57.189] [ARM-RX] [256] <45.00 -130.00 -15.00> result: 104.22 120.41 -48.57 -14.47 79.32 0.00
[15:56:57.189] [ARM-RX] [257] <45.00 -130.00 -15.00> result: 104.22 120.41 -48.57 -14.47 79.32 0.00
[15:56:57.189] [ARM-RX] [258] <45.00 -130.00 -15.00> result: 104.22 120.41 -48.5
[15:56:57.249] [ARM-RX] 7 -14.47 79.32 0.00
[15:56:57.249] [ARM-RX] [259] <45.00 -130.00 -15.00> result: 104.22 120.41 -48.57 -14.47 79.32 0.00
[15:56:57.249] [ARM-RX] [260] <45.00 -130.00 -15.00> result: 104.22 120.41 -48.57 -14.47 79.32 0.00
[15:56:57.249] [ARM-RX] [261] <45.00 -130.00 -15.00> result: 104.22 120.41 -48.57 -14.47 79.32 0.
[15:56:57.257] [ARM-RX] 00
[15:56:57.258] [ARM-RX] [262] <45.00 -130.00 -15.00> result: 104.22 120.41 -48.57 -14.47 79.32 0.00
[15:56:57.258] [ARM-RX] [263] <45.00 -130.00 -15.00> result: 104.22 120.41 -48.57 -14.47 79.32 0.00
[15:56:57.258] [ARM-RX] [264] <45.00 -130.00 -15.00> result: 104.22 120.41 -48.57 -14.47 79.32 0.00
[15:56:57.258] [ARM-RX] [265] <45.00 -130.00
[15:56:57.311] [ARM-RX] -15.00> result: 104.22 120.41 -48.57 -14.47 79.32 0.00
[15:56:57.311] [ARM-RX] [266] <45.00 -130.00 -15.00> result: 104.22 120.41 -48.57 -14.47 79.32 0.00
[15:56:57.311] [ARM-RX] [267] <45.00 -130.00 -15.00> result: 104.22 120.41 -48.57 -14.47 79.32 0.00
[15:57:00.108] [ARM-RX] [joint 1] ave_error:0.44
[15:57:00.108] [ARM-RX] [joint 2] ave_error:7.33
[15:57:00.108] [ARM-RX] [joint 3] ave_error:8.08
[15:57:00.108] [ARM-RX] [joint 4] ave_error:0.54
[15:57:00.108] [ARM-RX] [joint 5] ave_error:1.12
[15:57:00.109] [ARM-RX] robot pid run finished!!
[15:57:00.907] [ARM-RX] AUTO final confirm failed: joint 2 err=12.76deg tol=3.00, pose invalid.
[15:57:00.907] [ARM-RX] J1 cur=104.14 target=104.22 err=0.08
[15:57:00.908] [ARM-RX] J2 cur=131.59 target=120.41 err=-11.18
[15:57:00.908] [ARM-RX] J3 cur=-35.81 target=-48.57 err=-12.76
[15:57:00.908] [ARM-RX] J4 cur=-14.57 target=-14.47 err=0.09
[15:57:00.908] [ARM-RX] J5 cur=79.05 targ
[15:57:00.962] [ARM-RX] et=79.32 err=0.27
[15:57:02.330] [APP-INFO] 左视图 第 3/4 条: abs_rotate 0 85
[15:57:02.331] [ARM-TX] 发送命令 abs_rotate 0 85: abs_rotate 0 85
[15:57:02.581] [ARM-RX] Found handler for 'abs_rotate', executing...
[15:57:02.581] [ARM-RX] [joint_id: 0] ROBOT_JOINT_ABS_ROTATE 85.000000
[15:57:05.178] [APP-INFO] 左视图 第 4/4 条: read_all
[15:57:05.180] [ARM-TX] 发送命令 read_all: read_all
[15:57:05.326] [ARM-RX] Found handler for 'read_all', executing...
[15:57:05.326] [ARM-RX] ROBOT_READ_ALL_EVENT
[15:57:05.326] [ARM-RX] read_all ret=0 elapsed=2 ms missing=0x00
[15:57:05.326] [ARM-RX] J1 angle=84.99
[15:57:05.327] [ARM-RX] J2 angle=131.58
[15:57:05.327] [ARM-RX] J3 angle=324.18
[15:57:05.327] [ARM-RX] J4 angle=345.44
[15:57:05.327] [ARM-RX] J5 angle=79.05
[15:57:19.981] [ARM-TX] 发送命令 soft_reset: soft_reset
[15:57:20.029] [ARM-RX] Found handler for 'soft_reset', executing...
[15:57:20.029] [ARM-RX] ROBOT_SOFT_RESET_EVENT
[15:57:20.031] [ARM-RX] --- Starting soft reset ---
[15:57:20.218] [ARM-RX] Soft reset motors enabled (J1~J5, J6 skipped).
[15:57:20.218] [ARM-RX] Soft resetting joint 4...
[15:57:20.280] [ARM-RX] robot_update_current_angle 4...
[15:57:20.280] [ARM-RX] [4] current:79.05, target:90.00, dir:1
[15:57:21.526] [ARM-RX] Soft resetting joint 3...
[15:57:21.526] [ARM-RX] robot_update_current_angle 3...
[15:57:21.526] [ARM-RX] [3] current:-14.56, target:0.00, dir:1
[15:57:23.021] [ARM-RX] soft reset joint 3 settle timeout, keep going
[15:57:23.021] [ARM-RX] Soft resetting joint 1...
[15:57:23.021] [ARM-RX] robot_update_current_angle 1...
[15:57:23.022] [ARM-RX] [1] current:131.58, target:90.00, dir:-1
[15:57:25.456] [ARM-RX] soft reset joint 1 settle timeout, keep going
[15:57:25.456] [ARM-RX] Soft resetting joint 2...
[15:57:25.456] [ARM-RX] robot_update_current_angle 2...
[15:57:25.456] [ARM-RX] [2] current:-35.82, target:-90.00, dir:-1
[15:57:27.888] [ARM-RX] soft reset joint 2 settle timeout, keep going
[15:57:27.888] [ARM-RX] Soft resetting joint 0...
[15:57:27.888] [ARM-RX] robot_update_current_angle 0...
[15:57:27.888] [ARM-RX] [0] current:85.00, target:90.00, dir:1
[15:57:28.761] [ARM-RX] soft reset final verify PASS (issues:3), pose set HOME.
[16:34:54.848] [ARM-TX] 发送命令 target_enable: target_enable
[16:34:54.944] [ARM-RX] Found handler for 'target_enable', executing...
[16:34:54.945] [ARM-RX] target_enable
[16:34:54.973] [ARM-RX] ROBOT_AUTO_EVENT
[16:34:54.973] [ARM-RX] [0] <0.00 0.00 0.00> result: 90.00 90.00 -90.00 0.00 90.00 0.00
[16:34:54.973] [ARM-RX] [1] <0.00 -0.00 -0.00> result: 90.00 90.00 -90.00 0.00 90.00 0.00
[16:34:54.974] [ARM-RX] [2] <0.00 -0.00 -0.00> result: 90.00 90.00 -90.00 0.00 90.00 0.00
[16:34:54.974] [ARM-RX] [3] <0.00 -0.01 -0.00> result: 90.00 90.
[16:34:54.995] [ARM-RX] 00 -90.00 0.00 90.00 0.00
[16:34:54.995] [ARM-RX] [4] <0.00 -0.02 -0.00> result: 90.00 90.01 -90.00 0.00 90.00 0.00
[16:34:54.995] [ARM-RX] [5] <0.00 -0.03 -0.00> result: 90.00 90.01 -89.99 0.00 90.00 0.00
[16:34:54.996] [ARM-RX] [6] <0.00 -0.05 -0.00> result: 90.00 90.02 -89.99 0.00 90.00 0.00
[16:34:54.996] [ARM-RX] [7] <0.00 -0.07 -0.00> resul
[16:34:55.018] [ARM-RX] t: 90.00 90.02 -89.98 0.00 90.00 0.00
[16:34:55.018] [ARM-RX] [8] <0.00 -0.11 -0.00> result: 90.00 90.03 -89.97 0.00 90.00 0.00
[16:34:55.018] [ARM-RX] [9] <0.00 -0.15 -0.00> result: 90.00 90.05 -89.96 0.00 90.00 0.00
[16:34:55.020] [ARM-RX] [10] <0.00 -0.20 -0.01> result: 90.00 90.06 -89.94 0.00 90.01 0.00
[16:34:55.020] [ARM-RX] [11] <0.00 -0.2
[16:34:55.041] [ARM-RX] 7 -0.01> result: 90.00 90.08 -89.92 0.00 90.01 0.00
[16:34:55.042] [ARM-RX] [12] <0.00 -0.34 -0.01> result: 90.00 90.11 -89.90 0.00 90.01 0.00
[16:34:55.042] [ARM-RX] [13] <0.00 -0.43 -0.01> result: 90.00 90.14 -89.88 0.00 90.01 0.00
[16:34:55.042] [ARM-RX] [14] <0.00 -0.54 -0.01> result: 90.00 90.17 -89.85 0.00 90.02 0.00
[16:34:55.064] [ARM-RX] [15] <0.00 -0.65 -0.02> result: 90.00 90.20 -89.81 0.00 90.02 0.00
[16:34:55.065] [ARM-RX] [16] <0.00 -0.79 -0.02> result: 90.00 90.25 -89.78 0.00 90.02 0.00
[16:34:55.065] [ARM-RX] [17] <0.00 -0.94 -0.02> result: 90.00 90.29 -89.73 0.00 90.03 0.00
[16:34:55.065] [ARM-RX] [18] <0.00 -1.10 -0.03> result: 90.00 90.34 -89.69
[16:34:55.098] [ARM-RX] 0.00 90.03 0.00
[16:34:55.098] [ARM-RX] [19] <0.00 -1.29 -0.03> result: 90.00 90.40 -89.63 0.00 90.03 0.00
[16:34:55.098] [ARM-RX] [20] <0.00 -1.49 -0.04> result: 90.00 90.46 -89.57 0.00 90.04 0.00
[16:34:55.100] [ARM-RX] [21] <0.00 -1.72 -0.04> result: 90.00 90.53 -89.51 0.00 90.04 0.00
[16:34:55.100] [ARM-RX] [22] <0.00 -1.97 -0.05> result: 90.
[16:34:55.110] [ARM-RX] 00 90.61 -89.44 0.00 90.05 0.00
[16:34:55.110] [ARM-RX] [23] <0.00 -2.23 -0.06> result: 90.00 90.69 -89.36 0.00 90.05 0.00
[16:34:55.110] [ARM-RX] [24] <0.00 -2.52 -0.06> result: 90.00 90.77 -89.28 0.00 90.05 0.00
[16:34:55.110] [ARM-RX] [25] <0.00 -2.84 -0.07> result: 90.00 90.87 -89.19 0.00 90.06 0.00
[16:34:55.111] [ARM-RX] [26] <0.00 -3.17 -0
[16:34:55.153] [ARM-RX] .08> result: 90.00 90.97 -89.10 0.00 90.06 0.00
[16:34:55.154] [ARM-RX] [27] <0.00 -3.53 -0.09> result: 90.00 91.07 -88.99 0.00 90.06 0.00
[16:34:55.154] [ARM-RX] [28] <0.00 -3.92 -0.10> result: 90.00 91.18 -88.88 0.00 90.07 0.00
[16:34:55.154] [ARM-RX] [29] <0.00 -4.33 -0.11> result: 90.00 91.30 -88.76 0.00 90.07 0.00
[16:34:55.155] [ARM-RX] [30
[16:34:55.167] [ARM-RX] ] <0.00 -4.77 -0.12> result: 90.00 91.43 -88.64 0.00 90.07 0.00
[16:34:55.167] [ARM-RX] [31] <0.00 -5.23 -0.13> result: 90.00 91.56 -88.51 0.00 90.07 0.00
[16:34:55.167] [ARM-RX] [32] <0.00 -5.72 -0.14> result: 90.00 91.70 -88.37 0.00 90.07 0.00
[16:34:55.169] [ARM-RX] [33] <0.00 -6.24 -0.16> result: 90.00 91.85 -88.22 0.00
[16:34:55.191] [ARM-RX] 90.06 0.00
[16:34:55.191] [ARM-RX] [34] <0.00 -6.79 -0.17> result: 90.00 92.00 -88.06 0.00 90.06 0.00
[16:34:55.191] [ARM-RX] [35] <0.00 -7.36 -0.18> result: 90.00 92.16 -87.89 0.00 90.05 0.00
[16:34:55.192] [ARM-RX] [36] <0.00 -7.96 -0.20> result: 90.00 92.32 -87.72 0.00 90.04 0.00
[16:34:55.192] [ARM-RX] [37] <0.00 -8.60 -0.21> result: 90.00 9
[16:34:55.215] [ARM-RX] 2.49 -87.54 0.00 90.03 0.00
[16:34:55.216] [ARM-RX] [38] <0.00 -9.26 -0.23> result: 90.00 92.67 -87.35 0.00 90.02 0.00
[16:34:55.216] [ARM-RX] [39] <0.00 -9.95 -0.25> result: 90.00 92.85 -87.15 0.00 90.00 0.00
[16:34:55.216] [ARM-RX] [40] <0.00 -10.67 -0.27> result: 90.00 93.04 -86.94 0.00 89.98 0.00
[16:34:55.216] [ARM-RX] [41] <0.00 -11.42 -0.2
[16:34:55.236] [ARM-RX] 9> result: 90.00 93.24 -86.72 0.00 89.96 0.00
[16:34:55.237] [ARM-RX] [42] <0.00 -12.20 -0.30> result: 90.00 93.44 -86.50 0.00 89.93 0.00
[16:34:55.237] [ARM-RX] [43] <0.00 -13.01 -0.33> result: 90.00 93.64 -86.26 0.00 89.91 0.00
[16:34:55.237] [ARM-RX] [44] <0.00 -13.85 -0.35> result: 90.00 93.85 -86.02 0.00 89.87 0.00
[16:34:55.237] [ARM-RX] [4
[16:34:55.270] [ARM-RX] 5] <0.00 -14.72 -0.37> result: 90.00 94.07 -85.77 0.00 89.84 0.00
[16:34:55.270] [ARM-RX] [46] <0.00 -15.62 -0.39> result: 90.00 94.29 -85.51 0.00 89.80 0.00
[16:34:55.271] [ARM-RX] [47] <0.00 -16.55 -0.41> result: 90.00 94.52 -85.24 0.00 89.75 0.00
[16:34:55.271] [ARM-RX] [48] <0.00 -17.51 -0.44> result: 90.00 94.75 -84.96
[16:34:55.282] [ARM-RX] 0.00 89.70 0.00
[16:34:55.283] [ARM-RX] [49] <0.00 -18.49 -0.46> result: 90.00 94.98 -84.67 0.00 89.65 0.00
[16:34:55.283] [ARM-RX] [50] <0.00 -19.51 -0.49> result: 90.00 95.22 -84.37 0.00 89.59 0.00
[16:34:55.283] [ARM-RX] [51] <0.00 -20.56 -0.51> result: 90.00 95.47 -84.06 0.00 89.53 0.00
[16:34:55.283] [ARM-RX] [52] <0.00 -21.64 -0.54> result
[16:34:55.328] [ARM-RX] : 90.00 95.71 -83.75 0.00 89.46 0.00
[16:34:55.328] [ARM-RX] [53] <0.00 -22.74 -0.57> result: 90.00 95.97 -83.43 0.00 89.39 0.00
[16:34:55.328] [ARM-RX] [54] <0.00 -23.88 -0.60> result: 90.00 96.22 -83.09 0.00 89.32 0.00
[16:34:55.329] [ARM-RX] [55] <0.00 -25.04 -0.63> result: 90.00 96.48 -82.75 0.00 89.23 0.00
[16:34:55.329] [ARM-RX] [56] <0.00
[16:34:55.338] [ARM-RX] -26.23 -0.66> result: 90.00 96.74 -82.40 0.00 89.15 0.00
[16:34:55.338] [ARM-RX] [57] <0.00 -27.44 -0.69> result: 90.00 97.01 -82.05 0.00 89.06 0.00
[16:34:55.340] [ARM-RX] [58] <0.00 -28.68 -0.72> result: 90.00 97.28 -81.68 0.00 88.96 0.00
[16:34:55.340] [ARM-RX] [59] <0.00 -29.95 -0.75> result: 90.00 97.55 -81.31 0.00 88.
[16:34:55.362] [ARM-RX] 86 0.00
[16:34:55.363] [ARM-RX] [60] <0.00 -31.25 -0.78> result: 90.00 97.83 -80.92 0.00 88.75 0.00
[16:34:55.363] [ARM-RX] [61] <0.00 -32.57 -0.81> result: 90.00 98.10 -80.53 0.00 88.64 0.00
[16:34:55.363] [ARM-RX] [62] <0.00 -33.91 -0.85> result: 90.00 98.39 -80.14 0.00 88.52 0.00
[16:34:55.363] [ARM-RX] [63] <0.00 -35.28 -0.88> result: 90.00 9
[16:34:55.385] [ARM-RX] 8.67 -79.73 0.00 88.40 0.00
[16:34:55.385] [ARM-RX] [64] <0.00 -36.67 -0.92> result: 90.00 98.95 -79.32 0.00 88.27 0.00
[16:34:55.385] [ARM-RX] [65] <0.00 -38.08 -0.95> result: 90.00 99.24 -78.90 0.00 88.14 0.00
[16:34:55.385] [ARM-RX] [66] <0.00 -39.51 -0.99> result: 90.00 99.53 -78.47 0.00 88.00 0.00
[16:34:55.386] [ARM-RX] [67] <0.00 -40.97 -1
[16:34:55.406] [ARM-RX] .02> result: 90.00 99.82 -78.04 0.00 87.86 0.00
[16:34:55.408] [ARM-RX] [68] <0.00 -42.44 -1.06> result: 90.00 100.11 -77.60 0.00 87.71 0.00
[16:34:55.408] [ARM-RX] [69] <0.00 -43.94 -1.10> result: 90.00 100.41 -77.15 0.00 87.56 0.00
[16:34:55.408] [ARM-RX] [70] <0.00 -45.45 -1.14> result: 90.00 100.70 -76.70 0.00 87.41 0.0
[16:34:55.443] [ARM-RX] 0
[16:34:55.443] [ARM-RX] [71] <0.00 -46.98 -1.17> result: 90.00 101.00 -76.24 0.00 87.25 0.00
[16:34:55.443] [ARM-RX] [72] <0.00 -48.53 -1.21> result: 90.00 101.30 -75.78 0.00 87.08 0.00
[16:34:55.444] [ARM-RX] [73] <0.00 -50.09 -1.25> result: 90.00 101.60 -75.31 0.00 86.91 0.00
[16:34:55.444] [ARM-RX] [74] <0.00 -51.67 -1.29> result: 90.00 101.
[16:34:55.455] [ARM-RX] 90 -74.84 0.00 86.74 0.00
[16:34:55.456] [ARM-RX] [75] <0.00 -53.26 -1.33> result: 90.00 102.20 -74.36 0.00 86.56 0.00
[16:34:55.456] [ARM-RX] [76] <0.00 -54.86 -1.37> result: 90.00 102.51 -73.87 0.00 86.38 0.00
[16:34:55.456] [ARM-RX] [77] <0.00 -56.48 -1.41> result: 90.00 102.81 -73.39 0.00 86.20 0.00
[16:34:55.456] [ARM-RX] [78] <0.00 -58.11 -
[16:34:55.476] [ARM-RX] 1.45> result: 90.00 103.11 -72.89 0.00 86.01 0.00
[16:34:55.476] [ARM-RX] [79] <0.00 -59.75 -1.49> result: 90.00 103.42 -72.40 0.00 85.82 0.00
[16:34:55.476] [ARM-RX] [80] <0.00 -60.00 -1.50> result: 90.00 103.47 -72.32 0.00 85.79 0.00
[16:34:55.476] [ARM-RX] [81] <0.00 -60.00 -1.50> result: 90.00 103.47 -72.32 0.00 85.79 0
[16:34:55.510] [ARM-RX] .00
[16:34:55.512] [ARM-RX] [82] <0.00 -60.00 -1.50> result: 90.00 103.47 -72.32 0.00 85.79 0.00
[16:34:55.512] [ARM-RX] [83] <0.00 -60.00 -1.50> result: 90.00 103.47 -72.32 0.00 85.79 0.00
[16:34:55.512] [ARM-RX] [84] <0.00 -60.00 -1.50> result: 90.00 103.47 -72.32 0.00 85.79 0.00
[16:34:55.512] [ARM-RX] [85] <0.00 -60.00 -1.50> result: 90.00 10
[16:34:55.534] [ARM-RX] 3.47 -72.32 0.00 85.79 0.00
[16:34:55.534] [ARM-RX] [86] <0.00 -60.00 -1.50> result: 90.00 103.47 -72.32 0.00 85.79 0.00
[16:34:55.534] [ARM-RX] [87] <0.00 -60.00 -1.50> result: 90.00 103.47 -72.32 0.00 85.79 0.00
[16:34:55.535] [ARM-RX] [88] <0.00 -60.00 -1.50> result: 90.00 103.47 -72.32 0.00 85.79 0.00
[16:34:55.535] [ARM-RX] [89] <0.00 -60.00
[16:34:55.558] [ARM-RX] -1.50> result: 90.00 103.47 -72.32 0.00 85.79 0.00
[16:34:55.558] [ARM-RX] [90] <0.00 -60.00 -1.50> result: 90.00 103.47 -72.32 0.00 85.79 0.00
[16:34:55.558] [ARM-RX] [91] <0.00 -60.00 -1.50> result: 90.00 103.47 -72.32 0.00 85.79 0.00
[16:34:55.558] [ARM-RX] [92] <0.00 -60.00 -1.50> result: 90.00 103.47 -72.32 0.00 85.79
[16:34:55.602] [ARM-RX] 0.00
[16:34:55.603] [ARM-RX] [93] <0.00 -60.00 -1.50> result: 90.00 103.47 -72.32 0.00 85.79 0.00
[16:34:55.603] [ARM-RX] [94] <0.00 -60.00 -1.50> result: 90.00 103.47 -72.32 0.00 85.79 0.00
[16:34:55.603] [ARM-RX] [95] <0.00 -60.00 -1.50> result: 90.00 103.47 -72.32 0.00 85.79 0.00
[16:34:55.603] [ARM-RX] [96] <0.00 -60.00 -1.50> result: 90.00
[16:34:55.604] [ARM-RX] 103.47 -72.32 0.00 85.79 0.00
[16:34:55.604] [ARM-RX] [97] <0.00 -60.00 -1.50> result: 90.00 103.47 -72.32 0.00 85.79 0.00
[16:34:55.605] [ARM-RX] [98] <0.00 -60.00 -1.50> result: 90.00 103.47 -72.32 0.00 85.79 0.00
[16:34:55.605] [ARM-RX] [99] <0.00 -60.00 -1.50> result: 90.00 103.47 -72.32 0.00 85.79 0.00
[16:34:55.605] [ARM-RX] [100] <0.00 -60
[16:34:55.625] [ARM-RX] .00 -1.50> result: 90.00 103.47 -72.32 0.00 85.79 0.00
[16:34:55.625] [ARM-RX] [101] <0.00 -60.00 -1.50> result: 90.00 103.47 -72.32 0.00 85.79 0.00
[16:34:55.625] [ARM-RX] [102] <0.00 -60.00 -1.50> result: 90.00 103.47 -72.32 0.00 85.79 0.00
[16:34:55.626] [ARM-RX] [103] <0.00 -60.00 -1.50> result: 90.00 103.47 -72.32 0.00
[16:34:55.662] [ARM-RX] 85.79 0.00
[16:34:55.662] [ARM-RX] [104] <0.00 -60.00 -1.50> result: 90.00 103.47 -72.32 0.00 85.79 0.00
[16:34:55.662] [ARM-RX] [105] <0.00 -60.00 -1.50> result: 90.00 103.47 -72.32 0.00 85.79 0.00
[16:34:55.662] [ARM-RX] [106] <0.00 -60.00 -1.50> result: 90.00 103.47 -72.32 0.00 85.79 0.00
[16:34:55.663] [ARM-RX] [107] <0.00 -60.00 -1.50> resu
[16:34:55.671] [ARM-RX] lt: 90.00 103.47 -72.32 0.00 85.79 0.00
[16:34:55.671] [ARM-RX] [108] <0.00 -60.00 -1.50> result: 90.00 103.47 -72.32 0.00 85.79 0.00
[16:34:55.671] [ARM-RX] [109] <0.00 -60.00 -1.50> result: 90.00 103.47 -72.32 0.00 85.79 0.00
[16:34:55.671] [ARM-RX] [110] <0.00 -60.00 -1.50> result: 90.00 103.47 -72.32 0.00 85.79 0.00
[16:34:55.671] [ARM-RX] [1
[16:34:55.715] [ARM-RX] 11] <0.00 -60.00 -1.50> result: 90.00 103.47 -72.32 0.00 85.79 0.00
[16:34:55.716] [ARM-RX] [112] <0.00 -60.00 -1.50> result: 90.00 103.47 -72.32 0.00 85.79 0.00
[16:34:55.716] [ARM-RX] [113] <0.00 -60.00 -1.50> result: 90.00 103.47 -72.32 0.00 85.79 0.00
[16:34:55.716] [ARM-RX] [114] <0.00 -60.00 -1.50> result: 90.00 103.4
[16:34:55.728] [ARM-RX] 7 -72.32 0.00 85.79 0.00
[16:34:55.728] [ARM-RX] [115] <0.00 -60.00 -1.50> result: 90.00 103.47 -72.32 0.00 85.79 0.00
[16:34:55.728] [ARM-RX] [116] <0.00 -60.00 -1.50> result: 90.00 103.47 -72.32 0.00 85.79 0.00
[16:34:55.728] [ARM-RX] [117] <0.00 -60.00 -1.50> result: 90.00 103.47 -72.32 0.00 85.79 0.00
[16:34:55.728] [ARM-RX] [118] <0.00 -60.0
[16:34:55.776] [ARM-RX] 0 -1.50> result: 90.00 103.47 -72.32 0.00 85.79 0.00
[16:34:55.776] [ARM-RX] [119] <0.00 -60.00 -1.50> result: 90.00 103.47 -72.32 0.00 85.79 0.00
[16:34:55.776] [ARM-RX] [120] <0.00 -60.00 -1.50> result: 90.00 103.47 -72.32 0.00 85.79 0.00
[16:34:55.776] [ARM-RX] [121] <0.00 -60.00 -1.50> result: 90.00 103.47 -72.32 0.00 8
[16:34:55.777] [ARM-RX] 5.79 0.00
[16:34:55.777] [ARM-RX] [122] <0.00 -60.00 -1.50> result: 90.00 103.47 -72.32 0.00 85.79 0.00
[16:34:55.778] [ARM-RX] [123] <0.00 -60.00 -1.50> result: 90.00 103.47 -72.32 0.00 85.79 0.00
[16:34:55.778] [ARM-RX] [124] <0.00 -60.00 -1.50> result: 90.00 103.47 -72.32 0.00 85.79 0.00
[16:34:55.778] [ARM-RX] [125] <0.00 -60.00 -1.50> result
[16:34:55.827] [ARM-RX] : 90.00 103.47 -72.32 0.00 85.79 0.00
[16:34:55.827] [ARM-RX] [126] <0.00 -60.00 -1.50> result: 90.00 103.47 -72.32 0.00 85.79 0.00
[16:34:55.827] [ARM-RX] [127] <0.00 -60.00 -1.50> result: 90.00 103.47 -72.32 0.00 85.79 0.00
[16:34:55.828] [ARM-RX] [128] <0.00 -60.00 -1.50> result: 90.00 103.47 -72.32 0.00 85.79 0.00
[16:34:55.828] [ARM-RX] [129
[16:34:55.828] [ARM-RX] ] <0.00 -60.00 -1.50> result: 90.00 103.47 -72.32 0.00 85.79 0.00
[16:34:55.828] [ARM-RX] [130] <0.00 -60.00 -1.50> result: 90.00 103.47 -72.32 0.00 85.79 0.00
[16:34:55.829] [ARM-RX] [131] <0.00 -60.00 -1.50> result: 90.00 103.47 -72.32 0.00 85.79 0.00
[16:34:55.829] [ARM-RX] [132] <0.00 -60.00 -1.50> result: 90.00 103.47
[16:34:55.842] [ARM-RX] -72.32 0.00 85.79 0.00
[16:34:55.844] [ARM-RX] [133] <0.00 -60.00 -1.50> result: 90.00 103.47 -72.32 0.00 85.79 0.00
[16:34:55.844] [ARM-RX] [134] <0.00 -60.00 -1.50> result: 90.00 103.47 -72.32 0.00 85.79 0.00
[16:34:55.844] [ARM-RX] [135] <0.00 -60.00 -1.50> result: 90.00 103.47 -72.32 0.00 85.79 0.00
[16:34:55.844] [ARM-RX] [136] <0.00 -60.00
[16:34:55.884] [ARM-RX] -1.50> result: 90.00 103.47 -72.32 0.00 85.79 0.00
[16:34:55.884] [ARM-RX] [137] <0.00 -60.00 -1.50> result: 90.00 103.47 -72.32 0.00 85.79 0.00
[16:34:55.884] [ARM-RX] [138] <0.00 -60.00 -1.50> result: 90.00 103.47 -72.32 0.00 85.79 0.00
[16:34:55.884] [ARM-RX] [139] <0.00 -60.00 -1.50> result: 90.00 103.47 -72.32 0.00 85.
[16:34:55.900] [ARM-RX] 79 0.00
[16:34:55.900] [ARM-RX] [140] <0.00 -60.00 -1.50> result: 90.00 103.47 -72.32 0.00 85.79 0.00
[16:34:55.900] [ARM-RX] [141] <0.00 -60.00 -1.50> result: 90.00 103.47 -72.32 0.00 85.79 0.00
[16:34:55.901] [ARM-RX] [142] <0.00 -60.00 -1.50> result: 90.00 103.47 -72.32 0.00 85.79 0.00
[16:34:55.901] [ARM-RX] [143] <0.00 -60.00 -1.50> result:
[16:34:55.937] [ARM-RX] 90.00 103.47 -72.32 0.00 85.79 0.00
[16:34:55.937] [ARM-RX] [144] <0.00 -60.00 -1.50> result: 90.00 103.47 -72.32 0.00 85.79 0.00
[16:34:55.939] [ARM-RX] [145] <0.00 -60.00 -1.50> result: 90.00 103.47 -72.32 0.00 85.79 0.00
[16:34:55.939] [ARM-RX] [146] <0.00 -60.00 -1.50> result: 90.00 103.47 -72.32 0.00 85.79 0.00
[16:34:55.939] [ARM-RX] [147]
[16:34:55.946] [ARM-RX] <0.00 -60.00 -1.50> result: 90.00 103.47 -72.32 0.00 85.79 0.00
[16:34:55.947] [ARM-RX] [148] <0.00 -60.00 -1.50> result: 90.00 103.47 -72.32 0.00 85.79 0.00
[16:34:55.947] [ARM-RX] [149] <0.00 -60.00 -1.50> result: 90.00 103.47 -72.32 0.00 85.79 0.00
[16:34:55.947] [ARM-RX] [150] <0.00 -60.00 -1.50> result: 90.00 103.47 -7
[16:34:55.969] [ARM-RX] 2.32 0.00 85.79 0.00
[16:34:55.975] [ARM-RX] [151] <0.00 -60.00 -1.50> result: 90.00 103.47 -72.32 0.00 85.79 0.00
[16:34:55.975] [ARM-RX] [152] <0.00 -60.00 -1.50> result: 90.00 103.47 -72.32 0.00 85.79 0.00
[16:34:55.975] [ARM-RX] [153] <0.00 -60.00 -1.50> result: 90.00 103.47 -72.32 0.00 85.79 0.00
[16:34:55.975] [ARM-RX] [154] <0.00 -60.00 -1
[16:34:55.992] [ARM-RX] .50> result: 90.00 103.47 -72.32 0.00 85.79 0.00
[16:34:55.992] [ARM-RX] [155] <0.00 -60.00 -1.50> result: 90.00 103.47 -72.32 0.00 85.79 0.00
[16:34:55.993] [ARM-RX] [156] <0.00 -60.00 -1.50> result: 90.00 103.47 -72.32 0.00 85.79 0.00
[16:34:55.993] [ARM-RX] [157] <0.00 -60.00 -1.50> result: 90.00 103.47 -72.32 0.00 85.79
[16:34:56.015] [ARM-RX] 0.00
[16:34:56.015] [ARM-RX] [158] <0.00 -60.00 -1.50> result: 90.00 103.47 -72.32 0.00 85.79 0.00
[16:34:56.016] [ARM-RX] [159] <0.00 -60.00 -1.50> result: 90.00 103.47 -72.32 0.00 85.79 0.00
[16:34:56.016] [ARM-RX] [160] <0.00 -60.00 -1.50> result: 90.00 103.47 -72.32 0.00 85.79 0.00
[16:34:56.016] [ARM-RX] [161] <0.00 -60.00 -1.50> result: 90
[16:34:56.051] [ARM-RX] .00 103.47 -72.32 0.00 85.79 0.00
[16:34:56.051] [ARM-RX] [162] <0.00 -60.00 -1.50> result: 90.00 103.47 -72.32 0.00 85.79 0.00
[16:34:56.051] [ARM-RX] [163] <0.00 -60.00 -1.50> result: 90.00 103.47 -72.32 0.00 85.79 0.00
[16:34:56.051] [ARM-RX] [164] <0.00 -60.00 -1.50> result: 90.00 103.47 -72.32 0.00 85.79 0.00
[16:34:56.051] [ARM-RX] [165] <0
[16:34:56.072] [ARM-RX] .00 -60.00 -1.50> result: 90.00 103.47 -72.32 0.00 85.79 0.00
[16:34:56.073] [ARM-RX] [166] <0.00 -60.00 -1.50> result: 90.00 103.47 -72.32 0.00 85.79 0.00
[16:34:56.073] [ARM-RX] [167] <0.00 -60.00 -1.50> result: 90.00 103.47 -72.32 0.00 85.79 0.00
[16:34:56.073] [ARM-RX] [168] <0.00 -60.00 -1.50> result: 90.00 103.47 -72.
[16:34:56.106] [ARM-RX] 32 0.00 85.79 0.00
[16:34:56.106] [ARM-RX] [169] <0.00 -60.00 -1.50> result: 90.00 103.47 -72.32 0.00 85.79 0.00
[16:34:56.106] [ARM-RX] [170] <0.00 -60.00 -1.50> result: 90.00 103.47 -72.32 0.00 85.79 0.00
[16:34:56.106] [ARM-RX] [171] <0.00 -60.00 -1.50> result: 90.00 103.47 -72.32 0.00 85.79 0.00
[16:34:56.106] [ARM-RX] [172] <0.00 -60.00 -1.5
[16:34:56.119] [ARM-RX] 0> result: 90.00 103.47 -72.32 0.00 85.79 0.00
[16:34:56.119] [ARM-RX] [173] <0.00 -60.00 -1.50> result: 90.00 103.47 -72.32 0.00 85.79 0.00
[16:34:56.120] [ARM-RX] [174] <0.00 -60.00 -1.50> result: 90.00 103.47 -72.32 0.00 85.79 0.00
[16:34:56.120] [ARM-RX] [175] <0.00 -60.00 -1.50> result: 90.00 103.47 -72.32 0.00 85.79 0
[16:34:56.177] [ARM-RX] .00
[16:34:56.177] [ARM-RX] [176] <0.00 -60.00 -1.50> result: 90.00 103.47 -72.32 0.00 85.79 0.00
[16:34:58.047] [ARM-RX] [joint 1] ave_error:0.00
[16:34:58.047] [ARM-RX] [joint 2] ave_error:2.94
[16:34:58.047] [ARM-RX] [joint 3] ave_error:2.49
[16:34:58.048] [ARM-RX] [joint 4] ave_error:0.00
[16:34:58.048] [ARM-RX] [joint 5] ave_error:0.28
[16:34:58.048] [ARM-RX] robot pid run finished!!
[16:34:58.109] [JETSON-RX] CC 01 01 DD
[16:34:58.109] [JETSON-STATUS] READY: CC 01 01 DD
[16:35:14.969] [ARM-TX] 发送命令 soft_reset: soft_reset
[16:35:15.115] [ARM-RX] Found handler for 'soft_reset', executing...
[16:35:15.115] [ARM-RX] ROBOT_SOFT_RESET_EVENT
[16:35:15.115] [ARM-RX] --- Starting soft reset ---
[16:35:15.302] [ARM-RX] Soft reset motors enabled (J1~J5, J6 skipped).
[16:35:15.302] [ARM-RX] Soft resetting joint 4...
[16:35:15.364] [ARM-RX] robot_update_current_angle 4...
[16:35:15.364] [ARM-RX] [4] current:85.70, target:90.00, dir:1
[16:35:15.924] [ARM-RX] Soft resetting joint 3...
[16:35:15.987] [ARM-RX] robot_update_current_angle 3...
[16:35:15.987] [ARM-RX] [3] current:0.00, target:0.00, dir:-1
[16:35:16.111] [ARM-RX] Soft resetting joint 1...
[16:35:16.111] [ARM-RX] robot_update_current_angle 1...
[16:35:16.111] [ARM-RX] [1] current:105.97, target:90.00, dir:-1
[16:35:18.048] [ARM-RX] robot_update_current_angle 2...
[16:35:18.048] [ARM-RX] [2] current:-71.85, target:-90.00, dir:-1
[16:35:19.358] [ARM-RX] soft reset joint 2 settle timeout, keep going
[16:35:19.358] [ARM-RX] Soft resetting joint 0...
[16:35:19.358] [ARM-RX] robot_update_current_angle 0...
[16:35:19.358] [ARM-RX] [0] current:90.00, target:90.00, dir:-1
[16:35:19.609] [ARM-RX] soft reset final verify PASS (issues:2), pose set HOME.
[16:35:21.349] [ARM-TX] 发送命令 target_disable: target_disable
[16:35:21.422] [ARM-RX] Found handler for 'target_disable', executing...
[16:35:21.422] [ARM-RX] ROBOT_SOFT_RESET_EVENT
[16:35:21.422] [ARM-RX] --- Starting soft reset ---
[16:35:21.422] [ARM-RX] target_disable
[16:35:21.671] [ARM-RX] Soft reset motors enabled (J1~J5, J6 skipped).
[16:35:21.671] [ARM-RX] Soft resetting joint 4...
[16:35:21.671] [ARM-RX] robot_update_current_angle 4...
[16:35:21.671] [ARM-RX] [4] current:90.00, target:90.00, dir:-1
[16:35:21.733] [ARM-RX] Soft resetting joint 3...
[16:35:21.794] [ARM-RX] robot_update_current_angle 3...
[16:35:21.794] [ARM-RX] [3] current:0.00, target:0.00, dir:-1
[16:35:21.918] [ARM-RX] Soft resetting joint 1...
[16:35:21.918] [ARM-RX] robot_update_current_angle 1...
[16:35:21.918] [ARM-RX] [1] current:90.00, target:90.00, dir:1
[16:35:22.041] [ARM-RX] Soft resetting joint 2...
[16:35:22.104] [ARM-RX] robot_update_current_angle 2...
[16:35:22.104] [ARM-RX] [2] current:-90.00, target:-90.00, dir:1
[16:35:22.230] [ARM-RX] Soft resetting joint 0...
[16:35:22.230] [ARM-RX] robot_update_current_angle 0...
[16:35:22.230] [ARM-RX] [0] current:90.00, target:90.00, dir:-1
[16:35:22.480] [ARM-RX] soft reset final verify PASS (issues:0), pose set HOME.
[16:35:31.467] [ARM-TX] 发送命令 auto 0 -100 0: auto 0 -100 0
[16:35:34.670] [ARM-TX] 发送命令 auto 0 -100 0: auto 0 -100 0
[16:35:34.778] [ARM-RX] Found handler for 'auto', executing...
[16:35:34.778] [ARM-RX] ROBOT_AUTO_EVENT
[16:35:34.778] [ARM-RX] [0] <0.00 0.00 0.00> result: 90.00 90.00 -90.00 0.00 90.00 0.00
[16:35:34.779] [ARM-RX] [1] <0.00 -0.00 0.00> result: 90.00 90.00 -90.00 0.00 90.00 0.00
[16:35:34.779] [ARM-RX] [2] <0.00 -0.00 0.00> result: 90.00 90.00 -90.00 0.00
[16:35:34.805] [ARM-RX] 90.00 0.00
[16:35:34.806] [ARM-RX] [3] <0.00 -0.01 0.00> result: 90.00 90.00 -90.00 0.00 90.00 0.00
[16:35:34.806] [ARM-RX] [4] <0.00 -0.01 0.00> result: 90.00 90.00 -90.00 0.00 90.00 0.00
[16:35:34.806] [ARM-RX] [5] <0.00 -0.02 0.00> result: 90.00 90.01 -89.99 0.00 90.00 0.00
[16:35:34.806] [ARM-RX] [6] <0.00 -0.04 0.00> result: 90.00 90.01 -89
[16:35:34.828] [ARM-RX] .99 0.00 90.00 0.00
[16:35:34.829] [ARM-RX] [7] <0.00 -0.06 0.00> result: 90.00 90.02 -89.98 0.00 90.00 0.00
[16:35:34.829] [ARM-RX] [8] <0.00 -0.08 0.00> result: 90.00 90.02 -89.98 0.00 90.00 0.00
[16:35:34.829] [ARM-RX] [9] <0.00 -0.12 0.00> result: 90.00 90.03 -89.97 0.00 90.00 0.00
[16:35:34.829] [ARM-RX] [10] <0.00 -0.16 0.00> result: 90.00
[16:35:34.870] [ARM-RX] 90.05 -89.95 0.00 90.00 0.00
[16:35:34.871] [ARM-RX] [11] <0.00 -0.21 0.00> result: 90.00 90.06 -89.94 0.00 90.00 0.00
[16:35:34.871] [ARM-RX] [12] <0.00 -0.27 0.00> result: 90.00 90.08 -89.92 0.00 90.00 0.00
[16:35:34.871] [ARM-RX] [13] <0.00 -0.34 0.00> result: 90.00 90.10 -89.90 0.00 90.00 0.00
[16:35:34.871] [ARM-RX] [14] <0.00 -0.42 0.00> re
[16:35:34.874] [ARM-RX] sult: 90.00 90.12 -89.88 0.00 90.00 0.00
[16:35:34.879] [ARM-RX] [15] <0.00 -0.51 0.00> result: 90.00 90.15 -89.85 0.00 90.00 0.00
[16:35:34.879] [ARM-RX] [16] <0.00 -0.61 0.00> result: 90.00 90.17 -89.82 0.00 90.00 0.00
[16:35:34.879] [ARM-RX] [17] <0.00 -0.73 0.00> result: 90.00 90.21 -89.79 0.00 90.00 0.00
[16:35:34.879] [ARM-RX] [18] <0.00 -0
[16:35:34.926] [ARM-RX] .86 0.00> result: 90.00 90.25 -89.75 0.00 90.00 0.00
[16:35:34.926] [ARM-RX] [19] <0.00 -1.01 0.00> result: 90.00 90.29 -89.71 0.00 90.00 0.00
[16:35:34.926] [ARM-RX] [20] <0.00 -1.17 0.00> result: 90.00 90.33 -89.66 0.00 90.00 0.00
[16:35:34.927] [ARM-RX] [21] <0.00 -1.35 0.00> result: 90.00 90.38 -89.61 0.00 89.99 0.00
[16:35:34.927] [ARM-RX] [
[16:35:34.928] [ARM-RX] 22] <0.00 -1.54 0.00> result: 90.00 90.44 -89.56 0.00 89.99 0.00
[16:35:34.928] [ARM-RX] [23] <0.00 -1.76 0.00> result: 90.00 90.49 -89.50 0.00 89.99 0.00
[16:35:34.928] [ARM-RX] [24] <0.00 -1.99 0.00> result: 90.00 90.56 -89.43 0.00 89.99 0.00
[16:35:34.930] [ARM-RX] [25] <0.00 -2.23 0.00> result: 90.00 90.63 -89.36 0.00 8
[16:35:34.942] [ARM-RX] 9.99 0.00
[16:35:34.943] [ARM-RX] [26] <0.00 -2.50 0.00> result: 90.00 90.70 -89.28 0.00 89.98 0.00
[16:35:34.943] [ARM-RX] [27] <0.00 -2.79 0.00> result: 90.00 90.78 -89.20 0.00 89.98 0.00
[16:35:34.943] [ARM-RX] [28] <0.00 -3.10 0.00> result: 90.00 90.86 -89.11 0.00 89.97 0.00
[16:35:34.943] [ARM-RX] [29] <0.00 -3.43 0.00> result: 90.00 90.95 -
[16:35:34.988] [ARM-RX] 89.01 0.00 89.97 0.00
[16:35:34.989] [ARM-RX] [30] <0.00 -3.78 0.00> result: 90.00 91.05 -88.91 0.00 89.96 0.00
[16:35:34.989] [ARM-RX] [31] <0.00 -4.16 0.00> result: 90.00 91.15 -88.81 0.00 89.95 0.00
[16:35:34.989] [ARM-RX] [32] <0.00 -4.56 0.00> result: 90.00 91.25 -88.69 0.00 89.94 0.00
[16:35:34.989] [ARM-RX] [33] <0.00 -4.98 0.00> result: 9
[16:35:35.002] [ARM-RX] 0.00 91.36 -88.57 0.00 89.93 0.00
[16:35:35.002] [ARM-RX] [34] <0.00 -5.42 0.00> result: 90.00 91.48 -88.44 0.00 89.92 0.00
[16:35:35.002] [ARM-RX] [35] <0.00 -5.89 0.00> result: 90.00 91.60 -88.30 0.00 89.91 0.00
[16:35:35.002] [ARM-RX] [36] <0.00 -6.39 0.00> result: 90.00 91.73 -88.16 0.00 89.89 0.00
[16:35:35.002] [ARM-RX] [37] <0.00 -6.91 0.0
[16:35:35.042] [ARM-RX] 0> result: 90.00 91.86 -88.01 0.00 89.87 0.00
[16:35:35.042] [ARM-RX] [38] <0.00 -7.45 0.00> result: 90.00 92.00 -87.85 0.00 89.85 0.00
[16:35:35.042] [ARM-RX] [39] <0.00 -8.02 0.00> result: 90.00 92.14 -87.69 0.00 89.83 0.00
[16:35:35.042] [ARM-RX] [40] <0.00 -8.62 0.00> result: 90.00 92.29 -87.51 0.00 89.81 0.00
[16:35:35.044] [ARM-RX] [41] <0.
[16:35:35.045] [ARM-RX] 00 -9.25 0.00> result: 90.00 92.45 -87.33 0.00 89.78 0.00
[16:35:35.045] [ARM-RX] [42] <0.00 -9.90 0.00> result: 90.00 92.61 -87.14 0.00 89.75 0.00
[16:35:35.045] [ARM-RX] [43] <0.00 -10.58 0.00> result: 90.00 92.77 -86.95 0.00 89.72 0.00
[16:35:35.045] [ARM-RX] [44] <0.00 -11.29 0.00> result: 90.00 92.95 -86.74 0.00 89.69
[16:35:35.069] [ARM-RX] 0.00
[16:35:35.069] [ARM-RX] [45] <0.00 -12.03 0.00> result: 90.00 93.12 -86.53 0.00 89.65 0.00
[16:35:35.069] [ARM-RX] [46] <0.00 -12.79 0.00> result: 90.00 93.30 -86.30 0.00 89.61 0.00
[16:35:35.070] [ARM-RX] [47] <0.00 -13.58 0.00> result: 90.00 93.49 -86.07 0.00 89.56 0.00
[16:35:35.070] [ARM-RX] [48] <0.00 -14.41 0.00> result: 90.00 93.68 -8
[16:35:35.100] [ARM-RX] 5.83 0.00 89.51 0.00
[16:35:35.101] [ARM-RX] [49] <0.00 -15.26 0.00> result: 90.00 93.88 -85.58 0.00 89.46 0.00
[16:35:35.101] [ARM-RX] [50] <0.00 -16.14 0.00> result: 90.00 94.08 -85.33 0.00 89.40 0.00
[16:35:35.102] [ARM-RX] [51] <0.00 -17.05 0.00> result: 90.00 94.28 -85.06 0.00 89.34 0.00
[16:35:35.102] [ARM-RX] [52] <0.00 -17.99 0.00> result
[16:35:35.113] [ARM-RX] : 90.00 94.49 -84.78 0.00 89.28 0.00
[16:35:35.113] [ARM-RX] [53] <0.00 -18.96 0.00> result: 90.00 94.71 -84.50 0.00 89.21 0.00
[16:35:35.114] [ARM-RX] [54] <0.00 -19.96 0.00> result: 90.00 94.93 -84.21 0.00 89.14 0.00
[16:35:35.114] [ARM-RX] [55] <0.00 -21.00 0.00> result: 90.00 95.15 -83.90 0.00 89.06 0.00
[16:35:35.114] [ARM-RX] [56] <0.00 -22
[16:35:35.136] [ARM-RX] .06 0.00> result: 90.00 95.38 -83.59 0.00 88.97 0.00
[16:35:35.137] [ARM-RX] [57] <0.00 -23.15 0.00> result: 90.00 95.62 -83.27 0.00 88.89 0.00
[16:35:35.137] [ARM-RX] [58] <0.00 -24.27 0.00> result: 90.00 95.85 -82.94 0.00 88.79 0.00
[16:35:35.137] [ARM-RX] [59] <0.00 -25.42 0.00> result: 90.00 96.09 -82.60 0.00 88.70 0.00
[16:35:35.170] [ARM-RX] [60] <0.00 -26.60 0.00> result: 90.00 96.34 -82.25 0.00 88.59 0.00
[16:35:35.170] [ARM-RX] [61] <0.00 -27.81 0.00> result: 90.00 96.59 -81.90 0.00 88.49 0.00
[16:35:35.171] [ARM-RX] [62] <0.00 -29.05 0.00> result: 90.00 96.84 -81.53 0.00 88.37 0.00
[16:35:35.171] [ARM-RX] [63] <0.00 -30.32 0.00> result: 90.00 97.10 -81.15
[16:35:35.195] [ARM-RX] 0.00 88.26 0.00
[16:35:35.195] [ARM-RX] [64] <0.00 -31.62 0.00> result: 90.00 97.36 -80.77 0.00 88.13 0.00
[16:35:35.196] [ARM-RX] [65] <0.00 -32.94 0.00> result: 90.00 97.63 -80.38 0.00 88.00 0.00
[16:35:35.196] [ARM-RX] [66] <0.00 -34.30 0.00> result: 90.00 97.90 -79.97 0.00 87.87 0.00
[16:35:35.196] [ARM-RX] [67] <0.00 -35.69 0.00> result: 90
[16:35:35.218] [ARM-RX] .00 98.17 -79.56 0.00 87.73 0.00
[16:35:35.219] [ARM-RX] [68] <0.00 -37.10 0.00> result: 90.00 98.45 -79.14 0.00 87.59 0.00
[16:35:35.219] [ARM-RX] [69] <0.00 -38.55 0.00> result: 90.00 98.73 -78.71 0.00 87.44 0.00
[16:35:35.219] [ARM-RX] [70] <0.00 -40.02 0.00> result: 90.00 99.01 -78.27 0.00 87.28 0.00
[16:35:35.219] [ARM-RX] [71] <0.00 -41.52
[16:35:35.239] [ARM-RX] 0.00> result: 90.00 99.30 -77.82 0.00 87.12 0.00
[16:35:35.240] [ARM-RX] [72] <0.00 -43.05 0.00> result: 90.00 99.59 -77.37 0.00 86.95 0.00
[16:35:35.240] [ARM-RX] [73] <0.00 -44.60 0.00> result: 90.00 99.88 -76.90 0.00 86.78 0.00
[16:35:35.240] [ARM-RX] [74] <0.00 -46.18 0.00> result: 90.00 100.18 -76.43 0.00 86.60 0.00
[16:35:35.240] [ARM-RX] [
[16:35:35.262] [ARM-RX] 75] <0.00 -47.79 0.00> result: 90.00 100.48 -75.94 0.00 86.42 0.00
[16:35:35.262] [ARM-RX] [76] <0.00 -49.42 0.00> result: 90.00 100.78 -75.45 0.00 86.23 0.00
[16:35:35.262] [ARM-RX] [77] <0.00 -51.08 0.00> result: 90.00 101.08 -74.95 0.00 86.04 0.00
[16:35:35.262] [ARM-RX] [78] <0.00 -52.77 0.00> result: 90.00 101.39 -74.4
[16:35:35.288] [ARM-RX] 5 0.00 85.84 0.00
[16:35:35.289] [ARM-RX] [79] <0.00 -54.48 0.00> result: 90.00 101.71 -73.93 0.00 85.64 0.00
[16:35:35.289] [ARM-RX] [80] <0.00 -56.21 0.00> result: 90.00 102.02 -73.41 0.00 85.43 0.00
[16:35:35.289] [ARM-RX] [81] <0.00 -57.97 0.00> result: 90.00 102.34 -72.87 0.00 85.21 0.00
[16:35:35.289] [ARM-RX] [82] <0.00 -59.75 0.00> result
[16:35:35.331] [ARM-RX] : 90.00 102.66 -72.33 0.00 84.99 0.00
[16:35:35.331] [ARM-RX] [83] <0.00 -61.55 0.00> result: 90.00 102.98 -71.79 0.00 84.77 0.00
[16:35:35.331] [ARM-RX] [84] <0.00 -63.38 0.00> result: 90.00 103.31 -71.23 0.00 84.54 0.00
[16:35:35.331] [ARM-RX] [85] <0.00 -65.23 0.00> result: 90.00 103.64 -70.67 0.00 84.30 0.00
[16:35:35.332] [ARM-RX] [86] <0.00
[16:35:35.346] [ARM-RX] -67.10 0.00> result: 90.00 103.97 -70.10 0.00 84.07 0.00
[16:35:35.348] [ARM-RX] [87] <0.00 -68.99 0.00> result: 90.00 104.30 -69.52 0.00 83.82 0.00
[16:35:35.348] [ARM-RX] [88] <0.00 -70.89 0.00> result: 90.00 104.64 -68.94 0.00 83.57 0.00
[16:35:35.348] [ARM-RX] [89] <0.00 -72.82 0.00> result: 90.00 104.98 -68.34 0.00 83
[16:35:35.391] [ARM-RX] .32 0.00
[16:35:35.391] [ARM-RX] [90] <0.00 -74.77 0.00> result: 90.00 105.32 -67.75 0.00 83.06 0.00
[16:35:35.391] [ARM-RX] [91] <0.00 -76.73 0.00> result: 90.00 105.66 -67.14 0.00 82.80 0.00
[16:35:35.392] [ARM-RX] [92] <0.00 -78.72 0.00> result: 90.00 106.01 -66.53 0.00 82.53 0.00
[16:35:35.392] [ARM-RX] [93] <0.00 -80.71 0.00> result: 90.00 1
[16:35:35.394] [ARM-RX] 06.35 -65.91 0.00 82.26 0.00
[16:35:35.394] [ARM-RX] [94] <0.00 -82.73 0.00> result: 90.00 106.70 -65.29 0.00 81.99 0.00
[16:35:35.394] [ARM-RX] [95] <0.00 -84.76 0.00> result: 90.00 107.05 -64.66 0.00 81.71 0.00
[16:35:35.395] [ARM-RX] [96] <0.00 -86.80 0.00> result: 90.00 107.41 -64.02 0.00 81.43 0.00
[16:35:35.395] [ARM-RX] [97] <0.00 -88.86 0
[16:35:35.410] [ARM-RX] .00> result: 90.00 107.76 -63.38 0.00 81.14 0.00
[16:35:35.411] [ARM-RX] [98] <0.00 -90.93 0.00> result: 90.00 108.12 -62.73 0.00 80.85 0.00
[16:35:35.411] [ARM-RX] [99] <0.00 -93.01 0.00> result: 90.00 108.48 -62.08 0.00 80.56 0.00
[16:35:35.411] [ARM-RX] [100] <0.00 -95.11 0.00> result: 90.00 108.84 -61.42 0.00 80.26 0.00
[16:35:35.433] [ARM-RX] [101] <0.00 -97.21 0.00> result: 90.00 109.20 -60.76 0.00 79.96 0.00
[16:35:35.433] [ARM-RX] [102] <0.00 -99.33 0.00> result: 90.00 109.57 -60.09 0.00 79.66 0.00
[16:35:35.433] [ARM-RX] [103] <0.00 -100.00 0.00> result: 90.00 109.68 -59.88 0.00 79.56 0.00
[16:35:35.434] [ARM-RX] [104] <0.00 -100.00 0.00> result: 90.00 109
[16:35:35.456] [ARM-RX] .68 -59.88 0.00 79.56 0.00
[16:35:35.456] [ARM-RX] [105] <0.00 -100.00 0.00> result: 90.00 109.68 -59.88 0.00 79.56 0.00
[16:35:35.456] [ARM-RX] [106] <0.00 -100.00 0.00> result: 90.00 109.68 -59.88 0.00 79.56 0.00
[16:35:35.456] [ARM-RX] [107] <0.00 -100.00 0.00> result: 90.00 109.68 -59.88 0.00 79.56 0.00
[16:35:35.456] [ARM-RX] [108] <0.00 -10
[16:35:35.498] [ARM-RX] 0.00 0.00> result: 90.00 109.68 -59.88 0.00 79.56 0.00
[16:35:35.498] [ARM-RX] [109] <0.00 -100.00 0.00> result: 90.00 109.68 -59.88 0.00 79.56 0.00
[16:35:35.498] [ARM-RX] [110] <0.00 -100.00 0.00> result: 90.00 109.68 -59.88 0.00 79.56 0.00
[16:35:35.498] [ARM-RX] [111] <0.00 -100.00 0.00> result: 90.00 109.68 -59.88 0.00
[16:35:35.502] [ARM-RX] 79.56 0.00
[16:35:35.502] [ARM-RX] [112] <0.00 -100.00 0.00> result: 90.00 109.68 -59.88 0.00 79.56 0.00
[16:35:35.502] [ARM-RX] [113] <0.00 -100.00 0.00> result: 90.00 109.68 -59.88 0.00 79.56 0.00
[16:35:35.502] [ARM-RX] [114] <0.00 -100.00 0.00> result: 90.00 109.68 -59.88 0.00 79.56 0.00
[16:35:35.503] [ARM-RX] [115] <0.00 -100.00 0.00> resu
[16:35:35.551] [ARM-RX] lt: 90.00 109.68 -59.88 0.00 79.56 0.00
[16:35:35.553] [ARM-RX] [116] <0.00 -100.00 0.00> result: 90.00 109.68 -59.88 0.00 79.56 0.00
[16:35:35.553] [ARM-RX] [117] <0.00 -100.00 0.00> result: 90.00 109.68 -59.88 0.00 79.56 0.00
[16:35:35.553] [ARM-RX] [118] <0.00 -100.00 0.00> result: 90.00 109.68 -59.88 0.00 79.56 0.00
[16:35:35.553] [ARM-RX] [1
[16:35:35.559] [ARM-RX] 19] <0.00 -100.00 0.00> result: 90.00 109.68 -59.88 0.00 79.56 0.00
[16:35:35.559] [ARM-RX] [120] <0.00 -100.00 0.00> result: 90.00 109.68 -59.88 0.00 79.56 0.00
[16:35:35.559] [ARM-RX] [121] <0.00 -100.00 0.00> result: 90.00 109.68 -59.88 0.00 79.56 0.00
[16:35:35.559] [ARM-RX] [122] <0.00 -100.00 0.00> result: 90.00 109.6
[16:35:35.603] [ARM-RX] 8 -59.88 0.00 79.56 0.00
[16:35:35.605] [ARM-RX] [123] <0.00 -100.00 0.00> result: 90.00 109.68 -59.88 0.00 79.56 0.00
[16:35:35.605] [ARM-RX] [124] <0.00 -100.00 0.00> result: 90.00 109.68 -59.88 0.00 79.56 0.00
[16:35:35.605] [ARM-RX] [125] <0.00 -100.00 0.00> result: 90.00 109.68 -59.88 0.00 79.56 0.00
[16:35:35.605] [ARM-RX] [126] <0.00 -100.
[16:35:35.606] [ARM-RX] 00 0.00> result: 90.00 109.68 -59.88 0.00 79.56 0.00
[16:35:35.606] [ARM-RX] [127] <0.00 -100.00 0.00> result: 90.00 109.68 -59.88 0.00 79.56 0.00
[16:35:35.606] [ARM-RX] [128] <0.00 -100.00 0.00> result: 90.00 109.68 -59.88 0.00 79.56 0.00
[16:35:35.606] [ARM-RX] [129] <0.00 -100.00 0.00> result: 90.00 109.68 -59.88 0.00 7
[16:35:35.628] [ARM-RX] 9.56 0.00
[16:35:35.628] [ARM-RX] [130] <0.00 -100.00 0.00> result: 90.00 109.68 -59.88 0.00 79.56 0.00
[16:35:35.629] [ARM-RX] [131] <0.00 -100.00 0.00> result: 90.00 109.68 -59.88 0.00 79.56 0.00
[16:35:35.629] [ARM-RX] [132] <0.00 -100.00 0.00> result: 90.00 109.68 -59.88 0.00 79.56 0.00
[16:35:35.629] [ARM-RX] [133] <0.00 -100.00 0.00> result
[16:35:35.662] [ARM-RX] : 90.00 109.68 -59.88 0.00 79.56 0.00
[16:35:35.663] [ARM-RX] [134] <0.00 -100.00 0.00> result: 90.00 109.68 -59.88 0.00 79.56 0.00
[16:35:35.663] [ARM-RX] [135] <0.00 -100.00 0.00> result: 90.00 109.68 -59.88 0.00 79.56 0.00
[16:35:35.663] [ARM-RX] [136] <0.00 -100.00 0.00> result: 90.00 109.68 -59.88 0.00 79.56 0.00
[16:35:35.663] [ARM-RX] [137
[16:35:35.673] [ARM-RX] ] <0.00 -100.00 0.00> result: 90.00 109.68 -59.88 0.00 79.56 0.00
[16:35:35.673] [ARM-RX] [138] <0.00 -100.00 0.00> result: 90.00 109.68 -59.88 0.00 79.56 0.00
[16:35:35.673] [ARM-RX] [139] <0.00 -100.00 0.00> result: 90.00 109.68 -59.88 0.00 79.56 0.00
[16:35:35.673] [ARM-RX] [140] <0.00 -100.00 0.00> result: 90.00 109.68
[16:35:35.716] [ARM-RX] -59.88 0.00 79.56 0.00
[16:35:35.717] [ARM-RX] [141] <0.00 -100.00 0.00> result: 90.00 109.68 -59.88 0.00 79.56 0.00
[16:35:35.717] [ARM-RX] [142] <0.00 -100.00 0.00> result: 90.00 109.68 -59.88 0.00 79.56 0.00
[16:35:35.717] [ARM-RX] [143] <0.00 -100.00 0.00> result: 90.00 109.68 -59.88 0.00 79.56 0.00
[16:35:35.717] [ARM-RX] [144] <0.00 -100.00
[16:35:35.730] [ARM-RX] 0.00> result: 90.00 109.68 -59.88 0.00 79.56 0.00
[16:35:35.730] [ARM-RX] [145] <0.00 -100.00 0.00> result: 90.00 109.68 -59.88 0.00 79.56 0.00
[16:35:35.730] [ARM-RX] [146] <0.00 -100.00 0.00> result: 90.00 109.68 -59.88 0.00 79.56 0.00
[16:35:35.730] [ARM-RX] [147] <0.00 -100.00 0.00> result: 90.00 109.68 -59.88 0.00 79.
[16:35:35.774] [ARM-RX] 56 0.00
[16:35:35.775] [ARM-RX] [148] <0.00 -100.00 0.00> result: 90.00 109.68 -59.88 0.00 79.56 0.00
[16:35:35.775] [ARM-RX] [149] <0.00 -100.00 0.00> result: 90.00 109.68 -59.88 0.00 79.56 0.00
[16:35:35.775] [ARM-RX] [150] <0.00 -100.00 0.00> result: 90.00 109.68 -59.88 0.00 79.56 0.00
[16:35:35.775] [ARM-RX] [151] <0.00 -100.00 0.00> result:
[16:35:35.777] [ARM-RX] 90.00 109.68 -59.88 0.00 79.56 0.00
[16:35:35.777] [ARM-RX] [152] <0.00 -100.00 0.00> result: 90.00 109.68 -59.88 0.00 79.56 0.00
[16:35:35.777] [ARM-RX] [153] <0.00 -100.00 0.00> result: 90.00 109.68 -59.88 0.00 79.56 0.00
[16:35:35.777] [ARM-RX] [154] <0.00 -100.00 0.00> result: 90.00 109.68 -59.88 0.00 79.56 0.00
[16:35:35.779] [ARM-RX] [155]
[16:35:35.798] [ARM-RX] <0.00 -100.00 0.00> result: 90.00 109.68 -59.88 0.00 79.56 0.00
[16:35:35.798] [ARM-RX] [156] <0.00 -100.00 0.00> result: 90.00 109.68 -59.88 0.00 79.56 0.00
[16:35:35.798] [ARM-RX] [157] <0.00 -100.00 0.00> result: 90.00 109.68 -59.88 0.00 79.56 0.00
[16:35:35.799] [ARM-RX] [158] <0.00 -100.00 0.00> result: 90.00 109.68 -5
[16:35:35.822] [ARM-RX] 9.88 0.00 79.56 0.00
[16:35:35.822] [ARM-RX] [159] <0.00 -100.00 0.00> result: 90.00 109.68 -59.88 0.00 79.56 0.00
[16:35:35.822] [ARM-RX] [160] <0.00 -100.00 0.00> result: 90.00 109.68 -59.88 0.00 79.56 0.00
[16:35:35.822] [ARM-RX] [161] <0.00 -100.00 0.00> result: 90.00 109.68 -59.88 0.00 79.56 0.00
[16:35:35.822] [ARM-RX] [162] <0.00 -100.00 0
[16:35:35.844] [ARM-RX] .00> result: 90.00 109.68 -59.88 0.00 79.56 0.00
[16:35:35.844] [ARM-RX] [163] <0.00 -100.00 0.00> result: 90.00 109.68 -59.88 0.00 79.56 0.00
[16:35:35.844] [ARM-RX] [164] <0.00 -100.00 0.00> result: 90.00 109.68 -59.88 0.00 79.56 0.00
[16:35:35.844] [ARM-RX] [165] <0.00 -100.00 0.00> result: 90.00 109.68 -59.88 0.00 79.56
[16:35:35.906] [ARM-RX] 0.00
[16:35:35.906] [ARM-RX] [166] <0.00 -100.00 0.00> result: 90.00 109.68 -59.88 0.00 79.56 0.00
[16:35:35.907] [ARM-RX] [167] <0.00 -100.00 0.00> result: 90.00 109.68 -59.88 0.00
[16:35:35.921] [ARM-RX] 79.56 0.00
[16:35:35.921] [ARM-RX] [168] <0.00 -100.00 0.00> result: 90.00 109.68 -59.88 0.00 79.56 0.00
[16:35:35.922] [ARM-RX] [169] <0.00 -100.00 0.00> result: 90.00 109.68 -59.88 0.00 79.56 0.00
[16:35:35.922] [ARM-RX] [170] <0.00 -100.00 0.00> result: 90.00 109.68 -59.88 0.00 79.56 0.00
[16:35:35.922] [ARM-RX] [171] <0.00 -100.00 0.00> resu
[16:35:35.923] [ARM-RX] lt: 90.00 109.68 -59.88 0.00 79.56 0.00
[16:35:35.923] [ARM-RX] [172] <0.00 -100.00 0.00> result: 90.00 109.68 -59.88 0.00 79.56 0.00
[16:35:35.923] [ARM-RX] [173] <0.00 -100.00 0.00> result: 90.00 109.68 -59.88 0.00 79.56 0.00
[16:35:35.923] [ARM-RX] [174] <0.00 -100.00 0.00> result: 90.00 109.68 -59.88 0.00 79.56 0.00
[16:35:35.924] [ARM-RX] [1
[16:35:35.936] [ARM-RX] 75] <0.00 -100.00 0.00> result: 90.00 109.68 -59.88 0.00 79.56 0.00
[16:35:35.936] [ARM-RX] [176] <0.00 -100.00 0.00> result: 90.00 109.68 -59.88 0.00 79.56 0.00
[16:35:35.936] [ARM-RX] [177] <0.00 -100.00 0.00> result: 90.00 109.68 -59.88 0.00 79.56 0.00
[16:35:35.936] [ARM-RX] [178] <0.00 -100.00 0.00> result: 90.00 109.6
[16:35:35.959] [ARM-RX] 8 -59.88 0.00 79.56 0.00
[16:35:35.959] [ARM-RX] [179] <0.00 -100.00 0.00> result: 90.00 109.68 -59.88 0.00 79.56 0.00
[16:35:35.959] [ARM-RX] [180] <0.00 -100.00 0.00> result: 90.00 109.68 -59.88 0.00 79.56 0.00
[16:35:35.960] [ARM-RX] [181] <0.00 -100.00 0.00> result: 90.00 109.68 -59.88 0.00 79.56 0.00
[16:35:35.960] [ARM-RX] [182] <0.00 -100.
[16:35:35.982] [ARM-RX] 00 0.00> result: 90.00 109.68 -59.88 0.00 79.56 0.00
[16:35:35.983] [ARM-RX] [183] <0.00 -100.00 0.00> result: 90.00 109.68 -59.88 0.00 79.56 0.00
[16:35:35.983] [ARM-RX] [184] <0.00 -100.00 0.00> result: 90.00 109.68 -59.88 0.00 79.56 0.00
[16:35:35.983] [ARM-RX] [185] <0.00 -100.00 0.00> result: 90.00 109.68 -59.88 0.00 7
[16:35:36.045] [ARM-RX] 9.56 0.00
[16:35:36.045] [ARM-RX] [186] <0.00 -100.00 0.00> result: 90.00 109.68 -59.88 0.00 79.56 0.00
[16:35:36.045] [ARM-RX] [187] <0.00 -100.00 0.00> result: 90.00 109.68 -59.88 0.00 79.56 0.00
[16:35:36.045] [ARM-RX] [188] <
[16:35:36.055] [ARM-RX] 0.00 -100.00 0.00> result: 90.00 109.68 -59.88 0.00 79.56 0.00
[16:35:36.055] [ARM-RX] [189] <0.00 -100.00 0.00> result: 90.00 109.68 -59.88 0.00 79.56 0.00
[16:35:36.055] [ARM-RX] [190] <0.00 -100.00 0.00> result: 90.00 109.68 -59.88 0.00 79.56 0.00
[16:35:36.055] [ARM-RX] [191] <0.00 -100.00 0.00> result: 90.00 109.68 -59
[16:35:36.056] [ARM-RX] .88 0.00 79.56 0.00
[16:35:36.056] [ARM-RX] [192] <0.00 -100.00 0.00> result: 90.00 109.68 -59.88 0.00 79.56 0.00
[16:35:36.056] [ARM-RX] [193] <0.00 -100.00 0.00> result: 90.00 109.68 -59.88 0.00 79.56 0.00
[16:35:36.056] [ARM-RX] [194] <0.00 -100.00 0.00> result: 90.00 109.68 -59.88 0.00 79.56 0.00
[16:35:36.056] [ARM-RX] [195] <0.00 -100.00 0.
[16:35:36.098] [ARM-RX] 00> result: 90.00 109.68 -59.88 0.00 79.56 0.00
[16:35:36.098] [ARM-RX] [196] <0.00 -100.00 0.00> result: 90.00 109.68 -59.88 0.00 79.56 0.00
[16:35:36.098] [ARM-RX] [197] <0.00 -100.00 0.00> result: 90.00 109.68 -59.88 0.00 79.56 0.00
[16:35:36.098] [ARM-RX] [198] <0.00 -100.00 0.00> result: 90.00 109.68 -59.88 0.00 79.56
[16:35:36.100] [ARM-RX] 0.00
[16:35:36.100] [ARM-RX] [199] <0.00 -100.00 0.00> result: 90.00 109.68 -59.88 0.00 79.56 0.00
[16:35:36.100] [ARM-RX] [200] <0.00 -100.00 0.00> result: 90.00 109.68 -59.88 0.00 79.56 0.00
[16:35:36.101] [ARM-RX] [201] <0.00 -100.00 0.00> result: 90.00 109.68 -59.88 0.00 79.56 0.00
[16:35:36.101] [ARM-RX] [202] <0.00 -100.00 0.00> result: 90.
[16:35:36.118] [ARM-RX] 00 109.68 -59.88 0.00 79.56 0.00
[16:35:36.119] [ARM-RX] [203] <0.00 -100.00 0.00> result: 90.00 109.68 -59.88 0.00 79.56 0.00
[16:35:36.119] [ARM-RX] [204] <0.00 -100.00 0.00> result: 90.00 109.68 -59.88 0.00 79.56 0.00
[16:35:36.119] [ARM-RX] [205] <0.00 -100.00 0.00> result: 90.00 109.68 -59.88 0.00 79.56 0.00
[16:35:36.119] [ARM-RX] [206] <0.
[16:35:36.157] [ARM-RX] 00 -100.00 0.00> result: 90.00 109.68 -59.88 0.00 79.56 0.00
[16:35:36.157] [ARM-RX] [207] <0.00 -100.00 0.00> result: 90.00 109.68 -59.88 0.00 79.56 0.00
[16:35:36.157] [ARM-RX] [208] <0.00 -100.00 0.00> result: 90.00 109.68 -59.88 0.00 79.56 0.00
[16:35:36.157] [ARM-RX] [209] <0.00 -100.00 0.00> result: 90.00 109.68 -59.8
[16:35:36.164] [ARM-RX] 8 0.00 79.56 0.00
[16:35:36.164] [ARM-RX] [210] <0.00 -100.00 0.00> result: 90.00 109.68 -59.88 0.00 79.56 0.00
[16:35:36.165] [ARM-RX] [211] <0.00 -100.00 0.00> result: 90.00 109.68 -59.88 0.00 79.56 0.00
[16:35:36.165] [ARM-RX] [212] <0.00 -100.00 0.00> result: 90.00 109.68 -59.88 0.00 79.56 0.00
[16:35:36.165] [ARM-RX] [213] <0.00 -100.00 0.00
[16:35:36.211] [ARM-RX] > result: 90.00 109.68 -59.88 0.00 79.56 0.00
[16:35:36.211] [ARM-RX] [214] <0.00 -100.00 0.00> result: 90.00 109.68 -59.88 0.00 79.56 0.00
[16:35:36.211] [ARM-RX] [215] <0.00 -100.00 0.00> result: 90.00 109.68 -59.88 0.00 79.56 0.00
[16:35:36.211] [ARM-RX] [216] <0.00 -100.00 0.00> result: 90.00 109.68 -59.88 0.00 79.56 0.
[16:35:36.221] [ARM-RX] 00
[16:35:36.223] [ARM-RX] [217] <0.00 -100.00 0.00> result: 90.00 109.68 -59.88 0.00 79.56 0.00
[16:35:36.223] [ARM-RX] [218] <0.00 -100.00 0.00> result: 90.00 109.68 -59.88 0.00 79.56 0.00
[16:35:36.223] [ARM-RX] [219] <0.00 -100.00 0.00> result: 90.00 109.68 -59.88 0.00 79.56 0.00
[16:35:36.223] [ARM-RX] [220] <0.00 -100.00 0.00> result: 90.00
[16:35:36.268] [ARM-RX] 109.68 -59.88 0.00 79.56 0.00
[16:35:36.268] [ARM-RX] [221] <0.00 -100.00 0.00> result: 90.00 109.68 -59.88 0.00 79.56 0.00
[16:35:36.268] [ARM-RX] [222] <0.00 -100.00 0.00> result: 90.00 109.68 -59.88 0.00 79.56 0.00
[16:35:36.268] [ARM-RX] [223] <0.00 -100.00 0.00> result: 90.00 109.68 -59.88 0.00 79.56 0.00
[16:35:36.268] [ARM-RX] [224] <0.00
[16:35:36.269] [ARM-RX] -100.00 0.00> result: 90.00 109.68 -59.88 0.00 79.56 0.00
[16:35:36.269] [ARM-RX] [225] <0.00 -100.00 0.00> result: 90.00 109.68 -59.88 0.00 79.56 0.00
[16:35:36.269] [ARM-RX] [226] <0.00 -100.00 0.00> result: 90.00 109.68 -59.88 0.00 79.56 0.00
[16:35:36.269] [ARM-RX] [227] <0.00 -100.00 0.00> result: 90.00 109.68 -59.88
[16:35:36.325] [ARM-RX] 0.00 79.56 0.00
[16:35:38.696] [ARM-RX] [joint 1] ave_error:0.00
[16:35:38.696] [ARM-RX] [joint 2] ave_error:4.22
[16:35:38.696] [ARM-RX] [joint 3] ave_error:5.33
[16:35:38.697] [ARM-RX] [joint 4] ave_error:0.00
[16:35:38.697] [ARM-RX] [joint 5] ave_error:0.91
[16:35:38.697] [ARM-RX] robot pid run finished!!
[16:35:39.521] [ARM-RX] AUTO final confirm failed: joint 2 err=6.16deg tol=3.00, pose invalid.
[16:35:39.522] [ARM-RX] J1 cur=90.00 target=90.00 err=-0.00
[16:35:39.522] [ARM-RX] J2 cur=115.48 target=109.68 err=-5.80
[16:35:39.522] [ARM-RX] J3 cur=-53.71 target=-59.88 err=-6.16
[16:35:39.523] [ARM-RX] J4 cur=0.00 target=0.00 err=-0.00
[16:35:39.523] [ARM-RX] J5 cur=79.31 target=79.5
[16:35:39.585] [ARM-RX] 6 err=0.25
[16:35:42.411] [ARM-TX] 发送命令 soft_reset: soft_reset
[16:35:42.579] [ARM-RX] Found handler for 'soft_reset', executing...
[16:35:42.579] [ARM-RX] ROBOT_SOFT_RESET_EVENT
[16:35:42.579] [ARM-RX] --- Starting soft reset ---
[16:35:42.767] [ARM-RX] Soft reset motors enabled (J1~J5, J6 skipped).
[16:35:42.767] [ARM-RX] Soft resetting joint 4...
[16:35:42.828] [ARM-RX] robot_update_current_angle 4...
[16:35:42.828] [ARM-RX] [4] current:79.31, target:90.00, dir:1
[16:35:43.953] [ARM-RX] Soft resetting joint 3...
[16:35:43.953] [ARM-RX] robot_update_current_angle 3...
[16:35:43.953] [ARM-RX] [3] current:0.00, target:0.00, dir:-1
[16:35:43.953] [ARM-RX] Soft resetting joint 1...
[16:35:44.015] [ARM-RX] robot_update_current_angle 1...
[16:35:44.015] [ARM-RX] [1] current:115.47, target:90.00, dir:-1
[16:35:45.822] [ARM-RX] soft reset joint 1 settle timeout, keep going
[16:35:45.822] [ARM-RX] Soft resetting joint 2...
[16:35:45.822] [ARM-RX] robot_update_current_angle 2...
[16:35:45.822] [ARM-RX] [2] current:-53.72, target:-90.00, dir:-1
[16:35:47.945] [ARM-RX] soft reset joint 2 settle timeout, keep going
[16:35:47.945] [ARM-RX] Soft resetting joint 0...
[16:35:47.945] [ARM-RX] robot_update_current_angle 0...
[16:35:47.946] [ARM-RX] [0] current:90.00, target:90.00, dir:-1
[16:35:48.130] [ARM-RX] soft reset verify not pass, start refine loop...
[16:35:48.254] [ARM-RX] soft reset refine joint 2 round 1: cur=-86.22 target=-90.00 err=3.78 dir=-1
[16:35:49.189] [ARM-RX] soft reset refine pass 1 success.
[16:35:49.189] [ARM-RX] soft reset final verify PASS (issues:2), pose set HOME.
[16:35:51.560] [ARM-TX] 发送命令 auto 0 -130 0: auto 0 -130 0
[16:35:51.680] [ARM-RX] Found handler for 'auto', executing...
[16:35:51.680] [ARM-RX] ROBOT_AUTO_EVENT
[16:35:51.680] [ARM-RX] [0] <0.00 0.00 0.00> result: 90.00 90.00 -90.00 0.00 90.00 0.00
[16:35:51.689] [ARM-RX] [1] <0.00 -0.00 0.00> result: 90.00 90.00 -90.00 0.00 90.00 0.00
[16:35:51.690] [ARM-RX] [2] <0.00 -0.00 0.00> result: 90.00 90.00 -90.00 0.00 90.00 0.00
[16:35:51.690] [ARM-RX] [3] <0.00 -0.01 0.00> result: 90.00 90.00 -90.00 0.00 90.00 0.00
[16:35:51.690] [ARM-RX] [4] <0.00 -0.01 0.00> result: 90.00 90.00 -90.00 0.00 90.
[16:35:51.707] [ARM-RX] 00 0.00
[16:35:51.707] [ARM-RX] [5] <0.00 -0.02 0.00> result: 90.00 90.01 -89.99 0.00 90.00 0.00
[16:35:51.707] [ARM-RX] [6] <0.00 -0.03 0.00> result: 90.00 90.01 -89.99 0.00 90.00 0.00
[16:35:51.707] [ARM-RX] [7] <0.00 -0.05 0.00> result: 90.00 90.01 -89.99 0.00 90.00 0.00
[16:35:51.707] [ARM-RX] [8] <0.00 -0.07 0.00> result: 90.00 90.02 -89.98
[16:35:51.746] [ARM-RX] 0.00 90.00 0.00
[16:35:51.747] [ARM-RX] [9] <0.00 -0.10 0.00> result: 90.00 90.03 -89.97 0.00 90.00 0.00
[16:35:51.747] [ARM-RX] [10] <0.00 -0.14 0.00> result: 90.00 90.04 -89.96 0.00 90.00 0.00
[16:35:51.747] [ARM-RX] [11] <0.00 -0.18 0.00> result: 90.00 90.05 -89.95 0.00 90.00 0.00
[16:35:51.747] [ARM-RX] [12] <0.00 -0.24 0.00> result: 90.00 90
[16:35:51.753] [ARM-RX] .07 -89.93 0.00 90.00 0.00
[16:35:51.753] [ARM-RX] [13] <0.00 -0.30 0.00> result: 90.00 90.08 -89.92 0.00 90.00 0.00
[16:35:51.753] [ARM-RX] [14] <0.00 -0.37 0.00> result: 90.00 90.10 -89.89 0.00 90.00 0.00
[16:35:51.753] [ARM-RX] [15] <0.00 -0.45 0.00> result: 90.00 90.13 -89.87 0.00 90.00 0.00
[16:35:51.753] [ARM-RX] [16] <0.00 -0.54 0.00> resu
[16:35:51.807] [ARM-RX] lt: 90.00 90.15 -89.85 0.00 90.00 0.00
[16:35:51.807] [ARM-RX] [17] <0.00 -0.64 0.00> result: 90.00 90.18 -89.82 0.00 90.00 0.00
[16:35:51.807] [ARM-RX] [18] <0.00 -0.76 0.00> result: 90.00 90.22 -89.78 0.00 90.00 0.00
[16:35:51.807] [ARM-RX] [19] <0.00 -0.89 0.00> result: 90.00 90.25 -89.75 0.00 90.00 0.00
[16:35:51.808] [ARM-RX] [20] <0.00 -1.0
[16:35:51.809] [ARM-RX] 3 0.00> result: 90.00 90.29 -89.70 0.00 90.00 0.00
[16:35:51.809] [ARM-RX] [21] <0.00 -1.19 0.00> result: 90.00 90.34 -89.66 0.00 90.00 0.00
[16:35:51.809] [ARM-RX] [22] <0.00 -1.36 0.00> result: 90.00 90.38 -89.61 0.00 89.99 0.00
[16:35:51.810] [ARM-RX] [23] <0.00 -1.55 0.00> result: 90.00 90.44 -89.56 0.00 89.99 0.00
[16:35:51.810] [ARM-RX] [24
[16:35:51.821] [ARM-RX] ] <0.00 -1.75 0.00> result: 90.00 90.49 -89.50 0.00 89.99 0.00
[16:35:51.821] [ARM-RX] [25] <0.00 -1.97 0.00> result: 90.00 90.55 -89.43 0.00 89.99 0.00
[16:35:51.821] [ARM-RX] [26] <0.00 -2.21 0.00> result: 90.00 90.62 -89.37 0.00 89.99 0.00
[16:35:51.822] [ARM-RX] [27] <0.00 -2.46 0.00> result: 90.00 90.69 -89.29 0.00 89.
[16:35:51.856] [ARM-RX] 98 0.00
[16:35:51.856] [ARM-RX] [28] <0.00 -2.74 0.00> result: 90.00 90.76 -89.21 0.00 89.98 0.00
[16:35:51.856] [ARM-RX] [29] <0.00 -3.03 0.00> result: 90.00 90.84 -89.13 0.00 89.97 0.00
[16:35:51.856] [ARM-RX] [30] <0.00 -3.35 0.00> result: 90.00 90.93 -89.04 0.00 89.97 0.00
[16:35:51.856] [ARM-RX] [31] <0.00 -3.68 0.00> result: 90.00 91.02 -88
[16:35:51.877] [ARM-RX] .94 0.00 89.96 0.00
[16:35:51.879] [ARM-RX] [32] <0.00 -4.03 0.00> result: 90.00 91.11 -88.84 0.00 89.95 0.00
[16:35:51.879] [ARM-RX] [33] <0.00 -4.41 0.00> result: 90.00 91.21 -88.73 0.00 89.95 0.00
[16:35:51.879] [ARM-RX] [34] <0.00 -4.81 0.00> result: 90.00 91.32 -88.62 0.00 89.94 0.00
[16:35:51.879] [ARM-RX] [35] <0.00 -5.22 0.00> result: 90.
[16:35:51.917] [ARM-RX] 00 91.43 -88.50 0.00 89.93 0.00
[16:35:51.917] [ARM-RX] [36] <0.00 -5.67 0.00> result: 90.00 91.54 -88.37 0.00 89.91 0.00
[16:35:51.917] [ARM-RX] [37] <0.00 -6.13 0.00> result: 90.00 91.66 -88.24 0.00 89.90 0.00
[16:35:51.917] [ARM-RX] [38] <0.00 -6.62 0.00> result: 90.00 91.79 -88.09 0.00 89.88 0.00
[16:35:51.918] [ARM-RX] [39] <0.00 -7.13 0.00>
[16:35:51.924] [ARM-RX] result: 90.00 91.92 -87.95 0.00 89.87 0.00
[16:35:51.924] [ARM-RX] [40] <0.00 -7.67 0.00> result: 90.00 92.06 -87.79 0.00 89.85 0.00
[16:35:51.924] [ARM-RX] [41] <0.00 -8.23 0.00> result: 90.00 92.20 -87.63 0.00 89.82 0.00
[16:35:51.925] [ARM-RX] [42] <0.00 -8.82 0.00> result: 90.00 92.34 -87.46 0.00 89.80 0.00
[16:35:51.925] [ARM-RX] [43] <0.00
[16:35:51.970] [ARM-RX] -9.44 0.00> result: 90.00 92.50 -87.28 0.00 89.77 0.00
[16:35:51.970] [ARM-RX] [44] <0.00 -10.08 0.00> result: 90.00 92.65 -87.09 0.00 89.74 0.00
[16:35:51.971] [ARM-RX] [45] <0.00 -10.74 0.00> result: 90.00 92.81 -86.90 0.00 89.71 0.00
[16:35:51.971] [ARM-RX] [46] <0.00 -11.43 0.00> result: 90.00 92.98 -86.70 0.00 89.68 0
[16:35:51.973] [ARM-RX] .00
[16:35:51.973] [ARM-RX] [47] <0.00 -12.15 0.00> result: 90.00 93.15 -86.49 0.00 89.64 0.00
[16:35:51.973] [ARM-RX] [48] <0.00 -12.90 0.00> result: 90.00 93.33 -86.27 0.00 89.60 0.00
[16:35:51.973] [ARM-RX] [49] <0.00 -13.68 0.00> result: 90.00 93.51 -86.04 0.00 89.56 0.00
[16:35:51.974] [ARM-RX] [50] <0.00 -14.48 0.00> result: 90.00 93.70 -85
[16:35:51.991] [ARM-RX] .81 0.00 89.51 0.00
[16:35:51.993] [ARM-RX] [51] <0.00 -15.31 0.00> result: 90.00 93.89 -85.57 0.00 89.46 0.00
[16:35:51.993] [ARM-RX] [52] <0.00 -16.17 0.00> result: 90.00 94.08 -85.32 0.00 89.40 0.00
[16:35:51.993] [ARM-RX] [53] <0.00 -17.06 0.00> result: 90.00 94.29 -85.06 0.00 89.34 0.00
[16:35:51.993] [ARM-RX] [54] <0.00 -17.98 0.00> result:
[16:35:52.014] [ARM-RX] 90.00 94.49 -84.79 0.00 89.28 0.00
[16:35:52.015] [ARM-RX] [55] <0.00 -18.92 0.00> result: 90.00 94.70 -84.51 0.00 89.21 0.00
[16:35:52.015] [ARM-RX] [56] <0.00 -19.90 0.00> result: 90.00 94.92 -84.23 0.00 89.14 0.00
[16:35:52.015] [ARM-RX] [57] <0.00 -20.90 0.00> result: 90.00 95.13 -83.93 0.00 89.06 0.00
[16:35:52.015] [ARM-RX] [58] <0.00 -21.
[16:35:52.049] [ARM-RX] 94 0.00> result: 90.00 95.36 -83.63 0.00 88.98 0.00
[16:35:52.050] [ARM-RX] [59] <0.00 -23.00 0.00> result: 90.00 95.59 -83.31 0.00 88.90 0.00
[16:35:52.050] [ARM-RX] [60] <0.00 -24.10 0.00> result: 90.00 95.82 -82.99 0.00 88.81 0.00
[16:35:52.050] [ARM-RX] [61] <0.00 -25.22 0.00> result: 90.00 96.05 -82.66 0.00 88.71 0.00
[16:35:52.072] [ARM-RX] [62] <0.00 -26.37 0.00> result: 90.00 96.29 -82.32 0.00 88.61 0.00
[16:35:52.072] [ARM-RX] [63] <0.00 -27.56 0.00> result: 90.00 96.54 -81.97 0.00 88.51 0.00
[16:35:52.072] [ARM-RX] [64] <0.00 -28.77 0.00> result: 90.00 96.79 -81.61 0.00 88.40 0.00
[16:35:52.072] [ARM-RX] [65] <0.00 -30.01 0.00> result: 90.00 97.04 -81.24
[16:35:52.109] [ARM-RX] 0.00 88.29 0.00
[16:35:52.111] [ARM-RX] [66] <0.00 -31.29 0.00> result: 90.00 97.30 -80.87 0.00 88.16 0.00
[16:35:52.111] [ARM-RX] [67] <0.00 -32.59 0.00> result: 90.00 97.56 -80.48 0.00 88.04 0.00
[16:35:52.111] [ARM-RX] [68] <0.00 -33.93 0.00> result: 90.00 97.82 -80.09 0.00 87.91 0.00
[16:35:52.111] [ARM-RX] [69] <0.00 -35.29 0.00> result: 90.
[16:35:52.118] [ARM-RX] 00 98.09 -79.68 0.00 87.77 0.00
[16:35:52.119] [ARM-RX] [70] <0.00 -36.68 0.00> result: 90.00 98.36 -79.27 0.00 87.63 0.00
[16:35:52.119] [ARM-RX] [71] <0.00 -38.10 0.00> result: 90.00 98.64 -78.84 0.00 87.48 0.00
[16:35:52.119] [ARM-RX] [72] <0.00 -39.56 0.00> result: 90.00 98.92 -78.41 0.00 87.33 0.00
[16:35:52.119] [ARM-RX] [73] <0.00 -41.04 0
[16:35:52.160] [ARM-RX] .00> result: 90.00 99.20 -77.97 0.00 87.17 0.00
[16:35:52.161] [ARM-RX] [74] <0.00 -42.55 0.00> result: 90.00 99.49 -77.51 0.00 87.01 0.00
[16:35:52.161] [ARM-RX] [75] <0.00 -44.09 0.00> result: 90.00 99.78 -77.05 0.00 86.84 0.00
[16:35:52.161] [ARM-RX] [76] <0.00 -45.66 0.00> result: 90.00 100.08 -76.58 0.00 86.66 0.00
[16:35:52.161] [ARM-RX] [7
[16:35:52.164] [ARM-RX] 7] <0.00 -47.26 0.00> result: 90.00 100.38 -76.10 0.00 86.48 0.00
[16:35:52.164] [ARM-RX] [78] <0.00 -48.89 0.00> result: 90.00 100.68 -75.62 0.00 86.29 0.00
[16:35:52.164] [ARM-RX] [79] <0.00 -50.54 0.00> result: 90.00 100.98 -75.12 0.00 86.10 0.00
[16:35:52.164] [ARM-RX] [80] <0.00 -52.22 0.00> result: 90.00 101.29 -74.61
[16:35:52.186] [ARM-RX] 0.00 85.90 0.00
[16:35:52.186] [ARM-RX] [81] <0.00 -53.94 0.00> result: 90.00 101.61 -74.09 0.00 85.70 0.00
[16:35:52.186] [ARM-RX] [82] <0.00 -55.67 0.00> result: 90.00 101.92 -73.57 0.00 85.49 0.00
[16:35:52.186] [ARM-RX] [83] <0.00 -57.44 0.00> result: 90.00 102.24 -73.03 0.00 85.28 0.00
[16:35:52.186] [ARM-RX] [84] <0.00 -59.23 0.00> result:
[16:35:52.220] [ARM-RX] 90.00 102.57 -72.49 0.00 85.06 0.00
[16:35:52.222] [ARM-RX] [85] <0.00 -61.05 0.00> result: 90.00 102.89 -71.94 0.00 84.83 0.00
[16:35:52.222] [ARM-RX] [86] <0.00 -62.90 0.00> result: 90.00 103.22 -71.38 0.00 84.60 0.00
[16:35:52.225] [ARM-RX] [87] <0.00 -64.77 0.00> result: 90.00 103.56 -70.81 0.00 84.36 0.00
[16:35:52.226] [ARM-RX] [88] <0.00
[16:35:52.270] [ARM-RX] -66.67 0.00> result: 90.00 103.89 -70.23 0.00 84.12 0.00
[16:35:52.270] [ARM-RX] [89] <0.00 -68.59 0.00> result: 90.00 104.23 -69.64 0.00 83.87 0.00
[16:35:52.270] [ARM-RX] [90] <0.00 -70.54 0.00> result: 90.00 104.58 -69.04 0.00 83.62 0.00
[16:35:52.270] [ARM-RX] [91] <0.00 -72.51 0.00> result: 90.00 104.92 -68.44 0.00 83.
[16:35:52.272] [ARM-RX] 36 0.00
[16:35:52.273] [ARM-RX] [92] <0.00 -74.51 0.00> result: 90.00 105.27 -67.83 0.00 83.10 0.00
[16:35:52.273] [ARM-RX] [93] <0.00 -76.53 0.00> result: 90.00 105.62 -67.20 0.00 82.83 0.00
[16:35:52.273] [ARM-RX] [94] <0.00 -78.57 0.00> result: 90.00 105.98 -66.57 0.00 82.55 0.00
[16:35:52.273] [ARM-RX] [95] <0.00 -80.63 0.00> result: 90.00 10
[16:35:52.289] [ARM-RX] 6.34 -65.94 0.00 82.27 0.00
[16:35:52.289] [ARM-RX] [96] <0.00 -82.72 0.00> result: 90.00 106.70 -65.29 0.00 81.99 0.00
[16:35:52.291] [ARM-RX] [97] <0.00 -84.83 0.00> result: 90.00 107.07 -64.63 0.00 81.70 0.00
[16:35:52.291] [ARM-RX] [98] <0.00 -86.96 0.00> result: 90.00 107.43 -63.97 0.00 81.41 0.00
[16:35:52.291] [ARM-RX] [99] <0.00 -89.11 0.
[16:35:52.330] [ARM-RX] 00> result: 90.00 107.81 -63.30 0.00 81.11 0.00
[16:35:52.330] [ARM-RX] [100] <0.00 -91.28 0.00> result: 90.00 108.18 -62.62 0.00 80.80 0.00
[16:35:52.330] [ARM-RX] [101] <0.00 -93.47 0.00> result: 90.00 108.56 -61.94 0.00 80.49 0.00
[16:35:52.330] [ARM-RX] [102] <0.00 -95.68 0.00> result: 90.00 108.94 -61.24 0.00 80.18 0.0
[16:35:52.335] [ARM-RX] 0
[16:35:52.335] [ARM-RX] [103] <0.00 -97.90 0.00> result: 90.00 109.32 -60.54 0.00 79.86 0.00
[16:35:52.335] [ARM-RX] [104] <0.00 -100.15 0.00> result: 90.00 109.71 -59.83 0.00 79.54 0.00
[16:35:52.335] [ARM-RX] [105] <0.00 -102.41 0.00> result: 90.00 110.10 -59.12 0.00 79.21 0.00
[16:35:52.336] [ARM-RX] [106] <0.00 -104.69 0.00> result: 90.00 1
[16:35:52.390] [ARM-RX] 10.49 -58.39 0.00 78.88 0.00
[16:35:52.392] [ARM-RX] [107] <0.00 -106.98 0.00> result: 90.00 110.88 -57.66 0.00 78.54 0.00
[16:35:52.392] [ARM-RX] [108] <0.00 -109.29 0.00> result: 90.00 111.28 -56.
[16:35:52.404] [ARM-RX] 93 0.00 78.20 0.00
[16:35:52.404] [ARM-RX] [109] <0.00 -111.61 0.00> result: 90.00 111.68 -56.18 0.00 77.86 0.00
[16:35:52.404] [ARM-RX] [110] <0.00 -113.95 0.00> result: 90.00 112.08 -55.43 0.00 77.51 0.00
[16:35:52.404] [ARM-RX] [111] <0.00 -116.30 0.00> result: 90.00 112.48 -54.67 0.00 77.16 0.00
[16:35:52.404] [ARM-RX] [112] <0.00 -118.67 0.0
[16:35:52.410] [ARM-RX] 0> result: 90.00 112.89 -53.91 0.00 76.80 0.00
[16:35:52.412] [ARM-RX] [113] <0.00 -121.04 0.00> result: 90.00 113.30 -53.14 0.00 76.44 0.00
[16:35:52.412] [ARM-RX] [114] <0.00 -123.43 0.00> result: 90.00 113.71 -52.36 0.00 76.07 0.00
[16:35:52.412] [ARM-RX] [115] <0.00 -125.83 0.00> result: 90.00 114.13 -51.58 0.00 75.71 0
[16:35:52.451] [ARM-RX] .00
[16:35:52.451] [ARM-RX] [116] <0.00 -128.24 0.00> result: 90.00 114.54 -50.79 0.00 75.33 0.00
[16:35:52.452] [ARM-RX] [117] <0.00 -130.00 0.00> result: 90.00 114.85 -50.21 0.00 75.06 0.00
[16:35:52.452] [ARM-RX] [118] <0.00 -130.00 0.00> result: 90.00 114.85 -50.21 0.00 75.06 0.00
[16:35:52.452] [ARM-RX] [119] <0.00 -130.00 0.00> result: 90.0
[16:35:52.452] [ARM-RX] 0 114.85 -50.21 0.00 75.06 0.00
[16:35:52.452] [ARM-RX] [120] <0.00 -130.00 0.00> result: 90.00 114.85 -50.21 0.00 75.06 0.00
[16:35:52.454] [ARM-RX] [121] <0.00 -130.00 0.00> result: 90.00 114.85 -50.21 0.00 75.06 0.00
[16:35:52.454] [ARM-RX] [122] <0.00 -130.00 0.00> result: 90.00 114.85 -50.21 0.00 75.06 0.00
[16:35:52.454] [ARM-RX] [123] <0.0
[16:35:52.472] [ARM-RX] 0 -130.00 0.00> result: 90.00 114.85 -50.21 0.00 75.06 0.00
[16:35:52.472] [ARM-RX] [124] <0.00 -130.00 0.00> result: 90.00 114.85 -50.21 0.00 75.06 0.00
[16:35:52.472] [ARM-RX] [125] <0.00 -130.00 0.00> result: 90.00 114.85 -50.21 0.00 75.06 0.00
[16:35:52.472] [ARM-RX] [126] <0.00 -130.00 0.00> result: 90.00 114.85 -50.21
[16:35:52.508] [ARM-RX] 0.00 75.06 0.00
[16:35:52.509] [ARM-RX] [127] <0.00 -130.00 0.00> result: 90.00 114.85 -50.21 0.00 75.06 0.00
[16:35:52.509] [ARM-RX] [128] <0.00 -130.00 0.00> result: 90.00 114.85 -50.21 0.00 75.06 0.00
[16:35:52.509] [ARM-RX] [129] <0.00 -130.00 0.00> result: 90.00 114.85 -50.21 0.00 75.06 0.00
[16:35:52.510] [ARM-RX] [130] <0.00 -130.00 0.00>
[16:35:52.518] [ARM-RX] result: 90.00 114.85 -50.21 0.00 75.06 0.00
[16:35:52.518] [ARM-RX] [131] <0.00 -130.00 0.00> result: 90.00 114.85 -50.21 0.00 75.06 0.00
[16:35:52.518] [ARM-RX] [132] <0.00 -130.00 0.00> result: 90.00 114.85 -50.21 0.00 75.06 0.00
[16:35:52.518] [ARM-RX] [133] <0.00 -130.00 0.00> result: 90.00 114.85 -50.21 0.00 75.06 0.0
[16:35:52.561] [ARM-RX] 0
[16:35:52.561] [ARM-RX] [134] <0.00 -130.00 0.00> result: 90.00 114.85 -50.21 0.00 75.06 0.00
[16:35:52.562] [ARM-RX] [135] <0.00 -130.00 0.00> result: 90.00 114.85 -50.21 0.00 75.06 0.00
[16:35:52.562] [ARM-RX] [136] <0.00 -130.00 0.00> result: 90.00 114.85 -50.21 0.00 75.06 0.00
[16:35:52.562] [ARM-RX] [137] <0.00 -130.00 0.00> result: 90.00
[16:35:52.574] [ARM-RX] 114.85 -50.21 0.00 75.06 0.00
[16:35:52.575] [ARM-RX] [138] <0.00 -130.00 0.00> result: 90.00 114.85 -50.21 0.00 75.06 0.00
[16:35:52.575] [ARM-RX] [139] <0.00 -130.00 0.00> result: 90.00 114.85 -50.21 0.00 75.06 0.00
[16:35:52.575] [ARM-RX] [140] <0.00 -130.00 0.00> result: 90.00 114.85 -50.21 0.00 75.06 0.00
[16:35:52.575] [ARM-RX] [141] <0.00
[16:35:52.616] [ARM-RX] -130.00 0.00> result: 90.00 114.85 -50.21 0.00 75.06 0.00
[16:35:52.617] [ARM-RX] [142] <0.00 -130.00 0.00> result: 90.00 114.85 -50.21 0.00 75.06 0.00
[16:35:52.617] [ARM-RX] [143] <0.00 -130.00 0.00> result: 90.00 114.85 -50.21 0.00 75.06 0.00
[16:35:52.617] [ARM-RX] [144] <0.00 -130.00 0.00> result: 90.00 114.85 -50.21 0
[16:35:52.619] [ARM-RX] .00 75.06 0.00
[16:35:52.620] [ARM-RX] [145] <0.00 -130.00 0.00> result: 90.00 114.85 -50.21 0.00 75.06 0.00
[16:35:52.620] [ARM-RX] [146] <0.00 -130.00 0.00> result: 90.00 114.85 -50.21 0.00 75.06 0.00
[16:35:52.620] [ARM-RX] [147] <0.00 -130.00 0.00> result: 90.00 114.85 -50.21 0.00 75.06 0.00
[16:35:52.620] [ARM-RX] [148] <0.00 -130.00 0.00> r
[16:35:52.671] [ARM-RX] esult: 90.00 114.85 -50.21 0.00 75.06 0.00
[16:35:52.672] [ARM-RX] [149] <0.00 -130.00 0.00> result: 90.00 114.85 -50.21 0.00 75.06 0.00
[16:35:52.672] [ARM-RX] [150] <0.00 -130.00 0.00> result: 90.00 114.85 -50.21 0.00 75.06 0.00
[16:35:52.672] [ARM-RX] [151] <0.00 -130.00 0.00> result: 90.00 114.85 -50.21 0.00 75.06 0.00
[16:35:52.673] [ARM-RX] [152] <0.00 -130.00 0.00> result: 90.00 114.85 -50.21 0.00 75.06 0.00
[16:35:52.674] [ARM-RX] [153] <0.00 -130.00 0.00> result: 90.00 114.85 -50.21 0.00 75.06 0.00
[16:35:52.674] [ARM-RX] [154] <0.00 -130.00 0.00> result: 90.00 114.85 -50.21 0.00 75.06 0.00
[16:35:52.674] [ARM-RX] [155] <0.00 -130.00 0.00> result: 90.00 11
[16:35:52.689] [ARM-RX] 4.85 -50.21 0.00 75.06 0.00
[16:35:52.689] [ARM-RX] [156] <0.00 -130.00 0.00> result: 90.00 114.85 -50.21 0.00 75.06 0.00
[16:35:52.690] [ARM-RX] [157] <0.00 -130.00 0.00> result: 90.00 114.85 -50.21 0.00 75.06 0.00
[16:35:52.690] [ARM-RX] [158] <0.00 -130.00 0.00> result: 90.00 114.85 -50.21 0.00 75.06 0.00
[16:35:52.690] [ARM-RX] [159] <0.00 -1
[16:35:52.732] [ARM-RX] 30.00 0.00> result: 90.00 114.85 -50.21 0.00 75.06 0.00
[16:35:52.732] [ARM-RX] [160] <0.00 -130.00 0.00> result: 90.00 114.85 -50.21 0.00 75.06 0.00
[16:35:52.733] [ARM-RX] [161] <0.00 -130.00 0.00> result: 90.00 114.85 -50.21 0.00 75.06 0.00
[16:35:52.733] [ARM-RX] [162] <0.00 -130.00 0.00> result: 90.00 114.85 -50.21 0.0
[16:35:52.746] [ARM-RX] 0 75.06 0.00
[16:35:52.747] [ARM-RX] [163] <0.00 -130.00 0.00> result: 90.00 114.85 -50.21 0.00 75.06 0.00
[16:35:52.747] [ARM-RX] [164] <0.00 -130.00 0.00> result: 90.00 114.85 -50.21 0.00 75.06 0.00
[16:35:52.747] [ARM-RX] [165] <0.00 -130.00 0.00> result: 90.00 114.85 -50.21 0.00 75.06 0.00
[16:35:52.747] [ARM-RX] [166] <0.00 -130.00 0.00> res
[16:35:52.770] [ARM-RX] ult: 90.00 114.85 -50.21 0.00 75.06 0.00
[16:35:52.770] [ARM-RX] [167] <0.00 -130.00 0.00> result: 90.00 114.85 -50.21 0.00 75.06 0.00
[16:35:52.770] [ARM-RX] [168] <0.00 -130.00 0.00> result: 90.00 114.85 -50.21 0.00 75.06 0.00
[16:35:52.770] [ARM-RX] [169] <0.00 -130.00 0.00> result: 90.00 114.85 -50.21 0.00 75.06 0.00
[16:35:52.770] [ARM-RX] [
[16:35:52.791] [ARM-RX] 170] <0.00 -130.00 0.00> result: 90.00 114.85 -50.21 0.00 75.06 0.00
[16:35:52.791] [ARM-RX] [171] <0.00 -130.00 0.00> result: 90.00 114.85 -50.21 0.00 75.06 0.00
[16:35:52.791] [ARM-RX] [172] <0.00 -130.00 0.00> result: 90.00 114.85 -50.21 0.00 75.06 0.00
[16:35:52.793] [ARM-RX] [173] <0.00 -130.00 0.00> result: 90.00 114.
[16:35:52.815] [ARM-RX] 85 -50.21 0.00 75.06 0.00
[16:35:52.815] [ARM-RX] [174] <0.00 -130.00 0.00> result: 90.00 114.85 -50.21 0.00 75.06 0.00
[16:35:52.816] [ARM-RX] [175] <0.00 -130.00 0.00> result: 90.00 114.85 -50.21 0.00 75.06 0.00
[16:35:52.816] [ARM-RX] [176] <0.00 -130.00 0.00> result: 90.00 114.85 -50.21 0.00 75.06 0.00
[16:35:52.816] [ARM-RX] [177] <0.00 -130
[16:35:52.836] [ARM-RX] .00 0.00> result: 90.00 114.85 -50.21 0.00 75.06 0.00
[16:35:52.836] [ARM-RX] [178] <0.00 -130.00 0.00> result: 90.00 114.85 -50.21 0.00 75.06 0.00
[16:35:52.838] [ARM-RX] [179] <0.00 -130.00 0.00> result: 90.00 114.85 -50.21 0.00 75.06 0.00
[16:35:52.838] [ARM-RX] [180] <0.00 -130.00 0.00> result: 90.00 114.85 -50.21 0.00
[16:35:52.860] [ARM-RX] 75.06 0.00
[16:35:52.860] [ARM-RX] [181] <0.00 -130.00 0.00> result: 90.00 114.85 -50.21 0.00 75.06 0.00
[16:35:52.860] [ARM-RX] [182] <0.00 -130.00 0.00> result: 90.00 114.85 -50.21 0.00 75.06 0.00
[16:35:52.862] [ARM-RX] [183] <0.00 -130.00 0.00> result: 90.00 114.85 -50.21 0.00 75.06 0.00
[16:35:52.862] [ARM-RX] [184] <0.00 -130.00 0.00> resul
[16:35:52.883] [ARM-RX] t: 90.00 114.85 -50.21 0.00 75.06 0.00
[16:35:52.883] [ARM-RX] [185] <0.00 -130.00 0.00> result: 90.00 114.85 -50.21 0.00 75.06 0.00
[16:35:52.883] [ARM-RX] [186] <0.00 -130.00 0.00> result: 90.00 114.85 -50.21 0.00 75.06 0.00
[16:35:52.883] [ARM-RX] [187] <0.00 -130.00 0.00> result: 90.00 114.85 -50.21 0.00 75.06 0.00
[16:35:52.883] [ARM-RX] [18
[16:35:52.917] [ARM-RX] 8] <0.00 -130.00 0.00> result: 90.00 114.85 -50.21 0.00 75.06 0.00
[16:35:52.917] [ARM-RX] [189] <0.00 -130.00 0.00> result: 90.00 114.85 -50.21 0.00 75.06 0.00
[16:35:52.917] [ARM-RX] [190] <0.00 -130.00 0.00> result: 90.00 114.85 -50.21 0.00 75.06 0.00
[16:35:52.917] [ARM-RX] [191] <0.00 -130.00 0.00> result: 90.00 114.85
[16:35:52.967] [ARM-RX] -50.21 0.00 75.06 0.00
[16:35:52.967] [ARM-RX] [192] <0.00 -130.00 0.00> result: 90.00 114.85 -50.21 0.00 75.06 0.00
[16:35:52.967] [ARM-RX] [193] <0.00 -130.00 0.00> result: 90.00 114.85 -50.21 0.00 75.06 0.00
[16:35:52.968] [ARM-RX] [194] <0.00 -130.00 0.00> result: 90.00 114.85 -50.21 0.00 75.06 0.00
[16:35:52.968] [ARM-RX] [195] <0.00 -130.0
[16:35:52.968] [ARM-RX] 0 0.00> result: 90.00 114.85 -50.21 0.00 75.06 0.00
[16:35:52.968] [ARM-RX] [196] <0.00 -130.00 0.00> result: 90.00 114.85 -50.21 0.00 75.06 0.00
[16:35:52.970] [ARM-RX] [197] <0.00 -130.00 0.00> result: 90.00 114.85 -50.21 0.00 75.06 0.00
[16:35:52.970] [ARM-RX] [198] <0.00 -130.00 0.00> result: 90.00 114.85 -50.21 0.00 75
[16:35:52.986] [ARM-RX] .06 0.00
[16:35:52.986] [ARM-RX] [199] <0.00 -130.00 0.00> result: 90.00 114.85 -50.21 0.00 75.06 0.00
[16:35:52.986] [ARM-RX] [200] <0.00 -130.00 0.00> result: 90.00 114.85 -50.21 0.00 75.06 0.00
[16:35:52.987] [ARM-RX] [201] <0.00 -130.00 0.00> result: 90.00 114.85 -50.21 0.00 75.06 0.00
[16:35:52.987] [ARM-RX] [202] <0.00 -130.00 0.00> result:
[16:35:53.009] [ARM-RX] 90.00 114.85 -50.21 0.00 75.06 0.00
[16:35:53.009] [ARM-RX] [203] <0.00 -130.00 0.00> result: 90.00 114.85 -50.21 0.00 75.06 0.00
[16:35:53.009] [ARM-RX] [204] <0.00 -130.00 0.00> result: 90.00 114.85 -50.21 0.00 75.06 0.00
[16:35:53.009] [ARM-RX] [205] <0.00 -130.00 0.00> result: 90.00 114.85 -50.21 0.00 75.06 0.00
[16:35:53.009] [ARM-RX] [206]
[16:35:53.032] [ARM-RX] <0.00 -130.00 0.00> result: 90.00 114.85 -50.21 0.00 75.06 0.00
[16:35:53.032] [ARM-RX] [207] <0.00 -130.00 0.00> result: 90.00 114.85 -50.21 0.00 75.06 0.00
[16:35:53.033] [ARM-RX] [208] <0.00 -130.00 0.00> result: 90.00 114.85 -50.21 0.00 75.06 0.00
[16:35:53.033] [ARM-RX] [209] <0.00 -130.00 0.00> result: 90.00 114.85 -
[16:35:53.079] [ARM-RX] 50.21 0.00 75.06 0.00
[16:35:53.079] [ARM-RX] [210] <0.00 -130.00 0.00> result: 90.00 114.85 -50.21 0.00 75.06 0.00
[16:35:53.079] [ARM-RX] [211] <0.00 -130.00 0.00> result: 90.00 114.85 -50.21 0.00 75.06 0.00
[16:35:53.080] [ARM-RX] [212] <0.00 -130.00 0.00> result: 90.00 114.85 -50.21 0.00 75.06 0.00
[16:35:53.080] [ARM-RX] [213] <0.00 -130.00
[16:35:53.081] [ARM-RX] 0.00> result: 90.00 114.85 -50.21 0.00 75.06 0.00
[16:35:53.081] [ARM-RX] [214] <0.00 -130.00 0.00> result: 90.00 114.85 -50.21 0.00 75.06 0.00
[16:35:53.081] [ARM-RX] [215] <0.00 -130.00 0.00> result: 90.00 114.85 -50.21 0.00 75.06 0.00
[16:35:53.081] [ARM-RX] [216] <0.00 -130.00 0.00> result: 90.00 114.85 -50.21 0.00 75.0
[16:35:53.132] [ARM-RX] 6 0.00
[16:35:53.133] [ARM-RX] [217] <0.00 -130.00 0.00> result: 90.00 114.85 -50.21 0.00 75.06 0.00
[16:35:53.133] [ARM-RX] [218] <0.00 -130.00 0.00> result: 90.00 114.85 -50.21 0.00 75.06 0.00
[16:35:53.133] [ARM-RX] [219] <0.00 -130.00 0.00> result: 90.00 114.85 -50.21 0.00 75.06 0.00
[16:35:53.133] [ARM-RX] [220] <0.00 -130.00
[16:35:53.140] [ARM-RX] 0.00> result: 90.00 114.85 -50.21 0.00 75.06 0.00
[16:35:53.140] [ARM-RX] [221] <0.00 -130.00 0.00> result: 90.00 114.85 -50.21 0.00 75.06 0.00
[16:35:53.141] [ARM-RX] [222] <0.00 -130.00 0.00> result: 90.00 114.85 -50.21 0.00 75.06 0.00
[16:35:53.141] [ARM-RX] [223] <0.00 -130.00 0.00> result: 90.00 114.85 -50.21 0.00 75.
[16:35:53.157] [ARM-RX] 06 0.00
[16:35:53.158] [ARM-RX] [224] <0.00 -130.00 0.00> result: 90.00 114.85 -50.21 0.00 75.06 0.00
[16:35:53.158] [ARM-RX] [225] <0.00 -130.00 0.00> result: 90.00 114.85 -50.21 0.00 75.06 0.00
[16:35:53.158] [ARM-RX] [226] <0.00 -130.00 0.00> result: 90.00 114.85 -50.21 0.00 75.06 0.00
[16:35:53.158] [ARM-RX] [227] <0.00 -130.00 0.00> result:
[16:35:53.180] [ARM-RX] 90.00 114.85 -50.21 0.00 75.06 0.00
[16:35:53.180] [ARM-RX] [228] <0.00 -130.00 0.00> result: 90.00 114.85 -50.21 0.00 75.06 0.00
[16:35:53.180] [ARM-RX] [229] <0.00 -130.00 0.00> result: 90.00 114.85 -50.21 0.00 75.06 0.00
[16:35:53.180] [ARM-RX] [230] <0.00 -130.00 0.00> result: 90.00 114.85 -50.21 0.00 75.06 0.00
[16:35:53.181] [ARM-RX] [231]
[16:35:53.204] [ARM-RX] <0.00 -130.00 0.00> result: 90.00 114.85 -50.21 0.00 75.06 0.00
[16:35:53.204] [ARM-RX] [232] <0.00 -130.00 0.00> result: 90.00 114.85 -50.21 0.00 75.06 0.00
[16:35:53.204] [ARM-RX] [233] <0.00 -130.00 0.00> result: 90.00 114.85 -50.21 0.00 75.06 0.00
[16:35:53.205] [ARM-RX] [234] <0.00 -130.00 0.00> result: 90.00 114.85 -5
[16:35:53.243] [ARM-RX] 0.21 0.00 75.06 0.00
[16:35:53.243] [ARM-RX] [235] <0.00 -130.00 0.00> result: 90.00 114.85 -50.21 0.00 75.06 0.00
[16:35:53.244] [ARM-RX] [236] <0.00 -130.00 0.00> result: 90.00 114.85 -50.21 0.00 75.06 0.00
[16:35:53.244] [ARM-RX] [237] <0.00 -130.00 0.00> result: 90.00 114.85 -50.21 0.00 75.06 0.00
[16:35:53.244] [ARM-RX] [238] <0.00 -130.00 0
[16:35:53.249] [ARM-RX] .00> result: 90.00 114.85 -50.21 0.00 75.06 0.00
[16:35:53.250] [ARM-RX] [239] <0.00 -130.00 0.00> result: 90.00 114.85 -50.21 0.00 75.06 0.00
[16:35:53.250] [ARM-RX] [240] <0.00 -130.00 0.00> result: 90.00 114.85 -50.21 0.00 75.06 0.00
[16:35:53.250] [ARM-RX] [241] <0.00 -130.00 0.00> result: 90.00 114.85 -50.21 0.00 75.06
[16:35:53.298] [ARM-RX] 0.00
[16:35:53.298] [ARM-RX] [242] <0.00 -130.00 0.00> result: 90.00 114.85 -50.21 0.00 75.06 0.00
[16:35:53.298] [ARM-RX] [243] <0.00 -130.00 0.00> result: 90.00 114.85 -50.21 0.00 75.06 0.00
[16:35:53.299] [ARM-RX] [244] <0.00 -130.00 0.00> result: 90.00 114.85 -50.21 0.00 75.06 0.00
[16:35:53.299] [ARM-RX] [245] <0.00 -130.00 0.00> result: 90
[16:35:53.306] [ARM-RX] .00 114.85 -50.21 0.00 75.06 0.00
[16:35:53.306] [ARM-RX] [246] <0.00 -130.00 0.00> result: 90.00 114.85 -50.21 0.00 75.06 0.00
[16:35:53.306] [ARM-RX] [247] <0.00 -130.00 0.00> result: 90.00 114.85 -50.21 0.00 75.06 0.00
[16:35:53.306] [ARM-RX] [248] <0.00 -130.00 0.00> result: 90.00 114.85 -50.21 0.00 75.06 0.00
[16:35:53.307] [ARM-RX] [249] <0
[16:35:53.366] [ARM-RX] .00 -130.00 0.00> result: 90.00 114.85 -50.21 0.00 75.06 0.00
[16:35:53.366] [ARM-RX] [250] <0.00 -130.00 0.00> result: 90.00 114.85 -50.21 0.00 75.06 0.00
[16:35:53.366] [ARM-RX] [251] <0.00 -130.00 0.00> result: 90.00 114.85 -50.21 0.00 75.06 0.00
[16:35:53.367] [ARM-RX] [252] <0.00 -130.00 0.00> r
[16:35:53.375] [ARM-RX] esult: 90.00 114.85 -50.21 0.00 75.06 0.00
[16:35:53.375] [ARM-RX] [253] <0.00 -130.00 0.00> result: 90.00 114.85 -50.21 0.00 75.06 0.00
[16:35:53.375] [ARM-RX] [254] <0.00 -130.00 0.00> result: 90.00 114.85 -50.21 0.00 75.06 0.00
[16:35:53.375] [ARM-RX] [255] <0.00 -130.00 0.00> result: 90.00 114.85 -50.21 0.00 75.06 0.00
[16:35:53.377] [ARM-RX] [256] <0.00 -130.00 0.00> result: 90.00 114.85 -50.21 0.00 75.06 0.00
[16:35:53.377] [ARM-RX] [257] <0.00 -130.00 0.00> result: 90.00 114.85 -50.21 0.00 75.06 0.00
[16:35:53.377] [ARM-RX] [258] <0.00 -130.00 0.00> result: 90.00 114.85 -50.21 0.00 75.06 0.00
[16:35:53.377] [ARM-RX] [259] <0.00 -130.00 0.00> result: 90.00 11
[16:35:53.429] [ARM-RX] 4.85 -50.21 0.00 75.06 0.00
[16:35:56.096] [ARM-RX] [joint 1] ave_error:0.00
[16:35:56.096] [ARM-RX] [joint 2] ave_error:5.46
[16:35:56.096] [ARM-RX] [joint 3] ave_error:7.70
[16:35:56.096] [ARM-RX] [joint 4] ave_error:0.00
[16:35:56.098] [ARM-RX] [joint 5] ave_error:1.40
[16:35:56.098] [ARM-RX] robot pid run finished!!
[16:35:56.938] [ARM-RX] AUTO final confirm failed: joint 2 err=11.73deg tol=3.00, pose invalid.
[16:35:56.939] [ARM-RX] J1 cur=90.00 target=90.00 err=-0.00
[16:35:56.939] [ARM-RX] J2 cur=123.64 target=114.85 err=-8.79
[16:35:56.939] [ARM-RX] J3 cur=-38.48 target=-50.21 err=-11.73
[16:35:56.939] [ARM-RX] J4 cur=0.00 target=0.00 err=-0.00
[16:35:56.939] [ARM-RX] J5 cur=74.70 target=75
[16:35:57.001] [ARM-RX] .06 err=0.36
[16:36:05.957] [ARM-TX] 发送命令 soft_reset: soft_reset
[16:36:06.025] [ARM-RX] Found handler for 'soft_reset', executing...
[16:36:06.027] [ARM-RX] ROBOT_SOFT_RESET_EVENT
[16:36:06.028] [ARM-RX] --- Starting soft reset ---
[16:36:06.213] [ARM-RX] Soft reset motors enabled (J1~J5, J6 skipped).
[16:36:06.213] [ARM-RX] Soft resetting joint 4...
[16:36:06.276] [ARM-RX] robot_update_current_angle 4...
[16:36:06.277] [ARM-RX] [4] current:74.70, target:90.00, dir:1
[16:36:07.776] [ARM-RX] robot_update_current_angle 3...
[16:36:07.776] [ARM-RX] [3] current:0.00, target:0.00, dir:-1
[16:36:07.776] [ARM-RX] Soft resetting joint 1...
[16:36:07.776] [ARM-RX] robot_update_current_angle 1...
[16:36:07.777] [ARM-RX] [1] current:123.64, target:90.00, dir:-1
[16:36:09.771] [ARM-RX] soft reset joint 1 settle timeout, keep going
[16:36:09.771] [ARM-RX] Soft resetting joint 2...
[16:36:09.771] [ARM-RX] robot_update_current_angle 2...
[16:36:09.771] [ARM-RX] [2] current:-38.48, target:-90.00, dir:-1
[16:36:12.200] [ARM-RX] soft reset joint 2 settle timeout, keep going
[16:36:12.200] [ARM-RX] Soft resetting joint 0...
[16:36:12.262] [ARM-RX] robot_update_current_angle 0...
[16:36:12.262] [ARM-RX] [0] current:90.00, target:90.00, dir:-1
[16:36:12.448] [ARM-RX] soft reset verify not pass, start refine loop...
[16:36:12.511] [ARM-RX] soft reset refine joint 2 round 1: cur=-83.28 target=-90.00 err=6.72 dir=-1
[16:36:13.934] [ARM-RX] soft reset refine pass 1 success.
[16:36:13.934] [ARM-RX] soft reset final verify PASS (issues:2), pose set HOME.
[16:36:15.189] [ARM-TX] 发送命令 auto 0 -130 -15: auto 0 -130 -15
[16:36:15.305] [ARM-RX] Found handler for 'auto', executing...
[16:36:15.305] [ARM-RX] ROBOT_AUTO_EVENT
[16:36:15.305] [ARM-RX] [0] <0.00 0.00 0.00> result: 90.00 90.00 -90.00 0.00 90.00 0.00
[16:36:15.305] [ARM-RX] [1] <0.00 -0.00 -0.00> result: 90.00 90.00 -90.00 0.00 90.00 0.00
[16:36:15.306] [ARM-RX] [2] <0.00 -0.00 -0.00> result: 90.00 90.00 -90.00 0.
[16:36:15.328] [ARM-RX] 00 90.00 0.00
[16:36:15.328] [ARM-RX] [3] <0.00 -0.01 -0.00> result: 90.00 90.00 -90.00 0.00 90.00 0.00
[16:36:15.328] [ARM-RX] [4] <0.00 -0.01 -0.00> result: 90.00 90.00 -90.00 0.00 90.00 0.00
[16:36:15.329] [ARM-RX] [5] <0.00 -0.02 -0.00> result: 90.00 90.01 -89.99 0.00 90.00 0.00
[16:36:15.329] [ARM-RX] [6] <0.00 -0.03 -0.00> result: 90.00 90.
[16:36:15.347] [ARM-RX] 01 -89.99 0.00 90.00 0.00
[16:36:15.348] [ARM-RX] [7] <0.00 -0.05 -0.01> result: 90.00 90.02 -89.99 0.00 90.01 0.00
[16:36:15.348] [ARM-RX] [8] <0.00 -0.07 -0.01> result: 90.00 90.03 -89.98 0.00 90.01 0.00
[16:36:15.348] [ARM-RX] [9] <0.00 -0.10 -0.01> result: 90.00 90.04 -89.97 0.00 90.01 0.00
[16:36:15.348] [ARM-RX] [10] <0.00 -0.14 -0.02> resu
[16:36:15.397] [ARM-RX] lt: 90.00 90.06 -89.96 0.00 90.02 0.00
[16:36:15.397] [ARM-RX] [11] <0.00 -0.18 -0.02> result: 90.00 90.08 -89.95 0.00 90.02 0.00
[16:36:15.397] [ARM-RX] [12] <0.00 -0.23 -0.03> result: 90.00 90.10 -89.94 0.00 90.03 0.00
[16:36:15.397] [ARM-RX] [13] <0.00 -0.29 -0.03> result: 90.00 90.12 -89.92 0.00 90.04 0.00
[16:36:15.398] [ARM-RX] [14] <0.00 -
[16:36:15.398] [ARM-RX] 0.36 -0.04> result: 90.00 90.15 -89.90 0.00 90.05 0.00
[16:36:15.398] [ARM-RX] [15] <0.00 -0.44 -0.05> result: 90.00 90.18 -89.88 0.00 90.06 0.00
[16:36:15.398] [ARM-RX] [16] <0.00 -0.53 -0.06> result: 90.00 90.22 -89.85 0.00 90.07 0.00
[16:36:15.399] [ARM-RX] [17] <0.00 -0.64 -0.07> result: 90.00 90.26 -89.82 0.00 90.09 0.
[16:36:15.417] [ARM-RX] 00
[16:36:15.417] [ARM-RX] [18] <0.00 -0.75 -0.09> result: 90.00 90.31 -89.79 0.00 90.10 0.00
[16:36:15.417] [ARM-RX] [19] <0.00 -0.88 -0.10> result: 90.00 90.36 -89.76 0.00 90.12 0.00
[16:36:15.418] [ARM-RX] [20] <0.00 -1.02 -0.12> result: 90.00 90.42 -89.72 0.00 90.14 0.00
[16:36:15.418] [ARM-RX] [21] <0.00 -1.18 -0.14> result: 90.00 90.48 -89.
[16:36:15.440] [ARM-RX] 68 0.00 90.16 0.00
[16:36:15.440] [ARM-RX] [22] <0.00 -1.35 -0.16> result: 90.00 90.55 -89.63 0.00 90.18 0.00
[16:36:15.440] [ARM-RX] [23] <0.00 -1.53 -0.18> result: 90.00 90.62 -89.58 0.00 90.20 0.00
[16:36:15.440] [ARM-RX] [24] <0.00 -1.73 -0.20> result: 90.00 90.70 -89.52 0.00 90.22 0.00
[16:36:15.440] [ARM-RX] [25] <0.00 -1.95 -0.23> result:
[16:36:15.465] [ARM-RX] 90.00 90.79 -89.46 0.00 90.25 0.00
[16:36:15.465] [ARM-RX] [26] <0.00 -2.19 -0.25> result: 90.00 90.88 -89.39 0.00 90.28 0.00
[16:36:15.466] [ARM-RX] [27] <0.00 -2.44 -0.28> result: 90.00 90.98 -89.32 0.00 90.31 0.00
[16:36:15.466] [ARM-RX] [28] <0.00 -2.71 -0.31> result: 90.00 91.09 -89.25 0.00 90.34 0.00
[16:36:15.466] [ARM-RX] [29] <0.00 -3.00
[16:36:15.497] [ARM-RX] -0.35> result: 90.00 91.20 -89.17 0.00 90.37 0.00
[16:36:15.497] [ARM-RX] [30] <0.00 -3.31 -0.38> result: 90.00 91.32 -89.08 0.00 90.40 0.00
[16:36:15.497] [ARM-RX] [31] <0.00 -3.64 -0.42> result: 90.00 91.45 -88.99 0.00 90.44 0.00
[16:36:15.497] [ARM-RX] [32] <0.00 -3.99 -0.46> result: 90.00 91.58 -88.89 0.00 90.47 0.00
[16:36:15.536] [ARM-RX] [33] <0.00 -4.37 -0.50> result: 90.00 91.72 -88.79 0.00 90.51 0.00
[16:36:15.538] [ARM-RX] [34] <0.00 -4.76 -0.55> result: 90.00 91.87 -88.68 0.00 90.54 0.00
[16:36:15.538] [ARM-RX] [35] <0.00 -5.17 -0.60> result: 90.00 92.02 -88.56 0.00 90.58 0.00
[16:36:15.538] [ARM-RX] [36] <0.00 -5.61 -0.65> result: 90.00 92.18 -88.44 0
[16:36:15.544] [ARM-RX] .00 90.62 0.00
[16:36:15.545] [ARM-RX] [37] <0.00 -6.07 -0.70> result: 90.00 92.35 -88.31 0.00 90.66 0.00
[16:36:15.545] [ARM-RX] [38] <0.00 -6.56 -0.76> result: 90.00 92.52 -88.17 0.00 90.69 0.00
[16:36:15.545] [ARM-RX] [39] <0.00 -7.07 -0.82> result: 90.00 92.70 -88.03 0.00 90.73 0.00
[16:36:15.545] [ARM-RX] [40] <0.00 -7.60 -0.88> result: 90.0
[16:36:15.566] [ARM-RX] 0 92.89 -87.88 0.00 90.77 0.00
[16:36:15.566] [ARM-RX] [41] <0.00 -8.16 -0.94> result: 90.00 93.08 -87.72 0.00 90.81 0.00
[16:36:15.566] [ARM-RX] [42] <0.00 -8.74 -1.01> result: 90.00 93.28 -87.56 0.00 90.84 0.00
[16:36:15.566] [ARM-RX] [43] <0.00 -9.35 -1.08> result: 90.00 93.49 -87.39 0.00 90.88 0.00
[16:36:15.566] [ARM-RX] [44] <0.00 -9.98 -1.
[16:36:15.607] [ARM-RX] 15> result: 90.00 93.70 -87.21 0.00 90.91 0.00
[16:36:15.607] [ARM-RX] [45] <0.00 -10.64 -1.23> result: 90.00 93.92 -87.02 0.00 90.94 0.00
[16:36:15.607] [ARM-RX] [46] <0.00 -11.33 -1.31> result: 90.00 94.15 -86.83 0.00 90.97 0.00
[16:36:15.607] [ARM-RX] [47] <0.00 -12.04 -1.39> result: 90.00 94.38 -86.62 0.00 91.00 0.00
[16:36:15.608] [ARM-RX] [
[16:36:15.611] [ARM-RX] 48] <0.00 -12.78 -1.47> result: 90.00 94.62 -86.41 0.00 91.03 0.00
[16:36:15.613] [ARM-RX] [49] <0.00 -13.55 -1.56> result: 90.00 94.86 -86.19 0.00 91.05 0.00
[16:36:15.613] [ARM-RX] [50] <0.00 -14.34 -1.66> result: 90.00 95.11 -85.96 0.00 91.07 0.00
[16:36:15.613] [ARM-RX] [51] <0.00 -15.17 -1.75> result: 90.00 95.36 -85.7
[16:36:15.635] [ARM-RX] 3 0.00 91.09 0.00
[16:36:15.635] [ARM-RX] [52] <0.00 -16.02 -1.85> result: 90.00 95.62 -85.48 0.00 91.11 0.00
[16:36:15.635] [ARM-RX] [53] <0.00 -16.90 -1.95> result: 90.00 95.89 -85.23 0.00 91.12 0.00
[16:36:15.635] [ARM-RX] [54] <0.00 -17.81 -2.05> result: 90.00 96.16 -84.97 0.00 91.13 0.00
[16:36:15.635] [ARM-RX] [55] <0.00 -18.75 -2.16> resul
[16:36:15.677] [ARM-RX] t: 90.00 96.43 -84.70 0.00 91.13 0.00
[16:36:15.678] [ARM-RX] [56] <0.00 -19.71 -2.27> result: 90.00 96.71 -84.42 0.00 91.13 0.00
[16:36:15.678] [ARM-RX] [57] <0.00 -20.71 -2.39> result: 90.00 96.99 -84.13 0.00 91.13 0.00
[16:36:15.678] [ARM-RX] [58] <0.00 -21.74 -2.51> result: 90.00 97.28 -83.84 0.00 91.12 0.00
[16:36:15.679] [ARM-RX] [59] <0.00
[16:36:15.692] [ARM-RX] -22.79 -2.63> result: 90.00 97.57 -83.53 0.00 91.11 0.00
[16:36:15.692] [ARM-RX] [60] <0.00 -23.88 -2.75> result: 90.00 97.87 -83.22 0.00 91.09 0.00
[16:36:15.692] [ARM-RX] [61] <0.00 -24.99 -2.88> result: 90.00 98.17 -82.89 0.00 91.06 0.00
[16:36:15.692] [ARM-RX] [62] <0.00 -26.13 -3.02> result: 90.00 98.48 -82.56 0.00 91
[16:36:15.715] [ARM-RX] .04 0.00
[16:36:15.715] [ARM-RX] [63] <0.00 -27.31 -3.15> result: 90.00 98.78 -82.22 0.00 91.00 0.00
[16:36:15.715] [ARM-RX] [64] <0.00 -28.51 -3.29> result: 90.00 99.10 -81.87 0.00 90.96 0.00
[16:36:15.716] [ARM-RX] [65] <0.00 -29.74 -3.43> result: 90.00 99.41 -81.51 0.00 90.92 0.00
[16:36:15.716] [ARM-RX] [66] <0.00 -31.01 -3.58> result: 90.00
[16:36:15.746] [ARM-RX] 99.73 -81.14 0.00 90.87 0.00
[16:36:15.747] [ARM-RX] [67] <0.00 -32.30 -3.73> result: 90.00 100.05 -80.76 0.00 90.81 0.00
[16:36:15.747] [ARM-RX] [68] <0.00 -33.62 -3.88> result: 90.00 100.38 -80.37 0.00 90.75 0.00
[16:36:15.747] [ARM-RX] [69] <0.00 -34.97 -4.04> result: 90.00 100.71 -79.97 0.00 90.68 0.00
[16:36:15.747] [ARM-RX] [70] <0.00 -36.3
[16:36:15.760] [ARM-RX] 6 -4.19> result: 90.00 101.04 -79.56 0.00 90.60 0.00
[16:36:15.762] [ARM-RX] [71] <0.00 -37.77 -4.36> result: 90.00 101.38 -79.15 0.00 90.52 0.00
[16:36:15.762] [ARM-RX] [72] <0.00 -39.21 -4.52> result: 90.00 101.72 -78.72 0.00 90.44 0.00
[16:36:15.762] [ARM-RX] [73] <0.00 -40.68 -4.69> result: 90.00 102.06 -78.28 0.00 90.3
[16:36:15.784] [ARM-RX] 4 0.00
[16:36:15.785] [ARM-RX] [74] <0.00 -42.18 -4.87> result: 90.00 102.40 -77.84 0.00 90.24 0.00
[16:36:15.785] [ARM-RX] [75] <0.00 -43.70 -5.04> result: 90.00 102.75 -77.39 0.00 90.13 0.00
[16:36:15.785] [ARM-RX] [76] <0.00 -45.26 -5.22> result: 90.00 103.10 -76.92 0.00 90.02 0.00
[16:36:15.785] [ARM-RX] [77] <0.00 -46.85 -5.41> result: 90.00
[16:36:15.817] [ARM-RX] 103.45 -76.45 0.00 89.90 0.00
[16:36:15.817] [ARM-RX] [78] <0.00 -48.46 -5.59> result: 90.00 103.81 -75.97 0.00 89.77 0.00
[16:36:15.817] [ARM-RX] [79] <0.00 -50.10 -5.78> result: 90.00 104.17 -75.47 0.00 89.64 0.00
[16:36:15.817] [ARM-RX] [80] <0.00 -51.77 -5.97> result: 90.00 104.53 -74.97 0.00 89.50 0.00
[16:36:15.817] [ARM-RX] [81] <0.00 -53
[16:36:15.829] [ARM-RX] .47 -6.17> result: 90.00 104.89 -74.46 0.00 89.36 0.00
[16:36:15.830] [ARM-RX] [82] <0.00 -55.20 -6.37> result: 90.00 105.26 -73.94 0.00 89.20 0.00
[16:36:15.830] [ARM-RX] [83] <0.00 -56.95 -6.57> result: 90.00 105.63 -73.42 0.00 89.04 0.00
[16:36:15.830] [ARM-RX] [84] <0.00 -58.73 -6.78> result: 90.00 106.00 -72.88 0.00 88
[16:36:15.872] [ARM-RX] .88 0.00
[16:36:15.873] [ARM-RX] [85] <0.00 -60.54 -6.99> result: 90.00 106.37 -72.33 0.00 88.70 0.00
[16:36:15.873] [ARM-RX] [86] <0.00 -62.37 -7.20> result: 90.00 106.75 -71.78 0.00 88.52 0.00
[16:36:15.873] [ARM-RX] [87] <0.00 -64.23 -7.41> result: 90.00 107.13 -71.21 0.00 88.34 0.00
[16:36:15.873] [ARM-RX] [88] <0.00 -66.11 -7.63> result: 90.
[16:36:15.888] [ARM-RX] 00 107.51 -70.64 0.00 88.15 0.00
[16:36:15.888] [ARM-RX] [89] <0.00 -68.02 -7.85> result: 90.00 107.89 -70.06 0.00 87.95 0.00
[16:36:15.889] [ARM-RX] [90] <0.00 -69.95 -8.07> result: 90.00 108.28 -69.47 0.00 87.74 0.00
[16:36:15.889] [ARM-RX] [91] <0.00 -71.91 -8.30> result: 90.00 108.67 -68.87 0.00 87.53 0.00
[16:36:15.889] [ARM-RX] [92] <0.00 -
[16:36:15.944] [ARM-RX] 73.89 -8.53> result: 90.00 109.06 -68.26 0.00 87.31 0.00
[16:36:15.947] [ARM-RX] [93] <0.00 -75.90 -8.76> result: 90.00
[16:36:15.976] [ARM-RX] 109.45 -67.64 0.00 87.09 0.00
[16:36:15.976] [ARM-RX] [94] <0.00 -77.93 -8.99> result: 90.00 109.85 -67.02 0.00 86.86 0.00
[16:36:15.976] [ARM-RX] [95] <0.00 -79.98 -9.23> result: 90.00 110.24 -66.38 0.00 86.62 0.00
[16:36:15.976] [ARM-RX] [96] <0.00 -82.05 -9.47> result: 90.00 110.64 -65.74 0.00 86.38 0.00
[16:36:15.976] [ARM-RX] [97] <0.00 -84
[16:36:15.977] [ARM-RX] .15 -9.71> result: 90.00 111.04 -65.09 0.00 86.13 0.00
[16:36:15.978] [ARM-RX] [98] <0.00 -86.26 -9.95> result: 90.00 111.45 -64.43 0.00 85.88 0.00
[16:36:15.978] [ARM-RX] [99] <0.00 -88.40 -10.20> result: 90.00 111.86 -63.77 0.00 85.62 0.00
[16:36:15.978] [ARM-RX] [100] <0.00 -90.56 -10.45> result: 90.00 112.26 -63.09 0.00
[16:36:15.979] [ARM-RX] 85.36 0.00
[16:36:15.981] [ARM-RX] [101] <0.00 -92.73 -10.70> result: 90.00 112.67 -62.41 0.00 85.09 0.00
[16:36:15.981] [ARM-RX] [102] <0.00 -94.93 -10.95> result: 90.00 113.09 -61.72 0.00 84.81 0.00
[16:36:15.981] [ARM-RX] [103] <0.00 -97.14 -11.21> result: 90.00 113.50 -61.02 0.00 84.53 0.00
[16:36:15.981] [ARM-RX] [104] <0.00 -99.37 -11.47>
[16:36:15.989] [ARM-RX] result: 90.00 113.92 -60.32 0.00 84.24 0.00
[16:36:15.991] [ARM-RX] [105] <0.00 -101.62 -11.73> result: 90.00 114.34 -59.61 0.00 83.95 0.00
[16:36:15.991] [ARM-RX] [106] <0.00 -103.88 -11.99> result: 90.00 114.76 -58.89 0.00 83.65 0.00
[16:36:15.991] [ARM-RX] [107] <0.00 -106.16 -12.25> result: 90.00 115.18 -58.16 0.00 83.3
[16:36:16.014] [ARM-RX] 5 0.00
[16:36:16.014] [ARM-RX] [108] <0.00 -108.46 -12.51> result: 90.00 115.61 -57.43 0.00 83.04 0.00
[16:36:16.014] [ARM-RX] [109] <0.00 -110.77 -12.78> result: 90.00 116.04 -56.69 0.00 82.72 0.00
[16:36:16.014] [ARM-RX] [110] <0.00 -113.10 -13.05> result: 90.00 116.47 -55.94 0.00 82.41 0.00
[16:36:16.015] [ARM-RX] [111] <0.00 -115.44 -13.32> r
[16:36:16.036] [ARM-RX] esult: 90.00 116.90 -55.19 0.00 82.08 0.00
[16:36:16.041] [ARM-RX] [112] <0.00 -117.79 -13.59> result: 90.00 117.33 -54.43 0.00 81.76 0.00
[16:36:16.042] [ARM-RX] [113] <0.00 -120.15 -13.86> result: 90.00 117.77 -53.66 0.00 81.42 0.00
[16:36:16.042] [ARM-RX] [114] <0.00 -122.53 -14.14> result: 90.00 118.20 -52.88 0.00 81.09
[16:36:16.067] [ARM-RX] 0.00
[16:36:16.067] [ARM-RX] [115] <0.00 -124.91 -14.41> result: 90.00 118.64 -52.10 0.00 80.75 0.00
[16:36:16.068] [ARM-RX] [116] <0.00 -127.31 -14.69> result: 90.00 119.08 -51.32 0.00 80.40 0.00
[16:36:16.068] [ARM-RX] [117] <0.00 -129.72 -14.97> result: 90.00 119.52 -50.53 0.00 80.05 0.00
[16:36:16.068] [ARM-RX] [118] <0.00 -130.00 -15.00> re
[16:36:16.123] [ARM-RX] sult: 90.00 119.58 -50.43 0.00 80.01 0.00
[16:36:16.123] [ARM-RX] [119] <0.00 -130.00 -15.00> result: 90.00 119.58 -50.43 0.00 80.01 0.00
[16:36:16.123] [ARM-RX] [120] <0.00 -130.00 -15.00> result: 90.00 119.58 -50.43 0.00 80.01 0.00
[16:36:16.123] [ARM-RX] [121] <0.00 -130.00 -15.00> result: 90.00 119.58 -50.43 0.00 80.01
[16:36:16.125] [ARM-RX] 0.00
[16:36:16.125] [ARM-RX] [122] <0.00 -130.00 -15.00> result: 90.00 119.58 -50.43 0.00 80.01 0.00
[16:36:16.125] [ARM-RX] [123] <0.00 -130.00 -15.00> result: 90.00 119.58 -50.43 0.00 80.01 0.00
[16:36:16.125] [ARM-RX] [124] <0.00 -130.00 -15.00> result: 90.00 119.58 -50.43 0.00 80.01 0.00
[16:36:16.126] [ARM-RX] [125] <0.00 -130.00 -15.00> res
[16:36:16.139] [ARM-RX] ult: 90.00 119.58 -50.43 0.00 80.01 0.00
[16:36:16.139] [ARM-RX] [126] <0.00 -130.00 -15.00> result: 90.00 119.58 -50.43 0.00 80.01 0.00
[16:36:16.139] [ARM-RX] [127] <0.00 -130.00 -15.00> result: 90.00 119.58 -50.43 0.00 80.01 0.00
[16:36:16.139] [ARM-RX] [128] <0.00 -130.00 -15.00> result: 90.00 119.58 -50.43 0.00 80.01 0
[16:36:16.185] [ARM-RX] .00
[16:36:16.185] [ARM-RX] [129] <0.00 -130.00 -15.00> result: 90.00 119.58 -50.43 0.00 80.01 0.00
[16:36:16.186] [ARM-RX] [130] <0.00 -130.00 -15.00> result: 90.00 119.58 -50.43 0.00 80.01 0.00
[16:36:16.186] [ARM-RX] [131] <0.00 -130.00 -15.00> result: 90.00 119.58 -50.43 0.00 80.01 0.00
[16:36:16.186] [ARM-RX] [132] <0.00 -130.00 -15.00> resu
[16:36:16.187] [ARM-RX] lt: 90.00 119.58 -50.43 0.00 80.01 0.00
[16:36:16.187] [ARM-RX] [133] <0.00 -130.00 -15.00> result: 90.00 119.58 -50.43 0.00 80.01 0.00
[16:36:16.187] [ARM-RX] [134] <0.00 -130.00 -15.00> result: 90.00 119.58 -50.43 0.00 80.01 0.00
[16:36:16.187] [ARM-RX] [135] <0.00 -130.00 -15.00> result: 90.00 119.58 -50.43 0.00 80.01 0.
[16:36:16.208] [ARM-RX] 00
[16:36:16.208] [ARM-RX] [136] <0.00 -130.00 -15.00> result: 90.00 119.58 -50.43 0.00 80.01 0.00
[16:36:16.209] [ARM-RX] [137] <0.00 -130.00 -15.00> result: 90.00 119.58 -50.43 0.00 80.01 0.00
[16:36:16.209] [ARM-RX] [138] <0.00 -130.00 -15.00> result: 90.00 119.58 -50.43 0.00 80.01 0.00
[16:36:16.209] [ARM-RX] [139] <0.00 -130.00 -15.00> resul
[16:36:16.249] [ARM-RX] t: 90.00 119.58 -50.43 0.00 80.01 0.00
[16:36:16.251] [ARM-RX] [140] <0.00 -130.00 -15.00> result: 90.00 119.58 -50.43 0.00 80.01 0.00
[16:36:16.251] [ARM-RX] [141] <0.00 -130.00 -15.00> result: 90.00 119.58 -50.43 0.00 80.01 0.00
[16:36:16.251] [ARM-RX] [142] <0.00 -130.00 -15.00> result: 90.00 119.58 -50.43 0.00 80.01 0.0
[16:36:16.253] [ARM-RX] 0
[16:36:16.254] [ARM-RX] [143] <0.00 -130.00 -15.00> result: 90.00 119.58 -50.43 0.00 80.01 0.00
[16:36:16.254] [ARM-RX] [144] <0.00 -130.00 -15.00> result: 90.00 119.58 -50.43 0.00 80.01 0.00
[16:36:16.254] [ARM-RX] [145] <0.00 -130.00 -15.00> result: 90.00 119.58 -50.43 0.00 80.01 0.00
[16:36:16.254] [ARM-RX] [146] <0.00 -130.00 -15.00> result
[16:36:16.305] [ARM-RX] : 90.00 119.58 -50.43 0.00 80.01 0.00
[16:36:16.305] [ARM-RX] [147] <0.00 -130.00 -15.00> result: 90.00 119.58 -50.43 0.00 80.01 0.00
[16:36:16.305] [ARM-RX] [148] <0.00 -130.00 -15.00> result: 90.00 119.58 -50.43 0.00 80.01 0.00
[16:36:16.307] [ARM-RX] [149] <0.00 -130.00 -15.00> result: 90.00 119.58 -50.43 0.00 80.01 0.00
[16:36:16.311] [ARM-RX] [150] <0.00 -130.00 -15.00> result: 90.00 119.58 -50.43 0.00 80.01 0.00
[16:36:16.311] [ARM-RX] [151] <0.00 -130.00 -15.00> result: 90.00 119.58 -50.43 0.00 80.01 0.00
[16:36:16.311] [ARM-RX] [152] <0.00 -130.00 -15.00> result: 90.00 119.58 -50.43 0.00 80.01 0.00
[16:36:16.312] [ARM-RX] [153] <0.00 -130.00 -15.00> result:
[16:36:16.360] [ARM-RX] 90.00 119.58 -50.43 0.00 80.01 0.00
[16:36:16.361] [ARM-RX] [154] <0.00 -130.00 -15.00> result: 90.00 119.58 -50.43 0.00 80.01 0.00
[16:36:16.361] [ARM-RX] [155] <0.00 -130.00 -15.00> result: 90.00 119.58 -50.43 0.00 80.01 0.00
[16:36:16.361] [ARM-RX] [156] <0.00 -130.00 -15.00> result: 90.00 119.58 -50.43 0.00 80.01 0.00
[16:36:16.361] [ARM-RX] [157] <0.00 -130.00 -15.00> result: 90.00 119.58 -50.43 0.00 80.01 0.00
[16:36:16.361] [ARM-RX] [158] <0.00 -130.00 -15.00> result: 90.00 119.58 -50.43 0.00 80.01 0.00
[16:36:16.363] [ARM-RX] [159] <0.00 -130.00 -15.00> result: 90.00 119.58 -50.43 0.00 80.01 0.00
[16:36:16.363] [ARM-RX] [160] <0.00 -130.00 -15.00> result:
[16:36:16.380] [ARM-RX] 90.00 119.58 -50.43 0.00 80.01 0.00
[16:36:16.380] [ARM-RX] [161] <0.00 -130.00 -15.00> result: 90.00 119.58 -50.43 0.00 80.01 0.00
[16:36:16.380] [ARM-RX] [162] <0.00 -130.00 -15.00> result: 90.00 119.58 -50.43 0.00 80.01 0.00
[16:36:16.380] [ARM-RX] [163] <0.00 -130.00 -15.00> result: 90.00 119.58 -50.43 0.00 80.01 0.00
[16:36:16.412] [ARM-RX] [164] <0.00 -130.00 -15.00> result: 90.00 119.58 -50.43 0.00 80.01 0.00
[16:36:16.412] [ARM-RX] [165] <0.00 -130.00 -15.00> result: 90.00 119.58 -50.43 0.00 80.01 0.00
[16:36:16.412] [ARM-RX] [166] <0.00 -130.00 -15.00> result: 90.00 119.58 -50.43 0.00 80.01 0.00
[16:36:16.412] [ARM-RX] [167] <0.00 -130.00 -15.00> result: 9
[16:36:16.426] [ARM-RX] 0.00 119.58 -50.43 0.00 80.01 0.00
[16:36:16.426] [ARM-RX] [168] <0.00 -130.00 -15.00> result: 90.00 119.58 -50.43 0.00 80.01 0.00
[16:36:16.426] [ARM-RX] [169] <0.00 -130.00 -15.00> result: 90.00 119.58 -50.43 0.00 80.01 0.00
[16:36:16.427] [ARM-RX] [170] <0.00 -130.00 -15.00> result: 90.00 119.58 -50.43 0.00 80.01 0.00
[16:36:16.427] [ARM-RX] [
[16:36:16.477] [ARM-RX] 171] <0.00 -130.00 -15.00> result: 90.00 119.58 -50.43 0.00 80.01 0.00
[16:36:16.477] [ARM-RX] [172] <0.00 -130.00 -15.00> result: 90.00 119.58 -50.43 0.00 80.01 0.00
[16:36:16.477] [ARM-RX] [173] <0.00 -130.00 -15.00> result: 90.00 119.58 -50.43 0.00 80.01 0.00
[16:36:16.477] [ARM-RX] [174] <0.00 -130.00 -15.00> result: 90
[16:36:16.483] [ARM-RX] .00 119.58 -50.43 0.00 80.01 0.00
[16:36:16.483] [ARM-RX] [175] <0.00 -130.00 -15.00> result: 90.00 119.58 -50.43 0.00 80.01 0.00
[16:36:16.483] [ARM-RX] [176] <0.00 -130.00 -15.00> result: 90.00 119.58 -50.43 0.00 80.01 0.00
[16:36:16.483] [ARM-RX] [177] <0.00 -130.00 -15.00> result: 90.00 119.58 -50.43 0.00 80.01 0.00
[16:36:16.483] [ARM-RX] [1
[16:36:16.508] [ARM-RX] 78] <0.00 -130.00 -15.00> result: 90.00 119.58 -50.43 0.00 80.01 0.00
[16:36:16.508] [ARM-RX] [179] <0.00 -130.00 -15.00> result: 90.00 119.58 -50.43 0.00 80.01 0.00
[16:36:16.508] [ARM-RX] [180] <0.00 -130.00 -15.00> result: 90.00 119.58 -50.43 0.00 80.01 0.00
[16:36:16.508] [ARM-RX] [181] <0.00 -130.00 -15.00> result: 90.
[16:36:16.528] [ARM-RX] 00 119.58 -50.43 0.00 80.01 0.00
[16:36:16.530] [ARM-RX] [182] <0.00 -130.00 -15.00> result: 90.00 119.58 -50.43 0.00 80.01 0.00
[16:36:16.530] [ARM-RX] [183] <0.00 -130.00 -15.00> result: 90.00 119.58 -50.43 0.00 80.01 0.00
[16:36:16.530] [ARM-RX] [184] <0.00 -130.00 -15.00> result: 90.00 119.58 -50.43 0.00 80.01 0.00
[16:36:16.530] [ARM-RX] [18
[16:36:16.555] [ARM-RX] 5] <0.00 -130.00 -15.00> result: 90.00 119.58 -50.43 0.00 80.01 0.00
[16:36:16.555] [ARM-RX] [186] <0.00 -130.00 -15.00> result: 90.00 119.58 -50.43 0.00 80.01 0.00
[16:36:16.556] [ARM-RX] [187] <0.00 -130.00 -15.00> result: 90.00 119.58 -50.43 0.00 80.01 0.00
[16:36:16.556] [ARM-RX] [188] <0.00 -130.00 -15.00> result: 90.0
[16:36:16.598] [ARM-RX] 0 119.58 -50.43 0.00 80.01 0.00
[16:36:16.599] [ARM-RX] [189] <0.00 -130.00 -15.00> result: 90.00 119.58 -50.43 0.00 80.01 0.00
[16:36:16.599] [ARM-RX] [190] <0.00 -130.00 -15.00> result: 90.00 119.58 -50.43 0.00 80.01 0.00
[16:36:16.599] [ARM-RX] [191] <0.00 -130.00 -15.00> result: 90.00 119.58 -50.43 0.00 80.01 0.00
[16:36:16.601] [ARM-RX] [192
[16:36:16.605] [ARM-RX] ] <0.00 -130.00 -15.00> result: 90.00 119.58 -50.43 0.00 80.01 0.00
[16:36:16.606] [ARM-RX] [193] <0.00 -130.00 -15.00> result: 90.00 119.58 -50.43 0.00 80.01 0.00
[16:36:16.606] [ARM-RX] [194] <0.00 -130.00 -15.00> result: 90.00 119.58 -50.43 0.00 80.01 0.00
[16:36:16.606] [ARM-RX] [195] <0.00 -130.00 -15.00> result: 90.00
[16:36:16.650] [ARM-RX] 119.58 -50.43 0.00 80.01 0.00
[16:36:16.650] [ARM-RX] [196] <0.00 -130.00 -15.00> result: 90.00 119.58 -50.43 0.00 80.01 0.00
[16:36:16.650] [ARM-RX] [197] <0.00 -130.00 -15.00> result: 90.00 119.58 -50.43 0.00 80.01 0.00
[16:36:16.651] [ARM-RX] [198] <0.00 -130.00 -15.00> result: 90.00 119.58 -50.43 0.00 80.01 0.00
[16:36:16.651] [ARM-RX] [199]
[16:36:16.658] [ARM-RX] <0.00 -130.00 -15.00> result: 90.00 119.58 -50.43 0.00 80.01 0.00
[16:36:16.658] [ARM-RX] [200] <0.00 -130.00 -15.00> result: 90.00 119.58 -50.43 0.00 80.01 0.00
[16:36:16.658] [ARM-RX] [201] <0.00 -130.00 -15.00> result: 90.00 119.58 -50.43 0.00 80.01 0.00
[16:36:16.658] [ARM-RX] [202] <0.00 -130.00 -15.00> result: 90.00
[16:36:16.678] [ARM-RX] 119.58 -50.43 0.00 80.01 0.00
[16:36:16.678] [ARM-RX] [203] <0.00 -130.00 -15.00> result: 90.00 119.58 -50.43 0.00 80.01 0.00
[16:36:16.679] [ARM-RX] [204] <0.00 -130.00 -15.00> result: 90.00 119.58 -50.43 0.00 80.01 0.00
[16:36:16.679] [ARM-RX] [205] <0.00 -130.00 -15.00> result: 90.00 119.58 -50.43 0.00 80.01 0.00
[16:36:16.679] [ARM-RX] [206]
[16:36:16.701] [ARM-RX] <0.00 -130.00 -15.00> result: 90.00 119.58 -50.43 0.00 80.01 0.00
[16:36:16.701] [ARM-RX] [207] <0.00 -130.00 -15.00> result: 90.00 119.58 -50.43 0.00 80.01 0.00
[16:36:16.701] [ARM-RX] [208] <0.00 -130.00 -15.00> result: 90.00 119.58 -50.43 0.00 80.01 0.00
[16:36:16.701] [ARM-RX] [209] <0.00 -130.00 -15.00> result: 90.00 1
[16:36:16.725] [ARM-RX] 19.58 -50.43 0.00 80.01 0.00
[16:36:16.725] [ARM-RX] [210] <0.00 -130.00 -15.00> result: 90.00 119.58 -50.43 0.00 80.01 0.00
[16:36:16.726] [ARM-RX] [211] <0.00 -130.00 -15.00> result: 90.00 119.58 -50.43 0.00 80.01 0.00
[16:36:16.726] [ARM-RX] [212] <0.00 -130.00 -15.00> result: 90.00 119.58 -50.43 0.00 80.01 0.00
[16:36:16.726] [ARM-RX] [213] <
[16:36:16.764] [ARM-RX] 0.00 -130.00 -15.00> result: 90.00 119.58 -50.43 0.00 80.01 0.00
[16:36:16.764] [ARM-RX] [214] <0.00 -130.00 -15.00> result: 90.00 119.58 -50.43 0.00 80.01 0.00
[16:36:16.764] [ARM-RX] [215] <0.00 -130.00 -15.00> result: 90.00 119.58 -50.43 0.00 80.01 0.00
[16:36:16.764] [ARM-RX] [216] <0.00 -130.00 -15.00> result: 90.00 11
[16:36:16.768] [ARM-RX] 9.58 -50.43 0.00 80.01 0.00
[16:36:16.768] [ARM-RX] [217] <0.00 -130.00 -15.00> result: 90.00 119.58 -50.43 0.00 80.01 0.00
[16:36:16.770] [ARM-RX] [218] <0.00 -130.00 -15.00> result: 90.00 119.58 -50.43 0.00 80.01 0.00
[16:36:16.770] [ARM-RX] [219] <0.00 -130.00 -15.00> result: 90.00 119.58 -50.43 0.00 80.01 0.00
[16:36:16.770] [ARM-RX] [220] <0
[16:36:16.816] [ARM-RX] .00 -130.00 -15.00> result: 90.00 119.58 -50.43 0.00 80.01 0.00
[16:36:16.816] [ARM-RX] [221] <0.00 -130.00 -15.00> result: 90.00 119.58 -50.43 0.00 80.01 0.00
[16:36:16.816] [ARM-RX] [222] <0.00 -130.00 -15.00> result: 90.00 119.58 -50.43 0.00 80.01 0.00
[16:36:16.816] [ARM-RX] [223] <0.00 -130.00 -15.00> result: 90.00 119
[16:36:16.827] [ARM-RX] .58 -50.43 0.00 80.01 0.00
[16:36:16.827] [ARM-RX] [224] <0.00 -130.00 -15.00> result: 90.00 119.58 -50.43 0.00 80.01 0.00
[16:36:16.827] [ARM-RX] [225] <0.00 -130.00 -15.00> result: 90.00 119.58 -50.43 0.00 80.01 0.00
[16:36:16.827] [ARM-RX] [226] <0.00 -130.00 -15.00> result: 90.00 119.58 -50.43 0.00 80.01 0.00
[16:36:16.828] [ARM-RX] [227] <0.
[16:36:16.867] [ARM-RX] 00 -130.00 -15.00> result: 90.00 119.58 -50.43 0.00 80.01 0.00
[16:36:16.868] [ARM-RX] [228] <0.00 -130.00 -15.00> result: 90.00 119.58 -50.43 0.00 80.01 0.00
[16:36:16.868] [ARM-RX] [229] <0.00 -130.00 -15.00> result: 90.00 119.58 -50.43 0.00 80.01 0.00
[16:36:16.868] [ARM-RX] [230] <0.00 -130.00 -15.00> result: 90.00 119.
[16:36:16.873] [ARM-RX] 58 -50.43 0.00 80.01 0.00
[16:36:16.873] [ARM-RX] [231] <0.00 -130.00 -15.00> result: 90.00 119.58 -50.43 0.00 80.01 0.00
[16:36:16.873] [ARM-RX] [232] <0.00 -130.00 -15.00> result: 90.00 119.58 -50.43 0.00 80.01 0.00
[16:36:16.874] [ARM-RX] [233] <0.00 -130.00 -15.00> result: 90.00 119.58 -50.43 0.00 80.01 0.00
[16:36:16.874] [ARM-RX] [234] <0.0
[16:36:16.895] [ARM-RX] 0 -130.00 -15.00> result: 90.00 119.58 -50.43 0.00 80.01 0.00
[16:36:16.896] [ARM-RX] [235] <0.00 -130.00 -15.00> result: 90.00 119.58 -50.43 0.00 80.01 0.00
[16:36:16.896] [ARM-RX] [236] <0.00 -130.00 -15.00> result: 90.00 119.58 -50.43 0.00 80.01 0.00
[16:36:16.896] [ARM-RX] [237] <0.00 -130.00 -15.00> result: 90.00 119.5
[16:36:16.927] [ARM-RX] 8 -50.43 0.00 80.01 0.00
[16:36:16.927] [ARM-RX] [238] <0.00 -130.00 -15.00> result: 90.00 119.58 -50.43 0.00 80.01 0.00
[16:36:16.927] [ARM-RX] [239] <0.00 -130.00 -15.00> result: 90.00 119.58 -50.43 0.00 80.01 0.00
[16:36:16.928] [ARM-RX] [240] <0.00 -130.00 -15.00> result: 90.00 119.58 -50.43 0.00 80.01 0.00
[16:36:16.928] [ARM-RX] [241] <0.00
[16:36:16.941] [ARM-RX] -130.00 -15.00> result: 90.00 119.58 -50.43 0.00 80.01 0.00
[16:36:16.942] [ARM-RX] [242] <0.00 -130.00 -15.00> result: 90.00 119.58 -50.43 0.00 80.01 0.00
[16:36:16.942] [ARM-RX] [243] <0.00 -130.00 -15.00> result: 90.00 119.58 -50.43 0.00 80.01 0.00
[16:36:16.942] [ARM-RX] [244] <0.00 -130.00 -15.00> result: 90.00 119.58
[16:36:16.981] [ARM-RX] -50.43 0.00 80.01 0.00
[16:36:16.981] [ARM-RX] [245] <0.00 -130.00 -15.00> result: 90.00 119.58 -50.43 0.00 80.01 0.00
[16:36:16.981] [ARM-RX] [246] <0.00 -130.00 -15.00> result: 90.00 119.58 -50.43 0.00 80.01 0.00
[16:36:16.982] [ARM-RX] [247] <0.00 -130.00 -15.00> result: 90.00 119.58 -50.43 0.00 80.01 0.00
[16:36:16.982] [ARM-RX] [248] <0.00
[16:36:16.987] [ARM-RX] -130.00 -15.00> result: 90.00 119.58 -50.43 0.00 80.01 0.00
[16:36:16.987] [ARM-RX] [249] <0.00 -130.00 -15.00> result: 90.00 119.58 -50.43 0.00 80.01 0.00
[16:36:16.987] [ARM-RX] [250] <0.00 -130.00 -15.00> result: 90.00 119.58 -50.43 0.00 80.01 0.00
[16:36:16.988] [ARM-RX] [251] <0.00 -130.00 -15.00> result: 90.00 119.58
[16:36:17.022] [ARM-RX] -50.43 0.00 80.01 0.00
[16:36:17.022] [ARM-RX] [252] <0.00 -130.00 -15.00> result: 90.00 119.58 -50.43 0.00 80.01 0.00
[16:36:17.022] [ARM-RX] [253] <0.00 -130.00 -15.00> result: 90.00 119.58 -50.43 0.00 80.01 0.00
[16:36:17.023] [ARM-RX] [254] <0.00 -130.00 -15.00> result: 90.00 119.58 -50.43 0.00 80.01 0.00
[16:36:17.023] [ARM-RX] [255] <0.00 -
[16:36:17.066] [ARM-RX] 130.00 -15.00> result: 90.00 119.58 -50.43 0.00 80.01 0.00
[16:36:17.066] [ARM-RX] [256] <0.00 -130.00 -15.00> result: 90.00 119.58 -50.43 0.00 80.01 0.00
[16:36:17.068] [ARM-RX] [257] <0.00 -130.00 -15.00> result: 90.00 119.58 -50.43 0.00 80.01 0.00
[16:36:17.068] [ARM-RX] [258] <0.00 -130.00 -15.00> result: 90.00 119.58 -
[16:36:17.125] [ARM-RX] 50.43 0.00 80.01 0.00
[16:36:17.125] [ARM-RX] [259] <0.00 -130.00 -15.00> result: 90.00 119.58 -50.43 0.00 80.01 0.00
[16:36:17.126] [ARM-RX] [260] <0.00 -130.00 -15.00> result: 90.00 119.58 -50.43 0.00 80.01 0.00
[16:36:19.840] [ARM-RX] [joint 1] ave_error:0.00
[16:36:19.840] [ARM-RX] [joint 2] ave_error:7.21
[16:36:19.840] [ARM-RX] [joint 3] ave_error:7.60
[16:36:19.840] [ARM-RX] [joint 4] ave_error:0.00
[16:36:19.842] [ARM-RX] [joint 5] ave_error:1.15
[16:36:19.842] [ARM-RX] robot pid run finished!!
[16:36:20.642] [ARM-RX] AUTO final confirm failed: joint 2 err=11.47deg tol=3.00, pose invalid.
[16:36:20.642] [ARM-RX] J1 cur=90.00 target=90.00 err=-0.00
[16:36:20.642] [ARM-RX] J2 cur=130.10 target=119.58 err=-10.52
[16:36:20.642] [ARM-RX] J3 cur=-38.96 target=-50.43 err=-11.47
[16:36:20.643] [ARM-RX] J4 cur=0.00 target=0.00 err=-0.00
[16:36:20.643] [ARM-RX] J5 cur=79.71 target=8
[16:36:20.708] [ARM-RX] 0.01 err=0.30
[16:36:27.810] [ARM-TX] 发送命令 auto 0 -130 -20: auto 0 -130 -20
[16:36:27.931] [ARM-RX] Found handler for 'auto', executing...
[16:36:27.931] [ARM-RX] reject AUTO: pose invalid, please do hard_reset/soft_reset first.
[16:36:27.931] [ARM-RX] [ERROR] event_type:auto failed
[16:36:57.147] [ARM-TX] 发送命令 soft_reset: soft_reset
[16:36:57.274] [ARM-RX] Found handler for 'soft_reset', executing...
[16:36:57.274] [ARM-RX] ROBOT_SOFT_RESET_EVENT
[16:36:57.274] [ARM-RX] --- Starting soft reset ---
[16:36:57.462] [ARM-RX] Soft reset motors enabled (J1~J5, J6 skipped).
[16:36:57.462] [ARM-RX] Soft resetting joint 4...
[16:36:57.462] [ARM-RX] robot_update_current_angle 4...
[16:36:57.462] [ARM-RX] [4] current:79.71, target:90.00, dir:1
[16:36:58.522] [ARM-RX] Soft resetting joint 3...
[16:36:58.585] [ARM-RX] robot_update_current_angle 3...
[16:36:58.585] [ARM-RX] [3] current:0.00, target:0.00, dir:-1
[16:36:58.646] [ARM-RX] Soft resetting joint 1...
[16:36:58.646] [ARM-RX] robot_update_current_angle 1...
[16:36:58.646] [ARM-RX] [1] current:130.09, target:90.00, dir:-1
[16:37:00.890] [ARM-RX] soft reset joint 1 settle timeout, keep going
[16:37:00.890] [ARM-RX] Soft resetting joint 2...
[16:37:00.890] [ARM-RX] robot_update_current_angle 2...
[16:37:00.891] [ARM-RX] [2] current:-38.97, target:-90.00, dir:-1
[16:37:03.383] [ARM-RX] soft reset joint 2 settle timeout, keep going
[16:37:03.384] [ARM-RX] Soft resetting joint 0...
[16:37:03.384] [ARM-RX] robot_update_current_angle 0...
[16:37:03.384] [ARM-RX] [0] current:90.00, target:90.00, dir:-1
[16:37:03.507] [ARM-RX] soft reset verify not pass, start refine loop...
[16:37:03.631] [ARM-RX] soft reset refine joint 2 round 1: cur=-83.52 target=-90.00 err=6.48 dir=-1
[16:37:04.940] [ARM-RX] soft reset refine pass 1 success.
[16:37:04.940] [ARM-RX] soft reset final verify PASS (issues:2), pose set HOME.
[16:37:06.397] [ARM-TX] 发送命令 auto 0 -130 -20: auto 0 -130 -20
[16:37:06.498] [ARM-RX] Found handler for 'auto', executing...
[16:37:06.498] [ARM-RX] ROBOT_AUTO_EVENT
[16:37:06.498] [ARM-RX] [0] <0.00 0.00 0.00> result: 90.00 90.00 -90.00 0.00 90.00 0.00
[16:37:06.537] [ARM-RX] [1] <0.00 -0.00 -0.00> result: 90.00 90.00 -90.00 0.00 90.00 0.00
[16:37:06.538] [ARM-RX] [2] <0.00 -0.00 -0.00> result: 90.00 90.00 -90.00 0.00 90.00 0.00
[16:37:06.538] [ARM-RX] [3] <0.00 -0.01 -0.00> result: 90.00 90.00 -90.00 0.00 90.00 0.00
[16:37:06.538] [ARM-RX] [4] <0.00 -0.01 -0.00> result: 90.00 90.00 -90.00 0.00
[16:37:06.549] [ARM-RX] 90.00 0.00
[16:37:06.549] [ARM-RX] [5] <0.00 -0.02 -0.00> result: 90.00 90.01 -89.99 0.00 90.00 0.00
[16:37:06.551] [ARM-RX] [6] <0.00 -0.03 -0.00> result: 90.00 90.01 -89.99 0.00 90.01 0.00
[16:37:06.551] [ARM-RX] [7] <0.00 -0.05 -0.01> result: 90.00 90.02 -89.99 0.00 90.01 0.00
[16:37:06.551] [ARM-RX] [8] <0.00 -0.07 -0.01> result: 90.00 90.03
[16:37:06.593] [ARM-RX] -89.98 0.00 90.01 0.00
[16:37:06.594] [ARM-RX] [9] <0.00 -0.10 -0.02> result: 90.00 90.05 -89.97 0.00 90.02 0.00
[16:37:06.594] [ARM-RX] [10] <0.00 -0.14 -0.02> result: 90.00 90.06 -89.96 0.00 90.03 0.00
[16:37:06.594] [ARM-RX] [11] <0.00 -0.18 -0.03> result: 90.00 90.08 -89.95 0.00 90.03 0.00
[16:37:06.594] [ARM-RX] [12] <0.00 -0.23 -0.04> resu
[16:37:06.595] [ARM-RX] lt: 90.00 90.11 -89.94 0.00 90.04 0.00
[16:37:06.595] [ARM-RX] [13] <0.00 -0.29 -0.04> result: 90.00 90.13 -89.92 0.00 90.05 0.00
[16:37:06.595] [ARM-RX] [14] <0.00 -0.36 -0.06> result: 90.00 90.16 -89.90 0.00 90.07 0.00
[16:37:06.595] [ARM-RX] [15] <0.00 -0.44 -0.07> result: 90.00 90.20 -89.88 0.00 90.08 0.00
[16:37:06.596] [ARM-RX] [16] <0.00 -
[16:37:06.618] [ARM-RX] 0.53 -0.08> result: 90.00 90.24 -89.86 0.00 90.10 0.00
[16:37:06.618] [ARM-RX] [17] <0.00 -0.63 -0.10> result: 90.00 90.29 -89.83 0.00 90.11 0.00
[16:37:06.618] [ARM-RX] [18] <0.00 -0.75 -0.11> result: 90.00 90.34 -89.80 0.00 90.13 0.00
[16:37:06.618] [ARM-RX] [19] <0.00 -0.87 -0.13> result: 90.00 90.39 -89.76 0.00 90.16 0.
[16:37:06.640] [ARM-RX] 00
[16:37:06.642] [ARM-RX] [20] <0.00 -1.01 -0.16> result: 90.00 90.46 -89.72 0.00 90.18 0.00
[16:37:06.642] [ARM-RX] [21] <0.00 -1.17 -0.18> result: 90.00 90.53 -89.68 0.00 90.21 0.00
[16:37:06.642] [ARM-RX] [22] <0.00 -1.34 -0.21> result: 90.00 90.60 -89.64 0.00 90.24 0.00
[16:37:06.642] [ARM-RX] [23] <0.00 -1.52 -0.23> result: 90.00 90.68 -89.
[16:37:06.663] [ARM-RX] 58 0.00 90.27 0.00
[16:37:06.664] [ARM-RX] [24] <0.00 -1.72 -0.26> result: 90.00 90.77 -89.53 0.00 90.30 0.00
[16:37:06.664] [ARM-RX] [25] <0.00 -1.94 -0.30> result: 90.00 90.86 -89.47 0.00 90.33 0.00
[16:37:06.664] [ARM-RX] [26] <0.00 -2.17 -0.33> result: 90.00 90.97 -89.41 0.00 90.37 0.00
[16:37:06.664] [ARM-RX] [27] <0.00 -2.42 -0.37> result:
[16:37:06.716] [ARM-RX] 90.00 91.07 -89.34 0.00 90.41 0.00
[16:37:06.717] [ARM-RX] [28] <0.00 -2.69 -0.41> result: 90.00 91.19 -89.26 0.00 90.45 0.00
[16:37:06.717] [ARM-RX] [29] <0.00 -2.98 -0.46> result: 90.00 91.31 -89.18 0.00 90.50 0.00
[16:37:06.720] [ARM-RX] [30] <0.00 -3.29 -0.51> result: 90.00 91.44 -89.10 0.00 90.54 0.00
[16:37:06.720] [ARM-RX] [31] <0.00 -3.62
[16:37:06.722] [ARM-RX] -0.56> result: 90.00 91.58 -89.01 0.00 90.59 0.00
[16:37:06.722] [ARM-RX] [32] <0.00 -3.96 -0.61> result: 90.00 91.73 -88.91 0.00 90.64 0.00
[16:37:06.723] [ARM-RX] [33] <0.00 -4.33 -0.67> result: 90.00 91.88 -88.81 0.00 90.69 0.00
[16:37:06.723] [ARM-RX] [34] <0.00 -4.72 -0.73> result: 90.00 92.04 -88.70 0.00 90.74 0.00
[16:37:06.770] [ARM-RX] [35] <0.00 -5.14 -0.79> result: 90.00 92.21 -88.59 0.00 90.79 0.00
[16:37:06.771] [ARM-RX] [36] <0.00 -5.57 -0.86> result: 90.00 92.38 -88.47 0.00 90.85 0.00
[16:37:06.771] [ARM-RX] [37] <0.00 -6.03 -0.93> result: 90.00 92.56 -88.34 0.00 90.90 0.00
[16:37:06.771] [ARM-RX] [38] <0.00 -6.51 -1.00> result: 90.00 92.75 -88.21 0
[16:37:06.773] [ARM-RX] .00 90.96 0.00
[16:37:06.773] [ARM-RX] [39] <0.00 -7.01 -1.08> result: 90.00 92.95 -88.07 0.00 91.01 0.00
[16:37:06.773] [ARM-RX] [40] <0.00 -7.54 -1.16> result: 90.00 93.15 -87.92 0.00 91.07 0.00
[16:37:06.774] [ARM-RX] [41] <0.00 -8.10 -1.25> result: 90.00 93.36 -87.76 0.00 91.13 0.00
[16:37:06.774] [ARM-RX] [42] <0.00 -8.67 -1.33> result: 90.0
[16:37:06.789] [ARM-RX] 0 93.58 -87.60 0.00 91.18 0.00
[16:37:06.790] [ARM-RX] [43] <0.00 -9.28 -1.43> result: 90.00 93.81 -87.43 0.00 91.24 0.00
[16:37:06.790] [ARM-RX] [44] <0.00 -9.91 -1.52> result: 90.00 94.04 -87.26 0.00 91.29 0.00
[16:37:06.790] [ARM-RX] [45] <0.00 -10.56 -1.62> result: 90.00 94.28 -87.07 0.00 91.35 0.00
[16:37:06.790] [ARM-RX] [46] <0.00 -11.24 -
[16:37:06.829] [ARM-RX] 1.73> result: 90.00 94.52 -86.88 0.00 91.40 0.00
[16:37:06.829] [ARM-RX] [47] <0.00 -11.95 -1.84> result: 90.00 94.77 -86.68 0.00 91.45 0.00
[16:37:06.829] [ARM-RX] [48] <0.00 -12.69 -1.95> result: 90.00 95.03 -86.47 0.00 91.50 0.00
[16:37:06.831] [ARM-RX] [49] <0.00 -13.45 -2.07> result: 90.00 95.29 -86.25 0.00 91.55 0.00
[16:37:06.838] [ARM-RX] [50] <0.00 -14.24 -2.19> result: 90.00 95.56 -86.03 0.00 91.59 0.00
[16:37:06.838] [ARM-RX] [51] <0.00 -15.06 -2.32> result: 90.00 95.83 -85.80 0.00 91.63 0.00
[16:37:06.838] [ARM-RX] [52] <0.00 -15.90 -2.45> result: 90.00 96.11 -85.56 0.00 91.67 0.00
[16:37:06.839] [ARM-RX] [53] <0.00 -16.78 -2.58> result: 90.00 96.40 -85
[16:37:06.880] [ARM-RX] .31 0.00 91.70 0.00
[16:37:06.881] [ARM-RX] [54] <0.00 -17.68 -2.72> result: 90.00 96.69 -85.05 0.00 91.74 0.00
[16:37:06.881] [ARM-RX] [55] <0.00 -18.61 -2.86> result: 90.00 96.98 -84.78 0.00 91.77 0.00
[16:37:06.881] [ARM-RX] [56] <0.00 -19.57 -3.01> result: 90.00 97.28 -84.51 0.00 91.79 0.00
[16:37:06.881] [ARM-RX] [57] <0.00 -20.56 -3.16> res
[16:37:06.892] [ARM-RX] ult: 90.00 97.59 -84.22 0.00 91.81 0.00
[16:37:06.892] [ARM-RX] [58] <0.00 -21.58 -3.32> result: 90.00 97.90 -83.93 0.00 91.82 0.00
[16:37:06.894] [ARM-RX] [59] <0.00 -22.63 -3.48> result: 90.00 98.21 -83.62 0.00 91.84 0.00
[16:37:06.894] [ARM-RX] [60] <0.00 -23.71 -3.65> result: 90.00 98.53 -83.31 0.00 91.84 0.00
[16:37:06.894] [ARM-RX] [61] <0.
[16:37:06.936] [ARM-RX] 00 -24.81 -3.82> result: 90.00 98.85 -82.99 0.00 91.84 0.00
[16:37:06.936] [ARM-RX] [62] <0.00 -25.95 -3.99> result: 90.00 99.18 -82.66 0.00 91.84 0.00
[16:37:06.936] [ARM-RX] [63] <0.00 -27.12 -4.17> result: 90.00 99.51 -82.32 0.00 91.83 0.00
[16:37:06.936] [ARM-RX] [64] <0.00 -28.31 -4.36> result: 90.00 99.84 -81.98 0.00
[16:37:06.939] [ARM-RX] 91.81 0.00
[16:37:06.939] [ARM-RX] [65] <0.00 -29.54 -4.54> result: 90.00 100.17 -81.62 0.00 91.79 0.00
[16:37:06.939] [ARM-RX] [66] <0.00 -30.79 -4.74> result: 90.00 100.51 -81.25 0.00 91.76 0.00
[16:37:06.940] [ARM-RX] [67] <0.00 -32.08 -4.93> result: 90.00 100.86 -80.87 0.00 91.73 0.00
[16:37:06.940] [ARM-RX] [68] <0.00 -33.39 -5.14> result: 9
[16:37:06.962] [ARM-RX] 0.00 101.20 -80.49 0.00 91.69 0.00
[16:37:06.962] [ARM-RX] [69] <0.00 -34.73 -5.34> result: 90.00 101.55 -80.09 0.00 91.65 0.00
[16:37:06.962] [ARM-RX] [70] <0.00 -36.11 -5.55> result: 90.00 101.90 -79.69 0.00 91.59 0.00
[16:37:06.963] [ARM-RX] [71] <0.00 -37.51 -5.77> result: 90.00 102.26 -79.28 0.00 91.54 0.00
[16:37:06.963] [ARM-RX] [72] <0.00
[16:37:06.994] [ARM-RX] -38.94 -5.99> result: 90.00 102.62 -78.85 0.00 91.47 0.00
[16:37:06.994] [ARM-RX] [73] <0.00 -40.40 -6.22> result: 90.00 102.98 -78.42 0.00 91.40 0.00
[16:37:06.995] [ARM-RX] [74] <0.00 -41.89 -6.44> result: 90.00 103.34 -77.98 0.00 91.32 0.00
[16:37:06.995] [ARM-RX] [75] <0.00 -43.41 -6.68> result: 90.00 103.71 -77.53 0.0
[16:37:07.008] [ARM-RX] 0 91.23 0.00
[16:37:07.008] [ARM-RX] [76] <0.00 -44.96 -6.92> result: 90.00 104.08 -77.07 0.00 91.14 0.00
[16:37:07.008] [ARM-RX] [77] <0.00 -46.53 -7.16> result: 90.00 104.45 -76.60 0.00 91.04 0.00
[16:37:07.009] [ARM-RX] [78] <0.00 -48.14 -7.41> result: 90.00 104.82 -76.12 0.00 90.94 0.00
[16:37:07.009] [ARM-RX] [79] <0.00 -49.77 -7.66> result:
[16:37:07.047] [ARM-RX] 90.00 105.20 -75.63 0.00 90.82 0.00
[16:37:07.048] [ARM-RX] [80] <0.00 -51.43 -7.91> result: 90.00 105.57 -75.13 0.00 90.70 0.00
[16:37:07.048] [ARM-RX] [81] <0.00 -53.12 -8.17> result: 90.00 105.95 -74.62 0.00 90.58 0.00
[16:37:07.048] [ARM-RX] [82] <0.00 -54.83 -8.44> result: 90.00 106.34 -74.10 0.00 90.44 0.00
[16:37:07.048] [ARM-RX] [83] <0.
[16:37:07.064] [ARM-RX] 00 -56.58 -8.70> result: 90.00 106.72 -73.58 0.00 90.30 0.00
[16:37:07.065] [ARM-RX] [84] <0.00 -58.35 -8.98> result: 90.00 107.11 -73.04 0.00 90.15 0.00
[16:37:07.065] [ARM-RX] [85] <0.00 -60.14 -9.25> result: 90.00 107.50 -72.50 0.00 90.00 0.00
[16:37:07.065] [ARM-RX] [86] <0.00 -61.96 -9.53> result: 90.00 107.89 -71.95 0
[16:37:07.113] [ARM-RX] .00 89.84 0.00
[16:37:07.113] [ARM-RX] [87] <0.00 -63.81 -9.82> result: 90.00 108.28 -71.38 0.00 89.67 0.00
[16:37:07.114] [ARM-RX] [88] <0.00 -65.69 -10.11> result: 90.00 108.68 -70.81 0.00 89.49 0.00
[16:37:07.114] [ARM-RX] [89] <0.00 -67.58 -10.40> result: 90.00 109.08 -70.23 0.00 89.31 0.00
[16:37:07.114] [ARM-RX] [90] <0.00 -69.51 -10.69> re
[16:37:07.114] [ARM-RX] sult: 90.00 109.48 -69.64 0.00 89.12 0.00
[16:37:07.114] [ARM-RX] [91] <0.00 -71.46 -10.99> result: 90.00 109.88 -69.05 0.00 88.93 0.00
[16:37:07.115] [ARM-RX] [92] <0.00 -73.43 -11.30> result: 90.00 110.28 -68.44 0.00 88.72 0.00
[16:37:07.115] [ARM-RX] [93] <0.00 -75.42 -11.60> result: 90.00 110.69 -67.83 0.00 88.52 0.00
[16:37:07.134] [ARM-RX] [94] <0.00 -77.44 -11.91> result: 90.00 111.10 -67.20 0.00 88.30 0.00
[16:37:07.134] [ARM-RX] [95] <0.00 -79.48 -12.23> result: 90.00 111.51 -66.57 0.00 88.08 0.00
[16:37:07.134] [ARM-RX] [96] <0.00 -81.54 -12.54> result: 90.00 111.92 -65.93 0.00 87.85 0.00
[16:37:07.134] [ARM-RX] [97] <0.00 -83.63 -12.87> result: 90.00 112
[16:37:07.171] [ARM-RX] .33 -65.28 0.00 87.62 0.00
[16:37:07.171] [ARM-RX] [98] <0.00 -85.73 -13.19> result: 90.00 112.75 -64.63 0.00 87.38 0.00
[16:37:07.173] [ARM-RX] [99] <0.00 -87.86 -13.52> result: 90.00 113.17 -63.96 0.00 87.13 0.00
[16:37:07.173] [ARM-RX] [100] <0.00 -90.00 -13.85> result: 90.00 113.59 -63.29 0.00 86.88 0.00
[16:37:07.173] [ARM-RX] [101] <0.00 -9
[16:37:07.180] [ARM-RX] 2.17 -14.18> result: 90.00 114.01 -62.61 0.00 86.62 0.00
[16:37:07.180] [ARM-RX] [102] <0.00 -94.35 -14.52> result: 90.00 114.43 -61.92 0.00 86.36 0.00
[16:37:07.180] [ARM-RX] [103] <0.00 -96.56 -14.85> result: 90.00 114.86 -61.23 0.00 86.09 0.00
[16:37:07.180] [ARM-RX] [104] <0.00 -98.78 -15.20> result: 90.00 115.29 -60.53
[16:37:07.226] [ARM-RX] 0.00 85.81 0.00
[16:37:07.227] [ARM-RX] [105] <0.00 -101.01 -15.54> result: 90.00 115.72 -59.81 0.00 85.53 0.00
[16:37:07.227] [ARM-RX] [106] <0.00 -103.27 -15.89> result: 90.00 116.15 -59.10 0.00 85.25 0.00
[16:37:07.227] [ARM-RX] [107] <0.00 -105.54 -16.24> result: 90.00 116.58 -58.37 0.00 84.95 0.00
[16:37:07.227] [ARM-RX] [108] <0.00 -107.83
[16:37:07.228] [ARM-RX] -16.59> result: 90.00 117.02 -57.64 0.00 84.66 0.00
[16:37:07.228] [ARM-RX] [109] <0.00 -110.13 -16.94> result: 90.00 117.45 -56.90 0.00 84.35 0.00
[16:37:07.229] [ARM-RX] [110] <0.00 -112.44 -17.30> result: 90.00 117.89 -56.15 0.00 84.05 0.00
[16:37:07.229] [ARM-RX] [111] <0.00 -114.77 -17.66> result: 90.00 118.33 -55.40
[16:37:07.280] [ARM-RX] 0.00 83.73 0.00
[16:37:07.280] [ARM-RX] [112] <0.00 -117.11 -18.02> result: 90.00 118.77 -54.64 0.00 83.42 0.00
[16:37:07.280] [ARM-RX] [113] <0.00 -119.47 -18.38> result: 90.00 119.22 -53.87 0.00 83.09 0.00
[16:37:07.280] [ARM-RX] [114] <0.00 -121.84 -18.74> result: 90.00 119.66 -53.10 0.00 82.77 0.00
[16:37:07.281] [ARM-RX] [115] <0.00 -124.21
[16:37:07.283] [ARM-RX] -19.11> result: 90.00 120.11 -52.32 0.00 82.43 0.00
[16:37:07.283] [ARM-RX] [116] <0.00 -126.60 -19.48> result: 90.00 120.56 -51.54 0.00 82.10 0.00
[16:37:07.283] [ARM-RX] [117] <0.00 -129.00 -19.85> result: 90.00 121.01 -50.75 0.00 81.76 0.00
[16:37:07.283] [ARM-RX] [118] <0.00 -130.00 -20.00> result: 90.00 121.20 -50.42 0
[16:37:07.331] [ARM-RX] .00 81.61 0.00
[16:37:07.331] [ARM-RX] [119] <0.00 -130.00 -20.00> result: 90.00 121.20 -50.42 0.00 81.61 0.00
[16:37:07.331] [ARM-RX] [120] <0.00 -130.00 -20.00> result: 90.00 121.20 -50.42 0.00 81.61 0.00
[16:37:07.331] [ARM-RX] [121] <0.00 -130.00 -20.00> result: 90.00 121.20 -50.42 0.00 81.61 0.00
[16:37:07.331] [ARM-RX] [122] <0.00 -130.00 -
[16:37:07.332] [ARM-RX] 20.00> result: 90.00 121.20 -50.42 0.00 81.61 0.00
[16:37:07.333] [ARM-RX] [123] <0.00 -130.00 -20.00> result: 90.00 121.20 -50.42 0.00 81.61 0.00
[16:37:07.333] [ARM-RX] [124] <0.00 -130.00 -20.00> result: 90.00 121.20 -50.42 0.00 81.61 0.00
[16:37:07.333] [ARM-RX] [125] <0.00 -130.00 -20.00> result: 90.00 121.20 -50.42 0.
[16:37:07.351] [ARM-RX] 00 81.61 0.00
[16:37:07.352] [ARM-RX] [126] <0.00 -130.00 -20.00> result: 90.00 121.20 -50.42 0.00 81.61 0.00
[16:37:07.352] [ARM-RX] [127] <0.00 -130.00 -20.00> result: 90.00 121.20 -50.42 0.00 81.61 0.00
[16:37:07.352] [ARM-RX] [128] <0.00 -130.00 -20.00> result: 90.00 121.20 -50.42 0.00 81.61 0.00
[16:37:07.352] [ARM-RX] [129] <0.00 -130.00 -2
[16:37:07.386] [ARM-RX] 0.00> result: 90.00 121.20 -50.42 0.00 81.61 0.00
[16:37:07.387] [ARM-RX] [130] <0.00 -130.00 -20.00> result: 90.00 121.20 -50.42 0.00 81.61 0.00
[16:37:07.387] [ARM-RX] [131] <0.00 -130.00 -20.00> result: 90.00 121.20 -50.42 0.00 81.61 0.00
[16:37:07.387] [ARM-RX] [132] <0.00 -130.00 -20.00> result: 90.00 121.20 -50.42 0.0
[16:37:07.397] [ARM-RX] 0 81.61 0.00
[16:37:07.398] [ARM-RX] [133] <0.00 -130.00 -20.00> result: 90.00 121.20 -50.42 0.00 81.61 0.00
[16:37:07.398] [ARM-RX] [134] <0.00 -130.00 -20.00> result: 90.00 121.20 -50.42 0.00 81.61 0.00
[16:37:07.398] [ARM-RX] [135] <0.00 -130.00 -20.00> result: 90.00 121.20 -50.42 0.00 81.61 0.00
[16:37:07.398] [ARM-RX] [136] <0.00 -130.00 -20
[16:37:07.442] [ARM-RX] .00> result: 90.00 121.20 -50.42 0.00 81.61 0.00
[16:37:07.442] [ARM-RX] [137] <0.00 -130.00 -20.00> result: 90.00 121.20 -50.42 0.00 81.61 0.00
[16:37:07.442] [ARM-RX] [138] <0.00 -130.00 -20.00> result: 90.00 121.20 -50.42 0.00 81.61 0.00
[16:37:07.443] [ARM-RX] [139] <0.00 -130.00 -20.00> result: 90.00 121.20 -50.42 0.00
[16:37:07.454] [ARM-RX] 81.61 0.00
[16:37:07.454] [ARM-RX] [140] <0.00 -130.00 -20.00> result: 90.00 121.20 -50.42 0.00 81.61 0.00
[16:37:07.456] [ARM-RX] [141] <0.00 -130.00 -20.00> result: 90.00 121.20 -50.42 0.00 81.61 0.00
[16:37:07.456] [ARM-RX] [142] <0.00 -130.00 -20.00> result: 90.00 121.20 -50.42 0.00 81.61 0.00
[16:37:07.456] [ARM-RX] [143] <0.00 -130.00 -20.
[16:37:07.494] [ARM-RX] 00> result: 90.00 121.20 -50.42 0.00 81.61 0.00
[16:37:07.495] [ARM-RX] [144] <0.00 -130.00 -20.00> result: 90.00 121.20 -50.42 0.00 81.61 0.00
[16:37:07.495] [ARM-RX] [145] <0.00 -130.00 -20.00> result: 90.00 121.20 -50.42 0.00 81.61 0.00
[16:37:07.495] [ARM-RX] [146] <0.00 -130.00 -20.00> result: 90.00 121.20 -50.42 0.00
[16:37:07.501] [ARM-RX] 81.61 0.00
[16:37:07.501] [ARM-RX] [147] <0.00 -130.00 -20.00> result: 90.00 121.20 -50.42 0.00 81.61 0.00
[16:37:07.501] [ARM-RX] [148] <0.00 -130.00 -20.00> result: 90.00 121.20 -50.42 0.00 81.61 0.00
[16:37:07.502] [ARM-RX] [149] <0.00 -130.00 -20.00> result: 90.00 121.20 -50.42 0.00 81.61 0.00
[16:37:07.502] [ARM-RX] [150] <0.00 -130.00 -20.0
[16:37:07.549] [ARM-RX] 0> result: 90.00 121.20 -50.42 0.00 81.61 0.00
[16:37:07.550] [ARM-RX] [151] <0.00 -130.00 -20.00> result: 90.00 121.20 -50.42 0.00 81.61 0.00
[16:37:07.550] [ARM-RX] [152] <0.00 -130.00 -20.00> result: 90.00 121.20 -50.42 0.00 81.61 0.00
[16:37:07.550] [ARM-RX] [153] <0.00 -130.00 -20.00> result: 90.00 121.20 -50.42 0.00 8
[16:37:07.551] [ARM-RX] 1.61 0.00
[16:37:07.551] [ARM-RX] [154] <0.00 -130.00 -20.00> result: 90.00 121.20 -50.42 0.00 81.61 0.00
[16:37:07.551] [ARM-RX] [155] <0.00 -130.00 -20.00> result: 90.00 121.20 -50.42 0.00 81.61 0.00
[16:37:07.551] [ARM-RX] [156] <0.00 -130.00 -20.00> result: 90.00 121.20 -50.42 0.00 81.61 0.00
[16:37:07.552] [ARM-RX] [157] <0.00 -130.00 -20.00
[16:37:07.570] [ARM-RX] > result: 90.00 121.20 -50.42 0.00 81.61 0.00
[16:37:07.570] [ARM-RX] [158] <0.00 -130.00 -20.00> result: 90.00 121.20 -50.42 0.00 81.61 0.00
[16:37:07.570] [ARM-RX] [159] <0.00 -130.00 -20.00> result: 90.00 121.20 -50.42 0.00 81.61 0.00
[16:37:07.570] [ARM-RX] [160] <0.00 -130.00 -20.00> result: 90.00 121.20 -50.42 0.00 81
[16:37:07.593] [ARM-RX] .61 0.00
[16:37:07.593] [ARM-RX] [161] <0.00 -130.00 -20.00> result: 90.00 121.20 -50.42 0.00 81.61 0.00
[16:37:07.593] [ARM-RX] [162] <0.00 -130.00 -20.00> result: 90.00 121.20 -50.42 0.00 81.61 0.00
[16:37:07.593] [ARM-RX] [163] <0.00 -130.00 -20.00> result: 90.00 121.20 -50.42 0.00 81.61 0.00
[16:37:07.593] [ARM-RX] [164] <0.00 -130.00 -20.00>
[16:37:07.627] [ARM-RX] result: 90.00 121.20 -50.42 0.00 81.61 0.00
[16:37:07.627] [ARM-RX] [165] <0.00 -130.00 -20.00> result: 90.00 121.20 -50.42 0.00 81.61 0.00
[16:37:07.627] [ARM-RX] [166] <0.00 -130.00 -20.00> result: 90.00 121.20 -50.42 0.00 81.61 0.00
[16:37:07.628] [ARM-RX] [167] <0.00 -130.00 -20.00> result: 90.00 121.20 -50.42 0.00 81.
[16:37:07.660] [ARM-RX] 61 0.00
[16:37:07.660] [ARM-RX] [168] <0.00 -130.00 -20.00> result: 90.00 121.20 -50.42 0.00 81.61 0.00
[16:37:07.660] [ARM-RX] [169] <0.00 -130.00 -20.00> result: 90.00 121.20 -50.42 0.00 81.61 0.00
[16:37:07.661] [ARM-RX] [170] <0.00 -130.00 -20.00> result: 90.00 121.20 -50.42 0.00 81.61 0.00
[16:37:07.661] [ARM-RX] [171] <0.00 -130.00 -20.00>
[16:37:07.673] [ARM-RX] result: 90.00 121.20 -50.42 0.00 81.61 0.00
[16:37:07.673] [ARM-RX] [172] <0.00 -130.00 -20.00> result: 90.00 121.20 -50.42 0.00 81.61 0.00
[16:37:07.673] [ARM-RX] [173] <0.00 -130.00 -20.00> result: 90.00 121.20 -50.42 0.00 81.61 0.00
[16:37:07.674] [ARM-RX] [174] <0.00 -130.00 -20.00> result: 90.00 121.20 -50.42 0.00 81.6
[16:37:07.696] [ARM-RX] 1 0.00
[16:37:07.696] [ARM-RX] [175] <0.00 -130.00 -20.00> result: 90.00 121.20 -50.42 0.00 81.61 0.00
[16:37:07.697] [ARM-RX] [176] <0.00 -130.00 -20.00> result: 90.00 121.20 -50.42 0.00 81.61 0.00
[16:37:07.697] [ARM-RX] [177] <0.00 -130.00 -20.00> result: 90.00 121.20 -50.42 0.00 81.61 0.00
[16:37:07.697] [ARM-RX] [178] <0.00 -130.00 -20.00> r
[16:37:07.719] [ARM-RX] esult: 90.00 121.20 -50.42 0.00 81.61 0.00
[16:37:07.719] [ARM-RX] [179] <0.00 -130.00 -20.00> result: 90.00 121.20 -50.42 0.00 81.61 0.00
[16:37:07.719] [ARM-RX] [180] <0.00 -130.00 -20.00> result: 90.00 121.20 -50.42 0.00 81.61 0.00
[16:37:07.720] [ARM-RX] [181] <0.00 -130.00 -20.00> result: 90.00 121.20 -50.42 0.00 81.61
[16:37:07.742] [ARM-RX] 0.00
[16:37:07.742] [ARM-RX] [182] <0.00 -130.00 -20.00> result: 90.00 121.20 -50.42 0.00 81.61 0.00
[16:37:07.743] [ARM-RX] [183] <0.00 -130.00 -20.00> result: 90.00 121.20 -50.42 0.00 81.61 0.00
[16:37:07.743] [ARM-RX] [184] <0.00 -130.00 -20.00> result: 90.00 121.20 -50.42 0.00 81.61 0.00
[16:37:07.743] [ARM-RX] [185] <0.00 -130.00 -20.00> re
[16:37:07.785] [ARM-RX] sult: 90.00 121.20 -50.42 0.00 81.61 0.00
[16:37:07.785] [ARM-RX] [186] <0.00 -130.00 -20.00> result: 90.00 121.20 -50.42 0.00 81.61 0.00
[16:37:07.785] [ARM-RX] [187] <0.00 -130.00 -20.00> result: 90.00 121.20 -50.42 0.00 81.61 0.00
[16:37:07.785] [ARM-RX] [188] <0.00 -130.00 -20.00> result: 90.00 121.20 -50.42 0.00 81.61
[16:37:07.799] [ARM-RX] 0.00
[16:37:07.800] [ARM-RX] [189] <0.00 -130.00 -20.00> result: 90.00 121.20 -50.42 0.00 81.61 0.00
[16:37:07.800] [ARM-RX] [190] <0.00 -130.00 -20.00> result: 90.00 121.20 -50.42 0.00 81.61 0.00
[16:37:07.800] [ARM-RX] [191] <0.00 -130.00 -20.00> result: 90.00 121.20 -50.42 0.00 81.61 0.00
[16:37:07.800] [ARM-RX] [192] <0.00 -130.00 -20.00> res
[16:37:07.835] [ARM-RX] ult: 90.00 121.20 -50.42 0.00 81.61 0.00
[16:37:07.835] [ARM-RX] [193] <0.00 -130.00 -20.00> result: 90.00 121.20 -50.42 0.00 81.61 0.00
[16:37:07.835] [ARM-RX] [194] <0.00 -130.00 -20.00> result: 90.00 121.20 -50.42 0.00 81.61 0.00
[16:37:07.836] [ARM-RX] [195] <0.00 -130.00 -20.00> result: 90.00 121.20 -50.42 0.00 81.61 0
[16:37:07.845] [ARM-RX] .00
[16:37:07.845] [ARM-RX] [196] <0.00 -130.00 -20.00> result: 90.00 121.20 -50.42 0.00 81.61 0.00
[16:37:07.845] [ARM-RX] [197] <0.00 -130.00 -20.00> result: 90.00 121.20 -50.42 0.00 81.61 0.00
[16:37:07.845] [ARM-RX] [198] <0.00 -130.00 -20.00> result: 90.00 121.20 -50.42 0.00 81.61 0.00
[16:37:07.846] [ARM-RX] [199] <0.00 -130.00 -20.00> resu
[16:37:07.897] [ARM-RX] lt: 90.00 121.20 -50.42 0.00 81.61 0.00
[16:37:07.897] [ARM-RX] [200] <0.00 -130.00 -20.00> result: 90.00 121.20 -50.42 0.00 81.61 0.00
[16:37:07.897] [ARM-RX] [201] <0.00 -130.00 -20.00> result: 90.00 121.20 -50.42 0.00 81.61 0.00
[16:37:07.897] [ARM-RX] [202] <0.00 -130.00 -20.00> result: 90.00 121.20 -50.42 0.00 81.61 0.
[16:37:07.898] [ARM-RX] 00
[16:37:07.898] [ARM-RX] [203] <0.00 -130.00 -20.00> result: 90.00 121.20 -50.42 0.00 81.61 0.00
[16:37:07.898] [ARM-RX] [204] <0.00 -130.00 -20.00> result: 90.00 121.20 -50.42 0.00 81.61 0.00
[16:37:07.898] [ARM-RX] [205] <0.00 -130.00 -20.00> result: 90.00 121.20 -50.42 0.00 81.61 0.00
[16:37:07.898] [ARM-RX] [206] <0.00 -130.00 -20.00> resul
[16:37:07.915] [ARM-RX] t: 90.00 121.20 -50.42 0.00 81.61 0.00
[16:37:07.915] [ARM-RX] [207] <0.00 -130.00 -20.00> result: 90.00 121.20 -50.42 0.00 81.61 0.00
[16:37:07.915] [ARM-RX] [208] <0.00 -130.00 -20.00> result: 90.00 121.20 -50.42 0.00 81.61 0.00
[16:37:07.916] [ARM-RX] [209] <0.00 -130.00 -20.00> result: 90.00 121.20 -50.42 0.00 81.61 0.0
[16:37:07.949] [ARM-RX] 0
[16:37:07.950] [ARM-RX] [210] <0.00 -130.00 -20.00> result: 90.00 121.20 -50.42 0.00 81.61 0.00
[16:37:07.950] [ARM-RX] [211] <0.00 -130.00 -20.00> result: 90.00 121.20 -50.42 0.00 81.61 0.00
[16:37:07.950] [ARM-RX] [212] <0.00 -130.00 -20.00> result: 90.00 121.20 -50.42 0.00 81.61 0.00
[16:37:07.950] [ARM-RX] [213] <0.00 -130.00 -20.00> result
[16:37:07.959] [ARM-RX] : 90.00 121.20 -50.42 0.00 81.61 0.00
[16:37:07.959] [ARM-RX] [214] <0.00 -130.00 -20.00> result: 90.00 121.20 -50.42 0.00 81.61 0.00
[16:37:07.960] [ARM-RX] [215] <0.00 -130.00 -20.00> result: 90.00 121.20 -50.42 0.00 81.61 0.00
[16:37:07.960] [ARM-RX] [216] <0.00 -130.00 -20.00> result: 90.00 121.20 -50.42 0.00 81.61 0.00
[16:37:08.001] [ARM-RX] [217] <0.00 -130.00 -20.00> result: 90.00 121.20 -50.42 0.00 81.61 0.00
[16:37:08.001] [ARM-RX] [218] <0.00 -130.00 -20.00> result: 90.00 121.20 -50.42 0.00 81.61 0.00
[16:37:08.002] [ARM-RX] [219] <0.00 -130.00 -20.00> result: 90.00 121.20 -50.42 0.00 81.61 0.00
[16:37:08.003] [ARM-RX] [220] <0.00 -130.00 -20.00> result:
[16:37:08.017] [ARM-RX] 90.00 121.20 -50.42 0.00 81.61 0.00
[16:37:08.017] [ARM-RX] [221] <0.00 -130.00 -20.00> result: 90.00 121.20 -50.42 0.00 81.61 0.00
[16:37:08.017] [ARM-RX] [222] <0.00 -130.00 -20.00> result: 90.00 121.20 -50.42 0.00 81.61 0.00
[16:37:08.017] [ARM-RX] [223] <0.00 -130.00 -20.00> result: 90.00 121.20 -50.42 0.00 81.61 0.00
[16:37:08.040] [ARM-RX] [224] <0.00 -130.00 -20.00> result: 90.00 121.20 -50.42 0.00 81.61 0.00
[16:37:08.040] [ARM-RX] [225] <0.00 -130.00 -20.00> result: 90.00 121.20 -50.42 0.00 81.61 0.00
[16:37:08.040] [ARM-RX] [226] <0.00 -130.00 -20.00> result: 90.00 121.20 -50.42 0.00 81.61 0.00
[16:37:08.041] [ARM-RX] [227] <0.00 -130.00 -20.00> result:
[16:37:08.061] [ARM-RX] 90.00 121.20 -50.42 0.00 81.61 0.00
[16:37:08.062] [ARM-RX] [228] <0.00 -130.00 -20.00> result: 90.00 121.20 -50.42 0.00 81.61 0.00
[16:37:08.062] [ARM-RX] [229] <0.00 -130.00 -20.00> result: 90.00 121.20 -50.42 0.00 81.61 0.00
[16:37:08.062] [ARM-RX] [230] <0.00 -130.00 -20.00> result: 90.00 121.20 -50.42 0.00 81.61 0.00
[16:37:08.085] [ARM-RX] [231] <0.00 -130.00 -20.00> result: 90.00 121.20 -50.42 0.00 81.61 0.00
[16:37:08.085] [ARM-RX] [232] <0.00 -130.00 -20.00> result: 90.00 121.20 -50.42 0.00 81.61 0.00
[16:37:08.087] [ARM-RX] [233] <0.00 -130.00 -20.00> result: 90.00 121.20 -50.42 0.00 81.61 0.00
[16:37:08.087] [ARM-RX] [234] <0.00 -130.00 -20.00> result: 9
[16:37:08.107] [ARM-RX] 0.00 121.20 -50.42 0.00 81.61 0.00
[16:37:08.108] [ARM-RX] [235] <0.00 -130.00 -20.00> result: 90.00 121.20 -50.42 0.00 81.61 0.00
[16:37:08.108] [ARM-RX] [236] <0.00 -130.00 -20.00> result: 90.00 121.20 -50.42 0.00 81.61 0.00
[16:37:08.108] [ARM-RX] [237] <0.00 -130.00 -20.00> result: 90.00 121.20 -50.42 0.00 81.61 0.00
[16:37:08.108] [ARM-RX] [
[16:37:08.130] [ARM-RX] 238] <0.00 -130.00 -20.00> result: 90.00 121.20 -50.42 0.00 81.61 0.00
[16:37:08.131] [ARM-RX] [239] <0.00 -130.00 -20.00> result: 90.00 121.20 -50.42 0.00 81.61 0.00
[16:37:08.131] [ARM-RX] [240] <0.00 -130.00 -20.00> result: 90.00 121.20 -50.42 0.00 81.61 0.00
[16:37:08.131] [ARM-RX] [241] <0.00 -130.00 -20.00> result: 90
[16:37:08.169] [ARM-RX] .00 121.20 -50.42 0.00 81.61 0.00
[16:37:08.169] [ARM-RX] [242] <0.00 -130.00 -20.00> result: 90.00 121.20 -50.42 0.00 81.61 0.00
[16:37:08.171] [ARM-RX] [243] <0.00 -130.00 -20.00> result: 90.00 121.20 -50.42 0.00 81.61 0.00
[16:37:08.171] [ARM-RX] [244] <0.00 -130.00 -20.00> result: 90.00 121.20 -50.42 0.00 81.61 0.00
[16:37:08.171] [ARM-RX] [2
[16:37:08.189] [ARM-RX] 45] <0.00 -130.00 -20.00> result: 90.00 121.20 -50.42 0.00 81.61 0.00
[16:37:08.189] [ARM-RX] [246] <0.00 -130.00 -20.00> result: 90.00 121.20 -50.42 0.00 81.61 0.00
[16:37:08.189] [ARM-RX] [247] <0.00 -130.00 -20.00> result: 90.00 121.20 -50.42 0.00 81.61 0.00
[16:37:08.190] [ARM-RX] [248] <0.00 -130.00 -20.00> result: 90.
[16:37:08.243] [ARM-RX] 00 121.20 -50.42 0.00 81.61 0.00
[16:37:08.243] [ARM-RX] [249] <0.00 -130.00 -20.00> result: 90.00 121.20 -50.42 0.00 8
[16:37:08.247] [ARM-RX] 1.61 0.00
[16:37:08.247] [ARM-RX] [250] <0.00 -130.00 -20.00> result: 90.00 121.20 -50.42 0.00 81.61 0.00
[16:37:08.248] [ARM-RX] [251] <0.00 -130.00 -20.00> result: 90.00 121.20 -50.42 0.00 81.61 0.00
[16:37:08.248] [ARM-RX] [252] <0.00 -130.00 -20.00> result: 90.00 121.20 -50.42 0.00 81.61 0.00
[16:37:08.248] [ARM-RX] [253] <0.00 -130.00 -20.00
[16:37:08.250] [ARM-RX] > result: 90.00 121.20 -50.42 0.00 81.61 0.00
[16:37:08.250] [ARM-RX] [254] <0.00 -130.00 -20.00> result: 90.00 121.20 -50.42 0.00 81.61 0.00
[16:37:08.250] [ARM-RX] [255] <0.00 -130.00 -20.00> result: 90.00 121.20 -50.42 0.00 81.61 0.00
[16:37:08.250] [ARM-RX] [256] <0.00 -130.00 -20.00> result: 90.00 121.20 -50.42 0.00 81
[16:37:08.268] [ARM-RX] .61 0.00
[16:37:08.268] [ARM-RX] [257] <0.00 -130.00 -20.00> result: 90.00 121.20 -50.42 0.00 81.61 0.00
[16:37:08.270] [ARM-RX] [258] <0.00 -130.00 -20.00> result: 90.00 121.20 -50.42 0.00 81.61 0.00
[16:37:08.270] [ARM-RX] [259] <0.00 -130.00 -20.00> result: 90.00 121.20 -50.42 0.00 81.61 0.00
[16:37:08.270] [ARM-RX] [260] <0.00 -130.00 -20.00>
[16:37:08.323] [ARM-RX] result: 90.00 121.20 -50.42 0.00 81.61 0.00
[16:37:08.323] [ARM-RX] [261] <0.00 -130.00 -20.00> result: 90.00 121.20 -50.42 0.00 81.61 0.00
[16:37:11.008] [ARM-RX] [joint 1] ave_error:0.00
[16:37:11.008] [ARM-RX] [joint 2] ave_error:7.81
[16:37:11.008] [ARM-RX] [joint 3] ave_error:7.65
[16:37:11.008] [ARM-RX] [joint 4] ave_error:0.00
[16:37:11.009] [ARM-RX] [joint 5] ave_error:1.03
[16:37:11.009] [ARM-RX] robot pid run finished!!
[16:37:11.862] [ARM-RX] AUTO final confirm failed: joint 2 err=11.65deg tol=3.00, pose invalid.
[16:37:11.864] [ARM-RX] J1 cur=90.00 target=90.00 err=-0.00
[16:37:11.864] [ARM-RX] J2 cur=131.98 target=121.20 err=-10.78
[16:37:11.864] [ARM-RX] J3 cur=-38.76 target=-50.42 err=-11.65
[16:37:11.864] [ARM-RX] J4 cur=0.00 target=0.00 err=-0.00
[16:37:11.864] [ARM-RX] J5 cur=81.36 target=8
[16:37:11.926] [ARM-RX] 1.61 err=0.25
[16:37:19.290] [ARM-TX] 发送命令 soft_reset: soft_reset
[16:37:19.402] [ARM-RX] Found handler for 'soft_reset', executing...
[16:37:19.402] [ARM-RX] ROBOT_SOFT_RESET_EVENT
[16:37:19.402] [ARM-RX] --- Starting soft reset ---
[16:37:19.650] [ARM-RX] Soft reset motors enabled (J1~J5, J6 skipped).
[16:37:19.650] [ARM-RX] Soft resetting joint 4...
[16:37:19.650] [ARM-RX] robot_update_current_angle 4...
[16:37:19.650] [ARM-RX] [4] current:81.36, target:90.00, dir:1
[16:37:20.584] [ARM-RX] Soft resetting joint 3...
[16:37:20.584] [ARM-RX] robot_update_current_angle 3...
[16:37:20.584] [ARM-RX] [3] current:0.00, target:0.00, dir:-1
[16:37:20.707] [ARM-RX] Soft resetting joint 1...
[16:37:20.707] [ARM-RX] robot_update_current_angle 1...
[16:37:20.707] [ARM-RX] [1] current:131.97, target:90.00, dir:-1
[16:37:23.073] [ARM-RX] soft reset joint 1 settle timeout, keep going
[16:37:23.073] [ARM-RX] Soft resetting joint 2...
[16:37:23.073] [ARM-RX] robot_update_current_angle 2...
[16:37:23.073] [ARM-RX] [2] current:-38.77, target:-90.00, dir:-1
[16:37:25.444] [ARM-RX] soft reset joint 2 settle timeout, keep going
[16:37:25.444] [ARM-RX] Soft resetting joint 0...
[16:37:25.507] [ARM-RX] robot_update_current_angle 0...
[16:37:25.507] [ARM-RX] [0] current:90.00, target:90.00, dir:-1
[16:37:25.693] [ARM-RX] soft reset verify not pass, start refine loop...
[16:37:25.755] [ARM-RX] soft reset refine joint 2 round 1: cur=-83.45 target=-90.00 err=6.55 dir=-1
[16:37:27.064] [ARM-RX] soft reset refine pass 1 success.
[16:37:27.064] [ARM-RX] soft reset final verify PASS (issues:2), pose set HOME.
[16:37:28.787] [ARM-TX] 发送命令 auto 0 -130 -30: auto 0 -130 -30
[16:37:28.814] [ARM-RX] Found handler for 'auto', executing...
[16:37:28.814] [ARM-RX] ROBOT_AUTO_EVENT
[16:37:28.814] [ARM-RX] [0] <0.00 0.00 0.00> result: 90.00 90.00 -90.00 0.00 90.00 0.00
[16:37:28.865] [ARM-RX] [1] <0.00 -0.00 -0.00> result: 90.00 90.00 -90.00 0.00 90.00 0.00
[16:37:28.865] [ARM-RX] [2] <0.00 -0.00 -0.00> result: 90.00 90.00 -90.00 0.00 90.00 0.00
[16:37:28.865] [ARM-RX] [3] <0.00 -0.00 -0.00> result: 90.00 90.00 -90.00 0.00 90.00 0.00
[16:37:28.865] [ARM-RX] [4] <0.00 -0.01 -0.00> result: 90.00 90.01 -90.00 0.00
[16:37:28.871] [ARM-RX] 90.00 0.00
[16:37:28.871] [ARM-RX] [5] <0.00 -0.02 -0.00> result: 90.00 90.01 -89.99 0.00 90.01 0.00
[16:37:28.872] [ARM-RX] [6] <0.00 -0.03 -0.01> result: 90.00 90.02 -89.99 0.00 90.01 0.00
[16:37:28.872] [ARM-RX] [7] <0.00 -0.05 -0.01> result: 90.00 90.03 -89.99 0.00 90.01 0.00
[16:37:28.872] [ARM-RX] [8] <0.00 -0.07 -0.02> result: 90.00 90.04
[16:37:28.894] [ARM-RX] -89.98 0.00 90.02 0.00
[16:37:28.894] [ARM-RX] [9] <0.00 -0.10 -0.02> result: 90.00 90.05 -89.97 0.00 90.03 0.00
[16:37:28.894] [ARM-RX] [10] <0.00 -0.13 -0.03> result: 90.00 90.07 -89.96 0.00 90.04 0.00
[16:37:28.895] [ARM-RX] [11] <0.00 -0.18 -0.04> result: 90.00 90.10 -89.95 0.00 90.05 0.00
[16:37:28.895] [ARM-RX] [12] <0.00 -0.23 -0.05> resu
[16:37:28.916] [ARM-RX] lt: 90.00 90.12 -89.94 0.00 90.06 0.00
[16:37:28.917] [ARM-RX] [13] <0.00 -0.28 -0.07> result: 90.00 90.15 -89.92 0.00 90.08 0.00
[16:37:28.917] [ARM-RX] [14] <0.00 -0.35 -0.08> result: 90.00 90.19 -89.91 0.00 90.10 0.00
[16:37:28.917] [ARM-RX] [15] <0.00 -0.43 -0.10> result: 90.00 90.23 -89.89 0.00 90.12 0.00
[16:37:28.917] [ARM-RX] [16] <0.00 -
[16:37:28.969] [ARM-RX] 0.52 -0.12> result: 90.00 90.28 -89.86 0.00 90.14 0.00
[16:37:28.969] [ARM-RX] [17] <0.00 -0.62 -0.14> result: 90.00 90.33 -89.84 0.00 90.17 0.00
[16:37:28.970] [ARM-RX] [18] <0.00 -0.73 -0.17> result: 90.00 90.39 -89.81 0.00 90.20 0.00
[16:37:28.970] [ARM-RX] [19] <0.00 -0.85 -0.20> result: 90.00 90.46 -89.77 0.00 90.23 0.
[16:37:28.976] [ARM-RX] 00
[16:37:28.976] [ARM-RX] [20] <0.00 -0.99 -0.23> result: 90.00 90.53 -89.74 0.00 90.27 0.00
[16:37:28.977] [ARM-RX] [21] <0.00 -1.14 -0.26> result: 90.00 90.61 -89.70 0.00 90.31 0.00
[16:37:28.977] [ARM-RX] [22] <0.00 -1.31 -0.30> result: 90.00 90.70 -89.65 0.00 90.35 0.00
[16:37:28.977] [ARM-RX] [23] <0.00 -1.49 -0.34> result: 90.00 90.79 -89.
[16:37:28.986] [ARM-RX] 60 0.00 90.40 0.00
[16:37:28.987] [ARM-RX] [24] <0.00 -1.68 -0.39> result: 90.00 90.89 -89.55 0.00 90.45 0.00
[16:37:28.987] [ARM-RX] [25] <0.00 -1.90 -0.44> result: 90.00 91.00 -89.49 0.00 90.50 0.00
[16:37:28.987] [ARM-RX] [26] <0.00 -2.13 -0.49> result: 90.00 91.12 -89.43 0.00 90.55 0.00
[16:37:28.987] [ARM-RX] [27] <0.00 -2.37 -0.55> result:
[16:37:29.025] [ARM-RX] 90.00 91.25 -89.37 0.00 90.61 0.00
[16:37:29.025] [ARM-RX] [28] <0.00 -2.64 -0.61> result: 90.00 91.38 -89.30 0.00 90.68 0.00
[16:37:29.026] [ARM-RX] [29] <0.00 -2.92 -0.67> result: 90.00 91.52 -89.22 0.00 90.74 0.00
[16:37:29.026] [ARM-RX] [30] <0.00 -3.22 -0.74> result: 90.00 91.67 -89.14 0.00 90.81 0.00
[16:37:29.026] [ARM-RX] [31] <0.00 -3.54
[16:37:29.043] [ARM-RX] -0.82> result: 90.00 91.83 -89.05 0.00 90.89 0.00
[16:37:29.043] [ARM-RX] [32] <0.00 -3.88 -0.90> result: 90.00 92.00 -88.96 0.00 90.96 0.00
[16:37:29.043] [ARM-RX] [33] <0.00 -4.24 -0.98> result: 90.00 92.18 -88.86 0.00 91.04 0.00
[16:37:29.043] [ARM-RX] [34] <0.00 -4.63 -1.07> result: 90.00 92.36 -88.76 0.00 91.12 0.00
[16:37:29.066] [ARM-RX] [35] <0.00 -5.03 -1.16> result: 90.00 92.56 -88.65 0.00 91.21 0.00
[16:37:29.066] [ARM-RX] [36] <0.00 -5.46 -1.26> result: 90.00 92.76 -88.53 0.00 91.29 0.00
[16:37:29.066] [ARM-RX] [37] <0.00 -5.90 -1.36> result: 90.00 92.97 -88.41 0.00 91.38 0.00
[16:37:29.067] [ARM-RX] [38] <0.00 -6.38 -1.47> result: 90.00 93.19 -88.28 0
[16:37:29.088] [ARM-RX] .00 91.47 0.00
[16:37:29.090] [ARM-RX] [39] <0.00 -6.87 -1.59> result: 90.00 93.42 -88.15 0.00 91.56 0.00
[16:37:29.090] [ARM-RX] [40] <0.00 -7.39 -1.70> result: 90.00 93.65 -88.00 0.00 91.66 0.00
[16:37:29.090] [ARM-RX] [41] <0.00 -7.93 -1.83> result: 90.00 93.89 -87.85 0.00 91.75 0.00
[16:37:29.090] [ARM-RX] [42] <0.00 -8.50 -1.96> result: 90.0
[16:37:29.146] [ARM-RX] 0 94.15 -87.70 0.00 91.84 0.00
[16:37:29.146] [ARM-RX] [43] <0.00 -9.09 -2.10> result: 90.00 94.41 -87.53 0.00 91.94 0.00
[16:37:29.146] [ARM-RX] robot_auto_move_interpolation robot kinematics inverse failed
[16:37:34.380] [ARM-TX] 发送命令 auto 0 -130 -25: auto 0 -130 -25
[16:37:34.440] [ARM-RX] Found handler for 'auto', executing...
[16:37:34.440] [ARM-RX] ROBOT_AUTO_EVENT
[16:37:34.440] [ARM-RX] [0] <0.00 0.00 0.00> result: 90.00 90.00 -90.00 0.00 90.00 0.00
[16:37:34.441] [ARM-RX] [1] <0.00 -0.00 -0.00> result: 90.00 90.00 -90.00 0.00 90.00 0.00
[16:37:34.441] [ARM-RX] [2] <0.00 -0.00 -0.00> result: 90.00 90.00 -90.00 0.
[16:37:34.472] [ARM-RX] 00 90.00 0.00
[16:37:34.472] [ARM-RX] [3] <0.00 -0.00 -0.00> result: 90.00 90.00 -90.00 0.00 90.00 0.00
[16:37:34.473] [ARM-RX] [4] <0.00 -0.01 -0.00> result: 90.00 90.01 -90.00 0.00 90.00 0.00
[16:37:34.473] [ARM-RX] [5] <0.00 -0.02 -0.00> result: 90.00 90.01 -89.99 0.00 90.00 0.00
[16:37:34.473] [ARM-RX] [6] <0.00 -0.03 -0.01> result: 90.00 90.
[16:37:34.492] [ARM-RX] 02 -89.99 0.00 90.01 0.00
[16:37:34.493] [ARM-RX] [7] <0.00 -0.05 -0.01> result: 90.00 90.02 -89.99 0.00 90.01 0.00
[16:37:34.493] [ARM-RX] [8] <0.00 -0.07 -0.01> result: 90.00 90.04 -89.98 0.00 90.02 0.00
[16:37:34.493] [ARM-RX] [9] <0.00 -0.10 -0.02> result: 90.00 90.05 -89.97 0.00 90.02 0.00
[16:37:34.493] [ARM-RX] [10] <0.00 -0.14 -0.03> resu
[16:37:34.516] [ARM-RX] lt: 90.00 90.07 -89.96 0.00 90.03 0.00
[16:37:34.517] [ARM-RX] [11] <0.00 -0.18 -0.03> result: 90.00 90.09 -89.95 0.00 90.04 0.00
[16:37:34.517] [ARM-RX] [12] <0.00 -0.23 -0.04> result: 90.00 90.11 -89.94 0.00 90.05 0.00
[16:37:34.517] [ARM-RX] [13] <0.00 -0.29 -0.06> result: 90.00 90.14 -89.92 0.00 90.07 0.00
[16:37:34.517] [ARM-RX] [14] <0.00 -
[16:37:34.539] [ARM-RX] 0.36 -0.07> result: 90.00 90.18 -89.90 0.00 90.08 0.00
[16:37:34.539] [ARM-RX] [15] <0.00 -0.44 -0.08> result: 90.00 90.22 -89.88 0.00 90.10 0.00
[16:37:34.539] [ARM-RX] [16] <0.00 -0.53 -0.10> result: 90.00 90.26 -89.86 0.00 90.12 0.00
[16:37:34.539] [ARM-RX] [17] <0.00 -0.63 -0.12> result: 90.00 90.31 -89.83 0.00 90.14 0.
[16:37:34.562] [ARM-RX] 00
[16:37:34.562] [ARM-RX] [18] <0.00 -0.74 -0.14> result: 90.00 90.37 -89.80 0.00 90.17 0.00
[16:37:34.562] [ARM-RX] [19] <0.00 -0.86 -0.17> result: 90.00 90.43 -89.77 0.00 90.19 0.00
[16:37:34.562] [ARM-RX] [20] <0.00 -1.00 -0.19> result: 90.00 90.49 -89.73 0.00 90.22 0.00
[16:37:34.562] [ARM-RX] [21] <0.00 -1.16 -0.22> result: 90.00 90.57 -89.
[16:37:34.600] [ARM-RX] 69 0.00 90.26 0.00
[16:37:34.601] [ARM-RX] [22] <0.00 -1.32 -0.25> result: 90.00 90.65 -89.64 0.00 90.29 0.00
[16:37:34.601] [ARM-RX] [23] <0.00 -1.51 -0.29> result: 90.00 90.74 -89.59 0.00 90.33 0.00
[16:37:34.601] [ARM-RX] [24] <0.00 -1.70 -0.33> result: 90.00 90.83 -89.54 0.00 90.37 0.00
[16:37:34.601] [ARM-RX] [25] <0.00 -1.92 -0.37> result:
[16:37:34.611] [ARM-RX] 90.00 90.94 -89.48 0.00 90.42 0.00
[16:37:34.612] [ARM-RX] [26] <0.00 -2.15 -0.41> result: 90.00 91.05 -89.42 0.00 90.46 0.00
[16:37:34.612] [ARM-RX] [27] <0.00 -2.40 -0.46> result: 90.00 91.16 -89.35 0.00 90.51 0.00
[16:37:34.612] [ARM-RX] [28] <0.00 -2.67 -0.51> result: 90.00 91.29 -89.28 0.00 90.57 0.00
[16:37:34.612] [ARM-RX] [29] <0.00 -2.95
[16:37:34.642] [ARM-RX] -0.57> result: 90.00 91.42 -89.20 0.00 90.62 0.00
[16:37:34.642] [ARM-RX] [30] <0.00 -3.26 -0.63> result: 90.00 91.56 -89.12 0.00 90.68 0.00
[16:37:34.642] [ARM-RX] [31] <0.00 -3.58 -0.69> result: 90.00 91.71 -89.03 0.00 90.74 0.00
[16:37:34.642] [ARM-RX] [32] <0.00 -3.93 -0.76> result: 90.00 91.87 -88.94 0.00 90.80 0.00
[16:37:34.666] [ARM-RX] [33] <0.00 -4.29 -0.83> result: 90.00 92.03 -88.84 0.00 90.87 0.00
[16:37:34.666] [ARM-RX] [34] <0.00 -4.68 -0.90> result: 90.00 92.20 -88.73 0.00 90.93 0.00
[16:37:34.666] [ARM-RX] [35] <0.00 -5.09 -0.98> result: 90.00 92.39 -88.62 0.00 91.00 0.00
[16:37:34.666] [ARM-RX] [36] <0.00 -5.52 -1.06> result: 90.00 92.57 -88.50 0
[16:37:34.696] [ARM-RX] .00 91.07 0.00
[16:37:34.696] [ARM-RX] [37] <0.00 -5.97 -1.15> result: 90.00 92.77 -88.37 0.00 91.14 0.00
[16:37:34.696] [ARM-RX] [38] <0.00 -6.45 -1.24> result: 90.00 92.97 -88.24 0.00 91.22 0.00
[16:37:34.697] [ARM-RX] [39] <0.00 -6.95 -1.34> result: 90.00 93.19 -88.10 0.00 91.29 0.00
[16:37:34.697] [ARM-RX] [40] <0.00 -7.47 -1.44> result: 90.0
[16:37:34.711] [ARM-RX] 0 93.41 -87.96 0.00 91.37 0.00
[16:37:34.711] [ARM-RX] [41] <0.00 -8.02 -1.54> result: 90.00 93.63 -87.81 0.00 91.44 0.00
[16:37:34.711] [ARM-RX] [42] <0.00 -8.59 -1.65> result: 90.00 93.87 -87.65 0.00 91.52 0.00
[16:37:34.711] [ARM-RX] [43] <0.00 -9.19 -1.77> result: 90.00 94.11 -87.48 0.00 91.59 0.00
[16:37:34.712] [ARM-RX] [44] <0.00 -9.81 -1.
[16:37:34.734] [ARM-RX] 89> result: 90.00 94.36 -87.31 0.00 91.67 0.00
[16:37:34.734] [ARM-RX] [45] <0.00 -10.46 -2.01> result: 90.00 94.62 -87.13 0.00 91.74 0.00
[16:37:34.734] [ARM-RX] [46] <0.00 -11.14 -2.14> result: 90.00 94.88 -86.94 0.00 91.82 0.00
[16:37:34.734] [ARM-RX] [47] <0.00 -11.84 -2.28> result: 90.00 95.15 -86.74 0.00 91.89 0.00
[16:37:34.735] [ARM-RX] [
[16:37:34.798] [ARM-RX] 48] <0.00 -12.57 -2.42> result: 90.00 95.43 -86.53 0.00 91.96 0.00
[16:37:34.798] [ARM-RX] robot_auto_move_interpolation robot kinematics inverse failed
[16:37:39.390] [ARM-TX] 发送命令 auto 0 -130 -20: auto 0 -130 -20
[16:37:39.505] [ARM-RX] Found handler for 'auto', executing...
[16:37:39.505] [ARM-RX] ROBOT_AUTO_EVENT
[16:37:39.505] [ARM-RX] [0] <0.00 0.00 0.00> result: 90.00 90.00 -90.00 0.00 90.00 0.00
[16:37:39.505] [ARM-RX] [1] <0.00 -0.00 -0.00> result: 90.00 90.00 -90.00 0.00 90.00 0.00
[16:37:39.505] [ARM-RX] [2] <0.00 -0.00 -0.00> result: 90.00 90.00 -90.00 0.00 90.00 0.00
[16:37:39.506] [ARM-RX] [
[16:37:39.520] [ARM-RX] 3] <0.00 -0.01 -0.00> result: 90.00 90.00 -90.00 0.00 90.00 0.00
[16:37:39.520] [ARM-RX] [4] <0.00 -0.01 -0.00> result: 90.00 90.00 -90.00 0.00 90.00 0.00
[16:37:39.520] [ARM-RX] [5] <0.00 -0.02 -0.00> result: 90.00 90.01 -89.99 0.00 90.00 0.00
[16:37:39.520] [ARM-RX] [6] <0.00 -0.03 -0.00> result: 90.00 90.01 -89.99 0.00 9
[16:37:39.544] [ARM-RX] 0.01 0.00
[16:37:39.544] [ARM-RX] [7] <0.00 -0.05 -0.01> result: 90.00 90.02 -89.99 0.00 90.01 0.00
[16:37:39.544] [ARM-RX] [8] <0.00 -0.07 -0.01> result: 90.00 90.03 -89.98 0.00 90.01 0.00
[16:37:39.545] [ARM-RX] [9] <0.00 -0.10 -0.02> result: 90.00 90.05 -89.97 0.00 90.02 0.00
[16:37:39.545] [ARM-RX] [10] <0.00 -0.14 -0.02> result: 90.00 90.06
[16:37:39.595] [ARM-RX] -89.96 0.00 90.03 0.00
[16:37:39.596] [ARM-RX] [11] <0.00 -0.18 -0.03> result: 90.00 90.08 -89.95 0.00 90.03 0.00
[16:37:39.596] [ARM-RX] [12] <0.00 -0.23 -0.04> result: 90.00 90.11 -89.94 0.00 90.04 0.00
[16:37:39.596] [ARM-RX] [13] <0.00 -0.29 -0.04> result: 90.00 90.13 -89.92 0.00 90.05 0.00
[16:37:39.596] [ARM-RX] [14] <0.00 -0.36 -0.06> resu
[16:37:39.602] [ARM-RX] lt: 90.00 90.16 -89.90 0.00 90.07 0.00
[16:37:39.603] [ARM-RX] [15] <0.00 -0.44 -0.07> result: 90.00 90.20 -89.88 0.00 90.08 0.00
[16:37:39.603] [ARM-RX] [16] <0.00 -0.53 -0.08> result: 90.00 90.24 -89.86 0.00 90.10 0.00
[16:37:39.603] [ARM-RX] [17] <0.00 -0.63 -0.10> result: 90.00 90.29 -89.83 0.00 90.11 0.00
[16:37:39.603] [ARM-RX] [18] <0.00 -
[16:37:39.612] [ARM-RX] 0.75 -0.11> result: 90.00 90.34 -89.80 0.00 90.13 0.00
[16:37:39.612] [ARM-RX] [19] <0.00 -0.87 -0.13> result: 90.00 90.39 -89.76 0.00 90.16 0.00
[16:37:39.612] [ARM-RX] [20] <0.00 -1.01 -0.16> result: 90.00 90.46 -89.72 0.00 90.18 0.00
[16:37:39.612] [ARM-RX] [21] <0.00 -1.17 -0.18> result: 90.00 90.53 -89.68 0.00 90.21 0.
[16:37:39.636] [ARM-RX] 00
[16:37:39.636] [ARM-RX] [22] <0.00 -1.34 -0.21> result: 90.00 90.60 -89.64 0.00 90.24 0.00
[16:37:39.636] [ARM-RX] [23] <0.00 -1.52 -0.23> result: 90.00 90.68 -89.58 0.00 90.27 0.00
[16:37:39.636] [ARM-RX] [24] <0.00 -1.72 -0.26> result: 90.00 90.77 -89.53 0.00 90.30 0.00
[16:37:39.637] [ARM-RX] [25] <0.00 -1.94 -0.30> result: 90.00 90.86 -89.
[16:37:39.684] [ARM-RX] 47 0.00 90.33 0.00
[16:37:39.684] [ARM-RX] [26] <0.00 -2.17 -0.33> result: 90.00 90.97 -89.41 0.00 90.37 0.00
[16:37:39.684] [ARM-RX] [27] <0.00 -2.42 -0.37> result: 90.00 91.07 -89.34 0.00 90.41 0.00
[16:37:39.684] [ARM-RX] [28] <0.00 -2.69 -0.41> result: 90.00 91.19 -89.26 0.00 90.45 0.00
[16:37:39.684] [ARM-RX] [29] <0.00 -2.98 -0.46> result:
[16:37:39.691] [ARM-RX] 90.00 91.31 -89.18 0.00 90.50 0.00
[16:37:39.691] [ARM-RX] [30] <0.00 -3.29 -0.51> result: 90.00 91.44 -89.10 0.00 90.54 0.00
[16:37:39.693] [ARM-RX] [31] <0.00 -3.62 -0.56> result: 90.00 91.58 -89.01 0.00 90.59 0.00
[16:37:39.693] [ARM-RX] [32] <0.00 -3.96 -0.61> result: 90.00 91.73 -88.91 0.00 90.64 0.00
[16:37:39.693] [ARM-RX] [33] <0.00 -4.33
[16:37:39.714] [ARM-RX] -0.67> result: 90.00 91.88 -88.81 0.00 90.69 0.00
[16:37:39.714] [ARM-RX] [34] <0.00 -4.72 -0.73> result: 90.00 92.04 -88.70 0.00 90.74 0.00
[16:37:39.716] [ARM-RX] [35] <0.00 -5.14 -0.79> result: 90.00 92.21 -88.59 0.00 90.79 0.00
[16:37:39.716] [ARM-RX] [36] <0.00 -5.57 -0.86> result: 90.00 92.38 -88.47 0.00 90.85 0.00
[16:37:39.738] [ARM-RX] [37] <0.00 -6.03 -0.93> result: 90.00 92.56 -88.34 0.00 90.90 0.00
[16:37:39.739] [ARM-RX] [38] <0.00 -6.51 -1.00> result: 90.00 92.75 -88.21 0.00 90.96 0.00
[16:37:39.739] [ARM-RX] [39] <0.00 -7.01 -1.08> result: 90.00 92.95 -88.07 0.00 91.01 0.00
[16:37:39.739] [ARM-RX] [40] <0.00 -7.54 -1.16> result: 90.00 93.15 -87.92 0
[16:37:39.761] [ARM-RX] .00 91.07 0.00
[16:37:39.761] [ARM-RX] [41] <0.00 -8.10 -1.25> result: 90.00 93.36 -87.76 0.00 91.13 0.00
[16:37:39.762] [ARM-RX] [42] <0.00 -8.67 -1.33> result: 90.00 93.58 -87.60 0.00 91.18 0.00
[16:37:39.762] [ARM-RX] [43] <0.00 -9.28 -1.43> result: 90.00 93.81 -87.43 0.00 91.24 0.00
[16:37:39.762] [ARM-RX] [44] <0.00 -9.91 -1.52> result: 90.0
[16:37:39.783] [ARM-RX] 0 94.04 -87.26 0.00 91.29 0.00
[16:37:39.783] [ARM-RX] [45] <0.00 -10.56 -1.62> result: 90.00 94.28 -87.07 0.00 91.35 0.00
[16:37:39.785] [ARM-RX] [46] <0.00 -11.24 -1.73> result: 90.00 94.52 -86.88 0.00 91.40 0.00
[16:37:39.785] [ARM-RX] [47] <0.00 -11.95 -1.84> result: 90.00 94.77 -86.68 0.00 91.45 0.00
[16:37:39.785] [ARM-RX] [48] <0.00 -12.69
[16:37:39.806] [ARM-RX] -1.95> result: 90.00 95.03 -86.47 0.00 91.50 0.00
[16:37:39.806] [ARM-RX] [49] <0.00 -13.45 -2.07> result: 90.00 95.29 -86.25 0.00 91.55 0.00
[16:37:39.807] [ARM-RX] [50] <0.00 -14.24 -2.19> result: 90.00 95.56 -86.03 0.00 91.59 0.00
[16:37:39.807] [ARM-RX] [51] <0.00 -15.06 -2.32> result: 90.00 95.83 -85.80 0.00 91.63 0.0
[16:37:39.828] [ARM-RX] 0
[16:37:39.828] [ARM-RX] [52] <0.00 -15.90 -2.45> result: 90.00 96.11 -85.56 0.00 91.67 0.00
[16:37:39.830] [ARM-RX] [53] <0.00 -16.78 -2.58> result: 90.00 96.40 -85.31 0.00 91.70 0.00
[16:37:39.830] [ARM-RX] [54] <0.00 -17.68 -2.72> result: 90.00 96.69 -85.05 0.00 91.74 0.00
[16:37:39.830] [ARM-RX] [55] <0.00 -18.61 -2.86> result: 90.00 96.98 -
[16:37:39.864] [ARM-RX] 84.78 0.00 91.77 0.00
[16:37:39.864] [ARM-RX] [56] <0.00 -19.57 -3.01> result: 90.00 97.28 -84.51 0.00 91.79 0.00
[16:37:39.864] [ARM-RX] [57] <0.00 -20.56 -3.16> result: 90.00 97.59 -84.22 0.00 91.81 0.00
[16:37:39.864] [ARM-RX] [58] <0.00 -21.58 -3.32> result: 90.00 97.90 -83.93 0.00 91.82 0.00
[16:37:39.864] [ARM-RX] [59] <0.00 -22.63 -3.48> r
[16:37:39.898] [ARM-RX] esult: 90.00 98.21 -83.62 0.00 91.84 0.00
[16:37:39.898] [ARM-RX] [60] <0.00 -23.71 -3.65> result: 90.00 98.53 -83.31 0.00 91.84 0.00
[16:37:39.898] [ARM-RX] [61] <0.00 -24.81 -3.82> result: 90.00 98.85 -82.99 0.00 91.84 0.00
[16:37:39.898] [ARM-RX] [62] <0.00 -25.95 -3.99> result: 90.00 99.18 -82.66 0.00 91.84 0.00
[16:37:39.899] [ARM-RX] [63] <
[16:37:39.910] [ARM-RX] 0.00 -27.12 -4.17> result: 90.00 99.51 -82.32 0.00 91.83 0.00
[16:37:39.910] [ARM-RX] [64] <0.00 -28.31 -4.36> result: 90.00 99.84 -81.98 0.00 91.81 0.00
[16:37:39.910] [ARM-RX] [65] <0.00 -29.54 -4.54> result: 90.00 100.17 -81.62 0.00 91.79 0.00
[16:37:39.910] [ARM-RX] [66] <0.00 -30.79 -4.74> result: 90.00 100.51 -81.25 0
[16:37:39.933] [ARM-RX] .00 91.76 0.00
[16:37:39.933] [ARM-RX] [67] <0.00 -32.08 -4.93> result: 90.00 100.86 -80.87 0.00 91.73 0.00
[16:37:39.933] [ARM-RX] [68] <0.00 -33.39 -5.14> result: 90.00 101.20 -80.49 0.00 91.69 0.00
[16:37:39.933] [ARM-RX] [69] <0.00 -34.73 -5.34> result: 90.00 101.55 -80.09 0.00 91.65 0.00
[16:37:39.934] [ARM-RX] [70] <0.00 -36.11 -5.55> resul
[16:37:39.955] [ARM-RX] t: 90.00 101.90 -79.69 0.00 91.59 0.00
[16:37:39.955] [ARM-RX] [71] <0.00 -37.51 -5.77> result: 90.00 102.26 -79.28 0.00 91.54 0.00
[16:37:39.955] [ARM-RX] [72] <0.00 -38.94 -5.99> result: 90.00 102.62 -78.85 0.00 91.47 0.00
[16:37:39.955] [ARM-RX] [73] <0.00 -40.40 -6.22> result: 90.00 102.98 -78.42 0.00 91.40 0.00
[16:37:39.957] [ARM-RX] [74] <
[16:37:40.004] [ARM-RX] 0.00 -41.89 -6.44> result: 90.00 103.34 -77.98 0.00 91.32 0.00
[16:37:40.006] [ARM-RX] [75] <0.00 -43.41 -6.68> result: 90.00 103.71 -77.53 0.00 91.23 0.00
[16:37:40.006] [ARM-RX] [76] <0.00 -44.96 -6.92> result: 90.00 104.08 -77.07 0.00 91.14 0.00
[16:37:40.006] [ARM-RX] [77] <0.00 -46.53 -7.16> result: 90.00 104.45 -76.60
[16:37:40.010] [ARM-RX] 0.00 91.04 0.00
[16:37:40.010] [ARM-RX] [78] <0.00 -48.14 -7.41> result: 90.00 104.82 -76.12 0.00 90.94 0.00
[16:37:40.010] [ARM-RX] [79] <0.00 -49.77 -7.66> result: 90.00 105.20 -75.63 0.00 90.82 0.00
[16:37:40.010] [ARM-RX] [80] <0.00 -51.43 -7.91> result: 90.00 105.57 -75.13 0.00 90.70 0.00
[16:37:40.011] [ARM-RX] [81] <0.00 -53.12 -8.17> res
[16:37:40.036] [ARM-RX] ult: 90.00 105.95 -74.62 0.00 90.58 0.00
[16:37:40.036] [ARM-RX] [82] <0.00 -54.83 -8.44> result: 90.00 106.34 -74.10 0.00 90.44 0.00
[16:37:40.036] [ARM-RX] [83] <0.00 -56.58 -8.70> result: 90.00 106.72 -73.58 0.00 90.30 0.00
[16:37:40.036] [ARM-RX] [84] <0.00 -58.35 -8.98> result: 90.00 107.11 -73.04 0.00 90.15 0.00
[16:37:40.037] [ARM-RX] [85]
[16:37:40.059] [ARM-RX] <0.00 -60.14 -9.25> result: 90.00 107.50 -72.50 0.00 90.00 0.00
[16:37:40.059] [ARM-RX] [86] <0.00 -61.96 -9.53> result: 90.00 107.89 -71.95 0.00 89.84 0.00
[16:37:40.060] [ARM-RX] [87] <0.00 -63.81 -9.82> result: 90.00 108.28 -71.38 0.00 89.67 0.00
[16:37:40.060] [ARM-RX] [88] <0.00 -65.69 -10.11> result: 90.00 108.68 -70
[16:37:40.114] [ARM-RX] .81 0.00 89.49 0.00
[16:37:40.114] [ARM-RX] [89] <0.00 -67.58 -10.40> result: 90.00 109.08 -70.23 0.00 89.31 0.00
[16:37:40.114] [ARM-RX] [90] <0.00 -69.51 -10.69> result: 90.00 109.48 -69.64 0.00 89.12 0.00
[16:37:40.114] [ARM-RX] [91] <0.00 -71.46 -10.99> result: 90.00 109.88 -69.05 0.00 88.93 0.00
[16:37:40.114] [ARM-RX] [92] <0.00 -73.43 -11.
[16:37:40.116] [ARM-RX] 30> result: 90.00 110.28 -68.44 0.00 88.72 0.00
[16:37:40.116] [ARM-RX] [93] <0.00 -75.42 -11.60> result: 90.00 110.69 -67.83 0.00 88.52 0.00
[16:37:40.116] [ARM-RX] [94] <0.00 -77.44 -11.91> result: 90.00 111.10 -67.20 0.00 88.30 0.00
[16:37:40.117] [ARM-RX] [95] <0.00 -79.48 -12.23> result: 90.00 111.51 -66.57 0.00 88.08
[16:37:40.128] [ARM-RX] 0.00
[16:37:40.129] [ARM-RX] [96] <0.00 -81.54 -12.54> result: 90.00 111.92 -65.93 0.00 87.85 0.00
[16:37:40.129] [ARM-RX] [97] <0.00 -83.63 -12.87> result: 90.00 112.33 -65.28 0.00 87.62 0.00
[16:37:40.129] [ARM-RX] [98] <0.00 -85.73 -13.19> result: 90.00 112.75 -64.63 0.00 87.38 0.00
[16:37:40.129] [ARM-RX] [99] <0.00 -87.86 -13.52> result: 90.
[16:37:40.150] [ARM-RX] 00 113.17 -63.96 0.00 87.13 0.00
[16:37:40.150] [ARM-RX] [100] <0.00 -90.00 -13.85> result: 90.00 113.59 -63.29 0.00 86.88 0.00
[16:37:40.150] [ARM-RX] [101] <0.00 -92.17 -14.18> result: 90.00 114.01 -62.61 0.00 86.62 0.00
[16:37:40.151] [ARM-RX] [102] <0.00 -94.35 -14.52> result: 90.00 114.43 -61.92 0.00 86.36 0.00
[16:37:40.151] [ARM-RX] [103]
[16:37:40.172] [ARM-RX] <0.00 -96.56 -14.85> result: 90.00 114.86 -61.23 0.00 86.09 0.00
[16:37:40.173] [ARM-RX] [104] <0.00 -98.78 -15.20> result: 90.00 115.29 -60.53 0.00 85.81 0.00
[16:37:40.173] [ARM-RX] [105] <0.00 -101.01 -15.54> result: 90.00 115.72 -59.81 0.00 85.53 0.00
[16:37:40.173] [ARM-RX] [106] <0.00 -103.27 -15.89> result: 90.00 116
[16:37:40.195] [ARM-RX] .15 -59.10 0.00 85.25 0.00
[16:37:40.196] [ARM-RX] [107] <0.00 -105.54 -16.24> result: 90.00 116.58 -58.37 0.00 84.95 0.00
[16:37:40.196] [ARM-RX] [108] <0.00 -107.83 -16.59> result: 90.00 117.02 -57.64 0.00 84.66 0.00
[16:37:40.196] [ARM-RX] [109] <0.00 -110.13 -16.94> result: 90.00 117.45 -56.90 0.00 84.35 0.00
[16:37:40.196] [ARM-RX] [110] <0.
[16:37:40.231] [ARM-RX] 00 -112.44 -17.30> result: 90.00 117.89 -56.15 0.00 84.05 0.00
[16:37:40.232] [ARM-RX] [111] <0.00 -114.77 -17.66> result: 90.00 118.33 -55.40 0.00 83.73 0.00
[16:37:40.232] [ARM-RX] [112] <0.00 -117.11 -18.02> result: 90.00 118.77 -54.64 0.00 83.42 0.00
[16:37:40.232] [ARM-RX] [113] <0.00 -119.47 -18.38> result: 90.00 119.
[16:37:40.254] [ARM-RX] 22 -53.87 0.00 83.09 0.00
[16:37:40.254] [ARM-RX] [114] <0.00 -121.84 -18.74> result: 90.00 119.66 -53.10 0.00 82.77 0.00
[16:37:40.254] [ARM-RX] [115] <0.00 -124.21 -19.11> result: 90.00 120.11 -52.32 0.00 82.43 0.00
[16:37:40.254] [ARM-RX] [116] <0.00 -126.60 -19.48> result: 90.00 120.56 -51.54 0.00 82.10 0.00
[16:37:40.255] [ARM-RX] [117] <0.0
[16:37:40.275] [ARM-RX] 0 -129.00 -19.85> result: 90.00 121.01 -50.75 0.00 81.76 0.00
[16:37:40.277] [ARM-RX] [118] <0.00 -130.00 -20.00> result: 90.00 121.20 -50.42 0.00 81.61 0.00
[16:37:40.277] [ARM-RX] [119] <0.00 -130.00 -20.00> result: 90.00 121.20 -50.42 0.00 81.61 0.00
[16:37:40.277] [ARM-RX] [120] <0.00 -130.00 -20.00> result: 90.00 121.2
[16:37:40.299] [ARM-RX] 0 -50.42 0.00 81.61 0.00
[16:37:40.299] [ARM-RX] [121] <0.00 -130.00 -20.00> result: 90.00 121.20 -50.42 0.00 81.61 0.00
[16:37:40.299] [ARM-RX] [122] <0.00 -130.00 -20.00> result: 90.00 121.20 -50.42 0.00 81.61 0.00
[16:37:40.299] [ARM-RX] [123] <0.00 -130.00 -20.00> result: 90.00 121.20 -50.42 0.00 81.61 0.00
[16:37:40.300] [ARM-RX] [124] <0.00
[16:37:40.322] [ARM-RX] -130.00 -20.00> result: 90.00 121.20 -50.42 0.00 81.61 0.00
[16:37:40.322] [ARM-RX] [125] <0.00 -130.00 -20.00> result: 90.00 121.20 -50.42 0.00 81.61 0.00
[16:37:40.322] [ARM-RX] [126] <0.00 -130.00 -20.00> result: 90.00 121.20 -50.42 0.00 81.61 0.00
[16:37:40.322] [ARM-RX] [127] <0.00 -130.00 -20.00> result: 90.00 121.20
[16:37:40.344] [ARM-RX] -50.42 0.00 81.61 0.00
[16:37:40.344] [ARM-RX] [128] <0.00 -130.00 -20.00> result: 90.00 121.20 -50.42 0.00 81.61 0.00
[16:37:40.345] [ARM-RX] [129] <0.00 -130.00 -20.00> result: 90.00 121.20 -50.42 0.00 81.61 0.00
[16:37:40.345] [ARM-RX] [130] <0.00 -130.00 -20.00> result: 90.00 121.20 -50.42 0.00 81.61 0.00
[16:37:40.345] [ARM-RX] [131] <0.00
[16:37:40.367] [ARM-RX] -130.00 -20.00> result: 90.00 121.20 -50.42 0.00 81.61 0.00
[16:37:40.367] [ARM-RX] [132] <0.00 -130.00 -20.00> result: 90.00 121.20 -50.42 0.00 81.61 0.00
[16:37:40.369] [ARM-RX] [133] <0.00 -130.00 -20.00> result: 90.00 121.20 -50.42 0.00 81.61 0.00
[16:37:40.369] [ARM-RX] [134] <0.00 -130.00 -20.00> result: 90.00 121.20
[16:37:40.403] [ARM-RX] -50.42 0.00 81.61 0.00
[16:37:40.403] [ARM-RX] [135] <0.00 -130.00 -20.00> result: 90.00 121.20 -50.42 0.00 81.61 0.00
[16:37:40.404] [ARM-RX] [136] <0.00 -130.00 -20.00> result: 90.00 121.20 -50.42 0.00 81.61 0.00
[16:37:40.404] [ARM-RX] [137] <0.00 -130.00 -20.00> result: 90.00 121.20 -50.42 0.00 81.61 0.00
[16:37:40.404] [ARM-RX] [138] <0.00 -
[16:37:40.425] [ARM-RX] 130.00 -20.00> result: 90.00 121.20 -50.42 0.00 81.61 0.00
[16:37:40.425] [ARM-RX] [139] <0.00 -130.00 -20.00> result: 90.00 121.20 -50.42 0.00 81.61 0.00
[16:37:40.425] [ARM-RX] [140] <0.00 -130.00 -20.00> result: 90.00 121.20 -50.42 0.00 81.61 0.00
[16:37:40.425] [ARM-RX] [141] <0.00 -130.00 -20.00> result: 90.00 121.20 -
[16:37:40.447] [ARM-RX] 50.42 0.00 81.61 0.00
[16:37:40.448] [ARM-RX] [142] <0.00 -130.00 -20.00> result: 90.00 121.20 -50.42 0.00 81.61 0.00
[16:37:40.448] [ARM-RX] [143] <0.00 -130.00 -20.00> result: 90.00 121.20 -50.42 0.00 81.61 0.00
[16:37:40.449] [ARM-RX] [144] <0.00 -130.00 -20.00> result: 90.00 121.20 -50.42 0.00 81.61 0.00
[16:37:40.449] [ARM-RX] [145] <0.00 -1
[16:37:40.470] [ARM-RX] 30.00 -20.00> result: 90.00 121.20 -50.42 0.00 81.61 0.00
[16:37:40.470] [ARM-RX] [146] <0.00 -130.00 -20.00> result: 90.00 121.20 -50.42 0.00 81.61 0.00
[16:37:40.470] [ARM-RX] [147] <0.00 -130.00 -20.00> result: 90.00 121.20 -50.42 0.00 81.61 0.00
[16:37:40.470] [ARM-RX] [148] <0.00 -130.00 -20.00> result: 90.00 121.20 -5
[16:37:40.493] [ARM-RX] 0.42 0.00 81.61 0.00
[16:37:40.494] [ARM-RX] [149] <0.00 -130.00 -20.00> result: 90.00 121.20 -50.42 0.00 81.61 0.00
[16:37:40.494] [ARM-RX] [150] <0.00 -130.00 -20.00> result: 90.00 121.20 -50.42 0.00 81.61 0.00
[16:37:40.494] [ARM-RX] [151] <0.00 -130.00 -20.00> result: 90.00 121.20 -50.42 0.00 81.61 0.00
[16:37:40.494] [ARM-RX] [152] <0.00 -13
[16:37:40.516] [ARM-RX] 0.00 -20.00> result: 90.00 121.20 -50.42 0.00 81.61 0.00
[16:37:40.516] [ARM-RX] [153] <0.00 -130.00 -20.00> result: 90.00 121.20 -50.42 0.00 81.61 0.00
[16:37:40.516] [ARM-RX] [154] <0.00 -130.00 -20.00> result: 90.00 121.20 -50.42 0.00 81.61 0.00
[16:37:40.518] [ARM-RX] [155] <0.00 -130.00 -20.00> result: 90.00 121.20 -50
[16:37:40.539] [ARM-RX] .42 0.00 81.61 0.00
[16:37:40.540] [ARM-RX] [156] <0.00 -130.00 -20.00> result: 90.00 121.20 -50.42 0.00 81.61 0.00
[16:37:40.540] [ARM-RX] [157] <0.00 -130.00 -20.00> result: 90.00 121.20 -50.42 0.00 81.61 0.00
[16:37:40.540] [ARM-RX] [158] <0.00 -130.00 -20.00> result: 90.00 121.20 -50.42 0.00 81.61 0.00
[16:37:40.540] [ARM-RX] [159] <0.00 -130
[16:37:40.562] [ARM-RX] .00 -20.00> result: 90.00 121.20 -50.42 0.00 81.61 0.00
[16:37:40.563] [ARM-RX] [160] <0.00 -130.00 -20.00> result: 90.00 121.20 -50.42 0.00 81.61 0.00
[16:37:40.563] [ARM-RX] [161] <0.00 -130.00 -20.00> result: 90.00 121.20 -50.42 0.00 81.61 0.00
[16:37:40.563] [ARM-RX] [162] <0.00 -130.00 -20.00> result: 90.00 121.20 -50.
[16:37:40.596] [ARM-RX] 42 0.00 81.61 0.00
[16:37:40.597] [ARM-RX] [163] <0.00 -130.00 -20.00> result: 90.00 121.20 -50.42 0.00 81.61 0.00
[16:37:40.597] [ARM-RX] [164] <0.00 -130.00 -20.00> result: 90.00 121.20 -50.42 0.00 81.61 0.00
[16:37:40.597] [ARM-RX] [165] <0.00 -130.00 -20.00> result: 90.00 121.20 -50.42 0.00 81.61 0.00
[16:37:40.597] [ARM-RX] [166] <0.00 -130.
[16:37:40.620] [ARM-RX] 00 -20.00> result: 90.00 121.20 -50.42 0.00 81.61 0.00
[16:37:40.620] [ARM-RX] [167] <0.00 -130.00 -20.00> result: 90.00 121.20 -50.42 0.00 81.61 0.00
[16:37:40.620] [ARM-RX] [168] <0.00 -130.00 -20.00> result: 90.00 121.20 -50.42 0.00 81.61 0.00
[16:37:40.620] [ARM-RX] [169] <0.00 -130.00 -20.00> result: 90.00 121.20 -50.4
[16:37:40.645] [ARM-RX] 2 0.00 81.61 0.00
[16:37:40.645] [ARM-RX] [170] <0.00 -130.00 -20.00> result: 90.00 121.20 -50.42 0.00 81.61 0.00
[16:37:40.645] [ARM-RX] [171] <0.00 -130.00 -20.00> result: 90.00 121.20 -50.42 0.00 81.61 0.00
[16:37:40.645] [ARM-RX] [172] <0.00 -130.00 -20.00> result: 90.00 121.20 -50.42 0.00 81.61 0.00
[16:37:40.646] [ARM-RX] [173] <0.00 -130.0
[16:37:40.667] [ARM-RX] 0 -20.00> result: 90.00 121.20 -50.42 0.00 81.61 0.00
[16:37:40.667] [ARM-RX] [174] <0.00 -130.00 -20.00> result: 90.00 121.20 -50.42 0.00 81.61 0.00
[16:37:40.667] [ARM-RX] [175] <0.00 -130.00 -20.00> result: 90.00 121.20 -50.42 0.00 81.61 0.00
[16:37:40.667] [ARM-RX] [176] <0.00 -130.00 -20.00> result: 90.00 121.20 -50.42
[16:37:40.689] [ARM-RX] 0.00 81.61 0.00
[16:37:40.689] [ARM-RX] [177] <0.00 -130.00 -20.00> result: 90.00 121.20 -50.42 0.00 81.61 0.00
[16:37:40.690] [ARM-RX] [178] <0.00 -130.00 -20.00> result: 90.00 121.20 -50.42 0.00 81.61 0.00
[16:37:40.690] [ARM-RX] [179] <0.00 -130.00 -20.00> result: 90.00 121.20 -50.42 0.00 81.61 0.00
[16:37:40.690] [ARM-RX] [180] <0.00 -130.00
[16:37:40.712] [ARM-RX] -20.00> result: 90.00 121.20 -50.42 0.00 81.61 0.00
[16:37:40.712] [ARM-RX] [181] <0.00 -130.00 -20.00> result: 90.00 121.20 -50.42 0.00 81.61 0.00
[16:37:40.712] [ARM-RX] [182] <0.00 -130.00 -20.00> result: 90.00 121.20 -50.42 0.00 81.61 0.00
[16:37:40.713] [ARM-RX] [183] <0.00 -130.00 -20.00> result: 90.00 121.20 -50.42
[16:37:40.734] [ARM-RX] 0.00 81.61 0.00
[16:37:40.734] [ARM-RX] [184] <0.00 -130.00 -20.00> result: 90.00 121.20 -50.42 0.00 81.61 0.00
[16:37:40.736] [ARM-RX] [185] <0.00 -130.00 -20.00> result: 90.00 121.20 -50.42 0.00 81.61 0.00
[16:37:40.736] [ARM-RX] [186] <0.00 -130.00 -20.00> result: 90.00 121.20 -50.42 0.00 81.61 0.00
[16:37:40.736] [ARM-RX] [187] <0.00 -130.00
[16:37:40.769] [ARM-RX] -20.00> result: 90.00 121.20 -50.42 0.00 81.61 0.00
[16:37:40.769] [ARM-RX] [188] <0.00 -130.00 -20.00> result: 90.00 121.20 -50.42 0.00 81.61 0.00
[16:37:40.771] [ARM-RX] [189] <0.00 -130.00 -20.00> result: 90.00 121.20 -50.42 0.00 81.61 0.00
[16:37:40.771] [ARM-RX] [190] <0.00 -130.00 -20.00> result: 90.00 121.20 -50.42 0
[16:37:40.791] [ARM-RX] .00 81.61 0.00
[16:37:40.792] [ARM-RX] [191] <0.00 -130.00 -20.00> result: 90.00 121.20 -50.42 0.00 81.61 0.00
[16:37:40.792] [ARM-RX] [192] <0.00 -130.00 -20.00> result: 90.00 121.20 -50.42 0.00 81.61 0.00
[16:37:40.792] [ARM-RX] [193] <0.00 -130.00 -20.00> result: 90.00 121.20 -50.42 0.00 81.61 0.00
[16:37:40.792] [ARM-RX] [194] <0.00 -130.00 -
[16:37:40.815] [ARM-RX] 20.00> result: 90.00 121.20 -50.42 0.00 81.61 0.00
[16:37:40.815] [ARM-RX] [195] <0.00 -130.00 -20.00> result: 90.00 121.20 -50.42 0.00 81.61 0.00
[16:37:40.815] [ARM-RX] [196] <0.00 -130.00 -20.00> result: 90.00 121.20 -50.42 0.00 81.61 0.00
[16:37:40.816] [ARM-RX] [197] <0.00 -130.00 -20.00> result: 90.00 121.20 -50.42 0.
[16:37:40.838] [ARM-RX] 00 81.61 0.00
[16:37:40.838] [ARM-RX] [198] <0.00 -130.00 -20.00> result: 90.00 121.20 -50.42 0.00 81.61 0.00
[16:37:40.838] [ARM-RX] [199] <0.00 -130.00 -20.00> result: 90.00 121.20 -50.42 0.00 81.61 0.00
[16:37:40.838] [ARM-RX] [200] <0.00 -130.00 -20.00> result: 90.00 121.20 -50.42 0.00 81.61 0.00
[16:37:40.838] [ARM-RX] [201] <0.00 -130.00 -2
[16:37:40.861] [ARM-RX] 0.00> result: 90.00 121.20 -50.42 0.00 81.61 0.00
[16:37:40.861] [ARM-RX] [202] <0.00 -130.00 -20.00> result: 90.00 121.20 -50.42 0.00 81.61 0.00
[16:37:40.861] [ARM-RX] [203] <0.00 -130.00 -20.00> result: 90.00 121.20 -50.42 0.00 81.61 0.00
[16:37:40.861] [ARM-RX] [204] <0.00 -130.00 -20.00> result: 90.00 121.20 -50.42 0.0
[16:37:40.883] [ARM-RX] 0 81.61 0.00
[16:37:40.884] [ARM-RX] [205] <0.00 -130.00 -20.00> result: 90.00 121.20 -50.42 0.00 81.61 0.00
[16:37:40.884] [ARM-RX] [206] <0.00 -130.00 -20.00> result: 90.00 121.20 -50.42 0.00 81.61 0.00
[16:37:40.884] [ARM-RX] [207] <0.00 -130.00 -20.00> result: 90.00 121.20 -50.42 0.00 81.61 0.00
[16:37:40.884] [ARM-RX] [208] <0.00 -130.00 -20
[16:37:40.906] [ARM-RX] .00> result: 90.00 121.20 -50.42 0.00 81.61 0.00
[16:37:40.907] [ARM-RX] [209] <0.00 -130.00 -20.00> result: 90.00 121.20 -50.42 0.00 81.61 0.00
[16:37:40.907] [ARM-RX] [210] <0.00 -130.00 -20.00> result: 90.00 121.20 -50.42 0.00 81.61 0.00
[16:37:40.907] [ARM-RX] [211] <0.00 -130.00 -20.00> result: 90.00 121.20 -50.42 0.00
[16:37:40.931] [ARM-RX] 81.61 0.00
[16:37:40.931] [ARM-RX] [212] <0.00 -130.00 -20.00> result: 90.00 121.20 -50.42 0.00 81.61 0.00
[16:37:40.931] [ARM-RX] [213] <0.00 -130.00 -20.00> result: 90.00 121.20 -50.42 0.00 81.61 0.00
[16:37:40.933] [ARM-RX] [214] <0.00 -130.00 -20.00> result: 90.00 121.20 -50.42 0.00 81.61 0.00
[16:37:40.933] [ARM-RX] [215] <0.00 -130.00 -20.
[16:37:40.964] [ARM-RX] 00> result: 90.00 121.20 -50.42 0.00 81.61 0.00
[16:37:40.964] [ARM-RX] [216] <0.00 -130.00 -20.00> result: 90.00 121.20 -50.42 0.00 81.61 0.00
[16:37:40.964] [ARM-RX] [217] <0.00 -130.00 -20.00> result: 90.00 121.20 -50.42 0.00 81.61 0.00
[16:37:40.964] [ARM-RX] [218] <0.00 -130.00 -20.00> result: 90.00 121.20 -50.42 0.00
[16:37:40.987] [ARM-RX] 81.61 0.00
[16:37:40.987] [ARM-RX] [219] <0.00 -130.00 -20.00> result: 90.00 121.20 -50.42 0.00 81.61 0.00
[16:37:40.987] [ARM-RX] [220] <0.00 -130.00 -20.00> result: 90.00 121.20 -50.42 0.00 81.61 0.00
[16:37:40.988] [ARM-RX] [221] <0.00 -130.00 -20.00> result: 90.00 121.20 -50.42 0.00 81.61 0.00
[16:37:40.988] [ARM-RX] [222] <0.00 -130.00 -20.0
[16:37:41.009] [ARM-RX] 0> result: 90.00 121.20 -50.42 0.00 81.61 0.00
[16:37:41.010] [ARM-RX] [223] <0.00 -130.00 -20.00> result: 90.00 121.20 -50.42 0.00 81.61 0.00
[16:37:41.010] [ARM-RX] [224] <0.00 -130.00 -20.00> result: 90.00 121.20 -50.42 0.00 81.61 0.00
[16:37:41.010] [ARM-RX] [225] <0.00 -130.00 -20.00> result: 90.00 121.20 -50.42 0.00 8
[16:37:41.034] [ARM-RX] 1.61 0.00
[16:37:41.034] [ARM-RX] [226] <0.00 -130.00 -20.00> result: 90.00 121.20 -50.42 0.00 81.61 0.00
[16:37:41.035] [ARM-RX] [227] <0.00 -130.00 -20.00> result: 90.00 121.20 -50.42 0.00 81.61 0.00
[16:37:41.035] [ARM-RX] [228] <0.00 -130.00 -20.00> result: 90.00 121.20 -50.42 0.00 81.61 0.00
[16:37:41.035] [ARM-RX] [229] <0.00 -130.00 -20.00
[16:37:41.055] [ARM-RX] > result: 90.00 121.20 -50.42 0.00 81.61 0.00
[16:37:41.056] [ARM-RX] [230] <0.00 -130.00 -20.00> result: 90.00 121.20 -50.42 0.00 81.61 0.00
[16:37:41.056] [ARM-RX] [231] <0.00 -130.00 -20.00> result: 90.00 121.20 -50.42 0.00 81.61 0.00
[16:37:41.056] [ARM-RX] [232] <0.00 -130.00 -20.00> result: 90.00 121.20 -50.42 0.00 81
[16:37:41.079] [ARM-RX] .61 0.00
[16:37:41.079] [ARM-RX] [233] <0.00 -130.00 -20.00> result: 90.00 121.20 -50.42 0.00 81.61 0.00
[16:37:41.080] [ARM-RX] [234] <0.00 -130.00 -20.00> result: 90.00 121.20 -50.42 0.00 81.61 0.00
[16:37:41.080] [ARM-RX] [235] <0.00 -130.00 -20.00> result: 90.00 121.20 -50.42 0.00 81.61 0.00
[16:37:41.080] [ARM-RX] [236] <0.00 -130.00 -20.00>
[16:37:41.101] [ARM-RX] result: 90.00 121.20 -50.42 0.00 81.61 0.00
[16:37:41.101] [ARM-RX] [237] <0.00 -130.00 -20.00> result: 90.00 121.20 -50.42 0.00 81.61 0.00
[16:37:41.103] [ARM-RX] [238] <0.00 -130.00 -20.00> result: 90.00 121.20 -50.42 0.00 81.61 0.00
[16:37:41.103] [ARM-RX] [239] <0.00 -130.00 -20.00> result: 90.00 121.20 -50.42 0.00 81.
[16:37:41.137] [ARM-RX] 61 0.00
[16:37:41.138] [ARM-RX] [240] <0.00 -130.00 -20.00> result: 90.00 121.20 -50.42 0.00 81.61 0.00
[16:37:41.138] [ARM-RX] [241] <0.00 -130.00 -20.00> result: 90.00 121.20 -50.42 0.00 81.61 0.00
[16:37:41.138] [ARM-RX] [242] <0.00 -130.00 -20.00> result: 90.00 121.20 -50.42 0.00 81.61 0.00
[16:37:41.138] [ARM-RX] [243] <0.00 -130.00 -20.00>
[16:37:41.159] [ARM-RX] result: 90.00 121.20 -50.42 0.00 81.61 0.00
[16:37:41.159] [ARM-RX] [244] <0.00 -130.00 -20.00> result: 90.00 121.20 -50.42 0.00 81.61 0.00
[16:37:41.160] [ARM-RX] [245] <0.00 -130.00 -20.00> result: 90.00 121.20 -50.42 0.00 81.61 0.00
[16:37:41.160] [ARM-RX] [246] <0.00 -130.00 -20.00> result: 90.00 121.20 -50.42 0.00 81.6
[16:37:41.182] [ARM-RX] 1 0.00
[16:37:41.182] [ARM-RX] [247] <0.00 -130.00 -20.00> result: 90.00 121.20 -50.42 0.00 81.61 0.00
[16:37:41.182] [ARM-RX] [248] <0.00 -130.00 -20.00> result: 90.00 121.20 -50.42 0.00 81.61 0.00
[16:37:41.183] [ARM-RX] [249] <0.00 -130.00 -20.00> result: 90.00 121.20 -50.42 0.00 81.61 0.00
[16:37:41.183] [ARM-RX] [250] <0.00 -130.00 -20.00> r
[16:37:41.205] [ARM-RX] esult: 90.00 121.20 -50.42 0.00 81.61 0.00
[16:37:41.205] [ARM-RX] [251] <0.00 -130.00 -20.00> result: 90.00 121.20 -50.42 0.00 81.61 0.00
[16:37:41.205] [ARM-RX] [252] <0.00 -130.00 -20.00> result: 90.00 121.20 -50.42 0.00 81.61 0.00
[16:37:41.206] [ARM-RX] [253] <0.00 -130.00 -20.00> result: 90.00 121.20 -50.42 0.00 81.61
[16:37:41.227] [ARM-RX] 0.00
[16:37:41.228] [ARM-RX] [254] <0.00 -130.00 -20.00> result: 90.00 121.20 -50.42 0.00 81.61 0.00
[16:37:41.228] [ARM-RX] [255] <0.00 -130.00 -20.00> result: 90.00 121.20 -50.42 0.00 81.61 0.00
[16:37:41.228] [ARM-RX] [256] <0.00 -130.00 -20.00> result: 90.00 121.20 -50.42 0.00 81.61 0.00
[16:37:41.228] [ARM-RX] [257] <0.00 -130.00 -20.00> re
[16:37:41.252] [ARM-RX] sult: 90.00 121.20 -50.42 0.00 81.61 0.00
[16:37:41.252] [ARM-RX] [258] <0.00 -130.00 -20.00> result: 90.00 121.20 -50.42 0.00 81.61 0.00
[16:37:41.252] [ARM-RX] [259] <0.00 -130.00 -20.00> result: 90.00 121.20 -50.42 0.00 81.61 0.00
[16:37:41.253] [ARM-RX] [260] <0.00 -130.00 -20.00> result: 90.00 121.20 -50.42 0.00 81.61
[16:37:41.311] [ARM-RX] 0.00
[16:37:41.311] [ARM-RX] [261] <0.00 -130.00 -20.00> result: 90.00 121.20 -50.42 0.00 81.61 0.00
[16:37:43.993] [ARM-RX] [joint 1] ave_error:0.00
[16:37:43.993] [ARM-RX] [joint 2] ave_error:7.81
[16:37:43.994] [ARM-RX] [joint 3] ave_error:7.63
[16:37:43.994] [ARM-RX] [joint 4] ave_error:0.00
[16:37:43.994] [ARM-RX] [joint 5] ave_error:1.03
[16:37:43.994] [ARM-RX] robot pid run finished!!
[16:37:44.844] [ARM-RX] AUTO final confirm failed: joint 2 err=11.55deg tol=3.00, pose invalid.
[16:37:44.845] [ARM-RX] J1 cur=90.00 target=90.00 err=-0.00
[16:37:44.845] [ARM-RX] J2 cur=131.97 target=121.20 err=-10.78
[16:37:44.845] [ARM-RX] J3 cur=-38.87 target=-50.42 err=-11.55
[16:37:44.846] [ARM-RX] J4 cur=0.00 target=0.00 err=-0.00
[16:37:44.846] [ARM-RX] J5 cur=81.36 target=8
[16:37:44.912] [ARM-RX] 1.61 err=0.25
[16:47:28.433] [ARM-TX] 发送命令 soft_reset: soft_reset
[16:47:28.588] [ARM-RX] Found handler for 'soft_reset', executing...
[16:47:28.588] [ARM-RX] ROBOT_SOFT_RESET_EVENT
[16:47:28.588] [ARM-RX] --- Starting soft reset ---
[16:47:28.773] [ARM-RX] Soft reset motors enabled (J1~J5, J6 skipped).
[16:47:28.773] [ARM-RX] Soft resetting joint 4...
[16:47:28.773] [ARM-RX] robot_update_current_angle 4...
[16:47:28.775] [ARM-RX] [4] current:81.36, target:90.00, dir:1
[16:47:29.710] [ARM-RX] Soft resetting joint 3...
[16:47:29.710] [ARM-RX] robot_update_current_angle 3...
[16:47:29.710] [ARM-RX] [3] current:0.00, target:0.00, dir:-1
[16:47:29.836] [ARM-RX] Soft resetting joint 1...
[16:47:29.836] [ARM-RX] robot_update_current_angle 1...
[16:47:29.836] [ARM-RX] [1] current:131.97, target:90.00, dir:-1
[16:47:32.209] [ARM-RX] soft reset joint 1 settle timeout, keep going
[16:47:32.210] [ARM-RX] Soft resetting joint 2...
[16:47:32.210] [ARM-RX] robot_update_current_angle 2...
[16:47:32.210] [ARM-RX] [2] current:-38.87, target:-90.00, dir:-1
[16:47:34.596] [ARM-RX] soft reset joint 2 settle timeout, keep going
[16:47:34.596] [ARM-RX] Soft resetting joint 0...
[16:47:34.597] [ARM-RX] robot_update_current_angle 0...
[16:47:34.597] [ARM-RX] [0] current:90.00, target:90.00, dir:-1
[16:47:34.786] [ARM-RX] soft reset verify not pass, start refine loop...
[16:47:34.910] [ARM-RX] soft reset refine joint 2 round 1: cur=-83.48 target=-90.00 err=6.52 dir=-1
[16:47:36.176] [ARM-RX] soft reset refine pass 1 success.
[16:47:36.176] [ARM-RX] soft reset final verify PASS (issues:2), pose set HOME.
[16:50:28.488] [ARM-RX] Horco CMSIS-DAP V2
[16:50:28.489] [ARM-RX] Ver: Release 0.2
[16:50:28.489] [ARM-RX] The DAPLink is an open source project:
[16:50:28.491] [ARM-RX] https://oshwhub.com/ylj2000/dap_hs_esp_open
[16:50:28.491] [ARM-RX] Contact author: ylj20000606@gmail.com
[16:50:28.492] [ARM-RX] Unauthorized commercial use prohibited
[16:50:28.493] [ARM-RX]  
[16:50:36.040] [JETSON-INFO] 已停止周期视觉发送
[16:50:36.042] [JETSON-INFO] 已关闭串口
[16:50:36.354] [ARM-INFO] 已关闭串口
[16:50:41.962] [ARM-INFO] opened COM7 @ 115200
[16:50:42.622] [JETSON-INFO] opened COM14 @ 115200
[16:50:46.042] [ARM-TX] 发送命令 soft_reset: soft_reset
[16:50:46.288] [ARM-RX] BSP_UART_Init Success!!!
[16:50:46.289] [ARM-RX] BSP_CAN_Init Success!!!
[16:50:46.289] [ARM-RX] robot controlFound handler for 'soft_reset', executing...
[16:50:46.291] [ARM-RX] ROBOT_SOFT_RESET_EVSoft reset motors enabled (J1~J5, J6 skipped).
[16:50:46.291] [ARM-RX] Soft resetting joint 4...
[16:50:46.291] [ARM-RX] robot_update_current_angle 4...
[16:50:46.291] [ARM-RX] [4] current:90.00, t
[16:50:46.352] [ARM-RX] arget:90.00, dir:1
[16:50:46.416] [ARM-RX] Soft resetting joint 3...
[16:50:46.477] [ARM-RX] robot_update_current_angle 3...
[16:50:46.477] [ARM-RX] [3] current:0.00, target:0.00, dir:-1
[16:50:46.602] [ARM-RX] Soft resetting joint 1...
[16:50:46.602] [ARM-RX] robot_update_current_angle 1...
[16:50:46.602] [ARM-RX] [1] current:90.00, target:90.00, dir:-1
[16:50:46.726] [ARM-RX] Soft resetting joint 2...
[16:50:46.788] [ARM-RX] robot_update_current_angle 2...
[16:50:46.788] [ARM-RX] [2] current:-90.17, target:-90.00, dir:1
[16:50:46.912] [ARM-RX] Soft resetting joint 0...
[16:50:46.912] [ARM-RX] robot_update_current_angle 0...
[16:50:46.912] [ARM-RX] [0] current:90.00, target:90.00, dir:-1
[16:50:47.161] [ARM-RX] soft reset final verify PASS (issues:0), pose set HOME.
[16:50:50.643] [DEMO-INFO] 演示配置已保存
[16:50:50.644] [DEMO-INFO] 一键定靶演示开始
[16:50:50.644] [JETSON-TX] TARGET_CTRL_START: AA 01 01 BB
[16:50:50.710] [JETSON-RX] CC 04 01 DD
[16:50:50.710] [JETSON-STATUS] TARGET_CTRL_ON: CC 04 01 DD
[16:50:50.729] [ARM-RX] [JETSON_RX] target_ctrl=1
[16:50:50.729] [ARM-RX] ROBOT_AUTO_EVENT
[16:50:50.729] [ARM-RX] [0] <0.00 0.00 0.00> result: 90.00 90.00 -90.00 0.00 90.00 0.00
[16:50:50.729] [ARM-RX] [1] <0.00 -0.00 -0.00> result: 90.00 90.00 -90.00 0.00 90.00 0.00
[16:50:50.730] [ARM-RX] [2] <0.00 -0.00 -0.00> result: 90.00 90.00 -90.00 0.00 90.00 0.00
[16:50:50.730] [ARM-RX] [3] <0.00 -0.
[16:50:50.733] [ARM-RX] 01 -0.00> result: 90.00 90.00 -90.00 0.00 90.00 0.00
[16:50:50.734] [ARM-RX] [4] <0.00 -0.02 -0.00> result: 90.00 90.01 -90.00 0.00 90.00 0.00
[16:50:50.734] [ARM-RX] [5] <0.00 -0.03 -0.00> result: 90.00 90.01 -89.99 0.00 90.00 0.00
[16:50:50.734] [ARM-RX] [6] <0.00 -0.05 -0.00> result: 90.00 90.02 -89.99 0.00 90.00 0.00
[16:50:50.735] [ARM-RX] [
[16:50:50.735] [ARM-RX] 7] <0.00 -0.07 -0.00> result: 90.00 90.02 -89.98 0.00 90.00 0.00
[16:50:50.735] [ARM-RX] [8] <0.00 -0.11 -0.00> result: 90.00 90.03 -89.97 0.00 90.00 0.00
[16:50:50.736] [ARM-RX] [9] <0.00 -0.15 -0.00> result: 90.00 90.05 -89.96 0.00 90.00 0.00
[16:50:50.736] [ARM-RX] [10] <0.00 -0.20 -0.01> result: 90.00 90.06 -89.94 0.00
[16:50:50.755] [ARM-RX] 90.01 0.00
[16:50:50.755] [ARM-RX] [11] <0.00 -0.27 -0.01> result: 90.00 90.08 -89.92 0.00 90.01 0.00
[16:50:50.755] [ARM-RX] [12] <0.00 -0.34 -0.01> result: 90.00 90.11 -89.90 0.00 90.01 0.00
[16:50:50.755] [ARM-RX] [13] <0.00 -0.43 -0.01> result: 90.00 90.14 -89.88 0.00 90.01 0.00
[16:50:50.756] [ARM-RX] [14] <0.00 -0.54 -0.01> result: 90.00 90
[16:50:50.778] [ARM-RX] .17 -89.85 0.00 90.02 0.00
[16:50:50.778] [ARM-RX] [15] <0.00 -0.65 -0.02> result: 90.00 90.20 -89.81 0.00 90.02 0.00
[16:50:50.778] [ARM-RX] [16] <0.00 -0.79 -0.02> result: 90.00 90.25 -89.78 0.00 90.02 0.00
[16:50:50.779] [ARM-RX] [17] <0.00 -0.94 -0.02> result: 90.00 90.29 -89.73 0.00 90.03 0.00
[16:50:50.779] [ARM-RX] [18] <0.00 -1.10 -0.03>
[16:50:50.801] [ARM-RX] result: 90.00 90.34 -89.69 0.00 90.03 0.00
[16:50:50.802] [ARM-RX] [19] <0.00 -1.29 -0.03> result: 90.00 90.40 -89.63 0.00 90.03 0.00
[16:50:50.802] [ARM-RX] [20] <0.00 -1.49 -0.04> result: 90.00 90.46 -89.57 0.00 90.04 0.00
[16:50:50.802] [ARM-RX] [21] <0.00 -1.72 -0.04> result: 90.00 90.53 -89.51 0.00 90.04 0.00
[16:50:50.802] [ARM-RX] [22] <0.
[16:50:50.828] [ARM-RX] 00 -1.97 -0.05> result: 90.00 90.61 -89.44 0.00 90.05 0.00
[16:50:50.828] [ARM-RX] [23] <0.00 -2.23 -0.06> result: 90.00 90.69 -89.36 0.00 90.05 0.00
[16:50:50.829] [ARM-RX] [24] <0.00 -2.52 -0.06> result: 90.00 90.77 -89.28 0.00 90.05 0.00
[16:50:50.829] [ARM-RX] [25] <0.00 -2.84 -0.07> result: 90.00 90.87 -89.19 0.00 90.0
[16:50:50.859] [ARM-RX] 6 0.00
[16:50:50.860] [ARM-RX] [26] <0.00 -3.17 -0.08> result: 90.00 90.97 -89.10 0.00 90.06 0.00
[16:50:50.860] [ARM-RX] [27] <0.00 -3.53 -0.09> result: 90.00 91.07 -88.99 0.00 90.06 0.00
[16:50:50.860] [ARM-RX] [28] <0.00 -3.92 -0.10> result: 90.00 91.18 -88.88 0.00 90.07 0.00
[16:50:50.860] [ARM-RX] [29] <0.00 -4.33 -0.11> result: 90.00 91.30
[16:50:50.881] [ARM-RX] -88.76 0.00 90.07 0.00
[16:50:50.881] [ARM-RX] [30] <0.00 -4.77 -0.12> result: 90.00 91.43 -88.64 0.00 90.07 0.00
[16:50:50.881] [ARM-RX] [31] <0.00 -5.23 -0.13> result: 90.00 91.56 -88.51 0.00 90.07 0.00
[16:50:50.881] [ARM-RX] [32] <0.00 -5.72 -0.14> result: 90.00 91.70 -88.37 0.00 90.07 0.00
[16:50:50.883] [ARM-RX] [33] <0.00 -6.24 -0.16> resu
[16:50:50.904] [ARM-RX] lt: 90.00 91.85 -88.22 0.00 90.06 0.00
[16:50:50.904] [ARM-RX] [34] <0.00 -6.79 -0.17> result: 90.00 92.00 -88.06 0.00 90.06 0.00
[16:50:50.904] [ARM-RX] [35] <0.00 -7.36 -0.18> result: 90.00 92.16 -87.89 0.00 90.05 0.00
[16:50:50.905] [ARM-RX] [36] <0.00 -7.96 -0.20> result: 90.00 92.32 -87.72 0.00 90.04 0.00
[16:50:50.905] [ARM-RX] [37] <0.00 -
[16:50:50.927] [ARM-RX] 8.60 -0.21> result: 90.00 92.49 -87.54 0.00 90.03 0.00
[16:50:50.927] [ARM-RX] [38] <0.00 -9.26 -0.23> result: 90.00 92.67 -87.35 0.00 90.02 0.00
[16:50:50.928] [ARM-RX] [39] <0.00 -9.95 -0.25> result: 90.00 92.85 -87.15 0.00 90.00 0.00
[16:50:50.928] [ARM-RX] [40] <0.00 -10.67 -0.27> result: 90.00 93.04 -86.94 0.00 89.98 0
[16:50:50.949] [ARM-RX] .00
[16:50:50.951] [ARM-RX] [41] <0.00 -11.42 -0.29> result: 90.00 93.24 -86.72 0.00 89.96 0.00
[16:50:50.951] [ARM-RX] [42] <0.00 -12.20 -0.30> result: 90.00 93.44 -86.50 0.00 89.93 0.00
[16:50:50.951] [ARM-RX] [43] <0.00 -13.01 -0.33> result: 90.00 93.64 -86.26 0.00 89.91 0.00
[16:50:50.953] [ARM-RX] [44] <0.00 -13.85 -0.35> result: 90.00 93.85
[16:50:50.973] [ARM-RX] -86.02 0.00 89.87 0.00
[16:50:50.973] [ARM-RX] [45] <0.00 -14.72 -0.37> result: 90.00 94.07 -85.77 0.00 89.84 0.00
[16:50:50.974] [ARM-RX] [46] <0.00 -15.62 -0.39> result: 90.00 94.29 -85.51 0.00 89.80 0.00
[16:50:50.974] [ARM-RX] [47] <0.00 -16.55 -0.41> result: 90.00 94.52 -85.24 0.00 89.75 0.00
[16:50:50.974] [ARM-RX] [48] <0.00 -17.51 -0.44>
[16:50:50.997] [ARM-RX] result: 90.00 94.75 -84.96 0.00 89.70 0.00
[16:50:50.997] [ARM-RX] [49] <0.00 -18.49 -0.46> result: 90.00 94.98 -84.67 0.00 89.65 0.00
[16:50:50.997] [ARM-RX] [50] <0.00 -19.51 -0.49> result: 90.00 95.22 -84.37 0.00 89.59 0.00
[16:50:50.997] [ARM-RX] [51] <0.00 -20.56 -0.51> result: 90.00 95.47 -84.06 0.00 89.53 0.00
[16:50:50.998] [ARM-RX] [52]
[16:50:51.018] [ARM-RX] <0.00 -21.64 -0.54> result: 90.00 95.71 -83.75 0.00 89.46 0.00
[16:50:51.019] [ARM-RX] [53] <0.00 -22.74 -0.57> result: 90.00 95.97 -83.43 0.00 89.39 0.00
[16:50:51.019] [ARM-RX] [54] <0.00 -23.88 -0.60> result: 90.00 96.22 -83.09 0.00 89.32 0.00
[16:50:51.019] [ARM-RX] [55] <0.00 -25.04 -0.63> result: 90.00 96.48 -82.75 0
[16:50:51.053] [ARM-RX] .00 89.23 0.00
[16:50:51.053] [ARM-RX] [56] <0.00 -26.23 -0.66> result: 90.00 96.74 -82.40 0.00 89.15 0.00
[16:50:51.055] [ARM-RX] [57] <0.00 -27.44 -0.69> result: 90.00 97.01 -82.05 0.00 89.06 0.00
[16:50:51.055] [ARM-RX] [58] <0.00 -28.68 -0.72> result: 90.00 97.28 -81.68 0.00 88.96 0.00
[16:50:51.056] [ARM-RX] [59] <0.00 -29.95 -0.75> result:
[16:50:51.077] [ARM-RX] 90.00 97.55 -81.31 0.00 88.86 0.00
[16:50:51.077] [ARM-RX] [60] <0.00 -31.25 -0.78> result: 90.00 97.83 -80.92 0.00 88.75 0.00
[16:50:51.077] [ARM-RX] [61] <0.00 -32.57 -0.81> result: 90.00 98.10 -80.53 0.00 88.64 0.00
[16:50:51.079] [ARM-RX] [62] <0.00 -33.91 -0.85> result: 90.00 98.39 -80.14 0.00 88.52 0.00
[16:50:51.079] [ARM-RX] [63] <0.00 -3
[16:50:51.100] [ARM-RX] 5.28 -0.88> result: 90.00 98.67 -79.73 0.00 88.40 0.00
[16:50:51.100] [ARM-RX] [64] <0.00 -36.67 -0.92> result: 90.00 98.95 -79.32 0.00 88.27 0.00
[16:50:51.100] [ARM-RX] [65] <0.00 -38.08 -0.95> result: 90.00 99.24 -78.90 0.00 88.14 0.00
[16:50:51.101] [ARM-RX] [66] <0.00 -39.51 -0.99> result: 90.00 99.53 -78.47 0.00 88.00
[16:50:51.122] [ARM-RX] 0.00
[16:50:51.123] [ARM-RX] [67] <0.00 -40.97 -1.02> result: 90.00 99.82 -78.04 0.00 87.86 0.00
[16:50:51.123] [ARM-RX] [68] <0.00 -42.44 -1.06> result: 90.00 100.11 -77.60 0.00 87.71 0.00
[16:50:51.123] [ARM-RX] [69] <0.00 -43.94 -1.10> result: 90.00 100.41 -77.15 0.00 87.56 0.00
[16:50:51.124] [ARM-RX] [70] <0.00 -45.45 -1.14> result: 90.00 1
[16:50:51.145] [ARM-RX] 00.70 -76.70 0.00 87.41 0.00
[16:50:51.146] [ARM-RX] [71] <0.00 -46.98 -1.17> result: 90.00 101.00 -76.24 0.00 87.25 0.00
[16:50:51.146] [ARM-RX] [72] <0.00 -48.53 -1.21> result: 90.00 101.30 -75.78 0.00 87.08 0.00
[16:50:51.146] [ARM-RX] [73] <0.00 -50.09 -1.25> result: 90.00 101.60 -75.31 0.00 86.91 0.00
[16:50:51.146] [ARM-RX] [74] <0.00 -51.6
[16:50:51.167] [ARM-RX] 7 -1.29> result: 90.00 101.90 -74.84 0.00 86.74 0.00
[16:50:51.168] [ARM-RX] [75] <0.00 -53.26 -1.33> result: 90.00 102.20 -74.36 0.00 86.56 0.00
[16:50:51.168] [ARM-RX] [76] <0.00 -54.86 -1.37> result: 90.00 102.51 -73.87 0.00 86.38 0.00
[16:50:51.168] [ARM-RX] [77] <0.00 -56.48 -1.41> result: 90.00 102.81 -73.39 0.00 86.2
[16:50:51.190] [ARM-RX] 0 0.00
[16:50:51.191] [ARM-RX] [78] <0.00 -58.11 -1.45> result: 90.00 103.11 -72.89 0.00 86.01 0.00
[16:50:51.191] [ARM-RX] [79] <0.00 -59.75 -1.49> result: 90.00 103.42 -72.40 0.00 85.82 0.00
[16:50:51.191] [ARM-RX] [80] <0.00 -60.00 -1.50> result: 90.00 103.47 -72.32 0.00 85.79 0.00
[16:50:51.191] [ARM-RX] [81] <0.00 -60.00 -1.50> result: 90.00
[16:50:51.225] [ARM-RX] 103.47 -72.32 0.00 85.79 0.00
[16:50:51.226] [ARM-RX] [82] <0.00 -60.00 -1.50> result: 90.00 103.47 -72.32 0.00 85.79 0.00
[16:50:51.226] [ARM-RX] [83] <0.00 -60.00 -1.50> result: 90.00 103.47 -72.32 0.00 85.79 0.00
[16:50:51.226] [ARM-RX] [84] <0.00 -60.00 -1.50> result: 90.00 103.47 -72.32 0.00 85.79 0.00
[16:50:51.226] [ARM-RX] [85] <0.00 -60
[16:50:51.248] [ARM-RX] .00 -1.50> result: 90.00 103.47 -72.32 0.00 85.79 0.00
[16:50:51.248] [ARM-RX] [86] <0.00 -60.00 -1.50> result: 90.00 103.47 -72.32 0.00 85.79 0.00
[16:50:51.249] [ARM-RX] [87] <0.00 -60.00 -1.50> result: 90.00 103.47 -72.32 0.00 85.79 0.00
[16:50:51.249] [ARM-RX] [88] <0.00 -60.00 -1.50> result: 90.00 103.47 -72.32 0.00 85
[16:50:51.272] [ARM-RX] .79 0.00
[16:50:51.272] [ARM-RX] [89] <0.00 -60.00 -1.50> result: 90.00 103.47 -72.32 0.00 85.79 0.00
[16:50:51.272] [ARM-RX] [90] <0.00 -60.00 -1.50> result: 90.00 103.47 -72.32 0.00 85.79 0.00
[16:50:51.272] [ARM-RX] [91] <0.00 -60.00 -1.50> result: 90.00 103.47 -72.32 0.00 85.79 0.00
[16:50:51.272] [ARM-RX] [92] <0.00 -60.00 -1.50> result: 90.
[16:50:51.294] [ARM-RX] 00 103.47 -72.32 0.00 85.79 0.00
[16:50:51.295] [ARM-RX] [93] <0.00 -60.00 -1.50> result: 90.00 103.47 -72.32 0.00 85.79 0.00
[16:50:51.295] [ARM-RX] [94] <0.00 -60.00 -1.50> result: 90.00 103.47 -72.32 0.00 85.79 0.00
[16:50:51.295] [ARM-RX] [95] <0.00 -60.00 -1.50> result: 90.00 103.47 -72.32 0.00 85.79 0.00
[16:50:51.295] [ARM-RX] [96] <0.00 -
[16:50:51.317] [ARM-RX] 60.00 -1.50> result: 90.00 103.47 -72.32 0.00 85.79 0.00
[16:50:51.317] [ARM-RX] [97] <0.00 -60.00 -1.50> result: 90.00 103.47 -72.32 0.00 85.79 0.00
[16:50:51.317] [ARM-RX] [98] <0.00 -60.00 -1.50> result: 90.00 103.47 -72.32 0.00 85.79 0.00
[16:50:51.317] [ARM-RX] [99] <0.00 -60.00 -1.50> result: 90.00 103.47 -72.32 0.00
[16:50:51.339] [ARM-RX] 85.79 0.00
[16:50:51.339] [ARM-RX] [100] <0.00 -60.00 -1.50> result: 90.00 103.47 -72.32 0.00 85.79 0.00
[16:50:51.339] [ARM-RX] [101] <0.00 -60.00 -1.50> result: 90.00 103.47 -72.32 0.00 85.79 0.00
[16:50:51.341] [ARM-RX] [102] <0.00 -60.00 -1.50> result: 90.00 103.47 -72.32 0.00 85.79 0.00
[16:50:51.341] [ARM-RX] [103] <0.00 -60.00 -1.50> resul
[16:50:51.362] [ARM-RX] t: 90.00 103.47 -72.32 0.00 85.79 0.00
[16:50:51.362] [ARM-RX] [104] <0.00 -60.00 -1.50> result: 90.00 103.47 -72.32 0.00 85.79 0.00
[16:50:51.362] [ARM-RX] [105] <0.00 -60.00 -1.50> result: 90.00 103.47 -72.32 0.00 85.79 0.00
[16:50:51.362] [ARM-RX] [106] <0.00 -60.00 -1.50> result: 90.00 103.47 -72.32 0.00 85.79 0.00
[16:50:51.362] [ARM-RX] [10
[16:50:51.386] [ARM-RX] 7] <0.00 -60.00 -1.50> result: 90.00 103.47 -72.32 0.00 85.79 0.00
[16:50:51.386] [ARM-RX] [108] <0.00 -60.00 -1.50> result: 90.00 103.47 -72.32 0.00 85.79 0.00
[16:50:51.386] [ARM-RX] [109] <0.00 -60.00 -1.50> result: 90.00 103.47 -72.32 0.00 85.79 0.00
[16:50:51.386] [ARM-RX] [110] <0.00 -60.00 -1.50> result: 90.00 103.47
[16:50:51.421] [ARM-RX] -72.32 0.00 85.79 0.00
[16:50:51.421] [ARM-RX] [111] <0.00 -60.00 -1.50> result: 90.00 103.47 -72.32 0.00 85.79 0.00
[16:50:51.421] [ARM-RX] [112] <0.00 -60.00 -1.50> result: 90.00 103.47 -72.32 0.00 85.79 0.00
[16:50:51.421] [ARM-RX] [113] <0.00 -60.00 -1.50> result: 90.00 103.47 -72.32 0.00 85.79 0.00
[16:50:51.421] [ARM-RX] [114] <0.00 -60.00
[16:50:51.445] [ARM-RX] -1.50> result: 90.00 103.47 -72.32 0.00 85.79 0.00
[16:50:51.445] [ARM-RX] [115] <0.00 -60.00 -1.50> result: 90.00 103.47 -72.32 0.00 85.79 0.00
[16:50:51.445] [ARM-RX] [116] <0.00 -60.00 -1.50> result: 90.00 103.47 -72.32 0.00 85.79 0.00
[16:50:51.446] [ARM-RX] [117] <0.00 -60.00 -1.50> result: 90.00 103.47 -72.32 0.00 85
[16:50:51.466] [ARM-RX] .79 0.00
[16:50:51.467] [ARM-RX] [118] <0.00 -60.00 -1.50> result: 90.00 103.47 -72.32 0.00 85.79 0.00
[16:50:51.467] [ARM-RX] [119] <0.00 -60.00 -1.50> result: 90.00 103.47 -72.32 0.00 85.79 0.00
[16:50:51.467] [ARM-RX] [120] <0.00 -60.00 -1.50> result: 90.00 103.47 -72.32 0.00 85.79 0.00
[16:50:51.467] [ARM-RX] [121] <0.00 -60.00 -1.50> result:
[16:50:51.488] [ARM-RX] 90.00 103.47 -72.32 0.00 85.79 0.00
[16:50:51.488] [ARM-RX] [122] <0.00 -60.00 -1.50> result: 90.00 103.47 -72.32 0.00 85.79 0.00
[16:50:51.489] [ARM-RX] [123] <0.00 -60.00 -1.50> result: 90.00 103.47 -72.32 0.00 85.79 0.00
[16:50:51.489] [ARM-RX] [124] <0.00 -60.00 -1.50> result: 90.00 103.47 -72.32 0.00 85.79 0.00
[16:50:51.489] [ARM-RX] [125]
[16:50:51.511] [ARM-RX] <0.00 -60.00 -1.50> result: 90.00 103.47 -72.32 0.00 85.79 0.00
[16:50:51.511] [ARM-RX] [126] <0.00 -60.00 -1.50> result: 90.00 103.47 -72.32 0.00 85.79 0.00
[16:50:51.511] [ARM-RX] [127] <0.00 -60.00 -1.50> result: 90.00 103.47 -72.32 0.00 85.79 0.00
[16:50:51.511] [ARM-RX] [128] <0.00 -60.00 -1.50> result: 90.00 103.47 -
[16:50:51.534] [ARM-RX] 72.32 0.00 85.79 0.00
[16:50:51.534] [ARM-RX] [129] <0.00 -60.00 -1.50> result: 90.00 103.47 -72.32 0.00 85.79 0.00
[16:50:51.534] [ARM-RX] [130] <0.00 -60.00 -1.50> result: 90.00 103.47 -72.32 0.00 85.79 0.00
[16:50:51.535] [ARM-RX] [131] <0.00 -60.00 -1.50> result: 90.00 103.47 -72.32 0.00 85.79 0.00
[16:50:51.535] [ARM-RX] [132] <0.00 -60.00 -
[16:50:51.557] [ARM-RX] 1.50> result: 90.00 103.47 -72.32 0.00 85.79 0.00
[16:50:51.557] [ARM-RX] [133] <0.00 -60.00 -1.50> result: 90.00 103.47 -72.32 0.00 85.79 0.00
[16:50:51.558] [ARM-RX] [134] <0.00 -60.00 -1.50> result: 90.00 103.47 -72.32 0.00 85.79 0.00
[16:50:51.558] [ARM-RX] [135] <0.00 -60.00 -1.50> result: 90.00 103.47 -72.32 0.00 85.7
[16:50:51.592] [ARM-RX] 9 0.00
[16:50:51.592] [ARM-RX] [136] <0.00 -60.00 -1.50> result: 90.00 103.47 -72.32 0.00 85.79 0.00
[16:50:51.593] [ARM-RX] [137] <0.00 -60.00 -1.50> result: 90.00 103.47 -72.32 0.00 85.79 0.00
[16:50:51.593] [ARM-RX] [138] <0.00 -60.00 -1.50> result: 90.00 103.47 -72.32 0.00 85.79 0.00
[16:50:51.593] [ARM-RX] [139] <0.00 -60.00 -1.50> result: 9
[16:50:51.614] [ARM-RX] 0.00 103.47 -72.32 0.00 85.79 0.00
[16:50:51.614] [ARM-RX] [140] <0.00 -60.00 -1.50> result: 90.00 103.47 -72.32 0.00 85.79 0.00
[16:50:51.614] [ARM-RX] [141] <0.00 -60.00 -1.50> result: 90.00 103.47 -72.32 0.00 85.79 0.00
[16:50:51.615] [ARM-RX] [142] <0.00 -60.00 -1.50> result: 90.00 103.47 -72.32 0.00 85.79 0.00
[16:50:51.615] [ARM-RX] [143] <
[16:50:51.637] [ARM-RX] 0.00 -60.00 -1.50> result: 90.00 103.47 -72.32 0.00 85.79 0.00
[16:50:51.637] [ARM-RX] [144] <0.00 -60.00 -1.50> result: 90.00 103.47 -72.32 0.00 85.79 0.00
[16:50:51.637] [ARM-RX] [145] <0.00 -60.00 -1.50> result: 90.00 103.47 -72.32 0.00 85.79 0.00
[16:50:51.637] [ARM-RX] [146] <0.00 -60.00 -1.50> result: 90.00 103.47 -72
[16:50:51.660] [ARM-RX] .32 0.00 85.79 0.00
[16:50:51.661] [ARM-RX] [147] <0.00 -60.00 -1.50> result: 90.00 103.47 -72.32 0.00 85.79 0.00
[16:50:51.661] [ARM-RX] [148] <0.00 -60.00 -1.50> result: 90.00 103.47 -72.32 0.00 85.79 0.00
[16:50:51.661] [ARM-RX] [149] <0.00 -60.00 -1.50> result: 90.00 103.47 -72.32 0.00 85.79 0.00
[16:50:51.661] [ARM-RX] [150] <0.00 -60.00 -1.
[16:50:51.683] [ARM-RX] 50> result: 90.00 103.47 -72.32 0.00 85.79 0.00
[16:50:51.683] [ARM-RX] [151] <0.00 -60.00 -1.50> result: 90.00 103.47 -72.32 0.00 85.79 0.00
[16:50:51.683] [ARM-RX] [152] <0.00 -60.00 -1.50> result: 90.00 103.47 -72.32 0.00 85.79 0.00
[16:50:51.683] [ARM-RX] [153] <0.00 -60.00 -1.50> result: 90.00 103.47 -72.32 0.00 85.79
[16:50:51.706] [ARM-RX] 0.00
[16:50:51.707] [ARM-RX] [154] <0.00 -60.00 -1.50> result: 90.00 103.47 -72.32 0.00 85.79 0.00
[16:50:51.707] [ARM-RX] [155] <0.00 -60.00 -1.50> result: 90.00 103.47 -72.32 0.00 85.79 0.00
[16:50:51.707] [ARM-RX] [156] <0.00 -60.00 -1.50> result: 90.00 103.47 -72.32 0.00 85.79 0.00
[16:50:51.707] [ARM-RX] [157] <0.00 -60.00 -1.50> result: 90.
[16:50:51.729] [ARM-RX] 00 103.47 -72.32 0.00 85.79 0.00
[16:50:51.729] [ARM-RX] [158] <0.00 -60.00 -1.50> result: 90.00 103.47 -72.32 0.00 85.79 0.00
[16:50:51.730] [ARM-RX] [159] <0.00 -60.00 -1.50> result: 90.00 103.47 -72.32 0.00 85.79 0.00
[16:50:51.730] [ARM-RX] [160] <0.00 -60.00 -1.50> result: 90.00 103.47 -72.32 0.00 85.79 0.00
[16:50:51.730] [ARM-RX] [161] <0.
[16:50:51.752] [ARM-RX] 00 -60.00 -1.50> result: 90.00 103.47 -72.32 0.00 85.79 0.00
[16:50:51.752] [ARM-RX] [162] <0.00 -60.00 -1.50> result: 90.00 103.47 -72.32 0.00 85.79 0.00
[16:50:51.753] [ARM-RX] [163] <0.00 -60.00 -1.50> result: 90.00 103.47 -72.32 0.00 85.79 0.00
[16:50:51.753] [ARM-RX] [164] <0.00 -60.00 -1.50> result: 90.00 103.47 -72.3
[16:50:51.787] [ARM-RX] 2 0.00 85.79 0.00
[16:50:51.787] [ARM-RX] [165] <0.00 -60.00 -1.50> result: 90.00 103.47 -72.32 0.00 85.79 0.00
[16:50:51.787] [ARM-RX] [166] <0.00 -60.00 -1.50> result: 90.00 103.47 -72.32 0.00 85.79 0.00
[16:50:51.787] [ARM-RX] [167] <0.00 -60.00 -1.50> result: 90.00 103.47 -72.32 0.00 85.79 0.00
[16:50:51.788] [ARM-RX] [168] <0.00 -60.00 -1.50
[16:50:51.811] [ARM-RX] > result: 90.00 103.47 -72.32 0.00 85.79 0.00
[16:50:51.811] [ARM-RX] [169] <0.00 -60.00 -1.50> result: 90.00 103.47 -72.32 0.00 85.79 0.00
[16:50:51.811] [ARM-RX] [170] <0.00 -60.00 -1.50> result: 90.00 103.47 -72.32 0.00 85.79 0.00
[16:50:51.811] [ARM-RX] [171] <0.00 -60.00 -1.50> result: 90.00 103.47 -72.32 0.00 85.79 0.
[16:50:51.832] [ARM-RX] 00
[16:50:51.832] [ARM-RX] [172] <0.00 -60.00 -1.50> result: 90.00 103.47 -72.32 0.00 85.79 0.00
[16:50:51.832] [ARM-RX] [173] <0.00 -60.00 -1.50> result: 90.00 103.47 -72.32 0.00 85.79 0.00
[16:50:51.832] [ARM-RX] [174] <0.00 -60.00 -1.50> result: 90.00 103.47 -72.32 0.00 85.79 0.00
[16:50:51.833] [ARM-RX] [175] <0.00 -60.00 -1.50> result: 90.00
[16:50:51.896] [ARM-RX] 103.47 -72.32 0.00 85.79 0.00
[16:50:51.896] [ARM-RX] [176] <0.00 -60.00 -1.50> result: 90.00 103.47 -72.32 0.00 85.79 0.00
[16:50:53.763] [ARM-RX] [joint 1] ave_error:0.00
[16:50:53.764] [ARM-RX] [joint 2] ave_error:2.94
[16:50:53.764] [ARM-RX] [joint 3] ave_error:2.47
[16:50:53.765] [ARM-RX] [joint 4] ave_error:0.00
[16:50:53.765] [ARM-RX] [joint 5] ave_error:0.28
[16:50:53.765] [ARM-RX] robot pid run finished!!
[16:50:53.825] [JETSON-RX] CC 01 01 DD
[16:50:53.825] [JETSON-STATUS] READY: CC 01 01 DD
[16:50:53.829] [DEMO-INFO] 开始发送视觉序列: 30,-20:5;15,-10:5;8,-5:5;0,0:30
[16:50:53.829] [JETSON-TX] VISION dcx=30 dcy=-20: FF 05 03 1E 00 EC FF 11 FE
[16:50:53.880] [ARM-RX] [JETSON_RX] vision dcx=30 dcy=-20
[16:50:53.881] [ARM-RX] [TARGET] vision state=WAIT_DETECT enabled=1 dcx=30 dcy=-20 stable=0
[16:50:53.881] [ARM-RX] ROBOT_AUTO_EVENT
[16:50:53.881] [ARM-RX] [0] <0.00 -60.00 -1.50> result: 90.00 103.47 -72.32 0.00 85.79 0.00
[16:50:53.881] [ARM-RX] [1] <0.00 -60.00 -1.50> result: 90.00 103.47 -72.32 -0.00 85.79 0.
[16:50:53.906] [ARM-RX] 00
[16:50:53.906] [ARM-RX] [2] <0.01 -60.00 -1.51> result: 90.00 103.47 -72.32 -0.00 85.79 0.00
[16:50:53.907] [ARM-RX] [3] <0.02 -60.00 -1.52> result: 90.01 103.48 -72.32 -0.01 85.80 0.00
[16:50:53.907] [ARM-RX] [4] <0.05 -60.00 -1.55> result: 90.02 103.49 -72.32 -0.02 85.81 0.00
[16:50:53.907] [ARM-RX] [5] <0.08 -60.00 -1.58> result: 90.04 103.
[16:50:53.927] [ARM-RX] 51 -72.32 -0.04 85.83 0.00
[16:50:53.927] [ARM-RX] [6] <0.14 -60.00 -1.64> result: 90.07 103.54 -72.33 -0.07 85.86 0.00
[16:50:53.928] [ARM-RX] [7] <0.21 -60.00 -1.71> result: 90.11 103.57 -72.33 -0.11 85.90 0.00
[16:50:53.928] [ARM-RX] [8] <0.29 -60.00 -1.79> result: 90.16 103.62 -72.33 -0.16 85.95 0.00
[16:50:53.928] [ARM-RX] [9] <0.40 -60.00 -
[16:50:53.949] [ARM-RX] 1.90> result: 90.21 103.67 -72.34 -0.22 86.01 0.00
[16:50:53.949] [ARM-RX] [10] <0.53 -60.00 -2.03> result: 90.28 103.74 -72.34 -0.28 86.08 0.00
[16:50:53.950] [ARM-RX] [11] <0.68 -60.00 -2.18> result: 90.36 103.82 -72.35 -0.36 86.16 0.00
[16:50:53.950] [ARM-RX] [12] <0.86 -60.00 -2.36> result: 90.46 103.90 -72.35 -0.46 86.
[16:50:53.973] [ARM-RX] 26 0.00
[16:50:53.974] [ARM-RX] [13] <1.05 -60.00 -2.55> result: 90.56 104.00 -72.36 -0.56 86.36 0.00
[16:50:53.974] [ARM-RX] [14] <1.26 -60.00 -2.76> result: 90.67 104.11 -72.37 -0.67 86.48 0.00
[16:50:53.974] [ARM-RX] [15] <1.49 -60.00 -2.99> result: 90.79 104.23 -72.37 -0.79 86.60 0.00
[16:50:53.974] [ARM-RX] [16] <1.74 -60.00 -3.24> result: 9
[16:50:53.996] [ARM-RX] 0.92 104.36 -72.38 -0.93 86.74 0.00
[16:50:53.996] [ARM-RX] [17] <2.00 -60.00 -3.50> result: 91.06 104.49 -72.39 -1.06 86.88 0.00
[16:50:53.996] [ARM-RX] [18] <2.27 -60.00 -3.77> result: 91.21 104.63 -72.40 -1.21 87.03 0.00
[16:50:53.996] [ARM-RX] [19] <2.50 -60.00 -4.00> result: 91.33 104.75 -72.40 -1.33 87.15 0.00
[16:50:53.997] [ARM-RX] [20] <
[16:50:54.031] [JETSON-TX] VISION dcx=30 dcy=-20: FF 05 03 1E 00 EC FF 11 FE
[16:50:54.032] [ARM-RX] 2.50 -60.00 -4.00> result: 91.33 104.75 -72.40 -1.33 87.15 0.00
[16:50:54.033] [ARM-RX] [21] <2.50 -60.00 -4.00> result: 91.33 104.75 -72.40 -1.33 87.15 0.00
[16:50:54.033] [ARM-RX] [22] <2.50 -60.00 -4.00> result: 91.33 104.75 -72.40 -1.33 87.15 0.00
[16:50:54.033] [ARM-RX] [23] <2.50 -60.00 -4.00> result: 91.33 104.75 -72
[16:50:54.054] [ARM-RX] .40 -1.33 87.15 0.00
[16:50:54.054] [ARM-RX] [24] <2.50 -60.00 -4.00> result: 91.33 104.75 -72.40 -1.33 87.15 0.00
[16:50:54.055] [ARM-RX] [25] <2.50 -60.00 -4.00> result: 91.33 104.75 -72.40 -1.33 87.15 0.00
[16:50:54.055] [ARM-RX] [26] <2.50 -60.00 -4.00> result: 91.33 104.75 -72.40 -1.33 87.15 0.00
[16:50:54.055] [ARM-RX] [27] <2.50 -60.00 -4.
[16:50:54.077] [ARM-RX] 00> result: 91.33 104.75 -72.40 -1.33 87.15 0.00
[16:50:54.077] [ARM-RX] [28] <2.50 -60.00 -4.00> result: 91.33 104.75 -72.40 -1.33 87.15 0.00
[16:50:54.077] [ARM-RX] [29] <2.50 -60.00 -4.00> result: 91.33 104.75 -72.40 -1.33 87.15 0.00
[16:50:54.077] [ARM-RX] [30] <2.50 -60.00 -4.00> result: 91.33 104.75 -72.40 -1.33 87.15
[16:50:54.100] [ARM-RX] 0.00
[16:50:54.100] [ARM-RX] [31] <2.50 -60.00 -4.00> result: 91.33 104.75 -72.40 -1.33 87.15 0.00
[16:50:54.100] [ARM-RX] [32] <2.50 -60.00 -4.00> result: 91.33 104.75 -72.40 -1.33 87.15 0.00
[16:50:54.100] [ARM-RX] [33] <2.50 -60.00 -4.00> result: 91.33 104.75 -72.40 -1.33 87.15 0.00
[16:50:54.101] [ARM-RX] [34] <2.50 -60.00 -4.00> result: 91.
[16:50:54.124] [ARM-RX] 33 104.75 -72.40 -1.33 87.15 0.00
[16:50:54.124] [ARM-RX] [35] <2.50 -60.00 -4.00> result: 91.33 104.75 -72.40 -1.33 87.15 0.00
[16:50:54.124] [ARM-RX] [36] <2.50 -60.00 -4.00> result: 91.33 104.75 -72.40 -1.33 87.15 0.00
[16:50:54.124] [ARM-RX] [37] <2.50 -60.00 -4.00> result: 91.33 104.75 -72.40 -1.33 87.15 0.00
[16:50:54.124] [ARM-RX] [38] <2.
[16:50:54.146] [ARM-RX] 50 -60.00 -4.00> result: 91.33 104.75 -72.40 -1.33 87.15 0.00
[16:50:54.147] [ARM-RX] [39] <2.50 -60.00 -4.00> result: 91.33 104.75 -72.40 -1.33 87.15 0.00
[16:50:54.147] [ARM-RX] [40] <2.50 -60.00 -4.00> result: 91.33 104.75 -72.40 -1.33 87.15 0.00
[16:50:54.147] [ARM-RX] [41] <2.50 -60.00 -4.00> result: 91.33 104.75 -72.4
[16:50:54.199] [ARM-RX] 0 -1.33 87.15 0.00
[16:50:54.203] [ARM-RX] [42] <2.50 -60.00 -4.00> result: 91.33 104.75 -72.40 -1.33 87.15 0.00
[16:50:54.203] [ARM-RX] [43] <2.50 -60.00 -4.00> result: 91.33 104.75 -72.40 -1.33 87.15 0.00
[16:50:54.203] [ARM-RX] [TARGET] vision state=ALIGN enabled=1 dcx=30 dcy=-20 stable=0
[16:50:54.232] [JETSON-TX] VISION dcx=30 dcy=-20: FF 05 03 1E 00 EC FF 11 FE
[16:50:54.262] [ARM-RX] [JETSON_RX] vision dcx=30 dcy=-20
[16:50:54.262] [ARM-RX] [TARGET] vision state=ALIGN enabled=1 dcx=30 dcy=-20 stable=0
[16:50:54.432] [JETSON-TX] VISION dcx=30 dcy=-20: FF 05 03 1E 00 EC FF 11 FE
[16:50:54.513] [ARM-RX] [JETSON_RX] vision dcx=30 dcy=-20
[16:50:54.517] [ARM-RX] [TARGET] vision state=ALIGN enabled=1 dcx=30 dcy=-20 stable=0
[16:50:54.633] [JETSON-TX] VISION dcx=30 dcy=-20: FF 05 03 1E 00 EC FF 11 FE
[16:50:54.702] [ARM-RX] [JETSON_RX] vision dcx=30 dcy=-20
[16:50:54.702] [ARM-RX] [TARGET] vision state=ALIGN enabled=1 dcx=30 dcy=-20 stable=0
[16:50:54.702] [ARM-RX] [joint 1] ave_error:0.33
[16:50:54.702] [ARM-RX] [joint 2] ave_error:1.24
[16:50:54.702] [ARM-RX] [joint 3] ave_error:0.27
[16:50:54.703] [ARM-RX] [joint 4] ave_error:0.33
[16:50:54.703] [ARM-RX] [joint 5] ave_error:
[16:50:54.765] [ARM-RX] 0.21
[16:50:54.767] [ARM-RX] robot pid run finished!!
[16:50:54.767] [ARM-RX] ROBOT_AUTO_EVENT
[16:50:54.767] [ARM-RX] [0] <2.50 -60.00 -4.00> result: 91.33 104.75 -72.40 -1.33 87.15 0.00
[16:50:54.767] [ARM-RX] [1] <2.50 -60.00 -4.00> result: 9
[16:50:54.800] [ARM-RX] 1.33 104.75 -72.40 -1.33 87.16 0.00
[16:50:54.800] [ARM-RX] [2] <2.51 -60.00 -4.01> result: 91.33 104.76 -72.40 -1.34 87.16 0.00
[16:50:54.800] [ARM-RX] [3] <2.52 -60.00 -4.02> result: 91.34 104.76 -72.40 -1.34 87.17 0.00
[16:50:54.800] [ARM-RX] [4] <2.55 -60.00 -4.05> result: 91.35 104.78 -72.40 -1.36 87.18 0.00
[16:50:54.801] [ARM-RX] [5] <2.58
[16:50:54.822] [ARM-RX] -60.00 -4.08> result: 91.37 104.79 -72.40 -1.38 87.20 0.00
[16:50:54.822] [ARM-RX] [6] <2.64 -60.00 -4.14> result: 91.40 104.82 -72.41 -1.40 87.23 0.00
[16:50:54.822] [ARM-RX] [7] <2.71 -60.00 -4.21> result: 91.44 104.86 -72.41 -1.44 87.27 0.00
[16:50:54.822] [ARM-RX] [8] <2.79 -60.00 -4.29> result: 91.49 104.90 -72.41 -1.
[16:50:54.834] [JETSON-TX] VISION dcx=15 dcy=-10: FF 05 03 0F 00 F6 FF 0C FE
[16:50:54.846] [ARM-RX] 49 87.31 0.00
[16:50:54.846] [ARM-RX] [9] <2.90 -60.00 -4.40> result: 91.55 104.96 -72.41 -1.55 87.37 0.00
[16:50:54.846] [ARM-RX] [10] <3.03 -60.00 -4.53> result: 91.61 105.03 -72.41 -1.62 87.44 0.00
[16:50:54.847] [ARM-RX] [11] <3.18 -60.00 -4.68> result: 91.69 105.11 -72.42 -1.70 87.53 0.00
[16:50:54.847] [ARM-RX] [12] <3.36 -60.00 -4.86> resu
[16:50:54.868] [ARM-RX] lt: 91.79 105.20 -72.42 -1.79 87.62 0.00
[16:50:54.869] [ARM-RX] [13] <3.55 -60.00 -5.05> result: 91.89 105.30 -72.43 -1.89 87.72 0.00
[16:50:54.869] [ARM-RX] [14] <3.76 -60.00 -5.26> result: 92.00 105.41 -72.43 -2.00 87.84 0.00
[16:50:54.869] [ARM-RX] [15] <3.99 -60.00 -5.49> result: 92.12 105.53 -72.43 -2.12 87.96 0.00
[16:50:54.869] [ARM-RX] [
[16:50:54.894] [ARM-RX] 16] <4.24 -60.00 -5.74> result: 92.25 105.66 -72.44 -2.26 88.10 0.00
[16:50:54.894] [ARM-RX] [17] <4.50 -60.00 -6.00> result: 92.39 105.79 -72.44 -2.39 88.24 0.00
[16:50:54.894] [ARM-RX] [18] <4.77 -60.00 -6.27> result: 92.54 105.94 -72.45 -2.54 88.38 0.00
[16:50:54.895] [ARM-RX] [19] <5.00 -60.00 -6.50> result: 92.66 106.0
[16:50:54.914] [ARM-RX] 6 -72.45 -2.66 88.51 0.00
[16:50:54.915] [ARM-RX] [20] <5.00 -60.00 -6.50> result: 92.66 106.06 -72.45 -2.66 88.51 0.00
[16:50:54.915] [ARM-RX] [21] <5.00 -60.00 -6.50> result: 92.66 106.06 -72.45 -2.66 88.51 0.00
[16:50:54.915] [ARM-RX] [22] <5.00 -60.00 -6.50> result: 92.66 106.06 -72.45 -2.66 88.51 0.00
[16:50:54.915] [ARM-RX] [23] <5.00 -60.0
[16:50:54.938] [ARM-RX] 0 -6.50> result: 92.66 106.06 -72.45 -2.66 88.51 0.00
[16:50:54.938] [ARM-RX] [24] <5.00 -60.00 -6.50> result: 92.66 106.06 -72.45 -2.66 88.51 0.00
[16:50:54.938] [ARM-RX] [25] <5.00 -60.00 -6.50> result: 92.66 106.06 -72.45 -2.66 88.51 0.00
[16:50:54.940] [ARM-RX] [26] <5.00 -60.00 -6.50> result: 92.66 106.06 -72.45 -2.66
[16:50:54.974] [ARM-RX] 88.51 0.00
[16:50:54.974] [ARM-RX] [27] <5.00 -60.00 -6.50> result: 92.66 106.06 -72.45 -2.66 88.51 0.00
[16:50:54.974] [ARM-RX] [28] <5.00 -60.00 -6.50> result: 92.66 106.06 -72.45 -2.66 88.51 0.00
[16:50:54.975] [ARM-RX] [29] <5.00 -60.00 -6.50> result: 92.66 106.06 -72.45 -2.66 88.51 0.00
[16:50:54.975] [ARM-RX] [30] <5.00 -60.00 -6.50> result
[16:50:54.995] [ARM-RX] : 92.66 106.06 -72.45 -2.66 88.51 0.00
[16:50:54.995] [ARM-RX] [31] <5.00 -60.00 -6.50> result: 92.66 106.06 -72.45 -2.66 88.51 0.00
[16:50:54.996] [ARM-RX] [32] <5.00 -60.00 -6.50> result: 92.66 106.06 -72.45 -2.66 88.51 0.00
[16:50:54.996] [ARM-RX] [33] <5.00 -60.00 -6.50> result: 92.66 106.06 -72.45 -2.66 88.51 0.00
[16:50:54.996] [ARM-RX] [34
[16:50:55.023] [ARM-RX] ] <5.00 -60.00 -6.50> result: 92.66 106.06 -72.45 -2.66 88.51 0.00
[16:50:55.023] [ARM-RX] [35] <5.00 -60.00 -6.50> result: 92.66 106.06 -72.45 -2.66 88.51 0.00
[16:50:55.023] [ARM-RX] [36] <5.00 -60.00 -6.50> result: 92.66 106.06 -72.45 -2.66 88.51 0.00
[16:50:55.024] [ARM-RX] [37] <5.00 -60.00 -6.50> result: 92.66 106.06
[16:50:55.035] [JETSON-TX] VISION dcx=15 dcy=-10: FF 05 03 0F 00 F6 FF 0C FE
[16:50:55.042] [ARM-RX] -72.45 -2.66 88.51 0.00
[16:50:55.043] [ARM-RX] [38] <5.00 -60.00 -6.50> result: 92.66 106.06 -72.45 -2.66 88.51 0.00
[16:50:55.043] [ARM-RX] [39] <5.00 -60.00 -6.50> result: 92.66 106.06 -72.45 -2.66 88.51 0.00
[16:50:55.043] [ARM-RX] [40] <5.00 -60.00 -6.50> result: 92.66 106.06 -72.45 -2.66 88.51 0.00
[16:50:55.044] [ARM-RX] [41] <5.00 -60.00
[16:50:55.066] [ARM-RX] -6.50> result: 92.66 106.06 -72.45 -2.66 88.51 0.00
[16:50:55.066] [ARM-RX] [42] <5.00 -60.00 -6.50> result: 92.66 106.06 -72.45 -2.66 88.51 0.00
[16:50:55.067] [ARM-RX] [43] <5.00 -60.00 -6.50> result: 92.66 106.06 -72.45 -2.66 88.51 0.00
[16:50:55.067] [ARM-RX] [TARGET] vision state=ALIGN enabled=1 dcx=15 dcy=-10 stable=0
[16:50:55.123] [ARM-RX] [JETSON_RX] vision dcx=15 dcy=-10
[16:50:55.123] [ARM-RX] [TARGET] vision state=ALIGN enabled=1 dcx=15 dcy=-10 stable=0
[16:50:55.235] [JETSON-TX] VISION dcx=15 dcy=-10: FF 05 03 0F 00 F6 FF 0C FE
[16:50:55.310] [ARM-RX] [JETSON_RX] vision dcx=15 dcy=-10
[16:50:55.311] [ARM-RX] [TARGET] vision state=ALIGN enabled=1 dcx=15 dcy=-10 stable=0
[16:50:55.436] [JETSON-TX] VISION dcx=15 dcy=-10: FF 05 03 0F 00 F6 FF 0C FE
[16:50:55.496] [ARM-RX] [JETSON_RX] vision dcx=15 dcy=-10
[16:50:55.496] [ARM-RX] [TARGET] vision state=ALIGN enabled=1 dcx=15 dcy=-10 stable=0
[16:50:55.622] [ARM-RX] [joint 1] ave_error:0.48
[16:50:55.622] [ARM-RX] [joint 2] ave_error:0.43
[16:50:55.622] [ARM-RX] [joint 3] ave_error:0.08
[16:50:55.622] [ARM-RX] [joint 4] ave_error:0.42
[16:50:55.623] [ARM-RX] [joint 5] ave_error:0.17
[16:50:55.623] [ARM-RX] robot pid run finished!!
[16:50:55.639] [JETSON-TX] VISION dcx=15 dcy=-10: FF 05 03 0F 00 F6 FF 0C FE
[16:50:55.682] [ARM-RX] [JETSON_RX] vision dcx=15 dcy=-10
[16:50:55.682] [ARM-RX] [TARGET] vision state=ALIGN enabled=1 dcx=15 dcy=-10 stable=0
[16:50:55.682] [ARM-RX] ROBOT_AUTO_EVENT
[16:50:55.682] [ARM-RX] [0] <5.00 -60.00 -6.50> result: 92.66 106.06 -72.45 -2.66 88.51 0.00
[16:50:55.682] [ARM-RX] [1] <5.00 -60.00 -6.50> result: 92.66 106.06 -72.45 -2.66 88.51 0.00
[16:50:55.684] [ARM-RX] [
[16:50:55.705] [ARM-RX] 2] <5.01 -60.00 -6.51> result: 92.67 106.07 -72.45 -2.67 88.52 0.00
[16:50:55.705] [ARM-RX] [3] <5.04 -60.00 -6.54> result: 92.68 106.08 -72.45 -2.68 88.53 0.00
[16:50:55.706] [ARM-RX] [4] <5.08 -60.00 -6.58> result: 92.70 106.10 -72.45 -2.70 88.55 0.00
[16:50:55.706] [ARM-RX] [5] <5.14 -60.00 -6.64> result: 92.73 106.13 -7
[16:50:55.729] [ARM-RX] 2.45 -2.73 88.58 0.00
[16:50:55.729] [ARM-RX] [6] <5.22 -60.00 -6.72> result: 92.78 106.17 -72.45 -2.78 88.63 0.00
[16:50:55.729] [ARM-RX] [7] <5.32 -60.00 -6.82> result: 92.83 106.23 -72.45 -2.83 88.68 0.00
[16:50:55.729] [ARM-RX] [8] <5.44 -60.00 -6.94> result: 92.89 106.29 -72.45 -2.89 88.74 0.00
[16:50:55.729] [ARM-RX] [9] <5.58 -60.00 -7.08>
[16:50:55.752] [ARM-RX] result: 92.97 106.36 -72.45 -2.97 88.82 0.00
[16:50:55.753] [ARM-RX] [10] <5.73 -60.00 -7.23> result: 93.05 106.44 -72.45 -3.05 88.90 0.00
[16:50:55.753] [ARM-RX] [11] <5.80 -60.00 -7.30> result: 93.08 106.48 -72.46 -3.09 88.94 0.00
[16:50:55.753] [ARM-RX] [12] <5.80 -60.00 -7.30> result: 93.08 106.48 -72.46 -3.09 88.94 0.
[16:50:55.777] [ARM-RX] 00
[16:50:55.777] [ARM-RX] [13] <5.80 -60.00 -7.30> result: 93.08 106.48 -72.46 -3.09 88.94 0.00
[16:50:55.777] [ARM-RX] [14] <5.80 -60.00 -7.30> result: 93.08 106.48 -72.46 -3.09 88.94 0.00
[16:50:55.777] [ARM-RX] [15] <5.80 -60.00 -7.30> result: 93.08 106.48 -72.46 -3.09 88.94 0.00
[16:50:55.778] [ARM-RX] [16] <5.80 -60.00 -7.30> result: 93.08
[16:50:55.799] [ARM-RX] 106.48 -72.46 -3.09 88.94 0.00
[16:50:55.799] [ARM-RX] [17] <5.80 -60.00 -7.30> result: 93.08 106.48 -72.46 -3.09 88.94 0.00
[16:50:55.799] [ARM-RX] [18] <5.80 -60.00 -7.30> result: 93.08 106.48 -72.46 -3.09 88.94 0.00
[16:50:55.799] [ARM-RX] [19] <5.80 -60.00 -7.30> result: 93.08 106.48 -72.46 -3.09 88.94 0.00
[16:50:55.799] [ARM-RX] [20] <5.80
[16:50:55.821] [ARM-RX] -60.00 -7.30> result: 93.08 106.48 -72.46 -3.09 88.94 0.00
[16:50:55.822] [ARM-RX] [21] <5.80 -60.00 -7.30> result: 93.08 106.48 -72.46 -3.09 88.94 0.00
[16:50:55.822] [ARM-RX] [22] <5.80 -60.00 -7.30> result: 93.08 106.48 -72.46 -3.09 88.94 0.00
[16:50:55.822] [ARM-RX] [23] <5.80 -60.00 -7.30> result: 93.08 106.48 -72.46 -
[16:50:55.839] [JETSON-TX] VISION dcx=8 dcy=-5: FF 05 03 08 00 FB FF 0A FE
[16:50:55.887] [ARM-RX] 3.09 88.94 0.00
[16:50:55.889] [ARM-RX] [24] <5.80 -60.00 -7.30> result: 93.08 106.48 -72.46 -3.09 88.94 0.00
[16:50:55.890] [ARM-RX] [JETSON_RX] vision dcx=8 dcy=-5
[16:50:55.890] [ARM-RX] [TARGET] vision state=ALIGN enabled=1 dcx=8 dcy=-5 stable=0
[16:50:56.040] [JETSON-TX] VISION dcx=8 dcy=-5: FF 05 03 08 00 FB FF 0A FE
[16:50:56.073] [ARM-RX] [JETSON_RX] vision dcx=8 dcy=-5
[16:50:56.073] [ARM-RX] [TARGET] vision state=ALIGN enabled=1 dcx=8 dcy=-5 stable=0
[16:50:56.197] [ARM-RX] [joint 1] ave_error:0.41
[16:50:56.197] [ARM-RX] [joint 2] ave_error:0.42
[16:50:56.197] [ARM-RX] [joint 3] ave_error:0.04
[16:50:56.197] [ARM-RX] [joint 4] ave_error:0.28
[16:50:56.198] [ARM-RX] [joint 5] ave_error:0.05
[16:50:56.198] [ARM-RX] robot pid run finished!!
[16:50:56.241] [JETSON-TX] VISION dcx=8 dcy=-5: FF 05 03 08 00 FB FF 0A FE
[16:50:56.258] [ARM-RX] ROBOT_AUTO_EVENT
[16:50:56.260] [ARM-RX] [0] <5.80 -60.00 -7.30> result: 93.08 106.48 -72.46 -3.09 88.94 0.00
[16:50:56.260] [ARM-RX] [1] <5.80 -60.00 -7.30> result: 93.09 106.48 -72.46 -3.09 88.94 0.00
[16:50:56.260] [ARM-RX] [2] <5.81 -60.00 -7.31> result: 93.09 106.49 -72.46 -3.09 88.94 0.00
[16:50:56.261] [ARM-RX] [3] <5.84 -60
[16:50:56.285] [ARM-RX] .00 -7.34> result: 93.10 106.50 -72.46 -3.10 88.96 0.00
[16:50:56.285] [ARM-RX] [4] <5.88 -60.00 -7.38> result: 93.13 106.52 -72.46 -3.13 88.98 0.00
[16:50:56.285] [ARM-RX] [5] <5.94 -60.00 -7.44> result: 93.16 106.55 -72.46 -3.16 89.01 0.00
[16:50:56.287] [ARM-RX] [6] <6.02 -60.00 -7.52> result: 93.20 106.60 -72.46 -3.20 8
[16:50:56.310] [ARM-RX] 9.05 0.00
[16:50:56.310] [ARM-RX] [7] <6.12 -60.00 -7.62> result: 93.25 106.65 -72.46 -3.25 89.11 0.00
[16:50:56.310] [ARM-RX] [8] <6.24 -60.00 -7.74> result: 93.32 106.71 -72.46 -3.32 89.17 0.00
[16:50:56.310] [ARM-RX] [9] <6.38 -60.00 -7.88> result: 93.39 106.79 -72.46 -3.39 89.25 0.00
[16:50:56.311] [ARM-RX] [10] <6.53 -60.00 -8.03> result: 93
[16:50:56.332] [ARM-RX] .47 106.87 -72.46 -3.47 89.33 0.00
[16:50:56.333] [ARM-RX] [11] <6.60 -60.00 -8.10> result: 93.51 106.90 -72.46 -3.51 89.36 0.00
[16:50:56.333] [ARM-RX] [12] <6.60 -60.00 -8.10> result: 93.51 106.90 -72.46 -3.51 89.36 0.00
[16:50:56.333] [ARM-RX] [13] <6.60 -60.00 -8.10> result: 93.51 106.90 -72.46 -3.51 89.36 0.00
[16:50:56.333] [ARM-RX] [14] <6
[16:50:56.357] [ARM-RX] .60 -60.00 -8.10> result: 93.51 106.90 -72.46 -3.51 89.36 0.00
[16:50:56.357] [ARM-RX] [15] <6.60 -60.00 -8.10> result: 93.51 106.90 -72.46 -3.51 89.36 0.00
[16:50:56.357] [ARM-RX] [16] <6.60 -60.00 -8.10> result: 93.51 106.90 -72.46 -3.51 89.36 0.00
[16:50:56.358] [ARM-RX] [17] <6.60 -60.00 -8.10> result: 93.51 106.90 -72.
[16:50:56.378] [ARM-RX] 46 -3.51 89.36 0.00
[16:50:56.379] [ARM-RX] [18] <6.60 -60.00 -8.10> result: 93.51 106.90 -72.46 -3.51 89.36 0.00
[16:50:56.379] [ARM-RX] [19] <6.60 -60.00 -8.10> result: 93.51 106.90 -72.46 -3.51 89.36 0.00
[16:50:56.379] [ARM-RX] [20] <6.60 -60.00 -8.10> result: 93.51 106.90 -72.46 -3.51 89.36 0.00
[16:50:56.379] [ARM-RX] [21] <6.60 -60.00 -8.1
[16:50:56.400] [ARM-RX] 0> result: 93.51 106.90 -72.46 -3.51 89.36 0.00
[16:50:56.400] [ARM-RX] [22] <6.60 -60.00 -8.10> result: 93.51 106.90 -72.46 -3.51 89.36 0.00
[16:50:56.400] [ARM-RX] [23] <6.60 -60.00 -8.10> result: 93.51 106.90 -72.46 -3.51 89.36 0.00
[16:50:56.400] [ARM-RX] [24] <6.60 -60.00 -8.10> result: 93.51 106.90 -72.46 -3.51 89.36
[16:50:56.441] [JETSON-TX] VISION dcx=8 dcy=-5: FF 05 03 08 00 FB FF 0A FE
[16:50:56.462] [ARM-RX] 0.00
[16:50:56.462] [ARM-RX] [JETSON_RX] vision dcx=8 dcy=-5
[16:50:56.462] [ARM-RX] [TARGET] vision state=ALIGN enabled=1 dcx=8 dcy=-5 stable=0
[16:50:56.462] [ARM-RX] [JETSON_RX] vision dcx=8 dcy=-5
[16:50:56.463] [ARM-RX] [TARGET] vision state=ALIGN enabled=1 dcx=8 dcy=-5 stable=0
[16:50:56.642] [JETSON-TX] VISION dcx=8 dcy=-5: FF 05 03 08 00 FB FF 0A FE
[16:50:56.711] [ARM-RX] [JETSON_RX] vision dcx=8 dcy=-5
[16:50:56.711] [ARM-RX] [TARGET] vision state=ALIGN enabled=1 dcx=8 dcy=-5 stable=0
[16:50:56.774] [ARM-RX] [joint 1] ave_error:0.40
[16:50:56.774] [ARM-RX] [joint 2] ave_error:0.44
[16:50:56.774] [ARM-RX] [joint 3] ave_error:0.03
[16:50:56.774] [ARM-RX] [joint 4] ave_error:0.23
[16:50:56.774] [ARM-RX] [joint 5] ave_error:0.05
[16:50:56.776] [ARM-RX] robot pid run finished!!
[16:50:56.838] [ARM-RX] ROBOT_AUTO_EVENT
[16:50:56.838] [ARM-RX] [0] <6.60 -60.00 -8.10> result: 93.51 106.90 -72.46 -3.51 89.36 0.00
[16:50:56.838] [ARM-RX] [1] <6.60 -60.00 -8.10> result: 93.51 106.91 -72.46 -3.51 89.37 0.00
[16:50:56.838] [ARM-RX] [2] <6.61 -60.00 -8.11> result: 93.52 106.91 -72.46 -3.52 89.37 0.00
[16:50:56.838] [ARM-RX] [3] <6.64 -60
[16:50:56.843] [JETSON-TX] VISION dcx=0 dcy=0: FF 05 03 00 00 00 00 08 FE
[16:50:56.862] [ARM-RX] .00 -8.14> result: 93.53 106.92 -72.46 -3.53 89.38 0.00
[16:50:56.862] [ARM-RX] [4] <6.68 -60.00 -8.18> result: 93.55 106.94 -72.46 -3.55 89.41 0.00
[16:50:56.863] [ARM-RX] [5] <6.74 -60.00 -8.24> result: 93.58 106.98 -72.46 -3.58 89.44 0.00
[16:50:56.863] [ARM-RX] [6] <6.82 -60.00 -8.32> result: 93.62 107.02 -72.46 -3.62 8
[16:50:56.884] [ARM-RX] 9.48 0.00
[16:50:56.884] [ARM-RX] [7] <6.92 -60.00 -8.42> result: 93.68 107.07 -72.46 -3.68 89.53 0.00
[16:50:56.884] [ARM-RX] [8] <7.04 -60.00 -8.54> result: 93.74 107.14 -72.46 -3.74 89.60 0.00
[16:50:56.885] [ARM-RX] [9] <7.18 -60.00 -8.68> result: 93.82 107.21 -72.46 -3.82 89.67 0.00
[16:50:56.885] [ARM-RX] [10] <7.33 -60.00 -8.83> result: 93
[16:50:56.908] [ARM-RX] .90 107.29 -72.46 -3.90 89.75 0.00
[16:50:56.908] [ARM-RX] [11] <7.40 -60.00 -8.90> result: 93.93 107.33 -72.46 -3.93 89.79 0.00
[16:50:56.908] [ARM-RX] [12] <7.40 -60.00 -8.90> result: 93.93 107.33 -72.46 -3.93 89.79 0.00
[16:50:56.908] [ARM-RX] [13] <7.40 -60.00 -8.90> result: 93.93 107.33 -72.46 -3.93 89.79 0.00
[16:50:56.909] [ARM-RX] [14] <7
[16:50:56.931] [ARM-RX] .40 -60.00 -8.90> result: 93.93 107.33 -72.46 -3.93 89.79 0.00
[16:50:56.932] [ARM-RX] [15] <7.40 -60.00 -8.90> result: 93.93 107.33 -72.46 -3.93 89.79 0.00
[16:50:56.932] [ARM-RX] [16] <7.40 -60.00 -8.90> result: 93.93 107.33 -72.46 -3.93 89.79 0.00
[16:50:56.932] [ARM-RX] [17] <7.40 -60.00 -8.90> result: 93.93 107.33 -72.
[16:50:56.954] [ARM-RX] 46 -3.93 89.79 0.00
[16:50:56.954] [ARM-RX] [18] <7.40 -60.00 -8.90> result: 93.93 107.33 -72.46 -3.93 89.79 0.00
[16:50:56.954] [ARM-RX] [19] <7.40 -60.00 -8.90> result: 93.93 107.33 -72.46 -3.93 89.79 0.00
[16:50:56.954] [ARM-RX] [20] <7.40 -60.00 -8.90> result: 93.93 107.33 -72.46 -3.93 89.79 0.00
[16:50:56.955] [ARM-RX] [21] <7.40 -60.00 -8.9
[16:50:56.982] [ARM-RX] 0> result: 93.93 107.33 -72.46 -3.93 89.79 0.00
[16:50:56.983] [ARM-RX] [22] <7.40 -60.00 -8.90> result: 93.93 107.33 -72.46 -3.93 89.79 0.00
[16:50:56.983] [ARM-RX] [23] <7.40 -60.00 -8.90> result: 93.93 107.33 -72.46 -3.93 89.79 0.00
[16:50:56.983] [ARM-RX] [24] <7.40 -60.00 -8.90> result: 93.93 107.33 -72.46 -3.93 89.79
[16:50:57.042] [ARM-RX] 0.00
[16:50:57.042] [ARM-RX] [JETSON_RX] vision dcx=0 dcy=0
[16:50:57.042] [ARM-RX] [TARGET] vision state=ALIGN enabled=1 dcx=0 dcy=0 stable=0
[16:50:57.044] [JETSON-TX] VISION dcx=0 dcy=0: FF 05 03 00 00 00 00 08 FE
[16:50:57.104] [ARM-RX] [JETSON_RX] vision dcx=0 dcy=0
[16:50:57.106] [ARM-RX] [TARGET] vision state=ALIGN enabled=1 dcx=0 dcy=0 stable=1
[16:50:57.244] [JETSON-TX] VISION dcx=0 dcy=0: FF 05 03 00 00 00 00 08 FE
[16:50:57.291] [ARM-RX] [JETSON_RX] vision dcx=0 dcy=0
[16:50:57.292] [ARM-RX] [TARGET] vision state=ALIGN enabled=1 dcx=0 dcy=0 stable=2
[16:50:57.323] [JETSON-RX] CC 02 01 DD
[16:50:57.323] [JETSON-STATUS] ALIGN_DONE: CC 02 01 DD
[16:50:57.323] [DEMO-ACTION] 已对准：请按住 P000 KEY 允许激光输出。
[16:50:57.353] [ARM-RX] [joint 1] ave_error:0.38
[16:50:57.353] [ARM-RX] [joint 2] ave_error:0.46
[16:50:57.353] [ARM-RX] [joint 3] ave_error:0.03
[16:50:57.353] [ARM-RX] [joint 4] ave_error:0.20
[16:50:57.353] [ARM-RX] [joint 5] ave_error:0.05
[16:50:57.355] [ARM-RX] robot pid run finished!!
[16:50:57.446] [JETSON-TX] VISION dcx=0 dcy=0: FF 05 03 00 00 00 00 08 FE
[16:50:57.479] [ARM-RX] [JETSON_RX] vision dcx=0 dcy=0
[16:50:57.479] [ARM-RX] [TARGET] vision state=CONFIRM enabled=1 dcx=0 dcy=0 stable=0
[16:50:57.647] [JETSON-TX] VISION dcx=0 dcy=0: FF 05 03 00 00 00 00 08 FE
[16:50:57.667] [ARM-RX] [JETSON_RX] vision dcx=0 dcy=0
[16:50:57.667] [ARM-RX] [TARGET] vision state=CONFIRM enabled=1 dcx=0 dcy=0 stable=0
[16:50:57.848] [JETSON-TX] VISION dcx=0 dcy=0: FF 05 03 00 00 00 00 08 FE
[16:50:57.918] [ARM-RX] [JETSON_RX] vision dcx=0 dcy=0
[16:50:57.918] [ARM-RX] [TARGET] vision state=CONFIRM enabled=1 dcx=0 dcy=0 stable=0
[16:50:58.049] [JETSON-TX] VISION dcx=0 dcy=0: FF 05 03 00 00 00 00 08 FE
[16:50:58.104] [ARM-RX] [JETSON_RX] vision dcx=0 dcy=0
[16:50:58.104] [ARM-RX] [TARGET] vision state=CONFIRM enabled=1 dcx=0 dcy=0 stable=0
[16:50:58.250] [JETSON-TX] VISION dcx=0 dcy=0: FF 05 03 00 00 00 00 08 FE
[16:50:58.291] [ARM-RX] [JETSON_RX] vision dcx=0 dcy=0
[16:50:58.291] [ARM-RX] [TARGET] vision state=CONFIRM enabled=1 dcx=0 dcy=0 stable=0
[16:50:58.451] [JETSON-TX] VISION dcx=0 dcy=0: FF 05 03 00 00 00 00 08 FE
[16:50:58.480] [ARM-RX] [JETSON_RX] vision dcx=0 dcy=0
[16:50:58.480] [ARM-RX] [TARGET] vision state=CONFIRM enabled=1 dcx=0 dcy=0 stable=0
[16:50:58.653] [JETSON-TX] VISION dcx=0 dcy=0: FF 05 03 00 00 00 00 08 FE
[16:50:58.727] [ARM-RX] [JETSON_RX] vision dcx=0 dcy=0
[16:50:58.727] [ARM-RX] [TARGET] vision state=CONFIRM enabled=1 dcx=0 dcy=0 stable=0
[16:50:58.853] [JETSON-TX] VISION dcx=0 dcy=0: FF 05 03 00 00 00 00 08 FE
[16:50:58.914] [ARM-RX] [JETSON_RX] vision dcx=0 dcy=0
[16:50:58.914] [ARM-RX] [TARGET] vision state=CONFIRM enabled=1 dcx=0 dcy=0 stable=0
[16:50:59.054] [JETSON-TX] VISION dcx=0 dcy=0: FF 05 03 00 00 00 00 08 FE
[16:50:59.102] [ARM-RX] [JETSON_RX] vision dcx=0 dcy=0
[16:50:59.102] [ARM-RX] [TARGET] vision state=CONFIRM enabled=1 dcx=0 dcy=0 stable=0
[16:50:59.256] [JETSON-TX] VISION dcx=0 dcy=0: FF 05 03 00 00 00 00 08 FE
[16:50:59.287] [ARM-RX] [JETSON_RX] vision dcx=0 dcy=0
[16:50:59.287] [ARM-RX] [TARGET] vision state=CONFIRM enabled=1 dcx=0 dcy=0 stable=0
[16:50:59.456] [JETSON-TX] VISION dcx=0 dcy=0: FF 05 03 00 00 00 00 08 FE
[16:50:59.473] [ARM-RX] [JETSON_RX] vision dcx=0 dcy=0
[16:50:59.473] [ARM-RX] [TARGET] vision state=CONFIRM enabled=1 dcx=0 dcy=0 stable=0
[16:50:59.657] [JETSON-TX] VISION dcx=0 dcy=0: FF 05 03 00 00 00 00 08 FE
[16:50:59.721] [ARM-RX] [JETSON_RX] vision dcx=0 dcy=0
[16:50:59.721] [ARM-RX] [TARGET] vision state=CONFIRM enabled=1 dcx=0 dcy=0 stable=0
[16:50:59.858] [JETSON-TX] VISION dcx=0 dcy=0: FF 05 03 00 00 00 00 08 FE
[16:50:59.908] [ARM-RX] [JETSON_RX] vision dcx=0 dcy=0
[16:50:59.908] [ARM-RX] [TARGET] vision state=CONFIRM enabled=1 dcx=0 dcy=0 stable=0
[16:51:00.058] [JETSON-TX] VISION dcx=0 dcy=0: FF 05 03 00 00 00 00 08 FE
[16:51:00.095] [ARM-RX] [JETSON_RX] vision dcx=0 dcy=0
[16:51:00.095] [ARM-RX] [TARGET] vision state=CONFIRM enabled=1 dcx=0 dcy=0 stable=0
[16:51:00.172] [JETSON-RX] CC 03 01 DD
[16:51:00.172] [JETSON-STATUS] OUTPUT_ON: CC 03 01 DD
[16:51:00.172] [DEMO-ACTION] 激光已输出：需要关闭时松开 P000 KEY。
[16:51:00.259] [JETSON-TX] VISION dcx=0 dcy=0: FF 05 03 00 00 00 00 08 FE
[16:51:00.281] [ARM-RX] [JETSON_RX] vision dcx=0 dcy=0
[16:51:00.281] [ARM-RX] [TARGET] vision state=OUTPUT enabled=1 dcx=0 dcy=0 stable=0
[16:51:00.460] [JETSON-TX] VISION dcx=0 dcy=0: FF 05 03 00 00 00 00 08 FE
[16:51:00.532] [ARM-RX] [JETSON_RX] vision dcx=0 dcy=0
[16:51:00.532] [ARM-RX] [TARGET] vision state=OUTPUT enabled=1 dcx=0 dcy=0 stable=0
[16:51:00.661] [JETSON-TX] VISION dcx=0 dcy=0: FF 05 03 00 00 00 00 08 FE
[16:51:00.719] [ARM-RX] [JETSON_RX] vision dcx=0 dcy=0
[16:51:00.719] [ARM-RX] [TARGET] vision state=OUTPUT enabled=1 dcx=0 dcy=0 stable=0
[16:51:00.861] [JETSON-TX] VISION dcx=0 dcy=0: FF 05 03 00 00 00 00 08 FE
[16:51:00.907] [ARM-RX] [JETSON_RX] vision dcx=0 dcy=0
[16:51:00.907] [ARM-RX] [TARGET] vision state=OUTPUT enabled=1 dcx=0 dcy=0 stable=0
[16:51:01.062] [JETSON-TX] VISION dcx=0 dcy=0: FF 05 03 00 00 00 00 08 FE
[16:51:01.094] [ARM-RX] [JETSON_RX] vision dcx=0 dcy=0
[16:51:01.094] [ARM-RX] [TARGET] vision state=OUTPUT enabled=1 dcx=0 dcy=0 stable=0
[16:51:01.263] [JETSON-TX] VISION dcx=0 dcy=0: FF 05 03 00 00 00 00 08 FE
[16:51:01.280] [ARM-RX] [JETSON_RX] vision dcx=0 dcy=0
[16:51:01.280] [ARM-RX] [TARGET] vision state=OUTPUT enabled=1 dcx=0 dcy=0 stable=0
[16:51:01.464] [JETSON-TX] VISION dcx=0 dcy=0: FF 05 03 00 00 00 00 08 FE
[16:51:01.529] [ARM-RX] [JETSON_RX] vision dcx=0 dcy=0
[16:51:01.529] [ARM-RX] [TARGET] vision state=OUTPUT enabled=1 dcx=0 dcy=0 stable=0
[16:51:01.665] [JETSON-TX] VISION dcx=0 dcy=0: FF 05 03 00 00 00 00 08 FE
[16:51:01.717] [ARM-RX] [JETSON_RX] vision dcx=0 dcy=0
[16:51:01.717] [ARM-RX] [TARGET] vision state=OUTPUT enabled=1 dcx=0 dcy=0 stable=0
[16:51:01.866] [JETSON-TX] VISION dcx=0 dcy=0: FF 05 03 00 00 00 00 08 FE
[16:51:01.905] [ARM-RX] [JETSON_RX] vision dcx=0 dcy=0
[16:51:01.905] [ARM-RX] [TARGET] vision state=OUTPUT enabled=1 dcx=0 dcy=0 stable=0
[16:51:02.066] [JETSON-TX] VISION dcx=0 dcy=0: FF 05 03 00 00 00 00 08 FE
[16:51:02.095] [ARM-RX] [JETSON_RX] vision dcx=0 dcy=0
[16:51:02.095] [ARM-RX] [TARGET] vision state=OUTPUT enabled=1 dcx=0 dcy=0 stable=0
[16:51:02.267] [JETSON-TX] VISION dcx=0 dcy=0: FF 05 03 00 00 00 00 08 FE
[16:51:02.280] [ARM-RX] [JETSON_RX] vision dcx=0 dcy=0
[16:51:02.280] [ARM-RX] [TARGET] vision state=OUTPUT enabled=1 dcx=0 dcy=0 stable=0
[16:51:02.468] [JETSON-TX] VISION dcx=0 dcy=0: FF 05 03 00 00 00 00 08 FE
[16:51:02.528] [ARM-RX] [JETSON_RX] vision dcx=0 dcy=0
[16:51:02.528] [ARM-RX] [TARGET] vision state=OUTPUT enabled=1 dcx=0 dcy=0 stable=0
[16:51:02.669] [JETSON-TX] VISION dcx=0 dcy=0: FF 05 03 00 00 00 00 08 FE
[16:51:02.718] [ARM-RX] [JETSON_RX] vision dcx=0 dcy=0
[16:51:02.718] [ARM-RX] [TARGET] vision state=OUTPUT enabled=1 dcx=0 dcy=0 stable=0
[16:51:03.248] [JETSON-RX] CC 03 00 DD
[16:51:03.248] [JETSON-STATUS] OUTPUT_OFF: CC 03 00 DD
[16:51:03.249] [JETSON-INFO] 已停止周期视觉发送
[16:51:03.249] [JETSON-TX] TARGET_CTRL_STOP: AA 01 00 BB
[16:51:03.249] [DEMO-INFO] 检测到 OUTPUT_OFF，演示流程结束。
[16:51:03.279] [ARM-RX] [JETSON_RX] target_ctrl=0
[16:51:03.279] [ARM-RX] ROBOT_SOFT_RESET_EVENT
[16:51:03.279] [ARM-RX] --- Starting soft reset ---
[16:51:03.310] [JETSON-RX] CC 04 00 DD
[16:51:03.310] [JETSON-STATUS] TARGET_CTRL_OFF: CC 04 00 DD
[16:51:03.528] [ARM-RX] Soft reset motors enabled (J1~J5, J6 skipped).
[16:51:03.528] [ARM-RX] Soft resetting joint 4...
[16:51:03.528] [ARM-RX] robot_update_current_angle 4...
[16:51:03.528] [ARM-RX] [4] current:89.79, target:90.00, dir:1
[16:51:03.653] [ARM-RX] Soft resetting joint 3...
[16:51:03.653] [ARM-RX] robot_update_current_angle 3...
[16:51:03.653] [ARM-RX] [3] current:-3.82, target:0.00, dir:1
[16:51:04.401] [ARM-RX] Soft resetting joint 1...
[16:51:04.401] [ARM-RX] robot_update_current_angle 1...
[16:51:04.401] [ARM-RX] [1] current:107.01, target:90.00, dir:-1
[16:51:06.148] [ARM-RX] soft reset joint 1 settle timeout, keep going
[16:51:06.149] [ARM-RX] Soft resetting joint 2...
[16:51:06.149] [ARM-RX] robot_update_current_angle 2...
[16:51:06.149] [ARM-RX] [2] current:-72.43, target:-90.00, dir:-1
[16:51:07.775] [ARM-RX] soft reset joint 2 settle timeout, keep going
[16:51:07.776] [ARM-RX] Soft resetting joint 0...
[16:51:07.776] [ARM-RX] robot_update_current_angle 0...
[16:51:07.777] [ARM-RX] [0] current:93.63, target:90.00, dir:-1
[16:51:08.585] [ARM-RX] soft reset final verify PASS (issues:2), pose set HOME.
[16:53:41.747] [ARM-RX] BSP_UART_Init Success!!!
[16:53:41.747] [ARM-RX] BSP_CAN_Init Success!!!
[16:53:41.747] [ARM-RX] robot control task runing!!!
[16:53:41.749] [ARM-RX] robot cmd service task ready and running!
[16:57:17.135] [ARM-RX] BSP_UART_Init Success!!!
[16:57:17.135] [ARM-RX] BSP_CAN_Init Success!!!
[16:57:17.136] [ARM-RX] robot control task runing!!!
[16:57:17.137] [ARM-RX] robot cmd service task ready and running!
[17:09:31.607] [JETSON-TX] TARGET_CTRL_STOP: AA 01 00 BB
[17:09:31.674] [JETSON-RX] CC 04 00 DD
[17:09:31.674] [JETSON-STATUS] TARGET_CTRL_OFF: CC 04 00 DD
[17:09:31.768] [ARM-RX] [JETSON_RX] target_ctrl=0
[17:09:31.768] [ARM-RX] ROBOT_SOFT_RESET_EVENT
[17:09:31.768] [ARM-RX] --- Starting soft reset ---
[17:09:31.830] [ARM-RX] Soft reset motors enabled (J1~J5, J6 skipped).
[17:09:31.830] [ARM-RX] Soft resetting joint 4...
[17:09:31.893] [ARM-RX] robot_update_current_angle 4...
[17:09:31.893] [ARM-RX] [4] current:90.00, target:90.00, dir:-1
[17:09:32.018] [ARM-RX] Soft resetting joint 3...
[17:09:32.018] [ARM-RX] robot_update_current_angle 3...
[17:09:32.018] [ARM-RX] [3] current:0.00, target:0.00, dir:-1
[17:09:32.143] [ARM-RX] Soft resetting joint 1...
[17:09:32.206] [ARM-RX] robot_update_current_angle 1...
[17:09:32.206] [ARM-RX] [1] current:90.00, target:90.00, dir:-1
[17:09:32.331] [ARM-RX] Soft resetting joint 2...
[17:09:32.331] [ARM-RX] robot_update_current_angle 2...
[17:09:32.331] [ARM-RX] [2] current:-90.00, target:-90.00, dir:1
[17:09:32.456] [ARM-RX] Soft resetting joint 0...
[17:09:32.456] [ARM-RX] robot_update_current_angle 0...
[17:09:32.457] [ARM-RX] [0] current:90.00, target:90.00, dir:-1
[17:09:32.705] [ARM-RX] soft reset final verify PASS (issues:0), pose set HOME.
[17:09:34.108] [DEMO-INFO] 演示配置已保存
[17:09:34.108] [DEMO-INFO] 一键定靶演示开始
[17:09:34.108] [JETSON-TX] TARGET_CTRL_START: AA 01 01 BB
[17:09:34.176] [JETSON-RX] CC 04 01 DD
[17:09:34.176] [JETSON-STATUS] TARGET_CTRL_ON: CC 04 01 DD
[17:09:34.189] [ARM-RX] [JETSON_RX] target_ctrl=1
[17:09:34.189] [ARM-RX] ROBOT_AUTO_EVENT
[17:09:34.189] [ARM-RX] [0] <0.00 0.00 0.00> result: 90.00 90.00 -90.00 0.00 90.00 0.00
[17:09:34.189] [ARM-RX] [1] <0.00 -0.00 -0.00> result: 90.00 90.00 -90.00 0.00 90.00 0.00
[17:09:34.189] [ARM-RX] [2] <0.00 -0.00 -0.00> result: 90.00 90.00 -90.00 0.00 90.00 0.00
[17:09:34.191] [ARM-RX] [3] <0.00 -0.
[17:09:34.191] [ARM-RX] 01 -0.00> result: 90.00 90.00 -90.00 0.00 90.00 0.00
[17:09:34.191] [ARM-RX] [4] <0.00 -0.02 -0.00> result: 90.00 90.01 -90.00 0.00 90.00 0.00
[17:09:34.192] [ARM-RX] [5] <0.00 -0.03 -0.00> result: 90.00 90.01 -89.99 0.00 90.00 0.00
[17:09:34.192] [ARM-RX] [6] <0.00 -0.05 -0.00> result: 90.00 90.02 -89.99 0.00 90.00 0.00
[17:09:34.192] [ARM-RX] [
[17:09:34.194] [ARM-RX] 7] <0.00 -0.07 -0.00> result: 90.00 90.02 -89.98 0.00 90.00 0.00
[17:09:34.195] [ARM-RX] [8] <0.00 -0.11 -0.00> result: 90.00 90.03 -89.97 0.00 90.00 0.00
[17:09:34.196] [ARM-RX] [9] <0.00 -0.15 -0.00> result: 90.00 90.05 -89.96 0.00 90.00 0.00
[17:09:34.196] [ARM-RX] [10] <0.00 -0.20 -0.01> result: 90.00 90.06 -89.94 0.00
[17:09:34.219] [ARM-RX] 90.01 0.00
[17:09:34.219] [ARM-RX] [11] <0.00 -0.27 -0.01> result: 90.00 90.08 -89.92 0.00 90.01 0.00
[17:09:34.220] [ARM-RX] [12] <0.00 -0.34 -0.01> result: 90.00 90.11 -89.90 0.00 90.01 0.00
[17:09:34.220] [ARM-RX] [13] <0.00 -0.43 -0.01> result: 90.00 90.14 -89.88 0.00 90.01 0.00
[17:09:34.220] [ARM-RX] [14] <0.00 -0.54 -0.01> result: 90.00 90
[17:09:34.239] [ARM-RX] .17 -89.85 0.00 90.02 0.00
[17:09:34.245] [ARM-RX] [15] <0.00 -0.65 -0.02> result: 90.00 90.20 -89.81 0.00 90.02 0.00
[17:09:34.245] [ARM-RX] [16] <0.00 -0.79 -0.02> result: 90.00 90.25 -89.78 0.00 90.02 0.00
[17:09:34.246] [ARM-RX] [17] <0.00 -0.94 -0.02> result: 90.00 90.29 -89.73 0.00 90.03 0.00
[17:09:34.246] [ARM-RX] [18] <0.00 -1.10 -0.03>
[17:09:34.279] [ARM-RX] result: 90.00 90.34 -89.69 0.00 90.03 0.00
[17:09:34.279] [ARM-RX] [19] <0.00 -1.29 -0.03> result: 90.00 90.40 -89.63 0.00 90.03 0.00
[17:09:34.279] [ARM-RX] [20] <0.00 -1.49 -0.04> result: 90.00 90.46 -89.57 0.00 90.04 0.00
[17:09:34.279] [ARM-RX] [21] <0.00 -1.72 -0.04> result: 90.00 90.53 -89.51 0.00 90.04 0.00
[17:09:34.281] [ARM-RX] [22] <0.
[17:09:34.285] [ARM-RX] 00 -1.97 -0.05> result: 90.00 90.61 -89.44 0.00 90.05 0.00
[17:09:34.286] [ARM-RX] [23] <0.00 -2.23 -0.06> result: 90.00 90.69 -89.36 0.00 90.05 0.00
[17:09:34.286] [ARM-RX] [24] <0.00 -2.52 -0.06> result: 90.00 90.77 -89.28 0.00 90.05 0.00
[17:09:34.286] [ARM-RX] [25] <0.00 -2.84 -0.07> result: 90.00 90.87 -89.19 0.00 90.0
[17:09:34.322] [ARM-RX] 6 0.00
[17:09:34.322] [ARM-RX] [26] <0.00 -3.17 -0.08> result: 90.00 90.97 -89.10 0.00 90.06 0.00
[17:09:34.322] [ARM-RX] [27] <0.00 -3.53 -0.09> result: 90.00 91.07 -88.99 0.00 90.06 0.00
[17:09:34.322] [ARM-RX] [28] <0.00 -3.92 -0.10> result: 90.00 91.18 -88.88 0.00 90.07 0.00
[17:09:34.322] [ARM-RX] [29] <0.00 -4.33 -0.11> result: 90.00 91.30
[17:09:34.342] [ARM-RX] -88.76 0.00 90.07 0.00
[17:09:34.342] [ARM-RX] [30] <0.00 -4.77 -0.12> result: 90.00 91.43 -88.64 0.00 90.07 0.00
[17:09:34.342] [ARM-RX] [31] <0.00 -5.23 -0.13> result: 90.00 91.56 -88.51 0.00 90.07 0.00
[17:09:34.342] [ARM-RX] [32] <0.00 -5.72 -0.14> result: 90.00 91.70 -88.37 0.00 90.07 0.00
[17:09:34.343] [ARM-RX] [33] <0.00 -6.24 -0.16> resu
[17:09:34.365] [ARM-RX] lt: 90.00 91.85 -88.22 0.00 90.06 0.00
[17:09:34.366] [ARM-RX] [34] <0.00 -6.79 -0.17> result: 90.00 92.00 -88.06 0.00 90.06 0.00
[17:09:34.366] [ARM-RX] [35] <0.00 -7.36 -0.18> result: 90.00 92.16 -87.89 0.00 90.05 0.00
[17:09:34.366] [ARM-RX] [36] <0.00 -7.96 -0.20> result: 90.00 92.32 -87.72 0.00 90.04 0.00
[17:09:34.366] [ARM-RX] [37] <0.00 -
[17:09:34.388] [ARM-RX] 8.60 -0.21> result: 90.00 92.49 -87.54 0.00 90.03 0.00
[17:09:34.388] [ARM-RX] [38] <0.00 -9.26 -0.23> result: 90.00 92.67 -87.35 0.00 90.02 0.00
[17:09:34.388] [ARM-RX] [39] <0.00 -9.95 -0.25> result: 90.00 92.85 -87.15 0.00 90.00 0.00
[17:09:34.388] [ARM-RX] [40] <0.00 -10.67 -0.27> result: 90.00 93.04 -86.94 0.00 89.98 0
[17:09:34.432] [ARM-RX] .00
[17:09:34.432] [ARM-RX] [41] <0.00 -11.42 -0.29> result: 90.00 93.24 -86.72 0.00 89.96 0.00
[17:09:34.432] [ARM-RX] [42] <0.00 -12.20 -0.30> result: 90.00 93.44 -86.50 0.00 89.93 0.00
[17:09:34.433] [ARM-RX] [43] <0.00 -13.01 -0.33> result: 90.00 93.64 -86.26 0.00 89.91 0.00
[17:09:34.433] [ARM-RX] [44] <0.00 -13.85 -0.35> result: 90.00 93.85
[17:09:34.434] [ARM-RX] -86.02 0.00 89.87 0.00
[17:09:34.434] [ARM-RX] [45] <0.00 -14.72 -0.37> result: 90.00 94.07 -85.77 0.00 89.84 0.00
[17:09:34.434] [ARM-RX] [46] <0.00 -15.62 -0.39> result: 90.00 94.29 -85.51 0.00 89.80 0.00
[17:09:34.434] [ARM-RX] [47] <0.00 -16.55 -0.41> result: 90.00 94.52 -85.24 0.00 89.75 0.00
[17:09:34.435] [ARM-RX] [48] <0.00 -17.51 -0.44>
[17:09:34.485] [ARM-RX] result: 90.00 94.75 -84.96 0.00 89.70 0.00
[17:09:34.485] [ARM-RX] [49] <0.00 -18.49 -0.46> result: 90.00 94.98 -84.67 0.00 89.65 0.00
[17:09:34.486] [ARM-RX] [50] <0.00 -19.51 -0.49> result: 90.00 95.22 -84.37 0.00 89.59 0.00
[17:09:34.486] [ARM-RX] [51] <0.00 -20.56 -0.51> result: 90.00 95.47 -84.06 0.00 89.53 0.00
[17:09:34.486] [ARM-RX] [52]
[17:09:34.486] [ARM-RX] <0.00 -21.64 -0.54> result: 90.00 95.71 -83.75 0.00 89.46 0.00
[17:09:34.488] [ARM-RX] [53] <0.00 -22.74 -0.57> result: 90.00 95.97 -83.43 0.00 89.39 0.00
[17:09:34.488] [ARM-RX] [54] <0.00 -23.88 -0.60> result: 90.00 96.22 -83.09 0.00 89.32 0.00
[17:09:34.488] [ARM-RX] [55] <0.00 -25.04 -0.63> result: 90.00 96.48 -82.75 0
[17:09:34.514] [ARM-RX] .00 89.23 0.00
[17:09:34.514] [ARM-RX] [56] <0.00 -26.23 -0.66> result: 90.00 96.74 -82.40 0.00 89.15 0.00
[17:09:34.514] [ARM-RX] [57] <0.00 -27.44 -0.69> result: 90.00 97.01 -82.05 0.00 89.06 0.00
[17:09:34.515] [ARM-RX] [58] <0.00 -28.68 -0.72> result: 90.00 97.28 -81.68 0.00 88.96 0.00
[17:09:34.515] [ARM-RX] [59] <0.00 -29.95 -0.75> result:
[17:09:34.537] [ARM-RX] 90.00 97.55 -81.31 0.00 88.86 0.00
[17:09:34.538] [ARM-RX] [60] <0.00 -31.25 -0.78> result: 90.00 97.83 -80.92 0.00 88.75 0.00
[17:09:34.538] [ARM-RX] [61] <0.00 -32.57 -0.81> result: 90.00 98.10 -80.53 0.00 88.64 0.00
[17:09:34.538] [ARM-RX] [62] <0.00 -33.91 -0.85> result: 90.00 98.39 -80.14 0.00 88.52 0.00
[17:09:34.538] [ARM-RX] [63] <0.00 -3
[17:09:34.560] [ARM-RX] 5.28 -0.88> result: 90.00 98.67 -79.73 0.00 88.40 0.00
[17:09:34.561] [ARM-RX] [64] <0.00 -36.67 -0.92> result: 90.00 98.95 -79.32 0.00 88.27 0.00
[17:09:34.561] [ARM-RX] [65] <0.00 -38.08 -0.95> result: 90.00 99.24 -78.90 0.00 88.14 0.00
[17:09:34.561] [ARM-RX] [66] <0.00 -39.51 -0.99> result: 90.00 99.53 -78.47 0.00 88.00
[17:09:34.604] [ARM-RX] 0.00
[17:09:34.604] [ARM-RX] [67] <0.00 -40.97 -1.02> result: 90.00 99.82 -78.04 0.00 87.86 0.00
[17:09:34.605] [ARM-RX] [68] <0.00 -42.44 -1.06> result: 90.00 100.11 -77.60 0.00 87.71 0.00
[17:09:34.605] [ARM-RX] [69] <0.00 -43.94 -1.10> result: 90.00 100.41 -77.15 0.00 87.56 0.00
[17:09:34.605] [ARM-RX] [70] <0.00 -45.45 -1.14> result: 90.00 1
[17:09:34.606] [ARM-RX] 00.70 -76.70 0.00 87.41 0.00
[17:09:34.606] [ARM-RX] [71] <0.00 -46.98 -1.17> result: 90.00 101.00 -76.24 0.00 87.25 0.00
[17:09:34.607] [ARM-RX] [72] <0.00 -48.53 -1.21> result: 90.00 101.30 -75.78 0.00 87.08 0.00
[17:09:34.607] [ARM-RX] [73] <0.00 -50.09 -1.25> result: 90.00 101.60 -75.31 0.00 86.91 0.00
[17:09:34.607] [ARM-RX] [74] <0.00 -51.6
[17:09:34.629] [ARM-RX] 7 -1.29> result: 90.00 101.90 -74.84 0.00 86.74 0.00
[17:09:34.629] [ARM-RX] [75] <0.00 -53.26 -1.33> result: 90.00 102.20 -74.36 0.00 86.56 0.00
[17:09:34.629] [ARM-RX] [76] <0.00 -54.86 -1.37> result: 90.00 102.51 -73.87 0.00 86.38 0.00
[17:09:34.631] [ARM-RX] [77] <0.00 -56.48 -1.41> result: 90.00 102.81 -73.39 0.00 86.2
[17:09:34.654] [ARM-RX] 0 0.00
[17:09:34.654] [ARM-RX] [78] <0.00 -58.11 -1.45> result: 90.00 103.11 -72.89 0.00 86.01 0.00
[17:09:34.654] [ARM-RX] [79] <0.00 -59.75 -1.49> result: 90.00 103.42 -72.40 0.00 85.82 0.00
[17:09:34.657] [ARM-RX] [80] <0.00 -60.00 -1.50> result: 90.00 103.47 -72.32 0.00 85.79 0.00
[17:09:34.657] [ARM-RX] [81] <0.00 -60.00 -1.50> result: 90.00
[17:09:34.687] [ARM-RX] 103.47 -72.32 0.00 85.79 0.00
[17:09:34.687] [ARM-RX] [82] <0.00 -60.00 -1.50> result: 90.00 103.47 -72.32 0.00 85.79 0.00
[17:09:34.687] [ARM-RX] [83] <0.00 -60.00 -1.50> result: 90.00 103.47 -72.32 0.00 85.79 0.00
[17:09:34.688] [ARM-RX] [84] <0.00 -60.00 -1.50> result: 90.00 103.47 -72.32 0.00 85.79 0.00
[17:09:34.688] [ARM-RX] [85] <0.00 -60
[17:09:34.712] [ARM-RX] .00 -1.50> result: 90.00 103.47 -72.32 0.00 85.79 0.00
[17:09:34.712] [ARM-RX] [86] <0.00 -60.00 -1.50> result: 90.00 103.47 -72.32 0.00 85.79 0.00
[17:09:34.712] [ARM-RX] [87] <0.00 -60.00 -1.50> result: 90.00 103.47 -72.32 0.00 85.79 0.00
[17:09:34.712] [ARM-RX] [88] <0.00 -60.00 -1.50> result: 90.00 103.47 -72.32 0.00 85
[17:09:34.732] [ARM-RX] .79 0.00
[17:09:34.733] [ARM-RX] [89] <0.00 -60.00 -1.50> result: 90.00 103.47 -72.32 0.00 85.79 0.00
[17:09:34.733] [ARM-RX] [90] <0.00 -60.00 -1.50> result: 90.00 103.47 -72.32 0.00 85.79 0.00
[17:09:34.733] [ARM-RX] [91] <0.00 -60.00 -1.50> result: 90.00 103.47 -72.32 0.00 85.79 0.00
[17:09:34.733] [ARM-RX] [92] <0.00 -60.00 -1.50> result: 90.
[17:09:34.784] [ARM-RX] 00 103.47 -72.32 0.00 85.79 0.00
[17:09:34.784] [ARM-RX] [93] <0.00 -60.00 -1.50> result: 90.00 103.47 -72.32 0.00 85.79 0.00
[17:09:34.784] [ARM-RX] [94] <0.00 -60.00 -1.50> result: 90.00 103.47 -72.32 0.00 85.79 0.00
[17:09:34.784] [ARM-RX] [95] <0.00 -60.00 -1.50> result: 90.00 103.47 -72.32 0.00 85.79 0.00
[17:09:34.785] [ARM-RX] [96] <0.00 -
[17:09:34.785] [ARM-RX] 60.00 -1.50> result: 90.00 103.47 -72.32 0.00 85.79 0.00
[17:09:34.785] [ARM-RX] [97] <0.00 -60.00 -1.50> result: 90.00 103.47 -72.32 0.00 85.79 0.00
[17:09:34.785] [ARM-RX] [98] <0.00 -60.00 -1.50> result: 90.00 103.47 -72.32 0.00 85.79 0.00
[17:09:34.785] [ARM-RX] [99] <0.00 -60.00 -1.50> result: 90.00 103.47 -72.32 0.00
[17:09:34.806] [ARM-RX] 85.79 0.00
[17:09:34.806] [ARM-RX] [100] <0.00 -60.00 -1.50> result: 90.00 103.47 -72.32 0.00 85.79 0.00
[17:09:34.806] [ARM-RX] [101] <0.00 -60.00 -1.50> result: 90.00 103.47 -72.32 0.00 85.79 0.00
[17:09:34.806] [ARM-RX] [102] <0.00 -60.00 -1.50> result: 90.00 103.47 -72.32 0.00 85.79 0.00
[17:09:34.806] [ARM-RX] [103] <0.00 -60.00 -1.50> resul
[17:09:34.840] [ARM-RX] t: 90.00 103.47 -72.32 0.00 85.79 0.00
[17:09:34.840] [ARM-RX] [104] <0.00 -60.00 -1.50> result: 90.00 103.47 -72.32 0.00 85.79 0.00
[17:09:34.840] [ARM-RX] [105] <0.00 -60.00 -1.50> result: 90.00 103.47 -72.32 0.00 85.79 0.00
[17:09:34.840] [ARM-RX] [106] <0.00 -60.00 -1.50> result: 90.00 103.47 -72.32 0.00 85.79 0.00
[17:09:34.840] [ARM-RX] [10
[17:09:34.847] [ARM-RX] 7] <0.00 -60.00 -1.50> result: 90.00 103.47 -72.32 0.00 85.79 0.00
[17:09:34.848] [ARM-RX] [108] <0.00 -60.00 -1.50> result: 90.00 103.47 -72.32 0.00 85.79 0.00
[17:09:34.848] [ARM-RX] [109] <0.00 -60.00 -1.50> result: 90.00 103.47 -72.32 0.00 85.79 0.00
[17:09:34.848] [ARM-RX] [110] <0.00 -60.00 -1.50> result: 90.00 103.47
[17:09:34.901] [ARM-RX] -72.32 0.00 85.79 0.00
[17:09:34.901] [ARM-RX] [111] <0.00 -60.00 -1.50> result: 90.00 103.47 -72.32 0.00 85.79 0.00
[17:09:34.901] [ARM-RX] [112] <0.00 -60.00 -1.50> result: 90.00 103.47 -72.32 0.00 85.79 0.00
[17:09:34.901] [ARM-RX] [113] <0.00 -60.00 -1.50> result: 90.00 103.47 -72.32 0.00 85.79 0.00
[17:09:34.902] [ARM-RX] [114] <0.00 -60.00
[17:09:34.904] [ARM-RX] -1.50> result: 90.00 103.47 -72.32 0.00 85.79 0.00
[17:09:34.904] [ARM-RX] [115] <0.00 -60.00 -1.50> result: 90.00 103.47 -72.32 0.00 85.79 0.00
[17:09:34.904] [ARM-RX] [116] <0.00 -60.00 -1.50> result: 90.00 103.47 -72.32 0.00 85.79 0.00
[17:09:34.904] [ARM-RX] [117] <0.00 -60.00 -1.50> result: 90.00 103.47 -72.32 0.00 85
[17:09:34.952] [ARM-RX] .79 0.00
[17:09:34.953] [ARM-RX] [118] <0.00 -60.00 -1.50> result: 90.00 103.47 -72.32 0.00 85.79 0.00
[17:09:34.953] [ARM-RX] [119] <0.00 -60.00 -1.50> result: 90.00 103.47 -72.32 0.00 85.79 0.00
[17:09:34.953] [ARM-RX] [120] <0.00 -60.00 -1.50> result: 90.00 103.47 -72.32 0.00 85.79 0.00
[17:09:34.953] [ARM-RX] [121] <0.00 -60.00 -1.50> result:
[17:09:34.957] [ARM-RX] 90.00 103.47 -72.32 0.00 85.79 0.00
[17:09:34.957] [ARM-RX] [122] <0.00 -60.00 -1.50> result: 90.00 103.47 -72.32 0.00 85.79 0.00
[17:09:34.957] [ARM-RX] [123] <0.00 -60.00 -1.50> result: 90.00 103.47 -72.32 0.00 85.79 0.00
[17:09:34.957] [ARM-RX] [124] <0.00 -60.00 -1.50> result: 90.00 103.47 -72.32 0.00 85.79 0.00
[17:09:34.957] [ARM-RX] [125]
[17:09:34.973] [ARM-RX] <0.00 -60.00 -1.50> result: 90.00 103.47 -72.32 0.00 85.79 0.00
[17:09:34.973] [ARM-RX] [126] <0.00 -60.00 -1.50> result: 90.00 103.47 -72.32 0.00 85.79 0.00
[17:09:34.974] [ARM-RX] [127] <0.00 -60.00 -1.50> result: 90.00 103.47 -72.32 0.00 85.79 0.00
[17:09:34.974] [ARM-RX] [128] <0.00 -60.00 -1.50> result: 90.00 103.47 -
[17:09:35.012] [ARM-RX] 72.32 0.00 85.79 0.00
[17:09:35.012] [ARM-RX] [129] <0.00 -60.00 -1.50> result: 90.00 103.47 -72.32 0.00 85.79 0.00
[17:09:35.013] [ARM-RX] [130] <0.00 -60.00 -1.50> result: 90.00 103.47 -72.32 0.00 85.79 0.00
[17:09:35.013] [ARM-RX] [131] <0.00 -60.00 -1.50> result: 90.00 103.47 -72.32 0.00 85.79 0.00
[17:09:35.013] [ARM-RX] [132] <0.00 -60.00 -
[17:09:35.019] [ARM-RX] 1.50> result: 90.00 103.47 -72.32 0.00 85.79 0.00
[17:09:35.019] [ARM-RX] [133] <0.00 -60.00 -1.50> result: 90.00 103.47 -72.32 0.00 85.79 0.00
[17:09:35.020] [ARM-RX] [134] <0.00 -60.00 -1.50> result: 90.00 103.47 -72.32 0.00 85.79 0.00
[17:09:35.020] [ARM-RX] [135] <0.00 -60.00 -1.50> result: 90.00 103.47 -72.32 0.00 85.7
[17:09:35.070] [ARM-RX] 9 0.00
[17:09:35.070] [ARM-RX] [136] <0.00 -60.00 -1.50> result: 90.00 103.47 -72.32 0.00 85.79 0.00
[17:09:35.070] [ARM-RX] [137] <0.00 -60.00 -1.50> result: 90.00 103.47 -72.32 0.00 85.79 0.00
[17:09:35.071] [ARM-RX] [138] <0.00 -60.00 -1.50> result: 90.00 103.47 -72.32 0.00 85.79 0.00
[17:09:35.071] [ARM-RX] [139] <0.00 -60.00 -1.50> result: 9
[17:09:35.076] [ARM-RX] 0.00 103.47 -72.32 0.00 85.79 0.00
[17:09:35.076] [ARM-RX] [140] <0.00 -60.00 -1.50> result: 90.00 103.47 -72.32 0.00 85.79 0.00
[17:09:35.076] [ARM-RX] [141] <0.00 -60.00 -1.50> result: 90.00 103.47 -72.32 0.00 85.79 0.00
[17:09:35.076] [ARM-RX] [142] <0.00 -60.00 -1.50> result: 90.00 103.47 -72.32 0.00 85.79 0.00
[17:09:35.077] [ARM-RX] [143] <
[17:09:35.122] [ARM-RX] 0.00 -60.00 -1.50> result: 90.00 103.47 -72.32 0.00 85.79 0.00
[17:09:35.123] [ARM-RX] [144] <0.00 -60.00 -1.50> result: 90.00 103.47 -72.32 0.00 85.79 0.00
[17:09:35.123] [ARM-RX] [145] <0.00 -60.00 -1.50> result: 90.00 103.47 -72.32 0.00 85.79 0.00
[17:09:35.123] [ARM-RX] [146] <0.00 -60.00 -1.50> result: 90.00 103.47 -72
[17:09:35.125] [ARM-RX] .32 0.00 85.79 0.00
[17:09:35.126] [ARM-RX] [147] <0.00 -60.00 -1.50> result: 90.00 103.47 -72.32 0.00 85.79 0.00
[17:09:35.126] [ARM-RX] [148] <0.00 -60.00 -1.50> result: 90.00 103.47 -72.32 0.00 85.79 0.00
[17:09:35.126] [ARM-RX] [149] <0.00 -60.00 -1.50> result: 90.00 103.47 -72.32 0.00 85.79 0.00
[17:09:35.126] [ARM-RX] [150] <0.00 -60.00 -1.
[17:09:35.146] [ARM-RX] 50> result: 90.00 103.47 -72.32 0.00 85.79 0.00
[17:09:35.146] [ARM-RX] [151] <0.00 -60.00 -1.50> result: 90.00 103.47 -72.32 0.00 85.79 0.00
[17:09:35.146] [ARM-RX] [152] <0.00 -60.00 -1.50> result: 90.00 103.47 -72.32 0.00 85.79 0.00
[17:09:35.147] [ARM-RX] [153] <0.00 -60.00 -1.50> result: 90.00 103.47 -72.32 0.00 85.79
[17:09:35.186] [ARM-RX] 0.00
[17:09:35.186] [ARM-RX] [154] <0.00 -60.00 -1.50> result: 90.00 103.47 -72.32 0.00 85.79 0.00
[17:09:35.186] [ARM-RX] [155] <0.00 -60.00 -1.50> result: 90.00 103.47 -72.32 0.00 85.79 0.00
[17:09:35.186] [ARM-RX] [156] <0.00 -60.00 -1.50> result: 90.00 103.47 -72.32 0.00 85.79 0.00
[17:09:35.188] [ARM-RX] [157] <0.00 -60.00 -1.50> result: 90.
[17:09:35.193] [ARM-RX] 00 103.47 -72.32 0.00 85.79 0.00
[17:09:35.193] [ARM-RX] [158] <0.00 -60.00 -1.50> result: 90.00 103.47 -72.32 0.00 85.79 0.00
[17:09:35.193] [ARM-RX] [159] <0.00 -60.00 -1.50> result: 90.00 103.47 -72.32 0.00 85.79 0.00
[17:09:35.194] [ARM-RX] [160] <0.00 -60.00 -1.50> result: 90.00 103.47 -72.32 0.00 85.79 0.00
[17:09:35.194] [ARM-RX] [161] <0.
[17:09:35.213] [ARM-RX] 00 -60.00 -1.50> result: 90.00 103.47 -72.32 0.00 85.79 0.00
[17:09:35.213] [ARM-RX] [162] <0.00 -60.00 -1.50> result: 90.00 103.47 -72.32 0.00 85.79 0.00
[17:09:35.213] [ARM-RX] [163] <0.00 -60.00 -1.50> result: 90.00 103.47 -72.32 0.00 85.79 0.00
[17:09:35.214] [ARM-RX] [164] <0.00 -60.00 -1.50> result: 90.00 103.47 -72.3
[17:09:35.249] [ARM-RX] 2 0.00 85.79 0.00
[17:09:35.249] [ARM-RX] [165] <0.00 -60.00 -1.50> result: 90.00 103.47 -72.32 0.00 85.79 0.00
[17:09:35.249] [ARM-RX] [166] <0.00 -60.00 -1.50> result: 90.00 103.47 -72.32 0.00 85.79 0.00
[17:09:35.249] [ARM-RX] [167] <0.00 -60.00 -1.50> result: 90.00 103.47 -72.32 0.00 85.79 0.00
[17:09:35.250] [ARM-RX] [168] <0.00 -60.00 -1.50
[17:09:35.273] [ARM-RX] > result: 90.00 103.47 -72.32 0.00 85.79 0.00
[17:09:35.275] [ARM-RX] [169] <0.00 -60.00 -1.50> result: 90.00 103.47 -72.32 0.00 85.79 0.00
[17:09:35.275] [ARM-RX] [170] <0.00 -60.00 -1.50> result: 90.00 103.47 -72.32 0.00 85.79 0.00
[17:09:35.275] [ARM-RX] [171] <0.00 -60.00 -1.50> result: 90.00 103.47 -72.32 0.00 85.79 0.
[17:09:35.294] [ARM-RX] 00
[17:09:35.295] [ARM-RX] [172] <0.00 -60.00 -1.50> result: 90.00 103.47 -72.32 0.00 85.79 0.00
[17:09:35.295] [ARM-RX] [173] <0.00 -60.00 -1.50> result: 90.00 103.47 -72.32 0.00 85.79 0.00
[17:09:35.295] [ARM-RX] [174] <0.00 -60.00 -1.50> result: 90.00 103.47 -72.32 0.00 85.79 0.00
[17:09:35.295] [ARM-RX] [175] <0.00 -60.00 -1.50> result: 90.00
[17:09:35.352] [ARM-RX] 103.47 -72.32 0.00 85.79 0.00
[17:09:35.352] [ARM-RX] [176] <0.00 -60.00 -1.50> result: 90.00 103.47 -72.32 0.00 85.79 0.00
[17:09:37.224] [ARM-RX] [joint 1] ave_error:0.00
[17:09:37.224] [ARM-RX] [joint 2] ave_error:2.94
[17:09:37.224] [ARM-RX] [joint 3] ave_error:2.47
[17:09:37.224] [ARM-RX] [joint 4] ave_error:0.00
[17:09:37.224] [ARM-RX] [joint 5] ave_error:0.28
[17:09:37.225] [ARM-RX] robot pid run finished!!
[17:09:37.286] [JETSON-RX] CC 01 01 DD
[17:09:37.286] [JETSON-STATUS] READY: CC 01 01 DD
[17:09:37.288] [DEMO-INFO] 开始发送视觉序列: 30,-20:5;15,-10:5;8,-5:5;0,0:30
[17:09:37.288] [JETSON-TX] VISION dcx=30 dcy=-20: FF 05 03 1E 00 EC FF 11 FE
[17:09:37.332] [ARM-RX] [JETSON_RX] vision dcx=30 dcy=-20
[17:09:37.332] [ARM-RX] [TARGET] vision state=WAIT_DETECT enabled=1 dcx=30 dcy=-20 stable=0
[17:09:37.332] [ARM-RX] ROBOT_AUTO_EVENT
[17:09:37.332] [ARM-RX] [0] <0.00 -60.00 -1.50> result: 90.00 103.47 -72.32 0.00 85.79 0.00
[17:09:37.333] [ARM-RX] [1] <0.00 -60.00 -1.50> result: 90.00 103.47 -72.32 -0.00 85.79 0.
[17:09:37.355] [ARM-RX] 00
[17:09:37.355] [ARM-RX] [2] <0.01 -60.00 -1.51> result: 90.00 103.47 -72.32 -0.00 85.79 0.00
[17:09:37.355] [ARM-RX] [3] <0.02 -60.00 -1.52> result: 90.01 103.48 -72.32 -0.01 85.80 0.00
[17:09:37.355] [ARM-RX] [4] <0.05 -60.00 -1.55> result: 90.02 103.49 -72.32 -0.02 85.81 0.00
[17:09:37.355] [ARM-RX] [5] <0.08 -60.00 -1.58> result: 90.04 103.
[17:09:37.379] [ARM-RX] 51 -72.32 -0.04 85.83 0.00
[17:09:37.380] [ARM-RX] [6] <0.14 -60.00 -1.64> result: 90.07 103.54 -72.33 -0.07 85.86 0.00
[17:09:37.380] [ARM-RX] [7] <0.21 -60.00 -1.71> result: 90.11 103.57 -72.33 -0.11 85.90 0.00
[17:09:37.380] [ARM-RX] [8] <0.29 -60.00 -1.79> result: 90.16 103.62 -72.33 -0.16 85.95 0.00
[17:09:37.380] [ARM-RX] [9] <0.40 -60.00 -
[17:09:37.401] [ARM-RX] 1.90> result: 90.21 103.67 -72.34 -0.22 86.01 0.00
[17:09:37.401] [ARM-RX] [10] <0.53 -60.00 -2.03> result: 90.28 103.74 -72.34 -0.28 86.08 0.00
[17:09:37.401] [ARM-RX] [11] <0.68 -60.00 -2.18> result: 90.36 103.82 -72.35 -0.36 86.16 0.00
[17:09:37.402] [ARM-RX] [12] <0.86 -60.00 -2.36> result: 90.46 103.90 -72.35 -0.46 86.
[17:09:37.448] [ARM-RX] 26 0.00
[17:09:37.448] [ARM-RX] [13] <1.05 -60.00 -2.55> result: 90.56 104.00 -72.36 -0.56 86.36 0.00
[17:09:37.448] [ARM-RX] [14] <1.26 -60.00 -2.76> result: 90.67 104.11 -72.37 -0.67 86.48 0.00
[17:09:37.448] [ARM-RX] [15] <1.49 -60.00 -2.99> result: 90.79 104.23 -72.37 -0.79 86.60 0.00
[17:09:37.448] [ARM-RX] [16] <1.74 -60.00 -3.24> result: 9
[17:09:37.449] [ARM-RX] 0.92 104.36 -72.38 -0.93 86.74 0.00
[17:09:37.449] [ARM-RX] [17] <2.00 -60.00 -3.50> result: 91.06 104.49 -72.39 -1.06 86.88 0.00
[17:09:37.450] [ARM-RX] [18] <2.27 -60.00 -3.77> result: 91.21 104.63 -72.40 -1.21 87.03 0.00
[17:09:37.450] [ARM-RX] [19] <2.50 -60.00 -4.00> result: 91.33 104.75 -72.40 -1.33 87.15 0.00
[17:09:37.450] [ARM-RX] [20] <
[17:09:37.482] [ARM-RX] 2.50 -60.00 -4.00> result: 91.33 104.75 -72.40 -1.33 87.15 0.00
[17:09:37.483] [ARM-RX] [21] <2.50 -60.00 -4.00> result: 91.33 104.75 -72.40 -1.33 87.15 0.00
[17:09:37.483] [ARM-RX] [22] <2.50 -60.00 -4.00> result: 91.33 104.75 -72.40 -1.33 87.15 0.00
[17:09:37.483] [ARM-RX] [23] <2.50 -60.00 -4.00> result: 91.33 104.75 -72
[17:09:37.488] [JETSON-TX] VISION dcx=30 dcy=-20: FF 05 03 1E 00 EC FF 11 FE
[17:09:37.505] [ARM-RX] .40 -1.33 87.15 0.00
[17:09:37.505] [ARM-RX] [24] <2.50 -60.00 -4.00> result: 91.33 104.75 -72.40 -1.33 87.15 0.00
[17:09:37.506] [ARM-RX] [25] <2.50 -60.00 -4.00> result: 91.33 104.75 -72.40 -1.33 87.15 0.00
[17:09:37.506] [ARM-RX] [26] <2.50 -60.00 -4.00> result: 91.33 104.75 -72.40 -1.33 87.15 0.00
[17:09:37.506] [ARM-RX] [27] <2.50 -60.00 -4.
[17:09:37.527] [ARM-RX] 00> result: 91.33 104.75 -72.40 -1.33 87.15 0.00
[17:09:37.529] [ARM-RX] [28] <2.50 -60.00 -4.00> result: 91.33 104.75 -72.40 -1.33 87.15 0.00
[17:09:37.529] [ARM-RX] [29] <2.50 -60.00 -4.00> result: 91.33 104.75 -72.40 -1.33 87.15 0.00
[17:09:37.529] [ARM-RX] [30] <2.50 -60.00 -4.00> result: 91.33 104.75 -72.40 -1.33 87.15
[17:09:37.563] [ARM-RX] 0.00
[17:09:37.563] [ARM-RX] [31] <2.50 -60.00 -4.00> result: 91.33 104.75 -72.40 -1.33 87.15 0.00
[17:09:37.565] [ARM-RX] [32] <2.50 -60.00 -4.00> result: 91.33 104.75 -72.40 -1.33 87.15 0.00
[17:09:37.566] [ARM-RX] [33] <2.50 -60.00 -4.00> result: 91.33 104.75 -72.40 -1.33 87.15 0.00
[17:09:37.566] [ARM-RX] [34] <2.50 -60.00 -4.00> result: 91.
[17:09:37.576] [ARM-RX] 33 104.75 -72.40 -1.33 87.15 0.00
[17:09:37.576] [ARM-RX] [35] <2.50 -60.00 -4.00> result: 91.33 104.75 -72.40 -1.33 87.15 0.00
[17:09:37.577] [ARM-RX] [36] <2.50 -60.00 -4.00> result: 91.33 104.75 -72.40 -1.33 87.15 0.00
[17:09:37.577] [ARM-RX] [37] <2.50 -60.00 -4.00> result: 91.33 104.75 -72.40 -1.33 87.15 0.00
[17:09:37.577] [ARM-RX] [38] <2.
[17:09:37.598] [ARM-RX] 50 -60.00 -4.00> result: 91.33 104.75 -72.40 -1.33 87.15 0.00
[17:09:37.598] [ARM-RX] [39] <2.50 -60.00 -4.00> result: 91.33 104.75 -72.40 -1.33 87.15 0.00
[17:09:37.599] [ARM-RX] [40] <2.50 -60.00 -4.00> result: 91.33 104.75 -72.40 -1.33 87.15 0.00
[17:09:37.599] [ARM-RX] [41] <2.50 -60.00 -4.00> result: 91.33 104.75 -72.4
[17:09:37.661] [ARM-RX] 0 -1.33 87.15 0.00
[17:09:37.662] [ARM-RX] [42] <2.50 -60.00 -4.00> result: 91.33 104.75 -72.40 -1.33 87.15 0.00
[17:09:37.662] [ARM-RX] [43] <2.50 -60.00 -4.00> result: 91.33 104.75 -72.40 -1.33 87.15 0.00
[17:09:37.662] [ARM-RX] [TARGET] vision state=ALIGN enabled=1 dcx=30 dcy=-20 stable=0
[17:09:37.689] [JETSON-TX] VISION dcx=30 dcy=-20: FF 05 03 1E 00 EC FF 11 FE
[17:09:37.725] [ARM-RX] [JETSON_RX] vision dcx=30 dcy=-20
[17:09:37.725] [ARM-RX] [TARGET] vision state=ALIGN enabled=1 dcx=30 dcy=-20 stable=0
[17:09:37.890] [JETSON-TX] VISION dcx=30 dcy=-20: FF 05 03 1E 00 EC FF 11 FE
[17:09:37.912] [ARM-RX] [JETSON_RX] vision dcx=30 dcy=-20
[17:09:37.913] [ARM-RX] [TARGET] vision state=ALIGN enabled=1 dcx=30 dcy=-20 stable=0
[17:09:38.091] [JETSON-TX] VISION dcx=30 dcy=-20: FF 05 03 1E 00 EC FF 11 FE
[17:09:38.161] [ARM-RX] [JETSON_RX] vision dcx=30 dcy=-20
[17:09:38.161] [ARM-RX] [TARGET] vision state=ALIGN enabled=1 dcx=30 dcy=-20 stable=0
[17:09:38.161] [ARM-RX] [joint 1] ave_error:0.32
[17:09:38.161] [ARM-RX] [joint 2] ave_error:1.23
[17:09:38.161] [ARM-RX] [joint 3] ave_error:0.28
[17:09:38.162] [ARM-RX] [joint 4] ave_error:0.33
[17:09:38.162] [ARM-RX] [joint 5] ave_error:0.21
[17:09:38.162] [ARM-RX] robot pid run finished!!
[17:09:38.224] [ARM-RX] ROBOT_AUTO_EVENT
[17:09:38.224] [ARM-RX] [0] <2.50 -60.00 -4.00> result: 91.33 104.75 -72.40 -1.33 87.15 0.00
[17:09:38.224] [ARM-RX] [1] <2.50 -60.00 -4.00> result: 9
[17:09:38.250] [ARM-RX] 1.33 104.75 -72.40 -1.33 87.16 0.00
[17:09:38.250] [ARM-RX] [2] <2.51 -60.00 -4.01> result: 91.33 104.76 -72.40 -1.34 87.16 0.00
[17:09:38.250] [ARM-RX] [3] <2.52 -60.00 -4.02> result: 91.34 104.76 -72.40 -1.34 87.17 0.00
[17:09:38.250] [ARM-RX] [4] <2.55 -60.00 -4.05> result: 91.35 104.78 -72.40 -1.36 87.18 0.00
[17:09:38.251] [ARM-RX] [5] <2.58
[17:09:38.273] [ARM-RX] -60.00 -4.08> result: 91.37 104.79 -72.40 -1.38 87.20 0.00
[17:09:38.274] [ARM-RX] [6] <2.64 -60.00 -4.14> result: 91.40 104.82 -72.41 -1.40 87.23 0.00
[17:09:38.274] [ARM-RX] [7] <2.71 -60.00 -4.21> result: 91.44 104.86 -72.41 -1.44 87.27 0.00
[17:09:38.274] [ARM-RX] [8] <2.79 -60.00 -4.29> result: 91.49 104.90 -72.41 -1.
[17:09:38.292] [JETSON-TX] VISION dcx=15 dcy=-10: FF 05 03 0F 00 F6 FF 0C FE
[17:09:38.296] [ARM-RX] 49 87.31 0.00
[17:09:38.296] [ARM-RX] [9] <2.90 -60.00 -4.40> result: 91.55 104.96 -72.41 -1.55 87.37 0.00
[17:09:38.296] [ARM-RX] [10] <3.03 -60.00 -4.53> result: 91.61 105.03 -72.41 -1.62 87.44 0.00
[17:09:38.297] [ARM-RX] [11] <3.18 -60.00 -4.68> result: 91.69 105.11 -72.42 -1.70 87.53 0.00
[17:09:38.297] [ARM-RX] [12] <3.36 -60.00 -4.86> resu
[17:09:38.319] [ARM-RX] lt: 91.79 105.20 -72.42 -1.79 87.62 0.00
[17:09:38.319] [ARM-RX] [13] <3.55 -60.00 -5.05> result: 91.89 105.30 -72.43 -1.89 87.72 0.00
[17:09:38.319] [ARM-RX] [14] <3.76 -60.00 -5.26> result: 92.00 105.41 -72.43 -2.00 87.84 0.00
[17:09:38.319] [ARM-RX] [15] <3.99 -60.00 -5.49> result: 92.12 105.53 -72.43 -2.12 87.96 0.00
[17:09:38.319] [ARM-RX] [
[17:09:38.346] [ARM-RX] 16] <4.24 -60.00 -5.74> result: 92.25 105.66 -72.44 -2.26 88.10 0.00
[17:09:38.347] [ARM-RX] [17] <4.50 -60.00 -6.00> result: 92.39 105.79 -72.44 -2.39 88.24 0.00
[17:09:38.347] [ARM-RX] [18] <4.77 -60.00 -6.27> result: 92.54 105.94 -72.45 -2.54 88.38 0.00
[17:09:38.347] [ARM-RX] [19] <5.00 -60.00 -6.50> result: 92.66 106.0
[17:09:38.384] [ARM-RX] 6 -72.45 -2.66 88.51 0.00
[17:09:38.384] [ARM-RX] [20] <5.00 -60.00 -6.50> result: 92.66 106.06 -72.45 -2.66 88.51 0.00
[17:09:38.384] [ARM-RX] [21] <5.00 -60.00 -6.50> result: 92.66 106.06 -72.45 -2.66 88.51 0.00
[17:09:38.384] [ARM-RX] [22] <5.00 -60.00 -6.50> result: 92.66 106.06 -72.45 -2.66 88.51 0.00
[17:09:38.384] [ARM-RX] [23] <5.00 -60.0
[17:09:38.389] [ARM-RX] 0 -6.50> result: 92.66 106.06 -72.45 -2.66 88.51 0.00
[17:09:38.389] [ARM-RX] [24] <5.00 -60.00 -6.50> result: 92.66 106.06 -72.45 -2.66 88.51 0.00
[17:09:38.390] [ARM-RX] [25] <5.00 -60.00 -6.50> result: 92.66 106.06 -72.45 -2.66 88.51 0.00
[17:09:38.390] [ARM-RX] [26] <5.00 -60.00 -6.50> result: 92.66 106.06 -72.45 -2.66
[17:09:38.424] [ARM-RX] 88.51 0.00
[17:09:38.425] [ARM-RX] [27] <5.00 -60.00 -6.50> result: 92.66 106.06 -72.45 -2.66 88.51 0.00
[17:09:38.425] [ARM-RX] [28] <5.00 -60.00 -6.50> result: 92.66 106.06 -72.45 -2.66 88.51 0.00
[17:09:38.425] [ARM-RX] [29] <5.00 -60.00 -6.50> result: 92.66 106.06 -72.45 -2.66 88.51 0.00
[17:09:38.425] [ARM-RX] [30] <5.00 -60.00 -6.50> result
[17:09:38.448] [ARM-RX] : 92.66 106.06 -72.45 -2.66 88.51 0.00
[17:09:38.449] [ARM-RX] [31] <5.00 -60.00 -6.50> result: 92.66 106.06 -72.45 -2.66 88.51 0.00
[17:09:38.449] [ARM-RX] [32] <5.00 -60.00 -6.50> result: 92.66 106.06 -72.45 -2.66 88.51 0.00
[17:09:38.449] [ARM-RX] [33] <5.00 -60.00 -6.50> result: 92.66 106.06 -72.45 -2.66 88.51 0.00
[17:09:38.449] [ARM-RX] [34
[17:09:38.470] [ARM-RX] ] <5.00 -60.00 -6.50> result: 92.66 106.06 -72.45 -2.66 88.51 0.00
[17:09:38.471] [ARM-RX] [35] <5.00 -60.00 -6.50> result: 92.66 106.06 -72.45 -2.66 88.51 0.00
[17:09:38.471] [ARM-RX] [36] <5.00 -60.00 -6.50> result: 92.66 106.06 -72.45 -2.66 88.51 0.00
[17:09:38.471] [ARM-RX] [37] <5.00 -60.00 -6.50> result: 92.66 106.06
[17:09:38.493] [JETSON-TX] VISION dcx=15 dcy=-10: FF 05 03 0F 00 F6 FF 0C FE
[17:09:38.493] [ARM-RX] -72.45 -2.66 88.51 0.00
[17:09:38.493] [ARM-RX] [38] <5.00 -60.00 -6.50> result: 92.66 106.06 -72.45 -2.66 88.51 0.00
[17:09:38.493] [ARM-RX] [39] <5.00 -60.00 -6.50> result: 92.66 106.06 -72.45 -2.66 88.51 0.00
[17:09:38.493] [ARM-RX] [40] <5.00 -60.00 -6.50> result: 92.66 106.06 -72.45 -2.66 88.51 0.00
[17:09:38.494] [ARM-RX] [41] <5.00 -60.00
[17:09:38.529] [ARM-RX] -6.50> result: 92.66 106.06 -72.45 -2.66 88.51 0.00
[17:09:38.530] [ARM-RX] [42] <5.00 -60.00 -6.50> result: 92.66 106.06 -72.45 -2.66 88.51 0.00
[17:09:38.530] [ARM-RX] [43] <5.00 -60.00 -6.50> result: 92.66 106.06 -72.45 -2.66 88.51 0.00
[17:09:38.530] [ARM-RX] [TARGET] vision state=ALIGN enabled=1 dcx=15 dcy=-10 stable=0
[17:09:38.581] [ARM-RX] [JETSON_RX] vision dcx=15 dcy=-10
[17:09:38.581] [ARM-RX] [TARGET] vision state=ALIGN enabled=1 dcx=15 dcy=-10 stable=0
[17:09:38.694] [JETSON-TX] VISION dcx=15 dcy=-10: FF 05 03 0F 00 F6 FF 0C FE
[17:09:38.769] [ARM-RX] [JETSON_RX] vision dcx=15 dcy=-10
[17:09:38.770] [ARM-RX] [TARGET] vision state=ALIGN enabled=1 dcx=15 dcy=-10 stable=0
[17:09:38.894] [JETSON-TX] VISION dcx=15 dcy=-10: FF 05 03 0F 00 F6 FF 0C FE
[17:09:38.957] [ARM-RX] [JETSON_RX] vision dcx=15 dcy=-10
[17:09:38.957] [ARM-RX] [TARGET] vision state=ALIGN enabled=1 dcx=15 dcy=-10 stable=0
[17:09:39.082] [ARM-RX] [joint 1] ave_error:0.48
[17:09:39.082] [ARM-RX] [joint 2] ave_error:0.43
[17:09:39.082] [ARM-RX] [joint 3] ave_error:0.08
[17:09:39.082] [ARM-RX] [joint 4] ave_error:0.42
[17:09:39.083] [ARM-RX] [joint 5] ave_error:0.17
[17:09:39.083] [ARM-RX] robot pid run finished!!
[17:09:39.095] [JETSON-TX] VISION dcx=15 dcy=-10: FF 05 03 0F 00 F6 FF 0C FE
[17:09:39.133] [ARM-RX] [JETSON_RX] vision dcx=15 dcy=-10
[17:09:39.134] [ARM-RX] [TARGET] vision state=ALIGN enabled=1 dcx=15 dcy=-10 stable=0
[17:09:39.134] [ARM-RX] ROBOT_AUTO_EVENT
[17:09:39.134] [ARM-RX] [0] <5.00 -60.00 -6.50> result: 92.66 106.06 -72.45 -2.66 88.51 0.00
[17:09:39.134] [ARM-RX] [1] <5.00 -60.00 -6.50> result: 92.66 106.06 -72.45 -2.66 88.51 0.00
[17:09:39.134] [ARM-RX] [
[17:09:39.157] [ARM-RX] 2] <5.01 -60.00 -6.51> result: 92.67 106.07 -72.45 -2.67 88.52 0.00
[17:09:39.157] [ARM-RX] [3] <5.04 -60.00 -6.54> result: 92.68 106.08 -72.45 -2.68 88.53 0.00
[17:09:39.158] [ARM-RX] [4] <5.08 -60.00 -6.58> result: 92.70 106.10 -72.45 -2.70 88.55 0.00
[17:09:39.158] [ARM-RX] [5] <5.14 -60.00 -6.64> result: 92.73 106.13 -7
[17:09:39.210] [ARM-RX] 2.45 -2.73 88.58 0.00
[17:09:39.210] [ARM-RX] [6] <5.22 -60.00 -6.72> result: 92.78 106.17 -72.45 -2.78 88.63 0.00
[17:09:39.210] [ARM-RX] [7] <5.32 -60.00 -6.82> result: 92.83 106.23 -72.45 -2.83 88.68 0.00
[17:09:39.211] [ARM-RX] [8] <5.44 -60.00 -6.94> result: 92.89 106.29 -72.45 -2.89 88.74 0.00
[17:09:39.211] [ARM-RX] [9] <5.58 -60.00 -7.08>
[17:09:39.212] [ARM-RX] result: 92.97 106.36 -72.45 -2.97 88.82 0.00
[17:09:39.212] [ARM-RX] [10] <5.73 -60.00 -7.23> result: 93.05 106.44 -72.45 -3.05 88.90 0.00
[17:09:39.212] [ARM-RX] [11] <5.80 -60.00 -7.30> result: 93.08 106.48 -72.46 -3.09 88.94 0.00
[17:09:39.213] [ARM-RX] [12] <5.80 -60.00 -7.30> result: 93.08 106.48 -72.46 -3.09 88.94 0.
[17:09:39.226] [ARM-RX] 00
[17:09:39.226] [ARM-RX] [13] <5.80 -60.00 -7.30> result: 93.08 106.48 -72.46 -3.09 88.94 0.00
[17:09:39.226] [ARM-RX] [14] <5.80 -60.00 -7.30> result: 93.08 106.48 -72.46 -3.09 88.94 0.00
[17:09:39.226] [ARM-RX] [15] <5.80 -60.00 -7.30> result: 93.08 106.48 -72.46 -3.09 88.94 0.00
[17:09:39.226] [ARM-RX] [16] <5.80 -60.00 -7.30> result: 93.08
[17:09:39.253] [ARM-RX] 106.48 -72.46 -3.09 88.94 0.00
[17:09:39.253] [ARM-RX] [17] <5.80 -60.00 -7.30> result: 93.08 106.48 -72.46 -3.09 88.94 0.00
[17:09:39.253] [ARM-RX] [18] <5.80 -60.00 -7.30> result: 93.08 106.48 -72.46 -3.09 88.94 0.00
[17:09:39.254] [ARM-RX] [19] <5.80 -60.00 -7.30> result: 93.08 106.48 -72.46 -3.09 88.94 0.00
[17:09:39.254] [ARM-RX] [20] <5.80
[17:09:39.287] [ARM-RX] -60.00 -7.30> result: 93.08 106.48 -72.46 -3.09 88.94 0.00
[17:09:39.287] [ARM-RX] [21] <5.80 -60.00 -7.30> result: 93.08 106.48 -72.46 -3.09 88.94 0.00
[17:09:39.288] [ARM-RX] [22] <5.80 -60.00 -7.30> result: 93.08 106.48 -72.46 -3.09 88.94 0.00
[17:09:39.288] [ARM-RX] [23] <5.80 -60.00 -7.30> result: 93.08 106.48 -72.46 -
[17:09:39.296] [JETSON-TX] VISION dcx=8 dcy=-5: FF 05 03 08 00 FB FF 0A FE
[17:09:39.347] [ARM-RX] 3.09 88.94 0.00
[17:09:39.347] [ARM-RX] [24] <5.80 -60.00 -7.30> result: 93.08 106.48 -72.46 -3.09 88.94 0.00
[17:09:39.347] [ARM-RX] [JETSON_RX] vision dcx=8 dcy=-5
[17:09:39.347] [ARM-RX] [TARGET] vision state=ALIGN enabled=1 dcx=8 dcy=-5 stable=0
[17:09:39.497] [JETSON-TX] VISION dcx=8 dcy=-5: FF 05 03 08 00 FB FF 0A FE
[17:09:39.533] [ARM-RX] [JETSON_RX] vision dcx=8 dcy=-5
[17:09:39.533] [ARM-RX] [TARGET] vision state=ALIGN enabled=1 dcx=8 dcy=-5 stable=0
[17:09:39.656] [ARM-RX] [joint 1] ave_error:0.41
[17:09:39.656] [ARM-RX] [joint 2] ave_error:0.42
[17:09:39.656] [ARM-RX] [joint 3] ave_error:0.04
[17:09:39.656] [ARM-RX] [joint 4] ave_error:0.27
[17:09:39.656] [ARM-RX] [joint 5] ave_error:0.05
[17:09:39.658] [ARM-RX] robot pid run finished!!
[17:09:39.698] [JETSON-TX] VISION dcx=8 dcy=-5: FF 05 03 08 00 FB FF 0A FE
[17:09:39.719] [ARM-RX] ROBOT_AUTO_EVENT
[17:09:39.719] [ARM-RX] [0] <5.80 -60.00 -7.30> result: 93.08 106.48 -72.46 -3.09 88.94 0.00
[17:09:39.719] [ARM-RX] [1] <5.80 -60.00 -7.30> result: 9
[17:09:39.727] [ARM-RX] 3.09 106.48 -72.46 -3.09 88.94 0.00
[17:09:39.727] [ARM-RX] [2] <5.81 -60.00 -7.31> result: 93.09 106.49 -72.46 -3.09 88.94 0.00
[17:09:39.727] [ARM-RX] [3] <5.84 -60.00 -7.34> result: 93.10 106.50 -72.46 -3.10 88.96 0.00
[17:09:39.727] [ARM-RX] [4] <5.88 -60.00 -7.38> result: 93.13 106.52 -72.46 -3.13 88.98 0.00
[17:09:39.728] [ARM-RX] [5] <5.94
[17:09:39.774] [ARM-RX] -60.00 -7.44> result: 93.16 106.55 -72.46 -3.16 89.01 0.00
[17:09:39.774] [ARM-RX] [6] <6.02 -60.00 -7.52> result: 93.20 106.60 -72.46 -3.20 89.05 0.00
[17:09:39.775] [ARM-RX] [7] <6.12 -60.00 -7.62> result: 93.25 106.65 -72.46 -3.25 89.11 0.00
[17:09:39.775] [ARM-RX] [8] <6.24 -60.00 -7.74> result: 93.32 106.71 -72.46 -3.
[17:09:39.775] [ARM-RX] 32 89.17 0.00
[17:09:39.776] [ARM-RX] [9] <6.38 -60.00 -7.88> result: 93.39 106.79 -72.46 -3.39 89.25 0.00
[17:09:39.776] [ARM-RX] [10] <6.53 -60.00 -8.03> result: 93.47 106.87 -72.46 -3.47 89.33 0.00
[17:09:39.776] [ARM-RX] [11] <6.60 -60.00 -8.10> result: 93.51 106.90 -72.46 -3.51 89.36 0.00
[17:09:39.776] [ARM-RX] [12] <6.60 -60.00 -8.10> resu
[17:09:39.795] [ARM-RX] lt: 93.51 106.90 -72.46 -3.51 89.36 0.00
[17:09:39.795] [ARM-RX] [13] <6.60 -60.00 -8.10> result: 93.51 106.90 -72.46 -3.51 89.36 0.00
[17:09:39.796] [ARM-RX] [14] <6.60 -60.00 -8.10> result: 93.51 106.90 -72.46 -3.51 89.36 0.00
[17:09:39.796] [ARM-RX] [15] <6.60 -60.00 -8.10> result: 93.51 106.90 -72.46 -3.51 89.36 0.00
[17:09:39.796] [ARM-RX] [
[17:09:39.830] [ARM-RX] 16] <6.60 -60.00 -8.10> result: 93.51 106.90 -72.46 -3.51 89.36 0.00
[17:09:39.831] [ARM-RX] [17] <6.60 -60.00 -8.10> result: 93.51 106.90 -72.46 -3.51 89.36 0.00
[17:09:39.831] [ARM-RX] [18] <6.60 -60.00 -8.10> result: 93.51 106.90 -72.46 -3.51 89.36 0.00
[17:09:39.831] [ARM-RX] [19] <6.60 -60.00 -8.10> result: 93.51 106.9
[17:09:39.841] [ARM-RX] 0 -72.46 -3.51 89.36 0.00
[17:09:39.841] [ARM-RX] [20] <6.60 -60.00 -8.10> result: 93.51 106.90 -72.46 -3.51 89.36 0.00
[17:09:39.842] [ARM-RX] [21] <6.60 -60.00 -8.10> result: 93.51 106.90 -72.46 -3.51 89.36 0.00
[17:09:39.842] [ARM-RX] [22] <6.60 -60.00 -8.10> result: 93.51 106.90 -72.46 -3.51 89.36 0.00
[17:09:39.842] [ARM-RX] [23] <6.60 -60.0
[17:09:39.899] [JETSON-TX] VISION dcx=8 dcy=-5: FF 05 03 08 00 FB FF 0A FE
[17:09:39.906] [ARM-RX] 0 -8.10> result: 93.51 106.90 -72.46 -3.51 89.36 0.00
[17:09:39.906] [ARM-RX] [24] <6.60 -60.00 -8.10> result: 93.51 106.90 -72.46 -3.51 89.36 0.00
[17:09:39.906] [ARM-RX] [JETSON_RX] vision dcx=8 dcy=-5
[17:09:39.906] [ARM-RX] [TARGET] vision state=ALIGN enabled=1 dcx=8 dcy=-5 stable=0
[17:09:39.969] [ARM-RX] [JETSON_RX] vision dcx=8 dcy=-5
[17:09:39.970] [ARM-RX] [TARGET] vision state=ALIGN enabled=1 dcx=8 dcy=-5 stable=0
[17:09:40.100] [JETSON-TX] VISION dcx=8 dcy=-5: FF 05 03 08 00 FB FF 0A FE
[17:09:40.156] [ARM-RX] [JETSON_RX] vision dcx=8 dcy=-5
[17:09:40.156] [ARM-RX] [TARGET] vision state=ALIGN enabled=1 dcx=8 dcy=-5 stable=0
[17:09:40.281] [ARM-RX] [joint 1] ave_error:0.40
[17:09:40.281] [ARM-RX] [joint 2] ave_error:0.45
[17:09:40.281] [ARM-RX] [joint 3] ave_error:0.03
[17:09:40.281] [ARM-RX] [joint 4] ave_error:0.23
[17:09:40.282] [ARM-RX] [joint 5] ave_error:0.05
[17:09:40.282] [ARM-RX] robot pid run finished!!
[17:09:40.291] [ARM-RX] ROBOT_AUTO_EVENT
[17:09:40.292] [ARM-RX] [0] <6.60 -60.00 -8.10> result: 93.51 106.90 -72.46 -3.51 89.36 0.00
[17:09:40.292] [ARM-RX] [1] <6.60 -60.00 -8.10> result: 93.51 106.91 -72.46 -3.51 89.37 0.00
[17:09:40.292] [ARM-RX] [2] <6.61 -60.00 -8.11> result: 93.52 106.91 -72.46 -3.52 89.37 0.00
[17:09:40.292] [ARM-RX] [3] <6.64 -60.00 -8.14> resul
[17:09:40.300] [JETSON-TX] VISION dcx=0 dcy=0: FF 05 03 00 00 00 00 08 FE
[17:09:40.334] [ARM-RX] t: 93.53 106.92 -72.46 -3.53 89.38 0.00
[17:09:40.334] [ARM-RX] [4] <6.68 -60.00 -8.18> result: 93.55 106.94 -72.46 -3.55 89.41 0.00
[17:09:40.334] [ARM-RX] [5] <6.74 -60.00 -8.24> result: 93.58 106.98 -72.46 -3.58 89.44 0.00
[17:09:40.334] [ARM-RX] [6] <6.82 -60.00 -8.32> result: 93.62 107.02 -72.46 -3.62 89.48 0.00
[17:09:40.334] [ARM-RX] [7] <
[17:09:40.337] [ARM-RX] 6.92 -60.00 -8.42> result: 93.68 107.07 -72.46 -3.68 89.53 0.00
[17:09:40.337] [ARM-RX] [8] <7.04 -60.00 -8.54> result: 93.74 107.14 -72.46 -3.74 89.60 0.00
[17:09:40.337] [ARM-RX] [9] <7.18 -60.00 -8.68> result: 93.82 107.21 -72.46 -3.82 89.67 0.00
[17:09:40.337] [ARM-RX] [10] <7.33 -60.00 -8.83> result: 93.90 107.29 -72.4
[17:09:40.360] [ARM-RX] 6 -3.90 89.75 0.00
[17:09:40.360] [ARM-RX] [11] <7.40 -60.00 -8.90> result: 93.93 107.33 -72.46 -3.93 89.79 0.00
[17:09:40.360] [ARM-RX] [12] <7.40 -60.00 -8.90> result: 93.93 107.33 -72.46 -3.93 89.79 0.00
[17:09:40.360] [ARM-RX] [13] <7.40 -60.00 -8.90> result: 93.93 107.33 -72.46 -3.93 89.79 0.00
[17:09:40.360] [ARM-RX] [14] <7.40 -60.00 -8.90
[17:09:40.382] [ARM-RX] > result: 93.93 107.33 -72.46 -3.93 89.79 0.00
[17:09:40.382] [ARM-RX] [15] <7.40 -60.00 -8.90> result: 93.93 107.33 -72.46 -3.93 89.79 0.00
[17:09:40.382] [ARM-RX] [16] <7.40 -60.00 -8.90> result: 93.93 107.33 -72.46 -3.93 89.79 0.00
[17:09:40.382] [ARM-RX] [17] <7.40 -60.00 -8.90> result: 93.93 107.33 -72.46 -3.93 89.79 0
[17:09:40.405] [ARM-RX] .00
[17:09:40.406] [ARM-RX] [18] <7.40 -60.00 -8.90> result: 93.93 107.33 -72.46 -3.93 89.79 0.00
[17:09:40.406] [ARM-RX] [19] <7.40 -60.00 -8.90> result: 93.93 107.33 -72.46 -3.93 89.79 0.00
[17:09:40.406] [ARM-RX] [20] <7.40 -60.00 -8.90> result: 93.93 107.33 -72.46 -3.93 89.79 0.00
[17:09:40.406] [ARM-RX] [21] <7.40 -60.00 -8.90> result: 93.93
[17:09:40.441] [ARM-RX] 107.33 -72.46 -3.93 89.79 0.00
[17:09:40.442] [ARM-RX] [22] <7.40 -60.00 -8.90> result: 93.93 107.33 -72.46 -3.93 89.79 0.00
[17:09:40.442] [ARM-RX] [23] <7.40 -60.00 -8.90> result: 93.93 107.33 -72.46 -3.93 89.79 0.00
[17:09:40.442] [ARM-RX] [24] <7.40 -60.00 -8.90> result: 93.93 107.33 -72.46 -3.93 89.79 0.00
[17:09:40.442] [ARM-RX] [JETSON_RX
[17:09:40.500] [ARM-RX] ] vision dcx=0 dcy=0
[17:09:40.500] [ARM-RX] [TARGET] vision state=ALIGN enabled=1 dcx=0 dcy=0 stable=0
[17:09:40.501] [JETSON-TX] VISION dcx=0 dcy=0: FF 05 03 00 00 00 00 08 FE
[17:09:40.564] [ARM-RX] [JETSON_RX] vision dcx=0 dcy=0
[17:09:40.564] [ARM-RX] [TARGET] vision state=ALIGN enabled=1 dcx=0 dcy=0 stable=1
[17:09:40.702] [JETSON-TX] VISION dcx=0 dcy=0: FF 05 03 00 00 00 00 08 FE
[17:09:40.750] [ARM-RX] [JETSON_RX] vision dcx=0 dcy=0
[17:09:40.750] [ARM-RX] [TARGET] vision state=ALIGN enabled=1 dcx=0 dcy=0 stable=2
[17:09:40.781] [JETSON-RX] CC 02 01 DD
[17:09:40.781] [JETSON-STATUS] ALIGN_DONE: CC 02 01 DD
[17:09:40.781] [DEMO-ACTION] 已对准：请按住 P000 KEY 允许激光输出。
[17:09:40.812] [ARM-RX] [joint 1] ave_error:0.40
[17:09:40.815] [ARM-RX] [joint 2] ave_error:0.46
[17:09:40.815] [ARM-RX] [joint 3] ave_error:0.03
[17:09:40.815] [ARM-RX] [joint 4] ave_error:0.20
[17:09:40.815] [ARM-RX] [joint 5] ave_error:0.06
[17:09:40.815] [ARM-RX] robot pid run finished!!
[17:09:40.903] [JETSON-TX] VISION dcx=0 dcy=0: FF 05 03 00 00 00 00 08 FE
[17:09:40.998] [ARM-RX] [JETSON_RX] vision dcx=0 dcy=0
[17:09:40.998] [ARM-RX] [TARGET] vision state=CONFIRM enabled=1 dcx=0 dcy=0 stable=0
[17:09:41.104] [JETSON-TX] VISION dcx=0 dcy=0: FF 05 03 00 00 00 00 08 FE
[17:09:41.124] [ARM-RX] [JETSON_RX] vision dcx=0 dcy=0
[17:09:41.124] [ARM-RX] [TARGET] vision state=CONFIRM enabled=1 dcx=0 dcy=0 stable=0
[17:09:41.305] [JETSON-TX] VISION dcx=0 dcy=0: FF 05 03 00 00 00 00 08 FE
[17:09:41.375] [ARM-RX] [JETSON_RX] vision dcx=0 dcy=0
[17:09:41.375] [ARM-RX] [TARGET] vision state=CONFIRM enabled=1 dcx=0 dcy=0 stable=0
[17:09:41.506] [JETSON-TX] VISION dcx=0 dcy=0: FF 05 03 00 00 00 00 08 FE
[17:09:41.560] [ARM-RX] [JETSON_RX] vision dcx=0 dcy=0
[17:09:41.561] [ARM-RX] [TARGET] vision state=CONFIRM enabled=1 dcx=0 dcy=0 stable=0
[17:09:41.576] [JETSON-RX] CC 03 01 DD
[17:09:41.576] [JETSON-STATUS] OUTPUT_ON: CC 03 01 DD
[17:09:41.576] [DEMO-ACTION] 激光已输出：需要关闭时松开 P000 KEY。
[17:09:41.706] [JETSON-TX] VISION dcx=0 dcy=0: FF 05 03 00 00 00 00 08 FE
[17:09:41.749] [ARM-RX] [JETSON_RX] vision dcx=0 dcy=0
[17:09:41.749] [ARM-RX] [TARGET] vision state=OUTPUT enabled=1 dcx=0 dcy=0 stable=0
[17:09:41.907] [JETSON-TX] VISION dcx=0 dcy=0: FF 05 03 00 00 00 00 08 FE
[17:09:41.936] [ARM-RX] [JETSON_RX] vision dcx=0 dcy=0
[17:09:41.937] [ARM-RX] [TARGET] vision state=OUTPUT enabled=1 dcx=0 dcy=0 stable=0
[17:09:42.108] [JETSON-TX] VISION dcx=0 dcy=0: FF 05 03 00 00 00 00 08 FE
[17:09:42.183] [ARM-RX] [JETSON_RX] vision dcx=0 dcy=0
[17:09:42.183] [ARM-RX] [TARGET] vision state=OUTPUT enabled=1 dcx=0 dcy=0 stable=0
[17:09:42.309] [JETSON-TX] VISION dcx=0 dcy=0: FF 05 03 00 00 00 00 08 FE
[17:09:42.370] [ARM-RX] [JETSON_RX] vision dcx=0 dcy=0
[17:09:42.370] [ARM-RX] [TARGET] vision state=OUTPUT enabled=1 dcx=0 dcy=0 stable=0
[17:09:42.510] [JETSON-TX] VISION dcx=0 dcy=0: FF 05 03 00 00 00 00 08 FE
[17:09:42.556] [ARM-RX] [JETSON_RX] vision dcx=0 dcy=0
[17:09:42.556] [ARM-RX] [TARGET] vision state=OUTPUT enabled=1 dcx=0 dcy=0 stable=0
[17:09:42.710] [JETSON-TX] VISION dcx=0 dcy=0: FF 05 03 00 00 00 00 08 FE
[17:09:42.742] [ARM-RX] [JETSON_RX] vision dcx=0 dcy=0
[17:09:42.742] [ARM-RX] [TARGET] vision state=OUTPUT enabled=1 dcx=0 dcy=0 stable=0
[17:09:42.911] [JETSON-TX] VISION dcx=0 dcy=0: FF 05 03 00 00 00 00 08 FE
[17:09:42.993] [ARM-RX] [JETSON_RX] vision dcx=0 dcy=0
[17:09:42.993] [ARM-RX] [TARGET] vision state=OUTPUT enabled=1 dcx=0 dcy=0 stable=0
[17:09:43.112] [JETSON-TX] VISION dcx=0 dcy=0: FF 05 03 00 00 00 00 08 FE
[17:09:43.178] [ARM-RX] [JETSON_RX] vision dcx=0 dcy=0
[17:09:43.178] [ARM-RX] [TARGET] vision state=OUTPUT enabled=1 dcx=0 dcy=0 stable=0
[17:09:43.312] [JETSON-TX] VISION dcx=0 dcy=0: FF 05 03 00 00 00 00 08 FE
[17:09:43.364] [ARM-RX] [JETSON_RX] vision dcx=0 dcy=0
[17:09:43.364] [ARM-RX] [TARGET] vision state=OUTPUT enabled=1 dcx=0 dcy=0 stable=0
[17:09:43.514] [JETSON-TX] VISION dcx=0 dcy=0: FF 05 03 00 00 00 00 08 FE
[17:09:43.552] [ARM-RX] [JETSON_RX] vision dcx=0 dcy=0
[17:09:43.552] [ARM-RX] [TARGET] vision state=OUTPUT enabled=1 dcx=0 dcy=0 stable=0
[17:09:43.714] [JETSON-TX] VISION dcx=0 dcy=0: FF 05 03 00 00 00 00 08 FE
[17:09:43.740] [ARM-RX] [JETSON_RX] vision dcx=0 dcy=0
[17:09:43.740] [ARM-RX] [TARGET] vision state=OUTPUT enabled=1 dcx=0 dcy=0 stable=0
[17:09:43.915] [JETSON-TX] VISION dcx=0 dcy=0: FF 05 03 00 00 00 00 08 FE
[17:09:43.989] [ARM-RX] [JETSON_RX] vision dcx=0 dcy=0
[17:09:43.989] [ARM-RX] [TARGET] vision state=OUTPUT enabled=1 dcx=0 dcy=0 stable=0
[17:09:44.116] [JETSON-TX] VISION dcx=0 dcy=0: FF 05 03 00 00 00 00 08 FE
[17:09:44.179] [ARM-RX] [JETSON_RX] vision dcx=0 dcy=0
[17:09:44.179] [ARM-RX] [TARGET] vision state=OUTPUT enabled=1 dcx=0 dcy=0 stable=0
[17:09:44.210] [JETSON-RX] CC 03 00 DD
[17:09:44.210] [JETSON-STATUS] OUTPUT_OFF: CC 03 00 DD
[17:09:44.210] [JETSON-INFO] 已停止周期视觉发送
[17:09:44.211] [JETSON-TX] TARGET_CTRL_STOP: AA 01 00 BB
[17:09:44.211] [DEMO-INFO] 检测到 OUTPUT_OFF，演示流程结束。
[17:09:44.241] [ARM-RX] [JETSON_RX] target_ctrl=0
[17:09:44.241] [ARM-RX] ROBOT_SOFT_RESET_EVENT
[17:09:44.241] [ARM-RX] --- Starting soft reset ---
[17:09:44.272] [JETSON-RX] CC 04 00 DD
[17:09:44.272] [JETSON-STATUS] TARGET_CTRL_OFF: CC 04 00 DD
[17:09:44.487] [ARM-RX] Soft reset motors enabled (J1~J5, J6 skipped).
[17:09:44.487] [ARM-RX] Soft resetting joint 4...
[17:09:44.487] [ARM-RX] robot_update_current_angle 4...
[17:09:44.488] [ARM-RX] [4] current:89.78, target:90.00, dir:1
[17:09:44.611] [ARM-RX] Soft resetting joint 3...
[17:09:44.674] [ARM-RX] robot_update_current_angle 3...
[17:09:44.674] [ARM-RX] [3] current:-3.82, target:0.00, dir:1
[17:09:45.362] [ARM-RX] Soft resetting joint 1...
[17:09:45.362] [ARM-RX] robot_update_current_angle 1...
[17:09:45.362] [ARM-RX] [1] current:107.01, target:90.00, dir:-1
[17:09:47.107] [ARM-RX] soft reset joint 1 settle timeout, keep going
[17:09:47.107] [ARM-RX] Soft resetting joint 2...
[17:09:47.107] [ARM-RX] robot_update_current_angle 2...
[17:09:47.108] [ARM-RX] [2] current:-72.43, target:-90.00, dir:-1
[17:09:48.727] [ARM-RX] soft reset joint 2 settle timeout, keep going
[17:09:48.728] [ARM-RX] Soft resetting joint 0...
[17:09:48.728] [ARM-RX] robot_update_current_angle 0...
[17:09:48.728] [ARM-RX] [0] current:93.61, target:90.00, dir:-1
[17:09:49.538] [ARM-RX] soft reset final verify PASS (issues:2), pose set HOME.
