[12:01:55.638] [APP-INFO] 已刷新串口: COM7, COM16, COM22, COM21, COM23
[12:01:55.639] [APP-INFO] log file: E:\Renesas\RA6M5-Robot\Robot_FreeRTOS - Arm\UpperComputer\dist\logs\ra6m5_upper_console_20260709_120155.log
[12:02:02.047] [ARM-INFO] opened COM7 @ 115200
[12:07:36.112] [JETSON-ERROR] could not open port 'COM7': PermissionError(13, '拒绝访问。', None, 5)
[12:07:39.812] [JETSON-INFO] opened COM23 @ 115200
[12:07:39.815] [JETSON-INFO] heartbeat started: 200 ms
[12:07:39.817] [JETSON-INFO] safe distance started: 120 mm, 200 ms
[12:07:46.130] [JETSON-INFO] heartbeat stopped
[12:07:46.130] [JETSON-INFO] safe distance stopped
[12:07:46.131] [JETSON-TX] TARGET_CTRL_STOP_NEW: A5 5A 01 02 41 01 00 49 FC
[12:07:46.179] [ARM-RX] [JETSON_RX] target_ctrl=0
[12:07:46.179] [ARM-RX] ROBOT_SOFT_RESET_EVENT
[12:07:46.179] [ARM-RX] --- Starting soft reset ---
[12:07:46.196] [JETSON-RX] A5 5A 01 81 41 03 04 00 00 68 5B
[12:07:46.196] [JETSON-STATUS] TARGET_CTRL_OFF: A5 5A 01 81 41 03 04 00 00 68 5B
[12:07:46.366] [ARM-RX] Soft reset motors enabled (J1~J5, J6 skipped).
[12:07:46.366] [ARM-RX] Soft resetting joint 4...
[12:07:46.430] [ARM-RX] robot_update_current_angle 4...
[12:07:46.431] [ARM-RX] [4] current:90.00, target:90.00, dir:-1
[12:07:46.554] [ARM-RX] Soft resetting joint 3...
[12:07:46.554] [ARM-RX] robot_update_current_angle 3...
[12:07:46.554] [ARM-RX] [3] current:-0.00, target:0.00, dir:1
[12:07:46.678] [ARM-RX] Soft resetting joint 1...
[12:07:46.678] [ARM-RX] robot_update_current_angle 1...
[12:07:46.679] [ARM-RX] [1] current:90.00, target:90.00, dir:-1
[12:07:46.802] [ARM-RX] Soft resetting joint 2...
[12:07:46.866] [ARM-RX] robot_update_current_angle 2...
[12:07:46.866] [ARM-RX] [2] current:-90.00, target:-90.00, dir:1
[12:07:46.992] [ARM-RX] Soft resetting joint 0...
[12:07:46.992] [ARM-RX] robot_update_current_angle 0...
[12:07:46.992] [ARM-RX] [0] current:90.00, target:90.00, dir:-1
[12:07:47.241] [ARM-RX] soft reset final verify PASS (issues:0), pose set HOME.
[12:07:47.809] [JETSON-INFO] 已停止周期视觉发送
[12:07:47.809] [JETSON-INFO] heartbeat stopped
[12:07:47.810] [JETSON-INFO] safe distance stopped
[12:07:47.810] [JETSON-TX] TARGET_CTRL_STOP_NEW: A5 5A 01 02 42 01 00 B9 FC
[12:07:47.812] [ARM-TX] 发送命令 laser_off: laser_off
[12:07:47.812] [DEMO-INFO] 演示已停止，已关闭视觉发送、激光输出，并请求回 HOME
[12:07:47.863] [ARM-RX] uart cmd parse error: 'BSP_UART_Init Success!!!laser_off'
[12:07:47.863] [ARM-RX] [JETSON_RX] target_ctrl=0
[12:07:47.863] [ARM-RX] ROBOT_SOFT_RESET_EVENT
[12:07:47.864] [ARM-RX] --- Starting soft reset ---
[12:07:47.879] [JETSON-RX] A5 5A 01 81 42 03 04 00 00 2C 5B
[12:07:47.879] [JETSON-STATUS] TARGET_CTRL_OFF: A5 5A 01 81 42 03 04 00 00 2C 5B
[12:07:48.051] [ARM-RX] Soft reset motors enabled (J1~J5, J6 skipped).
[12:07:48.051] [ARM-RX] Soft resetting joint 4...
[12:07:48.111] [ARM-RX] robot_update_current_angle 4...
[12:07:48.111] [ARM-RX] [4] current:90.00, target:90.00, dir:-1
[12:07:48.235] [ARM-RX] Soft resetting joint 3...
[12:07:48.235] [ARM-RX] robot_update_current_angle 3...
[12:07:48.235] [ARM-RX] [3] current:-0.00, target:0.00, dir:1
[12:07:48.360] [ARM-RX] Soft resetting joint 1...
[12:07:48.360] [ARM-RX] robot_update_current_angle 1...
[12:07:48.360] [ARM-RX] [1] current:90.00, target:90.00, dir:-1
[12:07:48.483] [ARM-RX] Soft resetting joint 2...
[12:07:48.546] [ARM-RX] robot_update_current_angle 2...
[12:07:48.546] [ARM-RX] [2] current:-90.00, target:-90.00, dir:1
[12:07:48.671] [ARM-RX] Soft resetting joint 0...
[12:07:48.671] [ARM-RX] robot_update_current_angle 0...
[12:07:48.671] [ARM-RX] [0] current:90.00, target:90.00, dir:-1
[12:07:48.919] [ARM-RX] soft reset final verify PASS (issues:0), pose set HOME.
[12:07:49.690] [JETSON-INFO] heartbeat started: 200 ms
[12:07:49.693] [JETSON-INFO] safe distance started: 120 mm, 200 ms
[12:07:49.694] [JETSON-TX] CAPTURE_CTRL a=2 p=0: A5 5A 01 04 46 02 02 00 45 E2
[12:07:49.731] [ARM-RX] [JETSON_RX] capture_ctrl action=2 point=0
[12:07:49.732] [ARM-RX] [CAPTURE] request action=2 point=0
[12:07:49.732] [ARM-RX] ROBOT_SOFT_RESET_EVENT
[12:07:49.732] [ARM-RX] --- Starting soft reset ---
[12:07:49.982] [ARM-RX] Soft reset motors enabled (J1~J5, J6 skipped).
[12:07:49.982] [ARM-RX] Soft resetting joint 4...
[12:07:49.983] [ARM-RX] robot_update_current_angle 4...
[12:07:49.983] [ARM-RX] [4] current:90.00, target:90.00, dir:-1
[12:07:50.106] [ARM-RX] Soft resetting joint 3...
[12:07:50.168] [ARM-RX] robot_update_current_angle 3...
[12:07:50.168] [ARM-RX] [3] current:-0.00, target:0.00, dir:1
[12:07:50.231] [ARM-RX] Soft resetting joint 1...
[12:07:50.292] [ARM-RX] robot_update_current_angle 1...
[12:07:50.292] [ARM-RX] [1] current:90.00, target:90.00, dir:-1
[12:07:50.417] [ARM-RX] Soft resetting joint 2...
[12:07:50.417] [ARM-RX] robot_update_current_angle 2...
[12:07:50.418] [ARM-RX] [2] current:-90.00, target:-90.00, dir:1
[12:07:50.541] [ARM-RX] Soft resetting joint 0...
[12:07:50.603] [ARM-RX] robot_update_current_angle 0...
[12:07:50.604] [ARM-RX] [0] current:90.00, target:90.00, dir:-1
[12:07:50.789] [ARM-RX] soft reset final verify PASS (issues:0), pose set HOME.
[12:07:50.852] [JETSON-RX] A5 5A 01 81 50 03 11 01 00 84 0C
[12:07:50.852] [JETSON-STATUS] CAPTURE_DONE_HOME: A5 5A 01 81 50 03 11 01 00 84 0C
[12:07:51.976] [ARM-RX] [JETSON_RX] crc failed type=0x05 rx=0x0101 calc=0xAE28
[12:14:02.046] [ARM-RX] [JETSON_RX] crc failed type=0xA5 rx=0x04C3 calc=0x4FDB
[12:16:14.640] [JETSON-TX] CAPTURE_CTRL a=1 p=1: A5 5A 01 04 EE 02 01 01 A4 B2
[12:16:14.681] [ARM-RX] [JETSON_RX] capture_ctrl action=1 point=1
[12:16:14.681] [ARM-RX] [CAPTURE] request action=1 point=1
[12:16:14.681] [ARM-RX] ROBOT_AUTO_EVENT
[12:16:14.682] [ARM-RX] AUTO slow profile scale=0.40 target=<0.00 -130.00 -15.00>
[12:16:14.682] [ARM-RX] [0] <0.00 0.00 0.00> result: 90.00 90.00 -90.00 0.00 90.00 0.0
[12:16:14.704] [ARM-RX] 0
[12:16:14.704] [ARM-RX] [1] <0.00 -0.00 -0.00> result: 90.00 90.00 -90.00 0.00 90.00 0.00
[12:16:14.704] [ARM-RX] [2] <0.00 -0.00 -0.00> result: 90.00 90.00 -90.00 0.00 90.00 0.00
[12:16:14.704] [ARM-RX] [3] <0.00 -0.00 -0.00> result: 90.00 90.00 -90.00 0.00 90.00 0.00
[12:16:14.704] [ARM-RX] [4] <0.00 -0.01 -0.00> result: 90.00 90.00 -90.00 0.
[12:16:14.726] [ARM-RX] 00 90.00 0.00
[12:16:14.727] [ARM-RX] [5] <0.00 -0.01 -0.00> result: 90.00 90.00 -90.00 0.00 90.00 0.00
[12:16:14.727] [ARM-RX] [6] <0.00 -0.02 -0.00> result: 90.00 90.01 -90.00 0.00 90.00 0.00
[12:16:14.727] [ARM-RX] [7] <0.00 -0.03 -0.00> result: 90.00 90.01 -89.99 0.00 90.00 0.00
[12:16:14.728] [ARM-RX] [8] <0.00 -0.04 -0.00> result: 90.00 90.
[12:16:14.749] [ARM-RX] 02 -89.99 0.00 90.01 0.00
[12:16:14.749] [ARM-RX] [9] <0.00 -0.06 -0.01> result: 90.00 90.02 -89.98 0.00 90.01 0.00
[12:16:14.750] [ARM-RX] [10] <0.00 -0.08 -0.01> result: 90.00 90.03 -89.98 0.00 90.01 0.00
[12:16:14.750] [ARM-RX] [11] <0.00 -0.10 -0.01> result: 90.00 90.04 -89.97 0.00 90.01 0.00
[12:16:14.750] [ARM-RX] [12] <0.00 -0.13 -0.01> re
[12:16:14.773] [ARM-RX] sult: 90.00 90.05 -89.96 0.00 90.02 0.00
[12:16:14.773] [ARM-RX] [13] <0.00 -0.16 -0.02> result: 90.00 90.07 -89.96 0.00 90.02 0.00
[12:16:14.773] [ARM-RX] [14] <0.00 -0.20 -0.02> result: 90.00 90.08 -89.95 0.00 90.03 0.00
[12:16:14.774] [ARM-RX] [15] <0.00 -0.24 -0.03> result: 90.00 90.10 -89.93 0.00 90.03 0.00
[12:16:14.774] [ARM-RX] [16] <0.00
[12:16:14.796] [ARM-RX] -0.29 -0.03> result: 90.00 90.12 -89.92 0.00 90.04 0.00
[12:16:14.797] [ARM-RX] [17] <0.00 -0.35 -0.04> result: 90.00 90.14 -89.90 0.00 90.05 0.00
[12:16:14.797] [ARM-RX] [18] <0.00 -0.41 -0.05> result: 90.00 90.17 -89.89 0.00 90.06 0.00
[12:16:14.797] [ARM-RX] [19] <0.00 -0.48 -0.06> result: 90.00 90.20 -89.87 0.00 90.07
[12:16:14.818] [ARM-RX] 0.00
[12:16:14.818] [ARM-RX] [20] <0.00 -0.56 -0.06> result: 90.00 90.23 -89.85 0.00 90.08 0.00
[12:16:14.819] [ARM-RX] [21] <0.00 -0.64 -0.07> result: 90.00 90.26 -89.82 0.00 90.09 0.00
[12:16:14.819] [ARM-RX] [22] <0.00 -0.73 -0.08> result: 90.00 90.30 -89.80 0.00 90.10 0.00
[12:16:14.819] [ARM-RX] [23] <0.00 -0.83 -0.10> result: 90.00 90.34 -8
[12:16:14.852] [ARM-RX] 9.77 0.00 90.11 0.00
[12:16:14.852] [ARM-RX] [24] <0.00 -0.94 -0.11> result: 90.00 90.39 -89.74 0.00 90.13 0.00
[12:16:14.853] [ARM-RX] [25] <0.00 -1.06 -0.12> result: 90.00 90.43 -89.71 0.00 90.14 0.00
[12:16:14.853] [ARM-RX] [26] <0.00 -1.18 -0.14> result: 90.00 90.48 -89.67 0.00 90.16 0.00
[12:16:14.853] [ARM-RX] [27] <0.00 -1.32 -0.15> result
[12:16:14.876] [ARM-RX] : 90.00 90.54 -89.64 0.00 90.17 0.00
[12:16:14.876] [ARM-RX] [28] <0.00 -1.46 -0.17> result: 90.00 90.60 -89.60 0.00 90.19 0.00
[12:16:14.877] [ARM-RX] [29] <0.00 -1.62 -0.19> result: 90.00 90.66 -89.55 0.00 90.21 0.00
[12:16:14.877] [ARM-RX] [30] <0.00 -1.78 -0.21> result: 90.00 90.72 -89.51 0.00 90.23 0.00
[12:16:14.877] [ARM-RX] [31] <0.00 -1.
[12:16:14.898] [ARM-RX] 96 -0.23> result: 90.00 90.79 -89.46 0.00 90.25 0.00
[12:16:14.899] [ARM-RX] [32] <0.00 -2.14 -0.25> result: 90.00 90.87 -89.41 0.00 90.27 0.00
[12:16:14.899] [ARM-RX] [33] <0.00 -2.34 -0.27> result: 90.00 90.94 -89.35 0.00 90.30 0.00
[12:16:14.899] [ARM-RX] [34] <0.00 -2.54 -0.29> result: 90.00 91.02 -89.30 0.00 90.32 0.00
[12:16:14.922] [ARM-RX] [35] <0.00 -2.76 -0.32> result: 90.00 91.11 -89.24 0.00 90.34 0.00
[12:16:14.922] [ARM-RX] [36] <0.00 -2.99 -0.34> result: 90.00 91.20 -89.17 0.00 90.37 0.00
[12:16:14.923] [ARM-RX] [37] <0.00 -3.23 -0.37> result: 90.00 91.29 -89.10 0.00 90.39 0.00
[12:16:14.923] [ARM-RX] [38] <0.00 -3.48 -0.40> result: 90.00 91.38 -89.04
[12:16:14.946] [ARM-RX] 0.00 90.42 0.00
[12:16:14.946] [ARM-RX] [39] <0.00 -3.74 -0.43> result: 90.00 91.48 -88.96 0.00 90.45 0.00
[12:16:14.946] [ARM-RX] [40] <0.00 -4.02 -0.46> result: 90.00 91.59 -88.89 0.00 90.47 0.00
[12:16:14.947] [ARM-RX] [41] <0.00 -4.30 -0.50> result: 90.00 91.69 -88.81 0.00 90.50 0.00
[12:16:14.947] [ARM-RX] [42] <0.00 -4.60 -0.53> result: 90
[12:16:14.968] [ARM-RX] .00 91.81 -88.72 0.00 90.53 0.00
[12:16:14.971] [ARM-RX] [43] <0.00 -4.91 -0.57> result: 90.00 91.92 -88.64 0.00 90.56 0.00
[12:16:14.971] [ARM-RX] [44] <0.00 -5.23 -0.60> result: 90.00 92.04 -88.55 0.00 90.58 0.00
[12:16:14.971] [ARM-RX] [45] <0.00 -5.56 -0.64> result: 90.00 92.16 -88.45 0.00 90.61 0.00
[12:16:14.972] [ARM-RX] [46] <0.00 -5.90 -
[12:16:14.990] [ARM-RX] 0.68> result: 90.00 92.28 -88.36 0.00 90.64 0.00
[12:16:14.990] [ARM-RX] [47] <0.00 -6.26 -0.72> result: 90.00 92.41 -88.26 0.00 90.67 0.00
[12:16:14.990] [ARM-RX] [48] <0.00 -6.63 -0.76> result: 90.00 92.55 -88.15 0.00 90.70 0.00
[12:16:14.990] [ARM-RX] [49] <0.00 -7.01 -0.81> result: 90.00 92.68 -88.05 0.00 90.73 0.00
[12:16:14.992] [ARM-RX] [5
[12:16:15.013] [ARM-RX] 0] <0.00 -7.40 -0.85> result: 90.00 92.82 -87.94 0.00 90.76 0.00
[12:16:15.013] [ARM-RX] [51] <0.00 -7.80 -0.90> result: 90.00 92.96 -87.82 0.00 90.78 0.00
[12:16:15.015] [ARM-RX] [52] <0.00 -8.22 -0.95> result: 90.00 93.10 -87.71 0.00 90.81 0.00
[12:16:15.015] [ARM-RX] [53] <0.00 -8.65 -1.00> result: 90.00 93.25 -87.58 0.0
[12:16:15.049] [ARM-RX] 0 90.84 0.00
[12:16:15.049] [ARM-RX] [54] <0.00 -9.08 -1.05> result: 90.00 93.40 -87.46 0.00 90.86 0.00
[12:16:15.049] [ARM-RX] [55] <0.00 -9.53 -1.10> result: 90.00 93.55 -87.33 0.00 90.89 0.00
[12:16:15.049] [ARM-RX] [56] <0.00 -10.00 -1.15> result: 90.00 93.71 -87.20 0.00 90.91 0.00
[12:16:15.049] [ARM-RX] [57] <0.00 -10.47 -1.21> result: 90.0
[12:16:15.070] [ARM-RX] 0 93.87 -87.07 0.00 90.94 0.00
[12:16:15.070] [ARM-RX] [58] <0.00 -10.95 -1.26> result: 90.00 94.03 -86.93 0.00 90.96 0.00
[12:16:15.070] [ARM-RX] [59] <0.00 -11.45 -1.32> result: 90.00 94.19 -86.79 0.00 90.98 0.00
[12:16:15.076] [ARM-RX] [60] <0.00 -11.96 -1.38> result: 90.00 94.35 -86.65 0.00 91.00 0.00
[12:16:15.076] [ARM-RX] [61] <0.00 -12.47
[12:16:15.093] [ARM-RX] -1.44> result: 90.00 94.52 -86.50 0.00 91.02 0.00
[12:16:15.094] [ARM-RX] [62] <0.00 -13.00 -1.50> result: 90.00 94.69 -86.35 0.00 91.04 0.00
[12:16:15.094] [ARM-RX] [63] <0.00 -13.54 -1.56> result: 90.00 94.86 -86.19 0.00 91.05 0.00
[12:16:15.094] [ARM-RX] [64] <0.00 -14.09 -1.63> result: 90.00 95.03 -86.04 0.00 91.07 0.0
[12:16:15.117] [ARM-RX] 0
[12:16:15.117] [ARM-RX] [65] <0.00 -14.65 -1.69> result: 90.00 95.20 -85.88 0.00 91.08 0.00
[12:16:15.117] [ARM-RX] [66] <0.00 -15.21 -1.76> result: 90.00 95.38 -85.72 0.00 91.09 0.00
[12:16:15.118] [ARM-RX] [67] <0.00 -15.79 -1.82> result: 90.00 95.55 -85.55 0.00 91.10 0.00
[12:16:15.118] [ARM-RX] [68] <0.00 -16.38 -1.89> result: 90.00 95.73 -
[12:16:15.140] [ARM-RX] 85.38 0.00 91.11 0.00
[12:16:15.140] [ARM-RX] [69] <0.00 -16.97 -1.96> result: 90.00 95.91 -85.21 0.00 91.12 0.00
[12:16:15.140] [ARM-RX] [70] <0.00 -17.58 -2.03> result: 90.00 96.09 -85.04 0.00 91.13 0.00
[12:16:15.141] [ARM-RX] [71] <0.00 -18.19 -2.10> result: 90.00 96.27 -84.86 0.00 91.13 0.00
[12:16:15.141] [ARM-RX] [72] <0.00 -18.81 -2.17> r
[12:16:15.163] [ARM-RX] esult: 90.00 96.45 -84.68 0.00 91.13 0.00
[12:16:15.163] [ARM-RX] [73] <0.00 -19.44 -2.24> result: 90.00 96.63 -84.50 0.00 91.13 0.00
[12:16:15.163] [ARM-RX] [74] <0.00 -20.08 -2.32> result: 90.00 96.81 -84.32 0.00 91.13 0.00
[12:16:15.164] [ARM-RX] [75] <0.00 -20.72 -2.39> result: 90.00 97.00 -84.13 0.00 91.13 0.00
[12:16:15.164] [ARM-RX] [76] <
[12:16:15.185] [ARM-RX] 0.00 -21.37 -2.47> result: 90.00 97.18 -83.94 0.00 91.12 0.00
[12:16:15.186] [ARM-RX] [77] <0.00 -22.03 -2.54> result: 90.00 97.36 -83.75 0.00 91.12 0.00
[12:16:15.186] [ARM-RX] [78] <0.00 -22.70 -2.62> result: 90.00 97.55 -83.56 0.00 91.11 0.00
[12:16:15.186] [ARM-RX] [79] <0.00 -23.37 -2.70> result: 90.00 97.73 -83.37 0.0
[12:16:15.221] [ARM-RX] 0 91.10 0.00
[12:16:15.221] [ARM-RX] [80] <0.00 -24.04 -2.77> result: 90.00 97.92 -83.17 0.00 91.08 0.00
[12:16:15.221] [ARM-RX] [81] <0.00 -24.72 -2.85> result: 90.00 98.10 -82.97 0.00 91.07 0.00
[12:16:15.221] [ARM-RX] [82] <0.00 -25.41 -2.93> result: 90.00 98.28 -82.77 0.00 91.05 0.00
[12:16:15.222] [ARM-RX] [83] <0.00 -26.10 -3.01> result: 90
[12:16:15.244] [ARM-RX] .00 98.47 -82.57 0.00 91.04 0.00
[12:16:15.244] [ARM-RX] [84] <0.00 -26.79 -3.09> result: 90.00 98.65 -82.37 0.00 91.02 0.00
[12:16:15.244] [ARM-RX] [85] <0.00 -27.49 -3.17> result: 90.00 98.83 -82.16 0.00 91.00 0.00
[12:16:15.244] [ARM-RX] [86] <0.00 -28.19 -3.25> result: 90.00 99.01 -81.96 0.00 90.97 0.00
[12:16:15.244] [ARM-RX] [87] <0.00 -28.
[12:16:15.267] [ARM-RX] 90 -3.33> result: 90.00 99.20 -81.75 0.00 90.95 0.00
[12:16:15.267] [ARM-RX] [88] <0.00 -29.61 -3.42> result: 90.00 99.38 -81.55 0.00 90.92 0.00
[12:16:15.268] [ARM-RX] [89] <0.00 -30.32 -3.50> result: 90.00 99.56 -81.34 0.00 90.90 0.00
[12:16:15.268] [ARM-RX] [90] <0.00 -31.03 -3.58> result: 90.00 99.74 -81.13 0.00 90.87 0
[12:16:15.288] [ARM-RX] .00
[12:16:15.288] [ARM-RX] [91] <0.00 -31.74 -3.66> result: 90.00 99.92 -80.92 0.00 90.84 0.00
[12:16:15.290] [ARM-RX] [92] <0.00 -32.46 -3.74> result: 90.00 100.09 -80.71 0.00 90.80 0.00
[12:16:15.290] [ARM-RX] [93] <0.00 -33.17 -3.83> result: 90.00 100.27 -80.50 0.00 90.77 0.00
[12:16:15.290] [ARM-RX] [94] <0.00 -33.89 -3.91> result: 90.00 100
[12:16:15.311] [ARM-RX] .44 -80.29 0.00 90.74 0.00
[12:16:15.312] [ARM-RX] [95] <0.00 -34.60 -3.99> result: 90.00 100.62 -80.08 0.00 90.70 0.00
[12:16:15.312] [ARM-RX] [96] <0.00 -35.32 -4.07> result: 90.00 100.79 -79.87 0.00 90.66 0.00
[12:16:15.312] [ARM-RX] [97] <0.00 -36.03 -4.16> result: 90.00 100.96 -79.66 0.00 90.62 0.00
[12:16:15.312] [ARM-RX] [98] <0.00 -36.75
[12:16:15.338] [ARM-RX] -4.24> result: 90.00 101.14 -79.45 0.00 90.58 0.00
[12:16:15.338] [ARM-RX] [99] <0.00 -37.46 -4.32> result: 90.00 101.31 -79.24 0.00 90.54 0.00
[12:16:15.339] [ARM-RX] [100] <0.00 -38.18 -4.41> result: 90.00 101.47 -79.02 0.00 90.50 0.00
[12:16:15.339] [ARM-RX] [101] <0.00 -38.89 -4.49> result: 90.00 101.64 -78.81 0.00 90.4
[12:16:15.357] [ARM-RX] 6 0.00
[12:16:15.358] [ARM-RX] [102] <0.00 -39.61 -4.57> result: 90.00 101.81 -78.60 0.00 90.41 0.00
[12:16:15.358] [ARM-RX] [103] <0.00 -40.32 -4.65> result: 90.00 101.98 -78.39 0.00 90.37 0.00
[12:16:15.358] [ARM-RX] [104] <0.00 -41.04 -4.74> result: 90.00 102.14 -78.18 0.00 90.32 0.00
[12:16:15.358] [ARM-RX] [105] <0.00 -41.75 -4.82> result: 9
[12:16:15.381] [ARM-RX] 0.00 102.31 -77.96 0.00 90.27 0.00
[12:16:15.382] [ARM-RX] [106] <0.00 -42.47 -4.90> result: 90.00 102.47 -77.75 0.00 90.22 0.00
[12:16:15.382] [ARM-RX] [107] <0.00 -43.18 -4.98> result: 90.00 102.63 -77.54 0.00 90.17 0.00
[12:16:15.382] [ARM-RX] [108] <0.00 -43.90 -5.07> result: 90.00 102.79 -77.33 0.00 90.12 0.00
[12:16:15.382] [ARM-RX] [109] <
[12:16:15.415] [ARM-RX] 0.00 -44.61 -5.15> result: 90.00 102.95 -77.11 0.00 90.07 0.00
[12:16:15.416] [ARM-RX] [110] <0.00 -45.33 -5.23> result: 90.00 103.12 -76.90 0.00 90.02 0.00
[12:16:15.416] [ARM-RX] [111] <0.00 -46.05 -5.31> result: 90.00 103.27 -76.69 0.00 89.96 0.00
[12:16:15.416] [ARM-RX] [112] <0.00 -46.76 -5.40> result: 90.00 103.43 -76
[12:16:15.440] [ARM-RX] .47 0.00 89.91 0.00
[12:16:15.440] [ARM-RX] [113] <0.00 -47.48 -5.48> result: 90.00 103.59 -76.26 0.00 89.85 0.00
[12:16:15.440] [ARM-RX] [114] <0.00 -48.19 -5.56> result: 90.00 103.75 -76.05 0.00 89.80 0.00
[12:16:15.441] [ARM-RX] [115] <0.00 -48.91 -5.64> result: 90.00 103.91 -75.83 0.00 89.74 0.00
[12:16:15.441] [ARM-RX] [116] <0.00 -49.62 -5.
[12:16:15.462] [ARM-RX] 73> result: 90.00 104.06 -75.62 0.00 89.68 0.00
[12:16:15.462] [ARM-RX] [117] <0.00 -50.34 -5.81> result: 90.00 104.22 -75.40 0.00 89.62 0.00
[12:16:15.462] [ARM-RX] [118] <0.00 -51.05 -5.89> result: 90.00 104.37 -75.19 0.00 89.56 0.00
[12:16:15.462] [ARM-RX] [119] <0.00 -51.77 -5.97> result: 90.00 104.53 -74.98 0.00 89.50
[12:16:15.484] [ARM-RX] 0.00
[12:16:15.485] [ARM-RX] [120] <0.00 -52.48 -6.06> result: 90.00 104.68 -74.76 0.00 89.44 0.00
[12:16:15.485] [ARM-RX] [121] <0.00 -53.20 -6.14> result: 90.00 104.83 -74.55 0.00 89.38 0.00
[12:16:15.485] [ARM-RX] [122] <0.00 -53.91 -6.22> result: 90.00 104.99 -74.33 0.00 89.32 0.00
[12:16:15.485] [ARM-RX] [123] <0.00 -54.63 -6.30> result: 90.
[12:16:15.508] [ARM-RX] 00 105.14 -74.12 0.00 89.25 0.00
[12:16:15.508] [ARM-RX] [124] <0.00 -55.34 -6.39> result: 90.00 105.29 -73.90 0.00 89.19 0.00
[12:16:15.508] [ARM-RX] [125] <0.00 -56.06 -6.47> result: 90.00 105.44 -73.68 0.00 89.12 0.00
[12:16:15.509] [ARM-RX] [126] <0.00 -56.77 -6.55> result: 90.00 105.59 -73.47 0.00 89.06 0.00
[12:16:15.509] [ARM-RX] [127] <0.
[12:16:15.531] [ARM-RX] 00 -57.49 -6.63> result: 90.00 105.74 -73.25 0.00 88.99 0.00
[12:16:15.531] [ARM-RX] [128] <0.00 -58.20 -6.72> result: 90.00 105.89 -73.04 0.00 88.93 0.00
[12:16:15.531] [ARM-RX] [129] <0.00 -58.92 -6.80> result: 90.00 106.04 -72.82 0.00 88.86 0.00
[12:16:15.532] [ARM-RX] [130] <0.00 -59.64 -6.88> result: 90.00 106.19 -72.6
[12:16:15.555] [ARM-RX] 0 0.00 88.79 0.00
[12:16:15.555] [ARM-RX] [131] <0.00 -60.35 -6.96> result: 90.00 106.33 -72.39 0.00 88.72 0.00
[12:16:15.555] [ARM-RX] [132] <0.00 -61.07 -7.05> result: 90.00 106.48 -72.17 0.00 88.65 0.00
[12:16:15.555] [ARM-RX] [133] <0.00 -61.78 -7.13> result: 90.00 106.63 -71.95 0.00 88.58 0.00
[12:16:15.556] [ARM-RX] [134] <0.00 -62.50 -7.21
[12:16:15.587] [ARM-RX] > result: 90.00 106.77 -71.74 0.00 88.51 0.00
[12:16:15.588] [ARM-RX] [135] <0.00 -63.21 -7.29> result: 90.00 106.92 -71.52 0.00 88.44 0.00
[12:16:15.588] [ARM-RX] [136] <0.00 -63.93 -7.38> result: 90.00 107.07 -71.30 0.00 88.37 0.00
[12:16:15.588] [ARM-RX] [137] <0.00 -64.64 -7.46> result: 90.00 107.21 -71.09 0.00 88.30 0.
[12:16:15.610] [ARM-RX] 00
[12:16:15.611] [ARM-RX] [138] <0.00 -65.36 -7.54> result: 90.00 107.36 -70.87 0.00 88.22 0.00
[12:16:15.611] [ARM-RX] [139] <0.00 -66.07 -7.62> result: 90.00 107.50 -70.65 0.00 88.15 0.00
[12:16:15.611] [ARM-RX] [140] <0.00 -66.79 -7.71> result: 90.00 107.64 -70.43 0.00 88.08 0.00
[12:16:15.611] [ARM-RX] [141] <0.00 -67.50 -7.79> result: 90.00
[12:16:15.634] [ARM-RX] 107.79 -70.21 0.00 88.00 0.00
[12:16:15.641] [ARM-RX] [142] <0.00 -68.22 -7.87> result: 90.00 107.93 -70.00 0.00 87.93 0.00
[12:16:15.641] [ARM-RX] [143] <0.00 -68.93 -7.95> result: 90.00 108.07 -69.78 0.00 87.85 0.00
[12:16:15.641] [ARM-RX] [144] <0.00 -69.65 -8.04> result: 90.00 108.22 -69.56 0.00 87.78 0.00
[12:16:15.641] [ARM-RX] [145] <0.00
[12:16:15.656] [ARM-RX] -70.36 -8.12> result: 90.00 108.36 -69.34 0.00 87.70 0.00
[12:16:15.656] [ARM-RX] [146] <0.00 -71.08 -8.20> result: 90.00 108.50 -69.12 0.00 87.62 0.00
[12:16:15.658] [ARM-RX] [147] <0.00 -71.79 -8.28> result: 90.00 108.64 -68.90 0.00 87.54 0.00
[12:16:15.658] [ARM-RX] [148] <0.00 -72.51 -8.37> result: 90.00 108.78 -68.68
[12:16:15.679] [ARM-RX] 0.00 87.47 0.00
[12:16:15.680] [ARM-RX] [149] <0.00 -73.23 -8.45> result: 90.00 108.93 -68.46 0.00 87.39 0.00
[12:16:15.680] [ARM-RX] [150] <0.00 -73.94 -8.53> result: 90.00 109.07 -68.24 0.00 87.31 0.00
[12:16:15.680] [ARM-RX] [151] <0.00 -74.66 -8.61> result: 90.00 109.21 -68.02 0.00 87.23 0.00
[12:16:15.680] [ARM-RX] [152] <0.00 -75.37 -8.70>
[12:16:15.703] [ARM-RX] result: 90.00 109.35 -67.80 0.00 87.15 0.00
[12:16:15.703] [ARM-RX] [153] <0.00 -76.09 -8.78> result: 90.00 109.49 -67.58 0.00 87.07 0.00
[12:16:15.703] [ARM-RX] [154] <0.00 -76.80 -8.86> result: 90.00 109.63 -67.36 0.00 86.99 0.00
[12:16:15.704] [ARM-RX] [155] <0.00 -77.52 -8.94> result: 90.00 109.76 -67.14 0.00 86.91 0.00
[12:16:15.725] [ARM-RX] [156] <0.00 -78.23 -9.03> result: 90.00 109.90 -66.92 0.00 86.83 0.00
[12:16:15.725] [ARM-RX] [157] <0.00 -78.95 -9.11> result: 90.00 110.04 -66.70 0.00 86.74 0.00
[12:16:15.726] [ARM-RX] [158] <0.00 -79.66 -9.19> result: 90.00 110.18 -66.48 0.00 86.66 0.00
[12:16:15.726] [ARM-RX] [159] <0.00 -80.38 -9.27> result: 90.00 1
[12:16:15.749] [ARM-RX] 10.32 -66.26 0.00 86.58 0.00
[12:16:15.749] [ARM-RX] [160] <0.00 -81.09 -9.36> result: 90.00 110.46 -66.04 0.00 86.50 0.00
[12:16:15.749] [ARM-RX] [161] <0.00 -81.81 -9.44> result: 90.00 110.60 -65.82 0.00 86.41 0.00
[12:16:15.749] [ARM-RX] [162] <0.00 -82.52 -9.52> result: 90.00 110.73 -65.59 0.00 86.33 0.00
[12:16:15.749] [ARM-RX] [163] <0.00 -
[12:16:15.783] [ARM-RX] 83.24 -9.60> result: 90.00 110.87 -65.37 0.00 86.24 0.00
[12:16:15.784] [ARM-RX] [164] <0.00 -83.95 -9.69> result: 90.00 111.01 -65.15 0.00 86.16 0.00
[12:16:15.784] [ARM-RX] [165] <0.00 -84.67 -9.77> result: 90.00 111.14 -64.93 0.00 86.07 0.00
[12:16:15.784] [ARM-RX] [166] <0.00 -85.38 -9.85> result: 90.00 111.28 -64.71 0.
[12:16:15.807] [ARM-RX] 00 85.99 0.00
[12:16:15.807] [ARM-RX] [167] <0.00 -86.10 -9.93> result: 90.00 111.42 -64.48 0.00 85.90 0.00
[12:16:15.807] [ARM-RX] [168] <0.00 -86.81 -10.02> result: 90.00 111.55 -64.26 0.00 85.81 0.00
[12:16:15.808] [ARM-RX] [169] <0.00 -87.53 -10.10> result: 90.00 111.69 -64.04 0.00 85.73 0.00
[12:16:15.808] [ARM-RX] [170] <0.00 -88.25 -10.18>
[12:16:15.829] [ARM-RX] result: 90.00 111.83 -63.81 0.00 85.64 0.00
[12:16:15.829] [ARM-RX] [171] <0.00 -88.96 -10.26> result: 90.00 111.96 -63.59 0.00 85.55 0.00
[12:16:15.829] [ARM-RX] [172] <0.00 -89.68 -10.35> result: 90.00 112.10 -63.37 0.00 85.46 0.00
[12:16:15.829] [ARM-RX] [173] <0.00 -90.39 -10.43> result: 90.00 112.23 -63.14 0.00 85.38
[12:16:15.852] [ARM-RX] 0.00
[12:16:15.852] [ARM-RX] [174] <0.00 -91.11 -10.51> result: 90.00 112.37 -62.92 0.00 85.29 0.00
[12:16:15.852] [ARM-RX] [175] <0.00 -91.82 -10.59> result: 90.00 112.50 -62.70 0.00 85.20 0.00
[12:16:15.854] [ARM-RX] [176] <0.00 -92.54 -10.68> result: 90.00 112.64 -62.47 0.00 85.11 0.00
[12:16:15.854] [ARM-RX] [177] <0.00 -93.25 -10.76> result:
[12:16:15.875] [ARM-RX] 90.00 112.77 -62.25 0.00 85.02 0.00
[12:16:15.876] [ARM-RX] [178] <0.00 -93.97 -10.84> result: 90.00 112.91 -62.02 0.00 84.93 0.00
[12:16:15.876] [ARM-RX] [179] <0.00 -94.68 -10.92> result: 90.00 113.04 -61.80 0.00 84.84 0.00
[12:16:15.876] [ARM-RX] [180] <0.00 -95.40 -11.01> result: 90.00 113.18 -61.57 0.00 84.75 0.00
[12:16:15.876] [ARM-RX] [1
[12:16:15.898] [ARM-RX] 81] <0.00 -96.11 -11.09> result: 90.00 113.31 -61.35 0.00 84.66 0.00
[12:16:15.899] [ARM-RX] [182] <0.00 -96.83 -11.17> result: 90.00 113.44 -61.12 0.00 84.57 0.00
[12:16:15.900] [ARM-RX] [183] <0.00 -97.54 -11.26> result: 90.00 113.58 -60.90 0.00 84.48 0.00
[12:16:15.900] [ARM-RX] [184] <0.00 -98.26 -11.34> result: 90.00 1
[12:16:15.922] [ARM-RX] 13.71 -60.67 0.00 84.38 0.00
[12:16:15.922] [ARM-RX] [185] <0.00 -98.97 -11.42> result: 90.00 113.85 -60.45 0.00 84.29 0.00
[12:16:15.922] [ARM-RX] [186] <0.00 -99.68 -11.50> result: 90.00 113.98 -60.22 0.00 84.20 0.00
[12:16:15.923] [ARM-RX] [187] <0.00 -100.39 -11.58> result: 90.00 114.11 -60.00 0.00 84.11 0.00
[12:16:15.923] [ARM-RX] [188] <0.
[12:16:15.956] [ARM-RX] 00 -101.10 -11.67> result: 90.00 114.24 -59.77 0.00 84.01 0.00
[12:16:15.956] [ARM-RX] [189] <0.00 -101.80 -11.75> result: 90.00 114.37 -59.55 0.00 83.92 0.00
[12:16:15.956] [ARM-RX] [190] <0.00 -102.51 -11.83> result: 90.00 114.50 -59.33 0.00 83.83 0.00
[12:16:15.957] [ARM-RX] [191] <0.00 -103.20 -11.91> result: 90.00 114.
[12:16:15.978] [ARM-RX] 63 -59.10 0.00 83.74 0.00
[12:16:15.979] [ARM-RX] [192] <0.00 -103.90 -11.99> result: 90.00 114.76 -58.88 0.00 83.65 0.00
[12:16:15.979] [ARM-RX] [193] <0.00 -104.59 -12.07> result: 90.00 114.89 -58.66 0.00 83.56 0.00
[12:16:15.979] [ARM-RX] [194] <0.00 -105.28 -12.15> result: 90.00 115.02 -58.44 0.00 83.46 0.00
[12:16:15.979] [ARM-RX] [195] <0.0
[12:16:16.003] [ARM-RX] 0 -105.96 -12.23> result: 90.00 115.15 -58.23 0.00 83.37 0.00
[12:16:16.003] [ARM-RX] [196] <0.00 -106.63 -12.30> result: 90.00 115.27 -58.01 0.00 83.28 0.00
[12:16:16.003] [ARM-RX] [197] <0.00 -107.30 -12.38> result: 90.00 115.40 -57.80 0.00 83.19 0.00
[12:16:16.003] [ARM-RX] [198] <0.00 -107.97 -12.46> result: 90.00 115.5
[12:16:16.029] [ARM-RX] 2 -57.59 0.00 83.10 0.00
[12:16:16.029] [ARM-RX] [199] <0.00 -108.62 -12.53> result: 90.00 115.64 -57.38 0.00 83.02 0.00
[12:16:16.030] [ARM-RX] [200] <0.00 -109.28 -12.61> result: 90.00 115.76 -57.17 0.00 82.93 0.00
[12:16:16.030] [ARM-RX] [201] <0.00 -109.92 -12.68> result: 90.00 115.88 -56.96 0.00 82.84 0.00
[12:16:16.030] [ARM-RX] [202] <0.00
[12:16:16.047] [ARM-RX] -110.56 -12.76> result: 90.00 116.00 -56.76 0.00 82.75 0.00
[12:16:16.049] [ARM-RX] [203] <0.00 -111.19 -12.83> result: 90.00 116.11 -56.55 0.00 82.67 0.00
[12:16:16.049] [ARM-RX] [204] <0.00 -111.81 -12.90> result: 90.00 116.23 -56.36 0.00 82.58 0.00
[12:16:16.049] [ARM-RX] [205] <0.00 -112.42 -12.97> result: 90.00 116.34
[12:16:16.071] [ARM-RX] -56.16 0.00 82.50 0.00
[12:16:16.073] [ARM-RX] [206] <0.00 -113.02 -13.04> result: 90.00 116.45 -55.96 0.00 82.42 0.00
[12:16:16.073] [ARM-RX] [207] <0.00 -113.62 -13.11> result: 90.00 116.56 -55.77 0.00 82.33 0.00
[12:16:16.073] [ARM-RX] [208] <0.00 -114.21 -13.18> result: 90.00 116.67 -55.58 0.00 82.25 0.00
[12:16:16.073] [ARM-RX] [209] <0.00
[12:16:16.094] [ARM-RX] -114.79 -13.24> result: 90.00 116.78 -55.40 0.00 82.17 0.00
[12:16:16.094] [ARM-RX] [210] <0.00 -115.35 -13.31> result: 90.00 116.88 -55.21 0.00 82.10 0.00
[12:16:16.094] [ARM-RX] [211] <0.00 -115.91 -13.37> result: 90.00 116.99 -55.03 0.00 82.02 0.00
[12:16:16.094] [ARM-RX] [212] <0.00 -116.46 -13.44> result: 90.00 117.09
[12:16:16.116] [ARM-RX] -54.86 0.00 81.94 0.00
[12:16:16.116] [ARM-RX] [213] <0.00 -117.00 -13.50> result: 90.00 117.19 -54.68 0.00 81.87 0.00
[12:16:16.117] [ARM-RX] [214] <0.00 -117.53 -13.56> result: 90.00 117.28 -54.51 0.00 81.79 0.00
[12:16:16.117] [ARM-RX] [215] <0.00 -118.04 -13.62> result: 90.00 117.38 -54.34 0.00 81.72 0.00
[12:16:16.125] [ARM-RX] [216] <0.00 -
[12:16:16.151] [ARM-RX] 118.55 -13.68> result: 90.00 117.47 -54.18 0.00 81.65 0.00
[12:16:16.152] [ARM-RX] [217] <0.00 -119.05 -13.74> result: 90.00 117.56 -54.02 0.00 81.58 0.00
[12:16:16.152] [ARM-RX] [218] <0.00 -119.53 -13.79> result: 90.00 117.65 -53.86 0.00 81.51 0.00
[12:16:16.152] [ARM-RX] [219] <0.00 -120.00 -13.85> result: 90.00 117.74 -
[12:16:16.174] [ARM-RX] 53.71 0.00 81.45 0.00
[12:16:16.175] [ARM-RX] [220] <0.00 -120.47 -13.90> result: 90.00 117.82 -53.56 0.00 81.38 0.00
[12:16:16.175] [ARM-RX] [221] <0.00 -120.92 -13.95> result: 90.00 117.91 -53.41 0.00 81.32 0.00
[12:16:16.175] [ARM-RX] [222] <0.00 -121.35 -14.00> result: 90.00 117.99 -53.27 0.00 81.25 0.00
[12:16:16.175] [ARM-RX] [223] <0.00 -1
[12:16:16.197] [ARM-RX] 21.78 -14.05> result: 90.00 118.07 -53.13 0.00 81.19 0.00
[12:16:16.198] [ARM-RX] [224] <0.00 -122.20 -14.10> result: 90.00 118.14 -52.99 0.00 81.13 0.00
[12:16:16.198] [ARM-RX] [225] <0.00 -122.60 -14.15> result: 90.00 118.22 -52.86 0.00 81.08 0.00
[12:16:16.198] [ARM-RX] [226] <0.00 -122.99 -14.19> result: 90.00 118.29 -5
[12:16:16.221] [ARM-RX] 2.73 0.00 81.02 0.00
[12:16:16.221] [ARM-RX] [227] <0.00 -123.37 -14.24> result: 90.00 118.36 -52.61 0.00 80.97 0.00
[12:16:16.221] [ARM-RX] [228] <0.00 -123.74 -14.28> result: 90.00 118.43 -52.49 0.00 80.91 0.00
[12:16:16.222] [ARM-RX] [229] <0.00 -124.10 -14.32> result: 90.00 118.49 -52.37 0.00 80.86 0.00
[12:16:16.222] [ARM-RX] [230] <0.00 -12
[12:16:16.243] [ARM-RX] 4.44 -14.36> result: 90.00 118.55 -52.26 0.00 80.81 0.00
[12:16:16.244] [ARM-RX] [231] <0.00 -124.77 -14.40> result: 90.00 118.62 -52.15 0.00 80.77 0.00
[12:16:16.244] [ARM-RX] [232] <0.00 -125.09 -14.43> result: 90.00 118.67 -52.05 0.00 80.72 0.00
[12:16:16.244] [ARM-RX] [233] <0.00 -125.40 -14.47> result: 90.00 118.73 -51
[12:16:16.266] [ARM-RX] .94 0.00 80.68 0.00
[12:16:16.266] [ARM-RX] [234] <0.00 -125.70 -14.50> result: 90.00 118.79 -51.85 0.00 80.63 0.00
[12:16:16.266] [ARM-RX] [235] <0.00 -125.98 -14.54> result: 90.00 118.84 -51.75 0.00 80.59 0.00
[12:16:16.268] [ARM-RX] [236] <0.00 -126.26 -14.57> result: 90.00 118.89 -51.66 0.00 80.55 0.00
[12:16:16.268] [ARM-RX] [237] <0.00 -126
[12:16:16.290] [ARM-RX] .52 -14.60> result: 90.00 118.94 -51.58 0.00 80.52 0.00
[12:16:16.290] [ARM-RX] [238] <0.00 -126.77 -14.63> result: 90.00 118.98 -51.50 0.00 80.48 0.00
[12:16:16.291] [ARM-RX] [239] <0.00 -127.01 -14.66> result: 90.00 119.03 -51.42 0.00 80.44 0.00
[12:16:16.291] [ARM-RX] [240] <0.00 -127.24 -14.68> result: 90.00 119.07 -51.
[12:16:16.323] [ARM-RX] 34 0.00 80.41 0.00
[12:16:16.324] [ARM-RX] [241] <0.00 -127.46 -14.71> result: 90.00 119.11 -51.27 0.00 80.38 0.00
[12:16:16.324] [ARM-RX] [242] <0.00 -127.66 -14.73> result: 90.00 119.15 -51.20 0.00 80.35 0.00
[12:16:16.324] [ARM-RX] [243] <0.00 -127.86 -14.75> result: 90.00 119.18 -51.14 0.00 80.32 0.00
[12:16:16.324] [ARM-RX] [244] <0.00 -128.
[12:16:16.346] [ARM-RX] 04 -14.77> result: 90.00 119.22 -51.08 0.00 80.30 0.00
[12:16:16.346] [ARM-RX] [245] <0.00 -128.22 -14.79> result: 90.00 119.25 -51.02 0.00 80.27 0.00
[12:16:16.346] [ARM-RX] [246] <0.00 -128.38 -14.81> result: 90.00 119.28 -50.97 0.00 80.25 0.00
[12:16:16.348] [ARM-RX] [247] <0.00 -128.53 -14.83> result: 90.00 119.31 -50.9
[12:16:16.370] [ARM-RX] 2 0.00 80.22 0.00
[12:16:16.370] [ARM-RX] [248] <0.00 -128.68 -14.85> result: 90.00 119.33 -50.87 0.00 80.20 0.00
[12:16:16.370] [ARM-RX] [249] <0.00 -128.82 -14.86> result: 90.00 119.36 -50.82 0.00 80.18 0.00
[12:16:16.371] [ARM-RX] [250] <0.00 -128.94 -14.88> result: 90.00 119.38 -50.78 0.00 80.16 0.00
[12:16:16.371] [ARM-RX] [251] <0.00 -129.0
[12:16:16.392] [ARM-RX] 6 -14.89> result: 90.00 119.40 -50.74 0.00 80.15 0.00
[12:16:16.392] [ARM-RX] [252] <0.00 -129.17 -14.90> result: 90.00 119.42 -50.71 0.00 80.13 0.00
[12:16:16.392] [ARM-RX] [253] <0.00 -129.27 -14.92> result: 90.00 119.44 -50.68 0.00 80.12 0.00
[12:16:16.392] [ARM-RX] [254] <0.00 -129.36 -14.93> result: 90.00 119.46 -50.65
[12:16:16.415] [ARM-RX] 0.00 80.10 0.00
[12:16:16.415] [ARM-RX] [255] <0.00 -129.44 -14.94> result: 90.00 119.47 -50.62 0.00 80.09 0.00
[12:16:16.415] [ARM-RX] [256] <0.00 -129.52 -14.94> result: 90.00 119.49 -50.59 0.00 80.08 0.00
[12:16:16.417] [ARM-RX] [257] <0.00 -129.59 -14.95> result: 90.00 119.50 -50.57 0.00 80.07 0.00
[12:16:16.417] [ARM-RX] [258] <0.00 -129.65
[12:16:16.439] [ARM-RX] -14.96> result: 90.00 119.51 -50.55 0.00 80.06 0.00
[12:16:16.439] [ARM-RX] [259] <0.00 -129.71 -14.97> result: 90.00 119.52 -50.53 0.00 80.05 0.00
[12:16:16.439] [ARM-RX] [260] <0.00 -129.76 -14.97> result: 90.00 119.53 -50.51 0.00 80.05 0.00
[12:16:16.440] [ARM-RX] [261] <0.00 -129.80 -14.98> result: 90.00 119.54 -50.50
[12:16:16.463] [ARM-RX] 0.00 80.04 0.00
[12:16:16.464] [ARM-RX] [262] <0.00 -129.84 -14.98> result: 90.00 119.55 -50.49 0.00 80.03 0.00
[12:16:16.464] [ARM-RX] [263] <0.00 -129.87 -14.99> result: 90.00 119.55 -50.48 0.00 80.03 0.00
[12:16:16.464] [ARM-RX] [264] <0.00 -129.90 -14.99> result: 90.00 119.56 -50.47 0.00 80.02 0.00
[12:16:16.464] [ARM-RX] [265] <0.00 -129.92
[12:16:16.485] [ARM-RX] -14.99> result: 90.00 119.56 -50.46 0.00 80.02 0.00
[12:16:16.485] [ARM-RX] [266] <0.00 -129.94 -14.99> result: 90.00 119.57 -50.45 0.00 80.02 0.00
[12:16:16.485] [ARM-RX] [267] <0.00 -129.96 -15.00> result: 90.00 119.57 -50.45 0.00 80.02 0.00
[12:16:16.486] [ARM-RX] [268] <0.00 -129.97 -15.00> result: 90.00 119.57 -50.44 0
[12:16:16.520] [ARM-RX] .00 80.01 0.00
[12:16:16.520] [ARM-RX] [269] <0.00 -129.98 -15.00> result: 90.00 119.57 -50.44 0.00 80.01 0.00
[12:16:16.520] [ARM-RX] [270] <0.00 -129.99 -15.00> result: 90.00 119.57 -50.44 0.00 80.01 0.00
[12:16:16.521] [ARM-RX] [271] <0.00 -129.99 -15.00> result: 90.00 119.58 -50.44 0.00 80.01 0.00
[12:16:16.521] [ARM-RX] [272] <0.00 -130.00 -
[12:16:16.542] [ARM-RX] 15.00> result: 90.00 119.58 -50.43 0.00 80.01 0.00
[12:16:16.542] [ARM-RX] [273] <0.00 -130.00 -15.00> result: 90.00 119.58 -50.43 0.00 80.01 0.00
[12:16:16.543] [ARM-RX] [274] <0.00 -130.00 -15.00> result: 90.00 119.58 -50.43 0.00 80.01 0.00
[12:16:16.543] [ARM-RX] [275] <0.00 -130.00 -15.00> result: 90.00 119.58 -50.43 0.
[12:16:16.601] [ARM-RX] 00 80.01 0.00
[12:16:16.601] [ARM-RX] [276] <0.00 -130.00 -15.00> result: 90.00 119.58 -50.43 0.00 80.01 0.00
[12:16:19.416] [ARM-RX] [joint 1] ave_error:0.00
[12:16:19.416] [ARM-RX] [joint 2] ave_error:1.85
[12:16:19.416] [ARM-RX] [joint 3] ave_error:2.07
[12:16:19.417] [ARM-RX] [joint 4] ave_error:0.00
[12:16:19.417] [ARM-RX] [joint 5] ave_error:
[12:16:19.478] [ARM-RX] 0.69
[12:16:19.478] [ARM-RX] robot pid run finished!!
[12:16:19.539] [ARM-RX] [joint_id: 0] ROBOT_JOINT_ABS_ROTATE 65.000000
[12:16:22.578] [JETSON-RX] A5 5A 01 81 3C 03 10 01 00 45 C5
[12:16:22.578] [JETSON-STATUS] CAPTURE_POINT_LEFT: A5 5A 01 81 3C 03 10 01 00 45 C5
[12:16:35.631] [JETSON-TX] CAPTURE_CTRL a=2 p=0: A5 5A 01 04 C2 02 02 00 6D 12
[12:16:37.265] [JETSON-TX] CAPTURE_CTRL a=2 p=0: A5 5A 01 04 D4 02 02 00 69 5A
[12:16:37.333] [JETSON-RX] A5 5A 01 FE D4 01 05 A9 83
[12:16:37.333] [JETSON-STATUS] BUSY: A5 5A 01 FE D4 01 05 A9 83
[12:16:45.454] [JETSON-RX] A5 5A 01 81 24 03 11 01 00 34 07
[12:16:45.454] [JETSON-STATUS] CAPTURE_DONE_HOME: A5 5A 01 81 24 03 11 01 00 34 07
[12:16:57.670] [ARM-RX] TSON_RX
[12:16:57.732] [ARM-RX] ] safe_distance=120 valid=1
[12:17:10.017] [JETSON-INFO] heartbeat stopped
[12:17:10.017] [JETSON-INFO] safe distance stopped
[12:17:10.017] [JETSON-TX] TARGET_CTRL_STOP_NEW: A5 5A 01 02 1B 01 00 69 EF
[12:17:10.038] [ARM-RX] [JETSON_RX] target_ctrl=0
[12:17:10.038] [ARM-RX] ROBOT_SOFT_RESET_EVENT
[12:17:10.039] [ARM-RX] --- Starting soft reset ---
[12:17:10.084] [JETSON-RX] A5 5A 01 81 1B 03 04 00 00 30 56
[12:17:10.084] [JETSON-STATUS] TARGET_CTRL_OFF: A5 5A 01 81 1B 03 04 00 00 30 56
[12:17:10.288] [ARM-RX] Soft reset motors enabled (J1~J5, J6 skipped).
[12:17:10.288] [ARM-RX] Soft resetting joint 4...
[12:17:10.288] [ARM-RX] robot_update_current_angle 4...
[12:17:10.288] [ARM-RX] [4] current:90.00, target:90.00, dir:-1
[12:17:10.413] [ARM-RX] Soft resetting joint 3...
[12:17:10.475] [ARM-RX] robot_update_current_angle 3...
[12:17:10.477] [ARM-RX] [3] current:-0.00, target:0.00, dir:1
[12:17:10.599] [ARM-RX] Soft resetting joint 1...
[12:17:10.599] [ARM-RX] robot_update_current_angle 1...
[12:17:10.599] [ARM-RX] [1] current:90.00, target:90.00, dir:1
[12:17:10.723] [ARM-RX] Soft resetting joint 2...
[12:17:10.723] [ARM-RX] robot_update_current_angle 2...
[12:17:10.724] [ARM-RX] [2] current:-89.99, target:-90.00, dir:-1
[12:17:10.847] [ARM-RX] Soft resetting joint 0...
[12:17:10.910] [ARM-RX] robot_update_current_angle 0...
[12:17:10.910] [ARM-RX] [0] current:90.12, target:90.00, dir:-1
[12:17:11.099] [ARM-RX] soft reset final verify PASS (issues:0), pose set HOME.
[12:17:24.550] [JETSON-INFO] heartbeat started: 200 ms
[12:17:24.551] [JETSON-INFO] safe distance started: 120 mm, 200 ms
[12:17:24.552] [JETSON-TX] CAPTURE_CTRL a=2 p=0: A5 5A 01 04 1F 02 02 00 57 7E
[12:17:24.608] [ARM-RX] [JETSON_RX] capture_ctrl action=2 point=0
[12:17:24.608] [ARM-RX] [CAPTURE] request action=2 point=0
[12:17:24.609] [ARM-RX] ROBOT_SOFT_RESET_EVENT
[12:17:24.609] [ARM-RX] --- Starting soft reset ---
[12:17:24.794] [ARM-RX] Soft reset motors enabled (J1~J5, J6 skipped).
[12:17:24.794] [ARM-RX] Soft resetting joint 4...
[12:17:24.856] [ARM-RX] robot_update_current_angle 4...
[12:17:24.856] [ARM-RX] [4] current:90.00, target:90.00, dir:-1
[12:17:24.980] [ARM-RX] Soft resetting joint 3...
[12:17:24.980] [ARM-RX] robot_update_current_angle 3...
[12:17:24.980] [ARM-RX] [3] current:-0.00, target:0.00, dir:1
[12:17:25.105] [ARM-RX] Soft resetting joint 1...
[12:17:25.168] [ARM-RX] robot_update_current_angle 1...
[12:17:25.168] [ARM-RX] [1] current:90.00, target:90.00, dir:1
[12:17:25.291] [ARM-RX] Soft resetting joint 2...
[12:17:25.292] [ARM-RX] robot_update_current_angle 2...
[12:17:25.292] [ARM-RX] [2] current:-89.99, target:-90.00, dir:-1
[12:17:25.414] [ARM-RX] Soft resetting joint 0...
[12:17:25.414] [ARM-RX] robot_update_current_angle 0...
[12:17:25.414] [ARM-RX] [0] current:90.00, target:90.00, dir:1
[12:17:25.663] [ARM-RX] soft reset final verify PASS (issues:0), pose set HOME.
[12:17:25.710] [JETSON-RX] A5 5A 01 81 29 03 11 01 00 19 C6
[12:17:25.710] [JETSON-STATUS] CAPTURE_DONE_HOME: A5 5A 01 81 29 03 11 01 00 19 C6
[12:17:44.431] [JETSON-TX] CAPTURE_CTRL a=1 p=1: A5 5A 01 04 E7 02 01 01 A7 2E
[12:17:44.468] [ARM-RX] [JETSON_RX] capture_ctrl action=1 point=1
[12:17:44.469] [ARM-RX] [CAPTURE] request action=1 point=1
[12:17:44.469] [ARM-RX] ROBOT_AUTO_EVENT
[12:17:44.469] [ARM-RX] AUTO slow profile scale=0.40 target=<0.00 -130.00 -
[12:17:44.491] [ARM-RX] 15.00>
[12:17:44.491] [ARM-RX] [0] <0.00 0.00 0.00> result: 90.00 90.00 -90.00 0.00 90.00 0.00
[12:17:44.491] [ARM-RX] [1] <0.00 -0.00 -0.00> result: 90.00 90.00 -90.00 0.00 90.00 0.00
[12:17:44.493] [ARM-RX] [2] <0.00 -0.00 -0.00> result: 90.00 90.00 -90.00 0.00 90.00 0.00
[12:17:44.493] [ARM-RX] [3] <0.00 -0.00 -0.00> result: 90.00 90.00 -90.00
[12:17:44.515] [ARM-RX] 0.00 90.00 0.00
[12:17:44.515] [ARM-RX] [4] <0.00 -0.01 -0.00> result: 90.00 90.00 -90.00 0.00 90.00 0.00
[12:17:44.515] [ARM-RX] [5] <0.00 -0.01 -0.00> result: 90.00 90.00 -90.00 0.00 90.00 0.00
[12:17:44.516] [ARM-RX] [6] <0.00 -0.02 -0.00> result: 90.00 90.01 -90.00 0.00 90.00 0.00
[12:17:44.516] [ARM-RX] [7] <0.00 -0.03 -0.00> result: 90.00
[12:17:44.536] [ARM-RX] 90.01 -89.99 0.00 90.00 0.00
[12:17:44.537] [ARM-RX] [8] <0.00 -0.04 -0.00> result: 90.00 90.02 -89.99 0.00 90.01 0.00
[12:17:44.537] [ARM-RX] [9] <0.00 -0.06 -0.01> result: 90.00 90.02 -89.98 0.00 90.01 0.00
[12:17:44.537] [ARM-RX] [10] <0.00 -0.08 -0.01> result: 90.00 90.03 -89.98 0.00 90.01 0.00
[12:17:44.537] [ARM-RX] [11] <0.00 -0.10 -0.01>
[12:17:44.561] [ARM-RX] result: 90.00 90.04 -89.97 0.00 90.01 0.00
[12:17:44.561] [ARM-RX] [12] <0.00 -0.13 -0.01> result: 90.00 90.05 -89.96 0.00 90.02 0.00
[12:17:44.562] [ARM-RX] [13] <0.00 -0.16 -0.02> result: 90.00 90.07 -89.96 0.00 90.02 0.00
[12:17:44.562] [ARM-RX] [14] <0.00 -0.20 -0.02> result: 90.00 90.08 -89.95 0.00 90.03 0.00
[12:17:44.562] [ARM-RX] [15] <0.
[12:17:44.582] [ARM-RX] 00 -0.24 -0.03> result: 90.00 90.10 -89.93 0.00 90.03 0.00
[12:17:44.583] [ARM-RX] [16] <0.00 -0.29 -0.03> result: 90.00 90.12 -89.92 0.00 90.04 0.00
[12:17:44.583] [ARM-RX] [17] <0.00 -0.35 -0.04> result: 90.00 90.14 -89.90 0.00 90.05 0.00
[12:17:44.583] [ARM-RX] [18] <0.00 -0.41 -0.05> result: 90.00 90.17 -89.89 0.00 90.0
[12:17:44.605] [ARM-RX] 6 0.00
[12:17:44.606] [ARM-RX] [19] <0.00 -0.48 -0.06> result: 90.00 90.20 -89.87 0.00 90.07 0.00
[12:17:44.606] [ARM-RX] [20] <0.00 -0.56 -0.06> result: 90.00 90.23 -89.85 0.00 90.08 0.00
[12:17:44.606] [ARM-RX] [21] <0.00 -0.64 -0.07> result: 90.00 90.26 -89.82 0.00 90.09 0.00
[12:17:44.607] [ARM-RX] [22] <0.00 -0.73 -0.08> result: 90.00 90.30
[12:17:44.640] [ARM-RX] -89.80 0.00 90.10 0.00
[12:17:44.640] [ARM-RX] [23] <0.00 -0.83 -0.10> result: 90.00 90.34 -89.77 0.00 90.11 0.00
[12:17:44.641] [ARM-RX] [24] <0.00 -0.94 -0.11> result: 90.00 90.39 -89.74 0.00 90.13 0.00
[12:17:44.641] [ARM-RX] [25] <0.00 -1.06 -0.12> result: 90.00 90.43 -89.71 0.00 90.14 0.00
[12:17:44.641] [ARM-RX] [26] <0.00 -1.18 -0.14> resu
[12:17:44.662] [ARM-RX] lt: 90.00 90.48 -89.67 0.00 90.16 0.00
[12:17:44.663] [ARM-RX] [27] <0.00 -1.32 -0.15> result: 90.00 90.54 -89.64 0.00 90.17 0.00
[12:17:44.663] [ARM-RX] [28] <0.00 -1.46 -0.17> result: 90.00 90.60 -89.60 0.00 90.19 0.00
[12:17:44.663] [ARM-RX] [29] <0.00 -1.62 -0.19> result: 90.00 90.66 -89.55 0.00 90.21 0.00
[12:17:44.664] [ARM-RX] [30] <0.00 -
[12:17:44.685] [ARM-RX] 1.78 -0.21> result: 90.00 90.72 -89.51 0.00 90.23 0.00
[12:17:44.686] [ARM-RX] [31] <0.00 -1.96 -0.23> result: 90.00 90.79 -89.46 0.00 90.25 0.00
[12:17:44.686] [ARM-RX] [32] <0.00 -2.14 -0.25> result: 90.00 90.87 -89.41 0.00 90.27 0.00
[12:17:44.686] [ARM-RX] [33] <0.00 -2.34 -0.27> result: 90.00 90.94 -89.35 0.00 90.30 0.
[12:17:44.709] [ARM-RX] 00
[12:17:44.709] [ARM-RX] [34] <0.00 -2.54 -0.29> result: 90.00 91.02 -89.30 0.00 90.32 0.00
[12:17:44.709] [ARM-RX] [35] <0.00 -2.76 -0.32> result: 90.00 91.11 -89.24 0.00 90.34 0.00
[12:17:44.709] [ARM-RX] [36] <0.00 -2.99 -0.34> result: 90.00 91.20 -89.17 0.00 90.37 0.00
[12:17:44.710] [ARM-RX] [37] <0.00 -3.23 -0.37> result: 90.00 91.29 -89.
[12:17:44.732] [ARM-RX] 10 0.00 90.39 0.00
[12:17:44.732] [ARM-RX] [38] <0.00 -3.48 -0.40> result: 90.00 91.38 -89.04 0.00 90.42 0.00
[12:17:44.732] [ARM-RX] [39] <0.00 -3.74 -0.43> result: 90.00 91.48 -88.96 0.00 90.45 0.00
[12:17:44.733] [ARM-RX] [40] <0.00 -4.02 -0.46> result: 90.00 91.59 -88.89 0.00 90.47 0.00
[12:17:44.733] [ARM-RX] [41] <0.00 -4.30 -0.50> result:
[12:17:44.754] [ARM-RX] 90.00 91.69 -88.81 0.00 90.50 0.00
[12:17:44.754] [ARM-RX] [42] <0.00 -4.60 -0.53> result: 90.00 91.81 -88.72 0.00 90.53 0.00
[12:17:44.755] [ARM-RX] [43] <0.00 -4.91 -0.57> result: 90.00 91.92 -88.64 0.00 90.56 0.00
[12:17:44.755] [ARM-RX] [44] <0.00 -5.23 -0.60> result: 90.00 92.04 -88.55 0.00 90.58 0.00
[12:17:44.755] [ARM-RX] [45] <0.00 -5.56
[12:17:44.780] [ARM-RX] -0.64> result: 90.00 92.16 -88.45 0.00 90.61 0.00
[12:17:44.780] [ARM-RX] [46] <0.00 -5.90 -0.68> result: 90.00 92.28 -88.36 0.00 90.64 0.00
[12:17:44.780] [ARM-RX] [47] <0.00 -6.26 -0.72> result: 90.00 92.41 -88.26 0.00 90.67 0.00
[12:17:44.780] [ARM-RX] [48] <0.00 -6.63 -0.76> result: 90.00 92.55 -88.15 0.00 90.70 0.00
[12:17:44.800] [ARM-RX] [49] <0.00 -7.01 -0.81> result: 90.00 92.68 -88.05 0.00 90.73 0.00
[12:17:44.801] [ARM-RX] [50] <0.00 -7.40 -0.85> result: 90.00 92.82 -87.94 0.00 90.76 0.00
[12:17:44.801] [ARM-RX] [51] <0.00 -7.80 -0.90> result: 90.00 92.96 -87.82 0.00 90.78 0.00
[12:17:44.801] [ARM-RX] [52] <0.00 -8.22 -0.95> result: 90.00 93.10 -87.71 0
[12:17:44.834] [ARM-RX] .00 90.81 0.00
[12:17:44.834] [ARM-RX] [53] <0.00 -8.65 -1.00> result: 90.00 93.25 -87.58 0.00 90.84 0.00
[12:17:44.834] [ARM-RX] [54] <0.00 -9.08 -1.05> result: 90.00 93.40 -87.46 0.00 90.86 0.00
[12:17:44.834] [ARM-RX] [55] <0.00 -9.53 -1.10> result: 90.00 93.55 -87.33 0.00 90.89 0.00
[12:17:44.836] [ARM-RX] [56] <0.00 -10.00 -1.15> result: 90.
[12:17:44.857] [ARM-RX] 00 93.71 -87.20 0.00 90.91 0.00
[12:17:44.858] [ARM-RX] [57] <0.00 -10.47 -1.21> result: 90.00 93.87 -87.07 0.00 90.94 0.00
[12:17:44.858] [ARM-RX] [58] <0.00 -10.95 -1.26> result: 90.00 94.03 -86.93 0.00 90.96 0.00
[12:17:44.858] [ARM-RX] [59] <0.00 -11.45 -1.32> result: 90.00 94.19 -86.79 0.00 90.98 0.00
[12:17:44.858] [ARM-RX] [60] <0.00 -11.9
[12:17:44.881] [ARM-RX] 6 -1.38> result: 90.00 94.35 -86.65 0.00 91.00 0.00
[12:17:44.882] [ARM-RX] [61] <0.00 -12.47 -1.44> result: 90.00 94.52 -86.50 0.00 91.02 0.00
[12:17:44.882] [ARM-RX] [62] <0.00 -13.00 -1.50> result: 90.00 94.69 -86.35 0.00 91.04 0.00
[12:17:44.883] [ARM-RX] [63] <0.00 -13.54 -1.56> result: 90.00 94.86 -86.19 0.00 91.05 0.
[12:17:44.904] [ARM-RX] 00
[12:17:44.904] [ARM-RX] [64] <0.00 -14.09 -1.63> result: 90.00 95.03 -86.04 0.00 91.07 0.00
[12:17:44.904] [ARM-RX] [65] <0.00 -14.65 -1.69> result: 90.00 95.20 -85.88 0.00 91.08 0.00
[12:17:44.905] [ARM-RX] [66] <0.00 -15.21 -1.76> result: 90.00 95.38 -85.72 0.00 91.09 0.00
[12:17:44.905] [ARM-RX] [67] <0.00 -15.79 -1.82> result: 90.00 95.55
[12:17:44.927] [ARM-RX] -85.55 0.00 91.10 0.00
[12:17:44.927] [ARM-RX] [68] <0.00 -16.38 -1.89> result: 90.00 95.73 -85.38 0.00 91.11 0.00
[12:17:44.927] [ARM-RX] [69] <0.00 -16.97 -1.96> result: 90.00 95.91 -85.21 0.00 91.12 0.00
[12:17:44.928] [ARM-RX] [70] <0.00 -17.58 -2.03> result: 90.00 96.09 -85.04 0.00 91.13 0.00
[12:17:44.928] [ARM-RX] [71] <0.00 -18.19 -2.10>
[12:17:44.949] [ARM-RX] result: 90.00 96.27 -84.86 0.00 91.13 0.00
[12:17:44.949] [ARM-RX] [72] <0.00 -18.81 -2.17> result: 90.00 96.45 -84.68 0.00 91.13 0.00
[12:17:44.950] [ARM-RX] [73] <0.00 -19.44 -2.24> result: 90.00 96.63 -84.50 0.00 91.13 0.00
[12:17:44.950] [ARM-RX] [74] <0.00 -20.08 -2.32> result: 90.00 96.81 -84.32 0.00 91.13 0.00
[12:17:44.950] [ARM-RX] [75]
[12:17:44.974] [ARM-RX] <0.00 -20.72 -2.39> result: 90.00 97.00 -84.13 0.00 91.13 0.00
[12:17:44.975] [ARM-RX] [76] <0.00 -21.37 -2.47> result: 90.00 97.18 -83.94 0.00 91.12 0.00
[12:17:44.975] [ARM-RX] [77] <0.00 -22.03 -2.54> result: 90.00 97.36 -83.75 0.00 91.12 0.00
[12:17:44.975] [ARM-RX] [78] <0.00 -22.70 -2.62> result: 90.00 97.55 -83.56 0.
[12:17:45.008] [ARM-RX] 00 91.11 0.00
[12:17:45.008] [ARM-RX] [79] <0.00 -23.37 -2.70> result: 90.00 97.73 -83.37 0.00 91.10 0.00
[12:17:45.008] [ARM-RX] [80] <0.00 -24.04 -2.77> result: 90.00 97.92 -83.17 0.00 91.08 0.00
[12:17:45.009] [ARM-RX] [81] <0.00 -24.72 -2.85> result: 90.00 98.10 -82.97 0.00 91.07 0.00
[12:17:45.009] [ARM-RX] [82] <0.00 -25.41 -2.93> result: 9
[12:17:45.030] [ARM-RX] 0.00 98.28 -82.77 0.00 91.05 0.00
[12:17:45.030] [ARM-RX] [83] <0.00 -26.10 -3.01> result: 90.00 98.47 -82.57 0.00 91.04 0.00
[12:17:45.031] [ARM-RX] [84] <0.00 -26.79 -3.09> result: 90.00 98.65 -82.37 0.00 91.02 0.00
[12:17:45.031] [ARM-RX] [85] <0.00 -27.49 -3.17> result: 90.00 98.83 -82.16 0.00 91.00 0.00
[12:17:45.031] [ARM-RX] [86] <0.00 -28
[12:17:45.053] [ARM-RX] .19 -3.25> result: 90.00 99.01 -81.96 0.00 90.97 0.00
[12:17:45.053] [ARM-RX] [87] <0.00 -28.90 -3.33> result: 90.00 99.20 -81.75 0.00 90.95 0.00
[12:17:45.054] [ARM-RX] [88] <0.00 -29.61 -3.42> result: 90.00 99.38 -81.55 0.00 90.92 0.00
[12:17:45.054] [ARM-RX] [89] <0.00 -30.32 -3.50> result: 90.00 99.56 -81.34 0.00 90.90
[12:17:45.076] [ARM-RX] 0.00
[12:17:45.077] [ARM-RX] [90] <0.00 -31.03 -3.58> result: 90.00 99.74 -81.13 0.00 90.87 0.00
[12:17:45.077] [ARM-RX] [91] <0.00 -31.74 -3.66> result: 90.00 99.92 -80.92 0.00 90.84 0.00
[12:17:45.077] [ARM-RX] [92] <0.00 -32.46 -3.74> result: 90.00 100.09 -80.71 0.00 90.80 0.00
[12:17:45.078] [ARM-RX] [93] <0.00 -33.17 -3.83> result: 90.00 100
[12:17:45.101] [ARM-RX] .27 -80.50 0.00 90.77 0.00
[12:17:45.101] [ARM-RX] [94] <0.00 -33.89 -3.91> result: 90.00 100.44 -80.29 0.00 90.74 0.00
[12:17:45.101] [ARM-RX] [95] <0.00 -34.60 -3.99> result: 90.00 100.62 -80.08 0.00 90.70 0.00
[12:17:45.102] [ARM-RX] [96] <0.00 -35.32 -4.07> result: 90.00 100.79 -79.87 0.00 90.66 0.00
[12:17:45.102] [ARM-RX] [97] <0.00 -36.03
[12:17:45.121] [ARM-RX] -4.16> result: 90.00 100.96 -79.66 0.00 90.62 0.00
[12:17:45.121] [ARM-RX] [98] <0.00 -36.75 -4.24> result: 90.00 101.14 -79.45 0.00 90.58 0.00
[12:17:45.121] [ARM-RX] [99] <0.00 -37.46 -4.32> result: 90.00 101.31 -79.24 0.00 90.54 0.00
[12:17:45.123] [ARM-RX] [100] <0.00 -38.18 -4.41> result: 90.00 101.47 -79.02 0.00 90.50
[12:17:45.144] [ARM-RX] 0.00
[12:17:45.145] [ARM-RX] [101] <0.00 -38.89 -4.49> result: 90.00 101.64 -78.81 0.00 90.46 0.00
[12:17:45.145] [ARM-RX] [102] <0.00 -39.61 -4.57> result: 90.00 101.81 -78.60 0.00 90.41 0.00
[12:17:45.145] [ARM-RX] [103] <0.00 -40.32 -4.65> result: 90.00 101.98 -78.39 0.00 90.37 0.00
[12:17:45.145] [ARM-RX] [104] <0.00 -41.04 -4.74> result: 90
[12:17:45.169] [ARM-RX] .00 102.14 -78.18 0.00 90.32 0.00
[12:17:45.169] [ARM-RX] [105] <0.00 -41.75 -4.82> result: 90.00 102.31 -77.96 0.00 90.27 0.00
[12:17:45.169] [ARM-RX] [106] <0.00 -42.47 -4.90> result: 90.00 102.47 -77.75 0.00 90.22 0.00
[12:17:45.170] [ARM-RX] [107] <0.00 -43.18 -4.98> result: 90.00 102.63 -77.54 0.00 90.17 0.00
[12:17:45.170] [ARM-RX] [108] <0
[12:17:45.203] [ARM-RX] .00 -43.90 -5.07> result: 90.00 102.79 -77.33 0.00 90.12 0.00
[12:17:45.203] [ARM-RX] [109] <0.00 -44.61 -5.15> result: 90.00 102.95 -77.11 0.00 90.07 0.00
[12:17:45.203] [ARM-RX] [110] <0.00 -45.33 -5.23> result: 90.00 103.12 -76.90 0.00 90.02 0.00
[12:17:45.204] [ARM-RX] [111] <0.00 -46.05 -5.31> result: 90.00 103.27 -76.
[12:17:45.225] [ARM-RX] 69 0.00 89.96 0.00
[12:17:45.225] [ARM-RX] [112] <0.00 -46.76 -5.40> result: 90.00 103.43 -76.47 0.00 89.91 0.00
[12:17:45.225] [ARM-RX] [113] <0.00 -47.48 -5.48> result: 90.00 103.59 -76.26 0.00 89.85 0.00
[12:17:45.226] [ARM-RX] [114] <0.00 -48.19 -5.56> result: 90.00 103.75 -76.05 0.00 89.80 0.00
[12:17:45.226] [ARM-RX] [115] <0.00 -48.91 -5.6
[12:17:45.253] [ARM-RX] 4> result: 90.00 103.91 -75.83 0.00 89.74 0.00
[12:17:45.253] [ARM-RX] [116] <0.00 -49.62 -5.73> result: 90.00 104.06 -75.62 0.00 89.68 0.00
[12:17:45.253] [ARM-RX] [117] <0.00 -50.34 -5.81> result: 90.00 104.22 -75.40 0.00 89.62 0.00
[12:17:45.254] [ARM-RX] [118] <0.00 -51.05 -5.89> result: 90.00 104.37 -75.19 0.00 89.56 0
[12:17:45.272] [ARM-RX] .00
[12:17:45.272] [ARM-RX] [119] <0.00 -51.77 -5.97> result: 90.00 104.53 -74.98 0.00 89.50 0.00
[12:17:45.272] [ARM-RX] [120] <0.00 -52.48 -6.06> result: 90.00 104.68 -74.76 0.00 89.44 0.00
[12:17:45.272] [ARM-RX] [121] <0.00 -53.20 -6.14> result: 90.00 104.83 -74.55 0.00 89.38 0.00
[12:17:45.273] [ARM-RX] [122] <0.00 -53.91 -6.22> result: 90.0
[12:17:45.294] [ARM-RX] 0 104.99 -74.33 0.00 89.32 0.00
[12:17:45.295] [ARM-RX] [123] <0.00 -54.63 -6.30> result: 90.00 105.14 -74.12 0.00 89.25 0.00
[12:17:45.295] [ARM-RX] [124] <0.00 -55.34 -6.39> result: 90.00 105.29 -73.90 0.00 89.19 0.00
[12:17:45.295] [ARM-RX] [125] <0.00 -56.06 -6.47> result: 90.00 105.44 -73.68 0.00 89.12 0.00
[12:17:45.295] [ARM-RX] [126] <0.0
[12:17:45.317] [ARM-RX] 0 -56.77 -6.55> result: 90.00 105.59 -73.47 0.00 89.06 0.00
[12:17:45.318] [ARM-RX] [127] <0.00 -57.49 -6.63> result: 90.00 105.74 -73.25 0.00 88.99 0.00
[12:17:45.318] [ARM-RX] [128] <0.00 -58.20 -6.72> result: 90.00 105.89 -73.04 0.00 88.93 0.00
[12:17:45.318] [ARM-RX] [129] <0.00 -58.92 -6.80> result: 90.00 106.04 -72.82
[12:17:45.341] [ARM-RX] 0.00 88.86 0.00
[12:17:45.341] [ARM-RX] [130] <0.00 -59.64 -6.88> result: 90.00 106.19 -72.60 0.00 88.79 0.00
[12:17:45.346] [ARM-RX] [131] <0.00 -60.35 -6.96> result: 90.00 106.33 -72.39 0.00 88.72 0.00
[12:17:45.346] [ARM-RX] [132] <0.00 -61.07 -7.05> result: 90.00 106.48 -72.17 0.00 88.65 0.00
[12:17:45.348] [ARM-RX] [133] <0.00 -61.78 -7.13>
[12:17:45.374] [ARM-RX] result: 90.00 106.63 -71.95 0.00 88.58 0.00
[12:17:45.374] [ARM-RX] [134] <0.00 -62.50 -7.21> result: 90.00 106.77 -71.74 0.00 88.51 0.00
[12:17:45.375] [ARM-RX] [135] <0.00 -63.21 -7.29> result: 90.00 106.92 -71.52 0.00 88.44 0.00
[12:17:45.375] [ARM-RX] [136] <0.00 -63.93 -7.38> result: 90.00 107.07 -71.30 0.00 88.37 0.0
[12:17:45.397] [ARM-RX] 0
[12:17:45.398] [ARM-RX] [137] <0.00 -64.64 -7.46> result: 90.00 107.21 -71.09 0.00 88.30 0.00
[12:17:45.398] [ARM-RX] [138] <0.00 -65.36 -7.54> result: 90.00 107.36 -70.87 0.00 88.22 0.00
[12:17:45.398] [ARM-RX] [139] <0.00 -66.07 -7.62> result: 90.00 107.50 -70.65 0.00 88.15 0.00
[12:17:45.398] [ARM-RX] [140] <0.00 -66.79 -7.71> result: 90.00
[12:17:45.420] [ARM-RX] 107.64 -70.43 0.00 88.08 0.00
[12:17:45.421] [ARM-RX] [141] <0.00 -67.50 -7.79> result: 90.00 107.79 -70.21 0.00 88.00 0.00
[12:17:45.421] [ARM-RX] [142] <0.00 -68.22 -7.87> result: 90.00 107.93 -70.00 0.00 87.93 0.00
[12:17:45.421] [ARM-RX] [143] <0.00 -68.93 -7.95> result: 90.00 108.07 -69.78 0.00 87.85 0.00
[12:17:45.421] [ARM-RX] [144] <0.00
[12:17:45.444] [ARM-RX] -69.65 -8.04> result: 90.00 108.22 -69.56 0.00 87.78 0.00
[12:17:45.444] [ARM-RX] [145] <0.00 -70.36 -8.12> result: 90.00 108.36 -69.34 0.00 87.70 0.00
[12:17:45.444] [ARM-RX] [146] <0.00 -71.08 -8.20> result: 90.00 108.50 -69.12 0.00 87.62 0.00
[12:17:45.445] [ARM-RX] [147] <0.00 -71.79 -8.28> result: 90.00 108.64 -68.90 0
[12:17:45.469] [ARM-RX] .00 87.54 0.00
[12:17:45.469] [ARM-RX] [148] <0.00 -72.51 -8.37> result: 90.00 108.78 -68.68 0.00 87.47 0.00
[12:17:45.469] [ARM-RX] [149] <0.00 -73.23 -8.45> result: 90.00 108.93 -68.46 0.00 87.39 0.00
[12:17:45.470] [ARM-RX] [150] <0.00 -73.94 -8.53> result: 90.00 109.07 -68.24 0.00 87.31 0.00
[12:17:45.470] [ARM-RX] [151] <0.00 -74.66 -8.61> r
[12:17:45.490] [ARM-RX] esult: 90.00 109.21 -68.02 0.00 87.23 0.00
[12:17:45.490] [ARM-RX] [152] <0.00 -75.37 -8.70> result: 90.00 109.35 -67.80 0.00 87.15 0.00
[12:17:45.490] [ARM-RX] [153] <0.00 -76.09 -8.78> result: 90.00 109.49 -67.58 0.00 87.07 0.00
[12:17:45.491] [ARM-RX] [154] <0.00 -76.80 -8.86> result: 90.00 109.63 -67.36 0.00 86.99 0.00
[12:17:45.512] [ARM-RX] [155] <0.00 -77.52 -8.94> result: 90.00 109.76 -67.14 0.00 86.91 0.00
[12:17:45.513] [ARM-RX] [156] <0.00 -78.23 -9.03> result: 90.00 109.90 -66.92 0.00 86.83 0.00
[12:17:45.513] [ARM-RX] [157] <0.00 -78.95 -9.11> result: 90.00 110.04 -66.70 0.00 86.74 0.00
[12:17:45.513] [ARM-RX] [158] <0.00 -79.66 -9.19> result: 90.00 11
[12:17:45.535] [ARM-RX] 0.18 -66.48 0.00 86.66 0.00
[12:17:45.536] [ARM-RX] [159] <0.00 -80.38 -9.27> result: 90.00 110.32 -66.26 0.00 86.58 0.00
[12:17:45.536] [ARM-RX] [160] <0.00 -81.09 -9.36> result: 90.00 110.46 -66.04 0.00 86.50 0.00
[12:17:45.536] [ARM-RX] [161] <0.00 -81.81 -9.44> result: 90.00 110.60 -65.82 0.00 86.41 0.00
[12:17:45.536] [ARM-RX] [162] <0.00 -8
[12:17:45.570] [ARM-RX] 2.52 -9.52> result: 90.00 110.73 -65.59 0.00 86.33 0.00
[12:17:45.570] [ARM-RX] [163] <0.00 -83.24 -9.60> result: 90.00 110.87 -65.37 0.00 86.24 0.00
[12:17:45.570] [ARM-RX] [164] <0.00 -83.95 -9.69> result: 90.00 111.01 -65.15 0.00 86.16 0.00
[12:17:45.571] [ARM-RX] [165] <0.00 -84.67 -9.77> result: 90.00 111.14 -64.93 0.0
[12:17:45.593] [ARM-RX] 0 86.07 0.00
[12:17:45.594] [ARM-RX] [166] <0.00 -85.38 -9.85> result: 90.00 111.28 -64.71 0.00 85.99 0.00
[12:17:45.594] [ARM-RX] [167] <0.00 -86.10 -9.93> result: 90.00 111.42 -64.48 0.00 85.90 0.00
[12:17:45.594] [ARM-RX] [168] <0.00 -86.81 -10.02> result: 90.00 111.55 -64.26 0.00 85.81 0.00
[12:17:45.594] [ARM-RX] [169] <0.00 -87.53 -10.10> r
[12:17:45.616] [ARM-RX] esult: 90.00 111.69 -64.04 0.00 85.73 0.00
[12:17:45.617] [ARM-RX] [170] <0.00 -88.25 -10.18> result: 90.00 111.83 -63.81 0.00 85.64 0.00
[12:17:45.617] [ARM-RX] [171] <0.00 -88.96 -10.26> result: 90.00 111.96 -63.59 0.00 85.55 0.00
[12:17:45.617] [ARM-RX] [172] <0.00 -89.68 -10.35> result: 90.00 112.10 -63.37 0.00 85.46 0.
[12:17:45.639] [ARM-RX] 00
[12:17:45.639] [ARM-RX] [173] <0.00 -90.39 -10.43> result: 90.00 112.23 -63.14 0.00 85.38 0.00
[12:17:45.639] [ARM-RX] [174] <0.00 -91.11 -10.51> result: 90.00 112.37 -62.92 0.00 85.29 0.00
[12:17:45.641] [ARM-RX] [175] <0.00 -91.82 -10.59> result: 90.00 112.50 -62.70 0.00 85.20 0.00
[12:17:45.641] [ARM-RX] [176] <0.00 -92.54 -10.68> result: 9
[12:17:45.663] [ARM-RX] 0.00 112.64 -62.47 0.00 85.11 0.00
[12:17:45.663] [ARM-RX] [177] <0.00 -93.25 -10.76> result: 90.00 112.77 -62.25 0.00 85.02 0.00
[12:17:45.663] [ARM-RX] [178] <0.00 -93.97 -10.84> result: 90.00 112.91 -62.02 0.00 84.93 0.00
[12:17:45.664] [ARM-RX] [179] <0.00 -94.68 -10.92> result: 90.00 113.04 -61.80 0.00 84.84 0.00
[12:17:45.664] [ARM-RX] [180
[12:17:45.686] [ARM-RX] ] <0.00 -95.40 -11.01> result: 90.00 113.18 -61.57 0.00 84.75 0.00
[12:17:45.686] [ARM-RX] [181] <0.00 -96.11 -11.09> result: 90.00 113.31 -61.35 0.00 84.66 0.00
[12:17:45.687] [ARM-RX] [182] <0.00 -96.83 -11.17> result: 90.00 113.44 -61.12 0.00 84.57 0.00
[12:17:45.687] [ARM-RX] [183] <0.00 -97.54 -11.26> result: 90.00 113
[12:17:45.708] [ARM-RX] .58 -60.90 0.00 84.48 0.00
[12:17:45.709] [ARM-RX] [184] <0.00 -98.26 -11.34> result: 90.00 113.71 -60.67 0.00 84.38 0.00
[12:17:45.709] [ARM-RX] [185] <0.00 -98.97 -11.42> result: 90.00 113.85 -60.45 0.00 84.29 0.00
[12:17:45.710] [ARM-RX] [186] <0.00 -99.68 -11.50> result: 90.00 113.98 -60.22 0.00 84.20 0.00
[12:17:45.710] [ARM-RX] [187] <0.00
[12:17:45.742] [ARM-RX] -100.39 -11.58> result: 90.00 114.11 -60.00 0.00 84.11 0.00
[12:17:45.743] [ARM-RX] [188] <0.00 -101.10 -11.67> result: 90.00 114.24 -59.77 0.00 84.01 0.00
[12:17:45.743] [ARM-RX] [189] <0.00 -101.80 -11.75> result: 90.00 114.37 -59.55 0.00 83.92 0.00
[12:17:45.743] [ARM-RX] [190] <0.00 -102.51 -11.83> result: 90.00 114.50
[12:17:45.765] [ARM-RX] -59.33 0.00 83.83 0.00
[12:17:45.766] [ARM-RX] [191] <0.00 -103.20 -11.91> result: 90.00 114.63 -59.10 0.00 83.74 0.00
[12:17:45.766] [ARM-RX] [192] <0.00 -103.90 -11.99> result: 90.00 114.76 -58.88 0.00 83.65 0.00
[12:17:45.766] [ARM-RX] [193] <0.00 -104.59 -12.07> result: 90.00 114.89 -58.66 0.00 83.56 0.00
[12:17:45.766] [ARM-RX] [194] <0.00 -
[12:17:45.789] [ARM-RX] 105.28 -12.15> result: 90.00 115.02 -58.44 0.00 83.46 0.00
[12:17:45.789] [ARM-RX] [195] <0.00 -105.96 -12.23> result: 90.00 115.15 -58.23 0.00 83.37 0.00
[12:17:45.789] [ARM-RX] [196] <0.00 -106.63 -12.30> result: 90.00 115.27 -58.01 0.00 83.28 0.00
[12:17:45.790] [ARM-RX] [197] <0.00 -107.30 -12.38> result: 90.00 115.40 -
[12:17:45.813] [ARM-RX] 57.80 0.00 83.19 0.00
[12:17:45.813] [ARM-RX] [198] <0.00 -107.97 -12.46> result: 90.00 115.52 -57.59 0.00 83.10 0.00
[12:17:45.814] [ARM-RX] [199] <0.00 -108.62 -12.53> result: 90.00 115.64 -57.38 0.00 83.02 0.00
[12:17:45.814] [ARM-RX] [200] <0.00 -109.28 -12.61> result: 90.00 115.76 -57.17 0.00 82.93 0.00
[12:17:45.814] [ARM-RX] [201] <0.00 -1
[12:17:45.834] [ARM-RX] 09.92 -12.68> result: 90.00 115.88 -56.96 0.00 82.84 0.00
[12:17:45.835] [ARM-RX] [202] <0.00 -110.56 -12.76> result: 90.00 116.00 -56.76 0.00 82.75 0.00
[12:17:45.835] [ARM-RX] [203] <0.00 -111.19 -12.83> result: 90.00 116.11 -56.55 0.00 82.67 0.00
[12:17:45.835] [ARM-RX] [204] <0.00 -111.81 -12.90> result: 90.00 116.23 -5
[12:17:45.858] [ARM-RX] 6.36 0.00 82.58 0.00
[12:17:45.858] [ARM-RX] [205] <0.00 -112.42 -12.97> result: 90.00 116.34 -56.16 0.00 82.50 0.00
[12:17:45.858] [ARM-RX] [206] <0.00 -113.02 -13.04> result: 90.00 116.45 -55.96 0.00 82.42 0.00
[12:17:45.858] [ARM-RX] [207] <0.00 -113.62 -13.11> result: 90.00 116.56 -55.77 0.00 82.33 0.00
[12:17:45.859] [ARM-RX] [208] <0.00 -11
[12:17:45.880] [ARM-RX] 4.21 -13.18> result: 90.00 116.67 -55.58 0.00 82.25 0.00
[12:17:45.880] [ARM-RX] [209] <0.00 -114.79 -13.24> result: 90.00 116.78 -55.40 0.00 82.17 0.00
[12:17:45.881] [ARM-RX] [210] <0.00 -115.35 -13.31> result: 90.00 116.88 -55.21 0.00 82.10 0.00
[12:17:45.881] [ARM-RX] [211] <0.00 -115.91 -13.37> result: 90.00 116.99 -55
[12:17:45.907] [ARM-RX] .03 0.00 82.02 0.00
[12:17:45.907] [ARM-RX] [212] <0.00 -116.46 -13.44> result: 90.00 117.09 -54.86 0.00 81.94 0.00
[12:17:45.908] [ARM-RX] [213] <0.00 -117.00 -13.50> result: 90.00 117.19 -54.68 0.00 81.87 0.00
[12:17:45.908] [ARM-RX] [214] <0.00 -117.53 -13.56> result: 90.00 117.28 -54.51 0.00 81.79 0.00
[12:17:45.908] [ARM-RX] [215] <0.00 -118
[12:17:45.938] [ARM-RX] .04 -13.62> result: 90.00 117.38 -54.34 0.00 81.72 0.00
[12:17:45.938] [ARM-RX] [216] <0.00 -118.55 -13.68> result: 90.00 117.47 -54.18 0.00 81.65 0.00
[12:17:45.939] [ARM-RX] [217] <0.00 -119.05 -13.74> result: 90.00 117.56 -54.02 0.00 81.58 0.00
[12:17:45.939] [ARM-RX] [218] <0.00 -119.53 -13.79> result: 90.00 117.65 -53.
[12:17:45.961] [ARM-RX] 86 0.00 81.51 0.00
[12:17:45.961] [ARM-RX] [219] <0.00 -120.00 -13.85> result: 90.00 117.74 -53.71 0.00 81.45 0.00
[12:17:45.961] [ARM-RX] [220] <0.00 -120.47 -13.90> result: 90.00 117.82 -53.56 0.00 81.38 0.00
[12:17:45.963] [ARM-RX] [221] <0.00 -120.92 -13.95> result: 90.00 117.91 -53.41 0.00 81.32 0.00
[12:17:45.963] [ARM-RX] [222] <0.00 -121.
[12:17:45.984] [ARM-RX] 35 -14.00> result: 90.00 117.99 -53.27 0.00 81.25 0.00
[12:17:45.985] [ARM-RX] [223] <0.00 -121.78 -14.05> result: 90.00 118.07 -53.13 0.00 81.19 0.00
[12:17:45.985] [ARM-RX] [224] <0.00 -122.20 -14.10> result: 90.00 118.14 -52.99 0.00 81.13 0.00
[12:17:45.986] [ARM-RX] [225] <0.00 -122.60 -14.15> result: 90.00 118.22 -52.8
[12:17:46.007] [ARM-RX] 6 0.00 81.08 0.00
[12:17:46.008] [ARM-RX] [226] <0.00 -122.99 -14.19> result: 90.00 118.29 -52.73 0.00 81.02 0.00
[12:17:46.008] [ARM-RX] [227] <0.00 -123.37 -14.24> result: 90.00 118.36 -52.61 0.00 80.97 0.00
[12:17:46.008] [ARM-RX] [228] <0.00 -123.74 -14.28> result: 90.00 118.43 -52.49 0.00 80.91 0.00
[12:17:46.009] [ARM-RX] [229] <0.00 -124.1
[12:17:46.031] [ARM-RX] 0 -14.32> result: 90.00 118.49 -52.37 0.00 80.86 0.00
[12:17:46.031] [ARM-RX] [230] <0.00 -124.44 -14.36> result: 90.00 118.55 -52.26 0.00 80.81 0.00
[12:17:46.031] [ARM-RX] [231] <0.00 -124.77 -14.40> result: 90.00 118.62 -52.15 0.00 80.77 0.00
[12:17:46.031] [ARM-RX] [232] <0.00 -125.09 -14.43> result: 90.00 118.67 -52.05
[12:17:46.053] [ARM-RX] 0.00 80.72 0.00
[12:17:46.053] [ARM-RX] [233] <0.00 -125.40 -14.47> result: 90.00 118.73 -51.94 0.00 80.68 0.00
[12:17:46.054] [ARM-RX] [234] <0.00 -125.70 -14.50> result: 90.00 118.79 -51.85 0.00 80.63 0.00
[12:17:46.054] [ARM-RX] [235] <0.00 -125.98 -14.54> result: 90.00 118.84 -51.75 0.00 80.59 0.00
[12:17:46.054] [ARM-RX] [236] <0.00 -126.26
[12:17:46.076] [ARM-RX] -14.57> result: 90.00 118.89 -51.66 0.00 80.55 0.00
[12:17:46.076] [ARM-RX] [237] <0.00 -126.52 -14.60> result: 90.00 118.94 -51.58 0.00 80.52 0.00
[12:17:46.076] [ARM-RX] [238] <0.00 -126.77 -14.63> result: 90.00 118.98 -51.50 0.00 80.48 0.00
[12:17:46.077] [ARM-RX] [239] <0.00 -127.01 -14.66> result: 90.00 119.03 -51.42
[12:17:46.111] [ARM-RX] 0.00 80.44 0.00
[12:17:46.111] [ARM-RX] [240] <0.00 -127.24 -14.68> result: 90.00 119.07 -51.34 0.00 80.41 0.00
[12:17:46.112] [ARM-RX] [241] <0.00 -127.46 -14.71> result: 90.00 119.11 -51.27 0.00 80.38 0.00
[12:17:46.112] [ARM-RX] [242] <0.00 -127.66 -14.73> result: 90.00 119.15 -51.20 0.00 80.35 0.00
[12:17:46.112] [ARM-RX] [243] <0.00 -127.86
[12:17:46.133] [ARM-RX] -14.75> result: 90.00 119.18 -51.14 0.00 80.32 0.00
[12:17:46.133] [ARM-RX] [244] <0.00 -128.04 -14.77> result: 90.00 119.22 -51.08 0.00 80.30 0.00
[12:17:46.133] [ARM-RX] [245] <0.00 -128.22 -14.79> result: 90.00 119.25 -51.02 0.00 80.27 0.00
[12:17:46.134] [ARM-RX] [246] <0.00 -128.38 -14.81> result: 90.00 119.28 -50.97 0
[12:17:46.156] [ARM-RX] .00 80.25 0.00
[12:17:46.156] [ARM-RX] [247] <0.00 -128.53 -14.83> result: 90.00 119.31 -50.92 0.00 80.22 0.00
[12:17:46.157] [ARM-RX] [248] <0.00 -128.68 -14.85> result: 90.00 119.33 -50.87 0.00 80.20 0.00
[12:17:46.157] [ARM-RX] [249] <0.00 -128.82 -14.86> result: 90.00 119.36 -50.82 0.00 80.18 0.00
[12:17:46.157] [ARM-RX] [250] <0.00 -128.94 -
[12:17:46.179] [ARM-RX] 14.88> result: 90.00 119.38 -50.78 0.00 80.16 0.00
[12:17:46.179] [ARM-RX] [251] <0.00 -129.06 -14.89> result: 90.00 119.40 -50.74 0.00 80.15 0.00
[12:17:46.180] [ARM-RX] [252] <0.00 -129.17 -14.90> result: 90.00 119.42 -50.71 0.00 80.13 0.00
[12:17:46.180] [ARM-RX] [253] <0.00 -129.27 -14.92> result: 90.00 119.44 -50.68 0.
[12:17:46.202] [ARM-RX] 00 80.12 0.00
[12:17:46.202] [ARM-RX] [254] <0.00 -129.36 -14.93> result: 90.00 119.46 -50.65 0.00 80.10 0.00
[12:17:46.202] [ARM-RX] [255] <0.00 -129.44 -14.94> result: 90.00 119.47 -50.62 0.00 80.09 0.00
[12:17:46.204] [ARM-RX] [256] <0.00 -129.52 -14.94> result: 90.00 119.49 -50.59 0.00 80.08 0.00
[12:17:46.204] [ARM-RX] [257] <0.00 -129.59 -1
[12:17:46.227] [ARM-RX] 4.95> result: 90.00 119.50 -50.57 0.00 80.07 0.00
[12:17:46.227] [ARM-RX] [258] <0.00 -129.65 -14.96> result: 90.00 119.51 -50.55 0.00 80.06 0.00
[12:17:46.227] [ARM-RX] [259] <0.00 -129.71 -14.97> result: 90.00 119.52 -50.53 0.00 80.05 0.00
[12:17:46.228] [ARM-RX] [260] <0.00 -129.76 -14.97> result: 90.00 119.53 -50.51 0.0
[12:17:46.248] [ARM-RX] 0 80.05 0.00
[12:17:46.249] [ARM-RX] [261] <0.00 -129.80 -14.98> result: 90.00 119.54 -50.50 0.00 80.04 0.00
[12:17:46.249] [ARM-RX] [262] <0.00 -129.84 -14.98> result: 90.00 119.55 -50.49 0.00 80.03 0.00
[12:17:46.249] [ARM-RX] [263] <0.00 -129.87 -14.99> result: 90.00 119.55 -50.48 0.00 80.03 0.00
[12:17:46.249] [ARM-RX] [264] <0.00 -129.90 -14
[12:17:46.272] [ARM-RX] .99> result: 90.00 119.56 -50.47 0.00 80.02 0.00
[12:17:46.272] [ARM-RX] [265] <0.00 -129.92 -14.99> result: 90.00 119.56 -50.46 0.00 80.02 0.00
[12:17:46.272] [ARM-RX] [266] <0.00 -129.94 -14.99> result: 90.00 119.57 -50.45 0.00 80.02 0.00
[12:17:46.273] [ARM-RX] [267] <0.00 -129.96 -15.00> result: 90.00 119.57 -50.45 0.00
[12:17:46.306] [ARM-RX] 80.02 0.00
[12:17:46.306] [ARM-RX] [268] <0.00 -129.97 -15.00> result: 90.00 119.57 -50.44 0.00 80.01 0.00
[12:17:46.307] [ARM-RX] [269] <0.00 -129.98 -15.00> result: 90.00 119.57 -50.44 0.00 80.01 0.00
[12:17:46.307] [ARM-RX] [270] <0.00 -129.99 -15.00> result: 90.00 119.57 -50.44 0.00 80.01 0.00
[12:17:46.307] [ARM-RX] [271] <0.00 -129.99 -15.
[12:17:46.329] [ARM-RX] 00> result: 90.00 119.58 -50.44 0.00 80.01 0.00
[12:17:46.330] [ARM-RX] [272] <0.00 -130.00 -15.00> result: 90.00 119.58 -50.43 0.00 80.01 0.00
[12:17:46.330] [ARM-RX] [273] <0.00 -130.00 -15.00> result: 90.00 119.58 -50.43 0.00 80.01 0.00
[12:17:46.330] [ARM-RX] [274] <0.00 -130.00 -15.00> result: 90.00 119.58 -50.43 0.00
[12:17:46.387] [ARM-RX] 80.01 0.00
[12:17:46.388] [ARM-RX] [275] <0.00 -130.00 -15.00> result: 90.00 119.58 -50.43 0.00 80.01 0.00
[12:17:46.388] [ARM-RX] [276] <0.00 -130.00 -15.00> result: 90.00 119.58 -50.43 0.00 80.01 0.00
[12:17:49.250] [ARM-RX] [joint 1] ave_error:0.00
[12:17:49.250] [ARM-RX] [joint 2] ave_error:1.85
[12:17:49.250] [ARM-RX] [joint 3] ave_error:2.08
[12:17:49.251] [ARM-RX] [joint 4] ave_error:0.00
[12:17:49.251] [ARM-RX] [joint 5] ave_error:0.69
[12:17:49.251] [ARM-RX] robot pid run finished!!
[12:17:49.314] [ARM-RX] [joint_id: 0] ROBOT_JOINT_ABS_ROTATE 65.000000
[12:17:50.563] [ARM-RX] [joint_id: 3] ROBOT_JOINT_ABS_ROTATE 330.000000
[12:17:52.060] [ARM-RX] [joint_id: 4] ROBOT_JOINT_ABS_ROTATE 85.000000
[12:17:52.373] [JETSON-RX] A5 5A 01 81 35 03 10 01 00 99 C4
[12:17:52.373] [JETSON-STATUS] CAPTURE_POINT_LEFT: A5 5A 01 81 35 03 10 01 00 99 C4
[12:17:57.901] [JETSON-TX] CAPTURE_CTRL a=1 p=2: A5 5A 01 04 6F 02 01 02 CC 8F
[12:17:57.970] [ARM-RX] [JETSON_RX] capture_ctrl action=1 point=2
[12:17:57.970] [ARM-RX] [CAPTURE] request action=1 point=2
[12:17:57.970] [ARM-RX] [CAPTURE] base pose ready, skip repeated auto
[12:17:57.971] [ARM-RX] [joint_id: 0] ROBOT_JOINT_ABS_ROTATE 90.000000
[12:17:59.278] [ARM-RX] [joint_id: 3] ROBOT_JOINT_ABS_ROTATE 0.000000
[12:18:00.773] [ARM-RX] [joint_id: 4] ROBOT_JOINT_ABS_ROTATE 80.000000
[12:18:01.114] [JETSON-RX] A5 5A 01 81 8D 03 10 02 00 39 2F
[12:18:01.114] [JETSON-STATUS] CAPTURE_POINT_FRONT: A5 5A 01 81 8D 03 10 02 00 39 2F
[12:18:04.408] [JETSON-TX] CAPTURE_CTRL a=1 p=3: A5 5A 01 04 B1 02 01 03 37 67
[12:18:04.450] [ARM-RX] [JETSON_RX] capture_ctrl action=1 point=3
[12:18:04.452] [ARM-RX] [CAPTURE] request action=1 point=3
[12:18:04.452] [ARM-RX] [CAPTURE] base pose ready, skip repeated auto
[12:18:04.452] [ARM-RX] [joint_id: 0] ROBOT_JOINT_ABS_ROTATE 115.000000
[12:18:05.763] [ARM-RX] [joint_id: 3] ROBOT_JOINT_ABS_ROTATE 35.000000
[12:18:07.334] [ARM-RX] [joint_id: 4] ROBOT_JOINT_ABS_ROTATE 80.000000
[12:18:07.505] [JETSON-RX] A5 5A 01 81 CF 03 10 03 00 40 B0
[12:18:07.505] [JETSON-STATUS] CAPTURE_POINT_RIGHT: A5 5A 01 81 CF 03 10 03 00 40 B0
[12:18:09.779] [ARM-RX] [JETSON_RX] crc failed type=0xA5 rx=0x03E6 calc=0x8CDA
[12:18:25.657] [JETSON-TX] CAPTURE_CTRL a=2 p=0: A5 5A 01 04 87 02 02 00 78 1E
[12:18:25.728] [ARM-RX] [JETSON_RX] capture_ctrl action=2 point=0
[12:18:25.728] [ARM-RX] [CAPTURE] request action=2 point=0
[12:18:25.728] [ARM-RX] ROBOT_SOFT_RESET_EVENT
[12:18:25.728] [ARM-RX] --- Starting soft reset ---
[12:18:25.919] [ARM-RX] Soft reset motors enabled (J1~J5, J6 skipped).
[12:18:25.919] [ARM-RX] Soft resetting joint 4...
[12:18:25.919] [ARM-RX] robot_update_current_angle 4...
[12:18:25.920] [ARM-RX] [4] current:79.27, target:90.00, dir:1
[12:18:26.984] [ARM-RX] Soft resetting joint 3...
[12:18:26.984] [ARM-RX] robot_update_current_angle 3...
[12:18:26.984] [ARM-RX] [3] current:35.93, target:0.00, dir:-1
[12:18:29.052] [ARM-RX] soft reset joint 3 settle timeout, keep going
[12:18:29.052] [ARM-RX] Soft resetting joint 1...
[12:18:29.053] [ARM-RX] robot_update_current_angle 1...
[12:18:29.055] [ARM-RX] [1] current:119.37, target:90.00, dir:-1
[12:18:30.993] [ARM-RX] soft reset joint 1 settle timeout, keep going
[12:18:30.993] [ARM-RX] Soft resetting joint 2...
[12:18:31.056] [ARM-RX] robot_update_current_angle 2...
[12:18:31.056] [ARM-RX] [2] current:-51.09, target:-90.00, dir:-1
[12:18:33.178] [ARM-RX] soft reset joint 2 settle timeout, keep going
[12:18:33.178] [ARM-RX] Soft resetting joint 0...
[12:18:33.241] [ARM-RX] robot_update_current_angle 0...
[12:18:33.241] [ARM-RX] [0] current:115.52, target:90.00, dir:-1
[12:18:35.049] [ARM-RX] soft reset joint 0 settle timeout, keep going
[12:18:35.049] [ARM-RX] soft reset verify not pass, start refine loop...
[12:18:35.175] [ARM-RX] soft reset refine joint 0 round 1: cur=93.25 target=90.00 err=3.25 dir=-1
[12:18:35.992] [ARM-RX] soft reset refine pass 1 success.
[12:18:35.992] [ARM-RX] soft reset final verify PASS (issues:4), pose set HOME.
[12:18:36.038] [JETSON-RX] A5 5A 01 81 ED 03 11 01 00 E8 17
[12:18:36.038] [JETSON-STATUS] CAPTURE_DONE_HOME: A5 5A 01 81 ED 03 11 01 00 E8 17
[12:18:41.048] [JETSON-INFO] heartbeat stopped
[12:18:41.049] [JETSON-INFO] safe distance stopped
[12:18:41.049] [JETSON-TX] TARGET_CTRL_STOP_NEW: A5 5A 01 02 22 01 00 B9 E2
[12:18:41.061] [ARM-RX] [JETSON_RX] target_ctrl=0
[12:18:41.064] [ARM-RX] ROBOT_SOFT_RESET_EVENT
[12:18:41.064] [ARM-RX] --- Starting soft reset ---
[12:18:41.108] [JETSON-RX] A5 5A 01 81 22 03 04 00 00 AC 53
[12:18:41.108] [JETSON-STATUS] TARGET_CTRL_OFF: A5 5A 01 81 22 03 04 00 00 AC 53
[12:18:41.312] [ARM-RX] Soft reset motors enabled (J1~J5, J6 skipped).
[12:18:41.312] [ARM-RX] Soft resetting joint 4...
[12:18:41.312] [ARM-RX] robot_update_current_angle 4...
[12:18:41.313] [ARM-RX] [4] current:90.00, target:90.00, dir:1
[12:18:41.438] [ARM-RX] Soft resetting joint 3...
[12:18:41.498] [ARM-RX] robot_update_current_angle 3...
[12:18:41.498] [ARM-RX] [3] current:-0.00, target:0.00, dir:1
[12:18:41.624] [ARM-RX] Soft resetting joint 1...
[12:18:41.624] [ARM-RX] robot_update_current_angle 1...
[12:18:41.624] [ARM-RX] [1] current:90.00, target:90.00, dir:1
[12:18:41.748] [ARM-RX] Soft resetting joint 2...
[12:18:41.748] [ARM-RX] robot_update_current_angle 2...
[12:18:41.748] [ARM-RX] [2] current:-90.00, target:-90.00, dir:-1
[12:18:41.873] [ARM-RX] Soft resetting joint 0...
[12:18:41.935] [ARM-RX] robot_update_current_angle 0...
[12:18:41.935] [ARM-RX] [0] current:89.88, target:90.00, dir:1
[12:18:42.123] [ARM-RX] soft reset final verify PASS (issues:0), pose set HOME.
[12:18:59.590] [JETSON-INFO] heartbeat started: 200 ms
[12:18:59.591] [JETSON-INFO] safe distance started: 120 mm, 200 ms
[12:18:59.592] [JETSON-TX] CAPTURE_CTRL a=1 p=1: A5 5A 01 04 26 02 01 01 9A D2
[12:18:59.639] [ARM-RX] [JETSON_RX] capture_ctrl action=1 point=1
[12:18:59.639] [ARM-RX] [CAPTURE] request action=1 point=1
[12:18:59.639] [ARM-RX] ROBOT_AUTO_EVENT
[12:18:59.639] [ARM-RX] AUTO slow profile scale=0.40 target=<0.00 -130.00 -1
[12:18:59.657] [ARM-RX] 5.00>
[12:18:59.658] [ARM-RX] [0] <0.00 0.00 0.00> result: 90.00 90.00 -90.00 0.00 90.00 0.00
[12:18:59.658] [ARM-RX] [1] <0.00 -0.00 -0.00> result: 90.00 90.00 -90.00 0.00 90.00 0.00
[12:18:59.658] [ARM-RX] [2] <0.00 -0.00 -0.00> result: 90.00 90.00 -90.00 0.00 90.00 0.00
[12:18:59.658] [ARM-RX] [3] <0.00 -0.00 -0.00> result: 90.00 90.00 -90.00
[12:18:59.682] [ARM-RX] 0.00 90.00 0.00
[12:18:59.682] [ARM-RX] [4] <0.00 -0.01 -0.00> result: 90.00 90.00 -90.00 0.00 90.00 0.00
[12:18:59.682] [ARM-RX] [5] <0.00 -0.01 -0.00> result: 90.00 90.00 -90.00 0.00 90.00 0.00
[12:18:59.683] [ARM-RX] [6] <0.00 -0.02 -0.00> result: 90.00 90.01 -90.00 0.00 90.00 0.00
[12:18:59.683] [ARM-RX] [7] <0.00 -0.03 -0.00> result: 90.00 9
[12:18:59.703] [ARM-RX] 0.01 -89.99 0.00 90.00 0.00
[12:18:59.704] [ARM-RX] [8] <0.00 -0.04 -0.00> result: 90.00 90.02 -89.99 0.00 90.01 0.00
[12:18:59.704] [ARM-RX] [9] <0.00 -0.06 -0.01> result: 90.00 90.02 -89.98 0.00 90.01 0.00
[12:18:59.704] [ARM-RX] [10] <0.00 -0.08 -0.01> result: 90.00 90.03 -89.98 0.00 90.01 0.00
[12:18:59.705] [ARM-RX] [11] <0.00 -0.10 -0.01> r
[12:18:59.726] [ARM-RX] esult: 90.00 90.04 -89.97 0.00 90.01 0.00
[12:18:59.727] [ARM-RX] [12] <0.00 -0.13 -0.01> result: 90.00 90.05 -89.96 0.00 90.02 0.00
[12:18:59.727] [ARM-RX] [13] <0.00 -0.16 -0.02> result: 90.00 90.07 -89.96 0.00 90.02 0.00
[12:18:59.727] [ARM-RX] [14] <0.00 -0.20 -0.02> result: 90.00 90.08 -89.95 0.00 90.03 0.00
[12:18:59.727] [ARM-RX] [15] <0.0
[12:18:59.749] [ARM-RX] 0 -0.24 -0.03> result: 90.00 90.10 -89.93 0.00 90.03 0.00
[12:18:59.749] [ARM-RX] [16] <0.00 -0.29 -0.03> result: 90.00 90.12 -89.92 0.00 90.04 0.00
[12:18:59.749] [ARM-RX] [17] <0.00 -0.35 -0.04> result: 90.00 90.14 -89.90 0.00 90.05 0.00
[12:18:59.749] [ARM-RX] [18] <0.00 -0.41 -0.05> result: 90.00 90.17 -89.89 0.00 90.06
[12:18:59.783] [ARM-RX] 0.00
[12:18:59.783] [ARM-RX] [19] <0.00 -0.48 -0.06> result: 90.00 90.20 -89.87 0.00 90.07 0.00
[12:18:59.784] [ARM-RX] [20] <0.00 -0.56 -0.06> result: 90.00 90.23 -89.85 0.00 90.08 0.00
[12:18:59.784] [ARM-RX] [21] <0.00 -0.64 -0.07> result: 90.00 90.26 -89.82 0.00 90.09 0.00
[12:18:59.784] [ARM-RX] [22] <0.00 -0.73 -0.08> result: 90.00 90.30 -
[12:18:59.806] [ARM-RX] 89.80 0.00 90.10 0.00
[12:18:59.807] [ARM-RX] [23] <0.00 -0.83 -0.10> result: 90.00 90.34 -89.77 0.00 90.11 0.00
[12:18:59.807] [ARM-RX] [24] <0.00 -0.94 -0.11> result: 90.00 90.39 -89.74 0.00 90.13 0.00
[12:18:59.807] [ARM-RX] [25] <0.00 -1.06 -0.12> result: 90.00 90.43 -89.71 0.00 90.14 0.00
[12:18:59.807] [ARM-RX] [26] <0.00 -1.18 -0.14> resul
[12:18:59.829] [ARM-RX] t: 90.00 90.48 -89.67 0.00 90.16 0.00
[12:18:59.830] [ARM-RX] [27] <0.00 -1.32 -0.15> result: 90.00 90.54 -89.64 0.00 90.17 0.00
[12:18:59.830] [ARM-RX] [28] <0.00 -1.46 -0.17> result: 90.00 90.60 -89.60 0.00 90.19 0.00
[12:18:59.830] [ARM-RX] [29] <0.00 -1.62 -0.19> result: 90.00 90.66 -89.55 0.00 90.21 0.00
[12:18:59.830] [ARM-RX] [30] <0.00 -1
[12:18:59.851] [ARM-RX] .78 -0.21> result: 90.00 90.72 -89.51 0.00 90.23 0.00
[12:18:59.853] [ARM-RX] [31] <0.00 -1.96 -0.23> result: 90.00 90.79 -89.46 0.00 90.25 0.00
[12:18:59.853] [ARM-RX] [32] <0.00 -2.14 -0.25> result: 90.00 90.87 -89.41 0.00 90.27 0.00
[12:18:59.854] [ARM-RX] [33] <0.00 -2.34 -0.27> result: 90.00 90.94 -89.35 0.00 90.30 0.0
[12:18:59.875] [ARM-RX] 0
[12:18:59.875] [ARM-RX] [34] <0.00 -2.54 -0.29> result: 90.00 91.02 -89.30 0.00 90.32 0.00
[12:18:59.875] [ARM-RX] [35] <0.00 -2.76 -0.32> result: 90.00 91.11 -89.24 0.00 90.34 0.00
[12:18:59.876] [ARM-RX] [36] <0.00 -2.99 -0.34> result: 90.00 91.20 -89.17 0.00 90.37 0.00
[12:18:59.876] [ARM-RX] [37] <0.00 -3.23 -0.37> result: 90.00 91.29 -89.1
[12:18:59.898] [ARM-RX] 0 0.00 90.39 0.00
[12:18:59.899] [ARM-RX] [38] <0.00 -3.48 -0.40> result: 90.00 91.38 -89.04 0.00 90.42 0.00
[12:18:59.899] [ARM-RX] [39] <0.00 -3.74 -0.43> result: 90.00 91.48 -88.96 0.00 90.45 0.00
[12:18:59.899] [ARM-RX] [40] <0.00 -4.02 -0.46> result: 90.00 91.59 -88.89 0.00 90.47 0.00
[12:18:59.899] [ARM-RX] [41] <0.00 -4.30 -0.50> result: 9
[12:18:59.920] [ARM-RX] 0.00 91.69 -88.81 0.00 90.50 0.00
[12:18:59.921] [ARM-RX] [42] <0.00 -4.60 -0.53> result: 90.00 91.81 -88.72 0.00 90.53 0.00
[12:18:59.921] [ARM-RX] [43] <0.00 -4.91 -0.57> result: 90.00 91.92 -88.64 0.00 90.56 0.00
[12:18:59.921] [ARM-RX] [44] <0.00 -5.23 -0.60> result: 90.00 92.04 -88.55 0.00 90.58 0.00
[12:18:59.921] [ARM-RX] [45] <0.00 -5.56
[12:18:59.944] [ARM-RX] -0.64> result: 90.00 92.16 -88.45 0.00 90.61 0.00
[12:18:59.945] [ARM-RX] [46] <0.00 -5.90 -0.68> result: 90.00 92.28 -88.36 0.00 90.64 0.00
[12:18:59.945] [ARM-RX] [47] <0.00 -6.26 -0.72> result: 90.00 92.41 -88.26 0.00 90.67 0.00
[12:18:59.945] [ARM-RX] [48] <0.00 -6.63 -0.76> result: 90.00 92.55 -88.15 0.00 90.70 0.00
[12:18:59.945] [ARM-RX] [
[12:18:59.980] [ARM-RX] 49] <0.00 -7.01 -0.81> result: 90.00 92.68 -88.05 0.00 90.73 0.00
[12:18:59.982] [ARM-RX] [50] <0.00 -7.40 -0.85> result: 90.00 92.82 -87.94 0.00 90.76 0.00
[12:18:59.982] [ARM-RX] [51] <0.00 -7.80 -0.90> result: 90.00 92.96 -87.82 0.00 90.78 0.00
[12:18:59.982] [ARM-RX] [52] <0.00 -8.22 -0.95> result: 90.00 93.10 -87.71 0.
[12:19:00.001] [ARM-RX] 00 90.81 0.00
[12:19:00.002] [ARM-RX] [53] <0.00 -8.65 -1.00> result: 90.00 93.25 -87.58 0.00 90.84 0.00
[12:19:00.002] [ARM-RX] [54] <0.00 -9.08 -1.05> result: 90.00 93.40 -87.46 0.00 90.86 0.00
[12:19:00.002] [ARM-RX] [55] <0.00 -9.53 -1.10> result: 90.00 93.55 -87.33 0.00 90.89 0.00
[12:19:00.002] [ARM-RX] [56] <0.00 -10.00 -1.15> result: 90.0
[12:19:00.024] [ARM-RX] 0 93.71 -87.20 0.00 90.91 0.00
[12:19:00.025] [ARM-RX] [57] <0.00 -10.47 -1.21> result: 90.00 93.87 -87.07 0.00 90.94 0.00
[12:19:00.025] [ARM-RX] [58] <0.00 -10.95 -1.26> result: 90.00 94.03 -86.93 0.00 90.96 0.00
[12:19:00.025] [ARM-RX] [59] <0.00 -11.45 -1.32> result: 90.00 94.19 -86.79 0.00 90.98 0.00
[12:19:00.025] [ARM-RX] [60] <0.00 -11.96
[12:19:00.047] [ARM-RX] -1.38> result: 90.00 94.35 -86.65 0.00 91.00 0.00
[12:19:00.048] [ARM-RX] [61] <0.00 -12.47 -1.44> result: 90.00 94.52 -86.50 0.00 91.02 0.00
[12:19:00.048] [ARM-RX] [62] <0.00 -13.00 -1.50> result: 90.00 94.69 -86.35 0.00 91.04 0.00
[12:19:00.049] [ARM-RX] [63] <0.00 -13.54 -1.56> result: 90.00 94.86 -86.19 0.00 91.05 0.0
[12:19:00.074] [ARM-RX] 0
[12:19:00.074] [ARM-RX] [64] <0.00 -14.09 -1.63> result: 90.00 95.03 -86.04 0.00 91.07 0.00
[12:19:00.076] [ARM-RX] [65] <0.00 -14.65 -1.69> result: 90.00 95.20 -85.88 0.00 91.08 0.00
[12:19:00.076] [ARM-RX] [66] <0.00 -15.21 -1.76> result: 90.00 95.38 -85.72 0.00 91.09 0.00
[12:19:00.076] [ARM-RX] [67] <0.00 -15.79 -1.82> result: 90.00 95.55 -
[12:19:00.093] [ARM-RX] 85.55 0.00 91.10 0.00
[12:19:00.093] [ARM-RX] [68] <0.00 -16.38 -1.89> result: 90.00 95.73 -85.38 0.00 91.11 0.00
[12:19:00.094] [ARM-RX] [69] <0.00 -16.97 -1.96> result: 90.00 95.91 -85.21 0.00 91.12 0.00
[12:19:00.094] [ARM-RX] [70] <0.00 -17.58 -2.03> result: 90.00 96.09 -85.04 0.00 91.13 0.00
[12:19:00.094] [ARM-RX] [71] <0.00 -18.19 -2.10> r
[12:19:00.116] [ARM-RX] esult: 90.00 96.27 -84.86 0.00 91.13 0.00
[12:19:00.116] [ARM-RX] [72] <0.00 -18.81 -2.17> result: 90.00 96.45 -84.68 0.00 91.13 0.00
[12:19:00.117] [ARM-RX] [73] <0.00 -19.44 -2.24> result: 90.00 96.63 -84.50 0.00 91.13 0.00
[12:19:00.117] [ARM-RX] [74] <0.00 -20.08 -2.32> result: 90.00 96.81 -84.32 0.00 91.13 0.00
[12:19:00.117] [ARM-RX] [75] <
[12:19:00.150] [ARM-RX] 0.00 -20.72 -2.39> result: 90.00 97.00 -84.13 0.00 91.13 0.00
[12:19:00.151] [ARM-RX] [76] <0.00 -21.37 -2.47> result: 90.00 97.18 -83.94 0.00 91.12 0.00
[12:19:00.151] [ARM-RX] [77] <0.00 -22.03 -2.54> result: 90.00 97.36 -83.75 0.00 91.12 0.00
[12:19:00.157] [ARM-RX] [78] <0.00 -22.70 -2.62> result: 90.00 97.55 -83.56 0.0
[12:19:00.173] [ARM-RX] 0 91.11 0.00
[12:19:00.173] [ARM-RX] [79] <0.00 -23.37 -2.70> result: 90.00 97.73 -83.37 0.00 91.10 0.00
[12:19:00.173] [ARM-RX] [80] <0.00 -24.04 -2.77> result: 90.00 97.92 -83.17 0.00 91.08 0.00
[12:19:00.174] [ARM-RX] [81] <0.00 -24.72 -2.85> result: 90.00 98.10 -82.97 0.00 91.07 0.00
[12:19:00.174] [ARM-RX] [82] <0.00 -25.41 -2.93> result: 90
[12:19:00.200] [ARM-RX] .00 98.28 -82.77 0.00 91.05 0.00
[12:19:00.200] [ARM-RX] [83] <0.00 -26.10 -3.01> result: 90.00 98.47 -82.57 0.00 91.04 0.00
[12:19:00.200] [ARM-RX] [84] <0.00 -26.79 -3.09> result: 90.00 98.65 -82.37 0.00 91.02 0.00
[12:19:00.200] [ARM-RX] [85] <0.00 -27.49 -3.17> result: 90.00 98.83 -82.16 0.00 91.00 0.00
[12:19:00.200] [ARM-RX] [86] <0.00 -28.
[12:19:00.219] [ARM-RX] 19 -3.25> result: 90.00 99.01 -81.96 0.00 90.97 0.00
[12:19:00.219] [ARM-RX] [87] <0.00 -28.90 -3.33> result: 90.00 99.20 -81.75 0.00 90.95 0.00
[12:19:00.220] [ARM-RX] [88] <0.00 -29.61 -3.42> result: 90.00 99.38 -81.55 0.00 90.92 0.00
[12:19:00.220] [ARM-RX] [89] <0.00 -30.32 -3.50> result: 90.00 99.56 -81.34 0.00 90.90 0
[12:19:00.245] [ARM-RX] .00
[12:19:00.245] [ARM-RX] [90] <0.00 -31.03 -3.58> result: 90.00 99.74 -81.13 0.00 90.87 0.00
[12:19:00.245] [ARM-RX] [91] <0.00 -31.74 -3.66> result: 90.00 99.92 -80.92 0.00 90.84 0.00
[12:19:00.247] [ARM-RX] [92] <0.00 -32.46 -3.74> result: 90.00 100.09 -80.71 0.00 90.80 0.00
[12:19:00.247] [ARM-RX] [93] <0.00 -33.17 -3.83> result: 90.00 100.
[12:19:00.266] [ARM-RX] 27 -80.50 0.00 90.77 0.00
[12:19:00.266] [ARM-RX] [94] <0.00 -33.89 -3.91> result: 90.00 100.44 -80.29 0.00 90.74 0.00
[12:19:00.266] [ARM-RX] [95] <0.00 -34.60 -3.99> result: 90.00 100.62 -80.08 0.00 90.70 0.00
[12:19:00.266] [ARM-RX] [96] <0.00 -35.32 -4.07> result: 90.00 100.79 -79.87 0.00 90.66 0.00
[12:19:00.267] [ARM-RX] [97] <0.00 -36.03 -
[12:19:00.288] [ARM-RX] 4.16> result: 90.00 100.96 -79.66 0.00 90.62 0.00
[12:19:00.289] [ARM-RX] [98] <0.00 -36.75 -4.24> result: 90.00 101.14 -79.45 0.00 90.58 0.00
[12:19:00.289] [ARM-RX] [99] <0.00 -37.46 -4.32> result: 90.00 101.31 -79.24 0.00 90.54 0.00
[12:19:00.289] [ARM-RX] [100] <0.00 -38.18 -4.41> result: 90.00 101.47 -79.02 0.00 90.50
[12:19:00.311] [ARM-RX] 0.00
[12:19:00.312] [ARM-RX] [101] <0.00 -38.89 -4.49> result: 90.00 101.64 -78.81 0.00 90.46 0.00
[12:19:00.312] [ARM-RX] [102] <0.00 -39.61 -4.57> result: 90.00 101.81 -78.60 0.00 90.41 0.00
[12:19:00.312] [ARM-RX] [103] <0.00 -40.32 -4.65> result: 90.00 101.98 -78.39 0.00 90.37 0.00
[12:19:00.312] [ARM-RX] [104] <0.00 -41.04 -4.74> result: 90.
[12:19:00.345] [ARM-RX] 00 102.14 -78.18 0.00 90.32 0.00
[12:19:00.347] [ARM-RX] [105] <0.00 -41.75 -4.82> result: 90.00 102.31 -77.96 0.00 90.27 0.00
[12:19:00.347] [ARM-RX] [106] <0.00 -42.47 -4.90> result: 90.00 102.47 -77.75 0.00 90.22 0.00
[12:19:00.347] [ARM-RX] [107] <0.00 -43.18 -4.98> result: 90.00 102.63 -77.54 0.00 90.17 0.00
[12:19:00.347] [ARM-RX] [108] <0.
[12:19:00.370] [ARM-RX] 00 -43.90 -5.07> result: 90.00 102.79 -77.33 0.00 90.12 0.00
[12:19:00.370] [ARM-RX] [109] <0.00 -44.61 -5.15> result: 90.00 102.95 -77.11 0.00 90.07 0.00
[12:19:00.370] [ARM-RX] [110] <0.00 -45.33 -5.23> result: 90.00 103.12 -76.90 0.00 90.02 0.00
[12:19:00.371] [ARM-RX] [111] <0.00 -46.05 -5.31> result: 90.00 103.27 -76.6
[12:19:00.392] [ARM-RX] 9 0.00 89.96 0.00
[12:19:00.393] [ARM-RX] [112] <0.00 -46.76 -5.40> result: 90.00 103.43 -76.47 0.00 89.91 0.00
[12:19:00.393] [ARM-RX] [113] <0.00 -47.48 -5.48> result: 90.00 103.59 -76.26 0.00 89.85 0.00
[12:19:00.393] [ARM-RX] [114] <0.00 -48.19 -5.56> result: 90.00 103.75 -76.05 0.00 89.80 0.00
[12:19:00.393] [ARM-RX] [115] <0.00 -48.91 -5.64
[12:19:00.416] [ARM-RX] > result: 90.00 103.91 -75.83 0.00 89.74 0.00
[12:19:00.416] [ARM-RX] [116] <0.00 -49.62 -5.73> result: 90.00 104.06 -75.62 0.00 89.68 0.00
[12:19:00.416] [ARM-RX] [117] <0.00 -50.34 -5.81> result: 90.00 104.22 -75.40 0.00 89.62 0.00
[12:19:00.417] [ARM-RX] [118] <0.00 -51.05 -5.89> result: 90.00 104.37 -75.19 0.00 89.56 0.
[12:19:00.438] [ARM-RX] 00
[12:19:00.438] [ARM-RX] [119] <0.00 -51.77 -5.97> result: 90.00 104.53 -74.98 0.00 89.50 0.00
[12:19:00.438] [ARM-RX] [120] <0.00 -52.48 -6.06> result: 90.00 104.68 -74.76 0.00 89.44 0.00
[12:19:00.439] [ARM-RX] [121] <0.00 -53.20 -6.14> result: 90.00 104.83 -74.55 0.00 89.38 0.00
[12:19:00.439] [ARM-RX] [122] <0.00 -53.91 -6.22> result: 90.00
[12:19:00.461] [ARM-RX] 104.99 -74.33 0.00 89.32 0.00
[12:19:00.461] [ARM-RX] [123] <0.00 -54.63 -6.30> result: 90.00 105.14 -74.12 0.00 89.25 0.00
[12:19:00.461] [ARM-RX] [124] <0.00 -55.34 -6.39> result: 90.00 105.29 -73.90 0.00 89.19 0.00
[12:19:00.461] [ARM-RX] [125] <0.00 -56.06 -6.47> result: 90.00 105.44 -73.68 0.00 89.12 0.00
[12:19:00.462] [ARM-RX] [126] <0.00
[12:19:00.485] [ARM-RX] -56.77 -6.55> result: 90.00 105.59 -73.47 0.00 89.06 0.00
[12:19:00.485] [ARM-RX] [127] <0.00 -57.49 -6.63> result: 90.00 105.74 -73.25 0.00 88.99 0.00
[12:19:00.485] [ARM-RX] [128] <0.00 -58.20 -6.72> result: 90.00 105.89 -73.04 0.00 88.93 0.00
[12:19:00.486] [ARM-RX] [129] <0.00 -58.92 -6.80> result: 90.00 106.04 -72.82
[12:19:00.519] [ARM-RX] 0.00 88.86 0.00
[12:19:00.519] [ARM-RX] [130] <0.00 -59.64 -6.88> result: 90.00 106.19 -72.60 0.00 88.79 0.00
[12:19:00.521] [ARM-RX] [131] <0.00 -60.35 -6.96> result: 90.00 106.33 -72.39 0.00 88.72 0.00
[12:19:00.521] [ARM-RX] [132] <0.00 -61.07 -7.05> result: 90.00 106.48 -72.17 0.00 88.65 0.00
[12:19:00.521] [ARM-RX] [133] <0.00 -61.78 -7.13>
[12:19:00.541] [ARM-RX] result: 90.00 106.63 -71.95 0.00 88.58 0.00
[12:19:00.542] [ARM-RX] [134] <0.00 -62.50 -7.21> result: 90.00 106.77 -71.74 0.00 88.51 0.00
[12:19:00.542] [ARM-RX] [135] <0.00 -63.21 -7.29> result: 90.00 106.92 -71.52 0.00 88.44 0.00
[12:19:00.542] [ARM-RX] [136] <0.00 -63.93 -7.38> result: 90.00 107.07 -71.30 0.00 88.37 0.00
[12:19:00.564] [ARM-RX] [137] <0.00 -64.64 -7.46> result: 90.00 107.21 -71.09 0.00 88.30 0.00
[12:19:00.564] [ARM-RX] [138] <0.00 -65.36 -7.54> result: 90.00 107.36 -70.87 0.00 88.22 0.00
[12:19:00.564] [ARM-RX] [139] <0.00 -66.07 -7.62> result: 90.00 107.50 -70.65 0.00 88.15 0.00
[12:19:00.564] [ARM-RX] [140] <0.00 -66.79 -7.71> result: 90.00 1
[12:19:00.587] [ARM-RX] 07.64 -70.43 0.00 88.08 0.00
[12:19:00.587] [ARM-RX] [141] <0.00 -67.50 -7.79> result: 90.00 107.79 -70.21 0.00 88.00 0.00
[12:19:00.588] [ARM-RX] [142] <0.00 -68.22 -7.87> result: 90.00 107.93 -70.00 0.00 87.93 0.00
[12:19:00.588] [ARM-RX] [143] <0.00 -68.93 -7.95> result: 90.00 108.07 -69.78 0.00 87.85 0.00
[12:19:00.588] [ARM-RX] [144] <0.00 -
[12:19:00.610] [ARM-RX] 69.65 -8.04> result: 90.00 108.22 -69.56 0.00 87.78 0.00
[12:19:00.610] [ARM-RX] [145] <0.00 -70.36 -8.12> result: 90.00 108.36 -69.34 0.00 87.70 0.00
[12:19:00.611] [ARM-RX] [146] <0.00 -71.08 -8.20> result: 90.00 108.50 -69.12 0.00 87.62 0.00
[12:19:00.611] [ARM-RX] [147] <0.00 -71.79 -8.28> result: 90.00 108.64 -68.90 0.
[12:19:00.633] [ARM-RX] 00 87.54 0.00
[12:19:00.633] [ARM-RX] [148] <0.00 -72.51 -8.37> result: 90.00 108.78 -68.68 0.00 87.47 0.00
[12:19:00.634] [ARM-RX] [149] <0.00 -73.23 -8.45> result: 90.00 108.93 -68.46 0.00 87.39 0.00
[12:19:00.634] [ARM-RX] [150] <0.00 -73.94 -8.53> result: 90.00 109.07 -68.24 0.00 87.31 0.00
[12:19:00.634] [ARM-RX] [151] <0.00 -74.66 -8.61> re
[12:19:00.656] [ARM-RX] sult: 90.00 109.21 -68.02 0.00 87.23 0.00
[12:19:00.656] [ARM-RX] [152] <0.00 -75.37 -8.70> result: 90.00 109.35 -67.80 0.00 87.15 0.00
[12:19:00.657] [ARM-RX] [153] <0.00 -76.09 -8.78> result: 90.00 109.49 -67.58 0.00 87.07 0.00
[12:19:00.657] [ARM-RX] [154] <0.00 -76.80 -8.86> result: 90.00 109.63 -67.36 0.00 86.99 0.00
[12:19:00.679] [ARM-RX] [155] <0.00 -77.52 -8.94> result: 90.00 109.76 -67.14 0.00 86.91 0.00
[12:19:00.680] [ARM-RX] [156] <0.00 -78.23 -9.03> result: 90.00 109.90 -66.92 0.00 86.83 0.00
[12:19:00.680] [ARM-RX] [157] <0.00 -78.95 -9.11> result: 90.00 110.04 -66.70 0.00 86.74 0.00
[12:19:00.680] [ARM-RX] [158] <0.00 -79.66 -9.19> result: 90.00 110
[12:19:00.714] [ARM-RX] .18 -66.48 0.00 86.66 0.00
[12:19:00.715] [ARM-RX] [159] <0.00 -80.38 -9.27> result: 90.00 110.32 -66.26 0.00 86.58 0.00
[12:19:00.715] [ARM-RX] [160] <0.00 -81.09 -9.36> result: 90.00 110.46 -66.04 0.00 86.50 0.00
[12:19:00.715] [ARM-RX] [161] <0.00 -81.81 -9.44> result: 90.00 110.60 -65.82 0.00 86.41 0.00
[12:19:00.715] [ARM-RX] [162] <0.00 -82
[12:19:00.737] [ARM-RX] .52 -9.52> result: 90.00 110.73 -65.59 0.00 86.33 0.00
[12:19:00.738] [ARM-RX] [163] <0.00 -83.24 -9.60> result: 90.00 110.87 -65.37 0.00 86.24 0.00
[12:19:00.738] [ARM-RX] [164] <0.00 -83.95 -9.69> result: 90.00 111.01 -65.15 0.00 86.16 0.00
[12:19:00.738] [ARM-RX] [165] <0.00 -84.67 -9.77> result: 90.00 111.14 -64.93 0.00
[12:19:00.760] [ARM-RX] 86.07 0.00
[12:19:00.760] [ARM-RX] [166] <0.00 -85.38 -9.85> result: 90.00 111.28 -64.71 0.00 85.99 0.00
[12:19:00.761] [ARM-RX] [167] <0.00 -86.10 -9.93> result: 90.00 111.42 -64.48 0.00 85.90 0.00
[12:19:00.761] [ARM-RX] [168] <0.00 -86.81 -10.02> result: 90.00 111.55 -64.26 0.00 85.81 0.00
[12:19:00.761] [ARM-RX] [169] <0.00 -87.53 -10.10> re
[12:19:00.783] [ARM-RX] sult: 90.00 111.69 -64.04 0.00 85.73 0.00
[12:19:00.784] [ARM-RX] [170] <0.00 -88.25 -10.18> result: 90.00 111.83 -63.81 0.00 85.64 0.00
[12:19:00.784] [ARM-RX] [171] <0.00 -88.96 -10.26> result: 90.00 111.96 -63.59 0.00 85.55 0.00
[12:19:00.784] [ARM-RX] [172] <0.00 -89.68 -10.35> result: 90.00 112.10 -63.37 0.00 85.46 0.0
[12:19:00.806] [ARM-RX] 0
[12:19:00.807] [ARM-RX] [173] <0.00 -90.39 -10.43> result: 90.00 112.23 -63.14 0.00 85.38 0.00
[12:19:00.807] [ARM-RX] [174] <0.00 -91.11 -10.51> result: 90.00 112.37 -62.92 0.00 85.29 0.00
[12:19:00.807] [ARM-RX] [175] <0.00 -91.82 -10.59> result: 90.00 112.50 -62.70 0.00 85.20 0.00
[12:19:00.807] [ARM-RX] [176] <0.00 -92.54 -10.68> result: 90
[12:19:00.828] [ARM-RX] .00 112.64 -62.47 0.00 85.11 0.00
[12:19:00.830] [ARM-RX] [177] <0.00 -93.25 -10.76> result: 90.00 112.77 -62.25 0.00 85.02 0.00
[12:19:00.831] [ARM-RX] [178] <0.00 -93.97 -10.84> result: 90.00 112.91 -62.02 0.00 84.93 0.00
[12:19:00.831] [ARM-RX] [179] <0.00 -94.68 -10.92> result: 90.00 113.04 -61.80 0.00 84.84 0.00
[12:19:00.831] [ARM-RX] [180]
[12:19:00.851] [ARM-RX] <0.00 -95.40 -11.01> result: 90.00 113.18 -61.57 0.00 84.75 0.00
[12:19:00.852] [ARM-RX] [181] <0.00 -96.11 -11.09> result: 90.00 113.31 -61.35 0.00 84.66 0.00
[12:19:00.852] [ARM-RX] [182] <0.00 -96.83 -11.17> result: 90.00 113.44 -61.12 0.00 84.57 0.00
[12:19:00.852] [ARM-RX] [183] <0.00 -97.54 -11.26> result: 90.00 113.
[12:19:00.886] [ARM-RX] 58 -60.90 0.00 84.48 0.00
[12:19:00.886] [ARM-RX] [184] <0.00 -98.26 -11.34> result: 90.00 113.71 -60.67 0.00 84.38 0.00
[12:19:00.887] [ARM-RX] [185] <0.00 -98.97 -11.42> result: 90.00 113.85 -60.45 0.00 84.29 0.00
[12:19:00.887] [ARM-RX] [186] <0.00 -99.68 -11.50> result: 90.00 113.98 -60.22 0.00 84.20 0.00
[12:19:00.887] [ARM-RX] [187] <0.00 -
[12:19:00.909] [ARM-RX] 100.39 -11.58> result: 90.00 114.11 -60.00 0.00 84.11 0.00
[12:19:00.910] [ARM-RX] [188] <0.00 -101.10 -11.67> result: 90.00 114.24 -59.77 0.00 84.01 0.00
[12:19:00.910] [ARM-RX] [189] <0.00 -101.80 -11.75> result: 90.00 114.37 -59.55 0.00 83.92 0.00
[12:19:00.910] [ARM-RX] [190] <0.00 -102.51 -11.83> result: 90.00 114.50 -
[12:19:00.932] [ARM-RX] 59.33 0.00 83.83 0.00
[12:19:00.932] [ARM-RX] [191] <0.00 -103.20 -11.91> result: 90.00 114.63 -59.10 0.00 83.74 0.00
[12:19:00.933] [ARM-RX] [192] <0.00 -103.90 -11.99> result: 90.00 114.76 -58.88 0.00 83.65 0.00
[12:19:00.933] [ARM-RX] [193] <0.00 -104.59 -12.07> result: 90.00 114.89 -58.66 0.00 83.56 0.00
[12:19:00.933] [ARM-RX] [194] <0.00 -1
[12:19:00.955] [ARM-RX] 05.28 -12.15> result: 90.00 115.02 -58.44 0.00 83.46 0.00
[12:19:00.955] [ARM-RX] [195] <0.00 -105.96 -12.23> result: 90.00 115.15 -58.23 0.00 83.37 0.00
[12:19:00.956] [ARM-RX] [196] <0.00 -106.63 -12.30> result: 90.00 115.27 -58.01 0.00 83.28 0.00
[12:19:00.956] [ARM-RX] [197] <0.00 -107.30 -12.38> result: 90.00 115.40 -5
[12:19:00.978] [ARM-RX] 7.80 0.00 83.19 0.00
[12:19:00.979] [ARM-RX] [198] <0.00 -107.97 -12.46> result: 90.00 115.52 -57.59 0.00 83.10 0.00
[12:19:00.979] [ARM-RX] [199] <0.00 -108.62 -12.53> result: 90.00 115.64 -57.38 0.00 83.02 0.00
[12:19:00.979] [ARM-RX] [200] <0.00 -109.28 -12.61> result: 90.00 115.76 -57.17 0.00 82.93 0.00
[12:19:00.979] [ARM-RX] [201] <0.00 -10
[12:19:01.001] [ARM-RX] 9.92 -12.68> result: 90.00 115.88 -56.96 0.00 82.84 0.00
[12:19:01.002] [ARM-RX] [202] <0.00 -110.56 -12.76> result: 90.00 116.00 -56.76 0.00 82.75 0.00
[12:19:01.002] [ARM-RX] [203] <0.00 -111.19 -12.83> result: 90.00 116.11 -56.55 0.00 82.67 0.00
[12:19:01.003] [ARM-RX] [204] <0.00 -111.81 -12.90> result: 90.00 116.23 -56
[12:19:01.025] [ARM-RX] .36 0.00 82.58 0.00
[12:19:01.025] [ARM-RX] [205] <0.00 -112.42 -12.97> result: 90.00 116.34 -56.16 0.00 82.50 0.00
[12:19:01.025] [ARM-RX] [206] <0.00 -113.02 -13.04> result: 90.00 116.45 -55.96 0.00 82.42 0.00
[12:19:01.026] [ARM-RX] [207] <0.00 -113.62 -13.11> result: 90.00 116.56 -55.77 0.00 82.33 0.00
[12:19:01.026] [ARM-RX] [208] <0.00 -114
[12:19:01.047] [ARM-RX] .21 -13.18> result: 90.00 116.67 -55.58 0.00 82.25 0.00
[12:19:01.047] [ARM-RX] [209] <0.00 -114.79 -13.24> result: 90.00 116.78 -55.40 0.00 82.17 0.00
[12:19:01.048] [ARM-RX] [210] <0.00 -115.35 -13.31> result: 90.00 116.88 -55.21 0.00 82.10 0.00
[12:19:01.048] [ARM-RX] [211] <0.00 -115.91 -13.37> result: 90.00 116.99 -55.
[12:19:01.083] [ARM-RX] 03 0.00 82.02 0.00
[12:19:01.083] [ARM-RX] [212] <0.00 -116.46 -13.44> result: 90.00 117.09 -54.86 0.00 81.94 0.00
[12:19:01.083] [ARM-RX] [213] <0.00 -117.00 -13.50> result: 90.00 117.19 -54.68 0.00 81.87 0.00
[12:19:01.083] [ARM-RX] [214] <0.00 -117.53 -13.56> result: 90.00 117.28 -54.51 0.00 81.79 0.00
[12:19:01.084] [ARM-RX] [215] <0.00 -118.
[12:19:01.104] [ARM-RX] 04 -13.62> result: 90.00 117.38 -54.34 0.00 81.72 0.00
[12:19:01.104] [ARM-RX] [216] <0.00 -118.55 -13.68> result: 90.00 117.47 -54.18 0.00 81.65 0.00
[12:19:01.104] [ARM-RX] [217] <0.00 -119.05 -13.74> result: 90.00 117.56 -54.02 0.00 81.58 0.00
[12:19:01.104] [ARM-RX] [218] <0.00 -119.53 -13.79> result: 90.00 117.65 -53.8
[12:19:01.128] [ARM-RX] 6 0.00 81.51 0.00
[12:19:01.129] [ARM-RX] [219] <0.00 -120.00 -13.85> result: 90.00 117.74 -53.71 0.00 81.45 0.00
[12:19:01.129] [ARM-RX] [220] <0.00 -120.47 -13.90> result: 90.00 117.82 -53.56 0.00 81.38 0.00
[12:19:01.129] [ARM-RX] [221] <0.00 -120.92 -13.95> result: 90.00 117.91 -53.41 0.00 81.32 0.00
[12:19:01.130] [ARM-RX] [222] <0.00 -121.3
[12:19:01.150] [ARM-RX] 5 -14.00> result: 90.00 117.99 -53.27 0.00 81.25 0.00
[12:19:01.151] [ARM-RX] [223] <0.00 -121.78 -14.05> result: 90.00 118.07 -53.13 0.00 81.19 0.00
[12:19:01.151] [ARM-RX] [224] <0.00 -122.20 -14.10> result: 90.00 118.14 -52.99 0.00 81.13 0.00
[12:19:01.151] [ARM-RX] [225] <0.00 -122.60 -14.15> result: 90.00 118.22 -52.86
[12:19:01.174] [ARM-RX] 0.00 81.08 0.00
[12:19:01.175] [ARM-RX] [226] <0.00 -122.99 -14.19> result: 90.00 118.29 -52.73 0.00 81.02 0.00
[12:19:01.175] [ARM-RX] [227] <0.00 -123.37 -14.24> result: 90.00 118.36 -52.61 0.00 80.97 0.00
[12:19:01.176] [ARM-RX] [228] <0.00 -123.74 -14.28> result: 90.00 118.43 -52.49 0.00 80.91 0.00
[12:19:01.176] [ARM-RX] [229] <0.00 -124.10
[12:19:01.203] [ARM-RX] -14.32> result: 90.00 118.49 -52.37 0.00 80.86 0.00
[12:19:01.203] [ARM-RX] [230] <0.00 -124.44 -14.36> result: 90.00 118.55 -52.26 0.00 80.81 0.00
[12:19:01.204] [ARM-RX] [231] <0.00 -124.77 -14.40> result: 90.00 118.62 -52.15 0.00 80.77 0.00
[12:19:01.204] [ARM-RX] [232] <0.00 -125.09 -14.43> result: 90.00 118.67 -52.05
[12:19:01.222] [ARM-RX] 0.00 80.72 0.00
[12:19:01.223] [ARM-RX] [233] <0.00 -125.40 -14.47> result: 90.00 118.73 -51.94 0.00 80.68 0.00
[12:19:01.223] [ARM-RX] [234] <0.00 -125.70 -14.50> result: 90.00 118.79 -51.85 0.00 80.63 0.00
[12:19:01.224] [ARM-RX] [235] <0.00 -125.98 -14.54> result: 90.00 118.84 -51.75 0.00 80.59 0.00
[12:19:01.224] [ARM-RX] [236] <0.00 -126.26
[12:19:01.254] [ARM-RX] -14.57> result: 90.00 118.89 -51.66 0.00 80.55 0.00
[12:19:01.255] [ARM-RX] [237] <0.00 -126.52 -14.60> result: 90.00 118.94 -51.58 0.00 80.52 0.00
[12:19:01.255] [ARM-RX] [238] <0.00 -126.77 -14.63> result: 90.00 118.98 -51.50 0.00 80.48 0.00
[12:19:01.255] [ARM-RX] [239] <0.00 -127.01 -14.66> result: 90.00 119.03 -51.42 0
[12:19:01.277] [ARM-RX] .00 80.44 0.00
[12:19:01.277] [ARM-RX] [240] <0.00 -127.24 -14.68> result: 90.00 119.07 -51.34 0.00 80.41 0.00
[12:19:01.277] [ARM-RX] [241] <0.00 -127.46 -14.71> result: 90.00 119.11 -51.27 0.00 80.38 0.00
[12:19:01.277] [ARM-RX] [242] <0.00 -127.66 -14.73> result: 90.00 119.15 -51.20 0.00 80.35 0.00
[12:19:01.279] [ARM-RX] [243] <0.00 -127.86 -
[12:19:01.300] [ARM-RX] 14.75> result: 90.00 119.18 -51.14 0.00 80.32 0.00
[12:19:01.301] [ARM-RX] [244] <0.00 -128.04 -14.77> result: 90.00 119.22 -51.08 0.00 80.30 0.00
[12:19:01.301] [ARM-RX] [245] <0.00 -128.22 -14.79> result: 90.00 119.25 -51.02 0.00 80.27 0.00
[12:19:01.301] [ARM-RX] [246] <0.00 -128.38 -14.81> result: 90.00 119.28 -50.97 0.
[12:19:01.326] [ARM-RX] 00 80.25 0.00
[12:19:01.326] [ARM-RX] [247] <0.00 -128.53 -14.83> result: 90.00 119.31 -50.92 0.00 80.22 0.00
[12:19:01.326] [ARM-RX] [248] <0.00 -128.68 -14.85> result: 90.00 119.33 -50.87 0.00 80.20 0.00
[12:19:01.326] [ARM-RX] [249] <0.00 -128.82 -14.86> result: 90.00 119.36 -50.82 0.00 80.18 0.00
[12:19:01.327] [ARM-RX] [250] <0.00 -128.94 -1
[12:19:01.346] [ARM-RX] 4.88> result: 90.00 119.38 -50.78 0.00 80.16 0.00
[12:19:01.347] [ARM-RX] [251] <0.00 -129.06 -14.89> result: 90.00 119.40 -50.74 0.00 80.15 0.00
[12:19:01.347] [ARM-RX] [252] <0.00 -129.17 -14.90> result: 90.00 119.42 -50.71 0.00 80.13 0.00
[12:19:01.347] [ARM-RX] [253] <0.00 -129.27 -14.92> result: 90.00 119.44 -50.68 0.0
[12:19:01.369] [ARM-RX] 0 80.12 0.00
[12:19:01.369] [ARM-RX] [254] <0.00 -129.36 -14.93> result: 90.00 119.46 -50.65 0.00 80.10 0.00
[12:19:01.369] [ARM-RX] [255] <0.00 -129.44 -14.94> result: 90.00 119.47 -50.62 0.00 80.09 0.00
[12:19:01.369] [ARM-RX] [256] <0.00 -129.52 -14.94> result: 90.00 119.49 -50.59 0.00 80.08 0.00
[12:19:01.371] [ARM-RX] [257] <0.00 -129.59 -14
[12:19:01.392] [ARM-RX] .95> result: 90.00 119.50 -50.57 0.00 80.07 0.00
[12:19:01.392] [ARM-RX] [258] <0.00 -129.65 -14.96> result: 90.00 119.51 -50.55 0.00 80.06 0.00
[12:19:01.392] [ARM-RX] [259] <0.00 -129.71 -14.97> result: 90.00 119.52 -50.53 0.00 80.05 0.00
[12:19:01.392] [ARM-RX] [260] <0.00 -129.76 -14.97> result: 90.00 119.53 -50.51 0.00
[12:19:01.415] [ARM-RX] 80.05 0.00
[12:19:01.416] [ARM-RX] [261] <0.00 -129.80 -14.98> result: 90.00 119.54 -50.50 0.00 80.04 0.00
[12:19:01.416] [ARM-RX] [262] <0.00 -129.84 -14.98> result: 90.00 119.55 -50.49 0.00 80.03 0.00
[12:19:01.416] [ARM-RX] [263] <0.00 -129.87 -14.99> result: 90.00 119.55 -50.48 0.00 80.03 0.00
[12:19:01.417] [ARM-RX] [264] <0.00 -129.90 -14.
[12:19:01.450] [ARM-RX] 99> result: 90.00 119.56 -50.47 0.00 80.02 0.00
[12:19:01.450] [ARM-RX] [265] <0.00 -129.92 -14.99> result: 90.00 119.56 -50.46 0.00 80.02 0.00
[12:19:01.450] [ARM-RX] [266] <0.00 -129.94 -14.99> result: 90.00 119.57 -50.45 0.00 80.02 0.00
[12:19:01.451] [ARM-RX] [267] <0.00 -129.96 -15.00> result: 90.00 119.57 -50.45 0.00
[12:19:01.473] [ARM-RX] 80.02 0.00
[12:19:01.473] [ARM-RX] [268] <0.00 -129.97 -15.00> result: 90.00 119.57 -50.44 0.00 80.01 0.00
[12:19:01.473] [ARM-RX] [269] <0.00 -129.98 -15.00> result: 90.00 119.57 -50.44 0.00 80.01 0.00
[12:19:01.474] [ARM-RX] [270] <0.00 -129.99 -15.00> result: 90.00 119.57 -50.44 0.00 80.01 0.00
[12:19:01.474] [ARM-RX] [271] <0.00 -129.99 -15.0
[12:19:01.496] [ARM-RX] 0> result: 90.00 119.58 -50.44 0.00 80.01 0.00
[12:19:01.497] [ARM-RX] [272] <0.00 -130.00 -15.00> result: 90.00 119.58 -50.43 0.00 80.01 0.00
[12:19:01.497] [ARM-RX] [273] <0.00 -130.00 -15.00> result: 90.00 119.58 -50.43 0.00 80.01 0.00
[12:19:01.497] [ARM-RX] [274] <0.00 -130.00 -15.00> result: 90.00 119.58 -50.43 0.00 8
[12:19:01.555] [ARM-RX] 0.01 0.00
[12:19:01.556] [ARM-RX] [275] <0.00 -130.00 -15.00> result: 90.00 119.58 -50.43 0.00 80.01 0.00
[12:19:01.556] [ARM-RX] [276] <0.00 -130.00 -15.00> result: 90.00 119.58 -50.43 0.00 80.01 0.00
[12:19:04.428] [ARM-RX] [joint 1] ave_error:0.00
[12:19:04.428] [ARM-RX] [joint 2] ave_error:1.85
[12:19:04.428] [ARM-RX] [joint 3] ave_error:2.07
[12:19:04.428] [ARM-RX] [joint 4] ave_error:0.00
[12:19:04.429] [ARM-RX] [joint 5] ave_error:0.68
[12:19:04.429] [ARM-RX] robot pid run finished!!
[12:19:04.490] [ARM-RX] [joint_id: 0] ROBOT_JOINT_ABS_ROTATE 65.000000
[12:19:05.744] [ARM-RX] [joint_id: 3] ROBOT_JOINT_ABS_ROTATE 330.000000
[12:19:07.186] [ARM-RX] [joint_id: 4] ROBOT_JOINT_ABS_ROTATE 85.000000
[12:19:07.546] [JETSON-RX] A5 5A 01 81 74 03 10 01 00 A5 CB
[12:19:07.546] [JETSON-STATUS] CAPTURE_POINT_LEFT: A5 5A 01 81 74 03 10 01 00 A5 CB
[12:19:45.731] [JETSON-TX] CAPTURE_CTRL a=1 p=2: A5 5A 01 04 F2 02 01 02 E3 23
[12:19:45.775] [ARM-RX] [JETSON_RX] capture_ctrl action=1 point=2
[12:19:45.776] [ARM-RX] [CAPTURE] request action=1 point=2
[12:19:45.776] [ARM-RX] [CAPTURE] base pose ready, skip repeated auto
[12:19:45.776] [ARM-RX] [joint_id: 0] ROBOT_J
[12:19:45.833] [ARM-RX] OINT_ABS_ROTATE 90.000000
[12:19:47.144] [ARM-RX] [joint_id: 3] ROBOT_JOINT_ABS_ROTATE 0.000000
[12:19:48.588] [ARM-RX] [joint_id: 4] ROBOT_JOINT_ABS_ROTATE 80.000000
[12:19:48.777] [ARM-RX] [JETSON_RX] crc failed type=0xA5 rx=0x0311 calc=0x8CDA
[12:19:48.949] [JETSON-RX] A5 5A 01 81 12 03 10 02 00 AD 33
[12:19:48.950] [JETSON-STATUS] CAPTURE_POINT_FRONT: A5 5A 01 81 12 03 10 02 00 AD 33
[12:19:51.819] [JETSON-TX] CAPTURE_CTRL a=1 p=3: A5 5A 01 04 32 02 01 03 1E E3
[12:19:51.838] [ARM-RX] [JETSON_RX] capture_ctrl action=1 point=3
[12:19:51.838] [ARM-RX] [CAPTURE] request action=1 point=3
[12:19:51.838] [ARM-RX] [C
[12:19:51.901] [ARM-RX] APTURE] base pose ready, skip repeated auto
[12:19:51.901] [ARM-RX] [joint_id: 0] ROBOT_JOINT_ABS_ROTATE 115.000000
[12:19:53.151] [ARM-RX] [joint_id: 3] ROBOT_JOINT_ABS_ROTATE 35.000000
[12:19:54.711] [ARM-RX] [joint_id: 4] ROBOT_JOINT_ABS_ROTATE 80.000000
[12:19:54.899] [JETSON-RX] A5 5A 01 81 50 03 10 03 00 D4 AC
[12:19:54.899] [JETSON-STATUS] CAPTURE_POINT_RIGHT: A5 5A 01 81 50 03 10 03 00 D4 AC
[12:19:57.643] [ARM-RX] [JETSON_RX] crc failed type=0xA5 rx=0x036B calc=0x8CDA
[12:20:07.891] [JETSON-TX] CAPTURE_CTRL a=2 p=0: A5 5A 01 04 D4 02 02 00 69 5A
[12:20:07.933] [ARM-RX] [JETSON_RX] capture_ctrl action=2 point=0
[12:20:07.933] [ARM-RX] [CAPTURE] request action=2 point=0
[12:20:07.933] [ARM-RX] ROBOT_SOFT_RESET_EVENT
[12:20:07.934] [ARM-RX] --- Starting soft reset ---
[12:20:08.180] [ARM-RX] Soft reset motors enabled (J1~J5, J6 skipped).
[12:20:08.180] [ARM-RX] Soft resetting joint 4...
[12:20:08.180] [ARM-RX] robot_update_current_angle 4...
[12:20:08.180] [ARM-RX] [4] current:79.26, target:90.00, dir:1
[12:20:09.178] [ARM-RX] Soft resetting joint 3...
[12:20:09.257] [ARM-RX] robot_update_current_angle 3...
[12:20:09.258] [ARM-RX] [3] current:35.93, target:0.00, dir:-1
[12:20:11.255] [ARM-RX] soft reset joint 3 settle timeout, keep going
[12:20:11.255] [ARM-RX] Soft resetting joint 1...
[12:20:11.316] [ARM-RX] robot_update_current_angle 1...
[12:20:11.316] [ARM-RX] [1] current:119.37, target:90.00, dir:-1
[12:20:13.253] [ARM-RX] soft reset joint 1 settle timeout, keep going
[12:20:13.254] [ARM-RX] Soft resetting joint 2...
[12:20:13.254] [ARM-RX] robot_update_current_angle 2...
[12:20:13.254] [ARM-RX] [2] current:-51.09, target:-90.00, dir:-1
[12:20:15.447] [ARM-RX] soft reset joint 2 settle timeout, keep going
[12:20:15.447] [ARM-RX] Soft resetting joint 0...
[12:20:15.447] [ARM-RX] robot_update_current_angle 0...
[12:20:15.448] [ARM-RX] [0] current:115.52, target:90.00, dir:-1
[12:20:15.509] [ARM-RX] [JETSON_RX] crc failed type=0xA5 rx=0x031F calc=0x8CDA
[12:20:17.258] [ARM-RX] soft reset joint 0 settle timeout, keep going
[12:20:17.258] [ARM-RX] soft reset verify not pass, start refine loop...
[12:20:17.382] [ARM-RX] soft reset refine joint 0 round 1: cur=93.27 target=90.00 err=3.27 dir=-1
[12:20:18.197] [ARM-RX] soft reset refine pass 1 success.
[12:20:18.197] [ARM-RX] soft reset final verify PASS (issues:4), pose set HOME.
[12:20:18.258] [JETSON-RX] A5 5A 01 81 3A 03 11 01 00 9C 05
[12:20:18.259] [JETSON-STATUS] CAPTURE_DONE_HOME: A5 5A 01 81 3A 03 11 01 00 9C 05
[12:21:07.139] [JETSON-TX] CAPTURE_CTRL a=2 p=0: A5 5A 01 04 24 02 02 00 5A 5A
[12:21:07.171] [ARM-RX] [JETSON_RX] capture_ctrl action=2 point=0
[12:21:07.171] [ARM-RX] [CAPTURE] request action=2 point=0
[12:21:07.171] [ARM-RX] ROBOT_SOFT_RESET_EVENT
[12:21:07.171] [ARM-RX] --- Starting soft reset ---
[12:21:07.423] [ARM-RX] Soft reset motors enabled (J1~J5, J6 skipped).
[12:21:07.423] [ARM-RX] Soft resetting joint 4...
[12:21:07.423] [ARM-RX] robot_update_current_angle 4...
[12:21:07.423] [ARM-RX] [4] current:90.00, target:90.00, dir:-1
[12:21:07.546] [ARM-RX] Soft resetting joint 3...
[12:21:07.546] [ARM-RX] robot_update_current_angle 3...
[12:21:07.547] [ARM-RX] [3] current:-0.00, target:0.00, dir:1
[12:21:07.670] [ARM-RX] Soft resetting joint 1...
[12:21:07.733] [ARM-RX] robot_update_current_angle 1...
[12:21:07.733] [ARM-RX] [1] current:90.00, target:90.00, dir:-1
[12:21:07.856] [ARM-RX] Soft resetting joint 2...
[12:21:07.856] [ARM-RX] robot_update_current_angle 2...
[12:21:07.856] [ARM-RX] [2] current:-90.00, target:-90.00, dir:-1
[12:21:07.982] [ARM-RX] Soft resetting joint 0...
[12:21:08.044] [ARM-RX] robot_update_current_angle 0...
[12:21:08.044] [ARM-RX] [0] current:89.88, target:90.00, dir:1
[12:21:08.230] [ARM-RX] soft reset final verify PASS (issues:0), pose set HOME.
[12:21:08.292] [JETSON-RX] A5 5A 01 81 30 03 11 01 00 04 04
[12:21:08.292] [JETSON-STATUS] CAPTURE_DONE_HOME: A5 5A 01 81 30 03 11 01 00 04 04
[12:21:09.417] [ARM-RX] [JETSON_RX] crc failed type=0xA5 rx=0x033B calc=0x8CDA
[12:21:11.707] [JETSON-TX] CAPTURE_CTRL a=1 p=1: A5 5A 01 04 54 02 01 01 81 AA
[12:21:11.755] [ARM-RX] [JETSON_RX] capture_ctrl action=1 point=1
[12:21:11.755] [ARM-RX] [CAPTURE] request action=1 point=1
[12:21:11.756] [ARM-RX] ROBOT_AUTO_EVENT
[12:21:11.756] [ARM-RX] AUTO slow profile scale=0.40 target=<0.00 -130.00 -15.00>
[12:21:11.756] [ARM-RX] [0] <0.00 0.00 0.00> result: 90.00 90.00 -90.00 0.00 90.00 0.00
[12:21:11.756] [ARM-RX] [1] <0.00 -0.00 -0.00> result: 90.00
[12:21:11.778] [ARM-RX] 90.00 -90.00 0.00 90.00 0.00
[12:21:11.778] [ARM-RX] [2] <0.00 -0.00 -0.00> result: 90.00 90.00 -90.00 0.00 90.00 0.00
[12:21:11.779] [ARM-RX] [3] <0.00 -0.00 -0.00> result: 90.00 90.00 -90.00 0.00 90.00 0.00
[12:21:11.779] [ARM-RX] [4] <0.00 -0.01 -0.00> result: 90.00 90.00 -90.00 0.00 90.00 0.00
[12:21:11.779] [ARM-RX] [5] <0.00 -0.01 -0.00> r
[12:21:11.801] [ARM-RX] esult: 90.00 90.00 -90.00 0.00 90.00 0.00
[12:21:11.801] [ARM-RX] [6] <0.00 -0.02 -0.00> result: 90.00 90.01 -90.00 0.00 90.00 0.00
[12:21:11.801] [ARM-RX] [7] <0.00 -0.03 -0.00> result: 90.00 90.01 -89.99 0.00 90.00 0.00
[12:21:11.802] [ARM-RX] [8] <0.00 -0.04 -0.00> result: 90.00 90.02 -89.99 0.00 90.01 0.00
[12:21:11.802] [ARM-RX] [9] <0.00 -0
[12:21:11.823] [ARM-RX] .06 -0.01> result: 90.00 90.02 -89.98 0.00 90.01 0.00
[12:21:11.823] [ARM-RX] [10] <0.00 -0.08 -0.01> result: 90.00 90.03 -89.98 0.00 90.01 0.00
[12:21:11.824] [ARM-RX] [11] <0.00 -0.10 -0.01> result: 90.00 90.04 -89.97 0.00 90.01 0.00
[12:21:11.824] [ARM-RX] [12] <0.00 -0.13 -0.01> result: 90.00 90.05 -89.96 0.00 90.02 0.0
[12:21:11.847] [ARM-RX] 0
[12:21:11.848] [ARM-RX] [13] <0.00 -0.16 -0.02> result: 90.00 90.07 -89.96 0.00 90.02 0.00
[12:21:11.848] [ARM-RX] [14] <0.00 -0.20 -0.02> result: 90.00 90.08 -89.95 0.00 90.03 0.00
[12:21:11.849] [ARM-RX] [15] <0.00 -0.24 -0.03> result: 90.00 90.10 -89.93 0.00 90.03 0.00
[12:21:11.849] [ARM-RX] [16] <0.00 -0.29 -0.03> result: 90.00 90.12 -89.9
[12:21:11.869] [ARM-RX] 2 0.00 90.04 0.00
[12:21:11.869] [ARM-RX] [17] <0.00 -0.35 -0.04> result: 90.00 90.14 -89.90 0.00 90.05 0.00
[12:21:11.869] [ARM-RX] [18] <0.00 -0.41 -0.05> result: 90.00 90.17 -89.89 0.00 90.06 0.00
[12:21:11.869] [ARM-RX] [19] <0.00 -0.48 -0.06> result: 90.00 90.20 -89.87 0.00 90.07 0.00
[12:21:11.870] [ARM-RX] [20] <0.00 -0.56 -0.06> result: 9
[12:21:11.892] [ARM-RX] 0.00 90.23 -89.85 0.00 90.08 0.00
[12:21:11.892] [ARM-RX] [21] <0.00 -0.64 -0.07> result: 90.00 90.26 -89.82 0.00 90.09 0.00
[12:21:11.893] [ARM-RX] [22] <0.00 -0.73 -0.08> result: 90.00 90.30 -89.80 0.00 90.10 0.00
[12:21:11.893] [ARM-RX] [23] <0.00 -0.83 -0.10> result: 90.00 90.34 -89.77 0.00 90.11 0.00
[12:21:11.893] [ARM-RX] [24] <0.00 -0.94
[12:21:11.926] [ARM-RX] -0.11> result: 90.00 90.39 -89.74 0.00 90.13 0.00
[12:21:11.927] [ARM-RX] [25] <0.00 -1.06 -0.12> result: 90.00 90.43 -89.71 0.00 90.14 0.00
[12:21:11.927] [ARM-RX] [26] <0.00 -1.18 -0.14> result: 90.00 90.48 -89.67 0.00 90.16 0.00
[12:21:11.927] [ARM-RX] [27] <0.00 -1.32 -0.15> result: 90.00 90.54 -89.64 0.00 90.17 0.00
[12:21:11.927] [ARM-RX] [
[12:21:11.949] [ARM-RX] 28] <0.00 -1.46 -0.17> result: 90.00 90.60 -89.60 0.00 90.19 0.00
[12:21:11.949] [ARM-RX] [29] <0.00 -1.62 -0.19> result: 90.00 90.66 -89.55 0.00 90.21 0.00
[12:21:11.949] [ARM-RX] [30] <0.00 -1.78 -0.21> result: 90.00 90.72 -89.51 0.00 90.23 0.00
[12:21:11.949] [ARM-RX] [31] <0.00 -1.96 -0.23> result: 90.00 90.79 -89.46 0.
[12:21:11.972] [ARM-RX] 00 90.25 0.00
[12:21:11.973] [ARM-RX] [32] <0.00 -2.14 -0.25> result: 90.00 90.87 -89.41 0.00 90.27 0.00
[12:21:11.973] [ARM-RX] [33] <0.00 -2.34 -0.27> result: 90.00 90.94 -89.35 0.00 90.30 0.00
[12:21:11.973] [ARM-RX] [34] <0.00 -2.54 -0.29> result: 90.00 91.02 -89.30 0.00 90.32 0.00
[12:21:11.974] [ARM-RX] [35] <0.00 -2.76 -0.32> result: 90.00
[12:21:11.995] [ARM-RX] 91.11 -89.24 0.00 90.34 0.00
[12:21:11.995] [ARM-RX] [36] <0.00 -2.99 -0.34> result: 90.00 91.20 -89.17 0.00 90.37 0.00
[12:21:11.995] [ARM-RX] [37] <0.00 -3.23 -0.37> result: 90.00 91.29 -89.10 0.00 90.39 0.00
[12:21:11.996] [ARM-RX] [38] <0.00 -3.48 -0.40> result: 90.00 91.38 -89.04 0.00 90.42 0.00
[12:21:11.996] [ARM-RX] [39] <0.00 -3.74 -0.4
[12:21:12.018] [ARM-RX] 3> result: 90.00 91.48 -88.96 0.00 90.45 0.00
[12:21:12.019] [ARM-RX] [40] <0.00 -4.02 -0.46> result: 90.00 91.59 -88.89 0.00 90.47 0.00
[12:21:12.019] [ARM-RX] [41] <0.00 -4.30 -0.50> result: 90.00 91.69 -88.81 0.00 90.50 0.00
[12:21:12.019] [ARM-RX] [42] <0.00 -4.60 -0.53> result: 90.00 91.81 -88.72 0.00 90.53 0.00
[12:21:12.020] [ARM-RX] [43]
[12:21:12.041] [ARM-RX] <0.00 -4.91 -0.57> result: 90.00 91.92 -88.64 0.00 90.56 0.00
[12:21:12.041] [ARM-RX] [44] <0.00 -5.23 -0.60> result: 90.00 92.04 -88.55 0.00 90.58 0.00
[12:21:12.042] [ARM-RX] [45] <0.00 -5.56 -0.64> result: 90.00 92.16 -88.45 0.00 90.61 0.00
[12:21:12.042] [ARM-RX] [46] <0.00 -5.90 -0.68> result: 90.00 92.28 -88.36 0.00 9
[12:21:12.064] [ARM-RX] 0.64 0.00
[12:21:12.065] [ARM-RX] [47] <0.00 -6.26 -0.72> result: 90.00 92.41 -88.26 0.00 90.67 0.00
[12:21:12.065] [ARM-RX] [48] <0.00 -6.63 -0.76> result: 90.00 92.55 -88.15 0.00 90.70 0.00
[12:21:12.065] [ARM-RX] [49] <0.00 -7.01 -0.81> result: 90.00 92.68 -88.05 0.00 90.73 0.00
[12:21:12.065] [ARM-RX] [50] <0.00 -7.40 -0.85> result: 90.00 92.
[12:21:12.089] [ARM-RX] 82 -87.94 0.00 90.76 0.00
[12:21:12.089] [ARM-RX] [51] <0.00 -7.80 -0.90> result: 90.00 92.96 -87.82 0.00 90.78 0.00
[12:21:12.089] [ARM-RX] [52] <0.00 -8.22 -0.95> result: 90.00 93.10 -87.71 0.00 90.81 0.00
[12:21:12.090] [ARM-RX] [53] <0.00 -8.65 -1.00> result: 90.00 93.25 -87.58 0.00 90.84 0.00
[12:21:12.090] [ARM-RX] [54] <0.00 -9.08 -1.05> r
[12:21:12.126] [ARM-RX] esult: 90.00 93.40 -87.46 0.00 90.86 0.00
[12:21:12.126] [ARM-RX] [55] <0.00 -9.53 -1.10> result: 90.00 93.55 -87.33 0.00 90.89 0.00
[12:21:12.126] [ARM-RX] [56] <0.00 -10.00 -1.15> result: 90.00 93.71 -87.20 0.00 90.91 0.00
[12:21:12.127] [ARM-RX] [57] <0.00 -10.47 -1.21> result: 90.00 93.87 -87.07 0.00 90.94 0.00
[12:21:12.127] [ARM-RX] [58] <0
[12:21:12.145] [ARM-RX] .00 -10.95 -1.26> result: 90.00 94.03 -86.93 0.00 90.96 0.00
[12:21:12.145] [ARM-RX] [59] <0.00 -11.45 -1.32> result: 90.00 94.19 -86.79 0.00 90.98 0.00
[12:21:12.145] [ARM-RX] [60] <0.00 -11.96 -1.38> result: 90.00 94.35 -86.65 0.00 91.00 0.00
[12:21:12.145] [ARM-RX] [61] <0.00 -12.47 -1.44> result: 90.00 94.52 -86.50 0.00
[12:21:12.167] [ARM-RX] 91.02 0.00
[12:21:12.168] [ARM-RX] [62] <0.00 -13.00 -1.50> result: 90.00 94.69 -86.35 0.00 91.04 0.00
[12:21:12.168] [ARM-RX] [63] <0.00 -13.54 -1.56> result: 90.00 94.86 -86.19 0.00 91.05 0.00
[12:21:12.168] [ARM-RX] [64] <0.00 -14.09 -1.63> result: 90.00 95.03 -86.04 0.00 91.07 0.00
[12:21:12.168] [ARM-RX] [65] <0.00 -14.65 -1.69> result: 90.
[12:21:12.192] [ARM-RX] 00 95.20 -85.88 0.00 91.08 0.00
[12:21:12.192] [ARM-RX] [66] <0.00 -15.21 -1.76> result: 90.00 95.38 -85.72 0.00 91.09 0.00
[12:21:12.193] [ARM-RX] [67] <0.00 -15.79 -1.82> result: 90.00 95.55 -85.55 0.00 91.10 0.00
[12:21:12.193] [ARM-RX] [68] <0.00 -16.38 -1.89> result: 90.00 95.73 -85.38 0.00 91.11 0.00
[12:21:12.193] [ARM-RX] [69] <0.00 -16.9
[12:21:12.218] [ARM-RX] 7 -1.96> result: 90.00 95.91 -85.21 0.00 91.12 0.00
[12:21:12.218] [ARM-RX] [70] <0.00 -17.58 -2.03> result: 90.00 96.09 -85.04 0.00 91.13 0.00
[12:21:12.219] [ARM-RX] [71] <0.00 -18.19 -2.10> result: 90.00 96.27 -84.86 0.00 91.13 0.00
[12:21:12.219] [ARM-RX] [72] <0.00 -18.81 -2.17> result: 90.00 96.45 -84.68 0.00 91.13 0.
[12:21:12.236] [ARM-RX] 00
[12:21:12.236] [ARM-RX] [73] <0.00 -19.44 -2.24> result: 90.00 96.63 -84.50 0.00 91.13 0.00
[12:21:12.236] [ARM-RX] [74] <0.00 -20.08 -2.32> result: 90.00 96.81 -84.32 0.00 91.13 0.00
[12:21:12.237] [ARM-RX] [75] <0.00 -20.72 -2.39> result: 90.00 97.00 -84.13 0.00 91.13 0.00
[12:21:12.237] [ARM-RX] [76] <0.00 -21.37 -2.47> result: 90.00 97.18
[12:21:12.260] [ARM-RX] -83.94 0.00 91.12 0.00
[12:21:12.260] [ARM-RX] [77] <0.00 -22.03 -2.54> result: 90.00 97.36 -83.75 0.00 91.12 0.00
[12:21:12.260] [ARM-RX] [78] <0.00 -22.70 -2.62> result: 90.00 97.55 -83.56 0.00 91.11 0.00
[12:21:12.260] [ARM-RX] [79] <0.00 -23.37 -2.70> result: 90.00 97.73 -83.37 0.00 91.10 0.00
[12:21:12.261] [ARM-RX] [80] <0.00 -24.04 -2.77>
[12:21:12.295] [ARM-RX] result: 90.00 97.92 -83.17 0.00 91.08 0.00
[12:21:12.295] [ARM-RX] [81] <0.00 -24.72 -2.85> result: 90.00 98.10 -82.97 0.00 91.07 0.00
[12:21:12.296] [ARM-RX] [82] <0.00 -25.41 -2.93> result: 90.00 98.28 -82.77 0.00 91.05 0.00
[12:21:12.296] [ARM-RX] [83] <0.00 -26.10 -3.01> result: 90.00 98.47 -82.57 0.00 91.04 0.00
[12:21:12.296] [ARM-RX] [84]
[12:21:12.318] [ARM-RX] <0.00 -26.79 -3.09> result: 90.00 98.65 -82.37 0.00 91.02 0.00
[12:21:12.318] [ARM-RX] [85] <0.00 -27.49 -3.17> result: 90.00 98.83 -82.16 0.00 91.00 0.00
[12:21:12.319] [ARM-RX] [86] <0.00 -28.19 -3.25> result: 90.00 99.01 -81.96 0.00 90.97 0.00
[12:21:12.319] [ARM-RX] [87] <0.00 -28.90 -3.33> result: 90.00 99.20 -81.75 0.
[12:21:12.340] [ARM-RX] 00 90.95 0.00
[12:21:12.341] [ARM-RX] [88] <0.00 -29.61 -3.42> result: 90.00 99.38 -81.55 0.00 90.92 0.00
[12:21:12.341] [ARM-RX] [89] <0.00 -30.32 -3.50> result: 90.00 99.56 -81.34 0.00 90.90 0.00
[12:21:12.341] [ARM-RX] [90] <0.00 -31.03 -3.58> result: 90.00 99.74 -81.13 0.00 90.87 0.00
[12:21:12.341] [ARM-RX] [91] <0.00 -31.74 -3.66> result: 9
[12:21:12.363] [ARM-RX] 0.00 99.92 -80.92 0.00 90.84 0.00
[12:21:12.365] [ARM-RX] [92] <0.00 -32.46 -3.74> result: 90.00 100.09 -80.71 0.00 90.80 0.00
[12:21:12.365] [ARM-RX] [93] <0.00 -33.17 -3.83> result: 90.00 100.27 -80.50 0.00 90.77 0.00
[12:21:12.366] [ARM-RX] [94] <0.00 -33.89 -3.91> result: 90.00 100.44 -80.29 0.00 90.74 0.00
[12:21:12.366] [ARM-RX] [95] <0.00
[12:21:12.386] [ARM-RX] -34.60 -3.99> result: 90.00 100.62 -80.08 0.00 90.70 0.00
[12:21:12.386] [ARM-RX] [96] <0.00 -35.32 -4.07> result: 90.00 100.79 -79.87 0.00 90.66 0.00
[12:21:12.386] [ARM-RX] [97] <0.00 -36.03 -4.16> result: 90.00 100.96 -79.66 0.00 90.62 0.00
[12:21:12.387] [ARM-RX] [98] <0.00 -36.75 -4.24> result: 90.00 101.14 -79.45 0.00
[12:21:12.409] [ARM-RX] 90.58 0.00
[12:21:12.410] [ARM-RX] [99] <0.00 -37.46 -4.32> result: 90.00 101.31 -79.24 0.00 90.54 0.00
[12:21:12.410] [ARM-RX] [100] <0.00 -38.18 -4.41> result: 90.00 101.47 -79.02 0.00 90.50 0.00
[12:21:12.411] [ARM-RX] [101] <0.00 -38.89 -4.49> result: 90.00 101.64 -78.81 0.00 90.46 0.00
[12:21:12.411] [ARM-RX] [102] <0.00 -39.61 -4.57> resul
[12:21:12.432] [ARM-RX] t: 90.00 101.81 -78.60 0.00 90.41 0.00
[12:21:12.433] [ARM-RX] [103] <0.00 -40.32 -4.65> result: 90.00 101.98 -78.39 0.00 90.37 0.00
[12:21:12.433] [ARM-RX] [104] <0.00 -41.04 -4.74> result: 90.00 102.14 -78.18 0.00 90.32 0.00
[12:21:12.433] [ARM-RX] [105] <0.00 -41.75 -4.82> result: 90.00 102.31 -77.96 0.00 90.27 0.00
[12:21:12.433] [ARM-RX] [10
[12:21:12.456] [ARM-RX] 6] <0.00 -42.47 -4.90> result: 90.00 102.47 -77.75 0.00 90.22 0.00
[12:21:12.456] [ARM-RX] [107] <0.00 -43.18 -4.98> result: 90.00 102.63 -77.54 0.00 90.17 0.00
[12:21:12.456] [ARM-RX] [108] <0.00 -43.90 -5.07> result: 90.00 102.79 -77.33 0.00 90.12 0.00
[12:21:12.456] [ARM-RX] [109] <0.00 -44.61 -5.15> result: 90.00 102.95
[12:21:12.489] [ARM-RX] -77.11 0.00 90.07 0.00
[12:21:12.489] [ARM-RX] [110] <0.00 -45.33 -5.23> result: 90.00 103.12 -76.90 0.00 90.02 0.00
[12:21:12.489] [ARM-RX] [111] <0.00 -46.05 -5.31> result: 90.00 103.27 -76.69 0.00 89.96 0.00
[12:21:12.490] [ARM-RX] [112] <0.00 -46.76 -5.40> result: 90.00 103.43 -76.47 0.00 89.91 0.00
[12:21:12.490] [ARM-RX] [113] <0.00 -47.48
[12:21:12.513] [ARM-RX] -5.48> result: 90.00 103.59 -76.26 0.00 89.85 0.00
[12:21:12.513] [ARM-RX] [114] <0.00 -48.19 -5.56> result: 90.00 103.75 -76.05 0.00 89.80 0.00
[12:21:12.514] [ARM-RX] [115] <0.00 -48.91 -5.64> result: 90.00 103.91 -75.83 0.00 89.74 0.00
[12:21:12.514] [ARM-RX] [116] <0.00 -49.62 -5.73> result: 90.00 104.06 -75.62 0.00 89
[12:21:12.535] [ARM-RX] .68 0.00
[12:21:12.536] [ARM-RX] [117] <0.00 -50.34 -5.81> result: 90.00 104.22 -75.40 0.00 89.62 0.00
[12:21:12.536] [ARM-RX] [118] <0.00 -51.05 -5.89> result: 90.00 104.37 -75.19 0.00 89.56 0.00
[12:21:12.537] [ARM-RX] [119] <0.00 -51.77 -5.97> result: 90.00 104.53 -74.98 0.00 89.50 0.00
[12:21:12.537] [ARM-RX] [120] <0.00 -52.48 -6.06> result:
[12:21:12.558] [ARM-RX] 90.00 104.68 -74.76 0.00 89.44 0.00
[12:21:12.559] [ARM-RX] [121] <0.00 -53.20 -6.14> result: 90.00 104.83 -74.55 0.00 89.38 0.00
[12:21:12.559] [ARM-RX] [122] <0.00 -53.91 -6.22> result: 90.00 104.99 -74.33 0.00 89.32 0.00
[12:21:12.559] [ARM-RX] [123] <0.00 -54.63 -6.30> result: 90.00 105.14 -74.12 0.00 89.25 0.00
[12:21:12.559] [ARM-RX] [124]
[12:21:12.581] [ARM-RX] <0.00 -55.34 -6.39> result: 90.00 105.29 -73.90 0.00 89.19 0.00
[12:21:12.581] [ARM-RX] [125] <0.00 -56.06 -6.47> result: 90.00 105.44 -73.68 0.00 89.12 0.00
[12:21:12.581] [ARM-RX] [126] <0.00 -56.77 -6.55> result: 90.00 105.59 -73.47 0.00 89.06 0.00
[12:21:12.582] [ARM-RX] [127] <0.00 -57.49 -6.63> result: 90.00 105.74 -
[12:21:12.607] [ARM-RX] 73.25 0.00 88.99 0.00
[12:21:12.607] [ARM-RX] [128] <0.00 -58.20 -6.72> result: 90.00 105.89 -73.04 0.00 88.93 0.00
[12:21:12.607] [ARM-RX] [129] <0.00 -58.92 -6.80> result: 90.00 106.04 -72.82 0.00 88.86 0.00
[12:21:12.607] [ARM-RX] [130] <0.00 -59.64 -6.88> result: 90.00 106.19 -72.60 0.00 88.79 0.00
[12:21:12.608] [ARM-RX] [131] <0.00 -60.35 -
[12:21:12.626] [ARM-RX] 6.96> result: 90.00 106.33 -72.39 0.00 88.72 0.00
[12:21:12.627] [ARM-RX] [132] <0.00 -61.07 -7.05> result: 90.00 106.48 -72.17 0.00 88.65 0.00
[12:21:12.627] [ARM-RX] [133] <0.00 -61.78 -7.13> result: 90.00 106.63 -71.95 0.00 88.58 0.00
[12:21:12.627] [ARM-RX] [134] <0.00 -62.50 -7.21> result: 90.00 106.77 -71.74 0.00 88.5
[12:21:12.662] [ARM-RX] 1 0.00
[12:21:12.662] [ARM-RX] [135] <0.00 -63.21 -7.29> result: 90.00 106.92 -71.52 0.00 88.44 0.00
[12:21:12.662] [ARM-RX] [136] <0.00 -63.93 -7.38> result: 90.00 107.07 -71.30 0.00 88.37 0.00
[12:21:12.663] [ARM-RX] [137] <0.00 -64.64 -7.46> result: 90.00 107.21 -71.09 0.00 88.30 0.00
[12:21:12.663] [ARM-RX] [138] <0.00 -65.36 -7.54> result: 9
[12:21:12.685] [ARM-RX] 0.00 107.36 -70.87 0.00 88.22 0.00
[12:21:12.685] [ARM-RX] [139] <0.00 -66.07 -7.62> result: 90.00 107.50 -70.65 0.00 88.15 0.00
[12:21:12.685] [ARM-RX] [140] <0.00 -66.79 -7.71> result: 90.00 107.64 -70.43 0.00 88.08 0.00
[12:21:12.687] [ARM-RX] [141] <0.00 -67.50 -7.79> result: 90.00 107.79 -70.21 0.00 88.00 0.00
[12:21:12.687] [ARM-RX] [142] <
[12:21:12.708] [ARM-RX] 0.00 -68.22 -7.87> result: 90.00 107.93 -70.00 0.00 87.93 0.00
[12:21:12.709] [ARM-RX] [143] <0.00 -68.93 -7.95> result: 90.00 108.07 -69.78 0.00 87.85 0.00
[12:21:12.709] [ARM-RX] [144] <0.00 -69.65 -8.04> result: 90.00 108.22 -69.56 0.00 87.78 0.00
[12:21:12.709] [ARM-RX] [145] <0.00 -70.36 -8.12> result: 90.00 108.36 -69
[12:21:12.731] [ARM-RX] .34 0.00 87.70 0.00
[12:21:12.731] [ARM-RX] [146] <0.00 -71.08 -8.20> result: 90.00 108.50 -69.12 0.00 87.62 0.00
[12:21:12.731] [ARM-RX] [147] <0.00 -71.79 -8.28> result: 90.00 108.64 -68.90 0.00 87.54 0.00
[12:21:12.732] [ARM-RX] [148] <0.00 -72.51 -8.37> result: 90.00 108.78 -68.68 0.00 87.47 0.00
[12:21:12.732] [ARM-RX] [149] <0.00 -73.23 -8.
[12:21:12.754] [ARM-RX] 45> result: 90.00 108.93 -68.46 0.00 87.39 0.00
[12:21:12.755] [ARM-RX] [150] <0.00 -73.94 -8.53> result: 90.00 109.07 -68.24 0.00 87.31 0.00
[12:21:12.755] [ARM-RX] [151] <0.00 -74.66 -8.61> result: 90.00 109.21 -68.02 0.00 87.23 0.00
[12:21:12.755] [ARM-RX] [152] <0.00 -75.37 -8.70> result: 90.00 109.35 -67.80 0.00 87.15
[12:21:12.777] [ARM-RX] 0.00
[12:21:12.778] [ARM-RX] [153] <0.00 -76.09 -8.78> result: 90.00 109.49 -67.58 0.00 87.07 0.00
[12:21:12.778] [ARM-RX] [154] <0.00 -76.80 -8.86> result: 90.00 109.63 -67.36 0.00 86.99 0.00
[12:21:12.778] [ARM-RX] [155] <0.00 -77.52 -8.94> result: 90.00 109.76 -67.14 0.00 86.91 0.00
[12:21:12.779] [ARM-RX] [156] <0.00 -78.23 -9.03> result: 90.
[12:21:12.800] [ARM-RX] 00 109.90 -66.92 0.00 86.83 0.00
[12:21:12.801] [ARM-RX] [157] <0.00 -78.95 -9.11> result: 90.00 110.04 -66.70 0.00 86.74 0.00
[12:21:12.801] [ARM-RX] [158] <0.00 -79.66 -9.19> result: 90.00 110.18 -66.48 0.00 86.66 0.00
[12:21:12.801] [ARM-RX] [159] <0.00 -80.38 -9.27> result: 90.00 110.32 -66.26 0.00 86.58 0.00
[12:21:12.801] [ARM-RX] [160] <0.
[12:21:12.823] [ARM-RX] 00 -81.09 -9.36> result: 90.00 110.46 -66.04 0.00 86.50 0.00
[12:21:12.824] [ARM-RX] [161] <0.00 -81.81 -9.44> result: 90.00 110.60 -65.82 0.00 86.41 0.00
[12:21:12.824] [ARM-RX] [162] <0.00 -82.52 -9.52> result: 90.00 110.73 -65.59 0.00 86.33 0.00
[12:21:12.824] [ARM-RX] [163] <0.00 -83.24 -9.60> result: 90.00 110.87 -65.3
[12:21:12.857] [ARM-RX] 7 0.00 86.24 0.00
[12:21:12.858] [ARM-RX] [164] <0.00 -83.95 -9.69> result: 90.00 111.01 -65.15 0.00 86.16 0.00
[12:21:12.858] [ARM-RX] [165] <0.00 -84.67 -9.77> result: 90.00 111.14 -64.93 0.00 86.07 0.00
[12:21:12.858] [ARM-RX] [166] <0.00 -85.38 -9.85> result: 90.00 111.28 -64.71 0.00 85.99 0.00
[12:21:12.859] [ARM-RX] [167] <0.00 -86.10 -9.93
[12:21:12.882] [ARM-RX] > result: 90.00 111.42 -64.48 0.00 85.90 0.00
[12:21:12.882] [ARM-RX] [168] <0.00 -86.81 -10.02> result: 90.00 111.55 -64.26 0.00 85.81 0.00
[12:21:12.883] [ARM-RX] [169] <0.00 -87.53 -10.10> result: 90.00 111.69 -64.04 0.00 85.73 0.00
[12:21:12.883] [ARM-RX] [170] <0.00 -88.25 -10.18> result: 90.00 111.83 -63.81 0.00 85.64
[12:21:12.903] [ARM-RX] 0.00
[12:21:12.904] [ARM-RX] [171] <0.00 -88.96 -10.26> result: 90.00 111.96 -63.59 0.00 85.55 0.00
[12:21:12.904] [ARM-RX] [172] <0.00 -89.68 -10.35> result: 90.00 112.10 -63.37 0.00 85.46 0.00
[12:21:12.904] [ARM-RX] [173] <0.00 -90.39 -10.43> result: 90.00 112.23 -63.14 0.00 85.38 0.00
[12:21:12.905] [ARM-RX] [174] <0.00 -91.11 -10.51> result
[12:21:12.926] [ARM-RX] : 90.00 112.37 -62.92 0.00 85.29 0.00
[12:21:12.926] [ARM-RX] [175] <0.00 -91.82 -10.59> result: 90.00 112.50 -62.70 0.00 85.20 0.00
[12:21:12.926] [ARM-RX] [176] <0.00 -92.54 -10.68> result: 90.00 112.64 -62.47 0.00 85.11 0.00
[12:21:12.927] [ARM-RX] [177] <0.00 -93.25 -10.76> result: 90.00 112.77 -62.25 0.00 85.02 0.00
[12:21:12.927] [ARM-RX] [
[12:21:12.949] [ARM-RX] 178] <0.00 -93.97 -10.84> result: 90.00 112.91 -62.02 0.00 84.93 0.00
[12:21:12.950] [ARM-RX] [179] <0.00 -94.68 -10.92> result: 90.00 113.04 -61.80 0.00 84.84 0.00
[12:21:12.950] [ARM-RX] [180] <0.00 -95.40 -11.01> result: 90.00 113.18 -61.57 0.00 84.75 0.00
[12:21:12.951] [ARM-RX] [181] <0.00 -96.11 -11.09> result: 90.00
[12:21:12.972] [ARM-RX] 113.31 -61.35 0.00 84.66 0.00
[12:21:12.972] [ARM-RX] [182] <0.00 -96.83 -11.17> result: 90.00 113.44 -61.12 0.00 84.57 0.00
[12:21:12.973] [ARM-RX] [183] <0.00 -97.54 -11.26> result: 90.00 113.58 -60.90 0.00 84.48 0.00
[12:21:12.980] [ARM-RX] [184] <0.00 -98.26 -11.34> result: 90.00 113.71 -60.67 0.00 84.38 0.00
[12:21:12.980] [ARM-RX] [185] <0.
[12:21:12.995] [ARM-RX] 00 -98.97 -11.42> result: 90.00 113.85 -60.45 0.00 84.29 0.00
[12:21:12.995] [ARM-RX] [186] <0.00 -99.68 -11.50> result: 90.00 113.98 -60.22 0.00 84.20 0.00
[12:21:12.996] [ARM-RX] [187] <0.00 -100.39 -11.58> result: 90.00 114.11 -60.00 0.00 84.11 0.00
[12:21:12.996] [ARM-RX] [188] <0.00 -101.10 -11.67> result: 90.00 114.24
[12:21:13.031] [ARM-RX] -59.77 0.00 84.01 0.00
[12:21:13.031] [ARM-RX] [189] <0.00 -101.80 -11.75> result: 90.00 114.37 -59.55 0.00 83.92 0.00
[12:21:13.032] [ARM-RX] [190] <0.00 -102.51 -11.83> result: 90.00 114.50 -59.33 0.00 83.83 0.00
[12:21:13.032] [ARM-RX] [191] <0.00 -103.20 -11.91> result: 90.00 114.63 -59.10 0.00 83.74 0.00
[12:21:13.032] [ARM-RX] [192] <0.00
[12:21:13.053] [ARM-RX] -103.90 -11.99> result: 90.00 114.76 -58.88 0.00 83.65 0.00
[12:21:13.054] [ARM-RX] [193] <0.00 -104.59 -12.07> result: 90.00 114.89 -58.66 0.00 83.56 0.00
[12:21:13.054] [ARM-RX] [194] <0.00 -105.28 -12.15> result: 90.00 115.02 -58.44 0.00 83.46 0.00
[12:21:13.055] [ARM-RX] [195] <0.00 -105.96 -12.23> result: 90.00 115.15
[12:21:13.076] [ARM-RX] -58.23 0.00 83.37 0.00
[12:21:13.076] [ARM-RX] [196] <0.00 -106.63 -12.30> result: 90.00 115.27 -58.01 0.00 83.28 0.00
[12:21:13.076] [ARM-RX] [197] <0.00 -107.30 -12.38> result: 90.00 115.40 -57.80 0.00 83.19 0.00
[12:21:13.077] [ARM-RX] [198] <0.00 -107.97 -12.46> result: 90.00 115.52 -57.59 0.00 83.10 0.00
[12:21:13.077] [ARM-RX] [199] <0.00 -
[12:21:13.100] [ARM-RX] 108.62 -12.53> result: 90.00 115.64 -57.38 0.00 83.02 0.00
[12:21:13.100] [ARM-RX] [200] <0.00 -109.28 -12.61> result: 90.00 115.76 -57.17 0.00 82.93 0.00
[12:21:13.101] [ARM-RX] [201] <0.00 -109.92 -12.68> result: 90.00 115.88 -56.96 0.00 82.84 0.00
[12:21:13.101] [ARM-RX] [202] <0.00 -110.56 -12.76> result: 90.00 116.00 -
[12:21:13.122] [ARM-RX] 56.76 0.00 82.75 0.00
[12:21:13.122] [ARM-RX] [203] <0.00 -111.19 -12.83> result: 90.00 116.11 -56.55 0.00 82.67 0.00
[12:21:13.122] [ARM-RX] [204] <0.00 -111.81 -12.90> result: 90.00 116.23 -56.36 0.00 82.58 0.00
[12:21:13.122] [ARM-RX] [205] <0.00 -112.42 -12.97> result: 90.00 116.34 -56.16 0.00 82.50 0.00
[12:21:13.123] [ARM-RX] [206] <0.00 -1
[12:21:13.145] [ARM-RX] 13.02 -13.04> result: 90.00 116.45 -55.96 0.00 82.42 0.00
[12:21:13.146] [ARM-RX] [207] <0.00 -113.62 -13.11> result: 90.00 116.56 -55.77 0.00 82.33 0.00
[12:21:13.146] [ARM-RX] [208] <0.00 -114.21 -13.18> result: 90.00 116.67 -55.58 0.00 82.25 0.00
[12:21:13.146] [ARM-RX] [209] <0.00 -114.79 -13.24> result: 90.00 116.78 -5
[12:21:13.168] [ARM-RX] 5.40 0.00 82.17 0.00
[12:21:13.169] [ARM-RX] [210] <0.00 -115.35 -13.31> result: 90.00 116.88 -55.21 0.00 82.10 0.00
[12:21:13.169] [ARM-RX] [211] <0.00 -115.91 -13.37> result: 90.00 116.99 -55.03 0.00 82.02 0.00
[12:21:13.169] [ARM-RX] [212] <0.00 -116.46 -13.44> result: 90.00 117.09 -54.86 0.00 81.94 0.00
[12:21:13.169] [ARM-RX] [213] <0.00 -11
[12:21:13.191] [ARM-RX] 7.00 -13.50> result: 90.00 117.19 -54.68 0.00 81.87 0.00
[12:21:13.191] [ARM-RX] [214] <0.00 -117.53 -13.56> result: 90.00 117.28 -54.51 0.00 81.79 0.00
[12:21:13.192] [ARM-RX] [215] <0.00 -118.04 -13.62> result: 90.00 117.38 -54.34 0.00 81.72 0.00
[12:21:13.192] [ARM-RX] [216] <0.00 -118.55 -13.68> result: 90.00 117.47 -54
[12:21:13.225] [ARM-RX] .18 0.00 81.65 0.00
[12:21:13.225] [ARM-RX] [217] <0.00 -119.05 -13.74> result: 90.00 117.56 -54.02 0.00 81.58 0.00
[12:21:13.226] [ARM-RX] [218] <0.00 -119.53 -13.79> result: 90.00 117.65 -53.86 0.00 81.51 0.00
[12:21:13.226] [ARM-RX] [219] <0.00 -120.00 -13.85> result: 90.00 117.74 -53.71 0.00 81.45 0.00
[12:21:13.226] [ARM-RX] [220] <0.00 -120
[12:21:13.248] [ARM-RX] .47 -13.90> result: 90.00 117.82 -53.56 0.00 81.38 0.00
[12:21:13.248] [ARM-RX] [221] <0.00 -120.92 -13.95> result: 90.00 117.91 -53.41 0.00 81.32 0.00
[12:21:13.248] [ARM-RX] [222] <0.00 -121.35 -14.00> result: 90.00 117.99 -53.27 0.00 81.25 0.00
[12:21:13.249] [ARM-RX] [223] <0.00 -121.78 -14.05> result: 90.00 118.07 -53.
[12:21:13.271] [ARM-RX] 13 0.00 81.19 0.00
[12:21:13.272] [ARM-RX] [224] <0.00 -122.20 -14.10> result: 90.00 118.14 -52.99 0.00 81.13 0.00
[12:21:13.272] [ARM-RX] [225] <0.00 -122.60 -14.15> result: 90.00 118.22 -52.86 0.00 81.08 0.00
[12:21:13.272] [ARM-RX] [226] <0.00 -122.99 -14.19> result: 90.00 118.29 -52.73 0.00 81.02 0.00
[12:21:13.273] [ARM-RX] [227] <0.00 -123.
[12:21:13.294] [ARM-RX] 37 -14.24> result: 90.00 118.36 -52.61 0.00 80.97 0.00
[12:21:13.295] [ARM-RX] [228] <0.00 -123.74 -14.28> result: 90.00 118.43 -52.49 0.00 80.91 0.00
[12:21:13.295] [ARM-RX] [229] <0.00 -124.10 -14.32> result: 90.00 118.49 -52.37 0.00 80.86 0.00
[12:21:13.295] [ARM-RX] [230] <0.00 -124.44 -14.36> result: 90.00 118.55 -52.2
[12:21:13.317] [ARM-RX] 6 0.00 80.81 0.00
[12:21:13.318] [ARM-RX] [231] <0.00 -124.77 -14.40> result: 90.00 118.62 -52.15 0.00 80.77 0.00
[12:21:13.318] [ARM-RX] [232] <0.00 -125.09 -14.43> result: 90.00 118.67 -52.05 0.00 80.72 0.00
[12:21:13.318] [ARM-RX] [233] <0.00 -125.40 -14.47> result: 90.00 118.73 -51.94 0.00 80.68 0.00
[12:21:13.318] [ARM-RX] [234] <0.00 -125.7
[12:21:13.340] [ARM-RX] 0 -14.50> result: 90.00 118.79 -51.85 0.00 80.63 0.00
[12:21:13.341] [ARM-RX] [235] <0.00 -125.98 -14.54> result: 90.00 118.84 -51.75 0.00 80.59 0.00
[12:21:13.341] [ARM-RX] [236] <0.00 -126.26 -14.57> result: 90.00 118.89 -51.66 0.00 80.55 0.00
[12:21:13.341] [ARM-RX] [237] <0.00 -126.52 -14.60> result: 90.00 118.94 -51.58
[12:21:13.363] [ARM-RX] 0.00 80.52 0.00
[12:21:13.363] [ARM-RX] [238] <0.00 -126.77 -14.63> result: 90.00 118.98 -51.50 0.00 80.48 0.00
[12:21:13.363] [ARM-RX] [239] <0.00 -127.01 -14.66> result: 90.00 119.03 -51.42 0.00 80.44 0.00
[12:21:13.365] [ARM-RX] [240] <0.00 -127.24 -14.68> result: 90.00 119.07 -51.34 0.00 80.41 0.00
[12:21:13.365] [ARM-RX] [241] <0.00 -127.46
[12:21:13.398] [ARM-RX] -14.71> result: 90.00 119.11 -51.27 0.00 80.38 0.00
[12:21:13.398] [ARM-RX] [242] <0.00 -127.66 -14.73> result: 90.00 119.15 -51.20 0.00 80.35 0.00
[12:21:13.399] [ARM-RX] [243] <0.00 -127.86 -14.75> result: 90.00 119.18 -51.14 0.00 80.32 0.00
[12:21:13.399] [ARM-RX] [244] <0.00 -128.04 -14.77> result: 90.00 119.22 -51.08
[12:21:13.421] [ARM-RX] 0.00 80.30 0.00
[12:21:13.422] [ARM-RX] [245] <0.00 -128.22 -14.79> result: 90.00 119.25 -51.02 0.00 80.27 0.00
[12:21:13.422] [ARM-RX] [246] <0.00 -128.38 -14.81> result: 90.00 119.28 -50.97 0.00 80.25 0.00
[12:21:13.422] [ARM-RX] [247] <0.00 -128.53 -14.83> result: 90.00 119.31 -50.92 0.00 80.22 0.00
[12:21:13.422] [ARM-RX] [248] <0.00 -128.68
[12:21:13.444] [ARM-RX] -14.85> result: 90.00 119.33 -50.87 0.00 80.20 0.00
[12:21:13.444] [ARM-RX] [249] <0.00 -128.82 -14.86> result: 90.00 119.36 -50.82 0.00 80.18 0.00
[12:21:13.444] [ARM-RX] [250] <0.00 -128.94 -14.88> result: 90.00 119.38 -50.78 0.00 80.16 0.00
[12:21:13.445] [ARM-RX] [251] <0.00 -129.06 -14.89> result: 90.00 119.40 -50.74 0
[12:21:13.467] [ARM-RX] .00 80.15 0.00
[12:21:13.467] [ARM-RX] [252] <0.00 -129.17 -14.90> result: 90.00 119.42 -50.71 0.00 80.13 0.00
[12:21:13.467] [ARM-RX] [253] <0.00 -129.27 -14.92> result: 90.00 119.44 -50.68 0.00 80.12 0.00
[12:21:13.467] [ARM-RX] [254] <0.00 -129.36 -14.93> result: 90.00 119.46 -50.65 0.00 80.10 0.00
[12:21:13.468] [ARM-RX] [255] <0.00 -129.44 -
[12:21:13.489] [ARM-RX] 14.94> result: 90.00 119.47 -50.62 0.00 80.09 0.00
[12:21:13.490] [ARM-RX] [256] <0.00 -129.52 -14.94> result: 90.00 119.49 -50.59 0.00 80.08 0.00
[12:21:13.490] [ARM-RX] [257] <0.00 -129.59 -14.95> result: 90.00 119.50 -50.57 0.00 80.07 0.00
[12:21:13.491] [ARM-RX] [258] <0.00 -129.65 -14.96> result: 90.00 119.51 -50.55 0.
[12:21:13.513] [ARM-RX] 00 80.06 0.00
[12:21:13.513] [ARM-RX] [259] <0.00 -129.71 -14.97> result: 90.00 119.52 -50.53 0.00 80.05 0.00
[12:21:13.513] [ARM-RX] [260] <0.00 -129.76 -14.97> result: 90.00 119.53 -50.51 0.00 80.05 0.00
[12:21:13.514] [ARM-RX] [261] <0.00 -129.80 -14.98> result: 90.00 119.54 -50.50 0.00 80.04 0.00
[12:21:13.514] [ARM-RX] [262] <0.00 -129.84 -1
[12:21:13.537] [ARM-RX] 4.98> result: 90.00 119.55 -50.49 0.00 80.03 0.00
[12:21:13.537] [ARM-RX] [263] <0.00 -129.87 -14.99> result: 90.00 119.55 -50.48 0.00 80.03 0.00
[12:21:13.538] [ARM-RX] [264] <0.00 -129.90 -14.99> result: 90.00 119.56 -50.47 0.00 80.02 0.00
[12:21:13.538] [ARM-RX] [265] <0.00 -129.92 -14.99> result: 90.00 119.56 -50.46 0.0
[12:21:13.559] [ARM-RX] 0 80.02 0.00
[12:21:13.560] [ARM-RX] [266] <0.00 -129.94 -14.99> result: 90.00 119.57 -50.45 0.00 80.02 0.00
[12:21:13.560] [ARM-RX] [267] <0.00 -129.96 -15.00> result: 90.00 119.57 -50.45 0.00 80.02 0.00
[12:21:13.560] [ARM-RX] [268] <0.00 -129.97 -15.00> result: 90.00 119.57 -50.44 0.00 80.01 0.00
[12:21:13.560] [ARM-RX] [269] <0.00 -129.98 -15
[12:21:13.593] [ARM-RX] .00> result: 90.00 119.57 -50.44 0.00 80.01 0.00
[12:21:13.594] [ARM-RX] [270] <0.00 -129.99 -15.00> result: 90.00 119.57 -50.44 0.00 80.01 0.00
[12:21:13.594] [ARM-RX] [271] <0.00 -129.99 -15.00> result: 90.00 119.58 -50.44 0.00 80.01 0.00
[12:21:13.594] [ARM-RX] [272] <0.00 -130.00 -15.00> result: 90.00 119.58 -50.43 0.00
[12:21:13.613] [ARM-RX] 80.01 0.00
[12:21:13.613] [ARM-RX] [273] <0.00 -130.00 -15.00> result: 90.00 119.58 -50.43 0.00 80.01 0.00
[12:21:13.613] [ARM-RX] [274] <0.00 -130.00 -15.00> result: 90.00 119.58 -50.43 0.00 80.01 0.00
[12:21:13.613] [ARM-RX] [275] <0.00 -130.00 -15.00> result: 90.00 119.58 -50.43 0.00 80.01 0.00
[12:21:13.614] [ARM-RX] [276] <0.00 -130.00 -15.
[12:21:13.668] [ARM-RX] 00> result: 90.00 119.58 -50.43 0.00 80.01 0.00
[12:21:16.505] [ARM-RX] [joint 1] ave_error:0.00
[12:21:16.505] [ARM-RX] [joint 2] ave_error:1.85
[12:21:16.506] [ARM-RX] [joint 3] ave_error:2.08
[12:21:16.506] [ARM-RX] [joint 4] ave_error:0.00
[12:21:16.507] [ARM-RX] [joint 5] ave_error:0.69
[12:21:16.507] [ARM-RX] robot pid run finished!!
[12:21:16.568] [ARM-RX] [joint_id: 0] ROBOT_JOINT_ABS_ROTATE 65.000000
[12:21:17.869] [ARM-RX] [joint_id: 3] ROBOT_JOINT_ABS_ROTATE 330.000000
[12:21:18.406] [JETSON-RX] A5 5A 01 FE 96 01 08 C8 52
[12:21:18.406] [JETSON-STATUS] SAFETY_ERROR: A5 5A 01 FE 96 01 08 C8 52
[12:21:20.951] [ARM-RX] joint 3 position confirm timeout: cur=-5.68 target=-30.00 err=24.32 tol=3.00
[12:21:20.977] [JETSON-TX] CAPTURE_CTRL a=2 p=0: A5 5A 01 04 B2 02 02 00 77 D2
[12:21:21.012] [ARM-RX] [JETSON_RX] capture_ctrl action=2 point=0
[12:21:21.012] [ARM-RX] [CAPTURE] request action=2 point=0
[12:21:21.012] [ARM-RX] ROBOT_SOFT_RESET_EVENT
[12:21:21.013] [ARM-RX] --- Starting soft reset ---
[12:21:21.258] [ARM-RX] Soft reset motors enabled (J1~J5, J6 skipped).
[12:21:21.258] [ARM-RX] Soft resetting joint 4...
[12:21:21.259] [ARM-RX] robot_update_current_angle 4...
[12:21:21.259] [ARM-RX] [4] current:80.48, target:90.00, dir:1
[12:21:22.248] [ARM-RX] Soft resetting joint 3...
[12:21:22.248] [ARM-RX] robot_update_current_angle 3...
[12:21:22.248] [ARM-RX] [3] current:-5.68, target:0.00, dir:1
[12:21:23.238] [ARM-RX] Soft resetting joint 1...
[12:21:23.238] [ARM-RX] robot_update_current_angle 1...
[12:21:23.238] [ARM-RX] [1] current:119.37, target:90.00, dir:-1
[12:21:25.157] [ARM-RX] soft reset joint 1 settle timeout, keep going
[12:21:25.157] [ARM-RX] Soft resetting joint 2...
[12:21:25.220] [ARM-RX] robot_update_current_angle 2...
[12:21:25.220] [ARM-RX] [2] current:-51.09, target:-90.00, dir:-1
[12:21:27.339] [ARM-RX] soft reset joint 2 settle timeout, keep going
[12:21:27.339] [ARM-RX] Soft resetting joint 0...
[12:21:27.400] [ARM-RX] robot_update_current_angle 0...
[12:21:27.401] [ARM-RX] [0] current:64.98, target:90.00, dir:1
[12:21:29.209] [ARM-RX] soft reset joint 0 settle timeout, keep going
[12:21:29.209] [ARM-RX] soft reset verify not pass, start refine loop...
[12:21:29.336] [ARM-RX] soft reset refine joint 0 round 1: cur=86.95 target=90.00 err=3.05 dir=1
[12:21:30.087] [ARM-RX] soft reset refine pass 1 success.
[12:21:30.087] [ARM-RX] soft reset final verify PASS (issues:3), pose set HOME.
[12:21:30.133] [JETSON-RX] A5 5A 01 81 0C 03 11 01 00 54 01
[12:21:30.133] [JETSON-STATUS] CAPTURE_DONE_HOME: A5 5A 01 81 0C 03 11 01 00 54 01
[12:21:31.861] [JETSON-TX] CAPTURE_CTRL a=2 p=0: A5 5A 01 04 20 02 02 00 5B 6A
[12:21:31.919] [ARM-RX] [JETSON_RX] capture_ctrl action=2 point=0
[12:21:31.919] [ARM-RX] [CAPTURE] request action=2 point=0
[12:21:31.919] [ARM-RX] ROBOT_SOFT_RESET_EVENT
[12:21:31.920] [ARM-RX] --- Starting soft reset ---
[12:21:32.105] [ARM-RX] Soft reset motors enabled (J1~J5, J6 skipped).
[12:21:32.105] [ARM-RX] Soft resetting joint 4...
[12:21:32.167] [ARM-RX] robot_update_current_angle 4...
[12:21:32.167] [ARM-RX] [4] current:90.00, target:90.00, dir:1
[12:21:32.291] [ARM-RX] Soft resetting joint 3...
[12:21:32.291] [ARM-RX] robot_update_current_angle 3...
[12:21:32.291] [ARM-RX] [3] current:-0.00, target:0.00, dir:1
[12:21:32.417] [ARM-RX] Soft resetting joint 1...
[12:21:32.417] [ARM-RX] robot_update_current_angle 1...
[12:21:32.417] [ARM-RX] [1] current:90.00, target:90.00, dir:1
[12:21:32.542] [ARM-RX] Soft resetting joint 2...
[12:21:32.603] [ARM-RX] robot_update_current_angle 2...
[12:21:32.603] [ARM-RX] [2] current:-90.00, target:-90.00, dir:-1
[12:21:32.729] [ARM-RX] Soft resetting joint 0...
[12:21:32.729] [ARM-RX] robot_update_current_angle 0...
[12:21:32.729] [ARM-RX] [0] current:90.14, target:90.00, dir:-1
[12:21:32.976] [ARM-RX] soft reset final verify PASS (issues:0), pose set HOME.
[12:21:33.023] [JETSON-RX] A5 5A 01 81 2C 03 11 01 00 D5 C6
[12:21:33.023] [JETSON-STATUS] CAPTURE_DONE_HOME: A5 5A 01 81 2C 03 11 01 00 D5 C6
[12:21:35.297] [JETSON-TX] CAPTURE_CTRL a=1 p=1: A5 5A 01 04 46 02 01 01 84 D2
[12:21:35.333] [ARM-RX] [JETSON_RX] capture_ctrl action=1 point=1
[12:21:35.334] [ARM-RX] [CAPTURE] request action=1 point=1
[12:21:35.334] [ARM-RX] ROBOT_AUTO_EVENT
[12:21:35.334] [ARM-RX] AUTO slow profile scale=0.40 target=<0.00 -130.00 -1
[12:21:35.356] [ARM-RX] 5.00>
[12:21:35.356] [ARM-RX] [0] <0.00 0.00 0.00> result: 90.00 90.00 -90.00 0.00 90.00 0.00
[12:21:35.356] [ARM-RX] [1] <0.00 -0.00 -0.00> result: 90.00 90.00 -90.00 0.00 90.00 0.00
[12:21:35.356] [ARM-RX] [2] <0.00 -0.00 -0.00> result: 90.00 90.00 -90.00 0.00 90.00 0.00
[12:21:35.358] [ARM-RX] [3] <0.00 -0.00 -0.00> result: 90.00 90.00 -90.00
[12:21:35.379] [ARM-RX] 0.00 90.00 0.00
[12:21:35.380] [ARM-RX] [4] <0.00 -0.01 -0.00> result: 90.00 90.00 -90.00 0.00 90.00 0.00
[12:21:35.380] [ARM-RX] [5] <0.00 -0.01 -0.00> result: 90.00 90.00 -90.00 0.00 90.00 0.00
[12:21:35.380] [ARM-RX] [6] <0.00 -0.02 -0.00> result: 90.00 90.01 -90.00 0.00 90.00 0.00
[12:21:35.380] [ARM-RX] [7] <0.00 -0.03 -0.00> result: 90.00 9
[12:21:35.403] [ARM-RX] 0.01 -89.99 0.00 90.00 0.00
[12:21:35.403] [ARM-RX] [8] <0.00 -0.04 -0.00> result: 90.00 90.02 -89.99 0.00 90.01 0.00
[12:21:35.403] [ARM-RX] [9] <0.00 -0.06 -0.01> result: 90.00 90.02 -89.98 0.00 90.01 0.00
[12:21:35.403] [ARM-RX] [10] <0.00 -0.08 -0.01> result: 90.00 90.03 -89.98 0.00 90.01 0.00
[12:21:35.403] [ARM-RX] [11] <0.00 -0.10 -0.01> r
[12:21:35.436] [ARM-RX] esult: 90.00 90.04 -89.97 0.00 90.01 0.00
[12:21:35.437] [ARM-RX] [12] <0.00 -0.13 -0.01> result: 90.00 90.05 -89.96 0.00 90.02 0.00
[12:21:35.437] [ARM-RX] [13] <0.00 -0.16 -0.02> result: 90.00 90.07 -89.96 0.00 90.02 0.00
[12:21:35.437] [ARM-RX] [14] <0.00 -0.20 -0.02> result: 90.00 90.08 -89.95 0.00 90.03 0.00
[12:21:35.437] [ARM-RX] [15] <0.0
[12:21:35.459] [ARM-RX] 0 -0.24 -0.03> result: 90.00 90.10 -89.93 0.00 90.03 0.00
[12:21:35.459] [ARM-RX] [16] <0.00 -0.29 -0.03> result: 90.00 90.12 -89.92 0.00 90.04 0.00
[12:21:35.459] [ARM-RX] [17] <0.00 -0.35 -0.04> result: 90.00 90.14 -89.90 0.00 90.05 0.00
[12:21:35.459] [ARM-RX] [18] <0.00 -0.41 -0.05> result: 90.00 90.17 -89.89 0.00 90.06
[12:21:35.482] [ARM-RX] 0.00
[12:21:35.482] [ARM-RX] [19] <0.00 -0.48 -0.06> result: 90.00 90.20 -89.87 0.00 90.07 0.00
[12:21:35.482] [ARM-RX] [20] <0.00 -0.56 -0.06> result: 90.00 90.23 -89.85 0.00 90.08 0.00
[12:21:35.483] [ARM-RX] [21] <0.00 -0.64 -0.07> result: 90.00 90.26 -89.82 0.00 90.09 0.00
[12:21:35.483] [ARM-RX] [22] <0.00 -0.73 -0.08> result: 90.00 90.30 -
[12:21:35.505] [ARM-RX] 89.80 0.00 90.10 0.00
[12:21:35.505] [ARM-RX] [23] <0.00 -0.83 -0.10> result: 90.00 90.34 -89.77 0.00 90.11 0.00
[12:21:35.506] [ARM-RX] [24] <0.00 -0.94 -0.11> result: 90.00 90.39 -89.74 0.00 90.13 0.00
[12:21:35.506] [ARM-RX] [25] <0.00 -1.06 -0.12> result: 90.00 90.43 -89.71 0.00 90.14 0.00
[12:21:35.506] [ARM-RX] [26] <0.00 -1.18 -0.14> resul
[12:21:35.528] [ARM-RX] t: 90.00 90.48 -89.67 0.00 90.16 0.00
[12:21:35.528] [ARM-RX] [27] <0.00 -1.32 -0.15> result: 90.00 90.54 -89.64 0.00 90.17 0.00
[12:21:35.529] [ARM-RX] [28] <0.00 -1.46 -0.17> result: 90.00 90.60 -89.60 0.00 90.19 0.00
[12:21:35.529] [ARM-RX] [29] <0.00 -1.62 -0.19> result: 90.00 90.66 -89.55 0.00 90.21 0.00
[12:21:35.529] [ARM-RX] [30] <0.00 -1
[12:21:35.551] [ARM-RX] .78 -0.21> result: 90.00 90.72 -89.51 0.00 90.23 0.00
[12:21:35.552] [ARM-RX] [31] <0.00 -1.96 -0.23> result: 90.00 90.79 -89.46 0.00 90.25 0.00
[12:21:35.552] [ARM-RX] [32] <0.00 -2.14 -0.25> result: 90.00 90.87 -89.41 0.00 90.27 0.00
[12:21:35.552] [ARM-RX] [33] <0.00 -2.34 -0.27> result: 90.00 90.94 -89.35 0.00 90.30 0.0
[12:21:35.574] [ARM-RX] 0
[12:21:35.575] [ARM-RX] [34] <0.00 -2.54 -0.29> result: 90.00 91.02 -89.30 0.00 90.32 0.00
[12:21:35.575] [ARM-RX] [35] <0.00 -2.76 -0.32> result: 90.00 91.11 -89.24 0.00 90.34 0.00
[12:21:35.575] [ARM-RX] [36] <0.00 -2.99 -0.34> result: 90.00 91.20 -89.17 0.00 90.37 0.00
[12:21:35.575] [ARM-RX] [37] <0.00 -3.23 -0.37> result: 90.00 91.29 -89.1
[12:21:35.608] [ARM-RX] 0 0.00 90.39 0.00
[12:21:35.609] [ARM-RX] [38] <0.00 -3.48 -0.40> result: 90.00 91.38 -89.04 0.00 90.42 0.00
[12:21:35.609] [ARM-RX] [39] <0.00 -3.74 -0.43> result: 90.00 91.48 -88.96 0.00 90.45 0.00
[12:21:35.609] [ARM-RX] [40] <0.00 -4.02 -0.46> result: 90.00 91.59 -88.89 0.00 90.47 0.00
[12:21:35.609] [ARM-RX] [41] <0.00 -4.30 -0.50> result: 9
[12:21:35.631] [ARM-RX] 0.00 91.69 -88.81 0.00 90.50 0.00
[12:21:35.632] [ARM-RX] [42] <0.00 -4.60 -0.53> result: 90.00 91.81 -88.72 0.00 90.53 0.00
[12:21:35.632] [ARM-RX] [43] <0.00 -4.91 -0.57> result: 90.00 91.92 -88.64 0.00 90.56 0.00
[12:21:35.632] [ARM-RX] [44] <0.00 -5.23 -0.60> result: 90.00 92.04 -88.55 0.00 90.58 0.00
[12:21:35.632] [ARM-RX] [45] <0.00 -5.56
[12:21:35.654] [ARM-RX] -0.64> result: 90.00 92.16 -88.45 0.00 90.61 0.00
[12:21:35.654] [ARM-RX] [46] <0.00 -5.90 -0.68> result: 90.00 92.28 -88.36 0.00 90.64 0.00
[12:21:35.654] [ARM-RX] [47] <0.00 -6.26 -0.72> result: 90.00 92.41 -88.26 0.00 90.67 0.00
[12:21:35.654] [ARM-RX] [48] <0.00 -6.63 -0.76> result: 90.00 92.55 -88.15 0.00 90.70 0.00
[12:21:35.654] [ARM-RX] [
[12:21:35.677] [ARM-RX] 49] <0.00 -7.01 -0.81> result: 90.00 92.68 -88.05 0.00 90.73 0.00
[12:21:35.677] [ARM-RX] [50] <0.00 -7.40 -0.85> result: 90.00 92.82 -87.94 0.00 90.76 0.00
[12:21:35.677] [ARM-RX] [51] <0.00 -7.80 -0.90> result: 90.00 92.96 -87.82 0.00 90.78 0.00
[12:21:35.677] [ARM-RX] [52] <0.00 -8.22 -0.95> result: 90.00 93.10 -87.71 0.
[12:21:35.700] [ARM-RX] 00 90.81 0.00
[12:21:35.701] [ARM-RX] [53] <0.00 -8.65 -1.00> result: 90.00 93.25 -87.58 0.00 90.84 0.00
[12:21:35.701] [ARM-RX] [54] <0.00 -9.08 -1.05> result: 90.00 93.40 -87.46 0.00 90.86 0.00
[12:21:35.701] [ARM-RX] [55] <0.00 -9.53 -1.10> result: 90.00 93.55 -87.33 0.00 90.89 0.00
[12:21:35.701] [ARM-RX] [56] <0.00 -10.00 -1.15> result: 90.0
[12:21:35.723] [ARM-RX] 0 93.71 -87.20 0.00 90.91 0.00
[12:21:35.723] [ARM-RX] [57] <0.00 -10.47 -1.21> result: 90.00 93.87 -87.07 0.00 90.94 0.00
[12:21:35.723] [ARM-RX] [58] <0.00 -10.95 -1.26> result: 90.00 94.03 -86.93 0.00 90.96 0.00
[12:21:35.723] [ARM-RX] [59] <0.00 -11.45 -1.32> result: 90.00 94.19 -86.79 0.00 90.98 0.00
[12:21:35.723] [ARM-RX] [60] <0.00 -11.96
[12:21:35.747] [ARM-RX] -1.38> result: 90.00 94.35 -86.65 0.00 91.00 0.00
[12:21:35.747] [ARM-RX] [61] <0.00 -12.47 -1.44> result: 90.00 94.52 -86.50 0.00 91.02 0.00
[12:21:35.747] [ARM-RX] [62] <0.00 -13.00 -1.50> result: 90.00 94.69 -86.35 0.00 91.04 0.00
[12:21:35.747] [ARM-RX] [63] <0.00 -13.54 -1.56> result: 90.00 94.86 -86.19 0.00 91.05 0.0
[12:21:35.769] [ARM-RX] 0
[12:21:35.770] [ARM-RX] [64] <0.00 -14.09 -1.63> result: 90.00 95.03 -86.04 0.00 91.07 0.00
[12:21:35.770] [ARM-RX] [65] <0.00 -14.65 -1.69> result: 90.00 95.20 -85.88 0.00 91.08 0.00
[12:21:35.770] [ARM-RX] [66] <0.00 -15.21 -1.76> result: 90.00 95.38 -85.72 0.00 91.09 0.00
[12:21:35.770] [ARM-RX] [67] <0.00 -15.79 -1.82> result: 90.00 95.55 -
[12:21:35.805] [ARM-RX] 85.55 0.00 91.10 0.00
[12:21:35.805] [ARM-RX] [68] <0.00 -16.38 -1.89> result: 90.00 95.73 -85.38 0.00 91.11 0.00
[12:21:35.805] [ARM-RX] [69] <0.00 -16.97 -1.96> result: 90.00 95.91 -85.21 0.00 91.12 0.00
[12:21:35.807] [ARM-RX] [70] <0.00 -17.58 -2.03> result: 90.00 96.09 -85.04 0.00 91.13 0.00
[12:21:35.807] [ARM-RX] [71] <0.00 -18.19 -2.10> r
[12:21:35.826] [ARM-RX] esult: 90.00 96.27 -84.86 0.00 91.13 0.00
[12:21:35.826] [ARM-RX] [72] <0.00 -18.81 -2.17> result: 90.00 96.45 -84.68 0.00 91.13 0.00
[12:21:35.826] [ARM-RX] [73] <0.00 -19.44 -2.24> result: 90.00 96.63 -84.50 0.00 91.13 0.00
[12:21:35.827] [ARM-RX] [74] <0.00 -20.08 -2.32> result: 90.00 96.81 -84.32 0.00 91.13 0.00
[12:21:35.827] [ARM-RX] [75] <
[12:21:35.849] [ARM-RX] 0.00 -20.72 -2.39> result: 90.00 97.00 -84.13 0.00 91.13 0.00
[12:21:35.849] [ARM-RX] [76] <0.00 -21.37 -2.47> result: 90.00 97.18 -83.94 0.00 91.12 0.00
[12:21:35.849] [ARM-RX] [77] <0.00 -22.03 -2.54> result: 90.00 97.36 -83.75 0.00 91.12 0.00
[12:21:35.850] [ARM-RX] [78] <0.00 -22.70 -2.62> result: 90.00 97.55 -83.56 0.0
[12:21:35.872] [ARM-RX] 0 91.11 0.00
[12:21:35.872] [ARM-RX] [79] <0.00 -23.37 -2.70> result: 90.00 97.73 -83.37 0.00 91.10 0.00
[12:21:35.873] [ARM-RX] [80] <0.00 -24.04 -2.77> result: 90.00 97.92 -83.17 0.00 91.08 0.00
[12:21:35.873] [ARM-RX] [81] <0.00 -24.72 -2.85> result: 90.00 98.10 -82.97 0.00 91.07 0.00
[12:21:35.873] [ARM-RX] [82] <0.00 -25.41 -2.93> result: 90
[12:21:35.895] [ARM-RX] .00 98.28 -82.77 0.00 91.05 0.00
[12:21:35.896] [ARM-RX] [83] <0.00 -26.10 -3.01> result: 90.00 98.47 -82.57 0.00 91.04 0.00
[12:21:35.896] [ARM-RX] [84] <0.00 -26.79 -3.09> result: 90.00 98.65 -82.37 0.00 91.02 0.00
[12:21:35.896] [ARM-RX] [85] <0.00 -27.49 -3.17> result: 90.00 98.83 -82.16 0.00 91.00 0.00
[12:21:35.896] [ARM-RX] [86] <0.00 -28.
[12:21:35.918] [ARM-RX] 19 -3.25> result: 90.00 99.01 -81.96 0.00 90.97 0.00
[12:21:35.918] [ARM-RX] [87] <0.00 -28.90 -3.33> result: 90.00 99.20 -81.75 0.00 90.95 0.00
[12:21:35.918] [ARM-RX] [88] <0.00 -29.61 -3.42> result: 90.00 99.38 -81.55 0.00 90.92 0.00
[12:21:35.919] [ARM-RX] [89] <0.00 -30.32 -3.50> result: 90.00 99.56 -81.34 0.00 90.90 0
[12:21:35.942] [ARM-RX] .00
[12:21:35.942] [ARM-RX] [90] <0.00 -31.03 -3.58> result: 90.00 99.74 -81.13 0.00 90.87 0.00
[12:21:35.942] [ARM-RX] [91] <0.00 -31.74 -3.66> result: 90.00 99.92 -80.92 0.00 90.84 0.00
[12:21:35.943] [ARM-RX] [92] <0.00 -32.46 -3.74> result: 90.00 100.09 -80.71 0.00 90.80 0.00
[12:21:35.943] [ARM-RX] [93] <0.00 -33.17 -3.83> result: 90.00 100.
[12:21:35.975] [ARM-RX] 27 -80.50 0.00 90.77 0.00
[12:21:35.976] [ARM-RX] [94] <0.00 -33.89 -3.91> result: 90.00 100.44 -80.29 0.00 90.74 0.00
[12:21:35.976] [ARM-RX] [95] <0.00 -34.60 -3.99> result: 90.00 100.62 -80.08 0.00 90.70 0.00
[12:21:35.976] [ARM-RX] [96] <0.00 -35.32 -4.07> result: 90.00 100.79 -79.87 0.00 90.66 0.00
[12:21:35.976] [ARM-RX] [97] <0.00 -36.03 -
[12:21:35.998] [ARM-RX] 4.16> result: 90.00 100.96 -79.66 0.00 90.62 0.00
[12:21:35.999] [ARM-RX] [98] <0.00 -36.75 -4.24> result: 90.00 101.14 -79.45 0.00 90.58 0.00
[12:21:35.999] [ARM-RX] [99] <0.00 -37.46 -4.32> result: 90.00 101.31 -79.24 0.00 90.54 0.00
[12:21:35.999] [ARM-RX] [100] <0.00 -38.18 -4.41> result: 90.00 101.47 -79.02 0.00 90.50
[12:21:36.021] [ARM-RX] 0.00
[12:21:36.021] [ARM-RX] [101] <0.00 -38.89 -4.49> result: 90.00 101.64 -78.81 0.00 90.46 0.00
[12:21:36.022] [ARM-RX] [102] <0.00 -39.61 -4.57> result: 90.00 101.81 -78.60 0.00 90.41 0.00
[12:21:36.022] [ARM-RX] [103] <0.00 -40.32 -4.65> result: 90.00 101.98 -78.39 0.00 90.37 0.00
[12:21:36.022] [ARM-RX] [104] <0.00 -41.04 -4.74> result: 90.
[12:21:36.045] [ARM-RX] 00 102.14 -78.18 0.00 90.32 0.00
[12:21:36.046] [ARM-RX] [105] <0.00 -41.75 -4.82> result: 90.00 102.31 -77.96 0.00 90.27 0.00
[12:21:36.046] [ARM-RX] [106] <0.00 -42.47 -4.90> result: 90.00 102.47 -77.75 0.00 90.22 0.00
[12:21:36.046] [ARM-RX] [107] <0.00 -43.18 -4.98> result: 90.00 102.63 -77.54 0.00 90.17 0.00
[12:21:36.046] [ARM-RX] [108] <0.
[12:21:36.067] [ARM-RX] 00 -43.90 -5.07> result: 90.00 102.79 -77.33 0.00 90.12 0.00
[12:21:36.067] [ARM-RX] [109] <0.00 -44.61 -5.15> result: 90.00 102.95 -77.11 0.00 90.07 0.00
[12:21:36.067] [ARM-RX] [110] <0.00 -45.33 -5.23> result: 90.00 103.12 -76.90 0.00 90.02 0.00
[12:21:36.067] [ARM-RX] [111] <0.00 -46.05 -5.31> result: 90.00 103.27 -76.6
[12:21:36.090] [ARM-RX] 9 0.00 89.96 0.00
[12:21:36.090] [ARM-RX] [112] <0.00 -46.76 -5.40> result: 90.00 103.43 -76.47 0.00 89.91 0.00
[12:21:36.090] [ARM-RX] [113] <0.00 -47.48 -5.48> result: 90.00 103.59 -76.26 0.00 89.85 0.00
[12:21:36.091] [ARM-RX] [114] <0.00 -48.19 -5.56> result: 90.00 103.75 -76.05 0.00 89.80 0.00
[12:21:36.091] [ARM-RX] [115] <0.00 -48.91 -5.64
[12:21:36.113] [ARM-RX] > result: 90.00 103.91 -75.83 0.00 89.74 0.00
[12:21:36.113] [ARM-RX] [116] <0.00 -49.62 -5.73> result: 90.00 104.06 -75.62 0.00 89.68 0.00
[12:21:36.113] [ARM-RX] [117] <0.00 -50.34 -5.81> result: 90.00 104.22 -75.40 0.00 89.62 0.00
[12:21:36.114] [ARM-RX] [118] <0.00 -51.05 -5.89> result: 90.00 104.37 -75.19 0.00 89.56 0.
[12:21:36.136] [ARM-RX] 00
[12:21:36.137] [ARM-RX] [119] <0.00 -51.77 -5.97> result: 90.00 104.53 -74.98 0.00 89.50 0.00
[12:21:36.137] [ARM-RX] [120] <0.00 -52.48 -6.06> result: 90.00 104.68 -74.76 0.00 89.44 0.00
[12:21:36.137] [ARM-RX] [121] <0.00 -53.20 -6.14> result: 90.00 104.83 -74.55 0.00 89.38 0.00
[12:21:36.137] [ARM-RX] [122] <0.00 -53.91 -6.22> result: 90.00
[12:21:36.172] [ARM-RX] 104.99 -74.33 0.00 89.32 0.00
[12:21:36.173] [ARM-RX] [123] <0.00 -54.63 -6.30> result: 90.00 105.14 -74.12 0.00 89.25 0.00
[12:21:36.173] [ARM-RX] [124] <0.00 -55.34 -6.39> result: 90.00 105.29 -73.90 0.00 89.19 0.00
[12:21:36.173] [ARM-RX] [125] <0.00 -56.06 -6.47> result: 90.00 105.44 -73.68 0.00 89.12 0.00
[12:21:36.173] [ARM-RX] [126] <0.00
[12:21:36.194] [ARM-RX] -56.77 -6.55> result: 90.00 105.59 -73.47 0.00 89.06 0.00
[12:21:36.194] [ARM-RX] [127] <0.00 -57.49 -6.63> result: 90.00 105.74 -73.25 0.00 88.99 0.00
[12:21:36.194] [ARM-RX] [128] <0.00 -58.20 -6.72> result: 90.00 105.89 -73.04 0.00 88.93 0.00
[12:21:36.195] [ARM-RX] [129] <0.00 -58.92 -6.80> result: 90.00 106.04 -72.82
[12:21:36.217] [ARM-RX] 0.00 88.86 0.00
[12:21:36.217] [ARM-RX] [130] <0.00 -59.64 -6.88> result: 90.00 106.19 -72.60 0.00 88.79 0.00
[12:21:36.218] [ARM-RX] [131] <0.00 -60.35 -6.96> result: 90.00 106.33 -72.39 0.00 88.72 0.00
[12:21:36.218] [ARM-RX] [132] <0.00 -61.07 -7.05> result: 90.00 106.48 -72.17 0.00 88.65 0.00
[12:21:36.218] [ARM-RX] [133] <0.00 -61.78 -7.13>
[12:21:36.240] [ARM-RX] result: 90.00 106.63 -71.95 0.00 88.58 0.00
[12:21:36.240] [ARM-RX] [134] <0.00 -62.50 -7.21> result: 90.00 106.77 -71.74 0.00 88.51 0.00
[12:21:36.241] [ARM-RX] [135] <0.00 -63.21 -7.29> result: 90.00 106.92 -71.52 0.00 88.44 0.00
[12:21:36.241] [ARM-RX] [136] <0.00 -63.93 -7.38> result: 90.00 107.07 -71.30 0.00 88.37 0.00
[12:21:36.269] [ARM-RX] [137] <0.00 -64.64 -7.46> result: 90.00 107.21 -71.09 0.00 88.30 0.00
[12:21:36.269] [ARM-RX] [138] <0.00 -65.36 -7.54> result: 90.00 107.36 -70.87 0.00 88.22 0.00
[12:21:36.270] [ARM-RX] [139] <0.00 -66.07 -7.62> result: 90.00 107.50 -70.65 0.00 88.15 0.00
[12:21:36.270] [ARM-RX] [140] <0.00 -66.79 -7.71> result: 90.00 1
[12:21:36.286] [ARM-RX] 07.64 -70.43 0.00 88.08 0.00
[12:21:36.286] [ARM-RX] [141] <0.00 -67.50 -7.79> result: 90.00 107.79 -70.21 0.00 88.00 0.00
[12:21:36.286] [ARM-RX] [142] <0.00 -68.22 -7.87> result: 90.00 107.93 -70.00 0.00 87.93 0.00
[12:21:36.287] [ARM-RX] [143] <0.00 -68.93 -7.95> result: 90.00 108.07 -69.78 0.00 87.85 0.00
[12:21:36.287] [ARM-RX] [144] <0.00 -
[12:21:36.309] [ARM-RX] 69.65 -8.04> result: 90.00 108.22 -69.56 0.00 87.78 0.00
[12:21:36.310] [ARM-RX] [145] <0.00 -70.36 -8.12> result: 90.00 108.36 -69.34 0.00 87.70 0.00
[12:21:36.310] [ARM-RX] [146] <0.00 -71.08 -8.20> result: 90.00 108.50 -69.12 0.00 87.62 0.00
[12:21:36.311] [ARM-RX] [147] <0.00 -71.79 -8.28> result: 90.00 108.64 -68.90 0.
[12:21:36.344] [ARM-RX] 00 87.54 0.00
[12:21:36.344] [ARM-RX] [148] <0.00 -72.51 -8.37> result: 90.00 108.78 -68.68 0.00 87.47 0.00
[12:21:36.344] [ARM-RX] [149] <0.00 -73.23 -8.45> result: 90.00 108.93 -68.46 0.00 87.39 0.00
[12:21:36.344] [ARM-RX] [150] <0.00 -73.94 -8.53> result: 90.00 109.07 -68.24 0.00 87.31 0.00
[12:21:36.345] [ARM-RX] [151] <0.00 -74.66 -8.61> re
[12:21:36.366] [ARM-RX] sult: 90.00 109.21 -68.02 0.00 87.23 0.00
[12:21:36.367] [ARM-RX] [152] <0.00 -75.37 -8.70> result: 90.00 109.35 -67.80 0.00 87.15 0.00
[12:21:36.367] [ARM-RX] [153] <0.00 -76.09 -8.78> result: 90.00 109.49 -67.58 0.00 87.07 0.00
[12:21:36.367] [ARM-RX] [154] <0.00 -76.80 -8.86> result: 90.00 109.63 -67.36 0.00 86.99 0.00
[12:21:36.389] [ARM-RX] [155] <0.00 -77.52 -8.94> result: 90.00 109.76 -67.14 0.00 86.91 0.00
[12:21:36.389] [ARM-RX] [156] <0.00 -78.23 -9.03> result: 90.00 109.90 -66.92 0.00 86.83 0.00
[12:21:36.389] [ARM-RX] [157] <0.00 -78.95 -9.11> result: 90.00 110.04 -66.70 0.00 86.74 0.00
[12:21:36.390] [ARM-RX] [158] <0.00 -79.66 -9.19> result: 90.00 110
[12:21:36.413] [ARM-RX] .18 -66.48 0.00 86.66 0.00
[12:21:36.413] [ARM-RX] [159] <0.00 -80.38 -9.27> result: 90.00 110.32 -66.26 0.00 86.58 0.00
[12:21:36.413] [ARM-RX] [160] <0.00 -81.09 -9.36> result: 90.00 110.46 -66.04 0.00 86.50 0.00
[12:21:36.414] [ARM-RX] [161] <0.00 -81.81 -9.44> result: 90.00 110.60 -65.82 0.00 86.41 0.00
[12:21:36.414] [ARM-RX] [162] <0.00 -82
[12:21:36.436] [ARM-RX] .52 -9.52> result: 90.00 110.73 -65.59 0.00 86.33 0.00
[12:21:36.436] [ARM-RX] [163] <0.00 -83.24 -9.60> result: 90.00 110.87 -65.37 0.00 86.24 0.00
[12:21:36.436] [ARM-RX] [164] <0.00 -83.95 -9.69> result: 90.00 111.01 -65.15 0.00 86.16 0.00
[12:21:36.437] [ARM-RX] [165] <0.00 -84.67 -9.77> result: 90.00 111.14 -64.93 0.00
[12:21:36.459] [ARM-RX] 86.07 0.00
[12:21:36.461] [ARM-RX] [166] <0.00 -85.38 -9.85> result: 90.00 111.28 -64.71 0.00 85.99 0.00
[12:21:36.461] [ARM-RX] [167] <0.00 -86.10 -9.93> result: 90.00 111.42 -64.48 0.00 85.90 0.00
[12:21:36.461] [ARM-RX] [168] <0.00 -86.81 -10.02> result: 90.00 111.55 -64.26 0.00 85.81 0.00
[12:21:36.462] [ARM-RX] [169] <0.00 -87.53 -10.10> re
[12:21:36.480] [ARM-RX] sult: 90.00 111.69 -64.04 0.00 85.73 0.00
[12:21:36.481] [ARM-RX] [170] <0.00 -88.25 -10.18> result: 90.00 111.83 -63.81 0.00 85.64 0.00
[12:21:36.481] [ARM-RX] [171] <0.00 -88.96 -10.26> result: 90.00 111.96 -63.59 0.00 85.55 0.00
[12:21:36.481] [ARM-RX] [172] <0.00 -89.68 -10.35> result: 90.00 112.10 -63.37 0.00 85.46 0.0
[12:21:36.504] [ARM-RX] 0
[12:21:36.504] [ARM-RX] [173] <0.00 -90.39 -10.43> result: 90.00 112.23 -63.14 0.00 85.38 0.00
[12:21:36.505] [ARM-RX] [174] <0.00 -91.11 -10.51> result: 90.00 112.37 -62.92 0.00 85.29 0.00
[12:21:36.505] [ARM-RX] [175] <0.00 -91.82 -10.59> result: 90.00 112.50 -62.70 0.00 85.20 0.00
[12:21:36.505] [ARM-RX] [176] <0.00 -92.54 -10.68> result: 90
[12:21:36.539] [ARM-RX] .00 112.64 -62.47 0.00 85.11 0.00
[12:21:36.539] [ARM-RX] [177] <0.00 -93.25 -10.76> result: 90.00 112.77 -62.25 0.00 85.02 0.00
[12:21:36.539] [ARM-RX] [178] <0.00 -93.97 -10.84> result: 90.00 112.91 -62.02 0.00 84.93 0.00
[12:21:36.540] [ARM-RX] [179] <0.00 -94.68 -10.92> result: 90.00 113.04 -61.80 0.00 84.84 0.00
[12:21:36.540] [ARM-RX] [180]
[12:21:36.561] [ARM-RX] <0.00 -95.40 -11.01> result: 90.00 113.18 -61.57 0.00 84.75 0.00
[12:21:36.563] [ARM-RX] [181] <0.00 -96.11 -11.09> result: 90.00 113.31 -61.35 0.00 84.66 0.00
[12:21:36.563] [ARM-RX] [182] <0.00 -96.83 -11.17> result: 90.00 113.44 -61.12 0.00 84.57 0.00
[12:21:36.563] [ARM-RX] [183] <0.00 -97.54 -11.26> result: 90.00 113.
[12:21:36.586] [ARM-RX] 58 -60.90 0.00 84.48 0.00
[12:21:36.586] [ARM-RX] [184] <0.00 -98.26 -11.34> result: 90.00 113.71 -60.67 0.00 84.38 0.00
[12:21:36.586] [ARM-RX] [185] <0.00 -98.97 -11.42> result: 90.00 113.85 -60.45 0.00 84.29 0.00
[12:21:36.587] [ARM-RX] [186] <0.00 -99.68 -11.50> result: 90.00 113.98 -60.22 0.00 84.20 0.00
[12:21:36.587] [ARM-RX] [187] <0.00 -
[12:21:36.607] [ARM-RX] 100.39 -11.58> result: 90.00 114.11 -60.00 0.00 84.11 0.00
[12:21:36.609] [ARM-RX] [188] <0.00 -101.10 -11.67> result: 90.00 114.24 -59.77 0.00 84.01 0.00
[12:21:36.609] [ARM-RX] [189] <0.00 -101.80 -11.75> result: 90.00 114.37 -59.55 0.00 83.92 0.00
[12:21:36.609] [ARM-RX] [190] <0.00 -102.51 -11.83> result: 90.00 114.50 -
[12:21:36.631] [ARM-RX] 59.33 0.00 83.83 0.00
[12:21:36.631] [ARM-RX] [191] <0.00 -103.20 -11.91> result: 90.00 114.63 -59.10 0.00 83.74 0.00
[12:21:36.631] [ARM-RX] [192] <0.00 -103.90 -11.99> result: 90.00 114.76 -58.88 0.00 83.65 0.00
[12:21:36.631] [ARM-RX] [193] <0.00 -104.59 -12.07> result: 90.00 114.89 -58.66 0.00 83.56 0.00
[12:21:36.632] [ARM-RX] [194] <0.00 -1
[12:21:36.654] [ARM-RX] 05.28 -12.15> result: 90.00 115.02 -58.44 0.00 83.46 0.00
[12:21:36.655] [ARM-RX] [195] <0.00 -105.96 -12.23> result: 90.00 115.15 -58.23 0.00 83.37 0.00
[12:21:36.655] [ARM-RX] [196] <0.00 -106.63 -12.30> result: 90.00 115.27 -58.01 0.00 83.28 0.00
[12:21:36.655] [ARM-RX] [197] <0.00 -107.30 -12.38> result: 90.00 115.40 -5
[12:21:36.677] [ARM-RX] 7.80 0.00 83.19 0.00
[12:21:36.677] [ARM-RX] [198] <0.00 -107.97 -12.46> result: 90.00 115.52 -57.59 0.00 83.10 0.00
[12:21:36.678] [ARM-RX] [199] <0.00 -108.62 -12.53> result: 90.00 115.64 -57.38 0.00 83.02 0.00
[12:21:36.678] [ARM-RX] [200] <0.00 -109.28 -12.61> result: 90.00 115.76 -57.17 0.00 82.93 0.00
[12:21:36.678] [ARM-RX] [201] <0.00 -10
[12:21:36.712] [ARM-RX] 9.92 -12.68> result: 90.00 115.88 -56.96 0.00 82.84 0.00
[12:21:36.712] [ARM-RX] [202] <0.00 -110.56 -12.76> result: 90.00 116.00 -56.76 0.00 82.75 0.00
[12:21:36.712] [ARM-RX] [203] <0.00 -111.19 -12.83> result: 90.00 116.11 -56.55 0.00 82.67 0.00
[12:21:36.713] [ARM-RX] [204] <0.00 -111.81 -12.90> result: 90.00 116.23 -56
[12:21:36.733] [ARM-RX] .36 0.00 82.58 0.00
[12:21:36.735] [ARM-RX] [205] <0.00 -112.42 -12.97> result: 90.00 116.34 -56.16 0.00 82.50 0.00
[12:21:36.735] [ARM-RX] [206] <0.00 -113.02 -13.04> result: 90.00 116.45 -55.96 0.00 82.42 0.00
[12:21:36.735] [ARM-RX] [207] <0.00 -113.62 -13.11> result: 90.00 116.56 -55.77 0.00 82.33 0.00
[12:21:36.735] [ARM-RX] [208] <0.00 -114
[12:21:36.757] [ARM-RX] .21 -13.18> result: 90.00 116.67 -55.58 0.00 82.25 0.00
[12:21:36.757] [ARM-RX] [209] <0.00 -114.79 -13.24> result: 90.00 116.78 -55.40 0.00 82.17 0.00
[12:21:36.757] [ARM-RX] [210] <0.00 -115.35 -13.31> result: 90.00 116.88 -55.21 0.00 82.10 0.00
[12:21:36.758] [ARM-RX] [211] <0.00 -115.91 -13.37> result: 90.00 116.99 -55.
[12:21:36.780] [ARM-RX] 03 0.00 82.02 0.00
[12:21:36.780] [ARM-RX] [212] <0.00 -116.46 -13.44> result: 90.00 117.09 -54.86 0.00 81.94 0.00
[12:21:36.781] [ARM-RX] [213] <0.00 -117.00 -13.50> result: 90.00 117.19 -54.68 0.00 81.87 0.00
[12:21:36.781] [ARM-RX] [214] <0.00 -117.53 -13.56> result: 90.00 117.28 -54.51 0.00 81.79 0.00
[12:21:36.781] [ARM-RX] [215] <0.00 -118.
[12:21:36.803] [ARM-RX] 04 -13.62> result: 90.00 117.38 -54.34 0.00 81.72 0.00
[12:21:36.803] [ARM-RX] [216] <0.00 -118.55 -13.68> result: 90.00 117.47 -54.18 0.00 81.65 0.00
[12:21:36.804] [ARM-RX] [217] <0.00 -119.05 -13.74> result: 90.00 117.56 -54.02 0.00 81.58 0.00
[12:21:36.804] [ARM-RX] [218] <0.00 -119.53 -13.79> result: 90.00 117.65 -53.8
[12:21:36.826] [ARM-RX] 6 0.00 81.51 0.00
[12:21:36.826] [ARM-RX] [219] <0.00 -120.00 -13.85> result: 90.00 117.74 -53.71 0.00 81.45 0.00
[12:21:36.826] [ARM-RX] [220] <0.00 -120.47 -13.90> result: 90.00 117.82 -53.56 0.00 81.38 0.00
[12:21:36.826] [ARM-RX] [221] <0.00 -120.92 -13.95> result: 90.00 117.91 -53.41 0.00 81.32 0.00
[12:21:36.828] [ARM-RX] [222] <0.00 -121.3
[12:21:36.849] [ARM-RX] 5 -14.00> result: 90.00 117.99 -53.27 0.00 81.25 0.00
[12:21:36.849] [ARM-RX] [223] <0.00 -121.78 -14.05> result: 90.00 118.07 -53.13 0.00 81.19 0.00
[12:21:36.849] [ARM-RX] [224] <0.00 -122.20 -14.10> result: 90.00 118.14 -52.99 0.00 81.13 0.00
[12:21:36.849] [ARM-RX] [225] <0.00 -122.60 -14.15> result: 90.00 118.22 -52.86
[12:21:36.872] [ARM-RX] 0.00 81.08 0.00
[12:21:36.873] [ARM-RX] [226] <0.00 -122.99 -14.19> result: 90.00 118.29 -52.73 0.00 81.02 0.00
[12:21:36.873] [ARM-RX] [227] <0.00 -123.37 -14.24> result: 90.00 118.36 -52.61 0.00 80.97 0.00
[12:21:36.873] [ARM-RX] [228] <0.00 -123.74 -14.28> result: 90.00 118.43 -52.49 0.00 80.91 0.00
[12:21:36.873] [ARM-RX] [229] <0.00 -124.10
[12:21:36.909] [ARM-RX] -14.32> result: 90.00 118.49 -52.37 0.00 80.86 0.00
[12:21:36.909] [ARM-RX] [230] <0.00 -124.44 -14.36> result: 90.00 118.55 -52.26 0.00 80.81 0.00
[12:21:36.909] [ARM-RX] [231] <0.00 -124.77 -14.40> result: 90.00 118.62 -52.15 0.00 80.77 0.00
[12:21:36.909] [ARM-RX] [232] <0.00 -125.09 -14.43> result: 90.00 118.67 -52.05
[12:21:36.930] [ARM-RX] 0.00 80.72 0.00
[12:21:36.931] [ARM-RX] [233] <0.00 -125.40 -14.47> result: 90.00 118.73 -51.94 0.00 80.68 0.00
[12:21:36.931] [ARM-RX] [234] <0.00 -125.70 -14.50> result: 90.00 118.79 -51.85 0.00 80.63 0.00
[12:21:36.931] [ARM-RX] [235] <0.00 -125.98 -14.54> result: 90.00 118.84 -51.75 0.00 80.59 0.00
[12:21:36.931] [ARM-RX] [236] <0.00 -126.26
[12:21:36.953] [ARM-RX] -14.57> result: 90.00 118.89 -51.66 0.00 80.55 0.00
[12:21:36.953] [ARM-RX] [237] <0.00 -126.52 -14.60> result: 90.00 118.94 -51.58 0.00 80.52 0.00
[12:21:36.953] [ARM-RX] [238] <0.00 -126.77 -14.63> result: 90.00 118.98 -51.50 0.00 80.48 0.00
[12:21:36.954] [ARM-RX] [239] <0.00 -127.01 -14.66> result: 90.00 119.03 -51.42 0
[12:21:36.976] [ARM-RX] .00 80.44 0.00
[12:21:36.976] [ARM-RX] [240] <0.00 -127.24 -14.68> result: 90.00 119.07 -51.34 0.00 80.41 0.00
[12:21:36.976] [ARM-RX] [241] <0.00 -127.46 -14.71> result: 90.00 119.11 -51.27 0.00 80.38 0.00
[12:21:36.977] [ARM-RX] [242] <0.00 -127.66 -14.73> result: 90.00 119.15 -51.20 0.00 80.35 0.00
[12:21:36.977] [ARM-RX] [243] <0.00 -127.86 -
[12:21:36.999] [ARM-RX] 14.75> result: 90.00 119.18 -51.14 0.00 80.32 0.00
[12:21:36.999] [ARM-RX] [244] <0.00 -128.04 -14.77> result: 90.00 119.22 -51.08 0.00 80.30 0.00
[12:21:37.000] [ARM-RX] [245] <0.00 -128.22 -14.79> result: 90.00 119.25 -51.02 0.00 80.27 0.00
[12:21:37.000] [ARM-RX] [246] <0.00 -128.38 -14.81> result: 90.00 119.28 -50.97 0.
[12:21:37.023] [ARM-RX] 00 80.25 0.00
[12:21:37.023] [ARM-RX] [247] <0.00 -128.53 -14.83> result: 90.00 119.31 -50.92 0.00 80.22 0.00
[12:21:37.023] [ARM-RX] [248] <0.00 -128.68 -14.85> result: 90.00 119.33 -50.87 0.00 80.20 0.00
[12:21:37.024] [ARM-RX] [249] <0.00 -128.82 -14.86> result: 90.00 119.36 -50.82 0.00 80.18 0.00
[12:21:37.024] [ARM-RX] [250] <0.00 -128.94 -1
[12:21:37.044] [ARM-RX] 4.88> result: 90.00 119.38 -50.78 0.00 80.16 0.00
[12:21:37.046] [ARM-RX] [251] <0.00 -129.06 -14.89> result: 90.00 119.40 -50.74 0.00 80.15 0.00
[12:21:37.046] [ARM-RX] [252] <0.00 -129.17 -14.90> result: 90.00 119.42 -50.71 0.00 80.13 0.00
[12:21:37.046] [ARM-RX] [253] <0.00 -129.27 -14.92> result: 90.00 119.44 -50.68 0.0
[12:21:37.080] [ARM-RX] 0 80.12 0.00
[12:21:37.080] [ARM-RX] [254] <0.00 -129.36 -14.93> result: 90.00 119.46 -50.65 0.00 80.10 0.00
[12:21:37.080] [ARM-RX] [255] <0.00 -129.44 -14.94> result: 90.00 119.47 -50.62 0.00 80.09 0.00
[12:21:37.080] [ARM-RX] [256] <0.00 -129.52 -14.94> result: 90.00 119.49 -50.59 0.00 80.08 0.00
[12:21:37.081] [ARM-RX] [257] <0.00 -129.59 -14
[12:21:37.102] [ARM-RX] .95> result: 90.00 119.50 -50.57 0.00 80.07 0.00
[12:21:37.102] [ARM-RX] [258] <0.00 -129.65 -14.96> result: 90.00 119.51 -50.55 0.00 80.06 0.00
[12:21:37.103] [ARM-RX] [259] <0.00 -129.71 -14.97> result: 90.00 119.52 -50.53 0.00 80.05 0.00
[12:21:37.103] [ARM-RX] [260] <0.00 -129.76 -14.97> result: 90.00 119.53 -50.51 0.00
[12:21:37.125] [ARM-RX] 80.05 0.00
[12:21:37.126] [ARM-RX] [261] <0.00 -129.80 -14.98> result: 90.00 119.54 -50.50 0.00 80.04 0.00
[12:21:37.126] [ARM-RX] [262] <0.00 -129.84 -14.98> result: 90.00 119.55 -50.49 0.00 80.03 0.00
[12:21:37.126] [ARM-RX] [263] <0.00 -129.87 -14.99> result: 90.00 119.55 -50.48 0.00 80.03 0.00
[12:21:37.126] [ARM-RX] [264] <0.00 -129.90 -14.
[12:21:37.148] [ARM-RX] 99> result: 90.00 119.56 -50.47 0.00 80.02 0.00
[12:21:37.149] [ARM-RX] [265] <0.00 -129.92 -14.99> result: 90.00 119.56 -50.46 0.00 80.02 0.00
[12:21:37.149] [ARM-RX] [266] <0.00 -129.94 -14.99> result: 90.00 119.57 -50.45 0.00 80.02 0.00
[12:21:37.149] [ARM-RX] [267] <0.00 -129.96 -15.00> result: 90.00 119.57 -50.45 0.00
[12:21:37.172] [ARM-RX] 80.02 0.00
[12:21:37.172] [ARM-RX] [268] <0.00 -129.97 -15.00> result: 90.00 119.57 -50.44 0.00 80.01 0.00
[12:21:37.172] [ARM-RX] [269] <0.00 -129.98 -15.00> result: 90.00 119.57 -50.44 0.00 80.01 0.00
[12:21:37.173] [ARM-RX] [270] <0.00 -129.99 -15.00> result: 90.00 119.57 -50.44 0.00 80.01 0.00
[12:21:37.173] [ARM-RX] [271] <0.00 -129.99 -15.0
[12:21:37.194] [ARM-RX] 0> result: 90.00 119.58 -50.44 0.00 80.01 0.00
[12:21:37.195] [ARM-RX] [272] <0.00 -130.00 -15.00> result: 90.00 119.58 -50.43 0.00 80.01 0.00
[12:21:37.195] [ARM-RX] [273] <0.00 -130.00 -15.00> result: 90.00 119.58 -50.43 0.00 80.01 0.00
[12:21:37.195] [ARM-RX] [274] <0.00 -130.00 -15.00> result: 90.00 119.58 -50.43 0.00 8
[12:21:37.252] [ARM-RX] 0.01 0.00
[12:21:37.252] [ARM-RX] [275] <0.00 -130.00 -15.00> result: 90.00 119.58 -50.43 0.00 80.01 0.00
[12:21:37.252] [ARM-RX] [276] <0.00 -130.00 -15.00> result: 90.00 119.58 -50.43 0.00 80.01 0.00
[12:21:40.126] [ARM-RX] [joint 1] ave_error:0.00
[12:21:40.126] [ARM-RX] [joint 2] ave_error:1.85
[12:21:40.126] [ARM-RX] [joint 3] ave_error:2.07
[12:21:40.128] [ARM-RX] [joint 4] ave_error:0.00
[12:21:40.128] [ARM-RX] [joint 5] ave_error:0.68
[12:21:40.128] [ARM-RX] robot pid run finished!!
[12:21:40.189] [ARM-RX] [joint_id: 0] ROBOT_JOINT_ABS_ROTATE 65.000000
[12:21:41.431] [ARM-RX] [joint_id: 3] ROBOT_JOINT_ABS_ROTATE 330.000000
[12:21:42.913] [ARM-RX] [joint_id: 4] ROBOT_JOINT_ABS_ROTATE 85.000000
[12:21:43.253] [JETSON-RX] A5 5A 01 81 94 03 10 01 00 24 1D
[12:21:43.253] [JETSON-STATUS] CAPTURE_POINT_LEFT: A5 5A 01 81 94 03 10 01 00 24 1D
[12:21:47.197] [JETSON-TX] CAPTURE_CTRL a=1 p=2: A5 5A 01 04 BE 02 01 02 F5 B3
[12:21:47.230] [ARM-RX] [JETSON_RX] capture_ctrl action=1 point=2
[12:21:47.232] [ARM-RX] [CAPTURE] request action=1 point=2
[12:21:47.232] [ARM-RX] [CAPTURE] base pose ready, skip repeated auto
[12:21:47.291] [ARM-RX] [joint_id: 0] ROBOT_JOINT_ABS_ROTATE 90.000000
[12:21:48.583] [ARM-RX] [joint_id: 3] ROBOT_JOINT_ABS_ROTATE 0.000000
[12:21:50.068] [ARM-RX] [joint_id: 4] ROBOT_JOINT_ABS_ROTATE 80.000000
[12:21:50.408] [JETSON-RX] A5 5A 01 81 DE 03 10 02 00 BD 23
[12:21:50.408] [JETSON-STATUS] CAPTURE_POINT_FRONT: A5 5A 01 81 DE 03 10 02 00 BD 23
[12:21:53.186] [JETSON-TX] CAPTURE_CTRL a=1 p=3: A5 5A 01 04 FC 02 01 03 20 0B
[12:21:53.401] [ARM-RX] [JETSON_RX] crc failed type=0xA5 rx=0x03FD calc=0x8CDA
[12:21:56.298] [JETSON-TX] CAPTURE_CTRL a=1 p=3: A5 5A 01 04 1C 02 01 03 17 CB
[12:21:56.358] [ARM-RX] [JETSON_RX] capture_ctrl action=1 point=3
[12:21:56.358] [ARM-RX] [CAPTURE] request action=1 point=3
[12:21:56.358] [ARM-RX] [CAPTURE] base pose ready, skip repeated auto
[12:21:56.360] [ARM-RX] [joint_id: 0] ROBOT_JOINT_ABS_ROTATE 115.000000
[12:21:57.650] [ARM-RX] [joint_id: 3] ROBOT_JOINT_ABS_ROTATE 35.000000
[12:21:59.211] [ARM-RX] [joint_id: 4] ROBOT_JOINT_ABS_ROTATE 80.000000
[12:21:59.397] [JETSON-RX] A5 5A 01 81 3A 03 10 03 00 CC A5
[12:21:59.397] [JETSON-STATUS] CAPTURE_POINT_RIGHT: A5 5A 01 81 3A 03 10 03 00 CC A5
[12:25:11.286] [JETSON-TX] CAPTURE_CTRL a=1 p=3: A5 5A 01 04 B6 02 01 03 36 13
[12:25:11.330] [ARM-RX] [JETSON_RX] capture_ctrl action=1 point=3
[12:25:11.331] [ARM-RX] [CAPTURE] request action=1 point=3
[12:25:11.331] [ARM-RX] [CAPTURE] base pose ready, skip repeated auto
[12:25:11.332] [ARM-RX] [joint_id: 0] ROBOT_JOINT_ABS_ROTATE 115.000000
[12:25:11.520] [ARM-RX] [joint_id: 3] ROBOT_JOINT_ABS_ROTATE 35.000000
[12:25:11.644] [ARM-RX] [JETSON_RX] crc failed type=0xA5 rx=0x03B9 calc=0x8CDA
[12:25:11.644] [ARM-RX] [joint_id: 4] ROBOT_JOINT_ABS_ROTATE 80.000000
[12:25:11.701] [JETSON-TX] CAPTURE_CTRL a=1 p=3: A5 5A 01 04 BC 02 01 03 35 CB
[12:25:11.767] [ARM-RX] [JETSON_RX] capture_ctrl action=1 point=3
[12:25:11.799] [JETSON-RX] A5 5A 01 FE BC 01 05 28 5F A5 5A 01 81 BC 03 10 03 00 45 7B
[12:25:11.799] [JETSON-STATUS] BUSY: A5 5A 01 FE BC 01 05 28 5F
[12:25:11.804] [JETSON-STATUS] CAPTURE_POINT_RIGHT: A5 5A 01 81 BC 03 10 03 00 45 7B
[12:25:17.036] [JETSON-TX] CAPTURE_CTRL a=2 p=0: A5 5A 01 04 F4 02 02 00 62 9A
[12:25:17.085] [ARM-RX] [JETSON_RX] capture_ctrl action=2 point=0
[12:25:17.085] [ARM-RX] [CAPTURE] request action=2 point=0
[12:25:17.085] [ARM-RX] ROBOT_SOFT_RESET_EVENT
[12:25:17.086] [ARM-RX] --- Starting soft reset ---
[12:25:17.270] [ARM-RX] Soft reset motors enabled (J1~J5, J6 skipped).
[12:25:17.270] [ARM-RX] Soft resetting joint 4...
[12:25:17.331] [ARM-RX] robot_update_current_angle 4...
[12:25:17.332] [ARM-RX] [4] current:78.47, target:90.00, dir:1
[12:25:18.385] [ARM-RX] Soft resetting joint 3...
[12:25:18.463] [ARM-RX] robot_update_current_angle 3...
[12:25:18.465] [ARM-RX] [3] current:37.32, target:0.00, dir:-1
[12:25:20.560] [ARM-RX] soft reset joint 3 settle timeout, keep going
[12:25:20.560] [ARM-RX] Soft resetting joint 1...
[12:25:20.560] [ARM-RX] robot_update_current_angle 1...
[12:25:20.560] [ARM-RX] [1] current:119.37, target:90.00, dir:-1
[12:25:22.494] [ARM-RX] soft reset joint 1 settle timeout, keep going
[12:25:22.494] [ARM-RX] Soft resetting joint 2...
[12:25:22.494] [ARM-RX] robot_update_current_angle 2...
[12:25:22.495] [ARM-RX] [2] current:-51.09, target:-90.00, dir:-1
[12:25:24.681] [ARM-RX] soft reset joint 2 settle timeout, keep going
[12:25:24.681] [ARM-RX] Soft resetting joint 0...
[12:25:24.743] [ARM-RX] robot_update_current_angle 0...
[12:25:24.743] [ARM-RX] [0] current:117.50, target:90.00, dir:-1
[12:25:26.610] [ARM-RX] soft reset joint 0 settle timeout, keep going
[12:25:26.610] [ARM-RX] soft reset verify not pass, start refine loop...
[12:25:26.735] [ARM-RX] soft reset refine joint 0 round 1: cur=93.68 target=90.00 err=3.68 dir=-1
[12:25:27.379] [JETSON-TX] CAPTURE_CTRL a=2 p=0: A5 5A 01 04 5C 02 02 00 42 FA
[12:25:27.422] [ARM-RX] [JETSON_RX] capture_ctrl action=2 point=0
[12:25:27.453] [JETSON-RX] A5 5A 01 FE 5C 01 05 29 A9
[12:25:27.455] [JETSON-STATUS] BUSY: A5 5A 01 FE 5C 01 05 29 A9
[12:25:27.610] [ARM-RX] soft reset refine pass 1 success.
[12:25:27.610] [ARM-RX] soft reset final verify PASS (issues:4), pose set HOME.
[12:25:27.641] [JETSON-RX] A5 5A 01 81 5E 03 11 01 00 ED CD
[12:25:27.642] [JETSON-STATUS] CAPTURE_DONE_HOME: A5 5A 01 81 5E 03 11 01 00 ED CD
[12:25:29.044] [ARM-RX] [JETSON_RX] crc failed type=0xA5 rx=0x046D calc=0x4FDB
[12:26:38.746] [JETSON-TX] CAPTURE_CTRL a=2 p=0: A5 5A 01 04 26 02 02 00 5B E2
[12:26:38.826] [ARM-RX] [JETSON_RX] capture_ctrl action=2 point=0
[12:26:38.827] [ARM-RX] [CAPTURE] request action=2 point=0
[12:26:38.827] [ARM-RX] ROBOT_SOFT_RESET_EVENT
[12:26:38.827] [ARM-RX] --- Starting soft reset ---
[12:26:39.013] [ARM-RX] Soft reset motors enabled (J1~J5, J6 skipped).
[12:26:39.013] [ARM-RX] Soft resetting joint 4...
[12:26:39.014] [ARM-RX] robot_update_current_angle 4...
[12:26:39.014] [ARM-RX] [4] current:90.00, target:90.00, dir:-1
[12:26:39.137] [ARM-RX] Soft resetting joint 3...
[12:26:39.199] [ARM-RX] robot_update_current_angle 3...
[12:26:39.201] [ARM-RX] [3] current:-0.00, target:0.00, dir:1
[12:26:39.325] [ARM-RX] Soft resetting joint 1...
[12:26:39.325] [ARM-RX] robot_update_current_angle 1...
[12:26:39.325] [ARM-RX] [1] current:90.00, target:90.00, dir:-1
[12:26:39.451] [ARM-RX] Soft resetting joint 2...
[12:26:39.451] [ARM-RX] robot_update_current_angle 2...
[12:26:39.451] [ARM-RX] [2] current:-90.00, target:-90.00, dir:-1
[12:26:39.575] [ARM-RX] Soft resetting joint 0...
[12:26:39.638] [ARM-RX] robot_update_current_angle 0...
[12:26:39.638] [ARM-RX] [0] current:89.87, target:90.00, dir:1
[12:26:39.826] [ARM-RX] soft reset final verify PASS (issues:0), pose set HOME.
[12:26:39.904] [JETSON-RX] A5 5A 01 81 30 03 11 01 00 04 04
[12:26:39.904] [JETSON-STATUS] CAPTURE_DONE_HOME: A5 5A 01 81 30 03 11 01 00 04 04
[12:26:56.465] [JETSON-TX] CAPTURE_CTRL a=2 p=0: A5 5A 01 04 D8 02 02 00 6A 0A
[12:26:57.611] [JETSON-RX] A5 5A 01 81 E4 03 11 01 00 34 16
[12:26:57.611] [JETSON-STATUS] CAPTURE_DONE_HOME: A5 5A 01 81 E4 03 11 01 00 34 16
[12:26:59.514] [JETSON-TX] CAPTURE_CTRL a=1 p=1: A5 5A 01 04 F8 02 01 01 A0 FA
[12:27:02.562] [ARM-RX] [JETSON_RX] safe_d
[12:27:02.618] [ARM-RX] istance=120 valid=1
[12:27:04.305] [ARM-RX] [joint 1] ave_error:0.00
[12:27:04.305] [ARM-RX] [joint 2] ave_error:1.85
[12:27:04.305] [ARM-RX] [joint 3] ave_error:2.07
[12:27:04.306] [ARM-RX] [joint 4] ave_error:0.00
[12:27:04.306] [ARM-RX] [joint 5] ave_error:0.69
[12:27:04.306] [ARM-RX] robot pid run finished!!
[12:27:04.368] [ARM-RX] [joint_id: 0] ROBOT_JOINT_ABS_ROTATE 65.000000
[12:27:05.685] [ARM-RX] [joint_id: 3] ROBOT_JOINT_ABS_ROTATE 330.000000
[12:27:07.123] [ARM-RX] [joint_id: 4] ROBOT_JOINT_ABS_ROTATE 85.000000
[12:27:07.481] [JETSON-RX] A5 5A 01 81 48 03 10 01 00 F5 CE
[12:27:07.481] [JETSON-STATUS] CAPTURE_POINT_LEFT: A5 5A 01 81 48 03 10 01 00 F5 CE
[12:27:11.614] [JETSON-TX] CAPTURE_CTRL a=1 p=2: A5 5A 01 04 74 02 01 02 CA 6B
[12:27:11.674] [ARM-RX] [JETSON_RX] capture_ctrl action=1 point=2
[12:27:11.674] [ARM-RX] [CAPTURE] request action=1 point=2
[12:27:11.674] [ARM-RX] [CAPTURE] base pose ready, skip repeated auto
[12:27:11.674] [ARM-RX] [joint_id: 0] ROBOT_JOINT_ABS_ROTATE 90.000000
[12:27:13.025] [ARM-RX] [joint_id: 3] ROBOT_JOINT_ABS_ROTATE 0.000000
[12:27:14.506] [ARM-RX] [joint_id: 4] ROBOT_JOINT_ABS_ROTATE 80.000000
[12:27:14.830] [JETSON-RX] A5 5A 01 81 92 03 10 02 00 AC ED
[12:27:14.830] [JETSON-STATUS] CAPTURE_POINT_FRONT: A5 5A 01 81 92 03 10 02 00 AC ED
[12:27:18.411] [JETSON-TX] CAPTURE_CTRL a=1 p=3: A5 5A 01 04 BA 02 01 03 35 43
[12:27:18.450] [ARM-RX] [JETSON_RX] capture_ctrl action=1 point=3
[12:27:18.450] [ARM-RX] [CAPTURE] request action=1 point=3
[12:27:18.450] [ARM-RX] [CAPTURE] base pose ready, skip repeated auto
[12:27:18.450] [ARM-RX] [joint_id: 0] ROBOT_J
[12:27:18.504] [ARM-RX] OINT_ABS_ROTATE 115.000000
[12:27:19.792] [ARM-RX] [joint_id: 3] ROBOT_JOINT_ABS_ROTATE 35.000000
[12:27:21.343] [ARM-RX] [joint_id: 4] ROBOT_JOINT_ABS_ROTATE 80.000000
[12:27:21.499] [JETSON-RX] A5 5A 01 81 D8 03 10 03 00 34 B3
[12:27:21.499] [JETSON-STATUS] CAPTURE_POINT_RIGHT: A5 5A 01 81 D8 03 10 03 00 34 B3
[12:32:41.491] [ARM-RX] [JETSON_RX] crc failed type=0x01 rx=0x4C05 calc=0x3380
[12:41:37.677] [JETSON-TX] CAPTURE_CTRL a=2 p=0: A5 5A 01 04 25 02 02 00 5B A6
[12:41:37.730] [ARM-RX] [JETSON_RX] capture_ctrl action=2 point=0
[12:41:37.730] [ARM-RX] [CAPTURE] request action=2 point=0
[12:41:37.730] [ARM-RX] ROBOT_SOFT_RESET_EVENT
[12:41:37.730] [ARM-RX] --- Starting soft reset ---
[12:41:37.916] [ARM-RX] Soft reset motors enabled (J1~J5, J6 skipped).
[12:41:37.916] [ARM-RX] Soft resetting joint 4...
[12:41:37.979] [ARM-RX] robot_update_current_angle 4...
[12:41:37.979] [ARM-RX] [4] current:79.27, target:90.00, dir:1
[12:41:38.982] [ARM-RX] Soft resetting joint 3...
[12:41:39.043] [ARM-RX] robot_update_current_angle 3...
[12:41:39.043] [ARM-RX] [3] current:35.94, target:0.00, dir:-1
[12:41:41.038] [ARM-RX] soft reset joint 3 settle timeout, keep going
[12:41:41.039] [ARM-RX] Soft resetting joint 1...
[12:41:41.101] [ARM-RX] robot_update_current_angle 1...
[12:41:41.102] [ARM-RX] [1] current:119.37, target:90.00, dir:-1
[12:41:45.217] [ARM-RX] soft reset joint 2 settle timeout, keep going
[12:41:45.217] [ARM-RX] Soft resetting joint 0...
[12:41:47.030] [ARM-RX] soft reset joint 0 settle timeout, keep going
[12:41:47.091] [ARM-RX] soft reset verify not pass, start refine loop...
[12:41:47.153] [ARM-RX] soft reset refine joint 0 round 1: cur=93.28 target=90.00 err=3.28 dir=-1
[12:41:48.026] [ARM-RX] soft reset refine pass 1 success.
[12:41:48.026] [ARM-RX] soft reset final verify PASS (issues:4), pose set HOME.
[12:41:48.042] [JETSON-RX] A5 5A 01 81 8C 03 11 01 00 55 DF
[12:41:48.043] [JETSON-STATUS] CAPTURE_DONE_HOME: A5 5A 01 81 8C 03 11 01 00 55 DF
[12:42:28.518] [ARM-RX] [JETSON_RX] crc failed type=0xA5 rx=0x0420 calc=0x4FDB
[12:53:42.419] [JETSON-INFO] 已停止周期视觉发送
[12:53:42.420] [JETSON-INFO] heartbeat stopped
[12:53:42.420] [JETSON-INFO] safe distance stopped
