[11:05:52.344] [APP-INFO] 已刷新串口: COM7, COM16, COM22, COM21, COM14
[11:05:52.346] [APP-INFO] log file: E:\Renesas\RA6M5-Robot\Robot_FreeRTOS - Arm\UpperComputer\dist\logs\ra6m5_upper_console_20260704_110551.log
[11:05:56.455] [APP-INFO] 已刷新串口: COM7, COM16, COM22, COM21, COM14
[11:05:56.643] [APP-INFO] 已刷新串口: COM7, COM16, COM22, COM21, COM14
[11:05:58.619] [ARM-INFO] opened COM7 @ 115200
[11:05:59.661] [JETSON-INFO] opened COM14 @ 115200
[11:06:03.697] [ARM-TX] 发送命令 soft_reset: soft_reset
[11:06:03.784] [ARM-RX] Found handler for 'soft_reset', executing...
[11:06:03.784] [ARM-RX] ROBOT_SOFT_RESET_EVENT
[11:06:03.784] [ARM-RX] --- Starting soft reset ---
[11:06:03.971] [ARM-RX] Soft reset motors enabled (J1~J5, J6 skipped).
[11:06:03.973] [ARM-RX] Soft resetting joint 4...
[11:06:03.973] [ARM-RX] robot_update_current_angle 4...
[11:06:03.973] [ARM-RX] [4] current:90.00, target:90.00, dir:-1
[11:06:04.095] [ARM-RX] Soft resetting joint 3...
[11:06:04.160] [ARM-RX] robot_update_current_angle 3...
[11:06:04.161] [ARM-RX] [3] current:0.00, target:0.00, dir:-1
[11:06:04.283] [ARM-RX] Soft resetting joint 1...
[11:06:04.284] [ARM-RX] robot_update_current_angle 1...
[11:06:04.284] [ARM-RX] [1] current:90.00, target:90.00, dir:-1
[11:06:04.409] [ARM-RX] Soft resetting joint 2...
[11:06:04.471] [ARM-RX] robot_update_current_angle 2...
[11:06:04.471] [ARM-RX] [2] current:-90.12, target:-90.00, dir:1
[11:06:04.594] [ARM-RX] Soft resetting joint 0...
[11:06:04.594] [ARM-RX] robot_update_current_angle 0...
[11:06:04.594] [ARM-RX] [0] current:89.99, target:90.00, dir:1
[11:06:04.843] [ARM-RX] soft reset final verify PASS (issues:0), pose set HOME.
[11:06:07.498] [ARM-TX] 发送命令 auto 0 -50 0: auto 0 -50 0
[11:06:07.529] [ARM-RX] Found handler for 'auto', executing...
[11:06:07.529] [ARM-RX] ROBOT_AUTO_EVENT
[11:06:07.529] [ARM-RX] [0] <0.00 0.00 0.00> result: 90.00 90.00 -90.00 0.00 90.00 0.00
[11:06:07.529] [ARM-RX] [1] <0.00 -0.00 0.00> result: 90.00 90.00 -90.00 0.00 90.00 0.00
[11:06:07.530] [ARM-RX] [2] <0.00 -0.00 0.00> result: 90.00 90.00 -90.00 0.00
[11:06:07.559] [ARM-RX] 90.00 0.00
[11:06:07.559] [ARM-RX] [3] <0.00 -0.01 0.00> result: 90.00 90.00 -90.00 0.00 90.00 0.00
[11:06:07.560] [ARM-RX] [4] <0.00 -0.02 0.00> result: 90.00 90.00 -89.99 0.00 90.00 0.00
[11:06:07.561] [ARM-RX] [5] <0.00 -0.03 0.00> result: 90.00 90.01 -89.99 0.00 90.00 0.00
[11:06:07.562] [ARM-RX] [6] <0.00 -0.05 0.00> result: 90.00 90.02 -89
[11:06:07.582] [ARM-RX] .98 0.00 90.00 0.00
[11:06:07.582] [ARM-RX] [7] <0.00 -0.08 0.00> result: 90.00 90.02 -89.98 0.00 90.00 0.00
[11:06:07.582] [ARM-RX] [8] <0.00 -0.12 0.00> result: 90.00 90.03 -89.97 0.00 90.00 0.00
[11:06:07.583] [ARM-RX] [9] <0.00 -0.17 0.00> result: 90.00 90.05 -89.95 0.00 90.00 0.00
[11:06:07.583] [ARM-RX] [10] <0.00 -0.22 0.00> result: 90.00
[11:06:07.605] [ARM-RX] 90.06 -89.94 0.00 90.00 0.00
[11:06:07.606] [ARM-RX] [11] <0.00 -0.29 0.00> result: 90.00 90.08 -89.92 0.00 90.00 0.00
[11:06:07.606] [ARM-RX] [12] <0.00 -0.38 0.00> result: 90.00 90.11 -89.89 0.00 90.00 0.00
[11:06:07.606] [ARM-RX] [13] <0.00 -0.47 0.00> result: 90.00 90.14 -89.86 0.00 90.00 0.00
[11:06:07.606] [ARM-RX] [14] <0.00 -0.59 0.00> re
[11:06:07.628] [ARM-RX] sult: 90.00 90.17 -89.83 0.00 90.00 0.00
[11:06:07.629] [ARM-RX] [15] <0.00 -0.71 0.00> result: 90.00 90.20 -89.80 0.00 90.00 0.00
[11:06:07.629] [ARM-RX] [16] <0.00 -0.86 0.00> result: 90.00 90.24 -89.75 0.00 90.00 0.00
[11:06:07.629] [ARM-RX] [17] <0.00 -1.02 0.00> result: 90.00 90.29 -89.71 0.00 90.00 0.00
[11:06:07.629] [ARM-RX] [18] <0.00 -1
[11:06:07.649] [ARM-RX] .20 0.00> result: 90.00 90.34 -89.65 0.00 90.00 0.00
[11:06:07.650] [ARM-RX] [19] <0.00 -1.41 0.00> result: 90.00 90.40 -89.60 0.00 89.99 0.00
[11:06:07.650] [ARM-RX] [20] <0.00 -1.63 0.00> result: 90.00 90.46 -89.53 0.00 89.99 0.00
[11:06:07.650] [ARM-RX] [21] <0.00 -1.87 0.00> result: 90.00 90.53 -89.46 0.00 89.99 0.00
[11:06:07.650] [ARM-RX] [
[11:06:07.672] [ARM-RX] 22] <0.00 -2.14 0.00> result: 90.00 90.60 -89.39 0.00 89.99 0.00
[11:06:07.674] [ARM-RX] [23] <0.00 -2.43 0.00> result: 90.00 90.68 -89.30 0.00 89.98 0.00
[11:06:07.674] [ARM-RX] [24] <0.00 -2.74 0.00> result: 90.00 90.77 -89.21 0.00 89.98 0.00
[11:06:07.674] [ARM-RX] [25] <0.00 -3.08 0.00> result: 90.00 90.86 -89.11 0.00 8
[11:06:07.696] [ARM-RX] 9.97 0.00
[11:06:07.696] [ARM-RX] [26] <0.00 -3.45 0.00> result: 90.00 90.96 -89.01 0.00 89.97 0.00
[11:06:07.697] [ARM-RX] [27] <0.00 -3.83 0.00> result: 90.00 91.06 -88.90 0.00 89.96 0.00
[11:06:07.697] [ARM-RX] [28] <0.00 -4.25 0.00> result: 90.00 91.17 -88.78 0.00 89.95 0.00
[11:06:07.697] [ARM-RX] [29] <0.00 -4.69 0.00> result: 90.00 91.29 -
[11:06:07.732] [ARM-RX] 88.65 0.00 89.94 0.00
[11:06:07.732] [ARM-RX] [30] <0.00 -5.16 0.00> result: 90.00 91.41 -88.52 0.00 89.93 0.00
[11:06:07.732] [ARM-RX] [31] <0.00 -5.66 0.00> result: 90.00 91.54 -88.37 0.00 89.91 0.00
[11:06:07.733] [ARM-RX] [32] <0.00 -6.19 0.00> result: 90.00 91.68 -88.22 0.00 89.90 0.00
[11:06:07.733] [ARM-RX] [33] <0.00 -6.74 0.00> result: 9
[11:06:07.753] [ARM-RX] 0.00 91.82 -88.06 0.00 89.88 0.00
[11:06:07.753] [ARM-RX] [34] <0.00 -7.33 0.00> result: 90.00 91.97 -87.89 0.00 89.86 0.00
[11:06:07.753] [ARM-RX] [35] <0.00 -7.94 0.00> result: 90.00 92.12 -87.71 0.00 89.84 0.00
[11:06:07.755] [ARM-RX] [36] <0.00 -8.58 0.00> result: 90.00 92.28 -87.53 0.00 89.81 0.00
[11:06:07.755] [ARM-RX] [37] <0.00 -9.25 0.0
[11:06:07.776] [ARM-RX] 0> result: 90.00 92.45 -87.33 0.00 89.78 0.00
[11:06:07.777] [ARM-RX] [38] <0.00 -9.95 0.00> result: 90.00 92.62 -87.13 0.00 89.75 0.00
[11:06:07.777] [ARM-RX] [39] <0.00 -10.69 0.00> result: 90.00 92.80 -86.92 0.00 89.72 0.00
[11:06:07.777] [ARM-RX] [40] <0.00 -11.45 0.00> result: 90.00 92.98 -86.69 0.00 89.68 0.00
[11:06:07.777] [ARM-RX] [41] <
[11:06:07.799] [ARM-RX] 0.00 -12.24 0.00> result: 90.00 93.17 -86.46 0.00 89.64 0.00
[11:06:07.799] [ARM-RX] [42] <0.00 -13.06 0.00> result: 90.00 93.37 -86.22 0.00 89.59 0.00
[11:06:07.799] [ARM-RX] [43] <0.00 -13.91 0.00> result: 90.00 93.57 -85.98 0.00 89.54 0.00
[11:06:07.800] [ARM-RX] [44] <0.00 -14.80 0.00> result: 90.00 93.77 -85.72 0.00 89
[11:06:07.821] [ARM-RX] .49 0.00
[11:06:07.822] [ARM-RX] [45] <0.00 -15.71 0.00> result: 90.00 93.98 -85.45 0.00 89.43 0.00
[11:06:07.822] [ARM-RX] [46] <0.00 -16.65 0.00> result: 90.00 94.19 -85.18 0.00 89.37 0.00
[11:06:07.822] [ARM-RX] [47] <0.00 -17.62 0.00> result: 90.00 94.41 -84.89 0.00 89.30 0.00
[11:06:07.822] [ARM-RX] [48] <0.00 -18.62 0.00> result: 90.00 94.6
[11:06:07.846] [ARM-RX] 3 -84.60 0.00 89.23 0.00
[11:06:07.847] [ARM-RX] [49] <0.00 -19.64 0.00> result: 90.00 94.86 -84.30 0.00 89.16 0.00
[11:06:07.847] [ARM-RX] [50] <0.00 -20.70 0.00> result: 90.00 95.09 -83.99 0.00 89.08 0.00
[11:06:07.847] [ARM-RX] [51] <0.00 -21.78 0.00> result: 90.00 95.32 -83.67 0.00 89.00 0.00
[11:06:07.847] [ARM-RX] [52] <0.00 -22.89 0.00> re
[11:06:07.867] [ARM-RX] sult: 90.00 95.56 -83.35 0.00 88.91 0.00
[11:06:07.868] [ARM-RX] [53] <0.00 -24.02 0.00> result: 90.00 95.80 -83.01 0.00 88.81 0.00
[11:06:07.868] [ARM-RX] [54] <0.00 -25.19 0.00> result: 90.00 96.05 -82.67 0.00 88.72 0.00
[11:06:07.868] [ARM-RX] [55] <0.00 -26.37 0.00> result: 90.00 96.29 -82.32 0.00 88.61 0.00
[11:06:07.868] [ARM-RX] [56] <0.00
[11:06:07.890] [ARM-RX] -27.59 0.00> result: 90.00 96.54 -81.96 0.00 88.51 0.00
[11:06:07.890] [ARM-RX] [57] <0.00 -28.82 0.00> result: 90.00 96.80 -81.60 0.00 88.40 0.00
[11:06:07.891] [ARM-RX] [58] <0.00 -30.08 0.00> result: 90.00 97.05 -81.22 0.00 88.28 0.00
[11:06:07.891] [ARM-RX] [59] <0.00 -31.36 0.00> result: 90.00 97.31 -80.84 0.00 88.16
[11:06:07.927] [ARM-RX] 0.00
[11:06:07.927] [ARM-RX] [60] <0.00 -32.67 0.00> result: 90.00 97.57 -80.46 0.00 88.03 0.00
[11:06:07.927] [ARM-RX] [61] <0.00 -33.99 0.00> result: 90.00 97.84 -80.06 0.00 87.90 0.00
[11:06:07.927] [ARM-RX] [62] <0.00 -35.34 0.00> result: 90.00 98.10 -79.66 0.00 87.77 0.00
[11:06:07.927] [ARM-RX] [63] <0.00 -36.70 0.00> result: 90.00 98.37 -7
[11:06:07.947] [ARM-RX] 9.26 0.00 87.63 0.00
[11:06:07.947] [ARM-RX] [64] <0.00 -38.09 0.00> result: 90.00 98.64 -78.85 0.00 87.48 0.00
[11:06:07.948] [ARM-RX] [65] <0.00 -39.49 0.00> result: 90.00 98.91 -78.43 0.00 87.34 0.00
[11:06:07.948] [ARM-RX] [66] <0.00 -40.91 0.00> result: 90.00 99.18 -78.01 0.00 87.19 0.00
[11:06:07.948] [ARM-RX] [67] <0.00 -42.34 0.00> result
[11:06:07.970] [ARM-RX] : 90.00 99.45 -77.58 0.00 87.03 0.00
[11:06:07.970] [ARM-RX] [68] <0.00 -43.78 0.00> result: 90.00 99.73 -77.15 0.00 86.87 0.00
[11:06:07.970] [ARM-RX] [69] <0.00 -45.25 0.00> result: 90.00 100.00 -76.71 0.00 86.71 0.00
[11:06:07.971] [ARM-RX] [70] <0.00 -46.72 0.00> result: 90.00 100.28 -76.27 0.00 86.54 0.00
[11:06:07.971] [ARM-RX] [71] <0.00 -
[11:06:07.993] [ARM-RX] 48.20 0.00> result: 90.00 100.55 -75.82 0.00 86.37 0.00
[11:06:07.993] [ARM-RX] [72] <0.00 -49.70 0.00> result: 90.00 100.83 -75.37 0.00 86.20 0.00
[11:06:07.993] [ARM-RX] [73] <0.00 -50.00 0.00> result: 90.00 100.89 -75.28 0.00 86.17 0.00
[11:06:07.994] [ARM-RX] [74] <0.00 -50.00 0.00> result: 90.00 100.89 -75.28 0.00 86.1
[11:06:08.016] [ARM-RX] 7 0.00
[11:06:08.017] [ARM-RX] [75] <0.00 -50.00 0.00> result: 90.00 100.89 -75.28 0.00 86.17 0.00
[11:06:08.017] [ARM-RX] [76] <0.00 -50.00 0.00> result: 90.00 100.89 -75.28 0.00 86.17 0.00
[11:06:08.017] [ARM-RX] [77] <0.00 -50.00 0.00> result: 90.00 100.89 -75.28 0.00 86.17 0.00
[11:06:08.017] [ARM-RX] [78] <0.00 -50.00 0.00> result: 90.00 100
[11:06:08.039] [ARM-RX] .89 -75.28 0.00 86.17 0.00
[11:06:08.039] [ARM-RX] [79] <0.00 -50.00 0.00> result: 90.00 100.89 -75.28 0.00 86.17 0.00
[11:06:08.039] [ARM-RX] [80] <0.00 -50.00 0.00> result: 90.00 100.89 -75.28 0.00 86.17 0.00
[11:06:08.039] [ARM-RX] [81] <0.00 -50.00 0.00> result: 90.00 100.89 -75.28 0.00 86.17 0.00
[11:06:08.040] [ARM-RX] [82] <0.00 -50.00 0.0
[11:06:08.062] [ARM-RX] 0> result: 90.00 100.89 -75.28 0.00 86.17 0.00
[11:06:08.063] [ARM-RX] [83] <0.00 -50.00 0.00> result: 90.00 100.89 -75.28 0.00 86.17 0.00
[11:06:08.063] [ARM-RX] [84] <0.00 -50.00 0.00> result: 90.00 100.89 -75.28 0.00 86.17 0.00
[11:06:08.063] [ARM-RX] [85] <0.00 -50.00 0.00> result: 90.00 100.89 -75.28 0.00 86.17 0.00
[11:06:08.063] [ARM-RX] [
[11:06:08.096] [ARM-RX] 86] <0.00 -50.00 0.00> result: 90.00 100.89 -75.28 0.00 86.17 0.00
[11:06:08.096] [ARM-RX] [87] <0.00 -50.00 0.00> result: 90.00 100.89 -75.28 0.00 86.17 0.00
[11:06:08.097] [ARM-RX] [88] <0.00 -50.00 0.00> result: 90.00 100.89 -75.28 0.00 86.17 0.00
[11:06:08.097] [ARM-RX] [89] <0.00 -50.00 0.00> result: 90.00 100.89 -75.2
[11:06:08.119] [ARM-RX] 8 0.00 86.17 0.00
[11:06:08.119] [ARM-RX] [90] <0.00 -50.00 0.00> result: 90.00 100.89 -75.28 0.00 86.17 0.00
[11:06:08.119] [ARM-RX] [91] <0.00 -50.00 0.00> result: 90.00 100.89 -75.28 0.00 86.17 0.00
[11:06:08.119] [ARM-RX] [92] <0.00 -50.00 0.00> result: 90.00 100.89 -75.28 0.00 86.17 0.00
[11:06:08.119] [ARM-RX] [93] <0.00 -50.00 0.00> result
[11:06:08.141] [ARM-RX] : 90.00 100.89 -75.28 0.00 86.17 0.00
[11:06:08.142] [ARM-RX] [94] <0.00 -50.00 0.00> result: 90.00 100.89 -75.28 0.00 86.17 0.00
[11:06:08.142] [ARM-RX] [95] <0.00 -50.00 0.00> result: 90.00 100.89 -75.28 0.00 86.17 0.00
[11:06:08.142] [ARM-RX] [96] <0.00 -50.00 0.00> result: 90.00 100.89 -75.28 0.00 86.17 0.00
[11:06:08.142] [ARM-RX] [97] <0.00
[11:06:08.164] [ARM-RX] -50.00 0.00> result: 90.00 100.89 -75.28 0.00 86.17 0.00
[11:06:08.164] [ARM-RX] [98] <0.00 -50.00 0.00> result: 90.00 100.89 -75.28 0.00 86.17 0.00
[11:06:08.164] [ARM-RX] [99] <0.00 -50.00 0.00> result: 90.00 100.89 -75.28 0.00 86.17 0.00
[11:06:08.164] [ARM-RX] [100] <0.00 -50.00 0.00> result: 90.00 100.89 -75.28 0.00 8
[11:06:08.187] [ARM-RX] 6.17 0.00
[11:06:08.187] [ARM-RX] [101] <0.00 -50.00 0.00> result: 90.00 100.89 -75.28 0.00 86.17 0.00
[11:06:08.188] [ARM-RX] [102] <0.00 -50.00 0.00> result: 90.00 100.89 -75.28 0.00 86.17 0.00
[11:06:08.188] [ARM-RX] [103] <0.00 -50.00 0.00> result: 90.00 100.89 -75.28 0.00 86.17 0.00
[11:06:08.188] [ARM-RX] [104] <0.00 -50.00 0.00> result: 90
[11:06:08.211] [ARM-RX] .00 100.89 -75.28 0.00 86.17 0.00
[11:06:08.211] [ARM-RX] [105] <0.00 -50.00 0.00> result: 90.00 100.89 -75.28 0.00 86.17 0.00
[11:06:08.211] [ARM-RX] [106] <0.00 -50.00 0.00> result: 90.00 100.89 -75.28 0.00 86.17 0.00
[11:06:08.211] [ARM-RX] [107] <0.00 -50.00 0.00> result: 90.00 100.89 -75.28 0.00 86.17 0.00
[11:06:08.212] [ARM-RX] [108] <0.00
[11:06:08.234] [ARM-RX] -50.00 0.00> result: 90.00 100.89 -75.28 0.00 86.17 0.00
[11:06:08.235] [ARM-RX] [109] <0.00 -50.00 0.00> result: 90.00 100.89 -75.28 0.00 86.17 0.00
[11:06:08.235] [ARM-RX] [110] <0.00 -50.00 0.00> result: 90.00 100.89 -75.28 0.00 86.17 0.00
[11:06:08.235] [ARM-RX] [111] <0.00 -50.00 0.00> result: 90.00 100.89 -75.28 0.00
[11:06:08.256] [ARM-RX] 86.17 0.00
[11:06:08.256] [ARM-RX] [112] <0.00 -50.00 0.00> result: 90.00 100.89 -75.28 0.00 86.17 0.00
[11:06:08.256] [ARM-RX] [113] <0.00 -50.00 0.00> result: 90.00 100.89 -75.28 0.00 86.17 0.00
[11:06:08.256] [ARM-RX] [114] <0.00 -50.00 0.00> result: 90.00 100.89 -75.28 0.00 86.17 0.00
[11:06:08.257] [ARM-RX] [115] <0.00 -50.00 0.00> result:
[11:06:08.293] [ARM-RX] 90.00 100.89 -75.28 0.00 86.17 0.00
[11:06:08.293] [ARM-RX] [116] <0.00 -50.00 0.00> result: 90.00 100.89 -75.28 0.00 86.17 0.00
[11:06:08.293] [ARM-RX] [117] <0.00 -50.00 0.00> result: 90.00 100.89 -75.28 0.00 86.17 0.00
[11:06:08.293] [ARM-RX] [118] <0.00 -50.00 0.00> result: 90.00 100.89 -75.28 0.00 86.17 0.00
[11:06:08.294] [ARM-RX] [119] <0.
[11:06:08.313] [ARM-RX] 00 -50.00 0.00> result: 90.00 100.89 -75.28 0.00 86.17 0.00
[11:06:08.313] [ARM-RX] [120] <0.00 -50.00 0.00> result: 90.00 100.89 -75.28 0.00 86.17 0.00
[11:06:08.313] [ARM-RX] [121] <0.00 -50.00 0.00> result: 90.00 100.89 -75.28 0.00 86.17 0.00
[11:06:08.314] [ARM-RX] [122] <0.00 -50.00 0.00> result: 90.00 100.89 -75.28 0.
[11:06:08.335] [ARM-RX] 00 86.17 0.00
[11:06:08.337] [ARM-RX] [123] <0.00 -50.00 0.00> result: 90.00 100.89 -75.28 0.00 86.17 0.00
[11:06:08.337] [ARM-RX] [124] <0.00 -50.00 0.00> result: 90.00 100.89 -75.28 0.00 86.17 0.00
[11:06:08.337] [ARM-RX] [125] <0.00 -50.00 0.00> result: 90.00 100.89 -75.28 0.00 86.17 0.00
[11:06:08.337] [ARM-RX] [126] <0.00 -50.00 0.00> result
[11:06:08.358] [ARM-RX] : 90.00 100.89 -75.28 0.00 86.17 0.00
[11:06:08.360] [ARM-RX] [127] <0.00 -50.00 0.00> result: 90.00 100.89 -75.28 0.00 86.17 0.00
[11:06:08.360] [ARM-RX] [128] <0.00 -50.00 0.00> result: 90.00 100.89 -75.28 0.00 86.17 0.00
[11:06:08.360] [ARM-RX] [129] <0.00 -50.00 0.00> result: 90.00 100.89 -75.28 0.00 86.17 0.00
[11:06:08.360] [ARM-RX] [130] <
[11:06:08.381] [ARM-RX] 0.00 -50.00 0.00> result: 90.00 100.89 -75.28 0.00 86.17 0.00
[11:06:08.381] [ARM-RX] [131] <0.00 -50.00 0.00> result: 90.00 100.89 -75.28 0.00 86.17 0.00
[11:06:08.381] [ARM-RX] [132] <0.00 -50.00 0.00> result: 90.00 100.89 -75.28 0.00 86.17 0.00
[11:06:08.381] [ARM-RX] [133] <0.00 -50.00 0.00> result: 90.00 100.89 -75.28
[11:06:08.407] [ARM-RX] 0.00 86.17 0.00
[11:06:08.407] [ARM-RX] [134] <0.00 -50.00 0.00> result: 90.00 100.89 -75.28 0.00 86.17 0.00
[11:06:08.408] [ARM-RX] [135] <0.00 -50.00 0.00> result: 90.00 100.89 -75.28 0.00 86.17 0.00
[11:06:08.408] [ARM-RX] [136] <0.00 -50.00 0.00> result: 90.00 100.89 -75.28 0.00 86.17 0.00
[11:06:08.408] [ARM-RX] [137] <0.00 -50.00 0.00> resu
[11:06:08.426] [ARM-RX] lt: 90.00 100.89 -75.28 0.00 86.17 0.00
[11:06:08.428] [ARM-RX] [138] <0.00 -50.00 0.00> result: 90.00 100.89 -75.28 0.00 86.17 0.00
[11:06:08.428] [ARM-RX] [139] <0.00 -50.00 0.00> result: 90.00 100.89 -75.28 0.00 86.17 0.00
[11:06:08.428] [ARM-RX] [140] <0.00 -50.00 0.00> result: 90.00 100.89 -75.28 0.00 86.17 0.00
[11:06:08.428] [ARM-RX] [141]
[11:06:08.462] [ARM-RX] <0.00 -50.00 0.00> result: 90.00 100.89 -75.28 0.00 86.17 0.00
[11:06:08.462] [ARM-RX] [142] <0.00 -50.00 0.00> result: 90.00 100.89 -75.28 0.00 86.17 0.00
[11:06:08.462] [ARM-RX] [143] <0.00 -50.00 0.00> result: 90.00 100.89 -75.28 0.00 86.17 0.00
[11:06:08.462] [ARM-RX] [144] <0.00 -50.00 0.00> result: 90.00 100.89 -75.2
[11:06:08.484] [ARM-RX] 8 0.00 86.17 0.00
[11:06:08.488] [ARM-RX] [145] <0.00 -50.00 0.00> result: 90.00 100.89 -75.28 0.00 86.17 0.00
[11:06:08.488] [ARM-RX] [146] <0.00 -50.00 0.00> result: 90.00 100.89 -75.28 0.00 86.17 0.00
[11:06:08.489] [ARM-RX] [147] <0.00 -50.00 0.00> result: 90.00 100.89 -75.28 0.00 86.17 0.00
[11:06:08.489] [ARM-RX] [148] <0.00 -50.00 0.00> re
[11:06:08.507] [ARM-RX] sult: 90.00 100.89 -75.28 0.00 86.17 0.00
[11:06:08.508] [ARM-RX] [149] <0.00 -50.00 0.00> result: 90.00 100.89 -75.28 0.00 86.17 0.00
[11:06:08.508] [ARM-RX] [150] <0.00 -50.00 0.00> result: 90.00 100.89 -75.28 0.00 86.17 0.00
[11:06:08.508] [ARM-RX] [151] <0.00 -50.00 0.00> result: 90.00 100.89 -75.28 0.00 86.17 0.00
[11:06:08.508] [ARM-RX] [15
[11:06:08.530] [ARM-RX] 2] <0.00 -50.00 0.00> result: 90.00 100.89 -75.28 0.00 86.17 0.00
[11:06:08.530] [ARM-RX] [153] <0.00 -50.00 0.00> result: 90.00 100.89 -75.28 0.00 86.17 0.00
[11:06:08.530] [ARM-RX] [154] <0.00 -50.00 0.00> result: 90.00 100.89 -75.28 0.00 86.17 0.00
[11:06:08.530] [ARM-RX] [155] <0.00 -50.00 0.00> result: 90.00 100.89 -75
[11:06:08.553] [ARM-RX] .28 0.00 86.17 0.00
[11:06:08.553] [ARM-RX] [156] <0.00 -50.00 0.00> result: 90.00 100.89 -75.28 0.00 86.17 0.00
[11:06:08.553] [ARM-RX] [157] <0.00 -50.00 0.00> result: 90.00 100.89 -75.28 0.00 86.17 0.00
[11:06:08.554] [ARM-RX] [158] <0.00 -50.00 0.00> result: 90.00 100.89 -75.28 0.00 86.17 0.00
[11:06:08.554] [ARM-RX] [159] <0.00 -50.00 0.00>
[11:06:08.610] [ARM-RX] result: 90.00 100.89 -75.28 0.00 86.17 0.00
[11:06:08.610] [ARM-RX] [160] <0.00 -50.00 0.00> result: 90.00 100.89 -75.28 0.00 86.17 0.00
[11:06:08.610] [ARM-RX] [161] <0.00 -50.00 0.00> result: 90.00 100.89 -75.28 0.00 86.17 0.00
[11:06:10.293] [ARM-RX] [jpint 1] ave_error:0.01
[11:06:10.293] [ARM-RX] [jpint 2] ave_error:3.26
[11:06:10.293] [ARM-RX] [jpint 3] ave_error:4.77
[11:06:10.293] [ARM-RX] [jpint 4] ave_error:0.00
[11:06:10.294] [ARM-RX] [jpint 5] ave_error:3.41
[11:06:10.294] [ARM-RX] robot pid run finished!!
[11:06:11.167] [ARM-RX] AUTO final confirm failed: joint 2 err=13.00deg tol=3.00, pose invalid.
[11:06:14.729] [ARM-TX] 发送命令 soft_reset: soft_reset
[11:06:14.790] [ARM-RX] Found handler for 'soft_reset', executing...
[11:06:14.790] [ARM-RX] ROBOT_SOFT_RESET_EVENT
[11:06:14.790] [ARM-RX] --- Starting soft reset ---
[11:06:14.979] [ARM-RX] Soft reset motors enabled (J1~J5, J6 skipped).
[11:06:14.979] [ARM-RX] Soft resetting joint 4...
[11:06:15.042] [ARM-RX] robot_update_current_angle 4...
[11:06:15.042] [ARM-RX] [4] current:89.77, target:90.00, dir:1
[11:06:15.167] [ARM-RX] Soft resetting joint 3...
[11:06:15.167] [ARM-RX] robot_update_current_angle 3...
[11:06:15.167] [ARM-RX] [3] current:0.00, target:0.00, dir:-1
[11:06:15.291] [ARM-RX] Soft resetting joint 1...
[11:06:15.354] [ARM-RX] robot_update_current_angle 1...
[11:06:15.354] [ARM-RX] [1] current:109.05, target:90.00, dir:-1
[11:06:17.040] [ARM-RX] soft reset joint 1 settle timeout, keep going
[11:06:17.040] [ARM-RX] Soft resetting joint 2...
[11:06:17.040] [ARM-RX] robot_update_current_angle 2...
[11:06:17.040] [ARM-RX] [2] current:-62.28, target:-90.00, dir:-1
[11:06:18.846] [ARM-RX] soft reset joint 2 settle timeout, keep going
[11:06:18.846] [ARM-RX] Soft resetting joint 0...
[11:06:18.846] [ARM-RX] robot_update_current_angle 0...
[11:06:18.846] [ARM-RX] [0] current:89.99, target:90.00, dir:1
[11:06:19.034] [ARM-RX] soft reset verify not pass, start refine loop...
[11:06:19.159] [ARM-RX] soft reset refine joint 2 round 1: cur=-87.67 target=-90.00 err=2.33 dir=-1
[11:06:19.782] [ARM-RX] soft reset refine pass 1 success.
[11:06:19.782] [ARM-RX] soft reset final verify PASS (issues:2), pose set HOME.
[11:06:21.308] [ARM-TX] 发送命令 read_all: read_all
[11:06:21.465] [ARM-RX] Found handler for 'read_all', executing...
[11:06:21.465] [ARM-RX] ROBOT_READ_ALL_EVENT
[11:06:21.465] [ARM-RX] read_all ret=0 elapsed=2 ms missing=0x00
[11:06:21.465] [ARM-RX] J1 angle=89.99
[11:06:21.465] [ARM-RX] J2 angle=90.00
[11:06:21.465] [ARM-RX] J3 angle=269.91
[11:06:21.467] [ARM-RX] J4 angle=0.00
[11:06:21.467] [ARM-RX] J5 angle=90.00
[11:06:23.817] [ARM-TX] 发送命令 read_all: read_all
[11:06:23.897] [ARM-RX] Found handler for 'read_all', executing...
[11:06:23.899] [ARM-RX] ROBOT_READ_ALL_EVENT
[11:06:23.899] [ARM-RX] read_all ret=0 elapsed=2 ms missing=0x00
[11:06:23.900] [ARM-RX] J1 angle=89.99
[11:06:23.900] [ARM-RX] J2 angle=90.00
[11:06:23.900] [ARM-RX] J3 angle=269.91
[11:06:23.901] [ARM-RX] J4 angle=0.00
[11:06:23.901] [ARM-RX] J5 angle=90.00
[11:06:24.808] [ARM-TX] 发送命令 read_all: read_all
[11:06:24.834] [ARM-RX] Found handler for 'read_all', executing...
[11:06:24.834] [ARM-RX] ROBOT_READ_ALL_EVENT
[11:06:24.834] [ARM-RX] read_all ret=0 elapsed=2 ms missing=0x00
[11:06:24.834] [ARM-RX] J1 angle=89.99
[11:06:24.835] [ARM-RX] J2 angle=90.00
[11:06:24.835] [ARM-RX] J3 angle=269.91
[11:06:24.835] [ARM-RX] J4 angle=0.00
[11:06:24.835] [ARM-RX] J5 angle=90.00
[11:06:25.357] [ARM-TX] 发送命令 read_all: read_all
[11:06:25.399] [ARM-RX] Found handler for 'read_all', executing...
[11:06:25.399] [ARM-RX] ROBOT_READ_ALL_EVENT
[11:06:25.399] [ARM-RX] read_all ret=0 elapsed=3 ms missing=0x00
[11:06:25.399] [ARM-RX] J1 angle=89.99
[11:06:25.399] [ARM-RX] J2 angle=90.00
[11:06:25.400] [ARM-RX] J3 angle=269.91
[11:06:25.400] [ARM-RX] J4 angle=0.00
[11:06:25.400] [ARM-RX] J5 angle=90.00
[11:06:27.827] [ARM-TX] 发送命令 target_enable: target_enable
[11:06:27.933] [ARM-RX] Found handler for 'target_enable', executing...
[11:06:27.934] [ARM-RX] target_enable
[11:06:27.934] [ARM-RX] ROBOT_AUTO_EVENT
[11:06:27.934] [ARM-RX] [0] <0.00 0.00 0.00> result: 90.00 90.00 -90.00 0.00 90.00 0.00
[11:06:27.934] [ARM-RX] [1] <0.00 -0.00 -0.00> result: 90.00 90.00 -90.00 0.00 90.00 0.00
[11:06:27.934] [ARM-RX] [2] <0.00 -0.00 -0.00> result: 90.00 90.00 -
[11:06:27.956] [ARM-RX] 90.00 0.00 90.00 0.00
[11:06:27.957] [ARM-RX] [3] <0.00 -0.01 -0.00> result: 90.00 90.00 -90.00 0.00 90.00 0.00
[11:06:27.957] [ARM-RX] [4] <0.00 -0.02 -0.00> result: 90.00 90.01 -90.00 0.00 90.00 0.00
[11:06:27.957] [ARM-RX] [5] <0.00 -0.03 -0.00> result: 90.00 90.01 -89.99 0.00 90.00 0.00
[11:06:27.957] [ARM-RX] [6] <0.00 -0.05 -0.00> result: 9
[11:06:27.979] [ARM-RX] 0.00 90.02 -89.99 0.00 90.00 0.00
[11:06:27.979] [ARM-RX] [7] <0.00 -0.07 -0.00> result: 90.00 90.02 -89.98 0.00 90.00 0.00
[11:06:27.979] [ARM-RX] [8] <0.00 -0.11 -0.00> result: 90.00 90.03 -89.97 0.00 90.00 0.00
[11:06:27.980] [ARM-RX] [9] <0.00 -0.15 -0.00> result: 90.00 90.05 -89.96 0.00 90.00 0.00
[11:06:27.980] [ARM-RX] [10] <0.00 -0.20 -0.
[11:06:28.013] [ARM-RX] 01> result: 90.00 90.06 -89.94 0.00 90.01 0.00
[11:06:28.013] [ARM-RX] [11] <0.00 -0.27 -0.01> result: 90.00 90.08 -89.92 0.00 90.01 0.00
[11:06:28.014] [ARM-RX] [12] <0.00 -0.34 -0.01> result: 90.00 90.11 -89.90 0.00 90.01 0.00
[11:06:28.014] [ARM-RX] [13] <0.00 -0.43 -0.01> result: 90.00 90.14 -89.88 0.00 90.01 0.00
[11:06:28.014] [ARM-RX] [14]
[11:06:28.036] [ARM-RX] <0.00 -0.54 -0.01> result: 90.00 90.17 -89.85 0.00 90.02 0.00
[11:06:28.036] [ARM-RX] [15] <0.00 -0.65 -0.02> result: 90.00 90.20 -89.81 0.00 90.02 0.00
[11:06:28.037] [ARM-RX] [16] <0.00 -0.79 -0.02> result: 90.00 90.25 -89.78 0.00 90.02 0.00
[11:06:28.037] [ARM-RX] [17] <0.00 -0.94 -0.02> result: 90.00 90.29 -89.73 0.00
[11:06:28.059] [ARM-RX] 90.03 0.00
[11:06:28.060] [ARM-RX] [18] <0.00 -1.10 -0.03> result: 90.00 90.34 -89.69 0.00 90.03 0.00
[11:06:28.060] [ARM-RX] [19] <0.00 -1.29 -0.03> result: 90.00 90.40 -89.63 0.00 90.03 0.00
[11:06:28.060] [ARM-RX] [20] <0.00 -1.49 -0.04> result: 90.00 90.46 -89.57 0.00 90.04 0.00
[11:06:28.060] [ARM-RX] [21] <0.00 -1.72 -0.04> result: 90.00 90
[11:06:28.082] [ARM-RX] .53 -89.51 0.00 90.04 0.00
[11:06:28.083] [ARM-RX] [22] <0.00 -1.97 -0.05> result: 90.00 90.61 -89.44 0.00 90.05 0.00
[11:06:28.083] [ARM-RX] [23] <0.00 -2.23 -0.06> result: 90.00 90.69 -89.36 0.00 90.05 0.00
[11:06:28.083] [ARM-RX] [24] <0.00 -2.52 -0.06> result: 90.00 90.77 -89.28 0.00 90.05 0.00
[11:06:28.083] [ARM-RX] [25] <0.00 -2.84 -0.07>
[11:06:28.105] [ARM-RX] result: 90.00 90.87 -89.19 0.00 90.06 0.00
[11:06:28.105] [ARM-RX] [26] <0.00 -3.17 -0.08> result: 90.00 90.97 -89.10 0.00 90.06 0.00
[11:06:28.106] [ARM-RX] [27] <0.00 -3.53 -0.09> result: 90.00 91.07 -88.99 0.00 90.06 0.00
[11:06:28.106] [ARM-RX] [28] <0.00 -3.92 -0.10> result: 90.00 91.18 -88.88 0.00 90.07 0.00
[11:06:28.106] [ARM-RX] [29] <0.
[11:06:28.127] [ARM-RX] 00 -4.33 -0.11> result: 90.00 91.30 -88.76 0.00 90.07 0.00
[11:06:28.127] [ARM-RX] [30] <0.00 -4.77 -0.12> result: 90.00 91.43 -88.64 0.00 90.07 0.00
[11:06:28.127] [ARM-RX] [31] <0.00 -5.23 -0.13> result: 90.00 91.56 -88.51 0.00 90.07 0.00
[11:06:28.127] [ARM-RX] [32] <0.00 -5.72 -0.14> result: 90.00 91.70 -88.37 0.00 90.0
[11:06:28.150] [ARM-RX] 7 0.00
[11:06:28.151] [ARM-RX] [33] <0.00 -6.24 -0.16> result: 90.00 91.85 -88.22 0.00 90.06 0.00
[11:06:28.151] [ARM-RX] [34] <0.00 -6.79 -0.17> result: 90.00 92.00 -88.06 0.00 90.06 0.00
[11:06:28.151] [ARM-RX] [35] <0.00 -7.36 -0.18> result: 90.00 92.16 -87.89 0.00 90.05 0.00
[11:06:28.151] [ARM-RX] [36] <0.00 -7.96 -0.20> result: 90.00 92.32
[11:06:28.173] [ARM-RX] -87.72 0.00 90.04 0.00
[11:06:28.173] [ARM-RX] [37] <0.00 -8.60 -0.21> result: 90.00 92.49 -87.54 0.00 90.03 0.00
[11:06:28.173] [ARM-RX] [38] <0.00 -9.26 -0.23> result: 90.00 92.67 -87.35 0.00 90.02 0.00
[11:06:28.173] [ARM-RX] [39] <0.00 -9.95 -0.25> result: 90.00 92.85 -87.15 0.00 90.00 0.00
[11:06:28.174] [ARM-RX] [40] <0.00 -10.67 -0.27> res
[11:06:28.208] [ARM-RX] ult: 90.00 93.04 -86.94 0.00 89.98 0.00
[11:06:28.209] [ARM-RX] [41] <0.00 -11.42 -0.29> result: 90.00 93.24 -86.72 0.00 89.96 0.00
[11:06:28.209] [ARM-RX] [42] <0.00 -12.20 -0.30> result: 90.00 93.44 -86.50 0.00 89.93 0.00
[11:06:28.209] [ARM-RX] [43] <0.00 -13.01 -0.33> result: 90.00 93.64 -86.26 0.00 89.91 0.00
[11:06:28.209] [ARM-RX] [44] <0.
[11:06:28.231] [ARM-RX] 00 -13.85 -0.35> result: 90.00 93.85 -86.02 0.00 89.87 0.00
[11:06:28.231] [ARM-RX] [45] <0.00 -14.72 -0.37> result: 90.00 94.07 -85.77 0.00 89.84 0.00
[11:06:28.231] [ARM-RX] [46] <0.00 -15.62 -0.39> result: 90.00 94.29 -85.51 0.00 89.80 0.00
[11:06:28.232] [ARM-RX] [47] <0.00 -16.55 -0.41> result: 90.00 94.52 -85.24 0.00
[11:06:28.253] [ARM-RX] 89.75 0.00
[11:06:28.254] [ARM-RX] [48] <0.00 -17.51 -0.44> result: 90.00 94.75 -84.96 0.00 89.70 0.00
[11:06:28.254] [ARM-RX] [49] <0.00 -18.49 -0.46> result: 90.00 94.98 -84.67 0.00 89.65 0.00
[11:06:28.254] [ARM-RX] [50] <0.00 -19.51 -0.49> result: 90.00 95.22 -84.37 0.00 89.59 0.00
[11:06:28.254] [ARM-RX] [51] <0.00 -20.56 -0.51> result: 90.0
[11:06:28.276] [ARM-RX] 0 95.47 -84.06 0.00 89.53 0.00
[11:06:28.276] [ARM-RX] [52] <0.00 -21.64 -0.54> result: 90.00 95.71 -83.75 0.00 89.46 0.00
[11:06:28.277] [ARM-RX] [53] <0.00 -22.74 -0.57> result: 90.00 95.97 -83.43 0.00 89.39 0.00
[11:06:28.277] [ARM-RX] [54] <0.00 -23.88 -0.60> result: 90.00 96.22 -83.09 0.00 89.32 0.00
[11:06:28.283] [ARM-RX] [55] <0.00 -25.04
[11:06:28.299] [ARM-RX] -0.63> result: 90.00 96.48 -82.75 0.00 89.23 0.00
[11:06:28.299] [ARM-RX] [56] <0.00 -26.23 -0.66> result: 90.00 96.74 -82.40 0.00 89.15 0.00
[11:06:28.300] [ARM-RX] [57] <0.00 -27.44 -0.69> result: 90.00 97.01 -82.05 0.00 89.06 0.00
[11:06:28.300] [ARM-RX] [58] <0.00 -28.68 -0.72> result: 90.00 97.28 -81.68 0.00 88.96 0.0
[11:06:28.324] [ARM-RX] 0
[11:06:28.324] [ARM-RX] [59] <0.00 -29.95 -0.75> result: 90.00 97.55 -81.31 0.00 88.86 0.00
[11:06:28.324] [ARM-RX] [60] <0.00 -31.25 -0.78> result: 90.00 97.83 -80.92 0.00 88.75 0.00
[11:06:28.324] [ARM-RX] [61] <0.00 -32.57 -0.81> result: 90.00 98.10 -80.53 0.00 88.64 0.00
[11:06:28.325] [ARM-RX] [62] <0.00 -33.91 -0.85> result: 90.00 98.39 -
[11:06:28.344] [ARM-RX] 80.14 0.00 88.52 0.00
[11:06:28.345] [ARM-RX] [63] <0.00 -35.28 -0.88> result: 90.00 98.67 -79.73 0.00 88.40 0.00
[11:06:28.345] [ARM-RX] [64] <0.00 -36.67 -0.92> result: 90.00 98.95 -79.32 0.00 88.27 0.00
[11:06:28.345] [ARM-RX] [65] <0.00 -38.08 -0.95> result: 90.00 99.24 -78.90 0.00 88.14 0.00
[11:06:28.345] [ARM-RX] [66] <0.00 -39.51 -0.99> r
[11:06:28.378] [ARM-RX] esult: 90.00 99.53 -78.47 0.00 88.00 0.00
[11:06:28.379] [ARM-RX] [67] <0.00 -40.97 -1.02> result: 90.00 99.82 -78.04 0.00 87.86 0.00
[11:06:28.379] [ARM-RX] [68] <0.00 -42.44 -1.06> result: 90.00 100.11 -77.60 0.00 87.71 0.00
[11:06:28.379] [ARM-RX] [69] <0.00 -43.94 -1.10> result: 90.00 100.41 -77.15 0.00 87.56 0.00
[11:06:28.379] [ARM-RX] [70]
[11:06:28.401] [ARM-RX] <0.00 -45.45 -1.14> result: 90.00 100.70 -76.70 0.00 87.41 0.00
[11:06:28.403] [ARM-RX] [71] <0.00 -46.98 -1.17> result: 90.00 101.00 -76.24 0.00 87.25 0.00
[11:06:28.403] [ARM-RX] [72] <0.00 -48.53 -1.21> result: 90.00 101.30 -75.78 0.00 87.08 0.00
[11:06:28.403] [ARM-RX] [73] <0.00 -50.09 -1.25> result: 90.00 101.60 -75.
[11:06:28.425] [ARM-RX] 31 0.00 86.91 0.00
[11:06:28.425] [ARM-RX] [74] <0.00 -51.67 -1.29> result: 90.00 101.90 -74.84 0.00 86.74 0.00
[11:06:28.425] [ARM-RX] [75] <0.00 -53.26 -1.33> result: 90.00 102.20 -74.36 0.00 86.56 0.00
[11:06:28.426] [ARM-RX] [76] <0.00 -54.86 -1.37> result: 90.00 102.51 -73.87 0.00 86.38 0.00
[11:06:28.426] [ARM-RX] [77] <0.00 -56.48 -1.41> r
[11:06:28.448] [ARM-RX] esult: 90.00 102.81 -73.39 0.00 86.20 0.00
[11:06:28.449] [ARM-RX] [78] <0.00 -58.11 -1.45> result: 90.00 103.11 -72.89 0.00 86.01 0.00
[11:06:28.449] [ARM-RX] [79] <0.00 -59.75 -1.49> result: 90.00 103.42 -72.40 0.00 85.82 0.00
[11:06:28.449] [ARM-RX] [80] <0.00 -60.00 -1.50> result: 90.00 103.47 -72.32 0.00 85.79 0.00
[11:06:28.449] [ARM-RX] [8
[11:06:28.470] [ARM-RX] 1] <0.00 -60.00 -1.50> result: 90.00 103.47 -72.32 0.00 85.79 0.00
[11:06:28.471] [ARM-RX] [82] <0.00 -60.00 -1.50> result: 90.00 103.47 -72.32 0.00 85.79 0.00
[11:06:28.471] [ARM-RX] [83] <0.00 -60.00 -1.50> result: 90.00 103.47 -72.32 0.00 85.79 0.00
[11:06:28.471] [ARM-RX] [84] <0.00 -60.00 -1.50> result: 90.00 103.47 -7
[11:06:28.494] [ARM-RX] 2.32 0.00 85.79 0.00
[11:06:28.494] [ARM-RX] [85] <0.00 -60.00 -1.50> result: 90.00 103.47 -72.32 0.00 85.79 0.00
[11:06:28.494] [ARM-RX] [86] <0.00 -60.00 -1.50> result: 90.00 103.47 -72.32 0.00 85.79 0.00
[11:06:28.495] [ARM-RX] [87] <0.00 -60.00 -1.50> result: 90.00 103.47 -72.32 0.00 85.79 0.00
[11:06:28.495] [ARM-RX] [88] <0.00 -60.00 -1.50>
[11:06:28.517] [ARM-RX] result: 90.00 103.47 -72.32 0.00 85.79 0.00
[11:06:28.517] [ARM-RX] [89] <0.00 -60.00 -1.50> result: 90.00 103.47 -72.32 0.00 85.79 0.00
[11:06:28.517] [ARM-RX] [90] <0.00 -60.00 -1.50> result: 90.00 103.47 -72.32 0.00 85.79 0.00
[11:06:28.518] [ARM-RX] [91] <0.00 -60.00 -1.50> result: 90.00 103.47 -72.32 0.00 85.79 0.00
[11:06:28.540] [ARM-RX] [92] <0.00 -60.00 -1.50> result: 90.00 103.47 -72.32 0.00 85.79 0.00
[11:06:28.542] [ARM-RX] [93] <0.00 -60.00 -1.50> result: 90.00 103.47 -72.32 0.00 85.79 0.00
[11:06:28.542] [ARM-RX] [94] <0.00 -60.00 -1.50> result: 90.00 103.47 -72.32 0.00 85.79 0.00
[11:06:28.542] [ARM-RX] [95] <0.00 -60.00 -1.50> result: 90.00 103.47
[11:06:28.574] [ARM-RX] -72.32 0.00 85.79 0.00
[11:06:28.574] [ARM-RX] [96] <0.00 -60.00 -1.50> result: 90.00 103.47 -72.32 0.00 85.79 0.00
[11:06:28.574] [ARM-RX] [97] <0.00 -60.00 -1.50> result: 90.00 103.47 -72.32 0.00 85.79 0.00
[11:06:28.574] [ARM-RX] [98] <0.00 -60.00 -1.50> result: 90.00 103.47 -72.32 0.00 85.79 0.00
[11:06:28.575] [ARM-RX] [99] <0.00 -60.00 -1.5
[11:06:28.597] [ARM-RX] 0> result: 90.00 103.47 -72.32 0.00 85.79 0.00
[11:06:28.597] [ARM-RX] [100] <0.00 -60.00 -1.50> result: 90.00 103.47 -72.32 0.00 85.79 0.00
[11:06:28.597] [ARM-RX] [101] <0.00 -60.00 -1.50> result: 90.00 103.47 -72.32 0.00 85.79 0.00
[11:06:28.598] [ARM-RX] [102] <0.00 -60.00 -1.50> result: 90.00 103.47 -72.32 0.00 85.79 0
[11:06:28.620] [ARM-RX] .00
[11:06:28.621] [ARM-RX] [103] <0.00 -60.00 -1.50> result: 90.00 103.47 -72.32 0.00 85.79 0.00
[11:06:28.621] [ARM-RX] [104] <0.00 -60.00 -1.50> result: 90.00 103.47 -72.32 0.00 85.79 0.00
[11:06:28.621] [ARM-RX] [105] <0.00 -60.00 -1.50> result: 90.00 103.47 -72.32 0.00 85.79 0.00
[11:06:28.621] [ARM-RX] [106] <0.00 -60.00 -1.50> result: 90.0
[11:06:28.645] [ARM-RX] 0 103.47 -72.32 0.00 85.79 0.00
[11:06:28.646] [ARM-RX] [107] <0.00 -60.00 -1.50> result: 90.00 103.47 -72.32 0.00 85.79 0.00
[11:06:28.646] [ARM-RX] [108] <0.00 -60.00 -1.50> result: 90.00 103.47 -72.32 0.00 85.79 0.00
[11:06:28.646] [ARM-RX] [109] <0.00 -60.00 -1.50> result: 90.00 103.47 -72.32 0.00 85.79 0.00
[11:06:28.646] [ARM-RX] [110] <0.0
[11:06:28.666] [ARM-RX] 0 -60.00 -1.50> result: 90.00 103.47 -72.32 0.00 85.79 0.00
[11:06:28.666] [ARM-RX] [111] <0.00 -60.00 -1.50> result: 90.00 103.47 -72.32 0.00 85.79 0.00
[11:06:28.666] [ARM-RX] [112] <0.00 -60.00 -1.50> result: 90.00 103.47 -72.32 0.00 85.79 0.00
[11:06:28.667] [ARM-RX] [113] <0.00 -60.00 -1.50> result: 90.00 103.47 -72.32
[11:06:28.689] [ARM-RX] 0.00 85.79 0.00
[11:06:28.689] [ARM-RX] [114] <0.00 -60.00 -1.50> result: 90.00 103.47 -72.32 0.00 85.79 0.00
[11:06:28.689] [ARM-RX] [115] <0.00 -60.00 -1.50> result: 90.00 103.47 -72.32 0.00 85.79 0.00
[11:06:28.689] [ARM-RX] [116] <0.00 -60.00 -1.50> result: 90.00 103.47 -72.32 0.00 85.79 0.00
[11:06:28.689] [ARM-RX] [117] <0.00 -60.00 -1.50>
[11:06:28.712] [ARM-RX] result: 90.00 103.47 -72.32 0.00 85.79 0.00
[11:06:28.712] [ARM-RX] [118] <0.00 -60.00 -1.50> result: 90.00 103.47 -72.32 0.00 85.79 0.00
[11:06:28.712] [ARM-RX] [119] <0.00 -60.00 -1.50> result: 90.00 103.47 -72.32 0.00 85.79 0.00
[11:06:28.713] [ARM-RX] [120] <0.00 -60.00 -1.50> result: 90.00 103.47 -72.32 0.00 85.79 0.0
[11:06:28.746] [ARM-RX] 0
[11:06:28.746] [ARM-RX] [121] <0.00 -60.00 -1.50> result: 90.00 103.47 -72.32 0.00 85.79 0.00
[11:06:28.746] [ARM-RX] [122] <0.00 -60.00 -1.50> result: 90.00 103.47 -72.32 0.00 85.79 0.00
[11:06:28.746] [ARM-RX] [123] <0.00 -60.00 -1.50> result: 90.00 103.47 -72.32 0.00 85.79 0.00
[11:06:28.746] [ARM-RX] [124] <0.00 -60.00 -1.50> result: 90.00
[11:06:28.769] [ARM-RX] 103.47 -72.32 0.00 85.79 0.00
[11:06:28.770] [ARM-RX] [125] <0.00 -60.00 -1.50> result: 90.00 103.47 -72.32 0.00 85.79 0.00
[11:06:28.770] [ARM-RX] [126] <0.00 -60.00 -1.50> result: 90.00 103.47 -72.32 0.00 85.79 0.00
[11:06:28.770] [ARM-RX] [127] <0.00 -60.00 -1.50> result: 90.00 103.47 -72.32 0.00 85.79 0.00
[11:06:28.770] [ARM-RX] [128] <0.00
[11:06:28.792] [ARM-RX] -60.00 -1.50> result: 90.00 103.47 -72.32 0.00 85.79 0.00
[11:06:28.792] [ARM-RX] [129] <0.00 -60.00 -1.50> result: 90.00 103.47 -72.32 0.00 85.79 0.00
[11:06:28.792] [ARM-RX] [130] <0.00 -60.00 -1.50> result: 90.00 103.47 -72.32 0.00 85.79 0.00
[11:06:28.792] [ARM-RX] [131] <0.00 -60.00 -1.50> result: 90.00 103.47 -72.32 0
[11:06:28.814] [ARM-RX] .00 85.79 0.00
[11:06:28.815] [ARM-RX] [132] <0.00 -60.00 -1.50> result: 90.00 103.47 -72.32 0.00 85.79 0.00
[11:06:28.815] [ARM-RX] [133] <0.00 -60.00 -1.50> result: 90.00 103.47 -72.32 0.00 85.79 0.00
[11:06:28.815] [ARM-RX] [134] <0.00 -60.00 -1.50> result: 90.00 103.47 -72.32 0.00 85.79 0.00
[11:06:28.815] [ARM-RX] [135] <0.00 -60.00 -1.50> r
[11:06:28.838] [ARM-RX] esult: 90.00 103.47 -72.32 0.00 85.79 0.00
[11:06:28.838] [ARM-RX] [136] <0.00 -60.00 -1.50> result: 90.00 103.47 -72.32 0.00 85.79 0.00
[11:06:28.838] [ARM-RX] [137] <0.00 -60.00 -1.50> result: 90.00 103.47 -72.32 0.00 85.79 0.00
[11:06:28.838] [ARM-RX] [138] <0.00 -60.00 -1.50> result: 90.00 103.47 -72.32 0.00 85.79 0.00
[11:06:28.860] [ARM-RX] [139] <0.00 -60.00 -1.50> result: 90.00 103.47 -72.32 0.00 85.79 0.00
[11:06:28.861] [ARM-RX] [140] <0.00 -60.00 -1.50> result: 90.00 103.47 -72.32 0.00 85.79 0.00
[11:06:28.861] [ARM-RX] [141] <0.00 -60.00 -1.50> result: 90.00 103.47 -72.32 0.00 85.79 0.00
[11:06:28.861] [ARM-RX] [142] <0.00 -60.00 -1.50> result: 90.00 10
[11:06:28.886] [ARM-RX] 3.47 -72.32 0.00 85.79 0.00
[11:06:28.886] [ARM-RX] [143] <0.00 -60.00 -1.50> result: 90.00 103.47 -72.32 0.00 85.79 0.00
[11:06:28.886] [ARM-RX] [144] <0.00 -60.00 -1.50> result: 90.00 103.47 -72.32 0.00 85.79 0.00
[11:06:28.886] [ARM-RX] [145] <0.00 -60.00 -1.50> result: 90.00 103.47 -72.32 0.00 85.79 0.00
[11:06:28.886] [ARM-RX] [146] <0.00 -6
[11:06:28.907] [ARM-RX] 0.00 -1.50> result: 90.00 103.47 -72.32 0.00 85.79 0.00
[11:06:28.907] [ARM-RX] [147] <0.00 -60.00 -1.50> result: 90.00 103.47 -72.32 0.00 85.79 0.00
[11:06:28.908] [ARM-RX] [148] <0.00 -60.00 -1.50> result: 90.00 103.47 -72.32 0.00 85.79 0.00
[11:06:28.908] [ARM-RX] [149] <0.00 -60.00 -1.50> result: 90.00 103.47 -72.32 0.0
[11:06:28.940] [ARM-RX] 0 85.79 0.00
[11:06:28.940] [ARM-RX] [150] <0.00 -60.00 -1.50> result: 90.00 103.47 -72.32 0.00 85.79 0.00
[11:06:28.942] [ARM-RX] [151] <0.00 -60.00 -1.50> result: 90.00 103.47 -72.32 0.00 85.79 0.00
[11:06:28.942] [ARM-RX] [152] <0.00 -60.00 -1.50> result: 90.00 103.47 -72.32 0.00 85.79 0.00
[11:06:28.942] [ARM-RX] [153] <0.00 -60.00 -1.50> res
[11:06:28.964] [ARM-RX] ult: 90.00 103.47 -72.32 0.00 85.79 0.00
[11:06:28.964] [ARM-RX] [154] <0.00 -60.00 -1.50> result: 90.00 103.47 -72.32 0.00 85.79 0.00
[11:06:28.965] [ARM-RX] [155] <0.00 -60.00 -1.50> result: 90.00 103.47 -72.32 0.00 85.79 0.00
[11:06:28.965] [ARM-RX] [156] <0.00 -60.00 -1.50> result: 90.00 103.47 -72.32 0.00 85.79 0.00
[11:06:28.965] [ARM-RX] [
[11:06:28.987] [ARM-RX] 157] <0.00 -60.00 -1.50> result: 90.00 103.47 -72.32 0.00 85.79 0.00
[11:06:28.987] [ARM-RX] [158] <0.00 -60.00 -1.50> result: 90.00 103.47 -72.32 0.00 85.79 0.00
[11:06:28.987] [ARM-RX] [159] <0.00 -60.00 -1.50> result: 90.00 103.47 -72.32 0.00 85.79 0.00
[11:06:28.988] [ARM-RX] [160] <0.00 -60.00 -1.50> result: 90.00 103.
[11:06:29.010] [ARM-RX] 47 -72.32 0.00 85.79 0.00
[11:06:29.011] [ARM-RX] [161] <0.00 -60.00 -1.50> result: 90.00 103.47 -72.32 0.00 85.79 0.00
[11:06:29.011] [ARM-RX] [162] <0.00 -60.00 -1.50> result: 90.00 103.47 -72.32 0.00 85.79 0.00
[11:06:29.011] [ARM-RX] [163] <0.00 -60.00 -1.50> result: 90.00 103.47 -72.32 0.00 85.79 0.00
[11:06:29.011] [ARM-RX] [164] <0.00 -60.
[11:06:29.036] [ARM-RX] 00 -1.50> result: 90.00 103.47 -72.32 0.00 85.79 0.00
[11:06:29.036] [ARM-RX] [165] <0.00 -60.00 -1.50> result: 90.00 103.47 -72.32 0.00 85.79 0.00
[11:06:29.036] [ARM-RX] [166] <0.00 -60.00 -1.50> result: 90.00 103.47 -72.32 0.00 85.79 0.00
[11:06:29.037] [ARM-RX] [167] <0.00 -60.00 -1.50> result: 90.00 103.47 -72.32 0.00
[11:06:29.058] [ARM-RX] 85.79 0.00
[11:06:29.058] [ARM-RX] [168] <0.00 -60.00 -1.50> result: 90.00 103.47 -72.32 0.00 85.79 0.00
[11:06:29.058] [ARM-RX] [169] <0.00 -60.00 -1.50> result: 90.00 103.47 -72.32 0.00 85.79 0.00
[11:06:29.058] [ARM-RX] [170] <0.00 -60.00 -1.50> result: 90.00 103.47 -72.32 0.00 85.79 0.00
[11:06:29.058] [ARM-RX] [171] <0.00 -60.00 -1.50> resul
[11:06:29.079] [ARM-RX] t: 90.00 103.47 -72.32 0.00 85.79 0.00
[11:06:29.079] [ARM-RX] [172] <0.00 -60.00 -1.50> result: 90.00 103.47 -72.32 0.00 85.79 0.00
[11:06:29.079] [ARM-RX] [173] <0.00 -60.00 -1.50> result: 90.00 103.47 -72.32 0.00 85.79 0.00
[11:06:29.080] [ARM-RX] [174] <0.00 -60.00 -1.50> result: 90.00 103.47 -72.32 0.00 85.79 0.00
[11:06:29.080] [ARM-RX] [17
[11:06:29.139] [ARM-RX] 5] <0.00 -60.00 -1.50> result: 90.00 103.47 -72.32 0.00 85.79 0.00
[11:06:29.139] [ARM-RX] [176] <0.00 -60.00 -1.50> result: 90.00 103.47 -72.32 0.00 85.79 0.00
[11:06:31.058] [ARM-RX] [jpint 1] ave_error:0.01
[11:06:31.058] [ARM-RX] [jpint 2] ave_error:4.00
[11:06:31.058] [ARM-RX] [jpint 3] ave_error:5.65
[11:06:31.058] [ARM-RX] [jpint 4] ave_error:0.00
[11:06:31.059] [ARM-RX] [jpint 5] ave_error:4.11
[11:06:31.059] [ARM-RX] robot pid run finished!!
[11:06:31.856] [ARM-RX] AUTO final confirm failed: joint 2 err=15.59deg tol=3.00, pose invalid.
[11:06:34.407] [ARM-TX] 发送命令 target_disable: target_disable
[11:06:34.445] [ARM-RX] Found handler for 'target_disable', executing...
[11:06:34.445] [ARM-RX] target_disable
[11:06:35.888] [ARM-TX] 发送命令 soft_reset: soft_reset
[11:06:35.981] [ARM-RX] Found handler for 'soft_reset', executing...
[11:06:35.981] [ARM-RX] ROBOT_SOFT_RESET_EVENT
[11:06:35.981] [ARM-RX] --- Starting soft reset ---
[11:06:36.227] [ARM-RX] Soft reset motors enabled (J1~J5, J6 skipped).
[11:06:36.227] [ARM-RX] Soft resetting joint 4...
[11:06:36.227] [ARM-RX] robot_update_current_angle 4...
[11:06:36.227] [ARM-RX] [4] current:89.40, target:90.00, dir:1
[11:06:36.350] [ARM-RX] Soft resetting joint 3...
[11:06:36.350] [ARM-RX] robot_update_current_angle 3...
[11:06:36.350] [ARM-RX] [3] current:0.00, target:0.00, dir:-1
[11:06:36.473] [ARM-RX] Soft resetting joint 1...
[11:06:36.535] [ARM-RX] robot_update_current_angle 1...
[11:06:36.535] [ARM-RX] [1] current:113.22, target:90.00, dir:-1
[11:06:38.318] [ARM-RX] soft reset joint 1 settle timeout, keep going
[11:06:38.318] [ARM-RX] Soft resetting joint 2...
[11:06:38.318] [ARM-RX] robot_update_current_angle 2...
[11:06:38.318] [ARM-RX] [2] current:-56.74, target:-90.00, dir:-1
[11:06:40.348] [ARM-RX] soft reset joint 2 settle timeout, keep going
[11:06:40.348] [ARM-RX] Soft resetting joint 0...
[11:06:40.348] [ARM-RX] robot_update_current_angle 0...
[11:06:40.349] [ARM-RX] [0] current:89.99, target:90.00, dir:1
[11:06:40.471] [ARM-RX] soft reset verify not pass, start refine loop...
[11:06:40.593] [ARM-RX] soft reset refine joint 2 round 1: cur=-86.36 target=-90.00 err=3.64 dir=-1
[11:06:41.517] [ARM-RX] soft reset refine pass 1 success.
[11:06:41.517] [ARM-RX] soft reset final verify PASS (issues:2), pose set HOME.
[11:06:43.397] [ARM-TX] 发送命令 circle 8000 5: circle 8000 5
[11:06:43.487] [ARM-RX] Found handler for 'circle', executing...
[11:06:43.487] [ARM-RX] time_func 8000 ms radius 5.0 mm
[11:06:43.487] [ARM-RX] ROBOT_TIME_FUNC_EVENT
[11:06:43.517] [ARM-RX] [0] <0.00 0.00 0.00> result: 90.00 90.00 -90.00 0.00 90.00 0.00
[11:06:43.517] [ARM-RX] [1] <0.00 -0.70 0.00> result: 90.00 90.20 -89.80 0.00 90.00 0.00
[11:06:43.518] [ARM-RX] [2] <0.00 -1.40 0.00> result: 90.00 90.40 -89.60 0.00 89.99 0.00
[11:06:43.518] [ARM-RX] [3] <0.00 -2.10 0.00> result: 90.00 90.59 -89.40 0.00 89.99
[11:06:43.540] [ARM-RX] 0.00
[11:06:43.540] [ARM-RX] [4] <0.00 -2.80 0.00> result: 90.00 90.78 -89.20 0.00 89.98 0.00
[11:06:43.541] [ARM-RX] [5] <0.00 -3.50 0.00> result: 90.00 90.97 -88.99 0.00 89.97 0.00
[11:06:43.541] [ARM-RX] [6] <0.00 -4.20 0.00> result: 90.00 91.16 -88.79 0.00 89.95 0.00
[11:06:43.541] [ARM-RX] [7] <0.00 -4.90 0.00> result: 90.00 91.34 -88.59 0.
[11:06:43.563] [ARM-RX] 00 89.93 0.00
[11:06:43.563] [ARM-RX] [8] <0.00 -5.60 0.00> result: 90.00 91.53 -88.39 0.00 89.91 0.00
[11:06:43.563] [ARM-RX] [9] <0.00 -6.30 0.00> result: 90.00 91.71 -88.19 0.00 89.89 0.00
[11:06:43.563] [ARM-RX] [10] <0.00 -7.00 0.00> result: 90.00 91.89 -87.98 0.00 89.87 0.00
[11:06:43.563] [ARM-RX] [11] <0.00 -7.70 0.00> result: 90.00 92.06
[11:06:43.587] [ARM-RX] -87.78 0.00 89.84 0.00
[11:06:43.587] [ARM-RX] [12] <0.00 -8.40 0.00> result: 90.00 92.24 -87.58 0.00 89.82 0.00
[11:06:43.587] [ARM-RX] [13] <0.00 -9.10 0.00> result: 90.00 92.41 -87.38 0.00 89.79 0.00
[11:06:43.587] [ARM-RX] [14] <0.00 -9.80 0.00> result: 90.00 92.58 -87.17 0.00 89.76 0.00
[11:06:43.588] [ARM-RX] [15] <0.00 -10.50 0.00> result
[11:06:43.608] [ARM-RX] : 90.00 92.76 -86.97 0.00 89.72 0.00
[11:06:43.609] [ARM-RX] [16] <0.00 -11.20 0.00> result: 90.00 92.92 -86.77 0.00 89.69 0.00
[11:06:43.609] [ARM-RX] [17] <0.00 -11.90 0.00> result: 90.00 93.09 -86.56 0.00 89.65 0.00
[11:06:43.609] [ARM-RX] [18] <0.00 -12.60 0.00> result: 90.00 93.26 -86.36 0.00 89.62 0.00
[11:06:43.609] [ARM-RX] [19] <0.00 -13
[11:06:43.632] [ARM-RX] .30 0.00> result: 90.00 93.42 -86.15 0.00 89.58 0.00
[11:06:43.633] [ARM-RX] [20] <0.00 -14.00 0.00> result: 90.00 93.59 -85.95 0.00 89.54 0.00
[11:06:43.633] [ARM-RX] [21] <0.00 -14.70 0.00> result: 90.00 93.75 -85.75 0.00 89.49 0.00
[11:06:43.633] [ARM-RX] [22] <0.00 -15.40 0.00> result: 90.00 93.91 -85.54 0.00 89.45 0.00
[11:06:43.654] [ARM-RX] [23] <0.00 -16.10 0.00> result: 90.00 94.07 -85.34 0.00 89.41 0.00
[11:06:43.654] [ARM-RX] [24] <0.00 -16.80 0.00> result: 90.00 94.23 -85.13 0.00 89.36 0.00
[11:06:43.654] [ARM-RX] [25] <0.00 -17.50 0.00> result: 90.00 94.38 -84.93 0.00 89.31 0.00
[11:06:43.654] [ARM-RX] [26] <0.00 -18.20 0.00> result: 90.00 94.54 -84.72
[11:06:43.689] [ARM-RX] 0.00 89.26 0.00
[11:06:43.690] [ARM-RX] [27] <0.00 -18.90 0.00> result: 90.00 94.70 -84.52 0.00 89.21 0.00
[11:06:43.690] [ARM-RX] [28] <0.00 -19.60 0.00> result: 90.00 94.85 -84.31 0.00 89.16 0.00
[11:06:43.690] [ARM-RX] [29] <0.00 -20.30 0.00> result: 90.00 95.00 -84.11 0.00 89.11 0.00
[11:06:43.690] [ARM-RX] [30] <0.00 -21.00 0.00> result: 90
[11:06:43.711] [ARM-RX] .00 95.15 -83.90 0.00 89.06 0.00
[11:06:43.711] [ARM-RX] [31] <0.00 -21.70 0.00> result: 90.00 95.31 -83.70 0.00 89.00 0.00
[11:06:43.712] [ARM-RX] [32] <0.00 -22.40 0.00> result: 90.00 95.46 -83.49 0.00 88.95 0.00
[11:06:43.712] [ARM-RX] [33] <0.00 -23.10 0.00> result: 90.00 95.61 -83.28 0.00 88.89 0.00
[11:06:43.712] [ARM-RX] [34] <0.00 -23.80
[11:06:43.734] [ARM-RX] 0.00> result: 90.00 95.75 -83.08 0.00 88.83 0.00
[11:06:43.734] [ARM-RX] [35] <0.00 -24.50 0.00> result: 90.00 95.90 -82.87 0.00 88.78 0.00
[11:06:43.735] [ARM-RX] [36] <0.00 -25.20 0.00> result: 90.00 96.05 -82.67 0.00 88.72 0.00
[11:06:43.735] [ARM-RX] [37] <0.00 -25.90 0.00> result: 90.00 96.20 -82.46 0.00 88.66 0.00
[11:06:43.735] [ARM-RX] [3
[11:06:43.757] [ARM-RX] 8] <0.00 -26.60 0.00> result: 90.00 96.34 -82.25 0.00 88.59 0.00
[11:06:43.757] [ARM-RX] [39] <0.00 -27.30 0.00> result: 90.00 96.49 -82.05 0.00 88.53 0.00
[11:06:43.758] [ARM-RX] [40] <0.00 -28.00 0.00> result: 90.00 96.63 -81.84 0.00 88.47 0.00
[11:06:43.758] [ARM-RX] [41] <0.00 -28.70 0.00> result: 90.00 96.77 -81.63 0.0
[11:06:43.784] [ARM-RX] 0 88.41 0.00
[11:06:43.784] [ARM-RX] [42] <0.00 -29.40 0.00> result: 90.00 96.92 -81.43 0.00 88.34 0.00
[11:06:43.784] [ARM-RX] [43] <0.00 -30.10 0.00> result: 90.00 97.06 -81.22 0.00 88.28 0.00
[11:06:43.784] [ARM-RX] [44] <0.00 -30.80 0.00> result: 90.00 97.20 -81.01 0.00 88.21 0.00
[11:06:43.784] [ARM-RX] [45] <0.00 -31.50 0.00> result: 90.00
[11:06:43.802] [ARM-RX] 97.34 -80.80 0.00 88.14 0.00
[11:06:43.803] [ARM-RX] [46] <0.00 -32.20 0.00> result: 90.00 97.48 -80.60 0.00 88.08 0.00
[11:06:43.803] [ARM-RX] [47] <0.00 -32.90 0.00> result: 90.00 97.62 -80.39 0.00 88.01 0.00
[11:06:43.803] [ARM-RX] [48] <0.00 -33.60 0.00> result: 90.00 97.76 -80.18 0.00 87.94 0.00
[11:06:43.803] [ARM-RX] [49] <0.00 -34.30 0.00
[11:06:43.825] [ARM-RX] > result: 90.00 97.90 -79.97 0.00 87.87 0.00
[11:06:43.826] [ARM-RX] [50] <0.00 -35.00 0.00> result: 90.00 98.04 -79.77 0.00 87.80 0.00
[11:06:43.826] [ARM-RX] [51] <0.00 -35.70 0.00> result: 90.00 98.17 -79.56 0.00 87.73 0.00
[11:06:43.826] [ARM-RX] [52] <0.00 -36.40 0.00> result: 90.00 98.31 -79.35 0.00 87.66 0.00
[11:06:43.826] [ARM-RX] [53] <
[11:06:43.849] [ARM-RX] 0.00 -37.10 0.00> result: 90.00 98.45 -79.14 0.00 87.59 0.00
[11:06:43.849] [ARM-RX] [54] <0.00 -37.80 0.00> result: 90.00 98.58 -78.93 0.00 87.51 0.00
[11:06:43.849] [ARM-RX] [55] <0.00 -38.50 0.00> result: 90.00 98.72 -78.72 0.00 87.44 0.00
[11:06:43.849] [ARM-RX] [56] <0.00 -39.20 0.00> result: 90.00 98.85 -78.52 0.00 87
[11:06:43.883] [ARM-RX] .37 0.00
[11:06:43.884] [ARM-RX] [57] <0.00 -39.90 0.00> result: 90.00 98.99 -78.31 0.00 87.29 0.00
[11:06:43.884] [ARM-RX] [58] <0.00 -40.60 0.00> result: 90.00 99.12 -78.10 0.00 87.22 0.00
[11:06:43.884] [ARM-RX] [59] <0.00 -41.30 0.00> result: 90.00 99.25 -77.89 0.00 87.14 0.00
[11:06:43.884] [ARM-RX] [60] <0.00 -42.00 0.00> result: 90.00 99.3
[11:06:43.906] [ARM-RX] 9 -77.68 0.00 87.07 0.00
[11:06:43.907] [ARM-RX] [61] <0.00 -42.70 0.00> result: 90.00 99.52 -77.47 0.00 86.99 0.00
[11:06:43.907] [ARM-RX] [62] <0.00 -43.40 0.00> result: 90.00 99.65 -77.26 0.00 86.91 0.00
[11:06:43.907] [ARM-RX] [63] <0.00 -44.10 0.00> result: 90.00 99.79 -77.05 0.00 86.84 0.00
[11:06:43.907] [ARM-RX] [64] <0.00 -44.80 0.00> re
[11:06:43.929] [ARM-RX] sult: 90.00 99.92 -76.84 0.00 86.76 0.00
[11:06:43.929] [ARM-RX] [65] <0.00 -45.50 0.00> result: 90.00 100.05 -76.63 0.00 86.68 0.00
[11:06:43.929] [ARM-RX] [66] <0.00 -46.20 0.00> result: 90.00 100.18 -76.42 0.00 86.60 0.00
[11:06:43.929] [ARM-RX] [67] <0.00 -46.90 0.00> result: 90.00 100.31 -76.21 0.00 86.52 0.00
[11:06:43.930] [ARM-RX] [68] <0
[11:06:43.950] [ARM-RX] .00 -47.60 0.00> result: 90.00 100.44 -76.00 0.00 86.44 0.00
[11:06:43.951] [ARM-RX] [69] <0.00 -48.30 0.00> result: 90.00 100.57 -75.79 0.00 86.36 0.00
[11:06:43.951] [ARM-RX] [70] <0.00 -49.00 0.00> result: 90.00 100.70 -75.58 0.00 86.28 0.00
[11:06:43.951] [ARM-RX] [71] <0.00 -49.70 0.00> result: 90.00 100.83 -75.37 0.00
[11:06:43.974] [ARM-RX] 86.20 0.00
[11:06:43.974] [ARM-RX] [72] <0.00 -50.40 0.00> result: 90.00 100.96 -75.16 0.00 86.12 0.00
[11:06:43.975] [ARM-RX] [73] <0.00 -51.10 0.00> result: 90.00 101.09 -74.95 0.00 86.04 0.00
[11:06:43.975] [ARM-RX] [74] <0.00 -51.80 0.00> result: 90.00 101.22 -74.74 0.00 85.95 0.00
[11:06:43.975] [ARM-RX] [75] <0.00 -52.50 0.00> result: 90.0
[11:06:43.999] [ARM-RX] 0 101.34 -74.53 0.00 85.87 0.00
[11:06:43.999] [ARM-RX] [76] <0.00 -53.20 0.00> result: 90.00 101.47 -74.32 0.00 85.79 0.00
[11:06:43.999] [ARM-RX] [77] <0.00 -53.90 0.00> result: 90.00 101.60 -74.10 0.00 85.71 0.00
[11:06:44.000] [ARM-RX] [78] <0.00 -54.60 0.00> result: 90.00 101.73 -73.89 0.00 85.62 0.00
[11:06:44.000] [ARM-RX] [79] <0.00 -55.3
[11:06:44.020] [ARM-RX] 0 0.00> result: 90.00 101.85 -73.68 0.00 85.54 0.00
[11:06:44.020] [ARM-RX] [80] <0.00 -56.00 0.00> result: 90.00 101.98 -73.47 0.00 85.45 0.00
[11:06:44.020] [ARM-RX] [81] <0.00 -56.70 0.00> result: 90.00 102.11 -73.26 0.00 85.37 0.00
[11:06:44.021] [ARM-RX] [82] <0.00 -57.40 0.00> result: 90.00 102.24 -73.05 0.00 85.28 0.
[11:06:44.053] [ARM-RX] 00
[11:06:44.054] [ARM-RX] [83] <0.00 -58.10 0.00> result: 90.00 102.36 -72.83 0.00 85.20 0.00
[11:06:44.054] [ARM-RX] [84] <0.00 -58.80 0.00> result: 90.00 102.49 -72.62 0.00 85.11 0.00
[11:06:44.054] [ARM-RX] [85] <0.00 -59.50 0.00> result: 90.00 102.61 -72.41 0.00 85.02 0.00
[11:06:44.054] [ARM-RX] [86] <0.00 -60.20 0.00> result: 90.00 102.74
[11:06:44.077] [ARM-RX] -72.20 0.00 84.94 0.00
[11:06:44.077] [ARM-RX] [87] <0.00 -60.90 0.00> result: 90.00 102.86 -71.98 0.00 84.85 0.00
[11:06:44.078] [ARM-RX] [88] <0.00 -61.60 0.00> result: 90.00 102.99 -71.77 0.00 84.76 0.00
[11:06:44.078] [ARM-RX] [89] <0.00 -62.30 0.00> result: 90.00 103.12 -71.56 0.00 84.67 0.00
[11:06:44.078] [ARM-RX] [90] <0.00 -63.00 0.00> r
[11:06:44.099] [ARM-RX] esult: 90.00 103.24 -71.35 0.00 84.59 0.00
[11:06:44.100] [ARM-RX] [91] <0.00 -63.70 0.00> result: 90.00 103.36 -71.13 0.00 84.50 0.00
[11:06:44.100] [ARM-RX] [92] <0.00 -64.40 0.00> result: 90.00 103.49 -70.92 0.00 84.41 0.00
[11:06:44.100] [ARM-RX] [93] <0.00 -65.10 0.00> result: 90.00 103.61 -70.71 0.00 84.32 0.00
[11:06:44.100] [ARM-RX] [94]
[11:06:44.123] [ARM-RX] <0.00 -65.80 0.00> result: 90.00 103.74 -70.49 0.00 84.23 0.00
[11:06:44.124] [ARM-RX] [95] <0.00 -66.50 0.00> result: 90.00 103.86 -70.28 0.00 84.14 0.00
[11:06:44.124] [ARM-RX] [96] <0.00 -67.20 0.00> result: 90.00 103.99 -70.07 0.00 84.05 0.00
[11:06:44.124] [ARM-RX] [97] <0.00 -67.90 0.00> result: 90.00 104.11 -69.85 0.
[11:06:44.145] [ARM-RX] 00 83.96 0.00
[11:06:44.146] [ARM-RX] [98] <0.00 -68.60 0.00> result: 90.00 104.23 -69.64 0.00 83.87 0.00
[11:06:44.146] [ARM-RX] [99] <0.00 -69.30 0.00> result: 90.00 104.36 -69.42 0.00 83.78 0.00
[11:06:44.146] [ARM-RX] [100] <0.00 -70.00 0.00> result: 90.00 104.48 -69.21 0.00 83.69 0.00
[11:06:44.146] [ARM-RX] [101] <0.06 -70.00 0.00> result:
[11:06:44.170] [ARM-RX] 90.03 104.48 -69.21 -0.03 83.69 0.00
[11:06:44.170] [ARM-RX] [102] <0.13 -70.00 0.00> result: 90.06 104.48 -69.21 -0.06 83.69 0.00
[11:06:44.170] [ARM-RX] [103] <0.19 -70.00 0.00> result: 90.09 104.48 -69.21 -0.09 83.69 0.00
[11:06:44.170] [ARM-RX] [104] <0.25 -70.00 0.01> result: 90.12 104.48 -69.21 -0.12 83.69 0.00
[11:06:44.171] [ARM-RX] [105]
[11:06:44.192] [ARM-RX] <0.31 -70.00 0.01> result: 90.15 104.48 -69.21 -0.15 83.68 0.00
[11:06:44.192] [ARM-RX] [106] <0.38 -70.00 0.01> result: 90.18 104.47 -69.21 -0.18 83.68 0.00
[11:06:44.192] [ARM-RX] [107] <0.44 -70.00 0.02> result: 90.21 104.47 -69.21 -0.22 83.68 0.00
[11:06:44.192] [ARM-RX] [108] <0.50 -70.00 0.03> result: 90.24 104.47 -6
[11:06:44.217] [ARM-RX] 9.21 -0.25 83.68 0.00
[11:06:44.218] [ARM-RX] [109] <0.56 -70.00 0.03> result: 90.27 104.47 -69.21 -0.28 83.67 0.00
[11:06:44.218] [ARM-RX] [110] <0.63 -70.00 0.04> result: 90.31 104.46 -69.21 -0.31 83.67 0.00
[11:06:44.218] [ARM-RX] [111] <0.69 -70.00 0.05> result: 90.34 104.46 -69.21 -0.34 83.67 0.00
[11:06:44.218] [ARM-RX] [112] <0.75 -70.00 0
[11:06:44.248] [ARM-RX] .06> result: 90.37 104.45 -69.21 -0.37 83.66 0.00
[11:06:44.249] [ARM-RX] [113] <0.81 -70.00 0.07> result: 90.40 104.45 -69.21 -0.40 83.66 0.00
[11:06:44.249] [ARM-RX] [114] <0.88 -70.00 0.08> result: 90.43 104.44 -69.21 -0.43 83.65 0.00
[11:06:44.249] [ARM-RX] [115] <0.94 -70.00 0.09> result: 90.46 104.44 -69.20 -0.46 83.6
[11:06:44.272] [ARM-RX] 4 0.00
[11:06:44.272] [ARM-RX] [116] <1.00 -70.00 0.10> result: 90.49 104.43 -69.20 -0.49 83.64 0.00
[11:06:44.273] [ARM-RX] [117] <1.06 -70.00 0.11> result: 90.52 104.43 -69.20 -0.52 83.63 0.00
[11:06:44.273] [ARM-RX] [118] <1.12 -70.00 0.13> result: 90.55 104.42 -69.20 -0.55 83.62 0.00
[11:06:44.273] [ARM-RX] [119] <1.18 -70.00 0.14> result: 90
[11:06:44.298] [ARM-RX] .58 104.42 -69.20 -0.58 83.62 0.00
[11:06:44.298] [ARM-RX] [120] <1.24 -70.00 0.16> result: 90.61 104.41 -69.20 -0.61 83.61 0.00
[11:06:44.298] [ARM-RX] [121] <1.30 -70.00 0.17> result: 90.64 104.40 -69.20 -0.64 83.60 0.00
[11:06:44.299] [ARM-RX] [122] <1.36 -70.00 0.19> result: 90.66 104.39 -69.20 -0.67 83.59 0.00
[11:06:44.299] [ARM-RX] [123] <
[11:06:44.318] [ARM-RX] 1.43 -70.00 0.21> result: 90.69 104.39 -69.20 -0.70 83.58 0.00
[11:06:44.318] [ARM-RX] [124] <1.49 -70.00 0.23> result: 90.72 104.38 -69.20 -0.73 83.58 0.00
[11:06:44.319] [ARM-RX] [125] <1.55 -70.00 0.24> result: 90.75 104.37 -69.20 -0.76 83.57 0.00
[11:06:44.319] [ARM-RX] [126] <1.60 -70.00 0.26> result: 90.78 104.36 -69.
[11:06:44.343] [ARM-RX] 20 -0.79 83.56 0.00
[11:06:44.344] [ARM-RX] [127] <1.66 -70.00 0.29> result: 90.81 104.35 -69.19 -0.82 83.54 0.00
[11:06:44.344] [ARM-RX] [128] <1.72 -70.00 0.31> result: 90.84 104.34 -69.19 -0.84 83.53 0.00
[11:06:44.344] [ARM-RX] [129] <1.78 -70.00 0.33> result: 90.87 104.33 -69.19 -0.87 83.52 0.00
[11:06:44.344] [ARM-RX] [130] <1.84 -70.00 0.3
[11:06:44.364] [ARM-RX] 5> result: 90.90 104.32 -69.19 -0.90 83.51 0.00
[11:06:44.364] [ARM-RX] [131] <1.90 -70.00 0.37> result: 90.92 104.31 -69.19 -0.93 83.50 0.00
[11:06:44.366] [ARM-RX] [132] <1.96 -70.00 0.40> result: 90.95 104.30 -69.19 -0.96 83.49 0.00
[11:06:44.366] [ARM-RX] [133] <2.01 -70.00 0.42> result: 90.98 104.29 -69.19 -0.99 83.47
[11:06:44.388] [ARM-RX] 0.00
[11:06:44.388] [ARM-RX] [134] <2.07 -70.00 0.45> result: 91.01 104.28 -69.19 -1.02 83.46 0.00
[11:06:44.388] [ARM-RX] [135] <2.13 -70.00 0.48> result: 91.04 104.26 -69.18 -1.04 83.45 0.00
[11:06:44.388] [ARM-RX] [136] <2.19 -70.00 0.50> result: 91.06 104.25 -69.18 -1.07 83.43 0.00
[11:06:44.388] [ARM-RX] [137] <2.24 -70.00 0.53> result: 91.0
[11:06:44.423] [ARM-RX] 9 104.24 -69.18 -1.10 83.42 0.00
[11:06:44.423] [ARM-RX] [138] <2.30 -70.00 0.56> result: 91.12 104.23 -69.18 -1.13 83.41 0.00
[11:06:44.423] [ARM-RX] [139] <2.35 -70.00 0.59> result: 91.15 104.21 -69.18 -1.15 83.39 0.00
[11:06:44.423] [ARM-RX] [140] <2.41 -70.00 0.62> result: 91.17 104.20 -69.18 -1.18 83.38 0.00
[11:06:44.424] [ARM-RX] [141] <2.
[11:06:44.447] [ARM-RX] 46 -70.00 0.65> result: 91.20 104.18 -69.17 -1.21 83.36 0.00
[11:06:44.448] [ARM-RX] [142] <2.52 -70.00 0.68> result: 91.23 104.17 -69.17 -1.23 83.34 0.00
[11:06:44.448] [ARM-RX] [143] <2.57 -70.00 0.71> result: 91.25 104.16 -69.17 -1.26 83.33 0.00
[11:06:44.448] [ARM-RX] [144] <2.63 -70.00 0.75> result: 91.28 104.14 -69.17
[11:06:44.469] [ARM-RX] -1.29 83.31 0.00
[11:06:44.469] [ARM-RX] [145] <2.68 -70.00 0.78> result: 91.30 104.13 -69.17 -1.31 83.29 0.00
[11:06:44.470] [ARM-RX] [146] <2.73 -70.00 0.81> result: 91.33 104.11 -69.17 -1.34 83.28 0.00
[11:06:44.470] [ARM-RX] [147] <2.78 -70.00 0.85> result: 91.36 104.09 -69.16 -1.37 83.26 0.00
[11:06:44.470] [ARM-RX] [148] <2.84 -70.00 0.88>
[11:06:44.493] [ARM-RX] result: 91.38 104.08 -69.16 -1.39 83.24 0.00
[11:06:44.494] [ARM-RX] [149] <2.89 -70.00 0.92> result: 91.41 104.06 -69.16 -1.42 83.22 0.00
[11:06:44.494] [ARM-RX] [150] <2.94 -70.00 0.95> result: 91.43 104.04 -69.16 -1.44 83.21 0.00
[11:06:44.494] [ARM-RX] [151] <2.99 -70.00 0.99> result: 91.46 104.03 -69.16 -1.47 83.19 0.
[11:06:44.515] [ARM-RX] 00
[11:06:44.515] [ARM-RX] [152] <3.04 -70.00 1.03> result: 91.48 104.01 -69.15 -1.49 83.17 0.00
[11:06:44.515] [ARM-RX] [153] <3.09 -70.00 1.07> result: 91.50 103.99 -69.15 -1.52 83.15 0.00
[11:06:44.515] [ARM-RX] [154] <3.14 -70.00 1.11> result: 91.53 103.98 -69.15 -1.54 83.13 0.00
[11:06:44.516] [ARM-RX] [155] <3.19 -70.00 1.15> result: 91.55
[11:06:44.538] [ARM-RX] 103.96 -69.15 -1.56 83.11 0.00
[11:06:44.539] [ARM-RX] [156] <3.24 -70.00 1.19> result: 91.58 103.94 -69.15 -1.59 83.09 0.00
[11:06:44.539] [ARM-RX] [157] <3.28 -70.00 1.23> result: 91.60 103.92 -69.14 -1.61 83.07 0.00
[11:06:44.539] [ARM-RX] [158] <3.33 -70.00 1.27> result: 91.62 103.90 -69.14 -1.63 83.05 0.00
[11:06:44.539] [ARM-RX] [159] <3.38
[11:06:44.561] [ARM-RX] -70.00 1.31> result: 91.64 103.88 -69.14 -1.66 83.02 0.00
[11:06:44.561] [ARM-RX] [160] <3.42 -70.00 1.36> result: 91.67 103.86 -69.14 -1.68 83.00 0.00
[11:06:44.561] [ARM-RX] [161] <3.47 -70.00 1.40> result: 91.69 103.84 -69.13 -1.70 82.98 0.00
[11:06:44.561] [ARM-RX] [162] <3.51 -70.00 1.44> result: 91.71 103.82 -69.13 -
[11:06:44.585] [ARM-RX] 1.72 82.96 0.00
[11:06:44.586] [ARM-RX] [163] <3.56 -70.00 1.49> result: 91.73 103.80 -69.13 -1.75 82.94 0.00
[11:06:44.586] [ARM-RX] [164] <3.60 -70.00 1.53> result: 91.75 103.78 -69.13 -1.77 82.91 0.00
[11:06:44.586] [ARM-RX] [165] <3.64 -70.00 1.58> result: 91.77 103.76 -69.13 -1.79 82.89 0.00
[11:06:44.586] [ARM-RX] [166] <3.69 -70.00 1.62> r
[11:06:44.619] [ARM-RX] esult: 91.80 103.74 -69.12 -1.81 82.87 0.00
[11:06:44.619] [ARM-RX] [167] <3.73 -70.00 1.67> result: 91.82 103.72 -69.12 -1.83 82.84 0.00
[11:06:44.619] [ARM-RX] [168] <3.77 -70.00 1.72> result: 91.84 103.70 -69.12 -1.85 82.82 0.00
[11:06:44.620] [ARM-RX] [169] <3.81 -70.00 1.76> result: 91.86 103.68 -69.12 -1.87 82.80 0.00
[11:06:44.641] [ARM-RX] [170] <3.85 -70.00 1.81> result: 91.88 103.65 -69.11 -1.89 82.77 0.00
[11:06:44.642] [ARM-RX] [171] <3.89 -70.00 1.86> result: 91.90 103.63 -69.11 -1.91 82.75 0.00
[11:06:44.642] [ARM-RX] [172] <3.93 -70.00 1.91> result: 91.91 103.61 -69.11 -1.93 82.72 0.00
[11:06:44.642] [ARM-RX] [173] <3.97 -70.00 1.96> result: 91.93 10
[11:06:44.666] [ARM-RX] 3.59 -69.10 -1.95 82.70 0.00
[11:06:44.667] [ARM-RX] [174] <4.01 -70.00 2.01> result: 91.95 103.56 -69.10 -1.97 82.67 0.00
[11:06:44.667] [ARM-RX] [175] <4.05 -70.00 2.06> result: 91.97 103.54 -69.10 -1.99 82.65 0.00
[11:06:44.667] [ARM-RX] [176] <4.08 -70.00 2.11> result: 91.99 103.52 -69.10 -2.00 82.62 0.00
[11:06:44.668] [ARM-RX] [177] <4.12 -
[11:06:44.692] [ARM-RX] 70.00 2.16> result: 92.00 103.49 -69.09 -2.02 82.59 0.00
[11:06:44.693] [ARM-RX] [178] <4.15 -70.00 2.22> result: 92.02 103.47 -69.09 -2.04 82.57 0.00
[11:06:44.693] [ARM-RX] [179] <4.19 -70.00 2.27> result: 92.04 103.45 -69.09 -2.06 82.54 0.00
[11:06:44.693] [ARM-RX] [180] <4.22 -70.00 2.32> result: 92.06 103.42 -69.09 -2.
[11:06:44.712] [ARM-RX] 07 82.51 0.00
[11:06:44.712] [ARM-RX] [181] <4.25 -70.00 2.37> result: 92.07 103.40 -69.08 -2.09 82.49 0.00
[11:06:44.713] [ARM-RX] [182] <4.29 -70.00 2.43> result: 92.09 103.37 -69.08 -2.11 82.46 0.00
[11:06:44.713] [ARM-RX] [183] <4.32 -70.00 2.48> result: 92.10 103.35 -69.08 -2.12 82.43 0.00
[11:06:44.713] [ARM-RX] [184] <4.35 -70.00 2.54> res
[11:06:44.735] [ARM-RX] ult: 92.12 103.33 -69.07 -2.14 82.40 0.00
[11:06:44.735] [ARM-RX] [185] <4.38 -70.00 2.59> result: 92.13 103.30 -69.07 -2.15 82.38 0.00
[11:06:44.735] [ARM-RX] [186] <4.41 -70.00 2.65> result: 92.15 103.28 -69.07 -2.17 82.35 0.00
[11:06:44.735] [ARM-RX] [187] <4.44 -70.00 2.70> result: 92.16 103.25 -69.07 -2.18 82.32 0.00
[11:06:44.757] [ARM-RX] [188] <4.47 -70.00 2.76> result: 92.18 103.22 -69.06 -2.20 82.29 0.00
[11:06:44.758] [ARM-RX] [189] <4.50 -70.00 2.81> result: 92.19 103.20 -69.06 -2.21 82.26 0.00
[11:06:44.758] [ARM-RX] [190] <4.52 -70.00 2.87> result: 92.20 103.17 -69.06 -2.22 82.24 0.00
[11:06:44.758] [ARM-RX] [191] <4.55 -70.00 2.93> result: 92.22 103.
[11:06:44.793] [ARM-RX] 15 -69.05 -2.24 82.21 0.00
[11:06:44.794] [ARM-RX] [192] <4.58 -70.00 2.99> result: 92.23 103.12 -69.05 -2.25 82.18 0.00
[11:06:44.794] [ARM-RX] [193] <4.60 -70.00 3.04> result: 92.24 103.10 -69.05 -2.26 82.15 0.00
[11:06:44.794] [ARM-RX] [194] <4.63 -70.00 3.10> result: 92.25 103.07 -69.04 -2.27 82.12 0.00
[11:06:44.794] [ARM-RX] [195] <4.65 -70
[11:06:44.816] [ARM-RX] .00 3.16> result: 92.26 103.04 -69.04 -2.28 82.09 0.00
[11:06:44.816] [ARM-RX] [196] <4.67 -70.00 3.22> result: 92.27 103.02 -69.04 -2.30 82.06 0.00
[11:06:44.816] [ARM-RX] [197] <4.69 -70.00 3.28> result: 92.28 102.99 -69.03 -2.31 82.03 0.00
[11:06:44.816] [ARM-RX] [198] <4.71 -70.00 3.34> result: 92.30 102.96 -69.03 -2.32
[11:06:44.839] [ARM-RX] 82.00 0.00
[11:06:44.840] [ARM-RX] [199] <4.74 -70.00 3.40> result: 92.31 102.94 -69.03 -2.33 81.97 0.00
[11:06:44.840] [ARM-RX] [200] <4.76 -70.00 3.45> result: 92.31 102.91 -69.03 -2.34 81.94 0.00
[11:06:44.840] [ARM-RX] [201] <4.77 -70.00 3.51> result: 92.32 102.88 -69.02 -2.35 81.91 0.00
[11:06:44.840] [ARM-RX] [202] <4.79 -70.00 3.57> resul
[11:06:44.861] [ARM-RX] t: 92.33 102.85 -69.02 -2.36 81.88 0.00
[11:06:44.862] [ARM-RX] [203] <4.81 -70.00 3.64> result: 92.34 102.83 -69.02 -2.37 81.85 0.00
[11:06:44.862] [ARM-RX] [204] <4.83 -70.00 3.70> result: 92.35 102.80 -69.01 -2.37 81.82 0.00
[11:06:44.862] [ARM-RX] [205] <4.84 -70.00 3.76> result: 92.36 102.77 -69.01 -2.38 81.79 0.00
[11:06:44.862] [ARM-RX] [2
[11:06:44.886] [ARM-RX] 06] <4.86 -70.00 3.82> result: 92.36 102.74 -69.01 -2.39 81.76 0.00
[11:06:44.886] [ARM-RX] [207] <4.87 -70.00 3.88> result: 92.37 102.72 -69.00 -2.40 81.73 0.00
[11:06:44.887] [ARM-RX] [208] <4.89 -70.00 3.94> result: 92.38 102.69 -69.00 -2.40 81.69 0.00
[11:06:44.887] [ARM-RX] [209] <4.90 -70.00 4.00> result: 92.38 102.66
[11:06:44.909] [ARM-RX] -69.00 -2.41 81.66 0.00
[11:06:44.910] [ARM-RX] [210] <4.91 -70.00 4.06> result: 92.39 102.63 -68.99 -2.42 81.63 0.00
[11:06:44.910] [ARM-RX] [211] <4.92 -70.00 4.12> result: 92.40 102.60 -68.99 -2.42 81.60 0.00
[11:06:44.910] [ARM-RX] [212] <4.93 -70.00 4.19> result: 92.40 102.58 -68.99 -2.43 81.57 0.00
[11:06:44.910] [ARM-RX] [213] <4.94 -70.0
[11:06:44.932] [ARM-RX] 0 4.25> result: 92.41 102.55 -68.98 -2.43 81.54 0.00
[11:06:44.932] [ARM-RX] [214] <4.95 -70.00 4.31> result: 92.41 102.52 -68.98 -2.44 81.51 0.00
[11:06:44.932] [ARM-RX] [215] <4.96 -70.00 4.37> result: 92.41 102.49 -68.98 -2.44 81.48 0.00
[11:06:44.933] [ARM-RX] [216] <4.97 -70.00 4.44> result: 92.42 102.46 -68.97 -2.45 8
[11:06:44.955] [ARM-RX] 1.44 0.00
[11:06:44.955] [ARM-RX] [217] <4.97 -70.00 4.50> result: 92.42 102.44 -68.97 -2.45 81.41 0.00
[11:06:44.955] [ARM-RX] [218] <4.98 -70.00 4.56> result: 92.42 102.41 -68.97 -2.45 81.38 0.00
[11:06:44.955] [ARM-RX] [219] <4.99 -70.00 4.62> result: 92.43 102.38 -68.96 -2.45 81.35 0.00
[11:06:44.956] [ARM-RX] [220] <4.99 -70.00 4.69> result:
[11:06:44.990] [ARM-RX] 92.43 102.35 -68.96 -2.46 81.32 0.00
[11:06:44.991] [ARM-RX] [221] <4.99 -70.00 4.75> result: 92.43 102.32 -68.96 -2.46 81.29 0.00
[11:06:44.991] [ARM-RX] [222] <5.00 -70.00 4.81> result: 92.43 102.29 -68.95 -2.46 81.25 0.00
[11:06:44.991] [ARM-RX] [223] <5.00 -70.00 4.87> result: 92.43 102.26 -68.95 -2.46 81.22 0.00
[11:06:44.991] [ARM-RX] [224
[11:06:45.013] [ARM-RX] ] <5.00 -70.00 4.94> result: 92.43 102.24 -68.95 -2.46 81.19 0.00
[11:06:45.013] [ARM-RX] [225] <5.00 -70.00 5.00> result: 92.43 102.21 -68.94 -2.46 81.16 0.00
[11:06:45.014] [ARM-RX] [226] <5.00 -70.00 5.06> result: 92.43 102.18 -68.94 -2.46 81.13 0.00
[11:06:45.014] [ARM-RX] [227] <5.00 -70.00 5.13> result: 92.43 102.15 -
[11:06:45.036] [ARM-RX] 68.94 -2.46 81.10 0.00
[11:06:45.037] [ARM-RX] [228] <5.00 -70.00 5.19> result: 92.43 102.12 -68.93 -2.46 81.06 0.00
[11:06:45.037] [ARM-RX] [229] <4.99 -70.00 5.25> result: 92.43 102.09 -68.93 -2.46 81.03 0.00
[11:06:45.037] [ARM-RX] [230] <4.99 -70.00 5.31> result: 92.43 102.07 -68.93 -2.46 81.00 0.00
[11:06:45.037] [ARM-RX] [231] <4.99 -70.00
[11:06:45.058] [ARM-RX] 5.38> result: 92.43 102.04 -68.92 -2.46 80.97 0.00
[11:06:45.059] [ARM-RX] [232] <4.98 -70.00 5.44> result: 92.42 102.01 -68.92 -2.46 80.94 0.00
[11:06:45.059] [ARM-RX] [233] <4.97 -70.00 5.50> result: 92.42 101.98 -68.92 -2.45 80.91 0.00
[11:06:45.059] [ARM-RX] [234] <4.97 -70.00 5.56> result: 92.42 101.95 -68.91 -2.45 80.
[11:06:45.083] [ARM-RX] 87 0.00
[11:06:45.083] [ARM-RX] [235] <4.96 -70.00 5.63> result: 92.41 101.92 -68.91 -2.45 80.84 0.00
[11:06:45.084] [ARM-RX] [236] <4.95 -70.00 5.69> result: 92.41 101.90 -68.91 -2.44 80.81 0.00
[11:06:45.084] [ARM-RX] [237] <4.94 -70.00 5.75> result: 92.41 101.87 -68.90 -2.44 80.78 0.00
[11:06:45.084] [ARM-RX] [238] <4.93 -70.00 5.81> result: 9
[11:06:45.106] [ARM-RX] 2.40 101.84 -68.90 -2.43 80.75 0.00
[11:06:45.106] [ARM-RX] [239] <4.92 -70.00 5.88> result: 92.40 101.81 -68.90 -2.43 80.72 0.00
[11:06:45.107] [ARM-RX] [240] <4.91 -70.00 5.94> result: 92.39 101.78 -68.89 -2.42 80.69 0.00
[11:06:45.107] [ARM-RX] [241] <4.90 -70.00 6.00> result: 92.38 101.76 -68.89 -2.42 80.65 0.00
[11:06:45.107] [ARM-RX] [242]
[11:06:45.129] [ARM-RX] <4.89 -70.00 6.06> result: 92.38 101.73 -68.89 -2.41 80.62 0.00
[11:06:45.129] [ARM-RX] [243] <4.87 -70.00 6.12> result: 92.37 101.70 -68.88 -2.40 80.59 0.00
[11:06:45.129] [ARM-RX] [244] <4.86 -70.00 6.18> result: 92.36 101.67 -68.88 -2.40 80.56 0.00
[11:06:45.129] [ARM-RX] [245] <4.84 -70.00 6.24> result: 92.36 101.65 -68
[11:06:45.163] [ARM-RX] .88 -2.39 80.53 0.00
[11:06:45.164] [ARM-RX] [246] <4.83 -70.00 6.30> result: 92.35 101.62 -68.87 -2.38 80.50 0.00
[11:06:45.164] [ARM-RX] [247] <4.81 -70.00 6.36> result: 92.34 101.59 -68.87 -2.37 80.47 0.00
[11:06:45.164] [ARM-RX] [248] <4.79 -70.00 6.43> result: 92.33 101.56 -68.87 -2.37 80.44 0.00
[11:06:45.164] [ARM-RX] [249] <4.77 -70.00 6.
[11:06:45.187] [ARM-RX] 49> result: 92.32 101.54 -68.86 -2.36 80.41 0.00
[11:06:45.188] [ARM-RX] [250] <4.76 -70.00 6.55> result: 92.31 101.51 -68.86 -2.35 80.38 0.00
[11:06:45.188] [ARM-RX] [251] <4.74 -70.00 6.60> result: 92.31 101.48 -68.86 -2.34 80.35 0.00
[11:06:45.188] [ARM-RX] [252] <4.71 -70.00 6.66> result: 92.30 101.46 -68.86 -2.33 80.32
[11:06:45.210] [ARM-RX] 0.00
[11:06:45.210] [ARM-RX] [253] <4.69 -70.00 6.72> result: 92.28 101.43 -68.85 -2.32 80.29 0.00
[11:06:45.210] [ARM-RX] [254] <4.67 -70.00 6.78> result: 92.27 101.40 -68.85 -2.31 80.26 0.00
[11:06:45.210] [ARM-RX] [255] <4.65 -70.00 6.84> result: 92.26 101.38 -68.85 -2.30 80.23 0.00
[11:06:45.211] [ARM-RX] [256] <4.63 -70.00 6.90> result: 92.
[11:06:45.233] [ARM-RX] 25 101.35 -68.84 -2.29 80.20 0.00
[11:06:45.233] [ARM-RX] [257] <4.60 -70.00 6.96> result: 92.24 101.32 -68.84 -2.27 80.17 0.00
[11:06:45.234] [ARM-RX] [258] <4.58 -70.00 7.01> result: 92.23 101.30 -68.84 -2.26 80.14 0.00
[11:06:45.234] [ARM-RX] [259] <4.55 -70.00 7.07> result: 92.22 101.27 -68.83 -2.25 80.11 0.00
[11:06:45.234] [ARM-RX] [260] <4
[11:06:45.256] [ARM-RX] .52 -70.00 7.13> result: 92.20 101.25 -68.83 -2.24 80.08 0.00
[11:06:45.256] [ARM-RX] [261] <4.50 -70.00 7.19> result: 92.19 101.22 -68.83 -2.22 80.06 0.00
[11:06:45.256] [ARM-RX] [262] <4.47 -70.00 7.24> result: 92.18 101.19 -68.82 -2.21 80.03 0.00
[11:06:45.257] [ARM-RX] [263] <4.44 -70.00 7.30> result: 92.16 101.17 -68.8
[11:06:45.279] [ARM-RX] 2 -2.20 80.00 0.00
[11:06:45.279] [ARM-RX] [264] <4.41 -70.00 7.35> result: 92.15 101.14 -68.82 -2.18 79.97 0.00
[11:06:45.279] [ARM-RX] [265] <4.38 -70.00 7.41> result: 92.13 101.12 -68.82 -2.17 79.94 0.00
[11:06:45.279] [ARM-RX] [266] <4.35 -70.00 7.46> result: 92.12 101.09 -68.81 -2.15 79.91 0.00
[11:06:45.280] [ARM-RX] [267] <4.32 -70.00 7.52
[11:06:45.303] [ARM-RX] > result: 92.10 101.07 -68.81 -2.14 79.89 0.00
[11:06:45.303] [ARM-RX] [268] <4.29 -70.00 7.57> result: 92.09 101.05 -68.81 -2.12 79.86 0.00
[11:06:45.303] [ARM-RX] [269] <4.25 -70.00 7.63> result: 92.07 101.02 -68.80 -2.10 79.83 0.00
[11:06:45.304] [ARM-RX] [270] <4.22 -70.00 7.68> result: 92.06 101.00 -68.80 -2.09 79.81 0
[11:06:45.325] [ARM-RX] .00
[11:06:45.326] [ARM-RX] [271] <4.19 -70.00 7.73> result: 92.04 100.97 -68.80 -2.07 79.78 0.00
[11:06:45.326] [ARM-RX] [272] <4.15 -70.00 7.78> result: 92.02 100.95 -68.80 -2.05 79.75 0.00
[11:06:45.326] [ARM-RX] [273] <4.12 -70.00 7.84> result: 92.00 100.93 -68.79 -2.04 79.73 0.00
[11:06:45.326] [ARM-RX] [274] <4.08 -70.00 7.89> result: 91.99
[11:06:45.360] [ARM-RX] 100.90 -68.79 -2.02 79.70 0.00
[11:06:45.360] [ARM-RX] [275] <4.05 -70.00 7.94> result: 91.97 100.88 -68.79 -2.00 79.67 0.00
[11:06:45.361] [ARM-RX] [276] <4.01 -70.00 7.99> result: 91.95 100.86 -68.79 -1.98 79.65 0.00
[11:06:45.361] [ARM-RX] [277] <3.97 -70.00 8.04> result: 91.93 100.83 -68.78 -1.97 79.62 0.00
[11:06:45.361] [ARM-RX] [278] <3.9
[11:06:45.384] [ARM-RX] 3 -70.00 8.09> result: 91.91 100.81 -68.78 -1.95 79.60 0.00
[11:06:45.384] [ARM-RX] [279] <3.89 -70.00 8.14> result: 91.90 100.79 -68.78 -1.93 79.57 0.00
[11:06:45.384] [ARM-RX] [280] <3.85 -70.00 8.19> result: 91.88 100.77 -68.77 -1.91 79.55 0.00
[11:06:45.384] [ARM-RX] [281] <3.81 -70.00 8.24> result: 91.86 100.75 -68.77
[11:06:45.408] [ARM-RX] -1.89 79.52 0.00
[11:06:45.409] [ARM-RX] [282] <3.77 -70.00 8.28> result: 91.84 100.73 -68.77 -1.87 79.50 0.00
[11:06:45.409] [ARM-RX] [283] <3.73 -70.00 8.33> result: 91.82 100.70 -68.77 -1.85 79.48 0.00
[11:06:45.409] [ARM-RX] [284] <3.69 -70.00 8.38> result: 91.80 100.68 -68.76 -1.83 79.45 0.00
[11:06:45.409] [ARM-RX] [285] <3.64 -70.00 8.42>
[11:06:45.430] [ARM-RX] result: 91.77 100.66 -68.76 -1.81 79.43 0.00
[11:06:45.430] [ARM-RX] [286] <3.60 -70.00 8.47> result: 91.75 100.64 -68.76 -1.78 79.41 0.00
[11:06:45.430] [ARM-RX] [287] <3.56 -70.00 8.51> result: 91.73 100.62 -68.76 -1.76 79.38 0.00
[11:06:45.430] [ARM-RX] [288] <3.51 -70.00 8.56> result: 91.71 100.60 -68.76 -1.74 79.36 0.0
[11:06:45.452] [ARM-RX] 0
[11:06:45.453] [ARM-RX] [289] <3.47 -70.00 8.60> result: 91.69 100.58 -68.75 -1.72 79.34 0.00
[11:06:45.453] [ARM-RX] [290] <3.42 -70.00 8.64> result: 91.67 100.56 -68.75 -1.70 79.32 0.00
[11:06:45.453] [ARM-RX] [291] <3.38 -70.00 8.69> result: 91.64 100.54 -68.75 -1.67 79.30 0.00
[11:06:45.453] [ARM-RX] [292] <3.33 -70.00 8.73> result: 91.62 1
[11:06:45.477] [ARM-RX] 00.52 -68.75 -1.65 79.27 0.00
[11:06:45.477] [ARM-RX] [293] <3.28 -70.00 8.77> result: 91.60 100.51 -68.74 -1.63 79.25 0.00
[11:06:45.477] [ARM-RX] [294] <3.24 -70.00 8.81> result: 91.58 100.49 -68.74 -1.60 79.23 0.00
[11:06:45.478] [ARM-RX] [295] <3.19 -70.00 8.85> result: 91.55 100.47 -68.74 -1.58 79.21 0.00
[11:06:45.478] [ARM-RX] [296] <3.14
[11:06:45.499] [ARM-RX] -70.00 8.89> result: 91.53 100.45 -68.74 -1.56 79.19 0.00
[11:06:45.499] [ARM-RX] [297] <3.09 -70.00 8.93> result: 91.50 100.43 -68.74 -1.53 79.17 0.00
[11:06:45.499] [ARM-RX] [298] <3.04 -70.00 8.97> result: 91.48 100.42 -68.73 -1.51 79.15 0.00
[11:06:45.499] [ARM-RX] [299] <2.99 -70.00 9.01> result: 91.46 100.40 -68.73 -1
[11:06:45.534] [ARM-RX] .48 79.13 0.00
[11:06:45.535] [ARM-RX] [300] <2.94 -70.00 9.05> result: 91.43 100.38 -68.73 -1.46 79.11 0.00
[11:06:45.535] [ARM-RX] [301] <2.89 -70.00 9.08> result: 91.41 100.37 -68.73 -1.43 79.10 0.00
[11:06:45.535] [ARM-RX] [302] <2.84 -70.00 9.12> result: 91.38 100.35 -68.73 -1.41 79.08 0.00
[11:06:45.535] [ARM-RX] [303] <2.78 -70.00 9.15> re
[11:06:45.556] [ARM-RX] sult: 91.36 100.33 -68.72 -1.38 79.06 0.00
[11:06:45.557] [ARM-RX] [304] <2.73 -70.00 9.19> result: 91.33 100.32 -68.72 -1.36 79.04 0.00
[11:06:45.557] [ARM-RX] [305] <2.68 -70.00 9.22> result: 91.30 100.30 -68.72 -1.33 79.03 0.00
[11:06:45.557] [ARM-RX] [306] <2.63 -70.00 9.25> result: 91.28 100.29 -68.72 -1.30 79.01 0.00
[11:06:45.580] [ARM-RX] [307] <2.57 -70.00 9.29> result: 91.25 100.27 -68.72 -1.28 78.99 0.00
[11:06:45.580] [ARM-RX] [308] <2.52 -70.00 9.32> result: 91.23 100.26 -68.71 -1.25 78.98 0.00
[11:06:45.580] [ARM-RX] [309] <2.46 -70.00 9.35> result: 91.20 100.24 -68.71 -1.22 78.96 0.00
[11:06:45.581] [ARM-RX] [310] <2.41 -70.00 9.38> result: 91.17 100
[11:06:45.604] [ARM-RX] .23 -68.71 -1.20 78.94 0.00
[11:06:45.604] [ARM-RX] [311] <2.35 -70.00 9.41> result: 91.15 100.22 -68.71 -1.17 78.93 0.00
[11:06:45.604] [ARM-RX] [312] <2.30 -70.00 9.44> result: 91.12 100.20 -68.71 -1.14 78.91 0.00
[11:06:45.604] [ARM-RX] [313] <2.24 -70.00 9.47> result: 91.09 100.19 -68.71 -1.11 78.90 0.00
[11:06:45.604] [ARM-RX] [314] <2.19 -7
[11:06:45.627] [ARM-RX] 0.00 9.50> result: 91.06 100.18 -68.71 -1.08 78.89 0.00
[11:06:45.627] [ARM-RX] [315] <2.13 -70.00 9.52> result: 91.04 100.17 -68.70 -1.06 78.87 0.00
[11:06:45.627] [ARM-RX] [316] <2.07 -70.00 9.55> result: 91.01 100.15 -68.70 -1.03 78.86 0.00
[11:06:45.627] [ARM-RX] [317] <2.01 -70.00 9.58> result: 90.98 100.14 -68.70 -1.0
[11:06:45.649] [ARM-RX] 0 78.85 0.00
[11:06:45.650] [ARM-RX] [318] <1.96 -70.00 9.60> result: 90.95 100.13 -68.70 -0.97 78.83 0.00
[11:06:45.650] [ARM-RX] [319] <1.90 -70.00 9.63> result: 90.92 100.12 -68.70 -0.94 78.82 0.00
[11:06:45.650] [ARM-RX] [320] <1.84 -70.00 9.65> result: 90.90 100.11 -68.70 -0.91 78.81 0.00
[11:06:45.650] [ARM-RX] [321] <1.78 -70.00 9.67> resu
[11:06:45.674] [ARM-RX] lt: 90.87 100.10 -68.70 -0.88 78.80 0.00
[11:06:45.674] [ARM-RX] [322] <1.72 -70.00 9.69> result: 90.84 100.09 -68.70 -0.86 78.79 0.00
[11:06:45.675] [ARM-RX] [323] <1.66 -70.00 9.71> result: 90.81 100.08 -68.69 -0.83 78.78 0.00
[11:06:45.675] [ARM-RX] [324] <1.60 -70.00 9.74> result: 90.78 100.07 -68.69 -0.80 78.77 0.00
[11:06:45.675] [ARM-RX] [
[11:06:45.697] [ARM-RX] 325] <1.55 -70.00 9.76> result: 90.75 100.06 -68.69 -0.77 78.75 0.00
[11:06:45.698] [ARM-RX] [326] <1.49 -70.00 9.77> result: 90.72 100.05 -68.69 -0.74 78.75 0.00
[11:06:45.698] [ARM-RX] [327] <1.43 -70.00 9.79> result: 90.69 100.05 -68.69 -0.71 78.74 0.00
[11:06:45.698] [ARM-RX] [328] <1.36 -70.00 9.81> result: 90.66 100.0
[11:06:45.731] [ARM-RX] 4 -68.69 -0.68 78.73 0.00
[11:06:45.731] [ARM-RX] [329] <1.30 -70.00 9.83> result: 90.64 100.03 -68.69 -0.65 78.72 0.00
[11:06:45.731] [ARM-RX] [330] <1.24 -70.00 9.84> result: 90.61 100.02 -68.69 -0.62 78.71 0.00
[11:06:45.731] [ARM-RX] [331] <1.18 -70.00 9.86> result: 90.58 100.02 -68.69 -0.59 78.70 0.00
[11:06:45.732] [ARM-RX] [332] <1.12 -70.
[11:06:45.753] [ARM-RX] 00 9.87> result: 90.55 100.01 -68.69 -0.56 78.70 0.00
[11:06:45.754] [ARM-RX] [333] <1.06 -70.00 9.89> result: 90.52 100.00 -68.68 -0.53 78.69 0.00
[11:06:45.754] [ARM-RX] [334] <1.00 -70.00 9.90> result: 90.49 100.00 -68.68 -0.50 78.68 0.00
[11:06:45.754] [ARM-RX] [335] <0.94 -70.00 9.91> result: 90.46 99.99 -68.68 -0.47 7
[11:06:45.777] [ARM-RX] 8.68 0.00
[11:06:45.777] [ARM-RX] [336] <0.88 -70.00 9.92> result: 90.43 99.99 -68.68 -0.43 78.67 0.00
[11:06:45.778] [ARM-RX] [337] <0.81 -70.00 9.93> result: 90.40 99.98 -68.68 -0.40 78.66 0.00
[11:06:45.778] [ARM-RX] [338] <0.75 -70.00 9.94> result: 90.37 99.98 -68.68 -0.37 78.66 0.00
[11:06:45.778] [ARM-RX] [339] <0.69 -70.00 9.95> result: 90
[11:06:45.801] [ARM-RX] .34 99.97 -68.68 -0.34 78.66 0.00
[11:06:45.801] [ARM-RX] [340] <0.63 -70.00 9.96> result: 90.31 99.97 -68.68 -0.31 78.65 0.00
[11:06:45.801] [ARM-RX] [341] <0.56 -70.00 9.97> result: 90.27 99.97 -68.68 -0.28 78.65 0.00
[11:06:45.801] [ARM-RX] [342] <0.50 -70.00 9.97> result: 90.24 99.96 -68.68 -0.25 78.64 0.00
[11:06:45.802] [ARM-RX] [343] <0.44
[11:06:45.823] [ARM-RX] -70.00 9.98> result: 90.21 99.96 -68.68 -0.22 78.64 0.00
[11:06:45.823] [ARM-RX] [344] <0.38 -70.00 9.99> result: 90.18 99.96 -68.68 -0.19 78.64 0.00
[11:06:45.823] [ARM-RX] [345] <0.31 -70.00 9.99> result: 90.15 99.96 -68.68 -0.16 78.64 0.00
[11:06:45.823] [ARM-RX] [346] <0.25 -70.00 9.99> result: 90.12 99.95 -68.68 -0.12
[11:06:45.845] [ARM-RX] 78.63 0.00
[11:06:45.847] [ARM-RX] [347] <0.19 -70.00 10.00> result: 90.09 99.95 -68.68 -0.09 78.63 0.00
[11:06:45.847] [ARM-RX] [348] <0.13 -70.00 10.00> result: 90.06 99.95 -68.68 -0.06 78.63 0.00
[11:06:45.847] [ARM-RX] [349] <0.06 -70.00 10.00> result: 90.03 99.95 -68.68 -0.03 78.63 0.00
[11:06:45.847] [ARM-RX] [350] <-0.00 -70.00 10.00> res
[11:06:45.868] [ARM-RX] ult: 90.00 99.95 -68.68 0.00 78.63 0.00
[11:06:45.869] [ARM-RX] [351] <-0.06 -70.00 10.00> result: 89.97 99.95 -68.68 0.03 78.63 0.00
[11:06:45.869] [ARM-RX] [352] <-0.13 -70.00 10.00> result: 89.94 99.95 -68.68 0.06 78.63 0.00
[11:06:45.869] [ARM-RX] [353] <-0.19 -70.00 10.00> result: 89.91 99.95 -68.68 0.09 78.63 0.00
[11:06:45.869] [ARM-RX] [3
[11:06:45.904] [ARM-RX] 54] <-0.25 -70.00 9.99> result: 89.88 99.95 -68.68 0.12 78.63 0.00
[11:06:45.904] [ARM-RX] [355] <-0.31 -70.00 9.99> result: 89.85 99.96 -68.68 0.16 78.64 0.00
[11:06:45.904] [ARM-RX] [356] <-0.38 -70.00 9.99> result: 89.82 99.96 -68.68 0.19 78.64 0.00
[11:06:45.905] [ARM-RX] [357] <-0.44 -70.00 9.98> result: 89.79 99.96 -6
[11:06:45.927] [ARM-RX] 8.68 0.22 78.64 0.00
[11:06:45.927] [ARM-RX] [358] <-0.50 -70.00 9.97> result: 89.76 99.96 -68.68 0.25 78.64 0.00
[11:06:45.927] [ARM-RX] [359] <-0.56 -70.00 9.97> result: 89.73 99.97 -68.68 0.28 78.65 0.00
[11:06:45.927] [ARM-RX] [360] <-0.63 -70.00 9.96> result: 89.69 99.97 -68.68 0.31 78.65 0.00
[11:06:45.928] [ARM-RX] [361] <-0.69 -70.00 9.95
[11:06:45.949] [ARM-RX] > result: 89.66 99.97 -68.68 0.34 78.66 0.00
[11:06:45.950] [ARM-RX] [362] <-0.75 -70.00 9.94> result: 89.63 99.98 -68.68 0.37 78.66 0.00
[11:06:45.950] [ARM-RX] [363] <-0.81 -70.00 9.93> result: 89.60 99.98 -68.68 0.40 78.66 0.00
[11:06:45.950] [ARM-RX] [364] <-0.88 -70.00 9.92> result: 89.57 99.99 -68.68 0.43 78.67 0.00
[11:06:45.973] [ARM-RX] [365] <-0.94 -70.00 9.91> result: 89.54 99.99 -68.68 0.47 78.68 0.00
[11:06:45.973] [ARM-RX] [366] <-1.00 -70.00 9.90> result: 89.51 100.00 -68.68 0.50 78.68 0.00
[11:06:45.974] [ARM-RX] [367] <-1.06 -70.00 9.89> result: 89.48 100.00 -68.68 0.53 78.69 0.00
[11:06:45.974] [ARM-RX] [368] <-1.12 -70.00 9.87> result: 89.45 100.
[11:06:45.996] [ARM-RX] 01 -68.69 0.56 78.70 0.00
[11:06:45.996] [ARM-RX] [369] <-1.18 -70.00 9.86> result: 89.42 100.02 -68.69 0.59 78.70 0.00
[11:06:45.996] [ARM-RX] [370] <-1.24 -70.00 9.84> result: 89.39 100.02 -68.69 0.62 78.71 0.00
[11:06:45.996] [ARM-RX] [371] <-1.30 -70.00 9.83> result: 89.36 100.03 -68.69 0.65 78.72 0.00
[11:06:45.997] [ARM-RX] [372] <-1.36 -70
[11:06:46.020] [ARM-RX] .00 9.81> result: 89.34 100.04 -68.69 0.68 78.73 0.00
[11:06:46.020] [ARM-RX] [373] <-1.43 -70.00 9.79> result: 89.31 100.05 -68.69 0.71 78.74 0.00
[11:06:46.020] [ARM-RX] [374] <-1.49 -70.00 9.77> result: 89.28 100.05 -68.69 0.74 78.75 0.00
[11:06:46.020] [ARM-RX] [375] <-1.55 -70.00 9.76> result: 89.25 100.06 -68.69 0.77
[11:06:46.042] [ARM-RX] 78.75 0.00
[11:06:46.043] [ARM-RX] [376] <-1.60 -70.00 9.74> result: 89.22 100.07 -68.69 0.80 78.77 0.00
[11:06:46.043] [ARM-RX] [377] <-1.66 -70.00 9.71> result: 89.19 100.08 -68.69 0.83 78.78 0.00
[11:06:46.043] [ARM-RX] [378] <-1.72 -70.00 9.69> result: 89.16 100.09 -68.70 0.86 78.79 0.00
[11:06:46.043] [ARM-RX] [379] <-1.78 -70.00 9.67> resul
[11:06:46.066] [ARM-RX] t: 89.13 100.10 -68.70 0.88 78.80 0.00
[11:06:46.066] [ARM-RX] [380] <-1.84 -70.00 9.65> result: 89.10 100.11 -68.70 0.91 78.81 0.00
[11:06:46.067] [ARM-RX] [381] <-1.90 -70.00 9.63> result: 89.08 100.12 -68.70 0.94 78.82 0.00
[11:06:46.067] [ARM-RX] [382] <-1.96 -70.00 9.60> result: 89.05 100.13 -68.70 0.97 78.83 0.00
[11:06:46.067] [ARM-RX] [38
[11:06:46.100] [ARM-RX] 3] <-2.01 -70.00 9.58> result: 89.02 100.14 -68.70 1.00 78.85 0.00
[11:06:46.101] [ARM-RX] [384] <-2.07 -70.00 9.55> result: 88.99 100.15 -68.70 1.03 78.86 0.00
[11:06:46.101] [ARM-RX] [385] <-2.13 -70.00 9.52> result: 88.96 100.17 -68.70 1.06 78.87 0.00
[11:06:46.101] [ARM-RX] [386] <-2.19 -70.00 9.50> result: 88.94 100.18
[11:06:46.124] [ARM-RX] -68.71 1.08 78.89 0.00
[11:06:46.124] [ARM-RX] [387] <-2.24 -70.00 9.47> result: 88.91 100.19 -68.71 1.11 78.90 0.00
[11:06:46.124] [ARM-RX] [388] <-2.30 -70.00 9.44> result: 88.88 100.20 -68.71 1.14 78.91 0.00
[11:06:46.124] [ARM-RX] [389] <-2.35 -70.00 9.41> result: 88.85 100.22 -68.71 1.17 78.93 0.00
[11:06:46.125] [ARM-RX] [390] <-2.41 -70.0
[11:06:46.150] [ARM-RX] 0 9.38> result: 88.83 100.23 -68.71 1.20 78.94 0.00
[11:06:46.150] [ARM-RX] [391] <-2.46 -70.00 9.35> result: 88.80 100.24 -68.71 1.22 78.96 0.00
[11:06:46.150] [ARM-RX] [392] <-2.52 -70.00 9.32> result: 88.77 100.26 -68.71 1.25 78.98 0.00
[11:06:46.151] [ARM-RX] [393] <-2.57 -70.00 9.29> result: 88.75 100.27 -68.72 1.28 78
[11:06:46.170] [ARM-RX] .99 0.00
[11:06:46.170] [ARM-RX] [394] <-2.63 -70.00 9.25> result: 88.72 100.29 -68.72 1.30 79.01 0.00
[11:06:46.171] [ARM-RX] [395] <-2.68 -70.00 9.22> result: 88.70 100.30 -68.72 1.33 79.03 0.00
[11:06:46.171] [ARM-RX] [396] <-2.73 -70.00 9.19> result: 88.67 100.32 -68.72 1.36 79.04 0.00
[11:06:46.171] [ARM-RX] [397] <-2.78 -70.00 9.15> result:
[11:06:46.196] [ARM-RX] 88.64 100.33 -68.72 1.38 79.06 0.00
[11:06:46.196] [ARM-RX] [398] <-2.84 -70.00 9.12> result: 88.62 100.35 -68.73 1.41 79.08 0.00
[11:06:46.196] [ARM-RX] [399] <-2.89 -70.00 9.08> result: 88.59 100.37 -68.73 1.43 79.10 0.00
[11:06:46.197] [ARM-RX] [400] <-2.94 -70.00 9.05> result: 88.57 100.38 -68.73 1.46 79.11 0.00
[11:06:46.197] [ARM-RX] [401]
[11:06:46.216] [ARM-RX] <-2.99 -70.00 9.01> result: 88.54 100.40 -68.73 1.48 79.13 0.00
[11:06:46.217] [ARM-RX] [402] <-3.04 -70.00 8.97> result: 88.52 100.42 -68.73 1.51 79.15 0.00
[11:06:46.217] [ARM-RX] [403] <-3.09 -70.00 8.93> result: 88.50 100.43 -68.74 1.53 79.17 0.00
[11:06:46.217] [ARM-RX] [404] <-3.14 -70.00 8.89> result: 88.47 100.45 -
[11:06:46.240] [ARM-RX] 68.74 1.56 79.19 0.00
[11:06:46.240] [ARM-RX] [405] <-3.19 -70.00 8.85> result: 88.45 100.47 -68.74 1.58 79.21 0.00
[11:06:46.240] [ARM-RX] [406] <-3.24 -70.00 8.81> result: 88.42 100.49 -68.74 1.60 79.23 0.00
[11:06:46.240] [ARM-RX] [407] <-3.28 -70.00 8.77> result: 88.40 100.51 -68.74 1.63 79.25 0.00
[11:06:46.241] [ARM-RX] [408] <-3.33 -70.00
[11:06:46.273] [ARM-RX] 8.73> result: 88.38 100.52 -68.75 1.65 79.27 0.00
[11:06:46.274] [ARM-RX] [409] <-3.38 -70.00 8.69> result: 88.36 100.54 -68.75 1.67 79.30 0.00
[11:06:46.274] [ARM-RX] [410] <-3.42 -70.00 8.64> result: 88.33 100.56 -68.75 1.70 79.32 0.00
[11:06:46.274] [ARM-RX] [411] <-3.47 -70.00 8.60> result: 88.31 100.58 -68.75 1.72 79.3
[11:06:46.297] [ARM-RX] 4 0.00
[11:06:46.298] [ARM-RX] [412] <-3.51 -70.00 8.56> result: 88.29 100.60 -68.76 1.74 79.36 0.00
[11:06:46.298] [ARM-RX] [413] <-3.56 -70.00 8.51> result: 88.27 100.62 -68.76 1.76 79.38 0.00
[11:06:46.298] [ARM-RX] [414] <-3.60 -70.00 8.47> result: 88.25 100.64 -68.76 1.78 79.41 0.00
[11:06:46.298] [ARM-RX] [415] <-3.64 -70.00 8.42> result: 8
[11:06:46.320] [ARM-RX] 8.23 100.66 -68.76 1.81 79.43 0.00
[11:06:46.321] [ARM-RX] [416] <-3.69 -70.00 8.38> result: 88.20 100.68 -68.76 1.83 79.45 0.00
[11:06:46.321] [ARM-RX] [417] <-3.73 -70.00 8.33> result: 88.18 100.70 -68.77 1.85 79.48 0.00
[11:06:46.321] [ARM-RX] [418] <-3.77 -70.00 8.28> result: 88.16 100.73 -68.77 1.87 79.50 0.00
[11:06:46.321] [ARM-RX] [419] <
[11:06:46.344] [ARM-RX] -3.81 -70.00 8.24> result: 88.14 100.75 -68.77 1.89 79.52 0.00
[11:06:46.344] [ARM-RX] [420] <-3.85 -70.00 8.19> result: 88.12 100.77 -68.77 1.91 79.55 0.00
[11:06:46.344] [ARM-RX] [421] <-3.89 -70.00 8.14> result: 88.10 100.79 -68.78 1.93 79.57 0.00
[11:06:46.345] [ARM-RX] [422] <-3.93 -70.00 8.09> result: 88.09 100.81 -68
[11:06:46.367] [ARM-RX] .78 1.95 79.60 0.00
[11:06:46.367] [ARM-RX] [423] <-3.97 -70.00 8.04> result: 88.07 100.83 -68.78 1.97 79.62 0.00
[11:06:46.367] [ARM-RX] [424] <-4.01 -70.00 7.99> result: 88.05 100.86 -68.79 1.98 79.65 0.00
[11:06:46.367] [ARM-RX] [425] <-4.05 -70.00 7.94> result: 88.03 100.88 -68.79 2.00 79.67 0.00
[11:06:46.367] [ARM-RX] [426] <-4.08 -70.00 7.
[11:06:46.389] [ARM-RX] 89> result: 88.01 100.90 -68.79 2.02 79.70 0.00
[11:06:46.390] [ARM-RX] [427] <-4.12 -70.00 7.84> result: 88.00 100.93 -68.79 2.04 79.73 0.00
[11:06:46.390] [ARM-RX] [428] <-4.15 -70.00 7.78> result: 87.98 100.95 -68.80 2.05 79.75 0.00
[11:06:46.390] [ARM-RX] [429] <-4.19 -70.00 7.73> result: 87.96 100.97 -68.80 2.07 79.78
[11:06:46.412] [ARM-RX] 0.00
[11:06:46.413] [ARM-RX] [430] <-4.22 -70.00 7.68> result: 87.94 101.00 -68.80 2.09 79.81 0.00
[11:06:46.413] [ARM-RX] [431] <-4.25 -70.00 7.63> result: 87.93 101.02 -68.80 2.10 79.83 0.00
[11:06:46.414] [ARM-RX] [432] <-4.29 -70.00 7.57> result: 87.91 101.05 -68.81 2.12 79.86 0.00
[11:06:46.414] [ARM-RX] [433] <-4.32 -70.00 7.52> result: 87.
[11:06:46.437] [ARM-RX] 90 101.07 -68.81 2.14 79.89 0.00
[11:06:46.437] [ARM-RX] [434] <-4.35 -70.00 7.46> result: 87.88 101.09 -68.81 2.15 79.91 0.00
[11:06:46.437] [ARM-RX] [435] <-4.38 -70.00 7.41> result: 87.87 101.12 -68.82 2.17 79.94 0.00
[11:06:46.438] [ARM-RX] [436] <-4.41 -70.00 7.35> result: 87.85 101.14 -68.82 2.18 79.97 0.00
[11:06:46.438] [ARM-RX] [437] <-4
[11:06:46.470] [ARM-RX] .44 -70.00 7.30> result: 87.84 101.17 -68.82 2.20 80.00 0.00
[11:06:46.472] [ARM-RX] [438] <-4.47 -70.00 7.24> result: 87.82 101.19 -68.82 2.21 80.03 0.00
[11:06:46.472] [ARM-RX] [439] <-4.50 -70.00 7.19> result: 87.81 101.22 -68.83 2.22 80.06 0.00
[11:06:46.472] [ARM-RX] [440] <-4.52 -70.00 7.13> result: 87.80 101.25 -68.8
[11:06:46.495] [ARM-RX] 3 2.24 80.08 0.00
[11:06:46.495] [ARM-RX] [441] <-4.55 -70.00 7.07> result: 87.78 101.27 -68.83 2.25 80.11 0.00
[11:06:46.495] [ARM-RX] [442] <-4.58 -70.00 7.01> result: 87.77 101.30 -68.84 2.26 80.14 0.00
[11:06:46.496] [ARM-RX] [443] <-4.60 -70.00 6.96> result: 87.76 101.32 -68.84 2.27 80.17 0.00
[11:06:46.496] [ARM-RX] [444] <-4.63 -70.00 6.90
[11:06:46.518] [ARM-RX] > result: 87.75 101.35 -68.84 2.29 80.20 0.00
[11:06:46.518] [ARM-RX] [445] <-4.65 -70.00 6.84> result: 87.74 101.38 -68.85 2.30 80.23 0.00
[11:06:46.519] [ARM-RX] [446] <-4.67 -70.00 6.78> result: 87.73 101.40 -68.85 2.31 80.26 0.00
[11:06:46.519] [ARM-RX] [447] <-4.69 -70.00 6.72> result: 87.71 101.43 -68.85 2.32 80.29 0.
[11:06:46.542] [ARM-RX] 00
[11:06:46.542] [ARM-RX] [448] <-4.71 -70.00 6.66> result: 87.70 101.46 -68.86 2.33 80.32 0.00
[11:06:46.543] [ARM-RX] [449] <-4.74 -70.00 6.60> result: 87.69 101.48 -68.86 2.34 80.35 0.00
[11:06:46.543] [ARM-RX] [450] <-4.76 -70.00 6.55> result: 87.69 101.51 -68.86 2.35 80.38 0.00
[11:06:46.543] [ARM-RX] [451] <-4.77 -70.00 6.49> result: 87.68
[11:06:46.563] [ARM-RX] 101.54 -68.86 2.36 80.41 0.00
[11:06:46.564] [ARM-RX] [452] <-4.79 -70.00 6.43> result: 87.67 101.56 -68.87 2.37 80.44 0.00
[11:06:46.564] [ARM-RX] [453] <-4.81 -70.00 6.36> result: 87.66 101.59 -68.87 2.37 80.47 0.00
[11:06:46.564] [ARM-RX] [454] <-4.83 -70.00 6.30> result: 87.65 101.62 -68.87 2.38 80.50 0.00
[11:06:46.564] [ARM-RX] [455] <-4.8
[11:06:46.586] [ARM-RX] 4 -70.00 6.24> result: 87.64 101.65 -68.88 2.39 80.53 0.00
[11:06:46.587] [ARM-RX] [456] <-4.86 -70.00 6.18> result: 87.64 101.67 -68.88 2.40 80.56 0.00
[11:06:46.587] [ARM-RX] [457] <-4.87 -70.00 6.12> result: 87.63 101.70 -68.88 2.40 80.59 0.00
[11:06:46.587] [ARM-RX] [458] <-4.89 -70.00 6.06> result: 87.62 101.73 -68.89
[11:06:46.609] [ARM-RX] 2.41 80.62 0.00
[11:06:46.610] [ARM-RX] [459] <-4.90 -70.00 6.00> result: 87.62 101.76 -68.89 2.42 80.65 0.00
[11:06:46.610] [ARM-RX] [460] <-4.91 -70.00 5.94> result: 87.61 101.78 -68.89 2.42 80.69 0.00
[11:06:46.610] [ARM-RX] [461] <-4.92 -70.00 5.88> result: 87.60 101.81 -68.90 2.43 80.72 0.00
[11:06:46.610] [ARM-RX] [462] <-4.93 -70.00 5.81>
[11:06:46.646] [ARM-RX] result: 87.60 101.84 -68.90 2.43 80.75 0.00
[11:06:46.646] [ARM-RX] [463] <-4.94 -70.00 5.75> result: 87.59 101.87 -68.90 2.44 80.78 0.00
[11:06:46.646] [ARM-RX] [464] <-4.95 -70.00 5.69> result: 87.59 101.90 -68.91 2.44 80.81 0.00
[11:06:46.646] [ARM-RX] [465] <-4.96 -70.00 5.63> result: 87.59 101.92 -68.91 2.45 80.84 0.00
[11:06:46.667] [ARM-RX] [466] <-4.97 -70.00 5.56> result: 87.58 101.95 -68.91 2.45 80.87 0.00
[11:06:46.667] [ARM-RX] [467] <-4.97 -70.00 5.50> result: 87.58 101.98 -68.92 2.45 80.91 0.00
[11:06:46.669] [ARM-RX] [468] <-4.98 -70.00 5.44> result: 87.58 102.01 -68.92 2.46 80.94 0.00
[11:06:46.669] [ARM-RX] [469] <-4.99 -70.00 5.38> result: 87.57 1
[11:06:46.691] [ARM-RX] 02.04 -68.92 2.46 80.97 0.00
[11:06:46.691] [ARM-RX] [470] <-4.99 -70.00 5.31> result: 87.57 102.07 -68.93 2.46 81.00 0.00
[11:06:46.691] [ARM-RX] [471] <-4.99 -70.00 5.25> result: 87.57 102.09 -68.93 2.46 81.03 0.00
[11:06:46.692] [ARM-RX] [472] <-5.00 -70.00 5.19> result: 87.57 102.12 -68.93 2.46 81.06 0.00
[11:06:46.692] [ARM-RX] [473] <-5.00
[11:06:46.714] [ARM-RX] -70.00 5.13> result: 87.57 102.15 -68.94 2.46 81.10 0.00
[11:06:46.714] [ARM-RX] [474] <-5.00 -70.00 5.06> result: 87.57 102.18 -68.94 2.46 81.13 0.00
[11:06:46.715] [ARM-RX] [475] <-5.00 -70.00 5.00> result: 87.57 102.21 -68.94 2.46 81.16 0.00
[11:06:46.715] [ARM-RX] [476] <-5.00 -70.00 4.94> result: 87.57 102.24 -68.95 2.
[11:06:46.738] [ARM-RX] 46 81.19 0.00
[11:06:46.739] [ARM-RX] [477] <-5.00 -70.00 4.87> result: 87.57 102.26 -68.95 2.46 81.22 0.00
[11:06:46.739] [ARM-RX] [478] <-5.00 -70.00 4.81> result: 87.57 102.29 -68.95 2.46 81.25 0.00
[11:06:46.739] [ARM-RX] [479] <-4.99 -70.00 4.75> result: 87.57 102.32 -68.96 2.46 81.29 0.00
[11:06:46.739] [ARM-RX] [480] <-4.99 -70.00 4.69> re
[11:06:46.760] [ARM-RX] sult: 87.57 102.35 -68.96 2.46 81.32 0.00
[11:06:46.761] [ARM-RX] [481] <-4.99 -70.00 4.62> result: 87.57 102.38 -68.96 2.45 81.35 0.00
[11:06:46.761] [ARM-RX] [482] <-4.98 -70.00 4.56> result: 87.58 102.41 -68.97 2.45 81.38 0.00
[11:06:46.761] [ARM-RX] [483] <-4.97 -70.00 4.50> result: 87.58 102.44 -68.97 2.45 81.41 0.00
[11:06:46.783] [ARM-RX] [484] <-4.97 -70.00 4.44> result: 87.58 102.46 -68.97 2.45 81.44 0.00
[11:06:46.785] [ARM-RX] [485] <-4.96 -70.00 4.37> result: 87.59 102.49 -68.98 2.44 81.48 0.00
[11:06:46.785] [ARM-RX] [486] <-4.95 -70.00 4.31> result: 87.59 102.52 -68.98 2.44 81.51 0.00
[11:06:46.785] [ARM-RX] [487] <-4.94 -70.00 4.25> result: 87.59 102
[11:06:46.807] [ARM-RX] .55 -68.98 2.43 81.54 0.00
[11:06:46.807] [ARM-RX] [488] <-4.93 -70.00 4.19> result: 87.60 102.58 -68.99 2.43 81.57 0.00
[11:06:46.807] [ARM-RX] [489] <-4.92 -70.00 4.12> result: 87.60 102.60 -68.99 2.42 81.60 0.00
[11:06:46.808] [ARM-RX] [490] <-4.91 -70.00 4.06> result: 87.61 102.63 -68.99 2.42 81.63 0.00
[11:06:46.808] [ARM-RX] [491] <-4.90 -7
[11:06:46.842] [ARM-RX] 0.00 4.00> result: 87.62 102.66 -69.00 2.41 81.66 0.00
[11:06:46.842] [ARM-RX] [492] <-4.89 -70.00 3.94> result: 87.62 102.69 -69.00 2.40 81.69 0.00
[11:06:46.842] [ARM-RX] [493] <-4.87 -70.00 3.88> result: 87.63 102.72 -69.00 2.40 81.73 0.00
[11:06:46.842] [ARM-RX] [494] <-4.86 -70.00 3.82> result: 87.64 102.74 -69.01 2.39
[11:06:46.864] [ARM-RX] 81.76 0.00
[11:06:46.865] [ARM-RX] [495] <-4.84 -70.00 3.76> result: 87.64 102.77 -69.01 2.38 81.79 0.00
[11:06:46.865] [ARM-RX] [496] <-4.83 -70.00 3.70> result: 87.65 102.80 -69.01 2.37 81.82 0.00
[11:06:46.865] [ARM-RX] [497] <-4.81 -70.00 3.64> result: 87.66 102.83 -69.02 2.37 81.85 0.00
[11:06:46.865] [ARM-RX] [498] <-4.79 -70.00 3.57> resu
[11:06:46.888] [ARM-RX] lt: 87.67 102.85 -69.02 2.36 81.88 0.00
[11:06:46.888] [ARM-RX] [499] <-4.77 -70.00 3.51> result: 87.68 102.88 -69.02 2.35 81.91 0.00
[11:06:46.888] [ARM-RX] [500] <-4.76 -70.00 3.45> result: 87.69 102.91 -69.03 2.34 81.94 0.00
[11:06:46.889] [ARM-RX] [501] <-4.74 -70.00 3.40> result: 87.69 102.94 -69.03 2.33 81.97 0.00
[11:06:46.889] [ARM-RX] [5
[11:06:46.911] [ARM-RX] 02] <-4.71 -70.00 3.34> result: 87.70 102.96 -69.03 2.32 82.00 0.00
[11:06:46.911] [ARM-RX] [503] <-4.69 -70.00 3.28> result: 87.71 102.99 -69.03 2.31 82.03 0.00
[11:06:46.911] [ARM-RX] [504] <-4.67 -70.00 3.22> result: 87.73 103.02 -69.04 2.30 82.06 0.00
[11:06:46.912] [ARM-RX] [505] <-4.65 -70.00 3.16> result: 87.74 103.0
[11:06:46.934] [ARM-RX] 4 -69.04 2.28 82.09 0.00
[11:06:46.934] [ARM-RX] [506] <-4.63 -70.00 3.10> result: 87.75 103.07 -69.04 2.27 82.12 0.00
[11:06:46.934] [ARM-RX] [507] <-4.60 -70.00 3.04> result: 87.76 103.10 -69.05 2.26 82.15 0.00
[11:06:46.934] [ARM-RX] [508] <-4.58 -70.00 2.99> result: 87.77 103.12 -69.05 2.25 82.18 0.00
[11:06:46.934] [ARM-RX] [509] <-4.55 -70.
[11:06:46.958] [ARM-RX] 00 2.93> result: 87.78 103.15 -69.05 2.24 82.21 0.00
[11:06:46.958] [ARM-RX] [510] <-4.52 -70.00 2.87> result: 87.80 103.17 -69.06 2.22 82.24 0.00
[11:06:46.959] [ARM-RX] [511] <-4.50 -70.00 2.81> result: 87.81 103.20 -69.06 2.21 82.26 0.00
[11:06:46.959] [ARM-RX] [512] <-4.47 -70.00 2.76> result: 87.82 103.22 -69.06 2.20 8
[11:06:46.981] [ARM-RX] 2.29 0.00
[11:06:46.981] [ARM-RX] [513] <-4.44 -70.00 2.70> result: 87.84 103.25 -69.07 2.18 82.32 0.00
[11:06:46.982] [ARM-RX] [514] <-4.41 -70.00 2.65> result: 87.85 103.28 -69.07 2.17 82.35 0.00
[11:06:46.982] [ARM-RX] [515] <-4.38 -70.00 2.59> result: 87.87 103.30 -69.07 2.15 82.38 0.00
[11:06:46.982] [ARM-RX] [516] <-4.35 -70.00 2.54> result
[11:06:47.017] [ARM-RX] : 87.88 103.33 -69.07 2.14 82.40 0.00
[11:06:47.018] [ARM-RX] [517] <-4.32 -70.00 2.48> result: 87.90 103.35 -69.08 2.12 82.43 0.00
[11:06:47.022] [ARM-RX] [518] <-4.29 -70.00 2.43> result: 87.91 103.37 -69.08 2.11 82.46 0.00
[11:06:47.022] [ARM-RX] [519] <-4.25 -70.00 2.37> result: 87.93 103.40 -69.08 2.09 82.49 0.00
[11:06:47.023] [ARM-RX] [520
[11:06:47.039] [ARM-RX] ] <-4.22 -70.00 2.32> result: 87.94 103.42 -69.09 2.07 82.51 0.00
[11:06:47.039] [ARM-RX] [521] <-4.19 -70.00 2.27> result: 87.96 103.45 -69.09 2.06 82.54 0.00
[11:06:47.039] [ARM-RX] [522] <-4.15 -70.00 2.22> result: 87.98 103.47 -69.09 2.04 82.57 0.00
[11:06:47.039] [ARM-RX] [523] <-4.12 -70.00 2.16> result: 88.00 103.49
[11:06:47.062] [ARM-RX] -69.09 2.02 82.59 0.00
[11:06:47.063] [ARM-RX] [524] <-4.08 -70.00 2.11> result: 88.01 103.52 -69.10 2.00 82.62 0.00
[11:06:47.063] [ARM-RX] [525] <-4.05 -70.00 2.06> result: 88.03 103.54 -69.10 1.99 82.65 0.00
[11:06:47.063] [ARM-RX] [526] <-4.01 -70.00 2.01> result: 88.05 103.56 -69.10 1.97 82.67 0.00
[11:06:47.063] [ARM-RX] [527] <-3.97 -70.00
[11:06:47.085] [ARM-RX] 1.96> result: 88.07 103.59 -69.10 1.95 82.70 0.00
[11:06:47.085] [ARM-RX] [528] <-3.93 -70.00 1.91> result: 88.09 103.61 -69.11 1.93 82.72 0.00
[11:06:47.085] [ARM-RX] [529] <-3.89 -70.00 1.86> result: 88.10 103.63 -69.11 1.91 82.75 0.00
[11:06:47.085] [ARM-RX] [530] <-3.85 -70.00 1.81> result: 88.12 103.65 -69.11 1.89 82.
[11:06:47.108] [ARM-RX] 77 0.00
[11:06:47.108] [ARM-RX] [531] <-3.81 -70.00 1.76> result: 88.14 103.68 -69.12 1.87 82.80 0.00
[11:06:47.109] [ARM-RX] [532] <-3.77 -70.00 1.72> result: 88.16 103.70 -69.12 1.85 82.82 0.00
[11:06:47.109] [ARM-RX] [533] <-3.73 -70.00 1.67> result: 88.18 103.72 -69.12 1.83 82.84 0.00
[11:06:47.109] [ARM-RX] [534] <-3.69 -70.00 1.62> result:
[11:06:47.131] [ARM-RX] 88.20 103.74 -69.12 1.81 82.87 0.00
[11:06:47.131] [ARM-RX] [535] <-3.64 -70.00 1.58> result: 88.23 103.76 -69.13 1.79 82.89 0.00
[11:06:47.132] [ARM-RX] [536] <-3.60 -70.00 1.53> result: 88.25 103.78 -69.13 1.77 82.91 0.00
[11:06:47.132] [ARM-RX] [537] <-3.56 -70.00 1.49> result: 88.27 103.80 -69.13 1.75 82.94 0.00
[11:06:47.132] [ARM-RX] [538]
[11:06:47.154] [ARM-RX] <-3.51 -70.00 1.44> result: 88.29 103.82 -69.13 1.72 82.96 0.00
[11:06:47.154] [ARM-RX] [539] <-3.47 -70.00 1.40> result: 88.31 103.84 -69.13 1.70 82.98 0.00
[11:06:47.155] [ARM-RX] [540] <-3.42 -70.00 1.36> result: 88.33 103.86 -69.14 1.68 83.00 0.00
[11:06:47.155] [ARM-RX] [541] <-3.38 -70.00 1.31> result: 88.36 103.88 -6
[11:06:47.178] [ARM-RX] 9.14 1.66 83.02 0.00
[11:06:47.179] [ARM-RX] [542] <-3.33 -70.00 1.27> result: 88.38 103.90 -69.14 1.63 83.05 0.00
[11:06:47.179] [ARM-RX] [543] <-3.28 -70.00 1.23> result: 88.40 103.92 -69.14 1.61 83.07 0.00
[11:06:47.179] [ARM-RX] [544] <-3.24 -70.00 1.19> result: 88.42 103.94 -69.15 1.59 83.09 0.00
[11:06:47.179] [ARM-RX] [545] <-3.19 -70.00 1
[11:06:47.214] [ARM-RX] .15> result: 88.45 103.96 -69.15 1.56 83.11 0.00
[11:06:47.215] [ARM-RX] [546] <-3.14 -70.00 1.11> result: 88.47 103.98 -69.15 1.54 83.13 0.00
[11:06:47.215] [ARM-RX] [547] <-3.09 -70.00 1.07> result: 88.50 103.99 -69.15 1.52 83.15 0.00
[11:06:47.215] [ARM-RX] [548] <-3.04 -70.00 1.03> result: 88.52 104.01 -69.15 1.49 83.17
[11:06:47.235] [ARM-RX] 0.00
[11:06:47.235] [ARM-RX] [549] <-2.99 -70.00 0.99> result: 88.54 104.03 -69.16 1.47 83.19 0.00
[11:06:47.235] [ARM-RX] [550] <-2.94 -70.00 0.95> result: 88.57 104.04 -69.16 1.44 83.21 0.00
[11:06:47.235] [ARM-RX] [551] <-2.89 -70.00 0.92> result: 88.59 104.06 -69.16 1.42 83.22 0.00
[11:06:47.236] [ARM-RX] [552] <-2.84 -70.00 0.88> result: 88
[11:06:47.259] [ARM-RX] .62 104.08 -69.16 1.39 83.24 0.00
[11:06:47.259] [ARM-RX] [553] <-2.78 -70.00 0.85> result: 88.64 104.09 -69.16 1.37 83.26 0.00
[11:06:47.259] [ARM-RX] [554] <-2.73 -70.00 0.81> result: 88.67 104.11 -69.17 1.34 83.28 0.00
[11:06:47.259] [ARM-RX] [555] <-2.68 -70.00 0.78> result: 88.70 104.13 -69.17 1.31 83.29 0.00
[11:06:47.260] [ARM-RX] [556] <-
[11:06:47.282] [ARM-RX] 2.63 -70.00 0.75> result: 88.72 104.14 -69.17 1.29 83.31 0.00
[11:06:47.282] [ARM-RX] [557] <-2.57 -70.00 0.71> result: 88.75 104.16 -69.17 1.26 83.33 0.00
[11:06:47.282] [ARM-RX] [558] <-2.52 -70.00 0.68> result: 88.77 104.17 -69.17 1.23 83.34 0.00
[11:06:47.283] [ARM-RX] [559] <-2.46 -70.00 0.65> result: 88.80 104.18 -69.
[11:06:47.305] [ARM-RX] 17 1.21 83.36 0.00
[11:06:47.305] [ARM-RX] [560] <-2.41 -70.00 0.62> result: 88.83 104.20 -69.18 1.18 83.38 0.00
[11:06:47.306] [ARM-RX] [561] <-2.35 -70.00 0.59> result: 88.85 104.21 -69.18 1.15 83.39 0.00
[11:06:47.306] [ARM-RX] [562] <-2.30 -70.00 0.56> result: 88.88 104.23 -69.18 1.13 83.41 0.00
[11:06:47.306] [ARM-RX] [563] <-2.24 -70.00 0.5
[11:06:47.327] [ARM-RX] 3> result: 88.91 104.24 -69.18 1.10 83.42 0.00
[11:06:47.328] [ARM-RX] [564] <-2.19 -70.00 0.50> result: 88.94 104.25 -69.18 1.07 83.43 0.00
[11:06:47.328] [ARM-RX] [565] <-2.13 -70.00 0.48> result: 88.96 104.26 -69.18 1.04 83.45 0.00
[11:06:47.328] [ARM-RX] [566] <-2.07 -70.00 0.45> result: 88.99 104.28 -69.19 1.02 83.46 0
[11:06:47.353] [ARM-RX] .00
[11:06:47.353] [ARM-RX] [567] <-2.01 -70.00 0.42> result: 89.02 104.29 -69.19 0.99 83.47 0.00
[11:06:47.353] [ARM-RX] [568] <-1.96 -70.00 0.40> result: 89.05 104.30 -69.19 0.96 83.49 0.00
[11:06:47.354] [ARM-RX] [569] <-1.90 -70.00 0.37> result: 89.08 104.31 -69.19 0.93 83.50 0.00
[11:06:47.354] [ARM-RX] [570] <-1.84 -70.00 0.35> result: 89.1
[11:06:47.385] [ARM-RX] 0 104.32 -69.19 0.90 83.51 0.00
[11:06:47.386] [ARM-RX] [571] <-1.78 -70.00 0.33> result: 89.13 104.33 -69.19 0.87 83.52 0.00
[11:06:47.386] [ARM-RX] [572] <-1.72 -70.00 0.31> result: 89.16 104.34 -69.19 0.84 83.53 0.00
[11:06:47.386] [ARM-RX] [573] <-1.66 -70.00 0.29> result: 89.19 104.35 -69.19 0.82 83.54 0.00
[11:06:47.386] [ARM-RX] [574] <-1.
[11:06:47.409] [ARM-RX] 60 -70.00 0.26> result: 89.22 104.36 -69.20 0.79 83.56 0.00
[11:06:47.409] [ARM-RX] [575] <-1.55 -70.00 0.24> result: 89.25 104.37 -69.20 0.76 83.57 0.00
[11:06:47.409] [ARM-RX] [576] <-1.49 -70.00 0.23> result: 89.28 104.38 -69.20 0.73 83.58 0.00
[11:06:47.409] [ARM-RX] [577] <-1.43 -70.00 0.21> result: 89.31 104.39 -69.20
[11:06:47.431] [ARM-RX] 0.70 83.58 0.00
[11:06:47.432] [ARM-RX] [578] <-1.36 -70.00 0.19> result: 89.34 104.39 -69.20 0.67 83.59 0.00
[11:06:47.432] [ARM-RX] [579] <-1.30 -70.00 0.17> result: 89.36 104.40 -69.20 0.64 83.60 0.00
[11:06:47.432] [ARM-RX] [580] <-1.24 -70.00 0.16> result: 89.39 104.41 -69.20 0.61 83.61 0.00
[11:06:47.432] [ARM-RX] [581] <-1.18 -70.00 0.14>
[11:06:47.455] [ARM-RX] result: 89.42 104.42 -69.20 0.58 83.62 0.00
[11:06:47.455] [ARM-RX] [582] <-1.12 -70.00 0.13> result: 89.45 104.42 -69.20 0.55 83.62 0.00
[11:06:47.455] [ARM-RX] [583] <-1.06 -70.00 0.11> result: 89.48 104.43 -69.20 0.52 83.63 0.00
[11:06:47.455] [ARM-RX] [584] <-1.00 -70.00 0.10> result: 89.51 104.43 -69.20 0.49 83.64 0.0
[11:06:47.478] [ARM-RX] 0
[11:06:47.479] [ARM-RX] [585] <-0.94 -70.00 0.09> result: 89.54 104.44 -69.20 0.46 83.64 0.00
[11:06:47.479] [ARM-RX] [586] <-0.88 -70.00 0.08> result: 89.57 104.44 -69.21 0.43 83.65 0.00
[11:06:47.479] [ARM-RX] [587] <-0.81 -70.00 0.07> result: 89.60 104.45 -69.21 0.40 83.66 0.00
[11:06:47.479] [ARM-RX] [588] <-0.75 -70.00 0.06> result: 89.63
[11:06:47.501] [ARM-RX] 104.45 -69.21 0.37 83.66 0.00
[11:06:47.501] [ARM-RX] [589] <-0.69 -70.00 0.05> result: 89.66 104.46 -69.21 0.34 83.67 0.00
[11:06:47.501] [ARM-RX] [590] <-0.63 -70.00 0.04> result: 89.69 104.46 -69.21 0.31 83.67 0.00
[11:06:47.502] [ARM-RX] [591] <-0.56 -70.00 0.03> result: 89.73 104.47 -69.21 0.28 83.67 0.00
[11:06:47.502] [ARM-RX] [592] <-0.50
[11:06:47.524] [ARM-RX] -70.00 0.03> result: 89.76 104.47 -69.21 0.25 83.68 0.00
[11:06:47.524] [ARM-RX] [593] <-0.44 -70.00 0.02> result: 89.79 104.47 -69.21 0.22 83.68 0.00
[11:06:47.524] [ARM-RX] [594] <-0.38 -70.00 0.01> result: 89.82 104.47 -69.21 0.18 83.68 0.00
[11:06:47.525] [ARM-RX] [595] <-0.31 -70.00 0.01> result: 89.85 104.48 -69.21 0
[11:06:47.548] [ARM-RX] .15 83.68 0.00
[11:06:47.548] [ARM-RX] [596] <-0.25 -70.00 0.01> result: 89.88 104.48 -69.21 0.12 83.69 0.00
[11:06:47.548] [ARM-RX] [597] <-0.19 -70.00 0.00> result: 89.91 104.48 -69.21 0.09 83.69 0.00
[11:06:47.549] [ARM-RX] [598] <-0.13 -70.00 0.00> result: 89.94 104.48 -69.21 0.06 83.69 0.00
[11:06:47.549] [ARM-RX] [599] <-0.06 -70.00 0.00> r
[11:06:47.582] [ARM-RX] esult: 89.97 104.48 -69.21 0.03 83.69 0.00
[11:06:47.582] [ARM-RX] [600] <0.00 -70.00 0.00> result: 90.00 104.48 -69.21 0.00 83.69 0.00
[11:06:47.582] [ARM-RX] [601] <0.06 -70.00 0.00> result: 90.03 104.48 -69.21 -0.03 83.69 0.00
[11:06:47.582] [ARM-RX] [602] <0.13 -70.00 0.00> result: 90.06 104.48 -69.21 -0.06 83.69 0.00
[11:06:47.604] [ARM-RX] [603] <0.19 -70.00 0.00> result: 90.09 104.48 -69.21 -0.09 83.69 0.00
[11:06:47.605] [ARM-RX] [604] <0.25 -70.00 0.01> result: 90.12 104.48 -69.21 -0.12 83.69 0.00
[11:06:47.605] [ARM-RX] [605] <0.31 -70.00 0.01> result: 90.15 104.48 -69.21 -0.15 83.68 0.00
[11:06:47.605] [ARM-RX] [606] <0.38 -70.00 0.01> result: 90.18 104.
[11:06:47.628] [ARM-RX] 47 -69.21 -0.18 83.68 0.00
[11:06:47.628] [ARM-RX] [607] <0.44 -70.00 0.02> result: 90.21 104.47 -69.21 -0.22 83.68 0.00
[11:06:47.628] [ARM-RX] [608] <0.50 -70.00 0.03> result: 90.24 104.47 -69.21 -0.25 83.68 0.00
[11:06:47.628] [ARM-RX] [609] <0.56 -70.00 0.03> result: 90.27 104.47 -69.21 -0.28 83.67 0.00
[11:06:47.628] [ARM-RX] [610] <0.63 -70
[11:06:47.651] [ARM-RX] .00 0.04> result: 90.31 104.46 -69.21 -0.31 83.67 0.00
[11:06:47.651] [ARM-RX] [611] <0.69 -70.00 0.05> result: 90.34 104.46 -69.21 -0.34 83.67 0.00
[11:06:47.652] [ARM-RX] [612] <0.75 -70.00 0.06> result: 90.37 104.45 -69.21 -0.37 83.66 0.00
[11:06:47.652] [ARM-RX] [613] <0.81 -70.00 0.07> result: 90.40 104.45 -69.21 -0.40
[11:06:47.674] [ARM-RX] 83.66 0.00
[11:06:47.674] [ARM-RX] [614] <0.88 -70.00 0.08> result: 90.43 104.44 -69.21 -0.43 83.65 0.00
[11:06:47.674] [ARM-RX] [615] <0.94 -70.00 0.09> result: 90.46 104.44 -69.20 -0.46 83.64 0.00
[11:06:47.674] [ARM-RX] [616] <1.00 -70.00 0.10> result: 90.49 104.43 -69.20 -0.49 83.64 0.00
[11:06:47.675] [ARM-RX] [617] <1.06 -70.00 0.11> resul
[11:06:47.696] [ARM-RX] t: 90.52 104.43 -69.20 -0.52 83.63 0.00
[11:06:47.697] [ARM-RX] [618] <1.12 -70.00 0.13> result: 90.55 104.42 -69.20 -0.55 83.62 0.00
[11:06:47.697] [ARM-RX] [619] <1.18 -70.00 0.14> result: 90.58 104.42 -69.20 -0.58 83.62 0.00
[11:06:47.697] [ARM-RX] [620] <1.24 -70.00 0.16> result: 90.61 104.41 -69.20 -0.61 83.61 0.00
[11:06:47.697] [ARM-RX] [6
[11:06:47.720] [ARM-RX] 21] <1.30 -70.00 0.17> result: 90.64 104.40 -69.20 -0.64 83.60 0.00
[11:06:47.720] [ARM-RX] [622] <1.36 -70.00 0.19> result: 90.66 104.39 -69.20 -0.67 83.59 0.00
[11:06:47.720] [ARM-RX] [623] <1.43 -70.00 0.21> result: 90.69 104.39 -69.20 -0.70 83.58 0.00
[11:06:47.720] [ARM-RX] [624] <1.49 -70.00 0.23> result: 90.72 104.38
[11:06:47.754] [ARM-RX] -69.20 -0.73 83.58 0.00
[11:06:47.755] [ARM-RX] [625] <1.55 -70.00 0.24> result: 90.75 104.37 -69.20 -0.76 83.57 0.00
[11:06:47.755] [ARM-RX] [626] <1.60 -70.00 0.26> result: 90.78 104.36 -69.20 -0.79 83.56 0.00
[11:06:47.755] [ARM-RX] [627] <1.66 -70.00 0.29> result: 90.81 104.35 -69.19 -0.82 83.54 0.00
[11:06:47.755] [ARM-RX] [628] <1.72 -70.0
[11:06:47.780] [ARM-RX] 0 0.31> result: 90.84 104.34 -69.19 -0.84 83.53 0.00
[11:06:47.780] [ARM-RX] [629] <1.78 -70.00 0.33> result: 90.87 104.33 -69.19 -0.87 83.52 0.00
[11:06:47.780] [ARM-RX] [630] <1.84 -70.00 0.35> result: 90.90 104.32 -69.19 -0.90 83.51 0.00
[11:06:47.781] [ARM-RX] [631] <1.90 -70.00 0.37> result: 90.92 104.31 -69.19 -0.93 8
[11:06:47.800] [ARM-RX] 3.50 0.00
[11:06:47.801] [ARM-RX] [632] <1.96 -70.00 0.40> result: 90.95 104.30 -69.19 -0.96 83.49 0.00
[11:06:47.801] [ARM-RX] [633] <2.01 -70.00 0.42> result: 90.98 104.29 -69.19 -0.99 83.47 0.00
[11:06:47.801] [ARM-RX] [634] <2.07 -70.00 0.45> result: 91.01 104.28 -69.19 -1.02 83.46 0.00
[11:06:47.802] [ARM-RX] [635] <2.13 -70.00 0.48> result:
[11:06:47.824] [ARM-RX] 91.04 104.26 -69.18 -1.04 83.45 0.00
[11:06:47.824] [ARM-RX] [636] <2.19 -70.00 0.50> result: 91.06 104.25 -69.18 -1.07 83.43 0.00
[11:06:47.824] [ARM-RX] [637] <2.24 -70.00 0.53> result: 91.09 104.24 -69.18 -1.10 83.42 0.00
[11:06:47.825] [ARM-RX] [638] <2.30 -70.00 0.56> result: 91.12 104.23 -69.18 -1.13 83.41 0.00
[11:06:47.825] [ARM-RX] [639
[11:06:47.847] [ARM-RX] ] <2.35 -70.00 0.59> result: 91.15 104.21 -69.18 -1.15 83.39 0.00
[11:06:47.847] [ARM-RX] [640] <2.41 -70.00 0.62> result: 91.17 104.20 -69.18 -1.18 83.38 0.00
[11:06:47.848] [ARM-RX] [641] <2.46 -70.00 0.65> result: 91.20 104.18 -69.17 -1.21 83.36 0.00
[11:06:47.848] [ARM-RX] [642] <2.52 -70.00 0.68> result: 91.23 104.17 -
[11:06:47.870] [ARM-RX] 69.17 -1.23 83.34 0.00
[11:06:47.870] [ARM-RX] [643] <2.57 -70.00 0.71> result: 91.25 104.16 -69.17 -1.26 83.33 0.00
[11:06:47.870] [ARM-RX] [644] <2.63 -70.00 0.75> result: 91.28 104.14 -69.17 -1.29 83.31 0.00
[11:06:47.870] [ARM-RX] [645] <2.68 -70.00 0.78> result: 91.30 104.13 -69.17 -1.31 83.29 0.00
[11:06:47.871] [ARM-RX] [646] <2.73 -70.00
[11:06:47.894] [ARM-RX] 0.81> result: 91.33 104.11 -69.17 -1.34 83.28 0.00
[11:06:47.894] [ARM-RX] [647] <2.78 -70.00 0.85> result: 91.36 104.09 -69.16 -1.37 83.26 0.00
[11:06:47.895] [ARM-RX] [648] <2.84 -70.00 0.88> result: 91.38 104.08 -69.16 -1.39 83.24 0.00
[11:06:47.895] [ARM-RX] [649] <2.89 -70.00 0.92> result: 91.41 104.06 -69.16 -1.42 83.
[11:06:47.917] [ARM-RX] 22 0.00
[11:06:47.918] [ARM-RX] [650] <2.94 -70.00 0.95> result: 91.43 104.04 -69.16 -1.44 83.21 0.00
[11:06:47.918] [ARM-RX] [651] <2.99 -70.00 0.99> result: 91.46 104.03 -69.16 -1.47 83.19 0.00
[11:06:47.918] [ARM-RX] [652] <3.04 -70.00 1.03> result: 91.48 104.01 -69.15 -1.49 83.17 0.00
[11:06:47.919] [ARM-RX] [653] <3.09 -70.00 1.07> result: 9
[11:06:47.950] [ARM-RX] 1.50 103.99 -69.15 -1.52 83.15 0.00
[11:06:47.951] [ARM-RX] [654] <3.14 -70.00 1.11> result: 91.53 103.98 -69.15 -1.54 83.13 0.00
[11:06:47.951] [ARM-RX] [655] <3.19 -70.00 1.15> result: 91.55 103.96 -69.15 -1.56 83.11 0.00
[11:06:47.951] [ARM-RX] [656] <3.24 -70.00 1.19> result: 91.58 103.94 -69.15 -1.59 83.09 0.00
[11:06:47.951] [ARM-RX] [657]
[11:06:47.974] [ARM-RX] <3.28 -70.00 1.23> result: 91.60 103.92 -69.14 -1.61 83.07 0.00
[11:06:47.974] [ARM-RX] [658] <3.33 -70.00 1.27> result: 91.62 103.90 -69.14 -1.63 83.05 0.00
[11:06:47.974] [ARM-RX] [659] <3.38 -70.00 1.31> result: 91.64 103.88 -69.14 -1.66 83.02 0.00
[11:06:47.975] [ARM-RX] [660] <3.42 -70.00 1.36> result: 91.67 103.86 -69
[11:06:47.998] [ARM-RX] .14 -1.68 83.00 0.00
[11:06:47.998] [ARM-RX] [661] <3.47 -70.00 1.40> result: 91.69 103.84 -69.13 -1.70 82.98 0.00
[11:06:47.998] [ARM-RX] [662] <3.51 -70.00 1.44> result: 91.71 103.82 -69.13 -1.72 82.96 0.00
[11:06:47.998] [ARM-RX] [663] <3.56 -70.00 1.49> result: 91.73 103.80 -69.13 -1.75 82.94 0.00
[11:06:47.999] [ARM-RX] [664] <3.60 -70.00 1.
[11:06:48.021] [ARM-RX] 53> result: 91.75 103.78 -69.13 -1.77 82.91 0.00
[11:06:48.021] [ARM-RX] [665] <3.64 -70.00 1.58> result: 91.77 103.76 -69.13 -1.79 82.89 0.00
[11:06:48.021] [ARM-RX] [666] <3.69 -70.00 1.62> result: 91.80 103.74 -69.12 -1.81 82.87 0.00
[11:06:48.021] [ARM-RX] [667] <3.73 -70.00 1.67> result: 91.82 103.72 -69.12 -1.83 82.84
[11:06:48.044] [ARM-RX] 0.00
[11:06:48.044] [ARM-RX] [668] <3.77 -70.00 1.72> result: 91.84 103.70 -69.12 -1.85 82.82 0.00
[11:06:48.044] [ARM-RX] [669] <3.81 -70.00 1.76> result: 91.86 103.68 -69.12 -1.87 82.80 0.00
[11:06:48.044] [ARM-RX] [670] <3.85 -70.00 1.81> result: 91.88 103.65 -69.11 -1.89 82.77 0.00
[11:06:48.044] [ARM-RX] [671] <3.89 -70.00 1.86> result: 91.
[11:06:48.067] [ARM-RX] 90 103.63 -69.11 -1.91 82.75 0.00
[11:06:48.067] [ARM-RX] [672] <3.93 -70.00 1.91> result: 91.91 103.61 -69.11 -1.93 82.72 0.00
[11:06:48.068] [ARM-RX] [673] <3.97 -70.00 1.96> result: 91.93 103.59 -69.10 -1.95 82.70 0.00
[11:06:48.068] [ARM-RX] [674] <4.01 -70.00 2.01> result: 91.95 103.56 -69.10 -1.97 82.67 0.00
[11:06:48.068] [ARM-RX] [675] <4
[11:06:48.090] [ARM-RX] .05 -70.00 2.06> result: 91.97 103.54 -69.10 -1.99 82.65 0.00
[11:06:48.090] [ARM-RX] [676] <4.08 -70.00 2.11> result: 91.99 103.52 -69.10 -2.00 82.62 0.00
[11:06:48.090] [ARM-RX] [677] <4.12 -70.00 2.16> result: 92.00 103.49 -69.09 -2.02 82.59 0.00
[11:06:48.090] [ARM-RX] [678] <4.15 -70.00 2.22> result: 92.02 103.47 -69.0
[11:06:48.125] [ARM-RX] 9 -2.04 82.57 0.00
[11:06:48.125] [ARM-RX] [679] <4.19 -70.00 2.27> result: 92.04 103.45 -69.09 -2.06 82.54 0.00
[11:06:48.125] [ARM-RX] [680] <4.22 -70.00 2.32> result: 92.06 103.42 -69.09 -2.07 82.51 0.00
[11:06:48.126] [ARM-RX] [681] <4.25 -70.00 2.37> result: 92.07 103.40 -69.08 -2.09 82.49 0.00
[11:06:48.126] [ARM-RX] [682] <4.29 -70.00 2.43
[11:06:48.147] [ARM-RX] > result: 92.09 103.37 -69.08 -2.11 82.46 0.00
[11:06:48.148] [ARM-RX] [683] <4.32 -70.00 2.48> result: 92.10 103.35 -69.08 -2.12 82.43 0.00
[11:06:48.148] [ARM-RX] [684] <4.35 -70.00 2.54> result: 92.12 103.33 -69.07 -2.14 82.40 0.00
[11:06:48.148] [ARM-RX] [685] <4.38 -70.00 2.59> result: 92.13 103.30 -69.07 -2.15 82.38 0
[11:06:48.171] [ARM-RX] .00
[11:06:48.171] [ARM-RX] [686] <4.41 -70.00 2.65> result: 92.15 103.28 -69.07 -2.17 82.35 0.00
[11:06:48.171] [ARM-RX] [687] <4.44 -70.00 2.70> result: 92.16 103.25 -69.07 -2.18 82.32 0.00
[11:06:48.172] [ARM-RX] [688] <4.47 -70.00 2.76> result: 92.18 103.22 -69.06 -2.20 82.29 0.00
[11:06:48.172] [ARM-RX] [689] <4.50 -70.00 2.81> result: 92.19
[11:06:48.194] [ARM-RX] 103.20 -69.06 -2.21 82.26 0.00
[11:06:48.195] [ARM-RX] [690] <4.52 -70.00 2.87> result: 92.20 103.17 -69.06 -2.22 82.24 0.00
[11:06:48.195] [ARM-RX] [691] <4.55 -70.00 2.93> result: 92.22 103.15 -69.05 -2.24 82.21 0.00
[11:06:48.195] [ARM-RX] [692] <4.58 -70.00 2.99> result: 92.23 103.12 -69.05 -2.25 82.18 0.00
[11:06:48.195] [ARM-RX] [693] <4.6
[11:06:48.219] [ARM-RX] 0 -70.00 3.04> result: 92.24 103.10 -69.05 -2.26 82.15 0.00
[11:06:48.219] [ARM-RX] [694] <4.63 -70.00 3.10> result: 92.25 103.07 -69.04 -2.27 82.12 0.00
[11:06:48.219] [ARM-RX] [695] <4.65 -70.00 3.16> result: 92.26 103.04 -69.04 -2.28 82.09 0.00
[11:06:48.219] [ARM-RX] [696] <4.67 -70.00 3.22> result: 92.27 103.02 -69.04
[11:06:48.240] [ARM-RX] -2.30 82.06 0.00
[11:06:48.241] [ARM-RX] [697] <4.69 -70.00 3.28> result: 92.28 102.99 -69.03 -2.31 82.03 0.00
[11:06:48.241] [ARM-RX] [698] <4.71 -70.00 3.34> result: 92.30 102.96 -69.03 -2.32 82.00 0.00
[11:06:48.241] [ARM-RX] [699] <4.74 -70.00 3.40> result: 92.31 102.94 -69.03 -2.33 81.97 0.00
[11:06:48.242] [ARM-RX] [700] <4.76 -70.00 3.45>
[11:06:48.264] [ARM-RX] result: 92.31 102.91 -69.03 -2.34 81.94 0.00
[11:06:48.264] [ARM-RX] [701] <4.77 -70.00 3.51> result: 92.32 102.88 -69.02 -2.35 81.91 0.00
[11:06:48.265] [ARM-RX] [702] <4.79 -70.00 3.57> result: 92.33 102.85 -69.02 -2.36 81.88 0.00
[11:06:48.265] [ARM-RX] [703] <4.81 -70.00 3.64> result: 92.34 102.83 -69.02 -2.37 81.85 0.0
[11:06:48.287] [ARM-RX] 0
[11:06:48.287] [ARM-RX] [704] <4.83 -70.00 3.70> result: 92.35 102.80 -69.01 -2.37 81.82 0.00
[11:06:48.287] [ARM-RX] [705] <4.84 -70.00 3.76> result: 92.36 102.77 -69.01 -2.38 81.79 0.00
[11:06:48.287] [ARM-RX] [706] <4.86 -70.00 3.82> result: 92.36 102.74 -69.01 -2.39 81.76 0.00
[11:06:48.288] [ARM-RX] [707] <4.87 -70.00 3.88> result: 92.37 1
[11:06:48.321] [ARM-RX] 02.72 -69.00 -2.40 81.73 0.00
[11:06:48.322] [ARM-RX] [708] <4.89 -70.00 3.94> result: 92.38 102.69 -69.00 -2.40 81.69 0.00
[11:06:48.322] [ARM-RX] [709] <4.90 -70.00 4.00> result: 92.38 102.66 -69.00 -2.41 81.66 0.00
[11:06:48.322] [ARM-RX] [710] <4.91 -70.00 4.06> result: 92.39 102.63 -68.99 -2.42 81.63 0.00
[11:06:48.322] [ARM-RX] [711] <4.92
[11:06:48.345] [ARM-RX] -70.00 4.12> result: 92.40 102.60 -68.99 -2.42 81.60 0.00
[11:06:48.345] [ARM-RX] [712] <4.93 -70.00 4.19> result: 92.40 102.58 -68.99 -2.43 81.57 0.00
[11:06:48.345] [ARM-RX] [713] <4.94 -70.00 4.25> result: 92.41 102.55 -68.98 -2.43 81.54 0.00
[11:06:48.346] [ARM-RX] [714] <4.95 -70.00 4.31> result: 92.41 102.52 -68.98 -2
[11:06:48.368] [ARM-RX] .44 81.51 0.00
[11:06:48.368] [ARM-RX] [715] <4.96 -70.00 4.37> result: 92.41 102.49 -68.98 -2.44 81.48 0.00
[11:06:48.368] [ARM-RX] [716] <4.97 -70.00 4.44> result: 92.42 102.46 -68.97 -2.45 81.44 0.00
[11:06:48.368] [ARM-RX] [717] <4.97 -70.00 4.50> result: 92.42 102.44 -68.97 -2.45 81.41 0.00
[11:06:48.369] [ARM-RX] [718] <4.98 -70.00 4.56> re
[11:06:48.391] [ARM-RX] sult: 92.42 102.41 -68.97 -2.45 81.38 0.00
[11:06:48.391] [ARM-RX] [719] <4.99 -70.00 4.62> result: 92.43 102.38 -68.96 -2.45 81.35 0.00
[11:06:48.392] [ARM-RX] [720] <4.99 -70.00 4.69> result: 92.43 102.35 -68.96 -2.46 81.32 0.00
[11:06:48.392] [ARM-RX] [721] <4.99 -70.00 4.75> result: 92.43 102.32 -68.96 -2.46 81.29 0.00
[11:06:48.414] [ARM-RX] [722] <5.00 -70.00 4.81> result: 92.43 102.29 -68.95 -2.46 81.25 0.00
[11:06:48.414] [ARM-RX] [723] <5.00 -70.00 4.87> result: 92.43 102.26 -68.95 -2.46 81.22 0.00
[11:06:48.416] [ARM-RX] [724] <5.00 -70.00 4.94> result: 92.43 102.24 -68.95 -2.46 81.19 0.00
[11:06:48.416] [ARM-RX] [725] <5.00 -70.00 5.00> result: 92.43 102
[11:06:48.438] [ARM-RX] .21 -68.94 -2.46 81.16 0.00
[11:06:48.438] [ARM-RX] [726] <5.00 -70.00 5.06> result: 92.43 102.18 -68.94 -2.46 81.13 0.00
[11:06:48.438] [ARM-RX] [727] <5.00 -70.00 5.13> result: 92.43 102.15 -68.94 -2.46 81.10 0.00
[11:06:48.439] [ARM-RX] [728] <5.00 -70.00 5.19> result: 92.43 102.12 -68.93 -2.46 81.06 0.00
[11:06:48.439] [ARM-RX] [729] <4.99 -7
[11:06:48.460] [ARM-RX] 0.00 5.25> result: 92.43 102.09 -68.93 -2.46 81.03 0.00
[11:06:48.461] [ARM-RX] [730] <4.99 -70.00 5.31> result: 92.43 102.07 -68.93 -2.46 81.00 0.00
[11:06:48.461] [ARM-RX] [731] <4.99 -70.00 5.38> result: 92.43 102.04 -68.92 -2.46 80.97 0.00
[11:06:48.461] [ARM-RX] [732] <4.98 -70.00 5.44> result: 92.42 102.01 -68.92 -2.4
[11:06:48.495] [ARM-RX] 6 80.94 0.00
[11:06:48.495] [ARM-RX] [733] <4.97 -70.00 5.50> result: 92.42 101.98 -68.92 -2.45 80.91 0.00
[11:06:48.495] [ARM-RX] [734] <4.97 -70.00 5.56> result: 92.42 101.95 -68.91 -2.45 80.87 0.00
[11:06:48.496] [ARM-RX] [735] <4.96 -70.00 5.63> result: 92.41 101.92 -68.91 -2.45 80.84 0.00
[11:06:48.496] [ARM-RX] [736] <4.95 -70.00 5.69> resu
[11:06:48.524] [ARM-RX] lt: 92.41 101.90 -68.91 -2.44 80.81 0.00
[11:06:48.525] [ARM-RX] [737] <4.94 -70.00 5.75> result: 92.41 101.87 -68.90 -2.44 80.78 0.00
[11:06:48.525] [ARM-RX] [738] <4.93 -70.00 5.81> result: 92.40 101.84 -68.90 -2.43 80.75 0.00
[11:06:48.525] [ARM-RX] [739] <4.92 -70.00 5.88> result: 92.40 101.81 -68.90 -2.43 80.72 0.00
[11:06:48.525] [ARM-RX] [
[11:06:48.541] [ARM-RX] 740] <4.91 -70.00 5.94> result: 92.39 101.78 -68.89 -2.42 80.69 0.00
[11:06:48.541] [ARM-RX] [741] <4.90 -70.00 6.00> result: 92.38 101.76 -68.89 -2.42 80.65 0.00
[11:06:48.542] [ARM-RX] [742] <4.89 -70.00 6.06> result: 92.38 101.73 -68.89 -2.41 80.62 0.00
[11:06:48.542] [ARM-RX] [743] <4.87 -70.00 6.12> result: 92.37 101.7
[11:06:48.565] [ARM-RX] 0 -68.88 -2.40 80.59 0.00
[11:06:48.565] [ARM-RX] [744] <4.86 -70.00 6.18> result: 92.36 101.67 -68.88 -2.40 80.56 0.00
[11:06:48.566] [ARM-RX] [745] <4.84 -70.00 6.24> result: 92.36 101.65 -68.88 -2.39 80.53 0.00
[11:06:48.566] [ARM-RX] [746] <4.83 -70.00 6.30> result: 92.35 101.62 -68.87 -2.38 80.50 0.00
[11:06:48.566] [ARM-RX] [747] <4.81 -70.
[11:06:48.588] [ARM-RX] 00 6.36> result: 92.34 101.59 -68.87 -2.37 80.47 0.00
[11:06:48.588] [ARM-RX] [748] <4.79 -70.00 6.43> result: 92.33 101.56 -68.87 -2.37 80.44 0.00
[11:06:48.589] [ARM-RX] [749] <4.77 -70.00 6.49> result: 92.32 101.54 -68.86 -2.36 80.41 0.00
[11:06:48.589] [ARM-RX] [750] <4.76 -70.00 6.55> result: 92.31 101.51 -68.86 -2.35
[11:06:48.611] [ARM-RX] 80.38 0.00
[11:06:48.611] [ARM-RX] [751] <4.74 -70.00 6.60> result: 92.31 101.48 -68.86 -2.34 80.35 0.00
[11:06:48.612] [ARM-RX] [752] <4.71 -70.00 6.66> result: 92.30 101.46 -68.86 -2.33 80.32 0.00
[11:06:48.612] [ARM-RX] [753] <4.69 -70.00 6.72> result: 92.28 101.43 -68.85 -2.32 80.29 0.00
[11:06:48.612] [ARM-RX] [754] <4.67 -70.00 6.78> result
[11:06:48.635] [ARM-RX] : 92.27 101.40 -68.85 -2.31 80.26 0.00
[11:06:48.635] [ARM-RX] [755] <4.65 -70.00 6.84> result: 92.26 101.38 -68.85 -2.30 80.23 0.00
[11:06:48.635] [ARM-RX] [756] <4.63 -70.00 6.90> result: 92.25 101.35 -68.84 -2.29 80.20 0.00
[11:06:48.635] [ARM-RX] [757] <4.60 -70.00 6.96> result: 92.24 101.32 -68.84 -2.27 80.17 0.00
[11:06:48.636] [ARM-RX] [75
[11:06:48.659] [ARM-RX] 8] <4.58 -70.00 7.01> result: 92.23 101.30 -68.84 -2.26 80.14 0.00
[11:06:48.659] [ARM-RX] [759] <4.55 -70.00 7.07> result: 92.22 101.27 -68.83 -2.25 80.11 0.00
[11:06:48.659] [ARM-RX] [760] <4.52 -70.00 7.13> result: 92.20 101.25 -68.83 -2.24 80.08 0.00
[11:06:48.660] [ARM-RX] [761] <4.50 -70.00 7.19> result: 92.19 101.22
[11:06:48.692] [ARM-RX] -68.83 -2.22 80.06 0.00
[11:06:48.692] [ARM-RX] [762] <4.47 -70.00 7.24> result: 92.18 101.19 -68.82 -2.21 80.03 0.00
[11:06:48.692] [ARM-RX] [763] <4.44 -70.00 7.30> result: 92.16 101.17 -68.82 -2.20 80.00 0.00
[11:06:48.693] [ARM-RX] [764] <4.41 -70.00 7.35> result: 92.15 101.14 -68.82 -2.18 79.97 0.00
[11:06:48.693] [ARM-RX] [765] <4.38 -70.00
[11:06:48.717] [ARM-RX] 7.41> result: 92.13 101.12 -68.82 -2.17 79.94 0.00
[11:06:48.717] [ARM-RX] [766] <4.35 -70.00 7.46> result: 92.12 101.09 -68.81 -2.15 79.91 0.00
[11:06:48.718] [ARM-RX] [767] <4.32 -70.00 7.52> result: 92.10 101.07 -68.81 -2.14 79.89 0.00
[11:06:48.718] [ARM-RX] [768] <4.29 -70.00 7.57> result: 92.09 101.05 -68.81 -2.12 79
[11:06:48.739] [ARM-RX] .86 0.00
[11:06:48.739] [ARM-RX] [769] <4.25 -70.00 7.63> result: 92.07 101.02 -68.80 -2.10 79.83 0.00
[11:06:48.739] [ARM-RX] [770] <4.22 -70.00 7.68> result: 92.06 101.00 -68.80 -2.09 79.81 0.00
[11:06:48.739] [ARM-RX] [771] <4.19 -70.00 7.73> result: 92.04 100.97 -68.80 -2.07 79.78 0.00
[11:06:48.740] [ARM-RX] [772] <4.15 -70.00 7.78> result:
[11:06:48.762] [ARM-RX] 92.02 100.95 -68.80 -2.05 79.75 0.00
[11:06:48.762] [ARM-RX] [773] <4.12 -70.00 7.84> result: 92.00 100.93 -68.79 -2.04 79.73 0.00
[11:06:48.762] [ARM-RX] [774] <4.08 -70.00 7.89> result: 91.99 100.90 -68.79 -2.02 79.70 0.00
[11:06:48.762] [ARM-RX] [775] <4.05 -70.00 7.94> result: 91.97 100.88 -68.79 -2.00 79.67 0.00
[11:06:48.763] [ARM-RX] [776]
[11:06:48.785] [ARM-RX] <4.01 -70.00 7.99> result: 91.95 100.86 -68.79 -1.98 79.65 0.00
[11:06:48.785] [ARM-RX] [777] <3.97 -70.00 8.04> result: 91.93 100.83 -68.78 -1.97 79.62 0.00
[11:06:48.786] [ARM-RX] [778] <3.93 -70.00 8.09> result: 91.91 100.81 -68.78 -1.95 79.60 0.00
[11:06:48.786] [ARM-RX] [779] <3.89 -70.00 8.14> result: 91.90 100.79 -6
[11:06:48.807] [ARM-RX] 8.78 -1.93 79.57 0.00
[11:06:48.808] [ARM-RX] [780] <3.85 -70.00 8.19> result: 91.88 100.77 -68.77 -1.91 79.55 0.00
[11:06:48.808] [ARM-RX] [781] <3.81 -70.00 8.24> result: 91.86 100.75 -68.77 -1.89 79.52 0.00
[11:06:48.808] [ARM-RX] [782] <3.77 -70.00 8.28> result: 91.84 100.73 -68.77 -1.87 79.50 0.00
[11:06:48.808] [ARM-RX] [783] <3.73 -70.00 8
[11:06:48.831] [ARM-RX] .33> result: 91.82 100.70 -68.77 -1.85 79.48 0.00
[11:06:48.831] [ARM-RX] [784] <3.69 -70.00 8.38> result: 91.80 100.68 -68.76 -1.83 79.45 0.00
[11:06:48.831] [ARM-RX] [785] <3.64 -70.00 8.42> result: 91.77 100.66 -68.76 -1.81 79.43 0.00
[11:06:48.832] [ARM-RX] [786] <3.60 -70.00 8.47> result: 91.75 100.64 -68.76 -1.78 79.4
[11:06:48.865] [ARM-RX] 1 0.00
[11:06:48.866] [ARM-RX] [787] <3.56 -70.00 8.51> result: 91.73 100.62 -68.76 -1.76 79.38 0.00
[11:06:48.866] [ARM-RX] [788] <3.51 -70.00 8.56> result: 91.71 100.60 -68.76 -1.74 79.36 0.00
[11:06:48.866] [ARM-RX] [789] <3.47 -70.00 8.60> result: 91.69 100.58 -68.75 -1.72 79.34 0.00
[11:06:48.866] [ARM-RX] [790] <3.42 -70.00 8.64> result: 91
[11:06:48.890] [ARM-RX] .67 100.56 -68.75 -1.70 79.32 0.00
[11:06:48.890] [ARM-RX] [791] <3.38 -70.00 8.69> result: 91.64 100.54 -68.75 -1.67 79.30 0.00
[11:06:48.890] [ARM-RX] [792] <3.33 -70.00 8.73> result: 91.62 100.52 -68.75 -1.65 79.27 0.00
[11:06:48.891] [ARM-RX] [793] <3.28 -70.00 8.77> result: 91.60 100.51 -68.74 -1.63 79.25 0.00
[11:06:48.891] [ARM-RX] [794] <
[11:06:48.913] [ARM-RX] 3.24 -70.00 8.81> result: 91.58 100.49 -68.74 -1.60 79.23 0.00
[11:06:48.913] [ARM-RX] [795] <3.19 -70.00 8.85> result: 91.55 100.47 -68.74 -1.58 79.21 0.00
[11:06:48.913] [ARM-RX] [796] <3.14 -70.00 8.89> result: 91.53 100.45 -68.74 -1.56 79.19 0.00
[11:06:48.914] [ARM-RX] [797] <3.09 -70.00 8.93> result: 91.50 100.43 -68.
[11:06:48.967] [ARM-RX] 74 -1.53 79.17 0.00
[11:06:48.967] [ARM-RX] [798] <3.04 -70.00 8.97> result: 91.48 100.42 -68.73 -1.51 79.15 0.00
[11:06:48.967] [ARM-RX] [799] <2.99 -70.00 9.01> result: 91.46 100.40 -68.73 -1.48 79.13 0.00
[11:06:57.037] [ARM-RX] [jpint 1] ave_error:2.15
[11:06:57.037] [ARM-RX] [jpint 2] ave_error:11.10
[11:06:57.037] [ARM-RX] [jpint 3] ave_error:9.78
[11:06:57.037] [ARM-RX] [jpint 4] ave_error:0.61
[11:06:57.038] [ARM-RX] [jpint 5] ave_error:0.85
[11:06:57.038] [ARM-RX] robot pid run finished!!
[11:06:57.898] [ARM-RX] AUTO final confirm failed: joint 1 err=20.97deg tol=3.00, pose invalid.
[11:06:58.498] [ARM-TX] 发送命令 soft_reset: soft_reset
[11:06:58.514] [ARM-RX] Found handler for 'soft_reset', executing...
[11:06:58.514] [ARM-RX] ROBOT_SOFT_RESET_EVENT
[11:06:58.514] [ARM-RX] --- Starting soft reset ---
[11:06:58.758] [ARM-RX] Soft reset motors enabled (J1~J5, J6 skipped).
[11:06:58.758] [ARM-RX] Soft resetting joint 4...
[11:06:58.758] [ARM-RX] robot_update_current_angle 4...
[11:06:58.758] [ARM-RX] [4] current:78.85, target:90.00, dir:1
[11:06:59.872] [ARM-RX] Soft resetting joint 3...
[11:06:59.872] [ARM-RX] robot_update_current_angle 3...
[11:06:59.872] [ARM-RX] [3] current:-0.41, target:0.00, dir:1
[11:06:59.996] [ARM-RX] Soft resetting joint 1...
[11:07:00.057] [ARM-RX] robot_update_current_angle 1...
[11:07:00.057] [ARM-RX] [1] current:121.36, target:90.00, dir:-1
[11:07:02.053] [ARM-RX] soft reset joint 1 settle timeout, keep going
[11:07:02.053] [ARM-RX] Soft resetting joint 2...
[11:07:02.053] [ARM-RX] robot_update_current_angle 2...
[11:07:02.053] [ARM-RX] [2] current:-77.86, target:-90.00, dir:-1
[11:07:03.552] [ARM-RX] Soft resetting joint 0...
[11:07:03.552] [ARM-RX] robot_update_current_angle 0...
[11:07:03.552] [ARM-RX] [0] current:88.15, target:90.00, dir:1
[11:07:04.114] [ARM-RX] soft reset final verify PASS (issues:1), pose set HOME.
[11:09:14.516] [ARM-TX] 发送命令 read_all: read_all
[11:09:14.579] [ARM-RX] Found handler for 'read_all', executing...
[11:09:14.579] [ARM-RX] ROBOT_READ_ALL_EVENT
[11:09:14.579] [ARM-RX] read_all ret=0 elapsed=2 ms missing=0x00
[11:09:14.579] [ARM-RX] J1 angle=90.00
[11:09:14.580] [ARM-RX] J2 angle=90.00
[11:09:14.580] [ARM-RX] J3 angle=270.00
[11:09:14.581] [ARM-RX] J4 angle=360.00
[11:09:14.581] [ARM-RX] J5 angle=90.00
[11:09:15.796] [ARM-TX] 发送命令 read_all: read_all
[11:09:15.891] [ARM-RX] Found handler for 'read_all', executing...
[11:09:15.891] [ARM-RX] ROBOT_READ_ALL_EVENT
[11:09:15.891] [ARM-RX] read_all ret=0 elapsed=3 ms missing=0x00
[11:09:15.891] [ARM-RX] J1 angle=90.00
[11:09:15.891] [ARM-RX] J2 angle=90.00
[11:09:15.891] [ARM-RX] J3 angle=270.00
[11:09:15.891] [ARM-RX] J4 angle=360.00
[11:09:15.892] [ARM-RX] J5 angle=90.00
[11:09:15.937] [ARM-TX] 发送命令 read_all: read_all
[11:09:16.016] [ARM-RX] Found handler for 'read_all', executing...
[11:09:16.016] [ARM-RX] ROBOT_READ_ALL_EVENT
[11:09:16.016] [ARM-RX] read_all ret=0 elapsed=2 ms missing=0x00
[11:09:16.016] [ARM-RX] J1 angle=90.00
[11:09:16.016] [ARM-RX] J2 angle=90.00
[11:09:16.016] [ARM-RX] J3 angle=270.00
[11:09:16.016] [ARM-RX] J4 angle=360.00
[11:09:16.016] [ARM-RX] J5 angle=90.00
[11:09:17.876] [ARM-TX] 发送命令 read_all: read_all
[11:09:17.959] [ARM-RX] Found handler for 'read_all', executing...
[11:09:17.959] [ARM-RX] ROBOT_READ_ALL_EVENT
[11:09:17.959] [ARM-RX] read_all ret=0 elapsed=2 ms missing=0x00
[11:09:17.959] [ARM-RX] J1 angle=90.00
[11:09:17.959] [ARM-RX] J2 angle=90.00
[11:09:17.959] [ARM-RX] J3 angle=270.00
[11:09:17.960] [ARM-RX] J4 angle=360.00
[11:09:17.960] [ARM-RX] J5 angle=90.00
[11:09:20.248] [ARM-TX] 发送命令 laser_on: laser_on
[11:09:20.387] [ARM-RX] Found handler for 'laser_on', executing...
[11:09:20.387] [ARM-RX] laser_on
[11:09:22.435] [ARM-TX] 发送命令 laser_off: laser_off
[11:09:22.506] [ARM-RX] Found handler for 'laser_off', executing...
[11:09:22.506] [ARM-RX] laser_off
[11:09:26.227] [ARM-TX] 发送命令 gripper_open: gripper_open
[11:09:26.320] [ARM-RX] Found handler for 'gripper_open', executing...
[11:09:28.006] [ARM-TX] 发送命令 gripper_stop: gripper_stop
[11:09:30.377] [ARM-RX] gripper_open r=2
[11:09:30.377] [ARM-RX] [ERROR] event_type:gripper_open failed
[11:09:30.377] [ARM-RX] Found handler for 'gripper_stop', executing...
[11:09:30.377] [ARM-RX] gripper_stop r=0
[11:09:44.759] [JETSON-TX] TARGET_CTRL_START: AA 01 01 BB
[11:09:44.827] [JETSON-RX] CC 04 01 DD
[11:09:44.827] [JETSON-STATUS] TARGET_CTRL_ON: CC 04 01 DD
[11:09:44.843] [ARM-RX] [JETSON_RX] target_ctrl=1
[11:09:44.843] [ARM-RX] ROBOT_AUTO_EVENT
[11:09:44.843] [ARM-RX] [0] <0.00 0.00 0.00> result: 90.00 90.00 -90.00 0.00 90.00 0.00
[11:09:44.843] [ARM-RX] [1] <0.00 -
[11:09:44.845] [ARM-RX] 0.00 -0.00> result: 90.00 90.00 -90.00 0.00 90.00 0.00
[11:09:44.846] [ARM-RX] [2] <0.00 -0.00 -0.00> result: 90.00 90.00 -90.00 0.00 90.00 0.00
[11:09:44.846] [ARM-RX] [3] <0.00 -0.01 -0.00> result: 90.00 90.00 -90.00 0.00 90.00 0.00
[11:09:44.846] [ARM-RX] [4] <0.00 -0.02 -0.00> result: 90.00 90.01 -90.00 0.00 90.00 0.00
[11:09:44.849] [ARM-RX] [5] <0.00 -0.03 -0.00> result: 90.00 90.01 -89.99 0.00 90.00 0.00
[11:09:44.849] [ARM-RX] [6] <0.00 -0.05 -0.00> result: 90.00 90.02 -89.99 0.00 90.00 0.00
[11:09:44.850] [ARM-RX] [7] <0.00 -0.07 -0.00> result: 90.00 90.02 -89.98 0.00 90.00 0.00
[11:09:44.850] [ARM-RX] [8] <0.00 -0.11 -0.00> result: 90.00 90.03 -89.97 0.00
[11:09:44.861] [ARM-RX] 90.00 0.00
[11:09:44.861] [ARM-RX] [9] <0.00 -0.15 -0.00> result: 90.00 90.05 -89.96 0.00 90.00 0.00
[11:09:44.862] [ARM-RX] [10] <0.00 -0.20 -0.01> result: 90.00 90.06 -89.94 0.00 90.01 0.00
[11:09:44.862] [ARM-RX] [11] <0.00 -0.27 -0.01> result: 90.00 90.08 -89.92 0.00 90.01 0.00
[11:09:44.862] [ARM-RX] [12] <0.00 -0.34 -0.01> result: 90.00 90
[11:09:44.885] [ARM-RX] .11 -89.90 0.00 90.01 0.00
[11:09:44.886] [ARM-RX] [13] <0.00 -0.43 -0.01> result: 90.00 90.14 -89.88 0.00 90.01 0.00
[11:09:44.886] [ARM-RX] [14] <0.00 -0.54 -0.01> result: 90.00 90.17 -89.85 0.00 90.02 0.00
[11:09:44.886] [ARM-RX] [15] <0.00 -0.65 -0.02> result: 90.00 90.20 -89.81 0.00 90.02 0.00
[11:09:44.887] [ARM-RX] [16] <0.00 -0.79 -0.02>
[11:09:44.907] [ARM-RX] result: 90.00 90.25 -89.78 0.00 90.02 0.00
[11:09:44.907] [ARM-RX] [17] <0.00 -0.94 -0.02> result: 90.00 90.29 -89.73 0.00 90.03 0.00
[11:09:44.907] [ARM-RX] [18] <0.00 -1.10 -0.03> result: 90.00 90.34 -89.69 0.00 90.03 0.00
[11:09:44.908] [ARM-RX] [19] <0.00 -1.29 -0.03> result: 90.00 90.40 -89.63 0.00 90.03 0.00
[11:09:44.908] [ARM-RX] [20] <0.
[11:09:44.932] [ARM-RX] 00 -1.49 -0.04> result: 90.00 90.46 -89.57 0.00 90.04 0.00
[11:09:44.932] [ARM-RX] [21] <0.00 -1.72 -0.04> result: 90.00 90.53 -89.51 0.00 90.04 0.00
[11:09:44.932] [ARM-RX] [22] <0.00 -1.97 -0.05> result: 90.00 90.61 -89.44 0.00 90.05 0.00
[11:09:44.932] [ARM-RX] [23] <0.00 -2.23 -0.06> result: 90.00 90.69 -89.36 0.00 90.0
[11:09:44.953] [ARM-RX] 5 0.00
[11:09:44.953] [ARM-RX] [24] <0.00 -2.52 -0.06> result: 90.00 90.77 -89.28 0.00 90.05 0.00
[11:09:44.953] [ARM-RX] [25] <0.00 -2.84 -0.07> result: 90.00 90.87 -89.19 0.00 90.06 0.00
[11:09:44.953] [ARM-RX] [26] <0.00 -3.17 -0.08> result: 90.00 90.97 -89.10 0.00 90.06 0.00
[11:09:44.953] [ARM-RX] [27] <0.00 -3.53 -0.09> result: 90.00 91.07
[11:09:44.987] [ARM-RX] -88.99 0.00 90.06 0.00
[11:09:44.987] [ARM-RX] [28] <0.00 -3.92 -0.10> result: 90.00 91.18 -88.88 0.00 90.07 0.00
[11:09:44.987] [ARM-RX] [29] <0.00 -4.33 -0.11> result: 90.00 91.30 -88.76 0.00 90.07 0.00
[11:09:44.988] [ARM-RX] [30] <0.00 -4.77 -0.12> result: 90.00 91.43 -88.64 0.00 90.07 0.00
[11:09:44.988] [ARM-RX] [31] <0.00 -5.23 -0.13> resu
[11:09:45.011] [ARM-RX] lt: 90.00 91.56 -88.51 0.00 90.07 0.00
[11:09:45.011] [ARM-RX] [32] <0.00 -5.72 -0.14> result: 90.00 91.70 -88.37 0.00 90.07 0.00
[11:09:45.011] [ARM-RX] [33] <0.00 -6.24 -0.16> result: 90.00 91.85 -88.22 0.00 90.06 0.00
[11:09:45.011] [ARM-RX] [34] <0.00 -6.79 -0.17> result: 90.00 92.00 -88.06 0.00 90.06 0.00
[11:09:45.011] [ARM-RX] [35] <0.00 -
[11:09:45.033] [ARM-RX] 7.36 -0.18> result: 90.00 92.16 -87.89 0.00 90.05 0.00
[11:09:45.033] [ARM-RX] [36] <0.00 -7.96 -0.20> result: 90.00 92.32 -87.72 0.00 90.04 0.00
[11:09:45.033] [ARM-RX] [37] <0.00 -8.60 -0.21> result: 90.00 92.49 -87.54 0.00 90.03 0.00
[11:09:45.033] [ARM-RX] [38] <0.00 -9.26 -0.23> result: 90.00 92.67 -87.35 0.00 90.02 0.
[11:09:45.056] [ARM-RX] 00
[11:09:45.057] [ARM-RX] [39] <0.00 -9.95 -0.25> result: 90.00 92.85 -87.15 0.00 90.00 0.00
[11:09:45.057] [ARM-RX] [40] <0.00 -10.67 -0.27> result: 90.00 93.04 -86.94 0.00 89.98 0.00
[11:09:45.057] [ARM-RX] [41] <0.00 -11.42 -0.29> result: 90.00 93.24 -86.72 0.00 89.96 0.00
[11:09:45.057] [ARM-RX] [42] <0.00 -12.20 -0.30> result: 90.00 93.44 -
[11:09:45.079] [ARM-RX] 86.50 0.00 89.93 0.00
[11:09:45.079] [ARM-RX] [43] <0.00 -13.01 -0.33> result: 90.00 93.64 -86.26 0.00 89.91 0.00
[11:09:45.079] [ARM-RX] [44] <0.00 -13.85 -0.35> result: 90.00 93.85 -86.02 0.00 89.87 0.00
[11:09:45.079] [ARM-RX] [45] <0.00 -14.72 -0.37> result: 90.00 94.07 -85.77 0.00 89.84 0.00
[11:09:45.080] [ARM-RX] [46] <0.00 -15.62 -0.39> r
[11:09:45.102] [ARM-RX] esult: 90.00 94.29 -85.51 0.00 89.80 0.00
[11:09:45.102] [ARM-RX] [47] <0.00 -16.55 -0.41> result: 90.00 94.52 -85.24 0.00 89.75 0.00
[11:09:45.102] [ARM-RX] [48] <0.00 -17.51 -0.44> result: 90.00 94.75 -84.96 0.00 89.70 0.00
[11:09:45.102] [ARM-RX] [49] <0.00 -18.49 -0.46> result: 90.00 94.98 -84.67 0.00 89.65 0.00
[11:09:45.102] [ARM-RX] [50] <
[11:09:45.126] [ARM-RX] 0.00 -19.51 -0.49> result: 90.00 95.22 -84.37 0.00 89.59 0.00
[11:09:45.126] [ARM-RX] [51] <0.00 -20.56 -0.51> result: 90.00 95.47 -84.06 0.00 89.53 0.00
[11:09:45.126] [ARM-RX] [52] <0.00 -21.64 -0.54> result: 90.00 95.71 -83.75 0.00 89.46 0.00
[11:09:45.126] [ARM-RX] [53] <0.00 -22.74 -0.57> result: 90.00 95.97 -83.43 0.0
[11:09:45.147] [ARM-RX] 0 89.39 0.00
[11:09:45.148] [ARM-RX] [54] <0.00 -23.88 -0.60> result: 90.00 96.22 -83.09 0.00 89.32 0.00
[11:09:45.148] [ARM-RX] [55] <0.00 -25.04 -0.63> result: 90.00 96.48 -82.75 0.00 89.23 0.00
[11:09:45.148] [ARM-RX] [56] <0.00 -26.23 -0.66> result: 90.00 96.74 -82.40 0.00 89.15 0.00
[11:09:45.148] [ARM-RX] [57] <0.00 -27.44 -0.69> result: 90
[11:09:45.182] [ARM-RX] .00 97.01 -82.05 0.00 89.06 0.00
[11:09:45.182] [ARM-RX] [58] <0.00 -28.68 -0.72> result: 90.00 97.28 -81.68 0.00 88.96 0.00
[11:09:45.182] [ARM-RX] [59] <0.00 -29.95 -0.75> result: 90.00 97.55 -81.31 0.00 88.86 0.00
[11:09:45.182] [ARM-RX] [60] <0.00 -31.25 -0.78> result: 90.00 97.83 -80.92 0.00 88.75 0.00
[11:09:45.182] [ARM-RX] [61] <0.00 -32.
[11:09:45.205] [ARM-RX] 57 -0.81> result: 90.00 98.10 -80.53 0.00 88.64 0.00
[11:09:45.205] [ARM-RX] [62] <0.00 -33.91 -0.85> result: 90.00 98.39 -80.14 0.00 88.52 0.00
[11:09:45.205] [ARM-RX] [63] <0.00 -35.28 -0.88> result: 90.00 98.67 -79.73 0.00 88.40 0.00
[11:09:45.205] [ARM-RX] [64] <0.00 -36.67 -0.92> result: 90.00 98.95 -79.32 0.00 88.27 0
[11:09:45.228] [ARM-RX] .00
[11:09:45.229] [ARM-RX] [65] <0.00 -38.08 -0.95> result: 90.00 99.24 -78.90 0.00 88.14 0.00
[11:09:45.229] [ARM-RX] [66] <0.00 -39.51 -0.99> result: 90.00 99.53 -78.47 0.00 88.00 0.00
[11:09:45.229] [ARM-RX] [67] <0.00 -40.97 -1.02> result: 90.00 99.82 -78.04 0.00 87.86 0.00
[11:09:45.229] [ARM-RX] [68] <0.00 -42.44 -1.06> result: 90.00 100.1
[11:09:45.251] [ARM-RX] 1 -77.60 0.00 87.71 0.00
[11:09:45.251] [ARM-RX] [69] <0.00 -43.94 -1.10> result: 90.00 100.41 -77.15 0.00 87.56 0.00
[11:09:45.251] [ARM-RX] [70] <0.00 -45.45 -1.14> result: 90.00 100.70 -76.70 0.00 87.41 0.00
[11:09:45.251] [ARM-RX] [71] <0.00 -46.98 -1.17> result: 90.00 101.00 -76.24 0.00 87.25 0.00
[11:09:45.252] [ARM-RX] [72] <0.00 -48.53 -1
[11:09:45.273] [ARM-RX] .21> result: 90.00 101.30 -75.78 0.00 87.08 0.00
[11:09:45.273] [ARM-RX] [73] <0.00 -50.09 -1.25> result: 90.00 101.60 -75.31 0.00 86.91 0.00
[11:09:45.273] [ARM-RX] [74] <0.00 -51.67 -1.29> result: 90.00 101.90 -74.84 0.00 86.74 0.00
[11:09:45.273] [ARM-RX] [75] <0.00 -53.26 -1.33> result: 90.00 102.20 -74.36 0.00 86.56 0.
[11:09:45.295] [ARM-RX] 00
[11:09:45.296] [ARM-RX] [76] <0.00 -54.86 -1.37> result: 90.00 102.51 -73.87 0.00 86.38 0.00
[11:09:45.296] [ARM-RX] [77] <0.00 -56.48 -1.41> result: 90.00 102.81 -73.39 0.00 86.20 0.00
[11:09:45.296] [ARM-RX] [78] <0.00 -58.11 -1.45> result: 90.00 103.11 -72.89 0.00 86.01 0.00
[11:09:45.297] [ARM-RX] [79] <0.00 -59.75 -1.49> result: 90.00 103
[11:09:45.319] [ARM-RX] .42 -72.40 0.00 85.82 0.00
[11:09:45.319] [ARM-RX] [80] <0.00 -60.00 -1.50> result: 90.00 103.47 -72.32 0.00 85.79 0.00
[11:09:45.319] [ARM-RX] [81] <0.00 -60.00 -1.50> result: 90.00 103.47 -72.32 0.00 85.79 0.00
[11:09:45.319] [ARM-RX] [82] <0.00 -60.00 -1.50> result: 90.00 103.47 -72.32 0.00 85.79 0.00
[11:09:45.320] [ARM-RX] [83] <0.00 -60.00
[11:09:45.355] [ARM-RX] -1.50> result: 90.00 103.47 -72.32 0.00 85.79 0.00
[11:09:45.355] [ARM-RX] [84] <0.00 -60.00 -1.50> result: 90.00 103.47 -72.32 0.00 85.79 0.00
[11:09:45.355] [ARM-RX] [85] <0.00 -60.00 -1.50> result: 90.00 103.47 -72.32 0.00 85.79 0.00
[11:09:45.356] [ARM-RX] [86] <0.00 -60.00 -1.50> result: 90.00 103.47 -72.32 0.00 85.79
[11:09:45.377] [ARM-RX] 0.00
[11:09:45.377] [ARM-RX] [87] <0.00 -60.00 -1.50> result: 90.00 103.47 -72.32 0.00 85.79 0.00
[11:09:45.378] [ARM-RX] [88] <0.00 -60.00 -1.50> result: 90.00 103.47 -72.32 0.00 85.79 0.00
[11:09:45.378] [ARM-RX] [89] <0.00 -60.00 -1.50> result: 90.00 103.47 -72.32 0.00 85.79 0.00
[11:09:45.378] [ARM-RX] [90] <0.00 -60.00 -1.50> result: 90.00 1
[11:09:45.400] [ARM-RX] 03.47 -72.32 0.00 85.79 0.00
[11:09:45.400] [ARM-RX] [91] <0.00 -60.00 -1.50> result: 90.00 103.47 -72.32 0.00 85.79 0.00
[11:09:45.400] [ARM-RX] [92] <0.00 -60.00 -1.50> result: 90.00 103.47 -72.32 0.00 85.79 0.00
[11:09:45.400] [ARM-RX] [93] <0.00 -60.00 -1.50> result: 90.00 103.47 -72.32 0.00 85.79 0.00
[11:09:45.401] [ARM-RX] [94] <0.00 -60.0
[11:09:45.422] [ARM-RX] 0 -1.50> result: 90.00 103.47 -72.32 0.00 85.79 0.00
[11:09:45.422] [ARM-RX] [95] <0.00 -60.00 -1.50> result: 90.00 103.47 -72.32 0.00 85.79 0.00
[11:09:45.422] [ARM-RX] [96] <0.00 -60.00 -1.50> result: 90.00 103.47 -72.32 0.00 85.79 0.00
[11:09:45.422] [ARM-RX] [97] <0.00 -60.00 -1.50> result: 90.00 103.47 -72.32 0.00 85.7
[11:09:45.445] [ARM-RX] 9 0.00
[11:09:45.445] [ARM-RX] [98] <0.00 -60.00 -1.50> result: 90.00 103.47 -72.32 0.00 85.79 0.00
[11:09:45.445] [ARM-RX] [99] <0.00 -60.00 -1.50> result: 90.00 103.47 -72.32 0.00 85.79 0.00
[11:09:45.446] [ARM-RX] [100] <0.00 -60.00 -1.50> result: 90.00 103.47 -72.32 0.00 85.79 0.00
[11:09:45.446] [ARM-RX] [101] <0.00 -60.00 -1.50> result: 90.
[11:09:45.468] [ARM-RX] 00 103.47 -72.32 0.00 85.79 0.00
[11:09:45.468] [ARM-RX] [102] <0.00 -60.00 -1.50> result: 90.00 103.47 -72.32 0.00 85.79 0.00
[11:09:45.468] [ARM-RX] [103] <0.00 -60.00 -1.50> result: 90.00 103.47 -72.32 0.00 85.79 0.00
[11:09:45.468] [ARM-RX] [104] <0.00 -60.00 -1.50> result: 90.00 103.47 -72.32 0.00 85.79 0.00
[11:09:45.469] [ARM-RX] [105] <0.
[11:09:45.490] [ARM-RX] 00 -60.00 -1.50> result: 90.00 103.47 -72.32 0.00 85.79 0.00
[11:09:45.492] [ARM-RX] [106] <0.00 -60.00 -1.50> result: 90.00 103.47 -72.32 0.00 85.79 0.00
[11:09:45.492] [ARM-RX] [107] <0.00 -60.00 -1.50> result: 90.00 103.47 -72.32 0.00 85.79 0.00
[11:09:45.492] [ARM-RX] [108] <0.00 -60.00 -1.50> result: 90.00 103.47 -72.3
[11:09:45.514] [ARM-RX] 2 0.00 85.79 0.00
[11:09:45.514] [ARM-RX] [109] <0.00 -60.00 -1.50> result: 90.00 103.47 -72.32 0.00 85.79 0.00
[11:09:45.514] [ARM-RX] [110] <0.00 -60.00 -1.50> result: 90.00 103.47 -72.32 0.00 85.79 0.00
[11:09:45.516] [ARM-RX] [111] <0.00 -60.00 -1.50> result: 90.00 103.47 -72.32 0.00 85.79 0.00
[11:09:45.516] [ARM-RX] [112] <0.00 -60.00 -1.50
[11:09:45.550] [ARM-RX] > result: 90.00 103.47 -72.32 0.00 85.79 0.00
[11:09:45.550] [ARM-RX] [113] <0.00 -60.00 -1.50> result: 90.00 103.47 -72.32 0.00 85.79 0.00
[11:09:45.550] [ARM-RX] [114] <0.00 -60.00 -1.50> result: 90.00 103.47 -72.32 0.00 85.79 0.00
[11:09:45.550] [ARM-RX] [115] <0.00 -60.00 -1.50> result: 90.00 103.47 -72.32 0.00 85.79 0.
[11:09:45.571] [ARM-RX] 00
[11:09:45.571] [ARM-RX] [116] <0.00 -60.00 -1.50> result: 90.00 103.47 -72.32 0.00 85.79 0.00
[11:09:45.571] [ARM-RX] [117] <0.00 -60.00 -1.50> result: 90.00 103.47 -72.32 0.00 85.79 0.00
[11:09:45.571] [ARM-RX] [118] <0.00 -60.00 -1.50> result: 90.00 103.47 -72.32 0.00 85.79 0.00
[11:09:45.572] [ARM-RX] [119] <0.00 -60.00 -1.50> result: 90.00
[11:09:45.595] [ARM-RX] 103.47 -72.32 0.00 85.79 0.00
[11:09:45.596] [ARM-RX] [120] <0.00 -60.00 -1.50> result: 90.00 103.47 -72.32 0.00 85.79 0.00
[11:09:45.596] [ARM-RX] [121] <0.00 -60.00 -1.50> result: 90.00 103.47 -72.32 0.00 85.79 0.00
[11:09:45.596] [ARM-RX] [122] <0.00 -60.00 -1.50> result: 90.00 103.47 -72.32 0.00 85.79 0.00
[11:09:45.596] [ARM-RX] [123] <0.00
[11:09:45.617] [ARM-RX] -60.00 -1.50> result: 90.00 103.47 -72.32 0.00 85.79 0.00
[11:09:45.617] [ARM-RX] [124] <0.00 -60.00 -1.50> result: 90.00 103.47 -72.32 0.00 85.79 0.00
[11:09:45.617] [ARM-RX] [125] <0.00 -60.00 -1.50> result: 90.00 103.47 -72.32 0.00 85.79 0.00
[11:09:45.617] [ARM-RX] [126] <0.00 -60.00 -1.50> result: 90.00 103.47 -72.32
[11:09:45.640] [ARM-RX] 0.00 85.79 0.00
[11:09:45.641] [ARM-RX] [127] <0.00 -60.00 -1.50> result: 90.00 103.47 -72.32 0.00 85.79 0.00
[11:09:45.641] [ARM-RX] [128] <0.00 -60.00 -1.50> result: 90.00 103.47 -72.32 0.00 85.79 0.00
[11:09:45.641] [ARM-RX] [129] <0.00 -60.00 -1.50> result: 90.00 103.47 -72.32 0.00 85.79 0.00
[11:09:45.641] [ARM-RX] [130] <0.00 -60.00 -1.50>
[11:09:45.663] [ARM-RX] result: 90.00 103.47 -72.32 0.00 85.79 0.00
[11:09:45.663] [ARM-RX] [131] <0.00 -60.00 -1.50> result: 90.00 103.47 -72.32 0.00 85.79 0.00
[11:09:45.664] [ARM-RX] [132] <0.00 -60.00 -1.50> result: 90.00 103.47 -72.32 0.00 85.79 0.00
[11:09:45.664] [ARM-RX] [133] <0.00 -60.00 -1.50> result: 90.00 103.47 -72.32 0.00 85.79 0.00
[11:09:45.686] [ARM-RX] [134] <0.00 -60.00 -1.50> result: 90.00 103.47 -72.32 0.00 85.79 0.00
[11:09:45.686] [ARM-RX] [135] <0.00 -60.00 -1.50> result: 90.00 103.47 -72.32 0.00 85.79 0.00
[11:09:45.686] [ARM-RX] [136] <0.00 -60.00 -1.50> result: 90.00 103.47 -72.32 0.00 85.79 0.00
[11:09:45.686] [ARM-RX] [137] <0.00 -60.00 -1.50> result: 90.00 1
[11:09:45.720] [ARM-RX] 03.47 -72.32 0.00 85.79 0.00
[11:09:45.721] [ARM-RX] [138] <0.00 -60.00 -1.50> result: 90.00 103.47 -72.32 0.00 85.79 0.00
[11:09:45.721] [ARM-RX] [139] <0.00 -60.00 -1.50> result: 90.00 103.47 -72.32 0.00 85.79 0.00
[11:09:45.721] [ARM-RX] [140] <0.00 -60.00 -1.50> result: 90.00 103.47 -72.32 0.00 85.79 0.00
[11:09:45.722] [ARM-RX] [141] <0.00 -
[11:09:45.744] [ARM-RX] 60.00 -1.50> result: 90.00 103.47 -72.32 0.00 85.79 0.00
[11:09:45.744] [ARM-RX] [142] <0.00 -60.00 -1.50> result: 90.00 103.47 -72.32 0.00 85.79 0.00
[11:09:45.745] [ARM-RX] [143] <0.00 -60.00 -1.50> result: 90.00 103.47 -72.32 0.00 85.79 0.00
[11:09:45.745] [ARM-RX] [144] <0.00 -60.00 -1.50> result: 90.00 103.47 -72.32 0.
[11:09:45.766] [ARM-RX] 00 85.79 0.00
[11:09:45.770] [ARM-RX] [145] <0.00 -60.00 -1.50> result: 90.00 103.47 -72.32 0.00 85.79 0.00
[11:09:45.770] [ARM-RX] [146] <0.00 -60.00 -1.50> result: 90.00 103.47 -72.32 0.00 85.79 0.00
[11:09:45.770] [ARM-RX] [147] <0.00 -60.00 -1.50> result: 90.00 103.47 -72.32 0.00 85.79 0.00
[11:09:45.770] [ARM-RX] [148] <0.00 -60.00 -1.50> re
[11:09:45.789] [ARM-RX] sult: 90.00 103.47 -72.32 0.00 85.79 0.00
[11:09:45.789] [ARM-RX] [149] <0.00 -60.00 -1.50> result: 90.00 103.47 -72.32 0.00 85.79 0.00
[11:09:45.789] [ARM-RX] [150] <0.00 -60.00 -1.50> result: 90.00 103.47 -72.32 0.00 85.79 0.00
[11:09:45.789] [ARM-RX] [151] <0.00 -60.00 -1.50> result: 90.00 103.47 -72.32 0.00 85.79 0.00
[11:09:45.815] [ARM-RX] [152] <0.00 -60.00 -1.50> result: 90.00 103.47 -72.32 0.00 85.79 0.00
[11:09:45.815] [ARM-RX] [153] <0.00 -60.00 -1.50> result: 90.00 103.47 -72.32 0.00 85.79 0.00
[11:09:45.815] [ARM-RX] [154] <0.00 -60.00 -1.50> result: 90.00 103.47 -72.32 0.00 85.79 0.00
[11:09:45.815] [ARM-RX] [155] <0.00 -60.00 -1.50> result: 90.00 103
[11:09:45.834] [ARM-RX] .47 -72.32 0.00 85.79 0.00
[11:09:45.836] [ARM-RX] [156] <0.00 -60.00 -1.50> result: 90.00 103.47 -72.32 0.00 85.79 0.00
[11:09:45.836] [ARM-RX] [157] <0.00 -60.00 -1.50> result: 90.00 103.47 -72.32 0.00 85.79 0.00
[11:09:45.836] [ARM-RX] [158] <0.00 -60.00 -1.50> result: 90.00 103.47 -72.32 0.00 85.79 0.00
[11:09:45.836] [ARM-RX] [159] <0.00 -60
[11:09:45.857] [ARM-RX] .00 -1.50> result: 90.00 103.47 -72.32 0.00 85.79 0.00
[11:09:45.859] [ARM-RX] [160] <0.00 -60.00 -1.50> result: 90.00 103.47 -72.32 0.00 85.79 0.00
[11:09:45.859] [ARM-RX] [161] <0.00 -60.00 -1.50> result: 90.00 103.47 -72.32 0.00 85.79 0.00
[11:09:45.864] [ARM-RX] [162] <0.00 -60.00 -1.50> result: 90.00 103.47 -72.32 0.00
[11:09:45.881] [ARM-RX] 85.79 0.00
[11:09:45.881] [ARM-RX] [163] <0.00 -60.00 -1.50> result: 90.00 103.47 -72.32 0.00 85.79 0.00
[11:09:45.881] [ARM-RX] [164] <0.00 -60.00 -1.50> result: 90.00 103.47 -72.32 0.00 85.79 0.00
[11:09:45.881] [ARM-RX] [165] <0.00 -60.00 -1.50> result: 90.00 103.47 -72.32 0.00 85.79 0.00
[11:09:45.881] [ARM-RX] [166] <0.00 -60.00 -1.50> resu
[11:09:45.915] [ARM-RX] lt: 90.00 103.47 -72.32 0.00 85.79 0.00
[11:09:45.916] [ARM-RX] [167] <0.00 -60.00 -1.50> result: 90.00 103.47 -72.32 0.00 85.79 0.00
[11:09:45.916] [ARM-RX] [168] <0.00 -60.00 -1.50> result: 90.00 103.47 -72.32 0.00 85.79 0.00
[11:09:45.916] [ARM-RX] [169] <0.00 -60.00 -1.50> result: 90.00 103.47 -72.32 0.00 85.79 0.00
[11:09:45.916] [ARM-RX] [1
[11:09:45.938] [ARM-RX] 70] <0.00 -60.00 -1.50> result: 90.00 103.47 -72.32 0.00 85.79 0.00
[11:09:45.938] [ARM-RX] [171] <0.00 -60.00 -1.50> result: 90.00 103.47 -72.32 0.00 85.79 0.00
[11:09:45.938] [ARM-RX] [172] <0.00 -60.00 -1.50> result: 90.00 103.47 -72.32 0.00 85.79 0.00
[11:09:45.938] [ARM-RX] [173] <0.00 -60.00 -1.50> result: 90.00 103.4
[11:09:45.995] [ARM-RX] 7 -72.32 0.00 85.79 0.00
[11:09:45.995] [ARM-RX] [174] <0.00 -60.00 -1.50> result: 90.00 103.47 -72.32 0.00 85.79 0.00
[11:09:45.995] [ARM-RX] [175] <0.00 -60.00 -1.50> result: 90.00 103.47 -72.32 0.00 85.79 0.00
[11:09:45.996] [ARM-RX] [176] <0.00 -60.00 -1.50> result: 90.00 103.47 -72.32 0.00 85.79 0.00
[11:09:47.803] [ARM-RX] batch angle read timeout/missing mask=0x08 elapsed=9 ms
[11:09:47.865] [ARM-RX] [jpint 1] ave_error:0.00
[11:09:47.865] [ARM-RX] [jpint 2] ave_error:4.01
[11:09:47.865] [ARM-RX] [jpint 3] ave_error:5.65
[11:09:47.865] [ARM-RX] [jpint 4] ave_error:0.00
[11:09:47.865] [ARM-RX] [jpint 5] ave_error:4.16
[11:09:47.865] [ARM-RX] robot pid run finished!!
[11:09:48.740] [ARM-RX] AUTO final confirm failed: joint 2 err=15.62deg tol=3.00, pose invalid.
[11:09:48.986] [JETSON-TX] TARGET_CTRL_STOP: AA 01 00 BB
[11:09:49.051] [JETSON-RX] CC 04 00 DD
[11:09:49.051] [ARM-RX] [JETSON_RX] target_ctrl=0
[11:09:49.051] [JETSON-STATUS] TARGET_CTRL_OFF: CC 04 00 DD
[11:09:53.017] [JETSON-TX] TARGET_CTRL_STOP: AA 01 00 BB
[11:09:53.095] [JETSON-RX] CC 04 00 DD
[11:09:53.095] [JETSON-STATUS] TARGET_CTRL_OFF: CC 04 00 DD
[11:09:53.111] [ARM-RX] [JETSON_RX] target_ctrl=0
[11:09:56.248] [ARM-TX] 发送命令 soft_reset: soft_reset
[11:09:56.295] [ARM-RX] Found handler for 'soft_reset', executing...
[11:09:56.295] [ARM-RX] ROBOT_SOFT_RESET_EVENT
[11:09:56.295] [ARM-RX] --- Starting soft reset ---
[11:09:56.482] [ARM-RX] Soft reset motors enabled (J1~J5, J6 skipped).
[11:09:56.482] [ARM-RX] Soft resetting joint 4...
[11:09:56.545] [ARM-RX] robot_update_current_angle 4...
[11:09:56.545] [ARM-RX] [4] current:89.37, target:90.00, dir:1
[11:09:56.671] [ARM-RX] Soft resetting joint 3...
[11:09:56.671] [ARM-RX] robot_update_current_angle 3...
[11:09:56.671] [ARM-RX] [3] current:-0.00, target:0.00, dir:1
[11:09:56.795] [ARM-RX] Soft resetting joint 1...
[11:09:56.795] [ARM-RX] robot_update_current_angle 1...
[11:09:56.795] [ARM-RX] [1] current:113.40, target:90.00, dir:-1
[11:09:58.667] [ARM-RX] soft reset joint 1 settle timeout, keep going
[11:09:58.667] [ARM-RX] Soft resetting joint 2...
[11:09:58.667] [ARM-RX] robot_update_current_angle 2...
[11:09:58.668] [ARM-RX] [2] current:-56.71, target:-90.00, dir:-1
[11:10:00.656] [ARM-RX] soft reset joint 2 settle timeout, keep going
[11:10:00.656] [ARM-RX] Soft resetting joint 0...
[11:10:00.656] [ARM-RX] robot_update_current_angle 0...
[11:10:00.656] [ARM-RX] [0] current:90.00, target:90.00, dir:1
[11:10:00.782] [ARM-RX] soft reset verify not pass, start refine loop...
[11:10:00.906] [ARM-RX] soft reset refine joint 2 round 1: cur=-86.33 target=-90.00 err=3.67 dir=-1
[11:10:01.779] [ARM-RX] soft reset refine pass 1 success.
[11:10:01.779] [ARM-RX] soft reset final verify PASS (issues:2), pose set HOME.
[11:21:13.940] [JETSON-INFO] 已停止周期视觉发送
